gene_name	chr	mch_hyper	ov_k27ac_gained
0610040J01Rik	chr5	FALSE	FALSE
1110002E22Rik	chr3	TRUE	FALSE
1110051M20Rik	chr2	FALSE	TRUE
1110059E24Rik	chr19	FALSE	FALSE
1190005I06Rik	chr8	FALSE	FALSE
1300017J02Rik	chr9	FALSE	FALSE
1700006A11Rik	chr3	FALSE	FALSE
1700010I14Rik	chr17	FALSE	FALSE
1700011L22Rik	chr8	TRUE	FALSE
1700012B07Rik	chr11	FALSE	FALSE
1700012B09Rik	chr9	FALSE	FALSE
1700016C15Rik	chr1	FALSE	FALSE
1700017N19Rik	chr10	TRUE	FALSE
1700019D03Rik	chr1	TRUE	FALSE
1700020N01Rik	chr10	FALSE	FALSE
1700024B05Rik	chr14	FALSE	FALSE
1700028P14Rik	chr19	TRUE	FALSE
1700066B19Rik	chr18	FALSE	FALSE
1700069L16Rik	chr5	FALSE	FALSE
1700102P08Rik	chr9	FALSE	FALSE
1810013L24Rik	chr16	FALSE	TRUE
1810024B03Rik	chr2	FALSE	FALSE
1810046K07Rik	chr9	FALSE	FALSE
2010109A12Rik	chr5	TRUE	FALSE
2010300C02Rik	chr1	FALSE	FALSE
2210408I21Rik	chr13	FALSE	FALSE
2310057N15Rik	chr16	FALSE	FALSE
2410131K14Rik	chr5	FALSE	FALSE
2610001J05Rik	chr6	TRUE	FALSE
2700049A03Rik	chr12	FALSE	FALSE
2900026A02Rik	chr5	FALSE	FALSE
2900092C05Rik	chr7	FALSE	FALSE
3110009E18Rik	chr1	FALSE	FALSE
3110021N24Rik	chr4	FALSE	FALSE
3110082I17Rik	chr5	FALSE	FALSE
3830406C13Rik	chr14	FALSE	FALSE
4430402I18Rik	chr19	FALSE	FALSE
4921524L21Rik	chr18	FALSE	FALSE
4930402H24Rik	chr2	FALSE	TRUE
4930402K13Rik	chrX	FALSE	FALSE
4930430F08Rik	chr10	FALSE	FALSE
4930444P10Rik	chr1	FALSE	FALSE
4930447A16Rik	chr15	TRUE	FALSE
4930447C04Rik	chr12	FALSE	FALSE
4930470P17Rik	chr2	FALSE	FALSE
4930505A04Rik	chr11	TRUE	FALSE
4930523C07Rik	chr1	TRUE	FALSE
4930563M21Rik	chr9	FALSE	FALSE
4930564D02Rik	chr3	FALSE	FALSE
4930568D16Rik	chr2	FALSE	FALSE
4931406P16Rik	chr7	FALSE	FALSE
4931428F04Rik	chr8	TRUE	FALSE
4931428L18Rik	chr1	TRUE	FALSE
4931429L15Rik	chr9	FALSE	FALSE
4932414N04Rik	chr2	FALSE	FALSE
4932438H23Rik	chr16	FALSE	FALSE
4933417A18Rik	chr13	FALSE	FALSE
4933424G06Rik	chr1	FALSE	FALSE
4933427D14Rik	chr11	FALSE	FALSE
4933428G20Rik	chr11	FALSE	FALSE
5031439G07Rik	chr15	FALSE	TRUE
5330417C22Rik	chr3	FALSE	FALSE
5730480H06Rik	chr5	FALSE	FALSE
5730522E02Rik	chr11	FALSE	FALSE
6330411D24Rik	chr4	TRUE	FALSE
6430548M08Rik	chr8	FALSE	TRUE
6430550D23Rik	chr2	FALSE	FALSE
7420426K07Rik	chr9	FALSE	FALSE
7530416G11Rik	chr15	FALSE	FALSE
8030462N17Rik	chr18	FALSE	FALSE
9130401M01Rik	chr15	TRUE	FALSE
9330182L06Rik	chr5	FALSE	FALSE
9430038I01Rik	chr7	FALSE	TRUE
9530053A07Rik	chr7	FALSE	FALSE
9930021J03Rik	chr19	FALSE	FALSE
A330070K13Rik	chr5	TRUE	FALSE
A430005L14Rik	chr4	FALSE	FALSE
A4galt	chr15	FALSE	FALSE
A630001G21Rik	chr1	FALSE	FALSE
A630010A05Rik	chr16	FALSE	FALSE
A630023A22Rik	chr14	FALSE	FALSE
A830018L16Rik	chr1	FALSE	TRUE
A830031A19Rik	chr11	FALSE	FALSE
A930004D18Rik	chr2	TRUE	FALSE
A930009A15Rik	chr10	TRUE	FALSE
AC147806.2	chr1	FALSE	FALSE
AI182371	chr2	FALSE	FALSE
AI661453	chr17	FALSE	FALSE
AL646049.1	chrX	FALSE	FALSE
AW554918	chr18	FALSE	FALSE
Aak1	chr6	FALSE	TRUE
Aamdc	chr7	FALSE	FALSE
Aar2	chr2	FALSE	TRUE
Aass	chr6	FALSE	FALSE
Aatf	chr11	FALSE	FALSE
Abat	chr16	FALSE	FALSE
Abca13	chr11	TRUE	FALSE
Abca16	chr7	FALSE	FALSE
Abca8a	chr11	FALSE	FALSE
Abca9	chr11	FALSE	FALSE
Abcb11	chr2	FALSE	FALSE
Abcb1b	chr5	FALSE	FALSE
Abcb4	chr5	FALSE	FALSE
Abcb5	chr12	FALSE	FALSE
Abcb7	chrX	FALSE	FALSE
Abcb9	chr5	FALSE	FALSE
Abcc12	chr8	TRUE	FALSE
Abcc4	chr14	FALSE	TRUE
Abcc5	chr16	FALSE	FALSE
Abcc6	chr7	FALSE	FALSE
Abcc8	chr7	FALSE	TRUE
Abcd2	chr15	FALSE	FALSE
Abcd3	chr3	FALSE	FALSE
Abcf1	chr17	FALSE	FALSE
Abcg1	chr17	FALSE	TRUE
Abcg2	chr6	FALSE	FALSE
Abcg3	chr5	FALSE	FALSE
Abcg8	chr17	FALSE	FALSE
Abhd12	chr2	FALSE	TRUE
Abhd15	chr11	FALSE	FALSE
Abhd17c	chr7	FALSE	FALSE
Abhd2	chr7	FALSE	FALSE
Abhd3	chr18	FALSE	FALSE
Abhd6	chr14	FALSE	FALSE
Abi1	chr2	FALSE	TRUE
Abi3	chr11	FALSE	FALSE
Abi3bp	chr16	FALSE	FALSE
Abl1	chr2	FALSE	TRUE
Abl2	chr1	FALSE	FALSE
Ablim1	chr19	FALSE	TRUE
Ablim2	chr5	FALSE	FALSE
Ablim3	chr18	FALSE	TRUE
Abr	chr11	FALSE	FALSE
Abtb2	chr2	TRUE	FALSE
Acaca	chr11	FALSE	FALSE
Acacb	chr5	FALSE	FALSE
Acad10	chr5	FALSE	FALSE
Acad11	chr9	FALSE	FALSE
Acad9	chr3	FALSE	FALSE
Acan	chr7	FALSE	FALSE
Acap2	chr16	FALSE	FALSE
Acat1	chr9	FALSE	FALSE
Acbd6	chr1	FALSE	FALSE
Ace	chr11	FALSE	FALSE
Ace2	chrX	TRUE	FALSE
Acer2	chr4	FALSE	FALSE
Acer3	chr7	FALSE	FALSE
Ackr1	chr1	FALSE	TRUE
Acly	chr11	FALSE	FALSE
Acnat1	chr4	FALSE	FALSE
Aco2	chr15	FALSE	FALSE
Acot3	chr12	FALSE	FALSE
Acot7	chr4	FALSE	FALSE
Acox1	chr11	FALSE	FALSE
Acox3	chr5	FALSE	FALSE
Acoxl	chr2	FALSE	FALSE
Acsf2	chr11	FALSE	FALSE
Acsf3	chr8	FALSE	FALSE
Acsl3	chr1	FALSE	FALSE
Acsl6	chr11	FALSE	TRUE
Acss2	chr2	FALSE	FALSE
Acss3	chr10	FALSE	FALSE
Actg2	chr6	TRUE	FALSE
Actl6b	chr5	FALSE	FALSE
Actn1	chr12	FALSE	TRUE
Actn4	chr7	FALSE	TRUE
Actr2	chr11	FALSE	FALSE
Actr3b	chr5	FALSE	FALSE
Acvr1	chr2	FALSE	FALSE
Acvr1b	chr15	FALSE	TRUE
Acvr2a	chr2	FALSE	FALSE
Ada	chr2	FALSE	FALSE
Adad1	chr3	FALSE	FALSE
Adam10	chr9	FALSE	FALSE
Adam12	chr7	TRUE	FALSE
Adam17	chr12	FALSE	FALSE
Adam18	chr8	FALSE	FALSE
Adam22	chr5	FALSE	TRUE
Adam23	chr1	FALSE	FALSE
Adam28	chr14	FALSE	FALSE
Adam32	chr8	FALSE	FALSE
Adam7	chr14	FALSE	FALSE
Adamts12	chr15	FALSE	FALSE
Adamts14	chr10	FALSE	FALSE
Adamts16	chr13	TRUE	TRUE
Adamts17	chr7	FALSE	FALSE
Adamts18	chr8	TRUE	FALSE
Adamts2	chr11	FALSE	FALSE
Adamts3	chr5	FALSE	FALSE
Adamts9	chr6	FALSE	FALSE
Adamtsl1	chr4	FALSE	FALSE
Adamtsl3	chr7	FALSE	FALSE
Adamtsl5	chr10	FALSE	FALSE
Adarb1	chr10	FALSE	TRUE
Adarb2	chr13	FALSE	FALSE
Adck1	chr12	FALSE	FALSE
Adck2	chr6	FALSE	FALSE
Adcy1	chr11	FALSE	TRUE
Adcy10	chr1	FALSE	FALSE
Adcy2	chr13	FALSE	FALSE
Adcy3	chr12	FALSE	FALSE
Adcy4	chr14	FALSE	FALSE
Adcy5	chr16	FALSE	FALSE
Adcy6	chr15	FALSE	TRUE
Adcy7	chr8	FALSE	FALSE
Adcy9	chr16	FALSE	FALSE
Adcyap1r1	chr6	FALSE	FALSE
Add1	chr5	FALSE	TRUE
Add2	chr6	FALSE	TRUE
Adgra1	chr7	FALSE	TRUE
Adgra2	chr8	FALSE	FALSE
Adgra3	chr5	FALSE	FALSE
Adgrb1	chr15	FALSE	TRUE
Adgrb2	chr4	FALSE	FALSE
Adgrb3	chr1	FALSE	TRUE
Adgrd1	chr5	FALSE	FALSE
Adgre1	chr17	FALSE	FALSE
Adgre4	chr17	FALSE	FALSE
Adgrf1	chr17	FALSE	FALSE
Adgrf4	chr17	FALSE	FALSE
Adgrg4	chrX	FALSE	FALSE
Adgrg7	chr16	FALSE	FALSE
Adgrl2	chr3	FALSE	TRUE
Adgrv1	chr13	FALSE	FALSE
Adk	chr14	FALSE	FALSE
Adnp	chr2	FALSE	TRUE
Adora1	chr1	FALSE	TRUE
Adora2b	chr11	FALSE	FALSE
Adora3	chr3	FALSE	FALSE
Adra1b	chr11	FALSE	FALSE
Adra1d	chr2	FALSE	FALSE
Adssl1	chr12	FALSE	TRUE
Aebp2	chr6	FALSE	FALSE
Aen	chr7	FALSE	FALSE
Afap1	chr5	FALSE	TRUE
Afdn	chr17	FALSE	FALSE
Aff2	chrX	TRUE	FALSE
Aff3	chr1	FALSE	TRUE
Afg1l	chr10	FALSE	FALSE
Afg3l1	chr8	FALSE	FALSE
Afg3l2	chr18	FALSE	FALSE
Afmid	chr11	FALSE	FALSE
Aftph	chr11	FALSE	FALSE
Agap1	chr1	FALSE	TRUE
Agap2	chr10	FALSE	FALSE
Agap3	chr5	FALSE	TRUE
Agbl1	chr7	TRUE	FALSE
Agbl2	chr2	TRUE	TRUE
Agbl4	chr4	FALSE	FALSE
Ago1	chr4	FALSE	FALSE
Ago2	chr15	FALSE	FALSE
Agpat3	chr10	FALSE	TRUE
Agpat4	chr17	FALSE	FALSE
Agps	chr2	FALSE	FALSE
Agrp	chr8	FALSE	TRUE
Agt	chr8	FALSE	FALSE
Agtpbp1	chr13	FALSE	TRUE
Ahcyl2	chr6	FALSE	FALSE
Ahdc1	chr4	FALSE	TRUE
Ahr	chr12	FALSE	FALSE
Aif1l	chr2	FALSE	FALSE
Aim2	chr1	TRUE	TRUE
Ajuba	chr14	FALSE	FALSE
Ak1	chr2	FALSE	FALSE
Ak5	chr3	FALSE	FALSE
Ak9	chr10	FALSE	FALSE
Akap10	chr11	FALSE	FALSE
Akap12	chr10	FALSE	FALSE
Akap6	chr12	FALSE	TRUE
Akap9	chr5	FALSE	FALSE
Akip1	chr7	TRUE	FALSE
Aknad1	chr3	FALSE	FALSE
Akr1d1	chr6	TRUE	FALSE
Akt3	chr1	FALSE	TRUE
Aktip	chr8	FALSE	FALSE
Albfm1	chr5	FALSE	FALSE
Aldh1l1	chr6	FALSE	FALSE
Aldh1l2	chr10	FALSE	FALSE
Aldh2	chr5	FALSE	FALSE
Aldh3b3	chr19	FALSE	FALSE
Aldh4a1	chr4	FALSE	FALSE
Aldh5a1	chr13	FALSE	FALSE
Alg8	chr7	TRUE	FALSE
Alg9	chr9	FALSE	FALSE
Alk	chr17	FALSE	TRUE
Alkbh6	chr7	FALSE	FALSE
Alms1	chr6	FALSE	FALSE
Alox12	chr11	FALSE	FALSE
Alox5	chr6	FALSE	FALSE
Alpk1	chr3	FALSE	FALSE
Alpk2	chr18	FALSE	FALSE
Alpl	chr4	FALSE	FALSE
Als2	chr1	FALSE	TRUE
Alx1	chr10	FALSE	FALSE
Alx3	chr3	FALSE	FALSE
Alx4	chr2	FALSE	FALSE
Ambra1	chr2	FALSE	TRUE
Amer2	chr14	TRUE	FALSE
Ammecr1	chrX	FALSE	TRUE
Amotl1	chr9	FALSE	TRUE
Amph	chr13	FALSE	TRUE
Anapc1	chr2	FALSE	FALSE
Anapc15	chr7	FALSE	FALSE
Anapc4	chr5	FALSE	FALSE
Anapc5	chr5	FALSE	FALSE
Angel1	chr12	TRUE	FALSE
Angpt1	chr15	FALSE	FALSE
Angpt4	chr2	FALSE	FALSE
Angptl2	chr2	FALSE	TRUE
Ank	chr15	FALSE	TRUE
Ank1	chr8	FALSE	TRUE
Ank2	chr3	FALSE	TRUE
Ankar	chr1	FALSE	FALSE
Ankdd1b	chr13	FALSE	FALSE
Ankef1	chr2	TRUE	FALSE
Ankfn1	chr11	FALSE	FALSE
Ankfy1	chr11	FALSE	FALSE
Ankhd1	chr18	FALSE	FALSE
Ankib1	chr5	FALSE	FALSE
Ankmy1	chr1	FALSE	FALSE
Ankrd10	chr8	FALSE	TRUE
Ankrd11	chr8	FALSE	TRUE
Ankrd12	chr17	FALSE	FALSE
Ankrd13a	chr5	FALSE	TRUE
Ankrd26	chr6	FALSE	FALSE
Ankrd27	chr7	FALSE	FALSE
Ankrd34b	chr13	FALSE	FALSE
Ankrd35	chr3	FALSE	FALSE
Ankrd36	chr11	FALSE	FALSE
Ankrd44	chr1	FALSE	FALSE
Ankrd50	chr3	TRUE	FALSE
Ankrd55	chr13	FALSE	FALSE
Ankrd6	chr4	FALSE	FALSE
Ankrd63	chr2	FALSE	FALSE
Anks1	chr17	FALSE	TRUE
Anks1b	chr10	FALSE	TRUE
Anks4b	chr7	TRUE	FALSE
Anks6	chr4	FALSE	FALSE
Ankub1	chr3	FALSE	FALSE
Ano10	chr9	FALSE	FALSE
Ano3	chr2	TRUE	FALSE
Ano4	chr10	FALSE	FALSE
Ano5	chr7	FALSE	FALSE
Ano6	chr15	FALSE	FALSE
Ano7	chr1	FALSE	FALSE
Ano9	chr7	FALSE	FALSE
Anpep	chr7	FALSE	FALSE
Antxr1	chr6	FALSE	FALSE
Antxr2	chr5	TRUE	FALSE
Anxa2	chr9	FALSE	FALSE
Anxa6	chr11	FALSE	FALSE
Anxa8	chr14	FALSE	FALSE
Aopep	chr13	FALSE	TRUE
Aox1	chr1	TRUE	FALSE
Aox2	chr1	FALSE	FALSE
Aox4	chr1	TRUE	FALSE
Ap1b1	chr11	FALSE	TRUE
Ap1g1	chr8	FALSE	TRUE
Ap1s3	chr1	FALSE	FALSE
Ap2b1	chr11	FALSE	FALSE
Ap3b1	chr13	FALSE	FALSE
Ap3b2	chr7	FALSE	FALSE
Ap3s1	chr18	FALSE	FALSE
Ap3s2	chr7	FALSE	FALSE
Ap4e1	chr2	FALSE	FALSE
Ap4m1	chr5	FALSE	FALSE
Ap5m1	chr14	FALSE	FALSE
Apba1	chr19	FALSE	FALSE
Apba2	chr7	FALSE	TRUE
Apbb2	chr5	FALSE	FALSE
Apc	chr18	FALSE	TRUE
Apcs	chr1	TRUE	FALSE
Apip	chr2	FALSE	FALSE
Aplp2	chr9	FALSE	TRUE
Apmap	chr2	FALSE	FALSE
Apobec1	chr6	FALSE	FALSE
Apobec3	chr15	FALSE	FALSE
Apoh	chr11	FALSE	FALSE
Apol11b	chr15	FALSE	FALSE
Apol7b	chr15	FALSE	FALSE
Apol7e	chr15	FALSE	FALSE
App	chr16	FALSE	TRUE
Aqp6	chr15	TRUE	FALSE
Aqp7	chr4	FALSE	FALSE
Aqr	chr2	FALSE	FALSE
Araf	chrX	FALSE	FALSE
Arap1	chr7	FALSE	FALSE
Arap2	chr5	TRUE	FALSE
Arel1	chr12	FALSE	FALSE
Arf2	chr11	FALSE	FALSE
Arfgap1	chr2	FALSE	FALSE
Arfgap3	chr15	FALSE	FALSE
Arfgef2	chr2	FALSE	FALSE
Arfgef3	chr10	FALSE	FALSE
Arfip1	chr3	FALSE	FALSE
Arglu1	chr8	FALSE	FALSE
Arhgap1	chr2	FALSE	FALSE
Arhgap10	chr8	FALSE	TRUE
Arhgap12	chr18	FALSE	FALSE
Arhgap18	chr10	FALSE	FALSE
Arhgap20	chr9	FALSE	TRUE
Arhgap21	chr2	FALSE	TRUE
Arhgap23	chr11	FALSE	FALSE
Arhgap24	chr5	FALSE	FALSE
Arhgap25	chr6	FALSE	FALSE
Arhgap26	chr18	TRUE	FALSE
Arhgap27	chr11	FALSE	TRUE
Arhgap31	chr16	FALSE	FALSE
Arhgap33	chr7	FALSE	FALSE
Arhgap33os	chr7	FALSE	FALSE
Arhgap35	chr7	FALSE	TRUE
Arhgap39	chr15	FALSE	FALSE
Arhgap42	chr9	FALSE	FALSE
Arhgap44	chr11	FALSE	TRUE
Arhgap5	chr12	FALSE	FALSE
Arhgap8	chr15	FALSE	FALSE
Arhgef10l	chr4	FALSE	TRUE
Arhgef11	chr3	FALSE	FALSE
Arhgef12	chr9	FALSE	TRUE
Arhgef17	chr7	FALSE	TRUE
Arhgef18	chr8	FALSE	FALSE
Arhgef19	chr4	FALSE	FALSE
Arhgef26	chr3	FALSE	FALSE
Arhgef3	chr14	TRUE	TRUE
Arhgef33	chr17	FALSE	FALSE
Arhgef37	chr18	TRUE	FALSE
Arhgef38	chr3	TRUE	FALSE
Arhgef4	chr1	FALSE	TRUE
Arhgef40	chr14	FALSE	TRUE
Arhgef6	chrX	FALSE	FALSE
Arhgef7	chr8	FALSE	TRUE
Arid1a	chr4	FALSE	TRUE
Arid1b	chr17	FALSE	TRUE
Arid2	chr15	FALSE	TRUE
Arid3a	chr10	FALSE	FALSE
Arid4a	chr12	FALSE	FALSE
Arid4b	chr13	FALSE	FALSE
Arid5b	chr10	FALSE	FALSE
Arih1	chr9	FALSE	FALSE
Arl13a	chrX	FALSE	FALSE
Arl13b	chr16	FALSE	FALSE
Arl15	chr13	FALSE	FALSE
Arl2bp	chr8	FALSE	FALSE
Arl4a	chr12	FALSE	FALSE
Arl5a	chr2	FALSE	TRUE
Armc2	chr10	TRUE	FALSE
Armc6	chr8	FALSE	FALSE
Armc7	chr11	TRUE	FALSE
Armc8	chr9	FALSE	FALSE
Armh3	chr19	FALSE	FALSE
Armh4	chr14	TRUE	FALSE
Arnt2	chr7	FALSE	FALSE
Arpc4	chr6	FALSE	FALSE
Arpp21	chr9	FALSE	TRUE
Arrb1	chr7	FALSE	FALSE
Arrdc4	chr7	TRUE	FALSE
Arsg	chr11	TRUE	FALSE
Arsj	chr3	FALSE	FALSE
Arvcf	chr16	FALSE	FALSE
As3mt	chr19	FALSE	FALSE
Asah2	chr19	FALSE	FALSE
Asap1	chr15	FALSE	FALSE
Asap3	chr4	FALSE	FALSE
Asb14	chr14	FALSE	FALSE
Asb15	chr6	TRUE	FALSE
Asb18	chr1	FALSE	FALSE
Asb3	chr11	FALSE	FALSE
Asb6	chr2	FALSE	FALSE
Asb7	chr7	FALSE	FALSE
Ascc1	chr10	FALSE	FALSE
Ascc2	chr11	FALSE	FALSE
Ascc3	chr10	FALSE	FALSE
Ash1l	chr3	FALSE	TRUE
Asic2	chr11	FALSE	TRUE
Asic4	chr1	FALSE	FALSE
Asphd2	chr5	FALSE	FALSE
Aspscr1	chr11	FALSE	FALSE
Ass1	chr2	FALSE	FALSE
Astn2	chr4	FALSE	TRUE
Asxl1	chr2	FALSE	FALSE
Asxl2	chr12	FALSE	FALSE
Atad2b	chr12	FALSE	FALSE
Ate1	chr7	FALSE	TRUE
Atf1	chr15	FALSE	TRUE
Atf2	chr2	FALSE	FALSE
Atf3	chr1	FALSE	TRUE
Atf7	chr15	FALSE	TRUE
Atf7ip2	chr16	FALSE	FALSE
Atg13	chr2	FALSE	FALSE
Atg2b	chr12	FALSE	FALSE
Atg4b	chr1	FALSE	FALSE
Atg4c	chr4	FALSE	FALSE
Atg4d	chr9	FALSE	FALSE
Atg7	chr6	FALSE	FALSE
Atg9b	chr5	FALSE	FALSE
Atl2	chr17	FALSE	FALSE
Atl3	chr19	FALSE	FALSE
Atm	chr9	FALSE	FALSE
Atoh8	chr6	TRUE	FALSE
Atp11a	chr8	FALSE	TRUE
Atp11b	chr3	FALSE	FALSE
Atp11c	chrX	FALSE	TRUE
Atp13a3	chr16	FALSE	FALSE
Atp13a5	chr16	FALSE	FALSE
Atp1a1	chr3	FALSE	TRUE
Atp1a4	chr1	TRUE	FALSE
Atp2a2	chr5	FALSE	FALSE
Atp2b1	chr10	FALSE	TRUE
Atp2b2	chr6	FALSE	TRUE
Atp2b3	chrX	FALSE	TRUE
Atp2b4	chr1	FALSE	FALSE
Atp4b	chr8	FALSE	FALSE
Atp5d	chr10	TRUE	FALSE
Atp5o	chr16	FALSE	TRUE
Atp6v0a1	chr11	FALSE	FALSE
Atp6v0a4	chr6	FALSE	FALSE
Atp6v0d1	chr8	FALSE	TRUE
Atp6v1a	chr16	FALSE	FALSE
Atp6v1c2	chr12	FALSE	FALSE
Atp6v1g3	chr1	FALSE	FALSE
Atp6v1h	chr1	FALSE	FALSE
Atp7a	chrX	FALSE	FALSE
Atp7b	chr8	FALSE	FALSE
Atp8a1	chr5	FALSE	TRUE
Atp8a2	chr14	FALSE	FALSE
Atp8b1	chr18	FALSE	FALSE
Atp8b3	chr10	FALSE	FALSE
Atp8b4	chr2	FALSE	FALSE
Atp8b5	chr4	FALSE	FALSE
Atp9a	chr2	FALSE	TRUE
Atp9b	chr18	FALSE	FALSE
Atr	chr9	FALSE	FALSE
Atrn	chr2	FALSE	FALSE
Atrnl1	chr19	FALSE	FALSE
Atrx	chrX	FALSE	FALSE
Atxn1	chr13	FALSE	TRUE
Atxn10	chr15	FALSE	TRUE
Atxn2	chr5	FALSE	TRUE
Atxn3	chr12	FALSE	FALSE
Atxn7	chr14	FALSE	FALSE
Atxn7l1	chr12	FALSE	FALSE
Auh	chr13	FALSE	TRUE
Auts2	chr5	FALSE	TRUE
Aven	chr2	FALSE	FALSE
Awat2	chrX	FALSE	FALSE
Axdnd1	chr1	FALSE	FALSE
Azin2	chr4	FALSE	FALSE
B230118H07Rik	chr2	TRUE	FALSE
B3galt5	chr16	FALSE	TRUE
B3gat1	chr9	FALSE	FALSE
B3gnt2	chr11	FALSE	FALSE
B3gnt7	chr1	FALSE	TRUE
B4galt1	chr4	FALSE	FALSE
B4galt7	chr13	FALSE	FALSE
B9d1	chr11	FALSE	TRUE
BC004004	chr17	FALSE	FALSE
BC034090	chr1	FALSE	FALSE
BC048562	chr9	TRUE	FALSE
BC051019	chr7	FALSE	FALSE
BC052040	chr2	FALSE	FALSE
BC147527	chr13	FALSE	FALSE
Bach1	chr16	FALSE	FALSE
Bag5	chr12	FALSE	FALSE
Bahcc1	chr11	FALSE	FALSE
Bahd1	chr2	FALSE	TRUE
Baiap2	chr11	FALSE	TRUE
Baiap3	chr17	FALSE	FALSE
Bak1	chr17	FALSE	FALSE
Bank1	chr3	TRUE	FALSE
Banp	chr8	FALSE	FALSE
Barhl1	chr2	FALSE	TRUE
Barx2	chr9	FALSE	FALSE
Basp1	chr15	TRUE	TRUE
Batf	chr12	FALSE	FALSE
Baz1a	chr12	FALSE	FALSE
Baz1b	chr5	FALSE	TRUE
Baz2b	chr2	FALSE	TRUE
Bbs4	chr9	FALSE	FALSE
Bbs9	chr9	FALSE	FALSE
Bbx	chr16	FALSE	FALSE
Bcar1	chr8	FALSE	FALSE
Bcar3	chr3	FALSE	FALSE
Bcas1	chr2	FALSE	FALSE
Bcas3	chr11	FALSE	FALSE
Bcat1	chr6	FALSE	TRUE
Bckdhb	chr9	FALSE	FALSE
Bcl11a	chr11	TRUE	FALSE
Bcl2l13	chr6	FALSE	FALSE
Bcl2l15	chr3	TRUE	FALSE
Bcl9	chr3	FALSE	FALSE
Bco1	chr8	FALSE	FALSE
Bco2	chr9	FALSE	FALSE
Bcor	chrX	FALSE	FALSE
Bcorl1	chrX	FALSE	FALSE
Bcr	chr10	FALSE	TRUE
Bdkrb2	chr12	FALSE	FALSE
Bdnf	chr2	TRUE	FALSE
Bdp1	chr13	FALSE	FALSE
Begain	chr12	FALSE	FALSE
Bend3	chr10	FALSE	FALSE
Bend6	chr1	FALSE	FALSE
Bend7	chr2	FALSE	FALSE
Bex6	chr16	TRUE	FALSE
Bfsp2	chr9	FALSE	FALSE
Bhlhe40	chr6	TRUE	FALSE
Bhmt	chr13	TRUE	FALSE
Bicd1	chr6	FALSE	FALSE
Bicd2	chr13	FALSE	TRUE
Bicdl1	chr5	FALSE	TRUE
Bicra	chr7	FALSE	FALSE
Bicral	chr17	FALSE	TRUE
Bin1	chr18	FALSE	TRUE
Birc6	chr17	FALSE	FALSE
Blk	chr14	FALSE	FALSE
Blm	chr7	FALSE	FALSE
Blmh	chr11	FALSE	FALSE
Blnk	chr19	FALSE	FALSE
Bmerb1	chr16	FALSE	TRUE
Bmp10	chr6	FALSE	FALSE
Bmp2k	chr5	FALSE	FALSE
Bmp5	chr9	FALSE	FALSE
Bmp6	chr13	FALSE	FALSE
Bmp8b	chr4	FALSE	FALSE
Bmper	chr9	TRUE	TRUE
Bmpr1a	chr14	FALSE	FALSE
Bmpr1b	chr3	FALSE	FALSE
Bmpr2	chr1	FALSE	FALSE
Bnc1	chr7	FALSE	FALSE
Bnc2	chr4	FALSE	FALSE
Bnip5	chr17	FALSE	FALSE
Boll	chr1	FALSE	FALSE
Bora	chr14	TRUE	FALSE
Bpi	chr2	FALSE	FALSE
Bpifb9b	chr2	FALSE	FALSE
Bptf	chr11	FALSE	TRUE
Braf	chr6	FALSE	FALSE
Brca1	chr11	FALSE	FALSE
Brd3	chr2	FALSE	FALSE
Brd4	chr17	FALSE	TRUE
Brd7	chr8	FALSE	FALSE
Brf1	chr12	FALSE	FALSE
Bri3	chr5	FALSE	FALSE
Brinp1	chr4	FALSE	TRUE
Brinp2	chr1	TRUE	FALSE
Brinp3	chr1	TRUE	FALSE
Brip1	chr11	FALSE	FALSE
Brpf3	chr17	FALSE	TRUE
Brsk2	chr7	FALSE	TRUE
Brwd1	chr16	FALSE	FALSE
Brwd3	chrX	FALSE	FALSE
Btaf1	chr19	FALSE	FALSE
Btbd1	chr7	FALSE	FALSE
Btbd11	chr10	FALSE	FALSE
Btbd16	chr7	FALSE	FALSE
Btbd17	chr11	TRUE	FALSE
Btbd3	chr2	TRUE	FALSE
Btbd7	chr12	FALSE	FALSE
Btbd8	chr5	TRUE	FALSE
Btbd9	chr17	FALSE	FALSE
Btg1c	chrX	FALSE	FALSE
Btg3	chr16	FALSE	FALSE
Btrc	chr19	FALSE	FALSE
Bub1b	chr2	FALSE	FALSE
Bysl	chr17	FALSE	TRUE
C130026I21Rik	chr1	FALSE	FALSE
C130074G19Rik	chr1	FALSE	FALSE
C1qtnf1	chr11	FALSE	FALSE
C1qtnf7	chr5	FALSE	FALSE
C2cd3	chr7	FALSE	FALSE
C2cd5	chr6	FALSE	FALSE
C530008M17Rik	chr5	FALSE	FALSE
C5ar1	chr7	FALSE	FALSE
C6	chr15	TRUE	FALSE
C8a	chr4	FALSE	FALSE
CK137956	chr4	FALSE	FALSE
CN725425	chr15	FALSE	FALSE
Cab39	chr1	FALSE	TRUE
Cab39l	chr14	FALSE	FALSE
Cabcoco1	chr10	TRUE	FALSE
Cabin1	chr10	TRUE	FALSE
Cables1	chr18	FALSE	TRUE
Cabp4	chr19	FALSE	FALSE
Cabp7	chr11	FALSE	FALSE
Cachd1	chr4	FALSE	FALSE
Cacna1a	chr8	FALSE	TRUE
Cacna1b	chr2	FALSE	TRUE
Cacna1c	chr6	FALSE	TRUE
Cacna1d	chr14	FALSE	FALSE
Cacna1e	chr1	FALSE	TRUE
Cacna1g	chr11	FALSE	TRUE
Cacna1h	chr17	FALSE	FALSE
Cacna1i	chr15	FALSE	TRUE
Cacna2d2	chr9	FALSE	TRUE
Cacna2d3	chr14	FALSE	TRUE
Cacna2d4	chr6	FALSE	FALSE
Cacnb2	chr2	FALSE	FALSE
Cacnb4	chr2	FALSE	TRUE
Cacng2	chr15	FALSE	TRUE
Cacng3	chr7	FALSE	FALSE
Cacng5	chr11	FALSE	FALSE
Cacng8	chr7	FALSE	FALSE
Cacul1	chr19	FALSE	FALSE
Cadm1	chr9	FALSE	FALSE
Cadm2	chr16	TRUE	FALSE
Cadps	chr14	FALSE	FALSE
Cadps2	chr6	FALSE	TRUE
Calb2	chr8	TRUE	FALSE
Calca	chr7	FALSE	FALSE
Calcoco1	chr15	FALSE	FALSE
Cald1	chr6	FALSE	FALSE
Caln1	chr5	TRUE	TRUE
Camk1d	chr2	FALSE	FALSE
Camk1g	chr1	FALSE	FALSE
Camk2a	chr18	FALSE	FALSE
Camk2b	chr11	FALSE	TRUE
Camk2g	chr14	FALSE	FALSE
Camk4	chr18	FALSE	TRUE
Camkk2	chr5	FALSE	TRUE
Camkmt	chr17	FALSE	FALSE
Camsap2	chr1	FALSE	FALSE
Camta1	chr4	FALSE	FALSE
Cand1	chr10	FALSE	TRUE
Cap2	chr13	FALSE	FALSE
Capn11	chr17	FALSE	FALSE
Capn5	chr7	FALSE	FALSE
Capn7	chr14	FALSE	FALSE
Caprin2	chr6	FALSE	FALSE
Caps2	chr10	FALSE	FALSE
Capsl	chr15	TRUE	FALSE
Capza1	chr3	FALSE	FALSE
Capzb	chr4	FALSE	TRUE
Car10	chr11	FALSE	TRUE
Car3	chr3	TRUE	FALSE
Car5a	chr8	FALSE	FALSE
Car6	chr4	FALSE	FALSE
Car8	chr4	FALSE	FALSE
Card10	chr15	FALSE	FALSE
Card11	chr5	FALSE	FALSE
Carmil1	chr13	FALSE	TRUE
Casc4	chr2	FALSE	FALSE
Cask	chrX	FALSE	TRUE
Caskin2	chr11	FALSE	FALSE
Casp4	chr9	FALSE	FALSE
Casp7	chr19	FALSE	FALSE
Casr	chr16	FALSE	FALSE
Cast	chr13	FALSE	FALSE
Casz1	chr4	FALSE	FALSE
Catsper1	chr19	FALSE	FALSE
Catspere1	chr1	FALSE	FALSE
Catspere2	chr1	FALSE	FALSE
Cav2	chr6	TRUE	FALSE
Cbfa2t2	chr2	TRUE	FALSE
Cbfa2t3	chr8	FALSE	TRUE
Cbl	chr9	FALSE	FALSE
Cbln3	chr14	FALSE	FALSE
Cbs	chr17	FALSE	FALSE
Cbx5	chr15	FALSE	TRUE
Cc2d1b	chr4	FALSE	FALSE
Cc2d2a	chr5	FALSE	FALSE
Cc2d2b	chr19	FALSE	FALSE
Ccar2	chr14	FALSE	TRUE
Ccbe1	chr18	TRUE	FALSE
Ccdc113	chr8	FALSE	FALSE
Ccdc125	chr13	FALSE	FALSE
Ccdc13	chr9	FALSE	FALSE
Ccdc138	chr10	FALSE	FALSE
Ccdc141	chr2	FALSE	FALSE
Ccdc144b	chr3	FALSE	FALSE
Ccdc146	chr5	FALSE	FALSE
Ccdc149	chr5	FALSE	FALSE
Ccdc15	chr9	FALSE	FALSE
Ccdc150	chr1	FALSE	FALSE
Ccdc157	chr11	FALSE	FALSE
Ccdc158	chr5	FALSE	FALSE
Ccdc163	chr4	FALSE	FALSE
Ccdc167	chr17	FALSE	TRUE
Ccdc171	chr4	FALSE	FALSE
Ccdc173	chr2	FALSE	FALSE
Ccdc177	chr12	FALSE	FALSE
Ccdc187	chr2	FALSE	FALSE
Ccdc192	chr18	TRUE	FALSE
Ccdc28a	chr10	TRUE	FALSE
Ccdc33	chr9	FALSE	FALSE
Ccdc34	chr2	FALSE	FALSE
Ccdc36	chr9	FALSE	FALSE
Ccdc50	chr16	FALSE	FALSE
Ccdc57	chr11	FALSE	FALSE
Ccdc6	chr10	FALSE	TRUE
Ccdc60	chr5	FALSE	FALSE
Ccdc62	chr5	FALSE	FALSE
Ccdc73	chr2	FALSE	FALSE
Ccdc77	chr6	FALSE	TRUE
Ccdc7a	chr8	FALSE	FALSE
Ccdc85a	chr11	FALSE	FALSE
Ccdc88a	chr11	FALSE	TRUE
Ccdc88c	chr12	FALSE	FALSE
Ccdc91	chr6	FALSE	FALSE
Ccdc93	chr1	FALSE	FALSE
Ccl25	chr8	FALSE	TRUE
Ccm2l	chr2	FALSE	FALSE
Ccn4	chr15	FALSE	FALSE
Ccn5	chr2	FALSE	FALSE
Ccnd3	chr17	FALSE	FALSE
Ccnk	chr12	FALSE	FALSE
Ccnt1	chr15	FALSE	FALSE
Ccny	chr18	FALSE	TRUE
Ccr7	chr11	FALSE	FALSE
Ccr9	chr9	FALSE	FALSE
Ccser1	chr6	FALSE	FALSE
Ccser2	chr14	FALSE	FALSE
Cct8	chr16	FALSE	FALSE
Ccz1	chr5	FALSE	FALSE
Cd163	chr6	TRUE	FALSE
Cd2	chr3	FALSE	FALSE
Cd200r3	chr16	TRUE	FALSE
Cd200r4	chr16	FALSE	FALSE
Cd247	chr1	FALSE	FALSE
Cd276	chr9	TRUE	FALSE
Cd28	chr1	FALSE	FALSE
Cd2ap	chr17	FALSE	FALSE
Cd300e	chr11	TRUE	FALSE
Cd300ld3	chr11	TRUE	FALSE
Cd302	chr2	FALSE	FALSE
Cd34	chr1	TRUE	FALSE
Cd36	chr5	FALSE	FALSE
Cd40	chr2	TRUE	FALSE
Cd46	chr1	FALSE	FALSE
Cd47	chr16	TRUE	FALSE
Cd48	chr1	FALSE	FALSE
Cd59b	chr2	FALSE	FALSE
Cd6	chr19	TRUE	FALSE
Cd82	chr2	FALSE	FALSE
Cd83	chr13	TRUE	FALSE
Cd86	chr16	FALSE	FALSE
Cd8b1	chr6	FALSE	FALSE
Cd99l2	chrX	FALSE	FALSE
Cdan1	chr2	FALSE	TRUE
Cdc14a	chr3	FALSE	FALSE
Cdc14b	chr13	FALSE	TRUE
Cdc26	chr4	FALSE	FALSE
Cdc40	chr10	TRUE	FALSE
Cdc42bpa	chr1	FALSE	TRUE
Cdc42bpb	chr12	FALSE	FALSE
Cdc42bpg	chr19	FALSE	FALSE
Cdc42ep2	chr19	FALSE	FALSE
Cdc42ep4	chr11	FALSE	TRUE
Cdc42ep5	chr7	FALSE	FALSE
Cdc42se2	chr11	FALSE	FALSE
Cdc5l	chr17	FALSE	TRUE
Cdc73	chr1	FALSE	TRUE
Cdca2	chr14	FALSE	FALSE
Cdcp3	chr7	FALSE	FALSE
Cdh1	chr8	FALSE	FALSE
Cdh10	chr15	TRUE	FALSE
Cdh11	chr8	FALSE	TRUE
Cdh12	chr15	FALSE	FALSE
Cdh13	chr8	FALSE	TRUE
Cdh2	chr18	FALSE	TRUE
Cdh20	chr1	TRUE	FALSE
Cdh22	chr2	FALSE	FALSE
Cdh4	chr2	FALSE	TRUE
Cdh6	chr15	FALSE	FALSE
Cdh7	chr1	TRUE	FALSE
Cdh9	chr15	FALSE	FALSE
Cdhr2	chr13	FALSE	FALSE
Cdip1	chr16	FALSE	FALSE
Cdk12	chr11	FALSE	FALSE
Cdk13	chr13	FALSE	TRUE
Cdk15	chr1	TRUE	FALSE
Cdk17	chr10	TRUE	FALSE
Cdk19	chr10	TRUE	FALSE
Cdk5rap1	chr2	FALSE	FALSE
Cdk6	chr5	FALSE	TRUE
Cdk8	chr5	FALSE	TRUE
Cdkl1	chr12	FALSE	FALSE
Cdkl2	chr5	FALSE	FALSE
Cdkl3	chr11	FALSE	FALSE
Cdkl5	chrX	FALSE	TRUE
Cdon	chr9	FALSE	FALSE
Cds1	chr5	FALSE	FALSE
Cds2	chr2	FALSE	FALSE
Cdsn	chr17	FALSE	FALSE
Cdyl2	chr8	FALSE	FALSE
Ceacam1	chr7	FALSE	FALSE
Ceacam13	chr7	FALSE	FALSE
Ceacam16	chr7	FALSE	FALSE
Ceacam20	chr7	FALSE	FALSE
Cebpg	chr7	FALSE	FALSE
Cecr2	chr6	FALSE	TRUE
Cela2a	chr4	FALSE	FALSE
Cela3b	chr4	FALSE	FALSE
Celf1	chr2	FALSE	FALSE
Celf4	chr18	FALSE	TRUE
Cemip	chr7	FALSE	FALSE
Cenpf	chr1	TRUE	FALSE
Cenpj	chr14	TRUE	FALSE
Cenpp	chr13	FALSE	FALSE
Cep104	chr4	FALSE	FALSE
Cep112	chr11	FALSE	FALSE
Cep126	chr9	FALSE	FALSE
Cep128	chr12	TRUE	FALSE
Cep135	chr5	FALSE	FALSE
Cep162	chr9	FALSE	FALSE
Cep170	chr1	FALSE	FALSE
Cep170b	chr12	FALSE	TRUE
Cep192	chr18	FALSE	FALSE
Cep250	chr2	FALSE	FALSE
Cep290	chr10	FALSE	FALSE
Cep295nl	chr11	FALSE	FALSE
Cep350	chr1	FALSE	FALSE
Cep57l1	chr10	FALSE	FALSE
Cep70	chr9	FALSE	FALSE
Cep83	chr10	FALSE	FALSE
Cept1	chr3	FALSE	FALSE
Cerkl	chr2	TRUE	FALSE
Cers3	chr7	FALSE	FALSE
Cers4	chr8	FALSE	TRUE
Cers6	chr2	FALSE	TRUE
Ces1c	chr8	FALSE	FALSE
Ces1e	chr8	FALSE	FALSE
Ces1g	chr8	FALSE	FALSE
Ces2e	chr8	FALSE	FALSE
Cfap161	chr7	TRUE	FALSE
Cfap221	chr1	FALSE	FALSE
Cfap43	chr19	FALSE	FALSE
Cfap45	chr1	FALSE	FALSE
Cfap46	chr7	FALSE	FALSE
Cfap53	chr18	FALSE	FALSE
Cfap54	chr10	FALSE	FALSE
Cfap57	chr4	FALSE	FALSE
Cfap61	chr2	FALSE	TRUE
Cfap65	chr1	FALSE	FALSE
Cfap74	chr4	FALSE	FALSE
Cfap77	chr2	FALSE	FALSE
Cfdp1	chr8	FALSE	FALSE
Cfh	chr1	FALSE	FALSE
Cftr	chr6	FALSE	FALSE
Chadl	chr15	FALSE	TRUE
Chaf1b	chr16	FALSE	FALSE
Champ1	chr8	FALSE	FALSE
Chchd3	chr6	FALSE	TRUE
Chchd6	chr6	TRUE	FALSE
Chd2	chr7	FALSE	TRUE
Chd6	chr2	FALSE	FALSE
Chd7	chr4	FALSE	TRUE
Chdh	chr14	FALSE	FALSE
Chia1	chr3	TRUE	FALSE
Chil3	chr3	TRUE	FALSE
Chil5	chr3	TRUE	FALSE
Chka	chr19	FALSE	FALSE
Chl1	chr6	TRUE	FALSE
Chmp4b	chr2	FALSE	TRUE
Chmp7	chr14	FALSE	FALSE
Chn1	chr2	FALSE	FALSE
Chn2	chr6	FALSE	TRUE
Chp1	chr2	FALSE	TRUE
Chrdl2	chr7	FALSE	FALSE
Chrm1	chr19	FALSE	FALSE
Chrm3	chr13	TRUE	TRUE
Chrna2	chr14	FALSE	FALSE
Chrna4	chr2	FALSE	FALSE
Chrna5	chr9	FALSE	FALSE
Chrna7	chr7	FALSE	FALSE
Chst10	chr1	FALSE	FALSE
Chst11	chr10	FALSE	FALSE
Chst15	chr7	TRUE	FALSE
Chst3	chr10	FALSE	FALSE
Chst7	chrX	TRUE	FALSE
Chst9	chr18	TRUE	FALSE
Ciao2b	chr8	FALSE	FALSE
Ciita	chr16	FALSE	FALSE
Cilp	chr9	FALSE	FALSE
Cipc	chr12	TRUE	FALSE
Cish	chr9	FALSE	FALSE
Cit	chr5	FALSE	TRUE
Ciz1	chr2	FALSE	FALSE
Ckap5	chr2	FALSE	FALSE
Clasp1	chr1	FALSE	TRUE
Clasp2	chr9	FALSE	FALSE
Clcn1	chr6	FALSE	FALSE
Clcn5	chrX	FALSE	FALSE
Clcnkb	chr4	FALSE	FALSE
Cldn1	chr16	TRUE	FALSE
Cldn10	chr14	FALSE	FALSE
Cldn14	chr16	FALSE	FALSE
Cldn15	chr5	FALSE	FALSE
Clec16a	chr16	FALSE	FALSE
Clec18a	chr8	FALSE	FALSE
Clec2l	chr6	FALSE	TRUE
Clec3a	chr8	FALSE	FALSE
Clec4a4	chr6	FALSE	FALSE
Clec4n	chr6	FALSE	FALSE
Clec5a	chr6	FALSE	FALSE
Clgn	chr8	FALSE	FALSE
Clic4	chr4	FALSE	FALSE
Clic5	chr17	FALSE	FALSE
Clic6	chr16	FALSE	FALSE
Clint1	chr11	FALSE	FALSE
Clip1	chr5	FALSE	TRUE
Clip2	chr5	FALSE	FALSE
Clip4	chr17	FALSE	TRUE
Clmn	chr12	FALSE	FALSE
Clmp	chr9	TRUE	FALSE
Clnk	chr5	TRUE	FALSE
Clns1a	chr7	FALSE	FALSE
Clock	chr5	FALSE	TRUE
Clpb	chr7	FALSE	FALSE
Clptm1	chr7	FALSE	FALSE
Clstn1	chr4	FALSE	TRUE
Clstn2	chr9	FALSE	FALSE
Clstn3	chr6	FALSE	FALSE
Clvs1	chr4	FALSE	TRUE
Clybl	chr14	TRUE	FALSE
Cmah	chr13	FALSE	FALSE
Cmas	chr6	FALSE	TRUE
Cmc2	chr8	FALSE	FALSE
Cmip	chr8	FALSE	TRUE
Cmss1	chr16	FALSE	FALSE
Cmtm4	chr8	FALSE	FALSE
Cmya5	chr13	FALSE	FALSE
Cnbd2	chr2	FALSE	FALSE
Cnbp	chr6	FALSE	FALSE
Cnga3	chr1	FALSE	FALSE
Cngb1	chr8	FALSE	FALSE
Cngb3	chr4	FALSE	FALSE
Cnih3	chr1	FALSE	FALSE
Cnksr1	chr4	FALSE	FALSE
Cnksr2	chrX	FALSE	TRUE
Cnksr3	chr10	FALSE	TRUE
Cnn1	chr9	FALSE	FALSE
Cnn3	chr3	FALSE	TRUE
Cnnm2	chr19	FALSE	TRUE
Cnot1	chr8	FALSE	FALSE
Cnot2	chr10	FALSE	TRUE
Cnot4	chr6	FALSE	FALSE
Cnot6l	chr5	FALSE	FALSE
Cnpy1	chr5	TRUE	FALSE
Cnst	chr1	FALSE	TRUE
Cntfr	chr4	FALSE	TRUE
Cntn1	chr15	FALSE	FALSE
Cntn4	chr6	TRUE	FALSE
Cntn5	chr9	TRUE	FALSE
Cntn6	chr6	TRUE	FALSE
Cntnap2	chr6	FALSE	FALSE
Cntnap3	chr13	FALSE	FALSE
Cntnap4	chr8	FALSE	FALSE
Cntnap5a	chr1	TRUE	TRUE
Cntnap5c	chr17	FALSE	FALSE
Cobl	chr11	TRUE	FALSE
Cobll1	chr2	TRUE	FALSE
Cog2	chr8	FALSE	FALSE
Cog3	chr14	FALSE	FALSE
Cog4	chr8	FALSE	FALSE
Cog5	chr12	TRUE	FALSE
Col11a1	chr3	FALSE	FALSE
Col11a2	chr17	FALSE	FALSE
Col13a1	chr10	FALSE	FALSE
Col14a1	chr15	FALSE	FALSE
Col15a1	chr4	TRUE	FALSE
Col16a1	chr4	FALSE	FALSE
Col19a1	chr1	TRUE	FALSE
Col22a1	chr15	FALSE	FALSE
Col23a1	chr11	FALSE	TRUE
Col25a1	chr3	FALSE	FALSE
Col26a1	chr5	FALSE	FALSE
Col27a1	chr4	FALSE	TRUE
Col28a1	chr6	FALSE	FALSE
Col4a1	chr8	FALSE	FALSE
Col4a2	chr8	FALSE	FALSE
Col4a3	chr1	FALSE	FALSE
Col4a3bp	chr13	FALSE	TRUE
Col4a5	chrX	FALSE	FALSE
Col4a6	chrX	FALSE	FALSE
Col5a1	chr2	FALSE	FALSE
Col5a2	chr1	FALSE	FALSE
Col6a1	chr10	FALSE	FALSE
Col6a3	chr1	FALSE	FALSE
Col6a5	chr9	FALSE	FALSE
Col7a1	chr9	FALSE	FALSE
Col8a1	chr16	FALSE	FALSE
Col8a2	chr4	FALSE	FALSE
Col9a1	chr1	TRUE	FALSE
Col9a3	chr2	FALSE	FALSE
Colec12	chr18	FALSE	FALSE
Colgalt1	chr8	FALSE	FALSE
Colgalt2	chr1	FALSE	FALSE
Commd1	chr11	FALSE	FALSE
Commd1b	chr11	FALSE	FALSE
Commd3	chr2	TRUE	FALSE
Commd9	chr2	FALSE	FALSE
Comt	chr16	FALSE	FALSE
Cop1	chr1	FALSE	FALSE
Copb1	chr7	FALSE	FALSE
Cops3	chr11	FALSE	FALSE
Cops6	chr5	FALSE	FALSE
Copz1	chr15	FALSE	FALSE
Coq10b	chr1	FALSE	FALSE
Coq3	chr4	FALSE	FALSE
Corin	chr5	FALSE	FALSE
Coro1c	chr5	FALSE	TRUE
Coro2a	chr4	FALSE	FALSE
Coro2b	chr9	FALSE	TRUE
Coro7	chr16	FALSE	FALSE
Cox10	chr11	FALSE	FALSE
Cox16	chr12	FALSE	FALSE
Cpa2	chr6	TRUE	FALSE
Cpe	chr8	FALSE	FALSE
Cpeb1	chr7	FALSE	FALSE
Cpeb3	chr19	FALSE	TRUE
Cplane1	chr15	FALSE	TRUE
Cplx1	chr5	FALSE	TRUE
Cpm	chr10	FALSE	FALSE
Cpne2	chr8	FALSE	FALSE
Cpne5	chr17	FALSE	FALSE
Cpne9	chr6	FALSE	TRUE
Cpox	chr16	FALSE	FALSE
Cpq	chr15	FALSE	FALSE
Cps1	chr1	FALSE	FALSE
Cpsf6	chr10	FALSE	FALSE
Cpt1a	chr19	FALSE	FALSE
Cpt1c	chr7	FALSE	FALSE
Cpt2	chr4	FALSE	FALSE
Cr2	chr1	FALSE	FALSE
Cracr2a	chr6	FALSE	FALSE
Cradd	chr10	FALSE	FALSE
Cramp1l	chr17	FALSE	FALSE
Crat	chr2	FALSE	TRUE
Crb1	chr1	FALSE	FALSE
Crb2	chr2	FALSE	FALSE
Crcp	chr5	FALSE	FALSE
Creb1	chr1	FALSE	TRUE
Creb3	chr4	FALSE	FALSE
Creb5	chr6	FALSE	FALSE
Crebbp	chr16	FALSE	TRUE
Crebrf	chr17	FALSE	FALSE
Crem	chr18	FALSE	FALSE
Crim1	chr17	FALSE	FALSE
Crip1	chr12	FALSE	FALSE
Crisp1	chr17	FALSE	FALSE
Crisp2	chr17	FALSE	FALSE
Crkl	chr16	FALSE	FALSE
Crlf1	chr8	FALSE	TRUE
Crmp1	chr5	FALSE	TRUE
Crnkl1	chr2	FALSE	FALSE
Crocc	chr4	FALSE	FALSE
Crocc2	chr1	FALSE	FALSE
Crppa	chr12	FALSE	FALSE
Crtap	chr9	FALSE	FALSE
Crtc1	chr8	FALSE	TRUE
Cry2	chr2	FALSE	FALSE
Crybg1	chr10	FALSE	FALSE
Crybg3	chr16	FALSE	FALSE
Cryl1	chr14	FALSE	FALSE
Crym	chr7	TRUE	FALSE
Cryzl1	chr16	FALSE	FALSE
Cryzl2	chr1	FALSE	FALSE
Cs	chr10	FALSE	FALSE
Csf1r	chr18	FALSE	FALSE
Csf2rb2	chr15	FALSE	FALSE
Csgalnact1	chr8	FALSE	FALSE
Csgalnact2	chr6	FALSE	FALSE
Csmd2	chr4	FALSE	TRUE
Csn3	chr5	FALSE	FALSE
Csnk1e	chr15	FALSE	TRUE
Csnk1g1	chr9	FALSE	TRUE
Csnk1g3	chr18	FALSE	TRUE
Csnka2ip	chr16	FALSE	FALSE
Csrnp3	chr2	FALSE	FALSE
Cst7	chr2	FALSE	FALSE
Cst8	chr2	TRUE	FALSE
Cstad	chr2	FALSE	FALSE
Cstf2	chrX	FALSE	FALSE
Cstf3	chr2	FALSE	FALSE
Ctc1	chr11	FALSE	TRUE
Ctcf	chr8	FALSE	FALSE
Ctdp1	chr18	FALSE	TRUE
Ctf1	chr7	TRUE	FALSE
Cth	chr3	FALSE	FALSE
Ctif	chr18	FALSE	FALSE
Ctnna1	chr18	FALSE	FALSE
Ctnna3	chr10	TRUE	TRUE
Ctnnal1	chr4	FALSE	FALSE
Ctnnbip1	chr4	FALSE	FALSE
Ctnnbl1	chr2	FALSE	FALSE
Ctnnd1	chr2	FALSE	FALSE
Ctnnd2	chr15	FALSE	TRUE
Ctps	chr4	FALSE	FALSE
Ctsb	chr14	FALSE	FALSE
Ctss	chr3	FALSE	FALSE
Ctsz	chr2	FALSE	FALSE
Cttn	chr7	FALSE	FALSE
Cttnbp2	chr6	FALSE	TRUE
Cttnbp2nl	chr3	FALSE	FALSE
Ctxn2	chr2	TRUE	FALSE
Cuedc1	chr11	FALSE	FALSE
Cul1	chr6	FALSE	TRUE
Cul3	chr1	FALSE	TRUE
Cul5	chr9	FALSE	FALSE
Cutal	chr2	FALSE	FALSE
Cutc	chr19	FALSE	FALSE
Cux1	chr5	FALSE	TRUE
Cux2	chr5	FALSE	FALSE
Cwc27	chr13	TRUE	FALSE
Cwf19l1	chr19	FALSE	FALSE
Cxadr	chr16	FALSE	TRUE
Cxcl17	chr7	FALSE	FALSE
Cxcl3	chr5	FALSE	FALSE
Cxcr5	chr9	FALSE	FALSE
Cxxc5	chr18	FALSE	FALSE
Cyb5b	chr8	FALSE	FALSE
Cyb5r4	chr9	FALSE	FALSE
Cyfip1	chr7	FALSE	FALSE
Cyfip2	chr11	FALSE	TRUE
Cyp19a1	chr9	FALSE	FALSE
Cyp2b10	chr7	FALSE	FALSE
Cyp2b13	chr7	FALSE	FALSE
Cyp2c38	chr19	FALSE	FALSE
Cyp2d22	chr15	FALSE	FALSE
Cyp2j12	chr4	FALSE	FALSE
Cyp2j13	chr4	FALSE	FALSE
Cyp2j6	chr4	FALSE	FALSE
Cyp3a13	chr5	FALSE	FALSE
Cyp3a57	chr5	FALSE	FALSE
Cyp4a12a	chr4	FALSE	FALSE
Cyp4f17	chr17	FALSE	FALSE
Cyp4f39	chr17	FALSE	FALSE
Cyp7b1	chr3	FALSE	FALSE
Cysltr2	chr14	FALSE	FALSE
Cystm1	chr18	FALSE	FALSE
Cyth3	chr5	FALSE	FALSE
Cyth4	chr15	FALSE	FALSE
Cytip	chr2	TRUE	FALSE
D130043K22Rik	chr13	FALSE	TRUE
D17H6S53E	chr17	TRUE	FALSE
D1Ertd622e	chr1	FALSE	FALSE
D430041D05Rik	chr2	FALSE	TRUE
D430042O09Rik	chr7	FALSE	TRUE
D5Ertd579e	chr5	FALSE	TRUE
D630003M21Rik	chr2	FALSE	FALSE
D630045J12Rik	chr6	FALSE	FALSE
D6Wsu163e	chr6	FALSE	FALSE
D7Ertd443e	chr7	TRUE	TRUE
D930020B18Rik	chr10	TRUE	FALSE
Daam1	chr12	FALSE	FALSE
Dab1	chr4	TRUE	FALSE
Dach1	chr14	TRUE	FALSE
Dact3	chr7	FALSE	FALSE
Dag1	chr9	FALSE	FALSE
Dagla	chr19	FALSE	FALSE
Dao	chr5	FALSE	FALSE
Dapk1	chr13	FALSE	FALSE
Dapk2	chr9	FALSE	FALSE
Dapp1	chr3	TRUE	FALSE
Daw1	chr1	TRUE	FALSE
Dazl	chr17	TRUE	FALSE
Dbh	chr2	FALSE	FALSE
Dbn1	chr13	FALSE	FALSE
Dcaf12	chr4	FALSE	FALSE
Dcaf5	chr12	FALSE	FALSE
Dcaf6	chr1	FALSE	FALSE
Dcbld1	chr10	FALSE	TRUE
Dcbld2	chr16	FALSE	FALSE
Dcc	chr18	FALSE	FALSE
Dcdc2a	chr13	FALSE	FALSE
Dcdc2c	chr12	FALSE	FALSE
Dchs2	chr3	FALSE	FALSE
Dclk1	chr3	TRUE	TRUE
Dclk2	chr3	TRUE	FALSE
Dclre1c	chr2	FALSE	FALSE
Dcn	chr10	FALSE	FALSE
Dcp1b	chr6	FALSE	FALSE
Dcp2	chr18	FALSE	FALSE
Dcstamp	chr15	TRUE	FALSE
Dctn1	chr6	FALSE	TRUE
Dctn3	chr4	FALSE	FALSE
Ddah1	chr3	FALSE	FALSE
Ddb2	chr2	FALSE	FALSE
Ddhd1	chr14	FALSE	FALSE
Ddit3	chr10	FALSE	FALSE
Ddit4l	chr3	FALSE	FALSE
Ddost	chr4	FALSE	FALSE
Ddx10	chr9	FALSE	FALSE
Ddx17	chr15	FALSE	FALSE
Ddx31	chr2	FALSE	FALSE
Ddx39	chr8	FALSE	FALSE
Ddx4	chr13	FALSE	FALSE
Ddx46	chr13	FALSE	FALSE
Ddx6	chr9	FALSE	TRUE
Deaf1	chr7	FALSE	FALSE
Decr1	chr4	FALSE	FALSE
Defa29	chr8	FALSE	FALSE
Dennd1a	chr2	FALSE	FALSE
Dennd1b	chr1	FALSE	FALSE
Dennd1c	chr17	FALSE	FALSE
Dennd3	chr15	FALSE	FALSE
Dennd4a	chr9	FALSE	FALSE
Dennd4c	chr4	FALSE	FALSE
Dennd5a	chr7	FALSE	TRUE
Dennd5b	chr6	FALSE	FALSE
Dennd6a	chr14	FALSE	FALSE
Dennd6b	chr15	FALSE	FALSE
Denr	chr5	FALSE	FALSE
Depdc1b	chr13	FALSE	FALSE
Depdc5	chr5	FALSE	FALSE
Depdc7	chr2	FALSE	FALSE
Deptor	chr15	FALSE	FALSE
Dera	chr6	FALSE	FALSE
Desi1	chr15	FALSE	FALSE
Desi2	chr1	FALSE	TRUE
Dexi	chr16	FALSE	FALSE
Dffa	chr4	FALSE	FALSE
Dgat2	chr7	FALSE	FALSE
Dgcr2	chr16	FALSE	TRUE
Dgkb	chr12	TRUE	FALSE
Dgkd	chr1	FALSE	TRUE
Dgkg	chr16	FALSE	TRUE
Dgkh	chr14	FALSE	TRUE
Dgki	chr6	FALSE	TRUE
Dgkk	chrX	FALSE	FALSE
Dglucy	chr12	TRUE	FALSE
Dhfr	chr13	FALSE	FALSE
Dhh	chr15	FALSE	FALSE
Dhps	chr8	FALSE	FALSE
Dhrs1	chr14	FALSE	FALSE
Dhrs9	chr2	FALSE	FALSE
Dhtkd1	chr2	FALSE	FALSE
Dhx15	chr5	FALSE	TRUE
Dhx32	chr7	TRUE	FALSE
Dhx33	chr11	FALSE	FALSE
Dhx34	chr7	FALSE	FALSE
Dhx35	chr2	FALSE	FALSE
Dhx58	chr11	FALSE	FALSE
Diaph3	chr14	FALSE	FALSE
Dicer1	chr12	FALSE	FALSE
Dido1	chr2	FALSE	TRUE
Dip2b	chr15	FALSE	TRUE
Dip2c	chr13	FALSE	TRUE
Dipk1a	chr5	FALSE	FALSE
Dipk2b	chrX	TRUE	FALSE
Dis3	chr14	FALSE	FALSE
Dis3l2	chr1	FALSE	FALSE
Disc1	chr8	FALSE	FALSE
Disp1	chr1	FALSE	FALSE
Disp3	chr4	FALSE	FALSE
Dkk2	chr3	TRUE	FALSE
Dkk3	chr7	FALSE	FALSE
Dlc1	chr8	TRUE	FALSE
Dlg2	chr7	TRUE	FALSE
Dlg5	chr14	FALSE	TRUE
Dlgap2	chr8	TRUE	TRUE
Dlgap4	chr2	FALSE	TRUE
Dmbt1	chr7	FALSE	FALSE
Dmbx1	chr4	TRUE	FALSE
Dmc1	chr15	FALSE	FALSE
Dmxl2	chr9	FALSE	FALSE
Dna2	chr10	FALSE	FALSE
Dnaaf5	chr5	FALSE	FALSE
Dnah1	chr14	FALSE	FALSE
Dnah11	chr12	TRUE	FALSE
Dnah12	chr14	FALSE	FALSE
Dnah14	chr1	FALSE	FALSE
Dnah17	chr11	FALSE	FALSE
Dnah5	chr15	TRUE	FALSE
Dnah6	chr6	FALSE	FALSE
Dnah7a	chr1	FALSE	FALSE
Dnah7b	chr1	FALSE	FALSE
Dnah7c	chr1	FALSE	FALSE
Dnah8	chr17	FALSE	FALSE
Dnah9	chr11	FALSE	FALSE
Dnaic1	chr4	FALSE	FALSE
Dnaic2	chr11	FALSE	FALSE
Dnaja2	chr8	FALSE	FALSE
Dnaja3	chr16	FALSE	FALSE
Dnajb12	chr10	FALSE	FALSE
Dnajb13	chr7	FALSE	FALSE
Dnajb14	chr3	FALSE	FALSE
Dnajb6	chr5	FALSE	TRUE
Dnajb8	chr6	FALSE	FALSE
Dnajc1	chr2	FALSE	FALSE
Dnajc11	chr4	FALSE	FALSE
Dnajc12	chr10	TRUE	FALSE
Dnajc13	chr9	FALSE	TRUE
Dnajc14	chr10	FALSE	FALSE
Dnajc17	chr2	FALSE	FALSE
Dnajc18	chr18	FALSE	FALSE
Dnajc22	chr15	FALSE	FALSE
Dnajc24	chr2	FALSE	FALSE
Dnajc27	chr12	FALSE	FALSE
Dnajc3	chr14	FALSE	FALSE
Dnajc5	chr2	FALSE	TRUE
Dnajc6	chr4	FALSE	TRUE
Dnm1	chr2	FALSE	TRUE
Dnm2	chr9	FALSE	FALSE
Dnm3	chr1	FALSE	FALSE
Dnmbp	chr19	FALSE	FALSE
Dnmt3a	chr12	FALSE	TRUE
Dnttip1	chr2	FALSE	FALSE
Dock10	chr1	FALSE	FALSE
Dock2	chr11	FALSE	FALSE
Dock3	chr9	FALSE	FALSE
Dock4	chr12	FALSE	TRUE
Dock5	chr14	FALSE	FALSE
Dock7	chr4	FALSE	FALSE
Dock8	chr19	FALSE	FALSE
Dock9	chr14	FALSE	TRUE
Dok4	chr8	FALSE	TRUE
Dok6	chr18	FALSE	TRUE
Dok7	chr5	FALSE	TRUE
Dop1a	chr9	FALSE	FALSE
Dop1b	chr16	FALSE	TRUE
Dpp6	chr5	FALSE	TRUE
Dpp9	chr17	FALSE	FALSE
Dppa2	chr16	TRUE	FALSE
Dpt	chr1	TRUE	FALSE
Dpy19l1	chr9	TRUE	FALSE
Dpy19l2	chr9	FALSE	FALSE
Dpys	chr15	TRUE	FALSE
Dpysl2	chr14	FALSE	TRUE
Dpysl3	chr18	FALSE	TRUE
Dpysl5	chr5	FALSE	FALSE
Drc7	chr8	TRUE	FALSE
Drd3	chr16	FALSE	FALSE
Drg1	chr11	FALSE	FALSE
Drosha	chr15	FALSE	FALSE
Dsc2	chr18	TRUE	FALSE
Dscam	chr16	FALSE	TRUE
Dsg3	chr18	FALSE	FALSE
Dsn1	chr2	TRUE	FALSE
Dsp	chr13	FALSE	FALSE
Dst	chr1	FALSE	TRUE
Dtd1	chr2	FALSE	FALSE
Dtd2	chr12	TRUE	FALSE
Dthd1	chr5	FALSE	FALSE
Dtna	chr18	FALSE	FALSE
Dtnb	chr12	FALSE	FALSE
Dtwd2	chr18	FALSE	FALSE
Dtx1	chr5	FALSE	FALSE
Dtx2	chr5	FALSE	FALSE
Dtx3l	chr16	FALSE	FALSE
Duoxa1	chr2	FALSE	FALSE
Dupd1	chr14	FALSE	FALSE
Dusp1	chr17	TRUE	FALSE
Dusp13	chr14	FALSE	FALSE
Dusp16	chr6	FALSE	TRUE
Dusp22	chr13	FALSE	FALSE
Dusp8	chr7	FALSE	TRUE
Dym	chr18	FALSE	FALSE
Dynlrb2	chr8	TRUE	FALSE
Dyrk1a	chr16	FALSE	TRUE
Dysf	chr6	FALSE	FALSE
Dytn	chr1	FALSE	FALSE
Dzip1	chr14	FALSE	FALSE
Dzip1l	chr9	FALSE	FALSE
E030030I06Rik	chr10	FALSE	FALSE
E130114P18Rik	chr4	TRUE	FALSE
E130308A19Rik	chr4	FALSE	FALSE
E2f1	chr2	TRUE	FALSE
E2f2	chr4	FALSE	FALSE
E4f1	chr17	FALSE	FALSE
Eaf2	chr16	FALSE	FALSE
Ebag9	chr15	TRUE	FALSE
Ebf2	chr14	FALSE	FALSE
Ebf4	chr2	FALSE	FALSE
Ece1	chr4	FALSE	TRUE
Eci3	chr13	FALSE	FALSE
Ecpas	chr4	FALSE	FALSE
Eda	chrX	FALSE	FALSE
Edar	chr10	FALSE	FALSE
Edaradd	chr13	FALSE	FALSE
Edc3	chr9	FALSE	FALSE
Edem1	chr6	FALSE	FALSE
Edem3	chr1	FALSE	FALSE
Edil3	chr13	FALSE	TRUE
Edn2	chr4	FALSE	FALSE
Ednra	chr8	FALSE	FALSE
Eea1	chr10	FALSE	FALSE
Eef1a1	chr9	TRUE	FALSE
Eefsec	chr6	FALSE	FALSE
Eepd1	chr9	TRUE	FALSE
Efcab1	chr16	FALSE	FALSE
Efcab14	chr4	FALSE	FALSE
Efcab2	chr1	TRUE	FALSE
Efcab6	chr15	FALSE	TRUE
Efhb	chr17	FALSE	FALSE
Efhd2	chr4	FALSE	TRUE
Efl1	chr7	FALSE	FALSE
Efna1	chr3	TRUE	FALSE
Efnb2	chr8	FALSE	TRUE
Efr3b	chr12	TRUE	FALSE
Efs	chr14	FALSE	FALSE
Eftud2	chr11	FALSE	FALSE
Egf	chr3	FALSE	FALSE
Egfem1	chr3	FALSE	FALSE
Egflam	chr15	FALSE	FALSE
Egfr	chr11	FALSE	FALSE
Ehbp1	chr11	FALSE	FALSE
Ehd1	chr19	FALSE	TRUE
Ehd2	chr7	FALSE	FALSE
Ehd4	chr2	FALSE	FALSE
Ehhadh	chr16	FALSE	FALSE
Ehmt1	chr2	FALSE	FALSE
Eif1	chr11	FALSE	FALSE
Eif2ak1	chr5	FALSE	FALSE
Eif2ak2	chr17	FALSE	FALSE
Eif2ak4	chr2	FALSE	FALSE
Eif3h	chr15	FALSE	FALSE
Eif3l	chr15	FALSE	FALSE
Eif4a1	chr11	FALSE	FALSE
Eif4b	chr15	FALSE	FALSE
Eif4e3	chr6	FALSE	FALSE
Eif4enif1	chr11	FALSE	FALSE
Eif4g2	chr7	FALSE	FALSE
Eif4g3	chr4	FALSE	TRUE
Eif5a	chr11	FALSE	FALSE
Eif5b	chr1	FALSE	FALSE
Eipr1	chr12	FALSE	FALSE
Elavl1	chr8	FALSE	TRUE
Elavl2	chr4	FALSE	FALSE
Elavl3	chr9	FALSE	TRUE
Elf2	chr3	FALSE	FALSE
Elfn1	chr5	FALSE	FALSE
Elk3	chr10	TRUE	FALSE
Ell	chr8	FALSE	TRUE
Ell2	chr13	FALSE	TRUE
Elmo1	chr13	TRUE	FALSE
Elovl2	chr13	FALSE	FALSE
Elovl5	chr9	FALSE	FALSE
Elovl6	chr3	FALSE	FALSE
Elovl7	chr13	FALSE	FALSE
Elp2	chr18	FALSE	FALSE
Elp3	chr14	FALSE	TRUE
Elp4	chr2	TRUE	FALSE
Emc1	chr4	FALSE	FALSE
Emc2	chr15	FALSE	FALSE
Emc3	chr6	FALSE	FALSE
Emcn	chr3	TRUE	FALSE
Eme2	chr17	FALSE	FALSE
Emid1	chr11	FALSE	FALSE
Eml2	chr7	FALSE	FALSE
Eml4	chr17	FALSE	FALSE
Eml5	chr12	FALSE	FALSE
Eml6	chr11	FALSE	FALSE
Emp1	chr6	FALSE	FALSE
Emsy	chr7	FALSE	TRUE
Enah	chr1	FALSE	TRUE
Eng	chr2	FALSE	FALSE
Enkur	chr2	TRUE	FALSE
Enox1	chr14	FALSE	FALSE
Enox2	chrX	FALSE	FALSE
Enpep	chr3	FALSE	FALSE
Enpp2	chr15	FALSE	TRUE
Enpp7	chr11	FALSE	FALSE
Ensa	chr3	FALSE	FALSE
Eomes	chr9	TRUE	FALSE
Ep400	chr5	FALSE	FALSE
Epas1	chr17	FALSE	FALSE
Epb41l1	chr2	FALSE	TRUE
Epb41l2	chr10	FALSE	FALSE
Epb41l3	chr17	FALSE	TRUE
Epb41l4b	chr4	FALSE	TRUE
Epc1	chr18	FALSE	TRUE
Epc2	chr2	FALSE	FALSE
Epg5	chr18	FALSE	FALSE
Epha10	chr4	FALSE	FALSE
Epha3	chr16	TRUE	FALSE
Epha4	chr1	FALSE	FALSE
Epha5	chr5	TRUE	TRUE
Epha7	chr4	TRUE	FALSE
Ephb1	chr9	FALSE	TRUE
Ephb2	chr4	FALSE	TRUE
Ephx1	chr1	FALSE	FALSE
Epm2a	chr10	FALSE	FALSE
Epn2	chr11	FALSE	TRUE
Epn3	chr11	FALSE	FALSE
Epo	chr5	FALSE	TRUE
Eprs	chr1	FALSE	FALSE
Eps15l1	chr8	FALSE	FALSE
Eps8	chr6	FALSE	TRUE
Eps8l1	chr7	FALSE	FALSE
Epyc	chr10	TRUE	FALSE
Erbb2	chr11	FALSE	FALSE
Erbb4	chr1	TRUE	FALSE
Erbin	chr13	FALSE	FALSE
Erc1	chr6	FALSE	TRUE
Erc2	chr14	FALSE	FALSE
Ercc6	chr14	FALSE	FALSE
Ercc6l2	chr13	FALSE	FALSE
Ercc8	chr13	TRUE	FALSE
Ergic1	chr17	FALSE	FALSE
Ergic2	chr6	FALSE	FALSE
Erh	chr12	FALSE	FALSE
Eri3	chr4	FALSE	FALSE
Ermp1	chr19	FALSE	TRUE
Ern1	chr11	FALSE	FALSE
Erp44	chr4	FALSE	TRUE
Esd	chr14	FALSE	FALSE
Esr1	chr10	FALSE	FALSE
Esrrb	chr12	FALSE	FALSE
Esyt2	chr12	FALSE	FALSE
Esyt3	chr9	FALSE	FALSE
Etf1	chr18	FALSE	FALSE
Etfa	chr9	FALSE	FALSE
Etnk1	chr6	FALSE	TRUE
Ets1	chr9	FALSE	FALSE
Etv2	chr7	FALSE	FALSE
Etv3	chr3	FALSE	FALSE
Etv6	chr6	FALSE	FALSE
Eva1c	chr16	FALSE	FALSE
Evc	chr5	FALSE	FALSE
Evc2	chr5	FALSE	FALSE
Evi5	chr5	FALSE	FALSE
Evi5l	chr8	FALSE	FALSE
Evl	chr12	FALSE	FALSE
Exd2	chr12	FALSE	FALSE
Exoc2	chr13	FALSE	FALSE
Exoc3l	chr8	TRUE	FALSE
Exoc3l4	chr12	FALSE	FALSE
Exoc4	chr6	FALSE	FALSE
Exoc6	chr19	FALSE	FALSE
Exoc6b	chr6	FALSE	FALSE
Exog	chr9	FALSE	FALSE
Exph5	chr9	TRUE	FALSE
Ext1	chr15	FALSE	FALSE
Ext2	chr2	FALSE	FALSE
Extl3	chr14	FALSE	FALSE
Eya1	chr1	TRUE	TRUE
Eya2	chr2	FALSE	FALSE
Eya3	chr4	FALSE	FALSE
Ezr	chr17	FALSE	FALSE
F11r	chr1	FALSE	FALSE
F12	chr13	FALSE	FALSE
F13a1	chr13	FALSE	FALSE
F13b	chr1	FALSE	FALSE
F8	chrX	FALSE	FALSE
F830045P16Rik	chr2	TRUE	FALSE
Faah	chr4	FALSE	FALSE
Faap20	chr4	FALSE	FALSE
Fabp12	chr3	FALSE	FALSE
Fabp6	chr11	FALSE	FALSE
Fads2b	chr2	FALSE	FALSE
Fads6	chr11	FALSE	FALSE
Faf1	chr4	FALSE	FALSE
Fam102b	chr3	FALSE	FALSE
Fam107a	chr14	FALSE	FALSE
Fam107b	chr2	TRUE	FALSE
Fam114a1	chr5	FALSE	FALSE
Fam117a	chr11	FALSE	FALSE
Fam117b	chr1	FALSE	TRUE
Fam120a	chr13	FALSE	TRUE
Fam120b	chr17	FALSE	FALSE
Fam120c	chrX	FALSE	FALSE
Fam126a	chr5	FALSE	FALSE
Fam126b	chr1	FALSE	FALSE
Fam129a	chr1	FALSE	FALSE
Fam129b	chr2	FALSE	FALSE
Fam135b	chr15	FALSE	TRUE
Fam13c	chr10	FALSE	FALSE
Fam155a	chr8	FALSE	TRUE
Fam160a1	chr3	FALSE	FALSE
Fam160a2	chr7	FALSE	FALSE
Fam160b2	chr14	FALSE	FALSE
Fam162a	chr16	FALSE	FALSE
Fam163a	chr1	FALSE	FALSE
Fam163b	chr2	FALSE	TRUE
Fam167a	chr14	FALSE	FALSE
Fam168a	chr7	FALSE	TRUE
Fam168b	chr1	FALSE	TRUE
Fam169a	chr13	TRUE	TRUE
Fam169b	chr7	FALSE	FALSE
Fam171a1	chr2	FALSE	TRUE
Fam172a	chr13	FALSE	FALSE
Fam180a	chr6	TRUE	FALSE
Fam181b	chr7	FALSE	FALSE
Fam185a	chr5	TRUE	FALSE
Fam186a	chr15	FALSE	FALSE
Fam186b	chr15	FALSE	FALSE
Fam187b	chr7	FALSE	FALSE
Fam189a2	chr19	FALSE	FALSE
Fam192a	chr8	FALSE	FALSE
Fam193a	chr5	FALSE	TRUE
Fam20a	chr11	FALSE	FALSE
Fam20b	chr1	FALSE	FALSE
Fam20c	chr5	FALSE	FALSE
Fam214a	chr9	FALSE	FALSE
Fam216b	chr14	FALSE	FALSE
Fam219a	chr4	FALSE	FALSE
Fam221a	chr6	FALSE	FALSE
Fam222a	chr5	FALSE	FALSE
Fam222b	chr11	FALSE	TRUE
Fam228a	chr12	FALSE	FALSE
Fam234b	chr6	FALSE	FALSE
Fam3b	chr16	FALSE	FALSE
Fam3c	chr6	FALSE	FALSE
Fam49a	chr12	FALSE	TRUE
Fam49b	chr15	FALSE	TRUE
Fam53b	chr7	TRUE	FALSE
Fam71d	chr12	FALSE	FALSE
Fam71f2	chr6	FALSE	FALSE
Fam72a	chr1	TRUE	FALSE
Fam78a	chr2	FALSE	FALSE
Fam78b	chr1	TRUE	FALSE
Fam81a	chr9	FALSE	FALSE
Fam81b	chr13	TRUE	FALSE
Fam83g	chr11	FALSE	FALSE
Fam92a	chr4	FALSE	FALSE
Fam92b	chr8	FALSE	FALSE
Fancc	chr13	FALSE	TRUE
Fanci	chr7	FALSE	FALSE
Fancm	chr12	FALSE	FALSE
Far1	chr7	FALSE	FALSE
Far2	chr6	FALSE	TRUE
Farp1	chr14	FALSE	TRUE
Farp2	chr1	FALSE	FALSE
Fars2	chr13	FALSE	FALSE
Farsb	chr1	FALSE	FALSE
Fat2	chr11	FALSE	TRUE
Fat3	chr9	FALSE	TRUE
Faxc	chr4	FALSE	FALSE
Fbf1	chr11	FALSE	FALSE
Fbh1	chr2	FALSE	FALSE
Fbln2	chr6	FALSE	FALSE
Fbln5	chr12	FALSE	FALSE
Fbln7	chr2	FALSE	FALSE
Fbp1	chr13	FALSE	FALSE
Fbrsl1	chr5	FALSE	TRUE
Fbxl17	chr17	FALSE	FALSE
Fbxl18	chr5	FALSE	FALSE
Fbxl2	chr9	FALSE	TRUE
Fbxl20	chr11	FALSE	TRUE
Fbxl4	chr4	FALSE	FALSE
Fbxl5	chr5	FALSE	FALSE
Fbxl7	chr15	TRUE	FALSE
Fbxl8	chr8	FALSE	FALSE
Fbxo10	chr4	FALSE	FALSE
Fbxo11	chr17	FALSE	TRUE
Fbxo2	chr4	FALSE	FALSE
Fbxo24	chr5	FALSE	FALSE
Fbxo33	chr12	FALSE	FALSE
Fbxo34	chr14	FALSE	FALSE
Fbxo41	chr6	FALSE	FALSE
Fbxo42	chr4	FALSE	FALSE
Fbxo45	chr16	FALSE	FALSE
Fbxo6	chr4	FALSE	FALSE
Fbxw11	chr11	FALSE	TRUE
Fbxw2	chr2	FALSE	FALSE
Fbxw28	chr9	FALSE	FALSE
Fbxw4	chr19	FALSE	FALSE
Fbxw7	chr3	FALSE	TRUE
Fbxw8	chr5	FALSE	TRUE
Fcho2	chr13	FALSE	FALSE
Fchsd2	chr7	FALSE	FALSE
Fcmr	chr1	FALSE	FALSE
Fcrl1	chr3	FALSE	FALSE
Fcrl5	chr3	FALSE	FALSE
Fer	chr17	FALSE	FALSE
Fer1l4	chr2	FALSE	FALSE
Fer1l5	chr1	FALSE	FALSE
Fer1l6	chr15	FALSE	FALSE
Fermt1	chr2	FALSE	FALSE
Fermt2	chr14	FALSE	TRUE
Fez2	chr17	TRUE	FALSE
Fezf2	chr14	FALSE	FALSE
Fgd1	chrX	FALSE	FALSE
Fgd3	chr13	FALSE	FALSE
Fgd4	chr16	FALSE	FALSE
Fgd5	chr6	FALSE	FALSE
Fgf1	chr18	TRUE	FALSE
Fgf12	chr16	FALSE	FALSE
Fgf14	chr14	FALSE	TRUE
Fgf20	chr8	TRUE	FALSE
Fgf4	chr7	FALSE	FALSE
Fgf5	chr5	FALSE	FALSE
Fgfr1op2	chr6	FALSE	FALSE
Fgfr2	chr7	FALSE	TRUE
Fgfr3	chr5	FALSE	FALSE
Fgfr4	chr13	FALSE	FALSE
Fhad1	chr4	FALSE	FALSE
Fhdc1	chr3	TRUE	TRUE
Fhl1	chrX	FALSE	TRUE
Fibcd1	chr2	FALSE	FALSE
Fig4	chr10	FALSE	FALSE
Fign	chr2	FALSE	FALSE
Fignl2	chr15	FALSE	FALSE
Filip1	chr9	FALSE	FALSE
Filip1l	chr16	FALSE	FALSE
Fip1l1	chr5	FALSE	FALSE
Fkbp14	chr6	TRUE	FALSE
Fkbp5	chr17	FALSE	FALSE
Fkbp9	chr6	FALSE	FALSE
Flnb	chr14	FALSE	FALSE
Flot2	chr11	FALSE	FALSE
Flrt3	chr2	TRUE	FALSE
Flt1	chr5	FALSE	FALSE
Flt3	chr5	FALSE	FALSE
Flt4	chr11	FALSE	FALSE
Flywch1	chr17	FALSE	TRUE
Fmn1	chr2	FALSE	FALSE
Fmn2	chr1	FALSE	FALSE
Fmnl2	chr2	FALSE	TRUE
Fmnl3	chr15	FALSE	FALSE
Fmo3	chr1	FALSE	FALSE
Fmo4	chr1	FALSE	FALSE
Fmo5	chr3	FALSE	FALSE
Fmo6	chr1	FALSE	FALSE
Fmr1nb	chrX	FALSE	FALSE
Fnbp1	chr2	FALSE	TRUE
Fnbp1l	chr3	TRUE	FALSE
Fndc1	chr17	FALSE	FALSE
Fnip2	chr3	FALSE	FALSE
Fntb	chr12	TRUE	FALSE
Focad	chr4	TRUE	FALSE
Folh1	chr7	FALSE	FALSE
Fopnl	chr16	FALSE	FALSE
Fosl2	chr5	FALSE	FALSE
Foxa3	chr7	FALSE	FALSE
Foxj1	chr11	FALSE	FALSE
Foxj3	chr4	FALSE	FALSE
Foxk1	chr5	FALSE	FALSE
Foxn1	chr11	FALSE	FALSE
Foxn2	chr17	TRUE	FALSE
Foxn3	chr12	FALSE	TRUE
Foxo1	chr3	FALSE	FALSE
Foxo3	chr10	FALSE	TRUE
Foxo6	chr4	FALSE	FALSE
Foxp1	chr6	FALSE	TRUE
Foxp4	chr17	FALSE	TRUE
Frem1	chr4	TRUE	FALSE
Frem3	chr8	FALSE	FALSE
Frmd4a	chr2	FALSE	TRUE
Frmd4b	chr6	FALSE	TRUE
Frmd5	chr2	FALSE	FALSE
Frmd6	chr12	TRUE	FALSE
Frmd8	chr19	FALSE	FALSE
Frmpd1	chr4	FALSE	FALSE
Frmpd2	chr14	TRUE	FALSE
Frrs1l	chr4	FALSE	TRUE
Frs2	chr10	FALSE	FALSE
Fry	chr5	FALSE	TRUE
Fryl	chr5	FALSE	FALSE
Fscn2	chr11	FALSE	FALSE
Fsd1	chr17	FALSE	FALSE
Fsip1	chr2	FALSE	FALSE
Fstl4	chr11	FALSE	TRUE
Fto	chr8	FALSE	TRUE
Fubp3	chr2	FALSE	FALSE
Furin	chr7	FALSE	FALSE
Fut10	chr8	FALSE	FALSE
Fut8	chr12	FALSE	TRUE
Fxyd6	chr9	TRUE	FALSE
Fyco1	chr9	FALSE	FALSE
Fyn	chr10	FALSE	TRUE
Fzd3	chr14	FALSE	FALSE
Fzd6	chr15	FALSE	FALSE
Fzd7	chr1	TRUE	FALSE
G2e3	chr12	FALSE	FALSE
Gab2	chr7	FALSE	FALSE
Gab3	chrX	FALSE	FALSE
Gabbr2	chr4	FALSE	TRUE
Gabpb1	chr2	FALSE	FALSE
Gabpb2	chr3	FALSE	TRUE
Gabra1	chr11	FALSE	FALSE
Gabra2	chr5	TRUE	FALSE
Gabrb2	chr11	FALSE	TRUE
Gabrb3	chr7	FALSE	TRUE
Gabrg1	chr5	TRUE	FALSE
Gabrp	chr11	FALSE	FALSE
Gabrr2	chr4	TRUE	FALSE
Gabrr3	chr16	FALSE	FALSE
Gad1	chr2	FALSE	FALSE
Galc	chr12	FALSE	FALSE
Galk2	chr2	FALSE	FALSE
Galns	chr8	FALSE	FALSE
Galnt1	chr18	FALSE	FALSE
Galnt10	chr11	FALSE	FALSE
Galnt13	chr2	FALSE	FALSE
Galnt14	chr17	FALSE	FALSE
Galnt16	chr12	FALSE	TRUE
Galnt17	chr5	FALSE	FALSE
Galnt18	chr7	FALSE	FALSE
Galnt2	chr8	FALSE	FALSE
Galnt2l	chr8	FALSE	TRUE
Galnt3	chr2	FALSE	FALSE
Galnt5	chr2	TRUE	FALSE
Galnt7	chr8	TRUE	FALSE
Galnt9	chr5	FALSE	TRUE
Galntl6	chr8	TRUE	FALSE
Gan	chr8	FALSE	FALSE
Gap43	chr16	TRUE	FALSE
Gapvd1	chr2	FALSE	FALSE
Garem1	chr18	FALSE	TRUE
Garnl3	chr2	FALSE	TRUE
Gars	chr6	FALSE	FALSE
Gart	chr16	FALSE	FALSE
Gas2	chr7	FALSE	FALSE
Gas2l1	chr11	FALSE	FALSE
Gas6	chr8	FALSE	FALSE
Gask1b	chr3	FALSE	FALSE
Gata3	chr2	FALSE	FALSE
Gatad2a	chr8	FALSE	TRUE
Gatad2b	chr3	FALSE	TRUE
Gba	chr3	FALSE	FALSE
Gbe1	chr16	FALSE	FALSE
Gbf1	chr19	FALSE	FALSE
Gbp2	chr3	FALSE	FALSE
Gbp3	chr3	FALSE	FALSE
Gbp5	chr3	FALSE	FALSE
Gbp7	chr3	FALSE	FALSE
Gbx1	chr5	FALSE	FALSE
Gcc2	chr10	FALSE	FALSE
Gcfc2	chr6	FALSE	FALSE
Gcgr	chr11	FALSE	FALSE
Gch1	chr14	FALSE	FALSE
Gclc	chr9	FALSE	FALSE
Gcn1	chr5	FALSE	TRUE
Gcnt2	chr13	FALSE	FALSE
Gdap2	chr3	FALSE	FALSE
Gdf9	chr11	FALSE	FALSE
Gdnf	chr15	TRUE	FALSE
Gdpd1	chr11	FALSE	FALSE
Gdpd5	chr7	FALSE	FALSE
Gem	chr4	FALSE	FALSE
Get1	chr16	TRUE	FALSE
Gfod2	chr8	FALSE	FALSE
Gfpt1	chr6	FALSE	FALSE
Gfra1	chr19	FALSE	FALSE
Gfral	chr9	FALSE	FALSE
Ggcx	chr6	FALSE	FALSE
Ggh	chr4	FALSE	FALSE
Ggnbp1	chr17	FALSE	FALSE
Ggta1	chr2	FALSE	FALSE
Ghr	chr15	FALSE	FALSE
Ghrhr	chr6	FALSE	FALSE
Gigyf1	chr5	FALSE	TRUE
Gigyf2	chr1	FALSE	FALSE
Gimd1	chr3	FALSE	FALSE
Git2	chr5	FALSE	TRUE
Gja5	chr3	TRUE	FALSE
Gjc1	chr11	FALSE	FALSE
Gjc3	chr5	FALSE	FALSE
Gk	chrX	FALSE	FALSE
Gk5	chr9	FALSE	FALSE
Gkn1	chr6	FALSE	FALSE
Glb1	chr9	FALSE	FALSE
Glb1l2	chr9	FALSE	FALSE
Glcci1	chr6	FALSE	FALSE
Glg1	chr8	FALSE	FALSE
Gli2	chr1	FALSE	TRUE
Gli3	chr13	FALSE	FALSE
Glis1	chr4	FALSE	FALSE
Glis3	chr19	FALSE	FALSE
Glod4	chr11	FALSE	FALSE
Glp1r	chr17	FALSE	FALSE
Glra1	chr11	FALSE	FALSE
Glra2	chrX	TRUE	FALSE
Glrb	chr3	FALSE	FALSE
Glrx3	chr7	FALSE	FALSE
Gls	chr1	FALSE	FALSE
Glt1d1	chr5	FALSE	FALSE
Glt8d2	chr10	TRUE	FALSE
Gm10220	chr5	FALSE	FALSE
Gm10271	chr10	FALSE	FALSE
Gm10309	chr17	FALSE	FALSE
Gm1043	chr5	FALSE	FALSE
Gm10945	chr10	FALSE	FALSE
Gm11099	chr2	FALSE	FALSE
Gm1123	chr9	FALSE	FALSE
Gm11437	chr11	FALSE	FALSE
Gm11639	chr11	FALSE	FALSE
Gm12216	chr11	FALSE	FALSE
Gm12695	chr4	TRUE	FALSE
Gm13283	chr4	FALSE	FALSE
Gm14325	chr2	FALSE	FALSE
Gm14327	chr2	FALSE	FALSE
Gm14393	chr2	FALSE	FALSE
Gm14862	chrX	TRUE	FALSE
Gm15155	chrX	TRUE	FALSE
Gm1604b	chr17	FALSE	FALSE
Gm16223	chr5	FALSE	FALSE
Gm17482	chr6	TRUE	FALSE
Gm17545	chr9	TRUE	FALSE
Gm19935	chr8	FALSE	FALSE
Gm2030	chrX	FALSE	FALSE
Gm20449	chr7	FALSE	FALSE
Gm20498	chr12	FALSE	FALSE
Gm20503	chr4	FALSE	FALSE
Gm20517	chr17	FALSE	FALSE
Gm20518	chr16	FALSE	TRUE
Gm20547	chr17	FALSE	FALSE
Gm20671	chr5	FALSE	FALSE
Gm20695	chr16	FALSE	FALSE
Gm20696	chr6	FALSE	TRUE
Gm20708	chr11	FALSE	FALSE
Gm2115	chr7	FALSE	FALSE
Gm21798	chr15	TRUE	FALSE
Gm21961	chr15	TRUE	FALSE
Gm21969	chr4	FALSE	TRUE
Gm21985	chr2	FALSE	FALSE
Gm21992	chr19	FALSE	TRUE
Gm27021	chr8	FALSE	FALSE
Gm28035	chr2	FALSE	TRUE
Gm28038	chr2	FALSE	FALSE
Gm28040	chr1	FALSE	FALSE
Gm28047	chr15	FALSE	TRUE
Gm281	chr14	FALSE	FALSE
Gm28539	chr16	FALSE	FALSE
Gm28551	chr1	FALSE	FALSE
Gm28635	chr2	FALSE	FALSE
Gm28778	chr1	TRUE	FALSE
Gm29427	chr1	FALSE	FALSE
Gm29609	chr5	FALSE	FALSE
Gm2a	chr11	FALSE	FALSE
Gm32742	chr9	FALSE	FALSE
Gm37013	chr18	FALSE	TRUE
Gm37240	chr3	TRUE	TRUE
Gm37388	chr18	FALSE	TRUE
Gm3755	chr14	FALSE	FALSE
Gm38392	chr3	FALSE	FALSE
Gm42416	chr18	FALSE	TRUE
Gm42420	chr6	FALSE	FALSE
Gm42906	chr5	FALSE	FALSE
Gm42957	chr3	FALSE	FALSE
Gm43064	chr3	TRUE	FALSE
Gm43191	chr3	FALSE	FALSE
Gm43552	chr5	FALSE	FALSE
Gm43951	chr11	FALSE	FALSE
Gm4450	chr3	FALSE	FALSE
Gm44596	chr6	FALSE	TRUE
Gm44790	chr6	FALSE	FALSE
Gm44973	chr7	FALSE	FALSE
Gm45062	chr6	FALSE	FALSE
Gm45261	chr1	TRUE	FALSE
Gm45713	chr7	FALSE	FALSE
Gm45837	chr7	FALSE	TRUE
Gm4792	chr10	TRUE	FALSE
Gm4847	chr1	FALSE	FALSE
Gm4924	chr10	FALSE	FALSE
Gm49337	chr4	TRUE	TRUE
Gm49355	chr14	FALSE	FALSE
Gm49361	chr14	FALSE	FALSE
Gm49394	chr7	FALSE	FALSE
Gm49496	chr13	FALSE	TRUE
Gm49630	chr17	FALSE	FALSE
Gm4969	chr7	FALSE	FALSE
Gm49721	chr17	FALSE	FALSE
Gm49776	chr16	FALSE	FALSE
Gm49948	chr16	FALSE	FALSE
Gm50253	chr17	FALSE	FALSE
Gm50364	chr18	FALSE	FALSE
Gm5108	chr5	FALSE	FALSE
Gm5127	chrX	FALSE	FALSE
Gm5134	chr10	TRUE	FALSE
Gm5592	chr7	FALSE	FALSE
Gm5622	chr14	FALSE	FALSE
Gm5624	chr14	FALSE	FALSE
Gm5767	chr16	FALSE	FALSE
Gm5901	chr7	FALSE	FALSE
Gm5965	chr16	TRUE	FALSE
Gm609	chr16	FALSE	FALSE
Gm6356	chr14	FALSE	FALSE
Gm6614	chr6	FALSE	FALSE
Gm7030	chr17	FALSE	FALSE
Gm7247	chr14	FALSE	FALSE
Gm765	chr6	FALSE	FALSE
Gm8251	chr1	FALSE	FALSE
Gm8257	chr14	FALSE	FALSE
Gm884	chr11	FALSE	FALSE
Gm973	chr1	TRUE	FALSE
Gm9732	chr14	FALSE	FALSE
Gmds	chr13	FALSE	FALSE
Gmeb1	chr4	FALSE	FALSE
Gmeb2	chr2	FALSE	FALSE
Gmps	chr3	FALSE	FALSE
Gna14	chr19	FALSE	FALSE
Gnai3	chr3	FALSE	FALSE
Gnal	chr18	FALSE	TRUE
Gnao1	chr8	FALSE	TRUE
Gnaq	chr19	FALSE	TRUE
Gnaz	chr10	FALSE	FALSE
Gnb4	chr3	FALSE	FALSE
Gng12	chr6	FALSE	FALSE
Gng7	chr10	FALSE	FALSE
Gngt2	chr11	FALSE	FALSE
Gnptab	chr10	FALSE	TRUE
Golga4	chr9	FALSE	TRUE
Golga7	chr8	FALSE	FALSE
Golph3	chr15	FALSE	FALSE
Golph3l	chr3	FALSE	FALSE
Gon4l	chr3	FALSE	FALSE
Gpam	chr19	FALSE	TRUE
Gpat3	chr5	FALSE	TRUE
Gpatch2l	chr12	FALSE	FALSE
Gpatch8	chr11	FALSE	FALSE
Gpbp1	chr13	FALSE	TRUE
Gpc1	chr1	FALSE	FALSE
Gpc5	chr14	FALSE	FALSE
Gpd1l	chr9	FALSE	FALSE
Gpd2	chr2	FALSE	FALSE
Gphn	chr12	FALSE	FALSE
Gpld1	chr13	FALSE	FALSE
Gpm6a	chr8	FALSE	TRUE
Gpm6b	chrX	TRUE	FALSE
Gpr1	chr1	FALSE	FALSE
Gpr107	chr2	FALSE	FALSE
Gpr137c	chr14	FALSE	FALSE
Gpr149	chr3	FALSE	FALSE
Gpr153	chr4	FALSE	FALSE
Gpr158	chr2	FALSE	TRUE
Gpr160	chr3	FALSE	FALSE
Gpr174	chrX	FALSE	FALSE
Gpr176	chr2	FALSE	FALSE
Gpr18	chr14	FALSE	FALSE
Gpr22	chr12	TRUE	FALSE
Gpr37	chr6	FALSE	FALSE
Gpr68	chr12	TRUE	FALSE
Gpr82	chrX	FALSE	FALSE
Gprasp1	chrX	FALSE	FALSE
Gprc5a	chr6	FALSE	FALSE
Gprc5b	chr7	FALSE	TRUE
Gprin2	chr14	FALSE	FALSE
Gprin3	chr6	TRUE	FALSE
Gpsm2	chr3	FALSE	FALSE
Gpx2	chr12	FALSE	FALSE
Gramd2	chr9	FALSE	FALSE
Gramd3	chr18	FALSE	FALSE
Grap	chr11	FALSE	FALSE
Grap2	chr15	FALSE	FALSE
Grb2	chr11	FALSE	TRUE
Grb7	chr11	FALSE	FALSE
Greb1	chr12	FALSE	FALSE
Greb1l	chr18	FALSE	FALSE
Grem2	chr1	FALSE	FALSE
Grhpr	chr4	FALSE	FALSE
Gria1	chr11	TRUE	FALSE
Gria2	chr3	FALSE	TRUE
Gria4	chr9	FALSE	TRUE
Grid1	chr14	TRUE	TRUE
Grid2	chr6	FALSE	FALSE
Grid2ip	chr5	FALSE	FALSE
Grik2	chr10	FALSE	TRUE
Grik5	chr7	FALSE	FALSE
Grin2a	chr16	FALSE	TRUE
Grin2b	chr6	FALSE	FALSE
Grin3a	chr4	FALSE	FALSE
Grip1	chr10	FALSE	FALSE
Grip2	chr6	FALSE	TRUE
Grk4	chr5	FALSE	FALSE
Grk5	chr19	FALSE	FALSE
Grk6	chr13	FALSE	FALSE
Grm1	chr10	FALSE	TRUE
Grm3	chr5	FALSE	FALSE
Grm4	chr17	FALSE	TRUE
Grm8	chr6	FALSE	FALSE
Grn	chr11	FALSE	FALSE
Grtp1	chr8	FALSE	FALSE
Grxcr1	chr5	TRUE	FALSE
Gsap	chr5	FALSE	FALSE
Gsc2	chr16	FALSE	FALSE
Gsdma3	chr11	FALSE	FALSE
Gsdme	chr6	FALSE	FALSE
Gse1	chr8	FALSE	TRUE
Gsg1l	chr7	FALSE	TRUE
Gsk3b	chr16	FALSE	TRUE
Gsn	chr2	FALSE	FALSE
Gsta3	chr1	FALSE	FALSE
Gstm1	chr3	FALSE	FALSE
Gstm4	chr3	FALSE	FALSE
Gsto2	chr19	FALSE	FALSE
Gtf2f2	chr14	FALSE	FALSE
Gtf2i	chr5	FALSE	TRUE
Gtf2ird1	chr5	FALSE	FALSE
Gtf2ird2	chr5	FALSE	FALSE
Gtf3c1	chr7	FALSE	TRUE
Gtf3c2	chr5	FALSE	FALSE
Gtf3c3	chr1	FALSE	FALSE
Gucy1a1	chr3	FALSE	FALSE
Gucy1a2	chr9	FALSE	TRUE
Gucy2c	chr6	FALSE	FALSE
Gxylt1	chr15	FALSE	FALSE
Gyg	chr3	FALSE	FALSE
Gzmn	chr14	TRUE	FALSE
H1f6	chr13	FALSE	FALSE
H2-Aa	chr17	FALSE	FALSE
H2-Ab1	chr17	FALSE	FALSE
H2-M1	chr17	FALSE	FALSE
H2-Q10	chr17	FALSE	FALSE
H2bc4	chr13	TRUE	TRUE
H3c15	chr3	TRUE	FALSE
H3f3a	chr1	FALSE	FALSE
H60c	chr10	TRUE	FALSE
Hacd2	chr16	FALSE	FALSE
Hacd4	chr4	FALSE	FALSE
Hace1	chr10	FALSE	FALSE
Hadh	chr3	FALSE	FALSE
Hadha	chr5	FALSE	FALSE
Hapln3	chr7	FALSE	FALSE
Hars2	chr18	FALSE	FALSE
Haus6	chr4	FALSE	FALSE
Havcr1	chr11	FALSE	FALSE
Hbb-bs	chr7	FALSE	FALSE
Hbs1l	chr10	FALSE	FALSE
Hcfc1	chrX	FALSE	FALSE
Hcfc2	chr10	FALSE	FALSE
Hcn1	chr13	TRUE	FALSE
Hcn4	chr9	FALSE	FALSE
Hdac11	chr6	TRUE	FALSE
Hdac4	chr1	FALSE	TRUE
Hdac8	chrX	FALSE	FALSE
Hdac9	chr12	FALSE	FALSE
Hddc2	chr10	FALSE	FALSE
Hdgf	chr3	FALSE	FALSE
Hdgfl2	chr17	FALSE	FALSE
Hdgfl3	chr7	FALSE	FALSE
Hdhd2	chr18	FALSE	FALSE
Hdhd5	chr6	FALSE	FALSE
Hdlbp	chr1	FALSE	TRUE
Hdx	chrX	FALSE	FALSE
Heatr1	chr13	FALSE	FALSE
Heca	chr10	FALSE	FALSE
Hectd1	chr12	FALSE	FALSE
Hectd4	chr5	FALSE	TRUE
Hecw1	chr13	FALSE	FALSE
Hecw2	chr1	FALSE	TRUE
Heg1	chr16	TRUE	FALSE
Helz	chr11	FALSE	TRUE
Hepacam2	chr6	FALSE	FALSE
Herc1	chr9	FALSE	FALSE
Herc2	chr7	FALSE	TRUE
Herc4	chr10	FALSE	FALSE
Herc6	chr6	FALSE	FALSE
Herpud2	chr9	FALSE	FALSE
Hes3	chr4	FALSE	FALSE
Hexa	chr9	FALSE	FALSE
Heyl	chr4	FALSE	FALSE
Hgd	chr16	TRUE	FALSE
Hgf	chr5	FALSE	FALSE
Hhat	chr1	FALSE	FALSE
Hhip	chr8	TRUE	FALSE
Hhipl1	chr12	FALSE	FALSE
Hhla1	chr15	FALSE	FALSE
Hibadh	chr6	FALSE	FALSE
Hic1	chr11	FALSE	FALSE
Hic2	chr16	FALSE	FALSE
Hif1an	chr19	FALSE	FALSE
Hikeshi	chr7	TRUE	FALSE
Hip1	chr5	FALSE	FALSE
Hipk2	chr6	FALSE	FALSE
Hipk3	chr2	FALSE	FALSE
Hira	chr16	FALSE	FALSE
Hivep1	chr13	FALSE	FALSE
Hivep2	chr10	FALSE	TRUE
Hk2	chr6	TRUE	FALSE
Hlcs	chr16	FALSE	TRUE
Hlf	chr11	FALSE	TRUE
Hltf	chr3	FALSE	FALSE
Hmbox1	chr14	FALSE	TRUE
Hmces	chr6	FALSE	FALSE
Hmcn1	chr1	TRUE	FALSE
Hmcn2	chr2	FALSE	FALSE
Hmg20a	chr9	FALSE	FALSE
Hmga2	chr10	FALSE	FALSE
Hmgb1	chr5	FALSE	FALSE
Hmgb2	chr8	TRUE	FALSE
Hmgn3	chr9	FALSE	FALSE
Hmgxb3	chr18	FALSE	FALSE
Hmmr	chr11	FALSE	FALSE
Hnf4a	chr2	FALSE	FALSE
Hnf4g	chr3	FALSE	FALSE
Hnrnpk	chr13	FALSE	FALSE
Homer2	chr7	FALSE	FALSE
Hook3	chr8	FALSE	TRUE
Hoxb7	chr11	FALSE	FALSE
Hoxc4	chr15	FALSE	FALSE
Hp	chr8	FALSE	FALSE
Hp1bp3	chr4	FALSE	FALSE
Hpca	chr4	FALSE	FALSE
Hpse2	chr19	FALSE	FALSE
Hrh1	chr6	FALSE	FALSE
Hs2st1	chr3	FALSE	FALSE
Hs3st1	chr5	FALSE	TRUE
Hs3st5	chr10	TRUE	TRUE
Hs6st3	chr14	FALSE	FALSE
Hsbp1l1	chr18	FALSE	FALSE
Hsd17b11	chr5	FALSE	FALSE
Hsf1	chr15	FALSE	FALSE
Hsf3	chrX	FALSE	FALSE
Hsf5	chr11	FALSE	FALSE
Hspa12a	chr19	FALSE	FALSE
Hspb7	chr4	FALSE	FALSE
Hspbap1	chr16	FALSE	FALSE
Hspg2	chr4	FALSE	FALSE
Htatip2	chr7	TRUE	FALSE
Htr1d	chr4	FALSE	FALSE
Htr1f	chr16	FALSE	FALSE
Htr4	chr18	FALSE	FALSE
Htr6	chr4	FALSE	FALSE
Htra1	chr7	FALSE	FALSE
Htt	chr5	FALSE	FALSE
Hydin	chr8	TRUE	FALSE
Ica1	chr6	FALSE	FALSE
Ice1	chr13	FALSE	FALSE
Icos	chr1	TRUE	FALSE
Ide	chr19	FALSE	FALSE
Iffo2	chr4	FALSE	TRUE
Ifi214	chr1	TRUE	FALSE
Ifi44l	chr3	FALSE	FALSE
Ifitm10	chr7	FALSE	FALSE
Ifnar2	chr16	FALSE	FALSE
Ifngr1	chr10	FALSE	FALSE
Ift122	chr6	TRUE	FALSE
Ift140	chr17	FALSE	FALSE
Ift57	chr16	TRUE	FALSE
Ift80	chr3	FALSE	TRUE
Ift81	chr5	FALSE	FALSE
Igbp1	chrX	TRUE	FALSE
Igdcc4	chr9	FALSE	FALSE
Igf1r	chr7	FALSE	TRUE
Igf2bp3	chr6	FALSE	FALSE
Igfbp2	chr1	FALSE	FALSE
Igfbp7	chr5	FALSE	FALSE
Igfbpl1	chr4	FALSE	FALSE
Igll1	chr16	FALSE	FALSE
Iglon5	chr7	FALSE	TRUE
Igsf10	chr3	TRUE	FALSE
Igsf11	chr16	FALSE	FALSE
Igsf21	chr4	FALSE	TRUE
Igsf3	chr3	FALSE	FALSE
Igsf5	chr16	FALSE	FALSE
Igsf6	chr7	FALSE	FALSE
Igsf9b	chr9	FALSE	TRUE
Ihh	chr1	FALSE	FALSE
Ikbkb	chr8	FALSE	FALSE
Ikbke	chr1	FALSE	FALSE
Ikzf2	chr1	FALSE	FALSE
Ikzf3	chr11	FALSE	FALSE
Ikzf5	chr7	FALSE	FALSE
Il10ra	chr9	TRUE	FALSE
Il11ra1	chr4	FALSE	FALSE
Il12rb1	chr8	FALSE	FALSE
Il12rb2	chr6	FALSE	FALSE
Il13ra1	chrX	FALSE	FALSE
Il17ra	chr6	FALSE	FALSE
Il17rb	chr14	FALSE	FALSE
Il17rd	chr14	FALSE	FALSE
Il19	chr1	FALSE	FALSE
Il1r1	chr1	FALSE	FALSE
Il1r2	chr1	FALSE	FALSE
Il1rap	chr16	FALSE	TRUE
Il1rapl2	chrX	FALSE	FALSE
Il20rb	chr9	TRUE	FALSE
Il27ra	chr8	FALSE	FALSE
Il31ra	chr13	FALSE	FALSE
Il4ra	chr7	FALSE	FALSE
Il6ra	chr3	FALSE	FALSE
Il6st	chr13	FALSE	FALSE
Il7	chr3	TRUE	FALSE
Ildr1	chr16	FALSE	FALSE
Ilf3	chr9	FALSE	FALSE
Ilrun	chr17	FALSE	FALSE
Iltifb	chr10	FALSE	FALSE
Ilvbl	chr10	TRUE	FALSE
Immp2l	chr12	FALSE	FALSE
Impa1	chr3	FALSE	FALSE
Impa2	chr18	FALSE	FALSE
Impad1	chr4	FALSE	TRUE
Impdh1	chr6	FALSE	FALSE
Impg2	chr16	FALSE	FALSE
Inava	chr1	FALSE	FALSE
Inf2	chr12	FALSE	TRUE
Inip	chr4	TRUE	FALSE
Ino80	chr2	FALSE	FALSE
Ino80d	chr1	FALSE	FALSE
Inpp4b	chr8	FALSE	TRUE
Inpp5a	chr7	FALSE	TRUE
Inpp5b	chr4	FALSE	FALSE
Ins2	chr7	FALSE	FALSE
Insc	chr7	FALSE	FALSE
Insl5	chr4	FALSE	FALSE
Insr	chr8	FALSE	TRUE
Insrr	chr3	FALSE	FALSE
Ints13	chr6	FALSE	FALSE
Ints2	chr11	FALSE	FALSE
Ints3	chr3	FALSE	TRUE
Ints4	chr7	TRUE	FALSE
Ints6	chr14	FALSE	FALSE
Ints9	chr14	FALSE	TRUE
Intu	chr3	TRUE	FALSE
Invs	chr4	FALSE	FALSE
Ipcef1	chr10	TRUE	FALSE
Ipo11	chr13	FALSE	FALSE
Ippk	chr13	FALSE	TRUE
Iqca1l	chr5	FALSE	FALSE
Iqce	chr5	FALSE	FALSE
Iqcf2	chr9	FALSE	FALSE
Iqch	chr9	FALSE	FALSE
Iqcj	chr3	FALSE	FALSE
Iqck	chr7	TRUE	TRUE
Iqcm	chr8	FALSE	FALSE
Iqgap1	chr7	FALSE	FALSE
Iqgap2	chr13	FALSE	FALSE
Iqschfp	chr3	TRUE	TRUE
Iqsec1	chr6	FALSE	TRUE
Iqsec3	chr6	FALSE	TRUE
Iqub	chr6	FALSE	FALSE
Irak1	chrX	FALSE	TRUE
Irak2	chr6	FALSE	FALSE
Irf2	chr8	FALSE	FALSE
Irf7	chr7	FALSE	FALSE
Irs1	chr1	FALSE	FALSE
Irx5	chr8	FALSE	FALSE
Isg20l2	chr3	FALSE	FALSE
Islr2	chr9	FALSE	FALSE
Ism1	chr2	FALSE	FALSE
Isoc2b	chr7	FALSE	FALSE
Isx	chr8	TRUE	FALSE
Itch	chr2	FALSE	FALSE
Itfg1	chr8	FALSE	FALSE
Itga5	chr15	FALSE	FALSE
Itga6	chr2	FALSE	FALSE
Itga7	chr10	TRUE	FALSE
Itga9	chr9	FALSE	FALSE
Itgad	chr7	FALSE	FALSE
Itgae	chr11	FALSE	FALSE
Itgal	chr7	FALSE	FALSE
Itgax	chr7	FALSE	FALSE
Itgb1bp1	chr12	TRUE	FALSE
Itgb3bp	chr4	FALSE	FALSE
Itgb4	chr11	FALSE	FALSE
Itgb5	chr16	TRUE	FALSE
Itgb7	chr15	FALSE	FALSE
Itih4	chr14	FALSE	FALSE
Itih5	chr2	TRUE	FALSE
Itm2c	chr1	TRUE	FALSE
Itpa	chr2	FALSE	FALSE
Itpk1	chr12	TRUE	FALSE
Itpkb	chr1	FALSE	FALSE
Itpr1	chr6	FALSE	FALSE
Itpr3	chr17	FALSE	TRUE
Itprid1	chr6	FALSE	FALSE
Itsn1	chr16	FALSE	TRUE
Itsn2	chr12	FALSE	FALSE
Ivns1abp	chr1	FALSE	FALSE
Iyd	chr10	TRUE	FALSE
Jade2	chr11	FALSE	FALSE
Jade3	chrX	FALSE	FALSE
Jag2	chr12	FALSE	FALSE
Jak1	chr4	FALSE	TRUE
Jakmip1	chr5	FALSE	FALSE
Jakmip2	chr18	FALSE	FALSE
Jakmip3	chr7	FALSE	TRUE
Jam2	chr16	FALSE	FALSE
Jam3	chr9	FALSE	FALSE
Jarid2	chr13	FALSE	TRUE
Jazf1	chr6	FALSE	FALSE
Jcad	chr18	FALSE	FALSE
Jdp2	chr12	FALSE	TRUE
Jhy	chr9	FALSE	FALSE
Jmjd1c	chr10	FALSE	TRUE
Jph1	chr1	TRUE	FALSE
Kalrn	chr16	FALSE	FALSE
Kank1	chr19	FALSE	FALSE
Kansl1	chr11	FALSE	TRUE
Kansl1l	chr1	FALSE	FALSE
Kansl3	chr1	FALSE	FALSE
Kat2b	chr17	FALSE	FALSE
Kat7	chr11	FALSE	FALSE
Katnal2	chr18	FALSE	FALSE
Kazald1	chr19	FALSE	FALSE
Kbtbd11	chr8	FALSE	TRUE
Kbtbd12	chr6	TRUE	FALSE
Kcmf1	chr6	FALSE	TRUE
Kcna2	chr3	FALSE	FALSE
Kcnab1	chr3	TRUE	FALSE
Kcnab2	chr4	FALSE	TRUE
Kcnb1	chr2	FALSE	TRUE
Kcnc2	chr10	FALSE	FALSE
Kcnd2	chr6	FALSE	TRUE
Kcng4	chr8	FALSE	FALSE
Kcnh1	chr1	FALSE	TRUE
Kcnh2	chr5	FALSE	TRUE
Kcnh3	chr15	FALSE	FALSE
Kcnh4	chr11	FALSE	FALSE
Kcnh7	chr2	FALSE	FALSE
Kcnh8	chr17	FALSE	FALSE
Kcnip1	chr11	TRUE	FALSE
Kcnip2	chr19	FALSE	FALSE
Kcnip3	chr2	FALSE	TRUE
Kcnip4	chr5	FALSE	TRUE
Kcnj15	chr16	FALSE	FALSE
Kcnj3	chr2	FALSE	TRUE
Kcnj4	chr15	FALSE	FALSE
Kcnj6	chr16	FALSE	TRUE
Kcnk10	chr12	FALSE	TRUE
Kcnk13	chr12	FALSE	FALSE
Kcnk2	chr1	TRUE	TRUE
Kcnk3	chr5	FALSE	TRUE
Kcnk5	chr14	FALSE	FALSE
Kcnma1	chr14	TRUE	TRUE
Kcnmb2	chr3	FALSE	FALSE
Kcnmb3	chr3	FALSE	FALSE
Kcnmb4	chr10	FALSE	FALSE
Kcnn3	chr3	FALSE	FALSE
Kcnq1	chr7	FALSE	TRUE
Kcnq2	chr2	FALSE	FALSE
Kcnq4	chr4	FALSE	FALSE
Kcnq5	chr1	FALSE	FALSE
Kcns1	chr2	FALSE	FALSE
Kcnt1	chr2	FALSE	TRUE
Kcnt2	chr1	FALSE	FALSE
Kctd1	chr18	FALSE	TRUE
Kctd12	chr14	TRUE	FALSE
Kctd16	chr18	TRUE	FALSE
Kctd21	chr7	TRUE	FALSE
Kctd3	chr1	FALSE	TRUE
Kctd4	chr14	FALSE	FALSE
Kctd6	chr14	TRUE	FALSE
Kctd8	chr5	TRUE	FALSE
Kdelr3	chr15	FALSE	FALSE
Kdm1a	chr4	FALSE	TRUE
Kdm2a	chr19	FALSE	FALSE
Kdm2b	chr5	FALSE	FALSE
Kdm3a	chr6	FALSE	FALSE
Kdm3b	chr18	FALSE	FALSE
Kdm4b	chr17	FALSE	FALSE
Kdm4c	chr4	FALSE	FALSE
Kdm5b	chr1	FALSE	FALSE
Kdm5c	chrX	FALSE	FALSE
Kdm6a	chrX	FALSE	FALSE
Kdm7a	chr6	FALSE	FALSE
Kera	chr10	TRUE	FALSE
Khdrbs2	chr1	TRUE	FALSE
Kidins220	chr12	FALSE	TRUE
Kif11	chr19	FALSE	FALSE
Kif13b	chr14	FALSE	TRUE
Kif14	chr1	FALSE	FALSE
Kif16b	chr2	FALSE	FALSE
Kif18a	chr2	TRUE	FALSE
Kif19a	chr11	FALSE	FALSE
Kif1b	chr4	FALSE	TRUE
Kif1c	chr11	FALSE	FALSE
Kif21a	chr15	FALSE	TRUE
Kif21b	chr1	FALSE	FALSE
Kif24	chr4	FALSE	FALSE
Kif26b	chr1	FALSE	TRUE
Kif27	chr13	FALSE	FALSE
Kif28	chr1	FALSE	FALSE
Kif3b	chr2	FALSE	FALSE
Kif4	chrX	FALSE	FALSE
Kif5a	chr10	FALSE	TRUE
Kif5c	chr2	FALSE	TRUE
Kif6	chr17	FALSE	FALSE
Kif9	chr9	FALSE	FALSE
Kifap3	chr1	FALSE	FALSE
Kifc3	chr8	FALSE	TRUE
Kirrel	chr3	TRUE	TRUE
Kirrel3	chr9	FALSE	TRUE
Kit	chr5	FALSE	FALSE
Kitl	chr10	FALSE	FALSE
Kiz	chr2	FALSE	FALSE
Kl	chr5	FALSE	FALSE
Klb	chr5	FALSE	FALSE
Klc1	chr12	FALSE	TRUE
Klf12	chr14	FALSE	FALSE
Klf13	chr7	FALSE	FALSE
Klf15	chr6	FALSE	FALSE
Klf3	chr5	FALSE	TRUE
Klf7	chr1	FALSE	TRUE
Klf8	chrX	FALSE	TRUE
Klhdc10	chr6	FALSE	FALSE
Klhl14	chr18	FALSE	FALSE
Klhl18	chr9	FALSE	FALSE
Klhl2	chr8	FALSE	FALSE
Klhl26	chr8	FALSE	FALSE
Klhl29	chr12	FALSE	TRUE
Klhl3	chr13	FALSE	FALSE
Klhl31	chr9	FALSE	FALSE
Klhl32	chr4	FALSE	FALSE
Kmt2c	chr5	FALSE	FALSE
Kmt2d	chr15	FALSE	TRUE
Kmt2e	chr5	FALSE	FALSE
Kmt5b	chr19	FALSE	TRUE
Kndc1	chr7	FALSE	TRUE
Knop1	chr7	FALSE	FALSE
Kntc1	chr5	FALSE	FALSE
Kpna3	chr14	FALSE	FALSE
Kpna7	chr5	FALSE	FALSE
Kras	chr6	FALSE	FALSE
Kremen1	chr11	FALSE	FALSE
Krit1	chr5	FALSE	FALSE
Krt19	chr11	FALSE	FALSE
Krt24	chr11	TRUE	FALSE
Krt25	chr11	FALSE	FALSE
Krt5	chr15	FALSE	FALSE
Krt71	chr15	FALSE	FALSE
Krt80	chr15	FALSE	FALSE
Krtap5-2	chr7	FALSE	FALSE
Ksr1	chr11	FALSE	FALSE
Ksr2	chr5	FALSE	TRUE
Ktn1	chr14	FALSE	FALSE
Kyat3	chr3	FALSE	FALSE
Kynu	chr2	FALSE	FALSE
L1cam	chrX	FALSE	TRUE
L3mbtl1	chr2	FALSE	FALSE
L3mbtl2	chr15	FALSE	FALSE
L3mbtl3	chr10	FALSE	FALSE
L3mbtl4	chr17	TRUE	FALSE
Lama1	chr17	FALSE	FALSE
Lama3	chr18	TRUE	FALSE
Lama4	chr10	FALSE	FALSE
Lamb3	chr1	TRUE	FALSE
Lamc2	chr1	TRUE	FALSE
Lamp2	chrX	FALSE	FALSE
Lamtor1	chr7	FALSE	FALSE
Lamtor3	chr3	FALSE	FALSE
Lancl2	chr6	FALSE	FALSE
Lancl3	chrX	TRUE	FALSE
Laptm4b	chr15	FALSE	FALSE
Large1	chr8	FALSE	FALSE
Larp1	chr11	FALSE	TRUE
Larp4b	chr13	FALSE	TRUE
Lars2	chr9	FALSE	FALSE
Lats1	chr10	FALSE	FALSE
Lats2	chr14	FALSE	FALSE
Lca5l	chr16	TRUE	FALSE
Lclat1	chr17	FALSE	FALSE
Lcmt1	chr7	TRUE	FALSE
Lcor	chr19	FALSE	FALSE
Lcorl	chr5	FALSE	TRUE
Lcp1	chr14	FALSE	FALSE
Lcp2	chr11	FALSE	FALSE
Lct	chr1	FALSE	FALSE
Ldb2	chr5	FALSE	FALSE
Ldha	chr7	FALSE	FALSE
Ldlrad2	chr4	FALSE	FALSE
Ldlrad3	chr2	TRUE	FALSE
Ldlrad4	chr18	TRUE	FALSE
Lef1	chr3	FALSE	FALSE
Lekr1	chr3	FALSE	FALSE
Lemd2	chr17	FALSE	FALSE
Lep	chr6	TRUE	FALSE
Lgals3bp	chr11	FALSE	FALSE
Lgi2	chr5	FALSE	FALSE
Lgr4	chr2	TRUE	FALSE
Lgr6	chr1	FALSE	FALSE
Lgsn	chr1	TRUE	FALSE
Lhfp	chr3	FALSE	TRUE
Lhfpl3	chr5	TRUE	TRUE
Lhpp	chr7	TRUE	FALSE
Lhx2	chr2	FALSE	FALSE
Lhx3	chr2	FALSE	FALSE
Lhx6	chr2	FALSE	FALSE
Lifr	chr15	FALSE	FALSE
Limch1	chr5	FALSE	FALSE
Limd1	chr9	FALSE	FALSE
Limk1	chr5	FALSE	FALSE
Limk2	chr11	FALSE	FALSE
Lims1	chr10	TRUE	FALSE
Lims2	chr18	FALSE	FALSE
Lin28b	chr10	FALSE	FALSE
Lin52	chr12	FALSE	FALSE
Lin7a	chr10	FALSE	TRUE
Lingo1	chr9	FALSE	TRUE
Lingo3	chr10	FALSE	FALSE
Lipc	chr9	TRUE	FALSE
Liph	chr16	FALSE	FALSE
Lipo3	chr19	FALSE	FALSE
Lix1l	chr3	FALSE	FALSE
Llgl2	chr11	FALSE	FALSE
Lman2	chr13	FALSE	FALSE
Lmbr1	chr5	FALSE	FALSE
Lmbr1l	chr15	FALSE	FALSE
Lmbrd1	chr1	FALSE	FALSE
Lmf1	chr17	FALSE	FALSE
Lmf2	chr15	FALSE	FALSE
Lmln	chr16	FALSE	FALSE
Lmntd1	chr6	FALSE	FALSE
Lmo1	chr7	FALSE	TRUE
Lmo3	chr6	FALSE	FALSE
Lmo7	chr14	FALSE	FALSE
Lmod1	chr1	FALSE	FALSE
Lmtk2	chr5	FALSE	TRUE
Lmx1b	chr2	FALSE	FALSE
Lnpk	chr2	FALSE	FALSE
Lonp2	chr8	FALSE	TRUE
Lonrf1	chr8	FALSE	FALSE
Lonrf2	chr1	FALSE	FALSE
Lonrf3	chrX	FALSE	FALSE
Loxhd1	chr18	FALSE	FALSE
Loxl1	chr9	FALSE	FALSE
Lpgat1	chr1	FALSE	TRUE
Lpin1	chr12	FALSE	FALSE
Lpin2	chr17	FALSE	FALSE
Lpo	chr11	FALSE	FALSE
Lpp	chr16	TRUE	FALSE
Lrba	chr3	FALSE	FALSE
Lrch1	chr14	FALSE	TRUE
Lrch2	chrX	FALSE	FALSE
Lrch3	chr16	FALSE	TRUE
Lrfn2	chr17	FALSE	FALSE
Lrfn3	chr7	FALSE	FALSE
Lrfn5	chr12	FALSE	FALSE
Lrif1	chr3	FALSE	FALSE
Lrig2	chr3	FALSE	TRUE
Lrig3	chr10	FALSE	FALSE
Lrmda	chr14	FALSE	FALSE
Lrp1	chr10	FALSE	TRUE
Lrp12	chr15	FALSE	FALSE
Lrp1b	chr2	TRUE	FALSE
Lrp2	chr2	FALSE	FALSE
Lrp6	chr6	FALSE	FALSE
Lrp8	chr4	FALSE	FALSE
Lrpap1	chr5	FALSE	FALSE
Lrpprc	chr17	FALSE	FALSE
Lrrc1	chr9	FALSE	FALSE
Lrrc15	chr16	FALSE	FALSE
Lrrc20	chr10	FALSE	FALSE
Lrrc27	chr7	FALSE	FALSE
Lrrc28	chr7	TRUE	FALSE
Lrrc3	chr10	FALSE	TRUE
Lrrc32	chr7	FALSE	FALSE
Lrrc36	chr8	TRUE	FALSE
Lrrc37a	chr11	FALSE	FALSE
Lrrc38	chr4	FALSE	FALSE
Lrrc4	chr6	TRUE	FALSE
Lrrc49	chr9	TRUE	FALSE
Lrrc4c	chr2	TRUE	TRUE
Lrrc51	chr7	FALSE	FALSE
Lrrc52	chr1	FALSE	FALSE
Lrrc55	chr2	FALSE	FALSE
Lrrc6	chr15	TRUE	FALSE
Lrrc72	chr12	FALSE	FALSE
Lrrc8b	chr5	FALSE	FALSE
Lrrc8c	chr5	FALSE	TRUE
Lrrc8d	chr5	FALSE	TRUE
Lrrfip1	chr1	FALSE	TRUE
Lrrfip2	chr9	FALSE	FALSE
Lrriq1	chr10	FALSE	FALSE
Lrriq3	chr3	FALSE	FALSE
Lrrk1	chr7	FALSE	FALSE
Lrrn1	chr6	TRUE	FALSE
Lrrn2	chr1	FALSE	TRUE
Lrrn3	chr12	FALSE	FALSE
Lrrn4	chr2	FALSE	FALSE
Lrrtm4	chr6	TRUE	TRUE
Lrtm1	chr14	TRUE	FALSE
Lrtm2	chr6	FALSE	FALSE
Lsamp	chr16	TRUE	TRUE
Lsm10	chr4	TRUE	FALSE
Lsmem1	chr12	FALSE	FALSE
Ltbp2	chr12	FALSE	TRUE
Ltk	chr2	FALSE	FALSE
Ltv1	chr10	FALSE	FALSE
Luc7l3	chr11	FALSE	FALSE
Lum	chr10	TRUE	FALSE
Lurap1l	chr4	TRUE	TRUE
Luzp1	chr4	FALSE	TRUE
Lvrn	chr18	FALSE	FALSE
Ly6g6c	chr17	TRUE	FALSE
Ly6g6d	chr17	TRUE	FALSE
Ly6g6f	chr17	TRUE	FALSE
Ly75	chr2	FALSE	FALSE
Ly86	chr13	FALSE	FALSE
Lyl1	chr8	FALSE	FALSE
Lyn	chr4	TRUE	FALSE
Lypd6b	chr2	FALSE	FALSE
Lyrm2	chr4	FALSE	FALSE
Lyrm7	chr11	FALSE	FALSE
Lyst	chr13	FALSE	FALSE
Mab21l2	chr3	FALSE	FALSE
Mab21l3	chr3	FALSE	FALSE
Macc1	chr12	FALSE	FALSE
Macf1	chr4	FALSE	TRUE
Macrod1	chr19	FALSE	TRUE
Macrod2	chr2	TRUE	FALSE
Macroh2a1	chr13	FALSE	TRUE
Macroh2a2	chr10	FALSE	TRUE
Mad1l1	chr5	FALSE	TRUE
Madd	chr2	FALSE	FALSE
Magi1	chr6	FALSE	FALSE
Magi3	chr3	FALSE	FALSE
Majin	chr19	FALSE	FALSE
Mal	chr2	FALSE	FALSE
Mamdc2	chr19	TRUE	FALSE
Maml1	chr11	FALSE	TRUE
Maml3	chr3	TRUE	FALSE
Man1a2	chr3	FALSE	FALSE
Man1c1	chr4	FALSE	TRUE
Man2a1	chr17	TRUE	FALSE
Man2b1	chr8	FALSE	FALSE
Man2c1	chr9	FALSE	FALSE
Manea	chr4	TRUE	FALSE
Mansc4	chr6	FALSE	FALSE
Maob	chrX	FALSE	FALSE
Map1b	chr13	FALSE	TRUE
Map2	chr1	FALSE	TRUE
Map2k1	chr9	FALSE	FALSE
Map2k2	chr10	FALSE	FALSE
Map2k4	chr11	FALSE	TRUE
Map2k5	chr9	FALSE	FALSE
Map2k6	chr11	FALSE	FALSE
Map3k13	chr16	FALSE	FALSE
Map3k15	chrX	FALSE	FALSE
Map3k19	chr1	FALSE	FALSE
Map3k2	chr18	FALSE	FALSE
Map3k20	chr2	FALSE	FALSE
Map3k3	chr11	FALSE	TRUE
Map3k4	chr17	FALSE	TRUE
Map3k5	chr10	TRUE	FALSE
Map3k6	chr4	FALSE	FALSE
Map3k7	chr4	FALSE	FALSE
Map3k9	chr12	FALSE	FALSE
Map4	chr9	FALSE	TRUE
Map4k3	chr17	FALSE	FALSE
Map4k4	chr1	FALSE	TRUE
Map4k5	chr12	FALSE	TRUE
Map6	chr7	FALSE	FALSE
Map7	chr10	FALSE	FALSE
Map7d2	chrX	FALSE	FALSE
Mapk1	chr16	FALSE	TRUE
Mapk10	chr5	FALSE	FALSE
Mapk13	chr17	FALSE	FALSE
Mapk14	chr17	FALSE	TRUE
Mapk6	chr9	FALSE	FALSE
Mapk8	chr14	FALSE	FALSE
Mapkap1	chr2	FALSE	FALSE
Mapkapk2	chr1	FALSE	FALSE
Mapkbp1	chr2	FALSE	FALSE
Mapre3	chr5	FALSE	TRUE
Mapt	chr11	FALSE	TRUE
Marchf10	chr11	FALSE	FALSE
Marchf2	chr17	FALSE	FALSE
Marchf3	chr18	TRUE	FALSE
Marchf4	chr1	FALSE	FALSE
Marchf6	chr15	FALSE	TRUE
Marchf7	chr2	FALSE	FALSE
Marf1	chr16	FALSE	FALSE
Mark1	chr1	FALSE	FALSE
Mark2	chr19	FALSE	FALSE
Mark3	chr12	FALSE	TRUE
Mark4	chr7	FALSE	FALSE
Masp1	chr16	FALSE	FALSE
Mast2	chr4	FALSE	FALSE
Mast3	chr8	FALSE	FALSE
Mat2b	chr11	FALSE	FALSE
Matr3	chr18	FALSE	FALSE
Mau2	chr8	FALSE	TRUE
Max	chr12	FALSE	FALSE
Mb21d2	chr16	FALSE	FALSE
Mbd2	chr18	FALSE	FALSE
Mbd3	chr10	FALSE	FALSE
Mbd5	chr2	FALSE	TRUE
Mbnl1	chr3	FALSE	TRUE
Mbnl2	chr14	FALSE	TRUE
Mbnl3	chrX	TRUE	FALSE
Mboat2	chr12	FALSE	FALSE
Mbtd1	chr11	FALSE	FALSE
Mbtps1	chr8	FALSE	TRUE
Mbtps2	chrX	TRUE	FALSE
Mcc	chr18	FALSE	TRUE
Mccc2	chr13	FALSE	FALSE
Mcf2	chrX	FALSE	FALSE
Mcf2l	chr8	FALSE	TRUE
Mcm3ap	chr10	FALSE	FALSE
Mcm6	chr1	FALSE	FALSE
Mcm9	chr10	TRUE	FALSE
Mcph1	chr8	FALSE	FALSE
Mctp1	chr13	FALSE	TRUE
Mctp2	chr7	FALSE	FALSE
Mcur1	chr13	TRUE	FALSE
Mdga1	chr17	FALSE	TRUE
Mdga2	chr12	TRUE	TRUE
Mdm4	chr1	FALSE	FALSE
Mdn1	chr4	FALSE	FALSE
Me1	chr9	FALSE	FALSE
Me2	chr18	FALSE	FALSE
Med1	chr11	FALSE	FALSE
Med12l	chr3	FALSE	FALSE
Med13	chr11	FALSE	FALSE
Med13l	chr5	FALSE	TRUE
Med14	chrX	FALSE	FALSE
Med15	chr16	FALSE	FALSE
Med16	chr10	FALSE	FALSE
Med24	chr11	FALSE	FALSE
Med25	chr7	FALSE	FALSE
Med27	chr2	FALSE	FALSE
Med30	chr15	TRUE	FALSE
Medag	chr5	FALSE	FALSE
Mef2a	chr7	FALSE	FALSE
Mef2b	chr8	FALSE	FALSE
Megf10	chr18	FALSE	FALSE
Megf11	chr9	FALSE	TRUE
Megf6	chr4	FALSE	TRUE
Mei1	chr15	FALSE	FALSE
Meikin	chr11	FALSE	FALSE
Meis1	chr11	FALSE	TRUE
Meis2	chr2	FALSE	FALSE
Melk	chr4	FALSE	FALSE
Memo1	chr17	FALSE	FALSE
Mepe	chr5	FALSE	FALSE
Mertk	chr2	FALSE	FALSE
Metap1d	chr2	FALSE	FALSE
Methig1	chr15	FALSE	FALSE
Metrnl	chr11	FALSE	TRUE
Mettl21c	chr1	FALSE	FALSE
Mettl21e	chr1	TRUE	FALSE
Mettl26	chr17	FALSE	FALSE
Mettl4	chr17	FALSE	FALSE
Mettl6	chr14	FALSE	FALSE
Mettl8	chr2	FALSE	FALSE
Mettl9	chr7	FALSE	FALSE
Mfsd14b	chr13	FALSE	FALSE
Mfsd4a	chr1	FALSE	FALSE
Mga	chr2	FALSE	FALSE
Mgam	chr6	FALSE	FALSE
Mgarp	chr3	FALSE	FALSE
Mgat3	chr15	FALSE	TRUE
Mgat4a	chr1	FALSE	FALSE
Mgat4b	chr11	FALSE	FALSE
Mgat4c	chr10	FALSE	FALSE
Mgat5	chr1	FALSE	FALSE
Mgat5b	chr11	FALSE	TRUE
Mgll	chr6	TRUE	FALSE
Mgrn1	chr16	FALSE	FALSE
Mgst2	chr3	FALSE	FALSE
Mia2	chr12	FALSE	FALSE
Mib1	chr18	FALSE	FALSE
Mib2	chr4	FALSE	FALSE
Mical2	chr7	FALSE	TRUE
Mical3	chr6	FALSE	TRUE
Micall2	chr5	FALSE	FALSE
Micos10	chr4	FALSE	TRUE
Micu2	chr14	FALSE	FALSE
Micu3	chr8	FALSE	FALSE
Mier1	chr4	FALSE	FALSE
Mindy3	chr2	FALSE	FALSE
Mindy4	chr6	FALSE	FALSE
Mindy4b-ps	chr3	TRUE	FALSE
Mink1	chr11	FALSE	TRUE
Mipol1	chr12	FALSE	FALSE
Mki67	chr7	FALSE	FALSE
Mkln1	chr6	FALSE	TRUE
Mknk1	chr4	FALSE	FALSE
Mkrn2	chr6	FALSE	FALSE
Mlc1	chr15	FALSE	FALSE
Mlec	chr5	FALSE	FALSE
Mlip	chr9	FALSE	FALSE
Mllt1	chr17	FALSE	TRUE
Mllt6	chr11	FALSE	FALSE
Mlph	chr1	FALSE	FALSE
Mlxip	chr5	FALSE	FALSE
Mlxipl	chr5	FALSE	FALSE
Mmd2	chr5	FALSE	FALSE
Mme	chr3	FALSE	FALSE
Mmgt2	chr11	FALSE	FALSE
Mmp15	chr8	FALSE	TRUE
Mmp16	chr4	FALSE	FALSE
Mmrn1	chr6	FALSE	FALSE
Mms22l	chr4	FALSE	FALSE
Mnat1	chr12	FALSE	FALSE
Mnd1	chr3	FALSE	FALSE
Mob1b	chr5	FALSE	FALSE
Mob2	chr7	FALSE	TRUE
Mob3b	chr4	FALSE	FALSE
Mogat2	chr7	FALSE	FALSE
Mon2	chr10	FALSE	TRUE
Morc2a	chr11	FALSE	FALSE
Morc2b	chr17	FALSE	FALSE
Morc4	chrX	FALSE	FALSE
Mospd1	chrX	FALSE	FALSE
Mov10l1	chr15	FALSE	FALSE
Mpi	chr9	FALSE	FALSE
Mpp4	chr1	FALSE	TRUE
Mpp5	chr12	FALSE	FALSE
Mpp6	chr6	FALSE	FALSE
Mpp7	chr18	FALSE	FALSE
Mpped2	chr2	FALSE	FALSE
Mprip	chr11	FALSE	TRUE
Mpzl1	chr1	TRUE	FALSE
Mr1	chr1	FALSE	FALSE
Mrc1	chr2	FALSE	FALSE
Mrc2	chr11	FALSE	FALSE
Mrgpra6	chr7	FALSE	FALSE
Mrgprd	chr7	TRUE	FALSE
Mrgpre	chr7	FALSE	FALSE
Mroh1	chr15	FALSE	FALSE
Mroh2a	chr1	FALSE	FALSE
Mroh2b	chr15	FALSE	FALSE
Mroh4	chr15	FALSE	FALSE
Mrpl13	chr15	FALSE	FALSE
Mrpl33	chr5	FALSE	FALSE
Mrpl48	chr7	FALSE	FALSE
Mrps27	chr13	TRUE	FALSE
Mrps28	chr3	FALSE	FALSE
Mrps6	chr16	FALSE	FALSE
Mrps9	chr1	FALSE	FALSE
Mrrf	chr2	FALSE	FALSE
Mrs2	chr13	FALSE	FALSE
Mrtfa	chr15	FALSE	FALSE
Mrtfb	chr16	FALSE	FALSE
Mrto4	chr4	FALSE	FALSE
Mrvi1	chr7	FALSE	FALSE
Ms4a15	chr19	FALSE	FALSE
Msh2	chr17	FALSE	FALSE
Msh3	chr13	FALSE	FALSE
Msh5	chr17	FALSE	FALSE
Msi2	chr11	FALSE	TRUE
Msmp	chr4	FALSE	FALSE
Msrb3	chr10	FALSE	FALSE
Mstn	chr1	TRUE	FALSE
Mta3	chr17	FALSE	FALSE
Mtap	chr4	FALSE	FALSE
Mtarc1	chr1	FALSE	FALSE
Mtcl1	chr17	FALSE	TRUE
Mtdh	chr15	FALSE	FALSE
Mtfr1	chr3	TRUE	FALSE
Mtg2	chr2	FALSE	FALSE
Mthfs	chr9	FALSE	FALSE
Mthfsd	chr8	FALSE	FALSE
Mtif3	chr5	FALSE	FALSE
Mtmr12	chr15	FALSE	TRUE
Mtmr14	chr6	FALSE	FALSE
Mtmr3	chr11	FALSE	TRUE
Mtmr4	chr11	FALSE	TRUE
Mtor	chr4	FALSE	FALSE
Mtrex	chr13	FALSE	FALSE
Mtrf1	chr14	FALSE	FALSE
Mtss1	chr15	FALSE	FALSE
Mtus1	chr8	TRUE	TRUE
Mtus2	chr5	FALSE	TRUE
Mtx2	chr2	FALSE	FALSE
Muc15	chr2	TRUE	FALSE
Muc16	chr9	FALSE	FALSE
Muc2	chr7	FALSE	FALSE
Muc5ac	chr7	FALSE	FALSE
Mug2	chr6	FALSE	FALSE
Mup6	chr4	FALSE	FALSE
Mvb12b	chr2	FALSE	TRUE
Mvk	chr5	FALSE	FALSE
Mxi1	chr19	FALSE	TRUE
Mybpc2	chr7	FALSE	FALSE
Mycbp2	chr14	FALSE	TRUE
Myh10	chr11	FALSE	TRUE
Myh11	chr16	FALSE	FALSE
Myh13	chr11	FALSE	FALSE
Myh15	chr16	FALSE	FALSE
Myh7	chr14	FALSE	FALSE
Myh7b	chr2	FALSE	TRUE
Myh9	chr15	FALSE	TRUE
Myl4	chr11	FALSE	FALSE
Mylk	chr16	FALSE	FALSE
Mylk2	chr2	FALSE	FALSE
Myo10	chr15	TRUE	FALSE
Myo15b	chr11	FALSE	FALSE
Myo16	chr8	FALSE	TRUE
Myo18a	chr11	FALSE	FALSE
Myo18b	chr5	FALSE	FALSE
Myo19	chr11	FALSE	FALSE
Myo1a	chr10	FALSE	FALSE
Myo1b	chr1	FALSE	FALSE
Myo1c	chr11	FALSE	FALSE
Myo1e	chr9	FALSE	FALSE
Myo1f	chr17	FALSE	FALSE
Myo3a	chr2	FALSE	FALSE
Myo3b	chr2	TRUE	FALSE
Myo5a	chr9	FALSE	TRUE
Myo5b	chr18	FALSE	FALSE
Myo5c	chr9	TRUE	FALSE
Myo6	chr9	FALSE	FALSE
Myo7a	chr7	FALSE	FALSE
Myo9a	chr9	FALSE	FALSE
Myof	chr19	TRUE	FALSE
Myom2	chr8	FALSE	FALSE
Myom3	chr4	FALSE	FALSE
Mypn	chr10	FALSE	FALSE
Myrfl	chr10	TRUE	FALSE
Myrip	chr9	FALSE	TRUE
Myt1l	chr12	TRUE	FALSE
Myzap	chr9	FALSE	FALSE
Mzt1	chr14	TRUE	FALSE
N4bp1	chr8	FALSE	TRUE
N4bp2	chr5	FALSE	FALSE
N4bp2l1	chr5	FALSE	TRUE
N4bp2l2	chr5	FALSE	FALSE
Naa15	chr3	FALSE	FALSE
Naa50	chr16	FALSE	FALSE
Naa60	chr16	FALSE	FALSE
Naalad2	chr9	FALSE	FALSE
Nabp1	chr1	TRUE	FALSE
Nacc2	chr2	FALSE	TRUE
Nadk	chr4	FALSE	FALSE
Nadk2	chr15	FALSE	FALSE
Naip1	chr13	FALSE	FALSE
Naip5	chr13	FALSE	FALSE
Nalcn	chr14	FALSE	FALSE
Nanos3	chr8	FALSE	FALSE
Nap1l4	chr7	FALSE	TRUE
Napa	chr7	FALSE	FALSE
Narf	chr11	FALSE	FALSE
Nars2	chr7	FALSE	FALSE
Nat8f6	chr6	FALSE	FALSE
Nav1	chr1	FALSE	TRUE
Nav2	chr7	TRUE	TRUE
Nav3	chr10	TRUE	FALSE
Nbas	chr12	FALSE	FALSE
Nbea	chr3	FALSE	TRUE
Nbeal1	chr1	FALSE	FALSE
Ncald	chr15	TRUE	FALSE
Ncam1	chr9	FALSE	TRUE
Ncapd2	chr6	FALSE	FALSE
Ncaph	chr2	FALSE	FALSE
Ncbp3	chr11	FALSE	FALSE
Nccrp1	chr7	FALSE	FALSE
Ncdn	chr4	FALSE	TRUE
Ncf1	chr5	FALSE	FALSE
Nck1	chr9	FALSE	FALSE
Nckap1	chr2	FALSE	FALSE
Nckap1l	chr15	FALSE	FALSE
Nckap5	chr1	TRUE	FALSE
Nckap5l	chr15	FALSE	FALSE
Ncoa1	chr12	FALSE	FALSE
Ncoa2	chr1	FALSE	TRUE
Ncoa3	chr2	FALSE	FALSE
Ncoa5	chr2	FALSE	TRUE
Ncoa6	chr2	FALSE	TRUE
Ncoa7	chr10	FALSE	FALSE
Ncor1	chr11	FALSE	TRUE
Ncor2	chr5	FALSE	TRUE
Ndc1	chr4	FALSE	TRUE
Ndfip2	chr14	FALSE	FALSE
Ndp	chrX	TRUE	FALSE
Ndrg1	chr15	FALSE	FALSE
Ndrg3	chr2	FALSE	TRUE
Ndst1	chr18	FALSE	FALSE
Ndst3	chr3	FALSE	TRUE
Ndst4	chr3	FALSE	FALSE
Ndufaf2	chr13	FALSE	FALSE
Ndufc1	chr3	FALSE	FALSE
Ndufs4	chr13	FALSE	FALSE
Neb	chr2	TRUE	TRUE
Necab1	chr4	FALSE	FALSE
Nectin1	chr9	FALSE	TRUE
Nedd4	chr9	FALSE	TRUE
Nedd4l	chr18	FALSE	TRUE
Nedd9	chr13	FALSE	TRUE
Nefm	chr14	FALSE	TRUE
Negr1	chr3	FALSE	TRUE
Nek1	chr8	FALSE	FALSE
Nek10	chr14	TRUE	FALSE
Nek11	chr9	FALSE	FALSE
Nek5	chr8	FALSE	FALSE
Nek7	chr1	FALSE	FALSE
Nek9	chr12	FALSE	FALSE
Nell2	chr15	FALSE	FALSE
Neo1	chr9	FALSE	FALSE
Neto2	chr8	FALSE	TRUE
Neurl1a	chr19	FALSE	TRUE
Neurl1b	chr17	FALSE	FALSE
Neurod4	chr10	TRUE	FALSE
Neurod6	chr6	FALSE	FALSE
Neurog1	chr13	FALSE	FALSE
Nexmif	chrX	FALSE	TRUE
Nf1	chr11	FALSE	FALSE
Nf2	chr11	FALSE	FALSE
Nfam1	chr15	FALSE	FALSE
Nfasc	chr1	FALSE	TRUE
Nfatc1	chr18	FALSE	FALSE
Nfatc2	chr2	FALSE	FALSE
Nfatc3	chr8	FALSE	FALSE
Nfe2l2	chr2	FALSE	FALSE
Nfe2l3	chr6	FALSE	FALSE
Nfia	chr4	TRUE	FALSE
Nfib	chr4	TRUE	TRUE
Nfix	chr8	FALSE	TRUE
Ngef	chr1	FALSE	FALSE
Ngf	chr3	FALSE	FALSE
Ngly1	chr14	TRUE	FALSE
Nhej1	chr1	FALSE	FALSE
Nhs	chrX	FALSE	FALSE
Nid1	chr13	FALSE	FALSE
Nim1k	chr13	FALSE	FALSE
Nin	chr12	FALSE	TRUE
Ninj2	chr6	FALSE	FALSE
Ninl	chr2	FALSE	FALSE
Nipbl	chr15	FALSE	FALSE
Nisch	chr14	FALSE	TRUE
Nkain2	chr10	FALSE	FALSE
Nkain3	chr4	TRUE	TRUE
Nkain4	chr2	FALSE	FALSE
Nkd1	chr8	FALSE	TRUE
Nkd2	chr13	FALSE	FALSE
Nkrf	chrX	FALSE	FALSE
Nlgn1	chr3	FALSE	TRUE
Nlk	chr11	FALSE	FALSE
Nln	chr13	FALSE	TRUE
Nlrp10	chr7	FALSE	FALSE
Nlrp4b	chr7	FALSE	FALSE
Nlrp4c	chr7	FALSE	FALSE
Nlrp6	chr7	FALSE	FALSE
Nlrp9a	chr7	FALSE	FALSE
Nmbr	chr10	FALSE	FALSE
Nme7	chr1	FALSE	TRUE
Nmnat2	chr1	FALSE	FALSE
Nmnat3	chr9	TRUE	FALSE
Nmrk1	chr19	TRUE	FALSE
Nmrk2	chr10	FALSE	FALSE
Nnt	chr13	FALSE	FALSE
Noct	chr3	FALSE	FALSE
Nol10	chr12	FALSE	FALSE
Nomo1	chr7	FALSE	FALSE
Nos1	chr5	FALSE	TRUE
Nos2	chr11	FALSE	FALSE
Nostrin	chr2	FALSE	FALSE
Notch1	chr2	FALSE	FALSE
Nova2	chr7	FALSE	FALSE
Nox1	chrX	FALSE	FALSE
Nox4	chr7	FALSE	FALSE
Npas2	chr1	FALSE	FALSE
Npas3	chr12	FALSE	FALSE
Npat	chr9	FALSE	FALSE
Npc1l1	chr11	FALSE	FALSE
Npdc1	chr2	FALSE	FALSE
Npepps	chr11	FALSE	TRUE
Nphp1	chr2	TRUE	FALSE
Nphp4	chr4	FALSE	FALSE
Npl	chr1	FALSE	FALSE
Nppa	chr4	FALSE	FALSE
Npr1	chr3	FALSE	FALSE
Npsr1	chr9	TRUE	FALSE
Nptn	chr9	FALSE	TRUE
Npvf	chr6	TRUE	FALSE
Npy2r	chr3	FALSE	FALSE
Nr1d2	chr14	FALSE	FALSE
Nr1h4	chr10	FALSE	FALSE
Nr2c2	chr6	FALSE	TRUE
Nr3c1	chr18	TRUE	FALSE
Nr3c2	chr8	FALSE	TRUE
Nr4a2	chr2	TRUE	FALSE
Nr4a3	chr4	FALSE	FALSE
Nr6a1	chr2	FALSE	FALSE
Nrcam	chr12	FALSE	TRUE
Nrd1	chr4	FALSE	FALSE
Nrf1	chr6	FALSE	FALSE
Nrg2	chr18	FALSE	TRUE
Nrg4	chr9	TRUE	FALSE
Nrip3	chr7	FALSE	FALSE
Nrp2	chr1	FALSE	FALSE
Nrros	chr16	TRUE	FALSE
Nrxn1	chr17	FALSE	TRUE
Nrxn2	chr19	FALSE	TRUE
Nrxn3	chr12	TRUE	TRUE
Nsd1	chr13	FALSE	FALSE
Nsd2	chr5	FALSE	TRUE
Nsd3	chr8	FALSE	TRUE
Nsf	chr11	FALSE	TRUE
Nsmaf	chr4	TRUE	FALSE
Nsmce2	chr15	FALSE	FALSE
Nsmf	chr2	FALSE	FALSE
Nsun2	chr13	FALSE	FALSE
Nsun3	chr16	FALSE	FALSE
Nt5c2	chr19	FALSE	TRUE
Nt5c3	chr6	FALSE	FALSE
Nt5c3b	chr11	FALSE	FALSE
Nt5e	chr9	FALSE	FALSE
Nt5m	chr11	FALSE	FALSE
Ntm	chr9	TRUE	TRUE
Ntn1	chr11	FALSE	FALSE
Ntn4	chr10	TRUE	FALSE
Ntng1	chr3	TRUE	FALSE
Ntng2	chr2	FALSE	TRUE
Ntrk2	chr13	FALSE	TRUE
Ntrk3	chr7	FALSE	TRUE
Ntsr1	chr2	FALSE	FALSE
Nuak1	chr10	FALSE	TRUE
Nubpl	chr12	FALSE	FALSE
Nudt14	chr12	FALSE	FALSE
Nudt18	chr14	FALSE	FALSE
Nudt2	chr4	FALSE	FALSE
Nudt3	chr17	FALSE	TRUE
Nufip2	chr11	FALSE	FALSE
Numa1	chr7	FALSE	TRUE
Numbl	chr7	FALSE	FALSE
Nup155	chr15	FALSE	FALSE
Nup188	chr2	FALSE	FALSE
Nup205	chr6	FALSE	FALSE
Nup210	chr6	FALSE	FALSE
Nup214	chr2	FALSE	FALSE
Nup93	chr8	FALSE	FALSE
Nup98	chr7	FALSE	FALSE
Nupl1	chr14	FALSE	FALSE
Nwd1	chr8	FALSE	FALSE
Nwd2	chr5	FALSE	FALSE
Nxf2	chrX	FALSE	FALSE
Nxpe2	chr9	FALSE	FALSE
Nxpe3	chr16	FALSE	FALSE
Nxpe4	chr9	FALSE	FALSE
Nxph1	chr6	TRUE	TRUE
Nxph4	chr10	FALSE	FALSE
Nynrin	chr14	FALSE	FALSE
Nyx	chrX	TRUE	FALSE
Oacyl	chr18	TRUE	FALSE
Oaf	chr9	FALSE	FALSE
Oas1f	chr5	FALSE	FALSE
Oas2	chr5	FALSE	FALSE
Oas3	chr5	FALSE	FALSE
Obscn	chr11	FALSE	FALSE
Odf3	chr7	FALSE	FALSE
Odf3l2	chr10	FALSE	FALSE
Ofcc1	chr13	FALSE	FALSE
Ogdh	chr11	FALSE	FALSE
Ogdhl	chr14	FALSE	FALSE
Ola1	chr2	FALSE	FALSE
Olfm2	chr9	FALSE	FALSE
Olfm3	chr3	FALSE	TRUE
Olfml2b	chr1	TRUE	FALSE
Olfml3	chr3	FALSE	FALSE
Olfr106-ps	chr17	FALSE	FALSE
Olfr112	chr17	FALSE	FALSE
Olfr1156	chr2	FALSE	FALSE
Olfr1247	chr2	FALSE	FALSE
Olfr13	chr6	TRUE	FALSE
Olfr1310	chr2	FALSE	FALSE
Olfr1324	chrX	TRUE	FALSE
Olfr1406	chr1	FALSE	FALSE
Olfr1494	chr19	TRUE	FALSE
Olfr1495	chr19	TRUE	FALSE
Olfr1504	chr19	FALSE	FALSE
Olfr211	chr6	FALSE	FALSE
Olfr212	chr6	FALSE	FALSE
Olfr223	chr11	FALSE	FALSE
Olfr288	chr15	FALSE	FALSE
Olfr292	chr7	FALSE	FALSE
Olfr31	chr14	TRUE	FALSE
Olfr373	chr8	FALSE	FALSE
Olfr403	chr11	FALSE	FALSE
Olfr410	chr11	FALSE	FALSE
Olfr411	chr11	FALSE	FALSE
Olfr437	chr6	TRUE	FALSE
Olfr478	chr7	TRUE	FALSE
Olfr484	chr7	FALSE	FALSE
Olfr543	chr7	FALSE	FALSE
Olfr557	chr7	TRUE	FALSE
Olfr561	chr7	TRUE	FALSE
Olfr57	chr10	FALSE	FALSE
Olfr591	chr7	TRUE	FALSE
Olfr610	chr7	TRUE	FALSE
Olfr632	chr7	FALSE	FALSE
Olfr643	chr7	FALSE	FALSE
Olfr720	chr14	FALSE	FALSE
Olfr767	chr10	FALSE	FALSE
Olfr846	chr9	FALSE	FALSE
Olfr859	chr9	FALSE	FALSE
Olfr954	chr9	TRUE	FALSE
Olfr980	chr9	FALSE	FALSE
Olfr984	chr9	FALSE	FALSE
Olfr993	chr2	FALSE	FALSE
Onecut2	chr18	TRUE	TRUE
Opa1	chr16	FALSE	FALSE
Opcml	chr9	TRUE	TRUE
Ophn1	chrX	FALSE	FALSE
Oprl1	chr2	TRUE	FALSE
Optn	chr2	FALSE	FALSE
Orc1	chr4	FALSE	FALSE
Orc4	chr2	FALSE	FALSE
Orc5	chr5	TRUE	FALSE
Ormdl1	chr1	TRUE	FALSE
Os9	chr10	FALSE	FALSE
Osbp2	chr11	FALSE	TRUE
Osbpl10	chr9	FALSE	FALSE
Osbpl1a	chr18	TRUE	FALSE
Osbpl2	chr2	FALSE	FALSE
Osbpl3	chr6	TRUE	FALSE
Osbpl5	chr7	FALSE	FALSE
Osbpl6	chr2	FALSE	TRUE
Osbpl8	chr10	FALSE	TRUE
Osbpl9	chr4	FALSE	TRUE
Oser1	chr2	FALSE	FALSE
Osmr	chr15	FALSE	FALSE
Ostf1	chr19	FALSE	FALSE
Ostm1	chr10	FALSE	FALSE
Ostn	chr16	FALSE	FALSE
Otc	chrX	TRUE	FALSE
Otoa	chr7	FALSE	FALSE
Otof	chr5	FALSE	FALSE
Otog	chr7	FALSE	FALSE
Otogl	chr10	FALSE	FALSE
Otop1	chr5	FALSE	FALSE
Otop2	chr11	FALSE	FALSE
Otud1	chr2	TRUE	FALSE
Otud7a	chr7	FALSE	TRUE
Otulin	chr15	FALSE	TRUE
Otx2	chr14	FALSE	FALSE
Ovol2	chr2	FALSE	FALSE
Oxa1l	chr14	FALSE	FALSE
Oxct1	chr15	FALSE	TRUE
Oxr1	chr15	FALSE	TRUE
Oxsm	chr14	TRUE	FALSE
Oxsr1	chr9	FALSE	FALSE
P2rx3	chr2	FALSE	FALSE
P2rx4	chr5	FALSE	TRUE
P2ry12	chr3	FALSE	FALSE
P2ry14	chr3	FALSE	FALSE
P2ry2	chr7	FALSE	FALSE
P2ry6	chr7	FALSE	FALSE
P3h1	chr4	FALSE	FALSE
P3h2	chr16	FALSE	FALSE
P3h4	chr11	TRUE	FALSE
P4ha2	chr11	FALSE	FALSE
Pabpc4	chr4	FALSE	FALSE
Pacc1	chr1	FALSE	FALSE
Pacrg	chr17	FALSE	FALSE
Pacs1	chr19	FALSE	FALSE
Pacs2	chr12	FALSE	FALSE
Padi1	chr4	FALSE	FALSE
Padi4	chr4	FALSE	FALSE
Padi6	chr4	FALSE	FALSE
Pag1	chr3	FALSE	TRUE
Pak1ip1	chr13	FALSE	FALSE
Pak2	chr16	FALSE	FALSE
Pak3	chrX	FALSE	FALSE
Pak6	chr2	FALSE	FALSE
Pak7	chr2	TRUE	FALSE
Pakap	chr4	FALSE	FALSE
Pald1	chr10	FALSE	FALSE
Palld	chr8	FALSE	TRUE
Palm3	chr8	FALSE	FALSE
Pam	chr1	TRUE	TRUE
Pan3	chr5	FALSE	TRUE
Pank1	chr19	FALSE	FALSE
Pank2	chr2	FALSE	FALSE
Pank3	chr11	FALSE	FALSE
Panx1	chr9	FALSE	FALSE
Papln	chr12	FALSE	FALSE
Papola	chr12	FALSE	FALSE
Pappa	chr4	FALSE	TRUE
Pappa2	chr1	TRUE	FALSE
Papss2	chr19	FALSE	FALSE
Paqr5	chr9	FALSE	FALSE
Paqr8	chr1	TRUE	FALSE
Paqr9	chr9	TRUE	FALSE
Pard3b	chr1	TRUE	FALSE
Pard6g	chr18	FALSE	FALSE
Parg	chr14	FALSE	FALSE
Parn	chr16	FALSE	FALSE
Parp4	chr14	FALSE	FALSE
Parp8	chr13	FALSE	FALSE
Parvb	chr15	FALSE	TRUE
Parvg	chr15	FALSE	FALSE
Pate2	chr9	FALSE	FALSE
Patj	chr4	TRUE	FALSE
Patz1	chr11	FALSE	FALSE
Pawr	chr10	FALSE	FALSE
Pax2	chr19	FALSE	FALSE
Pax3	chr1	FALSE	FALSE
Pax4	chr6	FALSE	FALSE
Pax5	chr4	FALSE	FALSE
Pax7	chr4	FALSE	FALSE
Pax8	chr2	FALSE	FALSE
Pbdc1	chrX	FALSE	FALSE
Pbld2	chr10	FALSE	FALSE
Pbrm1	chr14	FALSE	FALSE
Pbx1	chr1	FALSE	TRUE
Pbx3	chr2	TRUE	FALSE
Pbx4	chr8	FALSE	FALSE
Pcare	chr17	FALSE	FALSE
Pcbd2	chr13	FALSE	FALSE
Pcbp2	chr15	FALSE	FALSE
Pcca	chr14	FALSE	FALSE
Pccb	chr9	FALSE	FALSE
Pcdh10	chr3	FALSE	TRUE
Pcdh15	chr10	FALSE	FALSE
Pcdh19	chrX	TRUE	FALSE
Pcdh7	chr5	TRUE	FALSE
Pcdh9	chr14	TRUE	FALSE
Pcdha1	chr18	FALSE	TRUE
Pcdha11	chr18	FALSE	TRUE
Pcdha12	chr18	FALSE	TRUE
Pcdha2	chr18	FALSE	TRUE
Pcdha3	chr18	FALSE	TRUE
Pcdha4	chr18	FALSE	TRUE
Pcdha5	chr18	FALSE	TRUE
Pcdha6	chr18	FALSE	TRUE
Pcdha7	chr18	FALSE	TRUE
Pcdha8	chr18	FALSE	TRUE
Pcdha9	chr18	FALSE	TRUE
Pcdhac1	chr18	FALSE	TRUE
Pcdhga10	chr18	FALSE	TRUE
Pcdhga11	chr18	FALSE	TRUE
Pcdhga12	chr18	FALSE	TRUE
Pcdhgb7	chr18	FALSE	TRUE
Pced1b	chr15	FALSE	FALSE
Pcgf3	chr5	FALSE	TRUE
Pcgf5	chr19	FALSE	TRUE
Pcid2	chr8	FALSE	FALSE
Pclaf	chr9	FALSE	FALSE
Pclo	chr5	FALSE	TRUE
Pcm1	chr8	FALSE	FALSE
Pcmtd1	chr1	FALSE	FALSE
Pcnp	chr16	FALSE	FALSE
Pcnt	chr10	FALSE	FALSE
Pcnx	chr12	FALSE	FALSE
Pcnx2	chr8	FALSE	FALSE
Pcolce2	chr9	FALSE	FALSE
Pcp4l1	chr1	FALSE	FALSE
Pcsk2	chr2	FALSE	FALSE
Pcsk5	chr19	FALSE	FALSE
Pcsk6	chr7	FALSE	FALSE
Pcsk9	chr4	FALSE	FALSE
Pcx	chr19	FALSE	FALSE
Pcyt1b	chrX	FALSE	FALSE
Pdcd1	chr1	FALSE	FALSE
Pdcd2l	chr7	FALSE	FALSE
Pde10a	chr17	FALSE	TRUE
Pde11a	chr2	FALSE	FALSE
Pde1a	chr2	FALSE	FALSE
Pde1c	chr6	TRUE	FALSE
Pde2a	chr7	FALSE	TRUE
Pde3a	chr6	FALSE	FALSE
Pde3b	chr7	FALSE	TRUE
Pde4a	chr9	FALSE	FALSE
Pde4b	chr4	FALSE	TRUE
Pde4c	chr8	FALSE	FALSE
Pde4d	chr13	TRUE	TRUE
Pde4dip	chr3	FALSE	TRUE
Pde6a	chr18	FALSE	FALSE
Pde6c	chr19	FALSE	FALSE
Pde6d	chr1	FALSE	TRUE
Pde7a	chr3	FALSE	FALSE
Pde7b	chr10	FALSE	FALSE
Pde8a	chr7	FALSE	FALSE
Pde8b	chr13	FALSE	FALSE
Pde9a	chr17	FALSE	TRUE
Pdgfa	chr5	FALSE	TRUE
Pdgfc	chr3	FALSE	FALSE
Pdgfd	chr9	FALSE	FALSE
Pdgfra	chr5	FALSE	FALSE
Pdgfrl	chr8	TRUE	TRUE
Pdia5	chr16	FALSE	FALSE
Pdk1	chr2	TRUE	FALSE
Pdk2	chr11	FALSE	FALSE
Pdk3	chrX	FALSE	FALSE
Pdlim5	chr3	FALSE	FALSE
Pdlim7	chr13	FALSE	FALSE
Pdpr	chr8	FALSE	FALSE
Pds5a	chr5	FALSE	FALSE
Pds5b	chr5	FALSE	FALSE
Pdss2	chr10	FALSE	FALSE
Pdx1	chr5	FALSE	FALSE
Pdzd2	chr15	FALSE	FALSE
Pdzd8	chr19	FALSE	FALSE
Pdzrn4	chr15	FALSE	FALSE
Pear1	chr3	FALSE	FALSE
Pef1	chr4	FALSE	FALSE
Pemt	chr11	FALSE	FALSE
Pepd	chr7	FALSE	TRUE
Pex10	chr4	FALSE	FALSE
Pex14	chr4	FALSE	FALSE
Pex5l	chr3	FALSE	FALSE
Pf4	chr5	FALSE	FALSE
Pfkfb2	chr1	FALSE	FALSE
Pfkl	chr10	FALSE	FALSE
Pfkm	chr15	FALSE	FALSE
Pfkp	chr13	FALSE	FALSE
Pgap1	chr1	FALSE	FALSE
Pgap2	chr7	FALSE	FALSE
Pgap3	chr11	FALSE	FALSE
Pgbd5	chr8	FALSE	TRUE
Pggt1b	chr18	FALSE	FALSE
Pgm1	chr4	FALSE	FALSE
Phactr1	chr13	FALSE	FALSE
Phactr2	chr10	FALSE	FALSE
Phactr3	chr2	FALSE	TRUE
Phactr4	chr4	FALSE	FALSE
Phc3	chr3	FALSE	FALSE
Phex	chrX	TRUE	FALSE
Phf12	chr11	FALSE	FALSE
Phf14	chr6	FALSE	FALSE
Phf2	chr13	FALSE	TRUE
Phf20	chr2	FALSE	FALSE
Phf20l1	chr15	FALSE	FALSE
Phf21a	chr2	FALSE	TRUE
Phf21b	chr15	FALSE	FALSE
Phf24	chr4	FALSE	FALSE
Phf3	chr1	FALSE	TRUE
Phf8	chrX	FALSE	FALSE
Phip	chr9	FALSE	FALSE
Phkb	chr8	FALSE	FALSE
Phldb1	chr9	FALSE	FALSE
Phldb2	chr16	TRUE	FALSE
Phlpp1	chr1	FALSE	TRUE
Phlpp2	chr8	FALSE	FALSE
Phox2a	chr7	FALSE	FALSE
Phtf1	chr3	FALSE	FALSE
Phtf2	chr5	FALSE	FALSE
Phyhd1	chr2	FALSE	FALSE
Phyhipl	chr10	FALSE	FALSE
Pi4k2a	chr19	FALSE	FALSE
Pi4kb	chr3	FALSE	TRUE
Pias1	chr9	FALSE	TRUE
Pias2	chr18	FALSE	FALSE
Pibf1	chr14	FALSE	FALSE
Picalm	chr7	FALSE	TRUE
Piezo1	chr8	FALSE	FALSE
Pigg	chr5	FALSE	FALSE
Pigl	chr11	FALSE	FALSE
Pigt	chr2	FALSE	FALSE
Pigu	chr2	FALSE	FALSE
Pih1d2	chr9	FALSE	FALSE
Pik3c2b	chr1	FALSE	FALSE
Pik3c2g	chr6	FALSE	FALSE
Pik3ca	chr3	FALSE	TRUE
Pik3cb	chr9	FALSE	FALSE
Pik3cd	chr4	FALSE	FALSE
Pik3cg	chr12	FALSE	FALSE
Pik3r1	chr13	FALSE	FALSE
Pik3r3	chr4	FALSE	TRUE
Pik3r5	chr11	FALSE	FALSE
Pikfyve	chr1	FALSE	FALSE
Pinx1	chr14	FALSE	FALSE
Pip4k2a	chr2	FALSE	FALSE
Pip5k1b	chr19	FALSE	FALSE
Pir	chrX	FALSE	FALSE
Pirt	chr11	FALSE	FALSE
Pisd	chr5	FALSE	FALSE
Pitpna	chr11	FALSE	FALSE
Pitpnc1	chr11	FALSE	FALSE
Pitpnm2	chr5	FALSE	FALSE
Pitpnm3	chr11	FALSE	FALSE
Pitrm1	chr13	FALSE	FALSE
Piwil1	chr5	FALSE	FALSE
Piwil2	chr14	FALSE	FALSE
Pkd1l2	chr8	FALSE	FALSE
Pkd1l3	chr8	FALSE	FALSE
Pkdcc	chr17	FALSE	FALSE
Pkhd1l1	chr15	FALSE	FALSE
Pkia	chr3	FALSE	FALSE
Pkig	chr2	TRUE	FALSE
Pkn1	chr8	FALSE	FALSE
Pkn2	chr3	FALSE	FALSE
Pknox1	chr17	FALSE	FALSE
Pknox2	chr9	FALSE	TRUE
Pla2g2f	chr4	FALSE	FALSE
Pla2g3	chr11	FALSE	FALSE
Pla2g4e	chr2	FALSE	FALSE
Pla2g5	chr4	FALSE	FALSE
Pla2r1	chr2	FALSE	FALSE
Plaat1	chr16	TRUE	FALSE
Plag1	chr4	FALSE	FALSE
Plagl1	chr10	FALSE	TRUE
Plbd2	chr5	FALSE	FALSE
Plcb2	chr2	FALSE	FALSE
Plcb3	chr19	FALSE	FALSE
Plcb4	chr2	FALSE	TRUE
Plcd1	chr9	FALSE	TRUE
Plce1	chr19	FALSE	FALSE
Plcg1	chr2	FALSE	TRUE
Plcg2	chr8	FALSE	FALSE
Plch1	chr3	FALSE	FALSE
Plcl1	chr1	FALSE	FALSE
Pld1	chr3	FALSE	FALSE
Pld5	chr1	TRUE	FALSE
Plek	chr11	FALSE	FALSE
Plekha5	chr6	FALSE	TRUE
Plekha6	chr1	FALSE	TRUE
Plekha7	chr7	FALSE	FALSE
Plekha8	chr6	FALSE	FALSE
Plekhb2	chr1	FALSE	FALSE
Plekhd1	chr12	FALSE	FALSE
Plekhf1	chr7	TRUE	FALSE
Plekhg1	chr10	FALSE	FALSE
Plekhg2	chr7	FALSE	FALSE
Plekhg3	chr12	FALSE	TRUE
Plekhg5	chr4	FALSE	FALSE
Plekhg6	chr6	FALSE	FALSE
Plekhh1	chr12	FALSE	FALSE
Plekhm2	chr4	FALSE	FALSE
Plekhm3	chr1	FALSE	FALSE
Plekho2	chr9	FALSE	FALSE
Plin2	chr4	TRUE	FALSE
Plod1	chr4	FALSE	FALSE
Plpp7	chr2	FALSE	TRUE
Plppr1	chr4	FALSE	TRUE
Plppr4	chr3	TRUE	FALSE
Plppr5	chr3	FALSE	TRUE
Pls1	chr9	FALSE	FALSE
Pls3	chrX	FALSE	TRUE
Plscr1	chr9	FALSE	FALSE
Plscr5	chr9	TRUE	FALSE
Plvap	chr8	FALSE	FALSE
Plxdc1	chr11	FALSE	FALSE
Plxdc2	chr2	TRUE	FALSE
Plxna1	chr6	FALSE	FALSE
Plxna2	chr1	FALSE	FALSE
Plxnb3	chrX	FALSE	FALSE
Plxnc1	chr10	FALSE	FALSE
Plxnd1	chr6	TRUE	FALSE
Pmm2	chr16	FALSE	FALSE
Pms1	chr1	TRUE	FALSE
Pnpla1	chr17	FALSE	FALSE
Pnpla7	chr2	FALSE	FALSE
Poc1a	chr9	FALSE	FALSE
Poc1b	chr10	FALSE	FALSE
Podn	chr4	FALSE	FALSE
Podxl	chr6	FALSE	TRUE
Pof1b	chrX	FALSE	FALSE
Pogz	chr3	FALSE	FALSE
Pola1	chrX	FALSE	FALSE
Polk	chr13	FALSE	FALSE
Polm	chr11	FALSE	FALSE
Poln	chr5	FALSE	FALSE
Polq	chr16	TRUE	FALSE
Polr1d	chr5	TRUE	FALSE
Polr3b	chr10	FALSE	FALSE
Pom121l2	chr13	FALSE	TRUE
Pomt2	chr12	FALSE	FALSE
Popdc3	chr10	FALSE	FALSE
Postn	chr3	FALSE	FALSE
Pot1a	chr6	FALSE	FALSE
Pou2f1	chr1	FALSE	TRUE
Pou2f2	chr7	FALSE	TRUE
Pou2f3	chr9	FALSE	FALSE
Pou3f3	chr1	FALSE	FALSE
Pou4f2	chr8	FALSE	FALSE
Pou5f1	chr17	FALSE	FALSE
Pp2d1	chr17	FALSE	FALSE
Ppa2	chr3	FALSE	FALSE
Ppara	chr15	FALSE	FALSE
Ppard	chr17	FALSE	FALSE
Ppargc1b	chr18	FALSE	TRUE
Ppcdc	chr9	FALSE	FALSE
Ppef1	chrX	TRUE	FALSE
Ppef2	chr5	FALSE	FALSE
Ppfia1	chr7	FALSE	TRUE
Ppfia2	chr10	FALSE	FALSE
Ppfia3	chr7	FALSE	TRUE
Ppfibp1	chr6	FALSE	FALSE
Ppfibp2	chr7	FALSE	FALSE
Pphln1	chr15	FALSE	FALSE
Ppic	chr18	FALSE	FALSE
Ppil4	chr10	FALSE	FALSE
Ppip5k2	chr1	FALSE	FALSE
Ppl	chr16	FALSE	FALSE
Ppm1b	chr17	FALSE	TRUE
Ppm1e	chr11	FALSE	FALSE
Ppm1f	chr16	FALSE	FALSE
Ppm1h	chr10	FALSE	FALSE
Ppme1	chr7	FALSE	FALSE
Ppp1cb	chr5	FALSE	FALSE
Ppp1r12a	chr10	FALSE	TRUE
Ppp1r12b	chr1	FALSE	FALSE
Ppp1r12c	chr7	FALSE	FALSE
Ppp1r13b	chr12	FALSE	TRUE
Ppp1r14c	chr10	FALSE	TRUE
Ppp1r16b	chr2	FALSE	TRUE
Ppp1r1b	chr11	FALSE	FALSE
Ppp1r21	chr17	FALSE	FALSE
Ppp1r3a	chr6	FALSE	FALSE
Ppp1r9a	chr6	FALSE	FALSE
Ppp2ca	chr11	FALSE	FALSE
Ppp2r1b	chr9	TRUE	FALSE
Ppp2r2a	chr14	FALSE	TRUE
Ppp2r2b	chr18	FALSE	TRUE
Ppp2r2c	chr5	FALSE	TRUE
Ppp2r3c	chr12	FALSE	FALSE
Ppp2r5a	chr1	FALSE	FALSE
Ppp2r5c	chr12	FALSE	FALSE
Ppp2r5e	chr12	FALSE	FALSE
Ppp3ca	chr3	FALSE	TRUE
Ppp3cb	chr14	FALSE	TRUE
Ppp3cc	chr14	FALSE	FALSE
Ppp4r1	chr17	FALSE	FALSE
Ppp4r2	chr6	FALSE	FALSE
Ppp4r4	chr12	FALSE	FALSE
Ppp5c	chr7	FALSE	FALSE
Ppp6r1	chr7	FALSE	FALSE
Ppp6r2	chr15	FALSE	TRUE
Ppp6r3	chr19	FALSE	TRUE
Pptc7	chr5	FALSE	FALSE
Pqlc2	chr4	FALSE	FALSE
Pramef6	chr4	FALSE	FALSE
Prdm1	chr10	FALSE	FALSE
Prdm10	chr9	TRUE	FALSE
Prdm11	chr2	FALSE	FALSE
Prdm13	chr4	FALSE	FALSE
Prdm15	chr16	FALSE	FALSE
Prdm16	chr4	FALSE	FALSE
Prdm2	chr4	FALSE	TRUE
Prdm5	chr6	TRUE	FALSE
Prdm8	chr5	FALSE	FALSE
Prep	chr10	FALSE	FALSE
Prepl	chr17	FALSE	TRUE
Prex1	chr2	FALSE	FALSE
Prex2	chr1	TRUE	FALSE
Prg4	chr1	FALSE	FALSE
Prh1	chr6	FALSE	FALSE
Prickle1	chr15	FALSE	TRUE
Prickle2	chr6	FALSE	FALSE
Prim2	chr1	FALSE	FALSE
Prkaca	chr8	FALSE	FALSE
Prkacb	chr3	FALSE	TRUE
Prkag2	chr5	FALSE	FALSE
Prkar2b	chr12	FALSE	FALSE
Prkca	chr11	FALSE	FALSE
Prkcb	chr7	FALSE	TRUE
Prkcd	chr14	FALSE	FALSE
Prkce	chr17	FALSE	TRUE
Prkcg	chr7	FALSE	FALSE
Prkch	chr12	FALSE	FALSE
Prkci	chr3	FALSE	FALSE
Prkcq	chr2	FALSE	FALSE
Prkcsh	chr9	FALSE	FALSE
Prkcz	chr4	FALSE	TRUE
Prkd3	chr17	FALSE	FALSE
Prkdc	chr16	FALSE	FALSE
Prkg1	chr19	FALSE	TRUE
Prkg2	chr5	FALSE	FALSE
Prkn	chr17	TRUE	FALSE
Prl	chr13	TRUE	FALSE
Prlr	chr15	FALSE	FALSE
Prmt3	chr7	FALSE	FALSE
Prmt8	chr6	FALSE	TRUE
Prn	chr2	FALSE	FALSE
Prnd	chr2	FALSE	FALSE
Prodh	chr16	FALSE	FALSE
Prokr2	chr2	FALSE	FALSE
Prorp	chr12	FALSE	FALSE
Pros1	chr16	FALSE	FALSE
Prox1	chr1	FALSE	TRUE
Prpf18	chr2	FALSE	FALSE
Prpf40a	chr2	FALSE	TRUE
Prpf6	chr2	FALSE	TRUE
Prr14l	chr5	FALSE	FALSE
Prr16	chr18	TRUE	FALSE
Prr27	chr5	TRUE	FALSE
Prr36	chr8	FALSE	FALSE
Prr5	chr15	FALSE	FALSE
Prr5l	chr2	FALSE	FALSE
Prr7	chr13	FALSE	TRUE
Prrc1	chr18	FALSE	FALSE
Prrc2b	chr2	FALSE	TRUE
Prrc2c	chr1	FALSE	FALSE
Prrg2	chr7	FALSE	FALSE
Prrt4	chr6	FALSE	FALSE
Prss12	chr3	FALSE	FALSE
Prss23	chr7	FALSE	FALSE
Prss55	chr14	TRUE	FALSE
Prtg	chr9	FALSE	FALSE
Prune2	chr19	TRUE	FALSE
Psd	chr19	FALSE	FALSE
Psd3	chr8	TRUE	FALSE
Psd4	chr2	FALSE	FALSE
Psg20	chr7	FALSE	FALSE
Psg29	chr7	FALSE	FALSE
Pskh1	chr8	FALSE	FALSE
Psma5	chr3	FALSE	FALSE
Psma8	chr18	FALSE	FALSE
Psmb2	chr4	FALSE	FALSE
Psmb4	chr3	FALSE	FALSE
Psmd1	chr1	FALSE	FALSE
Psmd11	chr11	FALSE	FALSE
Psmd12	chr11	FALSE	FALSE
Psmd14	chr2	FALSE	FALSE
Psme4	chr11	FALSE	FALSE
Psmf1	chr2	FALSE	FALSE
Pspc1	chr14	FALSE	FALSE
Pstpip1	chr9	FALSE	TRUE
Ptar1	chr19	TRUE	FALSE
Ptcd3	chr6	FALSE	FALSE
Ptchd4	chr17	TRUE	FALSE
Pten	chr19	FALSE	TRUE
Ptgfrn	chr3	FALSE	FALSE
Ptgis	chr2	FALSE	FALSE
Ptgs1	chr2	FALSE	FALSE
Ptk2	chr15	FALSE	FALSE
Ptk2b	chr14	FALSE	FALSE
Ptk7	chr17	FALSE	FALSE
Ptp4a2	chr4	FALSE	FALSE
Ptp4a3	chr15	FALSE	TRUE
Ptpn1	chr2	FALSE	FALSE
Ptpn11	chr5	FALSE	FALSE
Ptpn13	chr5	FALSE	FALSE
Ptpn14	chr1	FALSE	FALSE
Ptpn2	chr18	FALSE	FALSE
Ptpn23	chr9	FALSE	FALSE
Ptpn3	chr4	FALSE	FALSE
Ptpn4	chr1	FALSE	FALSE
Ptpn9	chr9	FALSE	FALSE
Ptpra	chr2	FALSE	FALSE
Ptprb	chr10	TRUE	FALSE
Ptprc	chr1	FALSE	FALSE
Ptpre	chr7	FALSE	FALSE
Ptprf	chr4	FALSE	TRUE
Ptprg	chr14	FALSE	FALSE
Ptprh	chr7	FALSE	FALSE
Ptprj	chr2	TRUE	FALSE
Ptprk	chr10	TRUE	FALSE
Ptprm	chr17	FALSE	TRUE
Ptprn2	chr12	FALSE	FALSE
Ptpro	chr6	FALSE	FALSE
Ptprq	chr10	FALSE	FALSE
Ptprs	chr17	FALSE	TRUE
Ptpru	chr4	FALSE	FALSE
Ptprz1	chr6	FALSE	TRUE
Pum1	chr4	FALSE	TRUE
Pum2	chr12	FALSE	FALSE
Pus10	chr11	FALSE	FALSE
Pvalb	chr15	FALSE	FALSE
Pwwp2b	chr7	FALSE	FALSE
Pxdn	chr12	FALSE	FALSE
Pygl	chr12	FALSE	FALSE
Pyroxd2	chr19	FALSE	FALSE
Qk	chr17	FALSE	FALSE
Qrfprl	chr6	FALSE	FALSE
Qrich1	chr9	FALSE	FALSE
Qrich2	chr11	FALSE	FALSE
Qser1	chr2	FALSE	FALSE
Qsox1	chr1	FALSE	TRUE
Qtrt2	chr16	FALSE	FALSE
R3hdm1	chr1	FALSE	TRUE
R3hdm2	chr10	FALSE	FALSE
Rab10	chr12	FALSE	FALSE
Rab11fip3	chr17	FALSE	FALSE
Rab11fip4	chr11	FALSE	TRUE
Rab11fip5	chr6	FALSE	TRUE
Rab18	chr18	FALSE	FALSE
Rab23	chr1	FALSE	FALSE
Rab25	chr3	TRUE	FALSE
Rab28	chr5	FALSE	FALSE
Rab2a	chr4	FALSE	TRUE
Rab2b	chr14	FALSE	FALSE
Rab30	chr7	FALSE	TRUE
Rab38	chr7	FALSE	FALSE
Rab39	chr9	FALSE	FALSE
Rab3b	chr4	FALSE	FALSE
Rab3c	chr13	TRUE	FALSE
Rab3gap2	chr1	FALSE	TRUE
Rab3ip	chr10	FALSE	FALSE
Rab40b	chr11	FALSE	FALSE
Rab44	chr17	FALSE	FALSE
Rab5c	chr11	FALSE	FALSE
Rab6b	chr9	FALSE	TRUE
Rab7	chr6	FALSE	FALSE
Rab8b	chr9	FALSE	FALSE
Rabep1	chr11	FALSE	FALSE
Rabgap1	chr2	FALSE	FALSE
Rabgap1l	chr1	FALSE	TRUE
Rabggta	chr14	FALSE	FALSE
Rac1	chr5	FALSE	TRUE
Rad18	chr6	FALSE	FALSE
Rad51b	chr12	FALSE	FALSE
Rad54l	chr4	FALSE	FALSE
Rad54l2	chr9	FALSE	FALSE
Radx	chrX	FALSE	FALSE
Raf1	chr6	FALSE	FALSE
Rag1	chr2	TRUE	FALSE
Rai1	chr11	FALSE	TRUE
Ralbp1	chr17	FALSE	FALSE
Ralgapa1	chr12	FALSE	FALSE
Ralgapb	chr2	FALSE	FALSE
Ralgps1	chr2	FALSE	TRUE
Ralgps2	chr1	FALSE	FALSE
Ralyl	chr3	FALSE	TRUE
Ramp3	chr11	FALSE	FALSE
Ranbp1	chr16	FALSE	FALSE
Ranbp10	chr8	FALSE	TRUE
Ranbp17	chr11	FALSE	FALSE
Ranbp2	chr10	FALSE	FALSE
Ranbp9	chr13	FALSE	FALSE
Rap1a	chr3	FALSE	FALSE
Rap1b	chr10	FALSE	TRUE
Rap1gap	chr4	FALSE	TRUE
Rap1gap2	chr11	FALSE	FALSE
Rap2a	chr14	FALSE	FALSE
Rapgef1	chr2	FALSE	TRUE
Rapgef2	chr3	FALSE	TRUE
Rapgef3	chr15	FALSE	FALSE
Rapgef4	chr2	FALSE	TRUE
Rapgef5	chr12	FALSE	TRUE
Rapgef6	chr11	FALSE	FALSE
Raph1	chr1	FALSE	FALSE
Rarg	chr15	FALSE	FALSE
Rasa3	chr8	FALSE	TRUE
Rasal1	chr5	FALSE	FALSE
Rasal2	chr1	FALSE	FALSE
Rasgef1a	chr6	FALSE	TRUE
Rasgef1b	chr5	FALSE	FALSE
Rasgrf1	chr9	FALSE	FALSE
Rasgrp1	chr2	TRUE	FALSE
Rasgrp2	chr19	FALSE	TRUE
Rasl12	chr9	FALSE	FALSE
Rassf10	chr7	FALSE	FALSE
Rassf3	chr10	FALSE	FALSE
Rassf4	chr6	FALSE	FALSE
Rassf5	chr1	FALSE	FALSE
Rassf6	chr5	FALSE	FALSE
Raver2	chr4	FALSE	FALSE
Rb1	chr14	FALSE	FALSE
Rbbp5	chr1	FALSE	FALSE
Rbbp8	chr18	FALSE	FALSE
Rbfox1	chr16	FALSE	TRUE
Rbfox2	chr15	FALSE	TRUE
Rbfox3	chr11	FALSE	TRUE
Rbks	chr5	FALSE	FALSE
Rbm19	chr5	FALSE	FALSE
Rbm20	chr19	FALSE	FALSE
Rbm26	chr14	FALSE	FALSE
Rbm27	chr18	FALSE	FALSE
Rbm33	chr5	FALSE	TRUE
Rbm41	chrX	FALSE	FALSE
Rbm6	chr9	FALSE	FALSE
Rbms1	chr2	FALSE	TRUE
Rbms2	chr10	FALSE	FALSE
Rbms3	chr9	FALSE	FALSE
Rbpj	chr5	FALSE	FALSE
Rbpms2	chr9	FALSE	FALSE
Rc3h2	chr2	FALSE	FALSE
Rcan1	chr16	FALSE	TRUE
Rcan3	chr4	TRUE	FALSE
Rcc1	chr4	FALSE	FALSE
Rcor1	chr12	FALSE	FALSE
Rcor3	chr1	FALSE	TRUE
Rdh13	chr7	FALSE	FALSE
Rdh5	chr10	TRUE	FALSE
Rdx	chr9	FALSE	TRUE
Reck	chr4	FALSE	TRUE
Recql5	chr11	FALSE	FALSE
Reep1	chr6	FALSE	TRUE
Reep3	chr10	TRUE	FALSE
Reep4	chr14	TRUE	FALSE
Relch	chr1	FALSE	TRUE
Rell1	chr5	TRUE	FALSE
Reln	chr5	FALSE	TRUE
Relt	chr7	FALSE	FALSE
Ren1	chr1	FALSE	FALSE
Rere	chr4	FALSE	TRUE
Rerg	chr6	TRUE	FALSE
Resf1	chr6	FALSE	FALSE
Resp18	chr1	FALSE	FALSE
Ret	chr6	FALSE	FALSE
Retreg1	chr15	FALSE	FALSE
Rev1	chr1	FALSE	TRUE
Rev3l	chr10	FALSE	FALSE
Rfc1	chr5	FALSE	FALSE
Rffl	chr11	FALSE	FALSE
Rflna	chr5	FALSE	FALSE
Rft1	chr14	FALSE	FALSE
Rftn2	chr1	FALSE	FALSE
Rfx2	chr17	FALSE	FALSE
Rfx3	chr19	FALSE	TRUE
Rfx6	chr10	FALSE	FALSE
Rfx7	chr9	FALSE	TRUE
Rfx8	chr1	FALSE	FALSE
Rgl1	chr1	FALSE	FALSE
Rgma	chr7	FALSE	FALSE
Rgp1	chr4	FALSE	FALSE
Rgs12	chr5	FALSE	FALSE
Rgs16	chr1	FALSE	TRUE
Rgs17	chr10	FALSE	TRUE
Rgs18	chr1	FALSE	FALSE
Rgs20	chr1	FALSE	FALSE
Rgs3	chr4	TRUE	FALSE
Rgs7	chr1	FALSE	TRUE
Rgs9	chr11	FALSE	FALSE
Rhbdf2	chr11	FALSE	FALSE
Rhbdl1	chr17	TRUE	FALSE
Rhbdl2	chr4	FALSE	FALSE
Rhbdl3	chr11	FALSE	FALSE
Rhbg	chr3	FALSE	FALSE
Rhd	chr4	FALSE	FALSE
Rheb	chr5	FALSE	FALSE
Rhoa	chr9	FALSE	FALSE
Rhobtb3	chr13	FALSE	FALSE
Rhod	chr19	FALSE	FALSE
Rhof	chr5	FALSE	FALSE
Rhoj	chr12	FALSE	TRUE
Rhpn2	chr7	FALSE	FALSE
Ribc1	chrX	FALSE	FALSE
Ric1	chr19	FALSE	FALSE
Ric3	chr7	FALSE	FALSE
Ric8b	chr10	FALSE	TRUE
Rictor	chr15	FALSE	TRUE
Rif1	chr2	FALSE	TRUE
Rilpl1	chr5	FALSE	FALSE
Rimklb	chr6	FALSE	FALSE
Rims1	chr1	FALSE	TRUE
Rims3	chr4	TRUE	FALSE
Rims4	chr2	FALSE	FALSE
Rin2	chr2	FALSE	FALSE
Rin3	chr12	FALSE	FALSE
Ripor1	chr8	FALSE	TRUE
Ripor2	chr13	FALSE	FALSE
Rmnd5a	chr6	FALSE	FALSE
Rnf111	chr9	FALSE	FALSE
Rnf115	chr3	FALSE	FALSE
Rnf121	chr7	FALSE	TRUE
Rnf122	chr8	TRUE	FALSE
Rnf125	chr18	FALSE	FALSE
Rnf13	chr3	FALSE	FALSE
Rnf130	chr11	FALSE	TRUE
Rnf141	chr7	FALSE	FALSE
Rnf144a	chr12	FALSE	FALSE
Rnf145	chr11	FALSE	TRUE
Rnf149	chr1	FALSE	FALSE
Rnf150	chr8	FALSE	TRUE
Rnf152	chr1	FALSE	TRUE
Rnf157	chr11	FALSE	FALSE
Rnf165	chr18	FALSE	FALSE
Rnf180	chr13	FALSE	FALSE
Rnf182	chr13	TRUE	FALSE
Rnf187	chr11	FALSE	FALSE
Rnf19a	chr15	FALSE	FALSE
Rnf2	chr1	FALSE	FALSE
Rnf208	chr2	FALSE	FALSE
Rnf213	chr11	FALSE	FALSE
Rnf214	chr9	FALSE	FALSE
Rnf216	chr5	FALSE	TRUE
Rnf217	chr10	FALSE	FALSE
Rnf219	chr14	FALSE	FALSE
Rnf220	chr4	FALSE	TRUE
Rnf26	chr9	FALSE	FALSE
Rnf38	chr4	FALSE	FALSE
Rnf43	chr11	FALSE	FALSE
Rngtt	chr4	FALSE	FALSE
Rnmt	chr18	TRUE	FALSE
Robo1	chr16	FALSE	FALSE
Robo2	chr16	TRUE	FALSE
Rock1	chr18	FALSE	FALSE
Rock2	chr12	FALSE	TRUE
Ror1	chr4	TRUE	FALSE
Ror2	chr13	FALSE	FALSE
Rora	chr9	FALSE	FALSE
Rorb	chr19	FALSE	FALSE
Ros1	chr10	FALSE	FALSE
Rp1	chr1	FALSE	FALSE
Rp9	chr9	TRUE	FALSE
Rpe65	chr3	FALSE	FALSE
Rpgrip1l	chr8	FALSE	FALSE
Rph3a	chr5	FALSE	FALSE
Rpia	chr6	FALSE	FALSE
Rpl17	chr18	FALSE	FALSE
Rpn2	chr2	FALSE	FALSE
Rpp14	chr14	FALSE	FALSE
Rpp40	chr13	FALSE	FALSE
Rprd1a	chr18	FALSE	FALSE
Rprd2	chr3	FALSE	FALSE
Rps14	chr18	TRUE	FALSE
Rps6ka2	chr17	FALSE	FALSE
Rps6ka5	chr12	TRUE	FALSE
Rps6ka6	chrX	FALSE	FALSE
Rps6kb1	chr11	FALSE	FALSE
Rps6kc1	chr1	FALSE	FALSE
Rps6kl1	chr12	FALSE	TRUE
Rptor	chr11	FALSE	TRUE
Rpusd3	chr6	FALSE	FALSE
Rras2	chr7	FALSE	TRUE
Rreb1	chr13	FALSE	FALSE
Rrm2b	chr15	FALSE	FALSE
Rrn3	chr16	FALSE	FALSE
Rsbn1	chr3	FALSE	TRUE
Rsbn1l	chr5	FALSE	TRUE
Rsf1	chr7	FALSE	FALSE
Rskr	chr11	FALSE	FALSE
Rslcan18	chr13	FALSE	FALSE
Rsph1	chr17	FALSE	FALSE
Rsph14	chr10	FALSE	FALSE
Rsph6a	chr7	FALSE	FALSE
Rsph9	chr17	FALSE	FALSE
Rspo3	chr10	FALSE	TRUE
Rsrc1	chr3	FALSE	FALSE
Rsu1	chr2	FALSE	FALSE
Rtf1	chr2	FALSE	FALSE
Rtkn2	chr10	FALSE	FALSE
Rtl4	chrX	FALSE	TRUE
Rtl9	chrX	FALSE	FALSE
Rtn4	chr11	FALSE	FALSE
Rtp1	chr16	FALSE	FALSE
Rttn	chr18	FALSE	FALSE
Rufy1	chr11	FALSE	FALSE
Rufy2	chr10	FALSE	FALSE
Rundc3b	chr5	FALSE	FALSE
Runx1	chr16	FALSE	FALSE
Runx1t1	chr4	TRUE	FALSE
Runx3	chr4	FALSE	FALSE
Rusc2	chr4	FALSE	TRUE
Ruvbl1	chr6	TRUE	FALSE
Rwdd3	chr3	TRUE	FALSE
Rxra	chr2	FALSE	TRUE
Rybp	chr6	FALSE	FALSE
Ryk	chr9	FALSE	TRUE
Ryr1	chr7	FALSE	FALSE
Ryr2	chr13	FALSE	TRUE
S100a13	chr3	FALSE	FALSE
Saa3	chr7	TRUE	FALSE
Saal1	chr7	FALSE	FALSE
Sacm1l	chr9	FALSE	FALSE
Sacs	chr14	FALSE	FALSE
Sae1	chr7	FALSE	FALSE
Samd12	chr15	TRUE	FALSE
Samd14	chr11	FALSE	FALSE
Samd3	chr10	FALSE	FALSE
Samd4b	chr7	FALSE	TRUE
Samd8	chr14	FALSE	FALSE
Sap30	chr8	TRUE	FALSE
Sar1b	chr11	FALSE	FALSE
Sardh	chr2	FALSE	FALSE
Sarm1	chr11	FALSE	FALSE
Saxo1	chr4	FALSE	FALSE
Sbno1	chr5	FALSE	FALSE
Sbno2	chr10	FALSE	FALSE
Scaf8	chr17	FALSE	FALSE
Scai	chr2	FALSE	FALSE
Scamp2	chr9	FALSE	FALSE
Scap	chr9	FALSE	FALSE
Scaper	chr9	FALSE	FALSE
Scarb1	chr5	FALSE	FALSE
Scarb2	chr5	FALSE	FALSE
Scarf2	chr16	FALSE	FALSE
Sccpdh	chr1	FALSE	FALSE
Scd1	chr19	TRUE	FALSE
Scfd2	chr5	TRUE	FALSE
Scg2	chr1	TRUE	FALSE
Scg5	chr2	FALSE	FALSE
Scgb1b19	chr7	TRUE	FALSE
Scgb2b26	chr7	FALSE	FALSE
Schip1	chr3	TRUE	TRUE
Scin	chr12	FALSE	FALSE
Sclt1	chr3	FALSE	FALSE
Scmh1	chr4	FALSE	FALSE
Scn1a	chr2	FALSE	TRUE
Scn2a	chr2	FALSE	TRUE
Scn3a	chr2	FALSE	FALSE
Scn4b	chr9	FALSE	FALSE
Scn5a	chr9	FALSE	FALSE
Scn8a	chr15	FALSE	TRUE
Scn9a	chr2	FALSE	FALSE
Scnn1a	chr6	FALSE	FALSE
Scp2	chr4	FALSE	FALSE
Scrg1	chr8	FALSE	FALSE
Scube1	chr15	FALSE	FALSE
Scube2	chr7	TRUE	FALSE
Scube3	chr17	FALSE	FALSE
Scyl3	chr1	FALSE	TRUE
Sdc2	chr15	TRUE	FALSE
Sdc3	chr4	FALSE	TRUE
Sdc4	chr2	FALSE	FALSE
Sdccag8	chr1	TRUE	FALSE
Sdhaf2	chr19	FALSE	TRUE
Sdk1	chr5	FALSE	FALSE
Sdk2	chr11	FALSE	TRUE
Sec11a	chr7	FALSE	FALSE
Sec14l1	chr11	FALSE	TRUE
Sec16b	chr1	FALSE	FALSE
Sec22a	chr16	FALSE	FALSE
Sec23a	chr12	FALSE	FALSE
Sec24b	chr3	FALSE	TRUE
Sec24d	chr3	FALSE	FALSE
Sec31b	chr19	FALSE	FALSE
Sec63	chr10	FALSE	FALSE
Sel1l2	chr2	FALSE	FALSE
Sel1l3	chr5	FALSE	TRUE
Selenbp1	chr3	FALSE	FALSE
Selplg	chr5	FALSE	FALSE
Sema3a	chr5	TRUE	FALSE
Sema3e	chr5	TRUE	FALSE
Sema3f	chr9	FALSE	FALSE
Sema3g	chr14	FALSE	FALSE
Sema4b	chr7	FALSE	FALSE
Sema4d	chr13	FALSE	TRUE
Sema5b	chr16	FALSE	FALSE
Sema6a	chr18	TRUE	FALSE
Sema6c	chr3	FALSE	TRUE
Sema6d	chr2	TRUE	FALSE
Sema7a	chr9	FALSE	TRUE
Senp3	chr11	FALSE	FALSE
Senp5	chr16	FALSE	FALSE
Senp6	chr9	FALSE	FALSE
Senp7	chr16	FALSE	FALSE
Septin10	chr10	FALSE	FALSE
Septin11	chr5	FALSE	FALSE
Septin7	chr9	FALSE	FALSE
Septin9	chr11	FALSE	FALSE
Serhl	chr15	FALSE	FALSE
Serinc2	chr4	FALSE	TRUE
Serinc4	chr2	FALSE	FALSE
Serp2	chr14	FALSE	FALSE
Serpina1b	chr12	FALSE	FALSE
Serpina3a	chr12	FALSE	FALSE
Serpina3k	chr12	FALSE	FALSE
Serpina5	chr12	FALSE	FALSE
Serpina9	chr12	FALSE	FALSE
Serpinb1b	chr13	TRUE	FALSE
Serpinb2	chr1	TRUE	FALSE
Serpinb3b	chr1	FALSE	FALSE
Serpinb5	chr1	FALSE	FALSE
Serpinb6a	chr13	FALSE	FALSE
Serpinb6e	chr13	FALSE	FALSE
Serpinb8	chr1	TRUE	FALSE
Serpine2	chr1	FALSE	FALSE
Sertad2	chr11	FALSE	FALSE
Sertad4	chr1	FALSE	FALSE
Sesn1	chr10	TRUE	FALSE
Sesn2	chr4	FALSE	FALSE
Sesn3	chr9	FALSE	TRUE
Sestd1	chr2	FALSE	FALSE
Setbp1	chr18	FALSE	TRUE
Setd1b	chr5	FALSE	TRUE
Setd2	chr9	FALSE	TRUE
Setd3	chr12	FALSE	FALSE
Setd5	chr6	FALSE	TRUE
Sez6	chr11	FALSE	TRUE
Sez6l	chr5	FALSE	TRUE
Sez6l2	chr7	FALSE	FALSE
Sfi1	chr11	FALSE	FALSE
Sfmbt1	chr14	FALSE	FALSE
Sfmbt2	chr2	FALSE	FALSE
Sfrp5	chr19	FALSE	FALSE
Sfswap	chr5	FALSE	TRUE
Sfxn4	chr19	FALSE	FALSE
Sfxn5	chr6	FALSE	TRUE
Sgce	chr6	FALSE	FALSE
Sgcg	chr14	FALSE	FALSE
Sgip1	chr4	FALSE	TRUE
Sgk3	chr1	FALSE	FALSE
Sgms1	chr19	FALSE	FALSE
Sgo1	chr17	TRUE	FALSE
Sgpp1	chr12	FALSE	FALSE
Sgpp2	chr1	FALSE	TRUE
Sgsm1	chr5	FALSE	TRUE
Sgsm3	chr15	FALSE	TRUE
Sh2d1b1	chr1	FALSE	FALSE
Sh3bgrl	chrX	FALSE	FALSE
Sh3bgrl2	chr9	FALSE	FALSE
Sh3bp2	chr5	FALSE	FALSE
Sh3bp4	chr1	FALSE	FALSE
Sh3bp5	chr14	FALSE	TRUE
Sh3d19	chr3	FALSE	FALSE
Sh3gl2	chr4	FALSE	TRUE
Sh3gl3	chr7	FALSE	FALSE
Sh3kbp1	chrX	FALSE	FALSE
Sh3pxd2a	chr19	FALSE	FALSE
Sh3pxd2b	chr11	FALSE	FALSE
Sh3rf3	chr10	FALSE	FALSE
Sh3tc1	chr5	FALSE	FALSE
Sh3tc2	chr18	FALSE	FALSE
Shank1	chr7	FALSE	TRUE
Shank2	chr7	FALSE	TRUE
Shank3	chr15	FALSE	TRUE
Shb	chr4	TRUE	TRUE
Shc2	chr10	FALSE	FALSE
Shc3	chr13	FALSE	TRUE
Shc4	chr2	FALSE	FALSE
Shisa3	chr5	FALSE	FALSE
Shisa6	chr11	FALSE	FALSE
Shisal1	chr15	FALSE	FALSE
Shld1	chr2	TRUE	FALSE
Shmt1	chr11	FALSE	FALSE
Shoc2	chr19	FALSE	FALSE
Shroom2	chrX	FALSE	FALSE
Shroom3	chr5	FALSE	FALSE
Shtn1	chr19	FALSE	TRUE
Siah3	chr14	FALSE	FALSE
Sidt1	chr16	TRUE	FALSE
Sigirr	chr7	FALSE	FALSE
Sik1	chr17	FALSE	FALSE
Sik2	chr9	FALSE	FALSE
Sik3	chr9	FALSE	TRUE
Sil1	chr18	TRUE	FALSE
Sim1	chr10	FALSE	FALSE
Sin3a	chr9	FALSE	FALSE
Sin3b	chr8	FALSE	TRUE
Sipa1l1	chr12	FALSE	TRUE
Sirpa	chr2	FALSE	FALSE
Sirt1	chr10	FALSE	FALSE
Sirt2	chr7	FALSE	FALSE
Sis	chr3	FALSE	FALSE
Ska3	chr14	FALSE	FALSE
Skap1	chr11	FALSE	FALSE
Skap2	chr6	FALSE	FALSE
Ski	chr4	FALSE	TRUE
Skida1	chr2	TRUE	FALSE
Skint10	chr4	FALSE	FALSE
Skint11	chr4	FALSE	FALSE
Skint5	chr4	FALSE	FALSE
Skint6	chr4	FALSE	FALSE
Slamf6	chr1	FALSE	FALSE
Slc10a1	chr12	FALSE	FALSE
Slc10a7	chr8	FALSE	TRUE
Slc12a1	chr2	TRUE	FALSE
Slc12a3	chr8	FALSE	FALSE
Slc12a5	chr2	FALSE	TRUE
Slc12a6	chr2	FALSE	FALSE
Slc12a8	chr16	FALSE	FALSE
Slc13a1	chr6	TRUE	FALSE
Slc13a3	chr2	FALSE	FALSE
Slc14a1	chr18	FALSE	FALSE
Slc15a1	chr14	FALSE	FALSE
Slc16a10	chr10	TRUE	FALSE
Slc16a14	chr1	FALSE	FALSE
Slc16a2	chrX	FALSE	FALSE
Slc16a7	chr10	FALSE	FALSE
Slc16a9	chr10	FALSE	FALSE
Slc17a6	chr7	FALSE	FALSE
Slc17a8	chr10	FALSE	FALSE
Slc18a1	chr8	FALSE	FALSE
Slc1a1	chr19	FALSE	TRUE
Slc1a2	chr2	TRUE	FALSE
Slc1a3	chr15	FALSE	FALSE
Slc1a4	chr11	FALSE	FALSE
Slc1a5	chr7	FALSE	FALSE
Slc1a7	chr4	FALSE	FALSE
Slc20a2	chr8	FALSE	FALSE
Slc22a1	chr17	FALSE	FALSE
Slc22a14	chr9	FALSE	FALSE
Slc22a16	chr10	FALSE	FALSE
Slc22a19	chr19	FALSE	FALSE
Slc22a22	chr15	FALSE	FALSE
Slc22a23	chr13	FALSE	TRUE
Slc22a26	chr19	FALSE	FALSE
Slc23a2	chr2	FALSE	TRUE
Slc24a2	chr4	FALSE	TRUE
Slc24a3	chr2	TRUE	TRUE
Slc24a4	chr12	FALSE	FALSE
Slc25a10	chr11	FALSE	FALSE
Slc25a12	chr2	FALSE	TRUE
Slc25a15	chr8	FALSE	FALSE
Slc25a17	chr15	FALSE	FALSE
Slc25a18	chr6	FALSE	FALSE
Slc25a20	chr9	FALSE	FALSE
Slc25a21	chr12	FALSE	FALSE
Slc25a23	chr17	FALSE	FALSE
Slc25a24	chr3	FALSE	FALSE
Slc25a26	chr6	FALSE	FALSE
Slc25a34	chr4	FALSE	FALSE
Slc25a36	chr9	FALSE	FALSE
Slc25a40	chr5	FALSE	FALSE
Slc25a46	chr18	FALSE	FALSE
Slc26a3	chr12	FALSE	FALSE
Slc26a4	chr12	FALSE	FALSE
Slc26a7	chr4	FALSE	FALSE
Slc26a8	chr17	FALSE	FALSE
Slc26a9	chr1	FALSE	FALSE
Slc28a1	chr7	FALSE	FALSE
Slc28a3	chr13	FALSE	FALSE
Slc29a3	chr10	FALSE	FALSE
Slc2a13	chr15	FALSE	FALSE
Slc2a5	chr4	FALSE	FALSE
Slc2a9	chr5	FALSE	FALSE
Slc30a3	chr5	FALSE	FALSE
Slc30a5	chr13	FALSE	FALSE
Slc30a7	chr3	FALSE	FALSE
Slc30a9	chr5	FALSE	FALSE
Slc31a1	chr4	FALSE	FALSE
Slc35a1	chr4	FALSE	FALSE
Slc35a3	chr3	FALSE	FALSE
Slc35f1	chr10	TRUE	FALSE
Slc35f3	chr8	FALSE	TRUE
Slc35f4	chr14	TRUE	FALSE
Slc35g2	chr9	TRUE	FALSE
Slc36a2	chr11	FALSE	FALSE
Slc36a4	chr9	FALSE	TRUE
Slc37a2	chr9	FALSE	FALSE
Slc37a3	chr6	FALSE	FALSE
Slc38a1	chr15	FALSE	TRUE
Slc38a6	chr12	FALSE	FALSE
Slc39a10	chr1	FALSE	FALSE
Slc39a11	chr11	FALSE	FALSE
Slc39a14	chr14	FALSE	FALSE
Slc39a9	chr12	FALSE	FALSE
Slc3a1	chr17	FALSE	FALSE
Slc41a2	chr10	FALSE	FALSE
Slc41a3	chr6	FALSE	FALSE
Slc43a2	chr11	FALSE	FALSE
Slc44a1	chr4	FALSE	TRUE
Slc44a3	chr3	FALSE	FALSE
Slc44a5	chr3	FALSE	TRUE
Slc45a3	chr1	FALSE	FALSE
Slc45a4	chr15	FALSE	FALSE
Slc47a1	chr11	FALSE	FALSE
Slc49a4	chr16	FALSE	FALSE
Slc4a10	chr2	FALSE	FALSE
Slc4a2	chr5	FALSE	FALSE
Slc4a4	chr5	FALSE	TRUE
Slc4a5	chr6	FALSE	FALSE
Slc4a7	chr14	FALSE	FALSE
Slc4a8	chr15	FALSE	FALSE
Slc51b	chr9	FALSE	FALSE
Slc5a10	chr11	FALSE	FALSE
Slc5a11	chr7	FALSE	FALSE
Slc5a12	chr2	FALSE	FALSE
Slc66a2	chr18	FALSE	TRUE
Slc6a12	chr6	FALSE	FALSE
Slc6a13	chr6	FALSE	FALSE
Slc6a17	chr3	TRUE	FALSE
Slc6a20a	chr9	FALSE	FALSE
Slc6a20b	chr9	FALSE	FALSE
Slc6a6	chr6	FALSE	TRUE
Slc6a9	chr4	FALSE	TRUE
Slc7a1	chr5	FALSE	FALSE
Slc7a14	chr3	FALSE	TRUE
Slc7a7	chr14	FALSE	FALSE
Slc8a1	chr17	FALSE	TRUE
Slc8a3	chr12	FALSE	TRUE
Slc9a2	chr1	FALSE	FALSE
Slc9a7	chrX	FALSE	FALSE
Slc9a9	chr9	FALSE	FALSE
Slco1a1	chr6	FALSE	FALSE
Slco1b2	chr6	FALSE	FALSE
Slco1c1	chr6	FALSE	FALSE
Slco2a1	chr9	FALSE	FALSE
Slco2b1	chr7	FALSE	FALSE
Slco4a1	chr2	FALSE	TRUE
Slco4c1	chr1	FALSE	TRUE
Slco6c1	chr1	FALSE	FALSE
Slfn9	chr11	FALSE	FALSE
Slit2	chr5	FALSE	FALSE
Slit3	chr11	FALSE	FALSE
Slitrk2	chrX	TRUE	FALSE
Slmap	chr14	FALSE	TRUE
Smad1	chr8	FALSE	TRUE
Smad3	chr9	FALSE	TRUE
Smad6	chr9	FALSE	FALSE
Smagp	chr15	FALSE	FALSE
Smap2	chr4	FALSE	FALSE
Smarca1	chrX	FALSE	FALSE
Smarca2	chr19	FALSE	TRUE
Smarca4	chr9	FALSE	TRUE
Smarca5	chr8	FALSE	FALSE
Smarcad1	chr6	FALSE	FALSE
Smarcal1	chr1	FALSE	FALSE
Smarcc2	chr10	FALSE	TRUE
Smarcd3	chr5	FALSE	TRUE
Smc1b	chr15	FALSE	FALSE
Smc5	chr19	FALSE	FALSE
Smchd1	chr17	FALSE	FALSE
Smg1	chr7	FALSE	TRUE
Smg6	chr11	FALSE	FALSE
Smim14	chr5	FALSE	FALSE
Smim15	chr13	TRUE	FALSE
Smim5	chr11	FALSE	FALSE
Smpd3	chr8	FALSE	FALSE
Smpdl3a	chr10	FALSE	FALSE
Sms	chrX	TRUE	FALSE
Smtnl1	chr2	FALSE	FALSE
Smurf1	chr5	FALSE	TRUE
Smurf2	chr11	FALSE	TRUE
Smyd5	chr6	FALSE	FALSE
Snap91	chr9	FALSE	TRUE
Snca	chr6	TRUE	FALSE
Sncaip	chr18	TRUE	TRUE
Snd1	chr6	TRUE	FALSE
Snph	chr2	FALSE	FALSE
Sntb2	chr8	FALSE	TRUE
Sntg1	chr1	FALSE	TRUE
Sntg2	chr12	FALSE	FALSE
Snupn	chr9	FALSE	FALSE
Snx12	chrX	FALSE	FALSE
Snx13	chr12	TRUE	FALSE
Snx18	chr13	TRUE	FALSE
Snx2	chr18	FALSE	FALSE
Snx24	chr18	FALSE	FALSE
Snx25	chr8	FALSE	TRUE
Snx27	chr3	FALSE	FALSE
Snx29	chr16	FALSE	FALSE
Snx3	chr10	FALSE	FALSE
Snx6	chr12	FALSE	FALSE
Snx8	chr5	FALSE	FALSE
Snx9	chr17	FALSE	FALSE
Soat1	chr1	FALSE	FALSE
Sobp	chr10	FALSE	TRUE
Socs2	chr10	FALSE	FALSE
Socs6	chr18	FALSE	FALSE
Soga1	chr2	FALSE	TRUE
Sohlh2	chr3	FALSE	FALSE
Son	chr16	FALSE	FALSE
Sorbs1	chr19	FALSE	FALSE
Sorbs2	chr8	FALSE	TRUE
Sorbs3	chr14	FALSE	FALSE
Sorcs2	chr5	FALSE	FALSE
Sorcs3	chr19	TRUE	FALSE
Sorl1	chr9	FALSE	TRUE
Sort1	chr3	TRUE	FALSE
Sos2	chr12	FALSE	FALSE
Sostdc1	chr12	FALSE	FALSE
Sowahc	chr10	TRUE	FALSE
Sox13	chr1	FALSE	FALSE
Sox5	chr6	TRUE	FALSE
Sox6	chr7	TRUE	FALSE
Sox8	chr17	FALSE	FALSE
Sp4	chr12	FALSE	FALSE
Spaar	chr4	FALSE	FALSE
Spaca3	chr11	FALSE	FALSE
Spag17	chr3	TRUE	FALSE
Spag6	chr2	FALSE	FALSE
Spag6l	chr16	FALSE	FALSE
Spag9	chr11	FALSE	TRUE
Spam1	chr6	TRUE	FALSE
Sparc	chr11	FALSE	FALSE
Spata1	chr3	FALSE	FALSE
Spata13	chr14	TRUE	FALSE
Spata18	chr5	FALSE	FALSE
Spata31d1a	chr13	FALSE	FALSE
Spata45	chr1	FALSE	FALSE
Spata5	chr3	FALSE	FALSE
Spata7	chr12	FALSE	FALSE
Spats2	chr15	FALSE	FALSE
Spc24	chr9	TRUE	FALSE
Specc1	chr11	FALSE	TRUE
Specc1l	chr10	FALSE	FALSE
Speer1	chr5	FALSE	FALSE
Speer4b	chr5	FALSE	TRUE
Spen	chr4	FALSE	TRUE
Spg11	chr2	FALSE	FALSE
Sphkap	chr1	FALSE	TRUE
Spi1	chr2	FALSE	FALSE
Spin1	chr13	FALSE	TRUE
Spindoc	chr19	FALSE	FALSE
Spink10	chr18	FALSE	FALSE
Spink13	chr18	FALSE	FALSE
Spint3	chr2	FALSE	FALSE
Spire1	chr18	FALSE	TRUE
Spns3	chr11	FALSE	FALSE
Spocd1	chr4	FALSE	FALSE
Spock1	chr13	FALSE	FALSE
Spon2	chr5	FALSE	FALSE
Spop	chr11	FALSE	FALSE
Spopl	chr2	FALSE	FALSE
Sppl3	chr5	FALSE	TRUE
Spred2	chr11	FALSE	TRUE
Spry2	chr14	TRUE	FALSE
Spsb1	chr4	FALSE	FALSE
Spsb3	chr17	FALSE	FALSE
Spsb4	chr9	FALSE	FALSE
Sptan1	chr2	FALSE	FALSE
Sptb	chr12	FALSE	TRUE
Sptbn1	chr11	FALSE	TRUE
Sptbn4	chr7	FALSE	TRUE
Sptbn5	chr2	FALSE	FALSE
Sptlc1	chr13	FALSE	FALSE
Sptlc2	chr12	FALSE	FALSE
Sptlc3	chr2	FALSE	FALSE
Sptssb	chr3	TRUE	FALSE
Srarp	chr4	FALSE	FALSE
Srbd1	chr17	FALSE	FALSE
Src	chr2	FALSE	TRUE
Srcin1	chr11	FALSE	TRUE
Srebf1	chr11	FALSE	FALSE
Srek1ip1	chr13	FALSE	FALSE
Srfbp1	chr18	FALSE	FALSE
Srgap1	chr10	TRUE	FALSE
Srgap2	chr1	FALSE	TRUE
Srgap3	chr6	FALSE	TRUE
Srgn	chr10	FALSE	FALSE
Srpk2	chr5	FALSE	TRUE
Srpx	chrX	TRUE	FALSE
Srr	chr11	FALSE	FALSE
Srrm1	chr4	FALSE	FALSE
Srrm3	chr5	FALSE	TRUE
Srrm4	chr5	FALSE	TRUE
Srsf4	chr4	FALSE	TRUE
Srsf9	chr5	FALSE	FALSE
Ss18	chr18	FALSE	FALSE
Ssbp2	chr13	FALSE	FALSE
Ssh1	chr5	FALSE	TRUE
Ssh2	chr11	FALSE	TRUE
Sspo	chr6	FALSE	FALSE
Ssr2	chr3	FALSE	FALSE
St18	chr1	TRUE	FALSE
St3gal1	chr15	FALSE	FALSE
St3gal3	chr4	FALSE	FALSE
St3gal4	chr9	FALSE	FALSE
St6gal1	chr16	FALSE	FALSE
St6galnac2	chr11	FALSE	FALSE
St7	chr6	FALSE	TRUE
St8sia1	chr6	FALSE	FALSE
St8sia4	chr1	FALSE	FALSE
St8sia5	chr18	FALSE	TRUE
St8sia6	chr2	FALSE	FALSE
Stab1	chr14	FALSE	FALSE
Stab2	chr10	FALSE	FALSE
Stag1	chr9	FALSE	FALSE
Stag2	chrX	FALSE	FALSE
Stam	chr2	FALSE	FALSE
Stam2	chr2	FALSE	FALSE
Stard3	chr11	FALSE	FALSE
Stard9	chr2	FALSE	TRUE
Stat3	chr11	FALSE	FALSE
Stat4	chr1	FALSE	FALSE
Stat5a	chr11	FALSE	FALSE
Stat5b	chr11	FALSE	FALSE
Stat6	chr10	FALSE	FALSE
Stau2	chr1	FALSE	TRUE
Steap3	chr1	FALSE	FALSE
Stim1	chr7	FALSE	FALSE
Stim2	chr5	FALSE	TRUE
Stimate	chr14	FALSE	TRUE
Stk10	chr11	FALSE	FALSE
Stk11ip	chr1	FALSE	FALSE
Stk24	chr14	FALSE	FALSE
Stk31	chr6	FALSE	FALSE
Stk32b	chr5	FALSE	FALSE
Stk32c	chr7	FALSE	FALSE
Stk38	chr17	FALSE	FALSE
Stk38l	chr6	FALSE	FALSE
Stk39	chr2	FALSE	FALSE
Stk4	chr2	FALSE	FALSE
Stom	chr2	TRUE	FALSE
Stoml3	chr3	FALSE	FALSE
Ston2	chr12	FALSE	FALSE
Stox1	chr10	FALSE	FALSE
Stox2	chr8	FALSE	TRUE
Stpg2	chr3	TRUE	TRUE
Stpg4	chr17	FALSE	FALSE
Stra6	chr9	FALSE	FALSE
Strbp	chr2	FALSE	TRUE
Strc	chr2	FALSE	TRUE
Strn	chr17	FALSE	FALSE
Strn3	chr12	FALSE	FALSE
Stt3b	chr9	FALSE	FALSE
Stum	chr1	FALSE	FALSE
Stx11	chr10	FALSE	FALSE
Stx18	chr5	FALSE	FALSE
Stx1a	chr5	FALSE	FALSE
Stx2	chr5	FALSE	FALSE
Stx7	chr10	FALSE	FALSE
Stx8	chr11	FALSE	FALSE
Stxbp1	chr2	FALSE	TRUE
Stxbp3	chr3	FALSE	FALSE
Stxbp4	chr11	FALSE	FALSE
Stxbp5	chr10	FALSE	TRUE
Stxbp5l	chr16	FALSE	TRUE
Sucla2	chr14	FALSE	FALSE
Suclg2	chr6	FALSE	FALSE
Sugct	chr13	TRUE	FALSE
Sugp1	chr8	FALSE	FALSE
Sugp2	chr8	FALSE	FALSE
Sult2a1	chr7	FALSE	FALSE
Sult2b1	chr7	FALSE	FALSE
Sult4a1	chr15	FALSE	TRUE
Sumf1	chr6	FALSE	FALSE
Sumo1	chr1	TRUE	FALSE
Sun1	chr5	FALSE	FALSE
Sun2	chr15	FALSE	FALSE
Supt16	chr14	FALSE	FALSE
Supt20	chr3	FALSE	FALSE
Supt3	chr17	FALSE	FALSE
Supt7l	chr5	FALSE	TRUE
Supv3l1	chr10	FALSE	FALSE
Susd3	chr13	FALSE	FALSE
Susd4	chr1	FALSE	TRUE
Susd6	chr12	FALSE	TRUE
Sv2b	chr7	FALSE	FALSE
Sv2c	chr13	FALSE	FALSE
Svep1	chr4	TRUE	FALSE
Svop	chr5	FALSE	FALSE
Svopl	chr6	FALSE	FALSE
Swap70	chr7	FALSE	FALSE
Sybu	chr15	TRUE	FALSE
Syce1l	chr8	FALSE	FALSE
Sycp1	chr3	FALSE	FALSE
Syk	chr13	FALSE	FALSE
Sympk	chr7	FALSE	FALSE
Syn2	chr6	TRUE	FALSE
Syn3	chr10	FALSE	FALSE
Syne2	chr12	FALSE	FALSE
Syne3	chr12	FALSE	TRUE
Synj1	chr16	FALSE	FALSE
Synpo2	chr3	FALSE	FALSE
Synrg	chr11	FALSE	FALSE
Sypl	chr12	TRUE	FALSE
Sypl2	chr3	FALSE	FALSE
Sys1	chr2	FALSE	FALSE
Syt1	chr10	TRUE	FALSE
Syt11	chr3	FALSE	FALSE
Syt12	chr19	FALSE	TRUE
Syt14	chr1	FALSE	FALSE
Syt15	chr14	FALSE	FALSE
Syt16	chr12	FALSE	FALSE
Syt2	chr1	FALSE	TRUE
Syt6	chr3	FALSE	FALSE
Syt7	chr19	FALSE	TRUE
Syt9	chr7	TRUE	FALSE
Szt2	chr4	FALSE	FALSE
Tab2	chr10	FALSE	TRUE
Tab3	chrX	FALSE	FALSE
Tacc1	chr8	FALSE	FALSE
Tacc2	chr7	FALSE	TRUE
Tacr3	chr3	FALSE	FALSE
Tada2a	chr11	FALSE	FALSE
Taf1	chrX	FALSE	FALSE
Taf1b	chr12	FALSE	FALSE
Taf1c	chr8	FALSE	FALSE
Taf2	chr15	FALSE	FALSE
Taf3	chr2	FALSE	FALSE
Taf4	chr2	FALSE	TRUE
Taf4b	chr18	FALSE	FALSE
Tafa5	chr15	FALSE	TRUE
Tagln3	chr16	FALSE	FALSE
Tanc1	chr2	FALSE	TRUE
Tango2	chr16	FALSE	FALSE
Tango6	chr8	FALSE	TRUE
Tarbp1	chr8	FALSE	FALSE
Tasor2	chr13	FALSE	FALSE
Tasp1	chr2	FALSE	FALSE
Tax1bp1	chr6	FALSE	FALSE
Taz	chrX	FALSE	FALSE
Tbc1d1	chr5	FALSE	TRUE
Tbc1d10a	chr11	FALSE	FALSE
Tbc1d12	chr19	FALSE	FALSE
Tbc1d14	chr5	FALSE	FALSE
Tbc1d15	chr10	FALSE	FALSE
Tbc1d19	chr5	FALSE	FALSE
Tbc1d2	chr4	FALSE	FALSE
Tbc1d22b	chr17	FALSE	FALSE
Tbc1d2b	chr9	FALSE	FALSE
Tbc1d30	chr10	FALSE	TRUE
Tbc1d31	chr15	TRUE	FALSE
Tbc1d32	chr10	FALSE	FALSE
Tbc1d5	chr17	FALSE	FALSE
Tbc1d9b	chr11	FALSE	TRUE
Tbca	chr13	FALSE	FALSE
Tbcd	chr11	FALSE	FALSE
Tbce	chr13	FALSE	FALSE
Tbcel	chr9	FALSE	FALSE
Tbck	chr3	FALSE	TRUE
Tbkbp1	chr11	FALSE	TRUE
Tbl1x	chrX	FALSE	FALSE
Tbl1xr1	chr3	FALSE	FALSE
Tbpl1	chr10	FALSE	FALSE
Tbr1	chr2	FALSE	FALSE
Tbx21	chr11	FALSE	FALSE
Tbx22	chrX	FALSE	FALSE
Tbxas1	chr6	FALSE	TRUE
Tcaf1	chr6	FALSE	FALSE
Tcam1	chr11	TRUE	FALSE
Tceanc	chrX	TRUE	FALSE
Tceanc2	chr4	FALSE	FALSE
Tcerg1	chr18	FALSE	FALSE
Tcerg1l	chr7	FALSE	FALSE
Tcf12	chr9	FALSE	FALSE
Tcf20	chr15	FALSE	TRUE
Tcf7l1	chr6	FALSE	FALSE
Tcf7l2	chr19	FALSE	FALSE
Tchp	chr5	FALSE	FALSE
Tcp10a	chr17	FALSE	FALSE
Tcp10c	chr17	FALSE	FALSE
Tcp11l1	chr2	FALSE	FALSE
Tctex1d1	chr4	FALSE	FALSE
Tdh	chr14	FALSE	FALSE
Tdo2	chr3	TRUE	FALSE
Tdp1	chr12	FALSE	FALSE
Tdpoz6	chr3	FALSE	FALSE
Tdrd12	chr7	FALSE	FALSE
Tdrd5	chr1	FALSE	FALSE
Tead1	chr7	FALSE	FALSE
Tec	chr5	FALSE	FALSE
Tecpr1	chr5	FALSE	TRUE
Tecrl	chr5	FALSE	FALSE
Tectb	chr19	FALSE	FALSE
Teddm2	chr1	FALSE	TRUE
Tekt1	chr11	FALSE	FALSE
Tekt5	chr16	FALSE	FALSE
Tenm1	chrX	FALSE	TRUE
Tenm2	chr11	FALSE	TRUE
Tenm3	chr8	FALSE	FALSE
Tenm4	chr7	TRUE	TRUE
Tent2	chr13	FALSE	FALSE
Tent4a	chr13	FALSE	FALSE
Tent4b	chr8	FALSE	FALSE
Tent5d	chrX	FALSE	FALSE
Tep1	chr14	FALSE	FALSE
Terb2	chr2	FALSE	FALSE
Terf2	chr8	FALSE	FALSE
Tesk2	chr4	FALSE	FALSE
Tet1	chr10	FALSE	FALSE
Tet2	chr3	FALSE	FALSE
Tet3	chr6	FALSE	TRUE
Tex10	chr4	FALSE	FALSE
Tex2	chr11	FALSE	FALSE
Tex26	chr5	FALSE	FALSE
Tex264	chr9	FALSE	TRUE
Tex52	chr6	FALSE	FALSE
Tfcp2	chr15	FALSE	FALSE
Tfcp2l1	chr1	FALSE	FALSE
Tfdp2	chr9	FALSE	FALSE
Tfeb	chr17	FALSE	FALSE
Tff3	chr17	TRUE	FALSE
Tfip11	chr5	FALSE	FALSE
Tfr2	chr5	FALSE	FALSE
Tgfbi	chr13	FALSE	FALSE
Tgfbr2	chr9	FALSE	FALSE
Tgfbr3	chr5	FALSE	TRUE
Tgfbrap1	chr1	FALSE	FALSE
Tgif1	chr17	FALSE	FALSE
Tgif2	chr2	FALSE	FALSE
Tgm2	chr2	FALSE	FALSE
Tgm4	chr9	FALSE	FALSE
Tgm7	chr2	FALSE	FALSE
Tgs1	chr4	FALSE	TRUE
Th	chr7	FALSE	FALSE
Thada	chr17	FALSE	FALSE
Thap2	chr10	FALSE	FALSE
Thap4	chr1	FALSE	FALSE
Thbs2	chr17	TRUE	FALSE
Thegl	chr5	FALSE	FALSE
Them7	chr2	FALSE	FALSE
Themis	chr10	TRUE	FALSE
Thoc2	chrX	FALSE	FALSE
Thoc2l	chr5	FALSE	FALSE
Thsd4	chr9	FALSE	FALSE
Thsd7b	chr1	TRUE	FALSE
Tiam1	chr16	FALSE	TRUE
Ticam2	chr18	FALSE	FALSE
Timm23	chr14	FALSE	FALSE
Timp3	chr10	FALSE	FALSE
Tiparp	chr3	TRUE	FALSE
Tirap	chr9	FALSE	FALSE
Tjap1	chr17	FALSE	FALSE
Tjp1	chr7	FALSE	FALSE
Tjp2	chr19	FALSE	FALSE
Tjp3	chr10	FALSE	FALSE
Tlcd4	chr3	TRUE	FALSE
Tle1	chr4	FALSE	TRUE
Tle3	chr9	FALSE	FALSE
Tle4	chr19	FALSE	FALSE
Tlk1	chr2	FALSE	FALSE
Tlk2	chr11	FALSE	FALSE
Tll1	chr8	TRUE	FALSE
Tll2	chr19	FALSE	FALSE
Tln2	chr9	FALSE	FALSE
Tm2d1	chr4	FALSE	FALSE
Tm6sf1	chr7	FALSE	FALSE
Tm9sf2	chr14	FALSE	FALSE
Tmbim7	chr5	FALSE	FALSE
Tmc5	chr7	FALSE	FALSE
Tmc6	chr11	FALSE	FALSE
Tmc7	chr7	FALSE	FALSE
Tmcc1	chr6	FALSE	TRUE
Tmcc3	chr10	FALSE	FALSE
Tmco4	chr4	FALSE	FALSE
Tmed10	chr12	FALSE	FALSE
Tmed7	chr18	FALSE	FALSE
Tmed8	chr12	FALSE	FALSE
Tmeff2	chr1	TRUE	FALSE
Tmem108	chr9	FALSE	TRUE
Tmem116	chr5	FALSE	FALSE
Tmem117	chr15	TRUE	FALSE
Tmem120b	chr5	FALSE	FALSE
Tmem131	chr1	FALSE	FALSE
Tmem131l	chr3	FALSE	FALSE
Tmem132c	chr5	TRUE	FALSE
Tmem132e	chr11	FALSE	FALSE
Tmem135	chr7	FALSE	FALSE
Tmem144	chr3	TRUE	FALSE
Tmem14a	chr1	FALSE	FALSE
Tmem150c	chr5	FALSE	FALSE
Tmem151a	chr19	FALSE	FALSE
Tmem154	chr3	FALSE	FALSE
Tmem156	chr5	TRUE	FALSE
Tmem161b	chr13	FALSE	FALSE
Tmem163	chr1	FALSE	TRUE
Tmem165	chr5	FALSE	FALSE
Tmem176a	chr6	FALSE	FALSE
Tmem178b	chr6	FALSE	TRUE
Tmem182	chr1	FALSE	FALSE
Tmem184b	chr15	FALSE	FALSE
Tmem185a	chrX	FALSE	FALSE
Tmem189	chr2	FALSE	TRUE
Tmem190	chr7	TRUE	FALSE
Tmem211	chr5	FALSE	FALSE
Tmem229b	chr12	FALSE	FALSE
Tmem232	chr17	FALSE	FALSE
Tmem233	chr5	FALSE	FALSE
Tmem236	chr2	TRUE	FALSE
Tmem237	chr1	FALSE	FALSE
Tmem238	chr7	TRUE	FALSE
Tmem241	chr18	FALSE	FALSE
Tmem242	chr17	FALSE	FALSE
Tmem243	chr5	FALSE	FALSE
Tmem245	chr4	FALSE	FALSE
Tmem260	chr14	FALSE	FALSE
Tmem266	chr9	FALSE	TRUE
Tmem267	chr13	FALSE	FALSE
Tmem29	chrX	FALSE	FALSE
Tmem30a	chr9	FALSE	FALSE
Tmem38a	chr8	FALSE	FALSE
Tmem38b	chr4	FALSE	FALSE
Tmem41a	chr16	FALSE	FALSE
Tmem44	chr16	FALSE	FALSE
Tmem45a	chr16	FALSE	FALSE
Tmem51	chr4	TRUE	FALSE
Tmem52	chr4	FALSE	FALSE
Tmem54	chr4	FALSE	FALSE
Tmem61	chr4	FALSE	FALSE
Tmem63c	chr12	TRUE	FALSE
Tmem65	chr15	TRUE	FALSE
Tmem82	chr4	FALSE	FALSE
Tmem87b	chr2	FALSE	FALSE
Tmem9b	chr7	FALSE	FALSE
Tmigd3	chr3	FALSE	FALSE
Tmod1	chr4	FALSE	FALSE
Tmod2	chr9	FALSE	FALSE
Tmod3	chr9	FALSE	FALSE
Tmprss11d	chr5	TRUE	FALSE
Tmprss11e	chr5	FALSE	FALSE
Tmprss11g	chr5	TRUE	FALSE
Tmprss6	chr15	FALSE	FALSE
Tmprss7	chr16	TRUE	FALSE
Tmtc1	chr6	FALSE	FALSE
Tmtc4	chr14	TRUE	FALSE
Tmx4	chr2	FALSE	FALSE
Tnfaip8	chr18	FALSE	FALSE
Tnfaip8l2	chr3	FALSE	FALSE
Tnfrsf11a	chr1	FALSE	FALSE
Tnfrsf13b	chr11	FALSE	FALSE
Tnfrsf19	chr14	FALSE	FALSE
Tnfrsf1b	chr4	FALSE	FALSE
Tnfrsf8	chr4	FALSE	FALSE
Tnfrsf9	chr4	FALSE	FALSE
Tnfsf11	chr14	FALSE	FALSE
Tnfsf13	chr11	TRUE	FALSE
Tnfsf18	chr1	TRUE	FALSE
Tnfsf8	chr4	FALSE	FALSE
Tnfsfm13	chr11	TRUE	FALSE
Tnik	chr3	FALSE	TRUE
Tnip3	chr6	FALSE	FALSE
Tnni1	chr1	FALSE	FALSE
Tnni3k	chr3	TRUE	FALSE
Tnnt2	chr1	FALSE	FALSE
Tnpo1	chr13	FALSE	FALSE
Tnrc18	chr5	FALSE	TRUE
Tnrc6a	chr7	FALSE	TRUE
Tnrc6b	chr15	FALSE	FALSE
Tnrc6c	chr11	FALSE	TRUE
Tns1	chr1	FALSE	FALSE
Tns2	chr15	FALSE	FALSE
Tns4	chr11	FALSE	FALSE
Togaram2	chr17	FALSE	FALSE
Tom1l2	chr11	FALSE	FALSE
Top1	chr2	FALSE	TRUE
Top3b	chr16	FALSE	FALSE
Topaz1	chr9	FALSE	FALSE
Tor1aip1	chr1	FALSE	FALSE
Tpbg	chr9	FALSE	FALSE
Tpcn2	chr7	FALSE	FALSE
Tpd52l1	chr10	FALSE	FALSE
Tph1	chr7	TRUE	FALSE
Tph2	chr10	TRUE	FALSE
Tpp2	chr1	FALSE	FALSE
Tpst1	chr5	FALSE	FALSE
Traf3ip1	chr1	FALSE	FALSE
Traf7	chr17	FALSE	FALSE
Traip	chr9	FALSE	FALSE
Trak1	chr9	FALSE	TRUE
Trak2	chr1	FALSE	FALSE
Tram2	chr1	FALSE	FALSE
Trank1	chr9	FALSE	TRUE
Trappc10	chr10	FALSE	TRUE
Trappc12	chr12	FALSE	FALSE
Trappc9	chr15	FALSE	FALSE
Trarg1	chr11	FALSE	FALSE
Trdn	chr10	FALSE	FALSE
Treh	chr9	FALSE	FALSE
Trem2	chr17	FALSE	FALSE
Treml1	chr17	FALSE	FALSE
Trf	chr9	FALSE	FALSE
Trhde	chr10	FALSE	FALSE
Trib2	chr12	FALSE	FALSE
Trim14	chr4	FALSE	FALSE
Trim2	chr3	FALSE	TRUE
Trim24	chr6	FALSE	FALSE
Trim25	chr11	FALSE	FALSE
Trim29	chr9	FALSE	FALSE
Trim33	chr3	FALSE	FALSE
Trim36	chr18	FALSE	FALSE
Trim45	chr3	FALSE	FALSE
Trim5	chr7	FALSE	FALSE
Trim55	chr3	FALSE	FALSE
Trim67	chr8	FALSE	FALSE
Trim71	chr9	FALSE	FALSE
Trim9	chr12	FALSE	FALSE
Trio	chr15	FALSE	TRUE
Trip10	chr17	FALSE	FALSE
Trip11	chr12	FALSE	FALSE
Trip12	chr1	FALSE	FALSE
Triqk	chr4	TRUE	FALSE
Trmt10b	chr4	FALSE	FALSE
Trmt11	chr10	FALSE	FALSE
Trmt13	chr3	FALSE	FALSE
Trmt1l	chr1	FALSE	TRUE
Trmt9b	chr8	TRUE	FALSE
Trp53bp1	chr2	FALSE	FALSE
Trp53bp2	chr1	TRUE	FALSE
Trp53inp2	chr2	FALSE	FALSE
Trp63	chr16	FALSE	FALSE
Trp73	chr4	FALSE	FALSE
Trpa1	chr1	FALSE	FALSE
Trpc4	chr3	FALSE	FALSE
Trpc4ap	chr2	FALSE	TRUE
Trpm1	chr7	FALSE	FALSE
Trpm2	chr10	FALSE	FALSE
Trpm3	chr19	TRUE	FALSE
Trpm5	chr7	FALSE	FALSE
Trpm6	chr19	FALSE	FALSE
Trps1	chr15	FALSE	FALSE
Trrap	chr5	FALSE	FALSE
Trub1	chr19	FALSE	FALSE
Tsc2	chr17	FALSE	FALSE
Tsc22d1	chr14	FALSE	TRUE
Tsc22d2	chr3	FALSE	FALSE
Tsc22d4	chr5	FALSE	FALSE
Tsga10ip	chr19	FALSE	FALSE
Tshr	chr12	FALSE	FALSE
Tshz1	chr18	TRUE	FALSE
Tshz2	chr2	FALSE	FALSE
Tshz3	chr7	FALSE	TRUE
Tspan11	chr6	FALSE	FALSE
Tspan13	chr12	FALSE	TRUE
Tspan15	chr10	FALSE	FALSE
Tspan3	chr9	FALSE	FALSE
Tspan32	chr7	FALSE	FALSE
Tspan5	chr3	FALSE	FALSE
Tspear	chr10	FALSE	TRUE
Tsr1	chr11	FALSE	FALSE
Ttbk1	chr17	FALSE	TRUE
Ttbk2	chr2	FALSE	FALSE
Ttc13	chr8	FALSE	FALSE
Ttc17	chr2	FALSE	FALSE
Ttc23	chr7	FALSE	FALSE
Ttc25	chr11	FALSE	FALSE
Ttc27	chr17	FALSE	FALSE
Ttc29	chr8	FALSE	FALSE
Ttc3	chr16	FALSE	TRUE
Ttc39a	chr4	FALSE	TRUE
Ttc39b	chr4	TRUE	FALSE
Ttc6	chr12	FALSE	FALSE
Ttc7b	chr12	FALSE	FALSE
Ttc9	chr12	FALSE	FALSE
Ttf1	chr2	FALSE	FALSE
Ttll11	chr2	FALSE	FALSE
Ttll4	chr1	FALSE	FALSE
Ttll5	chr12	FALSE	FALSE
Ttll7	chr3	FALSE	TRUE
Ttll8	chr15	FALSE	FALSE
Ttn	chr2	FALSE	FALSE
Ttr	chr18	TRUE	FALSE
Tubal3	chr13	FALSE	FALSE
Tubd1	chr11	FALSE	FALSE
Tubgcp3	chr8	FALSE	FALSE
Tuft1	chr3	FALSE	FALSE
Tug1	chr11	FALSE	FALSE
Tulp3	chr6	FALSE	FALSE
Tulp4	chr17	FALSE	TRUE
Tunar	chr12	FALSE	TRUE
Tut4	chr4	FALSE	FALSE
Tut7	chr13	FALSE	FALSE
Tvp23a	chr16	FALSE	FALSE
Tvp23b	chr11	FALSE	FALSE
Twf2	chr9	TRUE	FALSE
Txk	chr5	FALSE	FALSE
Txlnb	chr10	FALSE	FALSE
Txndc11	chr16	FALSE	TRUE
Txndc16	chr14	FALSE	FALSE
Txnl4b	chr8	FALSE	FALSE
Tyms	chr5	FALSE	FALSE
Tyr	chr7	FALSE	FALSE
U2af2	chr7	FALSE	FALSE
Uba6	chr5	FALSE	FALSE
Ubac1	chr2	FALSE	FALSE
Ubac2	chr14	FALSE	FALSE
Ubap2l	chr3	FALSE	FALSE
Ubash3a	chr17	FALSE	FALSE
Ube2cbp	chr9	FALSE	FALSE
Ube2d2a	chr18	FALSE	FALSE
Ube2e1	chr14	FALSE	TRUE
Ube2e2	chr14	FALSE	FALSE
Ube2e3	chr2	FALSE	TRUE
Ube2h	chr6	FALSE	TRUE
Ube2j2	chr4	FALSE	FALSE
Ube2k	chr5	FALSE	FALSE
Ube2n	chr10	FALSE	FALSE
Ube2o	chr11	FALSE	TRUE
Ube2ql1	chr13	FALSE	TRUE
Ube2r2	chr4	FALSE	TRUE
Ube2u	chr4	FALSE	FALSE
Ube2w	chr1	FALSE	FALSE
Ube3a	chr7	FALSE	FALSE
Ube3c	chr5	FALSE	TRUE
Ube4b	chr4	FALSE	FALSE
Ubn2	chr6	FALSE	FALSE
Ubp1	chr9	FALSE	FALSE
Ubr2	chr17	FALSE	FALSE
Ubr3	chr2	FALSE	TRUE
Ubr4	chr4	FALSE	FALSE
Ubr5	chr15	FALSE	TRUE
Ubxn7	chr16	FALSE	FALSE
Uchl3	chr14	TRUE	FALSE
Uevld	chr7	FALSE	FALSE
Ugcg	chr4	FALSE	TRUE
Uggt1	chr1	FALSE	FALSE
Uggt2	chr14	FALSE	FALSE
Ugt3a1	chr15	FALSE	FALSE
Ugt8a	chr3	FALSE	FALSE
Uhrf1bp1l	chr10	FALSE	FALSE
Uimc1	chr13	FALSE	FALSE
Ulbp1	chr10	FALSE	FALSE
Ulk2	chr11	FALSE	FALSE
Ulk4	chr9	FALSE	TRUE
Umad1	chr6	FALSE	FALSE
Umodl1	chr17	FALSE	FALSE
Unc13a	chr8	FALSE	TRUE
Unc13b	chr4	FALSE	FALSE
Unc13c	chr9	FALSE	TRUE
Unc45b	chr11	FALSE	FALSE
Unc5a	chr13	FALSE	TRUE
Unc5b	chr10	FALSE	TRUE
Unc5c	chr3	TRUE	FALSE
Unc5cl	chr17	FALSE	FALSE
Unc79	chr12	FALSE	TRUE
Unc80	chr1	FALSE	FALSE
Unc93a2	chr17	FALSE	FALSE
Unkl	chr17	FALSE	FALSE
Uox	chr3	TRUE	FALSE
Upf2	chr2	FALSE	FALSE
Upf3b	chrX	FALSE	FALSE
Upp1	chr11	TRUE	FALSE
Upp2	chr2	TRUE	FALSE
Uqcc1	chr2	FALSE	TRUE
Uqcc2	chr17	FALSE	FALSE
Uqcrc1	chr9	FALSE	FALSE
Uri1	chr7	FALSE	FALSE
Urm1	chr2	FALSE	FALSE
Ush1c	chr7	FALSE	FALSE
Ush1g	chr11	FALSE	FALSE
Uso1	chr5	FALSE	FALSE
Usp15	chr10	FALSE	FALSE
Usp18	chr6	FALSE	FALSE
Usp22	chr11	FALSE	TRUE
Usp24	chr4	FALSE	FALSE
Usp26	chrX	FALSE	FALSE
Usp29	chr7	TRUE	FALSE
Usp3	chr9	FALSE	TRUE
Usp31	chr7	FALSE	FALSE
Usp32	chr11	FALSE	FALSE
Usp33	chr3	FALSE	FALSE
Usp34	chr11	FALSE	FALSE
Usp35	chr7	FALSE	FALSE
Usp44	chr10	FALSE	FALSE
Usp45	chr4	FALSE	FALSE
Usp47	chr7	FALSE	FALSE
Usp50	chr2	FALSE	FALSE
Usp54	chr14	FALSE	FALSE
Usp7	chr16	FALSE	TRUE
Usp8	chr2	FALSE	FALSE
Ust	chr10	FALSE	FALSE
Utp20	chr10	FALSE	FALSE
Uvrag	chr7	FALSE	TRUE
Uvssa	chr5	FALSE	FALSE
Uxs1	chr1	FALSE	FALSE
Vamp9	chr5	FALSE	FALSE
Vangl1	chr3	FALSE	FALSE
Vangl2	chr1	FALSE	FALSE
Vapb	chr2	FALSE	FALSE
Vash2	chr1	FALSE	FALSE
Vasn	chr16	FALSE	FALSE
Vat1l	chr8	FALSE	FALSE
Vav2	chr2	FALSE	FALSE
Vav3	chr3	FALSE	FALSE
Vcan	chr13	FALSE	FALSE
Vcl	chr14	FALSE	FALSE
Vdr	chr15	FALSE	FALSE
Vegfa	chr17	FALSE	TRUE
Vezf1	chr11	FALSE	FALSE
Vezt	chr10	FALSE	FALSE
Vgll4	chr6	FALSE	FALSE
Vipr1	chr9	FALSE	TRUE
Vipr2	chr12	TRUE	FALSE
Vit	chr17	FALSE	FALSE
Vkorc1l1	chr5	FALSE	FALSE
Vmn1r21	chr6	FALSE	FALSE
Vmn1r52	chr6	FALSE	FALSE
Vmn1r68	chr7	FALSE	FALSE
Vmn1r76	chr7	FALSE	FALSE
Vmn2r102	chr17	FALSE	FALSE
Vmn2r107	chr17	FALSE	FALSE
Vmn2r113	chr17	FALSE	FALSE
Vmn2r120	chr17	FALSE	FALSE
Vmn2r14	chr5	FALSE	FALSE
Vmn2r3	chr3	FALSE	FALSE
Vmn2r7	chr3	FALSE	FALSE
Vmn2r77	chr7	FALSE	FALSE
Vmn2r78	chr7	FALSE	FALSE
Vmn2r97	chr17	FALSE	FALSE
Vmn2r99	chr17	FALSE	FALSE
Vmp1	chr11	FALSE	FALSE
Vps13a	chr19	FALSE	FALSE
Vps13b	chr15	FALSE	TRUE
Vps13c	chr9	FALSE	FALSE
Vps13d	chr4	FALSE	TRUE
Vps26c	chr16	FALSE	FALSE
Vps35l	chr7	FALSE	FALSE
Vps41	chr13	FALSE	TRUE
Vps50	chr6	FALSE	FALSE
Vps54	chr11	FALSE	FALSE
Vps8	chr16	FALSE	FALSE
Vrk1	chr12	FALSE	FALSE
Vsig10	chr5	FALSE	FALSE
Vsnl1	chr12	FALSE	TRUE
Vstm2l	chr2	FALSE	FALSE
Vsx1	chr2	FALSE	FALSE
Vsx2	chr12	FALSE	FALSE
Vtcn1	chr3	TRUE	FALSE
Vti1a	chr19	FALSE	FALSE
Vwa2	chr19	FALSE	FALSE
Vwa5b1	chr4	FALSE	FALSE
Vwa8	chr14	TRUE	FALSE
Vwc2l	chr1	TRUE	FALSE
Vwde	chr6	FALSE	FALSE
Vwf	chr6	FALSE	FALSE
Wac	chr18	FALSE	FALSE
Wapl	chr14	FALSE	FALSE
Wasf3	chr5	FALSE	FALSE
Wasl	chr6	FALSE	TRUE
Wbp1l	chr19	FALSE	FALSE
Wbp2nl	chr15	FALSE	FALSE
Wdfy3	chr5	FALSE	TRUE
Wdhd1	chr14	FALSE	FALSE
Wdpcp	chr11	TRUE	FALSE
Wdr25	chr12	FALSE	TRUE
Wdr33	chr18	FALSE	FALSE
Wdr36	chr18	FALSE	FALSE
Wdr37	chr13	FALSE	TRUE
Wdr41	chr13	FALSE	FALSE
Wdr43	chr17	FALSE	FALSE
Wdr47	chr3	FALSE	FALSE
Wdr59	chr8	FALSE	FALSE
Wdr6	chr9	FALSE	TRUE
Wdr62	chr7	FALSE	FALSE
Wdr7	chr18	FALSE	FALSE
Wdr70	chr15	FALSE	FALSE
Wdr72	chr9	FALSE	FALSE
Wdr74	chr19	FALSE	FALSE
Wdr78	chr4	FALSE	FALSE
Wdr86	chr5	FALSE	FALSE
Wdr89	chr12	FALSE	FALSE
Wdr95	chr5	FALSE	FALSE
Wfdc5	chr2	FALSE	FALSE
Wfs1	chr5	FALSE	FALSE
Whamm	chr7	FALSE	FALSE
Whrn	chr4	FALSE	FALSE
Wipf1	chr2	FALSE	FALSE
Wipf2	chr11	FALSE	FALSE
Wipf3	chr6	TRUE	FALSE
Wnk1	chr6	FALSE	FALSE
Wnk2	chr13	FALSE	TRUE
Wnk3	chrX	FALSE	FALSE
Wnt1	chr15	FALSE	FALSE
Wnt10a	chr1	FALSE	FALSE
Wnt3	chr11	FALSE	FALSE
Wnt3a	chr11	FALSE	FALSE
Wnt4	chr4	FALSE	FALSE
Wnt7a	chr6	FALSE	TRUE
Wnt7b	chr15	FALSE	FALSE
Wsb2	chr5	FALSE	TRUE
Wscd1	chr11	FALSE	FALSE
Wscd2	chr5	FALSE	TRUE
Wwc1	chr11	FALSE	TRUE
Wwc2	chr8	FALSE	FALSE
Wwox	chr8	TRUE	FALSE
Wwp1	chr4	FALSE	FALSE
Wwp2	chr8	FALSE	FALSE
Xab2	chr8	FALSE	FALSE
Xcr1	chr9	FALSE	FALSE
Xkr4	chr1	FALSE	TRUE
Xkr6	chr14	FALSE	TRUE
Xndc1	chr7	FALSE	FALSE
Xntrpc	chr7	FALSE	FALSE
Xpc	chr6	FALSE	FALSE
Xpnpep1	chr19	FALSE	FALSE
Xpnpep3	chr15	FALSE	FALSE
Xpo4	chr14	FALSE	FALSE
Xpo6	chr7	FALSE	TRUE
Xpo7	chr14	FALSE	TRUE
Xpr1	chr1	FALSE	FALSE
Xrcc4	chr13	FALSE	FALSE
Xrcc6	chr15	FALSE	FALSE
Xrn1	chr9	FALSE	FALSE
Xrn2	chr2	FALSE	FALSE
Xrra1	chr7	FALSE	FALSE
Xylb	chr9	FALSE	FALSE
Xylt1	chr7	TRUE	FALSE
Yaf2	chr15	FALSE	FALSE
Yeats2	chr16	FALSE	FALSE
Yipf1	chr4	FALSE	FALSE
Yipf7	chr5	TRUE	FALSE
Ypel1	chr16	FALSE	FALSE
Ythdc2	chr18	FALSE	FALSE
Yy1	chr12	FALSE	FALSE
Zap70	chr1	FALSE	FALSE
Zar1l	chr5	FALSE	FALSE
Zbbx	chr3	TRUE	FALSE
Zbed4	chr15	FALSE	FALSE
Zbtb11	chr16	FALSE	FALSE
Zbtb16	chr9	FALSE	FALSE
Zbtb2	chr10	FALSE	FALSE
Zbtb20	chr16	TRUE	FALSE
Zbtb4	chr11	FALSE	FALSE
Zbtb40	chr4	TRUE	FALSE
Zbtb44	chr9	FALSE	FALSE
Zbtb46	chr2	FALSE	TRUE
Zbtb6	chr2	FALSE	FALSE
Zbtb7c	chr18	FALSE	FALSE
Zbtb8a	chr4	FALSE	FALSE
Zc2hc1b	chr10	FALSE	FALSE
Zc3h12c	chr9	FALSE	TRUE
Zc3h12d	chr10	FALSE	FALSE
Zc3h13	chr14	FALSE	FALSE
Zc3h14	chr12	FALSE	FALSE
Zc3h3	chr15	FALSE	TRUE
Zc3h4	chr7	FALSE	FALSE
Zc3h6	chr2	FALSE	FALSE
Zc3h7a	chr16	FALSE	FALSE
Zc3hav1	chr6	FALSE	FALSE
Zc3hav1l	chr6	FALSE	FALSE
Zcchc17	chr4	FALSE	FALSE
Zcchc24	chr14	FALSE	FALSE
Zcchc4	chr5	FALSE	FALSE
Zcchc7	chr4	FALSE	FALSE
Zdhhc14	chr17	FALSE	FALSE
Zdhhc17	chr10	FALSE	FALSE
Zdhhc19	chr16	FALSE	FALSE
Zdhhc2	chr8	TRUE	FALSE
Zdhhc21	chr4	FALSE	FALSE
Zdhhc3	chr9	FALSE	FALSE
Zdhhc6	chr19	FALSE	FALSE
Zeb1	chr18	FALSE	FALSE
Zeb2	chr2	FALSE	FALSE
Zer1	chr2	FALSE	FALSE
Zfand1	chr3	TRUE	FALSE
Zfand3	chr17	FALSE	TRUE
Zfand4	chr6	FALSE	FALSE
Zfand6	chr7	TRUE	FALSE
Zfhx2	chr14	FALSE	TRUE
Zfhx3	chr8	FALSE	FALSE
Zfhx4	chr3	FALSE	FALSE
Zfp101	chr17	FALSE	FALSE
Zfp112	chr7	FALSE	FALSE
Zfp12	chr5	FALSE	FALSE
Zfp148	chr16	FALSE	TRUE
Zfp174	chr16	FALSE	FALSE
Zfp207	chr11	FALSE	FALSE
Zfp217	chr2	FALSE	FALSE
Zfp236	chr18	FALSE	FALSE
Zfp26	chr9	FALSE	FALSE
Zfp275	chrX	FALSE	FALSE
Zfp280d	chr9	FALSE	FALSE
Zfp3	chr11	FALSE	FALSE
Zfp316	chr5	FALSE	TRUE
Zfp322a	chr13	FALSE	FALSE
Zfp324	chr7	TRUE	FALSE
Zfp326	chr5	FALSE	FALSE
Zfp329	chr7	FALSE	FALSE
Zfp346	chr13	FALSE	FALSE
Zfp35	chr18	FALSE	FALSE
Zfp362	chr4	FALSE	FALSE
Zfp385b	chr2	FALSE	TRUE
Zfp385c	chr11	FALSE	FALSE
Zfp397	chr18	FALSE	FALSE
Zfp407	chr18	FALSE	FALSE
Zfp410	chr12	FALSE	FALSE
Zfp420	chr7	FALSE	FALSE
Zfp423	chr8	FALSE	FALSE
Zfp438	chr18	FALSE	FALSE
Zfp451	chr1	FALSE	FALSE
Zfp462	chr4	FALSE	TRUE
Zfp469	chr8	FALSE	FALSE
Zfp474	chr18	TRUE	FALSE
Zfp507	chr7	FALSE	FALSE
Zfp516	chr18	FALSE	FALSE
Zfp521	chr18	FALSE	TRUE
Zfp523	chr17	FALSE	FALSE
Zfp532	chr18	FALSE	FALSE
Zfp536	chr7	FALSE	TRUE
Zfp541	chr7	TRUE	FALSE
Zfp551	chr7	FALSE	FALSE
Zfp57	chr17	FALSE	FALSE
Zfp597	chr16	FALSE	FALSE
Zfp599	chr9	FALSE	FALSE
Zfp60	chr7	FALSE	FALSE
Zfp600	chr4	FALSE	FALSE
Zfp606	chr7	FALSE	FALSE
Zfp608	chr18	TRUE	FALSE
Zfp609	chr9	FALSE	TRUE
Zfp618	chr4	FALSE	FALSE
Zfp638	chr6	FALSE	TRUE
Zfp644	chr5	FALSE	FALSE
Zfp647	chr15	FALSE	FALSE
Zfp65	chr13	FALSE	FALSE
Zfp651	chr9	FALSE	TRUE
Zfp652	chr11	FALSE	FALSE
Zfp654	chr16	FALSE	FALSE
Zfp658	chr7	FALSE	FALSE
Zfp664	chr5	FALSE	FALSE
Zfp697	chr3	FALSE	FALSE
Zfp704	chr3	FALSE	FALSE
Zfp763	chr17	FALSE	FALSE
Zfp788	chr7	FALSE	FALSE
Zfp800	chr6	TRUE	FALSE
Zfp804a	chr2	TRUE	FALSE
Zfp827	chr8	FALSE	TRUE
Zfp853	chr5	FALSE	FALSE
Zfp865	chr7	FALSE	FALSE
Zfp90	chr8	TRUE	FALSE
Zfp935	chr13	FALSE	TRUE
Zfp940	chr7	FALSE	FALSE
Zfp941	chr7	FALSE	FALSE
Zfp943	chr17	FALSE	FALSE
Zfp945	chr17	FALSE	FALSE
Zfp974	chr7	FALSE	FALSE
Zfp981	chr4	FALSE	FALSE
Zfp982	chr4	FALSE	FALSE
Zfp984	chr4	FALSE	FALSE
Zfpm1	chr8	FALSE	FALSE
Zfpm2	chr15	FALSE	TRUE
Zfyve1	chr12	FALSE	FALSE
Zfyve21	chr12	FALSE	TRUE
Zfyve26	chr12	FALSE	FALSE
Zfyve27	chr19	FALSE	FALSE
Zfyve28	chr5	FALSE	TRUE
Zfyve9	chr4	FALSE	FALSE
Zgpat	chr2	FALSE	FALSE
Zhx2	chr15	TRUE	FALSE
Zhx3	chr2	FALSE	TRUE
Zic3	chrX	FALSE	FALSE
Zic4	chr9	TRUE	FALSE
Zmiz1	chr14	FALSE	TRUE
Zmym2	chr14	FALSE	TRUE
Zmym4	chr4	FALSE	FALSE
Zmym6	chr4	FALSE	FALSE
Zmynd11	chr13	FALSE	TRUE
Znrf1	chr8	FALSE	FALSE
Zpbp	chr11	FALSE	FALSE
Zscan29	chr2	FALSE	FALSE
Zswim4	chr8	FALSE	FALSE
Zswim5	chr4	FALSE	FALSE
Zswim6	chr13	FALSE	FALSE
Zswim7	chr11	FALSE	FALSE
Zswim9	chr7	FALSE	TRUE
Zup1	chr10	FALSE	FALSE
Zwilch	chr9	FALSE	TRUE
Zyg11b	chr4	FALSE	FALSE
Zzef1	chr11	FALSE	FALSE
Zzz3	chr3	FALSE	TRUE
a	chr2	FALSE	FALSE
