ID	Description	GeneRatio	BgRatio	RichFactor	FoldEnrichment	zScore	pvalue	p.adjust	qvalue	geneID	Count
GO:0060560	developmental growth involved in morphogenesis	9/137	279/17474	0.03225806451612903	4.11443371791853	4.661623039708139	3.578808792794208e-4	0.3241068477273864	0.31885686359766163	Islr2/Fgf1/Edn2/Spry2/Flrt3/Dbn1/Rnf157/Auts2/Sfrp5	9
GO:0030324	lung development	8/137	237/17474	0.03375527426160337	4.305398995965382	4.554327637512058	5.667631459176356e-4	0.3241068477273864	0.31885686359766163	Fgf1/Edn2/Spry2/Lhx3/Heg1/Zic3/Phex/Foxj1	8
GO:0030323	respiratory tube development	8/137	240/17474	0.03333333333333333	4.251581508515815	4.508834236016129	6.155541655865091e-4	0.3241068477273864	0.31885686359766163	Fgf1/Edn2/Spry2/Lhx3/Heg1/Zic3/Phex/Foxj1	8
GO:0030512	negative regulation of transforming growth factor beta receptor signaling pathway	5/137	99/17474	0.050505050505050504	6.441790164417902	4.826741377906654	0.0010916925640147618	0.3241068477273864	0.31885686359766163	Sap30/Spry2/Nrros/Cav2/Vasn	5
GO:0071560	cellular response to transforming growth factor beta stimulus	8/137	268/17474	0.029850746268656716	3.8073864255365506	4.117055113949034	0.0012556173576377281	0.3241068477273864	0.31885686359766163	Sap30/Spry2/Nrros/Dbn1/Cav2/Vasn/Dcstamp/Zfp36l2	8
GO:0044344	cellular response to fibroblast growth factor stimulus	6/137	153/17474	0.0392156862745098	5.0018605982539	4.419551899455327	0.0013092108059005014	0.3241068477273864	0.31885686359766163	Fgf1/Spry2/Fgf20/Flrt3/Itgb1bp1/Zfp36l2	6
GO:0060541	respiratory system development	8/137	271/17474	0.02952029520295203	3.7652382363239694	4.07823410007398	0.001347621610532035	0.3241068477273864	0.31885686359766163	Fgf1/Edn2/Spry2/Lhx3/Heg1/Zic3/Phex/Foxj1	8
GO:0033077	T cell differentiation in thymus	5/137	105/17474	0.047619047619047616	6.073687869308307	4.635408742535352	0.0014197953287047099	0.3241068477273864	0.31885686359766163	Rag1/Fzd7/Zfp608/Foxj1/Zfp36l2	5
GO:0071559	response to transforming growth factor beta	8/137	275/17474	0.02909090909090909	3.710471134704711	4.027324116039051	0.0014785629515163595	0.3241068477273864	0.31885686359766163	Sap30/Spry2/Nrros/Dbn1/Cav2/Vasn/Dcstamp/Zfp36l2	8
GO:0071774	response to fibroblast growth factor	6/137	159/17474	0.03773584905660377	4.813111141716017	4.293622178456801	0.001593445662376531	0.3241068477273864	0.31885686359766163	Fgf1/Spry2/Fgf20/Flrt3/Itgb1bp1/Zfp36l2	6
GO:0002634	regulation of germinal center formation	2/137	10/17474	0.2	25.509489051094892	6.89159018341092	0.0026351620795362707	0.44128014623226675	0.43413215235084573	Tnfsf13/Foxj1	2
GO:0003401	axis elongation	3/137	36/17474	0.08333333333333333	10.628953771289536	5.1408988955710395	0.00278591845428282	0.44128014623226675	0.43413215235084573	Fgf1/Spry2/Sfrp5	3
GO:0007368	determination of left/right symmetry	5/137	124/17474	0.04032258064516129	5.143042147398163	4.115641159863586	0.0029418071137647978	0.44128014623226675	0.43413215235084573	Zic3/Tgif1/Ift57/Foxj1/Ripply2	5
GO:1901072	glucosamine-containing compound catabolic process	2/137	11/17474	0.18181818181818182	23.190444591904445	6.544251279050362	0.0032042438192322483	0.44128014623226675	0.43413215235084573	Chia1/Chil5	2
GO:0006026	aminoglycan catabolic process	3/137	38/17474	0.07894736842105263	10.069535151747981	4.975198856178549	0.00325427836454474	0.44128014623226675	0.43413215235084573	Chia1/Chil5/Spam1	3
GO:0060972	left/right pattern formation	5/137	129/17474	0.03875968992248062	4.943699428506761	3.996396390127194	0.0034863945166094404	0.4432079029239751	0.4360286826364833	Zic3/Tgif1/Ift57/Foxj1/Ripply2	5
GO:0009799	specification of symmetry	5/137	133/17474	0.03759398496240601	4.795016738927611	3.9053457996745458	0.0039715141702291795	0.44878110123589726	0.4415116045383433	Zic3/Tgif1/Ift57/Foxj1/Ripply2	5
GO:0009855	determination of bilateral symmetry	5/137	133/17474	0.03759398496240601	4.795016738927611	3.9053457996745458	0.0039715141702291795	0.44878110123589726	0.4415116045383433	Zic3/Tgif1/Ift57/Foxj1/Ripply2	5
GO:0033085	negative regulation of T cell differentiation in thymus	2/137	13/17474	0.15384615384615385	19.622683885457608	5.970853819081664	0.004497774570100442	0.4810785132788903	0.4732858529954823	Zfp608/Foxj1	2
GO:1990138	neuron projection extension	6/137	198/17474	0.030303030303030304	3.865074098650741	3.6041586799985037	0.004730368862132648	0.4810785132788903	0.4732858529954823	Islr2/Edn2/Flrt3/Dbn1/Rnf157/Auts2	6
GO:0017015	regulation of transforming growth factor beta receptor signaling pathway	5/137	144/17474	0.034722222222222224	4.4287307380373075	3.6725895400641315	0.005552534358972935	0.48835982464935723	0.4804492194061109	Sap30/Spry2/Nrros/Cav2/Vasn	5
GO:0048103	somatic stem cell division	2/137	15/17474	0.13333333333333333	17.00632603406326	5.512957612192277	0.00599291481563143	0.48835982464935723	0.4804492194061109	Fzd7/Zfp36l2	2
GO:1903844	regulation of cellular response to transforming growth factor beta stimulus	5/137	147/17474	0.034013605442176874	4.3383484780773625	3.613147542095755	0.006051173862139861	0.48835982464935723	0.4804492194061109	Sap30/Spry2/Nrros/Cav2/Vasn	5
GO:0090101	negative regulation of transmembrane receptor protein serine/threonine kinase signaling pathway	5/137	151/17474	0.033112582781456956	4.223425339585248	3.5363202180203768	0.0067640067778650765	0.48835982464935723	0.4804492194061109	Sap30/Spry2/Nrros/Cav2/Vasn	5
GO:0002467	germinal center formation	2/137	16/17474	0.125	15.943430656934307	5.315818041931171	0.00681404477531483	0.48835982464935723	0.4804492194061109	Tnfsf13/Foxj1	2
GO:0042416	dopamine biosynthetic process	2/137	16/17474	0.125	15.943430656934307	5.315818041931171	0.00681404477531483	0.48835982464935723	0.4804492194061109	Snca/Nr4a2	2
GO:1902222	erythrose 4-phosphate/phosphoenolpyruvate family amino acid catabolic process	2/137	16/17474	0.125	15.943430656934307	5.315818041931171	0.00681404477531483	0.48835982464935723	0.4804492194061109	Hgd/Tdo2	2
GO:0006636	unsaturated fatty acid biosynthetic process	3/137	50/17474	0.06	7.652846715328468	4.1877007101309225	0.007062170260790922	0.48835982464935723	0.4804492194061109	Edn2/Ptgs1/Scd1	3
GO:0035265	organ growth	6/137	218/17474	0.027522935779816515	3.510480144646086	3.3156754912781015	0.0074799939006917225	0.48835982464935723	0.4804492194061109	Fgf1/Spry2/Fgf20/Col9a1/Heg1/Cacna2d2	6
GO:0006637	acyl-CoA metabolic process	4/137	99/17474	0.04040404040404041	5.153432131534322	3.683997751454679	0.0076654766826520955	0.48835982464935723	0.4804492194061109	Tdo2/Snca/Acly/Oxsm	4
GO:0035383	thioester metabolic process	4/137	99/17474	0.04040404040404041	5.153432131534322	3.683997751454679	0.0076654766826520955	0.48835982464935723	0.4804492194061109	Tdo2/Snca/Acly/Oxsm	4
GO:0046348	amino sugar catabolic process	2/137	17/17474	0.11764705882352941	15.0055817947617	5.135678829513027	0.007683143750629022	0.48835982464935723	0.4804492194061109	Chia1/Chil5	2
GO:0006633	fatty acid biosynthetic process	5/137	158/17474	0.03164556962025317	4.036311558717546	3.408067087388227	0.008149691052025577	0.5023173212066674	0.49418062806700547	Edn2/Ptgs1/Acly/Oxsm/Scd1	5
GO:0007398	ectoderm development	2/137	19/17474	0.10526315789473684	13.42604686899731	4.817335668635114	0.009562092514791341	0.5384466526753661	0.5297247253200179	Fzd7/Amer2	2
GO:0050433	regulation of catecholamine secretion	3/137	56/17474	0.05357142857142857	6.832898852971845	3.886300364497121	0.009653992144660797	0.5384466526753661	0.5297247253200179	Kcna2/Ptgs1/Snca	3
GO:0060078	regulation of postsynaptic membrane potential	5/137	165/17474	0.030303030303030304	3.865074098650741	3.2869938315601117	0.009721302610838993	0.5384466526753661	0.5297247253200179	Kctd12/Dbn1/Sez6/Kcna2/Snca	5
GO:0050679	positive regulation of epithelial cell proliferation	6/137	231/17474	0.025974025974025976	3.3129206559863498	3.1457004029695543	0.009794752285638418	0.5384466526753661	0.5297247253200179	Fgf1/Scg2/Fzd7/Hmgb2/Cav2/Prl	6
GO:0050918	positive chemotaxis	3/137	57/17474	0.05263157894736842	6.713023434498655	3.840376512165483	0.010132809679947759	0.5423719707635195	0.5335864598775815	Scg2/Saa3/Hmgb2	3
GO:0001935	endothelial cell proliferation	5/137	169/17474	0.029585798816568046	3.7735930548956937	3.220752400135761	0.010707187171543809	0.5584209924851309	0.5493755145237458	Scg2/Hmgb2/Cav2/Prl/Itgb1bp1	5
GO:0050795	regulation of behavior	4/137	110/17474	0.03636363636363636	4.638088918380889	3.402528807683894	0.011008902075386566	0.5598026705334069	0.5507348117186806	Oprl1/Rag1/Dbn1/Kcna2	4
GO:0009074	aromatic amino acid family catabolic process	2/137	21/17474	0.09523809523809523	12.147375738616613	4.543643935480183	0.01162354109336656	0.5629114900930378	0.5537932736463617	Hgd/Tdo2	2
GO:0042053	regulation of dopamine metabolic process	2/137	21/17474	0.09523809523809523	12.147375738616613	4.543643935480183	0.01162354109336656	0.5629114900930378	0.5537932736463617	Snca/Nr4a2	2
GO:0032148	activation of protein kinase B activity	2/137	22/17474	0.09090909090909091	11.595222295952222	4.420341866060848	0.01272079900892172	0.5759119857534233	0.5665831832102974	Fgf1/Itgb1bp1	2
GO:0060602	branch elongation of an epithelium	2/137	22/17474	0.09090909090909091	11.595222295952222	4.420341866060848	0.01272079900892172	0.5759119857534233	0.5665831832102974	Fgf1/Spry2	2
GO:0042069	regulation of catecholamine metabolic process	2/137	23/17474	0.08695652173913043	11.091082196128214	4.304756097767536	0.013861415276454727	0.5759119857534233	0.5665831832102974	Snca/Nr4a2	2
GO:0051336	regulation of hydrolase activity	8/137	406/17474	0.019704433497536946	2.5132501528172306	2.7424547692695986	0.014777818045983488	0.5759119857534233	0.5665831832102974	Spry2/Serpinb8/Cav2/Rgs16/Serpinb1b/Snca/Itgb1bp1/Foxj1	8
GO:0061025	membrane fusion	5/137	184/17474	0.02717391304347826	3.4659631862900664	2.9892005338755103	0.015011321444623311	0.5759119857534233	0.5665831832102974	Cav2/Snca/Dcstamp/Snph/Spam1	5
GO:0019755	one-carbon compound transport	2/137	24/17474	0.08333333333333333	10.628953771289536	4.196082847372842	0.015044652912323047	0.5759119857534233	0.5665831832102974	Aqp6/Pou3f3	2
GO:0032147	activation of protein kinase activity	3/137	66/17474	0.045454545454545456	5.797611147976111	3.4711998726080973	0.015061226258053556	0.5759119857534233	0.5665831832102974	Fgf1/Sez6/Itgb1bp1	3
GO:0002712	regulation of B cell mediated immunity	3/137	67/17474	0.04477611940298507	5.711079638304827	3.434416246853746	0.015678568081743987	0.5759119857534233	0.5665831832102974	Tnfsf13/Shld1/Foxj1	3
GO:0002889	regulation of immunoglobulin mediated immune response	3/137	67/17474	0.04477611940298507	5.711079638304827	3.434416246853746	0.015678568081743987	0.5759119857534233	0.5665831832102974	Tnfsf13/Shld1/Foxj1	3
GO:0050673	epithelial cell proliferation	9/137	496/17474	0.018145161290322582	2.3143689663291735	2.639805427516415	0.016288159453973883	0.5759119857534233	0.5665831832102974	Fgf1/Scg2/Fzd7/Hmgb2/Cav2/Serpinb1b/Prl/Ift57/Itgb1bp1	9
GO:0050432	catecholamine secretion	3/137	68/17474	0.04411764705882353	5.627093173035639	3.3983668518760104	0.01631000648316565	0.5759119857534233	0.5665831832102974	Kcna2/Ptgs1/Snca	3
GO:0009713	catechol-containing compound biosynthetic process	2/137	26/17474	0.07692307692307693	9.811341942728804	3.99680491191268	0.017536087979427226	0.5759119857534233	0.5665831832102974	Snca/Nr4a2	2
GO:0036342	post-anal tail morphogenesis	2/137	26/17474	0.07692307692307693	9.811341942728804	3.99680491191268	0.017536087979427226	0.5759119857534233	0.5665831832102974	Sfrp5/Ripply2	2
GO:0042423	catecholamine biosynthetic process	2/137	26/17474	0.07692307692307693	9.811341942728804	3.99680491191268	0.017536087979427226	0.5759119857534233	0.5665831832102974	Snca/Nr4a2	2
GO:0141091	transforming growth factor beta receptor superfamily signaling pathway	7/137	340/17474	0.020588235294117647	2.6259768140832973	2.6914199860096617	0.017796237920337833	0.5759119857534233	0.5665831832102974	Sap30/Spry2/Nrros/Cav2/Fam83g/Vasn/Tgif1	7
GO:0008543	fibroblast growth factor receptor signaling pathway	4/137	127/17474	0.031496062992125984	4.017242370251164	3.0335902262534615	0.017811893619775095	0.5759119857534233	0.5665831832102974	Fgf1/Spry2/Fgf20/Flrt3	4
GO:0048675	axon extension	4/137	127/17474	0.031496062992125984	4.017242370251164	3.0335902262534615	0.017811893619775095	0.5759119857534233	0.5665831832102974	Islr2/Edn2/Dbn1/Auts2	4
GO:0033238	regulation of amine metabolic process	2/137	27/17474	0.07407407407407407	9.447958907812922	3.9050836541234366	0.018842854798733367	0.5759119857534233	0.5665831832102974	Snca/Nr4a2	2
GO:1903706	regulation of hemopoiesis	8/137	429/17474	0.018648018648018648	2.378507137631225	2.569781568674964	0.019880943261010347	0.5759119857534233	0.5665831832102974	Rag1/Zfp608/Hmgb2/Brpf3/Cd83/Dcstamp/Foxj1/Zfp36l2	8
GO:0060039	pericardium development	2/137	28/17474	0.07142857142857142	9.110531803962461	3.818013508911039	0.020189381584796075	0.5759119857534233	0.5665831832102974	Flrt3/Heg1	2
GO:1901071	glucosamine-containing compound metabolic process	2/137	28/17474	0.07142857142857142	9.110531803962461	3.818013508911039	0.020189381584796075	0.5759119857534233	0.5665831832102974	Chia1/Chil5	2
GO:0002562	somatic diversification of immune receptors via germline recombination within a single locus	3/137	75/17474	0.04	5.101897810218978	3.1645384129516274	0.02112682466192914	0.5759119857534233	0.5665831832102974	Rag1/Tnfsf13/Shld1	3
GO:0016444	somatic cell DNA recombination	3/137	75/17474	0.04	5.101897810218978	3.1645384129516274	0.02112682466192914	0.5759119857534233	0.5665831832102974	Rag1/Tnfsf13/Shld1	3
GO:0001516	prostaglandin biosynthetic process	2/137	29/17474	0.06896551724137931	8.796375534860307	3.735195257350812	0.021574974176155007	0.5759119857534233	0.5665831832102974	Edn2/Ptgs1	2
GO:0046457	prostanoid biosynthetic process	2/137	29/17474	0.06896551724137931	8.796375534860307	3.735195257350812	0.021574974176155007	0.5759119857534233	0.5665831832102974	Edn2/Ptgs1	2
GO:1902221	erythrose 4-phosphate/phosphoenolpyruvate family amino acid metabolic process	2/137	29/17474	0.06896551724137931	8.796375534860307	3.735195257350812	0.021574974176155007	0.5759119857534233	0.5665831832102974	Hgd/Tdo2	2
GO:0043086	negative regulation of catalytic activity	7/137	355/17474	0.01971830985915493	2.5150200472910456	2.5636008541971704	0.021945142925583628	0.5759119857534233	0.5665831832102974	Spry2/Serpinb8/Serpinb1b/Heg1/Snca/Itgb1bp1/Sfrp5	7
GO:0048588	developmental cell growth	6/137	279/17474	0.021505376344086023	2.7429558119456874	2.6088219259292518	0.02276012083376272	0.5759119857534233	0.5665831832102974	Islr2/Edn2/Flrt3/Dbn1/Rnf157/Auts2	6
GO:0043087	regulation of GTPase activity	5/137	205/17474	0.024390243902439025	3.110913298914011	2.7025315904149685	0.022787061757506503	0.5759119857534233	0.5665831832102974	Spry2/Cav2/Rgs16/Itgb1bp1/Foxj1	5
GO:0033081	regulation of T cell differentiation in thymus	2/137	30/17474	0.06666666666666667	8.50316301703163	3.6562763897500763	0.022998946712158512	0.5759119857534233	0.5665831832102974	Zfp608/Foxj1	2
GO:0045830	positive regulation of isotype switching	2/137	30/17474	0.06666666666666667	8.50316301703163	3.6562763897500763	0.022998946712158512	0.5759119857534233	0.5665831832102974	Tnfsf13/Shld1	2
GO:0001523	retinoid metabolic process	3/137	78/17474	0.038461538461538464	4.905670971364402	3.0730901680990694	0.02340451313347285	0.5759119857534233	0.5665831832102974	Ttr/Isx/Rdh5	3
GO:0007178	cell surface receptor protein serine/threonine kinase signaling pathway	7/137	363/17474	0.01928374655647383	2.4595926082322896	2.4980683651477436	0.024412838232773647	0.5759119857534233	0.5665831832102974	Sap30/Spry2/Nrros/Cav2/Fam83g/Vasn/Tgif1	7
GO:0014059	regulation of dopamine secretion	2/137	31/17474	0.06451612903225806	8.22886743583706	3.5809442902049584	0.02446062154704005	0.5759119857534233	0.5665831832102974	Kcna2/Snca	2
GO:0015874	norepinephrine transport	2/137	31/17474	0.06451612903225806	8.22886743583706	3.5809442902049584	0.02446062154704005	0.5759119857534233	0.5665831832102974	Ptgs1/Snca	2
GO:0050864	regulation of B cell activation	4/137	140/17474	0.02857142857142857	3.644212721584984	2.7923384691510784	0.024462439376113098	0.5759119857534233	0.5665831832102974	Tnfsf13/Shld1/Foxj1/Zfp36l2	4
GO:0007179	transforming growth factor beta receptor signaling pathway	5/137	209/17474	0.023923444976076555	3.05137428840848	2.6521116726871217	0.024515845797101334	0.5759119857534233	0.5665831832102974	Sap30/Spry2/Nrros/Cav2/Vasn	5
GO:0002200	somatic diversification of immune receptors	3/137	82/17474	0.036585365853658534	4.666369948371016	2.9581861185944645	0.02664072949012916	0.5759119857534233	0.5665831832102974	Rag1/Tnfsf13/Shld1	3
GO:0016101	diterpenoid metabolic process	3/137	83/17474	0.03614457831325301	4.610148623691847	2.930615872929554	0.027485318719547108	0.5759119857534233	0.5665831832102974	Ttr/Isx/Rdh5	3
GO:0001975	response to amphetamine	2/137	33/17474	0.06060606060606061	7.730148197301482	3.43995652424697	0.027494408094997973	0.5759119857534233	0.5665831832102974	Cxcl2/Nr4a2	2
GO:0099505	regulation of presynaptic membrane potential	2/137	33/17474	0.06060606060606061	7.730148197301482	3.43995652424697	0.027494408094997973	0.5759119857534233	0.5665831832102974	Kctd12/Kcna2	2
GO:0015800	acidic amino acid transport	3/137	84/17474	0.03571428571428571	4.5552659019812305	2.903480991095777	0.028344093646809333	0.5759119857534233	0.5665831832102974	Slc6a6/Snca/Slc17a6	3
GO:0001936	regulation of endothelial cell proliferation	4/137	147/17474	0.027210884353741496	3.47067878246189	2.6740548593960893	0.028588880391604773	0.5759119857534233	0.5665831832102974	Scg2/Hmgb2/Cav2/Prl	4
GO:0009112	nucleobase metabolic process	2/137	34/17474	0.058823529411764705	7.50279089738085	3.373828905830614	0.029065204829110507	0.5759119857534233	0.5665831832102974	Ttr/Dpys	2
GO:1902932	positive regulation of alcohol biosynthetic process	2/137	34/17474	0.058823529411764705	7.50279089738085	3.373828905830614	0.029065204829110507	0.5759119857534233	0.5665831832102974	Fgf1/Snca	2
GO:1905606	regulation of presynapse assembly	2/137	34/17474	0.058823529411764705	7.50279089738085	3.373828905830614	0.029065204829110507	0.5759119857534233	0.5665831832102974	Slitrk2/Snca	2
GO:0072330	monocarboxylic acid biosynthetic process	5/137	219/17474	0.0228310502283105	2.912042129120421	2.531156977779184	0.029201047018948892	0.5759119857534233	0.5665831832102974	Edn2/Ptgs1/Acly/Oxsm/Scd1	5
GO:0051937	catecholamine transport	3/137	86/17474	0.03488372093023256	4.449329485656086	2.8504677919385872	0.030104123190816626	0.5759119857534233	0.5665831832102974	Kcna2/Ptgs1/Snca	3
GO:0033559	unsaturated fatty acid metabolic process	4/137	150/17474	0.02666666666666667	3.4012652068126523	2.6255404745733064	0.030476577372597645	0.5759119857534233	0.5665831832102974	Edn2/Dagla/Ptgs1/Scd1	4
GO:0045987	positive regulation of smooth muscle contraction	2/137	35/17474	0.05714285714285714	7.288425443169968	3.3103369143638743	0.0306710737380099	0.5759119857534233	0.5665831832102974	Edn2/Ptgs1	2
GO:0045619	regulation of lymphocyte differentiation	5/137	222/17474	0.02252252252252252	2.872690208456632	2.4962021313592517	0.030709658104429546	0.5759119857534233	0.5665831832102974	Rag1/Zfp608/Cd83/Foxj1/Zfp36l2	5
GO:0071901	negative regulation of protein serine/threonine kinase activity	3/137	88/17474	0.03409090909090909	4.348208360982083	2.799052358949412	0.03192063855825683	0.5759119857534233	0.5665831832102974	Spry2/Heg1/Sfrp5	3
GO:0008277	regulation of G protein-coupled receptor signaling pathway	4/137	153/17474	0.026143790849673203	3.334573732169267	2.578243174419685	0.03243638326878394	0.5759119857534233	0.5665831832102974	Kctd12/Oprl1/Cav2/Snca	4
GO:0014855	striated muscle cell proliferation	3/137	90/17474	0.03333333333333333	4.251581508515815	2.7491478097064856	0.03379342177624274	0.5759119857534233	0.5665831832102974	Fgf1/Fgf20/Cav2	3
GO:0035384	thioester biosynthetic process	2/137	37/17474	0.05405405405405406	6.894456500295917	3.1905517469475866	0.03398548446969632	0.5759119857534233	0.5665831832102974	Snca/Acly	2
GO:0051353	positive regulation of oxidoreductase activity	2/137	37/17474	0.05405405405405406	6.894456500295917	3.1905517469475866	0.03398548446969632	0.5759119857534233	0.5665831832102974	Edn2/Snca	2
GO:0071616	acyl-CoA biosynthetic process	2/137	37/17474	0.05405405405405406	6.894456500295917	3.1905517469475866	0.03398548446969632	0.5759119857534233	0.5665831832102974	Snca/Acly	2
GO:0060326	cell chemotaxis	6/137	309/17474	0.019417475728155338	2.4766494224363966	2.328047210542111	0.03502604175459499	0.5759119857534233	0.5665831832102974	Fgf1/Scg2/Edn2/Saa3/Cxcl2/Hmgb2	6
GO:0014046	dopamine secretion	2/137	38/17474	0.05263157894736842	6.713023434498655	3.133945365563843	0.03569277369776029	0.5759119857534233	0.5665831832102974	Kcna2/Snca	2
GO:0032743	positive regulation of interleukin-2 production	2/137	38/17474	0.05263157894736842	6.713023434498655	3.133945365563843	0.03569277369776029	0.5759119857534233	0.5665831832102974	Cd83/Cd276	2
GO:0045191	regulation of isotype switching	2/137	38/17474	0.05263157894736842	6.713023434498655	3.133945365563843	0.03569277369776029	0.5759119857534233	0.5665831832102974	Tnfsf13/Shld1	2
GO:0006721	terpenoid metabolic process	3/137	92/17474	0.03260869565217391	4.1591558235480806	2.7006738301044138	0.03572221814016957	0.5759119857534233	0.5665831832102974	Ttr/Isx/Rdh5	3
GO:0010719	negative regulation of epithelial to mesenchymal transition	2/137	39/17474	0.05128205128205128	6.540894628485869	3.0793444167003967	0.037432629751281025	0.5759119857534233	0.5665831832102974	Spry2/Vasn	2
GO:0051953	negative regulation of amine transport	2/137	39/17474	0.05128205128205128	6.540894628485869	3.0793444167003967	0.037432629751281025	0.5759119857534233	0.5665831832102974	Ptgs1/Snca	2
GO:0099174	regulation of presynapse organization	2/137	39/17474	0.05128205128205128	6.540894628485869	3.0793444167003967	0.037432629751281025	0.5759119857534233	0.5665831832102974	Slitrk2/Snca	2
GO:1902683	regulation of receptor localization to synapse	2/137	39/17474	0.05128205128205128	6.540894628485869	3.0793444167003967	0.037432629751281025	0.5759119857534233	0.5665831832102974	Dbn1/Cacna2d2	2
GO:0009309	amine biosynthetic process	2/137	40/17474	0.05	6.377372262773723	3.026625069285437	0.03920444518501297	0.5759119857534233	0.5665831832102974	Snca/Nr4a2	2
GO:0042401	biogenic amine biosynthetic process	2/137	40/17474	0.05	6.377372262773723	3.026625069285437	0.03920444518501297	0.5759119857534233	0.5665831832102974	Snca/Nr4a2	2
GO:0007218	neuropeptide signaling pathway	3/137	96/17474	0.03125	3.985857664233577	2.607725468560337	0.03974665755123915	0.5759119857534233	0.5665831832102974	Npvf/Oprl1/Ltb4r1	3
GO:0007409	axonogenesis	8/137	494/17474	0.016194331983805668	2.0655456721534327	2.135618864420778	0.040884530626263536	0.5759119857534233	0.5665831832102974	Islr2/Edn2/Flrt3/Dbn1/Lhx3/Slitrk2/Auts2/Nr4a2	8
GO:0009072	aromatic amino acid metabolic process	2/137	41/17474	0.04878048780487805	6.221826597828022	2.9756740438992657	0.041007619953333546	0.5759119857534233	0.5665831832102974	Hgd/Tdo2	2
GO:0006469	negative regulation of protein kinase activity	4/137	166/17474	0.024096385542168676	3.0734324157945654	2.386038968065446	0.041768220164416635	0.5759119857534233	0.5665831832102974	Spry2/Heg1/Itgb1bp1/Sfrp5	4
GO:0006937	regulation of muscle contraction	4/137	166/17474	0.024096385542168676	3.0734324157945654	2.386038968065446	0.041768220164416635	0.5759119857534233	0.5665831832102974	Edn2/Dsc2/Dbn1/Ptgs1	4
GO:0090287	regulation of cellular response to growth factor stimulus	6/137	323/17474	0.018575851393188854	2.3693023886465845	2.2080705778708705	0.04197762008157735	0.5759119857534233	0.5665831832102974	Sap30/Fgf1/Spry2/Nrros/Cav2/Vasn	6
GO:0006084	acetyl-CoA metabolic process	2/137	42/17474	0.047619047619047616	6.073687869308307	2.9263874804329935	0.042841561332956704	0.5759119857534233	0.5665831832102974	Tdo2/Acly	2
GO:0050678	regulation of epithelial cell proliferation	7/137	411/17474	0.0170316301703163	2.1723409167599055	2.137982696029751	0.04328577735885531	0.5759119857534233	0.5665831832102974	Fgf1/Scg2/Fzd7/Hmgb2/Cav2/Prl/Ift57	7
GO:0034446	substrate adhesion-dependent cell spreading	3/137	100/17474	0.03	3.826423357664234	2.5196739867265125	0.04399124521388406	0.5759119857534233	0.5665831832102974	Dbn1/Fzd7/Itgb1bp1	3
GO:0099560	synaptic membrane adhesion	2/137	43/17474	0.046511627906976744	5.932439314208113	2.8786699510320326	0.044705683846389156	0.5759119857534233	0.5665831832102974	Flrt3/Slitrk2	2
GO:0001938	positive regulation of endothelial cell proliferation	3/137	101/17474	0.0297029702970297	3.788537977885379	2.498370758397608	0.045086425370291505	0.5759119857534233	0.5665831832102974	Scg2/Hmgb2/Cav2	3
GO:0071900	regulation of protein serine/threonine kinase activity	5/137	248/17474	0.020161290322580645	2.5715210736990817	2.2156995810804907	0.04584020878494764	0.5759119857534233	0.5665831832102974	Fgf1/Spry2/Heg1/Snca/Sfrp5	5
GO:0070555	response to interleukin-1	3/137	102/17474	0.029411764705882353	3.751395448690425	2.477337846855068	0.046195112472911026	0.5759119857534233	0.5665831832102974	Saa3/Cxcl2/Snca	3
GO:0017145	stem cell division	2/137	44/17474	0.045454545454545456	5.797611147976111	2.8324335967786083	0.04659940918612339	0.5759119857534233	0.5665831832102974	Fzd7/Zfp36l2	2
GO:0042073	intraciliary transport	2/137	44/17474	0.045454545454545456	5.797611147976111	2.8324335967786083	0.04659940918612339	0.5759119857534233	0.5665831832102974	Lca5l/Ift57	2
GO:0097484	dendrite extension	2/137	44/17474	0.045454545454545456	5.797611147976111	2.8324335967786083	0.04659940918612339	0.5759119857534233	0.5665831832102974	Rnf157/Auts2	2
GO:0030217	T cell differentiation	6/137	332/17474	0.018072289156626505	2.3050743118459236	2.1341777376693503	0.04687646241490801	0.5759119857534233	0.5665831832102974	Rag1/Fzd7/Zfp608/Cd83/Foxj1/Zfp36l2	6
GO:0006576	biogenic amine metabolic process	3/137	103/17474	0.02912621359223301	3.714974133654596	2.456568880413566	0.04731725035228324	0.5759119857534233	0.5665831832102974	Tdo2/Snca/Nr4a2	3
GO:0001503	ossification	7/137	420/17474	0.016666666666666666	2.1257907542579075	2.0759947024521566	0.047649607776946816	0.5759119857534233	0.5665831832102974	Pdlim7/Kazald1/Prl/Dhh/Phex/Cd276/Ripply2	7
GO:0001504	neurotransmitter uptake	2/137	45/17474	0.044444444444444446	5.668775344687754	2.787597370173911	0.04852216613955959	0.5759119857534233	0.5665831832102974	Snca/Slc17a6	2
GO:0001937	negative regulation of endothelial cell proliferation	2/137	45/17474	0.044444444444444446	5.668775344687754	2.787597370173911	0.04852216613955959	0.5759119857534233	0.5665831832102974	Cav2/Prl	2
GO:0015844	monoamine transport	3/137	105/17474	0.02857142857142857	3.644212721584984	2.4157983467810813	0.049601645589197295	0.5759119857534233	0.5665831832102974	Kcna2/Ptgs1/Snca	3
GO:0006814	sodium ion transport	5/137	254/17474	0.01968503937007874	2.5107764814069773	2.1560436428783136	0.04986536938751466	0.5759119857534233	0.5665831832102974	Slc13a1/Slc6a6/Commd3/Slc5a10/Slc17a6	5
GO:0042417	dopamine metabolic process	2/137	46/17474	0.043478260869565216	5.545541098064107	2.744086368417502	0.05047339051465117	0.5759119857534233	0.5665831832102974	Snca/Nr4a2	2
GO:0003002	regionalization	7/137	427/17474	0.01639344262295082	2.0909417254995812	2.0288435424758435	0.05123207625583929	0.5759119857534233	0.5665831832102974	Fgf1/Lhx3/Zic3/Tgif1/Ift57/Foxj1/Ripply2	7
GO:0033673	negative regulation of kinase activity	4/137	178/17474	0.02247191011235955	2.8662347248421223	2.2246437627880584	0.05159695611949992	0.5759119857534233	0.5665831832102974	Spry2/Heg1/Itgb1bp1/Sfrp5	4
GO:1901136	carbohydrate derivative catabolic process	5/137	259/17474	0.019305019305019305	2.4623058929628274	2.1076167728872357	0.05337429304743266	0.5759119857534233	0.5665831832102974	Chia1/Dpys/Chil5/Spam1/Fbxo2	5
GO:0001708	cell fate specification	3/137	109/17474	0.027522935779816515	3.510480144646086	2.337166719572938	0.05432919658944006	0.5759119857534233	0.5665831832102974	Fzd7/Lhx3/Dhh	3
GO:0006022	aminoglycan metabolic process	3/137	109/17474	0.027522935779816515	3.510480144646086	2.337166719572938	0.05432919658944006	0.5759119857534233	0.5665831832102974	Chia1/Chil5/Spam1	3
GO:0031503	protein-containing complex localization	5/137	261/17474	0.019157088122605363	2.4434376485723073	2.0885604289764736	0.05481727714794762	0.5759119857534233	0.5665831832102974	Exoc3l/Dbn1/Lca5l/Ift57/Cacna2d2	5
GO:0002714	positive regulation of B cell mediated immunity	2/137	49/17474	0.04081632653061224	5.206018173692835	2.620835959780039	0.0564923300162339	0.5759119857534233	0.5665831832102974	Tnfsf13/Shld1	2
GO:0002891	positive regulation of immunoglobulin mediated immune response	2/137	49/17474	0.04081632653061224	5.206018173692835	2.620835959780039	0.0564923300162339	0.5759119857534233	0.5665831832102974	Tnfsf13/Shld1	2
GO:0006040	amino sugar metabolic process	2/137	49/17474	0.04081632653061224	5.206018173692835	2.620835959780039	0.0564923300162339	0.5759119857534233	0.5665831832102974	Chia1/Chil5	2
GO:0043407	negative regulation of MAP kinase activity	2/137	49/17474	0.04081632653061224	5.206018173692835	2.620835959780039	0.0564923300162339	0.5759119857534233	0.5665831832102974	Spry2/Sfrp5	2
GO:0046456	icosanoid biosynthetic process	2/137	49/17474	0.04081632653061224	5.206018173692835	2.620835959780039	0.0564923300162339	0.5759119857534233	0.5665831832102974	Edn2/Ptgs1	2
GO:0099054	presynapse assembly	2/137	49/17474	0.04081632653061224	5.206018173692835	2.620835959780039	0.0564923300162339	0.5759119857534233	0.5665831832102974	Slitrk2/Snca	2
GO:1903115	regulation of actin filament-based movement	2/137	49/17474	0.04081632653061224	5.206018173692835	2.620835959780039	0.0564923300162339	0.5759119857534233	0.5665831832102974	Dsc2/Dbn1	2
GO:0051952	regulation of amine transport	3/137	111/17474	0.02702702702702703	3.4472282501479583	2.2992205454801162	0.05677131765732761	0.5759119857534233	0.5665831832102974	Kcna2/Ptgs1/Snca	3
GO:1902105	regulation of leukocyte differentiation	6/137	350/17474	0.017142857142857144	2.186527632950991	1.9932708562564758	0.057704208950656005	0.5759119857534233	0.5665831832102974	Rag1/Zfp608/Cd83/Dcstamp/Foxj1/Zfp36l2	6
GO:0006935	chemotaxis	7/137	439/17474	0.015945330296127564	2.0337861430257886	1.9500643603701142	0.05776194418480723	0.5759119857534233	0.5665831832102974	Fgf1/Scg2/Edn2/Flrt3/Saa3/Cxcl2/Hmgb2	7
GO:0090092	regulation of transmembrane receptor protein serine/threonine kinase signaling pathway	5/137	265/17474	0.018867924528301886	2.4065555708580084	2.0509688400272603	0.057770829721455016	0.5759119857534233	0.5665831832102974	Sap30/Spry2/Nrros/Cav2/Vasn	5
GO:0006720	isoprenoid metabolic process	3/137	112/17474	0.026785714285714284	3.4164494264859226	2.2805725524383376	0.05801172718696531	0.5759119857534233	0.5665831832102974	Ttr/Isx/Rdh5	3
GO:0008344	adult locomotory behavior	3/137	112/17474	0.026785714285714284	3.4164494264859226	2.2805725524383376	0.05801172718696531	0.5759119857534233	0.5665831832102974	Sez6/Snca/Nr4a2	3
GO:0042330	taxis	7/137	441/17474	0.015873015873015872	2.024562623102769	1.9371768809982655	0.05889833894698155	0.5759119857534233	0.5665831832102974	Fgf1/Scg2/Edn2/Flrt3/Saa3/Cxcl2/Hmgb2	7
GO:0009308	amine metabolic process	3/137	113/17474	0.02654867256637168	3.3862153607648082	2.2621350961121336	0.05926494206699543	0.5759119857534233	0.5665831832102974	Tdo2/Snca/Nr4a2	3
GO:0045580	regulation of T cell differentiation	4/137	188/17474	0.02127659574468085	2.7137754309675413	2.1001128397539657	0.06067285063127761	0.5759119857534233	0.5665831832102974	Rag1/Zfp608/Cd83/Foxj1	4
GO:0045859	regulation of protein kinase activity	7/137	448/17474	0.015625	1.9929288321167884	1.8925957547299397	0.06298456333334329	0.5759119857534233	0.5665831832102974	Fgf1/Spry2/Sez6/Heg1/Snca/Itgb1bp1/Sfrp5	7
GO:0055017	cardiac muscle tissue growth	3/137	116/17474	0.02586206896551724	3.298640825572615	2.208041928069711	0.06310069210515751	0.5759119857534233	0.5665831832102974	Fgf1/Fgf20/Heg1	3
GO:1903531	negative regulation of secretion by cell	4/137	191/17474	0.020942408376963352	2.671150685978523	2.0643331068760213	0.06355075367941085	0.5759119857534233	0.5665831832102974	Npvf/Edn2/Ptgs1/Snca	4
GO:0014075	response to amine	2/137	53/17474	0.03773584905660377	4.813111141716017	2.4713707702135523	0.06488309743553998	0.5759119857534233	0.5665831832102974	Cxcl2/Nr4a2	2
GO:0045581	negative regulation of T cell differentiation	2/137	53/17474	0.03773584905660377	4.813111141716017	2.4713707702135523	0.06488309743553998	0.5759119857534233	0.5665831832102974	Zfp608/Foxj1	2
GO:0045773	positive regulation of axon extension	2/137	53/17474	0.03773584905660377	4.813111141716017	2.4713707702135523	0.06488309743553998	0.5759119857534233	0.5665831832102974	Islr2/Dbn1	2
GO:0046189	phenol-containing compound biosynthetic process	2/137	53/17474	0.03773584905660377	4.813111141716017	2.4713707702135523	0.06488309743553998	0.5759119857534233	0.5665831832102974	Snca/Nr4a2	2
GO:0048738	cardiac muscle tissue development	5/137	276/17474	0.018115942028985508	2.310642124193378	1.9509976140869403	0.0663570428457276	0.5759119857534233	0.5665831832102974	Fgf1/Fgf20/Fzd7/Heg1/Zic3	5
GO:0060079	excitatory postsynaptic potential	3/137	119/17474	0.025210084033613446	3.2154818131632217	2.1556905029044042	0.06704902465590758	0.5759119857534233	0.5665831832102974	Dbn1/Sez6/Snca	3
GO:0006631	fatty acid metabolic process	7/137	455/17474	0.015384615384615385	1.962268388545761	1.8488085701990007	0.0672406533592223	0.5759119857534233	0.5665831832102974	Edn2/Dagla/Ptgs1/Snca/Acly/Oxsm/Scd1	7
GO:0042113	B cell activation	5/137	278/17474	0.017985611510791366	2.2940187995588928	1.9333314376417758	0.0679910520774887	0.5759119857534233	0.5665831832102974	Rag1/Tnfsf13/Shld1/Foxj1/Zfp36l2	5
GO:0071621	granulocyte chemotaxis	3/137	120/17474	0.025	3.1886861313868615	2.1386088511510297	0.06838979328293746	0.5759119857534233	0.5665831832102974	Scg2/Edn2/Cxcl2	3
GO:0010951	negative regulation of endopeptidase activity	2/137	55/17474	0.03636363636363636	4.638088918380889	2.4021498286147587	0.06922573378486423	0.5759119857534233	0.5665831832102974	Serpinb8/Serpinb1b	2
GO:0015872	dopamine transport	2/137	55/17474	0.03636363636363636	4.638088918380889	2.4021498286147587	0.06922573378486423	0.5759119857534233	0.5665831832102974	Kcna2/Snca	2
GO:0045933	positive regulation of muscle contraction	2/137	55/17474	0.03636363636363636	4.638088918380889	2.4021498286147587	0.06922573378486423	0.5759119857534233	0.5665831832102974	Edn2/Ptgs1	2
GO:0007626	locomotory behavior	5/137	281/17474	0.017793594306049824	2.269527495649012	1.9071132660085444	0.07048392347628263	0.5759119857534233	0.5665831832102974	Oprl1/Dbn1/Sez6/Snca/Nr4a2	5
GO:0014706	striated muscle tissue development	7/137	461/17474	0.015184381778741865	1.9367291036623018	1.8118868492016442	0.07102430813337691	0.5759119857534233	0.5665831832102974	Sap30/Fgf1/Fgf20/Fzd7/Cav2/Heg1/Zic3	7
GO:0002204	somatic recombination of immunoglobulin genes involved in immune response	2/137	56/17474	0.03571428571428571	4.5552659019812305	2.3687760612742674	0.07143209458635326	0.5759119857534233	0.5665831832102974	Tnfsf13/Shld1	2
GO:0002208	somatic diversification of immunoglobulins involved in immune response	2/137	56/17474	0.03571428571428571	4.5552659019812305	2.3687760612742674	0.07143209458635326	0.5759119857534233	0.5665831832102974	Tnfsf13/Shld1	2
GO:0045190	isotype switching	2/137	56/17474	0.03571428571428571	4.5552659019812305	2.3687760612742674	0.07143209458635326	0.5759119857534233	0.5665831832102974	Tnfsf13/Shld1	2
GO:0045599	negative regulation of fat cell differentiation	2/137	56/17474	0.03571428571428571	4.5552659019812305	2.3687760612742674	0.07143209458635326	0.5759119857534233	0.5665831832102974	Runx1t1/Zfp36l2	2
GO:0051348	negative regulation of transferase activity	4/137	201/17474	0.01990049751243781	2.5382576170243674	1.949845784636397	0.07365251345943354	0.5759119857534233	0.5665831832102974	Spry2/Heg1/Itgb1bp1/Sfrp5	4
GO:0060419	heart growth	3/137	124/17474	0.024193548387096774	3.085825288438898	2.072030190369786	0.07387402017614518	0.5759119857534233	0.5665831832102974	Fgf1/Fgf20/Heg1	3
GO:0015837	amine transport	3/137	125/17474	0.024	3.061138686131387	2.0558056022182725	0.07527495357575584	0.5759119857534233	0.5665831832102974	Kcna2/Ptgs1/Snca	3
GO:0000301	retrograde transport, vesicle recycling within Golgi	1/137	10/17474	0.1	12.754744525547446	3.305204845841011	0.07571195253579044	0.5759119857534233	0.5665831832102974	Cog5	1
GO:0002645	positive regulation of tolerance induction	1/137	10/17474	0.1	12.754744525547446	3.305204845841011	0.07571195253579044	0.5759119857534233	0.5665831832102974	Foxj1	1
GO:0006558	L-phenylalanine metabolic process	1/137	10/17474	0.1	12.754744525547446	3.305204845841011	0.07571195253579044	0.5759119857534233	0.5665831832102974	Hgd	1
GO:0010764	negative regulation of fibroblast migration	1/137	10/17474	0.1	12.754744525547446	3.305204845841011	0.07571195253579044	0.5759119857534233	0.5665831832102974	Itgb1bp1	1
GO:0015840	urea transport	1/137	10/17474	0.1	12.754744525547446	3.305204845841011	0.07571195253579044	0.5759119857534233	0.5665831832102974	Pou3f3	1
GO:0017085	response to insecticide	1/137	10/17474	0.1	12.754744525547446	3.305204845841011	0.07571195253579044	0.5759119857534233	0.5665831832102974	Nr4a2	1
GO:0019747	regulation of isoprenoid metabolic process	1/137	10/17474	0.1	12.754744525547446	3.305204845841011	0.07571195253579044	0.5759119857534233	0.5665831832102974	Isx	1
GO:0030049	muscle filament sliding	1/137	10/17474	0.1	12.754744525547446	3.305204845841011	0.07571195253579044	0.5759119857534233	0.5665831832102974	Dbn1	1
GO:0030718	germ-line stem cell population maintenance	1/137	10/17474	0.1	12.754744525547446	3.305204845841011	0.07571195253579044	0.5759119857534233	0.5665831832102974	Zic3	1
GO:0032277	negative regulation of gonadotropin secretion	1/137	10/17474	0.1	12.754744525547446	3.305204845841011	0.07571195253579044	0.5759119857534233	0.5665831832102974	Npvf	1
GO:0032769	negative regulation of monooxygenase activity	1/137	10/17474	0.1	12.754744525547446	3.305204845841011	0.07571195253579044	0.5759119857534233	0.5665831832102974	Snca	1
GO:0035581	sequestering of extracellular ligand from receptor	1/137	10/17474	0.1	12.754744525547446	3.305204845841011	0.07571195253579044	0.5759119857534233	0.5665831832102974	Nrros	1
GO:0045654	positive regulation of megakaryocyte differentiation	1/137	10/17474	0.1	12.754744525547446	3.305204845841011	0.07571195253579044	0.5759119857534233	0.5665831832102974	Hmgb2	1
GO:0045657	positive regulation of monocyte differentiation	1/137	10/17474	0.1	12.754744525547446	3.305204845841011	0.07571195253579044	0.5759119857534233	0.5665831832102974	Dcstamp	1
GO:0048318	axial mesoderm development	1/137	10/17474	0.1	12.754744525547446	3.305204845841011	0.07571195253579044	0.5759119857534233	0.5665831832102974	Zic3	1
GO:0060054	positive regulation of epithelial cell proliferation involved in wound healing	1/137	10/17474	0.1	12.754744525547446	3.305204845841011	0.07571195253579044	0.5759119857534233	0.5665831832102974	Fzd7	1
GO:0061684	chaperone-mediated autophagy	1/137	10/17474	0.1	12.754744525547446	3.305204845841011	0.07571195253579044	0.5759119857534233	0.5665831832102974	Snca	1
GO:0070189	kynurenine metabolic process	1/137	10/17474	0.1	12.754744525547446	3.305204845841011	0.07571195253579044	0.5759119857534233	0.5665831832102974	Tdo2	1
GO:0071374	cellular response to parathyroid hormone stimulus	1/137	10/17474	0.1	12.754744525547446	3.305204845841011	0.07571195253579044	0.5759119857534233	0.5665831832102974	Phex	1
GO:0072674	multinuclear osteoclast differentiation	1/137	10/17474	0.1	12.754744525547446	3.305204845841011	0.07571195253579044	0.5759119857534233	0.5665831832102974	Dcstamp	1
GO:0071709	membrane assembly	2/137	58/17474	0.034482758620689655	4.398187767430153	2.3043275300022317	0.07591244301112426	0.5759119857534233	0.5665831832102974	Cav2/Reep4	2
GO:0097106	postsynaptic density organization	2/137	58/17474	0.034482758620689655	4.398187767430153	2.3043275300022317	0.07591244301112426	0.5759119857534233	0.5665831832102974	Csmd2/Dbn1	2
GO:1902930	regulation of alcohol biosynthetic process	2/137	58/17474	0.034482758620689655	4.398187767430153	2.3043275300022317	0.07591244301112426	0.5759119857534233	0.5665831832102974	Fgf1/Snca	2
GO:0002639	positive regulation of immunoglobulin production	2/137	59/17474	0.03389830508474576	4.323642212049982	2.2731891787565255	0.07818546576959842	0.5759119857534233	0.5665831832102974	Tnfsf13/Shld1	2
GO:0009948	anterior/posterior axis specification	2/137	59/17474	0.03389830508474576	4.323642212049982	2.2731891787565255	0.07818546576959842	0.5759119857534233	0.5665831832102974	Zic3/Ripply2	2
GO:0035567	non-canonical Wnt signaling pathway	2/137	59/17474	0.03389830508474576	4.323642212049982	2.2731891787565255	0.07818546576959842	0.5759119857534233	0.5665831832102974	Fzd7/Sfrp5	2
GO:1900024	regulation of substrate adhesion-dependent cell spreading	2/137	59/17474	0.03389830508474576	4.323642212049982	2.2731891787565255	0.07818546576959842	0.5759119857534233	0.5665831832102974	Dbn1/Itgb1bp1	2
GO:0007389	pattern specification process	7/137	474/17474	0.014767932489451477	1.8836120607348545	1.733737698713333	0.07965204457764317	0.5759119857534233	0.5665831832102974	Fgf1/Lhx3/Zic3/Tgif1/Ift57/Foxj1/Ripply2	7
GO:0051346	negative regulation of hydrolase activity	3/137	129/17474	0.023255813953488372	2.9662196571040567	1.9924929073063382	0.08099565911125774	0.5759119857534233	0.5665831832102974	Spry2/Serpinb8/Serpinb1b	3
GO:0072009	nephron epithelium development	3/137	129/17474	0.023255813953488372	2.9662196571040567	1.9924929073063382	0.08099565911125774	0.5759119857534233	0.5665831832102974	Fgf1/Pou3f3/Foxj1	3
GO:0043549	regulation of kinase activity	7/137	478/17474	0.014644351464435146	1.8678496167119691	1.7101811314872548	0.08242494666600993	0.5759119857534233	0.5665831832102974	Fgf1/Spry2/Sez6/Heg1/Snca/Itgb1bp1/Sfrp5	7
GO:0006568	L-tryptophan metabolic process	1/137	11/17474	0.09090909090909091	11.595222295952222	3.124669123907692	0.08296272340744615	0.5759119857534233	0.5665831832102974	Tdo2	1
GO:0007270	neuron-neuron synaptic transmission	1/137	11/17474	0.09090909090909091	11.595222295952222	3.124669123907692	0.08296272340744615	0.5759119857534233	0.5665831832102974	Oprl1	1
GO:0007603	phototransduction, visible light	1/137	11/17474	0.09090909090909091	11.595222295952222	3.124669123907692	0.08296272340744615	0.5759119857534233	0.5665831832102974	Ttr	1
GO:0009223	pyrimidine deoxyribonucleotide catabolic process	1/137	11/17474	0.09090909090909091	11.595222295952222	3.124669123907692	0.08296272340744615	0.5759119857534233	0.5665831832102974	Dpys	1
GO:0021520	spinal cord motor neuron cell fate specification	1/137	11/17474	0.09090909090909091	11.595222295952222	3.124669123907692	0.08296272340744615	0.5759119857534233	0.5665831832102974	Lhx3	1
GO:0038003	G protein-coupled opioid receptor signaling pathway	1/137	11/17474	0.09090909090909091	11.595222295952222	3.124669123907692	0.08296272340744615	0.5759119857534233	0.5665831832102974	Oprl1	1
GO:0046035	CMP metabolic process	1/137	11/17474	0.09090909090909091	11.595222295952222	3.124669123907692	0.08296272340744615	0.5759119857534233	0.5665831832102974	Dpys	1
GO:0060159	regulation of dopamine receptor signaling pathway	1/137	11/17474	0.09090909090909091	11.595222295952222	3.124669123907692	0.08296272340744615	0.5759119857534233	0.5665831832102974	Cav2	1
GO:0072070	loop of Henle development	1/137	11/17474	0.09090909090909091	11.595222295952222	3.124669123907692	0.08296272340744615	0.5759119857534233	0.5665831832102974	Pou3f3	1
GO:0072488	ammonium transmembrane transport	1/137	11/17474	0.09090909090909091	11.595222295952222	3.124669123907692	0.08296272340744615	0.5759119857534233	0.5665831832102974	Aqp6	1
GO:0090269	fibroblast growth factor production	1/137	11/17474	0.09090909090909091	11.595222295952222	3.124669123907692	0.08296272340744615	0.5759119857534233	0.5665831832102974	Heg1	1
GO:0090270	regulation of fibroblast growth factor production	1/137	11/17474	0.09090909090909091	11.595222295952222	3.124669123907692	0.08296272340744615	0.5759119857534233	0.5665831832102974	Heg1	1
GO:0097011	cellular response to granulocyte macrophage colony-stimulating factor stimulus	1/137	11/17474	0.09090909090909091	11.595222295952222	3.124669123907692	0.08296272340744615	0.5759119857534233	0.5665831832102974	Zfp36l2	1
GO:0098700	neurotransmitter loading into synaptic vesicle	1/137	11/17474	0.09090909090909091	11.595222295952222	3.124669123907692	0.08296272340744615	0.5759119857534233	0.5665831832102974	Slc17a6	1
GO:0140507	granzyme-mediated programmed cell death signaling pathway	1/137	11/17474	0.09090909090909091	11.595222295952222	3.124669123907692	0.08296272340744615	0.5759119857534233	0.5665831832102974	Gzmn	1
GO:1900115	extracellular regulation of signal transduction	1/137	11/17474	0.09090909090909091	11.595222295952222	3.124669123907692	0.08296272340744615	0.5759119857534233	0.5665831832102974	Nrros	1
GO:1900116	extracellular negative regulation of signal transduction	1/137	11/17474	0.09090909090909091	11.595222295952222	3.124669123907692	0.08296272340744615	0.5759119857534233	0.5665831832102974	Nrros	1
GO:0019827	stem cell population maintenance	4/137	210/17474	0.01904761904761905	2.429475147723323	1.8525613129258791	0.08339980160416446	0.5759119857534233	0.5665831832102974	Sap30/Fzd7/Zic3/Zfp36l2	4
GO:1901890	positive regulation of cell junction assembly	3/137	131/17474	0.022900763358778626	2.9209338608123923	1.9617469915070411	0.08392498083794085	0.5759119857534233	0.5665831832102974	Flrt3/Slitrk2/Itgb1bp1	3
GO:0051048	negative regulation of secretion	4/137	211/17474	0.018957345971563982	2.4179610474971462	1.8420628349883057	0.08452035646653529	0.5759119857534233	0.5665831832102974	Npvf/Edn2/Ptgs1/Snca	4
GO:0006584	catecholamine metabolic process	2/137	62/17474	0.03225806451612903	4.11443371791853	2.183773821618639	0.08513026613473522	0.5759119857534233	0.5665831832102974	Snca/Nr4a2	2
GO:0009712	catechol-containing compound metabolic process	2/137	62/17474	0.03225806451612903	4.11443371791853	2.183773821618639	0.08513026613473522	0.5759119857534233	0.5665831832102974	Snca/Nr4a2	2
GO:0010812	negative regulation of cell-substrate adhesion	2/137	62/17474	0.03225806451612903	4.11443371791853	2.183773821618639	0.08513026613473522	0.5759119857534233	0.5665831832102974	Fzd7/Itgb1bp1	2
GO:0045620	negative regulation of lymphocyte differentiation	2/137	62/17474	0.03225806451612903	4.11443371791853	2.183773821618639	0.08513026613473522	0.5759119857534233	0.5665831832102974	Zfp608/Foxj1	2
GO:0051341	regulation of oxidoreductase activity	2/137	62/17474	0.03225806451612903	4.11443371791853	2.183773821618639	0.08513026613473522	0.5759119857534233	0.5665831832102974	Edn2/Snca	2
GO:0061005	cell differentiation involved in kidney development	2/137	62/17474	0.03225806451612903	4.11443371791853	2.183773821618639	0.08513026613473522	0.5759119857534233	0.5665831832102974	Pou3f3/Foxj1	2
GO:0098661	inorganic anion transmembrane transport	3/137	132/17474	0.022727272727272728	2.8988055739880556	1.9465919364747346	0.08540657517011253	0.5759119857534233	0.5665831832102974	Slc13a1/Aqp6/Slc17a6	3
GO:0099565	chemical synaptic transmission, postsynaptic	3/137	132/17474	0.022727272727272728	2.8988055739880556	1.9465919364747346	0.08540657517011253	0.5759119857534233	0.5665831832102974	Dbn1/Sez6/Snca	3
GO:0001933	negative regulation of protein phosphorylation	5/137	298/17474	0.016778523489932886	2.140057806299907	1.764538085083098	0.08554986686321048	0.5759119857534233	0.5665831832102974	Spry2/Heg1/Snca/Itgb1bp1/Sfrp5	5
GO:0043524	negative regulation of neuron apoptotic process	4/137	213/17474	0.018779342723004695	2.395257187896234	1.821244031023923	0.08678364995913747	0.5759119857534233	0.5665831832102974	Fgf20/Snca/Barhl1/Nr4a2	4
GO:0060537	muscle tissue development	7/137	485/17474	0.01443298969072165	1.8408909624501468	1.6694895057113126	0.08741097190831205	0.5759119857534233	0.5665831832102974	Sap30/Fgf1/Fgf20/Fzd7/Cav2/Heg1/Zic3	7
GO:0001947	heart looping	2/137	63/17474	0.031746031746031744	4.049125246205538	2.1552156314839337	0.08748557218828902	0.5759119857534233	0.5665831832102974	Zic3/Ift57	2
GO:0006693	prostaglandin metabolic process	2/137	63/17474	0.031746031746031744	4.049125246205538	2.1552156314839337	0.08748557218828902	0.5759119857534233	0.5665831832102974	Edn2/Ptgs1	2
GO:0099172	presynapse organization	2/137	63/17474	0.031746031746031744	4.049125246205538	2.1552156314839337	0.08748557218828902	0.5759119857534233	0.5665831832102974	Slitrk2/Snca	2
GO:0090090	negative regulation of canonical Wnt signaling pathway	3/137	134/17474	0.022388059701492536	2.8555398191524133	1.9167045712559472	0.08840318189057685	0.5759119857534233	0.5665831832102974	Amer2/Asb15/Sfrp5	3
GO:0001764	neuron migration	4/137	215/17474	0.018604651162790697	2.3729757256832453	1.800658361203427	0.0890763273001076	0.5759119857534233	0.5665831832102974	Nsmf/Auts2/Barhl1/Nr4a2	4
GO:0048639	positive regulation of developmental growth	4/137	215/17474	0.018604651162790697	2.3729757256832453	1.800658361203427	0.0890763273001076	0.5759119857534233	0.5665831832102974	Islr2/Dbn1/Rnf157/Cacna2d2	4
GO:0006692	prostanoid metabolic process	2/137	64/17474	0.03125	3.985857664233577	2.127241269609313	0.08986031011353031	0.5759119857534233	0.5665831832102974	Edn2/Ptgs1	2
GO:0003014	renal system process	3/137	135/17474	0.022222222222222223	2.834387672343877	1.9019672367862415	0.08991801280903072	0.5759119857534233	0.5665831832102974	Ttr/Oprl1/Aqp6	3
GO:0003097	renal water transport	1/137	12/17474	0.08333333333333333	10.628953771289536	2.966058962715786	0.09015702604119635	0.5759119857534233	0.5665831832102974	Aqp6	1
GO:0006107	oxaloacetate metabolic process	1/137	12/17474	0.08333333333333333	10.628953771289536	2.966058962715786	0.09015702604119635	0.5759119857534233	0.5665831832102974	Acly	1
GO:0010642	negative regulation of platelet-derived growth factor receptor signaling pathway	1/137	12/17474	0.08333333333333333	10.628953771289536	2.966058962715786	0.09015702604119635	0.5759119857534233	0.5665831832102974	Snca	1
GO:0014824	artery smooth muscle contraction	1/137	12/17474	0.08333333333333333	10.628953771289536	2.966058962715786	0.09015702604119635	0.5759119857534233	0.5665831832102974	Edn2	1
GO:0021527	spinal cord association neuron differentiation	1/137	12/17474	0.08333333333333333	10.628953771289536	2.966058962715786	0.09015702604119635	0.5759119857534233	0.5665831832102974	Lhx3	1
GO:0021604	cranial nerve structural organization	1/137	12/17474	0.08333333333333333	10.628953771289536	2.966058962715786	0.09015702604119635	0.5759119857534233	0.5665831832102974	Kcna2	1
GO:0033275	actin-myosin filament sliding	1/137	12/17474	0.08333333333333333	10.628953771289536	2.966058962715786	0.09015702604119635	0.5759119857534233	0.5665831832102974	Dbn1	1
GO:0044341	sodium-dependent phosphate transport	1/137	12/17474	0.08333333333333333	10.628953771289536	2.966058962715786	0.09015702604119635	0.5759119857534233	0.5665831832102974	Slc17a6	1
GO:0046073	dTMP metabolic process	1/137	12/17474	0.08333333333333333	10.628953771289536	2.966058962715786	0.09015702604119635	0.5759119857534233	0.5665831832102974	Dpys	1
GO:0060013	righting reflex	1/137	12/17474	0.08333333333333333	10.628953771289536	2.966058962715786	0.09015702604119635	0.5759119857534233	0.5665831832102974	Auts2	1
GO:0060579	ventral spinal cord interneuron fate commitment	1/137	12/17474	0.08333333333333333	10.628953771289536	2.966058962715786	0.09015702604119635	0.5759119857534233	0.5665831832102974	Lhx3	1
GO:0060581	cell fate commitment involved in pattern specification	1/137	12/17474	0.08333333333333333	10.628953771289536	2.966058962715786	0.09015702604119635	0.5759119857534233	0.5665831832102974	Lhx3	1
GO:0070244	negative regulation of thymocyte apoptotic process	1/137	12/17474	0.08333333333333333	10.628953771289536	2.966058962715786	0.09015702604119635	0.5759119857534233	0.5665831832102974	Rag1	1
GO:0072017	distal tubule development	1/137	12/17474	0.08333333333333333	10.628953771289536	2.966058962715786	0.09015702604119635	0.5759119857534233	0.5665831832102974	Pou3f3	1
GO:0090009	primitive streak formation	1/137	12/17474	0.08333333333333333	10.628953771289536	2.966058962715786	0.09015702604119635	0.5759119857534233	0.5665831832102974	Zic3	1
GO:0097012	response to granulocyte macrophage colony-stimulating factor	1/137	12/17474	0.08333333333333333	10.628953771289536	2.966058962715786	0.09015702604119635	0.5759119857534233	0.5665831832102974	Zfp36l2	1
GO:0097119	postsynaptic density protein 95 clustering	1/137	12/17474	0.08333333333333333	10.628953771289536	2.966058962715786	0.09015702604119635	0.5759119857534233	0.5665831832102974	Dbn1	1
GO:0098911	regulation of ventricular cardiac muscle cell action potential	1/137	12/17474	0.08333333333333333	10.628953771289536	2.966058962715786	0.09015702604119635	0.5759119857534233	0.5665831832102974	Dsc2	1
GO:1900747	negative regulation of vascular endothelial growth factor signaling pathway	1/137	12/17474	0.08333333333333333	10.628953771289536	2.966058962715786	0.09015702604119635	0.5759119857534233	0.5665831832102974	Spry2	1
GO:1905208	negative regulation of cardiocyte differentiation	1/137	12/17474	0.08333333333333333	10.628953771289536	2.966058962715786	0.09015702604119635	0.5759119857534233	0.5665831832102974	Fzd7	1
GO:0006906	vesicle fusion	3/137	136/17474	0.022058823529411766	2.8135465865178193	1.887364224263323	0.09144374011399359	0.5759119857534233	0.5665831832102974	Cav2/Snca/Snph	3
GO:0015695	organic cation transport	3/137	136/17474	0.022058823529411766	2.8135465865178193	1.887364224263323	0.09144374011399359	0.5759119857534233	0.5665831832102974	Slc6a6/Ptgs1/Snca	3
GO:0016447	somatic recombination of immunoglobulin gene segments	2/137	65/17474	0.03076923076923077	3.924536777091522	2.0998288595273045	0.09225403589614632	0.5759119857534233	0.5665831832102974	Tnfsf13/Shld1	2
GO:0060038	cardiac muscle cell proliferation	2/137	65/17474	0.03076923076923077	3.924536777091522	2.0998288595273045	0.09225403589614632	0.5759119857534233	0.5665831832102974	Fgf1/Fgf20	2
GO:0072348	sulfur compound transport	2/137	65/17474	0.03076923076923077	3.924536777091522	2.0998288595273045	0.09225403589614632	0.5759119857534233	0.5665831832102974	Slc13a1/Slc6a6	2
GO:0098727	maintenance of cell number	4/137	218/17474	0.01834862385321101	2.340320096430724	1.7702057925773214	0.09256991143340117	0.5759119857534233	0.5665831832102974	Sap30/Fzd7/Zic3/Zfp36l2	4
GO:0050868	negative regulation of T cell activation	3/137	137/17474	0.021897810218978103	2.7930097501198787	1.8728931775000992	0.09298027159924083	0.5759119857534233	0.5665831832102974	Zfp608/Cd276/Foxj1	3
GO:0090174	organelle membrane fusion	3/137	138/17474	0.021739130434782608	2.7727705490320536	1.8585517990753695	0.09452751451421265	0.5759119857534233	0.5665831832102974	Cav2/Snca/Snph	3
GO:0032663	regulation of interleukin-2 production	2/137	66/17474	0.030303030303030304	3.865074098650741	2.07295767403839	0.09466631119733679	0.5759119857534233	0.5665831832102974	Cd83/Cd276	2
GO:0051058	negative regulation of small GTPase mediated signal transduction	2/137	66/17474	0.030303030303030304	3.865074098650741	2.07295767403839	0.09466631119733679	0.5759119857534233	0.5665831832102974	Spry2/Heg1	2
GO:0050773	regulation of dendrite development	3/137	139/17474	0.02158273381294964	2.752822559470672	1.8443378484477873	0.09608537558791407	0.5759119857534233	0.5665831832102974	Nsmf/Dbn1/Sez6	3
GO:0007162	negative regulation of cell adhesion	5/137	309/17474	0.016181229773462782	2.0638745186969976	1.677276994787878	0.0961341289179964	0.5759119857534233	0.5665831832102974	Fzd7/Zfp608/Itgb1bp1/Cd276/Foxj1	5
GO:0044091	membrane biogenesis	2/137	67/17474	0.029850746268656716	3.8073864255365506	2.046608058302481	0.09709670329320118	0.5759119857534233	0.5665831832102974	Cav2/Reep4	2
GO:0000012	single strand break repair	1/137	13/17474	0.07692307692307693	9.811341942728804	2.8251155963110484	0.0972952969971207	0.5759119857534233	0.5665831832102974	Ercc8	1
GO:0001840	neural plate development	1/137	13/17474	0.07692307692307693	9.811341942728804	2.8251155963110484	0.0972952969971207	0.5759119857534233	0.5665831832102974	Zic3	1
GO:0002713	negative regulation of B cell mediated immunity	1/137	13/17474	0.07692307692307693	9.811341942728804	2.8251155963110484	0.0972952969971207	0.5759119857534233	0.5665831832102974	Foxj1	1
GO:0002890	negative regulation of immunoglobulin mediated immune response	1/137	13/17474	0.07692307692307693	9.811341942728804	2.8251155963110484	0.0972952969971207	0.5759119857534233	0.5665831832102974	Foxj1	1
GO:0006244	pyrimidine nucleotide catabolic process	1/137	13/17474	0.07692307692307693	9.811341942728804	2.8251155963110484	0.0972952969971207	0.5759119857534233	0.5665831832102974	Dpys	1
GO:0006586	indolalkylamine metabolic process	1/137	13/17474	0.07692307692307693	9.811341942728804	2.8251155963110484	0.0972952969971207	0.5759119857534233	0.5665831832102974	Tdo2	1
GO:0032525	somite rostral/caudal axis specification	1/137	13/17474	0.07692307692307693	9.811341942728804	2.8251155963110484	0.0972952969971207	0.5759119857534233	0.5665831832102974	Ripply2	1
GO:0033327	Leydig cell differentiation	1/137	13/17474	0.07692307692307693	9.811341942728804	2.8251155963110484	0.0972952969971207	0.5759119857534233	0.5665831832102974	Dhh	1
GO:0034163	regulation of toll-like receptor 9 signaling pathway	1/137	13/17474	0.07692307692307693	9.811341942728804	2.8251155963110484	0.0972952969971207	0.5759119857534233	0.5665831832102974	Cd300ld3	1
GO:0035810	positive regulation of urine volume	1/137	13/17474	0.07692307692307693	9.811341942728804	2.8251155963110484	0.0972952969971207	0.5759119857534233	0.5665831832102974	Oprl1	1
GO:0044857	plasma membrane raft organization	1/137	13/17474	0.07692307692307693	9.811341942728804	2.8251155963110484	0.0972952969971207	0.5759119857534233	0.5665831832102974	Cav2	1
GO:0048241	epinephrine transport	1/137	13/17474	0.07692307692307693	9.811341942728804	2.8251155963110484	0.0972952969971207	0.5759119857534233	0.5665831832102974	Ptgs1	1
GO:0048845	venous blood vessel morphogenesis	1/137	13/17474	0.07692307692307693	9.811341942728804	2.8251155963110484	0.0972952969971207	0.5759119857534233	0.5665831832102974	Heg1	1
GO:0051589	negative regulation of neurotransmitter transport	1/137	13/17474	0.07692307692307693	9.811341942728804	2.8251155963110484	0.0972952969971207	0.5759119857534233	0.5665831832102974	Snca	1
GO:0070493	thrombin-activated receptor signaling pathway	1/137	13/17474	0.07692307692307693	9.811341942728804	2.8251155963110484	0.0972952969971207	0.5759119857534233	0.5665831832102974	Snca	1
GO:0070986	left/right axis specification	1/137	13/17474	0.07692307692307693	9.811341942728804	2.8251155963110484	0.0972952969971207	0.5759119857534233	0.5665831832102974	Zic3	1
GO:0071107	response to parathyroid hormone	1/137	13/17474	0.07692307692307693	9.811341942728804	2.8251155963110484	0.0972952969971207	0.5759119857534233	0.5665831832102974	Phex	1
GO:0071257	cellular response to electrical stimulus	1/137	13/17474	0.07692307692307693	9.811341942728804	2.8251155963110484	0.0972952969971207	0.5759119857534233	0.5665831832102974	Nsmf	1
GO:0098828	modulation of inhibitory postsynaptic potential	1/137	13/17474	0.07692307692307693	9.811341942728804	2.8251155963110484	0.0972952969971207	0.5759119857534233	0.5665831832102974	Dbn1	1
GO:0098917	retrograde trans-synaptic signaling	1/137	13/17474	0.07692307692307693	9.811341942728804	2.8251155963110484	0.0972952969971207	0.5759119857534233	0.5665831832102974	Dagla	1
GO:0099541	trans-synaptic signaling by lipid	1/137	13/17474	0.07692307692307693	9.811341942728804	2.8251155963110484	0.0972952969971207	0.5759119857534233	0.5665831832102974	Dagla	1
GO:0099542	trans-synaptic signaling by endocannabinoid	1/137	13/17474	0.07692307692307693	9.811341942728804	2.8251155963110484	0.0972952969971207	0.5759119857534233	0.5665831832102974	Dagla	1
GO:1900153	positive regulation of nuclear-transcribed mRNA catabolic process, deadenylation-dependent decay	1/137	13/17474	0.07692307692307693	9.811341942728804	2.8251155963110484	0.0972952969971207	0.5759119857534233	0.5665831832102974	Zfp36l2	1
GO:1903251	multi-ciliated epithelial cell differentiation	1/137	13/17474	0.07692307692307693	9.811341942728804	2.8251155963110484	0.0972952969971207	0.5759119857534233	0.5665831832102974	Foxj1	1
GO:1904383	response to sodium phosphate	1/137	13/17474	0.07692307692307693	9.811341942728804	2.8251155963110484	0.0972952969971207	0.5759119857534233	0.5665831832102974	Phex	1
GO:2000822	regulation of behavioral fear response	1/137	13/17474	0.07692307692307693	9.811341942728804	2.8251155963110484	0.0972952969971207	0.5759119857534233	0.5665831832102974	Rag1	1
GO:0008217	regulation of blood pressure	4/137	222/17474	0.018018018018018018	2.2981521667653055	1.7303717352048242	0.0973285693130814	0.5759119857534233	0.5665831832102974	Ttr/Edn2/Oprl1/Ptgs1	4
GO:0098656	monoatomic anion transmembrane transport	3/137	140/17474	0.02142857142857143	2.733159541188738	1.8302491401435472	0.09765376105240609	0.5759119857534233	0.5665831832102974	Slc13a1/Aqp6/Slc17a6	3
GO:0016064	immunoglobulin mediated immune response	3/137	141/17474	0.02127659574468085	2.7137754309675413	1.8162835420144143	0.09923257666589289	0.5759119857534233	0.5665831832102974	Tnfsf13/Shld1/Foxj1	3
GO:0002381	immunoglobulin production involved in immunoglobulin-mediated immune response	2/137	68/17474	0.029411764705882353	3.751395448690425	2.0207613591445717	0.09954478501471731	0.5759119857534233	0.5665831832102974	Tnfsf13/Shld1	2
GO:0006940	regulation of smooth muscle contraction	2/137	68/17474	0.029411764705882353	3.751395448690425	2.0207613591445717	0.09954478501471731	0.5759119857534233	0.5665831832102974	Edn2/Ptgs1	2
GO:0060999	positive regulation of dendritic spine development	2/137	68/17474	0.029411764705882353	3.751395448690425	2.0207613591445717	0.09954478501471731	0.5759119857534233	0.5665831832102974	Dbn1/Foxo6	2
GO:0061371	determination of heart left/right asymmetry	2/137	68/17474	0.029411764705882353	3.751395448690425	2.0207613591445717	0.09954478501471731	0.5759119857534233	0.5665831832102974	Zic3/Ift57	2
GO:0006303	double-strand break repair via nonhomologous end joining	2/137	69/17474	0.028985507246376812	3.6970273987094044	1.9953998599889728	0.10201013468830471	0.5759119857534233	0.5665831832102974	Ercc8/Shld1	2
GO:0045744	negative regulation of G protein-coupled receptor signaling pathway	2/137	69/17474	0.028985507246376812	3.6970273987094044	1.9953998599889728	0.10201013468830471	0.5759119857534233	0.5665831832102974	Oprl1/Snca	2
GO:0043547	positive regulation of GTPase activity	3/137	143/17474	0.02097902097902098	2.6758205298351285	1.7887134043314237	0.10242111913912672	0.5759119857534233	0.5665831832102974	Cav2/Rgs16/Foxj1	3
GO:0046394	carboxylic acid biosynthetic process	5/137	316/17474	0.015822784810126583	2.018155779358773	1.623609141164278	0.10320231441756304	0.5759119857534233	0.5665831832102974	Edn2/Ptgs1/Acly/Oxsm/Scd1	5
GO:0043523	regulation of neuron apoptotic process	5/137	317/17474	0.015772870662460567	2.0117893573418684	1.616054897938653	0.10423280658724848	0.5759119857534233	0.5665831832102974	Nsmf/Fgf20/Snca/Barhl1/Nr4a2	5
GO:0001765	membrane raft assembly	1/137	14/17474	0.07142857142857142	9.110531803962461	2.6986606544669787	0.10437796948503086	0.5759119857534233	0.5665831832102974	Cav2	1
GO:0003093	regulation of glomerular filtration	1/137	14/17474	0.07142857142857142	9.110531803962461	2.6986606544669787	0.10437796948503086	0.5759119857534233	0.5665831832102974	Ttr	1
GO:0009584	detection of visible light	1/137	14/17474	0.07142857142857142	9.110531803962461	2.6986606544669787	0.10437796948503086	0.5759119857534233	0.5665831832102974	Ttr	1
GO:0014820	tonic smooth muscle contraction	1/137	14/17474	0.07142857142857142	9.110531803962461	2.6986606544669787	0.10437796948503086	0.5759119857534233	0.5665831832102974	Edn2	1
GO:0015670	carbon dioxide transport	1/137	14/17474	0.07142857142857142	9.110531803962461	2.6986606544669787	0.10437796948503086	0.5759119857534233	0.5665831832102974	Aqp6	1
GO:0021514	ventral spinal cord interneuron differentiation	1/137	14/17474	0.07142857142857142	9.110531803962461	2.6986606544669787	0.10437796948503086	0.5759119857534233	0.5665831832102974	Lhx3	1
GO:0021984	adenohypophysis development	1/137	14/17474	0.07142857142857142	9.110531803962461	2.6986606544669787	0.10437796948503086	0.5759119857534233	0.5665831832102974	Lhx3	1
GO:0031915	positive regulation of synaptic plasticity	1/137	14/17474	0.07142857142857142	9.110531803962461	2.6986606544669787	0.10437796948503086	0.5759119857534233	0.5665831832102974	Dbn1	1
GO:0038092	nodal signaling pathway	1/137	14/17474	0.07142857142857142	9.110531803962461	2.6986606544669787	0.10437796948503086	0.5759119857534233	0.5665831832102974	Tgif1	1
GO:0043508	negative regulation of JUN kinase activity	1/137	14/17474	0.07142857142857142	9.110531803962461	2.6986606544669787	0.10437796948503086	0.5759119857534233	0.5665831832102974	Sfrp5	1
GO:0043951	negative regulation of cAMP-mediated signaling	1/137	14/17474	0.07142857142857142	9.110531803962461	2.6986606544669787	0.10437796948503086	0.5759119857534233	0.5665831832102974	Oprl1	1
GO:0046049	UMP metabolic process	1/137	14/17474	0.07142857142857142	9.110531803962461	2.6986606544669787	0.10437796948503086	0.5759119857534233	0.5665831832102974	Dpys	1
GO:0048385	regulation of retinoic acid receptor signaling pathway	1/137	14/17474	0.07142857142857142	9.110531803962461	2.6986606544669787	0.10437796948503086	0.5759119857534233	0.5665831832102974	Tgif1	1
GO:0048733	sebaceous gland development	1/137	14/17474	0.07142857142857142	9.110531803962461	2.6986606544669787	0.10437796948503086	0.5759119857534233	0.5665831832102974	Scd1	1
GO:0051610	serotonin uptake	1/137	14/17474	0.07142857142857142	9.110531803962461	2.6986606544669787	0.10437796948503086	0.5759119857534233	0.5665831832102974	Snca	1
GO:0060816	random inactivation of X chromosome	1/137	14/17474	0.07142857142857142	9.110531803962461	2.6986606544669787	0.10437796948503086	0.5759119857534233	0.5665831832102974	Pcgf5	1
GO:0071280	cellular response to copper ion	1/137	14/17474	0.07142857142857142	9.110531803962461	2.6986606544669787	0.10437796948503086	0.5759119857534233	0.5665831832102974	Snca	1
GO:0072310	glomerular epithelial cell development	1/137	14/17474	0.07142857142857142	9.110531803962461	2.6986606544669787	0.10437796948503086	0.5759119857534233	0.5665831832102974	Foxj1	1
GO:0090036	regulation of protein kinase C signaling	1/137	14/17474	0.07142857142857142	9.110531803962461	2.6986606544669787	0.10437796948503086	0.5759119857534233	0.5665831832102974	Sez6	1
GO:1900025	negative regulation of substrate adhesion-dependent cell spreading	1/137	14/17474	0.07142857142857142	9.110531803962461	2.6986606544669787	0.10437796948503086	0.5759119857534233	0.5665831832102974	Itgb1bp1	1
GO:1902548	negative regulation of cellular response to vascular endothelial growth factor stimulus	1/137	14/17474	0.07142857142857142	9.110531803962461	2.6986606544669787	0.10437796948503086	0.5759119857534233	0.5665831832102974	Spry2	1
GO:1903365	regulation of fear response	1/137	14/17474	0.07142857142857142	9.110531803962461	2.6986606544669787	0.10437796948503086	0.5759119857534233	0.5665831832102974	Rag1	1
GO:2000347	positive regulation of hepatocyte proliferation	1/137	14/17474	0.07142857142857142	9.110531803962461	2.6986606544669787	0.10437796948503086	0.5759119857534233	0.5665831832102974	Fgf1	1
GO:0003143	embryonic heart tube morphogenesis	2/137	70/17474	0.02857142857142857	3.644212721584984	1.9705067208993026	0.10449233607696648	0.5759119857534233	0.5665831832102974	Zic3/Ift57	2
GO:0042326	negative regulation of phosphorylation	5/137	318/17474	0.015723270440251572	2.005462975715007	1.6085281727265084	0.10526843841756366	0.5759119857534233	0.5665831832102974	Spry2/Heg1/Snca/Itgb1bp1/Sfrp5	5
GO:0019724	B cell mediated immunity	3/137	145/17474	0.020689655172413793	2.638912660458092	1.7616113826596282	0.10565024044852551	0.5759119857534233	0.5665831832102974	Tnfsf13/Shld1/Foxj1	3
GO:0016445	somatic diversification of immunoglobulins	2/137	71/17474	0.028169014084507043	3.592885781844351	1.9460659232567399	0.10699097832200773	0.5759119857534233	0.5665831832102974	Tnfsf13/Shld1	2
GO:0045185	maintenance of protein location	2/137	71/17474	0.028169014084507043	3.592885781844351	1.9460659232567399	0.10699097832200773	0.5759119857534233	0.5665831832102974	Nrros/Dbn1	2
GO:0170041	non-proteinogenic amino acid metabolic process	2/137	71/17474	0.028169014084507043	3.592885781844351	1.9460659232567399	0.10699097832200773	0.5759119857534233	0.5665831832102974	Dpys/Tdo2	2
GO:0002520	immune system development	4/137	230/17474	0.017391304347826087	2.2182164392256425	1.6532038734154133	0.10718267577044958	0.5759119857534233	0.5665831832102974	Rag1/Tnfsf13/Shld1/Foxj1	4
GO:0006690	icosanoid metabolic process	3/137	146/17474	0.02054794520547945	2.6208379162083792	1.7482311058478937	0.10727977816145332	0.5759119857534233	0.5665831832102974	Edn2/Dagla/Ptgs1	3
GO:0016053	organic acid biosynthetic process	5/137	320/17474	0.015625	1.9929288321167884	1.5935564607154835	0.10735505418137126	0.5759119857534233	0.5665831832102974	Edn2/Ptgs1/Acly/Oxsm/Scd1	5
GO:0051251	positive regulation of lymphocyte activation	5/137	322/17474	0.015527950310559006	1.9805503921657523	1.5786923955172545	0.10946202561830755	0.5759119857534233	0.5665831832102974	Rag1/Tnfsf13/Cd83/Cd276/Shld1	5
GO:0099084	postsynaptic specialization organization	2/137	72/17474	0.027777777777777776	3.5429845904298456	1.9220622186577743	0.10950565588532059	0.5759119857534233	0.5665831832102974	Csmd2/Dbn1	2
GO:0170040	proteinogenic amino acid catabolic process	2/137	72/17474	0.027777777777777776	3.5429845904298456	1.9220622186577743	0.10950565588532059	0.5759119857534233	0.5665831832102974	Hgd/Tdo2	2
GO:0001542	ovulation from ovarian follicle	1/137	15/17474	0.06666666666666667	8.50316301703163	2.5842669693367197	0.11140547338998796	0.5759119857534233	0.5665831832102974	Edn2	1
GO:0006206	pyrimidine nucleobase metabolic process	1/137	15/17474	0.06666666666666667	8.50316301703163	2.5842669693367197	0.11140547338998796	0.5759119857534233	0.5665831832102974	Dpys	1
GO:0009173	pyrimidine ribonucleoside monophosphate metabolic process	1/137	15/17474	0.06666666666666667	8.50316301703163	2.5842669693367197	0.11140547338998796	0.5759119857534233	0.5665831832102974	Dpys	1
GO:0009176	pyrimidine deoxyribonucleoside monophosphate metabolic process	1/137	15/17474	0.06666666666666667	8.50316301703163	2.5842669693367197	0.11140547338998796	0.5759119857534233	0.5665831832102974	Dpys	1
GO:0010172	embryonic body morphogenesis	1/137	15/17474	0.06666666666666667	8.50316301703163	2.5842669693367197	0.11140547338998796	0.5759119857534233	0.5665831832102974	Mab21l2	1
GO:0030238	male sex determination	1/137	15/17474	0.06666666666666667	8.50316301703163	2.5842669693367197	0.11140547338998796	0.5759119857534233	0.5665831832102974	Dhh	1
GO:0031115	negative regulation of microtubule polymerization	1/137	15/17474	0.06666666666666667	8.50316301703163	2.5842669693367197	0.11140547338998796	0.5759119857534233	0.5665831832102974	Snca	1
GO:0045188	regulation of circadian sleep/wake cycle, non-REM sleep	1/137	15/17474	0.06666666666666667	8.50316301703163	2.5842669693367197	0.11140547338998796	0.5759119857534233	0.5665831832102974	Kcna2	1
GO:0045542	positive regulation of cholesterol biosynthetic process	1/137	15/17474	0.06666666666666667	8.50316301703163	2.5842669693367197	0.11140547338998796	0.5759119857534233	0.5665831832102974	Fgf1	1
GO:0046459	short-chain fatty acid metabolic process	1/137	15/17474	0.06666666666666667	8.50316301703163	2.5842669693367197	0.11140547338998796	0.5759119857534233	0.5665831832102974	Oxsm	1
GO:0046462	monoacylglycerol metabolic process	1/137	15/17474	0.06666666666666667	8.50316301703163	2.5842669693367197	0.11140547338998796	0.5759119857534233	0.5665831832102974	Dagla	1
GO:0050930	induction of positive chemotaxis	1/137	15/17474	0.06666666666666667	8.50316301703163	2.5842669693367197	0.11140547338998796	0.5759119857534233	0.5665831832102974	Scg2	1
GO:0051451	myoblast migration	1/137	15/17474	0.06666666666666667	8.50316301703163	2.5842669693367197	0.11140547338998796	0.5759119857534233	0.5665831832102974	Itgb1bp1	1
GO:0071103	DNA conformation change	1/137	15/17474	0.06666666666666667	8.50316301703163	2.5842669693367197	0.11140547338998796	0.5759119857534233	0.5665831832102974	Hmgb2	1
GO:0086069	bundle of His cell to Purkinje myocyte communication	1/137	15/17474	0.06666666666666667	8.50316301703163	2.5842669693367197	0.11140547338998796	0.5759119857534233	0.5665831832102974	Dsc2	1
GO:0097264	self proteolysis	1/137	15/17474	0.06666666666666667	8.50316301703163	2.5842669693367197	0.11140547338998796	0.5759119857534233	0.5665831832102974	Dhh	1
GO:0106120	positive regulation of sterol biosynthetic process	1/137	15/17474	0.06666666666666667	8.50316301703163	2.5842669693367197	0.11140547338998796	0.5759119857534233	0.5665831832102974	Fgf1	1
GO:1902358	sulfate transmembrane transport	1/137	15/17474	0.06666666666666667	8.50316301703163	2.5842669693367197	0.11140547338998796	0.5759119857534233	0.5665831832102974	Slc13a1	1
GO:0048512	circadian behavior	2/137	73/17474	0.0273972602739726	3.4944505549445055	1.8984810816557554	0.11203596849223489	0.5759119857534233	0.5665831832102974	Oprl1/Kcna2	2
GO:0170035	L-amino acid catabolic process	2/137	73/17474	0.0273972602739726	3.4944505549445055	1.8984810816557554	0.11203596849223489	0.5759119857534233	0.5665831832102974	Hgd/Tdo2	2
GO:1903038	negative regulation of leukocyte cell-cell adhesion	3/137	149/17474	0.020134228187919462	2.568069367559888	1.7087511934652442	0.11222713916028866	0.5759119857534233	0.5665831832102974	Zfp608/Cd276/Foxj1	3
GO:0006638	neutral lipid metabolic process	3/137	150/17474	0.02	2.550948905109489	1.695805658120221	0.11389551797228235	0.5759119857534233	0.5665831832102974	Dagla/Snca/Scd1	3
GO:0010466	negative regulation of peptidase activity	2/137	74/17474	0.02702702702702703	3.4472282501479583	1.875308666008657	0.11458152107492621	0.5759119857534233	0.5665831832102974	Serpinb8/Serpinb1b	2
GO:0032623	interleukin-2 production	2/137	74/17474	0.02702702702702703	3.4472282501479583	1.875308666008657	0.11458152107492621	0.5759119857534233	0.5665831832102974	Cd83/Cd276	2
GO:0045669	positive regulation of osteoblast differentiation	2/137	74/17474	0.02702702702702703	3.4472282501479583	1.875308666008657	0.11458152107492621	0.5759119857534233	0.5665831832102974	Pdlim7/Cd276	2
GO:0052548	regulation of endopeptidase activity	2/137	74/17474	0.02702702702702703	3.4472282501479583	1.875308666008657	0.11458152107492621	0.5759119857534233	0.5665831832102974	Serpinb8/Serpinb1b	2
GO:0097530	granulocyte migration	3/137	151/17474	0.019867549668874173	2.5340552037511483	1.6829645054793074	0.1155733632543802	0.5759119857534233	0.5665831832102974	Scg2/Edn2/Cxcl2	3
GO:0051865	protein autoubiquitination	2/137	75/17474	0.02666666666666667	3.4012652068126523	1.8525317641292502	0.11714192371637816	0.5759119857534233	0.5665831832102974	Rag1/Ercc8	2
GO:0098926	postsynaptic signal transduction	2/137	75/17474	0.02666666666666667	3.4012652068126523	1.8525317641292502	0.11714192371637816	0.5759119857534233	0.5665831832102974	Nsmf/Ly6g6d	2
GO:0043405	regulation of MAP kinase activity	3/137	152/17474	0.019736842105263157	2.5173837879369954	1.670226092217994	0.11726057696593013	0.5759119857534233	0.5665831832102974	Fgf1/Spry2/Sfrp5	3
GO:0001886	endothelial cell morphogenesis	1/137	16/17474	0.0625	7.971715328467154	2.48004430689926	0.11837823529763292	0.5759119857534233	0.5665831832102974	Heg1	1
GO:0001921	positive regulation of receptor recycling	1/137	16/17474	0.0625	7.971715328467154	2.48004430689926	0.11837823529763292	0.5759119857534233	0.5665831832102974	Snca	1
GO:0007252	I-kappaB phosphorylation	1/137	16/17474	0.0625	7.971715328467154	2.48004430689926	0.11837823529763292	0.5759119857534233	0.5665831832102974	Saa3	1
GO:0009435	NAD biosynthetic process	1/137	16/17474	0.0625	7.971715328467154	2.48004430689926	0.11837823529763292	0.5759119857534233	0.5665831832102974	Nmrk1	1
GO:0010454	negative regulation of cell fate commitment	1/137	16/17474	0.0625	7.971715328467154	2.48004430689926	0.11837823529763292	0.5759119857534233	0.5665831832102974	Fzd7	1
GO:0032276	regulation of gonadotropin secretion	1/137	16/17474	0.0625	7.971715328467154	2.48004430689926	0.11837823529763292	0.5759119857534233	0.5665831832102974	Npvf	1
GO:0035720	intraciliary anterograde transport	1/137	16/17474	0.0625	7.971715328467154	2.48004430689926	0.11837823529763292	0.5759119857534233	0.5665831832102974	Ift57	1
GO:0035881	amacrine cell differentiation	1/137	16/17474	0.0625	7.971715328467154	2.48004430689926	0.11837823529763292	0.5759119857534233	0.5665831832102974	Tgif1	1
GO:0042748	circadian sleep/wake cycle, non-REM sleep	1/137	16/17474	0.0625	7.971715328467154	2.48004430689926	0.11837823529763292	0.5759119857534233	0.5665831832102974	Kcna2	1
GO:0051895	negative regulation of focal adhesion assembly	1/137	16/17474	0.0625	7.971715328467154	2.48004430689926	0.11837823529763292	0.5759119857534233	0.5665831832102974	Itgb1bp1	1
GO:0060026	convergent extension	1/137	16/17474	0.0625	7.971715328467154	2.48004430689926	0.11837823529763292	0.5759119857534233	0.5665831832102974	Sfrp5	1
GO:0060732	positive regulation of inositol phosphate biosynthetic process	1/137	16/17474	0.0625	7.971715328467154	2.48004430689926	0.11837823529763292	0.5759119857534233	0.5665831832102974	Snca	1
GO:0060979	vasculogenesis involved in coronary vascular morphogenesis	1/137	16/17474	0.0625	7.971715328467154	2.48004430689926	0.11837823529763292	0.5759119857534233	0.5665831832102974	Fgf1	1
GO:0090136	epithelial cell-cell adhesion	1/137	16/17474	0.0625	7.971715328467154	2.48004430689926	0.11837823529763292	0.5759119857534233	0.5665831832102974	Serpinb8	1
GO:0099527	postsynapse to nucleus signaling pathway	1/137	16/17474	0.0625	7.971715328467154	2.48004430689926	0.11837823529763292	0.5759119857534233	0.5665831832102974	Nsmf	1
GO:0150118	negative regulation of cell-substrate junction organization	1/137	16/17474	0.0625	7.971715328467154	2.48004430689926	0.11837823529763292	0.5759119857534233	0.5665831832102974	Itgb1bp1	1
GO:0007622	rhythmic behavior	2/137	76/17474	0.02631578947368421	3.3565117172493273	1.8301377694638912	0.11971679159489249	0.5759119857534233	0.5665831832102974	Oprl1/Kcna2	2
GO:0070371	ERK1 and ERK2 cascade	5/137	333/17474	0.015015015015015015	1.9151268056377544	1.498795441373316	0.12140780126965663	0.5759119857534233	0.5665831832102974	Fgf1/Spry2/Fgf20/Itgb1bp1/Zfp36l2	5
GO:0019369	arachidonate metabolic process	2/137	77/17474	0.025974025974025976	3.3129206559863498	1.8081146415527978	0.12230574492914255	0.5759119857534233	0.5665831832102974	Dagla/Ptgs1	2
GO:0033138	positive regulation of peptidyl-serine phosphorylation	2/137	77/17474	0.025974025974025976	3.3129206559863498	1.8081146415527978	0.12230574492914255	0.5759119857534233	0.5665831832102974	Spry2/Snca	2
GO:0045911	positive regulation of DNA recombination	2/137	77/17474	0.025974025974025976	3.3129206559863498	1.8081146415527978	0.12230574492914255	0.5759119857534233	0.5665831832102974	Tnfsf13/Shld1	2
GO:0048168	regulation of neuronal synaptic plasticity	2/137	77/17474	0.025974025974025976	3.3129206559863498	1.8081146415527978	0.12230574492914255	0.5759119857534233	0.5665831832102974	Nsmf/Snca	2
GO:0001977	renal system process involved in regulation of blood volume	1/137	17/17474	0.058823529411764705	7.50279089738085	2.3844954128874214	0.12529667851932058	0.5759119857534233	0.5665831832102974	Ttr	1
GO:0002921	negative regulation of humoral immune response	1/137	17/17474	0.058823529411764705	7.50279089738085	2.3844954128874214	0.12529667851932058	0.5759119857534233	0.5665831832102974	Foxj1	1
GO:0003222	ventricular trabecula myocardium morphogenesis	1/137	17/17474	0.058823529411764705	7.50279089738085	2.3844954128874214	0.12529667851932058	0.5759119857534233	0.5665831832102974	Heg1	1
GO:0010310	regulation of hydrogen peroxide metabolic process	1/137	17/17474	0.058823529411764705	7.50279089738085	2.3844954128874214	0.12529667851932058	0.5759119857534233	0.5665831832102974	Snca	1
GO:0014004	microglia differentiation	1/137	17/17474	0.058823529411764705	7.50279089738085	2.3844954128874214	0.12529667851932058	0.5759119857534233	0.5665831832102974	Nrros	1
GO:0014857	regulation of skeletal muscle cell proliferation	1/137	17/17474	0.058823529411764705	7.50279089738085	2.3844954128874214	0.12529667851932058	0.5759119857534233	0.5665831832102974	Cav2	1
GO:0035493	SNARE complex assembly	1/137	17/17474	0.058823529411764705	7.50279089738085	2.3844954128874214	0.12529667851932058	0.5759119857534233	0.5665831832102974	Snca	1
GO:0042711	maternal behavior	1/137	17/17474	0.058823529411764705	7.50279089738085	2.3844954128874214	0.12529667851932058	0.5759119857534233	0.5665831832102974	Prl	1
GO:0042762	regulation of sulfur metabolic process	1/137	17/17474	0.058823529411764705	7.50279089738085	2.3844954128874214	0.12529667851932058	0.5759119857534233	0.5665831832102974	Snca	1
GO:0045655	regulation of monocyte differentiation	1/137	17/17474	0.058823529411764705	7.50279089738085	2.3844954128874214	0.12529667851932058	0.5759119857534233	0.5665831832102974	Dcstamp	1
GO:0051354	negative regulation of oxidoreductase activity	1/137	17/17474	0.058823529411764705	7.50279089738085	2.3844954128874214	0.12529667851932058	0.5759119857534233	0.5665831832102974	Snca	1
GO:0051386	regulation of neurotrophin TRK receptor signaling pathway	1/137	17/17474	0.058823529411764705	7.50279089738085	2.3844954128874214	0.12529667851932058	0.5759119857534233	0.5665831832102974	Spry2	1
GO:0060973	cell migration involved in heart development	1/137	17/17474	0.058823529411764705	7.50279089738085	2.3844954128874214	0.12529667851932058	0.5759119857534233	0.5665831832102974	Flrt3	1
GO:0061158	3'-UTR-mediated mRNA destabilization	1/137	17/17474	0.058823529411764705	7.50279089738085	2.3844954128874214	0.12529667851932058	0.5759119857534233	0.5665831832102974	Zfp36l2	1
GO:0090051	negative regulation of cell migration involved in sprouting angiogenesis	1/137	17/17474	0.058823529411764705	7.50279089738085	2.3844954128874214	0.12529667851932058	0.5759119857534233	0.5665831832102974	Itgb1bp1	1
GO:0090494	dopamine uptake	1/137	17/17474	0.058823529411764705	7.50279089738085	2.3844954128874214	0.12529667851932058	0.5759119857534233	0.5665831832102974	Snca	1
GO:0098880	maintenance of postsynaptic specialization structure	1/137	17/17474	0.058823529411764705	7.50279089738085	2.3844954128874214	0.12529667851932058	0.5759119857534233	0.5665831832102974	Csmd2	1
GO:0106072	negative regulation of adenylate cyclase-activating G protein-coupled receptor signaling pathway	1/137	17/17474	0.058823529411764705	7.50279089738085	2.3844954128874214	0.12529667851932058	0.5759119857534233	0.5665831832102974	Oprl1	1
GO:2001034	positive regulation of double-strand break repair via nonhomologous end joining	1/137	17/17474	0.058823529411764705	7.50279089738085	2.3844954128874214	0.12529667851932058	0.5759119857534233	0.5665831832102974	Shld1	1
GO:0042130	negative regulation of T cell proliferation	2/137	79/17474	0.02531645569620253	3.2290492469740366	1.765135461990227	0.12752441371548692	0.5759119857534233	0.5665831832102974	Cd276/Foxj1	2
GO:0070373	negative regulation of ERK1 and ERK2 cascade	2/137	80/17474	0.025	3.1886861313868615	1.7441578786513516	0.13015339431977468	0.5759119857534233	0.5665831832102974	Spry2/Itgb1bp1	2
GO:0002327	immature B cell differentiation	1/137	18/17474	0.05555555555555555	7.085969180859691	2.2964166241881387	0.13216122311706657	0.5759119857534233	0.5665831832102974	Rag1	1
GO:0003091	renal water homeostasis	1/137	18/17474	0.05555555555555555	7.085969180859691	2.2964166241881387	0.13216122311706657	0.5759119857534233	0.5665831832102974	Aqp6	1
GO:0003228	atrial cardiac muscle tissue development	1/137	18/17474	0.05555555555555555	7.085969180859691	2.2964166241881387	0.13216122311706657	0.5759119857534233	0.5665831832102974	Zic3	1
GO:0006488	dolichol-linked oligosaccharide biosynthetic process	1/137	18/17474	0.05555555555555555	7.085969180859691	2.2964166241881387	0.13216122311706657	0.5759119857534233	0.5665831832102974	Alg8	1
GO:0006570	tyrosine metabolic process	1/137	18/17474	0.05555555555555555	7.085969180859691	2.2964166241881387	0.13216122311706657	0.5759119857534233	0.5665831832102974	Hgd	1
GO:0010919	regulation of inositol phosphate biosynthetic process	1/137	18/17474	0.05555555555555555	7.085969180859691	2.2964166241881387	0.13216122311706657	0.5759119857534233	0.5665831832102974	Snca	1
GO:0015669	gas transport	1/137	18/17474	0.05555555555555555	7.085969180859691	2.2964166241881387	0.13216122311706657	0.5759119857534233	0.5665831832102974	Aqp6	1
GO:0021516	dorsal spinal cord development	1/137	18/17474	0.05555555555555555	7.085969180859691	2.2964166241881387	0.13216122311706657	0.5759119857534233	0.5665831832102974	Lhx3	1
GO:0031987	locomotion involved in locomotory behavior	1/137	18/17474	0.05555555555555555	7.085969180859691	2.2964166241881387	0.13216122311706657	0.5759119857534233	0.5665831832102974	Dbn1	1
GO:0032328	alanine transport	1/137	18/17474	0.05555555555555555	7.085969180859691	2.2964166241881387	0.13216122311706657	0.5759119857534233	0.5665831832102974	Slc6a6	1
GO:0048245	eosinophil chemotaxis	1/137	18/17474	0.05555555555555555	7.085969180859691	2.2964166241881387	0.13216122311706657	0.5759119857534233	0.5665831832102974	Scg2	1
GO:0060457	negative regulation of digestive system process	1/137	18/17474	0.05555555555555555	7.085969180859691	2.2964166241881387	0.13216122311706657	0.5759119857534233	0.5665831832102974	Isx	1
GO:0061101	neuroendocrine cell differentiation	1/137	18/17474	0.05555555555555555	7.085969180859691	2.2964166241881387	0.13216122311706657	0.5759119857534233	0.5665831832102974	Lhx3	1
GO:0072350	tricarboxylic acid metabolic process	1/137	18/17474	0.05555555555555555	7.085969180859691	2.2964166241881387	0.13216122311706657	0.5759119857534233	0.5665831832102974	Acly	1
GO:0072529	pyrimidine-containing compound catabolic process	1/137	18/17474	0.05555555555555555	7.085969180859691	2.2964166241881387	0.13216122311706657	0.5759119857534233	0.5665831832102974	Dpys	1
GO:0090493	catecholamine uptake	1/137	18/17474	0.05555555555555555	7.085969180859691	2.2964166241881387	0.13216122311706657	0.5759119857534233	0.5665831832102974	Snca	1
GO:0097623	potassium ion export across plasma membrane	1/137	18/17474	0.05555555555555555	7.085969180859691	2.2964166241881387	0.13216122311706657	0.5759119857534233	0.5665831832102974	Kcna2	1
GO:0032722	positive regulation of chemokine production	2/137	81/17474	0.024691358024691357	3.1493196359376405	1.7235080442932051	0.13279499057801625	0.5759119857534233	0.5665831832102974	Chia1/Chil5	2
GO:0030098	lymphocyte differentiation	6/137	442/17474	0.013574660633484163	1.7314132840109655	1.3845167099433635	0.1344679847882317	0.5759119857534233	0.5665831832102974	Rag1/Fzd7/Zfp608/Cd83/Foxj1/Zfp36l2	6
GO:0007224	smoothened signaling pathway	3/137	162/17474	0.018518518518518517	2.3619897269532304	1.548156158964623	0.134626269868622	0.5759119857534233	0.5665831832102974	Zic3/Dhh/Ift57	3
GO:0050680	negative regulation of epithelial cell proliferation	3/137	162/17474	0.018518518518518517	2.3619897269532304	1.548156158964623	0.134626269868622	0.5759119857534233	0.5665831832102974	Cav2/Prl/Ift57	3
GO:0071347	cellular response to interleukin-1	2/137	82/17474	0.024390243902439025	3.110913298914011	1.7031763041747388	0.13544884710521338	0.5759119857534233	0.5665831832102974	Saa3/Cxcl2	2
GO:0007611	learning or memory	5/137	346/17474	0.014450867052023121	1.8431711742120584	1.408177887802284	0.13627908415847917	0.5759119857534233	0.5665831832102974	Oprl1/Rag1/Ptgs1/Foxo6/Nr4a2	5
GO:0060828	regulation of canonical Wnt signaling pathway	4/137	253/17474	0.015810276679841896	2.0165603992960386	1.4478424713010063	0.13786266239407952	0.5759119857534233	0.5665831832102974	Fzd7/Amer2/Asb15/Sfrp5	4
GO:0051965	positive regulation of synapse assembly	2/137	83/17474	0.024096385542168676	3.0734324157945654	1.6831534051803878	0.1381146132381928	0.5759119857534233	0.5665831832102974	Flrt3/Slitrk2	2
GO:0002643	regulation of tolerance induction	1/137	19/17474	0.05263157894736842	6.713023434498655	2.2148276001939333	0.13897228592830413	0.5759119857534233	0.5665831832102974	Foxj1	1
GO:0002923	regulation of humoral immune response mediated by circulating immunoglobulin	1/137	19/17474	0.05263157894736842	6.713023434498655	2.2148276001939333	0.13897228592830413	0.5759119857534233	0.5665831832102974	Foxj1	1
GO:0003159	morphogenesis of an endothelium	1/137	19/17474	0.05263157894736842	6.713023434498655	2.2148276001939333	0.13897228592830413	0.5759119857534233	0.5665831832102974	Fgf1	1
GO:0009159	deoxyribonucleoside monophosphate catabolic process	1/137	19/17474	0.05263157894736842	6.713023434498655	2.2148276001939333	0.13897228592830413	0.5759119857534233	0.5665831832102974	Dpys	1
GO:0010470	regulation of gastrulation	1/137	19/17474	0.05263157894736842	6.713023434498655	2.2148276001939333	0.13897228592830413	0.5759119857534233	0.5665831832102974	Tgif1	1
GO:0010801	negative regulation of peptidyl-threonine phosphorylation	1/137	19/17474	0.05263157894736842	6.713023434498655	2.2148276001939333	0.13897228592830413	0.5759119857534233	0.5665831832102974	Spry2	1
GO:0014061	regulation of norepinephrine secretion	1/137	19/17474	0.05263157894736842	6.713023434498655	2.2148276001939333	0.13897228592830413	0.5759119857534233	0.5665831832102974	Ptgs1	1
GO:0021513	spinal cord dorsal/ventral patterning	1/137	19/17474	0.05263157894736842	6.713023434498655	2.2148276001939333	0.13897228592830413	0.5759119857534233	0.5665831832102974	Lhx3	1
GO:0030214	hyaluronan catabolic process	1/137	19/17474	0.05263157894736842	6.713023434498655	2.2148276001939333	0.13897228592830413	0.5759119857534233	0.5665831832102974	Spam1	1
GO:0030656	regulation of vitamin metabolic process	1/137	19/17474	0.05263157894736842	6.713023434498655	2.2148276001939333	0.13897228592830413	0.5759119857534233	0.5665831832102974	Isx	1
GO:0033604	negative regulation of catecholamine secretion	1/137	19/17474	0.05263157894736842	6.713023434498655	2.2148276001939333	0.13897228592830413	0.5759119857534233	0.5665831832102974	Ptgs1	1
GO:0034162	toll-like receptor 9 signaling pathway	1/137	19/17474	0.05263157894736842	6.713023434498655	2.2148276001939333	0.13897228592830413	0.5759119857534233	0.5665831832102974	Cd300ld3	1
GO:0035022	positive regulation of Rac protein signal transduction	1/137	19/17474	0.05263157894736842	6.713023434498655	2.2148276001939333	0.13897228592830413	0.5759119857534233	0.5665831832102974	Auts2	1
GO:0040037	negative regulation of fibroblast growth factor receptor signaling pathway	1/137	19/17474	0.05263157894736842	6.713023434498655	2.2148276001939333	0.13897228592830413	0.5759119857534233	0.5665831832102974	Spry2	1
GO:0060033	anatomical structure regression	1/137	19/17474	0.05263157894736842	6.713023434498655	2.2148276001939333	0.13897228592830413	0.5759119857534233	0.5665831832102974	Slc17a6	1
GO:0060134	prepulse inhibition	1/137	19/17474	0.05263157894736842	6.713023434498655	2.2148276001939333	0.13897228592830413	0.5759119857534233	0.5665831832102974	Dbn1	1
GO:0060231	mesenchymal to epithelial transition	1/137	19/17474	0.05263157894736842	6.713023434498655	2.2148276001939333	0.13897228592830413	0.5759119857534233	0.5665831832102974	Fzd7	1
GO:0060746	parental behavior	1/137	19/17474	0.05263157894736842	6.713023434498655	2.2148276001939333	0.13897228592830413	0.5759119857534233	0.5665831832102974	Prl	1
GO:0061154	endothelial tube morphogenesis	1/137	19/17474	0.05263157894736842	6.713023434498655	2.2148276001939333	0.13897228592830413	0.5759119857534233	0.5665831832102974	Fgf1	1
GO:0070243	regulation of thymocyte apoptotic process	1/137	19/17474	0.05263157894736842	6.713023434498655	2.2148276001939333	0.13897228592830413	0.5759119857534233	0.5665831832102974	Rag1	1
GO:1904478	regulation of intestinal absorption	1/137	19/17474	0.05263157894736842	6.713023434498655	2.2148276001939333	0.13897228592830413	0.5759119857534233	0.5665831832102974	Isx	1
GO:2000725	regulation of cardiac muscle cell differentiation	1/137	19/17474	0.05263157894736842	6.713023434498655	2.2148276001939333	0.13897228592830413	0.5759119857534233	0.5665831832102974	Fzd7	1
GO:0030178	negative regulation of Wnt signaling pathway	3/137	165/17474	0.01818181818181818	2.3190444591904447	1.5132910534336115	0.14000193906584674	0.5759119857534233	0.5665831832102974	Amer2/Asb15/Sfrp5	3
GO:0002637	regulation of immunoglobulin production	2/137	84/17474	0.023809523809523808	3.0368439346541534	1.6634304744411454	0.1407919429843241	0.5759119857534233	0.5665831832102974	Tnfsf13/Shld1	2
GO:0009880	embryonic pattern specification	2/137	84/17474	0.023809523809523808	3.0368439346541534	1.6634304744411454	0.1407919429843241	0.5759119857534233	0.5665831832102974	Zic3/Ripply2	2
GO:0021536	diencephalon development	2/137	84/17474	0.023809523809523808	3.0368439346541534	1.6634304744411454	0.1407919429843241	0.5759119857534233	0.5665831832102974	Lhx3/Nr4a2	2
GO:0044458	motile cilium assembly	2/137	84/17474	0.023809523809523808	3.0368439346541534	1.6634304744411454	0.1407919429843241	0.5759119857534233	0.5665831832102974	Ift57/Foxj1	2
GO:0072073	kidney epithelium development	3/137	166/17474	0.018072289156626505	2.3050743118459236	1.501837311196981	0.1418099216223147	0.5759119857534233	0.5665831832102974	Fgf1/Pou3f3/Foxj1	3
GO:0045444	fat cell differentiation	4/137	256/17474	0.015625	1.9929288321167884	1.4226687763043784	0.14210396056376987	0.5759119857534233	0.5665831832102974	Runx1t1/Scd1/Nr4a2/Zfp36l2	4
GO:0030593	neutrophil chemotaxis	2/137	85/17474	0.023529411764705882	3.00111635895234	1.6439989993347748	0.1434804949707431	0.5759119857534233	0.5665831832102974	Edn2/Cxcl2	2
GO:0006820	monoatomic anion transport	3/137	168/17474	0.017857142857142856	2.2776329509906152	1.4791746068276046	0.1454494280253624	0.5759119857534233	0.5665831832102974	Slc13a1/Aqp6/Slc17a6	3
GO:0006144	purine nucleobase metabolic process	1/137	20/17474	0.05	6.377372262773723	2.138920594877182	0.1457302805904539	0.5759119857534233	0.5665831832102974	Ttr	1
GO:0009158	ribonucleoside monophosphate catabolic process	1/137	20/17474	0.05	6.377372262773723	2.138920594877182	0.1457302805904539	0.5759119857534233	0.5665831832102974	Dpys	1
GO:0009219	pyrimidine deoxyribonucleotide metabolic process	1/137	20/17474	0.05	6.377372262773723	2.138920594877182	0.1457302805904539	0.5759119857534233	0.5665831832102974	Dpys	1
GO:0010644	cell communication by electrical coupling	1/137	20/17474	0.05	6.377372262773723	2.138920594877182	0.1457302805904539	0.5759119857534233	0.5665831832102974	Dbn1	1
GO:0019359	nicotinamide nucleotide biosynthetic process	1/137	20/17474	0.05	6.377372262773723	2.138920594877182	0.1457302805904539	0.5759119857534233	0.5665831832102974	Nmrk1	1
GO:0019363	pyridine nucleotide biosynthetic process	1/137	20/17474	0.05	6.377372262773723	2.138920594877182	0.1457302805904539	0.5759119857534233	0.5665831832102974	Nmrk1	1
GO:0021554	optic nerve development	1/137	20/17474	0.05	6.377372262773723	2.138920594877182	0.1457302805904539	0.5759119857534233	0.5665831832102974	Kcna2	1
GO:0032274	gonadotropin secretion	1/137	20/17474	0.05	6.377372262773723	2.138920594877182	0.1457302805904539	0.5759119857534233	0.5665831832102974	Npvf	1
GO:0033151	V(D)J recombination	1/137	20/17474	0.05	6.377372262773723	2.138920594877182	0.1457302805904539	0.5759119857534233	0.5665831832102974	Rag1	1
GO:0045652	regulation of megakaryocyte differentiation	1/137	20/17474	0.05	6.377372262773723	2.138920594877182	0.1457302805904539	0.5759119857534233	0.5665831832102974	Hmgb2	1
GO:0048532	anatomical structure arrangement	1/137	20/17474	0.05	6.377372262773723	2.138920594877182	0.1457302805904539	0.5759119857534233	0.5665831832102974	Kcna2	1
GO:0060841	venous blood vessel development	1/137	20/17474	0.05	6.377372262773723	2.138920594877182	0.1457302805904539	0.5759119857534233	0.5665831832102974	Heg1	1
GO:0071625	vocalization behavior	1/137	20/17474	0.05	6.377372262773723	2.138920594877182	0.1457302805904539	0.5759119857534233	0.5665831832102974	Auts2	1
GO:0002696	positive regulation of leukocyte activation	5/137	355/17474	0.014084507042253521	1.7964428909221755	1.3476796423507102	0.1470297556734936	0.5759119857534233	0.5665831832102974	Rag1/Tnfsf13/Cd83/Cd276/Shld1	5
GO:0060998	regulation of dendritic spine development	2/137	87/17474	0.022988505747126436	2.932125178286769	1.6059780555969299	0.1488899229706506	0.5759119857534233	0.5665831832102974	Dbn1/Foxo6	2
GO:0150076	neuroinflammatory response	2/137	87/17474	0.022988505747126436	2.932125178286769	1.6059780555969299	0.1488899229706506	0.5759119857534233	0.5665831832102974	Dagla/Snca	2
GO:0043409	negative regulation of MAPK cascade	3/137	170/17474	0.01764705882352941	2.250837269214255	1.4568306424021344	0.14911965866654803	0.5759119857534233	0.5665831832102974	Spry2/Itgb1bp1/Sfrp5	3
GO:0021511	spinal cord patterning	1/137	21/17474	0.047619047619047616	6.073687869308307	2.0680231525741086	0.152435617565308	0.5759119857534233	0.5665831832102974	Lhx3	1
GO:0031468	nuclear membrane reassembly	1/137	21/17474	0.047619047619047616	6.073687869308307	2.0680231525741086	0.152435617565308	0.5759119857534233	0.5665831832102974	Reep4	1
GO:0035633	maintenance of blood-brain barrier	1/137	21/17474	0.047619047619047616	6.073687869308307	2.0680231525741086	0.152435617565308	0.5759119857534233	0.5665831832102974	Ptgs1	1
GO:0042744	hydrogen peroxide catabolic process	1/137	21/17474	0.047619047619047616	6.073687869308307	2.0680231525741086	0.152435617565308	0.5759119857534233	0.5665831832102974	Snca	1
GO:0048243	norepinephrine secretion	1/137	21/17474	0.047619047619047616	6.073687869308307	2.0680231525741086	0.152435617565308	0.5759119857534233	0.5665831832102974	Ptgs1	1
GO:0051580	regulation of neurotransmitter uptake	1/137	21/17474	0.047619047619047616	6.073687869308307	2.0680231525741086	0.152435617565308	0.5759119857534233	0.5665831832102974	Snca	1
GO:0055062	phosphate ion homeostasis	1/137	21/17474	0.047619047619047616	6.073687869308307	2.0680231525741086	0.152435617565308	0.5759119857534233	0.5665831832102974	Slc17a6	1
GO:2001026	regulation of endothelial cell chemotaxis	1/137	21/17474	0.047619047619047616	6.073687869308307	2.0680231525741086	0.152435617565308	0.5759119857534233	0.5665831832102974	Fgf1	1
GO:0051781	positive regulation of cell division	2/137	89/17474	0.02247191011235955	2.8662347248421223	1.5690289951922725	0.15434025675213348	0.5759119857534233	0.5665831832102974	Fgf1/Itgb1bp1	2
GO:2000628	regulation of miRNA metabolic process	2/137	89/17474	0.02247191011235955	2.8662347248421223	1.5690289951922725	0.15434025675213348	0.5759119857534233	0.5665831832102974	Prl/Carlr	2
GO:0035148	tube formation	3/137	173/17474	0.017341040462427744	2.21180540905447	1.4238930906339258	0.15468087084410975	0.5759119857534233	0.5665831832102974	Tgif1/Ift57/Itgb1bp1	3
GO:0072006	nephron development	3/137	173/17474	0.017341040462427744	2.21180540905447	1.4238930906339258	0.15468087084410975	0.5759119857534233	0.5665831832102974	Fgf1/Pou3f3/Foxj1	3
GO:0015698	inorganic anion transport	3/137	174/17474	0.017241379310344827	2.1990938837150766	1.4130639204975632	0.1565491083505581	0.5759119857534233	0.5665831832102974	Slc13a1/Aqp6/Slc17a6	3
GO:0051250	negative regulation of lymphocyte activation	3/137	174/17474	0.017241379310344827	2.1990938837150766	1.4130639204975632	0.1565491083505581	0.5759119857534233	0.5665831832102974	Zfp608/Cd276/Foxj1	3
GO:0043583	ear development	4/137	266/17474	0.015037593984962405	1.9180066955710442	1.3411535881209093	0.15660789111453619	0.5759119857534233	0.5665831832102974	Spry2/Fgf20/Lhx3/Zic3	4
GO:0010563	negative regulation of phosphorus metabolic process	5/137	363/17474	0.013774104683195593	1.756851863023064	1.2953393196549783	0.15688294005851733	0.5759119857534233	0.5665831832102974	Spry2/Heg1/Snca/Itgb1bp1/Sfrp5	5
GO:0045936	negative regulation of phosphate metabolic process	5/137	363/17474	0.013774104683195593	1.756851863023064	1.2953393196549783	0.15688294005851733	0.5759119857534233	0.5665831832102974	Spry2/Heg1/Snca/Itgb1bp1/Sfrp5	5
GO:0050871	positive regulation of B cell activation	2/137	90/17474	0.022222222222222223	2.834387672343877	1.5509384705163445	0.1570799575470401	0.5759119857534233	0.5665831832102974	Tnfsf13/Shld1	2
GO:0006085	acetyl-CoA biosynthetic process	1/137	22/17474	0.045454545454545456	5.797611147976111	2.001570219303559	0.1590887041632314	0.5759119857534233	0.5665831832102974	Acly	1
GO:0009048	dosage compensation by inactivation of X chromosome	1/137	22/17474	0.045454545454545456	5.797611147976111	2.001570219303559	0.1590887041632314	0.5759119857534233	0.5665831832102974	Pcgf5	1
GO:0010517	regulation of phospholipase activity	1/137	22/17474	0.045454545454545456	5.797611147976111	2.001570219303559	0.1590887041632314	0.5759119857534233	0.5665831832102974	Snca	1
GO:0018126	protein hydroxylation	1/137	22/17474	0.045454545454545456	5.797611147976111	2.001570219303559	0.1590887041632314	0.5759119857534233	0.5665831832102974	P3h4	1
GO:0035634	response to stilbenoid	1/137	22/17474	0.045454545454545456	5.797611147976111	2.001570219303559	0.1590887041632314	0.5759119857534233	0.5665831832102974	Saa3	1
GO:0044794	positive regulation by host of viral process	1/137	22/17474	0.045454545454545456	5.797611147976111	2.001570219303559	0.1590887041632314	0.5759119857534233	0.5665831832102974	Cav2	1
GO:0048148	behavioral response to cocaine	1/137	22/17474	0.045454545454545456	5.797611147976111	2.001570219303559	0.1590887041632314	0.5759119857534233	0.5665831832102974	Snca	1
GO:0071305	cellular response to vitamin D	1/137	22/17474	0.045454545454545456	5.797611147976111	2.001570219303559	0.1590887041632314	0.5759119857534233	0.5665831832102974	Phex	1
GO:0072234	metanephric nephron tubule development	1/137	22/17474	0.045454545454545456	5.797611147976111	2.001570219303559	0.1590887041632314	0.5759119857534233	0.5665831832102974	Pou3f3	1
GO:0072677	eosinophil migration	1/137	22/17474	0.045454545454545456	5.797611147976111	2.001570219303559	0.1590887041632314	0.5759119857534233	0.5665831832102974	Scg2	1
GO:1905709	negative regulation of membrane permeability	1/137	22/17474	0.045454545454545456	5.797611147976111	2.001570219303559	0.1590887041632314	0.5759119857534233	0.5665831832102974	Heg1	1
GO:2001044	regulation of integrin-mediated signaling pathway	1/137	22/17474	0.045454545454545456	5.797611147976111	2.001570219303559	0.1590887041632314	0.5759119857534233	0.5665831832102974	Itgb1bp1	1
GO:0090257	regulation of muscle system process	4/137	268/17474	0.014925373134328358	1.9036932127682753	1.325273474725726	0.159573642706779	0.5759119857534233	0.5665831832102974	Edn2/Dsc2/Dbn1/Ptgs1	4
GO:1901606	alpha-amino acid catabolic process	2/137	91/17474	0.02197802197802198	2.803240555065373	1.533094920254891	0.15982892657901898	0.5759119857534233	0.5665831832102974	Hgd/Tdo2	2
GO:0019229	regulation of vasoconstriction	2/137	92/17474	0.021739130434782608	2.7727705490320536	1.515491889593978	0.16258685343321563	0.5759119857534233	0.5665831832102974	Edn2/Ptgs1	2
GO:0035050	embryonic heart tube development	2/137	92/17474	0.021739130434782608	2.7727705490320536	1.515491889593978	0.16258685343321563	0.5759119857534233	0.5665831832102974	Zic3/Ift57	2
GO:0050810	regulation of steroid biosynthetic process	2/137	92/17474	0.021739130434782608	2.7727705490320536	1.515491889593978	0.16258685343321563	0.5759119857534233	0.5665831832102974	Fgf1/Dhh	2
GO:1903037	regulation of leukocyte cell-cell adhesion	5/137	369/17474	0.013550135501355014	1.7282851660633396	1.2569272896030705	0.16444845449700815	0.5759119857534233	0.5665831832102974	Rag1/Zfp608/Cd83/Cd276/Foxj1	5
GO:0045860	positive regulation of protein kinase activity	4/137	272/17474	0.014705882352941176	1.8756977243452124	1.2939164937284582	0.1655672331899732	0.5759119857534233	0.5665831832102974	Fgf1/Sez6/Snca/Itgb1bp1	4
GO:0002043	blood vessel endothelial cell proliferation involved in sprouting angiogenesis	1/137	23/17474	0.043478260869565216	5.545541098064107	1.9390829823041296	0.16568994456717556	0.5759119857534233	0.5665831832102974	Itgb1bp1	1
GO:0009125	nucleoside monophosphate catabolic process	1/137	23/17474	0.043478260869565216	5.545541098064107	1.9390829823041296	0.16568994456717556	0.5759119857534233	0.5665831832102974	Dpys	1
GO:0009129	pyrimidine nucleoside monophosphate metabolic process	1/137	23/17474	0.043478260869565216	5.545541098064107	1.9390829823041296	0.16568994456717556	0.5759119857534233	0.5665831832102974	Dpys	1
GO:0030277	maintenance of gastrointestinal epithelium	1/137	23/17474	0.043478260869565216	5.545541098064107	1.9390829823041296	0.16568994456717556	0.5759119857534233	0.5665831832102974	Tff3	1
GO:0032026	response to magnesium ion	1/137	23/17474	0.043478260869565216	5.545541098064107	1.9390829823041296	0.16568994456717556	0.5759119857534233	0.5665831832102974	Snca	1
GO:0034260	negative regulation of GTPase activity	1/137	23/17474	0.043478260869565216	5.545541098064107	1.9390829823041296	0.16568994456717556	0.5759119857534233	0.5665831832102974	Spry2	1
GO:0035089	establishment of apical/basal cell polarity	1/137	23/17474	0.043478260869565216	5.545541098064107	1.9390829823041296	0.16568994456717556	0.5759119857534233	0.5665831832102974	Foxj1	1
GO:0050872	white fat cell differentiation	1/137	23/17474	0.043478260869565216	5.545541098064107	1.9390829823041296	0.16568994456717556	0.5759119857534233	0.5665831832102974	Scd1	1
GO:0071786	endoplasmic reticulum tubular network organization	1/137	23/17474	0.043478260869565216	5.545541098064107	1.9390829823041296	0.16568994456717556	0.5759119857534233	0.5665831832102974	Reep4	1
GO:0098801	regulation of renal system process	1/137	23/17474	0.043478260869565216	5.545541098064107	1.9390829823041296	0.16568994456717556	0.5759119857534233	0.5665831832102974	Ttr	1
GO:0007029	endoplasmic reticulum organization	2/137	94/17474	0.02127659574468085	2.7137754309675413	1.4809827519048722	0.16812836005819135	0.5759119857534233	0.5665831832102974	Cav2/Reep4	2
GO:0050672	negative regulation of lymphocyte proliferation	2/137	94/17474	0.02127659574468085	2.7137754309675413	1.4809827519048722	0.16812836005819135	0.5759119857534233	0.5665831832102974	Cd276/Foxj1	2
GO:0035725	sodium ion transmembrane transport	3/137	181/17474	0.016574585635359115	2.11404605395814	1.3392581835225206	0.16981960479809105	0.5759119857534233	0.5665831832102974	Slc13a1/Slc6a6/Slc17a6	3
GO:0001570	vasculogenesis	2/137	95/17474	0.021052631578947368	2.6852093737994625	1.464064885921055	0.17091133996974095	0.5759119857534233	0.5665831832102974	Fgf1/Heg1	2
GO:0050772	positive regulation of axonogenesis	2/137	95/17474	0.021052631578947368	2.6852093737994625	1.464064885921055	0.17091133996974095	0.5759119857534233	0.5665831832102974	Islr2/Dbn1	2
GO:0050878	regulation of body fluid levels	5/137	375/17474	0.013333333333333334	1.7006326034063262	1.2192076195436516	0.17215843319261315	0.5759119857534233	0.5665831832102974	Ttr/Oprl1/Prl/Aqp6/Heg1	5
GO:0001759	organ induction	1/137	24/17474	0.041666666666666664	5.314476885644768	1.8801525986364855	0.17223973985651708	0.5759119857534233	0.5665831832102974	Fgf1	1
GO:0003417	growth plate cartilage development	1/137	24/17474	0.041666666666666664	5.314476885644768	1.8801525986364855	0.17223973985651708	0.5759119857534233	0.5665831832102974	Col9a1	1
GO:0007342	fusion of sperm to egg plasma membrane involved in single fertilization	1/137	24/17474	0.041666666666666664	5.314476885644768	1.8801525986364855	0.17223973985651708	0.5759119857534233	0.5665831832102974	Spam1	1
GO:0007530	sex determination	1/137	24/17474	0.041666666666666664	5.314476885644768	1.8801525986364855	0.17223973985651708	0.5759119857534233	0.5665831832102974	Dhh	1
GO:0007549	sex-chromosome dosage compensation	1/137	24/17474	0.041666666666666664	5.314476885644768	1.8801525986364855	0.17223973985651708	0.5759119857534233	0.5665831832102974	Pcgf5	1
GO:0030728	ovulation	1/137	24/17474	0.041666666666666664	5.314476885644768	1.8801525986364855	0.17223973985651708	0.5759119857534233	0.5665831832102974	Edn2	1
GO:0042659	regulation of cell fate specification	1/137	24/17474	0.041666666666666664	5.314476885644768	1.8801525986364855	0.17223973985651708	0.5759119857534233	0.5665831832102974	Fzd7	1
GO:0043011	myeloid dendritic cell differentiation	1/137	24/17474	0.041666666666666664	5.314476885644768	1.8801525986364855	0.17223973985651708	0.5759119857534233	0.5665831832102974	Dcstamp	1
GO:0043605	amide catabolic process	1/137	24/17474	0.041666666666666664	5.314476885644768	1.8801525986364855	0.17223973985651708	0.5759119857534233	0.5665831832102974	Tdo2	1
GO:0048339	paraxial mesoderm development	1/137	24/17474	0.041666666666666664	5.314476885644768	1.8801525986364855	0.17223973985651708	0.5759119857534233	0.5665831832102974	Zic3	1
GO:0071371	cellular response to gonadotropin stimulus	1/137	24/17474	0.041666666666666664	5.314476885644768	1.8801525986364855	0.17223973985651708	0.5759119857534233	0.5665831832102974	Nsmf	1
GO:0072202	cell differentiation involved in metanephros development	1/137	24/17474	0.041666666666666664	5.314476885644768	1.8801525986364855	0.17223973985651708	0.5759119857534233	0.5665831832102974	Pou3f3	1
GO:0072525	pyridine-containing compound biosynthetic process	1/137	24/17474	0.041666666666666664	5.314476885644768	1.8801525986364855	0.17223973985651708	0.5759119857534233	0.5665831832102974	Nmrk1	1
GO:0098974	postsynaptic actin cytoskeleton organization	1/137	24/17474	0.041666666666666664	5.314476885644768	1.8801525986364855	0.17223973985651708	0.5759119857534233	0.5665831832102974	Dbn1	1
GO:0106070	regulation of adenylate cyclase-activating G protein-coupled receptor signaling pathway	1/137	24/17474	0.041666666666666664	5.314476885644768	1.8801525986364855	0.17223973985651708	0.5759119857534233	0.5665831832102974	Oprl1	1
GO:1900151	regulation of nuclear-transcribed mRNA catabolic process, deadenylation-dependent decay	1/137	24/17474	0.041666666666666664	5.314476885644768	1.8801525986364855	0.17223973985651708	0.5759119857534233	0.5665831832102974	Zfp36l2	1
GO:2001224	positive regulation of neuron migration	1/137	24/17474	0.041666666666666664	5.314476885644768	1.8801525986364855	0.17223973985651708	0.5759119857534233	0.5665831832102974	Nsmf	1
GO:0050863	regulation of T cell activation	5/137	376/17474	0.013297872340425532	1.6961096443547135	1.2129864914618254	0.17345708145251376	0.5759119857534233	0.5665831832102974	Rag1/Zfp608/Cd83/Cd276/Foxj1	5
GO:0031214	biomineral tissue development	3/137	183/17474	0.01639344262295082	2.0909417254995812	1.3187852755839027	0.17367020034788266	0.5759119857534233	0.5665831832102974	Phex/Itgb1bp1/Cd276	3
GO:0071356	cellular response to tumor necrosis factor	3/137	183/17474	0.01639344262295082	2.0909417254995812	1.3187852755839027	0.17367020034788266	0.5759119857534233	0.5665831832102974	Dbn1/Dcstamp/Zfp36l2	3
GO:0002312	B cell activation involved in immune response	2/137	96/17474	0.020833333333333332	2.657238442822384	1.4473640008337434	0.1737020778935389	0.5759119857534233	0.5665831832102974	Tnfsf13/Shld1	2
GO:0032945	negative regulation of mononuclear cell proliferation	2/137	96/17474	0.020833333333333332	2.657238442822384	1.4473640008337434	0.1737020778935389	0.5759119857534233	0.5665831832102974	Cd276/Foxj1	2
GO:0048814	regulation of dendrite morphogenesis	2/137	96/17474	0.020833333333333332	2.657238442822384	1.4473640008337434	0.1737020778935389	0.5759119857534233	0.5665831832102974	Nsmf/Dbn1	2
GO:0120254	olefinic compound metabolic process	3/137	184/17474	0.016304347826086956	2.0795779117740403	1.308646815239023	0.17560484516117425	0.5759119857534233	0.5665831832102974	Dagla/Ptgs1/Rdh5	3
GO:0050867	positive regulation of cell activation	5/137	378/17474	0.013227513227513227	1.6871355192523074	1.2005993153314831	0.176065842405969	0.5759119857534233	0.5665831832102974	Rag1/Tnfsf13/Cd83/Cd276/Shld1	5
GO:0051402	neuron apoptotic process	5/137	378/17474	0.013227513227513227	1.6871355192523074	1.2005993153314831	0.176065842405969	0.5759119857534233	0.5665831832102974	Nsmf/Fgf20/Snca/Barhl1/Nr4a2	5
GO:0051259	protein complex oligomerization	4/137	279/17474	0.014336917562724014	1.8286372079637914	1.2402878500766603	0.17624758538705787	0.5759119857534233	0.5665831832102974	Kctd12/Kcna2/Tdo2/Snca	4
GO:0001656	metanephros development	2/137	97/17474	0.020618556701030927	2.629844232071638	1.4308747300378222	0.17650028411067048	0.5759119857534233	0.5665831832102974	Pou3f3/Foxj1	2
GO:0051262	protein tetramerization	2/137	97/17474	0.020618556701030927	2.629844232071638	1.4308747300378222	0.17650028411067048	0.5759119857534233	0.5665831832102974	Tdo2/Snca	2
GO:2000027	regulation of animal organ morphogenesis	2/137	97/17474	0.020618556701030927	2.629844232071638	1.4308747300378222	0.17650028411067048	0.5759119857534233	0.5665831832102974	Fgf1/Sfrp5	2
GO:0001956	positive regulation of neurotransmitter secretion	1/137	25/17474	0.04	5.101897810218978	1.8244275306327562	0.17873848803070946	0.5759119857534233	0.5665831832102974	Snca	1
GO:0006833	water transport	1/137	25/17474	0.04	5.101897810218978	1.8244275306327562	0.17873848803070946	0.5759119857534233	0.5665831832102974	Aqp6	1
GO:0010640	regulation of platelet-derived growth factor receptor signaling pathway	1/137	25/17474	0.04	5.101897810218978	1.8244275306327562	0.17873848803070946	0.5759119857534233	0.5665831832102974	Snca	1
GO:0019076	viral release from host cell	1/137	25/17474	0.04	5.101897810218978	1.8244275306327562	0.17873848803070946	0.5759119857534233	0.5665831832102974	Cav2	1
GO:0035024	negative regulation of Rho protein signal transduction	1/137	25/17474	0.04	5.101897810218978	1.8244275306327562	0.17873848803070946	0.5759119857534233	0.5665831832102974	Heg1	1
GO:0035891	exit from host cell	1/137	25/17474	0.04	5.101897810218978	1.8244275306327562	0.17873848803070946	0.5759119857534233	0.5665831832102974	Cav2	1
GO:0051791	medium-chain fatty acid metabolic process	1/137	25/17474	0.04	5.101897810218978	1.8244275306327562	0.17873848803070946	0.5759119857534233	0.5665831832102974	Oxsm	1
GO:0060080	inhibitory postsynaptic potential	1/137	25/17474	0.04	5.101897810218978	1.8244275306327562	0.17873848803070946	0.5759119857534233	0.5665831832102974	Dbn1	1
GO:0060216	definitive hemopoiesis	1/137	25/17474	0.04	5.101897810218978	1.8244275306327562	0.17873848803070946	0.5759119857534233	0.5665831832102974	Zfp36l2	1
GO:0061162	establishment of monopolar cell polarity	1/137	25/17474	0.04	5.101897810218978	1.8244275306327562	0.17873848803070946	0.5759119857534233	0.5665831832102974	Foxj1	1
GO:0070242	thymocyte apoptotic process	1/137	25/17474	0.04	5.101897810218978	1.8244275306327562	0.17873848803070946	0.5759119857534233	0.5665831832102974	Rag1	1
GO:0072311	glomerular epithelial cell differentiation	1/137	25/17474	0.04	5.101897810218978	1.8244275306327562	0.17873848803070946	0.5759119857534233	0.5665831832102974	Foxj1	1
GO:0098696	regulation of neurotransmitter receptor localization to postsynaptic specialization membrane	1/137	25/17474	0.04	5.101897810218978	1.8244275306327562	0.17873848803070946	0.5759119857534233	0.5665831832102974	Cacna2d2	1
GO:1900746	regulation of vascular endothelial growth factor signaling pathway	1/137	25/17474	0.04	5.101897810218978	1.8244275306327562	0.17873848803070946	0.5759119857534233	0.5665831832102974	Spry2	1
GO:1902455	negative regulation of stem cell population maintenance	1/137	25/17474	0.04	5.101897810218978	1.8244275306327562	0.17873848803070946	0.5759119857534233	0.5665831832102974	Sap30	1
GO:2000042	negative regulation of double-strand break repair via homologous recombination	1/137	25/17474	0.04	5.101897810218978	1.8244275306327562	0.17873848803070946	0.5759119857534233	0.5665831832102974	Shld1	1
GO:2000345	regulation of hepatocyte proliferation	1/137	25/17474	0.04	5.101897810218978	1.8244275306327562	0.17873848803070946	0.5759119857534233	0.5665831832102974	Fgf1	1
GO:0009953	dorsal/ventral pattern formation	2/137	98/17474	0.02040816326530612	2.6030090868464173	1.4145918953568248	0.17930567290571964	0.5759119857534233	0.5665831832102974	Lhx3/Tgif1	2
GO:0048284	organelle fusion	3/137	186/17474	0.016129032258064516	2.057216858959265	1.28856171182297	0.179492341380666	0.5759119857534233	0.5665831832102974	Cav2/Snca/Snph	3
GO:0006865	amino acid transport	3/137	187/17474	0.016042780748663103	2.046215699285687	1.2786134465391363	0.1814449984700279	0.5759119857534233	0.5665831832102974	Slc6a6/Snca/Slc17a6	3
GO:0002532	production of molecular mediator involved in inflammatory response	2/137	99/17474	0.020202020202020204	2.576716065767161	1.3985104985507306	0.18211796252258278	0.5759119857534233	0.5665831832102974	Chia1/Chil5	2
GO:0033674	positive regulation of kinase activity	4/137	283/17474	0.014134275618374558	1.8027907456604162	1.2103251350751514	0.1824550336418799	0.5759119857534233	0.5665831832102974	Fgf1/Sez6/Snca/Itgb1bp1	4
GO:0048638	regulation of developmental growth	5/137	383/17474	0.013054830287206266	1.665110251376951	1.1699474064917035	0.18265337459314757	0.5759119857534233	0.5665831832102974	Islr2/Fgf20/Dbn1/Rnf157/Cacna2d2	5
GO:0035296	regulation of tube diameter	3/137	188/17474	0.015957446808510637	2.035331573225656	1.26872698198639	0.18340346573227795	0.5759119857534233	0.5665831832102974	Edn2/Ptgs1/Itgb1bp1	3
GO:0097746	blood vessel diameter maintenance	3/137	188/17474	0.015957446808510637	2.035331573225656	1.26872698198639	0.18340346573227795	0.5759119857534233	0.5665831832102974	Edn2/Ptgs1/Itgb1bp1	3
GO:0009798	axis specification	2/137	100/17474	0.02	2.550948905109489	1.3826257132886972	0.1849368751207194	0.5759119857534233	0.5665831832102974	Zic3/Ripply2	2
GO:0030516	regulation of axon extension	2/137	100/17474	0.02	2.550948905109489	1.3826257132886972	0.1849368751207194	0.5759119857534233	0.5665831832102974	Islr2/Dbn1	2
GO:2001237	negative regulation of extrinsic apoptotic signaling pathway	2/137	100/17474	0.02	2.550948905109489	1.3826257132886972	0.1849368751207194	0.5759119857534233	0.5665831832102974	Scg2/Hmgb2	2
GO:0009264	deoxyribonucleotide catabolic process	1/137	26/17474	0.038461538461538464	4.905670971364402	1.7716035791285671	0.18518658403276067	0.5759119857534233	0.5665831832102974	Dpys	1
GO:0010839	negative regulation of keratinocyte proliferation	1/137	26/17474	0.038461538461538464	4.905670971364402	1.7716035791285671	0.18518658403276067	0.5759119857534233	0.5665831832102974	Ift57	1
GO:0014048	regulation of glutamate secretion	1/137	26/17474	0.038461538461538464	4.905670971364402	1.7716035791285671	0.18518658403276067	0.5759119857534233	0.5665831832102974	Snca	1
GO:0014856	skeletal muscle cell proliferation	1/137	26/17474	0.038461538461538464	4.905670971364402	1.7716035791285671	0.18518658403276067	0.5759119857534233	0.5665831832102974	Cav2	1
GO:0015812	gamma-aminobutyric acid transport	1/137	26/17474	0.038461538461538464	4.905670971364402	1.7716035791285671	0.18518658403276067	0.5759119857534233	0.5665831832102974	Slc6a6	1
GO:0016540	protein autoprocessing	1/137	26/17474	0.038461538461538464	4.905670971364402	1.7716035791285671	0.18518658403276067	0.5759119857534233	0.5665831832102974	Dhh	1
GO:0035809	regulation of urine volume	1/137	26/17474	0.038461538461538464	4.905670971364402	1.7716035791285671	0.18518658403276067	0.5759119857534233	0.5665831832102974	Oprl1	1
GO:0043576	regulation of respiratory gaseous exchange	1/137	26/17474	0.038461538461538464	4.905670971364402	1.7716035791285671	0.18518658403276067	0.5759119857534233	0.5665831832102974	Nr4a2	1
GO:0045026	plasma membrane fusion	1/137	26/17474	0.038461538461538464	4.905670971364402	1.7716035791285671	0.18518658403276067	0.5759119857534233	0.5665831832102974	Spam1	1
GO:0045540	regulation of cholesterol biosynthetic process	1/137	26/17474	0.038461538461538464	4.905670971364402	1.7716035791285671	0.18518658403276067	0.5759119857534233	0.5665831832102974	Fgf1	1
GO:0046386	deoxyribose phosphate catabolic process	1/137	26/17474	0.038461538461538464	4.905670971364402	1.7716035791285671	0.18518658403276067	0.5759119857534233	0.5665831832102974	Dpys	1
GO:0046580	negative regulation of Ras protein signal transduction	1/137	26/17474	0.038461538461538464	4.905670971364402	1.7716035791285671	0.18518658403276067	0.5759119857534233	0.5665831832102974	Spry2	1
GO:0050927	positive regulation of positive chemotaxis	1/137	26/17474	0.038461538461538464	4.905670971364402	1.7716035791285671	0.18518658403276067	0.5759119857534233	0.5665831832102974	Scg2	1
GO:0061339	establishment or maintenance of monopolar cell polarity	1/137	26/17474	0.038461538461538464	4.905670971364402	1.7716035791285671	0.18518658403276067	0.5759119857534233	0.5665831832102974	Foxj1	1
GO:0070528	protein kinase C signaling	1/137	26/17474	0.038461538461538464	4.905670971364402	1.7716035791285671	0.18518658403276067	0.5759119857534233	0.5665831832102974	Sez6	1
GO:0072243	metanephric nephron epithelium development	1/137	26/17474	0.038461538461538464	4.905670971364402	1.7716035791285671	0.18518658403276067	0.5759119857534233	0.5665831832102974	Pou3f3	1
GO:0090205	positive regulation of cholesterol metabolic process	1/137	26/17474	0.038461538461538464	4.905670971364402	1.7716035791285671	0.18518658403276067	0.5759119857534233	0.5665831832102974	Fgf1	1
GO:0106118	regulation of sterol biosynthetic process	1/137	26/17474	0.038461538461538464	4.905670971364402	1.7716035791285671	0.18518658403276067	0.5759119857534233	0.5665831832102974	Fgf1	1
GO:1902074	response to salt	1/137	26/17474	0.038461538461538464	4.905670971364402	1.7716035791285671	0.18518658403276067	0.5759119857534233	0.5665831832102974	Phex	1
GO:0035150	regulation of tube size	3/137	189/17474	0.015873015873015872	2.024562623102769	1.2589015434231694	0.18536764661911573	0.5759119857534233	0.5665831832102974	Edn2/Ptgs1/Itgb1bp1	3
GO:0019233	sensory perception of pain	2/137	101/17474	0.019801980198019802	2.5256919852569197	1.3669328775568717	0.18776213673183917	0.5759119857534233	0.5665831832102974	Oprl1/Kcna2	2
GO:0070252	actin-mediated cell contraction	2/137	101/17474	0.019801980198019802	2.5256919852569197	1.3669328775568717	0.18776213673183917	0.5759119857534233	0.5665831832102974	Dsc2/Dbn1	2
GO:0030307	positive regulation of cell growth	3/137	191/17474	0.015706806282722512	2.003363014483892	1.2394307146522892	0.18931276438211178	0.5759119857534233	0.5665831832102974	Islr2/Dbn1/Rnf157	3
GO:0046888	negative regulation of hormone secretion	2/137	102/17474	0.0196078431372549	2.50093029912695	1.3514274864736318	0.19059347721701778	0.5759119857534233	0.5665831832102974	Npvf/Edn2	2
GO:0070664	negative regulation of leukocyte proliferation	2/137	102/17474	0.0196078431372549	2.50093029912695	1.3514274864736318	0.19059347721701778	0.5759119857534233	0.5665831832102974	Cd276/Foxj1	2
GO:0050890	cognition	5/137	389/17474	0.012853470437017995	1.639427316908412	1.1337454113045868	0.19067830756733953	0.5759119857534233	0.5665831832102974	Oprl1/Rag1/Ptgs1/Foxo6/Nr4a2	5
GO:0030534	adult behavior	3/137	192/17474	0.015625	1.9929288321167884	1.2297838433516888	0.19129350949593654	0.5759119857534233	0.5665831832102974	Sez6/Snca/Nr4a2	3
GO:0006817	phosphate ion transport	1/137	27/17474	0.037037037037037035	4.723979453906461	1.7214159600483325	0.19158441977253104	0.5759119857534233	0.5665831832102974	Slc17a6	1
GO:0032703	negative regulation of interleukin-2 production	1/137	27/17474	0.037037037037037035	4.723979453906461	1.7214159600483325	0.19158441977253104	0.5759119857534233	0.5665831832102974	Cd276	1
GO:0045648	positive regulation of erythrocyte differentiation	1/137	27/17474	0.037037037037037035	4.723979453906461	1.7214159600483325	0.19158441977253104	0.5759119857534233	0.5665831832102974	Hmgb2	1
GO:0045742	positive regulation of epidermal growth factor receptor signaling pathway	1/137	27/17474	0.037037037037037035	4.723979453906461	1.7214159600483325	0.19158441977253104	0.5759119857534233	0.5665831832102974	Spry2	1
GO:0045780	positive regulation of bone resorption	1/137	27/17474	0.037037037037037035	4.723979453906461	1.7214159600483325	0.19158441977253104	0.5759119857534233	0.5665831832102974	Dcstamp	1
GO:0046688	response to copper ion	1/137	27/17474	0.037037037037037035	4.723979453906461	1.7214159600483325	0.19158441977253104	0.5759119857534233	0.5665831832102974	Snca	1
GO:0050891	multicellular organismal-level water homeostasis	1/137	27/17474	0.037037037037037035	4.723979453906461	1.7214159600483325	0.19158441977253104	0.5759119857534233	0.5665831832102974	Aqp6	1
GO:0060143	positive regulation of syncytium formation by plasma membrane fusion	1/137	27/17474	0.037037037037037035	4.723979453906461	1.7214159600483325	0.19158441977253104	0.5759119857534233	0.5665831832102974	Dcstamp	1
GO:0070536	protein K63-linked deubiquitination	1/137	27/17474	0.037037037037037035	4.723979453906461	1.7214159600483325	0.19158441977253104	0.5759119857534233	0.5665831832102974	Otud1	1
GO:0072170	metanephric tubule development	1/137	27/17474	0.037037037037037035	4.723979453906461	1.7214159600483325	0.19158441977253104	0.5759119857534233	0.5665831832102974	Pou3f3	1
GO:1902547	regulation of cellular response to vascular endothelial growth factor stimulus	1/137	27/17474	0.037037037037037035	4.723979453906461	1.7214159600483325	0.19158441977253104	0.5759119857534233	0.5665831832102974	Spry2	1
GO:1903489	positive regulation of lactation	1/137	27/17474	0.037037037037037035	4.723979453906461	1.7214159600483325	0.19158441977253104	0.5759119857534233	0.5665831832102974	Prl	1
GO:1903672	positive regulation of sprouting angiogenesis	1/137	27/17474	0.037037037037037035	4.723979453906461	1.7214159600483325	0.19158441977253104	0.5759119857534233	0.5665831832102974	Fgf1	1
GO:1905874	regulation of postsynaptic density organization	1/137	27/17474	0.037037037037037035	4.723979453906461	1.7214159600483325	0.19158441977253104	0.5759119857534233	0.5665831832102974	Dbn1	1
GO:2000050	regulation of non-canonical Wnt signaling pathway	1/137	27/17474	0.037037037037037035	4.723979453906461	1.7214159600483325	0.19158441977253104	0.5759119857534233	0.5665831832102974	Sfrp5	1
GO:0060562	epithelial tube morphogenesis	5/137	390/17474	0.01282051282051282	1.6352236571214673	1.12777180661245	0.19202812986753945	0.5759119857534233	0.5665831832102974	Fgf1/Spry2/Zic3/Tgif1/Ift57	5
GO:0010586	miRNA metabolic process	2/137	103/17474	0.019417475728155338	2.4766494224363966	1.3361051854866088	0.1934306302242402	0.5759119857534233	0.5665831832102974	Prl/Carlr	2
GO:0097120	receptor localization to synapse	2/137	103/17474	0.019417475728155338	2.4766494224363966	1.3361051854866088	0.1934306302242402	0.5759119857534233	0.5665831832102974	Dbn1/Cacna2d2	2
GO:0001894	tissue homeostasis	4/137	291/17474	0.013745704467353952	1.7532294880477588	1.1518113683250701	0.19508351443523236	0.5759119857534233	0.5665831832102974	Col9a1/Tff3/Ptgs1/Dcstamp	4
GO:0060249	anatomical structure homeostasis	4/137	291/17474	0.013745704467353952	1.7532294880477588	1.1518113683250701	0.19508351443523236	0.5759119857534233	0.5665831832102974	Col9a1/Tff3/Ptgs1/Dcstamp	4
GO:0009063	amino acid catabolic process	2/137	104/17474	0.019230769230769232	2.452835485682201	1.3209617639276965	0.1962733331463664	0.5759119857534233	0.5665831832102974	Hgd/Tdo2	2
GO:0006929	substrate-dependent cell migration	1/137	28/17474	0.03571428571428571	4.5552659019812305	1.6736329465970927	0.19793238414985437	0.5759119857534233	0.5665831832102974	Itgb1bp1	1
GO:0007289	spermatid nucleus differentiation	1/137	28/17474	0.03571428571428571	4.5552659019812305	1.6736329465970927	0.19793238414985437	0.5759119857534233	0.5665831832102974	Hmgb2	1
GO:0009218	pyrimidine ribonucleotide metabolic process	1/137	28/17474	0.03571428571428571	4.5552659019812305	1.6736329465970927	0.19793238414985437	0.5759119857534233	0.5665831832102974	Dpys	1
GO:0014821	phasic smooth muscle contraction	1/137	28/17474	0.03571428571428571	4.5552659019812305	1.6736329465970927	0.19793238414985437	0.5759119857534233	0.5665831832102974	Edn2	1
GO:0033622	integrin activation	1/137	28/17474	0.03571428571428571	4.5552659019812305	1.6736329465970927	0.19793238414985437	0.5759119857534233	0.5665831832102974	Itgb1bp1	1
GO:0042430	indole-containing compound metabolic process	1/137	28/17474	0.03571428571428571	4.5552659019812305	1.6736329465970927	0.19793238414985437	0.5759119857534233	0.5665831832102974	Tdo2	1
GO:0045187	regulation of circadian sleep/wake cycle, sleep	1/137	28/17474	0.03571428571428571	4.5552659019812305	1.6736329465970927	0.19793238414985437	0.5759119857534233	0.5665831832102974	Kcna2	1
GO:0045475	locomotor rhythm	1/137	28/17474	0.03571428571428571	4.5552659019812305	1.6736329465970927	0.19793238414985437	0.5759119857534233	0.5665831832102974	Oprl1	1
GO:0050926	regulation of positive chemotaxis	1/137	28/17474	0.03571428571428571	4.5552659019812305	1.6736329465970927	0.19793238414985437	0.5759119857534233	0.5665831832102974	Scg2	1
GO:0072010	glomerular epithelium development	1/137	28/17474	0.03571428571428571	4.5552659019812305	1.6736329465970927	0.19793238414985437	0.5759119857534233	0.5665831832102974	Foxj1	1
GO:0098901	regulation of cardiac muscle cell action potential	1/137	28/17474	0.03571428571428571	4.5552659019812305	1.6736329465970927	0.19793238414985437	0.5759119857534233	0.5665831832102974	Dsc2	1
GO:1903487	regulation of lactation	1/137	28/17474	0.03571428571428571	4.5552659019812305	1.6736329465970927	0.19793238414985437	0.5759119857534233	0.5665831832102974	Prl	1
GO:1905207	regulation of cardiocyte differentiation	1/137	28/17474	0.03571428571428571	4.5552659019812305	1.6736329465970927	0.19793238414985437	0.5759119857534233	0.5665831832102974	Fzd7	1
GO:2000737	negative regulation of stem cell differentiation	1/137	28/17474	0.03571428571428571	4.5552659019812305	1.6736329465970927	0.19793238414985437	0.5759119857534233	0.5665831832102974	Zfp36l2	1
GO:2000819	regulation of nucleotide-excision repair	1/137	28/17474	0.03571428571428571	4.5552659019812305	1.6736329465970927	0.19793238414985437	0.5759119857534233	0.5665831832102974	Ercc8	1
GO:0010717	regulation of epithelial to mesenchymal transition	2/137	105/17474	0.01904761904761905	2.429475147723323	1.3059931489039454	0.19912132707951546	0.5759119857534233	0.5665831832102974	Spry2/Vasn	2
GO:0035924	cellular response to vascular endothelial growth factor stimulus	2/137	105/17474	0.01904761904761905	2.429475147723323	1.3059931489039454	0.19912132707951546	0.5759119857534233	0.5665831832102974	Spry2/Itgb1bp1	2
GO:0051101	regulation of DNA binding	2/137	105/17474	0.01904761904761905	2.429475147723323	1.3059931489039454	0.19912132707951546	0.5759119857534233	0.5665831832102974	Runx1t1/Hmgb2	2
GO:0052547	regulation of peptidase activity	2/137	105/17474	0.01904761904761905	2.429475147723323	1.3059931489039454	0.19912132707951546	0.5759119857534233	0.5665831832102974	Serpinb8/Serpinb1b	2
GO:0045165	cell fate commitment	4/137	294/17474	0.013605442176870748	1.735339391230945	1.1303344500422994	0.19988874113365782	0.5759119857534233	0.5665831832102974	Spry2/Fzd7/Lhx3/Dhh	4
GO:0031400	negative regulation of protein modification process	5/137	397/17474	0.012594458438287154	1.606390998179779	1.086423765492233	0.2015719346702087	0.5759119857534233	0.5665831832102974	Spry2/Heg1/Snca/Itgb1bp1/Sfrp5	5
GO:0050803	regulation of synapse structure or activity	5/137	397/17474	0.012594458438287154	1.606390998179779	1.086423765492233	0.2015719346702087	0.5759119857534233	0.5665831832102974	Flrt3/Dbn1/Slitrk2/Snca/Slc17a6	5
GO:0001843	neural tube closure	2/137	106/17474	0.018867924528301886	2.4065555708580084	1.291195399503801	0.20197435678186323	0.5759119857534233	0.5665831832102974	Tgif1/Ift57	2
GO:0002027	regulation of heart rate	2/137	106/17474	0.018867924528301886	2.4065555708580084	1.291195399503801	0.20197435678186323	0.5759119857534233	0.5665831832102974	Edn2/Dsc2	2
GO:0060993	kidney morphogenesis	2/137	106/17474	0.018867924528301886	2.4065555708580084	1.291195399503801	0.20197435678186323	0.5759119857534233	0.5665831832102974	Fgf1/Foxj1	2
GO:0072080	nephron tubule development	2/137	106/17474	0.018867924528301886	2.4065555708580084	1.291195399503801	0.20197435678186323	0.5759119857534233	0.5665831832102974	Fgf1/Pou3f3	2
GO:0001919	regulation of receptor recycling	1/137	29/17474	0.034482758620689655	4.398187767430153	1.6280507237931658	0.2042308630774866	0.5759119857534233	0.5665831832102974	Snca	1
GO:0002507	tolerance induction	1/137	29/17474	0.034482758620689655	4.398187767430153	1.6280507237931658	0.2042308630774866	0.5759119857534233	0.5665831832102974	Foxj1	1
GO:0010165	response to X-ray	1/137	29/17474	0.034482758620689655	4.398187767430153	1.6280507237931658	0.2042308630774866	0.5759119857534233	0.5665831832102974	Ercc8	1
GO:0021602	cranial nerve morphogenesis	1/137	29/17474	0.034482758620689655	4.398187767430153	1.6280507237931658	0.2042308630774866	0.5759119857534233	0.5665831832102974	Kcna2	1
GO:0031579	membrane raft organization	1/137	29/17474	0.034482758620689655	4.398187767430153	1.6280507237931658	0.2042308630774866	0.5759119857534233	0.5665831832102974	Cav2	1
GO:0035988	chondrocyte proliferation	1/137	29/17474	0.034482758620689655	4.398187767430153	1.6280507237931658	0.2042308630774866	0.5759119857534233	0.5665831832102974	Col9a1	1
GO:0045932	negative regulation of muscle contraction	1/137	29/17474	0.034482758620689655	4.398187767430153	1.6280507237931658	0.2042308630774866	0.5759119857534233	0.5665831832102974	Dbn1	1
GO:0048521	negative regulation of behavior	1/137	29/17474	0.034482758620689655	4.398187767430153	1.6280507237931658	0.2042308630774866	0.5759119857534233	0.5665831832102974	Dbn1	1
GO:0060795	cell fate commitment involved in formation of primary germ layer	1/137	29/17474	0.034482758620689655	4.398187767430153	1.6280507237931658	0.2042308630774866	0.5759119857534233	0.5665831832102974	Fzd7	1
GO:0099188	postsynaptic cytoskeleton organization	1/137	29/17474	0.034482758620689655	4.398187767430153	1.6280507237931658	0.2042308630774866	0.5759119857534233	0.5665831832102974	Dbn1	1
GO:1901186	positive regulation of ERBB signaling pathway	1/137	29/17474	0.034482758620689655	4.398187767430153	1.6280507237931658	0.2042308630774866	0.5759119857534233	0.5665831832102974	Spry2	1
GO:1903861	positive regulation of dendrite extension	1/137	29/17474	0.034482758620689655	4.398187767430153	1.6280507237931658	0.2042308630774866	0.5759119857534233	0.5665831832102974	Rnf157	1
GO:2001032	regulation of double-strand break repair via nonhomologous end joining	1/137	29/17474	0.034482758620689655	4.398187767430153	1.6280507237931658	0.2042308630774866	0.5759119857534233	0.5665831832102974	Shld1	1
GO:0033135	regulation of peptidyl-serine phosphorylation	2/137	107/17474	0.018691588785046728	2.3840643972985878	1.2765647012995927	0.20483217063285325	0.5759119857534233	0.5665831832102974	Spry2/Snca	2
GO:0060606	tube closure	2/137	107/17474	0.018691588785046728	2.3840643972985878	1.2765647012995927	0.20483217063285325	0.5759119857534233	0.5665831832102974	Tgif1/Ift57	2
GO:0002695	negative regulation of leukocyte activation	3/137	200/17474	0.015	1.913211678832117	1.1546411856641152	0.20732339965061464	0.5759119857534233	0.5665831832102974	Zfp608/Cd276/Foxj1	3
GO:0042116	macrophage activation	2/137	108/17474	0.018518518518518517	2.3619897269532304	1.2620973611284867	0.2076945205928119	0.5759119857534233	0.5665831832102974	Edn2/Snca	2
GO:0046849	bone remodeling	2/137	108/17474	0.018518518518518517	2.3619897269532304	1.2620973611284867	0.2076945205928119	0.5759119857534233	0.5665831832102974	P3h4/Dcstamp	2
GO:0007612	learning	3/137	201/17474	0.014925373134328358	1.9036932127682753	1.1454923947845026	0.20934871610805683	0.5759119857534233	0.5665831832102974	Oprl1/Rag1/Ptgs1	3
GO:0045927	positive regulation of growth	4/137	300/17474	0.013333333333333334	1.7006326034063262	1.0881087145544173	0.2096057872131953	0.5759119857534233	0.5665831832102974	Islr2/Dbn1/Rnf157/Cacna2d2	4
GO:0003156	regulation of animal organ formation	1/137	30/17474	0.03333333333333333	4.251581508515815	1.584489191018225	0.21048023950387706	0.5759119857534233	0.5665831832102974	Fgf1	1
GO:0003338	metanephros morphogenesis	1/137	30/17474	0.03333333333333333	4.251581508515815	1.584489191018225	0.21048023950387706	0.5759119857534233	0.5665831832102974	Foxj1	1
GO:0006027	glycosaminoglycan catabolic process	1/137	30/17474	0.03333333333333333	4.251581508515815	1.584489191018225	0.21048023950387706	0.5759119857534233	0.5665831832102974	Spam1	1
GO:0006891	intra-Golgi vesicle-mediated transport	1/137	30/17474	0.03333333333333333	4.251581508515815	1.584489191018225	0.21048023950387706	0.5759119857534233	0.5665831832102974	Cog5	1
GO:0010039	response to iron ion	1/137	30/17474	0.03333333333333333	4.251581508515815	1.584489191018225	0.21048023950387706	0.5759119857534233	0.5665831832102974	Snca	1
GO:0010460	positive regulation of heart rate	1/137	30/17474	0.03333333333333333	4.251581508515815	1.584489191018225	0.21048023950387706	0.5759119857534233	0.5665831832102974	Edn2	1
GO:0010592	positive regulation of lamellipodium assembly	1/137	30/17474	0.03333333333333333	4.251581508515815	1.584489191018225	0.21048023950387706	0.5759119857534233	0.5665831832102974	Auts2	1
GO:0014829	vascular associated smooth muscle contraction	1/137	30/17474	0.03333333333333333	4.251581508515815	1.584489191018225	0.21048023950387706	0.5759119857534233	0.5665831832102974	Edn2	1
GO:0031340	positive regulation of vesicle fusion	1/137	30/17474	0.03333333333333333	4.251581508515815	1.584489191018225	0.21048023950387706	0.5759119857534233	0.5665831832102974	Snca	1
GO:0035767	endothelial cell chemotaxis	1/137	30/17474	0.03333333333333333	4.251581508515815	1.584489191018225	0.21048023950387706	0.5759119857534233	0.5665831832102974	Fgf1	1
GO:0046339	diacylglycerol metabolic process	1/137	30/17474	0.03333333333333333	4.251581508515815	1.584489191018225	0.21048023950387706	0.5759119857534233	0.5665831832102974	Dagla	1
GO:0051894	positive regulation of focal adhesion assembly	1/137	30/17474	0.03333333333333333	4.251581508515815	1.584489191018225	0.21048023950387706	0.5759119857534233	0.5665831832102974	Itgb1bp1	1
GO:0071295	cellular response to vitamin	1/137	30/17474	0.03333333333333333	4.251581508515815	1.584489191018225	0.21048023950387706	0.5759119857534233	0.5665831832102974	Phex	1
GO:0086005	ventricular cardiac muscle cell action potential	1/137	30/17474	0.03333333333333333	4.251581508515815	1.584489191018225	0.21048023950387706	0.5759119857534233	0.5665831832102974	Dsc2	1
GO:0098810	neurotransmitter reuptake	1/137	30/17474	0.03333333333333333	4.251581508515815	1.584489191018225	0.21048023950387706	0.5759119857534233	0.5665831832102974	Snca	1
GO:1902042	negative regulation of extrinsic apoptotic signaling pathway via death domain receptors	1/137	30/17474	0.03333333333333333	4.251581508515815	1.584489191018225	0.21048023950387706	0.5759119857534233	0.5665831832102974	Hmgb2	1
GO:0010595	positive regulation of endothelial cell migration	2/137	109/17474	0.01834862385321101	2.340320096430724	1.2477898021353557	0.2105611621629684	0.5759119857534233	0.5665831832102974	Fgf1/Itgb1bp1	2
GO:0007369	gastrulation	3/137	202/17474	0.01485148514851485	1.8942689889426896	1.1363957170500802	0.21137851765198445	0.5759119857534233	0.5665831832102974	Fzd7/Zic3/Tgif1	3
GO:0007416	synapse assembly	4/137	302/17474	0.013245033112582781	1.6893701358340987	1.07424302978006	0.21287500098208448	0.5759119857534233	0.5665831832102974	Flrt3/Csmd2/Slitrk2/Snca	4
GO:0032642	regulation of chemokine production	2/137	110/17474	0.01818181818181818	2.3190444591904447	1.2336385590621322	0.21343185434587353	0.5759119857534233	0.5665831832102974	Chia1/Chil5	2
GO:0035282	segmentation	2/137	110/17474	0.01818181818181818	2.3190444591904447	1.2336385590621322	0.21343185434587353	0.5759119857534233	0.5665831832102974	Zic3/Ripply2	2
GO:0036503	ERAD pathway	2/137	110/17474	0.01818181818181818	2.3190444591904447	1.2336385590621322	0.21343185434587353	0.5759119857534233	0.5665831832102974	Nrros/Fbxo2	2
GO:0060349	bone morphogenesis	2/137	110/17474	0.01818181818181818	2.3190444591904447	1.2336385590621322	0.21343185434587353	0.5759119857534233	0.5665831832102974	Col9a1/Ripply2	2
GO:0001818	negative regulation of cytokine production	4/137	303/17474	0.013201320132013201	1.6837946568379465	1.0673485648750103	0.21451505765139015	0.5759119857534233	0.5665831832102974	Serpinb1b/Cd83/Cd276/Foxj1	4
GO:0031396	regulation of protein ubiquitination	3/137	204/17474	0.014705882352941176	1.8756977243452124	1.118356286868623	0.21545120757301375	0.5759119857534233	0.5665831832102974	Cd300ld3/Spry2/Fbxo2	3
GO:0007159	leukocyte cell-cell adhesion	5/137	407/17474	0.012285012285012284	1.5669219318854353	1.0287241047238467	0.21548015553923727	0.5759119857534233	0.5665831832102974	Rag1/Zfp608/Cd83/Cd276/Foxj1	5
GO:0001657	ureteric bud development	2/137	111/17474	0.018018018018018018	2.2981521667653055	1.219640273769259	0.2163063596062137	0.5759119857534233	0.5665831832102974	Fgf1/Foxj1	2
GO:0003333	amino acid transmembrane transport	2/137	111/17474	0.018018018018018018	2.2981521667653055	1.219640273769259	0.2163063596062137	0.5759119857534233	0.5665831832102974	Slc6a6/Slc17a6	2
GO:0006835	dicarboxylic acid transport	2/137	111/17474	0.018018018018018018	2.2981521667653055	1.219640273769259	0.2163063596062137	0.5759119857534233	0.5665831832102974	Snca/Slc17a6	2
GO:0045639	positive regulation of myeloid cell differentiation	2/137	111/17474	0.018018018018018018	2.2981521667653055	1.219640273769259	0.2163063596062137	0.5759119857534233	0.5665831832102974	Hmgb2/Dcstamp	2
GO:0003094	glomerular filtration	1/137	31/17474	0.03225806451612903	4.11443371791853	1.54278851263936	0.21668089343577157	0.5759119857534233	0.5665831832102974	Ttr	1
GO:0003209	cardiac atrium morphogenesis	1/137	31/17474	0.03225806451612903	4.11443371791853	1.54278851263936	0.21668089343577157	0.5759119857534233	0.5665831832102974	Heg1	1
GO:0006837	serotonin transport	1/137	31/17474	0.03225806451612903	4.11443371791853	1.54278851263936	0.21668089343577157	0.5759119857534233	0.5665831832102974	Snca	1
GO:0009162	deoxyribonucleoside monophosphate metabolic process	1/137	31/17474	0.03225806451612903	4.11443371791853	1.54278851263936	0.21668089343577157	0.5759119857534233	0.5665831832102974	Dpys	1
GO:0032673	regulation of interleukin-4 production	1/137	31/17474	0.03225806451612903	4.11443371791853	1.54278851263936	0.21668089343577157	0.5759119857534233	0.5665831832102974	Cd83	1
GO:0032691	negative regulation of interleukin-1 beta production	1/137	31/17474	0.03225806451612903	4.11443371791853	1.54278851263936	0.21668089343577157	0.5759119857534233	0.5665831832102974	Serpinb1b	1
GO:0032958	inositol phosphate biosynthetic process	1/137	31/17474	0.03225806451612903	4.11443371791853	1.54278851263936	0.21668089343577157	0.5759119857534233	0.5665831832102974	Snca	1
GO:0050802	circadian sleep/wake cycle, sleep	1/137	31/17474	0.03225806451612903	4.11443371791853	1.54278851263936	0.21668089343577157	0.5759119857534233	0.5665831832102974	Kcna2	1
GO:0051590	positive regulation of neurotransmitter transport	1/137	31/17474	0.03225806451612903	4.11443371791853	1.54278851263936	0.21668089343577157	0.5759119857534233	0.5665831832102974	Snca	1
GO:0060004	reflex	1/137	31/17474	0.03225806451612903	4.11443371791853	1.54278851263936	0.21668089343577157	0.5759119857534233	0.5665831832102974	Auts2	1
GO:0060964	regulation of miRNA-mediated gene silencing	1/137	31/17474	0.03225806451612903	4.11443371791853	1.54278851263936	0.21668089343577157	0.5759119857534233	0.5665831832102974	Carlr	1
GO:0061484	hematopoietic stem cell homeostasis	1/137	31/17474	0.03225806451612903	4.11443371791853	1.54278851263936	0.21668089343577157	0.5759119857534233	0.5665831832102974	Emcn	1
GO:0070233	negative regulation of T cell apoptotic process	1/137	31/17474	0.03225806451612903	4.11443371791853	1.54278851263936	0.21668089343577157	0.5759119857534233	0.5665831832102974	Rag1	1
GO:0072207	metanephric epithelium development	1/137	31/17474	0.03225806451612903	4.11443371791853	1.54278851263936	0.21668089343577157	0.5759119857534233	0.5665831832102974	Pou3f3	1
GO:0150077	regulation of neuroinflammatory response	1/137	31/17474	0.03225806451612903	4.11443371791853	1.54278851263936	0.21668089343577157	0.5759119857534233	0.5665831832102974	Dagla	1
GO:1900745	positive regulation of p38MAPK cascade	1/137	31/17474	0.03225806451612903	4.11443371791853	1.54278851263936	0.21668089343577157	0.5759119857534233	0.5665831832102974	Dsc2	1
GO:0051260	protein homooligomerization	3/137	205/17474	0.014634146341463415	1.8665479793484065	1.1094123524657011	0.2174939126504878	0.5759119857534233	0.5665831832102974	Kctd12/Kcna2/Tdo2	3
GO:1901888	regulation of cell junction assembly	4/137	305/17474	0.013114754098360656	1.672753380399665	1.0536354044730214	0.21780583467785916	0.5759119857534233	0.5665831832102974	Flrt3/Slitrk2/Snca/Itgb1bp1	4
GO:0061326	renal tubule development	2/137	112/17474	0.017857142857142856	2.2776329509906152	1.2057916909758124	0.2191844438320182	0.5759119857534233	0.5665831832102974	Fgf1/Pou3f3	2
GO:0072163	mesonephric epithelium development	2/137	112/17474	0.017857142857142856	2.2776329509906152	1.2057916909758124	0.2191844438320182	0.5759119857534233	0.5665831832102974	Fgf1/Foxj1	2
GO:0072164	mesonephric tubule development	2/137	112/17474	0.017857142857142856	2.2776329509906152	1.2057916909758124	0.2191844438320182	0.5759119857534233	0.5665831832102974	Fgf1/Foxj1	2
GO:1902476	chloride transmembrane transport	2/137	112/17474	0.017857142857142856	2.2776329509906152	1.2057916909758124	0.2191844438320182	0.5759119857534233	0.5665831832102974	Aqp6/Slc17a6	2
GO:1990266	neutrophil migration	2/137	112/17474	0.017857142857142856	2.2776329509906152	1.2057916909758124	0.2191844438320182	0.5759119857534233	0.5665831832102974	Edn2/Cxcl2	2
GO:0051054	positive regulation of DNA metabolic process	4/137	306/17474	0.013071895424836602	1.6672868660846334	1.0468163213266861	0.21945646073801697	0.5759119857534233	0.5665831832102974	Tnfsf13/Brpf3/Ercc8/Shld1	4
GO:0060070	canonical Wnt signaling pathway	4/137	306/17474	0.013071895424836602	1.6672868660846334	1.0468163213266861	0.21945646073801697	0.5759119857534233	0.5665831832102974	Fzd7/Amer2/Asb15/Sfrp5	4
GO:0070372	regulation of ERK1 and ERK2 cascade	4/137	306/17474	0.013071895424836602	1.6672868660846334	1.0468163213266861	0.21945646073801697	0.5759119857534233	0.5665831832102974	Fgf1/Spry2/Fgf20/Itgb1bp1	4
GO:0034612	response to tumor necrosis factor	3/137	206/17474	0.014563106796116505	1.857487066827298	1.1005181668632715	0.21954073622712267	0.5759119857534233	0.5665831832102974	Dbn1/Dcstamp/Zfp36l2	3
GO:0070374	positive regulation of ERK1 and ERK2 cascade	3/137	206/17474	0.014563106796116505	1.857487066827298	1.1005181668632715	0.21954073622712267	0.5759119857534233	0.5665831832102974	Fgf1/Spry2/Fgf20	3
GO:0022408	negative regulation of cell-cell adhesion	3/137	207/17474	0.014492753623188406	1.8485136993547022	1.0916731632374972	0.22159158759318337	0.5759119857534233	0.5665831832102974	Zfp608/Cd276/Foxj1	3
GO:0051963	regulation of synapse assembly	3/137	207/17474	0.014492753623188406	1.8485136993547022	1.0916731632374972	0.22159158759318337	0.5759119857534233	0.5665831832102974	Flrt3/Slitrk2/Snca	3
GO:0014020	primary neural tube formation	2/137	113/17474	0.017699115044247787	2.257476907176539	1.192089654205758	0.2220658762962529	0.5759119857534233	0.5665831832102974	Tgif1/Ift57	2
GO:0032231	regulation of actin filament bundle assembly	2/137	113/17474	0.017699115044247787	2.257476907176539	1.192089654205758	0.2220658762962529	0.5759119857534233	0.5665831832102974	Dbn1/Itgb1bp1	2
GO:0001945	lymph vessel development	1/137	32/17474	0.03125	3.985857664233577	1.5028062639170694	0.22283320196064116	0.5759119857534233	0.5665831832102974	Heg1	1
GO:0001963	synaptic transmission, dopaminergic	1/137	32/17474	0.03125	3.985857664233577	1.5028062639170694	0.22283320196064116	0.5759119857534233	0.5665831832102974	Snca	1
GO:0003071	renal system process involved in regulation of systemic arterial blood pressure	1/137	32/17474	0.03125	3.985857664233577	1.5028062639170694	0.22283320196064116	0.5759119857534233	0.5665831832102974	Ttr	1
GO:0003416	endochondral bone growth	1/137	32/17474	0.03125	3.985857664233577	1.5028062639170694	0.22283320196064116	0.5759119857534233	0.5665831832102974	Col9a1	1
GO:0007602	phototransduction	1/137	32/17474	0.03125	3.985857664233577	1.5028062639170694	0.22283320196064116	0.5759119857534233	0.5665831832102974	Ttr	1
GO:0008045	motor neuron axon guidance	1/137	32/17474	0.03125	3.985857664233577	1.5028062639170694	0.22283320196064116	0.5759119857534233	0.5665831832102974	Lhx3	1
GO:0010893	positive regulation of steroid biosynthetic process	1/137	32/17474	0.03125	3.985857664233577	1.5028062639170694	0.22283320196064116	0.5759119857534233	0.5665831832102974	Fgf1	1
GO:0021952	central nervous system projection neuron axonogenesis	1/137	32/17474	0.03125	3.985857664233577	1.5028062639170694	0.22283320196064116	0.5759119857534233	0.5665831832102974	Nr4a2	1
GO:0040036	regulation of fibroblast growth factor receptor signaling pathway	1/137	32/17474	0.03125	3.985857664233577	1.5028062639170694	0.22283320196064116	0.5759119857534233	0.5665831832102974	Spry2	1
GO:0042537	benzene-containing compound metabolic process	1/137	32/17474	0.03125	3.985857664233577	1.5028062639170694	0.22283320196064116	0.5759119857534233	0.5665831832102974	Tdo2	1
GO:0042749	regulation of circadian sleep/wake cycle	1/137	32/17474	0.03125	3.985857664233577	1.5028062639170694	0.22283320196064116	0.5759119857534233	0.5665831832102974	Kcna2	1
GO:0048011	neurotrophin TRK receptor signaling pathway	1/137	32/17474	0.03125	3.985857664233577	1.5028062639170694	0.22283320196064116	0.5759119857534233	0.5665831832102974	Spry2	1
GO:0060416	response to growth hormone	1/137	32/17474	0.03125	3.985857664233577	1.5028062639170694	0.22283320196064116	0.5759119857534233	0.5665831832102974	Phex	1
GO:0060977	coronary vasculature morphogenesis	1/137	32/17474	0.03125	3.985857664233577	1.5028062639170694	0.22283320196064116	0.5759119857534233	0.5665831832102974	Fgf1	1
GO:0061003	positive regulation of dendritic spine morphogenesis	1/137	32/17474	0.03125	3.985857664233577	1.5028062639170694	0.22283320196064116	0.5759119857534233	0.5665831832102974	Dbn1	1
GO:0072574	hepatocyte proliferation	1/137	32/17474	0.03125	3.985857664233577	1.5028062639170694	0.22283320196064116	0.5759119857534233	0.5665831832102974	Fgf1	1
GO:0072575	epithelial cell proliferation involved in liver morphogenesis	1/137	32/17474	0.03125	3.985857664233577	1.5028062639170694	0.22283320196064116	0.5759119857534233	0.5665831832102974	Fgf1	1
GO:1990000	amyloid fibril formation	1/137	32/17474	0.03125	3.985857664233577	1.5028062639170694	0.22283320196064116	0.5759119857534233	0.5665831832102974	Snca	1
GO:0007265	Ras protein signal transduction	2/137	114/17474	0.017543859649122806	2.2376744781662183	1.1785311019286289	0.22495042961879977	0.5806221382456731	0.5712170391787117	Spry2/Rasgef1b	2
GO:0021543	pallium development	3/137	209/17474	0.014354066985645933	1.8308245730450878	1.0741284808817941	0.2257050127911426	0.5806221382456731	0.5712170391787117	Kcna2/Pou3f3/Zic3	3
GO:0001649	osteoblast differentiation	3/137	210/17474	0.014285714285714285	1.822106360792492	1.0654277141789354	0.22776740715617108	0.5806221382456731	0.5712170391787117	Pdlim7/Dhh/Cd276	3
GO:0001823	mesonephros development	2/137	115/17474	0.017391304347826087	2.2182164392256425	1.1651130638836749	0.2278378797288172	0.5806221382456731	0.5712170391787117	Fgf1/Foxj1	2
GO:0042310	vasoconstriction	2/137	115/17474	0.017391304347826087	2.2182164392256425	1.1651130638836749	0.2278378797288172	0.5806221382456731	0.5712170391787117	Edn2/Ptgs1	2
GO:1902106	negative regulation of leukocyte differentiation	2/137	115/17474	0.017391304347826087	2.2182164392256425	1.1651130638836749	0.2278378797288172	0.5806221382456731	0.5712170391787117	Zfp608/Foxj1	2
GO:0016082	synaptic vesicle priming	1/137	33/17474	0.030303030303030304	3.865074098650741	1.4644150543455154	0.2289375392689429	0.5806221382456731	0.5712170391787117	Snca	1
GO:0021522	spinal cord motor neuron differentiation	1/137	33/17474	0.030303030303030304	3.865074098650741	1.4644150543455154	0.2289375392689429	0.5806221382456731	0.5712170391787117	Lhx3	1
GO:0022038	corpus callosum development	1/137	33/17474	0.030303030303030304	3.865074098650741	1.4644150543455154	0.2289375392689429	0.5806221382456731	0.5712170391787117	Kcna2	1
GO:0035020	regulation of Rac protein signal transduction	1/137	33/17474	0.030303030303030304	3.865074098650741	1.4644150543455154	0.2289375392689429	0.5806221382456731	0.5712170391787117	Auts2	1
GO:0043247	telomere maintenance in response to DNA damage	1/137	33/17474	0.030303030303030304	3.865074098650741	1.4644150543455154	0.2289375392689429	0.5806221382456731	0.5712170391787117	Shld1	1
GO:0090314	positive regulation of protein targeting to membrane	1/137	33/17474	0.030303030303030304	3.865074098650741	1.4644150543455154	0.2289375392689429	0.5806221382456731	0.5712170391787117	Itgb1bp1	1
GO:1900368	regulation of post-transcriptional gene silencing by regulatory ncRNA	1/137	33/17474	0.030303030303030304	3.865074098650741	1.4644150543455154	0.2289375392689429	0.5806221382456731	0.5712170391787117	Carlr	1
GO:1903859	regulation of dendrite extension	1/137	33/17474	0.030303030303030304	3.865074098650741	1.4644150543455154	0.2289375392689429	0.5806221382456731	0.5712170391787117	Rnf157	1
GO:2000352	negative regulation of endothelial cell apoptotic process	1/137	33/17474	0.030303030303030304	3.865074098650741	1.4644150543455154	0.2289375392689429	0.5806221382456731	0.5712170391787117	Scg2	1
GO:1902107	positive regulation of leukocyte differentiation	3/137	211/17474	0.014218009478672985	1.8134707856228593	1.0567739531276685	0.22983347038727167	0.5814443765767545	0.572025958636035	Rag1/Cd83/Dcstamp	3
GO:1903708	positive regulation of hemopoiesis	3/137	211/17474	0.014218009478672985	1.8134707856228593	1.0567739531276685	0.22983347038727167	0.5814443765767545	0.572025958636035	Rag1/Cd83/Dcstamp	3
GO:0006939	smooth muscle contraction	2/137	116/17474	0.017241379310344827	2.1990938837150766	1.1518326575772355	0.23072800582747793	0.5822590122246776	0.5728273985608405	Edn2/Ptgs1	2
GO:0061387	regulation of extent of cell growth	2/137	116/17474	0.017241379310344827	2.1990938837150766	1.1518326575772355	0.23072800582747793	0.5822590122246776	0.5728273985608405	Islr2/Dbn1	2
GO:0061351	neural precursor cell proliferation	3/137	212/17474	0.014150943396226415	1.8049166781435064	1.0481666754409846	0.23190311375846778	0.5844992978745024	0.5750313953627434	Dbn1/Pou3f3/Dagla	3
GO:0015813	L-glutamate transmembrane transport	1/137	34/17474	0.029411764705882353	3.751395448690425	1.427500536715918	0.2349942766762103	0.5857577925973183	0.576269504594267	Slc17a6	1
GO:0022410	circadian sleep/wake cycle process	1/137	34/17474	0.029411764705882353	3.751395448690425	1.427500536715918	0.2349942766762103	0.5857577925973183	0.576269504594267	Kcna2	1
GO:0043372	positive regulation of CD4-positive, alpha-beta T cell differentiation	1/137	34/17474	0.029411764705882353	3.751395448690425	1.427500536715918	0.2349942766762103	0.5857577925973183	0.576269504594267	Cd83	1
GO:0048384	retinoic acid receptor signaling pathway	1/137	34/17474	0.029411764705882353	3.751395448690425	1.427500536715918	0.2349942766762103	0.5857577925973183	0.576269504594267	Tgif1	1
GO:0060142	regulation of syncytium formation by plasma membrane fusion	1/137	34/17474	0.029411764705882353	3.751395448690425	1.427500536715918	0.2349942766762103	0.5857577925973183	0.576269504594267	Dcstamp	1
GO:0060147	regulation of post-transcriptional gene silencing	1/137	34/17474	0.029411764705882353	3.751395448690425	1.427500536715918	0.2349942766762103	0.5857577925973183	0.576269504594267	Carlr	1
GO:0097205	renal filtration	1/137	34/17474	0.029411764705882353	3.751395448690425	1.427500536715918	0.2349942766762103	0.5857577925973183	0.576269504594267	Ttr	1
GO:0150117	positive regulation of cell-substrate junction organization	1/137	34/17474	0.029411764705882353	3.751395448690425	1.427500536715918	0.2349942766762103	0.5857577925973183	0.576269504594267	Itgb1bp1	1
GO:1902473	regulation of protein localization to synapse	1/137	34/17474	0.029411764705882353	3.751395448690425	1.427500536715918	0.2349942766762103	0.5857577925973183	0.576269504594267	Cacna2d2	1
GO:0050920	regulation of chemotaxis	3/137	214/17474	0.014018691588785047	1.788048297973941	1.0310895226168544	0.23605278808101562	0.5869576662063396	0.5774499422751392	Fgf1/Scg2/Edn2	3
GO:0072522	purine-containing compound biosynthetic process	3/137	214/17474	0.014018691588785047	1.788048297973941	1.0310895226168544	0.23605278808101562	0.5869576662063396	0.5774499422751392	Nmrk1/Snca/Acly	3
GO:0022600	digestive system process	2/137	118/17474	0.01694915254237288	2.161821106024991	1.125673629161438	0.2365154189345299	0.5873899415297117	0.5778752154675681	Isx/Tff3	2
GO:0019218	regulation of steroid metabolic process	2/137	119/17474	0.01680672268907563	2.143654542108814	1.1127896516141815	0.23941228037519	0.589175824387036	0.5796321700355822	Fgf1/Dhh	2
GO:0032355	response to estradiol	2/137	119/17474	0.01680672268907563	2.143654542108814	1.1127896516141815	0.23941228037519	0.589175824387036	0.5796321700355822	Cxcl2/Dhh	2
GO:0002822	regulation of adaptive immune response based on somatic recombination of immune receptors built from immunoglobulin superfamily domains	3/137	216/17474	0.013888888888888888	1.7714922952149228	1.0141922414314855	0.24021572863571583	0.589175824387036	0.5796321700355822	Tnfsf13/Shld1/Foxj1	3
GO:0051345	positive regulation of hydrolase activity	3/137	216/17474	0.013888888888888888	1.7714922952149228	1.0141922414314855	0.24021572863571583	0.589175824387036	0.5796321700355822	Cav2/Rgs16/Foxj1	3
GO:0007212	G protein-coupled dopamine receptor signaling pathway	1/137	35/17474	0.02857142857142857	3.644212721584984	1.391959729951234	0.24100378264498068	0.589175824387036	0.5796321700355822	Cav2	1
GO:0018279	protein N-linked glycosylation via asparagine	1/137	35/17474	0.02857142857142857	3.644212721584984	1.391959729951234	0.24100378264498068	0.589175824387036	0.5796321700355822	Alg8	1
GO:0042044	fluid transport	1/137	35/17474	0.02857142857142857	3.644212721584984	1.391959729951234	0.24100378264498068	0.589175824387036	0.5796321700355822	Aqp6	1
GO:0060966	regulation of gene silencing by regulatory ncRNA	1/137	35/17474	0.02857142857142857	3.644212721584984	1.391959729951234	0.24100378264498068	0.589175824387036	0.5796321700355822	Carlr	1
GO:0061384	heart trabecula morphogenesis	1/137	35/17474	0.02857142857142857	3.644212721584984	1.391959729951234	0.24100378264498068	0.589175824387036	0.5796321700355822	Heg1	1
GO:0072576	liver morphogenesis	1/137	35/17474	0.02857142857142857	3.644212721584984	1.391959729951234	0.24100378264498068	0.589175824387036	0.5796321700355822	Fgf1	1
GO:0097107	postsynaptic density assembly	1/137	35/17474	0.02857142857142857	3.644212721584984	1.391959729951234	0.24100378264498068	0.589175824387036	0.5796321700355822	Csmd2	1
GO:2000780	negative regulation of double-strand break repair	1/137	35/17474	0.02857142857142857	3.644212721584984	1.391959729951234	0.24100378264498068	0.589175824387036	0.5796321700355822	Shld1	1
GO:0006936	muscle contraction	4/137	319/17474	0.012539184952978056	1.5993410063382376	0.9603532722387904	0.2412095264842812	0.589175824387036	0.5796321700355822	Edn2/Dsc2/Dbn1/Ptgs1	4
GO:0050886	endocrine process	2/137	120/17474	0.016666666666666666	2.1257907542579075	1.1000325889918088	0.24231096659709278	0.589175824387036	0.5796321700355822	Npvf/Edn2	2
GO:0030595	leukocyte chemotaxis	3/137	218/17474	0.013761467889908258	1.755240072323043	0.9974709432269313	0.24439124074069557	0.589175824387036	0.5796321700355822	Scg2/Edn2/Cxcl2	3
GO:0032602	chemokine production	2/137	121/17474	0.01652892561983471	2.108222235627677	1.0873999505212835	0.24521127261551143	0.589175824387036	0.5796321700355822	Chia1/Chil5	2
GO:0046620	regulation of organ growth	2/137	121/17474	0.01652892561983471	2.108222235627677	1.0873999505212835	0.24521127261551143	0.589175824387036	0.5796321700355822	Fgf20/Cacna2d2	2
GO:1903707	negative regulation of hemopoiesis	2/137	121/17474	0.01652892561983471	2.108222235627677	1.0873999505212835	0.24521127261551143	0.589175824387036	0.5796321700355822	Zfp608/Foxj1	2
GO:0030111	regulation of Wnt signaling pathway	4/137	322/17474	0.012422360248447204	1.5844403137326017	0.9409526387374204	0.24630088263892483	0.589175824387036	0.5796321700355822	Fzd7/Amer2/Asb15/Sfrp5	4
GO:0050866	negative regulation of cell activation	3/137	219/17474	0.0136986301369863	1.7472252774722528	0.9891751056327074	0.24648349593083854	0.589175824387036	0.5796321700355822	Zfp608/Cd276/Foxj1	3
GO:0010669	epithelial structure maintenance	1/137	36/17474	0.027777777777777776	3.5429845904298456	1.3576995988261105	0.2469664228065519	0.589175824387036	0.5796321700355822	Tff3	1
GO:0033280	response to vitamin D	1/137	36/17474	0.027777777777777776	3.5429845904298456	1.3576995988261105	0.2469664228065519	0.589175824387036	0.5796321700355822	Phex	1
GO:0034698	response to gonadotropin	1/137	36/17474	0.027777777777777776	3.5429845904298456	1.3576995988261105	0.2469664228065519	0.589175824387036	0.5796321700355822	Nsmf	1
GO:0043949	regulation of cAMP-mediated signaling	1/137	36/17474	0.027777777777777776	3.5429845904298456	1.3576995988261105	0.2469664228065519	0.589175824387036	0.5796321700355822	Oprl1	1
GO:0044342	type B pancreatic cell proliferation	1/137	36/17474	0.027777777777777776	3.5429845904298456	1.3576995988261105	0.2469664228065519	0.589175824387036	0.5796321700355822	Serpinb1b	1
GO:0045738	negative regulation of DNA repair	1/137	36/17474	0.027777777777777776	3.5429845904298456	1.3576995988261105	0.2469664228065519	0.589175824387036	0.5796321700355822	Shld1	1
GO:0050869	negative regulation of B cell activation	1/137	36/17474	0.027777777777777776	3.5429845904298456	1.3576995988261105	0.2469664228065519	0.589175824387036	0.5796321700355822	Foxj1	1
GO:0060479	lung cell differentiation	1/137	36/17474	0.027777777777777776	3.5429845904298456	1.3576995988261105	0.2469664228065519	0.589175824387036	0.5796321700355822	Foxj1	1
GO:0060487	lung epithelial cell differentiation	1/137	36/17474	0.027777777777777776	3.5429845904298456	1.3576995988261105	0.2469664228065519	0.589175824387036	0.5796321700355822	Foxj1	1
GO:0071353	cellular response to interleukin-4	1/137	36/17474	0.027777777777777776	3.5429845904298456	1.3576995988261105	0.2469664228065519	0.589175824387036	0.5796321700355822	Dcstamp	1
GO:0071763	nuclear membrane organization	1/137	36/17474	0.027777777777777776	3.5429845904298456	1.3576995988261105	0.2469664228065519	0.589175824387036	0.5796321700355822	Reep4	1
GO:0086091	regulation of heart rate by cardiac conduction	1/137	36/17474	0.027777777777777776	3.5429845904298456	1.3576995988261105	0.2469664228065519	0.589175824387036	0.5796321700355822	Dsc2	1
GO:0090140	regulation of mitochondrial fission	1/137	36/17474	0.027777777777777776	3.5429845904298456	1.3576995988261105	0.2469664228065519	0.589175824387036	0.5796321700355822	Carlr	1
GO:0001558	regulation of cell growth	5/137	429/17474	0.011655011655011656	1.4865669610195158	0.907047032417062	0.24708307679554656	0.589175824387036	0.5796321700355822	Islr2/Kazald1/Dbn1/Rnf157/Dcstamp	5
GO:0042752	regulation of circadian rhythm	2/137	122/17474	0.01639344262295082	2.0909417254995812	1.0748893153219092	0.24811299650189086	0.5909389167269861	0.5813667032541533	Oprl1/Kcna2	2
GO:0006310	DNA recombination	4/137	324/17474	0.012345679012345678	1.5746598179688203	0.9281289542808467	0.24970860300814862	0.5925842477011053	0.5829853826423439	Rag1/Tnfsf13/Hmgb2/Shld1	4
GO:0016358	dendrite development	4/137	324/17474	0.012345679012345678	1.5746598179688203	0.9281289542808467	0.24970860300814862	0.5925842477011053	0.5829853826423439	Nsmf/Dbn1/Sez6/Foxo6	4
GO:0002706	regulation of lymphocyte mediated immunity	3/137	221/17474	0.013574660633484163	1.7314132840109655	0.9727107530407767	0.250676578050598	0.5925842477011053	0.5829853826423439	Tnfsf13/Shld1/Foxj1	3
GO:0045582	positive regulation of T cell differentiation	2/137	123/17474	0.016260162601626018	2.073942199276008	1.0624983298779995	0.2510159393491293	0.5925842477011053	0.5829853826423439	Rag1/Cd83	2
GO:0050830	defense response to Gram-positive bacterium	2/137	123/17474	0.016260162601626018	2.073942199276008	1.0624983298779995	0.2510159393491293	0.5925842477011053	0.5829853826423439	Hmgb2/Scd1	2
GO:0001702	gastrulation with mouth forming second	1/137	37/17474	0.02702702702702703	3.4472282501479583	1.3246358452720912	0.2528825599825759	0.5925842477011053	0.5829853826423439	Zic3	1
GO:0001953	negative regulation of cell-matrix adhesion	1/137	37/17474	0.02702702702702703	3.4472282501479583	1.3246358452720912	0.2528825599825759	0.5925842477011053	0.5829853826423439	Itgb1bp1	1
GO:0002385	mucosal immune response	1/137	37/17474	0.02702702702702703	3.4472282501479583	1.3246358452720912	0.2528825599825759	0.5925842477011053	0.5829853826423439	Tnfsf13	1
GO:0006775	fat-soluble vitamin metabolic process	1/137	37/17474	0.02702702702702703	3.4472282501479583	1.3246358452720912	0.2528825599825759	0.5925842477011053	0.5829853826423439	Isx	1
GO:0021680	cerebellar Purkinje cell layer development	1/137	37/17474	0.02702702702702703	3.4472282501479583	1.3246358452720912	0.2528825599825759	0.5925842477011053	0.5829853826423439	Sez6	1
GO:0043537	negative regulation of blood vessel endothelial cell migration	1/137	37/17474	0.02702702702702703	3.4472282501479583	1.3246358452720912	0.2528825599825759	0.5925842477011053	0.5829853826423439	Itgb1bp1	1
GO:0098868	bone growth	1/137	37/17474	0.02702702702702703	3.4472282501479583	1.3246358452720912	0.2528825599825759	0.5925842477011053	0.5829853826423439	Col9a1	1
GO:1901889	negative regulation of cell junction assembly	1/137	37/17474	0.02702702702702703	3.4472282501479583	1.3246358452720912	0.2528825599825759	0.5925842477011053	0.5829853826423439	Itgb1bp1	1
GO:1902745	positive regulation of lamellipodium organization	1/137	37/17474	0.02702702702702703	3.4472282501479583	1.3246358452720912	0.2528825599825759	0.5925842477011053	0.5829853826423439	Auts2	1
GO:0033555	multicellular organismal response to stress	2/137	124/17474	0.016129032258064516	2.057216858959265	1.0502247056228866	0.2539199052372108	0.5943303650776602	0.5847032158632884	Rag1/Nr4a2	2
GO:0051347	positive regulation of transferase activity	4/137	327/17474	0.012232415902140673	1.5602133976204826	0.9090553785061661	0.25483948488962493	0.5946923110237289	0.5850592988956728	Fgf1/Sez6/Snca/Itgb1bp1	4
GO:0030048	actin filament-based movement	2/137	125/17474	0.016	2.0407591240875913	1.038066216628503	0.2568247011991858	0.5946923110237289	0.5850592988956728	Dsc2/Dbn1	2
GO:0051235	maintenance of location	3/137	224/17474	0.013392857142857142	1.7082247132429613	0.9483258394602055	0.2569863644007656	0.5946923110237289	0.5850592988956728	Nrros/Dbn1/Snca	3
GO:0000132	establishment of mitotic spindle orientation	1/137	38/17474	0.02631578947368421	3.3565117172493273	1.292691874949137	0.2587525542064897	0.5946923110237289	0.5850592988956728	Spry2	1
GO:0000272	polysaccharide catabolic process	1/137	38/17474	0.02631578947368421	3.3565117172493273	1.292691874949137	0.2587525542064897	0.5946923110237289	0.5850592988956728	Chia1	1
GO:0001736	establishment of planar polarity	1/137	38/17474	0.02631578947368421	3.3565117172493273	1.292691874949137	0.2587525542064897	0.5946923110237289	0.5850592988956728	Sfrp5	1
GO:0001773	myeloid dendritic cell activation	1/137	38/17474	0.02631578947368421	3.3565117172493273	1.292691874949137	0.2587525542064897	0.5946923110237289	0.5850592988956728	Dcstamp	1
GO:0003230	cardiac atrium development	1/137	38/17474	0.02631578947368421	3.3565117172493273	1.292691874949137	0.2587525542064897	0.5946923110237289	0.5850592988956728	Heg1	1
GO:0006516	glycoprotein catabolic process	1/137	38/17474	0.02631578947368421	3.3565117172493273	1.292691874949137	0.2587525542064897	0.5946923110237289	0.5850592988956728	Fbxo2	1
GO:0030431	sleep	1/137	38/17474	0.02631578947368421	3.3565117172493273	1.292691874949137	0.2587525542064897	0.5946923110237289	0.5850592988956728	Kcna2	1
GO:0031128	developmental induction	1/137	38/17474	0.02631578947368421	3.3565117172493273	1.292691874949137	0.2587525542064897	0.5946923110237289	0.5850592988956728	Fgf1	1
GO:0045577	regulation of B cell differentiation	1/137	38/17474	0.02631578947368421	3.3565117172493273	1.292691874949137	0.2587525542064897	0.5946923110237289	0.5850592988956728	Zfp36l2	1
GO:0045920	negative regulation of exocytosis	1/137	38/17474	0.02631578947368421	3.3565117172493273	1.292691874949137	0.2587525542064897	0.5946923110237289	0.5850592988956728	Snca	1
GO:0046329	negative regulation of JNK cascade	1/137	38/17474	0.02631578947368421	3.3565117172493273	1.292691874949137	0.2587525542064897	0.5946923110237289	0.5850592988956728	Sfrp5	1
GO:0060441	epithelial tube branching involved in lung morphogenesis	1/137	38/17474	0.02631578947368421	3.3565117172493273	1.292691874949137	0.2587525542064897	0.5946923110237289	0.5850592988956728	Spry2	1
GO:0110110	positive regulation of animal organ morphogenesis	1/137	38/17474	0.02631578947368421	3.3565117172493273	1.292691874949137	0.2587525542064897	0.5946923110237289	0.5850592988956728	Fgf1	1
GO:1905475	regulation of protein localization to membrane	3/137	225/17474	0.013333333333333334	1.7006326034063262	0.9402788953110177	0.25909466889313343	0.5948064972106472	0.5851716354590075	Dbn1/Itgb1bp1/Cacna2d2	3
GO:0008306	associative learning	2/137	126/17474	0.015873015873015872	2.024562623102769	1.026020697395111	0.25973013718749205	0.5955931218031103	0.5859455180601939	Oprl1/Rag1	2
GO:0001841	neural tube formation	2/137	127/17474	0.015748031496062992	2.008621185125582	1.0140860407360799	0.262636026040619	0.5966176667659557	0.5869534671231599	Tgif1/Ift57	2
GO:0009791	post-embryonic development	2/137	127/17474	0.015748031496062992	2.008621185125582	1.0140860407360799	0.262636026040619	0.5966176667659557	0.5869534671231599	Heg1/Nr4a2	2
GO:0010810	regulation of cell-substrate adhesion	3/137	227/17474	0.013215859030837005	1.6856490562397506	0.9243045202204822	0.2633183452549975	0.5966176667659557	0.5869534671231599	Dbn1/Fzd7/Itgb1bp1	3
GO:0098742	cell-cell adhesion via plasma-membrane adhesion molecules	3/137	227/17474	0.013215859030837005	1.6856490562397506	0.9243045202204822	0.2633183452549975	0.5966176667659557	0.5869534671231599	Flrt3/Dsc2/Slitrk2	3
GO:0030198	extracellular matrix organization	4/137	332/17474	0.012048192771084338	1.5367162078972827	0.877687785242321	0.26343936655803313	0.5966176667659557	0.5869534671231599	Col9a1/Kazald1/Cav2/P3h4	4
GO:0001964	startle response	1/137	39/17474	0.02564102564102564	3.2704473142429347	1.2617979097785008	0.2645767627447847	0.5966176667659557	0.5869534671231599	Dbn1	1
GO:0007164	establishment of tissue polarity	1/137	39/17474	0.02564102564102564	3.2704473142429347	1.2617979097785008	0.2645767627447847	0.5966176667659557	0.5869534671231599	Sfrp5	1
GO:0010092	specification of animal organ identity	1/137	39/17474	0.02564102564102564	3.2704473142429347	1.2617979097785008	0.2645767627447847	0.5966176667659557	0.5869534671231599	Fgf1	1
GO:0021846	cell proliferation in forebrain	1/137	39/17474	0.02564102564102564	3.2704473142429347	1.2617979097785008	0.2645767627447847	0.5966176667659557	0.5869534671231599	Pou3f3	1
GO:0021983	pituitary gland development	1/137	39/17474	0.02564102564102564	3.2704473142429347	1.2617979097785008	0.2645767627447847	0.5966176667659557	0.5869534671231599	Lhx3	1
GO:0032633	interleukin-4 production	1/137	39/17474	0.02564102564102564	3.2704473142429347	1.2617979097785008	0.2645767627447847	0.5966176667659557	0.5869534671231599	Cd83	1
GO:0032692	negative regulation of interleukin-1 production	1/137	39/17474	0.02564102564102564	3.2704473142429347	1.2617979097785008	0.2645767627447847	0.5966176667659557	0.5869534671231599	Serpinb1b	1
GO:0048169	regulation of long-term neuronal synaptic plasticity	1/137	39/17474	0.02564102564102564	3.2704473142429347	1.2617979097785008	0.2645767627447847	0.5966176667659557	0.5869534671231599	Snca	1
GO:0070670	response to interleukin-4	1/137	39/17474	0.02564102564102564	3.2704473142429347	1.2617979097785008	0.2645767627447847	0.5966176667659557	0.5869534671231599	Dcstamp	1
GO:0086065	cell communication involved in cardiac conduction	1/137	39/17474	0.02564102564102564	3.2704473142429347	1.2617979097785008	0.2645767627447847	0.5966176667659557	0.5869534671231599	Dsc2	1
GO:0045229	external encapsulating structure organization	4/137	333/17474	0.012012012012012012	1.5321014445102037	0.8714761871981903	0.2651661940995333	0.5968097250138344	0.5871424143514462	Col9a1/Kazald1/Cav2/P3h4	4
GO:0043542	endothelial cell migration	3/137	228/17474	0.013157894736842105	1.6782558586246636	0.916376268835683	0.2654335533580498	0.5968097250138344	0.5871424143514462	Fgf1/Edn2/Itgb1bp1	3
GO:0001676	long-chain fatty acid metabolic process	2/137	128/17474	0.015625	1.9929288321167884	1.0022601957528998	0.26554218345010827	0.5968097250138344	0.5871424143514462	Dagla/Ptgs1	2
GO:0043062	extracellular structure organization	4/137	334/17474	0.011976047904191617	1.5275143144368197	0.8652848922063766	0.2668951995111553	0.5983712389556475	0.5886786344018454	Col9a1/Kazald1/Cav2/P3h4	4
GO:0006821	chloride transport	2/137	129/17474	0.015503875968992248	1.9774797714027048	0.9905411658959105	0.26844842792788554	0.5983712389556475	0.5886786344018454	Aqp6/Slc17a6	2
GO:0002449	lymphocyte mediated immunity	4/137	335/17474	0.011940298507462687	1.5229545702146203	0.8591137587002274	0.26862633763117677	0.5983712389556475	0.5886786344018454	Tnfsf13/Gzmn/Shld1/Foxj1	4
GO:0006220	pyrimidine nucleotide metabolic process	1/137	40/17474	0.025	3.1886861313868615	1.2318902226486201	0.27035554011811214	0.5983712389556475	0.5886786344018454	Dpys	1
GO:0030212	hyaluronan metabolic process	1/137	40/17474	0.025	3.1886861313868615	1.2318902226486201	0.27035554011811214	0.5983712389556475	0.5886786344018454	Spam1	1
GO:0030224	monocyte differentiation	1/137	40/17474	0.025	3.1886861313868615	1.2318902226486201	0.27035554011811214	0.5983712389556475	0.5886786344018454	Dcstamp	1
GO:0032232	negative regulation of actin filament bundle assembly	1/137	40/17474	0.025	3.1886861313868615	1.2318902226486201	0.27035554011811214	0.5983712389556475	0.5886786344018454	Dbn1	1
GO:0032689	negative regulation of type II interferon production	1/137	40/17474	0.025	3.1886861313868615	1.2318902226486201	0.27035554011811214	0.5983712389556475	0.5886786344018454	Cd276	1
GO:0048665	neuron fate specification	1/137	40/17474	0.025	3.1886861313868615	1.2318902226486201	0.27035554011811214	0.5983712389556475	0.5886786344018454	Lhx3	1
GO:0060351	cartilage development involved in endochondral bone morphogenesis	1/137	40/17474	0.025	3.1886861313868615	1.2318902226486201	0.27035554011811214	0.5983712389556475	0.5886786344018454	Col9a1	1
GO:0070306	lens fiber cell differentiation	1/137	40/17474	0.025	3.1886861313868615	1.2318902226486201	0.27035554011811214	0.5983712389556475	0.5886786344018454	Spry2	1
GO:0086004	regulation of cardiac muscle cell contraction	1/137	40/17474	0.025	3.1886861313868615	1.2318902226486201	0.27035554011811214	0.5983712389556475	0.5886786344018454	Dsc2	1
GO:0090313	regulation of protein targeting to membrane	1/137	40/17474	0.025	3.1886861313868615	1.2318902226486201	0.27035554011811214	0.5983712389556475	0.5886786344018454	Itgb1bp1	1
GO:1905476	negative regulation of protein localization to membrane	1/137	40/17474	0.025	3.1886861313868615	1.2318902226486201	0.27035554011811214	0.5983712389556475	0.5886786344018454	Itgb1bp1	1
GO:0002065	columnar/cuboidal epithelial cell differentiation	2/137	130/17474	0.015384615384615385	1.962268388545761	0.9789270071064758	0.27135458077392727	0.5999295840154001	0.5902117369007274	Lhx3/Foxj1	2
GO:0002819	regulation of adaptive immune response	3/137	231/17474	0.012987012987012988	1.6564603279931749	0.8928224636486808	0.27179168465128883	0.600243525060501	0.5905205926305503	Tnfsf13/Shld1/Foxj1	3
GO:0003073	regulation of systemic arterial blood pressure	2/137	131/17474	0.015267175572519083	1.9472892405415945	0.9674158260365832	0.274260466044253	0.6006048238937105	0.5908760390322122	Ttr/Edn2	2
GO:0097529	myeloid leukocyte migration	3/137	233/17474	0.012875536480686695	1.6422417844052504	0.8773085047313975	0.2760400602648019	0.6006048238937105	0.5908760390322122	Scg2/Edn2/Cxcl2	3
GO:0002067	glandular epithelial cell differentiation	1/137	41/17474	0.024390243902439025	3.110913298914011	1.202910474873465	0.27608923812223174	0.6006048238937105	0.5908760390322122	Lhx3	1
GO:0002251	organ or tissue specific immune response	1/137	41/17474	0.024390243902439025	3.110913298914011	1.202910474873465	0.27608923812223174	0.6006048238937105	0.5908760390322122	Tnfsf13	1
GO:0010591	regulation of lamellipodium assembly	1/137	41/17474	0.024390243902439025	3.110913298914011	1.202910474873465	0.27608923812223174	0.6006048238937105	0.5908760390322122	Auts2	1
GO:0014047	glutamate secretion	1/137	41/17474	0.024390243902439025	3.110913298914011	1.202910474873465	0.27608923812223174	0.6006048238937105	0.5908760390322122	Snca	1
GO:0021799	cerebral cortex radially oriented cell migration	1/137	41/17474	0.024390243902439025	3.110913298914011	1.202910474873465	0.27608923812223174	0.6006048238937105	0.5908760390322122	Pou3f3	1
GO:0042745	circadian sleep/wake cycle	1/137	41/17474	0.024390243902439025	3.110913298914011	1.202910474873465	0.27608923812223174	0.6006048238937105	0.5908760390322122	Kcna2	1
GO:0045745	positive regulation of G protein-coupled receptor signaling pathway	1/137	41/17474	0.024390243902439025	3.110913298914011	1.202910474873465	0.27608923812223174	0.6006048238937105	0.5908760390322122	Cav2	1
GO:0045747	positive regulation of Notch signaling pathway	1/137	41/17474	0.024390243902439025	3.110913298914011	1.202910474873465	0.27608923812223174	0.6006048238937105	0.5908760390322122	Itgb1bp1	1
GO:0048741	skeletal muscle fiber development	1/137	41/17474	0.024390243902439025	3.110913298914011	1.202910474873465	0.27608923812223174	0.6006048238937105	0.5908760390322122	Cav2	1
GO:0090049	regulation of cell migration involved in sprouting angiogenesis	1/137	41/17474	0.024390243902439025	3.110913298914011	1.202910474873465	0.27608923812223174	0.6006048238937105	0.5908760390322122	Itgb1bp1	1
GO:0099558	maintenance of synapse structure	1/137	41/17474	0.024390243902439025	3.110913298914011	1.202910474873465	0.27608923812223174	0.6006048238937105	0.5908760390322122	Csmd2	1
GO:1900026	positive regulation of substrate adhesion-dependent cell spreading	1/137	41/17474	0.024390243902439025	3.110913298914011	1.202910474873465	0.27608923812223174	0.6006048238937105	0.5908760390322122	Dbn1	1
GO:0000018	regulation of DNA recombination	2/137	132/17474	0.015151515151515152	1.9325370493253704	0.9560057783420678	0.2771659105192392	0.6013363700186944	0.5915957353441691	Tnfsf13/Shld1	2
GO:0018958	phenol-containing compound metabolic process	2/137	132/17474	0.015151515151515152	1.9325370493253704	0.9560057783420678	0.2771659105192392	0.6013363700186944	0.5915957353441691	Snca/Nr4a2	2
GO:0006790	sulfur compound metabolic process	4/137	340/17474	0.011764705882352941	1.50055817947617	0.8285556575800956	0.27731244595749033	0.6013363700186944	0.5915957353441691	Tdo2/Snca/Acly/Oxsm	4
GO:0002377	immunoglobulin production	2/137	133/17474	0.015037593984962405	1.9180066955710442	0.9446950670458882	0.2800707436722628	0.60393769304157785	0.5941549213227963	Tnfsf13/Shld1	2
GO:0007586	digestion	2/137	133/17474	0.015037593984962405	1.9180066955710442	0.9446950670458882	0.2800707436722628	0.60393769304157785	0.5941549213227963	Isx/Tff3	2
GO:0032733	positive regulation of interleukin-10 production	1/137	42/17474	0.023809523809523808	3.0368439346541534	1.174805140462927	0.2817782058487991	0.60393769304157785	0.5941549213227963	Cd83	1
GO:0040001	establishment of mitotic spindle localization	1/137	42/17474	0.023809523809523808	3.0368439346541534	1.174805140462927	0.2817782058487991	0.60393769304157785	0.5941549213227963	Spry2	1
GO:0045823	positive regulation of heart contraction	1/137	42/17474	0.023809523809523808	3.0368439346541534	1.174805140462927	0.2817782058487991	0.60393769304157785	0.5941549213227963	Edn2	1
GO:0045940	positive regulation of steroid metabolic process	1/137	42/17474	0.023809523809523808	3.0368439346541534	1.174805140462927	0.2817782058487991	0.60393769304157785	0.5941549213227963	Fgf1	1
GO:0046461	neutral lipid catabolic process	1/137	42/17474	0.023809523809523808	3.0368439346541534	1.174805140462927	0.2817782058487991	0.60393769304157785	0.5941549213227963	Dagla	1
GO:0046464	acylglycerol catabolic process	1/137	42/17474	0.023809523809523808	3.0368439346541534	1.174805140462927	0.2817782058487991	0.60393769304157785	0.5941549213227963	Dagla	1
GO:0050919	negative chemotaxis	1/137	42/17474	0.023809523809523808	3.0368439346541534	1.174805140462927	0.2817782058487991	0.60393769304157785	0.5941549213227963	Flrt3	1
GO:0086002	cardiac muscle cell action potential involved in contraction	1/137	42/17474	0.023809523809523808	3.0368439346541534	1.174805140462927	0.2817782058487991	0.60393769304157785	0.5941549213227963	Dsc2	1
GO:2000463	positive regulation of excitatory postsynaptic potential	1/137	42/17474	0.023809523809523808	3.0368439346541534	1.174805140462927	0.2817782058487991	0.60393769304157785	0.5941549213227963	Dbn1	1
GO:0048839	inner ear development	3/137	236/17474	0.012711864406779662	1.6213658295187432	0.8543129258956311	0.2824254753315683	0.6046878071835895	0.5948928848812314	Spry2/Fgf20/Lhx3	3
GO:0030900	forebrain development	5/137	456/17474	0.010964912280701754	1.3985465488538864	0.7665919632208288	0.2873801381770295	0.6083433447055175	0.5984892088625932	Lhx3/Kcna2/Pou3f3/Zic3/Nr4a2	5
GO:0000578	embryonic axis specification	1/137	43/17474	0.023255813953488372	2.9662196571040567	1.1475250040542393	0.2874227897059992	0.6083433447055175	0.5984892088625932	Ripply2	1
GO:0019674	NAD metabolic process	1/137	43/17474	0.023255813953488372	2.9662196571040567	1.1475250040542393	0.2874227897059992	0.6083433447055175	0.5984892088625932	Nmrk1	1
GO:0021955	central nervous system neuron axonogenesis	1/137	43/17474	0.023255813953488372	2.9662196571040567	1.1475250040542393	0.2874227897059992	0.6083433447055175	0.5984892088625932	Nr4a2	1
GO:0043388	positive regulation of DNA binding	1/137	43/17474	0.023255813953488372	2.9662196571040567	1.1475250040542393	0.2874227897059992	0.6083433447055175	0.5984892088625932	Hmgb2	1
GO:0043647	inositol phosphate metabolic process	1/137	43/17474	0.023255813953488372	2.9662196571040567	1.1475250040542393	0.2874227897059992	0.6083433447055175	0.5984892088625932	Snca	1
GO:0044788	modulation by host of viral process	1/137	43/17474	0.023255813953488372	2.9662196571040567	1.1475250040542393	0.2874227897059992	0.6083433447055175	0.5984892088625932	Cav2	1
GO:0045880	positive regulation of smoothened signaling pathway	1/137	43/17474	0.023255813953488372	2.9662196571040567	1.1475250040542393	0.2874227897059992	0.6083433447055175	0.5984892088625932	Dhh	1
GO:0051281	positive regulation of release of sequestered calcium ion into cytosol	1/137	43/17474	0.023255813953488372	2.9662196571040567	1.1475250040542393	0.2874227897059992	0.6083433447055175	0.5984892088625932	Snca	1
GO:0071711	basement membrane organization	1/137	43/17474	0.023255813953488372	2.9662196571040567	1.1475250040542393	0.2874227897059992	0.6083433447055175	0.5984892088625932	Cav2	1
GO:0090630	activation of GTPase activity	1/137	43/17474	0.023255813953488372	2.9662196571040567	1.1475250040542393	0.2874227897059992	0.6083433447055175	0.5984892088625932	Foxj1	1
GO:0030282	bone mineralization	2/137	136/17474	0.014705882352941176	1.8756977243452124	0.9113416597537846	0.2887799096785585	0.6087760902027092	0.598914944612819	Phex/Cd276	2
GO:0045739	positive regulation of DNA repair	2/137	136/17474	0.014705882352941176	1.8756977243452124	0.9113416597537846	0.2887799096785585	0.6087760902027092	0.598914944612819	Ercc8/Shld1	2
GO:0006836	neurotransmitter transport	3/137	239/17474	0.012552301255230125	1.6010139571816875	0.8316391228159589	0.288824447908365	0.6087760902027092	0.598914944612819	Slc6a6/Snca/Slc17a6	3
GO:1903320	regulation of protein modification by small protein conjugation or removal	3/137	239/17474	0.012552301255230125	1.6010139571816875	0.8316391228159589	0.288824447908365	0.6087760902027092	0.598914944612819	Cd300ld3/Spry2/Fbxo2	3
GO:0010811	positive regulation of cell-substrate adhesion	2/137	137/17474	0.014598540145985401	1.8620065000799189	0.9004112179827685	0.2916806450575116	0.6133324900541137	0.6033975384737723	Dbn1/Itgb1bp1	2
GO:0009394	2'-deoxyribonucleotide metabolic process	1/137	44/17474	0.022727272727272728	2.8988055739880556	1.1210247216019347	0.29302333343901965	0.6133324900541137	0.6033975384737723	Dpys	1
GO:0010453	regulation of cell fate commitment	1/137	44/17474	0.022727272727272728	2.8988055739880556	1.1210247216019347	0.29302333343901965	0.6133324900541137	0.6033975384737723	Fzd7	1
GO:0021772	olfactory bulb development	1/137	44/17474	0.022727272727272728	2.8988055739880556	1.1210247216019347	0.29302333343901965	0.6133324900541137	0.6033975384737723	Zic3	1
GO:0031146	SCF-dependent proteasomal ubiquitin-dependent protein catabolic process	1/137	44/17474	0.022727272727272728	2.8988055739880556	1.1210247216019347	0.29302333343901965	0.6133324900541137	0.6033975384737723	Fbxo2	1
GO:0051154	negative regulation of striated muscle cell differentiation	1/137	44/17474	0.022727272727272728	2.8988055739880556	1.1210247216019347	0.29302333343901965	0.6133324900541137	0.6033975384737723	Fzd7	1
GO:0060348	bone development	3/137	241/17474	0.012448132780082987	1.5877275343005117	0.8166973794567178	0.29309694214975346	0.6133324900541137	0.6033975384737723	Col9a1/Phex/Ripply2	3
GO:0007200	phospholipase C-activating G protein-coupled receptor signaling pathway	2/137	138/17474	0.014492753623188406	1.8485136993547022	0.8895717854388077	0.2945799558007951	0.6151700514361573	0.6052053344615924	Edn2/Oprl1	2
GO:0060996	dendritic spine development	2/137	138/17474	0.014492753623188406	1.8485136993547022	0.8895717854388077	0.2945799558007951	0.6151700514361573	0.6052053344615924	Dbn1/Foxo6	2
GO:0051056	regulation of small GTPase mediated signal transduction	3/137	242/17474	0.012396694214876033	1.5811666767207577	0.809277734615394	0.295234917000956	0.6152744069466645	0.6053079995888885	Spry2/Auts2/Heg1	3
GO:2001234	negative regulation of apoptotic signaling pathway	3/137	242/17474	0.012396694214876033	1.5811666767207577	0.809277734615394	0.295234917000956	0.6152744069466645	0.6053079995888885	Scg2/Hmgb2/Nr4a2	3
GO:0021953	central nervous system neuron differentiation	3/137	243/17474	0.012345679012345678	1.5746598179688203	0.801891802758056	0.29737394437962617	0.6153111270089712	0.6053441248481365	Lhx3/Tgif1/Nr4a2	3
GO:0050870	positive regulation of T cell activation	3/137	243/17474	0.012345679012345678	1.5746598179688203	0.801891802758056	0.29737394437962617	0.6153111270089712	0.6053441248481365	Rag1/Cd83/Cd276	3
GO:0019692	deoxyribose phosphate metabolic process	1/137	45/17474	0.022222222222222223	2.834387672343877	1.0952624347460918	0.29858017815037097	0.6153111270089712	0.6053441248481365	Dpys	1
GO:0031338	regulation of vesicle fusion	1/137	45/17474	0.022222222222222223	2.834387672343877	1.0952624347460918	0.29858017815037097	0.6153111270089712	0.6053441248481365	Snca	1
GO:0038179	neurotrophin signaling pathway	1/137	45/17474	0.022222222222222223	2.834387672343877	1.0952624347460918	0.29858017815037097	0.6153111270089712	0.6053441248481365	Spry2	1
GO:0048246	macrophage chemotaxis	1/137	45/17474	0.022222222222222223	2.834387672343877	1.0952624347460918	0.29858017815037097	0.6153111270089712	0.6053441248481365	Edn2	1
GO:0051938	L-glutamate import	1/137	45/17474	0.022222222222222223	2.834387672343877	1.0952624347460918	0.29858017815037097	0.6153111270089712	0.6053441248481365	Slc17a6	1
GO:0071542	dopaminergic neuron differentiation	1/137	45/17474	0.022222222222222223	2.834387672343877	1.0952624347460918	0.29858017815037097	0.6153111270089712	0.6053441248481365	Nr4a2	1
GO:0099170	postsynaptic modulation of chemical synaptic transmission	1/137	45/17474	0.022222222222222223	2.834387672343877	1.0952624347460918	0.29858017815037097	0.6153111270089712	0.6053441248481365	Fbxo2	1
GO:1900744	regulation of p38MAPK cascade	1/137	45/17474	0.022222222222222223	2.834387672343877	1.0952624347460918	0.29858017815037097	0.6153111270089712	0.6053441248481365	Dsc2	1
GO:1904861	excitatory synapse assembly	1/137	45/17474	0.022222222222222223	2.834387672343877	1.0952624347460918	0.29858017815037097	0.6153111270089712	0.6053441248481365	Csmd2	1
GO:0045621	positive regulation of lymphocyte differentiation	2/137	140/17474	0.014285714285714285	1.822106360792492	0.8681598111360163	0.3003736858241036	0.6179086005584311	0.6078995237083153	Rag1/Cd83	2
GO:1901873	regulation of post-translational protein modification	3/137	245/17474	0.012244897959183673	1.5618054521078504	0.7872197906102433	0.30165486184722434	0.6179086005584311	0.6078995237083153	Cd300ld3/Spry2/Fbxo2	3
GO:0002040	sprouting angiogenesis	2/137	141/17474	0.014184397163120567	1.8091836206450278	0.8575842937691379	0.303267802502639	0.6179086005584311	0.6078995237083153	Fgf1/Itgb1bp1	2
GO:0021987	cerebral cortex development	2/137	141/17474	0.014184397163120567	1.8091836206450278	0.8575842937691379	0.303267802502639	0.6179086005584311	0.6078995237083153	Kcna2/Pou3f3	2
GO:0045667	regulation of osteoblast differentiation	2/137	141/17474	0.014184397163120567	1.8091836206450278	0.8575842937691379	0.303267802502639	0.6179086005584311	0.6078995237083153	Pdlim7/Cd276	2
GO:0009262	deoxyribonucleotide metabolic process	1/137	46/17474	0.021739130434782608	2.7727705490320536	1.070199431263015	0.30409366232005386	0.6179086005584311	0.6078995237083153	Dpys	1
GO:0033628	regulation of cell adhesion mediated by integrin	1/137	46/17474	0.021739130434782608	2.7727705490320536	1.070199431263015	0.30409366232005386	0.6179086005584311	0.6078995237083153	Itgb1bp1	1
GO:0050892	intestinal absorption	1/137	46/17474	0.021739130434782608	2.7727705490320536	1.070199431263015	0.30409366232005386	0.6179086005584311	0.6078995237083153	Isx	1
GO:0070229	negative regulation of lymphocyte apoptotic process	1/137	46/17474	0.021739130434782608	2.7727705490320536	1.070199431263015	0.30409366232005386	0.6179086005584311	0.6078995237083153	Rag1	1
GO:0070269	pyroptotic inflammatory response	1/137	46/17474	0.021739130434782608	2.7727705490320536	1.070199431263015	0.30409366232005386	0.6179086005584311	0.6078995237083153	Gzmn	1
GO:0097028	dendritic cell differentiation	1/137	46/17474	0.021739130434782608	2.7727705490320536	1.070199431263015	0.30409366232005386	0.6179086005584311	0.6078995237083153	Dcstamp	1
GO:0098698	postsynaptic specialization assembly	1/137	46/17474	0.021739130434782608	2.7727705490320536	1.070199431263015	0.30409366232005386	0.6179086005584311	0.6078995237083153	Csmd2	1
GO:1903524	positive regulation of blood circulation	1/137	46/17474	0.021739130434782608	2.7727705490320536	1.070199431263015	0.30409366232005386	0.6179086005584311	0.6078995237083153	Edn2	1
GO:2000516	positive regulation of CD4-positive, alpha-beta T cell activation	1/137	46/17474	0.021739130434782608	2.7727705490320536	1.070199431263015	0.30409366232005386	0.6179086005584311	0.6078995237083153	Cd83	1
GO:0003018	vascular process in circulatory system	3/137	247/17474	0.012145748987854251	1.5491592541150743	0.7726788125022729	0.30593910983867145	0.6185200626652376	0.6085010811605945	Edn2/Ptgs1/Itgb1bp1	3
GO:0003158	endothelium development	2/137	142/17474	0.014084507042253521	1.7964428909221755	0.8470938320912195	0.3061598892850279	0.6185200626652376	0.6085010811605945	Fgf1/Heg1	2
GO:0030278	regulation of ossification	2/137	142/17474	0.014084507042253521	1.7964428909221755	0.8470938320912195	0.3061598892850279	0.6185200626652376	0.6085010811605945	Prl/Cd276	2
GO:0002702	positive regulation of production of molecular mediator of immune response	2/137	143/17474	0.013986013986013986	1.783880353223419	0.8366870259912179	0.30904980091830314	0.6185200626652376	0.6085010811605945	Tnfsf13/Shld1	2
GO:0042471	ear morphogenesis	2/137	143/17474	0.013986013986013986	1.783880353223419	0.8366870259912179	0.30904980091830314	0.6185200626652376	0.6085010811605945	Spry2/Zic3	2
GO:0042476	odontogenesis	2/137	143/17474	0.013986013986013986	1.783880353223419	0.8366870259912179	0.30904980091830314	0.6185200626652376	0.6085010811605945	Aqp6/Phex	2
GO:0010762	regulation of fibroblast migration	1/137	47/17474	0.02127659574468085	2.7137754309675413	1.0457998452175392	0.30956412182557125	0.6185200626652376	0.6085010811605945	Itgb1bp1	1
GO:0010799	regulation of peptidyl-threonine phosphorylation	1/137	47/17474	0.02127659574468085	2.7137754309675413	1.0457998452175392	0.30956412182557125	0.6185200626652376	0.6085010811605945	Spry2	1
GO:0014044	Schwann cell development	1/137	47/17474	0.02127659574468085	2.7137754309675413	1.0457998452175392	0.30956412182557125	0.6185200626652376	0.6085010811605945	Dhh	1
GO:0021988	olfactory lobe development	1/137	47/17474	0.02127659574468085	2.7137754309675413	1.0457998452175392	0.30956412182557125	0.6185200626652376	0.6085010811605945	Zic3	1
GO:0030890	positive regulation of B cell proliferation	1/137	47/17474	0.02127659574468085	2.7137754309675413	1.0457998452175392	0.30956412182557125	0.6185200626652376	0.6085010811605945	Tnfsf13	1
GO:0035088	establishment or maintenance of apical/basal cell polarity	1/137	47/17474	0.02127659574468085	2.7137754309675413	1.0457998452175392	0.30956412182557125	0.6185200626652376	0.6085010811605945	Foxj1	1
GO:0045646	regulation of erythrocyte differentiation	1/137	47/17474	0.02127659574468085	2.7137754309675413	1.0457998452175392	0.30956412182557125	0.6185200626652376	0.6085010811605945	Hmgb2	1
GO:0045740	positive regulation of DNA replication	1/137	47/17474	0.02127659574468085	2.7137754309675413	1.0457998452175392	0.30956412182557125	0.6185200626652376	0.6085010811605945	Brpf3	1
GO:0045910	negative regulation of DNA recombination	1/137	47/17474	0.02127659574468085	2.7137754309675413	1.0457998452175392	0.30956412182557125	0.6185200626652376	0.6085010811605945	Shld1	1
GO:0051294	establishment of spindle orientation	1/137	47/17474	0.02127659574468085	2.7137754309675413	1.0457998452175392	0.30956412182557125	0.6185200626652376	0.6085010811605945	Spry2	1
GO:0061245	establishment or maintenance of bipolar cell polarity	1/137	47/17474	0.02127659574468085	2.7137754309675413	1.0457998452175392	0.30956412182557125	0.6185200626652376	0.6085010811605945	Foxj1	1
GO:0021782	glial cell development	2/137	144/17474	0.013888888888888888	1.7714922952149228	0.8263625084973254	0.31193739451788133	0.6226370303034803	0.6125513608688692	Nrros/Dhh	2
GO:0045598	regulation of fat cell differentiation	2/137	145/17474	0.013793103448275862	1.7592751069720614	0.8161189447631898	0.3148225295398306	0.6226370303034803	0.6125513608688692	Runx1t1/Zfp36l2	2
GO:0002455	humoral immune response mediated by circulating immunoglobulin	1/137	48/17474	0.020833333333333332	2.657238442822384	1.0220303914353903	0.3149918899617902	0.6226370303034803	0.6125513608688692	Foxj1	1
GO:0002920	regulation of humoral immune response	1/137	48/17474	0.020833333333333332	2.657238442822384	1.0220303914353903	0.3149918899617902	0.6226370303034803	0.6125513608688692	Foxj1	1
GO:0003382	epithelial cell morphogenesis	1/137	48/17474	0.020833333333333332	2.657238442822384	1.0220303914353903	0.3149918899617902	0.6226370303034803	0.6125513608688692	Heg1	1
GO:0014904	myotube cell development	1/137	48/17474	0.020833333333333332	2.657238442822384	1.0220303914353903	0.3149918899617902	0.6226370303034803	0.6125513608688692	Cav2	1
GO:0030501	positive regulation of bone mineralization	1/137	48/17474	0.020833333333333332	2.657238442822384	1.0220303914353903	0.3149918899617902	0.6226370303034803	0.6125513608688692	Cd276	1
GO:0042789	mRNA transcription by RNA polymerase II	1/137	48/17474	0.020833333333333332	2.657238442822384	1.0220303914353903	0.3149918899617902	0.6226370303034803	0.6125513608688692	Zic3	1
GO:0043403	skeletal muscle tissue regeneration	1/137	48/17474	0.020833333333333332	2.657238442822384	1.0220303914353903	0.3149918899617902	0.6226370303034803	0.6125513608688692	Fzd7	1
GO:0071364	cellular response to epidermal growth factor stimulus	1/137	48/17474	0.020833333333333332	2.657238442822384	1.0220303914353903	0.3149918899617902	0.6226370303034803	0.6125513608688692	Zfp36l2	1
GO:1903670	regulation of sprouting angiogenesis	1/137	48/17474	0.020833333333333332	2.657238442822384	1.0220303914353903	0.3149918899617902	0.6226370303034803	0.6125513608688692	Fgf1	1
GO:0050670	regulation of lymphocyte proliferation	3/137	252/17474	0.011904761904761904	1.5184219673270767	0.7368836511932264	0.3166605366039846	0.6253277004393248	0.615198446687966	Tnfsf13/Cd276/Foxj1	3
GO:0048565	digestive tract development	2/137	146/17474	0.0136986301369863	1.7472252774722528	0.8059550310919993	0.3177050677534189	0.6261745230721454	0.6160315522228165	Zic3/Sfrp5	2
GO:1902414	protein localization to cell junction	2/137	146/17474	0.0136986301369863	1.7472252774722528	0.8059550310919993	0.3177050677534189	0.6261745230721454	0.6160315522228165	Heg1/Cacna2d2	2
GO:0010837	regulation of keratinocyte proliferation	1/137	49/17474	0.02040816326530612	2.6030090868464173	0.9988601297394367	0.32037729746065624	0.6263877349828745	0.6162413104603035	Ift57	1
GO:0021517	ventral spinal cord development	1/137	49/17474	0.02040816326530612	2.6030090868464173	0.9988601297394367	0.32037729746065624	0.6263877349828745	0.6162413104603035	Lhx3	1
GO:0032728	positive regulation of interferon-beta production	1/137	49/17474	0.02040816326530612	2.6030090868464173	0.9988601297394367	0.32037729746065624	0.6263877349828745	0.6162413104603035	Hmgb2	1
GO:0042572	retinol metabolic process	1/137	49/17474	0.02040816326530612	2.6030090868464173	0.9988601297394367	0.32037729746065624	0.6263877349828745	0.6162413104603035	Rdh5	1
GO:0044058	regulation of digestive system process	1/137	49/17474	0.02040816326530612	2.6030090868464173	0.9988601297394367	0.32037729746065624	0.6263877349828745	0.6162413104603035	Isx	1
GO:0060043	regulation of cardiac muscle cell proliferation	1/137	49/17474	0.02040816326530612	2.6030090868464173	0.9988601297394367	0.32037729746065624	0.6263877349828745	0.6162413104603035	Fgf20	1
GO:1902041	regulation of extrinsic apoptotic signaling pathway via death domain receptors	1/137	49/17474	0.02040816326530612	2.6030090868464173	0.9988601297394367	0.32037729746065624	0.6263877349828745	0.6162413104603035	Hmgb2	1
GO:1903351	cellular response to dopamine	1/137	49/17474	0.02040816326530612	2.6030090868464173	0.9988601297394367	0.32037729746065624	0.6263877349828745	0.6162413104603035	Cav2	1
GO:0002824	positive regulation of adaptive immune response based on somatic recombination of immune receptors built from immunoglobulin superfamily domains	2/137	147/17474	0.013605442176870748	1.735339391230945	0.7958694939967579	0.320584873213949	0.6263877349828745	0.6162413104603035	Tnfsf13/Shld1	2
GO:0001838	embryonic epithelial tube formation	2/137	148/17474	0.013513513513513514	1.7236141250739792	0.7858610892951796	0.323461812235866	0.6273789436169577	0.6172164631867911	Tgif1/Ift57	2
GO:0006639	acylglycerol metabolic process	2/137	148/17474	0.013513513513513514	1.7236141250739792	0.7858610892951796	0.323461812235866	0.6273789436169577	0.6172164631867911	Dagla/Scd1	2
GO:0006997	nucleus organization	2/137	148/17474	0.013513513513513514	1.7236141250739792	0.7858610892951796	0.323461812235866	0.6273789436169577	0.6172164631867911	Hmgb2/Reep4	2
GO:0046165	alcohol biosynthetic process	2/137	148/17474	0.013513513513513514	1.7236141250739792	0.7858610892951796	0.323461812235866	0.6273789436169577	0.6172164631867911	Fgf1/Snca	2
GO:0051962	positive regulation of nervous system development	4/137	367/17474	0.010899182561307902	1.3901628910678414	0.6715047863060929	0.32488499347056765	0.6273789436169577	0.6172164631867911	Islr2/Flrt3/Dbn1/Slitrk2	4
GO:0048167	regulation of synaptic plasticity	3/137	256/17474	0.01171875	1.4946966240875912	0.7088014952010385	0.3252441702720645	0.6273789436169577	0.6172164631867911	Nsmf/Dbn1/Snca	3
GO:0000266	mitochondrial fission	1/137	50/17474	0.02	2.550948905109489	0.9762602550783577	0.3257206725107503	0.6273789436169577	0.6172164631867911	Carlr	1
GO:0001774	microglial cell activation	1/137	50/17474	0.02	2.550948905109489	0.9762602550783577	0.3257206725107503	0.6273789436169577	0.6172164631867911	Snca	1
GO:0006953	acute-phase response	1/137	50/17474	0.02	2.550948905109489	0.9762602550783577	0.3257206725107503	0.6273789436169577	0.6172164631867911	Saa3	1
GO:0032924	activin receptor signaling pathway	1/137	50/17474	0.02	2.550948905109489	0.9762602550783577	0.3257206725107503	0.6273789436169577	0.6172164631867911	Tgif1	1
GO:0042743	hydrogen peroxide metabolic process	1/137	50/17474	0.02	2.550948905109489	0.9762602550783577	0.3257206725107503	0.6273789436169577	0.6172164631867911	Snca	1
GO:0051602	response to electrical stimulus	1/137	50/17474	0.02	2.550948905109489	0.9762602550783577	0.3257206725107503	0.6273789436169577	0.6172164631867911	Nsmf	1
GO:0099633	protein localization to postsynaptic specialization membrane	1/137	50/17474	0.02	2.550948905109489	0.9762602550783577	0.3257206725107503	0.6273789436169577	0.6172164631867911	Cacna2d2	1
GO:0099645	neurotransmitter receptor localization to postsynaptic specialization membrane	1/137	50/17474	0.02	2.550948905109489	0.9762602550783577	0.3257206725107503	0.6273789436169577	0.6172164631867911	Cacna2d2	1
GO:1902459	positive regulation of stem cell population maintenance	1/137	50/17474	0.02	2.550948905109489	0.9762602550783577	0.3257206725107503	0.6273789436169577	0.6172164631867911	Sap30	1
GO:0030183	B cell differentiation	2/137	149/17474	0.013422818791946308	1.7120462450399256	0.7759286012376932	0.3263357533661461	0.6273789436169577	0.6172164631867911	Rag1/Zfp36l2	2
GO:0071902	positive regulation of protein serine/threonine kinase activity	2/137	149/17474	0.013422818791946308	1.7120462450399256	0.7759286012376932	0.3263357533661461	0.6273789436169577	0.6172164631867911	Fgf1/Snca	2
GO:0032944	regulation of mononuclear cell proliferation	3/137	257/17474	0.011673151750972763	1.4888806839160442	0.701855564780138	0.32739040938183317	0.628812174393436	0.6186264780427065	Tnfsf13/Cd276/Foxj1	3
GO:0009161	ribonucleoside monophosphate metabolic process	1/137	51/17474	0.0196078431372549	2.50093029912695	0.9542039102465516	0.3310223407767068	0.630073483779922	0.6198673563450974	Dpys	1
GO:0030219	megakaryocyte differentiation	1/137	51/17474	0.0196078431372549	2.50093029912695	0.9542039102465516	0.3310223407767068	0.630073483779922	0.6198673563450974	Hmgb2	1
GO:0030901	midbrain development	1/137	51/17474	0.0196078431372549	2.50093029912695	0.9542039102465516	0.3310223407767068	0.630073483779922	0.6198673563450974	Barhl1	1
GO:0031111	negative regulation of microtubule polymerization or depolymerization	1/137	51/17474	0.0196078431372549	2.50093029912695	0.9542039102465516	0.3310223407767068	0.630073483779922	0.6198673563450974	Snca	1
GO:0032715	negative regulation of interleukin-6 production	1/137	51/17474	0.0196078431372549	2.50093029912695	0.9542039102465516	0.3310223407767068	0.630073483779922	0.6198673563450974	Foxj1	1
GO:0060563	neuroepithelial cell differentiation	1/137	51/17474	0.0196078431372549	2.50093029912695	0.9542039102465516	0.3310223407767068	0.630073483779922	0.6198673563450974	Lhx3	1
GO:0090181	regulation of cholesterol metabolic process	1/137	51/17474	0.0196078431372549	2.50093029912695	0.9542039102465516	0.3310223407767068	0.630073483779922	0.6198673563450974	Fgf1	1
GO:1903350	response to dopamine	1/137	51/17474	0.0196078431372549	2.50093029912695	0.9542039102465516	0.3310223407767068	0.630073483779922	0.6198673563450974	Cav2	1
GO:0006520	amino acid metabolic process	3/137	259/17474	0.011583011583011582	1.4773835357776963	0.6880513522835562	0.33168281551421325	0.630073483779922	0.6198673563450974	Dpys/Hgd/Tdo2	3
GO:0051051	negative regulation of transport	5/137	485/17474	0.010309278350515464	1.314922116035819	0.6252405975517552	0.3319100013541528	0.630073483779922	0.6198673563450974	Npvf/Edn2/Ptgs1/Snca/Snph	5
GO:0019216	regulation of lipid metabolic process	4/137	371/17474	0.01078167115902965	1.3751746119188621	0.6492938605152654	0.331996915073674	0.630073483779922	0.6198673563450974	Fgf1/Isx/Dhh/Snca	4
GO:0002708	positive regulation of lymphocyte mediated immunity	2/137	151/17474	0.013245033112582781	1.6893701358340987	0.7562866492087728	0.33207412714458034	0.630073483779922	0.6198673563450974	Tnfsf13/Shld1	2
GO:0050921	positive regulation of chemotaxis	2/137	151/17474	0.013245033112582781	1.6893701358340987	0.7562866492087728	0.33207412714458034	0.630073483779922	0.6198673563450974	Scg2/Edn2	2
GO:0010212	response to ionizing radiation	2/137	152/17474	0.013157894736842105	1.6782558586246636	0.7465748884893647	0.33493830781362866	0.6309952583959278	0.6207741997674578	Cxcl2/Ercc8	2
GO:0050671	positive regulation of lymphocyte proliferation	2/137	152/17474	0.013157894736842105	1.6782558586246636	0.7465748884893647	0.33493830781362866	0.6309952583959278	0.6207741997674578	Tnfsf13/Cd276	2
GO:0051384	response to glucocorticoid	2/137	152/17474	0.013157894736842105	1.6782558586246636	0.7465748884893647	0.33493830781362866	0.6309952583959278	0.6207741997674578	Cxcl2/Zfp36l2	2
GO:0000288	nuclear-transcribed mRNA catabolic process, deadenylation-dependent decay	1/137	52/17474	0.019230769230769232	2.452835485682201	0.9326660183709596	0.33628262541847875	0.6309952583959278	0.6207741997674578	Zfp36l2	1
GO:0001990	regulation of systemic arterial blood pressure by hormone	1/137	52/17474	0.019230769230769232	2.452835485682201	0.9326660183709596	0.33628262541847875	0.6309952583959278	0.6207741997674578	Edn2	1
GO:0031670	cellular response to nutrient	1/137	52/17474	0.019230769230769232	2.452835485682201	0.9326660183709596	0.33628262541847875	0.6309952583959278	0.6207741997674578	Phex	1
GO:0035850	epithelial cell differentiation involved in kidney development	1/137	52/17474	0.019230769230769232	2.452835485682201	0.9326660183709596	0.33628262541847875	0.6309952583959278	0.6207741997674578	Foxj1	1
GO:0045907	positive regulation of vasoconstriction	1/137	52/17474	0.019230769230769232	2.452835485682201	0.9326660183709596	0.33628262541847875	0.6309952583959278	0.6207741997674578	Ptgs1	1
GO:0046638	positive regulation of alpha-beta T cell differentiation	1/137	52/17474	0.019230769230769232	2.452835485682201	0.9326660183709596	0.33628262541847875	0.6309952583959278	0.6207741997674578	Cd83	1
GO:0060074	synapse maturation	1/137	52/17474	0.019230769230769232	2.452835485682201	0.9326660183709596	0.33628262541847875	0.6309952583959278	0.6207741997674578	Sez6	1
GO:0070232	regulation of T cell apoptotic process	1/137	52/17474	0.019230769230769232	2.452835485682201	0.9326660183709596	0.33628262541847875	0.6309952583959278	0.6207741997674578	Rag1	1
GO:1902743	regulation of lamellipodium organization	1/137	52/17474	0.019230769230769232	2.452835485682201	0.9326660183709596	0.33628262541847875	0.6309952583959278	0.6207741997674578	Auts2	1
GO:0044272	sulfur compound biosynthetic process	2/137	153/17474	0.013071895424836602	1.6672868660846334	0.7369344493840427	0.3377989865814929	0.6331948559914969	0.6229381675929389	Snca/Acly	2
GO:0002274	myeloid leukocyte activation	3/137	263/17474	0.011406844106463879	1.454913824206933	0.6607862601306733	0.34026550316398485	0.6331948559914969	0.6229381675929389	Edn2/Snca/Dcstamp	3
GO:0002821	positive regulation of adaptive immune response	2/137	154/17474	0.012987012987012988	1.6564603279931749	0.7273642462898348	0.3406560427680778	0.6331948559914969	0.6229381675929389	Tnfsf13/Shld1	2
GO:0006998	nuclear envelope organization	1/137	53/17474	0.018867924528301886	2.4065555708580084	0.9116231327406729	0.3415018471104583	0.6331948559914969	0.6229381675929389	Reep4	1
GO:0009299	mRNA transcription	1/137	53/17474	0.018867924528301886	2.4065555708580084	0.9116231327406729	0.3415018471104583	0.6331948559914969	0.6229381675929389	Zic3	1
GO:0021515	cell differentiation in spinal cord	1/137	53/17474	0.018867924528301886	2.4065555708580084	0.9116231327406729	0.3415018471104583	0.6331948559914969	0.6229381675929389	Lhx3	1
GO:0042755	eating behavior	1/137	53/17474	0.018867924528301886	2.4065555708580084	0.9116231327406729	0.3415018471104583	0.6331948559914969	0.6229381675929389	Oprl1	1
GO:0045124	regulation of bone resorption	1/137	53/17474	0.018867924528301886	2.4065555708580084	0.9116231327406729	0.3415018471104583	0.6331948559914969	0.6229381675929389	Dcstamp	1
GO:0048489	synaptic vesicle transport	1/137	53/17474	0.018867924528301886	2.4065555708580084	0.9116231327406729	0.3415018471104583	0.6331948559914969	0.6229381675929389	Snca	1
GO:0051489	regulation of filopodium assembly	1/137	53/17474	0.018867924528301886	2.4065555708580084	0.9116231327406729	0.3415018471104583	0.6331948559914969	0.6229381675929389	Dbn1	1
GO:0070849	response to epidermal growth factor	1/137	53/17474	0.018867924528301886	2.4065555708580084	0.9116231327406729	0.3415018471104583	0.6331948559914969	0.6229381675929389	Zfp36l2	1
GO:0071868	cellular response to monoamine stimulus	1/137	53/17474	0.018867924528301886	2.4065555708580084	0.9116231327406729	0.3415018471104583	0.6331948559914969	0.6229381675929389	Cav2	1
GO:0071870	cellular response to catecholamine stimulus	1/137	53/17474	0.018867924528301886	2.4065555708580084	0.9116231327406729	0.3415018471104583	0.6331948559914969	0.6229381675929389	Cav2	1
GO:0032946	positive regulation of mononuclear cell proliferation	2/137	155/17474	0.012903225806451613	1.6457734871674123	0.7178632174247286	0.34350935777178926	0.6351800306434722	0.6248911857647573	Tnfsf13/Cd276	2
GO:0046328	regulation of JNK cascade	2/137	155/17474	0.012903225806451613	1.6457734871674123	0.7178632174247286	0.34350935777178926	0.6351800306434722	0.6248911857647573	Asb15/Sfrp5	2
GO:1903825	organic acid transmembrane transport	2/137	155/17474	0.012903225806451613	1.6457734871674123	0.7178632174247286	0.34350935777178926	0.6351800306434722	0.6248911857647573	Slc6a6/Slc17a6	2
GO:0050900	leukocyte migration	4/137	378/17474	0.010582010582010581	1.3497084154018462	0.6110289343708734	0.3444626616313097	0.6358410993137622	0.6255415462378834	Scg2/Edn2/Cxcl2/Foxj1	4
GO:0043604	amide biosynthetic process	2/137	156/17474	0.01282051282051282	1.6352236571214673	0.7084303241512115	0.3463588150447808	0.6358410993137622	0.6255415462378834	Snca/Acly	2
GO:0001881	receptor recycling	1/137	54/17474	0.018518518518518517	2.3619897269532304	0.8910533018922769	0.34668032406045346	0.6358410993137622	0.6255415462378834	Snca	1
GO:0001941	postsynaptic membrane organization	1/137	54/17474	0.018518518518518517	2.3619897269532304	0.8910533018922769	0.34668032406045346	0.6358410993137622	0.6255415462378834	Dbn1	1
GO:0002269	leukocyte activation involved in inflammatory response	1/137	54/17474	0.018518518518518517	2.3619897269532304	0.8910533018922769	0.34668032406045346	0.6358410993137622	0.6255415462378834	Snca	1
GO:0014037	Schwann cell differentiation	1/137	54/17474	0.018518518518518517	2.3619897269532304	0.8910533018922769	0.34668032406045346	0.6358410993137622	0.6255415462378834	Dhh	1
GO:0043029	T cell homeostasis	1/137	54/17474	0.018518518518518517	2.3619897269532304	0.8910533018922769	0.34668032406045346	0.6358410993137622	0.6255415462378834	Rag1	1
GO:0061383	trabecula morphogenesis	1/137	54/17474	0.018518518518518517	2.3619897269532304	0.8910533018922769	0.34668032406045346	0.6358410993137622	0.6255415462378834	Heg1	1
GO:0140894	endolysosomal toll-like receptor signaling pathway	1/137	54/17474	0.018518518518518517	2.3619897269532304	0.8910533018922769	0.34668032406045346	0.6358410993137622	0.6255415462378834	Cd300ld3	1
GO:0022407	regulation of cell-cell adhesion	5/137	495/17474	0.010101010101010102	1.2883580328835804	0.5785430048923415	0.34744464431206395	0.6366688347123767	0.6263558737195197	Rag1/Zfp608/Cd83/Cd276/Foxj1	5
GO:0016050	vesicle organization	4/137	380/17474	0.010526315789473684	1.3426046868997312	0.600233590390198	0.34802742262162056	0.6371627161227509	0.6268417550842775	Cav2/Plekhf1/Snca/Snph	4
GO:1903522	regulation of blood circulation	3/137	268/17474	0.011194029850746268	1.4277699095762066	0.6273280649198991	0.35098459534647203	0.6383573315843086	0.6280170197908042	Edn2/Dsc2/Ptgs1	3
GO:0062012	regulation of small molecule metabolic process	4/137	382/17474	0.010471204188481676	1.3355753429892614	0.5894979912833042	0.3515930047312042	0.6383573315843086	0.6280170197908042	Fgf1/Isx/Tff3/Snca	4
GO:0009583	detection of light stimulus	1/137	55/17474	0.01818181818181818	2.3190444591904447	0.8709359481487647	0.3518183720285202	0.6383573315843086	0.6280170197908042	Ttr	1
GO:0021795	cerebral cortex cell migration	1/137	55/17474	0.01818181818181818	2.3190444591904447	0.8709359481487647	0.3518183720285202	0.6383573315843086	0.6280170197908042	Pou3f3	1
GO:0030857	negative regulation of epithelial cell differentiation	1/137	55/17474	0.01818181818181818	2.3190444591904447	0.8709359481487647	0.3518183720285202	0.6383573315843086	0.6280170197908042	Spry2	1
GO:0032410	negative regulation of transporter activity	1/137	55/17474	0.01818181818181818	2.3190444591904447	0.8709359481487647	0.3518183720285202	0.6383573315843086	0.6280170197908042	Snca	1
GO:0034605	cellular response to heat	1/137	55/17474	0.01818181818181818	2.3190444591904447	0.8709359481487647	0.3518183720285202	0.6383573315843086	0.6280170197908042	Fgf1	1
GO:0035195	miRNA-mediated post-transcriptional gene silencing	1/137	55/17474	0.01818181818181818	2.3190444591904447	0.8709359481487647	0.3518183720285202	0.6383573315843086	0.6280170197908042	Carlr	1
GO:0048546	digestive tract morphogenesis	1/137	55/17474	0.01818181818181818	2.3190444591904447	0.8709359481487647	0.3518183720285202	0.6383573315843086	0.6280170197908042	Sfrp5	1
GO:0055010	ventricular cardiac muscle tissue morphogenesis	1/137	55/17474	0.01818181818181818	2.3190444591904447	0.8709359481487647	0.3518183720285202	0.6383573315843086	0.6280170197908042	Heg1	1
GO:1903039	positive regulation of leukocyte cell-cell adhesion	3/137	269/17474	0.011152416356877323	1.422462214745068	0.6207171151682456	0.3531265530283074	0.6401599009443648	0.6297903905683576	Rag1/Cd83/Cd276	3
GO:0170039	proteinogenic amino acid metabolic process	2/137	159/17474	0.012578616352201259	1.6043703805720058	0.6805304051165262	0.3548829052945127	0.6424493478221707	0.6320427522692885	Hgd/Tdo2	2
GO:0002042	cell migration involved in sprouting angiogenesis	1/137	56/17474	0.017857142857142856	2.2776329509906152	0.8512517580514141	0.35691630434565036	0.6424493478221707	0.6320427522692885	Itgb1bp1	1
GO:0010332	response to gamma radiation	1/137	56/17474	0.017857142857142856	2.2776329509906152	0.8512517580514141	0.35691630434565036	0.6424493478221707	0.6320427522692885	Cxcl2	1
GO:0015804	neutral amino acid transport	1/137	56/17474	0.017857142857142856	2.2776329509906152	0.8512517580514141	0.35691630434565036	0.6424493478221707	0.6320427522692885	Slc6a6	1
GO:0016601	Rac protein signal transduction	1/137	56/17474	0.017857142857142856	2.2776329509906152	0.8512517580514141	0.35691630434565036	0.6424493478221707	0.6320427522692885	Auts2	1
GO:0048278	vesicle docking	1/137	56/17474	0.017857142857142856	2.2776329509906152	0.8512517580514141	0.35691630434565036	0.6424493478221707	0.6320427522692885	Cav2	1
GO:0060428	lung epithelium development	1/137	56/17474	0.017857142857142856	2.2776329509906152	0.8512517580514141	0.35691630434565036	0.6424493478221707	0.6320427522692885	Foxj1	1
GO:0072527	pyrimidine-containing compound metabolic process	1/137	56/17474	0.017857142857142856	2.2776329509906152	0.8512517580514141	0.35691630434565036	0.6424493478221707	0.6320427522692885	Dpys	1
GO:1901293	nucleoside phosphate biosynthetic process	3/137	271/17474	0.01107011070110701	1.4119643386214884	0.6075740569875959	0.3574081198139532	0.6427508393950823	0.6323393601873681	Nmrk1/Snca/Acly	3
GO:0072175	epithelial tube formation	2/137	160/17474	0.0125	1.5943430656934308	0.671360108336112	0.35771580638900347	0.6427508393950823	0.6323393601873681	Tgif1/Ift57	2
GO:0036294	cellular response to decreased oxygen levels	2/137	161/17474	0.012422360248447204	1.5844403137326017	0.6622530790417158	0.36054429697115487	0.6435804148167336	0.6331554978867726	Vasn/Carlr	2
GO:0055123	digestive system development	2/137	161/17474	0.012422360248447204	1.5844403137326017	0.6622530790417158	0.36054429697115487	0.6435804148167336	0.6331554978867726	Zic3/Sfrp5	2
GO:0001662	behavioral fear response	1/137	57/17474	0.017543859649122806	2.2376744781662183	0.8319825833295091	0.36197443193232215	0.6435804148167336	0.6331554978867726	Rag1	1
GO:0002823	negative regulation of adaptive immune response based on somatic recombination of immune receptors built from immunoglobulin superfamily domains	1/137	57/17474	0.017543859649122806	2.2376744781662183	0.8319825833295091	0.36197443193232215	0.6435804148167336	0.6331554978867726	Foxj1	1
GO:0006518	peptide metabolic process	1/137	57/17474	0.017543859649122806	2.2376744781662183	0.8319825833295091	0.36197443193232215	0.6435804148167336	0.6331554978867726	Lancl3	1
GO:0010596	negative regulation of endothelial cell migration	1/137	57/17474	0.017543859649122806	2.2376744781662183	0.8319825833295091	0.36197443193232215	0.6435804148167336	0.6331554978867726	Itgb1bp1	1
GO:0031113	regulation of microtubule polymerization	1/137	57/17474	0.017543859649122806	2.2376744781662183	0.8319825833295091	0.36197443193232215	0.6435804148167336	0.6331554978867726	Snca	1
GO:0046578	regulation of Ras protein signal transduction	1/137	57/17474	0.017543859649122806	2.2376744781662183	0.8319825833295091	0.36197443193232215	0.6435804148167336	0.6331554978867726	Spry2	1
GO:0070169	positive regulation of biomineral tissue development	1/137	57/17474	0.017543859649122806	2.2376744781662183	0.8319825833295091	0.36197443193232215	0.6435804148167336	0.6331554978867726	Cd276	1
GO:0089718	amino acid import across plasma membrane	1/137	57/17474	0.017543859649122806	2.2376744781662183	0.8319825833295091	0.36197443193232215	0.6435804148167336	0.6331554978867726	Slc6a6	1
GO:0095500	acetylcholine receptor signaling pathway	1/137	57/17474	0.017543859649122806	2.2376744781662183	0.8319825833295091	0.36197443193232215	0.6435804148167336	0.6331554978867726	Ly6g6d	1
GO:1902895	positive regulation of miRNA transcription	1/137	57/17474	0.017543859649122806	2.2376744781662183	0.8319825833295091	0.36197443193232215	0.6435804148167336	0.6331554978867726	Prl	1
GO:0051896	regulation of phosphatidylinositol 3-kinase/protein kinase B signal transduction	3/137	274/17474	0.010948905109489052	1.3965048750599394	0.5880532259448938	0.3638237048973664	0.6461848560768811	0.635717751592481	Spry2/Itgb1bp1/Sfrp5	3
GO:0050807	regulation of synapse organization	4/137	389/17474	0.010282776349614395	1.3115418535267294	0.5523835743724523	0.3640746534238475	0.6461848560768811	0.635717751592481	Flrt3/Dbn1/Slitrk2/Snca	4
GO:1904375	regulation of protein localization to cell periphery	2/137	163/17474	0.012269938650306749	1.5649993282880301	0.6442251910210472	0.36618762956181555	0.6468491254649775	0.6363712609371848	Snca/Cacna2d2	2
GO:0002209	behavioral defense response	1/137	58/17474	0.017241379310344827	2.1990938837150766	0.813111351228104	0.3669930633169046	0.6468491254649775	0.6363712609371848	Rag1	1
GO:0031648	protein destabilization	1/137	58/17474	0.017241379310344827	2.1990938837150766	0.813111351228104	0.3669930633169046	0.6468491254649775	0.6363712609371848	Snca	1
GO:0043370	regulation of CD4-positive, alpha-beta T cell differentiation	1/137	58/17474	0.017241379310344827	2.1990938837150766	0.813111351228104	0.3669930633169046	0.6468491254649775	0.6363712609371848	Cd83	1
GO:0051496	positive regulation of stress fiber assembly	1/137	58/17474	0.017241379310344827	2.1990938837150766	0.813111351228104	0.3669930633169046	0.6468491254649775	0.6363712609371848	Itgb1bp1	1
GO:0051955	regulation of amino acid transport	1/137	58/17474	0.017241379310344827	2.1990938837150766	0.813111351228104	0.3669930633169046	0.6468491254649775	0.6363712609371848	Snca	1
GO:0071869	response to catecholamine	1/137	58/17474	0.017241379310344827	2.1990938837150766	0.813111351228104	0.3669930633169046	0.6468491254649775	0.6363712609371848	Cav2	1
GO:2000351	regulation of endothelial cell apoptotic process	1/137	58/17474	0.017241379310344827	2.1990938837150766	0.813111351228104	0.3669930633169046	0.6468491254649775	0.6363712609371848	Scg2	1
GO:0006694	steroid biosynthetic process	2/137	164/17474	0.012195121951219513	1.5554566494570055	0.6353025633760961	0.36900226774798245	0.6492652358126265	0.6387482343734426	Fgf1/Dhh	2
GO:0030010	establishment of cell polarity	2/137	164/17474	0.012195121951219513	1.5554566494570055	0.6353025633760961	0.36900226774798245	0.6492652358126265	0.6387482343734426	Spry2/Foxj1	2
GO:0034113	heterotypic cell-cell adhesion	1/137	59/17474	0.01694915254237288	2.161821106024991	0.7946219831640622	0.37197250465392695	0.6522345469535236	0.6416694476834076	Dsc2	1
GO:0044060	regulation of endocrine process	1/137	59/17474	0.01694915254237288	2.161821106024991	0.7946219831640622	0.37197250465392695	0.6522345469535236	0.6416694476834076	Npvf	1
GO:0071867	response to monoamine	1/137	59/17474	0.01694915254237288	2.161821106024991	0.7946219831640622	0.37197250465392695	0.6522345469535236	0.6416694476834076	Cav2	1
GO:1905145	cellular response to acetylcholine	1/137	59/17474	0.01694915254237288	2.161821106024991	0.7946219831640622	0.37197250465392695	0.6522345469535236	0.6416694476834076	Ly6g6d	1
GO:0033002	muscle cell proliferation	3/137	278/17474	0.01079136690647482	1.376411279735336	0.5623780433818786	0.3723627412611819	0.6523564304265668	0.6417893568498181	Fgf1/Fgf20/Cav2	3
GO:1990778	protein localization to cell periphery	4/137	394/17474	0.01015228426395939	1.294897921375375	0.5262994747162655	0.37298695410364385	0.6524605646941702	0.6418918043179721	Plekhf1/Snca/Itgb1bp1/Cacna2d2	4
GO:0008406	gonad development	3/137	279/17474	0.010752688172043012	1.3714779059728437	0.5560208121503647	0.3744944277380744	0.6524605646941702	0.6418918043179721	Edn2/Hmgb2/Dhh	3
GO:0070663	regulation of leukocyte proliferation	3/137	279/17474	0.010752688172043012	1.3714779059728437	0.5560208121503647	0.3744944277380744	0.6524605646941702	0.6418918043179721	Tnfsf13/Cd276/Foxj1	3
GO:0030856	regulation of epithelial cell differentiation	2/137	166/17474	0.012048192771084338	1.5367162078972827	0.6176356543285159	0.37461699219656164	0.6524605646941702	0.6418918043179721	Spry2/Foxj1	2
GO:0170033	L-amino acid metabolic process	2/137	166/17474	0.012048192771084338	1.5367162078972827	0.6176356543285159	0.37461699219656164	0.6524605646941702	0.6418918043179721	Hgd/Tdo2	2
GO:0021545	cranial nerve development	1/137	60/17474	0.016666666666666666	2.1257907542579075	0.7764993208093531	0.37691305974220746	0.6524605646941702	0.6418918043179721	Kcna2	1
GO:0032507	maintenance of protein location in cell	1/137	60/17474	0.016666666666666666	2.1257907542579075	0.7764993208093531	0.37691305974220746	0.6524605646941702	0.6418918043179721	Dbn1	1
GO:0043030	regulation of macrophage activation	1/137	60/17474	0.016666666666666666	2.1257907542579075	0.7764993208093531	0.37691305974220746	0.6524605646941702	0.6418918043179721	Snca	1
GO:0043506	regulation of JUN kinase activity	1/137	60/17474	0.016666666666666666	2.1257907542579075	0.7764993208093531	0.37691305974220746	0.6524605646941702	0.6418918043179721	Sfrp5	1
GO:0046460	neutral lipid biosynthetic process	1/137	60/17474	0.016666666666666666	2.1257907542579075	0.7764993208093531	0.37691305974220746	0.6524605646941702	0.6418918043179721	Dagla	1
GO:0046463	acylglycerol biosynthetic process	1/137	60/17474	0.016666666666666666	2.1257907542579075	0.7764993208093531	0.37691305974220746	0.6524605646941702	0.6418918043179721	Dagla	1
GO:0048538	thymus development	1/137	60/17474	0.016666666666666666	2.1257907542579075	0.7764993208093531	0.37691305974220746	0.6524605646941702	0.6418918043179721	Rag1	1
GO:0051293	establishment of spindle localization	1/137	60/17474	0.016666666666666666	2.1257907542579075	0.7764993208093531	0.37691305974220746	0.6524605646941702	0.6418918043179721	Spry2	1
GO:0061900	glial cell activation	1/137	60/17474	0.016666666666666666	2.1257907542579075	0.7764993208093531	0.37691305974220746	0.6524605646941702	0.6418918043179721	Snca	1
GO:0001837	epithelial to mesenchymal transition	2/137	167/17474	0.011976047904191617	1.5275143144368197	0.6088897106372593	0.37741688562329856	0.6527771644198889	0.6422032756622723	Spry2/Vasn	2
GO:0019228	neuronal action potential	1/137	61/17474	0.01639344262295082	2.0909417254995812	0.758729058811371	0.3818150300428462	0.6536229855239521	0.6430353958914419	Kcna2	1
GO:0032653	regulation of interleukin-10 production	1/137	61/17474	0.01639344262295082	2.0909417254995812	0.758729058811371	0.3818150300428462	0.6536229855239521	0.6430353958914419	Cd83	1
GO:0036006	cellular response to macrophage colony-stimulating factor stimulus	1/137	61/17474	0.01639344262295082	2.0909417254995812	0.758729058811371	0.3818150300428462	0.6536229855239521	0.6430353958914419	Dcstamp	1
GO:0046427	positive regulation of receptor signaling pathway via JAK-STAT	1/137	61/17474	0.01639344262295082	2.0909417254995812	0.758729058811371	0.3818150300428462	0.6536229855239521	0.6430353958914419	Prl	1
GO:0050873	brown fat cell differentiation	1/137	61/17474	0.01639344262295082	2.0909417254995812	0.758729058811371	0.3818150300428462	0.6536229855239521	0.6430353958914419	Scd1	1
GO:0060324	face development	1/137	61/17474	0.01639344262295082	2.0909417254995812	0.758729058811371	0.3818150300428462	0.6536229855239521	0.6430353958914419	Zic3	1
GO:0086001	cardiac muscle cell action potential	1/137	61/17474	0.01639344262295082	2.0909417254995812	0.758729058811371	0.3818150300428462	0.6536229855239521	0.6430353958914419	Dsc2	1
GO:1903533	regulation of protein targeting	1/137	61/17474	0.01639344262295082	2.0909417254995812	0.758729058811371	0.3818150300428462	0.6536229855239521	0.6430353958914419	Itgb1bp1	1
GO:0007009	plasma membrane organization	2/137	169/17474	0.011834319526627219	1.5094372219582777	0.5915688144821668	0.3830012661452266	0.6536229855239521	0.6430353958914419	Cav2/Spam1	2
GO:0003007	heart morphogenesis	3/137	283/17474	0.01060070671378092	1.3520930592453124	0.5308320777160126	0.38300721728498366	0.6536229855239521	0.6430353958914419	Heg1/Zic3/Ift57	3
GO:0045137	development of primary sexual characteristics	3/137	283/17474	0.01060070671378092	1.3520930592453124	0.5308320777160126	0.38300721728498366	0.6536229855239521	0.6430353958914419	Edn2/Hmgb2/Dhh	3
GO:0051494	negative regulation of cytoskeleton organization	2/137	170/17474	0.011764705882352941	1.50055817947617	0.5829922981300317	0.3857855709961628	0.6536229855239521	0.6430353958914419	Dbn1/Snca	2
GO:0001738	morphogenesis of a polarized epithelium	1/137	62/17474	0.016129032258064516	2.057216858959265	0.7412976834556354	0.3866787146970776	0.6536229855239521	0.6430353958914419	Sfrp5	1
GO:0001954	positive regulation of cell-matrix adhesion	1/137	62/17474	0.016129032258064516	2.057216858959265	0.7412976834556354	0.3866787146970776	0.6536229855239521	0.6430353958914419	Itgb1bp1	1
GO:0002820	negative regulation of adaptive immune response	1/137	62/17474	0.016129032258064516	2.057216858959265	0.7412976834556354	0.3866787146970776	0.6536229855239521	0.6430353958914419	Foxj1	1
GO:0003044	regulation of systemic arterial blood pressure mediated by a chemical signal	1/137	62/17474	0.016129032258064516	2.057216858959265	0.7412976834556354	0.3866787146970776	0.6536229855239521	0.6430353958914419	Edn2	1
GO:0030858	positive regulation of epithelial cell differentiation	1/137	62/17474	0.016129032258064516	2.057216858959265	0.7412976834556354	0.3866787146970776	0.6536229855239521	0.6430353958914419	Foxj1	1
GO:0038066	p38MAPK cascade	1/137	62/17474	0.016129032258064516	2.057216858959265	0.7412976834556354	0.3866787146970776	0.6536229855239521	0.6430353958914419	Dsc2	1
GO:0042491	inner ear auditory receptor cell differentiation	1/137	62/17474	0.016129032258064516	2.057216858959265	0.7412976834556354	0.3866787146970776	0.6536229855239521	0.6430353958914419	Fgf20	1
GO:0050850	positive regulation of calcium-mediated signaling	1/137	62/17474	0.016129032258064516	2.057216858959265	0.7412976834556354	0.3866787146970776	0.6536229855239521	0.6430353958914419	Edn2	1
GO:0061001	regulation of dendritic spine morphogenesis	1/137	62/17474	0.016129032258064516	2.057216858959265	0.7412976834556354	0.3866787146970776	0.6536229855239521	0.6430353958914419	Dbn1	1
GO:0072577	endothelial cell apoptotic process	1/137	62/17474	0.016129032258064516	2.057216858959265	0.7412976834556354	0.3866787146970776	0.6536229855239521	0.6430353958914419	Scg2	1
GO:1905144	response to acetylcholine	1/137	62/17474	0.016129032258064516	2.057216858959265	0.7412976834556354	0.3866787146970776	0.6536229855239521	0.6430353958914419	Ly6g6d	1
GO:2001222	regulation of neuron migration	1/137	62/17474	0.016129032258064516	2.057216858959265	0.7412976834556354	0.3866787146970776	0.6536229855239521	0.6430353958914419	Nsmf	1
GO:0031960	response to corticosteroid	2/137	171/17474	0.011695906432748537	1.4917829854441456	0.5744707195234732	0.3885645002780248	0.6536229855239521	0.6430353958914419	Cxcl2/Zfp36l2	2
GO:0050770	regulation of axonogenesis	2/137	171/17474	0.011695906432748537	1.4917829854441456	0.5744707195234732	0.3885645002780248	0.6536229855239521	0.6430353958914419	Islr2/Dbn1	2
GO:0070665	positive regulation of leukocyte proliferation	2/137	171/17474	0.011695906432748537	1.4917829854441456	0.5744707195234732	0.3885645002780248	0.6536229855239521	0.6430353958914419	Tnfsf13/Cd276	2
GO:1902904	negative regulation of supramolecular fiber organization	2/137	171/17474	0.011695906432748537	1.4917829854441456	0.5744707195234732	0.3885645002780248	0.6536229855239521	0.6430353958914419	Dbn1/Snca	2
GO:2001236	regulation of extrinsic apoptotic signaling pathway	2/137	171/17474	0.011695906432748537	1.4917829854441456	0.5744707195234732	0.3885645002780248	0.6536229855239521	0.6430353958914419	Scg2/Hmgb2	2
GO:0043010	camera-type eye development	4/137	404/17474	0.009900990099009901	1.2628459926284599	0.47515174609364	0.3907839588268033	0.6536229855239521	0.6430353958914419	Spry2/Mab21l2/Tgif1/Slc17a6	4
GO:0006695	cholesterol biosynthetic process	1/137	63/17474	0.015873015873015872	2.024562623102769	0.7241924166589058	0.39150441054399354	0.6536229855239521	0.6430353958914419	Fgf1	1
GO:0010171	body morphogenesis	1/137	63/17474	0.015873015873015872	2.024562623102769	0.7241924166589058	0.39150441054399354	0.6536229855239521	0.6430353958914419	Mab21l2	1
GO:0022602	ovulation cycle process	1/137	63/17474	0.015873015873015872	2.024562623102769	0.7241924166589058	0.39150441054399354	0.6536229855239521	0.6430353958914419	Edn2	1
GO:0036005	response to macrophage colony-stimulating factor	1/137	63/17474	0.015873015873015872	2.024562623102769	0.7241924166589058	0.39150441054399354	0.6536229855239521	0.6430353958914419	Dcstamp	1
GO:0045776	negative regulation of blood pressure	1/137	63/17474	0.015873015873015872	2.024562623102769	0.7241924166589058	0.39150441054399354	0.6536229855239521	0.6430353958914419	Oprl1	1
GO:0046850	regulation of bone remodeling	1/137	63/17474	0.015873015873015872	2.024562623102769	0.7241924166589058	0.39150441054399354	0.6536229855239521	0.6430353958914419	Dcstamp	1
GO:0051289	protein homotetramerization	1/137	63/17474	0.015873015873015872	2.024562623102769	0.7241924166589058	0.39150441054399354	0.6536229855239521	0.6430353958914419	Tdo2	1
GO:0098815	modulation of excitatory postsynaptic potential	1/137	63/17474	0.015873015873015872	2.024562623102769	0.7241924166589058	0.39150441054399354	0.6536229855239521	0.6430353958914419	Dbn1	1
GO:1902653	secondary alcohol biosynthetic process	1/137	63/17474	0.015873015873015872	2.024562623102769	0.7241924166589058	0.39150441054399354	0.6536229855239521	0.6430353958914419	Fgf1	1
GO:0002703	regulation of leukocyte mediated immunity	3/137	288/17474	0.010416666666666666	1.328619221411192	0.49987204515165823	0.3936127690440891	0.6536229855239521	0.6430353958914419	Tnfsf13/Shld1/Foxj1	3
GO:0008584	male gonad development	2/137	173/17474	0.011560693641618497	1.4745369393696468	0.5575894150746757	0.394105886392726	0.6536229855239521	0.6430353958914419	Hmgb2/Dhh	2
GO:0030225	macrophage differentiation	1/137	64/17474	0.015625	1.9929288321167884	0.7074011647524322	0.39629241213812794	0.6536229855239521	0.6430353958914419	Nrros	1
GO:0032613	interleukin-10 production	1/137	64/17474	0.015625	1.9929288321167884	0.7074011647524322	0.39629241213812794	0.6536229855239521	0.6430353958914419	Cd83	1
GO:0042596	fear response	1/137	64/17474	0.015625	1.9929288321167884	0.7074011647524322	0.39629241213812794	0.6536229855239521	0.6430353958914419	Rag1	1
GO:0043616	keratinocyte proliferation	1/137	64/17474	0.015625	1.9929288321167884	0.7074011647524322	0.39629241213812794	0.6536229855239521	0.6430353958914419	Ift57	1
GO:0046173	polyol biosynthetic process	1/137	64/17474	0.015625	1.9929288321167884	0.7074011647524322	0.39629241213812794	0.6536229855239521	0.6430353958914419	Snca	1
GO:0046622	positive regulation of organ growth	1/137	64/17474	0.015625	1.9929288321167884	0.7074011647524322	0.39629241213812794	0.6536229855239521	0.6430353958914419	Cacna2d2	1
GO:0050775	positive regulation of dendrite morphogenesis	1/137	64/17474	0.015625	1.9929288321167884	0.7074011647524322	0.39629241213812794	0.6536229855239521	0.6430353958914419	Dbn1	1
GO:0051653	spindle localization	1/137	64/17474	0.015625	1.9929288321167884	0.7074011647524322	0.39629241213812794	0.6536229855239521	0.6430353958914419	Spry2	1
GO:0051893	regulation of focal adhesion assembly	1/137	64/17474	0.015625	1.9929288321167884	0.7074011647524322	0.39629241213812794	0.6536229855239521	0.6430353958914419	Itgb1bp1	1
GO:0090109	regulation of cell-substrate junction assembly	1/137	64/17474	0.015625	1.9929288321167884	0.7074011647524322	0.39629241213812794	0.6536229855239521	0.6430353958914419	Itgb1bp1	1
GO:2000630	positive regulation of miRNA metabolic process	1/137	64/17474	0.015625	1.9929288321167884	0.7074011647524322	0.39629241213812794	0.6536229855239521	0.6430353958914419	Prl	1
GO:0007584	response to nutrient	2/137	174/17474	0.011494252873563218	1.4660625891433845	0.5492282450576521	0.39686817450949563	0.6536229855239521	0.6430353958914419	Phex/Scd1	2
GO:0007613	memory	2/137	174/17474	0.011494252873563218	1.4660625891433845	0.5492282450576521	0.39686817450949563	0.6536229855239521	0.6430353958914419	Ptgs1/Foxo6	2
GO:0010594	regulation of endothelial cell migration	2/137	174/17474	0.011494252873563218	1.4660625891433845	0.5492282450576521	0.39686817450949563	0.6536229855239521	0.6430353958914419	Fgf1/Itgb1bp1	2
GO:0046546	development of primary male sexual characteristics	2/137	174/17474	0.011494252873563218	1.4660625891433845	0.5492282450576521	0.39686817450949563	0.6536229855239521	0.6430353958914419	Hmgb2/Dhh	2
GO:0002705	positive regulation of leukocyte mediated immunity	2/137	175/17474	0.011428571428571429	1.4576850886339938	0.5409191237076291	0.3996247495842512	0.6536229855239521	0.6430353958914419	Tnfsf13/Shld1	2
GO:0007605	sensory perception of sound	2/137	175/17474	0.011428571428571429	1.4576850886339938	0.5409191237076291	0.3996247495842512	0.6536229855239521	0.6430353958914419	Spry2/Barhl1	2
GO:0010970	transport along microtubule	2/137	175/17474	0.011428571428571429	1.4576850886339938	0.5409191237076291	0.3996247495842512	0.6536229855239521	0.6430353958914419	Lca5l/Ift57	2
GO:0002707	negative regulation of lymphocyte mediated immunity	1/137	65/17474	0.015384615384615385	1.962268388545761	0.6909124715773709	0.4010430117669087	0.6536229855239521	0.6430353958914419	Foxj1	1
GO:0030199	collagen fibril organization	1/137	65/17474	0.015384615384615385	1.962268388545761	0.6909124715773709	0.4010430117669087	0.6536229855239521	0.6430353958914419	P3h4	1
GO:0032964	collagen biosynthetic process	1/137	65/17474	0.015384615384615385	1.962268388545761	0.6909124715773709	0.4010430117669087	0.6536229855239521	0.6430353958914419	P3h4	1
GO:0042058	regulation of epidermal growth factor receptor signaling pathway	1/137	65/17474	0.015384615384615385	1.962268388545761	0.6909124715773709	0.4010430117669087	0.6536229855239521	0.6430353958914419	Spry2	1
GO:0042220	response to cocaine	1/137	65/17474	0.015384615384615385	1.962268388545761	0.6909124715773709	0.4010430117669087	0.6536229855239521	0.6430353958914419	Snca	1
GO:0042773	ATP synthesis coupled electron transport	1/137	65/17474	0.015384615384615385	1.962268388545761	0.6909124715773709	0.4010430117669087	0.6536229855239521	0.6430353958914419	Snca	1
GO:0042775	mitochondrial ATP synthesis coupled electron transport	1/137	65/17474	0.015384615384615385	1.962268388545761	0.6909124715773709	0.4010430117669087	0.6536229855239521	0.6430353958914419	Snca	1
GO:0045778	positive regulation of ossification	1/137	65/17474	0.015384615384615385	1.962268388545761	0.6909124715773709	0.4010430117669087	0.6536229855239521	0.6430353958914419	Cd276	1
GO:0051898	negative regulation of phosphatidylinositol 3-kinase/protein kinase B signal transduction	1/137	65/17474	0.015384615384615385	1.962268388545761	0.6909124715773709	0.4010430117669087	0.6536229855239521	0.6430353958914419	Sfrp5	1
GO:0061337	cardiac conduction	1/137	65/17474	0.015384615384615385	1.962268388545761	0.6909124715773709	0.4010430117669087	0.6536229855239521	0.6430353958914419	Dsc2	1
GO:0071385	cellular response to glucocorticoid stimulus	1/137	65/17474	0.015384615384615385	1.962268388545761	0.6909124715773709	0.4010430117669087	0.6536229855239521	0.6430353958914419	Zfp36l2	1
GO:1905517	macrophage migration	1/137	65/17474	0.015384615384615385	1.962268388545761	0.6909124715773709	0.4010430117669087	0.6536229855239521	0.6430353958914419	Edn2	1
GO:2000107	negative regulation of leukocyte apoptotic process	1/137	65/17474	0.015384615384615385	1.962268388545761	0.6909124715773709	0.4010430117669087	0.6536229855239521	0.6430353958914419	Rag1	1
GO:2001233	regulation of apoptotic signaling pathway	4/137	410/17474	0.00975609756097561	1.2443653195656044	0.4450902954866317	0.4014329324712757	0.6537346554416131	0.6431452569448359	Scg2/Hmgb2/Plekhf1/Nr4a2	4
GO:0051017	actin filament bundle assembly	2/137	176/17474	0.011363636363636364	1.4494027869940278	0.5326613633780918	0.4023755313223637	0.6547454645677502	0.6441396926684745	Dbn1/Itgb1bp1	2
GO:0010770	positive regulation of cell morphogenesis	1/137	66/17474	0.015151515151515152	1.9325370493253704	0.6747154754686832	0.4057564994679791	0.6586661771092334	0.6479968962814535	Dbn1	1
GO:0032233	positive regulation of actin filament bundle assembly	1/137	66/17474	0.015151515151515152	1.9325370493253704	0.6747154754686832	0.4057564994679791	0.6586661771092334	0.6479968962814535	Itgb1bp1	1
GO:0034331	cell junction maintenance	1/137	66/17474	0.015151515151515152	1.9325370493253704	0.6747154754686832	0.4057564994679791	0.6586661771092334	0.6479968962814535	Csmd2	1
GO:0016331	morphogenesis of embryonic epithelium	2/137	178/17474	0.011235955056179775	1.4331173624210611	0.5162972406628757	0.4078594015374208	0.6601935288974019	0.6494995075474621	Tgif1/Ift57	2
GO:0000768	syncytium formation by plasma membrane fusion	1/137	67/17474	0.014925373134328358	1.9036932127682753	0.6587998697512157	0.4104331630463849	0.6601935288974019	0.6494995075474621	Dcstamp	1
GO:0001658	branching involved in ureteric bud morphogenesis	1/137	67/17474	0.014925373134328358	1.9036932127682753	0.6587998697512157	0.4104331630463849	0.6601935288974019	0.6494995075474621	Fgf1	1
GO:0002011	morphogenesis of an epithelial sheet	1/137	67/17474	0.014925373134328358	1.9036932127682753	0.6587998697512157	0.4104331630463849	0.6601935288974019	0.6494995075474621	Flrt3	1
GO:0019098	reproductive behavior	1/137	67/17474	0.014925373134328358	1.9036932127682753	0.6587998697512157	0.4104331630463849	0.6601935288974019	0.6494995075474621	Prl	1
GO:0035194	regulatory ncRNA-mediated post-transcriptional gene silencing	1/137	67/17474	0.014925373134328358	1.9036932127682753	0.6587998697512157	0.4104331630463849	0.6601935288974019	0.6494995075474621	Carlr	1
GO:0042551	neuron maturation	1/137	67/17474	0.014925373134328358	1.9036932127682753	0.6587998697512157	0.4104331630463849	0.6601935288974019	0.6494995075474621	Nr4a2	1
GO:0140253	cell-cell fusion	1/137	67/17474	0.014925373134328358	1.9036932127682753	0.6587998697512157	0.4104331630463849	0.6601935288974019	0.6494995075474621	Dcstamp	1
GO:0001889	liver development	2/137	179/17474	0.0111731843575419	1.425111120172899	0.5081895674825115	0.4105923372936152	0.6601935288974019	0.6494995075474621	Fgf1/Zic3	2
GO:0051302	regulation of cell division	2/137	179/17474	0.0111731843575419	1.425111120172899	0.5081895674825115	0.4105923372936152	0.6601935288974019	0.6494995075474621	Fgf1/Itgb1bp1	2
GO:0061572	actin filament bundle organization	2/137	179/17474	0.0111731843575419	1.425111120172899	0.5081895674825115	0.4105923372936152	0.6601935288974019	0.6494995075474621	Dbn1/Itgb1bp1	2
GO:0071453	cellular response to oxygen levels	2/137	179/17474	0.0111731843575419	1.425111120172899	0.5081895674825115	0.4105923372936152	0.6601935288974019	0.6494995075474621	Vasn/Carlr	2
GO:0006979	response to oxidative stress	4/137	416/17474	0.009615384615384616	1.2264177428411005	0.4154799917402265	0.4120512516728155	0.6620159920240969	0.6512924498461979	Ercc8/Ptgs1/Snca/Nr4a2	4
GO:0002437	inflammatory response to antigenic stimulus	1/137	68/17474	0.014705882352941176	1.8756977243452124	0.6431558664131326	0.4150732880916337	0.6621639748850062	0.6514380356344237	Hmgb2	1
GO:0007595	lactation	1/137	68/17474	0.014705882352941176	1.8756977243452124	0.6431558664131326	0.4150732880916337	0.6621639748850062	0.6514380356344237	Prl	1
GO:0008333	endosome to lysosome transport	1/137	68/17474	0.014705882352941176	1.8756977243452124	0.6431558664131326	0.4150732880916337	0.6621639748850062	0.6514380356344237	Plekhf1	1
GO:0016126	sterol biosynthetic process	1/137	68/17474	0.014705882352941176	1.8756977243452124	0.6431558664131326	0.4150732880916337	0.6621639748850062	0.6514380356344237	Fgf1	1
GO:0019933	cAMP-mediated signaling	1/137	68/17474	0.014705882352941176	1.8756977243452124	0.6431558664131326	0.4150732880916337	0.6621639748850062	0.6514380356344237	Oprl1	1
GO:0021695	cerebellar cortex development	1/137	68/17474	0.014705882352941176	1.8756977243452124	0.6431558664131326	0.4150732880916337	0.6621639748850062	0.6514380356344237	Sez6	1
GO:0046503	glycerolipid catabolic process	1/137	68/17474	0.014705882352941176	1.8756977243452124	0.6431558664131326	0.4150732880916337	0.6621639748850062	0.6514380356344237	Dagla	1
GO:0097479	synaptic vesicle localization	1/137	68/17474	0.014705882352941176	1.8756977243452124	0.6431558664131326	0.4150732880916337	0.6621639748850062	0.6514380356344237	Snca	1
GO:0150116	regulation of cell-substrate junction organization	1/137	68/17474	0.014705882352941176	1.8756977243452124	0.6431558664131326	0.4150732880916337	0.6621639748850062	0.6514380356344237	Itgb1bp1	1
GO:0061008	hepaticobiliary system development	2/137	182/17474	0.01098901098901099	1.4016202775326865	0.48415649232307956	0.4187542629853612	0.6632659979495453	0.6525222077845498	Fgf1/Zic3	2
GO:0001885	endothelial cell development	1/137	69/17474	0.014492753623188406	1.8485136993547022	0.6277741626582292	0.4196771579946238	0.6632659979495453	0.6525222077845498	Heg1	1
GO:0006487	protein N-linked glycosylation	1/137	69/17474	0.014492753623188406	1.8485136993547022	0.6277741626582292	0.4196771579946238	0.6632659979495453	0.6525222077845498	Alg8	1
GO:0006949	syncytium formation	1/137	69/17474	0.014492753623188406	1.8485136993547022	0.6277741626582292	0.4196771579946238	0.6632659979495453	0.6525222077845498	Dcstamp	1
GO:0007528	neuromuscular junction development	1/137	69/17474	0.014492753623188406	1.8485136993547022	0.6277741626582292	0.4196771579946238	0.6632659979495453	0.6525222077845498	Cacna2d2	1
GO:0010761	fibroblast migration	1/137	69/17474	0.014492753623188406	1.8485136993547022	0.6277741626582292	0.4196771579946238	0.6632659979495453	0.6525222077845498	Itgb1bp1	1
GO:0032608	interferon-beta production	1/137	69/17474	0.014492753623188406	1.8485136993547022	0.6277741626582292	0.4196771579946238	0.6632659979495453	0.6525222077845498	Hmgb2	1
GO:0032648	regulation of interferon-beta production	1/137	69/17474	0.014492753623188406	1.8485136993547022	0.6277741626582292	0.4196771579946238	0.6632659979495453	0.6525222077845498	Hmgb2	1
GO:0048286	lung alveolus development	1/137	69/17474	0.014492753623188406	1.8485136993547022	0.6277741626582292	0.4196771579946238	0.6632659979495453	0.6525222077845498	Edn2	1
GO:0070542	response to fatty acid	1/137	69/17474	0.014492753623188406	1.8485136993547022	0.6277741626582292	0.4196771579946238	0.6632659979495453	0.6525222077845498	Scd1	1
GO:1902475	L-alpha-amino acid transmembrane transport	1/137	69/17474	0.014492753623188406	1.8485136993547022	0.6277741626582292	0.4196771579946238	0.6632659979495453	0.6525222077845498	Slc17a6	1
GO:2001244	positive regulation of intrinsic apoptotic signaling pathway	1/137	69/17474	0.014492753623188406	1.8485136993547022	0.6277741626582292	0.4196771579946238	0.6632659979495453	0.6525222077845498	Plekhf1	1
GO:0001508	action potential	2/137	183/17474	0.01092896174863388	1.3939611503330542	0.47624007045234934	0.42146237417472515	0.6653156821616661	0.6545386905704741	Dsc2/Kcna2	2
GO:0003229	ventricular cardiac muscle tissue development	1/137	70/17474	0.014285714285714285	1.822106360792492	0.6126459100705932	0.4242450539644449	0.6653156821616661	0.6545386905704741	Heg1	1
GO:0007032	endosome organization	1/137	70/17474	0.014285714285714285	1.822106360792492	0.6126459100705932	0.4242450539644449	0.6653156821616661	0.6545386905704741	Plekhf1	1
GO:0022029	telencephalon cell migration	1/137	70/17474	0.014285714285714285	1.822106360792492	0.6126459100705932	0.4242450539644449	0.6653156821616661	0.6545386905704741	Pou3f3	1
GO:0035315	hair cell differentiation	1/137	70/17474	0.014285714285714285	1.822106360792492	0.6126459100705932	0.4242450539644449	0.6653156821616661	0.6545386905704741	Fgf20	1
GO:0051148	negative regulation of muscle cell differentiation	1/137	70/17474	0.014285714285714285	1.822106360792492	0.6126459100705932	0.4242450539644449	0.6653156821616661	0.6545386905704741	Fzd7	1
GO:0055008	cardiac muscle tissue morphogenesis	1/137	70/17474	0.014285714285714285	1.822106360792492	0.6126459100705932	0.4242450539644449	0.6653156821616661	0.6545386905704741	Heg1	1
GO:0060350	endochondral bone morphogenesis	1/137	70/17474	0.014285714285714285	1.822106360792492	0.6126459100705932	0.4242450539644449	0.6653156821616661	0.6545386905704741	Col9a1	1
GO:0070231	T cell apoptotic process	1/137	70/17474	0.014285714285714285	1.822106360792492	0.6126459100705932	0.4242450539644449	0.6653156821616661	0.6545386905704741	Rag1	1
GO:1904894	positive regulation of receptor signaling pathway via STAT	1/137	70/17474	0.014285714285714285	1.822106360792492	0.6126459100705932	0.4242450539644449	0.6653156821616661	0.6545386905704741	Prl	1
GO:0006801	superoxide metabolic process	1/137	71/17474	0.014084507042253521	1.7964428909221755	0.5977626861532043	0.42877725504505126	0.6693268893028659	0.6584849229233287	Nrros	1
GO:0009123	nucleoside monophosphate metabolic process	1/137	71/17474	0.014084507042253521	1.7964428909221755	0.5977626861532043	0.42877725504505126	0.6693268893028659	0.6584849229233287	Dpys	1
GO:0030888	regulation of B cell proliferation	1/137	71/17474	0.014084507042253521	1.7964428909221755	0.5977626861532043	0.42877725504505126	0.6693268893028659	0.6584849229233287	Tnfsf13	1
GO:0060425	lung morphogenesis	1/137	71/17474	0.014084507042253521	1.7964428909221755	0.5977626861532043	0.42877725504505126	0.6693268893028659	0.6584849229233287	Spry2	1
GO:0086003	cardiac muscle cell contraction	1/137	71/17474	0.014084507042253521	1.7964428909221755	0.5977626861532043	0.42877725504505126	0.6693268893028659	0.6584849229233287	Dsc2	1
GO:1901184	regulation of ERBB signaling pathway	1/137	71/17474	0.014084507042253521	1.7964428909221755	0.5977626861532043	0.42877725504505126	0.6693268893028659	0.6584849229233287	Spry2	1
GO:0015850	organic hydroxy compound transport	3/137	306/17474	0.00980392156862745	1.250465149563475	0.3929209756892187	0.4313729912056188	0.6723468690515162	0.6614559840950848	Kcna2/Ptgs1/Snca	3
GO:0021537	telencephalon development	3/137	306/17474	0.00980392156862745	1.250465149563475	0.3929209756892187	0.4313729912056188	0.6723468690515162	0.6614559840950848	Kcna2/Pou3f3/Zic3	3
GO:0045861	negative regulation of proteolysis	2/137	187/17474	0.0106951871657754	1.3641437995237908	0.44503170700158945	0.43223035819236794	0.6731673419320646	0.6622631666991952	Serpinb8/Serpinb1b	2
GO:0045806	negative regulation of endocytosis	1/137	72/17474	0.013888888888888888	1.7714922952149228	0.5831164680268562	0.43327403813180776	0.673246289961877	0.6623408359041185	Snph	1
GO:0055117	regulation of cardiac muscle contraction	1/137	72/17474	0.013888888888888888	1.7714922952149228	0.5831164680268562	0.43327403813180776	0.673246289961877	0.6623408359041185	Dsc2	1
GO:1905330	regulation of morphogenesis of an epithelium	1/137	72/17474	0.013888888888888888	1.7714922952149228	0.5831164680268562	0.43327403813180776	0.673246289961877	0.6623408359041185	Fgf1	1
GO:0007219	Notch signaling pathway	2/137	188/17474	0.010638297872340425	1.3568877154837706	0.43734112421881416	0.43490591617580976	0.6740002793545914	0.6630826119407329	Itgb1bp1/Ripply2	2
GO:0048813	dendrite morphogenesis	2/137	189/17474	0.010582010582010581	1.3497084154018462	0.4296940508762788	0.43757477467374223	0.6740002793545914	0.6630826119407329	Nsmf/Dbn1	2
GO:0001756	somitogenesis	1/137	73/17474	0.0136986301369863	1.7472252774722528	0.5686996080977055	0.43773567798791313	0.6740002793545914	0.6630826119407329	Ripply2	1
GO:0006289	nucleotide-excision repair	1/137	73/17474	0.0136986301369863	1.7472252774722528	0.5686996080977055	0.43773567798791313	0.6740002793545914	0.6630826119407329	Ercc8	1
GO:0021885	forebrain cell migration	1/137	73/17474	0.0136986301369863	1.7472252774722528	0.5686996080977055	0.43773567798791313	0.6740002793545914	0.6630826119407329	Pou3f3	1
GO:0030032	lamellipodium assembly	1/137	73/17474	0.0136986301369863	1.7472252774722528	0.5686996080977055	0.43773567798791313	0.6740002793545914	0.6630826119407329	Auts2	1
GO:0046847	filopodium assembly	1/137	73/17474	0.0136986301369863	1.7472252774722528	0.5686996080977055	0.43773567798791313	0.6740002793545914	0.6630826119407329	Dbn1	1
GO:0048645	animal organ formation	1/137	73/17474	0.0136986301369863	1.7472252774722528	0.5686996080977055	0.43773567798791313	0.6740002793545914	0.6630826119407329	Fgf1	1
GO:0060986	endocrine hormone secretion	1/137	73/17474	0.0136986301369863	1.7472252774722528	0.5686996080977055	0.43773567798791313	0.6740002793545914	0.6630826119407329	Npvf	1
GO:0090559	regulation of membrane permeability	1/137	73/17474	0.0136986301369863	1.7472252774722528	0.5686996080977055	0.43773567798791313	0.6740002793545914	0.6630826119407329	Heg1	1
GO:0098900	regulation of action potential	1/137	73/17474	0.0136986301369863	1.7472252774722528	0.5686996080977055	0.43773567798791313	0.6740002793545914	0.6630826119407329	Dsc2	1
GO:1905515	non-motile cilium assembly	1/137	73/17474	0.0136986301369863	1.7472252774722528	0.5686996080977055	0.43773567798791313	0.6740002793545914	0.6630826119407329	Ift57	1
GO:0048754	branching morphogenesis of an epithelial tube	2/137	190/17474	0.010526315789473684	1.3426046868997312	0.42208995710998903	0.4402368739272683	0.6768164119510482	0.6658531279402488	Fgf1/Spry2	2
GO:0002763	positive regulation of myeloid leukocyte differentiation	1/137	74/17474	0.013513513513513514	1.7236141250739792	0.554504811521141	0.44216244726069365	0.6768164119510482	0.6658531279402488	Dcstamp	1
GO:0016441	post-transcriptional gene silencing	1/137	74/17474	0.013513513513513514	1.7236141250739792	0.554504811521141	0.44216244726069365	0.6768164119510482	0.6658531279402488	Carlr	1
GO:0034248	regulation of amide metabolic process	1/137	74/17474	0.013513513513513514	1.7236141250739792	0.554504811521141	0.44216244726069365	0.6768164119510482	0.6658531279402488	Snca	1
GO:0045109	intermediate filament organization	1/137	74/17474	0.013513513513513514	1.7236141250739792	0.554504811521141	0.44216244726069365	0.6768164119510482	0.6658531279402488	Krt24	1
GO:0071384	cellular response to corticosteroid stimulus	1/137	74/17474	0.013513513513513514	1.7236141250739792	0.554504811521141	0.44216244726069365	0.6768164119510482	0.6658531279402488	Zfp36l2	1
GO:0140056	organelle localization by membrane tethering	1/137	74/17474	0.013513513513513514	1.7236141250739792	0.554504811521141	0.44216244726069365	0.6768164119510482	0.6658531279402488	Cav2	1
GO:0001659	temperature homeostasis	2/137	191/17474	0.010471204188481676	1.3355753429892614	0.41452832242855653	0.4428921555097567	0.6768164119510482	0.6658531279402488	Edn2/Scd1	2
GO:0021915	neural tube development	2/137	191/17474	0.010471204188481676	1.3355753429892614	0.41452832242855653	0.4428921555097567	0.6768164119510482	0.6658531279402488	Tgif1/Ift57	2
GO:0051897	positive regulation of phosphatidylinositol 3-kinase/protein kinase B signal transduction	2/137	191/17474	0.010471204188481676	1.3355753429892614	0.41452832242855653	0.4428921555097567	0.6768164119510482	0.6658531279402488	Spry2/Itgb1bp1	2
GO:0007264	small GTPase-mediated signal transduction	4/137	435/17474	0.009195402298850575	1.1728500713147076	0.32452576886467227	0.4453976257583154	0.6778299178779721	0.666850216781051	Spry2/Rasgef1b/Auts2/Heg1	4
GO:0032088	negative regulation of NF-kappaB transcription factor activity	1/137	75/17474	0.013333333333333334	1.7006326034063262	0.5405251153068727	0.44655461649777906	0.6778299178779721	0.666850216781051	Foxj1	1
GO:0046635	positive regulation of alpha-beta T cell activation	1/137	75/17474	0.013333333333333334	1.7006326034063262	0.5405251153068727	0.44655461649777906	0.6778299178779721	0.666850216781051	Cd83	1
GO:0048146	positive regulation of fibroblast proliferation	1/137	75/17474	0.013333333333333334	1.7006326034063262	0.5405251153068727	0.44655461649777906	0.6778299178779721	0.666850216781051	Tgif1	1
GO:0060675	ureteric bud morphogenesis	1/137	75/17474	0.013333333333333334	1.7006326034063262	0.5405251153068727	0.44655461649777906	0.6778299178779721	0.666850216781051	Fgf1	1
GO:0070228	regulation of lymphocyte apoptotic process	1/137	75/17474	0.013333333333333334	1.7006326034063262	0.5405251153068727	0.44655461649777906	0.6778299178779721	0.666850216781051	Rag1	1
GO:0098869	cellular oxidant detoxification	1/137	75/17474	0.013333333333333334	1.7006326034063262	0.5405251153068727	0.44655461649777906	0.6778299178779721	0.666850216781051	Ptgs1	1
GO:1902893	regulation of miRNA transcription	1/137	75/17474	0.013333333333333334	1.7006326034063262	0.5405251153068727	0.44655461649777906	0.6778299178779721	0.666850216781051	Prl	1
GO:2000036	regulation of stem cell population maintenance	1/137	75/17474	0.013333333333333334	1.7006326034063262	0.5405251153068727	0.44655461649777906	0.6778299178779721	0.666850216781051	Sap30	1
GO:0032271	regulation of protein polymerization	2/137	193/17474	0.010362694300518135	1.321735183994554	0.3995303939315146	0.44818203851496713	0.6788718962012203	0.6678753168133934	Dbn1/Snca	2
GO:0008016	regulation of heart contraction	2/137	194/17474	0.010309278350515464	1.314922116035819	0.3920931040878379	0.45081652959419993	0.6788718962012203	0.6678753168133934	Edn2/Dsc2	2
GO:0030705	cytoskeleton-dependent intracellular transport	2/137	194/17474	0.010309278350515464	1.314922116035819	0.3920931040878379	0.45081652959419993	0.6788718962012203	0.6678753168133934	Lca5l/Ift57	2
GO:0008542	visual learning	1/137	76/17474	0.013157894736842105	1.6782558586246636	0.5267538689254156	0.45091245416315084	0.6788718962012203	0.6678753168133934	Rag1	1
GO:0032272	negative regulation of protein polymerization	1/137	76/17474	0.013157894736842105	1.6782558586246636	0.5267538689254156	0.45091245416315084	0.6788718962012203	0.6678753168133934	Snca	1
GO:0046637	regulation of alpha-beta T cell differentiation	1/137	76/17474	0.013157894736842105	1.6782558586246636	0.5267538689254156	0.45091245416315084	0.6788718962012203	0.6678753168133934	Cd83	1
GO:0060976	coronary vasculature development	1/137	76/17474	0.013157894736842105	1.6782558586246636	0.5267538689254156	0.45091245416315084	0.6788718962012203	0.6678753168133934	Fgf1	1
GO:0062208	positive regulation of pattern recognition receptor signaling pathway	1/137	76/17474	0.013157894736842105	1.6782558586246636	0.5267538689254156	0.45091245416315084	0.6788718962012203	0.6678753168133934	Cd300ld3	1
GO:0072171	mesonephric tubule morphogenesis	1/137	76/17474	0.013157894736842105	1.6782558586246636	0.5267538689254156	0.45091245416315084	0.6788718962012203	0.6678753168133934	Fgf1	1
GO:1903539	protein localization to postsynaptic membrane	1/137	76/17474	0.013157894736842105	1.6782558586246636	0.5267538689254156	0.45091245416315084	0.6788718962012203	0.6678753168133934	Cacna2d2	1
GO:1904377	positive regulation of protein localization to cell periphery	1/137	76/17474	0.013157894736842105	1.6782558586246636	0.5267538689254156	0.45091245416315084	0.6788718962012203	0.6678753168133934	Snca	1
GO:0016055	Wnt signaling pathway	4/137	439/17474	0.009111617312072893	1.1621635103004504	0.3058942936339321	0.45235102669350624	0.6805340150107927	0.6695105121024255	Fzd7/Amer2/Asb15/Sfrp5	4
GO:0042129	regulation of T cell proliferation	2/137	195/17474	0.010256410256410256	1.3081789256971739	0.3846962808716349	0.4534439822824344	0.681170649898428	0.6701368345789535	Cd276/Foxj1	2
GO:0062013	positive regulation of small molecule metabolic process	2/137	195/17474	0.010256410256410256	1.3081789256971739	0.3846962808716349	0.4534439822824344	0.681170649898428	0.6701368345789535	Fgf1/Snca	2
GO:0031397	negative regulation of protein ubiquitination	1/137	77/17474	0.012987012987012988	1.6564603279931749	0.5131847162897301	0.4552362266530722	0.6818486634847929	0.6708038654891019	Spry2	1
GO:0061614	miRNA transcription	1/137	77/17474	0.012987012987012988	1.6564603279931749	0.5131847162897301	0.4552362266530722	0.6818486634847929	0.6708038654891019	Prl	1
GO:0062237	protein localization to postsynapse	1/137	77/17474	0.012987012987012988	1.6564603279931749	0.5131847162897301	0.4552362266530722	0.6818486634847929	0.6708038654891019	Cacna2d2	1
GO:0140115	export across plasma membrane	1/137	77/17474	0.012987012987012988	1.6564603279931749	0.5131847162897301	0.4552362266530722	0.6818486634847929	0.6708038654891019	Kcna2	1
GO:0007519	skeletal muscle tissue development	2/137	196/17474	0.01020408163265306	1.3015045434232086	0.3773394475421014	0.4560643445638589	0.6825863700094843	0.6715296224126841	Sap30/Cav2	2
GO:0043491	phosphatidylinositol 3-kinase/protein kinase B signal transduction	3/137	319/17474	0.009404388714733543	1.1995057547536783	0.3196777834020545	0.45812559226516325	0.6847445328691523	0.6736528266750808	Spry2/Itgb1bp1/Sfrp5	3
GO:0046661	male sex differentiation	2/137	197/17474	0.01015228426395939	1.294897921375375	0.37002213552577307	0.458677565655964	0.6847445328691523	0.6736528266750808	Hmgb2/Dhh	2
GO:0002704	negative regulation of leukocyte mediated immunity	1/137	78/17474	0.01282051282051282	1.6352236571214673	0.4998115789979031	0.45952619831189423	0.6847445328691523	0.6736528266750808	Foxj1	1
GO:0032091	negative regulation of protein binding	1/137	78/17474	0.01282051282051282	1.6352236571214673	0.4998115789979031	0.45952619831189423	0.6847445328691523	0.6736528266750808	Itgb1bp1	1
GO:0032835	glomerulus development	1/137	78/17474	0.01282051282051282	1.6352236571214673	0.4998115789979031	0.45952619831189423	0.6847445328691523	0.6736528266750808	Foxj1	1
GO:0043627	response to estrogen	1/137	78/17474	0.01282051282051282	1.6352236571214673	0.4998115789979031	0.45952619831189423	0.6847445328691523	0.6736528266750808	Dhh	1
GO:0060485	mesenchyme development	3/137	320/17474	0.009375	1.195757299270073	0.31417187102826283	0.46016239073871545	0.685190558391323	0.6740916273362858	Spry2/Vasn/Zic3	3
GO:0002443	leukocyte mediated immunity	4/137	444/17474	0.009009009009009009	1.1490760833826528	0.28284544078846374	0.4610042950314669	0.685942016162402	0.6748309127592643	Tnfsf13/Gzmn/Shld1/Foxj1	4
GO:0032729	positive regulation of type II interferon production	1/137	79/17474	0.012658227848101266	1.6145246234870183	0.48662864073355444	0.46378263144774556	0.6882189475432803	0.6770709616932028	Cd276	1
GO:0051057	positive regulation of small GTPase mediated signal transduction	1/137	79/17474	0.012658227848101266	1.6145246234870183	0.48662864073355444	0.46378263144774556	0.6882189475432803	0.6770709616932028	Auts2	1
GO:0060997	dendritic spine morphogenesis	1/137	79/17474	0.012658227848101266	1.6145246234870183	0.48662864073355444	0.46378263144774556	0.6882189475432803	0.6770709616932028	Dbn1	1
GO:0006874	intracellular calcium ion homeostasis	3/137	322/17474	0.009316770186335404	1.1883302352994514	0.3032128819575863	0.4642263500636089	0.6882189475432803	0.6770709616932028	Edn2/Cav2/Snca	3
GO:0046651	lymphocyte proliferation	3/137	322/17474	0.009316770186335404	1.1883302352994514	0.3032128819575863	0.4642263500636089	0.6882189475432803	0.6770709616932028	Tnfsf13/Cd276/Foxj1	3
GO:0003012	muscle system process	4/137	447/17474	0.008948545861297539	1.1413641633599505	0.2691417477012318	0.4661744903107251	0.6893003399218207	0.6781348373396373	Edn2/Dsc2/Dbn1/Ptgs1	4
GO:0022409	positive regulation of cell-cell adhesion	3/137	323/17474	0.009287925696594427	1.1846511943232922	0.29775955459843356	0.46625343998276897	0.6893003399218207	0.6781348373396373	Rag1/Cd83/Cd276	3
GO:0051098	regulation of binding	3/137	323/17474	0.009287925696594427	1.1846511943232922	0.29775955459843356	0.46625343998276897	0.6893003399218207	0.6781348373396373	Runx1t1/Hmgb2/Itgb1bp1	3
GO:0002700	regulation of production of molecular mediator of immune response	2/137	200/17474	0.01	1.2754744525547446	0.3483027603466046	0.4664738921384337	0.6893003399218207	0.6781348373396373	Tnfsf13/Shld1	2
GO:0003208	cardiac ventricle morphogenesis	1/137	80/17474	0.0125	1.5943430656934308	0.47363033273031957	0.46800578634809953	0.6893003399218207	0.6781348373396373	Heg1	1
GO:0043113	receptor clustering	1/137	80/17474	0.0125	1.5943430656934308	0.47363033273031957	0.46800578634809953	0.6893003399218207	0.6781348373396373	Itgb1bp1	1
GO:0045453	bone resorption	1/137	80/17474	0.0125	1.5943430656934308	0.47363033273031957	0.46800578634809953	0.6893003399218207	0.6781348373396373	Dcstamp	1
GO:0051480	regulation of cytosolic calcium ion concentration	1/137	80/17474	0.0125	1.5943430656934308	0.47363033273031957	0.46800578634809953	0.6893003399218207	0.6781348373396373	Cav2	1
GO:2000379	positive regulation of reactive oxygen species metabolic process	1/137	80/17474	0.0125	1.5943430656934308	0.47363033273031957	0.46800578634809953	0.6893003399218207	0.6781348373396373	Snca	1
GO:0009755	hormone-mediated signaling pathway	2/137	201/17474	0.009950248756218905	1.2691288085121837	0.34113900493260785	0.46905806476185435	0.6903502921314123	0.679167782094817	Prl/Tgif1	2
GO:0007585	respiratory gaseous exchange by respiratory system	1/137	81/17474	0.012345679012345678	1.5746598179688203	0.4608113202154111	0.4721959212952256	0.6911545730575018	0.6799590350268131	Nr4a2	1
GO:0010569	regulation of double-strand break repair via homologous recombination	1/137	81/17474	0.012345679012345678	1.5746598179688203	0.4608113202154111	0.4721959212952256	0.6911545730575018	0.6799590350268131	Shld1	1
GO:1904888	cranial skeletal system development	1/137	81/17474	0.012345679012345678	1.5746598179688203	0.4608113202154111	0.4721959212952256	0.6911545730575018	0.6799590350268131	Zic3	1
GO:0007254	JNK cascade	2/137	203/17474	0.009852216748768473	1.2566250764086153	0.3269229551658101	0.47420423484138946	0.6911545730575018	0.6799590350268131	Asb15/Sfrp5	2
GO:1901605	alpha-amino acid metabolic process	2/137	203/17474	0.009852216748768473	1.2566250764086153	0.3269229551658101	0.47420423484138946	0.6911545730575018	0.6799590350268131	Hgd/Tdo2	2
GO:0048562	embryonic organ morphogenesis	3/137	327/17474	0.009174311926605505	1.170160048215362	0.27611782883820796	0.47432839395657156	0.6911545730575018	0.6799590350268131	Spry2/Zic3/Ift57	3
GO:0003281	ventricular septum development	1/137	82/17474	0.012195121951219513	1.5554566494570055	0.44816648975501266	0.47635329258152215	0.6911545730575018	0.6799590350268131	Heg1	1
GO:0007193	adenylate cyclase-inhibiting G protein-coupled receptor signaling pathway	1/137	82/17474	0.012195121951219513	1.5554566494570055	0.44816648975501266	0.47635329258152215	0.6911545730575018	0.6799590350268131	Oprl1	1
GO:0007632	visual behavior	1/137	82/17474	0.012195121951219513	1.5554566494570055	0.44816648975501266	0.47635329258152215	0.6911545730575018	0.6799590350268131	Rag1	1
GO:0008625	extrinsic apoptotic signaling pathway via death domain receptors	1/137	82/17474	0.012195121951219513	1.5554566494570055	0.44816648975501266	0.47635329258152215	0.6911545730575018	0.6799590350268131	Hmgb2	1
GO:0042246	tissue regeneration	1/137	82/17474	0.012195121951219513	1.5554566494570055	0.44816648975501266	0.47635329258152215	0.6911545730575018	0.6799590350268131	Fzd7	1
GO:0043112	receptor metabolic process	1/137	82/17474	0.012195121951219513	1.5554566494570055	0.44816648975501266	0.47635329258152215	0.6911545730575018	0.6799590350268131	Snca	1
GO:0048488	synaptic vesicle endocytosis	1/137	82/17474	0.012195121951219513	1.5554566494570055	0.44816648975501266	0.47635329258152215	0.6911545730575018	0.6799590350268131	Snca	1
GO:0048663	neuron fate commitment	1/137	82/17474	0.012195121951219513	1.5554566494570055	0.44816648975501266	0.47635329258152215	0.6911545730575018	0.6799590350268131	Lhx3	1
GO:0055021	regulation of cardiac muscle tissue growth	1/137	82/17474	0.012195121951219513	1.5554566494570055	0.44816648975501266	0.47635329258152215	0.6911545730575018	0.6799590350268131	Fgf20	1
GO:0060415	muscle tissue morphogenesis	1/137	82/17474	0.012195121951219513	1.5554566494570055	0.44816648975501266	0.47635329258152215	0.6911545730575018	0.6799590350268131	Heg1	1
GO:0001654	eye development	4/137	454/17474	0.00881057268722467	1.123766037493167	0.23752355393110286	0.47817043910423235	0.6911545730575018	0.6799590350268131	Spry2/Mab21l2/Tgif1/Slc17a6	4
GO:0032943	mononuclear cell proliferation	3/137	329/17474	0.00911854103343465	1.1630466132718036	0.2653982372307896	0.4783453565269652	0.6911545730575018	0.6799590350268131	Tnfsf13/Cd276/Foxj1	3
GO:0002285	lymphocyte activation involved in immune response	2/137	205/17474	0.00975609756097561	1.2443653195656044	0.31285273349106735	0.4793205522423835	0.6911545730575018	0.6799590350268131	Tnfsf13/Shld1	2
GO:0018105	peptidyl-serine phosphorylation	2/137	205/17474	0.00975609756097561	1.2443653195656044	0.31285273349106735	0.4793205522423835	0.6911545730575018	0.6799590350268131	Spry2/Snca	2
GO:0120032	regulation of plasma membrane bounded cell projection assembly	2/137	205/17474	0.00975609756097561	1.2443653195656044	0.31285273349106735	0.4793205522423835	0.6911545730575018	0.6799590350268131	Dbn1/Auts2	2
GO:0002250	adaptive immune response	4/137	455/17474	0.008791208791208791	1.121296222026149	0.23304672322615808	0.47987603968512405	0.6911545730575018	0.6799590350268131	Rag1/Tnfsf13/Shld1/Foxj1	4
GO:0007548	sex differentiation	3/137	330/17474	0.00909090909090909	1.1595222295952223	0.26006334806980586	0.48034859441929517	0.6911545730575018	0.6799590350268131	Edn2/Hmgb2/Dhh	3
GO:0000423	mitophagy	1/137	83/17474	0.012048192771084338	1.5367162078972827	0.43569093743122145	0.4804781545247333	0.6911545730575018	0.6799590350268131	Arhgap26	1
GO:0007422	peripheral nervous system development	1/137	83/17474	0.012048192771084338	1.5367162078972827	0.43569093743122145	0.4804781545247333	0.6911545730575018	0.6799590350268131	Dhh	1
GO:0022406	membrane docking	1/137	83/17474	0.012048192771084338	1.5367162078972827	0.43569093743122145	0.4804781545247333	0.6911545730575018	0.6799590350268131	Cav2	1
GO:0022904	respiratory electron transport chain	1/137	83/17474	0.012048192771084338	1.5367162078972827	0.43569093743122145	0.4804781545247333	0.6911545730575018	0.6799590350268131	Snca	1
GO:0032481	positive regulation of type I interferon production	1/137	83/17474	0.012048192771084338	1.5367162078972827	0.43569093743122145	0.4804781545247333	0.6911545730575018	0.6799590350268131	Hmgb2	1
GO:0051279	regulation of release of sequestered calcium ion into cytosol	1/137	83/17474	0.012048192771084338	1.5367162078972827	0.43569093743122145	0.4804781545247333	0.6911545730575018	0.6799590350268131	Snca	1
GO:0072078	nephron tubule morphogenesis	1/137	83/17474	0.012048192771084338	1.5367162078972827	0.43569093743122145	0.4804781545247333	0.6911545730575018	0.6799590350268131	Fgf1	1
GO:2000514	regulation of CD4-positive, alpha-beta T cell activation	1/137	83/17474	0.012048192771084338	1.5367162078972827	0.43569093743122145	0.4804781545247333	0.6911545730575018	0.6799590350268131	Cd83	1
GO:2000736	regulation of stem cell differentiation	1/137	83/17474	0.012048192771084338	1.5367162078972827	0.43569093743122145	0.4804781545247333	0.6911545730575018	0.6799590350268131	Zfp36l2	1
GO:0150063	visual system development	4/137	457/17474	0.0087527352297593	1.1163890175533868	0.2241225991537676	0.4832809267906045	0.6946949859308054	0.6834420991846303	Spry2/Mab21l2/Tgif1/Slc17a6	4
GO:0008361	regulation of cell size	2/137	207/17474	0.00966183574879227	1.2323424662364681	0.2989250913257644	0.484406689530934	0.6950754053515705	0.6838163564525879	Islr2/Dbn1	2
GO:0035019	somatic stem cell population maintenance	1/137	84/17474	0.011904761904761904	1.5184219673270767	0.42337995778651344	0.4845707594830516	0.6950754053515705	0.6838163564525879	Zfp36l2	1
GO:0040014	regulation of multicellular organism growth	1/137	84/17474	0.011904761904761904	1.5184219673270767	0.42337995778651344	0.4845707594830516	0.6950754053515705	0.6838163564525879	Cacna2d2	1
GO:0060491	regulation of cell projection assembly	2/137	208/17474	0.009615384615384616	1.2264177428411005	0.29201375117992034	0.486938343056233	0.6974877392791394	0.6861896146403995	Dbn1/Auts2	2
GO:0071805	potassium ion transmembrane transport	2/137	208/17474	0.009615384615384616	1.2264177428411005	0.29201375117992034	0.486938343056233	0.6974877392791394	0.6861896146403995	Kcna2/Slc17a6	2
GO:0007405	neuroblast proliferation	1/137	85/17474	0.011764705882352941	1.50055817947617	0.4112290334773378	0.4886313578701028	0.6979467569577171	0.686641197006997	Dagla	1
GO:0010507	negative regulation of autophagy	1/137	85/17474	0.011764705882352941	1.50055817947617	0.4112290334773378	0.4886313578701028	0.6979467569577171	0.686641197006997	Snca	1
GO:0034103	regulation of tissue remodeling	1/137	85/17474	0.011764705882352941	1.50055817947617	0.4112290334773378	0.4886313578701028	0.6979467569577171	0.686641197006997	Dcstamp	1
GO:0072088	nephron epithelium morphogenesis	1/137	85/17474	0.011764705882352941	1.50055817947617	0.4112290334773378	0.4886313578701028	0.6979467569577171	0.686641197006997	Fgf1	1
GO:0009314	response to radiation	4/137	461/17474	0.008676789587852495	1.1067023449498867	0.20639112720829395	0.49006480854667206	0.69928181652297	0.6879546308596832	Ttr/Rag1/Cxcl2/Ercc8	4
GO:0048545	response to steroid hormone	3/137	335/17474	0.008955223880597015	1.1422159276609654	0.23363341123438133	0.49031108815138386	0.69928181652297	0.6879546308596832	Cxcl2/Hmgb2/Zfp36l2	3
GO:0043603	amide metabolic process	4/137	462/17474	0.008658008658008658	1.1043068853287832	0.20198230568186604	0.49175525451070545	0.69928181652297	0.6879546308596832	Tdo2/Snca/Acly/Oxsm	4
GO:0051651	maintenance of location in cell	2/137	210/17474	0.009523809523809525	1.2147375738616615	0.2782941154319915	0.49197863398372205	0.69928181652297	0.6879546308596832	Dbn1/Snca	2
GO:0060538	skeletal muscle organ development	2/137	210/17474	0.009523809523809525	1.2147375738616615	0.2782941154319915	0.49197863398372205	0.69928181652297	0.6879546308596832	Sap30/Cav2	2
GO:0030500	regulation of bone mineralization	1/137	86/17474	0.011627906976744186	1.4831098285520283	0.3992338255835245	0.492660198169821	0.69928181652297	0.6879546308596832	Cd276	1
GO:0031016	pancreas development	1/137	86/17474	0.011627906976744186	1.4831098285520283	0.3992338255835245	0.492660198169821	0.69928181652297	0.6879546308596832	Zic3	1
GO:0035023	regulation of Rho protein signal transduction	1/137	86/17474	0.011627906976744186	1.4831098285520283	0.3992338255835245	0.492660198169821	0.69928181652297	0.6879546308596832	Heg1	1
GO:0046718	symbiont entry into host cell	1/137	86/17474	0.011627906976744186	1.4831098285520283	0.3992338255835245	0.492660198169821	0.69928181652297	0.6879546308596832	Cav2	1
GO:0036293	response to decreased oxygen levels	3/137	337/17474	0.008902077151335312	1.1354371981199507	0.22317346695814647	0.4942704579839254	0.7010219098219893	0.6896665375829849	Vasn/Carlr/Nr4a2	3
GO:0048880	sensory system development	4/137	464/17474	0.008620689655172414	1.0995469418575383	0.19319318559018905	0.49512936395203677	0.7010219098219893	0.6896665375829849	Spry2/Mab21l2/Tgif1/Slc17a6	4
GO:0009416	response to light stimulus	3/137	338/17474	0.008875739644970414	1.1320779164687083	0.2179670669212313	0.49624453284700415	0.7010219098219893	0.6896665375829849	Ttr/Rag1/Ercc8	3
GO:0038084	vascular endothelial growth factor signaling pathway	1/137	87/17474	0.011494252873563218	1.4660625891433845	0.3873901645247707	0.4966575269512066	0.7010219098219893	0.6896665375829849	Spry2	1
GO:0042267	natural killer cell mediated cytotoxicity	1/137	87/17474	0.011494252873563218	1.4660625891433845	0.3873901645247707	0.4966575269512066	0.7010219098219893	0.6896665375829849	Gzmn	1
GO:0042698	ovulation cycle	1/137	87/17474	0.011494252873563218	1.4660625891433845	0.3873901645247707	0.4966575269512066	0.7010219098219893	0.6896665375829849	Edn2	1
GO:0048041	focal adhesion assembly	1/137	87/17474	0.011494252873563218	1.4660625891433845	0.3873901645247707	0.4966575269512066	0.7010219098219893	0.6896665375829849	Itgb1bp1	1
GO:0072028	nephron morphogenesis	1/137	87/17474	0.011494252873563218	1.4660625891433845	0.3873901645247707	0.4966575269512066	0.7010219098219893	0.6896665375829849	Fgf1	1
GO:0031345	negative regulation of cell projection organization	2/137	212/17474	0.009433962264150943	1.2032777854290042	0.2647093871076899	0.49698800096524515	0.7010219098219893	0.6896665375829849	Spry2/Runx1t1	2
GO:0006109	regulation of carbohydrate metabolic process	2/137	213/17474	0.009389671361502348	1.197628593948117	0.2579667033504842	0.4994810033539621	0.7027387024071596	0.691355521024691	Tff3/Snca	2
GO:0050954	sensory perception of mechanical stimulus	2/137	213/17474	0.009389671361502348	1.197628593948117	0.2579667033504842	0.4994810033539621	0.7027387024071596	0.691355521024691	Spry2/Barhl1	2
GO:0033627	cell adhesion mediated by integrin	1/137	88/17474	0.011363636363636364	1.4494027869940278	0.3756940415396104	0.5006235888829765	0.7027387024071596	0.691355521024691	Itgb1bp1	1
GO:0060420	regulation of heart growth	1/137	88/17474	0.011363636363636364	1.4494027869940278	0.3756940415396104	0.5006235888829765	0.7027387024071596	0.691355521024691	Fgf20	1
GO:0071230	cellular response to amino acid stimulus	1/137	88/17474	0.011363636363636364	1.4494027869940278	0.3756940415396104	0.5006235888829765	0.7027387024071596	0.691355521024691	Nsmf	1
GO:0140238	presynaptic endocytosis	1/137	88/17474	0.011363636363636364	1.4494027869940278	0.3756940415396104	0.5006235888829765	0.7027387024071596	0.691355521024691	Snca	1
GO:1903321	negative regulation of protein modification by small protein conjugation or removal	1/137	88/17474	0.011363636363636364	1.4494027869940278	0.3756940415396104	0.5006235888829765	0.7027387024071596	0.691355521024691	Spry2	1
GO:0045637	regulation of myeloid cell differentiation	2/137	214/17474	0.009345794392523364	1.1920321986492939	0.25125666604626434	0.5019661751961596	0.7041373795510266	0.6927315419585477	Hmgb2/Dcstamp	2
GO:0006282	regulation of DNA repair	2/137	215/17474	0.009302325581395349	1.1864878628416227	0.24457892678446197	0.5044434853514465	0.7053417503818795	0.6939164040138451	Ercc8/Shld1	2
GO:0006942	regulation of striated muscle contraction	1/137	89/17474	0.011235955056179775	1.4331173624210611	0.36414160068602025	0.5045586267480997	0.7053417503818795	0.6939164040138451	Dsc2	1
GO:0044409	symbiont entry into host	1/137	89/17474	0.011235955056179775	1.4331173624210611	0.36414160068602025	0.5045586267480997	0.7053417503818795	0.6939164040138451	Cav2	1
GO:0061333	renal tubule morphogenesis	1/137	89/17474	0.011235955056179775	1.4331173624210611	0.36414160068602025	0.5045586267480997	0.7053417503818795	0.6939164040138451	Fgf1	1
GO:0140962	multicellular organismal-level chemical homeostasis	1/137	89/17474	0.011235955056179775	1.4331173624210611	0.36414160068602025	0.5045586267480997	0.7053417503818795	0.6939164040138451	Aqp6	1
GO:0002460	adaptive immune response based on somatic recombination of immune receptors built from immunoglobulin superfamily domains	3/137	343/17474	0.008746355685131196	1.115575322934179	0.19216658197696962	0.5060576745259505	0.70695144916606	0.6955000283934585	Tnfsf13/Shld1/Foxj1	3
GO:0048771	tissue remodeling	2/137	216/17474	0.009259259259259259	1.1809948634766152	0.2379331425802469	0.5069129036385097	0.7076601551137466	0.6961972545004566	P3h4/Dcstamp	2
GO:0048644	muscle organ morphogenesis	1/137	90/17474	0.011111111111111112	1.4171938361719385	0.35272913132620376	0.5084628814582242	0.7088509258985798	0.6973687368075352	Heg1	1
GO:0061053	somite development	1/137	90/17474	0.011111111111111112	1.4171938361719385	0.35272913132620376	0.5084628814582242	0.7088509258985798	0.6973687368075352	Ripply2	1
GO:0018209	peptidyl-serine modification	2/137	217/17474	0.009216589861751152	1.175552490833866	0.231318975764503	0.5093744008221939	0.7096352953920153	0.6981404008384936	Spry2/Snca	2
GO:0040013	negative regulation of locomotion	3/137	346/17474	0.008670520231213872	1.105902704527235	0.17686781917452615	0.5118987934298647	0.7113260261203398	0.6998037445814654	Sap30/Dbn1/Itgb1bp1	3
GO:0015807	L-amino acid transport	1/137	91/17474	0.01098901098901099	1.4016202775326865	0.3414530610611734	0.512336592067993	0.7113260261203398	0.6998037445814654	Slc17a6	1
GO:0034109	homotypic cell-cell adhesion	1/137	91/17474	0.01098901098901099	1.4016202775326865	0.3414530610611734	0.512336592067993	0.7113260261203398	0.6998037445814654	Dsc2	1
GO:0035914	skeletal muscle cell differentiation	1/137	91/17474	0.01098901098901099	1.4016202775326865	0.3414530610611734	0.512336592067993	0.7113260261203398	0.6998037445814654	Sap30	1
GO:0060113	inner ear receptor cell differentiation	1/137	91/17474	0.01098901098901099	1.4016202775326865	0.3414530610611734	0.512336592067993	0.7113260261203398	0.6998037445814654	Fgf20	1
GO:0008202	steroid metabolic process	3/137	348/17474	0.008620689655172414	1.0995469418575383	0.1667426204359973	0.5157729508617473	0.7117539900151381	0.7002247761831897	Fgf1/Dhh/Rdh5	3
GO:0055074	calcium ion homeostasis	3/137	348/17474	0.008620689655172414	1.0995469418575383	0.1667426204359973	0.5157729508617473	0.7117539900151381	0.7002247761831897	Edn2/Cav2/Snca	3
GO:0002228	natural killer cell mediated immunity	1/137	92/17474	0.010869565217391304	1.3863852745160268	0.3303099490835425	0.5161799957892542	0.7117539900151381	0.7002247761831897	Gzmn	1
GO:0008593	regulation of Notch signaling pathway	1/137	92/17474	0.010869565217391304	1.3863852745160268	0.3303099490835425	0.5161799957892542	0.7117539900151381	0.7002247761831897	Itgb1bp1	1
GO:0018107	peptidyl-threonine phosphorylation	1/137	92/17474	0.010869565217391304	1.3863852745160268	0.3303099490835425	0.5161799957892542	0.7117539900151381	0.7002247761831897	Spry2	1
GO:0022900	electron transport chain	1/137	92/17474	0.010869565217391304	1.3863852745160268	0.3303099490835425	0.5161799957892542	0.7117539900151381	0.7002247761831897	Snca	1
GO:0033273	response to vitamin	1/137	92/17474	0.010869565217391304	1.3863852745160268	0.3303099490835425	0.5161799957892542	0.7117539900151381	0.7002247761831897	Phex	1
GO:0045995	regulation of embryonic development	1/137	92/17474	0.010869565217391304	1.3863852745160268	0.3303099490835425	0.5161799957892542	0.7117539900151381	0.7002247761831897	Tgif1	1
GO:0046785	microtubule polymerization	1/137	92/17474	0.010869565217391304	1.3863852745160268	0.3303099490835425	0.5161799957892542	0.7117539900151381	0.7002247761831897	Snca	1
GO:0097581	lamellipodium organization	1/137	92/17474	0.010869565217391304	1.3863852745160268	0.3303099490835425	0.5161799957892542	0.7117539900151381	0.7002247761831897	Auts2	1
GO:0048511	rhythmic process	3/137	350/17474	0.008571428571428572	1.0932638164754955	0.1566756998836249	0.5196309373579321	0.7117539900151381	0.7002247761831897	Edn2/Oprl1/Kcna2	3
GO:0002260	lymphocyte homeostasis	1/137	93/17474	0.010752688172043012	1.3714779059728437	0.31929647991947724	0.5199933280051598	0.7117539900151381	0.7002247761831897	Rag1	1
GO:0009408	response to heat	1/137	93/17474	0.010752688172043012	1.3714779059728437	0.31929647991947724	0.5199933280051598	0.7117539900151381	0.7002247761831897	Fgf1	1
GO:0016579	protein deubiquitination	1/137	93/17474	0.010752688172043012	1.3714779059728437	0.31929647991947724	0.5199933280051598	0.7117539900151381	0.7002247761831897	Otud1	1
GO:0030203	glycosaminoglycan metabolic process	1/137	93/17474	0.010752688172043012	1.3714779059728437	0.31929647991947724	0.5199933280051598	0.7117539900151381	0.7002247761831897	Spam1	1
GO:0035082	axoneme assembly	1/137	93/17474	0.010752688172043012	1.3714779059728437	0.31929647991947724	0.5199933280051598	0.7117539900151381	0.7002247761831897	Foxj1	1
GO:0045104	intermediate filament cytoskeleton organization	1/137	93/17474	0.010752688172043012	1.3714779059728437	0.31929647991947724	0.5199933280051598	0.7117539900151381	0.7002247761831897	Krt24	1
GO:0061157	mRNA destabilization	1/137	93/17474	0.010752688172043012	1.3714779059728437	0.31929647991947724	0.5199933280051598	0.7117539900151381	0.7002247761831897	Zfp36l2	1
GO:0097009	energy homeostasis	1/137	93/17474	0.010752688172043012	1.3714779059728437	0.31929647991947724	0.5199933280051598	0.7117539900151381	0.7002247761831897	Edn2	1
GO:1901874	negative regulation of post-translational protein modification	1/137	93/17474	0.010752688172043012	1.3714779059728437	0.31929647991947724	0.5199933280051598	0.7117539900151381	0.7002247761831897	Spry2	1
GO:2000781	positive regulation of double-strand break repair	1/137	93/17474	0.010752688172043012	1.3714779059728437	0.31929647991947724	0.5199933280051598	0.7117539900151381	0.7002247761831897	Shld1	1
GO:0046890	regulation of lipid biosynthetic process	2/137	222/17474	0.009009009009009009	1.1490760833826528	0.1987109428959697	0.5215621115923076	0.7129417573781947	0.7013933037188573	Fgf1/Dhh	2
GO:0099111	microtubule-based transport	2/137	222/17474	0.009009009009009009	1.1490760833826528	0.1987109428959697	0.5215621115923076	0.7129417573781947	0.7013933037188573	Lca5l/Ift57	2
GO:0051052	regulation of DNA metabolic process	4/137	481/17474	0.008316008316008316	1.060685615430141	0.11997211565897599	0.5234218931755024	0.7145285422709462	0.7029543853734248	Tnfsf13/Brpf3/Ercc8/Shld1	4
GO:0032496	response to lipopolysaccharide	3/137	352/17474	0.008522727272727272	1.0870520902455207	0.1466663001369704	0.5234725595507805	0.7145285422709462	0.7029543853734248	Cxcl2/Hmgb2/Snca	3
GO:0045103	intermediate filament-based process	1/137	94/17474	0.010638297872340425	1.3568877154837706	0.3084094575330672	0.5237768222841597	0.7145285422709462	0.7029543853734248	Krt24	1
GO:0071222	cellular response to lipopolysaccharide	2/137	224/17474	0.008928571428571428	1.1388164754953076	0.18587779866110585	0.5263808273144157	0.716765173641394	0.7051547870891114	Cxcl2/Hmgb2	2
GO:0007517	muscle organ development	3/137	354/17474	0.00847457627118644	1.0809105530124954	0.13671367817341498	0.527297629988444	0.716765173641394	0.7051547870891114	Sap30/Cav2/Heg1	3
GO:0002088	lens development in camera-type eye	1/137	95/17474	0.010526315789473684	1.3426046868997312	0.29764579976847605	0.5275307103938873	0.716765173641394	0.7051547870891114	Spry2	1
GO:0006766	vitamin metabolic process	1/137	95/17474	0.010526315789473684	1.3426046868997312	0.29764579976847605	0.5275307103938873	0.716765173641394	0.7051547870891114	Isx	1
GO:0042100	B cell proliferation	1/137	95/17474	0.010526315789473684	1.3426046868997312	0.29764579976847605	0.5275307103938873	0.716765173641394	0.7051547870891114	Tnfsf13	1
GO:0050829	defense response to Gram-negative bacterium	1/137	95/17474	0.010526315789473684	1.3426046868997312	0.29764579976847605	0.5275307103938873	0.716765173641394	0.7051547870891114	Hmgb2	1
GO:0045664	regulation of neuron differentiation	2/137	226/17474	0.008849557522123894	1.1287384535882694	0.17316103912815753	0.5311670541635347	0.7199021466946007	0.7082409464712706	Fgf20/Tgif1	2
GO:0003407	neural retina development	1/137	96/17474	0.010416666666666666	1.328619221411192	0.28700253310714996	0.5312552223149438	0.7199021466946007	0.7082409464712706	Tgif1	1
GO:0032651	regulation of interleukin-1 beta production	1/137	96/17474	0.010416666666666666	1.328619221411192	0.28700253310714996	0.5312552223149438	0.7199021466946007	0.7082409464712706	Serpinb1b	1
GO:0036465	synaptic vesicle recycling	1/137	96/17474	0.010416666666666666	1.328619221411192	0.28700253310714996	0.5312552223149438	0.7199021466946007	0.7082409464712706	Snca	1
GO:0007163	establishment or maintenance of cell polarity	2/137	227/17474	0.00881057268722467	1.123766037493167	0.16684557043233292	0.5335479315760552	0.7207546291413867	0.7090796201406487	Spry2/Foxj1	2
GO:0009952	anterior/posterior pattern specification	2/137	227/17474	0.00881057268722467	1.123766037493167	0.16684557043233292	0.5335479315760552	0.7207546291413867	0.7090796201406487	Zic3/Ripply2	2
GO:0042176	regulation of protein catabolic process	3/137	358/17474	0.008379888268156424	1.0688333401296741	0.1169758651783166	0.5348973949291926	0.7207546291413867	0.7090796201406487	Serpinb1b/Snca/Fbxo2	3
GO:0043535	regulation of blood vessel endothelial cell migration	1/137	97/17474	0.010309278350515464	1.314922116035819	0.2764767877191138	0.5349505862545714	0.7207546291413867	0.7090796201406487	Itgb1bp1	1
GO:0043648	dicarboxylic acid metabolic process	1/137	97/17474	0.010309278350515464	1.314922116035819	0.2764767877191138	0.5349505862545714	0.7207546291413867	0.7090796201406487	Acly	1
GO:0048678	response to axon injury	1/137	97/17474	0.010309278350515464	1.314922116035819	0.2764767877191138	0.5349505862545714	0.7207546291413867	0.7090796201406487	Flrt3	1
GO:0061014	positive regulation of mRNA catabolic process	1/137	97/17474	0.010309278350515464	1.314922116035819	0.2764767877191138	0.5349505862545714	0.7207546291413867	0.7090796201406487	Zfp36l2	1
GO:1904427	positive regulation of calcium ion transmembrane transport	1/137	97/17474	0.010309278350515464	1.314922116035819	0.2764767877191138	0.5349505862545714	0.7207546291413867	0.7090796201406487	Snca	1
GO:0035264	multicellular organism growth	2/137	228/17474	0.008771929824561403	1.1188372390831092	0.16055832672132797	0.535920625188604	0.7207546291413867	0.7090796201406487	Heg1/Cacna2d2	2
GO:0061138	morphogenesis of a branching epithelium	2/137	228/17474	0.008771929824561403	1.1188372390831092	0.16055832672132797	0.535920625188604	0.7207546291413867	0.7090796201406487	Fgf1/Spry2	2
GO:0002690	positive regulation of leukocyte chemotaxis	1/137	98/17474	0.01020408163265306	1.3015045434232086	0.26606579278898	0.5386170286602299	0.7207546291413867	0.7090796201406487	Edn2	1
GO:0007044	cell-substrate junction assembly	1/137	98/17474	0.01020408163265306	1.3015045434232086	0.26606579278898	0.5386170286602299	0.7207546291413867	0.7090796201406487	Itgb1bp1	1
GO:0030148	sphingolipid biosynthetic process	1/137	98/17474	0.01020408163265306	1.3015045434232086	0.26606579278898	0.5386170286602299	0.7207546291413867	0.7090796201406487	Cerkl	1
GO:0031110	regulation of microtubule polymerization or depolymerization	1/137	98/17474	0.01020408163265306	1.3015045434232086	0.26606579278898	0.5386170286602299	0.7207546291413867	0.7090796201406487	Snca	1
GO:0043406	positive regulation of MAP kinase activity	1/137	98/17474	0.01020408163265306	1.3015045434232086	0.26606579278898	0.5386170286602299	0.7207546291413867	0.7090796201406487	Fgf1	1
GO:0043954	cellular component maintenance	1/137	98/17474	0.01020408163265306	1.3015045434232086	0.26606579278898	0.5386170286602299	0.7207546291413867	0.7090796201406487	Csmd2	1
GO:0050779	RNA destabilization	1/137	98/17474	0.01020408163265306	1.3015045434232086	0.26606579278898	0.5386170286602299	0.7207546291413867	0.7090796201406487	Zfp36l2	1
GO:0070227	lymphocyte apoptotic process	1/137	98/17474	0.01020408163265306	1.3015045434232086	0.26606579278898	0.5386170286602299	0.7207546291413867	0.7090796201406487	Rag1	1
GO:0120162	positive regulation of cold-induced thermogenesis	1/137	98/17474	0.01020408163265306	1.3015045434232086	0.26606579278898	0.5386170286602299	0.7207546291413867	0.7090796201406487	Scd1	1
GO:0001822	kidney development	3/137	361/17474	0.008310249307479225	1.0599510686050508	0.10231622348461304	0.5405524613170836	0.7223286316519242	0.710628126466029	Fgf1/Pou3f3/Foxj1	3
GO:0000422	autophagy of mitochondrion	1/137	99/17474	0.010101010101010102	1.2883580328835804	0.2557668720987564	0.542254774233063	0.7223286316519242	0.710628126466029	Arhgap26	1
GO:0008589	regulation of smoothened signaling pathway	1/137	99/17474	0.010101010101010102	1.2883580328835804	0.2557668720987564	0.542254774233063	0.7223286316519242	0.710628126466029	Dhh	1
GO:0042490	mechanoreceptor differentiation	1/137	99/17474	0.010101010101010102	1.2883580328835804	0.2557668720987564	0.542254774233063	0.7223286316519242	0.710628126466029	Fgf20	1
GO:0051492	regulation of stress fiber assembly	1/137	99/17474	0.010101010101010102	1.2883580328835804	0.2557668720987564	0.542254774233063	0.7223286316519242	0.710628126466029	Itgb1bp1	1
GO:0070661	leukocyte proliferation	3/137	362/17474	0.008287292817679558	1.05702302697907	0.09745659067022691	0.5424288480889515	0.7223286316519242	0.710628126466029	Tnfsf13/Cd276/Foxj1	3
GO:0009636	response to toxic substance	2/137	231/17474	0.008658008658008658	1.1043068853287832	0.14186315054172297	0.5429894187786588	0.7223286316519242	0.710628126466029	Ptgs1/Nr4a2	2
GO:0060047	heart contraction	2/137	231/17474	0.008658008658008658	1.1043068853287832	0.14186315054172297	0.5429894187786588	0.7223286316519242	0.710628126466029	Edn2/Dsc2	2
GO:0071219	cellular response to molecule of bacterial origin	2/137	231/17474	0.008658008658008658	1.1043068853287832	0.14186315054172297	0.5429894187786588	0.7223286316519242	0.710628126466029	Cxcl2/Hmgb2	2
GO:0070482	response to oxygen levels	3/137	363/17474	0.008264462809917356	1.0541111178138385	0.09261027416221329	0.5443008840627034	0.7235999988127704	0.711878899623804	Vasn/Carlr/Nr4a2	3
GO:0021766	hippocampus development	1/137	100/17474	0.01	1.2754744525547446	0.2455774398508821	0.5458640459412685	0.724257970935773	0.7125262137084843	Zic3	1
GO:0061515	myeloid cell development	1/137	100/17474	0.01	1.2754744525547446	0.2455774398508821	0.5458640459412685	0.724257970935773	0.7125262137084843	Nrros	1
GO:1900182	positive regulation of protein localization to nucleus	1/137	100/17474	0.01	1.2754744525547446	0.2455774398508821	0.5458640459412685	0.724257970935773	0.7125262137084843	Cav2	1
GO:0031589	cell-substrate adhesion	3/137	365/17474	0.00821917808219178	1.0483351664833516	0.0829572573315977	0.5480318265274979	0.7261446325619356	0.7143823145993062	Dbn1/Fzd7/Itgb1bp1	3
GO:0048608	reproductive structure development	3/137	365/17474	0.00821917808219178	1.0483351664833516	0.0829572573315977	0.5480318265274979	0.7261446325619356	0.7143823145993062	Edn2/Hmgb2/Dhh	3
GO:0032890	regulation of organic acid transport	1/137	101/17474	0.009900990099009901	1.2628459926284599	0.23549499671613575	0.5494450650333628	0.7261446325619356	0.7143823145993062	Snca	1
GO:0043367	CD4-positive, alpha-beta T cell differentiation	1/137	101/17474	0.009900990099009901	1.2628459926284599	0.23549499671613575	0.5494450650333628	0.7261446325619356	0.7143823145993062	Cd83	1
GO:0072091	regulation of stem cell proliferation	1/137	101/17474	0.009900990099009901	1.2628459926284599	0.23549499671613575	0.5494450650333628	0.7261446325619356	0.7143823145993062	Hmgb2	1
GO:0006066	alcohol metabolic process	3/137	366/17474	0.00819672131147541	1.0454708627497906	0.0781503925446509	0.5498906953216558	0.7261446325619356	0.7143823145993062	Fgf1/Snca/Rdh5	3
GO:0055001	muscle cell development	2/137	234/17474	0.008547008547008548	1.090149104747645	0.12341210602175615	0.5499839268061055	0.7261446325619356	0.7143823145993062	Cav2/Cacna2d2	2
GO:0002237	response to molecule of bacterial origin	3/137	367/17474	0.008174386920980926	1.042622168300881	0.07335651511719209	0.5517451379193296	0.7261446325619356	0.7143823145993062	Cxcl2/Hmgb2/Snca	3
GO:0046942	carboxylic acid transport	3/137	367/17474	0.008174386920980926	1.042622168300881	0.07335651511719209	0.5517451379193296	0.7261446325619356	0.7143823145993062	Slc6a6/Snca/Slc17a6	3
GO:0019722	calcium-mediated signaling	2/137	235/17474	0.00851063829787234	1.0855101723870166	0.11731477870258968	0.5522988498317051	0.7261446325619356	0.7143823145993062	Edn2/Oprl1	2
GO:0048469	cell maturation	2/137	235/17474	0.00851063829787234	1.0855101723870166	0.11731477870258968	0.5522988498317051	0.7261446325619356	0.7143823145993062	Nr4a2/Foxj1	2
GO:0018210	peptidyl-threonine modification	1/137	102/17474	0.00980392156862745	1.250465149563475	0.22551712609219562	0.5529980510513463	0.7261446325619356	0.7143823145993062	Spry2	1
GO:0032611	interleukin-1 beta production	1/137	102/17474	0.00980392156862745	1.250465149563475	0.22551712609219562	0.5529980510513463	0.7261446325619356	0.7143823145993062	Serpinb1b	1
GO:0050848	regulation of calcium-mediated signaling	1/137	102/17474	0.00980392156862745	1.250465149563475	0.22551712609219562	0.5529980510513463	0.7261446325619356	0.7143823145993062	Edn2	1
GO:0071229	cellular response to acid chemical	1/137	102/17474	0.00980392156862745	1.250465149563475	0.22551712609219562	0.5529980510513463	0.7261446325619356	0.7143823145993062	Nsmf	1
GO:1990748	cellular detoxification	1/137	102/17474	0.00980392156862745	1.250465149563475	0.22551712609219562	0.5529980510513463	0.7261446325619356	0.7143823145993062	Ptgs1	1
GO:0042180	ketone metabolic process	2/137	236/17474	0.00847457627118644	1.0809105530124954	0.11124353480054608	0.5546054598701678	0.7277854873393041	0.7159965902975818	Tdo2/Snca	2
GO:0007229	integrin-mediated signaling pathway	1/137	103/17474	0.009708737864077669	1.2383247112181983	0.21564149055965182	0.556523221843769	0.7280096589346793	0.7162171306913138	Itgb1bp1	1
GO:0021675	nerve development	1/137	103/17474	0.009708737864077669	1.2383247112181983	0.21564149055965182	0.556523221843769	0.7280096589346793	0.7162171306913138	Kcna2	1
GO:0099068	postsynapse assembly	1/137	103/17474	0.009708737864077669	1.2383247112181983	0.21564149055965182	0.556523221843769	0.7280096589346793	0.7162171306913138	Csmd2	1
GO:0016054	organic acid catabolic process	2/137	237/17474	0.008438818565400843	1.0763497489913454	0.10519812354660597	0.5569037441039429	0.7280096589346793	0.7162171306913138	Hgd/Tdo2	2
GO:0046395	carboxylic acid catabolic process	2/137	237/17474	0.008438818565400843	1.0763497489913454	0.10519812354660597	0.5569037441039429	0.7280096589346793	0.7162171306913138	Hgd/Tdo2	2
GO:0015849	organic acid transport	3/137	370/17474	0.008108108108108109	1.0341684750443876	0.059052006923471886	0.5572817300694669	0.7280096589346793	0.7162171306913138	Slc6a6/Snca/Slc17a6	3
GO:0061458	reproductive system development	3/137	370/17474	0.008108108108108109	1.0341684750443876	0.059052006923471886	0.5572817300694669	0.7280096589346793	0.7162171306913138	Edn2/Hmgb2/Dhh	3
GO:0046425	regulation of receptor signaling pathway via JAK-STAT	1/137	104/17474	0.009615384615384616	1.2264177428411005	0.20586582852322458	0.5600207935786954	0.7301809577814529	0.7183532581599864	Prl	1
GO:0070167	regulation of biomineral tissue development	1/137	104/17474	0.009615384615384616	1.2264177428411005	0.20586582852322458	0.5600207935786954	0.7301809577814529	0.7183532581599864	Cd276	1
GO:0150115	cell-substrate junction organization	1/137	104/17474	0.009615384615384616	1.2264177428411005	0.20586582852322458	0.5600207935786954	0.7301809577814529	0.7183532581599864	Itgb1bp1	1
GO:0010639	negative regulation of organelle organization	3/137	372/17474	0.008064516129032258	1.0286084294796325	0.04957915073715904	0.5609503390826815	0.7309244008290674	0.7190846586844989	Dbn1/Carlr/Snca	3
GO:0042632	cholesterol homeostasis	1/137	105/17474	0.009523809523809525	1.2147375738616615	0.19618795102680966	0.563490980756572	0.7321547608365571	0.7202950889356182	Scd1	1
GO:0045921	positive regulation of exocytosis	1/137	105/17474	0.009523809523809525	1.2147375738616615	0.19618795102680966	0.563490980756572	0.7321547608365571	0.7202950889356182	Snca	1
GO:0046330	positive regulation of JNK cascade	1/137	105/17474	0.009523809523809525	1.2147375738616615	0.19618795102680966	0.563490980756572	0.7321547608365571	0.7202950889356182	Asb15	1
GO:0042098	T cell proliferation	2/137	240/17474	0.008333333333333333	1.0628953771289538	0.08721443056047362	0.5637485243220349	0.7321547608365571	0.7202950889356182	Cd276/Foxj1	2
GO:0070085	glycosylation	2/137	240/17474	0.008333333333333333	1.0628953771289538	0.08721443056047362	0.5637485243220349	0.7321547608365571	0.7202950889356182	Alg8/Cog5	2
GO:0003015	heart process	2/137	241/17474	0.008298755186721992	1.058485022867008	0.08126991186451546	0.5660133911184557	0.7321547608365571	0.7202950889356182	Edn2/Dsc2	2
GO:0072593	reactive oxygen species metabolic process	2/137	241/17474	0.008298755186721992	1.058485022867008	0.08126991186451546	0.5660133911184557	0.7321547608365571	0.7202950889356182	Nrros/Snca	2
GO:0097191	extrinsic apoptotic signaling pathway	2/137	241/17474	0.008298755186721992	1.058485022867008	0.08126991186451546	0.5660133911184557	0.7321547608365571	0.7202950889356182	Scg2/Hmgb2	2
GO:0019217	regulation of fatty acid metabolic process	1/137	106/17474	0.009433962264150943	1.2032777854290042	0.18660573873177425	0.5669339962229978	0.7321547608365571	0.7202950889356182	Snca	1
GO:0019751	polyol metabolic process	1/137	106/17474	0.009433962264150943	1.2032777854290042	0.18660573873177425	0.5669339962229978	0.7321547608365571	0.7202950889356182	Snca	1
GO:0021510	spinal cord development	1/137	106/17474	0.009433962264150943	1.2032777854290042	0.18660573873177425	0.5669339962229978	0.7321547608365571	0.7202950889356182	Lhx3	1
GO:0055092	sterol homeostasis	1/137	106/17474	0.009433962264150943	1.2032777854290042	0.18660573873177425	0.5669339962229978	0.7321547608365571	0.7202950889356182	Scd1	1
GO:0090288	negative regulation of cellular response to growth factor stimulus	1/137	106/17474	0.009433962264150943	1.2032777854290042	0.18660573873177425	0.5669339962229978	0.7321547608365571	0.7202950889356182	Spry2	1
GO:2000106	regulation of leukocyte apoptotic process	1/137	106/17474	0.009433962264150943	1.2032777854290042	0.18660573873177425	0.5669339962229978	0.7321547608365571	0.7202950889356182	Rag1	1
GO:0072001	renal system development	3/137	376/17474	0.007978723404255319	1.017665786612828	0.030783024910208664	0.5682330786148416	0.733307208661794	0.7214288690503908	Fgf1/Pou3f3/Foxj1	3
GO:0007006	mitochondrial membrane organization	1/137	107/17474	0.009345794392523364	1.1920321986492939	0.1771171390486645	0.5703500511813953	0.733307208661794	0.7214288690503908	Snca	1
GO:0021954	central nervous system neuron development	1/137	107/17474	0.009345794392523364	1.1920321986492939	0.1771171390486645	0.5703500511813953	0.733307208661794	0.7214288690503908	Nr4a2	1
GO:0034308	primary alcohol metabolic process	1/137	107/17474	0.009345794392523364	1.1920321986492939	0.1771171390486645	0.5703500511813953	0.733307208661794	0.7214288690503908	Rdh5	1
GO:0051153	regulation of striated muscle cell differentiation	1/137	107/17474	0.009345794392523364	1.1920321986492939	0.1771171390486645	0.5703500511813953	0.733307208661794	0.7214288690503908	Fzd7	1
GO:0051851	host-mediated perturbation of symbiont process	1/137	107/17474	0.009345794392523364	1.1920321986492939	0.1771171390486645	0.5703500511813953	0.733307208661794	0.7214288690503908	Cav2	1
GO:0140029	exocytic process	1/137	107/17474	0.009345794392523364	1.1920321986492939	0.1771171390486645	0.5703500511813953	0.733307208661794	0.7214288690503908	Snca	1
GO:0050727	regulation of inflammatory response	3/137	378/17474	0.007936507936507936	1.0122813115513845	0.021458553410263738	0.5718469597025104	0.734767350622177	0.7228653591744338	Dagla/Snca/Cd276	3
GO:0002064	epithelial cell development	2/137	244/17474	0.00819672131147541	1.0454708627497906	0.06358321978510537	0.5727576801427686	0.735008909407187	0.7231030051146625	Heg1/Foxj1	2
GO:0007623	circadian rhythm	2/137	244/17474	0.00819672131147541	1.0454708627497906	0.06358321978510537	0.5727576801427686	0.735008909407187	0.7231030051146625	Oprl1/Kcna2	2
GO:0030522	intracellular receptor signaling pathway	3/137	379/17474	0.0079155672823219	1.0096103846079771	0.016814457829681464	0.573646975973526	0.735340799299411	0.7234295189505668	Cd300ld3/Tgif1/Nr4a2	3
GO:0045913	positive regulation of carbohydrate metabolic process	1/137	108/17474	0.009259259259259259	1.1809948634766152	0.16772016341316434	0.5737393552055876	0.735340799299411	0.7234295189505668	Snca	1
GO:0006813	potassium ion transport	2/137	245/17474	0.00816326530612245	1.041203634738567	0.05773585249053229	0.5749889790587817	0.7364783270815881	0.7245486207018056	Kcna2/Slc17a6	2
GO:0035418	protein localization to synapse	1/137	109/17474	0.009174311926605505	1.170160048215362	0.15841288469777365	0.5771021162522787	0.7382551600359338	0.7262966719600011	Cacna2d2	1
GO:0046928	regulation of neurotransmitter secretion	1/137	109/17474	0.009174311926605505	1.170160048215362	0.15841288469777365	0.5771021162522787	0.7382551600359338	0.7262966719600011	Snca	1
GO:0001763	morphogenesis of a branching structure	2/137	247/17474	0.008097165991902834	1.0327728360767163	0.04611208109912402	0.5794263388545399	0.7397318243920888	0.7277494168448796	Fgf1/Spry2	2
GO:0007411	axon guidance	2/137	247/17474	0.008097165991902834	1.0327728360767163	0.04611208109912402	0.5794263388545399	0.7397318243920888	0.7277494168448796	Flrt3/Lhx3	2
GO:0009913	epidermal cell differentiation	2/137	247/17474	0.008097165991902834	1.0327728360767163	0.04611208109912402	0.5794263388545399	0.7397318243920888	0.7277494168448796	Fgf20/Ptgs1	2
GO:0019226	transmission of nerve impulse	1/137	110/17474	0.00909090909090909	1.1595222295952223	0.14919343475125094	0.5804385406734385	0.7397318243920888	0.7277494168448796	Kcna2	1
GO:0045666	positive regulation of neuron differentiation	1/137	110/17474	0.00909090909090909	1.1595222295952223	0.14919343475125094	0.5804385406734385	0.7397318243920888	0.7277494168448796	Tgif1	1
GO:0048008	platelet-derived growth factor receptor signaling pathway	1/137	110/17474	0.00909090909090909	1.1595222295952223	0.14919343475125094	0.5804385406734385	0.7397318243920888	0.7277494168448796	Snca	1
GO:0097485	neuron projection guidance	2/137	248/17474	0.008064516129032258	1.0286084294796325	0.04033524352568155	0.5816323879325093	0.7407891528207413	0.7287896183368159	Flrt3/Lhx3	2
GO:0007156	homophilic cell adhesion via plasma membrane adhesion molecules	1/137	111/17474	0.009009009009009009	1.1490760833826528	0.14006000205840186	0.5837488332285947	0.7420907042418511	0.7300700868207621	Dsc2	1
GO:0042102	positive regulation of T cell proliferation	1/137	111/17474	0.009009009009009009	1.1490760833826528	0.14006000205840186	0.5837488332285947	0.7420907042418511	0.7300700868207621	Cd276	1
GO:0097061	dendritic spine organization	1/137	111/17474	0.009009009009009009	1.1490760833826528	0.14006000205840186	0.5837488332285947	0.7420907042418511	0.7300700868207621	Dbn1	1
GO:1902903	regulation of supramolecular fiber organization	3/137	385/17474	0.007792207792207792	0.9938761967959049	-0.010800660449586934	0.5843492584861998	0.7423900010998941	0.7303645355746513	Dbn1/Snca/Itgb1bp1	3
GO:0016485	protein processing	2/137	250/17474	0.008	1.0203795620437957	0.028850602700096532	0.5860191994590012	0.7440468487513161	0.7319945450894021	Dhh/Phex	2
GO:0016525	negative regulation of angiogenesis	1/137	112/17474	0.008928571428571428	1.1388164754953076	0.13101082951328705	0.5870331970970326	0.7444049394609503	0.7323468353336783	Spry2	1
GO:0031398	positive regulation of protein ubiquitination	1/137	112/17474	0.008928571428571428	1.1388164754953076	0.13101082951328705	0.5870331970970326	0.7444049394609503	0.7323468353336783	Cd300ld3	1
GO:0006275	regulation of DNA replication	1/137	113/17474	0.008849557522123894	1.1287384535882694	0.12204421229938225	0.5902918338898966	0.7466751182413245	0.7345802410478485	Brpf3	1
GO:0070646	protein modification by small protein removal	1/137	113/17474	0.008849557522123894	1.1287384535882694	0.12204421229938225	0.5902918338898966	0.7466751182413245	0.7345802410478485	Otud1	1
GO:0110020	regulation of actomyosin structure organization	1/137	113/17474	0.008849557522123894	1.1287384535882694	0.12204421229938225	0.5902918338898966	0.7466751182413245	0.7345802410478485	Itgb1bp1	1
GO:0120034	positive regulation of plasma membrane bounded cell projection assembly	1/137	113/17474	0.008849557522123894	1.1287384535882694	0.12204421229938225	0.5902918338898966	0.7466751182413245	0.7345802410478485	Auts2	1
GO:0002526	acute inflammatory response	1/137	114/17474	0.008771929824561403	1.1188372390831092	0.11315849587064326	0.5935249436622071	0.7493666886461385	0.7372282125530764	Saa3	1
GO:1904892	regulation of receptor signaling pathway via STAT	1/137	114/17474	0.008771929824561403	1.1188372390831092	0.11315849587064326	0.5935249436622071	0.7493666886461385	0.7372282125530764	Prl	1
GO:2000181	negative regulation of blood vessel morphogenesis	1/137	114/17474	0.008771929824561403	1.1188372390831092	0.11315849587064326	0.5935249436622071	0.7493666886461385	0.7372282125530764	Spry2	1
GO:0048705	skeletal system morphogenesis	2/137	254/17474	0.007874015748031496	1.004310592562791	0.006151688093124556	0.5946915728576696	0.7503738580598635	0.7382190675215031	Col9a1/Ripply2	2
GO:0005976	polysaccharide metabolic process	1/137	115/17474	0.008695652173913044	1.1091082196128212	0.10435207402782454	0.5967327249247808	0.7507542524868073	0.7385933002004973	Chia1	1
GO:0006641	triglyceride metabolic process	1/137	115/17474	0.008695652173913044	1.1091082196128212	0.10435207402782454	0.5967327249247808	0.7507542524868073	0.7385933002004973	Scd1	1
GO:0032652	regulation of interleukin-1 production	1/137	115/17474	0.008695652173913044	1.1091082196128212	0.10435207402782454	0.5967327249247808	0.7507542524868073	0.7385933002004973	Serpinb1b	1
GO:1901343	negative regulation of vasculature development	1/137	115/17474	0.008695652173913044	1.1091082196128212	0.10435207402782454	0.5967327249247808	0.7507542524868073	0.7385933002004973	Spry2	1
GO:0034599	cellular response to oxidative stress	2/137	255/17474	0.00784313725490196	1.00037211965078	5.321153403254972e-4	0.5968385576554412	0.7507542524868073	0.7385933002004973	Snca/Nr4a2	2
GO:0006119	oxidative phosphorylation	1/137	116/17474	0.008620689655172414	1.0995469418575383	0.09562338708475997	0.5999153746560617	0.7527624133562182	0.7405689322518091	Snca	1
GO:0042177	negative regulation of protein catabolic process	1/137	116/17474	0.008620689655172414	1.0995469418575383	0.09562338708475997	0.5999153746560617	0.7527624133562182	0.7405689322518091	Snca	1
GO:0046889	positive regulation of lipid biosynthetic process	1/137	116/17474	0.008620689655172414	1.0995469418575383	0.09562338708475997	0.5999153746560617	0.7527624133562182	0.7405689322518091	Fgf1	1
GO:0097237	cellular response to toxic substance	1/137	116/17474	0.008620689655172414	1.0995469418575383	0.09562338708475997	0.5999153746560617	0.7527624133562182	0.7405689322518091	Ptgs1	1
GO:0048762	mesenchymal cell differentiation	2/137	257/17474	0.007782101167315175	0.9925871226106963	-0.010642206611724665	0.6011071877996137	0.753328416503028	0.7411257671025493	Spry2/Vasn	2
GO:0099504	synaptic vesicle cycle	2/137	257/17474	0.007782101167315175	0.9925871226106963	-0.010642206611724665	0.6011071877996137	0.753328416503028	0.7411257671025493	Snca/Slc17a6	2
GO:0045446	endothelial cell differentiation	1/137	117/17474	0.008547008547008548	1.090149104747645	0.08697092011965338	0.6030730883138633	0.7553267620876835	0.7430917428601596	Heg1	1
GO:0046879	hormone secretion	3/137	397/17474	0.007556675062972292	0.9638345989078674	-0.06479474687617799	0.6052423280663088	0.7572359726458854	0.7449700274283642	Npvf/Edn2/Exoc3l	3
GO:0071216	cellular response to biotic stimulus	2/137	259/17474	0.007722007722007722	0.984922357185131	-0.02173135801828343	0.6053420312301916	0.7572359726458854	0.7449700274283642	Cxcl2/Hmgb2	2
GO:0032970	regulation of actin filament-based process	3/137	399/17474	0.007518796992481203	0.9590033477855221	-0.07363961898882411	0.6086571880466717	0.7589379398603416	0.7466444256453498	Dsc2/Dbn1/Itgb1bp1	3
GO:0000956	nuclear-transcribed mRNA catabolic process	1/137	119/17474	0.008403361344537815	1.071827271054407	0.06988880032395851	0.6093144817069508	0.7589379398603416	0.7466444256453498	Zfp36l2	1
GO:0010821	regulation of mitochondrion organization	1/137	119/17474	0.008403361344537815	1.071827271054407	0.06988880032395851	0.6093144817069508	0.7589379398603416	0.7466444256453498	Carlr	1
GO:0030038	contractile actin filament bundle assembly	1/137	119/17474	0.008403361344537815	1.071827271054407	0.06988880032395851	0.6093144817069508	0.7589379398603416	0.7466444256453498	Itgb1bp1	1
GO:0043149	stress fiber assembly	1/137	119/17474	0.008403361344537815	1.071827271054407	0.06988880032395851	0.6093144817069508	0.7589379398603416	0.7466444256453498	Itgb1bp1	1
GO:0043279	response to alkaloid	1/137	119/17474	0.008403361344537815	1.071827271054407	0.06988880032395851	0.6093144817069508	0.7589379398603416	0.7466444256453498	Snca	1
GO:0060291	long-term synaptic potentiation	1/137	119/17474	0.008403361344537815	1.071827271054407	0.06988880032395851	0.6093144817069508	0.7589379398603416	0.7466444256453498	Snca	1
GO:0046634	regulation of alpha-beta T cell activation	1/137	120/17474	0.008333333333333333	1.0628953771289538	0.06145632683258755	0.6123985448591345	0.7614613531070613	0.7491269638547449	Cd83	1
GO:0031669	cellular response to nutrient levels	2/137	263/17474	0.0076045627376425855	0.9699425494712887	-0.043660028047191705	0.6137103909738671	0.7614613531070613	0.7491269638547449	Dsc2/Phex	2
GO:0021700	developmental maturation	3/137	403/17474	0.007444168734491315	0.9494847041350456	-0.09120171189735267	0.6154285428842322	0.7614613531070613	0.7491269638547449	Sez6/Nr4a2/Foxj1	3
GO:0010906	regulation of glucose metabolic process	1/137	121/17474	0.008264462809917356	1.0541111178138385	0.053094429024962794	0.6154584387944979	0.7614613531070613	0.7491269638547449	Tff3	1
GO:0032612	interleukin-1 production	1/137	121/17474	0.008264462809917356	1.0541111178138385	0.053094429024962794	0.6154584387944979	0.7614613531070613	0.7491269638547449	Serpinb1b	1
GO:0032649	regulation of type II interferon production	1/137	121/17474	0.008264462809917356	1.0541111178138385	0.053094429024962794	0.6154584387944979	0.7614613531070613	0.7491269638547449	Cd276	1
GO:0042472	inner ear morphogenesis	1/137	121/17474	0.008264462809917356	1.0541111178138385	0.053094429024962794	0.6154584387944979	0.7614613531070613	0.7491269638547449	Spry2	1
GO:0043255	regulation of carbohydrate biosynthetic process	1/137	121/17474	0.008264462809917356	1.0541111178138385	0.053094429024962794	0.6154584387944979	0.7614613531070613	0.7491269638547449	Snca	1
GO:0048145	regulation of fibroblast proliferation	1/137	121/17474	0.008264462809917356	1.0541111178138385	0.053094429024962794	0.6154584387944979	0.7614613531070613	0.7491269638547449	Tgif1	1
GO:0098754	detoxification	1/137	121/17474	0.008264462809917356	1.0541111178138385	0.053094429024962794	0.6154584387944979	0.7614613531070613	0.7491269638547449	Ptgs1	1
GO:1905477	positive regulation of protein localization to membrane	1/137	121/17474	0.008264462809917356	1.0541111178138385	0.053094429024962794	0.6154584387944979	0.7614613531070613	0.7491269638547449	Itgb1bp1	1
GO:0048872	homeostasis of number of cells	3/137	404/17474	0.007425742574257425	0.9471344944713448	-0.09556598907547374	0.6171091756826668	0.7627930359695192	0.7504370757015247	Emcn/Rag1/Hmgb2	3
GO:0007286	spermatid development	2/137	265/17474	0.007547169811320755	0.9626222283432033	-0.05450239334019371	0.6178439435306415	0.7627930359695192	0.7504370757015247	Hmgb2/Dhh	2
GO:0110053	regulation of actin filament organization	2/137	265/17474	0.007547169811320755	0.9626222283432033	-0.05450239334019371	0.6178439435306415	0.7627930359695192	0.7504370757015247	Dbn1/Itgb1bp1	2
GO:0006612	protein targeting to membrane	1/137	122/17474	0.00819672131147541	1.0454708627497906	0.044801792236736394	0.6184943515407177	0.7627930359695192	0.7504370757015247	Itgb1bp1	1
GO:0007088	regulation of mitotic nuclear division	1/137	122/17474	0.00819672131147541	1.0454708627497906	0.044801792236736394	0.6184943515407177	0.7627930359695192	0.7504370757015247	Cav2	1
GO:0044782	cilium organization	3/137	405/17474	0.007407407407407408	0.9447958907812923	-0.09991988517446676	0.6187849111847132	0.7627930359695192	0.7504370757015247	Lca5l/Ift57/Foxj1	3
GO:0001704	formation of primary germ layer	1/137	123/17474	0.008130081300813009	1.036971099638004	0.036577137620268235	0.6215064696734357	0.7647337663563568	0.7523463695303184	Fzd7	1
GO:0003279	cardiac septum development	1/137	123/17474	0.008130081300813009	1.036971099638004	0.036577137620268235	0.6215064696734357	0.7647337663563568	0.7523463695303184	Heg1	1
GO:0106027	neuron projection organization	1/137	123/17474	0.008130081300813009	1.036971099638004	0.036577137620268235	0.6215064696734357	0.7647337663563568	0.7523463695303184	Dbn1	1
GO:0009914	hormone transport	3/137	407/17474	0.007371007371007371	0.9401531591312614	-0.10859676496989905	0.6221216624304333	0.7647337663563568	0.7523463695303184	Npvf/Edn2/Exoc3l	3
GO:0007249	canonical NF-kappaB signal transduction	2/137	268/17474	0.007462686567164179	0.9518466063841377	-0.07061734488592775	0.6239810684847205	0.7647337663563568	0.7523463695303184	Saa3/Prl	2
GO:0007498	mesoderm development	1/137	124/17474	0.008064516129032258	1.0286084294796325	0.02841922087598684	0.6244949783273887	0.7647337663563568	0.7523463695303184	Zic3	1
GO:0008645	hexose transmembrane transport	1/137	124/17474	0.008064516129032258	1.0286084294796325	0.02841922087598684	0.6244949783273887	0.7647337663563568	0.7523463695303184	Slc5a10	1
GO:0016079	synaptic vesicle exocytosis	1/137	124/17474	0.008064516129032258	1.0286084294796325	0.02841922087598684	0.6244949783273887	0.7647337663563568	0.7523463695303184	Snca	1
GO:0032963	collagen metabolic process	1/137	124/17474	0.008064516129032258	1.0286084294796325	0.02841922087598684	0.6244949783273887	0.7647337663563568	0.7523463695303184	P3h4	1
GO:0035821	modulation of process of another organism	1/137	124/17474	0.008064516129032258	1.0286084294796325	0.02841922087598684	0.6244949783273887	0.7647337663563568	0.7523463695303184	Cav2	1
GO:0043534	blood vessel endothelial cell migration	1/137	124/17474	0.008064516129032258	1.0286084294796325	0.02841922087598684	0.6244949783273887	0.7647337663563568	0.7523463695303184	Itgb1bp1	1
GO:0001952	regulation of cell-matrix adhesion	1/137	125/17474	0.008	1.0203795620437957	0.020326831038733575	0.627460061207455	0.7664300453195553	0.7540151716361199	Itgb1bp1	1
GO:0002688	regulation of leukocyte chemotaxis	1/137	125/17474	0.008	1.0203795620437957	0.020326831038733575	0.627460061207455	0.7664300453195553	0.7540151716361199	Edn2	1
GO:1990830	cellular response to leukemia inhibitory factor	1/137	125/17474	0.008	1.0203795620437957	0.020326831038733575	0.627460061207455	0.7664300453195553	0.7540151716361199	Spry2	1
GO:0048863	stem cell differentiation	2/137	270/17474	0.007407407407407408	0.9447958907812923	-0.08126351789944831	0.6280304053893793	0.7664300453195553	0.7540151716361199	Zic3/Zfp36l2	2
GO:0140014	mitotic nuclear division	2/137	270/17474	0.007407407407407408	0.9447958907812923	-0.08126351789944831	0.6280304053893793	0.7664300453195553	0.7540151716361199	Cav2/Reep4	2
GO:0007041	lysosomal transport	1/137	126/17474	0.007936507936507936	1.0122813115513845	0.012298789316281956	0.6304019005996145	0.7664300453195553	0.7540151716361199	Plekhf1	1
GO:0007589	body fluid secretion	1/137	126/17474	0.007936507936507936	1.0122813115513845	0.012298789316281956	0.6304019005996145	0.7664300453195553	0.7540151716361199	Prl	1
GO:0030316	osteoclast differentiation	1/137	126/17474	0.007936507936507936	1.0122813115513845	0.012298789316281956	0.6304019005996145	0.7664300453195553	0.7540151716361199	Dcstamp	1
GO:0031047	regulatory ncRNA-mediated gene silencing	1/137	126/17474	0.007936507936507936	1.0122813115513845	0.012298789316281956	0.6304019005996145	0.7664300453195553	0.7540151716361199	Carlr	1
GO:0035249	synaptic transmission, glutamatergic	1/137	126/17474	0.007936507936507936	1.0122813115513845	0.012298789316281956	0.6304019005996145	0.7664300453195553	0.7540151716361199	Slc17a6	1
GO:0051053	negative regulation of DNA metabolic process	1/137	126/17474	0.007936507936507936	1.0122813115513845	0.012298789316281956	0.6304019005996145	0.7664300453195553	0.7540151716361199	Shld1	1
GO:0051209	release of sequestered calcium ion into cytosol	1/137	126/17474	0.007936507936507936	1.0122813115513845	0.012298789316281956	0.6304019005996145	0.7664300453195553	0.7540151716361199	Snca	1
GO:0015749	monosaccharide transmembrane transport	1/137	127/17474	0.007874015748031496	1.004310592562791	0.004333947977389328	0.633320677381829	0.76768430142708	0.7552491109107691	Slc5a10	1
GO:0017148	negative regulation of translation	1/137	127/17474	0.007874015748031496	1.004310592562791	0.004333947977389328	0.633320677381829	0.76768430142708	0.7552491109107691	Gzmn	1
GO:0051283	negative regulation of sequestering of calcium ion	1/137	127/17474	0.007874015748031496	1.004310592562791	0.004333947977389328	0.633320677381829	0.76768430142708	0.7552491109107691	Snca	1
GO:1902600	proton transmembrane transport	1/137	127/17474	0.007874015748031496	1.004310592562791	0.004333947977389328	0.633320677381829	0.76768430142708	0.7552491109107691	Slc17a6	1
GO:1990823	response to leukemia inhibitory factor	1/137	127/17474	0.007874015748031496	1.004310592562791	0.004333947977389328	0.633320677381829	0.76768430142708	0.7552491109107691	Spry2	1
GO:0002573	myeloid leukocyte differentiation	2/137	273/17474	0.007326007326007326	0.9344135183551241	-0.09709030313539646	0.6340414091767514	0.7681001943213296	0.7556582670417883	Nrros/Dcstamp	2
GO:0002440	production of molecular mediator of immune response	2/137	274/17474	0.0072992700729927005	0.9310032500399594	-0.10232853098611085	0.6360283040611587	0.7684468559886302	0.7559993133749345	Tnfsf13/Shld1	2
GO:0048515	spermatid differentiation	2/137	274/17474	0.0072992700729927005	0.9310032500399594	-0.10232853098611085	0.6360283040611587	0.7684468559886302	0.7559993133749345	Hmgb2/Dhh	2
GO:0051258	protein polymerization	2/137	274/17474	0.0072992700729927005	0.9310032500399594	-0.10232853098611085	0.6360283040611587	0.7684468559886302	0.7559993133749345	Dbn1/Snca	2
GO:0039531	regulation of cytoplasmic pattern recognition receptor signaling pathway	1/137	128/17474	0.0078125	0.9964644160583942	-0.003568810713110517	0.6362165710348344	0.7684468559886302	0.7559993133749345	Cd300ld3	1
GO:0051282	regulation of sequestering of calcium ion	1/137	128/17474	0.0078125	0.9964644160583942	-0.003568810713110517	0.6362165710348344	0.7684468559886302	0.7559993133749345	Snca	1
GO:0006898	receptor-mediated endocytosis	2/137	275/17474	0.007272727272727273	0.9276177836761778	-0.10754833048795485	0.6380068250104435	0.76969506647167385	0.7572273049540196	Cav2/Snca	2
GO:0022604	regulation of cell morphogenesis	2/137	275/17474	0.007272727272727273	0.9276177836761778	-0.10754833048795485	0.6380068250104435	0.76969506647167385	0.7572273049540196	Dbn1/Rnf157	2
GO:0060048	cardiac muscle contraction	1/137	129/17474	0.007751937984496124	0.9887398857013524	-0.011410575514517312	0.6390897596528576	0.7705444997829949	0.7580629788787835	Dsc2	1
GO:0001578	microtubule bundle formation	1/137	130/17474	0.007692307692307693	0.9811341942728805	-0.019192407187990205	0.6419404199542447	0.7707832433216846	0.7582978551749325	Foxj1	1
GO:0007631	feeding behavior	1/137	130/17474	0.007692307692307693	0.9811341942728805	-0.019192407187990205	0.6419404199542447	0.7707832433216846	0.7582978551749325	Oprl1	1
GO:0021761	limbic system development	1/137	130/17474	0.007692307692307693	0.9811341942728805	-0.019192407187990205	0.6419404199542447	0.7707832433216846	0.7582978551749325	Zic3	1
GO:0031507	heterochromatin formation	1/137	130/17474	0.007692307692307693	0.9811341942728805	-0.019192407187990205	0.6419404199542447	0.7707832433216846	0.7582978551749325	Pcgf5	1
GO:0048534	hematopoietic or lymphoid organ development	1/137	130/17474	0.007692307692307693	0.9811341942728805	-0.019192407187990205	0.6419404199542447	0.7707832433216846	0.7582978551749325	Rag1	1
GO:0051208	sequestering of calcium ion	1/137	130/17474	0.007692307692307693	0.9811341942728805	-0.019192407187990205	0.6419404199542447	0.7707832433216846	0.7582978551749325	Snca	1
GO:0051588	regulation of neurotransmitter transport	1/137	130/17474	0.007692307692307693	0.9811341942728805	-0.019192407187990205	0.6419404199542447	0.7707832433216846	0.7582978551749325	Snca	1
GO:0034976	response to endoplasmic reticulum stress	2/137	278/17474	0.007194244604316547	0.9176075198235573	-0.12309865374807014	0.6438922276067076	0.7714468184187979	0.7589506814749959	Nrros/Fbxo2	2
GO:0008585	female gonad development	1/137	131/17474	0.007633587786259542	0.9736446202707972	-0.02691533943387471	0.644768727292014	0.7714468184187979	0.7589506814749959	Edn2	1
GO:0021549	cerebellum development	1/137	131/17474	0.007633587786259542	0.9736446202707972	-0.02691533943387471	0.644768727292014	0.7714468184187979	0.7589506814749959	Sez6	1
GO:0030833	regulation of actin filament polymerization	1/137	131/17474	0.007633587786259542	0.9736446202707972	-0.02691533943387471	0.644768727292014	0.7714468184187979	0.7589506814749959	Dbn1	1
GO:0032479	regulation of type I interferon production	1/137	131/17474	0.007633587786259542	0.9736446202707972	-0.02691533943387471	0.644768727292014	0.7714468184187979	0.7589506814749959	Hmgb2	1
GO:0035710	CD4-positive, alpha-beta T cell activation	1/137	131/17474	0.007633587786259542	0.9736446202707972	-0.02691533943387471	0.644768727292014	0.7714468184187979	0.7589506814749959	Cd83	1
GO:0043200	response to amino acid	1/137	132/17474	0.007575757575757576	0.9662685246626852	-0.034580379790598983	0.647574855664325	0.7743487692070765	0.7618056255564107	Nsmf	1
GO:0018205	peptidyl-lysine modification	1/137	133/17474	0.007518796992481203	0.9590033477855221	-0.04218851049699757	0.6503589777248712	0.7772210109826015	0.7646313418609563	P3h4	1
GO:0014812	muscle cell migration	1/137	134/17474	0.007462686567164179	0.9518466063841377	-0.0497406893198173	0.6531212647931883	0.7786920589621015	0.766078561345006	Itgb1bp1	1
GO:0032609	type II interferon production	1/137	134/17474	0.007462686567164179	0.9518466063841377	-0.0497406893198173	0.6531212647931883	0.7786920589621015	0.766078561345006	Cd276	1
GO:0046545	development of primary female sexual characteristics	1/137	134/17474	0.007462686567164179	0.9518466063841377	-0.0497406893198173	0.6531212647931883	0.7786920589621015	0.766078561345006	Edn2	1
GO:1903313	positive regulation of mRNA metabolic process	1/137	134/17474	0.007462686567164179	0.9518466063841377	-0.0497406893198173	0.6531212647931883	0.7786920589621015	0.766078561345006	Zfp36l2	1
GO:0032606	type I interferon production	1/137	135/17474	0.007407407407407408	0.9447958907812923	-0.057237850348063536	0.6558618868648916	0.7805869384922114	0.7679427470235958	Hmgb2	1
GO:0046467	membrane lipid biosynthetic process	1/137	135/17474	0.007407407407407408	0.9447958907812923	-0.057237850348063536	0.6558618868648916	0.7805869384922114	0.7679427470235958	Cerkl	1
GO:0071887	leukocyte apoptotic process	1/137	135/17474	0.007407407407407408	0.9447958907812923	-0.057237850348063536	0.6558618868648916	0.7805869384922114	0.7679427470235958	Rag1	1
GO:0007030	Golgi organization	1/137	136/17474	0.007352941176470588	0.9378488621726062	-0.06468090475575397	0.6585810126218274	0.782906943116772	0.7702251714873382	Cog5	1
GO:0034341	response to type II interferon	1/137	136/17474	0.007352941176470588	0.9378488621726062	-0.06468090475575397	0.6585810126218274	0.782906943116772	0.7702251714873382	Snca	1
GO:0046632	alpha-beta T cell differentiation	1/137	137/17474	0.0072992700729927005	0.9310032500399594	-0.07207074153456236	0.6612788094421533	0.7851962045565324	0.7724773507540071	Cd83	1
GO:0051701	biological process involved in interaction with host	1/137	137/17474	0.0072992700729927005	0.9310032500399594	-0.07207074153456236	0.6612788094421533	0.7851962045565324	0.7724773507540071	Cav2	1
GO:0051100	negative regulation of binding	1/137	138/17474	0.007246376811594203	0.9242568496773511	-0.07940822819775413	0.6639554434103383	0.7866451518029756	0.7739028274995894	Itgb1bp1	1
GO:0051928	positive regulation of calcium ion transport	1/137	138/17474	0.007246376811594203	0.9242568496773511	-0.07940822819775413	0.6639554434103383	0.7866451518029756	0.7739028274995894	Snca	1
GO:0072089	stem cell proliferation	1/137	138/17474	0.007246376811594203	0.9242568496773511	-0.07940822819775413	0.6639554434103383	0.7866451518029756	0.7739028274995894	Hmgb2	1
GO:0001776	leukocyte homeostasis	1/137	139/17474	0.007194244604316547	0.9176075198235573	-0.08669421145674154	0.6666110793270886	0.7866451518029756	0.7739028274995894	Rag1	1
GO:0007266	Rho protein signal transduction	1/137	139/17474	0.007194244604316547	0.9176075198235573	-0.08669421145674154	0.6666110793270886	0.7866451518029756	0.7739028274995894	Heg1	1
GO:0014902	myotube differentiation	1/137	139/17474	0.007194244604316547	0.9176075198235573	-0.08669421145674154	0.6666110793270886	0.7866451518029756	0.7739028274995894	Cav2	1
GO:0034219	carbohydrate transmembrane transport	1/137	139/17474	0.007194244604316547	0.9176075198235573	-0.08669421145674154	0.6666110793270886	0.7866451518029756	0.7739028274995894	Slc5a10	1
GO:0050729	positive regulation of inflammatory response	1/137	139/17474	0.007194244604316547	0.9176075198235573	-0.08669421145674154	0.6666110793270886	0.7866451518029756	0.7739028274995894	Snca	1
GO:1903322	positive regulation of protein modification by small protein conjugation or removal	1/137	139/17474	0.007194244604316547	0.9176075198235573	-0.08669421145674154	0.6666110793270886	0.7866451518029756	0.7739028274995894	Cd300ld3	1
GO:0010001	glial cell differentiation	2/137	290/17474	0.006896551724137931	0.8796375534860307	-0.18373205016020372	0.6666861827815969	0.7866451518029756	0.7739028274995894	Nrros/Dhh	2
GO:0051047	positive regulation of secretion	3/137	435/17474	0.006896551724137931	0.8796375534860307	-0.2259803261883597	0.6667533145075368	0.7866451518029756	0.7739028274995894	Edn2/Prl/Snca	3
GO:0002761	regulation of myeloid leukocyte differentiation	1/137	140/17474	0.007142857142857143	0.911053180396246	-0.09392951787151463	0.6692458807191964	0.7882143146397484	0.7754465725457547	Dcstamp	1
GO:1901875	positive regulation of post-translational protein modification	1/137	140/17474	0.007142857142857143	0.911053180396246	-0.09392951787151463	0.6692458807191964	0.7882143146397484	0.7754465725457547	Cd300ld3	1
GO:2000779	regulation of double-strand break repair	1/137	140/17474	0.007142857142857143	0.911053180396246	-0.09392951787151463	0.6692458807191964	0.7882143146397484	0.7754465725457547	Shld1	1
GO:0002698	negative regulation of immune effector process	1/137	141/17474	0.0070921985815602835	0.9045918103225139	-0.10111495447613844	0.6718600098493148	0.7903198854788515	0.777518036689591	Foxj1	1
GO:0031109	microtubule polymerization or depolymerization	1/137	141/17474	0.0070921985815602835	0.9045918103225139	-0.10111495447613844	0.6718600098493148	0.7903198854788515	0.777518036689591	Snca	1
GO:0002699	positive regulation of immune effector process	2/137	293/17474	0.006825938566552901	0.8706310256346379	-0.1985165750295388	0.6721993126245885	0.7903198854788515	0.777518036689591	Tnfsf13/Shld1	2
GO:0010506	regulation of autophagy	2/137	294/17474	0.006802721088435374	0.8676696956154725	-0.2034128779365744	0.6740206852208206	0.7911411065709268	0.7783259553854639	Plekhf1/Snca	2
GO:0009582	detection of abiotic stimulus	1/137	142/17474	0.007042253521126761	0.8982214454610877	-0.10825130938044489	0.6744536277256574	0.7911411065709268	0.7783259553854639	Ttr	1
GO:0050852	T cell receptor signaling pathway	1/137	142/17474	0.007042253521126761	0.8982214454610877	-0.10825130938044489	0.6744536277256574	0.7911411065709268	0.7783259553854639	Cd276	1
GO:0051099	positive regulation of binding	1/137	142/17474	0.007042253521126761	0.8982214454610877	-0.10825130938044489	0.6744536277256574	0.7911411065709268	0.7783259553854639	Hmgb2	1
GO:0006605	protein targeting	2/137	295/17474	0.006779661016949152	0.8647284424099962	-0.2082934466496418	0.6758339129591259	0.7918468772804504	0.7790202938002051	Asb15/Itgb1bp1	2
GO:0010721	negative regulation of cell development	2/137	295/17474	0.006779661016949152	0.8647284424099962	-0.2082934466496418	0.6758339129591259	0.7918468772804504	0.7790202938002051	Zfp608/Foxj1	2
GO:0008643	carbohydrate transport	1/137	143/17474	0.006993006993006993	0.8919401766117095	-0.11533935234898787	0.6770268941116244	0.7923318196910495	0.7794973809619029	Slc5a10	1
GO:0009581	detection of external stimulus	1/137	143/17474	0.006993006993006993	0.8919401766117095	-0.11533935234898787	0.6770268941116244	0.7923318196910495	0.7794973809619029	Ttr	1
GO:0022037	metencephalon development	1/137	144/17474	0.006944444444444444	0.8857461476074614	-0.1223798353582766	0.679579967535357	0.7939492555812269	0.7810886171194495	Sez6	1
GO:0043433	negative regulation of DNA-binding transcription factor activity	1/137	144/17474	0.006944444444444444	0.8857461476074614	-0.1223798353582766	0.679579967535357	0.7939492555812269	0.7810886171194495	Foxj1	1
GO:0120161	regulation of cold-induced thermogenesis	1/137	144/17474	0.006944444444444444	0.8857461476074614	-0.1223798353582766	0.679579967535357	0.7939492555812269	0.7810886171194495	Scd1	1
GO:0002697	regulation of immune effector process	3/137	444/17474	0.006756756756756757	0.8618070625369896	-0.2621966007132581	0.6802671902763985	0.7942959041459211	0.7814296505622295	Tnfsf13/Shld1/Foxj1	3
GO:0002366	leukocyte activation involved in immune response	2/137	298/17474	0.006711409395973154	0.8560231225199628	-0.22284193159415727	0.6812248754333292	0.7946264907093946	0.7817548821811102	Tnfsf13/Shld1	2
GO:0031346	positive regulation of cell projection organization	3/137	445/17474	0.006741573033707865	0.8598704174526367	-0.2661780924655124	0.6817436900431366	0.7946264907093946	0.7817548821811102	Islr2/Dbn1/Auts2	3
GO:0003206	cardiac chamber morphogenesis	1/137	145/17474	0.006896551724137931	0.8796375534860307	-0.1293734931332486	0.6821130052992148	0.7946264907093946	0.7817548821811102	Heg1	1
GO:0035270	endocrine system development	1/137	145/17474	0.006896551724137931	0.8796375534860307	-0.1293734931332486	0.6821130052992148	0.7946264907093946	0.7817548821811102	Lhx3	1
GO:0003231	cardiac ventricle development	1/137	146/17474	0.00684931506849315	0.8736126387361264	-0.13632104366389508	0.6846261634891858	0.7959081550721687	0.7830157857435143	Heg1	1
GO:0007005	mitochondrion organization	3/137	447/17474	0.006711409395973154	0.8560231225199628	-0.27411606670691446	0.684681675975871	0.7959081550721687	0.7830157857435143	Cav2/Carlr/Snca	3
GO:0045765	regulation of angiogenesis	2/137	300/17474	0.006666666666666667	0.8503163017031631	-0.23246439824763082	0.6847784028398698	0.7959081550721687	0.7830157857435143	Fgf1/Spry2	2
GO:0072659	protein localization to plasma membrane	2/137	300/17474	0.006666666666666667	0.8503163017031631	-0.23246439824763082	0.6847784028398698	0.7959081550721687	0.7830157857435143	Plekhf1/Itgb1bp1	2
GO:0000723	telomere maintenance	1/137	147/17474	0.006802721088435374	0.8676696956154725	-0.1432231887029078	0.6871195969842218	0.7968080161151123	0.7839010705557256	Shld1	1
GO:0006665	sphingolipid metabolic process	1/137	147/17474	0.006802721088435374	0.8676696956154725	-0.1432231887029078	0.6871195969842218	0.7968080161151123	0.7839010705557256	Cerkl	1
GO:0032200	telomere organization	1/137	147/17474	0.006802721088435374	0.8676696956154725	-0.1432231887029078	0.6871195969842218	0.7968080161151123	0.7839010705557256	Shld1	1
GO:0048144	fibroblast proliferation	1/137	147/17474	0.006802721088435374	0.8676696956154725	-0.1432231887029078	0.6871195969842218	0.7968080161151123	0.7839010705557256	Tgif1	1
GO:0002263	cell activation involved in immune response	2/137	302/17474	0.006622516556291391	0.8446850679170493	-0.24202670602926404	0.688299719799599	0.797267443093613	0.7843530555922777	Tnfsf13/Shld1	2
GO:0006302	double-strand break repair	2/137	302/17474	0.006622516556291391	0.8446850679170493	-0.24202670602926404	0.688299719799599	0.797267443093613	0.7843530555922777	Ercc8/Shld1	2
GO:0050767	regulation of neurogenesis	3/137	450/17474	0.006666666666666667	0.8503163017031631	-0.2859611295976413	0.6890511449421707	0.7974036933216789	0.7844870987965179	Islr2/Dbn1/Hmgb2	3
GO:0046660	female sex differentiation	1/137	148/17474	0.006756756756756757	0.8618070625369896	-0.1500806142451673	0.689593459465503	0.7974036933216789	0.7844870987965179	Edn2	1
GO:0106106	cold-induced thermogenesis	1/137	148/17474	0.006756756756756757	0.8618070625369896	-0.1500806142451673	0.689593459465503	0.7974036933216789	0.7844870987965179	Scd1	1
GO:0050769	positive regulation of neurogenesis	2/137	303/17474	0.006600660066006601	0.8418973284189732	-0.24678557799100562	0.6900483401368289	0.7974763203626762	0.7845585494019808	Islr2/Dbn1	2
GO:0010565	regulation of ketone metabolic process	1/137	150/17474	0.006666666666666667	0.8503163017031631	-0.1636639747859501	0.6944830801777659	0.8016904569134937	0.7887044240503812	Snca	1
GO:0031023	microtubule organizing center organization	1/137	150/17474	0.006666666666666667	0.8503163017031631	-0.1636639747859501	0.6944830801777659	0.8016904569134937	0.7887044240503812	Foxj1	1
GO:0008064	regulation of actin polymerization or depolymerization	1/137	151/17474	0.006622516556291391	0.8446850679170493	-0.17039120706176197	0.6968991398646536	0.8031856435848769	0.7901753912202304	Dbn1	1
GO:1905039	carboxylic acid transmembrane transport	1/137	151/17474	0.006622516556291391	0.8446850679170493	-0.17039120706176197	0.6968991398646536	0.8031856435848769	0.7901753912202304	Slc17a6	1
GO:1901342	regulation of vasculature development	2/137	307/17474	0.006514657980456026	0.8309279821203548	-0.2656750479384933	0.6969629601412526	0.8031856435848769	0.7901753912202304	Fgf1/Spry2	2
GO:0009261	ribonucleotide catabolic process	1/137	152/17474	0.006578947368421052	0.8391279293123318	-0.17707631523926454	0.6992962314676407	0.8049623852887273	0.7919233527060348	Dpys	1
GO:0071456	cellular response to hypoxia	1/137	152/17474	0.006578947368421052	0.8391279293123318	-0.17707631523926454	0.6992962314676407	0.8049623852887273	0.7919233527060348	Vasn	1
GO:0030218	erythrocyte differentiation	1/137	153/17474	0.006535947712418301	0.8336434330423167	-0.18371991313377833	0.701674502815576	0.8067868506087517	0.7937182647659458	Hmgb2	1
GO:0051783	regulation of nuclear division	1/137	153/17474	0.006535947712418301	0.8336434330423167	-0.18371991313377833	0.701674502815576	0.8067868506087517	0.7937182647659458	Cav2	1
GO:0042692	muscle cell differentiation	3/137	460/17474	0.006521739130434782	0.8318311647096159	-0.32492136226411106	0.7032916870268249	0.8076736382445081	0.7945906879381099	Fzd7/Cav2/Cacna2d2	3
GO:0099173	postsynapse organization	2/137	311/17474	0.006430868167202572	0.8202408055014434	-0.28433593748964053	0.7037506398633542	0.8076736382445081	0.7945906879381099	Csmd2/Dbn1	2
GO:0007173	epidermal growth factor receptor signaling pathway	1/137	154/17474	0.006493506493506494	0.8282301639965874	-0.1903226013396651	0.7040341005936641	0.8076736382445081	0.7945906879381099	Spry2	1
GO:0030832	regulation of actin filament length	1/137	154/17474	0.006493506493506494	0.8282301639965874	-0.1903226013396651	0.7040341005936641	0.8076736382445081	0.7945906879381099	Dbn1	1
GO:0030336	negative regulation of cell migration	2/137	312/17474	0.00641025641025641	0.8176118285607337	-0.28896621200032363	0.7054278602865196	0.8086360997992547	0.7955375592394468	Sap30/Itgb1bp1	2
GO:0001101	response to acid chemical	1/137	155/17474	0.0064516129032258064	0.8228867435837062	-0.1968849676025964	0.7063751703522476	0.8086360997992547	0.7955375592394468	Nsmf	1
GO:0030509	BMP signaling pathway	1/137	155/17474	0.0064516129032258064	0.8228867435837062	-0.1968849676025964	0.7063751703522476	0.8086360997992547	0.7955375592394468	Fam83g	1
GO:0099003	vesicle-mediated transport in synapse	2/137	313/17474	0.006389776357827476	0.814999650194725	-0.29358270668689096	0.707097237900735	0.8086360997992547	0.7955375592394468	Snca/Slc17a6	2
GO:0008203	cholesterol metabolic process	1/137	156/17474	0.00641025641025641	0.8176118285607337	-0.20340758717894983	0.7086978565155218	0.8086360997992547	0.7955375592394468	Fgf1	1
GO:0010508	positive regulation of autophagy	1/137	156/17474	0.00641025641025641	0.8176118285607337	-0.20340758717894983	0.7086978565155218	0.8086360997992547	0.7955375592394468	Plekhf1	1
GO:0010977	negative regulation of neuron projection development	1/137	156/17474	0.00641025641025641	0.8176118285607337	-0.20340758717894983	0.7086978565155218	0.8086360997992547	0.7955375592394468	Runx1t1	1
GO:0055007	cardiac muscle cell differentiation	1/137	156/17474	0.00641025641025641	0.8176118285607337	-0.20340758717894983	0.7086978565155218	0.8086360997992547	0.7955375592394468	Fzd7	1
GO:2000377	regulation of reactive oxygen species metabolic process	1/137	156/17474	0.00641025641025641	0.8176118285607337	-0.20340758717894983	0.7086978565155218	0.8086360997992547	0.7955375592394468	Snca	1
GO:0015711	organic anion transport	3/137	464/17474	0.00646551724137931	0.8246602063931537	-0.34028622733695446	0.7088486558220606	0.8086360997992547	0.7955375592394468	Slc6a6/Snca/Slc17a6	3
GO:0030041	actin filament polymerization	1/137	157/17474	0.006369426751592357	0.8124041099074806	-0.20989102318285985	0.7110023023901824	0.8101841361689809	0.797060520031689	Dbn1	1
GO:1904064	positive regulation of cation transmembrane transport	1/137	157/17474	0.006369426751592357	0.8124041099074806	-0.20989102318285985	0.7110023023901824	0.8101841361689809	0.797060520031689	Snca	1
GO:0044248	cellular catabolic process	2/137	316/17474	0.006329113924050633	0.8072623117435092	-0.3073504849102667	0.7120585031919769	0.810479572183817	0.7973511704815175	Hgd/Tdo2	2
GO:0071695	anatomical structure maturation	2/137	316/17474	0.006329113924050633	0.8072623117435092	-0.3073504849102667	0.7120585031919769	0.810479572183817	0.7973511704815175	Nr4a2/Foxj1	2
GO:0009411	response to UV	1/137	158/17474	0.006329113924050633	0.8072623117435092	-0.21633582692142417	0.7132886501740101	0.8105190583541545	0.797390017042513	Ercc8	1
GO:0030216	keratinocyte differentiation	1/137	158/17474	0.006329113924050633	0.8072623117435092	-0.21633582692142417	0.7132886501740101	0.8105190583541545	0.797390017042513	Ptgs1	1
GO:1904950	negative regulation of establishment of protein localization	1/137	158/17474	0.006329113924050633	0.8072623117435092	-0.21633582692142417	0.7132886501740101	0.8105190583541545	0.797390017042513	Itgb1bp1	1
GO:0032675	regulation of interleukin-6 production	1/137	159/17474	0.006289308176100629	0.8021851902860029	-0.22274253821854245	0.7155570409643865	0.8121891860053361	0.799033091443432	Foxj1	1
GO:1900180	regulation of protein localization to nucleus	1/137	159/17474	0.006289308176100629	0.8021851902860029	-0.22274253821854245	0.7155570409643865	0.8121891860053361	0.799033091443432	Cav2	1
GO:0022612	gland morphogenesis	1/137	160/17474	0.00625	0.7971715328467154	-0.22911168572784416	0.7178076147667476	0.8133819991284483	0.8002065830063552	Fgf1	1
GO:0031333	negative regulation of protein-containing complex assembly	1/137	160/17474	0.00625	0.7971715328467154	-0.22911168572784416	0.7178076147667476	0.8133819991284483	0.8002065830063552	Snca	1
GO:1902850	microtubule cytoskeleton organization involved in mitosis	1/137	160/17474	0.00625	0.7971715328467154	-0.22911168572784416	0.7178076147667476	0.8133819991284483	0.8002065830063552	Spry2	1
GO:0022412	cellular process involved in reproduction in multicellular organism	3/137	472/17474	0.006355932203389831	0.8106829147593716	-0.370653282183851	0.7197252548897004	0.8143394853015873	0.8011485595188725	Hmgb2/Dhh/Spam1	3
GO:0006164	purine nucleotide biosynthetic process	1/137	161/17474	0.006211180124223602	0.7922201568663009	-0.23544378723513948	0.7200405105029699	0.8143394853015873	0.8011485595188725	Nmrk1	1
GO:0031623	receptor internalization	1/137	161/17474	0.006211180124223602	0.7922201568663009	-0.23544378723513948	0.7200405105029699	0.8143394853015873	0.8011485595188725	Snca	1
GO:0030099	myeloid cell differentiation	3/137	473/17474	0.006342494714587738	0.8089689973920156	-0.3744158619822653	0.7210626707436415	0.8143394853015873	0.8011485595188725	Nrros/Hmgb2/Dcstamp	3
GO:0002687	positive regulation of leukocyte migration	1/137	162/17474	0.006172839506172839	0.7873299089844101	-0.24173934995080787	0.7222558660196969	0.8143394853015873	0.8011485595188725	Edn2	1
GO:0007034	vacuolar transport	1/137	162/17474	0.006172839506172839	0.7873299089844101	-0.24173934995080787	0.7222558660196969	0.8143394853015873	0.8011485595188725	Plekhf1	1
GO:0007601	visual perception	1/137	162/17474	0.006172839506172839	0.7873299089844101	-0.24173934995080787	0.7222558660196969	0.8143394853015873	0.8011485595188725	Rdh5	1
GO:0031644	regulation of nervous system process	1/137	162/17474	0.006172839506172839	0.7873299089844101	-0.24173934995080787	0.7222558660196969	0.8143394853015873	0.8011485595188725	Dbn1	1
GO:2001235	positive regulation of apoptotic signaling pathway	1/137	162/17474	0.006172839506172839	0.7873299089844101	-0.24173934995080787	0.7222558660196969	0.8143394853015873	0.8011485595188725	Plekhf1	1
GO:0001666	response to hypoxia	2/137	323/17474	0.006191950464396285	0.7897674628821948	-0.33901078649237876	0.7233638933542963	0.8146855808873967	0.8014890489400928	Vasn/Nr4a2	2
GO:0090596	sensory organ morphogenesis	2/137	323/17474	0.006191950464396285	0.7897674628821948	-0.33901078649237876	0.7233638933542963	0.8146855808873967	0.8014890489400928	Spry2/Zic3	2
GO:0051147	regulation of muscle cell differentiation	1/137	163/17474	0.006134969325153374	0.7824996641440151	-0.2479988707925201	0.7244538180965974	0.8154615749908573	0.8022524732482635	Fzd7	1
GO:0001909	leukocyte mediated cytotoxicity	1/137	164/17474	0.006097560975609756	0.7777283247285027	-0.25422283665867174	0.7266345024545644	0.81610965101744	0.8028900515365904	Gzmn	1
GO:0050731	positive regulation of peptidyl-tyrosine phosphorylation	1/137	164/17474	0.006097560975609756	0.7777283247285027	-0.25422283665867174	0.7266345024545644	0.81610965101744	0.8028900515365904	Cav2	1
GO:0070507	regulation of microtubule cytoskeleton organization	1/137	164/17474	0.006097560975609756	0.7777283247285027	-0.25422283665867174	0.7266345024545644	0.81610965101744	0.8028900515365904	Snca	1
GO:0099072	regulation of postsynaptic membrane neurotransmitter receptor levels	1/137	164/17474	0.006097560975609756	0.7777283247285027	-0.25422283665867174	0.7266345024545644	0.81610965101744	0.8028900515365904	Cacna2d2	1
GO:0016125	sterol metabolic process	1/137	165/17474	0.006060606060606061	0.7730148197301482	-0.2604117246928886	0.7287980537638494	0.8171859103393989	0.8039488772732999	Fgf1	1
GO:0050728	negative regulation of inflammatory response	1/137	165/17474	0.006060606060606061	0.7730148197301482	-0.2604117246928886	0.7287980537638494	0.8171859103393989	0.8039488772732999	Cd276	1
GO:1990845	adaptive thermogenesis	1/137	165/17474	0.006060606060606061	0.7730148197301482	-0.2604117246928886	0.7287980537638494	0.8171859103393989	0.8039488772732999	Scd1	1
GO:0009060	aerobic respiration	1/137	166/17474	0.006024096385542169	0.7683581039486413	-0.2665660025399492	0.7309446056521361	0.8171874352394188	0.8039503774725123	Snca	1
GO:0043488	regulation of mRNA stability	1/137	166/17474	0.006024096385542169	0.7683581039486413	-0.2665660025399492	0.7309446056521361	0.8171874352394188	0.8039503774725123	Zfp36l2	1
GO:0045834	positive regulation of lipid metabolic process	1/137	166/17474	0.006024096385542169	0.7683581039486413	-0.2665660025399492	0.7309446056521361	0.8171874352394188	0.8039503774725123	Fgf1	1
GO:0050953	sensory perception of light stimulus	1/137	166/17474	0.006024096385542169	0.7683581039486413	-0.2665660025399492	0.7309446056521361	0.8171874352394188	0.8039503774725123	Rdh5	1
GO:0062197	cellular response to chemical stress	2/137	328/17474	0.006097560975609756	0.7777283247285027	-0.36124070602631386	0.7312099961335999	0.8171874352394188	0.8039503774725123	Snca/Nr4a2	2
GO:2000146	negative regulation of cell motility	2/137	328/17474	0.006097560975609756	0.7777283247285027	-0.36124070602631386	0.7312099961335999	0.8171874352394188	0.8039503774725123	Sap30/Itgb1bp1	2
GO:0034101	erythrocyte homeostasis	1/137	167/17474	0.005988023952095809	0.7637571572184099	-0.2726861285934531	0.7330742907125507	0.8180365684904936	0.8047857561974995	Hmgb2	1
GO:0043123	positive regulation of canonical NF-kappaB signal transduction	1/137	167/17474	0.005988023952095809	0.7637571572184099	-0.2726861285934531	0.7330742907125507	0.8180365684904936	0.8047857561974995	Prl	1
GO:0042742	defense response to bacterium	2/137	330/17474	0.006060606060606061	0.7730148197301482	-0.3700457678719282	0.7342956418677457	0.8180365684904936	0.8047857561974995	Hmgb2/Scd1	2
GO:0032635	interleukin-6 production	1/137	168/17474	0.005952380952380952	0.7592109836635383	-0.27877255223555	0.7351872405116137	0.8180365684904936	0.8047857561974995	Foxj1	1
GO:0034767	positive regulation of monoatomic ion transmembrane transport	1/137	168/17474	0.005952380952380952	0.7592109836635383	-0.27877255223555	0.7351872405116137	0.8180365684904936	0.8047857561974995	Snca	1
GO:0071772	response to BMP	1/137	168/17474	0.005952380952380952	0.7592109836635383	-0.27877255223555	0.7351872405116137	0.8180365684904936	0.8047857561974995	Fam83g	1
GO:0071773	cellular response to BMP stimulus	1/137	168/17474	0.005952380952380952	0.7592109836635383	-0.27877255223555	0.7351872405116137	0.8180365684904936	0.8047857561974995	Fam83g	1
GO:1902652	secondary alcohol metabolic process	1/137	168/17474	0.005952380952380952	0.7592109836635383	-0.27877255223555	0.7351872405116137	0.8180365684904936	0.8047857561974995	Fgf1	1
GO:0009266	response to temperature stimulus	1/137	170/17474	0.0058823529411764705	0.750279089738085	-0.29084604614207094	0.7393634555060093	0.8222336077087058	0.8089148104612379	Fgf1	1
GO:0007259	cell surface receptor signaling pathway via JAK-STAT	1/137	171/17474	0.005847953216374269	0.7458914927220728	-0.29683397216589136	0.7414269787720562	0.8232045136021037	0.8098699893171863	Prl	1
GO:0044403	biological process involved in symbiotic interaction	1/137	171/17474	0.005847953216374269	0.7458914927220728	-0.29683397216589136	0.7414269787720562	0.8232045136021037	0.8098699893171863	Cav2	1
GO:0043588	skin development	2/137	336/17474	0.005952380952380952	0.7592109836635383	-0.396171554402769	0.7433737992538267	0.8232045136021037	0.8098699893171863	Ptgs1/Scd1	2
GO:0046883	regulation of hormone secretion	2/137	336/17474	0.005952380952380952	0.7592109836635383	-0.396171554402769	0.7433737992538267	0.8232045136021037	0.8098699893171863	Npvf/Edn2	2
GO:0009166	nucleotide catabolic process	1/137	172/17474	0.005813953488372093	0.7415549142760142	-0.30278990772561803	0.74347428293366	0.8232045136021037	0.8098699893171863	Dpys	1
GO:0035107	appendage morphogenesis	1/137	172/17474	0.005813953488372093	0.7415549142760142	-0.30278990772561803	0.74347428293366	0.8232045136021037	0.8098699893171863	Zic3	1
GO:0035108	limb morphogenesis	1/137	172/17474	0.005813953488372093	0.7415549142760142	-0.30278990772561803	0.74347428293366	0.8232045136021037	0.8098699893171863	Zic3	1
GO:0038127	ERBB signaling pathway	1/137	172/17474	0.005813953488372093	0.7415549142760142	-0.30278990772561803	0.74347428293366	0.8232045136021037	0.8098699893171863	Spry2	1
GO:0007189	adenylate cyclase-activating G protein-coupled receptor signaling pathway	1/137	173/17474	0.005780346820809248	0.7372684696848234	-0.30871426048457434	0.7455054945414561	0.8241077042920226	0.8107585498417094	Oprl1	1
GO:0030879	mammary gland development	1/137	173/17474	0.005780346820809248	0.7372684696848234	-0.30871426048457434	0.7455054945414561	0.8241077042920226	0.8107585498417094	Prl	1
GO:1901991	negative regulation of mitotic cell cycle phase transition	1/137	173/17474	0.005780346820809248	0.7372684696848234	-0.30871426048457434	0.7455054945414561	0.8241077042920226	0.8107585498417094	Zfp36l2	1
GO:0000724	double-strand break repair via homologous recombination	1/137	174/17474	0.005747126436781609	0.7330312945716922	-0.31460743038225913	0.7475207391659183	0.8246510456789841	0.8112930900148778	Shld1	1
GO:0006941	striated muscle contraction	1/137	174/17474	0.005747126436781609	0.7330312945716922	-0.31460743038225913	0.7475207391659183	0.8246510456789841	0.8112930900148778	Dsc2	1
GO:0141193	nuclear receptor-mediated signaling pathway	1/137	174/17474	0.005747126436781609	0.7330312945716922	-0.31460743038225913	0.7475207391659183	0.8246510456789841	0.8112930900148778	Tgif1	1
GO:0070588	calcium ion transmembrane transport	2/137	339/17474	0.0058997050147492625	0.7524923023921797	-0.4090755777298278	0.7478134011507924	0.8246510456789841	0.8112930900148778	Snca/Cacna2d2	2
GO:0010608	post-transcriptional regulation of gene expression	3/137	494/17474	0.006072874493927126	0.7745796270575371	-0.4517985605513961	0.7480241786026183	0.8246510456789841	0.8112930900148778	Gzmn/Carlr/Zfp36l2	3
GO:0030100	regulation of endocytosis	2/137	340/17474	0.0058823529411764705	0.750279089738085	-0.41335389470628187	0.749278679740619	0.825405504936412	0.8120353283051903	Snca/Snph	2
GO:0007338	single fertilization	1/137	175/17474	0.005714285714285714	0.7288425443169969	-0.3204698098262369	0.7495201414048933	0.825405504936412	0.8120353283051903	Spam1	1
GO:0042552	myelination	1/137	176/17474	0.005681818181818182	0.7247013934970139	-0.326301783878163	0.7515038248910793	0.8266948511781802	0.813303789313109	Dhh	1
GO:0045766	positive regulation of angiogenesis	1/137	176/17474	0.005681818181818182	0.7247013934970139	-0.326301783878163	0.7515038248910793	0.8266948511781802	0.813303789313109	Fgf1	1
GO:1902905	positive regulation of supramolecular fiber organization	1/137	177/17474	0.005649717514124294	0.7206070353416635	-0.3321037304341553	0.7534719122994455	0.8282117582584242	0.81479612505784	Itgb1bp1	1
GO:0051146	striated muscle cell differentiation	2/137	344/17474	0.005813953488372093	0.7415549142760142	-0.4303540216684922	0.7550674543742526	0.8282117582584242	0.81479612505784	Fzd7/Cav2	2
GO:0043393	regulation of protein binding	1/137	178/17474	0.0056179775280898875	0.7165586812105306	-0.33787602039971576	0.7554245253545983	0.8282117582584242	0.81479612505784	Itgb1bp1	1
GO:0019693	ribose phosphate metabolic process	2/137	345/17474	0.005797101449275362	0.7394054797418809	-0.4345761313800501	0.7564966773579156	0.8282117582584242	0.81479612505784	Dpys/Nudt14	2
GO:0000725	recombinational repair	1/137	179/17474	0.00558659217877095	0.7125555600864495	-0.343619017859398	0.757361784838087	0.8282117582584242	0.81479612505784	Shld1	1
GO:0007272	ensheathment of neurons	1/137	179/17474	0.00558659217877095	0.7125555600864495	-0.343619017859398	0.757361784838087	0.8282117582584242	0.81479612505784	Dhh	1
GO:0008366	axon ensheathment	1/137	179/17474	0.00558659217877095	0.7125555600864495	-0.343619017859398	0.757361784838087	0.8282117582584242	0.81479612505784	Dhh	1
GO:0045814	negative regulation of gene expression, epigenetic	1/137	179/17474	0.00558659217877095	0.7125555600864495	-0.343619017859398	0.757361784838087	0.8282117582584242	0.81479612505784	Pcgf5	1
GO:0055088	lipid homeostasis	1/137	179/17474	0.00558659217877095	0.7125555600864495	-0.343619017859398	0.757361784838087	0.8282117582584242	0.81479612505784	Scd1	1
GO:0062207	regulation of pattern recognition receptor signaling pathway	1/137	179/17474	0.00558659217877095	0.7125555600864495	-0.343619017859398	0.757361784838087	0.8282117582584242	0.81479612505784	Cd300ld3	1
GO:1904018	positive regulation of vasculature development	1/137	179/17474	0.00558659217877095	0.7125555600864495	-0.343619017859398	0.757361784838087	0.8282117582584242	0.81479612505784	Fgf1	1
GO:0007269	neurotransmitter secretion	1/137	180/17474	0.005555555555555556	0.7085969180859693	-0.3493330802414052	0.7592838105956575	0.8294217350975119	0.8159865023134971	Snca	1
GO:0099643	signal release from synapse	1/137	180/17474	0.005555555555555556	0.7085969180859693	-0.3493330802414052	0.7592838105956575	0.8294217350975119	0.8159865023134971	Snca	1
GO:0007292	female gamete generation	1/137	181/17474	0.0055248618784530384	0.7046820179860467	-0.35501855847730024	0.7611907215444487	0.8306126221144895	0.8171580989699554	Edn2	1
GO:0043487	regulation of RNA stability	1/137	181/17474	0.0055248618784530384	0.7046820179860467	-0.35501855847730024	0.7611907215444487	0.8306126221144895	0.8171580989699554	Zfp36l2	1
GO:0032956	regulation of actin cytoskeleton organization	2/137	349/17474	0.0057306590257879654	0.7309309183694811	-0.4513550098096525	0.7621423785272259	0.8312051463401487	0.8177410253028117	Dbn1/Itgb1bp1	2
GO:0050851	antigen receptor-mediated signaling pathway	1/137	182/17474	0.005494505494505495	0.7008101387663432	-0.3606757971569976	0.7630826356801343	0.8317846093105001	0.8183111019506603	Cd276	1
GO:0061013	regulation of mRNA catabolic process	1/137	184/17474	0.005434782608695652	0.6931926372580134	-0.3719069033974647	0.7668219409300278	0.8345189020073175	0.821001103718838	Zfp36l2	1
GO:0097696	cell surface receptor signaling pathway via STAT	1/137	184/17474	0.005434782608695652	0.6931926372580134	-0.3719069033974647	0.7668219409300278	0.8345189020073175	0.821001103718838	Prl	1
GO:1903169	regulation of calcium ion transmembrane transport	1/137	184/17474	0.005434782608695652	0.6931926372580134	-0.3719069033974647	0.7668219409300278	0.8345189020073175	0.821001103718838	Snca	1
GO:0008154	actin polymerization or depolymerization	1/137	185/17474	0.005405405405405406	0.6894456500295917	-0.37748142976196747	0.7686695634917736	0.8360822952632446	0.8225391726416333	Dbn1	1
GO:0097553	calcium ion transmembrane import into cytosol	1/137	186/17474	0.005376344086021506	0.6857389529864218	-0.38302903445725106	0.7705026521493956	0.8371807662777087	0.823619850278903	Snca	1
GO:2001242	regulation of intrinsic apoptotic signaling pathway	1/137	186/17474	0.005376344086021506	0.6857389529864218	-0.38302903445725106	0.7705026521493956	0.8371807662777087	0.823619850278903	Plekhf1	1
GO:0051090	regulation of DNA-binding transcription factor activity	2/137	356/17474	0.0056179775280898875	0.7165586812105306	-0.48030675593334504	0.7717518699978643	0.8373675723275229	0.8238036303858723	Zic3/Foxj1	2
GO:0016052	carbohydrate catabolic process	1/137	187/17474	0.0053475935828877	0.6820718997618954	-0.3885500325359573	0.7723213203964764	0.8373675723275229	0.8238036303858723	Chia1	1
GO:0022898	regulation of transmembrane transporter activity	1/137	187/17474	0.0053475935828877	0.6820718997618954	-0.3885500325359573	0.7723213203964764	0.8373675723275229	0.8238036303858723	Snca	1
GO:0051495	positive regulation of cytoskeleton organization	1/137	187/17474	0.0053475935828877	0.6820718997618954	-0.3885500325359573	0.7723213203964764	0.8373675723275229	0.8238036303858723	Itgb1bp1	1
GO:0008286	insulin receptor signaling pathway	1/137	188/17474	0.005319148936170213	0.6784438577418853	-0.3940447335487618	0.7741256808468543	0.8388767367301553	0.8252883488713064	Cav2	1
GO:0044282	small molecule catabolic process	2/137	359/17474	0.005571030640668524	0.7105707256572393	-0.4925590191305632	0.7757664928165571	0.839474909160102	0.8258768319170698	Hgd/Tdo2	2
GO:0030308	negative regulation of cell growth	1/137	189/17474	0.005291005291005291	0.6748542077009231	-0.39951344167061187	0.7759158452413922	0.839474909160102	0.8258768319170698	Dcstamp	1
GO:0045807	positive regulation of endocytosis	1/137	189/17474	0.005291005291005291	0.6748542077009231	-0.39951344167061187	0.7759158452413922	0.839474909160102	0.8258768319170698	Snca	1
GO:0001890	placenta development	1/137	190/17474	0.005263157894736842	0.6713023434498656	-0.40495645582339823	0.7776919244546943	0.8396100713061827	0.8260098046644172	Lhx3	1
GO:0002753	cytoplasmic pattern recognition receptor signaling pathway	1/137	190/17474	0.005263157894736842	0.6713023434498656	-0.40495645582339823	0.7776919244546943	0.8396100713061827	0.8260098046644172	Cd300ld3	1
GO:0035051	cardiocyte differentiation	1/137	190/17474	0.005263157894736842	0.6713023434498656	-0.40495645582339823	0.7776919244546943	0.8396100713061827	0.8260098046644172	Fzd7	1
GO:0099175	regulation of postsynapse organization	1/137	190/17474	0.005263157894736842	0.6713023434498656	-0.40495645582339823	0.7776919244546943	0.8396100713061827	0.8260098046644172	Dbn1	1
GO:0009267	cellular response to starvation	1/137	192/17474	0.005208333333333333	0.664309610705596	-0.4157665723560537	0.7812022665446625	0.8425055196987505	0.8288583516779614	Dsc2	1
GO:1901292	nucleoside phosphate catabolic process	1/137	192/17474	0.005208333333333333	0.664309610705596	-0.4157665723560537	0.7812022665446625	0.8425055196987505	0.8288583516779614	Dpys	1
GO:0003205	cardiac chamber development	1/137	194/17474	0.005154639175257732	0.6574610580179095	-0.42647737390868273	0.7846575770404594	0.8444410114816372	0.8307624917593501	Heg1	1
GO:0019362	pyridine nucleotide metabolic process	1/137	194/17474	0.005154639175257732	0.6574610580179095	-0.42647737390868273	0.7846575770404594	0.8444410114816372	0.8307624917593501	Nmrk1	1
GO:0046496	nicotinamide nucleotide metabolic process	1/137	194/17474	0.005154639175257732	0.6574610580179095	-0.42647737390868273	0.7846575770404594	0.8444410114816372	0.8307624917593501	Nmrk1	1
GO:0046631	alpha-beta T cell activation	1/137	194/17474	0.005154639175257732	0.6574610580179095	-0.42647737390868273	0.7846575770404594	0.8444410114816372	0.8307624917593501	Cd83	1
GO:0007204	positive regulation of cytosolic calcium ion concentration	1/137	195/17474	0.005128205128205128	0.6540894628485869	-0.4317962263494202	0.7863648636113769	0.8453837910071569	0.8316899998471278	Cxcl2	1
GO:0030902	hindbrain development	1/137	195/17474	0.005128205128205128	0.6540894628485869	-0.4317962263494202	0.7863648636113769	0.8453837910071569	0.8316899998471278	Sez6	1
GO:0006643	membrane lipid metabolic process	1/137	196/17474	0.00510204081632653	0.6507522717116043	-0.4370910744873796	0.7880587124270053	0.8467572219104749	0.8330411834869391	Cerkl	1
GO:0032409	regulation of transporter activity	1/137	197/17474	0.005076142131979695	0.6474489606876875	-0.4423621836320806	0.7897392284819595	0.8472202482765325	0.8334967096070426	Snca	1
GO:0046887	positive regulation of hormone secretion	1/137	197/17474	0.005076142131979695	0.6474489606876875	-0.4423621836320806	0.7897392284819595	0.8472202482765325	0.8334967096070426	Edn2	1
GO:0071248	cellular response to metal ion	1/137	197/17474	0.005076142131979695	0.6474489606876875	-0.4423621836320806	0.7897392284819595	0.8472202482765325	0.8334967096070426	Snca	1
GO:0009165	nucleotide biosynthetic process	1/137	198/17474	0.005050505050505051	0.6441790164417902	-0.4476098147063172	0.7914065159565193	0.8485613355063575	0.8348160734863042	Nmrk1	1
GO:0051650	establishment of vesicle localization	1/137	199/17474	0.005025125628140704	0.640941935957158	-0.4528342243415776	0.7930606782228979	0.8498869438911351	0.8361202092516937	Snca	1
GO:0060041	retina development in camera-type eye	1/137	200/17474	0.005	0.6377372262773723	-0.45803566497090603	0.7947018178514632	0.851197207746117	0.8374092490427824	Tgif1	1
GO:0060271	cilium assembly	2/137	375/17474	0.005333333333333333	0.6802530413625304	-0.556408489130256	0.7961583050341211	0.8523084170733697	0.8385024586536645	Ift57/Foxj1	2
GO:0009100	glycoprotein metabolic process	2/137	376/17474	0.005319148936170213	0.6784438577418853	-0.5603187083655996	0.7973771565122991	0.8528749426252952	0.8390598074474388	Alg8/Fbxo2	2
GO:0055002	striated muscle cell development	1/137	202/17474	0.0049504950495049506	0.6314229963142299	-0.4683706284916284	0.7979454355043936	0.8528749426252952	0.8390598074474388	Cav2	1
GO:0071383	cellular response to steroid hormone stimulus	1/137	202/17474	0.0049504950495049506	0.6314229963142299	-0.4683706284916284	0.7979454355043936	0.8528749426252952	0.8390598074474388	Zfp36l2	1
GO:0050806	positive regulation of synaptic transmission	1/137	204/17474	0.004901960784313725	0.6252325747817375	-0.4786166441391664	0.8011381736747747	0.8553884751992082	0.8415326250342571	Snca	1
GO:0072524	pyridine-containing compound metabolic process	1/137	204/17474	0.004901960784313725	0.6252325747817375	-0.4786166441391664	0.8011381736747747	0.8553884751992082	0.8415326250342571	Nmrk1	1
GO:0031334	positive regulation of protein-containing complex assembly	1/137	205/17474	0.004878048780487805	0.6221826597828022	-0.4837068854835664	0.8027157110347374	0.8559804183336728	0.8421149796886154	Snca	1
GO:0071674	mononuclear cell migration	1/137	205/17474	0.004878048780487805	0.6221826597828022	-0.4837068854835664	0.8027157110347374	0.8559804183336728	0.8421149796886154	Edn2	1
GO:0032535	regulation of cellular component size	2/137	381/17474	0.005249343832020997	0.6695403950418607	-0.5797339958349697	0.8033759186818983	0.8559804183336728	0.8421149796886154	Islr2/Dbn1	2
GO:0046486	glycerolipid metabolic process	2/137	381/17474	0.005249343832020997	0.6695403950418607	-0.5797339958349697	0.8033759186818983	0.8559804183336728	0.8421149796886154	Dagla/Scd1	2
GO:0071375	cellular response to peptide hormone stimulus	2/137	384/17474	0.005208333333333333	0.664309610705596	-0.5912763876315735	0.806899662793533	0.8588351198964135	0.8449234399022315	Cav2/Nr4a2	2
GO:1903532	positive regulation of secretion by cell	2/137	384/17474	0.005208333333333333	0.664309610705596	-0.5912763876315735	0.806899662793533	0.8588351198964135	0.8449234399022315	Edn2/Snca	2
GO:0050905	neuromuscular process	1/137	209/17474	0.004784688995215311	0.610274857681696	-0.5038547109235336	0.808902590869514	0.8600668425659129	0.8461352107425351	Dbn1	1
GO:0098739	import across plasma membrane	1/137	209/17474	0.004784688995215311	0.610274857681696	-0.5038547109235336	0.808902590869514	0.8600668425659129	0.8461352107425351	Slc6a6	1
GO:0007565	female pregnancy	1/137	210/17474	0.004761904761904762	0.6073687869308307	-0.5088394833149524	0.8104189734383456	0.8610282673949514	0.8470810621113712	Prl	1
GO:0006887	exocytosis	2/137	388/17474	0.005154639175257732	0.6574610580179095	-0.606544489085427	0.8115112641308749	0.8610282673949514	0.8470810621113712	Exoc3l/Snca	2
GO:0048736	appendage development	1/137	211/17474	0.004739336492890996	0.6044902618742866	-0.5138038105936056	0.8119234104540398	0.8610282673949514	0.8470810621113712	Zic3	1
GO:0050777	negative regulation of immune response	1/137	211/17474	0.004739336492890996	0.6044902618742866	-0.5138038105936056	0.8119234104540398	0.8610282673949514	0.8470810621113712	Foxj1	1
GO:0060173	limb development	1/137	211/17474	0.004739336492890996	0.6044902618742866	-0.5138038105936056	0.8119234104540398	0.8610282673949514	0.8470810621113712	Zic3	1
GO:0042886	amide transport	2/137	389/17474	0.005141388174807198	0.6557709267633647	-0.6103400994918168	0.8126488416799664	0.8613484856576611	0.847396093378468	Exoc3l/Pou3f3	2
GO:0045017	glycerolipid biosynthetic process	1/137	212/17474	0.0047169811320754715	0.6016388927145021	-0.518747901225605	0.8134159953331339	0.8616497709205957	0.8476924983284441	Dagla	1
GO:0008544	epidermis development	2/137	390/17474	0.005128205128205128	0.6540894628485869	-0.6141272401240806	0.8137803392027848	0.8616497709205957	0.8476924983284441	Fgf20/Ptgs1	2
GO:0006959	humoral immune response	1/137	213/17474	0.004694835680751174	0.5988142969740585	-0.5236719604862352	0.8148968207669978	0.8619440244556511	0.8479819854526692	Foxj1	1
GO:0045089	positive regulation of innate immune response	2/137	391/17474	0.005115089514066497	0.652416599772248	-0.6179059583813071	0.814905781233145	0.8619440244556511	0.8479819854526692	Cd300ld3/Hmgb2	2
GO:0042060	wound healing	2/137	393/17474	0.005089058524173028	0.6490964135138649	-0.6254383153919263	0.8171385969102773	0.8638565000600333	0.8498634821788146	Fgf1/Fzd7	2
GO:0002262	myeloid cell homeostasis	1/137	215/17474	0.004651162790697674	0.5932439314208113	-0.5334607904250206	0.8178235604721718	0.8641314919482583	0.8501340196623915	Hmgb2	1
GO:0016051	carbohydrate biosynthetic process	1/137	216/17474	0.004629629629629629	0.5904974317383076	-0.5383259562709917	0.8192696565504679	0.8647610178638566	0.8507533483202357	Snca	1
GO:0045333	cellular respiration	1/137	216/17474	0.004629629629629629	0.5904974317383076	-0.5383259562709917	0.8192696565504679	0.8647610178638566	0.8507533483202357	Snca	1
GO:0042063	gliogenesis	2/137	398/17474	0.005025125628140704	0.640941935957158	-0.6441250591541833	0.8226163804714639	0.8678432146675091	0.8537856187356698	Nrros/Dhh	2
GO:0031099	regeneration	1/137	219/17474	0.0045662100456621	0.5824084258240843	-0.5528067665137691	0.8235399257653294	0.8683671378987454	0.8543010552944755	Fzd7	1
GO:0006486	protein glycosylation	1/137	221/17474	0.004524886877828055	0.5771377613369886	-0.5623669348015833	0.8263309722554614	0.8695070861705164	0.8554225383274605	Alg8	1
GO:0017157	regulation of exocytosis	1/137	221/17474	0.004524886877828055	0.5771377613369886	-0.5623669348015833	0.8263309722554614	0.8695070861705164	0.8554225383274605	Snca	1
GO:0043413	macromolecule glycosylation	1/137	221/17474	0.004524886877828055	0.5771377613369886	-0.5623669348015833	0.8263309722554614	0.8695070861705164	0.8554225383274605	Alg8	1
GO:0051648	vesicle localization	1/137	221/17474	0.004524886877828055	0.5771377613369886	-0.5623669348015833	0.8263309722554614	0.8695070861705164	0.8554225383274605	Snca	1
GO:0031032	actomyosin structure organization	1/137	224/17474	0.004464285714285714	0.5694082377476538	-0.5765702421379939	0.8304355775628407	0.8729229792055907	0.8587830996583491	Itgb1bp1	1
GO:0045216	cell-cell junction organization	1/137	224/17474	0.004464285714285714	0.5694082377476538	-0.5765702421379939	0.8304355775628407	0.8729229792055907	0.8587830996583491	Heg1	1
GO:0009566	fertilization	1/137	225/17474	0.0044444444444444444	0.5668775344687754	-0.5812688582348197	0.8317822631207473	0.873886943795248	0.8597314496479669	Spam1	1
GO:0032102	negative regulation of response to external stimulus	2/137	409/17474	0.004889975550122249	0.6237038887798262	-0.6845344120523982	0.8341561423175561	0.8757785439983662	0.8615924091191297	Dbn1/Cd276	2
GO:0051606	detection of stimulus	1/137	227/17474	0.004405286343612335	0.5618830187465835	-0.5906133793558164	0.8344438634556706	0.8757785439983662	0.8615924091191297	Ttr	1
GO:0006006	glucose metabolic process	1/137	228/17474	0.0043859649122807015	0.5594186195415546	-0.5952596153930271	0.8357589438004593	0.8767063907633492	0.8625052263318983	Tff3	1
GO:0051216	cartilage development	1/137	230/17474	0.004347826086956522	0.5545541098064106	-0.6045008484150144	0.8383580739512488	0.8789795476375465	0.864741561899796	Col9a1	1
GO:0042594	response to starvation	1/137	231/17474	0.004329004329004329	0.5521534426643916	-0.6090961625652349	0.8396422854954777	0.8794193659617928	0.8651742559092108	Dsc2	1
GO:0045930	negative regulation of mitotic cell cycle	1/137	231/17474	0.004329004329004329	0.5521534426643916	-0.6090961625652349	0.8396422854954777	0.8794193659617928	0.8651742559092108	Zfp36l2	1
GO:0007160	cell-matrix adhesion	1/137	232/17474	0.004310344827586207	0.5497734709287692	-0.6136748162215312	0.8409163681311629	0.8798476814705686	0.8655956334293593	Itgb1bp1	1
GO:0010976	positive regulation of neuron projection development	1/137	232/17474	0.004310344827586207	0.5497734709287692	-0.6136748162215312	0.8409163681311629	0.8798476814705686	0.8655956334293593	Dbn1	1
GO:0050730	regulation of peptidyl-tyrosine phosphorylation	1/137	233/17474	0.004291845493562232	0.5474139281350835	-0.6182369624825375	0.8421804011648034	0.880717190729671	0.8664510581054208	Cav2	1
GO:0002685	regulation of leukocyte migration	1/137	236/17474	0.00423728813559322	0.5404552765062477	-0.6318258562945389	0.8459129865011855	0.8837759195930543	0.8694602407216252	Edn2	1
GO:0002833	positive regulation of response to biotic stimulus	2/137	421/17474	0.004750593824228029	0.6059261057267196	-0.7275709742584142	0.8459742947137054	0.8837759195930543	0.8694602407216252	Cd300ld3/Hmgb2	2
GO:0044703	multi-organism reproductive process	1/137	238/17474	0.004201680672268907	0.5359136355272035	-0.6408052949777922	0.8483525551482123	0.8857000579091091	0.8713532112431903	Prl	1
GO:0019058	viral life cycle	1/137	239/17474	0.0041841004184100415	0.5336713190605625	-0.6452714958217834	0.849557921819406	0.8857000579091091	0.8713532112431903	Cav2	1
GO:0034764	positive regulation of transmembrane transport	1/137	239/17474	0.0041841004184100415	0.5336713190605625	-0.6452714958217834	0.849557921819406	0.8857000579091091	0.8713532112431903	Snca	1
GO:0043270	positive regulation of monoatomic ion transport	1/137	239/17474	0.0041841004184100415	0.5336713190605625	-0.6452714958217834	0.849557921819406	0.8857000579091091	0.8713532112431903	Snca	1
GO:0044706	multi-multicellular organism process	1/137	242/17474	0.004132231404958678	0.5270555589069192	-0.6585776872934076	0.8531172505706214	0.8884999936818453	0.8741077927802039	Prl	1
GO:0045926	negative regulation of growth	1/137	242/17474	0.004132231404958678	0.5270555589069192	-0.6585776872934076	0.8531172505706214	0.8884999936818453	0.8741077927802039	Dcstamp	1
GO:0043122	regulation of canonical NF-kappaB signal transduction	1/137	244/17474	0.004098360655737705	0.5227354313748953	-0.6673728213497173	0.8554435648699673	0.8904668428585022	0.8760427823184872	Prl	1
GO:0001906	cell killing	1/137	246/17474	0.0040650406504065045	0.518485549819002	-0.6761086530679281	0.8577332999368941	0.8919373885846843	0.8774895076848755	Gzmn	1
GO:1903828	negative regulation of protein localization	1/137	246/17474	0.0040650406504065045	0.518485549819002	-0.6761086530679281	0.8577332999368941	0.8919373885846843	0.8774895076848755	Itgb1bp1	1
GO:0006402	mRNA catabolic process	1/137	247/17474	0.004048582995951417	0.5163864180383582	-0.6804546503040249	0.8588646290469849	0.8926574631995745	0.8781979183058486	Zfp36l2	1
GO:0007281	germ cell development	2/137	437/17474	0.004576659038901602	0.5837411682172744	-0.7833659045883927	0.8605504288708938	0.8939527948536251	0.8794722677724688	Hmgb2/Dhh	2
GO:0043254	regulation of protein-containing complex assembly	2/137	438/17474	0.0045662100456621	0.5824084258240843	-0.7867957661032705	0.861418536217221	0.8943978063633627	0.8799100708465314	Dbn1/Snca	2
GO:0043161	proteasome-mediated ubiquitin-dependent protein catabolic process	2/137	439/17474	0.004555808656036446	0.5810817551502252	-0.7902190841901893	0.8622817351114189	0.8948372700084826	0.8803424159220232	Ercc8/Fbxo2	2
GO:1901988	negative regulation of cell cycle phase transition	1/137	252/17474	0.003968253968253968	0.5061406557756922	-0.7019704018797918	0.8643886957647596	0.8965663473664055	0.8820434851438891	Zfp36l2	1
GO:0046434	organophosphate catabolic process	1/137	253/17474	0.003952569169960474	0.5041400998240096	-0.7062315468781155	0.8654674757369015	0.8972277500758704	0.8826941742453189	Dpys	1
GO:0030162	regulation of proteolysis	2/137	444/17474	0.0045045045045045045	0.5745380416913264	-0.80723864221498	0.8665249015915504	0.897866352438723	0.8833224323272849	Serpinb8/Serpinb1b	2
GO:0007018	microtubule-based movement	2/137	445/17474	0.0044943820224719105	0.5732469449684245	-0.8106233678655318	0.8673591282802566	0.8982731501639725	0.8837226406156972	Lca5l/Ift57	2
GO:0000280	nuclear division	2/137	446/17474	0.004484304932735426	0.5719616379169258	-0.8140017706346717	0.8681886055031546	0.8986746176047921	0.8841176049612947	Cav2/Reep4	2
GO:0007188	adenylate cyclase-modulating G protein-coupled receptor signaling pathway	1/137	256/17474	0.00390625	0.4982322080291971	-0.7189330670056413	0.8686529653764343	0.8986979306081726	0.884140540333352	Oprl1	1
GO:0045055	regulated exocytosis	1/137	257/17474	0.0038910505836575876	0.49629356130534813	-0.7231399780035873	0.8696980660700936	0.8990046435674707	0.8844422850601676	Snca	1
GO:0006816	calcium ion transport	2/137	448/17474	0.004464285714285714	0.5694082377476538	-0.820739729677445	0.8698334014458124	0.8990046435674707	0.8844422850601676	Snca/Cacna2d2	2
GO:0007015	actin filament organization	2/137	451/17474	0.004434589800443459	0.5656205998025474	-0.8308000042798276	0.87226553468295	0.901060486310371	0.8864648266190628	Dbn1/Itgb1bp1	2
GO:0000209	protein polyubiquitination	1/137	261/17474	0.0038314176245210726	0.48868752971446144	-0.7398359003153637	0.8737965594075692	0.9021838587994903	0.8875700023691098	Ercc8	1
GO:0006260	DNA replication	1/137	263/17474	0.0038022813688212928	0.48497127473564433	-0.7481063162250567	0.8757975544360106	0.9033327716647289	0.8887003047842725	Brpf3	1
GO:0042445	hormone metabolic process	1/137	263/17474	0.0038022813688212928	0.48497127473564433	-0.7481063162250567	0.8757975544360106	0.9033327716647289	0.8887003047842725	Rdh5	1
GO:0019318	hexose metabolic process	1/137	265/17474	0.0037735849056603774	0.48131111417160166	-0.7563261377960118	0.8777670509928931	0.9044469005671452	0.889796386678126	Tff3	1
GO:0040029	epigenetic regulation of gene expression	1/137	265/17474	0.0037735849056603774	0.48131111417160166	-0.7563261377960118	0.8777670509928931	0.9044469005671452	0.889796386678126	Pcgf5	1
GO:0001667	ameboidal-type cell migration	1/137	268/17474	0.0037313432835820895	0.4759233031920688	-0.7685627546917546	0.8806633108807902	0.906971733838748	0.8922803219103969	Itgb1bp1	1
GO:0090150	establishment of protein localization to membrane	1/137	269/17474	0.0037174721189591076	0.47415407158168943	-0.7726171863861153	0.8816135100211673	0.9074908296472948	0.8927910092426161	Itgb1bp1	1
GO:0032886	regulation of microtubule-based process	1/137	270/17474	0.003703703703703704	0.47239794539064617	-0.7766595569665201	0.8825561981424752	0.9080016727474934	0.8932935775464395	Snca	1
GO:0009117	nucleotide metabolic process	2/137	469/17474	0.0042643923240938165	0.5439123465052215	-0.8900275837392759	0.8860066987726365	0.911090811579142	0.896332677540728	Dpys/Nmrk1	2
GO:0002221	pattern recognition receptor signaling pathway	1/137	275/17474	0.0036363636363636364	0.4638088918380889	-0.7966937382424559	0.8871590203360225	0.9118147788597623	0.8970449177728139	Cd300ld3	1
GO:0031348	negative regulation of defense response	1/137	277/17474	0.0036101083032490976	0.46046009117499803	-0.8046261828055503	0.888949599937485	0.9127327038227382	0.8979479739000288	Cd276	1
GO:0051924	regulation of calcium ion transport	1/137	277/17474	0.0036101083032490976	0.46046009117499803	-0.8046261828055503	0.888949599937485	0.9127327038227382	0.8979479739000288	Snca	1
GO:0032869	cellular response to insulin stimulus	1/137	278/17474	0.0035971223021582736	0.45880375991177863	-0.8085753508780188	0.8898342835921087	0.9131800871979561	0.8983881104193524	Cav2	1
GO:0045088	regulation of innate immune response	2/137	477/17474	0.0041928721174004195	0.5347901268573352	-0.9157544187727393	0.8916668980689708	0.9145993296380669	0.8997843635263495	Cd300ld3/Hmgb2	2
GO:0002758	innate immune response-activating signaling pathway	1/137	285/17474	0.0035087719298245615	0.4475348956332437	-0.8359090425943092	0.8958342052164272	0.917947996680208	0.9030787878119731	Cd300ld3	1
GO:0048193	Golgi vesicle transport	1/137	285/17474	0.0035087719298245615	0.4475348956332437	-0.8359090425943092	0.8958342052164272	0.917947996680208	0.9030787878119731	Cog5	1
GO:0051656	establishment of organelle localization	2/137	484/17474	0.004132231404958678	0.5270555589069192	-0.9379791053554791	0.8964060233831689	0.9180714257610099	0.9032002175499041	Spry2/Snca	2
GO:0005996	monosaccharide metabolic process	1/137	287/17474	0.003484320557491289	0.44441618555914447	-0.8436213118048077	0.8974880833238562	0.9182549102015712	0.9033807298520865	Tff3	1
GO:0018108	peptidyl-tyrosine phosphorylation	1/137	287/17474	0.003484320557491289	0.44441618555914447	-0.8436213118048077	0.8974880833238562	0.9182549102015712	0.9033807298520865	Cav2	1
GO:0002757	immune response-activating signaling pathway	2/137	487/17474	0.004106776180698152	0.5238088100840841	-0.9474243465105675	0.898377893139454	0.9187031848394416	0.9038217431971115	Cd300ld3/Cd276	2
GO:0002429	immune response-activating cell surface receptor signaling pathway	1/137	290/17474	0.0034482758620689655	0.43981877674301534	-0.8551109385958786	0.8999201459026498	0.9193558898874885	0.9044638755245643	Cd276	1
GO:0032386	regulation of intracellular transport	1/137	290/17474	0.0034482758620689655	0.43981877674301534	-0.8551109385958786	0.8999201459026498	0.9193558898874885	0.9044638755245643	Dbn1	1
GO:0018212	peptidyl-tyrosine modification	1/137	291/17474	0.003436426116838488	0.4383073720119397	-0.8589201095908389	0.9007180358008888	0.9197090787244016	0.9048113432981874	Cav2	1
GO:0019221	cytokine-mediated signaling pathway	2/137	494/17474	0.004048582995951417	0.5163864180383582	-0.969282045545831	0.9028447741120653	0.9207280911955934	0.9058138494865307	Edn2/Prl	2
GO:0006401	RNA catabolic process	1/137	294/17474	0.003401360544217687	0.43383484780773623	-0.8702865419260113	0.9030740127508402	0.9207280911955934	0.9058138494865307	Zfp36l2	1
GO:0010948	negative regulation of cell cycle process	1/137	294/17474	0.003401360544217687	0.43383484780773623	-0.8702865419260113	0.9030740127508402	0.9207280911955934	0.9058138494865307	Zfp36l2	1
GO:0007346	regulation of mitotic cell cycle	2/137	499/17474	0.004008016032064128	0.5112122054327632	-0.9847427259244068	0.9059233467812351	0.9229177658462161	0.9079680551020322	Cav2/Zfp36l2	2
GO:1903311	regulation of mRNA metabolic process	1/137	298/17474	0.003355704697986577	0.4280115612599814	-0.8853019371532425	0.9061291929178434	0.9229177658462161	0.9079680551020322	Zfp36l2	1
GO:0002768	immune response-regulating cell surface receptor signaling pathway	1/137	307/17474	0.003257328990228013	0.4154639910601774	-0.9185235625886452	0.9126582530743895	0.9291025459225768	0.9140526521755516	Cd276	1
GO:0016236	macroautophagy	1/137	311/17474	0.003215434083601286	0.4101204027507217	-0.9330480633146802	0.9154133907662294	0.9314411389787447	0.9163533639696702	Arhgap26	1
GO:0009101	glycoprotein biosynthetic process	1/137	314/17474	0.0031847133757961785	0.4062020549537403	-0.9438476960172241	0.9174229650448897	0.9330191554506527	0.9179058192370186	Alg8	1
GO:0002218	activation of innate immune response	1/137	315/17474	0.0031746031746031746	0.4049125246205538	-0.9474300321607608	0.9180822339137038	0.9332230203800468	0.9181063818984987	Cd300ld3	1
GO:0016032	viral process	1/137	317/17474	0.0031545741324921135	0.40235787146837365	-0.954568737079214	0.9193851369264257	0.9336142628598851	0.9184912869102321	Cav2	1
GO:0030072	peptide hormone secretion	1/137	317/17474	0.0031545741324921135	0.40235787146837365	-0.954568737079214	0.9193851369264257	0.9336142628598851	0.9184912869102321	Exoc3l	1
GO:0015980	energy derivation by oxidation of organic compounds	1/137	320/17474	0.003125	0.3985857664233577	-0.9652127186589579	0.9213010165230259	0.9346265673854537	0.9194871938103543	Snca	1
GO:0061448	connective tissue development	1/137	320/17474	0.003125	0.3985857664233577	-0.9652127186589579	0.9213010165230259	0.9346265673854537	0.9194871938103543	Col9a1	1
GO:0141188	nucleic acid catabolic process	1/137	322/17474	0.003105590062111801	0.39611007843315044	-0.9722666316020819	0.9225530881535092	0.9354302000519631	0.9202778089834817	Zfp36l2	1
GO:1904062	regulation of monoatomic cation transmembrane transport	1/137	324/17474	0.0030864197530864196	0.39366495449220507	-0.9792873873104402	0.9237853828913185	0.9362129889391838	0.9210479180113793	Snca	1
GO:0002790	peptide secretion	1/137	325/17474	0.003076923076923077	0.3924536777091522	-0.9827854631910391	0.9243942110279884	0.9363634587803428	0.9211959504949706	Exoc3l	1
GO:0097193	intrinsic apoptotic signaling pathway	1/137	326/17474	0.003067484662576687	0.39124983207200753	-0.9862754071221912	0.9249982108582505	0.9365088904358794	0.9213390264030463	Plekhf1	1
GO:0034504	protein localization to nucleus	1/137	329/17474	0.00303951367781155	0.38768220442393453	-0.99669695867908	0.926781619142732	0.9373813094660951	0.9221973137168382	Cav2	1
GO:1901990	regulation of mitotic cell cycle phase transition	1/137	329/17474	0.00303951367781155	0.38768220442393453	-0.99669695867908	0.926781619142732	0.9373813094660951	0.9221973137168382	Zfp36l2	1
GO:0016042	lipid catabolic process	1/137	333/17474	0.003003003003003003	0.3830253611275509	-1.0104815753271867	0.9290941729178199	0.9392532543314343	0.9240389362335334	Dagla	1
GO:0009259	ribonucleotide metabolic process	1/137	336/17474	0.002976190476190476	0.37960549183176917	-1.0207386548749802	0.9307808696086803	0.9404909531962522	0.9252565864648739	Dpys	1
GO:0006417	regulation of translation	1/137	339/17474	0.0029498525073746312	0.37624615119608984	-1.030927395498511	0.9324277293616583	0.9416871904278117	0.9264334466714642	Gzmn	1
GO:0032868	response to insulin	1/137	341/17474	0.002932551319648094	0.3740394289016846	-1.0376825357650834	0.9335039664285787	0.9423062370797664	0.9270424658120561	Cav2	1
GO:0031647	regulation of protein stability	1/137	346/17474	0.002890173410404624	0.3686342348424117	-1.0544422494532317	0.9361206872887015	0.944478907710922	0.9291799428445183	Snca	1
GO:0071214	cellular response to abiotic stimulus	1/137	348/17474	0.0028735632183908046	0.3665156472858461	-1.0610957906464378	0.9371385200249571	0.9445687560608338	0.9292683358027456	Nsmf	1
GO:0104004	cellular response to environmental stimulus	1/137	348/17474	0.0028735632183908046	0.3665156472858461	-1.0610957906464378	0.9371385200249571	0.9445687560608338	0.9292683358027456	Nsmf	1
GO:0015833	peptide transport	1/137	350/17474	0.002857142857142857	0.36442127215849845	-1.067721071031609	0.938140251440521	0.9451100898613273	0.9298009009089598	Exoc3l	1
GO:0034765	regulation of monoatomic ion transmembrane transport	1/137	355/17474	0.0028169014084507044	0.35928857818443505	-1.0841627813422094	0.9405757864539562	0.9470946285382906	0.9317532934074887	Snca	1
GO:0009895	negative regulation of catabolic process	1/137	356/17474	0.0028089887640449437	0.3582793406052653	-1.0874306168404102	0.9410513467820016	0.9471046211551665	0.9317631241608298	Snca	1
GO:0006644	phospholipid metabolic process	1/137	358/17474	0.002793296089385475	0.35627778004322475	-1.0939460946119115	0.9419911624655873	0.9475816144683504	0.9322323909870798	Snca	1
GO:1904951	positive regulation of establishment of protein localization	1/137	364/17474	0.0027472527472527475	0.3504050693831716	-1.1133337164613097	0.9447222860766515	0.9498591843202715	0.9344730680499075	Itgb1bp1	1
GO:0045786	negative regulation of cell cycle	1/137	374/17474	0.00267379679144385	0.3410359498809477	-1.1451345435805078	0.9489933421534646	0.9536820444368317	0.9382340042821594	Zfp36l2	1
GO:0010038	response to metal ion	1/137	376/17474	0.0026595744680851063	0.33922192887094266	-1.151420441641408	0.9498073915465961	0.9540287577312476	0.938575101406149	Snca	1
GO:0006163	purine nucleotide metabolic process	1/137	414/17474	0.0024154589371980675	0.30808561655911704	-1.266543362726938	0.9630402780943503	0.9668430037729066	0.951181778280958	Nmrk1	1
GO:0044772	mitotic cell cycle phase transition	1/137	427/17474	0.00234192037470726	0.2987059607856545	-1.3042088771380227	0.966719421163948	0.9700578700776864	0.9543445691754292	Zfp36l2	1
GO:0010959	regulation of metal ion transport	1/137	430/17474	0.002325581395348837	0.29662196571040567	-1.3127871411778602	0.967515424846056	0.9703778965171981	0.9546594117265402	Snca	1
GO:0071692	protein localization to extracellular region	1/137	434/17474	0.002304147465437788	0.2938881227084665	-1.324160515349178	0.9685474355630472	0.9704559034163733	0.954736155045555	Nrros	1
GO:1901987	regulation of cell cycle phase transition	1/137	434/17474	0.002304147465437788	0.2938881227084665	-1.324160515349178	0.9685474355630472	0.9704559034163733	0.954736155045555	Zfp36l2	1
GO:0072594	establishment of protein localization to organelle	1/137	438/17474	0.00228310502283105	0.2912042129120421	-1.335461629974631	0.9695468918169068	0.9709790142568137	0.9552507923729248	Asb15	1
GO:0006091	generation of precursor metabolites and energy	1/137	445/17474	0.0022471910112359553	0.28662347248421227	-1.3550686432655512	0.9712206549620896	0.9721765808035878	0.9564289603620661	Snca	1
GO:0009410	response to xenobiotic stimulus	1/137	483/17474	0.002070393374741201	0.26407338562210037	-1.4579937157964609	0.9788345006529836	0.9793159735996895	0.9634527070398021	Snca	1
GO:0034762	regulation of transmembrane transport	1/137	497/17474	0.002012072434607646	0.2566346987031679	-1.4945383128951033	0.9811032856717774	0.9811032856717774	0.9652110676717118	Snca	1
