gene_name	chr	is_neuronal	k119ub_predicted
0610040J01Rik	chr5	FALSE	FALSE
1110002E22Rik	chr3	FALSE	TRUE
1110032F04Rik	chr3	FALSE	TRUE
1110059E24Rik	chr19	FALSE	TRUE
1190005I06Rik	chr8	FALSE	FALSE
1500009L16Rik	chr10	FALSE	TRUE
1600014C10Rik	chr7	FALSE	TRUE
1600014C23Rik	chr17	FALSE	TRUE
1700001O22Rik	chr2	FALSE	TRUE
1700003F12Rik	chr2	FALSE	TRUE
1700009N14Rik	chr4	FALSE	TRUE
1700010I14Rik	chr17	FALSE	FALSE
1700011L22Rik	chr8	FALSE	TRUE
1700012A03Rik	chr6	FALSE	TRUE
1700013G24Rik	chr4	FALSE	FALSE
1700016H13Rik	chr5	FALSE	TRUE
1700017B05Rik	chr9	FALSE	FALSE
1700017N19Rik	chr10	FALSE	TRUE
1700018B08Rik	chr8	FALSE	FALSE
1700019A02Rik	chr1	FALSE	TRUE
1700019D03Rik	chr1	FALSE	TRUE
1700020L24Rik	chr11	FALSE	TRUE
1700020N01Rik	chr10	FALSE	TRUE
1700024G13Rik	chr14	FALSE	FALSE
1700025C18Rik	chr2	FALSE	FALSE
1700025G04Rik	chr1	FALSE	TRUE
1700029H14Rik	chr8	FALSE	FALSE
1700030J22Rik	chr8	FALSE	TRUE
1700031L13Rik	chr5	FALSE	TRUE
1700034E13Rik	chr18	FALSE	TRUE
1700056E22Rik	chr1	FALSE	TRUE
1700113H08Rik	chr10	FALSE	TRUE
1700129C05Rik	chr14	FALSE	TRUE
1810037I17Rik	chr3	FALSE	TRUE
1810062G17Rik	chr3	FALSE	TRUE
2010109A12Rik	chr5	FALSE	TRUE
2210016L21Rik	chr5	FALSE	FALSE
2310009B15Rik	chr1	FALSE	TRUE
2310011J03Rik	chr10	FALSE	FALSE
2310022B05Rik	chr8	FALSE	TRUE
2310057J18Rik	chr10	FALSE	TRUE
2410004P03Rik	chr12	FALSE	FALSE
2510009E07Rik	chr16	TRUE	TRUE
2610042L04Rik	chr14	TRUE	TRUE
2610318N02Rik	chr16	FALSE	TRUE
2700062C07Rik	chr18	FALSE	TRUE
2810459M11Rik	chr1	FALSE	FALSE
2900026A02Rik	chr5	FALSE	FALSE
3110082I17Rik	chr5	FALSE	TRUE
3110082J24Rik	chr5	FALSE	FALSE
3425401B19Rik	chr14	FALSE	TRUE
4921536K21Rik	chr11	FALSE	TRUE
4930432M17Rik	chr3	FALSE	TRUE
4930444P10Rik	chr1	FALSE	TRUE
4930447C04Rik	chr12	TRUE	FALSE
4930453N24Rik	chr16	FALSE	TRUE
4930469K13Rik	chr11	FALSE	TRUE
4930503L19Rik	chr18	FALSE	TRUE
4930505A04Rik	chr11	FALSE	TRUE
4930523C07Rik	chr1	FALSE	TRUE
4930544D05Rik	chr11	FALSE	FALSE
4930544G11Rik	chr6	FALSE	TRUE
4930558K02Rik	chr1	FALSE	TRUE
4930564D02Rik	chr3	FALSE	TRUE
4930578I06Rik	chr14	FALSE	TRUE
4930579F01Rik	chr3	FALSE	TRUE
4930583I09Rik	chr17	FALSE	TRUE
4930590J08Rik	chr6	FALSE	FALSE
4931429L15Rik	chr9	FALSE	TRUE
4932414N04Rik	chr2	FALSE	TRUE
4933402D24Rik	chr1	FALSE	TRUE
4933402J07Rik	chr8	FALSE	TRUE
4933407L21Rik	chr1	FALSE	TRUE
4933424G06Rik	chr1	FALSE	FALSE
4933427D14Rik	chr11	FALSE	TRUE
4933436I01Rik	chrX	FALSE	TRUE
5031439G07Rik	chr15	FALSE	FALSE
5530401A14Rik	chr11	FALSE	FALSE
5730522E02Rik	chr11	FALSE	TRUE
6430548M08Rik	chr8	FALSE	FALSE
6430571L13Rik	chr9	FALSE	TRUE
7530416G11Rik	chr15	FALSE	FALSE
8030474K03Rik	chrX	FALSE	FALSE
9130401M01Rik	chr15	FALSE	TRUE
9230112D13Rik	chr14	FALSE	TRUE
9330182O14Rik	chr15	FALSE	TRUE
9430038I01Rik	chr7	FALSE	TRUE
9930012K11Rik	chr14	FALSE	TRUE
A130010J15Rik	chr1	FALSE	TRUE
A1bg	chr15	FALSE	FALSE
A3galt2	chr4	FALSE	FALSE
A4galt	chr15	FALSE	FALSE
A530016L24Rik	chr12	FALSE	FALSE
A630023A22Rik	chr14	FALSE	TRUE
A630076J17Rik	chr3	FALSE	FALSE
A830018L16Rik	chr1	FALSE	TRUE
A930004D18Rik	chr2	FALSE	TRUE
A930007A09Rik	chr16	FALSE	TRUE
A930009A15Rik	chr10	FALSE	TRUE
A930018P22Rik	chr2	FALSE	TRUE
AA467197	chr2	FALSE	TRUE
AA986860	chr1	FALSE	FALSE
Aacs	chr5	FALSE	TRUE
Aadac	chr3	FALSE	TRUE
Aadat	chr8	FALSE	TRUE
Aak1	chr6	TRUE	TRUE
Aamp	chr1	FALSE	TRUE
Aanat	chr11	FALSE	FALSE
Aar2	chr2	FALSE	FALSE
Aard	chr15	FALSE	TRUE
Aars2	chr17	FALSE	TRUE
Aasdhppt	chr9	FALSE	TRUE
Aatk	chr11	TRUE	FALSE
Abat	chr16	TRUE	FALSE
Abca1	chr4	FALSE	TRUE
Abca13	chr11	TRUE	TRUE
Abca2	chr2	TRUE	FALSE
Abca3	chr17	FALSE	FALSE
Abca4	chr3	TRUE	TRUE
Abca7	chr10	TRUE	TRUE
Abcb1a	chr5	TRUE	TRUE
Abcb1b	chr5	TRUE	TRUE
Abcb4	chr5	FALSE	TRUE
Abcb6	chr1	TRUE	FALSE
Abcb8	chr5	FALSE	TRUE
Abcb9	chr5	FALSE	TRUE
Abcc1	chr16	TRUE	TRUE
Abcc12	chr8	FALSE	TRUE
Abcc3	chr11	FALSE	TRUE
Abcc4	chr14	FALSE	TRUE
Abcc8	chr7	TRUE	FALSE
Abcd1	chrX	TRUE	TRUE
Abcd2	chr15	TRUE	TRUE
Abcd3	chr3	FALSE	TRUE
Abcd4	chr12	FALSE	FALSE
Abcf2	chr5	FALSE	TRUE
Abcg1	chr17	FALSE	TRUE
Abcg2	chr6	FALSE	TRUE
Abcg8	chr17	FALSE	FALSE
Abhd10	chr16	FALSE	TRUE
Abhd11	chr5	FALSE	FALSE
Abhd12	chr2	FALSE	TRUE
Abhd12b	chr12	FALSE	TRUE
Abhd13	chr8	FALSE	TRUE
Abhd14b	chr9	FALSE	TRUE
Abhd15	chr11	FALSE	FALSE
Abhd16b	chr2	FALSE	TRUE
Abhd2	chr7	FALSE	TRUE
Abhd3	chr18	FALSE	TRUE
Abhd4	chr14	FALSE	TRUE
Abhd6	chr14	TRUE	TRUE
Abi3	chr11	TRUE	FALSE
Abi3bp	chr16	TRUE	FALSE
Abitram	chr4	TRUE	TRUE
Abl1	chr2	TRUE	TRUE
Ablim1	chr19	TRUE	TRUE
Ablim2	chr5	FALSE	FALSE
Ablim3	chr18	FALSE	TRUE
Abr	chr11	TRUE	FALSE
Abra	chr15	FALSE	TRUE
Abracl	chr10	FALSE	TRUE
Abt1	chr13	TRUE	TRUE
Abtb1	chr6	FALSE	TRUE
Abtb2	chr2	FALSE	TRUE
Acaa1a	chr9	FALSE	TRUE
Acaa1b	chr9	FALSE	FALSE
Acaa2	chr18	FALSE	TRUE
Acacb	chr5	FALSE	FALSE
Acadl	chr1	FALSE	TRUE
Acadm	chr3	FALSE	TRUE
Acan	chr7	TRUE	FALSE
Acap2	chr16	FALSE	TRUE
Acbd4	chr11	FALSE	FALSE
Accsl	chr2	FALSE	FALSE
Ace	chr11	TRUE	FALSE
Ace3	chr11	FALSE	FALSE
Acer2	chr4	FALSE	TRUE
Acer3	chr7	TRUE	TRUE
Ache	chr5	TRUE	TRUE
Ackr1	chr1	FALSE	FALSE
Ackr3	chr1	TRUE	TRUE
Acly	chr11	FALSE	FALSE
Acnat2	chr4	FALSE	TRUE
Aco1	chr4	FALSE	TRUE
Acot1	chr12	FALSE	TRUE
Acot11	chr4	FALSE	TRUE
Acot12	chr13	FALSE	TRUE
Acot2	chr12	FALSE	TRUE
Acot3	chr12	FALSE	TRUE
Acot5	chr12	FALSE	FALSE
Acot7	chr4	FALSE	TRUE
Acox2	chr14	FALSE	FALSE
Acox3	chr5	FALSE	FALSE
Acoxl	chr2	FALSE	TRUE
Acp6	chr3	FALSE	TRUE
Acsbg1	chr9	FALSE	FALSE
Acsf3	chr8	FALSE	FALSE
Acsl1	chr8	FALSE	TRUE
Acsl3	chr1	TRUE	TRUE
Acsl4	chrX	TRUE	TRUE
Acsl5	chr19	FALSE	TRUE
Acsl6	chr11	TRUE	TRUE
Acss2	chr2	TRUE	TRUE
Acss3	chr10	FALSE	FALSE
Acta1	chr8	FALSE	TRUE
Actbl2	chr13	TRUE	TRUE
Actc1	chr2	FALSE	FALSE
Actg1	chr11	TRUE	FALSE
Actl10	chr2	FALSE	TRUE
Actl11	chr9	FALSE	FALSE
Actl6a	chr3	TRUE	TRUE
Actl7b	chr4	FALSE	TRUE
Actn1	chr12	TRUE	TRUE
Actn2	chr13	TRUE	TRUE
Actr1a	chr19	FALSE	TRUE
Actr2	chr11	TRUE	TRUE
Actr3	chr1	TRUE	TRUE
Actr3b	chr5	FALSE	TRUE
Acvr1	chr2	FALSE	TRUE
Acvr1b	chr15	TRUE	TRUE
Acvr1c	chr2	TRUE	TRUE
Acvr2a	chr2	FALSE	TRUE
Acvr2b	chr9	FALSE	FALSE
Acvrl1	chr15	FALSE	FALSE
Acy3	chr19	FALSE	FALSE
Ada	chr2	FALSE	FALSE
Adal	chr2	FALSE	TRUE
Adam11	chr11	FALSE	FALSE
Adam12	chr7	FALSE	FALSE
Adam15	chr3	FALSE	FALSE
Adam19	chr11	FALSE	FALSE
Adam22	chr5	TRUE	TRUE
Adam23	chr1	FALSE	TRUE
Adam28	chr14	FALSE	TRUE
Adam30	chr3	FALSE	TRUE
Adam33	chr2	FALSE	FALSE
Adam34	chr8	FALSE	TRUE
Adam7	chr14	FALSE	TRUE
Adamts1	chr16	TRUE	TRUE
Adamts12	chr15	FALSE	TRUE
Adamts14	chr10	FALSE	FALSE
Adamts15	chr9	FALSE	FALSE
Adamts16	chr13	FALSE	TRUE
Adamts17	chr7	FALSE	FALSE
Adamts18	chr8	FALSE	TRUE
Adamts19	chr18	FALSE	FALSE
Adamts2	chr11	FALSE	FALSE
Adamts20	chr15	FALSE	TRUE
Adamts3	chr5	FALSE	TRUE
Adamts5	chr16	FALSE	TRUE
Adamts6	chr13	FALSE	TRUE
Adamts7	chr9	FALSE	FALSE
Adamts8	chr9	FALSE	FALSE
Adamts9	chr6	FALSE	FALSE
Adamtsl1	chr4	FALSE	TRUE
Adamtsl2	chr2	FALSE	FALSE
Adamtsl3	chr7	FALSE	FALSE
Adamtsl4	chr3	FALSE	FALSE
Adamtsl5	chr10	FALSE	FALSE
Adap1	chr5	FALSE	FALSE
Adap2	chr11	FALSE	FALSE
Adar	chr3	FALSE	FALSE
Adarb1	chr10	TRUE	TRUE
Adarb2	chr13	FALSE	FALSE
Adck1	chr12	FALSE	TRUE
Adck2	chr6	FALSE	TRUE
Adcy1	chr11	TRUE	TRUE
Adcy10	chr1	TRUE	TRUE
Adcy2	chr13	FALSE	TRUE
Adcy3	chr12	TRUE	TRUE
Adcy4	chr14	FALSE	FALSE
Adcy5	chr16	TRUE	FALSE
Adcy6	chr15	TRUE	FALSE
Adcy7	chr8	FALSE	FALSE
Adcy8	chr15	TRUE	TRUE
Adcy9	chr16	FALSE	FALSE
Adcyap1	chr17	TRUE	FALSE
Adcyap1r1	chr6	FALSE	TRUE
Add2	chr6	TRUE	FALSE
Add3	chr19	FALSE	TRUE
Adgb	chr10	FALSE	TRUE
Adgra1	chr7	FALSE	FALSE
Adgra2	chr8	TRUE	FALSE
Adgra3	chr5	FALSE	TRUE
Adgrb1	chr15	TRUE	FALSE
Adgrb2	chr4	TRUE	FALSE
Adgrb3	chr1	TRUE	TRUE
Adgrd1	chr5	TRUE	FALSE
Adgre5	chr8	TRUE	FALSE
Adgrf1	chr17	TRUE	FALSE
Adgrf5	chr17	FALSE	TRUE
Adgrg1	chr8	TRUE	TRUE
Adgrg3	chr8	FALSE	TRUE
Adgrg5	chr8	FALSE	FALSE
Adgrg6	chr10	TRUE	FALSE
Adgrl1	chr8	TRUE	TRUE
Adgrl2	chr3	TRUE	TRUE
Adgrl3	chr5	TRUE	TRUE
Adgrl4	chr3	TRUE	TRUE
Adgrv1	chr13	TRUE	TRUE
Adh5	chr3	FALSE	TRUE
Adk	chr14	FALSE	TRUE
Adm	chr7	TRUE	FALSE
Adnp2	chr18	TRUE	FALSE
Ado	chr10	FALSE	TRUE
Adora1	chr1	TRUE	FALSE
Adora2a	chr10	TRUE	FALSE
Adora2b	chr11	TRUE	FALSE
Adora3	chr3	TRUE	FALSE
Adpgk	chr9	FALSE	FALSE
Adprh	chr16	FALSE	TRUE
Adprhl1	chr8	FALSE	FALSE
Adra1a	chr14	TRUE	TRUE
Adra1b	chr11	TRUE	TRUE
Adra1d	chr2	TRUE	FALSE
Adra2a	chr19	TRUE	FALSE
Adra2b	chr2	TRUE	FALSE
Adra2c	chr5	TRUE	FALSE
Adrb1	chr19	TRUE	TRUE
Adrb2	chr18	TRUE	TRUE
Adrb3	chr8	FALSE	FALSE
Adtrp	chr13	FALSE	TRUE
Aebp1	chr11	FALSE	FALSE
Aebp2	chr6	FALSE	TRUE
Aen	chr7	FALSE	TRUE
Afap1	chr5	FALSE	FALSE
Afap1l1	chr18	FALSE	TRUE
Afap1l2	chr19	FALSE	TRUE
Aff1	chr5	FALSE	FALSE
Aff2	chrX	TRUE	TRUE
Aff3	chr1	FALSE	TRUE
Afg3l2	chr18	TRUE	TRUE
Aftph	chr11	FALSE	FALSE
Aga	chr8	FALSE	TRUE
Agap1	chr1	FALSE	TRUE
Agap2	chr10	TRUE	FALSE
Agap3	chr5	FALSE	TRUE
Agbl1	chr7	FALSE	TRUE
Agbl3	chr6	FALSE	TRUE
Agbl4	chr4	TRUE	FALSE
Agbl5	chr5	FALSE	TRUE
Agk	chr6	FALSE	TRUE
Agl	chr3	FALSE	TRUE
Ago2	chr15	TRUE	TRUE
Agpat2	chr2	FALSE	FALSE
Agpat3	chr10	FALSE	TRUE
Agpat4	chr17	FALSE	TRUE
Agpat5	chr8	FALSE	TRUE
Agr2	chr12	FALSE	FALSE
Agr3	chr12	FALSE	FALSE
Agrn	chr4	TRUE	FALSE
Agt	chr8	TRUE	TRUE
Agtpbp1	chr13	TRUE	FALSE
Agtr1a	chr13	TRUE	FALSE
Agtr1b	chr3	TRUE	TRUE
Agtrap	chr4	FALSE	TRUE
Agxt	chr1	FALSE	FALSE
Ahctf1	chr1	FALSE	FALSE
Ahcyl2	chr6	FALSE	FALSE
Ahdc1	chr4	FALSE	FALSE
Ahi1	chr10	TRUE	TRUE
Ahnak	chr19	FALSE	TRUE
Ahr	chr12	FALSE	TRUE
Ahrr	chr13	FALSE	TRUE
Ahsa2	chr11	FALSE	TRUE
AI429214	chr8	FALSE	TRUE
AI593442	chr9	FALSE	FALSE
AI597479	chr1	FALSE	TRUE
AI854703	chr6	FALSE	TRUE
Aif1l	chr2	FALSE	FALSE
Aifm3	chr16	FALSE	TRUE
Aig1	chr10	FALSE	TRUE
Aipl1	chr11	FALSE	TRUE
Aire	chr10	FALSE	FALSE
Ajap1	chr4	FALSE	FALSE
Ajm1	chr2	FALSE	FALSE
Ajuba	chr14	FALSE	FALSE
Ak1	chr2	FALSE	FALSE
Ak2	chr4	FALSE	FALSE
Ak4	chr4	FALSE	TRUE
Ak5	chr3	FALSE	TRUE
Ak8	chr2	TRUE	FALSE
Ak9	chr10	FALSE	TRUE
Akain1	chr17	FALSE	TRUE
Akap1	chr11	FALSE	TRUE
Akap11	chr14	FALSE	TRUE
Akap12	chr10	TRUE	TRUE
Akap13	chr7	FALSE	TRUE
Akap5	chr12	TRUE	FALSE
Akap6	chr12	FALSE	TRUE
Akap7	chr10	TRUE	TRUE
Akap9	chr5	FALSE	TRUE
Akirin2	chr4	TRUE	TRUE
Akna	chr4	TRUE	FALSE
Akp3	chr1	TRUE	TRUE
Akr1b10	chr6	FALSE	TRUE
Akr1b8	chr6	FALSE	TRUE
Akr1cl	chr1	FALSE	FALSE
Akr1d1	chr6	FALSE	TRUE
Akr1e1	chr13	FALSE	TRUE
Akr7a5	chr4	FALSE	FALSE
Akt1	chr12	TRUE	TRUE
Akt2	chr7	TRUE	TRUE
Akt3	chr1	TRUE	TRUE
Aktip	chr8	FALSE	TRUE
Alad	chr4	FALSE	TRUE
Alas1	chr9	FALSE	TRUE
Alcam	chr16	TRUE	TRUE
Aldh18a1	chr19	FALSE	FALSE
Aldh1a2	chr9	TRUE	FALSE
Aldh1a3	chr7	TRUE	FALSE
Aldh1b1	chr4	FALSE	FALSE
Aldh1l1	chr6	FALSE	FALSE
Aldh1l2	chr10	FALSE	TRUE
Aldh2	chr5	FALSE	FALSE
Aldh3a1	chr11	FALSE	FALSE
Aldh3b1	chr19	FALSE	TRUE
Aldh6a1	chr12	FALSE	TRUE
Aldh7a1	chr18	FALSE	TRUE
Aldh8a1	chr10	FALSE	FALSE
Aldoart1	chr4	FALSE	TRUE
Aldoart2	chr12	FALSE	TRUE
Aldob	chr4	FALSE	TRUE
Aldoc	chr11	FALSE	TRUE
Alg11	chr8	FALSE	TRUE
Alg12	chr15	FALSE	TRUE
Alg14	chr3	FALSE	TRUE
Alg2	chr4	FALSE	TRUE
Alg6	chr4	FALSE	TRUE
Alg8	chr7	FALSE	TRUE
Alk	chr17	TRUE	FALSE
Alkal1	chr1	TRUE	FALSE
Alkal2	chr12	TRUE	FALSE
Allc	chr12	FALSE	TRUE
Alox12	chr11	FALSE	FALSE
Alox12b	chr11	FALSE	FALSE
Alox12e	chr11	FALSE	FALSE
Alox15	chr11	FALSE	FALSE
Alox5	chr6	TRUE	FALSE
Alox5ap	chr5	FALSE	TRUE
Aloxe3	chr11	TRUE	TRUE
Alpi	chr1	FALSE	FALSE
Alpk1	chr3	FALSE	FALSE
Alpl	chr4	FALSE	FALSE
Alppl2	chr1	FALSE	TRUE
Als2	chr1	TRUE	TRUE
Als2cl	chr9	FALSE	FALSE
Alx1	chr10	TRUE	FALSE
Alx3	chr3	FALSE	FALSE
Alx4	chr2	FALSE	FALSE
Ambp	chr4	FALSE	FALSE
Ambra1	chr2	TRUE	FALSE
Amd1	chr10	FALSE	TRUE
Amdhd1	chr10	FALSE	TRUE
Amer1	chrX	FALSE	TRUE
Amer2	chr14	FALSE	TRUE
Amer3	chr1	FALSE	TRUE
Amfr	chr8	TRUE	TRUE
Amh	chr10	FALSE	FALSE
Amigo1	chr3	TRUE	TRUE
Ammecr1l	chr18	FALSE	TRUE
Amn	chr12	FALSE	FALSE
Amot	chrX	TRUE	TRUE
Amotl1	chr9	FALSE	TRUE
Amotl2	chr9	FALSE	FALSE
Ampd2	chr3	FALSE	TRUE
Ampd3	chr7	FALSE	TRUE
Amph	chr13	TRUE	FALSE
Amtn	chr5	FALSE	TRUE
Amz1	chr5	FALSE	FALSE
Amz2	chr11	FALSE	TRUE
Anapc13	chr9	FALSE	FALSE
Ang	chr14	TRUE	TRUE
Angel1	chr12	FALSE	TRUE
Angel2	chr1	FALSE	FALSE
Angpt1	chr15	TRUE	TRUE
Angpt2	chr8	FALSE	TRUE
Angpt4	chr2	FALSE	FALSE
Angptl2	chr2	FALSE	FALSE
Angptl7	chr4	FALSE	FALSE
Ank	chr15	FALSE	TRUE
Ank1	chr8	FALSE	TRUE
Ank2	chr3	FALSE	TRUE
Ank3	chr10	TRUE	FALSE
Ankdd1b	chr13	FALSE	TRUE
Ankef1	chr2	FALSE	TRUE
Ankhd1	chr18	FALSE	TRUE
Ankib1	chr5	FALSE	TRUE
Ankk1	chr9	FALSE	FALSE
Ankmy1	chr1	FALSE	TRUE
Ankmy2	chr12	FALSE	TRUE
Ankrd1	chr19	TRUE	TRUE
Ankrd10	chr8	FALSE	TRUE
Ankrd13b	chr11	FALSE	TRUE
Ankrd13d	chr19	FALSE	FALSE
Ankrd16	chr2	FALSE	TRUE
Ankrd2	chr19	FALSE	TRUE
Ankrd23	chr1	FALSE	TRUE
Ankrd27	chr7	TRUE	FALSE
Ankrd28	chr14	FALSE	TRUE
Ankrd29	chr18	FALSE	TRUE
Ankrd33	chr15	FALSE	FALSE
Ankrd33b	chr15	FALSE	FALSE
Ankrd34a	chr3	FALSE	TRUE
Ankrd34b	chr13	FALSE	TRUE
Ankrd34c	chr9	FALSE	FALSE
Ankrd35	chr3	FALSE	TRUE
Ankrd39	chr1	FALSE	TRUE
Ankrd40	chr11	FALSE	FALSE
Ankrd44	chr1	FALSE	TRUE
Ankrd45	chr1	FALSE	TRUE
Ankrd46	chr15	FALSE	FALSE
Ankrd50	chr3	FALSE	TRUE
Ankrd55	chr13	FALSE	TRUE
Ankrd6	chr4	FALSE	TRUE
Ankrd63	chr2	FALSE	FALSE
Ankrd7	chr6	FALSE	TRUE
Ankrd9	chr12	FALSE	FALSE
Anks1	chr17	TRUE	FALSE
Anks1b	chr10	TRUE	TRUE
Anks6	chr4	FALSE	FALSE
Ano1	chr7	TRUE	FALSE
Ano10	chr9	FALSE	FALSE
Ano2	chr6	FALSE	FALSE
Ano3	chr2	FALSE	TRUE
Ano4	chr10	FALSE	TRUE
Ano5	chr7	FALSE	TRUE
Ano6	chr15	TRUE	TRUE
Anp32b	chr4	TRUE	TRUE
Antxr2	chr5	FALSE	FALSE
Antxrl	chr14	FALSE	FALSE
Anxa11	chr14	FALSE	FALSE
Anxa2	chr9	TRUE	FALSE
Anxa4	chr6	FALSE	TRUE
Anxa5	chr3	FALSE	TRUE
Anxa6	chr11	FALSE	FALSE
Anxa7	chr14	TRUE	TRUE
Anxa8	chr14	FALSE	FALSE
Aoah	chr13	FALSE	TRUE
Aopep	chr13	FALSE	FALSE
Aox1	chr1	FALSE	TRUE
Aox2	chr1	FALSE	FALSE
Aox4	chr1	FALSE	TRUE
Ap1ar	chr3	FALSE	TRUE
Ap1b1	chr11	FALSE	FALSE
Ap1g2	chr14	FALSE	TRUE
Ap1s3	chr1	FALSE	TRUE
Ap2a1	chr7	TRUE	FALSE
Ap3b1	chr13	TRUE	TRUE
Ap3b2	chr7	TRUE	TRUE
Ap3d1	chr10	TRUE	FALSE
Ap3m2	chr8	TRUE	TRUE
Ap5b1	chr19	FALSE	FALSE
Ap5z1	chr5	TRUE	FALSE
Apaf1	chr10	TRUE	FALSE
Apba1	chr19	TRUE	TRUE
Apba2	chr7	TRUE	TRUE
Apbb1ip	chr2	FALSE	FALSE
Apbb2	chr5	TRUE	FALSE
Apc	chr18	TRUE	TRUE
Apcdd1	chr18	TRUE	TRUE
Apela	chr8	FALSE	TRUE
Aph1b	chr9	TRUE	TRUE
Aph1c	chr9	TRUE	TRUE
Api5	chr2	FALSE	TRUE
Apip	chr2	FALSE	TRUE
Apln	chrX	FALSE	TRUE
Aplnr	chr2	FALSE	TRUE
Aplp2	chr9	TRUE	TRUE
Apmap	chr2	FALSE	TRUE
Apob	chr12	TRUE	FALSE
Apoc3	chr9	FALSE	FALSE
Apod	chr16	TRUE	TRUE
Apoh	chr11	FALSE	TRUE
Apol6	chr15	FALSE	TRUE
Apol8	chr15	FALSE	TRUE
Apold1	chr6	FALSE	TRUE
App	chr16	TRUE	TRUE
Appl1	chr14	TRUE	TRUE
Appl2	chr10	TRUE	FALSE
Aprt	chr8	FALSE	TRUE
Aqp1	chr6	TRUE	FALSE
Aqp12	chr1	FALSE	FALSE
Aqp2	chr15	FALSE	FALSE
Aqp3	chr4	FALSE	FALSE
Aqp5	chr15	FALSE	TRUE
Aqp6	chr15	FALSE	TRUE
Aqp7	chr4	FALSE	FALSE
Aqp8	chr7	FALSE	TRUE
Aqp9	chr9	FALSE	TRUE
Ar	chrX	FALSE	FALSE
Arap1	chr7	FALSE	FALSE
Arap2	chr5	FALSE	TRUE
Arap3	chr18	FALSE	FALSE
Arc	chr15	TRUE	TRUE
Areg	chr5	TRUE	FALSE
Arel1	chr12	FALSE	FALSE
Arf1	chr11	TRUE	FALSE
Arf5	chr6	FALSE	TRUE
Arf6	chr12	TRUE	TRUE
Arfgap3	chr15	TRUE	FALSE
Arfip1	chr3	FALSE	TRUE
Arg1	chr10	FALSE	TRUE
Arg2	chr12	FALSE	TRUE
Arhgap12	chr18	FALSE	TRUE
Arhgap15	chr2	FALSE	TRUE
Arhgap18	chr10	FALSE	TRUE
Arhgap20	chr9	FALSE	TRUE
Arhgap21	chr2	FALSE	TRUE
Arhgap22	chr14	TRUE	FALSE
Arhgap23	chr11	FALSE	TRUE
Arhgap24	chr5	FALSE	TRUE
Arhgap25	chr6	FALSE	FALSE
Arhgap26	chr18	FALSE	TRUE
Arhgap27	chr11	FALSE	FALSE
Arhgap28	chr17	FALSE	FALSE
Arhgap29	chr3	FALSE	TRUE
Arhgap30	chr1	FALSE	FALSE
Arhgap31	chr16	FALSE	TRUE
Arhgap32	chr9	TRUE	TRUE
Arhgap33os	chr7	FALSE	FALSE
Arhgap40	chr2	FALSE	TRUE
Arhgap42	chr9	FALSE	TRUE
Arhgap44	chr11	TRUE	FALSE
Arhgap45	chr10	FALSE	FALSE
Arhgap5	chr12	FALSE	TRUE
Arhgap6	chrX	FALSE	TRUE
Arhgap8	chr15	FALSE	FALSE
Arhgap9	chr10	FALSE	FALSE
Arhgdig	chr17	FALSE	FALSE
Arhgef1	chr7	FALSE	FALSE
Arhgef10	chr8	TRUE	TRUE
Arhgef10l	chr4	FALSE	FALSE
Arhgef15	chr11	TRUE	FALSE
Arhgef16	chr4	FALSE	FALSE
Arhgef17	chr7	FALSE	FALSE
Arhgef19	chr4	FALSE	FALSE
Arhgef2	chr3	TRUE	FALSE
Arhgef25	chr10	TRUE	FALSE
Arhgef26	chr3	FALSE	TRUE
Arhgef28	chr13	TRUE	TRUE
Arhgef3	chr14	FALSE	TRUE
Arhgef33	chr17	FALSE	TRUE
Arhgef38	chr3	FALSE	TRUE
Arhgef39	chr4	FALSE	TRUE
Arhgef4	chr1	FALSE	FALSE
Arhgef40	chr14	FALSE	FALSE
Arhgef5	chr6	TRUE	FALSE
Arhgef7	chr8	TRUE	TRUE
Arhgef9	chrX	TRUE	TRUE
Arid1a	chr4	TRUE	TRUE
Arid1b	chr17	TRUE	TRUE
Arid3a	chr10	FALSE	TRUE
Arid3b	chr9	FALSE	FALSE
Arid3c	chr4	FALSE	FALSE
Arid4a	chr12	FALSE	TRUE
Arid5a	chr1	FALSE	FALSE
Arid5b	chr10	FALSE	TRUE
Arl11	chr14	FALSE	TRUE
Arl13b	chr16	TRUE	TRUE
Arl14	chr3	FALSE	TRUE
Arl14ep	chr2	FALSE	TRUE
Arl15	chr13	FALSE	TRUE
Arl3	chr19	TRUE	TRUE
Arl4a	chr12	FALSE	TRUE
Arl4c	chr1	FALSE	FALSE
Arl5b	chr2	FALSE	TRUE
Arl5c	chr11	FALSE	FALSE
Arl6	chr16	TRUE	TRUE
Arl6ip5	chr6	TRUE	TRUE
Arl6ip6	chr2	FALSE	TRUE
Arl8a	chr1	TRUE	FALSE
Armc1	chr3	FALSE	TRUE
Armc2	chr10	TRUE	FALSE
Armc9	chr1	FALSE	TRUE
Armcx4	chrX	FALSE	FALSE
Armh4	chr14	FALSE	TRUE
Arnt2	chr7	TRUE	TRUE
Arpp21	chr9	FALSE	TRUE
Arrb1	chr7	TRUE	FALSE
Arrdc1	chr2	FALSE	TRUE
Arrdc2	chr8	FALSE	FALSE
Arrdc3	chr13	FALSE	TRUE
Arrdc4	chr7	FALSE	TRUE
Arsa	chr15	FALSE	TRUE
Arsb	chr13	TRUE	TRUE
Arsg	chr11	TRUE	TRUE
Arsi	chr18	FALSE	FALSE
Arsj	chr3	FALSE	FALSE
Art3	chr5	FALSE	TRUE
Art5	chr7	FALSE	FALSE
Artn	chr4	TRUE	FALSE
Arvcf	chr16	FALSE	TRUE
Arx	chrX	TRUE	FALSE
Asah1	chr8	FALSE	TRUE
Asah2	chr19	FALSE	TRUE
Asap1	chr15	TRUE	TRUE
Asap2	chr12	FALSE	TRUE
Asap3	chr4	FALSE	FALSE
Asb1	chr1	FALSE	TRUE
Asb10	chr5	FALSE	FALSE
Asb13	chr13	FALSE	TRUE
Asb15	chr6	FALSE	TRUE
Asb16	chr11	FALSE	FALSE
Asb17	chr3	FALSE	TRUE
Asb18	chr1	FALSE	FALSE
Asb2	chr12	TRUE	TRUE
Asb4	chr6	FALSE	FALSE
Asb5	chr8	FALSE	TRUE
Ascc2	chr11	FALSE	FALSE
Ascc3	chr10	FALSE	TRUE
Ascl1	chr10	TRUE	TRUE
Ascl2	chr7	TRUE	FALSE
Ascl4	chr10	FALSE	TRUE
Asf1a	chr10	FALSE	TRUE
Asf1b	chr8	FALSE	TRUE
Asic1	chr15	TRUE	FALSE
Asic2	chr11	TRUE	TRUE
Asic3	chr5	TRUE	TRUE
Asic4	chr1	FALSE	TRUE
Asic5	chr3	FALSE	TRUE
Asns	chr6	FALSE	TRUE
Aspg	chr12	FALSE	FALSE
Asph	chr4	FALSE	TRUE
Asphd2	chr5	FALSE	FALSE
Aspm	chr1	TRUE	TRUE
Asprv1	chr6	FALSE	TRUE
Ass1	chr2	FALSE	FALSE
Astl	chr2	FALSE	FALSE
Astn1	chr1	TRUE	FALSE
Astn2	chr4	TRUE	TRUE
Asxl1	chr2	FALSE	FALSE
Asxl3	chr18	FALSE	TRUE
Atad1	chr19	TRUE	TRUE
Atad2	chr15	FALSE	TRUE
Atad2b	chr12	FALSE	FALSE
Atad3a	chr4	FALSE	TRUE
Ate1	chr7	FALSE	FALSE
Atf2	chr2	TRUE	TRUE
Atf3	chr1	FALSE	FALSE
Atf7	chr15	FALSE	TRUE
Atf7ip	chr6	FALSE	TRUE
Atg10	chr13	FALSE	TRUE
Atg16l2	chr7	FALSE	TRUE
Atg3	chr16	FALSE	TRUE
Atg4c	chr4	FALSE	TRUE
Atg7	chr6	TRUE	FALSE
Atg9b	chr5	FALSE	TRUE
Atic	chr1	TRUE	TRUE
Atl1	chr12	TRUE	TRUE
Atl2	chr17	FALSE	TRUE
Atn1	chr6	TRUE	TRUE
Atoh1	chr6	TRUE	TRUE
Atoh7	chr10	TRUE	TRUE
Atoh8	chr6	TRUE	TRUE
Atp10a	chr7	FALSE	FALSE
Atp10b	chr11	FALSE	FALSE
Atp11a	chr8	FALSE	FALSE
Atp11c	chrX	FALSE	TRUE
Atp12a	chr14	FALSE	TRUE
Atp13a4	chr16	FALSE	TRUE
Atp13a5	chr16	FALSE	FALSE
Atp1a1	chr3	FALSE	FALSE
Atp1a2	chr1	TRUE	TRUE
Atp1a3	chr7	TRUE	FALSE
Atp1a4	chr1	FALSE	TRUE
Atp1b1	chr1	FALSE	TRUE
Atp1b3	chr9	FALSE	TRUE
Atp23	chr10	FALSE	TRUE
Atp2a3	chr11	FALSE	FALSE
Atp2b1	chr10	FALSE	TRUE
Atp2b2	chr6	TRUE	FALSE
Atp2b3	chrX	FALSE	FALSE
Atp2b4	chr1	TRUE	FALSE
Atp2c1	chr9	FALSE	TRUE
Atp2c2	chr8	FALSE	FALSE
Atp6ap1l	chr13	FALSE	FALSE
Atp6ap2	chrX	TRUE	TRUE
Atp6v0d1	chr8	TRUE	TRUE
Atp6v0d2	chr4	FALSE	TRUE
Atp6v1b1	chr6	TRUE	FALSE
Atp6v1c2	chr12	FALSE	FALSE
Atp6v1e2	chr17	FALSE	TRUE
Atp6v1g3	chr1	TRUE	FALSE
Atp8a1	chr5	TRUE	TRUE
Atp8a2	chr14	TRUE	FALSE
Atp8b1	chr18	TRUE	FALSE
Atp8b2	chr3	FALSE	TRUE
Atp8b4	chr2	FALSE	TRUE
Atp9b	chr18	FALSE	FALSE
Atpsckmt	chr15	TRUE	TRUE
Atrnl1	chr19	FALSE	FALSE
Atxn1	chr13	TRUE	FALSE
Atxn10	chr15	TRUE	TRUE
Atxn2	chr5	TRUE	FALSE
Atxn7	chr14	FALSE	FALSE
Atxn7l1	chr12	FALSE	TRUE
Atxn7l2	chr3	FALSE	TRUE
Atxn7l3b	chr10	FALSE	TRUE
AU015836	chrX	FALSE	FALSE
AU022252	chr4	FALSE	TRUE
AU040320	chr4	TRUE	TRUE
Auh	chr13	FALSE	TRUE
Aup1	chr6	FALSE	TRUE
Aurka	chr2	TRUE	TRUE
Auts2	chr5	TRUE	FALSE
Avp	chr2	TRUE	TRUE
Avpi1	chr19	FALSE	TRUE
Avpr1a	chr10	TRUE	FALSE
AW554918	chr18	FALSE	TRUE
Axin2	chr11	FALSE	FALSE
Azi2	chr9	TRUE	TRUE
Azin1	chr15	FALSE	TRUE
B2m	chr2	TRUE	TRUE
B3galnt1	chr3	FALSE	TRUE
B3galnt2	chr13	FALSE	TRUE
B3galt1	chr2	FALSE	TRUE
B3galt2	chr1	FALSE	TRUE
B3galt5	chr16	FALSE	TRUE
B3gat1	chr9	TRUE	FALSE
B3gat2	chr1	FALSE	TRUE
B3glct	chr5	TRUE	TRUE
B3gnt2	chr11	TRUE	FALSE
B3gnt3	chr8	FALSE	FALSE
B3gnt4	chr5	FALSE	FALSE
B3gnt5	chr16	TRUE	FALSE
B3gnt6	chr7	FALSE	FALSE
B3gnt8	chr7	FALSE	FALSE
B3gnt9	chr8	FALSE	FALSE
B4galnt1	chr10	TRUE	FALSE
B4galnt2	chr11	FALSE	FALSE
B4galnt3	chr6	FALSE	FALSE
B4galnt4	chr7	FALSE	FALSE
B4galt1	chr4	FALSE	TRUE
B4galt5	chr2	TRUE	TRUE
B4galt6	chr18	TRUE	TRUE
B9d1	chr11	FALSE	FALSE
B9d2	chr7	FALSE	TRUE
Baalc	chr15	FALSE	TRUE
Babam2	chr5	FALSE	TRUE
Bace2	chr16	FALSE	TRUE
Bach1	chr16	FALSE	TRUE
Bach2	chr4	FALSE	TRUE
Bad	chr19	FALSE	TRUE
Bag1	chr4	TRUE	TRUE
Bag2	chr1	FALSE	TRUE
Bag3	chr7	TRUE	FALSE
Bag5	chr12	TRUE	TRUE
Bahcc1	chr11	TRUE	TRUE
Bahd1	chr2	FALSE	TRUE
Baiap2	chr11	TRUE	FALSE
Baiap2l2	chr15	FALSE	FALSE
Baiap3	chr17	TRUE	FALSE
Bambi	chr18	FALSE	TRUE
Bank1	chr3	FALSE	TRUE
Banp	chr8	FALSE	TRUE
Bard1	chr1	FALSE	TRUE
Barhl1	chr2	TRUE	FALSE
Barhl2	chr5	TRUE	TRUE
Barx1	chr13	FALSE	FALSE
Barx2	chr9	FALSE	FALSE
Basp1	chr15	FALSE	TRUE
Batf	chr12	TRUE	FALSE
Batf3	chr1	TRUE	FALSE
Baz1a	chr12	FALSE	FALSE
Baz2a	chr10	FALSE	TRUE
Baz2b	chr2	FALSE	TRUE
BB014433	chr8	FALSE	TRUE
Bbox1	chr2	FALSE	FALSE
Bbs10	chr10	TRUE	TRUE
Bbs7	chr3	TRUE	TRUE
Bbs9	chr9	FALSE	TRUE
Bbx	chr16	FALSE	TRUE
BC004004	chr17	FALSE	FALSE
BC005624	chr2	FALSE	TRUE
BC016579	chr16	FALSE	TRUE
BC024139	chr15	FALSE	FALSE
BC034090	chr1	FALSE	FALSE
BC107364	chr3	FALSE	FALSE
Bcam	chr7	FALSE	FALSE
Bcan	chr3	TRUE	FALSE
Bcap29	chr12	FALSE	TRUE
Bcar1	chr8	FALSE	FALSE
Bcar3	chr3	FALSE	TRUE
Bcas1	chr2	TRUE	FALSE
Bcas3	chr11	FALSE	FALSE
Bcat1	chr6	FALSE	TRUE
Bckdhb	chr9	FALSE	TRUE
Bcl10	chr3	TRUE	TRUE
Bcl11a	chr11	TRUE	TRUE
Bcl11b	chr12	TRUE	FALSE
Bcl2	chr1	TRUE	TRUE
Bcl2l1	chr2	TRUE	TRUE
Bcl2l11	chr2	TRUE	FALSE
Bcl2l14	chr6	FALSE	FALSE
Bcl2l15	chr3	FALSE	TRUE
Bcl3	chr7	TRUE	FALSE
Bcl6	chr16	TRUE	FALSE
Bcl6b	chr11	FALSE	TRUE
Bcl7c	chr7	FALSE	TRUE
Bcl9	chr3	FALSE	TRUE
Bcl9l	chr9	FALSE	TRUE
Bclaf1	chr10	FALSE	TRUE
Bcor	chrX	FALSE	FALSE
Bcorl1	chrX	FALSE	TRUE
Bcr	chr10	TRUE	TRUE
Bcs1l	chr1	FALSE	TRUE
Bdh1	chr16	FALSE	TRUE
Bdh2	chr3	FALSE	FALSE
Bdkrb1	chr12	FALSE	FALSE
Bdkrb2	chr12	FALSE	FALSE
Bdnf	chr2	TRUE	TRUE
Bean1	chr8	FALSE	TRUE
Begain	chr12	TRUE	FALSE
Bend3	chr10	FALSE	TRUE
Bend4	chr5	FALSE	TRUE
Bend5	chr4	FALSE	FALSE
Bend6	chr1	TRUE	TRUE
Bend7	chr2	FALSE	FALSE
Best3	chr10	FALSE	TRUE
Bex6	chr16	FALSE	TRUE
Bfsp1	chr2	FALSE	FALSE
Bglap	chr3	TRUE	TRUE
Bglap2	chr3	TRUE	FALSE
Bgn	chrX	FALSE	TRUE
Bhlha9	chr11	FALSE	TRUE
Bhlhe22	chr3	TRUE	TRUE
Bhlhe23	chr2	TRUE	FALSE
Bhlhe40	chr6	TRUE	TRUE
Bhlhe41	chr6	TRUE	TRUE
Bhmt	chr13	FALSE	TRUE
Bicc1	chr10	FALSE	TRUE
Bicd1	chr6	FALSE	TRUE
Bicd2	chr13	FALSE	TRUE
Bicdl1	chr5	TRUE	FALSE
Bicdl2	chr17	FALSE	FALSE
Bid	chr6	FALSE	FALSE
Bik	chr15	FALSE	FALSE
Bin1	chr18	TRUE	TRUE
Bin2	chr15	FALSE	TRUE
Bivm	chr1	FALSE	TRUE
Blcap	chr2	FALSE	TRUE
Blk	chr14	FALSE	TRUE
Blnk	chr19	FALSE	FALSE
Bloc1s1	chr10	TRUE	TRUE
Bloc1s4	chr5	TRUE	TRUE
Blvrb	chr7	FALSE	TRUE
Bmf	chr2	FALSE	TRUE
Bmp1	chr14	FALSE	TRUE
Bmp10	chr6	FALSE	FALSE
Bmp2	chr2	TRUE	TRUE
Bmp3	chr5	FALSE	TRUE
Bmp4	chr14	TRUE	FALSE
Bmp5	chr9	TRUE	TRUE
Bmp6	chr13	TRUE	FALSE
Bmp7	chr2	TRUE	FALSE
Bmp8a	chr4	FALSE	FALSE
Bmp8b	chr4	FALSE	FALSE
Bmper	chr9	FALSE	FALSE
Bmpr1a	chr14	TRUE	TRUE
Bmpr1b	chr3	TRUE	TRUE
Bms1	chr6	FALSE	FALSE
Bmt2	chr6	FALSE	TRUE
Bnc1	chr7	FALSE	FALSE
Bnc2	chr4	FALSE	FALSE
Bnipl	chr3	FALSE	TRUE
Boc	chr16	TRUE	TRUE
Bod1	chr11	FALSE	TRUE
Bok	chr1	TRUE	FALSE
Bola3	chr6	FALSE	FALSE
Bora	chr14	FALSE	TRUE
Borcs5	chr6	TRUE	TRUE
Borcs6	chr11	FALSE	TRUE
Bpgm	chr6	TRUE	TRUE
Bpi	chr2	FALSE	FALSE
Bpifa2	chr2	FALSE	TRUE
Bpifb2	chr2	FALSE	TRUE
Bpifb3	chr2	FALSE	FALSE
Bpifb4	chr2	FALSE	TRUE
Bpifb5	chr2	FALSE	FALSE
Bpifb6	chr2	FALSE	TRUE
Brd1	chr15	FALSE	FALSE
Brd7	chr8	FALSE	FALSE
Brf2	chr8	FALSE	FALSE
Bri3	chr5	FALSE	TRUE
Brinp1	chr4	TRUE	TRUE
Brinp2	chr1	TRUE	TRUE
Brinp3	chr1	TRUE	TRUE
Brms1l	chr12	FALSE	TRUE
Brpf1	chr6	TRUE	TRUE
Brpf3	chr17	FALSE	FALSE
Brsk2	chr7	TRUE	FALSE
Bsg	chr10	TRUE	TRUE
Bsn	chr9	TRUE	FALSE
Bsnd	chr4	TRUE	FALSE
Bspry	chr4	FALSE	TRUE
Bst1	chr5	FALSE	TRUE
Bsx	chr9	TRUE	FALSE
Btaf1	chr19	FALSE	FALSE
Btbd1	chr7	TRUE	FALSE
Btbd10	chr7	FALSE	TRUE
Btbd16	chr7	FALSE	FALSE
Btbd17	chr11	FALSE	TRUE
Btbd3	chr2	TRUE	TRUE
Btbd6	chr12	TRUE	FALSE
Btbd7	chr12	FALSE	TRUE
Btbd9	chr17	TRUE	FALSE
Btc	chr5	FALSE	TRUE
Btg1	chr10	FALSE	TRUE
Btg2	chr1	TRUE	TRUE
Btg4	chr9	FALSE	FALSE
Btn1a1	chr13	FALSE	TRUE
Btrc	chr19	FALSE	TRUE
Bub1b	chr2	FALSE	TRUE
Bub3	chr7	FALSE	FALSE
Bzw2	chr12	FALSE	TRUE
C030006K11Rik	chr15	FALSE	TRUE
C130050O18Rik	chr5	FALSE	FALSE
C130074G19Rik	chr1	FALSE	FALSE
C1d	chr11	FALSE	FALSE
C1galt1	chr6	FALSE	TRUE
C1qa	chr4	TRUE	FALSE
C1qb	chr4	TRUE	FALSE
C1qc	chr4	TRUE	FALSE
C1ql1	chr11	TRUE	FALSE
C1ql2	chr1	TRUE	FALSE
C1ql3	chr2	TRUE	TRUE
C1ql4	chr15	FALSE	FALSE
C1qtnf1	chr11	FALSE	FALSE
C1qtnf3	chr15	FALSE	TRUE
C1qtnf4	chr2	FALSE	TRUE
C1qtnf5	chr9	FALSE	FALSE
C1qtnf6	chr15	FALSE	TRUE
C1qtnf7	chr5	FALSE	TRUE
C1ra	chr6	FALSE	TRUE
C2cd2	chr16	FALSE	TRUE
C2cd4a	chr9	FALSE	FALSE
C2cd4b	chr9	FALSE	FALSE
C2cd4c	chr10	FALSE	TRUE
C330018D20Rik	chr18	FALSE	TRUE
C4b	chr17	FALSE	FALSE
C6	chr15	FALSE	TRUE
C7	chr15	FALSE	TRUE
C8a	chr4	FALSE	TRUE
C8b	chr4	FALSE	TRUE
C9orf72	chr4	TRUE	TRUE
Caap1	chr4	FALSE	TRUE
Cabcoco1	chr10	FALSE	TRUE
Cabin1	chr10	FALSE	TRUE
Cables1	chr18	TRUE	TRUE
Cables2	chr2	FALSE	FALSE
Cabp1	chr5	TRUE	TRUE
Cabp2	chr19	TRUE	TRUE
Cabp7	chr11	FALSE	FALSE
Cabyr	chr18	FALSE	TRUE
Cacfd1	chr2	FALSE	TRUE
Cachd1	chr4	FALSE	TRUE
Cacna1a	chr8	TRUE	TRUE
Cacna1b	chr2	TRUE	FALSE
Cacna1c	chr6	TRUE	FALSE
Cacna1d	chr14	TRUE	TRUE
Cacna1e	chr1	TRUE	FALSE
Cacna1g	chr11	TRUE	FALSE
Cacna1h	chr17	TRUE	FALSE
Cacna1i	chr15	TRUE	FALSE
Cacna1s	chr1	TRUE	TRUE
Cacna2d1	chr5	FALSE	TRUE
Cacna2d2	chr9	TRUE	FALSE
Cacna2d3	chr14	TRUE	TRUE
Cacna2d4	chr6	TRUE	FALSE
Cacnb2	chr2	TRUE	FALSE
Cacnb3	chr15	TRUE	TRUE
Cacnb4	chr2	TRUE	TRUE
Cacng1	chr11	FALSE	FALSE
Cacng2	chr15	TRUE	FALSE
Cacng4	chr11	TRUE	FALSE
Cacng5	chr11	TRUE	FALSE
Cactin	chr10	FALSE	FALSE
Cacul1	chr19	FALSE	TRUE
Cadm1	chr9	TRUE	TRUE
Cadm2	chr16	FALSE	TRUE
Cadm3	chr1	FALSE	TRUE
Cadm4	chr7	TRUE	FALSE
Cadps	chr14	TRUE	TRUE
Cadps2	chr6	TRUE	TRUE
Calb1	chr4	TRUE	TRUE
Calb2	chr8	TRUE	TRUE
Calca	chr7	TRUE	FALSE
Calcb	chr7	FALSE	FALSE
Calcoco1	chr15	FALSE	TRUE
Calcrl	chr2	FALSE	FALSE
Cald1	chr6	FALSE	TRUE
Calhm2	chr19	TRUE	FALSE
Calhm5	chr10	FALSE	TRUE
Calm1	chr12	TRUE	TRUE
Calm2	chr17	TRUE	TRUE
Calml3	chr13	FALSE	TRUE
Caln1	chr5	FALSE	FALSE
Calr4	chr4	FALSE	TRUE
Calu	chr6	FALSE	TRUE
Caly	chr7	TRUE	TRUE
Camk1	chr6	TRUE	TRUE
Camk1d	chr2	TRUE	TRUE
Camk1g	chr1	FALSE	FALSE
Camk2a	chr18	TRUE	TRUE
Camk2b	chr11	TRUE	FALSE
Camk2d	chr3	TRUE	TRUE
Camk2g	chr14	TRUE	TRUE
Camk2n1	chr4	TRUE	TRUE
Camk2n2	chr16	FALSE	TRUE
Camk4	chr18	TRUE	TRUE
Camkk1	chr11	FALSE	TRUE
Camkmt	chr17	FALSE	TRUE
Camkv	chr9	TRUE	FALSE
Camta1	chr4	TRUE	FALSE
Cand1	chr10	FALSE	TRUE
Cant1	chr11	FALSE	TRUE
Cap2	chr13	TRUE	TRUE
Capg	chr6	TRUE	TRUE
Capn12	chr7	FALSE	FALSE
Capn13	chr17	FALSE	FALSE
Capn15	chr17	FALSE	FALSE
Capn2	chr1	TRUE	TRUE
Capn5	chr7	FALSE	FALSE
Capn7	chr14	FALSE	TRUE
Capn8	chr1	FALSE	FALSE
Capn9	chr8	FALSE	TRUE
Caprin2	chr6	TRUE	TRUE
Caps2	chr10	FALSE	TRUE
Capsl	chr15	FALSE	TRUE
Capza2	chr6	FALSE	TRUE
Capza3	chr6	FALSE	TRUE
Capzb	chr4	FALSE	FALSE
Car10	chr11	FALSE	TRUE
Car12	chr9	FALSE	FALSE
Car14	chr3	FALSE	TRUE
Car15	chr16	FALSE	FALSE
Car2	chr3	TRUE	TRUE
Car3	chr3	FALSE	TRUE
Car4	chr11	FALSE	TRUE
Car5a	chr8	FALSE	FALSE
Car7	chr8	TRUE	TRUE
Car8	chr4	FALSE	TRUE
Car9	chr4	FALSE	TRUE
Card10	chr15	FALSE	FALSE
Card11	chr5	FALSE	FALSE
Card19	chr13	FALSE	TRUE
Card9	chr2	FALSE	FALSE
Carhsp1	chr16	FALSE	FALSE
Carlr	chr2	FALSE	TRUE
Carmil1	chr13	FALSE	TRUE
Carmil2	chr8	FALSE	TRUE
Carmil3	chr14	TRUE	FALSE
Carnmt1	chr19	FALSE	TRUE
Carns1	chr19	FALSE	TRUE
Cartpt	chr13	TRUE	FALSE
Casd1	chr6	FALSE	TRUE
Caskin2	chr11	FALSE	FALSE
Casp12	chr9	TRUE	TRUE
Casp2	chr6	TRUE	TRUE
Casp3	chr8	TRUE	TRUE
Casp6	chr3	TRUE	TRUE
Casp7	chr19	TRUE	FALSE
Casq1	chr1	TRUE	TRUE
Casq2	chr3	FALSE	FALSE
Cast	chr13	FALSE	TRUE
Castor1	chr11	FALSE	FALSE
Castor2	chr5	FALSE	FALSE
Casz1	chr4	TRUE	FALSE
Cat	chr2	FALSE	TRUE
Catip	chr1	FALSE	TRUE
Catspere2	chr1	FALSE	TRUE
Catsperg1	chr7	FALSE	FALSE
Catsperz	chr19	FALSE	FALSE
Cav1	chr6	TRUE	TRUE
Cav2	chr6	TRUE	TRUE
Cav3	chr6	TRUE	FALSE
Cavin1	chr11	FALSE	FALSE
Cavin2	chr1	FALSE	TRUE
Cavin3	chr7	FALSE	TRUE
Cavin4	chr4	FALSE	TRUE
Cbfa2t3	chr8	FALSE	FALSE
Cbfb	chr8	FALSE	TRUE
Cblb	chr16	TRUE	TRUE
Cbll1	chr12	FALSE	TRUE
Cbln1	chr8	TRUE	FALSE
Cbln2	chr18	TRUE	FALSE
Cbln3	chr14	TRUE	TRUE
Cbln4	chr2	TRUE	FALSE
Cbr2	chr11	FALSE	FALSE
Cbr3	chr16	TRUE	FALSE
Cbs	chr17	TRUE	FALSE
Cbx2	chr11	FALSE	FALSE
Cbx4	chr11	FALSE	FALSE
Cbx5	chr15	FALSE	TRUE
Cbx6	chr15	FALSE	FALSE
Cbx7	chr15	FALSE	TRUE
Cbx8	chr11	FALSE	FALSE
Cby2	chr14	FALSE	TRUE
Cc2d2a	chr5	TRUE	TRUE
Ccar2	chr14	FALSE	FALSE
Ccbe1	chr18	FALSE	FALSE
Ccdc102a	chr8	FALSE	FALSE
Ccdc106	chr7	FALSE	TRUE
Ccdc110	chr8	FALSE	FALSE
Ccdc112	chr18	FALSE	TRUE
Ccdc113	chr8	FALSE	TRUE
Ccdc116	chr16	FALSE	TRUE
Ccdc12	chr9	FALSE	FALSE
Ccdc124	chr8	FALSE	TRUE
Ccdc126	chr6	FALSE	TRUE
Ccdc13	chr9	FALSE	FALSE
Ccdc136	chr6	FALSE	TRUE
Ccdc141	chr2	TRUE	FALSE
Ccdc142	chr6	FALSE	TRUE
Ccdc146	chr5	FALSE	FALSE
Ccdc148	chr2	FALSE	TRUE
Ccdc149	chr5	FALSE	TRUE
Ccdc150	chr1	FALSE	TRUE
Ccdc158	chr5	FALSE	TRUE
Ccdc162	chr10	FALSE	TRUE
Ccdc166	chr15	FALSE	TRUE
Ccdc167	chr17	FALSE	TRUE
Ccdc169	chr3	FALSE	TRUE
Ccdc171	chr4	FALSE	TRUE
Ccdc177	chr12	FALSE	FALSE
Ccdc181	chr1	FALSE	TRUE
Ccdc182	chr11	FALSE	FALSE
Ccdc183	chr2	FALSE	FALSE
Ccdc184	chr15	FALSE	TRUE
Ccdc185	chr1	FALSE	TRUE
Ccdc186	chr19	FALSE	TRUE
Ccdc187	chr2	FALSE	TRUE
Ccdc190	chr1	FALSE	TRUE
Ccdc191	chr16	FALSE	TRUE
Ccdc192	chr18	FALSE	TRUE
Ccdc194	chr8	FALSE	FALSE
Ccdc24	chr4	FALSE	FALSE
Ccdc27	chr4	FALSE	FALSE
Ccdc28a	chr10	FALSE	TRUE
Ccdc3	chr2	FALSE	FALSE
Ccdc32	chr2	FALSE	TRUE
Ccdc33	chr9	FALSE	FALSE
Ccdc40	chr11	TRUE	TRUE
Ccdc50	chr16	TRUE	TRUE
Ccdc59	chr10	FALSE	TRUE
Ccdc6	chr10	FALSE	TRUE
Ccdc60	chr5	FALSE	FALSE
Ccdc61	chr7	FALSE	TRUE
Ccdc68	chr18	FALSE	TRUE
Ccdc71l	chr12	FALSE	TRUE
Ccdc74a	chr16	FALSE	FALSE
Ccdc8	chr7	FALSE	TRUE
Ccdc80	chr16	FALSE	TRUE
Ccdc85a	chr11	FALSE	FALSE
Ccdc85c	chr12	TRUE	TRUE
Ccdc88a	chr11	TRUE	FALSE
Ccdc88b	chr19	FALSE	FALSE
Ccdc88c	chr12	FALSE	FALSE
Ccdc89	chr7	FALSE	TRUE
Ccdc90b	chr7	FALSE	TRUE
Ccdc91	chr6	FALSE	TRUE
Ccdc92	chr5	FALSE	FALSE
Ccdc93	chr1	FALSE	TRUE
Ccdc97	chr7	FALSE	FALSE
Ccdc9b	chr2	FALSE	TRUE
Ccer1	chr10	FALSE	TRUE
Ccin	chr4	FALSE	FALSE
Cck	chr9	TRUE	TRUE
Cckbr	chr7	TRUE	FALSE
Ccl1	chr11	FALSE	FALSE
Ccl17	chr8	FALSE	TRUE
Ccm2	chr11	FALSE	FALSE
Ccm2l	chr2	FALSE	FALSE
Ccn1	chr3	FALSE	TRUE
Ccn4	chr15	FALSE	FALSE
Ccn5	chr2	FALSE	FALSE
Ccn6	chr10	FALSE	TRUE
Ccna1	chr3	FALSE	TRUE
Ccna2	chr3	FALSE	TRUE
Ccnb1	chr13	FALSE	TRUE
Ccnc	chr4	FALSE	TRUE
Ccnd1	chr7	TRUE	TRUE
Ccnd2	chr6	TRUE	FALSE
Ccnd3	chr17	FALSE	TRUE
Ccne1	chr7	FALSE	TRUE
Ccne2	chr4	FALSE	TRUE
Ccnf	chr17	FALSE	TRUE
Ccng1	chr11	FALSE	TRUE
Ccng2	chr5	FALSE	TRUE
Ccnh	chr13	FALSE	FALSE
Ccnj	chr19	FALSE	TRUE
Ccnjl	chr11	FALSE	TRUE
Ccnk	chr12	FALSE	FALSE
Ccnl1	chr3	FALSE	TRUE
Ccno	chr13	FALSE	FALSE
Ccny	chr18	FALSE	TRUE
Ccnyl1	chr1	FALSE	TRUE
Ccr10	chr11	FALSE	TRUE
Ccr4	chr9	TRUE	FALSE
Ccr7	chr11	TRUE	FALSE
Ccr9	chr9	FALSE	FALSE
Ccs	chr19	FALSE	TRUE
Ccsap	chr8	FALSE	TRUE
Ccser1	chr6	FALSE	TRUE
Ccser2	chr14	FALSE	TRUE
Cct3	chr3	FALSE	TRUE
Cct7	chr6	FALSE	TRUE
Cct8l1	chr5	FALSE	TRUE
Cd109	chr9	FALSE	FALSE
Cd14	chr18	FALSE	FALSE
Cd151	chr7	FALSE	TRUE
Cd164	chr10	FALSE	TRUE
Cd164l2	chr4	FALSE	FALSE
Cd180	chr13	FALSE	FALSE
Cd1d1	chr3	FALSE	TRUE
Cd2	chr3	FALSE	FALSE
Cd200	chr16	FALSE	TRUE
Cd200r3	chr16	FALSE	TRUE
Cd247	chr1	FALSE	FALSE
Cd248	chr19	FALSE	FALSE
Cd24a	chr10	TRUE	TRUE
Cd274	chr19	FALSE	TRUE
Cd276	chr9	FALSE	TRUE
Cd28	chr1	FALSE	TRUE
Cd34	chr1	FALSE	TRUE
Cd37	chr7	TRUE	TRUE
Cd38	chr5	TRUE	TRUE
Cd3e	chr9	TRUE	FALSE
Cd40	chr2	FALSE	TRUE
Cd47	chr16	TRUE	TRUE
Cd5	chr19	FALSE	TRUE
Cd55	chr1	FALSE	FALSE
Cd6	chr19	TRUE	TRUE
Cd63	chr10	FALSE	FALSE
Cd72	chr4	FALSE	TRUE
Cd80	chr16	FALSE	TRUE
Cd81	chr7	TRUE	FALSE
Cd82	chr2	FALSE	FALSE
Cd83	chr13	FALSE	TRUE
Cd9	chr6	TRUE	FALSE
Cd93	chr2	FALSE	TRUE
Cda	chr4	FALSE	FALSE
Cdan1	chr2	FALSE	TRUE
Cdc123	chr2	FALSE	TRUE
Cdc14a	chr3	TRUE	TRUE
Cdc14b	chr13	FALSE	TRUE
Cdc20	chr4	TRUE	TRUE
Cdc20b	chr13	FALSE	TRUE
Cdc25b	chr2	FALSE	TRUE
Cdc26	chr4	FALSE	TRUE
Cdc34	chr10	TRUE	TRUE
Cdc40	chr10	FALSE	TRUE
Cdc42bpa	chr1	FALSE	FALSE
Cdc42bpb	chr12	FALSE	FALSE
Cdc42bpg	chr19	FALSE	FALSE
Cdc42ep1	chr15	FALSE	FALSE
Cdc42ep2	chr19	FALSE	FALSE
Cdc42ep3	chr17	FALSE	TRUE
Cdc42ep4	chr11	FALSE	FALSE
Cdc42se1	chr3	FALSE	TRUE
Cdc42se2	chr11	FALSE	FALSE
Cdc5l	chr17	FALSE	FALSE
Cdc73	chr1	FALSE	TRUE
Cdca2	chr14	FALSE	FALSE
Cdca3	chr6	FALSE	TRUE
Cdca7	chr2	FALSE	TRUE
Cdca7l	chr12	FALSE	TRUE
Cdcp2	chr4	FALSE	TRUE
Cdh1	chr8	TRUE	FALSE
Cdh10	chr15	TRUE	TRUE
Cdh11	chr8	TRUE	TRUE
Cdh12	chr15	FALSE	FALSE
Cdh13	chr8	FALSE	FALSE
Cdh15	chr8	FALSE	TRUE
Cdh16	chr8	FALSE	TRUE
Cdh17	chr4	FALSE	FALSE
Cdh18	chr15	FALSE	TRUE
Cdh2	chr18	TRUE	TRUE
Cdh20	chr1	FALSE	TRUE
Cdh22	chr2	FALSE	TRUE
Cdh23	chr10	TRUE	FALSE
Cdh24	chr14	FALSE	FALSE
Cdh26	chr2	FALSE	FALSE
Cdh3	chr8	FALSE	FALSE
Cdh4	chr2	TRUE	TRUE
Cdh5	chr8	FALSE	FALSE
Cdh6	chr15	TRUE	FALSE
Cdh7	chr1	FALSE	TRUE
Cdh8	chr8	TRUE	TRUE
Cdh9	chr15	TRUE	FALSE
Cdhr1	chr14	TRUE	TRUE
Cdhr2	chr13	FALSE	TRUE
Cdhr3	chr12	FALSE	FALSE
Cdk1	chr10	TRUE	TRUE
Cdk14	chr5	FALSE	TRUE
Cdk15	chr1	FALSE	TRUE
Cdk17	chr10	FALSE	TRUE
Cdk18	chr1	TRUE	FALSE
Cdk19	chr10	FALSE	TRUE
Cdk20	chr13	TRUE	TRUE
Cdk2ap1	chr5	FALSE	TRUE
Cdk4	chr10	FALSE	TRUE
Cdk5r1	chr11	TRUE	FALSE
Cdk5r2	chr1	TRUE	TRUE
Cdk5rap2	chr4	TRUE	TRUE
Cdk5rap3	chr11	FALSE	FALSE
Cdk6	chr5	TRUE	FALSE
Cdkal1	chr13	FALSE	TRUE
Cdkl2	chr5	FALSE	TRUE
Cdkl4	chr17	FALSE	TRUE
Cdkl5	chrX	TRUE	TRUE
Cdkn1a	chr17	FALSE	FALSE
Cdkn1b	chr6	TRUE	TRUE
Cdkn1c	chr7	TRUE	FALSE
Cdkn2a	chr4	FALSE	FALSE
Cdkn2aip	chr8	FALSE	TRUE
Cdkn2b	chr4	TRUE	FALSE
Cdkn2c	chr4	TRUE	TRUE
Cdkn2d	chr9	TRUE	TRUE
Cdkn3	chr14	FALSE	TRUE
Cdnf	chr2	TRUE	TRUE
Cdo1	chr18	FALSE	TRUE
Cdon	chr9	TRUE	TRUE
Cdpf1	chr15	FALSE	TRUE
Cdr2	chr7	FALSE	TRUE
Cdr2l	chr11	FALSE	FALSE
Cds1	chr5	FALSE	TRUE
Cds2	chr2	FALSE	TRUE
Cdt1	chr8	FALSE	FALSE
Cdx1	chr18	FALSE	FALSE
Cdx2	chr5	FALSE	FALSE
Cdx4	chrX	FALSE	TRUE
Cdyl	chr13	FALSE	TRUE
Cdyl2	chr8	FALSE	TRUE
Cebpa	chr7	FALSE	FALSE
Cebpb	chr2	TRUE	FALSE
Cebpd	chr16	FALSE	TRUE
Cebpe	chr14	FALSE	FALSE
Cecr2	chr6	TRUE	TRUE
Celf2	chr2	FALSE	TRUE
Celf3	chr3	FALSE	FALSE
Celf4	chr18	TRUE	TRUE
Celf5	chr10	FALSE	FALSE
Celf6	chr9	TRUE	TRUE
Celsr1	chr15	TRUE	FALSE
Celsr2	chr3	TRUE	TRUE
Celsr3	chr9	TRUE	FALSE
Cemip	chr7	TRUE	FALSE
Cemip2	chr19	FALSE	TRUE
Cenpc1	chr5	FALSE	TRUE
Cenpf	chr1	TRUE	TRUE
Cenpj	chr14	FALSE	TRUE
Cenpl	chr1	FALSE	TRUE
Cenpu	chr8	FALSE	TRUE
Cenpx	chr11	FALSE	TRUE
Cep120	chr18	TRUE	TRUE
Cep128	chr12	FALSE	TRUE
Cep131	chr11	TRUE	FALSE
Cep162	chr9	FALSE	TRUE
Cep164	chr9	FALSE	FALSE
Cep170	chr1	FALSE	TRUE
Cep170b	chr12	FALSE	FALSE
Cep192	chr18	FALSE	TRUE
Cep250	chr2	TRUE	FALSE
Cep290	chr10	TRUE	TRUE
Cep295nl	chr11	FALSE	FALSE
Cep350	chr1	FALSE	FALSE
Cep41	chr6	FALSE	TRUE
Cep55	chr19	FALSE	TRUE
Cep72	chr13	FALSE	TRUE
Cep83	chr10	FALSE	TRUE
Cep97	chr16	FALSE	TRUE
Cer1	chr4	TRUE	TRUE
Cercam	chr2	FALSE	FALSE
Cerk	chr15	FALSE	TRUE
Cerkl	chr2	FALSE	TRUE
Cers1	chr8	TRUE	FALSE
Cers4	chr8	FALSE	TRUE
Cers6	chr2	FALSE	FALSE
Ces1f	chr8	FALSE	TRUE
Ces2a	chr8	FALSE	TRUE
Ces2b	chr8	FALSE	TRUE
Ces2e	chr8	FALSE	FALSE
Ces2h	chr8	FALSE	TRUE
Ces5a	chr8	FALSE	TRUE
Cetn3	chr13	FALSE	TRUE
Cetn4	chr3	FALSE	TRUE
Cfap100	chr6	TRUE	FALSE
Cfap157	chr2	TRUE	FALSE
Cfap161	chr7	FALSE	TRUE
Cfap20	chr8	FALSE	TRUE
Cfap206	chr4	TRUE	TRUE
Cfap299	chr5	FALSE	TRUE
Cfap36	chr11	FALSE	TRUE
Cfap410	chr10	FALSE	TRUE
Cfap43	chr19	TRUE	FALSE
Cfap44	chr16	TRUE	TRUE
Cfap45	chr1	TRUE	TRUE
Cfap46	chr7	FALSE	FALSE
Cfap54	chr10	TRUE	TRUE
Cfap58	chr19	TRUE	TRUE
Cfap61	chr2	FALSE	FALSE
Cfap65	chr1	TRUE	FALSE
Cfap69	chr5	TRUE	TRUE
Cfap70	chr14	FALSE	TRUE
Cfap73	chr5	TRUE	FALSE
Cfap74	chr4	TRUE	FALSE
Cfap97d2	chr8	FALSE	TRUE
Cfap99	chr5	FALSE	TRUE
Cfc1	chr1	FALSE	TRUE
Cfd	chr10	FALSE	FALSE
Cfl2	chr12	FALSE	TRUE
Cflar	chr1	TRUE	TRUE
Cgas	chr9	FALSE	FALSE
Cggbp1	chr16	FALSE	TRUE
Cgn	chr3	FALSE	FALSE
Cgnl1	chr9	FALSE	TRUE
Cgref1	chr5	FALSE	TRUE
Cgrrf1	chr14	FALSE	TRUE
Ch25h	chr19	FALSE	TRUE
Chac1	chr2	TRUE	TRUE
Chad	chr11	FALSE	FALSE
Chadl	chr15	FALSE	FALSE
Chaf1b	chr16	FALSE	TRUE
Chat	chr14	TRUE	TRUE
Chchd10	chr10	TRUE	FALSE
Chchd3	chr6	FALSE	TRUE
Chchd4	chr6	FALSE	TRUE
Chchd5	chr2	FALSE	TRUE
Chchd6	chr6	FALSE	FALSE
Chd2	chr7	FALSE	TRUE
Chd3	chr11	FALSE	FALSE
Chd4	chr6	TRUE	FALSE
Chd5	chr4	TRUE	FALSE
Chd6	chr2	FALSE	TRUE
Chd7	chr4	TRUE	FALSE
Chd9	chr8	FALSE	TRUE
Chdh	chr14	FALSE	FALSE
Chga	chr12	FALSE	TRUE
Chgb	chr2	FALSE	TRUE
Chic2	chr5	FALSE	TRUE
Chid1	chr7	FALSE	TRUE
Chil5	chr3	FALSE	TRUE
Chit1	chr1	FALSE	FALSE
Chl1	chr6	TRUE	TRUE
Chmp2b	chr16	TRUE	TRUE
Chmp3	chr6	FALSE	TRUE
Chmp4b	chr2	TRUE	TRUE
Chmp6	chr11	FALSE	FALSE
Chn1	chr2	TRUE	TRUE
Chn2	chr6	FALSE	FALSE
Chodl	chr16	TRUE	TRUE
Chpf	chr1	FALSE	TRUE
Chpf2	chr5	FALSE	TRUE
Chrd	chr16	TRUE	FALSE
Chrdl1	chrX	TRUE	TRUE
Chrdl2	chr7	FALSE	FALSE
Chrm1	chr19	TRUE	FALSE
Chrm3	chr13	TRUE	TRUE
Chrna2	chr14	TRUE	FALSE
Chrna3	chr9	TRUE	FALSE
Chrna4	chr2	TRUE	FALSE
Chrna5	chr9	TRUE	FALSE
Chrna7	chr7	TRUE	TRUE
Chrnb1	chr11	TRUE	TRUE
Chrnb2	chr3	TRUE	TRUE
Chrnb4	chr9	TRUE	TRUE
Chst1	chr2	FALSE	FALSE
Chst10	chr1	TRUE	FALSE
Chst11	chr10	FALSE	TRUE
Chst13	chr6	FALSE	TRUE
Chst14	chr2	FALSE	TRUE
Chst15	chr7	FALSE	TRUE
Chst2	chr9	FALSE	FALSE
Chst3	chr10	FALSE	TRUE
Chst5	chr8	FALSE	TRUE
Chst7	chrX	FALSE	TRUE
Chst8	chr7	FALSE	TRUE
Chst9	chr18	FALSE	TRUE
Chsy1	chr7	FALSE	FALSE
Chsy3	chr18	FALSE	TRUE
Ciao2b	chr8	FALSE	TRUE
Ciart	chr3	FALSE	TRUE
Cib2	chr9	FALSE	TRUE
Cib4	chr5	FALSE	TRUE
Cic	chr7	TRUE	TRUE
Cilk1	chr9	FALSE	TRUE
Cilp2	chr8	FALSE	FALSE
Cipc	chr12	FALSE	TRUE
Cirbp	chr10	FALSE	TRUE
Cish	chr9	FALSE	TRUE
Cit	chr5	TRUE	FALSE
Cited2	chr10	TRUE	TRUE
Cited4	chr4	FALSE	TRUE
CK137956	chr4	FALSE	FALSE
Ckb	chr12	FALSE	FALSE
Ckmt1	chr2	FALSE	TRUE
Ckmt2	chr13	FALSE	TRUE
Cks2	chr13	FALSE	TRUE
Clcf1	chr19	TRUE	FALSE
Clcn1	chr6	TRUE	FALSE
Clcn2	chr16	TRUE	FALSE
Clcn3	chr8	TRUE	TRUE
Clcnka	chr4	FALSE	FALSE
Clcnkb	chr4	FALSE	FALSE
Cldn1	chr16	TRUE	TRUE
Cldn10	chr14	FALSE	FALSE
Cldn11	chr3	TRUE	TRUE
Cldn12	chr5	FALSE	TRUE
Cldn14	chr16	FALSE	FALSE
Cldn2	chrX	FALSE	FALSE
Cldn22	chr8	FALSE	FALSE
Cldn23	chr8	FALSE	FALSE
Cldn3	chr5	TRUE	FALSE
Cldn4	chr5	FALSE	FALSE
Cldn5	chr16	TRUE	FALSE
Cldn7	chr11	FALSE	FALSE
Cldn9	chr17	FALSE	FALSE
Cldnd1	chr16	FALSE	TRUE
Clec11a	chr7	FALSE	FALSE
Clec16a	chr16	FALSE	FALSE
Clec18a	chr8	FALSE	FALSE
Clec2l	chr6	FALSE	TRUE
Clgn	chr8	FALSE	TRUE
Clic4	chr4	FALSE	FALSE
Clic6	chr16	FALSE	FALSE
Clip2	chr5	FALSE	FALSE
Clip4	chr17	FALSE	FALSE
Clk3	chr9	FALSE	TRUE
Clmn	chr12	TRUE	FALSE
Clmp	chr9	TRUE	TRUE
Cln5	chr14	TRUE	TRUE
Cln8	chr8	TRUE	TRUE
Clnk	chr5	FALSE	TRUE
Clrn1	chr3	TRUE	TRUE
Clrn3	chr7	TRUE	FALSE
Clstn1	chr4	TRUE	TRUE
Clstn2	chr9	TRUE	TRUE
Clstn3	chr6	TRUE	FALSE
Clta	chr4	FALSE	FALSE
Cltb	chr13	TRUE	TRUE
Clu	chr14	TRUE	TRUE
Clvs1	chr4	FALSE	TRUE
Clvs2	chr10	FALSE	TRUE
Cma1	chr14	FALSE	TRUE
Cma2	chr14	FALSE	TRUE
Cmas	chr6	FALSE	TRUE
Cmbl	chr15	FALSE	TRUE
Cmc2	chr8	FALSE	TRUE
Cmip	chr8	FALSE	FALSE
Cmklr1	chr5	FALSE	FALSE
Cmpk2	chr12	FALSE	TRUE
Cmtm1	chr8	FALSE	TRUE
Cmtm3	chr8	FALSE	TRUE
Cmtm4	chr8	FALSE	TRUE
Cmtm5	chr14	FALSE	FALSE
Cmtm7	chr9	FALSE	TRUE
Cmtm8	chr9	TRUE	FALSE
Cmtr1	chr17	FALSE	TRUE
Cmya5	chr13	FALSE	FALSE
Cndp2	chr18	FALSE	TRUE
Cnfn	chr7	FALSE	FALSE
Cnga2	chrX	TRUE	TRUE
Cnga3	chr1	TRUE	FALSE
Cngb1	chr8	TRUE	FALSE
Cngb3	chr4	TRUE	TRUE
Cnih1	chr14	FALSE	TRUE
Cnih2	chr19	TRUE	FALSE
Cnih3	chr1	TRUE	FALSE
Cnksr1	chr4	FALSE	FALSE
Cnksr3	chr10	FALSE	TRUE
Cnmd	chr14	FALSE	TRUE
Cnn1	chr9	FALSE	TRUE
Cnn2	chr10	FALSE	FALSE
Cnn3	chr3	FALSE	TRUE
Cnnm1	chr19	FALSE	TRUE
Cnnm2	chr19	FALSE	FALSE
Cnnm3	chr1	FALSE	TRUE
Cnnm4	chr1	TRUE	TRUE
Cnot11	chr1	FALSE	TRUE
Cnot4	chr6	FALSE	TRUE
Cnp	chr11	TRUE	TRUE
Cnpy1	chr5	FALSE	TRUE
Cnr1	chr4	TRUE	TRUE
Cnst	chr1	FALSE	FALSE
Cntfr	chr4	TRUE	FALSE
Cntln	chr4	FALSE	TRUE
Cntn1	chr15	TRUE	TRUE
Cntn2	chr1	TRUE	FALSE
Cntn3	chr6	TRUE	TRUE
Cntn4	chr6	TRUE	TRUE
Cntn5	chr9	TRUE	TRUE
Cntn6	chr6	TRUE	TRUE
Cntnap1	chr11	TRUE	FALSE
Cntnap2	chr6	TRUE	TRUE
Cntnap4	chr8	TRUE	TRUE
Cntnap5a	chr1	FALSE	TRUE
Cntnap5b	chr1	FALSE	TRUE
Cntrob	chr11	FALSE	TRUE
Coa6	chr8	FALSE	TRUE
Cobl	chr11	TRUE	TRUE
Cobll1	chr2	FALSE	TRUE
Coch	chr12	TRUE	FALSE
Cog1	chr11	FALSE	FALSE
Cog2	chr8	FALSE	TRUE
Cog3	chr14	FALSE	TRUE
Cog4	chr8	FALSE	TRUE
Cog5	chr12	FALSE	TRUE
Cog6	chr3	FALSE	TRUE
Col11a1	chr3	TRUE	TRUE
Col11a2	chr17	TRUE	FALSE
Col12a1	chr9	FALSE	TRUE
Col13a1	chr10	FALSE	FALSE
Col14a1	chr15	FALSE	FALSE
Col15a1	chr4	FALSE	TRUE
Col16a1	chr4	FALSE	FALSE
Col17a1	chr19	FALSE	FALSE
Col18a1	chr10	FALSE	FALSE
Col19a1	chr1	FALSE	TRUE
Col1a1	chr11	TRUE	FALSE
Col1a2	chr6	FALSE	TRUE
Col20a1	chr2	FALSE	FALSE
Col22a1	chr15	FALSE	FALSE
Col23a1	chr11	FALSE	FALSE
Col24a1	chr3	FALSE	TRUE
Col25a1	chr3	TRUE	TRUE
Col26a1	chr5	FALSE	FALSE
Col27a1	chr4	FALSE	FALSE
Col28a1	chr6	FALSE	TRUE
Col2a1	chr15	TRUE	FALSE
Col4a1	chr8	TRUE	TRUE
Col4a2	chr8	FALSE	FALSE
Col4a3	chr1	FALSE	TRUE
Col4a4	chr1	FALSE	FALSE
Col4a6	chrX	FALSE	FALSE
Col5a1	chr2	FALSE	FALSE
Col6a1	chr10	TRUE	FALSE
Col6a2	chr10	TRUE	FALSE
Col6a3	chr1	TRUE	FALSE
Col6a4	chr9	FALSE	TRUE
Col7a1	chr9	FALSE	FALSE
Col8a1	chr16	FALSE	TRUE
Col8a2	chr4	FALSE	FALSE
Col9a1	chr1	FALSE	TRUE
Col9a2	chr4	FALSE	FALSE
Col9a3	chr2	FALSE	FALSE
Colec11	chr12	FALSE	TRUE
Colec12	chr18	FALSE	FALSE
Colgalt1	chr8	FALSE	TRUE
Colgalt2	chr1	FALSE	FALSE
Colq	chr14	TRUE	TRUE
Commd10	chr18	FALSE	TRUE
Commd2	chr3	FALSE	TRUE
Commd3	chr2	FALSE	TRUE
Commd6	chr14	FALSE	TRUE
Commd7	chr2	FALSE	FALSE
Commd8	chr5	FALSE	FALSE
Commd9	chr2	FALSE	TRUE
Comp	chr8	TRUE	FALSE
Comt	chr16	TRUE	FALSE
Comtd1	chr14	FALSE	TRUE
Cop1	chr1	FALSE	TRUE
Copg1	chr6	FALSE	FALSE
Cops8	chr1	FALSE	TRUE
Coq8a	chr1	FALSE	TRUE
Corin	chr5	TRUE	FALSE
Coro1a	chr7	TRUE	FALSE
Coro1c	chr5	TRUE	FALSE
Coro2a	chr4	FALSE	TRUE
Coro2b	chr9	FALSE	FALSE
Coro6	chr11	FALSE	FALSE
Coro7	chr16	FALSE	FALSE
Cotl1	chr8	FALSE	TRUE
Cox14	chr15	FALSE	TRUE
Cox19	chr5	FALSE	TRUE
Cox20	chr1	FALSE	TRUE
Cox4i2	chr2	FALSE	TRUE
Cox6b2	chr7	FALSE	FALSE
Cox7a2l	chr17	FALSE	TRUE
Cox7b2	chr5	FALSE	TRUE
Cox8c	chr12	FALSE	FALSE
Cpa1	chr6	FALSE	FALSE
Cpa2	chr6	FALSE	TRUE
Cpa5	chr6	FALSE	TRUE
Cpe	chr8	TRUE	TRUE
Cpeb1	chr7	TRUE	TRUE
Cpeb2	chr5	TRUE	TRUE
Cpeb4	chr11	TRUE	TRUE
Cped1	chr6	FALSE	FALSE
Cplx1	chr5	TRUE	FALSE
Cplx2	chr13	TRUE	TRUE
Cplx3	chr9	TRUE	FALSE
Cplx4	chr18	TRUE	TRUE
Cpm	chr10	FALSE	FALSE
Cpn2	chr16	FALSE	FALSE
Cpne2	chr8	FALSE	FALSE
Cpne4	chr9	FALSE	FALSE
Cpne5	chr17	TRUE	FALSE
Cpne6	chr14	TRUE	FALSE
Cpne7	chr8	FALSE	FALSE
Cpne8	chr15	FALSE	FALSE
Cpne9	chr6	TRUE	TRUE
Cps1	chr1	FALSE	TRUE
Cpsf4l	chr11	FALSE	FALSE
Cpt1a	chr19	FALSE	FALSE
Cpvl	chr6	FALSE	TRUE
Cpxm1	chr2	FALSE	FALSE
Cpxm2	chr7	FALSE	FALSE
Cpz	chr5	FALSE	TRUE
Crabp2	chr3	TRUE	FALSE
Cracr2a	chr6	FALSE	FALSE
Cracr2b	chr7	FALSE	TRUE
Cradd	chr10	FALSE	TRUE
Crat	chr2	FALSE	FALSE
Crb1	chr1	TRUE	TRUE
Crb2	chr2	TRUE	TRUE
Crbn	chr6	FALSE	TRUE
Crcp	chr5	FALSE	FALSE
Creb1	chr1	TRUE	TRUE
Creb3	chr4	FALSE	TRUE
Creb3l1	chr2	FALSE	FALSE
Creb3l2	chr6	TRUE	TRUE
Creb3l4	chr3	FALSE	TRUE
Creb5	chr6	FALSE	TRUE
Creg1	chr1	FALSE	TRUE
Creg2	chr1	FALSE	FALSE
Creld1	chr6	FALSE	TRUE
Creld2	chr15	FALSE	TRUE
Crem	chr18	FALSE	TRUE
Crh	chr3	TRUE	TRUE
Crhbp	chr13	TRUE	FALSE
Crhr1	chr11	TRUE	FALSE
Crhr2	chr6	TRUE	FALSE
Crim1	chr17	FALSE	TRUE
Crip1	chr12	FALSE	FALSE
Crip2	chr12	FALSE	FALSE
Crip3	chr17	FALSE	FALSE
Cript	chr17	TRUE	FALSE
Crisp4	chr1	FALSE	TRUE
Crispld2	chr8	FALSE	FALSE
Crlf1	chr8	TRUE	FALSE
Crlf2	chr5	FALSE	TRUE
Crmp1	chr5	TRUE	TRUE
Crnkl1	chr2	FALSE	FALSE
Crocc	chr4	FALSE	FALSE
Crocc2	chr1	FALSE	FALSE
Crot	chr5	FALSE	TRUE
Crppa	chr12	TRUE	TRUE
Crtac1	chr19	TRUE	FALSE
Crtc1	chr8	TRUE	FALSE
Crtc2	chr3	FALSE	TRUE
Crtc3	chr7	FALSE	FALSE
Cry1	chr10	FALSE	TRUE
Cry2	chr2	FALSE	TRUE
Cryaa	chr17	TRUE	FALSE
Cryab	chr9	FALSE	TRUE
Cryba2	chr1	TRUE	FALSE
Crybb1	chr5	TRUE	TRUE
Crybb3	chr5	TRUE	TRUE
Crybg1	chr10	FALSE	FALSE
Crybg2	chr4	FALSE	FALSE
Crybg3	chr16	TRUE	TRUE
Cryge	chr1	TRUE	TRUE
Crygf	chr1	TRUE	TRUE
Crygn	chr5	TRUE	TRUE
Crygs	chr16	TRUE	TRUE
Cryl1	chr14	FALSE	TRUE
Crym	chr7	TRUE	TRUE
Cryzl2	chr1	FALSE	FALSE
Csdc2	chr15	FALSE	TRUE
Cse1l	chr2	FALSE	FALSE
Csf1	chr3	TRUE	FALSE
Csf1r	chr18	TRUE	FALSE
Csf2	chr11	TRUE	FALSE
Csf2rb2	chr15	FALSE	FALSE
Csgalnact1	chr8	FALSE	TRUE
Csk	chr9	TRUE	FALSE
Csmd1	chr8	TRUE	FALSE
Csmd2	chr4	TRUE	FALSE
Csmd3	chr15	TRUE	TRUE
Csnk1e	chr15	FALSE	FALSE
Csnk1g3	chr18	FALSE	TRUE
Cspg4	chr9	TRUE	FALSE
Cspg5	chr9	TRUE	TRUE
Csrnp1	chr9	FALSE	FALSE
Csrnp3	chr2	FALSE	TRUE
Csrp1	chr1	FALSE	FALSE
Csrp2	chr10	FALSE	TRUE
Cst3	chr2	FALSE	TRUE
Cst7	chr2	TRUE	FALSE
Cstad	chr2	FALSE	FALSE
Cstb	chr10	FALSE	TRUE
Cstl1	chr2	FALSE	TRUE
Ctbp1	chr5	TRUE	FALSE
Ctbp2	chr7	TRUE	FALSE
Ctbs	chr3	FALSE	TRUE
Ctdsp2	chr10	FALSE	FALSE
Ctdspl	chr9	FALSE	TRUE
Cth	chr3	FALSE	TRUE
Cthrc1	chr15	TRUE	TRUE
Ctif	chr18	FALSE	TRUE
Ctla4	chr1	FALSE	TRUE
Ctnna1	chr18	TRUE	FALSE
Ctnna2	chr6	TRUE	TRUE
Ctnna3	chr10	FALSE	TRUE
Ctnnal1	chr4	FALSE	TRUE
Ctnnb1	chr9	TRUE	FALSE
Ctnnbip1	chr4	FALSE	TRUE
Ctnnbl1	chr2	FALSE	FALSE
Ctnnd1	chr2	TRUE	TRUE
Ctnnd2	chr15	TRUE	TRUE
Ctrb1	chr8	FALSE	FALSE
Ctrl	chr8	FALSE	FALSE
Ctsb	chr14	TRUE	TRUE
Ctsc	chr7	TRUE	TRUE
Ctsg	chr14	FALSE	TRUE
Ctsh	chr9	FALSE	FALSE
Ctso	chr3	FALSE	TRUE
Ctsz	chr2	FALSE	TRUE
Cttnbp2	chr6	TRUE	FALSE
Cttnbp2nl	chr3	FALSE	TRUE
Ctxn1	chr8	FALSE	FALSE
Ctxn2	chr2	FALSE	TRUE
Ctxn3	chr18	FALSE	TRUE
Cuedc1	chr11	FALSE	FALSE
Cul1	chr6	FALSE	TRUE
Cul3	chr1	TRUE	FALSE
Cul7	chr17	TRUE	TRUE
Cux1	chr5	TRUE	FALSE
Cux2	chr5	TRUE	FALSE
Cwc22	chr2	FALSE	TRUE
Cwh43	chr5	TRUE	TRUE
Cx3cl1	chr8	TRUE	FALSE
Cxcl1	chr5	FALSE	TRUE
Cxcl10	chr5	FALSE	TRUE
Cxcl12	chr6	TRUE	FALSE
Cxcl14	chr13	FALSE	FALSE
Cxcl17	chr7	FALSE	FALSE
Cxcl2	chr5	FALSE	FALSE
Cxcl3	chr5	FALSE	FALSE
Cxcl5	chr5	TRUE	FALSE
Cxcr3	chrX	FALSE	FALSE
Cxcr4	chr1	TRUE	FALSE
Cxcr6	chr9	FALSE	TRUE
Cxxc4	chr3	FALSE	TRUE
Cxxc5	chr18	FALSE	TRUE
Cyb561	chr11	FALSE	FALSE
Cyb561d1	chr3	FALSE	TRUE
Cyb5a	chr18	FALSE	TRUE
Cyb5b	chr8	FALSE	TRUE
Cyb5r1	chr1	FALSE	TRUE
Cyb5r3	chr15	FALSE	FALSE
Cyb5r4	chr9	FALSE	TRUE
Cyba	chr8	FALSE	FALSE
Cybrd1	chr2	FALSE	FALSE
Cycs	chr6	FALSE	TRUE
Cylc2	chr4	FALSE	TRUE
Cyld	chr8	FALSE	TRUE
Cyp11a1	chr9	FALSE	FALSE
Cyp1b1	chr17	TRUE	FALSE
Cyp24a1	chr2	FALSE	FALSE
Cyp26a1	chr19	TRUE	FALSE
Cyp26b1	chr6	TRUE	FALSE
Cyp26c1	chr19	TRUE	FALSE
Cyp27a1	chr1	FALSE	FALSE
Cyp27b1	chr10	FALSE	FALSE
Cyp2d26	chr15	FALSE	FALSE
Cyp2j13	chr4	FALSE	TRUE
Cyp2j9	chr4	FALSE	TRUE
Cyp2u1	chr3	FALSE	TRUE
Cyp2w1	chr5	FALSE	FALSE
Cyp46a1	chr12	TRUE	TRUE
Cyp4v3	chr8	FALSE	TRUE
Cyp51	chr5	FALSE	TRUE
Cyp7b1	chr3	TRUE	TRUE
Cyp8b1	chr9	FALSE	FALSE
Cypt12	chr3	FALSE	TRUE
Cyren	chr6	FALSE	TRUE
Cys1	chr12	FALSE	TRUE
Cysrt1	chr2	FALSE	TRUE
Cystm1	chr18	FALSE	TRUE
Cyth1	chr11	TRUE	TRUE
Cyth4	chr15	FALSE	FALSE
Cytip	chr2	FALSE	TRUE
Cytl1	chr5	FALSE	FALSE
Cyyr1	chr16	FALSE	TRUE
D130043K22Rik	chr13	TRUE	TRUE
D16Ertd472e	chr16	TRUE	FALSE
D3Ertd751e	chr3	FALSE	TRUE
D430019H16Rik	chr12	FALSE	FALSE
D430041D05Rik	chr2	FALSE	FALSE
D5Ertd579e	chr5	FALSE	TRUE
D630003M21Rik	chr2	FALSE	FALSE
D630039A03Rik	chr4	FALSE	FALSE
D630045J12Rik	chr6	FALSE	TRUE
D6Ertd527e	chr6	FALSE	FALSE
D7Ertd443e	chr7	FALSE	FALSE
D930020B18Rik	chr10	FALSE	TRUE
Daam1	chr12	TRUE	TRUE
Daam2	chr17	TRUE	TRUE
Dab1	chr4	TRUE	TRUE
Dab2	chr15	TRUE	FALSE
Dab2ip	chr2	TRUE	TRUE
Dach1	chr14	FALSE	TRUE
Dach2	chrX	FALSE	TRUE
Dact1	chr12	TRUE	TRUE
Dact2	chr17	FALSE	TRUE
Dad1	chr14	FALSE	FALSE
Dagla	chr19	TRUE	FALSE
Dand5	chr8	FALSE	TRUE
Dap	chr15	FALSE	TRUE
Dapk1	chr13	FALSE	TRUE
Dapk2	chr9	FALSE	FALSE
Dapl1	chr2	FALSE	TRUE
Daw1	chr1	TRUE	TRUE
Dazap1	chr10	FALSE	FALSE
Dazl	chr17	FALSE	TRUE
Dbf4	chr5	FALSE	TRUE
Dbh	chr2	TRUE	FALSE
Dbi	chr1	TRUE	TRUE
Dbn1	chr13	TRUE	FALSE
Dbndd1	chr8	FALSE	FALSE
Dbndd2	chr2	TRUE	FALSE
Dbt	chr3	FALSE	TRUE
Dbx1	chr7	TRUE	FALSE
Dbx2	chr15	FALSE	FALSE
Dcaf11	chr14	TRUE	TRUE
Dcaf13	chr15	FALSE	TRUE
Dcaf7	chr11	FALSE	FALSE
Dcbld1	chr10	FALSE	TRUE
Dcbld2	chr16	FALSE	TRUE
Dcc	chr18	TRUE	TRUE
Dcdc2c	chr12	FALSE	TRUE
Dchs1	chr7	TRUE	TRUE
Dchs2	chr3	FALSE	TRUE
Dck	chr5	FALSE	TRUE
Dclk1	chr3	TRUE	TRUE
Dclk2	chr3	TRUE	TRUE
Dclre1c	chr2	FALSE	TRUE
Dcp1a	chr14	FALSE	TRUE
Dcp1b	chr6	FALSE	TRUE
Dcp2	chr18	FALSE	FALSE
Dcst1	chr3	FALSE	TRUE
Dcstamp	chr15	TRUE	TRUE
Dct	chr14	TRUE	TRUE
Dctd	chr8	FALSE	TRUE
Dctn1	chr6	TRUE	FALSE
Dctn3	chr4	FALSE	TRUE
Dctn4	chr18	FALSE	TRUE
Dctn6	chr8	FALSE	TRUE
Dcun1d1	chr3	FALSE	TRUE
Dcun1d4	chr5	FALSE	TRUE
Dcx	chrX	TRUE	TRUE
Dcxr	chr11	FALSE	FALSE
Ddah1	chr3	FALSE	TRUE
Ddah2	chr17	FALSE	FALSE
Ddc	chr11	TRUE	TRUE
Ddhd1	chr14	FALSE	TRUE
Ddhd2	chr8	TRUE	TRUE
Ddit3	chr10	TRUE	TRUE
Ddit4	chr10	TRUE	FALSE
Ddit4l	chr3	FALSE	FALSE
Ddn	chr15	FALSE	FALSE
Ddo	chr10	TRUE	TRUE
Ddr2	chr1	TRUE	TRUE
Ddt	chr10	FALSE	TRUE
Ddx11	chr17	FALSE	TRUE
Ddx18	chr1	FALSE	TRUE
Ddx19a	chr8	FALSE	TRUE
Ddx20	chr3	FALSE	TRUE
Ddx25	chr9	FALSE	TRUE
Ddx27	chr2	FALSE	FALSE
Ddx31	chr2	FALSE	TRUE
Ddx43	chr9	FALSE	FALSE
Ddx54	chr5	FALSE	TRUE
Ddx59	chr1	FALSE	TRUE
Ddx60	chr8	FALSE	TRUE
Decr1	chr4	FALSE	TRUE
Def6	chr17	FALSE	FALSE
Defb41	chr1	FALSE	TRUE
Defb48	chr14	FALSE	TRUE
Degs1	chr1	TRUE	TRUE
Degs2	chr12	FALSE	FALSE
Dele1	chr18	FALSE	TRUE
Dennd11	chr6	FALSE	TRUE
Dennd1a	chr2	TRUE	TRUE
Dennd1b	chr1	FALSE	TRUE
Dennd2a	chr6	FALSE	TRUE
Dennd2c	chr3	FALSE	FALSE
Dennd2d	chr3	FALSE	FALSE
Dennd3	chr15	FALSE	FALSE
Dennd4b	chr3	FALSE	TRUE
Dennd4c	chr4	FALSE	TRUE
Dennd5b	chr6	FALSE	TRUE
Depdc1a	chr3	FALSE	TRUE
Depdc1b	chr13	FALSE	TRUE
Depdc5	chr5	FALSE	TRUE
Depdc7	chr2	FALSE	FALSE
Depp1	chr6	FALSE	TRUE
Deptor	chr15	FALSE	TRUE
Derl1	chr15	FALSE	TRUE
Derl3	chr10	FALSE	FALSE
Des	chr1	FALSE	TRUE
Desi2	chr1	FALSE	TRUE
Dexi	chr16	FALSE	TRUE
Dgat2	chr7	FALSE	FALSE
Dgcr2	chr16	TRUE	TRUE
Dgcr6	chr16	FALSE	TRUE
Dgka	chr10	FALSE	TRUE
Dgkb	chr12	TRUE	TRUE
Dgkd	chr1	FALSE	FALSE
Dgkg	chr16	TRUE	TRUE
Dgkh	chr14	FALSE	TRUE
Dgki	chr6	TRUE	TRUE
Dgkq	chr5	TRUE	TRUE
Dgkz	chr2	TRUE	TRUE
Dglucy	chr12	FALSE	TRUE
Dhcr24	chr4	FALSE	TRUE
Dhdh	chr7	FALSE	FALSE
Dhh	chr15	TRUE	FALSE
Dhrs11	chr11	FALSE	FALSE
Dhrs2	chr14	FALSE	FALSE
Dhrs3	chr4	FALSE	FALSE
Dhrs4	chr14	FALSE	TRUE
Dhrs7	chr12	FALSE	TRUE
Dhrs7c	chr11	FALSE	FALSE
Dhrs9	chr2	FALSE	FALSE
Dhx29	chr13	FALSE	TRUE
Dhx32	chr7	FALSE	TRUE
Dhx35	chr2	FALSE	FALSE
Dhx37	chr5	TRUE	FALSE
Dhx40	chr11	FALSE	TRUE
Dhx58	chr11	FALSE	FALSE
Diaph1	chr18	TRUE	TRUE
Diaph2	chrX	TRUE	TRUE
Diaph3	chr14	TRUE	TRUE
Dicer1	chr12	TRUE	TRUE
Dimt1	chr13	FALSE	TRUE
Dio1	chr4	FALSE	TRUE
Dio2	chr12	FALSE	TRUE
Dio3	chr12	TRUE	FALSE
Dip2b	chr15	TRUE	TRUE
Dip2c	chr13	FALSE	TRUE
Dipk1b	chr2	FALSE	TRUE
Dipk1c	chr18	FALSE	TRUE
Dipk2a	chr9	FALSE	TRUE
Dipk2b	chrX	FALSE	TRUE
Diras2	chr13	FALSE	FALSE
Disc1	chr8	TRUE	FALSE
Disp2	chr2	FALSE	TRUE
Disp3	chr4	TRUE	FALSE
Dixdc1	chr9	TRUE	TRUE
Dkk1	chr19	TRUE	FALSE
Dkk2	chr3	FALSE	TRUE
Dkk3	chr7	FALSE	FALSE
Dlc1	chr8	TRUE	TRUE
Dlec1	chr9	FALSE	FALSE
Dleu7	chr14	FALSE	TRUE
Dlg1	chr16	TRUE	TRUE
Dlg2	chr7	TRUE	TRUE
Dlg3	chrX	TRUE	FALSE
Dlg5	chr14	TRUE	FALSE
Dlgap1	chr17	TRUE	TRUE
Dlgap2	chr8	TRUE	TRUE
Dlgap3	chr4	TRUE	FALSE
Dlgap4	chr2	TRUE	FALSE
Dlk1	chr12	FALSE	FALSE
Dlk2	chr17	FALSE	FALSE
Dll1	chr17	TRUE	FALSE
Dll4	chr2	TRUE	TRUE
Dlx2	chr2	TRUE	FALSE
Dlx3	chr11	TRUE	FALSE
Dlx4	chr11	FALSE	FALSE
Dlx5	chr6	TRUE	FALSE
Dmac1	chr4	FALSE	TRUE
Dmbt1	chr7	FALSE	TRUE
Dmbx1	chr4	TRUE	FALSE
Dmd	chrX	TRUE	TRUE
Dmpk	chr7	TRUE	FALSE
Dmrt1	chr19	FALSE	FALSE
Dmrt2	chr19	FALSE	TRUE
Dmrt3	chr19	TRUE	FALSE
Dmrta1	chr4	FALSE	FALSE
Dmrta2	chr4	TRUE	FALSE
Dmrtb1	chr4	FALSE	FALSE
Dmrtc1b	chrX	FALSE	FALSE
Dmtf1	chr5	FALSE	TRUE
Dmtn	chr14	FALSE	TRUE
Dmxl1	chr18	FALSE	TRUE
Dnaaf2	chr12	TRUE	TRUE
Dnah1	chr14	TRUE	TRUE
Dnah10	chr5	FALSE	FALSE
Dnah11	chr12	TRUE	TRUE
Dnah17	chr11	TRUE	FALSE
Dnah2	chr11	TRUE	FALSE
Dnah5	chr15	TRUE	TRUE
Dnah6	chr6	FALSE	TRUE
Dnah7a	chr1	TRUE	TRUE
Dnah8	chr17	TRUE	FALSE
Dnajb2	chr1	FALSE	TRUE
Dnajb4	chr3	FALSE	TRUE
Dnajb5	chr4	FALSE	TRUE
Dnajb6	chr5	FALSE	FALSE
Dnajb8	chr6	FALSE	FALSE
Dnajc1	chr2	FALSE	TRUE
Dnajc13	chr9	FALSE	TRUE
Dnajc22	chr15	FALSE	FALSE
Dnajc24	chr2	FALSE	TRUE
Dnajc3	chr14	FALSE	TRUE
Dnajc4	chr19	FALSE	TRUE
Dnajc5b	chr3	FALSE	TRUE
Dnajc6	chr4	TRUE	TRUE
Dnase1l2	chr17	FALSE	FALSE
Dnase2a	chr8	FALSE	TRUE
Dnase2b	chr3	FALSE	TRUE
Dner	chr1	TRUE	FALSE
Dnm2	chr9	TRUE	TRUE
Dnm3	chr1	TRUE	TRUE
Dnmt3a	chr12	TRUE	FALSE
Dnmt3b	chr2	TRUE	TRUE
Dnpep	chr1	FALSE	TRUE
Doc2a	chr7	TRUE	FALSE
Doc2b	chr11	TRUE	FALSE
Dock1	chr7	TRUE	TRUE
Dock10	chr1	TRUE	FALSE
Dock11	chrX	FALSE	FALSE
Dock4	chr12	TRUE	TRUE
Dock5	chr14	FALSE	TRUE
Dock7	chr4	TRUE	TRUE
Dock8	chr19	TRUE	TRUE
Dock9	chr14	FALSE	TRUE
Dok1	chr6	FALSE	FALSE
Dok2	chr14	FALSE	FALSE
Dok4	chr8	TRUE	TRUE
Dok5	chr2	TRUE	TRUE
Dok6	chr18	FALSE	TRUE
Dok7	chr5	TRUE	TRUE
Dolpp1	chr2	FALSE	TRUE
Dot1l	chr10	FALSE	FALSE
Dpf1	chr7	TRUE	TRUE
Dpf3	chr12	TRUE	TRUE
Dph1	chr11	FALSE	TRUE
Dph3	chr14	FALSE	TRUE
Dph6	chr2	FALSE	FALSE
Dpp10	chr1	FALSE	TRUE
Dpp4	chr2	FALSE	TRUE
Dpp6	chr5	TRUE	TRUE
Dppa2	chr16	FALSE	TRUE
Dpt	chr1	FALSE	TRUE
Dpy19l1	chr9	FALSE	FALSE
Dpy19l4	chr4	FALSE	TRUE
Dpyd	chr3	FALSE	FALSE
Dpys	chr15	FALSE	TRUE
Dpysl2	chr14	TRUE	TRUE
Dpysl3	chr18	TRUE	FALSE
Dpysl4	chr7	FALSE	FALSE
Dpysl5	chr5	TRUE	TRUE
Dram1	chr10	FALSE	TRUE
Draxin	chr4	TRUE	FALSE
Drc1	chr5	TRUE	TRUE
Drc7	chr8	TRUE	TRUE
Drd1	chr13	TRUE	TRUE
Drd2	chr9	TRUE	FALSE
Drd3	chr16	TRUE	FALSE
Drd4	chr7	TRUE	FALSE
Drd5	chr5	TRUE	FALSE
Drp2	chrX	TRUE	TRUE
Dsc2	chr18	FALSE	TRUE
Dsc3	chr18	FALSE	TRUE
Dscam	chr16	TRUE	TRUE
Dscaml1	chr9	TRUE	TRUE
Dscc1	chr15	FALSE	TRUE
Dse	chr10	FALSE	TRUE
Dsel	chr1	FALSE	TRUE
Dsg1c	chr18	FALSE	TRUE
Dsg2	chr18	FALSE	TRUE
Dsp	chr13	FALSE	FALSE
Dst	chr1	TRUE	TRUE
Dstn	chr2	FALSE	TRUE
Dtd1	chr2	FALSE	TRUE
Dtd2	chr12	FALSE	TRUE
Dtl	chr1	FALSE	TRUE
Dtna	chr18	TRUE	TRUE
Dtnb	chr12	TRUE	FALSE
Dtnbp1	chr13	TRUE	TRUE
Dtx1	chr5	TRUE	FALSE
Dtx4	chr19	FALSE	TRUE
Duox1	chr2	FALSE	FALSE
Duox2	chr2	TRUE	FALSE
Duoxa1	chr2	TRUE	TRUE
Duoxa2	chr2	FALSE	FALSE
Dusp1	chr17	FALSE	TRUE
Dusp10	chr1	TRUE	TRUE
Dusp14	chr11	FALSE	TRUE
Dusp15	chr2	TRUE	TRUE
Dusp2	chr2	FALSE	FALSE
Dusp23	chr1	FALSE	TRUE
Dusp26	chr8	FALSE	TRUE
Dusp28	chr1	FALSE	TRUE
Dusp4	chr8	FALSE	TRUE
Dusp5	chr19	FALSE	TRUE
Dusp6	chr10	FALSE	TRUE
Dusp7	chr9	FALSE	TRUE
Dusp8	chr7	FALSE	FALSE
Dusp9	chrX	FALSE	FALSE
Dut	chr2	FALSE	TRUE
Duxbl1	chr14	FALSE	FALSE
Dym	chr18	FALSE	FALSE
Dync1i1	chr6	FALSE	TRUE
Dync1i2	chr2	TRUE	TRUE
Dync2li1	chr17	FALSE	TRUE
Dynlrb2	chr8	FALSE	TRUE
Dyrk2	chr10	FALSE	TRUE
Dyrk3	chr1	FALSE	TRUE
Dysf	chr6	FALSE	FALSE
Dytn	chr1	TRUE	TRUE
Dzip1	chr14	FALSE	TRUE
E030018B13Rik	chr7	FALSE	TRUE
E030025P04Rik	chr11	FALSE	TRUE
E130114P18Rik	chr4	FALSE	TRUE
E130308A19Rik	chr4	FALSE	TRUE
E2f1	chr2	TRUE	TRUE
E2f2	chr4	FALSE	FALSE
E2f3	chr13	FALSE	TRUE
E2f5	chr3	FALSE	TRUE
E2f7	chr10	FALSE	TRUE
E2f8	chr7	FALSE	FALSE
Eaf2	chr16	FALSE	TRUE
Ebag9	chr15	FALSE	TRUE
Ebf1	chr11	FALSE	TRUE
Ebf2	chr14	FALSE	FALSE
Ebf3	chr7	FALSE	FALSE
Ebf4	chr2	FALSE	FALSE
Ece1	chr4	TRUE	FALSE
Ecel1	chr1	FALSE	FALSE
Echdc3	chr2	FALSE	TRUE
Eci2	chr13	FALSE	TRUE
Eci3	chr13	FALSE	FALSE
Ecrg4	chr1	TRUE	FALSE
Ect2	chr3	TRUE	TRUE
Eda	chrX	FALSE	TRUE
Edar	chr10	FALSE	FALSE
Edem1	chr6	FALSE	TRUE
Edf1	chr2	FALSE	FALSE
Edil3	chr13	FALSE	TRUE
Edn1	chr13	TRUE	FALSE
Edn2	chr4	TRUE	FALSE
Ednrb	chr14	TRUE	FALSE
Eea1	chr10	TRUE	TRUE
Eef1a1	chr9	FALSE	TRUE
Eef1a2	chr2	FALSE	TRUE
Eef2k	chr7	TRUE	TRUE
Eef2kmt	chr16	FALSE	TRUE
Eefsec	chr6	FALSE	TRUE
Eepd1	chr9	FALSE	TRUE
Efcab11	chr12	FALSE	TRUE
Efcab12	chr6	FALSE	TRUE
Efcab2	chr1	FALSE	TRUE
Efcab6	chr15	FALSE	TRUE
Efcab7	chr4	FALSE	TRUE
Efcab8	chr2	FALSE	TRUE
Efcc1	chr6	FALSE	TRUE
Efhc1	chr1	TRUE	TRUE
Efhd1	chr1	TRUE	FALSE
Efhd2	chr4	FALSE	FALSE
Efna1	chr3	TRUE	TRUE
Efna2	chr10	TRUE	FALSE
Efna3	chr3	TRUE	FALSE
Efna4	chr3	TRUE	FALSE
Efna5	chr17	TRUE	FALSE
Efnb1	chrX	TRUE	FALSE
Efnb2	chr8	TRUE	FALSE
Efnb3	chr11	TRUE	FALSE
Efr3a	chr15	TRUE	TRUE
Efr3b	chr12	TRUE	TRUE
Efs	chr14	FALSE	FALSE
Egf	chr3	TRUE	TRUE
Egfl7	chr2	FALSE	FALSE
Egflam	chr15	FALSE	FALSE
Egfr	chr11	TRUE	FALSE
Egln3	chr12	TRUE	TRUE
Egr1	chr18	TRUE	TRUE
Egr2	chr10	TRUE	FALSE
Egr3	chr14	TRUE	TRUE
Egr4	chr6	FALSE	TRUE
Ehbp1	chr11	FALSE	TRUE
Ehbp1l1	chr19	FALSE	FALSE
Ehd1	chr19	TRUE	FALSE
Ehd3	chr17	FALSE	TRUE
Ehd4	chr2	FALSE	TRUE
Ehf	chr2	FALSE	TRUE
Ehhadh	chr16	FALSE	TRUE
Eid1	chr2	FALSE	TRUE
Eif1a	chr18	FALSE	FALSE
Eif2a	chr3	FALSE	TRUE
Eif2ak2	chr17	FALSE	TRUE
Eif2ak3	chr6	TRUE	TRUE
Eif2ak4	chr2	TRUE	TRUE
Eif2b2	chr12	TRUE	TRUE
Eif2d	chr1	FALSE	FALSE
Eif3h	chr15	FALSE	TRUE
Eif3j2	chr18	FALSE	FALSE
Eif4b	chr15	FALSE	FALSE
Eif4e	chr3	TRUE	FALSE
Eif4e2	chr1	FALSE	TRUE
Eif4e3	chr6	FALSE	TRUE
Eif4ebp1	chr8	FALSE	FALSE
Eif4g2	chr7	TRUE	TRUE
Eif5a2	chr3	FALSE	TRUE
Eipr1	chr12	FALSE	FALSE
Elac2	chr11	FALSE	FALSE
Elavl2	chr4	TRUE	FALSE
Elavl3	chr9	TRUE	TRUE
Elavl4	chr4	TRUE	TRUE
Elf3	chr1	FALSE	TRUE
Elf4	chrX	FALSE	TRUE
Elf5	chr2	FALSE	TRUE
Elfn1	chr5	TRUE	FALSE
Elfn2	chr15	TRUE	FALSE
Elk3	chr10	FALSE	TRUE
Ell	chr8	FALSE	TRUE
Ell2	chr13	FALSE	TRUE
Elmo1	chr13	TRUE	TRUE
Elmo2	chr2	FALSE	FALSE
Elmod1	chr9	FALSE	TRUE
Elmod3	chr6	TRUE	TRUE
Eln	chr5	FALSE	FALSE
Eloc	chr1	FALSE	TRUE
Elovl3	chr19	FALSE	FALSE
Elovl4	chr9	FALSE	TRUE
Elovl5	chr9	FALSE	TRUE
Elovl6	chr3	FALSE	TRUE
Elovl7	chr13	FALSE	TRUE
Elp3	chr14	TRUE	FALSE
Elp4	chr2	FALSE	TRUE
Emb	chr13	TRUE	TRUE
Emc2	chr15	FALSE	TRUE
Emcn	chr3	FALSE	TRUE
Emid1	chr11	FALSE	TRUE
Emilin1	chr5	FALSE	TRUE
Emilin2	chr17	FALSE	TRUE
Emilin3	chr2	FALSE	TRUE
Eml1	chr12	TRUE	TRUE
Eml2	chr7	FALSE	TRUE
Eml4	chr17	FALSE	TRUE
Eml5	chr12	FALSE	TRUE
Eml6	chr11	FALSE	TRUE
Emp1	chr6	FALSE	FALSE
Emsy	chr7	FALSE	TRUE
Emx1	chr6	TRUE	FALSE
Emx2	chr19	TRUE	FALSE
En1	chr1	TRUE	FALSE
En2	chr5	TRUE	TRUE
Enah	chr1	TRUE	TRUE
Enc1	chr13	TRUE	TRUE
Endod1	chr9	FALSE	TRUE
Endou	chr15	FALSE	FALSE
Endov	chr11	FALSE	FALSE
Engase	chr11	FALSE	FALSE
Enho	chr4	FALSE	TRUE
Enkd1	chr8	FALSE	TRUE
Enkur	chr2	FALSE	TRUE
Eno1	chr4	FALSE	TRUE
Eno1b	chr18	FALSE	TRUE
Eno2	chr6	FALSE	FALSE
Eno4	chr19	FALSE	TRUE
Enox1	chr14	FALSE	TRUE
Enpep	chr3	FALSE	FALSE
Enpp1	chr10	TRUE	FALSE
Enpp2	chr15	TRUE	TRUE
Enpp4	chr17	FALSE	TRUE
Enpp6	chr8	FALSE	TRUE
Enpp7	chr11	FALSE	FALSE
Ensa	chr3	FALSE	TRUE
Enthd1	chr15	FALSE	FALSE
Entpd1	chr19	FALSE	TRUE
Entpd2	chr2	FALSE	FALSE
Entpd6	chr2	FALSE	TRUE
Entpd7	chr19	FALSE	TRUE
Entpd8	chr2	FALSE	FALSE
Eny2	chr15	FALSE	TRUE
Eogt	chr6	FALSE	TRUE
Eomes	chr9	TRUE	TRUE
Ep300	chr15	TRUE	FALSE
Epas1	chr17	TRUE	FALSE
Epb41l1	chr2	TRUE	FALSE
Epb41l2	chr10	FALSE	TRUE
Epb41l3	chr17	TRUE	TRUE
Epb41l4a	chr18	FALSE	FALSE
Epb41l4b	chr4	FALSE	TRUE
Epb41l5	chr1	FALSE	TRUE
Epc2	chr2	FALSE	TRUE
Epcam	chr17	FALSE	TRUE
Epha1	chr6	FALSE	TRUE
Epha10	chr4	TRUE	FALSE
Epha2	chr4	TRUE	FALSE
Epha3	chr16	TRUE	TRUE
Epha4	chr1	TRUE	FALSE
Epha5	chr5	TRUE	TRUE
Epha6	chr16	TRUE	TRUE
Epha7	chr4	TRUE	TRUE
Epha8	chr4	TRUE	FALSE
Ephb1	chr9	TRUE	FALSE
Ephb2	chr4	TRUE	FALSE
Ephb3	chr16	TRUE	TRUE
Ephb6	chr6	TRUE	TRUE
Ephx1	chr1	FALSE	TRUE
Ephx3	chr17	FALSE	FALSE
Epm2a	chr10	TRUE	TRUE
Epn3	chr11	FALSE	TRUE
Epop	chr11	TRUE	FALSE
Epor	chr9	TRUE	TRUE
Eppk1	chr15	FALSE	FALSE
Eps15	chr4	TRUE	TRUE
Eps8	chr6	TRUE	TRUE
Eps8l1	chr7	FALSE	FALSE
Eps8l2	chr7	TRUE	FALSE
Eps8l3	chr3	FALSE	FALSE
Epsti1	chr14	FALSE	TRUE
Erbb2	chr11	TRUE	FALSE
Erbb3	chr10	TRUE	FALSE
Erbb4	chr1	TRUE	TRUE
Erbin	chr13	TRUE	FALSE
Erc2	chr14	TRUE	TRUE
Ercc1	chr7	FALSE	TRUE
Ercc5	chr1	FALSE	TRUE
Ercc6	chr14	TRUE	FALSE
Ercc6l2	chr13	FALSE	TRUE
Ercc8	chr13	FALSE	TRUE
Ereg	chr5	FALSE	TRUE
Erf	chr7	FALSE	TRUE
Erfe	chr1	FALSE	FALSE
Erfl	chr7	FALSE	FALSE
Erg	chr16	FALSE	FALSE
Eri1	chr8	FALSE	TRUE
Eri3	chr4	FALSE	FALSE
Erich1	chr8	FALSE	TRUE
Erich2	chr2	FALSE	TRUE
Erich3	chr3	FALSE	TRUE
Erich6	chr3	FALSE	TRUE
Erich6b	chr14	FALSE	FALSE
Erlin2	chr8	FALSE	TRUE
Ermard	chr17	FALSE	TRUE
Ermn	chr2	FALSE	TRUE
Erp27	chr6	FALSE	TRUE
Erp44	chr4	FALSE	FALSE
Esam	chr9	FALSE	TRUE
Esco2	chr14	FALSE	TRUE
Esd	chr14	FALSE	TRUE
Espn	chr4	TRUE	FALSE
Espnl	chr1	TRUE	FALSE
Esr1	chr10	TRUE	FALSE
Esr2	chr12	TRUE	FALSE
Esrp1	chr4	TRUE	FALSE
Esrra	chr19	FALSE	TRUE
Esrrb	chr12	FALSE	FALSE
Esrrg	chr1	FALSE	TRUE
Esx1	chrX	FALSE	FALSE
Esyt1	chr10	FALSE	TRUE
Esyt2	chr12	FALSE	TRUE
Esyt3	chr9	FALSE	FALSE
Etaa1	chr11	FALSE	TRUE
Etfdh	chr3	FALSE	TRUE
Etl4	chr2	FALSE	TRUE
Etnk1	chr6	FALSE	TRUE
Etnk2	chr1	FALSE	FALSE
Ets1	chr9	FALSE	FALSE
Ets2	chr16	FALSE	TRUE
Etv1	chr12	TRUE	TRUE
Etv2	chr7	FALSE	FALSE
Etv3	chr3	FALSE	TRUE
Etv4	chr11	TRUE	FALSE
Etv5	chr16	TRUE	TRUE
Etv6	chr6	TRUE	TRUE
Eva1a	chr6	FALSE	FALSE
Eva1b	chr4	FALSE	FALSE
Eva1c	chr16	FALSE	TRUE
Evc	chr5	FALSE	FALSE
Evc2	chr5	FALSE	TRUE
Evi5l	chr8	FALSE	TRUE
Evl	chr12	TRUE	TRUE
Evpl	chr11	FALSE	FALSE
Evx1	chr6	TRUE	FALSE
Evx2	chr2	FALSE	FALSE
Exo1	chr1	FALSE	TRUE
Exoc2	chr13	FALSE	TRUE
Exoc3	chr13	FALSE	FALSE
Exoc3l	chr8	FALSE	TRUE
Exoc3l4	chr12	FALSE	FALSE
Exoc4	chr6	TRUE	TRUE
Exoc5	chr14	FALSE	TRUE
Exoc7	chr11	FALSE	FALSE
Exog	chr9	FALSE	TRUE
Exosc6	chr8	FALSE	TRUE
Exph5	chr9	FALSE	TRUE
Ext1	chr15	TRUE	TRUE
Ext2	chr2	FALSE	TRUE
Extl1	chr4	FALSE	FALSE
Extl2	chr3	FALSE	TRUE
Extl3	chr14	FALSE	TRUE
Eya1	chr1	TRUE	TRUE
Eya2	chr2	FALSE	TRUE
Eya4	chr10	TRUE	FALSE
Ezh2	chr6	TRUE	TRUE
Ezr	chr17	TRUE	FALSE
F10	chr8	FALSE	FALSE
F11	chr8	FALSE	TRUE
F11r	chr1	FALSE	TRUE
F13a1	chr13	FALSE	TRUE
F2r	chr13	TRUE	TRUE
F2rl1	chr13	TRUE	FALSE
F2rl2	chr13	FALSE	TRUE
F3	chr3	FALSE	TRUE
F7	chr8	FALSE	FALSE
F830045P16Rik	chr2	FALSE	TRUE
Fa2h	chr8	TRUE	TRUE
Faah	chr4	TRUE	FALSE
Faap20	chr4	FALSE	TRUE
Fabp12	chr3	FALSE	TRUE
Fabp3	chr4	FALSE	TRUE
Fabp5	chr3	TRUE	TRUE
Fabp6	chr11	FALSE	TRUE
Fabp7	chr10	TRUE	TRUE
Fads1	chr19	FALSE	TRUE
Fads2	chr19	FALSE	FALSE
Fads3	chr19	FALSE	TRUE
Fads6	chr11	FALSE	TRUE
Fah	chr7	FALSE	TRUE
Fahd2a	chr2	FALSE	FALSE
Faim	chr9	TRUE	TRUE
Faim2	chr15	TRUE	FALSE
Fam107a	chr14	TRUE	TRUE
Fam107b	chr2	TRUE	TRUE
Fam110a	chr2	FALSE	TRUE
Fam110b	chr4	FALSE	FALSE
Fam110c	chr12	FALSE	FALSE
Fam114a1	chr5	FALSE	TRUE
Fam117a	chr11	FALSE	FALSE
Fam118a	chr15	FALSE	TRUE
Fam120a	chr13	FALSE	TRUE
Fam120b	chr17	FALSE	TRUE
Fam124a	chr14	FALSE	TRUE
Fam131a	chr16	FALSE	TRUE
Fam131b	chr6	FALSE	TRUE
Fam131c	chr4	FALSE	FALSE
Fam135a	chr1	FALSE	TRUE
Fam135b	chr15	FALSE	TRUE
Fam136a	chr6	FALSE	TRUE
Fam13a	chr6	FALSE	TRUE
Fam13b	chr18	FALSE	TRUE
Fam13c	chr10	FALSE	TRUE
Fam149a	chr8	FALSE	TRUE
Fam163a	chr1	FALSE	FALSE
Fam163b	chr2	FALSE	TRUE
Fam167a	chr14	FALSE	FALSE
Fam169a	chr13	FALSE	TRUE
Fam169b	chr7	FALSE	FALSE
Fam170b	chr14	FALSE	TRUE
Fam171a1	chr2	FALSE	TRUE
Fam171a2	chr11	FALSE	FALSE
Fam171b	chr2	FALSE	TRUE
Fam174a	chr1	FALSE	TRUE
Fam174b	chr7	FALSE	TRUE
Fam178b	chr1	FALSE	FALSE
Fam180a	chr6	FALSE	TRUE
Fam181a	chr12	FALSE	TRUE
Fam184a	chr10	FALSE	TRUE
Fam185a	chr5	FALSE	TRUE
Fam187b	chr7	FALSE	FALSE
Fam20a	chr11	FALSE	FALSE
Fam20b	chr1	FALSE	TRUE
Fam20c	chr5	FALSE	FALSE
Fam210b	chr2	FALSE	TRUE
Fam216b	chr14	FALSE	TRUE
Fam222a	chr5	FALSE	FALSE
Fam241a	chr3	FALSE	TRUE
Fam241b	chr10	FALSE	TRUE
Fam243	chr16	FALSE	TRUE
Fam3c	chr6	FALSE	TRUE
Fam43a	chr16	FALSE	TRUE
Fam43b	chr4	FALSE	FALSE
Fam50b	chr13	FALSE	TRUE
Fam53a	chr5	FALSE	TRUE
Fam53b	chr7	FALSE	FALSE
Fam72a	chr1	FALSE	TRUE
Fam76b	chr9	FALSE	TRUE
Fam78a	chr2	FALSE	FALSE
Fam78b	chr1	FALSE	TRUE
Fam81b	chr13	FALSE	TRUE
Fam83a	chr15	FALSE	TRUE
Fam83d	chr2	FALSE	FALSE
Fam83f	chr15	FALSE	FALSE
Fam83g	chr11	FALSE	FALSE
Fam89a	chr8	FALSE	FALSE
Fam89b	chr19	FALSE	TRUE
Fam90a1b	chrX	FALSE	TRUE
Fam91a1	chr15	FALSE	TRUE
Fam98a	chr17	FALSE	TRUE
Fam98b	chr2	FALSE	FALSE
Fancb	chrX	FALSE	TRUE
Fancc	chr13	TRUE	TRUE
Fancf	chr7	FALSE	TRUE
Fank1	chr7	FALSE	TRUE
Fap	chr2	FALSE	TRUE
Far1	chr7	FALSE	TRUE
Far2	chr6	FALSE	TRUE
Farp1	chr14	TRUE	TRUE
Fars2	chr13	FALSE	TRUE
Fas	chr19	TRUE	FALSE
Fasn	chr11	FALSE	TRUE
Fastk	chr5	FALSE	TRUE
Fastkd3	chr13	FALSE	TRUE
Fat1	chr8	FALSE	TRUE
Fat2	chr11	FALSE	FALSE
Fat3	chr9	TRUE	FALSE
Fat4	chr3	TRUE	TRUE
Faxc	chr4	FALSE	TRUE
Fbf1	chr11	FALSE	FALSE
Fbh1	chr2	FALSE	FALSE
Fblim1	chr4	FALSE	FALSE
Fbln1	chr15	FALSE	FALSE
Fbln2	chr6	FALSE	FALSE
Fbln5	chr12	FALSE	TRUE
Fbln7	chr2	FALSE	TRUE
Fbn1	chr2	FALSE	FALSE
Fbn2	chr18	FALSE	FALSE
Fbrsl1	chr5	FALSE	TRUE
Fbxl13	chr5	FALSE	TRUE
Fbxl14	chr6	FALSE	FALSE
Fbxl15	chr19	FALSE	TRUE
Fbxl16	chr17	FALSE	FALSE
Fbxl17	chr17	TRUE	TRUE
Fbxl21	chr13	FALSE	TRUE
Fbxl4	chr4	FALSE	TRUE
Fbxl6	chr15	FALSE	TRUE
Fbxl7	chr15	FALSE	FALSE
Fbxl8	chr8	FALSE	TRUE
Fbxo10	chr4	FALSE	TRUE
Fbxo15	chr18	FALSE	TRUE
Fbxo2	chr4	TRUE	FALSE
Fbxo24	chr5	TRUE	TRUE
Fbxo25	chr8	FALSE	TRUE
Fbxo28	chr1	FALSE	FALSE
Fbxo31	chr8	TRUE	FALSE
Fbxo32	chr15	FALSE	TRUE
Fbxo33	chr12	FALSE	TRUE
Fbxo39	chr11	FALSE	FALSE
Fbxo41	chr6	TRUE	TRUE
Fbxo43	chr15	FALSE	TRUE
Fbxo44	chr4	FALSE	FALSE
Fbxo5	chr10	FALSE	TRUE
Fbxo7	chr10	TRUE	TRUE
Fbxo8	chr8	FALSE	TRUE
Fbxo9	chr9	FALSE	TRUE
Fbxw11	chr11	TRUE	TRUE
Fbxw4	chr19	FALSE	FALSE
Fbxw5	chr2	FALSE	TRUE
Fbxw7	chr3	TRUE	TRUE
Fbxw8	chr5	TRUE	FALSE
Fcamr	chr1	FALSE	FALSE
Fcer2a	chr8	FALSE	TRUE
Fcho1	chr8	FALSE	TRUE
Fcho2	chr13	TRUE	TRUE
Fchsd1	chr18	TRUE	TRUE
Fchsd2	chr7	TRUE	TRUE
Fcmr	chr1	FALSE	FALSE
Fcnb	chr2	FALSE	FALSE
Fcrl6	chr1	FALSE	TRUE
Fcrlb	chr1	FALSE	TRUE
Fdft1	chr14	FALSE	TRUE
Fdps	chr3	FALSE	TRUE
Fech	chr18	FALSE	TRUE
Fem1al	chr11	FALSE	FALSE
Fem1c	chr18	FALSE	TRUE
Fer	chr17	FALSE	TRUE
Fer1l6	chr15	FALSE	FALSE
Ferd3l	chr12	TRUE	FALSE
Fermt1	chr2	FALSE	FALSE
Fermt2	chr14	FALSE	TRUE
Fes	chr7	TRUE	FALSE
Fev	chr1	TRUE	FALSE
Fez1	chr9	TRUE	TRUE
Fez2	chr17	FALSE	TRUE
Fezf1	chr6	TRUE	FALSE
Fezf2	chr14	TRUE	FALSE
Fgd2	chr17	FALSE	FALSE
Fgd4	chr16	FALSE	TRUE
Fgd5	chr6	FALSE	FALSE
Fgd6	chr10	FALSE	TRUE
Fgf1	chr18	TRUE	TRUE
Fgf10	chr13	TRUE	FALSE
Fgf11	chr11	TRUE	FALSE
Fgf12	chr16	TRUE	FALSE
Fgf13	chrX	TRUE	TRUE
Fgf14	chr14	TRUE	FALSE
Fgf15	chr7	TRUE	FALSE
Fgf16	chrX	TRUE	FALSE
Fgf17	chr14	TRUE	TRUE
Fgf18	chr11	TRUE	FALSE
Fgf2	chr3	TRUE	FALSE
Fgf20	chr8	TRUE	TRUE
Fgf22	chr10	TRUE	TRUE
Fgf23	chr6	TRUE	FALSE
Fgf3	chr7	TRUE	FALSE
Fgf4	chr7	TRUE	FALSE
Fgf5	chr5	TRUE	FALSE
Fgf8	chr19	TRUE	FALSE
Fgf9	chr14	TRUE	TRUE
Fgfbp1	chr5	FALSE	TRUE
Fgfbp3	chr19	TRUE	TRUE
Fgfr1	chr8	TRUE	FALSE
Fgfr2	chr7	TRUE	FALSE
Fgfr3	chr5	TRUE	FALSE
Fgfr4	chr13	FALSE	FALSE
Fgfrl1	chr5	FALSE	FALSE
Fgg	chr3	FALSE	TRUE
Fggy	chr4	TRUE	TRUE
Fgl2	chr5	TRUE	TRUE
Fgr	chr4	FALSE	TRUE
Fh1	chr1	FALSE	TRUE
Fhad1	chr4	FALSE	TRUE
Fhdc1	chr3	FALSE	FALSE
Fhit	chr14	FALSE	TRUE
Fhl2	chr1	FALSE	TRUE
Fhl3	chr4	FALSE	FALSE
Fhod1	chr8	FALSE	TRUE
Fhod3	chr18	FALSE	FALSE
Fibcd1	chr2	FALSE	FALSE
Fibin	chr2	FALSE	FALSE
Fign	chr2	FALSE	FALSE
Fignl1	chr11	FALSE	TRUE
Fignl2	chr15	FALSE	FALSE
Filip1l	chr16	FALSE	FALSE
Fip1l1	chr5	FALSE	TRUE
Fjx1	chr2	FALSE	TRUE
Fkbp11	chr15	FALSE	FALSE
Fkbp14	chr6	FALSE	TRUE
Fkbp1b	chr12	TRUE	TRUE
Fkbp3	chr12	FALSE	TRUE
Fkbp4	chr6	TRUE	FALSE
Fkbp5	chr17	FALSE	FALSE
Fkbp7	chr2	FALSE	TRUE
Fkrp	chr7	TRUE	FALSE
Fli1	chr9	FALSE	FALSE
Flna	chrX	TRUE	TRUE
Flnb	chr14	FALSE	TRUE
Flnc	chr6	FALSE	FALSE
Flrt1	chr19	TRUE	FALSE
Flrt2	chr12	TRUE	TRUE
Flrt3	chr2	TRUE	TRUE
Flt1	chr5	TRUE	FALSE
Flt3	chr5	TRUE	TRUE
Flt4	chr11	FALSE	FALSE
Flvcr1	chr1	FALSE	TRUE
Flvcr2	chr12	TRUE	FALSE
Fmn1	chr2	FALSE	FALSE
Fmn2	chr1	FALSE	TRUE
Fmnl1	chr11	FALSE	TRUE
Fmnl2	chr2	FALSE	TRUE
Fmnl3	chr15	FALSE	FALSE
Fmo1	chr1	FALSE	TRUE
Fmo9	chr1	FALSE	TRUE
Fmod	chr1	FALSE	FALSE
Fnbp1l	chr3	FALSE	TRUE
Fndc1	chr17	FALSE	FALSE
Fndc10	chr4	FALSE	TRUE
Fndc11	chr2	FALSE	FALSE
Fndc3a	chr14	FALSE	TRUE
Fndc3b	chr3	FALSE	TRUE
Fndc3c1	chrX	FALSE	FALSE
Fndc4	chr5	FALSE	TRUE
Fndc5	chr4	FALSE	FALSE
Fndc7	chr3	FALSE	TRUE
Fnip2	chr3	FALSE	TRUE
Fntb	chr12	FALSE	TRUE
Focad	chr4	FALSE	TRUE
Fos	chr12	TRUE	TRUE
Fosb	chr7	FALSE	TRUE
Fosl1	chr19	TRUE	FALSE
Fosl2	chr5	FALSE	TRUE
Foxa1	chr12	TRUE	FALSE
Foxa2	chr2	TRUE	TRUE
Foxb1	chr9	TRUE	FALSE
Foxb2	chr19	FALSE	FALSE
Foxc1	chr13	TRUE	FALSE
Foxc2	chr8	FALSE	FALSE
Foxd1	chr13	TRUE	FALSE
Foxd2	chr4	FALSE	FALSE
Foxd3	chr4	FALSE	FALSE
Foxd4	chr19	FALSE	FALSE
Foxe1	chr4	FALSE	FALSE
Foxf1	chr8	FALSE	FALSE
Foxg1	chr12	TRUE	FALSE
Foxi1	chr11	FALSE	FALSE
Foxi2	chr7	FALSE	FALSE
Foxi3	chr6	FALSE	FALSE
Foxj1	chr11	TRUE	FALSE
Foxj2	chr6	FALSE	TRUE
Foxk1	chr5	FALSE	FALSE
Foxl1	chr8	FALSE	FALSE
Foxn2	chr17	FALSE	TRUE
Foxn3	chr12	FALSE	FALSE
Foxn4	chr5	TRUE	FALSE
Foxo1	chr3	TRUE	TRUE
Foxo3	chr10	TRUE	TRUE
Foxo4	chrX	FALSE	TRUE
Foxo6	chr4	TRUE	FALSE
Foxp1	chr6	TRUE	FALSE
Foxp2	chr6	TRUE	TRUE
Foxp4	chr17	FALSE	FALSE
Foxq1	chr13	TRUE	FALSE
Foxred2	chr15	FALSE	FALSE
Foxs1	chr2	TRUE	TRUE
Fpr2	chr17	FALSE	TRUE
Fra10ac1	chr19	FALSE	TRUE
Fras1	chr5	FALSE	FALSE
Frat1	chr19	FALSE	TRUE
Frem1	chr4	FALSE	FALSE
Frem2	chr3	FALSE	TRUE
Frg1	chr8	FALSE	TRUE
Frk	chr10	FALSE	TRUE
Frmd3	chr4	FALSE	TRUE
Frmd4a	chr2	FALSE	TRUE
Frmd4b	chr6	FALSE	FALSE
Frmd5	chr2	FALSE	FALSE
Frmd6	chr12	FALSE	TRUE
Frmpd1	chr4	FALSE	FALSE
Frmpd3	chrX	FALSE	TRUE
Frmpd4	chrX	TRUE	TRUE
Frrs1	chr3	FALSE	TRUE
Fry	chr5	TRUE	TRUE
Fryl	chr5	TRUE	TRUE
Frzb	chr2	FALSE	TRUE
Fscb	chr12	FALSE	TRUE
Fscn1	chr5	FALSE	FALSE
Fscn2	chr11	TRUE	FALSE
Fsd1l	chr4	FALSE	TRUE
Fsip1	chr2	TRUE	TRUE
Fst	chr13	FALSE	FALSE
Fstl1	chr16	FALSE	TRUE
Fstl3	chr10	FALSE	TRUE
Fstl4	chr11	TRUE	FALSE
Fstl5	chr3	FALSE	TRUE
Ftcd	chr10	FALSE	FALSE
Ftmt	chr18	FALSE	TRUE
Fto	chr8	TRUE	FALSE
Fubp3	chr2	FALSE	FALSE
Fundc1	chrX	FALSE	TRUE
Furin	chr7	FALSE	TRUE
Fut1	chr7	TRUE	TRUE
Fut10	chr8	TRUE	TRUE
Fut4	chr9	FALSE	FALSE
Fut7	chr2	FALSE	TRUE
Fut8	chr12	FALSE	TRUE
Fut9	chr4	TRUE	TRUE
Fxr1	chr3	TRUE	FALSE
Fxyd2	chr9	FALSE	TRUE
Fxyd5	chr7	FALSE	FALSE
Fxyd6	chr9	FALSE	TRUE
Fxyd7	chr7	FALSE	FALSE
Fyb2	chr4	FALSE	FALSE
Fyco1	chr9	FALSE	FALSE
Fyn	chr10	TRUE	TRUE
Fzd1	chr5	TRUE	TRUE
Fzd2	chr11	TRUE	FALSE
Fzd3	chr14	TRUE	TRUE
Fzd4	chr7	TRUE	TRUE
Fzd5	chr1	TRUE	FALSE
Fzd6	chr15	TRUE	FALSE
Fzd7	chr1	FALSE	TRUE
Fzd8	chr18	FALSE	TRUE
Fzd9	chr5	TRUE	FALSE
G0s2	chr1	FALSE	TRUE
G2e3	chr12	FALSE	TRUE
G3bp1	chr11	FALSE	FALSE
G6pc2	chr2	FALSE	TRUE
Gab1	chr8	FALSE	TRUE
Gab2	chr7	FALSE	TRUE
Gabbr2	chr4	TRUE	FALSE
Gabpa	chr16	FALSE	TRUE
Gabra1	chr11	TRUE	TRUE
Gabra2	chr5	TRUE	TRUE
Gabra4	chr5	TRUE	TRUE
Gabra5	chr7	TRUE	FALSE
Gabrb1	chr5	TRUE	TRUE
Gabrb2	chr11	TRUE	TRUE
Gabrb3	chr7	TRUE	TRUE
Gabrd	chr4	TRUE	FALSE
Gabre	chrX	TRUE	TRUE
Gabrg1	chr5	TRUE	TRUE
Gabrg2	chr11	TRUE	TRUE
Gabrr2	chr4	TRUE	TRUE
Gad1	chr2	FALSE	FALSE
Gad2	chr2	FALSE	FALSE
Gadd45a	chr6	FALSE	TRUE
Gadd45g	chr13	FALSE	TRUE
Gal	chr19	TRUE	FALSE
Gal3st2b	chr1	FALSE	TRUE
Galc	chr12	TRUE	TRUE
Galk1	chr11	FALSE	FALSE
Galm	chr17	FALSE	TRUE
Galns	chr8	FALSE	TRUE
Galnt10	chr11	FALSE	FALSE
Galnt12	chr4	FALSE	FALSE
Galnt13	chr2	FALSE	TRUE
Galnt14	chr17	FALSE	TRUE
Galnt15	chr14	FALSE	TRUE
Galnt16	chr12	FALSE	FALSE
Galnt17	chr5	FALSE	FALSE
Galnt18	chr7	FALSE	FALSE
Galnt2	chr8	FALSE	FALSE
Galnt3	chr2	FALSE	FALSE
Galnt4	chr10	FALSE	TRUE
Galnt5	chr2	FALSE	TRUE
Galnt6	chr15	FALSE	FALSE
Galnt7	chr8	FALSE	TRUE
Galnt9	chr5	FALSE	TRUE
Galntl6	chr8	FALSE	TRUE
Galr1	chr18	FALSE	FALSE
Galr2	chr11	TRUE	FALSE
Galr3	chr15	FALSE	TRUE
Gamt	chr10	FALSE	FALSE
Ganc	chr2	FALSE	TRUE
Gap43	chr16	TRUE	TRUE
Gapdh	chr6	TRUE	FALSE
Gapt	chr13	FALSE	TRUE
Garem1	chr18	FALSE	TRUE
Garem2	chr5	TRUE	TRUE
Garnl3	chr2	FALSE	FALSE
Gas1	chr13	TRUE	FALSE
Gas2	chr7	FALSE	FALSE
Gas2l3	chr10	FALSE	TRUE
Gas6	chr8	TRUE	TRUE
Gas7	chr11	TRUE	TRUE
Gask1a	chr9	FALSE	FALSE
Gask1b	chr3	FALSE	TRUE
Gata2	chr6	TRUE	FALSE
Gata3	chr2	TRUE	TRUE
Gata4	chr14	FALSE	FALSE
Gata5	chr2	FALSE	FALSE
Gata6	chr18	FALSE	FALSE
Gatad2a	chr8	TRUE	TRUE
Gatb	chr3	FALSE	TRUE
Gatd3a	chr10	FALSE	TRUE
Gatm	chr2	TRUE	TRUE
Gba2	chr4	TRUE	TRUE
Gbe1	chr16	TRUE	TRUE
Gbf1	chr19	FALSE	TRUE
Gbp3	chr3	FALSE	FALSE
Gbp5	chr3	FALSE	FALSE
Gbp7	chr3	FALSE	FALSE
Gbx1	chr5	TRUE	TRUE
Gbx2	chr1	TRUE	FALSE
Gc	chr5	FALSE	TRUE
Gca	chr2	FALSE	TRUE
Gcat	chr15	FALSE	TRUE
Gcc1	chr6	FALSE	TRUE
Gcdh	chr8	FALSE	TRUE
Gcg	chr2	FALSE	TRUE
Gch1	chr14	TRUE	FALSE
Gchfr	chr2	FALSE	FALSE
Gck	chr11	FALSE	TRUE
Gclm	chr3	TRUE	TRUE
Gcnt1	chr19	FALSE	TRUE
Gcnt2	chr13	FALSE	FALSE
Gcnt4	chr13	FALSE	TRUE
Gcsam	chr16	FALSE	TRUE
Gcsh	chr8	FALSE	TRUE
Gda	chr19	FALSE	FALSE
Gdap1	chr1	FALSE	TRUE
Gde1	chr7	FALSE	FALSE
Gdf1	chr8	FALSE	FALSE
Gdf10	chr14	TRUE	TRUE
Gdf11	chr10	TRUE	FALSE
Gdf15	chr8	FALSE	TRUE
Gdf2	chr14	TRUE	TRUE
Gdf6	chr4	TRUE	FALSE
Gdf7	chr12	TRUE	TRUE
Gdnf	chr15	TRUE	FALSE
Gdpd2	chrX	FALSE	FALSE
Gdpd5	chr7	TRUE	FALSE
Gem	chr4	FALSE	TRUE
Gemin8	chrX	FALSE	TRUE
Gen1	chr12	FALSE	TRUE
Get1	chr16	TRUE	TRUE
Gfi1	chr5	TRUE	FALSE
Gfod1	chr13	FALSE	TRUE
Gfpt2	chr11	FALSE	FALSE
Gfra1	chr19	TRUE	FALSE
Gfra2	chr14	TRUE	TRUE
Gfra3	chr18	TRUE	FALSE
Gfy	chr7	TRUE	FALSE
Ggh	chr4	FALSE	TRUE
Ggn	chr7	FALSE	FALSE
Ggt1	chr10	FALSE	FALSE
Ggt5	chr10	FALSE	TRUE
Ggta1	chr2	FALSE	TRUE
Ghitm	chr14	FALSE	TRUE
Ghr	chr15	FALSE	TRUE
Ghrhr	chr6	TRUE	TRUE
Ghsr	chr3	TRUE	FALSE
Gin1	chr1	FALSE	TRUE
Gins2	chr8	FALSE	FALSE
Gipc2	chr3	FALSE	TRUE
Git1	chr11	TRUE	TRUE
Git2	chr5	TRUE	FALSE
Gja1	chr10	TRUE	TRUE
Gja4	chr4	FALSE	FALSE
Gja5	chr3	FALSE	FALSE
Gja8	chr3	FALSE	FALSE
Gjb1	chrX	FALSE	TRUE
Gjb2	chr14	TRUE	FALSE
Gjb3	chr4	FALSE	FALSE
Gjb5	chr4	FALSE	FALSE
Gjb6	chr14	TRUE	FALSE
Gjc1	chr11	TRUE	FALSE
Gjc2	chr11	TRUE	FALSE
Gjd3	chr11	FALSE	FALSE
Gk	chrX	FALSE	TRUE
Gk2	chr5	FALSE	TRUE
Gkn3	chr6	FALSE	FALSE
Glb1l2	chr9	FALSE	FALSE
Glcci1	chr6	FALSE	TRUE
Glce	chr9	FALSE	FALSE
Gldc	chr19	FALSE	FALSE
Gli1	chr10	TRUE	FALSE
Gli2	chr1	TRUE	FALSE
Glipr2	chr4	FALSE	TRUE
Glis1	chr4	FALSE	FALSE
Glis2	chr16	TRUE	TRUE
Glis3	chr19	FALSE	TRUE
Glp1r	chr17	TRUE	FALSE
Glra1	chr11	TRUE	FALSE
Glra4	chrX	TRUE	FALSE
Glrb	chr3	TRUE	TRUE
Glrp1	chr1	FALSE	FALSE
Glrx	chr13	FALSE	TRUE
Glrx2	chr1	FALSE	TRUE
Glrx5	chr12	FALSE	TRUE
Gls	chr1	TRUE	TRUE
Gls2	chr10	FALSE	TRUE
Glt28d2	chr3	FALSE	FALSE
Glt8d2	chr10	FALSE	TRUE
Gltp	chr5	FALSE	TRUE
Gm10033	chr8	FALSE	TRUE
Gm10220	chr5	FALSE	FALSE
Gm1043	chr5	FALSE	TRUE
Gm11733	chr11	FALSE	FALSE
Gm11992	chr11	FALSE	TRUE
Gm12216	chr11	FALSE	TRUE
Gm12695	chr4	FALSE	TRUE
Gm12830	chr4	FALSE	FALSE
Gm13090	chr4	FALSE	FALSE
Gm13271	chr4	FALSE	FALSE
Gm13283	chr4	FALSE	TRUE
Gm13288	chr4	FALSE	TRUE
Gm13539	chr2	FALSE	FALSE
Gm13889	chr2	FALSE	TRUE
Gm14137	chr2	FALSE	FALSE
Gm15217	chr14	FALSE	TRUE
Gm16223	chr5	FALSE	TRUE
Gm19410	chr8	FALSE	FALSE
Gm1979	chr5	FALSE	TRUE
Gm19935	chr8	FALSE	FALSE
Gm266	chr12	FALSE	FALSE
Gm3383	chr14	FALSE	TRUE
Gm3646	chr1	FALSE	TRUE
Gm44502	chr15	FALSE	TRUE
Gm45521	chr14	FALSE	FALSE
Gm4791	chr9	FALSE	FALSE
Gm4792	chr10	FALSE	TRUE
Gm5148	chr3	FALSE	TRUE
Gm525	chr11	FALSE	TRUE
Gm527	chr12	TRUE	TRUE
Gm5460	chr14	FALSE	TRUE
Gm5485	chr16	FALSE	TRUE
Gm572	chr4	FALSE	FALSE
Gm7361	chr5	FALSE	TRUE
Gm7694	chr1	FALSE	FALSE
Gm815	chr19	FALSE	TRUE
Gm826	chr2	FALSE	TRUE
Gm8439	chr4	FALSE	TRUE
Gm9376	chr14	FALSE	FALSE
Gm973	chr1	FALSE	FALSE
Gmds	chr13	FALSE	TRUE
Gmfb	chr14	TRUE	TRUE
Gmnc	chr16	TRUE	TRUE
Gmpr	chr13	FALSE	TRUE
Gmps	chr3	FALSE	TRUE
Gna14	chr19	FALSE	FALSE
Gnai1	chr5	TRUE	TRUE
Gnai2	chr9	TRUE	FALSE
Gnai3	chr3	FALSE	TRUE
Gnal	chr18	TRUE	TRUE
Gnao1	chr8	TRUE	FALSE
Gnaq	chr19	TRUE	TRUE
Gnas	chr2	TRUE	TRUE
Gnat1	chr9	TRUE	FALSE
Gnaz	chr10	FALSE	TRUE
Gnb2	chr5	FALSE	FALSE
Gnb4	chr3	FALSE	TRUE
Gnb5	chr9	FALSE	TRUE
Gng10	chr4	FALSE	TRUE
Gng12	chr6	FALSE	TRUE
Gng13	chr17	TRUE	FALSE
Gng2	chr14	FALSE	TRUE
Gng4	chr13	FALSE	TRUE
Gng5	chr3	FALSE	FALSE
Gng7	chr10	FALSE	TRUE
Gng8	chr7	FALSE	TRUE
Gnmt	chr17	FALSE	TRUE
Gnpda1	chr18	FALSE	TRUE
Gnpda2	chr5	FALSE	TRUE
Gnptab	chr10	FALSE	TRUE
Gns	chr10	FALSE	TRUE
Golga4	chr9	TRUE	TRUE
Golga5	chr12	FALSE	FALSE
Golga7b	chr19	FALSE	TRUE
Golim4	chr3	FALSE	TRUE
Golph3	chr15	FALSE	TRUE
Gopc	chr10	FALSE	TRUE
Gorab	chr1	TRUE	TRUE
Got2	chr8	FALSE	FALSE
Gp1bb	chr16	FALSE	TRUE
Gp5	chr16	FALSE	FALSE
Gp9	chr6	FALSE	FALSE
Gpa33	chr1	FALSE	FALSE
Gpam	chr19	FALSE	TRUE
Gpat3	chr5	FALSE	FALSE
Gpat4	chr8	FALSE	TRUE
Gpatch2	chr1	FALSE	TRUE
Gpatch2l	chr12	FALSE	TRUE
Gpbp1	chr13	FALSE	TRUE
Gpc1	chr1	TRUE	FALSE
Gpc2	chr5	TRUE	TRUE
Gpc3	chrX	FALSE	FALSE
Gpc4	chrX	TRUE	TRUE
Gpc5	chr14	FALSE	FALSE
Gpc6	chr14	TRUE	TRUE
Gpd1	chr15	FALSE	TRUE
Gpd1l	chr9	FALSE	TRUE
Gpd2	chr2	FALSE	TRUE
Gper1	chr5	TRUE	TRUE
Gphb5	chr12	FALSE	TRUE
Gphn	chr12	TRUE	TRUE
Gpihbp1	chr15	FALSE	FALSE
Gpld1	chr13	FALSE	TRUE
Gpm6a	chr8	TRUE	TRUE
Gpm6b	chrX	TRUE	TRUE
Gpnmb	chr6	FALSE	FALSE
Gpr108	chr17	FALSE	TRUE
Gpr12	chr5	FALSE	FALSE
Gpr132	chr12	FALSE	FALSE
Gpr135	chr12	FALSE	TRUE
Gpr137	chr19	FALSE	TRUE
Gpr139	chr7	FALSE	TRUE
Gpr142	chr11	FALSE	TRUE
Gpr146	chr5	FALSE	FALSE
Gpr149	chr3	FALSE	FALSE
Gpr150	chr13	FALSE	TRUE
Gpr151	chr18	TRUE	FALSE
Gpr153	chr4	FALSE	TRUE
Gpr155	chr2	TRUE	TRUE
Gpr156	chr16	FALSE	FALSE
Gpr157	chr4	TRUE	FALSE
Gpr158	chr2	TRUE	TRUE
Gpr160	chr3	FALSE	TRUE
Gpr161	chr1	TRUE	TRUE
Gpr165	chrX	FALSE	TRUE
Gpr171	chr3	TRUE	FALSE
Gpr176	chr2	FALSE	TRUE
Gpr179	chr11	TRUE	FALSE
Gpr180	chr14	FALSE	TRUE
Gpr19	chr6	FALSE	TRUE
Gpr20	chr15	FALSE	FALSE
Gpr21	chr2	FALSE	FALSE
Gpr22	chr12	FALSE	TRUE
Gpr25	chr1	FALSE	TRUE
Gpr26	chr7	FALSE	FALSE
Gpr27	chr6	FALSE	TRUE
Gpr3	chr4	FALSE	TRUE
Gpr35	chr1	TRUE	FALSE
Gpr37	chr6	TRUE	FALSE
Gpr37l1	chr1	TRUE	FALSE
Gpr39	chr1	TRUE	TRUE
Gpr45	chr1	FALSE	TRUE
Gpr50	chrX	FALSE	FALSE
Gpr55	chr1	FALSE	FALSE
Gpr6	chr10	FALSE	FALSE
Gpr61	chr3	FALSE	TRUE
Gpr63	chr4	FALSE	TRUE
Gpr65	chr12	FALSE	TRUE
Gpr68	chr12	FALSE	TRUE
Gpr75	chr11	FALSE	TRUE
Gpr83	chr9	FALSE	FALSE
Gpr84	chr15	FALSE	TRUE
Gpr85	chr6	FALSE	TRUE
Gpr87	chr3	FALSE	TRUE
Gpr88	chr3	TRUE	TRUE
Gprc5a	chr6	FALSE	TRUE
Gprc5b	chr7	TRUE	FALSE
Gprc5c	chr11	TRUE	TRUE
Gprin1	chr13	TRUE	TRUE
Gprin2	chr14	TRUE	TRUE
Gprin3	chr6	TRUE	TRUE
Gpsm1	chr2	TRUE	FALSE
Gpsm2	chr3	TRUE	TRUE
Gpt	chr15	FALSE	TRUE
Gpt2	chr8	FALSE	TRUE
Gpx2	chr12	FALSE	TRUE
Gpx4	chr10	TRUE	TRUE
Gpx5	chr13	FALSE	TRUE
Gpx8	chr13	FALSE	TRUE
Gramd1b	chr9	FALSE	TRUE
Gramd4	chr15	FALSE	TRUE
Grap	chr11	TRUE	FALSE
Grap2	chr15	FALSE	FALSE
Grb10	chr11	FALSE	FALSE
Grb14	chr2	FALSE	TRUE
Grb7	chr11	FALSE	FALSE
Greb1	chr12	FALSE	FALSE
Greb1l	chr18	FALSE	TRUE
Grem1	chr2	FALSE	FALSE
Grhl1	chr12	FALSE	FALSE
Grhl2	chr15	TRUE	FALSE
Grhl3	chr4	TRUE	FALSE
Grhpr	chr4	FALSE	TRUE
Gria1	chr11	TRUE	TRUE
Gria2	chr3	TRUE	TRUE
Gria3	chrX	TRUE	TRUE
Grid1	chr14	TRUE	TRUE
Grid2	chr6	TRUE	TRUE
Grid2ip	chr5	TRUE	FALSE
Grik1	chr16	TRUE	TRUE
Grik2	chr10	TRUE	FALSE
Grik3	chr4	TRUE	FALSE
Grik4	chr9	TRUE	FALSE
Grin1	chr2	TRUE	FALSE
Grin2a	chr16	TRUE	FALSE
Grin2b	chr6	TRUE	TRUE
Grin2c	chr11	TRUE	FALSE
Grin2d	chr7	TRUE	FALSE
Grin3a	chr4	TRUE	TRUE
Grina	chr15	TRUE	FALSE
Grip1	chr10	TRUE	TRUE
Grip2	chr6	TRUE	FALSE
Grk1	chr8	TRUE	FALSE
Grk2	chr19	TRUE	TRUE
Grk3	chr5	FALSE	FALSE
Grk5	chr19	FALSE	TRUE
Grk6	chr13	FALSE	TRUE
Grm1	chr10	TRUE	TRUE
Grm2	chr9	TRUE	FALSE
Grm3	chr5	TRUE	TRUE
Grm4	chr17	TRUE	FALSE
Grm5	chr7	TRUE	TRUE
Grm6	chr11	TRUE	FALSE
Grm7	chr6	TRUE	TRUE
Grm8	chr6	TRUE	FALSE
Grn	chr11	TRUE	FALSE
Grp	chr18	FALSE	TRUE
Grpel2	chr18	FALSE	TRUE
Grtp1	chr8	FALSE	FALSE
Grxcr1	chr5	TRUE	TRUE
Gsap	chr5	FALSE	TRUE
Gsc	chr12	TRUE	FALSE
Gsdmd	chr15	FALSE	TRUE
Gsdme	chr6	TRUE	TRUE
Gse1	chr8	FALSE	FALSE
Gsg1	chr6	FALSE	TRUE
Gsg1l	chr7	TRUE	FALSE
Gsk3b	chr16	TRUE	TRUE
Gsn	chr2	TRUE	FALSE
Gspt2	chrX	FALSE	TRUE
Gstk1	chr6	FALSE	TRUE
Gstm1	chr3	FALSE	TRUE
Gstm3	chr3	FALSE	FALSE
Gstm4	chr3	FALSE	TRUE
Gstm6	chr3	FALSE	FALSE
Gstm7	chr3	FALSE	TRUE
Gsto1	chr19	FALSE	TRUE
Gstt2	chr10	FALSE	TRUE
Gstt3	chr10	FALSE	TRUE
Gstz1	chr12	FALSE	TRUE
Gsx1	chr5	TRUE	FALSE
Gsx2	chr5	TRUE	FALSE
Gtdc1	chr2	FALSE	TRUE
Gtf2a1	chr12	FALSE	FALSE
Gtf2e1	chr16	FALSE	TRUE
Gtf2e2	chr8	FALSE	TRUE
Gtf2f2	chr14	FALSE	TRUE
Gtf2ird1	chr5	FALSE	FALSE
Gtf3c1	chr7	FALSE	FALSE
Gtpbp10	chr5	FALSE	TRUE
Gtpbp3	chr8	FALSE	TRUE
Guca2b	chr4	FALSE	FALSE
Gucd1	chr10	FALSE	FALSE
Gucy1a1	chr3	TRUE	TRUE
Gucy1b1	chr3	TRUE	TRUE
Gucy1b2	chr14	FALSE	TRUE
Gucy2d	chr7	TRUE	FALSE
Gucy2g	chr19	FALSE	TRUE
Guf1	chr5	FALSE	TRUE
Gulp1	chr1	FALSE	TRUE
Gxylt1	chr15	FALSE	TRUE
Gxylt2	chr6	FALSE	TRUE
Gykl1	chr18	FALSE	TRUE
Gypa	chr8	FALSE	TRUE
Gys1	chr7	FALSE	TRUE
Gzf1	chr2	FALSE	TRUE
Gzmf	chr14	FALSE	TRUE
Gzmg	chr14	FALSE	TRUE
Gzmk	chr13	FALSE	TRUE
Gzmm	chr10	FALSE	TRUE
Gzmn	chr14	FALSE	TRUE
H13	chr2	FALSE	TRUE
H1f1	chr13	FALSE	TRUE
H1f2	chr13	FALSE	TRUE
H1f6	chr13	FALSE	TRUE
H2-Ab1	chr17	FALSE	FALSE
H2-D1	chr17	TRUE	FALSE
H2-DMa	chr17	FALSE	FALSE
H2-K1	chr17	TRUE	FALSE
H2-M5	chr17	FALSE	TRUE
H2-Q1	chr17	FALSE	FALSE
H2-Q2	chr17	FALSE	FALSE
H2-T23	chr17	FALSE	TRUE
H2ac8	chr13	FALSE	TRUE
H2al2a	chr2	FALSE	FALSE
H2az1	chr3	FALSE	TRUE
H2bc14	chr13	FALSE	TRUE
H2bc3	chr13	FALSE	TRUE
H2bc4	chr13	FALSE	TRUE
H2bc8	chr13	FALSE	FALSE
H3c2	chr13	FALSE	TRUE
H3c4	chr13	FALSE	FALSE
H3c6	chr13	FALSE	TRUE
H3c7	chr13	FALSE	TRUE
H3f3a	chr1	FALSE	TRUE
H4c11	chr13	FALSE	TRUE
H4c3	chr13	FALSE	TRUE
H4c4	chr13	FALSE	TRUE
H6pd	chr4	FALSE	TRUE
Haao	chr17	TRUE	TRUE
Habp2	chr19	FALSE	TRUE
Habp4	chr13	FALSE	TRUE
Hacd1	chr2	FALSE	TRUE
Hacd4	chr4	FALSE	TRUE
Hacl1	chr14	FALSE	TRUE
Hadh	chr3	FALSE	TRUE
Hadha	chr5	FALSE	FALSE
Hal	chr10	FALSE	FALSE
Hand1	chr11	FALSE	FALSE
Hao1	chr2	FALSE	TRUE
Hao2	chr3	FALSE	TRUE
Hap1	chr11	TRUE	FALSE
Hapln1	chr13	TRUE	TRUE
Hapln2	chr3	TRUE	FALSE
Hapln3	chr7	TRUE	FALSE
Hapln4	chr8	TRUE	FALSE
Has3	chr8	FALSE	FALSE
Hat1	chr2	FALSE	TRUE
Haus3	chr5	FALSE	TRUE
Haus4	chr14	FALSE	TRUE
Haus7	chrX	FALSE	TRUE
Hbegf	chr18	FALSE	TRUE
Hbp1	chr12	FALSE	TRUE
Hbq1a	chr11	FALSE	TRUE
Hbq1b	chr11	FALSE	FALSE
Hck	chr2	FALSE	FALSE
Hcls1	chr16	FALSE	TRUE
Hcn1	chr13	TRUE	TRUE
Hcn2	chr10	FALSE	FALSE
Hcn3	chr3	FALSE	TRUE
Hcn4	chr9	FALSE	FALSE
Hcrtr1	chr4	FALSE	FALSE
Hcrtr2	chr9	FALSE	TRUE
Hdac11	chr6	TRUE	TRUE
Hdac2	chr10	TRUE	TRUE
Hdac4	chr1	TRUE	FALSE
Hdac5	chr11	TRUE	FALSE
Hdac7	chr15	TRUE	FALSE
Hdac9	chr12	TRUE	FALSE
Hdc	chr2	FALSE	TRUE
Hddc2	chr10	FALSE	TRUE
Hdgfl1	chr13	FALSE	TRUE
Hdgfl2	chr17	FALSE	TRUE
Hdgfl3	chr7	TRUE	TRUE
Hdlbp	chr1	FALSE	TRUE
Heatr1	chr13	FALSE	TRUE
Heatr5a	chr12	FALSE	TRUE
Hebp2	chr10	FALSE	TRUE
Heca	chr10	FALSE	TRUE
Hectd1	chr12	TRUE	TRUE
Hectd2	chr19	FALSE	TRUE
Hectd3	chr4	FALSE	TRUE
Hecw1	chr13	TRUE	TRUE
Hecw2	chr1	TRUE	TRUE
Heg1	chr16	FALSE	TRUE
Helb	chr10	FALSE	FALSE
Helt	chr8	TRUE	FALSE
Helz	chr11	FALSE	TRUE
Helz2	chr2	FALSE	FALSE
Henmt1	chr3	FALSE	TRUE
Hepacam	chr9	FALSE	TRUE
Hepacam2	chr6	FALSE	TRUE
Herc3	chr6	FALSE	TRUE
Herpud1	chr8	FALSE	TRUE
Herpud2	chr9	FALSE	TRUE
Hes1	chr16	TRUE	FALSE
Hes2	chr4	TRUE	FALSE
Hes3	chr4	TRUE	TRUE
Hes5	chr4	TRUE	FALSE
Hes6	chr1	TRUE	FALSE
Hes7	chr11	TRUE	FALSE
Hey1	chr3	TRUE	TRUE
Hey2	chr10	TRUE	TRUE
Heyl	chr4	TRUE	FALSE
Hgd	chr16	FALSE	TRUE
Hgf	chr5	TRUE	FALSE
Hgfac	chr5	FALSE	FALSE
Hhatl	chr9	FALSE	FALSE
Hhex	chr19	TRUE	FALSE
Hhip	chr8	TRUE	TRUE
Hhipl1	chr12	FALSE	FALSE
Hhipl2	chr1	FALSE	TRUE
Hhla1	chr15	FALSE	FALSE
Hibadh	chr6	FALSE	TRUE
Hic1	chr11	FALSE	FALSE
Hic2	chr16	FALSE	FALSE
Hid1	chr11	FALSE	FALSE
Hif1a	chr12	TRUE	TRUE
Hif3a	chr7	FALSE	TRUE
Hint2	chr4	FALSE	TRUE
Hip1	chr5	TRUE	FALSE
Hip1r	chr5	TRUE	FALSE
Hipk2	chr6	TRUE	TRUE
Hipk3	chr2	FALSE	TRUE
Hivep1	chr13	FALSE	TRUE
Hivep2	chr10	FALSE	TRUE
Hivep3	chr4	FALSE	TRUE
Hjv	chr3	FALSE	FALSE
Hk2	chr6	FALSE	TRUE
Hk3	chr13	FALSE	FALSE
Hkdc1	chr10	FALSE	TRUE
Hlcs	chr16	FALSE	FALSE
Hlf	chr11	FALSE	FALSE
Hltf	chr3	TRUE	TRUE
Hlx	chr1	TRUE	FALSE
Hmbox1	chr14	FALSE	FALSE
Hmcn1	chr1	FALSE	FALSE
Hmcn2	chr2	TRUE	FALSE
Hmg20a	chr9	TRUE	TRUE
Hmg20b	chr10	TRUE	TRUE
Hmga1	chr17	TRUE	FALSE
Hmga2	chr10	TRUE	FALSE
Hmgb2	chr8	TRUE	TRUE
Hmgb3	chrX	FALSE	TRUE
Hmgb4	chr4	FALSE	FALSE
Hmgcll1	chr9	FALSE	TRUE
Hmgcr	chr13	TRUE	TRUE
Hmgcs1	chr13	FALSE	TRUE
Hmgn3	chr9	FALSE	TRUE
Hmgn5	chrX	FALSE	TRUE
Hmox1	chr8	TRUE	TRUE
Hmx1	chr5	FALSE	FALSE
Hmx2	chr7	TRUE	FALSE
Hnf1b	chr11	TRUE	FALSE
Hnrnpa3	chr2	FALSE	TRUE
Hnrnpc	chr14	FALSE	TRUE
Hnrnpll	chr17	FALSE	TRUE
Homer1	chr13	TRUE	TRUE
Homer2	chr7	TRUE	FALSE
Homez	chr14	FALSE	TRUE
Hook2	chr8	FALSE	TRUE
Hopx	chr5	FALSE	TRUE
Hoxa13	chr6	FALSE	FALSE
Hoxa2	chr6	TRUE	FALSE
Hoxa3	chr6	TRUE	FALSE
Hoxa4	chr6	FALSE	FALSE
Hoxb1	chr11	TRUE	FALSE
Hoxb13	chr11	FALSE	FALSE
Hoxb3	chr11	TRUE	FALSE
Hoxb6	chr11	FALSE	FALSE
Hoxb7	chr11	FALSE	FALSE
Hoxb8	chr11	TRUE	FALSE
Hoxb9	chr11	FALSE	FALSE
Hoxc10	chr15	TRUE	FALSE
Hoxc11	chr15	FALSE	FALSE
Hoxc13	chr15	FALSE	FALSE
Hoxc4	chr15	FALSE	FALSE
Hoxc8	chr15	TRUE	FALSE
Hoxd13	chr2	FALSE	FALSE
Hoxd3	chr2	TRUE	FALSE
Hoxd8	chr2	FALSE	FALSE
Hoxd9	chr2	TRUE	FALSE
Hpca	chr4	TRUE	FALSE
Hpcal1	chr12	FALSE	FALSE
Hpcal4	chr4	FALSE	TRUE
Hpdl	chr4	FALSE	TRUE
Hpf1	chr8	FALSE	TRUE
Hpgd	chr8	FALSE	FALSE
Hpgds	chr6	FALSE	TRUE
Hps1	chr19	FALSE	FALSE
Hps3	chr3	FALSE	TRUE
Hps4	chr5	FALSE	TRUE
Hps6	chr19	FALSE	TRUE
Hpse2	chr19	FALSE	FALSE
Hr	chr14	FALSE	TRUE
Hrh1	chr6	TRUE	FALSE
Hrh2	chr13	TRUE	FALSE
Hrh3	chr2	TRUE	FALSE
Hrh4	chr18	TRUE	TRUE
Hrk	chr5	TRUE	FALSE
Hs1bp3	chr12	FALSE	TRUE
Hs2st1	chr3	FALSE	TRUE
Hs3st1	chr5	FALSE	TRUE
Hs3st3a1	chr11	FALSE	FALSE
Hs3st3b1	chr11	FALSE	FALSE
Hs3st4	chr7	FALSE	FALSE
Hs3st5	chr10	FALSE	TRUE
Hs3st6	chr17	FALSE	FALSE
Hs6st1	chr1	TRUE	FALSE
Hs6st2	chrX	FALSE	TRUE
Hs6st3	chr14	FALSE	TRUE
Hsbp1l1	chr18	FALSE	TRUE
Hsd11b1	chr1	FALSE	TRUE
Hsd11b2	chr8	FALSE	FALSE
Hsd17b1	chr11	FALSE	TRUE
Hsd17b11	chr5	FALSE	TRUE
Hsd17b12	chr2	FALSE	TRUE
Hsd17b13	chr5	FALSE	TRUE
Hsd17b3	chr13	FALSE	TRUE
Hsd17b4	chr18	FALSE	TRUE
Hsd17b7	chr1	TRUE	TRUE
Hsd3b7	chr7	FALSE	FALSE
Hsf2	chr10	FALSE	TRUE
Hsf2bp	chr17	FALSE	FALSE
Hsf4	chr8	FALSE	TRUE
Hsfy2	chr1	FALSE	TRUE
Hspa12a	chr19	FALSE	TRUE
Hspa12b	chr2	FALSE	FALSE
Hspa13	chr16	FALSE	TRUE
Hspa1b	chr17	FALSE	FALSE
Hspa2	chr12	TRUE	TRUE
Hspa4l	chr3	FALSE	TRUE
Hspa9	chr18	FALSE	TRUE
Hspb1	chr5	TRUE	FALSE
Hspb3	chr13	FALSE	TRUE
Hspb7	chr4	FALSE	FALSE
Hspb8	chr5	FALSE	TRUE
Hspbap1	chr16	FALSE	TRUE
Hspg2	chr4	TRUE	FALSE
Hsph1	chr5	TRUE	TRUE
Htatip2	chr7	FALSE	TRUE
Htr1a	chr13	TRUE	FALSE
Htr1f	chr16	TRUE	FALSE
Htr2a	chr14	TRUE	TRUE
Htr2c	chrX	TRUE	TRUE
Htr5a	chr5	TRUE	TRUE
Htr5b	chr1	TRUE	FALSE
Htr6	chr4	TRUE	FALSE
Htr7	chr19	TRUE	TRUE
Htra1	chr7	FALSE	FALSE
Htra3	chr5	FALSE	FALSE
Htra4	chr8	FALSE	FALSE
Hunk	chr16	FALSE	FALSE
Hyal1	chr9	FALSE	TRUE
Hyal2	chr9	FALSE	TRUE
Hyal3	chr9	FALSE	TRUE
Hydin	chr8	TRUE	TRUE
Iah1	chr12	FALSE	TRUE
Iars2	chr1	FALSE	FALSE
Ibtk	chr9	FALSE	TRUE
Ica1	chr6	TRUE	TRUE
Ica1l	chr1	FALSE	TRUE
Icam1	chr9	FALSE	FALSE
Icam4	chr9	FALSE	FALSE
Icam5	chr9	TRUE	FALSE
Ice1	chr13	FALSE	TRUE
Icos	chr1	FALSE	TRUE
Icosl	chr10	FALSE	FALSE
Id1	chr2	TRUE	TRUE
Id2	chr12	TRUE	TRUE
Id3	chr4	TRUE	FALSE
Id4	chr13	TRUE	TRUE
Idh1	chr1	FALSE	TRUE
Idh2	chr7	TRUE	TRUE
Idi1	chr13	FALSE	TRUE
Ido1	chr8	FALSE	TRUE
Ido2	chr8	FALSE	TRUE
Ids	chrX	FALSE	TRUE
Idua	chr5	TRUE	TRUE
Ier2	chr8	TRUE	TRUE
Ier3	chr17	FALSE	TRUE
Ier5	chr1	FALSE	TRUE
Ier5l	chr2	FALSE	FALSE
Iffo1	chr6	FALSE	FALSE
Iffo2	chr4	FALSE	FALSE
Ifi27l2b	chr12	FALSE	FALSE
Ifi44l	chr3	FALSE	TRUE
Ifih1	chr2	FALSE	TRUE
Ifitm10	chr7	FALSE	TRUE
Ifitm3	chr7	FALSE	FALSE
Ifna15	chr4	FALSE	TRUE
Ifnab	chr4	FALSE	FALSE
Ifnar1	chr16	FALSE	TRUE
Ifnar2	chr16	FALSE	TRUE
Ifnb1	chr4	TRUE	FALSE
Ifne	chr4	FALSE	TRUE
Ifngr1	chr10	TRUE	TRUE
Ifnlr1	chr4	FALSE	FALSE
Ifrd1	chr12	TRUE	TRUE
Ifrd2	chr9	FALSE	TRUE
Ift122	chr6	TRUE	TRUE
Ift27	chr15	TRUE	TRUE
Ift57	chr16	TRUE	TRUE
Igbp1	chrX	FALSE	FALSE
Igdcc3	chr9	TRUE	FALSE
Igdcc4	chr9	FALSE	FALSE
Igf1	chr10	TRUE	FALSE
Igf1r	chr7	TRUE	TRUE
Igf2	chr7	TRUE	FALSE
Igf2bp1	chr11	TRUE	FALSE
Igf2bp2	chr16	TRUE	FALSE
Igf2bp3	chr6	TRUE	FALSE
Igf2r	chr17	FALSE	FALSE
Igfbp1	chr11	FALSE	FALSE
Igfbp2	chr1	FALSE	FALSE
Igfbp3	chr11	FALSE	FALSE
Igfbp4	chr11	FALSE	FALSE
Igfbp5	chr1	FALSE	TRUE
Igfbp6	chr15	FALSE	TRUE
Igfbp7	chr5	FALSE	FALSE
Igfbpl1	chr4	FALSE	FALSE
Igfn1	chr1	FALSE	TRUE
Igip	chr18	FALSE	TRUE
Igsf10	chr3	TRUE	TRUE
Igsf11	chr16	TRUE	TRUE
Igsf21	chr4	TRUE	FALSE
Igsf3	chr3	FALSE	FALSE
Igsf5	chr16	FALSE	FALSE
Igsf8	chr1	TRUE	FALSE
Igsf9	chr1	TRUE	TRUE
Igsf9b	chr9	TRUE	FALSE
Ihh	chr1	TRUE	FALSE
Ikbke	chr1	FALSE	FALSE
Ikzf2	chr1	FALSE	TRUE
Ikzf3	chr11	FALSE	FALSE
Il10	chr1	TRUE	TRUE
Il10ra	chr9	TRUE	TRUE
Il10rb	chr16	FALSE	FALSE
Il11	chr7	FALSE	FALSE
Il11ra1	chr4	FALSE	TRUE
Il12a	chr3	TRUE	TRUE
Il12b	chr11	FALSE	TRUE
Il12rb1	chr8	FALSE	FALSE
Il15	chr8	FALSE	TRUE
Il15ra	chr2	TRUE	FALSE
Il16	chr7	FALSE	FALSE
Il17b	chr18	FALSE	TRUE
Il17d	chr14	FALSE	TRUE
Il17ra	chr6	FALSE	FALSE
Il17rc	chr6	FALSE	TRUE
Il17rd	chr14	FALSE	FALSE
Il19	chr1	FALSE	TRUE
Il1r1	chr1	TRUE	TRUE
Il1r2	chr1	FALSE	FALSE
Il1rap	chr16	TRUE	TRUE
Il1rapl1	chrX	TRUE	TRUE
Il1rl2	chr1	FALSE	FALSE
Il20ra	chr10	FALSE	FALSE
Il20rb	chr9	FALSE	TRUE
Il22ra1	chr4	FALSE	TRUE
Il25	chr14	FALSE	FALSE
Il27ra	chr8	TRUE	FALSE
Il2rb	chr15	FALSE	TRUE
Il3	chr11	FALSE	FALSE
Il31ra	chr13	FALSE	FALSE
Il4i1	chr7	FALSE	FALSE
Il4ra	chr7	FALSE	FALSE
Il6	chr5	TRUE	TRUE
Il6ra	chr3	FALSE	FALSE
Il6st	chr13	TRUE	TRUE
Il7	chr3	FALSE	TRUE
Il7r	chr15	FALSE	TRUE
Il9	chr13	FALSE	TRUE
Il9r	chr11	FALSE	TRUE
Ildr1	chr16	FALSE	TRUE
Ildr2	chr1	FALSE	TRUE
Ilvbl	chr10	FALSE	TRUE
Immp1l	chr2	FALSE	TRUE
Immp2l	chr12	TRUE	TRUE
Immt	chr6	TRUE	TRUE
Imp4	chr1	FALSE	TRUE
Impa1	chr3	FALSE	TRUE
Impa2	chr18	FALSE	TRUE
Impdh1	chr6	FALSE	TRUE
Inafm1	chr7	FALSE	FALSE
Inafm2	chr2	FALSE	TRUE
Inava	chr1	FALSE	FALSE
Inf2	chr12	FALSE	FALSE
Ing1	chr8	FALSE	TRUE
Ing2	chr8	FALSE	TRUE
Inhba	chr13	TRUE	TRUE
Inhbb	chr1	TRUE	FALSE
Inhbe	chr10	FALSE	TRUE
Inka1	chr9	TRUE	FALSE
Inka2	chr3	FALSE	TRUE
Inmt	chr6	FALSE	FALSE
Ino80c	chr18	FALSE	TRUE
Ino80d	chr1	FALSE	TRUE
Inpp1	chr1	FALSE	TRUE
Inpp4a	chr1	TRUE	TRUE
Inpp4b	chr8	FALSE	FALSE
Inpp5a	chr7	FALSE	TRUE
Inpp5d	chr1	FALSE	FALSE
Inpp5f	chr7	TRUE	FALSE
Inpp5j	chr11	TRUE	TRUE
Inpp5k	chr11	FALSE	FALSE
Inppl1	chr7	TRUE	TRUE
Ins2	chr7	TRUE	FALSE
Insig1	chr5	FALSE	TRUE
Insl3	chr8	FALSE	FALSE
Insl6	chr19	FALSE	TRUE
Insm1	chr2	TRUE	TRUE
Insm2	chr12	TRUE	FALSE
Insr	chr8	TRUE	TRUE
Insrr	chr3	FALSE	FALSE
Insyn1	chr9	TRUE	FALSE
Insyn2a	chr7	TRUE	FALSE
Insyn2b	chr11	TRUE	TRUE
Ints1	chr5	FALSE	FALSE
Ints10	chr8	FALSE	TRUE
Ints8	chr4	FALSE	TRUE
Ints9	chr14	FALSE	TRUE
Intu	chr3	TRUE	TRUE
Invs	chr4	FALSE	TRUE
Ip6k3	chr17	FALSE	FALSE
Ipcef1	chr10	FALSE	TRUE
Ipmk	chr10	TRUE	TRUE
Ipo11	chr13	FALSE	TRUE
Ipo13	chr4	FALSE	TRUE
Ipo5	chr14	FALSE	TRUE
Iqca1l	chr5	FALSE	FALSE
Iqce	chr5	FALSE	FALSE
Iqcg	chr16	TRUE	FALSE
Iqcn	chr8	FALSE	TRUE
Iqgap1	chr7	TRUE	FALSE
Iqgap2	chr13	FALSE	TRUE
Iqgap3	chr3	FALSE	FALSE
Iqsec1	chr6	TRUE	FALSE
Iqsec2	chrX	TRUE	TRUE
Iqsec3	chr6	TRUE	TRUE
Iqub	chr6	FALSE	TRUE
Irak2	chr6	FALSE	TRUE
Irak3	chr10	FALSE	TRUE
Irak4	chr15	FALSE	TRUE
Irf1	chr11	FALSE	FALSE
Irf2bp2	chr8	FALSE	TRUE
Irf2bpl	chr12	TRUE	TRUE
Irf4	chr13	TRUE	FALSE
Irf5	chr6	FALSE	FALSE
Irf6	chr1	FALSE	FALSE
Irf7	chr7	FALSE	FALSE
Irf8	chr8	TRUE	FALSE
Irgm1	chr11	FALSE	TRUE
Irs1	chr1	FALSE	TRUE
Irs2	chr8	TRUE	TRUE
Irs3	chr5	FALSE	FALSE
Irs4	chrX	FALSE	FALSE
Irx1	chr13	TRUE	TRUE
Irx2	chr13	TRUE	TRUE
Irx3	chr8	TRUE	FALSE
Irx4	chr13	TRUE	FALSE
Irx5	chr8	TRUE	FALSE
Irx6	chr8	TRUE	FALSE
Isg20	chr7	FALSE	FALSE
Isl1	chr13	TRUE	FALSE
Isl2	chr9	TRUE	FALSE
Islr	chr9	FALSE	FALSE
Islr2	chr9	TRUE	FALSE
Ism1	chr2	FALSE	TRUE
Ism2	chr12	FALSE	FALSE
Isoc1	chr18	FALSE	TRUE
Isx	chr8	FALSE	TRUE
Isyna1	chr8	FALSE	FALSE
Itga1	chr13	TRUE	FALSE
Itga11	chr9	FALSE	FALSE
Itga2	chr13	TRUE	FALSE
Itga3	chr11	TRUE	TRUE
Itga4	chr2	TRUE	TRUE
Itga5	chr15	TRUE	FALSE
Itga6	chr2	TRUE	TRUE
Itga7	chr10	FALSE	TRUE
Itga8	chr2	TRUE	TRUE
Itga9	chr9	FALSE	FALSE
Itgav	chr2	FALSE	TRUE
Itgb1	chr8	TRUE	TRUE
Itgb1bp1	chr12	FALSE	TRUE
Itgb2l	chr16	FALSE	FALSE
Itgb3	chr11	TRUE	TRUE
Itgb3bp	chr4	FALSE	TRUE
Itgb4	chr11	TRUE	FALSE
Itgb5	chr16	FALSE	TRUE
Itgb6	chr2	TRUE	TRUE
Itgb7	chr15	FALSE	TRUE
Itgb8	chr12	TRUE	FALSE
Itgbl1	chr14	FALSE	TRUE
Itih4	chr14	FALSE	FALSE
Itih5	chr2	FALSE	FALSE
Itm2b	chr14	FALSE	TRUE
Itm2c	chr1	TRUE	TRUE
Itpk1	chr12	TRUE	TRUE
Itpka	chr2	TRUE	FALSE
Itpkb	chr1	FALSE	TRUE
Itpr1	chr6	TRUE	TRUE
Itpr2	chr6	FALSE	TRUE
Itpr3	chr17	TRUE	FALSE
Itprid1	chr6	FALSE	FALSE
Itprid2	chr2	FALSE	TRUE
Itpripl1	chr2	FALSE	TRUE
Itpripl2	chr7	FALSE	FALSE
Itsn1	chr16	TRUE	TRUE
Ivd	chr2	FALSE	TRUE
Ivns1abp	chr1	FALSE	TRUE
Iyd	chr10	FALSE	TRUE
Izumo1r	chr9	FALSE	FALSE
Jade1	chr3	FALSE	TRUE
Jade2	chr11	TRUE	TRUE
Jag1	chr2	TRUE	FALSE
Jag2	chr12	TRUE	FALSE
Jak1	chr4	FALSE	TRUE
Jak2	chr19	TRUE	TRUE
Jak3	chr8	TRUE	TRUE
Jakmip1	chr5	TRUE	FALSE
Jakmip2	chr18	FALSE	TRUE
Jakmip3	chr7	FALSE	FALSE
Jam2	chr16	TRUE	FALSE
Jam3	chr9	TRUE	TRUE
Jarid2	chr13	FALSE	TRUE
Jazf1	chr6	FALSE	FALSE
Jcad	chr18	FALSE	TRUE
Jdp2	chr12	FALSE	FALSE
Jkamp	chr12	FALSE	TRUE
Jmjd1c	chr10	FALSE	TRUE
Jmy	chr13	FALSE	TRUE
Josd2	chr7	FALSE	FALSE
Jph1	chr1	FALSE	TRUE
Jph3	chr8	TRUE	FALSE
Jph4	chr14	TRUE	FALSE
Jpt1	chr11	FALSE	TRUE
Jpt2	chr17	FALSE	FALSE
Jun	chr4	TRUE	TRUE
Junb	chr8	FALSE	TRUE
Jup	chr11	FALSE	TRUE
Kalrn	chr16	TRUE	FALSE
Kank1	chr19	TRUE	TRUE
Kank2	chr9	FALSE	TRUE
Kank4	chr4	FALSE	FALSE
Kansl1l	chr1	FALSE	TRUE
Kat14	chr2	FALSE	TRUE
Kat6b	chr14	FALSE	TRUE
Katnal1	chr5	FALSE	TRUE
Katnb1	chr8	TRUE	TRUE
Kazn	chr4	FALSE	FALSE
Kbtbd11	chr8	FALSE	TRUE
Kbtbd12	chr6	FALSE	TRUE
Kbtbd13	chr9	TRUE	FALSE
Kbtbd7	chr14	FALSE	TRUE
Kbtbd8	chr6	FALSE	TRUE
Kcmf1	chr6	TRUE	TRUE
Kcna1	chr6	TRUE	FALSE
Kcna10	chr3	FALSE	TRUE
Kcna2	chr3	TRUE	FALSE
Kcna3	chr3	TRUE	TRUE
Kcna4	chr2	TRUE	TRUE
Kcna5	chr6	FALSE	FALSE
Kcna6	chr6	FALSE	TRUE
Kcnab1	chr3	TRUE	TRUE
Kcnab2	chr4	TRUE	TRUE
Kcnab3	chr11	FALSE	TRUE
Kcnb1	chr2	TRUE	FALSE
Kcnb2	chr1	FALSE	TRUE
Kcnc1	chr7	TRUE	FALSE
Kcnc2	chr10	TRUE	FALSE
Kcnc4	chr3	TRUE	TRUE
Kcnd2	chr6	TRUE	TRUE
Kcnd3	chr3	TRUE	FALSE
Kcne1	chr16	TRUE	TRUE
Kcne2	chr16	FALSE	TRUE
Kcne3	chr7	FALSE	FALSE
Kcne4	chr1	FALSE	TRUE
Kcnf1	chr12	FALSE	TRUE
Kcng1	chr2	FALSE	FALSE
Kcng2	chr18	FALSE	FALSE
Kcng3	chr17	FALSE	FALSE
Kcng4	chr8	FALSE	FALSE
Kcnh1	chr1	TRUE	TRUE
Kcnh2	chr5	FALSE	FALSE
Kcnh3	chr15	FALSE	FALSE
Kcnh4	chr11	FALSE	FALSE
Kcnh5	chr12	FALSE	TRUE
Kcnh6	chr11	FALSE	FALSE
Kcnh7	chr2	FALSE	TRUE
Kcnip1	chr11	TRUE	TRUE
Kcnip2	chr19	TRUE	FALSE
Kcnip3	chr2	TRUE	TRUE
Kcnip4	chr5	FALSE	TRUE
Kcnj1	chr9	FALSE	FALSE
Kcnj10	chr1	TRUE	TRUE
Kcnj11	chr7	TRUE	FALSE
Kcnj12	chr11	FALSE	FALSE
Kcnj15	chr16	FALSE	TRUE
Kcnj2	chr11	TRUE	FALSE
Kcnj3	chr2	TRUE	TRUE
Kcnj4	chr15	FALSE	FALSE
Kcnj5	chr9	FALSE	TRUE
Kcnj6	chr16	TRUE	TRUE
Kcnj8	chr6	TRUE	FALSE
Kcnj9	chr1	TRUE	TRUE
Kcnk1	chr8	TRUE	TRUE
Kcnk10	chr12	FALSE	TRUE
Kcnk12	chr17	FALSE	TRUE
Kcnk13	chr12	TRUE	FALSE
Kcnk15	chr2	FALSE	FALSE
Kcnk16	chr14	FALSE	TRUE
Kcnk2	chr1	TRUE	TRUE
Kcnk3	chr5	TRUE	FALSE
Kcnk4	chr19	TRUE	TRUE
Kcnk5	chr14	FALSE	FALSE
Kcnk9	chr15	TRUE	FALSE
Kcnma1	chr14	TRUE	FALSE
Kcnmb1	chr11	FALSE	TRUE
Kcnmb2	chr3	TRUE	TRUE
Kcnn1	chr8	FALSE	TRUE
Kcnn2	chr18	TRUE	TRUE
Kcnn3	chr3	FALSE	FALSE
Kcnq1	chr7	TRUE	FALSE
Kcnq2	chr2	TRUE	FALSE
Kcnq3	chr15	TRUE	TRUE
Kcnq4	chr4	TRUE	FALSE
Kcnq5	chr1	FALSE	TRUE
Kcns1	chr2	FALSE	TRUE
Kcns2	chr15	FALSE	TRUE
Kcns3	chr12	FALSE	TRUE
Kcnt1	chr2	TRUE	TRUE
Kcnt2	chr1	FALSE	TRUE
Kcnv1	chr15	FALSE	TRUE
Kcp	chr6	FALSE	FALSE
Kctd1	chr18	FALSE	TRUE
Kctd11	chr11	TRUE	TRUE
Kctd12	chr14	TRUE	TRUE
Kctd15	chr7	FALSE	FALSE
Kctd16	chr18	TRUE	TRUE
Kctd17	chr15	FALSE	FALSE
Kctd19	chr8	FALSE	TRUE
Kctd21	chr7	FALSE	TRUE
Kctd3	chr1	FALSE	TRUE
Kctd6	chr14	FALSE	TRUE
Kctd7	chr5	FALSE	TRUE
Kctd8	chr5	TRUE	TRUE
Kctd9	chr14	FALSE	TRUE
Kdelr3	chr15	FALSE	FALSE
Kdm1b	chr13	FALSE	TRUE
Kdm2b	chr5	TRUE	FALSE
Kdm3a	chr6	FALSE	TRUE
Kdm4a	chr4	TRUE	TRUE
Kdm4b	chr17	TRUE	FALSE
Kdm6b	chr11	TRUE	TRUE
Kdm7a	chr6	TRUE	TRUE
Kdm8	chr7	FALSE	FALSE
Kdr	chr5	TRUE	TRUE
Kdsr	chr1	FALSE	TRUE
Kera	chr10	FALSE	TRUE
Khdc1b	chr1	FALSE	FALSE
Khdc3	chr9	TRUE	FALSE
Khdrbs1	chr4	FALSE	FALSE
Khdrbs2	chr1	FALSE	TRUE
Khdrbs3	chr15	FALSE	TRUE
Khk	chr5	FALSE	FALSE
Khsrp	chr17	FALSE	TRUE
Kif12	chr4	FALSE	FALSE
Kif13a	chr13	FALSE	FALSE
Kif13b	chr14	TRUE	FALSE
Kif14	chr1	TRUE	TRUE
Kif16b	chr2	FALSE	TRUE
Kif17	chr4	TRUE	FALSE
Kif18a	chr2	FALSE	TRUE
Kif19a	chr11	TRUE	FALSE
Kif1a	chr1	TRUE	FALSE
Kif1b	chr4	TRUE	TRUE
Kif21b	chr1	TRUE	TRUE
Kif23	chr9	FALSE	TRUE
Kif26a	chr12	TRUE	FALSE
Kif26b	chr1	FALSE	TRUE
Kif3b	chr2	TRUE	FALSE
Kif5b	chr18	TRUE	TRUE
Kif5c	chr2	TRUE	TRUE
Kif6	chr17	FALSE	FALSE
Kif7	chr7	FALSE	FALSE
Kifc2	chr15	TRUE	TRUE
Kifc3	chr8	FALSE	FALSE
Kirrel2	chr7	FALSE	FALSE
Kirrel3	chr9	TRUE	TRUE
Kiss1r	chr10	TRUE	TRUE
Kit	chr5	TRUE	FALSE
Kitl	chr10	FALSE	FALSE
Kiz	chr2	FALSE	TRUE
Kl	chr5	FALSE	TRUE
Klc1	chr12	TRUE	FALSE
Klc4	chr17	FALSE	TRUE
Klf1	chr8	FALSE	TRUE
Klf10	chr15	FALSE	TRUE
Klf11	chr12	FALSE	TRUE
Klf12	chr14	FALSE	FALSE
Klf13	chr7	FALSE	TRUE
Klf15	chr6	TRUE	FALSE
Klf16	chr10	FALSE	FALSE
Klf2	chr8	FALSE	TRUE
Klf3	chr5	FALSE	TRUE
Klf4	chr4	TRUE	TRUE
Klf5	chr14	FALSE	TRUE
Klf6	chr13	FALSE	TRUE
Klf7	chr1	TRUE	TRUE
Klf8	chrX	FALSE	TRUE
Klf9	chr19	FALSE	TRUE
Klhdc4	chr8	FALSE	TRUE
Klhdc7a	chr4	FALSE	FALSE
Klhdc7b	chr15	FALSE	FALSE
Klhdc8a	chr1	FALSE	FALSE
Klhdc8b	chr9	FALSE	TRUE
Klhl1	chr14	TRUE	TRUE
Klhl14	chr18	FALSE	FALSE
Klhl2	chr8	FALSE	TRUE
Klhl21	chr4	FALSE	TRUE
Klhl23	chr2	FALSE	TRUE
Klhl25	chr7	FALSE	TRUE
Klhl29	chr12	FALSE	TRUE
Klhl3	chr13	FALSE	TRUE
Klhl30	chr1	FALSE	FALSE
Klhl32	chr4	FALSE	TRUE
Klhl33	chr14	FALSE	TRUE
Klhl34	chrX	FALSE	FALSE
Klhl35	chr7	FALSE	FALSE
Klhl36	chr8	FALSE	TRUE
Klhl38	chr15	FALSE	TRUE
Klhl40	chr9	FALSE	FALSE
Klhl42	chr6	FALSE	TRUE
Klhl5	chr5	FALSE	TRUE
Klhl8	chr5	FALSE	FALSE
Klhl9	chr4	FALSE	TRUE
Klrb1	chr6	FALSE	TRUE
Klrb1b	chr6	FALSE	TRUE
Klrg1	chr6	FALSE	TRUE
Klrg2	chr6	FALSE	FALSE
Kmt5a	chr5	FALSE	FALSE
Kmt5b	chr19	FALSE	TRUE
Kndc1	chr7	TRUE	FALSE
Krba1	chr6	FALSE	TRUE
Kremen1	chr11	TRUE	FALSE
Kri1	chr9	FALSE	TRUE
Krr1	chr10	FALSE	TRUE
Krt1	chr15	FALSE	FALSE
Krt18	chr15	FALSE	FALSE
Krt19	chr11	FALSE	FALSE
Krt4	chr15	FALSE	TRUE
Krt5	chr15	FALSE	FALSE
Krt7	chr15	FALSE	FALSE
Krt71	chr15	FALSE	FALSE
Krt72	chr15	FALSE	FALSE
Krt73	chr15	FALSE	FALSE
Krt77	chr15	FALSE	FALSE
Krt78	chr15	FALSE	TRUE
Krt79	chr15	FALSE	TRUE
Krt8	chr15	FALSE	TRUE
Krt80	chr15	FALSE	TRUE
Krt81	chr15	FALSE	FALSE
Krt82	chr15	FALSE	FALSE
Krt83	chr15	FALSE	FALSE
Krt86	chr15	FALSE	FALSE
Krt87	chr15	FALSE	TRUE
Krt88	chr15	FALSE	TRUE
Krt90	chr15	FALSE	FALSE
Krtap11-1	chr16	FALSE	FALSE
Krtap16-1	chr11	FALSE	FALSE
Krtap7-1	chr16	FALSE	TRUE
Ksr1	chr11	FALSE	FALSE
Ktn1	chr14	FALSE	TRUE
Ky	chr9	TRUE	FALSE
Kyat3	chr3	FALSE	TRUE
L1cam	chrX	TRUE	FALSE
L1td1	chr4	FALSE	FALSE
L2hgdh	chr12	FALSE	TRUE
L3mbtl3	chr10	FALSE	TRUE
L3mbtl4	chr17	FALSE	TRUE
Lacc1	chr14	FALSE	FALSE
Lad1	chr1	FALSE	FALSE
Lama1	chr17	TRUE	FALSE
Lama2	chr10	TRUE	TRUE
Lama3	chr18	TRUE	TRUE
Lama4	chr10	FALSE	TRUE
Lama5	chr2	TRUE	FALSE
Lamb1	chr12	TRUE	FALSE
Lamb3	chr1	TRUE	TRUE
Lamc1	chr1	TRUE	TRUE
Lamc2	chr1	TRUE	TRUE
Lamc3	chr2	TRUE	FALSE
Lamp5	chr2	TRUE	FALSE
Lancl1	chr1	FALSE	TRUE
Lap3	chr5	FALSE	TRUE
Laptm4a	chr12	FALSE	TRUE
Laptm4b	chr15	FALSE	FALSE
Laptm5	chr4	FALSE	FALSE
Large1	chr8	TRUE	TRUE
Large2	chr2	FALSE	TRUE
Larp1	chr11	FALSE	TRUE
Larp1b	chr3	FALSE	TRUE
Larp4b	chr13	FALSE	FALSE
Larp6	chr9	FALSE	TRUE
Lars2	chr9	FALSE	TRUE
Las1l	chrX	FALSE	TRUE
Lasp1	chr11	FALSE	FALSE
Lats2	chr14	FALSE	TRUE
Layn	chr9	FALSE	FALSE
Lbh	chr17	FALSE	TRUE
Lbp	chr2	FALSE	TRUE
Lbr	chr1	FALSE	TRUE
Lbx1	chr19	TRUE	FALSE
Lbx2	chr6	FALSE	FALSE
Lca5	chr9	FALSE	TRUE
Lca5l	chr16	FALSE	TRUE
Lclat1	chr17	FALSE	TRUE
Lcn10	chr2	FALSE	FALSE
Lcn11	chr2	FALSE	FALSE
Lcn12	chr2	FALSE	TRUE
Lcn5	chr2	FALSE	FALSE
Lcn8	chr2	FALSE	FALSE
Lcorl	chr5	FALSE	TRUE
Lcp1	chr14	FALSE	TRUE
Lcp2	chr11	FALSE	FALSE
Lct	chr1	FALSE	FALSE
Ldb2	chr5	TRUE	FALSE
Ldb3	chr14	FALSE	FALSE
Ldha	chr7	FALSE	FALSE
Ldhal6b	chr17	FALSE	FALSE
Ldhb	chr6	FALSE	TRUE
Ldhd	chr8	FALSE	TRUE
Ldlr	chr9	TRUE	FALSE
Ldlrad3	chr2	FALSE	TRUE
Ldlrad4	chr18	FALSE	TRUE
Ldlrap1	chr4	FALSE	FALSE
Ldoc1	chrX	FALSE	TRUE
Lef1	chr3	TRUE	FALSE
Lefty1	chr1	FALSE	FALSE
Lefty2	chr1	FALSE	FALSE
Lekr1	chr3	FALSE	TRUE
Lemd1	chr1	FALSE	FALSE
Lemd2	chr17	TRUE	FALSE
Lep	chr6	TRUE	TRUE
Lepr	chr4	TRUE	TRUE
Leprot	chr4	FALSE	TRUE
Leprotl1	chr8	FALSE	TRUE
Lfng	chr5	FALSE	FALSE
Lgals1	chr15	TRUE	TRUE
Lgals12	chr19	FALSE	FALSE
Lgals2	chr15	FALSE	TRUE
Lgals3	chr14	TRUE	FALSE
Lgals3bp	chr11	FALSE	FALSE
Lgals9	chr11	FALSE	FALSE
Lgalsl	chr11	FALSE	TRUE
Lgi1	chr19	TRUE	TRUE
Lgi2	chr5	TRUE	TRUE
Lgi3	chr14	FALSE	TRUE
Lgr4	chr2	TRUE	TRUE
Lgr5	chr10	FALSE	TRUE
Lgr6	chr1	FALSE	FALSE
Lgsn	chr1	FALSE	TRUE
Lhb	chr7	FALSE	FALSE
Lhcgr	chr17	TRUE	TRUE
Lhfpl2	chr13	FALSE	TRUE
Lhfpl3	chr5	TRUE	TRUE
Lhpp	chr7	FALSE	TRUE
Lhx1	chr11	TRUE	FALSE
Lhx2	chr2	TRUE	FALSE
Lhx3	chr2	TRUE	FALSE
Lhx4	chr1	TRUE	FALSE
Lhx5	chr5	TRUE	FALSE
Lhx6	chr2	TRUE	FALSE
Lhx8	chr3	TRUE	FALSE
Lhx9	chr1	TRUE	FALSE
Lif	chr11	TRUE	FALSE
Lifr	chr15	TRUE	TRUE
Lig4	chr8	TRUE	TRUE
Lilrb4a	chr10	FALSE	FALSE
Limch1	chr5	FALSE	FALSE
Limd1	chr9	FALSE	FALSE
Limk2	chr11	FALSE	TRUE
Lims1	chr10	FALSE	TRUE
Lims2	chr18	FALSE	FALSE
Lin28a	chr4	TRUE	FALSE
Lin28b	chr10	FALSE	FALSE
Lin54	chr5	FALSE	TRUE
Lin7a	chr10	TRUE	TRUE
Lin7c	chr2	TRUE	TRUE
Lingo1	chr9	TRUE	FALSE
Lingo2	chr4	TRUE	TRUE
Lingo3	chr10	FALSE	FALSE
Lingo4	chr3	TRUE	FALSE
Lins1	chr7	TRUE	TRUE
Lipa	chr19	FALSE	TRUE
Lipc	chr9	FALSE	TRUE
Lipe	chr7	FALSE	FALSE
Lipg	chr18	FALSE	FALSE
Lipi	chr16	FALSE	FALSE
Llgl2	chr11	FALSE	FALSE
Llph	chr10	TRUE	TRUE
Lman1	chr18	FALSE	TRUE
Lmbr1	chr5	FALSE	TRUE
Lmbrd1	chr1	FALSE	TRUE
Lmcd1	chr6	FALSE	TRUE
Lmf1	chr17	FALSE	FALSE
Lmna	chr3	FALSE	TRUE
Lmnb1	chr18	FALSE	TRUE
Lmnb2	chr10	FALSE	FALSE
Lmntd1	chr6	FALSE	FALSE
Lmntd2	chr7	FALSE	FALSE
Lmo1	chr7	FALSE	FALSE
Lmo2	chr2	FALSE	FALSE
Lmo3	chr6	FALSE	FALSE
Lmo4	chr3	TRUE	TRUE
Lmo7	chr14	FALSE	TRUE
Lmod2	chr6	FALSE	TRUE
Lmx1a	chr1	TRUE	FALSE
Lmx1b	chr2	TRUE	FALSE
Lnpep	chr17	TRUE	TRUE
Lnpk	chr2	FALSE	TRUE
Lnx1	chr5	TRUE	TRUE
Lnx2	chr5	TRUE	TRUE
Lonrf1	chr8	FALSE	TRUE
Lonrf2	chr1	FALSE	FALSE
Lonrf3	chrX	FALSE	TRUE
Lox	chr18	FALSE	FALSE
Loxhd1	chr18	TRUE	FALSE
Loxl1	chr9	FALSE	FALSE
Loxl4	chr19	FALSE	TRUE
Lpar1	chr4	TRUE	TRUE
Lpar3	chr3	TRUE	FALSE
Lpar5	chr6	FALSE	TRUE
Lpcat1	chr13	FALSE	TRUE
Lpcat2	chr8	FALSE	TRUE
Lpgat1	chr1	FALSE	TRUE
Lpin1	chr12	TRUE	FALSE
Lpin2	chr17	FALSE	TRUE
Lpin3	chr2	FALSE	TRUE
Lpl	chr8	FALSE	TRUE
Lpo	chr11	TRUE	TRUE
Lpp	chr16	FALSE	TRUE
Lrat	chr3	TRUE	TRUE
Lratd1	chr12	FALSE	TRUE
Lrba	chr3	FALSE	TRUE
Lrch1	chr14	FALSE	TRUE
Lrcol1	chr5	FALSE	FALSE
Lrfn2	chr17	TRUE	FALSE
Lrfn4	chr19	TRUE	FALSE
Lrfn5	chr12	TRUE	TRUE
Lrg1	chr17	FALSE	FALSE
Lrguk	chr6	TRUE	TRUE
Lrig1	chr6	TRUE	TRUE
Lrig2	chr3	TRUE	TRUE
Lrig3	chr10	FALSE	TRUE
Lrmda	chr14	FALSE	TRUE
Lrp1	chr10	TRUE	FALSE
Lrp10	chr14	FALSE	FALSE
Lrp11	chr10	FALSE	TRUE
Lrp12	chr15	TRUE	TRUE
Lrp1b	chr2	FALSE	TRUE
Lrp2	chr2	TRUE	FALSE
Lrp2bp	chr8	FALSE	TRUE
Lrp4	chr2	TRUE	FALSE
Lrp5	chr19	TRUE	FALSE
Lrp8	chr4	TRUE	TRUE
Lrpap1	chr5	FALSE	TRUE
Lrrc1	chr9	FALSE	TRUE
Lrrc10	chr10	FALSE	TRUE
Lrrc10b	chr19	FALSE	FALSE
Lrrc15	chr16	FALSE	FALSE
Lrrc17	chr5	FALSE	TRUE
Lrrc18	chr14	FALSE	FALSE
Lrrc20	chr10	FALSE	TRUE
Lrrc26	chr2	FALSE	FALSE
Lrrc28	chr7	FALSE	TRUE
Lrrc3	chr10	FALSE	FALSE
Lrrc32	chr7	FALSE	FALSE
Lrrc36	chr8	FALSE	TRUE
Lrrc38	chr4	FALSE	FALSE
Lrrc3b	chr14	FALSE	TRUE
Lrrc4	chr6	TRUE	TRUE
Lrrc49	chr9	FALSE	TRUE
Lrrc4c	chr2	TRUE	TRUE
Lrrc52	chr1	FALSE	FALSE
Lrrc55	chr2	FALSE	TRUE
Lrrc66	chr5	FALSE	TRUE
Lrrc7	chr3	TRUE	TRUE
Lrrc71	chr3	FALSE	FALSE
Lrrc72	chr12	FALSE	TRUE
Lrrc73	chr17	FALSE	FALSE
Lrrc74a	chr12	FALSE	FALSE
Lrrc74b	chr16	FALSE	FALSE
Lrrc75a	chr11	FALSE	FALSE
Lrrc75b	chr10	FALSE	TRUE
Lrrc8b	chr5	FALSE	TRUE
Lrrc8c	chr5	FALSE	TRUE
Lrrc8d	chr5	FALSE	FALSE
Lrrc9	chr12	FALSE	TRUE
Lrrcc1	chr3	FALSE	TRUE
Lrrfip1	chr1	FALSE	FALSE
Lrriq1	chr10	FALSE	TRUE
Lrriq4	chr3	FALSE	FALSE
Lrrk1	chr7	FALSE	FALSE
Lrrk2	chr15	TRUE	TRUE
Lrrn1	chr6	TRUE	TRUE
Lrrn2	chr1	FALSE	FALSE
Lrrn3	chr12	TRUE	TRUE
Lrrn4	chr2	TRUE	FALSE
Lrrtm1	chr6	TRUE	FALSE
Lrrtm3	chr10	TRUE	TRUE
Lrrtm4	chr6	TRUE	TRUE
Lrsam1	chr2	FALSE	TRUE
Lrtm1	chr14	TRUE	TRUE
Lrtm2	chr6	TRUE	FALSE
Lsamp	chr16	FALSE	TRUE
Lsm11	chr11	FALSE	TRUE
Lsm14b	chr2	FALSE	TRUE
Lsm3	chr6	FALSE	FALSE
Lsm4	chr8	FALSE	TRUE
Lsm5	chr6	FALSE	TRUE
Lsm6	chr8	FALSE	TRUE
Lsm8	chr6	FALSE	TRUE
Lsmem2	chr9	FALSE	TRUE
Lsp1	chr7	FALSE	FALSE
Lss	chr10	FALSE	TRUE
Lta4h	chr10	FALSE	TRUE
Ltb4r1	chr14	FALSE	TRUE
Ltb4r2	chr14	FALSE	FALSE
Ltbp1	chr17	FALSE	FALSE
Ltbp2	chr12	FALSE	FALSE
Ltbp3	chr19	FALSE	FALSE
Ltbp4	chr7	FALSE	FALSE
Ltbr	chr6	TRUE	FALSE
Ltc4s	chr11	FALSE	FALSE
Ltk	chr2	TRUE	FALSE
Lum	chr10	FALSE	TRUE
Lurap1l	chr4	FALSE	FALSE
Luzp2	chr7	FALSE	TRUE
Lvrn	chr18	FALSE	FALSE
Lxn	chr3	TRUE	TRUE
Ly6d	chr15	FALSE	TRUE
Ly6e	chr15	TRUE	FALSE
Ly6h	chr15	TRUE	FALSE
Ly6m	chr15	TRUE	TRUE
Ly75	chr2	FALSE	TRUE
Ly86	chr13	FALSE	TRUE
Ly96	chr1	FALSE	TRUE
Lyn	chr4	TRUE	TRUE
Lypd1	chr1	TRUE	TRUE
Lypd3	chr7	FALSE	FALSE
Lypd6	chr2	FALSE	TRUE
Lypd6b	chr2	FALSE	FALSE
Lyplal1	chr1	FALSE	TRUE
Lyrm4	chr13	FALSE	TRUE
Lysmd3	chr13	FALSE	TRUE
Lysmd4	chr7	FALSE	TRUE
Lyst	chr13	FALSE	TRUE
Lyzl4	chr9	FALSE	FALSE
Lzts1	chr8	TRUE	TRUE
Lzts3	chr2	TRUE	TRUE
M6pr	chr6	FALSE	TRUE
Mab21l1	chr3	FALSE	TRUE
Mab21l3	chr3	FALSE	TRUE
Mab21l4	chr1	FALSE	FALSE
Macf1	chr4	TRUE	FALSE
Macrod1	chr19	FALSE	FALSE
Macrod2	chr2	TRUE	TRUE
Macroh2a1	chr13	FALSE	FALSE
Macroh2a2	chr10	TRUE	TRUE
Mad1l1	chr5	FALSE	FALSE
Mad2l1	chr6	FALSE	TRUE
Madd	chr2	TRUE	FALSE
Mael	chr1	FALSE	FALSE
Maf	chr8	FALSE	TRUE
Mafa	chr15	FALSE	FALSE
Mafb	chr2	TRUE	FALSE
Maff	chr15	FALSE	FALSE
Mafk	chr5	TRUE	FALSE
Maged1	chrX	FALSE	FALSE
Magee1	chrX	FALSE	FALSE
Magee2	chrX	FALSE	TRUE
Magel2	chr7	FALSE	FALSE
Magi1	chr6	FALSE	TRUE
Magi2	chr5	TRUE	TRUE
Magi3	chr3	FALSE	TRUE
Mak	chr13	FALSE	TRUE
Mak16	chr8	FALSE	TRUE
Mal	chr2	TRUE	FALSE
Mal2	chr15	TRUE	TRUE
Malt1	chr18	FALSE	TRUE
Mamdc2	chr19	TRUE	TRUE
Maml2	chr9	FALSE	TRUE
Maml3	chr3	FALSE	TRUE
Mamld1	chrX	FALSE	TRUE
Man1a	chr10	FALSE	FALSE
Man1a2	chr3	FALSE	TRUE
Man1c1	chr4	FALSE	FALSE
Man2a1	chr17	TRUE	TRUE
Man2b2	chr5	FALSE	TRUE
Manba	chr3	FALSE	TRUE
Manea	chr4	FALSE	TRUE
Manf	chr9	TRUE	TRUE
Maoa	chrX	FALSE	TRUE
Map10	chr8	FALSE	FALSE
Map1a	chr2	TRUE	TRUE
Map1b	chr13	TRUE	FALSE
Map1lc3a	chr2	FALSE	FALSE
Map1lc3b	chr8	FALSE	TRUE
Map2	chr1	TRUE	TRUE
Map2k3	chr11	FALSE	FALSE
Map2k6	chr11	FALSE	TRUE
Map3k1	chr13	FALSE	TRUE
Map3k12	chr15	TRUE	FALSE
Map3k14	chr11	FALSE	TRUE
Map3k15	chrX	FALSE	FALSE
Map3k20	chr2	FALSE	TRUE
Map3k21	chr8	FALSE	FALSE
Map3k4	chr17	FALSE	FALSE
Map3k5	chr10	TRUE	TRUE
Map3k6	chr4	FALSE	FALSE
Map3k7	chr4	TRUE	TRUE
Map3k7cl	chr16	FALSE	TRUE
Map3k8	chr18	FALSE	TRUE
Map3k9	chr12	FALSE	FALSE
Map4	chr9	TRUE	TRUE
Map4k3	chr17	FALSE	TRUE
Map4k4	chr1	TRUE	TRUE
Map6	chr7	TRUE	FALSE
Map7	chr10	FALSE	TRUE
Map7d1	chr4	FALSE	FALSE
Map7d3	chrX	FALSE	TRUE
Map9	chr3	FALSE	TRUE
Mapk10	chr5	TRUE	TRUE
Mapk11	chr15	FALSE	TRUE
Mapk12	chr15	FALSE	FALSE
Mapk13	chr17	FALSE	FALSE
Mapk15	chr15	FALSE	FALSE
Mapk1ip1l	chr14	FALSE	TRUE
Mapk4	chr18	FALSE	TRUE
Mapk8	chr14	TRUE	TRUE
Mapk8ip1	chr2	FALSE	FALSE
Mapkap1	chr2	FALSE	FALSE
Mapkapk2	chr1	FALSE	TRUE
Mapkapk3	chr9	FALSE	TRUE
Mapkbp1	chr2	FALSE	FALSE
Mapre2	chr18	FALSE	TRUE
Mapt	chr11	TRUE	FALSE
Marchf10	chr11	FALSE	FALSE
Marchf11	chr15	FALSE	TRUE
Marchf3	chr18	FALSE	TRUE
Marchf4	chr1	FALSE	FALSE
Marchf5	chr19	FALSE	TRUE
Marchf8	chr6	FALSE	TRUE
Marchf9	chr10	FALSE	TRUE
Marcks	chr10	TRUE	TRUE
Marcksl1	chr4	TRUE	FALSE
Mark1	chr1	TRUE	TRUE
Mark2	chr19	TRUE	FALSE
Mars2	chr1	FALSE	TRUE
Marveld1	chr19	TRUE	TRUE
Marveld3	chr8	FALSE	FALSE
Masp1	chr16	FALSE	TRUE
Mast1	chr8	TRUE	FALSE
Mast3	chr8	FALSE	FALSE
Mast4	chr13	FALSE	TRUE
Mastl	chr2	FALSE	TRUE
Mat2b	chr11	FALSE	TRUE
Matn1	chr4	FALSE	FALSE
Matn2	chr15	TRUE	TRUE
Matn3	chr12	FALSE	TRUE
Matn4	chr2	TRUE	FALSE
Mavs	chr2	TRUE	TRUE
Max	chr12	TRUE	TRUE
Mb	chr15	FALSE	TRUE
Mb21d2	chr16	FALSE	TRUE
Mbd2	chr18	FALSE	TRUE
Mbd5	chr2	TRUE	FALSE
Mbip	chr12	FALSE	FALSE
Mblac2	chr13	FALSE	TRUE
Mbnl1	chr3	TRUE	TRUE
Mbnl2	chr14	FALSE	TRUE
Mbnl3	chrX	FALSE	FALSE
Mboat1	chr13	TRUE	TRUE
Mboat2	chr12	FALSE	TRUE
Mboat4	chr8	FALSE	TRUE
Mboat7	chr7	TRUE	TRUE
Mbp	chr18	TRUE	TRUE
Mc2r	chr18	FALSE	TRUE
Mc3r	chr2	FALSE	FALSE
Mc4r	chr18	FALSE	FALSE
Mc5r	chr18	FALSE	TRUE
Mcam	chr9	FALSE	FALSE
Mcc	chr18	FALSE	TRUE
Mccc2	chr13	FALSE	TRUE
Mcf2	chrX	TRUE	TRUE
Mcf2l	chr8	FALSE	FALSE
Mchr1	chr15	FALSE	FALSE
Mcidas	chr13	FALSE	FALSE
Mcm10	chr2	FALSE	FALSE
Mcm2	chr6	FALSE	TRUE
Mcm3	chr1	FALSE	TRUE
Mcm4	chr16	FALSE	TRUE
Mcm5	chr8	FALSE	TRUE
Mcm8	chr2	FALSE	TRUE
Mcm9	chr10	FALSE	TRUE
Mcoln2	chr3	FALSE	FALSE
Mcph1	chr8	TRUE	FALSE
Mcpt9	chr14	FALSE	TRUE
Mctp1	chr13	TRUE	TRUE
Mctp2	chr7	TRUE	FALSE
Mcu	chr10	FALSE	TRUE
Mcub	chr3	FALSE	FALSE
Mcur1	chr13	FALSE	TRUE
Mdfi	chr17	FALSE	FALSE
Mdfic	chr6	FALSE	FALSE
Mdga1	chr17	TRUE	FALSE
Mdga2	chr12	TRUE	FALSE
Mdh1	chr11	FALSE	TRUE
Mdk	chr2	TRUE	FALSE
Mdm1	chr10	FALSE	TRUE
Mdm4	chr1	FALSE	TRUE
Me1	chr9	FALSE	TRUE
Me2	chr18	FALSE	TRUE
Me3	chr7	FALSE	TRUE
Meak7	chr8	FALSE	TRUE
Mecom	chr3	TRUE	FALSE
Med10	chr13	FALSE	TRUE
Med12l	chr3	FALSE	TRUE
Med13l	chr5	FALSE	FALSE
Med15	chr16	FALSE	FALSE
Med26	chr8	FALSE	FALSE
Med27	chr2	FALSE	FALSE
Med30	chr15	FALSE	TRUE
Medag	chr5	FALSE	TRUE
Mef2a	chr7	TRUE	TRUE
Mef2c	chr13	TRUE	TRUE
Mef2d	chr3	TRUE	TRUE
Megf10	chr18	FALSE	FALSE
Megf11	chr9	FALSE	FALSE
Megf6	chr4	FALSE	FALSE
Megf8	chr7	TRUE	FALSE
Megf9	chr4	TRUE	TRUE
Mei1	chr15	FALSE	FALSE
Mei4	chr9	FALSE	TRUE
Meig1	chr2	TRUE	TRUE
Meis1	chr11	TRUE	FALSE
Meis2	chr2	TRUE	FALSE
Meis3	chr7	TRUE	FALSE
Melk	chr4	FALSE	TRUE
Meltf	chr16	FALSE	TRUE
Meox1	chr11	FALSE	FALSE
Meox2	chr12	FALSE	TRUE
Mep1b	chr18	FALSE	FALSE
Mertk	chr2	TRUE	FALSE
Mesd	chr7	TRUE	TRUE
Mesp1	chr7	TRUE	FALSE
Mest	chr6	FALSE	TRUE
Met	chr6	TRUE	FALSE
Metap1d	chr2	FALSE	TRUE
Metap2	chr10	FALSE	TRUE
Metrnl	chr11	FALSE	FALSE
Mettl1	chr10	FALSE	TRUE
Mettl15	chr2	FALSE	TRUE
Mettl21a	chr1	FALSE	TRUE
Mettl21e	chr1	FALSE	TRUE
Mettl24	chr10	FALSE	TRUE
Mettl8	chr2	FALSE	TRUE
Mex3b	chr7	FALSE	FALSE
Mex3c	chr18	FALSE	TRUE
Mex3d	chr10	FALSE	FALSE
Mfap2	chr4	FALSE	FALSE
Mfap3l	chr8	FALSE	TRUE
Mfap4	chr11	FALSE	TRUE
Mfge8	chr7	FALSE	FALSE
Mfhas1	chr8	FALSE	TRUE
Mfng	chr15	FALSE	FALSE
Mfsd1	chr3	FALSE	TRUE
Mfsd10	chr5	FALSE	TRUE
Mfsd2a	chr4	TRUE	FALSE
Mfsd2b	chr12	FALSE	FALSE
Mfsd3	chr15	FALSE	TRUE
Mfsd4a	chr1	FALSE	TRUE
Mfsd4b1	chr10	FALSE	TRUE
Mfsd6	chr1	FALSE	TRUE
Mfsd6l	chr11	FALSE	TRUE
Mfsd9	chr1	FALSE	TRUE
Mgarp	chr3	TRUE	TRUE
Mgat1	chr11	FALSE	TRUE
Mgat2	chr12	FALSE	TRUE
Mgat3	chr15	TRUE	TRUE
Mgat4a	chr1	FALSE	TRUE
Mgat4b	chr11	FALSE	FALSE
Mgat4c	chr10	FALSE	FALSE
Mgat5	chr1	FALSE	TRUE
Mgat5b	chr11	FALSE	FALSE
Mgll	chr6	TRUE	TRUE
Mgmt	chr7	FALSE	FALSE
Mgst1	chr6	FALSE	FALSE
Mgst2	chr3	FALSE	TRUE
Mgst3	chr1	FALSE	TRUE
Mia2	chr12	FALSE	TRUE
Mia3	chr1	FALSE	TRUE
Mical1	chr10	FALSE	TRUE
Mical2	chr7	FALSE	TRUE
Mical3	chr6	FALSE	TRUE
Micall1	chr15	TRUE	TRUE
Micall2	chr5	TRUE	FALSE
Micu1	chr10	FALSE	TRUE
Micu3	chr8	TRUE	TRUE
Mid1	chrX	FALSE	TRUE
Mid1ip1	chrX	FALSE	TRUE
Mid2	chrX	FALSE	FALSE
Midn	chr10	FALSE	TRUE
Mier1	chr4	FALSE	TRUE
Mier2	chr10	FALSE	FALSE
Mier3	chr13	FALSE	TRUE
Mif	chr10	FALSE	TRUE
Minar1	chr9	TRUE	FALSE
Minar2	chr18	TRUE	FALSE
Mindy3	chr2	FALSE	TRUE
Mindy4	chr6	FALSE	TRUE
Minpp1	chr19	FALSE	TRUE
Mipep	chr14	FALSE	TRUE
Mis18a	chr16	FALSE	TRUE
Misp3	chr8	FALSE	FALSE
Mitf	chr6	FALSE	TRUE
Mixl1	chr1	FALSE	FALSE
Mki67	chr7	FALSE	FALSE
Mkks	chr2	TRUE	TRUE
Mknk2	chr10	FALSE	TRUE
Mkx	chr18	FALSE	TRUE
Mlec	chr5	FALSE	FALSE
Mlf1	chr3	FALSE	TRUE
Mlf2	chr6	FALSE	TRUE
Mlh1	chr9	FALSE	TRUE
Mllt10	chr2	FALSE	TRUE
Mllt3	chr4	FALSE	TRUE
Mlph	chr1	FALSE	TRUE
Mlxipl	chr5	FALSE	FALSE
Mmaa	chr8	FALSE	TRUE
Mmd	chr11	TRUE	TRUE
Mme	chr3	TRUE	TRUE
Mmp11	chr10	FALSE	TRUE
Mmp14	chr14	TRUE	TRUE
Mmp15	chr8	FALSE	FALSE
Mmp16	chr4	FALSE	TRUE
Mmp17	chr5	FALSE	FALSE
Mmp2	chr8	TRUE	FALSE
Mmp21	chr7	FALSE	FALSE
Mmp23	chr4	FALSE	FALSE
Mmp24	chr2	TRUE	FALSE
Mmp25	chr17	FALSE	FALSE
Mmp28	chr11	FALSE	TRUE
Mmp9	chr2	TRUE	FALSE
Mmrn1	chr6	FALSE	TRUE
Mmrn2	chr14	FALSE	FALSE
Mms19	chr19	FALSE	TRUE
Mms22l	chr4	FALSE	TRUE
Mmut	chr17	FALSE	TRUE
Mn1	chr5	FALSE	FALSE
Mnd1	chr3	FALSE	FALSE
Mnt	chr11	FALSE	TRUE
Mnx1	chr5	TRUE	FALSE
Mob2	chr7	TRUE	FALSE
Mob3a	chr10	FALSE	FALSE
Mob3b	chr4	FALSE	FALSE
Mob3c	chr4	FALSE	TRUE
Mocos	chr18	FALSE	TRUE
Mocs1	chr17	FALSE	TRUE
Mocs2	chr13	FALSE	TRUE
Mogat1	chr1	FALSE	TRUE
Mogat2	chr7	FALSE	FALSE
Mogs	chr6	FALSE	TRUE
Mon1b	chr8	FALSE	TRUE
Morc1	chr16	FALSE	TRUE
Morc4	chrX	FALSE	TRUE
Morn1	chr4	FALSE	TRUE
Morn4	chr19	TRUE	TRUE
Mos	chr4	FALSE	TRUE
Mov10	chr3	TRUE	FALSE
Moxd1	chr10	FALSE	TRUE
Mpc2	chr1	FALSE	TRUE
Mpdz	chr4	TRUE	TRUE
Mphosph6	chr8	FALSE	TRUE
Mphosph8	chr14	FALSE	TRUE
Mphosph9	chr5	FALSE	TRUE
Mpnd	chr17	FALSE	TRUE
Mpp2	chr11	TRUE	TRUE
Mpp3	chr11	FALSE	FALSE
Mpp4	chr1	TRUE	FALSE
Mpp7	chr18	FALSE	TRUE
Mpped1	chr15	FALSE	FALSE
Mpped2	chr2	FALSE	TRUE
Mprip	chr11	FALSE	FALSE
Mpv17l	chr16	FALSE	TRUE
Mpv17l2	chr8	FALSE	TRUE
Mpz	chr1	TRUE	FALSE
Mpzl1	chr1	FALSE	TRUE
Mpzl2	chr9	FALSE	FALSE
Mr1	chr1	FALSE	TRUE
Mrap2	chr9	FALSE	FALSE
Mras	chr9	FALSE	FALSE
Mrc2	chr11	FALSE	FALSE
Mreg	chr1	FALSE	TRUE
Mrgbp	chr2	FALSE	FALSE
Mrgpre	chr7	FALSE	FALSE
Mrgprf	chr7	FALSE	TRUE
Mrgprg	chr7	FALSE	FALSE
Mrgprh	chr17	FALSE	TRUE
Mrm1	chr11	FALSE	TRUE
Mrm3	chr11	FALSE	FALSE
Mro	chr18	FALSE	TRUE
Mroh1	chr15	FALSE	FALSE
Mroh3	chr1	FALSE	FALSE
Mroh4	chr15	FALSE	FALSE
Mroh5	chr15	FALSE	TRUE
Mroh6	chr15	FALSE	TRUE
Mrpl34	chr8	FALSE	TRUE
Mrpl35	chr6	FALSE	FALSE
Mrpl39	chr16	FALSE	TRUE
Mrpl41	chr2	FALSE	TRUE
Mrpl46	chr7	FALSE	TRUE
Mrps22	chr9	FALSE	FALSE
Mrps27	chr13	FALSE	TRUE
Mrps28	chr3	FALSE	TRUE
Mrps31	chr8	FALSE	TRUE
Mrps36	chr13	FALSE	TRUE
Mrps5	chr2	FALSE	FALSE
Mrps6	chr16	FALSE	TRUE
Mrps9	chr1	FALSE	TRUE
Mrtfa	chr15	TRUE	FALSE
Mrtfb	chr16	TRUE	TRUE
Ms4a10	chr19	FALSE	TRUE
Msantd1	chr5	FALSE	FALSE
Msantd3	chr4	FALSE	TRUE
Msc	chr1	FALSE	TRUE
Msgn1	chr12	FALSE	FALSE
Msh2	chr17	TRUE	FALSE
Msh3	chr13	FALSE	TRUE
Msh4	chr3	FALSE	TRUE
Msi1	chr5	TRUE	FALSE
Msi2	chr11	TRUE	FALSE
Msl3	chrX	FALSE	TRUE
Msl3l2	chr10	FALSE	TRUE
Msmo1	chr8	FALSE	TRUE
Msn	chrX	TRUE	TRUE
Msra	chr14	FALSE	TRUE
Msrb2	chr2	FALSE	TRUE
Msrb3	chr10	FALSE	TRUE
Mst1r	chr9	TRUE	TRUE
Mstn	chr1	FALSE	TRUE
Msx1	chr5	TRUE	FALSE
Msx2	chr13	FALSE	TRUE
Msx3	chr7	FALSE	FALSE
Mt1	chr8	TRUE	TRUE
Mt2	chr8	FALSE	FALSE
Mt3	chr8	TRUE	TRUE
Mta1	chr12	FALSE	TRUE
Mtap	chr4	FALSE	TRUE
Mtarc1	chr1	FALSE	FALSE
Mtarc2	chr1	FALSE	TRUE
Mtch1	chr17	FALSE	FALSE
Mtcl1	chr17	FALSE	FALSE
Mtdh	chr15	FALSE	TRUE
Mterf1b	chr5	FALSE	TRUE
Mterf2	chr10	FALSE	TRUE
Mtfr1	chr3	FALSE	TRUE
Mthfd1	chr12	TRUE	TRUE
Mthfd1l	chr10	TRUE	TRUE
Mthfd2l	chr5	FALSE	TRUE
Mthfr	chr4	TRUE	FALSE
Mthfs	chr9	FALSE	TRUE
Mtif3	chr5	FALSE	FALSE
Mtm1	chrX	FALSE	TRUE
Mtmr12	chr15	FALSE	TRUE
Mtmr3	chr11	FALSE	FALSE
Mtmr6	chr14	FALSE	TRUE
Mtmr7	chr8	FALSE	TRUE
Mtnr1a	chr8	FALSE	TRUE
Mtpn	chr6	TRUE	TRUE
Mtr	chr13	TRUE	TRUE
Mtres1	chr10	FALSE	FALSE
Mtrf1l	chr10	FALSE	TRUE
Mtss1	chr15	TRUE	TRUE
Mtss2	chr8	FALSE	FALSE
Mturn	chr6	TRUE	TRUE
Mtus1	chr8	FALSE	TRUE
Mtus2	chr5	FALSE	FALSE
Mtx2	chr2	FALSE	FALSE
Mtx3	chr13	FALSE	TRUE
Muc1	chr3	FALSE	FALSE
Muc15	chr2	FALSE	TRUE
Muc2	chr7	FALSE	FALSE
Muc5b	chr7	FALSE	FALSE
Muc6	chr7	FALSE	FALSE
Mustn1	chr14	FALSE	FALSE
Mutyh	chr4	FALSE	TRUE
Mvb12b	chr2	FALSE	FALSE
Mvk	chr5	FALSE	TRUE
Mxd4	chr5	FALSE	TRUE
Mxra7	chr11	FALSE	FALSE
Myb	chr10	TRUE	FALSE
Mybl1	chr1	FALSE	TRUE
Mybl2	chr2	TRUE	TRUE
Mybpc3	chr2	FALSE	TRUE
Mybph	chr1	FALSE	FALSE
Myc	chr15	TRUE	FALSE
Mycbp2	chr14	TRUE	TRUE
Mycl	chr4	TRUE	FALSE
Mycn	chr12	TRUE	FALSE
Myf5	chr10	FALSE	FALSE
Myf6	chr10	FALSE	TRUE
Myh10	chr11	TRUE	FALSE
Myh11	chr16	FALSE	TRUE
Myh13	chr11	FALSE	FALSE
Myh15	chr16	FALSE	TRUE
Myh3	chr11	TRUE	FALSE
Myh7	chr14	TRUE	FALSE
Myh7b	chr2	FALSE	FALSE
Myh9	chr15	FALSE	FALSE
Myl10	chr5	FALSE	FALSE
Myl12a	chr17	FALSE	TRUE
Myl12b	chr17	FALSE	FALSE
Myl2	chr5	FALSE	FALSE
Myl3	chr9	FALSE	FALSE
Myl9	chr2	FALSE	FALSE
Mylip	chr13	TRUE	TRUE
Mylk	chr16	TRUE	FALSE
Mylk2	chr2	TRUE	FALSE
Mylk4	chr13	FALSE	TRUE
Myo10	chr15	FALSE	TRUE
Myo16	chr8	TRUE	TRUE
Myo18a	chr11	FALSE	FALSE
Myo18b	chr5	FALSE	FALSE
Myo1a	chr10	TRUE	FALSE
Myo1b	chr1	FALSE	FALSE
Myo1c	chr11	FALSE	TRUE
Myo1e	chr9	FALSE	FALSE
Myo3a	chr2	TRUE	TRUE
Myo3b	chr2	TRUE	TRUE
Myo5b	chr18	TRUE	FALSE
Myo5c	chr9	FALSE	TRUE
Myo6	chr9	TRUE	TRUE
Myo7a	chr7	TRUE	TRUE
Myo9b	chr8	FALSE	TRUE
Myoc	chr1	TRUE	FALSE
Myocd	chr11	FALSE	FALSE
Myocos	chr1	FALSE	FALSE
Myod1	chr7	FALSE	FALSE
Myof	chr19	FALSE	TRUE
Myog	chr1	FALSE	TRUE
Myom2	chr8	FALSE	TRUE
Myom3	chr4	FALSE	FALSE
Myorg	chr4	FALSE	TRUE
Myoz3	chr18	FALSE	TRUE
Myrf	chr19	TRUE	FALSE
Myrfl	chr10	FALSE	TRUE
Myrip	chr9	FALSE	FALSE
Myt1	chr2	TRUE	TRUE
Myt1l	chr12	TRUE	TRUE
Myzap	chr9	FALSE	FALSE
Mzt1	chr14	FALSE	TRUE
N4bp1	chr8	FALSE	TRUE
N4bp2	chr5	FALSE	TRUE
N4bp2l1	chr5	FALSE	FALSE
N4bp3	chr11	TRUE	TRUE
N6amt1	chr16	FALSE	TRUE
Naa11	chr5	FALSE	TRUE
Naaladl2	chr3	FALSE	TRUE
Nab1	chr1	TRUE	TRUE
Nab2	chr10	TRUE	TRUE
Nabp1	chr1	FALSE	TRUE
Nacad	chr11	FALSE	TRUE
Nacc2	chr2	FALSE	FALSE
Nadk2	chr15	FALSE	TRUE
Naf1	chr8	FALSE	TRUE
Nagpa	chr16	FALSE	TRUE
Nags	chr11	FALSE	FALSE
Nalcn	chr14	TRUE	TRUE
Nampt	chr12	FALSE	TRUE
Nanos1	chr19	TRUE	FALSE
Nanos3	chr8	FALSE	FALSE
Nans	chr4	FALSE	TRUE
Nap1l1	chr10	TRUE	TRUE
Napa	chr7	TRUE	TRUE
Napb	chr2	TRUE	TRUE
Napepld	chr5	FALSE	TRUE
Napg	chr18	FALSE	TRUE
Naprt	chr15	FALSE	FALSE
Nars2	chr7	FALSE	FALSE
Nat1	chr8	FALSE	TRUE
Nat3	chr8	FALSE	TRUE
Nat8	chr6	FALSE	FALSE
Nat8f1	chr6	FALSE	TRUE
Nat8l	chr5	TRUE	TRUE
Nat9	chr11	FALSE	TRUE
Natd1	chr11	FALSE	FALSE
Nav1	chr1	TRUE	FALSE
Nav2	chr7	TRUE	TRUE
Nav3	chr10	TRUE	TRUE
Nbas	chr12	FALSE	TRUE
Nbea	chr3	TRUE	TRUE
Nbeal2	chr9	FALSE	TRUE
Nbl1	chr4	TRUE	FALSE
Ncald	chr15	FALSE	TRUE
Ncam1	chr9	TRUE	FALSE
Ncam2	chr16	TRUE	TRUE
Ncan	chr8	TRUE	TRUE
Ncapg	chr5	FALSE	TRUE
Ncaph2	chr15	FALSE	TRUE
Nccrp1	chr7	FALSE	FALSE
Ncdn	chr4	TRUE	FALSE
Nceh1	chr3	FALSE	TRUE
Ncf2	chr1	TRUE	TRUE
Nck1	chr9	TRUE	TRUE
Nck2	chr1	TRUE	TRUE
Nckap1	chr2	TRUE	TRUE
Nckap5	chr1	FALSE	TRUE
Nckap5l	chr15	FALSE	FALSE
Ncl	chr1	FALSE	TRUE
Ncln	chr10	FALSE	TRUE
Ncoa1	chr12	TRUE	TRUE
Ncoa2	chr1	FALSE	FALSE
Ncoa7	chr10	FALSE	TRUE
Ncor2	chr5	TRUE	FALSE
Ncs1	chr2	TRUE	FALSE
Ndc1	chr4	FALSE	FALSE
Ndfip1	chr18	FALSE	FALSE
Ndfip2	chr14	FALSE	TRUE
Ndnf	chr6	TRUE	FALSE
Ndp	chrX	TRUE	TRUE
Ndrg1	chr15	TRUE	FALSE
Ndrg2	chr14	TRUE	TRUE
Ndrg4	chr8	TRUE	TRUE
Ndst1	chr18	TRUE	TRUE
Ndst3	chr3	FALSE	TRUE
Ndst4	chr3	FALSE	FALSE
Ndufa10	chr1	FALSE	FALSE
Ndufa4	chr6	FALSE	TRUE
Ndufa4l2	chr10	FALSE	TRUE
Ndufaf2	chr13	FALSE	TRUE
Ndufaf4	chr4	FALSE	TRUE
Ndufb4	chr16	FALSE	TRUE
Ndufs2	chr1	TRUE	TRUE
Ndufs4	chr13	TRUE	FALSE
Ndufs6	chr13	FALSE	FALSE
Neb	chr2	FALSE	TRUE
Nebl	chr2	FALSE	TRUE
Necab1	chr4	FALSE	TRUE
Necab2	chr8	FALSE	FALSE
Necab3	chr2	FALSE	TRUE
Necap2	chr4	FALSE	FALSE
Nectin1	chr9	TRUE	FALSE
Nectin2	chr7	FALSE	FALSE
Nectin3	chr16	TRUE	TRUE
Nedd1	chr10	FALSE	TRUE
Nedd4l	chr18	TRUE	TRUE
Nedd9	chr13	TRUE	TRUE
Nefh	chr11	TRUE	FALSE
Nefl	chr14	TRUE	FALSE
Nefm	chr14	TRUE	TRUE
Negr1	chr3	TRUE	FALSE
Neil2	chr14	FALSE	FALSE
Neil3	chr8	FALSE	TRUE
Nek1	chr8	FALSE	TRUE
Nek10	chr14	FALSE	TRUE
Nek2	chr1	FALSE	TRUE
Nek6	chr2	FALSE	TRUE
Nek7	chr1	FALSE	TRUE
Nelfa	chr5	FALSE	TRUE
Nell1	chr7	FALSE	TRUE
Nell2	chr15	TRUE	TRUE
Nemp2	chr1	FALSE	TRUE
Nenf	chr1	FALSE	TRUE
Neo1	chr9	TRUE	FALSE
Nepro	chr16	TRUE	TRUE
Nes	chr3	TRUE	FALSE
Net1	chr13	FALSE	TRUE
Neto1	chr18	TRUE	TRUE
Neto2	chr8	TRUE	TRUE
Neu2	chr1	FALSE	TRUE
Neu4	chr1	TRUE	FALSE
Neurl1a	chr19	TRUE	TRUE
Neurl1b	chr17	FALSE	FALSE
Neurl3	chr1	FALSE	FALSE
Neurod1	chr2	TRUE	TRUE
Neurod2	chr11	TRUE	TRUE
Neurod4	chr10	TRUE	TRUE
Neurod6	chr6	TRUE	TRUE
Neurog1	chr13	TRUE	FALSE
Neurog2	chr3	TRUE	FALSE
Neurog3	chr10	TRUE	FALSE
Nexmif	chrX	TRUE	FALSE
Nexn	chr3	TRUE	FALSE
Nfam1	chr15	FALSE	FALSE
Nfasc	chr1	TRUE	FALSE
Nfatc1	chr18	FALSE	FALSE
Nfatc2	chr2	FALSE	FALSE
Nfatc2ip	chr7	FALSE	TRUE
Nfatc4	chr14	TRUE	FALSE
Nfe2	chr15	FALSE	TRUE
Nfe2l1	chr11	TRUE	TRUE
Nfe2l2	chr2	TRUE	TRUE
Nfe2l3	chr6	FALSE	FALSE
Nfia	chr4	TRUE	TRUE
Nfib	chr4	TRUE	TRUE
Nfic	chr10	FALSE	FALSE
Nfil3	chr13	FALSE	TRUE
Nfix	chr8	TRUE	FALSE
Nfkb1	chr3	FALSE	FALSE
Nfkb2	chr19	TRUE	FALSE
Nfkbia	chr12	FALSE	TRUE
Nfkbie	chr17	FALSE	TRUE
Nfkbiz	chr16	FALSE	TRUE
Nfu1	chr6	FALSE	FALSE
Nfxl1	chr5	FALSE	TRUE
Nfyb	chr10	FALSE	TRUE
Ngb	chr12	TRUE	TRUE
Ngdn	chr14	TRUE	FALSE
Ngef	chr1	TRUE	TRUE
Ngf	chr3	TRUE	FALSE
Ngfr	chr11	TRUE	FALSE
Nhlh1	chr1	FALSE	TRUE
Nhlh2	chr3	TRUE	TRUE
Nhlrc1	chr13	FALSE	TRUE
Nhlrc3	chr3	FALSE	TRUE
Nhs	chrX	FALSE	FALSE
Nhsl1	chr10	FALSE	TRUE
Nhsl2	chrX	FALSE	FALSE
Nid1	chr13	FALSE	TRUE
Nid2	chr14	FALSE	FALSE
Nim1k	chr13	FALSE	TRUE
Nin	chr12	TRUE	FALSE
Ninj1	chr13	FALSE	TRUE
Ninj2	chr6	FALSE	TRUE
Ninl	chr2	FALSE	FALSE
Nipal1	chr5	FALSE	FALSE
Nipal2	chr15	FALSE	TRUE
Nipbl	chr15	TRUE	TRUE
Nipsnap3b	chr4	FALSE	TRUE
Nisch	chr14	TRUE	FALSE
Nkain1	chr4	FALSE	FALSE
Nkain2	chr10	FALSE	FALSE
Nkain3	chr4	FALSE	TRUE
Nkain4	chr2	FALSE	TRUE
Nkapl	chr13	FALSE	TRUE
Nkd1	chr8	FALSE	FALSE
Nkd2	chr13	FALSE	TRUE
Nkpd1	chr7	FALSE	FALSE
Nkx1-1	chr5	TRUE	FALSE
Nkx1-2	chr7	FALSE	FALSE
Nkx2-1	chr12	TRUE	FALSE
Nkx2-2	chr2	TRUE	FALSE
Nkx2-3	chr19	FALSE	FALSE
Nkx2-4	chr2	FALSE	FALSE
Nkx2-5	chr17	TRUE	FALSE
Nkx2-9	chr12	TRUE	FALSE
Nkx3-1	chr14	FALSE	TRUE
Nkx3-2	chr5	FALSE	FALSE
Nkx6-1	chr5	TRUE	FALSE
Nkx6-2	chr7	TRUE	FALSE
Nkx6-3	chr8	FALSE	TRUE
Nlgn1	chr3	TRUE	TRUE
Nlgn3	chrX	TRUE	FALSE
Nln	chr13	FALSE	TRUE
Nlrc3	chr16	FALSE	TRUE
Nlrc5	chr8	FALSE	FALSE
Nlrp6	chr7	FALSE	FALSE
Nmb	chr7	TRUE	TRUE
Nmd3	chr3	FALSE	TRUE
Nme3	chr17	FALSE	FALSE
Nme7	chr1	TRUE	TRUE
Nmi	chr2	FALSE	TRUE
Nmnat2	chr1	FALSE	TRUE
Nmnat3	chr9	FALSE	FALSE
Nmrk1	chr19	FALSE	TRUE
Nmt2	chr2	FALSE	TRUE
Nmu	chr5	TRUE	FALSE
Nnmt	chr9	FALSE	FALSE
Nnt	chr13	FALSE	TRUE
Noa1	chr5	FALSE	TRUE
Nobox	chr6	FALSE	TRUE
Noct	chr3	FALSE	TRUE
Nod1	chr6	TRUE	FALSE
Nod2	chr8	TRUE	FALSE
Nodal	chr10	TRUE	FALSE
Nog	chr11	TRUE	FALSE
Nol3	chr8	FALSE	TRUE
Nol4	chr18	FALSE	TRUE
Nol4l	chr2	FALSE	FALSE
Nono	chrX	TRUE	TRUE
Nos1	chr5	TRUE	FALSE
Nos1ap	chr1	TRUE	TRUE
Nos2	chr11	FALSE	FALSE
Nos3	chr5	TRUE	TRUE
Nostrin	chr2	FALSE	FALSE
Notch1	chr2	TRUE	TRUE
Notch2	chr3	TRUE	TRUE
Notch3	chr17	TRUE	FALSE
Noto	chr6	TRUE	TRUE
Notum	chr11	FALSE	FALSE
Nova1	chr12	TRUE	TRUE
Noxa1	chr2	FALSE	FALSE
Npas1	chr7	TRUE	FALSE
Npas2	chr1	FALSE	TRUE
Npas3	chr12	TRUE	FALSE
Npas4	chr19	TRUE	FALSE
Npc1	chr18	TRUE	TRUE
Npc2	chr12	FALSE	TRUE
Npepl1	chr2	FALSE	TRUE
Npff	chr15	TRUE	TRUE
Npffr1	chr10	FALSE	TRUE
Npffr2	chr5	FALSE	FALSE
Nphp1	chr2	TRUE	TRUE
Nphp3	chr9	FALSE	TRUE
Nphp4	chr4	TRUE	FALSE
Nphs2	chr1	FALSE	FALSE
Npl	chr1	FALSE	FALSE
Npm1	chr11	TRUE	TRUE
Npnt	chr3	FALSE	TRUE
Nppc	chr1	TRUE	FALSE
Npr1	chr3	FALSE	FALSE
Npr2	chr4	TRUE	TRUE
Npr3	chr15	FALSE	FALSE
Nprl3	chr11	FALSE	TRUE
Nps	chr7	TRUE	FALSE
Npsr1	chr9	FALSE	TRUE
Nptx1	chr11	TRUE	FALSE
Nptx2	chr5	TRUE	FALSE
Nptxr	chr15	TRUE	FALSE
Npvf	chr6	FALSE	TRUE
Npy	chr6	TRUE	FALSE
Npy1r	chr8	TRUE	TRUE
Npy2r	chr3	TRUE	TRUE
Npy4r	chr14	FALSE	FALSE
Npy5r	chr8	TRUE	TRUE
Nqo2	chr13	TRUE	TRUE
Nr1d2	chr14	FALSE	TRUE
Nr1h4	chr10	FALSE	TRUE
Nr1i2	chr16	FALSE	FALSE
Nr2c1	chr10	FALSE	TRUE
Nr2e1	chr10	TRUE	FALSE
Nr2e3	chr9	TRUE	FALSE
Nr2f1	chr13	TRUE	TRUE
Nr2f2	chr7	TRUE	FALSE
Nr2f6	chr8	TRUE	TRUE
Nr3c1	chr18	TRUE	TRUE
Nr3c2	chr8	TRUE	TRUE
Nr4a1	chr15	TRUE	FALSE
Nr4a2	chr2	TRUE	TRUE
Nr4a3	chr4	TRUE	TRUE
Nr5a1	chr2	FALSE	FALSE
Nr5a2	chr1	FALSE	FALSE
Nr6a1	chr2	FALSE	TRUE
Nradd	chr9	FALSE	TRUE
Nrarp	chr2	FALSE	FALSE
Nrbf2	chr10	FALSE	TRUE
Nrbp2	chr15	TRUE	FALSE
Nrcam	chr12	TRUE	TRUE
Nrde2	chr12	FALSE	TRUE
Nrep	chr18	TRUE	TRUE
Nrg1	chr8	TRUE	FALSE
Nrg2	chr18	TRUE	TRUE
Nrg3	chr14	TRUE	TRUE
Nrg4	chr9	TRUE	TRUE
Nrgn	chr9	TRUE	TRUE
Nrip1	chr16	FALSE	TRUE
Nrip3	chr7	FALSE	TRUE
Nrl	chr14	TRUE	FALSE
Nrn1	chr13	TRUE	TRUE
Nrp1	chr8	TRUE	TRUE
Nrp2	chr1	TRUE	FALSE
Nrros	chr16	TRUE	TRUE
Nrsn1	chr13	TRUE	FALSE
Nrsn2	chr2	TRUE	TRUE
Nrtn	chr17	TRUE	FALSE
Nrxn1	chr17	TRUE	FALSE
Nrxn2	chr19	TRUE	FALSE
Nrxn3	chr12	TRUE	TRUE
Nsd2	chr5	FALSE	TRUE
Nsf	chr11	FALSE	FALSE
Nsg1	chr5	TRUE	TRUE
Nsmaf	chr4	FALSE	TRUE
Nsmce1	chr7	FALSE	TRUE
Nsmce2	chr15	FALSE	TRUE
Nsun3	chr16	FALSE	TRUE
Nsun6	chr2	FALSE	TRUE
Nt5c	chr11	FALSE	TRUE
Nt5c1a	chr4	FALSE	FALSE
Nt5c1b	chr12	FALSE	FALSE
Nt5c2	chr19	FALSE	FALSE
Nt5c3	chr6	FALSE	TRUE
Nt5dc1	chr10	FALSE	TRUE
Nt5dc3	chr10	FALSE	TRUE
Nt5e	chr9	FALSE	TRUE
Ntf3	chr6	TRUE	TRUE
Ntf5	chr7	TRUE	FALSE
Ntm	chr9	TRUE	FALSE
Ntn1	chr11	TRUE	FALSE
Ntn3	chr17	TRUE	TRUE
Ntn4	chr10	TRUE	TRUE
Ntn5	chr7	TRUE	FALSE
Ntng1	chr3	TRUE	TRUE
Ntng2	chr2	TRUE	FALSE
Ntpcr	chr8	FALSE	FALSE
Ntrk1	chr3	TRUE	FALSE
Ntrk2	chr13	TRUE	TRUE
Ntrk3	chr7	TRUE	TRUE
Ntsr1	chr2	TRUE	FALSE
Ntsr2	chr12	FALSE	TRUE
Nuak1	chr10	FALSE	FALSE
Nuak2	chr1	FALSE	FALSE
Nucb2	chr7	FALSE	TRUE
Nudcd3	chr11	FALSE	TRUE
Nudt14	chr12	FALSE	FALSE
Nudt16	chr9	FALSE	TRUE
Nudt17	chr3	FALSE	FALSE
Nudt18	chr14	FALSE	TRUE
Nudt2	chr4	FALSE	FALSE
Nudt3	chr17	FALSE	FALSE
Nudt4	chr10	FALSE	TRUE
Nudt6	chr3	FALSE	TRUE
Nudt7	chr8	FALSE	TRUE
Nudt8	chr19	FALSE	TRUE
Nuf2	chr1	FALSE	TRUE
Nufip1	chr14	FALSE	TRUE
Numa1	chr7	FALSE	FALSE
Numb	chr12	TRUE	TRUE
Nup153	chr13	FALSE	TRUE
Nup210	chr6	FALSE	TRUE
Nup35	chr2	FALSE	TRUE
Nup37	chr10	FALSE	TRUE
Nup62cl	chrX	FALSE	FALSE
Nup93	chr8	FALSE	FALSE
Nus1	chr10	FALSE	TRUE
Nutf2	chr8	FALSE	TRUE
Nwd2	chr5	FALSE	FALSE
Nxf7	chrX	FALSE	FALSE
Nxn	chr11	FALSE	FALSE
Nxnl2	chr13	TRUE	FALSE
Nxpe2	chr9	FALSE	TRUE
Nxpe3	chr16	FALSE	TRUE
Nxpe4	chr9	FALSE	FALSE
Nxph1	chr6	TRUE	FALSE
Nxph3	chr11	FALSE	TRUE
Nxph4	chr10	TRUE	FALSE
Nxt1	chr2	FALSE	TRUE
Nyap2	chr1	TRUE	TRUE
Nynrin	chr14	FALSE	TRUE
Nyx	chrX	TRUE	FALSE
Oacyl	chr18	FALSE	TRUE
Oaf	chr9	FALSE	FALSE
Oard1	chr17	FALSE	TRUE
Oas1g	chr5	FALSE	FALSE
Oat	chr7	FALSE	FALSE
Obscn	chr11	FALSE	FALSE
Obsl1	chr1	TRUE	FALSE
Oc90	chr15	FALSE	TRUE
Ociad1	chr5	FALSE	TRUE
Ociad2	chr5	FALSE	TRUE
Ocln	chr13	FALSE	TRUE
Odc1	chr12	FALSE	TRUE
Odf1	chr15	FALSE	TRUE
Odf2	chr2	FALSE	TRUE
Odf2l	chr3	FALSE	TRUE
Ofcc1	chr13	FALSE	TRUE
Ogdhl	chr14	FALSE	TRUE
Ogfrl1	chr1	FALSE	TRUE
Ogt	chrX	TRUE	FALSE
Oit3	chr10	FALSE	FALSE
Ola1	chr2	FALSE	TRUE
Olfm1	chr2	TRUE	FALSE
Olfm2	chr9	TRUE	FALSE
Olfm3	chr3	TRUE	TRUE
Olfm4	chr14	FALSE	TRUE
Olfml2a	chr2	FALSE	TRUE
Olfml2b	chr1	FALSE	TRUE
Olfml3	chr3	FALSE	FALSE
Olig1	chr16	TRUE	FALSE
Olig2	chr16	TRUE	FALSE
Olig3	chr10	TRUE	FALSE
Oma1	chr4	FALSE	TRUE
Omp	chr7	TRUE	FALSE
Onecut1	chr9	TRUE	FALSE
Onecut2	chr18	TRUE	FALSE
Onecut3	chr10	FALSE	FALSE
Opa1	chr16	TRUE	FALSE
Opalin	chr19	TRUE	FALSE
Opcml	chr9	FALSE	TRUE
Ophn1	chrX	TRUE	TRUE
Opn3	chr1	FALSE	TRUE
Opn4	chr14	TRUE	FALSE
Oprl1	chr2	TRUE	TRUE
Oprm1	chr10	TRUE	TRUE
Optc	chr1	FALSE	TRUE
Optn	chr2	TRUE	FALSE
Orai2	chr5	FALSE	FALSE
Orm1	chr4	FALSE	FALSE
Orm2	chr4	FALSE	FALSE
Orm3	chr4	FALSE	FALSE
Osbp	chr19	FALSE	TRUE
Osbp2	chr11	FALSE	FALSE
Osbpl10	chr9	FALSE	TRUE
Osbpl1a	chr18	FALSE	TRUE
Osbpl2	chr2	TRUE	TRUE
Osbpl3	chr6	FALSE	TRUE
Osbpl5	chr7	FALSE	FALSE
Osbpl6	chr2	FALSE	TRUE
Osbpl8	chr10	FALSE	TRUE
Osbpl9	chr4	FALSE	TRUE
Osgin1	chr8	FALSE	FALSE
Osgin2	chr4	FALSE	TRUE
Osm	chr11	TRUE	FALSE
Osmr	chr15	FALSE	TRUE
Osr1	chr12	FALSE	TRUE
Osr2	chr15	FALSE	FALSE
Ost4	chr5	FALSE	TRUE
Ostf1	chr19	FALSE	TRUE
Ostm1	chr10	FALSE	FALSE
Otc	chrX	FALSE	TRUE
Otof	chr5	TRUE	TRUE
Otog	chr7	TRUE	FALSE
Otol1	chr3	FALSE	TRUE
Otop1	chr5	FALSE	FALSE
Otop3	chr11	FALSE	FALSE
Otor	chr2	FALSE	TRUE
Otos	chr1	TRUE	TRUE
Otp	chr13	TRUE	FALSE
Otub1	chr19	FALSE	FALSE
Otub2	chr12	FALSE	TRUE
Otud1	chr2	FALSE	TRUE
Otud4	chr8	FALSE	TRUE
Otud7a	chr7	FALSE	TRUE
Otulin	chr15	FALSE	TRUE
Otulinl	chr15	FALSE	TRUE
Otx1	chr11	TRUE	FALSE
Otx2	chr14	TRUE	FALSE
Ovol1	chr19	FALSE	FALSE
Ovol2	chr2	TRUE	FALSE
Oxct1	chr15	FALSE	TRUE
Oxct2a	chr4	FALSE	FALSE
Oxct2b	chr4	FALSE	FALSE
Oxgr1	chr14	FALSE	TRUE
Oxr1	chr15	TRUE	TRUE
Oxsm	chr14	FALSE	TRUE
Oxt	chr2	TRUE	FALSE
Oxtr	chr6	TRUE	FALSE
P2rx1	chr11	TRUE	TRUE
P2rx2	chr5	TRUE	FALSE
P2rx3	chr2	TRUE	TRUE
P2rx5	chr11	FALSE	TRUE
P2rx6	chr16	TRUE	TRUE
P2ry1	chr3	TRUE	FALSE
P2ry14	chr3	FALSE	FALSE
P2ry2	chr7	TRUE	FALSE
P2ry6	chr7	FALSE	FALSE
P3h1	chr4	TRUE	FALSE
P3h2	chr16	FALSE	TRUE
P3h3	chr6	FALSE	FALSE
P3h4	chr11	FALSE	FALSE
P4ha1	chr10	FALSE	TRUE
P4ha2	chr11	FALSE	FALSE
Pabpc1	chr15	FALSE	TRUE
Pabpc2	chr18	FALSE	TRUE
Pabpc5	chrX	FALSE	TRUE
Pabpn1l	chr8	FALSE	FALSE
Pacc1	chr1	FALSE	TRUE
Pacrg	chr17	FALSE	TRUE
Pacs1	chr19	FALSE	FALSE
Pacs2	chr12	FALSE	FALSE
Pacsin2	chr15	TRUE	FALSE
Pacsin3	chr2	FALSE	TRUE
Padi2	chr4	FALSE	FALSE
Pafah1b3	chr7	FALSE	TRUE
Pag1	chr3	FALSE	FALSE
Paip2b	chr6	FALSE	TRUE
Pak3	chrX	TRUE	TRUE
Pak4	chr7	TRUE	FALSE
Pak6	chr2	TRUE	TRUE
Pakap	chr4	FALSE	TRUE
Pald1	chr10	FALSE	TRUE
Palld	chr8	TRUE	TRUE
Palm	chr10	TRUE	FALSE
Palm3	chr8	FALSE	FALSE
Palmd	chr3	FALSE	FALSE
Pam	chr1	FALSE	TRUE
Pamr1	chr2	FALSE	TRUE
Pan3	chr5	FALSE	FALSE
Pank1	chr19	FALSE	TRUE
Pank2	chr2	FALSE	TRUE
Panx1	chr9	FALSE	TRUE
Panx2	chr15	FALSE	FALSE
Papln	chr12	FALSE	FALSE
Papola	chr12	FALSE	FALSE
Pappa	chr4	FALSE	FALSE
Pappa2	chr1	FALSE	TRUE
Papss1	chr3	FALSE	TRUE
Paqr3	chr5	TRUE	TRUE
Paqr5	chr9	FALSE	FALSE
Paqr6	chr3	FALSE	FALSE
Paqr8	chr1	FALSE	TRUE
Paqr9	chr9	FALSE	TRUE
Pard3	chr8	TRUE	FALSE
Pard3b	chr1	FALSE	TRUE
Pard6a	chr8	FALSE	TRUE
Pard6g	chr18	FALSE	TRUE
Parm1	chr5	FALSE	TRUE
Parp1	chr1	TRUE	TRUE
Parp10	chr15	FALSE	FALSE
Parp11	chr6	FALSE	FALSE
Parp12	chr6	FALSE	TRUE
Parp14	chr16	FALSE	FALSE
Parp8	chr13	FALSE	TRUE
Parva	chr7	FALSE	TRUE
Parvb	chr15	FALSE	TRUE
Parvg	chr15	FALSE	FALSE
Patj	chr4	FALSE	TRUE
Patz1	chr11	FALSE	FALSE
Pawr	chr10	TRUE	FALSE
Pax1	chr2	FALSE	FALSE
Pax2	chr19	TRUE	FALSE
Pax3	chr1	TRUE	FALSE
Pax4	chr6	TRUE	FALSE
Pax5	chr4	TRUE	FALSE
Pax6	chr2	TRUE	TRUE
Pax7	chr4	TRUE	FALSE
Pax8	chr2	TRUE	FALSE
Pax9	chr12	FALSE	FALSE
Paxbp1	chr16	FALSE	TRUE
Paxip1	chr5	FALSE	TRUE
Paxx	chr2	FALSE	FALSE
Pbx1	chr1	TRUE	TRUE
Pbx3	chr2	TRUE	TRUE
Pbx4	chr8	TRUE	FALSE
Pcare	chr17	TRUE	FALSE
Pcbd1	chr10	FALSE	TRUE
Pcbp3	chr10	FALSE	TRUE
Pcbp4	chr9	FALSE	FALSE
Pcca	chr14	FALSE	TRUE
Pcdh1	chr18	FALSE	TRUE
Pcdh12	chr18	FALSE	TRUE
Pcdh15	chr10	TRUE	TRUE
Pcdh17	chr14	TRUE	FALSE
Pcdh18	chr3	TRUE	TRUE
Pcdh19	chrX	FALSE	FALSE
Pcdh20	chr14	FALSE	FALSE
Pcdh7	chr5	FALSE	TRUE
Pcdh8	chr14	TRUE	FALSE
Pcdh9	chr14	FALSE	TRUE
Pcdhac1	chr18	FALSE	TRUE
Pcdhac2	chr18	TRUE	TRUE
Pcdhgc3	chr18	TRUE	FALSE
Pcdhgc5	chr18	TRUE	FALSE
Pced1a	chr2	FALSE	TRUE
Pced1b	chr15	FALSE	FALSE
Pcgf1	chr6	FALSE	TRUE
Pcgf5	chr19	FALSE	TRUE
Pcif1	chr2	FALSE	FALSE
Pck1	chr2	FALSE	FALSE
Pck2	chr14	FALSE	TRUE
Pclo	chr5	TRUE	TRUE
Pcmtd1	chr1	FALSE	TRUE
Pcna	chr2	FALSE	TRUE
Pcnt	chr10	TRUE	TRUE
Pcnx4	chr12	FALSE	TRUE
Pcolce2	chr9	FALSE	TRUE
Pcp4	chr16	TRUE	TRUE
Pcp4l1	chr1	FALSE	FALSE
Pcsk1	chr13	TRUE	TRUE
Pcsk4	chr10	FALSE	TRUE
Pcsk5	chr19	FALSE	TRUE
Pcsk6	chr7	FALSE	TRUE
Pcsk9	chr4	TRUE	TRUE
Pctp	chr11	FALSE	TRUE
Pcx	chr19	FALSE	TRUE
Pcyox1	chr6	FALSE	TRUE
Pcyox1l	chr18	FALSE	TRUE
Pcyt1b	chrX	FALSE	TRUE
Pdcd1	chr1	FALSE	TRUE
Pdcd10	chr3	TRUE	TRUE
Pdcd4	chr19	FALSE	TRUE
Pdcl3	chr1	FALSE	TRUE
Pde10a	chr17	FALSE	FALSE
Pde11a	chr2	FALSE	TRUE
Pde1a	chr2	FALSE	TRUE
Pde1b	chr15	TRUE	TRUE
Pde1c	chr6	TRUE	TRUE
Pde2a	chr7	FALSE	FALSE
Pde3a	chr6	FALSE	TRUE
Pde4a	chr9	TRUE	FALSE
Pde4b	chr4	FALSE	TRUE
Pde4c	chr8	FALSE	TRUE
Pde4d	chr13	TRUE	TRUE
Pde4dip	chr3	FALSE	FALSE
Pde5a	chr3	TRUE	FALSE
Pde6a	chr18	TRUE	TRUE
Pde6h	chr6	TRUE	TRUE
Pde7b	chr10	FALSE	TRUE
Pde8a	chr7	FALSE	FALSE
Pde8b	chr13	TRUE	TRUE
Pde9a	chr17	TRUE	FALSE
Pdgfa	chr5	FALSE	FALSE
Pdgfb	chr15	TRUE	FALSE
Pdgfc	chr3	FALSE	TRUE
Pdgfra	chr5	FALSE	FALSE
Pdgfrb	chr18	FALSE	FALSE
Pdgfrl	chr8	FALSE	TRUE
Pdha1	chrX	FALSE	TRUE
Pdha2	chr3	FALSE	TRUE
Pdhb	chr14	FALSE	TRUE
Pdhx	chr2	FALSE	TRUE
Pdia4	chr6	FALSE	TRUE
Pdia5	chr16	FALSE	TRUE
Pdia6	chr12	FALSE	TRUE
Pdk1	chr2	FALSE	TRUE
Pdk2	chr11	FALSE	FALSE
Pdk3	chrX	FALSE	TRUE
Pdk4	chr6	FALSE	TRUE
Pdlim1	chr19	FALSE	TRUE
Pdlim2	chr14	FALSE	TRUE
Pdlim3	chr8	FALSE	FALSE
Pdlim4	chr11	TRUE	FALSE
Pdlim5	chr3	TRUE	FALSE
Pdlim7	chr13	FALSE	FALSE
Pdp1	chr4	FALSE	TRUE
Pdp2	chr8	FALSE	TRUE
Pdrg1	chr2	FALSE	FALSE
Pdss2	chr10	TRUE	TRUE
Pdxk	chr10	FALSE	TRUE
Pdyn	chr2	TRUE	TRUE
Pdzd11	chrX	TRUE	TRUE
Pdzd2	chr15	FALSE	TRUE
Pdzd8	chr19	FALSE	TRUE
Pdzk1ip1	chr4	FALSE	FALSE
Pdzrn3	chr6	TRUE	TRUE
Pdzrn4	chr15	FALSE	FALSE
Pea15a	chr1	FALSE	TRUE
Peak1	chr9	FALSE	TRUE
Pear1	chr3	FALSE	TRUE
Pebp4	chr14	FALSE	FALSE
Pef1	chr4	FALSE	TRUE
Peg10	chr6	FALSE	TRUE
Peli1	chr11	FALSE	TRUE
Peli2	chr14	FALSE	TRUE
Pelo	chr13	FALSE	TRUE
Pemt	chr11	FALSE	TRUE
Penk	chr4	TRUE	TRUE
Pepd	chr7	FALSE	FALSE
Per1	chr11	FALSE	TRUE
Per2	chr1	TRUE	TRUE
Perm1	chr4	FALSE	TRUE
Perp	chr10	FALSE	TRUE
Pex1	chr5	FALSE	TRUE
Pex10	chr4	FALSE	FALSE
Pex14	chr4	FALSE	FALSE
Pex16	chr2	FALSE	TRUE
Pex2	chr3	TRUE	TRUE
Pex26	chr6	FALSE	TRUE
Pex3	chr10	FALSE	TRUE
Pex5l	chr3	FALSE	TRUE
Pex7	chr10	TRUE	TRUE
Pfkfb2	chr1	FALSE	TRUE
Pfkfb3	chr2	TRUE	FALSE
Pfkfb4	chr9	FALSE	TRUE
Pfkp	chr13	FALSE	TRUE
Pfn2	chr3	TRUE	TRUE
Pfn3	chr13	FALSE	FALSE
Pgap1	chr1	TRUE	TRUE
Pgbd5	chr8	FALSE	FALSE
Pgf	chr12	FALSE	FALSE
Pgm1	chr4	FALSE	TRUE
Pgm2	chr5	FALSE	TRUE
Pgm3	chr9	FALSE	TRUE
Pgpep1	chr8	FALSE	TRUE
Pgpep1l	chr7	FALSE	TRUE
Pgr	chr9	FALSE	FALSE
Pgrmc2	chr3	FALSE	TRUE
Phactr1	chr13	TRUE	TRUE
Phactr2	chr10	FALSE	FALSE
Phactr3	chr2	FALSE	FALSE
Phc1	chr6	FALSE	TRUE
Phc2	chr4	FALSE	FALSE
Phex	chrX	FALSE	TRUE
Phf12	chr11	FALSE	FALSE
Phf14	chr6	FALSE	TRUE
Phf19	chr2	FALSE	TRUE
Phf2	chr13	FALSE	TRUE
Phf21b	chr15	FALSE	TRUE
Phf24	chr4	TRUE	FALSE
Phf3	chr1	FALSE	TRUE
Phf7	chr14	FALSE	FALSE
Phgdh	chr3	TRUE	FALSE
Phgr1	chr2	FALSE	TRUE
Phka2	chrX	FALSE	TRUE
Phkb	chr8	FALSE	TRUE
Phlda1	chr10	FALSE	TRUE
Phlda2	chr7	FALSE	FALSE
Phlda3	chr1	FALSE	FALSE
Phldb1	chr9	FALSE	FALSE
Phldb2	chr16	FALSE	TRUE
Phldb3	chr7	FALSE	FALSE
Phlpp1	chr1	FALSE	TRUE
Phospho1	chr11	FALSE	FALSE
Phospho2	chr2	FALSE	TRUE
Phox2a	chr7	TRUE	FALSE
Phox2b	chr5	TRUE	FALSE
Phpt1	chr2	FALSE	FALSE
Phtf1	chr3	FALSE	TRUE
Phtf2	chr5	FALSE	TRUE
Phyh	chr2	FALSE	TRUE
Phyhd1	chr2	FALSE	FALSE
Phyhip	chr14	FALSE	TRUE
Phyhipl	chr10	FALSE	TRUE
Pianp	chr6	TRUE	FALSE
Pibf1	chr14	FALSE	TRUE
Pid1	chr1	FALSE	TRUE
Pidd1	chr7	FALSE	TRUE
Piezo1	chr8	FALSE	FALSE
Piezo2	chr18	TRUE	TRUE
Pif1	chr9	FALSE	FALSE
Pigc	chr1	FALSE	TRUE
Pigf	chr17	FALSE	TRUE
Pigk	chr3	FALSE	TRUE
Pign	chr1	FALSE	TRUE
Pigr	chr1	TRUE	TRUE
Pigz	chr16	FALSE	TRUE
Pik3ap1	chr19	FALSE	FALSE
Pik3c2b	chr1	FALSE	FALSE
Pik3c3	chr18	TRUE	FALSE
Pik3cb	chr9	FALSE	TRUE
Pik3cd	chr4	FALSE	FALSE
Pik3cg	chr12	FALSE	FALSE
Pik3ip1	chr11	FALSE	TRUE
Pik3r1	chr13	TRUE	TRUE
Pik3r2	chr8	FALSE	TRUE
Pik3r3	chr4	FALSE	TRUE
Pik3r4	chr9	FALSE	FALSE
Pik3r5	chr11	FALSE	FALSE
Pim1	chr17	FALSE	TRUE
Pim3	chr15	FALSE	TRUE
Pimreg	chr11	FALSE	FALSE
Pin1	chr9	TRUE	TRUE
Pip4k2a	chr2	FALSE	TRUE
Pip4p2	chr4	FALSE	TRUE
Pip5k1b	chr19	FALSE	TRUE
Pip5k1c	chr10	TRUE	FALSE
Pip5kl1	chr2	FALSE	TRUE
Pipox	chr11	FALSE	TRUE
Pirt	chr11	TRUE	FALSE
Pisd	chr5	FALSE	TRUE
Pitpnb	chr5	FALSE	FALSE
Pitpnc1	chr11	FALSE	FALSE
Pitpnm1	chr19	FALSE	TRUE
Pitpnm2	chr5	FALSE	TRUE
Pitpnm3	chr11	FALSE	FALSE
Pitrm1	chr13	FALSE	TRUE
Pitx1	chr13	TRUE	FALSE
Pitx2	chr3	TRUE	FALSE
Pitx3	chr19	TRUE	FALSE
Pja1	chrX	FALSE	FALSE
Pja2	chr17	TRUE	TRUE
Pkd1l2	chr8	FALSE	FALSE
Pkd2l1	chr19	TRUE	FALSE
Pkdcc	chr17	FALSE	FALSE
Pkdrej	chr15	FALSE	TRUE
Pkhd1l1	chr15	TRUE	FALSE
Pkia	chr3	FALSE	TRUE
Pkib	chr10	FALSE	TRUE
Pkig	chr2	FALSE	TRUE
Pkn1	chr8	FALSE	TRUE
Pkn3	chr2	FALSE	FALSE
Pknox1	chr17	FALSE	FALSE
Pknox2	chr9	FALSE	TRUE
Pkp1	chr1	FALSE	FALSE
Pkp2	chr16	FALSE	TRUE
Pkp4	chr2	FALSE	TRUE
Pla1a	chr16	FALSE	TRUE
Pla2g2c	chr4	FALSE	TRUE
Pla2g2e	chr4	FALSE	FALSE
Pla2g2f	chr4	FALSE	FALSE
Pla2g4a	chr1	FALSE	TRUE
Pla2g4b	chr2	FALSE	FALSE
Pla2g4d	chr2	FALSE	TRUE
Pla2g4e	chr2	FALSE	TRUE
Pla2g4f	chr2	FALSE	FALSE
Pla2g5	chr4	FALSE	FALSE
Pla2r1	chr2	FALSE	TRUE
Plaat1	chr16	FALSE	TRUE
Plac1	chrX	FALSE	TRUE
Plag1	chr4	TRUE	TRUE
Plagl1	chr10	FALSE	FALSE
Plat	chr8	TRUE	TRUE
Plau	chr14	FALSE	FALSE
Plb1	chr5	FALSE	TRUE
Plbd1	chr6	FALSE	FALSE
Plbd2	chr5	FALSE	TRUE
Plcb1	chr2	TRUE	FALSE
Plcb2	chr2	TRUE	FALSE
Plcb3	chr19	FALSE	TRUE
Plcb4	chr2	TRUE	TRUE
Plcd1	chr9	FALSE	TRUE
Plcd3	chr11	FALSE	FALSE
Plce1	chr19	FALSE	FALSE
Plcg1	chr2	TRUE	TRUE
Plcg2	chr8	TRUE	FALSE
Plch1	chr3	FALSE	FALSE
Plch2	chr4	FALSE	TRUE
Plcl1	chr1	TRUE	TRUE
Plcl2	chr17	TRUE	TRUE
Plcxd2	chr16	FALSE	TRUE
Plcxd3	chr15	FALSE	TRUE
Pld1	chr3	TRUE	TRUE
Pld2	chr11	TRUE	FALSE
Pld5	chr1	FALSE	TRUE
Plec	chr15	TRUE	TRUE
Plek	chr11	FALSE	TRUE
Plek2	chr12	FALSE	TRUE
Plekha1	chr7	FALSE	TRUE
Plekha2	chr8	FALSE	FALSE
Plekha5	chr6	FALSE	TRUE
Plekha6	chr1	FALSE	FALSE
Plekha7	chr7	FALSE	FALSE
Plekhb1	chr7	FALSE	TRUE
Plekhb2	chr1	FALSE	FALSE
Plekhd1	chr12	FALSE	FALSE
Plekhg1	chr10	FALSE	FALSE
Plekhg2	chr7	FALSE	FALSE
Plekhg3	chr12	FALSE	FALSE
Plekhg4	chr8	FALSE	TRUE
Plekhg5	chr4	TRUE	FALSE
Plekhg6	chr6	FALSE	FALSE
Plekhh1	chr12	FALSE	TRUE
Plekhh2	chr17	FALSE	FALSE
Plekhh3	chr11	FALSE	FALSE
Plekhm3	chr1	FALSE	FALSE
Plekho1	chr3	FALSE	TRUE
Plekhs1	chr19	FALSE	TRUE
Plet1	chr9	FALSE	TRUE
Plgrkt	chr19	FALSE	TRUE
Plin1	chr7	FALSE	TRUE
Plin2	chr4	FALSE	TRUE
Plin3	chr17	FALSE	TRUE
Plin5	chr17	FALSE	FALSE
Plk2	chr13	TRUE	TRUE
Plk3	chr4	FALSE	TRUE
Plk4	chr3	FALSE	TRUE
Pllp	chr8	TRUE	FALSE
Pln	chr10	TRUE	TRUE
Plod2	chr9	FALSE	TRUE
Plpp1	chr13	FALSE	TRUE
Plpp2	chr10	FALSE	FALSE
Plpp3	chr4	TRUE	FALSE
Plpp7	chr2	FALSE	FALSE
Plppr1	chr4	TRUE	TRUE
Plppr3	chr10	FALSE	FALSE
Plppr4	chr3	TRUE	TRUE
Plppr5	chr3	TRUE	TRUE
Plrg1	chr3	FALSE	TRUE
Pls1	chr9	TRUE	TRUE
Plscr1	chr9	FALSE	FALSE
Plscr3	chr11	FALSE	TRUE
Plscr5	chr9	FALSE	TRUE
Pltp	chr2	FALSE	FALSE
Plvap	chr8	FALSE	TRUE
Plxdc1	chr11	TRUE	FALSE
Plxdc2	chr2	FALSE	TRUE
Plxna1	chr6	TRUE	FALSE
Plxna2	chr1	TRUE	TRUE
Plxna3	chrX	TRUE	TRUE
Plxna4	chr6	TRUE	FALSE
Plxnb1	chr9	TRUE	TRUE
Plxnb2	chr15	TRUE	TRUE
Plxnb3	chrX	TRUE	TRUE
Plxnc1	chr10	TRUE	TRUE
Plxnd1	chr6	TRUE	TRUE
Pm20d2	chr4	FALSE	TRUE
Pmaip1	chr18	TRUE	TRUE
Pmel	chr10	FALSE	TRUE
Pmepa1	chr2	FALSE	FALSE
Pmfbp1	chr8	FALSE	TRUE
Pmp22	chr11	TRUE	FALSE
Pms1	chr1	FALSE	TRUE
Pmvk	chr3	FALSE	TRUE
Pnck	chrX	FALSE	TRUE
Pnkd	chr1	TRUE	TRUE
Pnma2	chr14	FALSE	FALSE
Pnma3	chrX	FALSE	TRUE
Pnma5	chrX	FALSE	TRUE
Pnmt	chr11	FALSE	TRUE
Pnoc	chr14	TRUE	FALSE
Pnp	chr14	FALSE	TRUE
Pnp2	chr14	FALSE	TRUE
Pnpla3	chr15	FALSE	TRUE
Pnpla5	chr15	FALSE	FALSE
Pnpla6	chr8	FALSE	TRUE
Pnpla7	chr2	FALSE	FALSE
Pnpla8	chr12	FALSE	TRUE
Pnpo	chr11	FALSE	TRUE
Pnrc1	chr4	FALSE	TRUE
Poc1a	chr9	FALSE	FALSE
Poc1b	chr10	FALSE	FALSE
Podn	chr4	FALSE	FALSE
Podnl1	chr8	FALSE	FALSE
Podxl	chr6	TRUE	FALSE
Podxl2	chr6	FALSE	TRUE
Pofut2	chr10	FALSE	TRUE
Pogk	chr1	FALSE	TRUE
Pold4	chr19	FALSE	TRUE
Pole2	chr12	FALSE	TRUE
Pole4	chr6	FALSE	TRUE
Polk	chr13	FALSE	TRUE
Poll	chr19	FALSE	FALSE
Polr1a	chr6	FALSE	FALSE
Polr1d	chr5	FALSE	TRUE
Polr2b	chr5	FALSE	FALSE
Polr2h	chr16	FALSE	TRUE
Polrmt	chr10	FALSE	FALSE
Pom121l2	chr13	FALSE	FALSE
Pomc	chr12	FALSE	TRUE
Pomgnt2	chr9	TRUE	FALSE
Pon2	chr6	FALSE	FALSE
Pon3	chr6	FALSE	FALSE
Pop1	chr15	FALSE	TRUE
Pop7	chr5	FALSE	FALSE
Popdc2	chr16	FALSE	TRUE
Popdc3	chr10	FALSE	TRUE
Por	chr5	FALSE	FALSE
Pot1a	chr6	FALSE	TRUE
Poteg	chr8	FALSE	TRUE
Pou1f1	chr16	TRUE	TRUE
Pou2af1	chr9	FALSE	FALSE
Pou2f1	chr1	FALSE	TRUE
Pou2f2	chr7	FALSE	FALSE
Pou2f3	chr9	FALSE	FALSE
Pou3f1	chr4	TRUE	FALSE
Pou3f2	chr4	TRUE	TRUE
Pou3f3	chr1	TRUE	FALSE
Pou3f4	chrX	TRUE	FALSE
Pou4f1	chr14	TRUE	FALSE
Pou4f2	chr8	TRUE	FALSE
Pou4f3	chr18	TRUE	FALSE
Pou6f2	chr13	FALSE	TRUE
Ppa1	chr10	FALSE	TRUE
Ppara	chr15	FALSE	FALSE
Ppard	chr17	TRUE	TRUE
Pparg	chr6	TRUE	FALSE
Ppargc1a	chr5	TRUE	TRUE
Ppargc1b	chr18	FALSE	FALSE
Ppat	chr5	FALSE	TRUE
Ppfia2	chr10	TRUE	TRUE
Ppfia3	chr7	TRUE	TRUE
Ppfia4	chr1	TRUE	TRUE
Ppfibp1	chr6	TRUE	TRUE
Ppfibp2	chr7	TRUE	FALSE
Ppic	chr18	FALSE	FALSE
Ppif	chr14	FALSE	TRUE
Ppil1	chr17	FALSE	FALSE
Ppip5k1	chr2	FALSE	TRUE
Ppl	chr16	FALSE	FALSE
Ppm1a	chr12	FALSE	TRUE
Ppm1e	chr11	FALSE	FALSE
Ppm1h	chr10	FALSE	TRUE
Ppm1j	chr3	FALSE	FALSE
Ppm1k	chr6	FALSE	TRUE
Ppm1l	chr3	FALSE	TRUE
Ppm1m	chr9	FALSE	TRUE
Ppox	chr1	FALSE	TRUE
Ppp1r12a	chr10	TRUE	TRUE
Ppp1r12b	chr1	TRUE	TRUE
Ppp1r13l	chr7	FALSE	TRUE
Ppp1r14bl	chr1	FALSE	TRUE
Ppp1r14c	chr10	FALSE	TRUE
Ppp1r16a	chr15	FALSE	TRUE
Ppp1r16b	chr2	FALSE	FALSE
Ppp1r17	chr6	FALSE	FALSE
Ppp1r18	chr17	FALSE	TRUE
Ppp1r1a	chr15	FALSE	TRUE
Ppp1r1b	chr11	TRUE	FALSE
Ppp1r2	chr16	FALSE	TRUE
Ppp1r21	chr17	FALSE	TRUE
Ppp1r26	chr2	FALSE	TRUE
Ppp1r37	chr7	FALSE	FALSE
Ppp1r3a	chr6	FALSE	TRUE
Ppp1r3b	chr8	FALSE	FALSE
Ppp1r3c	chr19	FALSE	FALSE
Ppp1r3d	chr2	FALSE	FALSE
Ppp1r3e	chr14	FALSE	TRUE
Ppp1r3g	chr13	FALSE	FALSE
Ppp1r9a	chr6	TRUE	TRUE
Ppp1r9b	chr11	TRUE	FALSE
Ppp2r1b	chr9	FALSE	TRUE
Ppp2r2a	chr14	FALSE	TRUE
Ppp2r2b	chr18	TRUE	FALSE
Ppp2r2c	chr5	FALSE	FALSE
Ppp2r2d	chr7	FALSE	FALSE
Ppp2r5a	chr1	FALSE	TRUE
Ppp2r5c	chr12	FALSE	TRUE
Ppp2r5e	chr12	FALSE	TRUE
Ppp3ca	chr3	TRUE	FALSE
Ppp3cc	chr14	TRUE	TRUE
Ppp4r2	chr6	FALSE	TRUE
Ppp4r4	chr12	FALSE	TRUE
Ppp5c	chr7	FALSE	FALSE
Ppwd1	chr13	FALSE	TRUE
Ppy	chr11	FALSE	FALSE
Prag1	chr8	TRUE	TRUE
Prcd	chr11	TRUE	TRUE
Prcp	chr7	FALSE	TRUE
Prdm1	chr10	TRUE	FALSE
Prdm10	chr9	FALSE	TRUE
Prdm11	chr2	FALSE	TRUE
Prdm12	chr2	TRUE	FALSE
Prdm13	chr4	TRUE	FALSE
Prdm14	chr1	FALSE	FALSE
Prdm16	chr4	TRUE	FALSE
Prdm4	chr10	FALSE	TRUE
Prdm5	chr6	FALSE	TRUE
Prdm6	chr18	TRUE	TRUE
Prdm8	chr5	TRUE	FALSE
Prdm9	chr17	FALSE	TRUE
Prdx6	chr1	FALSE	TRUE
Prelid2	chr18	FALSE	FALSE
Prelp	chr1	FALSE	FALSE
Prep	chr10	FALSE	TRUE
Prex1	chr2	TRUE	FALSE
Prex2	chr1	TRUE	TRUE
Prickle1	chr15	TRUE	TRUE
Prickle2	chr6	TRUE	FALSE
Prim2	chr1	FALSE	FALSE
Prima1	chr12	FALSE	TRUE
Primpol	chr8	FALSE	TRUE
Prkab2	chr3	FALSE	TRUE
Prkacb	chr3	TRUE	TRUE
Prkag2	chr5	FALSE	TRUE
Prkag3	chr1	FALSE	FALSE
Prkar1b	chr5	TRUE	TRUE
Prkar2b	chr12	TRUE	TRUE
Prkca	chr11	TRUE	FALSE
Prkcb	chr7	TRUE	FALSE
Prkcd	chr14	FALSE	FALSE
Prkce	chr17	TRUE	FALSE
Prkcg	chr7	TRUE	FALSE
Prkch	chr12	TRUE	FALSE
Prkci	chr3	TRUE	TRUE
Prkcq	chr2	FALSE	TRUE
Prkcz	chr4	TRUE	FALSE
Prkd1	chr12	TRUE	TRUE
Prkd3	chr17	FALSE	FALSE
Prkg1	chr19	TRUE	TRUE
Prkn	chr17	TRUE	TRUE
Prkra	chr2	FALSE	TRUE
Prlh	chr1	TRUE	FALSE
Prlhr	chr19	FALSE	FALSE
Prlr	chr15	FALSE	FALSE
Prmt2	chr10	FALSE	TRUE
Prmt6	chr3	FALSE	TRUE
Prmt8	chr6	TRUE	FALSE
Prnd	chr2	FALSE	FALSE
Prob1	chr18	FALSE	FALSE
Proc	chr18	FALSE	TRUE
Prodh	chr16	TRUE	FALSE
Prok1	chr3	FALSE	FALSE
Prok2	chr6	FALSE	FALSE
Prokr1	chr6	FALSE	FALSE
Prokr2	chr2	FALSE	FALSE
Prom1	chr5	TRUE	TRUE
Prom2	chr2	FALSE	TRUE
Prop1	chr11	TRUE	TRUE
Prorp	chr12	FALSE	TRUE
Pros1	chr16	FALSE	TRUE
Proser2	chr2	FALSE	TRUE
Prox1	chr1	TRUE	TRUE
Prpf38b	chr3	FALSE	TRUE
Prpf40a	chr2	FALSE	TRUE
Prpf40b	chr15	FALSE	FALSE
Prph	chr15	FALSE	FALSE
Prps1	chrX	TRUE	TRUE
Prr15	chr6	FALSE	FALSE
Prr16	chr18	FALSE	TRUE
Prr18	chr17	FALSE	FALSE
Prr29	chr11	FALSE	FALSE
Prr30	chr14	FALSE	TRUE
Prr33	chr7	FALSE	FALSE
Prr36	chr8	FALSE	TRUE
Prr5	chr15	FALSE	FALSE
Prr5l	chr2	FALSE	FALSE
Prr7	chr13	TRUE	FALSE
Prrc1	chr18	FALSE	TRUE
Prrc2b	chr2	FALSE	FALSE
Prrg3	chrX	FALSE	TRUE
Prrg4	chr2	FALSE	TRUE
Prrt4	chr6	FALSE	FALSE
Prrx1	chr1	TRUE	FALSE
Prrx2	chr2	FALSE	FALSE
Prss12	chr3	FALSE	FALSE
Prss16	chr13	FALSE	FALSE
Prss2	chr6	FALSE	TRUE
Prss23	chr7	FALSE	FALSE
Prss35	chr9	FALSE	TRUE
Prss52	chr14	FALSE	TRUE
Prss55	chr14	FALSE	TRUE
Prss56	chr1	FALSE	FALSE
Prtg	chr9	TRUE	FALSE
Prtn3	chr10	TRUE	TRUE
Prune2	chr19	FALSE	TRUE
Prxl2a	chr14	FALSE	TRUE
Prxl2b	chr4	FALSE	FALSE
Psap	chr10	TRUE	FALSE
Psapl1	chr5	FALSE	FALSE
Psat1	chr19	FALSE	FALSE
Psca	chr15	TRUE	TRUE
Psd	chr19	TRUE	TRUE
Psd2	chr18	FALSE	FALSE
Psd3	chr8	FALSE	TRUE
Psd4	chr2	FALSE	FALSE
Psen2	chr1	TRUE	TRUE
Psma1	chr7	FALSE	TRUE
Psma6	chr12	FALSE	TRUE
Psmb1	chr17	FALSE	TRUE
Psmb10	chr8	FALSE	TRUE
Psmb11	chr14	FALSE	TRUE
Psmb2	chr4	FALSE	FALSE
Psmb3	chr11	FALSE	TRUE
Psmb7	chr2	FALSE	TRUE
Psmb8	chr17	FALSE	FALSE
Psmb9	chr17	FALSE	FALSE
Psmc1	chr12	FALSE	TRUE
Psmd7	chr8	FALSE	TRUE
Psmg4	chr13	FALSE	TRUE
Psors1c2	chr17	FALSE	FALSE
Psrc1	chr3	FALSE	TRUE
Pstpip1	chr9	FALSE	FALSE
Ptar1	chr19	FALSE	TRUE
Ptbp1	chr10	TRUE	FALSE
Ptbp2	chr3	FALSE	TRUE
Ptbp3	chr4	FALSE	TRUE
Ptcd2	chr13	FALSE	TRUE
Ptch1	chr13	TRUE	TRUE
Ptch2	chr4	FALSE	TRUE
Ptchd4	chr17	FALSE	TRUE
Pten	chr19	TRUE	TRUE
Pter	chr2	FALSE	TRUE
Ptf1a	chr2	TRUE	FALSE
Ptgdr2	chr19	FALSE	TRUE
Ptgds	chr2	FALSE	TRUE
Ptger1	chr8	FALSE	FALSE
Ptger3	chr3	TRUE	FALSE
Ptger4	chr15	TRUE	FALSE
Ptges	chr2	TRUE	FALSE
Ptgfr	chr3	FALSE	FALSE
Ptgfrn	chr3	FALSE	FALSE
Ptgir	chr7	FALSE	FALSE
Ptgis	chr2	FALSE	FALSE
Ptgr1	chr4	FALSE	TRUE
Ptgs1	chr2	TRUE	FALSE
Pth1r	chr9	FALSE	FALSE
Pth2	chr7	FALSE	FALSE
Pth2r	chr1	FALSE	TRUE
Pthlh	chr6	FALSE	FALSE
Ptk2	chr15	TRUE	TRUE
Ptk2b	chr14	TRUE	FALSE
Ptk6	chr2	TRUE	FALSE
Ptk7	chr17	TRUE	TRUE
Ptma	chr1	FALSE	TRUE
Ptms	chr6	FALSE	TRUE
Ptn	chr6	TRUE	TRUE
Ptp4a1	chr1	FALSE	TRUE
Ptp4a3	chr15	FALSE	FALSE
Ptpa	chr2	FALSE	FALSE
Ptpdc1	chr13	FALSE	TRUE
Ptpn1	chr2	TRUE	TRUE
Ptpn11	chr5	TRUE	FALSE
Ptpn12	chr5	FALSE	TRUE
Ptpn13	chr5	TRUE	FALSE
Ptpn14	chr1	FALSE	FALSE
Ptpn18	chr1	FALSE	TRUE
Ptpn2	chr18	FALSE	TRUE
Ptpn20	chr14	FALSE	TRUE
Ptpn21	chr12	FALSE	TRUE
Ptpn3	chr4	FALSE	TRUE
Ptpn4	chr1	FALSE	TRUE
Ptpn5	chr7	TRUE	TRUE
Ptprb	chr10	TRUE	FALSE
Ptprc	chr1	FALSE	TRUE
Ptprd	chr4	TRUE	TRUE
Ptpre	chr7	FALSE	FALSE
Ptprf	chr4	TRUE	FALSE
Ptprg	chr14	TRUE	FALSE
Ptprh	chr7	TRUE	TRUE
Ptprj	chr2	TRUE	TRUE
Ptprk	chr10	TRUE	TRUE
Ptprm	chr17	TRUE	FALSE
Ptprn	chr1	FALSE	TRUE
Ptprn2	chr12	TRUE	TRUE
Ptpro	chr6	TRUE	TRUE
Ptprq	chr10	TRUE	FALSE
Ptprr	chr10	FALSE	TRUE
Ptprs	chr17	TRUE	FALSE
Ptprt	chr2	TRUE	FALSE
Ptpru	chr4	TRUE	FALSE
Ptprz1	chr6	TRUE	TRUE
Ptrh1	chr2	FALSE	TRUE
Pttg1ip	chr10	FALSE	TRUE
Ptx3	chr3	FALSE	FALSE
Pum3	chr19	FALSE	TRUE
Purb	chr11	FALSE	TRUE
Purg	chr8	FALSE	TRUE
Pusl1	chr4	FALSE	TRUE
Pvalb	chr15	TRUE	FALSE
Pwp2	chr10	FALSE	TRUE
Pwwp2b	chr7	FALSE	FALSE
Pwwp3a	chr10	FALSE	TRUE
Pwwp3b	chrX	FALSE	TRUE
Pxdc1	chr13	FALSE	FALSE
Pxdn	chr12	FALSE	TRUE
Pxn	chr5	FALSE	FALSE
Pxylp1	chr9	FALSE	TRUE
Pygb	chr2	FALSE	TRUE
Pygl	chr12	FALSE	TRUE
Pygm	chr19	FALSE	FALSE
Pyroxd2	chr19	FALSE	TRUE
Pyy	chr11	FALSE	FALSE
Pzp	chr6	FALSE	TRUE
Qdpr	chr5	FALSE	TRUE
Qpct	chr17	FALSE	TRUE
Qrfp	chr2	FALSE	FALSE
Qrfprl	chr6	FALSE	FALSE
Qrich2	chr11	FALSE	FALSE
Qser1	chr2	FALSE	TRUE
Qsox1	chr1	FALSE	TRUE
Qsox2	chr2	FALSE	FALSE
Qtrt2	chr16	FALSE	TRUE
R3hcc1l	chr19	FALSE	TRUE
R3hdm2	chr10	FALSE	FALSE
R3hdm4	chr10	FALSE	TRUE
Rab11fip2	chr19	FALSE	TRUE
Rab11fip3	chr17	FALSE	FALSE
Rab11fip4	chr11	FALSE	FALSE
Rab11fip5	chr6	TRUE	FALSE
Rab12	chr17	FALSE	TRUE
Rab15	chr12	FALSE	TRUE
Rab17	chr1	TRUE	FALSE
Rab25	chr3	FALSE	TRUE
Rab26	chr17	TRUE	FALSE
Rab27b	chr18	TRUE	TRUE
Rab28	chr5	FALSE	TRUE
Rab2a	chr4	FALSE	TRUE
Rab30	chr7	FALSE	TRUE
Rab31	chr17	FALSE	TRUE
Rab32	chr10	FALSE	TRUE
Rab34	chr11	FALSE	FALSE
Rab36	chr10	FALSE	TRUE
Rab37	chr11	FALSE	FALSE
Rab39	chr9	FALSE	TRUE
Rab3b	chr4	TRUE	FALSE
Rab3c	chr13	FALSE	TRUE
Rab3gap2	chr1	TRUE	TRUE
Rab3il1	chr19	FALSE	TRUE
Rab40b	chr11	FALSE	FALSE
Rab40c	chr17	FALSE	FALSE
Rab43	chr6	FALSE	TRUE
Rab44	chr17	FALSE	FALSE
Rab4a	chr8	TRUE	TRUE
Rab5c	chr11	FALSE	FALSE
Rab5if	chr2	FALSE	TRUE
Rab6b	chr9	FALSE	FALSE
Rab7b	chr1	FALSE	FALSE
Rab8a	chr8	TRUE	TRUE
Rabgap1l	chr1	FALSE	TRUE
Rabggta	chr14	FALSE	FALSE
Rabif	chr1	FALSE	FALSE
Rac3	chr11	TRUE	FALSE
Rad1	chr15	FALSE	TRUE
Rad23b	chr4	FALSE	TRUE
Rad51ap2	chr12	FALSE	TRUE
Rad51b	chr12	FALSE	TRUE
Rad54b	chr4	FALSE	TRUE
Rad9b	chr5	FALSE	FALSE
Radil	chr5	FALSE	FALSE
Rag1	chr2	TRUE	TRUE
Rai1	chr11	FALSE	FALSE
Rai14	chr15	FALSE	FALSE
Rai2	chrX	FALSE	FALSE
Ralb	chr1	FALSE	TRUE
Ralbp1	chr17	FALSE	TRUE
Ralgapa1	chr12	FALSE	TRUE
Ralgapa2	chr2	FALSE	TRUE
Ralgds	chr2	FALSE	FALSE
Ralgps1	chr2	FALSE	FALSE
Ralgps2	chr1	FALSE	TRUE
Raly	chr2	FALSE	TRUE
Ralyl	chr3	FALSE	TRUE
Ramp1	chr1	FALSE	TRUE
Ramp2	chr11	FALSE	FALSE
Ramp3	chr11	FALSE	TRUE
Ranbp10	chr8	FALSE	TRUE
Ranbp17	chr11	FALSE	TRUE
Ranbp3	chr17	FALSE	FALSE
Ranbp3l	chr15	FALSE	TRUE
Rap1gap	chr4	TRUE	FALSE
Rap1gap2	chr11	TRUE	FALSE
Rap1gds1	chr3	FALSE	TRUE
Rap2a	chr14	TRUE	TRUE
Rap2b	chr3	FALSE	TRUE
Rap2c	chrX	FALSE	TRUE
Rapgef1	chr2	TRUE	FALSE
Rapgef2	chr3	TRUE	TRUE
Rapgef3	chr15	TRUE	FALSE
Rapgef4	chr2	TRUE	TRUE
Rapgef5	chr12	FALSE	TRUE
Rapgefl1	chr11	FALSE	TRUE
Raph1	chr1	TRUE	TRUE
Rara	chr11	TRUE	FALSE
Rarb	chr14	TRUE	FALSE
Rarg	chr15	TRUE	TRUE
Rarres1	chr3	FALSE	FALSE
Rarres2	chr6	FALSE	TRUE
Rasa1	chr13	FALSE	TRUE
Rasa2	chr9	FALSE	TRUE
Rasa3	chr8	FALSE	TRUE
Rasa4	chr5	FALSE	TRUE
Rasal1	chr5	TRUE	FALSE
Rasal2	chr1	FALSE	FALSE
Rasal3	chr17	FALSE	FALSE
Rasd1	chr11	FALSE	FALSE
Rasd2	chr8	TRUE	TRUE
Rasgef1a	chr6	FALSE	TRUE
Rasgef1b	chr5	FALSE	FALSE
Rasgef1c	chr11	FALSE	FALSE
Rasgrf1	chr9	TRUE	FALSE
Rasgrp1	chr2	FALSE	TRUE
Rasgrp2	chr19	FALSE	FALSE
Rasl10a	chr11	FALSE	FALSE
Rasl11b	chr5	FALSE	TRUE
Rassf1	chr9	FALSE	TRUE
Rassf10	chr7	TRUE	FALSE
Rassf2	chr2	FALSE	FALSE
Rassf3	chr10	FALSE	TRUE
Rassf4	chr6	FALSE	FALSE
Rassf5	chr1	FALSE	FALSE
Rassf6	chr5	FALSE	TRUE
Rassf8	chr6	FALSE	TRUE
Raver2	chr4	FALSE	TRUE
Rax	chr18	TRUE	FALSE
Rb1cc1	chr1	FALSE	TRUE
Rbck1	chr2	FALSE	FALSE
Rbfox1	chr16	TRUE	FALSE
Rbfox3	chr11	TRUE	FALSE
Rbm11	chr16	FALSE	TRUE
Rbm12b2	chr4	FALSE	TRUE
Rbm15	chr3	FALSE	TRUE
Rbm15b	chr9	FALSE	FALSE
Rbm19	chr5	FALSE	FALSE
Rbm20	chr19	FALSE	FALSE
Rbm24	chr13	FALSE	TRUE
Rbm26	chr14	FALSE	FALSE
Rbm28	chr6	FALSE	TRUE
Rbm38	chr2	FALSE	TRUE
Rbm4	chr19	FALSE	FALSE
Rbm43	chr2	FALSE	FALSE
Rbm46	chr3	FALSE	TRUE
Rbm47	chr5	FALSE	FALSE
Rbm48	chr5	FALSE	TRUE
Rbm4b	chr19	FALSE	FALSE
Rbms1	chr2	FALSE	TRUE
Rbms3	chr9	FALSE	FALSE
Rbp1	chr9	FALSE	FALSE
Rbp3	chr14	FALSE	TRUE
Rbpj	chr5	TRUE	TRUE
Rbpjl	chr2	FALSE	FALSE
Rbpms	chr8	FALSE	FALSE
Rbpms2	chr9	FALSE	FALSE
Rc3h1	chr1	FALSE	TRUE
Rcan1	chr16	TRUE	TRUE
Rcan2	chr17	TRUE	TRUE
Rcbtb1	chr14	FALSE	TRUE
Rcbtb2	chr14	FALSE	TRUE
Rcc2	chr4	FALSE	TRUE
Rcl1	chr19	FALSE	TRUE
Rcn1	chr2	FALSE	TRUE
Rcor2	chr19	FALSE	FALSE
Rcor3	chr1	FALSE	TRUE
Rcsd1	chr1	TRUE	TRUE
Rd3	chr1	TRUE	TRUE
Rdh10	chr1	TRUE	TRUE
Rdh11	chr12	TRUE	TRUE
Rdh14	chr12	FALSE	TRUE
Rdh5	chr10	TRUE	TRUE
Rdh9	chr10	FALSE	TRUE
Reck	chr4	TRUE	TRUE
Recql4	chr15	FALSE	TRUE
Recql5	chr11	FALSE	FALSE
Reep1	chr6	FALSE	TRUE
Reep2	chr18	TRUE	TRUE
Reep3	chr10	FALSE	FALSE
Reep4	chr14	FALSE	TRUE
Reep6	chr10	TRUE	TRUE
Reg3b	chr6	FALSE	TRUE
Reg3g	chr6	FALSE	TRUE
Rell1	chr5	FALSE	TRUE
Rell2	chr18	FALSE	TRUE
Reln	chr5	TRUE	TRUE
Relt	chr7	FALSE	FALSE
Rem1	chr2	TRUE	FALSE
Rem2	chr14	FALSE	TRUE
Ren1	chr1	FALSE	FALSE
Rep15	chr6	FALSE	TRUE
Reps2	chrX	FALSE	TRUE
Rere	chr4	TRUE	TRUE
Rerg	chr6	FALSE	FALSE
Resp18	chr1	FALSE	FALSE
Rest	chr5	TRUE	FALSE
Ret	chr6	TRUE	FALSE
Retreg1	chr15	TRUE	TRUE
Rex1bd	chr8	FALSE	TRUE
Rfc1	chr5	FALSE	FALSE
Rfesd	chr13	FALSE	TRUE
Rfk	chr19	FALSE	TRUE
Rflna	chr5	FALSE	FALSE
Rflnb	chr11	FALSE	TRUE
Rfng	chr11	TRUE	FALSE
Rfpl4b	chr10	FALSE	TRUE
Rft1	chr14	FALSE	TRUE
Rftn1	chr17	FALSE	FALSE
Rftn2	chr1	FALSE	FALSE
Rfx2	chr17	FALSE	TRUE
Rfx3	chr19	FALSE	TRUE
Rfx4	chr10	TRUE	FALSE
Rfx6	chr10	TRUE	FALSE
Rfx8	chr1	TRUE	TRUE
Rgcc	chr14	FALSE	TRUE
Rgl1	chr1	FALSE	TRUE
Rgl3	chr9	FALSE	TRUE
Rgma	chr7	TRUE	TRUE
Rgmb	chr17	FALSE	TRUE
Rgr	chr14	TRUE	FALSE
Rgs10	chr7	TRUE	FALSE
Rgs12	chr5	FALSE	FALSE
Rgs14	chr13	TRUE	FALSE
Rgs16	chr1	FALSE	FALSE
Rgs17	chr10	FALSE	TRUE
Rgs19	chr2	FALSE	TRUE
Rgs2	chr1	TRUE	TRUE
Rgs20	chr1	FALSE	TRUE
Rgs22	chr15	FALSE	TRUE
Rgs3	chr4	FALSE	TRUE
Rgs4	chr1	TRUE	TRUE
Rgs6	chr12	TRUE	FALSE
Rgs7	chr1	TRUE	TRUE
Rgs7bp	chr13	TRUE	TRUE
Rgs8	chr1	TRUE	FALSE
Rgs9	chr11	TRUE	TRUE
Rgs9bp	chr7	TRUE	TRUE
Rhbdd1	chr1	FALSE	TRUE
Rhbdf1	chr11	FALSE	TRUE
Rhbdf2	chr11	FALSE	FALSE
Rhbdl3	chr11	FALSE	FALSE
Rhbg	chr3	FALSE	FALSE
Rhcg	chr7	FALSE	FALSE
Rhebl1	chr15	FALSE	FALSE
Rho	chr6	TRUE	FALSE
Rhob	chr12	TRUE	TRUE
Rhobtb1	chr10	FALSE	TRUE
Rhobtb2	chr14	FALSE	TRUE
Rhobtb3	chr13	FALSE	TRUE
Rhoc	chr3	FALSE	FALSE
Rhof	chr5	FALSE	FALSE
Rhoj	chr12	FALSE	FALSE
Rhoq	chr17	FALSE	FALSE
Rhov	chr2	FALSE	TRUE
Rhpn1	chr15	FALSE	FALSE
Rhpn2	chr7	FALSE	FALSE
Ribc2	chr15	FALSE	FALSE
Ric8b	chr10	TRUE	TRUE
Rictor	chr15	FALSE	TRUE
Rilp	chr11	FALSE	FALSE
Rimbp2	chr5	TRUE	FALSE
Rimklb	chr6	FALSE	FALSE
Rims1	chr1	TRUE	TRUE
Rims2	chr15	TRUE	TRUE
Rims3	chr4	TRUE	TRUE
Rims4	chr2	TRUE	FALSE
Rin1	chr19	TRUE	FALSE
Rin2	chr2	FALSE	TRUE
Rin3	chr12	FALSE	FALSE
Riox1	chr12	FALSE	TRUE
Ripk1	chr13	TRUE	TRUE
Ripk2	chr4	FALSE	TRUE
Ripk4	chr16	FALSE	TRUE
Ripor1	chr8	FALSE	TRUE
Ripor2	chr13	TRUE	TRUE
Ripor3	chr2	FALSE	FALSE
Ripply1	chrX	FALSE	FALSE
Ripply2	chr9	FALSE	TRUE
Ripply3	chr16	FALSE	TRUE
Rit2	chr18	TRUE	TRUE
Rita1	chr5	TRUE	FALSE
Rln1	chr19	FALSE	TRUE
Rmc1	chr18	FALSE	TRUE
Rmdn2	chr17	FALSE	FALSE
Rmi2	chr16	FALSE	TRUE
Rmnd5a	chr6	FALSE	TRUE
Rnase13	chr14	FALSE	FALSE
Rnase4	chr14	FALSE	TRUE
Rnaseh2b	chr14	FALSE	TRUE
Rnasel	chr1	FALSE	TRUE
Rnd1	chr15	TRUE	TRUE
Rnd2	chr11	TRUE	FALSE
Rnd3	chr2	FALSE	TRUE
Rnf112	chr11	TRUE	FALSE
Rnf122	chr8	FALSE	TRUE
Rnf123	chr9	FALSE	FALSE
Rnf125	chr18	FALSE	TRUE
Rnf126	chr10	FALSE	TRUE
Rnf128	chrX	FALSE	TRUE
Rnf13	chr3	FALSE	TRUE
Rnf130	chr11	FALSE	FALSE
Rnf138rt1	chrX	FALSE	TRUE
Rnf139	chr15	FALSE	TRUE
Rnf141	chr7	FALSE	FALSE
Rnf144a	chr12	FALSE	TRUE
Rnf144b	chr13	FALSE	TRUE
Rnf146	chr10	FALSE	TRUE
Rnf150	chr8	FALSE	TRUE
Rnf157	chr11	TRUE	FALSE
Rnf180	chr13	FALSE	TRUE
Rnf182	chr13	FALSE	TRUE
Rnf183	chr4	FALSE	TRUE
Rnf19a	chr15	TRUE	TRUE
Rnf19b	chr4	FALSE	FALSE
Rnf2	chr1	FALSE	TRUE
Rnf207	chr4	FALSE	TRUE
Rnf213	chr11	FALSE	FALSE
Rnf215	chr11	FALSE	TRUE
Rnf217	chr10	FALSE	TRUE
Rnf220	chr4	TRUE	FALSE
Rnf225	chr7	FALSE	TRUE
Rnf31	chr14	FALSE	TRUE
Rnf32	chr5	FALSE	TRUE
Rnf4	chr5	FALSE	TRUE
Rnf5	chr17	FALSE	TRUE
Rnf7	chr9	TRUE	FALSE
Rnf8	chr17	FALSE	FALSE
Rnft2	chr5	FALSE	FALSE
Rngtt	chr4	FALSE	TRUE
Rnmt	chr18	FALSE	TRUE
Rnpepl1	chr1	FALSE	TRUE
Ro60	chr1	FALSE	TRUE
Robo1	chr16	TRUE	TRUE
Robo2	chr16	TRUE	TRUE
Robo3	chr9	TRUE	TRUE
Robo4	chr9	FALSE	TRUE
Rock1	chr18	TRUE	TRUE
Rock2	chr12	TRUE	TRUE
Ropn1	chr16	FALSE	FALSE
Ropn1l	chr15	FALSE	FALSE
Ror1	chr4	TRUE	TRUE
Ror2	chr13	TRUE	FALSE
Rora	chr9	TRUE	TRUE
Rorb	chr19	TRUE	TRUE
Rorc	chr3	FALSE	TRUE
Rp1l1	chr14	TRUE	FALSE
Rpa1	chr11	FALSE	TRUE
Rpap3	chr15	FALSE	TRUE
Rpgrip1l	chr8	TRUE	TRUE
Rph3a	chr5	TRUE	FALSE
Rph3al	chr11	TRUE	TRUE
Rpia	chr6	FALSE	TRUE
Rpl15	chr14	TRUE	TRUE
Rpl22l1	chr3	FALSE	TRUE
Rpl29	chr9	TRUE	FALSE
Rpl31	chr1	FALSE	TRUE
Rpl34	chr3	TRUE	TRUE
Rpl37a	chr1	TRUE	TRUE
Rpl38	chr11	TRUE	TRUE
Rplp1	chr9	FALSE	FALSE
Rpp25	chr9	FALSE	TRUE
Rpp25l	chr4	FALSE	TRUE
Rpp38	chr2	FALSE	TRUE
Rpp40	chr13	FALSE	TRUE
Rprd1b	chr2	FALSE	TRUE
Rprm	chr2	FALSE	TRUE
Rprml	chr11	FALSE	FALSE
Rps12	chr10	TRUE	TRUE
Rps14	chr18	TRUE	TRUE
Rps23	chr13	FALSE	FALSE
Rps24	chr14	TRUE	TRUE
Rps29	chr12	FALSE	TRUE
Rps4x	chrX	FALSE	FALSE
Rps6ka1	chr4	FALSE	FALSE
Rps6ka2	chr17	TRUE	TRUE
Rps6ka3	chrX	FALSE	FALSE
Rps6ka4	chr19	FALSE	FALSE
Rps6ka5	chr12	TRUE	TRUE
Rps6ka6	chrX	FALSE	TRUE
Rps6kc1	chr1	FALSE	TRUE
Rps6kl1	chr12	FALSE	TRUE
Rptor	chr11	FALSE	FALSE
Rpusd1	chr17	FALSE	TRUE
Rpusd2	chr2	FALSE	TRUE
Rrad	chr8	FALSE	TRUE
Rraga	chr4	FALSE	TRUE
Rragc	chr4	FALSE	FALSE
Rragd	chr4	FALSE	TRUE
Rras	chr7	TRUE	TRUE
Rras2	chr7	TRUE	FALSE
Rrbp1	chr2	FALSE	TRUE
Rreb1	chr13	FALSE	FALSE
Rrm2b	chr15	FALSE	TRUE
Rrp1	chr10	FALSE	FALSE
Rrp15	chr1	FALSE	FALSE
Rrp9	chr9	FALSE	TRUE
Rrs1	chr1	FALSE	TRUE
Rsbn1l	chr5	FALSE	TRUE
Rsl24d1	chr9	FALSE	TRUE
Rsph1	chr17	TRUE	FALSE
Rsph14	chr10	FALSE	TRUE
Rsph6a	chr7	TRUE	FALSE
Rspo1	chr4	FALSE	FALSE
Rspo2	chr15	TRUE	TRUE
Rspo3	chr10	FALSE	TRUE
Rspo4	chr2	FALSE	FALSE
Rsu1	chr2	FALSE	TRUE
Rtbdn	chr8	FALSE	TRUE
Rtcb	chr10	FALSE	TRUE
Rtkn	chr6	FALSE	TRUE
Rtkn2	chr10	FALSE	TRUE
Rtl1	chr12	FALSE	FALSE
Rtl5	chrX	FALSE	FALSE
Rtl6	chr15	FALSE	TRUE
Rtl9	chrX	FALSE	FALSE
Rtn1	chr12	TRUE	TRUE
Rtn4	chr11	TRUE	TRUE
Rtn4ip1	chr10	TRUE	TRUE
Rtn4r	chr16	TRUE	TRUE
Rtn4rl1	chr11	TRUE	TRUE
Rtn4rl2	chr2	TRUE	TRUE
Rtp1	chr16	TRUE	TRUE
Rtp4	chr16	TRUE	TRUE
Rtraf	chr14	FALSE	TRUE
Rubcnl	chr14	FALSE	FALSE
Rufy3	chr5	TRUE	TRUE
Rundc3b	chr5	FALSE	TRUE
Runx1	chr16	TRUE	TRUE
Runx1t1	chr4	TRUE	TRUE
Runx2	chr17	TRUE	FALSE
Runx3	chr4	TRUE	FALSE
Rusc1	chr3	FALSE	TRUE
Rusc2	chr4	FALSE	FALSE
Ruvbl1	chr6	FALSE	TRUE
Rwdd1	chr10	FALSE	TRUE
Rwdd2a	chr9	FALSE	TRUE
Rwdd3	chr3	FALSE	TRUE
Rwdd4a	chr8	FALSE	TRUE
Rxfp3	chr15	FALSE	FALSE
Rxra	chr2	TRUE	FALSE
Rxrg	chr1	TRUE	FALSE
Rxylt1	chr10	FALSE	TRUE
Rybp	chr6	FALSE	TRUE
Ryk	chr9	TRUE	FALSE
Ryr2	chr13	FALSE	TRUE
Ryr3	chr2	FALSE	TRUE
S100a10	chr3	TRUE	TRUE
S100a13	chr3	FALSE	TRUE
S100a16	chr3	FALSE	TRUE
S100a6	chr3	FALSE	FALSE
S100b	chr10	TRUE	TRUE
S1pr1	chr3	TRUE	FALSE
S1pr2	chr9	TRUE	FALSE
S1pr3	chr13	FALSE	FALSE
S1pr5	chr9	TRUE	TRUE
Saa1	chr7	FALSE	TRUE
Saa3	chr7	FALSE	TRUE
Sacs	chr14	FALSE	TRUE
Sall1	chr8	TRUE	FALSE
Sall2	chr14	TRUE	TRUE
Sall3	chr18	TRUE	FALSE
Sall4	chr2	TRUE	FALSE
Samd1	chr8	FALSE	FALSE
Samd10	chr2	FALSE	TRUE
Samd12	chr15	FALSE	TRUE
Samd13	chr3	FALSE	TRUE
Samd14	chr11	TRUE	FALSE
Samd15	chr12	FALSE	TRUE
Samd4	chr14	FALSE	TRUE
Samd5	chr10	FALSE	TRUE
Samd7	chr3	TRUE	FALSE
Samm50	chr15	FALSE	FALSE
Sap130	chr18	FALSE	TRUE
Sap30	chr8	FALSE	TRUE
Sapcd2	chr2	FALSE	TRUE
Saraf	chr8	FALSE	TRUE
Sardh	chr2	FALSE	FALSE
Sash1	chr10	FALSE	TRUE
Satb1	chr17	FALSE	TRUE
Satb2	chr1	TRUE	FALSE
Saxo1	chr4	FALSE	TRUE
Sbf2	chr7	FALSE	FALSE
Sbk1	chr7	FALSE	FALSE
Sbno2	chr10	FALSE	FALSE
Sbspon	chr1	FALSE	TRUE
Scaf11	chr15	FALSE	TRUE
Scaf4	chr16	FALSE	TRUE
Scai	chr2	FALSE	TRUE
Scamp1	chr13	FALSE	TRUE
Scara3	chr14	FALSE	TRUE
Scarb1	chr5	FALSE	FALSE
Scarb2	chr5	TRUE	TRUE
Scarf2	chr16	FALSE	FALSE
Scd1	chr19	FALSE	TRUE
Scd2	chr19	FALSE	TRUE
Scd4	chr19	FALSE	TRUE
Scel	chr14	FALSE	TRUE
Scfd2	chr5	FALSE	TRUE
Scg2	chr1	FALSE	TRUE
Scg5	chr2	FALSE	TRUE
Scgb3a1	chr11	FALSE	FALSE
Scgn	chr13	TRUE	TRUE
Schip1	chr3	FALSE	TRUE
Scin	chr12	TRUE	FALSE
Sclt1	chr3	TRUE	TRUE
Scmh1	chr4	FALSE	FALSE
Scml2	chrX	FALSE	TRUE
Scml4	chr10	FALSE	FALSE
Scn10a	chr9	TRUE	FALSE
Scn1a	chr2	TRUE	FALSE
Scn3a	chr2	TRUE	FALSE
Scn3b	chr9	TRUE	FALSE
Scn4b	chr9	TRUE	FALSE
Scn5a	chr9	TRUE	FALSE
Scn8a	chr15	TRUE	FALSE
Scn9a	chr2	TRUE	TRUE
Scnn1a	chr6	TRUE	TRUE
Scnn1b	chr7	TRUE	FALSE
Scp2	chr4	FALSE	FALSE
Scp2d1	chr2	FALSE	TRUE
Scrg1	chr8	FALSE	TRUE
Scrn1	chr6	TRUE	TRUE
Scrt1	chr15	TRUE	TRUE
Scrt2	chr2	TRUE	FALSE
Sct	chr7	TRUE	FALSE
Sctr	chr1	TRUE	TRUE
Scube1	chr15	FALSE	FALSE
Scube2	chr7	FALSE	TRUE
Scube3	chr17	FALSE	FALSE
Scx	chr15	FALSE	TRUE
Sdc1	chr12	FALSE	TRUE
Sdc2	chr15	TRUE	TRUE
Sdc3	chr4	FALSE	FALSE
Sdc4	chr2	TRUE	FALSE
Sdcbp	chr4	TRUE	TRUE
Sdcbp2	chr2	FALSE	TRUE
Sdccag8	chr1	TRUE	TRUE
Sde2	chr1	FALSE	TRUE
Sdf2l1	chr16	FALSE	TRUE
Sdk1	chr5	TRUE	FALSE
Sdk2	chr11	TRUE	FALSE
Sdr42e1	chr8	FALSE	TRUE
Sec11c	chr18	FALSE	TRUE
Sec14l1	chr11	FALSE	FALSE
Sec14l2	chr11	FALSE	TRUE
Sec14l5	chr16	FALSE	FALSE
Sec16b	chr1	FALSE	FALSE
Sec22a	chr16	FALSE	TRUE
Sec23a	chr12	FALSE	TRUE
Sec23ip	chr7	FALSE	TRUE
Sec24d	chr3	FALSE	TRUE
Sec31a	chr5	FALSE	TRUE
Sec61a1	chr6	FALSE	TRUE
Sec61b	chr4	FALSE	FALSE
Secisbp2l	chr2	FALSE	TRUE
Sel1l	chr12	FALSE	TRUE
Sel1l3	chr5	FALSE	FALSE
Selenof	chr3	FALSE	TRUE
Selenoi	chr5	TRUE	TRUE
Selenon	chr4	FALSE	FALSE
Selenos	chr7	FALSE	TRUE
Sema3a	chr5	TRUE	TRUE
Sema3b	chr9	TRUE	FALSE
Sema3c	chr5	TRUE	TRUE
Sema3d	chr5	TRUE	TRUE
Sema3e	chr5	TRUE	TRUE
Sema3f	chr9	TRUE	FALSE
Sema3g	chr14	TRUE	TRUE
Sema4a	chr3	TRUE	TRUE
Sema4b	chr7	TRUE	TRUE
Sema4d	chr13	TRUE	FALSE
Sema4f	chr6	TRUE	TRUE
Sema5a	chr15	TRUE	TRUE
Sema5b	chr16	TRUE	FALSE
Sema6a	chr18	TRUE	TRUE
Sema6b	chr17	TRUE	TRUE
Sema6c	chr3	TRUE	TRUE
Sema6d	chr2	TRUE	TRUE
Sema7a	chr9	TRUE	FALSE
Septin10	chr10	FALSE	FALSE
Septin11	chr5	TRUE	TRUE
Septin3	chr15	TRUE	FALSE
Septin4	chr11	TRUE	TRUE
Septin6	chrX	FALSE	TRUE
Septin7	chr9	TRUE	FALSE
Septin8	chr11	FALSE	TRUE
Septin9	chr11	FALSE	FALSE
Serbp1	chr6	FALSE	TRUE
Sergef	chr7	FALSE	FALSE
Serhl	chr15	FALSE	FALSE
Serinc1	chr10	FALSE	TRUE
Serinc5	chr13	TRUE	TRUE
Serp2	chr14	FALSE	TRUE
Serpina11	chr12	FALSE	FALSE
Serpina12	chr12	FALSE	FALSE
Serpina3n	chr12	FALSE	FALSE
Serpinb1b	chr13	FALSE	TRUE
Serpinb8	chr1	FALSE	TRUE
Serpinb9	chr13	FALSE	TRUE
Serpine1	chr5	FALSE	FALSE
Serpine2	chr1	TRUE	FALSE
Serpinf2	chr11	FALSE	FALSE
Serping1	chr2	FALSE	TRUE
Serpinh1	chr7	FALSE	TRUE
Serpini1	chr3	TRUE	TRUE
Sertad2	chr11	FALSE	TRUE
Sertad4	chr1	FALSE	TRUE
Sertm1	chr3	FALSE	FALSE
Sesn1	chr10	FALSE	TRUE
Sesn2	chr4	FALSE	TRUE
Sesn3	chr9	FALSE	TRUE
Setbp1	chr18	FALSE	TRUE
Setd3	chr12	FALSE	FALSE
Setd4	chr16	FALSE	FALSE
Setd6	chr8	FALSE	TRUE
Setd7	chr3	FALSE	TRUE
Setmar	chr6	FALSE	TRUE
Sez6	chr11	TRUE	FALSE
Sez6l	chr5	TRUE	FALSE
Sf3b5	chr10	FALSE	TRUE
Sf3b6	chr12	FALSE	TRUE
Sfmbt2	chr2	FALSE	TRUE
Sfn	chr4	FALSE	FALSE
Sfrp1	chr8	TRUE	TRUE
Sfrp2	chr3	TRUE	TRUE
Sfrp4	chr13	FALSE	TRUE
Sfrp5	chr19	TRUE	TRUE
Sfswap	chr5	FALSE	TRUE
Sft2d2	chr1	FALSE	TRUE
Sftpb	chr6	FALSE	TRUE
Sftpc	chr14	FALSE	TRUE
Sfxn5	chr6	FALSE	TRUE
Sgca	chr11	FALSE	TRUE
Sgcb	chr5	FALSE	TRUE
Sgcd	chr11	FALSE	TRUE
Sgce	chr6	FALSE	TRUE
Sgcg	chr14	FALSE	TRUE
Sgcz	chr8	FALSE	TRUE
Sgip1	chr4	TRUE	TRUE
Sgk1	chr10	TRUE	TRUE
Sgk2	chr2	FALSE	FALSE
Sgk3	chr1	FALSE	TRUE
Sgms1	chr19	FALSE	TRUE
Sgms2	chr3	FALSE	TRUE
Sgo1	chr17	FALSE	TRUE
Sgo2a	chr1	FALSE	TRUE
Sgpp1	chr12	FALSE	TRUE
Sgpp2	chr1	FALSE	TRUE
Sgsm2	chr11	FALSE	TRUE
Sgsm3	chr15	FALSE	FALSE
Sgtb	chr13	FALSE	TRUE
Sh2b3	chr5	FALSE	FALSE
Sh2d3c	chr2	FALSE	FALSE
Sh2d4a	chr8	FALSE	TRUE
Sh2d4b	chr14	FALSE	TRUE
Sh2d5	chr4	FALSE	FALSE
Sh2d7	chr9	FALSE	TRUE
Sh3bgr	chr16	FALSE	TRUE
Sh3bgrl2	chr9	FALSE	TRUE
Sh3bp1	chr15	FALSE	FALSE
Sh3bp2	chr5	FALSE	TRUE
Sh3bp4	chr1	FALSE	FALSE
Sh3bp5	chr14	FALSE	FALSE
Sh3gl2	chr4	TRUE	TRUE
Sh3gl3	chr7	TRUE	FALSE
Sh3glb1	chr3	TRUE	TRUE
Sh3kbp1	chrX	FALSE	FALSE
Sh3pxd2a	chr19	FALSE	FALSE
Sh3pxd2b	chr11	FALSE	FALSE
Sh3rf1	chr8	TRUE	TRUE
Sh3rf3	chr10	FALSE	FALSE
Sh3tc1	chr5	FALSE	TRUE
Sh3tc2	chr18	TRUE	FALSE
Sh3yl1	chr12	FALSE	TRUE
Shank1	chr7	TRUE	FALSE
Shank2	chr7	TRUE	FALSE
Shank3	chr15	TRUE	FALSE
Sharpin	chr15	FALSE	TRUE
Shb	chr4	FALSE	FALSE
Shc1	chr3	TRUE	TRUE
Shc2	chr10	FALSE	TRUE
Shc3	chr13	TRUE	FALSE
Shc4	chr2	FALSE	TRUE
Shd	chr17	FALSE	FALSE
Shf	chr2	FALSE	FALSE
Shh	chr5	TRUE	TRUE
Shisa2	chr14	FALSE	FALSE
Shisa3	chr5	FALSE	FALSE
Shisa4	chr1	FALSE	TRUE
Shisa6	chr11	TRUE	FALSE
Shisa7	chr7	TRUE	FALSE
Shisa8	chr15	TRUE	FALSE
Shisa9	chr16	TRUE	FALSE
Shisal1	chr15	FALSE	FALSE
Shisal2a	chr4	FALSE	TRUE
Shisal2b	chr13	FALSE	FALSE
Shld1	chr2	FALSE	TRUE
Shmt2	chr10	FALSE	TRUE
Shox2	chr3	TRUE	FALSE
Shpk	chr11	FALSE	TRUE
Shq1	chr6	FALSE	TRUE
Shroom1	chr11	FALSE	FALSE
Shroom3	chr5	TRUE	FALSE
Shtn1	chr19	TRUE	TRUE
Siae	chr9	FALSE	TRUE
Siah2	chr3	FALSE	TRUE
Siah3	chr14	FALSE	TRUE
Sidt1	chr16	FALSE	TRUE
Sidt2	chr9	FALSE	FALSE
Sigirr	chr7	FALSE	FALSE
Siglec15	chr18	FALSE	TRUE
Siglech	chr7	FALSE	TRUE
Sigmar1	chr4	TRUE	TRUE
Sik1	chr17	FALSE	TRUE
Sik3	chr9	FALSE	FALSE
Sil1	chr18	FALSE	TRUE
Sim1	chr10	TRUE	FALSE
Sim2	chr16	TRUE	FALSE
Sin3a	chr9	TRUE	TRUE
Sipa1	chr19	FALSE	FALSE
Sipa1l1	chr12	TRUE	FALSE
Sipa1l2	chr8	TRUE	FALSE
Sipa1l3	chr7	FALSE	TRUE
Sirpa	chr2	FALSE	TRUE
Sit1	chr4	FALSE	TRUE
Siva1	chr12	FALSE	FALSE
Six1	chr12	TRUE	FALSE
Six2	chr17	FALSE	FALSE
Six3	chr17	TRUE	FALSE
Six4	chr12	TRUE	TRUE
Six5	chr7	FALSE	FALSE
Ska1	chr18	FALSE	TRUE
Skap1	chr11	FALSE	FALSE
Skap2	chr6	FALSE	FALSE
Ski	chr4	TRUE	FALSE
Skil	chr3	TRUE	TRUE
Skor1	chr9	FALSE	FALSE
Skor2	chr18	TRUE	FALSE
Skp2	chr15	FALSE	TRUE
Sla	chr15	FALSE	TRUE
Sla2	chr2	FALSE	FALSE
Slain1	chr14	FALSE	TRUE
Slain2	chr5	FALSE	TRUE
Slamf8	chr1	TRUE	FALSE
Slbp	chr5	FALSE	TRUE
Slc10a2	chr8	FALSE	TRUE
Slc10a4	chr5	TRUE	FALSE
Slc10a6	chr5	FALSE	TRUE
Slc10a7	chr8	FALSE	TRUE
Slc11a1	chr1	TRUE	TRUE
Slc11a2	chr15	TRUE	TRUE
Slc12a1	chr2	FALSE	TRUE
Slc12a3	chr8	FALSE	FALSE
Slc12a4	chr8	TRUE	FALSE
Slc12a5	chr2	TRUE	FALSE
Slc12a6	chr2	TRUE	TRUE
Slc12a7	chr13	TRUE	TRUE
Slc12a8	chr16	FALSE	TRUE
Slc13a1	chr6	FALSE	TRUE
Slc13a3	chr2	FALSE	FALSE
Slc13a4	chr6	FALSE	TRUE
Slc13a5	chr11	FALSE	FALSE
Slc14a1	chr18	FALSE	FALSE
Slc14a2	chr18	FALSE	FALSE
Slc15a1	chr14	FALSE	FALSE
Slc16a1	chr3	FALSE	TRUE
Slc16a10	chr10	FALSE	TRUE
Slc16a12	chr19	FALSE	FALSE
Slc16a14	chr1	FALSE	TRUE
Slc16a2	chrX	FALSE	TRUE
Slc16a3	chr11	FALSE	TRUE
Slc16a6	chr11	FALSE	TRUE
Slc16a7	chr10	FALSE	TRUE
Slc16a8	chr15	FALSE	FALSE
Slc16a9	chr10	FALSE	TRUE
Slc17a6	chr7	TRUE	FALSE
Slc17a7	chr7	TRUE	FALSE
Slc18a1	chr8	TRUE	FALSE
Slc18a2	chr19	TRUE	FALSE
Slc18a3	chr14	TRUE	FALSE
Slc18b1	chr10	FALSE	TRUE
Slc19a1	chr10	FALSE	TRUE
Slc19a2	chr1	FALSE	TRUE
Slc19a3	chr1	FALSE	TRUE
Slc1a1	chr19	TRUE	TRUE
Slc1a2	chr2	TRUE	TRUE
Slc1a3	chr15	TRUE	TRUE
Slc1a4	chr11	TRUE	FALSE
Slc1a5	chr7	FALSE	FALSE
Slc1a7	chr4	TRUE	FALSE
Slc20a1	chr2	FALSE	TRUE
Slc22a1	chr17	FALSE	TRUE
Slc22a12	chr19	FALSE	TRUE
Slc22a15	chr3	FALSE	TRUE
Slc22a17	chr14	FALSE	FALSE
Slc22a18	chr7	FALSE	FALSE
Slc22a21	chr11	FALSE	FALSE
Slc22a22	chr15	FALSE	FALSE
Slc22a23	chr13	FALSE	TRUE
Slc22a4	chr11	FALSE	TRUE
Slc22a5	chr11	FALSE	TRUE
Slc23a1	chr18	TRUE	FALSE
Slc23a4	chr6	FALSE	TRUE
Slc24a1	chr9	TRUE	FALSE
Slc24a2	chr4	TRUE	FALSE
Slc24a3	chr2	FALSE	TRUE
Slc24a4	chr12	TRUE	FALSE
Slc24a5	chr2	FALSE	TRUE
Slc25a10	chr11	FALSE	FALSE
Slc25a12	chr2	TRUE	FALSE
Slc25a13	chr6	FALSE	TRUE
Slc25a15	chr8	FALSE	TRUE
Slc25a21	chr12	FALSE	TRUE
Slc25a22	chr7	FALSE	TRUE
Slc25a23	chr17	FALSE	FALSE
Slc25a24	chr3	FALSE	TRUE
Slc25a26	chr6	FALSE	TRUE
Slc25a29	chr12	FALSE	TRUE
Slc25a30	chr14	FALSE	TRUE
Slc25a31	chr3	FALSE	TRUE
Slc25a36	chr9	FALSE	TRUE
Slc25a37	chr14	FALSE	TRUE
Slc25a4	chr8	FALSE	TRUE
Slc25a42	chr8	FALSE	FALSE
Slc25a44	chr3	FALSE	FALSE
Slc25a47	chr12	FALSE	FALSE
Slc25a48	chr13	FALSE	FALSE
Slc25a51	chr4	FALSE	TRUE
Slc26a10	chr10	FALSE	FALSE
Slc26a2	chr18	FALSE	TRUE
Slc26a3	chr12	FALSE	FALSE
Slc26a4	chr12	FALSE	FALSE
Slc26a5	chr5	TRUE	TRUE
Slc26a6	chr9	FALSE	TRUE
Slc26a7	chr4	FALSE	TRUE
Slc26a9	chr1	FALSE	FALSE
Slc27a1	chr8	FALSE	TRUE
Slc27a2	chr2	FALSE	TRUE
Slc27a3	chr3	FALSE	FALSE
Slc27a6	chr18	FALSE	TRUE
Slc28a2b	chr2	FALSE	TRUE
Slc28a3	chr13	FALSE	FALSE
Slc29a1	chr17	TRUE	TRUE
Slc29a2	chr19	FALSE	TRUE
Slc29a3	chr10	FALSE	TRUE
Slc29a4	chr5	FALSE	FALSE
Slc2a1	chr4	TRUE	TRUE
Slc2a12	chr10	FALSE	TRUE
Slc2a13	chr15	FALSE	TRUE
Slc2a2	chr3	FALSE	FALSE
Slc2a3	chr6	FALSE	TRUE
Slc2a4	chr11	TRUE	FALSE
Slc2a5	chr4	FALSE	FALSE
Slc2a6	chr2	FALSE	FALSE
Slc2a8	chr2	FALSE	FALSE
Slc2a9	chr5	FALSE	TRUE
Slc30a1	chr1	TRUE	FALSE
Slc30a10	chr1	FALSE	FALSE
Slc30a2	chr4	FALSE	FALSE
Slc30a3	chr5	TRUE	FALSE
Slc30a4	chr2	FALSE	TRUE
Slc30a5	chr13	FALSE	TRUE
Slc30a8	chr15	FALSE	TRUE
Slc31a1	chr4	FALSE	TRUE
Slc31a2	chr4	FALSE	TRUE
Slc32a1	chr2	TRUE	FALSE
Slc33a1	chr3	FALSE	TRUE
Slc34a2	chr5	FALSE	TRUE
Slc35a3	chr3	FALSE	TRUE
Slc35b1	chr11	FALSE	TRUE
Slc35b3	chr13	FALSE	TRUE
Slc35b4	chr6	FALSE	TRUE
Slc35c1	chr2	FALSE	TRUE
Slc35c2	chr2	FALSE	FALSE
Slc35d2	chr13	FALSE	TRUE
Slc35d3	chr10	FALSE	FALSE
Slc35e1	chr8	FALSE	TRUE
Slc35e3	chr10	FALSE	TRUE
Slc35e4	chr11	FALSE	TRUE
Slc35f1	chr10	FALSE	TRUE
Slc35f2	chr9	FALSE	FALSE
Slc35f3	chr8	FALSE	TRUE
Slc35f4	chr14	FALSE	TRUE
Slc35f5	chr1	FALSE	TRUE
Slc35f6	chr5	FALSE	FALSE
Slc35g1	chr19	FALSE	TRUE
Slc35g2	chr9	FALSE	TRUE
Slc36a1	chr11	FALSE	FALSE
Slc36a2	chr11	FALSE	FALSE
Slc37a1	chr17	FALSE	TRUE
Slc37a2	chr9	FALSE	TRUE
Slc37a3	chr6	FALSE	FALSE
Slc38a1	chr15	TRUE	TRUE
Slc38a10	chr11	FALSE	TRUE
Slc38a2	chr15	TRUE	TRUE
Slc38a3	chr9	FALSE	FALSE
Slc38a4	chr15	FALSE	FALSE
Slc38a6	chr12	FALSE	TRUE
Slc38a8	chr8	TRUE	FALSE
Slc38a9	chr13	FALSE	TRUE
Slc39a10	chr1	FALSE	TRUE
Slc39a11	chr11	FALSE	TRUE
Slc39a14	chr14	FALSE	TRUE
Slc39a2	chr14	FALSE	FALSE
Slc39a5	chr10	FALSE	FALSE
Slc39a6	chr18	FALSE	TRUE
Slc39a8	chr3	FALSE	FALSE
Slc40a1	chr1	FALSE	TRUE
Slc41a1	chr1	FALSE	FALSE
Slc41a2	chr10	FALSE	FALSE
Slc41a3	chr6	FALSE	TRUE
Slc43a1	chr2	FALSE	FALSE
Slc43a2	chr11	FALSE	FALSE
Slc44a1	chr4	FALSE	FALSE
Slc44a2	chr9	FALSE	TRUE
Slc44a3	chr3	FALSE	FALSE
Slc44a5	chr3	FALSE	TRUE
Slc45a1	chr4	FALSE	FALSE
Slc45a3	chr1	TRUE	FALSE
Slc45a4	chr15	FALSE	TRUE
Slc46a1	chr11	FALSE	FALSE
Slc46a2	chr4	FALSE	FALSE
Slc47a2	chr11	FALSE	FALSE
Slc48a1	chr15	FALSE	TRUE
Slc49a4	chr16	FALSE	TRUE
Slc4a1	chr11	FALSE	FALSE
Slc4a10	chr2	TRUE	TRUE
Slc4a11	chr2	FALSE	FALSE
Slc4a2	chr5	FALSE	TRUE
Slc4a3	chr1	FALSE	FALSE
Slc4a4	chr5	FALSE	FALSE
Slc4a5	chr6	FALSE	TRUE
Slc4a7	chr14	TRUE	TRUE
Slc4a8	chr15	TRUE	TRUE
Slc4a9	chr18	FALSE	FALSE
Slc50a1	chr3	FALSE	TRUE
Slc52a3	chr2	TRUE	FALSE
Slc5a10	chr11	FALSE	FALSE
Slc5a2	chr7	FALSE	FALSE
Slc66a2	chr18	FALSE	TRUE
Slc6a1	chr6	TRUE	TRUE
Slc6a11	chr6	FALSE	TRUE
Slc6a12	chr6	FALSE	FALSE
Slc6a13	chr6	FALSE	FALSE
Slc6a15	chr10	FALSE	TRUE
Slc6a17	chr3	TRUE	TRUE
Slc6a19	chr13	FALSE	TRUE
Slc6a2	chr8	TRUE	FALSE
Slc6a3	chr13	TRUE	FALSE
Slc6a4	chr11	TRUE	FALSE
Slc6a5	chr7	TRUE	FALSE
Slc6a6	chr6	TRUE	FALSE
Slc6a7	chr18	FALSE	FALSE
Slc6a9	chr4	TRUE	FALSE
Slc7a10	chr7	TRUE	FALSE
Slc7a11	chr3	TRUE	FALSE
Slc7a14	chr3	FALSE	TRUE
Slc7a2	chr8	FALSE	FALSE
Slc7a3	chrX	FALSE	TRUE
Slc7a4	chr16	FALSE	TRUE
Slc7a5	chr8	TRUE	TRUE
Slc7a7	chr14	FALSE	TRUE
Slc7a8	chr14	FALSE	TRUE
Slc8a1	chr17	FALSE	TRUE
Slc8a3	chr12	TRUE	FALSE
Slc9a1	chr4	FALSE	FALSE
Slc9a2	chr1	FALSE	TRUE
Slc9a3	chr13	FALSE	FALSE
Slc9a5	chr8	FALSE	TRUE
Slc9a6	chrX	TRUE	TRUE
Slc9a8	chr2	FALSE	TRUE
Slc9a9	chr9	FALSE	TRUE
Slc9b2	chr3	FALSE	TRUE
Slco2a1	chr9	FALSE	FALSE
Slco2b1	chr7	FALSE	TRUE
Slco3a1	chr7	FALSE	FALSE
Slco4a1	chr2	FALSE	FALSE
Slco5a1	chr1	FALSE	TRUE
Slf1	chr13	FALSE	TRUE
Slf2	chr19	FALSE	TRUE
Slfn9	chr11	FALSE	TRUE
Slit1	chr19	TRUE	TRUE
Slit2	chr5	TRUE	TRUE
Slit3	chr11	TRUE	TRUE
Slitrk1	chr14	TRUE	TRUE
Slitrk2	chrX	TRUE	TRUE
Slitrk3	chr3	TRUE	TRUE
Slitrk4	chrX	TRUE	TRUE
Slitrk5	chr14	TRUE	TRUE
Slpi	chr2	FALSE	FALSE
Slurp2	chr15	TRUE	FALSE
Smad1	chr8	TRUE	TRUE
Smad2	chr18	FALSE	TRUE
Smad3	chr9	FALSE	FALSE
Smad4	chr18	TRUE	TRUE
Smad5	chr13	FALSE	FALSE
Smad6	chr9	FALSE	FALSE
Smad7	chr18	FALSE	TRUE
Smad9	chr3	TRUE	TRUE
Smagp	chr15	FALSE	FALSE
Smap1	chr1	FALSE	TRUE
Smarca2	chr19	TRUE	TRUE
Smarca4	chr9	TRUE	FALSE
Smarcal1	chr1	FALSE	TRUE
Smarcd3	chr5	TRUE	FALSE
Smc4	chr3	FALSE	TRUE
Smco4	chr9	FALSE	TRUE
Smg5	chr3	FALSE	FALSE
Smg6	chr11	FALSE	TRUE
Smg7	chr1	FALSE	TRUE
Smg9	chr7	TRUE	FALSE
Smim1	chr4	FALSE	FALSE
Smim10l1	chr6	FALSE	TRUE
Smim12	chr4	FALSE	FALSE
Smim13	chr13	FALSE	TRUE
Smim14	chr5	FALSE	TRUE
Smim15	chr13	FALSE	TRUE
Smim20	chr5	FALSE	TRUE
Smim23	chr11	FALSE	FALSE
Smim3	chr18	FALSE	FALSE
Smim31	chr8	FALSE	TRUE
Smim38	chr7	FALSE	FALSE
Smim5	chr11	FALSE	FALSE
Smim7	chr8	FALSE	TRUE
Smndc1	chr19	FALSE	TRUE
Smo	chr6	TRUE	FALSE
Smoc1	chr12	FALSE	TRUE
Smoc2	chr17	FALSE	FALSE
Smox	chr2	FALSE	TRUE
Smpd1	chr7	FALSE	TRUE
Smpd3	chr8	FALSE	TRUE
Smpd4	chr16	FALSE	TRUE
Smpd5	chr15	FALSE	FALSE
Smpdl3a	chr10	FALSE	TRUE
Smpx	chrX	FALSE	TRUE
Smtn	chr11	FALSE	TRUE
Smug1	chr15	FALSE	FALSE
Smurf1	chr5	TRUE	TRUE
Smyd2	chr1	FALSE	TRUE
Smyd3	chr1	FALSE	TRUE
Snai1	chr2	FALSE	FALSE
Snai2	chr16	TRUE	FALSE
Snai3	chr8	FALSE	FALSE
Snap25	chr2	TRUE	TRUE
Snap91	chr9	TRUE	FALSE
Snapc2	chr8	FALSE	TRUE
Snapc3	chr4	FALSE	TRUE
Snapc4	chr2	FALSE	FALSE
Snca	chr6	TRUE	TRUE
Sncaip	chr18	TRUE	TRUE
Sncb	chr13	TRUE	FALSE
Snd1	chr6	FALSE	TRUE
Sned1	chr1	FALSE	FALSE
Snn	chr16	FALSE	TRUE
Snorc	chr1	FALSE	FALSE
Snph	chr2	TRUE	TRUE
Snrnp48	chr13	FALSE	TRUE
Snrpd3	chr10	FALSE	TRUE
Snrpf	chr10	FALSE	TRUE
Snta1	chr2	TRUE	TRUE
Sntb1	chr15	FALSE	FALSE
Sntb2	chr8	FALSE	TRUE
Sntg2	chr12	FALSE	FALSE
Sntn	chr14	FALSE	TRUE
Snx10	chr6	FALSE	TRUE
Snx13	chr12	FALSE	TRUE
Snx14	chr9	TRUE	TRUE
Snx16	chr3	FALSE	TRUE
Snx18	chr13	FALSE	TRUE
Snx19	chr9	FALSE	TRUE
Snx2	chr18	FALSE	TRUE
Snx20	chr8	FALSE	TRUE
Snx21	chr2	FALSE	FALSE
Snx22	chr9	FALSE	FALSE
Snx24	chr18	FALSE	TRUE
Snx29	chr16	FALSE	FALSE
Snx30	chr4	FALSE	TRUE
Snx33	chr9	FALSE	FALSE
Snx7	chr3	FALSE	TRUE
Snx9	chr17	TRUE	TRUE
Soat1	chr1	FALSE	TRUE
Sobp	chr10	TRUE	TRUE
Socs1	chr16	FALSE	TRUE
Socs2	chr10	TRUE	FALSE
Socs3	chr11	FALSE	FALSE
Socs5	chr17	FALSE	TRUE
Socs6	chr18	FALSE	TRUE
Sod3	chr5	FALSE	TRUE
Sohlh1	chr2	FALSE	FALSE
Sorbs1	chr19	TRUE	TRUE
Sorbs2	chr8	TRUE	TRUE
Sorbs3	chr14	FALSE	TRUE
Sorcs1	chr19	FALSE	TRUE
Sorcs2	chr5	TRUE	FALSE
Sorcs3	chr19	TRUE	TRUE
Sord	chr2	FALSE	TRUE
Sorl1	chr9	TRUE	TRUE
Sort1	chr3	TRUE	TRUE
Sos1	chr17	TRUE	TRUE
Sost	chr11	FALSE	FALSE
Sostdc1	chr12	FALSE	TRUE
Sowaha	chr11	FALSE	FALSE
Sowahb	chr5	FALSE	TRUE
Sowahc	chr10	FALSE	TRUE
Sowahd	chrX	FALSE	FALSE
Sox1	chr8	TRUE	FALSE
Sox11	chr12	TRUE	TRUE
Sox12	chr2	TRUE	TRUE
Sox13	chr1	TRUE	FALSE
Sox14	chr9	TRUE	FALSE
Sox17	chr1	TRUE	FALSE
Sox18	chr2	FALSE	TRUE
Sox2	chr3	TRUE	FALSE
Sox3	chrX	TRUE	FALSE
Sox4	chr13	TRUE	TRUE
Sox5	chr6	TRUE	TRUE
Sox6	chr7	TRUE	FALSE
Sox7	chr14	FALSE	FALSE
Sox8	chr17	TRUE	FALSE
Sp1	chr15	FALSE	TRUE
Sp2	chr11	FALSE	TRUE
Sp4	chr12	FALSE	TRUE
Sp5	chr2	FALSE	TRUE
Sp6	chr11	FALSE	FALSE
Sp7	chr15	FALSE	FALSE
Sp8	chr12	FALSE	FALSE
Sp9	chr2	FALSE	FALSE
Spaca1	chr4	FALSE	TRUE
Spaca3	chr11	FALSE	TRUE
Spaca7	chr8	FALSE	TRUE
Spag1	chr15	TRUE	TRUE
Spag17	chr3	TRUE	TRUE
Spag4	chr2	FALSE	FALSE
Spag6	chr2	TRUE	FALSE
Spag7	chr11	FALSE	FALSE
Spag9	chr11	TRUE	TRUE
Spam1	chr6	FALSE	TRUE
Sparc	chr11	TRUE	FALSE
Sparcl1	chr5	TRUE	TRUE
Spata13	chr14	FALSE	TRUE
Spata16	chr3	FALSE	FALSE
Spata18	chr5	FALSE	FALSE
Spata19	chr9	FALSE	FALSE
Spata2	chr2	FALSE	FALSE
Spata20	chr11	FALSE	TRUE
Spata21	chr4	FALSE	FALSE
Spata3	chr1	FALSE	FALSE
Spata31d1a	chr13	FALSE	FALSE
Spata31d1d	chr13	FALSE	TRUE
Spata4	chr8	FALSE	TRUE
Spata46	chr1	FALSE	FALSE
Spats2l	chr1	FALSE	FALSE
Spcs3	chr8	FALSE	TRUE
Spdef	chr17	FALSE	TRUE
Spdl1	chr11	FALSE	TRUE
Spdya	chr17	FALSE	TRUE
Specc1l	chr10	TRUE	FALSE
Speer3	chr5	FALSE	TRUE
Speer4b	chr5	FALSE	TRUE
Speer4f1	chr5	FALSE	TRUE
Spef1l	chr7	FALSE	TRUE
Speg	chr1	FALSE	FALSE
Spen	chr4	TRUE	FALSE
Sphk1	chr11	TRUE	FALSE
Sphkap	chr1	FALSE	TRUE
Spi1	chr2	TRUE	FALSE
Spice1	chr16	FALSE	TRUE
Spin2c	chrX	FALSE	TRUE
Spin4	chrX	FALSE	TRUE
Spink10	chr18	FALSE	TRUE
Spink13	chr18	FALSE	TRUE
Spint1	chr2	TRUE	TRUE
Spire1	chr18	TRUE	TRUE
Spns2	chr11	TRUE	FALSE
Spns3	chr11	FALSE	FALSE
Spo11	chr2	TRUE	TRUE
Spock1	chr13	TRUE	FALSE
Spock2	chr10	FALSE	TRUE
Spock3	chr8	FALSE	TRUE
Spon1	chr7	FALSE	FALSE
Spon2	chr5	FALSE	TRUE
Spp2	chr1	FALSE	FALSE
Sppl2b	chr10	FALSE	FALSE
Sppl2c	chr11	FALSE	TRUE
Spr	chr6	TRUE	TRUE
Spred1	chr2	FALSE	TRUE
Spred2	chr11	FALSE	TRUE
Sprn	chr7	FALSE	FALSE
Sprtn	chr8	FALSE	FALSE
Spry1	chr3	FALSE	TRUE
Spry2	chr14	TRUE	TRUE
Spry4	chr18	FALSE	TRUE
Spryd3	chr15	FALSE	TRUE
Spryd7	chr14	FALSE	TRUE
Spsb1	chr4	FALSE	FALSE
Spsb2	chr6	FALSE	FALSE
Spsb4	chr9	FALSE	FALSE
Sptb	chr12	TRUE	TRUE
Sptbn1	chr11	TRUE	TRUE
Sptbn2	chr19	TRUE	FALSE
Sptbn5	chr2	FALSE	TRUE
Sptlc2	chr12	FALSE	TRUE
Sptlc3	chr2	FALSE	TRUE
Sptssa	chr12	FALSE	TRUE
Sptssb	chr3	FALSE	TRUE
Sqle	chr15	FALSE	TRUE
Sqor	chr2	FALSE	TRUE
Src	chr2	TRUE	FALSE
Srcin1	chr11	TRUE	FALSE
Srd5a1	chr13	FALSE	TRUE
Srd5a2	chr17	TRUE	FALSE
Srd5a3	chr5	FALSE	TRUE
Srebf1	chr11	FALSE	FALSE
Srek1	chr13	FALSE	TRUE
Srek1ip1	chr13	FALSE	TRUE
Srf	chr17	TRUE	TRUE
Srgap1	chr10	FALSE	TRUE
Srgap2	chr1	TRUE	TRUE
Srgap3	chr6	TRUE	FALSE
Srgn	chr10	TRUE	FALSE
Sri	chr5	FALSE	TRUE
Srl	chr16	FALSE	TRUE
Srms	chr2	FALSE	FALSE
Srp14	chr2	FALSE	TRUE
Srp72	chr5	FALSE	TRUE
Srp9	chr1	FALSE	TRUE
Srpk2	chr5	TRUE	TRUE
Srprb	chr9	FALSE	FALSE
Srrm4	chr5	TRUE	TRUE
Srsf6	chr2	FALSE	FALSE
Srxn1	chr2	FALSE	TRUE
Ss18	chr18	TRUE	TRUE
Ssbp2	chr13	FALSE	TRUE
Ssbp3	chr4	TRUE	FALSE
Ssbp4	chr8	FALSE	TRUE
Ssc4d	chr5	FALSE	TRUE
Ssh1	chr5	TRUE	FALSE
Ssh2	chr11	FALSE	FALSE
Ssh3	chr19	FALSE	TRUE
Sspn	chr6	FALSE	TRUE
Sspo	chr6	FALSE	TRUE
Ssr4	chrX	FALSE	TRUE
Sst	chr16	TRUE	FALSE
Sstr1	chr12	TRUE	FALSE
Sstr2	chr11	TRUE	FALSE
Sstr3	chr15	TRUE	FALSE
Sstr4	chr2	FALSE	FALSE
Sstr5	chr17	FALSE	FALSE
Ssu2	chr6	FALSE	TRUE
Ssx2ip	chr3	FALSE	TRUE
St14	chr9	TRUE	FALSE
St18	chr1	FALSE	TRUE
St3gal1	chr15	FALSE	TRUE
St3gal2	chr8	FALSE	TRUE
St3gal3	chr4	FALSE	FALSE
St3gal4	chr9	TRUE	FALSE
St3gal5	chr6	FALSE	TRUE
St3gal6	chr16	FALSE	FALSE
St6gal1	chr16	FALSE	TRUE
St6galnac2	chr11	FALSE	FALSE
St6galnac3	chr3	FALSE	TRUE
St6galnac4	chr2	FALSE	TRUE
St6galnac5	chr3	FALSE	TRUE
St7	chr6	FALSE	TRUE
St8sia1	chr6	FALSE	TRUE
St8sia2	chr7	TRUE	FALSE
St8sia3	chr18	FALSE	TRUE
St8sia4	chr1	FALSE	TRUE
St8sia5	chr18	FALSE	FALSE
Stab1	chr14	FALSE	TRUE
Stab2	chr10	FALSE	TRUE
Stac	chr9	TRUE	FALSE
Stac2	chr11	TRUE	FALSE
Stambpl1	chr19	FALSE	TRUE
Stard10	chr7	FALSE	TRUE
Stard13	chr5	FALSE	FALSE
Stard3	chr11	FALSE	FALSE
Stard3nl	chr13	FALSE	TRUE
Stard4	chr18	FALSE	TRUE
Stard8	chrX	FALSE	FALSE
Stat1	chr1	FALSE	TRUE
Stat2	chr10	FALSE	TRUE
Stat3	chr11	TRUE	FALSE
Stat4	chr1	FALSE	FALSE
Stat5a	chr11	FALSE	FALSE
Stat6	chr10	FALSE	TRUE
Stbd1	chr5	FALSE	FALSE
Stc1	chr14	FALSE	FALSE
Stc2	chr11	FALSE	TRUE
Steap1	chr5	FALSE	TRUE
Steap2	chr5	FALSE	TRUE
Steap3	chr1	FALSE	FALSE
Steap4	chr5	FALSE	TRUE
Stil	chr4	TRUE	TRUE
Stim1	chr7	TRUE	TRUE
Stim2	chr5	FALSE	TRUE
Stimate	chr14	FALSE	TRUE
Sting1	chr18	FALSE	TRUE
Stk10	chr11	FALSE	TRUE
Stk11	chr10	TRUE	FALSE
Stk17b	chr1	FALSE	TRUE
Stk24	chr14	TRUE	FALSE
Stk25	chr1	TRUE	TRUE
Stk26	chrX	FALSE	TRUE
Stk3	chr15	TRUE	TRUE
Stk32a	chr18	FALSE	FALSE
Stk32b	chr5	FALSE	TRUE
Stk32c	chr7	FALSE	FALSE
Stk33	chr7	FALSE	FALSE
Stk35	chr2	FALSE	TRUE
Stk39	chr2	FALSE	TRUE
Stk40	chr4	FALSE	TRUE
Stmn1	chr4	TRUE	TRUE
Stmn2	chr3	TRUE	TRUE
Stmn4	chr14	TRUE	TRUE
Stmnd1	chr13	TRUE	FALSE
Stn1	chr19	FALSE	TRUE
Stom	chr2	FALSE	TRUE
Stoml3	chr3	FALSE	FALSE
Ston2	chr12	TRUE	FALSE
Stox2	chr8	FALSE	TRUE
Stpg2	chr3	FALSE	TRUE
Stra6	chr9	TRUE	FALSE
Stra6l	chr4	FALSE	TRUE
Stra8	chr6	FALSE	TRUE
Stradb	chr1	FALSE	TRUE
Strbp	chr2	FALSE	TRUE
Strc	chr2	TRUE	FALSE
Strip2	chr6	FALSE	TRUE
Strit1	chr3	TRUE	FALSE
Strn	chr17	TRUE	TRUE
Stt3b	chr9	FALSE	TRUE
Stub1	chr17	FALSE	FALSE
Stum	chr1	FALSE	FALSE
Stx11	chr10	TRUE	TRUE
Stx16	chr2	FALSE	TRUE
Stx18	chr5	FALSE	TRUE
Stx1a	chr5	TRUE	FALSE
Stx2	chr5	TRUE	FALSE
Stx6	chr1	TRUE	TRUE
Stx7	chr10	TRUE	TRUE
Stxbp5	chr10	TRUE	TRUE
Stxbp5l	chr16	TRUE	TRUE
Stxbp6	chr12	FALSE	TRUE
Styk1	chr6	FALSE	TRUE
Sub1	chr15	FALSE	TRUE
Sucla2	chr14	FALSE	TRUE
Suclg1	chr6	FALSE	TRUE
Sucnr1	chr3	FALSE	TRUE
Suco	chr1	FALSE	TRUE
Suds3	chr5	FALSE	FALSE
Sufu	chr19	TRUE	TRUE
Sugct	chr13	FALSE	TRUE
Sulf1	chr1	TRUE	FALSE
Sulf2	chr2	TRUE	TRUE
Sult2b1	chr7	FALSE	FALSE
Sult4a1	chr15	TRUE	FALSE
Sult6b2	chr6	FALSE	TRUE
Sun5	chr2	FALSE	FALSE
Susd1	chr4	FALSE	TRUE
Susd2	chr10	FALSE	TRUE
Susd3	chr13	FALSE	FALSE
Susd4	chr1	TRUE	TRUE
Susd6	chr12	FALSE	TRUE
Sv2b	chr7	TRUE	TRUE
Sv2c	chr13	TRUE	TRUE
Svep1	chr4	FALSE	TRUE
Svil	chr18	FALSE	TRUE
Svip	chr7	FALSE	TRUE
Swap70	chr7	FALSE	FALSE
Swt1	chr1	FALSE	TRUE
Sybu	chr15	TRUE	TRUE
Syde1	chr10	TRUE	TRUE
Syde2	chr3	FALSE	TRUE
Syf2	chr4	FALSE	TRUE
Syk	chr13	FALSE	FALSE
Sympk	chr7	FALSE	FALSE
Syn2	chr6	TRUE	TRUE
Syn3	chr10	TRUE	TRUE
Sync	chr4	FALSE	FALSE
Syncrip	chr9	FALSE	TRUE
Syndig1	chr2	TRUE	TRUE
Syndig1l	chr12	FALSE	FALSE
Syne1	chr10	FALSE	TRUE
Syne2	chr12	TRUE	TRUE
Syne3	chr12	FALSE	FALSE
Syngr1	chr15	TRUE	FALSE
Syngr2	chr11	TRUE	FALSE
Synj2	chr17	TRUE	FALSE
Synm	chr7	TRUE	FALSE
Synpo	chr18	TRUE	FALSE
Synpo2	chr3	FALSE	TRUE
Synpo2l	chr14	FALSE	TRUE
Synpr	chr14	TRUE	TRUE
Sypl2	chr3	FALSE	TRUE
Syt1	chr10	TRUE	TRUE
Syt13	chr2	TRUE	FALSE
Syt14	chr1	FALSE	TRUE
Syt15	chr14	FALSE	FALSE
Syt16	chr12	FALSE	TRUE
Syt17	chr7	TRUE	FALSE
Syt2	chr1	TRUE	FALSE
Syt4	chr18	TRUE	TRUE
Syt6	chr3	TRUE	TRUE
Syt7	chr19	TRUE	FALSE
Syt8	chr7	TRUE	TRUE
Syt9	chr7	TRUE	TRUE
Sytl2	chr7	FALSE	TRUE
T	chr17	TRUE	FALSE
T2	chr17	TRUE	FALSE
Taar3	chr10	TRUE	TRUE
Taar4	chr10	TRUE	TRUE
Taar5	chr10	TRUE	TRUE
Taar6	chr10	FALSE	FALSE
Taar7b	chr10	FALSE	FALSE
Taar7f	chr10	TRUE	FALSE
Tac1	chr6	TRUE	FALSE
Tac2	chr10	FALSE	FALSE
Tac4	chr11	TRUE	FALSE
Tacc1	chr8	TRUE	FALSE
Tacc2	chr7	TRUE	FALSE
Tacc3	chr5	TRUE	TRUE
Tacr1	chr6	TRUE	TRUE
Tacstd2	chr6	FALSE	FALSE
Tada1	chr1	FALSE	TRUE
Tada2b	chr5	FALSE	TRUE
Taf11	chr17	FALSE	FALSE
Taf3	chr2	FALSE	TRUE
Taf4	chr2	FALSE	FALSE
Taf4b	chr18	FALSE	TRUE
Taf7l2	chr10	FALSE	TRUE
Taf8	chr17	FALSE	TRUE
Tafa1	chr6	TRUE	TRUE
Tafa2	chr10	TRUE	FALSE
Tafa3	chr3	TRUE	FALSE
Tafa5	chr15	FALSE	FALSE
Tagln2	chr1	FALSE	FALSE
Tagln3	chr16	FALSE	TRUE
Tal1	chr4	TRUE	FALSE
Tal2	chr4	TRUE	FALSE
Tamm41	chr6	FALSE	TRUE
Tanc1	chr2	TRUE	TRUE
Tanc2	chr11	TRUE	TRUE
Tango2	chr16	FALSE	TRUE
Tank	chr2	FALSE	TRUE
Taok3	chr5	TRUE	TRUE
Tap2	chr17	FALSE	FALSE
Tapbp	chr17	FALSE	TRUE
Tapt1	chr5	FALSE	TRUE
Tarbp1	chr8	FALSE	TRUE
Tas1r2	chr4	TRUE	FALSE
Tas2r118	chr6	TRUE	TRUE
Tas2r119	chr15	TRUE	FALSE
Tas2r134	chr2	TRUE	FALSE
Tasp1	chr2	FALSE	TRUE
Tbata	chr10	FALSE	TRUE
Tbc1d1	chr5	FALSE	FALSE
Tbc1d10a	chr11	FALSE	TRUE
Tbc1d14	chr5	FALSE	TRUE
Tbc1d15	chr10	FALSE	TRUE
Tbc1d16	chr11	FALSE	FALSE
Tbc1d19	chr5	FALSE	TRUE
Tbc1d2	chr4	FALSE	TRUE
Tbc1d21	chr9	TRUE	FALSE
Tbc1d22a	chr15	FALSE	TRUE
Tbc1d22b	chr17	FALSE	FALSE
Tbc1d24	chr17	TRUE	TRUE
Tbc1d2b	chr9	FALSE	TRUE
Tbc1d30	chr10	FALSE	TRUE
Tbc1d31	chr15	FALSE	TRUE
Tbc1d4	chr14	FALSE	TRUE
Tbc1d7	chr13	FALSE	TRUE
Tbc1d8	chr1	FALSE	TRUE
Tbc1d8b	chrX	FALSE	TRUE
Tbc1d9	chr8	FALSE	TRUE
Tbc1d9b	chr11	FALSE	FALSE
Tbca	chr13	FALSE	TRUE
Tbcd	chr11	TRUE	TRUE
Tbcel	chr9	FALSE	TRUE
Tbck	chr3	FALSE	TRUE
Tbl1xr1	chr3	FALSE	TRUE
Tbl2	chr5	FALSE	FALSE
Tbpl1	chr10	FALSE	TRUE
Tbr1	chr2	TRUE	FALSE
Tbx1	chr16	TRUE	FALSE
Tbx15	chr3	FALSE	FALSE
Tbx18	chr9	TRUE	FALSE
Tbx19	chr1	TRUE	TRUE
Tbx2	chr11	TRUE	FALSE
Tbx20	chr9	TRUE	FALSE
Tbx21	chr11	FALSE	FALSE
Tbx3	chr5	TRUE	FALSE
Tbx4	chr11	FALSE	FALSE
Tbx5	chr5	FALSE	FALSE
Tbxas1	chr6	FALSE	FALSE
Tc2n	chr12	FALSE	FALSE
Tcaf1	chr6	FALSE	TRUE
Tcaf2	chr6	FALSE	TRUE
Tcea1	chr1	FALSE	TRUE
Tcea2	chr2	FALSE	TRUE
Tcea3	chr4	FALSE	FALSE
Tcerg1	chr18	FALSE	TRUE
Tcerg1l	chr7	FALSE	FALSE
Tcf12	chr9	TRUE	TRUE
Tcf15	chr2	TRUE	FALSE
Tcf19	chr17	FALSE	FALSE
Tcf20	chr15	FALSE	FALSE
Tcf21	chr10	FALSE	FALSE
Tcf24	chr1	FALSE	FALSE
Tcf3	chr10	TRUE	FALSE
Tcf4	chr18	TRUE	TRUE
Tcf7	chr11	TRUE	FALSE
Tcf7l1	chr6	FALSE	FALSE
Tcf7l2	chr19	TRUE	TRUE
Tchh	chr3	FALSE	FALSE
Tchhl1	chr3	FALSE	FALSE
Tcim	chr8	FALSE	FALSE
Tcl1	chr12	FALSE	FALSE
Tcl1b2	chr12	FALSE	FALSE
Tcl1b4	chr12	FALSE	TRUE
Tcof1	chr18	FALSE	FALSE
Tcp11	chr17	FALSE	FALSE
Tcp11l2	chr10	FALSE	TRUE
Tcte2	chr17	FALSE	TRUE
Tdh	chr14	FALSE	TRUE
Tdo2	chr3	FALSE	TRUE
Tdp1	chr12	FALSE	TRUE
Tdrd3	chr14	FALSE	TRUE
Tdrd5	chr1	FALSE	TRUE
Tdrd6	chr17	FALSE	FALSE
Tdrd7	chr4	FALSE	TRUE
Tdrkh	chr3	FALSE	TRUE
Tdrp	chr8	FALSE	TRUE
Tead1	chr7	FALSE	FALSE
Tead2	chr7	TRUE	FALSE
Tead3	chr17	TRUE	FALSE
Tead4	chr6	FALSE	FALSE
Tec	chr5	FALSE	TRUE
Tecpr1	chr5	FALSE	FALSE
Tecr	chr8	FALSE	TRUE
Tecrl	chr5	FALSE	TRUE
Tedc1	chr12	FALSE	TRUE
Teddm1a	chr1	FALSE	TRUE
Tef	chr15	FALSE	TRUE
Tekt1	chr11	FALSE	FALSE
Tekt4	chr17	FALSE	FALSE
Tenm2	chr11	TRUE	TRUE
Tenm3	chr8	TRUE	TRUE
Tenm4	chr7	TRUE	TRUE
Tent4a	chr13	FALSE	TRUE
Tent5a	chr9	FALSE	TRUE
Tent5b	chr4	FALSE	FALSE
Tent5d	chrX	FALSE	TRUE
Terb1	chr8	FALSE	TRUE
Terf1	chr1	FALSE	TRUE
Terf2ip	chr8	FALSE	FALSE
Tert	chr13	TRUE	TRUE
Tes	chr6	FALSE	TRUE
Tesc	chr5	FALSE	FALSE
Tesk2	chr4	FALSE	TRUE
Tet1	chr10	TRUE	FALSE
Tet2	chr3	FALSE	TRUE
Tet3	chr6	FALSE	TRUE
Tex10	chr4	FALSE	TRUE
Tex13b	chrX	FALSE	FALSE
Tex15	chr8	TRUE	FALSE
Tex2	chr11	FALSE	FALSE
Tex22	chr12	FALSE	TRUE
Tex26	chr5	FALSE	TRUE
Tex264	chr9	FALSE	TRUE
Tex29	chr8	FALSE	FALSE
Tex35	chr1	FALSE	TRUE
Tex36	chr7	FALSE	TRUE
Tex44	chr1	FALSE	TRUE
Tex50	chr1	FALSE	TRUE
Tex52	chr6	FALSE	TRUE
Tfap2a	chr13	TRUE	FALSE
Tfap2b	chr1	TRUE	FALSE
Tfap2c	chr2	TRUE	FALSE
Tfap2d	chr1	TRUE	FALSE
Tfap2e	chr4	FALSE	FALSE
Tfap4	chr16	TRUE	TRUE
Tfcp2l1	chr1	FALSE	TRUE
Tfdp1	chr8	FALSE	TRUE
Tfdp2	chr9	FALSE	TRUE
Tfeb	chr17	FALSE	TRUE
Tff3	chr17	FALSE	TRUE
Tfr2	chr5	TRUE	TRUE
Tg	chr15	TRUE	FALSE
Tgds	chr14	FALSE	TRUE
Tgfa	chr6	FALSE	FALSE
Tgfb1	chr7	TRUE	FALSE
Tgfb1i1	chr7	FALSE	TRUE
Tgfb2	chr1	TRUE	FALSE
Tgfb3	chr12	TRUE	TRUE
Tgfbi	chr13	FALSE	FALSE
Tgfbr1	chr4	TRUE	FALSE
Tgfbr3	chr5	FALSE	FALSE
Tgfbrap1	chr1	FALSE	TRUE
Tgif1	chr17	TRUE	FALSE
Tgif2	chr2	TRUE	FALSE
Tgm1	chr14	FALSE	FALSE
Tgm2	chr2	TRUE	TRUE
Tgm3	chr2	TRUE	TRUE
Tgm6	chr2	FALSE	TRUE
Th	chr7	TRUE	FALSE
Tha1	chr11	FALSE	TRUE
Thada	chr17	FALSE	TRUE
Thap1	chr8	FALSE	TRUE
Thap12	chr7	FALSE	TRUE
Thbd	chr2	FALSE	FALSE
Thbs1	chr2	TRUE	FALSE
Thbs2	chr17	TRUE	TRUE
Thbs4	chr13	TRUE	TRUE
Them6	chr15	FALSE	TRUE
Them7	chr2	FALSE	TRUE
Themis	chr10	FALSE	TRUE
Themis3	chr17	FALSE	TRUE
Thnsl1	chr2	FALSE	TRUE
Thnsl2	chr6	FALSE	TRUE
Thoc6	chr17	TRUE	TRUE
Thoc7	chr14	FALSE	TRUE
Thop1	chr10	FALSE	FALSE
Thpo	chr16	FALSE	TRUE
Thrb	chr14	TRUE	TRUE
Thrsp	chr7	FALSE	TRUE
Thsd4	chr9	FALSE	TRUE
Thsd7a	chr6	FALSE	TRUE
Thsd7b	chr1	FALSE	TRUE
Thtpa	chr14	FALSE	TRUE
Thumpd2	chr17	FALSE	TRUE
Thy1	chr9	TRUE	FALSE
Tiam1	chr16	TRUE	TRUE
Tiam2	chr17	TRUE	TRUE
Ticam2	chr18	TRUE	TRUE
Ticrr	chr7	FALSE	TRUE
Tifa	chr3	FALSE	TRUE
Tigar	chr6	FALSE	TRUE
Tigd2	chr6	FALSE	TRUE
Tigd3	chr19	FALSE	FALSE
Tigd5	chr15	FALSE	TRUE
Tigit	chr16	FALSE	TRUE
Timm13	chr10	FALSE	FALSE
Timm21	chr18	FALSE	TRUE
Timm22	chr11	FALSE	FALSE
Timp2	chr11	TRUE	FALSE
Timp3	chr10	FALSE	FALSE
Tinagl1	chr4	FALSE	FALSE
Tiparp	chr3	FALSE	TRUE
Tiprl	chr1	FALSE	TRUE
Tirap	chr9	FALSE	TRUE
Tjp1	chr7	TRUE	FALSE
Tjp2	chr19	FALSE	TRUE
Tk1	chr11	FALSE	FALSE
Tk2	chr8	FALSE	TRUE
Tkt	chr14	FALSE	TRUE
Tlcd1	chr11	FALSE	FALSE
Tlcd4	chr3	FALSE	TRUE
Tle1	chr4	FALSE	TRUE
Tle2	chr10	FALSE	TRUE
Tle3	chr9	FALSE	FALSE
Tle4	chr19	FALSE	TRUE
Tle5	chr10	FALSE	FALSE
Tle6	chr10	TRUE	TRUE
Tlk1	chr2	FALSE	TRUE
Tll1	chr8	FALSE	TRUE
Tll2	chr19	FALSE	FALSE
Tln2	chr9	TRUE	FALSE
Tlnrd1	chr7	FALSE	TRUE
Tlr12	chr4	FALSE	FALSE
Tlr2	chr3	TRUE	FALSE
Tlr3	chr8	TRUE	TRUE
Tlr4	chr4	TRUE	TRUE
Tlr5	chr1	FALSE	TRUE
Tlr9	chr9	TRUE	FALSE
Tlx1	chr19	TRUE	FALSE
Tlx2	chr6	TRUE	FALSE
Tlx3	chr11	TRUE	FALSE
Tm2d1	chr4	FALSE	TRUE
Tm4sf1	chr3	FALSE	TRUE
Tm4sf20	chr1	FALSE	TRUE
Tm4sf4	chr3	FALSE	FALSE
Tm6sf1	chr7	FALSE	FALSE
Tm9sf3	chr19	FALSE	FALSE
Tm9sf4	chr2	FALSE	TRUE
Tmbim1	chr1	TRUE	TRUE
Tmc1	chr19	TRUE	TRUE
Tmc3	chr7	FALSE	TRUE
Tmc5	chr7	FALSE	TRUE
Tmc6	chr11	FALSE	FALSE
Tmc8	chr11	FALSE	FALSE
Tmcc1	chr6	FALSE	FALSE
Tmcc2	chr1	FALSE	FALSE
Tmcc3	chr10	FALSE	TRUE
Tmco4	chr4	FALSE	FALSE
Tmco5	chr2	FALSE	FALSE
Tmed3	chr9	FALSE	TRUE
Tmeff1	chr4	FALSE	TRUE
Tmeff2	chr1	FALSE	TRUE
Tmem100	chr11	TRUE	FALSE
Tmem101	chr11	FALSE	FALSE
Tmem106b	chr6	TRUE	TRUE
Tmem106c	chr15	FALSE	FALSE
Tmem108	chr9	TRUE	FALSE
Tmem114	chr16	FALSE	FALSE
Tmem117	chr15	FALSE	TRUE
Tmem120a	chr5	TRUE	TRUE
Tmem120b	chr5	FALSE	TRUE
Tmem121	chr12	FALSE	TRUE
Tmem121b	chr6	FALSE	FALSE
Tmem123	chr9	FALSE	TRUE
Tmem126b	chr7	FALSE	TRUE
Tmem131	chr1	FALSE	TRUE
Tmem131l	chr3	FALSE	TRUE
Tmem132a	chr19	FALSE	TRUE
Tmem132b	chr5	FALSE	FALSE
Tmem132c	chr5	FALSE	TRUE
Tmem132d	chr5	FALSE	FALSE
Tmem132e	chr11	TRUE	FALSE
Tmem135	chr7	FALSE	TRUE
Tmem141	chr2	FALSE	TRUE
Tmem144	chr3	FALSE	TRUE
Tmem145	chr7	FALSE	FALSE
Tmem14a	chr1	FALSE	TRUE
Tmem150a	chr6	FALSE	FALSE
Tmem150c	chr5	TRUE	TRUE
Tmem151b	chr17	FALSE	FALSE
Tmem154	chr3	FALSE	TRUE
Tmem156	chr5	FALSE	TRUE
Tmem158	chr9	FALSE	FALSE
Tmem161a	chr8	FALSE	FALSE
Tmem161b	chr13	FALSE	TRUE
Tmem163	chr1	TRUE	TRUE
Tmem164	chrX	FALSE	TRUE
Tmem165	chr5	FALSE	TRUE
Tmem17	chr11	FALSE	TRUE
Tmem170	chr8	FALSE	TRUE
Tmem170b	chr13	FALSE	TRUE
Tmem171	chr13	FALSE	FALSE
Tmem174	chr13	FALSE	TRUE
Tmem176b	chr6	TRUE	FALSE
Tmem177	chr1	FALSE	TRUE
Tmem178	chr17	FALSE	TRUE
Tmem178b	chr6	FALSE	TRUE
Tmem179	chr12	FALSE	FALSE
Tmem18	chr12	FALSE	TRUE
Tmem182	chr1	FALSE	FALSE
Tmem183a	chr1	FALSE	TRUE
Tmem184b	chr15	FALSE	TRUE
Tmem184c	chr8	FALSE	TRUE
Tmem185b	chr1	FALSE	TRUE
Tmem190	chr7	FALSE	TRUE
Tmem192	chr8	FALSE	TRUE
Tmem196	chr12	FALSE	FALSE
Tmem198b	chr10	FALSE	TRUE
Tmem200a	chr10	FALSE	FALSE
Tmem200b	chr4	FALSE	FALSE
Tmem200c	chr17	FALSE	FALSE
Tmem201	chr4	FALSE	TRUE
Tmem204	chr17	FALSE	TRUE
Tmem209	chr6	FALSE	TRUE
Tmem212	chr3	FALSE	FALSE
Tmem220	chr11	FALSE	TRUE
Tmem221	chr8	FALSE	FALSE
Tmem222	chr4	FALSE	FALSE
Tmem229a	chr6	FALSE	TRUE
Tmem229b	chr12	FALSE	TRUE
Tmem232	chr17	FALSE	TRUE
Tmem236	chr2	FALSE	TRUE
Tmem238l	chr11	FALSE	TRUE
Tmem240	chr4	FALSE	FALSE
Tmem241	chr18	FALSE	FALSE
Tmem243	chr5	FALSE	TRUE
Tmem245	chr4	FALSE	TRUE
Tmem247	chr17	FALSE	FALSE
Tmem25	chr9	TRUE	FALSE
Tmem255a	chrX	FALSE	FALSE
Tmem255b	chr8	FALSE	FALSE
Tmem256	chr11	FALSE	TRUE
Tmem260	chr14	FALSE	FALSE
Tmem270	chr5	FALSE	FALSE
Tmem30b	chr12	FALSE	FALSE
Tmem33	chr5	FALSE	TRUE
Tmem35a	chrX	FALSE	TRUE
Tmem37	chr1	FALSE	FALSE
Tmem38b	chr4	FALSE	TRUE
Tmem41a	chr16	FALSE	TRUE
Tmem42	chr9	FALSE	TRUE
Tmem44	chr16	FALSE	FALSE
Tmem45b	chr9	FALSE	TRUE
Tmem47	chrX	FALSE	TRUE
Tmem50b	chr16	FALSE	TRUE
Tmem52	chr4	FALSE	FALSE
Tmem59l	chr8	FALSE	FALSE
Tmem60	chr5	FALSE	TRUE
Tmem61	chr4	FALSE	FALSE
Tmem63a	chr1	FALSE	FALSE
Tmem63c	chr12	FALSE	TRUE
Tmem64	chr4	FALSE	TRUE
Tmem65	chr15	FALSE	TRUE
Tmem72	chr6	FALSE	FALSE
Tmem74	chr15	FALSE	TRUE
Tmem74b	chr2	FALSE	FALSE
Tmem82	chr4	FALSE	FALSE
Tmem86a	chr7	FALSE	TRUE
Tmem8b	chr4	FALSE	FALSE
Tmem9	chr1	FALSE	TRUE
Tmem91	chr7	FALSE	FALSE
Tmem94	chr11	FALSE	FALSE
Tmem95	chr11	FALSE	TRUE
Tmem98	chr11	TRUE	FALSE
Tmie	chr9	TRUE	FALSE
Tmod1	chr4	FALSE	FALSE
Tmppe	chr9	FALSE	TRUE
Tmprss11a	chr5	FALSE	TRUE
Tmprss11d	chr5	FALSE	TRUE
Tmprss11g	chr5	FALSE	TRUE
Tmprss13	chr9	FALSE	FALSE
Tmprss15	chr16	FALSE	TRUE
Tmprss2	chr16	FALSE	TRUE
Tmprss3	chr17	TRUE	TRUE
Tmprss4	chr9	FALSE	FALSE
Tmprss6	chr15	FALSE	TRUE
Tmprss7	chr16	FALSE	TRUE
Tmsb10	chr6	FALSE	TRUE
Tmsb4x	chrX	FALSE	TRUE
Tmtc1	chr6	FALSE	TRUE
Tmtc2	chr10	FALSE	TRUE
Tmtc4	chr14	TRUE	TRUE
Tmx1	chr12	FALSE	TRUE
Tmx4	chr2	FALSE	TRUE
Tnc	chr4	TRUE	FALSE
Tnfaip2	chr12	FALSE	FALSE
Tnfaip3	chr10	FALSE	TRUE
Tnfaip6	chr2	FALSE	FALSE
Tnfaip8	chr18	FALSE	TRUE
Tnfaip8l1	chr17	FALSE	TRUE
Tnfaip8l3	chr9	FALSE	FALSE
Tnfrsf11a	chr1	FALSE	FALSE
Tnfrsf11b	chr15	FALSE	FALSE
Tnfrsf13b	chr11	FALSE	FALSE
Tnfrsf13c	chr15	FALSE	FALSE
Tnfrsf14	chr4	FALSE	FALSE
Tnfrsf18	chr4	FALSE	FALSE
Tnfrsf19	chr14	FALSE	FALSE
Tnfrsf1a	chr6	TRUE	FALSE
Tnfrsf1b	chr4	TRUE	FALSE
Tnfrsf21	chr17	TRUE	TRUE
Tnfrsf23	chr7	TRUE	FALSE
Tnfrsf25	chr4	FALSE	FALSE
Tnfsf11	chr14	FALSE	FALSE
Tnfsf13	chr11	FALSE	TRUE
Tnfsf13b	chr8	FALSE	TRUE
Tnfsf15	chr4	FALSE	TRUE
Tnfsf18	chr1	TRUE	TRUE
Tnfsf8	chr4	FALSE	TRUE
Tnik	chr3	TRUE	TRUE
Tnip1	chr11	FALSE	FALSE
Tnip2	chr5	FALSE	FALSE
Tnk2	chr16	FALSE	TRUE
Tnks	chr8	FALSE	TRUE
Tnks1bp1	chr2	FALSE	TRUE
Tnks2	chr19	FALSE	TRUE
Tnn	chr1	TRUE	TRUE
Tnni1	chr1	TRUE	FALSE
Tnni3	chr7	TRUE	TRUE
Tnni3k	chr3	FALSE	TRUE
Tnnt2	chr1	FALSE	FALSE
Tnnt3	chr7	TRUE	FALSE
Tnp2	chr16	FALSE	FALSE
Tnpo1	chr13	FALSE	TRUE
Tnpo2	chr8	FALSE	TRUE
Tnr	chr1	TRUE	TRUE
Tnrc18	chr5	FALSE	FALSE
Tnrc6a	chr7	FALSE	FALSE
Tnrc6b	chr15	FALSE	TRUE
Tns1	chr1	FALSE	FALSE
Tns2	chr15	FALSE	FALSE
Tns3	chr11	FALSE	FALSE
Tnxb	chr17	TRUE	FALSE
Tob1	chr11	FALSE	TRUE
Tob2	chr15	FALSE	TRUE
Togaram1	chr12	TRUE	TRUE
Togaram2	chr17	FALSE	FALSE
Tom1	chr8	FALSE	TRUE
Tom1l1	chr11	FALSE	TRUE
Tom1l2	chr11	FALSE	TRUE
Tomm20l	chr12	FALSE	TRUE
Tomm40	chr7	FALSE	TRUE
Tomm40l	chr1	FALSE	TRUE
Top1	chr2	FALSE	FALSE
Top1mt	chr15	FALSE	TRUE
Top2b	chr14	TRUE	TRUE
Tor3a	chr1	FALSE	TRUE
Tor4a	chr2	FALSE	TRUE
Tox	chr4	TRUE	FALSE
Tox2	chr2	FALSE	FALSE
Tox3	chr8	TRUE	TRUE
Tpbg	chr9	TRUE	FALSE
Tpbgl	chr7	FALSE	FALSE
Tpcn1	chr5	FALSE	FALSE
Tpcn2	chr7	FALSE	FALSE
Tpd52	chr3	FALSE	TRUE
Tpd52l1	chr10	FALSE	TRUE
Tph2	chr10	FALSE	TRUE
Tpk1	chr6	FALSE	TRUE
Tpm1	chr9	FALSE	TRUE
Tpm2	chr4	FALSE	TRUE
Tpm4	chr8	FALSE	TRUE
Tpo	chr12	FALSE	FALSE
Tpp1	chr7	TRUE	TRUE
Tpp2	chr1	FALSE	TRUE
Tppp	chr13	TRUE	TRUE
Tppp3	chr8	FALSE	TRUE
Tpr	chr1	FALSE	TRUE
Tpra1	chr6	FALSE	TRUE
Tprn	chr2	TRUE	TRUE
Tpst1	chr5	FALSE	FALSE
Tpst2	chr5	FALSE	TRUE
Tpt1	chr14	FALSE	TRUE
Tra2a	chr6	FALSE	TRUE
Trabd2b	chr4	FALSE	TRUE
Tradd	chr8	FALSE	FALSE
Traf3	chr12	FALSE	TRUE
Traf3ip1	chr1	TRUE	TRUE
Traf3ip2	chr10	FALSE	FALSE
Traf3ip3	chr1	FALSE	TRUE
Traf4	chr11	FALSE	FALSE
Traf5	chr1	FALSE	FALSE
Traf6	chr2	TRUE	TRUE
Traf7	chr17	TRUE	FALSE
Traip	chr9	FALSE	FALSE
Trak1	chr9	TRUE	TRUE
Tram1l1	chr3	FALSE	TRUE
Tram2	chr1	FALSE	TRUE
Trappc12	chr12	FALSE	TRUE
Trappc9	chr15	TRUE	TRUE
Treh	chr9	FALSE	FALSE
Trh	chr6	FALSE	FALSE
Trhde	chr10	FALSE	TRUE
Trhr2	chr8	FALSE	TRUE
Trib1	chr15	FALSE	TRUE
Trib2	chr12	FALSE	FALSE
Tril	chr6	FALSE	FALSE
Trim16	chr11	FALSE	TRUE
Trim2	chr3	TRUE	TRUE
Trim23	chr13	FALSE	TRUE
Trim24	chr6	FALSE	TRUE
Trim27	chr13	FALSE	TRUE
Trim29	chr9	FALSE	FALSE
Trim32	chr4	TRUE	TRUE
Trim33	chr3	FALSE	TRUE
Trim35	chr14	FALSE	TRUE
Trim36	chr18	FALSE	FALSE
Trim42	chr9	FALSE	TRUE
Trim45	chr3	FALSE	TRUE
Trim46	chr3	TRUE	TRUE
Trim47	chr11	TRUE	FALSE
Trim52	chr14	FALSE	TRUE
Trim55	chr3	FALSE	TRUE
Trim58	chr11	FALSE	FALSE
Trim59	chr3	FALSE	TRUE
Trim62	chr4	FALSE	FALSE
Trim66	chr7	FALSE	TRUE
Trim67	chr8	TRUE	FALSE
Trim7	chr11	FALSE	TRUE
Trim71	chr9	TRUE	FALSE
Trim72	chr7	FALSE	FALSE
Trim8	chr19	FALSE	TRUE
Trim9	chr12	TRUE	TRUE
Trio	chr15	TRUE	TRUE
Triobp	chr15	TRUE	TRUE
Trip13	chr13	TRUE	TRUE
Triqk	chr4	FALSE	TRUE
Trit1	chr4	FALSE	TRUE
Trmt1	chr8	FALSE	FALSE
Trmt10b	chr4	FALSE	TRUE
Trmt44	chr5	FALSE	FALSE
Trmt61a	chr12	FALSE	TRUE
Trmt9b	chr8	FALSE	TRUE
Trmu	chr15	FALSE	FALSE
Trnp1	chr4	TRUE	FALSE
Trp53bp2	chr1	TRUE	TRUE
Trp53i11	chr2	FALSE	TRUE
Trp53inp2	chr2	FALSE	FALSE
Trp73	chr4	TRUE	TRUE
Trpc1	chr9	TRUE	TRUE
Trpc3	chr3	FALSE	TRUE
Trpc4	chr3	TRUE	FALSE
Trpc4ap	chr2	FALSE	FALSE
Trpc5	chrX	TRUE	TRUE
Trpc5os	chrX	FALSE	TRUE
Trpc6	chr9	TRUE	TRUE
Trpc7	chr13	FALSE	TRUE
Trpm1	chr7	TRUE	TRUE
Trpm2	chr10	TRUE	FALSE
Trpm3	chr19	FALSE	TRUE
Trpm5	chr7	FALSE	FALSE
Trpm6	chr19	FALSE	TRUE
Trpm8	chr1	TRUE	TRUE
Trps1	chr15	FALSE	TRUE
Trpv4	chr5	TRUE	FALSE
Trpv6	chr6	FALSE	FALSE
Trrap	chr5	FALSE	FALSE
Tsc2	chr17	TRUE	FALSE
Tsc22d1	chr14	FALSE	TRUE
Tsc22d2	chr3	FALSE	TRUE
Tsc22d3	chrX	FALSE	TRUE
Tsen15	chr1	FALSE	TRUE
Tsen2	chr6	FALSE	FALSE
Tsga10	chr1	FALSE	TRUE
Tshb	chr3	FALSE	TRUE
Tshr	chr12	TRUE	TRUE
Tshz1	chr18	FALSE	TRUE
Tshz2	chr2	FALSE	TRUE
Tshz3	chr7	TRUE	FALSE
Tsku	chr7	TRUE	FALSE
Tslp	chr18	FALSE	TRUE
Tspan11	chr6	FALSE	FALSE
Tspan12	chr6	FALSE	FALSE
Tspan13	chr12	FALSE	TRUE
Tspan14	chr14	FALSE	TRUE
Tspan15	chr10	FALSE	TRUE
Tspan17	chr13	FALSE	TRUE
Tspan18	chr2	FALSE	TRUE
Tspan2	chr3	TRUE	FALSE
Tspan32	chr7	TRUE	FALSE
Tspan33	chr6	FALSE	TRUE
Tspan4	chr7	FALSE	FALSE
Tspan5	chr3	FALSE	TRUE
Tspan8	chr10	FALSE	FALSE
Tspan9	chr6	FALSE	FALSE
Tspear	chr10	TRUE	FALSE
Tspo	chr15	TRUE	FALSE
Tspoap1	chr11	TRUE	FALSE
Tspyl2	chrX	FALSE	TRUE
Tspyl3	chr2	FALSE	TRUE
Tspyl4	chr10	FALSE	TRUE
Tspyl5	chr15	FALSE	TRUE
Tssc4	chr7	FALSE	FALSE
Tssk1	chr16	FALSE	TRUE
Tssk3	chr4	FALSE	FALSE
Tssk5	chr15	FALSE	TRUE
Tst	chr15	FALSE	TRUE
Tsx	chrX	FALSE	FALSE
Ttc12	chr9	TRUE	TRUE
Ttc13	chr8	FALSE	FALSE
Ttc17	chr2	FALSE	TRUE
Ttc21a	chr9	FALSE	TRUE
Ttc21b	chr2	TRUE	TRUE
Ttc22	chr4	FALSE	FALSE
Ttc24	chr3	FALSE	TRUE
Ttc28	chr5	FALSE	FALSE
Ttc29	chr8	FALSE	TRUE
Ttc3	chr16	TRUE	FALSE
Ttc32	chr12	FALSE	TRUE
Ttc34	chr4	FALSE	FALSE
Ttc39a	chr4	FALSE	FALSE
Ttc39b	chr4	FALSE	TRUE
Ttc39c	chr18	FALSE	TRUE
Ttc41	chr10	FALSE	TRUE
Ttc7	chr17	FALSE	FALSE
Ttc7b	chr12	FALSE	FALSE
Ttc8	chr12	TRUE	TRUE
Ttc9	chr12	FALSE	TRUE
Ttf2	chr3	FALSE	TRUE
Ttll1	chr15	TRUE	TRUE
Ttll11	chr2	FALSE	FALSE
Ttll5	chr12	TRUE	TRUE
Ttll6	chr11	FALSE	FALSE
Ttll7	chr3	TRUE	TRUE
Ttll8	chr15	TRUE	FALSE
Ttn	chr2	TRUE	TRUE
Ttpa	chr4	TRUE	TRUE
Ttr	chr18	FALSE	TRUE
Ttyh1	chr7	TRUE	TRUE
Ttyh3	chr5	FALSE	FALSE
Tub	chr7	TRUE	TRUE
Tuba1b	chr15	FALSE	FALSE
Tuba1c	chr15	FALSE	FALSE
Tuba3b	chr6	FALSE	TRUE
Tuba4a	chr1	FALSE	TRUE
Tuba8	chr6	FALSE	FALSE
Tubb2a	chr13	TRUE	TRUE
Tubb2b	chr13	TRUE	TRUE
Tubb3	chr8	TRUE	FALSE
Tubb4b	chr2	FALSE	FALSE
Tubb6	chr18	FALSE	FALSE
Tubgcp6	chr15	FALSE	TRUE
Tuft1	chr3	FALSE	TRUE
Tulp1	chr17	TRUE	FALSE
Tulp3	chr6	TRUE	TRUE
Tulp4	chr17	FALSE	TRUE
Tunar	chr12	TRUE	TRUE
Tusc1	chr4	FALSE	TRUE
Tusc3	chr8	TRUE	TRUE
Twf2	chr9	TRUE	TRUE
Twist1	chr12	TRUE	FALSE
Twist2	chr1	FALSE	FALSE
Twsg1	chr17	TRUE	TRUE
Txk	chr5	FALSE	TRUE
Txn1	chr4	FALSE	TRUE
Txndc2	chr17	FALSE	TRUE
Txndc5	chr13	FALSE	TRUE
Txndc8	chr4	FALSE	TRUE
Txnip	chr3	FALSE	TRUE
Txnl1	chr18	FALSE	FALSE
Txnrd2	chr16	FALSE	TRUE
Txnrd3	chr6	FALSE	TRUE
Tymp	chr15	TRUE	TRUE
Tyms	chr5	FALSE	TRUE
Tyro3	chr2	TRUE	FALSE
Tyrp1	chr4	FALSE	TRUE
Tyw3	chr3	FALSE	TRUE
Tyw5	chr1	FALSE	TRUE
U2surp	chr9	FALSE	TRUE
Uaca	chr9	FALSE	FALSE
Uap1	chr1	FALSE	TRUE
Uap1l1	chr2	FALSE	FALSE
Uba3	chr6	FALSE	TRUE
Ubac1	chr2	FALSE	FALSE
Ubash3a	chr17	FALSE	FALSE
Ubash3b	chr9	FALSE	FALSE
Ube2d1	chr10	FALSE	TRUE
Ube2e1	chr14	FALSE	TRUE
Ube2e2	chr14	FALSE	TRUE
Ube2e3	chr2	FALSE	TRUE
Ube2f	chr1	FALSE	TRUE
Ube2h	chr6	FALSE	FALSE
Ube2m	chr7	TRUE	TRUE
Ube2n	chr10	TRUE	TRUE
Ube2o	chr11	FALSE	FALSE
Ube2q1	chr3	FALSE	FALSE
Ube2ql1	chr13	FALSE	TRUE
Ube2t	chr1	FALSE	TRUE
Ube2u	chr4	FALSE	TRUE
Ube2v1	chr2	FALSE	TRUE
Ube2w	chr1	FALSE	TRUE
Ubiad1	chr4	FALSE	FALSE
Ubl3	chr5	FALSE	TRUE
Ubl4b	chr3	FALSE	FALSE
Ubn1	chr16	FALSE	FALSE
Ubr4	chr4	FALSE	FALSE
Ubtd1	chr19	FALSE	TRUE
Ubtd2	chr11	FALSE	FALSE
Ubxn10	chr4	FALSE	FALSE
Ubxn11	chr4	FALSE	TRUE
Ubxn2b	chr4	FALSE	TRUE
Uchl1	chr5	TRUE	TRUE
Uchl3	chr14	FALSE	TRUE
Uck2	chr1	FALSE	FALSE
Uckl1	chr2	FALSE	TRUE
Ucma	chr2	FALSE	TRUE
Ucn	chr5	TRUE	FALSE
Ucp1	chr8	FALSE	FALSE
Ucp2	chr7	TRUE	FALSE
Ucp3	chr7	FALSE	FALSE
Ufl1	chr4	TRUE	TRUE
Ufm1	chr3	TRUE	TRUE
Ufsp2	chr8	FALSE	TRUE
Ugdh	chr5	TRUE	TRUE
Uggt2	chr14	FALSE	TRUE
Ugp2	chr11	TRUE	TRUE
Ugt1a2	chr1	FALSE	TRUE
Uhrf1	chr17	FALSE	FALSE
Uhrf2	chr19	FALSE	TRUE
Ulbp1	chr10	FALSE	FALSE
Ulk1	chr5	TRUE	TRUE
Ulk3	chr9	FALSE	FALSE
Ulk4	chr9	TRUE	FALSE
Umad1	chr6	FALSE	TRUE
Umodl1	chr17	FALSE	FALSE
Unc13a	chr8	TRUE	TRUE
Unc13b	chr4	TRUE	TRUE
Unc13c	chr9	TRUE	TRUE
Unc13d	chr11	FALSE	FALSE
Unc45a	chr7	FALSE	TRUE
Unc45b	chr11	FALSE	FALSE
Unc5a	chr13	TRUE	FALSE
Unc5b	chr10	TRUE	FALSE
Unc5c	chr3	TRUE	TRUE
Unc5cl	chr17	FALSE	TRUE
Unc5d	chr8	TRUE	TRUE
Unc79	chr12	FALSE	TRUE
Uncx	chr5	TRUE	FALSE
Ung	chr5	FALSE	FALSE
Uox	chr3	FALSE	TRUE
Upb1	chr10	FALSE	TRUE
Upk2	chr9	FALSE	FALSE
Upk3a	chr15	FALSE	TRUE
Upp1	chr11	FALSE	FALSE
Upp2	chr2	FALSE	TRUE
Uprt	chrX	FALSE	TRUE
Uqcc2	chr17	FALSE	FALSE
Urad	chr5	FALSE	FALSE
Urb1	chr16	FALSE	TRUE
Urb2	chr8	FALSE	TRUE
Uri1	chr7	FALSE	TRUE
Uroc1	chr6	FALSE	TRUE
Usb1	chr8	FALSE	TRUE
Ush1c	chr7	TRUE	FALSE
Ush1g	chr11	TRUE	FALSE
Ush2a	chr1	TRUE	TRUE
Uso1	chr5	FALSE	TRUE
Usp1	chr4	FALSE	TRUE
Usp10	chr8	FALSE	FALSE
Usp12	chr5	FALSE	TRUE
Usp13	chr3	FALSE	FALSE
Usp18	chr6	FALSE	FALSE
Usp2	chr9	FALSE	TRUE
Usp20	chr2	TRUE	FALSE
Usp22	chr11	FALSE	FALSE
Usp24	chr4	FALSE	TRUE
Usp25	chr16	FALSE	TRUE
Usp3	chr9	FALSE	FALSE
Usp35	chr7	FALSE	TRUE
Usp42	chr5	FALSE	FALSE
Usp43	chr11	FALSE	FALSE
Usp44	chr10	FALSE	TRUE
Usp46	chr5	TRUE	TRUE
Usp51	chrX	FALSE	TRUE
Usp53	chr3	TRUE	TRUE
Usp6nl	chr2	FALSE	TRUE
Usp7	chr16	FALSE	FALSE
Ust	chr10	TRUE	TRUE
Utf1	chr7	FALSE	FALSE
Utp14a	chrX	FALSE	TRUE
Utp14b	chr1	FALSE	TRUE
Utp18	chr11	FALSE	TRUE
Utp25	chr1	FALSE	TRUE
Utrn	chr10	TRUE	TRUE
Uts2r	chr11	FALSE	FALSE
Uvrag	chr7	FALSE	TRUE
Uvssa	chr5	FALSE	FALSE
Uxs1	chr1	FALSE	TRUE
Vac14	chr8	TRUE	FALSE
Vamp4	chr1	TRUE	TRUE
Vamp8	chr6	FALSE	TRUE
Vangl1	chr3	FALSE	FALSE
Vangl2	chr1	TRUE	TRUE
Vapb	chr2	FALSE	TRUE
Vash1	chr12	FALSE	TRUE
Vash2	chr1	TRUE	FALSE
Vat1l	chr8	FALSE	TRUE
Vav2	chr2	FALSE	FALSE
Vav3	chr3	FALSE	FALSE
Vax1	chr19	TRUE	FALSE
Vcam1	chr3	TRUE	TRUE
Vcan	chr13	TRUE	FALSE
Vcl	chr14	TRUE	TRUE
Vcp	chr4	TRUE	FALSE
Vcpkmt	chr12	FALSE	TRUE
Vdac1	chr11	TRUE	FALSE
Vdr	chr15	FALSE	FALSE
Vegfa	chr17	TRUE	FALSE
Vegfc	chr8	TRUE	TRUE
Veph1	chr3	FALSE	FALSE
Vgf	chr5	TRUE	FALSE
Vgll2	chr10	FALSE	TRUE
Vgll3	chr16	FALSE	FALSE
Vgll4	chr6	FALSE	TRUE
Vill	chr9	FALSE	TRUE
Vim	chr2	TRUE	TRUE
Vinac1	chr2	FALSE	TRUE
Vip	chr10	TRUE	TRUE
Vipr1	chr9	FALSE	FALSE
Vipr2	chr12	FALSE	TRUE
Vit	chr17	TRUE	FALSE
Vldlr	chr19	TRUE	TRUE
Vmn1r40	chr6	TRUE	FALSE
Vopp1	chr6	FALSE	TRUE
Vpreb3	chr10	FALSE	TRUE
Vps13a	chr19	TRUE	TRUE
Vps13d	chr4	FALSE	FALSE
Vps18	chr2	TRUE	TRUE
Vps26a	chr10	FALSE	TRUE
Vps35l	chr7	FALSE	TRUE
Vps37b	chr5	FALSE	FALSE
Vps37c	chr19	FALSE	TRUE
Vps41	chr13	FALSE	TRUE
Vps50	chr6	FALSE	TRUE
Vps53	chr11	FALSE	FALSE
Vps8	chr16	FALSE	TRUE
Vrk1	chr12	TRUE	TRUE
Vrk2	chr11	FALSE	FALSE
Vrtn	chr12	FALSE	FALSE
Vsig10	chr5	FALSE	FALSE
Vsig10l	chr7	FALSE	FALSE
Vsig8	chr1	FALSE	FALSE
Vsir	chr10	FALSE	FALSE
Vsnl1	chr12	FALSE	TRUE
Vstm2a	chr11	FALSE	TRUE
Vstm2l	chr2	TRUE	FALSE
Vstm4	chr14	FALSE	FALSE
Vstm5	chr9	TRUE	FALSE
Vsx1	chr2	TRUE	FALSE
Vsx2	chr12	TRUE	FALSE
Vti1a	chr19	TRUE	FALSE
Vwa1	chr4	FALSE	TRUE
Vwa2	chr19	FALSE	FALSE
Vwa3b	chr1	FALSE	FALSE
Vwa5b1	chr4	FALSE	FALSE
Vwa5b2	chr16	FALSE	FALSE
Vwa7	chr17	FALSE	TRUE
Vwa8	chr14	FALSE	TRUE
Vwc2	chr11	TRUE	FALSE
Vwc2l	chr1	TRUE	TRUE
Vwce	chr19	FALSE	TRUE
Vwf	chr6	FALSE	FALSE
Vxn	chr1	TRUE	TRUE
Wapl	chr14	FALSE	TRUE
Wars2	chr3	FALSE	TRUE
Wasf1	chr10	TRUE	FALSE
Wbp1	chr6	FALSE	TRUE
Wbp1l	chr19	FALSE	FALSE
Wbp2nl	chr15	FALSE	FALSE
Wbp4	chr14	FALSE	TRUE
Wdcp	chr12	FALSE	TRUE
Wdfy1	chr1	FALSE	TRUE
Wdfy2	chr14	FALSE	TRUE
Wdfy4	chr14	FALSE	FALSE
Wdr1	chr5	TRUE	FALSE
Wdr11	chr7	FALSE	FALSE
Wdr17	chr8	FALSE	TRUE
Wdr18	chr10	FALSE	FALSE
Wdr19	chr5	TRUE	TRUE
Wdr25	chr12	FALSE	FALSE
Wdr26	chr1	FALSE	FALSE
Wdr27	chr17	FALSE	TRUE
Wdr3	chr3	FALSE	TRUE
Wdr37	chr13	TRUE	FALSE
Wdr41	chr13	FALSE	TRUE
Wdr43	chr17	FALSE	TRUE
Wdr47	chr3	TRUE	TRUE
Wdr5	chr2	TRUE	FALSE
Wdr6	chr9	FALSE	FALSE
Wdr7	chr18	FALSE	TRUE
Wdr70	chr15	FALSE	FALSE
Wdr86	chr5	FALSE	FALSE
Wdr89	chr12	TRUE	TRUE
Wdr91	chr6	FALSE	TRUE
Wdr95	chr5	FALSE	FALSE
Wdtc1	chr4	FALSE	FALSE
Wee1	chr7	TRUE	TRUE
Wee2	chr6	FALSE	TRUE
Wfdc1	chr8	FALSE	FALSE
Wfdc2	chr2	FALSE	FALSE
Wfdc5	chr2	FALSE	FALSE
Wfikkn2	chr11	FALSE	TRUE
Wfs1	chr5	TRUE	TRUE
Whamm	chr7	FALSE	FALSE
Whrn	chr4	TRUE	TRUE
Wif1	chr10	FALSE	FALSE
Wipf1	chr2	FALSE	FALSE
Wipf3	chr6	FALSE	FALSE
Wipi1	chr11	FALSE	FALSE
Wiz	chr17	FALSE	FALSE
Wls	chr3	TRUE	TRUE
Wnk2	chr13	FALSE	TRUE
Wnk4	chr11	FALSE	FALSE
Wnt1	chr15	TRUE	FALSE
Wnt10a	chr1	TRUE	FALSE
Wnt10b	chr15	TRUE	FALSE
Wnt11	chr7	TRUE	FALSE
Wnt16	chr6	TRUE	FALSE
Wnt2	chr6	TRUE	TRUE
Wnt2b	chr3	TRUE	FALSE
Wnt3	chr11	TRUE	FALSE
Wnt3a	chr11	TRUE	FALSE
Wnt4	chr4	TRUE	FALSE
Wnt5a	chr14	TRUE	FALSE
Wnt5b	chr6	TRUE	TRUE
Wnt6	chr1	TRUE	FALSE
Wnt7a	chr6	TRUE	FALSE
Wnt7b	chr15	TRUE	FALSE
Wnt8a	chr18	TRUE	TRUE
Wnt8b	chr19	TRUE	FALSE
Wnt9a	chr11	TRUE	FALSE
Wnt9b	chr11	TRUE	FALSE
Wrap73	chr4	FALSE	FALSE
Wrnip1	chr13	FALSE	TRUE
Wsb1	chr11	FALSE	TRUE
Wscd1	chr11	FALSE	TRUE
Wscd2	chr5	FALSE	FALSE
Wt1	chr2	FALSE	FALSE
Wwc1	chr11	FALSE	FALSE
Wwc2	chr8	FALSE	FALSE
Wwox	chr8	FALSE	TRUE
Wwp1	chr4	FALSE	TRUE
Wwp2	chr8	FALSE	TRUE
Wwtr1	chr3	FALSE	FALSE
Xcl1	chr1	FALSE	TRUE
Xdh	chr17	FALSE	TRUE
Xirp1	chr9	FALSE	TRUE
Xirp2	chr2	FALSE	TRUE
Xk	chrX	TRUE	TRUE
Xkr4	chr1	FALSE	FALSE
Xkr5	chr8	FALSE	TRUE
Xkr6	chr14	FALSE	TRUE
Xkr7	chr2	FALSE	TRUE
Xkrx	chrX	FALSE	TRUE
Xpa	chr4	FALSE	TRUE
Xpnpep1	chr19	FALSE	TRUE
Xpot	chr10	FALSE	TRUE
Xpr1	chr1	FALSE	TRUE
Xrcc4	chr13	TRUE	TRUE
Xrcc5	chr1	TRUE	TRUE
Xrra1	chr7	FALSE	FALSE
Xxylt1	chr16	FALSE	TRUE
Xylt1	chr7	TRUE	TRUE
Yap1	chr9	TRUE	TRUE
Ybx2	chr11	FALSE	FALSE
Ybx3	chr6	FALSE	TRUE
Yes1	chr5	FALSE	TRUE
Yipf7	chr5	FALSE	TRUE
Yjefn3	chr8	FALSE	TRUE
Ypel2	chr11	FALSE	TRUE
Ypel4	chr2	FALSE	TRUE
Ypel5	chr17	FALSE	FALSE
Ythdc2	chr18	FALSE	TRUE
Ythdf3	chr3	FALSE	TRUE
Ywhah	chr5	TRUE	TRUE
Ywhaq	chr12	FALSE	TRUE
Ywhaz	chr15	TRUE	TRUE
Yy1	chr12	FALSE	TRUE
Zap70	chr1	FALSE	FALSE
Zar1	chr5	FALSE	FALSE
Zbbx	chr3	FALSE	TRUE
Zbed3	chr13	FALSE	TRUE
Zbp1	chr2	FALSE	FALSE
Zbtb10	chr3	FALSE	TRUE
Zbtb16	chr9	TRUE	FALSE
Zbtb17	chr4	FALSE	FALSE
Zbtb18	chr1	TRUE	FALSE
Zbtb20	chr16	FALSE	TRUE
Zbtb24	chr10	FALSE	TRUE
Zbtb38	chr9	FALSE	TRUE
Zbtb40	chr4	FALSE	TRUE
Zbtb41	chr1	FALSE	TRUE
Zbtb42	chr12	FALSE	FALSE
Zbtb43	chr2	FALSE	FALSE
Zbtb46	chr2	TRUE	TRUE
Zbtb48	chr4	FALSE	TRUE
Zbtb5	chr4	FALSE	TRUE
Zbtb7a	chr10	FALSE	FALSE
Zbtb7b	chr3	FALSE	TRUE
Zbtb7c	chr18	FALSE	FALSE
Zc2hc1a	chr3	FALSE	TRUE
Zc2hc1c	chr12	FALSE	FALSE
Zc3h10	chr10	FALSE	TRUE
Zc3h12a	chr4	TRUE	TRUE
Zc3h12c	chr9	FALSE	TRUE
Zc3h13	chr14	FALSE	TRUE
Zc3h3	chr15	FALSE	FALSE
Zc3hav1	chr6	FALSE	FALSE
Zcchc13	chrX	FALSE	FALSE
Zcchc14	chr8	FALSE	FALSE
Zcchc2	chr1	FALSE	TRUE
Zcchc24	chr14	TRUE	FALSE
Zcchc7	chr4	FALSE	TRUE
Zdbf2	chr1	FALSE	FALSE
Zdhhc11	chr13	FALSE	TRUE
Zdhhc12	chr2	TRUE	TRUE
Zdhhc13	chr7	FALSE	TRUE
Zdhhc14	chr17	FALSE	FALSE
Zdhhc17	chr10	TRUE	TRUE
Zdhhc18	chr4	FALSE	TRUE
Zdhhc2	chr8	TRUE	TRUE
Zdhhc22	chr12	FALSE	FALSE
Zdhhc23	chr16	FALSE	TRUE
Zdhhc25	chr15	FALSE	TRUE
Zdhhc7	chr8	FALSE	FALSE
Zdhhc8	chr16	TRUE	TRUE
Zeb1	chr18	TRUE	TRUE
Zeb2	chr2	TRUE	FALSE
Zfand3	chr17	FALSE	FALSE
Zfand5	chr19	FALSE	TRUE
Zfat	chr15	FALSE	TRUE
Zfc3h1	chr10	FALSE	TRUE
Zfhx2	chr14	TRUE	FALSE
Zfhx3	chr8	TRUE	FALSE
Zfhx4	chr3	FALSE	TRUE
Zfp120	chr2	FALSE	TRUE
Zfp131	chr13	FALSE	TRUE
Zfp174	chr16	FALSE	TRUE
Zfp184	chr13	FALSE	TRUE
Zfp185	chrX	FALSE	TRUE
Zfp189	chr4	FALSE	TRUE
Zfp217	chr2	FALSE	FALSE
Zfp219	chr14	FALSE	TRUE
Zfp236	chr18	FALSE	TRUE
Zfp24	chr18	TRUE	TRUE
Zfp251	chr15	FALSE	FALSE
Zfp267	chr3	FALSE	TRUE
Zfp277	chr12	FALSE	TRUE
Zfp280b	chr10	FALSE	TRUE
Zfp281	chr1	FALSE	TRUE
Zfp287	chr11	FALSE	TRUE
Zfp292	chr4	FALSE	TRUE
Zfp316	chr5	FALSE	FALSE
Zfp319	chr8	FALSE	TRUE
Zfp322a	chr13	FALSE	FALSE
Zfp326	chr5	FALSE	TRUE
Zfp36	chr7	FALSE	TRUE
Zfp365	chr10	TRUE	TRUE
Zfp366	chr13	FALSE	TRUE
Zfp36l1	chr12	TRUE	FALSE
Zfp36l2	chr17	FALSE	FALSE
Zfp385a	chr15	TRUE	FALSE
Zfp385b	chr2	FALSE	FALSE
Zfp385c	chr11	FALSE	TRUE
Zfp395	chr14	FALSE	TRUE
Zfp397	chr18	FALSE	FALSE
Zfp407	chr18	FALSE	TRUE
Zfp41	chr15	FALSE	TRUE
Zfp42	chr8	FALSE	FALSE
Zfp423	chr8	TRUE	FALSE
Zfp438	chr18	FALSE	TRUE
Zfp444	chr7	FALSE	FALSE
Zfp459	chr13	FALSE	TRUE
Zfp462	chr4	FALSE	FALSE
Zfp467	chr6	FALSE	TRUE
Zfp469	chr8	FALSE	FALSE
Zfp474	chr18	FALSE	TRUE
Zfp488	chr14	TRUE	TRUE
Zfp503	chr14	FALSE	TRUE
Zfp507	chr7	FALSE	FALSE
Zfp512	chr5	FALSE	TRUE
Zfp512b	chr2	FALSE	FALSE
Zfp516	chr18	FALSE	FALSE
Zfp518b	chr5	FALSE	TRUE
Zfp521	chr18	TRUE	FALSE
Zfp523	chr17	TRUE	TRUE
Zfp532	chr18	FALSE	TRUE
Zfp536	chr7	TRUE	FALSE
Zfp575	chr7	FALSE	TRUE
Zfp592	chr7	FALSE	FALSE
Zfp593	chr4	FALSE	TRUE
Zfp608	chr18	FALSE	TRUE
Zfp612	chr8	FALSE	TRUE
Zfp618	chr4	FALSE	FALSE
Zfp637	chr6	FALSE	FALSE
Zfp638	chr6	FALSE	TRUE
Zfp64	chr2	FALSE	FALSE
Zfp641	chr15	FALSE	TRUE
Zfp644	chr5	FALSE	TRUE
Zfp648	chr1	FALSE	TRUE
Zfp663	chr2	FALSE	TRUE
Zfp664	chr5	FALSE	TRUE
Zfp687	chr3	FALSE	TRUE
Zfp692	chr11	FALSE	TRUE
Zfp697	chr3	FALSE	TRUE
Zfp703	chr8	FALSE	FALSE
Zfp704	chr3	FALSE	TRUE
Zfp706	chr15	FALSE	TRUE
Zfp708	chr13	FALSE	TRUE
Zfp711	chrX	FALSE	TRUE
Zfp750	chr11	FALSE	FALSE
Zfp775	chr6	FALSE	TRUE
Zfp78	chr7	FALSE	TRUE
Zfp800	chr6	FALSE	TRUE
Zfp804a	chr2	TRUE	TRUE
Zfp804b	chr5	FALSE	FALSE
Zfp827	chr8	FALSE	TRUE
Zfp853	chr5	FALSE	FALSE
Zfp869	chr8	FALSE	TRUE
Zfp90	chr8	FALSE	TRUE
Zfp92	chrX	FALSE	TRUE
Zfp930	chr8	FALSE	TRUE
Zfp937	chr2	FALSE	TRUE
Zfp950	chr19	FALSE	TRUE
Zfp956	chr6	FALSE	TRUE
Zfp957	chr14	FALSE	FALSE
Zfpm1	chr8	FALSE	FALSE
Zfpm2	chr15	FALSE	TRUE
Zfr	chr15	FALSE	TRUE
Zfr2	chr10	FALSE	FALSE
Zfyve16	chr13	FALSE	TRUE
Zfyve21	chr12	FALSE	FALSE
Zfyve27	chr19	TRUE	FALSE
Zfyve28	chr5	FALSE	TRUE
Zhx1	chr15	FALSE	TRUE
Zhx2	chr15	TRUE	TRUE
Zic3	chrX	TRUE	TRUE
Zic4	chr9	TRUE	TRUE
Zic5	chr14	TRUE	TRUE
Zkscan2	chr7	FALSE	TRUE
Zkscan3	chr13	FALSE	TRUE
Zkscan4	chr13	FALSE	TRUE
Zmat4	chr8	FALSE	TRUE
Zmat5	chr11	FALSE	FALSE
Zmiz1	chr14	TRUE	FALSE
Zmym3	chrX	FALSE	FALSE
Zmynd11	chr13	FALSE	TRUE
Zmynd12	chr4	TRUE	TRUE
Zmynd15	chr11	FALSE	TRUE
Znrf1	chr8	FALSE	TRUE
Znrf2	chr6	FALSE	TRUE
Znrf3	chr11	FALSE	TRUE
Znrf4	chr17	FALSE	FALSE
Zp1	chr19	FALSE	TRUE
Zpbp2	chr11	FALSE	TRUE
Zranb3	chr1	FALSE	TRUE
Zscan10	chr17	FALSE	TRUE
Zscan12	chr13	FALSE	TRUE
Zscan18	chr7	FALSE	TRUE
Zscan29	chr2	FALSE	TRUE
Zswim4	chr8	FALSE	TRUE
Zswim6	chr13	TRUE	TRUE
Zup1	chr10	FALSE	TRUE
Zwint	chr10	FALSE	TRUE
Zyx	chr6	FALSE	FALSE
