gene_name	chr	is_neuronal	stratum_top_quartile
Krtap12-22	chr10	FALSE	FALSE
Wfdc17	chr11	FALSE	FALSE
Tmsb15b2	chrX	FALSE	FALSE
Vmn1r223	chr13	FALSE	FALSE
Gm16982	chr7	FALSE	TRUE
Gm15612	chr6	FALSE	TRUE
Mir223hg	chrX	FALSE	FALSE
Zfp389	chr13	FALSE	FALSE
Gm10512	chr17	FALSE	FALSE
Gm12522	chr3	FALSE	TRUE
Dnmt3aos	chr12	FALSE	FALSE
Gm16008	chr4	FALSE	FALSE
Ramacl	chr13	FALSE	FALSE
Gm12863	chr4	FALSE	FALSE
Gm10710	chr3	FALSE	TRUE
Gm10768	chr19	FALSE	FALSE
Gm10538	chr1	FALSE	FALSE
Mirt2	chr15	FALSE	FALSE
Tmem51os1	chr4	FALSE	FALSE
Gm10825	chr10	FALSE	FALSE
Or10h1b	chr17	TRUE	FALSE
Or10h1	chr17	TRUE	FALSE
Isg15	chr4	FALSE	FALSE
Mup9	chr4	FALSE	FALSE
Gm1995	chr12	FALSE	FALSE
Mup10	chr4	FALSE	FALSE
Mup11	chr4	FALSE	FALSE
Eif1ad3	chr12	FALSE	FALSE
Mup12	chr4	FALSE	FALSE
Gm2027	chr12	FALSE	FALSE
Mup13	chr4	FALSE	FALSE
Mup14	chr4	FALSE	FALSE
Mup15	chr4	FALSE	FALSE
Gm13580	chr2	FALSE	FALSE
Mup16	chr4	FALSE	FALSE
Mup17	chr4	FALSE	FALSE
Gm2109	chr9	FALSE	TRUE
Gm2176	chr18	FALSE	FALSE
Mageb16-ps1	chrX	FALSE	FALSE
Gm15706	chr6	FALSE	FALSE
Msmp	chr4	FALSE	FALSE
Hrct1	chr4	FALSE	FALSE
Cldn24	chr8	FALSE	FALSE
D5Ertd605e	chr5	FALSE	FALSE
Snhg12	chr4	FALSE	FALSE
Gfy	chr7	TRUE	TRUE
Smim38	chr7	FALSE	TRUE
Krtap6-3	chr16	FALSE	FALSE
Gm2663	chr6	FALSE	FALSE
Krtap6-7	chr16	FALSE	FALSE
Prss3l	chr6	FALSE	FALSE
Krtap4-25	chr11	FALSE	FALSE
Or13c7c	chr4	TRUE	FALSE
Krtap4-22	chr11	FALSE	FALSE
Krtap10-20	chr10	FALSE	TRUE
Gm12409	chr4	FALSE	TRUE
Fancf	chr7	FALSE	TRUE
Gm15506	chr7	FALSE	FALSE
Gm11627	chr11	FALSE	FALSE
Gm9767	chr10	FALSE	TRUE
Rpl14-ps1	chr7	FALSE	FALSE
Gm13286	chr4	FALSE	TRUE
Iqcf6	chr9	FALSE	FALSE
Or52e19	chr7	FALSE	FALSE
Krtap10-21	chr10	FALSE	FALSE
Krtap10-22	chr10	FALSE	FALSE
Krtap10-23	chr10	FALSE	FALSE
Snhg15	chr11	FALSE	FALSE
Krtap10-24	chr10	FALSE	TRUE
Krtap2-22	chr11	FALSE	FALSE
Myef2l	chr3	FALSE	TRUE
Ly6c2	chr15	TRUE	FALSE
Gm3404	chr5	FALSE	FALSE
Gm3409	chr5	FALSE	FALSE
Mup7	chr4	FALSE	FALSE
Mup8	chr4	FALSE	FALSE
Defa35	chr8	FALSE	FALSE
Gm15217	chr14	FALSE	TRUE
Defa41	chr8	FALSE	FALSE
Defa40	chr8	FALSE	FALSE
Gm3519	chr5	FALSE	FALSE
Defa27	chr8	FALSE	FALSE
Defa32	chr8	FALSE	FALSE
Defa34	chr8	FALSE	FALSE
Sap18b	chr14	FALSE	FALSE
Oaz1-ps	chr10	FALSE	FALSE
Gm3646	chr1	FALSE	FALSE
Reno1	chr11	TRUE	TRUE
Mnd1-ps	chr14	FALSE	FALSE
Vmn1r79	chr7	FALSE	FALSE
Gm16523	chr2	FALSE	FALSE
Rbakdn	chr5	FALSE	FALSE
Gm4013	chr18	FALSE	FALSE
Eif3j2	chr2	FALSE	FALSE
Gm10267	chr18	FALSE	FALSE
H2al1a	chrX	FALSE	FALSE
H2al1g	chrX	FALSE	FALSE
Gm15760	chr16	FALSE	FALSE
Zfp696	chr7	FALSE	FALSE
Spopfm2	chr3	FALSE	FALSE
Gm4285	chr14	FALSE	FALSE
Or10u4	chr10	TRUE	FALSE
Alyreffm9	chr10	FALSE	FALSE
Inafm2	chr2	FALSE	TRUE
Gm4349	chr3	FALSE	FALSE
4732414G09Rik	chr11	FALSE	FALSE
Or10h5	chr17	TRUE	FALSE
Gm4532	chr7	FALSE	FALSE
Krtap5-20	chr7	FALSE	FALSE
Gm10584	chr7	FALSE	TRUE
Gm4598	chr7	FALSE	FALSE
Rps27rt	chr3	FALSE	FALSE
Tgfbr3l	chr8	FALSE	TRUE
Gm15743	chr16	FALSE	TRUE
Mup18	chr4	FALSE	FALSE
9330020H09Rik	chr15	FALSE	FALSE
Yy2	chrX	FALSE	FALSE
Kti12	chr4	FALSE	FALSE
Gm10400	chr6	FALSE	FALSE
A830035O19Rik	chr9	FALSE	FALSE
A230020J21Rik	chr1	FALSE	TRUE
Phtf1os	chr3	FALSE	FALSE
Frs3os	chr17	FALSE	FALSE
A030001D20Rik	chr7	FALSE	FALSE
Esp4	chr17	FALSE	FALSE
Sco2	chr15	FALSE	FALSE
Selenok-ps1	chr11	FALSE	FALSE
Gm10364	chr14	FALSE	FALSE
AI507597	chr4	FALSE	TRUE
Gm10941	chr10	FALSE	TRUE
Mup19	chr4	FALSE	FALSE
Krtap10-4	chr10	FALSE	FALSE
Snord19	chr14	FALSE	FALSE
Gm14379	chrX	FALSE	FALSE
Gm15881	chr8	FALSE	FALSE
Defa2	chr8	FALSE	FALSE
Gm17455	chr10	FALSE	TRUE
D030025P21Rik	chr12	FALSE	TRUE
Vmn1r2	chr4	FALSE	FALSE
Vmn1r3	chr4	FALSE	FALSE
Vmn1r238	chr18	FALSE	FALSE
Vmn1r196	chr13	FALSE	FALSE
Vmn1r221	chr13	FALSE	FALSE
Pate8	chr9	FALSE	FALSE
Pate1	chr9	FALSE	FALSE
Mir1901	chr18	FALSE	TRUE
Mir1949	chr18	FALSE	FALSE
AW011738	chr4	FALSE	FALSE
Krtap9-20	chr11	FALSE	FALSE
Tomm6os	chr17	FALSE	FALSE
Gm18409	chr10	FALSE	TRUE
AA543401	chr9	FALSE	FALSE
Mir3072	chr12	FALSE	TRUE
Tex50	chr1	FALSE	FALSE
1700007L15Rik	chr16	FALSE	FALSE
Gm16617	chr14	FALSE	TRUE
Krtap2-20	chr11	FALSE	FALSE
Gm19395	chr10	FALSE	FALSE
Krtap10-33	chr10	FALSE	TRUE
Gm15972	chr18	FALSE	TRUE
Krtap4-27	chr11	FALSE	FALSE
Or2t49	chr11	TRUE	FALSE
Gm38423	chr4	FALSE	FALSE
Gm4814	chr13	FALSE	TRUE
Gm3336	chr8	FALSE	FALSE
BC037704	chr19	FALSE	TRUE
Ccdc179	chr7	FALSE	FALSE
2610016A17Rik	chr19	FALSE	TRUE
Gm19557	chr19	FALSE	FALSE
Gm13293	chr2	FALSE	FALSE
1700048M11Rik	chr16	FALSE	FALSE
Gm19582	chr1	FALSE	FALSE
2810013P06Rik	chr8	FALSE	FALSE
Gm11423	chr11	FALSE	FALSE
Gm9895	chr19	FALSE	FALSE
Zfp648	chr1	FALSE	TRUE
Tmem95	chr11	FALSE	FALSE
Tpbgl	chr7	FALSE	TRUE
Krtap10-34	chr10	FALSE	TRUE
4833438C02Rik	chr19	FALSE	TRUE
Gm19710	chr3	FALSE	FALSE
Gm15867	chr1	FALSE	TRUE
A930016O22Rik	chr7	FALSE	FALSE
Gm11827	chr4	FALSE	FALSE
5031434C07Rik	chr6	FALSE	FALSE
Gm16861	chr16	FALSE	FALSE
Gm13056	chr4	FALSE	FALSE
Gm16548	chr1	FALSE	FALSE
2410022M11Rik	chr14	FALSE	FALSE
Gm19935	chr8	FALSE	TRUE
Hotair	chr15	FALSE	TRUE
Gm5901	chr7	FALSE	FALSE
Gm17308	chr3	FALSE	FALSE
Pet100	chr8	FALSE	FALSE
Tpsab1	chr17	FALSE	FALSE
Smpd5	chr15	FALSE	TRUE
Fcor	chr8	FALSE	TRUE
Gm12167	chr11	FALSE	FALSE
1810008I18Rik	chr7	FALSE	FALSE
Gm53064	chrX	FALSE	FALSE
Gm20036	chr12	FALSE	FALSE
Ccer2	chr7	FALSE	FALSE
Brd3os	chr2	FALSE	FALSE
Med9os	chr11	FALSE	FALSE
Gm15050	chr6	FALSE	TRUE
4933421O10Rik	chr4	FALSE	FALSE
Dhrs13os	chr11	FALSE	FALSE
Krtap16-1	chr11	FALSE	TRUE
Gm16336	chr7	FALSE	FALSE
Gm15708	chr5	FALSE	FALSE
Mptx2	chr1	FALSE	FALSE
2310005A03Rik	chr2	FALSE	FALSE
Smim27	chr4	FALSE	FALSE
Gm17597	chr15	FALSE	FALSE
Gm20172	chr1	FALSE	FALSE
Gm16712	chr17	FALSE	FALSE
Gm14169	chr2	FALSE	FALSE
D730003I15Rik	chr1	FALSE	TRUE
Cypt14-ps	chrX	FALSE	FALSE
H2-Ea	chr17	TRUE	FALSE
Kcnmb4os2	chr10	FALSE	TRUE
Tincr	chr17	FALSE	TRUE
Spin2d	chrX	FALSE	FALSE
Prr22	chr17	FALSE	FALSE
Gm20257	chr1	FALSE	FALSE
AI463170	chr12	FALSE	TRUE
Gm20300	chr10	FALSE	FALSE
1700101I11Rik	chr6	FALSE	FALSE
Gm20337	chr12	FALSE	FALSE
2810029C07Rik	chr12	FALSE	FALSE
A730063M14Rik	chr10	FALSE	FALSE
H2-T27	chr17	FALSE	FALSE
Gm15008	chrX	FALSE	FALSE
Dmrt1i	chr5	FALSE	TRUE
Snhg18	chr15	FALSE	TRUE
Mir3473c	chr1	FALSE	FALSE
AI839979	chr5	FALSE	TRUE
DQ267101	chr12	FALSE	FALSE
Mup22	chr4	FALSE	FALSE
Mir344h-1	chr7	FALSE	FALSE
Zfp513	chr5	FALSE	FALSE
Gm14773	chrX	FALSE	FALSE
Gm12596	chr4	FALSE	FALSE
Gm12551	chr4	FALSE	FALSE
Rpusd3	chr6	FALSE	FALSE
Dreh	chr17	FALSE	TRUE
Fbxl14	chr6	FALSE	TRUE
Ceacam15	chr7	FALSE	FALSE
Hbb-bt	chr7	FALSE	FALSE
Hsd3b7	chr7	FALSE	FALSE
Zfp575	chr7	FALSE	FALSE
AI467606	chr7	FALSE	FALSE
Zfp764l1	chr7	FALSE	FALSE
Gm15694	chr16	FALSE	FALSE
Faap24	chr7	FALSE	FALSE
Igflr1	chr7	FALSE	FALSE
D8Ertd738e	chr8	FALSE	FALSE
Exoc8	chr8	FALSE	FALSE
Gadd45gip1	chr8	FALSE	FALSE
Enkd1	chr8	FALSE	FALSE
E230013L22Rik	chr8	FALSE	TRUE
Snapc2	chr8	FALSE	FALSE
Imp3	chr9	FALSE	FALSE
Mir6516	chr11	FALSE	FALSE
Mir6992	chr19	FALSE	FALSE
Mir8115	chr5	FALSE	FALSE
Mir7058	chr7	FALSE	FALSE
Rpp25	chr9	FALSE	TRUE
Gm14662	chrX	FALSE	TRUE
Gm30108	chr14	FALSE	TRUE
Gm15756	chr6	FALSE	TRUE
2610318M16Rik	chr14	FALSE	TRUE
Gm12354	chr4	FALSE	FALSE
Gm16143	chr10	FALSE	FALSE
Gm30539	chr10	FALSE	FALSE
Gm29508	chr12	FALSE	TRUE
Gm28881	chr10	FALSE	FALSE
Gm30726	chr16	FALSE	FALSE
2310043M15Rik	chr16	FALSE	FALSE
M5C1000I18Rik	chr9	FALSE	TRUE
Gm9748	chr14	FALSE	TRUE
Chrna1os	chr2	FALSE	TRUE
Gm26876	chr10	FALSE	FALSE
Gm26579	chr10	FALSE	FALSE
Gm16104	chr10	FALSE	TRUE
Kbtbd8os	chr6	FALSE	FALSE
Gm14424	chr2	FALSE	TRUE
Gm32123	chr14	FALSE	TRUE
Gm32141	chr10	FALSE	TRUE
Gm20491	chr17	FALSE	FALSE
Gm12440	chr3	FALSE	FALSE
Gm32496	chr3	FALSE	FALSE
Gm28626	chr1	FALSE	TRUE
Ttc39aos1	chr4	FALSE	FALSE
Gm32693	chr3	FALSE	TRUE
Gm32865	chr16	FALSE	FALSE
Gm32921	chr5	FALSE	TRUE
Gm12348	chr11	FALSE	FALSE
Gm33337	chr10	FALSE	FALSE
Gm20544	chr18	FALSE	TRUE
AV205837	chr16	FALSE	FALSE
Gm15326	chr13	FALSE	TRUE
Gm13029	chr4	FALSE	FALSE
Gm33727	chr17	FALSE	FALSE
Gm20052	chr5	FALSE	TRUE
A730035I17Rik	chr5	FALSE	TRUE
Strit1	chr3	TRUE	FALSE
Gm26682	chr18	FALSE	TRUE
Gm20609	chr10	FALSE	FALSE
Ly6l	chr15	FALSE	FALSE
Gm15631	chr6	FALSE	TRUE
Ccdc188	chr16	FALSE	FALSE
Gm15569	chr15	FALSE	TRUE
Gm15934	chr10	FALSE	FALSE
Gm35584	chr3	FALSE	FALSE
Gm15767	chr6	FALSE	FALSE
Krtap10-35	chr10	FALSE	TRUE
Gm36246	chr15	FALSE	FALSE
Gm15201	chrX	FALSE	FALSE
Gm17059	chr10	FALSE	FALSE
Gm36718	chr18	FALSE	TRUE
Gm36742	chr16	FALSE	FALSE
2900052L18Rik	chr11	FALSE	TRUE
Tcstv1b	chr13	FALSE	FALSE
4933416E14Rik	chrX	FALSE	FALSE
Percc1	chr17	FALSE	FALSE
Tcta	chr9	FALSE	FALSE
B630019K06Rik	chrX	FALSE	TRUE
Nudt10	chrX	FALSE	FALSE
Ezhip	chrX	FALSE	FALSE
Apof	chr10	FALSE	FALSE
Paupar	chr2	TRUE	TRUE
Chchd10	chr10	TRUE	TRUE
D630029K05Rik	chr10	FALSE	FALSE
Epop	chr11	TRUE	TRUE
Tmed4	chr11	FALSE	FALSE
6330403K07Rik	chr11	FALSE	TRUE
Mien1	chr11	FALSE	FALSE
Hoxb2	chr11	TRUE	TRUE
Nxph3	chr11	FALSE	TRUE
Ndufb11	chrX	FALSE	FALSE
Rhox9	chrX	FALSE	FALSE
0610010K14Rik	chr11	FALSE	FALSE
AU040972	chr11	FALSE	FALSE
Rprml	chr11	FALSE	TRUE
AU015791	chr12	FALSE	FALSE
Dalir	chr1	FALSE	FALSE
Nhlrc1	chr13	FALSE	TRUE
Gm21083	chr5	FALSE	TRUE
Gm6117	chr6	FALSE	FALSE
Hoxaas2	chr6	FALSE	TRUE
Hotairm1	chr6	FALSE	TRUE
Gm38999	chr7	FALSE	FALSE
Krtap5-23	chr7	FALSE	FALSE
Krtap5-21	chr7	FALSE	FALSE
Gm15509	chr1	FALSE	FALSE
Cyp4x1os	chr4	FALSE	FALSE
4930563J15Rik	chr10	FALSE	FALSE
Gm40893	chr12	FALSE	FALSE
Gm16136	chr15	FALSE	TRUE
A330094K24Rik	chr18	FALSE	TRUE
Gm42274	chr4	FALSE	FALSE
Gm16731	chr4	FALSE	TRUE
Bloodlinc	chr11	FALSE	TRUE
Gm30731	chr4	TRUE	TRUE
Fam170b	chr14	FALSE	TRUE
Gm13090	chr4	FALSE	FALSE
Gm13030	chr4	FALSE	FALSE
Amigo2	chr15	TRUE	TRUE
Gm11729	chr11	FALSE	TRUE
Lmf2	chr15	FALSE	FALSE
9030619P08Rik	chr15	FALSE	FALSE
Gm45927	chr3	FALSE	FALSE
AU021063	chr15	FALSE	TRUE
AU022793	chr15	FALSE	FALSE
Hotairm2	chr6	FALSE	TRUE
Sharpin	chr15	FALSE	FALSE
Mfsd5	chr15	FALSE	FALSE
Ncbp2as2	chr16	FALSE	FALSE
Gpsm3	chr17	FALSE	FALSE
Ldhal6b	chr17	FALSE	FALSE
Ppcs	chr4	FALSE	FALSE
Nrm	chr17	FALSE	FALSE
Vmac	chr17	FALSE	FALSE
Smim29	chr17	FALSE	TRUE
Rpusd1	chr17	FALSE	FALSE
Mpig6b	chr17	FALSE	FALSE
Tcf19	chr17	FALSE	TRUE
Gpr137	chr19	FALSE	FALSE
Uqcc3	chr19	FALSE	FALSE
AI837181	chr19	FALSE	FALSE
Kazald1	chr19	FALSE	TRUE
Trpt1	chr19	FALSE	FALSE
Atf5	chr7	TRUE	FALSE
Magee1	chrX	FALSE	FALSE
Dio3	chr12	TRUE	TRUE
Snrpd2	chr7	FALSE	FALSE
Mrpl41	chr2	FALSE	TRUE
Lgals2	chr15	FALSE	FALSE
Bmyc	chr2	FALSE	FALSE
H1f6	chr13	FALSE	TRUE
Cdc20	chr4	TRUE	FALSE
Gtpbp6	chr5	FALSE	FALSE
Fxyd4	chr6	FALSE	FALSE
Eif4ebp3	chr18	FALSE	FALSE
Taf9	chr13	FALSE	FALSE
Krtap5-26	chr7	FALSE	FALSE
Ccdc42os	chr11	FALSE	FALSE
Gm45521	chr14	FALSE	TRUE
2900093K20Rik	chr2	FALSE	FALSE
Gm13205	chr4	FALSE	TRUE
Npm3-ps1	chr6	FALSE	TRUE
Dnajc9	chr14	FALSE	FALSE
Lyrm2	chr4	FALSE	TRUE
Mex3b	chr7	FALSE	TRUE
Spem2	chr11	FALSE	FALSE
1700049L16Rik	chr10	FALSE	FALSE
Cavin3	chr7	FALSE	TRUE
Exosc4	chr15	FALSE	FALSE
3010003L21Rik	chr6	FALSE	TRUE
Igip	chr18	FALSE	FALSE
Tmem139	chr6	FALSE	TRUE
Tmem250	chr2	FALSE	FALSE
Prr9	chr3	FALSE	FALSE
E130215H24Rik	chr2	FALSE	TRUE
Ctrl	chr8	FALSE	FALSE
Hoxc11	chr15	FALSE	TRUE
Clps	chr17	FALSE	FALSE
Gpr18	chr14	FALSE	FALSE
Pmch	chr10	TRUE	FALSE
Ly6a	chr15	TRUE	FALSE
Or5w22	chr2	TRUE	FALSE
H2-Q9	chr17	FALSE	TRUE
Asdurf	chr1	FALSE	FALSE
H2-M10.3	chr17	FALSE	FALSE
Cebpe	chr14	FALSE	TRUE
Foxe1	chr4	FALSE	TRUE
Rpl10	chrX	TRUE	FALSE
D1Pas1	chr1	FALSE	FALSE
Taar1	chr10	FALSE	TRUE
Dxo	chr17	FALSE	FALSE
Shld3	chr13	FALSE	FALSE
Scgb1b27	chr7	FALSE	FALSE
Vmn1r48	chr6	TRUE	FALSE
Vmn1r47	chr6	TRUE	FALSE
Vmn1r43	chr6	TRUE	FALSE
Vmn1r42	chr6	TRUE	FALSE
Vmn1r52	chr6	TRUE	FALSE
V1ra8	chr6	TRUE	FALSE
Vmn1r54	chr6	TRUE	FALSE
Vmn1r50	chr6	TRUE	FALSE
Vmn1r53	chr6	TRUE	FALSE
Vmn1r44	chr6	TRUE	FALSE
Vmn1r40	chr6	TRUE	FALSE
Vmn1r46	chr6	TRUE	FALSE
Vmn1r10	chr6	TRUE	FALSE
Vmn1r29	chr6	TRUE	FALSE
Vmn1r11	chr6	TRUE	FALSE
Vmn1r13	chr6	TRUE	FALSE
Vmn1r14	chr6	TRUE	FALSE
Vmn1r25	chr6	TRUE	FALSE
Gm50457	chr18	FALSE	FALSE
Atp6v0b	chr4	FALSE	FALSE
Apoc4	chr7	FALSE	FALSE
Chrne	chr11	TRUE	TRUE
Crip3	chr17	FALSE	TRUE
D17H6S53E	chr17	FALSE	FALSE
Acta1	chr8	FALSE	TRUE
Zmynd10	chr9	TRUE	TRUE
Actb	chr5	TRUE	FALSE
Pth2	chr7	FALSE	TRUE
Rpl31	chr1	FALSE	FALSE
Actg1	chr11	TRUE	TRUE
Ly6g5c	chr17	FALSE	FALSE
Prss28	chr17	FALSE	FALSE
Prss29	chr17	FALSE	FALSE
Krtap5-5	chr7	FALSE	FALSE
5033404E19Rik	chr1	FALSE	TRUE
Semp2l2b	chr10	FALSE	FALSE
Selenom	chr11	FALSE	TRUE
Actl7a	chr4	FALSE	FALSE
Actl7b	chr4	FALSE	FALSE
Ferd3l	chr12	TRUE	TRUE
Gm51400	chr19	FALSE	TRUE
Adam4	chr12	FALSE	FALSE
Adm	chr7	TRUE	TRUE
Gpr182	chr10	FALSE	FALSE
Cfd	chr10	FALSE	TRUE
Adra2b	chr2	TRUE	TRUE
Adra2c	chr5	TRUE	TRUE
Adrb1	chr19	TRUE	TRUE
Adrb2	chr18	TRUE	TRUE
Ager	chr17	TRUE	FALSE
Agtr2	chrX	TRUE	FALSE
Nr0b1	chrX	FALSE	FALSE
Ahcyl	chr16	FALSE	FALSE
Akp3	chr1	TRUE	TRUE
Alppl2	chr1	FALSE	FALSE
Lsm10	chr4	FALSE	FALSE
Calcb	chr7	FALSE	TRUE
Gfer	chr17	FALSE	FALSE
Or5d18	chr2	TRUE	FALSE
Amh	chr10	FALSE	TRUE
Scgb3a2	chr18	FALSE	FALSE
1110038F14Rik	chr15	FALSE	FALSE
Krtap13-20	chr16	FALSE	FALSE
Bloc1s4	chr5	TRUE	FALSE
Slc25a4	chr8	FALSE	TRUE
Slc25a5	chrX	FALSE	FALSE
B3galt6	chr4	FALSE	FALSE
Fabp4	chr3	FALSE	FALSE
Apex1	chr14	FALSE	FALSE
Apoa1	chr9	FALSE	TRUE
Apoa2	chr1	FALSE	FALSE
Apoa4	chr9	FALSE	FALSE
Apoc1	chr7	FALSE	FALSE
Apoc3	chr9	FALSE	TRUE
Apoe	chr7	TRUE	FALSE
Aprt	chr8	FALSE	TRUE
Aqp5	chr15	FALSE	TRUE
Aqp6	chr15	FALSE	TRUE
Rplp0	chr5	FALSE	FALSE
Arc	chr15	TRUE	TRUE
Arf5	chr6	FALSE	TRUE
Arf6	chr12	TRUE	TRUE
Mrps2	chr2	FALSE	FALSE
Rhob	chr12	TRUE	TRUE
Phox2a	chr7	TRUE	TRUE
Artn	chr4	TRUE	TRUE
Asgr1	chr11	FALSE	FALSE
Atf4	chr15	TRUE	FALSE
Atoh1	chr6	TRUE	TRUE
Neurod6	chr6	TRUE	TRUE
Neurog2	chr3	TRUE	TRUE
Neurog3	chr10	TRUE	TRUE
Atp5me	chr5	FALSE	FALSE
Atp5if1	chr4	FALSE	FALSE
Aup1	chr6	FALSE	FALSE
Avp	chr2	TRUE	TRUE
Avpr2	chrX	FALSE	FALSE
Nkx3-2	chr5	FALSE	TRUE
Barx1	chr13	FALSE	TRUE
Phb2	chr6	FALSE	FALSE
Bcl2l10	chr9	FALSE	FALSE
Bdkrb1	chr12	FALSE	TRUE
Bex2	chrX	FALSE	FALSE
Bex3	chrX	FALSE	FALSE
Bglap3	chr3	FALSE	FALSE
Bglap	chr3	TRUE	TRUE
Bglap2	chr3	TRUE	TRUE
Fabp7	chr10	TRUE	TRUE
Zfp36l2	chr17	FALSE	TRUE
Btg2	chr1	TRUE	TRUE
Commd3	chr2	FALSE	TRUE
C1qa	chr4	TRUE	TRUE
C1qc	chr4	TRUE	TRUE
S100g	chrX	FALSE	FALSE
Capza3	chr6	FALSE	FALSE
Cbln1	chr8	TRUE	TRUE
Cbr1	chr16	FALSE	FALSE
Cbr2	chr11	FALSE	FALSE
Cd14	chr18	FALSE	TRUE
Cd151	chr7	FALSE	FALSE
Cd1d1	chr3	FALSE	TRUE
Cd1d2	chr3	FALSE	TRUE
Cd68	chr11	TRUE	FALSE
Cd7	chr11	FALSE	FALSE
Cdk4	chr10	FALSE	FALSE
Cdk5r1	chr11	TRUE	TRUE
Cdk5r2	chr1	TRUE	TRUE
Cdkn1c	chr7	TRUE	TRUE
Cdkn2b	chr4	TRUE	TRUE
Cdkn2d	chr9	TRUE	TRUE
Mia	chr7	FALSE	FALSE
Cebpa	chr7	FALSE	TRUE
Cebpb	chr2	TRUE	FALSE
Cebpd	chr16	FALSE	TRUE
Cer1	chr4	TRUE	TRUE
Cfl1	chr19	TRUE	FALSE
Cfl2	chr12	FALSE	TRUE
Ch25h	chr19	FALSE	TRUE
Chad	chr11	FALSE	TRUE
Chkb	chr15	FALSE	FALSE
Chml	chr1	FALSE	FALSE
Cideb	chr14	FALSE	FALSE
Elovl3	chr19	FALSE	TRUE
Socs3	chr11	FALSE	TRUE
Socs1	chr16	FALSE	TRUE
Ckb	chr12	FALSE	TRUE
Cldn3	chr5	TRUE	TRUE
Cldn4	chr5	FALSE	TRUE
Cldn5	chr16	TRUE	TRUE
Cxcr3	chrX	FALSE	TRUE
Cxcr4	chr1	TRUE	TRUE
Ccr8	chr9	FALSE	FALSE
Ccr10	chr11	FALSE	TRUE
Camp	chr9	FALSE	FALSE
Cntf	chr19	TRUE	FALSE
Cort	chr4	FALSE	FALSE
Cox5b	chr1	FALSE	FALSE
Cox6a1	chr5	FALSE	FALSE
Cox6a2	chr7	FALSE	FALSE
Cox7a1	chr7	FALSE	FALSE
Cox7a2	chr9	FALSE	FALSE
Cox7c	chr13	FALSE	FALSE
Cox8a	chr19	FALSE	FALSE
Cox8b	chr7	FALSE	FALSE
Crabp2	chr3	TRUE	TRUE
Creb3	chr4	FALSE	FALSE
Crh	chr3	TRUE	TRUE
Cryaa	chr17	TRUE	TRUE
Cryba2	chr1	TRUE	TRUE
Cryga	chr1	TRUE	FALSE
Crygb	chr1	TRUE	FALSE
Crygc	chr1	TRUE	FALSE
Crygd	chr1	TRUE	FALSE
Cryge	chr1	TRUE	TRUE
Crygf	chr1	TRUE	TRUE
Csf2	chr11	TRUE	TRUE
Csf2ra	chr19	FALSE	FALSE
Csf3	chr11	FALSE	TRUE
Cst3	chr2	FALSE	TRUE
Cst9	chr2	FALSE	FALSE
Cstb	chr10	FALSE	FALSE
Ctsg	chr14	FALSE	TRUE
Ctsw	chr19	FALSE	FALSE
Cycs	chr6	FALSE	FALSE
Cyp21a1	chr17	FALSE	FALSE
Cyp26a1	chr19	TRUE	TRUE
Cyp2d10	chr15	FALSE	FALSE
Cyp27b1	chr10	FALSE	TRUE
Cyp8b1	chr9	FALSE	FALSE
Dbil5	chr11	FALSE	TRUE
Dcpp1	chr17	FALSE	FALSE
Gadd45a	chr6	FALSE	TRUE
Ddt	chr10	FALSE	TRUE
Defb2	chr8	FALSE	FALSE
Defa29	chr8	FALSE	FALSE
Defa25	chr8	FALSE	FALSE
Ackr1	chr1	FALSE	TRUE
Slc25a1	chr16	FALSE	TRUE
Dkk1	chr19	TRUE	TRUE
Dlx2	chr2	TRUE	TRUE
Dlx5	chr6	TRUE	TRUE
Dlx6os2	chr6	FALSE	TRUE
Dnase1	chr16	FALSE	FALSE
Dok1	chr6	FALSE	TRUE
Dpm2	chr2	FALSE	FALSE
Drd1	chr13	TRUE	TRUE
Drd4	chr7	TRUE	TRUE
Drd5	chr5	TRUE	TRUE
Dusp2	chr2	FALSE	TRUE
Ear2	chr14	FALSE	FALSE
Lefty1	chr1	FALSE	TRUE
S1pr1	chr3	TRUE	TRUE
S1pr4	chr10	FALSE	FALSE
Efna4	chr3	TRUE	TRUE
Klk1b9	chr7	FALSE	FALSE
Egr4	chr6	FALSE	TRUE
Emp3	chr7	FALSE	FALSE
Endog	chr2	FALSE	FALSE
Epor	chr9	TRUE	TRUE
Lcn5	chr2	FALSE	TRUE
Etv2	chr7	FALSE	TRUE
Evi2a	chr11	FALSE	FALSE
Wfdc18	chr11	FALSE	FALSE
Zfp358	chr8	FALSE	FALSE
Bhlhe23	chr2	TRUE	TRUE
F2rl3	chr8	FALSE	FALSE
F8a	chrX	FALSE	FALSE
Gpr6	chr10	FALSE	TRUE
Rem2	chr14	FALSE	TRUE
Fabp2	chr3	FALSE	FALSE
Il25	chr14	FALSE	FALSE
Foxh1	chr15	FALSE	FALSE
Fcna	chr2	FALSE	FALSE
Fgf15	chr7	FALSE	TRUE
Fgfbp1	chr5	FALSE	FALSE
Il4i1	chr7	FALSE	FALSE
Ccn2	chr10	FALSE	TRUE
Fjx1	chr2	FALSE	TRUE
Fkbp2	chr19	FALSE	TRUE
Foxi1	chr11	FALSE	FALSE
Foxc2	chr8	FALSE	TRUE
Foxd4	chr19	FALSE	TRUE
Foxs1	chr2	TRUE	TRUE
Foxb2	chr19	FALSE	TRUE
Foxl1	chr8	FALSE	TRUE
Fos	chr12	TRUE	TRUE
Fpr3	chr17	FALSE	FALSE
Frat1	chr19	FALSE	TRUE
Fshb	chr2	FALSE	FALSE
Fth1	chr19	FALSE	FALSE
Ftl1	chr7	FALSE	FALSE
Fut1	chr7	TRUE	FALSE
Fut4	chr9	FALSE	TRUE
Fut7	chr2	FALSE	TRUE
Fzd1	chr5	TRUE	TRUE
Fzd7	chr1	FALSE	TRUE
Fzd9	chr5	TRUE	TRUE
G0s2	chr1	FALSE	TRUE
G6pd2	chr5	TRUE	FALSE
Gal	chr19	TRUE	FALSE
Galr2	chr11	TRUE	TRUE
Galr3	chr15	FALSE	TRUE
Galt	chr4	FALSE	FALSE
Gamt	chr10	FALSE	TRUE
Gapdh	chr6	TRUE	FALSE
Gas1	chr13	TRUE	TRUE
Gas5	chr1	FALSE	TRUE
Gast	chr11	FALSE	FALSE
Rabac1	chr7	FALSE	TRUE
Gbx2	chr1	TRUE	TRUE
Gdf3	chr6	FALSE	FALSE
Gdf5	chr2	TRUE	FALSE
Gfra4	chr2	TRUE	TRUE
Gh	chr11	TRUE	FALSE
Gja10	chr4	TRUE	FALSE
Gja4	chr4	FALSE	TRUE
Gjd2	chr2	TRUE	TRUE
Gjb4	chr4	TRUE	FALSE
Gjb5	chr4	FALSE	FALSE
Gykl1	chr18	FALSE	FALSE
Gk2	chr5	FALSE	TRUE
Galk1	chr11	FALSE	TRUE
Glycam1	chr15	FALSE	FALSE
Gngt1	chr6	TRUE	FALSE
Gng3	chr19	FALSE	FALSE
Gng8	chr7	FALSE	TRUE
Gnmt	chr17	FALSE	TRUE
Gnrh1	chr14	TRUE	FALSE
Gp1ba	chr11	FALSE	FALSE
Gp1bb	chr16	FALSE	TRUE
Gp5	chr16	FALSE	TRUE
Gpaa1	chr15	FALSE	FALSE
Gpr12	chr5	FALSE	TRUE
Gpr3	chr4	FALSE	TRUE
Gpr27	chr6	FALSE	TRUE
Gpx1	chr9	TRUE	TRUE
Gpx2	chr12	FALSE	FALSE
Gpx2-ps1	chr7	FALSE	FALSE
Grcc10	chr6	TRUE	FALSE
Cdca3	chr6	FALSE	FALSE
Spsb2	chr6	FALSE	TRUE
Cxcl1	chr5	FALSE	TRUE
Gsc	chr12	TRUE	TRUE
Haspin	chr11	FALSE	FALSE
Gsx1	chr5	TRUE	TRUE
Gsx2	chr5	TRUE	TRUE
Gspt2	chrX	FALSE	TRUE
Gstm2	chr3	FALSE	TRUE
Gstm4	chr3	FALSE	FALSE
Gstm5	chr3	FALSE	FALSE
Gstp1	chr19	FALSE	FALSE
Nkx6-2	chr7	TRUE	TRUE
Guca2a	chr4	FALSE	FALSE
Guca2b	chr4	FALSE	TRUE
Gzmb	chr14	FALSE	FALSE
Gzmc	chr14	FALSE	FALSE
Gzmd	chr14	FALSE	FALSE
Gzme	chr14	FALSE	FALSE
Gzmg	chr14	FALSE	TRUE
H19	chr7	FALSE	TRUE
H1f0	chr15	FALSE	TRUE
H2-Bl	chr17	FALSE	TRUE
H2-K1	chr17	TRUE	TRUE
Pfdn6	chr17	FALSE	FALSE
Hsd17b8	chr17	FALSE	FALSE
H2-L	chr17	FALSE	FALSE
H2-M10.1	chr17	FALSE	FALSE
H2-M3	chr17	FALSE	FALSE
H2-M9	chr17	FALSE	FALSE
H2-Oa	chr17	FALSE	FALSE
H2-Q1	chr17	FALSE	FALSE
H2-Q10	chr17	FALSE	FALSE
H2-Q2	chr17	FALSE	TRUE
H2-Q5	chr17	FALSE	TRUE
H2-Q7	chr17	FALSE	TRUE
H2-T23	chr17	FALSE	TRUE
H2-T3	chr17	FALSE	FALSE
Ifi44l	chr3	FALSE	TRUE
H3c14	chr3	FALSE	TRUE
Hsd17b10	chrX	FALSE	FALSE
Hand1	chr11	FALSE	TRUE
Hand2	chr8	TRUE	TRUE
Hba-x	chr11	FALSE	FALSE
Hbb-b1	chr7	FALSE	FALSE
Hbb-bh1	chr7	FALSE	FALSE
Hcrt	chr11	TRUE	TRUE
Hdgfl1	chr13	FALSE	FALSE
Hes1	chr16	TRUE	TRUE
Hes2	chr4	TRUE	TRUE
Hes5	chr4	TRUE	TRUE
Hey1	chr3	TRUE	TRUE
Foxd3	chr4	FALSE	TRUE
Foxj1	chr11	TRUE	TRUE
Foxf1	chr8	FALSE	TRUE
Foxg1	chr12	TRUE	TRUE
Mst1	chr9	FALSE	FALSE
Hint1	chr11	FALSE	FALSE
H2ax	chr9	FALSE	FALSE
Hmgn2	chr4	FALSE	FALSE
Hmg20b	chr10	TRUE	TRUE
Hmx3	chr7	TRUE	TRUE
Foxa2	chr2	TRUE	TRUE
Hoxa1	chr6	TRUE	TRUE
Hoxa11	chr6	FALSE	TRUE
Hoxa13	chr6	FALSE	TRUE
Hoxa4	chr6	FALSE	TRUE
Hoxa5	chr6	FALSE	TRUE
Hoxa6	chr6	FALSE	TRUE
Hoxb1	chr11	TRUE	TRUE
Hoxb13	chr11	FALSE	TRUE
Hoxb4	chr11	FALSE	TRUE
Hoxb5	chr11	FALSE	TRUE
Hoxb7	chr11	FALSE	TRUE
Hoxb8	chr11	TRUE	TRUE
Hoxc12	chr15	FALSE	TRUE
Hoxc8	chr15	TRUE	TRUE
Hoxd1	chr2	TRUE	TRUE
Hoxd10	chr2	TRUE	TRUE
Hoxd12	chr2	FALSE	TRUE
Hoxd13	chr2	FALSE	TRUE
Hoxd8	chr2	FALSE	TRUE
Hoxd9	chr2	TRUE	TRUE
Hp	chr8	FALSE	FALSE
Hrc	chr7	FALSE	FALSE
Hsd17b1	chr11	FALSE	TRUE
Dnajb3	chr1	FALSE	TRUE
Hspb1	chr5	TRUE	TRUE
Hspa1b	chr17	FALSE	TRUE
Hspa2	chr12	TRUE	TRUE
Hspe1	chr1	FALSE	FALSE
Htr1a	chr13	TRUE	TRUE
Id1	chr2	TRUE	TRUE
Id2	chr12	TRUE	TRUE
Id3	chr4	TRUE	TRUE
Ier2	chr8	TRUE	TRUE
Ier3	chr17	FALSE	TRUE
Ier5	chr1	FALSE	TRUE
Cxcl10	chr5	FALSE	TRUE
Ifna1	chr4	FALSE	FALSE
Ifna11	chr4	FALSE	TRUE
Ifna2	chr4	FALSE	FALSE
Ifna4	chr4	FALSE	TRUE
Ifna5	chr4	FALSE	FALSE
Ifna6	chr4	FALSE	TRUE
Ifna7	chr4	FALSE	FALSE
Ifna9	chr4	FALSE	TRUE
Ifnab	chr4	FALSE	FALSE
Ifnb1	chr4	TRUE	FALSE
Cd79b	chr11	FALSE	FALSE
Ccn1	chr3	FALSE	TRUE
Il18bp	chr7	FALSE	FALSE
Igll1	chr16	FALSE	FALSE
Il13	chr11	FALSE	FALSE
Il17a	chr1	FALSE	FALSE
Il3	chr11	FALSE	FALSE
Il5	chr11	FALSE	FALSE
Il9	chr13	FALSE	FALSE
Inha	chr1	FALSE	TRUE
Ins1	chr19	TRUE	FALSE
Insl3	chr8	FALSE	TRUE
Irs3	chr5	FALSE	TRUE
Irx3	chr8	TRUE	TRUE
Ivl	chr3	FALSE	FALSE
Jun	chr4	TRUE	TRUE
Junb	chr8	FALSE	TRUE
Jund	chr8	FALSE	FALSE
Kap	chr6	FALSE	FALSE
Kcna3	chr3	FALSE	TRUE
Kcna5	chr6	FALSE	TRUE
Kcna7	chr7	FALSE	FALSE
Kcnj11	chr7	TRUE	TRUE
Kcnk7	chr19	FALSE	FALSE
Fabp5	chr3	TRUE	TRUE
Klf1	chr8	FALSE	TRUE
Klf2	chr8	FALSE	TRUE
Klk1b7-ps	chr7	FALSE	FALSE
Klk1	chr7	FALSE	FALSE
Klk1b11	chr7	FALSE	FALSE
Klk1b21	chr7	FALSE	FALSE
Klk1b24	chr7	FALSE	FALSE
Klk1b27	chr7	FALSE	FALSE
Klk1b1	chr7	FALSE	FALSE
Klk1b8	chr7	FALSE	FALSE
Mafb	chr2	TRUE	TRUE
Krt31	chr11	FALSE	FALSE
Krt10	chr11	FALSE	FALSE
Krt13	chr11	FALSE	FALSE
Krt14	chr11	FALSE	FALSE
Krt15	chr11	FALSE	FALSE
Krt16	chr11	FALSE	FALSE
Krt18	chr15	FALSE	TRUE
Krt34	chr11	FALSE	FALSE
Krt36	chr11	FALSE	FALSE
Krt6a	chr15	FALSE	FALSE
Krt6b	chr15	FALSE	FALSE
Krtap11-1	chr16	FALSE	TRUE
Krtap12-1	chr10	FALSE	FALSE
Krtap13	chr16	FALSE	FALSE
Krtap6-1	chr16	FALSE	FALSE
Krtap6-2	chr16	FALSE	FALSE
Krtap8-1	chr16	FALSE	FALSE
Krtap9-1	chr11	FALSE	FALSE
Lalba	chr15	FALSE	FALSE
Rpsa	chr9	FALSE	FALSE
Lbx1	chr19	TRUE	TRUE
Lbx2	chr6	FALSE	TRUE
Lcat	chr8	FALSE	FALSE
Lcn2	chr2	TRUE	FALSE
Lcn3	chr2	FALSE	FALSE
Lcn4	chr2	FALSE	FALSE
Lgals1	chr15	TRUE	FALSE
Lgals6	chr7	FALSE	FALSE
Lgals7	chr7	FALSE	FALSE
Lhb	chr7	FALSE	TRUE
Rps2	chr17	FALSE	FALSE
Psmb8	chr17	FALSE	TRUE
Loricrin	chr3	FALSE	TRUE
Xcl1	chr1	FALSE	FALSE
Lst1	chr17	TRUE	FALSE
Lta	chr17	TRUE	TRUE
Ltb	chr17	FALSE	TRUE
Ltb4r1	chr14	FALSE	TRUE
Ltc4s	chr11	FALSE	TRUE
Gpha2	chr19	FALSE	FALSE
Krtap19-2	chr16	FALSE	FALSE
Krtap21-1	chr16	FALSE	FALSE
Ly6d	chr15	FALSE	TRUE
Ly6f	chr15	TRUE	FALSE
Trhr2	chr8	FALSE	FALSE
Sertad3	chr7	FALSE	FALSE
Rac3	chr11	TRUE	TRUE
Nherf4	chr9	FALSE	FALSE
Rfxap	chr3	FALSE	FALSE
Tmed1	chr9	FALSE	FALSE
Lyl1	chr8	FALSE	FALSE
Mab21l1	chr3	FALSE	TRUE
Vmn1r37	chr6	FALSE	FALSE
Vmn1r36	chr6	FALSE	FALSE
Vmn1r35	chr6	FALSE	FALSE
Vmn1r38	chr6	FALSE	FALSE
Vmn1r33	chr6	FALSE	FALSE
Vmn1r17	chr6	FALSE	FALSE
Vmn1r26	chr6	FALSE	FALSE
Vmn1r24	chr6	FALSE	FALSE
Vmn1r5	chr6	FALSE	FALSE
Vmn1r6	chr6	FALSE	FALSE
Vmn1r4	chr6	FALSE	FALSE
Vmn1r30	chr6	TRUE	FALSE
Vmn1r22	chr6	FALSE	FALSE
Vmn1r23	chr6	FALSE	FALSE
Vmn1r28	chr6	FALSE	FALSE
Vmn1r18	chr6	FALSE	FALSE
Vmn1r19	chr6	FALSE	FALSE
Vmn1r21	chr6	FALSE	FALSE
Vmn1r16	chr6	FALSE	FALSE
Vmn1r9	chr6	FALSE	FALSE
Vmn1r8	chr6	FALSE	FALSE
Vmn1r27	chr6	FALSE	FALSE
Asic3	chr5	TRUE	TRUE
Mxd3	chr13	FALSE	FALSE
Vmn1r232	chr17	FALSE	FALSE
Madcam1	chr10	FALSE	FALSE
Vmn1r234	chr17	FALSE	FALSE
Vmn1r236	chr17	FALSE	FALSE
Vmn1r80	chr7	FALSE	FALSE
Vmn1r-ps103	chr13	FALSE	FALSE
Vmn1r200	chr13	FALSE	FALSE
Vmn1r199	chr13	FALSE	FALSE
Vmn1r214	chr13	FALSE	FALSE
Vmn1r213	chr13	FALSE	FALSE
Vmn1r206	chr13	FALSE	FALSE
Vmn1r205	chr13	FALSE	FALSE
Vmn1r208	chr13	FALSE	FALSE
Vmn1r215	chr13	FALSE	FALSE
Vmn1r198	chr13	FALSE	FALSE
Vmn1r201	chr13	FALSE	FALSE
Vmn1r218	chr13	FALSE	FALSE
Vmn1r195	chr13	FALSE	FALSE
Vmn1r202	chr13	FALSE	FALSE
Vmn1r210	chr13	FALSE	FALSE
Vmn1r203	chr13	FALSE	FALSE
Vmn1r220	chr13	FALSE	FALSE
Vmn1r219	chr13	FALSE	FALSE
Vmn1r217	chr13	FALSE	FALSE
Vmn1r222	chr13	FALSE	FALSE
Vmn1r212	chr13	FALSE	FALSE
Vmn1r197	chr13	FALSE	FALSE
Vmn1r216	chr13	FALSE	FALSE
Magea1	chrX	FALSE	FALSE
Magea4	chrX	FALSE	FALSE
Mageb2	chrX	FALSE	FALSE
Mageb3	chr2	FALSE	TRUE
Apobr	chr7	FALSE	FALSE
Ucn2	chr9	FALSE	FALSE
Ascl1	chr10	TRUE	TRUE
Ascl2	chr7	TRUE	TRUE
Mc1r	chr8	TRUE	TRUE
Mc3r	chr2	FALSE	TRUE
Mc4r	chr18	FALSE	TRUE
Mcl1	chr3	TRUE	FALSE
Mcpt-ps1	chr14	FALSE	FALSE
Mcpt1	chr14	FALSE	FALSE
Mcpt2	chr14	FALSE	FALSE
Mcpt4	chr14	FALSE	FALSE
Cma1	chr14	FALSE	TRUE
Tpsb2	chr17	FALSE	FALSE
Mcpt8	chr14	FALSE	TRUE
Mcpt9	chr14	FALSE	FALSE
Mdk	chr2	TRUE	TRUE
Mea1	chr17	FALSE	FALSE
Mesp1	chr7	TRUE	TRUE
Mesp2	chr7	FALSE	FALSE
Foxd2	chr4	FALSE	TRUE
Mgp	chr6	FALSE	FALSE
Mif	chr10	FALSE	TRUE
Bhlha15	chr5	TRUE	FALSE
Marcksl1	chr4	TRUE	TRUE
Mos	chr4	FALSE	TRUE
Mpeg1	chr19	FALSE	FALSE
Msc	chr1	FALSE	TRUE
Cited2	chr10	TRUE	TRUE
Msx1	chr5	TRUE	TRUE
Msx3	chr7	FALSE	TRUE
Mt1	chr8	TRUE	TRUE
Polr2k	chr15	FALSE	FALSE
Mt2	chr8	FALSE	TRUE
Mt3	chr8	TRUE	TRUE
Mt4	chr8	FALSE	FALSE
Fam89b	chr19	FALSE	FALSE
Muc1	chr3	FALSE	FALSE
Mup1	chr4	FALSE	FALSE
Mup3	chr4	FALSE	FALSE
Mup4	chr4	FALSE	FALSE
Mup5	chr4	FALSE	FALSE
Ppp1r15a	chr7	FALSE	FALSE
Gadd45b	chr10	FALSE	TRUE
Myd88	chr9	TRUE	TRUE
Myf5	chr10	FALSE	FALSE
Myf6	chr10	FALSE	TRUE
Myl7	chr11	FALSE	TRUE
Myl6	chr10	FALSE	FALSE
Myod1	chr7	FALSE	TRUE
Myog	chr1	FALSE	TRUE
Nap1l2	chrX	TRUE	FALSE
Nat1	chr8	FALSE	FALSE
Ndn	chr7	TRUE	FALSE
Ndufa2	chr18	FALSE	FALSE
Neu1	chr17	TRUE	FALSE
Neurod1	chr2	TRUE	FALSE
Neurod2	chr11	TRUE	FALSE
Neurog1	chr13	TRUE	TRUE
Nfkbia	chr12	FALSE	TRUE
Klk1b4	chr7	FALSE	FALSE
Klk1b3	chr7	FALSE	FALSE
Ngp	chr9	FALSE	FALSE
Nkx2-3	chr19	FALSE	TRUE
Nkx2-6	chr14	TRUE	TRUE
Nkx2-9	chr12	TRUE	TRUE
Nkx3-1	chr14	FALSE	TRUE
Nnat	chr2	TRUE	FALSE
Mrpl49	chr19	FALSE	FALSE
Nog	chr11	TRUE	TRUE
Npm3	chr19	FALSE	TRUE
Nppb	chr4	FALSE	FALSE
Nppc	chr1	TRUE	TRUE
Oaz1	chr10	FALSE	FALSE
Sebox	chr11	FALSE	FALSE
Or2y1b	chr11	TRUE	FALSE
Or2a7	chr6	TRUE	TRUE
Or2c1	chr16	TRUE	FALSE
Or10j5	chr1	TRUE	FALSE
Or10a4	chr7	TRUE	FALSE
Or7a40	chr16	TRUE	FALSE
Or1e17	chr11	TRUE	FALSE
Or1m1	chr9	TRUE	FALSE
Or8c9	chr9	TRUE	FALSE
Or1j1	chr2	TRUE	FALSE
Or2z2	chr11	TRUE	FALSE
Or2t1	chr14	TRUE	FALSE
Or51a39	chr7	TRUE	FALSE
Or2w1	chr13	TRUE	FALSE
Or13a17	chr7	TRUE	FALSE
Or2a57	chr6	TRUE	FALSE
Or4c58	chr2	TRUE	FALSE
Or6e1	chr14	TRUE	FALSE
Or1j21	chr2	TRUE	FALSE
Or1ad8	chr11	TRUE	FALSE
Or8u8	chr2	TRUE	FALSE
Or1x2	chr11	TRUE	FALSE
Or7a41	chr10	TRUE	FALSE
Or13a27	chr7	TRUE	FALSE
Or13a28	chr7	TRUE	FALSE
Or13p10	chr4	TRUE	FALSE
Or51b4	chr7	TRUE	FALSE
Or7a42	chr10	TRUE	FALSE
Or10p22	chr10	TRUE	FALSE
Omg	chr11	TRUE	FALSE
Omp	chr7	TRUE	TRUE
Omt2a	chr9	FALSE	FALSE
Orm1	chr4	FALSE	TRUE
Orm2	chr4	FALSE	TRUE
Orm3	chr4	FALSE	TRUE
Osm	chr11	TRUE	TRUE
Oxt	chr2	TRUE	TRUE
Pabpc2	chr18	FALSE	FALSE
Pafah1b3	chr7	FALSE	TRUE
Reg3b	chr6	FALSE	FALSE
Pcdh8	chr14	TRUE	TRUE
Pcna	chr2	FALSE	FALSE
Pcp2	chr8	FALSE	FALSE
Pdha2	chr3	FALSE	FALSE
Rhox5	chrX	FALSE	FALSE
Pfn1	chr11	TRUE	FALSE
Pgk2	chr17	FALSE	FALSE
Phxr4	chr9	FALSE	FALSE
Pip	chr6	TRUE	FALSE
Pla2g2a	chr4	FALSE	FALSE
Plp2	chrX	FALSE	FALSE
Ppp1r14b	chr19	FALSE	TRUE
Pnmt	chr11	FALSE	TRUE
Pou3f1	chr4	TRUE	TRUE
Pou3f4	chrX	TRUE	TRUE
Pou4f2	chr8	TRUE	TRUE
Pou4f3	chr18	TRUE	TRUE
Pou5f1	chr17	FALSE	FALSE
Scand1	chr2	FALSE	FALSE
Ppp1ca	chr19	FALSE	FALSE
Ppp2r3d	chr9	FALSE	FALSE
Ppp3r2	chr4	FALSE	FALSE
Ppy	chr11	FALSE	TRUE
Prg2	chr2	FALSE	FALSE
Prm2	chr16	FALSE	FALSE
Procr	chr2	FALSE	FALSE
Prop1	chr11	TRUE	FALSE
Prph	chr15	FALSE	TRUE
Psmb10	chr8	FALSE	TRUE
Psmb4	chr3	FALSE	FALSE
Psmb5	chr14	FALSE	FALSE
Psmb6	chr11	FALSE	FALSE
Psmc3ip	chr11	FALSE	FALSE
Psme1	chr14	FALSE	FALSE
Psme2	chr14	FALSE	FALSE
Pspn	chr17	FALSE	FALSE
Rhox6	chrX	FALSE	FALSE
Ptf1a	chr2	TRUE	TRUE
Ptgds	chr2	FALSE	FALSE
Lrrc4	chr6	TRUE	TRUE
Wfdc12	chr2	FALSE	FALSE
Ptgir	chr7	FALSE	FALSE
Hexim1	chr11	FALSE	FALSE
Pth	chr7	FALSE	FALSE
Ptma	chr1	FALSE	TRUE
Tmsb10	chr6	FALSE	TRUE
Tmsb4x	chrX	FALSE	TRUE
Ptprcap	chr19	FALSE	FALSE
Ttc36	chr9	TRUE	FALSE
Arhgdia	chr11	TRUE	FALSE
Lrrc3c	chr11	FALSE	TRUE
Or1e25	chr11	TRUE	FALSE
Rab24	chr13	FALSE	FALSE
Rab3a	chr8	TRUE	FALSE
Hspa1a	chr17	FALSE	TRUE
Rab34	chr11	FALSE	TRUE
Ran	chr5	FALSE	FALSE
Rasd1	chr11	FALSE	TRUE
Slfnl1	chr4	FALSE	FALSE
Rasl2-9	chr7	FALSE	FALSE
Gm5	chr5	FALSE	FALSE
Gm9	chrX	FALSE	FALSE
Pld6	chr11	FALSE	FALSE
Gsc2	chr16	FALSE	TRUE
Zfp691	chr4	FALSE	FALSE
Rbmxl1	chr8	FALSE	FALSE
Rce1	chr19	FALSE	FALSE
Reg3a	chr6	FALSE	FALSE
Reg3g	chr6	FALSE	FALSE
Ren1	chr1	FALSE	TRUE
Bex1	chrX	TRUE	FALSE
Rfng	chr11	TRUE	FALSE
Slc50a1	chr3	FALSE	TRUE
Rnase1	chr14	FALSE	FALSE
Ring1	chr17	FALSE	FALSE
Rln1	chr19	FALSE	TRUE
Rom1	chr19	TRUE	FALSE
Rpl10a	chr17	TRUE	FALSE
Rpl19	chr11	FALSE	FALSE
Rpl21	chr5	FALSE	FALSE
Rpl26	chr11	TRUE	FALSE
Rpl27	chr11	TRUE	FALSE
Rpl28	chr7	TRUE	FALSE
Rpl29	chr9	TRUE	FALSE
Rpl30	chr15	FALSE	FALSE
Rpl32	chr6	TRUE	FALSE
Rpl37a	chr1	TRUE	FALSE
Rpl36a	chrX	TRUE	FALSE
Rpl7	chr1	TRUE	FALSE
Rpl9	chr5	TRUE	FALSE
Polr1c	chr17	FALSE	FALSE
Rps12	chr10	TRUE	FALSE
Rps15	chr10	FALSE	FALSE
Rps16	chr7	TRUE	FALSE
Rps17	chr7	FALSE	FALSE
Rps18	chr17	FALSE	FALSE
Rps29	chr12	FALSE	TRUE
Rps4x	chrX	FALSE	FALSE
Rps5	chr7	TRUE	FALSE
Rps6	chr4	FALSE	FALSE
Rps8	chr4	FALSE	FALSE
Rras	chr7	TRUE	FALSE
Hps6	chr19	FALSE	FALSE
S100a1	chr3	FALSE	TRUE
S100a4	chr3	FALSE	FALSE
S100a5	chr3	FALSE	FALSE
S100a8	chr3	TRUE	FALSE
S100a9	chr3	TRUE	FALSE
Saa1	chr7	FALSE	TRUE
Saa2	chr7	FALSE	TRUE
Saa3	chr7	FALSE	FALSE
Saa4	chr7	FALSE	FALSE
Apcs	chr1	FALSE	FALSE
Sat1	chrX	FALSE	FALSE
Sbp	chr17	FALSE	FALSE
Clec11a	chr7	FALSE	TRUE
Sct	chr7	TRUE	TRUE
Scx	chr15	FALSE	TRUE
Ccl12	chr11	FALSE	FALSE
Ccl17	chr8	FALSE	TRUE
Ccl2	chr11	TRUE	FALSE
Ccl20	chr1	FALSE	FALSE
Ccl3	chr11	TRUE	FALSE
Ccl4	chr11	FALSE	FALSE
Ccl5	chr11	TRUE	FALSE
Ccl7	chr11	FALSE	FALSE
Ccl8	chr11	FALSE	FALSE
Cxcl2	chr5	FALSE	TRUE
Cxcl5	chr5	TRUE	TRUE
Srsf2	chr11	FALSE	FALSE
Sftpa1	chr14	FALSE	FALSE
Sftpc	chr14	FALSE	TRUE
Shbg	chr11	FALSE	FALSE
Six2	chr17	FALSE	TRUE
Six5	chr7	FALSE	TRUE
Slc18a3	chr14	TRUE	TRUE
Snai2	chr16	TRUE	TRUE
Smpd1	chr7	FALSE	FALSE
Smpd2	chr10	FALSE	TRUE
Sst	chr16	TRUE	TRUE
Sstr1	chr12	FALSE	TRUE
Sstr4	chr2	FALSE	TRUE
Snai1	chr2	FALSE	TRUE
Snapin	chr3	TRUE	FALSE
Sncg	chr14	TRUE	TRUE
Sox12	chr2	TRUE	TRUE
Sox14	chr9	TRUE	TRUE
Sox15	chr11	FALSE	FALSE
Sox18	chr2	FALSE	TRUE
Sox2	chr3	TRUE	TRUE
Sox3	chrX	TRUE	TRUE
Sprr1a	chr3	FALSE	FALSE
Sprr1b	chr3	FALSE	FALSE
Sprr2b	chr3	FALSE	FALSE
Sprr2d	chr3	FALSE	FALSE
Sprr2e	chr3	FALSE	FALSE
Sprr2f	chr3	FALSE	FALSE
Sprr2g	chr3	FALSE	FALSE
Sprr2h	chr3	FALSE	FALSE
Sprr2i	chr3	FALSE	FALSE
Sprr2j-ps	chr3	FALSE	FALSE
Sprr2k	chr3	FALSE	FALSE
Sprr3	chr3	FALSE	FALSE
Sephs2	chr7	FALSE	FALSE
Mucl2	chr15	FALSE	FALSE
Mucl1	chr15	FALSE	FALSE
Mchr1	chr15	FALSE	TRUE
Srm	chr4	FALSE	FALSE
Srp14	chr2	FALSE	FALSE
Ankrd33	chr15	FALSE	TRUE
Ssr4	chrX	FALSE	FALSE
Znrf4	chr17	FALSE	TRUE
Ndufaf8	chr11	FALSE	FALSE
Stfa2	chr16	FALSE	FALSE
Tspan10	chr11	FALSE	FALSE
Sult1a1	chr7	FALSE	FALSE
Cenpx	chr11	FALSE	FALSE
Npb	chr11	FALSE	FALSE
Eif1	chr11	FALSE	FALSE
Surf1	chr2	FALSE	FALSE
Surf2	chr2	FALSE	FALSE
Sva	chr6	FALSE	FALSE
Svs4	chr2	FALSE	FALSE
Svs5	chr2	FALSE	FALSE
Svs6	chr2	FALSE	FALSE
Taar2	chr10	FALSE	FALSE
Taar4	chr10	TRUE	TRUE
Taar7b	chr10	FALSE	TRUE
Rtl9	chrX	FALSE	TRUE
Sycp1-ps1	chr7	FALSE	FALSE
Syngr2	chr11	TRUE	TRUE
Vmn1r183	chr7	FALSE	FALSE
BC048679	chr7	FALSE	FALSE
Hus1b	chr13	FALSE	FALSE
Spata31e5	chr1	FALSE	FALSE
Kbtbd7	chr14	FALSE	FALSE
Suox	chr10	FALSE	FALSE
Or2y8	chr11	TRUE	FALSE
Ado	chr10	FALSE	TRUE
Tmem60	chr5	FALSE	TRUE
Rln3	chr8	FALSE	TRUE
Frat2	chr19	FALSE	FALSE
Sprn	chr7	FALSE	FALSE
Gm266	chr12	FALSE	TRUE
BC024386	chr7	FALSE	FALSE
Ifitm6	chr7	FALSE	FALSE
Rnf26	chr9	FALSE	FALSE
Dnd1	chr18	FALSE	FALSE
Txndc2	chr17	FALSE	FALSE
Depp1	chr6	FALSE	FALSE
Rtl3	chrX	FALSE	FALSE
Chrm5	chr2	TRUE	FALSE
Tbx6	chr7	TRUE	FALSE
Tcap	chr11	TRUE	TRUE
Tcf21	chr10	FALSE	TRUE
Syna	chr5	FALSE	FALSE
Gm4787	chr12	FALSE	FALSE
Uqcc4	chr17	FALSE	FALSE
Slc10a3	chrX	FALSE	FALSE
Afg2b	chr2	FALSE	FALSE
Slc39a2	chr14	FALSE	FALSE
Wfikkn1	chr17	FALSE	FALSE
Il1f10	chr2	FALSE	FALSE
Mfsd6l	chr11	FALSE	TRUE
Taar5	chr10	TRUE	TRUE
Taar6	chr10	FALSE	FALSE
Taar7a	chr10	FALSE	TRUE
Taar8a	chr10	FALSE	FALSE
Calhm6	chr10	FALSE	FALSE
Rfpl4b	chr10	FALSE	FALSE
Myl6b	chr10	FALSE	FALSE
Fem1al	chr11	FALSE	TRUE
Hbq1a	chr11	FALSE	TRUE
Phlda1	chr10	FALSE	TRUE
Or2ak7	chr11	TRUE	FALSE
Prss38	chr11	FALSE	FALSE
Kctd11	chr11	TRUE	TRUE
Slc16a11	chr11	FALSE	FALSE
Gltpd2	chr11	FALSE	FALSE
Elobl	chr11	FALSE	FALSE
Scrn2	chr11	FALSE	FALSE
Cisd3	chr11	FALSE	FALSE
Pyy	chr11	FALSE	TRUE
Nags	chr11	FALSE	TRUE
Uts2r	chr11	FALSE	TRUE
Inmt	chr6	FALSE	TRUE
Prss39	chr1	FALSE	TRUE
BC042761	chr12	FALSE	FALSE
Mgat2	chr12	FALSE	TRUE
Tff1	chr17	FALSE	FALSE
Tff2	chr17	FALSE	FALSE
Tff3	chr17	FALSE	FALSE
Rd3l	chr12	FALSE	FALSE
Or2b6	chr13	TRUE	FALSE
Thbd	chr2	FALSE	TRUE
Eif4e1b	chr13	FALSE	FALSE
BC051665	chr13	FALSE	FALSE
Timp1	chrX	FALSE	FALSE
Ccno	chr13	FALSE	TRUE
Fabp9	chr3	FALSE	FALSE
4930503F20Rik	chr14	FALSE	TRUE
Eddm3b	chr14	FALSE	FALSE
Tppp2	chr14	FALSE	FALSE
Tlx2	chr6	TRUE	TRUE
Arl11	chr14	FALSE	TRUE
Tnnc1	chr14	TRUE	FALSE
Tnnc2	chr2	TRUE	TRUE
Tnf	chr17	TRUE	FALSE
Tnfrsf18	chr4	FALSE	FALSE
Cd27	chr6	FALSE	FALSE
Cd70	chr17	FALSE	FALSE
Tnfsf9	chr17	TRUE	FALSE
Tnni2	chr7	TRUE	FALSE
Tnp1	chr1	FALSE	FALSE
Tnp2	chr16	FALSE	TRUE
Tpbg	chr9	TRUE	TRUE
Tpi1	chr6	FALSE	FALSE
Trap1a	chrX	FALSE	FALSE
Trex1	chr9	TRUE	FALSE
Trh	chr6	FALSE	TRUE
Trip6	chr5	FALSE	FALSE
Tob1	chr11	FALSE	FALSE
Tpt1	chr14	FALSE	TRUE
Prss2	chr6	FALSE	FALSE
Prss3	chr6	FALSE	FALSE
Try4	chr6	FALSE	FALSE
Tspyl1	chr10	FALSE	FALSE
Phlda2	chr7	FALSE	TRUE
Tssk1	chr16	FALSE	FALSE
Tssk2	chr16	FALSE	FALSE
Rpl13a	chr7	TRUE	FALSE
Tuba1a	chr15	TRUE	FALSE
Tubb2a	chr13	TRUE	TRUE
Tubb5	chr17	TRUE	FALSE
Twist1	chr12	TRUE	TRUE
Tnfrsf4	chr4	FALSE	FALSE
Tyms-ps	chr10	FALSE	FALSE
Tyrobp	chr7	TRUE	FALSE
Zrsr2-ps1	chr11	FALSE	FALSE
Ubb	chr11	TRUE	FALSE
Ubc	chr5	FALSE	FALSE
Ube2m	chr7	TRUE	FALSE
Ucn	chr5	TRUE	TRUE
Uncx	chr5	TRUE	TRUE
Nr1h2	chr7	FALSE	FALSE
Prap1	chr7	FALSE	FALSE
Upk2	chr9	FALSE	TRUE
Uqcrq	chr11	TRUE	FALSE
Urod	chr4	FALSE	FALSE
Utf1	chr7	FALSE	TRUE
Scgb1a1	chr19	FALSE	FALSE
Vamp2	chr11	TRUE	FALSE
Sox21	chr14	TRUE	TRUE
Vax1	chr19	TRUE	TRUE
Timm8a2	chr14	FALSE	FALSE
Lin7b	chr7	TRUE	FALSE
Vpreb1a	chr16	FALSE	FALSE
Them6	chr15	FALSE	TRUE
Vpreb1b	chr16	FALSE	FALSE
Mroh6	chr15	FALSE	TRUE
Naprt	chr15	FALSE	TRUE
Ccdc166	chr15	FALSE	TRUE
C030006K11Rik	chr15	FALSE	TRUE
Tomm22	chr15	FALSE	FALSE
Vtn	chr11	TRUE	FALSE
Wap	chr11	FALSE	FALSE
Rtl6	chr15	FALSE	FALSE
Wbp1	chr6	FALSE	FALSE
Pim3	chr15	FALSE	FALSE
Adm2	chr15	FALSE	TRUE
Tceal9	chrX	FALSE	FALSE
Wnt1	chr15	TRUE	TRUE
Fam43a	chr16	FALSE	TRUE
Ftdc2	chr16	FALSE	FALSE
H2-M10.4	chr17	FALSE	FALSE
H2-M11	chr17	FALSE	FALSE
H2-M1	chr17	FALSE	FALSE
H2-M10.5	chr17	FALSE	FALSE
Lrrc73	chr17	FALSE	TRUE
Micos13	chr17	FALSE	FALSE
Gjd4	chr18	FALSE	FALSE
Rell2	chr18	FALSE	TRUE
Fam170a	chr18	FALSE	FALSE
Gm9949	chr18	FALSE	TRUE
Gm550	chr19	FALSE	FALSE
Lrfn4	chr19	TRUE	FALSE
Gstp3	chr19	FALSE	FALSE
Ndufs8	chr19	FALSE	FALSE
Ubxn1	chr19	FALSE	FALSE
Prlhr	chr19	FALSE	TRUE
Npbwr1	chr1	FALSE	FALSE
Tmem185b	chr1	FALSE	FALSE
C1ql2	chr1	TRUE	TRUE
Zfa-ps	chr10	FALSE	FALSE
Ascl5	chr1	FALSE	TRUE
Mkrn3	chr7	FALSE	FALSE
Aph1a	chr3	FALSE	FALSE
Tstd1	chr1	FALSE	FALSE
Becn2	chr1	FALSE	FALSE
Zfp36	chr7	FALSE	TRUE
Cxcr1	chr1	FALSE	FALSE
Gpbar1	chr1	FALSE	FALSE
B3gnt7	chr1	FALSE	TRUE
Rpp38	chr2	FALSE	FALSE
Tor4a	chr2	FALSE	TRUE
Tubb4b	chr2	FALSE	FALSE
Tmem203	chr2	FALSE	FALSE
Lrrc26	chr2	FALSE	TRUE
Obp2a	chr2	FALSE	FALSE
Lcn11	chr2	FALSE	FALSE
Sohlh1	chr2	FALSE	TRUE
Dolk	chr2	FALSE	FALSE
Qrfp	chr2	FALSE	TRUE
Zic2	chr14	TRUE	FALSE
Or12k5	chr2	TRUE	FALSE
Gm13498	chr2	FALSE	FALSE
Atp5mc3	chr2	FALSE	FALSE
Or5t17	chr2	TRUE	FALSE
Or4k77	chr2	TRUE	FALSE
Rhov	chr2	FALSE	TRUE
Smim26	chr2	FALSE	FALSE
Nkx2-4	chr2	FALSE	TRUE
Ppp1r3d	chr2	FALSE	TRUE
Samd10	chr2	FALSE	FALSE
S100a7l2	chr3	FALSE	FALSE
Gm128	chr3	FALSE	FALSE
Ciart	chr3	FALSE	FALSE
Tram1l1	chr3	FALSE	TRUE
Gm4861	chr3	FALSE	TRUE
Acnat1	chr4	FALSE	FALSE
Ifna13	chr4	FALSE	TRUE
Ifna16	chr4	FALSE	FALSE
Ifne	chr4	FALSE	FALSE
Pars2	chr4	FALSE	FALSE
Tmem69	chr4	FALSE	FALSE
Tmem125	chr4	FALSE	FALSE
Yrdc	chr4	FALSE	FALSE
Eva1b	chr4	FALSE	TRUE
5730409E04Rik	chr4	FALSE	FALSE
Fam167b	chr4	FALSE	TRUE
Iqcc	chr4	FALSE	FALSE
Nppa	chr4	TRUE	FALSE
Fndc10	chr4	FALSE	FALSE
Cytl1	chr5	FALSE	FALSE
Semp2l2a	chr8	FALSE	FALSE
P2rx2	chr5	TRUE	TRUE
Alkbh2	chr5	FALSE	FALSE
B3gnt4	chr5	FALSE	FALSE
Trappc14	chr5	FALSE	FALSE
Gm4871	chr5	FALSE	FALSE
Gm4872	chr6	FALSE	TRUE
Foxi3	chr6	FALSE	TRUE
Tmem150a	chr6	FALSE	FALSE
5530400C23Rik	chr6	FALSE	FALSE
H2aj	chr6	FALSE	TRUE
Ppm1n	chr7	FALSE	FALSE
Bloc1s3	chr7	TRUE	FALSE
Nccrp1	chr7	FALSE	TRUE
Syne4	chr7	FALSE	FALSE
U2af1l4	chr7	FALSE	FALSE
Ffar3	chr7	TRUE	FALSE
Ffar1	chr7	FALSE	FALSE
Scgb2b24	chr7	FALSE	FALSE
Or52m2	chr7	TRUE	FALSE
Cnga4	chr7	TRUE	FALSE
Or6b9	chr7	TRUE	FALSE
Tufm	chr7	FALSE	FALSE
Hirip3	chr7	FALSE	FALSE
Asphd1	chr7	FALSE	FALSE
Zfp768	chr7	FALSE	FALSE
Zfp764	chr7	FALSE	FALSE
Dkk4	chr8	FALSE	FALSE
Helt	chr8	TRUE	TRUE
BC030500	chr8	FALSE	TRUE
Mpv17l2	chr8	FALSE	FALSE
Ankle1	chr8	FALSE	FALSE
Nrn1l	chr8	TRUE	FALSE
Il17c	chr8	FALSE	FALSE
Ppan	chr9	FALSE	FALSE
Cypt4	chr9	FALSE	FALSE
Or8g33	chr9	TRUE	FALSE
Or10d1b	chr9	TRUE	FALSE
C1qtnf5	chr9	FALSE	TRUE
Fam240a	chr9	FALSE	FALSE
Gm13238	chr4	FALSE	FALSE
Tcstv3	chr13	FALSE	FALSE
Or1af1	chr2	TRUE	FALSE
Tcstv2a	chr13	FALSE	FALSE
Or11q2	chrX	TRUE	FALSE
Or5o1	chrX	TRUE	FALSE
Tceal1	chrX	FALSE	FALSE
Gm4925	chr10	FALSE	FALSE
Lrrc10	chr10	FALSE	TRUE
Fbll1	chr11	FALSE	TRUE
Sowaha	chr11	FALSE	FALSE
Mief2	chr11	FALSE	FALSE
1700071K01Rik	chr11	FALSE	FALSE
Adam25	chr8	FALSE	FALSE
Aoc2	chr11	FALSE	FALSE
Aplnr	chr2	FALSE	TRUE
Gdf7	chr12	TRUE	TRUE
Rpl10l	chr12	FALSE	FALSE
Banf1	chr19	FALSE	FALSE
Gpr135	chr12	FALSE	TRUE
Tmem30b	chr12	FALSE	TRUE
Irf2bpl	chr12	TRUE	TRUE
Defa17	chr8	FALSE	FALSE
Gpr150	chr13	FALSE	TRUE
Gadd45g	chr13	FALSE	TRUE
Gdf15	chr8	FALSE	TRUE
Gapt	chr13	FALSE	TRUE
Actbl2	chr13	TRUE	TRUE
Hax1	chr3	FALSE	FALSE
Hcst	chr7	FALSE	FALSE
4930596D02Rik	chr14	FALSE	FALSE
Jtb	chr3	FALSE	FALSE
Krtap14	chr16	FALSE	FALSE
Rxfp3	chr15	FALSE	TRUE
Tspyl5	chr15	FALSE	TRUE
Mab21l2	chr3	FALSE	TRUE
A930017M01Rik	chr15	FALSE	FALSE
Nr0b2	chr4	FALSE	FALSE
Ccdc184	chr15	FALSE	TRUE
C1ql4	chr15	FALSE	TRUE
Pcbp1	chr6	FALSE	FALSE
Cldn17	chr16	FALSE	FALSE
Krtap24-1	chr16	FALSE	FALSE
Krtap27-1	chr16	FALSE	FALSE
Lrrc30	chr17	FALSE	FALSE
Gpr151	chr18	FALSE	TRUE
Mrps12	chr7	FALSE	FALSE
Ccdc85b	chr19	FALSE	FALSE
Ranbp6	chr19	FALSE	FALSE
Spry1	chr3	FALSE	TRUE
Sra1	chr18	FALSE	FALSE
Taf7	chr18	FALSE	FALSE
Teddm2	chr1	FALSE	FALSE
Teddm1a	chr1	FALSE	TRUE
Tekt2	chr4	TRUE	FALSE
Trex2	chrX	FALSE	FALSE
AA619741	chr1	FALSE	TRUE
Ubd	chr17	TRUE	FALSE
Uts2	chr4	TRUE	FALSE
Vmn1r49	chr6	TRUE	FALSE
Ypel4	chr2	FALSE	TRUE
Pin1rt1	chr2	TRUE	TRUE
Tspyl3	chr2	FALSE	FALSE
Abhd16b	chr2	FALSE	TRUE
Slc10a5	chr3	FALSE	FALSE
Rxfp4	chr3	FALSE	FALSE
Msantd5f1	chr4	FALSE	FALSE
Ifna15	chr4	FALSE	TRUE
Ifna12	chr4	FALSE	FALSE
Klhl9	chr4	FALSE	FALSE
C130073F10Rik	chr4	FALSE	FALSE
Hpdl	chr4	FALSE	TRUE
Dynlt4	chr4	FALSE	FALSE
Rab42	chr4	FALSE	FALSE
Cct8l1	chr5	FALSE	TRUE
Gm4961	chr5	FALSE	FALSE
Hcar1	chr5	FALSE	FALSE
Aoc1l1	chr6	FALSE	FALSE
H1f10	chr6	FALSE	TRUE
BC048671	chr6	FALSE	FALSE
Leng9	chr7	FALSE	FALSE
Ggn	chr7	FALSE	TRUE
Hspb6	chr7	FALSE	FALSE
4933405O20Rik	chr7	FALSE	FALSE
Gm4971	chr7	FALSE	FALSE
Ubqln3	chr7	FALSE	FALSE
Or56a4	chr7	TRUE	FALSE
Defb14	chr8	FALSE	FALSE
C2cd4a	chr9	FALSE	TRUE
Retnlg	chr16	TRUE	FALSE
Duxf4	chr10	FALSE	FALSE
AA414768	chrX	FALSE	TRUE
Sowahd	chrX	FALSE	TRUE
Dcaf12l2	chrX	FALSE	FALSE
Dcaf12l1	chrX	FALSE	FALSE
Pnma3	chrX	FALSE	FALSE
Ppp4r3c2	chrX	FALSE	FALSE
Gm614	chrX	FALSE	FALSE
Cypt2	chrX	FALSE	FALSE
4921511C20Rik	chrX	FALSE	FALSE
Klhl34	chrX	FALSE	TRUE
Trappc1	chr11	FALSE	FALSE
Polr2h	chr16	FALSE	FALSE
Defb11	chr8	FALSE	FALSE
Defb15	chr8	FALSE	FALSE
Defb13	chr8	FALSE	TRUE
Defb10	chr8	FALSE	FALSE
Ovca2	chr11	FALSE	FALSE
Defb19	chr2	FALSE	FALSE
Naxe	chr3	FALSE	FALSE
AY074887	chr9	FALSE	FALSE
Vmn1r189	chr13	FALSE	FALSE
Vmn1r192	chr13	FALSE	FALSE
Vmn1r85	chr7	FALSE	FALSE
Vmn1r188	chr13	FALSE	FALSE
Or6c204	chr10	FALSE	FALSE
Or6c203	chr10	TRUE	FALSE
Or6c2b	chr10	TRUE	FALSE
Or7g20	chr9	TRUE	FALSE
Or10ag54	chr2	TRUE	FALSE
Or8k28	chr2	TRUE	FALSE
Or5ac23	chr16	TRUE	FALSE
Or2bd2	chr7	TRUE	FALSE
Or8b38	chr9	TRUE	FALSE
Or2w25	chr11	TRUE	FALSE
Or4a67	chr2	TRUE	FALSE
Or2y1c	chr11	TRUE	FALSE
Or2h15	chr17	TRUE	FALSE
Or9s13	chr1	TRUE	FALSE
Or10ab4	chr7	TRUE	FALSE
Or2ab1	chr11	TRUE	FALSE
Or7d11	chr9	TRUE	FALSE
Or5g23	chr2	TRUE	FALSE
Or5m12	chr2	TRUE	FALSE
Or14a256	chr7	TRUE	FALSE
Or14c40	chr7	TRUE	FALSE
Or4q3	chr14	TRUE	FALSE
Or8g30	chr9	TRUE	FALSE
Or56b2j	chr7	TRUE	FALSE
Or9g20	chr2	TRUE	FALSE
Or5m8	chr2	TRUE	FALSE
Or2t44	chr11	TRUE	FALSE
Or5p5	chr7	TRUE	FALSE
Or14c43	chr7	TRUE	FALSE
Or2w3b	chr11	TRUE	FALSE
Or2av9	chr11	TRUE	FALSE
Or8k39	chr2	TRUE	FALSE
Or4k41	chr2	TRUE	FALSE
Or10q3	chr19	TRUE	FALSE
Or12j2	chr7	TRUE	FALSE
Or55b3	chr7	TRUE	FALSE
Or5al5	chr2	TRUE	FALSE
Or5ak4	chr2	TRUE	FALSE
Or4f14b	chr2	TRUE	FALSE
Or8g18	chr9	TRUE	FALSE
Or5bb10	chr19	TRUE	FALSE
Or2b11	chr11	TRUE	FALSE
Or2y12	chr11	TRUE	FALSE
Or5h25	chr16	TRUE	FALSE
Or8k21	chr2	TRUE	FALSE
Or52ab7	chr7	TRUE	FALSE
Or11n2	chrX	TRUE	FALSE
Or4k37	chr2	TRUE	FALSE
Or4f52	chr2	TRUE	FALSE
Or4a76	chr2	TRUE	FALSE
Or6c6	chr10	TRUE	FALSE
Or8b37	chr9	TRUE	FALSE
Or10g3b	chr14	TRUE	FALSE
Or2f1	chr6	TRUE	FALSE
Or6d13	chr6	TRUE	FALSE
Or4f62	chr2	TRUE	FALSE
Or4f14	chr2	TRUE	FALSE
Or2y1	chr11	TRUE	FALSE
Or5h23	chr16	TRUE	FALSE
Or5ac16	chr16	TRUE	FALSE
Or4k1	chr14	TRUE	FALSE
Or5p61	chr7	TRUE	FALSE
Or5p63	chr7	TRUE	FALSE
Or8g32	chr9	TRUE	FALSE
Or2h1b	chr17	TRUE	FALSE
Or6b13	chr7	TRUE	FALSE
Or12j4	chr7	TRUE	FALSE
Or4p20	chr2	TRUE	FALSE
Or2ak4	chr11	TRUE	FALSE
Or5af1	chr11	TRUE	FALSE
Or2b2	chr13	TRUE	FALSE
Or6c6c	chr10	TRUE	FALSE
Or6c5c	chr10	TRUE	FALSE
Or5be3	chr2	TRUE	FALSE
Or8g4	chr9	TRUE	FALSE
Or10d4	chr9	TRUE	FALSE
Or14a258	chr7	TRUE	FALSE
Or14j8	chr17	TRUE	FALSE
Or9q1	chr19	TRUE	FALSE
Or10w1	chr19	TRUE	FALSE
Or5w14	chr2	TRUE	FALSE
Or5w19	chr2	TRUE	FALSE
Or5d14	chr2	TRUE	FALSE
Or10ag59	chr2	TRUE	FALSE
Or11h23	chr14	TRUE	FALSE
Or5b109	chr19	TRUE	FALSE
Or5b111	chr19	TRUE	FALSE
Or5b118	chr19	TRUE	FALSE
Or52ab2	chr7	TRUE	FALSE
Or10a49	chr7	TRUE	FALSE
Or52s1b	chr7	TRUE	FALSE
Or52e8b	chr7	TRUE	FALSE
Or6c66b	chr10	TRUE	FALSE
Or9i1b	chr19	TRUE	FALSE
Or1d2	chr11	TRUE	FALSE
Or5m11b	chr2	TRUE	FALSE
Or4d10	chr19	TRUE	FALSE
Or2aj4	chr16	TRUE	FALSE
Or10ak9	chr4	TRUE	FALSE
Or52l1	chr7	TRUE	FALSE
Or56b1b	chr7	TRUE	FALSE
Or8g52	chr9	TRUE	FALSE
Or5ak20	chr2	TRUE	FALSE
Or51f1	chr7	TRUE	FALSE
Or4c117	chr2	TRUE	FALSE
Or5k16	chr16	TRUE	FALSE
Or1p1c	chr11	FALSE	FALSE
Or8b52	chr9	TRUE	FALSE
Or2t43	chr11	TRUE	FALSE
Or13a24	chr7	TRUE	FALSE
Or4p7	chr2	TRUE	FALSE
Or4c3	chr2	TRUE	FALSE
Or2f2	chr6	TRUE	FALSE
Or10ak8	chr4	TRUE	FALSE
Or5p78	chr7	TRUE	FALSE
Or12d2	chr17	TRUE	FALSE
Or2i1	chr17	TRUE	TRUE
Or12e13	chr2	TRUE	FALSE
Or14c46	chr7	TRUE	FALSE
Or10b1	chr10	TRUE	FALSE
Or10v9	chr19	TRUE	FALSE
Or6b2b	chr1	TRUE	FALSE
Or5b116	chr19	TRUE	FALSE
Or8k37	chr2	TRUE	FALSE
Or10x1	chr1	TRUE	FALSE
Or4c107	chr2	TRUE	FALSE
Or8g35	chr9	TRUE	FALSE
Or5m9b	chr2	TRUE	FALSE
Or51a24	chr7	TRUE	FALSE
Or6c76b	chr10	TRUE	FALSE
Or4f60	chr2	TRUE	FALSE
Or4f57	chr2	TRUE	FALSE
Or10ak14	chr4	TRUE	FALSE
Or2t46	chr11	TRUE	FALSE
Or11h4b	chr14	TRUE	FALSE
Or10ak11	chr4	TRUE	FALSE
Or10k2	chr8	TRUE	FALSE
Or10g1b	chr14	TRUE	FALSE
Or8d23	chr9	TRUE	FALSE
Or2a5	chr6	TRUE	FALSE
Or4f58	chr2	TRUE	FALSE
Or13l2	chr3	TRUE	FALSE
Or2o1	chr11	TRUE	FALSE
Or9s27	chr1	TRUE	FALSE
Or4k5	chr14	TRUE	FALSE
Or10d4b	chr9	TRUE	FALSE
Or8s8	chr15	TRUE	FALSE
Or8s5	chr15	TRUE	FALSE
Or1f12	chr13	TRUE	FALSE
Or6c68	chr10	TRUE	FALSE
Or6c211	chr10	TRUE	FALSE
Or10g6	chr9	TRUE	FALSE
Or14j1	chr17	TRUE	FALSE
Or5b122	chr19	TRUE	FALSE
Or1aa2	chrX	TRUE	TRUE
Or5w18	chr2	TRUE	FALSE
Or5d39	chr2	TRUE	FALSE
Or2a12	chr6	TRUE	FALSE
Or2a52	chr6	TRUE	TRUE
Or10ag53	chr2	TRUE	FALSE
Or11h7	chr14	TRUE	FALSE
Or11h6	chr14	TRUE	FALSE
Or9k7	chr10	TRUE	FALSE
Or5b107	chr19	TRUE	FALSE
Or5b24	chr19	TRUE	FALSE
Or13p8	chr4	TRUE	FALSE
Or6k2	chr1	TRUE	FALSE
Or10a3	chr7	TRUE	FALSE
Or7c70	chr10	TRUE	FALSE
Or10ak13	chr4	TRUE	FALSE
Or56b1	chr7	TRUE	FALSE
Or52s19	chr7	TRUE	FALSE
Or4k15c	chr14	TRUE	FALSE
Or4k15b	chr14	TRUE	FALSE
Or6c8	chr10	TRUE	FALSE
Or4k15	chr14	TRUE	FALSE
Or12e10	chr2	TRUE	FALSE
Or5h18	chr16	TRUE	FALSE
Or5h19	chr16	TRUE	FALSE
Or4c124	chr2	TRUE	FALSE
Or6c76	chr10	TRUE	FALSE
Or52m1	chr7	TRUE	FALSE
Or51a10	chr7	TRUE	FALSE
Or10d3	chr9	TRUE	FALSE
Or8g34	chr9	TRUE	FALSE
Or4x13	chr2	TRUE	FALSE
Or10ak16	chr4	TRUE	FALSE
Or8c15	chr9	TRUE	FALSE
Or2v2	chr11	TRUE	FALSE
Or4c12	chr2	TRUE	FALSE
Or4x6	chr2	TRUE	FALSE
Or4x11	chr2	TRUE	FALSE
Or10q12	chr19	TRUE	FALSE
Or10q1b	chr19	TRUE	FALSE
Or1e1f	chr11	TRUE	FALSE
Or12e9	chr2	TRUE	TRUE
Or5w10	chr2	TRUE	FALSE
Or10ag2	chr2	TRUE	FALSE
Or5w1b	chr2	TRUE	FALSE
Or51k2	chr7	TRUE	FALSE
Or52w1	chr7	TRUE	FALSE
Or2at1	chr7	TRUE	FALSE
Or2l13b	chr16	TRUE	FALSE
Or51f23	chr7	TRUE	FALSE
Or51t4	chr7	TRUE	FALSE
Or51d1	chr7	TRUE	FALSE
Or4f59	chr2	TRUE	FALSE
Or4k6	chr14	TRUE	FALSE
Or5t9	chr2	TRUE	FALSE
Or12k8	chr2	TRUE	FALSE
Or2a20	chr6	TRUE	FALSE
Or5b98	chr19	TRUE	FALSE
Or10ab5	chr7	TRUE	FALSE
Or4a80	chr2	FALSE	FALSE
Or5c1	chr2	TRUE	FALSE
Or8b3b	chr9	TRUE	FALSE
Or11l3	chr11	TRUE	FALSE
Or6c88	chr10	TRUE	FALSE
Or52u1	chr7	TRUE	FALSE
Or52s1	chr7	TRUE	FALSE
Or4g17	chr2	TRUE	FALSE
Or9a7	chr6	TRUE	FALSE
Or9a4	chr6	TRUE	FALSE
Or6z6	chr7	TRUE	FALSE
Or5bw2	chr7	TRUE	FALSE
Or5bh3	chrX	TRUE	FALSE
Or8k24	chr2	TRUE	FALSE
Or2t6	chr14	TRUE	FALSE
Or4g16	chr2	TRUE	FALSE
Or4f54	chr2	TRUE	FALSE
Or4f53	chr2	TRUE	FALSE
Or4k35	chr2	TRUE	FALSE
Or5h22	chr16	TRUE	FALSE
Or13ae2	chrX	TRUE	FALSE
Or10ak7	chr4	TRUE	FALSE
Or4g7	chr2	TRUE	FALSE
Or4f7	chr2	TRUE	FALSE
Or4k45	chr2	TRUE	FALSE
Or8k41	chr2	TRUE	FALSE
Or8k30	chr2	TRUE	FALSE
Or8k32	chr2	TRUE	FALSE
Or8k27	chr2	TRUE	FALSE
Or10v1	chr19	TRUE	FALSE
Or4d2b	chr11	TRUE	FALSE
Or4d1	chr11	TRUE	FALSE
Or4d2	chr11	TRUE	FALSE
Or5an9	chr19	TRUE	FALSE
Or5ae1	chr7	TRUE	FALSE
Or8b9	chr9	TRUE	FALSE
Or8b35	chr9	TRUE	FALSE
Or8b36	chr9	TRUE	FALSE
Or8b39	chr9	TRUE	FALSE
Or8b101	chr9	TRUE	FALSE
Or5p51	chr7	TRUE	FALSE
Or5p50	chr7	TRUE	FALSE
Or5au1	chr14	TRUE	FALSE
Or2aa1	chr11	TRUE	FALSE
Or10g1	chr14	TRUE	FALSE
Or10g3	chr14	TRUE	FALSE
Or5ak24	chr2	TRUE	FALSE
Or5ak25	chr2	TRUE	FALSE
Or5ak23	chr2	TRUE	FALSE
Or5g29	chr2	TRUE	FALSE
Or5g27	chr2	TRUE	FALSE
Or8g24	chr9	TRUE	FALSE
Or8g23	chr9	TRUE	FALSE
Or8g51	chr9	TRUE	FALSE
Or10d1c	chr9	TRUE	FALSE
Or1e23	chr11	TRUE	FALSE
Or2r11	chr6	TRUE	FALSE
Or2q1	chr6	TRUE	FALSE
Or6d15	chr6	TRUE	FALSE
Or4f15	chr2	TRUE	FALSE
Or4f47	chr2	TRUE	FALSE
Or4f6	chr2	TRUE	FALSE
Or4f61	chr2	TRUE	FALSE
Or2m12	chr16	TRUE	FALSE
Or2h2c	chr17	TRUE	FALSE
Or8s10	chr15	TRUE	FALSE
Or4c110	chr2	TRUE	FALSE
Or4c29	chr2	TRUE	FALSE
Or4c106	chr2	TRUE	FALSE
Or4a66	chr2	TRUE	FALSE
Or2m13	chr16	TRUE	FALSE
Or2y16	chr11	TRUE	FALSE
Or2y1e	chr11	TRUE	FALSE
Or2y11	chr11	TRUE	FALSE
Or2y1f	chr11	TRUE	FALSE
Or2y1g	chr11	TRUE	FALSE
Or2y14	chr11	TRUE	FALSE
Or2y15	chr11	TRUE	FALSE
Or4c126	chr2	TRUE	FALSE
Or4a81	chr2	TRUE	FALSE
Or2h2	chr17	TRUE	FALSE
Or2h1	chr17	TRUE	FALSE
Olfr899	chr9	FALSE	FALSE
Or8b41	chr9	TRUE	FALSE
Olfr197	chr16	TRUE	FALSE
Or5ac21	chr16	TRUE	FALSE
Or2g7	chr17	TRUE	FALSE
Or2j3	chr17	TRUE	FALSE
Or11i1	chr3	TRUE	FALSE
Or9s15	chr1	TRUE	FALSE
Or4l15	chr14	TRUE	FALSE
Or5p54	chr7	TRUE	FALSE
Or5p66	chr7	TRUE	FALSE
Or5p60	chr7	TRUE	FALSE
Or2ak6	chr11	TRUE	FALSE
Or2ak5	chr11	TRUE	FALSE
Or2t47	chr11	TRUE	FALSE
Or10d4c	chr9	TRUE	FALSE
Or10n1	chr9	TRUE	FALSE
Or8g27	chr9	TRUE	FALSE
Or10d1	chr9	TRUE	FALSE
Or11m3	chr15	TRUE	FALSE
Or1o3	chr17	TRUE	FALSE
Or1o1	chr17	TRUE	FALSE
Or1o2	chr17	TRUE	FALSE
Or11a4	chr17	TRUE	FALSE
Or1o4	chr17	TRUE	FALSE
Or1x6	chr11	FALSE	FALSE
Or6f2	chr7	TRUE	FALSE
Or12j3	chr7	TRUE	FALSE
Or7g35	chr9	TRUE	FALSE
Or4c31	chr2	TRUE	FALSE
Or5d40	chr2	TRUE	FALSE
Or5d41	chr2	TRUE	FALSE
Or2b28	chr13	TRUE	FALSE
Or2ad1	chr13	TRUE	FALSE
Or2p2	chr13	TRUE	FALSE
Or5af2	chr11	TRUE	FALSE
Or9e1	chr11	TRUE	FALSE
Or2t45	chr11	TRUE	FALSE
Or2z9	chr8	TRUE	FALSE
Or2w2	chr13	TRUE	FALSE
Or2w6	chr13	TRUE	FALSE
Or2b2b	chr13	TRUE	FALSE
Or6c207	chr10	TRUE	FALSE
Or6c205	chr10	TRUE	FALSE
Or6c202	chr10	TRUE	FALSE
Or6c210	chr10	TRUE	FALSE
Or6c1b	chr10	TRUE	FALSE
Or6c69b	chr10	TRUE	FALSE
Or6c3	chr10	TRUE	FALSE
Or6c215	chr10	TRUE	FALSE
Or6c213	chr10	TRUE	FALSE
Or6c3b	chr10	TRUE	FALSE
Or6c212	chr10	TRUE	FALSE
Or6c66	chr10	TRUE	FALSE
Or7g18	chr9	TRUE	FALSE
Or7g25	chr9	TRUE	FALSE
Or9g3	chr2	TRUE	FALSE
Or9g8	chr2	TRUE	FALSE
Or9g4b	chr2	TRUE	FALSE
Or5g9	chr2	TRUE	FALSE
Or5g25	chr2	TRUE	FALSE
Or9a2	chr6	TRUE	FALSE
Or5al7	chr2	TRUE	FALSE
Or5m3	chr2	TRUE	FALSE
Or5ap2	chr2	TRUE	FALSE
Or8k1	chr2	TRUE	FALSE
Or5m13b	chr2	TRUE	FALSE
Or2ah1	chr2	TRUE	FALSE
Or5m10	chr2	TRUE	FALSE
Or5m10b	chr2	TRUE	FALSE
Or8k38	chr2	TRUE	FALSE
Or5t16	chr2	TRUE	FALSE
Or5t7	chr2	TRUE	FALSE
Or5as1	chr2	TRUE	FALSE
Or8h10	chr2	TRUE	FALSE
Or2ag15	chr7	TRUE	FALSE
Or2ag18	chr7	TRUE	FALSE
Or2ag16	chr7	TRUE	FALSE
Or2d36	chr7	TRUE	FALSE
Or13d1	chr4	TRUE	FALSE
Or4d5	chr9	TRUE	FALSE
Or8g50	chr9	TRUE	FALSE
Or8g55	chr9	TRUE	FALSE
Or8g37	chr9	TRUE	FALSE
Or8g53	chr9	TRUE	FALSE
Or8g2	chr9	TRUE	FALSE
Or6x1	chr9	TRUE	FALSE
Or14a259	chr7	TRUE	FALSE
Or14a260	chr7	TRUE	FALSE
Or14c45	chr7	TRUE	FALSE
Or6aa1	chr7	TRUE	FALSE
Or6f1	chr7	TRUE	FALSE
Or12k7	chr2	TRUE	FALSE
Or1q1	chr2	TRUE	FALSE
Or1ak2	chr2	TRUE	FALSE
Or1l8	chr2	TRUE	FALSE
Or1j4	chr2	TRUE	FALSE
Or1j15	chr2	TRUE	FALSE
Or10al4	chr17	TRUE	FALSE
Or9i2	chr19	TRUE	FALSE
Or9i16	chr19	TRUE	FALSE
Or5b124	chr19	TRUE	FALSE
Or5b123	chr19	TRUE	FALSE
Or5w17	chr2	FALSE	FALSE
Or5w8	chr2	TRUE	FALSE
Or5d37	chr2	TRUE	FALSE
Or5w16	chr2	TRUE	FALSE
Or5d16	chr2	TRUE	FALSE
Or5d36	chr2	TRUE	FALSE
Or9m2	chr2	TRUE	FALSE
Or5i1	chr2	TRUE	FALSE
Or9m1b	chr2	TRUE	FALSE
Or5d38	chr2	TRUE	FALSE
Or10j2	chr1	TRUE	FALSE
Or2a51	chr6	TRUE	FALSE
Or2a14	chr6	TRUE	TRUE
Or2a54	chr6	TRUE	FALSE
Or2a56	chr6	TRUE	FALSE
Or5w11	chr2	TRUE	FALSE
Or5w13	chr2	TRUE	FALSE
Or5w12	chr2	TRUE	FALSE
Or12e1	chr2	TRUE	FALSE
Or1l4	chr2	TRUE	FALSE
Or4n4b	chr14	TRUE	FALSE
Or4m1	chr14	TRUE	FALSE
Or11j4	chr14	TRUE	FALSE
Or11g7	chr14	TRUE	FALSE
Or11g1	chr14	TRUE	FALSE
Or11g24	chr14	TRUE	FALSE
Or6c217	chr10	TRUE	FALSE
Or6c69c	chr10	TRUE	FALSE
Or6c69	chr10	TRUE	FALSE
Or9r3	chr10	TRUE	FALSE
Or9r7	chr10	TRUE	FALSE
Or6c33	chr10	TRUE	FALSE
Or9k2b	chr10	TRUE	FALSE
Or9k2	chr10	TRUE	FALSE
Or4d6	chr19	TRUE	FALSE
Or4z4	chr19	TRUE	FALSE
Or4d11	chr19	TRUE	FALSE
Or4d10b	chr19	TRUE	FALSE
Or5a1	chr19	TRUE	FALSE
Or5a3	chr19	TRUE	FALSE
Or5an6	chr19	TRUE	FALSE
Or5an11	chr19	TRUE	FALSE
Or5an10	chr19	TRUE	FALSE
Or5an1c	chr19	TRUE	FALSE
Or5b106	chr19	TRUE	FALSE
Or5b117	chr19	TRUE	FALSE
Or5b113	chr19	TRUE	FALSE
Or5b102	chr19	TRUE	FALSE
Or5b3	chr19	TRUE	FALSE
Or5b94	chr19	TRUE	FALSE
Or5b12b	chr19	TRUE	FALSE
Or5b12	chr19	TRUE	FALSE
Or5b21	chr19	TRUE	FALSE
Or5b96	chr19	TRUE	FALSE
Or3a1b	chr11	TRUE	FALSE
Or3a1	chr11	TRUE	FALSE
Or3a1d	chr11	TRUE	FALSE
Or1a1b	chr11	TRUE	FALSE
Or13p4	chr4	TRUE	FALSE
Or10x4	chr1	TRUE	FALSE
Or10z1	chr1	TRUE	FALSE
Or10aa3	chr1	TRUE	FALSE
Or10aa1	chr1	TRUE	FALSE
Or6n2	chr1	TRUE	FALSE
Or6k8-ps1	chr1	FALSE	FALSE
Or6k4	chr1	TRUE	FALSE
Or6n1	chr1	TRUE	FALSE
Or5e1	chr7	TRUE	FALSE
Or10a3m	chr7	TRUE	FALSE
Or10a3b	chr7	TRUE	FALSE
Or10a48	chr7	TRUE	FALSE
Or51aa5	chr7	TRUE	FALSE
Or6c35	chr10	TRUE	FALSE
Or6c208	chr10	TRUE	FALSE
Or5t15	chr2	TRUE	FALSE
Or5p64	chr7	TRUE	FALSE
Or5p58	chr7	TRUE	FALSE
Or5p59	chr7	TRUE	FALSE
Or5p1	chr7	TRUE	FALSE
Or5p69	chr7	TRUE	FALSE
Or5p76	chr7	TRUE	FALSE
Or9q2	chr19	TRUE	FALSE
Or4f14d	chr2	TRUE	FALSE
Or2w4	chr13	TRUE	FALSE
Or8g36	chr9	TRUE	FALSE
Or8g21	chr9	TRUE	FALSE
Or8g17	chr9	TRUE	FALSE
Or56b2	chr7	TRUE	FALSE
Or8b12b	chr9	TRUE	FALSE
Or56b35	chr7	TRUE	FALSE
Or52h1	chr7	TRUE	FALSE
Or5j1	chr2	TRUE	FALSE
Or4c103	chr2	TRUE	FALSE
Or52i2	chr7	TRUE	FALSE
Or52p2	chr7	TRUE	FALSE
Or52ae7	chr7	TRUE	FALSE
Or51f1d	chr7	TRUE	FALSE
Or6d14	chr6	TRUE	FALSE
Or6p1	chr1	TRUE	FALSE
Or9g19	chr2	TRUE	FALSE
Or10j7	chr1	TRUE	FALSE
Or5aq6	chr2	TRUE	FALSE
Or8i2	chr2	TRUE	FALSE
Or8h9	chr2	TRUE	FALSE
Or5aq7	chr2	TRUE	FALSE
Or5d46	chr2	TRUE	FALSE
Or4c102	chr2	TRUE	FALSE
Or5p80	chr7	TRUE	FALSE
Or5p52	chr7	TRUE	FALSE
Or6c74	chr10	TRUE	FALSE
Or6c219	chr10	TRUE	FALSE
Or5h26	chr16	TRUE	FALSE
Or2d2	chr7	TRUE	FALSE
Or8b55	chr9	TRUE	FALSE
Or8b51	chr9	TRUE	FALSE
Or8b1d	chr9	TRUE	FALSE
Or4a72	chr2	TRUE	FALSE
Or4c123	chr2	TRUE	FALSE
Or4a39	chr2	TRUE	FALSE
Or4a75	chr2	TRUE	FALSE
Or4a73	chr2	TRUE	FALSE
Or4b12	chr2	TRUE	FALSE
Or4c52	chr2	TRUE	FALSE
Or6c216	chr10	TRUE	FALSE
Or9i14	chr19	TRUE	FALSE
Or9i1	chr19	TRUE	FALSE
Or8b4	chr9	TRUE	FALSE
Or8b1b	chr9	TRUE	FALSE
Or8b44	chr9	TRUE	FALSE
Or4a68	chr2	TRUE	FALSE
Or52h9	chr7	TRUE	FALSE
Or8b56	chr9	TRUE	FALSE
Or5l13	chr2	TRUE	FALSE
Or4c113	chr2	TRUE	FALSE
Or9s18	chr13	TRUE	FALSE
Or52ac1	chr7	TRUE	FALSE
Or51i1	chr7	TRUE	FALSE
Or4p22	chr2	TRUE	FALSE
Or13c3	chr4	TRUE	FALSE
Or8g54	chr9	TRUE	FALSE
Or10d5	chr9	TRUE	FALSE
Or2n1b	chr17	TRUE	FALSE
Or2n1	chr17	TRUE	FALSE
Or12d13	chr17	TRUE	FALSE
Or12d12	chr17	TRUE	FALSE
Or8w1	chr2	TRUE	FALSE
Or12e7	chr2	TRUE	FALSE
Or10ag60	chr2	TRUE	FALSE
Or13c25	chr4	TRUE	FALSE
Or55b10	chr7	TRUE	FALSE
Or52z12	chr7	TRUE	FALSE
Or5aq1b	chr2	TRUE	FALSE
Or8h8	chr2	TRUE	FALSE
Or8k3b	chr2	TRUE	FALSE
Or8k40	chr2	TRUE	FALSE
Or5d35	chr2	TRUE	FALSE
Or14c41	chr7	TRUE	FALSE
Or13p5	chr4	TRUE	FALSE
Or13p3	chr4	TRUE	FALSE
Or8d4	chr9	TRUE	FALSE
Or13f5	chr4	TRUE	FALSE
Or7c19	chr8	TRUE	FALSE
Or1f19	chr16	TRUE	FALSE
Or10p21	chr10	TRUE	FALSE
Or6c201	chr10	TRUE	FALSE
Or6c38	chr10	TRUE	FALSE
Or5ak22	chr2	TRUE	FALSE
Or8k16	chr2	TRUE	FALSE
Or8c16	chr9	TRUE	FALSE
Or8c20	chr9	TRUE	FALSE
Olfr908	chr9	TRUE	FALSE
Or8b47	chr9	TRUE	FALSE
Olfr900	chr9	FALSE	FALSE
Or8c17	chr9	TRUE	FALSE
Or2t26	chr11	TRUE	FALSE
Or10j3	chr1	TRUE	FALSE
Or10j3b	chr1	TRUE	FALSE
Or8b12	chr9	TRUE	FALSE
Or8b12c	chr9	TRUE	FALSE
Or4k49	chr2	TRUE	FALSE
Or4k44	chr2	TRUE	FALSE
Or4k48	chr2	TRUE	FALSE
Or4k51	chr2	TRUE	FALSE
Or4k47	chr2	TRUE	FALSE
Or4k52	chr2	TRUE	FALSE
Or14j5	chr17	TRUE	FALSE
Or4c120	chr2	TRUE	FALSE
Or4c111	chr2	TRUE	FALSE
Or4c11	chr2	TRUE	FALSE
Or4c11b	chr2	TRUE	FALSE
Or4c109	chr2	TRUE	FALSE
Or4c114	chr2	TRUE	FALSE
Or4c112	chr2	TRUE	FALSE
Or4c116	chr2	TRUE	FALSE
Or7h8	chr9	TRUE	FALSE
Or7g32	chr9	TRUE	FALSE
Or7g33	chr9	TRUE	FALSE
Or4k38	chr2	TRUE	FALSE
Or1ad6	chr11	TRUE	FALSE
Or1ad1	chr11	TRUE	FALSE
Or13a1	chr6	TRUE	FALSE
Or6z1	chr7	TRUE	FALSE
Or6z3	chr7	TRUE	FALSE
Or6z5	chr7	TRUE	FALSE
Or4p19	chr2	TRUE	FALSE
Or4c101	chr2	TRUE	FALSE
Or2k2	chr4	TRUE	FALSE
Or5p56	chr7	TRUE	FALSE
Or6c209	chr10	TRUE	FALSE
Or6c65	chr10	TRUE	FALSE
Or6c214	chr10	TRUE	FALSE
Or6c2	chr10	TRUE	FALSE
Or10p1	chr10	TRUE	FALSE
Or6c1	chr10	TRUE	FALSE
Or6c75	chr10	TRUE	FALSE
Or2l5	chr16	TRUE	FALSE
Or10v5	chr19	TRUE	FALSE
Or10h28	chr17	TRUE	FALSE
Or1j17	chr2	TRUE	FALSE
Or1n2	chr2	TRUE	FALSE
Or1j20	chr2	TRUE	FALSE
Or1n1b	chr2	TRUE	FALSE
Or1n1	chr2	TRUE	FALSE
Or1j18	chr2	TRUE	FALSE
Or1j19	chr2	TRUE	FALSE
Or1j16	chr2	TRUE	FALSE
Or1j10	chr2	TRUE	FALSE
Or1j11	chr2	TRUE	FALSE
Or1j13	chr2	TRUE	FALSE
Or1j12	chr2	TRUE	FALSE
Or2j6	chr7	TRUE	FALSE
Or13a22	chr7	TRUE	FALSE
Or13a19	chr7	TRUE	FALSE
Or2aj5	chr16	TRUE	FALSE
Or2aj6	chr16	TRUE	FALSE
Or13a25	chr7	TRUE	FALSE
Or13a26	chr7	TRUE	FALSE
Or4a77	chr2	TRUE	FALSE
Or4a74	chr2	TRUE	FALSE
Or4c121	chr2	TRUE	FALSE
Or4a70	chr2	TRUE	FALSE
Or4a71	chr2	TRUE	FALSE
Or4a2	chr2	TRUE	FALSE
Or4c122	chr2	TRUE	FALSE
Or4a15	chr2	TRUE	FALSE
Or4c127	chr2	TRUE	FALSE
Or4c12b	chr2	TRUE	FALSE
Or4c10	chr2	TRUE	FALSE
Or4b1b	chr2	TRUE	FALSE
Or4c35	chr2	TRUE	FALSE
Or4c10b	chr2	TRUE	FALSE
Or4a47	chr2	TRUE	FALSE
Or4b1	chr2	TRUE	FALSE
Or2f1b	chr6	TRUE	FALSE
Or2r3	chr6	TRUE	FALSE
Or2a25	chr6	TRUE	FALSE
Or1s2	chr19	TRUE	FALSE
Or10q1	chr19	TRUE	FALSE
Or5ac24	chr16	TRUE	FALSE
Or5ac22	chr16	TRUE	FALSE
Or5ac19	chr16	TRUE	FALSE
Or5ac20	chr16	TRUE	FALSE
Or5k14	chr16	TRUE	FALSE
Or5k15	chr16	TRUE	FALSE
Or5k3	chr16	TRUE	FALSE
Or5k17	chr16	TRUE	FALSE
Or5k1	chr16	TRUE	FALSE
Or5k1b	chr16	TRUE	FALSE
Or5k8	chr16	FALSE	FALSE
Or3a10	chr11	TRUE	FALSE
Or3a4	chr11	TRUE	FALSE
Or1e34	chr11	TRUE	FALSE
Or1e33	chr11	TRUE	FALSE
Or5j3	chr2	TRUE	FALSE
Or8u9	chr2	TRUE	FALSE
Or8k3	chr2	TRUE	FALSE
Or8k17	chr2	TRUE	FALSE
Or5ar1	chr2	TRUE	FALSE
Or8k18	chr2	TRUE	FALSE
Or8k23	chr2	TRUE	FALSE
Or8k22	chr2	TRUE	FALSE
Or8k25	chr2	TRUE	FALSE
Or8k53	chr2	TRUE	FALSE
Or1e22	chr11	TRUE	FALSE
Or1e21	chr11	TRUE	FALSE
Or13a21	chr7	TRUE	FALSE
Or10ag58	chr2	TRUE	FALSE
Or12e8	chr2	TRUE	FALSE
Or5w1	chr2	TRUE	FALSE
Or10ag57	chr2	TRUE	FALSE
Or2ag1	chr7	TRUE	FALSE
Or10a2	chr7	TRUE	FALSE
Or10a5	chr7	TRUE	FALSE
Or8s2	chr15	TRUE	FALSE
Or9s23	chr1	TRUE	FALSE
Or6b2	chr1	TRUE	FALSE
Or7a35	chr10	TRUE	FALSE
Or52n5	chr7	TRUE	FALSE
Or56a3	chr7	TRUE	FALSE
Or56a5	chr7	TRUE	FALSE
Or52ad1	chr7	TRUE	FALSE
Or52h7	chr7	TRUE	FALSE
Or52n4	chr7	TRUE	FALSE
Or52n20	chr7	TRUE	FALSE
Or1b1	chr2	TRUE	FALSE
Or52e2	chr7	TRUE	FALSE
Or52r1b	chr7	TRUE	FALSE
Or52r1c	chr7	TRUE	FALSE
Or52h2	chr7	TRUE	FALSE
Or52d1	chr7	TRUE	FALSE
Or52b2	chr7	TRUE	FALSE
Or2b4	chr17	TRUE	FALSE
Or2at4	chr7	TRUE	FALSE
Or2y17	chr11	TRUE	FALSE
Or2y1d	chr11	TRUE	FALSE
Or2l13	chr16	TRUE	FALSE
Or52x1	chr7	TRUE	FALSE
Or52e19b	chr7	TRUE	FALSE
Or51i2	chr7	TRUE	FALSE
Or52p1	chr7	TRUE	FALSE
Or52z14	chr7	TRUE	FALSE
Or51a42	chr7	TRUE	FALSE
Or8j3c	chr2	TRUE	FALSE
Or52b4	chr7	TRUE	FALSE
Or51ah3	chr7	TRUE	FALSE
Or51af1	chr7	TRUE	FALSE
Or52a33	chr7	TRUE	FALSE
Or51k1	chr7	TRUE	FALSE
Or51s1	chr7	TRUE	FALSE
Or52r1	chr7	TRUE	FALSE
Or51h5	chr7	TRUE	FALSE
Or51f2	chr7	TRUE	FALSE
Or51f5	chr7	TRUE	FALSE
Or52e7	chr7	TRUE	FALSE
Or52n2	chr7	TRUE	FALSE
Or51l4	chr7	TRUE	FALSE
Or51ac3	chr7	TRUE	FALSE
Or52b3	chr7	TRUE	FALSE
Or52k2	chr7	TRUE	FALSE
Or51h1	chr7	TRUE	FALSE
Or51r1	chr7	TRUE	FALSE
Or10g7	chr9	TRUE	FALSE
Or10g9b	chr9	TRUE	FALSE
Or8d6	chr9	TRUE	FALSE
Or10g9	chr9	TRUE	FALSE
Or51g2	chr7	TRUE	FALSE
Or51a8	chr7	TRUE	FALSE
Or51a5	chr7	TRUE	FALSE
Or51a25	chr7	TRUE	FALSE
Or51a6	chr7	TRUE	FALSE
Or51q1	chr7	TRUE	FALSE
Or51ai2	chr7	TRUE	FALSE
Or51a43	chr7	TRUE	FALSE
Or51b6b	chr7	TRUE	FALSE
Or52n4b	chr7	TRUE	FALSE
Or2r2	chr6	TRUE	FALSE
Or4a78	chr2	TRUE	FALSE
Or4l1	chr14	TRUE	FALSE
Or2t29	chr11	TRUE	FALSE
Or8u10	chr2	TRUE	FALSE
Or52a24	chr7	TRUE	FALSE
Or56b34	chr7	TRUE	FALSE
Or6k14	chr1	TRUE	FALSE
Or7a38	chr10	TRUE	FALSE
Or6c70	chr10	TRUE	FALSE
Leap2	chr11	FALSE	FALSE
Prrt1	chr17	TRUE	FALSE
Fev	chr1	TRUE	TRUE
Otos	chr1	TRUE	TRUE
H3c7	chr13	FALSE	TRUE
Ceacam9	chr7	FALSE	FALSE
Cetn1	chr18	FALSE	FALSE
Lypla2	chr4	FALSE	FALSE
Nubp2	chr17	FALSE	FALSE
Rpl27a	chr7	TRUE	FALSE
Itgb1bp2	chrX	FALSE	FALSE
Krtap15-1	chr16	FALSE	FALSE
Mmp23	chr4	FALSE	FALSE
Slc27a3	chr3	FALSE	TRUE
Ly6g5b	chr17	FALSE	FALSE
Sowahc	chr10	FALSE	TRUE
Rpl23a	chr11	TRUE	FALSE
S100z	chr13	FALSE	FALSE
Krtap13-1	chr16	FALSE	TRUE
Cops6	chr5	FALSE	FALSE
Ss18l2	chr9	FALSE	FALSE
Rpl12	chr2	TRUE	FALSE
Foxl2	chr9	FALSE	TRUE
Rpl8	chr15	TRUE	FALSE
5031425E22Rik	chr5	FALSE	FALSE
Nat14	chr7	FALSE	FALSE
Or10am5	chr7	TRUE	FALSE
Zfp747	chr7	FALSE	FALSE
Foxi2	chr7	FALSE	TRUE
Rpl13	chr8	TRUE	FALSE
Spin4	chrX	FALSE	FALSE
Tlx3	chr11	TRUE	TRUE
Rpl7a	chr2	TRUE	FALSE
C2cd4d	chr3	FALSE	TRUE
Rps11	chr7	TRUE	FALSE
Mixl1	chr1	FALSE	FALSE
Cartpt	chr13	TRUE	TRUE
Irf2bp1	chr7	FALSE	FALSE
Tnfrsf12a	chr17	TRUE	TRUE
Magee2	chrX	FALSE	TRUE
Phlda3	chr1	FALSE	TRUE
Insl6	chr19	FALSE	TRUE
Defb3	chr8	FALSE	FALSE
Rps26	chr10	TRUE	FALSE
Tcl1b3	chr12	FALSE	FALSE
Magel2	chr7	FALSE	FALSE
Mrpl2	chr17	FALSE	FALSE
Peg12	chr7	FALSE	FALSE
Ubl4a	chrX	FALSE	FALSE
Taar7e	chr10	FALSE	TRUE
Or2y6	chr11	TRUE	FALSE
Marveld1	chr19	TRUE	TRUE
Gm5069	chr1	FALSE	FALSE
Wfdc16	chr2	FALSE	FALSE
Lkaaear1	chr2	FALSE	FALSE
Lsm2	chr17	FALSE	FALSE
Or4k40	chr2	TRUE	FALSE
Srarp	chr4	FALSE	FALSE
Or10a3n	chr7	TRUE	FALSE
Gm5071	chrX	FALSE	FALSE
Armcx6	chrX	FALSE	TRUE
Spin2c	chrX	FALSE	TRUE
Tex13c3	chrX	FALSE	FALSE
Lrrc10b	chr19	FALSE	TRUE
E530001F21Rik	chrX	FALSE	FALSE
Gm715	chrX	FALSE	TRUE
Vkorc1	chr7	FALSE	FALSE
Rsrp1	chr4	FALSE	FALSE
Rilp	chr11	FALSE	TRUE
Yipf3	chr17	FALSE	FALSE
Adam1b	chr5	FALSE	FALSE
Adam1a	chr5	FALSE	FALSE
Apon	chr10	FALSE	FALSE
Znhit2	chr19	FALSE	FALSE
Hspb7	chr4	FALSE	TRUE
Or13c7	chr4	TRUE	FALSE
Or13c7b	chr4	TRUE	FALSE
Or13c7e-ps1	chr4	FALSE	FALSE
Or13c7d	chr4	TRUE	FALSE
Pcsk1n	chrX	FALSE	FALSE
Reg3d	chr6	FALSE	FALSE
Timm13	chr10	FALSE	TRUE
Timm8b	chr9	FALSE	FALSE
Timm10	chr2	FALSE	FALSE
Fbxw5	chr2	FALSE	FALSE
Fbxl6	chr15	FALSE	FALSE
Foxe3	chr4	FALSE	TRUE
Cbx8	chr11	FALSE	TRUE
Siva1	chr12	FALSE	TRUE
Zar1	chr5	FALSE	TRUE
Gimap9	chr6	FALSE	FALSE
Ifnz	chr4	FALSE	TRUE
H3c3	chr13	FALSE	TRUE
H3c4	chr13	FALSE	TRUE
H3c2	chr13	FALSE	TRUE
H3c6	chr13	FALSE	TRUE
H4c3	chr13	FALSE	TRUE
H4c4	chr13	FALSE	TRUE
H4c9	chr13	FALSE	TRUE
H4c11	chr13	FALSE	TRUE
H2ac25	chr11	FALSE	FALSE
H2ac6	chr13	FALSE	TRUE
H2ac7	chr13	FALSE	TRUE
H2ac8	chr13	FALSE	TRUE
H2ac20	chr3	FALSE	TRUE
H2bc3	chr13	FALSE	TRUE
H2bc8	chr13	FALSE	TRUE
H2bc9	chr13	FALSE	FALSE
H2bc14	chr13	FALSE	TRUE
H2bc22	chr13	FALSE	TRUE
H2bc21	chr3	FALSE	FALSE
Bricd5	chr17	FALSE	FALSE
A930002C04Rik	chr13	FALSE	FALSE
D430020J02Rik	chr12	FALSE	FALSE
Defb20	chr2	FALSE	FALSE
4930539J05Rik	chr3	FALSE	TRUE
Fbxo48	chr11	FALSE	FALSE
A330035P11Rik	chr14	FALSE	FALSE
B930059L03Rik	chr12	FALSE	FALSE
Plxna4os1	chr6	FALSE	TRUE
A630076J17Rik	chr3	FALSE	TRUE
C430042M11Rik	chr17	FALSE	FALSE
9230116N13Rik	chr1	FALSE	FALSE
Fndc9	chr11	FALSE	FALSE
Smim10l2a	chrX	FALSE	FALSE
9330162B11Rik	chr1	FALSE	TRUE
C920006O11Rik	chr9	FALSE	FALSE
A330048O09Rik	chr13	FALSE	TRUE
H4c16	chr6	FALSE	FALSE
Lyset	chr12	FALSE	FALSE
Gchfr	chr2	FALSE	FALSE
Bhlha9	chr11	FALSE	TRUE
A830029E22Rik	chr3	FALSE	FALSE
Tmem88b	chr4	FALSE	FALSE
A230051N06Rik	chr17	FALSE	FALSE
9230105E05Rik	chr10	FALSE	TRUE
9430037G07Rik	chr9	FALSE	FALSE
A930033H14Rik	chr10	FALSE	TRUE
Prdx6b	chr2	FALSE	FALSE
C230035I16Rik	chr13	FALSE	TRUE
Amigo3	chr9	TRUE	FALSE
A230107N01Rik	chr13	FALSE	FALSE
9330104G04Rik	chr7	FALSE	FALSE
A730013G03Rik	chr1	FALSE	TRUE
Arl4c	chr1	FALSE	TRUE
H4c1	chr13	FALSE	TRUE
Cyb5d1	chr11	FALSE	FALSE
Vmo1	chr11	FALSE	FALSE
Gm5083	chr13	FALSE	FALSE
Gm20554	chr13	FALSE	TRUE
Gm9776	chr13	FALSE	TRUE
Rnase9	chr14	FALSE	FALSE
Ftdc1	chr16	FALSE	FALSE
Prss34	chr17	FALSE	FALSE
Clpsl2	chr17	FALSE	FALSE
Zfp414	chr17	FALSE	FALSE
Gm815	chr19	FALSE	FALSE
D030040B21Rik	chr1	FALSE	FALSE
Rnf224	chr2	FALSE	FALSE
Ptrh1	chr2	FALSE	TRUE
Or4s2b	chr2	TRUE	FALSE
Lcmt2	chr2	FALSE	FALSE
Svs3b	chr2	FALSE	FALSE
Slc2a4rg-ps	chr2	FALSE	TRUE
Cimip2b	chr4	FALSE	TRUE
Gm12530	chr4	FALSE	FALSE
Gm833	chr4	FALSE	FALSE
Cxcl3	chr5	FALSE	TRUE
2610524H06Rik	chr5	FALSE	FALSE
Mblac1	chr5	FALSE	FALSE
Ifnl2	chr7	FALSE	FALSE
Gm16938	chr7	FALSE	TRUE
Ctxn1	chr8	FALSE	TRUE
Dhps	chr8	FALSE	FALSE
Gm5122	chr9	FALSE	TRUE
A730043L09Rik	chr9	FALSE	FALSE
Snapc5	chr9	FALSE	FALSE
Gmppb	chr9	FALSE	FALSE
Tceal5	chrX	FALSE	FALSE
Tigd3	chr19	FALSE	FALSE
Nanos1	chr19	TRUE	TRUE
Lcn10	chr2	FALSE	FALSE
Fndc11	chr2	FALSE	TRUE
Pramel19	chr4	FALSE	FALSE
Gm5129	chr5	FALSE	FALSE
Cox6b2	chr7	FALSE	TRUE
H2al1o	chrX	FALSE	FALSE
Tcstv5a	chr13	FALSE	FALSE
Gm867	chr10	FALSE	FALSE
H2-M10.2	chr17	FALSE	FALSE
Gpr21	chr2	FALSE	FALSE
Ifnl3	chr7	FALSE	FALSE
Scgb1c1	chr7	FALSE	FALSE
Pramel6	chr2	FALSE	FALSE
D830050J10Rik	chr6	FALSE	FALSE
Prss33	chr17	FALSE	FALSE
Tas2r139	chr6	TRUE	FALSE
Gjd3	chr11	FALSE	TRUE
Tas2r136	chr6	TRUE	FALSE
Tas2r117	chr6	TRUE	FALSE
Aldoart1	chr4	FALSE	FALSE
Eras	chrX	FALSE	FALSE
Zfp703	chr8	FALSE	TRUE
Tas2r115	chr6	TRUE	FALSE
Peg13	chr15	TRUE	TRUE
Oxct2b	chr4	FALSE	TRUE
Hcfc1r1	chr17	FALSE	TRUE
Dio3os	chr12	FALSE	TRUE
H3c1	chr13	FALSE	TRUE
Defb34	chr8	FALSE	FALSE
Defb38	chr8	FALSE	FALSE
Defb40	chr8	FALSE	FALSE
Brcc3dc	chr10	FALSE	FALSE
Khdc1a	chr1	FALSE	FALSE
Nanos2	chr7	FALSE	FALSE
Mafa	chr15	FALSE	TRUE
Serf2	chr2	FALSE	FALSE
3000002C10Rik	chr9	FALSE	FALSE
Tmem102	chr11	FALSE	TRUE
Gm904	chr13	FALSE	FALSE
Tcstv7a	chr13	FALSE	FALSE
A330009N23Rik	chr15	FALSE	TRUE
Gm5144	chr15	FALSE	TRUE
Npw	chr17	FALSE	TRUE
Ccdc78	chr17	TRUE	FALSE
Dnph1	chr17	FALSE	FALSE
Ap5b1	chr19	FALSE	TRUE
Gata3os	chr2	FALSE	TRUE
Ajm1	chr2	FALSE	TRUE
Trp53rka	chr2	FALSE	FALSE
S100a7a	chr3	FALSE	FALSE
Mup20	chr4	TRUE	FALSE
Mup21	chr4	FALSE	FALSE
Prame62	chr4	FALSE	FALSE
Nicol1	chr5	FALSE	TRUE
1700073E17Rik	chr6	FALSE	FALSE
Prb1b	chr6	FALSE	FALSE
Rnf225	chr7	FALSE	FALSE
Ovol3	chr7	FALSE	FALSE
B230311B06Rik	chr7	FALSE	TRUE
Cdiptos	chr7	FALSE	FALSE
Mrgprg	chr7	FALSE	TRUE
E030018B13Rik	chr7	FALSE	FALSE
Defa39	chr8	FALSE	FALSE
Pabpn1l	chr8	FALSE	TRUE
A530010L16Rik	chr8	FALSE	FALSE
Defa22	chr8	FALSE	FALSE
Snx22	chr9	FALSE	TRUE
Omt2b	chr9	FALSE	FALSE
Ripply2	chr9	FALSE	FALSE
8030474K03Rik	chrX	FALSE	FALSE
Gm5166	chrX	FALSE	FALSE
Taar8b	chr10	FALSE	FALSE
Gm5176	chr10	FALSE	FALSE
Atxn7l3b	chr10	FALSE	FALSE
Zbtb42	chr12	FALSE	TRUE
Gpr25	chr1	FALSE	TRUE
Obp2b	chr2	FALSE	FALSE
Tlr12	chr4	FALSE	TRUE
Foxl3	chr5	FALSE	TRUE
Gm5334	chr7	FALSE	FALSE
Vmn1r123	chr7	FALSE	FALSE
Usp17ld	chr7	FALSE	FALSE
Or52e18	chr7	TRUE	FALSE
Or2d2b	chr7	TRUE	FALSE
Adam20	chr8	FALSE	FALSE
Adam34l	chr8	FALSE	FALSE
H2al3	chrX	FALSE	FALSE
H2al1n	chrX	FALSE	FALSE
Pnma5	chrX	FALSE	FALSE
Rnf133	chr6	FALSE	FALSE
Eid2	chr7	FALSE	FALSE
Mir16-1	chr14	TRUE	FALSE
Mir24-1	chr13	TRUE	TRUE
Mir140	chr8	TRUE	FALSE
Mir30d	chr15	TRUE	FALSE
Mirlet7i	chr10	TRUE	FALSE
Tas2r102	chr6	TRUE	FALSE
Tas2r104	chr6	TRUE	FALSE
Tas2r109	chr6	TRUE	FALSE
Tas2r110	chr6	TRUE	FALSE
Tas2r113	chr6	TRUE	FALSE
Tas2r114	chr6	TRUE	FALSE
Tas2r118	chr6	TRUE	TRUE
Tas2r120	chr6	TRUE	FALSE
Tas2r124	chr6	TRUE	FALSE
Tas2r125	chr6	TRUE	FALSE
Tas2r126	chr6	TRUE	FALSE
Tas2r129	chr6	TRUE	FALSE
Tas2r130	chr6	TRUE	FALSE
Ifnk	chr4	FALSE	TRUE
Tas2r134	chr2	TRUE	TRUE
Tas2r135	chr6	TRUE	FALSE
Tas2r138	chr6	TRUE	TRUE
Tas2r143	chr6	TRUE	FALSE
Tas2r144	chr6	TRUE	FALSE
H2-M10.6	chr17	FALSE	FALSE
Btbd6	chr12	TRUE	FALSE
Ccdc87	chr19	FALSE	FALSE
C330024C12Rik	chr17	FALSE	FALSE
Tdpoz2	chr3	FALSE	FALSE
Tdpoz3	chr3	FALSE	FALSE
Tdpoz4	chr3	FALSE	FALSE
C730036E19Rik	chr1	FALSE	FALSE
Defb21	chr2	FALSE	FALSE
Tigd4	chr3	FALSE	TRUE
Ccdc121rt1	chr1	FALSE	TRUE
Or6k6	chr1	TRUE	FALSE
Mrgprb3	chr7	FALSE	FALSE
Or5h24-ps1	chr16	FALSE	FALSE
Or5ac17	chr16	TRUE	FALSE
Olfr209	chr16	TRUE	FALSE
Olfr257	chr15	FALSE	FALSE
Or2z8	chr8	TRUE	FALSE
Or1a1	chr11	TRUE	FALSE
Or52j3	chr7	TRUE	FALSE
Or56a3b	chr7	TRUE	FALSE
Or6s1	chr14	TRUE	TRUE
Or6c206	chr10	TRUE	FALSE
Or8d2	chr9	TRUE	FALSE
Or5al6	chr2	TRUE	FALSE
Or8k20	chr2	TRUE	FALSE
Or8j3b	chr2	TRUE	FALSE
Or10ag52	chr2	TRUE	FALSE
Or10ag56	chr2	TRUE	FALSE
Or4p23	chr2	TRUE	FALSE
Or4a79	chr2	TRUE	FALSE
Or2b7	chr13	TRUE	FALSE
Or2y10	chr11	TRUE	FALSE
Or2y13	chr11	TRUE	FALSE
Or5b121	chr19	TRUE	FALSE
Or2w3	chr11	TRUE	FALSE
Ifna14	chr4	FALSE	TRUE
Or8a1	chr9	TRUE	FALSE
Or4b13	chr2	TRUE	FALSE
Bex4	chrX	FALSE	FALSE
Gm5414	chr15	FALSE	FALSE
Ndufa4l2	chr10	FALSE	TRUE
BC039966	chr4	FALSE	FALSE
BC051226	chr17	FALSE	FALSE
BC031181	chr18	FALSE	FALSE
BC048507	chr13	FALSE	FALSE
Wfdc13	chr2	FALSE	FALSE
Semp2l1	chr1	FALSE	FALSE
Gm9839	chr1	FALSE	FALSE
Otud6a	chrX	FALSE	FALSE
Spink7	chr18	FALSE	FALSE
A630019I02Rik	chr13	FALSE	TRUE
Wdr83os	chr8	FALSE	FALSE
9330151L19Rik	chr12	FALSE	TRUE
Dgkeos	chr11	FALSE	FALSE
E130317F20Rik	chr10	FALSE	TRUE
D330050I16Rik	chr19	FALSE	FALSE
Neurl2	chr2	FALSE	FALSE
Tektip1	chr10	FALSE	TRUE
Pom121l12	chr11	FALSE	FALSE
Krtap9-21	chr11	FALSE	FALSE
Krtap31-2	chr11	FALSE	FALSE
Gm11733	chr11	FALSE	FALSE
Ube2frt	chr12	FALSE	FALSE
Vmn1r207	chr13	FALSE	FALSE
Vmn1r209	chr13	FALSE	FALSE
Eprn	chr13	FALSE	FALSE
Lrrc14b	chr13	FALSE	FALSE
B020004C17Rik	chr14	FALSE	FALSE
Gm5464	chr14	FALSE	FALSE
Kbtbd6	chr14	FALSE	FALSE
Gm5476	chr15	FALSE	FALSE
Gm5477	chr15	FALSE	FALSE
Gm5478	chr15	FALSE	FALSE
Smim22	chr16	FALSE	FALSE
A930007A09Rik	chr16	FALSE	TRUE
Cstdc4	chr16	FALSE	FALSE
Or5ac15	chr16	TRUE	FALSE
Krtap13-24	chr16	FALSE	TRUE
Spink14	chr18	FALSE	FALSE
Eno1b	chr18	FALSE	FALSE
Tmem262	chr19	FALSE	FALSE
Gm5523	chr1	FALSE	TRUE
Khdc1c	chr1	FALSE	FALSE
Gm15455	chr1	FALSE	FALSE
Gm13749	chr1	FALSE	FALSE
Teddm1b	chr1	FALSE	FALSE
Ccdc185	chr1	FALSE	TRUE
Gm13363	chr1	FALSE	FALSE
Gm13375	chr2	FALSE	TRUE
Zeb2os	chr2	FALSE	TRUE
Or4a27	chr2	TRUE	FALSE
AA467197	chr2	FALSE	TRUE
Wfdc6b	chr2	FALSE	FALSE
Kprp	chr3	FALSE	FALSE
Gm5547	chr3	FALSE	FALSE
Spag8	chr4	FALSE	FALSE
Msantd5f6	chr4	FALSE	FALSE
Pusl1	chr4	FALSE	FALSE
3110082J24Rik	chr5	FALSE	TRUE
Vmn1r7	chr6	FALSE	FALSE
Vmn1r20	chr6	FALSE	FALSE
Pnma8b	chr7	FALSE	TRUE
D930028M14Rik	chr7	FALSE	TRUE
Eid2b	chr7	FALSE	FALSE
BB014433	chr8	FALSE	TRUE
AY512931	chr8	FALSE	FALSE
Tmem221	chr8	FALSE	FALSE
Gm5617	chr9	FALSE	TRUE
Dppa5a	chr9	FALSE	FALSE
Lsmem2	chr9	FALSE	TRUE
Fthl17b	chrX	FALSE	FALSE
Fthl17c	chrX	FALSE	FALSE
Fthl17-ps1	chrX	FALSE	FALSE
Fthl17f	chrX	FALSE	FALSE
Rhox2d	chrX	FALSE	FALSE
Ldoc1	chrX	FALSE	TRUE
Gm5643	chrX	FALSE	FALSE
Taar7d	chr10	FALSE	TRUE
Taar7f	chr10	TRUE	TRUE
Krtap1-3	chr11	FALSE	FALSE
Krtap4-16	chr11	FALSE	FALSE
Krtap9-5	chr11	FALSE	FALSE
Eif1ad7	chr12	FALSE	FALSE
Pou5f1-rs4	chr3	FALSE	FALSE
Gm13271	chr4	FALSE	TRUE
Or10ak12	chr4	TRUE	FALSE
Vmn1r122	chr7	FALSE	FALSE
Or52a20	chr7	TRUE	FALSE
Hbb-bh2	chr7	FALSE	FALSE
Gpr62	chr9	FALSE	TRUE
Gm5766	chr16	FALSE	FALSE
Litafd	chr16	FALSE	FALSE
Gpr31b	chr17	FALSE	FALSE
Try10	chr6	FALSE	FALSE
Ccin	chr4	FALSE	TRUE
Defb22	chr2	FALSE	FALSE
Nphs1os	chr7	FALSE	FALSE
AY702102	chr2	FALSE	TRUE
Smim40	chr17	FALSE	FALSE
9330162012Rik	chr13	FALSE	FALSE
Taar3	chr10	TRUE	TRUE
Armcx5	chrX	FALSE	FALSE
Taar8c	chr10	FALSE	FALSE
Rnase13	chr14	FALSE	TRUE
Rnase12	chr14	FALSE	TRUE
Rnase11	chr14	FALSE	FALSE
Defa24	chr8	FALSE	FALSE
Taar9	chr10	FALSE	TRUE
Aym1	chr5	FALSE	FALSE
Ebi3	chr17	FALSE	FALSE
Mrps7	chr11	FALSE	FALSE
Igbp1b	chr6	FALSE	FALSE
Elane	chr10	FALSE	FALSE
H1f2	chr13	FALSE	TRUE
H1f4	chr13	FALSE	TRUE
Dkkl1	chr7	FALSE	FALSE
Nt5c	chr11	FALSE	TRUE
Krtap5-1	chr7	FALSE	TRUE
Krtap5-4	chr7	FALSE	FALSE
Fbxl8	chr8	FALSE	TRUE
Tmod4	chr3	FALSE	FALSE
Olig2	chr16	TRUE	TRUE
Olig1	chr16	TRUE	TRUE
Tnfsf14	chr17	FALSE	FALSE
Mtag2	chr7	FALSE	TRUE
H2az1	chr3	FALSE	TRUE
Ddah2	chr17	FALSE	TRUE
Tmem141	chr2	FALSE	TRUE
Cdk2ap2	chr19	FALSE	TRUE
Stbd1	chr5	FALSE	TRUE
Coa3	chr11	FALSE	FALSE
Nhp2	chr11	FALSE	FALSE
Txndc17	chr11	FALSE	FALSE
Pnrc2	chr4	FALSE	FALSE
Dnlz	chr2	FALSE	FALSE
Cdipt	chr7	FALSE	FALSE
Rnasek	chr11	FALSE	FALSE
Eif3g	chr9	FALSE	FALSE
Atoh7	chr10	TRUE	TRUE
Tslp	chr18	FALSE	TRUE
Krt35	chr11	FALSE	FALSE
Cldn7	chr11	FALSE	TRUE
Insm1	chr2	TRUE	TRUE
Ear7	chr14	FALSE	FALSE
Ear4	chr14	FALSE	FALSE
Semg1	chr2	FALSE	FALSE
Irf7	chr7	FALSE	FALSE
Cks1b	chr3	FALSE	FALSE
Ccl26	chr5	FALSE	FALSE
Rnase2b	chr14	FALSE	FALSE
Rnf5	chr17	FALSE	FALSE
Ccrl2	chr9	FALSE	FALSE
Rpl36	chr17	TRUE	FALSE
B3galt4	chr17	FALSE	FALSE
Gp9	chr6	FALSE	TRUE
Tcstv1a	chr13	FALSE	FALSE
H1f9	chr11	FALSE	FALSE
Sit1	chr4	FALSE	TRUE
Ndufa1	chrX	FALSE	FALSE
Ramp2	chr11	FALSE	TRUE
Cldn6	chr17	FALSE	TRUE
Cldn8	chr16	FALSE	FALSE
Gm5779	chr10	FALSE	FALSE
Krtap10-10	chr10	FALSE	FALSE
Uqcc6	chr10	FALSE	FALSE
Or6c8b	chr10	FALSE	FALSE
Hbq1b	chr11	FALSE	TRUE
Hnrnpa1l2-ps2	chr15	FALSE	TRUE
Or5v1b	chr17	TRUE	FALSE
Or7c74	chr2	FALSE	FALSE
Or4k39	chr2	FALSE	FALSE
Defb28	chr2	FALSE	FALSE
Lce1j	chr3	FALSE	FALSE
Lce3a	chr3	FALSE	FALSE
Ankrd34a	chr3	FALSE	TRUE
Gm5859	chr4	FALSE	FALSE
Nap1l3	chrX	FALSE	FALSE
Gm13283	chr4	FALSE	TRUE
Gm13289	chr4	FALSE	TRUE
Gm13272	chr4	FALSE	TRUE
Gm13276	chr4	FALSE	TRUE
Gm13275	chr4	FALSE	TRUE
Fhad1os1	chr4	FALSE	FALSE
Smarca5-ps	chr4	FALSE	FALSE
Mterf1a	chr5	FALSE	FALSE
Speer1e	chr5	FALSE	FALSE
Cyp2w1	chr5	FALSE	FALSE
Gm5885	chr6	FALSE	FALSE
Gm5886	chr6	FALSE	FALSE
Gm5897	chr7	FALSE	FALSE
Or51aa2	chr7	TRUE	FALSE
Spag11b	chr8	FALSE	FALSE
Adam39	chr8	FALSE	FALSE
Ubqln2	chrX	FALSE	FALSE
Sfrp5	chr19	TRUE	TRUE
Npff	chr15	TRUE	FALSE
Prr23a4	chr9	FALSE	FALSE
Pqbp1	chrX	TRUE	FALSE
Gm5941	chrX	FALSE	FALSE
Praf2	chrX	FALSE	FALSE
Usp27x	chrX	FALSE	FALSE
Ly6g	chr15	TRUE	FALSE
Klhdc7b	chr15	FALSE	FALSE
Ppp1r2-ps3	chr19	FALSE	TRUE
Calhm1	chr19	TRUE	FALSE
Or6y1	chr1	TRUE	FALSE
Prdx5	chr19	FALSE	FALSE
Or10ac1	chr6	TRUE	FALSE
Vmn1r34	chr6	FALSE	FALSE
Vmn1r39	chr6	FALSE	FALSE
H2al1k	chrX	FALSE	FALSE
Rtl8b	chrX	FALSE	FALSE
Hes6	chr1	TRUE	TRUE
Apom	chr17	FALSE	FALSE
Sertad1	chr7	FALSE	FALSE
Sfn	chr4	FALSE	TRUE
Eef1b2	chr1	FALSE	FALSE
Cxcl13	chr5	FALSE	FALSE
Alyref2	chr1	FALSE	TRUE
Pgam2	chr11	FALSE	FALSE
Or13j1	chr4	TRUE	TRUE
Nprl2	chr9	FALSE	FALSE
Rplp1	chr9	FALSE	FALSE
Pfpl	chr19	FALSE	FALSE
Msgn1	chr12	FALSE	TRUE
Ccl24	chr5	FALSE	FALSE
Cited4	chr4	FALSE	TRUE
Mrpl12	chr11	FALSE	FALSE
Slc35g3	chr11	FALSE	FALSE
Fkbpl	chr17	FALSE	FALSE
Gps2	chr11	FALSE	FALSE
Txnip	chr3	FALSE	TRUE
Cyb561d2	chr9	FALSE	FALSE
Znrd2	chr19	FALSE	FALSE
Tmem115	chr9	FALSE	FALSE
Stub1	chr17	FALSE	FALSE
Rrad	chr8	FALSE	TRUE
Dynll1	chr5	FALSE	FALSE
Gabarap	chr11	FALSE	FALSE
Nxt1	chr2	FALSE	FALSE
Srpk3	chrX	FALSE	FALSE
Pard6a	chr8	FALSE	TRUE
Nme4	chr17	FALSE	FALSE
Papolb	chr5	FALSE	FALSE
Ripk3	chr14	FALSE	TRUE
Hspb3	chr13	FALSE	TRUE
Klk11	chr7	FALSE	FALSE
Fgf21	chr7	FALSE	FALSE
Klk4	chr7	FALSE	FALSE
Dnajb8	chr6	FALSE	TRUE
H1f5	chr13	FALSE	TRUE
Miox	chr15	FALSE	FALSE
Alg2	chr4	FALSE	FALSE
Psrc1	chr3	FALSE	TRUE
Pf4	chr5	FALSE	TRUE
Tacstd2	chr6	FALSE	TRUE
Ascl3	chr7	FALSE	FALSE
Tssc4	chr7	FALSE	TRUE
Insm2	chr12	TRUE	TRUE
Or52b1	chr7	TRUE	FALSE
Cldn9	chr17	FALSE	TRUE
Ly6i	chr15	TRUE	FALSE
Or52d3	chr7	TRUE	FALSE
Or8b12i	chr9	TRUE	FALSE
Tas2r105	chr6	TRUE	FALSE
Tas2r108	chr6	TRUE	FALSE
Tas2r119	chr15	TRUE	TRUE
Cldn13	chr5	FALSE	FALSE
Ltb4r2	chr14	FALSE	TRUE
Retnla	chr16	FALSE	FALSE
Retnlb	chr16	FALSE	FALSE
Retn	chr8	TRUE	FALSE
Fzd2	chr11	TRUE	TRUE
Or4e2	chr14	TRUE	FALSE
Or4c3d	chr2	TRUE	FALSE
Slc16a8	chr15	FALSE	TRUE
Slurp1	chr15	TRUE	TRUE
Rps27	chr3	TRUE	FALSE
Otor	chr2	FALSE	FALSE
Ppbp	chr5	FALSE	FALSE
Mogs	chr6	FALSE	FALSE
P2ry4	chrX	TRUE	FALSE
Psors1c2	chr17	FALSE	TRUE
Dnajc4	chr19	FALSE	FALSE
Tas2r137	chr6	TRUE	FALSE
Cend1	chr7	TRUE	FALSE
Dnajb7	chr15	FALSE	FALSE
Rangrf	chr11	FALSE	FALSE
Rpl35a	chr16	TRUE	FALSE
Kcne4	chr1	FALSE	TRUE
Crlf2	chr5	FALSE	FALSE
Klrc3	chr6	FALSE	FALSE
Il20	chr1	FALSE	FALSE
Nap1l5	chr6	FALSE	FALSE
1700123O20Rik	chr14	FALSE	FALSE
Fibp	chr19	FALSE	FALSE
Eid1	chr2	FALSE	FALSE
Tssk3	chr4	FALSE	FALSE
Ghrl	chr6	TRUE	FALSE
Pole3	chr4	FALSE	FALSE
Rrs1	chr1	FALSE	TRUE
Thap11	chr8	TRUE	FALSE
Edf1	chr2	FALSE	FALSE
C1galt1c1	chrX	FALSE	FALSE
Hgh1	chr15	FALSE	FALSE
Bhlhe22	chr3	TRUE	TRUE
Rbm8a	chr3	FALSE	FALSE
Trappc4	chr9	TRUE	FALSE
Npvf	chr6	FALSE	FALSE
AA465934	chr11	FALSE	FALSE
Mmp24os1	chr2	FALSE	TRUE
Garin4	chr1	FALSE	FALSE
Tmem253	chr14	FALSE	FALSE
4930567H17Rik	chrX	FALSE	FALSE
F830208F22Rik	chr18	FALSE	TRUE
I730030J21Rik	chr15	FALSE	FALSE
Taf7l2	chr10	FALSE	FALSE
Defb42	chr14	FALSE	FALSE
Klf14	chr6	FALSE	FALSE
4930529C04Rik	chr3	FALSE	FALSE
Gm12633	chr4	FALSE	FALSE
Gm12669	chr7	FALSE	FALSE
Dcpp3	chr17	FALSE	FALSE
Vmn1r240	chr7	FALSE	FALSE
Ift70a2	chr2	FALSE	FALSE
Gm13889	chr2	FALSE	TRUE
Vmn1r160	chr7	FALSE	FALSE
Gm6194	chr3	FALSE	FALSE
AI429214	chr8	FALSE	FALSE
Nhlrc4	chr17	FALSE	FALSE
Gm10244	chr6	FALSE	TRUE
Vmn1r129	chr7	FALSE	FALSE
Cldn20	chr17	FALSE	FALSE
Psme2b	chr11	FALSE	FALSE
Ct47	chrX	FALSE	FALSE
Gm11780	chr4	FALSE	FALSE
Rhox2h	chrX	FALSE	FALSE
Ccdc107	chr4	FALSE	TRUE
Ripply1	chrX	FALSE	TRUE
Gm20751	chr13	FALSE	FALSE
Krtap10-31	chr10	FALSE	FALSE
Ccdc17	chr4	FALSE	FALSE
Gm6345	chr1	FALSE	FALSE
Gm6370	chr5	FALSE	FALSE
Krtap20-2	chr16	FALSE	FALSE
Gm6377	chrX	FALSE	FALSE
Fscb	chr12	FALSE	FALSE
Prr19	chr7	FALSE	FALSE
Prr23a1	chr9	FALSE	FALSE
Prr23a2	chr9	FALSE	FALSE
Msantd5f5	chr4	FALSE	FALSE
Gm6408	chr5	FALSE	FALSE
Tmem200b	chr4	FALSE	TRUE
Msantd5f9	chr4	FALSE	FALSE
Prlh	chr1	TRUE	TRUE
Lipt1	chr1	FALSE	FALSE
Gm14137	chr2	FALSE	FALSE
Angptl8	chr9	FALSE	FALSE
Morf4l1-ps1	chr16	FALSE	FALSE
Gm6524	chr8	FALSE	TRUE
Gm6525	chr3	FALSE	FALSE
Gm6548	chr17	FALSE	FALSE
Gm6551	chr16	FALSE	FALSE
Gm6557	chr16	FALSE	FALSE
Gm6567	chr7	FALSE	FALSE
Gm13315	chr2	FALSE	FALSE
Ccdc121rt3	chr5	FALSE	FALSE
Ccdc121rt2	chr5	FALSE	FALSE
Fam43b	chr4	FALSE	TRUE
Gm6623	chr17	FALSE	TRUE
Vmn1r1	chr1	FALSE	FALSE
Gm11166	chr17	FALSE	FALSE
Or8k31-ps1	chr2	FALSE	FALSE
Vmn1r194	chr13	FALSE	FALSE
Vmn1r12	chr6	FALSE	FALSE
Gm11981	chr11	FALSE	FALSE
Defa26	chr8	FALSE	FALSE
Vmn1r31	chr6	FALSE	FALSE
Tubb2a-ps2	chr12	FALSE	FALSE
Gm14092	chr2	FALSE	FALSE
Gm6756	chr18	FALSE	FALSE
Gm6760	chrX	FALSE	FALSE
Gm13034	chr4	FALSE	FALSE
Cyp2d37-ps	chr15	FALSE	FALSE
Gm6812	chrX	FALSE	FALSE
Gm6815	chr16	FALSE	FALSE
Gm14725	chrX	FALSE	FALSE
Hmgb1-rs17	chr8	FALSE	FALSE
Ctag2l1	chrX	FALSE	FALSE
Ctag2l2	chrX	FALSE	FALSE
Vmn1r68	chr7	FALSE	FALSE
Cldn34-ps	chrX	FALSE	FALSE
Vmn1r77	chr7	FALSE	FALSE
Misfa	chr7	FALSE	FALSE
1700008J07Rik	chr7	FALSE	FALSE
Gm6961	chr15	FALSE	FALSE
Spint3	chr2	FALSE	FALSE
Wfdc10	chr2	FALSE	FALSE
Krtap1-4	chr11	FALSE	FALSE
H2-K2	chr17	FALSE	FALSE
Lce3d	chr3	FALSE	FALSE
Cyp4b1-ps2	chr4	FALSE	FALSE
Lce1k	chr3	FALSE	FALSE
Cdr1	chrX	FALSE	FALSE
Vmn1r191	chr13	FALSE	FALSE
Erich4	chr7	FALSE	FALSE
Vmn1r204	chr13	FALSE	FALSE
Mplkipl1	chr19	FALSE	FALSE
Gm7104	chr12	FALSE	FALSE
Gm7134	chrX	FALSE	FALSE
Usp51	chrX	FALSE	FALSE
Cldn34a	chrX	FALSE	FALSE
Gm7168	chr17	FALSE	FALSE
Tex13c1	chrX	FALSE	FALSE
Sbpl	chr17	FALSE	FALSE
Zfp296	chr7	TRUE	FALSE
Pate12	chr9	FALSE	FALSE
Oxct2a	chr4	FALSE	TRUE
Moap1	chr12	FALSE	FALSE
Sdf2l1	chr16	FALSE	TRUE
Pinlyp	chr7	FALSE	FALSE
Spint5	chr2	FALSE	FALSE
Foxb1	chr9	TRUE	TRUE
Tmub1	chr5	FALSE	FALSE
Svs3a	chr2	FALSE	FALSE
Gng13	chr17	TRUE	TRUE
Fndc4	chr5	FALSE	FALSE
Gpr88	chr3	TRUE	TRUE
Sp5	chr2	FALSE	TRUE
Krtdap	chr7	FALSE	FALSE
Htra2	chr6	TRUE	TRUE
Krt81	chr15	FALSE	TRUE
Acot10	chr15	FALSE	FALSE
Arl6ip4	chr5	FALSE	FALSE
Mymx	chr17	FALSE	FALSE
Nrp	chr12	FALSE	FALSE
Defb26	chr2	FALSE	FALSE
Defb25	chr2	FALSE	FALSE
Defb18	chr1	FALSE	FALSE
Defb47	chr14	FALSE	FALSE
Gm7337	chr5	FALSE	FALSE
Sdr39u1	chr14	FALSE	FALSE
Zfp784	chr7	FALSE	FALSE
1700105P06Rik	chr19	FALSE	TRUE
Appbp2os	chr11	FALSE	FALSE
Utp3	chr5	TRUE	FALSE
Ifi30	chr8	FALSE	FALSE
Sostdc1	chr12	FALSE	TRUE
Atp5f1d	chr10	FALSE	FALSE
Mrpl54	chr10	FALSE	FALSE
Emc6	chr11	FALSE	FALSE
Trappc2b	chr11	FALSE	FALSE
Krtcap2	chr3	FALSE	FALSE
Gng11	chr6	FALSE	FALSE
Aurkaip1	chr4	FALSE	FALSE
Tmem42	chr9	FALSE	TRUE
Setd6	chr8	FALSE	FALSE
Ypel3	chr7	FALSE	FALSE
Ndufa3	chr7	FALSE	FALSE
Lsm7	chr10	FALSE	FALSE
Lamtor4	chr5	FALSE	FALSE
Tceal6	chrX	FALSE	TRUE
Apoa5	chr9	FALSE	FALSE
Dnajc30	chr5	TRUE	FALSE
Tomm6	chr17	FALSE	FALSE
Fkbp11	chr15	FALSE	TRUE
Chchd1	chr14	FALSE	FALSE
1110006O24Rik	chr5	FALSE	FALSE
Josd2	chr7	FALSE	FALSE
Sf3b5	chr10	FALSE	FALSE
Elof1	chr9	FALSE	FALSE
Polr1h	chr17	FALSE	FALSE
Ifitm3	chr7	FALSE	TRUE
Atp6v1f	chr6	TRUE	FALSE
Prr13	chr15	FALSE	FALSE
Uqcr10	chr11	FALSE	FALSE
Rtl8a	chrX	FALSE	TRUE
Bola2	chr7	FALSE	FALSE
Nip7	chr8	FALSE	FALSE
S100a14	chr3	FALSE	FALSE
Grina	chr15	FALSE	TRUE
Chchd5	chr2	FALSE	FALSE
Med11	chr11	FALSE	TRUE
Mustn1	chr14	FALSE	TRUE
Ubl5	chr9	FALSE	FALSE
Nop10	chr2	FALSE	FALSE
Rps4l	chr6	FALSE	FALSE
Lage3	chrX	FALSE	FALSE
Lce1g	chr3	FALSE	FALSE
Commd4	chr9	FALSE	FALSE
Lce1m	chr3	FALSE	FALSE
Zdhhc12	chr2	TRUE	TRUE
Kcne5	chrX	FALSE	TRUE
Mrps16	chr14	FALSE	FALSE
Ccdc28b	chr4	FALSE	FALSE
Pigyl	chr9	FALSE	FALSE
Tmed6	chr8	FALSE	FALSE
1810009A15Rik	chr19	FALSE	FALSE
Mptx1	chr1	FALSE	FALSE
Snhg16	chr11	FALSE	FALSE
Inafm1	chr7	FALSE	TRUE
Mplkip	chr13	FALSE	FALSE
Scp2d1	chr2	FALSE	FALSE
1700020L24Rik	chr11	FALSE	TRUE
Psenen	chr7	FALSE	FALSE
Eid3	chr10	FALSE	TRUE
Lce3b	chr3	FALSE	FALSE
Ndufb11b	chr15	FALSE	FALSE
Cox20	chr1	FALSE	FALSE
Pigbos1	chr9	FALSE	FALSE
Lsm5	chr6	FALSE	FALSE
2310011J03Rik	chr10	FALSE	FALSE
Ndufc1	chr3	FALSE	FALSE
Cox14	chr15	FALSE	FALSE
Krtap3-3	chr11	FALSE	FALSE
Rnf113a2	chr12	FALSE	FALSE
Nudt8	chr19	FALSE	TRUE
Zbtb11os1	chr16	FALSE	TRUE
Alkbh7	chr17	FALSE	FALSE
Sln	chr9	FALSE	FALSE
Mcts2	chr2	FALSE	FALSE
Sac3d1	chr19	FALSE	FALSE
Polr2e	chr10	FALSE	FALSE
Dctpp1	chr7	FALSE	FALSE
Oxld1	chr11	FALSE	FALSE
Hamp2	chr7	FALSE	FALSE
Cyc1	chr15	FALSE	FALSE
2610528J11Rik	chr4	FALSE	FALSE
2810001G20Rik	chr11	FALSE	FALSE
4921533I20Rik	chr18	FALSE	FALSE
Rex1bd	chr8	FALSE	TRUE
Prxl2b	chr4	FALSE	TRUE
A530088E08Rik	chr17	FALSE	FALSE
Ctrb1	chr8	FALSE	FALSE
Rps23	chr13	FALSE	FALSE
Dux	chr10	FALSE	TRUE
Rpl15	chr14	TRUE	TRUE
Rps21	chr2	FALSE	FALSE
Rpl36al	chr12	FALSE	FALSE
Gm7367	chr11	FALSE	FALSE
Fam136a	chr6	FALSE	FALSE
Rpl35	chr2	TRUE	FALSE
Rps15a-ps4	chr4	FALSE	FALSE
Polr2l	chr7	FALSE	FALSE
Mrpl51	chr6	FALSE	FALSE
Ppdpf	chr2	FALSE	FALSE
Gm7444	chr9	FALSE	FALSE
Gm7467	chr5	FALSE	TRUE
Psmg3	chr5	FALSE	FALSE
Smim30	chr6	FALSE	TRUE
Gm7550	chr12	FALSE	FALSE
3930402G23Rik	chr8	FALSE	TRUE
Rep15	chr6	FALSE	TRUE
Kplce	chr3	FALSE	FALSE
Gm7607	chr9	FALSE	FALSE
Rps19bp1	chr15	FALSE	FALSE
Drap1	chr19	FALSE	FALSE
Teddm3	chr16	FALSE	FALSE
H2bc24	chr13	FALSE	TRUE
Gm7788	chr18	FALSE	FALSE
Gm10654	chr8	FALSE	FALSE
Krtap4-1	chr11	FALSE	FALSE
Stoml2	chr4	FALSE	FALSE
Uqcr11	chr10	FALSE	FALSE
Krtap4-8	chr11	FALSE	FALSE
Gm7977	chr3	FALSE	FALSE
Tmsb15b1	chrX	FALSE	FALSE
Ogfod2	chr5	FALSE	FALSE
Gm8096	chr8	FALSE	FALSE
Tex12	chr9	TRUE	FALSE
Gm8234	chr3	FALSE	TRUE
Samd1	chr8	FALSE	TRUE
4632427E13Rik	chr7	FALSE	FALSE
Eif1ad8	chr12	FALSE	FALSE
Tceal8	chrX	FALSE	FALSE
Gm12191	chr15	FALSE	FALSE
Tmem186	chr16	FALSE	FALSE
Gm10638	chr8	FALSE	FALSE
Spryd4	chr10	FALSE	FALSE
Dnase1l2	chr17	FALSE	FALSE
Ndufaf3	chr9	FALSE	FALSE
Nkapl	chr13	FALSE	TRUE
Krtap3-2	chr11	FALSE	FALSE
4921507G05Rik	chr12	FALSE	FALSE
Ccer1	chr10	FALSE	FALSE
Ccdc96	chr5	FALSE	FALSE
4921531C22Rik	chr2	FALSE	FALSE
Ccdc202	chr14	FALSE	TRUE
Map1lc3a	chr2	FALSE	TRUE
Jkampl	chr6	FALSE	TRUE
Gm8615	chr5	FALSE	FALSE
Cypt1	chrX	FALSE	FALSE
Gm8624	chr11	FALSE	FALSE
Trpd52l3	chr19	FALSE	FALSE
Capza1b	chrX	FALSE	FALSE
Ppp1r14bl	chr1	FALSE	FALSE
Gm8709	chr10	FALSE	FALSE
4933411K16Rik	chr19	FALSE	FALSE
Tmem239	chr2	FALSE	FALSE
4933427E11Rik	chr15	FALSE	FALSE
Fam237b	chr5	FALSE	TRUE
Gm17019	chr5	FALSE	TRUE
Carlr	chr2	FALSE	TRUE
4933436I01Rik	chrX	FALSE	FALSE
H2-T-ps	chr17	FALSE	TRUE
Fam187a	chr11	FALSE	FALSE
4933433G08Rik	chr9	FALSE	TRUE
Gm8883	chr1	FALSE	FALSE
H2-T26	chr17	FALSE	TRUE
Tas2r103	chr6	TRUE	FALSE
Duoxa2	chr2	FALSE	TRUE
Eif4a3l1	chr6	TRUE	FALSE
Zxda	chrX	FALSE	TRUE
Gm13288	chr4	FALSE	TRUE
Bcs1l	chr1	FALSE	FALSE
Spmip1	chr6	FALSE	TRUE
Fignl2	chr15	FALSE	TRUE
Pycard	chr7	TRUE	FALSE
Rnf186	chr4	FALSE	FALSE
Fam236f	chrX	FALSE	FALSE
Tmem223	chr19	TRUE	FALSE
0610009L18Rik	chr11	FALSE	TRUE
Scgb1b12	chr7	FALSE	FALSE
4930544D05Rik	chr11	FALSE	TRUE
Ormdl2	chr10	FALSE	FALSE
Clec14a	chr12	FALSE	FALSE
Gm13884	chr2	FALSE	FALSE
Gm9376	chr14	FALSE	FALSE
Tmem107	chr11	TRUE	FALSE
Nudt16l1	chr16	FALSE	FALSE
Vps28	chr15	FALSE	FALSE
Dmac1	chr4	FALSE	FALSE
Swsap1	chr9	FALSE	FALSE
Zfp830	chr11	FALSE	FALSE
Rassf7	chr7	FALSE	TRUE
Tmem88	chr11	FALSE	FALSE
Use1	chr8	FALSE	FALSE
Higd2a	chr13	FALSE	TRUE
Krtap4-23	chr11	FALSE	FALSE
Krtap4-20	chr11	FALSE	FALSE
Krtap4-26	chr11	FALSE	FALSE
Krtap9-22	chr11	FALSE	FALSE
Krtap31-3	chr11	FALSE	FALSE
Chmp1b	chr18	FALSE	FALSE
Polr3d	chr14	FALSE	FALSE
Romo1	chr2	FALSE	FALSE
Gm15412	chr7	FALSE	TRUE
Catsperz	chr19	FALSE	TRUE
Pgp	chr17	FALSE	FALSE
Vmn1r159	chr7	FALSE	FALSE
1700020N18Rik	chr1	FALSE	TRUE
Krtap10-27	chr10	FALSE	TRUE
Krtap10-28	chr10	FALSE	TRUE
Pate11	chr9	FALSE	FALSE
2310039H08Rik	chr17	FALSE	FALSE
Fgf22	chr10	FALSE	FALSE
Rpl14	chr9	TRUE	FALSE
Nrarp	chr2	FALSE	TRUE
Tspan31	chr10	FALSE	FALSE
Atp5f1e	chr2	FALSE	FALSE
Lce1a1	chr3	FALSE	FALSE
Ndufa6	chr15	FALSE	FALSE
Sft2d3	chr18	FALSE	FALSE
Lipt2	chr7	FALSE	TRUE
Nradd	chr9	FALSE	FALSE
2610306M01Rik	chr6	FALSE	FALSE
Rplp2	chr7	TRUE	FALSE
Sgms1os1	chr19	TRUE	FALSE
2700038G22Rik	chr5	FALSE	FALSE
Mrpl55	chr11	FALSE	FALSE
Nkx1-1	chr5	TRUE	TRUE
Gemin6	chr17	FALSE	FALSE
Rpl39	chrX	FALSE	FALSE
2900005J15Rik	chr5	FALSE	TRUE
Cmtm5	chr14	FALSE	TRUE
Med31	chr11	FALSE	FALSE
Rpl37	chr15	TRUE	FALSE
3110045C21Rik	chr1	FALSE	TRUE
3110070M22Rik	chr13	FALSE	TRUE
Iqcf4	chr9	FALSE	FALSE
1700044K03Rik	chr18	FALSE	FALSE
P3r3urf	chr4	FALSE	FALSE
1700031L13Rik	chr5	FALSE	FALSE
1700018L02Rik	chr19	FALSE	TRUE
1700047M11Rik	chr1	FALSE	FALSE
H2ap	chrX	FALSE	FALSE
1700054K19Rik	chr6	FALSE	FALSE
1700066J03Rik	chr13	FALSE	FALSE
1700052I22Rik	chr12	FALSE	TRUE
Ascl4	chr10	FALSE	TRUE
Kcnmb4os1	chr10	FALSE	FALSE
1700083H02Rik	chr12	FALSE	TRUE
1700084E18Rik	chr2	FALSE	FALSE
Pudp	chr18	FALSE	FALSE
C1qtnf12	chr4	FALSE	FALSE
Ppp1r2-ps9	chrX	FALSE	FALSE
4930449I24Rik	chr5	FALSE	FALSE
Rps20	chr4	FALSE	FALSE
C1qtnf4	chr2	FALSE	TRUE
Dusp28	chr1	FALSE	TRUE
1700001G17Rik	chr1	FALSE	TRUE
Rnf151	chr17	FALSE	FALSE
1700039M10Rik	chr14	FALSE	FALSE
1700097N02Rik	chr17	FALSE	FALSE
Krtap10-29	chr10	FALSE	TRUE
Pabpc6	chr17	FALSE	FALSE
4933416O17Rik	chr13	FALSE	FALSE
Macroh2a3	chr15	FALSE	TRUE
Mrfap1	chr5	FALSE	FALSE
4930442L01Rik	chr3	FALSE	FALSE
Ubl4b	chr3	FALSE	TRUE
Tnk2os	chr16	FALSE	FALSE
Dusp6	chr10	FALSE	TRUE
Fibin	chr2	FALSE	TRUE
Ftmt	chr18	FALSE	FALSE
4930483J18Rik	chr15	FALSE	TRUE
4930474N09Rik	chr12	FALSE	TRUE
4930515G01Rik	chr5	FALSE	FALSE
4930544G11Rik	chr6	FALSE	FALSE
Ccdc121	chr5	FALSE	FALSE
Tex46	chr4	FALSE	FALSE
Rpl38	chr11	TRUE	FALSE
0610040B10Rik	chr5	FALSE	FALSE
Elob	chr17	FALSE	FALSE
Trmt112	chr19	FALSE	FALSE
Rpp21	chr17	FALSE	FALSE
Prss37	chr6	FALSE	FALSE
Ost4	chr5	FALSE	FALSE
1810037I17Rik	chr3	FALSE	FALSE
Tmem179b	chr19	FALSE	FALSE
Mrpl24	chr3	FALSE	FALSE
Lce1h	chr3	FALSE	FALSE
Actl11	chr9	FALSE	FALSE
Dph2	chr4	FALSE	FALSE
Ttc39d	chr17	FALSE	FALSE
4930583K01Rik	chr7	FALSE	FALSE
4930577N17Rik	chr3	FALSE	FALSE
Sfr1	chr19	FALSE	FALSE
Dalrd3	chr9	FALSE	FALSE
Limd2	chr11	FALSE	FALSE
Tprg1l	chr4	TRUE	FALSE
Lce1f	chr3	FALSE	FALSE
Mrpl57	chr14	FALSE	FALSE
Slc35a4	chr18	FALSE	FALSE
Asprv1	chr6	FALSE	TRUE
Cysrt1	chr2	FALSE	FALSE
2310033P09Rik	chr11	FALSE	FALSE
Slc25a11	chr11	FALSE	FALSE
Rprm	chr2	FALSE	TRUE
Dcxr	chr11	FALSE	TRUE
Mdp1	chr14	FALSE	FALSE
Mtln	chr2	FALSE	FALSE
Coa6	chr8	FALSE	FALSE
Tmem86a	chr7	FALSE	TRUE
Mtfp1	chr11	FALSE	FALSE
Zcchc3	chr2	FALSE	FALSE
Fam32a	chr8	FALSE	FALSE
Ccdc70	chr8	FALSE	FALSE
1700124L16Rik	chr6	FALSE	FALSE
Wdr55	chr18	FALSE	FALSE
Tmem59l	chr8	FALSE	TRUE
Prorsd1	chr11	FALSE	FALSE
Rps27l	chr9	FALSE	FALSE
Tex13a	chrX	FALSE	FALSE
Rpl41	chr10	FALSE	TRUE
Ooep	chr9	FALSE	FALSE
Tppp3	chr8	FALSE	TRUE
Mrm2	chr5	FALSE	FALSE
Pdf	chr8	FALSE	FALSE
Rpl22l1	chr3	FALSE	FALSE
Pabir1	chr19	FALSE	FALSE
Nmb	chr7	TRUE	FALSE
Zfp593	chr4	FALSE	FALSE
Mid1ip1	chrX	FALSE	TRUE
Rps13	chr7	FALSE	FALSE
Yif1a	chr19	FALSE	FALSE
B230217C12Rik	chr11	FALSE	FALSE
Tigd2	chr6	FALSE	TRUE
Pate6	chr9	TRUE	FALSE
Rpl39l	chr16	FALSE	FALSE
Ppifos	chr14	FALSE	FALSE
4930591A17Rik	chr2	FALSE	FALSE
Inka1	chr9	TRUE	TRUE
Hyi	chr4	FALSE	FALSE
Coa4	chr7	FALSE	FALSE
Hsbp1	chr8	TRUE	FALSE
2900060B14Rik	chr1	FALSE	TRUE
Wfdc15a	chr2	FALSE	FALSE
Cimip2a	chr2	FALSE	FALSE
Fam24a	chr7	FALSE	FALSE
1700067P10Rik	chr17	FALSE	FALSE
1700102H20Rik	chr17	FALSE	FALSE
H2al2a	chr2	FALSE	FALSE
1700120K04Rik	chr7	FALSE	FALSE
Fam229a	chr4	FALSE	TRUE
Rpa3	chr6	FALSE	FALSE
A930018P22Rik	chr2	FALSE	TRUE
1700108J01Rik	chr14	FALSE	TRUE
Tmem86b	chr7	FALSE	FALSE
Trmt12	chr15	FALSE	FALSE
Mfsd10	chr5	FALSE	TRUE
Lypd2	chr15	FALSE	FALSE
Nudt22	chr19	FALSE	FALSE
Tsr3	chr17	FALSE	FALSE
Sdhaf1	chr7	FALSE	FALSE
Ndufb10	chr17	FALSE	FALSE
Tmem174	chr13	FALSE	FALSE
Mettl26	chr17	FALSE	FALSE
Aspdh	chr7	FALSE	FALSE
0610039K10Rik	chr2	FALSE	TRUE
Nat8	chr6	FALSE	TRUE
G6pc3	chr11	FALSE	FALSE
Sycn	chr7	FALSE	FALSE
Fbxl15	chr19	FALSE	TRUE
Rpl34	chr3	TRUE	FALSE
Dusp23	chr1	FALSE	TRUE
Rraga	chr4	FALSE	TRUE
Gpihbp1	chr15	FALSE	TRUE
Ppp1r14a	chr7	FALSE	FALSE
Ly6g6c	chr17	FALSE	FALSE
Sox6os	chr7	FALSE	TRUE
Ssna1	chr2	TRUE	FALSE
Krtap6-5	chr16	FALSE	FALSE
Mrpl53	chr6	FALSE	FALSE
Ptx4	chr17	FALSE	FALSE
Tomm5	chr4	FALSE	FALSE
Myadml2	chr11	FALSE	FALSE
Ciao2b	chr8	FALSE	FALSE
Smim6	chr11	FALSE	FALSE
Trir	chr8	FALSE	FALSE
Cebpzos	chr17	FALSE	FALSE
Mrpl28	chr17	FALSE	FALSE
Eola1	chrX	FALSE	FALSE
Fahd1	chr17	FALSE	FALSE
Krtap6-6	chr16	FALSE	FALSE
Scgb3a1	chr11	FALSE	FALSE
Krtap4-2	chr11	FALSE	FALSE
Fitm1	chr14	FALSE	FALSE
1110028F11Rik	chr11	FALSE	FALSE
Lce1e	chr3	FALSE	FALSE
Ppp1r27	chr11	FALSE	FALSE
Ifitm1	chr7	FALSE	FALSE
Lce1b	chr3	FALSE	FALSE
1110032F04Rik	chr3	FALSE	TRUE
Abhd11	chr5	FALSE	FALSE
1110038B12Rik	chr17	FALSE	FALSE
Krtap4-6	chr11	FALSE	FALSE
Prr32	chrX	FALSE	FALSE
Zfand2b	chr1	FALSE	FALSE
Mrpl52	chr14	FALSE	FALSE
Rnf208	chr2	FALSE	FALSE
Lrrn4cl	chr19	FALSE	FALSE
Klhdc9	chr1	FALSE	FALSE
Maf1	chr15	FALSE	FALSE
Rasl11a	chr5	FALSE	TRUE
Hint2	chr4	FALSE	FALSE
1110065P20Rik	chr4	FALSE	FALSE
Mospd3	chr5	FALSE	FALSE
Rasl11b	chr5	FALSE	TRUE
Zfas1	chr2	FALSE	FALSE
Chmp2a	chr7	FALSE	FALSE
Paqr6	chr3	FALSE	TRUE
Eif1b	chr9	FALSE	FALSE
1500015A07Rik	chr18	FALSE	FALSE
Zfp580	chr7	FALSE	FALSE
6330418K02Rik	chr5	FALSE	FALSE
Thap7	chr16	FALSE	FALSE
Spcs1	chr14	FALSE	FALSE
Tmem258	chr19	FALSE	FALSE
Nat8f5	chr6	FALSE	FALSE
1810013A23Rik	chr17	FALSE	TRUE
Pycr2	chr1	FALSE	FALSE
1810007C17Rik	chr12	FALSE	FALSE
Chac1	chr2	TRUE	TRUE
Tcim	chr8	FALSE	TRUE
Triap1	chr5	FALSE	FALSE
Tmem160	chr7	FALSE	FALSE
1810012K16Rik	chr8	FALSE	FALSE
Ccnq	chr11	FALSE	FALSE
1810021B22Rik	chr15	FALSE	FALSE
Fam25a	chr14	FALSE	FALSE
Tusc1	chr4	FALSE	TRUE
Ctrcos	chr4	FALSE	FALSE
Cd209f	chr8	FALSE	FALSE
2200002J24Rik	chr7	FALSE	FALSE
Comtd1	chr14	FALSE	TRUE
Tmem256	chr11	FALSE	TRUE
Mcemp1	chr8	FALSE	FALSE
Pdia2	chr17	FALSE	FALSE
Tmem121	chr12	FALSE	TRUE
2010016I18Rik	chr3	FALSE	TRUE
Sat2	chr11	FALSE	FALSE
2410006H16Rik	chr11	FALSE	FALSE
Zfp688	chr7	FALSE	FALSE
Hspb2	chr9	FALSE	FALSE
Scnm1	chr3	FALSE	FALSE
1700001J03Rik	chr5	FALSE	FALSE
Cimap1a	chr7	FALSE	FALSE
Tescl	chr7	FALSE	FALSE
1700001G11Rik	chr14	FALSE	TRUE
1700007P06Rik	chr1	FALSE	FALSE
Slc16a13	chr11	FALSE	FALSE
1700008K24Rik	chr17	FALSE	FALSE
Izumo3	chr4	FALSE	FALSE
Hmgb4	chr4	FALSE	TRUE
Fam24b	chr7	FALSE	FALSE
Pierce1	chr2	TRUE	FALSE
1700012C14Rik	chr6	FALSE	TRUE
Ccdc54	chr16	FALSE	FALSE
1700003I22Rik	chr1	FALSE	FALSE
Cypt3	chrX	FALSE	FALSE
Cst12	chr2	FALSE	FALSE
Spaca4	chr7	FALSE	FALSE
1700017L05Rik	chr5	FALSE	FALSE
Mocs3	chr2	FALSE	FALSE
C8g	chr2	FALSE	FALSE
1700013G24Rik	chr4	FALSE	FALSE
Tmem89	chr9	FALSE	FALSE
Fam236c	chrX	FALSE	TRUE
H2bw2	chrX	FALSE	FALSE
1700018F24Rik	chr5	FALSE	FALSE
1700025J12Rik	chr7	FALSE	FALSE
1700021N21Rik	chr4	FALSE	FALSE
1700016P04Rik	chr6	FALSE	FALSE
1700026J14Rik	chr6	FALSE	FALSE
Snhg10	chr12	FALSE	FALSE
Clic3	chr2	FALSE	FALSE
Slurp2	chr15	TRUE	TRUE
Krtap4-13	chr11	FALSE	FALSE
Tmco2	chr4	FALSE	FALSE
Krtap3-1	chr11	FALSE	FALSE
Actl9	chr17	TRUE	FALSE
Klk12	chr7	FALSE	FALSE
Lce3e	chr3	FALSE	FALSE
Rwdd2a	chr9	FALSE	TRUE
Lce3f	chr3	FALSE	FALSE
Krtap26-1	chr16	FALSE	FALSE
Klk10	chr7	FALSE	FALSE
2300002M23Rik	chr17	FALSE	FALSE
Capns2	chr8	FALSE	TRUE
Wdr5b	chr16	FALSE	FALSE
Bst2	chr8	TRUE	FALSE
Nmrk2	chr10	FALSE	FALSE
Mfsd3	chr15	FALSE	FALSE
Hilpda	chr6	FALSE	FALSE
Smco1	chr16	FALSE	FALSE
Tnfsf13	chr11	FALSE	TRUE
Hjv	chr3	FALSE	TRUE
Gpx8	chr13	FALSE	TRUE
Lce1d	chr3	FALSE	FALSE
Enho	chr4	FALSE	TRUE
2310069B03Rik	chr6	FALSE	FALSE
Krtap13-22	chr16	FALSE	TRUE
2310061I04Rik	chr17	FALSE	FALSE
Krtap1-5	chr11	FALSE	FALSE
Ccdc115	chr1	FALSE	FALSE
Tmem52	chr4	FALSE	TRUE
Cdk3	chr11	FALSE	FALSE
Krtap13-21	chr16	FALSE	FALSE
2310079G19Rik	chr16	FALSE	FALSE
Gm10499	chr17	FALSE	TRUE
Pold4	chr19	FALSE	TRUE
Epb41l4aos	chr18	FALSE	FALSE
2410021H03Rik	chr17	FALSE	FALSE
Zfp511	chr7	FALSE	FALSE
Aoc1l2	chr6	FALSE	FALSE
Tnfaip8l2	chr3	FALSE	FALSE
Fam174c	chr10	FALSE	FALSE
1810019D21Rik	chr8	FALSE	TRUE
Timm29	chr9	FALSE	FALSE
1600023N17Rik	chr5	FALSE	FALSE
1600027J07Rik	chr8	FALSE	FALSE
1600029I14Rik	chr9	FALSE	TRUE
1810044D09Rik	chr6	FALSE	FALSE
Tmem147	chr7	FALSE	FALSE
Abhd11os	chr5	FALSE	FALSE
Krtcap3	chr5	FALSE	FALSE
Pcgf1	chr6	FALSE	FALSE
2010003K11Rik	chr19	FALSE	TRUE
Ppp1r35	chr5	FALSE	FALSE
Ndufa11	chr17	FALSE	FALSE
Snhg8	chr3	FALSE	TRUE
Polr2i	chr7	FALSE	FALSE
Rnf113a1	chrX	FALSE	FALSE
Rpp25l	chr4	FALSE	TRUE
Mettl18	chr1	FALSE	FALSE
2810405F15Rik	chr2	FALSE	TRUE
1700025N23Rik	chr6	FALSE	TRUE
Rsc1a1	chr4	FALSE	FALSE
1700028B04Rik	chr7	FALSE	FALSE
Ino80b	chr6	FALSE	FALSE
Tspo2	chr17	FALSE	FALSE
Dancr	chr5	FALSE	TRUE
Ccdc89	chr7	FALSE	FALSE
Ctag2	chrX	FALSE	FALSE
H1f7	chr15	FALSE	TRUE
Zdhhc25	chr15	FALSE	FALSE
Metrn	chr17	TRUE	FALSE
Cimap1b	chr15	FALSE	TRUE
Misp3	chr8	FALSE	TRUE
2210417A02Rik	chr5	FALSE	FALSE
Cd209g	chr8	FALSE	FALSE
2310075C17Rik	chr9	FALSE	FALSE
Ctsll3	chr13	FALSE	FALSE
Rbm3os	chrX	FALSE	FALSE
3300002P13Rik	chr7	FALSE	TRUE
Cd2bp2	chr7	FALSE	FALSE
Ufsp1	chr5	FALSE	FALSE
Chp2	chr7	FALSE	FALSE
Ly6g6e	chr17	TRUE	FALSE
2310068J16Rik	chr15	FALSE	FALSE
Arl16	chr11	FALSE	FALSE
Pigw	chr11	FALSE	FALSE
Polr1g	chr7	FALSE	FALSE
0610038B21Rik	chr8	FALSE	TRUE
Actl10	chr2	FALSE	TRUE
Bag5	chr12	TRUE	FALSE
Derl3	chr10	FALSE	TRUE
2210416O15Rik	chr11	FALSE	TRUE
Calml3	chr13	FALSE	FALSE
2810408A11Rik	chr11	FALSE	FALSE
Cd248	chr19	FALSE	TRUE
Pnma1	chr12	FALSE	FALSE
Rnf167	chr11	TRUE	FALSE
5730416F02Rik	chrX	FALSE	FALSE
5730460C07Rik	chr3	FALSE	FALSE
5730488B01Rik	chr4	FALSE	TRUE
6330415B21Rik	chr6	FALSE	TRUE
Arrdc2	chr8	FALSE	TRUE
Krtap31-1	chr11	FALSE	FALSE
Prss22	chr17	FALSE	FALSE
Alkbh3os1	chr2	FALSE	FALSE
Lpcat2b	chr5	FALSE	FALSE
Cdkn2aip	chr8	FALSE	FALSE
Tex19.2	chr11	FALSE	FALSE
Stamos	chr2	FALSE	FALSE
Cabs1	chr5	FALSE	FALSE
Fancd2os	chr6	FALSE	FALSE
Ubqln5	chr7	FALSE	FALSE
4933401B06Rik	chrX	FALSE	FALSE
4933405L10Rik	chr8	FALSE	FALSE
Ppp2r2cos	chr5	FALSE	TRUE
Hsfy2	chr1	FALSE	FALSE
Adam30	chr3	FALSE	FALSE
4933416M07Rik	chr8	FALSE	FALSE
4933412E24Rik	chr15	FALSE	FALSE
4933411G06Rik	chr10	FALSE	FALSE
Tssk4	chr14	FALSE	FALSE
4933422A05Rik	chr9	FALSE	TRUE
Prkag2os1	chr5	FALSE	TRUE
4933421I07Rik	chr7	FALSE	FALSE
4933417G07Rik	chr3	FALSE	FALSE
Otud1	chr2	FALSE	TRUE
Gpr15	chr16	FALSE	FALSE
4933428M09Rik	chrX	FALSE	FALSE
4933430H16Rik	chr7	FALSE	FALSE
Rnf148	chr6	FALSE	FALSE
Tchhl1	chr3	FALSE	FALSE
Krtap7-1	chr16	FALSE	TRUE
Krtap16-3	chr16	FALSE	FALSE
Krtap28-13	chr1	FALSE	FALSE
Spaar	chr4	FALSE	FALSE
Krtap2-4	chr11	FALSE	FALSE
8430423G03Rik	chr5	FALSE	FALSE
Ggt6	chr11	FALSE	FALSE
Izumo4	chr10	FALSE	FALSE
Sval1	chr6	FALSE	FALSE
Arl14	chr3	FALSE	FALSE
Krtap5-2	chr7	FALSE	FALSE
4833411C07Rik	chr8	FALSE	TRUE
4930413F20Rik	chr15	FALSE	TRUE
Rarres2	chr6	FALSE	FALSE
Tmt1b	chr10	FALSE	FALSE
Acy3	chr19	FALSE	FALSE
Atp5pd	chr11	FALSE	FALSE
Coasy	chr11	FALSE	FALSE
Cyp2d40	chr15	FALSE	FALSE
Bbs10	chr10	FALSE	TRUE
Isyna1	chr8	FALSE	TRUE
Csl	chr10	FALSE	FALSE
Tex44	chr1	FALSE	FALSE
1700016G22Rik	chr13	FALSE	FALSE
2310003N18Rik	chr9	FALSE	FALSE
Noxo1	chr17	FALSE	FALSE
Cldn23	chr8	FALSE	TRUE
Borcs6	chr11	FALSE	TRUE
Riox1	chr12	FALSE	TRUE
Castor1	chr11	FALSE	TRUE
Zswim1	chr2	FALSE	FALSE
Prr23a3	chr9	FALSE	FALSE
Ddx28	chr8	FALSE	FALSE
Lmntd2	chr7	FALSE	FALSE
Btbd17	chr11	FALSE	TRUE
1600025M17Rik	chrX	FALSE	FALSE
Tnfrsf13c	chr15	FALSE	TRUE
Tmub2	chr11	FALSE	FALSE
Mospd4	chr18	FALSE	TRUE
2010320M18Rik	chr8	FALSE	FALSE
2010106C02Rik	chr17	FALSE	TRUE
Jmjd8	chr17	FALSE	FALSE
Ccdc71l	chr12	FALSE	TRUE
Chst14	chr2	FALSE	TRUE
2610507I01Rik	chr11	FALSE	FALSE
Spmap1	chr11	FALSE	FALSE
Rab11fip4os2	chr11	FALSE	TRUE
1700001J11Rik	chr9	FALSE	FALSE
1700003M07Rik	chr4	FALSE	TRUE
Lncbate3	chr9	FALSE	TRUE
1600014C23Rik	chr17	FALSE	TRUE
1700012D01Rik	chr10	FALSE	TRUE
1700022A21Rik	chr5	FALSE	FALSE
1700030M09Rik	chr8	FALSE	FALSE
1700027F06Rik	chr6	FALSE	FALSE
Smim24	chr10	FALSE	FALSE
2200002D01Rik	chr7	FALSE	FALSE
2210404E10Rik	chr19	FALSE	FALSE
2510002D24Rik	chr16	FALSE	FALSE
Tmem158	chr9	FALSE	TRUE
Nkg7	chr7	FALSE	FALSE
Ccdc74a	chr16	FALSE	TRUE
Asb17os	chr3	FALSE	FALSE
Cdpf1	chr15	FALSE	FALSE
Psca	chr15	FALSE	TRUE
Mir196b	chr6	FALSE	TRUE
Cnfn	chr7	FALSE	TRUE
Mir34a	chr4	TRUE	FALSE
Mir425	chr9	TRUE	FALSE
Mir181b-1	chr1	TRUE	FALSE
Mir124a-2	chr3	TRUE	TRUE
Mir124a-3	chr2	TRUE	TRUE
Mir125b-2	chr16	TRUE	FALSE
Mir24-2	chr8	TRUE	TRUE
Ift70b	chr2	FALSE	FALSE
Lypd3	chr7	FALSE	TRUE
Tspyl4	chr10	FALSE	TRUE
Ier5l	chr2	FALSE	TRUE
Fgfbp3	chr19	TRUE	TRUE
Exosc6	chr8	FALSE	FALSE
Reep4	chr14	FALSE	TRUE
Mir503hg	chrX	FALSE	TRUE
Pdzd11	chrX	TRUE	FALSE
Snhg5	chr9	FALSE	TRUE
Selenoh	chr2	FALSE	FALSE
Fam110d	chr4	FALSE	TRUE
Zcchc12	chrX	FALSE	FALSE
Lime1	chr2	FALSE	FALSE
Tbcc	chr17	FALSE	TRUE
Hdhd3	chr4	FALSE	FALSE
Defa-ps1	chr8	FALSE	FALSE
2810454H06Rik	chr6	FALSE	FALSE
Cerox1	chr17	FALSE	TRUE
2900040C04Rik	chr14	FALSE	TRUE
Kremen2	chr17	FALSE	TRUE
Ttc9b	chr7	FALSE	FALSE
Camk2n2	chr16	FALSE	TRUE
Exo5	chr4	FALSE	FALSE
Fezf1	chr6	TRUE	TRUE
Ccnq-ps2	chr8	FALSE	FALSE
1700023C21Rik	chr11	FALSE	FALSE
1700037C18Rik	chr16	FALSE	FALSE
1700031P21Rik	chr12	FALSE	FALSE
Ccdc103	chr11	TRUE	FALSE
Fundc2b	chr3	FALSE	FALSE
Ube2d2b	chr5	FALSE	FALSE
Itpripl1	chr2	FALSE	TRUE
1700034J05Rik	chr6	FALSE	FALSE
1700042G15Rik	chr4	FALSE	FALSE
Actrt2	chr4	FALSE	FALSE
1700054M17Rik	chr2	FALSE	FALSE
1700056E22Rik	chr1	FALSE	TRUE
1700051A21Rik	chr11	FALSE	TRUE
1700055C04Rik	chr9	FALSE	FALSE
1700060C20Rik	chr2	FALSE	FALSE
1700065D16Rik	chr9	FALSE	FALSE
1700052K11Rik	chr11	FALSE	FALSE
1700063O14Rik	chr5	FALSE	FALSE
1700067K01Rik	chr8	FALSE	TRUE
1700065J18Rik	chr1	FALSE	FALSE
1700064M15Rik	chr12	FALSE	TRUE
Kif2b	chr11	FALSE	FALSE
1700074H08Rik	chr13	FALSE	FALSE
1700084J12Rik	chr15	FALSE	TRUE
1700084M14Rik	chrX	FALSE	FALSE
Samt3	chrX	FALSE	FALSE
1700071M16Rik	chr17	FALSE	FALSE
1700072B07Rik	chr9	FALSE	TRUE
1700069P05Rik	chr6	FALSE	FALSE
Nudt16l2	chr9	FALSE	FALSE
1700092K14Rik	chr11	FALSE	TRUE
Tssk5	chr15	FALSE	TRUE
Dusp21	chrX	FALSE	FALSE
1700095J12Rik	chr4	FALSE	FALSE
1700096K18Rik	chr5	FALSE	FALSE
1700100L14Rik	chr13	FALSE	FALSE
Trp53tg5	chr2	FALSE	FALSE
1810009J06Rik	chr6	FALSE	FALSE
1700125G02Rik	chr4	FALSE	FALSE
2210039B01Rik	chr12	FALSE	FALSE
Tex19.1	chr11	FALSE	FALSE
Dppa3	chr6	FALSE	FALSE
Tubb2b	chr13	TRUE	TRUE
Lce1c	chr3	FALSE	FALSE
Lce1a2	chr3	FALSE	FALSE
Sh3bgrl3	chr4	FALSE	TRUE
Lce1l	chr3	FALSE	FALSE
4833415N18Rik	chr16	FALSE	FALSE
4930430F21Rik	chr15	FALSE	FALSE
4930401G09Rik	chr5	FALSE	FALSE
4930405J17Rik	chr10	FALSE	FALSE
Snhg6	chr1	FALSE	FALSE
Fam98c	chr7	FALSE	FALSE
Ifitm5	chr7	FALSE	FALSE
Slc35b2	chr17	FALSE	FALSE
4930431P22Rik	chr14	FALSE	TRUE
Psmb11	chr14	FALSE	FALSE
4833417C18Rik	chr11	FALSE	FALSE
1700029M20Rik	chr4	FALSE	FALSE
4930413G21Rik	chr7	FALSE	FALSE
Phf8l	chr17	FALSE	FALSE
4933406D12Rik	chr2	FALSE	FALSE
Pop7	chr5	FALSE	FALSE
Crct1	chr3	FALSE	TRUE
1700030A11Rik	chr17	FALSE	TRUE
P2ry13	chr3	FALSE	FALSE
1700016A09Rik	chr8	FALSE	TRUE
Liat1	chr11	FALSE	FALSE
Chpf	chr1	FALSE	TRUE
Gale	chr4	FALSE	FALSE
Ankrd9	chr12	FALSE	TRUE
Rnf138rt1	chrX	FALSE	TRUE
Iqcf1	chr9	FALSE	FALSE
1700063H04Rik	chr6	FALSE	TRUE
Cldnd2	chr7	FALSE	FALSE
Magea14	chrX	FALSE	FALSE
Spem1	chr11	FALSE	FALSE
Ccdc182	chr11	FALSE	TRUE
Tex54	chr19	FALSE	FALSE
Ube4bos3	chr4	FALSE	FALSE
1700120G07Rik	chr7	FALSE	FALSE
Isca2	chr12	FALSE	FALSE
Map10	chr8	FALSE	TRUE
Plpp6	chr19	FALSE	TRUE
Stpg3	chr2	FALSE	FALSE
5430421F17Rik	chr8	FALSE	FALSE
Kbtbd13	chr9	TRUE	FALSE
Sost	chr11	FALSE	TRUE
7420700N18Rik	chr8	FALSE	FALSE
9030612E09Rik	chr10	FALSE	TRUE
Tmem81	chr1	FALSE	FALSE
4930426L09Rik	chr2	FALSE	TRUE
4930426D05Rik	chr18	FALSE	TRUE
4930432O09Rik	chr10	FALSE	FALSE
4930448K20Rik	chr4	FALSE	FALSE
4930453L07Rik	chr8	FALSE	FALSE
4930507D05Rik	chr10	FALSE	FALSE
Dnaaf6rt	chr1	TRUE	FALSE
Ddit4	chr10	TRUE	TRUE
Mxra8	chr4	TRUE	FALSE
Yipf2	chr9	FALSE	FALSE
Saxo1os	chr4	FALSE	FALSE
4930480E11Rik	chrX	FALSE	FALSE
Atp6v1e2	chr17	FALSE	FALSE
Pmis2	chr7	FALSE	FALSE
4930471G24Rik	chr13	FALSE	TRUE
Kif4-ps	chr12	FALSE	FALSE
4930471G03Rik	chr18	FALSE	TRUE
4930502E09Rik	chr11	FALSE	FALSE
Rnase10	chr14	FALSE	FALSE
Kif16bos	chr2	FALSE	TRUE
Zcchc13	chrX	FALSE	FALSE
4930515G16Rik	chr6	FALSE	FALSE
4930504C09Rik	chr15	FALSE	FALSE
4930524O05Rik	chr19	FALSE	FALSE
4930517M08Rik	chr17	FALSE	FALSE
Nxnl2	chr13	TRUE	TRUE
4930545H06Rik	chr10	FALSE	FALSE
4930542M03Rik	chr17	FALSE	FALSE
Tex38	chr4	FALSE	FALSE
Sap25	chr5	FALSE	FALSE
1700009J07Rik	chr10	FALSE	FALSE
Rhox2a	chrX	FALSE	FALSE
Hmgb4os	chr4	FALSE	FALSE
4930553E22Rik	chr16	FALSE	FALSE
4930555G21Rik	chr13	FALSE	FALSE
4930562F07Rik	chr1	FALSE	TRUE
4930556L07Rik	chr2	FALSE	FALSE
Bcdin3d	chr15	FALSE	FALSE
Zbtb3	chr19	FALSE	FALSE
4930563E22Rik	chr11	FALSE	FALSE
Fam243	chr16	FALSE	FALSE
4930564C03Rik	chr17	FALSE	FALSE
4930554I06Rik	chr19	FALSE	TRUE
4930563F08Rik	chr5	FALSE	FALSE
Defb29	chr2	FALSE	FALSE
1700006F04Rik	chr14	FALSE	FALSE
Cypt12	chr3	FALSE	TRUE
Fam236e	chrX	FALSE	FALSE
Prps1l1	chr12	FALSE	FALSE
Iqcf5	chr9	FALSE	FALSE
1700009N14Rik	chr4	FALSE	FALSE
Pfn3	chr13	FALSE	TRUE
1700003F12Rik	chr2	FALSE	TRUE
Hspb9	chr11	FALSE	FALSE
Cox8c	chr12	FALSE	TRUE
1700010B08Rik	chr2	FALSE	FALSE
1700012D16Rik	chr3	FALSE	FALSE
Pou5f2	chr13	FALSE	TRUE
1700017J07Rik	chr2	FALSE	FALSE
1700020N15Rik	chrX	FALSE	FALSE
1700021F02Rik	chr5	FALSE	FALSE
1700019P21Rik	chr1	FALSE	TRUE
Nscme3l	chr19	FALSE	FALSE
1700028D13Rik	chr5	FALSE	FALSE
Dynap	chr18	FALSE	FALSE
Krtap9-3	chr11	FALSE	FALSE
2310043L19Rik	chr1	FALSE	TRUE
Dusp9	chrX	FALSE	TRUE
Smim15	chr13	FALSE	FALSE
Rps25	chr9	FALSE	FALSE
Mageh1	chrX	FALSE	FALSE
Frey1	chr2	FALSE	FALSE
Spata25	chr2	FALSE	FALSE
1700020A23Rik	chr2	FALSE	FALSE
Lin37	chr7	FALSE	FALSE
1700030C14Rik	chr2	FALSE	FALSE
Tmem225	chr9	FALSE	FALSE
Rasl10a	chr11	FALSE	TRUE
Cldn22	chr8	FALSE	TRUE
Nudt16	chr9	FALSE	FALSE
Higd1b	chr11	FALSE	FALSE
Nr2c2ap	chr8	FALSE	FALSE
C2cd4b	chr9	FALSE	TRUE
Adad2	chr8	FALSE	FALSE
4930402K13Rik	chrX	FALSE	FALSE
4930478L05Rik	chr16	FALSE	FALSE
4930592I03Rik	chr18	FALSE	TRUE
4930571K23Rik	chr7	FALSE	TRUE
4930572O13Rik	chr14	FALSE	FALSE
4930589L23Rik	chr3	FALSE	FALSE
4930579K19Rik	chr9	FALSE	FALSE
4930579D09Rik	chr6	FALSE	FALSE
4930579G18Rik	chr14	FALSE	FALSE
4930579G24Rik	chr3	FALSE	FALSE
4930583P06Rik	chr2	FALSE	FALSE
4930594O21Rik	chr3	FALSE	FALSE
5033417F24Rik	chr1	FALSE	FALSE
5830454E08Rik	chr9	FALSE	FALSE
6230400D17Rik	chr14	FALSE	FALSE
Slc35d3	chr10	FALSE	TRUE
Arxes1	chrX	FALSE	FALSE
Magef1	chr16	FALSE	TRUE
Atp6v0e2	chr6	TRUE	FALSE
Gstk1	chr6	FALSE	TRUE
Cyp2d26	chr15	FALSE	FALSE
Gpt	chr15	FALSE	TRUE
Mfap4	chr11	FALSE	TRUE
H2al1m	chrX	FALSE	FALSE
1700010D01Rik	chrX	FALSE	FALSE
Pbp2	chr6	FALSE	FALSE
1700025B11Rik	chr15	FALSE	FALSE
Fam209	chr2	FALSE	FALSE
Krtap4-7	chr11	FALSE	FALSE
Ly6k	chr15	FALSE	FALSE
Ppp1r11	chr17	FALSE	FALSE
Paqr4	chr17	FALSE	TRUE
Tmem101	chr11	FALSE	FALSE
Prss8	chr7	FALSE	FALSE
Rbmxl2	chr7	FALSE	FALSE
Lce1i	chr3	FALSE	FALSE
1700040D17Rik	chr3	FALSE	FALSE
Llcfc1	chr6	FALSE	FALSE
1700099I09Rik	chr13	FALSE	FALSE
Prr30	chr14	FALSE	FALSE
1700110C19Rik	chr17	FALSE	FALSE
1700119H24Rik	chr16	FALSE	FALSE
1700122O11Rik	chr17	FALSE	FALSE
Actrt3	chr3	FALSE	FALSE
1700125G22Rik	chr3	FALSE	FALSE
1700123K08Rik	chr5	FALSE	FALSE
Gje1	chr10	FALSE	FALSE
Alpi	chr1	FALSE	FALSE
2410137M14Rik	chr17	FALSE	FALSE
Rpl18a	chr8	FALSE	FALSE
Rps9	chr7	FALSE	FALSE
Gper1	chr5	TRUE	TRUE
Lrg1	chr17	FALSE	TRUE
Spata46	chr1	FALSE	TRUE
Ifi27l2a	chr12	FALSE	TRUE
Psapl1	chr5	FALSE	TRUE
2210420H20Rik	chr18	FALSE	FALSE
Snhg20	chr11	FALSE	FALSE
Urah	chr7	FALSE	FALSE
Arxes2	chrX	FALSE	TRUE
Fam219aos	chr4	FALSE	FALSE
E130018N17Rik	chr2	FALSE	FALSE
9130221H12Rik	chr7	FALSE	FALSE
2810433D01Rik	chr11	FALSE	FALSE
Hnrnpa0	chr13	FALSE	FALSE
8030423J24Rik	chr13	FALSE	TRUE
Krtap5-3	chr7	FALSE	FALSE
9530014B07Rik	chr13	FALSE	FALSE
C030013C21Rik	chr11	FALSE	FALSE
Zfp593os	chr4	FALSE	FALSE
Jrkl	chr9	FALSE	FALSE
C030034I22Rik	chr17	FALSE	FALSE
Shisa4	chr1	FALSE	TRUE
9330198I05Rik	chr5	FALSE	FALSE
5730596B20Rik	chr6	FALSE	TRUE
4930594C11Rik	chr1	FALSE	FALSE
Ptprtos	chr2	FALSE	FALSE
9030204H09Rik	chr2	FALSE	FALSE
Defb12	chr8	FALSE	FALSE
5033406O09Rik	chr12	FALSE	FALSE
Lcn12	chr2	FALSE	TRUE
Lcn9	chr2	FALSE	FALSE
Smim41	chr15	FALSE	FALSE
6720483E21Rik	chr1	FALSE	TRUE
Krtap10-30	chr10	FALSE	FALSE
D730045A05Rik	chr18	FALSE	FALSE
Krtap17-1	chr11	FALSE	TRUE
Krtap19-3	chr16	FALSE	FALSE
B230119M05Rik	chrX	FALSE	FALSE
Grifin	chr5	FALSE	FALSE
Prr15	chr6	FALSE	TRUE
4930519K11Rik	chr14	FALSE	TRUE
4930548J01Rik	chr17	FALSE	FALSE
Tmem190	chr7	FALSE	TRUE
4930583I09Rik	chr17	FALSE	TRUE
6430503K07Rik	chr2	FALSE	TRUE
Lcn8	chr2	FALSE	TRUE
Sowahb	chr5	FALSE	TRUE
Particl	chr6	FALSE	FALSE
4930428D20Rik	chr16	FALSE	FALSE
4930451I11Rik	chr7	FALSE	TRUE
4930449E18Rik	chr19	FALSE	FALSE
Tmem210	chr2	FALSE	TRUE
4930596I21Rik	chr1	FALSE	FALSE
6030471H07Rik	chr4	FALSE	FALSE
Spint4	chr2	FALSE	FALSE
Cst11	chr2	FALSE	FALSE
Spink12	chr18	FALSE	FALSE
Phf23	chr11	FALSE	FALSE
Armcx1	chrX	FALSE	FALSE
Rps27a	chr11	TRUE	FALSE
H2bc27	chr11	FALSE	FALSE
Naa38	chr11	FALSE	TRUE
1810041H14Rik	chr14	FALSE	FALSE
Icam4	chr9	FALSE	TRUE
Snrnp25	chr11	FALSE	FALSE
Nudt17	chr3	FALSE	TRUE
Sapcd1	chr17	FALSE	FALSE
Lce6a	chr3	FALSE	FALSE
2900041M22Rik	chr11	FALSE	FALSE
Ntf5	chr7	TRUE	TRUE
A930041C12Rik	chr5	FALSE	FALSE
C330013E15Rik	chr15	FALSE	TRUE
2700046A07Rik	chr18	FALSE	TRUE
1700065I16Rik	chr15	FALSE	FALSE
1700109G15Rik	chr11	FALSE	FALSE
Nup50l	chr6	FALSE	TRUE
3300005D01Rik	chr17	FALSE	FALSE
E130119H09Rik	chr13	FALSE	FALSE
E130201H02Rik	chr7	FALSE	TRUE
B430319G15Rik	chr9	FALSE	TRUE
Cstdc1	chr2	FALSE	FALSE
1700116B05Rik	chr16	FALSE	FALSE
Platr5	chr1	FALSE	FALSE
1700066C05Rik	chr16	FALSE	FALSE
Plekhj1	chr10	FALSE	FALSE
Rassf10	chr7	TRUE	TRUE
Ift70a1	chr2	FALSE	FALSE
9630013K17Rik	chr11	FALSE	FALSE
Mrps34	chr17	FALSE	FALSE
Nme3	chr17	FALSE	FALSE
Gm9958	chr5	FALSE	FALSE
Gm13199	chr2	FALSE	FALSE
Gm12500	chr3	FALSE	TRUE
Spz1	chr13	FALSE	TRUE
Aldoart2	chr12	FALSE	TRUE
Cptp	chr4	FALSE	FALSE
Smim12	chr4	FALSE	FALSE
Tusc2	chr9	FALSE	FALSE
Rnf227	chr11	FALSE	FALSE
Or8a1b	chr9	TRUE	FALSE
Car15	chr16	FALSE	TRUE
Calm4	chr13	FALSE	FALSE
H1f1	chr13	FALSE	TRUE
Hcar2	chr5	FALSE	FALSE
Tlnrd1	chr7	FALSE	TRUE
Gpr84	chr15	FALSE	FALSE
Mrgprh	chr17	FALSE	TRUE
Arl4d	chr11	FALSE	FALSE
Dnajb1	chr8	FALSE	FALSE
Zbtb22	chr17	FALSE	FALSE
Egfl8	chr17	FALSE	FALSE
Gpank1	chr17	FALSE	FALSE
Tlr9	chr9	TRUE	TRUE
Bambi-ps1	chr2	FALSE	TRUE
Lamtor2	chr3	FALSE	FALSE
Cstf2t	chr19	FALSE	FALSE
Ucn3	chr13	FALSE	FALSE
Il23a	chr10	FALSE	TRUE
Ngrn	chr7	FALSE	FALSE
Snhg1	chr19	FALSE	FALSE
Dpp7	chr2	FALSE	FALSE
Tas1r3	chr4	TRUE	FALSE
Slc25a2	chr18	FALSE	FALSE
Tssk6	chr8	FALSE	TRUE
Hamp	chr7	FALSE	FALSE
Hes7	chr11	TRUE	TRUE
Tnfrsf25	chr4	FALSE	TRUE
Emc9	chr14	FALSE	FALSE
Nat8f2	chr6	FALSE	FALSE
Ear6	chr14	FALSE	FALSE
Rnase2a	chr14	FALSE	FALSE
Pabpc5	chrX	FALSE	FALSE
Uchl4	chr9	FALSE	FALSE
Pnck	chrX	FALSE	FALSE
Pcdhb1	chr18	FALSE	FALSE
Pcdhb2	chr18	FALSE	FALSE
Pcdhb3	chr18	FALSE	FALSE
Pcdhb4	chr18	FALSE	FALSE
Pcdhb5	chr18	FALSE	FALSE
Pcdhb6	chr18	FALSE	FALSE
Pcdhb7	chr18	FALSE	FALSE
Pcdhb8	chr18	FALSE	FALSE
Pcdhb9	chr18	FALSE	FALSE
Pcdhb10	chr18	FALSE	FALSE
Pcdhb11	chr18	FALSE	FALSE
Pcdhb12	chr18	FALSE	FALSE
Pcdhb13	chr18	FALSE	FALSE
Pcdhb15	chr18	FALSE	FALSE
Pcdhb17	chr18	FALSE	FALSE
Pcdhb20	chr18	FALSE	FALSE
Pcdhb21	chr18	FALSE	FALSE
Fzd10	chr5	FALSE	TRUE
Lce3c	chr3	FALSE	FALSE
Mrpl16	chr19	FALSE	FALSE
Mrpl34	chr8	FALSE	TRUE
Mrpl36	chr13	FALSE	FALSE
Mrpl43	chr19	FALSE	FALSE
Olig3	chr10	TRUE	TRUE
H3c15	chr3	FALSE	TRUE
H4c14	chr3	FALSE	FALSE
A430005L14Rik	chr4	FALSE	FALSE
Hmgb2	chr8	TRUE	FALSE
B3gnt9	chr8	FALSE	TRUE
C87198	chr12	FALSE	FALSE
H3c8	chr13	FALSE	TRUE
Slamf9	chr1	TRUE	FALSE
Khdc1b	chr1	FALSE	FALSE
AU015228	chr2	FALSE	FALSE
AI606473	chr3	FALSE	TRUE
