gene_name	chr	is_neuronal_and_mecp2_up	k27ac_remodeled
Auts2	chr5	FALSE	TRUE
Csmd2	chr4	FALSE	TRUE
Arhgap26	chr18	FALSE	TRUE
Rasgef1b	chr5	FALSE	TRUE
Lrrc49	chr9	FALSE	FALSE
Emcn	chr3	FALSE	TRUE
Slc13a1	chr6	FALSE	TRUE
Fgf1	chr18	FALSE	TRUE
Runx1t1	chr4	FALSE	TRUE
Trpm3	chr19	FALSE	TRUE
Pcdh9	chr14	FALSE	TRUE
Cog5	chr12	FALSE	TRUE
Cadps	chr14	FALSE	FALSE
Col9a1	chr1	FALSE	TRUE
Gprin3	chr6	TRUE	TRUE
Maml3	chr3	FALSE	TRUE
Csrnp3	chr2	FALSE	TRUE
Nrxn1	chr17	FALSE	TRUE
Erbb4	chr1	FALSE	FALSE
Pcgf5	chr19	FALSE	TRUE
Tenm2	chr11	FALSE	TRUE
Enox1	chr14	FALSE	FALSE
Slc6a6	chr6	FALSE	TRUE
Zfp608	chr18	FALSE	TRUE
Cytip	chr2	FALSE	TRUE
Camta1	chr4	FALSE	FALSE
Lsamp	chr16	FALSE	TRUE
Ctnnd2	chr15	FALSE	FALSE
Patj	chr4	FALSE	FALSE
Btbd3	chr2	FALSE	TRUE
Tjp1	chr7	FALSE	FALSE
Tmem178b	chr6	FALSE	FALSE
Ephb1	chr9	FALSE	TRUE
Plekha6	chr1	FALSE	TRUE
Cerkl	chr2	FALSE	TRUE
Gabbr2	chr4	FALSE	TRUE
Tafa5	chr15	FALSE	TRUE
Gsg1l	chr7	FALSE	TRUE
Tgfbr3	chr5	FALSE	TRUE
Sema6d	chr2	FALSE	TRUE
Cacna1e	chr1	FALSE	TRUE
Msi2	chr11	FALSE	TRUE
Hgd	chr16	FALSE	TRUE
Dlgap4	chr2	FALSE	FALSE
Phex	chrX	FALSE	TRUE
Afap1	chr5	FALSE	TRUE
Ephb2	chr4	FALSE	FALSE
Zbtb20	chr16	FALSE	TRUE
Lrrc4c	chr2	FALSE	TRUE
Megf11	chr9	FALSE	TRUE
Hdac9	chr12	FALSE	FALSE
Cmip	chr8	FALSE	TRUE
Epha3	chr16	TRUE	TRUE
Snca	chr6	TRUE	TRUE
Cacna2d2	chr9	FALSE	TRUE
Pappa2	chr1	FALSE	TRUE
Arhgef38	chr3	FALSE	TRUE
Nos1	chr5	FALSE	TRUE
Lamb3	chr1	TRUE	TRUE
Fam107b	chr2	TRUE	TRUE
Nln	chr13	FALSE	TRUE
Zic4	chr9	TRUE	TRUE
Pag1	chr3	FALSE	TRUE
Fstl4	chr11	FALSE	TRUE
Opcml	chr9	FALSE	TRUE
Kcnq1	chr7	FALSE	TRUE
Heg1	chr16	FALSE	TRUE
Prkce	chr17	TRUE	FALSE
D430041D05Rik	chr2	FALSE	TRUE
Wdr25	chr12	FALSE	TRUE
Ncald	chr15	FALSE	TRUE
Igsf21	chr4	FALSE	FALSE
Med13l	chr5	FALSE	TRUE
Col27a1	chr4	FALSE	TRUE
Phactr3	chr2	FALSE	FALSE
Atxn1	chr13	FALSE	FALSE
Clnk	chr5	FALSE	TRUE
Sez6	chr11	FALSE	TRUE
Akap6	chr12	FALSE	FALSE
Ksr2	chr5	FALSE	FALSE
Cntnap2	chr6	FALSE	FALSE
Bcas3	chr11	FALSE	FALSE
Nav3	chr10	TRUE	FALSE
Lancl3	chrX	FALSE	TRUE
Tmem150c	chr5	FALSE	FALSE
Ptprn2	chr12	FALSE	TRUE
Dip2b	chr15	FALSE	FALSE
Rab11fip4	chr11	FALSE	TRUE
Anks1b	chr10	FALSE	TRUE
Slc35g2	chr9	FALSE	FALSE
Angpt1	chr15	FALSE	TRUE
Cacna1c	chr6	FALSE	TRUE
Jph1	chr1	FALSE	TRUE
Acly	chr11	FALSE	FALSE
Vti1a	chr19	FALSE	FALSE
Brpf3	chr17	FALSE	FALSE
Lrba	chr3	FALSE	FALSE
Fam135b	chr15	FALSE	TRUE
Ptk2	chr15	FALSE	FALSE
Dgkb	chr12	FALSE	FALSE
Exoc6b	chr6	FALSE	FALSE
Lingo1	chr9	FALSE	TRUE
Nfib	chr4	FALSE	FALSE
Ssh2	chr11	FALSE	TRUE
Cnpy1	chr5	FALSE	TRUE
Svep1	chr4	FALSE	TRUE
Elmo1	chr13	FALSE	TRUE
Zbtb16	chr9	FALSE	FALSE
Foxp1	chr6	FALSE	FALSE
Plcb4	chr2	TRUE	TRUE
Ppp2r2b	chr18	FALSE	TRUE
Fgf20	chr8	FALSE	FALSE
Grik2	chr10	TRUE	TRUE
Gm973	chr1	FALSE	TRUE
Cux2	chr5	FALSE	FALSE
Kbtbd12	chr6	FALSE	TRUE
Shank2	chr7	FALSE	TRUE
Pde4b	chr4	FALSE	TRUE
Nfia	chr4	FALSE	TRUE
Grxcr1	chr5	FALSE	TRUE
Prune2	chr19	FALSE	TRUE
Pde10a	chr17	FALSE	TRUE
Mad1l1	chr5	FALSE	FALSE
Ptchd4	chr17	FALSE	TRUE
Klhl29	chr12	FALSE	TRUE
Ralgps1	chr2	FALSE	FALSE
Ift57	chr16	FALSE	TRUE
Snph	chr2	FALSE	FALSE
Elp4	chr2	FALSE	TRUE
Dagla	chr19	FALSE	TRUE
Nkain3	chr4	FALSE	TRUE
Kctd8	chr5	FALSE	FALSE
Gtf3c1	chr7	FALSE	FALSE
Sybu	chr15	TRUE	TRUE
Mamdc2	chr19	FALSE	TRUE
Sdk1	chr5	FALSE	FALSE
Prkca	chr11	FALSE	FALSE
Mark1	chr1	FALSE	FALSE
Galnt7	chr8	FALSE	TRUE
Celf4	chr18	FALSE	TRUE
Epha5	chr5	TRUE	TRUE
Foxn3	chr12	FALSE	FALSE
Psd3	chr8	FALSE	TRUE
Asb15	chr6	FALSE	TRUE
Cep350	chr1	FALSE	FALSE
Prickle2	chr6	FALSE	FALSE
Npvf	chr6	FALSE	TRUE
Prkcb	chr7	FALSE	FALSE
Adam22	chr5	FALSE	FALSE
Itgb5	chr16	FALSE	TRUE
Tcf12	chr9	FALSE	FALSE
Lpp	chr16	FALSE	TRUE
Astn2	chr4	TRUE	TRUE
Faf1	chr4	FALSE	FALSE
Dip2c	chr13	FALSE	TRUE
Nbea	chr3	TRUE	FALSE
Bahcc1	chr11	FALSE	FALSE
Hcn1	chr13	TRUE	FALSE
Commd1	chr11	FALSE	FALSE
Dsc2	chr18	FALSE	TRUE
Igf1r	chr7	FALSE	FALSE
Ptprk	chr10	FALSE	FALSE
Zfpm2	chr15	FALSE	FALSE
Rab3c	chr13	FALSE	TRUE
Ambra1	chr2	FALSE	TRUE
Ahcyl2	chr6	FALSE	FALSE
Focad	chr4	FALSE	TRUE
Grin2a	chr16	FALSE	FALSE
Mbd5	chr2	FALSE	FALSE
Zbtb40	chr4	FALSE	TRUE
Samd12	chr15	FALSE	TRUE
Slc24a3	chr2	FALSE	TRUE
Sema5b	chr16	FALSE	FALSE
Cdk15	chr1	FALSE	TRUE
Ryr2	chr13	FALSE	FALSE
Vps13d	chr4	FALSE	FALSE
Fam72a	chr1	FALSE	TRUE
Ercc8	chr13	FALSE	TRUE
Bank1	chr3	FALSE	TRUE
Wipf3	chr6	FALSE	TRUE
Mvb12b	chr2	FALSE	FALSE
Ptprg	chr14	FALSE	FALSE
Optn	chr2	FALSE	FALSE
Rxra	chr2	FALSE	TRUE
Gnaq	chr19	FALSE	FALSE
Cacnb4	chr2	FALSE	FALSE
Adgrb3	chr1	TRUE	FALSE
Tbc1d30	chr10	FALSE	TRUE
Col5a1	chr2	FALSE	FALSE
Syn2	chr6	FALSE	TRUE
Trio	chr15	FALSE	TRUE
Rap1gap2	chr11	FALSE	FALSE
Rgs7	chr1	FALSE	FALSE
Dis3l2	chr1	FALSE	FALSE
Pld5	chr1	FALSE	FALSE
Kcnj6	chr16	FALSE	FALSE
Ablim2	chr5	FALSE	FALSE
Rora	chr9	FALSE	FALSE
Rbfox1	chr16	FALSE	FALSE
Adk	chr14	FALSE	TRUE
Trp73	chr4	FALSE	TRUE
Fgf14	chr14	FALSE	TRUE
Baz2b	chr2	FALSE	FALSE
Dnah11	chr12	FALSE	TRUE
Syt2	chr1	FALSE	FALSE
Tbc1d1	chr5	FALSE	TRUE
Btbd9	chr17	FALSE	FALSE
Syt6	chr3	FALSE	TRUE
Syt1	chr10	FALSE	TRUE
Sema3a	chr5	TRUE	TRUE
Fto	chr8	FALSE	FALSE
Dst	chr1	FALSE	TRUE
Dkk3	chr7	FALSE	TRUE
Zfp423	chr8	FALSE	FALSE
Gse1	chr8	FALSE	FALSE
Robo2	chr16	FALSE	FALSE
Ascc3	chr10	FALSE	FALSE
Gabrb3	chr7	FALSE	FALSE
Bcl2l15	chr3	FALSE	FALSE
Fam20c	chr5	FALSE	FALSE
Snd1	chr6	FALSE	TRUE
Sik3	chr9	FALSE	FALSE
Glt8d2	chr10	FALSE	TRUE
Xkr6	chr14	FALSE	TRUE
Hspg2	chr4	FALSE	FALSE
Pdlim7	chr13	FALSE	FALSE
Supt3	chr17	FALSE	FALSE
Ints9	chr14	FALSE	FALSE
Cenpf	chr1	FALSE	TRUE
Itfg1	chr8	FALSE	FALSE
Dysf	chr6	FALSE	FALSE
Ctnna3	chr10	FALSE	FALSE
Lrrn1	chr6	FALSE	TRUE
Hecw2	chr1	FALSE	FALSE
Ldlrad3	chr2	FALSE	TRUE
Zfand3	chr17	FALSE	FALSE
Nup93	chr8	FALSE	TRUE
Tnrc6b	chr15	FALSE	FALSE
Tmcc1	chr6	FALSE	TRUE
Cpeb3	chr19	FALSE	FALSE
Aff3	chr1	FALSE	TRUE
F830045P16Rik	chr2	FALSE	TRUE
Tcf20	chr15	FALSE	TRUE
Hlf	chr11	FALSE	TRUE
Shld1	chr2	FALSE	FALSE
Cemip	chr7	FALSE	FALSE
Ncor2	chr5	FALSE	TRUE
Cdh4	chr2	FALSE	TRUE
Unc13c	chr9	FALSE	FALSE
Nrp2	chr1	FALSE	FALSE
Brinp3	chr1	TRUE	TRUE
Tenm1	chrX	FALSE	FALSE
Nfasc	chr1	FALSE	TRUE
Gria4	chr9	FALSE	FALSE
Prdm5	chr6	FALSE	FALSE
Ncoa1	chr12	FALSE	TRUE
Rapgef2	chr3	FALSE	FALSE
Gria2	chr3	FALSE	FALSE
Kcnd2	chr6	FALSE	FALSE
Chchd6	chr6	FALSE	TRUE
Eps8	chr6	FALSE	FALSE
Frmd4a	chr2	FALSE	FALSE
Mgll	chr6	FALSE	TRUE
Nsmaf	chr4	FALSE	TRUE
Cacna1g	chr11	FALSE	FALSE
Osbpl6	chr2	FALSE	FALSE
Anks1	chr17	FALSE	TRUE
Ntrk3	chr7	FALSE	TRUE
Cux1	chr5	FALSE	TRUE
Marchf4	chr1	FALSE	FALSE
Kmt2c	chr5	FALSE	FALSE
Sfxn5	chr6	FALSE	FALSE
Hmbox1	chr14	FALSE	FALSE
Pou2f2	chr7	FALSE	TRUE
Cadps2	chr6	FALSE	TRUE
Akt3	chr1	FALSE	FALSE
Mtus2	chr5	FALSE	TRUE
Nf1	chr11	FALSE	FALSE
Prickle1	chr15	FALSE	TRUE
Hspa12a	chr19	FALSE	FALSE
Fmn1	chr2	FALSE	TRUE
Atxn7l1	chr12	FALSE	TRUE
Erc2	chr14	FALSE	FALSE
Ncoa2	chr1	FALSE	TRUE
Wdr7	chr18	FALSE	FALSE
St18	chr1	FALSE	FALSE
Gphn	chr12	FALSE	FALSE
Dennd1a	chr2	FALSE	FALSE
Clvs1	chr4	FALSE	FALSE
Prr16	chr18	FALSE	FALSE
Nav1	chr1	FALSE	TRUE
Itsn1	chr16	FALSE	TRUE
Lrrc28	chr7	FALSE	FALSE
Myt1l	chr12	FALSE	TRUE
Serpinb8	chr1	FALSE	FALSE
Adcy9	chr16	FALSE	FALSE
B3gnt2	chr11	FALSE	TRUE
Megf6	chr4	FALSE	TRUE
Enah	chr1	FALSE	TRUE
Cntnap5a	chr1	FALSE	TRUE
Flrt3	chr2	FALSE	TRUE
Cntn4	chr6	FALSE	TRUE
Lca5l	chr16	FALSE	TRUE
Dock3	chr9	FALSE	FALSE
Osbpl10	chr9	FALSE	FALSE
Fmn2	chr1	FALSE	FALSE
Gdpd5	chr7	FALSE	FALSE
Nrcam	chr12	FALSE	FALSE
Mtor	chr4	FALSE	FALSE
Alg8	chr7	FALSE	FALSE
Med27	chr2	FALSE	FALSE
Tbxas1	chr6	FALSE	FALSE
Camk1d	chr2	FALSE	TRUE
Tmem132c	chr5	FALSE	TRUE
Rere	chr4	FALSE	FALSE
Zfp827	chr8	FALSE	FALSE
Ncam1	chr9	FALSE	FALSE
Adcy5	chr16	FALSE	FALSE
Kif13b	chr14	FALSE	FALSE
Fam120b	chr17	FALSE	FALSE
Zcchc7	chr4	FALSE	FALSE
Lmf1	chr17	FALSE	FALSE
Kif5c	chr2	FALSE	FALSE
Farp1	chr14	FALSE	FALSE
Cd276	chr9	FALSE	TRUE
Dnaja3	chr16	FALSE	FALSE
Slc35f3	chr8	FALSE	FALSE
Cdh20	chr1	FALSE	FALSE
Dpp6	chr5	FALSE	FALSE
Fbln2	chr6	FALSE	TRUE
Rnf150	chr8	FALSE	FALSE
Dgki	chr6	FALSE	TRUE
Mbnl2	chr14	FALSE	FALSE
Agap1	chr1	FALSE	FALSE
Kcnab1	chr3	TRUE	TRUE
Abl1	chr2	FALSE	TRUE
Sez6l	chr5	FALSE	FALSE
Cdc73	chr1	FALSE	FALSE
Galnt13	chr2	FALSE	FALSE
Tnrc18	chr5	FALSE	TRUE
Cep128	chr12	FALSE	TRUE
Chchd3	chr6	FALSE	TRUE
Otc	chrX	FALSE	TRUE
Spock1	chr13	FALSE	FALSE
Reep3	chr10	FALSE	FALSE
Garnl3	chr2	FALSE	FALSE
Zswim6	chr13	FALSE	FALSE
Ttc7b	chr12	FALSE	TRUE
Rapgef1	chr2	FALSE	TRUE
Dipk2b	chrX	FALSE	TRUE
Uvrag	chr7	FALSE	FALSE
Snx29	chr16	FALSE	FALSE
1700019D03Rik	chr1	FALSE	FALSE
Cadm2	chr16	FALSE	FALSE
Sobp	chr10	FALSE	TRUE
Sgip1	chr4	FALSE	FALSE
Coro1c	chr5	FALSE	TRUE
Slc4a4	chr5	FALSE	TRUE
Trak1	chr9	FALSE	FALSE
Dlg5	chr14	FALSE	FALSE
Dym	chr18	FALSE	FALSE
Rfc1	chr5	FALSE	FALSE
Skap1	chr11	FALSE	TRUE
Erc1	chr6	FALSE	FALSE
Cd83	chr13	FALSE	TRUE
Elk3	chr10	FALSE	TRUE
Abat	chr16	FALSE	FALSE
Hs6st3	chr14	FALSE	FALSE
Nr3c2	chr8	FALSE	TRUE
Grk5	chr19	FALSE	FALSE
Dnm3	chr1	FALSE	FALSE
Lhpp	chr7	FALSE	TRUE
Pacs1	chr19	FALSE	FALSE
Ntrk2	chr13	FALSE	FALSE
Tex2	chr11	FALSE	FALSE
Mms22l	chr4	FALSE	FALSE
Uggt2	chr14	FALSE	FALSE
Ldlrad4	chr18	FALSE	FALSE
Pde11a	chr2	FALSE	FALSE
Mtss1	chr15	FALSE	FALSE
Sdccag8	chr1	FALSE	FALSE
Atp2b2	chr6	FALSE	FALSE
Smad3	chr9	FALSE	TRUE
Ank1	chr8	FALSE	TRUE
Neb	chr2	FALSE	FALSE
Fbrsl1	chr5	FALSE	FALSE
Pkig	chr2	FALSE	TRUE
Col16a1	chr4	FALSE	FALSE
Unc79	chr12	FALSE	TRUE
Rag1	chr2	TRUE	TRUE
Stom	chr2	FALSE	TRUE
Fryl	chr5	FALSE	FALSE
Nrros	chr16	FALSE	TRUE
Triqk	chr4	FALSE	TRUE
Rassf5	chr1	FALSE	FALSE
Gabrb2	chr11	TRUE	FALSE
Lipc	chr9	FALSE	TRUE
Zfp536	chr7	FALSE	FALSE
Slc24a2	chr4	FALSE	TRUE
Pcca	chr14	FALSE	TRUE
Mapk10	chr5	FALSE	FALSE
Apba2	chr7	FALSE	FALSE
Atp8a2	chr14	FALSE	FALSE
Fam168a	chr7	FALSE	TRUE
Ap3b1	chr13	FALSE	FALSE
Iqgap2	chr13	FALSE	TRUE
Bcr	chr10	FALSE	TRUE
Nr3c1	chr18	FALSE	TRUE
Nsf	chr11	FALSE	FALSE
Plekhm3	chr1	FALSE	FALSE
Shisal1	chr15	FALSE	TRUE
Orc5	chr5	FALSE	FALSE
Gas2	chr7	FALSE	FALSE
Arnt2	chr7	FALSE	TRUE
Tdo2	chr3	FALSE	TRUE
Zfp462	chr4	FALSE	TRUE
Arhgap23	chr11	FALSE	FALSE
Tmeff2	chr1	FALSE	FALSE
Lrig2	chr3	FALSE	FALSE
Xpo4	chr14	FALSE	FALSE
Eif4g3	chr4	FALSE	TRUE
Chst15	chr7	FALSE	FALSE
Reln	chr5	FALSE	FALSE
Serpinb1b	chr13	FALSE	FALSE
Zfp385b	chr2	FALSE	TRUE
Sdk2	chr11	FALSE	TRUE
Zfp704	chr3	FALSE	FALSE
Rabgap1l	chr1	FALSE	FALSE
Sorbs1	chr19	FALSE	TRUE
Mdga1	chr17	FALSE	TRUE
Efr3b	chr12	FALSE	TRUE
Ttc39b	chr4	FALSE	TRUE
Strbp	chr2	FALSE	FALSE
Zfp516	chr18	FALSE	TRUE
Aatf	chr11	FALSE	FALSE
Arhgef12	chr9	FALSE	FALSE
Syne3	chr12	FALSE	TRUE
Mpped2	chr2	FALSE	FALSE
Gpm6b	chrX	TRUE	FALSE
Slc8a3	chr12	FALSE	TRUE
Cacng2	chr15	FALSE	FALSE
Lrrk1	chr7	FALSE	FALSE
Ppfia2	chr10	FALSE	FALSE
Armh3	chr19	FALSE	FALSE
Tasp1	chr2	FALSE	FALSE
Gpr158	chr2	FALSE	FALSE
Dennd1b	chr1	FALSE	FALSE
Acbd6	chr1	FALSE	FALSE
Polr1d	chr5	FALSE	TRUE
Cuedc1	chr11	FALSE	FALSE
Pde4dip	chr3	FALSE	TRUE
Efcab6	chr15	FALSE	TRUE
Rgs3	chr4	FALSE	FALSE
Col19a1	chr1	FALSE	TRUE
Kif18a	chr2	FALSE	TRUE
Galnt17	chr5	FALSE	FALSE
5031439G07Rik	chr15	FALSE	TRUE
Cacna2d4	chr6	FALSE	FALSE
Pcsk6	chr7	FALSE	TRUE
Tmem131l	chr3	FALSE	FALSE
Abcc4	chr14	FALSE	TRUE
Trp53bp2	chr1	FALSE	TRUE
Mycbp2	chr14	FALSE	FALSE
Cacna1i	chr15	FALSE	TRUE
St3gal3	chr4	FALSE	TRUE
Tln2	chr9	FALSE	TRUE
Mapkap1	chr2	FALSE	FALSE
Tnrc6c	chr11	FALSE	FALSE
Gbf1	chr19	FALSE	FALSE
Tle3	chr9	FALSE	FALSE
Bmpr2	chr1	FALSE	FALSE
Phf21a	chr2	FALSE	FALSE
Adgrb1	chr15	FALSE	FALSE
Olfm3	chr3	FALSE	TRUE
Zfp800	chr6	FALSE	TRUE
Jakmip3	chr7	FALSE	FALSE
Dnmt3a	chr12	FALSE	TRUE
Krt24	chr11	FALSE	TRUE
Nkd1	chr8	FALSE	TRUE
Clstn2	chr9	FALSE	FALSE
Zfpm1	chr8	FALSE	FALSE
Reep1	chr6	FALSE	TRUE
Macf1	chr4	FALSE	TRUE
Arhgef4	chr1	FALSE	FALSE
Cdc42bpa	chr1	FALSE	FALSE
Nlk	chr11	FALSE	FALSE
Tmprss11d	chr5	FALSE	TRUE
Atp8a1	chr5	FALSE	FALSE
Clmp	chr9	FALSE	TRUE
Pum1	chr4	FALSE	TRUE
Dclk1	chr3	FALSE	FALSE
Mrps27	chr13	FALSE	TRUE
Hacd2	chr16	FALSE	FALSE
Lrrtm4	chr6	FALSE	TRUE
Cacna1b	chr2	FALSE	TRUE
Cask	chrX	FALSE	FALSE
Ngly1	chr14	FALSE	TRUE
Aopep	chr13	FALSE	TRUE
Bicral	chr17	FALSE	TRUE
Dyrk1a	chr16	FALSE	TRUE
Stau2	chr1	FALSE	TRUE
Specc1	chr11	FALSE	FALSE
Tshz1	chr18	FALSE	FALSE
Myo9a	chr9	FALSE	FALSE
Myo5a	chr9	FALSE	FALSE
Rad51b	chr12	FALSE	FALSE
Camk4	chr18	FALSE	FALSE
Tnik	chr3	FALSE	TRUE
Pde4d	chr13	FALSE	TRUE
Nrxn3	chr12	FALSE	FALSE
Apbb2	chr5	FALSE	FALSE
Cdkl5	chrX	FALSE	FALSE
Cnnm2	chr19	FALSE	FALSE
Kalrn	chr16	FALSE	FALSE
Mgat5	chr1	FALSE	FALSE
Kif1b	chr4	FALSE	TRUE
Efcab2	chr1	FALSE	FALSE
Arhgef3	chr14	FALSE	TRUE
Usp34	chr11	FALSE	FALSE
Srpk2	chr5	FALSE	FALSE
Rfx7	chr9	FALSE	TRUE
Srgap3	chr6	FALSE	TRUE
Coro7	chr16	FALSE	FALSE
Epas1	chr17	FALSE	TRUE
Zfp407	chr18	FALSE	FALSE
Lrrn2	chr1	FALSE	FALSE
Rasa3	chr8	FALSE	TRUE
Med12l	chr3	FALSE	FALSE
Inf2	chr12	FALSE	TRUE
Scn8a	chr15	FALSE	FALSE
Ube2e1	chr14	FALSE	TRUE
Scn1a	chr2	FALSE	TRUE
Slc22a23	chr13	FALSE	TRUE
Tlcd4	chr3	FALSE	TRUE
Ece1	chr4	FALSE	FALSE
Srgap2	chr1	FALSE	FALSE
Cntnap4	chr8	FALSE	FALSE
Pknox2	chr9	FALSE	TRUE
Cav2	chr6	FALSE	FALSE
Zfp804a	chr2	TRUE	FALSE
Mprip	chr11	FALSE	FALSE
Kcna2	chr3	FALSE	FALSE
Frmd5	chr2	FALSE	FALSE
Lrrc8b	chr5	FALSE	FALSE
Hibadh	chr6	FALSE	TRUE
Rps6ka2	chr17	FALSE	FALSE
Foxo6	chr4	FALSE	FALSE
Nedd4l	chr18	FALSE	TRUE
1700011L22Rik	chr8	FALSE	TRUE
Pde9a	chr17	FALSE	TRUE
Galnt18	chr7	FALSE	TRUE
Sipa1l1	chr12	FALSE	TRUE
Pbx1	chr1	FALSE	FALSE
Vgll4	chr6	FALSE	FALSE
Syn3	chr10	FALSE	FALSE
Slc45a4	chr15	FALSE	FALSE
Nectin1	chr9	FALSE	TRUE
Rims1	chr1	FALSE	FALSE
1700017N19Rik	chr10	FALSE	TRUE
Slc9a9	chr9	FALSE	TRUE
Mindy3	chr2	FALSE	FALSE
Slc10a7	chr8	FALSE	TRUE
Osbpl1a	chr18	FALSE	TRUE
Atg4c	chr4	FALSE	FALSE
Sv2c	chr13	FALSE	TRUE
Sort1	chr3	FALSE	TRUE
Lrp1b	chr2	FALSE	FALSE
Rnf216	chr5	FALSE	TRUE
Limch1	chr5	FALSE	FALSE
Kif16b	chr2	FALSE	TRUE
Armc8	chr9	FALSE	TRUE
Sh3d19	chr3	FALSE	FALSE
Rptor	chr11	FALSE	FALSE
Unc5a	chr13	FALSE	FALSE
Rin2	chr2	FALSE	TRUE
Tbca	chr13	FALSE	FALSE
Capzb	chr4	FALSE	FALSE
Lrrc4	chr6	FALSE	FALSE
Tle1	chr4	FALSE	TRUE
Rbfox2	chr15	FALSE	TRUE
Ccdc88a	chr11	FALSE	TRUE
Zhx3	chr2	FALSE	FALSE
Lrrc8d	chr5	FALSE	FALSE
Erp44	chr4	FALSE	TRUE
Rsf1	chr7	FALSE	FALSE
Cwc27	chr13	FALSE	FALSE
R3hdm2	chr10	FALSE	FALSE
Cers6	chr2	FALSE	FALSE
Pacs2	chr12	FALSE	FALSE
Arhgef10l	chr4	FALSE	FALSE
Mpp7	chr18	FALSE	TRUE
Actr3b	chr5	FALSE	FALSE
Dock9	chr14	FALSE	TRUE
Frmd6	chr12	FALSE	TRUE
Vps41	chr13	FALSE	FALSE
Adgrl2	chr3	FALSE	TRUE
B3galt5	chr16	FALSE	TRUE
Atxn10	chr15	FALSE	FALSE
Chd6	chr2	FALSE	FALSE
Bicdl1	chr5	FALSE	TRUE
Eya1	chr1	FALSE	TRUE
Ntn4	chr10	TRUE	TRUE
Edn2	chr4	FALSE	TRUE
Dusp22	chr13	FALSE	FALSE
Itpr3	chr17	FALSE	TRUE
Slc49a4	chr16	FALSE	FALSE
Galnt16	chr12	FALSE	TRUE
Pan3	chr5	FALSE	TRUE
Stk24	chr14	FALSE	FALSE
Gatad2a	chr8	FALSE	TRUE
Mcc	chr18	FALSE	FALSE
Sfmbt1	chr14	FALSE	FALSE
Ptprs	chr17	FALSE	TRUE
Nphp4	chr4	FALSE	TRUE
Syt7	chr19	FALSE	FALSE
Ppp3ca	chr3	FALSE	FALSE
Kcnip4	chr5	FALSE	TRUE
Ano3	chr2	FALSE	TRUE
Cd47	chr16	FALSE	FALSE
Elovl6	chr3	FALSE	FALSE
Brinp2	chr1	FALSE	FALSE
Islr2	chr9	FALSE	FALSE
Ccdc33	chr9	FALSE	FALSE
Nrg2	chr18	FALSE	FALSE
Vrk1	chr12	FALSE	TRUE
Crim1	chr17	FALSE	FALSE
Shb	chr4	FALSE	TRUE
Mrc2	chr11	FALSE	FALSE
Klhl32	chr4	FALSE	FALSE
Ralgps2	chr1	FALSE	FALSE
Dtd1	chr2	FALSE	FALSE
Rph3a	chr5	FALSE	FALSE
Dok7	chr5	FALSE	TRUE
Rell1	chr5	FALSE	TRUE
D7Ertd443e	chr7	FALSE	TRUE
Zhx2	chr15	TRUE	TRUE
Csnk1g1	chr9	FALSE	TRUE
Spata13	chr14	FALSE	TRUE
Ulk4	chr9	FALSE	FALSE
Ank2	chr3	FALSE	TRUE
Jakmip2	chr18	FALSE	FALSE
Acaca	chr11	FALSE	FALSE
Hs3st5	chr10	FALSE	TRUE
R3hdm1	chr1	FALSE	TRUE
Clasp1	chr1	FALSE	FALSE
Rai1	chr11	FALSE	TRUE
Aldh1l1	chr6	FALSE	FALSE
9130401M01Rik	chr15	FALSE	FALSE
Cnot2	chr10	FALSE	FALSE
Mast2	chr4	FALSE	FALSE
Nars2	chr7	FALSE	FALSE
Smpd3	chr8	FALSE	FALSE
Ndufs4	chr13	FALSE	FALSE
Kdm4c	chr4	FALSE	FALSE
Pitpnm2	chr5	FALSE	FALSE
Dlg2	chr7	FALSE	FALSE
Eva1c	chr16	FALSE	FALSE
Spire1	chr18	FALSE	TRUE
Ankef1	chr2	FALSE	TRUE
Fam81b	chr13	FALSE	TRUE
Tbc1d14	chr5	FALSE	FALSE
Ubac2	chr14	FALSE	FALSE
Sardh	chr2	FALSE	TRUE
Chn1	chr2	FALSE	FALSE
Ppp2r5e	chr12	FALSE	FALSE
Cst8	chr2	FALSE	TRUE
Kansl1	chr11	FALSE	FALSE
Hlcs	chr16	FALSE	FALSE
Caln1	chr5	FALSE	TRUE
Arhgap12	chr18	FALSE	FALSE
Zfp280d	chr9	FALSE	FALSE
Elavl2	chr4	FALSE	FALSE
Pde3b	chr7	FALSE	FALSE
Phactr1	chr13	FALSE	FALSE
Fyn	chr10	FALSE	FALSE
Clasp2	chr9	FALSE	FALSE
Rfx3	chr19	FALSE	FALSE
Nrg4	chr9	FALSE	TRUE
Rbfox3	chr11	FALSE	TRUE
Lgr4	chr2	FALSE	FALSE
Cdh2	chr18	FALSE	FALSE
Upf2	chr2	FALSE	FALSE
Slc1a1	chr19	FALSE	TRUE
Dhx32	chr7	FALSE	TRUE
Fbxl17	chr17	FALSE	FALSE
Tunar	chr12	FALSE	FALSE
Slc44a1	chr4	FALSE	FALSE
Epha4	chr1	FALSE	TRUE
Dscam	chr16	FALSE	TRUE
Tmem108	chr9	FALSE	FALSE
Pola1	chrX	FALSE	FALSE
Invs	chr4	FALSE	FALSE
Ttc3	chr16	FALSE	FALSE
Mta3	chr17	FALSE	FALSE
Lpgat1	chr1	FALSE	TRUE
Ablim1	chr19	FALSE	TRUE
Luzp1	chr4	FALSE	FALSE
Tlk2	chr11	FALSE	FALSE
Lrrc20	chr10	FALSE	FALSE
Lurap1l	chr4	FALSE	TRUE
Clpb	chr7	FALSE	TRUE
Ebag9	chr15	FALSE	TRUE
Stxbp4	chr11	FALSE	FALSE
Hdac8	chrX	FALSE	FALSE
Rasal2	chr1	FALSE	FALSE
Oprl1	chr2	FALSE	TRUE
Myo18a	chr11	FALSE	FALSE
Lrrfip1	chr1	FALSE	TRUE
Coro2b	chr9	FALSE	FALSE
Ccdc13	chr9	FALSE	FALSE
Map4	chr9	FALSE	TRUE
Lrch1	chr14	FALSE	TRUE
Rgs9	chr11	FALSE	TRUE
Plcl1	chr1	FALSE	FALSE
Gpr68	chr12	FALSE	TRUE
Mtfr1	chr3	FALSE	FALSE
Daam1	chr12	FALSE	FALSE
Arhgef17	chr7	FALSE	TRUE
Shank1	chr7	FALSE	FALSE
Calcoco1	chr15	FALSE	FALSE
Otud7a	chr7	FALSE	TRUE
Sirpa	chr2	FALSE	FALSE
Itgb1bp1	chr12	FALSE	FALSE
Ttll5	chr12	FALSE	FALSE
Kcnj3	chr2	FALSE	FALSE
Ube2o	chr11	FALSE	FALSE
Rps6kc1	chr1	FALSE	FALSE
Klf7	chr1	FALSE	FALSE
Dennd4a	chr9	FALSE	FALSE
Zfp532	chr18	FALSE	FALSE
Poln	chr5	FALSE	TRUE
Ppargc1b	chr18	FALSE	FALSE
Add2	chr6	FALSE	TRUE
Dusp16	chr6	FALSE	FALSE
Deptor	chr15	FALSE	FALSE
Dnajb6	chr5	FALSE	TRUE
Ssbp2	chr13	FALSE	FALSE
Rnf130	chr11	FALSE	FALSE
Kcnab2	chr4	FALSE	FALSE
Scai	chr2	FALSE	FALSE
Susd4	chr1	FALSE	TRUE
Tmem144	chr3	FALSE	TRUE
Aak1	chr6	FALSE	FALSE
Arid1b	chr17	FALSE	TRUE
Sema4d	chr13	FALSE	FALSE
Lrrc1	chr9	FALSE	FALSE
Meis1	chr11	TRUE	FALSE
Setbp1	chr18	FALSE	FALSE
Fmnl2	chr2	FALSE	FALSE
Rnf220	chr4	FALSE	FALSE
Phlpp1	chr1	FALSE	FALSE
Robo1	chr16	FALSE	TRUE
Camk2b	chr11	FALSE	FALSE
Kirrel3	chr9	FALSE	FALSE
Ate1	chr7	FALSE	FALSE
Spsb1	chr4	FALSE	FALSE
Qsox1	chr1	FALSE	FALSE
Ptprf	chr4	FALSE	TRUE
Zfp609	chr9	FALSE	FALSE
Fut8	chr12	FALSE	FALSE
Chd7	chr4	TRUE	FALSE
Fez2	chr17	FALSE	TRUE
Myrfl	chr10	FALSE	FALSE
Gtf2ird1	chr5	FALSE	FALSE
Smg6	chr11	FALSE	TRUE
Cradd	chr10	FALSE	TRUE
Pik3c2b	chr1	FALSE	FALSE
Pik3ca	chr3	FALSE	FALSE
Arhgef18	chr8	FALSE	FALSE
Ptpn4	chr1	FALSE	TRUE
Amph	chr13	FALSE	TRUE
Map7	chr10	FALSE	FALSE
Pkia	chr3	FALSE	FALSE
Kidins220	chr12	FALSE	FALSE
Stxbp5	chr10	FALSE	TRUE
Zfp148	chr16	FALSE	FALSE
Smarcd3	chr5	FALSE	FALSE
Sh3gl2	chr4	FALSE	FALSE
Yipf7	chr5	FALSE	TRUE
Scarb2	chr5	FALSE	FALSE
Ubr4	chr4	FALSE	FALSE
Lonrf2	chr1	FALSE	FALSE
Ccnk	chr12	FALSE	FALSE
Cnksr2	chrX	FALSE	FALSE
Osbpl9	chr4	FALSE	TRUE
Atp11a	chr8	FALSE	FALSE
Crppa	chr12	FALSE	FALSE
Bicd1	chr6	FALSE	FALSE
Ccdc138	chr10	FALSE	FALSE
Fam120a	chr13	FALSE	FALSE
Scg2	chr1	FALSE	TRUE
Fam222a	chr5	FALSE	FALSE
Afg1l	chr10	FALSE	FALSE
Phtf1	chr3	FALSE	FALSE
Ttll7	chr3	FALSE	FALSE
Nt5c2	chr19	FALSE	FALSE
Upp2	chr2	FALSE	FALSE
Disp3	chr4	FALSE	FALSE
Cfap74	chr4	FALSE	FALSE
Chil5	chr3	FALSE	TRUE
Zic3	chrX	FALSE	TRUE
Syne2	chr12	FALSE	TRUE
Chn2	chr6	FALSE	TRUE
Thsd7b	chr1	FALSE	FALSE
Kcnb1	chr2	FALSE	TRUE
Ptk2b	chr14	FALSE	TRUE
Gpm6a	chr8	FALSE	FALSE
Pde3a	chr6	FALSE	FALSE
Helz	chr11	FALSE	TRUE
Cdc42se2	chr11	FALSE	FALSE
Gnao1	chr8	FALSE	FALSE
Fam172a	chr13	FALSE	FALSE
Adam23	chr1	FALSE	FALSE
Kif26b	chr1	FALSE	FALSE
Sptbn1	chr11	FALSE	FALSE
Hecw1	chr13	FALSE	FALSE
Smarca4	chr9	FALSE	FALSE
Ophn1	chrX	FALSE	FALSE
Nav2	chr7	FALSE	TRUE
Pclo	chr5	FALSE	FALSE
Nr4a2	chr2	FALSE	TRUE
Sap30	chr8	FALSE	TRUE
Gsk3b	chr16	FALSE	FALSE
Gnptab	chr10	FALSE	TRUE
Macroh2a1	chr13	FALSE	FALSE
Ralgapa1	chr12	FALSE	FALSE
Dcp1b	chr6	FALSE	FALSE
Macrod2	chr2	FALSE	FALSE
Slc4a10	chr2	FALSE	FALSE
Dnm2	chr9	FALSE	FALSE
Rybp	chr6	FALSE	FALSE
Cdh13	chr8	FALSE	TRUE
Ptpru	chr4	FALSE	FALSE
Grip2	chr6	TRUE	TRUE
Ccser1	chr6	FALSE	TRUE
Igf2bp3	chr6	FALSE	FALSE
Cadm1	chr9	FALSE	FALSE
Ilrun	chr17	FALSE	FALSE
Akap12	chr10	FALSE	FALSE
Arpp21	chr9	FALSE	FALSE
Dcstamp	chr15	FALSE	TRUE
Slc1a3	chr15	FALSE	FALSE
Ncoa6	chr2	FALSE	FALSE
Fntb	chr12	FALSE	FALSE
Phldb1	chr9	FALSE	FALSE
AW554918	chr18	FALSE	FALSE
Esyt2	chr12	FALSE	FALSE
Enkur	chr2	FALSE	TRUE
Loxhd1	chr18	FALSE	TRUE
Tet2	chr3	FALSE	FALSE
Tnrc6a	chr7	FALSE	FALSE
Kcnh1	chr1	FALSE	FALSE
Mmd2	chr5	FALSE	FALSE
Atp9a	chr2	FALSE	TRUE
Insr	chr8	FALSE	FALSE
Lcorl	chr5	FALSE	TRUE
Cd200r3	chr16	FALSE	TRUE
Pcnx2	chr8	FALSE	FALSE
Carmil1	chr13	FALSE	TRUE
Lpin1	chr12	FALSE	FALSE
Slc7a14	chr3	FALSE	FALSE
Dtnb	chr12	FALSE	FALSE
Nin	chr12	FALSE	TRUE
Rgs17	chr10	FALSE	TRUE
Nphp1	chr2	TRUE	TRUE
Actn1	chr12	FALSE	TRUE
Wdfy3	chr5	FALSE	TRUE
Tsc22d1	chr14	FALSE	FALSE
App	chr16	FALSE	FALSE
Il20rb	chr9	FALSE	TRUE
Fry	chr5	FALSE	FALSE
Fam169a	chr13	FALSE	TRUE
Src	chr2	FALSE	TRUE
Map3k4	chr17	FALSE	TRUE
Nup188	chr2	FALSE	FALSE
Glg1	chr8	FALSE	FALSE
Large1	chr8	FALSE	FALSE
Plbd2	chr5	FALSE	FALSE
Tango6	chr8	FALSE	TRUE
Sptbn4	chr7	FALSE	FALSE
Pou2f1	chr1	FALSE	TRUE
Shroom3	chr5	FALSE	TRUE
Sdc3	chr4	FALSE	TRUE
Cacna1a	chr8	FALSE	TRUE
Sel1l3	chr5	FALSE	FALSE
Schip1	chr3	FALSE	FALSE
Adgrb2	chr4	FALSE	FALSE
Ppp2r5c	chr12	FALSE	FALSE
Eif2ak4	chr2	FALSE	FALSE
Kif3b	chr2	FALSE	TRUE
Arhgap44	chr11	FALSE	FALSE
Baiap2	chr11	FALSE	FALSE
Kdm4b	chr17	FALSE	FALSE
Ube2w	chr1	FALSE	FALSE
Mcph1	chr8	FALSE	FALSE
Dtx1	chr5	FALSE	FALSE
Lrch3	chr16	FALSE	FALSE
Rap1a	chr3	FALSE	FALSE
Iqgap1	chr7	FALSE	FALSE
Oxsr1	chr9	FALSE	FALSE
Ppa2	chr3	FALSE	FALSE
Atxn2	chr5	FALSE	TRUE
Ppp1r13b	chr12	FALSE	FALSE
Plxna2	chr1	FALSE	FALSE
Jak1	chr4	FALSE	FALSE
Slc39a10	chr1	FALSE	FALSE
Mrps9	chr1	FALSE	FALSE
Nrxn2	chr19	FALSE	TRUE
Ankrd44	chr1	FALSE	FALSE
Auh	chr13	FALSE	FALSE
Mical2	chr7	FALSE	FALSE
Wnk2	chr13	FALSE	FALSE
Iffo2	chr4	FALSE	FALSE
Klf12	chr14	FALSE	TRUE
Btbd7	chr12	FALSE	FALSE
Sptlc2	chr12	FALSE	FALSE
Mdga2	chr12	FALSE	TRUE
Adarb1	chr10	FALSE	FALSE
Klf3	chr5	FALSE	TRUE
Dgkg	chr16	FALSE	FALSE
Lin7a	chr10	FALSE	FALSE
Ism1	chr2	FALSE	FALSE
Zfyve9	chr4	FALSE	FALSE
Aftph	chr11	FALSE	FALSE
Tet3	chr6	FALSE	FALSE
Kiz	chr2	FALSE	FALSE
Pias1	chr9	FALSE	TRUE
Paqr8	chr1	FALSE	FALSE
Eri3	chr4	FALSE	FALSE
Brd4	chr17	FALSE	TRUE
Scarb1	chr5	FALSE	TRUE
Dcbld1	chr10	FALSE	TRUE
Mctp2	chr7	TRUE	TRUE
Exoc2	chr13	FALSE	TRUE
Cers4	chr8	FALSE	TRUE
Papola	chr12	FALSE	FALSE
Smurf1	chr5	FALSE	TRUE
Phf14	chr6	FALSE	FALSE
Ap2b1	chr11	FALSE	FALSE
Tbcd	chr11	FALSE	FALSE
Ly6g6d	chr17	FALSE	TRUE
Apba1	chr19	FALSE	FALSE
Mapt	chr11	FALSE	FALSE
Pepd	chr7	FALSE	TRUE
Prep	chr10	FALSE	FALSE
Marf1	chr16	FALSE	FALSE
Sema4b	chr7	FALSE	FALSE
Man1c1	chr4	FALSE	FALSE
Aox1	chr1	FALSE	TRUE
Arvcf	chr16	FALSE	TRUE
Phyhipl	chr10	FALSE	FALSE
Angel1	chr12	FALSE	TRUE
Hectd4	chr5	FALSE	TRUE
Esrrb	chr12	FALSE	FALSE
Fam78b	chr1	FALSE	TRUE
Ap1g1	chr8	FALSE	FALSE
Acvr2a	chr2	FALSE	FALSE
Slc2a13	chr15	FALSE	FALSE
Ergic1	chr17	FALSE	FALSE
Emsy	chr7	FALSE	TRUE
Xpr1	chr1	FALSE	FALSE
Hhat	chr1	FALSE	FALSE
Unc5c	chr3	FALSE	FALSE
Lmbr1	chr5	FALSE	FALSE
Smarca2	chr19	FALSE	FALSE
Iqsec3	chr6	FALSE	TRUE
Bcat1	chr6	FALSE	TRUE
Arl4a	chr12	FALSE	FALSE
Lcor	chr19	FALSE	FALSE
Srrm4	chr5	FALSE	FALSE
7530416G11Rik	chr15	FALSE	TRUE
Dop1b	chr16	FALSE	FALSE
Slitrk2	chrX	TRUE	TRUE
Grm1	chr10	FALSE	FALSE
Zfp943	chr17	FALSE	FALSE
Lrrfip2	chr9	FALSE	FALSE
Epb41l3	chr17	FALSE	TRUE
Nckap1	chr2	FALSE	FALSE
Atf7	chr15	FALSE	TRUE
Sgsm3	chr15	FALSE	FALSE
Psmd14	chr2	FALSE	FALSE
Stim2	chr5	FALSE	FALSE
Txndc16	chr14	FALSE	FALSE
Dpt	chr1	FALSE	TRUE
Retreg1	chr15	FALSE	FALSE
Cstf3	chr2	FALSE	FALSE
Pik3cb	chr9	FALSE	FALSE
Rgs20	chr1	FALSE	FALSE
Bckdhb	chr9	FALSE	FALSE
Eipr1	chr12	FALSE	FALSE
Nsd3	chr8	FALSE	FALSE
Ralyl	chr3	FALSE	TRUE
Rps6kb1	chr11	FALSE	FALSE
Slc23a2	chr2	FALSE	TRUE
Fcho2	chr13	FALSE	FALSE
Pld1	chr3	FALSE	TRUE
Tmem163	chr1	FALSE	TRUE
Nrf1	chr6	FALSE	FALSE
Mettl21e	chr1	FALSE	TRUE
Lmo1	chr7	FALSE	TRUE
Elf2	chr3	FALSE	FALSE
Cacnb2	chr2	FALSE	TRUE
Aktip	chr8	FALSE	FALSE
Fgf12	chr16	FALSE	TRUE
Sik2	chr9	FALSE	FALSE
Exph5	chr9	FALSE	FALSE
Trim36	chr18	FALSE	TRUE
Btbd8	chr5	FALSE	TRUE
Bmerb1	chr16	FALSE	TRUE
Sorl1	chr9	TRUE	TRUE
Usp7	chr16	FALSE	TRUE
Fbxw11	chr11	FALSE	FALSE
Diaph3	chr14	FALSE	FALSE
Ccar2	chr14	FALSE	TRUE
Kdm6a	chrX	FALSE	FALSE
Fars2	chr13	FALSE	FALSE
Sntg1	chr1	FALSE	TRUE
Taf3	chr2	FALSE	FALSE
Abcc8	chr7	FALSE	TRUE
Tenm4	chr7	FALSE	TRUE
Bicra	chr7	FALSE	FALSE
Myh10	chr11	FALSE	TRUE
Setd2	chr9	FALSE	FALSE
Kcnma1	chr14	FALSE	TRUE
Atad2b	chr12	FALSE	FALSE
Fam222b	chr11	FALSE	FALSE
Lnpk	chr2	FALSE	FALSE
Rgma	chr7	FALSE	FALSE
Adck1	chr12	FALSE	FALSE
Arid2	chr15	FALSE	FALSE
Stxbp5l	chr16	FALSE	FALSE
Nbeal1	chr1	FALSE	FALSE
Cdc26	chr4	FALSE	FALSE
Tab3	chrX	FALSE	FALSE
Arhgef37	chr18	FALSE	TRUE
Exoc3l	chr8	FALSE	TRUE
Btaf1	chr19	FALSE	FALSE
Senp7	chr16	FALSE	FALSE
Ano5	chr7	FALSE	FALSE
Raph1	chr1	FALSE	FALSE
Trim9	chr12	FALSE	FALSE
Medag	chr5	FALSE	TRUE
Dock10	chr1	FALSE	FALSE
Map6	chr7	FALSE	FALSE
Myo16	chr8	FALSE	FALSE
Elovl7	chr13	FALSE	FALSE
Map2k4	chr11	FALSE	FALSE
Mbtps2	chrX	FALSE	FALSE
Fbxw7	chr3	FALSE	FALSE
Clgn	chr8	FALSE	FALSE
Pank1	chr19	FALSE	FALSE
Arfgap1	chr2	FALSE	FALSE
Trp53bp1	chr2	FALSE	TRUE
Prdm11	chr2	FALSE	FALSE
Spin1	chr13	FALSE	FALSE
Smurf2	chr11	FALSE	FALSE
Setd3	chr12	FALSE	TRUE
Atf3	chr1	FALSE	TRUE
Ripor1	chr8	FALSE	FALSE
Sms	chrX	FALSE	FALSE
Fnip2	chr3	FALSE	FALSE
Tlk1	chr2	FALSE	FALSE
Il1r1	chr1	FALSE	TRUE
Bmp2k	chr5	FALSE	TRUE
Ccdc167	chr17	FALSE	TRUE
Pyroxd2	chr19	FALSE	FALSE
Wnk1	chr6	FALSE	FALSE
Dock7	chr4	FALSE	FALSE
Dock4	chr12	FALSE	FALSE
Wipf2	chr11	FALSE	FALSE
6430548M08Rik	chr8	FALSE	FALSE
Wbp1l	chr19	FALSE	FALSE
Ino80d	chr1	FALSE	FALSE
Arl15	chr13	FALSE	FALSE
Clip4	chr17	FALSE	TRUE
Slc29a3	chr10	FALSE	TRUE
Kifc3	chr8	FALSE	TRUE
Spag6	chr2	FALSE	FALSE
Stox2	chr8	FALSE	FALSE
Fbxw8	chr5	FALSE	FALSE
Slmap	chr14	FALSE	TRUE
Nedd9	chr13	FALSE	TRUE
Rbm19	chr5	FALSE	FALSE
Rpn2	chr2	FALSE	FALSE
Lifr	chr15	FALSE	FALSE
Csnka2ip	chr16	FALSE	TRUE
Afdn	chr17	FALSE	FALSE
Lclat1	chr17	FALSE	FALSE
Lrp12	chr15	FALSE	FALSE
Brf1	chr12	FALSE	FALSE
Lrrc55	chr2	FALSE	TRUE
Tmem245	chr4	FALSE	FALSE
Rnf115	chr3	FALSE	FALSE
Srsf4	chr4	FALSE	TRUE
Usp32	chr11	FALSE	FALSE
Oxsm	chr14	FALSE	FALSE
Nudt14	chr12	FALSE	FALSE
Ehbp1	chr11	FALSE	FALSE
Ankfy1	chr11	FALSE	FALSE
Atp2b1	chr10	FALSE	TRUE
Sphkap	chr1	FALSE	FALSE
Zswim5	chr4	FALSE	FALSE
Dpysl3	chr18	FALSE	TRUE
Adam28	chr14	FALSE	FALSE
D5Ertd579e	chr5	FALSE	FALSE
Pitpnm3	chr11	FALSE	FALSE
Dicer1	chr12	FALSE	FALSE
Cds1	chr5	FALSE	FALSE
Specc1l	chr10	FALSE	FALSE
Atxn7	chr14	FALSE	FALSE
Gja5	chr3	FALSE	TRUE
Tmem236	chr2	FALSE	TRUE
Pcx	chr19	FALSE	FALSE
Ehd4	chr2	FALSE	TRUE
Spag9	chr11	FALSE	FALSE
Irf2	chr8	FALSE	FALSE
Phf21b	chr15	FALSE	FALSE
Nalcn	chr14	TRUE	TRUE
Tbc1d12	chr19	FALSE	FALSE
Grap	chr11	FALSE	FALSE
Foxj3	chr4	FALSE	FALSE
Ptpn1	chr2	FALSE	FALSE
Abi1	chr2	FALSE	FALSE
Osbp2	chr11	FALSE	FALSE
Coq3	chr4	FALSE	FALSE
Crebbp	chr16	FALSE	FALSE
Cd6	chr19	FALSE	TRUE
Slc66a2	chr18	FALSE	FALSE
Fhl1	chrX	FALSE	TRUE
Arhgef11	chr3	FALSE	TRUE
Gigyf2	chr1	FALSE	FALSE
Cit	chr5	FALSE	TRUE
Acvr1b	chr15	FALSE	TRUE
Klhdc10	chr6	FALSE	FALSE
Xpo6	chr7	FALSE	FALSE
Gcn1	chr5	FALSE	TRUE
Pcyt1b	chrX	FALSE	TRUE
Vps54	chr11	FALSE	FALSE
Zfp236	chr18	FALSE	FALSE
Mtap	chr4	FALSE	FALSE
Gnaz	chr10	FALSE	FALSE
Bdnf	chr2	FALSE	TRUE
Ogdh	chr11	FALSE	FALSE
Ext1	chr15	FALSE	FALSE
Manea	chr4	FALSE	TRUE
Ankrd12	chr17	FALSE	FALSE
Smad1	chr8	FALSE	TRUE
Chd2	chr7	FALSE	TRUE
Mob2	chr7	FALSE	FALSE
Mapk1	chr16	FALSE	FALSE
Igsf10	chr3	TRUE	FALSE
Slc9a7	chrX	FALSE	FALSE
Tshz3	chr7	FALSE	TRUE
Etfa	chr9	FALSE	TRUE
Smap2	chr4	FALSE	FALSE
Kdm5c	chrX	FALSE	FALSE
Zfp523	chr17	FALSE	FALSE
Dnajc6	chr4	FALSE	TRUE
Ube2k	chr5	FALSE	FALSE
Eml5	chr12	FALSE	FALSE
Ap1s3	chr1	FALSE	FALSE
Acsl6	chr11	FALSE	FALSE
Rictor	chr15	FALSE	FALSE
Mef2a	chr7	FALSE	FALSE
Mb21d2	chr16	FALSE	FALSE
Dennd3	chr15	FALSE	TRUE
Ano4	chr10	FALSE	FALSE
Ccdc6	chr10	FALSE	TRUE
Mgat4a	chr1	FALSE	FALSE
Cecr2	chr6	FALSE	TRUE
Mrps28	chr3	FALSE	FALSE
Pip4k2a	chr2	FALSE	FALSE
Fbxo11	chr17	FALSE	TRUE
Rspo3	chr10	FALSE	TRUE
Wwc1	chr11	FALSE	TRUE
Garem1	chr18	FALSE	FALSE
A930004D18Rik	chr2	FALSE	FALSE
Ank	chr15	FALSE	TRUE
Pde4a	chr9	FALSE	FALSE
Gna14	chr19	FALSE	TRUE
Zfp638	chr6	FALSE	TRUE
Hipk3	chr2	FALSE	FALSE
Ranbp17	chr11	FALSE	FALSE
Ddhd1	chr14	FALSE	FALSE
Eps15l1	chr8	FALSE	FALSE
Kdm7a	chr6	FALSE	FALSE
Trps1	chr15	FALSE	TRUE
Zcchc17	chr4	FALSE	FALSE
Parn	chr16	FALSE	FALSE
Fkbp5	chr17	FALSE	FALSE
Atf2	chr2	FALSE	FALSE
Zfyve1	chr12	FALSE	FALSE
Rras2	chr7	FALSE	TRUE
Nipbl	chr15	FALSE	FALSE
Slc7a1	chr5	FALSE	TRUE
Rnf152	chr1	FALSE	FALSE
Aim2	chr1	FALSE	TRUE
Apc	chr18	FALSE	TRUE
Ruvbl1	chr6	FALSE	TRUE
Zdhhc17	chr10	FALSE	FALSE
Cdh22	chr2	FALSE	FALSE
Phactr2	chr10	FALSE	FALSE
Plxdc2	chr2	FALSE	TRUE
Ezr	chr17	FALSE	FALSE
Stpg2	chr3	FALSE	TRUE
Memo1	chr17	FALSE	FALSE
Ppp1r12b	chr1	FALSE	FALSE
Shtn1	chr19	FALSE	TRUE
D630045J12Rik	chr6	FALSE	TRUE
Kcnq2	chr2	FALSE	FALSE
Cdk8	chr5	FALSE	FALSE
Nabp1	chr1	FALSE	TRUE
Rbms1	chr2	FALSE	TRUE
Fancc	chr13	FALSE	FALSE
Rims4	chr2	FALSE	FALSE
Map2	chr1	FALSE	TRUE
Ankrd11	chr8	FALSE	FALSE
Kmt2d	chr15	FALSE	FALSE
Kat2b	chr17	FALSE	FALSE
Atp6v0d1	chr8	FALSE	FALSE
Tfcp2l1	chr1	FALSE	FALSE
Ctnnbip1	chr4	FALSE	FALSE
Syt14	chr1	FALSE	FALSE
Rapgef6	chr11	FALSE	TRUE
Nckap5l	chr15	FALSE	FALSE
Nfix	chr8	FALSE	FALSE
Tmtc4	chr14	TRUE	TRUE
Clec16a	chr16	FALSE	TRUE
A330070K13Rik	chr5	FALSE	TRUE
Mon2	chr10	FALSE	FALSE
Rnmt	chr18	FALSE	TRUE
Hdhd5	chr6	FALSE	FALSE
Hivep2	chr10	FALSE	FALSE
Galnt9	chr5	FALSE	FALSE
Cpm	chr10	FALSE	FALSE
Sh3bp5	chr14	FALSE	FALSE
Epc2	chr2	FALSE	FALSE
Pde7a	chr3	FALSE	FALSE
Elavl3	chr9	FALSE	FALSE
Poc1b	chr10	FALSE	FALSE
Pip5k1b	chr19	FALSE	FALSE
Tmem29	chrX	FALSE	FALSE
Cdan1	chr2	FALSE	TRUE
Foxp4	chr17	FALSE	TRUE
Creb5	chr6	FALSE	FALSE
Slc44a5	chr3	FALSE	TRUE
Ube3c	chr5	FALSE	FALSE
Rbm33	chr5	FALSE	FALSE
Klhl2	chr8	FALSE	FALSE
Map3k13	chr16	FALSE	FALSE
Hdac4	chr1	FALSE	FALSE
Iqsec1	chr6	FALSE	FALSE
Mlxip	chr5	FALSE	FALSE
Esd	chr14	FALSE	FALSE
Adra1d	chr2	FALSE	FALSE
Dgcr2	chr16	FALSE	FALSE
Trim2	chr3	FALSE	TRUE
Ica1	chr6	FALSE	FALSE
Gprc5b	chr7	FALSE	FALSE
Ccdc171	chr4	FALSE	FALSE
Tmem238	chr7	FALSE	TRUE
Tex264	chr9	FALSE	FALSE
Myof	chr19	FALSE	TRUE
Dok6	chr18	FALSE	TRUE
Mib1	chr18	FALSE	FALSE
Bicd2	chr13	FALSE	FALSE
Tgfbrap1	chr1	FALSE	FALSE
Plagl1	chr10	FALSE	TRUE
Ogdhl	chr14	FALSE	FALSE
Dennd5b	chr6	FALSE	FALSE
Negr1	chr3	FALSE	FALSE
Zc3h13	chr14	FALSE	FALSE
Prrc2b	chr2	FALSE	TRUE
Ccny	chr18	FALSE	FALSE
Brinp1	chr4	FALSE	TRUE
Spata7	chr12	FALSE	TRUE
Mapkbp1	chr2	FALSE	FALSE
Pcmtd1	chr1	FALSE	FALSE
Zdhhc14	chr17	FALSE	FALSE
Gm16223	chr5	FALSE	FALSE
Ice1	chr13	FALSE	FALSE
Sec14l1	chr11	FALSE	TRUE
Stx18	chr5	FALSE	FALSE
Sspo	chr6	FALSE	FALSE
Lrp6	chr6	FALSE	FALSE
Kifap3	chr1	FALSE	FALSE
Amer2	chr14	FALSE	TRUE
Cep170b	chr12	FALSE	FALSE
Wscd1	chr11	FALSE	FALSE
Tbc1d5	chr17	FALSE	FALSE
Dazl	chr17	FALSE	TRUE
Klf8	chrX	FALSE	TRUE
Arsg	chr11	FALSE	TRUE
Map3k2	chr18	FALSE	FALSE
Dtna	chr18	FALSE	TRUE
Grk6	chr13	FALSE	FALSE
Adamts18	chr8	FALSE	TRUE
Slc25a26	chr6	FALSE	TRUE
Ubr3	chr2	FALSE	TRUE
Abtb2	chr2	FALSE	TRUE
Poc1a	chr9	FALSE	FALSE
Rnf13	chr3	FALSE	FALSE
Mpp4	chr1	FALSE	TRUE
Spop	chr11	FALSE	FALSE
Dusp1	chr17	FALSE	FALSE
Bptf	chr11	FALSE	TRUE
Lhfpl3	chr5	FALSE	TRUE
Ppp2r5a	chr1	FALSE	TRUE
Trim33	chr3	FALSE	FALSE
Col13a1	chr10	FALSE	FALSE
Sorbs2	chr8	FALSE	TRUE
Atp8b1	chr18	FALSE	TRUE
Phf20	chr2	FALSE	FALSE
Slc2a9	chr5	FALSE	TRUE
Fam120c	chrX	FALSE	FALSE
Map4k4	chr1	FALSE	TRUE
Catspere2	chr1	FALSE	FALSE
Inpp4b	chr8	FALSE	TRUE
Cnot6l	chr5	FALSE	FALSE
Saxo1	chr4	FALSE	FALSE
Zzef1	chr11	FALSE	FALSE
Tmprss7	chr16	FALSE	TRUE
Uggt1	chr1	FALSE	FALSE
Nuak1	chr10	FALSE	TRUE
Fermt2	chr14	FALSE	FALSE
Mink1	chr11	FALSE	FALSE
Col4a1	chr8	FALSE	FALSE
Cbfa2t2	chr2	FALSE	TRUE
Tanc1	chr2	FALSE	FALSE
Mgat4b	chr11	FALSE	FALSE
Nxph1	chr6	FALSE	TRUE
Ints6	chr14	FALSE	FALSE
Ndp	chrX	TRUE	TRUE
Mgat5b	chr11	FALSE	TRUE
Cacul1	chr19	FALSE	FALSE
Tmem135	chr7	FALSE	FALSE
Ptpn11	chr5	FALSE	FALSE
Abcg1	chr17	FALSE	FALSE
Dipk1a	chr5	FALSE	FALSE
Ppp3cc	chr14	FALSE	FALSE
Atoh8	chr6	FALSE	FALSE
Htt	chr5	FALSE	FALSE
Efhd2	chr4	FALSE	TRUE
Tbc1d2b	chr9	FALSE	TRUE
Srek1ip1	chr13	FALSE	TRUE
Man2a1	chr17	FALSE	FALSE
Nova2	chr7	FALSE	FALSE
Ranbp9	chr13	FALSE	FALSE
Fam13c	chr10	FALSE	FALSE
Tcerg1	chr18	FALSE	FALSE
Ppp1r12a	chr10	FALSE	FALSE
Braf	chr6	FALSE	FALSE
Ptpn3	chr4	FALSE	TRUE
Ap1b1	chr11	FALSE	FALSE
Myo6	chr9	FALSE	FALSE
Dapk2	chr9	FALSE	TRUE
Csnk1g3	chr18	FALSE	FALSE
4930505A04Rik	chr11	FALSE	TRUE
4932438H23Rik	chr16	FALSE	FALSE
Unc13a	chr8	FALSE	FALSE
Rnf19a	chr15	TRUE	FALSE
Gpc1	chr1	FALSE	FALSE
Trank1	chr9	FALSE	TRUE
Strn	chr17	FALSE	FALSE
Vps13c	chr9	FALSE	FALSE
Dennd4c	chr4	FALSE	FALSE
Arl5a	chr2	FALSE	FALSE
Sestd1	chr2	FALSE	TRUE
Pccb	chr9	FALSE	FALSE
Armc2	chr10	FALSE	TRUE
Ust	chr10	FALSE	FALSE
Dcc	chr18	FALSE	TRUE
Srr	chr11	FALSE	FALSE
Adam10	chr9	FALSE	FALSE
Gfra1	chr19	FALSE	FALSE
Map2k5	chr9	FALSE	TRUE
Cdc40	chr10	FALSE	TRUE
Tmem65	chr15	FALSE	FALSE
Nacc2	chr2	FALSE	TRUE
Il11ra1	chr4	FALSE	TRUE
Dglucy	chr12	FALSE	TRUE
Ncoa5	chr2	FALSE	TRUE
Asic2	chr11	FALSE	FALSE
Jmjd1c	chr10	FALSE	FALSE
Lemd2	chr17	FALSE	FALSE
Cilp	chr9	FALSE	TRUE
Prpf40a	chr2	FALSE	TRUE
Btrc	chr19	FALSE	FALSE
Mmp16	chr4	FALSE	FALSE
Flnb	chr14	FALSE	FALSE
Lgi2	chr5	FALSE	TRUE
Uxs1	chr1	FALSE	FALSE
Gsdme	chr6	FALSE	FALSE
Bbx	chr16	FALSE	FALSE
Ppm1b	chr17	FALSE	TRUE
Hmcn2	chr2	FALSE	TRUE
Rundc3b	chr5	FALSE	FALSE
Cdh7	chr1	FALSE	TRUE
Ercc6	chr14	FALSE	FALSE
Ly6g6c	chr17	FALSE	TRUE
Atm	chr9	FALSE	FALSE
Oxr1	chr15	FALSE	TRUE
Mbtps1	chr8	FALSE	FALSE
Top3b	chr16	FALSE	FALSE
Prdm2	chr4	FALSE	FALSE
Disc1	chr8	FALSE	TRUE
Mast3	chr8	FALSE	FALSE
Mtmr3	chr11	FALSE	TRUE
Atp11c	chrX	FALSE	TRUE
Nadk	chr4	FALSE	FALSE
Ccser2	chr14	FALSE	FALSE
Flt3	chr5	FALSE	FALSE
Nptn	chr9	FALSE	FALSE
Taf4	chr2	FALSE	TRUE
Pias2	chr18	FALSE	FALSE
Pum2	chr12	FALSE	FALSE
Kdm3b	chr18	FALSE	FALSE
Slc25a12	chr2	FALSE	TRUE
Adgra1	chr7	FALSE	TRUE
Slc16a7	chr10	FALSE	FALSE
Tmem260	chr14	FALSE	FALSE
Cdh11	chr8	FALSE	TRUE
Actn4	chr7	FALSE	FALSE
Prmt8	chr6	FALSE	TRUE
Tspan13	chr12	FALSE	TRUE
Ryk	chr9	FALSE	TRUE
Zfp597	chr16	FALSE	FALSE
Ppp2r2a	chr14	FALSE	FALSE
Hdac11	chr6	FALSE	TRUE
Med16	chr10	FALSE	FALSE
Ipcef1	chr10	FALSE	FALSE
Banp	chr8	FALSE	FALSE
Tecpr1	chr5	FALSE	FALSE
Scg5	chr2	FALSE	FALSE
Ehmt1	chr2	FALSE	FALSE
Osbpl8	chr10	FALSE	TRUE
Itga7	chr10	FALSE	TRUE
Kdm1a	chr4	FALSE	FALSE
Gpatch2l	chr12	FALSE	FALSE
Rnf141	chr7	FALSE	FALSE
Rev3l	chr10	FALSE	FALSE
Sec11a	chr7	FALSE	FALSE
Rad54l2	chr9	FALSE	FALSE
Man1a2	chr3	FALSE	FALSE
Arih1	chr9	FALSE	FALSE
Mllt6	chr11	FALSE	FALSE
Farsb	chr1	FALSE	FALSE
Rbm20	chr19	FALSE	TRUE
Eea1	chr10	FALSE	FALSE
Crcp	chr5	FALSE	TRUE
Med15	chr16	FALSE	FALSE
Foxo1	chr3	FALSE	TRUE
Skap2	chr6	FALSE	TRUE
Prr14l	chr5	FALSE	FALSE
Col8a2	chr4	FALSE	FALSE
Sh3tc1	chr5	FALSE	FALSE
Vezt	chr10	FALSE	FALSE
Oxct1	chr15	FALSE	FALSE
Pus10	chr11	FALSE	FALSE
Ttc39a	chr4	FALSE	TRUE
Dennd5a	chr7	FALSE	FALSE
Znrf1	chr8	FALSE	FALSE
Samd14	chr11	FALSE	FALSE
Neurl1a	chr19	FALSE	FALSE
Gli2	chr1	FALSE	TRUE
Nek10	chr14	FALSE	TRUE
Grm4	chr17	FALSE	FALSE
Nostrin	chr2	FALSE	TRUE
Shank3	chr15	FALSE	TRUE
Vsnl1	chr12	FALSE	FALSE
5730522E02Rik	chr11	FALSE	FALSE
Dcaf5	chr12	FALSE	FALSE
Hsf5	chr11	FALSE	TRUE
Rnf182	chr13	FALSE	TRUE
Smchd1	chr17	FALSE	FALSE
Zfyve28	chr5	FALSE	FALSE
Zbtb46	chr2	FALSE	FALSE
Chst9	chr18	FALSE	FALSE
Elp2	chr18	FALSE	FALSE
Araf	chrX	FALSE	FALSE
Vangl2	chr1	FALSE	FALSE
Wdr36	chr18	FALSE	FALSE
Plekhf1	chr7	FALSE	TRUE
Dgkd	chr1	FALSE	FALSE
Rapgef5	chr12	FALSE	TRUE
Glt1d1	chr5	FALSE	FALSE
Dclk2	chr3	FALSE	FALSE
Cdip1	chr16	FALSE	FALSE
St7	chr6	FALSE	FALSE
Depdc5	chr5	FALSE	FALSE
Pdpr	chr8	FALSE	FALSE
Pla2r1	chr2	FALSE	TRUE
Myo3a	chr2	FALSE	FALSE
Usp47	chr7	FALSE	FALSE
Angptl2	chr2	FALSE	TRUE
Dlc1	chr8	FALSE	FALSE
Xpnpep1	chr19	FALSE	FALSE
Barhl1	chr2	FALSE	TRUE
Rdx	chr9	FALSE	TRUE
Sec63	chr10	FALSE	FALSE
Ly86	chr13	FALSE	FALSE
Vps26c	chr16	FALSE	FALSE
Ndst1	chr18	FALSE	FALSE
Cdc42ep4	chr11	FALSE	TRUE
Wac	chr18	FALSE	FALSE
Nsd1	chr13	FALSE	FALSE
Hif1an	chr19	FALSE	FALSE
Lrfn3	chr7	FALSE	FALSE
Ext2	chr2	FALSE	FALSE
Zfp664	chr5	FALSE	FALSE
Rnf38	chr4	FALSE	FALSE
Ube2u	chr4	FALSE	TRUE
Kctd3	chr1	FALSE	TRUE
Crb2	chr2	FALSE	FALSE
Jarid2	chr13	FALSE	FALSE
Gnal	chr18	FALSE	TRUE
Actg2	chr6	FALSE	TRUE
Ssh1	chr5	FALSE	FALSE
Etv6	chr6	FALSE	FALSE
Bmpr1a	chr14	FALSE	FALSE
Rnf144a	chr12	FALSE	TRUE
Hira	chr16	FALSE	FALSE
Bcar3	chr3	FALSE	FALSE
Lrig3	chr10	FALSE	FALSE
Tbkbp1	chr11	FALSE	FALSE
Cdc5l	chr17	FALSE	TRUE
Lrrc8c	chr5	FALSE	TRUE
Col22a1	chr15	FALSE	TRUE
Arhgap24	chr5	FALSE	TRUE
Abhd2	chr7	FALSE	FALSE
Fbxl2	chr9	FALSE	TRUE
Sgpp2	chr1	FALSE	FALSE
Kdm2a	chr19	FALSE	FALSE
Cnksr3	chr10	FALSE	TRUE
Epc1	chr18	FALSE	FALSE
Setd5	chr6	FALSE	TRUE
Epn2	chr11	FALSE	FALSE
Fchsd2	chr7	FALSE	FALSE
N4bp1	chr8	FALSE	TRUE
Clec2l	chr6	FALSE	TRUE
Nt5m	chr11	FALSE	FALSE
Nr2c2	chr6	FALSE	FALSE
9930021J03Rik	chr19	FALSE	FALSE
Podxl	chr6	FALSE	FALSE
Chst11	chr10	FALSE	FALSE
Atp11b	chr3	FALSE	FALSE
Ralgapb	chr2	FALSE	FALSE
Galnt5	chr2	FALSE	TRUE
Pak2	chr16	FALSE	FALSE
Unc5cl	chr17	FALSE	TRUE
Bcorl1	chrX	FALSE	FALSE
Ctif	chr18	FALSE	FALSE
Spen	chr4	FALSE	FALSE
Srrm3	chr5	FALSE	FALSE
Epha7	chr4	FALSE	FALSE
Ago1	chr4	FALSE	FALSE
Desi2	chr1	FALSE	FALSE
Synrg	chr11	FALSE	FALSE
Cacna1d	chr14	FALSE	FALSE
Yeats2	chr16	FALSE	FALSE
Samd8	chr14	FALSE	FALSE
Tmod1	chr4	FALSE	FALSE
Herc2	chr7	FALSE	FALSE
Mrtfb	chr16	FALSE	FALSE
Scn2a	chr2	FALSE	FALSE
Sos2	chr12	FALSE	FALSE
Slc31a1	chr4	FALSE	FALSE
Pspc1	chr14	FALSE	FALSE
Dusp8	chr7	FALSE	TRUE
Rasgrf1	chr9	FALSE	FALSE
Csnk1e	chr15	FALSE	FALSE
Top1	chr2	FALSE	FALSE
Lyn	chr4	FALSE	TRUE
Cyb5r4	chr9	FALSE	TRUE
Apmap	chr2	FALSE	FALSE
Pdzd2	chr15	FALSE	TRUE
Msh2	chr17	FALSE	TRUE
Rab10	chr12	FALSE	FALSE
Rab11fip3	chr17	FALSE	FALSE
Trmt11	chr10	FALSE	FALSE
Zmym4	chr4	FALSE	TRUE
Pisd	chr5	FALSE	FALSE
Resf1	chr6	FALSE	FALSE
Cxadr	chr16	FALSE	TRUE
Tbc1d31	chr15	FALSE	TRUE
Rasgrp2	chr19	FALSE	TRUE
Kctd1	chr18	FALSE	TRUE
Nt5e	chr9	FALSE	FALSE
Epm2a	chr10	FALSE	FALSE
Lep	chr6	FALSE	TRUE
1110059E24Rik	chr19	FALSE	FALSE
Tfdp2	chr9	FALSE	FALSE
Supt16	chr14	FALSE	FALSE
Stxbp1	chr2	FALSE	FALSE
Phc3	chr3	FALSE	FALSE
Vipr1	chr9	FALSE	TRUE
Xpo7	chr14	FALSE	FALSE
Lmf2	chr15	FALSE	FALSE
Eaf2	chr16	FALSE	FALSE
Slc41a2	chr10	FALSE	FALSE
Atl3	chr19	FALSE	FALSE
Akap9	chr5	FALSE	FALSE
Map3k9	chr12	FALSE	FALSE
Tbl1xr1	chr3	FALSE	FALSE
Pdzd8	chr19	FALSE	FALSE
Ehd1	chr19	FALSE	TRUE
Zfp658	chr7	FALSE	FALSE
Cdc14b	chr13	FALSE	TRUE
Sec23a	chr12	FALSE	FALSE
Cdyl2	chr8	FALSE	TRUE
Tmem38a	chr8	FALSE	FALSE
Slc35f4	chr14	FALSE	TRUE
Tvp23a	chr16	FALSE	FALSE
Pacc1	chr1	FALSE	FALSE
Rassf3	chr10	FALSE	FALSE
Abhd12	chr2	FALSE	FALSE
Ada	chr2	FALSE	FALSE
Pmm2	chr16	FALSE	FALSE
Ppp1r9a	chr6	FALSE	FALSE
Ift122	chr6	TRUE	TRUE
Kmt5b	chr19	FALSE	TRUE
Unc80	chr1	FALSE	FALSE
Stk31	chr6	FALSE	TRUE
Pskh1	chr8	FALSE	FALSE
Rdh5	chr10	FALSE	TRUE
Zdhhc21	chr4	FALSE	FALSE
Cacna2d3	chr14	FALSE	FALSE
Numa1	chr7	FALSE	FALSE
Arid4a	chr12	FALSE	FALSE
Faah	chr4	FALSE	FALSE
Arhgap20	chr9	FALSE	TRUE
Cd300ld3	chr11	FALSE	TRUE
Dpysl5	chr5	FALSE	FALSE
Frmd4b	chr6	FALSE	TRUE
Itm2c	chr1	FALSE	TRUE
Osbpl3	chr6	FALSE	FALSE
Zfyve26	chr12	FALSE	FALSE
Gbe1	chr16	FALSE	FALSE
Drg1	chr11	FALSE	FALSE
Arhgap5	chr12	FALSE	FALSE
Rgs16	chr1	FALSE	TRUE
Tfeb	chr17	FALSE	FALSE
Gpr82	chrX	FALSE	TRUE
Ptk7	chr17	FALSE	FALSE
Dzip1	chr14	FALSE	FALSE
Acsf3	chr8	FALSE	FALSE
Ino80	chr2	FALSE	FALSE
Ncor1	chr11	FALSE	TRUE
Abcc5	chr16	FALSE	FALSE
Cald1	chr6	FALSE	TRUE
Crkl	chr16	FALSE	FALSE
Rabgap1	chr2	FALSE	FALSE
4930444P10Rik	chr1	FALSE	TRUE
Zfp644	chr5	FALSE	FALSE
Scd1	chr19	FALSE	TRUE
Tex26	chr5	FALSE	FALSE
Vwa8	chr14	FALSE	FALSE
Stat5b	chr11	FALSE	FALSE
Ankrd34b	chr13	FALSE	FALSE
Ppfia1	chr7	FALSE	FALSE
Dcp2	chr18	FALSE	FALSE
Agpat4	chr17	FALSE	FALSE
Rheb	chr5	FALSE	FALSE
Mccc2	chr13	FALSE	FALSE
Agap3	chr5	FALSE	FALSE
Lrpprc	chr17	FALSE	FALSE
Scfd2	chr5	FALSE	TRUE
Gucy1a2	chr9	FALSE	TRUE
Gpd2	chr2	FALSE	FALSE
Hdhd2	chr18	FALSE	FALSE
Epb41l4b	chr4	FALSE	TRUE
Txndc11	chr16	FALSE	TRUE
Eepd1	chr9	FALSE	FALSE
Tax1bp1	chr6	FALSE	FALSE
Srcin1	chr11	FALSE	FALSE
Cox16	chr12	FALSE	FALSE
Saa3	chr7	FALSE	TRUE
Lonrf1	chr8	FALSE	TRUE
Pinx1	chr14	FALSE	FALSE
Nsd2	chr5	FALSE	TRUE
Hdx	chrX	FALSE	FALSE
Sumo1	chr1	FALSE	FALSE
Ppp1r14c	chr10	FALSE	TRUE
Dnah17	chr11	FALSE	FALSE
Cnot4	chr6	FALSE	FALSE
Paqr9	chr9	FALSE	FALSE
Myh9	chr15	FALSE	FALSE
Ddx31	chr2	FALSE	FALSE
Exoc6	chr19	FALSE	FALSE
Anks6	chr4	FALSE	FALSE
Fnbp1	chr2	FALSE	FALSE
Clstn1	chr4	FALSE	FALSE
Caskin2	chr11	FALSE	FALSE
Arrb1	chr7	FALSE	TRUE
Tdp1	chr12	FALSE	FALSE
Acss2	chr2	FALSE	FALSE
Rcan1	chr16	FALSE	TRUE
Slc35a1	chr4	FALSE	FALSE
Tbck	chr3	FALSE	TRUE
Septin10	chr10	FALSE	FALSE
Slc39a14	chr14	FALSE	FALSE
Khdrbs2	chr1	FALSE	FALSE
Bri3	chr5	FALSE	FALSE
Cog3	chr14	FALSE	FALSE
Mkrn2	chr6	FALSE	TRUE
Nkain4	chr2	FALSE	FALSE
Tab2	chr10	FALSE	TRUE
Usp54	chr14	FALSE	FALSE
Lyst	chr13	FALSE	TRUE
Tacc2	chr7	FALSE	FALSE
Zfp551	chr7	FALSE	FALSE
Myrip	chr9	FALSE	TRUE
Mcm9	chr10	FALSE	FALSE
Agpat3	chr10	FALSE	TRUE
Abcc12	chr8	FALSE	TRUE
Fam117b	chr1	FALSE	TRUE
Spindoc	chr19	FALSE	FALSE
Phf2	chr13	FALSE	FALSE
Cbx5	chr15	FALSE	TRUE
Cds2	chr2	FALSE	FALSE
Plppr5	chr3	FALSE	TRUE
Twf2	chr9	FALSE	TRUE
Relt	chr7	FALSE	TRUE
Spred2	chr11	FALSE	FALSE
Ankrd50	chr3	FALSE	FALSE
Tmem117	chr15	FALSE	FALSE
Tiam1	chr16	FALSE	FALSE
Clstn3	chr6	FALSE	FALSE
Ptpra	chr2	FALSE	FALSE
Shc4	chr2	FALSE	FALSE
Ccdc91	chr6	FALSE	FALSE
Cdc42ep2	chr19	FALSE	FALSE
Zfand6	chr7	FALSE	FALSE
Kpna3	chr14	FALSE	FALSE
Nt5c3	chr6	FALSE	FALSE
Tceanc	chrX	FALSE	FALSE
Arhgap1	chr2	FALSE	FALSE
Zbtb2	chr10	FALSE	FALSE
Ndfip2	chr14	FALSE	FALSE
Egf	chr3	FALSE	FALSE
Larp4b	chr13	FALSE	FALSE
Zfp438	chr18	FALSE	TRUE
Qser1	chr2	FALSE	FALSE
Mapkapk2	chr1	FALSE	FALSE
Gm2a	chr11	FALSE	FALSE
Caprin2	chr6	FALSE	FALSE
Fbxl20	chr11	FALSE	TRUE
Ppp2r3c	chr12	FALSE	FALSE
Zzz3	chr3	FALSE	FALSE
Vps50	chr6	FALSE	TRUE
Arid5b	chr10	FALSE	FALSE
Anapc5	chr5	FALSE	FALSE
Rab6b	chr9	FALSE	FALSE
Hipk2	chr6	FALSE	FALSE
Zfp697	chr3	FALSE	FALSE
Acad11	chr9	FALSE	FALSE
Tmod3	chr9	FALSE	TRUE
Npas2	chr1	FALSE	FALSE
Ric8b	chr10	FALSE	FALSE
Gatad2b	chr3	FALSE	FALSE
Hip1	chr5	FALSE	FALSE
Tead1	chr7	FALSE	FALSE
Ube2r2	chr4	FALSE	TRUE
Ap3s2	chr7	FALSE	FALSE
Kctd6	chr14	FALSE	TRUE
Il6st	chr13	FALSE	FALSE
Celf1	chr2	FALSE	FALSE
Chl1	chr6	TRUE	FALSE
Nfatc3	chr8	FALSE	FALSE
BC034090	chr1	FALSE	TRUE
Tango2	chr16	FALSE	FALSE
Fam219a	chr4	FALSE	FALSE
Camk2g	chr14	FALSE	TRUE
Usp24	chr4	FALSE	FALSE
Parp8	chr13	FALSE	FALSE
Wnt3	chr11	FALSE	FALSE
Otx2	chr14	FALSE	TRUE
Stat3	chr11	FALSE	FALSE
F8	chrX	FALSE	FALSE
Scarf2	chr16	FALSE	FALSE
Ube2e3	chr2	FALSE	FALSE
Osbpl2	chr2	FALSE	FALSE
Cbfa2t3	chr8	FALSE	FALSE
Get1	chr16	FALSE	TRUE
Unc5b	chr10	FALSE	FALSE
Uqcrc1	chr9	FALSE	FALSE
Chadl	chr15	FALSE	TRUE
Dynlrb2	chr8	FALSE	TRUE
Lrrn3	chr12	FALSE	FALSE
Parvb	chr15	FALSE	FALSE
Zmynd11	chr13	FALSE	FALSE
Stag2	chrX	FALSE	FALSE
L3mbtl1	chr2	FALSE	FALSE
Cplx1	chr5	FALSE	TRUE
Hltf	chr3	FALSE	FALSE
Kcnk3	chr5	TRUE	TRUE
Gm21992	chr19	FALSE	FALSE
Tspan5	chr3	FALSE	FALSE
Alkbh6	chr7	FALSE	FALSE
Vapb	chr2	FALSE	FALSE
Actl6b	chr5	FALSE	FALSE
Prkacb	chr3	FALSE	FALSE
Adcy1	chr11	FALSE	TRUE
Golga7	chr8	FALSE	FALSE
Ntm	chr9	FALSE	FALSE
Rab28	chr5	FALSE	FALSE
Ubr5	chr15	FALSE	FALSE
Fzd7	chr1	FALSE	TRUE
Gap43	chr16	FALSE	FALSE
Hdlbp	chr1	FALSE	FALSE
Sin3a	chr9	FALSE	FALSE
Fam171a1	chr2	FALSE	TRUE
Cand1	chr10	FALSE	TRUE
Lars2	chr9	FALSE	FALSE
Fbxl18	chr5	FALSE	FALSE
Rock1	chr18	FALSE	FALSE
Pkn1	chr8	FALSE	FALSE
Ppp1r21	chr17	FALSE	FALSE
Mlec	chr5	FALSE	FALSE
Krt80	chr15	FALSE	FALSE
Ncbp3	chr11	FALSE	FALSE
Tmem87b	chr2	FALSE	FALSE
Baz1b	chr5	FALSE	TRUE
Ckap5	chr2	FALSE	FALSE
Cttnbp2	chr6	FALSE	TRUE
Ptpn2	chr18	FALSE	FALSE
Ackr1	chr1	FALSE	TRUE
Zfp101	chr17	FALSE	FALSE
Ccdc187	chr2	FALSE	TRUE
Picalm	chr7	FALSE	TRUE
Arl13b	chr16	FALSE	FALSE
P2rx4	chr5	FALSE	FALSE
Tbc1d32	chr10	FALSE	FALSE
Asap1	chr15	TRUE	FALSE
Polr3b	chr10	FALSE	FALSE
Atp6v0a1	chr11	FALSE	FALSE
Eif4a1	chr11	FALSE	FALSE
Enpp2	chr15	FALSE	FALSE
Kdm2b	chr5	FALSE	TRUE
Lekr1	chr3	FALSE	TRUE
Cog4	chr8	FALSE	FALSE
Tcp11l1	chr2	FALSE	FALSE
Pik3r1	chr13	FALSE	FALSE
Lin52	chr12	FALSE	FALSE
P3h4	chr11	FALSE	TRUE
Ankhd1	chr18	FALSE	FALSE
Ctcf	chr8	FALSE	FALSE
Pbx3	chr2	FALSE	TRUE
Fosl2	chr5	FALSE	FALSE
Lmbrd1	chr1	FALSE	FALSE
Kif5a	chr10	FALSE	FALSE
Fbxo41	chr6	FALSE	FALSE
E2f1	chr2	FALSE	TRUE
Dnajc11	chr4	FALSE	FALSE
Myo10	chr15	FALSE	TRUE
Itpk1	chr12	FALSE	TRUE
Plekhg3	chr12	FALSE	TRUE
Ercc6l2	chr13	FALSE	FALSE
Mctp1	chr13	FALSE	FALSE
Ubp1	chr9	FALSE	FALSE
Crmp1	chr5	FALSE	FALSE
Gabrr2	chr4	TRUE	TRUE
Ube4b	chr4	FALSE	TRUE
Atp2a2	chr5	FALSE	FALSE
Mgat3	chr15	FALSE	FALSE
Arhgap39	chr15	FALSE	FALSE
Mapk14	chr17	FALSE	FALSE
Ndc1	chr4	FALSE	TRUE
Eml6	chr11	FALSE	TRUE
Klhl26	chr8	FALSE	FALSE
Mindy4	chr6	FALSE	FALSE
Cdc42bpg	chr19	FALSE	FALSE
Rnf217	chr10	FALSE	FALSE
Mbtd1	chr11	FALSE	FALSE
Kcnk2	chr1	FALSE	TRUE
Cdk19	chr10	FALSE	TRUE
Kcnk10	chr12	FALSE	FALSE
Acot7	chr4	FALSE	FALSE
Elovl5	chr9	FALSE	FALSE
Pcnt	chr10	FALSE	TRUE
Trappc10	chr10	FALSE	FALSE
Desi1	chr15	FALSE	FALSE
Shc2	chr10	FALSE	FALSE
Jdp2	chr12	FALSE	FALSE
Sox5	chr6	FALSE	TRUE
Rpia	chr6	FALSE	FALSE
Fat3	chr9	FALSE	TRUE
Bcl2l13	chr6	FALSE	FALSE
Cntn1	chr15	FALSE	TRUE
Cdc42bpb	chr12	FALSE	FALSE
Qrich1	chr9	FALSE	FALSE
Zeb1	chr18	FALSE	FALSE
Orc4	chr2	FALSE	TRUE
Svop	chr5	FALSE	FALSE
Rprd2	chr3	FALSE	FALSE
Trip12	chr1	FALSE	FALSE
Akap10	chr11	FALSE	FALSE
Rap2a	chr14	FALSE	FALSE
Foxn2	chr17	FALSE	TRUE
Zfp521	chr18	FALSE	TRUE
Cep70	chr9	FALSE	FALSE
Umad1	chr6	FALSE	FALSE
Foxk1	chr5	FALSE	FALSE
Elavl1	chr8	FALSE	TRUE
Faxc	chr4	FALSE	FALSE
Gata3	chr2	FALSE	FALSE
Cpa2	chr6	FALSE	TRUE
Arhgap27	chr11	FALSE	TRUE
Hcfc2	chr10	FALSE	FALSE
Wasf3	chr5	FALSE	FALSE
Adamts2	chr11	FALSE	FALSE
Wasl	chr6	FALSE	FALSE
Pstpip1	chr9	FALSE	TRUE
Fam163b	chr2	FALSE	TRUE
Trmt9b	chr8	FALSE	TRUE
Ptprz1	chr6	TRUE	TRUE
Edil3	chr13	FALSE	TRUE
Klhl3	chr13	FALSE	FALSE
Cd99l2	chrX	FALSE	FALSE
Pwwp2b	chr7	FALSE	TRUE
Nek1	chr8	FALSE	TRUE
Capn7	chr14	FALSE	FALSE
Tle4	chr19	FALSE	FALSE
Arl2bp	chr8	FALSE	FALSE
Srrm1	chr4	FALSE	FALSE
Ago2	chr15	FALSE	TRUE
Lims1	chr10	FALSE	TRUE
Neo1	chr9	FALSE	FALSE
Kif21b	chr1	FALSE	FALSE
Mob1b	chr5	FALSE	FALSE
Hs3st1	chr5	FALSE	FALSE
Cystm1	chr18	FALSE	FALSE
Uqcc1	chr2	FALSE	TRUE
Tmem184b	chr15	FALSE	FALSE
Itgb3bp	chr4	FALSE	FALSE
Extl3	chr14	FALSE	FALSE
Nudt3	chr17	FALSE	TRUE
Ifnar2	chr16	FALSE	FALSE
Eif4e3	chr6	FALSE	FALSE
Anapc1	chr2	FALSE	FALSE
Dgkh	chr14	FALSE	TRUE
Fgd4	chr16	FALSE	FALSE
Mettl9	chr7	FALSE	FALSE
Gnai3	chr3	FALSE	FALSE
Snx24	chr18	FALSE	FALSE
Tacc1	chr8	TRUE	FALSE
Slc6a17	chr3	FALSE	TRUE
Wnt7b	chr15	FALSE	TRUE
Psmd12	chr11	FALSE	FALSE
Ak1	chr2	FALSE	FALSE
Lrrc27	chr7	FALSE	FALSE
Ranbp2	chr10	FALSE	FALSE
Wscd2	chr5	FALSE	TRUE
Lonrf3	chrX	FALSE	FALSE
Cttn	chr7	FALSE	FALSE
Phldb2	chr16	FALSE	TRUE
Wsb2	chr5	FALSE	TRUE
Zc3hav1l	chr6	FALSE	FALSE
Crem	chr18	FALSE	TRUE
Pdgfa	chr5	FALSE	TRUE
Sema6a	chr18	FALSE	TRUE
Ppp1r16b	chr2	FALSE	TRUE
Mthfsd	chr8	FALSE	FALSE
Cmas	chr6	FALSE	FALSE
Kbtbd11	chr8	FALSE	FALSE
Zfp652	chr11	FALSE	FALSE
Zbtb6	chr2	FALSE	FALSE
Ash1l	chr3	FALSE	TRUE
Dnaja2	chr8	FALSE	FALSE
Smarca5	chr8	FALSE	FALSE
Hpca	chr4	FALSE	FALSE
Pla2g4e	chr2	FALSE	TRUE
Sptb	chr12	FALSE	FALSE
Adcyap1r1	chr6	FALSE	FALSE
Enox2	chrX	FALSE	FALSE
Immp2l	chr12	TRUE	FALSE
Smarcc2	chr10	FALSE	FALSE
2700049A03Rik	chr12	FALSE	FALSE
Npepps	chr11	FALSE	TRUE
Aldh5a1	chr13	FALSE	FALSE
Kif21a	chr15	FALSE	FALSE
Kmt2e	chr5	FALSE	FALSE
Onecut2	chr18	FALSE	TRUE
Wwp2	chr8	FALSE	FALSE
Flywch1	chr17	FALSE	TRUE
Fer	chr17	FALSE	TRUE
Tph2	chr10	FALSE	TRUE
Sgsm1	chr5	FALSE	FALSE
Agap2	chr10	FALSE	FALSE
Dctn1	chr6	FALSE	FALSE
Mettl26	chr17	FALSE	FALSE
Smarcal1	chr1	FALSE	FALSE
Cdk13	chr13	FALSE	TRUE
Nck1	chr9	FALSE	FALSE
Slit3	chr11	FALSE	FALSE
Ppp1cb	chr5	FALSE	FALSE
Trmt13	chr3	FALSE	FALSE
Gmeb1	chr4	FALSE	TRUE
Coro2a	chr4	FALSE	FALSE
Cdkl1	chr12	FALSE	TRUE
Clip1	chr5	FALSE	FALSE
Phf12	chr11	FALSE	FALSE
Papln	chr12	FALSE	FALSE
Bahd1	chr2	FALSE	FALSE
Cc2d2a	chr5	FALSE	FALSE
Nyx	chrX	FALSE	TRUE
Hnrnpk	chr13	FALSE	FALSE
Col8a1	chr16	FALSE	TRUE
Rock2	chr12	FALSE	FALSE
Mapre3	chr5	FALSE	FALSE
Dsn1	chr2	FALSE	TRUE
Slc6a9	chr4	FALSE	FALSE
Kansl1l	chr1	FALSE	FALSE
Sesn1	chr10	FALSE	TRUE
Cttnbp2nl	chr3	FALSE	FALSE
Tll1	chr8	FALSE	FALSE
Nedd4	chr9	FALSE	TRUE
Lrriq3	chr3	FALSE	FALSE
Pknox1	chr17	FALSE	FALSE
Klc1	chr12	FALSE	TRUE
Sidt1	chr16	FALSE	FALSE
Epb41l1	chr2	FALSE	FALSE
Abl2	chr1	FALSE	FALSE
Rps6ka5	chr12	FALSE	TRUE
Tut4	chr4	FALSE	FALSE
B4galt1	chr4	FALSE	FALSE
Rbm41	chrX	FALSE	FALSE
Trpc4ap	chr2	FALSE	TRUE
Dexi	chr16	FALSE	FALSE
Gmds	chr13	FALSE	FALSE
Napa	chr7	FALSE	FALSE
Lman2	chr13	FALSE	FALSE
Ptprj	chr2	FALSE	FALSE
Lrrc3	chr10	FALSE	TRUE
Whamm	chr7	FALSE	FALSE
Trappc9	chr15	FALSE	TRUE
Slc12a6	chr2	FALSE	FALSE
Grb2	chr11	FALSE	TRUE
Agps	chr2	FALSE	FALSE
Gfpt1	chr6	FALSE	FALSE
Med25	chr7	FALSE	TRUE
Phf3	chr1	FALSE	FALSE
Wnt10a	chr1	FALSE	FALSE
Inpp5b	chr4	FALSE	FALSE
Ablim3	chr18	FALSE	FALSE
Cbln3	chr14	FALSE	FALSE
Prkdc	chr16	FALSE	TRUE
Hook3	chr8	FALSE	FALSE
Usp44	chr10	FALSE	TRUE
Rap1gap	chr4	FALSE	FALSE
Mtx2	chr2	FALSE	FALSE
Olfml3	chr3	FALSE	TRUE
Arfgap3	chr15	FALSE	FALSE
Decr1	chr4	FALSE	TRUE
Micos10	chr4	FALSE	TRUE
Tmem132e	chr11	FALSE	FALSE
Dnajc17	chr2	FALSE	FALSE
Serp2	chr14	FALSE	FALSE
Cfap45	chr1	FALSE	TRUE
Etv3	chr3	FALSE	FALSE
Ift140	chr17	FALSE	FALSE
Enpp7	chr11	FALSE	FALSE
Slc16a14	chr1	FALSE	TRUE
Ensa	chr3	FALSE	FALSE
Taf2	chr15	FALSE	FALSE
Ppm1h	chr10	FALSE	FALSE
Slc4a8	chr15	FALSE	FALSE
Shc3	chr13	FALSE	TRUE
Ntng1	chr3	FALSE	FALSE
Nefm	chr14	FALSE	TRUE
Sema7a	chr9	FALSE	FALSE
Ccm2l	chr2	FALSE	TRUE
Kcnip2	chr19	FALSE	TRUE
Ctc1	chr11	FALSE	FALSE
Nfatc2	chr2	FALSE	FALSE
Cyfip2	chr11	FALSE	FALSE
Hmcn1	chr1	FALSE	FALSE
Tmem44	chr16	FALSE	FALSE
Eif5b	chr1	FALSE	FALSE
Stox1	chr10	FALSE	FALSE
Camsap2	chr1	FALSE	FALSE
Ralbp1	chr17	FALSE	FALSE
Sarm1	chr11	FALSE	FALSE
Capn5	chr7	FALSE	FALSE
Chst7	chrX	FALSE	FALSE
Hs2st1	chr3	FALSE	TRUE
Ramp3	chr11	FALSE	FALSE
Rapgef4	chr2	FALSE	TRUE
Slc18a1	chr8	FALSE	FALSE
Rasal1	chr5	FALSE	TRUE
Pfkfb2	chr1	FALSE	FALSE
Nufip2	chr11	FALSE	FALSE
Wdr41	chr13	FALSE	FALSE
Ilf3	chr9	FALSE	FALSE
Man2b1	chr8	FALSE	FALSE
Glrb	chr3	FALSE	FALSE
Slc25a46	chr18	FALSE	FALSE
Rnf145	chr11	FALSE	FALSE
Sik1	chr17	FALSE	TRUE
Nap1l4	chr7	FALSE	TRUE
Ctdp1	chr18	FALSE	TRUE
Atp6v1h	chr1	FALSE	FALSE
Ift80	chr3	FALSE	TRUE
Zbtb4	chr11	FALSE	FALSE
Tnfsf13	chr11	FALSE	TRUE
Ltbp2	chr12	FALSE	FALSE
Vegfa	chr17	FALSE	TRUE
Ror1	chr4	FALSE	FALSE
Git2	chr5	FALSE	FALSE
Psmf1	chr2	FALSE	FALSE
Sfrp5	chr19	FALSE	TRUE
Mbd2	chr18	FALSE	FALSE
Tmem41a	chr16	FALSE	FALSE
Slc22a22	chr15	FALSE	TRUE
Tulp4	chr17	FALSE	FALSE
Sugp1	chr8	FALSE	FALSE
Nr1d2	chr14	FALSE	FALSE
Yy1	chr12	FALSE	FALSE
Abcb7	chrX	FALSE	FALSE
Ptar1	chr19	FALSE	TRUE
G2e3	chr12	FALSE	FALSE
Dnajc5	chr2	FALSE	FALSE
Tmem52	chr4	FALSE	TRUE
Kat7	chr11	FALSE	FALSE
Pam	chr1	FALSE	TRUE
Syt12	chr19	FALSE	TRUE
Spry2	chr14	FALSE	TRUE
Pros1	chr16	FALSE	TRUE
Stim1	chr7	FALSE	FALSE
Zmym2	chr14	FALSE	TRUE
Prkcd	chr14	FALSE	FALSE
Clcn1	chr6	FALSE	TRUE
Rc3h2	chr2	FALSE	FALSE
Erh	chr12	FALSE	FALSE
Pcbp2	chr15	FALSE	FALSE
Vat1l	chr8	FALSE	FALSE
Arfip1	chr3	FALSE	FALSE
Psme4	chr11	FALSE	FALSE
Zmiz1	chr14	TRUE	TRUE
Dnajc24	chr2	FALSE	FALSE
Tiparp	chr3	FALSE	FALSE
Colgalt1	chr8	FALSE	FALSE
Rufy2	chr10	FALSE	FALSE
Acer3	chr7	FALSE	FALSE
Mfsd4a	chr1	FALSE	FALSE
Edem1	chr6	FALSE	FALSE
Ly6g6f	chr17	FALSE	TRUE
Mapk8	chr14	FALSE	TRUE
Phyhd1	chr2	FALSE	TRUE
Pitpna	chr11	FALSE	FALSE
Nim1k	chr13	FALSE	FALSE
Tmem229b	chr12	FALSE	FALSE
Ankmy1	chr1	FALSE	FALSE
Lgals3bp	chr11	FALSE	TRUE
Otulin	chr15	FALSE	FALSE
Lonp2	chr8	FALSE	FALSE
Sema6c	chr3	FALSE	TRUE
Lamtor1	chr7	FALSE	FALSE
Tbr1	chr2	FALSE	FALSE
Tmem38b	chr4	FALSE	FALSE
Pfkm	chr15	FALSE	FALSE
Cdkl3	chr11	FALSE	FALSE
Eif1	chr11	FALSE	FALSE
Pacrg	chr17	FALSE	TRUE
Snap91	chr9	FALSE	TRUE
Ctsb	chr14	FALSE	FALSE
Mrpl48	chr7	FALSE	FALSE
Sec22a	chr16	FALSE	FALSE
Gpam	chr19	FALSE	TRUE
St8sia5	chr18	FALSE	FALSE
Ctnna1	chr18	FALSE	TRUE
Armh4	chr14	FALSE	TRUE
Zfhx2	chr14	FALSE	TRUE
Mib2	chr4	FALSE	FALSE
Chmp4b	chr2	FALSE	FALSE
Tmc7	chr7	FALSE	FALSE
Epo	chr5	FALSE	FALSE
Slc1a4	chr11	FALSE	FALSE
Abhd3	chr18	FALSE	FALSE
Ift81	chr5	FALSE	FALSE
Zc3h12c	chr9	FALSE	TRUE
Tff3	chr17	FALSE	TRUE
Sult4a1	chr15	FALSE	FALSE
Ell2	chr13	FALSE	TRUE
Abcd3	chr3	FALSE	FALSE
Epg5	chr18	FALSE	FALSE
Cul3	chr1	FALSE	FALSE
Crebrf	chr17	FALSE	TRUE
Slc30a9	chr5	FALSE	FALSE
Slc25a36	chr9	FALSE	FALSE
Mettl4	chr17	FALSE	FALSE
Uso1	chr5	FALSE	FALSE
Stk38l	chr6	FALSE	FALSE
Pogz	chr3	FALSE	FALSE
Map4k3	chr17	FALSE	FALSE
Pde6d	chr1	FALSE	TRUE
Adam17	chr12	FALSE	FALSE
Spg11	chr2	FALSE	FALSE
Mxi1	chr19	FALSE	FALSE
Cpne9	chr6	FALSE	TRUE
Sesn3	chr9	FALSE	FALSE
Unkl	chr17	FALSE	FALSE
Traf7	chr17	FALSE	FALSE
Eya3	chr4	FALSE	FALSE
Saal1	chr7	FALSE	FALSE
Larp1	chr11	FALSE	FALSE
Ptp4a3	chr15	FALSE	TRUE
Vipr2	chr12	FALSE	FALSE
Socs6	chr18	FALSE	FALSE
Rab3gap2	chr1	FALSE	FALSE
Slc30a5	chr13	FALSE	FALSE
Adgra2	chr8	FALSE	FALSE
Pik3r3	chr4	FALSE	FALSE
Cog2	chr8	FALSE	FALSE
Tbl1x	chrX	FALSE	FALSE
Mcf2l	chr8	FALSE	TRUE
Hectd1	chr12	FALSE	FALSE
Tubgcp3	chr8	FALSE	FALSE
Zfp397	chr18	FALSE	FALSE
Tspan3	chr9	FALSE	FALSE
Tent2	chr13	FALSE	FALSE
Lrrc38	chr4	FALSE	FALSE
Cntfr	chr4	FALSE	TRUE
Pot1a	chr6	FALSE	FALSE
Herpud2	chr9	FALSE	FALSE
Cdon	chr9	FALSE	FALSE
1700069L16Rik	chr5	FALSE	FALSE
Dgat2	chr7	FALSE	FALSE
Nisch	chr14	FALSE	FALSE
Lrpap1	chr5	FALSE	FALSE
Pcdh10	chr3	FALSE	TRUE
Wwox	chr8	FALSE	TRUE
Necab1	chr4	FALSE	TRUE
Dtwd2	chr18	FALSE	FALSE
Prnd	chr2	FALSE	FALSE
Nlgn1	chr3	FALSE	FALSE
Cry2	chr2	FALSE	FALSE
Tgif2	chr2	FALSE	FALSE
Mtmr14	chr6	FALSE	FALSE
Gabra1	chr11	FALSE	FALSE
Mab21l3	chr3	FALSE	FALSE
Usp15	chr10	FALSE	FALSE
Ngef	chr1	FALSE	FALSE
Thsd4	chr9	FALSE	FALSE
Gucy1a1	chr3	FALSE	FALSE
Ankrd10	chr8	FALSE	TRUE
Ofcc1	chr13	FALSE	TRUE
Cd34	chr1	FALSE	TRUE
Map2k2	chr10	FALSE	FALSE
Azin2	chr4	FALSE	FALSE
Sugp2	chr8	FALSE	FALSE
Lingo3	chr10	FALSE	FALSE
Mgrn1	chr16	FALSE	FALSE
N4bp2l2	chr5	FALSE	FALSE
Plekhh1	chr12	FALSE	FALSE
Slc37a3	chr6	FALSE	FALSE
Tm2d1	chr4	FALSE	FALSE
Sgms1	chr19	FALSE	FALSE
Stam	chr2	FALSE	FALSE
Crtc1	chr8	FALSE	FALSE
Acap2	chr16	FALSE	FALSE
Zgpat	chr2	FALSE	FALSE
Tsc2	chr17	FALSE	FALSE
Cstad	chr2	FALSE	FALSE
Atl2	chr17	FALSE	FALSE
E4f1	chr17	FALSE	FALSE
Aldh4a1	chr4	FALSE	FALSE
Smim15	chr13	FALSE	FALSE
Aebp2	chr6	FALSE	FALSE
Raf1	chr6	FALSE	FALSE
Ankrd26	chr6	FALSE	FALSE
Mark2	chr19	FALSE	FALSE
Pald1	chr10	FALSE	FALSE
Rnf121	chr7	FALSE	TRUE
Magi1	chr6	FALSE	FALSE
Rbpj	chr5	FALSE	FALSE
Rev1	chr1	FALSE	FALSE
Pex10	chr4	FALSE	FALSE
Tor1aip1	chr1	FALSE	FALSE
Smim14	chr5	FALSE	FALSE
Zfp451	chr1	FALSE	FALSE
C6	chr15	FALSE	TRUE
Rwdd3	chr3	FALSE	TRUE
Ube2ql1	chr13	FALSE	FALSE
Marchf3	chr18	FALSE	TRUE
Tbce	chr13	FALSE	FALSE
Ndst3	chr3	FALSE	FALSE
Cep57l1	chr10	FALSE	FALSE
Alg9	chr9	FALSE	TRUE
Rab5c	chr11	FALSE	FALSE
Ints3	chr3	FALSE	TRUE
Car10	chr11	FALSE	FALSE
Trrap	chr5	FALSE	FALSE
Phf8	chrX	FALSE	FALSE
Ppme1	chr7	FALSE	FALSE
Adcy6	chr15	FALSE	TRUE
Tmc6	chr11	FALSE	TRUE
Kcnip3	chr2	TRUE	FALSE
Fubp3	chr2	FALSE	FALSE
Snx9	chr17	FALSE	FALSE
Pdzrn4	chr15	FALSE	FALSE
Basp1	chr15	FALSE	TRUE
Tulp3	chr6	FALSE	FALSE
Pgap2	chr7	FALSE	FALSE
Hsbp1l1	chr18	FALSE	FALSE
Plekha8	chr6	FALSE	TRUE
U2af2	chr7	FALSE	FALSE
Mpzl1	chr1	FALSE	TRUE
Cep170	chr1	FALSE	FALSE
Prkn	chr17	FALSE	TRUE
Nexmif	chrX	FALSE	TRUE
Polq	chr16	FALSE	FALSE
Ube2n	chr10	FALSE	FALSE
Zswim7	chr11	FALSE	FALSE
Fam193a	chr5	FALSE	FALSE
Glcci1	chr6	FALSE	FALSE
Usp3	chr9	FALSE	FALSE
Kdm3a	chr6	FALSE	FALSE
Pten	chr19	FALSE	FALSE
Marchf7	chr2	FALSE	FALSE
Kcnh2	chr5	FALSE	TRUE
Map7d2	chrX	FALSE	FALSE
Ppp4r1	chr17	FALSE	FALSE
Mical3	chr6	FALSE	TRUE
Etnk1	chr6	FALSE	FALSE
Xrn1	chr9	FALSE	FALSE
Tbc1d9b	chr11	FALSE	FALSE
Lypd6b	chr2	FALSE	TRUE
Hmg20a	chr9	FALSE	TRUE
Calb2	chr8	TRUE	FALSE
Adamts16	chr13	FALSE	TRUE
Wdr89	chr12	FALSE	FALSE
Thada	chr17	FALSE	FALSE
Ccdc149	chr5	FALSE	FALSE
Aldh1l2	chr10	FALSE	FALSE
Gpr176	chr2	FALSE	TRUE
Ythdc2	chr18	FALSE	FALSE
Fbxl4	chr4	FALSE	FALSE
Adgra3	chr5	FALSE	TRUE
Aplp2	chr9	FALSE	FALSE
Ermp1	chr19	FALSE	TRUE
Tgs1	chr4	FALSE	TRUE
Emc2	chr15	FALSE	FALSE
Nell2	chr15	FALSE	FALSE
Hic1	chr11	FALSE	FALSE
Ptpre	chr7	FALSE	FALSE
Ube2j2	chr4	FALSE	FALSE
Rims3	chr4	FALSE	TRUE
Sptlc3	chr2	FALSE	TRUE
Eif5a	chr11	FALSE	FALSE
Rcor3	chr1	FALSE	FALSE
Map3k5	chr10	FALSE	FALSE
Rpp14	chr14	FALSE	FALSE
Uba6	chr5	FALSE	FALSE
Otud1	chr2	FALSE	FALSE
Ippk	chr13	FALSE	FALSE
Camk1g	chr1	FALSE	FALSE
Lyrm2	chr4	FALSE	FALSE
Dido1	chr2	FALSE	FALSE
Ppp5c	chr7	FALSE	TRUE
Usp45	chr4	FALSE	FALSE
Fads6	chr11	FALSE	FALSE
Tph1	chr7	FALSE	FALSE
Fam53b	chr7	FALSE	TRUE
Arglu1	chr8	FALSE	FALSE
Rtn4	chr11	FALSE	FALSE
Lancl2	chr6	FALSE	FALSE
Rab11fip5	chr6	FALSE	FALSE
Grhpr	chr4	FALSE	FALSE
Ccdc62	chr5	FALSE	FALSE
Cdk12	chr11	FALSE	FALSE
Fam20b	chr1	FALSE	FALSE
4933428G20Rik	chr11	FALSE	TRUE
Asxl1	chr2	FALSE	FALSE
Elp3	chr14	FALSE	TRUE
Srebf1	chr11	FALSE	FALSE
Pcgf3	chr5	FALSE	FALSE
Upf3b	chrX	FALSE	FALSE
Hivep1	chr13	FALSE	FALSE
Ptprh	chr7	FALSE	TRUE
1110002E22Rik	chr3	FALSE	TRUE
Itpkb	chr1	FALSE	TRUE
Tug1	chr11	FALSE	FALSE
Rprd1a	chr18	FALSE	FALSE
Vps35l	chr7	FALSE	FALSE
Hikeshi	chr7	FALSE	FALSE
Fzd3	chr14	FALSE	FALSE
Limk2	chr11	FALSE	FALSE
Arf2	chr11	FALSE	FALSE
Ttc13	chr8	FALSE	TRUE
Bmper	chr9	FALSE	TRUE
Arhgef40	chr14	FALSE	TRUE
Pls3	chrX	FALSE	TRUE
Lats2	chr14	FALSE	TRUE
Cxxc5	chr18	FALSE	FALSE
Tmem266	chr9	FALSE	FALSE
Impa2	chr18	FALSE	TRUE
Ndufc1	chr3	FALSE	FALSE
Adck2	chr6	FALSE	FALSE
Xkr4	chr1	FALSE	TRUE
Bin1	chr18	FALSE	FALSE
Ahr	chr12	FALSE	FALSE
Gart	chr16	FALSE	FALSE
Lipo3	chr19	FALSE	FALSE
Rab2a	chr4	FALSE	FALSE
Ttc9	chr12	FALSE	FALSE
Rnf122	chr8	FALSE	TRUE
Mllt1	chr17	FALSE	TRUE
Ecpas	chr4	FALSE	FALSE
Plxna1	chr6	FALSE	FALSE
Bbs9	chr9	FALSE	TRUE
Slc25a23	chr17	FALSE	FALSE
Agtpbp1	chr13	FALSE	TRUE
Slc16a10	chr10	FALSE	TRUE
Cfap161	chr7	FALSE	FALSE
Gtf2ird2	chr5	FALSE	FALSE
Pigg	chr5	FALSE	FALSE
Atp2b3	chrX	FALSE	FALSE
Med13	chr11	FALSE	FALSE
Slc25a17	chr15	FALSE	TRUE
Dnajc13	chr9	FALSE	FALSE
Eftud2	chr11	FALSE	FALSE
Cyb5b	chr8	FALSE	FALSE
Septin7	chr9	FALSE	FALSE
Ormdl1	chr1	FALSE	TRUE
Aven	chr2	FALSE	FALSE
Lrp1	chr10	FALSE	TRUE
Psd	chr19	FALSE	FALSE
Dpysl2	chr14	FALSE	FALSE
Mbnl1	chr3	FALSE	FALSE
Ptpn9	chr9	FALSE	FALSE
Sacs	chr14	FALSE	FALSE
Snx3	chr10	FALSE	FALSE
Spc24	chr9	FALSE	TRUE
Ulk2	chr11	FALSE	FALSE
Ciz1	chr2	FALSE	FALSE
Prkcz	chr4	FALSE	FALSE
Prrc1	chr18	FALSE	FALSE
Drosha	chr15	FALSE	FALSE
Zfp507	chr7	FALSE	FALSE
Psmd1	chr1	FALSE	FALSE
Vcl	chr14	FALSE	FALSE
Nup214	chr2	FALSE	FALSE
Nsun3	chr16	FALSE	FALSE
Fyco1	chr9	FALSE	TRUE
Hmgxb3	chr18	FALSE	FALSE
Foxo3	chr10	FALSE	FALSE
Parvg	chr15	FALSE	TRUE
Dcbld2	chr16	FALSE	FALSE
Zfp326	chr5	FALSE	FALSE
Asb7	chr7	FALSE	FALSE
Gmps	chr3	FALSE	FALSE
Fkbp14	chr6	FALSE	FALSE
Muc15	chr2	FALSE	TRUE
Srfbp1	chr18	FALSE	FALSE
Herc4	chr10	FALSE	FALSE
Ttll4	chr1	FALSE	FALSE
Rbm26	chr14	FALSE	FALSE
Mga	chr2	FALSE	FALSE
Kndc1	chr7	FALSE	FALSE
Plaat1	chr16	FALSE	FALSE
Timm23	chr14	FALSE	FALSE
Rbbp8	chr18	FALSE	FALSE
Vezf1	chr11	FALSE	FALSE
Gtf3c2	chr5	FALSE	FALSE
Slc43a2	chr11	FALSE	TRUE
Zfp65	chr13	FALSE	FALSE
Pibf1	chr14	FALSE	FALSE
Birc6	chr17	FALSE	FALSE
Jazf1	chr6	FALSE	TRUE
Ncdn	chr4	FALSE	TRUE
H2bc4	chr13	FALSE	TRUE
Slc12a8	chr16	FALSE	TRUE
Prpf6	chr2	FALSE	FALSE
Nup210	chr6	FALSE	FALSE
Madd	chr2	FALSE	FALSE
Fbln5	chr12	FALSE	TRUE
Mrrf	chr2	FALSE	FALSE
Slc35a3	chr3	FALSE	FALSE
Itpr1	chr6	FALSE	TRUE
Mier1	chr4	FALSE	FALSE
Cyp7b1	chr3	FALSE	FALSE
Bysl	chr17	FALSE	TRUE
Rusc2	chr4	FALSE	FALSE
Atrx	chrX	FALSE	FALSE
Trpm1	chr7	FALSE	TRUE
Crlf1	chr8	FALSE	TRUE
Ccdc177	chr12	FALSE	FALSE
Zfp12	chr5	FALSE	FALSE
Sertad2	chr11	FALSE	FALSE
Dzip1l	chr9	FALSE	FALSE
Lcmt1	chr7	FALSE	TRUE
Susd6	chr12	FALSE	FALSE
Ubxn7	chr16	FALSE	FALSE
Septin11	chr5	FALSE	FALSE
Cpt1c	chr7	FALSE	FALSE
Usp8	chr2	FALSE	FALSE
Mia2	chr12	FALSE	TRUE
Stt3b	chr9	FALSE	FALSE
Knop1	chr7	FALSE	TRUE
Scube2	chr7	FALSE	TRUE
Ilvbl	chr10	FALSE	TRUE
Afg3l2	chr18	FALSE	FALSE
Blmh	chr11	FALSE	FALSE
Abcd2	chr15	FALSE	FALSE
Slc38a1	chr15	FALSE	TRUE
Rab23	chr1	FALSE	FALSE
Me2	chr18	FALSE	FALSE
Micu3	chr8	TRUE	FALSE
Setd1b	chr5	FALSE	FALSE
Bhlhe40	chr6	FALSE	FALSE
Brd7	chr8	FALSE	FALSE
Evi5l	chr8	FALSE	FALSE
N4bp2	chr5	FALSE	FALSE
Ergic2	chr6	FALSE	FALSE
Xndc1	chr7	FALSE	FALSE
Cd2ap	chr17	FALSE	FALSE
Gtf2i	chr5	FALSE	TRUE
Wapl	chr14	FALSE	FALSE
Nr4a3	chr4	FALSE	FALSE
Pdcd1	chr1	FALSE	FALSE
Rbm6	chr9	FALSE	FALSE
Cmc2	chr8	FALSE	FALSE
Ubac1	chr2	FALSE	FALSE
Relch	chr1	FALSE	TRUE
Adora2b	chr11	FALSE	TRUE
Rassf10	chr7	FALSE	FALSE
Tmx4	chr2	FALSE	FALSE
Lyrm7	chr11	FALSE	FALSE
Ppfia3	chr7	FALSE	TRUE
Lats1	chr10	FALSE	FALSE
Lrif1	chr3	FALSE	FALSE
Rarg	chr15	FALSE	FALSE
Gars	chr6	FALSE	FALSE
Tom1l2	chr11	FALSE	FALSE
Rsbn1	chr3	FALSE	FALSE
Ctnnd1	chr2	FALSE	FALSE
Afg3l1	chr8	FALSE	FALSE
C2cd5	chr6	FALSE	FALSE
Stimate	chr14	FALSE	TRUE
Zfp469	chr8	FALSE	FALSE
Zswim4	chr8	FALSE	FALSE
Cntn6	chr6	TRUE	FALSE
Ube2e2	chr14	FALSE	FALSE
Stk11ip	chr1	FALSE	FALSE
Sfswap	chr5	FALSE	FALSE
N4bp2l1	chr5	FALSE	TRUE
Zfp788	chr7	FALSE	FALSE
Ube2h	chr6	FALSE	FALSE
Eef1a1	chr9	FALSE	TRUE
Ak5	chr3	FALSE	FALSE
Bag5	chr12	FALSE	TRUE
Slc12a5	chr2	FALSE	TRUE
Sgpp1	chr12	FALSE	FALSE
Als2	chr1	FALSE	FALSE
Ppp1r1b	chr11	FALSE	FALSE
Cdc14a	chr3	FALSE	FALSE
Tnfrsf9	chr4	FALSE	FALSE
Kcmf1	chr6	FALSE	FALSE
Mtrf1	chr14	FALSE	FALSE
Stat4	chr1	FALSE	TRUE
Pgbd5	chr8	FALSE	FALSE
Luc7l3	chr11	FALSE	FALSE
Slc4a2	chr5	FALSE	FALSE
Commd9	chr2	FALSE	FALSE
Ldha	chr7	FALSE	FALSE
Pcm1	chr8	FALSE	FALSE
Tmem161b	chr13	FALSE	FALSE
Matr3	chr18	FALSE	FALSE
Pi4kb	chr3	FALSE	FALSE
Bak1	chr17	FALSE	FALSE
Sptan1	chr2	FALSE	FALSE
Rif1	chr2	FALSE	TRUE
Lef1	chr3	FALSE	TRUE
Cs	chr10	FALSE	FALSE
Zbtb11	chr16	FALSE	FALSE
Aco2	chr15	FALSE	FALSE
Ppp6r3	chr19	FALSE	FALSE
Mau2	chr8	FALSE	TRUE
Golga4	chr9	FALSE	TRUE
Slc38a6	chr12	FALSE	FALSE
Tcaf1	chr6	FALSE	FALSE
Atp6v1a	chr16	FALSE	FALSE
Npdc1	chr2	FALSE	FALSE
Map1b	chr13	FALSE	FALSE
Numbl	chr7	FALSE	FALSE
Cap2	chr13	FALSE	TRUE
Sgce	chr6	FALSE	FALSE
Kpna7	chr5	FALSE	FALSE
Psmb4	chr3	FALSE	FALSE
Prrg2	chr7	FALSE	FALSE
Amotl1	chr9	FALSE	TRUE
Plcd1	chr9	FALSE	TRUE
Dmxl2	chr9	FALSE	FALSE
Eml2	chr7	FALSE	TRUE
Zfp26	chr9	FALSE	FALSE
Gpr22	chr12	FALSE	FALSE
Pfkp	chr13	FALSE	FALSE
Arhgap21	chr2	FALSE	FALSE
Dop1a	chr9	FALSE	FALSE
Fip1l1	chr5	FALSE	FALSE
Mat2b	chr11	FALSE	TRUE
Tmem237	chr1	FALSE	FALSE
Dnm1	chr2	FALSE	TRUE
Fgfr1op2	chr6	FALSE	FALSE
Nfe2l2	chr2	FALSE	TRUE
Atp1a1	chr3	FALSE	FALSE
Spsb3	chr17	FALSE	FALSE
Tbpl1	chr10	FALSE	FALSE
Cul5	chr9	FALSE	FALSE
Cnn3	chr3	FALSE	TRUE
Kdm5b	chr1	FALSE	FALSE
Stx7	chr10	FALSE	FALSE
Rrn3	chr16	FALSE	FALSE
Plcg1	chr2	FALSE	FALSE
Phlpp2	chr8	FALSE	FALSE
Sema3g	chr14	FALSE	TRUE
Hdgf	chr3	FALSE	FALSE
Cyfip1	chr7	FALSE	FALSE
Fxyd6	chr9	FALSE	TRUE
Plpp7	chr2	FALSE	TRUE
Prkag2	chr5	FALSE	TRUE
Klf13	chr7	FALSE	FALSE
Polm	chr11	FALSE	FALSE
Stard9	chr2	FALSE	TRUE
Mapk6	chr9	FALSE	TRUE
Reck	chr4	FALSE	TRUE
Ppp6r2	chr15	FALSE	FALSE
Zc3h3	chr15	FALSE	FALSE
Cnst	chr1	FALSE	TRUE
Supv3l1	chr10	FALSE	FALSE
Map3k3	chr11	FALSE	FALSE
Dact3	chr7	FALSE	FALSE
Pank3	chr11	FALSE	FALSE
Arel1	chr12	FALSE	TRUE
Prox1	chr1	FALSE	FALSE
Tbcel	chr9	FALSE	FALSE
Marchf6	chr15	FALSE	FALSE
Flot2	chr11	FALSE	FALSE
Trhde	chr10	FALSE	FALSE
Wdr62	chr7	FALSE	FALSE
Pdss2	chr10	FALSE	FALSE
Trim67	chr8	FALSE	FALSE
Ndrg3	chr2	FALSE	FALSE
Dlgap2	chr8	FALSE	TRUE
Wwp1	chr4	FALSE	FALSE
Exoc4	chr6	FALSE	FALSE
Ubr2	chr17	FALSE	FALSE
Brsk2	chr7	FALSE	FALSE
Mrgprd	chr7	FALSE	FALSE
Sgk3	chr1	FALSE	FALSE
Abhd17c	chr7	FALSE	FALSE
Cnbp	chr6	FALSE	FALSE
Ammecr1	chrX	FALSE	TRUE
Timp3	chr10	FALSE	FALSE
Nmnat2	chr1	FALSE	FALSE
Abcf1	chr17	FALSE	TRUE
Fig4	chr10	FALSE	FALSE
Rhoj	chr12	FALSE	TRUE
Zc3h6	chr2	FALSE	FALSE
Rad18	chr6	FALSE	TRUE
Adamtsl1	chr4	FALSE	FALSE
Acat1	chr9	FALSE	FALSE
Wdr37	chr13	FALSE	FALSE
Acox1	chr11	FALSE	FALSE
Psmb2	chr4	FALSE	TRUE
B3gat1	chr9	FALSE	TRUE
Ppp6r1	chr7	FALSE	FALSE
Btg3	chr16	FALSE	TRUE
Chrm3	chr13	TRUE	TRUE
B3gnt7	chr1	FALSE	TRUE
Rhpn2	chr7	FALSE	FALSE
Hmgn3	chr9	FALSE	FALSE
Tmem131	chr1	FALSE	FALSE
Pcdhga11	chr18	FALSE	TRUE
Iglon5	chr7	FALSE	FALSE
Dab1	chr4	FALSE	FALSE
Fat2	chr11	FALSE	FALSE
Prrc2c	chr1	FALSE	FALSE
Phip	chr9	FALSE	FALSE
Tbc1d15	chr10	FALSE	TRUE
Lmo7	chr14	FALSE	TRUE
Cc2d1b	chr4	FALSE	FALSE
Smarcad1	chr6	FALSE	FALSE
Rcan3	chr4	FALSE	TRUE
Sorbs3	chr14	FALSE	FALSE
Prdm10	chr9	FALSE	FALSE
Rhobtb3	chr13	FALSE	FALSE
Uvssa	chr5	FALSE	FALSE
Ivns1abp	chr1	FALSE	FALSE
Ugcg	chr4	FALSE	TRUE
Add1	chr5	FALSE	TRUE
Phkb	chr8	FALSE	TRUE
Snx18	chr13	FALSE	TRUE
Plscr5	chr9	FALSE	TRUE
Ccnt1	chr15	FALSE	FALSE
Trp53inp2	chr2	FALSE	FALSE
Plekhb2	chr1	FALSE	FALSE
Soga1	chr2	FALSE	FALSE
Klhl18	chr9	FALSE	TRUE
Cebpg	chr7	FALSE	FALSE
Sptssb	chr3	FALSE	TRUE
Rreb1	chr13	FALSE	FALSE
Adam7	chr14	FALSE	FALSE
Galntl6	chr8	FALSE	TRUE
Gdpd1	chr11	FALSE	FALSE
Zc3h4	chr7	FALSE	FALSE
Adnp	chr2	FALSE	FALSE
Pptc7	chr5	FALSE	FALSE
Ccnd3	chr17	FALSE	FALSE
Serinc2	chr4	FALSE	FALSE
Igsf9b	chr9	FALSE	TRUE
Rab18	chr18	FALSE	FALSE
Ptpn23	chr9	FALSE	FALSE
Cul1	chr6	FALSE	TRUE
Zfp174	chr16	FALSE	FALSE
Mospd1	chrX	FALSE	FALSE
Cop1	chr1	FALSE	TRUE
Snx25	chr8	FALSE	FALSE
Mettl6	chr14	FALSE	FALSE
Sacm1l	chr9	FALSE	FALSE
Zbtb44	chr9	FALSE	FALSE
Sez6l2	chr7	FALSE	FALSE
Cpe	chr8	FALSE	FALSE
Fbxo34	chr14	FALSE	FALSE
Plxnd1	chr6	FALSE	TRUE
Snx27	chr3	FALSE	FALSE
Grap2	chr15	FALSE	FALSE
Map4k5	chr12	FALSE	TRUE
Ap3b2	chr7	FALSE	FALSE
Slco4a1	chr2	FALSE	TRUE
Myo5c	chr9	FALSE	TRUE
Hp1bp3	chr4	FALSE	FALSE
Senp6	chr9	FALSE	FALSE
Kras	chr6	FALSE	FALSE
Furin	chr7	FALSE	FALSE
Pi4k2a	chr19	FALSE	FALSE
Dennd6a	chr14	FALSE	FALSE
Atp13a3	chr16	FALSE	FALSE
Bcor	chrX	FALSE	FALSE
Impdh1	chr6	FALSE	TRUE
Zer1	chr2	FALSE	FALSE
Epn3	chr11	FALSE	FALSE
Pgap1	chr1	FALSE	FALSE
Urm1	chr2	FALSE	FALSE
Itpa	chr2	FALSE	FALSE
Acvr1	chr2	FALSE	FALSE
E130114P18Rik	chr4	FALSE	TRUE
Cdk17	chr10	FALSE	FALSE
D6Wsu163e	chr6	FALSE	FALSE
Phf20l1	chr15	FALSE	FALSE
Abcb9	chr5	FALSE	FALSE
Drc7	chr8	FALSE	TRUE
Chst10	chr1	FALSE	FALSE
Psmd11	chr11	FALSE	FALSE
Ubn2	chr6	FALSE	FALSE
Rab7	chr6	FALSE	FALSE
Cpsf6	chr10	FALSE	FALSE
Gpd1l	chr9	FALSE	FALSE
Acsl3	chr1	FALSE	FALSE
Tent4a	chr13	FALSE	FALSE
Ttbk1	chr17	FALSE	TRUE
Bend6	chr1	FALSE	FALSE
Ephx1	chr1	FALSE	FALSE
D930020B18Rik	chr10	FALSE	FALSE
Tnfsfm13	chr11	FALSE	TRUE
Far1	chr7	FALSE	FALSE
Gpat3	chr5	FALSE	TRUE
Cab39	chr1	FALSE	TRUE
Zfp275	chrX	FALSE	FALSE
Pitpnc1	chr11	FALSE	FALSE
Tep1	chr14	FALSE	FALSE
9430038I01Rik	chr7	FALSE	TRUE
Tmod2	chr9	FALSE	FALSE
Prkaca	chr8	FALSE	FALSE
Tjp2	chr19	FALSE	FALSE
Plxnc1	chr10	FALSE	TRUE
Commd3	chr2	FALSE	FALSE
Ncoa7	chr10	FALSE	FALSE
Cplane1	chr15	FALSE	TRUE
Bcar1	chr8	FALSE	TRUE
Gclc	chr9	FALSE	FALSE
Tmem9b	chr7	FALSE	FALSE
A830018L16Rik	chr1	FALSE	TRUE
Slc20a2	chr8	FALSE	FALSE
Myh7b	chr2	FALSE	TRUE
Gpatch8	chr11	FALSE	FALSE
Apoh	chr11	FALSE	FALSE
Fbxl5	chr5	FALSE	FALSE
Ntng2	chr2	FALSE	TRUE
L1cam	chrX	FALSE	FALSE
Sdc2	chr15	FALSE	TRUE
Ube3a	chr7	FALSE	FALSE
Zdhhc2	chr8	FALSE	FALSE
Rac1	chr5	FALSE	TRUE
Coq10b	chr1	FALSE	FALSE
Tmem14a	chr1	FALSE	FALSE
Tns2	chr15	FALSE	FALSE
Fignl2	chr15	FALSE	TRUE
Ctnnal1	chr4	FALSE	FALSE
Gdf9	chr11	FALSE	FALSE
Sfxn4	chr19	FALSE	FALSE
D17H6S53E	chr17	FALSE	FALSE
Dnajb14	chr3	FALSE	FALSE
Golph3	chr15	FALSE	FALSE
Comt	chr16	FALSE	FALSE
Plekhm2	chr4	FALSE	FALSE
Sil1	chr18	FALSE	TRUE
Mtcl1	chr17	FALSE	FALSE
Gpr107	chr2	FALSE	FALSE
Ciao2b	chr8	FALSE	FALSE
Mcur1	chr13	FALSE	FALSE
Crocc	chr4	FALSE	FALSE
A930009A15Rik	chr10	FALSE	TRUE
Efnb2	chr8	FALSE	TRUE
Grn	chr11	FALSE	FALSE
Lrp8	chr4	FALSE	FALSE
1700010I14Rik	chr17	FALSE	FALSE
Pde1c	chr6	FALSE	FALSE
Herc1	chr9	FALSE	FALSE
Cct8	chr16	FALSE	FALSE
Arhgef7	chr8	FALSE	FALSE
Ccdc50	chr16	FALSE	FALSE
Lama3	chr18	FALSE	TRUE
Cnot1	chr8	FALSE	TRUE
Atg2b	chr12	FALSE	FALSE
Scyl3	chr1	FALSE	TRUE
Ppp2r2c	chr5	FALSE	FALSE
Zfp322a	chr13	FALSE	FALSE
Gpbp1	chr13	FALSE	TRUE
Opa1	chr16	FALSE	FALSE
Uqcc2	chr17	FALSE	FALSE
Wnt7a	chr6	FALSE	FALSE
Ankrd13a	chr5	FALSE	FALSE
Nkrf	chrX	FALSE	FALSE
Mark3	chr12	FALSE	TRUE
Rab2b	chr14	FALSE	FALSE
Lrch2	chrX	FALSE	FALSE
4931429L15Rik	chr9	FALSE	FALSE
Lhx2	chr2	FALSE	TRUE
Cmtm4	chr8	FALSE	FALSE
Gabpb2	chr3	FALSE	TRUE
Ifitm10	chr7	FALSE	FALSE
Frem1	chr4	FALSE	FALSE
Prr36	chr8	FALSE	FALSE
Hadha	chr5	FALSE	FALSE
Plin2	chr4	FALSE	TRUE
Faap20	chr4	FALSE	FALSE
Anxa6	chr11	FALSE	TRUE
Mab21l2	chr3	FALSE	TRUE
Cdsn	chr17	FALSE	TRUE
Atg9b	chr5	FALSE	FALSE
Sec24b	chr3	FALSE	FALSE
Asphd2	chr5	FALSE	FALSE
Nxpe3	chr16	FALSE	FALSE
Gls	chr1	FALSE	FALSE
Tspan15	chr10	FALSE	FALSE
Zfp935	chr13	FALSE	TRUE
Prdm8	chr5	FALSE	TRUE
Gcc2	chr10	FALSE	FALSE
4933427D14Rik	chr11	FALSE	TRUE
Irs1	chr1	FALSE	FALSE
Eif4enif1	chr11	FALSE	FALSE
Snx13	chr12	FALSE	FALSE
Mtus1	chr8	FALSE	TRUE
Sv2b	chr7	TRUE	FALSE
Ski	chr4	FALSE	FALSE
Oxa1l	chr14	FALSE	FALSE
Clcn5	chrX	FALSE	FALSE
Dennd6b	chr15	FALSE	FALSE
Edc3	chr9	FALSE	TRUE
Bcl9	chr3	FALSE	FALSE
Camkk2	chr5	FALSE	TRUE
Tmem63c	chr12	FALSE	FALSE
Grid2	chr6	FALSE	FALSE
Stk39	chr2	FALSE	FALSE
Mrps6	chr16	FALSE	FALSE
Pcid2	chr8	FALSE	FALSE
Gem	chr4	FALSE	FALSE
Majin	chr19	FALSE	TRUE
Tarbp1	chr8	FALSE	FALSE
Cep250	chr2	FALSE	FALSE
Pggt1b	chr18	FALSE	FALSE
Serpinb6a	chr13	FALSE	FALSE
Neto2	chr8	FALSE	FALSE
Mroh1	chr15	FALSE	TRUE
Ifngr1	chr10	FALSE	FALSE
Arid1a	chr4	FALSE	FALSE
Rasgef1a	chr6	FALSE	FALSE
Lrrc32	chr7	FALSE	FALSE
Zswim9	chr7	FALSE	TRUE
Rpp40	chr13	FALSE	TRUE
Lamtor3	chr3	FALSE	FALSE
Golph3l	chr3	FALSE	FALSE
Alms1	chr6	FALSE	FALSE
Zfp324	chr7	FALSE	TRUE
Aar2	chr2	FALSE	TRUE
Naa15	chr3	FALSE	FALSE
Tmem190	chr7	FALSE	TRUE
2010109A12Rik	chr5	FALSE	FALSE
Klf15	chr6	FALSE	FALSE
Cep162	chr9	FALSE	FALSE
Pbld2	chr10	FALSE	FALSE
Tmem185a	chrX	FALSE	FALSE
Cutc	chr19	FALSE	FALSE
Fhdc1	chr3	FALSE	TRUE
Pard6g	chr18	FALSE	TRUE
Slco4c1	chr1	FALSE	TRUE
Tpcn2	chr7	FALSE	TRUE
Gcfc2	chr6	FALSE	FALSE
Wdr6	chr9	FALSE	TRUE
Chmp7	chr14	FALSE	FALSE
Dcaf12	chr4	FALSE	FALSE
Chp1	chr2	FALSE	TRUE
Myo1c	chr11	FALSE	FALSE
Sin3b	chr8	FALSE	TRUE
Sntb2	chr8	FALSE	TRUE
Slc36a4	chr9	FALSE	TRUE
Sgo1	chr17	FALSE	TRUE
Ddit3	chr10	FALSE	TRUE
Eme2	chr17	FALSE	FALSE
Tasor2	chr13	FALSE	FALSE
Clip2	chr5	FALSE	FALSE
Noct	chr3	FALSE	FALSE
Pappa	chr4	FALSE	TRUE
Spaca3	chr11	FALSE	TRUE
Galc	chr12	FALSE	FALSE
Ppic	chr18	FALSE	TRUE
Creb1	chr1	FALSE	FALSE
Wdhd1	chr14	FALSE	FALSE
Ss18	chr18	FALSE	FALSE
Plek	chr11	FALSE	FALSE
Actr2	chr11	FALSE	FALSE
Fbxo42	chr4	FALSE	FALSE
Zyg11b	chr4	FALSE	FALSE
Cntn5	chr9	TRUE	TRUE
Rtl4	chrX	FALSE	TRUE
Usp22	chr11	FALSE	FALSE
Fbxo24	chr5	FALSE	FALSE
Gk	chrX	FALSE	FALSE
Lmbr1l	chr15	FALSE	FALSE
Anapc15	chr7	FALSE	FALSE
Tmed10	chr12	FALSE	FALSE
Plppr4	chr3	FALSE	FALSE
Tmem120b	chr5	FALSE	FALSE
Ccdc28a	chr10	FALSE	FALSE
Mfsd14b	chr13	FALSE	FALSE
Sppl3	chr5	FALSE	FALSE
Plekha5	chr6	FALSE	FALSE
Prdm15	chr16	FALSE	FALSE
Agbl2	chr2	FALSE	TRUE
Agt	chr8	FALSE	TRUE
Mmp15	chr8	FALSE	TRUE
Tmem165	chr5	FALSE	FALSE
Mapk13	chr17	FALSE	FALSE
Crnkl1	chr2	FALSE	TRUE
Trim45	chr3	FALSE	FALSE
Ppip5k2	chr1	FALSE	FALSE
Pom121l2	chr13	FALSE	TRUE
Exd2	chr12	FALSE	FALSE
Uchl3	chr14	FALSE	FALSE
Kcns1	chr2	FALSE	FALSE
Far2	chr6	FALSE	TRUE
Tsc22d2	chr3	FALSE	FALSE
Tmem243	chr5	FALSE	FALSE
Mgst2	chr3	FALSE	TRUE
Srsf9	chr5	FALSE	FALSE
Mtdh	chr15	FALSE	FALSE
Dnajc1	chr2	FALSE	FALSE
Zfp3	chr11	FALSE	FALSE
Plppr1	chr4	FALSE	TRUE
Chka	chr19	FALSE	FALSE
Gabpb1	chr2	FALSE	FALSE
Rflna	chr5	FALSE	TRUE
Micall2	chr5	FALSE	FALSE
Impa1	chr3	FALSE	FALSE
Bmp5	chr9	TRUE	TRUE
Cdk6	chr5	FALSE	TRUE
Pcdhga12	chr18	FALSE	TRUE
Wdr47	chr3	FALSE	FALSE
Pde6a	chr18	FALSE	TRUE
Mthfs	chr9	FALSE	FALSE
Zfp410	chr12	FALSE	FALSE
Kcnt1	chr2	FALSE	FALSE
Fbxo45	chr16	FALSE	FALSE
Myo19	chr11	FALSE	FALSE
Eomes	chr9	FALSE	TRUE
1810024B03Rik	chr2	FALSE	FALSE
Tmem242	chr17	FALSE	FALSE
Os9	chr10	FALSE	FALSE
Smg1	chr7	FALSE	FALSE
Abhd6	chr14	FALSE	FALSE
Rmnd5a	chr6	FALSE	FALSE
Fbxo6	chr4	FALSE	FALSE
Zfyve21	chr12	FALSE	FALSE
Ranbp10	chr8	FALSE	FALSE
Slc1a2	chr2	FALSE	FALSE
Slc8a1	chr17	FALSE	TRUE
Irak1	chrX	FALSE	TRUE
Gpr153	chr4	FALSE	TRUE
Dnajc27	chr12	FALSE	FALSE
Gdap2	chr3	FALSE	FALSE
Rap1b	chr10	FALSE	TRUE
Pdcd2l	chr7	FALSE	FALSE
Sp4	chr12	FALSE	FALSE
Atf1	chr15	FALSE	FALSE
Tet1	chr10	FALSE	FALSE
Arid3a	chr10	FALSE	FALSE
Syt9	chr7	FALSE	FALSE
Reep4	chr14	FALSE	FALSE
Macroh2a2	chr10	FALSE	TRUE
Eif4g2	chr7	FALSE	FALSE
Gapvd1	chr2	FALSE	TRUE
H3f3a	chr1	FALSE	FALSE
Hexa	chr9	FALSE	TRUE
Frrs1l	chr4	FALSE	TRUE
Efcab14	chr4	FALSE	FALSE
Fam234b	chr6	FALSE	FALSE
Crat	chr2	FALSE	TRUE
Armc7	chr11	FALSE	TRUE
Rsbn1l	chr5	FALSE	FALSE
Mtmr12	chr15	FALSE	FALSE
Cdkl2	chr5	FALSE	FALSE
Ahdc1	chr4	FALSE	TRUE
Nudt18	chr14	FALSE	FALSE
Trappc12	chr12	FALSE	FALSE
Tagln3	chr16	FALSE	FALSE
Synj1	chr16	FALSE	FALSE
Gprasp1	chrX	FALSE	FALSE
Plxnb3	chrX	FALSE	TRUE
Il1rap	chr16	FALSE	TRUE
Pcnp	chr16	FALSE	FALSE
Glrx3	chr7	FALSE	FALSE
Cd40	chr2	FALSE	FALSE
Mtmr4	chr11	FALSE	FALSE
Ddx17	chr15	FALSE	FALSE
Cipc	chr12	FALSE	TRUE
Metrnl	chr11	FALSE	TRUE
Prkcsh	chr9	FALSE	FALSE
Stard3	chr11	FALSE	FALSE
Gsto2	chr19	FALSE	FALSE
Zfp112	chr7	FALSE	FALSE
Adcy3	chr12	FALSE	FALSE
Cabin1	chr10	FALSE	TRUE
Zfand1	chr3	FALSE	FALSE
Ddx6	chr9	FALSE	FALSE
Aqp6	chr15	FALSE	TRUE
Fbxo33	chr12	FALSE	FALSE
Fgd1	chrX	FALSE	FALSE
Dhps	chr8	FALSE	FALSE
Ppp3cb	chr14	FALSE	TRUE
Rrm2b	chr15	FALSE	FALSE
Rps14	chr18	FALSE	FALSE
Max	chr12	FALSE	TRUE
Eif3h	chr15	FALSE	FALSE
Zfp329	chr7	FALSE	FALSE
Dmbt1	chr7	FALSE	TRUE
Stk10	chr11	FALSE	FALSE
Eya2	chr2	FALSE	TRUE
Tmem151a	chr19	FALSE	FALSE
Lrtm2	chr6	FALSE	FALSE
Sncaip	chr18	FALSE	TRUE
Btbd17	chr11	FALSE	TRUE
Rab30	chr7	FALSE	FALSE
Ell	chr8	FALSE	FALSE
Ccdc93	chr1	FALSE	FALSE
St8sia1	chr6	FALSE	FALSE
Arrdc4	chr7	FALSE	FALSE
Prepl	chr17	FALSE	FALSE
Ttc17	chr2	FALSE	FALSE
Slc22a1	chr17	FALSE	TRUE
Ppm1f	chr16	FALSE	FALSE
Emc1	chr4	FALSE	FALSE
Dhx15	chr5	FALSE	TRUE
Pcdhgb7	chr18	FALSE	TRUE
Galns	chr8	FALSE	TRUE
Hcfc1	chrX	FALSE	FALSE
Col23a1	chr11	FALSE	TRUE
Galnt2	chr8	FALSE	FALSE
Ap3s1	chr18	FALSE	FALSE
Pemt	chr11	FALSE	TRUE
Palld	chr8	FALSE	TRUE
Sucla2	chr14	FALSE	FALSE
Nol10	chr12	FALSE	FALSE
Slco2b1	chr7	FALSE	TRUE
Pdk3	chrX	FALSE	FALSE
Denr	chr5	FALSE	FALSE
Pdk2	chr11	FALSE	FALSE
Spon2	chr5	FALSE	TRUE
Jam3	chr9	FALSE	TRUE
Stum	chr1	FALSE	TRUE
Zfp606	chr7	FALSE	FALSE
Jade2	chr11	FALSE	FALSE
Galnt1	chr18	FALSE	FALSE
Zfp945	chr17	FALSE	FALSE
Xrcc4	chr13	FALSE	FALSE
Adora1	chr1	FALSE	FALSE
Zfp316	chr5	FALSE	FALSE
Ube2d2a	chr18	FALSE	FALSE
Stag1	chr9	FALSE	FALSE
Fam168b	chr1	FALSE	FALSE
Etf1	chr18	FALSE	FALSE
Ppp2r1b	chr9	FALSE	TRUE
Fabp6	chr11	FALSE	TRUE
Dnajc3	chr14	FALSE	FALSE
Thap2	chr10	FALSE	FALSE
Wbp2nl	chr15	FALSE	TRUE
Narf	chr11	FALSE	FALSE
Ikbke	chr1	FALSE	TRUE
Pitrm1	chr13	FALSE	FALSE
Pank2	chr2	FALSE	FALSE
Map3k7	chr4	FALSE	FALSE
Inpp5a	chr7	FALSE	TRUE
Dnajc18	chr18	FALSE	FALSE
Dhfr	chr13	FALSE	FALSE
Patz1	chr11	FALSE	FALSE
Kdelr3	chr15	FALSE	FALSE
Brd3	chr2	FALSE	FALSE
Neurod6	chr6	FALSE	FALSE
Wfs1	chr5	FALSE	TRUE
Usp35	chr7	FALSE	TRUE
D130043K22Rik	chr13	FALSE	TRUE
Tpp2	chr1	FALSE	FALSE
Rab25	chr3	FALSE	TRUE
Myo7a	chr7	FALSE	FALSE
Zc3h7a	chr16	FALSE	FALSE
Psma5	chr3	FALSE	FALSE
Ppp2ca	chr11	FALSE	FALSE
Dok4	chr8	FALSE	TRUE
Zup1	chr10	FALSE	FALSE
Krit1	chr5	FALSE	FALSE
Cryzl1	chr16	FALSE	FALSE
Scaf8	chr17	FALSE	FALSE
Maml1	chr11	FALSE	FALSE
Grm3	chr5	FALSE	TRUE
Supt7l	chr5	FALSE	TRUE
Hmces	chr6	FALSE	FALSE
Rnf208	chr2	FALSE	FALSE
Snx12	chrX	FALSE	FALSE
Yaf2	chr15	FALSE	FALSE
Bmp8b	chr4	FALSE	TRUE
Creb3	chr4	FALSE	FALSE
Tnpo1	chr13	FALSE	FALSE
Ptprm	chr17	FALSE	TRUE
Efna1	chr3	FALSE	TRUE
Rpusd3	chr6	FALSE	FALSE
Ktn1	chr14	FALSE	FALSE
Trmt1l	chr1	FALSE	TRUE
Hdgfl2	chr17	FALSE	FALSE
Nadk2	chr15	FALSE	FALSE
Speer4b	chr5	FALSE	TRUE
Prkci	chr3	FALSE	FALSE
Atg4d	chr9	FALSE	FALSE
Rps6kl1	chr12	FALSE	FALSE
Bach1	chr16	FALSE	FALSE
Gfod2	chr8	FALSE	FALSE
A430005L14Rik	chr4	FALSE	FALSE
Rcc1	chr4	FALSE	FALSE
Mbd3	chr10	FALSE	FALSE
B9d1	chr11	FALSE	FALSE
Fbf1	chr11	FALSE	FALSE
Ric3	chr7	FALSE	FALSE
Rbbp5	chr1	FALSE	FALSE
Mta1	chr12	FALSE	FALSE
Txndc15	chr13	FALSE	FALSE
Cep78	chr19	FALSE	FALSE
Arl6ip6	chr2	FALSE	TRUE
Tfg	chr16	FALSE	FALSE
Spef1	chr2	FALSE	FALSE
Dixdc1	chr9	FALSE	FALSE
Tpd52	chr3	FALSE	TRUE
Lta4h	chr10	FALSE	FALSE
Axin1	chr17	FALSE	FALSE
Fhit	chr14	FALSE	FALSE
Syn1	chrX	FALSE	FALSE
Aff4	chr11	FALSE	FALSE
Slain2	chr5	FALSE	FALSE
Nipal3	chr4	FALSE	TRUE
Kctd17	chr15	FALSE	FALSE
Pcdhgb6	chr18	FALSE	TRUE
Neu4	chr1	FALSE	FALSE
Mrpl17	chr7	FALSE	FALSE
Acsl5	chr19	FALSE	TRUE
Micall1	chr15	FALSE	TRUE
Rc3h1	chr1	FALSE	FALSE
Pcsk1n	chrX	FALSE	FALSE
Carf	chr1	FALSE	FALSE
Rnf128	chrX	FALSE	FALSE
Gopc	chr10	FALSE	FALSE
Rufy3	chr5	FALSE	FALSE
Gucd1	chr10	FALSE	TRUE
Prkar2a	chr9	FALSE	FALSE
Smc6	chr12	FALSE	FALSE
Bckdha	chr7	FALSE	FALSE
Hcn2	chr10	FALSE	FALSE
Dpm2	chr2	FALSE	TRUE
Copg2	chr6	FALSE	TRUE
Asb1	chr1	FALSE	FALSE
Runx2	chr17	FALSE	TRUE
Vps53	chr11	FALSE	TRUE
Prelp	chr1	FALSE	TRUE
Ctps2	chrX	FALSE	FALSE
Ift74	chr4	FALSE	FALSE
Abca4	chr3	FALSE	TRUE
Ntn5	chr7	FALSE	TRUE
Chid1	chr7	FALSE	TRUE
Klhl12	chr1	FALSE	FALSE
4930453N24Rik	chr16	FALSE	FALSE
Kif13a	chr13	FALSE	FALSE
Gabrb1	chr5	FALSE	TRUE
Rbl1	chr2	FALSE	FALSE
Ranbp3l	chr15	FALSE	FALSE
Gnb1l	chr16	FALSE	FALSE
Celf5	chr10	FALSE	TRUE
Ptpn18	chr1	FALSE	TRUE
Hsd17b4	chr18	FALSE	FALSE
Ipo7	chr7	FALSE	FALSE
Fggy	chr4	FALSE	TRUE
Ywhaq	chr12	FALSE	TRUE
Zfp932	chr5	FALSE	FALSE
Gucy2d	chr7	FALSE	FALSE
Hap1	chr11	FALSE	FALSE
Nos1ap	chr1	FALSE	TRUE
Dot1l	chr10	FALSE	FALSE
Triobp	chr15	FALSE	TRUE
Abce1	chr8	FALSE	FALSE
Tmprss5	chr9	FALSE	TRUE
Gatb	chr3	FALSE	TRUE
Zfp120	chr2	FALSE	FALSE
Mad2l1bp	chr17	FALSE	FALSE
Smad4	chr18	FALSE	FALSE
Pck2	chr14	FALSE	FALSE
Ctbp2	chr7	FALSE	TRUE
Dgcr6	chr16	FALSE	FALSE
Rgs7bp	chr13	FALSE	FALSE
Cep57	chr9	FALSE	FALSE
Slc9a1	chr4	FALSE	FALSE
Ncl	chr1	FALSE	FALSE
Cnot3	chr7	FALSE	FALSE
Mknk2	chr10	FALSE	FALSE
Doc2b	chr11	FALSE	TRUE
Rorc	chr3	FALSE	TRUE
Wdr19	chr5	FALSE	TRUE
Slc36a1	chr11	FALSE	FALSE
Bnip2	chr9	FALSE	FALSE
Spon1	chr7	FALSE	TRUE
Sh2d3c	chr2	FALSE	TRUE
Siglech	chr7	FALSE	TRUE
Aco1	chr4	FALSE	FALSE
Nfkb1	chr3	FALSE	FALSE
Ctsa	chr2	FALSE	FALSE
Letm2	chr8	FALSE	FALSE
Bscl2	chr19	FALSE	FALSE
H6pd	chr4	FALSE	FALSE
Ptpn12	chr5	FALSE	FALSE
Lysmd4	chr7	FALSE	FALSE
Mmp9	chr2	FALSE	FALSE
Zbtb25	chr12	FALSE	FALSE
Hdac6	chrX	FALSE	FALSE
Sart3	chr5	FALSE	FALSE
Vav1	chr17	FALSE	TRUE
Prkx	chrX	FALSE	FALSE
Traf4	chr11	FALSE	TRUE
Cemip2	chr19	FALSE	FALSE
Fkbp1a	chr2	FALSE	FALSE
Nceh1	chr3	FALSE	FALSE
Pcdhac2	chr18	FALSE	TRUE
Fam171a2	chr11	FALSE	TRUE
Ppp2r2d	chr7	FALSE	FALSE
Washc4	chr10	FALSE	FALSE
Dtx4	chr19	FALSE	TRUE
Kat6b	chr14	FALSE	FALSE
Xpnpep2	chrX	FALSE	TRUE
Pnpla8	chr12	FALSE	FALSE
Aimp1	chr3	FALSE	FALSE
Eed	chr7	FALSE	FALSE
Nudt4	chr10	FALSE	FALSE
Vti1b	chr12	FALSE	FALSE
Tuba1a	chr15	FALSE	FALSE
Kpna6	chr4	FALSE	FALSE
Zbtb38	chr9	FALSE	FALSE
Sumo2	chr11	FALSE	FALSE
Rnf8	chr17	FALSE	FALSE
Alg5	chr3	FALSE	FALSE
Jrk	chr15	FALSE	FALSE
Eif3e	chr15	FALSE	FALSE
Zfr	chr15	FALSE	FALSE
Carm1	chr9	FALSE	FALSE
Scml4	chr10	FALSE	TRUE
Arfgef1	chr1	FALSE	FALSE
Gmpr	chr13	FALSE	FALSE
Vamp1	chr6	FALSE	FALSE
Crygn	chr5	FALSE	FALSE
Pja2	chr17	FALSE	FALSE
Hid1	chr11	FALSE	FALSE
Cwc25	chr11	FALSE	FALSE
Hacd3	chr9	FALSE	FALSE
Cnot6	chr11	FALSE	TRUE
Cpsf7	chr19	FALSE	TRUE
Pid1	chr1	FALSE	TRUE
St13	chr15	FALSE	FALSE
Fam124a	chr14	FALSE	FALSE
Ip6k3	chr17	FALSE	FALSE
Slc7a6	chr8	FALSE	FALSE
Nectin3	chr16	FALSE	FALSE
Nt5dc3	chr10	FALSE	TRUE
Nup160	chr2	FALSE	TRUE
Grin1	chr2	FALSE	FALSE
Manf	chr9	FALSE	FALSE
Mfsd6	chr1	FALSE	FALSE
Fbxo21	chr5	FALSE	TRUE
Ttc41	chr10	FALSE	FALSE
Map4k2	chr19	FALSE	TRUE
Acvr2b	chr9	FALSE	FALSE
Serinc1	chr10	FALSE	FALSE
Acyp2	chr11	FALSE	TRUE
Bmi1	chr2	FALSE	FALSE
Thumpd3	chr6	FALSE	TRUE
Flcn	chr11	FALSE	FALSE
Socs5	chr17	FALSE	FALSE
Cenpb	chr2	FALSE	FALSE
Wdfy2	chr14	FALSE	TRUE
Snrnp40	chr4	FALSE	TRUE
Eef1d	chr15	FALSE	FALSE
Csf1	chr3	FALSE	FALSE
Rbl2	chr8	FALSE	TRUE
Txnrd2	chr16	FALSE	FALSE
Usf1	chr1	FALSE	TRUE
Tspan7	chrX	TRUE	FALSE
Inka2	chr3	FALSE	TRUE
Pfkfb3	chr2	FALSE	FALSE
Nbeal2	chr9	FALSE	TRUE
Zbtb42	chr12	FALSE	FALSE
Alad	chr4	FALSE	TRUE
Lrrc4b	chr7	FALSE	FALSE
Gabbr1	chr17	FALSE	TRUE
Pus7	chr5	FALSE	FALSE
Kcnq3	chr15	FALSE	TRUE
Fam151b	chr13	FALSE	FALSE
Diaph2	chrX	FALSE	FALSE
Nhsl2	chrX	FALSE	TRUE
Mid2	chrX	FALSE	TRUE
Zkscan17	chr11	FALSE	FALSE
Maea	chr5	FALSE	FALSE
Wdr11	chr7	FALSE	FALSE
Kcna10	chr3	FALSE	FALSE
Dzank1	chr2	FALSE	FALSE
Sv2a	chr3	FALSE	FALSE
Vrk3	chr7	FALSE	FALSE
Tnip1	chr11	FALSE	FALSE
Sbk1	chr7	FALSE	FALSE
Gp5	chr16	FALSE	TRUE
Tollip	chr7	FALSE	FALSE
Kcnh5	chr12	FALSE	TRUE
Hps3	chr3	FALSE	FALSE
Slc6a15	chr10	FALSE	FALSE
Plekhm1	chr11	FALSE	FALSE
Smarcc1	chr9	FALSE	FALSE
Has3	chr8	FALSE	TRUE
Scrn1	chr6	FALSE	FALSE
Hhatl	chr9	FALSE	TRUE
Arhgap30	chr1	FALSE	TRUE
Gm11733	chr11	FALSE	TRUE
Tspan33	chr6	FALSE	FALSE
Kcnc3	chr7	FALSE	FALSE
Lipa	chr19	FALSE	FALSE
Eif2d	chr1	FALSE	FALSE
Tmem178	chr17	FALSE	TRUE
Afap1l1	chr18	FALSE	FALSE
Zbtb18	chr1	FALSE	FALSE
Pxn	chr5	FALSE	TRUE
Plxna4	chr6	FALSE	TRUE
Ocln	chr13	FALSE	FALSE
Fstl1	chr16	FALSE	FALSE
Adgrl4	chr3	FALSE	TRUE
Vdac3	chr8	FALSE	FALSE
Imp3	chr9	FALSE	FALSE
Ccm2	chr11	FALSE	TRUE
Hs6st2	chrX	FALSE	TRUE
Clasrp	chr7	FALSE	FALSE
Agfg1	chr1	FALSE	FALSE
Esam	chr9	FALSE	TRUE
Ap2a1	chr7	FALSE	FALSE
Klc2	chr19	FALSE	FALSE
Adgrg1	chr8	FALSE	TRUE
Mllt11	chr3	FALSE	FALSE
Fabp5	chr3	FALSE	TRUE
Slf2	chr19	FALSE	TRUE
Pank4	chr4	FALSE	FALSE
Zfp771	chr7	FALSE	FALSE
Vegfc	chr8	TRUE	FALSE
Cltc	chr11	FALSE	FALSE
Cap1	chr4	FALSE	FALSE
Ppp1r16a	chr15	FALSE	FALSE
Bsdc1	chr4	FALSE	FALSE
Agk	chr6	FALSE	FALSE
Lzts3	chr2	FALSE	FALSE
Sufu	chr19	FALSE	FALSE
Tbc1d13	chr2	FALSE	FALSE
Cilk1	chr9	FALSE	FALSE
Cxcl12	chr6	FALSE	FALSE
Klhdc7a	chr4	FALSE	FALSE
Hgsnat	chr8	FALSE	FALSE
Dhcr24	chr4	FALSE	FALSE
Sec31a	chr5	FALSE	FALSE
Ndel1	chr11	FALSE	FALSE
Ndufs6	chr13	FALSE	FALSE
Zfp131	chr13	FALSE	FALSE
Ssbp4	chr8	FALSE	TRUE
Tpcn1	chr5	FALSE	FALSE
Slc26a2	chr18	FALSE	TRUE
Arg2	chr12	FALSE	TRUE
Plekhh3	chr11	FALSE	FALSE
Cd200	chr16	FALSE	TRUE
Il1rapl1	chrX	TRUE	TRUE
Hbp1	chr12	FALSE	FALSE
Rnd3	chr2	FALSE	TRUE
Larp1b	chr3	FALSE	FALSE
Afap1l2	chr19	FALSE	TRUE
Pik3c3	chr18	FALSE	TRUE
B4galt5	chr2	FALSE	FALSE
Nck2	chr1	FALSE	TRUE
Brd1	chr15	FALSE	TRUE
Dapl1	chr2	FALSE	TRUE
Nmt2	chr2	FALSE	TRUE
Zfp672	chr11	FALSE	FALSE
Blzf1	chr1	FALSE	FALSE
G3bp2	chr5	FALSE	FALSE
Dnajc28	chr16	FALSE	FALSE
Pomt1	chr2	FALSE	FALSE
Copa	chr1	FALSE	FALSE
Tgfb1i1	chr7	FALSE	TRUE
Zwint	chr10	FALSE	FALSE
Esyt1	chr10	FALSE	TRUE
Poglut1	chr16	FALSE	TRUE
Phf6	chrX	FALSE	FALSE
Cdk5r2	chr1	FALSE	FALSE
Chrnb4	chr9	FALSE	TRUE
Tmem202	chr9	FALSE	FALSE
Stmn4	chr14	FALSE	TRUE
Trim7	chr11	FALSE	FALSE
Cmklr1	chr5	FALSE	FALSE
Zfp287	chr11	FALSE	FALSE
Ercc4	chr16	FALSE	FALSE
Dhx57	chr17	FALSE	FALSE
Taf15	chr11	FALSE	FALSE
Il34	chr8	FALSE	TRUE
Glrx2	chr1	FALSE	FALSE
Cbx7	chr15	FALSE	FALSE
Fah	chr7	FALSE	FALSE
Rmdn1	chr4	FALSE	FALSE
Ice2	chr9	FALSE	FALSE
Ssbp3	chr4	FALSE	FALSE
Lrrk2	chr15	FALSE	TRUE
Fbxo31	chr8	FALSE	FALSE
Pacsin1	chr17	FALSE	FALSE
Gpr155	chr2	FALSE	FALSE
Zbtb48	chr4	FALSE	FALSE
Necap1	chr6	FALSE	FALSE
Zdhhc20	chr14	FALSE	FALSE
Commd6	chr14	FALSE	FALSE
Ropn1l	chr15	FALSE	TRUE
Dhx30	chr9	FALSE	FALSE
Epb41	chr4	FALSE	TRUE
Rasa1	chr13	FALSE	FALSE
Sh3d21	chr4	FALSE	TRUE
Ercc5	chr1	FALSE	FALSE
Defb41	chr1	FALSE	TRUE
Pi4ka	chr16	FALSE	FALSE
Itgb1	chr8	FALSE	FALSE
Bpgm	chr6	FALSE	FALSE
Rnase4	chr14	FALSE	FALSE
Bhlhe22	chr3	FALSE	FALSE
C2cd2	chr16	FALSE	FALSE
Eif3a	chr19	FALSE	TRUE
Rabl6	chr2	FALSE	FALSE
Pmp22	chr11	FALSE	FALSE
Ylpm1	chr12	FALSE	FALSE
Chrnb2	chr3	FALSE	TRUE
Usp9x	chrX	FALSE	FALSE
Dync2h1	chr9	FALSE	FALSE
Cpne1	chr2	FALSE	FALSE
Vps37b	chr5	FALSE	TRUE
Ankrd13b	chr11	FALSE	TRUE
Gnas	chr2	FALSE	FALSE
Pygm	chr19	FALSE	FALSE
B3galt2	chr1	FALSE	TRUE
Zkscan3	chr13	FALSE	TRUE
Trim44	chr2	FALSE	TRUE
Dok5	chr2	TRUE	FALSE
Shprh	chr10	FALSE	FALSE
Tmem59l	chr8	FALSE	FALSE
Ltb4r1	chr14	FALSE	FALSE
Selenof	chr3	FALSE	FALSE
Tpst2	chr5	FALSE	FALSE
Nsrp1	chr11	FALSE	FALSE
Lrrtm3	chr10	TRUE	FALSE
Pcyox1	chr6	FALSE	FALSE
Cacna1s	chr1	FALSE	TRUE
Gtpbp4	chr13	FALSE	FALSE
Mus81	chr19	FALSE	FALSE
Gripap1	chrX	FALSE	FALSE
Ankmy2	chr12	FALSE	TRUE
Lnx2	chr5	FALSE	FALSE
Aqp9	chr9	FALSE	TRUE
Ahi1	chr10	FALSE	FALSE
Kcnk1	chr8	FALSE	FALSE
Cabp2	chr19	FALSE	TRUE
Mapre2	chr18	FALSE	FALSE
Aggf1	chr13	FALSE	FALSE
Trim80	chr11	FALSE	TRUE
Rnft2	chr5	FALSE	FALSE
Mphosph9	chr5	FALSE	FALSE
Trpc1	chr9	FALSE	FALSE
Rad23a	chr8	FALSE	FALSE
Urgcp	chr11	FALSE	FALSE
Ttyh3	chr5	FALSE	TRUE
Msantd2	chr9	FALSE	FALSE
Sirt3	chr7	FALSE	FALSE
Tapbpl	chr6	FALSE	FALSE
Mogat1	chr1	FALSE	FALSE
Tbc1d23	chr16	FALSE	FALSE
Cenpv	chr11	FALSE	FALSE
Chac1	chr2	FALSE	FALSE
Naa25	chr5	FALSE	TRUE
Zbtb41	chr1	FALSE	FALSE
Xiap	chrX	FALSE	FALSE
Rnf103	chr6	FALSE	FALSE
Mtmr2	chr9	FALSE	FALSE
Sdha	chr13	FALSE	FALSE
Tab1	chr15	FALSE	TRUE
Crbn	chr6	FALSE	FALSE
Boc	chr16	TRUE	TRUE
Ggnbp2	chr11	FALSE	FALSE
Zfp282	chr6	FALSE	TRUE
Cdkl4	chr17	FALSE	TRUE
Ccdc181	chr1	FALSE	TRUE
Cspp1	chr1	FALSE	FALSE
Ecsit	chr9	FALSE	FALSE
Tnks2	chr19	FALSE	FALSE
Amotl2	chr9	FALSE	FALSE
Pex26	chr6	FALSE	FALSE
Ppox	chr1	FALSE	FALSE
Efr3a	chr15	FALSE	FALSE
Wipi1	chr11	FALSE	TRUE
Celf2	chr2	FALSE	TRUE
Tex22	chr12	FALSE	FALSE
Zfp219	chr14	FALSE	FALSE
Wbp2	chr11	FALSE	FALSE
Tusc3	chr8	FALSE	FALSE
Ccdc92b	chr11	FALSE	FALSE
Hpn	chr7	FALSE	FALSE
Irgm1	chr11	FALSE	FALSE
Ctr9	chr7	FALSE	FALSE
Por	chr5	FALSE	FALSE
Myo9b	chr8	FALSE	FALSE
Cyp4f13	chr17	FALSE	FALSE
Kat5	chr19	FALSE	FALSE
Ogfod1	chr8	FALSE	FALSE
Clcn3	chr8	FALSE	FALSE
Actr8	chr14	FALSE	FALSE
Phyh	chr2	FALSE	FALSE
Wars2	chr3	FALSE	FALSE
Rab27a	chr9	FALSE	FALSE
Rab11a	chr9	FALSE	FALSE
Zfp160	chr17	FALSE	FALSE
Nkain1	chr4	FALSE	FALSE
Slc48a1	chr15	FALSE	FALSE
Apoa1	chr9	FALSE	FALSE
Yipf4	chr17	FALSE	TRUE
Sp2	chr11	FALSE	FALSE
Septin6	chrX	FALSE	TRUE
Tceal8	chrX	FALSE	FALSE
Med10	chr13	FALSE	FALSE
Canx	chr11	FALSE	FALSE
Eapp	chr12	FALSE	FALSE
Naaa	chr5	FALSE	FALSE
Tmem192	chr8	FALSE	FALSE
Diaph1	chr18	FALSE	FALSE
Caskin1	chr17	FALSE	FALSE
Txndc5	chr13	FALSE	TRUE
Adra2c	chr5	FALSE	FALSE
Gpn3	chr5	FALSE	FALSE
Ammecr1l	chr18	FALSE	FALSE
Polr2a	chr11	FALSE	FALSE
Kri1	chr9	FALSE	FALSE
Exoc5	chr14	FALSE	FALSE
Eif4ebp2	chr10	FALSE	FALSE
Rnf32	chr5	FALSE	FALSE
Ppargc1a	chr5	FALSE	TRUE
Cct3	chr3	FALSE	FALSE
Tecpr2	chr12	FALSE	FALSE
D430019H16Rik	chr12	FALSE	FALSE
Nsun6	chr2	FALSE	FALSE
Cacna2d1	chr5	FALSE	TRUE
Pxk	chr14	FALSE	FALSE
Cd109	chr9	FALSE	TRUE
Hsd17b12	chr2	FALSE	FALSE
Slc9a6	chrX	FALSE	FALSE
Usp48	chr4	FALSE	FALSE
Gmppb	chr9	FALSE	FALSE
Poldip3	chr15	FALSE	TRUE
Cdc37l1	chr19	FALSE	FALSE
Dmd	chrX	FALSE	FALSE
D2hgdh	chr1	FALSE	FALSE
Wdr20	chr12	FALSE	FALSE
Mocs2	chr13	FALSE	FALSE
Sf1	chr19	FALSE	FALSE
Cdc25a	chr9	FALSE	FALSE
St7l	chr3	FALSE	TRUE
Mad2l1	chr6	FALSE	FALSE
Bsn	chr9	FALSE	FALSE
Dsg1c	chr18	FALSE	TRUE
St6galnac6	chr2	FALSE	FALSE
Got1	chr19	FALSE	FALSE
D3Ertd751e	chr3	FALSE	FALSE
Stmn2	chr3	FALSE	FALSE
Lmnb1	chr18	FALSE	FALSE
Sox4	chr13	TRUE	FALSE
Zfp961	chr8	FALSE	FALSE
Appl1	chr14	FALSE	FALSE
Ube2f	chr1	FALSE	FALSE
Capn12	chr7	FALSE	TRUE
Larp6	chr9	FALSE	FALSE
Ubr1	chr2	FALSE	FALSE
Usp13	chr3	FALSE	TRUE
Anp32e	chr3	FALSE	FALSE
Aff1	chr5	FALSE	TRUE
B4galt4	chr16	FALSE	TRUE
Pgk1	chrX	FALSE	FALSE
Caml	chr13	FALSE	TRUE
Pitpnb	chr5	FALSE	FALSE
Gns	chr10	FALSE	FALSE
Lamc1	chr1	FALSE	FALSE
Hnrnpm	chr17	FALSE	FALSE
Borcs5	chr6	FALSE	FALSE
Aatk	chr11	FALSE	FALSE
Oas1d	chr5	FALSE	FALSE
Twf1	chr15	FALSE	FALSE
Egln1	chr8	FALSE	TRUE
Cd5	chr19	FALSE	TRUE
Mst1r	chr9	FALSE	FALSE
Osbp	chr19	FALSE	FALSE
Creld2	chr15	FALSE	FALSE
Rmdn2	chr17	FALSE	FALSE
Fbxo40	chr16	FALSE	TRUE
Riok1	chr13	FALSE	FALSE
Dusp11	chr6	FALSE	TRUE
Eif2ak3	chr6	FALSE	FALSE
Frzb	chr2	FALSE	FALSE
Zscan26	chr13	FALSE	FALSE
Podnl1	chr8	FALSE	FALSE
Zmym3	chrX	FALSE	FALSE
Rara	chr11	FALSE	TRUE
Rab31	chr17	FALSE	FALSE
Dhrs3	chr4	FALSE	TRUE
B4galt3	chr1	FALSE	FALSE
Adam19	chr11	FALSE	TRUE
Prrg3	chrX	FALSE	TRUE
Higd1a	chr9	FALSE	FALSE
Rnps1	chr17	FALSE	FALSE
Heatr5b	chr17	FALSE	FALSE
Efcab7	chr4	FALSE	TRUE
Wasf2	chr4	FALSE	FALSE
Rsrp1	chr4	FALSE	FALSE
Zfp668	chr7	FALSE	FALSE
Sgms2	chr3	FALSE	TRUE
Dync1li1	chr9	FALSE	FALSE
Tsen34	chr7	FALSE	FALSE
Tcte1	chr17	FALSE	TRUE
Psen1	chr12	FALSE	FALSE
Npr2	chr4	FALSE	FALSE
Dgke	chr11	FALSE	FALSE
Orc2	chr1	FALSE	FALSE
Abhd18	chr3	FALSE	FALSE
Klhl7	chr5	FALSE	FALSE
Taf8	chr17	FALSE	TRUE
Kmt2a	chr9	FALSE	FALSE
2310039H08Rik	chr17	FALSE	FALSE
B3galnt2	chr13	FALSE	FALSE
Rabgef1	chr5	FALSE	FALSE
Dctn6	chr8	FALSE	FALSE
Hnrnpr	chr4	FALSE	FALSE
Mier3	chr13	FALSE	FALSE
Fam98a	chr17	FALSE	FALSE
Smap1	chr1	FALSE	FALSE
Pias3	chr3	FALSE	FALSE
Pipox	chr11	FALSE	TRUE
Snap25	chr2	FALSE	FALSE
Eif3b	chr5	FALSE	FALSE
Coasy	chr11	FALSE	FALSE
Stx1b	chr7	FALSE	FALSE
Rapgefl1	chr11	FALSE	FALSE
Ubash3b	chr9	FALSE	FALSE
Zfp719	chr7	FALSE	FALSE
Prdm6	chr18	FALSE	FALSE
Mllt10	chr2	FALSE	FALSE
Faim	chr9	FALSE	FALSE
Hs1bp3	chr12	FALSE	FALSE
Snx14	chr9	FALSE	FALSE
Ppp2r1a	chr17	FALSE	FALSE
Mbp	chr18	FALSE	FALSE
Tbc1d25	chrX	FALSE	FALSE
Rpap1	chr2	FALSE	FALSE
Clrn1	chr3	FALSE	TRUE
Prdm4	chr10	FALSE	FALSE
Ube2g1	chr11	FALSE	FALSE
Mterf2	chr10	FALSE	FALSE
Tpm3	chr3	FALSE	FALSE
Gspt2	chrX	FALSE	FALSE
Cenpc1	chr5	FALSE	FALSE
Hao1	chr2	FALSE	TRUE
Fahd2a	chr2	FALSE	FALSE
B3galt1	chr2	FALSE	FALSE
Bzw2	chr12	FALSE	TRUE
Arnt	chr3	FALSE	FALSE
Mrpl58	chr11	FALSE	FALSE
Repin1	chr6	FALSE	FALSE
Usp2	chr9	FALSE	FALSE
Mfsd14a	chr3	FALSE	FALSE
Axin2	chr11	FALSE	FALSE
Rhoq	chr17	FALSE	TRUE
Thrap3	chr4	FALSE	FALSE
Ttc33	chr15	FALSE	FALSE
Cdc42	chr4	FALSE	TRUE
Prxl2b	chr4	FALSE	TRUE
Golim4	chr3	FALSE	TRUE
Slc30a8	chr15	FALSE	TRUE
Nat8f7	chr6	FALSE	FALSE
Trmu	chr15	FALSE	FALSE
Cyld	chr8	FALSE	FALSE
Anp32a	chr9	FALSE	TRUE
Rad51c	chr11	FALSE	FALSE
Zc3hc1	chr6	FALSE	TRUE
3300002I08Rik	chr2	FALSE	FALSE
Celsr3	chr9	FALSE	FALSE
Ak3	chr19	FALSE	FALSE
Msl2	chr9	FALSE	FALSE
Srd5a1	chr13	FALSE	FALSE
Tub	chr7	FALSE	TRUE
Klrb1b	chr6	FALSE	FALSE
Cops7a	chr6	FALSE	FALSE
Acsl4	chrX	FALSE	FALSE
Them4	chr3	FALSE	TRUE
Chmp1b	chr18	FALSE	FALSE
Lyzl4	chr9	FALSE	TRUE
Zfp68	chr5	FALSE	FALSE
Thap11	chr8	FALSE	FALSE
Heatr6	chr11	FALSE	TRUE
Srprb	chr9	FALSE	FALSE
Mrpl45	chr11	FALSE	FALSE
Mmp21	chr7	FALSE	FALSE
Rtn3	chr19	FALSE	FALSE
Ywhae	chr11	FALSE	FALSE
Gm20716	chr2	FALSE	FALSE
Slc19a1	chr10	FALSE	TRUE
Crhr1	chr11	FALSE	FALSE
Ina	chr19	FALSE	TRUE
Slc33a1	chr3	FALSE	FALSE
Dcaf8	chr1	FALSE	FALSE
Hnrnpd	chr5	FALSE	FALSE
Zfp398	chr6	FALSE	TRUE
Plb1	chr5	FALSE	TRUE
Cdk5rap2	chr4	FALSE	FALSE
Pgr	chr9	FALSE	TRUE
Armc1	chr3	FALSE	FALSE
Lpcat3	chr6	FALSE	TRUE
Cenpo	chr12	FALSE	FALSE
Mcu	chr10	FALSE	TRUE
Cygb	chr11	FALSE	TRUE
Dnah10	chr5	FALSE	TRUE
Tsc1	chr2	FALSE	FALSE
Gins2	chr8	FALSE	FALSE
Lpcat4	chr2	FALSE	TRUE
Smim13	chr13	FALSE	FALSE
Pip4k2b	chr11	FALSE	FALSE
Synpo	chr18	FALSE	TRUE
Otud7b	chr3	FALSE	TRUE
Erich1	chr8	FALSE	FALSE
Usp20	chr2	FALSE	TRUE
Adpgk	chr9	FALSE	FALSE
Prkaa1	chr15	FALSE	FALSE
Rnf44	chr13	FALSE	FALSE
Gm5485	chr16	FALSE	FALSE
Nfyb	chr10	FALSE	FALSE
Fbxo9	chr9	FALSE	FALSE
Notch4	chr17	FALSE	FALSE
Mtmr6	chr14	FALSE	FALSE
Zfp592	chr7	FALSE	FALSE
Terf1	chr1	FALSE	FALSE
Guk1	chr11	FALSE	FALSE
Dzip3	chr16	FALSE	FALSE
Psma6	chr12	FALSE	FALSE
Zfp292	chr4	FALSE	FALSE
Mrpl24	chr3	FALSE	FALSE
Oga	chr19	FALSE	FALSE
Psip1	chr4	FALSE	FALSE
Hip1r	chr5	FALSE	TRUE
Htatsf1	chrX	FALSE	FALSE
Bphl	chr13	FALSE	TRUE
Gjd3	chr11	FALSE	FALSE
Mtmr1	chrX	FALSE	FALSE
Fgfr1	chr8	FALSE	TRUE
Gramd4	chr15	FALSE	TRUE
Get4	chr5	FALSE	FALSE
Rnf135	chr11	FALSE	TRUE
Hspa9	chr18	FALSE	FALSE
Ube3b	chr5	FALSE	FALSE
Rhbdd1	chr1	FALSE	FALSE
Scaf4	chr16	FALSE	FALSE
Cyp4f14	chr17	FALSE	TRUE
Lss	chr10	FALSE	FALSE
Gnb1	chr4	FALSE	FALSE
Ip6k1	chr9	FALSE	FALSE
Npc1	chr18	FALSE	FALSE
Mpp2	chr11	FALSE	FALSE
Syp	chrX	FALSE	FALSE
Gatad1	chr5	FALSE	FALSE
Vps45	chr3	FALSE	TRUE
Cln5	chr14	FALSE	FALSE
Cdc27	chr11	FALSE	FALSE
Smarce1	chr11	FALSE	FALSE
Usp10	chr8	FALSE	FALSE
Galk1	chr11	FALSE	FALSE
Lman1	chr18	FALSE	FALSE
Dock6	chr9	FALSE	FALSE
Luc7l	chr17	FALSE	FALSE
Cfap97	chr8	FALSE	FALSE
Cln8	chr8	FALSE	FALSE
Tomt	chr7	FALSE	FALSE
Gm28042	chr2	FALSE	FALSE
Csnk2b	chr17	FALSE	FALSE
Pola2	chr19	FALSE	TRUE
Gm960	chr19	FALSE	TRUE
Def8	chr8	FALSE	FALSE
Rgs8	chr1	FALSE	FALSE
Ccdc43	chr11	FALSE	FALSE
Pin1	chr9	FALSE	FALSE
Tpra1	chr6	FALSE	FALSE
Wdr18	chr10	FALSE	TRUE
Klc4	chr17	FALSE	TRUE
Smim11	chr16	FALSE	FALSE
Atp1b1	chr1	FALSE	FALSE
Kif1a	chr1	FALSE	FALSE
Bbox1	chr2	FALSE	TRUE
Ago3	chr4	FALSE	FALSE
Wdr82	chr9	FALSE	FALSE
Prag1	chr8	FALSE	FALSE
Srebf2	chr15	FALSE	TRUE
Gpr146	chr5	FALSE	FALSE
Rcn2	chr9	FALSE	FALSE
Asb13	chr13	FALSE	FALSE
Ckmt1	chr2	FALSE	FALSE
2510009E07Rik	chr16	FALSE	FALSE
Mrpl46	chr7	FALSE	FALSE
H2az2	chr11	FALSE	FALSE
Abhd17b	chr19	FALSE	FALSE
Fam98b	chr2	FALSE	FALSE
Tex29	chr8	FALSE	TRUE
Eef1akmt2	chr7	FALSE	FALSE
Zcchc9	chr13	FALSE	TRUE
Cnep1r1	chr8	FALSE	FALSE
Gucy1b1	chr3	FALSE	FALSE
Podxl2	chr6	FALSE	TRUE
Gpr89	chr3	FALSE	FALSE
Chkb	chr15	FALSE	FALSE
Nmnat1	chr4	FALSE	FALSE
Camsap1	chr2	FALSE	FALSE
Malt1	chr18	FALSE	FALSE
Gatd1	chr7	FALSE	TRUE
Trim26	chr17	FALSE	FALSE
Tm9sf4	chr2	FALSE	TRUE
Fdxacb1	chr9	FALSE	FALSE
Tmed4	chr11	FALSE	FALSE
Khdrbs3	chr15	FALSE	TRUE
Rab8a	chr8	FALSE	FALSE
Casc3	chr11	FALSE	FALSE
Gpr108	chr17	FALSE	FALSE
E2f3	chr13	FALSE	TRUE
Sppl2b	chr10	FALSE	FALSE
Spin4	chrX	FALSE	FALSE
Hmgb4	chr4	FALSE	FALSE
Nipa1	chr7	FALSE	FALSE
Hspa4	chr11	FALSE	FALSE
Chchd2	chr5	FALSE	FALSE
Acp6	chr3	FALSE	FALSE
Rtel1	chr2	FALSE	TRUE
Gramd1b	chr9	FALSE	TRUE
Sema3b	chr9	FALSE	FALSE
Dhrs7b	chr11	FALSE	FALSE
Atp6v1e1	chr6	FALSE	FALSE
Cwc22	chr2	FALSE	FALSE
Chd8	chr14	FALSE	FALSE
Chmp2b	chr16	FALSE	FALSE
Tapbp	chr17	FALSE	TRUE
Lrrc56	chr7	FALSE	FALSE
Wasf1	chr10	FALSE	FALSE
Sec24a	chr11	FALSE	FALSE
Slitrk5	chr14	FALSE	TRUE
Esco1	chr18	FALSE	FALSE
Zfp947	chr17	FALSE	FALSE
Rftn1	chr17	FALSE	FALSE
Sgca	chr11	FALSE	TRUE
2010315B03Rik	chr9	FALSE	FALSE
Kdsr	chr1	FALSE	FALSE
Bms1	chr6	FALSE	FALSE
Spred1	chr2	FALSE	FALSE
Dpy30	chr17	FALSE	FALSE
Psma1	chr7	FALSE	FALSE
Glrx5	chr12	FALSE	FALSE
Acsl1	chr8	FALSE	FALSE
Dcun1d4	chr5	FALSE	FALSE
Fam178b	chr1	FALSE	TRUE
Cyp20a1	chr1	FALSE	FALSE
Sall2	chr14	FALSE	FALSE
Eps15	chr4	FALSE	FALSE
Gpr19	chr6	FALSE	FALSE
Pcyt1a	chr16	FALSE	FALSE
Leng9	chr7	FALSE	FALSE
Tstd3	chr4	FALSE	FALSE
Klhdc2	chr12	FALSE	FALSE
Nefl	chr14	FALSE	TRUE
Smc3	chr19	FALSE	FALSE
Slc25a33	chr4	FALSE	FALSE
Prr14	chr7	FALSE	TRUE
Fam171b	chr2	FALSE	FALSE
Dph6	chr2	FALSE	FALSE
Atad2	chr15	FALSE	FALSE
Inpp4a	chr1	FALSE	FALSE
Rnf41	chr10	FALSE	FALSE
Coq6	chr12	FALSE	FALSE
Peli3	chr19	FALSE	FALSE
Top3a	chr11	FALSE	FALSE
Crybb1	chr5	FALSE	TRUE
Fuom	chr7	FALSE	TRUE
Sned1	chr1	FALSE	FALSE
Strada	chr11	FALSE	FALSE
Arhgef9	chrX	FALSE	FALSE
P4htm	chr9	FALSE	FALSE
Cdk16	chrX	FALSE	FALSE
Mid1ip1	chrX	FALSE	FALSE
Ccdc9b	chr2	FALSE	TRUE
Atp6v1g2	chr17	FALSE	FALSE
Nat3	chr8	FALSE	TRUE
Zfp13	chr17	FALSE	FALSE
Plcd3	chr11	FALSE	FALSE
Trnp1	chr4	FALSE	FALSE
Stambpl1	chr19	FALSE	FALSE
Nek4	chr14	FALSE	FALSE
Ccp110	chr7	FALSE	FALSE
Cad	chr5	FALSE	FALSE
Casd1	chr6	FALSE	FALSE
Lmnb2	chr10	FALSE	FALSE
Zbtb24	chr10	FALSE	FALSE
Pmm1	chr15	FALSE	FALSE
Ralb	chr1	FALSE	FALSE
Neurl3	chr1	FALSE	TRUE
Slc2a3	chr6	FALSE	FALSE
Eci2	chr13	FALSE	TRUE
Psma3	chr12	FALSE	FALSE
Azin1	chr15	FALSE	FALSE
Mast1	chr8	FALSE	FALSE
Cdc7	chr5	FALSE	FALSE
Ireb2	chr9	FALSE	FALSE
Vps26b	chr9	FALSE	FALSE
Sftpc	chr14	FALSE	TRUE
Slc35b1	chr11	FALSE	FALSE
Akt1	chr12	FALSE	FALSE
Nudcd3	chr11	FALSE	FALSE
Rnf185	chr11	FALSE	FALSE
Tbc1d24	chr17	FALSE	TRUE
Cep131	chr11	FALSE	FALSE
Trpm7	chr2	FALSE	FALSE
R3hcc1	chr14	FALSE	FALSE
Thumpd2	chr17	FALSE	TRUE
Tia1	chr6	FALSE	FALSE
Mras	chr9	FALSE	TRUE
Bcl7a	chr5	FALSE	TRUE
Ttc28	chr5	FALSE	TRUE
Tdg	chr10	FALSE	FALSE
Ap4s1	chr12	FALSE	FALSE
Mrm1	chr11	FALSE	FALSE
Nptxr	chr15	FALSE	FALSE
Rnf123	chr9	FALSE	FALSE
Atg9a	chr1	FALSE	FALSE
Grik4	chr9	FALSE	TRUE
Acadvl	chr11	FALSE	FALSE
Ccdc59	chr10	FALSE	FALSE
Myl3	chr9	FALSE	TRUE
Mageh1	chrX	FALSE	FALSE
Aplf	chr6	FALSE	FALSE
Vps33b	chr7	FALSE	FALSE
Cpeb2	chr5	FALSE	FALSE
Hrh4	chr18	FALSE	TRUE
Rprd1b	chr2	FALSE	FALSE
Usp12	chr5	FALSE	TRUE
Rhog	chr7	FALSE	TRUE
Fan1	chr7	FALSE	FALSE
Rab40c	chr17	FALSE	FALSE
Mzt2	chr16	FALSE	FALSE
Cmtm3	chr8	FALSE	FALSE
Otud4	chr8	FALSE	FALSE
Naa11	chr5	FALSE	TRUE
Lmtk3	chr7	FALSE	FALSE
Ints8	chr4	FALSE	TRUE
Prkd2	chr7	FALSE	TRUE
Gfod1	chr13	FALSE	FALSE
9230112D13Rik	chr14	FALSE	FALSE
Ipmk	chr10	FALSE	FALSE
Slc30a1	chr1	FALSE	FALSE
Thnsl1	chr2	FALSE	TRUE
Klhl25	chr7	FALSE	FALSE
Ofd1	chrX	FALSE	FALSE
Zdhhc25	chr15	FALSE	TRUE
Tcof1	chr18	FALSE	FALSE
Tamm41	chr6	FALSE	FALSE
Atp23	chr10	FALSE	TRUE
Rilp	chr11	FALSE	FALSE
Plpp5	chr8	FALSE	TRUE
Ahctf1	chr1	FALSE	FALSE
Necap2	chr4	FALSE	FALSE
Panx2	chr15	FALSE	FALSE
Safb2	chr17	FALSE	FALSE
3110040N11Rik	chr7	FALSE	FALSE
Ighmbp2	chr19	FALSE	TRUE
Pigv	chr4	FALSE	FALSE
Wdfy1	chr1	FALSE	FALSE
Sltm	chr9	FALSE	TRUE
Ubb	chr11	FALSE	FALSE
Dusp7	chr9	FALSE	FALSE
Ccni	chr5	FALSE	TRUE
Mindy2	chr9	FALSE	FALSE
Ttc21b	chr2	FALSE	FALSE
Fam118a	chr15	FALSE	FALSE
Zfp266	chr9	FALSE	FALSE
Gpr162	chr6	FALSE	FALSE
Apc2	chr10	FALSE	FALSE
Usp49	chr17	FALSE	FALSE
Ccdc3	chr2	FALSE	TRUE
Strap	chr6	TRUE	FALSE
Zcchc14	chr8	FALSE	FALSE
Katnal1	chr5	FALSE	TRUE
Mansc1	chr6	FALSE	TRUE
Mpc1	chr17	FALSE	FALSE
Thy1	chr9	FALSE	TRUE
2810021J22Rik	chr11	FALSE	FALSE
Zfp740	chr15	FALSE	FALSE
Cbln1	chr8	FALSE	FALSE
Gtpbp3	chr8	FALSE	FALSE
Smim23	chr11	FALSE	TRUE
Shisa9	chr16	FALSE	FALSE
Borcs8	chr8	FALSE	FALSE
Ist1	chr8	FALSE	FALSE
Cse1l	chr2	FALSE	FALSE
Kat6a	chr8	FALSE	FALSE
Ywhag	chr5	FALSE	FALSE
Klhl36	chr8	FALSE	FALSE
Gdap1l1	chr2	FALSE	FALSE
Pcdhgc5	chr18	FALSE	TRUE
Gphb5	chr12	FALSE	FALSE
Vamp2	chr11	FALSE	FALSE
Mrps35	chr6	FALSE	FALSE
Malsu1	chr6	FALSE	FALSE
Kpna2	chr11	FALSE	FALSE
Nfkbid	chr7	FALSE	FALSE
Peli2	chr14	FALSE	FALSE
Zfp866	chr8	FALSE	FALSE
Vmac	chr17	FALSE	TRUE
Myl6	chr10	FALSE	FALSE
Zfp422	chr6	FALSE	FALSE
Gm8439	chr4	FALSE	FALSE
Klf9	chr19	FALSE	FALSE
Cdo1	chr18	FALSE	FALSE
Tbk1	chr10	FALSE	FALSE
Chpt1	chr10	FALSE	FALSE
Morf4l1	chr9	FALSE	FALSE
Sgf29	chr7	FALSE	FALSE
Cat	chr2	FALSE	FALSE
L1td1	chr4	FALSE	TRUE
Slc37a1	chr17	FALSE	TRUE
Strip2	chr6	FALSE	FALSE
Fam53a	chr5	FALSE	FALSE
Chfr	chr5	FALSE	FALSE
Tmem11	chr11	FALSE	FALSE
Dph7	chr2	FALSE	FALSE
Pms2	chr5	FALSE	FALSE
Timeless	chr10	FALSE	FALSE
Unc45a	chr7	FALSE	FALSE
Palm	chr10	FALSE	FALSE
Actl6a	chr3	FALSE	FALSE
Gprin1	chr13	FALSE	FALSE
Rab37	chr11	FALSE	TRUE
Dip2a	chr10	FALSE	FALSE
Tnpo2	chr8	FALSE	FALSE
Tbata	chr10	FALSE	FALSE
Eno2	chr6	FALSE	FALSE
Thoc7	chr14	FALSE	FALSE
Tcp11	chr17	FALSE	FALSE
Csmd3	chr15	FALSE	TRUE
Nt5dc2	chr14	FALSE	TRUE
Ece2	chr16	FALSE	FALSE
Fnip1	chr11	FALSE	FALSE
Zfp87	chr13	FALSE	FALSE
Atp5pb	chr3	FALSE	FALSE
Napb	chr2	FALSE	TRUE
Ei24	chr9	FALSE	FALSE
Zfp956	chr6	FALSE	FALSE
Shf	chr2	FALSE	FALSE
Esrra	chr19	FALSE	FALSE
Tnpo3	chr6	FALSE	TRUE
Hnrnph1	chr11	FALSE	FALSE
Nlrc3	chr16	FALSE	TRUE
Tgm5	chr2	FALSE	TRUE
Galm	chr17	FALSE	TRUE
Plk5	chr10	FALSE	FALSE
Klhdc4	chr8	FALSE	FALSE
Chd5	chr4	FALSE	TRUE
Vopp1	chr6	FALSE	TRUE
Snn	chr16	FALSE	FALSE
Mmaa	chr8	FALSE	FALSE
Foxk2	chr11	FALSE	FALSE
Plcb1	chr2	FALSE	TRUE
Tial1	chr7	FALSE	TRUE
Mtm1	chrX	FALSE	FALSE
Ssh3	chr19	FALSE	TRUE
Hspb1	chr5	FALSE	FALSE
Paip1	chr13	FALSE	FALSE
Nol4l	chr2	FALSE	FALSE
Tceal9	chrX	FALSE	FALSE
Ptbp2	chr3	FALSE	FALSE
Tbc1d16	chr11	FALSE	FALSE
R3hdm4	chr10	FALSE	TRUE
Rtraf	chr14	FALSE	FALSE
Rab5b	chr10	FALSE	TRUE
Znhit2	chr19	FALSE	FALSE
Tbc1d20	chr2	FALSE	FALSE
Bub3	chr7	FALSE	TRUE
Eif2s3x	chrX	FALSE	FALSE
Sting1	chr18	FALSE	TRUE
Mlst8	chr17	FALSE	FALSE
Polr1a	chr6	FALSE	FALSE
Dusp15	chr2	FALSE	FALSE
Ptpn22	chr3	FALSE	TRUE
Washc1	chr17	FALSE	FALSE
Dhx29	chr13	FALSE	FALSE
Ssr3	chr3	FALSE	FALSE
Timm21	chr18	FALSE	FALSE
L2hgdh	chr12	FALSE	FALSE
Stat1	chr1	FALSE	TRUE
Rnf168	chr16	FALSE	FALSE
Map3k12	chr15	FALSE	FALSE
Slc35d1	chr4	FALSE	FALSE
Arhgef1	chr7	FALSE	FALSE
Dffb	chr4	FALSE	FALSE
Elmod1	chr9	FALSE	FALSE
Nmd3	chr3	FALSE	FALSE
Adar	chr3	FALSE	FALSE
Slc25a51	chr4	FALSE	FALSE
Kcnj11	chr7	FALSE	FALSE
Peli1	chr11	FALSE	FALSE
Mrps25	chr6	FALSE	FALSE
Mpdu1	chr11	FALSE	FALSE
Entpd5	chr12	FALSE	FALSE
Sec62	chr3	FALSE	FALSE
Msi1	chr5	FALSE	FALSE
Zfp446	chr7	FALSE	FALSE
Mmp17	chr5	FALSE	TRUE
Msra	chr14	FALSE	FALSE
A930033H14Rik	chr10	FALSE	TRUE
Ppp1r13l	chr7	FALSE	FALSE
Mrpl15	chr1	FALSE	FALSE
Eif4g1	chr16	FALSE	FALSE
Ccdc201	chr11	FALSE	TRUE
Chm	chrX	FALSE	FALSE
Fstl5	chr3	FALSE	TRUE
Prpf39	chr12	FALSE	FALSE
Mcm7	chr5	FALSE	FALSE
Smpx	chrX	FALSE	TRUE
Bcl10	chr3	FALSE	FALSE
Nr2f1	chr13	FALSE	FALSE
Rbm25	chr12	FALSE	FALSE
Snta1	chr2	FALSE	TRUE
Tm2d3	chr7	FALSE	FALSE
Slc44a2	chr9	FALSE	FALSE
Adamts7	chr9	FALSE	FALSE
Prxl2a	chr14	FALSE	FALSE
Kcnc4	chr3	FALSE	TRUE
Wnt11	chr7	FALSE	TRUE
Lca5	chr9	FALSE	TRUE
Mapk7	chr11	FALSE	FALSE
Lrp11	chr10	FALSE	FALSE
Ap1m1	chr8	FALSE	FALSE
Maco1	chr4	FALSE	FALSE
Dram2	chr3	FALSE	FALSE
Rap2c	chrX	FALSE	FALSE
Hnrnpu	chr1	FALSE	FALSE
Npepl1	chr2	FALSE	FALSE
Sdf4	chr4	FALSE	FALSE
Rbm11	chr16	FALSE	FALSE
Slc12a9	chr5	FALSE	FALSE
Ncs1	chr2	FALSE	TRUE
N6amt1	chr16	FALSE	FALSE
Dhx37	chr5	FALSE	TRUE
Smyd3	chr1	FALSE	TRUE
4930583I09Rik	chr17	FALSE	TRUE
Fbxo4	chr15	FALSE	FALSE
Usp40	chr1	FALSE	FALSE
Rpl13	chr8	FALSE	FALSE
Cdc42ep3	chr17	FALSE	FALSE
Dhrs2	chr14	FALSE	TRUE
Slc26a6	chr9	FALSE	FALSE
Faim2	chr15	FALSE	FALSE
Map7d1	chr4	FALSE	TRUE
Ccdc82	chr9	FALSE	FALSE
Coro6	chr11	FALSE	FALSE
Snrk	chr9	FALSE	FALSE
Fkrp	chr7	FALSE	TRUE
Exosc1	chr19	FALSE	FALSE
Stmn3	chr2	FALSE	FALSE
Selenos	chr7	FALSE	FALSE
Ncan	chr8	FALSE	FALSE
Tmem60	chr5	FALSE	FALSE
Arf3	chr15	FALSE	FALSE
Gnl3l	chrX	FALSE	FALSE
Arap3	chr18	FALSE	TRUE
Prok2	chr6	FALSE	FALSE
Bloc1s1	chr10	FALSE	FALSE
Slc11a1	chr1	FALSE	FALSE
Tgfa	chr6	FALSE	TRUE
Dsg2	chr18	FALSE	TRUE
Cep95	chr11	FALSE	FALSE
Elp1	chr4	FALSE	FALSE
Amdhd2	chr17	FALSE	FALSE
Arl2	chr19	FALSE	FALSE
Uckl1	chr2	FALSE	TRUE
Pgs1	chr11	FALSE	FALSE
Fmo9	chr1	FALSE	TRUE
Tiprl	chr1	FALSE	FALSE
Lasp1	chr11	FALSE	FALSE
Gpr151	chr18	FALSE	FALSE
Mon1a	chr9	FALSE	FALSE
Yeats4	chr10	FALSE	FALSE
Prmt5	chr14	FALSE	FALSE
Pdhx	chr2	FALSE	FALSE
Washc2	chr6	FALSE	FALSE
Ccdc174	chr6	FALSE	FALSE
Bcl7c	chr7	FALSE	TRUE
Trpc7	chr13	FALSE	TRUE
Prpf40b	chr15	FALSE	TRUE
Rxylt1	chr10	FALSE	FALSE
Ilkap	chr1	FALSE	FALSE
Ift88	chr14	FALSE	FALSE
Zfp248	chr6	FALSE	FALSE
Rab3gap1	chr1	FALSE	FALSE
Ripply2	chr9	FALSE	TRUE
Ykt6	chr11	FALSE	FALSE
Pex2	chr3	FALSE	FALSE
Rdh10	chr1	FALSE	TRUE
Kcnj1	chr9	FALSE	TRUE
Hps4	chr5	FALSE	TRUE
Ndufb2	chr6	FALSE	FALSE
Usp36	chr11	FALSE	FALSE
Gnptg	chr17	FALSE	FALSE
Mpc2	chr1	FALSE	FALSE
Yipf5	chr18	FALSE	FALSE
Pla2g6	chr15	FALSE	FALSE
Appbp2	chr11	FALSE	FALSE
Cadm4	chr7	FALSE	FALSE
Nat8f3	chr6	FALSE	FALSE
Pcf11	chr7	FALSE	FALSE
Cdk18	chr1	FALSE	TRUE
Tmem145	chr7	FALSE	FALSE
Arhgap4	chrX	FALSE	FALSE
Gsdmd	chr15	FALSE	FALSE
Nfat5	chr8	FALSE	FALSE
Mtmr11	chr3	FALSE	FALSE
Polg	chr7	FALSE	FALSE
Mrpl1	chr5	FALSE	FALSE
Gstcd	chr3	FALSE	FALSE
Mbip	chr12	FALSE	FALSE
Virma	chr4	FALSE	FALSE
Mapkapk3	chr9	FALSE	TRUE
Cyb5a	chr18	FALSE	FALSE
Zdhhc5	chr2	FALSE	FALSE
Lrg1	chr17	FALSE	TRUE
Sat1	chrX	FALSE	FALSE
Thoc1	chr18	FALSE	FALSE
Osbpl11	chr16	FALSE	FALSE
Ap1g2	chr14	FALSE	FALSE
Abi2	chr1	FALSE	TRUE
Nup153	chr13	FALSE	FALSE
H3f3b	chr11	FALSE	FALSE
Plaa	chr4	FALSE	FALSE
Irs2	chr8	FALSE	FALSE
Mtf2	chr5	FALSE	FALSE
Fpr2	chr17	FALSE	FALSE
Zc3h12b	chrX	FALSE	FALSE
Thap7	chr16	FALSE	FALSE
Slco3a1	chr7	FALSE	FALSE
Calm3	chr7	FALSE	TRUE
Arhgap15	chr2	FALSE	FALSE
Chst5	chr8	FALSE	TRUE
Tsen2	chr6	FALSE	FALSE
Lgalsl	chr11	FALSE	FALSE
Brd3os	chr2	FALSE	FALSE
Pigb	chr9	FALSE	TRUE
Zfp706	chr15	FALSE	FALSE
Megf8	chr7	FALSE	FALSE
Ndst2	chr14	FALSE	FALSE
Nprl3	chr11	FALSE	FALSE
Ampd3	chr7	FALSE	FALSE
Entpd7	chr19	FALSE	FALSE
Prcp	chr7	FALSE	FALSE
Mettl15	chr2	FALSE	TRUE
Capn2	chr1	FALSE	FALSE
Map1s	chr8	FALSE	FALSE
Epha6	chr16	FALSE	TRUE
Mpg	chr11	FALSE	TRUE
Mapk4	chr18	FALSE	TRUE
Scaf11	chr15	FALSE	FALSE
Zfp113	chr5	FALSE	FALSE
Rnf39	chr17	FALSE	TRUE
Ptbp1	chr10	FALSE	TRUE
Actr3	chr1	FALSE	FALSE
Mfhas1	chr8	FALSE	FALSE
Tmem167b	chr3	FALSE	FALSE
Xirp1	chr9	FALSE	TRUE
Syt3	chr7	FALSE	FALSE
Dus2	chr8	FALSE	FALSE
Cplx3	chr9	FALSE	TRUE
Mfn2	chr4	FALSE	FALSE
Phrf1	chr7	FALSE	FALSE
Grina	chr15	FALSE	FALSE
Cndp2	chr18	FALSE	FALSE
1700123O20Rik	chr14	FALSE	FALSE
Tarbp2	chr15	FALSE	FALSE
Cmpk1	chr4	FALSE	FALSE
Fut9	chr4	TRUE	FALSE
Pgd	chr4	FALSE	FALSE
Oaz2	chr9	FALSE	FALSE
Lypla1	chr1	FALSE	FALSE
Fbxl3	chr14	FALSE	FALSE
Psd2	chr18	FALSE	FALSE
9330159F19Rik	chr10	FALSE	TRUE
Rp2	chrX	FALSE	FALSE
Camk2n2	chr16	FALSE	TRUE
Sp3	chr2	FALSE	FALSE
Tceal1	chrX	FALSE	FALSE
Fbxo27	chr7	FALSE	FALSE
Hdac7	chr15	FALSE	FALSE
Kcnk12	chr17	FALSE	FALSE
Alg2	chr4	FALSE	FALSE
Fam220a	chr5	FALSE	FALSE
Rasa2	chr9	FALSE	FALSE
Ppig	chr2	FALSE	FALSE
Tas1r2	chr4	FALSE	TRUE
Myom1	chr17	FALSE	FALSE
Klrb1	chr6	FALSE	FALSE
Hectd3	chr4	FALSE	FALSE
Septin8	chr11	FALSE	FALSE
St6galnac3	chr3	FALSE	FALSE
Pecam1	chr11	FALSE	TRUE
Nfyc	chr4	FALSE	FALSE
Scrt2	chr2	FALSE	TRUE
Csnk1d	chr11	FALSE	FALSE
Stx16	chr2	FALSE	FALSE
Tas2r119	chr15	FALSE	TRUE
Fmr1	chrX	FALSE	FALSE
Hmox2	chr16	FALSE	FALSE
Chpf2	chr5	FALSE	TRUE
Stip1	chr19	FALSE	FALSE
Xirp2	chr2	FALSE	TRUE
Naa16	chr14	FALSE	FALSE
Cox5b	chr1	FALSE	FALSE
Ehd3	chr17	FALSE	FALSE
Pold1	chr7	FALSE	TRUE
Smndc1	chr19	FALSE	FALSE
Lgi1	chr19	TRUE	TRUE
Cnnm1	chr19	FALSE	FALSE
Usf3	chr16	FALSE	FALSE
Zbtb17	chr4	FALSE	TRUE
Slx4	chr16	FALSE	TRUE
Fkbp4	chr6	FALSE	FALSE
Marveld2	chr13	FALSE	TRUE
Slc16a11	chr11	FALSE	FALSE
Atp13a2	chr4	FALSE	FALSE
Sem1	chr6	FALSE	FALSE
Myadm	chr7	FALSE	FALSE
Nipsnap3b	chr4	FALSE	FALSE
Ints14	chr9	FALSE	FALSE
Alkbh3	chr2	FALSE	FALSE
Pcdh12	chr18	FALSE	TRUE
Arpin	chr7	FALSE	FALSE
Fkbp3	chr12	FALSE	FALSE
Lsm14a	chr7	FALSE	FALSE
Cfap97d1	chr11	FALSE	FALSE
Usp37	chr1	FALSE	FALSE
Plcd4	chr1	FALSE	TRUE
Tmem170b	chr13	FALSE	FALSE
Tmcc2	chr1	FALSE	FALSE
Eif2a	chr3	FALSE	FALSE
Dimt1	chr13	FALSE	FALSE
Mpdz	chr4	FALSE	TRUE
Slc22a17	chr14	FALSE	FALSE
Rrbp1	chr2	FALSE	FALSE
Pym1	chr10	FALSE	FALSE
Fam131a	chr16	FALSE	FALSE
Ipo13	chr4	FALSE	FALSE
C330018D20Rik	chr18	FALSE	TRUE
Stk11	chr10	FALSE	FALSE
Glmn	chr5	FALSE	FALSE
Zfp689	chr7	FALSE	FALSE
Ubxn2a	chr12	FALSE	FALSE
Cactin	chr10	FALSE	FALSE
Kcnd3	chr3	FALSE	FALSE
Tmem150a	chr6	FALSE	FALSE
Pkib	chr10	FALSE	FALSE
Ddx23	chr15	FALSE	TRUE
Prrt3	chr6	FALSE	FALSE
Dnajc10	chr2	FALSE	FALSE
Mrpl42	chr10	FALSE	FALSE
Fgf2	chr3	FALSE	FALSE
Utp14a	chrX	FALSE	TRUE
Gab1	chr8	FALSE	FALSE
Mrpl35	chr6	FALSE	FALSE
Armc5	chr7	FALSE	FALSE
Ndrg2	chr14	FALSE	TRUE
Flna	chrX	FALSE	TRUE
Tmem63b	chr17	FALSE	FALSE
Ppp3r1	chr11	FALSE	FALSE
Zfp738	chr13	FALSE	FALSE
Zfp637	chr6	FALSE	FALSE
Appl2	chr10	FALSE	TRUE
Ebpl	chr14	FALSE	FALSE
Stau1	chr2	FALSE	FALSE
H4c4	chr13	FALSE	FALSE
Kcnn2	chr18	FALSE	TRUE
Gpr34	chrX	FALSE	TRUE
Plcl2	chr17	FALSE	FALSE
C8b	chr4	FALSE	FALSE
Meox1	chr11	FALSE	TRUE
Orc3	chr4	FALSE	FALSE
Prmt6	chr3	FALSE	FALSE
Smim20	chr5	FALSE	TRUE
Sugt1	chr14	FALSE	FALSE
Mycn	chr12	FALSE	TRUE
Rab11fip2	chr19	FALSE	FALSE
Tom1	chr8	FALSE	FALSE
Pcmtd2	chr2	FALSE	FALSE
Hpdl	chr4	FALSE	FALSE
Kdm1b	chr13	FALSE	FALSE
Map3k11	chr19	FALSE	FALSE
Ppt2	chr17	FALSE	FALSE
Pkd1	chr17	FALSE	FALSE
Nxn	chr11	FALSE	TRUE
Dlg1	chr16	FALSE	TRUE
Uhrf2	chr19	FALSE	FALSE
Jade1	chr3	FALSE	FALSE
Nfs1	chr2	FALSE	FALSE
Ap1ar	chr3	FALSE	FALSE
Timm10b	chr7	FALSE	FALSE
Adam15	chr3	FALSE	FALSE
Lysmd2	chr9	FALSE	FALSE
Cnfn	chr7	FALSE	FALSE
Kif5b	chr18	FALSE	FALSE
Polr3h	chr15	FALSE	TRUE
Mettl25	chr10	FALSE	FALSE
Ptpn21	chr12	FALSE	TRUE
Zc3h7b	chr15	FALSE	FALSE
Glrx	chr13	FALSE	FALSE
Tmem151b	chr17	FALSE	FALSE
Dcakd	chr11	FALSE	TRUE
Gm9507	chr10	FALSE	TRUE
Ldb1	chr19	FALSE	TRUE
Id2	chr12	FALSE	TRUE
Mcmbp	chr7	FALSE	FALSE
Scrib	chr15	FALSE	FALSE
Pfdn4	chr2	FALSE	FALSE
Kansl2	chr15	FALSE	FALSE
Slc31a2	chr4	FALSE	FALSE
Jup	chr11	FALSE	FALSE
Mapk9	chr11	FALSE	FALSE
Cerk	chr15	FALSE	FALSE
Traf3	chr12	FALSE	TRUE
Pttg1ip	chr10	FALSE	FALSE
Adgrl1	chr8	FALSE	FALSE
Sos1	chr17	FALSE	FALSE
Ube2d3	chr3	FALSE	FALSE
Ankdd1a	chr9	FALSE	TRUE
Rbbp4	chr4	FALSE	FALSE
Anks3	chr16	FALSE	TRUE
Cxxc1	chr18	FALSE	FALSE
Git1	chr11	FALSE	FALSE
Fktn	chr4	FALSE	FALSE
Eif3j1	chr2	FALSE	FALSE
Mrnip	chr11	FALSE	FALSE
Prkd1	chr12	TRUE	TRUE
Stx12	chr4	FALSE	FALSE
Utp3	chr5	FALSE	FALSE
Soga3	chr10	FALSE	FALSE
Plch2	chr4	FALSE	TRUE
Slc8a2	chr7	FALSE	FALSE
Slc23a4	chr6	FALSE	FALSE
Luzp2	chr7	FALSE	FALSE
Slc15a4	chr5	FALSE	FALSE
Bmt2	chr6	FALSE	FALSE
Vdac1	chr11	FALSE	FALSE
Lpcat1	chr13	FALSE	FALSE
Sema4g	chr19	FALSE	FALSE
Primpol	chr8	FALSE	TRUE
Mettl21a	chr1	FALSE	FALSE
Nsg2	chr11	FALSE	TRUE
Nfu1	chr6	FALSE	TRUE
Mapk11	chr15	FALSE	FALSE
Zfp524	chr7	FALSE	FALSE
Slc4a3	chr1	FALSE	FALSE
Myh14	chr7	FALSE	TRUE
Ptrh2	chr11	FALSE	FALSE
Tmem218	chr9	FALSE	FALSE
Gak	chr5	FALSE	FALSE
Mfn1	chr3	FALSE	FALSE
Myl6b	chr10	FALSE	FALSE
Fgf13	chrX	FALSE	TRUE
Fam118b	chr9	FALSE	FALSE
Steap2	chr5	FALSE	FALSE
Praf2	chrX	FALSE	FALSE
Hk1	chr10	FALSE	TRUE
Ptchd1	chrX	TRUE	FALSE
Ryr3	chr2	FALSE	TRUE
Cr1l	chr1	FALSE	FALSE
Pygb	chr2	FALSE	FALSE
Tada3	chr6	FALSE	FALSE
Alg10b	chr15	FALSE	FALSE
Cadm3	chr1	FALSE	FALSE
Gnpnat1	chr14	FALSE	FALSE
Ndufa10	chr1	FALSE	FALSE
Vars2	chr17	FALSE	FALSE
Fosb	chr7	FALSE	FALSE
Rbm4b	chr19	FALSE	FALSE
Ak4	chr4	FALSE	FALSE
Ppfia4	chr1	FALSE	FALSE
Wdr3	chr3	FALSE	TRUE
Man2a2	chr7	FALSE	FALSE
Exd1	chr2	FALSE	FALSE
Tle2	chr10	FALSE	TRUE
Ublcp1	chr11	FALSE	FALSE
Ndufaf6	chr4	FALSE	FALSE
Cst6	chr19	FALSE	TRUE
Nat10	chr2	FALSE	FALSE
Galnt11	chr5	FALSE	FALSE
Ankrd17	chr5	FALSE	FALSE
Gnpda1	chr18	FALSE	FALSE
Bag1	chr4	FALSE	FALSE
Pstk	chr7	FALSE	FALSE
Pkd2	chr5	FALSE	FALSE
H2bc14	chr13	FALSE	FALSE
Zfp691	chr4	FALSE	FALSE
B3galnt1	chr3	FALSE	TRUE
Ankrd40	chr11	FALSE	FALSE
Usp1	chr4	FALSE	FALSE
4931414P19Rik	chr14	FALSE	FALSE
Mkks	chr2	FALSE	FALSE
Zfp574	chr7	FALSE	TRUE
2410002F23Rik	chr7	FALSE	FALSE
Coa5	chr1	FALSE	FALSE
Kbtbd8	chr6	FALSE	FALSE
Ugdh	chr5	FALSE	FALSE
Ly6h	chr15	FALSE	TRUE
Eloc	chr1	FALSE	FALSE
Fam43b	chr4	FALSE	TRUE
Hnrnpul2	chr19	FALSE	FALSE
Sf3b2	chr19	FALSE	FALSE
Rbm3	chrX	FALSE	FALSE
Hbegf	chr18	FALSE	TRUE
Dbi	chr1	FALSE	TRUE
Slc41a1	chr1	FALSE	FALSE
C1qtnf4	chr2	FALSE	TRUE
Dock11	chrX	FALSE	TRUE
Marchf11	chr15	FALSE	TRUE
Raly	chr2	FALSE	FALSE
Dennd2a	chr6	FALSE	TRUE
Mto1	chr9	FALSE	FALSE
Ubxn2b	chr4	FALSE	FALSE
Ep300	chr15	FALSE	FALSE
Matk	chr10	FALSE	TRUE
Calu	chr6	FALSE	FALSE
Inpp5k	chr11	FALSE	FALSE
Jpt1	chr11	FALSE	FALSE
Fam43a	chr16	FALSE	FALSE
Nobox	chr6	FALSE	TRUE
Extl1	chr4	FALSE	TRUE
Pkp4	chr2	FALSE	FALSE
Rabif	chr1	FALSE	FALSE
Slc8b1	chr5	FALSE	FALSE
Cox4i2	chr2	FALSE	TRUE
Dnajc4	chr19	FALSE	FALSE
Ric8a	chr7	FALSE	FALSE
Ube2s	chr7	FALSE	FALSE
Zfp777	chr6	FALSE	FALSE
Fbxl22	chr9	FALSE	FALSE
Adap1	chr5	FALSE	FALSE
1700008O03Rik	chr7	FALSE	FALSE
Katnb1	chr8	FALSE	FALSE
Plekhb1	chr7	FALSE	TRUE
Zfp263	chr16	FALSE	TRUE
Dad1	chr14	FALSE	FALSE
Abracl	chr10	FALSE	FALSE
Depdc1a	chr3	FALSE	TRUE
Cybc1	chr11	FALSE	TRUE
Bmf	chr2	FALSE	TRUE
Cnnm3	chr1	FALSE	FALSE
Tpm1	chr9	FALSE	TRUE
Pign	chr1	FALSE	TRUE
Asic1	chr15	FALSE	TRUE
Zswim8	chr14	FALSE	FALSE
Tead4	chr6	FALSE	FALSE
Ssc5d	chr7	FALSE	FALSE
Mon1b	chr8	FALSE	FALSE
Rab1a	chr11	FALSE	FALSE
Lamp5	chr2	FALSE	FALSE
Pigk	chr3	FALSE	FALSE
Ube2b	chr11	FALSE	FALSE
Thyn1	chr9	FALSE	TRUE
Blcap	chr2	FALSE	FALSE
Zfp64	chr2	FALSE	FALSE
Nubp1	chr16	FALSE	FALSE
Mapk8ip1	chr2	FALSE	FALSE
Insig2	chr1	FALSE	FALSE
Mfap3l	chr8	FALSE	FALSE
Celsr2	chr3	FALSE	FALSE
Zfp710	chr7	FALSE	TRUE
Usp6nl	chr2	FALSE	FALSE
Exoc3	chr13	FALSE	FALSE
Lsg1	chr16	FALSE	FALSE
Med11	chr11	FALSE	FALSE
Dand5	chr8	FALSE	FALSE
Tmem143	chr7	FALSE	FALSE
Slc39a5	chr10	FALSE	TRUE
Unc119b	chr5	FALSE	FALSE
G3bp1	chr11	FALSE	FALSE
Fam193b	chr13	FALSE	FALSE
2300009A05Rik	chr9	FALSE	FALSE
Fa2h	chr8	FALSE	TRUE
Atg2a	chr19	FALSE	FALSE
Psme1	chr14	FALSE	TRUE
Ddx39b	chr17	FALSE	FALSE
Abca1	chr4	FALSE	TRUE
Txn1	chr4	FALSE	FALSE
Foxj2	chr6	FALSE	TRUE
Cpn2	chr16	FALSE	TRUE
Comtd1	chr14	FALSE	FALSE
Tada1	chr1	FALSE	FALSE
Cx3cl1	chr8	FALSE	TRUE
Atf7ip	chr6	FALSE	FALSE
Zfp821	chr8	FALSE	FALSE
Tmem18	chr12	FALSE	FALSE
Hsd11b2	chr8	FALSE	TRUE
Plod3	chr5	FALSE	FALSE
Lpar6	chr14	FALSE	FALSE
Prune1	chr3	FALSE	FALSE
St3gal2	chr8	FALSE	FALSE
Prkaa2	chr4	FALSE	FALSE
Stac2	chr11	FALSE	TRUE
Nufip1	chr14	FALSE	FALSE
Dvl3	chr16	FALSE	FALSE
Pdzd4	chrX	FALSE	FALSE
Txnl4a	chr18	FALSE	FALSE
Tuba8	chr6	FALSE	TRUE
Zfp46	chr4	FALSE	FALSE
Habp4	chr13	FALSE	FALSE
Ctdspl	chr9	FALSE	TRUE
Slc25a22	chr7	FALSE	FALSE
Acap3	chr4	FALSE	FALSE
Msrb1	chr17	FALSE	FALSE
Timmdc1	chr16	FALSE	FALSE
Mapk8ip3	chr17	FALSE	FALSE
Smg9	chr7	FALSE	FALSE
Lig3	chr11	FALSE	FALSE
Gys1	chr7	FALSE	FALSE
Grpel1	chr5	FALSE	FALSE
Cul2	chr18	FALSE	FALSE
Bivm	chr1	FALSE	FALSE
Exoc8	chr8	FALSE	FALSE
Ptpdc1	chr13	FALSE	FALSE
Npas1	chr7	FALSE	TRUE
Aig1	chr10	FALSE	TRUE
5530401A14Rik	chr11	FALSE	TRUE
Oard1	chr17	FALSE	FALSE
Cyp11a1	chr9	FALSE	FALSE
Arf4	chr14	FALSE	FALSE
Zfp954	chr7	FALSE	TRUE
Bbs7	chr3	FALSE	FALSE
Srrm2	chr17	FALSE	FALSE
Wdr45	chrX	FALSE	FALSE
Pafah1b2	chr9	FALSE	FALSE
Tspyl2	chrX	FALSE	FALSE
Rad9b	chr5	FALSE	FALSE
Tbc1d22a	chr15	FALSE	FALSE
Lnpep	chr17	FALSE	FALSE
Minpp1	chr19	FALSE	FALSE
Top2b	chr14	FALSE	FALSE
4933405L10Rik	chr8	FALSE	TRUE
Sdcbp2	chr2	FALSE	FALSE
Zfand2b	chr1	FALSE	FALSE
Mff	chr1	FALSE	FALSE
Kcnj12	chr11	FALSE	TRUE
Hes7	chr11	FALSE	FALSE
Ap5z1	chr5	FALSE	FALSE
Mdh2	chr5	FALSE	FALSE
Dstyk	chr1	FALSE	FALSE
Nbr1	chr11	FALSE	TRUE
Vamp4	chr1	FALSE	FALSE
Nek6	chr2	FALSE	FALSE
Coa4	chr7	FALSE	FALSE
Scfd1	chr12	FALSE	FALSE
Trim39	chr17	FALSE	FALSE
Suclg1	chr6	FALSE	FALSE
Acbd5	chr2	FALSE	FALSE
Sarnp	chr10	FALSE	FALSE
Tank	chr2	FALSE	FALSE
Tomm70a	chr16	FALSE	TRUE
Amd2	chr10	FALSE	FALSE
Clvs2	chr10	FALSE	TRUE
Myo1d	chr11	FALSE	FALSE
Abhd14b	chr9	FALSE	TRUE
Napg	chr18	FALSE	FALSE
Rasl11b	chr5	FALSE	FALSE
Chit1	chr1	FALSE	TRUE
Tssk6	chr8	FALSE	FALSE
Slc30a4	chr2	FALSE	FALSE
Fndc3a	chr14	FALSE	FALSE
Cavin2	chr1	FALSE	TRUE
Egln2	chr7	FALSE	FALSE
Zfp267	chr3	FALSE	FALSE
Usp14	chr18	FALSE	FALSE
Usp16	chr16	FALSE	FALSE
Eif4e2	chr1	FALSE	FALSE
Ddx24	chr12	FALSE	FALSE
Ggact	chr14	FALSE	TRUE
Eno4	chr19	FALSE	FALSE
Yif1a	chr19	FALSE	FALSE
Nemf	chr12	FALSE	FALSE
Timm17a	chr1	FALSE	FALSE
Slc22a7	chr17	FALSE	TRUE
Clu	chr14	FALSE	TRUE
Eif2b2	chr12	FALSE	FALSE
Tnfrsf21	chr17	FALSE	FALSE
Tmem70	chr1	FALSE	FALSE
Ubn1	chr16	FALSE	FALSE
Dnmt1	chr9	FALSE	FALSE
Tmem94	chr11	FALSE	FALSE
Zkscan8	chr13	FALSE	FALSE
Ccdc186	chr19	FALSE	FALSE
Crtam	chr9	FALSE	FALSE
Cmpk2	chr12	FALSE	FALSE
Tfdp1	chr8	FALSE	TRUE
Ppm1d	chr11	FALSE	FALSE
Armc9	chr1	FALSE	TRUE
Ubtf	chr11	FALSE	FALSE
Togaram1	chr12	FALSE	FALSE
Gnmt	chr17	FALSE	TRUE
Nat8	chr6	FALSE	TRUE
Ankrd28	chr14	FALSE	FALSE
Mtmr10	chr7	FALSE	TRUE
Abcc3	chr11	FALSE	TRUE
Arl6	chr16	FALSE	FALSE
Dap3	chr3	FALSE	FALSE
Nudt6	chr3	FALSE	FALSE
Necab3	chr2	FALSE	TRUE
Tapt1	chr5	FALSE	FALSE
Ccdc106	chr7	FALSE	FALSE
Scyl1	chr19	FALSE	FALSE
Vdac2	chr14	FALSE	FALSE
Nhlrc1	chr13	FALSE	TRUE
Ndufb6	chr4	FALSE	FALSE
Nap1l2	chrX	FALSE	FALSE
Ankrd2	chr19	FALSE	FALSE
Avl9	chr6	FALSE	FALSE
Thtpa	chr14	FALSE	FALSE
Metap2	chr10	FALSE	FALSE
Zfp687	chr3	FALSE	FALSE
Zfp36	chr7	FALSE	FALSE
Use1	chr8	FALSE	FALSE
Chst14	chr2	FALSE	TRUE
Tmpo	chr10	FALSE	FALSE
Tmem210	chr2	FALSE	FALSE
Trim66	chr7	FALSE	FALSE
Pabpc1l	chr2	FALSE	TRUE
Zfp937	chr2	FALSE	FALSE
Nlrx1	chr9	FALSE	FALSE
Ypel5	chr17	FALSE	FALSE
Avil	chr10	FALSE	TRUE
Tmem127	chr2	FALSE	FALSE
Mxra7	chr11	FALSE	TRUE
Ap2a2	chr7	FALSE	FALSE
Dtx3	chr10	FALSE	TRUE
Rab43	chr6	FALSE	TRUE
Cdr2l	chr11	FALSE	FALSE
Slx1b	chr7	FALSE	FALSE
Top1mt	chr15	FALSE	TRUE
Atoh7	chr10	FALSE	TRUE
Arf1	chr11	FALSE	FALSE
Atxn7l3	chr11	FALSE	FALSE
Erap1	chr13	FALSE	TRUE
Arsb	chr13	FALSE	TRUE
Fdx1	chr9	FALSE	FALSE
Carlr	chr2	FALSE	TRUE
Dpf3	chr12	FALSE	FALSE
Brat1	chr5	FALSE	TRUE
Inhba	chr13	FALSE	FALSE
Zfat	chr15	FALSE	TRUE
Tns3	chr11	FALSE	TRUE
Paf1	chr7	FALSE	FALSE
Tmem216	chr19	FALSE	FALSE
Igfn1	chr1	FALSE	FALSE
Tdrd3	chr14	FALSE	FALSE
Rps20	chr4	FALSE	FALSE
Tmem35a	chrX	FALSE	FALSE
Bbip1	chr19	FALSE	FALSE
Spcs1	chr14	FALSE	FALSE
Neu1	chr17	FALSE	FALSE
Poc5	chr13	FALSE	FALSE
Ube2l6	chr2	FALSE	TRUE
Akap11	chr14	FALSE	TRUE
Elac2	chr11	FALSE	FALSE
Abca7	chr10	FALSE	FALSE
Hsh2d	chr8	FALSE	FALSE
Npas4	chr19	FALSE	FALSE
Txnrd1	chr10	FALSE	FALSE
Cela3a	chr4	FALSE	FALSE
Cyb5d2	chr11	FALSE	FALSE
Tppp	chr13	FALSE	TRUE
Gipc2	chr3	FALSE	FALSE
Eif2s2	chr2	FALSE	FALSE
1700029H14Rik	chr8	FALSE	TRUE
Erlin2	chr8	FALSE	FALSE
Timm8b	chr9	FALSE	FALSE
Piezo2	chr18	FALSE	FALSE
Fdxr	chr11	FALSE	FALSE
Noc3l	chr19	FALSE	FALSE
Tifa	chr3	FALSE	TRUE
Rsrc2	chr5	FALSE	FALSE
Tbc1d4	chr14	FALSE	FALSE
Zbtb45	chr7	FALSE	FALSE
Utrn	chr10	FALSE	TRUE
Patl1	chr19	FALSE	TRUE
Smim10l1	chr6	FALSE	FALSE
Rps26	chr10	FALSE	FALSE
Dusp23	chr1	FALSE	FALSE
Carmil3	chr14	FALSE	FALSE
Trmt2a	chr16	FALSE	FALSE
Dnajb5	chr4	FALSE	FALSE
Lipe	chr7	FALSE	FALSE
Emx1	chr6	FALSE	TRUE
Letm1	chr5	FALSE	FALSE
Fnbp4	chr2	FALSE	FALSE
Psma2	chr13	FALSE	FALSE
Angptl6	chr9	FALSE	FALSE
Gnl1	chr17	FALSE	FALSE
Kcna6	chr6	FALSE	TRUE
Ubqln2	chrX	FALSE	FALSE
Osgin1	chr8	FALSE	TRUE
Med26	chr8	FALSE	FALSE
Lbh	chr17	FALSE	FALSE
Trappc2l	chr8	FALSE	FALSE
Gng10	chr4	FALSE	FALSE
Capn1	chr19	FALSE	FALSE
Plpp1	chr13	FALSE	FALSE
Irf2bp1	chr7	FALSE	FALSE
Gja6	chrX	FALSE	FALSE
Snapin	chr3	FALSE	FALSE
Akt1s1	chr7	FALSE	TRUE
Czib	chr4	FALSE	FALSE
Rabep2	chr7	FALSE	FALSE
Zdhhc13	chr7	FALSE	TRUE
Ttl	chr2	FALSE	FALSE
Sucnr1	chr3	FALSE	FALSE
Slc16a1	chr3	FALSE	TRUE
Ccnyl1	chr1	FALSE	FALSE
Kcns2	chr15	FALSE	TRUE
Zc3h18	chr8	FALSE	TRUE
Alcam	chr16	TRUE	FALSE
Reep6	chr10	FALSE	TRUE
Rab1b	chr19	FALSE	FALSE
Utp18	chr11	FALSE	TRUE
Klhl20	chr1	FALSE	FALSE
Rpl24	chr16	FALSE	FALSE
Cpped1	chr16	FALSE	FALSE
Tbcc	chr17	FALSE	FALSE
Lztr1	chr16	FALSE	FALSE
Prxl2c	chr13	FALSE	FALSE
C87436	chr6	FALSE	FALSE
Naglu	chr11	FALSE	FALSE
Hacd1	chr2	FALSE	FALSE
Lsm1	chr8	FALSE	FALSE
Prpf38b	chr3	FALSE	TRUE
Cdyl	chr13	FALSE	FALSE
Nrbp1	chr5	FALSE	FALSE
Parp1	chr1	FALSE	TRUE
Incenp	chr19	FALSE	TRUE
Ccdc66	chr14	FALSE	FALSE
Twsg1	chr17	FALSE	FALSE
Gprc5c	chr11	FALSE	FALSE
Srxn1	chr2	FALSE	FALSE
Tma16	chr8	FALSE	FALSE
Zfp128	chr7	FALSE	FALSE
Ranbp3	chr17	FALSE	FALSE
Dbndd1	chr8	FALSE	FALSE
Rab39b	chrX	FALSE	FALSE
Nyap1	chr5	FALSE	FALSE
Ppm1g	chr5	FALSE	FALSE
Nudt15	chr14	FALSE	FALSE
Jun	chr4	FALSE	FALSE
Atg101	chr15	FALSE	FALSE
Pgam1	chr19	FALSE	FALSE
Nsg1	chr5	FALSE	FALSE
Apaf1	chr10	FALSE	FALSE
Pnma3	chrX	FALSE	TRUE
Eef2k	chr7	FALSE	FALSE
Grpel2	chr18	FALSE	FALSE
Ccdc97	chr7	FALSE	FALSE
Pnkd	chr1	FALSE	TRUE
Smg5	chr3	FALSE	TRUE
Bfar	chr16	FALSE	FALSE
Chordc1	chr9	FALSE	FALSE
Chic1	chrX	FALSE	FALSE
Angel2	chr1	FALSE	FALSE
Zfp760	chr17	FALSE	FALSE
Rnf114	chr2	FALSE	FALSE
Ifnar1	chr16	FALSE	FALSE
Ascl4	chr10	FALSE	FALSE
Tmbim1	chr1	FALSE	FALSE
D130040H23Rik	chr8	FALSE	FALSE
Spag4	chr2	FALSE	FALSE
Polb	chr8	FALSE	FALSE
Ubxn4	chr1	FALSE	FALSE
Bag2	chr1	FALSE	FALSE
Inca1	chr11	FALSE	FALSE
Rpa3	chr6	FALSE	FALSE
Sdhaf1	chr7	FALSE	FALSE
Gpt2	chr8	FALSE	FALSE
Helq	chr5	FALSE	FALSE
Cpeb4	chr11	FALSE	FALSE
Pfdn2	chr1	FALSE	FALSE
Zranb2	chr3	FALSE	FALSE
Usf2	chr7	FALSE	FALSE
Frmd3	chr4	FALSE	TRUE
Atpaf1	chr4	FALSE	FALSE
Ncapd3	chr9	FALSE	TRUE
Plcxd2	chr16	FALSE	TRUE
Nutf2	chr8	FALSE	FALSE
Rab15	chr12	FALSE	FALSE
Sgk1	chr10	FALSE	FALSE
Pim3	chr15	FALSE	FALSE
Wdtc1	chr4	FALSE	FALSE
Sars2	chr7	FALSE	FALSE
Szrd1	chr4	FALSE	FALSE
Prpsap1	chr11	FALSE	FALSE
Rnaseh2c	chr19	FALSE	FALSE
Snapc1	chr12	FALSE	FALSE
Dhx40	chr11	FALSE	TRUE
Dpysl4	chr7	FALSE	FALSE
Zfp11	chr5	FALSE	FALSE
Aadat	chr8	FALSE	FALSE
2310011J03Rik	chr10	FALSE	TRUE
Ddx27	chr2	FALSE	FALSE
Mex3c	chr18	FALSE	FALSE
Tmem183a	chr1	FALSE	FALSE
Adam9	chr8	FALSE	FALSE
Slc25a39	chr11	FALSE	FALSE
Hsd11b1	chr1	FALSE	FALSE
Tsn	chr1	FALSE	FALSE
Scamp1	chr13	FALSE	FALSE
Bcl9l	chr9	FALSE	FALSE
Senp1	chr15	FALSE	FALSE
Taf6	chr5	FALSE	FALSE
Ndufa12	chr10	FALSE	FALSE
Sema4f	chr6	FALSE	FALSE
Amer1	chrX	FALSE	FALSE
Fam104a	chr11	FALSE	FALSE
Ajap1	chr4	FALSE	FALSE
Engase	chr11	FALSE	TRUE
Sdhb	chr4	FALSE	FALSE
Tmem222	chr4	FALSE	FALSE
Car2	chr3	FALSE	FALSE
Miga2	chr2	FALSE	FALSE
Gnpat	chr8	FALSE	FALSE
Rab11b	chr17	FALSE	FALSE
Atp1b3	chr9	FALSE	TRUE
Huwe1	chrX	FALSE	FALSE
Hmgxb4	chr8	FALSE	FALSE
Ogt	chrX	FALSE	FALSE
Mtch1	chr17	FALSE	FALSE
Tbccd1	chr16	FALSE	FALSE
Sptssa	chr12	FALSE	FALSE
Ppat	chr5	FALSE	FALSE
Rtn4r	chr16	FALSE	FALSE
Sdhaf3	chr6	FALSE	FALSE
Slc4a1	chr11	FALSE	TRUE
Sft2d3	chr18	FALSE	FALSE
Larp4	chr15	FALSE	FALSE
Rfesd	chr13	FALSE	FALSE
Fam110b	chr4	FALSE	FALSE
Maoa	chrX	FALSE	FALSE
Yif1b	chr7	FALSE	FALSE
Nus1	chr10	FALSE	FALSE
Idua	chr5	FALSE	FALSE
Gpr27	chr6	FALSE	FALSE
Lrrc41	chr4	FALSE	FALSE
Tkt	chr14	FALSE	FALSE
Sidt2	chr9	FALSE	TRUE
Ppp1r3f	chrX	FALSE	TRUE
Ccdc28b	chr4	FALSE	FALSE
Rfc5	chr5	FALSE	FALSE
Ro60	chr1	FALSE	FALSE
Nhlh2	chr3	TRUE	FALSE
Ctnnb1	chr9	FALSE	TRUE
Ankrd7	chr6	FALSE	TRUE
Zfp729b	chr13	FALSE	FALSE
Gpsm1	chr2	FALSE	FALSE
Traf3ip2	chr10	FALSE	TRUE
Pdik1l	chr4	FALSE	FALSE
Hnrnpab	chr11	FALSE	FALSE
Inpp5j	chr11	FALSE	TRUE
Naa35	chr13	FALSE	TRUE
Gng2	chr14	FALSE	TRUE
Lancl1	chr1	FALSE	FALSE
Echdc1	chr10	FALSE	FALSE
Smad9	chr3	FALSE	FALSE
Plagl2	chr2	FALSE	FALSE
Elp5	chr11	FALSE	FALSE
Vamp8	chr6	FALSE	TRUE
Nif3l1	chr1	FALSE	FALSE
Armcx4	chrX	FALSE	FALSE
Spdef	chr17	FALSE	TRUE
Cul4a	chr8	FALSE	TRUE
Cdkn2d	chr9	FALSE	FALSE
Slc12a2	chr18	FALSE	FALSE
Rbm4	chr19	FALSE	TRUE
Nrip2	chr6	FALSE	TRUE
C1galt1c1	chrX	FALSE	FALSE
Dcaf11	chr14	FALSE	FALSE
Srsf11	chr3	FALSE	FALSE
Iffo1	chr6	FALSE	FALSE
Wdr1	chr5	FALSE	FALSE
Uck1	chr2	FALSE	FALSE
Map3k10	chr7	FALSE	TRUE
Klhl24	chr16	FALSE	FALSE
Cyp51	chr5	FALSE	FALSE
E2f6	chr12	FALSE	FALSE
Slc7a4	chr16	FALSE	FALSE
Gpr137	chr19	FALSE	TRUE
Nr2f6	chr8	FALSE	FALSE
Paqr3	chr5	FALSE	FALSE
Tmem106c	chr15	FALSE	FALSE
Scg3	chr9	FALSE	FALSE
Rflnb	chr11	FALSE	TRUE
Zfp82	chr7	FALSE	FALSE
Myl12b	chr17	FALSE	TRUE
Tsga10	chr1	FALSE	FALSE
Ptpa	chr2	FALSE	TRUE
Dcaf10	chr4	FALSE	FALSE
Pdp1	chr4	FALSE	FALSE
Gc	chr5	FALSE	TRUE
Inhbb	chr1	FALSE	FALSE
Mgst3	chr1	FALSE	FALSE
Hsp90ab1	chr17	FALSE	FALSE
Gm9736	chr10	FALSE	FALSE
Zfp454	chr11	FALSE	FALSE
Inafm2	chr2	FALSE	TRUE
Cyp46a1	chr12	FALSE	FALSE
Map9	chr3	FALSE	FALSE
Pagr1a	chr7	FALSE	FALSE
Fam76a	chr4	FALSE	FALSE
Gdi2	chr13	FALSE	FALSE
Selenoi	chr5	FALSE	FALSE
Strip1	chr3	FALSE	FALSE
Zfp949	chr9	FALSE	FALSE
Ccdc25	chr14	FALSE	FALSE
1110038F14Rik	chr15	FALSE	FALSE
Rin1	chr19	FALSE	FALSE
Sh3glb2	chr2	FALSE	FALSE
Ift172	chr5	FALSE	FALSE
Ccne2	chr4	FALSE	FALSE
Rb1cc1	chr1	FALSE	FALSE
Zfp708	chr13	FALSE	FALSE
Sp1	chr15	FALSE	FALSE
Baz2a	chr10	FALSE	FALSE
Orai3	chr7	FALSE	FALSE
Zc4h2	chrX	FALSE	FALSE
Zbtb49	chr5	FALSE	FALSE
Mtpn	chr6	TRUE	FALSE
Mrpl12	chr11	FALSE	TRUE
Rasd2	chr8	FALSE	TRUE
Pcbp4	chr9	FALSE	TRUE
Ciapin1	chr8	FALSE	FALSE
Pomc	chr12	FALSE	FALSE
Fbxo8	chr8	FALSE	FALSE
Mfsd6l	chr11	FALSE	TRUE
Dnajb1	chr8	FALSE	FALSE
Uck2	chr1	FALSE	FALSE
Mpst	chr15	FALSE	FALSE
Arl8a	chr1	FALSE	FALSE
Sirt5	chr13	FALSE	FALSE
Chga	chr12	FALSE	FALSE
Dync1i2	chr2	FALSE	FALSE
Pcdh1	chr18	FALSE	TRUE
Wnt5b	chr6	FALSE	TRUE
Ccdc12	chr9	FALSE	FALSE
Entpd6	chr2	FALSE	FALSE
Kdm4a	chr4	FALSE	FALSE
Irak4	chr15	FALSE	FALSE
Fbxo28	chr1	FALSE	FALSE
Klhdc8a	chr1	FALSE	FALSE
Abca2	chr2	FALSE	FALSE
Cog1	chr11	FALSE	TRUE
Tubb6	chr18	FALSE	TRUE
Wdr44	chrX	FALSE	FALSE
Zfp300	chrX	FALSE	FALSE
Hspa5	chr2	FALSE	FALSE
Gpat4	chr8	FALSE	FALSE
Rnf139	chr15	FALSE	FALSE
Ptprr	chr10	FALSE	FALSE
Cep44	chr8	FALSE	FALSE
Atp2c1	chr9	FALSE	FALSE
Polr2b	chr5	FALSE	TRUE
Ngb	chr12	FALSE	FALSE
Luc7l2	chr6	FALSE	FALSE
Caprin1	chr2	FALSE	FALSE
Zmat3	chr3	FALSE	FALSE
Slc25a27	chr17	FALSE	FALSE
Fzd8	chr18	FALSE	TRUE
Cep85	chr4	FALSE	FALSE
Hadhb	chr5	FALSE	FALSE
Ndufb10	chr17	FALSE	FALSE
Rab5a	chr17	FALSE	FALSE
Usp53	chr3	FALSE	FALSE
Rras	chr7	FALSE	FALSE
Ugp2	chr11	FALSE	FALSE
Zfp106	chr2	FALSE	TRUE
Lacc1	chr14	FALSE	TRUE
Siah1b	chrX	FALSE	FALSE
Slc35e4	chr11	FALSE	FALSE
Ppp1r2	chr16	FALSE	FALSE
Maml2	chr9	FALSE	FALSE
Ak6	chr13	FALSE	FALSE
U2surp	chr9	FALSE	FALSE
Fhod3	chr18	FALSE	TRUE
Tmem47	chrX	FALSE	TRUE
Ptdss2	chr7	FALSE	FALSE
Dcaf15	chr8	FALSE	FALSE
Zfp62	chr11	FALSE	FALSE
Zbtb3	chr19	FALSE	FALSE
Pcnx4	chr12	FALSE	FALSE
Ddx55	chr5	FALSE	FALSE
Fat1	chr8	FALSE	FALSE
Ube2d1	chr10	FALSE	FALSE
Tmem126b	chr7	FALSE	TRUE
Crybb2	chr5	FALSE	TRUE
Ficd	chr5	FALSE	FALSE
2810004N23Rik	chr8	FALSE	FALSE
Speer3	chr5	FALSE	TRUE
Ptdss1	chr13	FALSE	FALSE
Tram1l1	chr3	FALSE	FALSE
Lmbrd2	chr15	FALSE	FALSE
Irf9	chr14	FALSE	TRUE
Zranb3	chr1	FALSE	FALSE
Apold1	chr6	FALSE	FALSE
Klhl35	chr7	FALSE	TRUE
P2rx5	chr11	FALSE	TRUE
Hnrnpul1	chr7	FALSE	FALSE
Ecm2	chr13	FALSE	TRUE
Meaf6	chr4	FALSE	FALSE
Fbxl19	chr7	FALSE	FALSE
Add3	chr19	FALSE	TRUE
Pianp	chr6	FALSE	FALSE
Rabggtb	chr3	FALSE	FALSE
Prss52	chr14	FALSE	TRUE
AI987944	chr7	FALSE	TRUE
Kif3c	chr12	FALSE	FALSE
Adnp2	chr18	FALSE	FALSE
Nampt	chr12	FALSE	TRUE
Rfx5	chr3	FALSE	TRUE
Cfap36	chr11	FALSE	FALSE
Lrrc74a	chr12	FALSE	TRUE
Tril	chr6	FALSE	FALSE
Egr1	chr18	FALSE	TRUE
Agbl3	chr6	FALSE	TRUE
P2rx7	chr5	FALSE	TRUE
Ssb	chr2	FALSE	FALSE
Klhl42	chr6	FALSE	TRUE
Ppp2r3d	chr9	FALSE	FALSE
AY074887	chr9	FALSE	FALSE
1700017B05Rik	chr9	FALSE	FALSE
Gjb1	chrX	FALSE	FALSE
Immt	chr6	FALSE	FALSE
Map3k14	chr11	FALSE	FALSE
Natd1	chr11	FALSE	FALSE
Cers5	chr15	FALSE	FALSE
Gask1a	chr9	FALSE	TRUE
C77080	chr4	FALSE	TRUE
Idh3b	chr2	FALSE	FALSE
Slc19a2	chr1	FALSE	TRUE
Clcn2	chr16	FALSE	TRUE
Setd6	chr8	FALSE	FALSE
BC005624	chr2	FALSE	FALSE
Lipt2	chr7	FALSE	FALSE
Mapk12	chr15	FALSE	TRUE
Ankrd54	chr15	FALSE	FALSE
Fam174a	chr1	FALSE	FALSE
Cox8c	chr12	FALSE	TRUE
Tcta	chr9	FALSE	FALSE
Cox17	chr16	FALSE	FALSE
Zfp39	chr11	FALSE	FALSE
Stt3a	chr9	FALSE	TRUE
Trim11	chr11	FALSE	FALSE
Dusp19	chr2	FALSE	FALSE
Pcnx3	chr19	FALSE	FALSE
Lrsam1	chr2	FALSE	FALSE
Ipo9	chr1	FALSE	FALSE
Zfp810	chr9	FALSE	FALSE
Itfg2	chr6	FALSE	FALSE
Zfp157	chr5	FALSE	FALSE
Pomgnt2	chr9	FALSE	FALSE
Cdh18	chr15	FALSE	FALSE
Fam229b	chr10	FALSE	FALSE
Ankrd13d	chr19	FALSE	FALSE
Cnot11	chr1	FALSE	FALSE
Acot11	chr4	FALSE	TRUE
Nfkbiz	chr16	FALSE	TRUE
Man1b1	chr2	FALSE	FALSE
Kcna1	chr6	FALSE	FALSE
Mief1	chr15	FALSE	TRUE
Zswim1	chr2	FALSE	FALSE
Kdm8	chr7	FALSE	FALSE
Slc25a35	chr11	FALSE	TRUE
Arhgef25	chr10	FALSE	TRUE
Fth1	chr19	FALSE	FALSE
Fsd1l	chr4	FALSE	FALSE
Mblac2	chr13	FALSE	FALSE
Bclaf1	chr10	FALSE	FALSE
Ift52	chr2	FALSE	FALSE
Srsf3	chr17	FALSE	FALSE
Ezh2	chr6	FALSE	FALSE
Trmt10a	chr3	FALSE	FALSE
Nt5dc1	chr10	FALSE	FALSE
LTO1	chr7	FALSE	FALSE
Fat4	chr3	FALSE	TRUE
Zfp759	chr13	FALSE	TRUE
Hspa8	chr9	FALSE	FALSE
Dll4	chr2	FALSE	TRUE
Idh3a	chr9	FALSE	FALSE
Kcnc1	chr7	FALSE	TRUE
Fgd2	chr17	FALSE	FALSE
Pcsk4	chr10	FALSE	TRUE
Rps10	chr17	FALSE	TRUE
Zcchc8	chr5	FALSE	FALSE
Abhd11	chr5	FALSE	FALSE
Fgf23	chr6	FALSE	FALSE
Isoc2a	chr7	FALSE	FALSE
Ppp1r26	chr2	FALSE	TRUE
Capza2	chr6	FALSE	FALSE
Zfp790	chr7	FALSE	FALSE
Slc35e1	chr8	FALSE	FALSE
Spsb2	chr6	FALSE	TRUE
Uhmk1	chr1	FALSE	FALSE
Klf1	chr8	FALSE	TRUE
Bloc1s4	chr5	FALSE	TRUE
Tgfb3	chr12	FALSE	TRUE
Dynll2	chr11	FALSE	FALSE
Rsph3a	chr17	FALSE	FALSE
Tlr4	chr4	TRUE	TRUE
Zfp386	chr12	FALSE	FALSE
Rtn4ip1	chr10	FALSE	FALSE
Rgmb	chr17	FALSE	TRUE
Tmtc3	chr10	FALSE	FALSE
Thop1	chr10	FALSE	FALSE
Dnajc16	chr4	FALSE	TRUE
BC005537	chr13	FALSE	FALSE
Usp28	chr9	FALSE	TRUE
Pcmt1	chr10	FALSE	FALSE
Thrb	chr14	FALSE	TRUE
Zfp958	chr8	FALSE	FALSE
Igsf8	chr1	FALSE	TRUE
1110004F10Rik	chr7	FALSE	FALSE
Crybb3	chr5	FALSE	TRUE
Septin1	chr7	FALSE	FALSE
Wdr75	chr1	FALSE	FALSE
Hnrnpll	chr17	FALSE	FALSE
Epn1	chr7	FALSE	FALSE
Nphp3	chr9	FALSE	FALSE
Lgmn	chr12	FALSE	FALSE
Higd2a	chr13	FALSE	FALSE
Atpsckmt	chr15	FALSE	FALSE
Ubald1	chr16	FALSE	FALSE
2310057M21Rik	chr7	FALSE	FALSE
Dhx38	chr8	FALSE	TRUE
Ung	chr5	FALSE	TRUE
Srpk3	chrX	FALSE	TRUE
Trim23	chr13	FALSE	FALSE
Ostc	chr3	FALSE	FALSE
Klhl11	chr11	FALSE	FALSE
Psen2	chr1	FALSE	FALSE
Slc7a6os	chr8	FALSE	FALSE
Smim38	chr7	FALSE	FALSE
Zfyve16	chr13	FALSE	FALSE
H3c6	chr13	FALSE	TRUE
AI837181	chr19	FALSE	FALSE
Snx16	chr3	FALSE	FALSE
Kifc2	chr15	FALSE	FALSE
Mest	chr6	FALSE	FALSE
Slc25a13	chr6	FALSE	TRUE
Wrap53	chr11	FALSE	FALSE
Acta1	chr8	FALSE	TRUE
Rbm38	chr2	FALSE	FALSE
Sec16a	chr2	FALSE	FALSE
Wtap	chr17	FALSE	FALSE
Gpr61	chr3	FALSE	FALSE
Zmpste24	chr4	FALSE	FALSE
Rtn1	chr12	FALSE	TRUE
Nenf	chr1	FALSE	FALSE
Slc38a2	chr15	FALSE	TRUE
Cacng7	chr7	FALSE	FALSE
Zfp7	chr15	FALSE	FALSE
Cacybp	chr1	FALSE	FALSE
Paip2	chr18	FALSE	FALSE
Pafah2	chr4	FALSE	TRUE
Dpy19l4	chr4	FALSE	TRUE
Lrrc14b	chr13	FALSE	FALSE
Hint2	chr4	FALSE	FALSE
Rbm5	chr9	FALSE	FALSE
Gstt1	chr10	FALSE	TRUE
Agpat5	chr8	FALSE	FALSE
Bcat2	chr7	FALSE	TRUE
Mrln	chr10	FALSE	FALSE
Diras1	chr10	FALSE	FALSE
Igfbp5	chr1	FALSE	TRUE
Erp29	chr5	FALSE	FALSE
Arpc5	chr1	FALSE	FALSE
Ahcyl1	chr3	FALSE	FALSE
Kdm6b	chr11	FALSE	FALSE
Zfp385a	chr15	FALSE	FALSE
Aadac	chr3	FALSE	TRUE
Mettl17	chr14	FALSE	FALSE
Ppp1cc	chr5	FALSE	TRUE
Ipo4	chr14	FALSE	FALSE
Mta2	chr19	FALSE	FALSE
Dars2	chr1	FALSE	FALSE
Pram1	chr17	FALSE	TRUE
Yme1l1	chr2	FALSE	FALSE
Cox7a2	chr9	FALSE	FALSE
Usp46	chr5	FALSE	TRUE
Morn1	chr4	FALSE	TRUE
Ywhaz	chr15	FALSE	FALSE
Sra1	chr18	FALSE	TRUE
Cep164	chr9	FALSE	FALSE
E2f7	chr10	FALSE	FALSE
Hemk1	chr9	FALSE	TRUE
Jmy	chr13	FALSE	FALSE
Gemin8	chrX	FALSE	TRUE
Zkscan2	chr7	FALSE	TRUE
Dph3	chr14	FALSE	FALSE
Iws1	chr18	FALSE	FALSE
Abcb8	chr5	FALSE	FALSE
Ahsa2	chr11	FALSE	TRUE
Tnr	chr1	FALSE	FALSE
Krtap16-1	chr11	FALSE	TRUE
Cox19	chr5	FALSE	FALSE
Stard6	chr18	FALSE	FALSE
Sav1	chr12	FALSE	FALSE
Cyren	chr6	FALSE	FALSE
Riok3	chr18	FALSE	FALSE
Alkbh5	chr11	FALSE	FALSE
Nptx1	chr11	FALSE	FALSE
Zfp825	chr13	FALSE	FALSE
Crk	chr11	FALSE	FALSE
Nrde2	chr12	FALSE	FALSE
Dcun1d3	chr7	FALSE	TRUE
Pprc1	chr19	FALSE	FALSE
Ctsd	chr7	FALSE	FALSE
Slc25a48	chr13	FALSE	FALSE
Tmem204	chr17	FALSE	TRUE
Atp6v1f	chr6	FALSE	TRUE
Dazap1	chr10	FALSE	FALSE
Dnajc19	chr3	FALSE	FALSE
Rtca	chr3	FALSE	FALSE
AW209491	chr13	FALSE	FALSE
Acbd4	chr11	FALSE	TRUE
Zfp622	chr15	FALSE	FALSE
Ddrgk1	chr2	FALSE	FALSE
Zrsr2	chrX	FALSE	FALSE
Mob4	chr1	FALSE	FALSE
Strn4	chr7	FALSE	FALSE
Prkar1b	chr5	FALSE	TRUE
Sri	chr5	FALSE	FALSE
Cops2	chr2	FALSE	FALSE
Med22	chr2	FALSE	FALSE
Rnf148	chr6	FALSE	TRUE
Jmjd8	chr17	FALSE	FALSE
Usp19	chr9	FALSE	FALSE
Ank3	chr10	FALSE	TRUE
Tfpt	chr7	FALSE	FALSE
Vamp3	chr4	FALSE	FALSE
Snx19	chr9	FALSE	TRUE
Atp1a3	chr7	FALSE	TRUE
Tro	chrX	FALSE	TRUE
Tmub2	chr11	FALSE	FALSE
Atad3a	chr4	FALSE	FALSE
Chmp3	chr6	FALSE	FALSE
Tubgcp6	chr15	FALSE	FALSE
Nsfl1c	chr2	FALSE	FALSE
Clec11a	chr7	FALSE	FALSE
Khdrbs1	chr4	FALSE	FALSE
Odc1	chr12	FALSE	FALSE
Dhodh	chr8	FALSE	FALSE
Cntn2	chr1	FALSE	TRUE
1700025G04Rik	chr1	FALSE	FALSE
Ddx3x	chrX	FALSE	FALSE
Pde12	chr14	FALSE	TRUE
Hectd2	chr19	FALSE	FALSE
Ttc38	chr15	FALSE	TRUE
Ubap2	chr4	FALSE	FALSE
Gtdc1	chr2	FALSE	FALSE
Trim3	chr7	FALSE	FALSE
Ltbp3	chr19	FALSE	FALSE
Ephb6	chr6	FALSE	TRUE
Gosr1	chr11	FALSE	FALSE
Plekha1	chr7	FALSE	TRUE
Ndufaf5	chr2	FALSE	FALSE
Lmna	chr3	FALSE	FALSE
Suco	chr1	FALSE	FALSE
Syne1	chr10	FALSE	FALSE
Gmppa	chr1	FALSE	TRUE
Fam53c	chr18	FALSE	FALSE
Psmd3	chr11	FALSE	FALSE
Nfkbia	chr12	FALSE	FALSE
Frs3	chr17	FALSE	FALSE
Tram1	chr1	FALSE	FALSE
Zfp598	chr17	FALSE	FALSE
Srcap	chr7	FALSE	FALSE
Nupl2	chr5	FALSE	FALSE
Sstr3	chr15	FALSE	FALSE
Gtpbp2	chr17	FALSE	TRUE
Gne	chr4	FALSE	FALSE
Psmd6	chr14	FALSE	FALSE
Fkbp7	chr2	FALSE	TRUE
Snx32	chr19	FALSE	FALSE
Mtpap	chr18	FALSE	FALSE
Ces5a	chr8	FALSE	TRUE
M6pr	chr6	FALSE	FALSE
Gpr135	chr12	FALSE	FALSE
Lrrcc1	chr3	FALSE	FALSE
Dnajb2	chr1	FALSE	TRUE
Fh1	chr1	FALSE	FALSE
Mturn	chr6	FALSE	FALSE
Rragd	chr4	FALSE	FALSE
Atp6v0e2	chr6	FALSE	FALSE
Api5	chr2	FALSE	FALSE
Dld	chr12	FALSE	FALSE
Mylpf	chr7	FALSE	FALSE
Tfap2d	chr1	FALSE	TRUE
Pak1	chr7	FALSE	FALSE
Tasor	chr14	FALSE	FALSE
Aldh3b1	chr19	FALSE	TRUE
Rnf31	chr14	FALSE	FALSE
Ash2l	chr8	FALSE	FALSE
Bnipl	chr3	FALSE	TRUE
Syt4	chr18	FALSE	FALSE
Tyw5	chr1	FALSE	FALSE
Rpl21	chr5	FALSE	FALSE
Rccd1	chr7	FALSE	FALSE
Trappc6b	chr12	FALSE	FALSE
Stk3	chr15	FALSE	FALSE
Arg1	chr10	FALSE	TRUE
Gstt2	chr10	FALSE	TRUE
Bhlhb9	chrX	FALSE	FALSE
Ddr1	chr17	FALSE	FALSE
Etv1	chr12	FALSE	FALSE
Gpbp1l1	chr4	FALSE	TRUE
Mocs1	chr17	FALSE	TRUE
Zkscan5	chr5	FALSE	FALSE
Tcp11l2	chr10	FALSE	FALSE
Rps12	chr10	FALSE	FALSE
1700056E22Rik	chr1	FALSE	FALSE
Neil1	chr9	FALSE	FALSE
Car4	chr11	FALSE	FALSE
Dusp6	chr10	FALSE	TRUE
Ovca2	chr11	FALSE	FALSE
Chac2	chr11	FALSE	FALSE
Eif2b3	chr4	FALSE	TRUE
Kmt5c	chr7	FALSE	FALSE
Rnd1	chr15	FALSE	FALSE
Tnks1bp1	chr2	FALSE	FALSE
Ankrd34a	chr3	FALSE	FALSE
Sdr39u1	chr14	FALSE	FALSE
Per2	chr1	FALSE	FALSE
Hivep3	chr4	FALSE	TRUE
Nxt1	chr2	FALSE	FALSE
Ptgds	chr2	FALSE	TRUE
Nol4	chr18	FALSE	TRUE
Alg12	chr15	FALSE	FALSE
Pop5	chr5	FALSE	TRUE
Gal3st2b	chr1	FALSE	TRUE
Mcam	chr9	FALSE	TRUE
Uba3	chr6	FALSE	FALSE
Vcpkmt	chr12	FALSE	FALSE
Abcd1	chrX	FALSE	FALSE
Fam149a	chr8	FALSE	FALSE
Gm45521	chr14	FALSE	FALSE
Odf2	chr2	FALSE	FALSE
Prima1	chr12	FALSE	TRUE
Csde1	chr3	FALSE	FALSE
Dnajc5b	chr3	FALSE	FALSE
Mreg	chr1	FALSE	TRUE
Pml	chr9	FALSE	TRUE
Sdc1	chr12	FALSE	FALSE
Xpot	chr10	FALSE	FALSE
Lpin3	chr2	FALSE	FALSE
Acy1	chr9	FALSE	TRUE
Nsmce3	chr7	FALSE	FALSE
Mif	chr10	FALSE	FALSE
Selenot	chr3	FALSE	FALSE
Ttc9b	chr7	FALSE	TRUE
Septin5	chr16	FALSE	FALSE
Kdm4d	chr9	FALSE	FALSE
Rps6ka4	chr19	FALSE	FALSE
Taf11	chr17	FALSE	FALSE
Snx1	chr9	FALSE	FALSE
Samd10	chr2	FALSE	FALSE
Uba1	chrX	FALSE	FALSE
Dnase2b	chr3	FALSE	TRUE
Nudt16l1	chr16	FALSE	FALSE
Itga10	chr3	FALSE	TRUE
Ints11	chr4	FALSE	FALSE
Zfp780b	chr7	FALSE	FALSE
Marchf8	chr6	FALSE	FALSE
Tbc1d9	chr8	FALSE	FALSE
Zfp84	chr7	FALSE	FALSE
Creld1	chr6	FALSE	FALSE
Asf1a	chr10	FALSE	TRUE
Acin1	chr14	FALSE	FALSE
Rtcb	chr10	FALSE	FALSE
Tomm40l	chr1	FALSE	FALSE
Shh	chr5	FALSE	FALSE
Ddx56	chr11	FALSE	TRUE
Bace1	chr9	FALSE	FALSE
Atcay	chr10	FALSE	FALSE
Prom1	chr5	TRUE	TRUE
Arl8b	chr6	FALSE	FALSE
Mrpl11	chr19	FALSE	FALSE
Zmiz2	chr11	FALSE	FALSE
Tedc1	chr12	FALSE	FALSE
Ngdn	chr14	FALSE	FALSE
Itgav	chr2	FALSE	TRUE
Prmt9	chr8	FALSE	FALSE
Sord	chr2	FALSE	FALSE
Slc25a4	chr8	FALSE	FALSE
Pcdhgc3	chr18	FALSE	FALSE
Xylt2	chr11	FALSE	FALSE
Zfp341	chr2	FALSE	TRUE
Slc2a1	chr4	FALSE	FALSE
Alppl2	chr1	FALSE	TRUE
Ints7	chr1	FALSE	FALSE
Sec23b	chr2	FALSE	FALSE
Abtb1	chr6	FALSE	FALSE
Snrnp48	chr13	FALSE	FALSE
Tgoln1	chr6	FALSE	FALSE
Pik3ip1	chr11	FALSE	FALSE
Casp9	chr4	FALSE	TRUE
Pdcd6	chr13	FALSE	FALSE
Ebp	chrX	FALSE	FALSE
Erlin1	chr19	FALSE	FALSE
Lsm14b	chr2	FALSE	TRUE
Sub1	chr15	FALSE	FALSE
Trit1	chr4	FALSE	FALSE
Npc2	chr12	FALSE	FALSE
Pwwp2a	chr11	FALSE	FALSE
Rbm22	chr18	FALSE	TRUE
Etaa1	chr11	FALSE	FALSE
Gal3st3	chr19	FALSE	TRUE
Arpp19	chr9	FALSE	FALSE
Ephx4	chr5	FALSE	TRUE
Zfp384	chr6	FALSE	FALSE
Nmi	chr2	FALSE	FALSE
Ikzf4	chr10	FALSE	FALSE
Zfp74	chr7	FALSE	FALSE
Fbxw5	chr2	FALSE	FALSE
Msantd3	chr4	FALSE	FALSE
Zfp330	chr8	FALSE	FALSE
Asph	chr4	FALSE	FALSE
D030056L22Rik	chr19	FALSE	FALSE
Uqcr10	chr11	FALSE	TRUE
Ndufb8	chr19	FALSE	FALSE
Slc39a1	chr3	FALSE	TRUE
Cspg5	chr9	FALSE	FALSE
Mthfd1l	chr10	FALSE	FALSE
Ddx54	chr5	FALSE	FALSE
Gtf2b	chr3	FALSE	FALSE
4933402J07Rik	chr8	FALSE	FALSE
Eif5	chr12	FALSE	FALSE
Birc2	chr9	FALSE	FALSE
Zfp748	chr13	FALSE	FALSE
Elovl4	chr9	FALSE	FALSE
Rtbdn	chr8	FALSE	TRUE
Camkk1	chr11	FALSE	TRUE
Tmem219	chr7	FALSE	FALSE
Akt2	chr7	FALSE	TRUE
Scamp3	chr3	FALSE	FALSE
Zfp950	chr19	FALSE	FALSE
Mamld1	chrX	FALSE	FALSE
Zbtb7a	chr10	FALSE	FALSE
Kbtbd3	chr9	FALSE	FALSE
Slc27a1	chr8	FALSE	FALSE
Pik3r2	chr8	FALSE	FALSE
Pdxp	chr15	FALSE	FALSE
Ythdf3	chr3	FALSE	FALSE
Nrbf2	chr10	FALSE	FALSE
Samd1	chr8	FALSE	FALSE
Sf3b1	chr1	FALSE	FALSE
Slc3a2	chr19	FALSE	TRUE
Sh3bgr	chr16	FALSE	TRUE
Fem1c	chr18	FALSE	FALSE
Pick1	chr15	FALSE	FALSE
Ssrp1	chr2	FALSE	FALSE
Kptn	chr7	FALSE	FALSE
Ptprt	chr2	FALSE	TRUE
Cstf2t	chr19	FALSE	TRUE
Wdr90	chr17	FALSE	FALSE
Cbx6	chr15	FALSE	FALSE
Btf3l4	chr4	FALSE	FALSE
Tprkb	chr6	FALSE	FALSE
Rad51d	chr11	FALSE	FALSE
Copb2	chr9	FALSE	FALSE
Aurkaip1	chr4	FALSE	FALSE
1700129C05Rik	chr14	FALSE	TRUE
Mkx	chr18	FALSE	TRUE
Fgd6	chr10	FALSE	FALSE
Ufl1	chr4	FALSE	FALSE
Tubb4a	chr17	FALSE	FALSE
Lcn12	chr2	FALSE	TRUE
Tmem201	chr4	FALSE	FALSE
Cenpa	chr5	FALSE	FALSE
Cstl1	chr2	FALSE	TRUE
Neurod1	chr2	FALSE	FALSE
Pcsk1	chr13	FALSE	TRUE
Fbxo25	chr8	FALSE	FALSE
Rpap3	chr15	FALSE	TRUE
Camta2	chr11	FALSE	FALSE
Cacfd1	chr2	FALSE	FALSE
Arhgef10	chr8	FALSE	TRUE
Dbp	chr7	FALSE	FALSE
Cnpy2	chr10	FALSE	FALSE
Syngr3	chr17	FALSE	FALSE
U2af1	chr17	FALSE	FALSE
Uqcc3	chr19	FALSE	FALSE
Iqsec2	chrX	FALSE	FALSE
4833439L19Rik	chr13	FALSE	FALSE
Slc25a32	chr15	FALSE	FALSE
Epdr1	chr13	FALSE	FALSE
Nucks1	chr1	FALSE	TRUE
Chic2	chr5	FALSE	FALSE
Rpl18	chr7	FALSE	FALSE
Ankrd42	chr7	FALSE	TRUE
Gsk3a	chr7	FALSE	FALSE
Stradb	chr1	FALSE	FALSE
Ezh1	chr11	FALSE	FALSE
Dolpp1	chr2	FALSE	FALSE
Nova1	chr12	TRUE	FALSE
Atl1	chr12	FALSE	FALSE
Gorab	chr1	FALSE	FALSE
Pkm	chr9	FALSE	TRUE
Fads3	chr19	FALSE	FALSE
Copg1	chr6	FALSE	TRUE
Rela	chr19	FALSE	FALSE
Emc4	chr2	FALSE	FALSE
Optc	chr1	FALSE	TRUE
Acot8	chr2	FALSE	FALSE
Fgfbp3	chr19	FALSE	FALSE
Sbf2	chr7	FALSE	TRUE
Elk1	chrX	FALSE	FALSE
Crtc3	chr7	FALSE	FALSE
Ppp2r5d	chr17	FALSE	FALSE
Sowaha	chr11	FALSE	FALSE
1600014C10Rik	chr7	FALSE	FALSE
Ythdc1	chr5	FALSE	FALSE
Msl1	chr11	FALSE	FALSE
Zfp229	chr17	FALSE	FALSE
1110065P20Rik	chr4	FALSE	FALSE
Flywch2	chr17	FALSE	FALSE
Efhc2	chrX	FALSE	TRUE
Slc18b1	chr10	FALSE	TRUE
Bmyc	chr2	FALSE	FALSE
Fancg	chr4	FALSE	FALSE
Cacnb3	chr15	FALSE	FALSE
Ddx19a	chr8	FALSE	FALSE
Cfap44	chr16	FALSE	TRUE
Daglb	chr5	FALSE	FALSE
Gm13090	chr4	FALSE	FALSE
Usp51	chrX	FALSE	FALSE
Bpnt1	chr1	FALSE	FALSE
Cul4b	chrX	FALSE	FALSE
Tmed5	chr5	FALSE	FALSE
Dnajc7	chr11	FALSE	FALSE
Atp6v1g1	chr4	FALSE	FALSE
Sh3bgrl3	chr4	FALSE	FALSE
Zfx	chrX	FALSE	FALSE
Trafd1	chr5	FALSE	FALSE
Wrnip1	chr13	FALSE	FALSE
Dnase1l1	chrX	FALSE	FALSE
Dbndd2	chr2	FALSE	FALSE
Sh3rf1	chr8	FALSE	TRUE
Spaca6	chr17	FALSE	FALSE
Sigmar1	chr4	FALSE	TRUE
Cldn9	chr17	FALSE	FALSE
Rabepk	chr2	FALSE	FALSE
Khsrp	chr17	FALSE	FALSE
Sppl2c	chr11	FALSE	TRUE
Xk	chrX	TRUE	TRUE
Ndn	chr7	FALSE	TRUE
Arc	chr15	FALSE	FALSE
Prelid3a	chr18	FALSE	FALSE
Derl1	chr15	FALSE	TRUE
Sema6b	chr17	FALSE	FALSE
Cdiptos	chr7	FALSE	FALSE
Gnb5	chr9	FALSE	FALSE
4930469K13Rik	chr11	FALSE	TRUE
Coro1b	chr19	FALSE	FALSE
Zbtb33	chrX	FALSE	FALSE
Aldoa	chr7	FALSE	FALSE
Slc25a11	chr11	FALSE	TRUE
Adprh	chr16	FALSE	FALSE
Phka2	chrX	FALSE	FALSE
Gm5617	chr9	FALSE	TRUE
Gipc1	chr8	FALSE	FALSE
Nup54	chr5	FALSE	FALSE
G6pdx	chrX	FALSE	FALSE
Etv5	chr16	FALSE	FALSE
Cxcr6	chr9	FALSE	FALSE
Leprotl1	chr8	FALSE	FALSE
Ampd2	chr3	FALSE	FALSE
Pcdh11x	chrX	FALSE	TRUE
Zfp319	chr8	FALSE	FALSE
Actr10	chr12	FALSE	FALSE
Aptx	chr4	FALSE	FALSE
Scamp4	chr10	FALSE	FALSE
Rpl22l1	chr3	FALSE	TRUE
Mia3	chr1	FALSE	FALSE
Ndufb5	chr3	FALSE	TRUE
Dusp3	chr11	FALSE	FALSE
Ubl3	chr5	FALSE	FALSE
Tmem209	chr6	FALSE	FALSE
Chrd	chr16	FALSE	FALSE
Zfand2a	chr5	FALSE	FALSE
Rab4a	chr8	FALSE	FALSE
Ubap1	chr4	FALSE	FALSE
Adam11	chr11	FALSE	FALSE
Mettl24	chr10	FALSE	FALSE
Ccdc162	chr10	FALSE	TRUE
Aamp	chr1	FALSE	FALSE
Bhlhe41	chr6	FALSE	FALSE
Gp1bb	chr16	FALSE	FALSE
Ddc	chr11	FALSE	TRUE
Klhl15	chrX	FALSE	FALSE
Fbxl14	chr6	FALSE	FALSE
Naxd	chr8	FALSE	FALSE
Ociad1	chr5	FALSE	FALSE
Cacnb1	chr11	FALSE	TRUE
Hr	chr14	FALSE	TRUE
Kctd18	chr1	FALSE	FALSE
Hook2	chr8	FALSE	TRUE
Tmprss2	chr16	FALSE	FALSE
Me3	chr7	FALSE	TRUE
Tmem169	chr1	FALSE	TRUE
Tmf1	chr6	FALSE	FALSE
Mesd	chr7	FALSE	FALSE
Snx30	chr4	FALSE	FALSE
Rabl3	chr16	FALSE	FALSE
Trim13	chr14	FALSE	FALSE
Coq7	chr7	FALSE	FALSE
Adamts1	chr16	FALSE	FALSE
Jak3	chr8	FALSE	FALSE
Tspyl5	chr15	FALSE	TRUE
Peg3	chr7	FALSE	FALSE
Sema5a	chr15	FALSE	FALSE
Flrt1	chr19	FALSE	FALSE
Pdcd11	chr19	FALSE	FALSE
Cnih2	chr19	FALSE	TRUE
Iah1	chr12	FALSE	FALSE
Zmat1	chrX	FALSE	FALSE
Cabyr	chr18	FALSE	FALSE
Mc2r	chr18	FALSE	TRUE
Vps4a	chr8	FALSE	FALSE
Tmx3	chr18	FALSE	FALSE
Rcc2	chr4	FALSE	FALSE
Cpsf2	chr12	FALSE	FALSE
Myf5	chr10	FALSE	TRUE
Celf3	chr3	FALSE	TRUE
Washc3	chr10	FALSE	FALSE
Pabpn1l	chr8	FALSE	FALSE
Apex2	chrX	FALSE	FALSE
Hspbp1	chr7	FALSE	FALSE
H1f2	chr13	FALSE	TRUE
Cfap157	chr2	FALSE	TRUE
Nfx1	chr4	FALSE	FALSE
Fn3k	chr11	FALSE	FALSE
Eif3m	chr2	FALSE	FALSE
Radil	chr5	FALSE	TRUE
Mfsd8	chr3	FALSE	FALSE
Crygs	chr16	FALSE	TRUE
Seh1l	chr18	FALSE	FALSE
Napepld	chr5	FALSE	FALSE
Zfand5	chr19	FALSE	FALSE
Bad	chr19	FALSE	FALSE
Vps39	chr2	FALSE	FALSE
Il16	chr7	FALSE	FALSE
Lsm4	chr8	FALSE	FALSE
Mitf	chr6	FALSE	TRUE
Dlat	chr9	FALSE	FALSE
Ciart	chr3	FALSE	FALSE
Eif1a	chr18	FALSE	FALSE
Pgm2l1	chr7	FALSE	FALSE
Cep19	chr16	FALSE	FALSE
Prrt1	chr17	FALSE	TRUE
Plcxd1	chr5	FALSE	FALSE
Lynx1	chr15	FALSE	TRUE
Rnft1	chr11	FALSE	TRUE
Arl3	chr19	FALSE	FALSE
Mrpl23	chr7	FALSE	FALSE
Cox7c	chr13	FALSE	FALSE
Stx3	chr19	FALSE	FALSE
Rnf4	chr5	FALSE	FALSE
Smg7	chr1	FALSE	FALSE
Cylc2	chr4	FALSE	TRUE
Ap1s2	chrX	FALSE	FALSE
Prpf4b	chr13	FALSE	FALSE
Zfp37	chr4	FALSE	FALSE
Cldn2	chrX	FALSE	TRUE
Grin2c	chr11	FALSE	FALSE
Ap3m1	chr14	FALSE	FALSE
Hspa13	chr16	FALSE	FALSE
Gmcl1	chr6	FALSE	FALSE
Rpp21	chr17	FALSE	FALSE
Srrt	chr5	FALSE	FALSE
Emc10	chr7	FALSE	FALSE
Gpr75	chr11	FALSE	FALSE
Irf2bp2	chr8	FALSE	TRUE
Ppm1a	chr12	FALSE	FALSE
Gmpr2	chr14	FALSE	FALSE
Rex1bd	chr8	FALSE	FALSE
Cnnm4	chr1	FALSE	FALSE
Mkrn1	chr6	FALSE	FALSE
Abcc1	chr16	FALSE	FALSE
Ntn3	chr17	FALSE	TRUE
Cox18	chr5	FALSE	FALSE
Emc7	chr2	FALSE	FALSE
Tnfrsf13c	chr15	FALSE	TRUE
Ppp1r14bl	chr1	FALSE	TRUE
Rpl13a	chr7	FALSE	FALSE
Tmem147	chr7	FALSE	FALSE
Car15	chr16	FALSE	FALSE
Tmem168	chr6	FALSE	FALSE
Nrbp2	chr15	FALSE	TRUE
Lamtor4	chr5	FALSE	FALSE
Vps36	chr8	FALSE	FALSE
Pex7	chr10	FALSE	FALSE
Adgb	chr10	FALSE	FALSE
Fcor	chr8	FALSE	TRUE
Sepsecs	chr5	FALSE	FALSE
H2bc3	chr13	FALSE	FALSE
Ip6k2	chr9	FALSE	TRUE
Wfikkn2	chr11	FALSE	FALSE
Zkscan1	chr5	FALSE	FALSE
Zfp426	chr9	FALSE	FALSE
Pin1rt1	chr2	FALSE	TRUE
Slc12a7	chr13	FALSE	TRUE
Akr1a1	chr4	FALSE	FALSE
Slc29a4	chr5	FALSE	FALSE
Rmnd1	chr10	FALSE	FALSE
Rnf14	chr18	FALSE	FALSE
Leprot	chr4	FALSE	FALSE
Gjc2	chr11	FALSE	FALSE
Reps1	chr10	FALSE	FALSE
Khdc3	chr9	FALSE	TRUE
Mypop	chr7	FALSE	FALSE
Taok1	chr11	FALSE	FALSE
Slc35c2	chr2	FALSE	TRUE
Azi2	chr9	FALSE	FALSE
Haus3	chr5	FALSE	FALSE
Hsd17b3	chr13	FALSE	FALSE
Ggt7	chr2	FALSE	FALSE
Psmb7	chr2	FALSE	TRUE
Bsg	chr10	FALSE	FALSE
Ccdc92	chr5	FALSE	FALSE
Tra2a	chr6	FALSE	TRUE
Atxn2l	chr7	FALSE	FALSE
1700001J03Rik	chr5	FALSE	FALSE
Mindy1	chr3	FALSE	TRUE
Pask	chr1	FALSE	FALSE
Ctsl	chr13	FALSE	FALSE
Tspoap1	chr11	FALSE	FALSE
Gpx4	chr10	FALSE	FALSE
Dek	chr13	FALSE	FALSE
Camsap3	chr8	FALSE	FALSE
1700019A02Rik	chr1	FALSE	TRUE
Meis3	chr7	FALSE	FALSE
Elmo2	chr2	FALSE	TRUE
Nub1	chr5	FALSE	FALSE
Tmem59	chr4	FALSE	FALSE
Iba57	chr11	FALSE	FALSE
Rexo1	chr10	FALSE	FALSE
Tha1	chr11	FALSE	TRUE
Rplp2	chr7	FALSE	FALSE
Aldh3a1	chr11	FALSE	FALSE
Rack1	chr11	FALSE	TRUE
Nt5c1a	chr4	FALSE	FALSE
Hmgcs1	chr13	FALSE	FALSE
Ndfip1	chr18	FALSE	FALSE
Nat9	chr11	FALSE	TRUE
Pabpc2	chr18	FALSE	TRUE
Pdp2	chr8	FALSE	FALSE
Tsc22d3	chrX	FALSE	TRUE
Mapk3	chr7	FALSE	FALSE
Pea15a	chr1	FALSE	FALSE
Zfp617	chr8	FALSE	FALSE
Dvl1	chr4	FALSE	FALSE
Pink1	chr4	FALSE	FALSE
Smim12	chr4	FALSE	FALSE
Pdpk1	chr17	FALSE	FALSE
Gabarapl2	chr8	FALSE	FALSE
Cdh23	chr10	FALSE	TRUE
Selenok	chr14	FALSE	FALSE
Nfkbie	chr17	FALSE	TRUE
Inpp5e	chr2	FALSE	FALSE
Rfx1	chr8	FALSE	FALSE
Hsf2	chr10	FALSE	FALSE
Ndufab1	chr7	FALSE	FALSE
Vstm2a	chr11	FALSE	FALSE
Coro1a	chr7	FALSE	FALSE
Hnrnpa3	chr2	FALSE	FALSE
Tspan12	chr6	FALSE	TRUE
Capns1	chr7	FALSE	FALSE
Ptpmt1	chr2	FALSE	FALSE
Ptpn5	chr7	FALSE	TRUE
Kctd2	chr11	FALSE	FALSE
S100a16	chr3	FALSE	FALSE
Slc29a2	chr19	FALSE	FALSE
Zfp2	chr11	FALSE	FALSE
Nhlrc3	chr3	FALSE	FALSE
Cir1	chr2	FALSE	FALSE
Dnase1l2	chr17	FALSE	TRUE
Fzd4	chr7	FALSE	FALSE
Morc3	chr16	FALSE	FALSE
Gtf2a1	chr12	FALSE	FALSE
Gtf2f1	chr17	FALSE	FALSE
Tm7sf2	chr19	FALSE	FALSE
Sumo3	chr10	FALSE	FALSE
Trmt61a	chr12	FALSE	FALSE
Pgm2	chr5	FALSE	FALSE
Paip2b	chr6	FALSE	FALSE
Hsdl2	chr4	FALSE	TRUE
Cdkn1c	chr7	FALSE	TRUE
Rec8	chr14	FALSE	TRUE
Anxa5	chr3	FALSE	FALSE
Tssk5	chr15	FALSE	TRUE
Tpm4	chr8	FALSE	FALSE
Ppp2r5b	chr19	FALSE	FALSE
Gpr180	chr14	FALSE	FALSE
Cabp1	chr5	FALSE	TRUE
Vipas39	chr12	FALSE	FALSE
Ctnna2	chr6	TRUE	FALSE
Emb	chr13	FALSE	TRUE
Zfp667	chr7	FALSE	TRUE
Hdac10	chr15	FALSE	FALSE
F3	chr3	FALSE	TRUE
Mpp3	chr11	FALSE	FALSE
Dnpep	chr1	FALSE	FALSE
Gng4	chr13	FALSE	TRUE
Dpf1	chr7	FALSE	TRUE
Mterf1a	chr5	FALSE	FALSE
Telo2	chr17	FALSE	TRUE
Serac1	chr17	FALSE	FALSE
Pim1	chr17	FALSE	TRUE
Cdh24	chr14	FALSE	TRUE
Nme2	chr11	FALSE	FALSE
Alg6	chr4	FALSE	FALSE
Gzmg	chr14	FALSE	FALSE
Pdia6	chr12	FALSE	FALSE
Mpnd	chr17	FALSE	FALSE
Akr1e1	chr13	FALSE	FALSE
Ankrd16	chr2	FALSE	FALSE
Pafah1b3	chr7	FALSE	TRUE
Rdm1	chr11	FALSE	FALSE
Slc45a1	chr4	FALSE	FALSE
Tceal5	chrX	FALSE	FALSE
Tceal7	chrX	FALSE	FALSE
Grhl2	chr15	FALSE	TRUE
Klrg2	chr6	FALSE	TRUE
Pcbp3	chr10	FALSE	FALSE
Plcxd3	chr15	FALSE	FALSE
Got2	chr8	FALSE	TRUE
Galnt15	chr14	FALSE	TRUE
Pbx2	chr17	FALSE	FALSE
Ppp1r15b	chr1	FALSE	FALSE
Rnf138	chr18	FALSE	FALSE
Ankrd23	chr1	FALSE	TRUE
Zfp335	chr2	FALSE	FALSE
Gle1	chr2	FALSE	FALSE
Pum3	chr19	FALSE	FALSE
Ccdc148	chr2	FALSE	TRUE
Syvn1	chr19	FALSE	FALSE
Eci1	chr17	FALSE	FALSE
Slc35c1	chr2	FALSE	TRUE
Stard5	chr7	FALSE	TRUE
Fam149b	chr14	FALSE	FALSE
Crlf3	chr11	FALSE	FALSE
Fbxo16	chr14	FALSE	TRUE
Zfp395	chr14	FALSE	TRUE
Chst1	chr2	FALSE	TRUE
Gls2	chr10	FALSE	FALSE
Tmem123	chr9	FALSE	FALSE
Lrrc8a	chr2	FALSE	FALSE
Rbmx	chrX	FALSE	FALSE
Rab4b	chr7	FALSE	FALSE
Dvl2	chr11	FALSE	FALSE
Ssc4d	chr5	FALSE	FALSE
Disp2	chr2	FALSE	FALSE
H2ac7	chr13	FALSE	FALSE
Exosc6	chr8	FALSE	FALSE
Taf9b	chrX	FALSE	FALSE
Tssc4	chr7	FALSE	FALSE
Ybx1	chr4	FALSE	FALSE
Sh3gl1	chr17	FALSE	FALSE
Zfp770	chr2	FALSE	FALSE
St6galnac4	chr2	FALSE	FALSE
Nfic	chr10	FALSE	FALSE
Fxr2	chr11	FALSE	FALSE
Sla2	chr2	FALSE	TRUE
Pde1b	chr15	FALSE	FALSE
Tmem80	chr7	FALSE	FALSE
Prpf38a	chr4	FALSE	TRUE
Plec	chr15	FALSE	FALSE
Neu2	chr1	FALSE	FALSE
Rpgr	chrX	FALSE	FALSE
Wfikkn1	chr17	FALSE	TRUE
Nfil3	chr13	FALSE	FALSE
4933430I17Rik	chr4	FALSE	FALSE
Tmem9	chr1	FALSE	FALSE
Thsd7a	chr6	FALSE	TRUE
Dlgap1	chr17	FALSE	FALSE
Mybph	chr1	FALSE	FALSE
Cgrrf1	chr14	FALSE	FALSE
Naa40	chr19	FALSE	FALSE
Shisa4	chr1	FALSE	FALSE
Tecr	chr8	FALSE	TRUE
2610008E11Rik	chr10	FALSE	FALSE
Dync1li2	chr8	FALSE	FALSE
Nop53	chr7	FALSE	TRUE
Iqcc	chr4	FALSE	FALSE
Fndc10	chr4	FALSE	TRUE
Ap5b1	chr19	FALSE	FALSE
Cmc4	chrX	FALSE	FALSE
Dr1	chr5	FALSE	FALSE
Ift43	chr12	FALSE	TRUE
Plat	chr8	FALSE	FALSE
Atp10a	chr7	FALSE	TRUE
Prom2	chr2	FALSE	TRUE
Foxq1	chr13	FALSE	TRUE
H2-D1	chr17	FALSE	FALSE
Sowahb	chr5	FALSE	FALSE
Sec61b	chr4	FALSE	TRUE
Kpna4	chr3	FALSE	FALSE
Zyx	chr6	FALSE	FALSE
Prpf8	chr11	FALSE	TRUE
Smyd4	chr11	FALSE	FALSE
Tmem132a	chr19	FALSE	FALSE
Ntf3	chr6	FALSE	TRUE
Gm6525	chr3	FALSE	TRUE
Rars2	chr4	FALSE	FALSE
Mtfp1	chr11	FALSE	FALSE
Nrp1	chr8	FALSE	TRUE
Camk1	chr6	FALSE	FALSE
Ankra2	chr13	FALSE	FALSE
Psmc3ip	chr11	FALSE	FALSE
Birc5	chr11	FALSE	FALSE
Tcf3	chr10	FALSE	FALSE
Abhd16a	chr17	FALSE	FALSE
Fitm2	chr2	FALSE	FALSE
Lrrtm1	chr6	FALSE	FALSE
Mb	chr15	FALSE	FALSE
Sbf1	chr15	FALSE	TRUE
Mre11a	chr9	FALSE	FALSE
Pla2g4a	chr1	FALSE	TRUE
Laptm4a	chr12	FALSE	FALSE
Ddb1	chr19	FALSE	FALSE
Vac14	chr8	FALSE	TRUE
AU040320	chr4	FALSE	FALSE
Nap1l3	chrX	FALSE	FALSE
Psmb10	chr8	FALSE	TRUE
Il18bp	chr7	FALSE	TRUE
Zfp142	chr1	FALSE	FALSE
Zfp169	chr13	FALSE	FALSE
Pwp2	chr10	FALSE	FALSE
Etfb	chr7	FALSE	FALSE
Rala	chr13	FALSE	TRUE
Agtrap	chr4	FALSE	TRUE
Tmx1	chr12	FALSE	FALSE
Pdhb	chr14	FALSE	FALSE
Vapa	chr17	FALSE	FALSE
Hs6st1	chr1	FALSE	FALSE
Gorasp2	chr2	FALSE	FALSE
Kctd5	chr17	FALSE	FALSE
Setd1a	chr7	FALSE	FALSE
Ccdc120	chrX	FALSE	FALSE
Tpr	chr1	FALSE	FALSE
Tmem177	chr1	FALSE	FALSE
Ldoc1	chrX	FALSE	TRUE
Pnisr	chr4	FALSE	FALSE
Snx5	chr2	FALSE	FALSE
Rab21	chr10	FALSE	FALSE
Zfp14	chr7	FALSE	FALSE
Otud6b	chr4	FALSE	FALSE
Rpl3	chr15	FALSE	FALSE
Arf6	chr12	FALSE	FALSE
Yars2	chr16	FALSE	FALSE
B4galnt1	chr10	FALSE	TRUE
Adi1	chr12	FALSE	FALSE
Ly6m	chr15	FALSE	FALSE
Mylip	chr13	FALSE	FALSE
Cbll1	chr12	FALSE	FALSE
Mrm3	chr11	FALSE	FALSE
Adat3	chr10	FALSE	FALSE
Fahd1	chr17	FALSE	FALSE
Mmut	chr17	FALSE	FALSE
Wdr5b	chr16	FALSE	FALSE
Samd4	chr14	FALSE	TRUE
Rph3al	chr11	FALSE	TRUE
Slc2a6	chr2	FALSE	TRUE
Grk3	chr5	FALSE	TRUE
Them6	chr15	FALSE	FALSE
Efcab12	chr6	FALSE	TRUE
Syndig1	chr2	FALSE	TRUE
Med31	chr11	FALSE	FALSE
Hspb8	chr5	FALSE	TRUE
Vps37c	chr19	FALSE	FALSE
Tnk2	chr16	FALSE	FALSE
Tigd3	chr19	FALSE	FALSE
Psph	chr5	FALSE	TRUE
Fzd1	chr5	FALSE	TRUE
Golgb1	chr16	FALSE	TRUE
Tef	chr15	FALSE	FALSE
Ppp2cb	chr8	FALSE	FALSE
Itm2b	chr14	FALSE	TRUE
Zc3h15	chr2	FALSE	FALSE
Tut1	chr19	FALSE	FALSE
Tbc1d7	chr13	FALSE	FALSE
Izumo4	chr10	FALSE	FALSE
Pigf	chr17	FALSE	FALSE
Elac1	chr18	FALSE	FALSE
Naca	chr10	FALSE	TRUE
Peak1	chr9	FALSE	FALSE
Plppr2	chr9	FALSE	FALSE
Pgrmc2	chr3	FALSE	FALSE
Daam2	chr17	FALSE	TRUE
Dusp5	chr19	FALSE	FALSE
Rdh11	chr12	FALSE	FALSE
Nthl1	chr17	FALSE	FALSE
Tcf25	chr8	FALSE	FALSE
Insyn1	chr9	FALSE	FALSE
Cdk4	chr10	FALSE	TRUE
C1ra	chr6	FALSE	TRUE
Brpf1	chr6	FALSE	FALSE
Mthfd1	chr12	FALSE	FALSE
St8sia3	chr18	FALSE	FALSE
Ralgds	chr2	FALSE	FALSE
Anapc16	chr10	FALSE	FALSE
Myl7	chr11	FALSE	FALSE
Flad1	chr3	FALSE	FALSE
Fbxo38	chr18	FALSE	FALSE
Zfp354a	chr11	FALSE	FALSE
Socs3	chr11	FALSE	FALSE
Fmnl1	chr11	FALSE	FALSE
Hus1	chr11	FALSE	FALSE
Uros	chr7	FALSE	FALSE
Klhdc1	chr12	FALSE	FALSE
Cbarp	chr10	FALSE	FALSE
Zscan18	chr7	FALSE	TRUE
Timm13	chr10	FALSE	FALSE
Nae1	chr8	FALSE	TRUE
Cnp	chr11	FALSE	FALSE
Robo3	chr9	FALSE	TRUE
Rap1gds1	chr3	FALSE	FALSE
Mtch2	chr2	FALSE	FALSE
Dennd11	chr6	FALSE	FALSE
Ube2v1	chr2	FALSE	FALSE
Ufc1	chr1	FALSE	FALSE
Nit2	chr16	FALSE	FALSE
Cebpe	chr14	FALSE	TRUE
Nbdy	chrX	FALSE	FALSE
Rpl29	chr9	FALSE	FALSE
Rpl10a	chr17	FALSE	FALSE
Kmt5a	chr5	FALSE	TRUE
Eif2b4	chr5	FALSE	FALSE
Dda1	chr8	FALSE	FALSE
Prr15	chr6	FALSE	TRUE
Shisa2	chr14	FALSE	TRUE
Saysd1	chr14	FALSE	FALSE
Rbm48	chr5	FALSE	FALSE
Ubl4b	chr3	FALSE	TRUE
Txndc2	chr17	FALSE	FALSE
Snrpd3	chr10	FALSE	FALSE
Ntan1	chr16	FALSE	FALSE
Smpd1	chr7	FALSE	FALSE
Rnf11	chr4	FALSE	FALSE
Mars1	chr10	FALSE	FALSE
Papss1	chr3	FALSE	FALSE
Lysmd3	chr13	FALSE	FALSE
Mcee	chr7	FALSE	FALSE
Nqo2	chr13	FALSE	TRUE
Tmem179b	chr19	FALSE	FALSE
Paqr4	chr17	FALSE	FALSE
Zfp563	chr17	FALSE	FALSE
Abcg4	chr9	FALSE	FALSE
Cstf1	chr2	FALSE	TRUE
Ldlrap1	chr4	FALSE	TRUE
Dctn2	chr10	FALSE	FALSE
Poli	chr18	FALSE	FALSE
Dalrd3	chr9	FALSE	TRUE
Sqle	chr15	FALSE	FALSE
Inpp1	chr1	FALSE	FALSE
Ucp2	chr7	FALSE	TRUE
Srsf7	chr17	FALSE	FALSE
Prss36	chr7	FALSE	FALSE
Srsf6	chr2	FALSE	FALSE
Mrpl39	chr16	FALSE	FALSE
Mdk	chr2	FALSE	FALSE
Cercam	chr2	FALSE	FALSE
Adamts6	chr13	FALSE	TRUE
Pecr	chr1	FALSE	TRUE
Gzf1	chr2	FALSE	FALSE
Cldnd1	chr16	FALSE	FALSE
Sephs1	chr2	FALSE	FALSE
Scnm1	chr3	FALSE	FALSE
Fis1	chr5	FALSE	TRUE
Tmem25	chr9	FALSE	FALSE
Slc5a6	chr5	FALSE	FALSE
Ankrd52	chr10	FALSE	TRUE
4930451I11Rik	chr7	FALSE	TRUE
Nudt9	chr5	FALSE	FALSE
S100a10	chr3	FALSE	TRUE
Tmem198b	chr10	FALSE	FALSE
Kdm5a	chr6	FALSE	TRUE
Slc22a12	chr19	FALSE	TRUE
Tusc2	chr9	FALSE	FALSE
Unc13d	chr11	FALSE	TRUE
Hexim2	chr11	FALSE	FALSE
Nup62	chr7	FALSE	FALSE
Cep55	chr19	FALSE	FALSE
Tuba1b	chr15	FALSE	FALSE
Ces2b	chr8	FALSE	TRUE
Tpd52l2	chr2	FALSE	FALSE
Ddah2	chr17	FALSE	TRUE
Zfp758	chr17	FALSE	FALSE
Car12	chr9	FALSE	TRUE
Atp10b	chr11	FALSE	TRUE
Frat1	chr19	FALSE	FALSE
Psmb5	chr14	FALSE	FALSE
Nat14	chr7	FALSE	FALSE
Magi2	chr5	FALSE	FALSE
Tomm34	chr2	FALSE	FALSE
Capn15	chr17	FALSE	FALSE
Sergef	chr7	FALSE	TRUE
Rnf183	chr4	FALSE	TRUE
Lamtor2	chr3	FALSE	FALSE
Cdk7	chr13	FALSE	FALSE
Fbxo30	chr10	FALSE	FALSE
Ypel2	chr11	FALSE	TRUE
Apeh	chr9	FALSE	FALSE
Idh3g	chrX	FALSE	FALSE
Lemd3	chr10	FALSE	FALSE
Coq2	chr5	FALSE	FALSE
B4galnt4	chr7	FALSE	FALSE
Lgi3	chr14	FALSE	FALSE
Eef1akmt1	chr14	FALSE	TRUE
Spata21	chr4	FALSE	TRUE
Gpi1	chr7	FALSE	FALSE
Katnbl1	chr2	FALSE	FALSE
Rnf25	chr1	FALSE	FALSE
Rfng	chr11	FALSE	FALSE
Arf5	chr6	FALSE	FALSE
Parp16	chr9	FALSE	FALSE
Anp32b	chr4	FALSE	TRUE
Armcx2	chrX	FALSE	FALSE
Tmem128	chr5	FALSE	FALSE
Rbm39	chr2	FALSE	FALSE
Rfc4	chr16	FALSE	FALSE
Rps17	chr7	FALSE	FALSE
Ybx3	chr6	FALSE	TRUE
Acvr1c	chr2	FALSE	TRUE
Scx	chr15	FALSE	FALSE
Zfp811	chr17	FALSE	TRUE
Csrnp1	chr9	FALSE	FALSE
Terb1	chr8	FALSE	FALSE
Fech	chr18	FALSE	FALSE
Gpr85	chr6	FALSE	FALSE
Arcn1	chr9	FALSE	FALSE
Zfp467	chr6	FALSE	FALSE
Aspdh	chr7	FALSE	FALSE
Srf	chr17	FALSE	TRUE
Allc	chr12	FALSE	FALSE
Lsmem2	chr9	FALSE	FALSE
Ndufs7	chr10	FALSE	FALSE
Rab24	chr13	FALSE	TRUE
Ubl7	chr9	FALSE	FALSE
A3galt2	chr4	FALSE	TRUE
Mxd4	chr5	FALSE	FALSE
Gnai2	chr9	FALSE	TRUE
Btg1	chr10	FALSE	FALSE
Clic1	chr17	FALSE	TRUE
Cct7	chr6	FALSE	FALSE
Sfpq	chr4	FALSE	FALSE
Ipo5	chr14	FALSE	FALSE
Tmem86a	chr7	FALSE	FALSE
Xkr7	chr2	FALSE	FALSE
Osgepl1	chr1	FALSE	TRUE
Cox7b	chrX	FALSE	FALSE
Zfp488	chr14	FALSE	TRUE
Adamts10	chr17	FALSE	FALSE
Hipk1	chr3	FALSE	FALSE
Unk	chr11	FALSE	FALSE
Cbr4	chr8	FALSE	FALSE
Rps5	chr7	FALSE	FALSE
Xpo5	chr17	FALSE	FALSE
Mlf2	chr6	FALSE	FALSE
Gm20741	chr16	FALSE	TRUE
Tedc2	chr17	FALSE	TRUE
Plgrkt	chr19	FALSE	FALSE
Mblac1	chr5	FALSE	FALSE
Galt	chr4	FALSE	FALSE
Iqcn	chr8	FALSE	FALSE
Apba3	chr10	FALSE	FALSE
Cplane2	chr4	FALSE	FALSE
Socs1	chr16	FALSE	TRUE
Slc38a9	chr13	FALSE	FALSE
Serpinh1	chr7	FALSE	FALSE
Ing3	chr6	FALSE	FALSE
Dmtn	chr14	FALSE	TRUE
Arrdc3	chr13	FALSE	FALSE
Atg14	chr14	FALSE	FALSE
Zfp52	chr17	FALSE	FALSE
Fbxl6	chr15	FALSE	TRUE
Zfp36l1	chr12	FALSE	FALSE
Pop4	chr7	FALSE	FALSE
Clip3	chr7	FALSE	FALSE
Tmem17	chr11	FALSE	FALSE
Erf	chr7	FALSE	FALSE
Obsl1	chr1	FALSE	FALSE
Mef2d	chr3	FALSE	FALSE
Rpl37a	chr1	FALSE	FALSE
G0s2	chr1	FALSE	TRUE
Bckdk	chr7	FALSE	FALSE
Gal3st2	chr1	FALSE	TRUE
Rpl9	chr5	FALSE	FALSE
Tstd2	chr4	FALSE	FALSE
Ppp1r3e	chr14	FALSE	FALSE
Cisd3	chr11	FALSE	FALSE
Entpd2	chr2	FALSE	TRUE
Zdhhc18	chr4	FALSE	TRUE
Ube2i	chr17	FALSE	FALSE
Gpr63	chr4	FALSE	FALSE
Castor2	chr5	FALSE	FALSE
Maged1	chrX	FALSE	TRUE
Srpk1	chr17	FALSE	FALSE
Ccnc	chr4	FALSE	FALSE
Msmo1	chr8	FALSE	FALSE
Prcd	chr11	FALSE	TRUE
Rab12	chr17	FALSE	FALSE
Paxip1	chr5	FALSE	FALSE
Pgm3	chr9	FALSE	FALSE
Rbak	chr5	FALSE	FALSE
Zfp513	chr5	FALSE	FALSE
Gtpbp8	chr16	FALSE	FALSE
Slc35a2	chrX	FALSE	FALSE
Rps16	chr7	FALSE	FALSE
Tspan14	chr14	FALSE	FALSE
Tra2b	chr16	FALSE	FALSE
Spns1	chr7	FALSE	FALSE
Minar1	chr9	FALSE	FALSE
Llph	chr10	FALSE	FALSE
Kdelr1	chr7	FALSE	TRUE
Fgf22	chr10	FALSE	TRUE
Smyd2	chr1	FALSE	TRUE
Trmt12	chr15	FALSE	FALSE
Smim17	chr7	FALSE	FALSE
Dele1	chr18	FALSE	FALSE
Bcl7b	chr5	FALSE	FALSE
Cgnl1	chr9	FALSE	FALSE
Zfp871	chr17	FALSE	FALSE
Csnk1g2	chr10	FALSE	FALSE
Selenoo	chr15	FALSE	FALSE
Dnm1l	chr16	FALSE	FALSE
Rom1	chr19	FALSE	FALSE
Phc2	chr4	FALSE	TRUE
Atp6v1c1	chr15	FALSE	FALSE
Efcab9	chr11	FALSE	TRUE
Mettl14	chr3	FALSE	FALSE
Atg10	chr13	FALSE	FALSE
Ttc34	chr4	FALSE	FALSE
Sec24c	chr14	FALSE	FALSE
Herc3	chr6	FALSE	FALSE
Cfap298	chr16	FALSE	FALSE
Golga1	chr2	FALSE	FALSE
Btg2	chr1	FALSE	FALSE
Pdxk	chr10	FALSE	FALSE
Atp6v0c	chr17	FALSE	FALSE
Rhbdf1	chr11	FALSE	FALSE
Pla2g2c	chr4	FALSE	FALSE
Tmem8b	chr4	FALSE	TRUE
Mybpc3	chr2	FALSE	TRUE
Hdac5	chr11	FALSE	TRUE
Selenon	chr4	FALSE	FALSE
Trappc1	chr11	FALSE	FALSE
Cdc45	chr16	FALSE	FALSE
Lin9	chr1	FALSE	FALSE
Umps	chr16	FALSE	FALSE
Fgf9	chr14	FALSE	FALSE
Rragc	chr4	FALSE	FALSE
Mad2l2	chr4	FALSE	FALSE
Tnfrsf18	chr4	FALSE	FALSE
Trappc5	chr8	FALSE	FALSE
Clptm1l	chr13	FALSE	FALSE
Dennd4b	chr3	FALSE	TRUE
Gjb5	chr4	FALSE	FALSE
Atxn7l2	chr3	FALSE	FALSE
Igf2r	chr17	FALSE	FALSE
Slc7a5	chr8	FALSE	TRUE
St3gal6	chr16	FALSE	TRUE
Efemp2	chr19	FALSE	FALSE
Hexim1	chr11	FALSE	FALSE
Pnpt1	chr11	FALSE	FALSE
Scoc	chr8	FALSE	FALSE
Parp12	chr6	FALSE	TRUE
Cntln	chr4	FALSE	TRUE
Mymx	chr17	FALSE	TRUE
Ypel4	chr2	FALSE	FALSE
Tyro3	chr2	FALSE	FALSE
Dgkz	chr2	FALSE	FALSE
Cherp	chr8	FALSE	FALSE
Snx20	chr8	FALSE	FALSE
Zfp383	chr7	FALSE	FALSE
Dmtf1	chr5	FALSE	FALSE
Syne4	chr7	FALSE	TRUE
Ctdsp2	chr10	FALSE	FALSE
Ccdc166	chr15	FALSE	FALSE
Tex44	chr1	FALSE	TRUE
Ndufv3	chr17	FALSE	TRUE
Elk4	chr1	FALSE	FALSE
Ddx11	chr17	FALSE	FALSE
Tmem141	chr2	FALSE	TRUE
Rabac1	chr7	FALSE	FALSE
Dlgap3	chr4	FALSE	FALSE
Aph1b	chr9	FALSE	TRUE
Ggps1	chr13	FALSE	FALSE
Calr	chr8	FALSE	FALSE
Mt1	chr8	FALSE	TRUE
Mrps33	chr6	FALSE	FALSE
Zbtb43	chr2	FALSE	FALSE
Bzw1	chr1	FALSE	FALSE
Hspb6	chr7	FALSE	FALSE
Trabd	chr15	FALSE	FALSE
Ulk1	chr5	FALSE	FALSE
Rnf144b	chr13	FALSE	TRUE
Ndufaf7	chr17	FALSE	FALSE
Cep120	chr18	FALSE	TRUE
Zfp775	chr6	FALSE	FALSE
Cpxm2	chr7	FALSE	FALSE
Slf1	chr13	FALSE	FALSE
Nelfb	chr2	FALSE	FALSE
Per3	chr4	FALSE	FALSE
Trhr2	chr8	FALSE	TRUE
Plekhj1	chr10	FALSE	FALSE
Otol1	chr3	FALSE	TRUE
Ppa1	chr10	FALSE	FALSE
Swi5	chr2	FALSE	FALSE
Sf3b6	chr12	FALSE	FALSE
Bloc1s6	chr2	FALSE	FALSE
Ing2	chr8	FALSE	FALSE
Wdr13	chrX	FALSE	FALSE
Galr1	chr18	FALSE	TRUE
Lgr5	chr10	FALSE	TRUE
Sdcbp	chr4	TRUE	FALSE
Rps23	chr13	FALSE	FALSE
Dynlt3	chrX	FALSE	FALSE
Plppr3	chr10	FALSE	TRUE
Cox5a	chr9	FALSE	FALSE
Calm2	chr17	FALSE	FALSE
Enc1	chr13	FALSE	TRUE
E030018B13Rik	chr7	FALSE	FALSE
Asb8	chr15	FALSE	TRUE
Gabrg2	chr11	TRUE	TRUE
Ttc8	chr12	TRUE	FALSE
Tspyl4	chr10	FALSE	FALSE
Gpr21	chr2	FALSE	FALSE
Gpr87	chr3	FALSE	TRUE
Amfr	chr8	FALSE	FALSE
Rhob	chr12	FALSE	TRUE
Odf2l	chr3	FALSE	FALSE
Enpp4	chr17	FALSE	FALSE
Prdx3	chr19	FALSE	FALSE
Sec14l2	chr11	FALSE	FALSE
Tardbp	chr4	FALSE	FALSE
Plpbp	chr8	FALSE	TRUE
Gpr25	chr1	FALSE	FALSE
Tprn	chr2	FALSE	FALSE
Mcl1	chr3	FALSE	FALSE
Klhl23	chr2	FALSE	TRUE
Il23a	chr10	FALSE	TRUE
Nr2c1	chr10	FALSE	TRUE
Ier2	chr8	FALSE	FALSE
E030025P04Rik	chr11	FALSE	TRUE
Pomk	chr8	FALSE	FALSE
Nudt5	chr2	FALSE	FALSE
Cavin3	chr7	FALSE	FALSE
Smarcb1	chr10	FALSE	FALSE
Mtbp	chr15	FALSE	FALSE
Slc7a8	chr14	FALSE	FALSE
Akain1	chr17	FALSE	FALSE
Gpr142	chr11	FALSE	TRUE
Coa6	chr8	FALSE	FALSE
Nom1	chr5	FALSE	FALSE
Trpv2	chr11	FALSE	FALSE
Fem1a	chr17	FALSE	FALSE
Cdh8	chr8	FALSE	TRUE
Aldob	chr4	FALSE	TRUE
Fuz	chr7	FALSE	FALSE
Tsen15	chr1	FALSE	FALSE
Ccdc85c	chr12	FALSE	FALSE
Crtc2	chr3	FALSE	TRUE
Actb	chr5	FALSE	FALSE
Slc39a13	chr2	FALSE	FALSE
Osgep	chr14	FALSE	FALSE
Mfsd11	chr11	FALSE	FALSE
Ing1	chr8	FALSE	FALSE
Idnk	chr13	FALSE	FALSE
Mfsd3	chr15	FALSE	FALSE
Sprtn	chr8	FALSE	FALSE
Fos	chr12	FALSE	FALSE
Unc5d	chr8	FALSE	TRUE
Rpl39	chrX	FALSE	FALSE
Scnn1b	chr7	FALSE	TRUE
H4c3	chr13	FALSE	FALSE
Tspyl3	chr2	FALSE	FALSE
Ctdsp1	chr1	FALSE	FALSE
Pip5k1a	chr3	FALSE	FALSE
Psmd7	chr8	FALSE	TRUE
Hint3	chr10	FALSE	FALSE
Ercc3	chr18	FALSE	FALSE
Ppp1r15a	chr7	FALSE	FALSE
Gsr	chr8	FALSE	FALSE
Echs1	chr7	FALSE	FALSE
Mat2a	chr6	FALSE	FALSE
Rfk	chr19	FALSE	FALSE
Mmp24	chr2	FALSE	FALSE
Surf4	chr2	FALSE	FALSE
Pcna	chr2	FALSE	FALSE
Stard10	chr7	FALSE	FALSE
Jaml	chr9	FALSE	FALSE
Zbtb5	chr4	FALSE	FALSE
Srp14	chr2	FALSE	FALSE
Tmc3	chr7	FALSE	TRUE
Ntpcr	chr8	FALSE	FALSE
Trim8	chr19	FALSE	FALSE
Gramd1a	chr7	FALSE	FALSE
Zfp938	chr10	FALSE	FALSE
Morf4l2	chrX	FALSE	FALSE
Klhl33	chr14	FALSE	FALSE
Cdc16	chr8	FALSE	FALSE
Ndufs3	chr2	FALSE	FALSE
Zfp444	chr7	FALSE	FALSE
Ankrd37	chr8	FALSE	FALSE
Rbsn	chr6	FALSE	FALSE
Fam210a	chr18	FALSE	FALSE
Cuta	chr17	FALSE	FALSE
Fam161a	chr11	FALSE	FALSE
Mtss2	chr8	FALSE	FALSE
Mgat4d	chr8	FALSE	FALSE
Dut	chr2	FALSE	FALSE
Tmem14c	chr13	FALSE	FALSE
Rpl30	chr15	FALSE	FALSE
Srsf12	chr4	FALSE	TRUE
Cdh15	chr8	FALSE	FALSE
Slc1a6	chr10	FALSE	FALSE
Sirt4	chr5	FALSE	FALSE
Nup50	chr15	FALSE	TRUE
Hsph1	chr5	FALSE	FALSE
Pm20d2	chr4	FALSE	FALSE
Dlg4	chr11	FALSE	FALSE
Ndufs1	chr1	FALSE	FALSE
Cpne3	chr4	FALSE	FALSE
Synpo2l	chr14	FALSE	FALSE
Emilin3	chr2	FALSE	TRUE
Alkbh7	chr17	FALSE	FALSE
Mlh1	chr9	FALSE	FALSE
Mef2c	chr13	FALSE	TRUE
Asap2	chr12	FALSE	TRUE
Camk2d	chr3	FALSE	FALSE
Mms19	chr19	FALSE	FALSE
Zfp30	chr7	FALSE	FALSE
Tmem164	chrX	FALSE	TRUE
Hrh2	chr13	FALSE	TRUE
Shd	chr17	FALSE	FALSE
Mtr	chr13	FALSE	FALSE
Klhdc9	chr1	FALSE	FALSE
Psap	chr10	FALSE	TRUE
Mettl3	chr14	FALSE	FALSE
Tmem41b	chr7	FALSE	FALSE
Anxa7	chr14	FALSE	FALSE
Ccnl1	chr3	FALSE	FALSE
Neurod2	chr11	TRUE	FALSE
Rad23b	chr4	FALSE	FALSE
Rcan2	chr17	FALSE	FALSE
Mgat1	chr11	FALSE	FALSE
Dedd	chr1	FALSE	FALSE
Rbbp7	chrX	FALSE	FALSE
Atp6v0e	chr17	FALSE	FALSE
Babam2	chr5	FALSE	FALSE
Tufm	chr7	FALSE	FALSE
Brsk1	chr7	FALSE	FALSE
Frmpd4	chrX	FALSE	TRUE
Slc35e3	chr10	FALSE	FALSE
Hnrnpf	chr6	FALSE	FALSE
Akap8l	chr17	FALSE	FALSE
Creg1	chr1	FALSE	FALSE
Nr1d1	chr11	FALSE	FALSE
Thap1	chr8	FALSE	FALSE
Degs1	chr1	FALSE	FALSE
Zfp518b	chr5	FALSE	FALSE
Dtwd1	chr2	FALSE	FALSE
Pin4	chrX	FALSE	FALSE
Krtcap3	chr5	FALSE	TRUE
Pex12	chr11	FALSE	FALSE
Ppp1r3b	chr8	FALSE	TRUE
Rbck1	chr2	FALSE	FALSE
Chst2	chr9	FALSE	TRUE
Ercc1	chr7	FALSE	FALSE
Lurap1	chr4	FALSE	FALSE
Akap17b	chrX	FALSE	FALSE
Ino80c	chr18	FALSE	TRUE
Scaf1	chr7	FALSE	FALSE
Zranb1	chr7	FALSE	FALSE
Psmc2	chr5	FALSE	FALSE
Rpusd1	chr17	FALSE	FALSE
Ccdc136	chr6	FALSE	FALSE
Dmac1	chr4	FALSE	FALSE
Carmil2	chr8	FALSE	FALSE
H1f10	chr6	FALSE	FALSE
Clpp	chr17	FALSE	FALSE
Kbtbd2	chr6	FALSE	FALSE
Ndufb11	chrX	FALSE	FALSE
R3hcc1l	chr19	FALSE	FALSE
Mmp23	chr4	FALSE	FALSE
Igip	chr18	FALSE	TRUE
Sac3d1	chr19	FALSE	FALSE
E430018J23Rik	chr7	FALSE	FALSE
Tceal6	chrX	FALSE	TRUE
Srp19	chr18	FALSE	FALSE
Fam89b	chr19	FALSE	FALSE
Rap2b	chr3	FALSE	FALSE
Pygo2	chr3	FALSE	FALSE
Inpp5f	chr7	FALSE	TRUE
Gna13	chr11	FALSE	TRUE
C1qtnf12	chr4	FALSE	FALSE
Nlgn3	chrX	FALSE	FALSE
Ndufc2	chr7	FALSE	FALSE
Kcnd1	chrX	FALSE	TRUE
Rps29	chr12	FALSE	FALSE
Nyap2	chr1	FALSE	FALSE
Kcna4	chr2	FALSE	FALSE
Chrac1	chr15	FALSE	FALSE
Anapc7	chr5	FALSE	FALSE
Mdm2	chr10	FALSE	FALSE
Zfp273	chr13	FALSE	FALSE
Scamp5	chr9	FALSE	FALSE
Bbc3	chr7	FALSE	FALSE
Dctpp1	chr7	FALSE	FALSE
Parp2	chr14	FALSE	FALSE
Kat14	chr2	FALSE	FALSE
Polr2h	chr16	FALSE	FALSE
Nabp2	chr10	FALSE	FALSE
Tesk1	chr4	FALSE	FALSE
Ubtd2	chr11	FALSE	FALSE
Tbl2	chr5	FALSE	FALSE
Septin3	chr15	FALSE	TRUE
Ube2m	chr7	FALSE	FALSE
Chmp6	chr11	FALSE	FALSE
Tmem106b	chr6	FALSE	FALSE
Hacl1	chr14	FALSE	FALSE
Papolg	chr11	FALSE	FALSE
Clk1	chr1	FALSE	FALSE
Gdpd4	chr7	FALSE	TRUE
Abhd17a	chr10	FALSE	FALSE
Snapc4	chr2	FALSE	FALSE
Reep5	chr18	FALSE	FALSE
Yipf6	chrX	FALSE	FALSE
Slc6a7	chr18	FALSE	FALSE
Usp42	chr5	FALSE	FALSE
Ube2j1	chr4	FALSE	FALSE
Mpv17	chr5	FALSE	FALSE
Ptcd2	chr13	FALSE	FALSE
Dcp1a	chr14	FALSE	FALSE
2210016L21Rik	chr5	FALSE	FALSE
Ehmt2	chr17	FALSE	FALSE
Snrpb	chr2	FALSE	FALSE
Tmsb4x	chrX	FALSE	TRUE
Ccdc142	chr6	FALSE	FALSE
Mog	chr17	FALSE	FALSE
Olfm1	chr2	FALSE	FALSE
Sipa1l3	chr7	FALSE	FALSE
Lypla2	chr4	FALSE	FALSE
Pdgfb	chr15	FALSE	FALSE
Ctbp1	chr5	FALSE	FALSE
Pfn2	chr3	FALSE	FALSE
Zfp764	chr7	FALSE	FALSE
Nrip1	chr16	FALSE	FALSE
Trappc6a	chr7	FALSE	FALSE
Stx4a	chr7	FALSE	FALSE
Bpifb6	chr2	FALSE	FALSE
Nsmce4a	chr7	FALSE	FALSE
Eif3j2	chr18	FALSE	FALSE
Prrc2a	chr17	FALSE	FALSE
Aqp5	chr15	FALSE	TRUE
Mcts2	chr2	FALSE	TRUE
Ly6e	chr15	FALSE	FALSE
Gatd3a	chr10	FALSE	FALSE
Cby1	chr15	FALSE	FALSE
Ss18l2	chr9	FALSE	FALSE
Wdr83os	chr8	FALSE	FALSE
Mrgbp	chr2	FALSE	FALSE
Tmem107	chr11	FALSE	FALSE
Cep152	chr2	FALSE	FALSE
Nup85	chr11	FALSE	FALSE
Cers2	chr3	FALSE	FALSE
Paqr7	chr4	FALSE	FALSE
Amigo1	chr3	FALSE	FALSE
Nmral1	chr16	FALSE	TRUE
Dhcr7	chr7	FALSE	FALSE
Rusc1	chr3	FALSE	FALSE
Fmc1	chr6	FALSE	TRUE
Ripk1	chr13	FALSE	FALSE
Sertad1	chr7	FALSE	TRUE
Mthfr	chr4	FALSE	TRUE
Mterf1b	chr5	FALSE	TRUE
Mcm8	chr2	FALSE	FALSE
Rpl4	chr9	FALSE	TRUE
Dlg3	chrX	FALSE	FALSE
Pyurf	chr6	FALSE	FALSE
Adcy8	chr15	FALSE	FALSE
Ubl4a	chrX	FALSE	FALSE
Tmem160	chr7	FALSE	FALSE
H3c7	chr13	FALSE	FALSE
Qpctl	chr7	FALSE	FALSE
Rad1	chr15	FALSE	TRUE
Mapk8ip2	chr15	FALSE	FALSE
Plekho1	chr3	FALSE	FALSE
Psmg4	chr13	FALSE	TRUE
Zfp382	chr7	FALSE	FALSE
Rps6ka1	chr4	FALSE	TRUE
Uqcr11	chr10	FALSE	FALSE
Gnb2	chr5	FALSE	TRUE
Chd9	chr8	FALSE	FALSE
Cflar	chr1	FALSE	TRUE
Fcrlb	chr1	FALSE	FALSE
Tcaim	chr9	FALSE	FALSE
Timm29	chr9	FALSE	FALSE
Upf1	chr8	FALSE	FALSE
Zfp712	chr13	FALSE	TRUE
Ubtd1	chr19	FALSE	FALSE
Sema4c	chr1	FALSE	TRUE
Wbp4	chr14	FALSE	FALSE
Nuf2	chr1	FALSE	FALSE
Tox2	chr2	FALSE	TRUE
Spag7	chr11	FALSE	TRUE
4933434E20Rik	chr3	FALSE	FALSE
Atg3	chr16	FALSE	FALSE
Cdadc1	chr14	FALSE	FALSE
Rpl27a	chr7	FALSE	FALSE
Exosc10	chr4	FALSE	FALSE
Orc6	chr8	FALSE	FALSE
Acp1	chr12	FALSE	FALSE
Men1	chr19	FALSE	FALSE
Cdpf1	chr15	FALSE	FALSE
Riok2	chr17	FALSE	FALSE
Tmem101	chr11	FALSE	FALSE
Marcks	chr10	FALSE	FALSE
Slfn14	chr11	FALSE	FALSE
Ssna1	chr2	FALSE	FALSE
Sdhc	chr1	FALSE	FALSE
Wbp1	chr6	FALSE	FALSE
Siah2	chr3	FALSE	FALSE
Leng1	chr7	FALSE	FALSE
Qdpr	chr5	FALSE	FALSE
Bhlha9	chr11	FALSE	TRUE
Sf3b4	chr3	FALSE	FALSE
Dync1h1	chr12	FALSE	FALSE
Colec11	chr12	FALSE	FALSE
Lmo4	chr3	FALSE	FALSE
Zfp239	chr6	FALSE	TRUE
Pogk	chr1	FALSE	TRUE
Usp25	chr16	FALSE	FALSE
Bach2	chr4	FALSE	FALSE
Cgn	chr3	FALSE	FALSE
Calm1	chr12	FALSE	FALSE
Nanos1	chr19	FALSE	FALSE
Ints6l	chrX	FALSE	FALSE
Acot13	chr13	FALSE	FALSE
Rmi2	chr16	FALSE	TRUE
P2ry13	chr3	FALSE	TRUE
Usp38	chr8	FALSE	FALSE
Psenen	chr7	FALSE	FALSE
Rarres2	chr6	FALSE	TRUE
Apln	chrX	FALSE	TRUE
Acyp1	chr12	FALSE	FALSE
Lrrc66	chr5	FALSE	TRUE
Gstz1	chr12	FALSE	FALSE
Mex3d	chr10	FALSE	FALSE
Flot1	chr17	FALSE	FALSE
Nasp	chr4	FALSE	FALSE
Mrps31	chr8	FALSE	FALSE
Slc2a8	chr2	FALSE	FALSE
B3galt4	chr17	FALSE	FALSE
Ccdc124	chr8	FALSE	TRUE
Tor3a	chr1	FALSE	FALSE
Apbb1	chr7	FALSE	FALSE
Trp53inp1	chr4	FALSE	FALSE
Arl5b	chr2	FALSE	TRUE
Ptp4a1	chr1	FALSE	FALSE
Sdhaf4	chr1	FALSE	FALSE
Vps4b	chr1	FALSE	FALSE
Mapk1ip1l	chr14	FALSE	FALSE
Mlycd	chr8	FALSE	FALSE
Bop1	chr15	FALSE	FALSE
Pex16	chr2	FALSE	FALSE
Otor	chr2	FALSE	TRUE
Socs7	chr11	FALSE	FALSE
Capn10	chr1	FALSE	FALSE
Tacc3	chr5	FALSE	FALSE
Cdipt	chr7	FALSE	TRUE
Dusp26	chr8	FALSE	FALSE
Lin7c	chr2	FALSE	FALSE
Zfp281	chr1	FALSE	FALSE
Zfp768	chr7	FALSE	FALSE
Fank1	chr7	FALSE	FALSE
Snapc5	chr9	FALSE	FALSE
Ttc19	chr11	FALSE	TRUE
Zmynd8	chr2	FALSE	TRUE
Gpr173	chrX	FALSE	FALSE
Cep85l	chr10	FALSE	TRUE
Letmd1	chr15	FALSE	FALSE
Map1lc3b	chr8	FALSE	TRUE
Irf3	chr7	FALSE	FALSE
Maz	chr7	FALSE	FALSE
Gm19668	chr10	FALSE	TRUE
Ccdc89	chr7	FALSE	TRUE
Farsa	chr8	FALSE	FALSE
Pnp	chr14	FALSE	FALSE
Trim32	chr4	FALSE	FALSE
Fam199x	chrX	FALSE	FALSE
Ets2	chr16	FALSE	FALSE
Lgals8	chr13	FALSE	FALSE
Otub1	chr19	FALSE	FALSE
Zfp512b	chr2	FALSE	FALSE
Sh2b1	chr7	FALSE	TRUE
Secisbp2	chr13	FALSE	FALSE
Nbn	chr4	FALSE	FALSE
Ncaph2	chr15	FALSE	TRUE
Mtx3	chr13	FALSE	FALSE
Cdca7	chr2	FALSE	FALSE
Zfp212	chr6	FALSE	FALSE
Vldlr	chr19	FALSE	TRUE
Exosc7	chr9	FALSE	FALSE
Tmem126a	chr7	FALSE	FALSE
Pus3	chr9	FALSE	FALSE
Il17d	chr14	FALSE	TRUE
Nacad	chr11	FALSE	FALSE
Elf3	chr1	FALSE	FALSE
Gprasp2	chrX	FALSE	FALSE
Slc7a11	chr3	FALSE	FALSE
Clk2	chr3	FALSE	FALSE
Gpr84	chr15	FALSE	FALSE
Aars2	chr17	FALSE	FALSE
Kctd20	chr17	FALSE	FALSE
Cyc1	chr15	FALSE	FALSE
Nudt16	chr9	FALSE	FALSE
Zfp746	chr6	FALSE	FALSE
Mrps14	chr1	FALSE	FALSE
Cetn3	chr13	FALSE	FALSE
Ankrd46	chr15	FALSE	FALSE
Hibch	chr1	FALSE	TRUE
Slc25a42	chr8	FALSE	FALSE
Smim27	chr4	FALSE	TRUE
Hmgcr	chr13	FALSE	FALSE
Rdh14	chr12	FALSE	FALSE
H4c11	chr13	FALSE	FALSE
Ivd	chr2	FALSE	FALSE
Scd3	chr19	FALSE	TRUE
Fam221b	chr4	FALSE	TRUE
Cpvl	chr6	FALSE	TRUE
Aup1	chr6	FALSE	FALSE
N4bp3	chr11	FALSE	FALSE
Cct2	chr10	FALSE	FALSE
Neurl4	chr11	FALSE	FALSE
Amz2	chr11	FALSE	TRUE
Suds3	chr5	FALSE	FALSE
Prdx5	chr19	FALSE	FALSE
Snapc3	chr4	FALSE	FALSE
Npff	chr15	FALSE	FALSE
Nrg3	chr14	FALSE	FALSE
Sipa1l2	chr8	FALSE	FALSE
Ankrd9	chr12	FALSE	FALSE
Cluh	chr11	FALSE	FALSE
Snurf	chr7	FALSE	FALSE
Rab9b	chrX	FALSE	FALSE
Cirbp	chr10	FALSE	FALSE
Ppia	chr11	FALSE	FALSE
Swsap1	chr9	FALSE	FALSE
Ginm1	chr10	FALSE	FALSE
Rpp38	chr2	FALSE	FALSE
Thoc6	chr17	FALSE	FALSE
Myc	chr15	FALSE	TRUE
Tpp1	chr7	FALSE	TRUE
Rundc3a	chr11	FALSE	FALSE
Gga3	chr11	FALSE	FALSE
Puf60	chr15	FALSE	FALSE
Klhdc8b	chr9	FALSE	TRUE
Zfp119a	chr17	FALSE	FALSE
Amh	chr10	FALSE	FALSE
Hmgcll1	chr9	FALSE	TRUE
Bcap29	chr12	FALSE	TRUE
Wsb1	chr11	FALSE	FALSE
Zfp9	chr6	FALSE	FALSE
Naa20	chr2	FALSE	FALSE
Taok2	chr7	FALSE	FALSE
Trmt44	chr5	FALSE	FALSE
Zfp959	chr17	FALSE	FALSE
Fam184a	chr10	FALSE	TRUE
Fcho1	chr8	FALSE	FALSE
Rnh1	chr7	FALSE	FALSE
Ier5l	chr2	FALSE	FALSE
Bcl2l11	chr2	FALSE	FALSE
Lxn	chr3	FALSE	FALSE
Ino80e	chr7	FALSE	FALSE
Ndufa4	chr6	FALSE	FALSE
Zfp182	chrX	FALSE	FALSE
Zfp251	chr15	FALSE	FALSE
Clpx	chr9	FALSE	TRUE
Zfp709	chr8	FALSE	TRUE
Lrcol1	chr5	FALSE	TRUE
Zfp612	chr8	FALSE	FALSE
Kif2a	chr13	FALSE	FALSE
Pja1	chrX	FALSE	FALSE
Rgcc	chr14	FALSE	TRUE
Rpl31	chr1	FALSE	FALSE
Atg5	chr10	FALSE	FALSE
Rnf181	chr6	FALSE	FALSE
AF067063	chr13	FALSE	TRUE
Pcyox1l	chr18	FALSE	FALSE
Keap1	chr9	FALSE	FALSE
Rpl19	chr11	FALSE	FALSE
B3gntl1	chr11	FALSE	FALSE
Tmem81	chr1	FALSE	FALSE
Gtf2e1	chr16	FALSE	TRUE
Sfr1	chr19	FALSE	FALSE
Isyna1	chr8	FALSE	FALSE
Cables2	chr2	FALSE	FALSE
Rab14	chr2	FALSE	FALSE
Lsm6	chr8	FALSE	FALSE
Shcbp1l	chr1	FALSE	FALSE
Tusc1	chr4	FALSE	FALSE
Asrgl1	chr19	FALSE	FALSE
Tspan18	chr2	FALSE	TRUE
Fra10ac1	chr19	FALSE	FALSE
2700062C07Rik	chr18	FALSE	TRUE
Ccdc115	chr1	FALSE	FALSE
Mospd2	chrX	FALSE	FALSE
Ppp1r11	chr17	FALSE	FALSE
Tmem19	chr10	FALSE	FALSE
Surf6	chr2	FALSE	FALSE
Cmtr1	chr17	FALSE	FALSE
Wrap73	chr4	FALSE	TRUE
Zfp354b	chr11	FALSE	FALSE
Tmtc2	chr10	FALSE	TRUE
Hsd3b7	chr7	FALSE	FALSE
Chd3	chr11	FALSE	FALSE
Zfp874b	chr13	FALSE	FALSE
Slc29a1	chr17	FALSE	TRUE
Rpe	chr1	FALSE	FALSE
Egr3	chr14	FALSE	FALSE
Rnf133	chr6	FALSE	TRUE
Med7	chr11	FALSE	FALSE
Barhl2	chr5	TRUE	TRUE
Spag1	chr15	FALSE	TRUE
Cic	chr7	FALSE	FALSE
Arrb2	chr11	FALSE	FALSE
Rims2	chr15	FALSE	TRUE
Nab1	chr1	TRUE	TRUE
Erich3	chr3	FALSE	FALSE
Rpl15	chr14	FALSE	FALSE
Ccng2	chr5	FALSE	FALSE
Ifitm7	chr16	FALSE	FALSE
Ptch1	chr13	FALSE	FALSE
Rnf225	chr7	FALSE	TRUE
Slc16a13	chr11	FALSE	FALSE
Zbtb7b	chr3	FALSE	FALSE
Rwdd4a	chr8	FALSE	FALSE
Coa7	chr4	FALSE	FALSE
Wdr5	chr2	FALSE	FALSE
Foxred2	chr15	FALSE	TRUE
Nek2	chr1	FALSE	FALSE
Tomm20l	chr12	FALSE	TRUE
Kank2	chr9	FALSE	FALSE
B4galt6	chr18	FALSE	FALSE
Prelid1	chr13	FALSE	FALSE
Nrep	chr18	TRUE	FALSE
Atxn7l3b	chr10	FALSE	FALSE
Khk	chr5	FALSE	FALSE
Dnaja4	chr9	FALSE	FALSE
Rps11	chr7	FALSE	FALSE
Gorasp1	chr9	FALSE	FALSE
Sspn	chr6	FALSE	FALSE
Rgl3	chr9	FALSE	FALSE
Stard7	chr2	FALSE	FALSE
Manba	chr3	FALSE	FALSE
Hnrnpc	chr14	FALSE	FALSE
Brf2	chr8	FALSE	FALSE
Tceal3	chrX	FALSE	FALSE
Lin37	chr7	FALSE	FALSE
Gm15446	chr5	FALSE	FALSE
Pigq	chr17	FALSE	FALSE
Mrpl18	chr17	FALSE	TRUE
Gmfb	chr14	FALSE	TRUE
Pard3	chr8	FALSE	TRUE
Spice1	chr16	FALSE	FALSE
Csmd1	chr8	FALSE	TRUE
Dus4l	chr12	FALSE	TRUE
A130010J15Rik	chr1	FALSE	FALSE
Rtl6	chr15	FALSE	FALSE
Gtf3c6	chr10	FALSE	FALSE
Oma1	chr4	FALSE	FALSE
Sec61a1	chr6	FALSE	FALSE
Slc25a44	chr3	FALSE	FALSE
Pdlim4	chr11	FALSE	FALSE
Tmem88b	chr4	FALSE	FALSE
Rell2	chr18	FALSE	FALSE
Map1lc3a	chr2	FALSE	FALSE
Hmgcl	chr4	FALSE	TRUE
Zfp963	chr8	FALSE	FALSE
Rbm24	chr13	FALSE	TRUE
Ptn	chr6	FALSE	TRUE
Bmp1	chr14	FALSE	TRUE
Rnf5	chr17	FALSE	FALSE
Npm2	chr14	FALSE	TRUE
Synpr	chr14	TRUE	TRUE
Tcea1	chr1	FALSE	FALSE
Rgs2	chr1	FALSE	FALSE
Harbi1	chr2	FALSE	FALSE
Golt1b	chr6	FALSE	FALSE
Paxbp1	chr16	FALSE	FALSE
Irx3	chr8	FALSE	TRUE
Mphosph6	chr8	FALSE	FALSE
Las1l	chrX	FALSE	FALSE
Ldhd	chr8	FALSE	FALSE
Mtrr	chr13	FALSE	FALSE
Ndufa5	chr6	FALSE	FALSE
Isy1	chr6	FALSE	FALSE
Txlng	chrX	FALSE	FALSE
Lrrc40	chr3	FALSE	FALSE
Mdh1	chr11	FALSE	TRUE
Ttc7	chr17	FALSE	TRUE
Endog	chr2	FALSE	FALSE
Pigm	chr1	FALSE	FALSE
Cyp2u1	chr3	FALSE	FALSE
Fam98c	chr7	FALSE	FALSE
Fastkd1	chr2	FALSE	FALSE
Tbx6	chr7	FALSE	FALSE
Gnai1	chr5	FALSE	TRUE
Ints10	chr8	FALSE	FALSE
Cdc34	chr10	FALSE	FALSE
Alkbh2	chr5	FALSE	FALSE
Pjvk	chr2	FALSE	TRUE
Cited2	chr10	FALSE	FALSE
Mier2	chr10	FALSE	TRUE
Slc35b2	chr17	FALSE	FALSE
Pabpc5	chrX	FALSE	TRUE
Zfp619	chr7	FALSE	FALSE
Idh2	chr7	FALSE	FALSE
Astn1	chr1	FALSE	FALSE
Irgq	chr7	FALSE	FALSE
Tcte2	chr17	FALSE	FALSE
Txlna	chr4	FALSE	FALSE
Ap4b1	chr3	FALSE	FALSE
Eif3d	chr15	FALSE	FALSE
Bdh1	chr16	FALSE	TRUE
Zscan12	chr13	FALSE	FALSE
Faf2	chr13	FALSE	FALSE
Endod1	chr9	FALSE	FALSE
Tmem121	chr12	FALSE	FALSE
Zfp628	chr7	FALSE	FALSE
Rnaset2a	chr17	FALSE	TRUE
Acp2	chr2	FALSE	FALSE
Syncrip	chr9	FALSE	FALSE
Tgds	chr14	FALSE	FALSE
Nab2	chr10	FALSE	TRUE
Phf23	chr11	FALSE	FALSE
Ccdc47	chr11	FALSE	FALSE
Fsbp	chr4	FALSE	TRUE
Phf7	chr14	FALSE	FALSE
Tmbim6	chr15	FALSE	FALSE
Mboat1	chr13	FALSE	TRUE
Arl14ep	chr2	FALSE	FALSE
Agtr1b	chr3	TRUE	TRUE
Crot	chr5	FALSE	FALSE
Cct6b	chr11	FALSE	FALSE
Zfp874a	chr13	FALSE	FALSE
Sh2d1a	chrX	FALSE	FALSE
Bag6	chr17	FALSE	FALSE
Hyal3	chr9	FALSE	TRUE
Sox12	chr2	FALSE	TRUE
Atp6ap1	chrX	FALSE	FALSE
Ncln	chr10	FALSE	FALSE
Jkamp	chr12	FALSE	FALSE
Upf3a	chr8	FALSE	FALSE
Uba52	chr8	FALSE	FALSE
Setx	chr2	FALSE	FALSE
Ccng1	chr11	FALSE	FALSE
Slc26a1	chr5	FALSE	FALSE
Ahcy	chr2	FALSE	FALSE
Mplkip	chr13	FALSE	FALSE
Ubqln1	chr13	FALSE	FALSE
Cblb	chr16	FALSE	TRUE
Coq8a	chr1	FALSE	FALSE
Gpd1	chr15	FALSE	TRUE
Scyl2	chr10	FALSE	FALSE
Fabp3	chr4	FALSE	FALSE
Tmem42	chr9	FALSE	FALSE
Ppp1r8	chr4	FALSE	FALSE
Ankle2	chr5	FALSE	FALSE
Zdhhc8	chr16	FALSE	FALSE
Jph3	chr8	FALSE	TRUE
Tpk1	chr6	FALSE	TRUE
Selenow	chr7	FALSE	FALSE
Zhx1	chr15	FALSE	FALSE
Cops4	chr5	FALSE	FALSE
Ift27	chr15	FALSE	FALSE
Uqcrc2	chr7	FALSE	FALSE
Rpl32	chr6	FALSE	FALSE
Lhfpl2	chr13	FALSE	FALSE
Sncb	chr13	FALSE	FALSE
Toe1	chr4	FALSE	FALSE
Chchd7	chr4	FALSE	FALSE
Mfsd4b1	chr10	FALSE	FALSE
Tubb5	chr17	FALSE	FALSE
Rbm46	chr3	FALSE	TRUE
Amn1	chr6	FALSE	FALSE
Timp1	chrX	FALSE	TRUE
Cstb	chr10	FALSE	FALSE
Yae1d1	chr13	FALSE	FALSE
Pofut2	chr10	FALSE	TRUE
Rab3a	chr8	FALSE	FALSE
Epha8	chr4	FALSE	TRUE
Brk1	chr6	FALSE	FALSE
Sgcd	chr11	FALSE	TRUE
Sde2	chr1	FALSE	FALSE
Zxdc	chr6	FALSE	FALSE
Dus3l	chr17	FALSE	FALSE
Skor1	chr9	FALSE	FALSE
Akap1	chr11	FALSE	TRUE
Serping1	chr2	FALSE	FALSE
Sat2	chr11	FALSE	FALSE
Psmd4	chr3	FALSE	FALSE
Rnf7	chr9	FALSE	FALSE
Lrrc61	chr6	FALSE	FALSE
Slitrk4	chrX	FALSE	FALSE
1110059G10Rik	chr9	FALSE	FALSE
Pam16	chr16	FALSE	FALSE
Trmo	chr4	FALSE	FALSE
Dhdh	chr7	FALSE	TRUE
Gdf1	chr8	FALSE	TRUE
Zfp418	chr7	FALSE	FALSE
Clta	chr4	FALSE	FALSE
Mboat4	chr8	FALSE	TRUE
Ddx20	chr3	FALSE	FALSE
Ube2v2	chr16	FALSE	FALSE
Bhlha15	chr5	FALSE	TRUE
Ndufa7	chr17	FALSE	TRUE
Fkbpl	chr17	FALSE	TRUE
Prdm9	chr17	FALSE	FALSE
Rnf227	chr11	FALSE	TRUE
Ccdc117	chr11	FALSE	FALSE
Ppp1r14a	chr7	FALSE	TRUE
Snx15	chr19	FALSE	FALSE
Alg13	chrX	FALSE	FALSE
Ftl1	chr7	FALSE	FALSE
Aldh3a2	chr11	FALSE	FALSE
Stx6	chr1	FALSE	TRUE
Zfp511	chr7	FALSE	FALSE
Echdc3	chr2	FALSE	TRUE
Safb	chr17	FALSE	TRUE
Rasd1	chr11	FALSE	FALSE
Dynll1	chr5	FALSE	FALSE
Gbx2	chr1	FALSE	TRUE
Sox18	chr2	FALSE	TRUE
Slc9a5	chr8	FALSE	TRUE
Dll1	chr17	FALSE	TRUE
Vcpip1	chr1	FALSE	FALSE
Slc9a8	chr2	FALSE	TRUE
Slc14a2	chr18	FALSE	FALSE
Mmel1	chr4	FALSE	TRUE
Ogg1	chr6	FALSE	FALSE
Chchd4	chr6	FALSE	FALSE
Csnk1a1	chr18	FALSE	FALSE
Slc35f5	chr1	FALSE	TRUE
Cdk5r1	chr11	FALSE	FALSE
Mcrs1	chr15	FALSE	FALSE
Shisa8	chr15	FALSE	FALSE
Spryd7	chr14	FALSE	FALSE
Rcl1	chr19	FALSE	FALSE
Oat	chr7	FALSE	FALSE
Zfp108	chr7	FALSE	FALSE
Acbd3	chr1	FALSE	TRUE
Wee1	chr7	FALSE	FALSE
Igfals	chr17	FALSE	TRUE
Nop10	chr2	FALSE	FALSE
Abhd16b	chr2	FALSE	TRUE
Pigo	chr4	FALSE	FALSE
Rpl34	chr3	FALSE	FALSE
Rps27l	chr9	FALSE	FALSE
Alas1	chr9	FALSE	FALSE
Slc5a2	chr7	FALSE	FALSE
Svip	chr7	FALSE	FALSE
Aqp11	chr7	FALSE	FALSE
Pan2	chr10	FALSE	FALSE
Btbd2	chr10	FALSE	FALSE
Rubcn	chr16	FALSE	FALSE
Lrp4	chr2	FALSE	TRUE
Ccnh	chr13	FALSE	FALSE
Megf9	chr4	FALSE	FALSE
Suz12	chr11	FALSE	FALSE
Rogdi	chr16	FALSE	FALSE
Dipk2a	chr9	FALSE	FALSE
Pigz	chr16	FALSE	FALSE
Cdkn2c	chr4	FALSE	FALSE
Cebpzos	chr17	FALSE	FALSE
Spg21	chr9	FALSE	FALSE
Card19	chr13	FALSE	FALSE
Zfp1	chr8	FALSE	FALSE
Lrfn1	chr7	FALSE	TRUE
Rbm15	chr3	FALSE	FALSE
Fam133b	chr5	FALSE	TRUE
Reep2	chr18	FALSE	FALSE
H2az1	chr3	FALSE	FALSE
Abra	chr15	FALSE	TRUE
Ctsk	chr3	FALSE	TRUE
Zfp641	chr15	FALSE	FALSE
Selenoh	chr2	FALSE	FALSE
Slc46a3	chr5	FALSE	FALSE
Mcrip2	chr17	FALSE	FALSE
Rer1	chr4	FALSE	FALSE
Gpatch2	chr1	FALSE	FALSE
Msantd4	chr9	FALSE	TRUE
Jmjd6	chr11	FALSE	FALSE
Arfgap2	chr2	FALSE	TRUE
Stmn1	chr4	FALSE	TRUE
Cd2bp2	chr7	FALSE	TRUE
Mrpl41	chr2	FALSE	FALSE
Aard	chr15	FALSE	TRUE
Mospd3	chr5	FALSE	FALSE
Rps24	chr14	FALSE	FALSE
Ganc	chr2	FALSE	FALSE
Ubxn8	chr8	FALSE	FALSE
Pdia3	chr2	FALSE	FALSE
Pth2r	chr1	FALSE	TRUE
Lmod2	chr6	FALSE	TRUE
Smad5	chr13	FALSE	FALSE
Eif6	chr2	FALSE	FALSE
Sec61g	chr11	FALSE	FALSE
Emc9	chr14	FALSE	FALSE
Rnf20	chr4	FALSE	TRUE
Tada2b	chr5	FALSE	FALSE
Dedd2	chr7	FALSE	FALSE
Gfm2	chr13	FALSE	FALSE
Pmf1	chr3	FALSE	TRUE
Ptov1	chr7	FALSE	FALSE
Rasa4	chr5	FALSE	FALSE
Myef2	chr2	FALSE	FALSE
Flvcr1	chr1	FALSE	FALSE
Klf10	chr15	FALSE	TRUE
Scd2	chr19	FALSE	FALSE
Dcun1d1	chr3	FALSE	FALSE
Tfrc	chr16	FALSE	TRUE
Commd7	chr2	FALSE	FALSE
Cisd2	chr3	FALSE	FALSE
H13	chr2	FALSE	FALSE
Nradd	chr9	FALSE	FALSE
Syce2	chr8	FALSE	TRUE
Edf1	chr2	FALSE	FALSE
Xbp1	chr11	FALSE	FALSE
Col18a1	chr10	FALSE	TRUE
Slc25a30	chr14	FALSE	FALSE
Maf	chr8	FALSE	FALSE
Nipal2	chr15	FALSE	FALSE
Eno1b	chr18	FALSE	TRUE
Mmp28	chr11	FALSE	TRUE
Decr2	chr17	FALSE	FALSE
B4galt2	chr4	FALSE	FALSE
Mtf1	chr4	FALSE	FALSE
Slc17a7	chr7	FALSE	FALSE
Cul9	chr17	FALSE	FALSE
Uncx	chr5	FALSE	TRUE
Aifm3	chr16	FALSE	FALSE
Vps52	chr17	FALSE	FALSE
Stac3	chr10	FALSE	TRUE
Ywhah	chr5	FALSE	FALSE
Scel	chr14	FALSE	TRUE
Map3k1	chr13	FALSE	FALSE
Slc6a1	chr6	FALSE	TRUE
Usp21	chr1	FALSE	FALSE
Car7	chr8	FALSE	FALSE
Phospho1	chr11	FALSE	FALSE
Znrf4	chr17	FALSE	FALSE
Spem1	chr11	FALSE	FALSE
Mrpl44	chr1	FALSE	FALSE
Cdnf	chr2	FALSE	FALSE
Ache	chr5	FALSE	TRUE
Adamtsl2	chr2	FALSE	TRUE
Kif20a	chr18	FALSE	TRUE
Aacs	chr5	FALSE	TRUE
Ipo8	chr6	FALSE	FALSE
Pou4f1	chr14	TRUE	TRUE
Zdhhc7	chr8	FALSE	FALSE
Ncam2	chr16	FALSE	FALSE
Sap130	chr18	FALSE	FALSE
Tmem64	chr4	FALSE	TRUE
Pcbd1	chr10	FALSE	FALSE
Chchd10	chr10	FALSE	TRUE
Krba1	chr6	FALSE	TRUE
Cggbp1	chr16	FALSE	FALSE
Tmem203	chr2	FALSE	FALSE
Pdha1	chrX	FALSE	FALSE
Slc22a15	chr3	FALSE	TRUE
Errfi1	chr4	FALSE	FALSE
Asb17	chr3	FALSE	FALSE
Scn2b	chr9	FALSE	FALSE
Rad9a	chr19	FALSE	FALSE
Smox	chr2	FALSE	FALSE
Dusp12	chr1	FALSE	FALSE
Grk2	chr19	FALSE	FALSE
Psmd2	chr16	FALSE	FALSE
Rep15	chr6	FALSE	TRUE
H1f0	chr15	FALSE	TRUE
Gstp1	chr19	FALSE	FALSE
Zfp873	chr10	FALSE	FALSE
Pmvk	chr3	FALSE	FALSE
Sftpb	chr6	FALSE	FALSE
Chek1	chr9	FALSE	FALSE
Layn	chr9	FALSE	TRUE
2310033P09Rik	chr11	FALSE	FALSE
Slc23a3	chr1	FALSE	TRUE
Ppp1r9b	chr11	FALSE	FALSE
2010003K11Rik	chr19	FALSE	FALSE
Bambi	chr18	FALSE	FALSE
Dstn	chr2	FALSE	FALSE
Tob2	chr15	FALSE	FALSE
Vps28	chr15	FALSE	FALSE
Poldip2	chr11	FALSE	FALSE
Mmachc	chr4	FALSE	FALSE
Krtap11-1	chr16	FALSE	TRUE
Klrb1c	chr6	FALSE	FALSE
Htr5a	chr5	FALSE	TRUE
Idi1	chr13	FALSE	FALSE
Gpcpd1	chr2	FALSE	FALSE
Abca5	chr11	FALSE	FALSE
Homez	chr14	FALSE	FALSE
Thap3	chr4	FALSE	FALSE
Fdft1	chr14	FALSE	FALSE
Osgin2	chr4	FALSE	FALSE
Tmem74b	chr2	FALSE	TRUE
Meltf	chr16	FALSE	TRUE
Gtpbp6	chr5	FALSE	FALSE
Aip	chr19	FALSE	FALSE
Sebox	chr11	FALSE	FALSE
Ndufa2	chr18	FALSE	TRUE
Snw1	chr12	FALSE	FALSE
Zfp213	chr17	FALSE	FALSE
Tob1	chr11	FALSE	FALSE
Fbxo22	chr9	FALSE	FALSE
Fgf3	chr7	FALSE	TRUE
Eaf1	chr14	FALSE	TRUE
Zcchc18	chrX	FALSE	FALSE
Preb	chr5	FALSE	FALSE
Pnpla5	chr15	FALSE	TRUE
Ndufaf8	chr11	FALSE	FALSE
Magohb	chr6	FALSE	FALSE
Cntnap1	chr11	FALSE	FALSE
Rasl10b	chr11	FALSE	FALSE
Ppm1l	chr3	FALSE	FALSE
Ddo	chr10	FALSE	TRUE
Hyls1	chr9	FALSE	FALSE
Cnpy3	chr17	FALSE	FALSE
Zfp280c	chrX	FALSE	TRUE
Tmem33	chr5	FALSE	FALSE
Tex36	chr7	FALSE	FALSE
Grsf1	chr5	FALSE	TRUE
Zfp629	chr7	FALSE	FALSE
Gpt	chr15	FALSE	TRUE
Thnsl2	chr6	FALSE	TRUE
Foxred1	chr9	FALSE	FALSE
Wdr26	chr1	FALSE	FALSE
Nelfa	chr5	FALSE	FALSE
Pnck	chrX	FALSE	FALSE
Zc2hc1c	chr12	FALSE	FALSE
Stat2	chr10	FALSE	TRUE
Tsnax	chr8	FALSE	FALSE
Eif3k	chr7	FALSE	FALSE
Gadd45g	chr13	FALSE	TRUE
Ptprd	chr4	FALSE	TRUE
Pcgf1	chr6	FALSE	FALSE
Rbm12b1	chr4	FALSE	FALSE
Numb	chr12	FALSE	TRUE
Abhd4	chr14	FALSE	FALSE
Pdcd2	chr17	FALSE	FALSE
Lyar	chr5	FALSE	FALSE
Nr0b2	chr4	FALSE	TRUE
Spast	chr17	FALSE	FALSE
Mutyh	chr4	FALSE	TRUE
Acaa1a	chr9	FALSE	TRUE
Aprt	chr8	FALSE	FALSE
Mfsd1	chr3	FALSE	FALSE
Khdc4	chr3	FALSE	FALSE
Dnaaf2	chr12	FALSE	FALSE
Srsf10	chr4	FALSE	TRUE
Sh3glb1	chr3	FALSE	FALSE
Zfp787	chr7	FALSE	FALSE
Elmod3	chr6	FALSE	FALSE
Gabra6	chr11	TRUE	FALSE
Spry4	chr18	FALSE	TRUE
Ndufv2	chr17	FALSE	FALSE
Rnf169	chr7	FALSE	FALSE
Znrf3	chr11	FALSE	TRUE
Ift46	chr9	FALSE	FALSE
Terf2ip	chr8	FALSE	FALSE
Eno1	chr4	FALSE	FALSE
0610030E20Rik	chr6	FALSE	FALSE
Fam110a	chr2	FALSE	TRUE
Adh5	chr3	FALSE	FALSE
Klf4	chr4	FALSE	TRUE
St8sia2	chr7	TRUE	TRUE
Dusp14	chr11	FALSE	FALSE
Abca3	chr17	FALSE	FALSE
Vsig8	chr1	FALSE	FALSE
Pomp	chr5	FALSE	FALSE
Hebp2	chr10	FALSE	TRUE
Car9	chr4	FALSE	TRUE
Dipk1b	chr2	FALSE	FALSE
Dgkq	chr5	FALSE	FALSE
Tmed1	chr9	FALSE	FALSE
Mnt	chr11	FALSE	FALSE
Ppp1r1a	chr15	FALSE	FALSE
Jph4	chr14	FALSE	FALSE
Gde1	chr7	FALSE	FALSE
Smim24	chr10	FALSE	FALSE
Ddit4	chr10	FALSE	FALSE
Trp53i11	chr2	FALSE	TRUE
Capg	chr6	FALSE	FALSE
Dis3l	chr9	FALSE	FALSE
Lsm11	chr11	FALSE	FALSE
Zfp369	chr13	FALSE	FALSE
Ninj1	chr13	FALSE	FALSE
Itga3	chr11	FALSE	TRUE
Commd8	chr5	FALSE	FALSE
Tmem240	chr4	FALSE	FALSE
Ddx19b	chr8	FALSE	FALSE
Amer3	chr1	FALSE	FALSE
Pdha2	chr3	FALSE	TRUE
Atad1	chr19	FALSE	FALSE
Dcun1d2	chr8	FALSE	FALSE
Ndufaf3	chr9	FALSE	FALSE
Ap2m1	chr16	FALSE	FALSE
Ppp1r37	chr7	FALSE	FALSE
Nono	chrX	FALSE	FALSE
Rnf34	chr5	FALSE	FALSE
Atp1b2	chr11	FALSE	FALSE
Trappc3	chr4	FALSE	TRUE
Sytl2	chr7	FALSE	TRUE
Muc1	chr3	FALSE	TRUE
Akap8	chr17	FALSE	TRUE
Micos13	chr17	FALSE	FALSE
Phf1	chr17	FALSE	FALSE
Ttk	chr9	FALSE	FALSE
Pigc	chr1	FALSE	FALSE
Cops7b	chr1	FALSE	FALSE
Oxld1	chr11	FALSE	FALSE
Adamts5	chr16	FALSE	FALSE
Tmem265	chr7	FALSE	FALSE
Ilf2	chr3	FALSE	FALSE
Trim62	chr4	FALSE	FALSE
Hmgn2	chr4	FALSE	FALSE
Ywhab	chr2	FALSE	FALSE
Gemin4	chr11	FALSE	TRUE
Ppt1	chr4	FALSE	TRUE
Extl2	chr3	FALSE	FALSE
Tmem109	chr19	FALSE	FALSE
Siae	chr9	FALSE	TRUE
Maneal	chr4	FALSE	FALSE
Trib1	chr15	FALSE	TRUE
Atp6v0b	chr4	FALSE	FALSE
Acot2	chr12	FALSE	TRUE
Ebf1	chr11	FALSE	TRUE
Csrp2	chr10	FALSE	FALSE
Hnrnpl	chr7	FALSE	FALSE
Lrrc10b	chr19	FALSE	TRUE
Bbs2	chr8	FALSE	FALSE
Etfdh	chr3	FALSE	FALSE
Ndufs2	chr1	FALSE	FALSE
Spr	chr6	FALSE	TRUE
Leo1	chr9	FALSE	TRUE
Bpifa6	chr2	FALSE	FALSE
Sptbn2	chr19	FALSE	FALSE
Dbnl	chr11	FALSE	FALSE
Med21	chr6	FALSE	FALSE
Tmem229a	chr6	FALSE	FALSE
Hint1	chr11	FALSE	FALSE
Syf2	chr4	FALSE	FALSE
Cited4	chr4	FALSE	TRUE
Pip5k1c	chr10	FALSE	FALSE
Armcx5	chrX	FALSE	FALSE
Lrrc7	chr3	FALSE	TRUE
Slc27a4	chr2	FALSE	TRUE
Ndufb7	chr8	FALSE	FALSE
Rps7	chr12	FALSE	FALSE
Arhgef2	chr3	FALSE	FALSE
Rab33a	chrX	FALSE	FALSE
Ppip5k1	chr2	FALSE	FALSE
Pdcl3	chr1	FALSE	FALSE
Psmd5	chr2	FALSE	FALSE
Bcas2	chr3	FALSE	FALSE
Tchh	chr3	FALSE	TRUE
Zfp260	chr7	FALSE	FALSE
Gba2	chr4	FALSE	FALSE
Kmt2b	chr7	FALSE	FALSE
Rpl41	chr10	FALSE	FALSE
Pias4	chr10	FALSE	FALSE
Pip4k2c	chr10	FALSE	FALSE
Cdc25b	chr2	FALSE	TRUE
Gm1979	chr5	FALSE	FALSE
1810030O07Rik	chrX	FALSE	FALSE
Xpa	chr4	FALSE	FALSE
Pnrc1	chr4	FALSE	FALSE
Cplx2	chr13	FALSE	FALSE
Bcl6	chr16	FALSE	TRUE
Junb	chr8	FALSE	TRUE
Map3k8	chr18	FALSE	FALSE
Fastk	chr5	FALSE	FALSE
Osbpl7	chr11	FALSE	FALSE
Tfe3	chrX	FALSE	FALSE
Rsl1d1	chr16	FALSE	FALSE
Zdhhc22	chr12	FALSE	TRUE
Irak1bp1	chr9	FALSE	FALSE
Psmc6	chr14	FALSE	FALSE
Nop56	chr2	FALSE	FALSE
B3gat2	chr1	FALSE	FALSE
Tnks	chr8	FALSE	FALSE
Tuba4a	chr1	FALSE	FALSE
Ufm1	chr3	FALSE	FALSE
Mt3	chr8	FALSE	FALSE
Arl6ip5	chr6	FALSE	TRUE
Zfp747	chr7	FALSE	FALSE
Mrgprf	chr7	FALSE	FALSE
Ccl27a	chr4	FALSE	FALSE
Aldoc	chr11	FALSE	TRUE
Ccdc71l	chr12	FALSE	FALSE
Sppl2a	chr2	FALSE	FALSE
Fbxo5	chr10	FALSE	FALSE
Hspa4l	chr3	FALSE	FALSE
Rbm43	chr2	FALSE	TRUE
Snrpa	chr7	FALSE	FALSE
Arl6ip1	chr7	FALSE	TRUE
Mrpl36	chr13	FALSE	FALSE
Exosc3	chr4	FALSE	FALSE
Foxe1	chr4	FALSE	TRUE
Lrfn4	chr19	FALSE	FALSE
Bcl2l1	chr2	FALSE	FALSE
Erg	chr16	FALSE	FALSE
Golga7b	chr19	FALSE	FALSE
Vwce	chr19	FALSE	FALSE
Oaz1	chr10	FALSE	FALSE
Ckb	chr12	FALSE	FALSE
Cyb561a3	chr19	FALSE	FALSE
Zc2hc1a	chr3	FALSE	FALSE
Clk3	chr9	FALSE	TRUE
Ndufb9	chr15	FALSE	FALSE
Gm1673	chr5	FALSE	FALSE
Hmgn5	chrX	FALSE	FALSE
Fndc9	chr11	FALSE	FALSE
Btbd10	chr7	FALSE	TRUE
Mtrf1l	chr10	FALSE	FALSE
Casp8ap2	chr4	FALSE	FALSE
Urb2	chr8	FALSE	TRUE
Ttpal	chr2	FALSE	FALSE
Atox1	chr11	FALSE	FALSE
Per1	chr11	FALSE	FALSE
Dcps	chr9	FALSE	FALSE
Rps19	chr7	FALSE	FALSE
Armcx1	chrX	FALSE	FALSE
Rps13	chr7	FALSE	FALSE
Cuedc2	chr19	FALSE	TRUE
Spata32	chr11	FALSE	TRUE
Tpgs1	chr10	FALSE	FALSE
Tmco6	chr18	FALSE	FALSE
Ogfod2	chr5	FALSE	FALSE
Mex3b	chr7	FALSE	FALSE
Smim18	chr8	FALSE	TRUE
Nt5c	chr11	FALSE	TRUE
Mrfap1	chr5	FALSE	FALSE
1810010H24Rik	chr11	FALSE	TRUE
Josd2	chr7	FALSE	FALSE
Dck	chr5	FALSE	FALSE
Foxd3	chr4	FALSE	TRUE
Tmem62	chr2	FALSE	FALSE
Otud5	chrX	FALSE	FALSE
Gas7	chr11	FALSE	FALSE
Ldhal6b	chr17	FALSE	TRUE
Atp6ap2	chrX	FALSE	FALSE
Uprt	chrX	FALSE	FALSE
Ccdc90b	chr7	FALSE	FALSE
Cited1	chrX	FALSE	TRUE
Mafa	chr15	FALSE	TRUE
Mrpl53	chr6	FALSE	FALSE
Pex5	chr6	FALSE	TRUE
Hdac2	chr10	FALSE	FALSE
Immp1l	chr2	FALSE	FALSE
Spa17	chr9	FALSE	TRUE
Lrrc58	chr16	FALSE	FALSE
Glud1	chr14	FALSE	FALSE
Habp2	chr19	FALSE	FALSE
Zfp41	chr15	FALSE	FALSE
Susd2	chr10	FALSE	FALSE
Rnf146	chr10	FALSE	FALSE
Lag3	chr6	FALSE	FALSE
Tubb2a	chr13	FALSE	FALSE
Zmynd12	chr4	FALSE	TRUE
Kcnab3	chr11	FALSE	FALSE
Aldh18a1	chr19	FALSE	FALSE
Zbtb21	chr16	FALSE	FALSE
Ccnj	chr19	FALSE	FALSE
Cotl1	chr8	FALSE	TRUE
Inhbe	chr10	FALSE	FALSE
Jak2	chr19	FALSE	FALSE
Rrp9	chr9	FALSE	TRUE
Mfsd5	chr15	FALSE	FALSE
Gadd45a	chr6	FALSE	FALSE
Surf1	chr2	FALSE	FALSE
Vwa7	chr17	FALSE	FALSE
Rps6	chr4	FALSE	FALSE
Rps9	chr7	FALSE	FALSE
Tcf4	chr18	FALSE	TRUE
Smad7	chr18	FALSE	FALSE
Ttc22	chr4	FALSE	FALSE
Zfp948	chr17	FALSE	FALSE
Chgb	chr2	FALSE	FALSE
Mettl18	chr1	FALSE	FALSE
Nhsl1	chr10	FALSE	TRUE
Purg	chr8	FALSE	FALSE
Taf10	chr7	FALSE	FALSE
Orai2	chr5	FALSE	FALSE
Cldn12	chr5	FALSE	FALSE
Atp8b2	chr3	FALSE	FALSE
Asns	chr6	FALSE	FALSE
1700012A03Rik	chr6	FALSE	FALSE
Gclm	chr3	FALSE	TRUE
Rrp15	chr1	FALSE	FALSE
Rnf126	chr10	FALSE	FALSE
Arhgap17	chr7	FALSE	TRUE
Krt10	chr11	FALSE	TRUE
Pnkp	chr7	FALSE	FALSE
Rraga	chr4	FALSE	FALSE
Pax6	chr2	FALSE	TRUE
4933436I01Rik	chrX	FALSE	TRUE
Pim2	chrX	FALSE	FALSE
Phykpl	chr11	FALSE	FALSE
Porcn	chrX	FALSE	FALSE
Naa38	chr11	FALSE	FALSE
Stk35	chr2	FALSE	FALSE
Zfp692	chr11	FALSE	FALSE
Slc10a2	chr8	FALSE	FALSE
Kcnj9	chr1	FALSE	FALSE
Zfp784	chr7	FALSE	FALSE
Zfp786	chr6	FALSE	FALSE
Ppp1ca	chr19	FALSE	FALSE
Tnfaip3	chr10	FALSE	FALSE
Pdf	chr8	FALSE	FALSE
Phyhip	chr14	FALSE	FALSE
Eri1	chr8	FALSE	TRUE
6430571L13Rik	chr9	FALSE	FALSE
Tbrg4	chr11	FALSE	TRUE
En2	chr5	TRUE	FALSE
Dpp10	chr1	FALSE	FALSE
Akirin1	chr4	FALSE	FALSE
Nebl	chr2	FALSE	TRUE
Hif3a	chr7	FALSE	TRUE
Trim59	chr3	FALSE	FALSE
Nfkbil1	chr17	FALSE	FALSE
Fxyd4	chr6	FALSE	FALSE
Itpkc	chr7	FALSE	TRUE
Mlx	chr11	FALSE	FALSE
Pfdn6	chr17	FALSE	FALSE
Sephs2	chr7	FALSE	FALSE
Naa80	chr9	FALSE	TRUE
Tesc	chr5	FALSE	FALSE
Sap18b	chr8	FALSE	FALSE
Lrp10	chr14	FALSE	TRUE
Dsel	chr1	FALSE	FALSE
Ptges3	chr10	FALSE	FALSE
Aoah	chr13	FALSE	TRUE
Ppp1r35	chr5	FALSE	FALSE
Pop7	chr5	FALSE	FALSE
Cd81	chr7	FALSE	TRUE
Eef1a2	chr2	FALSE	FALSE
Tubg2	chr11	FALSE	FALSE
Tiam2	chr17	FALSE	TRUE
Retreg2	chr1	FALSE	FALSE
Pgls	chr8	FALSE	FALSE
Ccnd1	chr7	FALSE	TRUE
Dscaml1	chr9	FALSE	TRUE
Mvp	chr7	FALSE	FALSE
Fam241b	chr10	FALSE	TRUE
Pura	chr18	FALSE	FALSE
Pdcd4	chr19	FALSE	FALSE
Pcdhb1	chr18	FALSE	FALSE
Cep63	chr9	FALSE	FALSE
Aloxe3	chr11	FALSE	FALSE
Ttc32	chr12	FALSE	FALSE
Pelo	chr13	FALSE	FALSE
Zfp24	chr18	FALSE	FALSE
Cdkn2aip	chr8	FALSE	FALSE
Pnrc2	chr4	FALSE	FALSE
Rassf1	chr9	FALSE	FALSE
Ap3d1	chr10	FALSE	FALSE
Mrps16	chr14	FALSE	FALSE
Trim28	chr7	FALSE	FALSE
Cdk14	chr5	FALSE	TRUE
Rarb	chr14	FALSE	TRUE
Tle5	chr10	FALSE	FALSE
Spred3	chr7	FALSE	FALSE
Kctd9	chr14	FALSE	FALSE
Eogt	chr6	FALSE	FALSE
Zfp280b	chr10	FALSE	FALSE
Zfp868	chr8	FALSE	FALSE
Gna11	chr10	FALSE	FALSE
Psg16	chr7	FALSE	FALSE
Serbp1	chr6	FALSE	FALSE
Rnpc3	chr3	FALSE	TRUE
Trim65	chr11	FALSE	FALSE
Zfp189	chr4	FALSE	FALSE
Erlec1	chr11	FALSE	FALSE
Tor1aip2	chr1	FALSE	FALSE
Dhx36	chr3	FALSE	FALSE
Tfap4	chr16	FALSE	FALSE
Nap1l1	chr10	FALSE	FALSE
Ctso	chr3	FALSE	FALSE
Spdya	chr17	FALSE	FALSE
Cox6c	chr15	FALSE	FALSE
Prkar1a	chr11	FALSE	FALSE
Mroh5	chr15	FALSE	TRUE
Kcnb2	chr1	FALSE	TRUE
Dlst	chr12	FALSE	FALSE
Golga5	chr12	FALSE	FALSE
Tmem247	chr17	FALSE	FALSE
Csdc2	chr15	FALSE	FALSE
Pdss1	chr2	FALSE	FALSE
Enho	chr4	FALSE	TRUE
Cdkn1b	chr6	FALSE	FALSE
Dusp4	chr8	FALSE	FALSE
Fau	chr19	FALSE	FALSE
Pars2	chr4	FALSE	TRUE
AI854703	chr6	FALSE	FALSE
Ajm1	chr2	FALSE	FALSE
Dyrk1b	chr7	FALSE	TRUE
Gucy2e	chr11	FALSE	FALSE
Bod1	chr11	FALSE	TRUE
Msl3	chrX	FALSE	FALSE
Mcoln1	chr8	FALSE	FALSE
Hopx	chr5	FALSE	TRUE
Msh6	chr17	FALSE	FALSE
Nfe2l1	chr11	FALSE	FALSE
Zkscan6	chr11	FALSE	TRUE
Agbl5	chr5	FALSE	FALSE
AU022252	chr4	FALSE	FALSE
Abhd10	chr16	FALSE	FALSE
Actrt3	chr3	FALSE	FALSE
Ccdc69	chr11	FALSE	TRUE
Sharpin	chr15	FALSE	FALSE
Ppm1k	chr6	FALSE	FALSE
Nagk	chr6	FALSE	FALSE
Nfatc2ip	chr7	FALSE	FALSE
Midn	chr10	FALSE	FALSE
Msto1	chr3	FALSE	FALSE
Mak16	chr8	FALSE	FALSE
Hnrnpdl	chr5	FALSE	FALSE
Fbxl16	chr17	FALSE	FALSE
Med17	chr9	FALSE	FALSE
Tmem115	chr9	FALSE	FALSE
Rbm12b2	chr4	FALSE	FALSE
Ubfd1	chr7	FALSE	FALSE
Thra	chr11	FALSE	FALSE
Tubgcp4	chr2	FALSE	TRUE
Enpp5	chr17	FALSE	FALSE
Map6d1	chr16	FALSE	FALSE
Senp2	chr16	FALSE	FALSE
Trim46	chr3	FALSE	FALSE
Abraxas1	chr5	FALSE	FALSE
Vash1	chr12	FALSE	FALSE
Reps2	chrX	FALSE	TRUE
Eid2	chr7	FALSE	FALSE
Trim17	chr11	FALSE	FALSE
Snx21	chr2	FALSE	FALSE
Tfb2m	chr1	FALSE	FALSE
Gm13889	chr2	FALSE	TRUE
Rpa1	chr11	FALSE	TRUE
Ldlr	chr9	FALSE	FALSE
Slc40a1	chr1	FALSE	TRUE
C1qtnf6	chr15	FALSE	FALSE
Gm815	chr19	FALSE	TRUE
Cryab	chr9	FALSE	TRUE
Pold4	chr19	FALSE	FALSE
Wdr45b	chr11	FALSE	FALSE
Lratd1	chr12	FALSE	FALSE
Hpcal1	chr12	FALSE	TRUE
Il2rb	chr15	FALSE	FALSE
Psmb3	chr11	FALSE	FALSE
Btbd19	chr4	FALSE	FALSE
Smad2	chr18	FALSE	FALSE
Tnfaip1	chr11	FALSE	FALSE
Inafm1	chr7	FALSE	FALSE
Smim8	chr4	FALSE	FALSE
C9orf72	chr4	FALSE	FALSE
Spryd3	chr15	FALSE	FALSE
Gpx7	chr4	FALSE	FALSE
Adal	chr2	FALSE	FALSE
Ugt1a2	chr1	FALSE	TRUE
Crebl2	chr6	FALSE	FALSE
Ptma	chr1	FALSE	FALSE
Oxgr1	chr14	FALSE	TRUE
Mea1	chr17	FALSE	FALSE
Pnn	chr12	FALSE	FALSE
Ccdc134	chr15	FALSE	FALSE
Ccdc74a	chr16	FALSE	FALSE
Tspyl1	chr10	FALSE	FALSE
Gon7	chr12	FALSE	FALSE
Dact1	chr12	FALSE	TRUE
Zdhhc9	chrX	FALSE	TRUE
Amacr	chr15	FALSE	FALSE
Ap3m2	chr8	FALSE	FALSE
Phospho2	chr2	FALSE	FALSE
Sh2d5	chr4	FALSE	FALSE
Slbp	chr5	FALSE	FALSE
Tmem104	chr11	FALSE	FALSE
1700009N14Rik	chr4	FALSE	FALSE
Gm9758	chr5	FALSE	FALSE
Rgl2	chr17	FALSE	FALSE
Chmp2a	chr7	FALSE	FALSE
Med28	chr5	FALSE	FALSE
Dab2ip	chr2	FALSE	FALSE
Tmem170	chr8	FALSE	FALSE
Zcchc3	chr2	FALSE	TRUE
Slc38a10	chr11	FALSE	FALSE
Cfap97d2	chr8	FALSE	FALSE
Fasn	chr11	FALSE	FALSE
Wdr4	chr17	FALSE	TRUE
Car11	chr7	FALSE	FALSE
Tmed3	chr9	FALSE	FALSE
F2	chr2	FALSE	TRUE
Tmem223	chr19	FALSE	FALSE
Cep97	chr16	FALSE	FALSE
Sec22b	chr3	FALSE	FALSE
Zfp428	chr7	FALSE	FALSE
Pgbd1	chr13	FALSE	FALSE
Gm38431	chr9	FALSE	FALSE
Magee1	chrX	FALSE	FALSE
Aph1a	chr3	FALSE	FALSE
Atp13a1	chr8	FALSE	FALSE
Zfp605	chr5	FALSE	FALSE
Asah1	chr8	FALSE	FALSE
Cnih1	chr14	FALSE	FALSE
Rexo4	chr2	FALSE	TRUE
Pcdh8	chr14	FALSE	TRUE
Dmxl1	chr18	FALSE	FALSE
Slc16a6	chr11	FALSE	FALSE
Txndc9	chr1	FALSE	FALSE
Rnf6	chr5	FALSE	FALSE
Sike1	chr3	FALSE	FALSE
Rnf112	chr11	FALSE	FALSE
Zfp960	chr17	FALSE	FALSE
Sertad3	chr7	FALSE	FALSE
Borcs6	chr11	FALSE	FALSE
Ccdc184	chr15	FALSE	FALSE
Uqcrfs1	chr13	FALSE	FALSE
Nudt22	chr19	FALSE	FALSE
Stk25	chr1	FALSE	FALSE
Zfp579	chr7	FALSE	FALSE
Vma21	chrX	FALSE	FALSE
Stoml2	chr4	FALSE	FALSE
Urb1	chr16	FALSE	TRUE
Hnrnpa0	chr13	FALSE	FALSE
Ttc39c	chr18	FALSE	FALSE
Lingo4	chr3	FALSE	FALSE
Cox7a2l	chr17	FALSE	FALSE
Svil	chr18	FALSE	TRUE
Ddx1	chr12	FALSE	FALSE
Mfap4	chr11	FALSE	FALSE
B4gat1	chr19	FALSE	FALSE
Hsp90aa1	chr12	FALSE	TRUE
Pcif1	chr2	FALSE	FALSE
Cox4i1	chr8	FALSE	FALSE
Ctns	chr11	FALSE	TRUE
Fcer2a	chr8	FALSE	TRUE
Brms1l	chr12	FALSE	FALSE
Olfm4	chr14	FALSE	TRUE
Clk4	chr11	FALSE	FALSE
Crlf2	chr5	FALSE	TRUE
Tfam	chr10	FALSE	FALSE
Exosc9	chr3	FALSE	TRUE
Dcpp3	chr17	FALSE	FALSE
Ttc14	chr3	FALSE	FALSE
Itpr2	chr6	FALSE	TRUE
Mfap3	chr11	FALSE	FALSE
Arl16	chr11	FALSE	FALSE
Pnpla6	chr8	FALSE	FALSE
Nipsnap2	chr5	FALSE	FALSE
Fbxo7	chr10	FALSE	FALSE
Ndufb4	chr16	FALSE	FALSE
Rlim	chrX	FALSE	FALSE
Lsp1	chr7	FALSE	TRUE
Slc39a2	chr14	FALSE	TRUE
Mrpl57	chr14	FALSE	FALSE
Rcbtb1	chr14	FALSE	FALSE
Nlrp4f	chr13	FALSE	FALSE
Cdkn1a	chr17	FALSE	FALSE
Mpv17l2	chr8	FALSE	FALSE
Acat2	chr17	FALSE	TRUE
Pdia4	chr6	FALSE	FALSE
Apbb3	chr18	FALSE	FALSE
Ier5	chr1	FALSE	FALSE
Akirin2	chr4	FALSE	FALSE
Chaf1a	chr17	FALSE	TRUE
Gtpbp10	chr5	FALSE	FALSE
Fus	chr7	FALSE	FALSE
Arl1	chr10	FALSE	FALSE
Rragb	chrX	FALSE	FALSE
Slc25a5	chrX	FALSE	FALSE
Bola3	chr6	FALSE	TRUE
Fhl4	chr10	FALSE	FALSE
Gabarap	chr11	FALSE	FALSE
Adam30	chr3	FALSE	FALSE
Gemin7	chr7	FALSE	TRUE
Il3ra	chr14	FALSE	FALSE
Tubg1	chr11	FALSE	FALSE
Stard4	chr18	FALSE	FALSE
Phb2	chr6	FALSE	TRUE
Pithd1	chr4	FALSE	FALSE
B3gnt8	chr7	FALSE	TRUE
Rpl5	chr5	FALSE	TRUE
Tatdn1	chr15	FALSE	TRUE
Sh2b3	chr5	FALSE	TRUE
Ssr1	chr13	FALSE	FALSE
Trp53	chr11	FALSE	FALSE
Fam184b	chr5	FALSE	TRUE
Cryz	chr3	FALSE	FALSE
Rassf8	chr6	FALSE	FALSE
Zbtb14	chr17	FALSE	FALSE
Nat8l	chr5	FALSE	TRUE
Ccdc85b	chr19	FALSE	FALSE
Vasp	chr7	FALSE	FALSE
Rplp1	chr9	FALSE	FALSE
Cd151	chr7	FALSE	TRUE
Ralgapa2	chr2	FALSE	FALSE
Herpud1	chr8	FALSE	TRUE
Cnot8	chr11	FALSE	FALSE
Rgs6	chr12	TRUE	TRUE
Fam219b	chr9	FALSE	FALSE
Prickle4	chr17	FALSE	FALSE
Pip4p2	chr4	FALSE	FALSE
Chchd5	chr2	FALSE	FALSE
Arl4c	chr1	FALSE	FALSE
Zfp703	chr8	FALSE	FALSE
Vwa1	chr4	FALSE	TRUE
Gabrd	chr4	FALSE	FALSE
Slitrk3	chr3	TRUE	FALSE
Cd164	chr10	FALSE	FALSE
Gstp3	chr19	FALSE	TRUE
Cyb561d1	chr3	FALSE	TRUE
Tlcd5	chr9	FALSE	FALSE
Mtres1	chr10	FALSE	FALSE
Fut7	chr2	FALSE	TRUE
Ccn6	chr10	FALSE	FALSE
Trim27	chr13	FALSE	FALSE
Zfp655	chr5	FALSE	TRUE
Dnase2a	chr8	FALSE	TRUE
Nfkbib	chr7	FALSE	FALSE
Cry1	chr10	FALSE	FALSE
Prr12	chr7	FALSE	FALSE
Thrsp	chr7	FALSE	FALSE
Zfp661	chr2	FALSE	FALSE
Babam1	chr8	FALSE	FALSE
Sar1a	chr10	FALSE	FALSE
Spock2	chr10	FALSE	FALSE
Arrdc1	chr2	FALSE	TRUE
Gabarapl1	chr6	FALSE	TRUE
Lnx1	chr5	FALSE	FALSE
Cst3	chr2	FALSE	FALSE
Atic	chr1	FALSE	FALSE
Mtmr7	chr8	FALSE	FALSE
Naaladl2	chr3	FALSE	FALSE
Pcsk7	chr9	FALSE	FALSE
A930018P22Rik	chr2	FALSE	FALSE
Ndufs8	chr19	FALSE	TRUE
Mppe1	chr18	FALSE	FALSE
Lpxn	chr19	FALSE	FALSE
Tor1b	chr2	FALSE	FALSE
Jmjd4	chr11	FALSE	FALSE
Lhfpl4	chr6	FALSE	FALSE
C130050O18Rik	chr5	FALSE	TRUE
Cdkal1	chr13	FALSE	FALSE
Mrps36	chr13	FALSE	FALSE
Dnaja1	chr4	FALSE	FALSE
Mamstr	chr7	FALSE	TRUE
Pfkfb4	chr9	FALSE	FALSE
Diras2	chr13	FALSE	FALSE
Hspd1	chr1	FALSE	FALSE
Ndrg4	chr8	FALSE	FALSE
Ddx41	chr13	FALSE	FALSE
Wdr55	chr18	FALSE	TRUE
Bcl2l2	chr14	FALSE	FALSE
Zfp457	chr13	FALSE	FALSE
Tubb3	chr8	FALSE	FALSE
Rhot2	chr17	FALSE	TRUE
Mphosph8	chr14	FALSE	FALSE
Zfp568	chr7	FALSE	FALSE
Vegfb	chr19	FALSE	TRUE
Cmtm7	chr9	FALSE	FALSE
Snhg11	chr2	FALSE	TRUE
Pih1d1	chr7	FALSE	FALSE
Syngr1	chr15	FALSE	FALSE
E2f4	chr8	FALSE	TRUE
Hey1	chr3	FALSE	FALSE
Snrpb2	chr2	FALSE	FALSE
Siva1	chr12	FALSE	FALSE
Grcc10	chr6	FALSE	FALSE
Slc24a5	chr2	FALSE	FALSE
Itgb2	chr10	FALSE	TRUE
Yes1	chr5	FALSE	FALSE
Zbtb10	chr3	FALSE	FALSE
Phf13	chr4	FALSE	FALSE
Kazn	chr4	FALSE	FALSE
Rtn4rl1	chr11	FALSE	TRUE
Adrm1	chr2	FALSE	FALSE
Tlx3	chr11	FALSE	TRUE
Tpi1	chr6	FALSE	FALSE
Tspan17	chr13	FALSE	TRUE
Wdr73	chr7	FALSE	TRUE
Pgrmc1	chrX	FALSE	FALSE
Dync1i1	chr6	FALSE	FALSE
Adrb2	chr18	FALSE	FALSE
Stk40	chr4	FALSE	FALSE
Tbc1d8	chr1	FALSE	FALSE
Fam13b	chr18	FALSE	FALSE
Trap1	chr16	FALSE	FALSE
Cnr1	chr4	TRUE	FALSE
Gbp6	chr5	FALSE	TRUE
AU041133	chr10	FALSE	FALSE
Kcnk9	chr15	FALSE	FALSE
Taok3	chr5	FALSE	FALSE
Abcc10	chr17	FALSE	FALSE
Elavl4	chr4	TRUE	FALSE
Mcat	chr15	FALSE	FALSE
Banf1	chr19	FALSE	FALSE
Spata20	chr11	FALSE	FALSE
Rpl7	chr1	FALSE	FALSE
Egr4	chr6	FALSE	TRUE
Spats1	chr17	FALSE	FALSE
Camk2n1	chr4	FALSE	FALSE
Mepce	chr5	FALSE	FALSE
Derl2	chr11	FALSE	FALSE
Ccdc63	chr5	FALSE	TRUE
Secisbp2l	chr2	FALSE	FALSE
Krt222	chr11	FALSE	FALSE
Myt1	chr2	TRUE	TRUE
1700024G13Rik	chr14	FALSE	TRUE
Itprid2	chr2	FALSE	TRUE
Mrps23	chr11	FALSE	FALSE
Mthfd2	chr6	FALSE	FALSE
Jund	chr8	FALSE	FALSE
Insig1	chr5	FALSE	FALSE
Gtf2h1	chr7	FALSE	FALSE
Pafah1b1	chr11	FALSE	FALSE
Ccnjl	chr11	FALSE	TRUE
Acot6	chr12	FALSE	FALSE
Nemp2	chr1	FALSE	TRUE
Hsd17b7	chr1	FALSE	FALSE
Ghitm	chr14	FALSE	FALSE
Endov	chr11	FALSE	FALSE
Casp3	chr8	FALSE	FALSE
Tubb4b	chr2	FALSE	FALSE
Plk2	chr13	FALSE	FALSE
Rrp1	chr10	FALSE	FALSE
Commd5	chr15	FALSE	TRUE
Cnot7	chr8	FALSE	FALSE
Dgat1	chr15	FALSE	FALSE
Eif4h	chr5	FALSE	FALSE
Sec13	chr6	FALSE	FALSE
Golm1	chr13	FALSE	FALSE
Tatdn3	chr1	FALSE	FALSE
Slc6a8	chrX	FALSE	TRUE
Irgc1	chr7	FALSE	FALSE
Rmc1	chr18	FALSE	FALSE
Prkab2	chr3	FALSE	FALSE
Slc25a3	chr10	FALSE	FALSE
Recql	chr6	FALSE	FALSE
Copz2	chr11	FALSE	TRUE
Rit2	chr18	FALSE	TRUE
Tefm	chr11	FALSE	FALSE
Msl3l2	chr10	FALSE	FALSE
Mmadhc	chr2	FALSE	FALSE
Timm22	chr11	FALSE	FALSE
Cypt12	chr3	FALSE	TRUE
Ssr4	chrX	FALSE	FALSE
Pa2g4	chr10	FALSE	FALSE
Actl10	chr2	FALSE	TRUE
Bbs10	chr10	FALSE	FALSE
Slc22a4	chr11	FALSE	TRUE
Adprm	chr11	FALSE	FALSE
Zfp595	chr13	FALSE	FALSE
Lrrc24	chr15	FALSE	FALSE
Gdap1	chr1	FALSE	FALSE
Bhlhe23	chr2	FALSE	TRUE
Rad21	chr15	FALSE	FALSE
Mars2	chr1	FALSE	FALSE
Vps51	chr19	FALSE	FALSE
Rps8	chr4	FALSE	TRUE
Mgat2	chr12	FALSE	FALSE
Ewsr1	chr11	FALSE	FALSE
Exoc7	chr11	FALSE	FALSE
Emd	chrX	FALSE	FALSE
Fkbp8	chr8	FALSE	FALSE
Zfp358	chr8	FALSE	FALSE
Mri1	chr8	FALSE	FALSE
Dio2	chr12	FALSE	TRUE
Fyttd1	chr16	FALSE	TRUE
Arpc5l	chr2	FALSE	FALSE
Wbp11	chr6	FALSE	FALSE
Nr4a1	chr15	FALSE	TRUE
Kti12	chr4	FALSE	FALSE
Tmem259	chr10	FALSE	FALSE
Stub1	chr17	FALSE	FALSE
Zfp365	chr10	FALSE	FALSE
Tmem250-ps	chr2	FALSE	FALSE
Ypel3	chr7	FALSE	FALSE
Ccsap	chr8	FALSE	TRUE
Mfsd10	chr5	FALSE	TRUE
Frat2	chr19	FALSE	FALSE
Mecp2	chrX	FALSE	FALSE
Adam34	chr8	FALSE	TRUE
Col9a2	chr4	FALSE	FALSE
Rsad1	chr11	FALSE	FALSE
Polr3k	chr2	FALSE	FALSE
Pwwp3a	chr10	FALSE	FALSE
Abca8b	chr11	FALSE	TRUE
Rhebl1	chr15	FALSE	TRUE
Chd4	chr6	FALSE	TRUE
Cdca3	chr6	FALSE	FALSE
Spata2	chr2	FALSE	FALSE
Krcc1	chr6	FALSE	FALSE
Psmb1	chr17	FALSE	TRUE
Rpl10	chrX	FALSE	FALSE
Tigar	chr6	FALSE	FALSE
Tmem214	chr5	FALSE	FALSE
Ssx2ip	chr3	FALSE	TRUE
Prdx6	chr1	FALSE	FALSE
Pacsin3	chr2	FALSE	FALSE
Slc50a1	chr3	FALSE	TRUE
Plscr3	chr11	FALSE	FALSE
Mief2	chr11	FALSE	TRUE
Hes6	chr1	FALSE	FALSE
Ssu72	chr4	FALSE	FALSE
Edrf1	chr7	FALSE	FALSE
Fbxw17	chr13	FALSE	FALSE
Csrnp2	chr15	FALSE	FALSE
Gapdh	chr6	FALSE	FALSE
Cdk9	chr2	FALSE	FALSE
Snrnp35	chr5	FALSE	FALSE
Asprv1	chr6	FALSE	TRUE
Rnaseh2b	chr14	FALSE	FALSE
Mllt3	chr4	FALSE	FALSE
Syt13	chr2	FALSE	FALSE
Rab5if	chr2	FALSE	TRUE
Zcchc2	chr1	FALSE	FALSE
Ccndbp1	chr2	FALSE	FALSE
Lpar5	chr6	FALSE	TRUE
Cbx8	chr11	FALSE	FALSE
Csk	chr9	FALSE	FALSE
Zfp78	chr7	FALSE	FALSE
Unc50	chr1	FALSE	FALSE
Lrrc3b	chr14	FALSE	FALSE
Rad52	chr6	FALSE	FALSE
Cpd	chr11	FALSE	FALSE
Sorcs1	chr19	FALSE	TRUE
Cdh16	chr8	FALSE	TRUE
Rab33b	chr3	FALSE	FALSE
Tysnd1	chr10	FALSE	FALSE
Ccdc42	chr11	FALSE	FALSE
2310061I04Rik	chr17	FALSE	FALSE
Vps18	chr2	FALSE	FALSE
Fam3a	chrX	FALSE	FALSE
Dpf2	chr19	FALSE	TRUE
Rps27a	chr11	FALSE	FALSE
Abcf2	chr5	FALSE	FALSE
Ocel1	chr8	FALSE	FALSE
Zfp930	chr8	FALSE	FALSE
Tmem256	chr11	FALSE	FALSE
Guf1	chr5	FALSE	FALSE
Lyplal1	chr1	FALSE	FALSE
Cfc1	chr1	FALSE	TRUE
Cul7	chr17	FALSE	TRUE
Mbd1	chr18	FALSE	FALSE
Prkag1	chr15	FALSE	FALSE
Cers1	chr8	FALSE	FALSE
Mab21l1	chr3	FALSE	FALSE
Ssbp1	chr6	FALSE	FALSE
Tcap	chr11	FALSE	FALSE
Grb10	chr11	FALSE	TRUE
Lbr	chr1	FALSE	FALSE
Map2k7	chr8	FALSE	FALSE
Rcbtb2	chr14	FALSE	FALSE
Efnb1	chrX	FALSE	FALSE
Eef1g	chr19	FALSE	FALSE
Xxylt1	chr16	FALSE	FALSE
Cdk2ap1	chr5	FALSE	FALSE
H1f3	chr13	FALSE	TRUE
Casp2	chr6	FALSE	FALSE
Ibtk	chr9	FALSE	FALSE
Mrpl51	chr6	FALSE	FALSE
Rbp7	chr4	FALSE	TRUE
Zfp869	chr8	FALSE	FALSE
Mlh3	chr12	FALSE	FALSE
Rce1	chr19	FALSE	FALSE
Tmppe	chr9	FALSE	FALSE
Nacc1	chr8	FALSE	FALSE
Tomm40	chr7	FALSE	FALSE
Tm9sf1	chr14	FALSE	FALSE
Npm1	chr11	FALSE	FALSE
Rpp25l	chr4	FALSE	FALSE
Coq10a	chr10	FALSE	FALSE
Gale	chr4	FALSE	FALSE
Ckap4	chr10	FALSE	FALSE
Polrmt	chr10	FALSE	TRUE
Septin4	chr11	FALSE	FALSE
Ppp4r3b	chr11	FALSE	FALSE
Bnip3	chr7	FALSE	FALSE
Foxs1	chr2	FALSE	FALSE
Zfp623	chr15	FALSE	FALSE
Col17a1	chr19	FALSE	FALSE
Nr1h3	chr2	FALSE	TRUE
B230217C12Rik	chr11	FALSE	FALSE
St3gal5	chr6	FALSE	FALSE
Spin2c	chrX	FALSE	TRUE
Otulinl	chr15	FALSE	FALSE
Vcp	chr4	FALSE	FALSE
Fam135a	chr1	FALSE	FALSE
Rps6ka3	chrX	FALSE	TRUE
Npcd	chr15	FALSE	FALSE
Synj2	chr17	FALSE	TRUE
Capn9	chr8	FALSE	TRUE
Prdx2	chr8	FALSE	FALSE
Pced1a	chr2	FALSE	FALSE
Otos	chr1	FALSE	TRUE
Dhx9	chr1	FALSE	FALSE
Rnase12	chr14	FALSE	FALSE
Ap5s1	chr2	FALSE	FALSE
Slc25a29	chr12	FALSE	FALSE
Tspan9	chr6	FALSE	FALSE
Dguok	chr6	FALSE	FALSE
P4ha1	chr10	FALSE	FALSE
Irx2	chr13	FALSE	TRUE
Zic5	chr14	TRUE	TRUE
Scn1b	chr7	FALSE	FALSE
Klhl21	chr4	FALSE	FALSE
Scand1	chr2	FALSE	FALSE
Eif1b	chr9	FALSE	FALSE
En1	chr1	FALSE	TRUE
Fut11	chr14	FALSE	FALSE
Trdmt1	chr2	FALSE	FALSE
Purb	chr11	FALSE	FALSE
Cox20	chr1	FALSE	FALSE
Pcgf2	chr11	FALSE	FALSE
Ipp	chr4	FALSE	FALSE
Pfas	chr11	FALSE	TRUE
Atxn1l	chr8	FALSE	FALSE
Rnpep	chr1	FALSE	TRUE
Kctd7	chr5	FALSE	FALSE
Gnpda2	chr5	FALSE	FALSE
4931422A03Rik	chr2	FALSE	FALSE
Crls1	chr2	FALSE	FALSE
Mxd1	chr6	FALSE	FALSE
Pigp	chr16	FALSE	FALSE
Nrn1	chr13	FALSE	FALSE
Fez1	chr9	FALSE	FALSE
Taco1	chr11	FALSE	FALSE
Gcc1	chr6	FALSE	TRUE
Creb3l1	chr2	FALSE	FALSE
Hdhd3	chr4	FALSE	FALSE
Ska2	chr11	FALSE	FALSE
Gstm5	chr3	FALSE	FALSE
D11Wsu47e	chr11	FALSE	FALSE
Gpx1	chr9	FALSE	FALSE
Pitpnm1	chr19	FALSE	FALSE
Asb5	chr8	FALSE	TRUE
Gm10033	chr8	FALSE	TRUE
Usp11	chrX	FALSE	FALSE
Nme1	chr11	FALSE	FALSE
Lrp3	chr7	FALSE	FALSE
Vps26a	chr10	FALSE	FALSE
Ttyh2	chr11	FALSE	FALSE
Idh1	chr1	FALSE	FALSE
Ubc	chr5	FALSE	FALSE
Snx10	chr6	FALSE	TRUE
Ddx50	chr10	FALSE	FALSE
Slain1	chr14	FALSE	FALSE
Cyth2	chr7	FALSE	FALSE
Rimkla	chr4	FALSE	FALSE
Fam136a	chr6	FALSE	FALSE
Cyth1	chr11	FALSE	TRUE
Rpl37	chr15	FALSE	FALSE
Srp72	chr5	FALSE	FALSE
Mpv17l	chr16	FALSE	FALSE
Fjx1	chr2	FALSE	FALSE
Kcna5	chr6	FALSE	FALSE
Actbl2	chr13	FALSE	TRUE
Llgl1	chr11	FALSE	FALSE
Adgrl3	chr5	FALSE	TRUE
Gtse1	chr15	FALSE	FALSE
Eny2	chr15	FALSE	FALSE
Ccdc9	chr7	FALSE	FALSE
1810055G02Rik	chr19	FALSE	FALSE
Scrt1	chr15	FALSE	FALSE
Caly	chr7	FALSE	FALSE
Hmgn1	chr16	FALSE	TRUE
A430033K04Rik	chr5	FALSE	FALSE
Tmco1	chr1	FALSE	FALSE
Ppm1m	chr9	FALSE	TRUE
Tspan4	chr7	FALSE	FALSE
Suv39h1	chrX	FALSE	FALSE
Dhrs11	chr11	FALSE	TRUE
Gpc6	chr14	FALSE	TRUE
Cbx4	chr11	FALSE	TRUE
Parl	chr16	FALSE	FALSE
Trpm8	chr1	TRUE	TRUE
Glis2	chr16	FALSE	TRUE
Uap1	chr1	FALSE	FALSE
Setd7	chr3	FALSE	FALSE
Map1a	chr2	FALSE	FALSE
Pparg	chr6	FALSE	FALSE
Nxph3	chr11	FALSE	TRUE
Rchy1	chr5	FALSE	FALSE
Alg14	chr3	FALSE	TRUE
Zic2	chr14	FALSE	FALSE
Polg2	chr11	FALSE	TRUE
Pigh	chr12	FALSE	FALSE
Ctsf	chr19	FALSE	FALSE
Ly6g5b	chr17	FALSE	FALSE
Rbm17	chr2	FALSE	FALSE
Fndc4	chr5	FALSE	FALSE
Med23	chr10	FALSE	FALSE
Zkscan4	chr13	FALSE	FALSE
Impact	chr18	FALSE	FALSE
Sf3a1	chr11	FALSE	TRUE
Zfp85	chr13	FALSE	FALSE
Mro	chr18	FALSE	FALSE
Gpha2	chr19	FALSE	TRUE
Akap7	chr10	FALSE	FALSE
Tmsb10	chr6	FALSE	FALSE
Cisd1	chr10	FALSE	FALSE
Cln3	chr7	FALSE	FALSE
Dhrs7	chr12	FALSE	FALSE
Glo1	chr17	FALSE	FALSE
S1pr5	chr9	FALSE	FALSE
Sdf2	chr11	FALSE	TRUE
Alg11	chr8	FALSE	FALSE
Ncoa4	chr14	FALSE	FALSE
Sprn	chr7	FALSE	FALSE
Oplah	chr15	FALSE	FALSE
Slc20a1	chr2	FALSE	FALSE
Pex3	chr10	FALSE	FALSE
Irf2bpl	chr12	FALSE	FALSE
Klf16	chr10	FALSE	FALSE
Etfrf1	chr6	FALSE	FALSE
Gpr65	chr12	FALSE	TRUE
Ran	chr5	FALSE	FALSE
Lhx1	chr11	FALSE	FALSE
Rwdd2b	chr16	FALSE	FALSE
Carnmt1	chr19	FALSE	TRUE
Amigo3	chr9	FALSE	FALSE
Ptprn	chr1	FALSE	TRUE
Selenom	chr11	FALSE	FALSE
Plxna3	chrX	FALSE	TRUE
Cltb	chr13	FALSE	FALSE
Rnf19b	chr4	FALSE	TRUE
Tinf2	chr14	FALSE	FALSE
Mios	chr6	FALSE	FALSE
Tubgcp5	chr7	FALSE	FALSE
Gabra4	chr5	FALSE	FALSE
Carns1	chr19	FALSE	FALSE
Popdc2	chr16	FALSE	TRUE
Cbx3	chr6	FALSE	FALSE
Snrnp27	chr6	FALSE	FALSE
Gm5148	chr3	FALSE	TRUE
Hpcal4	chr4	FALSE	TRUE
Kank3	chr17	FALSE	FALSE
Limd2	chr11	FALSE	FALSE
Fbxo44	chr4	FALSE	FALSE
BC031181	chr18	FALSE	FALSE
Edc4	chr8	FALSE	FALSE
Bcdin3d	chr15	FALSE	FALSE
Ttyh1	chr7	FALSE	TRUE
Smarcd1	chr15	FALSE	FALSE
Rhov	chr2	FALSE	FALSE
Nectin4	chr1	FALSE	TRUE
Rrs1	chr1	FALSE	FALSE
Srp9	chr1	FALSE	FALSE
Dnajb4	chr3	FALSE	FALSE
Pabpc1	chr15	FALSE	FALSE
Poll	chr19	FALSE	FALSE
Gamt	chr10	FALSE	FALSE
Rnf113a1	chrX	FALSE	FALSE
Calb1	chr4	TRUE	TRUE
Pxylp1	chr9	FALSE	FALSE
Slc30a6	chr17	FALSE	FALSE
Eif2s1	chr12	FALSE	FALSE
Gpr150	chr13	FALSE	FALSE
Rnf24	chr2	FALSE	FALSE
Aldh9a1	chr1	FALSE	TRUE
Parp6	chr9	FALSE	FALSE
Rbx1	chr15	FALSE	FALSE
Tcea2	chr2	FALSE	FALSE
Med4	chr14	FALSE	TRUE
Comp	chr8	FALSE	TRUE
Tmem198	chr1	FALSE	FALSE
F8a	chrX	FALSE	FALSE
Poglut3	chr9	FALSE	TRUE
Skil	chr3	FALSE	FALSE
Rwdd1	chr10	FALSE	FALSE
Klf6	chr13	FALSE	FALSE
Phlda1	chr10	FALSE	FALSE
Ppib	chr9	FALSE	FALSE
Opn3	chr1	FALSE	FALSE
Homer1	chr13	FALSE	FALSE
Zc3h12a	chr4	FALSE	FALSE
Atn1	chr6	FALSE	FALSE
Eml1	chr12	FALSE	FALSE
Mpp1	chrX	FALSE	FALSE
Slc16a3	chr11	FALSE	TRUE
Mpzl3	chr9	FALSE	FALSE
Paxx	chr2	FALSE	TRUE
Abhd8	chr8	FALSE	FALSE
Samd15	chr12	FALSE	FALSE
Dclre1a	chr19	FALSE	FALSE
Avpi1	chr19	FALSE	TRUE
Glyctk	chr9	FALSE	FALSE
Fbxl12	chr9	FALSE	TRUE
Ogfr	chr2	FALSE	FALSE
Rpl23a	chr11	FALSE	TRUE
Psmd10	chrX	FALSE	FALSE
Gucy1b2	chr14	FALSE	TRUE
Slitrk1	chr14	TRUE	FALSE
Cox6a1	chr5	FALSE	FALSE
Rrp8	chr7	FALSE	FALSE
Acadm	chr3	FALSE	TRUE
Prpf4	chr4	FALSE	TRUE
Plxnb2	chr15	FALSE	TRUE
Haghl	chr17	FALSE	FALSE
Mcts1	chrX	FALSE	FALSE
Cfl2	chr12	FALSE	FALSE
Acad8	chr9	FALSE	FALSE
Ptms	chr6	FALSE	FALSE
Pfn1	chr11	FALSE	FALSE
Zfp983	chr17	FALSE	FALSE
Rps21	chr2	FALSE	FALSE
Klhl9	chr4	FALSE	FALSE
Rfxap	chr3	FALSE	FALSE
Ppcs	chr4	FALSE	FALSE
Srsf1	chr11	FALSE	TRUE
Fam83a	chr15	FALSE	TRUE
Zfp583	chr7	FALSE	FALSE
Fam131b	chr6	FALSE	FALSE
Nol7	chr13	FALSE	FALSE
Tppp3	chr8	FALSE	TRUE
Hyal2	chr9	FALSE	TRUE
Prcc	chr3	FALSE	FALSE
Klf11	chr12	FALSE	FALSE
Polr3gl	chr3	FALSE	FALSE
Pdrg1	chr2	FALSE	FALSE
Stap2	chr17	FALSE	TRUE
Serpini1	chr3	FALSE	FALSE
Slc35e2	chr4	FALSE	FALSE
Setmar	chr6	FALSE	FALSE
Rpl35	chr2	FALSE	FALSE
Ccdc191	chr16	FALSE	FALSE
Tm4sf1	chr3	FALSE	TRUE
Cenpx	chr11	FALSE	FALSE
Fundc1	chrX	FALSE	FALSE
Ganab	chr19	FALSE	FALSE
Hif1a	chr12	TRUE	FALSE
Syndig1l	chr12	FALSE	TRUE
Stambp	chr6	FALSE	FALSE
Gla	chrX	FALSE	FALSE
Zc3h11a	chr1	FALSE	FALSE
Cox8a	chr19	FALSE	FALSE
Cant1	chr11	FALSE	TRUE
Rsl24d1	chr9	FALSE	TRUE
Klhl34	chrX	FALSE	TRUE
Taf12	chr4	FALSE	FALSE
Abraxas2	chr7	FALSE	TRUE
Lrig1	chr6	FALSE	FALSE
Nudt19	chr7	FALSE	FALSE
Stard3nl	chr13	FALSE	TRUE
Ogfrl1	chr1	FALSE	TRUE
Brd2	chr17	FALSE	FALSE
Timm17b	chrX	FALSE	FALSE
Fen1	chr19	FALSE	TRUE
Derl3	chr10	FALSE	FALSE
Zfp119b	chr17	FALSE	FALSE
Ldhb	chr6	FALSE	FALSE
Cfap20	chr8	FALSE	FALSE
H2ac8	chr13	FALSE	FALSE
Actr1b	chr1	FALSE	FALSE
Emc6	chr11	FALSE	TRUE
Pou3f1	chr4	FALSE	FALSE
Myog	chr1	FALSE	FALSE
Exo5	chr4	FALSE	FALSE
E2f5	chr3	FALSE	FALSE
Ndufaf4	chr4	FALSE	FALSE
Tmem248	chr5	FALSE	FALSE
Mis18a	chr16	FALSE	FALSE
Cdt1	chr8	FALSE	FALSE
Sod1	chr16	FALSE	FALSE
Ly6g5c	chr17	FALSE	TRUE
Hspa2	chr12	FALSE	FALSE
Ost4	chr5	FALSE	FALSE
Fndc5	chr4	FALSE	TRUE
Tmem39b	chr4	FALSE	FALSE
Rem2	chr14	FALSE	FALSE
Lzts1	chr8	FALSE	FALSE
Ado	chr10	FALSE	FALSE
Alyref2	chr1	FALSE	FALSE
Txnl1	chr18	FALSE	FALSE
Eif4a2	chr16	FALSE	FALSE
Lrrc75b	chr10	FALSE	FALSE
Aldh7a1	chr18	FALSE	FALSE
Gm45871	chr18	FALSE	FALSE
Mss51	chr14	FALSE	TRUE
Ndufa9	chr6	FALSE	FALSE
Fbrs	chr7	FALSE	FALSE
Bcl2	chr1	TRUE	FALSE
Fads1	chr19	FALSE	FALSE
Atg16l2	chr7	FALSE	FALSE
Mvd	chr8	FALSE	TRUE
Cops8	chr1	FALSE	FALSE
Parva	chr7	FALSE	TRUE
Btbd6	chr12	FALSE	FALSE
Med19	chr2	FALSE	FALSE
Spty2d1	chr7	FALSE	FALSE
Slc35b3	chr13	FALSE	TRUE
Cdk20	chr13	FALSE	FALSE
Zbed3	chr13	FALSE	FALSE
Zfp458	chr13	FALSE	FALSE
Meak7	chr8	FALSE	FALSE
Speg	chr1	FALSE	TRUE
Gga1	chr15	FALSE	FALSE
Samm50	chr15	FALSE	FALSE
Zscan21	chr5	FALSE	FALSE
Srek1	chr13	FALSE	FALSE
Spry1	chr3	FALSE	FALSE
Gpr171	chr3	FALSE	FALSE
Pnpla2	chr7	FALSE	TRUE
Doc2g	chr19	FALSE	FALSE
Fam174c	chr10	FALSE	FALSE
Dnajc9	chr14	FALSE	FALSE
Cdk10	chr8	FALSE	FALSE
Dtnbp1	chr13	FALSE	TRUE
Polr1c	chr17	FALSE	FALSE
Trim41	chr11	FALSE	TRUE
Slc39a7	chr17	FALSE	FALSE
