gene_name	chr	is_neuronal_and_mecp2_up	k119ub_remodeled
Auts2	chr5	FALSE	TRUE
Csmd2	chr4	FALSE	TRUE
Arhgap26	chr18	FALSE	TRUE
Rasgef1b	chr5	FALSE	FALSE
Lrrc49	chr9	FALSE	TRUE
Emcn	chr3	FALSE	TRUE
Slc13a1	chr6	FALSE	TRUE
Dpys	chr15	FALSE	TRUE
Fgf1	chr18	FALSE	TRUE
Runx1t1	chr4	FALSE	TRUE
Trpm3	chr19	FALSE	FALSE
Pcdh9	chr14	FALSE	TRUE
Cog5	chr12	FALSE	TRUE
Cadps	chr14	FALSE	FALSE
Zbbx	chr3	FALSE	TRUE
Col9a1	chr1	FALSE	TRUE
Gprin3	chr6	TRUE	TRUE
Maml3	chr3	FALSE	TRUE
Csrnp3	chr2	FALSE	TRUE
Nrxn1	chr17	FALSE	TRUE
Erbb4	chr1	FALSE	TRUE
Pcgf5	chr19	FALSE	FALSE
Tenm2	chr11	FALSE	TRUE
Enox1	chr14	FALSE	TRUE
Slc6a6	chr6	FALSE	FALSE
Zfp608	chr18	FALSE	TRUE
Cytip	chr2	FALSE	TRUE
Camta1	chr4	FALSE	FALSE
Lsamp	chr16	FALSE	TRUE
Ctnnd2	chr15	FALSE	TRUE
Patj	chr4	FALSE	TRUE
Btbd3	chr2	FALSE	TRUE
Tjp1	chr7	FALSE	TRUE
Tmem178b	chr6	FALSE	FALSE
Abr	chr11	FALSE	FALSE
Ephb1	chr9	FALSE	TRUE
Plekha6	chr1	FALSE	TRUE
Cerkl	chr2	FALSE	TRUE
Gabbr2	chr4	FALSE	TRUE
Tafa5	chr15	FALSE	TRUE
Gsg1l	chr7	FALSE	TRUE
Rnf157	chr11	FALSE	TRUE
Tgfbr3	chr5	FALSE	FALSE
Sema6d	chr2	FALSE	TRUE
Cacna1e	chr1	FALSE	TRUE
Msi2	chr11	FALSE	TRUE
Hgd	chr16	FALSE	TRUE
Dlgap4	chr2	FALSE	TRUE
Phex	chrX	FALSE	TRUE
Prkar2b	chr12	FALSE	FALSE
Afap1	chr5	FALSE	FALSE
Ephb2	chr4	FALSE	TRUE
Zbtb20	chr16	FALSE	TRUE
Lrrc4c	chr2	FALSE	TRUE
Megf11	chr9	FALSE	TRUE
Hdac9	chr12	FALSE	TRUE
Cmip	chr8	FALSE	TRUE
Ccdc192	chr18	FALSE	TRUE
Epha3	chr16	TRUE	TRUE
Snca	chr6	TRUE	TRUE
Cacna2d2	chr9	FALSE	TRUE
Pappa2	chr1	FALSE	TRUE
Arhgef38	chr3	FALSE	TRUE
Nos1	chr5	FALSE	FALSE
Lamb3	chr1	TRUE	TRUE
Fam107b	chr2	TRUE	TRUE
Nln	chr13	FALSE	FALSE
Zic4	chr9	TRUE	TRUE
Pag1	chr3	FALSE	TRUE
Fstl4	chr11	FALSE	TRUE
Opcml	chr9	FALSE	TRUE
Kcnq1	chr7	FALSE	TRUE
Heg1	chr16	FALSE	TRUE
Prkce	chr17	TRUE	FALSE
D430041D05Rik	chr2	FALSE	FALSE
Wdr25	chr12	FALSE	TRUE
Ncald	chr15	FALSE	TRUE
Igsf21	chr4	FALSE	TRUE
Med13l	chr5	FALSE	TRUE
Col27a1	chr4	FALSE	TRUE
Phactr3	chr2	FALSE	FALSE
Atxn1	chr13	FALSE	FALSE
Ttr	chr18	FALSE	TRUE
Clnk	chr5	FALSE	TRUE
Sez6	chr11	FALSE	TRUE
Akap6	chr12	FALSE	TRUE
Cntnap2	chr6	FALSE	FALSE
Bcas3	chr11	FALSE	TRUE
Nav3	chr10	TRUE	FALSE
Tmem150c	chr5	FALSE	FALSE
Ptprn2	chr12	FALSE	TRUE
Dip2b	chr15	FALSE	FALSE
Rab11fip4	chr11	FALSE	FALSE
Vwf	chr6	FALSE	TRUE
Anks1b	chr10	FALSE	TRUE
Slc35g2	chr9	FALSE	TRUE
Angpt1	chr15	FALSE	TRUE
Cacna1c	chr6	FALSE	TRUE
Pcdh7	chr5	FALSE	FALSE
Jph1	chr1	FALSE	TRUE
Acly	chr11	FALSE	TRUE
Vti1a	chr19	FALSE	FALSE
Gria1	chr11	TRUE	FALSE
Brpf3	chr17	FALSE	TRUE
Lrba	chr3	FALSE	FALSE
Fam135b	chr15	FALSE	FALSE
Ptk2	chr15	FALSE	TRUE
Dgkb	chr12	FALSE	TRUE
Lingo1	chr9	FALSE	TRUE
Nfib	chr4	FALSE	TRUE
Ssh2	chr11	FALSE	TRUE
Cnpy1	chr5	FALSE	TRUE
Svep1	chr4	FALSE	TRUE
Elmo1	chr13	FALSE	FALSE
Zbtb16	chr9	FALSE	TRUE
Foxp1	chr6	FALSE	FALSE
Plcb4	chr2	TRUE	FALSE
Ppp2r2b	chr18	FALSE	TRUE
Fgf20	chr8	FALSE	TRUE
Grik2	chr10	TRUE	FALSE
Gm973	chr1	FALSE	FALSE
Cux2	chr5	FALSE	FALSE
Kbtbd12	chr6	FALSE	TRUE
Shank2	chr7	FALSE	TRUE
Pde4b	chr4	FALSE	FALSE
Nfia	chr4	FALSE	TRUE
Grxcr1	chr5	FALSE	TRUE
Myo3b	chr2	TRUE	TRUE
Prune2	chr19	FALSE	TRUE
Pde10a	chr17	FALSE	FALSE
Mad1l1	chr5	FALSE	FALSE
Ptchd4	chr17	FALSE	TRUE
Klhl29	chr12	FALSE	TRUE
Ralgps1	chr2	FALSE	TRUE
Pex14	chr4	FALSE	TRUE
Ift57	chr16	FALSE	TRUE
Snph	chr2	FALSE	FALSE
Elp4	chr2	FALSE	TRUE
Dagla	chr19	FALSE	FALSE
Nkain3	chr4	FALSE	FALSE
Kctd8	chr5	FALSE	TRUE
Gtf3c1	chr7	FALSE	FALSE
Slc5a10	chr11	FALSE	TRUE
Ebf2	chr14	FALSE	TRUE
Sybu	chr15	TRUE	TRUE
Mamdc2	chr19	FALSE	FALSE
Sdk1	chr5	FALSE	FALSE
Prkca	chr11	FALSE	FALSE
Mark1	chr1	FALSE	TRUE
Galnt7	chr8	FALSE	TRUE
Celf4	chr18	FALSE	FALSE
Epha5	chr5	TRUE	TRUE
Foxn3	chr12	FALSE	FALSE
Psd3	chr8	FALSE	TRUE
Pcsk5	chr19	FALSE	FALSE
Asb15	chr6	FALSE	TRUE
Cep350	chr1	FALSE	FALSE
Prickle2	chr6	FALSE	FALSE
Npvf	chr6	FALSE	TRUE
Alk	chr17	FALSE	FALSE
Slc17a6	chr7	FALSE	FALSE
Prkcb	chr7	FALSE	TRUE
Adam22	chr5	FALSE	TRUE
Itgb5	chr16	FALSE	TRUE
Spag17	chr3	TRUE	TRUE
Tcf12	chr9	FALSE	FALSE
Lpp	chr16	FALSE	TRUE
Runx1	chr16	FALSE	TRUE
Vav2	chr2	FALSE	TRUE
Astn2	chr4	TRUE	TRUE
Grip1	chr10	FALSE	FALSE
Dip2c	chr13	FALSE	TRUE
Sh3pxd2a	chr19	FALSE	TRUE
Nbea	chr3	TRUE	TRUE
Bahcc1	chr11	FALSE	FALSE
Hcn1	chr13	TRUE	TRUE
Dsc2	chr18	FALSE	TRUE
Igf1r	chr7	FALSE	FALSE
Fbh1	chr2	FALSE	TRUE
Ptprk	chr10	FALSE	TRUE
Zfpm2	chr15	FALSE	TRUE
Rab3c	chr13	FALSE	TRUE
Ambra1	chr2	FALSE	FALSE
Ahcyl2	chr6	FALSE	FALSE
Focad	chr4	FALSE	TRUE
Grin2a	chr16	FALSE	FALSE
Mbd5	chr2	FALSE	TRUE
Zbtb40	chr4	FALSE	FALSE
Samd12	chr15	FALSE	TRUE
Slc24a3	chr2	FALSE	FALSE
Sema5b	chr16	FALSE	FALSE
Dapk1	chr13	FALSE	FALSE
Cdk15	chr1	FALSE	TRUE
Adamts14	chr10	FALSE	TRUE
Ryr2	chr13	FALSE	FALSE
Vps13d	chr4	FALSE	FALSE
Isx	chr8	FALSE	TRUE
Slc39a11	chr11	FALSE	TRUE
Fam72a	chr1	FALSE	TRUE
Ercc8	chr13	FALSE	TRUE
Bank1	chr3	FALSE	TRUE
Lrrc36	chr8	FALSE	TRUE
Wipf3	chr6	FALSE	TRUE
Mvb12b	chr2	FALSE	FALSE
Ptprg	chr14	FALSE	FALSE
Optn	chr2	FALSE	FALSE
Rxra	chr2	FALSE	TRUE
Gnaq	chr19	FALSE	TRUE
Cacnb4	chr2	FALSE	TRUE
Adgrb3	chr1	TRUE	FALSE
Fam83g	chr11	FALSE	TRUE
Tbc1d30	chr10	FALSE	FALSE
Col5a1	chr2	FALSE	TRUE
Syn2	chr6	FALSE	TRUE
Trio	chr15	FALSE	FALSE
Rap1gap2	chr11	FALSE	TRUE
Rgs7	chr1	FALSE	TRUE
Pld5	chr1	FALSE	TRUE
Kcnj6	chr16	FALSE	FALSE
Ablim2	chr5	FALSE	FALSE
Rora	chr9	FALSE	FALSE
Rbfox1	chr16	FALSE	TRUE
Adk	chr14	FALSE	TRUE
Trp73	chr4	FALSE	FALSE
Fgf14	chr14	FALSE	FALSE
Kcnn3	chr3	FALSE	TRUE
Baz2b	chr2	FALSE	TRUE
Dnah11	chr12	FALSE	TRUE
Syt2	chr1	FALSE	TRUE
Tbc1d1	chr5	FALSE	FALSE
Btbd9	chr17	FALSE	FALSE
Syt6	chr3	FALSE	FALSE
Lrfn2	chr17	FALSE	TRUE
Syt1	chr10	FALSE	TRUE
Nek7	chr1	FALSE	TRUE
Sema3a	chr5	TRUE	TRUE
Fto	chr8	FALSE	FALSE
Dst	chr1	FALSE	FALSE
Dkk3	chr7	FALSE	TRUE
Zfp423	chr8	FALSE	FALSE
Gse1	chr8	FALSE	FALSE
Robo2	chr16	FALSE	TRUE
Ascc3	chr10	FALSE	TRUE
Gabrb3	chr7	FALSE	TRUE
Nr6a1	chr2	FALSE	FALSE
Bcl2l15	chr3	FALSE	TRUE
Fam20c	chr5	FALSE	TRUE
Cfap61	chr2	FALSE	FALSE
Snd1	chr6	FALSE	TRUE
Sik3	chr9	FALSE	TRUE
Glt8d2	chr10	FALSE	TRUE
Sh3gl3	chr7	FALSE	FALSE
Xkr6	chr14	FALSE	TRUE
Hspg2	chr4	FALSE	FALSE
Pdlim7	chr13	FALSE	TRUE
Ints9	chr14	FALSE	FALSE
Eefsec	chr6	FALSE	FALSE
Lct	chr1	FALSE	FALSE
Cenpf	chr1	FALSE	TRUE
Dysf	chr6	FALSE	FALSE
Ctnna3	chr10	FALSE	TRUE
Lrrn1	chr6	FALSE	TRUE
Hecw2	chr1	FALSE	TRUE
Ldlrad3	chr2	FALSE	FALSE
Zfand3	chr17	FALSE	FALSE
Nup93	chr8	FALSE	FALSE
Ppl	chr16	FALSE	TRUE
Tnrc6b	chr15	FALSE	FALSE
Tmcc1	chr6	FALSE	FALSE
Rgl1	chr1	FALSE	TRUE
Aff3	chr1	FALSE	TRUE
F830045P16Rik	chr2	FALSE	TRUE
Tcf20	chr15	FALSE	TRUE
Hlf	chr11	FALSE	FALSE
Shld1	chr2	FALSE	TRUE
Cemip	chr7	FALSE	FALSE
Ncor2	chr5	FALSE	TRUE
Cdh4	chr2	FALSE	FALSE
Unc13c	chr9	FALSE	TRUE
Nrp2	chr1	FALSE	FALSE
Brinp3	chr1	TRUE	TRUE
Nfasc	chr1	FALSE	TRUE
Prdm5	chr6	FALSE	TRUE
Ncoa1	chr12	FALSE	TRUE
Rapgef2	chr3	FALSE	TRUE
Togaram2	chr17	FALSE	TRUE
Gria2	chr3	FALSE	TRUE
Tpst1	chr5	FALSE	FALSE
Kcnd2	chr6	FALSE	FALSE
Chchd6	chr6	FALSE	FALSE
Eps8	chr6	FALSE	FALSE
Fsip1	chr2	FALSE	TRUE
Frmd4a	chr2	FALSE	FALSE
Mgll	chr6	FALSE	TRUE
Nsmaf	chr4	FALSE	TRUE
Gm1043	chr5	FALSE	TRUE
Cacna1g	chr11	FALSE	FALSE
Osbpl6	chr2	FALSE	FALSE
Anks1	chr17	FALSE	TRUE
Ntrk3	chr7	FALSE	FALSE
Cux1	chr5	FALSE	FALSE
Marchf4	chr1	FALSE	FALSE
Sfxn5	chr6	FALSE	FALSE
Hmbox1	chr14	FALSE	FALSE
Pou2f2	chr7	FALSE	FALSE
Card11	chr5	FALSE	TRUE
Cadps2	chr6	FALSE	FALSE
Akt3	chr1	FALSE	TRUE
Mtus2	chr5	FALSE	FALSE
Btbd1	chr7	FALSE	FALSE
Prickle1	chr15	FALSE	TRUE
Hspa12a	chr19	FALSE	TRUE
Fmn1	chr2	FALSE	TRUE
Atxn7l1	chr12	FALSE	FALSE
Erc2	chr14	FALSE	TRUE
Ncoa2	chr1	FALSE	FALSE
Wdr7	chr18	FALSE	TRUE
St18	chr1	FALSE	TRUE
Gphn	chr12	FALSE	TRUE
Dennd1a	chr2	FALSE	TRUE
Clvs1	chr4	FALSE	TRUE
Prr16	chr18	FALSE	TRUE
Nav1	chr1	FALSE	TRUE
Itsn1	chr16	FALSE	FALSE
Lrrc28	chr7	FALSE	TRUE
Myt1l	chr12	FALSE	TRUE
Serpinb8	chr1	FALSE	TRUE
Adcy9	chr16	FALSE	FALSE
B3gnt2	chr11	FALSE	TRUE
Megf6	chr4	FALSE	TRUE
Enah	chr1	FALSE	FALSE
Cntnap5a	chr1	FALSE	TRUE
Flrt3	chr2	FALSE	TRUE
Cntn4	chr6	FALSE	TRUE
Lca5l	chr16	FALSE	TRUE
Smad6	chr9	FALSE	TRUE
Osbpl10	chr9	FALSE	TRUE
Fmn2	chr1	FALSE	TRUE
Gdpd5	chr7	FALSE	FALSE
Nrcam	chr12	FALSE	FALSE
Alg8	chr7	FALSE	TRUE
Med27	chr2	FALSE	FALSE
Tbxas1	chr6	FALSE	FALSE
Camk1d	chr2	FALSE	TRUE
Tmem132c	chr5	FALSE	FALSE
Rere	chr4	FALSE	FALSE
Myo5b	chr18	FALSE	FALSE
Zfp827	chr8	FALSE	TRUE
Ncam1	chr9	FALSE	FALSE
Adcy5	chr16	FALSE	FALSE
Kif13b	chr14	FALSE	FALSE
Fam120b	chr17	FALSE	TRUE
Zcchc7	chr4	FALSE	FALSE
Macrod1	chr19	FALSE	FALSE
Lmf1	chr17	FALSE	FALSE
Kif5c	chr2	FALSE	FALSE
Farp1	chr14	FALSE	TRUE
Cd276	chr9	FALSE	TRUE
Slc35f3	chr8	FALSE	FALSE
Cdh20	chr1	FALSE	TRUE
Dpp6	chr5	FALSE	FALSE
Fbln2	chr6	FALSE	TRUE
Mrtfa	chr15	FALSE	FALSE
Rnf150	chr8	FALSE	FALSE
Dgki	chr6	FALSE	FALSE
Arap2	chr5	FALSE	FALSE
Mbnl2	chr14	FALSE	TRUE
Ptgs1	chr2	FALSE	FALSE
Agap1	chr1	FALSE	FALSE
Pax5	chr4	FALSE	FALSE
Kcnab1	chr3	TRUE	TRUE
Abl1	chr2	FALSE	FALSE
Sez6l	chr5	FALSE	TRUE
Cdc73	chr1	FALSE	FALSE
Galnt13	chr2	FALSE	TRUE
Pnpla7	chr2	FALSE	TRUE
Tnrc18	chr5	FALSE	FALSE
Cep128	chr12	FALSE	TRUE
Chchd3	chr6	FALSE	FALSE
Otc	chrX	FALSE	TRUE
Spock1	chr13	FALSE	FALSE
Slc1a7	chr4	FALSE	FALSE
Reep3	chr10	FALSE	FALSE
Garnl3	chr2	FALSE	FALSE
Zswim6	chr13	FALSE	FALSE
Myo18b	chr5	FALSE	TRUE
Ttc7b	chr12	FALSE	TRUE
Msrb3	chr10	FALSE	TRUE
Rapgef1	chr2	FALSE	TRUE
Atg7	chr6	FALSE	TRUE
Dipk2b	chrX	FALSE	TRUE
Uvrag	chr7	FALSE	FALSE
Snx29	chr16	FALSE	TRUE
1700019D03Rik	chr1	FALSE	TRUE
Ctnnbl1	chr2	FALSE	TRUE
Cadm2	chr16	FALSE	TRUE
Sobp	chr10	FALSE	TRUE
Sgip1	chr4	FALSE	FALSE
Coro1c	chr5	FALSE	TRUE
Osbpl5	chr7	FALSE	TRUE
Slc4a4	chr5	FALSE	TRUE
Trak1	chr9	FALSE	FALSE
Dlg5	chr14	FALSE	FALSE
Dhx35	chr2	FALSE	FALSE
Dym	chr18	FALSE	FALSE
Rfc1	chr5	FALSE	FALSE
Skap1	chr11	FALSE	FALSE
Cd83	chr13	FALSE	FALSE
Ksr1	chr11	FALSE	FALSE
Elk3	chr10	FALSE	FALSE
Abat	chr16	FALSE	TRUE
Hs6st3	chr14	FALSE	TRUE
Nr3c2	chr8	FALSE	TRUE
Grk5	chr19	FALSE	TRUE
Dnm3	chr1	FALSE	TRUE
Lhpp	chr7	FALSE	TRUE
Adamtsl3	chr7	FALSE	FALSE
Pacs1	chr19	FALSE	FALSE
Ntrk2	chr13	FALSE	TRUE
Tex2	chr11	FALSE	FALSE
Mms22l	chr4	FALSE	TRUE
Uggt2	chr14	FALSE	TRUE
Ldlrad4	chr18	FALSE	TRUE
Pde11a	chr2	FALSE	FALSE
Mtss1	chr15	FALSE	TRUE
Nmrk1	chr19	FALSE	TRUE
Sdccag8	chr1	FALSE	FALSE
Atp2b2	chr6	FALSE	FALSE
Smad3	chr9	FALSE	TRUE
Hdgfl3	chr7	FALSE	FALSE
Ank1	chr8	FALSE	FALSE
Neb	chr2	FALSE	TRUE
Fbrsl1	chr5	FALSE	FALSE
Prdm16	chr4	FALSE	TRUE
Pkig	chr2	FALSE	TRUE
Col16a1	chr4	FALSE	FALSE
Unc79	chr12	FALSE	FALSE
Rag1	chr2	TRUE	TRUE
Stom	chr2	FALSE	TRUE
Fryl	chr5	FALSE	TRUE
Nrros	chr16	FALSE	TRUE
Triqk	chr4	FALSE	TRUE
Rassf5	chr1	FALSE	FALSE
Gabrb2	chr11	TRUE	TRUE
Capsl	chr15	FALSE	TRUE
Lipc	chr9	FALSE	TRUE
Zfp536	chr7	FALSE	FALSE
Slc24a2	chr4	FALSE	FALSE
Pcca	chr14	FALSE	TRUE
Adarb2	chr13	FALSE	FALSE
Mapk10	chr5	FALSE	FALSE
Apba2	chr7	FALSE	FALSE
Atp8a2	chr14	FALSE	FALSE
Unc13b	chr4	FALSE	FALSE
Ap3b1	chr13	FALSE	FALSE
Iqgap2	chr13	FALSE	FALSE
Bcr	chr10	FALSE	FALSE
Nr3c1	chr18	FALSE	TRUE
Nsf	chr11	FALSE	TRUE
Plekhm3	chr1	FALSE	FALSE
Shisal1	chr15	FALSE	FALSE
Gas2	chr7	FALSE	FALSE
Arnt2	chr7	FALSE	FALSE
Tdo2	chr3	FALSE	TRUE
Zfp462	chr4	FALSE	TRUE
Arhgap23	chr11	FALSE	FALSE
Tshz2	chr2	FALSE	FALSE
Fibcd1	chr2	FALSE	TRUE
Tmeff2	chr1	FALSE	TRUE
Slc24a4	chr12	FALSE	TRUE
Lrig2	chr3	FALSE	FALSE
Atrnl1	chr19	FALSE	FALSE
Chst15	chr7	FALSE	TRUE
Reln	chr5	FALSE	TRUE
Serpinb1b	chr13	FALSE	TRUE
Zfp385b	chr2	FALSE	FALSE
Sdk2	chr11	FALSE	TRUE
Zfp704	chr3	FALSE	TRUE
Rabgap1l	chr1	FALSE	TRUE
Sorbs1	chr19	FALSE	TRUE
Mdga1	chr17	FALSE	TRUE
Efr3b	chr12	FALSE	TRUE
Ttc39b	chr4	FALSE	FALSE
Strbp	chr2	FALSE	TRUE
Zfp516	chr18	FALSE	TRUE
Evl	chr12	FALSE	FALSE
Siah3	chr14	FALSE	TRUE
Syne3	chr12	FALSE	TRUE
Cobl	chr11	TRUE	TRUE
Mpped2	chr2	FALSE	TRUE
Ston2	chr12	FALSE	TRUE
Gpm6b	chrX	TRUE	FALSE
Slc8a3	chr12	FALSE	FALSE
Cacng2	chr15	FALSE	FALSE
Tmprss11g	chr5	FALSE	TRUE
Lrrk1	chr7	FALSE	FALSE
Ppfia2	chr10	FALSE	TRUE
Ndrg1	chr15	FALSE	TRUE
Tasp1	chr2	FALSE	TRUE
Gpr158	chr2	FALSE	TRUE
Dennd1b	chr1	FALSE	TRUE
Eml4	chr17	FALSE	TRUE
Polr1d	chr5	FALSE	FALSE
Cuedc1	chr11	FALSE	FALSE
Barx2	chr9	FALSE	TRUE
Pde4dip	chr3	FALSE	TRUE
Efcab6	chr15	FALSE	FALSE
Rgs3	chr4	FALSE	TRUE
Col19a1	chr1	FALSE	TRUE
Kif18a	chr2	FALSE	TRUE
Prex1	chr2	FALSE	TRUE
Galnt17	chr5	FALSE	TRUE
5031439G07Rik	chr15	FALSE	FALSE
Cacna2d4	chr6	FALSE	FALSE
Pcsk6	chr7	FALSE	FALSE
Tmem131l	chr3	FALSE	FALSE
Abcc4	chr14	FALSE	TRUE
Trp53bp2	chr1	FALSE	TRUE
Mycbp2	chr14	FALSE	TRUE
Cacna1i	chr15	FALSE	FALSE
Zbtb7c	chr18	FALSE	TRUE
St3gal3	chr4	FALSE	FALSE
Tln2	chr9	FALSE	TRUE
Npsr1	chr9	FALSE	FALSE
Mapkap1	chr2	FALSE	FALSE
Gbf1	chr19	FALSE	FALSE
Tle3	chr9	FALSE	TRUE
Cnih3	chr1	FALSE	FALSE
Adgrb1	chr15	FALSE	FALSE
Olfm3	chr3	FALSE	TRUE
Zfp800	chr6	FALSE	FALSE
Jakmip3	chr7	FALSE	TRUE
Dnmt3a	chr12	FALSE	TRUE
Nkd1	chr8	FALSE	FALSE
Clstn2	chr9	FALSE	FALSE
Zfpm1	chr8	FALSE	TRUE
Reep1	chr6	FALSE	FALSE
Macf1	chr4	FALSE	TRUE
Arhgef4	chr1	FALSE	FALSE
Cdc42bpa	chr1	FALSE	TRUE
Tmprss11d	chr5	FALSE	TRUE
Atp8a1	chr5	FALSE	TRUE
Clmp	chr9	FALSE	FALSE
Dclk1	chr3	FALSE	TRUE
Mrps27	chr13	FALSE	FALSE
Lrrtm4	chr6	FALSE	TRUE
Cacna1b	chr2	FALSE	FALSE
Lmx1b	chr2	FALSE	TRUE
Aopep	chr13	FALSE	FALSE
Dbn1	chr13	FALSE	TRUE
Tshz1	chr18	FALSE	TRUE
Plxdc1	chr11	FALSE	TRUE
Rad51b	chr12	FALSE	TRUE
Pdia5	chr16	FALSE	TRUE
Camk4	chr18	FALSE	FALSE
Tnik	chr3	FALSE	FALSE
Pde4d	chr13	FALSE	TRUE
Nrxn3	chr12	FALSE	TRUE
Apbb2	chr5	FALSE	FALSE
Cdkl5	chrX	FALSE	FALSE
Plekhd1	chr12	FALSE	TRUE
Kctd12	chr14	FALSE	TRUE
Cnnm2	chr19	FALSE	FALSE
Kalrn	chr16	FALSE	TRUE
Mgat5	chr1	FALSE	TRUE
Kif1b	chr4	FALSE	FALSE
Efcab2	chr1	FALSE	TRUE
Pax3	chr1	FALSE	TRUE
Arhgef3	chr14	FALSE	TRUE
Srpk2	chr5	FALSE	FALSE
Srgap3	chr6	FALSE	TRUE
Coro7	chr16	FALSE	TRUE
Epas1	chr17	FALSE	TRUE
Zfp407	chr18	FALSE	TRUE
Lrrn2	chr1	FALSE	TRUE
Rasa3	chr8	FALSE	FALSE
Med12l	chr3	FALSE	TRUE
Inf2	chr12	FALSE	TRUE
Trim71	chr9	FALSE	TRUE
Scn8a	chr15	FALSE	FALSE
Ube2e1	chr14	FALSE	FALSE
Scn1a	chr2	FALSE	FALSE
Slc22a23	chr13	FALSE	TRUE
Tlcd4	chr3	FALSE	TRUE
Ece1	chr4	FALSE	TRUE
Srgap2	chr1	FALSE	TRUE
Cntnap4	chr8	FALSE	TRUE
Pknox2	chr9	FALSE	FALSE
Cav2	chr6	FALSE	TRUE
Zfp804a	chr2	TRUE	TRUE
Mprip	chr11	FALSE	FALSE
Kcna2	chr3	FALSE	FALSE
Frmd5	chr2	FALSE	FALSE
Lrrc8b	chr5	FALSE	FALSE
Hibadh	chr6	FALSE	TRUE
Rps6ka2	chr17	FALSE	TRUE
Foxo6	chr4	FALSE	TRUE
Dock5	chr14	FALSE	FALSE
Nedd4l	chr18	FALSE	FALSE
1700011L22Rik	chr8	FALSE	TRUE
Pde9a	chr17	FALSE	FALSE
Galnt18	chr7	FALSE	FALSE
Rbms3	chr9	FALSE	TRUE
Sipa1l1	chr12	FALSE	FALSE
Pbx1	chr1	FALSE	TRUE
Vgll4	chr6	FALSE	FALSE
Syn3	chr10	FALSE	TRUE
Slc45a4	chr15	FALSE	FALSE
Nectin1	chr9	FALSE	FALSE
Hpse2	chr19	FALSE	TRUE
Sec16b	chr1	FALSE	TRUE
Rims1	chr1	FALSE	TRUE
1700017N19Rik	chr10	FALSE	TRUE
Slc9a9	chr9	FALSE	TRUE
Mindy3	chr2	FALSE	TRUE
Slc10a7	chr8	FALSE	TRUE
Osbpl1a	chr18	FALSE	TRUE
Atg4c	chr4	FALSE	TRUE
Tmem156	chr5	FALSE	TRUE
Ptgis	chr2	FALSE	TRUE
Sv2c	chr13	FALSE	TRUE
Sort1	chr3	FALSE	TRUE
Lrp1b	chr2	FALSE	TRUE
Limch1	chr5	FALSE	FALSE
Kif16b	chr2	FALSE	TRUE
Cbs	chr17	FALSE	TRUE
Gabra2	chr5	FALSE	FALSE
Otof	chr5	FALSE	FALSE
Rptor	chr11	FALSE	TRUE
Unc5a	chr13	FALSE	TRUE
Rin2	chr2	FALSE	TRUE
Tbca	chr13	FALSE	TRUE
Capzb	chr4	FALSE	TRUE
Lrrc4	chr6	FALSE	TRUE
Tle1	chr4	FALSE	FALSE
Ccdc60	chr5	FALSE	FALSE
Igsf3	chr3	FALSE	TRUE
Ccdc88a	chr11	FALSE	TRUE
Lrrc8d	chr5	FALSE	FALSE
Erp44	chr4	FALSE	FALSE
Nos2	chr11	FALSE	TRUE
R3hdm2	chr10	FALSE	FALSE
Cers6	chr2	FALSE	FALSE
Pacs2	chr12	FALSE	TRUE
Ppp4r4	chr12	FALSE	TRUE
Arhgef10l	chr4	FALSE	TRUE
Mpp7	chr18	FALSE	TRUE
Cdh10	chr15	FALSE	TRUE
Actr3b	chr5	FALSE	TRUE
Dock9	chr14	FALSE	FALSE
Frmd6	chr12	FALSE	TRUE
Vps41	chr13	FALSE	FALSE
Adgrl2	chr3	FALSE	FALSE
Pls1	chr9	FALSE	TRUE
Zeb2	chr2	FALSE	FALSE
B3galt5	chr16	FALSE	FALSE
Atxn10	chr15	FALSE	FALSE
Fbxl7	chr15	FALSE	FALSE
Chd6	chr2	FALSE	FALSE
Bicdl1	chr5	FALSE	TRUE
Eya1	chr1	FALSE	TRUE
Ntn4	chr10	TRUE	TRUE
Bnc2	chr4	FALSE	TRUE
Edn2	chr4	FALSE	TRUE
Itpr3	chr17	FALSE	TRUE
Slc49a4	chr16	FALSE	TRUE
Galnt16	chr12	FALSE	FALSE
Pan3	chr5	FALSE	FALSE
Stk24	chr14	FALSE	FALSE
Gatad2a	chr8	FALSE	FALSE
Mcc	chr18	FALSE	TRUE
Esr1	chr10	FALSE	FALSE
Ptprs	chr17	FALSE	TRUE
Nphp4	chr4	FALSE	TRUE
Syt7	chr19	FALSE	FALSE
Ppp3ca	chr3	FALSE	FALSE
Kcnip4	chr5	FALSE	TRUE
Ano3	chr2	FALSE	TRUE
Cd47	chr16	FALSE	TRUE
Elovl6	chr3	FALSE	TRUE
Brinp2	chr1	FALSE	TRUE
Islr2	chr9	FALSE	TRUE
Ccdc33	chr9	FALSE	FALSE
Nrg2	chr18	FALSE	TRUE
Vrk1	chr12	FALSE	FALSE
Crim1	chr17	FALSE	FALSE
Shb	chr4	FALSE	FALSE
Mrc2	chr11	FALSE	FALSE
Klhl32	chr4	FALSE	TRUE
Ralgps2	chr1	FALSE	TRUE
Dtd1	chr2	FALSE	FALSE
Rph3a	chr5	FALSE	FALSE
Marchf10	chr11	FALSE	TRUE
Fgf5	chr5	FALSE	TRUE
Dok7	chr5	FALSE	FALSE
Rell1	chr5	FALSE	TRUE
D7Ertd443e	chr7	FALSE	FALSE
Zhx2	chr15	TRUE	TRUE
Hcn4	chr9	FALSE	TRUE
Spata13	chr14	FALSE	FALSE
Slit2	chr5	FALSE	FALSE
Ulk4	chr9	FALSE	FALSE
Ank2	chr3	FALSE	FALSE
Jakmip2	chr18	FALSE	TRUE
Hs3st5	chr10	FALSE	TRUE
Nckap5	chr1	FALSE	TRUE
Rai1	chr11	FALSE	FALSE
Aldh1l1	chr6	FALSE	FALSE
9130401M01Rik	chr15	FALSE	TRUE
Nars2	chr7	FALSE	FALSE
Smpd3	chr8	FALSE	FALSE
Dnah8	chr17	FALSE	FALSE
Ndufs4	chr13	FALSE	FALSE
Pitpnm2	chr5	FALSE	FALSE
Dlg2	chr7	FALSE	TRUE
Filip1l	chr16	FALSE	TRUE
Eva1c	chr16	FALSE	FALSE
Casz1	chr4	FALSE	TRUE
Ano6	chr15	FALSE	TRUE
Spire1	chr18	FALSE	TRUE
Ankef1	chr2	FALSE	TRUE
Fam81b	chr13	FALSE	TRUE
Vwc2l	chr1	FALSE	TRUE
Tbc1d14	chr5	FALSE	TRUE
Sardh	chr2	FALSE	TRUE
Chn1	chr2	FALSE	TRUE
Ppp2r5e	chr12	FALSE	TRUE
Hlcs	chr16	FALSE	FALSE
Caln1	chr5	FALSE	TRUE
Arhgap12	chr18	FALSE	TRUE
Stk32c	chr7	FALSE	FALSE
Elavl2	chr4	FALSE	FALSE
Chrdl2	chr7	FALSE	TRUE
Phactr1	chr13	FALSE	FALSE
Gng12	chr6	FALSE	TRUE
Egfr	chr11	FALSE	TRUE
Fyn	chr10	FALSE	TRUE
Rfx3	chr19	FALSE	TRUE
Nrg4	chr9	FALSE	TRUE
Rbfox3	chr11	FALSE	TRUE
Lgr4	chr2	FALSE	TRUE
Cdh2	chr18	FALSE	TRUE
Slc1a1	chr19	FALSE	TRUE
Dhx32	chr7	FALSE	FALSE
Fbxl17	chr17	FALSE	TRUE
Tunar	chr12	FALSE	FALSE
Slc44a1	chr4	FALSE	FALSE
Epha4	chr1	FALSE	TRUE
Dscam	chr16	FALSE	FALSE
Tmem108	chr9	FALSE	FALSE
Invs	chr4	FALSE	FALSE
Ttc3	chr16	FALSE	TRUE
Megf10	chr18	FALSE	TRUE
Lpgat1	chr1	FALSE	FALSE
Septin9	chr11	FALSE	TRUE
Ablim1	chr19	FALSE	TRUE
Edar	chr10	FALSE	FALSE
Wnt4	chr4	FALSE	TRUE
Lrrc20	chr10	FALSE	FALSE
Lurap1l	chr4	FALSE	FALSE
St6gal1	chr16	FALSE	FALSE
Ebag9	chr15	FALSE	TRUE
CK137956	chr4	FALSE	TRUE
Rasal2	chr1	FALSE	FALSE
Oprl1	chr2	FALSE	TRUE
Myo18a	chr11	FALSE	TRUE
Fgd5	chr6	FALSE	TRUE
P4ha2	chr11	FALSE	FALSE
Lrrfip1	chr1	FALSE	FALSE
Coro2b	chr9	FALSE	FALSE
Itga6	chr2	FALSE	FALSE
Ccdc13	chr9	FALSE	TRUE
Map4	chr9	FALSE	FALSE
Adcy7	chr8	FALSE	FALSE
Lrch1	chr14	FALSE	FALSE
Podn	chr4	FALSE	TRUE
Adamts12	chr15	FALSE	FALSE
Rgs9	chr11	FALSE	FALSE
Plcl1	chr1	FALSE	TRUE
Gpr68	chr12	FALSE	TRUE
Mtfr1	chr3	FALSE	TRUE
Daam1	chr12	FALSE	TRUE
Arhgef17	chr7	FALSE	TRUE
Shank1	chr7	FALSE	TRUE
Calcoco1	chr15	FALSE	FALSE
Otud7a	chr7	FALSE	FALSE
Sirpa	chr2	FALSE	TRUE
Upp1	chr11	FALSE	FALSE
Itgb1bp1	chr12	FALSE	TRUE
Ttll5	chr12	FALSE	FALSE
Kcnj3	chr2	FALSE	TRUE
Nwd2	chr5	FALSE	FALSE
Ube2o	chr11	FALSE	TRUE
Myo1e	chr9	FALSE	TRUE
Rps6kc1	chr1	FALSE	TRUE
Klf7	chr1	FALSE	TRUE
Zfp532	chr18	FALSE	FALSE
Slc9a2	chr1	FALSE	FALSE
Ppargc1b	chr18	FALSE	FALSE
Add2	chr6	FALSE	TRUE
Vash2	chr1	FALSE	TRUE
Deptor	chr15	FALSE	TRUE
Dnajb6	chr5	FALSE	FALSE
Tbc1d2	chr4	FALSE	TRUE
Ssbp2	chr13	FALSE	TRUE
Rnf130	chr11	FALSE	FALSE
Kcnab2	chr4	FALSE	FALSE
Antxr2	chr5	FALSE	FALSE
Scai	chr2	FALSE	TRUE
Susd4	chr1	FALSE	FALSE
Tmem144	chr3	FALSE	TRUE
Aak1	chr6	FALSE	FALSE
Il17rd	chr14	FALSE	FALSE
Arid1b	chr17	FALSE	TRUE
Sema4d	chr13	FALSE	FALSE
Lrrc1	chr9	FALSE	TRUE
Meis1	chr11	TRUE	TRUE
Setbp1	chr18	FALSE	TRUE
Fmnl2	chr2	FALSE	FALSE
Rnf220	chr4	FALSE	TRUE
Phlpp1	chr1	FALSE	TRUE
Robo1	chr16	FALSE	FALSE
Camk2b	chr11	FALSE	FALSE
Kirrel3	chr9	FALSE	FALSE
Ate1	chr7	FALSE	FALSE
Spsb1	chr4	FALSE	TRUE
Qsox1	chr1	FALSE	TRUE
Ptprf	chr4	FALSE	FALSE
Fut8	chr12	FALSE	TRUE
Chd7	chr4	TRUE	TRUE
Metap1d	chr2	FALSE	TRUE
Fez2	chr17	FALSE	TRUE
Myrfl	chr10	FALSE	TRUE
Gtf2ird1	chr5	FALSE	FALSE
Smg6	chr11	FALSE	FALSE
Cradd	chr10	FALSE	TRUE
Pik3c2b	chr1	FALSE	FALSE
Bhmt	chr13	FALSE	TRUE
Ptpn4	chr1	FALSE	TRUE
Amph	chr13	FALSE	FALSE
Tcerg1l	chr7	FALSE	TRUE
Map7	chr10	FALSE	TRUE
Pkia	chr3	FALSE	TRUE
Stxbp5	chr10	FALSE	TRUE
Smarcd3	chr5	FALSE	FALSE
Cyth4	chr15	FALSE	TRUE
Sh3gl2	chr4	FALSE	TRUE
Yipf7	chr5	FALSE	TRUE
Scarb2	chr5	FALSE	FALSE
Ubr4	chr4	FALSE	TRUE
Sorcs2	chr5	FALSE	FALSE
Tmcc3	chr10	FALSE	FALSE
Lonrf2	chr1	FALSE	TRUE
Ccnk	chr12	FALSE	TRUE
Gabrg1	chr5	FALSE	TRUE
Pawr	chr10	FALSE	FALSE
Osbpl9	chr4	FALSE	TRUE
Atp11a	chr8	FALSE	TRUE
Crppa	chr12	FALSE	TRUE
Zfhx4	chr3	FALSE	FALSE
Bicd1	chr6	FALSE	TRUE
Fam120a	chr13	FALSE	FALSE
Scg2	chr1	FALSE	TRUE
Scube1	chr15	FALSE	FALSE
Fam222a	chr5	FALSE	FALSE
Rerg	chr6	FALSE	FALSE
Phtf1	chr3	FALSE	FALSE
Ttll7	chr3	FALSE	TRUE
Adamts17	chr7	FALSE	TRUE
Nt5c2	chr19	FALSE	FALSE
Upp2	chr2	FALSE	TRUE
Disp3	chr4	FALSE	TRUE
Cfap74	chr4	FALSE	TRUE
Chil5	chr3	FALSE	TRUE
Zic3	chrX	FALSE	TRUE
Syne2	chr12	FALSE	TRUE
Chn2	chr6	FALSE	TRUE
Thsd7b	chr1	FALSE	TRUE
Kcnb1	chr2	FALSE	TRUE
Ptk2b	chr14	FALSE	TRUE
Gpm6a	chr8	FALSE	TRUE
Pde3a	chr6	FALSE	TRUE
Helz	chr11	FALSE	FALSE
Cdc42se2	chr11	FALSE	FALSE
Gnao1	chr8	FALSE	TRUE
Fam172a	chr13	FALSE	TRUE
Homer2	chr7	FALSE	FALSE
Adam23	chr1	FALSE	TRUE
Rab3b	chr4	FALSE	FALSE
Kif26b	chr1	FALSE	FALSE
Sptbn1	chr11	FALSE	TRUE
Pcnx	chr12	FALSE	TRUE
Hecw1	chr13	FALSE	TRUE
Smarca4	chr9	FALSE	TRUE
Ophn1	chrX	FALSE	FALSE
Nav2	chr7	FALSE	FALSE
Rgs12	chr5	FALSE	FALSE
Pclo	chr5	FALSE	TRUE
Nr4a2	chr2	FALSE	TRUE
Cdh12	chr15	FALSE	TRUE
Sap30	chr8	FALSE	TRUE
Gsk3b	chr16	FALSE	FALSE
Gnptab	chr10	FALSE	TRUE
Macroh2a1	chr13	FALSE	TRUE
Ralgapa1	chr12	FALSE	FALSE
Camk2a	chr18	FALSE	TRUE
Dcp1b	chr6	FALSE	TRUE
Macrod2	chr2	FALSE	TRUE
C1qtnf1	chr11	FALSE	TRUE
Ola1	chr2	FALSE	TRUE
Slc4a10	chr2	FALSE	TRUE
Dnm2	chr9	FALSE	TRUE
Rybp	chr6	FALSE	FALSE
Cdh13	chr8	FALSE	FALSE
Ptpru	chr4	FALSE	TRUE
Grip2	chr6	TRUE	TRUE
Ccser1	chr6	FALSE	TRUE
Igf2bp3	chr6	FALSE	TRUE
Cadm1	chr9	FALSE	FALSE
Akap12	chr10	FALSE	FALSE
Arpp21	chr9	FALSE	TRUE
Dcstamp	chr15	FALSE	TRUE
Slc1a3	chr15	FALSE	FALSE
Nme7	chr1	FALSE	TRUE
Fntb	chr12	FALSE	TRUE
Phldb1	chr9	FALSE	TRUE
Ovol2	chr2	FALSE	TRUE
AW554918	chr18	FALSE	TRUE
Esyt2	chr12	FALSE	TRUE
Nxpe4	chr9	FALSE	FALSE
Enkur	chr2	FALSE	TRUE
Loxhd1	chr18	FALSE	FALSE
Itga5	chr15	FALSE	FALSE
Tet2	chr3	FALSE	TRUE
Tnrc6a	chr7	FALSE	FALSE
Kcnh1	chr1	FALSE	FALSE
Gzmn	chr14	FALSE	TRUE
Insr	chr8	FALSE	TRUE
Lcorl	chr5	FALSE	TRUE
Cd200r3	chr16	FALSE	TRUE
Icos	chr1	FALSE	TRUE
Carmil1	chr13	FALSE	FALSE
Lmntd1	chr6	FALSE	TRUE
Lpin1	chr12	FALSE	FALSE
Mdm4	chr1	FALSE	FALSE
Slc7a14	chr3	FALSE	TRUE
Dtnb	chr12	FALSE	TRUE
Nin	chr12	FALSE	FALSE
Pax8	chr2	FALSE	TRUE
Rgs17	chr10	FALSE	TRUE
Usp18	chr6	FALSE	FALSE
Camkmt	chr17	FALSE	FALSE
Ccdc88c	chr12	FALSE	FALSE
Prkg1	chr19	FALSE	TRUE
Lhx3	chr2	FALSE	FALSE
Nphp1	chr2	TRUE	TRUE
Actn1	chr12	FALSE	FALSE
Myh13	chr11	FALSE	FALSE
Tsc22d1	chr14	FALSE	FALSE
App	chr16	FALSE	TRUE
Il20rb	chr9	FALSE	TRUE
Fry	chr5	FALSE	TRUE
Wwc2	chr8	FALSE	FALSE
Bmp6	chr13	FALSE	TRUE
Fam169a	chr13	FALSE	FALSE
Src	chr2	FALSE	TRUE
Map3k4	chr17	FALSE	TRUE
Large1	chr8	FALSE	TRUE
Plbd2	chr5	FALSE	FALSE
Bmpr1b	chr3	FALSE	TRUE
Fbxo10	chr4	FALSE	FALSE
Glp1r	chr17	FALSE	TRUE
Pde8a	chr7	FALSE	TRUE
Pou2f1	chr1	FALSE	TRUE
Ppm1e	chr11	FALSE	TRUE
Gab2	chr7	FALSE	FALSE
Shroom3	chr5	FALSE	FALSE
Sdc3	chr4	FALSE	TRUE
Cacna1a	chr8	FALSE	TRUE
Sel1l3	chr5	FALSE	FALSE
Alpl	chr4	FALSE	TRUE
Schip1	chr3	FALSE	TRUE
Adgrb2	chr4	FALSE	TRUE
Ppp2r5c	chr12	FALSE	TRUE
Eif2ak4	chr2	FALSE	FALSE
Bnc1	chr7	FALSE	TRUE
Kif3b	chr2	FALSE	TRUE
Arhgap44	chr11	FALSE	FALSE
Kyat3	chr3	FALSE	TRUE
Eda	chrX	FALSE	FALSE
Kcnk13	chr12	FALSE	TRUE
Tbc1d19	chr5	FALSE	FALSE
Baiap2	chr11	FALSE	FALSE
Kdm4b	chr17	FALSE	FALSE
Ube2w	chr1	FALSE	TRUE
Mcph1	chr8	FALSE	TRUE
Dtx1	chr5	FALSE	FALSE
Scp2	chr4	FALSE	FALSE
Iqgap1	chr7	FALSE	FALSE
Atxn2	chr5	FALSE	TRUE
Gsap	chr5	FALSE	FALSE
Paqr5	chr9	FALSE	TRUE
Cachd1	chr4	FALSE	FALSE
F13a1	chr13	FALSE	TRUE
Plxna2	chr1	FALSE	FALSE
Jak1	chr4	FALSE	FALSE
Slc39a10	chr1	FALSE	TRUE
Mrps9	chr1	FALSE	TRUE
Nrxn2	chr19	FALSE	FALSE
Clmn	chr12	FALSE	TRUE
Ankrd44	chr1	FALSE	TRUE
Auh	chr13	FALSE	FALSE
Mical2	chr7	FALSE	TRUE
Wnk2	chr13	FALSE	FALSE
Gsn	chr2	FALSE	TRUE
Iffo2	chr4	FALSE	FALSE
Ikzf2	chr1	FALSE	TRUE
Klf12	chr14	FALSE	FALSE
Ccdc146	chr5	FALSE	FALSE
Vdr	chr15	FALSE	FALSE
Btbd7	chr12	FALSE	TRUE
Rsph14	chr10	FALSE	TRUE
Sptlc2	chr12	FALSE	FALSE
Mdga2	chr12	FALSE	FALSE
Adarb1	chr10	FALSE	FALSE
Fbxw4	chr19	FALSE	FALSE
Klf3	chr5	FALSE	FALSE
Dgkg	chr16	FALSE	TRUE
Lin7a	chr10	FALSE	TRUE
Ism1	chr2	FALSE	FALSE
Aftph	chr11	FALSE	TRUE
Tet3	chr6	FALSE	FALSE
Kiz	chr2	FALSE	TRUE
Paqr8	chr1	FALSE	TRUE
Eri3	chr4	FALSE	FALSE
Tmem61	chr4	FALSE	TRUE
Adgrv1	chr13	FALSE	FALSE
Myo1b	chr1	FALSE	TRUE
Scarb1	chr5	FALSE	FALSE
Dcbld1	chr10	FALSE	FALSE
Sh3tc2	chr18	FALSE	FALSE
Mctp2	chr7	TRUE	FALSE
Irx5	chr8	FALSE	FALSE
Nbas	chr12	FALSE	FALSE
Exoc2	chr13	FALSE	TRUE
Msh3	chr13	FALSE	TRUE
Cers4	chr8	FALSE	TRUE
Papola	chr12	FALSE	FALSE
Smurf1	chr5	FALSE	FALSE
Phf14	chr6	FALSE	TRUE
Lgr6	chr1	FALSE	TRUE
Tbcd	chr11	FALSE	FALSE
Scmh1	chr4	FALSE	FALSE
Umodl1	chr17	FALSE	TRUE
4930523C07Rik	chr1	FALSE	TRUE
Ccn4	chr15	FALSE	FALSE
Apba1	chr19	FALSE	TRUE
Mapt	chr11	FALSE	TRUE
Pepd	chr7	FALSE	TRUE
Prep	chr10	FALSE	TRUE
Il4ra	chr7	FALSE	TRUE
Sema4b	chr7	FALSE	FALSE
Man1c1	chr4	FALSE	TRUE
Aox1	chr1	FALSE	TRUE
Arvcf	chr16	FALSE	TRUE
Vps8	chr16	FALSE	FALSE
Pde1a	chr2	FALSE	TRUE
Phyhipl	chr10	FALSE	TRUE
Angel1	chr12	FALSE	TRUE
Chdh	chr14	FALSE	TRUE
Esrrb	chr12	FALSE	TRUE
Myzap	chr9	FALSE	FALSE
Prr5	chr15	FALSE	TRUE
Vit	chr17	FALSE	TRUE
Fam78b	chr1	FALSE	TRUE
Atp2b4	chr1	FALSE	FALSE
Acvr2a	chr2	FALSE	TRUE
Wdr70	chr15	FALSE	FALSE
Slc2a13	chr15	FALSE	TRUE
Tnfrsf19	chr14	FALSE	TRUE
Emsy	chr7	FALSE	FALSE
Xpr1	chr1	FALSE	TRUE
Unc5c	chr3	FALSE	TRUE
Lmbr1	chr5	FALSE	TRUE
Scn3a	chr2	FALSE	FALSE
Galnt3	chr2	FALSE	FALSE
Me1	chr9	FALSE	FALSE
Smarca2	chr19	FALSE	TRUE
Iqsec3	chr6	FALSE	TRUE
Bcat1	chr6	FALSE	FALSE
Arl4a	chr12	FALSE	TRUE
Srrm4	chr5	FALSE	FALSE
Nhs	chrX	FALSE	FALSE
7530416G11Rik	chr15	FALSE	FALSE
Slitrk2	chrX	TRUE	TRUE
Grm1	chr10	FALSE	TRUE
Emid1	chr11	FALSE	FALSE
Dach1	chr14	FALSE	FALSE
Epb41l3	chr17	FALSE	TRUE
Nckap1	chr2	FALSE	TRUE
Atf7	chr15	FALSE	FALSE
Pcdh15	chr10	FALSE	FALSE
Sgsm3	chr15	FALSE	TRUE
Atp9b	chr18	FALSE	TRUE
Sox6	chr7	TRUE	TRUE
Ppfibp2	chr7	FALSE	FALSE
Stim2	chr5	FALSE	TRUE
Rnf213	chr11	FALSE	TRUE
Dpt	chr1	FALSE	TRUE
Retreg1	chr15	FALSE	FALSE
Pik3cb	chr9	FALSE	FALSE
Rgs20	chr1	FALSE	TRUE
Bckdhb	chr9	FALSE	TRUE
Eipr1	chr12	FALSE	FALSE
Tmco4	chr4	FALSE	TRUE
Ralyl	chr3	FALSE	TRUE
Pde7b	chr10	FALSE	TRUE
Fcho2	chr13	FALSE	TRUE
Vangl1	chr3	FALSE	FALSE
Pld1	chr3	FALSE	TRUE
Cobll1	chr2	FALSE	FALSE
Tmem163	chr1	FALSE	TRUE
Cpeb1	chr7	FALSE	TRUE
Ret	chr6	FALSE	FALSE
Mettl21e	chr1	FALSE	TRUE
Lmo1	chr7	FALSE	FALSE
Cacnb2	chr2	FALSE	FALSE
Ttc29	chr8	FALSE	TRUE
Aktip	chr8	FALSE	TRUE
Fgf12	chr16	FALSE	TRUE
Exph5	chr9	FALSE	TRUE
Egflam	chr15	FALSE	TRUE
Trim36	chr18	FALSE	FALSE
Cenpj	chr14	FALSE	TRUE
Rngtt	chr4	FALSE	TRUE
Scin	chr12	FALSE	FALSE
Sorl1	chr9	TRUE	TRUE
Ninj2	chr6	FALSE	TRUE
Tenm3	chr8	FALSE	FALSE
Usp7	chr16	FALSE	TRUE
Fbxw11	chr11	FALSE	TRUE
Diaph3	chr14	FALSE	TRUE
Colgalt2	chr1	FALSE	TRUE
Ccar2	chr14	FALSE	TRUE
Fars2	chr13	FALSE	FALSE
Sntg1	chr1	FALSE	TRUE
Taf3	chr2	FALSE	TRUE
Abcc8	chr7	FALSE	FALSE
Grid2ip	chr5	FALSE	FALSE
Pms1	chr1	FALSE	TRUE
Tenm4	chr7	FALSE	FALSE
Myh10	chr11	FALSE	FALSE
Kcnma1	chr14	FALSE	FALSE
Atad2b	chr12	FALSE	FALSE
E130308A19Rik	chr4	FALSE	TRUE
Lnpk	chr2	FALSE	TRUE
Olfml2b	chr1	FALSE	TRUE
Rgma	chr7	FALSE	TRUE
Vstm2l	chr2	FALSE	TRUE
Adck1	chr12	FALSE	TRUE
Vps13a	chr19	FALSE	TRUE
Th	chr7	FALSE	TRUE
Rhbdl3	chr11	FALSE	TRUE
Stxbp5l	chr16	FALSE	TRUE
Abca13	chr11	FALSE	TRUE
Cdc26	chr4	FALSE	TRUE
Exoc3l	chr8	FALSE	TRUE
Btaf1	chr19	FALSE	TRUE
Tmtc1	chr6	FALSE	TRUE
Ano5	chr7	FALSE	FALSE
Raph1	chr1	FALSE	TRUE
Pla2g5	chr4	FALSE	TRUE
Sema3f	chr9	FALSE	TRUE
Slco2a1	chr9	FALSE	FALSE
Trim9	chr12	FALSE	TRUE
Medag	chr5	FALSE	FALSE
Dock10	chr1	FALSE	TRUE
Kank1	chr19	FALSE	TRUE
Map6	chr7	FALSE	FALSE
Myo16	chr8	FALSE	TRUE
Zfp385c	chr11	FALSE	FALSE
Elovl7	chr13	FALSE	TRUE
Notch1	chr2	FALSE	FALSE
Greb1l	chr18	FALSE	TRUE
Fbxw7	chr3	FALSE	TRUE
Thbs2	chr17	TRUE	TRUE
Clgn	chr8	FALSE	TRUE
Pank1	chr19	FALSE	TRUE
Mlph	chr1	FALSE	FALSE
Prdm11	chr2	FALSE	FALSE
Setd3	chr12	FALSE	FALSE
2900026A02Rik	chr5	FALSE	TRUE
Atf3	chr1	FALSE	FALSE
Srgap1	chr10	FALSE	FALSE
Ripor1	chr8	FALSE	TRUE
Clic6	chr16	FALSE	FALSE
Fnip2	chr3	FALSE	TRUE
Map2k6	chr11	FALSE	FALSE
Cep83	chr10	FALSE	TRUE
Ptprc	chr1	FALSE	TRUE
Nfam1	chr15	FALSE	TRUE
Tlk1	chr2	FALSE	FALSE
Hmga2	chr10	FALSE	FALSE
Il1r1	chr1	FALSE	TRUE
BC004004	chr17	FALSE	FALSE
Ccdc167	chr17	FALSE	FALSE
Pyroxd2	chr19	FALSE	FALSE
Dock7	chr4	FALSE	TRUE
Dock4	chr12	FALSE	TRUE
Ostf1	chr19	FALSE	TRUE
6430548M08Rik	chr8	FALSE	FALSE
Trim24	chr6	FALSE	TRUE
Wbp1l	chr19	FALSE	FALSE
Ino80d	chr1	FALSE	FALSE
Arl15	chr13	FALSE	TRUE
Clip4	chr17	FALSE	FALSE
Slc29a3	chr10	FALSE	FALSE
Epb41l2	chr10	FALSE	FALSE
Kifc3	chr8	FALSE	TRUE
Spag6	chr2	FALSE	TRUE
Stox2	chr8	FALSE	TRUE
Fbxw8	chr5	FALSE	TRUE
Nedd9	chr13	FALSE	FALSE
Rbm19	chr5	FALSE	FALSE
Lifr	chr15	FALSE	FALSE
Csnka2ip	chr16	FALSE	TRUE
Tll2	chr19	FALSE	TRUE
Hhip	chr8	FALSE	FALSE
Lclat1	chr17	FALSE	FALSE
Lrp12	chr15	FALSE	TRUE
Dnah7a	chr1	FALSE	FALSE
Lrfn5	chr12	FALSE	FALSE
Lrrc55	chr2	FALSE	TRUE
Tmem245	chr4	FALSE	TRUE
Oxsm	chr14	FALSE	TRUE
Nudt14	chr12	FALSE	FALSE
Lmo3	chr6	FALSE	FALSE
Ehbp1	chr11	FALSE	TRUE
Atp2b1	chr10	FALSE	FALSE
Sphkap	chr1	FALSE	TRUE
Dpysl3	chr18	FALSE	FALSE
Adam28	chr14	FALSE	TRUE
D5Ertd579e	chr5	FALSE	TRUE
Pitpnm3	chr11	FALSE	TRUE
Fut10	chr8	FALSE	TRUE
Pakap	chr4	FALSE	TRUE
Dicer1	chr12	FALSE	TRUE
Tesk2	chr4	FALSE	TRUE
Cds1	chr5	FALSE	FALSE
Specc1l	chr10	FALSE	TRUE
Atxn7	chr14	FALSE	FALSE
Gja5	chr3	FALSE	FALSE
Tmem236	chr2	FALSE	TRUE
Pcx	chr19	FALSE	FALSE
Ehd4	chr2	FALSE	FALSE
Tnfsf11	chr14	FALSE	FALSE
Plekhg1	chr10	FALSE	FALSE
Spag9	chr11	FALSE	TRUE
Phf21b	chr15	FALSE	FALSE
Nalcn	chr14	TRUE	TRUE
Stra6	chr9	FALSE	TRUE
Grap	chr11	FALSE	TRUE
Ptpn1	chr2	FALSE	FALSE
Osbp2	chr11	FALSE	FALSE
Chst3	chr10	FALSE	FALSE
Uri1	chr7	FALSE	FALSE
Hydin	chr8	FALSE	TRUE
Cd6	chr19	FALSE	TRUE
Cldn14	chr16	FALSE	FALSE
Slc66a2	chr18	FALSE	TRUE
Pdgfra	chr5	FALSE	TRUE
L3mbtl3	chr10	FALSE	FALSE
Cit	chr5	FALSE	TRUE
Acvr1b	chr15	FALSE	FALSE
Pcyt1b	chrX	FALSE	FALSE
Arhgef26	chr3	FALSE	TRUE
Zfp236	chr18	FALSE	FALSE
Arhgef19	chr4	FALSE	TRUE
Mtap	chr4	FALSE	FALSE
Gnaz	chr10	FALSE	TRUE
Bdnf	chr2	FALSE	TRUE
Ext1	chr15	FALSE	FALSE
Manea	chr4	FALSE	TRUE
Smad1	chr8	FALSE	FALSE
Chd2	chr7	FALSE	FALSE
Mob2	chr7	FALSE	TRUE
Col11a2	chr17	FALSE	TRUE
Igsf10	chr3	TRUE	TRUE
Tshz3	chr7	FALSE	FALSE
Atp8b4	chr2	FALSE	FALSE
Zfp523	chr17	FALSE	FALSE
Dnajc6	chr4	FALSE	FALSE
Glra1	chr11	FALSE	TRUE
Eml5	chr12	FALSE	FALSE
Tnfaip8	chr18	FALSE	TRUE
Ap1s3	chr1	FALSE	TRUE
Acsl6	chr11	FALSE	TRUE
Rictor	chr15	FALSE	TRUE
Slc26a7	chr4	FALSE	FALSE
Mef2a	chr7	FALSE	TRUE
Mb21d2	chr16	FALSE	TRUE
Dennd3	chr15	FALSE	FALSE
Ano4	chr10	FALSE	TRUE
Ccdc6	chr10	FALSE	TRUE
Mgat4a	chr1	FALSE	FALSE
Cecr2	chr6	FALSE	FALSE
Mrps28	chr3	FALSE	FALSE
Pip4k2a	chr2	FALSE	FALSE
Rspo3	chr10	FALSE	FALSE
Wwc1	chr11	FALSE	TRUE
Garem1	chr18	FALSE	TRUE
A930004D18Rik	chr2	FALSE	TRUE
Ank	chr15	FALSE	FALSE
Arhgap31	chr16	FALSE	FALSE
Pde4a	chr9	FALSE	FALSE
Gna14	chr19	FALSE	FALSE
Zfp638	chr6	FALSE	TRUE
Hipk3	chr2	FALSE	FALSE
Ranbp17	chr11	FALSE	TRUE
Rfx2	chr17	FALSE	FALSE
Ddhd1	chr14	FALSE	FALSE
Kdm7a	chr6	FALSE	TRUE
Trps1	chr15	FALSE	TRUE
Fmnl3	chr15	FALSE	FALSE
Fkbp5	chr17	FALSE	FALSE
Atf2	chr2	FALSE	FALSE
Scnn1a	chr6	FALSE	FALSE
Rras2	chr7	FALSE	FALSE
Slc45a3	chr1	FALSE	TRUE
Nipbl	chr15	FALSE	TRUE
Apc	chr18	FALSE	TRUE
Ruvbl1	chr6	FALSE	TRUE
Zdhhc17	chr10	FALSE	TRUE
Cdh22	chr2	FALSE	FALSE
Phactr2	chr10	FALSE	FALSE
Snx2	chr18	FALSE	TRUE
Plxdc2	chr2	FALSE	TRUE
Mvk	chr5	FALSE	FALSE
Ezr	chr17	FALSE	FALSE
Stpg2	chr3	FALSE	TRUE
Spink13	chr18	FALSE	TRUE
Ppp1r12b	chr1	FALSE	FALSE
Shtn1	chr19	FALSE	TRUE
Pou2f3	chr9	FALSE	TRUE
D630045J12Rik	chr6	FALSE	FALSE
Pard3b	chr1	FALSE	TRUE
Rhbdf2	chr11	FALSE	FALSE
Kcnq2	chr2	FALSE	TRUE
Them7	chr2	FALSE	FALSE
Tuft1	chr3	FALSE	FALSE
Nabp1	chr1	FALSE	TRUE
Rbms1	chr2	FALSE	TRUE
Fancc	chr13	FALSE	FALSE
Rims4	chr2	FALSE	FALSE
Map2	chr1	FALSE	TRUE
Atp6v0d1	chr8	FALSE	TRUE
Tfcp2l1	chr1	FALSE	FALSE
Dmbx1	chr4	FALSE	TRUE
Ctnnbip1	chr4	FALSE	FALSE
Dnah6	chr6	FALSE	TRUE
Syt14	chr1	FALSE	TRUE
Nckap5l	chr15	FALSE	FALSE
Nfix	chr8	FALSE	FALSE
Tmtc4	chr14	TRUE	TRUE
Clec16a	chr16	FALSE	TRUE
Ror2	chr13	FALSE	TRUE
Rnmt	chr18	FALSE	TRUE
Hivep2	chr10	FALSE	TRUE
Galnt9	chr5	FALSE	FALSE
Cpm	chr10	FALSE	TRUE
Sh3bp5	chr14	FALSE	FALSE
Epc2	chr2	FALSE	TRUE
Tnni1	chr1	FALSE	TRUE
Elavl3	chr9	FALSE	FALSE
Poc1b	chr10	FALSE	FALSE
Pip5k1b	chr19	FALSE	TRUE
Col11a1	chr3	FALSE	TRUE
Cdan1	chr2	FALSE	FALSE
Foxp4	chr17	FALSE	TRUE
Creb5	chr6	FALSE	TRUE
Slc44a5	chr3	FALSE	TRUE
Mertk	chr2	FALSE	FALSE
Klhl2	chr8	FALSE	TRUE
Erbin	chr13	FALSE	FALSE
Intu	chr3	FALSE	TRUE
Lama1	chr17	FALSE	FALSE
Hdac4	chr1	FALSE	FALSE
Iqsec1	chr6	FALSE	FALSE
Esd	chr14	FALSE	TRUE
Adra1d	chr2	FALSE	TRUE
Dgcr2	chr16	FALSE	FALSE
Duoxa1	chr2	FALSE	FALSE
Trim2	chr3	FALSE	FALSE
Ica1	chr6	FALSE	TRUE
Gprc5b	chr7	FALSE	TRUE
Pou3f3	chr1	FALSE	TRUE
Ccdc171	chr4	FALSE	TRUE
Tex264	chr9	FALSE	TRUE
Myof	chr19	FALSE	TRUE
Ndst4	chr3	FALSE	FALSE
Kctd16	chr18	TRUE	TRUE
Dok6	chr18	FALSE	FALSE
Gpc5	chr14	FALSE	FALSE
Bicd2	chr13	FALSE	FALSE
Tgfbrap1	chr1	FALSE	TRUE
Plagl1	chr10	FALSE	TRUE
Cd82	chr2	FALSE	FALSE
Ogdhl	chr14	FALSE	FALSE
Dennd5b	chr6	FALSE	FALSE
Npas3	chr12	FALSE	FALSE
Negr1	chr3	FALSE	FALSE
Zc3h13	chr14	FALSE	FALSE
Prrc2b	chr2	FALSE	TRUE
Rfx6	chr10	FALSE	TRUE
Ccny	chr18	FALSE	TRUE
Htr1f	chr16	FALSE	FALSE
Brinp1	chr4	FALSE	FALSE
Pgm1	chr4	FALSE	FALSE
Mapkbp1	chr2	FALSE	TRUE
Pcmtd1	chr1	FALSE	FALSE
Zdhhc14	chr17	FALSE	FALSE
Lrmda	chr14	FALSE	FALSE
Batf	chr12	FALSE	FALSE
Gm16223	chr5	FALSE	TRUE
Ice1	chr13	FALSE	TRUE
Arap1	chr7	FALSE	FALSE
Rin3	chr12	FALSE	FALSE
Sec14l1	chr11	FALSE	TRUE
Stx18	chr5	FALSE	FALSE
Sspo	chr6	FALSE	TRUE
Amer2	chr14	FALSE	TRUE
Cep170b	chr12	FALSE	TRUE
Ptgfrn	chr3	FALSE	TRUE
Wscd1	chr11	FALSE	FALSE
Il10ra	chr9	FALSE	TRUE
Dazl	chr17	FALSE	TRUE
Zfp217	chr2	FALSE	TRUE
Klf8	chrX	FALSE	TRUE
Nr1h4	chr10	FALSE	FALSE
Arsg	chr11	FALSE	TRUE
Dtna	chr18	FALSE	TRUE
Grk6	chr13	FALSE	FALSE
Adamts18	chr8	FALSE	TRUE
Slc25a26	chr6	FALSE	FALSE
Col7a1	chr9	FALSE	TRUE
Abtb2	chr2	FALSE	FALSE
Poc1a	chr9	FALSE	FALSE
Cdh6	chr15	FALSE	FALSE
Lpin2	chr17	FALSE	FALSE
Rnf13	chr3	FALSE	TRUE
Mpp4	chr1	FALSE	TRUE
Dusp1	chr17	FALSE	FALSE
Lhfpl3	chr5	FALSE	TRUE
Ppp2r5a	chr1	FALSE	TRUE
Trim33	chr3	FALSE	TRUE
Col13a1	chr10	FALSE	FALSE
Sorbs2	chr8	FALSE	TRUE
Atp8b1	chr18	FALSE	TRUE
Gtf2f2	chr14	FALSE	TRUE
Slc2a9	chr5	FALSE	TRUE
Map4k4	chr1	FALSE	TRUE
Catspere2	chr1	FALSE	FALSE
Inpp4b	chr8	FALSE	FALSE
Saxo1	chr4	FALSE	TRUE
Taf4b	chr18	FALSE	TRUE
Tmprss7	chr16	FALSE	TRUE
Pvalb	chr15	FALSE	TRUE
Nuak1	chr10	FALSE	TRUE
Fermt2	chr14	FALSE	TRUE
Col4a1	chr8	FALSE	FALSE
Ddit4l	chr3	FALSE	TRUE
Abcb4	chr5	FALSE	FALSE
Tanc1	chr2	FALSE	TRUE
Mgat4b	chr11	FALSE	FALSE
Slc6a13	chr6	FALSE	TRUE
L3mbtl4	chr17	FALSE	TRUE
Nxph1	chr6	FALSE	FALSE
Prr7	chr13	FALSE	TRUE
Ndp	chrX	TRUE	TRUE
Mgat5b	chr11	FALSE	TRUE
Cacul1	chr19	FALSE	FALSE
Tmem135	chr7	FALSE	TRUE
Ptpn11	chr5	FALSE	TRUE
Abcg1	chr17	FALSE	FALSE
Kcnq4	chr4	FALSE	TRUE
Ppp3cc	chr14	FALSE	TRUE
Atoh8	chr6	FALSE	TRUE
Efhd2	chr4	FALSE	FALSE
Tbc1d2b	chr9	FALSE	TRUE
Bex6	chr16	FALSE	TRUE
Srek1ip1	chr13	FALSE	TRUE
Man2a1	chr17	FALSE	FALSE
Fam13c	chr10	FALSE	TRUE
Tcerg1	chr18	FALSE	FALSE
Ppp1r12a	chr10	FALSE	TRUE
Ptpn3	chr4	FALSE	TRUE
Ap1b1	chr11	FALSE	TRUE
Myo6	chr9	FALSE	TRUE
Dapk2	chr9	FALSE	TRUE
Csnk1g3	chr18	FALSE	TRUE
Rtl9	chrX	FALSE	FALSE
4930505A04Rik	chr11	FALSE	TRUE
Tekt1	chr11	FALSE	FALSE
Alpk1	chr3	FALSE	TRUE
4932438H23Rik	chr16	FALSE	TRUE
Unc13a	chr8	FALSE	TRUE
Rnf19a	chr15	TRUE	TRUE
Gpc1	chr1	FALSE	TRUE
Pex5l	chr3	FALSE	TRUE
Syt16	chr12	FALSE	TRUE
Strn	chr17	FALSE	TRUE
Dennd4c	chr4	FALSE	FALSE
Armc2	chr10	FALSE	FALSE
Ust	chr10	FALSE	TRUE
Dcc	chr18	FALSE	FALSE
Car5a	chr8	FALSE	TRUE
Col9a3	chr2	FALSE	FALSE
Gfra1	chr19	FALSE	TRUE
Cdc40	chr10	FALSE	TRUE
Tmem65	chr15	FALSE	TRUE
Nacc2	chr2	FALSE	TRUE
Itgb4	chr11	FALSE	TRUE
Il11ra1	chr4	FALSE	TRUE
Dglucy	chr12	FALSE	TRUE
Hddc2	chr10	FALSE	TRUE
Asic2	chr11	FALSE	FALSE
Jmjd1c	chr10	FALSE	TRUE
Lemd2	chr17	FALSE	TRUE
Slc6a12	chr6	FALSE	TRUE
Prpf40a	chr2	FALSE	TRUE
Tmem241	chr18	FALSE	FALSE
Btrc	chr19	FALSE	TRUE
Mmp16	chr4	FALSE	TRUE
Flnb	chr14	FALSE	TRUE
Lgi2	chr5	FALSE	TRUE
Uxs1	chr1	FALSE	TRUE
Gsdme	chr6	FALSE	TRUE
Bend3	chr10	FALSE	FALSE
Bbx	chr16	FALSE	TRUE
Hmcn2	chr2	FALSE	TRUE
Fabp12	chr3	FALSE	TRUE
Rundc3b	chr5	FALSE	TRUE
Cdh7	chr1	FALSE	TRUE
Ercc6	chr14	FALSE	FALSE
Oxr1	chr15	FALSE	TRUE
Fam78a	chr2	FALSE	FALSE
Itprid1	chr6	FALSE	TRUE
Disc1	chr8	FALSE	FALSE
Mast3	chr8	FALSE	FALSE
Mtmr3	chr11	FALSE	TRUE
Atp11c	chrX	FALSE	TRUE
Fam169b	chr7	FALSE	FALSE
Phtf2	chr5	FALSE	TRUE
Ccser2	chr14	FALSE	FALSE
Flt3	chr5	FALSE	FALSE
Taf4	chr2	FALSE	FALSE
Stat5a	chr11	FALSE	TRUE
Myh11	chr16	FALSE	FALSE
Bub1b	chr2	FALSE	TRUE
Slc25a12	chr2	FALSE	TRUE
Adgra1	chr7	FALSE	FALSE
Lamc2	chr1	FALSE	TRUE
Slc16a7	chr10	FALSE	TRUE
Tmem260	chr14	FALSE	TRUE
Angpt4	chr2	FALSE	FALSE
Cryzl2	chr1	FALSE	TRUE
Cdh11	chr8	FALSE	FALSE
Prmt8	chr6	FALSE	FALSE
Clic4	chr4	FALSE	FALSE
Hapln3	chr7	FALSE	FALSE
Morc4	chrX	FALSE	FALSE
Kremen1	chr11	FALSE	FALSE
Tspan13	chr12	FALSE	TRUE
Ryk	chr9	FALSE	TRUE
Ppp2r2a	chr14	FALSE	TRUE
Hdac11	chr6	FALSE	FALSE
Prdm1	chr10	FALSE	FALSE
Ipcef1	chr10	FALSE	TRUE
Banp	chr8	FALSE	FALSE
Tecpr1	chr5	FALSE	TRUE
Scg5	chr2	FALSE	TRUE
Raver2	chr4	FALSE	FALSE
Pygl	chr12	FALSE	FALSE
Slc7a7	chr14	FALSE	FALSE
Osbpl8	chr10	FALSE	TRUE
Sec24d	chr3	FALSE	TRUE
Ascc2	chr11	FALSE	FALSE
Itga7	chr10	FALSE	TRUE
Gpatch2l	chr12	FALSE	FALSE
Mlxipl	chr5	FALSE	FALSE
Rnf141	chr7	FALSE	TRUE
Galnt10	chr11	FALSE	FALSE
Ly75	chr2	FALSE	FALSE
Obscn	chr11	FALSE	TRUE
Man1a2	chr3	FALSE	TRUE
Rbm20	chr19	FALSE	FALSE
Eea1	chr10	FALSE	TRUE
Steap3	chr1	FALSE	FALSE
Crcp	chr5	FALSE	FALSE
Il6ra	chr3	FALSE	TRUE
Med15	chr16	FALSE	TRUE
Foxo1	chr3	FALSE	TRUE
Glb1l2	chr9	FALSE	TRUE
Skap2	chr6	FALSE	TRUE
Col8a2	chr4	FALSE	TRUE
Sh3tc1	chr5	FALSE	TRUE
Oxct1	chr15	FALSE	TRUE
Ttc39a	chr4	FALSE	FALSE
Znrf1	chr8	FALSE	FALSE
Ankrd6	chr4	FALSE	FALSE
Cmya5	chr13	FALSE	FALSE
Samd14	chr11	FALSE	TRUE
Neurl1a	chr19	FALSE	FALSE
Anxa2	chr9	FALSE	FALSE
Gli2	chr1	FALSE	TRUE
Nek10	chr14	FALSE	FALSE
Ninl	chr2	FALSE	FALSE
Grm4	chr17	FALSE	FALSE
Nostrin	chr2	FALSE	FALSE
Prr5l	chr2	FALSE	TRUE
Grid1	chr14	FALSE	FALSE
Shank3	chr15	FALSE	FALSE
Vsnl1	chr12	FALSE	TRUE
5730522E02Rik	chr11	FALSE	FALSE
Cracr2a	chr6	FALSE	FALSE
Il17ra	chr6	FALSE	TRUE
Zc3hav1	chr6	FALSE	FALSE
Rnf182	chr13	FALSE	TRUE
Spam1	chr6	FALSE	TRUE
Igdcc4	chr9	FALSE	TRUE
Zfyve28	chr5	FALSE	FALSE
Zbtb46	chr2	FALSE	TRUE
Chst9	chr18	FALSE	TRUE
Plch1	chr3	FALSE	FALSE
Pik3cd	chr4	FALSE	FALSE
Melk	chr4	FALSE	FALSE
Vangl2	chr1	FALSE	TRUE
Ccdc150	chr1	FALSE	TRUE
Kl	chr5	FALSE	FALSE
Frmpd1	chr4	FALSE	FALSE
Dgkd	chr1	FALSE	TRUE
Mob3b	chr4	FALSE	FALSE
Rapgef5	chr12	FALSE	TRUE
Laptm4b	chr15	FALSE	FALSE
Dclk2	chr3	FALSE	FALSE
Igsf11	chr16	FALSE	FALSE
St7	chr6	FALSE	TRUE
Depdc5	chr5	FALSE	FALSE
Pla2r1	chr2	FALSE	TRUE
Myo3a	chr2	FALSE	TRUE
Adcy2	chr13	FALSE	TRUE
Angptl2	chr2	FALSE	FALSE
Dlc1	chr8	FALSE	TRUE
Xpnpep1	chr19	FALSE	TRUE
Barhl1	chr2	FALSE	TRUE
Ly86	chr13	FALSE	TRUE
Ndst1	chr18	FALSE	FALSE
Pax7	chr4	FALSE	TRUE
Cdc42ep4	chr11	FALSE	TRUE
Rsu1	chr2	FALSE	TRUE
Ttll11	chr2	FALSE	FALSE
Tmc5	chr7	FALSE	FALSE
Bdkrb2	chr12	FALSE	FALSE
Ext2	chr2	FALSE	TRUE
Iqca1l	chr5	FALSE	TRUE
Zcchc24	chr14	FALSE	FALSE
Zfp664	chr5	FALSE	FALSE
Ube2u	chr4	FALSE	FALSE
Kctd3	chr1	FALSE	FALSE
Crb2	chr2	FALSE	TRUE
Jarid2	chr13	FALSE	TRUE
Gnal	chr18	FALSE	TRUE
Ssh1	chr5	FALSE	TRUE
Etv6	chr6	FALSE	TRUE
Bmpr1a	chr14	FALSE	TRUE
Rnf144a	chr12	FALSE	FALSE
Fhad1	chr4	FALSE	FALSE
Bcar3	chr3	FALSE	FALSE
Lrig3	chr10	FALSE	TRUE
Gas6	chr8	FALSE	FALSE
Slc30a3	chr5	FALSE	TRUE
Cdc5l	chr17	FALSE	FALSE
Lrrc8c	chr5	FALSE	FALSE
Col22a1	chr15	FALSE	TRUE
Arhgap24	chr5	FALSE	FALSE
Abhd2	chr7	FALSE	FALSE
Ggta1	chr2	FALSE	TRUE
Sgpp2	chr1	FALSE	TRUE
Slc12a1	chr2	FALSE	TRUE
Cnksr3	chr10	FALSE	TRUE
Stk32b	chr5	FALSE	TRUE
Lcp1	chr14	FALSE	TRUE
Sema3e	chr5	FALSE	TRUE
Nkain2	chr10	FALSE	FALSE
Fchsd2	chr7	FALSE	FALSE
N4bp1	chr8	FALSE	TRUE
Hk2	chr6	FALSE	FALSE
Clec2l	chr6	FALSE	FALSE
Gm19935	chr8	FALSE	FALSE
Flt1	chr5	FALSE	TRUE
Spsb4	chr9	FALSE	FALSE
Podxl	chr6	FALSE	FALSE
Chst11	chr10	FALSE	FALSE
Plcb2	chr2	FALSE	TRUE
Cep192	chr18	FALSE	FALSE
Plcb3	chr19	FALSE	FALSE
Mr1	chr1	FALSE	FALSE
Galnt5	chr2	FALSE	TRUE
Lin28b	chr10	FALSE	TRUE
Unc5cl	chr17	FALSE	FALSE
Col4a6	chrX	FALSE	FALSE
Bcorl1	chrX	FALSE	FALSE
Ctif	chr18	FALSE	TRUE
Spen	chr4	FALSE	FALSE
Ppp1r3a	chr6	FALSE	FALSE
Plvap	chr8	FALSE	FALSE
Epha7	chr4	FALSE	TRUE
Recql5	chr11	FALSE	TRUE
0610040J01Rik	chr5	FALSE	TRUE
Desi2	chr1	FALSE	FALSE
Cacna1d	chr14	FALSE	FALSE
Bpi	chr2	FALSE	TRUE
Tmod1	chr4	FALSE	TRUE
Mrtfb	chr16	FALSE	TRUE
Pdgfrl	chr8	FALSE	TRUE
Slc31a1	chr4	FALSE	FALSE
Dusp8	chr7	FALSE	TRUE
Fign	chr2	FALSE	FALSE
Rasgrf1	chr9	FALSE	FALSE
Csnk1e	chr15	FALSE	FALSE
Gprin2	chr14	FALSE	FALSE
Ptprb	chr10	FALSE	FALSE
Top1	chr2	FALSE	TRUE
Lyn	chr4	FALSE	TRUE
Trib2	chr12	FALSE	FALSE
Cyb5r4	chr9	FALSE	FALSE
Ptpn13	chr5	FALSE	FALSE
Apmap	chr2	FALSE	TRUE
Kcnk5	chr14	FALSE	FALSE
Pdzd2	chr15	FALSE	FALSE
Msh2	chr17	FALSE	TRUE
Rab11fip3	chr17	FALSE	FALSE
Pisd	chr5	FALSE	FALSE
Tbc1d31	chr15	FALSE	TRUE
Rasgrp2	chr19	FALSE	TRUE
Kctd1	chr18	FALSE	FALSE
Nt5e	chr9	FALSE	FALSE
Epm2a	chr10	FALSE	TRUE
Lep	chr6	FALSE	TRUE
1110059E24Rik	chr19	FALSE	TRUE
Tfdp2	chr9	FALSE	TRUE
Runx3	chr4	FALSE	TRUE
Vipr1	chr9	FALSE	TRUE
Spi1	chr2	FALSE	FALSE
Eaf2	chr16	FALSE	TRUE
Slc41a2	chr10	FALSE	FALSE
Akap9	chr5	FALSE	TRUE
Slc12a3	chr8	FALSE	TRUE
Pear1	chr3	FALSE	FALSE
Map3k9	chr12	FALSE	TRUE
Tbl1xr1	chr3	FALSE	TRUE
Pdzd8	chr19	FALSE	TRUE
Ehd1	chr19	FALSE	TRUE
Neurod4	chr10	FALSE	TRUE
Cdc14b	chr13	FALSE	FALSE
Sec23a	chr12	FALSE	TRUE
Cdyl2	chr8	FALSE	TRUE
Col6a3	chr1	FALSE	TRUE
Slc35f4	chr14	FALSE	FALSE
Baz1a	chr12	FALSE	FALSE
Tspear	chr10	FALSE	TRUE
Pacc1	chr1	FALSE	TRUE
D630003M21Rik	chr2	FALSE	FALSE
Evc	chr5	FALSE	TRUE
Rassf3	chr10	FALSE	TRUE
Abhd12	chr2	FALSE	TRUE
Ada	chr2	FALSE	TRUE
Greb1	chr12	FALSE	FALSE
Ppp1r9a	chr6	FALSE	TRUE
Ift122	chr6	TRUE	FALSE
Kmt5b	chr19	FALSE	TRUE
Stk31	chr6	FALSE	FALSE
Efs	chr14	FALSE	TRUE
1190005I06Rik	chr8	FALSE	TRUE
Rdh5	chr10	FALSE	TRUE
Cacna2d3	chr14	FALSE	TRUE
Numa1	chr7	FALSE	TRUE
Arid4a	chr12	FALSE	TRUE
Faah	chr4	FALSE	FALSE
Arhgap20	chr9	FALSE	FALSE
Dpysl5	chr5	FALSE	TRUE
Frmd4b	chr6	FALSE	FALSE
Itm2c	chr1	FALSE	TRUE
Osbpl3	chr6	FALSE	TRUE
Gbe1	chr16	FALSE	TRUE
Arhgap5	chr12	FALSE	TRUE
Tnnt2	chr1	FALSE	FALSE
Rgs16	chr1	FALSE	TRUE
Col4a3	chr1	FALSE	FALSE
Tfeb	chr17	FALSE	FALSE
C1qtnf7	chr5	FALSE	TRUE
Abcg2	chr6	FALSE	FALSE
Ptk7	chr17	FALSE	FALSE
Chrna4	chr2	FALSE	TRUE
Dzip1	chr14	FALSE	TRUE
Acsf3	chr8	FALSE	FALSE
Piezo1	chr8	FALSE	TRUE
Erbb2	chr11	FALSE	TRUE
Fam20a	chr11	FALSE	TRUE
Cald1	chr6	FALSE	TRUE
Sh3rf3	chr10	FALSE	FALSE
Crb1	chr1	FALSE	TRUE
4930444P10Rik	chr1	FALSE	TRUE
Jag2	chr12	FALSE	TRUE
Zfp644	chr5	FALSE	TRUE
Scd1	chr19	FALSE	TRUE
Tex26	chr5	FALSE	FALSE
Vwa8	chr14	FALSE	TRUE
Masp1	chr16	FALSE	TRUE
Socs2	chr10	FALSE	FALSE
Mylk	chr16	FALSE	FALSE
Mnd1	chr3	FALSE	FALSE
Acoxl	chr2	FALSE	FALSE
Ankrd34b	chr13	FALSE	TRUE
Dcp2	chr18	FALSE	TRUE
Agpat4	chr17	FALSE	TRUE
Tspan32	chr7	FALSE	TRUE
Mccc2	chr13	FALSE	TRUE
Agap3	chr5	FALSE	TRUE
Scfd2	chr5	FALSE	TRUE
Qrfprl	chr6	FALSE	FALSE
Pxdn	chr12	FALSE	FALSE
Asap3	chr4	FALSE	TRUE
Gpd2	chr2	FALSE	TRUE
Nxpe2	chr9	FALSE	FALSE
Kif6	chr17	FALSE	TRUE
Epb41l4b	chr4	FALSE	FALSE
Eepd1	chr9	FALSE	FALSE
Srcin1	chr11	FALSE	TRUE
Saa3	chr7	FALSE	TRUE
Lonrf1	chr8	FALSE	TRUE
Nsd2	chr5	FALSE	TRUE
Igfbp7	chr5	FALSE	FALSE
Ppp1r14c	chr10	FALSE	FALSE
Slc16a9	chr10	FALSE	FALSE
Dnah17	chr11	FALSE	TRUE
Cnot4	chr6	FALSE	TRUE
Paqr9	chr9	FALSE	TRUE
Myh9	chr15	FALSE	FALSE
Dhrs9	chr2	FALSE	FALSE
Ddx31	chr2	FALSE	TRUE
Sh3bgrl2	chr9	FALSE	TRUE
Anks6	chr4	FALSE	TRUE
Clstn1	chr4	FALSE	FALSE
Caskin2	chr11	FALSE	TRUE
Arrb1	chr7	FALSE	FALSE
Tdp1	chr12	FALSE	TRUE
Acss2	chr2	FALSE	TRUE
Rcan1	chr16	FALSE	TRUE
Tbck	chr3	FALSE	TRUE
Septin10	chr10	FALSE	FALSE
Slc39a14	chr14	FALSE	TRUE
Khdrbs2	chr1	FALSE	TRUE
Bri3	chr5	FALSE	FALSE
Cog3	chr14	FALSE	TRUE
Nkain4	chr2	FALSE	TRUE
Lyst	chr13	FALSE	TRUE
Tacc2	chr7	FALSE	FALSE
Rnf2	chr1	FALSE	TRUE
Jam2	chr16	FALSE	FALSE
Myrip	chr9	FALSE	FALSE
Mcm9	chr10	FALSE	TRUE
Agpat3	chr10	FALSE	FALSE
Abcc12	chr8	FALSE	TRUE
Cacng5	chr11	FALSE	TRUE
Phf2	chr13	FALSE	TRUE
Cbx5	chr15	FALSE	FALSE
Pkhd1l1	chr15	FALSE	FALSE
Cds2	chr2	FALSE	FALSE
Plppr5	chr3	FALSE	FALSE
Twf2	chr9	FALSE	TRUE
Relt	chr7	FALSE	TRUE
Meis2	chr2	FALSE	TRUE
Sigirr	chr7	FALSE	FALSE
Spred2	chr11	FALSE	TRUE
Ankrd50	chr3	FALSE	FALSE
Tmem117	chr15	FALSE	TRUE
Rsph1	chr17	FALSE	FALSE
Tiam1	chr16	FALSE	TRUE
Agbl1	chr7	FALSE	TRUE
Clstn3	chr6	FALSE	FALSE
Shc4	chr2	FALSE	FALSE
Ccdc91	chr6	FALSE	TRUE
Cdc42ep2	chr19	FALSE	FALSE
Itga9	chr9	FALSE	FALSE
Nt5c3	chr6	FALSE	FALSE
Ghr	chr15	FALSE	TRUE
Tm6sf1	chr7	FALSE	TRUE
Ndfip2	chr14	FALSE	TRUE
Egf	chr3	FALSE	FALSE
Tmem154	chr3	FALSE	TRUE
Larp4b	chr13	FALSE	FALSE
Zfp438	chr18	FALSE	TRUE
Qser1	chr2	FALSE	TRUE
Mapkapk2	chr1	FALSE	TRUE
Chrm1	chr19	FALSE	FALSE
Gpr160	chr3	FALSE	FALSE
Caprin2	chr6	FALSE	TRUE
Scn5a	chr9	FALSE	FALSE
Nsmce2	chr15	FALSE	TRUE
Ppard	chr17	FALSE	FALSE
Kcnh3	chr15	FALSE	TRUE
Otop1	chr5	FALSE	FALSE
Vps50	chr6	FALSE	TRUE
Arid5b	chr10	FALSE	FALSE
Tmem82	chr4	FALSE	FALSE
Chrna5	chr9	FALSE	FALSE
Rab6b	chr9	FALSE	FALSE
Ostm1	chr10	FALSE	TRUE
Hipk2	chr6	FALSE	TRUE
Zfp697	chr3	FALSE	TRUE
Npas2	chr1	FALSE	TRUE
Tgif1	chr17	FALSE	TRUE
Mbnl3	chrX	FALSE	FALSE
Ric8b	chr10	FALSE	TRUE
Hip1	chr5	FALSE	FALSE
Ins2	chr7	FALSE	TRUE
Tead1	chr7	FALSE	FALSE
Slc4a7	chr14	FALSE	TRUE
Kctd6	chr14	FALSE	TRUE
Il6st	chr13	FALSE	TRUE
Chl1	chr6	TRUE	TRUE
BC034090	chr1	FALSE	FALSE
Nfatc1	chr18	FALSE	TRUE
H2-Ab1	chr17	FALSE	TRUE
Stab2	chr10	FALSE	FALSE
Tango2	chr16	FALSE	TRUE
Gjc1	chr11	FALSE	TRUE
Camk2g	chr14	FALSE	FALSE
Usp24	chr4	FALSE	TRUE
Gng7	chr10	FALSE	FALSE
Parp8	chr13	FALSE	TRUE
Wnt3	chr11	FALSE	TRUE
Otx2	chr14	FALSE	FALSE
Stat3	chr11	FALSE	FALSE
Ipo11	chr13	FALSE	TRUE
Drd3	chr16	FALSE	FALSE
Wipf1	chr2	FALSE	TRUE
Scarf2	chr16	FALSE	TRUE
Ube2e3	chr2	FALSE	TRUE
Osbpl2	chr2	FALSE	TRUE
Cbfa2t3	chr8	FALSE	FALSE
Get1	chr16	FALSE	TRUE
Unc5b	chr10	FALSE	FALSE
Hhla1	chr15	FALSE	FALSE
Chadl	chr15	FALSE	FALSE
Tspan11	chr6	FALSE	FALSE
Adgrd1	chr5	FALSE	TRUE
Cd247	chr1	FALSE	TRUE
Il7	chr3	FALSE	TRUE
Dynlrb2	chr8	FALSE	TRUE
Lrrn3	chr12	FALSE	TRUE
Parvb	chr15	FALSE	FALSE
Zmynd11	chr13	FALSE	FALSE
Cplx1	chr5	FALSE	FALSE
Hltf	chr3	FALSE	TRUE
Scrg1	chr8	FALSE	TRUE
Kcnk3	chr5	TRUE	TRUE
Lum	chr10	FALSE	TRUE
Rapgef3	chr15	FALSE	TRUE
Tspan5	chr3	FALSE	TRUE
Vapb	chr2	FALSE	TRUE
Prkacb	chr3	FALSE	TRUE
Adcy1	chr11	FALSE	TRUE
Ass1	chr2	FALSE	TRUE
Slc35f1	chr10	FALSE	FALSE
Ntm	chr9	FALSE	FALSE
Rab28	chr5	FALSE	TRUE
Pef1	chr4	FALSE	FALSE
Zfp474	chr18	FALSE	TRUE
Fzd7	chr1	FALSE	TRUE
Acacb	chr5	FALSE	FALSE
Gap43	chr16	FALSE	TRUE
Zap70	chr1	FALSE	TRUE
Hdlbp	chr1	FALSE	FALSE
Spink10	chr18	FALSE	TRUE
Aff2	chrX	TRUE	TRUE
Hrh1	chr6	FALSE	TRUE
Sin3a	chr9	FALSE	FALSE
Fam171a1	chr2	FALSE	TRUE
Cand1	chr10	FALSE	FALSE
Cps1	chr1	FALSE	FALSE
Lars2	chr9	FALSE	FALSE
Ltk	chr2	FALSE	FALSE
Rock1	chr18	FALSE	TRUE
Pkn1	chr8	FALSE	TRUE
Ppp1r21	chr17	FALSE	TRUE
Mlec	chr5	FALSE	TRUE
Krt80	chr15	FALSE	FALSE
Uox	chr3	FALSE	TRUE
Mrgpre	chr7	FALSE	TRUE
Cttnbp2	chr6	FALSE	FALSE
Ptpn2	chr18	FALSE	TRUE
A630023A22Rik	chr14	FALSE	FALSE
Ackr1	chr1	FALSE	FALSE
Ccdc187	chr2	FALSE	TRUE
Arhgef33	chr17	FALSE	TRUE
Arl13b	chr16	FALSE	TRUE
Kcnq5	chr1	FALSE	FALSE
Asap1	chr15	TRUE	TRUE
Clec18a	chr8	FALSE	FALSE
Enpp2	chr15	FALSE	TRUE
Kdm2b	chr5	FALSE	TRUE
Lekr1	chr3	FALSE	TRUE
Rft1	chr14	FALSE	FALSE
Cog4	chr8	FALSE	TRUE
Pik3r1	chr13	FALSE	TRUE
P3h4	chr11	FALSE	FALSE
Ankhd1	chr18	FALSE	FALSE
Chrna2	chr14	FALSE	FALSE
Loxl1	chr9	FALSE	TRUE
Pbx3	chr2	FALSE	FALSE
Fosl2	chr5	FALSE	TRUE
Mcf2	chrX	FALSE	FALSE
Nccrp1	chr7	FALSE	TRUE
Lmbrd1	chr1	FALSE	TRUE
Fbxo41	chr6	FALSE	TRUE
E2f1	chr2	FALSE	TRUE
Myo10	chr15	FALSE	TRUE
Itpk1	chr12	FALSE	TRUE
Plekhg3	chr12	FALSE	FALSE
Ercc6l2	chr13	FALSE	FALSE
Mctp1	chr13	FALSE	TRUE
Crmp1	chr5	FALSE	TRUE
Gabrr2	chr4	TRUE	TRUE
Popdc3	chr10	FALSE	FALSE
Mgat3	chr15	FALSE	FALSE
Scn9a	chr2	FALSE	TRUE
Slc26a4	chr12	FALSE	TRUE
Ndc1	chr4	FALSE	TRUE
Eml6	chr11	FALSE	FALSE
Col14a1	chr15	FALSE	TRUE
Mindy4	chr6	FALSE	FALSE
Pced1b	chr15	FALSE	FALSE
Cdc42bpg	chr19	FALSE	FALSE
Rimklb	chr6	FALSE	FALSE
Tnfsf8	chr4	FALSE	FALSE
Rnf217	chr10	FALSE	TRUE
Mal	chr2	FALSE	TRUE
Rsph6a	chr7	FALSE	TRUE
Kcnk2	chr1	FALSE	FALSE
Vsig10	chr5	FALSE	TRUE
Cdk19	chr10	FALSE	TRUE
Fam163a	chr1	FALSE	TRUE
Prkd3	chr17	FALSE	FALSE
Kcnk10	chr12	FALSE	TRUE
Acot7	chr4	FALSE	TRUE
Ripor2	chr13	FALSE	TRUE
Elovl5	chr9	FALSE	TRUE
Pcnt	chr10	FALSE	FALSE
Ldb2	chr5	FALSE	FALSE
3110082I17Rik	chr5	FALSE	FALSE
Shc2	chr10	FALSE	FALSE
Jdp2	chr12	FALSE	FALSE
Kcnmb2	chr3	FALSE	FALSE
Kcnip1	chr11	FALSE	FALSE
Smim5	chr11	FALSE	TRUE
Il27ra	chr8	FALSE	FALSE
P2ry6	chr7	FALSE	FALSE
Ptpn14	chr1	FALSE	FALSE
Sox5	chr6	FALSE	FALSE
Rpia	chr6	FALSE	TRUE
Fat3	chr9	FALSE	TRUE
Ankib1	chr5	FALSE	TRUE
Cntn1	chr15	FALSE	TRUE
Heyl	chr4	FALSE	TRUE
Cdc42bpb	chr12	FALSE	TRUE
Zeb1	chr18	FALSE	TRUE
Rap2a	chr14	FALSE	FALSE
Foxn2	chr17	FALSE	TRUE
Zfp521	chr18	FALSE	FALSE
Umad1	chr6	FALSE	TRUE
Grm8	chr6	FALSE	FALSE
Foxk1	chr5	FALSE	FALSE
Cldn1	chr16	FALSE	TRUE
Stat6	chr10	FALSE	FALSE
Faxc	chr4	FALSE	TRUE
Gata3	chr2	FALSE	FALSE
Cpa2	chr6	FALSE	TRUE
Arhgap27	chr11	FALSE	TRUE
Hes3	chr4	FALSE	FALSE
Trim29	chr9	FALSE	TRUE
Eif4b	chr15	FALSE	FALSE
Ush1c	chr7	FALSE	FALSE
A4galt	chr15	FALSE	TRUE
Fgfr3	chr5	FALSE	FALSE
Adamts2	chr11	FALSE	FALSE
Pstpip1	chr9	FALSE	FALSE
Fam163b	chr2	FALSE	FALSE
Dchs2	chr3	FALSE	TRUE
Trmt9b	chr8	FALSE	TRUE
Hspbap1	chr16	FALSE	FALSE
Ptprz1	chr6	TRUE	TRUE
Edil3	chr13	FALSE	TRUE
Klhl3	chr13	FALSE	TRUE
Pwwp2b	chr7	FALSE	FALSE
Scn4b	chr9	FALSE	TRUE
Nek1	chr8	FALSE	TRUE
Capn7	chr14	FALSE	FALSE
Alx4	chr2	FALSE	FALSE
Rfx8	chr1	FALSE	TRUE
Tle4	chr19	FALSE	TRUE
Prss12	chr3	FALSE	FALSE
Xylt1	chr7	FALSE	FALSE
Trim55	chr3	FALSE	TRUE
Ago2	chr15	FALSE	FALSE
Lims1	chr10	FALSE	FALSE
Neo1	chr9	FALSE	FALSE
Slc44a3	chr3	FALSE	FALSE
Kif21b	chr1	FALSE	FALSE
Hs3st1	chr5	FALSE	TRUE
Cystm1	chr18	FALSE	TRUE
Tmem184b	chr15	FALSE	FALSE
Ankrd55	chr13	FALSE	TRUE
Itgb3bp	chr4	FALSE	TRUE
Extl3	chr14	FALSE	TRUE
Nudt3	chr17	FALSE	TRUE
Ifnar2	chr16	FALSE	FALSE
Osmr	chr15	FALSE	FALSE
Eif4e3	chr6	FALSE	TRUE
Dgkh	chr14	FALSE	TRUE
Pkd1l2	chr8	FALSE	TRUE
Fgd4	chr16	FALSE	TRUE
Atp6v1g3	chr1	FALSE	TRUE
Muc2	chr7	FALSE	TRUE
Ehhadh	chr16	FALSE	TRUE
Gnai3	chr3	FALSE	TRUE
Snx24	chr18	FALSE	TRUE
Tacc1	chr8	TRUE	FALSE
Slc6a17	chr3	FALSE	TRUE
Ano10	chr9	FALSE	TRUE
Wnt7b	chr15	FALSE	TRUE
Pdgfc	chr3	FALSE	FALSE
Exog	chr9	FALSE	FALSE
Lcp2	chr11	FALSE	FALSE
Ak1	chr2	FALSE	FALSE
Hadh	chr3	FALSE	TRUE
Cdh1	chr8	FALSE	FALSE
Col15a1	chr4	FALSE	FALSE
Wscd2	chr5	FALSE	TRUE
Lonrf3	chrX	FALSE	TRUE
Phldb2	chr16	FALSE	TRUE
Fgfr4	chr13	FALSE	TRUE
Crem	chr18	FALSE	TRUE
Magi3	chr3	FALSE	FALSE
Pdgfa	chr5	FALSE	FALSE
Sema6a	chr18	FALSE	TRUE
Ppp1r16b	chr2	FALSE	TRUE
Stx2	chr5	FALSE	TRUE
Cmas	chr6	FALSE	FALSE
Kbtbd11	chr8	FALSE	TRUE
Ngf	chr3	FALSE	TRUE
Hpca	chr4	FALSE	TRUE
Pla2g4e	chr2	FALSE	TRUE
Baiap3	chr17	FALSE	FALSE
Sptb	chr12	FALSE	TRUE
Adcyap1r1	chr6	FALSE	FALSE
Immp2l	chr12	TRUE	TRUE
Prim2	chr1	FALSE	FALSE
Hhipl1	chr12	FALSE	FALSE
Onecut2	chr18	FALSE	TRUE
Wwp2	chr8	FALSE	FALSE
Fer	chr17	FALSE	TRUE
P2ry14	chr3	FALSE	FALSE
Tph2	chr10	FALSE	TRUE
Agap2	chr10	FALSE	TRUE
Dctn1	chr6	FALSE	TRUE
Smarcal1	chr1	FALSE	TRUE
Sult2b1	chr7	FALSE	FALSE
Crybg1	chr10	FALSE	FALSE
Adra1b	chr11	FALSE	FALSE
Nck1	chr9	FALSE	FALSE
Sertad4	chr1	FALSE	FALSE
Cabp7	chr11	FALSE	TRUE
Slit3	chr11	FALSE	FALSE
Coro2a	chr4	FALSE	FALSE
Krt5	chr15	FALSE	TRUE
Sesn2	chr4	FALSE	FALSE
Grin3a	chr4	FALSE	FALSE
Blnk	chr19	FALSE	FALSE
Foxj1	chr11	FALSE	TRUE
Phf12	chr11	FALSE	FALSE
Papln	chr12	FALSE	FALSE
Bahd1	chr2	FALSE	TRUE
Cc2d2a	chr5	FALSE	TRUE
Depdc7	chr2	FALSE	FALSE
Tbc1d10a	chr11	FALSE	FALSE
Nyx	chrX	FALSE	FALSE
Col8a1	chr16	FALSE	TRUE
Slc25a21	chr12	FALSE	FALSE
Agbl4	chr4	FALSE	TRUE
Ajuba	chr14	FALSE	TRUE
Rock2	chr12	FALSE	TRUE
Slc6a9	chr4	FALSE	FALSE
Kansl1l	chr1	FALSE	TRUE
Sesn1	chr10	FALSE	TRUE
Cttnbp2nl	chr3	FALSE	TRUE
Olfm2	chr9	FALSE	TRUE
Tll1	chr8	FALSE	TRUE
Pknox1	chr17	FALSE	TRUE
Klc1	chr12	FALSE	TRUE
Sidt1	chr16	FALSE	TRUE
Epb41l1	chr2	FALSE	TRUE
Map3k20	chr2	FALSE	FALSE
Rps6ka5	chr12	FALSE	TRUE
Evc2	chr5	FALSE	TRUE
Kcnh7	chr2	FALSE	FALSE
B4galt1	chr4	FALSE	TRUE
Ddah1	chr3	FALSE	FALSE
Trpc4ap	chr2	FALSE	TRUE
Dexi	chr16	FALSE	TRUE
Gmds	chr13	FALSE	TRUE
Napa	chr7	FALSE	FALSE
Fzd6	chr15	FALSE	FALSE
Ptprj	chr2	FALSE	FALSE
Lrrc3	chr10	FALSE	FALSE
Whamm	chr7	FALSE	TRUE
Arhgap18	chr10	FALSE	FALSE
Prorp	chr12	FALSE	TRUE
Trappc9	chr15	FALSE	FALSE
Qrich2	chr11	FALSE	TRUE
Slc12a6	chr2	FALSE	TRUE
Car8	chr4	FALSE	FALSE
Rpgrip1l	chr8	FALSE	FALSE
Phf3	chr1	FALSE	TRUE
Slc28a3	chr13	FALSE	FALSE
Sgcg	chr14	FALSE	FALSE
Vwa5b1	chr4	FALSE	TRUE
Wnt10a	chr1	FALSE	TRUE
Ablim3	chr18	FALSE	TRUE
Cbln3	chr14	FALSE	FALSE
Vcan	chr13	FALSE	FALSE
Usp44	chr10	FALSE	FALSE
Rap1gap	chr4	FALSE	TRUE
Mtx2	chr2	FALSE	FALSE
Olfml3	chr3	FALSE	FALSE
Tns1	chr1	FALSE	FALSE
Arfgap3	chr15	FALSE	FALSE
Pax4	chr6	FALSE	FALSE
Decr1	chr4	FALSE	TRUE
Cpne2	chr8	FALSE	FALSE
Gbp3	chr3	FALSE	FALSE
Tmem132e	chr11	FALSE	FALSE
Serp2	chr14	FALSE	TRUE
Cfap45	chr1	FALSE	FALSE
Rab40b	chr11	FALSE	FALSE
Etv3	chr3	FALSE	TRUE
Enpp7	chr11	FALSE	FALSE
Slc16a14	chr1	FALSE	FALSE
Ensa	chr3	FALSE	FALSE
Fam185a	chr5	FALSE	TRUE
Ppm1h	chr10	FALSE	TRUE
Slc4a8	chr15	FALSE	FALSE
Mgarp	chr3	FALSE	FALSE
Shc3	chr13	FALSE	FALSE
Ntng1	chr3	FALSE	FALSE
Ace	chr11	FALSE	FALSE
Bora	chr14	FALSE	TRUE
Nefm	chr14	FALSE	TRUE
Rbpms2	chr9	FALSE	TRUE
Sema7a	chr9	FALSE	FALSE
Adora3	chr3	FALSE	FALSE
Ccm2l	chr2	FALSE	FALSE
Kcnip2	chr19	FALSE	FALSE
Fam114a1	chr5	FALSE	FALSE
Nfatc2	chr2	FALSE	FALSE
Hmcn1	chr1	FALSE	TRUE
Tmem44	chr16	FALSE	FALSE
Slc41a3	chr6	FALSE	TRUE
Ralbp1	chr17	FALSE	FALSE
Ush1g	chr11	FALSE	FALSE
Capn5	chr7	FALSE	TRUE
Chst7	chrX	FALSE	TRUE
Sh3kbp1	chrX	FALSE	FALSE
Hs2st1	chr3	FALSE	TRUE
Ramp3	chr11	FALSE	FALSE
Acot3	chr12	FALSE	FALSE
Rapgef4	chr2	FALSE	FALSE
Slc18a1	chr8	FALSE	TRUE
Rasal1	chr5	FALSE	TRUE
Pfkfb2	chr1	FALSE	FALSE
Wdr41	chr13	FALSE	TRUE
Acss3	chr10	FALSE	FALSE
Col25a1	chr3	FALSE	TRUE
Jcad	chr18	FALSE	TRUE
Tcf7l1	chr6	FALSE	TRUE
Glrb	chr3	FALSE	TRUE
Ebf4	chr2	FALSE	FALSE
Plekhg6	chr6	FALSE	TRUE
Irak2	chr6	FALSE	FALSE
Sik1	chr17	FALSE	FALSE
Nxph4	chr10	FALSE	FALSE
Tnfsf13	chr11	FALSE	TRUE
Arhgap42	chr9	FALSE	FALSE
Ltbp2	chr12	FALSE	FALSE
Rnf180	chr13	FALSE	TRUE
Vegfa	chr17	FALSE	FALSE
Aox2	chr1	FALSE	FALSE
Ror1	chr4	FALSE	TRUE
Git2	chr5	FALSE	TRUE
Bcas1	chr2	FALSE	FALSE
Cryl1	chr14	FALSE	TRUE
Sfrp5	chr19	FALSE	FALSE
Mbd2	chr18	FALSE	TRUE
Tmem41a	chr16	FALSE	TRUE
Kif14	chr1	TRUE	TRUE
Sparc	chr11	FALSE	TRUE
Slc22a22	chr15	FALSE	FALSE
Srgn	chr10	FALSE	FALSE
F11r	chr1	FALSE	FALSE
Tulp4	chr17	FALSE	FALSE
Abi3	chr11	FALSE	TRUE
Prkcq	chr2	FALSE	FALSE
Sbno2	chr10	FALSE	FALSE
Nid1	chr13	FALSE	FALSE
Nr1d2	chr14	FALSE	FALSE
Yy1	chr12	FALSE	FALSE
Cpt1a	chr19	FALSE	FALSE
Ptar1	chr19	FALSE	TRUE
G2e3	chr12	FALSE	FALSE
Tmem52	chr4	FALSE	FALSE
Cxcl17	chr7	FALSE	TRUE
Rhof	chr5	FALSE	TRUE
Pam	chr1	FALSE	TRUE
Zfp853	chr5	FALSE	FALSE
Dctn3	chr4	FALSE	TRUE
Spry2	chr14	FALSE	TRUE
Pros1	chr16	FALSE	TRUE
Stim1	chr7	FALSE	TRUE
Prkcd	chr14	FALSE	FALSE
Clcn1	chr6	FALSE	TRUE
Vat1l	chr8	FALSE	TRUE
Arfip1	chr3	FALSE	TRUE
Ccdc85a	chr11	FALSE	FALSE
Zmiz1	chr14	TRUE	FALSE
Dnajc24	chr2	FALSE	FALSE
Tiparp	chr3	FALSE	TRUE
Col6a1	chr10	FALSE	TRUE
Colgalt1	chr8	FALSE	FALSE
Acer3	chr7	FALSE	TRUE
Mboat2	chr12	FALSE	FALSE
Mfsd4a	chr1	FALSE	TRUE
Edem1	chr6	FALSE	FALSE
Mapk8	chr14	FALSE	TRUE
Phyhd1	chr2	FALSE	FALSE
H1f6	chr13	FALSE	TRUE
Atp6v1c2	chr12	FALSE	TRUE
Nim1k	chr13	FALSE	TRUE
Tmem229b	chr12	FALSE	FALSE
Ankmy1	chr1	FALSE	FALSE
Lgals3bp	chr11	FALSE	FALSE
Otulin	chr15	FALSE	TRUE
Sema6c	chr3	FALSE	FALSE
Tbr1	chr2	FALSE	FALSE
Tmem38b	chr4	FALSE	TRUE
Krt71	chr15	FALSE	FALSE
Dhh	chr15	FALSE	FALSE
Pacrg	chr17	FALSE	TRUE
Snap91	chr9	FALSE	FALSE
Ctsb	chr14	FALSE	TRUE
Plag1	chr4	FALSE	TRUE
Sec22a	chr16	FALSE	FALSE
Gpam	chr19	FALSE	FALSE
St8sia5	chr18	FALSE	FALSE
Ctnna1	chr18	FALSE	TRUE
Htra1	chr7	FALSE	TRUE
Pdk1	chr2	FALSE	TRUE
Ankrd63	chr2	FALSE	TRUE
Ifi44l	chr3	FALSE	FALSE
Wdr95	chr5	FALSE	FALSE
Armh4	chr14	FALSE	TRUE
Zfhx2	chr14	FALSE	TRUE
Slc2a5	chr4	FALSE	FALSE
Zfyve27	chr19	FALSE	FALSE
Chmp4b	chr2	FALSE	FALSE
Slc1a4	chr11	FALSE	FALSE
Abhd3	chr18	FALSE	TRUE
Fam107a	chr14	FALSE	FALSE
Kcnc2	chr10	FALSE	FALSE
Slc13a3	chr2	FALSE	FALSE
Zc3h12c	chr9	FALSE	FALSE
Eci3	chr13	FALSE	FALSE
Tff3	chr17	FALSE	TRUE
Sult4a1	chr15	FALSE	TRUE
Ell2	chr13	FALSE	FALSE
Abcd3	chr3	FALSE	TRUE
Cnga3	chr1	FALSE	TRUE
Cabcoco1	chr10	FALSE	TRUE
Tcf7l2	chr19	FALSE	FALSE
Rftn2	chr1	FALSE	FALSE
Cul3	chr1	FALSE	FALSE
Prokr2	chr2	FALSE	FALSE
Epha10	chr4	FALSE	TRUE
Dnajb8	chr6	FALSE	TRUE
Arsj	chr3	FALSE	FALSE
Otog	chr7	FALSE	FALSE
Ccr9	chr9	FALSE	TRUE
Slc25a36	chr9	FALSE	TRUE
Vsx1	chr2	FALSE	TRUE
Uso1	chr5	FALSE	TRUE
Map4k3	chr17	FALSE	TRUE
Alox5	chr6	FALSE	TRUE
Dhx58	chr11	FALSE	TRUE
Cpne9	chr6	FALSE	FALSE
Sesn3	chr9	FALSE	FALSE
Traf7	chr17	FALSE	TRUE
Larp1	chr11	FALSE	FALSE
Adcy10	chr1	FALSE	TRUE
Ptp4a3	chr15	FALSE	TRUE
Vipr2	chr12	FALSE	TRUE
Arhgap25	chr6	FALSE	FALSE
Fbxl8	chr8	FALSE	FALSE
Socs6	chr18	FALSE	TRUE
Rab3gap2	chr1	FALSE	TRUE
Slc30a5	chr13	FALSE	TRUE
Adgra2	chr8	FALSE	FALSE
Pik3r3	chr4	FALSE	TRUE
Cog2	chr8	FALSE	FALSE
Tdrd5	chr1	FALSE	FALSE
Mcf2l	chr8	FALSE	FALSE
P3h2	chr16	FALSE	FALSE
Hectd1	chr12	FALSE	TRUE
Lrriq1	chr10	FALSE	TRUE
Dnah1	chr14	FALSE	TRUE
Zfp397	chr18	FALSE	FALSE
Krt19	chr11	FALSE	TRUE
Card10	chr15	FALSE	TRUE
Lrrc38	chr4	FALSE	TRUE
Cntfr	chr4	FALSE	FALSE
Pot1a	chr6	FALSE	TRUE
Herpud2	chr9	FALSE	TRUE
Cdon	chr9	FALSE	FALSE
Ikzf3	chr11	FALSE	TRUE
Dgat2	chr7	FALSE	TRUE
Sympk	chr7	FALSE	TRUE
Blk	chr14	FALSE	FALSE
Nisch	chr14	FALSE	TRUE
Lrpap1	chr5	FALSE	FALSE
Cpne5	chr17	FALSE	TRUE
Wwox	chr8	FALSE	TRUE
Esyt3	chr9	FALSE	FALSE
Sh3pxd2b	chr11	FALSE	FALSE
Tpbg	chr9	FALSE	FALSE
Necab1	chr4	FALSE	TRUE
Slc15a1	chr14	FALSE	TRUE
Lama4	chr10	FALSE	TRUE
Pcolce2	chr9	FALSE	FALSE
Hic2	chr16	FALSE	TRUE
Prnd	chr2	FALSE	FALSE
Heca	chr10	FALSE	FALSE
Nlgn1	chr3	FALSE	TRUE
Cry2	chr2	FALSE	TRUE
Tgif2	chr2	FALSE	TRUE
Asic4	chr1	FALSE	TRUE
Tmem232	chr17	FALSE	TRUE
Llgl2	chr11	FALSE	TRUE
Gabra1	chr11	FALSE	FALSE
Mab21l3	chr3	FALSE	TRUE
Zscan29	chr2	FALSE	TRUE
Sclt1	chr3	FALSE	TRUE
Ngef	chr1	FALSE	TRUE
Adam12	chr7	FALSE	FALSE
Ccdc113	chr8	FALSE	TRUE
Map3k15	chrX	FALSE	FALSE
Thsd4	chr9	FALSE	FALSE
Strc	chr2	FALSE	FALSE
Arhgap8	chr15	FALSE	TRUE
Rtp1	chr16	FALSE	FALSE
Gucy1a1	chr3	FALSE	FALSE
Ankrd10	chr8	FALSE	FALSE
Ofcc1	chr13	FALSE	FALSE
Pik3r5	chr11	FALSE	TRUE
Gxylt1	chr15	FALSE	FALSE
Cd34	chr1	FALSE	FALSE
Dytn	chr1	FALSE	TRUE
Pik3cg	chr12	FALSE	TRUE
C8a	chr4	FALSE	TRUE
Lingo3	chr10	FALSE	TRUE
Itgb7	chr15	FALSE	FALSE
Plekhh1	chr12	FALSE	FALSE
Slc37a3	chr6	FALSE	FALSE
Tm2d1	chr4	FALSE	TRUE
Sgms1	chr19	FALSE	TRUE
Crtc1	chr8	FALSE	FALSE
Tex52	chr6	FALSE	FALSE
Slc4a5	chr6	FALSE	TRUE
Acap2	chr16	FALSE	TRUE
Tsc2	chr17	FALSE	TRUE
Rtkn2	chr10	FALSE	TRUE
Cstad	chr2	FALSE	FALSE
Atl2	chr17	FALSE	TRUE
Smim15	chr13	FALSE	TRUE
Aebp2	chr6	FALSE	FALSE
Mark2	chr19	FALSE	FALSE
Prdm13	chr4	FALSE	TRUE
Tnfsf18	chr1	FALSE	TRUE
Cnn1	chr9	FALSE	FALSE
Prss55	chr14	FALSE	FALSE
Cep290	chr10	FALSE	TRUE
Slc16a2	chrX	FALSE	FALSE
Pald1	chr10	FALSE	FALSE
Magi1	chr6	FALSE	TRUE
Rbpj	chr5	FALSE	TRUE
Pex10	chr4	FALSE	FALSE
Lhx6	chr2	FALSE	TRUE
Smim14	chr5	FALSE	TRUE
Fscn2	chr11	FALSE	TRUE
C6	chr15	FALSE	TRUE
Tgfbi	chr13	FALSE	TRUE
Rwdd3	chr3	FALSE	TRUE
Ube2ql1	chr13	FALSE	TRUE
Abcb1b	chr5	FALSE	TRUE
Marchf3	chr18	FALSE	TRUE
Sptbn5	chr2	FALSE	FALSE
Ndst3	chr3	FALSE	TRUE
Alx3	chr3	FALSE	TRUE
Rab5c	chr11	FALSE	FALSE
Car10	chr11	FALSE	TRUE
Trrap	chr5	FALSE	FALSE
Npl	chr1	FALSE	FALSE
Limd1	chr9	FALSE	FALSE
Rhbg	chr3	FALSE	FALSE
Adcy6	chr15	FALSE	FALSE
Tmc6	chr11	FALSE	TRUE
Kcnip3	chr2	TRUE	TRUE
Fubp3	chr2	FALSE	TRUE
Snx9	chr17	FALSE	FALSE
Prkcg	chr7	FALSE	TRUE
Bend7	chr2	FALSE	FALSE
Vav3	chr3	FALSE	TRUE
Sostdc1	chr12	FALSE	FALSE
Glis1	chr4	FALSE	TRUE
Pkdcc	chr17	FALSE	FALSE
Pdzrn4	chr15	FALSE	FALSE
Nfe2l3	chr6	FALSE	TRUE
Basp1	chr15	FALSE	TRUE
Slc25a10	chr11	FALSE	TRUE
Tulp3	chr6	FALSE	TRUE
Hsbp1l1	chr18	FALSE	FALSE
Col4a2	chr8	FALSE	FALSE
Csf1r	chr18	FALSE	TRUE
Mpzl1	chr1	FALSE	TRUE
Med30	chr15	FALSE	TRUE
Cep170	chr1	FALSE	TRUE
Prkn	chr17	FALSE	TRUE
Nexmif	chrX	FALSE	FALSE
Ube2n	chr10	FALSE	FALSE
Dock8	chr19	FALSE	FALSE
Glcci1	chr6	FALSE	TRUE
Gbp5	chr3	FALSE	FALSE
Usp3	chr9	FALSE	FALSE
Kdm3a	chr6	FALSE	FALSE
Lims2	chr18	FALSE	TRUE
Pten	chr19	FALSE	TRUE
Pak3	chrX	FALSE	TRUE
Hgf	chr5	FALSE	FALSE
Insrr	chr3	FALSE	TRUE
Enpep	chr3	FALSE	FALSE
Kcnh2	chr5	FALSE	TRUE
Cfap43	chr19	FALSE	FALSE
Slc25a15	chr8	FALSE	TRUE
Itih4	chr14	FALSE	FALSE
Mical3	chr6	FALSE	FALSE
Etnk1	chr6	FALSE	TRUE
Gbx1	chr5	FALSE	FALSE
Tbc1d9b	chr11	FALSE	FALSE
Pcdhac1	chr18	FALSE	FALSE
Lypd6b	chr2	FALSE	FALSE
Hmg20a	chr9	FALSE	FALSE
Calb2	chr8	TRUE	TRUE
Adamts16	chr13	FALSE	TRUE
Wdr89	chr12	FALSE	FALSE
Thada	chr17	FALSE	TRUE
Aqp7	chr4	FALSE	TRUE
Ccdc149	chr5	FALSE	TRUE
Soat1	chr1	FALSE	FALSE
Aldh1l2	chr10	FALSE	TRUE
Gpr176	chr2	FALSE	TRUE
Ythdc2	chr18	FALSE	TRUE
Fbxl4	chr4	FALSE	TRUE
Bcl11a	chr11	FALSE	FALSE
Adgra3	chr5	FALSE	FALSE
Aplp2	chr9	FALSE	FALSE
Emc2	chr15	FALSE	FALSE
Nell2	chr15	FALSE	FALSE
Hic1	chr11	FALSE	TRUE
Ptpre	chr7	FALSE	FALSE
Rims3	chr4	FALSE	FALSE
Myh7	chr14	FALSE	TRUE
Sptlc3	chr2	FALSE	TRUE
Cdh9	chr15	FALSE	FALSE
Mgat4c	chr10	FALSE	TRUE
Glis3	chr19	FALSE	FALSE
Rcor3	chr1	FALSE	FALSE
Prlr	chr15	FALSE	TRUE
Pde2a	chr7	FALSE	FALSE
Map3k5	chr10	FALSE	TRUE
Otud1	chr2	FALSE	TRUE
Rab44	chr17	FALSE	FALSE
Dcdc2c	chr12	FALSE	FALSE
Camk1g	chr1	FALSE	FALSE
Ppp5c	chr7	FALSE	FALSE
Fads6	chr11	FALSE	FALSE
Fam53b	chr7	FALSE	FALSE
Rtn4	chr11	FALSE	FALSE
Sorcs3	chr19	FALSE	TRUE
Rab11fip5	chr6	FALSE	FALSE
Map3k6	chr4	FALSE	FALSE
Kera	chr10	FALSE	TRUE
Col26a1	chr5	FALSE	TRUE
Grhpr	chr4	FALSE	TRUE
Fam20b	chr1	FALSE	TRUE
Il1r2	chr1	FALSE	TRUE
Asxl1	chr2	FALSE	FALSE
Elp3	chr14	FALSE	TRUE
Srebf1	chr11	FALSE	FALSE
Jakmip1	chr5	FALSE	TRUE
Hivep1	chr13	FALSE	TRUE
Ptprh	chr7	FALSE	TRUE
1110002E22Rik	chr3	FALSE	TRUE
Itpkb	chr1	FALSE	FALSE
4930564D02Rik	chr3	FALSE	TRUE
Ccn5	chr2	FALSE	TRUE
Vps35l	chr7	FALSE	FALSE
Fzd3	chr14	FALSE	TRUE
Limk2	chr11	FALSE	FALSE
Ttc13	chr8	FALSE	FALSE
Bmper	chr9	FALSE	TRUE
Npy2r	chr3	FALSE	FALSE
Arhgef40	chr14	FALSE	FALSE
Btbd16	chr7	FALSE	TRUE
Prss23	chr7	FALSE	FALSE
Ttll8	chr15	FALSE	TRUE
Tecrl	chr5	FALSE	TRUE
Lats2	chr14	FALSE	TRUE
Cxxc5	chr18	FALSE	TRUE
Kcnt2	chr1	FALSE	TRUE
Impa2	chr18	FALSE	TRUE
Adck2	chr6	FALSE	TRUE
Xkr4	chr1	FALSE	FALSE
Bin1	chr18	FALSE	FALSE
Ahr	chr12	FALSE	TRUE
Shisa6	chr11	FALSE	TRUE
Ccdc158	chr5	FALSE	FALSE
Rab2a	chr4	FALSE	TRUE
Ttc9	chr12	FALSE	FALSE
Rnf122	chr8	FALSE	TRUE
Myh15	chr16	FALSE	FALSE
Gm12695	chr4	FALSE	TRUE
Plxna1	chr6	FALSE	TRUE
Corin	chr5	FALSE	FALSE
Kcnj15	chr16	FALSE	FALSE
Bbs9	chr9	FALSE	TRUE
Abhd15	chr11	FALSE	TRUE
Slc25a23	chr17	FALSE	FALSE
Agtpbp1	chr13	FALSE	FALSE
Slc16a10	chr10	FALSE	TRUE
Cfap161	chr7	FALSE	TRUE
Slfn9	chr11	FALSE	FALSE
Gpld1	chr13	FALSE	FALSE
Arhgap33os	chr7	FALSE	TRUE
Atp2b3	chrX	FALSE	TRUE
Mylk2	chr2	FALSE	FALSE
Mmrn1	chr6	FALSE	TRUE
Ulbp1	chr10	FALSE	TRUE
Dnajc13	chr9	FALSE	TRUE
Tram2	chr1	FALSE	TRUE
Dsp	chr13	FALSE	TRUE
Cyb5b	chr8	FALSE	TRUE
Septin7	chr9	FALSE	TRUE
Lrp1	chr10	FALSE	TRUE
Gch1	chr14	FALSE	FALSE
Psd	chr19	FALSE	FALSE
Dpysl2	chr14	FALSE	FALSE
Mbnl1	chr3	FALSE	TRUE
Nudt2	chr4	FALSE	FALSE
Stx11	chr10	FALSE	FALSE
Sacs	chr14	FALSE	TRUE
Dnajc22	chr15	FALSE	FALSE
Oaf	chr9	FALSE	TRUE
Atp1a4	chr1	FALSE	FALSE
Spns3	chr11	FALSE	TRUE
Nrip3	chr7	FALSE	FALSE
Il12rb1	chr8	FALSE	FALSE
Prkcz	chr4	FALSE	TRUE
Dclre1c	chr2	FALSE	TRUE
Prrc1	chr18	FALSE	TRUE
Psd4	chr2	FALSE	FALSE
Zfp507	chr7	FALSE	TRUE
Vcl	chr14	FALSE	FALSE
Ankrd35	chr3	FALSE	TRUE
Cables1	chr18	FALSE	FALSE
Nsun3	chr16	FALSE	TRUE
Fyco1	chr9	FALSE	TRUE
Foxo3	chr10	FALSE	FALSE
Parvg	chr15	FALSE	FALSE
Dcbld2	chr16	FALSE	TRUE
Zfp326	chr5	FALSE	TRUE
Gmps	chr3	FALSE	TRUE
Fkbp14	chr6	FALSE	TRUE
Muc15	chr2	FALSE	TRUE
Npr1	chr3	FALSE	TRUE
Daw1	chr1	TRUE	TRUE
Rbm26	chr14	FALSE	TRUE
Kndc1	chr7	FALSE	FALSE
Plaat1	chr16	FALSE	TRUE
Synpo2	chr3	FALSE	TRUE
Wdr43	chr17	FALSE	FALSE
Aif1l	chr2	FALSE	TRUE
Tnfrsf1b	chr4	FALSE	TRUE
Slc43a2	chr11	FALSE	TRUE
Pibf1	chr14	FALSE	TRUE
Jazf1	chr6	FALSE	FALSE
Ncdn	chr4	FALSE	TRUE
H2bc4	chr13	FALSE	TRUE
Slc12a8	chr16	FALSE	TRUE
Myom2	chr8	FALSE	TRUE
Nup210	chr6	FALSE	FALSE
Madd	chr2	FALSE	FALSE
Fbln5	chr12	FALSE	FALSE
Rorb	chr19	FALSE	FALSE
Traf3ip1	chr1	FALSE	FALSE
Slc35a3	chr3	FALSE	TRUE
Rab39	chr9	FALSE	FALSE
Itpr1	chr6	FALSE	TRUE
Mier1	chr4	FALSE	TRUE
Cyp7b1	chr3	FALSE	TRUE
Rusc2	chr4	FALSE	FALSE
Cldn10	chr14	FALSE	FALSE
Unc45b	chr11	FALSE	TRUE
Pla2g2f	chr4	FALSE	FALSE
Phf24	chr4	FALSE	FALSE
Trpm1	chr7	FALSE	FALSE
Fnbp1l	chr3	FALSE	TRUE
Crlf1	chr8	FALSE	TRUE
Ccdc177	chr12	FALSE	FALSE
Gad1	chr2	FALSE	FALSE
Tent5d	chrX	FALSE	TRUE
Spata31d1a	chr13	FALSE	FALSE
Ubash3a	chr17	FALSE	FALSE
Tnfrsf13b	chr11	FALSE	FALSE
Csf2rb2	chr15	FALSE	FALSE
Neurl1b	chr17	FALSE	TRUE
Begain	chr12	FALSE	TRUE
Sertad2	chr11	FALSE	FALSE
Tmprss6	chr15	FALSE	TRUE
Gm12216	chr11	FALSE	FALSE
Sim1	chr10	FALSE	TRUE
Susd6	chr12	FALSE	TRUE
Caps2	chr10	FALSE	TRUE
Eif2ak2	chr17	FALSE	TRUE
Mei1	chr15	FALSE	TRUE
Nnt	chr13	FALSE	TRUE
Wnt1	chr15	FALSE	TRUE
Septin11	chr5	FALSE	TRUE
Mia2	chr12	FALSE	TRUE
Calca	chr7	FALSE	FALSE
Swap70	chr7	FALSE	FALSE
Stt3b	chr9	FALSE	TRUE
Akr1d1	chr6	FALSE	TRUE
Palm3	chr8	FALSE	TRUE
Depdc1b	chr13	FALSE	TRUE
Scube2	chr7	FALSE	TRUE
Sugct	chr13	FALSE	TRUE
Ilvbl	chr10	FALSE	TRUE
Aldh2	chr5	FALSE	TRUE
Crybg3	chr16	FALSE	TRUE
Afg3l2	chr18	FALSE	TRUE
Abcd2	chr15	FALSE	TRUE
Slc38a1	chr15	FALSE	TRUE
Shisa3	chr5	FALSE	TRUE
Me2	chr18	FALSE	TRUE
Micu3	chr8	TRUE	TRUE
Bhlhe40	chr6	FALSE	TRUE
Brd7	chr8	FALSE	TRUE
Evi5l	chr8	FALSE	FALSE
N4bp2	chr5	FALSE	TRUE
Flt4	chr11	FALSE	TRUE
Dtd2	chr12	FALSE	TRUE
Ren1	chr1	FALSE	TRUE
Wapl	chr14	FALSE	FALSE
Cxcl3	chr5	FALSE	TRUE
Nr4a3	chr4	FALSE	FALSE
Pdcd1	chr1	FALSE	TRUE
Igbp1	chrX	FALSE	TRUE
Cmc2	chr8	FALSE	TRUE
Ubac1	chr2	FALSE	FALSE
Nmnat3	chr9	FALSE	FALSE
Adora2b	chr11	FALSE	TRUE
Cdca2	chr14	FALSE	FALSE
Rassf10	chr7	FALSE	TRUE
Tmx4	chr2	FALSE	TRUE
Ppfia3	chr7	FALSE	FALSE
Lpo	chr11	FALSE	FALSE
Gpsm2	chr3	FALSE	TRUE
Rarg	chr15	FALSE	FALSE
Gars	chr6	FALSE	FALSE
Tom1l2	chr11	FALSE	FALSE
Ctnnd1	chr2	FALSE	FALSE
Acer2	chr4	FALSE	FALSE
P2ry2	chr7	FALSE	TRUE
Nkd2	chr13	FALSE	TRUE
Stimate	chr14	FALSE	FALSE
Zfp469	chr8	FALSE	TRUE
Zswim4	chr8	FALSE	FALSE
Cntn6	chr6	TRUE	TRUE
Ube2e2	chr14	FALSE	FALSE
Iqce	chr5	FALSE	FALSE
Plscr1	chr9	FALSE	FALSE
Hepacam2	chr6	FALSE	TRUE
Il31ra	chr13	FALSE	FALSE
Pdlim5	chr3	FALSE	FALSE
Sfswap	chr5	FALSE	TRUE
N4bp2l1	chr5	FALSE	FALSE
Ube2h	chr6	FALSE	TRUE
Eef1a1	chr9	FALSE	FALSE
Pde4c	chr8	FALSE	FALSE
Ak5	chr3	FALSE	FALSE
Kit	chr5	FALSE	FALSE
Bag5	chr12	FALSE	TRUE
Slc12a5	chr2	FALSE	TRUE
Sgpp1	chr12	FALSE	TRUE
Als2	chr1	FALSE	FALSE
Cfap54	chr10	FALSE	TRUE
Stoml3	chr3	FALSE	TRUE
Mki67	chr7	FALSE	TRUE
Ppp1r1b	chr11	FALSE	TRUE
Cdc14a	chr3	FALSE	TRUE
Zfhx3	chr8	FALSE	FALSE
Cast	chr13	FALSE	TRUE
Kcmf1	chr6	FALSE	FALSE
Slc26a9	chr1	FALSE	TRUE
Tex10	chr4	FALSE	TRUE
Stat4	chr1	FALSE	TRUE
Pgbd5	chr8	FALSE	TRUE
Cd28	chr1	FALSE	TRUE
Tnni3k	chr3	FALSE	TRUE
Slc4a2	chr5	FALSE	TRUE
Commd9	chr2	FALSE	TRUE
St3gal4	chr9	FALSE	TRUE
Ldha	chr7	FALSE	FALSE
Fbln7	chr2	FALSE	FALSE
Tmem161b	chr13	FALSE	TRUE
Lef1	chr3	FALSE	FALSE
Dkk2	chr3	FALSE	FALSE
Zfp618	chr4	FALSE	FALSE
Golga4	chr9	FALSE	FALSE
Slc38a6	chr12	FALSE	TRUE
Tcaf1	chr6	FALSE	TRUE
Map1b	chr13	FALSE	FALSE
Cap2	chr13	FALSE	FALSE
Sgce	chr6	FALSE	TRUE
Amotl1	chr9	FALSE	TRUE
Plcd1	chr9	FALSE	FALSE
Eml2	chr7	FALSE	TRUE
Dppa2	chr16	FALSE	TRUE
Mme	chr3	FALSE	TRUE
Gpr22	chr12	FALSE	TRUE
Pfkp	chr13	FALSE	TRUE
Arhgap21	chr2	FALSE	FALSE
Gpr37	chr6	FALSE	FALSE
Fip1l1	chr5	FALSE	TRUE
Mat2b	chr11	FALSE	TRUE
Fgf4	chr7	FALSE	TRUE
Nfe2l2	chr2	FALSE	FALSE
Atp1a1	chr3	FALSE	FALSE
Alx1	chr10	FALSE	TRUE
Sh3bp4	chr1	FALSE	FALSE
Tbpl1	chr10	FALSE	TRUE
Ticam2	chr18	FALSE	TRUE
Tbc1d22b	chr17	FALSE	TRUE
Cnn3	chr3	FALSE	FALSE
Mettl8	chr2	FALSE	TRUE
Stx7	chr10	FALSE	TRUE
Gm1604b	chr17	FALSE	FALSE
Gstm1	chr3	FALSE	TRUE
Plcg1	chr2	FALSE	TRUE
Trpc4	chr3	FALSE	FALSE
C130074G19Rik	chr1	FALSE	FALSE
Sema3g	chr14	FALSE	TRUE
Atp13a5	chr16	FALSE	FALSE
Casp7	chr19	FALSE	FALSE
Fxyd6	chr9	FALSE	FALSE
Plpp7	chr2	FALSE	FALSE
Prkag2	chr5	FALSE	TRUE
Wnt3a	chr11	FALSE	TRUE
Klf13	chr7	FALSE	TRUE
Susd3	chr13	FALSE	TRUE
Reck	chr4	FALSE	TRUE
Zc3h3	chr15	FALSE	TRUE
Cnst	chr1	FALSE	FALSE
Fam180a	chr6	FALSE	TRUE
Stx1a	chr5	FALSE	TRUE
Tyms	chr5	FALSE	TRUE
Arel1	chr12	FALSE	TRUE
Prox1	chr1	FALSE	FALSE
Tbcel	chr9	FALSE	FALSE
Nlrp6	chr7	FALSE	FALSE
Hoxc4	chr15	FALSE	TRUE
Gpr149	chr3	FALSE	FALSE
Trhde	chr10	FALSE	TRUE
Pdss2	chr10	FALSE	TRUE
Trim67	chr8	FALSE	FALSE
4933424G06Rik	chr1	FALSE	FALSE
Dlgap2	chr8	FALSE	TRUE
Adamtsl5	chr10	FALSE	FALSE
Treh	chr9	FALSE	TRUE
Wwp1	chr4	FALSE	TRUE
Exoc4	chr6	FALSE	TRUE
Brsk2	chr7	FALSE	FALSE
Cd2	chr3	FALSE	TRUE
Sgk3	chr1	FALSE	FALSE
Timp3	chr10	FALSE	FALSE
Nmnat2	chr1	FALSE	TRUE
Rhoj	chr12	FALSE	FALSE
Fam3c	chr6	FALSE	TRUE
Adamtsl1	chr4	FALSE	FALSE
St3gal1	chr15	FALSE	FALSE
Wdr37	chr13	FALSE	TRUE
Psmb2	chr4	FALSE	FALSE
Nanos3	chr8	FALSE	FALSE
B3gat1	chr9	FALSE	FALSE
Btg3	chr16	FALSE	FALSE
Chrm3	chr13	TRUE	TRUE
Smagp	chr15	FALSE	TRUE
Gcnt2	chr13	FALSE	FALSE
Neurog1	chr13	FALSE	TRUE
Crocc2	chr1	FALSE	FALSE
Rhpn2	chr7	FALSE	FALSE
Hmgn3	chr9	FALSE	TRUE
Tmem131	chr1	FALSE	TRUE
Eps8l1	chr7	FALSE	FALSE
Aox4	chr1	FALSE	TRUE
Zfp90	chr8	FALSE	TRUE
Hsd17b11	chr5	FALSE	TRUE
Qtrt2	chr16	FALSE	TRUE
Dab1	chr4	FALSE	TRUE
Fat2	chr11	FALSE	FALSE
S100a13	chr3	FALSE	TRUE
Tbc1d15	chr10	FALSE	TRUE
Lmo7	chr14	FALSE	FALSE
Sfmbt2	chr2	FALSE	FALSE
Ankrd27	chr7	FALSE	FALSE
Sorbs3	chr14	FALSE	FALSE
Kitl	chr10	FALSE	FALSE
Tpd52l1	chr10	FALSE	FALSE
Pde8b	chr13	FALSE	TRUE
Crym	chr7	FALSE	TRUE
Prdm10	chr9	FALSE	TRUE
Itih5	chr2	FALSE	FALSE
Rhobtb3	chr13	FALSE	TRUE
Uvssa	chr5	FALSE	FALSE
Ivns1abp	chr1	FALSE	TRUE
Dnah5	chr15	FALSE	FALSE
Plcg2	chr8	FALSE	FALSE
Lgsn	chr1	FALSE	TRUE
Phkb	chr8	FALSE	TRUE
Gprc5a	chr6	FALSE	FALSE
Kcnh4	chr11	FALSE	FALSE
Snx18	chr13	FALSE	TRUE
Plscr5	chr9	FALSE	TRUE
Trp53inp2	chr2	FALSE	FALSE
Kif19a	chr11	FALSE	FALSE
Plekhb2	chr1	FALSE	FALSE
Kctd21	chr7	FALSE	TRUE
Soga1	chr2	FALSE	TRUE
Ctsz	chr2	FALSE	TRUE
Sptssb	chr3	FALSE	TRUE
Rreb1	chr13	FALSE	FALSE
Sh3bp2	chr5	FALSE	FALSE
Adam7	chr14	FALSE	TRUE
Galntl6	chr8	FALSE	TRUE
Ccnd3	chr17	FALSE	FALSE
Traip	chr9	FALSE	TRUE
Igsf9b	chr9	FALSE	FALSE
4932414N04Rik	chr2	FALSE	FALSE
Tmem182	chr1	FALSE	FALSE
Cep295nl	chr11	FALSE	FALSE
Cul1	chr6	FALSE	TRUE
Gm10220	chr5	FALSE	TRUE
Ttn	chr2	FALSE	FALSE
Zfp174	chr16	FALSE	TRUE
Mogat2	chr7	FALSE	FALSE
Cop1	chr1	FALSE	TRUE
4930447C04Rik	chr12	FALSE	TRUE
Cpe	chr8	FALSE	TRUE
Plxnd1	chr6	FALSE	TRUE
Grap2	chr15	FALSE	FALSE
Ap3b2	chr7	FALSE	TRUE
Slco4a1	chr2	FALSE	TRUE
Slc36a2	chr11	FALSE	TRUE
Lrrc72	chr12	FALSE	FALSE
Myo5c	chr9	FALSE	FALSE
Myom3	chr4	FALSE	FALSE
Gask1b	chr3	FALSE	FALSE
Lrrc52	chr1	FALSE	FALSE
Furin	chr7	FALSE	FALSE
Cfap65	chr1	FALSE	TRUE
Gm13283	chr4	FALSE	FALSE
Ctxn2	chr2	FALSE	TRUE
Pbx4	chr8	FALSE	FALSE
Bmp10	chr6	FALSE	FALSE
Bcor	chrX	FALSE	TRUE
Impdh1	chr6	FALSE	FALSE
Epn3	chr11	FALSE	FALSE
Galnt14	chr17	FALSE	FALSE
Pgap1	chr1	FALSE	TRUE
Oacyl	chr18	FALSE	TRUE
Acvr1	chr2	FALSE	TRUE
Plekhg5	chr4	FALSE	TRUE
Ak9	chr10	FALSE	TRUE
Apip	chr2	FALSE	TRUE
E130114P18Rik	chr4	FALSE	FALSE
Cdk17	chr10	FALSE	TRUE
Abcb9	chr5	FALSE	FALSE
Drc7	chr8	FALSE	TRUE
Chst10	chr1	FALSE	TRUE
Gpd1l	chr9	FALSE	FALSE
Acsl3	chr1	FALSE	TRUE
Crip1	chr12	FALSE	FALSE
Tent4a	chr13	FALSE	TRUE
Bend6	chr1	FALSE	TRUE
Wfdc5	chr2	FALSE	TRUE
Ephx1	chr1	FALSE	TRUE
D930020B18Rik	chr10	FALSE	TRUE
Far1	chr7	FALSE	TRUE
Gpat3	chr5	FALSE	FALSE
Pitpnc1	chr11	FALSE	FALSE
Prrt4	chr6	FALSE	FALSE
Polk	chr13	FALSE	TRUE
Ankdd1b	chr13	FALSE	TRUE
Mstn	chr1	FALSE	TRUE
9430038I01Rik	chr7	FALSE	FALSE
Prex2	chr1	FALSE	FALSE
Serpine2	chr1	FALSE	FALSE
Tjp2	chr19	FALSE	TRUE
Clcnkb	chr4	FALSE	TRUE
Gbp7	chr3	FALSE	FALSE
Plxnc1	chr10	FALSE	TRUE
Commd3	chr2	FALSE	TRUE
Ncoa7	chr10	FALSE	TRUE
Bcar1	chr8	FALSE	FALSE
A830018L16Rik	chr1	FALSE	TRUE
Ihh	chr1	FALSE	TRUE
Myh7b	chr2	FALSE	TRUE
Ntsr1	chr2	FALSE	FALSE
Syt15	chr14	FALSE	FALSE
Sox8	chr17	FALSE	TRUE
Resp18	chr1	FALSE	FALSE
Apoh	chr11	FALSE	FALSE
Trpm6	chr19	FALSE	FALSE
Gdnf	chr15	FALSE	FALSE
Tirap	chr9	FALSE	TRUE
Ntng2	chr2	FALSE	TRUE
L1cam	chrX	FALSE	FALSE
Ghrhr	chr6	FALSE	FALSE
Sdc2	chr15	FALSE	TRUE
Zdhhc2	chr8	FALSE	TRUE
Htr6	chr4	FALSE	TRUE
Trpm2	chr10	FALSE	FALSE
Tmem14a	chr1	FALSE	TRUE
Syk	chr13	FALSE	FALSE
Tns2	chr15	FALSE	FALSE
Fignl2	chr15	FALSE	FALSE
Ctnnal1	chr4	FALSE	TRUE
St8sia4	chr1	FALSE	TRUE
Ptpro	chr6	FALSE	FALSE
Cyp2j13	chr4	FALSE	TRUE
Hspb7	chr4	FALSE	TRUE
Golph3	chr15	FALSE	TRUE
Comt	chr16	FALSE	TRUE
Lrp2	chr2	FALSE	TRUE
Iqub	chr6	FALSE	TRUE
Sil1	chr18	FALSE	FALSE
Mtcl1	chr17	FALSE	TRUE
Ciao2b	chr8	FALSE	TRUE
Mcur1	chr13	FALSE	TRUE
Crocc	chr4	FALSE	FALSE
A930009A15Rik	chr10	FALSE	FALSE
Efnb2	chr8	FALSE	FALSE
Grn	chr11	FALSE	FALSE
Lrp8	chr4	FALSE	FALSE
1700010I14Rik	chr17	FALSE	FALSE
Pde1c	chr6	FALSE	TRUE
Fam187b	chr7	FALSE	TRUE
Arhgef7	chr8	FALSE	TRUE
Pirt	chr11	FALSE	FALSE
Ccdc50	chr16	FALSE	TRUE
Lama3	chr18	FALSE	FALSE
Ppp4r2	chr6	FALSE	FALSE
Ppp2r2c	chr5	FALSE	FALSE
Fcmr	chr1	FALSE	TRUE
Zfp322a	chr13	FALSE	TRUE
Kcng4	chr8	FALSE	TRUE
Gpbp1	chr13	FALSE	TRUE
Opa1	chr16	FALSE	FALSE
Uqcc2	chr17	FALSE	TRUE
Wnt7a	chr6	FALSE	FALSE
Trpm5	chr7	FALSE	TRUE
Htatip2	chr7	FALSE	TRUE
4931429L15Rik	chr9	FALSE	FALSE
Prtg	chr9	FALSE	FALSE
Lhx2	chr2	FALSE	TRUE
Fgfr2	chr7	FALSE	FALSE
Cmtm4	chr8	FALSE	TRUE
Dbh	chr2	FALSE	TRUE
Tbx21	chr11	FALSE	TRUE
Ifitm10	chr7	FALSE	FALSE
Frem1	chr4	FALSE	TRUE
Prr36	chr8	FALSE	FALSE
Hadha	chr5	FALSE	FALSE
St6galnac2	chr11	FALSE	TRUE
Aen	chr7	FALSE	TRUE
Plin2	chr4	FALSE	TRUE
Faap20	chr4	FALSE	TRUE
Anxa6	chr11	FALSE	TRUE
Vsx2	chr12	FALSE	TRUE
Atg9b	chr5	FALSE	TRUE
Rabggta	chr14	FALSE	FALSE
1700020N01Rik	chr10	FALSE	FALSE
Sowahc	chr10	FALSE	TRUE
Asphd2	chr5	FALSE	FALSE
Nxpe3	chr16	FALSE	TRUE
Gls	chr1	FALSE	TRUE
Tspan15	chr10	FALSE	FALSE
Prdm8	chr5	FALSE	FALSE
Slc26a3	chr12	FALSE	TRUE
4933427D14Rik	chr11	FALSE	TRUE
Irf7	chr7	FALSE	TRUE
Tfr2	chr5	FALSE	FALSE
Xrra1	chr7	FALSE	TRUE
Panx1	chr9	FALSE	FALSE
Irs1	chr1	FALSE	TRUE
Snx13	chr12	FALSE	TRUE
Mtus1	chr8	FALSE	TRUE
Sv2b	chr7	TRUE	TRUE
Ski	chr4	FALSE	TRUE
Abi3bp	chr16	FALSE	TRUE
Il19	chr1	FALSE	FALSE
Bcl9	chr3	FALSE	TRUE
Tmem63c	chr12	FALSE	FALSE
Grid2	chr6	FALSE	TRUE
Stk39	chr2	FALSE	TRUE
Mrps6	chr16	FALSE	FALSE
Gem	chr4	FALSE	FALSE
Tarbp1	chr8	FALSE	TRUE
Fam216b	chr14	FALSE	FALSE
Hacd4	chr4	FALSE	FALSE
Ccdc141	chr2	FALSE	FALSE
Tec	chr5	FALSE	TRUE
Cdhr2	chr13	FALSE	FALSE
Ppara	chr15	FALSE	TRUE
Cep250	chr2	FALSE	FALSE
Grtp1	chr8	FALSE	FALSE
Tdh	chr14	FALSE	FALSE
Neto2	chr8	FALSE	TRUE
Mroh1	chr15	FALSE	FALSE
Ifngr1	chr10	FALSE	TRUE
Arid1a	chr4	FALSE	FALSE
Rasgef1a	chr6	FALSE	FALSE
Lrrc32	chr7	FALSE	TRUE
Cish	chr9	FALSE	FALSE
Rpp40	chr13	FALSE	TRUE
Cst7	chr2	FALSE	FALSE
Aar2	chr2	FALSE	TRUE
Tmem190	chr7	FALSE	TRUE
2010109A12Rik	chr5	FALSE	TRUE
Klf15	chr6	FALSE	FALSE
Cep162	chr9	FALSE	TRUE
Mroh4	chr15	FALSE	FALSE
Pak6	chr2	FALSE	FALSE
Igfbp2	chr1	FALSE	TRUE
Sntg2	chr12	FALSE	FALSE
Fhdc1	chr3	FALSE	TRUE
Pard6g	chr18	FALSE	TRUE
Igfbpl1	chr4	FALSE	FALSE
Tpcn2	chr7	FALSE	TRUE
Wdr6	chr9	FALSE	FALSE
Ildr1	chr16	FALSE	FALSE
Txk	chr5	FALSE	TRUE
Myo1c	chr11	FALSE	FALSE
Sntb2	chr8	FALSE	FALSE
Fezf2	chr14	FALSE	FALSE
Inava	chr1	FALSE	FALSE
Sgo1	chr17	FALSE	TRUE
Hmgb2	chr8	FALSE	FALSE
Ddit3	chr10	FALSE	TRUE
Rasgrp1	chr2	FALSE	FALSE
Clip2	chr5	FALSE	FALSE
Cnksr1	chr4	FALSE	FALSE
Noct	chr3	FALSE	TRUE
Klhl14	chr18	FALSE	TRUE
Pappa	chr4	FALSE	FALSE
Spaca3	chr11	FALSE	TRUE
Galc	chr12	FALSE	TRUE
Ppic	chr18	FALSE	FALSE
Creb1	chr1	FALSE	TRUE
Rassf4	chr6	FALSE	FALSE
Gstm4	chr3	FALSE	TRUE
Ss18	chr18	FALSE	TRUE
Plek	chr11	FALSE	FALSE
Slc1a5	chr7	FALSE	TRUE
Cngb3	chr4	FALSE	FALSE
Actr2	chr11	FALSE	TRUE
Pcare	chr17	FALSE	FALSE
Adamts3	chr5	FALSE	FALSE
Cfap46	chr7	FALSE	FALSE
Cntn5	chr9	TRUE	TRUE
Usp22	chr11	FALSE	TRUE
Asah2	chr19	FALSE	TRUE
Fbxo24	chr5	FALSE	FALSE
Gk	chrX	FALSE	TRUE
Plppr4	chr3	FALSE	TRUE
Tmem120b	chr5	FALSE	FALSE
Ccdc28a	chr10	FALSE	TRUE
Plekha5	chr6	FALSE	TRUE
Vwa2	chr19	FALSE	FALSE
Car3	chr3	FALSE	TRUE
Agt	chr8	FALSE	TRUE
Ndufaf2	chr13	FALSE	TRUE
Mmp15	chr8	FALSE	TRUE
Tmem165	chr5	FALSE	TRUE
Mapk13	chr17	FALSE	TRUE
Prkch	chr12	FALSE	FALSE
Crnkl1	chr2	FALSE	TRUE
Trim45	chr3	FALSE	TRUE
Pom121l2	chr13	FALSE	FALSE
Lrrn4	chr2	FALSE	FALSE
Phox2a	chr7	FALSE	TRUE
Exoc3l4	chr12	FALSE	FALSE
Rnf125	chr18	FALSE	FALSE
Fam167a	chr14	FALSE	FALSE
Uchl3	chr14	FALSE	TRUE
Slc25a24	chr3	FALSE	FALSE
Kcns1	chr2	FALSE	FALSE
Far2	chr6	FALSE	TRUE
Tsc22d2	chr3	FALSE	TRUE
Abcg8	chr17	FALSE	FALSE
Tshr	chr12	FALSE	FALSE
Tnfrsf11a	chr1	FALSE	FALSE
Gpx2	chr12	FALSE	FALSE
Adamts9	chr6	FALSE	TRUE
Tmem243	chr5	FALSE	TRUE
Dpy19l1	chr9	FALSE	FALSE
Mgst2	chr3	FALSE	FALSE
Pcp4l1	chr1	FALSE	FALSE
Anxa8	chr14	FALSE	FALSE
Lrrc15	chr16	FALSE	FALSE
Mtdh	chr15	FALSE	TRUE
Dnajc1	chr2	FALSE	TRUE
Plppr1	chr4	FALSE	FALSE
Smpdl3a	chr10	FALSE	TRUE
Rflna	chr5	FALSE	TRUE
Micall2	chr5	FALSE	TRUE
Mtarc1	chr1	FALSE	FALSE
Impa1	chr3	FALSE	TRUE
Bmp5	chr9	TRUE	TRUE
Cdk6	chr5	FALSE	FALSE
Csgalnact1	chr8	FALSE	FALSE
Wdr47	chr3	FALSE	FALSE
Pde6a	chr18	FALSE	FALSE
Mthfs	chr9	FALSE	FALSE
Chaf1b	chr16	FALSE	FALSE
Pcdh19	chrX	FALSE	FALSE
Ces2e	chr8	FALSE	FALSE
Kcnt1	chr2	FALSE	FALSE
Sox13	chr1	FALSE	TRUE
Whrn	chr4	FALSE	FALSE
Eomes	chr9	FALSE	TRUE
Emp1	chr6	FALSE	TRUE
Sypl2	chr3	FALSE	FALSE
Plce1	chr19	FALSE	TRUE
Abhd6	chr14	FALSE	TRUE
Rmnd5a	chr6	FALSE	TRUE
Zfyve21	chr12	FALSE	FALSE
Ranbp10	chr8	FALSE	FALSE
Slc1a2	chr2	FALSE	TRUE
Fbxo2	chr4	FALSE	FALSE
Slc8a1	chr17	FALSE	TRUE
Tgm2	chr2	FALSE	FALSE
Gpr153	chr4	FALSE	FALSE
Kcnj4	chr15	FALSE	TRUE
Sp4	chr12	FALSE	TRUE
Tet1	chr10	FALSE	FALSE
Arid3a	chr10	FALSE	FALSE
Lvrn	chr18	FALSE	TRUE
Syt9	chr7	FALSE	TRUE
Reep4	chr14	FALSE	TRUE
Slc14a1	chr18	FALSE	FALSE
Plekhg2	chr7	FALSE	TRUE
Ccr7	chr11	FALSE	TRUE
Alox12	chr11	FALSE	TRUE
Chrna7	chr7	FALSE	TRUE
Gm4792	chr10	FALSE	TRUE
Macroh2a2	chr10	FALSE	FALSE
Eif4g2	chr7	FALSE	FALSE
Cngb1	chr8	FALSE	TRUE
H3f3a	chr1	FALSE	FALSE
Crat	chr2	FALSE	FALSE
Asb18	chr1	FALSE	TRUE
Rsbn1l	chr5	FALSE	TRUE
Colec12	chr18	FALSE	TRUE
Mtmr12	chr15	FALSE	TRUE
Cdkl2	chr5	FALSE	TRUE
Ahdc1	chr4	FALSE	FALSE
Nudt18	chr14	FALSE	TRUE
Trappc12	chr12	FALSE	FALSE
Tagln3	chr16	FALSE	TRUE
Fndc1	chr17	FALSE	TRUE
Plxnb3	chrX	FALSE	TRUE
Il1rap	chr16	FALSE	TRUE
Cd40	chr2	FALSE	FALSE
Cipc	chr12	FALSE	TRUE
Metrnl	chr11	FALSE	TRUE
Stard3	chr11	FALSE	TRUE
Adcy3	chr12	FALSE	TRUE
Cabin1	chr10	FALSE	TRUE
Spata18	chr5	FALSE	FALSE
Adgrf1	chr17	FALSE	FALSE
Aqp6	chr15	FALSE	TRUE
Fbxo33	chr12	FALSE	TRUE
Themis	chr10	FALSE	TRUE
Rassf6	chr5	FALSE	FALSE
Hoxb7	chr11	FALSE	TRUE
Rrm2b	chr15	FALSE	FALSE
Rps14	chr18	FALSE	TRUE
Max	chr12	FALSE	TRUE
Eif3h	chr15	FALSE	TRUE
Wdr86	chr5	FALSE	TRUE
Dmbt1	chr7	FALSE	FALSE
Stk10	chr11	FALSE	FALSE
Ccbe1	chr18	FALSE	FALSE
Eya2	chr2	FALSE	FALSE
Lrtm2	chr6	FALSE	FALSE
Adcy4	chr14	FALSE	TRUE
Sncaip	chr18	FALSE	TRUE
Btbd17	chr11	FALSE	TRUE
Rab30	chr7	FALSE	FALSE
Ell	chr8	FALSE	FALSE
Ccdc93	chr1	FALSE	FALSE
Gnb4	chr3	FALSE	TRUE
St8sia1	chr6	FALSE	FALSE
Arrdc4	chr7	FALSE	TRUE
Ntn1	chr11	FALSE	TRUE
Ttc17	chr2	FALSE	TRUE
Slc22a1	chr17	FALSE	FALSE
Plekha7	chr7	FALSE	TRUE
Galns	chr8	FALSE	FALSE
Mtif3	chr5	FALSE	FALSE
Col23a1	chr11	FALSE	TRUE
Galnt2	chr8	FALSE	FALSE
Trmt10b	chr4	FALSE	FALSE
Pemt	chr11	FALSE	TRUE
Palld	chr8	FALSE	TRUE
Sucla2	chr14	FALSE	FALSE
Rps6ka6	chrX	FALSE	TRUE
Slco2b1	chr7	FALSE	TRUE
Pdk3	chrX	FALSE	FALSE
Pdk2	chr11	FALSE	FALSE
Ggh	chr4	FALSE	TRUE
Spon2	chr5	FALSE	FALSE
Jam3	chr9	FALSE	TRUE
Stum	chr1	FALSE	FALSE
Jade2	chr11	FALSE	TRUE
Xrcc4	chr13	FALSE	TRUE
Adora1	chr1	FALSE	FALSE
Zfp316	chr5	FALSE	TRUE
Fer1l6	chr15	FALSE	FALSE
Pcsk9	chr4	FALSE	FALSE
Mzt1	chr14	FALSE	TRUE
Elfn1	chr5	FALSE	TRUE
Ppp2r1b	chr9	FALSE	TRUE
Fabp6	chr11	FALSE	TRUE
Dnajc3	chr14	FALSE	TRUE
E2f2	chr4	FALSE	TRUE
Cacna1h	chr17	FALSE	TRUE
Ppfibp1	chr6	FALSE	FALSE
Wbp2nl	chr15	FALSE	FALSE
Grb7	chr11	FALSE	FALSE
Ikbke	chr1	FALSE	FALSE
Pitrm1	chr13	FALSE	TRUE
Pank2	chr2	FALSE	FALSE
Map3k7	chr4	FALSE	FALSE
Inpp5a	chr7	FALSE	FALSE
Iyd	chr10	FALSE	FALSE
Nynrin	chr14	FALSE	FALSE
Lrtm1	chr14	FALSE	TRUE
Patz1	chr11	FALSE	FALSE
Kdelr3	chr15	FALSE	FALSE
Grin2b	chr6	FALSE	FALSE
Neurod6	chr6	FALSE	FALSE
Wfs1	chr5	FALSE	FALSE
Usp35	chr7	FALSE	TRUE
D130043K22Rik	chr13	FALSE	TRUE
Acox3	chr5	FALSE	TRUE
Fermt1	chr2	FALSE	TRUE
Serhl	chr15	FALSE	FALSE
P2rx3	chr2	FALSE	TRUE
Col28a1	chr6	FALSE	TRUE
Tpp2	chr1	FALSE	TRUE
Rab25	chr3	FALSE	TRUE
Myo7a	chr7	FALSE	TRUE
Myo1a	chr10	FALSE	TRUE
Dok4	chr8	FALSE	FALSE
Etv2	chr7	FALSE	TRUE
Fam117a	chr11	FALSE	FALSE
Zup1	chr10	FALSE	TRUE
Grm3	chr5	FALSE	TRUE
Slc37a2	chr9	FALSE	FALSE
Heatr1	chr13	FALSE	TRUE
Pax2	chr19	FALSE	TRUE
Acan	chr7	FALSE	TRUE
Cth	chr3	FALSE	TRUE
Bmp8b	chr4	FALSE	TRUE
Creb3	chr4	FALSE	TRUE
Tnpo1	chr13	FALSE	TRUE
Ptprm	chr17	FALSE	FALSE
Efna1	chr3	FALSE	TRUE
Ktn1	chr14	FALSE	TRUE
Sdc4	chr2	FALSE	FALSE
Hdgfl2	chr17	FALSE	FALSE
Nadk2	chr15	FALSE	TRUE
Stab1	chr14	FALSE	FALSE
P3h1	chr4	FALSE	TRUE
Ets1	chr9	FALSE	FALSE
Speer4b	chr5	FALSE	FALSE
Prkci	chr3	FALSE	TRUE
Prodh	chr16	FALSE	FALSE
Rps6kl1	chr12	FALSE	FALSE
Bach1	chr16	FALSE	TRUE
Scube3	chr17	FALSE	TRUE
Ptprq	chr10	FALSE	FALSE
B9d1	chr11	FALSE	FALSE
Fbf1	chr11	FALSE	FALSE
Igsf5	chr16	FALSE	FALSE
Pou4f2	chr8	FALSE	FALSE
Mta1	chr12	FALSE	FALSE
Ddx43	chr9	FALSE	FALSE
Arl6ip6	chr2	FALSE	TRUE
Cxcl2	chr5	FALSE	FALSE
Slc9a3	chr13	FALSE	FALSE
Dixdc1	chr9	FALSE	FALSE
Tpd52	chr3	FALSE	TRUE
Lta4h	chr10	FALSE	TRUE
Fhit	chr14	FALSE	TRUE
Grb14	chr2	FALSE	FALSE
Epb41l5	chr1	FALSE	TRUE
Slain2	chr5	FALSE	TRUE
Kctd17	chr15	FALSE	FALSE
Sstr2	chr11	FALSE	FALSE
Neu4	chr1	FALSE	FALSE
Muc5b	chr7	FALSE	TRUE
Acsl5	chr19	FALSE	TRUE
Micall1	chr15	FALSE	FALSE
Rc3h1	chr1	FALSE	TRUE
Rnf128	chrX	FALSE	TRUE
Gopc	chr10	FALSE	TRUE
Rufy3	chr5	FALSE	TRUE
Tbc1d21	chr9	FALSE	TRUE
Gucd1	chr10	FALSE	TRUE
Glce	chr9	FALSE	FALSE
Tmem255b	chr8	FALSE	TRUE
Hcn2	chr10	FALSE	FALSE
Mpped1	chr15	FALSE	FALSE
Wif1	chr10	FALSE	FALSE
Asb1	chr1	FALSE	FALSE
Runx2	chr17	FALSE	TRUE
Vps53	chr11	FALSE	FALSE
Prelp	chr1	FALSE	FALSE
Muc6	chr7	FALSE	TRUE
Abca4	chr3	FALSE	TRUE
Hrk	chr5	FALSE	TRUE
Aldh1a3	chr7	FALSE	TRUE
Ntn5	chr7	FALSE	FALSE
Chid1	chr7	FALSE	FALSE
4930453N24Rik	chr16	FALSE	TRUE
Kif13a	chr13	FALSE	TRUE
Stmnd1	chr13	FALSE	FALSE
Pth1r	chr9	FALSE	TRUE
Gabrb1	chr5	FALSE	TRUE
Atp2c2	chr8	FALSE	TRUE
Cd80	chr16	FALSE	TRUE
Ranbp3l	chr15	FALSE	TRUE
Fbn1	chr2	FALSE	FALSE
Lgals3	chr14	FALSE	FALSE
Celf5	chr10	FALSE	TRUE
Ptpn18	chr1	FALSE	FALSE
Kcnj10	chr1	FALSE	TRUE
Pde5a	chr3	FALSE	FALSE
Hsd17b4	chr18	FALSE	TRUE
Fggy	chr4	FALSE	TRUE
Ywhaq	chr12	FALSE	TRUE
Wdfy4	chr14	FALSE	FALSE
Gucy2d	chr7	FALSE	FALSE
Eln	chr5	FALSE	FALSE
Hap1	chr11	FALSE	FALSE
Nos1ap	chr1	FALSE	FALSE
Dot1l	chr10	FALSE	FALSE
C7	chr15	FALSE	FALSE
Htra3	chr5	FALSE	FALSE
Triobp	chr15	FALSE	TRUE
Gatb	chr3	FALSE	TRUE
Zfp120	chr2	FALSE	FALSE
Smad4	chr18	FALSE	FALSE
Pck2	chr14	FALSE	FALSE
Sp6	chr11	FALSE	TRUE
Ctbp2	chr7	FALSE	FALSE
Dgcr6	chr16	FALSE	FALSE
Rgs7bp	chr13	FALSE	TRUE
Slc9a1	chr4	FALSE	TRUE
Ncl	chr1	FALSE	FALSE
Itga1	chr13	FALSE	TRUE
Slc39a8	chr3	FALSE	FALSE
Mknk2	chr10	FALSE	TRUE
Doc2b	chr11	FALSE	FALSE
Rorc	chr3	FALSE	TRUE
Yjefn3	chr8	FALSE	TRUE
Wdr19	chr5	FALSE	TRUE
AA467197	chr2	FALSE	TRUE
Slc36a1	chr11	FALSE	TRUE
Spon1	chr7	FALSE	FALSE
Sh2d3c	chr2	FALSE	FALSE
Smo	chr6	FALSE	FALSE
Siglech	chr7	FALSE	TRUE
Aco1	chr4	FALSE	TRUE
Nfkb1	chr3	FALSE	TRUE
Zdbf2	chr1	FALSE	TRUE
Fscn1	chr5	FALSE	TRUE
Klhl5	chr5	FALSE	TRUE
H6pd	chr4	FALSE	FALSE
Phpt1	chr2	FALSE	FALSE
Casp6	chr3	FALSE	TRUE
Tcea3	chr4	FALSE	TRUE
Ptpn12	chr5	FALSE	TRUE
Pdzd11	chrX	FALSE	TRUE
Lysmd4	chr7	FALSE	TRUE
Mmp9	chr2	FALSE	TRUE
Trpc5os	chrX	FALSE	FALSE
Traf4	chr11	FALSE	FALSE
Cemip2	chr19	FALSE	TRUE
Slc28a2b	chr2	FALSE	TRUE
Gypa	chr8	FALSE	TRUE
Nceh1	chr3	FALSE	FALSE
Pcdhac2	chr18	FALSE	TRUE
Fam171a2	chr11	FALSE	TRUE
Ppp2r2d	chr7	FALSE	FALSE
Dtx4	chr19	FALSE	TRUE
Kat6b	chr14	FALSE	FALSE
Espn	chr4	FALSE	TRUE
Pnpla8	chr12	FALSE	TRUE
2810459M11Rik	chr1	FALSE	FALSE
Igdcc3	chr9	FALSE	TRUE
Cbr3	chr16	FALSE	TRUE
Guca2b	chr4	FALSE	TRUE
Nudt4	chr10	FALSE	TRUE
Smco4	chr9	FALSE	FALSE
Zbtb38	chr9	FALSE	TRUE
Rnf8	chr17	FALSE	FALSE
Scn3b	chr9	FALSE	FALSE
Slc43a1	chr2	FALSE	FALSE
Zfr	chr15	FALSE	FALSE
Cenpu	chr8	FALSE	FALSE
Scml4	chr10	FALSE	FALSE
Gmpr	chr13	FALSE	FALSE
Crygn	chr5	FALSE	TRUE
Pja2	chr17	FALSE	TRUE
Hid1	chr11	FALSE	FALSE
Hpgds	chr6	FALSE	FALSE
Rbm47	chr5	FALSE	TRUE
Mab21l4	chr1	FALSE	TRUE
Pid1	chr1	FALSE	TRUE
Esr2	chr12	FALSE	FALSE
Zfr2	chr10	FALSE	TRUE
Fam124a	chr14	FALSE	TRUE
Ip6k3	chr17	FALSE	TRUE
Sim2	chr16	FALSE	TRUE
Traf3ip3	chr1	FALSE	FALSE
Gfra3	chr18	FALSE	FALSE
Nectin3	chr16	FALSE	TRUE
Nt5dc3	chr10	FALSE	FALSE
Amz1	chr5	FALSE	TRUE
Hoxb13	chr11	FALSE	TRUE
Eif4e	chr3	FALSE	FALSE
Pou6f2	chr13	FALSE	TRUE
Slc2a2	chr3	FALSE	TRUE
Grm6	chr11	FALSE	FALSE
Grin1	chr2	FALSE	TRUE
Tacr1	chr6	FALSE	FALSE
Manf	chr9	FALSE	FALSE
Mfsd6	chr1	FALSE	TRUE
Ttc41	chr10	FALSE	FALSE
Asb10	chr5	FALSE	TRUE
Acvr2b	chr9	FALSE	FALSE
Tmem185b	chr1	FALSE	TRUE
Serinc1	chr10	FALSE	TRUE
Map3k21	chr8	FALSE	TRUE
Socs5	chr17	FALSE	FALSE
Wdfy2	chr14	FALSE	TRUE
Dcst1	chr3	FALSE	FALSE
Bcan	chr3	FALSE	TRUE
Pou3f2	chr4	FALSE	FALSE
Amd1	chr10	FALSE	TRUE
Csf1	chr3	FALSE	FALSE
Bmp4	chr14	FALSE	FALSE
Cldn5	chr16	FALSE	TRUE
Txnrd2	chr16	FALSE	TRUE
Inka2	chr3	FALSE	TRUE
Pfkfb3	chr2	FALSE	FALSE
Nbeal2	chr9	FALSE	FALSE
Zbtb42	chr12	FALSE	TRUE
Ptpn20	chr14	FALSE	TRUE
Alad	chr4	FALSE	TRUE
Gm21671	chr5	FALSE	FALSE
Kcnq3	chr15	FALSE	TRUE
Draxin	chr4	FALSE	TRUE
Diaph2	chrX	FALSE	TRUE
Txnrd3	chr6	FALSE	FALSE
Nhsl2	chrX	FALSE	FALSE
Mid2	chrX	FALSE	FALSE
Plin5	chr17	FALSE	FALSE
Wdr11	chr7	FALSE	FALSE
Krt86	chr15	FALSE	FALSE
Kcna10	chr3	FALSE	FALSE
Tnip1	chr11	FALSE	FALSE
Gm826	chr2	FALSE	FALSE
Sbk1	chr7	FALSE	TRUE
Gp5	chr16	FALSE	TRUE
Creb3l2	chr6	FALSE	FALSE
Rassf2	chr2	FALSE	FALSE
Enpp6	chr8	FALSE	FALSE
Kcnh5	chr12	FALSE	TRUE
Hps3	chr3	FALSE	TRUE
Slc6a15	chr10	FALSE	TRUE
Has3	chr8	FALSE	FALSE
Scrn1	chr6	FALSE	FALSE
Tbx4	chr11	FALSE	TRUE
Hsf4	chr8	FALSE	FALSE
Hhatl	chr9	FALSE	TRUE
Arhgap30	chr1	FALSE	FALSE
Gm11733	chr11	FALSE	FALSE
Tspan33	chr6	FALSE	TRUE
Lipa	chr19	FALSE	TRUE
Kcnk15	chr2	FALSE	TRUE
Gulp1	chr1	FALSE	FALSE
Inppl1	chr7	FALSE	FALSE
Ccdc24	chr4	FALSE	TRUE
Eif2d	chr1	FALSE	TRUE
Tmem178	chr17	FALSE	TRUE
Afap1l1	chr18	FALSE	TRUE
Zbtb18	chr1	FALSE	TRUE
Pltp	chr2	FALSE	TRUE
Eppk1	chr15	FALSE	FALSE
Pxn	chr5	FALSE	TRUE
Asb4	chr6	FALSE	TRUE
Lcn5	chr2	FALSE	FALSE
Ano1	chr7	FALSE	FALSE
Plxna4	chr6	FALSE	TRUE
Igf2	chr7	FALSE	TRUE
Ocln	chr13	FALSE	TRUE
Stard8	chrX	FALSE	TRUE
Fstl1	chr16	FALSE	FALSE
Arhgef28	chr13	FALSE	TRUE
Adgrl4	chr3	FALSE	TRUE
Ccm2	chr11	FALSE	TRUE
Hs6st2	chrX	FALSE	FALSE
Sdr42e1	chr8	FALSE	FALSE
Vgll3	chr16	FALSE	FALSE
Klhl8	chr5	FALSE	FALSE
Esam	chr9	FALSE	FALSE
Vwa3b	chr1	FALSE	TRUE
Pmaip1	chr18	FALSE	FALSE
Ap2a1	chr7	FALSE	FALSE
Adgrg1	chr8	FALSE	FALSE
Fabp5	chr3	FALSE	TRUE
Slf2	chr19	FALSE	FALSE
Vegfc	chr8	TRUE	TRUE
Ppp1r16a	chr15	FALSE	TRUE
Agk	chr6	FALSE	FALSE
Lzts3	chr2	FALSE	FALSE
Ramp1	chr1	FALSE	FALSE
Sufu	chr19	FALSE	FALSE
Cyb561	chr11	FALSE	TRUE
Cilk1	chr9	FALSE	TRUE
Cxcl12	chr6	FALSE	TRUE
Klhdc7a	chr4	FALSE	FALSE
Fcnb	chr2	FALSE	FALSE
Bmp3	chr5	FALSE	FALSE
Ccnd2	chr6	FALSE	TRUE
Dhcr24	chr4	FALSE	FALSE
Slc30a2	chr4	FALSE	TRUE
Sec31a	chr5	FALSE	FALSE
H2-K1	chr17	FALSE	TRUE
Ndufs6	chr13	FALSE	FALSE
C1ql4	chr15	FALSE	TRUE
Lin54	chr5	FALSE	TRUE
Atp13a4	chr16	FALSE	TRUE
Krt4	chr15	FALSE	TRUE
Zfp131	chr13	FALSE	TRUE
Iars2	chr1	FALSE	TRUE
Ssbp4	chr8	FALSE	FALSE
Tpcn1	chr5	FALSE	TRUE
Slc26a2	chr18	FALSE	TRUE
Arg2	chr12	FALSE	FALSE
Plekhh3	chr11	FALSE	FALSE
Lif	chr11	FALSE	TRUE
Cd200	chr16	FALSE	FALSE
Steap1	chr5	FALSE	TRUE
Il1rapl1	chrX	TRUE	TRUE
Plin1	chr7	FALSE	FALSE
Hbp1	chr12	FALSE	TRUE
Rnd3	chr2	FALSE	FALSE
Aqp12	chr1	FALSE	FALSE
Lpar1	chr4	FALSE	FALSE
Recql4	chr15	FALSE	FALSE
Larp1b	chr3	FALSE	TRUE
Afap1l2	chr19	FALSE	TRUE
Fndc11	chr2	FALSE	FALSE
Pik3c3	chr18	FALSE	FALSE
B4galt5	chr2	FALSE	FALSE
Nck2	chr1	FALSE	TRUE
Brd1	chr15	FALSE	FALSE
Tk2	chr8	FALSE	TRUE
Dapl1	chr2	FALSE	TRUE
Nmt2	chr2	FALSE	TRUE
Tnfaip8l3	chr9	FALSE	TRUE
Wdr91	chr6	FALSE	TRUE
Mc4r	chr18	FALSE	TRUE
Stn1	chr19	FALSE	TRUE
Vxn	chr1	FALSE	FALSE
Zfp503	chr14	FALSE	FALSE
Tgfb1i1	chr7	FALSE	FALSE
Onecut1	chr9	FALSE	TRUE
Zwint	chr10	FALSE	TRUE
Esyt1	chr10	FALSE	FALSE
Cdk5r2	chr1	FALSE	TRUE
Chrnb4	chr9	FALSE	FALSE
Stmn4	chr14	FALSE	TRUE
Trim7	chr11	FALSE	FALSE
Cmklr1	chr5	FALSE	TRUE
Il4i1	chr7	FALSE	TRUE
Zfp287	chr11	FALSE	FALSE
Dennd2c	chr3	FALSE	FALSE
Fstl3	chr10	FALSE	FALSE
3425401B19Rik	chr14	FALSE	FALSE
Icam5	chr9	FALSE	FALSE
Glrx2	chr1	FALSE	TRUE
Cbx7	chr15	FALSE	TRUE
Fah	chr7	FALSE	FALSE
Slc22a18	chr7	FALSE	TRUE
Adtrp	chr13	FALSE	TRUE
Hat1	chr2	FALSE	TRUE
Ssbp3	chr4	FALSE	TRUE
Lrrk2	chr15	FALSE	TRUE
Fbxo31	chr8	FALSE	FALSE
Mrps22	chr9	FALSE	FALSE
Gpr155	chr2	FALSE	FALSE
Wnt9a	chr11	FALSE	TRUE
Zbtb48	chr4	FALSE	TRUE
Stard13	chr5	FALSE	FALSE
Commd6	chr14	FALSE	FALSE
Ropn1l	chr15	FALSE	TRUE
Nr1i2	chr16	FALSE	TRUE
Ncf2	chr1	FALSE	FALSE
Snorc	chr1	FALSE	TRUE
Rasa1	chr13	FALSE	TRUE
Ercc5	chr1	FALSE	TRUE
Rarres1	chr3	FALSE	FALSE
Fras1	chr5	FALSE	FALSE
Defb41	chr1	FALSE	TRUE
Vim	chr2	FALSE	FALSE
Itgb1	chr8	FALSE	FALSE
Bpgm	chr6	FALSE	TRUE
Rnase4	chr14	FALSE	TRUE
Hapln4	chr8	FALSE	TRUE
Bhlhe22	chr3	FALSE	TRUE
C2cd2	chr16	FALSE	TRUE
Col4a4	chr1	FALSE	FALSE
Pmp22	chr11	FALSE	FALSE
Cib4	chr5	FALSE	TRUE
Chrnb2	chr3	FALSE	TRUE
Gm19410	chr8	FALSE	FALSE
Hps6	chr19	FALSE	TRUE
Vps37b	chr5	FALSE	TRUE
Ankrd13b	chr11	FALSE	TRUE
Tmem45b	chr9	FALSE	FALSE
Gnas	chr2	FALSE	TRUE
Chad	chr11	FALSE	FALSE
Pygm	chr19	FALSE	TRUE
B3galt2	chr1	FALSE	FALSE
Col1a1	chr11	FALSE	FALSE
Ednrb	chr14	FALSE	TRUE
Zkscan3	chr13	FALSE	TRUE
Pmel	chr10	FALSE	TRUE
Naprt	chr15	FALSE	FALSE
Dok5	chr2	TRUE	FALSE
Tmem59l	chr8	FALSE	FALSE
Ltb4r1	chr14	FALSE	FALSE
Selenof	chr3	FALSE	FALSE
Tpst2	chr5	FALSE	FALSE
Arid3c	chr4	FALSE	FALSE
Prss35	chr9	FALSE	FALSE
Lrrtm3	chr10	TRUE	FALSE
Chst8	chr7	FALSE	FALSE
Pcyox1	chr6	FALSE	TRUE
Adra1a	chr14	TRUE	TRUE
Cacna1s	chr1	FALSE	FALSE
Insm1	chr2	FALSE	FALSE
Tpo	chr12	FALSE	TRUE
Ccdc169	chr3	FALSE	FALSE
Gpa33	chr1	FALSE	FALSE
Rcsd1	chr1	FALSE	FALSE
Nkx6-3	chr8	FALSE	FALSE
Ankmy2	chr12	FALSE	TRUE
Lnx2	chr5	FALSE	TRUE
Aqp9	chr9	FALSE	TRUE
Foxc1	chr13	FALSE	FALSE
Ahi1	chr10	FALSE	TRUE
Kcnk1	chr8	FALSE	TRUE
Cabp2	chr19	FALSE	TRUE
Itga11	chr9	FALSE	TRUE
Mapre2	chr18	FALSE	TRUE
Gata4	chr14	FALSE	TRUE
Cfap100	chr6	FALSE	FALSE
Crygf	chr1	FALSE	TRUE
Apcdd1	chr18	FALSE	TRUE
Rnft2	chr5	FALSE	FALSE
Gja1	chr10	FALSE	FALSE
Pla2g4b	chr2	FALSE	TRUE
Antxrl	chr14	FALSE	TRUE
Ccdc88b	chr19	FALSE	TRUE
Mphosph9	chr5	FALSE	FALSE
Trpc1	chr9	FALSE	TRUE
Il1rl2	chr1	FALSE	TRUE
P2rx6	chr16	FALSE	FALSE
Sfrp1	chr8	FALSE	FALSE
Trpc5	chrX	FALSE	TRUE
Ttyh3	chr5	FALSE	TRUE
Ripk2	chr4	FALSE	TRUE
Pgpep1	chr8	FALSE	FALSE
Ybx2	chr11	FALSE	FALSE
Tmem212	chr3	FALSE	FALSE
Bid	chr6	FALSE	FALSE
Mogat1	chr1	FALSE	TRUE
Chac1	chr2	FALSE	TRUE
Dab2	chr15	FALSE	TRUE
Crispld2	chr8	FALSE	FALSE
Rbm28	chr6	FALSE	FALSE
Zbtb41	chr1	FALSE	TRUE
Cdr2	chr7	FALSE	FALSE
Zfp36l2	chr17	FALSE	TRUE
Crbn	chr6	FALSE	TRUE
Boc	chr16	TRUE	TRUE
Cd3e	chr9	FALSE	FALSE
Cdkl4	chr17	FALSE	TRUE
Ankrd33b	chr15	FALSE	TRUE
Noa1	chr5	FALSE	TRUE
Ccdc181	chr1	FALSE	TRUE
Tnks2	chr19	FALSE	TRUE
Slc27a6	chr18	FALSE	TRUE
Amotl2	chr9	FALSE	FALSE
Pex26	chr6	FALSE	FALSE
Dmrt1	chr19	FALSE	TRUE
Ppox	chr1	FALSE	TRUE
Psmb11	chr14	FALSE	TRUE
Erich6b	chr14	FALSE	FALSE
Efr3a	chr15	FALSE	TRUE
Cdk5rap3	chr11	FALSE	FALSE
Wipi1	chr11	FALSE	FALSE
Celf2	chr2	FALSE	TRUE
Tex22	chr12	FALSE	FALSE
Zfp219	chr14	FALSE	TRUE
Irs4	chrX	FALSE	TRUE
Npffr1	chr10	FALSE	FALSE
Il11	chr7	FALSE	TRUE
Tusc3	chr8	FALSE	TRUE
Skor2	chr18	FALSE	TRUE
Irgm1	chr11	FALSE	TRUE
Igf2bp2	chr16	FALSE	TRUE
Por	chr5	FALSE	TRUE
Prokr1	chr6	FALSE	TRUE
Adamts19	chr18	FALSE	FALSE
Epha2	chr4	FALSE	TRUE
Myo9b	chr8	FALSE	FALSE
Clcn3	chr8	FALSE	TRUE
Phyh	chr2	FALSE	TRUE
Tk1	chr11	FALSE	TRUE
Wars2	chr3	FALSE	TRUE
Nkain1	chr4	FALSE	FALSE
Slc48a1	chr15	FALSE	TRUE
Sp2	chr11	FALSE	FALSE
Septin6	chrX	FALSE	TRUE
Tmem200a	chr10	FALSE	TRUE
Med10	chr13	FALSE	TRUE
Tmem192	chr8	FALSE	TRUE
Diaph1	chr18	FALSE	TRUE
Txndc5	chr13	FALSE	FALSE
Adra2c	chr5	FALSE	TRUE
Ccna1	chr3	FALSE	FALSE
Zfp512	chr5	FALSE	TRUE
Ammecr1l	chr18	FALSE	TRUE
Bcl11b	chr12	FALSE	TRUE
Kri1	chr9	FALSE	FALSE
Exoc5	chr14	FALSE	FALSE
Tbx5	chr5	FALSE	TRUE
Fgfrl1	chr5	FALSE	FALSE
Lipi	chr16	FALSE	FALSE
Opn4	chr14	FALSE	TRUE
Rnf32	chr5	FALSE	TRUE
Iqcg	chr16	FALSE	TRUE
Ppargc1a	chr5	FALSE	TRUE
Cct3	chr3	FALSE	FALSE
D430019H16Rik	chr12	FALSE	FALSE
Nsun6	chr2	FALSE	TRUE
Cacna2d1	chr5	FALSE	TRUE
Ppwd1	chr13	FALSE	TRUE
Tbx3	chr5	FALSE	TRUE
Map7d3	chrX	FALSE	FALSE
Cd109	chr9	FALSE	FALSE
Hsd17b12	chr2	FALSE	TRUE
Slc9a6	chrX	FALSE	TRUE
Commd10	chr18	FALSE	TRUE
Padi2	chr4	FALSE	TRUE
Grhl3	chr4	FALSE	TRUE
Dmd	chrX	FALSE	TRUE
Zar1	chr5	FALSE	FALSE
Cbln2	chr18	FALSE	TRUE
Mocs2	chr13	FALSE	TRUE
Oit3	chr10	FALSE	FALSE
Asb2	chr12	FALSE	FALSE
Pmfbp1	chr8	FALSE	TRUE
Pax9	chr12	FALSE	TRUE
Tnfaip6	chr2	FALSE	TRUE
Lrguk	chr6	FALSE	TRUE
Mad2l1	chr6	FALSE	TRUE
Lypd6	chr2	FALSE	TRUE
Arsa	chr15	FALSE	FALSE
Bsn	chr9	FALSE	TRUE
Dsg1c	chr18	FALSE	TRUE
D3Ertd751e	chr3	FALSE	TRUE
Hlx	chr1	TRUE	TRUE
Ddx18	chr1	FALSE	TRUE
Stmn2	chr3	FALSE	TRUE
Lmnb1	chr18	FALSE	TRUE
Ankrd34c	chr9	FALSE	FALSE
Sox4	chr13	TRUE	TRUE
P3h3	chr6	FALSE	TRUE
Cda	chr4	FALSE	FALSE
Vsir	chr10	FALSE	TRUE
Appl1	chr14	FALSE	TRUE
Ube2f	chr1	FALSE	TRUE
Fam83f	chr15	FALSE	FALSE
Capn12	chr7	FALSE	TRUE
Larp6	chr9	FALSE	FALSE
Elf4	chrX	FALSE	FALSE
Usp13	chr3	FALSE	FALSE
Ephb3	chr16	FALSE	FALSE
Itgb8	chr12	FALSE	TRUE
Aff1	chr5	FALSE	TRUE
Dpyd	chr3	FALSE	FALSE
Cd274	chr19	FALSE	TRUE
Slc4a9	chr18	FALSE	FALSE
Pitpnb	chr5	FALSE	TRUE
Gns	chr10	FALSE	TRUE
Lamc1	chr1	FALSE	FALSE
Borcs5	chr6	FALSE	TRUE
Aatk	chr11	FALSE	TRUE
Myh3	chr11	FALSE	FALSE
Slc26a5	chr5	FALSE	TRUE
Cd5	chr19	FALSE	TRUE
Mst1r	chr9	FALSE	FALSE
Rasgef1c	chr11	FALSE	FALSE
Osbp	chr19	FALSE	FALSE
Creld2	chr15	FALSE	TRUE
Rmdn2	chr17	FALSE	FALSE
Slc22a21	chr11	FALSE	FALSE
Eif2ak3	chr6	FALSE	FALSE
Icosl	chr10	FALSE	TRUE
Frzb	chr2	FALSE	TRUE
Rfpl4b	chr10	FALSE	FALSE
Podnl1	chr8	FALSE	TRUE
Zmym3	chrX	FALSE	FALSE
Rara	chr11	FALSE	FALSE
Rab31	chr17	FALSE	FALSE
Hkdc1	chr10	FALSE	FALSE
Elf5	chr2	FALSE	TRUE
Swt1	chr1	FALSE	TRUE
Dhrs3	chr4	FALSE	TRUE
Adam19	chr11	FALSE	FALSE
Prrg3	chrX	FALSE	TRUE
Hsd17b1	chr11	FALSE	TRUE
Amtn	chr5	FALSE	TRUE
B3gnt6	chr7	FALSE	FALSE
Stbd1	chr5	FALSE	TRUE
Efcab7	chr4	FALSE	TRUE
Aire	chr10	FALSE	TRUE
Plekha2	chr8	FALSE	TRUE
Sgms2	chr3	FALSE	TRUE
Proser2	chr2	FALSE	TRUE
4930558K02Rik	chr1	FALSE	TRUE
Jpt2	chr17	FALSE	FALSE
Npr2	chr4	FALSE	TRUE
Taf8	chr17	FALSE	FALSE
Grhl1	chr12	FALSE	FALSE
Maff	chr15	FALSE	TRUE
Hoxa3	chr6	FALSE	TRUE
Arhgef16	chr4	FALSE	TRUE
B3galnt2	chr13	FALSE	TRUE
Kcng2	chr18	FALSE	FALSE
Dctn6	chr8	FALSE	TRUE
Mier3	chr13	FALSE	FALSE
Fam98a	chr17	FALSE	TRUE
Smap1	chr1	FALSE	TRUE
Pipox	chr11	FALSE	TRUE
Snap25	chr2	FALSE	TRUE
Bpifb5	chr2	FALSE	TRUE
1700016H13Rik	chr5	FALSE	FALSE
Dlx4	chr11	FALSE	TRUE
Rapgefl1	chr11	FALSE	FALSE
Ubash3b	chr9	FALSE	FALSE
Meig1	chr2	FALSE	TRUE
Prdm6	chr18	FALSE	FALSE
Mllt10	chr2	FALSE	TRUE
Faim	chr9	FALSE	TRUE
Hs1bp3	chr12	FALSE	TRUE
Snx14	chr9	FALSE	FALSE
Mbp	chr18	FALSE	TRUE
Sec14l5	chr16	FALSE	FALSE
Fam90a1b	chrX	FALSE	FALSE
Clrn1	chr3	FALSE	TRUE
Gldc	chr19	FALSE	FALSE
Prdm4	chr10	FALSE	TRUE
Mterf2	chr10	FALSE	TRUE
Lins1	chr7	FALSE	TRUE
C1qb	chr4	FALSE	TRUE
Nipal1	chr5	FALSE	FALSE
Gspt2	chrX	FALSE	TRUE
Cenpc1	chr5	FALSE	FALSE
Gpr156	chr16	FALSE	FALSE
Hao1	chr2	FALSE	TRUE
Fahd2a	chr2	FALSE	TRUE
Tmprss13	chr9	FALSE	TRUE
B3galt1	chr2	FALSE	TRUE
Bzw2	chr12	FALSE	TRUE
Ptges	chr2	FALSE	TRUE
Arhgap22	chr14	FALSE	FALSE
Fmod	chr1	FALSE	TRUE
Usp2	chr9	FALSE	FALSE
Pla2g2e	chr4	FALSE	FALSE
Axin2	chr11	FALSE	FALSE
Rhoq	chr17	FALSE	FALSE
Haao	chr17	FALSE	TRUE
Prxl2b	chr4	FALSE	FALSE
Apol8	chr15	FALSE	FALSE
Golim4	chr3	FALSE	TRUE
Slc30a8	chr15	FALSE	FALSE
Trmu	chr15	FALSE	TRUE
Cyld	chr8	FALSE	TRUE
Lyrm4	chr13	FALSE	TRUE
Alkal1	chr1	FALSE	FALSE
Gm4791	chr9	FALSE	TRUE
Aldoart2	chr12	FALSE	TRUE
Celsr3	chr9	FALSE	TRUE
Foxd4	chr19	FALSE	TRUE
Nos3	chr5	FALSE	TRUE
Srd5a1	chr13	FALSE	TRUE
Tub	chr7	FALSE	TRUE
Klrb1b	chr6	FALSE	TRUE
Ifnab	chr4	FALSE	TRUE
Acsl4	chrX	FALSE	TRUE
Lyzl4	chr9	FALSE	TRUE
Cfap299	chr5	FALSE	FALSE
Proc	chr18	FALSE	TRUE
Npnt	chr3	FALSE	FALSE
Srprb	chr9	FALSE	TRUE
Mmp21	chr7	FALSE	TRUE
Cyp2j5	chr4	FALSE	TRUE
Adra2b	chr2	FALSE	TRUE
Slc19a1	chr10	FALSE	TRUE
Crhr1	chr11	FALSE	FALSE
Slc33a1	chr3	FALSE	TRUE
Pon2	chr6	FALSE	FALSE
Sohlh1	chr2	FALSE	FALSE
Plb1	chr5	FALSE	TRUE
Cdk5rap2	chr4	FALSE	TRUE
Lhx8	chr3	FALSE	TRUE
Pgr	chr9	FALSE	FALSE
Mast4	chr13	FALSE	TRUE
Lrat	chr3	FALSE	FALSE
Armc1	chr3	FALSE	TRUE
Nup35	chr2	FALSE	TRUE
Mcu	chr10	FALSE	TRUE
Dnah10	chr5	FALSE	FALSE
Arhgef39	chr4	FALSE	TRUE
Gins2	chr8	FALSE	FALSE
Smim13	chr13	FALSE	TRUE
Synpo	chr18	FALSE	FALSE
Slc30a10	chr1	FALSE	FALSE
Erich1	chr8	FALSE	TRUE
Tafa1	chr6	FALSE	FALSE
Usp20	chr2	FALSE	FALSE
Rgr	chr14	FALSE	FALSE
Adpgk	chr9	FALSE	FALSE
Angpt2	chr8	FALSE	TRUE
Gm5485	chr16	FALSE	TRUE
Nfyb	chr10	FALSE	FALSE
Rhcg	chr7	FALSE	FALSE
Fbxo9	chr9	FALSE	TRUE
Olfml2a	chr2	FALSE	FALSE
Mtmr6	chr14	FALSE	TRUE
Zfp592	chr7	FALSE	TRUE
C1ql2	chr1	FALSE	TRUE
Slc26a10	chr10	FALSE	TRUE
Tcf7	chr11	FALSE	TRUE
Htr7	chr19	FALSE	FALSE
Terf1	chr1	FALSE	TRUE
Psma6	chr12	FALSE	TRUE
Zfp292	chr4	FALSE	TRUE
Hip1r	chr5	FALSE	TRUE
Gdf10	chr14	FALSE	FALSE
Tnfrsf11b	chr15	FALSE	FALSE
Sost	chr11	FALSE	FALSE
Gjd3	chr11	FALSE	FALSE
Npffr2	chr5	FALSE	FALSE
Fgfr1	chr8	FALSE	FALSE
Gramd4	chr15	FALSE	TRUE
Ptgir	chr7	FALSE	FALSE
Trpc3	chr3	FALSE	FALSE
Drd2	chr9	FALSE	TRUE
Fbxl21	chr13	FALSE	TRUE
Astl	chr2	FALSE	FALSE
Isg20	chr7	FALSE	FALSE
Akap13	chr7	FALSE	FALSE
Hspa9	chr18	FALSE	TRUE
Cdc123	chr2	FALSE	FALSE
Rhbdd1	chr1	FALSE	TRUE
Scaf4	chr16	FALSE	TRUE
Lss	chr10	FALSE	TRUE
Tnxb	chr17	FALSE	TRUE
Npc1	chr18	FALSE	FALSE
Mical1	chr10	FALSE	TRUE
Mpp2	chr11	FALSE	FALSE
Cln5	chr14	FALSE	TRUE
Zfp459	chr13	FALSE	TRUE
Usp10	chr8	FALSE	TRUE
Parm1	chr5	FALSE	FALSE
Prr18	chr17	FALSE	FALSE
Gda	chr19	FALSE	TRUE
Galk1	chr11	FALSE	FALSE
Strit1	chr3	FALSE	FALSE
Lman1	chr18	FALSE	TRUE
Cln8	chr8	FALSE	TRUE
Cfap99	chr5	FALSE	FALSE
Rgs10	chr7	FALSE	TRUE
B3glct	chr5	FALSE	FALSE
Gm960	chr19	FALSE	TRUE
Rgs8	chr1	FALSE	FALSE
Chrna3	chr9	FALSE	TRUE
Pin1	chr9	FALSE	FALSE
Tpra1	chr6	FALSE	FALSE
Wdr18	chr10	FALSE	TRUE
Klc4	chr17	FALSE	TRUE
Stra8	chr6	FALSE	FALSE
Atp1b1	chr1	FALSE	TRUE
Kif1a	chr1	FALSE	FALSE
Bbox1	chr2	FALSE	FALSE
Klhl38	chr15	FALSE	TRUE
Ngfr	chr11	FALSE	TRUE
St14	chr9	FALSE	TRUE
Prag1	chr8	FALSE	TRUE
Mchr1	chr15	FALSE	TRUE
Lemd1	chr1	FALSE	FALSE
Gpr146	chr5	FALSE	TRUE
Slc35b4	chr6	FALSE	TRUE
Asb13	chr13	FALSE	TRUE
Ckmt1	chr2	FALSE	TRUE
Col6a2	chr10	FALSE	FALSE
2510009E07Rik	chr16	FALSE	TRUE
Mrpl46	chr7	FALSE	FALSE
Shroom1	chr11	FALSE	FALSE
Matn3	chr12	FALSE	FALSE
Slc23a1	chr18	FALSE	TRUE
Best3	chr10	FALSE	FALSE
Eif5a2	chr3	FALSE	TRUE
Nucb2	chr7	FALSE	TRUE
Fam98b	chr2	FALSE	FALSE
Tex29	chr8	FALSE	FALSE
Adamts8	chr9	FALSE	TRUE
Myocd	chr11	FALSE	FALSE
Cmbl	chr15	FALSE	TRUE
Efhc1	chr1	FALSE	TRUE
Gucy1b1	chr3	FALSE	FALSE
Podxl2	chr6	FALSE	FALSE
Gsx2	chr5	FALSE	FALSE
Cldn23	chr8	FALSE	TRUE
Alox12b	chr11	FALSE	TRUE
Malt1	chr18	FALSE	FALSE
Dcaf7	chr11	FALSE	FALSE
Tm9sf4	chr2	FALSE	FALSE
Wnt16	chr6	FALSE	FALSE
Palmd	chr3	FALSE	FALSE
Khdrbs3	chr15	FALSE	TRUE
Rab8a	chr8	FALSE	FALSE
Gpr108	chr17	FALSE	TRUE
E2f3	chr13	FALSE	TRUE
Dbx2	chr15	FALSE	TRUE
Sppl2b	chr10	FALSE	TRUE
Spin4	chrX	FALSE	TRUE
Hmgb4	chr4	FALSE	TRUE
Bcl3	chr7	FALSE	FALSE
Tmem132d	chr5	FALSE	TRUE
Matn1	chr4	FALSE	TRUE
Nags	chr11	FALSE	TRUE
Acp6	chr3	FALSE	TRUE
Ccl1	chr11	FALSE	TRUE
Fbln1	chr15	FALSE	TRUE
Snrpf	chr10	FALSE	TRUE
Gramd1b	chr9	FALSE	FALSE
Sema3b	chr9	FALSE	FALSE
Cwc22	chr2	FALSE	TRUE
Clcnka	chr4	FALSE	TRUE
Amn	chr12	FALSE	TRUE
Chmp2b	chr16	FALSE	TRUE
Lhx4	chr1	FALSE	TRUE
Tapbp	chr17	FALSE	FALSE
Ddr2	chr1	FALSE	TRUE
Wasf1	chr10	FALSE	TRUE
Tuba1c	chr15	FALSE	TRUE
Slitrk5	chr14	FALSE	FALSE
Nlrc5	chr8	FALSE	TRUE
Irx6	chr8	FALSE	FALSE
Rftn1	chr17	FALSE	FALSE
Sgca	chr11	FALSE	TRUE
Kdsr	chr1	FALSE	TRUE
Bms1	chr6	FALSE	FALSE
Pctp	chr11	FALSE	TRUE
Cog6	chr3	FALSE	FALSE
Spred1	chr2	FALSE	TRUE
Psma1	chr7	FALSE	TRUE
Glrx5	chr12	FALSE	FALSE
Acsl1	chr8	FALSE	TRUE
Dcun1d4	chr5	FALSE	TRUE
Fam178b	chr1	FALSE	FALSE
S100b	chr10	FALSE	FALSE
Sall2	chr14	FALSE	FALSE
Glt28d2	chr3	FALSE	FALSE
Eps15	chr4	FALSE	TRUE
Gpr19	chr6	FALSE	TRUE
Pou2af1	chr9	FALSE	FALSE
Nefl	chr14	FALSE	FALSE
Epha1	chr6	FALSE	FALSE
Fam171b	chr2	FALSE	TRUE
Myl9	chr2	FALSE	TRUE
Anxa4	chr6	FALSE	FALSE
Dph6	chr2	FALSE	TRUE
Atad2	chr15	FALSE	TRUE
Inpp4a	chr1	FALSE	TRUE
Lmo2	chr2	FALSE	FALSE
Pnp2	chr14	FALSE	TRUE
Crybb1	chr5	FALSE	FALSE
Aipl1	chr11	FALSE	FALSE
Ptger3	chr3	FALSE	TRUE
Caap1	chr4	FALSE	TRUE
Sned1	chr1	FALSE	TRUE
Arhgef9	chrX	FALSE	TRUE
Rad54b	chr4	FALSE	TRUE
Wt1	chr2	FALSE	TRUE
Cd180	chr13	FALSE	FALSE
Tmeff1	chr4	FALSE	FALSE
Mid1ip1	chrX	FALSE	TRUE
Ccdc9b	chr2	FALSE	TRUE
Nat3	chr8	FALSE	TRUE
Plcd3	chr11	FALSE	FALSE
Spaca1	chr4	FALSE	TRUE
Trnp1	chr4	FALSE	FALSE
Stambpl1	chr19	FALSE	TRUE
Zfp92	chrX	FALSE	FALSE
Casd1	chr6	FALSE	TRUE
Lmnb2	chr10	FALSE	FALSE
Zbtb24	chr10	FALSE	FALSE
Bst1	chr5	FALSE	TRUE
Ralb	chr1	FALSE	FALSE
Neurl3	chr1	FALSE	FALSE
Slc2a3	chr6	FALSE	TRUE
Ak2	chr4	FALSE	FALSE
Atp6v1e2	chr17	FALSE	FALSE
Spata4	chr8	FALSE	TRUE
Eci2	chr13	FALSE	TRUE
Lor	chr3	FALSE	FALSE
Wwtr1	chr3	FALSE	FALSE
Azin1	chr15	FALSE	FALSE
Mast1	chr8	FALSE	FALSE
Kdr	chr5	FALSE	TRUE
Sftpc	chr14	FALSE	TRUE
Slc35b1	chr11	FALSE	TRUE
Akt1	chr12	FALSE	FALSE
Nudcd3	chr11	FALSE	TRUE
Mthfd2l	chr5	FALSE	TRUE
Tbc1d24	chr17	FALSE	FALSE
Cep131	chr11	FALSE	FALSE
Ints1	chr5	FALSE	TRUE
Shpk	chr11	FALSE	FALSE
Timp2	chr11	FALSE	TRUE
Zdhhc23	chr16	FALSE	TRUE
Irx1	chr13	FALSE	FALSE
Thumpd2	chr17	FALSE	TRUE
Mras	chr9	FALSE	FALSE
Bspry	chr4	FALSE	FALSE
Ttc28	chr5	FALSE	FALSE
Il15ra	chr2	FALSE	TRUE
Prrx2	chr2	FALSE	FALSE
Mrm1	chr11	FALSE	FALSE
Pou1f1	chr16	FALSE	TRUE
Nptxr	chr15	FALSE	TRUE
Rnf123	chr9	FALSE	TRUE
Enthd1	chr15	FALSE	FALSE
Dcaf13	chr15	FALSE	TRUE
Slc13a4	chr6	FALSE	TRUE
Sync	chr4	FALSE	FALSE
Grik4	chr9	FALSE	TRUE
4930590J08Rik	chr6	FALSE	FALSE
Gsx1	chr5	FALSE	TRUE
Foxp2	chr6	TRUE	FALSE
Ccdc59	chr10	FALSE	TRUE
Myl3	chr9	FALSE	TRUE
Gabpa	chr16	FALSE	TRUE
Vinac1	chr2	FALSE	FALSE
Pter	chr2	FALSE	FALSE
Cpeb2	chr5	FALSE	TRUE
Sipa1	chr19	FALSE	FALSE
Slc35f2	chr9	FALSE	TRUE
Hrh4	chr18	FALSE	TRUE
Rprd1b	chr2	FALSE	FALSE
Elovl3	chr19	FALSE	TRUE
Usp12	chr5	FALSE	FALSE
Tgfb2	chr1	FALSE	FALSE
Nod2	chr8	FALSE	FALSE
Rab40c	chr17	FALSE	FALSE
Cmtm3	chr8	FALSE	FALSE
Otud4	chr8	FALSE	FALSE
Naa11	chr5	FALSE	FALSE
Akr1cl	chr1	FALSE	FALSE
Ints8	chr4	FALSE	TRUE
Gfod1	chr13	FALSE	TRUE
9230112D13Rik	chr14	FALSE	TRUE
Ipmk	chr10	FALSE	TRUE
Slc30a1	chr1	FALSE	FALSE
Thnsl1	chr2	FALSE	TRUE
Eps8l2	chr7	FALSE	FALSE
C1qtnf3	chr15	FALSE	FALSE
Klhl25	chr7	FALSE	TRUE
Ddx59	chr1	FALSE	TRUE
Zdhhc25	chr15	FALSE	TRUE
Tcof1	chr18	FALSE	TRUE
Tamm41	chr6	FALSE	TRUE
Atp23	chr10	FALSE	TRUE
Rilp	chr11	FALSE	TRUE
Btc	chr5	FALSE	TRUE
Ahctf1	chr1	FALSE	TRUE
Necap2	chr4	FALSE	TRUE
Panx2	chr15	FALSE	FALSE
Rspo2	chr15	FALSE	FALSE
Wdfy1	chr1	FALSE	TRUE
Htra4	chr8	FALSE	FALSE
Dusp7	chr9	FALSE	FALSE
Arhgef15	chr11	FALSE	TRUE
Tom1l1	chr11	FALSE	FALSE
Ttc21b	chr2	FALSE	FALSE
Tmem221	chr8	FALSE	FALSE
Fam118a	chr15	FALSE	TRUE
Ccdc3	chr2	FALSE	FALSE
Traf5	chr1	FALSE	TRUE
Zcchc14	chr8	FALSE	FALSE
Katnal1	chr5	FALSE	TRUE
Htr2c	chrX	FALSE	FALSE
Nkx2-2	chr2	FALSE	TRUE
Thy1	chr9	FALSE	FALSE
A1bg	chr15	FALSE	TRUE
Stk32a	chr18	FALSE	FALSE
Cbln1	chr8	FALSE	TRUE
Itpka	chr2	FALSE	TRUE
Gtpbp3	chr8	FALSE	TRUE
Fut1	chr7	FALSE	FALSE
Smim23	chr11	FALSE	TRUE
Shisa9	chr16	FALSE	FALSE
Asic5	chr3	FALSE	TRUE
Ak8	chr2	FALSE	FALSE
Sgcb	chr5	FALSE	TRUE
Susd1	chr4	FALSE	FALSE
Cse1l	chr2	FALSE	TRUE
Klhl36	chr8	FALSE	FALSE
Cryge	chr1	FALSE	FALSE
Aldh1b1	chr4	FALSE	TRUE
Pcdhgc5	chr18	FALSE	FALSE
Gphb5	chr12	FALSE	FALSE
Plk4	chr3	FALSE	TRUE
Helb	chr10	FALSE	FALSE
Peli2	chr14	FALSE	FALSE
Foxg1	chr12	FALSE	TRUE
Ttc12	chr9	FALSE	FALSE
Dner	chr1	FALSE	FALSE
Gm8439	chr4	FALSE	FALSE
Klf9	chr19	FALSE	TRUE
Cdo1	chr18	FALSE	TRUE
Lcn10	chr2	FALSE	TRUE
Ifnlr1	chr4	FALSE	TRUE
Gpr55	chr1	FALSE	FALSE
Atp6ap1l	chr13	FALSE	FALSE
Cat	chr2	FALSE	TRUE
L1td1	chr4	FALSE	FALSE
Slc37a1	chr17	FALSE	FALSE
Hrh3	chr2	FALSE	TRUE
Strip2	chr6	FALSE	TRUE
Nrl	chr14	FALSE	FALSE
Fam53a	chr5	FALSE	TRUE
Prss56	chr1	FALSE	TRUE
Sec11c	chr18	FALSE	FALSE
4930544G11Rik	chr6	FALSE	FALSE
Cd248	chr19	FALSE	TRUE
Gad2	chr2	FALSE	FALSE
Cmtm8	chr9	FALSE	TRUE
Laptm5	chr4	FALSE	FALSE
Unc45a	chr7	FALSE	TRUE
Palm	chr10	FALSE	FALSE
Actl6a	chr3	FALSE	FALSE
Gprin1	chr13	FALSE	FALSE
Rab37	chr11	FALSE	TRUE
Glipr2	chr4	FALSE	FALSE
Lox	chr18	FALSE	FALSE
Wdr17	chr8	FALSE	TRUE
Pdlim1	chr19	FALSE	FALSE
Slc7a10	chr7	FALSE	TRUE
Tnpo2	chr8	FALSE	FALSE
Tbata	chr10	FALSE	TRUE
Hapln1	chr13	FALSE	FALSE
Eno2	chr6	FALSE	FALSE
Camkv	chr9	FALSE	TRUE
Thoc7	chr14	FALSE	TRUE
Tcp11	chr17	FALSE	FALSE
Csmd3	chr15	FALSE	TRUE
Mcub	chr3	FALSE	TRUE
Slc19a3	chr1	FALSE	TRUE
F2rl1	chr13	FALSE	FALSE
Napb	chr2	FALSE	TRUE
Zfp956	chr6	FALSE	TRUE
Gja8	chr3	FALSE	FALSE
Shf	chr2	FALSE	FALSE
Esrra	chr19	FALSE	FALSE
Skp2	chr15	FALSE	TRUE
Nuak2	chr1	FALSE	FALSE
Nlrc3	chr16	FALSE	FALSE
Galm	chr17	FALSE	FALSE
Klhdc4	chr8	FALSE	FALSE
Chd5	chr4	FALSE	FALSE
Alox5ap	chr5	FALSE	FALSE
Vopp1	chr6	FALSE	TRUE
Snn	chr16	FALSE	FALSE
Acot12	chr13	FALSE	TRUE
Mmaa	chr8	FALSE	TRUE
Asxl3	chr18	FALSE	TRUE
Lrrc75a	chr11	FALSE	TRUE
Vgf	chr5	FALSE	TRUE
Plcb1	chr2	FALSE	FALSE
Mtm1	chrX	FALSE	TRUE
Tfap2c	chr2	FALSE	TRUE
Ssh3	chr19	FALSE	FALSE
Hspb1	chr5	FALSE	TRUE
Nol4l	chr2	FALSE	TRUE
Cpsf4l	chr11	FALSE	FALSE
Ptbp2	chr3	FALSE	TRUE
Tbc1d16	chr11	FALSE	FALSE
Rad51ap2	chr12	FALSE	TRUE
R3hdm4	chr10	FALSE	TRUE
Rtraf	chr14	FALSE	TRUE
Pacsin2	chr15	FALSE	FALSE
Bub3	chr7	FALSE	FALSE
Sting1	chr18	FALSE	TRUE
Polr1a	chr6	FALSE	TRUE
Dusp15	chr2	FALSE	FALSE
Dhx29	chr13	FALSE	TRUE
Timm21	chr18	FALSE	FALSE
Tacstd2	chr6	FALSE	TRUE
L2hgdh	chr12	FALSE	TRUE
Stat1	chr1	FALSE	TRUE
Dscc1	chr15	FALSE	TRUE
Pgpep1l	chr7	FALSE	FALSE
Map3k12	chr15	FALSE	TRUE
Cdc42ep1	chr15	FALSE	TRUE
Cfap70	chr14	FALSE	TRUE
Arhgef1	chr7	FALSE	TRUE
Elmod1	chr9	FALSE	FALSE
Nmd3	chr3	FALSE	TRUE
Nr5a1	chr2	FALSE	TRUE
Adar	chr3	FALSE	FALSE
Slc25a51	chr4	FALSE	TRUE
Kcnj11	chr7	FALSE	TRUE
Peli1	chr11	FALSE	TRUE
Bik	chr15	FALSE	TRUE
Slc47a2	chr11	FALSE	TRUE
Sdf2l1	chr16	FALSE	TRUE
Pop1	chr15	FALSE	TRUE
Il6	chr5	FALSE	TRUE
Msi1	chr5	FALSE	FALSE
Arhgap6	chrX	FALSE	FALSE
Tsx	chrX	FALSE	FALSE
Mroh3	chr1	FALSE	FALSE
Mmp17	chr5	FALSE	TRUE
Tcf24	chr1	FALSE	FALSE
Msra	chr14	FALSE	TRUE
Ppp1r13l	chr7	FALSE	TRUE
Fam76b	chr9	FALSE	FALSE
Fstl5	chr3	FALSE	TRUE
Aldh1a2	chr9	FALSE	TRUE
Myl10	chr5	FALSE	TRUE
Smpx	chrX	FALSE	TRUE
Tnfrsf23	chr7	FALSE	FALSE
Bcl10	chr3	FALSE	TRUE
Nr2f1	chr13	FALSE	TRUE
Snta1	chr2	FALSE	FALSE
Mixl1	chr1	FALSE	TRUE
Gpr45	chr1	FALSE	TRUE
Tmem270	chr5	FALSE	FALSE
Slc44a2	chr9	FALSE	TRUE
Adamts7	chr9	FALSE	FALSE
Prxl2a	chr14	FALSE	FALSE
Kcnc4	chr3	FALSE	FALSE
Wnt11	chr7	FALSE	TRUE
Il3	chr11	FALSE	TRUE
Lca5	chr9	FALSE	TRUE
Lrp11	chr10	FALSE	TRUE
Helz2	chr2	FALSE	FALSE
Rap2c	chrX	FALSE	TRUE
Npepl1	chr2	FALSE	TRUE
Sdf4	chr4	FALSE	FALSE
Rbm11	chr16	FALSE	TRUE
Ncs1	chr2	FALSE	FALSE
N6amt1	chr16	FALSE	TRUE
Dhx37	chr5	FALSE	FALSE
Six4	chr12	FALSE	FALSE
Smyd3	chr1	FALSE	TRUE
4930583I09Rik	chr17	FALSE	TRUE
Stk17b	chr1	FALSE	FALSE
Fev	chr1	FALSE	TRUE
Cdc42ep3	chr17	FALSE	TRUE
Dhrs2	chr14	FALSE	TRUE
Spata3	chr1	FALSE	TRUE
Agr2	chr12	FALSE	FALSE
Slc26a6	chr9	FALSE	FALSE
Faim2	chr15	FALSE	TRUE
Map7d1	chr4	FALSE	FALSE
Coro6	chr11	FALSE	TRUE
Srl	chr16	FALSE	FALSE
Ang	chr14	FALSE	TRUE
Spata19	chr9	FALSE	FALSE
Fkrp	chr7	FALSE	FALSE
Tex15	chr8	FALSE	FALSE
Selenos	chr7	FALSE	TRUE
Ncan	chr8	FALSE	TRUE
Nepro	chr16	FALSE	TRUE
Synm	chr7	FALSE	TRUE
Tmem60	chr5	FALSE	FALSE
Arap3	chr18	FALSE	FALSE
Prok2	chr6	FALSE	FALSE
Bloc1s1	chr10	FALSE	TRUE
Cyp26c1	chr19	FALSE	TRUE
Man1a	chr10	FALSE	FALSE
Slc11a1	chr1	FALSE	TRUE
Tgfa	chr6	FALSE	TRUE
Dsg2	chr18	FALSE	TRUE
Mapk15	chr15	FALSE	TRUE
Uckl1	chr2	FALSE	FALSE
Fmo9	chr1	FALSE	TRUE
Tiprl	chr1	FALSE	TRUE
Apod	chr16	FALSE	FALSE
Lasp1	chr11	FALSE	TRUE
Gpr151	chr18	FALSE	FALSE
Arhgap29	chr3	FALSE	TRUE
Wdr27	chr17	FALSE	TRUE
Inpp5d	chr1	FALSE	FALSE
Pdhx	chr2	FALSE	TRUE
Rem1	chr2	FALSE	TRUE
Bcl7c	chr7	FALSE	FALSE
Trpc7	chr13	FALSE	FALSE
Prpf40b	chr15	FALSE	TRUE
Rxylt1	chr10	FALSE	FALSE
Ripply2	chr9	FALSE	TRUE
Pex2	chr3	FALSE	TRUE
Gpr35	chr1	FALSE	TRUE
Rdh10	chr1	FALSE	TRUE
Kcnj1	chr9	FALSE	FALSE
Sec23ip	chr7	FALSE	FALSE
Hps4	chr5	FALSE	FALSE
Mpc2	chr1	FALSE	TRUE
Pla1a	chr16	FALSE	TRUE
Nefh	chr11	FALSE	TRUE
Cadm4	chr7	FALSE	FALSE
Cdk18	chr1	FALSE	FALSE
Itgb2l	chr16	FALSE	TRUE
Tmem145	chr7	FALSE	FALSE
Spaca7	chr8	FALSE	FALSE
Gsdmd	chr15	FALSE	FALSE
Themis3	chr17	FALSE	TRUE
Smtn	chr11	FALSE	FALSE
Plekhg4	chr8	FALSE	FALSE
Efcab8	chr2	FALSE	FALSE
Mrap2	chr9	FALSE	TRUE
Mbip	chr12	FALSE	FALSE
Mapkapk3	chr9	FALSE	FALSE
Cyb5a	chr18	FALSE	TRUE
Lrg1	chr17	FALSE	TRUE
Sox7	chr14	FALSE	TRUE
Ap1g2	chr14	FALSE	FALSE
Nup153	chr13	FALSE	TRUE
Ttc21a	chr9	FALSE	TRUE
Irs2	chr8	FALSE	TRUE
Fpr2	chr17	FALSE	TRUE
Slco3a1	chr7	FALSE	FALSE
Kcnmb1	chr11	FALSE	FALSE
Adgre5	chr8	FALSE	FALSE
Mov10	chr3	FALSE	TRUE
Arhgap15	chr2	FALSE	TRUE
Chst5	chr8	FALSE	TRUE
Aqp1	chr6	FALSE	TRUE
Tsen2	chr6	FALSE	FALSE
Lgalsl	chr11	FALSE	FALSE
Zfp706	chr15	FALSE	TRUE
Megf8	chr7	FALSE	FALSE
Nprl3	chr11	FALSE	TRUE
Izumo1r	chr9	FALSE	TRUE
Kcnh6	chr11	FALSE	FALSE
Ampd3	chr7	FALSE	FALSE
Entpd7	chr19	FALSE	TRUE
Ifnb1	chr4	FALSE	FALSE
Prcp	chr7	FALSE	TRUE
Trpv4	chr5	FALSE	TRUE
Mettl15	chr2	FALSE	TRUE
Capn2	chr1	FALSE	TRUE
Sft2d2	chr1	FALSE	TRUE
Ccdc68	chr18	FALSE	FALSE
Calcrl	chr2	FALSE	TRUE
Epha6	chr16	FALSE	TRUE
Mapk4	chr18	FALSE	FALSE
Scaf11	chr15	FALSE	TRUE
Ptbp1	chr10	FALSE	TRUE
Actr3	chr1	FALSE	TRUE
Mfhas1	chr8	FALSE	FALSE
Kcnn1	chr8	FALSE	TRUE
Xirp1	chr9	FALSE	FALSE
B4galnt3	chr6	FALSE	FALSE
Cplx3	chr9	FALSE	TRUE
Grina	chr15	FALSE	FALSE
Rps4x	chrX	FALSE	FALSE
Isoc1	chr18	FALSE	TRUE
Cndp2	chr18	FALSE	TRUE
Efhd1	chr1	FALSE	TRUE
Fut9	chr4	TRUE	TRUE
Grik1	chr16	FALSE	FALSE
Krt79	chr15	FALSE	FALSE
Ankrd29	chr18	FALSE	TRUE
Psd2	chr18	FALSE	FALSE
Bmp7	chr2	FALSE	FALSE
Cyp26a1	chr19	FALSE	TRUE
Camk2n2	chr16	FALSE	FALSE
Srd5a2	chr17	FALSE	TRUE
Hdac7	chr15	FALSE	FALSE
Kcnk12	chr17	FALSE	FALSE
Alg2	chr4	FALSE	TRUE
Sult6b2	chr6	FALSE	FALSE
Rasa2	chr9	FALSE	TRUE
Gja4	chr4	FALSE	TRUE
Rasl10a	chr11	FALSE	FALSE
Tas1r2	chr4	FALSE	FALSE
Gpc2	chr5	FALSE	FALSE
Klrb1	chr6	FALSE	TRUE
Nmu	chr5	FALSE	FALSE
Hectd3	chr4	FALSE	TRUE
Septin8	chr11	FALSE	TRUE
St6galnac3	chr3	FALSE	FALSE
Wnt10b	chr15	FALSE	TRUE
Slc22a5	chr11	FALSE	FALSE
Scrt2	chr2	FALSE	FALSE
Ltb4r2	chr14	FALSE	FALSE
Stx16	chr2	FALSE	TRUE
Sh2d4a	chr8	FALSE	FALSE
Tas2r119	chr15	FALSE	FALSE
Myorg	chr4	FALSE	FALSE
Pth2	chr7	FALSE	FALSE
Ntf5	chr7	FALSE	TRUE
Heatr5a	chr12	FALSE	TRUE
Adgrg6	chr10	FALSE	FALSE
Neurog2	chr3	FALSE	TRUE
Chpf2	chr5	FALSE	TRUE
Ackr3	chr1	FALSE	TRUE
Xirp2	chr2	FALSE	TRUE
Ehd3	chr17	FALSE	TRUE
Smndc1	chr19	FALSE	TRUE
Acnat2	chr4	FALSE	TRUE
Lgi1	chr19	TRUE	TRUE
Cnnm1	chr19	FALSE	TRUE
Prr33	chr7	FALSE	FALSE
Zbtb17	chr4	FALSE	TRUE
Garem2	chr5	FALSE	FALSE
Fkbp4	chr6	FALSE	TRUE
H1f1	chr13	FALSE	TRUE
Kctd15	chr7	FALSE	TRUE
Duoxa2	chr2	FALSE	TRUE
Nipsnap3b	chr4	FALSE	TRUE
Pcdh12	chr18	FALSE	TRUE
Fkbp3	chr12	FALSE	TRUE
Mrps5	chr2	FALSE	TRUE
Noto	chr6	FALSE	FALSE
Col20a1	chr2	FALSE	TRUE
4931408C20Rik	chr1	FALSE	TRUE
Fxyd2	chr9	FALSE	FALSE
Cav3	chr6	FALSE	FALSE
Msc	chr1	FALSE	TRUE
Tmem170b	chr13	FALSE	TRUE
Tmcc2	chr1	FALSE	FALSE
Eif2a	chr3	FALSE	TRUE
Dimt1	chr13	FALSE	TRUE
Mpdz	chr4	FALSE	TRUE
Adam33	chr2	FALSE	FALSE
Slc22a17	chr14	FALSE	FALSE
Arhgef5	chr6	FALSE	FALSE
Rrbp1	chr2	FALSE	TRUE
Fam131a	chr16	FALSE	FALSE
Mpzl2	chr9	FALSE	TRUE
Cdx4	chrX	FALSE	FALSE
Cdc20b	chr13	FALSE	TRUE
Slc18a2	chr19	FALSE	TRUE
Slc12a4	chr8	FALSE	FALSE
Sntb1	chr15	FALSE	FALSE
Ipo13	chr4	FALSE	TRUE
Kcng1	chr2	FALSE	TRUE
C330018D20Rik	chr18	FALSE	TRUE
Stk11	chr10	FALSE	TRUE
Rnpepl1	chr1	FALSE	FALSE
2610318N02Rik	chr16	FALSE	FALSE
Gcg	chr2	FALSE	FALSE
Cd9	chr6	FALSE	TRUE
Ddx60	chr8	FALSE	FALSE
Cactin	chr10	FALSE	FALSE
Kcnd3	chr3	FALSE	FALSE
Tmem150a	chr6	FALSE	FALSE
Pkib	chr10	FALSE	TRUE
Tmem121b	chr6	FALSE	TRUE
Nnmt	chr9	FALSE	FALSE
Hcrtr1	chr4	FALSE	TRUE
Efcab11	chr12	FALSE	TRUE
Fgf2	chr3	FALSE	TRUE
Bcs1l	chr1	FALSE	FALSE
Utp14a	chrX	FALSE	TRUE
Gab1	chr8	FALSE	TRUE
Mrpl35	chr6	FALSE	FALSE
Ndrg2	chr14	FALSE	FALSE
Flna	chrX	FALSE	TRUE
Hepacam	chr9	FALSE	FALSE
Zfp637	chr6	FALSE	FALSE
Appl2	chr10	FALSE	TRUE
Tcaf2	chr6	FALSE	TRUE
Efna4	chr3	FALSE	FALSE
H4c4	chr13	FALSE	FALSE
Kcnn2	chr18	FALSE	TRUE
Plcl2	chr17	FALSE	TRUE
C8b	chr4	FALSE	FALSE
Meox1	chr11	FALSE	FALSE
1700001O22Rik	chr2	FALSE	FALSE
Prmt6	chr3	FALSE	FALSE
Lingo2	chr4	FALSE	FALSE
Smim20	chr5	FALSE	TRUE
Mfsd9	chr1	FALSE	TRUE
Mycn	chr12	FALSE	TRUE
Mustn1	chr14	FALSE	TRUE
Rab11fip2	chr19	FALSE	TRUE
Cyp27a1	chr1	FALSE	FALSE
Tom1	chr8	FALSE	TRUE
Tmem158	chr9	FALSE	FALSE
Hpdl	chr4	FALSE	TRUE
Kdm1b	chr13	FALSE	FALSE
Nxn	chr11	FALSE	FALSE
Dlg1	chr16	FALSE	TRUE
Gcnt4	chr13	FALSE	TRUE
Slc10a4	chr5	FALSE	FALSE
Uhrf2	chr19	FALSE	TRUE
Gapt	chr13	FALSE	FALSE
Jade1	chr3	FALSE	FALSE
Ap1ar	chr3	FALSE	TRUE
Fndc3b	chr3	FALSE	FALSE
1700018B08Rik	chr8	FALSE	TRUE
Adam15	chr3	FALSE	TRUE
Cnfn	chr7	FALSE	TRUE
Kif5b	chr18	FALSE	TRUE
Ptpn21	chr12	FALSE	TRUE
Txndc8	chr4	FALSE	TRUE
Nxf7	chrX	FALSE	FALSE
Itga4	chr2	FALSE	FALSE
Tmem132b	chr5	FALSE	FALSE
Glrx	chr13	FALSE	TRUE
Aldh6a1	chr12	FALSE	TRUE
Tmem151b	chr17	FALSE	TRUE
S1pr2	chr9	FALSE	FALSE
Pyy	chr11	FALSE	FALSE
Gm9507	chr10	FALSE	FALSE
Id2	chr12	FALSE	FALSE
Dcx	chrX	FALSE	TRUE
Slc31a2	chr4	FALSE	TRUE
Jup	chr11	FALSE	FALSE
Ctrb1	chr8	FALSE	TRUE
Ftcd	chr10	FALSE	FALSE
Mecom	chr3	FALSE	TRUE
Cerk	chr15	FALSE	FALSE
Traf3	chr12	FALSE	FALSE
Pttg1ip	chr10	FALSE	FALSE
Adgrl1	chr8	FALSE	TRUE
Sos1	chr17	FALSE	TRUE
Tas2r134	chr2	FALSE	TRUE
Yap1	chr9	FALSE	FALSE
Naf1	chr8	FALSE	TRUE
Cyp4v3	chr8	FALSE	FALSE
Git1	chr11	FALSE	FALSE
Prkd1	chr12	TRUE	TRUE
Abcd4	chr12	FALSE	FALSE
Parp14	chr16	FALSE	FALSE
Bcam	chr7	FALSE	TRUE
B3gnt5	chr16	FALSE	FALSE
Soga3	chr10	FALSE	TRUE
Plch2	chr4	FALSE	FALSE
Slc23a4	chr6	FALSE	FALSE
Acadl	chr1	FALSE	FALSE
2310009B15Rik	chr1	FALSE	TRUE
Luzp2	chr7	FALSE	TRUE
Bmt2	chr6	FALSE	TRUE
Vdac1	chr11	FALSE	FALSE
Lpcat1	chr13	FALSE	TRUE
Tmprss3	chr17	FALSE	FALSE
Ticrr	chr7	FALSE	FALSE
Evx1	chr6	FALSE	TRUE
Primpol	chr8	FALSE	TRUE
Mettl21a	chr1	FALSE	TRUE
Pld2	chr11	FALSE	FALSE
Rnd2	chr11	FALSE	FALSE
Nfu1	chr6	FALSE	TRUE
Mapk11	chr15	FALSE	FALSE
Ggt5	chr10	FALSE	FALSE
Slc4a3	chr1	FALSE	TRUE
Gcnt1	chr19	FALSE	FALSE
Nfatc4	chr14	FALSE	TRUE
Slc4a11	chr2	FALSE	FALSE
Fgf13	chrX	FALSE	FALSE
Gcdh	chr8	FALSE	TRUE
Ano2	chr6	FALSE	TRUE
Steap2	chr5	FALSE	TRUE
Stil	chr4	FALSE	TRUE
Insyn2a	chr7	FALSE	FALSE
Ryr3	chr2	FALSE	TRUE
AA986860	chr1	FALSE	TRUE
Pygb	chr2	FALSE	TRUE
Cadm3	chr1	FALSE	TRUE
Net1	chr13	FALSE	TRUE
Zp1	chr19	FALSE	FALSE
Matn2	chr15	FALSE	FALSE
Ndufa10	chr1	FALSE	FALSE
Stac	chr9	FALSE	FALSE
Fhl3	chr4	FALSE	FALSE
Rax	chr18	FALSE	FALSE
Fosb	chr7	FALSE	TRUE
Rbm4b	chr19	FALSE	TRUE
Ak4	chr4	FALSE	FALSE
Ppfia4	chr1	FALSE	FALSE
Wdr3	chr3	FALSE	TRUE
Tle2	chr10	FALSE	TRUE
Utp14b	chr1	FALSE	TRUE
Gnpda1	chr18	FALSE	TRUE
Bag1	chr4	FALSE	TRUE
Ebf3	chr7	FALSE	TRUE
Zfp593	chr4	FALSE	FALSE
H2bc14	chr13	FALSE	TRUE
Cxcl1	chr5	FALSE	FALSE
B3galnt1	chr3	FALSE	FALSE
Hmx1	chr5	FALSE	TRUE
Ankrd40	chr11	FALSE	TRUE
Usp1	chr4	FALSE	TRUE
Siglec15	chr18	FALSE	FALSE
Srms	chr2	FALSE	TRUE
Isl1	chr13	FALSE	TRUE
Mkks	chr2	FALSE	TRUE
Gabra5	chr7	FALSE	FALSE
Cdh17	chr4	FALSE	FALSE
Acsbg1	chr9	FALSE	FALSE
Kbtbd8	chr6	FALSE	FALSE
Ugdh	chr5	FALSE	FALSE
Tlr9	chr9	FALSE	FALSE
Ly6h	chr15	FALSE	TRUE
Eloc	chr1	FALSE	TRUE
Fam43b	chr4	FALSE	TRUE
Lpl	chr8	FALSE	FALSE
Pax1	chr2	FALSE	TRUE
Gck	chr11	FALSE	FALSE
Eva1a	chr6	FALSE	FALSE
Hbegf	chr18	FALSE	TRUE
Dbi	chr1	FALSE	TRUE
Gfi1	chr5	FALSE	TRUE
Hmox1	chr8	FALSE	FALSE
Slc41a1	chr1	FALSE	TRUE
Adora2a	chr10	FALSE	TRUE
C1qtnf4	chr2	FALSE	FALSE
Hapln2	chr3	FALSE	FALSE
Dock11	chrX	FALSE	FALSE
Marchf11	chr15	FALSE	TRUE
Mfsd2a	chr4	FALSE	TRUE
Raly	chr2	FALSE	FALSE
Dennd2a	chr6	FALSE	FALSE
Ubxn2b	chr4	FALSE	TRUE
Gsg1	chr6	FALSE	FALSE
Ep300	chr15	FALSE	TRUE
Calu	chr6	FALSE	TRUE
Grm2	chr9	FALSE	FALSE
Sema4a	chr3	FALSE	FALSE
Inpp5k	chr11	FALSE	FALSE
Jpt1	chr11	FALSE	TRUE
Fam43a	chr16	FALSE	FALSE
Nobox	chr6	FALSE	TRUE
Loxl4	chr19	FALSE	FALSE
Ecrg4	chr1	FALSE	TRUE
Extl1	chr4	FALSE	TRUE
Ccdc183	chr2	FALSE	FALSE
Hcrtr2	chr9	FALSE	FALSE
Pkp4	chr2	FALSE	TRUE
Irf8	chr8	FALSE	TRUE
Rabif	chr1	FALSE	FALSE
Cox4i2	chr2	FALSE	FALSE
Acaa2	chr18	FALSE	TRUE
Dnajc4	chr19	FALSE	TRUE
A530016L24Rik	chr12	FALSE	TRUE
Adamts20	chr15	FALSE	FALSE
Il12b	chr11	FALSE	FALSE
Npr3	chr15	FALSE	FALSE
Chodl	chr16	FALSE	TRUE
Rgs14	chr13	FALSE	FALSE
Adap1	chr5	FALSE	FALSE
Katnb1	chr8	FALSE	TRUE
Plekhb1	chr7	FALSE	FALSE
Slc34a2	chr5	FALSE	FALSE
Dad1	chr14	FALSE	FALSE
Abracl	chr10	FALSE	TRUE
Depdc1a	chr3	FALSE	TRUE
Ctla4	chr1	FALSE	TRUE
Bmf	chr2	FALSE	TRUE
Cnnm3	chr1	FALSE	FALSE
Tpm1	chr9	FALSE	FALSE
Pign	chr1	FALSE	TRUE
Asic1	chr15	FALSE	FALSE
Tead4	chr6	FALSE	FALSE
Bicdl2	chr17	FALSE	FALSE
Mon1b	chr8	FALSE	FALSE
Lamp5	chr2	FALSE	FALSE
Pigk	chr3	FALSE	FALSE
Tm9sf3	chr19	FALSE	FALSE
Smim31	chr8	FALSE	FALSE
Blcap	chr2	FALSE	FALSE
Zfp64	chr2	FALSE	FALSE
Dnah2	chr11	FALSE	TRUE
Mapk8ip1	chr2	FALSE	TRUE
Mfap3l	chr8	FALSE	TRUE
Lgals12	chr19	FALSE	FALSE
Celsr2	chr3	FALSE	FALSE
Usp6nl	chr2	FALSE	TRUE
Exoc3	chr13	FALSE	FALSE
Erich6	chr3	FALSE	TRUE
Dand5	chr8	FALSE	FALSE
Slc39a5	chr10	FALSE	FALSE
Cdh5	chr8	FALSE	FALSE
Nog	chr11	FALSE	TRUE
Ermn	chr2	FALSE	TRUE
Tmc8	chr11	FALSE	TRUE
G3bp1	chr11	FALSE	FALSE
Bend4	chr5	FALSE	FALSE
Fa2h	chr8	FALSE	TRUE
Tm4sf4	chr3	FALSE	FALSE
Abca1	chr4	FALSE	TRUE
Txn1	chr4	FALSE	TRUE
Foxj2	chr6	FALSE	TRUE
Cpn2	chr16	FALSE	TRUE
Ifrd1	chr12	FALSE	TRUE
Comtd1	chr14	FALSE	TRUE
Tada1	chr1	FALSE	TRUE
Tac4	chr11	FALSE	TRUE
Cx3cl1	chr8	FALSE	FALSE
Cyp2d26	chr15	FALSE	FALSE
Gpr83	chr9	FALSE	FALSE
Atf7ip	chr6	FALSE	TRUE
Tmem18	chr12	FALSE	TRUE
Fam50b	chr13	FALSE	FALSE
Degs2	chr12	FALSE	TRUE
Hsd11b2	chr8	FALSE	FALSE
St3gal2	chr8	FALSE	FALSE
Stac2	chr11	FALSE	TRUE
Nufip1	chr14	FALSE	TRUE
Castor1	chr11	FALSE	TRUE
Angptl7	chr4	FALSE	TRUE
Arhgdig	chr17	FALSE	TRUE
Acox2	chr14	FALSE	FALSE
Mpz	chr1	FALSE	FALSE
Irf5	chr6	FALSE	TRUE
Pdyn	chr2	FALSE	FALSE
Tuba8	chr6	FALSE	TRUE
Hnf1b	chr11	FALSE	TRUE
Habp4	chr13	FALSE	FALSE
Phgr1	chr2	FALSE	TRUE
Ctsh	chr9	FALSE	TRUE
Ctdspl	chr9	FALSE	FALSE
Slc25a22	chr7	FALSE	FALSE
Cdh3	chr8	FALSE	FALSE
Smg9	chr7	FALSE	FALSE
Sulf1	chr1	FALSE	FALSE
Arid5a	chr1	FALSE	FALSE
Zfp663	chr2	FALSE	FALSE
Gys1	chr7	FALSE	FALSE
Nod1	chr6	FALSE	FALSE
Pex1	chr5	FALSE	TRUE
Csrp1	chr1	FALSE	FALSE
Bivm	chr1	FALSE	TRUE
Ptpdc1	chr13	FALSE	TRUE
Npas1	chr7	FALSE	TRUE
Casq2	chr3	FALSE	FALSE
Vwc2	chr11	FALSE	FALSE
Aig1	chr10	FALSE	TRUE
Eef2kmt	chr16	FALSE	FALSE
5530401A14Rik	chr11	FALSE	FALSE
Oard1	chr17	FALSE	FALSE
Cyp11a1	chr9	FALSE	FALSE
Egr2	chr10	FALSE	FALSE
Bbs7	chr3	FALSE	TRUE
Tspyl2	chrX	FALSE	TRUE
Rad9b	chr5	FALSE	FALSE
Tbc1d22a	chr15	FALSE	TRUE
Lnpep	chr17	FALSE	TRUE
Minpp1	chr19	FALSE	FALSE
Top2b	chr14	FALSE	TRUE
Sdcbp2	chr2	FALSE	TRUE
Eps8l3	chr3	FALSE	FALSE
Irak3	chr10	FALSE	FALSE
Kcnj12	chr11	FALSE	FALSE
Cyp1b1	chr17	FALSE	TRUE
Cacng4	chr11	FALSE	TRUE
Hes7	chr11	FALSE	TRUE
Ap5z1	chr5	FALSE	FALSE
D6Ertd527e	chr6	FALSE	FALSE
Vamp4	chr1	FALSE	TRUE
Nek6	chr2	FALSE	TRUE
Hs3st4	chr7	FALSE	FALSE
Sall3	chr18	FALSE	TRUE
Tnfaip2	chr12	FALSE	TRUE
Suclg1	chr6	FALSE	FALSE
Slc11a2	chr15	FALSE	TRUE
Tank	chr2	FALSE	TRUE
Il17b	chr18	FALSE	FALSE
Clvs2	chr10	FALSE	TRUE
Haus4	chr14	FALSE	TRUE
S1pr1	chr3	FALSE	FALSE
Ttll1	chr15	FALSE	FALSE
Rspo1	chr4	FALSE	TRUE
Abhd14b	chr9	FALSE	FALSE
Tyrp1	chr4	FALSE	TRUE
Napg	chr18	FALSE	TRUE
Rasl11b	chr5	FALSE	TRUE
Chit1	chr1	FALSE	FALSE
Slc30a4	chr2	FALSE	TRUE
Fndc3a	chr14	FALSE	TRUE
Cavin2	chr1	FALSE	TRUE
Zfp267	chr3	FALSE	TRUE
Rita1	chr5	FALSE	TRUE
Fem1al	chr11	FALSE	FALSE
Eif4e2	chr1	FALSE	FALSE
Atoh1	chr6	FALSE	TRUE
Ntrk1	chr3	FALSE	TRUE
Eno4	chr19	FALSE	TRUE
Gpr157	chr4	FALSE	FALSE
Mcm5	chr8	FALSE	TRUE
Shisal2b	chr13	FALSE	FALSE
Txnip	chr3	FALSE	TRUE
Clu	chr14	FALSE	TRUE
Eif2b2	chr12	FALSE	FALSE
Slc46a2	chr4	FALSE	FALSE
Jag1	chr2	FALSE	TRUE
Tnfrsf21	chr17	FALSE	FALSE
Pigr	chr1	FALSE	FALSE
Ubn1	chr16	FALSE	TRUE
Cxcl5	chr5	FALSE	TRUE
Rubcnl	chr14	FALSE	FALSE
Tmem94	chr11	FALSE	FALSE
Tmem220	chr11	FALSE	TRUE
Ccdc186	chr19	FALSE	TRUE
Cmpk2	chr12	FALSE	TRUE
Tfdp1	chr8	FALSE	TRUE
Armc9	chr1	FALSE	TRUE
Gpr88	chr3	FALSE	TRUE
Togaram1	chr12	FALSE	TRUE
Gnmt	chr17	FALSE	FALSE
Aspg	chr12	FALSE	TRUE
Nat8	chr6	FALSE	TRUE
Ankrd28	chr14	FALSE	TRUE
Lypd1	chr1	FALSE	TRUE
Abcc3	chr11	FALSE	FALSE
E2f8	chr7	FALSE	FALSE
Arl6	chr16	FALSE	TRUE
Nudt6	chr3	FALSE	TRUE
Necab3	chr2	FALSE	TRUE
Pebp4	chr14	FALSE	FALSE
Tapt1	chr5	FALSE	TRUE
Ccdc106	chr7	FALSE	TRUE
Bmp8a	chr4	FALSE	TRUE
Kcne1	chr16	FALSE	FALSE
Dse	chr10	FALSE	TRUE
Nhlrc1	chr13	FALSE	TRUE
Dct	chr14	FALSE	TRUE
Igf1	chr10	FALSE	TRUE
Abcb6	chr1	FALSE	FALSE
Ltbp1	chr17	FALSE	TRUE
Ankrd2	chr19	FALSE	FALSE
Thtpa	chr14	FALSE	FALSE
Kcnj5	chr9	FALSE	FALSE
Metap2	chr10	FALSE	FALSE
Tinagl1	chr4	FALSE	TRUE
Zfp687	chr3	FALSE	FALSE
Zfp36	chr7	FALSE	FALSE
Gcat	chr15	FALSE	TRUE
Chst14	chr2	FALSE	FALSE
Tmem72	chr6	FALSE	TRUE
Hs3st6	chr17	FALSE	TRUE
Trim66	chr7	FALSE	TRUE
Epcam	chr17	FALSE	TRUE
Trim52	chr14	FALSE	TRUE
Zfp937	chr2	FALSE	TRUE
Ypel5	chr17	FALSE	FALSE
Nsmce1	chr7	FALSE	FALSE
Esrp1	chr4	FALSE	TRUE
Mxra7	chr11	FALSE	TRUE
Hbq1a	chr11	FALSE	FALSE
Actc1	chr2	FALSE	FALSE
Rab43	chr6	FALSE	TRUE
Ahrr	chr13	FALSE	TRUE
Cdr2l	chr11	FALSE	TRUE
Nexn	chr3	FALSE	FALSE
Serpina3n	chr12	FALSE	FALSE
Cdcp2	chr4	FALSE	TRUE
Prob1	chr18	FALSE	TRUE
Top1mt	chr15	FALSE	FALSE
Otop3	chr11	FALSE	FALSE
Atoh7	chr10	FALSE	TRUE
Arf1	chr11	FALSE	FALSE
Cplx4	chr18	FALSE	FALSE
Ccdc80	chr16	FALSE	TRUE
Arsb	chr13	FALSE	TRUE
Gp9	chr6	FALSE	FALSE
Carlr	chr2	FALSE	FALSE
Dpf3	chr12	FALSE	FALSE
Dyrk3	chr1	FALSE	TRUE
Inhba	chr13	FALSE	TRUE
Tnip2	chr5	FALSE	FALSE
Spint1	chr2	FALSE	TRUE
Zfat	chr15	FALSE	TRUE
Rac3	chr11	FALSE	TRUE
Dtl	chr1	FALSE	TRUE
Tns3	chr11	FALSE	TRUE
Igfn1	chr1	FALSE	FALSE
Tdrd3	chr14	FALSE	FALSE
Qsox2	chr2	FALSE	TRUE
Tmem35a	chrX	FALSE	TRUE
Ect2	chr3	FALSE	TRUE
Npy4r	chr14	FALSE	TRUE
Lmntd2	chr7	FALSE	FALSE
Dlx3	chr11	FALSE	TRUE
Akap11	chr14	FALSE	TRUE
Elac2	chr11	FALSE	FALSE
Abca7	chr10	FALSE	TRUE
Dusp9	chrX	FALSE	TRUE
Npas4	chr19	FALSE	FALSE
Rtn4rl2	chr2	FALSE	FALSE
Zfp750	chr11	FALSE	FALSE
Map3k7cl	chr16	FALSE	TRUE
Tppp	chr13	FALSE	TRUE
Dlx5	chr6	FALSE	TRUE
Gipc2	chr3	FALSE	TRUE
1700029H14Rik	chr8	FALSE	TRUE
Eya4	chr10	FALSE	FALSE
Erlin2	chr8	FALSE	TRUE
Pdzrn3	chr6	FALSE	FALSE
Lpcat2	chr8	FALSE	FALSE
Piezo2	chr18	FALSE	FALSE
Phldb3	chr7	FALSE	TRUE
Tifa	chr3	FALSE	FALSE
Tbc1d4	chr14	FALSE	TRUE
Utrn	chr10	FALSE	TRUE
Smim10l1	chr6	FALSE	TRUE
Frk	chr10	FALSE	TRUE
Krt72	chr15	FALSE	TRUE
Flrt2	chr12	FALSE	TRUE
Dusp23	chr1	FALSE	FALSE
Carmil3	chr14	FALSE	TRUE
Dnajb5	chr4	FALSE	TRUE
Lipe	chr7	FALSE	TRUE
Emx1	chr6	FALSE	TRUE
Tst	chr15	FALSE	TRUE
Tmprss15	chr16	FALSE	TRUE
Ltc4s	chr11	FALSE	TRUE
4933407L21Rik	chr1	FALSE	FALSE
Sctr	chr1	FALSE	FALSE
Tlr3	chr8	FALSE	TRUE
Kcna6	chr6	FALSE	FALSE
Gpr3	chr4	FALSE	FALSE
Osgin1	chr8	FALSE	FALSE
Gpr179	chr11	FALSE	FALSE
Med26	chr8	FALSE	TRUE
Gfpt2	chr11	FALSE	FALSE
Lbh	chr17	FALSE	TRUE
Gng10	chr4	FALSE	TRUE
Reg3g	chr6	FALSE	TRUE
Plpp1	chr13	FALSE	TRUE
BC024139	chr15	FALSE	FALSE
Cacng1	chr11	FALSE	FALSE
Sulf2	chr2	TRUE	FALSE
Arhgap9	chr10	FALSE	TRUE
Plbd1	chr6	FALSE	FALSE
Zdhhc13	chr7	FALSE	TRUE
Sucnr1	chr3	FALSE	TRUE
Krt78	chr15	FALSE	FALSE
Slc16a1	chr3	FALSE	TRUE
Ccnyl1	chr1	FALSE	TRUE
Kcns2	chr15	FALSE	TRUE
Acot5	chr12	FALSE	FALSE
Fam174b	chr7	FALSE	TRUE
Alcam	chr16	TRUE	TRUE
Reep6	chr10	FALSE	FALSE
Gata5	chr2	FALSE	TRUE
Crybg2	chr4	FALSE	TRUE
Mmp11	chr10	FALSE	FALSE
Ereg	chr5	FALSE	TRUE
Utp18	chr11	FALSE	FALSE
Itgb3	chr11	FALSE	TRUE
Kank4	chr4	FALSE	TRUE
Syde2	chr3	FALSE	FALSE
Calhm2	chr19	FALSE	FALSE
Sel1l	chr12	FALSE	FALSE
Hspb3	chr13	FALSE	FALSE
Pllp	chr8	FALSE	FALSE
Hacd1	chr2	FALSE	TRUE
Cavin1	chr11	FALSE	TRUE
Kctd11	chr11	FALSE	TRUE
Olig3	chr10	FALSE	FALSE
Rxfp3	chr15	FALSE	TRUE
Atp1a2	chr1	FALSE	TRUE
Irf6	chr1	FALSE	FALSE
Prpf38b	chr3	FALSE	TRUE
Cfap58	chr19	FALSE	FALSE
Cdyl	chr13	FALSE	TRUE
Tlr5	chr1	FALSE	FALSE
Parp1	chr1	FALSE	TRUE
Twsg1	chr17	FALSE	TRUE
Gprc5c	chr11	FALSE	FALSE
Srxn1	chr2	FALSE	FALSE
Ranbp3	chr17	FALSE	TRUE
Dbndd1	chr8	FALSE	TRUE
Slc9b2	chr3	FALSE	FALSE
Psrc1	chr3	FALSE	FALSE
Pik3r4	chr9	FALSE	FALSE
Rnf215	chr11	FALSE	FALSE
Jun	chr4	FALSE	FALSE
Nsg1	chr5	FALSE	TRUE
Tmem161a	chr8	FALSE	FALSE
Gng5	chr3	FALSE	TRUE
Apaf1	chr10	FALSE	TRUE
Pnma3	chrX	FALSE	TRUE
Msrb2	chr2	FALSE	TRUE
Vrk2	chr11	FALSE	FALSE
Efna3	chr3	FALSE	TRUE
Ccno	chr13	FALSE	FALSE
Eef2k	chr7	FALSE	FALSE
Cdkn2a	chr4	FALSE	FALSE
Trip13	chr13	FALSE	TRUE
Grpel2	chr18	FALSE	TRUE
Ccdc97	chr7	FALSE	FALSE
Pnkd	chr1	FALSE	FALSE
Smg5	chr3	FALSE	TRUE
Dgka	chr10	FALSE	TRUE
Tslp	chr18	FALSE	FALSE
Ptbp3	chr4	FALSE	TRUE
Grm5	chr7	FALSE	FALSE
Ces2h	chr8	FALSE	FALSE
Angel2	chr1	FALSE	TRUE
Gjb2	chr14	FALSE	TRUE
Sall4	chr2	FALSE	TRUE
Tafa3	chr3	FALSE	TRUE
Ifnar1	chr16	FALSE	TRUE
Ascl4	chr10	FALSE	TRUE
Tmbim1	chr1	FALSE	TRUE
Met	chr6	FALSE	TRUE
Spag4	chr2	FALSE	FALSE
Tssk3	chr4	FALSE	FALSE
Crtac1	chr19	FALSE	TRUE
Bag2	chr1	FALSE	TRUE
Gpt2	chr8	FALSE	FALSE
Cnmd	chr14	FALSE	TRUE
Bpifa2	chr2	FALSE	FALSE
Cpeb4	chr11	FALSE	TRUE
Hk3	chr13	FALSE	FALSE
Frmd3	chr4	FALSE	TRUE
Plcxd2	chr16	FALSE	TRUE
Nutf2	chr8	FALSE	TRUE
Enpp1	chr10	FALSE	FALSE
Rab15	chr12	FALSE	TRUE
Sgk1	chr10	FALSE	TRUE
Pim3	chr15	FALSE	FALSE
Wdtc1	chr4	FALSE	FALSE
Dhx40	chr11	FALSE	TRUE
Dpysl4	chr7	FALSE	TRUE
Aadat	chr8	FALSE	TRUE
2310011J03Rik	chr10	FALSE	TRUE
Ddx27	chr2	FALSE	FALSE
Mex3c	chr18	FALSE	FALSE
Tmem183a	chr1	FALSE	FALSE
Dnmt3b	chr2	FALSE	TRUE
Chsy1	chr7	FALSE	FALSE
Slurp2	chr15	FALSE	FALSE
Nt5c1b	chr12	FALSE	FALSE
Hsd11b1	chr1	FALSE	FALSE
Scamp1	chr13	FALSE	TRUE
Bcl9l	chr9	FALSE	FALSE
Ldb3	chr14	FALSE	FALSE
Sema4f	chr6	FALSE	FALSE
Fbxo43	chr15	FALSE	TRUE
Pkdrej	chr15	FALSE	FALSE
Amer1	chrX	FALSE	TRUE
Ajap1	chr4	FALSE	TRUE
Engase	chr11	FALSE	FALSE
Cwh43	chr5	FALSE	FALSE
Tgm1	chr14	FALSE	TRUE
Prelid2	chr18	FALSE	FALSE
Tmem222	chr4	FALSE	FALSE
Car2	chr3	FALSE	TRUE
Cd63	chr10	FALSE	FALSE
Tmem37	chr1	FALSE	FALSE
Lypd3	chr7	FALSE	TRUE
Atp1b3	chr9	FALSE	TRUE
Hoxb9	chr11	FALSE	TRUE
Ogt	chrX	FALSE	FALSE
Krt90	chr15	FALSE	FALSE
Kcne4	chr1	FALSE	FALSE
Gas2l3	chr10	FALSE	FALSE
Twist2	chr1	FALSE	FALSE
Mtch1	chr17	FALSE	TRUE
Adamts15	chr9	FALSE	TRUE
Ccdc102a	chr8	FALSE	FALSE
Il10rb	chr16	FALSE	TRUE
Sptssa	chr12	FALSE	TRUE
Ppat	chr5	FALSE	TRUE
Rtn4r	chr16	FALSE	TRUE
Sdhaf3	chr6	FALSE	TRUE
Slc4a1	chr11	FALSE	TRUE
Tle6	chr10	FALSE	FALSE
Gm3383	chr14	FALSE	TRUE
Rfesd	chr13	FALSE	TRUE
Fam110b	chr4	FALSE	FALSE
Maoa	chrX	FALSE	TRUE
Phgdh	chr3	FALSE	FALSE
Grem1	chr2	FALSE	TRUE
Nus1	chr10	FALSE	TRUE
Idua	chr5	FALSE	TRUE
Gpr27	chr6	FALSE	TRUE
Gm5460	chr14	FALSE	FALSE
Tkt	chr14	FALSE	TRUE
Sidt2	chr9	FALSE	TRUE
Hpf1	chr8	FALSE	TRUE
Ccdc126	chr6	FALSE	TRUE
Hspa12b	chr2	FALSE	FALSE
Elfn2	chr15	FALSE	FALSE
Bean1	chr8	FALSE	FALSE
Ro60	chr1	FALSE	TRUE
Fbn2	chr18	FALSE	TRUE
Nhlh2	chr3	TRUE	TRUE
Ctnnb1	chr9	FALSE	TRUE
Ankrd7	chr6	FALSE	TRUE
Gpsm1	chr2	FALSE	FALSE
Traf3ip2	chr10	FALSE	FALSE
Inpp5j	chr11	FALSE	FALSE
Henmt1	chr3	FALSE	TRUE
Prlhr	chr19	FALSE	FALSE
Aga	chr8	FALSE	TRUE
Kiss1r	chr10	FALSE	TRUE
Gng2	chr14	FALSE	TRUE
Lancl1	chr1	FALSE	TRUE
Smad9	chr3	FALSE	TRUE
Vamp8	chr6	FALSE	TRUE
Pla2g4d	chr2	FALSE	TRUE
Trim16	chr11	FALSE	FALSE
Armcx4	chrX	FALSE	TRUE
Spdef	chr17	FALSE	FALSE
Cdkn2d	chr9	FALSE	FALSE
Rbm4	chr19	FALSE	TRUE
Ntsr2	chr12	FALSE	FALSE
Dbf4	chr5	FALSE	TRUE
Dcaf11	chr14	FALSE	TRUE
Iffo1	chr6	FALSE	FALSE
Tcf15	chr2	FALSE	FALSE
Wdr1	chr5	FALSE	FALSE
Tc2n	chr12	FALSE	TRUE
Cyp51	chr5	FALSE	TRUE
Slc7a4	chr16	FALSE	FALSE
Gpr137	chr19	FALSE	TRUE
Nr2f6	chr8	FALSE	TRUE
Tnfsf13b	chr8	FALSE	TRUE
Ppp1r3c	chr19	FALSE	FALSE
Prrg4	chr2	FALSE	FALSE
Paqr3	chr5	FALSE	FALSE
Tmem106c	chr15	FALSE	FALSE
Tnfrsf1a	chr6	FALSE	FALSE
Des	chr1	FALSE	FALSE
Rflnb	chr11	FALSE	FALSE
Myl12b	chr17	FALSE	FALSE
Tsga10	chr1	FALSE	TRUE
Ptpa	chr2	FALSE	FALSE
Pdp1	chr4	FALSE	TRUE
Gc	chr5	FALSE	TRUE
Inhbb	chr1	FALSE	TRUE
Fads2	chr19	FALSE	FALSE
Wnt8a	chr18	FALSE	FALSE
Doc2a	chr7	FALSE	TRUE
Mgst3	chr1	FALSE	TRUE
Atp6v1b1	chr6	FALSE	FALSE
Inafm2	chr2	FALSE	TRUE
Lrrc9	chr12	FALSE	FALSE
F11	chr8	FALSE	FALSE
Cyp46a1	chr12	FALSE	FALSE
Map9	chr3	FALSE	TRUE
Cpne4	chr9	FALSE	FALSE
Selenoi	chr5	FALSE	TRUE
Ttc24	chr3	FALSE	FALSE
Sema3d	chr5	FALSE	TRUE
Styk1	chr6	FALSE	FALSE
Rin1	chr19	FALSE	FALSE
Cyp8b1	chr9	FALSE	FALSE
Aqp2	chr15	FALSE	FALSE
Ccne2	chr4	FALSE	TRUE
Rb1cc1	chr1	FALSE	FALSE
Abcb1a	chr5	FALSE	TRUE
Imp4	chr1	FALSE	TRUE
Zfp708	chr13	FALSE	TRUE
Large2	chr2	FALSE	TRUE
Sp1	chr15	FALSE	FALSE
Tspo	chr15	FALSE	FALSE
Bpifb4	chr2	FALSE	FALSE
Baz2a	chr10	FALSE	TRUE
Asic3	chr5	FALSE	FALSE
Rhobtb2	chr14	FALSE	TRUE
Mtpn	chr6	TRUE	TRUE
F7	chr8	FALSE	TRUE
Trpc6	chr9	FALSE	TRUE
Apbb1ip	chr2	FALSE	FALSE
Mylk4	chr13	FALSE	FALSE
Rasd2	chr8	FALSE	TRUE
Pcbp4	chr9	FALSE	FALSE
Pomc	chr12	FALSE	TRUE
Fbxo8	chr8	FALSE	TRUE
Mfsd6l	chr11	FALSE	FALSE
4930503L19Rik	chr18	FALSE	TRUE
Cfap73	chr5	FALSE	TRUE
Rgs19	chr2	FALSE	FALSE
Uck2	chr1	FALSE	FALSE
Tbx18	chr9	FALSE	TRUE
Arl8a	chr1	FALSE	FALSE
Chga	chr12	FALSE	FALSE
Dync1i2	chr2	FALSE	TRUE
Pcdh1	chr18	FALSE	TRUE
Wnt5b	chr6	FALSE	TRUE
Drd1	chr13	FALSE	FALSE
Osr2	chr15	FALSE	TRUE
Prr11	chr11	FALSE	FALSE
Ccdc12	chr9	FALSE	TRUE
Entpd6	chr2	FALSE	TRUE
Kdm4a	chr4	FALSE	FALSE
T	chr17	FALSE	TRUE
Endou	chr15	FALSE	TRUE
Irak4	chr15	FALSE	TRUE
Fbxo28	chr1	FALSE	FALSE
Klhdc8a	chr1	FALSE	FALSE
Abca2	chr2	FALSE	TRUE
Cog1	chr11	FALSE	FALSE
Esrrg	chr1	FALSE	TRUE
Tubb6	chr18	FALSE	TRUE
Gpat4	chr8	FALSE	FALSE
Rnf139	chr15	FALSE	TRUE
Ptprr	chr10	FALSE	TRUE
Cspg4	chr9	FALSE	FALSE
Atp2c1	chr9	FALSE	TRUE
Polr2b	chr5	FALSE	FALSE
Ngb	chr12	FALSE	FALSE
Adgrg5	chr8	FALSE	FALSE
Slc6a4	chr11	FALSE	TRUE
Fzd8	chr18	FALSE	TRUE
Rxrg	chr1	FALSE	FALSE
Usp53	chr3	FALSE	TRUE
Rras	chr7	FALSE	TRUE
Ugp2	chr11	FALSE	TRUE
Lrrc18	chr14	FALSE	FALSE
Lacc1	chr14	FALSE	FALSE
Entpd1	chr19	FALSE	TRUE
Slc35e4	chr11	FALSE	FALSE
Apob	chr12	FALSE	FALSE
Ppp1r2	chr16	FALSE	TRUE
Maml2	chr9	FALSE	TRUE
Lcn11	chr2	FALSE	TRUE
U2surp	chr9	FALSE	TRUE
Fhod3	chr18	FALSE	FALSE
Tmem47	chrX	FALSE	TRUE
Ambp	chr4	FALSE	FALSE
Flvcr2	chr12	FALSE	TRUE
Gng8	chr7	FALSE	FALSE
Pcnx4	chr12	FALSE	TRUE
Fat1	chr8	FALSE	TRUE
Ube2d1	chr10	FALSE	TRUE
Tmem126b	chr7	FALSE	TRUE
Cpne7	chr8	FALSE	TRUE
Dock1	chr7	FALSE	FALSE
Gcsam	chr16	FALSE	TRUE
Speer3	chr5	FALSE	TRUE
Tram1l1	chr3	FALSE	TRUE
Zranb3	chr1	FALSE	FALSE
Eif4ebp1	chr8	FALSE	FALSE
Apold1	chr6	FALSE	TRUE
Klhl35	chr7	FALSE	FALSE
P2rx5	chr11	FALSE	FALSE
Fam131c	chr4	FALSE	TRUE
Add3	chr19	FALSE	TRUE
Frrs1	chr3	FALSE	TRUE
Prr29	chr11	FALSE	TRUE
Wfdc1	chr8	FALSE	TRUE
Pianp	chr6	FALSE	FALSE
Prss52	chr14	FALSE	FALSE
Icam1	chr9	FALSE	TRUE
Dok2	chr14	FALSE	FALSE
Adnp2	chr18	FALSE	FALSE
Nampt	chr12	FALSE	TRUE
Krt88	chr15	FALSE	FALSE
Cfap36	chr11	FALSE	TRUE
Apoc3	chr9	FALSE	FALSE
Krt1	chr15	FALSE	FALSE
Krt87	chr15	FALSE	FALSE
Mael	chr1	FALSE	FALSE
Lrrc74a	chr12	FALSE	FALSE
Tril	chr6	FALSE	TRUE
Egr1	chr18	FALSE	TRUE
Pou3f4	chrX	FALSE	FALSE
AI597479	chr1	FALSE	TRUE
Gpr161	chr1	FALSE	FALSE
Agbl3	chr6	FALSE	TRUE
Col1a2	chr6	FALSE	FALSE
Adprhl1	chr8	FALSE	TRUE
Gtf2e2	chr8	FALSE	TRUE
Klhl42	chr6	FALSE	TRUE
1700017B05Rik	chr9	FALSE	FALSE
Tnp2	chr16	FALSE	FALSE
Lipg	chr18	FALSE	TRUE
Gjb1	chrX	FALSE	FALSE
Immt	chr6	FALSE	FALSE
Map3k14	chr11	FALSE	FALSE
Natd1	chr11	FALSE	TRUE
Gask1a	chr9	FALSE	TRUE
C77080	chr4	FALSE	FALSE
Samd13	chr3	FALSE	TRUE
Bard1	chr1	FALSE	FALSE
Slc19a2	chr1	FALSE	TRUE
Crabp2	chr3	FALSE	TRUE
Clcn2	chr16	FALSE	FALSE
Setd6	chr8	FALSE	FALSE
BC005624	chr2	FALSE	FALSE
Mapk12	chr15	FALSE	FALSE
Tfap2e	chr4	FALSE	TRUE
Fam174a	chr1	FALSE	TRUE
Rspo4	chr2	FALSE	FALSE
Cox8c	chr12	FALSE	TRUE
Bdh2	chr3	FALSE	FALSE
Tnfsf15	chr4	FALSE	FALSE
Qrfp	chr2	FALSE	TRUE
Mocos	chr18	FALSE	FALSE
Lrsam1	chr2	FALSE	TRUE
Rnasel	chr1	FALSE	FALSE
Gzmk	chr13	FALSE	FALSE
9130023H24Rik	chr7	FALSE	TRUE
Pomgnt2	chr9	FALSE	TRUE
Cdh18	chr15	FALSE	TRUE
Galnt6	chr15	FALSE	FALSE
Rhobtb1	chr10	FALSE	FALSE
Ankrd13d	chr19	FALSE	FALSE
Ctbs	chr3	FALSE	TRUE
Cnot11	chr1	FALSE	TRUE
Acot11	chr4	FALSE	FALSE
Nfkbiz	chr16	FALSE	TRUE
Kcna1	chr6	FALSE	FALSE
Dennd2d	chr3	FALSE	FALSE
Kdm8	chr7	FALSE	FALSE
Isl2	chr9	FALSE	TRUE
Arhgef25	chr10	FALSE	FALSE
Fsd1l	chr4	FALSE	TRUE
Mblac2	chr13	FALSE	TRUE
Cdx2	chr5	FALSE	TRUE
Bclaf1	chr10	FALSE	TRUE
Ezh2	chr6	FALSE	TRUE
Gm14137	chr2	FALSE	TRUE
Tradd	chr8	FALSE	FALSE
Pitx3	chr19	FALSE	TRUE
C2cd4c	chr10	FALSE	FALSE
Nt5dc1	chr10	FALSE	TRUE
Fat4	chr3	FALSE	FALSE
Ripor3	chr2	FALSE	TRUE
Dll4	chr2	FALSE	TRUE
Sp9	chr2	FALSE	TRUE
Tor4a	chr2	FALSE	FALSE
Kcnc1	chr7	FALSE	TRUE
Fgd2	chr17	FALSE	TRUE
Pcsk4	chr10	FALSE	TRUE
Upb1	chr10	FALSE	TRUE
Igsf9	chr1	FALSE	TRUE
Abhd11	chr5	FALSE	FALSE
Fgf23	chr6	FALSE	FALSE
Ppp1r26	chr2	FALSE	TRUE
Lamc3	chr2	FALSE	FALSE
Capza2	chr6	FALSE	TRUE
P2rx2	chr5	FALSE	TRUE
Slc35e1	chr8	FALSE	TRUE
Spsb2	chr6	FALSE	FALSE
Abhd12b	chr12	FALSE	TRUE
Rrad	chr8	FALSE	FALSE
Klf1	chr8	FALSE	FALSE
Bloc1s4	chr5	FALSE	TRUE
Tgfb3	chr12	FALSE	TRUE
Tlr4	chr4	TRUE	TRUE
Nr2e3	chr9	FALSE	FALSE
Rtn4ip1	chr10	FALSE	FALSE
Rgmb	chr17	FALSE	TRUE
Rest	chr5	FALSE	FALSE
Thop1	chr10	FALSE	FALSE
Sox2	chr3	FALSE	FALSE
Egln3	chr12	FALSE	FALSE
Tlnrd1	chr7	FALSE	TRUE
Thrb	chr14	FALSE	FALSE
Zfp958	chr8	FALSE	TRUE
Igsf8	chr1	FALSE	FALSE
Crybb3	chr5	FALSE	FALSE
Hnrnpll	chr17	FALSE	TRUE
Nphp3	chr9	FALSE	FALSE
Ascl1	chr10	FALSE	FALSE
Atpsckmt	chr15	FALSE	FALSE
Apol6	chr15	FALSE	TRUE
Ung	chr5	FALSE	FALSE
Egfl7	chr2	FALSE	FALSE
Col2a1	chr15	FALSE	TRUE
Trim23	chr13	FALSE	TRUE
Psen2	chr1	FALSE	TRUE
Smim38	chr7	FALSE	FALSE
Zfyve16	chr13	FALSE	TRUE
H3c6	chr13	FALSE	TRUE
Snx16	chr3	FALSE	TRUE
Kifc2	chr15	FALSE	FALSE
Mest	chr6	FALSE	FALSE
Duox1	chr2	FALSE	FALSE
Chrnb1	chr11	FALSE	FALSE
Tmem176b	chr6	FALSE	TRUE
Plin3	chr17	FALSE	FALSE
Slc25a13	chr6	FALSE	TRUE
Acta1	chr8	FALSE	TRUE
Rbm38	chr2	FALSE	TRUE
Gpr61	chr3	FALSE	TRUE
Mdfi	chr17	FALSE	TRUE
Rtn1	chr12	FALSE	TRUE
Mdm1	chr10	FALSE	TRUE
Nenf	chr1	FALSE	TRUE
Slc38a2	chr15	FALSE	TRUE
Myb	chr10	FALSE	FALSE
Slco5a1	chr1	FALSE	FALSE
Dleu7	chr14	FALSE	TRUE
Dpy19l4	chr4	FALSE	TRUE
Trim58	chr11	FALSE	TRUE
Hint2	chr4	FALSE	TRUE
Rbm5	chr9	FALSE	TRUE
Agpat5	chr8	FALSE	TRUE
Igfbp5	chr1	FALSE	TRUE
Cryba2	chr1	FALSE	TRUE
Dctn4	chr18	FALSE	TRUE
Arhgap45	chr10	FALSE	TRUE
Lmcd1	chr6	FALSE	TRUE
Cldn11	chr3	FALSE	TRUE
Kdm6b	chr11	FALSE	TRUE
Zfp385a	chr15	FALSE	FALSE
Aadac	chr3	FALSE	TRUE
Syt17	chr7	FALSE	FALSE
Tmem114	chr16	FALSE	FALSE
Pzp	chr6	FALSE	TRUE
Capn13	chr17	FALSE	FALSE
Osm	chr11	FALSE	TRUE
Kcp	chr6	FALSE	FALSE
Cbr2	chr11	FALSE	FALSE
Usp46	chr5	FALSE	TRUE
Morn1	chr4	FALSE	FALSE
Ywhaz	chr15	FALSE	TRUE
Dpp4	chr2	FALSE	TRUE
Cep164	chr9	FALSE	TRUE
E2f7	chr10	FALSE	TRUE
Jmy	chr13	FALSE	TRUE
Gemin8	chrX	FALSE	TRUE
Zkscan2	chr7	FALSE	FALSE
Dph3	chr14	FALSE	TRUE
Abcb8	chr5	FALSE	FALSE
Ahsa2	chr11	FALSE	FALSE
Slc38a4	chr15	FALSE	FALSE
Tnr	chr1	FALSE	TRUE
Krtap16-1	chr11	FALSE	FALSE
Cox19	chr5	FALSE	FALSE
Cyren	chr6	FALSE	TRUE
Cpne6	chr14	FALSE	FALSE
Nptx1	chr11	FALSE	TRUE
Lamb1	chr12	FALSE	TRUE
Rab34	chr11	FALSE	TRUE
Nrde2	chr12	FALSE	TRUE
Ttll6	chr11	FALSE	TRUE
Slc25a48	chr13	FALSE	FALSE
Pdgfrb	chr18	FALSE	FALSE
Tmem204	chr17	FALSE	TRUE
Dazap1	chr10	FALSE	TRUE
Cdhr3	chr12	FALSE	TRUE
Tmem95	chr11	FALSE	FALSE
Acbd4	chr11	FALSE	FALSE
Prkar1b	chr5	FALSE	TRUE
Sri	chr5	FALSE	TRUE
Ifih1	chr2	FALSE	FALSE
1700113H08Rik	chr10	FALSE	FALSE
Gkn3	chr6	FALSE	FALSE
Ank3	chr10	FALSE	TRUE
Frg1	chr8	FALSE	TRUE
Omp	chr7	FALSE	TRUE
Snx19	chr9	FALSE	TRUE
Atp1a3	chr7	FALSE	FALSE
Nkx3-2	chr5	FALSE	TRUE
Bgn	chrX	FALSE	FALSE
Atad3a	chr4	FALSE	FALSE
Chmp3	chr6	FALSE	TRUE
Tubgcp6	chr15	FALSE	FALSE
Cys1	chr12	FALSE	FALSE
Clec11a	chr7	FALSE	FALSE
Khdrbs1	chr4	FALSE	TRUE
Odc1	chr12	FALSE	TRUE
Hsd17b13	chr5	FALSE	TRUE
Ido2	chr8	FALSE	TRUE
C1qa	chr4	FALSE	TRUE
Cntn2	chr1	FALSE	TRUE
Psors1c2	chr17	FALSE	TRUE
Tekt4	chr17	FALSE	TRUE
1700025G04Rik	chr1	FALSE	TRUE
Lpar3	chr3	FALSE	TRUE
Ucn	chr5	FALSE	FALSE
Hectd2	chr19	FALSE	TRUE
Ephx3	chr17	FALSE	TRUE
Def6	chr17	FALSE	TRUE
Gtdc1	chr2	FALSE	TRUE
Ltbp3	chr19	FALSE	FALSE
Ephb6	chr6	FALSE	TRUE
Plekha1	chr7	FALSE	TRUE
Cryaa	chr17	FALSE	TRUE
Lmna	chr3	FALSE	TRUE
Fchsd1	chr18	FALSE	TRUE
Myocos	chr1	FALSE	FALSE
Lgals1	chr15	FALSE	FALSE
Crhr2	chr6	FALSE	FALSE
Gzmm	chr10	FALSE	FALSE
Frmpd3	chrX	FALSE	FALSE
Rtp4	chr16	FALSE	FALSE
Tmprss4	chr9	FALSE	FALSE
Ar	chrX	FALSE	FALSE
Suco	chr1	FALSE	TRUE
Syne1	chr10	FALSE	TRUE
Nfkbia	chr12	FALSE	FALSE
Zfp184	chr13	FALSE	TRUE
Trim47	chr11	FALSE	TRUE
Sstr3	chr15	FALSE	FALSE
Duxbl1	chr14	FALSE	FALSE
Tssk1	chr16	FALSE	FALSE
Wnt2b	chr3	FALSE	TRUE
Mavs	chr2	FALSE	TRUE
Fkbp7	chr2	FALSE	TRUE
Ces5a	chr8	FALSE	TRUE
M6pr	chr6	FALSE	FALSE
Gpr135	chr12	FALSE	TRUE
Lrrcc1	chr3	FALSE	TRUE
Hbq1b	chr11	FALSE	FALSE
Dnajb2	chr1	FALSE	FALSE
Fh1	chr1	FALSE	FALSE
Slc6a5	chr7	FALSE	TRUE
Mturn	chr6	FALSE	FALSE
Lepr	chr4	FALSE	FALSE
Rragd	chr4	FALSE	TRUE
Col24a1	chr3	FALSE	FALSE
Api5	chr2	FALSE	TRUE
Tfap2d	chr1	FALSE	FALSE
Acy3	chr19	FALSE	FALSE
Anxa11	chr14	FALSE	FALSE
Aldh3b1	chr19	FALSE	FALSE
Rnf31	chr14	FALSE	TRUE
Bnipl	chr3	FALSE	TRUE
Syt4	chr18	FALSE	TRUE
Tyw5	chr1	FALSE	FALSE
Rimbp2	chr5	FALSE	TRUE
Rd3	chr1	FALSE	TRUE
Rnf207	chr4	FALSE	FALSE
Fxyd7	chr7	FALSE	TRUE
Actn2	chr13	FALSE	TRUE
Stk3	chr15	FALSE	TRUE
Hpgd	chr8	FALSE	FALSE
Arg1	chr10	FALSE	TRUE
Gstt2	chr10	FALSE	TRUE
Etv1	chr12	FALSE	TRUE
Ucma	chr2	FALSE	FALSE
Mocs1	chr17	FALSE	TRUE
Cybrd1	chr2	FALSE	FALSE
Rtl1	chr12	FALSE	TRUE
Tcp11l2	chr10	FALSE	TRUE
Rps12	chr10	FALSE	TRUE
Capza3	chr6	FALSE	TRUE
1700056E22Rik	chr1	FALSE	TRUE
Car4	chr11	FALSE	TRUE
Dusp6	chr10	FALSE	TRUE
Rnd1	chr15	FALSE	FALSE
Tnks1bp1	chr2	FALSE	TRUE
Tal2	chr4	FALSE	FALSE
Acvrl1	chr15	FALSE	TRUE
Ankrd34a	chr3	FALSE	FALSE
Per2	chr1	FALSE	TRUE
Hivep3	chr4	FALSE	TRUE
Nxt1	chr2	FALSE	TRUE
Ptgds	chr2	FALSE	TRUE
Nol4	chr18	FALSE	TRUE
Pnpo	chr11	FALSE	TRUE
Alg12	chr15	FALSE	FALSE
Gria3	chrX	FALSE	FALSE
Gal3st2b	chr1	FALSE	TRUE
Gpr132	chr12	FALSE	TRUE
Btg4	chr9	FALSE	FALSE
Mcam	chr9	FALSE	FALSE
Uba3	chr6	FALSE	FALSE
Vcpkmt	chr12	FALSE	TRUE
Abcd1	chrX	FALSE	FALSE
Gabre	chrX	FALSE	FALSE
Fam149a	chr8	FALSE	TRUE
Gm45521	chr14	FALSE	TRUE
Cpne8	chr15	FALSE	FALSE
Odf2	chr2	FALSE	FALSE
Prima1	chr12	FALSE	FALSE
Dnajc5b	chr3	FALSE	FALSE
Zfp575	chr7	FALSE	FALSE
Mreg	chr1	FALSE	TRUE
Sdc1	chr12	FALSE	TRUE
Lad1	chr1	FALSE	TRUE
Xpot	chr10	FALSE	TRUE
Lpin3	chr2	FALSE	FALSE
Mif	chr10	FALSE	TRUE
Nans	chr4	FALSE	TRUE
Gpr26	chr7	FALSE	FALSE
4921536K21Rik	chr11	FALSE	FALSE
Ckmt2	chr13	FALSE	FALSE
Rps6ka4	chr19	FALSE	FALSE
Taf11	chr17	FALSE	TRUE
Ubxn10	chr4	FALSE	FALSE
Samd10	chr2	FALSE	TRUE
Noxa1	chr2	FALSE	TRUE
Fas	chr19	FALSE	FALSE
Dnase2b	chr3	FALSE	TRUE
Dlec1	chr9	FALSE	FALSE
Marchf8	chr6	FALSE	TRUE
Tlr12	chr4	FALSE	FALSE
Tbc1d9	chr8	FALSE	TRUE
C1galt1	chr6	FALSE	TRUE
Dkk1	chr19	FALSE	FALSE
Creld1	chr6	FALSE	FALSE
Asf1a	chr10	FALSE	TRUE
Notch2	chr3	FALSE	FALSE
Rtcb	chr10	FALSE	FALSE
Tomm40l	chr1	FALSE	FALSE
Shh	chr5	FALSE	FALSE
Agr3	chr12	FALSE	TRUE
Prtn3	chr10	FALSE	FALSE
Rai14	chr15	FALSE	FALSE
Cpxm1	chr2	FALSE	TRUE
Odf1	chr15	FALSE	FALSE
Prom1	chr5	TRUE	TRUE
Tedc1	chr12	FALSE	TRUE
Ngdn	chr14	FALSE	FALSE
Tmem171	chr13	FALSE	FALSE
Itgav	chr2	FALSE	TRUE
Acaa1b	chr9	FALSE	FALSE
Snai1	chr2	FALSE	TRUE
Sord	chr2	FALSE	TRUE
Slc25a4	chr8	FALSE	TRUE
Ptger4	chr15	FALSE	FALSE
Pcdhgc3	chr18	FALSE	FALSE
Stra6l	chr4	FALSE	FALSE
Magel2	chr7	FALSE	TRUE
Msantd1	chr5	FALSE	TRUE
Mtarc2	chr1	FALSE	TRUE
Slc2a1	chr4	FALSE	TRUE
Alppl2	chr1	FALSE	FALSE
Ubxn11	chr4	FALSE	FALSE
Abtb1	chr6	FALSE	TRUE
Mipep	chr14	FALSE	TRUE
F10	chr8	FALSE	TRUE
Snrnp48	chr13	FALSE	TRUE
Dmrta1	chr4	FALSE	TRUE
S1pr3	chr13	FALSE	TRUE
Vrtn	chr12	FALSE	TRUE
Pik3ip1	chr11	FALSE	FALSE
Stk33	chr7	FALSE	FALSE
Foxc2	chr8	FALSE	TRUE
Sgsm2	chr11	FALSE	TRUE
Lsm14b	chr2	FALSE	TRUE
Nkx3-1	chr14	FALSE	TRUE
Sub1	chr15	FALSE	TRUE
Trit1	chr4	FALSE	FALSE
Npc2	chr12	FALSE	TRUE
Etaa1	chr11	FALSE	TRUE
Nmi	chr2	FALSE	TRUE
Fbxw5	chr2	FALSE	TRUE
Msantd3	chr4	FALSE	TRUE
Asph	chr4	FALSE	FALSE
Calcb	chr7	FALSE	TRUE
Pdcd10	chr3	FALSE	TRUE
Cspg5	chr9	FALSE	FALSE
Tg	chr15	FALSE	TRUE
Gfy	chr7	FALSE	FALSE
Mthfd1l	chr10	FALSE	TRUE
Fgf15	chr7	FALSE	TRUE
Ddx54	chr5	FALSE	FALSE
Dph1	chr11	FALSE	TRUE
Nudt8	chr19	FALSE	FALSE
4933402J07Rik	chr8	FALSE	FALSE
Elovl4	chr9	FALSE	TRUE
Rtbdn	chr8	FALSE	TRUE
Camkk1	chr11	FALSE	FALSE
Akt2	chr7	FALSE	FALSE
Zfp950	chr19	FALSE	TRUE
Mamld1	chrX	FALSE	FALSE
Zbtb7a	chr10	FALSE	FALSE
Nfxl1	chr5	FALSE	TRUE
Slc27a1	chr8	FALSE	TRUE
Pik3r2	chr8	FALSE	TRUE
Ythdf3	chr3	FALSE	TRUE
Nrbf2	chr10	FALSE	TRUE
Samd1	chr8	FALSE	TRUE
Tex13b	chrX	FALSE	FALSE
Sh3bgr	chr16	FALSE	TRUE
Fem1c	chr18	FALSE	TRUE
Ier3	chr17	FALSE	TRUE
Ribc2	chr15	FALSE	FALSE
Efna2	chr10	FALSE	TRUE
Gpr139	chr7	FALSE	FALSE
Rdh9	chr10	FALSE	TRUE
Ptprt	chr2	FALSE	TRUE
Art3	chr5	FALSE	TRUE
Cbx6	chr15	FALSE	FALSE
Thbs1	chr2	FALSE	TRUE
Stk26	chrX	FALSE	FALSE
Klhl30	chr1	FALSE	TRUE
1700129C05Rik	chr14	FALSE	TRUE
Mkx	chr18	FALSE	TRUE
Fgd6	chr10	FALSE	TRUE
Ufl1	chr4	FALSE	TRUE
Scgn	chr13	FALSE	FALSE
Lcn12	chr2	FALSE	FALSE
Tmem201	chr4	FALSE	FALSE
Cstl1	chr2	FALSE	TRUE
Neurod1	chr2	FALSE	TRUE
Pcsk1	chr13	FALSE	TRUE
Fbxo25	chr8	FALSE	TRUE
Lama2	chr10	TRUE	TRUE
Rpap3	chr15	FALSE	FALSE
Npy	chr6	FALSE	TRUE
Cacfd1	chr2	FALSE	TRUE
Arhgef10	chr8	FALSE	FALSE
Spcs3	chr8	FALSE	TRUE
Gfra2	chr14	FALSE	TRUE
Fam91a1	chr15	FALSE	TRUE
Fignl1	chr11	FALSE	TRUE
Onecut3	chr10	FALSE	TRUE
Iqsec2	chrX	FALSE	FALSE
Chic2	chr5	FALSE	TRUE
Stradb	chr1	FALSE	TRUE
Dolpp1	chr2	FALSE	FALSE
Nova1	chr12	TRUE	TRUE
Wls	chr3	FALSE	TRUE
Atl1	chr12	FALSE	TRUE
Gorab	chr1	FALSE	TRUE
Fads3	chr19	FALSE	TRUE
Copg1	chr6	FALSE	FALSE
Depp1	chr6	FALSE	TRUE
Optc	chr1	FALSE	TRUE
Fgfbp3	chr19	FALSE	TRUE
Sbf2	chr7	FALSE	FALSE
Prkag3	chr1	FALSE	TRUE
Stc2	chr11	FALSE	TRUE
Crtc3	chr7	FALSE	TRUE
Sowaha	chr11	FALSE	FALSE
P2rx1	chr11	FALSE	FALSE
1600014C10Rik	chr7	FALSE	TRUE
Ncapg	chr5	FALSE	TRUE
Trim42	chr9	FALSE	FALSE
Tcl1b4	chr12	FALSE	FALSE
Lgals9	chr11	FALSE	TRUE
Slc18b1	chr10	FALSE	TRUE
Asb16	chr11	FALSE	FALSE
Ccdc194	chr8	FALSE	TRUE
Cacnb3	chr15	FALSE	FALSE
Ddx19a	chr8	FALSE	FALSE
Cfap44	chr16	FALSE	TRUE
Gm13090	chr4	FALSE	TRUE
Usp51	chrX	FALSE	FALSE
Tas2r118	chr6	FALSE	TRUE
Akr1b10	chr6	FALSE	TRUE
1810062G17Rik	chr3	FALSE	TRUE
Mt2	chr8	FALSE	FALSE
Sox11	chr12	FALSE	TRUE
Wrnip1	chr13	FALSE	TRUE
Dbndd2	chr2	FALSE	FALSE
Sh3rf1	chr8	FALSE	FALSE
Pole4	chr6	FALSE	FALSE
Slc38a3	chr9	FALSE	TRUE
Sigmar1	chr4	FALSE	TRUE
Cldn9	chr17	FALSE	FALSE
Khsrp	chr17	FALSE	FALSE
Sppl2c	chr11	FALSE	TRUE
Creg2	chr1	FALSE	FALSE
Xk	chrX	TRUE	TRUE
Phf19	chr2	FALSE	TRUE
Arc	chr15	FALSE	TRUE
Derl1	chr15	FALSE	TRUE
Sema6b	chr17	FALSE	TRUE
Ica1l	chr1	FALSE	TRUE
Ch25h	chr19	FALSE	FALSE
Gnb5	chr9	FALSE	TRUE
4930469K13Rik	chr11	FALSE	TRUE
Fxr1	chr3	FALSE	FALSE
Kif23	chr9	FALSE	FALSE
Spo11	chr2	FALSE	FALSE
Grk1	chr8	FALSE	FALSE
Adprh	chr16	FALSE	TRUE
Catsperz	chr19	FALSE	FALSE
Phka2	chrX	FALSE	FALSE
Tfap2a	chr13	FALSE	TRUE
Etv5	chr16	FALSE	TRUE
Cxcr6	chr9	FALSE	FALSE
Leprotl1	chr8	FALSE	TRUE
Otx1	chr11	FALSE	FALSE
Ampd2	chr3	FALSE	TRUE
Pcdh11x	chrX	FALSE	TRUE
Zfp319	chr8	FALSE	TRUE
Neil2	chr14	FALSE	FALSE
Rpl22l1	chr3	FALSE	TRUE
Mia3	chr1	FALSE	TRUE
Gm11992	chr11	FALSE	TRUE
Ulk3	chr9	FALSE	TRUE
Zfp711	chrX	FALSE	FALSE
Ubl3	chr5	FALSE	TRUE
Tmem209	chr6	FALSE	TRUE
Chrd	chr16	FALSE	FALSE
Rab4a	chr8	FALSE	TRUE
Adam11	chr11	FALSE	FALSE
Mettl24	chr10	FALSE	TRUE
Ccdc162	chr10	FALSE	FALSE
Aamp	chr1	FALSE	FALSE
Sst	chr16	FALSE	TRUE
Bhlhe41	chr6	FALSE	TRUE
Gp1bb	chr16	FALSE	FALSE
Ddc	chr11	FALSE	FALSE
Pnoc	chr14	FALSE	FALSE
Fbxl14	chr6	FALSE	FALSE
Cntnap5b	chr1	FALSE	TRUE
Ociad1	chr5	FALSE	TRUE
Hr	chr14	FALSE	TRUE
Als2cl	chr9	FALSE	TRUE
Tbx1	chr16	FALSE	TRUE
Arhgap32	chr9	TRUE	FALSE
Hook2	chr8	FALSE	TRUE
Tmprss2	chr16	FALSE	FALSE
Aldh8a1	chr10	FALSE	FALSE
Tead2	chr7	FALSE	FALSE
Me3	chr7	FALSE	FALSE
C030006K11Rik	chr15	FALSE	FALSE
Cd37	chr7	FALSE	FALSE
Dhrs4	chr14	FALSE	TRUE
Mesd	chr7	FALSE	TRUE
Snx30	chr4	FALSE	TRUE
Cthrc1	chr15	FALSE	FALSE
Tgm6	chr2	FALSE	FALSE
Setd4	chr16	FALSE	FALSE
Adamts1	chr16	FALSE	TRUE
Jak3	chr8	FALSE	FALSE
Tspyl5	chr15	FALSE	TRUE
Sema5a	chr15	FALSE	TRUE
Adap2	chr11	FALSE	FALSE
Plk3	chr4	FALSE	TRUE
Flrt1	chr19	FALSE	TRUE
Cnih2	chr19	FALSE	FALSE
Iah1	chr12	FALSE	TRUE
Prph	chr15	FALSE	TRUE
T2	chr17	FALSE	FALSE
Pkp2	chr16	FALSE	TRUE
Cabyr	chr18	FALSE	TRUE
Mc2r	chr18	FALSE	TRUE
Veph1	chr3	FALSE	TRUE
Rcc2	chr4	FALSE	FALSE
Tbx20	chr9	FALSE	TRUE
Myf5	chr10	FALSE	FALSE
Celf3	chr3	FALSE	FALSE
Pabpn1l	chr8	FALSE	TRUE
Tmem74	chr15	FALSE	TRUE
Rab3il1	chr19	FALSE	FALSE
H1f2	chr13	FALSE	TRUE
Ccr4	chr9	FALSE	TRUE
Cfap157	chr2	FALSE	TRUE
Radil	chr5	FALSE	TRUE
Crygs	chr16	FALSE	TRUE
Napepld	chr5	FALSE	TRUE
Parp10	chr15	FALSE	FALSE
Zfand5	chr19	FALSE	TRUE
1700025C18Rik	chr2	FALSE	TRUE
Map2k3	chr11	FALSE	TRUE
Bad	chr19	FALSE	TRUE
Il16	chr7	FALSE	FALSE
Lsm4	chr8	FALSE	FALSE
Mitf	chr6	FALSE	TRUE
Ciart	chr3	FALSE	FALSE
Eif1a	chr18	FALSE	FALSE
Tigit	chr16	FALSE	TRUE
Kif7	chr7	FALSE	FALSE
Fzd2	chr11	FALSE	TRUE
C1d	chr11	FALSE	TRUE
Pdk4	chr6	FALSE	FALSE
Cartpt	chr13	FALSE	TRUE
Kbtbd13	chr9	FALSE	TRUE
Arl3	chr19	FALSE	TRUE
Fxyd5	chr7	FALSE	FALSE
Rnf4	chr5	FALSE	TRUE
Smg7	chr1	FALSE	TRUE
Cylc2	chr4	FALSE	TRUE
Fscb	chr12	FALSE	TRUE
Zmat4	chr8	FALSE	FALSE
Cldn2	chrX	FALSE	TRUE
Grin2c	chr11	FALSE	TRUE
Vill	chr9	FALSE	FALSE
Hspa13	chr16	FALSE	TRUE
Cdx1	chr18	FALSE	FALSE
Gas1	chr13	FALSE	TRUE
Kcna3	chr3	FALSE	FALSE
Rprml	chr11	FALSE	TRUE
Gpr75	chr11	FALSE	FALSE
Irf2bp2	chr8	FALSE	TRUE
Tnnt3	chr7	FALSE	TRUE
Ppm1a	chr12	FALSE	FALSE
Rex1bd	chr8	FALSE	TRUE
Carhsp1	chr16	FALSE	TRUE
Taar3	chr10	FALSE	TRUE
Cnnm4	chr1	FALSE	TRUE
Abcc1	chr16	FALSE	TRUE
Wnk4	chr11	FALSE	TRUE
Ntn3	chr17	FALSE	FALSE
Nrarp	chr2	FALSE	TRUE
Lrrc71	chr3	FALSE	TRUE
Tnfrsf13c	chr15	FALSE	TRUE
Ppp1r14bl	chr1	FALSE	TRUE
Ankrd1	chr19	FALSE	TRUE
Car15	chr16	FALSE	TRUE
Nrbp2	chr15	FALSE	FALSE
Cd55	chr1	FALSE	FALSE
Gm13271	chr4	FALSE	FALSE
Pex7	chr10	FALSE	TRUE
Adgb	chr10	FALSE	TRUE
Tbx2	chr11	FALSE	TRUE
Zc3h10	chr10	FALSE	TRUE
H2bc3	chr13	FALSE	TRUE
Wfikkn2	chr11	FALSE	FALSE
Hcn3	chr3	FALSE	TRUE
Rp1l1	chr14	FALSE	FALSE
Il7r	chr15	FALSE	TRUE
Slc12a7	chr13	FALSE	FALSE
Fli1	chr9	FALSE	TRUE
Slc29a4	chr5	FALSE	FALSE
Prdm14	chr1	FALSE	TRUE
Dram1	chr10	FALSE	FALSE
Fbxo32	chr15	FALSE	FALSE
Leprot	chr4	FALSE	TRUE
Gjc2	chr11	FALSE	FALSE
Bicc1	chr10	FALSE	FALSE
Khdc3	chr9	FALSE	FALSE
Ptger1	chr8	FALSE	FALSE
Sqor	chr2	FALSE	TRUE
Pou4f3	chr18	FALSE	FALSE
Ehbp1l1	chr19	FALSE	FALSE
Irf4	chr13	FALSE	TRUE
Wnt6	chr1	FALSE	FALSE
Slc35c2	chr2	FALSE	TRUE
Azi2	chr9	FALSE	TRUE
Cpz	chr5	FALSE	FALSE
Haus3	chr5	FALSE	FALSE
Hsd17b3	chr13	FALSE	TRUE
Ddt	chr10	FALSE	TRUE
Lhx9	chr1	FALSE	TRUE
Psmb7	chr2	FALSE	TRUE
Bsg	chr10	FALSE	FALSE
Ccdc92	chr5	FALSE	TRUE
Tra2a	chr6	FALSE	TRUE
Cytl1	chr5	FALSE	FALSE
Tspoap1	chr11	FALSE	FALSE
Gpx4	chr10	FALSE	FALSE
Kcnk4	chr19	FALSE	FALSE
Etv4	chr11	FALSE	FALSE
1700019A02Rik	chr1	FALSE	TRUE
Cxcl10	chr5	FALSE	TRUE
Cyp2w1	chr5	FALSE	FALSE
Meis3	chr7	FALSE	TRUE
Elmo2	chr2	FALSE	FALSE
Tha1	chr11	FALSE	TRUE
Aldh3a1	chr11	FALSE	FALSE
Nt5c1a	chr4	FALSE	FALSE
Hmgcs1	chr13	FALSE	TRUE
Ndfip1	chr18	FALSE	FALSE
Nat9	chr11	FALSE	FALSE
Pabpc2	chr18	FALSE	TRUE
Pdp2	chr8	FALSE	TRUE
Tsc22d3	chrX	FALSE	FALSE
Pea15a	chr1	FALSE	FALSE
Znrf2	chr6	FALSE	TRUE
Timm8a1	chrX	FALSE	TRUE
Klhl1	chr14	FALSE	FALSE
Smim12	chr4	FALSE	FALSE
Arid3b	chr9	FALSE	FALSE
Cdh23	chr10	FALSE	TRUE
Nfkbie	chr17	FALSE	FALSE
Myf6	chr10	FALSE	TRUE
Hsf2	chr10	FALSE	TRUE
Vstm2a	chr11	FALSE	TRUE
Coro1a	chr7	FALSE	FALSE
Hnrnpa3	chr2	FALSE	FALSE
Tspan12	chr6	FALSE	FALSE
Ptpn5	chr7	FALSE	TRUE
S100a16	chr3	FALSE	TRUE
Slc29a2	chr19	FALSE	FALSE
Ankk1	chr9	FALSE	TRUE
Tfap2b	chr1	FALSE	FALSE
Nhlrc3	chr3	FALSE	FALSE
Tdrd7	chr4	FALSE	TRUE
Cyp27b1	chr10	FALSE	FALSE
Dnase1l2	chr17	FALSE	TRUE
Fzd4	chr7	FALSE	FALSE
Dact2	chr17	FALSE	FALSE
Gtf2a1	chr12	FALSE	FALSE
Trmt61a	chr12	FALSE	TRUE
Pgm2	chr5	FALSE	TRUE
Paip2b	chr6	FALSE	TRUE
Hoxc13	chr15	FALSE	TRUE
Cdkn1c	chr7	FALSE	TRUE
Slx	chrX	FALSE	FALSE
Cbx2	chr11	FALSE	FALSE
Anxa5	chr3	FALSE	TRUE
Tssk5	chr15	FALSE	TRUE
Alkal2	chr12	FALSE	FALSE
Tpm4	chr8	FALSE	TRUE
Gpr180	chr14	FALSE	TRUE
Cabp1	chr5	FALSE	FALSE
Ctnna2	chr6	TRUE	TRUE
Emb	chr13	FALSE	TRUE
F3	chr3	FALSE	FALSE
Mpp3	chr11	FALSE	FALSE
Dnpep	chr1	FALSE	FALSE
Atp2a3	chr11	FALSE	TRUE
Gng4	chr13	FALSE	TRUE
Dpf1	chr7	FALSE	TRUE
Thbd	chr2	FALSE	TRUE
Mycl	chr4	FALSE	FALSE
Pim1	chr17	FALSE	FALSE
Cst10	chr2	FALSE	FALSE
Cdh24	chr14	FALSE	TRUE
Alg6	chr4	FALSE	TRUE
Gzmg	chr14	FALSE	TRUE
Npy1r	chr8	FALSE	FALSE
Ccer1	chr10	FALSE	TRUE
Adrb3	chr8	FALSE	TRUE
Sstr1	chr12	FALSE	TRUE
Pdia6	chr12	FALSE	TRUE
Art5	chr7	FALSE	FALSE
Zdhhc12	chr2	FALSE	FALSE
Hhipl2	chr1	FALSE	TRUE
Mpnd	chr17	FALSE	FALSE
Foxf1	chr8	FALSE	TRUE
Akr1e1	chr13	FALSE	TRUE
Ankrd16	chr2	FALSE	TRUE
Nol3	chr8	FALSE	TRUE
Pafah1b3	chr7	FALSE	FALSE
Slc45a1	chr4	FALSE	TRUE
Fam89a	chr8	FALSE	FALSE
Grhl2	chr15	FALSE	TRUE
Fgg	chr3	FALSE	TRUE
Klrg2	chr6	FALSE	TRUE
AI593442	chr9	FALSE	FALSE
Pcbp3	chr10	FALSE	TRUE
Pidd1	chr7	FALSE	TRUE
Plcxd3	chr15	FALSE	TRUE
Six5	chr7	FALSE	TRUE
Got2	chr8	FALSE	FALSE
Phox2b	chr5	FALSE	TRUE
Galnt15	chr14	FALSE	FALSE
Erbb3	chr10	FALSE	TRUE
Lgals2	chr15	FALSE	FALSE
Evpl	chr11	FALSE	TRUE
Ankrd23	chr1	FALSE	FALSE
Igfbp3	chr11	FALSE	FALSE
Actr1a	chr19	FALSE	FALSE
Pum3	chr19	FALSE	TRUE
2610042L04Rik	chr14	FALSE	TRUE
Foxo4	chrX	FALSE	FALSE
Ccdc148	chr2	FALSE	TRUE
Tnfrsf14	chr4	FALSE	TRUE
Slc35c1	chr2	FALSE	TRUE
Smug1	chr15	FALSE	FALSE
Slc46a1	chr11	FALSE	FALSE
Kcne3	chr7	FALSE	TRUE
Zfp395	chr14	FALSE	TRUE
Exo1	chr1	FALSE	TRUE
Chst1	chr2	FALSE	FALSE
Mtnr1a	chr8	FALSE	FALSE
Gls2	chr10	FALSE	FALSE
Tmem123	chr9	FALSE	TRUE
Ssc4d	chr5	FALSE	FALSE
Uaca	chr9	FALSE	FALSE
Pik3ap1	chr19	FALSE	FALSE
Disp2	chr2	FALSE	TRUE
Cd164l2	chr4	FALSE	FALSE
Pnmt	chr11	FALSE	FALSE
Morc1	chr16	FALSE	TRUE
Exosc6	chr8	FALSE	FALSE
Akp3	chr1	FALSE	FALSE
Smpd4	chr16	FALSE	FALSE
Tssc4	chr7	FALSE	FALSE
Tcl1b2	chr12	FALSE	FALSE
Lrp2bp	chr8	FALSE	TRUE
St6galnac4	chr2	FALSE	FALSE
Nfic	chr10	FALSE	TRUE
Asf1b	chr8	FALSE	TRUE
Adgrf5	chr17	FALSE	FALSE
Sla2	chr2	FALSE	FALSE
Fst	chr13	FALSE	TRUE
Ccdc8	chr7	FALSE	FALSE
Pde1b	chr15	FALSE	FALSE
Ferd3l	chr12	FALSE	TRUE
Plec	chr15	FALSE	TRUE
Pnma5	chrX	FALSE	TRUE
Neu2	chr1	FALSE	TRUE
Nfil3	chr13	FALSE	FALSE
Tmem9	chr1	FALSE	FALSE
Gm44502	chr15	FALSE	FALSE
Thsd7a	chr6	FALSE	FALSE
Nr2e1	chr10	FALSE	TRUE
Fbxl15	chr19	FALSE	TRUE
Ptf1a	chr2	FALSE	TRUE
Dlgap1	chr17	FALSE	TRUE
Mybph	chr1	FALSE	FALSE
Cgrrf1	chr14	FALSE	TRUE
Shisa4	chr1	FALSE	FALSE
Tecr	chr8	FALSE	TRUE
B3gnt4	chr5	FALSE	TRUE
Mcidas	chr13	FALSE	FALSE
Shq1	chr6	FALSE	TRUE
Irx4	chr13	FALSE	FALSE
Nkx6-2	chr7	FALSE	TRUE
Spdl1	chr11	FALSE	FALSE
Fndc10	chr4	FALSE	TRUE
Ap5b1	chr19	FALSE	TRUE
Hao2	chr3	FALSE	FALSE
Plat	chr8	FALSE	TRUE
Atp10a	chr7	FALSE	FALSE
Prom2	chr2	FALSE	TRUE
Foxq1	chr13	FALSE	FALSE
H2-D1	chr17	FALSE	TRUE
Sowahb	chr5	FALSE	TRUE
Sec61b	chr4	FALSE	FALSE
Pkp1	chr1	FALSE	FALSE
Zyx	chr6	FALSE	TRUE
Bsx	chr9	FALSE	TRUE
Tmem132a	chr19	FALSE	FALSE
Otub2	chr12	FALSE	TRUE
Ntf3	chr6	FALSE	TRUE
Nrp1	chr8	FALSE	FALSE
Camk1	chr6	FALSE	TRUE
Tcf3	chr10	FALSE	FALSE
Prrx1	chr1	FALSE	TRUE
Notch3	chr17	FALSE	TRUE
Colq	chr14	FALSE	TRUE
Tagln2	chr1	FALSE	TRUE
Lrrtm1	chr6	FALSE	FALSE
Mb	chr15	FALSE	TRUE
Pak4	chr7	FALSE	FALSE
A630076J17Rik	chr3	FALSE	FALSE
Pla2g4a	chr1	FALSE	TRUE
Abitram	chr4	FALSE	TRUE
Laptm4a	chr12	FALSE	TRUE
Sh3yl1	chr12	FALSE	TRUE
Ecel1	chr1	FALSE	TRUE
Vac14	chr8	FALSE	FALSE
AU040320	chr4	FALSE	FALSE
Mastl	chr2	FALSE	TRUE
Psmb10	chr8	FALSE	TRUE
Sp7	chr15	FALSE	TRUE
Pwp2	chr10	FALSE	TRUE
Agtrap	chr4	FALSE	TRUE
Nodal	chr10	FALSE	TRUE
Tmx1	chr12	FALSE	TRUE
Pdhb	chr14	FALSE	FALSE
Hs6st1	chr1	FALSE	FALSE
Tac2	chr10	FALSE	FALSE
Slc7a2	chr8	FALSE	FALSE
Gjb3	chr4	FALSE	TRUE
Aqp3	chr4	FALSE	TRUE
Tpr	chr1	FALSE	FALSE
Tmem177	chr1	FALSE	TRUE
Cdc42se1	chr3	FALSE	FALSE
Ldoc1	chrX	FALSE	TRUE
Pgf	chr12	FALSE	FALSE
Sertm1	chr3	FALSE	TRUE
Tex50	chr1	FALSE	FALSE
2410004P03Rik	chr12	FALSE	FALSE
Zmynd15	chr11	FALSE	FALSE
Arf6	chr12	FALSE	FALSE
B4galnt1	chr10	FALSE	FALSE
Grin2d	chr7	FALSE	FALSE
Fut4	chr9	FALSE	FALSE
Ly6m	chr15	FALSE	FALSE
Mylip	chr13	FALSE	TRUE
Cbll1	chr12	FALSE	TRUE
Mrm3	chr11	FALSE	FALSE
Id1	chr2	FALSE	FALSE
Arsi	chr18	FALSE	TRUE
Mmut	chr17	FALSE	TRUE
Kcne2	chr16	FALSE	FALSE
Trh	chr6	FALSE	TRUE
Dio1	chr4	FALSE	FALSE
Samd4	chr14	FALSE	FALSE
Gdf7	chr12	FALSE	FALSE
Tgfb1	chr7	FALSE	TRUE
Mob3a	chr10	FALSE	FALSE
Rph3al	chr11	FALSE	FALSE
Slc2a6	chr2	FALSE	FALSE
Grk3	chr5	FALSE	FALSE
Igf2bp1	chr11	FALSE	TRUE
Them6	chr15	FALSE	FALSE
Efcab12	chr6	FALSE	TRUE
Syndig1	chr2	FALSE	FALSE
Hspb8	chr5	FALSE	FALSE
Vps37c	chr19	FALSE	TRUE
Tnk2	chr16	FALSE	TRUE
Tigd3	chr19	FALSE	FALSE
Fzd1	chr5	FALSE	TRUE
Sox1	chr8	FALSE	TRUE
Nxnl2	chr13	FALSE	TRUE
Lbx2	chr6	FALSE	TRUE
Zfp957	chr14	FALSE	TRUE
Tef	chr15	FALSE	TRUE
H3c4	chr13	FALSE	TRUE
Itm2b	chr14	FALSE	TRUE
Hsf2bp	chr17	FALSE	TRUE
Zcchc13	chrX	FALSE	FALSE
Tbc1d7	chr13	FALSE	FALSE
Pigf	chr17	FALSE	TRUE
Pnpla3	chr15	FALSE	FALSE
Gm15217	chr14	FALSE	FALSE
Peak1	chr9	FALSE	FALSE
Pgrmc2	chr3	FALSE	TRUE
Daam2	chr17	FALSE	TRUE
Cep41	chr6	FALSE	TRUE
Baalc	chr15	FALSE	TRUE
Dusp5	chr19	FALSE	FALSE
Rdh11	chr12	FALSE	TRUE
Lfng	chr5	FALSE	TRUE
Slc39a6	chr18	FALSE	TRUE
Insyn1	chr9	FALSE	FALSE
Clrn3	chr7	FALSE	TRUE
Cdk4	chr10	FALSE	TRUE
C1ra	chr6	FALSE	TRUE
Brpf1	chr6	FALSE	FALSE
Neil3	chr8	FALSE	TRUE
Mthfd1	chr12	FALSE	TRUE
St8sia3	chr18	FALSE	FALSE
Ralgds	chr2	FALSE	TRUE
Rnase13	chr14	FALSE	FALSE
Hoxd3	chr2	FALSE	TRUE
Drc1	chr5	FALSE	FALSE
Krt7	chr15	FALSE	FALSE
Eva1b	chr4	FALSE	TRUE
Socs3	chr11	FALSE	TRUE
Fmnl1	chr11	FALSE	FALSE
Cd72	chr4	FALSE	FALSE
Tpm2	chr4	FALSE	FALSE
Gm597	chr1	FALSE	TRUE
Cgas	chr9	FALSE	FALSE
Dap	chr15	FALSE	TRUE
Zscan18	chr7	FALSE	TRUE
Mmp2	chr8	FALSE	FALSE
Timm13	chr10	FALSE	FALSE
Hand1	chr11	FALSE	TRUE
Cnp	chr11	FALSE	FALSE
Poteg	chr8	FALSE	TRUE
Robo3	chr9	FALSE	TRUE
Vwa5b2	chr16	FALSE	TRUE
Rap1gds1	chr3	FALSE	TRUE
Dennd11	chr6	FALSE	TRUE
Sall1	chr8	FALSE	TRUE
Marcksl1	chr4	FALSE	TRUE
Ube2v1	chr2	FALSE	FALSE
Cebpe	chr14	FALSE	TRUE
Rpl29	chr9	FALSE	FALSE
Fgl2	chr5	FALSE	TRUE
Tnni3	chr7	FALSE	FALSE
Kmt5a	chr5	FALSE	FALSE
Sfn	chr4	FALSE	TRUE
Perm1	chr4	FALSE	FALSE
C1ql3	chr2	FALSE	TRUE
Prr15	chr6	FALSE	FALSE
Tigd2	chr6	FALSE	TRUE
Shisa2	chr14	FALSE	FALSE
Sox14	chr9	FALSE	TRUE
Rbm48	chr5	FALSE	TRUE
Ubl4b	chr3	FALSE	FALSE
Tmem98	chr11	FALSE	FALSE
Txndc2	chr17	FALSE	FALSE
Nrsn1	chr13	FALSE	FALSE
Ptk6	chr2	FALSE	TRUE
Snrpd3	chr10	FALSE	FALSE
Smpd1	chr7	FALSE	FALSE
Gpr39	chr1	FALSE	TRUE
Papss1	chr3	FALSE	TRUE
Lysmd3	chr13	FALSE	TRUE
Bag3	chr7	FALSE	FALSE
Nqo2	chr13	FALSE	TRUE
Fkbp11	chr15	FALSE	TRUE
Krt77	chr15	FALSE	FALSE
Plek2	chr12	FALSE	FALSE
Tlcd1	chr11	FALSE	TRUE
Ppp1r18	chr17	FALSE	FALSE
Ldlrap1	chr4	FALSE	TRUE
Fmo1	chr1	FALSE	TRUE
Mfap2	chr4	FALSE	TRUE
Itpripl1	chr2	FALSE	FALSE
Ociad2	chr5	FALSE	TRUE
Tac1	chr6	FALSE	FALSE
Sqle	chr15	FALSE	TRUE
Prdm12	chr2	FALSE	TRUE
Inpp1	chr1	FALSE	FALSE
Satb1	chr17	FALSE	TRUE
Ucp2	chr7	FALSE	FALSE
Srsf6	chr2	FALSE	FALSE
Mrpl39	chr16	FALSE	TRUE
Mdk	chr2	FALSE	FALSE
Cercam	chr2	FALSE	FALSE
Adamts6	chr13	FALSE	TRUE
Pxdc1	chr13	FALSE	TRUE
Slc16a12	chr19	FALSE	TRUE
Gzf1	chr2	FALSE	TRUE
Cldnd1	chr16	FALSE	TRUE
Baiap2l2	chr15	FALSE	TRUE
Prop1	chr11	FALSE	TRUE
Bace2	chr16	FALSE	FALSE
Atp6v0d2	chr4	FALSE	TRUE
Tmem25	chr9	FALSE	FALSE
Msx3	chr7	FALSE	FALSE
Cript	chr17	FALSE	FALSE
S100a10	chr3	FALSE	TRUE
Tmem198b	chr10	FALSE	TRUE
Slc22a12	chr19	FALSE	FALSE
Acot1	chr12	FALSE	FALSE
Epb41l4a	chr18	FALSE	TRUE
Epor	chr9	FALSE	FALSE
Unc13d	chr11	FALSE	FALSE
Hey2	chr10	FALSE	TRUE
Adm	chr7	FALSE	FALSE
Cep55	chr19	FALSE	TRUE
Tuba1b	chr15	FALSE	FALSE
Ggt1	chr10	FALSE	FALSE
Sp5	chr2	FALSE	TRUE
Kctd19	chr8	FALSE	FALSE
Ces2b	chr8	FALSE	TRUE
Marchf5	chr19	FALSE	FALSE
Ddah2	chr17	FALSE	FALSE
Car12	chr9	FALSE	FALSE
Hs3st3b1	chr11	FALSE	FALSE
Atp10b	chr11	FALSE	TRUE
Frat1	chr19	FALSE	FALSE
Il17rc	chr6	FALSE	FALSE
Gin1	chr1	FALSE	TRUE
Kbtbd7	chr14	FALSE	TRUE
Magi2	chr5	FALSE	TRUE
Capn15	chr17	FALSE	FALSE
Sergef	chr7	FALSE	FALSE
Rnf183	chr4	FALSE	FALSE
Erfl	chr7	FALSE	TRUE
Hps1	chr19	FALSE	FALSE
Ypel2	chr11	FALSE	TRUE
Ufsp2	chr8	FALSE	TRUE
Itgbl1	chr14	FALSE	FALSE
Crip2	chr12	FALSE	FALSE
B4galnt4	chr7	FALSE	TRUE
Lgi3	chr14	FALSE	FALSE
Spata21	chr4	FALSE	TRUE
Mak	chr13	FALSE	FALSE
S100a6	chr3	FALSE	FALSE
Rfng	chr11	FALSE	FALSE
Grm7	chr6	FALSE	TRUE
Pla2g4f	chr2	FALSE	FALSE
Drd4	chr7	FALSE	TRUE
Arf5	chr6	FALSE	FALSE
Tspan2	chr3	FALSE	FALSE
Batf3	chr1	FALSE	FALSE
Cxcr4	chr1	FALSE	FALSE
Ehf	chr2	FALSE	TRUE
Ltbp4	chr7	FALSE	TRUE
Anp32b	chr4	FALSE	TRUE
Lhx5	chr5	FALSE	TRUE
Erp27	chr6	FALSE	FALSE
Ybx3	chr6	FALSE	TRUE
Acvr1c	chr2	FALSE	TRUE
Scx	chr15	FALSE	FALSE
Csrnp1	chr9	FALSE	TRUE
Terb1	chr8	FALSE	FALSE
Fech	chr18	FALSE	TRUE
Gpr85	chr6	FALSE	TRUE
Scara3	chr14	FALSE	TRUE
Zfp467	chr6	FALSE	TRUE
Fzd9	chr5	FALSE	TRUE
Srf	chr17	FALSE	FALSE
Rcor2	chr19	FALSE	FALSE
Allc	chr12	FALSE	TRUE
Lsmem2	chr9	FALSE	FALSE
Fabp7	chr10	FALSE	TRUE
Nkx6-1	chr5	FALSE	TRUE
Sox3	chrX	FALSE	FALSE
Pitx1	chr13	FALSE	TRUE
Btn1a1	chr13	FALSE	FALSE
A3galt2	chr4	FALSE	TRUE
Mxd4	chr5	FALSE	FALSE
Ifna15	chr4	FALSE	FALSE
Smoc1	chr12	FALSE	FALSE
Gnai2	chr9	FALSE	FALSE
Btg1	chr10	FALSE	TRUE
Cct7	chr6	FALSE	FALSE
Dctd	chr8	FALSE	TRUE
Gm527	chr12	FALSE	TRUE
Efna5	chr17	FALSE	FALSE
Ipo5	chr14	FALSE	TRUE
Tmem86a	chr7	FALSE	FALSE
Smoc2	chr17	FALSE	TRUE
Xkr7	chr2	FALSE	TRUE
Zfp488	chr14	FALSE	TRUE
Ids	chrX	FALSE	TRUE
Mal2	chr15	FALSE	TRUE
Gm12830	chr4	FALSE	FALSE
Mlf2	chr6	FALSE	FALSE
Gm20741	chr16	FALSE	FALSE
Plgrkt	chr19	FALSE	TRUE
Iqcn	chr8	FALSE	FALSE
Tmem100	chr11	FALSE	FALSE
Socs1	chr16	FALSE	FALSE
Ccin	chr4	FALSE	TRUE
Kcnk16	chr14	FALSE	FALSE
Parp11	chr6	FALSE	TRUE
Slc38a9	chr13	FALSE	FALSE
Serpinh1	chr7	FALSE	TRUE
Slc25a47	chr12	FALSE	FALSE
Dmtn	chr14	FALSE	TRUE
Evx2	chr2	FALSE	TRUE
Tmem255a	chrX	FALSE	TRUE
Arrdc3	chr13	FALSE	TRUE
AI429214	chr8	FALSE	TRUE
Hck	chr2	FALSE	FALSE
Fbxl6	chr15	FALSE	TRUE
Zfp36l1	chr12	FALSE	FALSE
Tmem17	chr11	FALSE	TRUE
Prps1	chrX	FALSE	TRUE
Shc1	chr3	FALSE	TRUE
Erf	chr7	FALSE	TRUE
Id4	chr13	FALSE	TRUE
H3c2	chr13	FALSE	TRUE
Fgf16	chrX	FALSE	FALSE
Obsl1	chr1	FALSE	TRUE
Mef2d	chr3	FALSE	TRUE
Rpl37a	chr1	FALSE	FALSE
G0s2	chr1	FALSE	TRUE
Ppp1r3e	chr14	FALSE	TRUE
Espnl	chr1	FALSE	FALSE
Gdpd2	chrX	FALSE	FALSE
Aplnr	chr2	FALSE	TRUE
Entpd2	chr2	FALSE	FALSE
Zdhhc18	chr4	FALSE	FALSE
Gpr63	chr4	FALSE	TRUE
Castor2	chr5	FALSE	TRUE
Ccl17	chr8	FALSE	TRUE
Sgcz	chr8	FALSE	TRUE
Maged1	chrX	FALSE	FALSE
Ccnc	chr4	FALSE	TRUE
Msmo1	chr8	FALSE	TRUE
Prcd	chr11	FALSE	TRUE
Rab12	chr17	FALSE	TRUE
Paxip1	chr5	FALSE	TRUE
Xkrx	chrX	FALSE	FALSE
Pgm3	chr9	FALSE	TRUE
Dusp10	chr1	FALSE	TRUE
Cd93	chr2	FALSE	TRUE
Dmrtb1	chr4	FALSE	FALSE
Mcm10	chr2	FALSE	FALSE
Tspan14	chr14	FALSE	TRUE
Prss2	chr6	FALSE	FALSE
Minar1	chr9	FALSE	FALSE
Llph	chr10	FALSE	TRUE
Fgf22	chr10	FALSE	FALSE
Smyd2	chr1	FALSE	TRUE
Ccdc32	chr2	FALSE	TRUE
Krt81	chr15	FALSE	FALSE
Gm36176	chr10	FALSE	TRUE
Dele1	chr18	FALSE	TRUE
Tmem63a	chr1	FALSE	TRUE
Cgnl1	chr9	FALSE	FALSE
Perp	chr10	FALSE	TRUE
BC107364	chr3	FALSE	TRUE
1700030J22Rik	chr8	FALSE	TRUE
Gpr37l1	chr1	FALSE	FALSE
Phc2	chr4	FALSE	FALSE
Fdps	chr3	FALSE	TRUE
Myoz3	chr18	FALSE	TRUE
Atg10	chr13	FALSE	TRUE
Ttc34	chr4	FALSE	TRUE
Herc3	chr6	FALSE	TRUE
Myrf	chr19	FALSE	TRUE
Slc27a3	chr3	FALSE	FALSE
Lin28a	chr4	FALSE	FALSE
Foxa1	chr12	FALSE	TRUE
Btg2	chr1	FALSE	FALSE
Ankrd33	chr15	FALSE	FALSE
Pdxk	chr10	FALSE	TRUE
Rhbdf1	chr11	FALSE	TRUE
Pla2g2c	chr4	FALSE	TRUE
Tmem8b	chr4	FALSE	FALSE
Cav1	chr6	FALSE	FALSE
Mybpc3	chr2	FALSE	TRUE
Hdac5	chr11	FALSE	TRUE
Selenon	chr4	FALSE	TRUE
Ccdc40	chr11	FALSE	FALSE
Actl11	chr9	FALSE	FALSE
Tmprss11a	chr5	FALSE	TRUE
Efnb3	chr11	FALSE	TRUE
Kif17	chr4	FALSE	TRUE
Lefty2	chr1	FALSE	TRUE
Fgf9	chr14	FALSE	TRUE
Rragc	chr4	FALSE	TRUE
Cldn7	chr11	FALSE	FALSE
Tnfrsf18	chr4	FALSE	FALSE
Mroh6	chr15	FALSE	FALSE
Dennd4b	chr3	FALSE	TRUE
Gjb5	chr4	FALSE	TRUE
Atxn7l2	chr3	FALSE	TRUE
Sowahd	chrX	FALSE	FALSE
Marveld3	chr8	FALSE	FALSE
Igf2r	chr17	FALSE	TRUE
Slc7a5	chr8	FALSE	TRUE
Phlda2	chr7	FALSE	TRUE
St3gal6	chr16	FALSE	FALSE
Nppc	chr1	FALSE	TRUE
Parp12	chr6	FALSE	FALSE
Cntln	chr4	FALSE	TRUE
Cdk1	chr10	FALSE	TRUE
Ypel4	chr2	FALSE	FALSE
Tyro3	chr2	FALSE	TRUE
Nectin2	chr7	FALSE	TRUE
Dgkz	chr2	FALSE	TRUE
Nes	chr3	FALSE	TRUE
Lama5	chr2	FALSE	TRUE
Snx20	chr8	FALSE	TRUE
Tlr2	chr3	FALSE	TRUE
Fam83d	chr2	FALSE	FALSE
Peg10	chr6	FALSE	FALSE
Dmtf1	chr5	FALSE	TRUE
Mrpl34	chr8	FALSE	TRUE
Ctdsp2	chr10	FALSE	FALSE
Ccdc166	chr15	FALSE	FALSE
Tex44	chr1	FALSE	TRUE
Gpx5	chr13	FALSE	TRUE
Zfc3h1	chr10	FALSE	FALSE
Msx1	chr5	FALSE	FALSE
Ddx11	chr17	FALSE	FALSE
Tmem141	chr2	FALSE	FALSE
Mybl1	chr1	FALSE	TRUE
Arl5c	chr11	FALSE	TRUE
Dlgap3	chr4	FALSE	FALSE
Tshb	chr3	FALSE	TRUE
Aph1b	chr9	FALSE	FALSE
Psca	chr15	FALSE	FALSE
B4galnt2	chr11	FALSE	TRUE
Mt1	chr8	FALSE	FALSE
Ucp1	chr8	FALSE	TRUE
Zbtb43	chr2	FALSE	FALSE
Ddn	chr15	FALSE	TRUE
Thap12	chr7	FALSE	FALSE
Ido1	chr8	FALSE	TRUE
Ulk1	chr5	FALSE	TRUE
Rnf144b	chr13	FALSE	TRUE
Cep120	chr18	FALSE	TRUE
Zfp775	chr6	FALSE	TRUE
Cpxm2	chr7	FALSE	TRUE
Itgb6	chr2	FALSE	TRUE
Slf1	chr13	FALSE	TRUE
Inka1	chr9	FALSE	FALSE
Trhr2	chr8	FALSE	FALSE
Phc1	chr6	FALSE	TRUE
Htr2a	chr14	FALSE	FALSE
Epsti1	chr14	FALSE	FALSE
Otol1	chr3	FALSE	TRUE
Tmem238l	chr11	FALSE	FALSE
Ppa1	chr10	FALSE	TRUE
Cavin4	chr4	FALSE	TRUE
Rbpjl	chr2	FALSE	TRUE
Sf3b6	chr12	FALSE	TRUE
Ing2	chr8	FALSE	TRUE
Galr1	chr18	FALSE	FALSE
Lgr5	chr10	FALSE	TRUE
Nbl1	chr4	FALSE	FALSE
Tmem120a	chr5	FALSE	FALSE
Sdcbp	chr4	TRUE	TRUE
Zfp277	chr12	FALSE	TRUE
Rps23	chr13	FALSE	FALSE
Plppr3	chr10	FALSE	FALSE
Olig1	chr16	FALSE	FALSE
Calm2	chr17	FALSE	TRUE
Gca	chr2	FALSE	TRUE
Enc1	chr13	FALSE	FALSE
E030018B13Rik	chr7	FALSE	TRUE
Gdf6	chr4	FALSE	TRUE
Cma1	chr14	FALSE	TRUE
Gabrg2	chr11	TRUE	TRUE
Ush2a	chr1	FALSE	FALSE
Ttc8	chr12	TRUE	TRUE
Ppm1j	chr3	FALSE	FALSE
Tspyl4	chr10	FALSE	TRUE
Pcdh18	chr3	TRUE	FALSE
Gpr21	chr2	FALSE	FALSE
Gpr87	chr3	FALSE	TRUE
Fgr	chr4	FALSE	FALSE
Amfr	chr8	FALSE	TRUE
Rhob	chr12	FALSE	TRUE
Odf2l	chr3	FALSE	TRUE
Erich2	chr2	FALSE	FALSE
Tox3	chr8	FALSE	FALSE
Enpp4	chr17	FALSE	TRUE
Sec14l2	chr11	FALSE	FALSE
Tnc	chr4	FALSE	FALSE
Gpr25	chr1	FALSE	FALSE
Tprn	chr2	FALSE	FALSE
Klhl23	chr2	FALSE	TRUE
Nr2c1	chr10	FALSE	TRUE
Ier2	chr8	FALSE	TRUE
Cxcr3	chrX	FALSE	FALSE
E030025P04Rik	chr11	FALSE	FALSE
Klhl40	chr9	FALSE	FALSE
Tead3	chr17	FALSE	TRUE
Cavin3	chr7	FALSE	FALSE
Slc7a8	chr14	FALSE	TRUE
Akain1	chr17	FALSE	FALSE
Gpr142	chr11	FALSE	FALSE
Coa6	chr8	FALSE	FALSE
Lhcgr	chr17	FALSE	FALSE
Cetn4	chr3	FALSE	TRUE
Agrn	chr4	FALSE	FALSE
Cdh8	chr8	FALSE	TRUE
Aldob	chr4	FALSE	TRUE
Ky	chr9	FALSE	FALSE
Pkd2l1	chr19	FALSE	FALSE
Tsen15	chr1	FALSE	TRUE
Ccdc85c	chr12	FALSE	FALSE
Crtc2	chr3	FALSE	TRUE
Nptx2	chr5	FALSE	FALSE
Bglap	chr3	FALSE	FALSE
Casp12	chr9	TRUE	TRUE
Tlx1	chr19	FALSE	TRUE
Notum	chr11	FALSE	TRUE
Cfd	chr10	FALSE	FALSE
Ing1	chr8	FALSE	TRUE
Mfsd3	chr15	FALSE	TRUE
Sprtn	chr8	FALSE	FALSE
Fos	chr12	FALSE	TRUE
Tex35	chr1	FALSE	TRUE
Icam4	chr9	FALSE	FALSE
Wnt5a	chr14	FALSE	FALSE
Unc5d	chr8	FALSE	FALSE
Vstm5	chr9	FALSE	FALSE
Scnn1b	chr7	FALSE	FALSE
Krt73	chr15	FALSE	FALSE
H4c3	chr13	FALSE	TRUE
Tspyl3	chr2	FALSE	FALSE
Sfrp2	chr3	FALSE	FALSE
Id3	chr4	FALSE	TRUE
Psmd7	chr8	FALSE	FALSE
Rab26	chr17	FALSE	FALSE
4930579F01Rik	chr3	FALSE	FALSE
Rfk	chr19	FALSE	TRUE
Mmp24	chr2	FALSE	FALSE
Pcna	chr2	FALSE	TRUE
Stard10	chr7	FALSE	FALSE
Rtl5	chrX	FALSE	FALSE
Zbtb5	chr4	FALSE	FALSE
Srp14	chr2	FALSE	FALSE
Tmc3	chr7	FALSE	FALSE
Ntpcr	chr8	FALSE	FALSE
Trim8	chr19	FALSE	FALSE
Klhl33	chr14	FALSE	TRUE
Slc10a6	chr5	FALSE	TRUE
Zfp444	chr7	FALSE	TRUE
Tyw3	chr3	FALSE	TRUE
Ripply3	chr16	FALSE	FALSE
Shisal2a	chr4	FALSE	TRUE
Nkx1-2	chr7	FALSE	TRUE
Il10	chr1	FALSE	FALSE
Hhex	chr19	FALSE	TRUE
Mtss2	chr8	FALSE	TRUE
Bsnd	chr4	FALSE	TRUE
Dut	chr2	FALSE	TRUE
Cbln4	chr2	FALSE	TRUE
Cdh15	chr8	FALSE	FALSE
Insl6	chr19	FALSE	FALSE
Gjb6	chr14	FALSE	TRUE
Bin2	chr15	FALSE	FALSE
Cd1d1	chr3	FALSE	FALSE
Hsph1	chr5	FALSE	TRUE
Slc35d2	chr13	FALSE	FALSE
Pm20d2	chr4	FALSE	TRUE
Msgn1	chr12	FALSE	FALSE
Bpifb3	chr2	FALSE	FALSE
Synpo2l	chr14	FALSE	TRUE
Ttf2	chr3	FALSE	TRUE
Emilin3	chr2	FALSE	TRUE
Tbc1d8b	chrX	FALSE	TRUE
Mlh1	chr9	FALSE	FALSE
Mef2c	chr13	FALSE	TRUE
Asap2	chr12	FALSE	TRUE
Tchhl1	chr3	FALSE	FALSE
Camk2d	chr3	FALSE	TRUE
Mms19	chr19	FALSE	FALSE
Zfp366	chr13	FALSE	FALSE
Tmem164	chrX	FALSE	FALSE
Cenpl	chr1	FALSE	TRUE
Fhl2	chr1	FALSE	TRUE
Hrh2	chr13	FALSE	FALSE
Ccne1	chr7	FALSE	TRUE
Shd	chr17	FALSE	FALSE
Dlx2	chr2	FALSE	FALSE
Mtr	chr13	FALSE	TRUE
Galnt12	chr4	FALSE	FALSE
Psap	chr10	FALSE	FALSE
Anxa7	chr14	FALSE	TRUE
Ccnl1	chr3	FALSE	FALSE
Neurod2	chr11	TRUE	FALSE
Rad23b	chr4	FALSE	FALSE
Rcan2	chr17	FALSE	FALSE
Mgat1	chr11	FALSE	TRUE
Plrg1	chr3	FALSE	TRUE
Cgref1	chr5	FALSE	TRUE
Ptx3	chr3	FALSE	FALSE
Babam2	chr5	FALSE	TRUE
Cfap69	chr5	FALSE	TRUE
Frmpd4	chrX	FALSE	TRUE
Slc35e3	chr10	FALSE	TRUE
Lsm3	chr6	FALSE	TRUE
Creg1	chr1	FALSE	FALSE
Gli1	chr10	FALSE	TRUE
Thap1	chr8	FALSE	FALSE
Degs1	chr1	FALSE	TRUE
Zfp518b	chr5	FALSE	TRUE
Uts2r	chr11	FALSE	FALSE
Ppp1r3b	chr8	FALSE	FALSE
Wee2	chr6	FALSE	TRUE
2310022B05Rik	chr8	FALSE	FALSE
Rbck1	chr2	FALSE	TRUE
Chst2	chr9	FALSE	FALSE
Ercc1	chr7	FALSE	TRUE
Ino80c	chr18	FALSE	TRUE
Krt82	chr15	FALSE	FALSE
Rasal3	chr17	FALSE	TRUE
Nudt7	chr8	FALSE	TRUE
Ppp1r3d	chr2	FALSE	FALSE
Rpusd1	chr17	FALSE	FALSE
Ccdc136	chr6	FALSE	TRUE
Scp2d1	chr2	FALSE	TRUE
Dmac1	chr4	FALSE	TRUE
Gm13288	chr4	FALSE	TRUE
Cpa5	chr6	FALSE	FALSE
Carmil2	chr8	FALSE	TRUE
Vip	chr10	FALSE	TRUE
9930012K11Rik	chr14	FALSE	TRUE
Cnn2	chr10	FALSE	FALSE
Psat1	chr19	FALSE	FALSE
R3hcc1l	chr19	FALSE	TRUE
Mmp23	chr4	FALSE	TRUE
Igip	chr18	FALSE	TRUE
Aebp1	chr11	FALSE	TRUE
Tymp	chr15	FALSE	TRUE
Fam89b	chr19	FALSE	FALSE
Rap2b	chr3	FALSE	TRUE
Inpp5f	chr7	FALSE	FALSE
Gpnmb	chr6	FALSE	FALSE
Nlgn3	chrX	FALSE	FALSE
Rps29	chr12	FALSE	TRUE
Utp25	chr1	FALSE	FALSE
Nyap2	chr1	FALSE	TRUE
Kcna4	chr2	FALSE	TRUE
Foxi1	chr11	FALSE	FALSE
Kat14	chr2	FALSE	TRUE
Tdrp	chr8	FALSE	FALSE
Polr2h	chr16	FALSE	TRUE
Slc35f6	chr5	FALSE	FALSE
Ubiad1	chr4	FALSE	TRUE
Ubtd2	chr11	FALSE	FALSE
Tbl2	chr5	FALSE	FALSE
Septin3	chr15	FALSE	FALSE
Ube2m	chr7	FALSE	FALSE
Chmp6	chr11	FALSE	TRUE
Tmem106b	chr6	FALSE	TRUE
Hacl1	chr14	FALSE	TRUE
Inmt	chr6	FALSE	TRUE
Snapc4	chr2	FALSE	TRUE
Hsfy2	chr1	FALSE	TRUE
Slc6a7	chr18	FALSE	FALSE
Usp42	chr5	FALSE	FALSE
Hmga1	chr17	FALSE	FALSE
Ptcd2	chr13	FALSE	TRUE
Psmc1	chr12	FALSE	FALSE
Dcp1a	chr14	FALSE	FALSE
Dusp2	chr2	FALSE	FALSE
2210016L21Rik	chr5	FALSE	TRUE
Tmsb4x	chrX	FALSE	TRUE
Nat8f1	chr6	FALSE	TRUE
Ccdc142	chr6	FALSE	TRUE
Olfm1	chr2	FALSE	TRUE
Sipa1l3	chr7	FALSE	FALSE
Pdgfb	chr15	FALSE	TRUE
Trim72	chr7	FALSE	FALSE
Ctbp1	chr5	FALSE	TRUE
Pfn2	chr3	FALSE	TRUE
Nrip1	chr16	FALSE	TRUE
Bpifb6	chr2	FALSE	TRUE
Glrp1	chr1	FALSE	TRUE
Eif3j2	chr18	FALSE	TRUE
Adrb1	chr19	FALSE	TRUE
Foxb2	chr19	FALSE	TRUE
Aqp5	chr15	FALSE	FALSE
Ly6e	chr15	FALSE	FALSE
Gatd3a	chr10	FALSE	TRUE
Mrgbp	chr2	FALSE	FALSE
Dio3	chr12	FALSE	TRUE
Amigo1	chr3	FALSE	FALSE
Ppp1r3g	chr13	FALSE	FALSE
Gpc3	chrX	FALSE	FALSE
Rusc1	chr3	FALSE	FALSE
Sun5	chr2	FALSE	FALSE
Ripk1	chr13	FALSE	TRUE
Srd5a3	chr5	FALSE	TRUE
Hdc	chr2	FALSE	FALSE
Mthfr	chr4	FALSE	FALSE
Mterf1b	chr5	FALSE	TRUE
Olig2	chr16	FALSE	TRUE
Mcm8	chr2	FALSE	TRUE
Dlg3	chrX	FALSE	FALSE
Adcy8	chr15	FALSE	TRUE
Pcdh17	chr14	FALSE	FALSE
Oas1g	chr5	FALSE	FALSE
H3c7	chr13	FALSE	TRUE
Rad1	chr15	FALSE	TRUE
Gstk1	chr6	FALSE	TRUE
Plekho1	chr3	FALSE	FALSE
Wnt2	chr6	FALSE	FALSE
Psmg4	chr13	FALSE	TRUE
Rps6ka1	chr4	FALSE	FALSE
Ism2	chr12	FALSE	TRUE
Gnb2	chr5	FALSE	TRUE
Nkx1-1	chr5	FALSE	TRUE
Chd9	chr8	FALSE	FALSE
Cebpd	chr16	FALSE	TRUE
Cflar	chr1	FALSE	TRUE
Fcrlb	chr1	FALSE	TRUE
Trim35	chr14	FALSE	FALSE
Csf2	chr11	FALSE	FALSE
Amdhd1	chr10	FALSE	FALSE
Ppil1	chr17	FALSE	FALSE
Ubtd1	chr19	FALSE	TRUE
Capn8	chr1	FALSE	FALSE
Hes2	chr4	FALSE	TRUE
Wbp4	chr14	FALSE	TRUE
Nuf2	chr1	FALSE	TRUE
Tox2	chr2	FALSE	FALSE
Spag7	chr11	FALSE	FALSE
Atg3	chr16	FALSE	TRUE
Nup62cl	chrX	FALSE	TRUE
Fosl1	chr19	FALSE	TRUE
Dlk1	chr12	FALSE	TRUE
Cdpf1	chr15	FALSE	TRUE
Tmem101	chr11	FALSE	FALSE
Mcm3	chr1	FALSE	TRUE
Marcks	chr10	FALSE	TRUE
Frem2	chr3	FALSE	FALSE
Dmpk	chr7	FALSE	TRUE
Slc25a31	chr3	FALSE	TRUE
Wbp1	chr6	FALSE	FALSE
Siah2	chr3	FALSE	TRUE
Qdpr	chr5	FALSE	TRUE
Bhlha9	chr11	FALSE	FALSE
Mmp25	chr17	FALSE	TRUE
Colec11	chr12	FALSE	TRUE
Lmo4	chr3	FALSE	TRUE
Hoxa4	chr6	FALSE	TRUE
Il9	chr13	FALSE	FALSE
Cdkn3	chr14	FALSE	TRUE
Pogk	chr1	FALSE	TRUE
Rab17	chr1	FALSE	TRUE
Usp25	chr16	FALSE	TRUE
Bach2	chr4	FALSE	TRUE
Cgn	chr3	FALSE	FALSE
Calm1	chr12	FALSE	TRUE
Nanos1	chr19	FALSE	FALSE
Hoxc10	chr15	FALSE	TRUE
Rmi2	chr16	FALSE	TRUE
Rarres2	chr6	FALSE	TRUE
Apln	chrX	FALSE	FALSE
Lrrc66	chr5	FALSE	TRUE
Gstz1	chr12	FALSE	FALSE
Foxd1	chr13	FALSE	TRUE
Mex3d	chr10	FALSE	FALSE
Nedd1	chr10	FALSE	TRUE
Mrps31	chr8	FALSE	TRUE
Slc2a8	chr2	FALSE	FALSE
Ccdc124	chr8	FALSE	TRUE
Tor3a	chr1	FALSE	FALSE
Arl5b	chr2	FALSE	TRUE
Ptp4a1	chr1	FALSE	TRUE
Mapk1ip1l	chr14	FALSE	TRUE
Abhd13	chr8	FALSE	TRUE
Adgrg3	chr8	FALSE	FALSE
Ppif	chr14	FALSE	TRUE
Zfp648	chr1	FALSE	FALSE
Pex16	chr2	FALSE	TRUE
Otor	chr2	FALSE	TRUE
Creb3l4	chr3	FALSE	TRUE
C2cd4a	chr9	FALSE	FALSE
Tacc3	chr5	FALSE	TRUE
Zfp185	chrX	FALSE	FALSE
Dusp26	chr8	FALSE	TRUE
Lin7c	chr2	FALSE	TRUE
Zfp281	chr1	FALSE	TRUE
Fank1	chr7	FALSE	FALSE
Taar7b	chr10	FALSE	FALSE
Hspa1b	chr17	FALSE	FALSE
Zscan10	chr17	FALSE	FALSE
Map1lc3b	chr8	FALSE	TRUE
Gm19668	chr10	FALSE	FALSE
Ccdc89	chr7	FALSE	TRUE
Ly96	chr1	FALSE	TRUE
C1ql1	chr11	FALSE	TRUE
Pnp	chr14	FALSE	TRUE
Trim32	chr4	FALSE	TRUE
Dlk2	chr17	FALSE	TRUE
Ucp3	chr7	FALSE	FALSE
Cdca7l	chr12	FALSE	TRUE
Ets2	chr16	FALSE	TRUE
Ermard	chr17	FALSE	TRUE
Cmtm1	chr8	FALSE	TRUE
Itga2	chr13	FALSE	FALSE
Prlh	chr1	FALSE	TRUE
Otub1	chr19	FALSE	TRUE
Zfp512b	chr2	FALSE	TRUE
Aldoart1	chr4	FALSE	TRUE
Ncaph2	chr15	FALSE	TRUE
Scml2	chrX	FALSE	TRUE
Mtx3	chr13	FALSE	TRUE
Cdca7	chr2	FALSE	FALSE
Rho	chr6	FALSE	FALSE
Vldlr	chr19	FALSE	TRUE
C2cd4b	chr9	FALSE	FALSE
Slc16a8	chr15	FALSE	TRUE
Il17d	chr14	FALSE	TRUE
Nacad	chr11	FALSE	FALSE
Elf3	chr1	FALSE	FALSE
Slc7a11	chr3	FALSE	FALSE
Foxn4	chr5	FALSE	TRUE
Gpr84	chr15	FALSE	TRUE
Aars2	chr17	FALSE	TRUE
Nudt16	chr9	FALSE	TRUE
Cetn3	chr13	FALSE	TRUE
Necab2	chr8	FALSE	FALSE
Ankrd46	chr15	FALSE	FALSE
Cnga2	chrX	FALSE	TRUE
Slc25a42	chr8	FALSE	FALSE
Hmgcr	chr13	FALSE	TRUE
Rdh14	chr12	FALSE	TRUE
H4c11	chr13	FALSE	TRUE
Ivd	chr2	FALSE	FALSE
Lrrc10	chr10	FALSE	TRUE
Serpina12	chr12	FALSE	TRUE
Mboat7	chr7	FALSE	FALSE
Cpvl	chr6	FALSE	TRUE
Aup1	chr6	FALSE	TRUE
N4bp3	chr11	FALSE	FALSE
Amz2	chr11	FALSE	TRUE
Suds3	chr5	FALSE	FALSE
Snapc3	chr4	FALSE	FALSE
Ccdc61	chr7	FALSE	TRUE
Npff	chr15	FALSE	TRUE
Nrg3	chr14	FALSE	TRUE
Lmx1a	chr1	FALSE	TRUE
Sipa1l2	chr8	FALSE	FALSE
Ankrd9	chr12	FALSE	TRUE
Cirbp	chr10	FALSE	TRUE
Duox2	chr2	FALSE	TRUE
Rpp38	chr2	FALSE	TRUE
Thoc6	chr17	FALSE	FALSE
Myc	chr15	FALSE	TRUE
Fcamr	chr1	FALSE	TRUE
Tpp1	chr7	FALSE	TRUE
Plekhh2	chr17	FALSE	FALSE
Pole2	chr12	FALSE	TRUE
Dchs1	chr7	FALSE	FALSE
Card9	chr2	FALSE	TRUE
Klhdc8b	chr9	FALSE	TRUE
Amh	chr10	FALSE	TRUE
Hmgcll1	chr9	FALSE	TRUE
Bcap29	chr12	FALSE	TRUE
Wsb1	chr11	FALSE	FALSE
Rab32	chr10	FALSE	TRUE
Shisa7	chr7	FALSE	TRUE
Upk3a	chr15	FALSE	FALSE
Rcn1	chr2	FALSE	TRUE
Trmt44	chr5	FALSE	TRUE
Pamr1	chr2	FALSE	TRUE
Fam184a	chr10	FALSE	TRUE
Fcho1	chr8	FALSE	FALSE
Ier5l	chr2	FALSE	TRUE
Bcl2l11	chr2	FALSE	FALSE
Lxn	chr3	FALSE	FALSE
Sntn	chr14	FALSE	TRUE
Ndufa4	chr6	FALSE	TRUE
Zfp251	chr15	FALSE	FALSE
Akap5	chr12	FALSE	FALSE
Lrcol1	chr5	FALSE	TRUE
Zfp612	chr8	FALSE	FALSE
Pja1	chrX	FALSE	FALSE
Cyp24a1	chr2	FALSE	TRUE
Rgcc	chr14	FALSE	TRUE
Rpl31	chr1	FALSE	FALSE
Pcyox1l	chr18	FALSE	FALSE
Gtf2e1	chr16	FALSE	TRUE
Isyna1	chr8	FALSE	TRUE
Hmg20b	chr10	FALSE	TRUE
Cables2	chr2	FALSE	FALSE
Snx7	chr3	FALSE	TRUE
Lsm6	chr8	FALSE	TRUE
Ifitm3	chr7	FALSE	TRUE
Tusc1	chr4	FALSE	TRUE
Tspan18	chr2	FALSE	FALSE
Fra10ac1	chr19	FALSE	TRUE
Saa1	chr7	FALSE	FALSE
2700062C07Rik	chr18	FALSE	TRUE
Drd5	chr5	FALSE	TRUE
Gper1	chr5	FALSE	FALSE
Dmrta2	chr4	FALSE	TRUE
Mid1	chrX	FALSE	TRUE
Rpusd2	chr2	FALSE	TRUE
Ltbr	chr6	FALSE	FALSE
Cmtr1	chr17	FALSE	FALSE
Wrap73	chr4	FALSE	FALSE
Tmem196	chr12	FALSE	TRUE
Tmtc2	chr10	FALSE	FALSE
Crh	chr3	FALSE	TRUE
Hsd3b7	chr7	FALSE	FALSE
Chd3	chr11	FALSE	FALSE
H2-Q1	chr17	FALSE	TRUE
Slc29a1	chr17	FALSE	TRUE
Egr3	chr14	FALSE	FALSE
Gm572	chr4	FALSE	TRUE
Wfdc2	chr2	FALSE	TRUE
Hoxb8	chr11	FALSE	TRUE
Barhl2	chr5	TRUE	TRUE
Spag1	chr15	FALSE	TRUE
Cic	chr7	FALSE	FALSE
Trpv6	chr6	FALSE	FALSE
Rims2	chr15	FALSE	FALSE
Nab1	chr1	TRUE	TRUE
Tnfaip8l1	chr17	FALSE	FALSE
Il20ra	chr10	FALSE	FALSE
Erich3	chr3	FALSE	TRUE
Rpl15	chr14	FALSE	TRUE
Ccng2	chr5	FALSE	TRUE
Cd24a	chr10	FALSE	FALSE
Ptch1	chr13	FALSE	TRUE
Rnf225	chr7	FALSE	TRUE
Nell1	chr7	FALSE	FALSE
Snai3	chr8	FALSE	FALSE
Zbtb7b	chr3	FALSE	TRUE
Fgf18	chr11	FALSE	TRUE
Rwdd4a	chr8	FALSE	TRUE
Wdr5	chr2	FALSE	FALSE
Foxred2	chr15	FALSE	FALSE
Nek2	chr1	FALSE	TRUE
Tomm20l	chr12	FALSE	TRUE
Kank2	chr9	FALSE	FALSE
B4galt6	chr18	FALSE	TRUE
Nrep	chr18	TRUE	TRUE
Alox15	chr11	FALSE	TRUE
Atxn7l3b	chr10	FALSE	TRUE
Khk	chr5	FALSE	FALSE
Sspn	chr6	FALSE	TRUE
Rgl3	chr9	FALSE	FALSE
Khdc1b	chr1	FALSE	TRUE
Manba	chr3	FALSE	TRUE
Hnrnpc	chr14	FALSE	FALSE
Tap2	chr17	FALSE	FALSE
Brf2	chr8	FALSE	FALSE
Plekhs1	chr19	FALSE	TRUE
Rgs22	chr15	FALSE	FALSE
Nkx2-5	chr17	FALSE	TRUE
Gmfb	chr14	FALSE	TRUE
Pard3	chr8	FALSE	FALSE
Spice1	chr16	FALSE	TRUE
Csmd1	chr8	FALSE	FALSE
Cilp2	chr8	FALSE	TRUE
Bcl2l14	chr6	FALSE	FALSE
H2al2a	chr2	FALSE	FALSE
Cycs	chr6	FALSE	TRUE
Cmtm5	chr14	FALSE	FALSE
A130010J15Rik	chr1	FALSE	TRUE
Speer4f1	chr5	FALSE	TRUE
9330182O14Rik	chr15	FALSE	FALSE
Rtl6	chr15	FALSE	TRUE
Ascl2	chr7	FALSE	TRUE
Spns2	chr11	FALSE	FALSE
Prok1	chr3	FALSE	FALSE
Oma1	chr4	FALSE	TRUE
Sec61a1	chr6	FALSE	TRUE
Slc25a44	chr3	FALSE	FALSE
Pdlim4	chr11	FALSE	TRUE
Rell2	chr18	FALSE	TRUE
Fam210b	chr2	FALSE	FALSE
Xkr5	chr8	FALSE	TRUE
Map1lc3a	chr2	FALSE	TRUE
Foxb1	chr9	FALSE	TRUE
Rbm24	chr13	FALSE	FALSE
Ptn	chr6	FALSE	FALSE
Bmp1	chr14	FALSE	TRUE
Rnf5	chr17	FALSE	FALSE
Synpr	chr14	TRUE	TRUE
Tcea1	chr1	FALSE	TRUE
Rgs2	chr1	FALSE	TRUE
D16Ertd472e	chr16	FALSE	FALSE
Paxbp1	chr16	FALSE	FALSE
Cldn22	chr8	FALSE	TRUE
Col12a1	chr9	FALSE	FALSE
Irx3	chr8	FALSE	TRUE
Galr2	chr11	FALSE	TRUE
Dsc3	chr18	FALSE	TRUE
Mphosph6	chr8	FALSE	TRUE
Las1l	chrX	FALSE	FALSE
Tigd5	chr15	FALSE	FALSE
Htr1a	chr13	FALSE	FALSE
Nrtn	chr17	FALSE	FALSE
Krr1	chr10	FALSE	TRUE
Ldhd	chr8	FALSE	TRUE
Sparcl1	chr5	FALSE	TRUE
Mdh1	chr11	FALSE	FALSE
Cep72	chr13	FALSE	TRUE
Actg1	chr11	FALSE	TRUE
Ttc7	chr17	FALSE	FALSE
Ube2q1	chr3	FALSE	FALSE
Spata16	chr3	FALSE	FALSE
Cyp2u1	chr3	FALSE	TRUE
Gnai1	chr5	FALSE	TRUE
Ints10	chr8	FALSE	TRUE
Cdc34	chr10	FALSE	TRUE
Cited2	chr10	FALSE	TRUE
Mier2	chr10	FALSE	FALSE
Nps	chr7	FALSE	FALSE
Pabpc5	chrX	FALSE	TRUE
Tmem50b	chr16	FALSE	FALSE
Idh2	chr7	FALSE	FALSE
Tspan8	chr10	FALSE	FALSE
Astn1	chr1	FALSE	FALSE
Tgm3	chr2	TRUE	TRUE
Tcte2	chr17	FALSE	FALSE
Ccr10	chr11	FALSE	TRUE
Sh2d4b	chr14	FALSE	TRUE
Bdh1	chr16	FALSE	TRUE
Dbt	chr3	FALSE	TRUE
Zscan12	chr13	FALSE	TRUE
Calhm5	chr10	FALSE	TRUE
Dmrtc1b	chrX	FALSE	FALSE
Il15	chr8	FALSE	TRUE
Endod1	chr9	FALSE	TRUE
Tmem121	chr12	FALSE	FALSE
1600014C23Rik	chr17	FALSE	FALSE
Syncrip	chr9	FALSE	TRUE
Tgds	chr14	FALSE	TRUE
Nab2	chr10	FALSE	TRUE
Drp2	chrX	FALSE	TRUE
C4b	chr17	FALSE	TRUE
Tpt1	chr14	FALSE	FALSE
Phf7	chr14	FALSE	FALSE
Klf2	chr8	FALSE	FALSE
Mboat1	chr13	FALSE	FALSE
Arl14ep	chr2	FALSE	FALSE
Agtr1b	chr3	TRUE	TRUE
Crot	chr5	FALSE	TRUE
Rbp1	chr9	FALSE	FALSE
Ggn	chr7	FALSE	FALSE
Pusl1	chr4	FALSE	FALSE
Kcns3	chr12	FALSE	TRUE
Pmepa1	chr2	FALSE	FALSE
AU015836	chrX	FALSE	FALSE
Ace3	chr11	FALSE	FALSE
Spef1l	chr7	FALSE	TRUE
Hyal3	chr9	FALSE	TRUE
Nkpd1	chr7	FALSE	TRUE
Sox12	chr2	FALSE	FALSE
Ncln	chr10	FALSE	FALSE
Jkamp	chr12	FALSE	TRUE
Six3	chr17	FALSE	TRUE
Amot	chrX	FALSE	TRUE
Ccng1	chr11	FALSE	TRUE
Trmt1	chr8	FALSE	TRUE
Cblb	chr16	FALSE	TRUE
Coq8a	chr1	FALSE	TRUE
Gpd1	chr15	FALSE	TRUE
Tdrkh	chr3	FALSE	TRUE
Apela	chr8	FALSE	FALSE
Ctxn1	chr8	FALSE	FALSE
Fabp3	chr4	FALSE	FALSE
Tmem42	chr9	FALSE	TRUE
Gpihbp1	chr15	FALSE	TRUE
Zdhhc8	chr16	FALSE	FALSE
Fgf11	chr11	FALSE	TRUE
Hoxb6	chr11	FALSE	TRUE
Vsig10l	chr7	FALSE	FALSE
Jph3	chr8	FALSE	TRUE
Bpifb2	chr2	FALSE	FALSE
Tpk1	chr6	FALSE	TRUE
C1qtnf5	chr9	FALSE	FALSE
Cyb5r1	chr1	FALSE	TRUE
Zhx1	chr15	FALSE	TRUE
Gata6	chr18	FALSE	TRUE
Ift27	chr15	FALSE	TRUE
Misp3	chr8	FALSE	TRUE
Lhfpl2	chr13	FALSE	FALSE
Sncb	chr13	FALSE	TRUE
Mfsd4b1	chr10	FALSE	TRUE
Six1	chr12	FALSE	TRUE
Rbm46	chr3	FALSE	TRUE
Cstb	chr10	FALSE	TRUE
Pofut2	chr10	FALSE	TRUE
Hoxc11	chr15	FALSE	TRUE
Epha8	chr4	FALSE	TRUE
Gpr165	chrX	FALSE	FALSE
Sgcd	chr11	FALSE	TRUE
Rgs9bp	chr7	FALSE	FALSE
Ms4a10	chr19	FALSE	FALSE
Sde2	chr1	FALSE	TRUE
Npy5r	chr8	FALSE	FALSE
Skor1	chr9	FALSE	TRUE
Akap1	chr11	FALSE	TRUE
Gstt3	chr10	FALSE	TRUE
Serping1	chr2	FALSE	TRUE
Oprm1	chr10	TRUE	TRUE
Rnf7	chr9	FALSE	TRUE
Slitrk4	chrX	FALSE	TRUE
Dhdh	chr7	FALSE	FALSE
Gdf1	chr8	FALSE	TRUE
Slc38a8	chr8	FALSE	FALSE
Clta	chr4	FALSE	TRUE
Mboat4	chr8	FALSE	FALSE
Pln	chr10	FALSE	FALSE
Esx1	chrX	FALSE	TRUE
Cdhr1	chr14	FALSE	TRUE
Kcnj2	chr11	FALSE	TRUE
Cox7b2	chr5	FALSE	FALSE
Ddx20	chr3	FALSE	FALSE
Gen1	chr12	FALSE	TRUE
Msn	chrX	FALSE	FALSE
Prdm9	chr17	FALSE	TRUE
Stx6	chr1	FALSE	FALSE
Echdc3	chr2	FALSE	TRUE
Ripk4	chr16	FALSE	TRUE
Rasd1	chr11	FALSE	FALSE
Gbx2	chr1	FALSE	TRUE
B2m	chr2	FALSE	TRUE
Sox18	chr2	FALSE	FALSE
St6galnac5	chr3	FALSE	FALSE
Slc9a5	chr8	FALSE	TRUE
Cib2	chr9	FALSE	FALSE
Catsperg1	chr7	FALSE	FALSE
Dll1	chr17	FALSE	FALSE
Pcdh20	chr14	FALSE	TRUE
Slc9a8	chr2	FALSE	TRUE
Slc14a2	chr18	FALSE	FALSE
Rfx4	chr10	FALSE	TRUE
Chchd4	chr6	FALSE	FALSE
Slc35f5	chr1	FALSE	TRUE
Cdk5r1	chr11	FALSE	TRUE
Shisa8	chr15	FALSE	FALSE
Spryd7	chr14	FALSE	FALSE
Slc25a37	chr14	FALSE	FALSE
Rcl1	chr19	FALSE	TRUE
Oat	chr7	FALSE	FALSE
Wee1	chr7	FALSE	TRUE
Cks2	chr13	FALSE	TRUE
Irs3	chr5	FALSE	TRUE
Abhd16b	chr2	FALSE	TRUE
Gm525	chr11	FALSE	FALSE
Klf5	chr14	FALSE	TRUE
Rpl34	chr3	FALSE	FALSE
Cdh26	chr2	FALSE	FALSE
Alas1	chr9	FALSE	TRUE
Slc5a2	chr7	FALSE	FALSE
Svip	chr7	FALSE	TRUE
Lrp4	chr2	FALSE	FALSE
Lbp	chr2	FALSE	FALSE
Ccnh	chr13	FALSE	TRUE
Megf9	chr4	FALSE	TRUE
Mfge8	chr7	FALSE	FALSE
Dipk2a	chr9	FALSE	FALSE
Pigz	chr16	FALSE	FALSE
Cdkn2c	chr4	FALSE	TRUE
Card19	chr13	FALSE	TRUE
Serpinb9	chr13	FALSE	TRUE
Gykl1	chr18	FALSE	TRUE
Rbm15	chr3	FALSE	FALSE
Col6a4	chr9	FALSE	TRUE
Reep2	chr18	FALSE	FALSE
Accsl	chr2	FALSE	FALSE
H2az1	chr3	FALSE	TRUE
Abra	chr15	FALSE	TRUE
Tcf21	chr10	FALSE	TRUE
Zfp641	chr15	FALSE	FALSE
Smim1	chr4	FALSE	TRUE
Etnk2	chr1	FALSE	TRUE
Ccdc190	chr1	FALSE	TRUE
B3gnt9	chr8	FALSE	FALSE
Nkapl	chr13	FALSE	TRUE
Gpatch2	chr1	FALSE	TRUE
Dach2	chrX	FALSE	FALSE
Stmn1	chr4	FALSE	TRUE
Mrpl41	chr2	FALSE	FALSE
Aard	chr15	FALSE	FALSE
Rps24	chr14	FALSE	TRUE
Ganc	chr2	FALSE	TRUE
Pth2r	chr1	FALSE	FALSE
Lmod2	chr6	FALSE	TRUE
Sema3c	chr5	FALSE	TRUE
Smad5	chr13	FALSE	TRUE
Tada2b	chr5	FALSE	FALSE
Hes5	chr4	FALSE	FALSE
Igfbp6	chr15	FALSE	FALSE
Usp43	chr11	FALSE	FALSE
Vstm4	chr14	FALSE	FALSE
Sct	chr7	FALSE	TRUE
Gata2	chr6	FALSE	TRUE
Slc35g1	chr19	FALSE	TRUE
Pon3	chr6	FALSE	FALSE
Rasa4	chr5	FALSE	FALSE
Oxct2a	chr4	FALSE	FALSE
Flvcr1	chr1	FALSE	FALSE
Klf10	chr15	FALSE	TRUE
Scd2	chr19	FALSE	TRUE
Dcun1d1	chr3	FALSE	TRUE
Nkx2-9	chr12	FALSE	TRUE
Slamf8	chr1	FALSE	FALSE
Adamtsl4	chr3	FALSE	FALSE
Commd7	chr2	FALSE	FALSE
Oxtr	chr6	FALSE	TRUE
H13	chr2	FALSE	TRUE
Nradd	chr9	FALSE	FALSE
Spats2l	chr1	FALSE	TRUE
Edf1	chr2	FALSE	TRUE
Galr3	chr15	FALSE	FALSE
Col18a1	chr10	FALSE	TRUE
Slc25a30	chr14	FALSE	FALSE
Maf	chr8	FALSE	FALSE
Pdzk1ip1	chr4	FALSE	TRUE
Il22ra1	chr4	FALSE	FALSE
Nipal2	chr15	FALSE	TRUE
Eno1b	chr18	FALSE	TRUE
Mmp28	chr11	FALSE	TRUE
F2rl2	chr13	FALSE	FALSE
Slc17a7	chr7	FALSE	TRUE
Nrsn2	chr2	FALSE	FALSE
Bok	chr1	FALSE	TRUE
Uncx	chr5	FALSE	TRUE
Lhb	chr7	FALSE	TRUE
Aifm3	chr16	FALSE	TRUE
Mesp1	chr7	FALSE	FALSE
Ywhah	chr5	FALSE	TRUE
Scel	chr14	FALSE	FALSE
Map3k1	chr13	FALSE	TRUE
Slc6a1	chr6	FALSE	FALSE
4930578I06Rik	chr14	FALSE	FALSE
Fgf10	chr13	FALSE	TRUE
Car7	chr8	FALSE	TRUE
Phospho1	chr11	FALSE	TRUE
1700034E13Rik	chr18	FALSE	TRUE
Znrf4	chr17	FALSE	TRUE
Emx2	chr19	FALSE	TRUE
Cdnf	chr2	FALSE	TRUE
Adcyap1	chr17	FALSE	TRUE
Lrrc74b	chr16	FALSE	FALSE
Ache	chr5	FALSE	TRUE
Rbpms	chr8	FALSE	FALSE
Adamtsl2	chr2	FALSE	FALSE
Aacs	chr5	FALSE	TRUE
Crisp4	chr1	FALSE	TRUE
Pou4f1	chr14	TRUE	FALSE
Orm2	chr4	FALSE	TRUE
Pthlh	chr6	FALSE	TRUE
P2ry1	chr3	FALSE	TRUE
Zdhhc7	chr8	FALSE	FALSE
Gm266	chr12	FALSE	TRUE
Fbxo15	chr18	FALSE	TRUE
Ncam2	chr16	FALSE	FALSE
Magee2	chrX	FALSE	TRUE
Fndc3c1	chrX	FALSE	TRUE
Sap130	chr18	FALSE	FALSE
Tmem64	chr4	FALSE	TRUE
Pcbd1	chr10	FALSE	TRUE
Slc27a2	chr2	FALSE	FALSE
Ndufa4l2	chr10	FALSE	FALSE
Chchd10	chr10	FALSE	FALSE
Krba1	chr6	FALSE	TRUE
Cggbp1	chr16	FALSE	TRUE
Grp	chr18	FALSE	FALSE
Itpripl2	chr7	FALSE	FALSE
Ddx25	chr9	FALSE	TRUE
Pdha1	chrX	FALSE	FALSE
Zbp1	chr2	FALSE	FALSE
Slc22a15	chr3	FALSE	FALSE
Orm3	chr4	FALSE	TRUE
Asb17	chr3	FALSE	FALSE
Samd7	chr3	TRUE	FALSE
Agl	chr3	FALSE	TRUE
Fhod1	chr8	FALSE	TRUE
1700031L13Rik	chr5	FALSE	TRUE
Smox	chr2	FALSE	FALSE
Ccdc116	chr16	FALSE	FALSE
Ripply1	chrX	FALSE	TRUE
Grk2	chr19	FALSE	FALSE
1810037I17Rik	chr3	FALSE	TRUE
Ttpa	chr4	FALSE	TRUE
Rep15	chr6	FALSE	TRUE
Hoxd8	chr2	FALSE	TRUE
Pmvk	chr3	FALSE	FALSE
Sftpb	chr6	FALSE	FALSE
Layn	chr9	FALSE	FALSE
Ppp1r9b	chr11	FALSE	TRUE
Matn4	chr2	FALSE	TRUE
Tmc1	chr19	FALSE	FALSE
Slc7a3	chrX	FALSE	FALSE
Taar7f	chr10	FALSE	TRUE
Gucy2g	chr19	FALSE	FALSE
Bambi	chr18	FALSE	TRUE
Dstn	chr2	FALSE	TRUE
Tob2	chr15	FALSE	FALSE
Stxbp6	chr12	FALSE	FALSE
Krtap11-1	chr16	FALSE	FALSE
Htr5a	chr5	FALSE	TRUE
Qpct	chr17	FALSE	FALSE
Idi1	chr13	FALSE	TRUE
Fgf17	chr14	FALSE	TRUE
Nkx2-1	chr12	FALSE	TRUE
Homez	chr14	FALSE	FALSE
2310057J18Rik	chr10	FALSE	TRUE
Fdft1	chr14	FALSE	FALSE
Osgin2	chr4	FALSE	TRUE
Reg3b	chr6	FALSE	TRUE
Sh3bp1	chr15	FALSE	FALSE
Tmem74b	chr2	FALSE	FALSE
Dmrt3	chr19	FALSE	FALSE
Meltf	chr16	FALSE	TRUE
Ddhd2	chr8	FALSE	FALSE
Gm13420	chr2	FALSE	TRUE
Tob1	chr11	FALSE	TRUE
Gcsh	chr8	FALSE	FALSE
Tm4sf20	chr1	FALSE	TRUE
Fgf3	chr7	FALSE	FALSE
Pnpla5	chr15	FALSE	FALSE
Ghsr	chr3	FALSE	TRUE
Bcl6b	chr11	FALSE	TRUE
Cntnap1	chr11	FALSE	FALSE
4930544D05Rik	chr11	FALSE	TRUE
Gdf11	chr10	FALSE	TRUE
Sh2d7	chr9	FALSE	FALSE
Sstr4	chr2	FALSE	TRUE
Ppm1l	chr3	FALSE	TRUE
Ddo	chr10	FALSE	TRUE
Tmem33	chr5	FALSE	TRUE
Tex36	chr7	FALSE	TRUE
Psmb8	chr17	FALSE	TRUE
Fap	chr2	FALSE	TRUE
Agxt	chr1	FALSE	FALSE
Gpt	chr15	FALSE	FALSE
Car14	chr3	FALSE	FALSE
Thnsl2	chr6	FALSE	TRUE
Aph1c	chr9	FALSE	FALSE
Wdr26	chr1	FALSE	TRUE
Nelfa	chr5	FALSE	TRUE
Pnck	chrX	FALSE	FALSE
Zc2hc1c	chr12	FALSE	FALSE
Stat2	chr10	FALSE	TRUE
Cntrob	chr11	FALSE	TRUE
Itga8	chr2	FALSE	FALSE
Cfap206	chr4	FALSE	FALSE
Gadd45g	chr13	FALSE	FALSE
Ptprd	chr4	FALSE	FALSE
Pcgf1	chr6	FALSE	TRUE
Numb	chr12	FALSE	TRUE
Abhd4	chr14	FALSE	TRUE
Fes	chr7	FALSE	FALSE
Enkd1	chr8	FALSE	TRUE
Micu1	chr10	FALSE	FALSE
Morn4	chr19	FALSE	TRUE
Ccn1	chr3	FALSE	TRUE
Mutyh	chr4	FALSE	TRUE
Serpina11	chr12	FALSE	TRUE
Acaa1a	chr9	FALSE	TRUE
Aprt	chr8	FALSE	FALSE
Mfsd1	chr3	FALSE	TRUE
Fam243	chr16	FALSE	TRUE
Dnaaf2	chr12	FALSE	TRUE
Sh3glb1	chr3	FALSE	TRUE
Rwdd2a	chr9	FALSE	FALSE
Elmod3	chr6	FALSE	TRUE
Slc52a3	chr2	FALSE	TRUE
Spry4	chr18	FALSE	TRUE
Znrf3	chr11	FALSE	FALSE
Terf2ip	chr8	FALSE	FALSE
Eno1	chr4	FALSE	FALSE
Mgmt	chr7	FALSE	FALSE
Ccdc182	chr11	FALSE	FALSE
Fam110a	chr2	FALSE	TRUE
Tmem184c	chr8	FALSE	TRUE
Adh5	chr3	FALSE	TRUE
Klf4	chr4	FALSE	FALSE
St8sia2	chr7	TRUE	FALSE
Insm2	chr12	FALSE	FALSE
Dusp14	chr11	FALSE	TRUE
Abca3	chr17	FALSE	FALSE
Rln1	chr19	FALSE	TRUE
Vsig8	chr1	FALSE	FALSE
Uchl1	chr5	FALSE	TRUE
Cldn4	chr5	FALSE	TRUE
Riox1	chr12	FALSE	FALSE
Hebp2	chr10	FALSE	TRUE
Etl4	chr2	FALSE	TRUE
Car9	chr4	FALSE	TRUE
Dipk1b	chr2	FALSE	FALSE
Dgkq	chr5	FALSE	FALSE
Tlx2	chr6	FALSE	TRUE
Opalin	chr19	FALSE	FALSE
Mnt	chr11	FALSE	FALSE
Ppp1r1a	chr15	FALSE	FALSE
Jph4	chr14	FALSE	FALSE
Gde1	chr7	FALSE	FALSE
Taar6	chr10	FALSE	TRUE
Ddit4	chr10	FALSE	FALSE
Mlf1	chr3	FALSE	FALSE
Trp53i11	chr2	FALSE	FALSE
Scgb3a1	chr11	FALSE	FALSE
Capg	chr6	FALSE	TRUE
Urad	chr5	FALSE	FALSE
Lsm11	chr11	FALSE	TRUE
Akr1b8	chr6	FALSE	FALSE
Lilrb4a	chr10	FALSE	FALSE
Plod2	chr9	FALSE	FALSE
Ninj1	chr13	FALSE	TRUE
Itga3	chr11	FALSE	TRUE
Commd8	chr5	FALSE	FALSE
Tmem240	chr4	FALSE	TRUE
Vax1	chr19	FALSE	FALSE
Amer3	chr1	FALSE	TRUE
Pdha2	chr3	FALSE	TRUE
Cebpa	chr7	FALSE	TRUE
Six2	chr17	FALSE	TRUE
Atad1	chr19	FALSE	TRUE
Sf3b5	chr10	FALSE	TRUE
Rai2	chrX	FALSE	FALSE
Ppp1r37	chr7	FALSE	FALSE
Nono	chrX	FALSE	FALSE
Lcn8	chr2	FALSE	TRUE
Xdh	chr17	FALSE	TRUE
Sytl2	chr7	FALSE	FALSE
Muc1	chr3	FALSE	FALSE
Wnt8b	chr19	FALSE	TRUE
Rhpn1	chr15	FALSE	FALSE
Ahnak	chr19	FALSE	FALSE
Meox2	chr12	FALSE	TRUE
Pigc	chr1	FALSE	TRUE
Cntn3	chr6	FALSE	FALSE
Cped1	chr6	FALSE	TRUE
Adamts5	chr16	FALSE	FALSE
Lsm8	chr6	FALSE	FALSE
Trim62	chr4	FALSE	FALSE
Tulp1	chr17	FALSE	TRUE
Kcng3	chr17	FALSE	FALSE
Extl2	chr3	FALSE	TRUE
Edn1	chr13	FALSE	TRUE
Siae	chr9	FALSE	TRUE
Trib1	chr15	FALSE	TRUE
Twist1	chr12	FALSE	FALSE
Acot2	chr12	FALSE	TRUE
Ebf1	chr11	FALSE	FALSE
Csrp2	chr10	FALSE	TRUE
Eid1	chr2	FALSE	TRUE
Lrrc10b	chr19	FALSE	TRUE
Etfdh	chr3	FALSE	FALSE
Ndufs2	chr1	FALSE	TRUE
Spr	chr6	FALSE	TRUE
Sptbn2	chr19	FALSE	TRUE
Gdf2	chr14	FALSE	FALSE
Tmem229a	chr6	FALSE	TRUE
Nagpa	chr16	FALSE	FALSE
Fyb2	chr4	FALSE	FALSE
Syf2	chr4	FALSE	TRUE
Cited4	chr4	FALSE	FALSE
Pip5k1c	chr10	FALSE	FALSE
Thpo	chr16	FALSE	FALSE
Lrrc7	chr3	FALSE	TRUE
H2-DMa	chr17	FALSE	TRUE
Mmd	chr11	FALSE	FALSE
Gstm6	chr3	FALSE	FALSE
Arhgef2	chr3	FALSE	FALSE
Ppip5k1	chr2	FALSE	TRUE
Pdcl3	chr1	FALSE	FALSE
Aanat	chr11	FALSE	FALSE
Tchh	chr3	FALSE	TRUE
Gba2	chr4	FALSE	TRUE
Ctsg	chr14	FALSE	TRUE
Foxa2	chr2	FALSE	FALSE
Cdc25b	chr2	FALSE	TRUE
Gm1979	chr5	FALSE	FALSE
Crhbp	chr13	FALSE	TRUE
Xpa	chr4	FALSE	FALSE
Bend5	chr4	FALSE	FALSE
Pnrc1	chr4	FALSE	TRUE
Cplx2	chr13	FALSE	FALSE
Bcl6	chr16	FALSE	FALSE
Junb	chr8	FALSE	TRUE
Map3k8	chr18	FALSE	TRUE
Fastk	chr5	FALSE	TRUE
1110032F04Rik	chr3	FALSE	FALSE
Lrrc26	chr2	FALSE	TRUE
Zdhhc22	chr12	FALSE	FALSE
Erfe	chr1	FALSE	TRUE
G6pc2	chr2	FALSE	TRUE
Barx1	chr13	FALSE	TRUE
B3gat2	chr1	FALSE	TRUE
Tnks	chr8	FALSE	TRUE
Tuba4a	chr1	FALSE	TRUE
Gchfr	chr2	FALSE	FALSE
Ufm1	chr3	FALSE	TRUE
Hoxa2	chr6	FALSE	TRUE
Mt3	chr8	FALSE	FALSE
Snapc2	chr8	FALSE	TRUE
Arl6ip5	chr6	FALSE	TRUE
1500009L16Rik	chr10	FALSE	FALSE
Mrgprf	chr7	FALSE	TRUE
Shmt2	chr10	FALSE	FALSE
Ccna2	chr3	FALSE	TRUE
Ces1f	chr8	FALSE	TRUE
Ssu2	chr6	FALSE	FALSE
Aldoc	chr11	FALSE	FALSE
Ccdc71l	chr12	FALSE	TRUE
Fbxo5	chr10	FALSE	FALSE
Hspa4l	chr3	FALSE	TRUE
Calml3	chr13	FALSE	TRUE
Rbm43	chr2	FALSE	TRUE
Slpi	chr2	FALSE	FALSE
Vmn1r40	chr6	FALSE	FALSE
Mc3r	chr2	FALSE	TRUE
Prmt2	chr10	FALSE	TRUE
Fzd5	chr1	FALSE	FALSE
Cdkn2b	chr4	FALSE	TRUE
Slc6a19	chr13	FALSE	TRUE
Foxe1	chr4	FALSE	TRUE
Lrfn4	chr19	FALSE	FALSE
Bcl2l1	chr2	FALSE	TRUE
Erg	chr16	FALSE	TRUE
Golga7b	chr19	FALSE	TRUE
Vwce	chr19	FALSE	TRUE
Ckb	chr12	FALSE	FALSE
Zc2hc1a	chr3	FALSE	TRUE
Krtap7-1	chr16	FALSE	FALSE
Clk3	chr9	FALSE	TRUE
Gm1673	chr5	FALSE	FALSE
Hmgn5	chrX	FALSE	TRUE
Ildr2	chr1	FALSE	FALSE
Gpx8	chr13	FALSE	TRUE
Pnma2	chr14	FALSE	TRUE
Btbd10	chr7	FALSE	FALSE
Mtrf1l	chr10	FALSE	FALSE
Cyp2j9	chr4	FALSE	TRUE
Urb2	chr8	FALSE	TRUE
Cckbr	chr7	FALSE	FALSE
Per1	chr11	FALSE	TRUE
Tcf19	chr17	FALSE	FALSE
Arl14	chr3	FALSE	TRUE
Prkra	chr2	FALSE	TRUE
Pitx2	chr3	FALSE	TRUE
Fancb	chrX	FALSE	TRUE
Mex3b	chr7	FALSE	FALSE
Mei4	chr9	FALSE	TRUE
Nt5c	chr11	FALSE	FALSE
Mc5r	chr18	FALSE	TRUE
Josd2	chr7	FALSE	FALSE
Arhgap28	chr17	FALSE	FALSE
Dck	chr5	FALSE	FALSE
Nkx2-3	chr19	FALSE	TRUE
Foxd3	chr4	FALSE	TRUE
Prr30	chr14	FALSE	TRUE
Gas7	chr11	FALSE	FALSE
Ldhal6b	chr17	FALSE	FALSE
Atp6ap2	chrX	FALSE	FALSE
Uprt	chrX	FALSE	FALSE
Ccdc90b	chr7	FALSE	TRUE
Gm9376	chr14	FALSE	FALSE
Irf1	chr11	FALSE	FALSE
Mafa	chr15	FALSE	TRUE
Samd5	chr10	FALSE	FALSE
Hdac2	chr10	FALSE	TRUE
Phlda3	chr1	FALSE	TRUE
Immp1l	chr2	FALSE	TRUE
Habp2	chr19	FALSE	FALSE
Zfp41	chr15	FALSE	FALSE
Casq1	chr1	FALSE	TRUE
Susd2	chr10	FALSE	TRUE
Rnf146	chr10	FALSE	TRUE
Kif26a	chr12	FALSE	FALSE
Hcls1	chr16	FALSE	FALSE
Tubb2a	chr13	FALSE	TRUE
Zmynd12	chr4	FALSE	FALSE
Kcnab3	chr11	FALSE	FALSE
Aldh18a1	chr19	FALSE	FALSE
Mybl2	chr2	FALSE	FALSE
Ccnj	chr19	FALSE	TRUE
Cotl1	chr8	FALSE	TRUE
Inhbe	chr10	FALSE	TRUE
Jak2	chr19	FALSE	TRUE
Rrp9	chr9	FALSE	TRUE
Akr7a5	chr4	FALSE	FALSE
Cbfb	chr8	FALSE	FALSE
Gadd45a	chr6	FALSE	TRUE
Uap1l1	chr2	FALSE	FALSE
Dbx1	chr7	FALSE	TRUE
Vwa7	chr17	FALSE	FALSE
Rgs4	chr1	FALSE	TRUE
Syt8	chr7	FALSE	FALSE
Tcf4	chr18	FALSE	TRUE
Usb1	chr8	FALSE	FALSE
Slc13a5	chr11	FALSE	TRUE
Smad7	chr18	FALSE	FALSE
Fastkd3	chr13	FALSE	TRUE
Ttc22	chr4	FALSE	FALSE
Vgll2	chr10	FALSE	FALSE
Glra4	chrX	FALSE	TRUE
Teddm1a	chr1	FALSE	FALSE
Chgb	chr2	FALSE	TRUE
Nhsl1	chr10	FALSE	TRUE
Purg	chr8	FALSE	TRUE
Neurog3	chr10	FALSE	TRUE
Pdlim2	chr14	FALSE	FALSE
Fgf8	chr19	FALSE	TRUE
Fibin	chr2	FALSE	FALSE
Orai2	chr5	FALSE	FALSE
Tcl1	chr12	FALSE	FALSE
Anapc13	chr9	FALSE	FALSE
Cldn12	chr5	FALSE	TRUE
Hal	chr10	FALSE	FALSE
Saraf	chr8	FALSE	TRUE
Atp8b2	chr3	FALSE	TRUE
Asns	chr6	FALSE	TRUE
1700012A03Rik	chr6	FALSE	TRUE
Gclm	chr3	FALSE	TRUE
Ctsc	chr7	FALSE	TRUE
Rrp15	chr1	FALSE	FALSE
Zfp42	chr8	FALSE	TRUE
Rnf126	chr10	FALSE	FALSE
Kcnv1	chr15	FALSE	FALSE
Rraga	chr4	FALSE	TRUE
Pax6	chr2	FALSE	TRUE
4933436I01Rik	chrX	FALSE	TRUE
Myod1	chr7	FALSE	FALSE
Stk35	chr2	FALSE	TRUE
Zfp692	chr11	FALSE	TRUE
Slc10a2	chr8	FALSE	TRUE
Kcnj9	chr1	FALSE	TRUE
Tnfaip3	chr10	FALSE	TRUE
Phyhip	chr14	FALSE	FALSE
Eri1	chr8	FALSE	TRUE
6430571L13Rik	chr9	FALSE	TRUE
Slc35d3	chr10	FALSE	FALSE
En2	chr5	TRUE	TRUE
Dpp10	chr1	FALSE	TRUE
Galnt4	chr10	FALSE	TRUE
Nrgn	chr9	FALSE	FALSE
Nkx2-4	chr2	FALSE	TRUE
Iqgap3	chr3	FALSE	TRUE
Rnf138rt1	chrX	FALSE	TRUE
Nebl	chr2	FALSE	FALSE
Hif3a	chr7	FALSE	TRUE
Trim59	chr3	FALSE	TRUE
Hoxb3	chr11	FALSE	TRUE
Tesc	chr5	FALSE	TRUE
Gzmf	chr14	FALSE	TRUE
Insyn2b	chr11	FALSE	FALSE
Lrp10	chr14	FALSE	FALSE
Dsel	chr1	FALSE	TRUE
Aoah	chr13	FALSE	TRUE
Tgfbr1	chr4	FALSE	TRUE
Pop7	chr5	FALSE	FALSE
Cd81	chr7	FALSE	TRUE
Eef1a2	chr2	FALSE	TRUE
Fezf1	chr6	FALSE	TRUE
Fam181a	chr12	FALSE	FALSE
Tiam2	chr17	FALSE	TRUE
Gk2	chr5	FALSE	FALSE
Ccnd1	chr7	FALSE	FALSE
Dscaml1	chr9	FALSE	FALSE
H2bc8	chr13	FALSE	TRUE
Il12a	chr3	FALSE	FALSE
Fam241b	chr10	FALSE	FALSE
Pdcd4	chr19	FALSE	TRUE
Aloxe3	chr11	FALSE	FALSE
Ttc32	chr12	FALSE	FALSE
Pelo	chr13	FALSE	TRUE
Zfp24	chr18	FALSE	TRUE
Tmco5	chr2	FALSE	FALSE
Cdkn2aip	chr8	FALSE	TRUE
Rassf1	chr9	FALSE	FALSE
Ap3d1	chr10	FALSE	FALSE
Mcm4	chr16	FALSE	TRUE
Marveld1	chr19	FALSE	TRUE
Man2b2	chr5	FALSE	TRUE
Cdk14	chr5	FALSE	TRUE
Hoxd13	chr2	FALSE	TRUE
Slc6a3	chr13	FALSE	FALSE
Rarb	chr14	FALSE	FALSE
Clcf1	chr19	FALSE	FALSE
Tle5	chr10	FALSE	TRUE
Fancf	chr7	FALSE	TRUE
Nat1	chr8	FALSE	TRUE
Kctd9	chr14	FALSE	TRUE
Eogt	chr6	FALSE	TRUE
Zfp280b	chr10	FALSE	FALSE
Smim7	chr8	FALSE	TRUE
Gstm7	chr3	FALSE	FALSE
Serbp1	chr6	FALSE	TRUE
Robo4	chr9	FALSE	FALSE
Lbx1	chr19	FALSE	TRUE
Ly6d	chr15	FALSE	FALSE
Agtr1a	chr13	FALSE	FALSE
Klhdc7b	chr15	FALSE	TRUE
Zfp189	chr4	FALSE	TRUE
Lrriq4	chr3	FALSE	TRUE
Smc4	chr3	FALSE	TRUE
Tfap4	chr16	FALSE	TRUE
Pde6h	chr6	FALSE	TRUE
Nap1l1	chr10	FALSE	TRUE
Ctso	chr3	FALSE	TRUE
Spdya	chr17	FALSE	TRUE
Gng13	chr17	FALSE	TRUE
Myoc	chr1	FALSE	FALSE
Mroh5	chr15	FALSE	FALSE
Kcnb2	chr1	FALSE	TRUE
Golga5	chr12	FALSE	FALSE
Mrgprg	chr7	FALSE	TRUE
Tmem247	chr17	FALSE	FALSE
Csdc2	chr15	FALSE	FALSE
Cd38	chr5	FALSE	TRUE
Mfsd2b	chr12	FALSE	FALSE
Plxnb1	chr9	FALSE	FALSE
Alox12e	chr11	FALSE	TRUE
Enho	chr4	FALSE	TRUE
Cdkn1b	chr6	FALSE	TRUE
Dusp4	chr8	FALSE	FALSE
Fau	chr19	FALSE	TRUE
AI854703	chr6	FALSE	TRUE
Tbx15	chr3	FALSE	TRUE
Ajm1	chr2	FALSE	TRUE
Bod1	chr11	FALSE	TRUE
Msl3	chrX	FALSE	TRUE
Wnt9b	chr11	FALSE	TRUE
Hopx	chr5	FALSE	FALSE
Nfe2l1	chr11	FALSE	FALSE
Ptgfr	chr3	FALSE	TRUE
Agbl5	chr5	FALSE	TRUE
Msh4	chr3	FALSE	TRUE
AU022252	chr4	FALSE	TRUE
Abhd10	chr16	FALSE	TRUE
Sharpin	chr15	FALSE	FALSE
Ppm1k	chr6	FALSE	TRUE
1700020L24Rik	chr11	FALSE	FALSE
Agpat2	chr2	FALSE	FALSE
Scd4	chr19	FALSE	FALSE
Nfatc2ip	chr7	FALSE	FALSE
Midn	chr10	FALSE	FALSE
Mak16	chr8	FALSE	TRUE
Paqr6	chr3	FALSE	TRUE
Fbxl16	chr17	FALSE	TRUE
Nr2f2	chr7	FALSE	FALSE
Rbm12b2	chr4	FALSE	TRUE
Tsku	chr7	FALSE	TRUE
Trim46	chr3	FALSE	FALSE
Mafb	chr2	FALSE	FALSE
Avpr1a	chr10	FALSE	TRUE
Vash1	chr12	FALSE	FALSE
Reps2	chrX	FALSE	TRUE
Snx21	chr2	FALSE	FALSE
Gm13889	chr2	FALSE	FALSE
Rpa1	chr11	FALSE	TRUE
Ldlr	chr9	FALSE	FALSE
Slc40a1	chr1	FALSE	TRUE
Tmie	chr9	FALSE	FALSE
C1qtnf6	chr15	FALSE	TRUE
Gm815	chr19	FALSE	TRUE
Cryab	chr9	FALSE	TRUE
Pold4	chr19	FALSE	TRUE
Tmem200c	chr17	FALSE	FALSE
Lratd1	chr12	FALSE	FALSE
Hpcal1	chr12	FALSE	FALSE
Il2rb	chr15	FALSE	TRUE
Psmb3	chr11	FALSE	TRUE
Smad2	chr18	FALSE	TRUE
Inafm1	chr7	FALSE	FALSE
Xcl1	chr1	FALSE	TRUE
C9orf72	chr4	FALSE	FALSE
Spryd3	chr15	FALSE	TRUE
Adal	chr2	FALSE	FALSE
Pif1	chr9	FALSE	TRUE
Fblim1	chr4	FALSE	TRUE
Ugt1a2	chr1	FALSE	TRUE
Ptma	chr1	FALSE	FALSE
Oxgr1	chr14	FALSE	FALSE
Cyb5r3	chr15	FALSE	TRUE
Ovol1	chr19	FALSE	TRUE
Sod3	chr5	FALSE	TRUE
Bdkrb1	chr12	FALSE	FALSE
Arrdc2	chr8	FALSE	FALSE
Syde1	chr10	FALSE	TRUE
Ccdc74a	chr16	FALSE	FALSE
4933402D24Rik	chr1	FALSE	TRUE
Foxd2	chr4	FALSE	TRUE
Slc2a12	chr10	FALSE	TRUE
Dact1	chr12	FALSE	TRUE
Mfng	chr15	FALSE	FALSE
Ap3m2	chr8	FALSE	TRUE
Efcc1	chr6	FALSE	FALSE
Phospho2	chr2	FALSE	TRUE
Fam110c	chr12	FALSE	TRUE
Sh2d5	chr4	FALSE	FALSE
Ifi27l2b	chr12	FALSE	TRUE
Slbp	chr5	FALSE	FALSE
Slc6a11	chr6	FALSE	FALSE
Oxct2b	chr4	FALSE	TRUE
1700009N14Rik	chr4	FALSE	TRUE
Fbxl13	chr5	FALSE	TRUE
Rhoc	chr3	FALSE	FALSE
Dab2ip	chr2	FALSE	FALSE
Tmem170	chr8	FALSE	FALSE
Slc38a10	chr11	FALSE	TRUE
Fcrl6	chr1	FALSE	TRUE
Cfap97d2	chr8	FALSE	FALSE
Tanc2	chr11	FALSE	FALSE
Fasn	chr11	FALSE	FALSE
Slc2a4	chr11	FALSE	FALSE
Tmed3	chr9	FALSE	FALSE
Chrdl1	chrX	FALSE	FALSE
Abt1	chr13	FALSE	TRUE
Lrrc17	chr5	FALSE	TRUE
Cep97	chr16	FALSE	TRUE
Magee1	chrX	FALSE	FALSE
Asah1	chr8	FALSE	TRUE
Cnih1	chr14	FALSE	TRUE
Hyal1	chr9	FALSE	FALSE
Map10	chr8	FALSE	FALSE
Pcdh8	chr14	FALSE	FALSE
Dmxl1	chr18	FALSE	TRUE
Slc16a6	chr11	FALSE	TRUE
Zmat5	chr11	FALSE	FALSE
Wdcp	chr12	FALSE	TRUE
Rnf112	chr11	FALSE	TRUE
Gxylt2	chr6	FALSE	TRUE
Borcs6	chr11	FALSE	TRUE
Dync2li1	chr17	FALSE	TRUE
Ccdc110	chr8	FALSE	FALSE
Ccdc184	chr15	FALSE	TRUE
Pimreg	chr11	FALSE	FALSE
Utf1	chr7	FALSE	TRUE
Stk25	chr1	FALSE	FALSE
Rtkn	chr6	FALSE	FALSE
Taf7l2	chr10	FALSE	FALSE
Urb1	chr16	FALSE	TRUE
Ttc39c	chr18	FALSE	FALSE
Lingo4	chr3	FALSE	FALSE
Islr	chr9	FALSE	TRUE
Cox7a2l	chr17	FALSE	TRUE
Svil	chr18	FALSE	TRUE
Mfap4	chr11	FALSE	FALSE
Pcif1	chr2	FALSE	TRUE
Fcer2a	chr8	FALSE	FALSE
Sla	chr15	FALSE	TRUE
Pkn3	chr2	FALSE	TRUE
Brms1l	chr12	FALSE	FALSE
Grik3	chr4	TRUE	FALSE
Olfm4	chr14	FALSE	TRUE
Kcnf1	chr12	FALSE	FALSE
Ndnf	chr6	FALSE	FALSE
Crlf2	chr5	FALSE	FALSE
Mn1	chr5	FALSE	TRUE
Fam241a	chr3	FALSE	TRUE
Itpr2	chr6	FALSE	FALSE
Pard6a	chr8	FALSE	TRUE
Pnpla6	chr8	FALSE	TRUE
Mcoln2	chr3	FALSE	TRUE
Fbxo7	chr10	FALSE	TRUE
Ndufb4	chr16	FALSE	TRUE
Cldn3	chr5	FALSE	TRUE
Serinc5	chr13	FALSE	FALSE
Lsp1	chr7	FALSE	FALSE
Slc39a2	chr14	FALSE	TRUE
Cpa1	chr6	FALSE	FALSE
Sstr5	chr17	FALSE	TRUE
Rcbtb1	chr14	FALSE	TRUE
Kif12	chr4	FALSE	TRUE
Cdkn1a	chr17	FALSE	TRUE
Mnx1	chr5	FALSE	TRUE
Slc18a3	chr14	FALSE	FALSE
Mpv17l2	chr8	FALSE	FALSE
Rpp25	chr9	FALSE	FALSE
Hes1	chr16	FALSE	TRUE
Snx22	chr9	FALSE	FALSE
Pdia4	chr6	FALSE	TRUE
Ier5	chr1	FALSE	TRUE
Gm13539	chr2	FALSE	TRUE
Akirin2	chr4	FALSE	TRUE
Cma2	chr14	FALSE	FALSE
Neto1	chr18	FALSE	TRUE
Foxi2	chr7	FALSE	FALSE
Gtpbp10	chr5	FALSE	TRUE
Scn10a	chr9	FALSE	TRUE
Bola3	chr6	FALSE	FALSE
Pwwp3b	chrX	FALSE	TRUE
Minar2	chr18	FALSE	FALSE
Adam30	chr3	FALSE	TRUE
Stard4	chr18	FALSE	TRUE
BB014433	chr8	FALSE	TRUE
Emilin2	chr17	FALSE	FALSE
Pcp4	chr16	FALSE	FALSE
BC016579	chr16	FALSE	TRUE
B3gnt8	chr7	FALSE	FALSE
Sh2b3	chr5	FALSE	TRUE
Atp12a	chr14	FALSE	FALSE
Gnat1	chr9	FALSE	TRUE
Slc32a1	chr2	FALSE	TRUE
Igfbp4	chr11	FALSE	FALSE
Nid2	chr14	FALSE	TRUE
Rassf8	chr6	FALSE	FALSE
Nat8l	chr5	FALSE	FALSE
Mettl1	chr10	FALSE	TRUE
Rplp1	chr9	FALSE	FALSE
Cd151	chr7	FALSE	TRUE
Ralgapa2	chr2	FALSE	TRUE
Herpud1	chr8	FALSE	FALSE
Dok1	chr6	FALSE	FALSE
Avp	chr2	FALSE	FALSE
Rgs6	chr12	TRUE	TRUE
Mos	chr4	FALSE	TRUE
Arl11	chr14	FALSE	TRUE
Pip4p2	chr4	FALSE	TRUE
Chchd5	chr2	FALSE	TRUE
Arl4c	chr1	FALSE	FALSE
Zfp703	chr8	FALSE	FALSE
Vwa1	chr4	FALSE	FALSE
Gabrd	chr4	FALSE	TRUE
1700003F12Rik	chr2	FALSE	FALSE
Slitrk3	chr3	TRUE	TRUE
Cd164	chr10	FALSE	TRUE
Cyb561d1	chr3	FALSE	TRUE
Il9r	chr11	FALSE	FALSE
Rbp3	chr14	FALSE	TRUE
Oc90	chr15	FALSE	TRUE
Epop	chr11	FALSE	TRUE
F2r	chr13	FALSE	TRUE
Gsc	chr12	FALSE	TRUE
Mtres1	chr10	FALSE	TRUE
Gm3646	chr1	FALSE	TRUE
Fut7	chr2	FALSE	TRUE
Cct8l1	chr5	FALSE	TRUE
Ccn6	chr10	FALSE	TRUE
Trim27	chr13	FALSE	TRUE
Dnase2a	chr8	FALSE	FALSE
Slc24a1	chr9	FALSE	FALSE
Cry1	chr10	FALSE	TRUE
Thrsp	chr7	FALSE	TRUE
Nudt17	chr3	FALSE	FALSE
Spock2	chr10	FALSE	FALSE
Gsto1	chr19	FALSE	TRUE
Zdhhc11	chr13	FALSE	FALSE
Arrdc1	chr2	FALSE	TRUE
Vpreb3	chr10	FALSE	FALSE
Tcim	chr8	FALSE	FALSE
Hunk	chr16	FALSE	FALSE
Spock3	chr8	FALSE	FALSE
Gdf15	chr8	FALSE	FALSE
Fam13a	chr6	FALSE	TRUE
Lnx1	chr5	FALSE	TRUE
Cst3	chr2	FALSE	TRUE
Nfkb2	chr19	FALSE	FALSE
Celf6	chr9	FALSE	FALSE
Slc6a2	chr8	FALSE	TRUE
Atic	chr1	FALSE	FALSE
Mtmr7	chr8	FALSE	TRUE
Naaladl2	chr3	FALSE	TRUE
Blvrb	chr7	FALSE	FALSE
Mrgprh	chr17	FALSE	FALSE
A930018P22Rik	chr2	FALSE	FALSE
Ropn1	chr16	FALSE	FALSE
C130050O18Rik	chr5	FALSE	TRUE
Cdkal1	chr13	FALSE	FALSE
Mrps36	chr13	FALSE	FALSE
Cd14	chr18	FALSE	TRUE
Pfkfb4	chr9	FALSE	FALSE
Diras2	chr13	FALSE	FALSE
Sapcd2	chr2	FALSE	FALSE
Ndrg4	chr8	FALSE	FALSE
Cxcl14	chr13	FALSE	FALSE
Tubb3	chr8	FALSE	FALSE
Osr1	chr12	FALSE	FALSE
Mphosph8	chr14	FALSE	TRUE
Lrp5	chr19	FALSE	FALSE
Cmtm7	chr9	FALSE	TRUE
Artn	chr4	FALSE	TRUE
Ptch2	chr4	FALSE	FALSE
Syngr1	chr15	FALSE	FALSE
Nmb	chr7	FALSE	FALSE
Myl12a	chr17	FALSE	TRUE
Hey1	chr3	FALSE	TRUE
Siva1	chr12	FALSE	FALSE
Slc24a5	chr2	FALSE	FALSE
Yes1	chr5	FALSE	TRUE
Zbtb10	chr3	FALSE	TRUE
Satb2	chr1	FALSE	FALSE
Kazn	chr4	FALSE	TRUE
Rtn4rl1	chr11	FALSE	FALSE
Fkbp1b	chr12	FALSE	TRUE
Krt8	chr15	FALSE	TRUE
Tlx3	chr11	FALSE	FALSE
Tspan17	chr13	FALSE	TRUE
Ptgdr2	chr19	FALSE	FALSE
Bfsp1	chr2	FALSE	FALSE
Dync1i1	chr6	FALSE	TRUE
Ska1	chr18	FALSE	FALSE
Adrb2	chr18	FALSE	TRUE
Stk40	chr4	FALSE	FALSE
Tbc1d8	chr1	FALSE	TRUE
Fam13b	chr18	FALSE	TRUE
Pip5kl1	chr2	FALSE	FALSE
Tmem200b	chr4	FALSE	TRUE
Cnr1	chr4	TRUE	TRUE
Gltp	chr5	FALSE	FALSE
Chat	chr14	FALSE	FALSE
Gpr6	chr10	FALSE	FALSE
Tmem30b	chr12	FALSE	FALSE
Kcnk9	chr15	FALSE	TRUE
Taok3	chr5	FALSE	TRUE
Cck	chr9	FALSE	FALSE
Haus7	chrX	FALSE	TRUE
Elavl4	chr4	TRUE	TRUE
Spata20	chr11	FALSE	TRUE
Zpbp2	chr11	FALSE	FALSE
Nrg1	chr8	FALSE	FALSE
Ifrd2	chr9	FALSE	FALSE
Marchf9	chr10	FALSE	TRUE
Plau	chr14	FALSE	FALSE
Egr4	chr6	FALSE	TRUE
Camk2n1	chr4	FALSE	FALSE
Shox2	chr3	FALSE	TRUE
Mcpt9	chr14	FALSE	TRUE
Secisbp2l	chr2	FALSE	TRUE
Myt1	chr2	TRUE	TRUE
1700024G13Rik	chr14	FALSE	FALSE
Lefty1	chr1	FALSE	TRUE
Itprid2	chr2	FALSE	TRUE
Cox14	chr15	FALSE	FALSE
Hoxa13	chr6	FALSE	TRUE
Alpi	chr1	FALSE	FALSE
Nr5a2	chr1	FALSE	FALSE
Hdgfl1	chr13	FALSE	FALSE
Insig1	chr5	FALSE	TRUE
Tbx19	chr1	FALSE	TRUE
1700013G24Rik	chr4	FALSE	TRUE
Ccnjl	chr11	FALSE	FALSE
Nemp2	chr1	FALSE	TRUE
Hsd17b7	chr1	FALSE	TRUE
Ftmt	chr18	FALSE	TRUE
Ghitm	chr14	FALSE	TRUE
H2-Q2	chr17	FALSE	TRUE
Endov	chr11	FALSE	FALSE
Casp3	chr8	FALSE	TRUE
Tubb4b	chr2	FALSE	FALSE
Plk2	chr13	FALSE	FALSE
Rrp1	chr10	FALSE	FALSE
Dusp28	chr1	FALSE	TRUE
Lrrc73	chr17	FALSE	FALSE
Irgc1	chr7	FALSE	FALSE
Rmc1	chr18	FALSE	TRUE
Ramp2	chr11	FALSE	FALSE
Prkab2	chr3	FALSE	TRUE
Nhlh1	chr1	FALSE	TRUE
Rit2	chr18	FALSE	TRUE
Ankrd39	chr1	FALSE	FALSE
Cfap410	chr10	FALSE	FALSE
Msl3l2	chr10	FALSE	TRUE
Timm22	chr11	FALSE	TRUE
Cypt12	chr3	FALSE	TRUE
Sbspon	chr1	FALSE	FALSE
Ssr4	chrX	FALSE	FALSE
Trabd2b	chr4	FALSE	FALSE
Actl10	chr2	FALSE	FALSE
Bbs10	chr10	FALSE	TRUE
Slc22a4	chr11	FALSE	FALSE
Mcm2	chr6	FALSE	TRUE
Gdap1	chr1	FALSE	TRUE
Bhlhe23	chr2	FALSE	TRUE
Smim3	chr18	FALSE	FALSE
Mars2	chr1	FALSE	TRUE
Mgat2	chr12	FALSE	TRUE
Exoc7	chr11	FALSE	FALSE
Akna	chr4	FALSE	TRUE
Dio2	chr12	FALSE	TRUE
Tox	chr4	FALSE	TRUE
Nr4a1	chr15	FALSE	FALSE
Tmem174	chr13	FALSE	TRUE
Stub1	chr17	FALSE	FALSE
Zfp365	chr10	FALSE	FALSE
Tmem250-ps	chr2	FALSE	TRUE
Serpinf2	chr11	FALSE	FALSE
Ccsap	chr8	FALSE	FALSE
Mfsd10	chr5	FALSE	FALSE
Adam34	chr8	FALSE	TRUE
Col9a2	chr4	FALSE	FALSE
Pwwp3a	chr10	FALSE	FALSE
Moxd1	chr10	FALSE	FALSE
Rhebl1	chr15	FALSE	FALSE
Chd4	chr6	FALSE	FALSE
Cdca3	chr6	FALSE	FALSE
Spata2	chr2	FALSE	FALSE
3110082J24Rik	chr5	FALSE	FALSE
Psmb1	chr17	FALSE	FALSE
Tigar	chr6	FALSE	TRUE
H2-T23	chr17	FALSE	FALSE
Ssx2ip	chr3	FALSE	TRUE
Prdx6	chr1	FALSE	TRUE
Pacsin3	chr2	FALSE	FALSE
Slc50a1	chr3	FALSE	TRUE
Coch	chr12	FALSE	TRUE
Plscr3	chr11	FALSE	FALSE
Hes6	chr1	FALSE	FALSE
Gapdh	chr6	FALSE	FALSE
Tdrd6	chr17	FALSE	FALSE
Asprv1	chr6	FALSE	TRUE
Rnaseh2b	chr14	FALSE	TRUE
Mllt3	chr4	FALSE	TRUE
Syt13	chr2	FALSE	FALSE
Rab5if	chr2	FALSE	FALSE
Gpr50	chrX	FALSE	FALSE
Mmp14	chr14	FALSE	FALSE
Zcchc2	chr1	FALSE	TRUE
Smpd5	chr15	FALSE	TRUE
Lpar5	chr6	FALSE	TRUE
Gstm3	chr3	FALSE	TRUE
Sgtb	chr13	FALSE	TRUE
Gal	chr19	FALSE	FALSE
Cbx8	chr11	FALSE	TRUE
Csk	chr9	FALSE	FALSE
Zfp78	chr7	FALSE	FALSE
Traf6	chr2	TRUE	TRUE
A930007A09Rik	chr16	FALSE	TRUE
Insl3	chr8	FALSE	TRUE
Cdc20	chr4	FALSE	TRUE
Lrrc3b	chr14	FALSE	TRUE
Chst13	chr6	FALSE	FALSE
Tent5a	chr9	FALSE	FALSE
Penk	chr4	FALSE	FALSE
Sgo2a	chr1	FALSE	TRUE
Sorcs1	chr19	FALSE	TRUE
Spata46	chr1	FALSE	FALSE
Krt18	chr15	FALSE	FALSE
Cdh16	chr8	FALSE	TRUE
Dipk1c	chr18	FALSE	FALSE
Vps18	chr2	FALSE	TRUE
Cby2	chr14	FALSE	TRUE
Abcf2	chr5	FALSE	TRUE
Zfp930	chr8	FALSE	TRUE
Tmem256	chr11	FALSE	FALSE
Guf1	chr5	FALSE	TRUE
Lyplal1	chr1	FALSE	TRUE
Cfc1	chr1	FALSE	TRUE
Cul7	chr17	FALSE	FALSE
Mafk	chr5	FALSE	FALSE
H2-M5	chr17	FALSE	FALSE
Rab27b	chr18	FALSE	FALSE
Cers1	chr8	FALSE	TRUE
Mab21l1	chr3	FALSE	FALSE
Grb10	chr11	FALSE	TRUE
Tnfrsf25	chr4	FALSE	TRUE
Lbr	chr1	FALSE	TRUE
Rcbtb2	chr14	FALSE	TRUE
Efnb1	chrX	FALSE	FALSE
Xxylt1	chr16	FALSE	TRUE
Cdk2ap1	chr5	FALSE	TRUE
Uhrf1	chr17	FALSE	FALSE
Casp2	chr6	FALSE	TRUE
Ibtk	chr9	FALSE	FALSE
Serpine1	chr5	FALSE	FALSE
Bglap2	chr3	FALSE	FALSE
Zfp869	chr8	FALSE	FALSE
Mob3c	chr4	FALSE	FALSE
Tmppe	chr9	FALSE	FALSE
Tomm40	chr7	FALSE	FALSE
Npm1	chr11	FALSE	FALSE
Rpp25l	chr4	FALSE	TRUE
Tmem179	chr12	FALSE	TRUE
Tmem91	chr7	FALSE	TRUE
Polrmt	chr10	FALSE	TRUE
Gatm	chr2	FALSE	FALSE
Septin4	chr11	FALSE	TRUE
Foxs1	chr2	FALSE	FALSE
Col17a1	chr19	FALSE	FALSE
Adra2a	chr19	FALSE	FALSE
St3gal5	chr6	FALSE	FALSE
Spin2c	chrX	FALSE	FALSE
Otulinl	chr15	FALSE	TRUE
Vcp	chr4	FALSE	FALSE
Fam135a	chr1	FALSE	TRUE
Rps6ka3	chrX	FALSE	FALSE
Synj2	chr17	FALSE	FALSE
Capn9	chr8	FALSE	FALSE
Mdfic	chr6	FALSE	FALSE
Pced1a	chr2	FALSE	TRUE
Otos	chr1	FALSE	TRUE
Ppy	chr11	FALSE	FALSE
Htr5b	chr1	FALSE	FALSE
Slc25a29	chr12	FALSE	TRUE
Tspan9	chr6	FALSE	FALSE
Ccdc27	chr4	FALSE	TRUE
P4ha1	chr10	FALSE	TRUE
Irx2	chr13	FALSE	TRUE
Zic5	chr14	TRUE	TRUE
Ccdc112	chr18	FALSE	TRUE
Klhl21	chr4	FALSE	TRUE
En1	chr1	FALSE	FALSE
Purb	chr11	FALSE	FALSE
Cox20	chr1	FALSE	FALSE
Catip	chr1	FALSE	FALSE
Rprm	chr2	FALSE	TRUE
Kctd7	chr5	FALSE	FALSE
Gnpda2	chr5	FALSE	TRUE
Cracr2b	chr7	FALSE	FALSE
Tert	chr13	FALSE	TRUE
Ifne	chr4	FALSE	FALSE
Nrn1	chr13	FALSE	TRUE
Fez1	chr9	FALSE	FALSE
Dmrt2	chr19	FALSE	TRUE
Gcc1	chr6	FALSE	TRUE
Creb3l1	chr2	FALSE	TRUE
Spata31d1d	chr13	FALSE	TRUE
Tafa2	chr10	FALSE	FALSE
Taar5	chr10	FALSE	TRUE
Pitpnm1	chr19	FALSE	TRUE
Asb5	chr8	FALSE	TRUE
Sit1	chr4	FALSE	TRUE
Spp2	chr1	FALSE	FALSE
Gm10033	chr8	FALSE	TRUE
Bmp2	chr2	FALSE	FALSE
Rab7b	chr1	FALSE	FALSE
Vps26a	chr10	FALSE	TRUE
Idh1	chr1	FALSE	TRUE
Chsy3	chr18	FALSE	FALSE
Snx10	chr6	FALSE	TRUE
Slain1	chr14	FALSE	TRUE
Orm1	chr4	FALSE	TRUE
Ctxn3	chr18	FALSE	FALSE
Krt83	chr15	FALSE	TRUE
Fam136a	chr6	FALSE	TRUE
Cyth1	chr11	FALSE	FALSE
Srp72	chr5	FALSE	TRUE
Mpv17l	chr16	FALSE	TRUE
Fjx1	chr2	FALSE	TRUE
Kcna5	chr6	FALSE	TRUE
Actbl2	chr13	FALSE	FALSE
Sfrp4	chr13	FALSE	TRUE
Adgrl3	chr5	FALSE	FALSE
Eny2	chr15	FALSE	TRUE
Scrt1	chr15	FALSE	FALSE
Arx	chrX	FALSE	FALSE
Caly	chr7	FALSE	FALSE
Stc1	chr14	FALSE	FALSE
Hoxc8	chr15	FALSE	TRUE
Ppm1m	chr9	FALSE	TRUE
Tspan4	chr7	FALSE	FALSE
Celsr1	chr15	FALSE	TRUE
Hoxd9	chr2	FALSE	TRUE
Dhrs11	chr11	FALSE	FALSE
Hmgb3	chrX	FALSE	TRUE
Emilin1	chr5	FALSE	TRUE
Gpc6	chr14	FALSE	FALSE
Cbx4	chr11	FALSE	TRUE
Entpd8	chr2	FALSE	TRUE
Pdlim3	chr8	FALSE	TRUE
Chpf	chr1	FALSE	TRUE
Trpm8	chr1	TRUE	TRUE
Glis2	chr16	FALSE	FALSE
Uap1	chr1	FALSE	TRUE
Setd7	chr3	FALSE	FALSE
Map1a	chr2	FALSE	TRUE
Pparg	chr6	FALSE	FALSE
Nxph3	chr11	FALSE	TRUE
Nphs2	chr1	FALSE	FALSE
Alg14	chr3	FALSE	TRUE
Rab36	chr10	FALSE	TRUE
Lsm5	chr6	FALSE	TRUE
Zfp804b	chr5	FALSE	FALSE
Aasdhppt	chr9	FALSE	TRUE
Otp	chr13	FALSE	FALSE
Fndc4	chr5	FALSE	TRUE
Lap3	chr5	FALSE	TRUE
Zkscan4	chr13	FALSE	TRUE
Gpr12	chr5	FALSE	TRUE
Arhgap40	chr2	FALSE	FALSE
Gm7361	chr5	FALSE	TRUE
Ankrd45	chr1	FALSE	TRUE
Mro	chr18	FALSE	FALSE
Tal1	chr4	FALSE	TRUE
Akap7	chr10	FALSE	TRUE
Igfbp1	chr11	FALSE	TRUE
Tmsb10	chr6	FALSE	TRUE
8030474K03Rik	chrX	FALSE	TRUE
4930432M17Rik	chr3	FALSE	TRUE
Ube2t	chr1	FALSE	FALSE
Areg	chr5	FALSE	FALSE
Steap4	chr5	FALSE	FALSE
Mep1b	chr18	FALSE	FALSE
Cysrt1	chr2	FALSE	TRUE
Dhrs7	chr12	FALSE	TRUE
S1pr5	chr9	FALSE	FALSE
Tpbgl	chr7	FALSE	TRUE
Alg11	chr8	FALSE	FALSE
Sprn	chr7	FALSE	FALSE
Gm5168	chrX	FALSE	FALSE
Slc20a1	chr2	FALSE	TRUE
Pex3	chr10	FALSE	TRUE
Irf2bpl	chr12	FALSE	TRUE
Klf16	chr10	FALSE	FALSE
Gpr65	chr12	FALSE	TRUE
Lhx1	chr11	FALSE	FALSE
Carnmt1	chr19	FALSE	TRUE
Tuba3b	chr6	FALSE	FALSE
Tent5b	chr4	FALSE	FALSE
Ptprn	chr1	FALSE	TRUE
Ppp1r17	chr6	FALSE	TRUE
Ptgr1	chr4	FALSE	TRUE
Msx2	chr13	FALSE	FALSE
Plxna3	chrX	FALSE	FALSE
Cltb	chr13	FALSE	FALSE
Hgfac	chr5	FALSE	TRUE
Pck1	chr2	FALSE	FALSE
Commd2	chr3	FALSE	TRUE
Fam170b	chr14	FALSE	TRUE
Dhrs7c	chr11	FALSE	FALSE
Rnf19b	chr4	FALSE	FALSE
Nfe2	chr15	FALSE	FALSE
Wiz	chr17	FALSE	TRUE
Sphk1	chr11	FALSE	TRUE
Gpc4	chrX	FALSE	FALSE
Gabra4	chr5	FALSE	TRUE
Carns1	chr19	FALSE	FALSE
Upk2	chr9	FALSE	FALSE
Popdc2	chr16	FALSE	TRUE
Plet1	chr9	FALSE	FALSE
Mogs	chr6	FALSE	TRUE
Sox17	chr1	FALSE	TRUE
Gm5148	chr3	FALSE	TRUE
Hpcal4	chr4	FALSE	FALSE
Hs3st3a1	chr11	FALSE	FALSE
Fbxo44	chr4	FALSE	FALSE
Kirrel2	chr7	FALSE	TRUE
Ces2a	chr8	FALSE	TRUE
Ttyh1	chr7	FALSE	TRUE
Dyrk2	chr10	FALSE	TRUE
Ccnf	chr17	FALSE	TRUE
Rhov	chr2	FALSE	TRUE
B3gnt3	chr8	FALSE	TRUE
Rrs1	chr1	FALSE	TRUE
Plac1	chrX	FALSE	FALSE
Rpl38	chr11	FALSE	FALSE
Srp9	chr1	FALSE	TRUE
Dnajb4	chr3	FALSE	TRUE
Pabpc1	chr15	FALSE	TRUE
Poll	chr19	FALSE	FALSE
Mgst1	chr6	FALSE	TRUE
Gamt	chr10	FALSE	FALSE
Calb1	chr4	TRUE	TRUE
Pxylp1	chr9	FALSE	TRUE
Gpr150	chr13	FALSE	TRUE
Vmn1r65	chr7	FALSE	FALSE
Tcea2	chr2	FALSE	TRUE
Lig4	chr8	FALSE	TRUE
Rbm15b	chr9	FALSE	FALSE
Plpp2	chr10	FALSE	FALSE
Comp	chr8	FALSE	TRUE
Sp8	chr12	FALSE	TRUE
D630039A03Rik	chr4	FALSE	FALSE
Psapl1	chr5	FALSE	FALSE
Cyp26b1	chr6	FALSE	FALSE
Il25	chr14	FALSE	FALSE
Helt	chr8	FALSE	TRUE
Skil	chr3	FALSE	TRUE
Rwdd1	chr10	FALSE	TRUE
Klf6	chr13	FALSE	TRUE
Phlda1	chr10	FALSE	TRUE
Opn3	chr1	FALSE	TRUE
Homer1	chr13	FALSE	TRUE
Zc3h12a	chr4	FALSE	FALSE
Atn1	chr6	FALSE	FALSE
Eml1	chr12	FALSE	TRUE
Slc16a3	chr11	FALSE	FALSE
Paxx	chr2	FALSE	FALSE
Samd15	chr12	FALSE	TRUE
Aqp8	chr7	FALSE	FALSE
Prss16	chr13	FALSE	TRUE
Avpi1	chr19	FALSE	TRUE
Uroc1	chr6	FALSE	TRUE
Fndc7	chr3	FALSE	TRUE
Taar4	chr10	TRUE	TRUE
Mmrn2	chr14	FALSE	TRUE
Dcxr	chr11	FALSE	FALSE
Gucy1b2	chr14	FALSE	TRUE
Slitrk1	chr14	TRUE	FALSE
Kcnj8	chr6	FALSE	TRUE
Aurka	chr2	FALSE	FALSE
Acadm	chr3	FALSE	TRUE
B9d2	chr7	FALSE	FALSE
Plxnb2	chr15	FALSE	TRUE
Cfl2	chr12	FALSE	TRUE
Ptms	chr6	FALSE	TRUE
Psmb9	chr17	FALSE	TRUE
Foxi3	chr6	FALSE	TRUE
Fbxo39	chr11	FALSE	FALSE
Calr4	chr4	FALSE	FALSE
Klhl9	chr4	FALSE	TRUE
Ccdc185	chr1	FALSE	TRUE
Fam83a	chr15	FALSE	TRUE
Fam131b	chr6	FALSE	FALSE
Tppp3	chr8	FALSE	TRUE
Hyal2	chr9	FALSE	TRUE
Klf11	chr12	FALSE	TRUE
Pdrg1	chr2	FALSE	TRUE
Snx33	chr9	FALSE	FALSE
Serpini1	chr3	FALSE	TRUE
Setmar	chr6	FALSE	FALSE
Hmx2	chr7	FALSE	TRUE
Cxxc4	chr3	FALSE	TRUE
Ccdc191	chr16	FALSE	TRUE
Tm4sf1	chr3	FALSE	TRUE
Cenpx	chr11	FALSE	TRUE
Fundc1	chrX	FALSE	TRUE
Gpr20	chr15	FALSE	FALSE
Oxt	chr2	FALSE	FALSE
Cyba	chr8	FALSE	FALSE
Plpp3	chr4	FALSE	TRUE
Hif1a	chr12	TRUE	FALSE
Hjv	chr3	FALSE	TRUE
Syndig1l	chr12	FALSE	FALSE
Nme3	chr17	FALSE	FALSE
Myl2	chr5	FALSE	FALSE
Cant1	chr11	FALSE	FALSE
Gmnc	chr16	FALSE	TRUE
Vcam1	chr3	FALSE	TRUE
Rsl24d1	chr9	FALSE	TRUE
Klhl34	chrX	FALSE	TRUE
Lrig1	chr6	FALSE	TRUE
Sgk2	chr2	FALSE	FALSE
Stard3nl	chr13	FALSE	TRUE
Ogfrl1	chr1	FALSE	TRUE
Cox6b2	chr7	FALSE	TRUE
Derl3	chr10	FALSE	FALSE
Esco2	chr14	FALSE	TRUE
Sash1	chr10	FALSE	FALSE
Ldhb	chr6	FALSE	TRUE
Cfap20	chr8	FALSE	TRUE
H2ac8	chr13	FALSE	TRUE
C1qc	chr4	FALSE	TRUE
Klrg1	chr6	FALSE	TRUE
Flnc	chr6	FALSE	TRUE
Pfn3	chr13	FALSE	FALSE
Pou3f1	chr4	FALSE	TRUE
Myog	chr1	FALSE	FALSE
Foxl1	chr8	FALSE	TRUE
E2f5	chr3	FALSE	TRUE
Hoxb1	chr11	FALSE	TRUE
Ndufaf4	chr4	FALSE	TRUE
Mis18a	chr16	FALSE	FALSE
Cdt1	chr8	FALSE	FALSE
Ccs	chr19	FALSE	TRUE
Hspa2	chr12	FALSE	FALSE
Tnn	chr1	FALSE	TRUE
Snai2	chr16	FALSE	FALSE
Ost4	chr5	FALSE	TRUE
Fndc5	chr4	FALSE	FALSE
Cyyr1	chr16	FALSE	TRUE
Ctrl	chr8	FALSE	FALSE
Rem2	chr14	FALSE	TRUE
Xrcc5	chr1	TRUE	FALSE
Lzts1	chr8	FALSE	TRUE
Ado	chr10	FALSE	TRUE
Cebpb	chr2	FALSE	TRUE
Cer1	chr4	FALSE	TRUE
Txnl1	chr18	FALSE	FALSE
Tubb2b	chr13	FALSE	TRUE
Nup37	chr10	FALSE	TRUE
Lrrc75b	chr10	FALSE	TRUE
Aldh7a1	chr18	FALSE	TRUE
Crip3	chr17	FALSE	TRUE
Bcl2	chr1	TRUE	TRUE
Fads1	chr19	FALSE	FALSE
Fgfbp1	chr5	FALSE	FALSE
Atg16l2	chr7	FALSE	FALSE
Slit1	chr19	FALSE	FALSE
Tes	chr6	FALSE	TRUE
Cops8	chr1	FALSE	TRUE
Parva	chr7	FALSE	FALSE
Ccnb1	chr13	FALSE	TRUE
Actl7b	chr4	FALSE	TRUE
Btbd6	chr12	FALSE	FALSE
Thbs4	chr13	FALSE	TRUE
Syngr2	chr11	FALSE	TRUE
Gm7694	chr1	FALSE	FALSE
Slc35b3	chr13	FALSE	TRUE
Cdk20	chr13	FALSE	TRUE
Zbed3	chr13	FALSE	FALSE
Meak7	chr8	FALSE	TRUE
Speg	chr1	FALSE	FALSE
Samm50	chr15	FALSE	TRUE
Srek1	chr13	FALSE	TRUE
Defb48	chr14	FALSE	TRUE
Spry1	chr3	FALSE	TRUE
Gpr171	chr3	FALSE	FALSE
Aspm	chr1	FALSE	TRUE
Dtnbp1	chr13	FALSE	TRUE
Ptrh1	chr2	FALSE	TRUE
