gene_name	chr	is_neuronal	stratum_top_quartile
F630206G17Rik	chr11	FALSE	FALSE
Ldlrap1	chr4	FALSE	TRUE
Gm11149	chr9	FALSE	FALSE
Dnajc3	chr14	FALSE	FALSE
Rsph3b	chr17	FALSE	FALSE
Rnaset2a	chr17	FALSE	TRUE
Fam174b	chr7	FALSE	FALSE
Gm10714	chr2	FALSE	FALSE
Gm10785	chr16	FALSE	FALSE
Gm10556	chr18	FALSE	TRUE
Gm10684	chr9	FALSE	FALSE
Gm10415	chr6	FALSE	TRUE
Gm10790	chr13	FALSE	FALSE
Gm14812	chrX	FALSE	TRUE
Gm12298	chr11	FALSE	FALSE
Gm10732	chr13	FALSE	FALSE
Gm10637	chr8	FALSE	TRUE
Gm10432	chr12	FALSE	TRUE
Gm10373	chr15	FALSE	FALSE
Ctxnd1	chr7	FALSE	FALSE
E330012B07Rik	chr6	FALSE	FALSE
Mthfsl	chr9	FALSE	FALSE
Gm2516	chr8	FALSE	FALSE
3830408C21Rik	chr13	FALSE	FALSE
Mndal	chr1	FALSE	FALSE
Tmem181c-ps	chr17	FALSE	TRUE
Potefam3a	chr8	FALSE	FALSE
Wincr1	chr4	FALSE	FALSE
Gm2897	chr14	FALSE	FALSE
Mroh2a	chr1	FALSE	TRUE
Zfp980	chr4	FALSE	FALSE
Gm3402	chr5	FALSE	FALSE
Gm12371	chr4	FALSE	FALSE
Gm3704	chr5	FALSE	FALSE
Smim17	chr7	FALSE	FALSE
Gm4146	chr18	FALSE	FALSE
Rex2	chr4	FALSE	FALSE
5330434G04Rik	chrX	FALSE	FALSE
3110099E03Rik	chr2	FALSE	FALSE
AU016765	chr17	FALSE	TRUE
Srcap	chr7	FALSE	FALSE
Gm4710	chr17	FALSE	FALSE
Ddx43	chr9	FALSE	FALSE
Mir683-2	chr13	FALSE	FALSE
Vmn2r2	chr3	FALSE	FALSE
LOC100125594	chr2	FALSE	FALSE
Pafah2	chr4	FALSE	FALSE
Zmym6	chr4	FALSE	FALSE
Akna	chr4	TRUE	TRUE
BC048559	chr10	FALSE	FALSE
H6pd	chr4	FALSE	TRUE
Rusc2	chr4	FALSE	FALSE
Stx12	chr4	TRUE	FALSE
Gon7	chr12	FALSE	FALSE
5830417I10Rik	chr3	FALSE	FALSE
Actc1dt	chr2	FALSE	TRUE
Ino80dos	chr1	FALSE	FALSE
Bsdc1	chr4	FALSE	FALSE
Gm15997	chr5	FALSE	TRUE
C130060C02Rik	chr19	FALSE	FALSE
Rubcn	chr16	FALSE	FALSE
BC065403	chr9	FALSE	FALSE
Gm19410	chr8	FALSE	TRUE
Ccdc13	chr9	FALSE	TRUE
Gm12130	chr11	FALSE	FALSE
Gm16551	chr9	FALSE	TRUE
Gm19522	chr16	FALSE	FALSE
Gm19583	chr5	FALSE	TRUE
Btbd8	chr5	FALSE	FALSE
Gm19619	chr5	FALSE	FALSE
Gm15638	chr16	FALSE	FALSE
Snhg4	chr18	FALSE	FALSE
Gm19689	chr17	FALSE	FALSE
Platr22	chr1	FALSE	FALSE
Nuggc	chr14	FALSE	FALSE
Gm19784	chr18	FALSE	FALSE
A330076C08Rik	chr13	FALSE	TRUE
E330011O21Rik	chr16	FALSE	TRUE
1700123M08Rik	chr4	FALSE	TRUE
Mkln1os	chr6	FALSE	FALSE
Gm16701	chr1	FALSE	FALSE
Gm17266	chr18	FALSE	FALSE
Cmtm1	chr8	FALSE	FALSE
Gm20110	chr10	FALSE	TRUE
Abhd12b	chr12	FALSE	TRUE
E230016K23Rik	chr11	FALSE	FALSE
3425401B19Rik	chr14	FALSE	TRUE
A630012P03Rik	chrX	FALSE	FALSE
Gm16364	chr10	FALSE	TRUE
Gm20319	chr16	FALSE	FALSE
Atg14	chr14	FALSE	FALSE
5830418P13Rik	chr9	FALSE	FALSE
Fer1l5	chr1	FALSE	FALSE
Slc15a4	chr5	FALSE	FALSE
Gm10619	chr7	FALSE	TRUE
N4bp2l1	chr5	FALSE	FALSE
Tent2	chr13	TRUE	FALSE
Mapre3	chr5	FALSE	FALSE
Usp30	chr5	FALSE	FALSE
Gm3411	chr14	FALSE	FALSE
Potefam3b	chr8	FALSE	TRUE
Cfap99	chr5	FALSE	FALSE
Nfxl1	chr5	FALSE	FALSE
Gm15246	chrX	FALSE	FALSE
Zfp282	chr6	FALSE	FALSE
Tmem168	chr6	FALSE	FALSE
Bmt2	chr6	FALSE	FALSE
Parp11	chr6	FALSE	FALSE
Hepacam2	chr6	FALSE	FALSE
Uchl1os	chr5	FALSE	FALSE
Wdr91	chr6	FALSE	TRUE
Gm29811	chr3	FALSE	TRUE
Dyrk4	chr6	FALSE	FALSE
Eogt	chr6	FALSE	FALSE
Phrf1	chr7	FALSE	FALSE
Plekha1	chr7	FALSE	FALSE
Slco2b1	chr7	FALSE	TRUE
Mob2	chr7	TRUE	FALSE
Prkd2	chr7	FALSE	FALSE
Vrk3	chr7	FALSE	FALSE
Mir9-3hg	chr7	FALSE	TRUE
Psip1	chr4	FALSE	FALSE
A730082K24Rik	chr7	FALSE	FALSE
Sf3b3	chr8	FALSE	FALSE
Psme3ip1	chr8	FALSE	FALSE
Prmt9	chr8	FALSE	FALSE
Gpat4	chr8	FALSE	FALSE
Cyp4v3	chr8	FALSE	FALSE
Dcun1d2	chr8	FALSE	FALSE
Cog4	chr8	FALSE	FALSE
Xntrpc	chr7	FALSE	FALSE
Xylb	chr9	FALSE	FALSE
Plekho2	chr9	FALSE	FALSE
Snx19	chr9	FALSE	FALSE
Mapkapk3	chr9	FALSE	TRUE
Gm14664	chrX	FALSE	FALSE
Gm30173	chr3	FALSE	TRUE
Gm2245	chr15	FALSE	FALSE
Gm15555	chr16	FALSE	FALSE
Prox1os	chr1	FALSE	TRUE
Gm30790	chr16	FALSE	FALSE
Rnf212b	chr14	FALSE	FALSE
Gm30853	chr10	FALSE	FALSE
Gm15939	chr10	FALSE	FALSE
Gm31108	chr6	FALSE	FALSE
Myhas	chr11	FALSE	FALSE
Gm26633	chr7	FALSE	FALSE
A730081D07Rik	chr13	FALSE	FALSE
Gm31763	chr10	FALSE	FALSE
Gm48908	chr2	FALSE	FALSE
Gm32200	chr1	FALSE	TRUE
Gm16582	chr1	FALSE	TRUE
Gm16070	chr1	FALSE	FALSE
Gm15825	chr1	FALSE	TRUE
Gm32461	chr16	FALSE	FALSE
Gm32511	chr9	FALSE	FALSE
Gm11264	chr4	FALSE	TRUE
Gm28729	chr9	FALSE	FALSE
Gm11266	chr4	FALSE	TRUE
Mannr	chr3	FALSE	FALSE
Gm15290	chr13	FALSE	FALSE
Hand2os1	chr8	FALSE	TRUE
Acte1	chr7	FALSE	FALSE
Gm38499	chr7	FALSE	FALSE
Gm12602	chr4	FALSE	FALSE
Gm28590	chr1	FALSE	FALSE
Gm15270	chr10	FALSE	FALSE
Gm35722	chr10	FALSE	FALSE
Gm26839	chr12	FALSE	TRUE
Gm36117	chr17	FALSE	FALSE
Gm36173	chr10	FALSE	FALSE
Gm36283	chr10	FALSE	TRUE
Gm36595	chr10	FALSE	FALSE
Gm12339	chr11	FALSE	TRUE
Rsf1os2	chr7	FALSE	FALSE
Cd276	chr9	FALSE	TRUE
Slc6a20a	chr9	FALSE	FALSE
Phldb1	chr9	FALSE	TRUE
AV064505	chr9	FALSE	FALSE
Bbs4	chr9	TRUE	FALSE
Lncppara	chr15	FALSE	TRUE
Cenpi	chrX	FALSE	FALSE
Slc6a15	chr10	FALSE	FALSE
Rdh9	chr10	FALSE	FALSE
Upb1	chr10	FALSE	TRUE
Traf3ip2	chr10	FALSE	TRUE
Ifngas1	chr10	FALSE	FALSE
Nup107	chr10	FALSE	FALSE
Xpo1	chr11	FALSE	FALSE
Tbc1d10a	chr11	FALSE	FALSE
Dnaaf10	chr11	FALSE	FALSE
Maml1	chr11	FALSE	FALSE
Nt5m	chr11	FALSE	FALSE
Gck	chr11	FALSE	FALSE
Qsox1	chr1	FALSE	TRUE
Synpo	chr18	TRUE	TRUE
Acly	chr11	FALSE	TRUE
Etv5	chr16	TRUE	TRUE
Ces1d	chr8	FALSE	FALSE
Sbk1	chr7	FALSE	FALSE
Rhoq	chr17	FALSE	TRUE
Slc6a5	chr7	TRUE	TRUE
Kdm3a	chr6	FALSE	FALSE
Csnk1d	chr11	TRUE	FALSE
Dgkz	chr2	TRUE	TRUE
Npffr2	chr5	FALSE	FALSE
Rars1	chr11	FALSE	FALSE
Ppp4r3b	chr11	FALSE	FALSE
Cnot6	chr11	FALSE	FALSE
Pik3r6	chr11	FALSE	FALSE
Ddx1	chr12	TRUE	FALSE
Sfta3-ps	chr12	FALSE	TRUE
Vipas39	chr12	FALSE	FALSE
Fancm	chr12	FALSE	FALSE
Spata7	chr12	TRUE	FALSE
Dnal1	chr12	TRUE	FALSE
Iars1	chr13	FALSE	FALSE
Tasor2	chr13	FALSE	FALSE
Slc9a3	chr13	FALSE	TRUE
Gm12724	chr4	FALSE	FALSE
Txndc5	chr13	FALSE	TRUE
Gm26760	chr15	FALSE	FALSE
C730014E05Rik	chr16	FALSE	FALSE
Epdr1	chr13	FALSE	TRUE
Golm1	chr13	FALSE	FALSE
Dusp22	chr13	FALSE	TRUE
BB123696	chr13	FALSE	TRUE
Fam149b	chr14	FALSE	FALSE
Slain1	chr14	FALSE	TRUE
Kctd9	chr14	FALSE	FALSE
Mmrn2	chr14	FALSE	FALSE
A630023A22Rik	chr14	FALSE	TRUE
Zfp957	chr14	FALSE	TRUE
Thtpa	chr14	FALSE	TRUE
Gm27021	chr8	FALSE	TRUE
Prkaa1	chr15	TRUE	FALSE
Sgsm3	chr15	FALSE	FALSE
Card10	chr15	FALSE	TRUE
Mal2	chr15	TRUE	FALSE
Nckap1l	chr15	TRUE	TRUE
Ugt3a1	chr15	FALSE	FALSE
Gm20716	chr2	FALSE	FALSE
Mef2bl	chr8	FALSE	FALSE
Espl1	chr15	FALSE	FALSE
Zc3h7a	chr16	FALSE	FALSE
Rrn3	chr16	TRUE	FALSE
Osbpl11	chr16	FALSE	FALSE
Nsun3	chr16	FALSE	FALSE
Ildr1	chr16	FALSE	FALSE
Stk38	chr17	TRUE	FALSE
Tecr	chr8	FALSE	FALSE
Gm49890	chr4	FALSE	FALSE
Fam234a	chr17	FALSE	FALSE
Catsperd	chr17	FALSE	FALSE
Ttbk1	chr17	TRUE	FALSE
Dhx57	chr17	FALSE	FALSE
Afap1l1	chr18	FALSE	TRUE
Smim3	chr18	FALSE	TRUE
Hmgxb3	chr18	FALSE	FALSE
Arap3	chr18	FALSE	TRUE
Me2	chr18	FALSE	FALSE
Fbxo38	chr18	TRUE	FALSE
Rrp12	chr19	FALSE	FALSE
Yars1	chr4	FALSE	FALSE
Psat1	chr19	FALSE	FALSE
Vps37c	chr19	FALSE	FALSE
Lpxn	chr19	FALSE	FALSE
Tm9sf3	chr19	FALSE	FALSE
Pdzd8	chr19	FALSE	FALSE
Fam111a	chr19	FALSE	FALSE
Hat1	chr2	FALSE	FALSE
Unc5a	chr13	TRUE	TRUE
Ssr1	chr13	FALSE	FALSE
Il1rl2	chr1	FALSE	FALSE
Nt5c3	chr6	FALSE	FALSE
Col16a1	chr4	FALSE	TRUE
Ovol2	chr2	TRUE	TRUE
Nod1	chr6	TRUE	TRUE
Pi4kb	chr3	FALSE	FALSE
Uap1	chr1	FALSE	FALSE
Drgx	chr14	TRUE	TRUE
Thoc5	chr11	FALSE	FALSE
Cth	chr3	FALSE	FALSE
Chd4	chr6	TRUE	FALSE
Celsr3	chr9	TRUE	TRUE
Bfsp2	chr9	TRUE	FALSE
Cenpf	chr1	TRUE	TRUE
Chrnb3	chr8	TRUE	FALSE
Slc14a1	chr18	FALSE	TRUE
Cstf2	chrX	FALSE	FALSE
Ltbp4	chr7	FALSE	TRUE
Pip4k2b	chr11	FALSE	FALSE
Adamts7	chr9	FALSE	TRUE
Ogt	chrX	TRUE	FALSE
9130015G15Rik	chr7	FALSE	TRUE
Gm9732	chr14	FALSE	FALSE
Slc35b3	chr13	FALSE	FALSE
Rimklb	chr6	FALSE	TRUE
Fam210a	chr18	FALSE	FALSE
Gpt2	chr8	FALSE	FALSE
Edem2	chr2	FALSE	FALSE
Stn1	chr19	FALSE	FALSE
Slx9	chr10	FALSE	TRUE
Pnrc1	chr4	FALSE	FALSE
Flacc1	chr1	FALSE	FALSE
Nusap1	chr2	FALSE	FALSE
Aida	chr1	FALSE	FALSE
Cdca2	chr14	FALSE	FALSE
Smim13	chr13	FALSE	FALSE
Irak2	chr6	FALSE	FALSE
Tpr	chr1	FALSE	FALSE
Sephs1	chr2	FALSE	FALSE
Rars2	chr4	FALSE	FALSE
Slc30a9	chr5	FALSE	FALSE
Mmaa	chr8	FALSE	FALSE
Ube2q2	chr9	FALSE	FALSE
Atl3	chr19	FALSE	FALSE
Lncbate1	chr8	FALSE	FALSE
Rarres1	chr3	FALSE	TRUE
Fam118b	chr9	FALSE	FALSE
Prr5	chr15	FALSE	TRUE
Cdcp1	chr9	FALSE	FALSE
Slc5a10	chr11	FALSE	TRUE
Fam163b	chr2	FALSE	TRUE
Lmo1	chr7	FALSE	TRUE
Dsp	chr13	FALSE	TRUE
Cyb5a	chr18	FALSE	FALSE
Blvra	chr2	FALSE	FALSE
Glo1	chr17	FALSE	FALSE
Zfp91	chr19	FALSE	FALSE
Bmp3	chr5	FALSE	TRUE
Pygb	chr2	FALSE	FALSE
Pygl	chr12	FALSE	TRUE
Raf1	chr6	TRUE	FALSE
Triobp	chr15	TRUE	TRUE
Pp2d1	chr17	FALSE	FALSE
C8b	chr4	FALSE	FALSE
Pde4c	chr8	FALSE	TRUE
Acat1	chr9	FALSE	FALSE
Eef1ece2	chr16	FALSE	FALSE
Atxn3	chr12	FALSE	FALSE
Prps2	chrX	FALSE	FALSE
Aldh7a1	chr18	FALSE	FALSE
Cse1l	chr2	FALSE	FALSE
Chrna5	chr9	TRUE	FALSE
Etfa	chr9	FALSE	FALSE
Ptpa	chr2	FALSE	FALSE
Pde6c	chr19	TRUE	FALSE
Slc18a1	chr8	TRUE	FALSE
Scn4a	chr11	TRUE	FALSE
Slc8a2	chr7	TRUE	FALSE
Slc9a4	chr1	FALSE	FALSE
Cds2	chr2	FALSE	FALSE
Prn	chr2	FALSE	TRUE
Egln1	chr8	TRUE	FALSE
Zfp979	chr4	FALSE	FALSE
Pzp	chr6	FALSE	FALSE
Aatk	chr11	TRUE	TRUE
Acadl	chr1	FALSE	FALSE
Laptm4b	chr15	FALSE	FALSE
Slc33a1	chr3	FALSE	FALSE
Asic1	chr15	TRUE	FALSE
Aco1	chr4	FALSE	FALSE
Aco2	chr15	FALSE	FALSE
Acox1	chr11	FALSE	FALSE
Palmd	chr3	FALSE	FALSE
Brdt	chr5	FALSE	FALSE
Impa2	chr18	FALSE	TRUE
Hsd17b11	chr5	FALSE	FALSE
Gtf2ird2	chr5	FALSE	FALSE
Rad51c	chr11	FALSE	FALSE
Supt16	chr14	FALSE	FALSE
Acvr1b	chr15	TRUE	FALSE
Acvr2b	chr9	FALSE	TRUE
Plcz1	chr6	FALSE	FALSE
Dcun1d1	chr3	FALSE	FALSE
Afg3l1	chr8	FALSE	FALSE
Adam17	chr12	TRUE	FALSE
Adam2	chr14	TRUE	FALSE
Adam3	chr8	FALSE	FALSE
Adam7	chr14	FALSE	FALSE
Adcy7	chr8	FALSE	TRUE
Adcyap1r1	chr6	FALSE	TRUE
Add1	chr5	FALSE	FALSE
Adh1	chr3	FALSE	FALSE
Adnp	chr2	TRUE	FALSE
Adora1	chr1	TRUE	TRUE
Parp1	chr1	TRUE	FALSE
Adss2	chr1	FALSE	FALSE
Aebp2	chr6	FALSE	FALSE
Angpt2	chr8	FALSE	TRUE
Angpt4	chr2	FALSE	TRUE
Agrn	chr4	TRUE	FALSE
Agtr1a	chr13	TRUE	FALSE
Agtr1b	chr3	TRUE	FALSE
Ahr	chr12	FALSE	FALSE
Ak4	chr4	FALSE	FALSE
Akap1	chr11	FALSE	TRUE
Alpl	chr4	FALSE	TRUE
Akt2	chr7	TRUE	FALSE
Aldh2	chr5	FALSE	FALSE
Aldh3a2	chr11	TRUE	FALSE
Baz2a	chr10	FALSE	FALSE
Mta1	chr12	FALSE	TRUE
Serpinb7	chr1	FALSE	FALSE
Alox5	chr6	TRUE	FALSE
Alpk3	chr7	FALSE	FALSE
Tgs1	chr4	FALSE	FALSE
Alx4	chr2	FALSE	TRUE
Tlcd3a	chr11	FALSE	FALSE
Ube3b	chr5	FALSE	FALSE
Acsm1	chr7	FALSE	FALSE
Necab2	chr8	FALSE	TRUE
Ttyh2	chr11	FALSE	FALSE
Ampd3	chr7	FALSE	TRUE
Anp32a	chr9	FALSE	FALSE
Anxa11	chr14	FALSE	TRUE
Anxa3	chr5	FALSE	FALSE
Anxa4	chr6	FALSE	FALSE
Anxa5	chr3	FALSE	TRUE
Anxa6	chr11	FALSE	FALSE
A1bg	chr15	FALSE	FALSE
Asb7	chr7	FALSE	FALSE
Helb	chr10	FALSE	FALSE
Ap1b1	chr11	FALSE	TRUE
Ap2a1	chr7	TRUE	FALSE
Ap3b2	chr7	TRUE	FALSE
Ap3d1	chr10	TRUE	FALSE
Ap3s1	chr18	TRUE	FALSE
Ap3s2	chr7	TRUE	FALSE
Ap4s1	chr12	FALSE	FALSE
Speg	chr1	FALSE	TRUE
Api5	chr2	FALSE	FALSE
Arf3	chr15	FALSE	FALSE
Arf4	chr14	TRUE	FALSE
Arg2	chr12	FALSE	FALSE
Rhoa	chr9	TRUE	FALSE
Arl4a	chr12	FALSE	TRUE
Arvcf	chr16	FALSE	TRUE
Asah1	chr8	FALSE	FALSE
Rab27a	chr9	FALSE	FALSE
Ass1	chr2	FALSE	TRUE
Serpinc1	chr1	FALSE	TRUE
Atf1	chr15	TRUE	FALSE
Atf3	chr1	FALSE	TRUE
Atp1a1	chr3	FALSE	TRUE
Atp1b3	chr9	FALSE	FALSE
Atp2a2	chr5	TRUE	FALSE
Atp6v1a	chr16	TRUE	FALSE
Atp6v0d1	chr8	TRUE	TRUE
Atp6v1e1	chr6	TRUE	FALSE
Atp6v0e	chr17	FALSE	FALSE
Atp6v0a1	chr11	TRUE	FALSE
Axin1	chr17	TRUE	FALSE
Axin2	chr11	FALSE	TRUE
Bach1	chr16	FALSE	TRUE
Bcap29	chr12	FALSE	FALSE
Bckdha	chr7	FALSE	FALSE
Bcl2l1	chr2	TRUE	TRUE
Bcl7c	chr7	FALSE	FALSE
Bdkrb2	chr12	FALSE	TRUE
Bdnf	chr2	TRUE	TRUE
Bfsp1	chr2	FALSE	TRUE
Cspg4	chr9	TRUE	TRUE
Bcl2l11	chr2	TRUE	TRUE
Blk	chr14	FALSE	TRUE
Cxcr5	chr9	FALSE	FALSE
Bmp1	chr14	FALSE	FALSE
Bmp8a	chr4	FALSE	TRUE
Bmp8b	chr4	FALSE	TRUE
Bnc1	chr7	FALSE	TRUE
Bpgm	chr6	TRUE	TRUE
Brca2	chr5	TRUE	FALSE
Chic1	chrX	FALSE	FALSE
Btc	chr5	FALSE	TRUE
Btk	chrX	FALSE	FALSE
Bub1	chr2	FALSE	FALSE
Bub1b	chr2	FALSE	FALSE
C2	chr17	FALSE	FALSE
Ciita	chr16	FALSE	TRUE
C4bp	chr1	FALSE	FALSE
C9	chr15	FALSE	FALSE
Cab39	chr1	FALSE	FALSE
Anxa2	chr9	TRUE	TRUE
Calb1	chr4	TRUE	TRUE
Calb2	chr8	TRUE	TRUE
Aspm	chr1	TRUE	FALSE
Calu	chr6	FALSE	FALSE
Camk2g	chr14	TRUE	TRUE
Canx	chr11	TRUE	FALSE
Cap1	chr4	FALSE	FALSE
Capn1	chr19	FALSE	FALSE
Capn2	chr1	FALSE	TRUE
Capn3	chr2	FALSE	FALSE
Capn5	chr7	FALSE	TRUE
Capn7	chr14	FALSE	FALSE
Capza1	chr3	FALSE	FALSE
Capza2	chr6	FALSE	FALSE
Car1	chr3	FALSE	FALSE
Car5a	chr8	FALSE	FALSE
Cat	chr2	FALSE	TRUE
Casp4	chr9	FALSE	FALSE
Casp12	chr9	FALSE	FALSE
Casp7	chr19	TRUE	FALSE
Casp8	chr1	TRUE	FALSE
Ctnnb1	chr9	TRUE	FALSE
Cav1	chr6	TRUE	TRUE
Runx3	chr4	TRUE	TRUE
Cbfb	chr8	FALSE	FALSE
Cbs	chr17	TRUE	TRUE
Cbx5	chr15	FALSE	FALSE
Cckbr	chr7	TRUE	FALSE
Ccnd2	chr6	TRUE	TRUE
Ccnf	chr17	FALSE	FALSE
Ccnt1	chr15	FALSE	FALSE
Noct	chr3	FALSE	FALSE
Cct6b	chr11	FALSE	FALSE
Ctla4	chr1	FALSE	FALSE
Cd28	chr1	FALSE	FALSE
Cd38	chr5	TRUE	FALSE
Entpd5	chr12	FALSE	FALSE
Cd6	chr19	TRUE	TRUE
Cd80	chr16	FALSE	FALSE
Cd82	chr2	FALSE	TRUE
Cd9	chr6	TRUE	TRUE
Cdc45	chr16	FALSE	FALSE
Cdh3	chr8	FALSE	FALSE
Cdh5	chr8	FALSE	FALSE
Cdk7	chr13	FALSE	FALSE
Cenpc1	chr5	FALSE	FALSE
Ces1g	chr8	FALSE	FALSE
Cfi	chr3	FALSE	FALSE
Cflar	chr1	TRUE	FALSE
Chat	chr14	TRUE	TRUE
Chka	chr19	FALSE	FALSE
Chuk	chr19	FALSE	FALSE
Vsx2	chr12	TRUE	TRUE
Clca3a1	chr3	FALSE	FALSE
Clcn1	chr6	TRUE	FALSE
Clgn	chr8	FALSE	FALSE
Clta	chr4	FALSE	FALSE
Abcc2	chr19	FALSE	FALSE
Cnga1	chr5	TRUE	FALSE
Cnga3	chr1	TRUE	TRUE
Cntfr	chr4	TRUE	TRUE
Hps3	chr3	FALSE	FALSE
Col11a2	chr17	TRUE	FALSE
Col17a1	chr19	FALSE	TRUE
Col2a1	chr15	TRUE	TRUE
Col3a1	chr1	TRUE	FALSE
Col6a2	chr10	FALSE	TRUE
Col7a1	chr9	FALSE	FALSE
Col1a2	chr6	FALSE	TRUE
Copa	chr1	TRUE	FALSE
Cops2	chr2	TRUE	FALSE
Cp	chr3	FALSE	FALSE
Cpa3	chr3	FALSE	FALSE
Cplx1	chr5	TRUE	FALSE
Cr2	chr1	FALSE	FALSE
Crcp	chr5	FALSE	FALSE
Crhr1	chr11	TRUE	TRUE
Crhr2	chr6	TRUE	TRUE
Bcar1	chr8	FALSE	TRUE
Crk	chr11	TRUE	FALSE
Crkl	chr16	TRUE	FALSE
Crmp1	chr5	TRUE	TRUE
Cr1l	chr1	FALSE	FALSE
Cry1	chr10	FALSE	FALSE
Cry2	chr2	FALSE	TRUE
Cryz	chr3	FALSE	FALSE
Csf1r	chr18	TRUE	TRUE
Csf2rb	chr15	FALSE	TRUE
Csk	chr9	FALSE	TRUE
Csnk2a2	chr8	FALSE	FALSE
Dnajc5	chr2	TRUE	FALSE
Ncan	chr8	TRUE	FALSE
Smc3	chr19	FALSE	FALSE
Csrp1	chr1	FALSE	TRUE
Ctbp1	chr5	TRUE	FALSE
Ctcf	chr8	FALSE	FALSE
Pcyt1a	chr16	FALSE	FALSE
Ctsc	chr7	TRUE	FALSE
Ctse	chr1	FALSE	FALSE
Ctss	chr3	FALSE	FALSE
Cttn	chr7	TRUE	FALSE
Cxadr	chr16	FALSE	TRUE
Cybb	chrX	FALSE	FALSE
Cyp11a1	chr9	FALSE	FALSE
Cyp2j6	chr4	FALSE	FALSE
Cyp3a13	chr5	FALSE	FALSE
Cyp46a1	chr12	TRUE	TRUE
Cd55b	chr1	FALSE	FALSE
Dag1	chr9	TRUE	FALSE
Slc6a3	chr13	TRUE	FALSE
Dbt	chr3	FALSE	FALSE
Dcn	chr10	FALSE	FALSE
Vps26c	chr16	FALSE	FALSE
Dct	chr14	TRUE	FALSE
Dctn1	chr6	TRUE	FALSE
Dhx15	chr5	FALSE	FALSE
Ddx4	chr13	FALSE	FALSE
Ddx6	chr9	TRUE	FALSE
Dhx9	chr1	FALSE	FALSE
Twist2	chr1	FALSE	TRUE
Dhfr	chr13	TRUE	FALSE
Mpp3	chr11	FALSE	FALSE
Dlg4	chr11	TRUE	FALSE
Dmc1	chr15	FALSE	FALSE
Dnase1l3	chr14	FALSE	FALSE
Dync1i2	chr2	TRUE	FALSE
Dnm1	chr2	TRUE	FALSE
Dnmt1	chr9	FALSE	FALSE
Trdmt1	chr2	FALSE	FALSE
Dnmt3b	chr2	TRUE	FALSE
Doc2b	chr11	TRUE	TRUE
Reep5	chr18	FALSE	FALSE
Arid3a	chr10	FALSE	TRUE
Drp2	chrX	TRUE	FALSE
Dsc1	chr18	FALSE	FALSE
Dsc2	chr18	FALSE	TRUE
Dsc3	chr18	FALSE	FALSE
Dsg1a	chr18	FALSE	FALSE
Dsg2	chr18	FALSE	TRUE
Dsg3	chr18	FALSE	FALSE
Epyc	chr10	TRUE	TRUE
Adam28	chr14	FALSE	FALSE
E2f5	chr3	FALSE	FALSE
E4f1	chr17	FALSE	FALSE
Ear1	chr14	FALSE	FALSE
Mapre1	chr2	FALSE	FALSE
Sparcl1	chr5	TRUE	FALSE
Opn3	chr1	FALSE	TRUE
Ect2	chr3	TRUE	FALSE
Ednrb	chr14	TRUE	FALSE
Eed	chr7	TRUE	FALSE
Efnb2	chr8	TRUE	TRUE
Ehf	chr2	FALSE	TRUE
Eif3a	chr19	FALSE	FALSE
Eif4e	chr3	TRUE	FALSE
Cela2a	chr4	FALSE	FALSE
Elf5	chr2	FALSE	TRUE
Ell	chr8	FALSE	TRUE
Eln	chr5	FALSE	FALSE
Emp2	chr16	FALSE	FALSE
Eng	chr2	TRUE	FALSE
Dmtn	chr14	FALSE	TRUE
Epha2	chr4	TRUE	TRUE
Epha8	chr4	TRUE	TRUE
Ephb4	chr5	FALSE	FALSE
Ephx1	chr1	FALSE	TRUE
Ephx2	chr14	FALSE	FALSE
Epo	chr5	TRUE	FALSE
Ercc3	chr18	TRUE	FALSE
Ces1c	chr8	FALSE	FALSE
Ces1e	chr8	FALSE	FALSE
Amz2	chr11	FALSE	FALSE
Esr2	chr12	TRUE	TRUE
Ewsr1	chr11	FALSE	FALSE
Muc4	chr16	FALSE	FALSE
Pofut1	chr2	TRUE	FALSE
Igf2bp1	chr11	TRUE	TRUE
Ppp1r3a	chr6	FALSE	FALSE
Ezh1	chr11	FALSE	FALSE
Igsf8	chr1	FALSE	TRUE
Sfxn1	chr13	FALSE	FALSE
Elmo2	chr2	FALSE	TRUE
Ubox5	chr2	FALSE	FALSE
Ube4a	chr9	FALSE	FALSE
Emid1	chr11	FALSE	TRUE
F9	chrX	FALSE	FALSE
Cacng5	chr11	TRUE	FALSE
Faah	chr4	FALSE	TRUE
P2ry14	chr3	FALSE	TRUE
Fanca	chr8	FALSE	FALSE
Slc17a6	chr7	TRUE	TRUE
Fas	chr19	TRUE	FALSE
Fdft1	chr14	FALSE	TRUE
Fech	chr18	FALSE	FALSE
Fgd1	chrX	FALSE	FALSE
Fgf18	chr11	TRUE	TRUE
Fgf7	chr2	FALSE	FALSE
Fgf9	chr14	FALSE	TRUE
Fgr	chr4	FALSE	FALSE
Vegfd	chrX	TRUE	FALSE
Smc2	chr4	FALSE	FALSE
Foxn2	chr17	FALSE	FALSE
Flt4	chr11	FALSE	TRUE
Fmo1	chr1	FALSE	FALSE
Fmo3	chr1	FALSE	FALSE
Fmo5	chr3	FALSE	FALSE
Fmr1	chrX	TRUE	FALSE
Zcchc14	chr8	FALSE	TRUE
Ncs1	chr2	TRUE	TRUE
Dtx1	chr5	TRUE	TRUE
Fxr1	chr3	TRUE	FALSE
Fzd6	chr15	TRUE	TRUE
Xrcc6	chr15	TRUE	FALSE
Gabpa	chr16	FALSE	FALSE
Gabpb1	chr2	FALSE	FALSE
Gabra1	chr11	TRUE	FALSE
Gabrr1	chr4	TRUE	FALSE
Gabrr2	chr4	TRUE	TRUE
Slc6a13	chr6	FALSE	TRUE
Gad1	chr2	FALSE	TRUE
Galc	chr12	TRUE	FALSE
B4galnt2	chr11	FALSE	FALSE
Galnt3	chr2	FALSE	TRUE
Gart	chr16	FALSE	FALSE
Gas6	chr8	TRUE	TRUE
Gata3	chr2	TRUE	TRUE
Gata6	chr18	FALSE	TRUE
Nipsnap2	chr5	FALSE	FALSE
Gc	chr5	FALSE	FALSE
Mtpn	chr6	FALSE	FALSE
Gch1	chr14	TRUE	TRUE
Gcnt1	chr19	FALSE	FALSE
Gdap2	chr3	FALSE	FALSE
Gdi2	chr13	FALSE	FALSE
Gdnf	chr15	TRUE	TRUE
Gfpt1	chr6	FALSE	FALSE
Gfpt2	chr11	FALSE	FALSE
Gfra3	chr18	TRUE	FALSE
B4galt1	chr4	FALSE	FALSE
Gclc	chr9	TRUE	FALSE
Glp1r	chr17	TRUE	TRUE
Glud1	chr14	FALSE	FALSE
Slc6a9	chr4	TRUE	TRUE
Gna13	chr11	FALSE	FALSE
Gnai3	chr3	FALSE	FALSE
Gnaz	chr10	FALSE	TRUE
Gnb4	chr3	FALSE	FALSE
Gnb5	chr9	FALSE	FALSE
Gng10	chr4	FALSE	FALSE
Gng4	chr13	FALSE	FALSE
Gnpat	chr8	TRUE	FALSE
Pdpn	chr4	FALSE	FALSE
Gpc1	chr1	TRUE	TRUE
Cmklr1	chr5	FALSE	TRUE
Gpi1	chr7	TRUE	FALSE
Gpld1	chr13	FALSE	FALSE
Gpr19	chr6	FALSE	FALSE
Adgrg1	chr8	TRUE	TRUE
Nmur1	chr1	FALSE	FALSE
Lancl1	chr1	FALSE	FALSE
Gsr	chr8	FALSE	FALSE
Lpcat3	chr6	FALSE	FALSE
Grin1	chr2	TRUE	TRUE
Grin2d	chr7	TRUE	FALSE
Grpr	chrX	TRUE	FALSE
Gspt1	chr16	FALSE	FALSE
Gss	chr2	FALSE	FALSE
Gsta4	chr9	FALSE	FALSE
Gtpbp1	chr15	FALSE	FALSE
Guca1a	chr17	TRUE	FALSE
Gucy2d	chr7	TRUE	TRUE
Gzmk	chr13	FALSE	FALSE
H13	chr2	FALSE	TRUE
Cfb	chr17	FALSE	FALSE
Hadh	chr3	FALSE	FALSE
Hal	chr10	FALSE	TRUE
Hao1	chr2	FALSE	FALSE
Has2	chr15	FALSE	TRUE
Hck	chr2	FALSE	FALSE
Hcls1	chr16	FALSE	FALSE
Hdac2	chr10	TRUE	FALSE
Hdac5	chr11	TRUE	TRUE
Hdc	chr2	FALSE	TRUE
Hells	chr19	FALSE	FALSE
Hexa	chr9	TRUE	FALSE
Foxn1	chr11	FALSE	TRUE
Hgd	chr16	FALSE	TRUE
Mfsd14a	chr3	FALSE	FALSE
Hif1a	chr12	TRUE	FALSE
Hipk1	chr3	TRUE	FALSE
Hk2	chr6	FALSE	TRUE
Hmgcs2	chr3	FALSE	FALSE
Hmmr	chr11	FALSE	FALSE
Hmox2	chr16	FALSE	FALSE
Onecut1	chr9	FALSE	TRUE
Hnrnpc	chr14	FALSE	FALSE
Hoxa2	chr6	TRUE	TRUE
Hoxa3	chr6	TRUE	TRUE
Hoxc5	chr15	FALSE	TRUE
Hoxd3	chr2	TRUE	TRUE
Hp1bp3	chr4	FALSE	FALSE
Hpse	chr5	FALSE	FALSE
Hpgd	chr8	FALSE	FALSE
Hprt1	chrX	TRUE	FALSE
Hrh2	chr13	TRUE	TRUE
Prmt2	chr10	FALSE	FALSE
Hsd11b1	chr1	FALSE	TRUE
Hsd17b2	chr8	FALSE	FALSE
Hsd17b3	chr13	FALSE	FALSE
Hsf2	chr10	FALSE	FALSE
Hspa4	chr11	TRUE	FALSE
Slc6a4	chr11	TRUE	TRUE
Elavl1	chr8	FALSE	FALSE
Elavl3	chr9	TRUE	FALSE
Idh1	chr1	FALSE	TRUE
Ifit2	chr19	FALSE	FALSE
Ifnar2	chr16	FALSE	FALSE
Ifrd1	chr12	TRUE	TRUE
Igfbp2	chr1	FALSE	TRUE
Ikbkb	chr8	TRUE	FALSE
Il10rb	chr16	FALSE	TRUE
Il13ra1	chrX	FALSE	FALSE
Il15ra	chr2	TRUE	FALSE
Il18	chr9	TRUE	FALSE
Il18rap	chr1	FALSE	FALSE
Il1r2	chr1	FALSE	FALSE
Il18r1	chr1	FALSE	FALSE
Il2ra	chr2	FALSE	FALSE
Il4ra	chr7	FALSE	TRUE
Il5ra	chr6	FALSE	FALSE
Il6ra	chr3	FALSE	TRUE
Il6st	chr13	TRUE	FALSE
Il7	chr3	FALSE	TRUE
Ilf3	chr9	FALSE	FALSE
Impact	chr18	TRUE	FALSE
Kpnb1	chr11	FALSE	FALSE
Incenp	chr19	FALSE	FALSE
Cep250	chr2	TRUE	FALSE
Inpp1	chr1	FALSE	FALSE
Eif3e	chr15	FALSE	FALSE
Ipp	chr4	FALSE	FALSE
Irs1	chr1	FALSE	TRUE
Itga3	chr11	TRUE	FALSE
Itgae	chr11	FALSE	FALSE
Itgal	chr7	FALSE	FALSE
Itgb1	chr8	TRUE	FALSE
Itgb2	chr10	FALSE	TRUE
Itih2	chr2	FALSE	FALSE
Jag1	chr2	TRUE	TRUE
F11r	chr1	FALSE	FALSE
Atcay	chr10	TRUE	FALSE
Jup	chr11	FALSE	TRUE
Kcna6	chr6	FALSE	TRUE
Kcnc1	chr7	FALSE	TRUE
Kcnh2	chr5	FALSE	TRUE
Kcnj10	chr1	TRUE	TRUE
Kcnj12	chr11	FALSE	TRUE
Kcnj15	chr16	FALSE	TRUE
Kcnj5	chr9	FALSE	TRUE
Kcnk1	chr8	FALSE	TRUE
Kcnk3	chr5	FALSE	TRUE
Kcnk5	chr14	FALSE	FALSE
Kdr	chr5	TRUE	TRUE
Kif11	chr19	FALSE	FALSE
Kif17	chr4	TRUE	FALSE
Kif1c	chr11	TRUE	FALSE
Kif21b	chr1	TRUE	TRUE
Kif3a	chr11	TRUE	FALSE
Kif3b	chr2	TRUE	FALSE
Kif3c	chr12	TRUE	FALSE
Kif5a	chr10	TRUE	FALSE
Kif5b	chr18	TRUE	FALSE
Kif9	chr9	FALSE	FALSE
Kl	chr5	FALSE	FALSE
Klc1	chr12	TRUE	FALSE
Klf3	chr5	FALSE	TRUE
Klf9	chr19	FALSE	FALSE
Klkb1	chr8	FALSE	FALSE
Kpna1	chr16	TRUE	FALSE
Kpna6	chr4	FALSE	FALSE
Sspn	chr6	FALSE	TRUE
Kras	chr6	TRUE	FALSE
Ky	chr9	TRUE	TRUE
L1cam	chrX	TRUE	FALSE
Dsg4	chr18	FALSE	FALSE
Lama5	chr2	TRUE	TRUE
Lamp2	chrX	FALSE	FALSE
Anpep	chr7	FALSE	FALSE
Lasp1	chr11	FALSE	FALSE
Lats1	chr10	FALSE	FALSE
Arhgef2	chr3	TRUE	FALSE
Lbp	chr2	FALSE	TRUE
Lcp2	chr11	FALSE	FALSE
Ldlr	chr9	TRUE	FALSE
Eif2d	chr1	FALSE	FALSE
Lhx2	chr2	TRUE	TRUE
Lhx4	chr1	TRUE	TRUE
Lig1	chr7	FALSE	FALSE
Limk1	chr5	TRUE	FALSE
Lipa	chr19	FALSE	TRUE
Lmnb1	chr18	FALSE	FALSE
Lpl	chr8	FALSE	TRUE
Irag2	chr6	FALSE	FALSE
Lrrn1	chr6	TRUE	TRUE
Lrrn3	chr12	TRUE	TRUE
Lsp1	chr7	FALSE	TRUE
Lss	chr10	FALSE	FALSE
Lta4h	chr10	FALSE	FALSE
Bbox1	chr2	FALSE	FALSE
Stard6	chr18	FALSE	FALSE
Recql5	chr11	FALSE	FALSE
Klrb1c	chr6	FALSE	FALSE
Snx18	chr13	FALSE	TRUE
Muc13	chr16	FALSE	FALSE
Ubn1	chr16	FALSE	FALSE
Card14	chr11	FALSE	FALSE
Papln	chr12	FALSE	TRUE
Rtn4ip1	chr10	TRUE	FALSE
Mfn2	chr4	TRUE	FALSE
Zfp287	chr11	FALSE	FALSE
Tlr7	chrX	FALSE	FALSE
Xpnpep2	chrX	FALSE	FALSE
Smco4	chr9	FALSE	TRUE
Acbd3	chr1	FALSE	FALSE
Nup155	chr15	FALSE	FALSE
Cd180	chr13	FALSE	FALSE
Il1rl1	chr1	FALSE	FALSE
Usp33	chr3	TRUE	FALSE
Glmn	chr5	TRUE	FALSE
Grid2ip	chr5	TRUE	TRUE
Zfp617	chr8	FALSE	FALSE
Erdr1x	chrY	FALSE	FALSE
Prima1	chr12	FALSE	TRUE
Acer1	chr17	FALSE	FALSE
Ntng2	chr2	TRUE	TRUE
Syt12	chr19	TRUE	FALSE
Arhgap4	chrX	TRUE	FALSE
Edaradd	chr13	FALSE	FALSE
Havcr1	chr11	FALSE	FALSE
Timd2	chr11	FALSE	FALSE
Havcr2	chr11	TRUE	FALSE
Smad5	chr13	FALSE	FALSE
Smad7	chr18	FALSE	TRUE
Slc26a6	chr9	FALSE	FALSE
Mak	chr13	FALSE	FALSE
Mlph	chr1	FALSE	TRUE
Mapkapk2	chr1	FALSE	TRUE
Marco	chr1	FALSE	FALSE
Nprl3	chr11	FALSE	TRUE
Mas1	chr17	FALSE	FALSE
Matr3	chr18	FALSE	FALSE
Mb	chr15	FALSE	TRUE
Mbd2	chr18	FALSE	FALSE
Mcm6	chr1	FALSE	FALSE
Cd46	chr1	FALSE	FALSE
Mgrn1	chr16	FALSE	FALSE
Mdm1	chr10	FALSE	FALSE
Mef2d	chr3	TRUE	TRUE
Meg3	chr12	FALSE	TRUE
Mep1a	chr17	FALSE	FALSE
Mep1b	chr18	FALSE	FALSE
Mgat3	chr15	TRUE	FALSE
Minpp1	chr19	FALSE	FALSE
Mki67	chr7	FALSE	TRUE
Mknk1	chr4	FALSE	FALSE
Mlf1	chr3	FALSE	FALSE
Mlh1	chr9	FALSE	FALSE
Mmp2	chr8	TRUE	TRUE
Mmp24	chr2	TRUE	TRUE
Cd200	chr16	FALSE	TRUE
Mras	chr9	FALSE	TRUE
Mrc2	chr11	FALSE	TRUE
Mre11a	chr9	FALSE	FALSE
Msh2	chr17	TRUE	FALSE
Msi1	chr5	TRUE	FALSE
Mtf1	chr4	TRUE	FALSE
Mttp	chr3	FALSE	TRUE
Bloc1s5	chr13	TRUE	FALSE
Muc5ac	chr7	FALSE	FALSE
Mmut	chr17	FALSE	FALSE
Mx2	chr16	FALSE	FALSE
Myb	chr10	TRUE	TRUE
Mybl1	chr1	FALSE	FALSE
Mybl2	chr2	TRUE	FALSE
Myef2	chr2	FALSE	FALSE
Myh2	chr11	FALSE	FALSE
Myh8	chr11	TRUE	FALSE
Myl4	chr11	FALSE	FALSE
Myl3	chr9	FALSE	TRUE
Myo15a	chr11	TRUE	FALSE
Myo1f	chr17	FALSE	FALSE
Nab1	chr1	TRUE	FALSE
Naip1	chr13	FALSE	FALSE
Naip2	chr13	FALSE	FALSE
Naip5	chr13	FALSE	FALSE
Naip6	chr13	FALSE	FALSE
Nap1l4	chr7	FALSE	FALSE
Napb	chr2	TRUE	FALSE
Nbr1	chr11	FALSE	FALSE
Ncf2	chr1	TRUE	TRUE
Nck1	chr9	TRUE	FALSE
Ndp	chrX	TRUE	FALSE
Ndrg1	chr15	TRUE	TRUE
Nedd1	chr10	FALSE	FALSE
Septin2	chr1	TRUE	FALSE
Nfe2l2	chr2	TRUE	TRUE
Nfe2l3	chr6	FALSE	TRUE
Nfic	chr10	FALSE	TRUE
Nefm	chr14	TRUE	TRUE
Ngf	chr3	TRUE	TRUE
Nktr	chr9	FALSE	FALSE
Cd244a	chr1	TRUE	FALSE
Nmt1	chr11	FALSE	FALSE
Nmt2	chr2	FALSE	FALSE
Nr4a3	chr4	TRUE	TRUE
Nos2	chr11	FALSE	TRUE
Notch1	chr2	TRUE	TRUE
Notch3	chr17	TRUE	TRUE
Npc1	chr18	TRUE	FALSE
Nr1i2	chr16	FALSE	FALSE
Slc11a2	chr15	TRUE	FALSE
Nsdhl	chrX	FALSE	FALSE
Nsg2	chr11	FALSE	FALSE
Nsmaf	chr4	FALSE	TRUE
Ntsr1	chr2	TRUE	TRUE
Gpr143	chrX	FALSE	FALSE
Oc90	chr15	FALSE	FALSE
Ocln	chr13	FALSE	FALSE
Odf2	chr2	FALSE	FALSE
Fam3d	chr14	FALSE	TRUE
Tnfrsf11b	chr15	FALSE	FALSE
Oprd1	chr4	FALSE	FALSE
Orc1	chr4	FALSE	FALSE
Orc2	chr1	FALSE	FALSE
Slc22a18	chr7	FALSE	TRUE
Hspa4l	chr3	FALSE	FALSE
P2rx7	chr5	TRUE	FALSE
P4ha1	chr10	FALSE	FALSE
P4ha2	chr11	FALSE	TRUE
Pafah1b2	chr9	FALSE	FALSE
Palm	chr10	TRUE	FALSE
Pax1	chr2	FALSE	TRUE
Pax6	chr2	TRUE	TRUE
Pax8	chr2	TRUE	TRUE
Pcbp2	chr15	FALSE	FALSE
Pcdh10	chr3	FALSE	TRUE
Pcmt1	chr10	FALSE	FALSE
Pcp4	chr16	TRUE	TRUE
Pcsk1	chr13	FALSE	FALSE
Cdk18	chr1	FALSE	TRUE
Pdcd4	chr19	FALSE	FALSE
Pdcd6ip	chr9	FALSE	FALSE
Pdcd11	chr19	FALSE	FALSE
Pde1b	chr15	TRUE	TRUE
Pde4a	chr9	TRUE	FALSE
Pde6d	chr1	TRUE	FALSE
Pde6b	chr5	TRUE	FALSE
Pdgfra	chr5	FALSE	TRUE
Pdgfrb	chr18	FALSE	TRUE
Padi1	chr4	FALSE	TRUE
Padi2	chr4	FALSE	FALSE
Padi4	chr4	FALSE	FALSE
Peg3	chr7	FALSE	FALSE
Per2	chr1	TRUE	TRUE
Per3	chr4	FALSE	FALSE
Pex7	chr10	TRUE	TRUE
Pfkfb1	chrX	FALSE	FALSE
Pfkfb2	chr1	FALSE	FALSE
Pfkm	chr15	FALSE	FALSE
Phkg1	chr5	FALSE	FALSE
Phtf1	chr3	FALSE	FALSE
Pick1	chr15	TRUE	TRUE
Pigf	chr17	FALSE	TRUE
Pigr	chr1	TRUE	TRUE
Pik3cd	chr4	FALSE	FALSE
Pip5k1c	chr10	TRUE	TRUE
Pitpna	chr11	TRUE	FALSE
Prkcg	chr7	TRUE	FALSE
Prkcd	chr14	FALSE	TRUE
Prkci	chr3	TRUE	FALSE
Pkd1	chr17	FALSE	FALSE
Pkd2	chr5	FALSE	FALSE
Pknox1	chr17	FALSE	FALSE
Pkp1	chr1	FALSE	TRUE
Plaa	chr4	TRUE	FALSE
Papola	chr12	FALSE	FALSE
Plcg1	chr2	TRUE	TRUE
Plg	chr17	TRUE	FALSE
Plod1	chr4	FALSE	FALSE
Plxna1	chr6	TRUE	TRUE
Pml	chr9	FALSE	FALSE
Pmp22	chr11	TRUE	TRUE
Pms2	chr5	FALSE	FALSE
Pnp	chr14	FALSE	FALSE
Pole	chr5	FALSE	FALSE
Pole2	chr12	FALSE	FALSE
Pon1	chr6	FALSE	TRUE
Pou2af1	chr9	FALSE	FALSE
Ppef2	chr5	TRUE	FALSE
Sypl1	chr12	FALSE	FALSE
Ppl	chr16	FALSE	TRUE
Ppm1a	chr12	FALSE	FALSE
Ppp1cb	chr5	FALSE	FALSE
Ppp2ca	chr11	FALSE	FALSE
Ppp3cb	chr14	TRUE	FALSE
Ppp3r1	chr11	TRUE	FALSE
Srgn	chr10	TRUE	FALSE
Eif2ak2	chr17	FALSE	FALSE
Prkx	chrX	FALSE	FALSE
Prnp	chr2	TRUE	FALSE
Prodh	chr16	TRUE	TRUE
Prox1	chr1	TRUE	TRUE
Prpf4b	chr13	FALSE	FALSE
Lgmn	chr12	TRUE	FALSE
St14	chr9	TRUE	TRUE
Helq	chr5	FALSE	FALSE
Psen1	chr12	TRUE	FALSE
Psen2	chr1	TRUE	FALSE
Psmb7	chr2	FALSE	TRUE
Pstpip1	chr9	FALSE	TRUE
Socs7	chr11	TRUE	FALSE
Casc3	chr11	FALSE	FALSE
Flna	chrX	TRUE	FALSE
Nadk	chr4	FALSE	FALSE
Stab1	chr14	FALSE	TRUE
Ptger4	chr15	TRUE	TRUE
Edem1	chr6	FALSE	TRUE
Luc7l2	chr6	FALSE	FALSE
Ptgfr	chr3	FALSE	FALSE
Tmem47	chrX	FALSE	FALSE
Ptgis	chr2	FALSE	TRUE
Hps4	chr5	FALSE	TRUE
Slc25a36	chr9	FALSE	FALSE
Ptp4a2	chr4	FALSE	FALSE
Ptp4a3	chr15	FALSE	TRUE
Ptpn1	chr2	FALSE	TRUE
Dusp1	chr17	FALSE	FALSE
Ptpn2	chr18	FALSE	FALSE
Ptpn20	chr14	FALSE	FALSE
Ptpn5	chr7	TRUE	FALSE
Ptpn22	chr3	FALSE	FALSE
Sirpa	chr2	FALSE	TRUE
Zfp286	chr11	FALSE	FALSE
Ripk2	chr4	FALSE	FALSE
Kcnh6	chr11	FALSE	TRUE
Igdcc3	chr9	TRUE	TRUE
Itgb4	chr11	TRUE	TRUE
Nectin2	chr7	FALSE	FALSE
Lrrc75a	chr11	FALSE	TRUE
Abcd3	chr3	FALSE	FALSE
Pxn	chr5	FALSE	TRUE
Trpv1	chr11	TRUE	FALSE
Rab22a	chr2	FALSE	FALSE
Rab4a	chr8	FALSE	FALSE
Rab6a	chr7	FALSE	FALSE
Rab7	chr6	FALSE	FALSE
Rad17	chr13	FALSE	FALSE
Rad21	chr15	TRUE	FALSE
Rad23b	chr4	FALSE	FALSE
Rad50	chr11	FALSE	FALSE
Rad51	chr2	FALSE	FALSE
Rad54l	chr4	FALSE	FALSE
Rnf185	chr11	FALSE	FALSE
Ranbp2	chr10	FALSE	FALSE
Rangap1	chr15	FALSE	FALSE
Rara	chr11	TRUE	TRUE
Rasal1	chr5	TRUE	TRUE
Rimkla	chr4	FALSE	FALSE
Trpv5	chr6	FALSE	FALSE
Tmprss11a	chr5	FALSE	FALSE
Slc25a43	chrX	FALSE	FALSE
Sun3	chr11	FALSE	FALSE
Grhl1	chr12	FALSE	TRUE
Rbbp6	chr7	FALSE	FALSE
Rbl1	chr2	FALSE	FALSE
Rbl2	chr8	FALSE	FALSE
Rdx	chr9	TRUE	FALSE
Recql	chr6	FALSE	FALSE
Rel	chr11	FALSE	FALSE
Ret	chr6	TRUE	TRUE
Rfx1	chr8	FALSE	FALSE
Rfx2	chr17	FALSE	FALSE
Ralgds	chr2	FALSE	TRUE
Rgs5	chr1	FALSE	FALSE
Rhag	chr17	FALSE	FALSE
Rheb	chr5	TRUE	FALSE
Rhd	chr4	FALSE	FALSE
Ralbp1	chr17	FALSE	FALSE
Ripk1	chr13	TRUE	FALSE
Rnf2	chr1	FALSE	FALSE
Rorc	chr3	FALSE	TRUE
Rp2	chrX	FALSE	FALSE
Rpe65	chr3	TRUE	FALSE
Rpia	chr6	FALSE	FALSE
Rpn2	chr2	FALSE	FALSE
Polr1b	chr2	FALSE	FALSE
Polr1d	chr5	FALSE	FALSE
Rps14	chr18	TRUE	TRUE
Rps6ka1	chr4	FALSE	FALSE
Rrm1	chr7	FALSE	FALSE
Rs1	chrX	TRUE	FALSE
Dhrs3	chr4	FALSE	TRUE
Rtn3	chr19	TRUE	FALSE
Rxrg	chr1	TRUE	TRUE
Prrx2	chr2	FALSE	FALSE
Sag	chr1	FALSE	FALSE
Acsm3	chr7	FALSE	FALSE
Khdrbs1	chr4	FALSE	FALSE
Scg3	chr9	FALSE	FALSE
Stmn2	chr3	TRUE	TRUE
Scnn1b	chr7	TRUE	FALSE
Scnn1g	chr7	TRUE	FALSE
Zc3h7b	chr15	FALSE	FALSE
Ccl25	chr8	FALSE	FALSE
Frrs1	chr3	FALSE	FALSE
Sord	chr2	FALSE	FALSE
Sec23a	chr12	FALSE	FALSE
Sel1l	chr12	FALSE	FALSE
Selp	chr1	FALSE	TRUE
Sema3f	chr9	TRUE	TRUE
Sema4b	chr7	TRUE	TRUE
Sema4f	chr6	TRUE	TRUE
Septin8	chr11	FALSE	FALSE
Sez6	chr11	TRUE	TRUE
Spi1	chr2	TRUE	FALSE
Sfrp1	chr8	TRUE	TRUE
Frzb	chr2	FALSE	TRUE
Scg5	chr2	FALSE	TRUE
Sgpl1	chr10	FALSE	FALSE
Sh2d1a	chrX	FALSE	FALSE
Zfp106	chr2	FALSE	FALSE
Sorbs3	chr14	FALSE	TRUE
Shcbp1	chr8	FALSE	FALSE
St3gal2	chr8	FALSE	TRUE
St3gal5	chr6	FALSE	FALSE
Stil	chr4	TRUE	FALSE
Sim2	chr16	TRUE	TRUE
Sin3a	chr9	TRUE	FALSE
Sin3b	chr8	FALSE	FALSE
Vps4b	chr1	TRUE	FALSE
Skil	chr3	TRUE	FALSE
Sla	chr15	FALSE	TRUE
Slc12a3	chr8	FALSE	TRUE
Slc17a1	chr13	FALSE	FALSE
Slc19a1	chr10	FALSE	TRUE
Slc1a6	chr10	FALSE	FALSE
Slc22a1	chr17	FALSE	TRUE
Slc22a2	chr17	FALSE	FALSE
Slc22a5	chr11	FALSE	FALSE
Slc25a14	chrX	FALSE	FALSE
Slc25a17	chr15	FALSE	FALSE
Slc2a1	chr4	TRUE	FALSE
Slc2a2	chr3	FALSE	FALSE
Slc31a1	chr4	FALSE	FALSE
Slc31a2	chr4	FALSE	FALSE
Slc34a2	chr5	FALSE	TRUE
Slc3a1	chr17	FALSE	FALSE
Slc5a1	chr5	FALSE	FALSE
Slc6a2	chr8	TRUE	TRUE
Slc7a5	chr8	TRUE	TRUE
Slc7a7	chr14	FALSE	FALSE
Slc9a1	chr4	FALSE	FALSE
Slpi	chr2	FALSE	FALSE
Kdm5c	chrX	FALSE	FALSE
Smr3a	chr5	TRUE	FALSE
Sms	chrX	FALSE	FALSE
Sumo3	chr10	FALSE	FALSE
Snap23	chr2	TRUE	FALSE
Snrk	chr9	FALSE	FALSE
Eftud2	chr11	FALSE	FALSE
Snta1	chr2	TRUE	FALSE
Soat1	chr1	FALSE	FALSE
Son	chr16	FALSE	FALSE
Sox13	chr1	TRUE	TRUE
Sp1	chr15	FALSE	FALSE
Sp3	chr2	FALSE	FALSE
Sparc	chr11	TRUE	TRUE
Gm9871	chr6	FALSE	FALSE
Serpina3m	chr12	FALSE	FALSE
Ggt7	chr2	FALSE	FALSE
Larp4	chr15	FALSE	FALSE
Fbxo40	chr16	FALSE	FALSE
Spin1	chr13	FALSE	FALSE
Spint2	chr7	TRUE	FALSE
Sec23ip	chr7	FALSE	FALSE
Elfn2	chr15	FALSE	TRUE
Wdr11	chr7	FALSE	FALSE
Sptbn2	chr19	TRUE	FALSE
Baiap2l2	chr15	FALSE	TRUE
Dtx4	chr19	FALSE	TRUE
Sprr2a1	chr3	FALSE	FALSE
Camkk2	chr5	FALSE	FALSE
Ccdc40	chr11	TRUE	FALSE
Src	chr2	TRUE	TRUE
BC034090	chr1	FALSE	TRUE
Usf3	chr16	FALSE	FALSE
Galnt6	chr15	FALSE	FALSE
Srebf2	chr15	FALSE	TRUE
Esrp1	chr4	TRUE	TRUE
Fam228b	chr12	FALSE	FALSE
Urb1	chr16	FALSE	TRUE
Klhl25	chr7	FALSE	TRUE
Setd1b	chr5	FALSE	FALSE
Srpk1	chr17	FALSE	FALSE
Btla	chr16	FALSE	FALSE
Tmprss7	chr16	FALSE	TRUE
Ro60	chr1	FALSE	FALSE
Tor1aip1	chr1	FALSE	FALSE
Dot1l	chr10	FALSE	TRUE
Zfp143	chr7	FALSE	FALSE
Stat3	chr11	TRUE	FALSE
Stat5a	chr11	FALSE	FALSE
Cep78	chr19	FALSE	FALSE
Stau1	chr2	TRUE	FALSE
Tmem212	chr3	FALSE	FALSE
Fam20a	chr11	FALSE	TRUE
Akr1d1	chr6	FALSE	FALSE
Tmem63a	chr1	FALSE	TRUE
Fanci	chr7	FALSE	FALSE
Sult1c1	chr17	FALSE	FALSE
Zdhhc9	chrX	FALSE	FALSE
Ccdc62	chr5	FALSE	FALSE
Stx1a	chr5	TRUE	FALSE
Stx3	chr19	TRUE	FALSE
Samd9l	chr6	FALSE	FALSE
Stxbp3	chr3	TRUE	FALSE
Ido2	chr8	FALSE	TRUE
Acnat2	chr4	FALSE	FALSE
Clic6	chr16	FALSE	TRUE
Gan	chr8	FALSE	FALSE
Gen1	chr12	FALSE	FALSE
Trp53bp2	chr1	TRUE	TRUE
Dhtkd1	chr2	FALSE	FALSE
Sdc3	chr4	FALSE	TRUE
Syngr1	chr15	TRUE	FALSE
Minar1	chr9	TRUE	TRUE
Tmc7	chr7	FALSE	FALSE
Gpr139	chr7	FALSE	FALSE
B3gntl1	chr11	FALSE	FALSE
Nemp1	chr10	FALSE	FALSE
Tent4a	chr13	FALSE	TRUE
D130043K22Rik	chr13	TRUE	FALSE
Slc30a6	chr17	FALSE	FALSE
Tbc1d31	chr15	FALSE	FALSE
Mcmbp	chr7	FALSE	FALSE
Kcnk12	chr17	FALSE	TRUE
Vmn2r111	chr17	FALSE	TRUE
Lpcat1	chr13	FALSE	TRUE
Fam91a1	chr15	FALSE	FALSE
Sepsecs	chr5	FALSE	FALSE
Lzts1	chr8	TRUE	TRUE
Mtrf1	chr14	FALSE	FALSE
Exoc3	chr13	FALSE	FALSE
Tmem87a	chr2	FALSE	FALSE
Nomo1	chr7	FALSE	FALSE
Tifa	chr3	FALSE	FALSE
Ap1ar	chr3	FALSE	FALSE
Ptchd1	chrX	TRUE	FALSE
Dsg1c	chr18	FALSE	FALSE
Plekhh1	chr12	FALSE	FALSE
Trim52	chr14	FALSE	FALSE
Zswim4	chr8	FALSE	FALSE
Ubxn10	chr4	FALSE	TRUE
Fam149a	chr8	FALSE	TRUE
Lactb2	chr1	FALSE	FALSE
9330159F19Rik	chr10	FALSE	FALSE
Fam193b	chr13	FALSE	FALSE
Spice1	chr16	FALSE	FALSE
Efcab12	chr6	FALSE	FALSE
Prpsap2	chr11	FALSE	FALSE
Aldh4a1	chr4	FALSE	FALSE
Tarbp1	chr8	FALSE	FALSE
Chpt1	chr10	FALSE	FALSE
Dse	chr10	FALSE	FALSE
Slc45a3	chr1	TRUE	TRUE
BC016579	chr16	FALSE	TRUE
Mfsd4a	chr1	FALSE	TRUE
Evi5l	chr8	FALSE	FALSE
Slc39a14	chr14	FALSE	FALSE
Gabpb2	chr3	FALSE	FALSE
Tmem71	chr15	FALSE	FALSE
Itga10	chr3	FALSE	FALSE
Il20rb	chr9	FALSE	TRUE
Scyl2	chr10	TRUE	FALSE
Rassf4	chr6	FALSE	TRUE
Dstyk	chr1	FALSE	FALSE
Rbbp5	chr1	FALSE	FALSE
Szrd1	chr4	FALSE	FALSE
Fbxo42	chr4	FALSE	FALSE
Ythdf2	chr4	TRUE	FALSE
Dis3l	chr9	FALSE	FALSE
Dync2li1	chr17	FALSE	FALSE
Map9	chr3	FALSE	FALSE
Cntn2	chr1	TRUE	TRUE
Tbca	chr13	FALSE	FALSE
Tbp	chr17	FALSE	FALSE
Prepl	chr17	TRUE	FALSE
Casd1	chr6	FALSE	FALSE
Arcn1	chr9	TRUE	FALSE
Tbx4	chr11	FALSE	TRUE
Tbx5	chr5	FALSE	TRUE
Bms1	chr6	FALSE	FALSE
Fam83f	chr15	FALSE	TRUE
Fbxw10	chr11	FALSE	FALSE
Tcea1	chr1	FALSE	FALSE
Agap3	chr5	FALSE	TRUE
Ccdc186	chr19	FALSE	FALSE
Tcea3	chr4	FALSE	FALSE
Dnajc16	chr4	FALSE	FALSE
Slc18a2	chr19	TRUE	FALSE
Hnf1b	chr11	TRUE	TRUE
Sox30	chr11	FALSE	FALSE
Slc24a1	chr9	TRUE	TRUE
Tcf7	chr11	TRUE	TRUE
Scgn	chr13	TRUE	FALSE
Tfap2b	chr1	TRUE	TRUE
Tfcp2	chr15	FALSE	FALSE
Pak6	chr2	TRUE	TRUE
Disp2	chr2	FALSE	TRUE
Tfeb	chr17	FALSE	FALSE
Nudt15	chr14	FALSE	FALSE
Tmem51	chr4	FALSE	TRUE
Parp16	chr9	FALSE	FALSE
Fam168b	chr1	FALSE	FALSE
Tmprss4	chr9	FALSE	TRUE
Tcof1	chr18	FALSE	TRUE
Tmprss13	chr9	FALSE	TRUE
She	chr3	FALSE	TRUE
Prmt7	chr8	FALSE	FALSE
Tdrd5	chr1	FALSE	TRUE
Aldh5a1	chr13	TRUE	FALSE
Rcor3	chr1	FALSE	FALSE
Edrf1	chr7	FALSE	FALSE
Syde2	chr3	FALSE	FALSE
Fam20b	chr1	FALSE	FALSE
Slc43a2	chr11	FALSE	TRUE
Utp25	chr1	FALSE	FALSE
Trmt2b	chrX	FALSE	FALSE
Traf3ip3	chr1	FALSE	TRUE
Slc36a3	chr11	FALSE	FALSE
Slc36a1	chr11	FALSE	FALSE
Fcgbp	chr7	FALSE	FALSE
Ncaph	chr2	FALSE	FALSE
Entpd3	chr9	FALSE	FALSE
Rap1b	chr10	TRUE	FALSE
Gm43915	chr6	FALSE	FALSE
Fam117a	chr11	FALSE	FALSE
Psd4	chr2	FALSE	TRUE
Rassf2	chr2	FALSE	TRUE
Zmat1	chrX	FALSE	FALSE
Ccdc92	chr5	FALSE	TRUE
Mfsd4b5	chr10	FALSE	FALSE
Hkdc1	chr10	FALSE	TRUE
Zfp365	chr10	TRUE	TRUE
Ube2d1	chr10	FALSE	FALSE
Trappc10	chr10	FALSE	FALSE
Pdxk	chr10	FALSE	TRUE
Sbno2	chr10	FALSE	TRUE
Aldh1l2	chr10	FALSE	FALSE
Appl2	chr10	TRUE	TRUE
Tcp11l2	chr10	FALSE	FALSE
Slc5a8	chr10	FALSE	FALSE
Slc17a8	chr10	TRUE	FALSE
Alx1	chr10	TRUE	TRUE
Rab21	chr10	TRUE	FALSE
Zfc3h1	chr10	FALSE	FALSE
Tspan8	chr10	FALSE	FALSE
Rab3ip	chr10	FALSE	FALSE
D930020B18Rik	chr10	FALSE	FALSE
Tcte2	chr17	FALSE	TRUE
Ccm2	chr11	FALSE	FALSE
Aftph	chr11	FALSE	FALSE
Ugp2	chr11	TRUE	FALSE
Papolg	chr11	FALSE	FALSE
Cfap36	chr11	FALSE	FALSE
Gabrp	chr11	TRUE	FALSE
Clint1	chr11	FALSE	FALSE
Rufy1	chr11	FALSE	FALSE
Dntt	chr19	FALSE	FALSE
Gemin5	chr11	FALSE	FALSE
Wnt9a	chr11	TRUE	TRUE
Dhrs7b	chr11	FALSE	FALSE
Chd3	chr11	FALSE	TRUE
Wscd1	chr11	FALSE	TRUE
Spns2	chr11	TRUE	TRUE
Utp6	chr11	FALSE	FALSE
Unc45b	chr11	FALSE	TRUE
Heatr6	chr11	FALSE	FALSE
Tada2a	chr11	FALSE	FALSE
Hlf	chr11	FALSE	TRUE
Utp18	chr11	FALSE	FALSE
Kat7	chr11	FALSE	FALSE
Dhx8	chr11	FALSE	FALSE
Llgl2	chr11	FALSE	TRUE
Unk	chr11	TRUE	FALSE
Fbf1	chr11	FALSE	FALSE
Srp68	chr11	FALSE	FALSE
Ube2o	chr11	FALSE	TRUE
Rhbdf2	chr11	FALSE	TRUE
Nploc4	chr11	FALSE	FALSE
Rab40b	chr11	FALSE	FALSE
Dnajc27	chr12	FALSE	FALSE
Ubxn2a	chr12	FALSE	FALSE
Adad1	chr3	FALSE	FALSE
Tep1	chr14	FALSE	FALSE
Ankmy2	chr12	FALSE	FALSE
Terf1	chr1	FALSE	FALSE
Terf2	chr8	TRUE	FALSE
Tes	chr6	FALSE	TRUE
G2e3	chr12	FALSE	FALSE
Mis18bp1	chr12	FALSE	FALSE
L2hgdh	chr12	FALSE	FALSE
Tex264	chr9	FALSE	TRUE
Plekhd1	chr12	FALSE	TRUE
Zfyve1	chr12	FALSE	FALSE
Utp4	chr8	FALSE	FALSE
Mlh3	chr12	TRUE	FALSE
Nek9	chr12	FALSE	FALSE
Pomt2	chr12	TRUE	FALSE
Tex9	chr9	FALSE	FALSE
Tfdp1	chr8	FALSE	FALSE
Nrde2	chr12	FALSE	FALSE
Tfg	chr16	FALSE	FALSE
Tfpi	chr2	FALSE	FALSE
Cep170b	chr12	FALSE	TRUE
Tfpi2	chr6	FALSE	FALSE
Dync2i1	chr12	FALSE	FALSE
Heatr1	chr13	FALSE	FALSE
Tgfbi	chr13	FALSE	TRUE
Tgm2	chr2	TRUE	TRUE
Tgm3	chr2	TRUE	TRUE
Nup153	chr13	FALSE	FALSE
Kdm1b	chr13	FALSE	FALSE
Th	chr7	TRUE	TRUE
Ptpdc1	chr13	FALSE	FALSE
Thbs2	chr17	TRUE	TRUE
Thbs4	chr13	TRUE	TRUE
Thra	chr11	TRUE	FALSE
Tia1	chr6	FALSE	FALSE
Zfyve16	chr13	FALSE	FALSE
Wdr41	chr13	FALSE	FALSE
Gcnt4	chr13	FALSE	TRUE
Trim28	chr7	FALSE	FALSE
Srek1	chr13	FALSE	FALSE
Sgtb	chr13	FALSE	TRUE
Timp2	chr11	TRUE	TRUE
Timp3	chr10	FALSE	TRUE
Mier3	chr13	FALSE	FALSE
Dhx29	chr13	FALSE	FALSE
Paip1	chr13	FALSE	FALSE
Cep15	chr14	FALSE	TRUE
Tkt	chr14	FALSE	TRUE
Polr3a	chr14	FALSE	FALSE
Tasor	chr14	FALSE	FALSE
Chdh	chr14	FALSE	TRUE
Tle3	chr9	FALSE	TRUE
Tln1	chr4	FALSE	FALSE
Wdhd1	chr14	FALSE	FALSE
Dlgap5	chr14	FALSE	FALSE
Otop1	chr5	FALSE	TRUE
Cenpj	chr14	FALSE	FALSE
Mtmr6	chr14	FALSE	FALSE
Fam167a	chr14	FALSE	TRUE
Scara3	chr14	FALSE	TRUE
Tmpo	chr10	FALSE	FALSE
Akap11	chr14	FALSE	FALSE
Tnfrsf1b	chr4	TRUE	FALSE
Tnfrsf8	chr4	FALSE	FALSE
Tnfrsf9	chr4	FALSE	FALSE
Tnfsf11	chr14	FALSE	TRUE
Tnfsf8	chr4	FALSE	TRUE
Tnni1	chr1	TRUE	TRUE
Tom1	chr8	FALSE	TRUE
Top2a	chr11	FALSE	FALSE
Top3a	chr11	FALSE	FALSE
Tph1	chr7	FALSE	FALSE
Tpm1	chr9	FALSE	TRUE
Tpst2	chr5	FALSE	FALSE
Nr2c1	chr10	FALSE	FALSE
Traf2	chr2	FALSE	FALSE
Trf	chr9	TRUE	FALSE
Trhr	chr15	FALSE	FALSE
Trpc1	chr9	TRUE	FALSE
Ctr9	chr7	FALSE	FALSE
Tsc2	chr17	TRUE	FALSE
Ttf1	chr2	FALSE	FALSE
Ttk	chr9	FALSE	FALSE
Tuft1	chr3	FALSE	FALSE
Tulp3	chr6	TRUE	FALSE
Txk	chr5	FALSE	TRUE
Ube2e3	chr2	FALSE	FALSE
Ube2e1	chr14	FALSE	FALSE
Ube2l3	chr16	FALSE	FALSE
Ubp1	chr9	FALSE	FALSE
Usp10	chr8	FALSE	TRUE
Ugcg	chr4	TRUE	FALSE
Ulk1	chr5	TRUE	TRUE
Upk1b	chr16	FALSE	FALSE
Slc45a2	chr15	TRUE	FALSE
Vamp1	chr6	TRUE	FALSE
Vav1	chr17	FALSE	FALSE
Vdac1	chr11	TRUE	FALSE
Vdr	chr15	FALSE	TRUE
Otulinl	chr15	FALSE	TRUE
Dap	chr15	FALSE	TRUE
Vil1	chr1	FALSE	FALSE
Dcaf13	chr15	FALSE	FALSE
Ezr	chr17	TRUE	TRUE
Vipr1	chr9	FALSE	TRUE
Vldlr	chr19	TRUE	TRUE
Washc5	chr15	TRUE	FALSE
Kcnk9	chr15	FALSE	TRUE
Vps45	chr3	FALSE	FALSE
Trpv2	chr11	TRUE	FALSE
Tmem184b	chr15	FALSE	FALSE
5031439G07Rik	chr15	FALSE	TRUE
Wars1	chr12	FALSE	FALSE
Cerk	chr15	FALSE	TRUE
Brd1	chr15	FALSE	FALSE
Zbed4	chr15	FALSE	FALSE
Fmnl3	chr15	FALSE	TRUE
Gxylt1	chr15	FALSE	FALSE
Dbx2	chr15	FALSE	TRUE
Baz1b	chr5	FALSE	FALSE
Senp1	chr15	FALSE	FALSE
Wdr1	chr5	TRUE	TRUE
Rmi2	chr16	FALSE	TRUE
Marf1	chr16	FALSE	FALSE
Zmat3	chr3	FALSE	FALSE
Tmem191	chr16	FALSE	TRUE
Ccn4	chr15	FALSE	TRUE
Klhl22	chr16	FALSE	FALSE
Wiz	chr17	FALSE	FALSE
Tmem44	chr16	FALSE	TRUE
Lsg1	chr16	FALSE	FALSE
Wnt2	chr6	TRUE	FALSE
Golgb1	chr16	FALSE	FALSE
Wnt3	chr11	TRUE	TRUE
Wnt3a	chr11	TRUE	TRUE
Cip2a	chr16	TRUE	FALSE
Wnt7a	chr6	TRUE	TRUE
Wnt7b	chr15	TRUE	TRUE
Wt1	chr2	FALSE	TRUE
Xk	chrX	TRUE	FALSE
Map3k7cl	chr16	FALSE	TRUE
Scaf4	chr16	FALSE	FALSE
Tfb1m	chr17	FALSE	FALSE
Tbc1d24	chr17	TRUE	FALSE
Rab40c	chr17	FALSE	FALSE
Bltp3a	chr17	FALSE	FALSE
Zfp523	chr17	TRUE	FALSE
Slc26a8	chr17	FALSE	FALSE
Adamts10	chr17	FALSE	FALSE
Tmem63b	chr17	FALSE	FALSE
AI661453	chr17	FALSE	TRUE
Usp49	chr17	FALSE	FALSE
Dpp9	chr17	FALSE	FALSE
Pja2	chr17	TRUE	FALSE
Fez2	chr17	FALSE	TRUE
Kcng3	chr17	FALSE	FALSE
Thoc1	chr18	FALSE	FALSE
Ankrd29	chr18	FALSE	FALSE
Dsg1b	chr18	FALSE	FALSE
Rprd1a	chr18	FALSE	FALSE
Lims2	chr18	FALSE	TRUE
Wdr36	chr18	TRUE	FALSE
Etf1	chr18	FALSE	FALSE
Pggt1b	chr18	FALSE	FALSE
Ticam2	chr18	TRUE	FALSE
Slc27a6	chr18	FALSE	FALSE
Plaat3	chr19	FALSE	FALSE
Kmt5b	chr19	FALSE	FALSE
Xpa	chr4	FALSE	FALSE
Myrf	chr19	TRUE	TRUE
Xpc	chr6	FALSE	FALSE
Ercc5	chr1	FALSE	FALSE
Patl1	chr19	FALSE	FALSE
Xrcc1	chr7	TRUE	FALSE
Slc6a20b	chr9	FALSE	FALSE
Abhd17b	chr19	TRUE	FALSE
Zng1	chr19	FALSE	FALSE
Ermp1	chr19	FALSE	FALSE
Ubtd1	chr19	FALSE	TRUE
Erlin1	chr19	FALSE	FALSE
Slf2	chr19	FALSE	FALSE
Pprc1	chr19	FALSE	FALSE
Wbp1l	chr19	FALSE	FALSE
Habp2	chr19	FALSE	TRUE
Map3k19	chr1	FALSE	FALSE
Fhip2a	chr19	FALSE	FALSE
Eno4	chr19	FALSE	TRUE
Ywhae	chr11	TRUE	FALSE
Ywhag	chr5	TRUE	FALSE
Ywhaq	chr12	FALSE	FALSE
Ywhaz	chr15	TRUE	FALSE
Yy1	chr12	FALSE	FALSE
Zfp1	chr8	FALSE	FALSE
Lct	chr1	FALSE	TRUE
Dars1	chr1	FALSE	FALSE
Rab7b	chr1	FALSE	TRUE
Ipo9	chr1	FALSE	FALSE
Igfn1	chr1	FALSE	TRUE
Zbtb41	chr1	FALSE	FALSE
Odr4	chr1	FALSE	FALSE
Cryzl2	chr1	FALSE	TRUE
Dars2	chr1	FALSE	FALSE
Klhl20	chr1	FALSE	FALSE
Zfp185	chrX	FALSE	FALSE
Ahctf1	chr1	FALSE	FALSE
Wdr26	chr1	FALSE	FALSE
Lyplal1	chr1	FALSE	FALSE
Kctd3	chr1	FALSE	FALSE
Smyd2	chr1	FALSE	TRUE
Vash2	chr1	TRUE	TRUE
Ppp2r5a	chr1	FALSE	FALSE
Sbspon	chr1	FALSE	FALSE
Plekhb2	chr1	FALSE	FALSE
Kansl3	chr1	FALSE	FALSE
Eif5b	chr1	FALSE	FALSE
Mpp4	chr1	TRUE	FALSE
Ccnyl1	chr1	FALSE	TRUE
Espnl	chr1	TRUE	TRUE
Slco4c1	chr1	FALSE	FALSE
Zcchc2	chr1	FALSE	TRUE
Dclre1c	chr2	FALSE	FALSE
Proser2	chr2	FALSE	TRUE
Zfpm1	chr8	FALSE	TRUE
Rabl6	chr2	FALSE	FALSE
Kcnt1	chr2	FALSE	TRUE
Camsap1	chr2	TRUE	FALSE
Qsox2	chr2	FALSE	TRUE
Zfx	chrX	FALSE	FALSE
Sec16a	chr2	FALSE	FALSE
Trub2	chr2	FALSE	FALSE
Zer1	chr2	FALSE	FALSE
Zhx1	chr15	FALSE	FALSE
Slc25a25	chr2	FALSE	FALSE
Niban2	chr2	FALSE	TRUE
Lrsam1	chr2	FALSE	FALSE
Zic4	chr9	TRUE	TRUE
Gsn	chr2	TRUE	TRUE
Ikzf4	chr10	FALSE	FALSE
Zp3r	chr1	FALSE	FALSE
Dnajc2	chr5	FALSE	FALSE
Gca	chr2	FALSE	TRUE
4933409G03Rik	chr2	FALSE	FALSE
Ppig	chr2	FALSE	FALSE
Pdk1	chr2	FALSE	FALSE
Zdhhc5	chr2	TRUE	FALSE
P2rx3	chr2	TRUE	FALSE
Fads2b	chr2	FALSE	FALSE
Madd	chr2	TRUE	FALSE
Lrp4	chr2	TRUE	TRUE
Mall	chr2	TRUE	TRUE
Smox	chr2	FALSE	TRUE
Kat14	chr2	FALSE	FALSE
Psmf1	chr2	FALSE	FALSE
Rspo4	chr2	FALSE	TRUE
6820408C15Rik	chr2	FALSE	FALSE
Asxl1	chr2	FALSE	FALSE
Bpifb1	chr2	FALSE	TRUE
Zfp341	chr2	FALSE	FALSE
D630003M21Rik	chr2	FALSE	TRUE
Ncoa5	chr2	FALSE	FALSE
Zfp217	chr2	FALSE	TRUE
Osbpl2	chr2	FALSE	FALSE
Gmeb2	chr2	FALSE	FALSE
Zbtb10	chr3	FALSE	TRUE
Ythdf3	chr3	FALSE	FALSE
Acad9	chr3	FALSE	FALSE
Qrfpr	chr3	FALSE	FALSE
Eif2a	chr3	FALSE	FALSE
Clrn1	chr3	TRUE	TRUE
Gmps	chr3	FALSE	FALSE
Fhdc1	chr3	FALSE	TRUE
Fcrl1	chr3	FALSE	FALSE
Smg5	chr3	FALSE	FALSE
Syt11	chr3	TRUE	FALSE
Ints3	chr3	FALSE	FALSE
Pogz	chr3	FALSE	FALSE
Prune1	chr3	TRUE	FALSE
Otud7b	chr3	FALSE	FALSE
Vangl1	chr3	FALSE	TRUE
Csde1	chr3	FALSE	FALSE
Ampd1	chr3	FALSE	FALSE
Rsbn1	chr3	FALSE	FALSE
Slc6a17	chr3	TRUE	TRUE
Ahcyl1	chr3	FALSE	FALSE
Slc25a24	chr3	FALSE	FALSE
Trmt13	chr3	FALSE	FALSE
Slc35a3	chr3	FALSE	FALSE
Plppr4	chr3	TRUE	TRUE
Gbp5	chr3	FALSE	TRUE
Kyat3	chr3	FALSE	TRUE
Clca3b	chr3	FALSE	FALSE
Clca2	chr3	FALSE	FALSE
Znhit6	chr3	FALSE	FALSE
Coq3	chr4	FALSE	FALSE
Rigi	chr4	TRUE	FALSE
Phf24	chr4	TRUE	TRUE
Galnt12	chr4	FALSE	TRUE
Elp1	chr4	FALSE	FALSE
Frrs1l	chr4	TRUE	FALSE
Tmem268	chr4	FALSE	TRUE
Haus6	chr4	FALSE	FALSE
Cyp2j13	chr4	FALSE	FALSE
Yipf1	chr4	FALSE	FALSE
Zyg11a	chr4	FALSE	FALSE
Ttc39a	chr4	FALSE	TRUE
Slc5a9	chr4	FALSE	FALSE
Efcab14	chr4	FALSE	FALSE
Atpaf1	chr4	FALSE	FALSE
Kdm4a	chr4	TRUE	TRUE
Szt2	chr4	TRUE	FALSE
AU022252	chr4	FALSE	FALSE
Pabpc4	chr4	FALSE	FALSE
Rhbdl2	chr4	FALSE	FALSE
Epha10	chr4	TRUE	FALSE
Gnl2	chr4	FALSE	FALSE
Oscp1	chr4	FALSE	FALSE
Thrap3	chr4	FALSE	FALSE
Zfp362	chr4	FALSE	FALSE
Adgrb2	chr4	TRUE	TRUE
Serinc2	chr4	FALSE	FALSE
Crybg2	chr4	FALSE	FALSE
Ncmap	chr4	TRUE	FALSE
Grhl3	chr4	TRUE	TRUE
Asap3	chr4	FALSE	TRUE
Emc1	chr4	FALSE	FALSE
Crocc	chr4	FALSE	TRUE
Gm572	chr4	FALSE	FALSE
Dnajc11	chr4	FALSE	FALSE
Cep104	chr4	FALSE	FALSE
Galnt11	chr5	FALSE	FALSE
Hadhb	chr5	FALSE	FALSE
Gckr	chr5	FALSE	FALSE
Dok7	chr5	TRUE	TRUE
Sh3tc1	chr5	FALSE	TRUE
Cpeb2	chr5	TRUE	FALSE
Tapt1	chr5	FALSE	TRUE
Chrna9	chr5	TRUE	FALSE
Cwh43	chr5	FALSE	FALSE
Lrrc66	chr5	FALSE	FALSE
Aasdh	chr5	FALSE	FALSE
Ppat	chr5	FALSE	FALSE
Polr2b	chr5	FALSE	FALSE
Sdad1	chr5	FALSE	FALSE
Paqr3	chr5	TRUE	FALSE
Lin54	chr5	FALSE	FALSE
Gpat3	chr5	FALSE	FALSE
Ssh1	chr5	TRUE	FALSE
Gcn1	chr5	FALSE	FALSE
Vsig10	chr5	FALSE	FALSE
Fbxo21	chr5	FALSE	TRUE
Naa25	chr5	FALSE	FALSE
Rad9b	chr5	FALSE	FALSE
Agfg2	chr5	FALSE	FALSE
Adap1	chr5	FALSE	FALSE
Micall2	chr5	TRUE	FALSE
Snx8	chr5	FALSE	FALSE
Amz1	chr5	FALSE	FALSE
Fbxl18	chr5	FALSE	FALSE
Daglb	chr5	TRUE	FALSE
Uspl1	chr5	FALSE	FALSE
Plekha8	chr6	FALSE	FALSE
Elmod3	chr6	FALSE	FALSE
Eva1a	chr6	FALSE	FALSE
Paip2b	chr6	FALSE	FALSE
C87436	chr6	FALSE	FALSE
Txnrd3	chr6	FALSE	TRUE
Tmf1	chr6	FALSE	FALSE
Ppp4r2	chr6	FALSE	FALSE
Slc6a1	chr6	TRUE	TRUE
A2m	chr6	FALSE	FALSE
Clstn3	chr6	TRUE	TRUE
A2ml1	chr6	FALSE	FALSE
BC035044	chr6	FALSE	FALSE
Crebl2	chr6	FALSE	FALSE
Gys2	chr6	FALSE	FALSE
Stk38l	chr6	TRUE	TRUE
Mrps35	chr6	FALSE	FALSE
Caprin2	chr6	TRUE	FALSE
Amn1	chr6	FALSE	FALSE
Ccdc136	chr6	FALSE	TRUE
Ccdc106	chr7	FALSE	FALSE
Zscan18	chr7	FALSE	TRUE
Mark4	chr7	TRUE	FALSE
Ppp1r37	chr7	FALSE	FALSE
Atp1a3	chr7	TRUE	FALSE
Hnrnpul1	chr7	FALSE	FALSE
Wdr62	chr7	TRUE	FALSE
Tubgcp5	chr7	FALSE	FALSE
Nipa1	chr7	FALSE	FALSE
Mtmr10	chr7	FALSE	FALSE
Synm	chr7	TRUE	TRUE
Zfp592	chr7	FALSE	FALSE
Tmc3	chr7	FALSE	TRUE
P2ry6	chr7	FALSE	TRUE
Pgap2	chr7	FALSE	FALSE
Dchs1	chr7	TRUE	FALSE
Ipo7	chr7	FALSE	FALSE
Dcun1d3	chr7	FALSE	FALSE
Mosmo	chr7	TRUE	FALSE
Palb2	chr7	FALSE	FALSE
Slc5a11	chr7	FALSE	FALSE
Sez6l2	chr7	TRUE	FALSE
Setd1a	chr7	TRUE	FALSE
Rusf1	chr7	FALSE	FALSE
Gpr26	chr7	FALSE	FALSE
Pcid2	chr8	FALSE	FALSE
Adprhl1	chr8	FALSE	FALSE
Tmco3	chr8	FALSE	FALSE
Neil3	chr8	FALSE	FALSE
Naf1	chr8	FALSE	FALSE
Sugp2	chr8	FALSE	FALSE
Klhl26	chr8	FALSE	TRUE
Zfp961	chr8	FALSE	FALSE
Heatr3	chr8	FALSE	FALSE
Cpne2	chr8	FALSE	TRUE
Ndrg4	chr8	TRUE	TRUE
Phaf1	chr8	FALSE	FALSE
Ddx19b	chr8	FALSE	FALSE
Rfwd3	chr8	FALSE	FALSE
6430548M08Rik	chr8	FALSE	TRUE
Klhdc4	chr8	FALSE	FALSE
Spg7	chr8	TRUE	FALSE
Spire2	chr8	FALSE	FALSE
Nup133	chr8	TRUE	FALSE
Ttc13	chr8	FALSE	FALSE
Map3k21	chr8	FALSE	TRUE
Cep126	chr9	FALSE	FALSE
Slc36a4	chr9	FALSE	FALSE
Kank2	chr9	FALSE	FALSE
Zfp810	chr9	FALSE	FALSE
Septin7	chr9	TRUE	FALSE
Igsf9b	chr9	TRUE	TRUE
Zbtb44	chr9	FALSE	FALSE
Nfrkb	chr9	FALSE	FALSE
Tmem45b	chr9	FALSE	FALSE
Fez1	chr9	TRUE	FALSE
Msantd2	chr9	FALSE	FALSE
D630033O11Rik	chr9	FALSE	FALSE
Usp28	chr9	FALSE	FALSE
Gm4894	chr9	FALSE	FALSE
Ttc12	chr9	TRUE	FALSE
Gldn	chr9	TRUE	FALSE
Hykk	chr9	FALSE	FALSE
Mindy2	chr9	FALSE	FALSE
Slc17a5	chr9	FALSE	FALSE
Plscr4	chr9	FALSE	FALSE
Topbp1	chr9	FALSE	FALSE
Scap	chr9	FALSE	FALSE
Nbeal2	chr9	FALSE	TRUE
Dync1li1	chr9	FALSE	FALSE
Ago1	chr4	FALSE	FALSE
Phgdh	chr3	TRUE	TRUE
Rbm10	chrX	FALSE	FALSE
Ints6l	chrX	FALSE	FALSE
Slc9a6	chrX	TRUE	FALSE
Klhl15	chrX	FALSE	FALSE
Gnl3l	chrX	FALSE	FALSE
Ofd1	chrX	TRUE	FALSE
Lrp11	chr10	FALSE	FALSE
Zc3h12d	chr10	FALSE	TRUE
Il20ra	chr10	FALSE	FALSE
Tbpl1	chr10	FALSE	TRUE
Npffr1	chr10	FALSE	TRUE
Gas2l3	chr10	FALSE	TRUE
Ccdc38	chr10	FALSE	FALSE
Tmtc3	chr10	FALSE	FALSE
Rassf9	chr10	FALSE	FALSE
Ankrd52	chr10	FALSE	TRUE
Atad5	chr11	FALSE	FALSE
Ttll6	chr11	FALSE	FALSE
Adamts5	chr16	FALSE	TRUE
Amfr	chr8	FALSE	FALSE
Apob	chr12	TRUE	FALSE
Ash2l	chr8	FALSE	FALSE
Bace1	chr9	TRUE	FALSE
Bpnt1	chr1	FALSE	FALSE
Bves	chr10	FALSE	FALSE
Gpr68	chr12	FALSE	TRUE
Clca1	chr3	FALSE	FALSE
Def8	chr8	FALSE	FALSE
Dido1	chr2	FALSE	FALSE
Dmtf1	chr5	FALSE	FALSE
Zfp874a	chr13	FALSE	FALSE
Zfp58	chr13	FALSE	FALSE
G3bp2	chr5	FALSE	FALSE
Gmcl1	chr6	FALSE	FALSE
Ggt5	chr10	FALSE	FALSE
Cdc20b	chr13	FALSE	TRUE
Gtf2h2	chr13	FALSE	FALSE
Ogdhl	chr14	FALSE	TRUE
Zfhx2	chr14	TRUE	TRUE
Rhof	chr5	FALSE	FALSE
Setdb2	chr14	FALSE	FALSE
Sh2b2	chr5	TRUE	FALSE
Aadat	chr8	FALSE	FALSE
Katna1	chr10	TRUE	FALSE
Lamc3	chr2	TRUE	FALSE
Slc30a8	chr15	FALSE	FALSE
Colec10	chr15	FALSE	FALSE
Fam83a	chr15	FALSE	TRUE
Mmp17	chr5	FALSE	TRUE
Nek3	chr8	TRUE	FALSE
Nek4	chr14	FALSE	FALSE
Ttc38	chr15	FALSE	FALSE
Nt5e	chr9	FALSE	TRUE
Pacsin1	chr17	TRUE	FALSE
Klhl6	chr16	FALSE	FALSE
Liph	chr16	FALSE	FALSE
Ostn	chr16	TRUE	FALSE
Ccdc14	chr16	FALSE	FALSE
Cd200r4	chr16	FALSE	FALSE
Slc26a4	chr12	FALSE	TRUE
Eci2	chr13	FALSE	FALSE
Neurl1b	chr17	FALSE	TRUE
Syngap1	chr17	TRUE	FALSE
Abce1	chr8	FALSE	FALSE
Jcad	chr18	FALSE	FALSE
Slc4a9	chr18	FALSE	FALSE
Ccdc112	chr18	FALSE	FALSE
Iigp1c	chr18	FALSE	FALSE
Malt1	chr18	FALSE	FALSE
Scamp2	chr9	FALSE	FALSE
Septin3	chr15	FALSE	TRUE
Sgcg	chr14	FALSE	TRUE
Gm4952	chr19	FALSE	FALSE
Sh3bp2	chr5	FALSE	TRUE
Sh3yl1	chr12	FALSE	FALSE
Lipk	chr19	FALSE	FALSE
Kif20b	chr19	TRUE	FALSE
Sec31b	chr19	FALSE	FALSE
Srp54a	chr12	FALSE	FALSE
Vwa2	chr19	FALSE	TRUE
Mcmdc2	chr1	TRUE	FALSE
Synj2bp	chr12	FALSE	FALSE
Klhl12	chr1	FALSE	FALSE
Tor1aip2	chr1	FALSE	FALSE
Zbtb37	chr1	FALSE	FALSE
Scyl3	chr1	TRUE	FALSE
Gpr161	chr1	TRUE	TRUE
Styxl2	chr1	FALSE	FALSE
Tnfsf13b	chr8	FALSE	FALSE
Carf	chr1	FALSE	FALSE
Cmklr2	chr1	FALSE	FALSE
Ubl3	chr5	FALSE	FALSE
Cfap65	chr1	TRUE	TRUE
Vax2	chr6	TRUE	TRUE
Ankmy1	chr1	FALSE	TRUE
Nelfa	chr5	FALSE	FALSE
Lrrc8a	chr2	FALSE	FALSE
Fam78a	chr2	FALSE	TRUE
Olfml2a	chr2	FALSE	TRUE
Galnt5	chr2	FALSE	TRUE
Lrrc55	chr2	FALSE	TRUE
Slc5a12	chr2	FALSE	FALSE
Exd1	chr2	FALSE	FALSE
Wdr76	chr2	FALSE	FALSE
Tgm6	chr2	FALSE	FALSE
Fermt1	chr2	FALSE	TRUE
Dzank1	chr2	TRUE	FALSE
Snph	chr2	TRUE	TRUE
L3mbtl1	chr2	FALSE	FALSE
Rims4	chr2	TRUE	TRUE
Gm57858	chr3	FALSE	FALSE
Ankub1	chr3	FALSE	FALSE
Igsf10	chr3	TRUE	TRUE
Mab21l3	chr3	FALSE	TRUE
Bpnt2	chr4	FALSE	FALSE
Atp6v0d2	chr4	FALSE	FALSE
Dcaf10	chr4	FALSE	FALSE
Cyp2j12	chr4	FALSE	FALSE
Slc35d1	chr4	FALSE	FALSE
Cimap2	chr4	FALSE	FALSE
Slc1a7	chr4	FALSE	TRUE
Rims3	chr4	TRUE	TRUE
Azin2	chr4	FALSE	FALSE
Myom3	chr4	FALSE	FALSE
Disp3	chr4	TRUE	TRUE
Ttc34	chr4	FALSE	TRUE
Gnat3	chr5	TRUE	FALSE
Napepld	chr5	FALSE	FALSE
Tmem156	chr5	FALSE	TRUE
Tmprss11e	chr5	TRUE	FALSE
A430033K04Rik	chr5	FALSE	FALSE
Slc29a4	chr5	FALSE	FALSE
Tmem130	chr5	FALSE	FALSE
Sspo	chr6	FALSE	TRUE
Ppm1k	chr6	FALSE	FALSE
Uroc1	chr6	FALSE	TRUE
Ssu2	chr6	FALSE	TRUE
Clec1a	chr6	FALSE	FALSE
Styk1	chr6	FALSE	FALSE
Slc23a4	chr6	FALSE	FALSE
Slc13a4	chr6	FALSE	TRUE
Parp12	chr6	FALSE	TRUE
Dennd11	chr6	FALSE	TRUE
Ppp6r1	chr7	FALSE	FALSE
Zfp568	chr7	FALSE	FALSE
Shank1	chr7	TRUE	FALSE
Zdhhc13	chr7	FALSE	FALSE
Rgma	chr7	TRUE	TRUE
Fsd2	chr7	FALSE	FALSE
Prag1	chr8	TRUE	TRUE
Lonrf1	chr8	FALSE	TRUE
Sgo2b	chr8	FALSE	FALSE
Ces1a	chr8	FALSE	FALSE
Pskh1	chr8	FALSE	FALSE
Kdm4d	chr9	FALSE	FALSE
Mtnr1b	chr9	TRUE	FALSE
Glb1l2	chr9	FALSE	TRUE
Zc3h12c	chr9	FALSE	FALSE
Npat	chr9	FALSE	FALSE
Tnfaip8l3	chr9	FALSE	FALSE
Mrap2	chr9	FALSE	TRUE
Dclk3	chr9	FALSE	FALSE
Gask1a	chr9	FALSE	TRUE
Nim1k	chr13	FALSE	TRUE
Tmem255a	chrX	FALSE	FALSE
Pdzd4	chrX	FALSE	FALSE
Eda2r	chrX	FALSE	FALSE
Awat2	chrX	FALSE	FALSE
Nlgn3	chrX	TRUE	TRUE
Zfp711	chrX	FALSE	FALSE
Fam199x	chrX	FALSE	FALSE
Pwwp3b	chrX	FALSE	FALSE
Rragb	chrX	FALSE	FALSE
Ift52	chr2	TRUE	FALSE
Ankrd27	chr7	TRUE	FALSE
Slc36a2	chr11	FALSE	FALSE
Rhbdl3	chr11	FALSE	FALSE
Vasn	chr16	FALSE	TRUE
Bivm	chr1	FALSE	FALSE
Csad	chr15	FALSE	FALSE
Klhl8	chr5	FALSE	FALSE
Prokr2	chr2	FALSE	TRUE
Lgi2	chr5	TRUE	TRUE
Hps5	chr7	FALSE	FALSE
Emilin2	chr17	FALSE	FALSE
Rgs13	chr1	FALSE	FALSE
Trpv3	chr11	FALSE	FALSE
Ackr4	chr9	FALSE	FALSE
Mios	chr6	TRUE	FALSE
Tpcn1	chr5	FALSE	TRUE
Nod2	chr8	TRUE	TRUE
Acsf3	chr8	FALSE	TRUE
Tubgcp3	chr8	FALSE	FALSE
Plekhg3	chr12	FALSE	TRUE
Aldh1a7	chr19	FALSE	FALSE
Angptl2	chr2	FALSE	TRUE
Axl	chr7	TRUE	FALSE
Btd	chr14	FALSE	FALSE
Clcn6	chr4	FALSE	FALSE
Clcn7	chr17	FALSE	FALSE
Creg2	chr1	FALSE	TRUE
Dapp1	chr3	FALSE	TRUE
Mapkbp1	chr2	FALSE	FALSE
Map2k2	chr10	TRUE	FALSE
Map3k7	chr4	TRUE	FALSE
Ift56	chr6	TRUE	FALSE
Mapk14	chr17	TRUE	FALSE
Mapk9	chr11	TRUE	FALSE
Creb3l1	chr2	FALSE	TRUE
Orc4	chr2	FALSE	FALSE
Git2	chr5	TRUE	FALSE
Psg16	chr7	FALSE	FALSE
Psma6	chr12	FALSE	FALSE
Psmb2	chr4	FALSE	FALSE
Mok	chr12	FALSE	FALSE
Slc27a2	chr2	FALSE	FALSE
Txnrd2	chr16	FALSE	FALSE
Acsf2	chr11	FALSE	FALSE
Irak4	chr15	FALSE	FALSE
Acmsd	chr1	FALSE	FALSE
Cyb5r4	chr9	FALSE	FALSE
Cpne1	chr2	TRUE	FALSE
Lgsn	chr1	FALSE	FALSE
Samd3	chr10	FALSE	FALSE
Zkscan17	chr11	FALSE	FALSE
Phf12	chr11	FALSE	FALSE
Slc26a11	chr11	FALSE	FALSE
Bahcc1	chr11	TRUE	TRUE
Zbtb1	chr12	FALSE	FALSE
Tmem229b	chr12	FALSE	TRUE
D430019H16Rik	chr12	FALSE	TRUE
Sptlc1	chr13	FALSE	FALSE
Cdhr2	chr13	FALSE	TRUE
Abcd2	chr15	TRUE	FALSE
Agxt2	chr15	FALSE	FALSE
Casp8ap2	chr4	FALSE	FALSE
Nlrc3	chr16	FALSE	FALSE
Cops4	chr5	FALSE	FALSE
Scube3	chr17	FALSE	TRUE
Brpf3	chr17	FALSE	TRUE
Cops7b	chr1	FALSE	FALSE
Capn11	chr17	FALSE	FALSE
Nlrc4	chr17	FALSE	FALSE
Ss18	chr18	TRUE	TRUE
Exo1	chr1	FALSE	FALSE
Zfp346	chr13	FALSE	FALSE
Stk36	chr1	TRUE	FALSE
Pask	chr1	FALSE	FALSE
Setx	chr2	TRUE	FALSE
Aifm1	chrX	TRUE	FALSE
Vps39	chr2	FALSE	FALSE
Racgap1	chr15	TRUE	FALSE
Slc28a2	chr2	FALSE	FALSE
Polr3e	chr7	FALSE	FALSE
Ss18l1	chr2	TRUE	FALSE
Rtel1	chr2	FALSE	FALSE
Spag1	chr15	TRUE	FALSE
Fbxo10	chr4	FALSE	TRUE
Tex10	chr4	FALSE	FALSE
Clspn	chr4	FALSE	FALSE
Zscan20	chr4	FALSE	FALSE
Plekhg5	chr4	TRUE	TRUE
Chd5	chr4	TRUE	TRUE
Cnpy1	chr5	FALSE	TRUE
Zfp512	chr5	FALSE	FALSE
Islr	chr9	FALSE	TRUE
Golga3	chr5	FALSE	FALSE
E130006D01Rik	chr5	FALSE	FALSE
Rnft2	chr5	FALSE	FALSE
Zfp664	chr5	FALSE	TRUE
Lhfpl4	chr6	TRUE	FALSE
Zfp384	chr6	FALSE	FALSE
Pon3	chr6	FALSE	FALSE
Eif4e2	chr1	FALSE	FALSE
Megf8	chr7	TRUE	FALSE
Brd7	chr8	FALSE	FALSE
Rccd1	chr7	FALSE	FALSE
Micall1	chr15	TRUE	FALSE
Ogfod1	chr8	FALSE	FALSE
Lrrc36	chr8	FALSE	FALSE
Jaml	chr9	FALSE	FALSE
Pfkfb4	chr9	FALSE	FALSE
Klhl18	chr9	FALSE	FALSE
G3bp1	chr11	FALSE	FALSE
Sec23b	chr2	FALSE	FALSE
Fkbp9	chr6	FALSE	FALSE
Bcap31	chrX	FALSE	FALSE
Bpifc	chr10	FALSE	FALSE
Tmem132e	chr11	TRUE	TRUE
Klhdc1	chr12	FALSE	FALSE
Ankdd1b	chr13	FALSE	FALSE
Rp1l1	chr14	TRUE	TRUE
Rubcnl	chr14	FALSE	FALSE
Cd200r2	chr16	FALSE	FALSE
Zbtb11	chr16	FALSE	FALSE
Rab5a	chr17	TRUE	FALSE
Agbl2	chr2	FALSE	FALSE
Podxl	chr6	FALSE	TRUE
Dbf4	chr5	FALSE	FALSE
Azi2	chr9	TRUE	FALSE
Slamf1	chr1	TRUE	FALSE
Sgk2	chr2	FALSE	FALSE
Chaf1a	chr17	FALSE	FALSE
Atp1a4	chr1	FALSE	TRUE
Pla2g7	chr17	FALSE	FALSE
Bmal2	chr6	FALSE	FALSE
Zfp398	chr6	FALSE	FALSE
Lrrc4b	chr7	TRUE	FALSE
Tars3	chr7	FALSE	FALSE
Acsm5	chr7	FALSE	FALSE
Tmem255b	chr8	FALSE	TRUE
Esyt3	chr9	FALSE	FALSE
Cars1	chr7	FALSE	FALSE
Nufip1	chr14	FALSE	FALSE
Golga5	chr12	FALSE	FALSE
Nbn	chr4	TRUE	FALSE
Gyg1	chr3	FALSE	TRUE
Sytl4	chrX	FALSE	FALSE
Dguok	chr6	TRUE	FALSE
Csnk1e	chr15	FALSE	TRUE
Sh2d3c	chr2	FALSE	FALSE
Ptdss2	chr7	FALSE	FALSE
Mmel1	chr4	FALSE	TRUE
Ip6k1	chr9	FALSE	FALSE
Skp2	chr15	FALSE	FALSE
Pdhx	chr2	FALSE	FALSE
Abca3	chr17	FALSE	FALSE
Amot	chrX	FALSE	FALSE
Nrep	chr18	TRUE	TRUE
Timd4	chr11	FALSE	FALSE
Gemin4	chr11	FALSE	FALSE
Trpa1	chr1	TRUE	FALSE
Vstm2l	chr2	TRUE	TRUE
Vsig4	chrX	FALSE	TRUE
Zfp385c	chr11	FALSE	TRUE
AY358078	chr14	FALSE	FALSE
Tango2	chr16	FALSE	FALSE
Adamts13	chr2	FALSE	FALSE
Kctd19	chr8	FALSE	TRUE
Spg21	chr9	FALSE	FALSE
Nup62cl	chrX	FALSE	FALSE
Fam3c	chr6	FALSE	FALSE
Washc2	chr6	FALSE	FALSE
Gfm1	chr3	FALSE	FALSE
Usp39	chr6	FALSE	FALSE
D6Wsu163e	chr6	FALSE	FALSE
Selenoi	chr5	FALSE	FALSE
Afm	chr5	FALSE	FALSE
Desi1	chr15	FALSE	FALSE
Trim36	chr18	FALSE	TRUE
Cep63	chr9	FALSE	FALSE
Tomm70a	chr16	FALSE	FALSE
Slco1a1	chr6	FALSE	FALSE
Slco1a4	chr6	FALSE	FALSE
Slco1b2	chr6	FALSE	FALSE
Limd1	chr9	FALSE	FALSE
Zfp385a	chr15	TRUE	TRUE
Hip1r	chr5	TRUE	TRUE
Igfbp7	chr5	FALSE	TRUE
Sult4a1	chr15	TRUE	TRUE
Rnf11	chr4	FALSE	FALSE
Cabp1	chr5	TRUE	FALSE
Clic4	chr4	FALSE	FALSE
Hdgfl3	chr7	TRUE	FALSE
Dnajc12	chr10	FALSE	FALSE
Scd3	chr19	FALSE	FALSE
Mmp20	chr9	FALSE	FALSE
Slc22a4	chr11	FALSE	FALSE
Slamf6	chr1	FALSE	FALSE
Glrx3	chr7	FALSE	FALSE
Vps26a	chr10	FALSE	FALSE
Lmcd1	chr6	FALSE	FALSE
Fgd3	chr13	FALSE	FALSE
Rnf19a	chr15	TRUE	FALSE
Bin1	chr18	TRUE	TRUE
Pik3cg	chr12	FALSE	TRUE
Mapk8ip3	chr17	TRUE	FALSE
Vapa	chr17	TRUE	FALSE
Sec22a	chr16	FALSE	FALSE
Gimap5	chr6	TRUE	FALSE
H2bc6	chr13	FALSE	TRUE
Sctr	chr1	TRUE	TRUE
Washc4	chr10	FALSE	FALSE
D030028A08Rik	chr11	FALSE	FALSE
Serpine3	chr14	FALSE	FALSE
9330199G10Rik	chr13	FALSE	FALSE
Cxxc4	chr3	FALSE	TRUE
Fcgbpl1	chr7	FALSE	FALSE
Trmt9b	chr8	FALSE	TRUE
Zfp653	chr9	FALSE	FALSE
Dcp1b	chr6	FALSE	TRUE
Galm	chr17	FALSE	TRUE
Slc25a40	chr5	FALSE	FALSE
Podxl2	chr6	FALSE	TRUE
Cep295	chr9	FALSE	FALSE
Ankar	chr1	FALSE	FALSE
Simc1	chr13	FALSE	FALSE
Zfyve27	chr19	TRUE	FALSE
A230009B12Rik	chr17	FALSE	TRUE
Smo	chr6	TRUE	TRUE
Tmem72	chr6	FALSE	FALSE
9530051G07Rik	chrX	FALSE	FALSE
A430090L17Rik	chr13	FALSE	TRUE
Rc3h2	chr2	FALSE	FALSE
4932435O22Rik	chr11	FALSE	TRUE
Smyd4	chr11	FALSE	FALSE
1500004A13Rik	chr3	FALSE	FALSE
A930006I01Rik	chr2	FALSE	FALSE
E030030I06Rik	chr10	FALSE	TRUE
Oacyl	chr18	FALSE	FALSE
Dock6	chr9	FALSE	FALSE
Taf2	chr15	FALSE	FALSE
Ttll1	chr15	TRUE	FALSE
A630077J23Rik	chr4	FALSE	FALSE
C530044C16Rik	chr6	FALSE	TRUE
A330076H08Rik	chr7	FALSE	FALSE
Dlx6os1	chr6	FALSE	TRUE
F730043M19Rik	chr12	FALSE	TRUE
Olfml2b	chr1	FALSE	TRUE
C030034L19Rik	chr3	FALSE	TRUE
6430550D23Rik	chr2	FALSE	TRUE
Slc38a11	chr2	FALSE	FALSE
4930412C18Rik	chr4	FALSE	FALSE
Togaram2	chr17	FALSE	TRUE
Cep95	chr11	FALSE	FALSE
4930525G20Rik	chr13	FALSE	FALSE
E230016M11Rik	chr6	FALSE	FALSE
A830082K12Rik	chr13	TRUE	TRUE
D930032P07Rik	chr19	FALSE	FALSE
4921529L05Rik	chr6	FALSE	TRUE
Fndc7	chr3	FALSE	FALSE
Ddx11	chr17	FALSE	FALSE
Senp5	chr16	FALSE	FALSE
Cfap91	chr16	TRUE	FALSE
Catsperg1	chr7	FALSE	FALSE
Ccdc66	chr14	TRUE	FALSE
Dlec1	chr9	FALSE	FALSE
Fubp3	chr2	FALSE	FALSE
Iqcb1	chr16	FALSE	FALSE
Lipi	chr16	FALSE	FALSE
Ric3	chr7	TRUE	FALSE
D030045P18Rik	chr10	FALSE	FALSE
Lrig3	chr10	FALSE	TRUE
Alg6	chr4	FALSE	FALSE
A730004F24Rik	chr1	FALSE	FALSE
P4ha3	chr7	FALSE	FALSE
Tmprss11g	chr5	FALSE	TRUE
Tmem104	chr11	FALSE	TRUE
Tcp11l1	chr2	FALSE	FALSE
Ccdc169	chr3	FALSE	FALSE
3632454L22Rik	chrX	FALSE	TRUE
Strip2	chr6	FALSE	FALSE
Snrnp200	chr2	FALSE	FALSE
Ocrl	chrX	FALSE	FALSE
A730006G06Rik	chr17	FALSE	FALSE
Dnai7	chr6	FALSE	TRUE
Cass4	chr2	FALSE	FALSE
Dctd	chr8	FALSE	TRUE
Bend6	chr1	TRUE	FALSE
Mysm1	chr4	FALSE	FALSE
Trappc11	chr8	FALSE	FALSE
Pptc7	chr5	FALSE	FALSE
Slc26a9	chr1	FALSE	TRUE
Fastkd1	chr2	FALSE	FALSE
Akain1	chr17	FALSE	TRUE
Tmem154	chr3	FALSE	TRUE
C230072F16Rik	chr17	FALSE	TRUE
Pkn1	chr8	FALSE	FALSE
Ifitm10	chr7	FALSE	FALSE
Gfm2	chr13	FALSE	FALSE
Samd5	chr10	FALSE	TRUE
Gjd2os	chr2	FALSE	TRUE
B230217O12Rik	chr19	FALSE	FALSE
Rfx6	chr10	FALSE	FALSE
Cyp4f39	chr17	FALSE	FALSE
Lrif1	chr3	FALSE	FALSE
Xpnpep3	chr15	FALSE	FALSE
Dcaf1	chr9	FALSE	FALSE
Serac1	chr17	FALSE	FALSE
Ppip5k1	chr2	FALSE	FALSE
Dna2	chr10	FALSE	FALSE
Tmem26	chr10	FALSE	FALSE
Usp44	chr10	FALSE	TRUE
Pigl	chr11	FALSE	FALSE
Hsf5	chr11	FALSE	FALSE
Togaram1	chr12	FALSE	FALSE
Prpf39	chr12	FALSE	FALSE
Slc39a9	chr12	FALSE	FALSE
Gm805	chr12	FALSE	TRUE
Rnf182	chr13	FALSE	FALSE
Slc25a48	chr13	FALSE	TRUE
Rft1	chr14	FALSE	FALSE
D330046F09Rik	chr14	FALSE	FALSE
B230214G05Rik	chr15	FALSE	TRUE
Gm16863	chr16	FALSE	TRUE
Gabrr3	chr16	TRUE	FALSE
Ubash3a	chr17	FALSE	FALSE
Acsbg2	chr17	FALSE	FALSE
9330117O12Rik	chr18	FALSE	TRUE
Arhgef37	chr18	FALSE	FALSE
Pkd2l1	chr19	TRUE	FALSE
Emx2os	chr19	FALSE	TRUE
Gm5099	chr1	FALSE	FALSE
9130227L01Rik	chr1	FALSE	FALSE
Rbm44	chr1	FALSE	FALSE
Panct2	chr1	FALSE	FALSE
Ccdc187	chr2	FALSE	TRUE
Gm13497	chr2	FALSE	FALSE
Nostrin	chr2	FALSE	FALSE
Wt1os	chr2	FALSE	TRUE
Gm14015	chr2	FALSE	TRUE
Ctdspl2	chr2	FALSE	FALSE
Bpi	chr2	FALSE	TRUE
A530013C23Rik	chr2	FALSE	FALSE
Gm2447	chr3	FALSE	TRUE
Aknad1	chr3	FALSE	FALSE
Eeig2	chr3	FALSE	FALSE
9830132P13Rik	chr3	FALSE	FALSE
9330178D15Rik	chr3	FALSE	FALSE
Tmem67	chr4	TRUE	FALSE
Gm829	chr4	FALSE	TRUE
Tmem61	chr4	FALSE	FALSE
Col8a2	chr4	FALSE	TRUE
Fam185a	chr5	FALSE	FALSE
Gm5108	chr5	FALSE	FALSE
Ccdc63	chr5	TRUE	FALSE
Tmem120b	chr5	FALSE	FALSE
Vps37b	chr5	FALSE	TRUE
Pon2	chr6	FALSE	FALSE
9130221F21Rik	chr6	FALSE	FALSE
Gcfc2	chr6	FALSE	FALSE
Fbxo41	chr6	FALSE	FALSE
Zc3h4	chr7	FALSE	FALSE
Zfp82	chr7	FALSE	FALSE
Fan1	chr7	FALSE	FALSE
Trim66	chr7	FALSE	FALSE
Btbd16	chr7	FALSE	FALSE
Nek5	chr8	FALSE	FALSE
B930018H19Rik	chr8	FALSE	TRUE
1190028D05Rik	chr8	FALSE	FALSE
Zfp866	chr8	FALSE	FALSE
Adgrl1	chr8	TRUE	FALSE
4933402J07Rik	chr8	FALSE	FALSE
Slc7a6	chr8	FALSE	FALSE
Trim67	chr8	TRUE	TRUE
Piwil4	chr9	FALSE	FALSE
Hcn4	chr9	FALSE	TRUE
Ankdd1a	chr9	FALSE	FALSE
Tgm4	chr9	FALSE	FALSE
Dnaaf6	chrX	TRUE	FALSE
A230072E10Rik	chrX	FALSE	FALSE
Bend3	chr10	FALSE	TRUE
Zmynd12	chr4	FALSE	FALSE
Kcp	chr6	FALSE	TRUE
Gpd1l	chr9	FALSE	FALSE
Gm5134	chr10	FALSE	FALSE
Cog3	chr14	FALSE	FALSE
Akap17b	chrX	FALSE	FALSE
Mia3	chr1	FALSE	FALSE
Cndp1	chr18	FALSE	FALSE
Morc3	chr16	FALSE	FALSE
Fa2h	chr8	TRUE	TRUE
Caps2	chr10	FALSE	FALSE
Plekhm1	chr11	FALSE	FALSE
Slc2a12	chr10	FALSE	TRUE
Txlng	chrX	FALSE	FALSE
Gars1	chr6	FALSE	FALSE
Nr1d2	chr14	FALSE	FALSE
Edc3	chr9	FALSE	FALSE
Pcdhac2	chr18	TRUE	TRUE
Clec18a	chr8	FALSE	FALSE
Opn5	chr17	TRUE	FALSE
4833422C13Rik	chr13	FALSE	FALSE
Nlrp12	chr7	TRUE	FALSE
Txlnb	chr10	FALSE	FALSE
Gm10033	chr8	FALSE	FALSE
Pcsk2os2	chr2	FALSE	FALSE
Fastkd5	chr2	FALSE	FALSE
Lemd3	chr10	FALSE	FALSE
Rdh18-ps	chr10	FALSE	FALSE
Cnrip1	chr11	FALSE	FALSE
Ccnjl	chr11	FALSE	FALSE
Slc47a2	chr11	FALSE	FALSE
Spata22	chr11	FALSE	FALSE
D830013O20Rik	chr12	FALSE	TRUE
Begain	chr12	TRUE	TRUE
Mrs2	chr13	FALSE	FALSE
Stmnd1	chr13	TRUE	FALSE
Zfp395	chr14	FALSE	TRUE
9330188P03Rik	chr14	FALSE	TRUE
Nckap5l	chr15	FALSE	TRUE
Kmt2d	chr15	FALSE	FALSE
Ermard	chr17	FALSE	TRUE
Zfp229	chr17	FALSE	FALSE
Tbc1d22b	chr17	FALSE	FALSE
Cdkl4	chr17	FALSE	FALSE
Ccdc68	chr18	FALSE	FALSE
Entrep1	chr19	FALSE	TRUE
Xkr9	chr1	FALSE	FALSE
Mreg	chr1	FALSE	FALSE
Sp140l1	chr1	FALSE	FALSE
Firrm	chr1	FALSE	FALSE
Stum	chr1	FALSE	TRUE
Iars2	chr1	FALSE	FALSE
Lonrf2	chr1	FALSE	FALSE
Tmem182	chr1	FALSE	FALSE
Spag6	chr2	TRUE	TRUE
Bpifb4	chr2	FALSE	TRUE
Cdh26	chr2	FALSE	FALSE
Slc28a2b	chr2	FALSE	FALSE
Gm1647	chr3	FALSE	FALSE
Trim55	chr3	FALSE	TRUE
Mroh7	chr4	FALSE	FALSE
Armh1	chr4	FALSE	FALSE
2610005L07Rik	chr8	FALSE	TRUE
Tbc1d2	chr4	FALSE	TRUE
Cep135	chr5	FALSE	FALSE
Zcwpw1	chr5	FALSE	FALSE
1700069L16Rik	chr5	FALSE	FALSE
Pttg1ip2	chr5	FALSE	FALSE
Wee2	chr6	FALSE	FALSE
4930590J08Rik	chr6	FALSE	FALSE
Tsen2	chr6	FALSE	FALSE
Lockd	chr6	FALSE	FALSE
Slc6a16	chr7	FALSE	FALSE
Unc13a	chr8	TRUE	TRUE
Urb2	chr8	FALSE	FALSE
Crtc1	chr8	TRUE	TRUE
Gm1110	chr9	FALSE	FALSE
Gm1123	chr9	FALSE	FALSE
Susd5	chr9	FALSE	FALSE
Tcaim	chr9	FALSE	FALSE
Gm1720	chrX	FALSE	FALSE
Best3	chr10	FALSE	TRUE
Tmed8	chr12	FALSE	FALSE
Rrm2b	chr15	FALSE	FALSE
Tvp23a	chr16	FALSE	FALSE
Kif28	chr1	FALSE	FALSE
Fam47e	chr5	FALSE	FALSE
Ephx4	chr5	FALSE	FALSE
Nova2	chr7	TRUE	FALSE
Wdr88	chr7	FALSE	FALSE
Gm1527	chr3	FALSE	FALSE
Frmd7	chrX	TRUE	FALSE
Kng2	chr16	FALSE	FALSE
Nxpe3	chr16	FALSE	FALSE
Lca5l	chr16	FALSE	TRUE
Ugt1a5	chr1	FALSE	FALSE
D030018L15Rik	chr15	FALSE	FALSE
Banf2	chr2	FALSE	FALSE
Cfap97d2	chr8	FALSE	FALSE
A430093F15Rik	chr19	FALSE	FALSE
Gfral	chr9	TRUE	FALSE
Ano7	chr1	FALSE	FALSE
Macroh2a2	chr10	TRUE	FALSE
Iqgap3	chr3	FALSE	FALSE
Peds1	chr2	FALSE	TRUE
Smim31	chr8	FALSE	FALSE
Ecm2	chr13	FALSE	FALSE
BC046251	chr7	FALSE	TRUE
Tmem204	chr17	FALSE	FALSE
Primpol	chr8	FALSE	FALSE
Arhgap20os	chr9	FALSE	FALSE
Zfp456	chr13	FALSE	FALSE
5330413P13Rik	chr2	FALSE	TRUE
E230032D23Rik	chr7	FALSE	FALSE
D630024D03Rik	chr11	FALSE	TRUE
G630064G18Rik	chr8	FALSE	FALSE
Tmprss9	chr10	FALSE	FALSE
Cpsf6	chr10	FALSE	FALSE
Dnai2	chr11	TRUE	FALSE
4930447K03Rik	chr13	FALSE	FALSE
Zfp708	chr13	FALSE	FALSE
Gm5460	chr14	FALSE	TRUE
Gm5468	chr15	FALSE	TRUE
Iqank1	chr15	FALSE	FALSE
Plcxd2	chr16	FALSE	TRUE
Pnpla1	chr17	FALSE	FALSE
Sfta2	chr17	FALSE	FALSE
F630040K05Rik	chr17	FALSE	TRUE
Acsl5	chr19	FALSE	FALSE
Gm5544	chr3	FALSE	FALSE
Ncbp1	chr4	FALSE	FALSE
Gm12830	chr4	FALSE	FALSE
Hdac1	chr4	TRUE	FALSE
Micos10	chr4	FALSE	FALSE
Pigg	chr5	FALSE	FALSE
Mn1	chr5	FALSE	TRUE
Fam222a	chr5	FALSE	TRUE
Dnaaf5	chr5	TRUE	FALSE
B130024G19Rik	chr7	FALSE	TRUE
Slc28a1	chr7	FALSE	FALSE
Whamm	chr7	FALSE	FALSE
Rexo5	chr7	FALSE	FALSE
Sox1ot	chr8	FALSE	TRUE
Sp140	chr1	FALSE	FALSE
Dusp29	chr14	FALSE	TRUE
Pdxk-ps	chr17	FALSE	TRUE
Adgrf2	chr17	FALSE	FALSE
Tmprss11c	chr5	FALSE	FALSE
D830005E20Rik	chr10	FALSE	FALSE
Rab44	chr17	FALSE	TRUE
Xrra1	chr7	FALSE	FALSE
Apcdd1	chr18	TRUE	TRUE
Zdhhc18	chr4	FALSE	FALSE
Npcd	chr15	FALSE	TRUE
E2f6	chr12	FALSE	FALSE
Ercc4	chr16	FALSE	FALSE
Ero1a	chr14	FALSE	FALSE
Tmprss2	chr16	FALSE	FALSE
Postn	chr3	TRUE	FALSE
Fbxo8	chr8	FALSE	FALSE
Fbh1	chr2	FALSE	TRUE
Fbxo16	chr14	FALSE	FALSE
Fbxo15	chr18	FALSE	FALSE
Pnpla6	chr8	FALSE	FALSE
Dkk3	chr7	FALSE	TRUE
Hs6st1	chr1	TRUE	TRUE
Orc3	chr4	TRUE	FALSE
Klf13	chr7	FALSE	TRUE
Sh3bgr	chr16	FALSE	TRUE
Gne	chr4	FALSE	FALSE
Capn15	chr17	FALSE	FALSE
Spast	chr17	TRUE	FALSE
Tmod2	chr9	TRUE	FALSE
Stag3	chr5	FALSE	FALSE
Chek2	chr5	FALSE	FALSE
Galns	chr8	FALSE	TRUE
Nasp	chr4	FALSE	FALSE
Mink1	chr11	TRUE	FALSE
Uchl3	chr14	FALSE	TRUE
Mpp2	chr11	TRUE	FALSE
Cpsf2	chr12	FALSE	FALSE
Tnk2	chr16	FALSE	TRUE
Ctps1	chr4	FALSE	FALSE
Ramp1	chr1	FALSE	TRUE
Ccnc	chr4	FALSE	FALSE
Rif1	chr2	FALSE	FALSE
Tubgcp4	chr2	FALSE	FALSE
Fubp1	chr3	TRUE	FALSE
Atg13	chr2	FALSE	FALSE
Rnf24	chr2	FALSE	FALSE
Ccdc39	chr3	TRUE	FALSE
Umodl1	chr17	FALSE	TRUE
Ankrd22	chr19	FALSE	FALSE
Rab11fip5	chr6	FALSE	TRUE
Tmem38b	chr4	FALSE	FALSE
Hgsnat	chr8	FALSE	FALSE
Agpat5	chr8	FALSE	FALSE
Odf2l	chr3	FALSE	FALSE
Rragd	chr4	FALSE	FALSE
Anapc4	chr5	FALSE	FALSE
D6Ertd474e	chr6	FALSE	TRUE
Vps37a	chr8	FALSE	FALSE
Adgra1	chr7	FALSE	TRUE
Macir	chr1	FALSE	FALSE
Rhpn2	chr7	FALSE	FALSE
Ppp2r2d	chr7	FALSE	FALSE
Tax1bp1	chr6	FALSE	FALSE
Cenpo	chr12	FALSE	TRUE
Acaa2	chr18	FALSE	FALSE
Ccdc69	chr11	FALSE	FALSE
Brms1l	chr12	FALSE	FALSE
Cbx7	chr15	FALSE	FALSE
Wipi1	chr11	FALSE	FALSE
Echdc1	chr10	FALSE	FALSE
E2f7	chr10	FALSE	TRUE
Zfp410	chr12	FALSE	FALSE
Fam3b	chr16	FALSE	FALSE
Lurap1l	chr4	FALSE	FALSE
Tmx4	chr2	FALSE	FALSE
Dbndd2	chr2	FALSE	FALSE
Gramd1a	chr7	FALSE	FALSE
Pum3	chr19	FALSE	FALSE
Dlg3	chrX	TRUE	TRUE
Atp2a3	chr11	FALSE	TRUE
Pdlim3	chr8	FALSE	FALSE
Nucb2	chr7	FALSE	FALSE
Vamp4	chr1	TRUE	FALSE
Stx7	chr10	TRUE	TRUE
Mtmr1	chrX	FALSE	FALSE
Gosr1	chr11	FALSE	FALSE
Pla2g6	chr15	TRUE	FALSE
Chst3	chr10	FALSE	TRUE
Mtx2	chr2	FALSE	FALSE
Usp2	chr9	FALSE	TRUE
Sdcbp	chr4	TRUE	FALSE
Txnl1	chr18	FALSE	FALSE
Hif3a	chr7	FALSE	FALSE
Map3k14	chr11	FALSE	FALSE
Col5a3	chr9	FALSE	FALSE
Pkd2l2	chr18	FALSE	FALSE
Caprin1	chr2	TRUE	FALSE
Slc5a3	chr16	TRUE	FALSE
Nphp1	chr2	TRUE	FALSE
Cdkl2	chr5	FALSE	FALSE
Sart3	chr5	FALSE	FALSE
Ppm1d	chr11	FALSE	FALSE
Nudt5	chr2	FALSE	FALSE
Deaf1	chr7	TRUE	FALSE
Uevld	chr7	FALSE	FALSE
Pdlim1	chr19	FALSE	FALSE
Rasa4	chr5	FALSE	FALSE
Copg1	chr6	FALSE	FALSE
Akap8l	chr17	FALSE	FALSE
Gucy1b1	chr3	TRUE	TRUE
Snx3	chr10	TRUE	FALSE
Sult2b1	chr7	FALSE	FALSE
Cd160	chr3	FALSE	FALSE
Elovl2	chr13	FALSE	TRUE
Gnpnat1	chr14	FALSE	FALSE
Ctnnal1	chr4	FALSE	FALSE
Zfp326	chr5	FALSE	FALSE
Azin1	chr15	FALSE	FALSE
Smarcal1	chr1	FALSE	FALSE
Mcm3ap	chr10	FALSE	FALSE
Ncapg	chr5	FALSE	FALSE
Gabbr1	chr17	TRUE	FALSE
Crlf3	chr11	FALSE	FALSE
Bet1l	chr7	FALSE	FALSE
Cpsf3	chr12	FALSE	FALSE
Cfap74	chr4	FALSE	FALSE
Tollip	chr7	FALSE	FALSE
Myh13	chr11	FALSE	TRUE
Arhgap27	chr11	FALSE	TRUE
Hpgds	chr6	FALSE	TRUE
Or10ad1c	chr15	TRUE	FALSE
Syt10	chr15	TRUE	FALSE
Gm5833	chr1	FALSE	FALSE
Bpifa6	chr2	FALSE	FALSE
Arhgap40	chr2	FALSE	FALSE
Gm5860	chr4	FALSE	TRUE
Gm13285	chr4	FALSE	TRUE
Tmem233	chr5	FALSE	FALSE
Ptprh	chr7	FALSE	FALSE
Mast3	chr8	FALSE	TRUE
St3gal6	chr16	FALSE	TRUE
Gramd2a	chr9	FALSE	FALSE
Nphs1	chr7	TRUE	FALSE
Ppp1r3f	chrX	FALSE	FALSE
Cacna1f	chrX	TRUE	FALSE
Adgrg3	chr8	FALSE	FALSE
Sh3glb1	chr3	TRUE	FALSE
Crtam	chr9	FALSE	FALSE
Hs3st3b1	chr11	FALSE	TRUE
Tmem181b-ps	chr17	FALSE	TRUE
6820431F20Rik	chr8	FALSE	TRUE
Tyk2	chr9	FALSE	FALSE
Parp14	chr16	FALSE	FALSE
Fhitos	chr14	FALSE	FALSE
Gm17750	chr13	FALSE	FALSE
Methig1	chr15	FALSE	FALSE
Rp9	chr9	TRUE	FALSE
Fnbp4	chr2	FALSE	FALSE
Slc1a4	chr11	TRUE	TRUE
Pigb	chr9	FALSE	FALSE
Paxip1	chr5	FALSE	FALSE
Nop58	chr1	FALSE	FALSE
Panx1	chr9	FALSE	TRUE
Trim3	chr7	TRUE	FALSE
Msh4	chr3	FALSE	FALSE
Smad9	chr3	TRUE	FALSE
Stard10	chr7	FALSE	TRUE
Samhd1	chr2	FALSE	FALSE
Lgals8	chr13	FALSE	FALSE
Btg4	chr9	FALSE	TRUE
Pdss1	chr2	FALSE	FALSE
Dgke	chr11	TRUE	FALSE
Car5b	chrX	FALSE	FALSE
Ubqln1	chr13	FALSE	FALSE
Olfm1	chr2	TRUE	TRUE
Nmu	chr5	TRUE	FALSE
Prpf40a	chr2	FALSE	FALSE
Abcb10	chr8	FALSE	FALSE
Uchl5	chr1	TRUE	FALSE
Htra1	chr7	FALSE	TRUE
Acin1	chr14	FALSE	FALSE
Extl1	chr4	FALSE	TRUE
Espn	chr4	TRUE	TRUE
Thsd1	chr8	FALSE	FALSE
Hdac7	chr15	TRUE	TRUE
Ak3	chr19	FALSE	FALSE
Actr8	chr14	FALSE	FALSE
Gkap1	chr13	FALSE	FALSE
Dipk1b	chr2	FALSE	TRUE
Arl6	chr16	TRUE	FALSE
Atl2	chr17	FALSE	FALSE
Pitpnb	chr5	FALSE	FALSE
Metap2	chr10	FALSE	FALSE
Acp3	chr9	TRUE	FALSE
Stam2	chr2	FALSE	FALSE
Abcb9	chr5	FALSE	FALSE
B4galt5	chr2	TRUE	TRUE
Net1	chr13	FALSE	TRUE
Arl3	chr19	TRUE	FALSE
Rybp	chr6	FALSE	FALSE
Dnajc7	chr11	FALSE	FALSE
Acot9	chrX	FALSE	FALSE
Scoc	chr8	FALSE	FALSE
Cpb2	chr14	FALSE	FALSE
B4galt4	chr16	FALSE	FALSE
Kcnj1	chr9	FALSE	FALSE
Arid3b	chr9	FALSE	FALSE
Letm1	chr5	FALSE	FALSE
Chp1	chr2	FALSE	FALSE
Trpc4ap	chr2	FALSE	FALSE
Nudt3	chr17	FALSE	FALSE
Adar	chr3	FALSE	FALSE
Pdcd10	chr3	FALSE	FALSE
Dpt	chr1	FALSE	TRUE
Dstn	chr2	FALSE	FALSE
Tspan3	chr9	FALSE	FALSE
Snx1	chr9	TRUE	FALSE
Actr10	chr12	TRUE	FALSE
Copz1	chr15	FALSE	FALSE
Suclg1	chr6	FALSE	FALSE
Mbtps1	chr8	FALSE	FALSE
Aldh18a1	chr19	FALSE	TRUE
Clptm1	chr7	TRUE	FALSE
Socs5	chr17	FALSE	FALSE
Fads2	chr19	FALSE	FALSE
Tbk1	chr10	TRUE	FALSE
Vapb	chr2	FALSE	FALSE
Cldn18	chr9	FALSE	FALSE
Elf4	chrX	FALSE	FALSE
Ruvbl1	chr6	FALSE	TRUE
Rnf138	chr18	FALSE	FALSE
Rbms2	chr10	FALSE	FALSE
Slc22a21	chr11	FALSE	FALSE
Pmfbp1	chr8	FALSE	FALSE
Sec11a	chr7	FALSE	FALSE
Pex3	chr10	FALSE	FALSE
Vmn2r1	chr3	TRUE	FALSE
Dnase2b	chr3	FALSE	TRUE
Slc15a1	chr14	FALSE	TRUE
Plag1	chr4	TRUE	TRUE
Tulp2	chr7	FALSE	FALSE
Rnf14	chr18	FALSE	FALSE
Mocs1	chr17	FALSE	FALSE
Igdcc4	chr9	FALSE	TRUE
Supt20	chr3	FALSE	FALSE
Stap1	chr5	TRUE	FALSE
Scamp5	chr9	TRUE	FALSE
Gmeb1	chr4	FALSE	FALSE
Ccl28	chr13	FALSE	FALSE
Lgi1	chr19	TRUE	FALSE
Trpm5	chr7	FALSE	TRUE
Aldh1a3	chr7	TRUE	TRUE
Slc37a2	chr9	FALSE	TRUE
Rnf32	chr5	FALSE	FALSE
Htr3b	chr9	TRUE	FALSE
Slc12a5	chr2	TRUE	TRUE
Sap30bp	chr11	FALSE	FALSE
Tbx20	chr9	TRUE	FALSE
Srsf4	chr4	FALSE	FALSE
As3mt	chr19	FALSE	FALSE
Cramp1	chr17	FALSE	FALSE
Cltrn	chrX	FALSE	FALSE
Marchf7	chr2	FALSE	FALSE
Ehd3	chr17	FALSE	TRUE
Fbxo3	chr2	FALSE	FALSE
Slc15a2	chr16	FALSE	FALSE
Piwil2	chr14	FALSE	FALSE
Piwil1	chr5	FALSE	FALSE
Wdr12	chr1	FALSE	FALSE
Noc3l	chr19	FALSE	FALSE
Fhl5	chr4	FALSE	FALSE
Wdr4	chr17	FALSE	FALSE
Fmnl1	chr11	FALSE	TRUE
Cd200r1	chr16	FALSE	FALSE
Tnip1	chr11	FALSE	FALSE
Bin3	chr14	FALSE	FALSE
Tesc	chr5	FALSE	TRUE
Hacd3	chr9	FALSE	FALSE
Zfp318	chr17	FALSE	FALSE
Asic5	chr3	FALSE	FALSE
Rhbg	chr3	FALSE	FALSE
Hic2	chr16	FALSE	TRUE
Vstm2b	chr7	FALSE	TRUE
Cacna1h	chr17	TRUE	TRUE
Rnf8	chr17	FALSE	FALSE
Dexi	chr16	FALSE	TRUE
Hs1bp3	chr12	FALSE	TRUE
Stx6	chr1	TRUE	TRUE
Gpr180	chr14	FALSE	FALSE
Elp2	chr18	FALSE	FALSE
Kcnmb4	chr10	TRUE	FALSE
Mlxipl	chr5	FALSE	FALSE
Slco1c1	chr6	FALSE	FALSE
Cysltr1	chrX	TRUE	FALSE
Zfp862-ps	chr6	FALSE	FALSE
Maea	chr5	FALSE	FALSE
Myoz2	chr3	FALSE	FALSE
Anapc5	chr5	FALSE	FALSE
Sqor	chr2	FALSE	FALSE
Nup160	chr2	FALSE	FALSE
Pdzk1	chr3	FALSE	FALSE
Usp14	chr18	TRUE	FALSE
Nampt	chr12	FALSE	TRUE
Rcl1	chr19	FALSE	FALSE
Carm1	chr9	TRUE	FALSE
Stk25	chr1	TRUE	FALSE
Mettl9	chr7	FALSE	FALSE
Evc	chr5	FALSE	TRUE
Tpm3	chr3	FALSE	FALSE
Fxyd6	chr9	FALSE	TRUE
Gpa33	chr1	FALSE	TRUE
Chst7	chrX	FALSE	FALSE
Nrip2	chr6	FALSE	FALSE
Il21r	chr7	FALSE	FALSE
Wtap	chr17	FALSE	FALSE
Gucy1a1	chr3	TRUE	TRUE
Kcnq4	chr4	TRUE	TRUE
A730017L22Rik	chr2	FALSE	FALSE
Cfap92	chr6	FALSE	FALSE
Rfx8	chr1	TRUE	TRUE
6430553K19Rik	chr16	FALSE	FALSE
G730013B05Rik	chr16	FALSE	TRUE
9530052E02Rik	chr8	FALSE	TRUE
Gal3st2c	chr1	FALSE	FALSE
Zcchc17	chr4	FALSE	FALSE
Alkal1	chr1	TRUE	TRUE
Zfp963	chr8	FALSE	FALSE
Nalf2	chrX	FALSE	TRUE
Gm6249	chr7	FALSE	TRUE
Gm6260	chr3	FALSE	FALSE
Tmem170b	chr13	FALSE	FALSE
B930092H01Rik	chr9	FALSE	TRUE
Clca4c-ps	chr3	FALSE	FALSE
Albfm1	chr5	FALSE	FALSE
Majin	chr19	FALSE	FALSE
Alms1-ps2	chr6	FALSE	FALSE
Rad54b	chr4	FALSE	FALSE
Gm6498	chr14	FALSE	TRUE
Rgs21	chr1	TRUE	FALSE
1700028E10Rik	chr5	FALSE	FALSE
Tmem236	chr2	FALSE	FALSE
Wdr93	chr7	FALSE	FALSE
Gm20756	chr6	FALSE	FALSE
Insyn2a	chr7	TRUE	FALSE
Lrrc74a	chr12	FALSE	FALSE
Nlrp1c-ps	chr11	FALSE	TRUE
S100a2	chr3	FALSE	FALSE
Gm29685	chr10	FALSE	FALSE
Fam124a	chr14	FALSE	TRUE
Gm6994	chr14	FALSE	TRUE
Cd101	chr3	FALSE	TRUE
Fam90a1b	chrX	FALSE	FALSE
Rbm46	chr3	FALSE	FALSE
Gm6225	chr18	FALSE	FALSE
Itih6	chrX	FALSE	FALSE
CK137956	chr4	FALSE	TRUE
Trim71	chr9	TRUE	TRUE
Vmn2r3	chr3	FALSE	FALSE
Vmn2r4	chr3	FALSE	FALSE
Bco1	chr8	FALSE	FALSE
Trpv4	chr5	TRUE	TRUE
Exoc1l	chr5	FALSE	FALSE
Aqp9	chr9	FALSE	FALSE
Sptbn5	chr2	FALSE	TRUE
Gpr35	chr1	TRUE	TRUE
Ralb	chr1	FALSE	FALSE
Mllt1	chr17	FALSE	FALSE
Snord116l1	chr7	FALSE	FALSE
Slc5a4a	chr10	FALSE	FALSE
Slc5a4b	chr10	FALSE	FALSE
Nisch	chr14	TRUE	TRUE
Tsc1	chr2	TRUE	FALSE
Nif3l1	chr1	TRUE	FALSE
Arl6ip6	chr2	FALSE	FALSE
Dap3	chr3	FALSE	FALSE
Pmepa1	chr2	FALSE	TRUE
Ndfip1	chr18	FALSE	FALSE
Vps35	chr8	TRUE	FALSE
Bean1	chr8	FALSE	TRUE
Asb4	chr6	FALSE	TRUE
Asb2	chr12	TRUE	TRUE
Tmem243	chr5	FALSE	TRUE
Tctn1	chr5	TRUE	TRUE
Twsg1	chr17	TRUE	FALSE
Snupn	chr9	FALSE	FALSE
Sdhaf2	chr19	FALSE	FALSE
Txndc12	chr4	FALSE	FALSE
Tmem167	chr13	FALSE	FALSE
Abhd6	chr14	TRUE	FALSE
Rmnd1	chr10	FALSE	FALSE
Ube2d3	chr3	FALSE	FALSE
Smpx	chrX	FALSE	FALSE
Ndufa9	chr6	FALSE	FALSE
Tspan13	chr12	FALSE	FALSE
Prxl2c	chr13	FALSE	FALSE
Maco1	chr4	TRUE	FALSE
Dnajc15	chr14	FALSE	FALSE
Ogfod3	chr11	FALSE	FALSE
Sptssb	chr3	FALSE	FALSE
Myo19	chr11	FALSE	FALSE
Vta1	chr10	FALSE	FALSE
Cd302	chr2	FALSE	FALSE
Inip	chr4	FALSE	FALSE
Ndufb9	chr15	FALSE	FALSE
Tmem9	chr1	FALSE	TRUE
Nemf	chr12	FALSE	FALSE
Arfgap3	chr15	TRUE	FALSE
Eapp	chr12	FALSE	FALSE
Aamdc	chr7	FALSE	FALSE
Atp6v1c1	chr15	TRUE	FALSE
Cdrt4	chr11	FALSE	FALSE
Gmpr	chr13	FALSE	TRUE
Exosc3	chr4	FALSE	FALSE
Ppp1r7	chr1	FALSE	FALSE
Ccdc82	chr9	FALSE	FALSE
Rtf2	chr2	FALSE	FALSE
Mterf3	chr13	FALSE	FALSE
Cyb5b	chr8	FALSE	FALSE
Gm44505	chr19	FALSE	FALSE
Ctcfl	chr2	FALSE	FALSE
Skor2	chr18	TRUE	TRUE
Gpr137b-ps	chr13	FALSE	FALSE
Uqcc5	chr14	FALSE	FALSE
Sec14l5	chr16	FALSE	FALSE
Tab1	chr15	FALSE	TRUE
Asrgl1	chr19	FALSE	FALSE
2810004N23Rik	chr8	FALSE	FALSE
Tceanc2	chr4	FALSE	FALSE
Cmc2	chr8	FALSE	FALSE
Sppl2a	chr2	FALSE	FALSE
Gdpd1	chr11	FALSE	FALSE
Dzip1	chr14	FALSE	TRUE
Bod1l	chr5	FALSE	FALSE
Esf1	chr2	FALSE	FALSE
Snrnp40	chr4	FALSE	FALSE
Cmpk1	chr4	FALSE	FALSE
Ube2v1	chr2	FALSE	FALSE
1700017N19Rik	chr10	FALSE	FALSE
Cryzl1	chr16	FALSE	FALSE
Atg4b	chr1	FALSE	FALSE
Spcs2	chr7	FALSE	FALSE
Pnisr	chr4	FALSE	FALSE
Cdip1	chr16	FALSE	FALSE
Golph3	chr15	FALSE	FALSE
Muc17	chr5	FALSE	FALSE
Mcm8	chr2	FALSE	FALSE
Lix1	chr17	FALSE	FALSE
Pspc1	chr14	FALSE	FALSE
Tpgs2	chr18	FALSE	FALSE
Zfp541	chr7	FALSE	FALSE
Zfp991	chr4	FALSE	FALSE
Sltm	chr9	FALSE	FALSE
Hspbap1	chr16	FALSE	FALSE
Ccnh	chr13	FALSE	FALSE
Gm8267	chr14	FALSE	FALSE
Pgm2	chr5	FALSE	FALSE
Tbc1d15	chr10	FALSE	FALSE
Klhl28	chr12	FALSE	FALSE
Bend4	chr5	FALSE	FALSE
Snx31	chr15	FALSE	FALSE
Chmp3	chr6	FALSE	FALSE
Vmn2r6	chr3	FALSE	FALSE
Actr2	chr11	TRUE	FALSE
Plaat5	chr19	FALSE	FALSE
Gm8579	chr6	FALSE	FALSE
Emc2	chr15	FALSE	FALSE
Gm8633	chr10	FALSE	FALSE
Erich2	chr2	FALSE	FALSE
Cfap97	chr8	FALSE	FALSE
Tex56	chr13	FALSE	FALSE
Nt5el	chr13	FALSE	FALSE
Gid4	chr11	FALSE	FALSE
Hacd4	chr4	FALSE	FALSE
Grtp1	chr8	FALSE	FALSE
Ppcdc	chr9	FALSE	TRUE
Bcl2l14	chr6	FALSE	FALSE
Mcub	chr3	FALSE	FALSE
Bin2	chr15	FALSE	TRUE
Fbxo25	chr8	FALSE	FALSE
Kif26a	chr12	TRUE	TRUE
Rsph3a	chr17	FALSE	FALSE
Wdr45b	chr11	FALSE	FALSE
Zfp507	chr7	FALSE	FALSE
Tcf25	chr8	FALSE	FALSE
Plbd1	chr6	FALSE	FALSE
Slc16a9	chr10	FALSE	FALSE
Dnajc10	chr2	FALSE	FALSE
Nhlrc2	chr19	FALSE	FALSE
Mrgpra2a	chr7	FALSE	TRUE
Ncbp3	chr11	FALSE	FALSE
Riok3	chr18	FALSE	FALSE
Appbp2	chr11	FALSE	FALSE
Acadsb	chr7	FALSE	FALSE
Vinac1	chr2	FALSE	FALSE
Zfp133-ps	chr2	FALSE	FALSE
Pxdc1	chr13	FALSE	TRUE
Mtap	chr4	FALSE	TRUE
Pccb	chr9	FALSE	FALSE
Cir1	chr2	FALSE	FALSE
Aagab	chr9	FALSE	FALSE
Slc66a2	chr18	FALSE	TRUE
Sdha	chr13	TRUE	FALSE
Trit1	chr4	FALSE	FALSE
Cdk5rap1	chr2	FALSE	FALSE
Trappc13	chr13	FALSE	FALSE
Nuf2	chr1	FALSE	FALSE
Zdhhc6	chr19	FALSE	FALSE
Smarcd3	chr5	TRUE	TRUE
Yae1d1	chr13	FALSE	FALSE
Oma1	chr4	FALSE	FALSE
Thap4	chr1	FALSE	FALSE
Chmp1b2	chrX	FALSE	FALSE
Dnajb4	chr3	FALSE	FALSE
Rbm25	chr12	FALSE	FALSE
Syap1	chrX	TRUE	FALSE
Ndc80	chr17	FALSE	FALSE
Yaf2	chr15	FALSE	FALSE
Slc25a53	chrX	FALSE	FALSE
Lsm14a	chr7	FALSE	FALSE
Cdc37l1	chr19	FALSE	FALSE
Pi4k2b	chr5	FALSE	FALSE
Ccdc198	chr14	FALSE	TRUE
Ctnnbip1	chr4	FALSE	FALSE
Cand2	chr6	FALSE	FALSE
Rps10	chr17	TRUE	FALSE
D16Ertd472e	chr16	TRUE	FALSE
Bfar	chr16	FALSE	FALSE
Mastl	chr2	FALSE	FALSE
Ubap1	chr4	FALSE	FALSE
Topaz1	chr9	FALSE	FALSE
Lrrc40	chr3	FALSE	FALSE
Nkain1	chr4	FALSE	FALSE
Rnf141	chr7	FALSE	FALSE
Rnf212	chr5	FALSE	FALSE
Arl8b	chr6	TRUE	FALSE
Dram2	chr3	TRUE	FALSE
Zmat5	chr11	FALSE	TRUE
Ccdc25	chr14	FALSE	FALSE
Pfdn1	chr18	TRUE	FALSE
Ccdc77	chr6	FALSE	FALSE
Nde1	chr16	TRUE	FALSE
Srfbp1	chr18	FALSE	FALSE
Rrp15	chr1	FALSE	FALSE
Prpf18	chr2	FALSE	FALSE
Smc6	chr12	FALSE	FALSE
Peli1	chr11	FALSE	FALSE
Resf1	chr6	FALSE	FALSE
Mtarc2	chr1	FALSE	TRUE
Cers4	chr8	FALSE	FALSE
Myl12a	chr17	FALSE	FALSE
Ndufa10	chr1	FALSE	FALSE
Eri1	chr8	FALSE	FALSE
Gm13710	chr2	FALSE	FALSE
Washc3	chr10	FALSE	FALSE
Parp6	chr9	TRUE	FALSE
Srek1ip1	chr13	FALSE	FALSE
Pigc	chr1	FALSE	FALSE
Zc2hc1a	chr3	FALSE	FALSE
Pbld2	chr10	FALSE	FALSE
Stk35	chr2	FALSE	TRUE
Dynlt5	chr4	FALSE	FALSE
Paxbp1	chr16	FALSE	FALSE
Jam2	chr16	TRUE	FALSE
Bbs2	chr8	TRUE	FALSE
Carnmt1	chr19	FALSE	FALSE
Cxxc5	chr18	FALSE	TRUE
Srpra	chr9	FALSE	FALSE
Mtcl3	chr10	FALSE	FALSE
Mfn1	chr3	TRUE	FALSE
Ears2	chr7	FALSE	FALSE
Ppil4	chr10	FALSE	FALSE
Far1	chr7	FALSE	FALSE
Dhdds	chr4	FALSE	FALSE
Coq8a	chr1	FALSE	TRUE
Nudcd1	chr15	FALSE	FALSE
Pkp2	chr16	FALSE	FALSE
Slc25a46	chr18	TRUE	FALSE
Ergic2	chr6	FALSE	FALSE
Frmd8	chr19	FALSE	FALSE
Nvl	chr1	FALSE	FALSE
Decr1	chr4	FALSE	FALSE
Poc5	chr13	FALSE	FALSE
Abhd5	chr9	FALSE	FALSE
Mtfr1	chr3	FALSE	TRUE
Slc47a1	chr11	FALSE	TRUE
Ero1b	chr13	FALSE	FALSE
Polr3g	chr13	FALSE	FALSE
Dhx40	chr11	FALSE	FALSE
Ap4b1	chr3	TRUE	FALSE
Ufl1	chr4	TRUE	FALSE
Mettl16	chr11	FALSE	FALSE
Tvp23b	chr11	FALSE	FALSE
Ttc33	chr15	FALSE	FALSE
1700095A21Rik	chr4	FALSE	FALSE
Trim62	chr4	FALSE	TRUE
Ttll4	chr1	FALSE	FALSE
Cog6	chr3	FALSE	FALSE
Fam120b	chr17	FALSE	TRUE
Gpr89	chr3	FALSE	FALSE
Slc25a30	chr14	FALSE	FALSE
Mgat4d	chr8	FALSE	FALSE
Larp6	chr9	FALSE	FALSE
Wdr48	chr9	FALSE	FALSE
Alg13	chrX	TRUE	FALSE
4930455J16Rik	chr13	FALSE	FALSE
Rnf41	chr10	FALSE	FALSE
4930519G04Rik	chr5	FALSE	FALSE
Tespa1	chr10	FALSE	FALSE
Rspry1	chr8	FALSE	FALSE
Ube2r2	chr4	FALSE	FALSE
Lrp2bp	chr8	FALSE	FALSE
Bend5	chr4	FALSE	FALSE
Tm7sf3	chr6	FALSE	FALSE
Samd8	chr14	FALSE	FALSE
4930522H14Rik	chr4	FALSE	FALSE
4930523C07Rik	chr1	FALSE	TRUE
4930527F14Rik	chr14	FALSE	FALSE
Rabl3	chr16	FALSE	FALSE
Ift172	chr5	TRUE	FALSE
Rnf125	chr18	FALSE	FALSE
Dctn4	chr18	FALSE	FALSE
Alkbh8	chr9	FALSE	FALSE
Pbdc1	chrX	FALSE	FALSE
Luc7l3	chr11	FALSE	FALSE
1700011L22Rik	chr8	FALSE	FALSE
1700020N01Rik	chr10	FALSE	TRUE
Rnf149	chr1	FALSE	FALSE
Gm10653	chr9	FALSE	FALSE
Pcnx4	chr12	FALSE	FALSE
Slc25a37	chr14	FALSE	FALSE
Pop1	chr15	FALSE	FALSE
Fam114a2	chr11	FALSE	FALSE
Fbxo32	chr15	FALSE	TRUE
Caap1	chr4	FALSE	FALSE
Plxnd1	chr6	TRUE	TRUE
Rgs8	chr1	TRUE	TRUE
Dgat2	chr7	FALSE	TRUE
Snx2	chr18	FALSE	FALSE
Ubxn4	chr1	FALSE	FALSE
Sec14l2	chr11	FALSE	TRUE
Snap47	chr11	TRUE	FALSE
Gpsm1	chr2	TRUE	TRUE
Atg3	chr16	FALSE	FALSE
Tmem39a	chr16	FALSE	FALSE
Ppp6c	chr2	FALSE	FALSE
Rgs10	chr7	TRUE	FALSE
Enoph1	chr5	FALSE	FALSE
Mrrf	chr2	FALSE	FALSE
Nsmce4a	chr7	FALSE	FALSE
Tmem33	chr5	FALSE	FALSE
Ppa1	chr10	FALSE	FALSE
Ccdc80	chr16	FALSE	TRUE
Pef1	chr4	FALSE	FALSE
Galntl5	chr5	FALSE	FALSE
Zfp169	chr13	FALSE	FALSE
Ube2f	chr1	FALSE	FALSE
Serpini2	chr3	FALSE	FALSE
Hcfc2	chr10	FALSE	FALSE
Ces5a	chr8	FALSE	FALSE
Myl12b	chr17	FALSE	FALSE
Fbxo28	chr1	FALSE	FALSE
Sugt1	chr14	FALSE	FALSE
U2surp	chr9	FALSE	FALSE
Pold3	chr7	FALSE	FALSE
Tctn2	chr5	FALSE	FALSE
Hormad1	chr3	TRUE	FALSE
Tmx3	chr18	FALSE	FALSE
Zwilch	chr9	FALSE	FALSE
Trap1	chr16	FALSE	FALSE
Coa8	chr12	FALSE	FALSE
Bphl	chr13	FALSE	FALSE
Tmem178	chr17	FALSE	TRUE
Chid1	chr7	FALSE	TRUE
Ubxn2b	chr4	FALSE	FALSE
Chd1l	chr3	FALSE	FALSE
Tm9sf2	chr14	FALSE	FALSE
Mrnip	chr11	FALSE	FALSE
Dcakd	chr11	FALSE	FALSE
Smarcc2	chr10	TRUE	FALSE
Cep70	chr9	FALSE	FALSE
Arl13b	chr16	TRUE	FALSE
Fam133b	chr5	FALSE	FALSE
Gtf2e2	chr8	FALSE	FALSE
Ndnf	chr6	TRUE	TRUE
Ebpl	chr14	FALSE	FALSE
Sympk	chr7	FALSE	TRUE
Diras2	chr13	FALSE	TRUE
Spindoc	chr19	FALSE	FALSE
Iqcf3	chr9	FALSE	FALSE
Zfp85os	chr13	FALSE	FALSE
Rbm28	chr6	FALSE	FALSE
Rpa1	chr11	FALSE	FALSE
Mcoln2	chr3	FALSE	TRUE
Matcap2	chr9	FALSE	FALSE
Mto1	chr9	FALSE	FALSE
Lrriq4	chr3	FALSE	FALSE
Hnf4aos	chr2	FALSE	FALSE
Apoo	chrX	FALSE	FALSE
Sirt5	chr13	FALSE	FALSE
2010204K13Rik	chrX	FALSE	FALSE
0610031O16Rik	chr3	FALSE	FALSE
Ciz1	chr2	FALSE	FALSE
Mogat1	chr1	FALSE	FALSE
Ccdc163	chr4	FALSE	FALSE
0610043K17Rik	chr4	FALSE	FALSE
Ankrd13a	chr5	FALSE	FALSE
Mob1b	chr5	FALSE	FALSE
Rmnd5a	chr6	FALSE	FALSE
Mpzl1	chr1	FALSE	TRUE
Arel1	chr12	FALSE	FALSE
Ppfia4	chr1	TRUE	TRUE
Wipf2	chr11	FALSE	FALSE
Gpr155	chr2	TRUE	FALSE
1110020A21Rik	chr17	FALSE	FALSE
Sgo2a	chr1	FALSE	FALSE
Nufip2	chr11	FALSE	FALSE
Tmed10	chr12	FALSE	FALSE
Rtn4	chr11	TRUE	FALSE
Mocos	chr18	FALSE	TRUE
Ccdc167	chr17	FALSE	TRUE
Ppm1f	chr16	FALSE	FALSE
Serhl	chr15	FALSE	TRUE
Nadk2	chr15	FALSE	FALSE
Tab2	chr10	FALSE	FALSE
Samm50	chr15	FALSE	FALSE
Trpm4	chr7	TRUE	FALSE
Slc44a2	chr9	FALSE	FALSE
Ppp4r3a	chr12	FALSE	FALSE
Angel1	chr12	FALSE	FALSE
Acss1	chr2	FALSE	TRUE
Tmem219	chr7	FALSE	FALSE
Anln	chr9	FALSE	FALSE
Cdhr3	chr12	FALSE	TRUE
Atp6v1c2	chr12	FALSE	FALSE
Trmt61b	chr17	FALSE	FALSE
Fendrr	chr8	FALSE	TRUE
Flnc	chr6	FALSE	TRUE
Rgmb	chr17	FALSE	TRUE
Nexn	chr3	TRUE	FALSE
Btbd10	chr7	FALSE	FALSE
Ddi2	chr4	FALSE	FALSE
Foxk2	chr11	FALSE	FALSE
Dtwd2	chr18	FALSE	FALSE
Tmcc2	chr1	FALSE	TRUE
Atp23	chr10	FALSE	FALSE
1190005I06Rik	chr8	FALSE	TRUE
Aspscr1	chr11	FALSE	FALSE
Tmco1	chr1	FALSE	FALSE
Tlcd3b	chr7	FALSE	FALSE
Tamm41	chr6	FALSE	FALSE
Ssu72	chr4	FALSE	FALSE
Zdhhc3	chr9	TRUE	FALSE
Zg16	chr7	FALSE	FALSE
Atp2c2	chr8	FALSE	TRUE
Slc30a5	chr13	FALSE	FALSE
Hapstr1	chr16	FALSE	FALSE
Pnlip	chr19	FALSE	FALSE
Tmem273	chr14	FALSE	TRUE
Alkbh3	chr2	FALSE	TRUE
Chrdl2	chr7	FALSE	TRUE
Snx4	chr16	FALSE	FALSE
Manbal	chr2	FALSE	FALSE
Sec31a	chr5	FALSE	FALSE
Stimate	chr14	FALSE	FALSE
Srsf11	chr3	FALSE	FALSE
Plekha4	chr7	FALSE	FALSE
Gtpbp4	chr13	FALSE	FALSE
Kctd5	chr17	FALSE	FALSE
Gins1	chr2	FALSE	FALSE
Sec62	chr3	FALSE	FALSE
3300002I08Rik	chr2	FALSE	FALSE
Far1os	chr7	FALSE	FALSE
Tmigd3	chr3	FALSE	TRUE
Asb9	chrX	FALSE	FALSE
Dcps	chr9	FALSE	FALSE
Ppp1r42	chr1	FALSE	FALSE
1700012B07Rik	chr11	FALSE	FALSE
Cfap206	chr4	TRUE	FALSE
Lelp1	chr3	FALSE	FALSE
1700008O03Rik	chr7	FALSE	FALSE
1700010J16Rik	chr10	FALSE	FALSE
Glrx2	chr1	FALSE	FALSE
Ms4a20	chr19	FALSE	FALSE
1700024B18Rik	chr14	FALSE	FALSE
1700019A02Rik	chr1	FALSE	FALSE
Dnajc17	chr2	FALSE	FALSE
1700048O20Rik	chr9	FALSE	TRUE
Mroh4	chr15	FALSE	TRUE
Tmem45a2	chr16	FALSE	FALSE
Ttc9	chr12	FALSE	FALSE
Nup35	chr2	FALSE	FALSE
Ndufaf5	chr2	FALSE	FALSE
1700029N11Rik	chr13	FALSE	TRUE
Mrps9	chr1	FALSE	FALSE
2310022B05Rik	chr8	FALSE	TRUE
Ripor3	chr2	FALSE	TRUE
2310016D03Rik	chr12	FALSE	FALSE
Vkorc1l1	chr5	FALSE	FALSE
Plekhm2	chr4	FALSE	FALSE
Pcgf3	chr5	FALSE	FALSE
Afg3l2	chr18	TRUE	FALSE
Lnpk	chr2	FALSE	FALSE
Pitrm1	chr13	FALSE	FALSE
2310039L15Rik	chr10	FALSE	FALSE
Fam83g	chr11	FALSE	TRUE
2310069G16Rik	chr15	FALSE	FALSE
2310043O21Rik	chr15	FALSE	TRUE
Tatdn1	chr15	FALSE	FALSE
Iqcg	chr16	TRUE	FALSE
Trip13	chr13	TRUE	FALSE
Ipmk	chr10	TRUE	FALSE
Nup37	chr10	FALSE	FALSE
Ttl	chr2	TRUE	FALSE
Dph5	chr3	FALSE	FALSE
Fbxo7	chr10	TRUE	FALSE
Smap2	chr4	FALSE	FALSE
1500009L16Rik	chr10	FALSE	FALSE
Anxa13	chr15	FALSE	FALSE
Pou2af2	chr9	FALSE	FALSE
Fyttd1	chr16	FALSE	FALSE
Rab43	chr6	FALSE	TRUE
Ints14	chr9	FALSE	FALSE
Fam241b	chr10	FALSE	TRUE
2610027K06Rik	chr11	FALSE	TRUE
2610020C07Rik	chr16	FALSE	FALSE
Exoc1	chr5	FALSE	FALSE
Tunar	chr12	TRUE	TRUE
Ptcd3	chr6	FALSE	FALSE
Ace2	chrX	TRUE	FALSE
Cep85	chr4	FALSE	FALSE
Cmtm8	chr9	TRUE	FALSE
Meaf6	chr4	FALSE	FALSE
Smc4	chr3	FALSE	FALSE
Plut	chr5	FALSE	FALSE
Ogfrl1	chr1	FALSE	TRUE
Vps36	chr8	FALSE	FALSE
Abhd17c	chr7	TRUE	TRUE
Fam162a	chr16	TRUE	FALSE
Med23	chr10	FALSE	FALSE
Gorasp2	chr2	FALSE	FALSE
Dazap1	chr10	FALSE	FALSE
Gcc2	chr10	FALSE	FALSE
Copb1	chr7	FALSE	FALSE
Basp1	chr15	FALSE	TRUE
Ppp4r1	chr17	FALSE	FALSE
Secisbp2l	chr2	FALSE	FALSE
Lman1	chr18	FALSE	FALSE
Speer5-ps1	chr10	FALSE	FALSE
Fbln7	chr2	FALSE	TRUE
1700026D11Rik	chr2	FALSE	FALSE
Gpatch2l	chr12	FALSE	FALSE
Ica1l	chr1	FALSE	FALSE
Mospd1	chrX	FALSE	FALSE
Tecpr1	chr5	FALSE	FALSE
Asnsd1	chr1	FALSE	FALSE
Stk26	chrX	FALSE	FALSE
Ints2	chr11	FALSE	FALSE
Tspan15	chr10	FALSE	TRUE
Tekt5	chr16	FALSE	FALSE
Tbce	chr13	TRUE	FALSE
Rufy2	chr10	FALSE	FALSE
Draxin	chr4	TRUE	TRUE
Inf2	chr12	FALSE	TRUE
Taf15	chr11	FALSE	FALSE
Ckap2l	chr2	FALSE	FALSE
Atad2	chr15	FALSE	FALSE
Slc35d2	chr13	FALSE	FALSE
5730403I07Rik	chr9	FALSE	FALSE
Atp6ap2	chrX	TRUE	FALSE
Ddo	chr10	FALSE	TRUE
Stambp	chr6	TRUE	FALSE
Qpct	chr17	FALSE	FALSE
Tmem242	chr17	FALSE	FALSE
Slc25a33	chr4	FALSE	FALSE
Fra10ac1	chr19	FALSE	FALSE
Cpne3	chr4	FALSE	FALSE
Ipo5	chr14	FALSE	FALSE
Tbccd1	chr16	FALSE	FALSE
Cpm	chr10	FALSE	TRUE
Gfod2	chr8	FALSE	FALSE
Zc3h11a	chr1	FALSE	FALSE
Pak4	chr7	TRUE	TRUE
Itprid2	chr2	FALSE	TRUE
Ecd	chr14	FALSE	FALSE
Dnajb14	chr3	FALSE	FALSE
Sugp1	chr8	FALSE	FALSE
Fam241a	chr3	FALSE	TRUE
Ube2v2	chr16	TRUE	FALSE
Med26	chr8	FALSE	TRUE
Dcp2	chr18	FALSE	FALSE
Tmem144	chr3	FALSE	TRUE
Vcpip1	chr1	FALSE	FALSE
Cgn	chr3	FALSE	TRUE
Kdsr	chr1	FALSE	FALSE
Prpf3	chr3	FALSE	FALSE
Pwwp2a	chr11	FALSE	FALSE
Clec2g	chr6	FALSE	FALSE
Hmgxb4	chr8	FALSE	FALSE
P2ry12	chr3	TRUE	FALSE
Slc22a16	chr10	FALSE	FALSE
4921508D12Rik	chr2	FALSE	TRUE
4921511I17Rik	chr12	FALSE	FALSE
Lrrc63	chr14	FALSE	FALSE
Ccdc81	chr7	FALSE	FALSE
Ints10	chr8	FALSE	FALSE
Glb1l3	chr9	FALSE	FALSE
Garin2	chr12	FALSE	FALSE
4921524L21Rik	chr18	FALSE	FALSE
4921509O07Rik	chr13	FALSE	TRUE
Nsun7	chr5	FALSE	FALSE
4921511C10Rik	chr3	FALSE	FALSE
Nol8	chr13	FALSE	FALSE
4931403E22Rik	chr19	FALSE	FALSE
Mmrn1	chr6	FALSE	FALSE
Spata1	chr3	FALSE	FALSE
4921531P14Rik	chr18	FALSE	FALSE
4931419H13Rik	chr3	FALSE	TRUE
4931429P17Rik	chr13	FALSE	FALSE
Pgm2l1	chr7	FALSE	FALSE
Phf6	chrX	FALSE	FALSE
Spats1	chr17	FALSE	FALSE
Tmem30c	chr16	FALSE	FALSE
4933406K04Rik	chr12	FALSE	FALSE
4933405E24Rik	chr11	FALSE	FALSE
Tekt3	chr11	FALSE	FALSE
4933416E03Rik	chr2	FALSE	FALSE
Arhgap19	chr19	FALSE	FALSE
Cdkl1	chr12	FALSE	TRUE
Atoh8	chr6	TRUE	TRUE
Uvssa	chr5	FALSE	FALSE
4933413J09Rik	chr14	FALSE	FALSE
4933417E11Rik	chr1	FALSE	FALSE
Tmem217	chr17	FALSE	FALSE
Mier1	chr4	FALSE	FALSE
Lrrc72	chr12	FALSE	FALSE
Zdhhc11	chr13	FALSE	TRUE
4933424G06Rik	chr1	FALSE	FALSE
Ints13	chr6	FALSE	FALSE
Cage1	chr13	FALSE	FALSE
Daw1	chr1	TRUE	FALSE
4933427E13Rik	chr11	FALSE	FALSE
4933438B17Rik	chr5	FALSE	FALSE
4933432I03Rik	chr14	FALSE	FALSE
Slc29a3	chr10	FALSE	TRUE
4933428C19Rik	chr4	FALSE	FALSE
Crnde	chr8	FALSE	TRUE
Mfap3l	chr8	FALSE	TRUE
Rcbtb1	chr14	FALSE	FALSE
5430427M07Rik	chr12	FALSE	FALSE
Pex1	chr5	FALSE	FALSE
5530401A14Rik	chr11	FALSE	FALSE
5530601H04Rik	chrX	FALSE	FALSE
7420701I03Rik	chr12	FALSE	FALSE
Bbs7	chr3	TRUE	FALSE
Sfpq	chr4	TRUE	FALSE
8430429K09Rik	chr11	FALSE	FALSE
Fbxo9	chr9	FALSE	FALSE
Afmid	chr11	FALSE	TRUE
Ifih1	chr2	FALSE	TRUE
4930447N08Rik	chr3	FALSE	FALSE
Optn	chr2	TRUE	TRUE
Tmem248	chr5	FALSE	FALSE
Gypc	chr18	FALSE	FALSE
Colec11	chr12	FALSE	TRUE
Slc41a3	chr6	FALSE	TRUE
Pnpt1	chr11	FALSE	FALSE
Cdc5l	chr17	FALSE	FALSE
Lrrcc1	chr3	FALSE	FALSE
Dram1	chr10	FALSE	FALSE
Cdc40	chr10	FALSE	FALSE
Cic	chr7	TRUE	TRUE
Cul2	chr18	FALSE	FALSE
Gtf3c2	chr5	FALSE	FALSE
Tmprss6	chr15	FALSE	TRUE
Vwce	chr19	FALSE	FALSE
Inhca	chr9	FALSE	FALSE
Ing3	chr6	FALSE	FALSE
Slc16a14	chr1	FALSE	FALSE
Ranbp3	chr17	FALSE	FALSE
Kif23	chr9	FALSE	FALSE
Gtf2a1l	chr17	TRUE	FALSE
Pdilt	chr7	FALSE	FALSE
Lancl2	chr6	FALSE	FALSE
Shcbp1l	chr1	FALSE	FALSE
Tcp11x2	chrX	FALSE	FALSE
Cfap52	chr11	FALSE	FALSE
Zswim2	chr2	FALSE	FALSE
Gpr160	chr3	FALSE	FALSE
Spmap2l	chr5	FALSE	FALSE
Aox4	chr1	FALSE	FALSE
Cenpu	chr8	FALSE	FALSE
Efhc1	chr1	TRUE	FALSE
Apmap	chr2	FALSE	FALSE
Chit1	chr1	FALSE	FALSE
Cdadc1	chr14	FALSE	FALSE
Fam219a	chr4	FALSE	TRUE
Cand1	chr10	FALSE	FALSE
Bdh1	chr16	FALSE	TRUE
Zcchc24	chr14	TRUE	TRUE
Rpap3	chr15	FALSE	FALSE
Tmem123	chr9	FALSE	FALSE
Cars2	chr8	FALSE	FALSE
Tom1l1	chr11	FALSE	FALSE
Endod1	chr9	FALSE	FALSE
Tmem94	chr11	FALSE	TRUE
Cers5	chr15	FALSE	FALSE
Rbpms2	chr9	FALSE	FALSE
Ppp2r2a	chr14	FALSE	FALSE
Acad10	chr5	FALSE	FALSE
Ercc8	chr13	FALSE	FALSE
Cnn3	chr3	FALSE	TRUE
1600020E01Rik	chr6	FALSE	FALSE
Slc35f2	chr9	FALSE	FALSE
Tsc22d2	chr3	FALSE	FALSE
Mccc1	chr3	FALSE	FALSE
Cotl1	chr8	FALSE	TRUE
Urgcp	chr11	FALSE	FALSE
Poglut2	chr1	FALSE	FALSE
Slc38a10	chr11	FALSE	TRUE
Ush1c	chr7	TRUE	TRUE
Tmem68	chr4	FALSE	FALSE
Aplf	chr6	FALSE	FALSE
Ddhd2	chr8	TRUE	FALSE
Tpx2	chr2	FALSE	FALSE
Trub1	chr19	FALSE	FALSE
Pygo1	chr9	FALSE	FALSE
Wdsub1	chr2	FALSE	FALSE
Cep89	chr7	TRUE	FALSE
Adpgk	chr9	FALSE	FALSE
Slc37a3	chr6	FALSE	FALSE
Strada	chr11	FALSE	FALSE
Pgm1	chr4	FALSE	FALSE
Dhx36	chr3	TRUE	FALSE
Thumpd2	chr17	FALSE	FALSE
Mfsd8	chr3	TRUE	FALSE
Snx6	chr12	TRUE	FALSE
2510009E07Rik	chr16	TRUE	FALSE
Scaf11	chr15	FALSE	FALSE
Mms19	chr19	FALSE	FALSE
Eml2	chr7	FALSE	FALSE
1700016L21Rik	chr1	FALSE	TRUE
Cda	chr4	FALSE	FALSE
Fam186a	chr15	FALSE	FALSE
Ccpg1	chr9	FALSE	FALSE
Nkd2	chr13	FALSE	TRUE
Brf1	chr12	FALSE	FALSE
Kifbp	chr10	TRUE	FALSE
Xpo5	chr17	FALSE	FALSE
Wdr89	chr12	TRUE	FALSE
Usp36	chr11	FALSE	FALSE
Ptar1	chr19	FALSE	FALSE
Faim2	chr15	TRUE	TRUE
2610028E06Rik	chr4	FALSE	FALSE
Brap	chr5	FALSE	FALSE
Pinx1	chr14	FALSE	FALSE
Katnbl1	chr2	FALSE	FALSE
Dnajc25	chr4	FALSE	FALSE
Spink5	chr18	TRUE	FALSE
Prcp	chr7	FALSE	FALSE
Rrp1b	chr17	FALSE	FALSE
Zfp131	chr13	FALSE	FALSE
Plcd3	chr11	FALSE	FALSE
Tmem87b	chr2	FALSE	FALSE
Hsdl2	chr4	FALSE	FALSE
Obi1	chr14	FALSE	FALSE
Cwf19l1	chr19	FALSE	FALSE
Bltp2	chr11	FALSE	FALSE
Dzip1l	chr9	TRUE	FALSE
Rps6kb1	chr11	TRUE	FALSE
Wdr43	chr17	FALSE	FALSE
Pip4p2	chr4	FALSE	FALSE
Utp14a	chrX	FALSE	FALSE
Pcbd2	chr13	FALSE	FALSE
Bclaf1	chr10	FALSE	FALSE
Lin9	chr1	FALSE	FALSE
Zup1	chr10	FALSE	FALSE
Cul4b	chrX	TRUE	FALSE
Lypd1	chr1	TRUE	TRUE
Ppme1	chr7	FALSE	FALSE
2700069I18Rik	chr3	FALSE	TRUE
Hoxaas3	chr6	FALSE	TRUE
Lins1	chr7	TRUE	FALSE
Tmem209	chr6	FALSE	FALSE
Ccdc12	chr9	FALSE	FALSE
Ints8	chr4	FALSE	FALSE
2700097O09Rik	chr12	FALSE	FALSE
2810032G03Rik	chr12	FALSE	TRUE
2810049E08Rik	chr13	FALSE	FALSE
Calhm2	chr19	FALSE	FALSE
Hnrnpll	chr17	FALSE	FALSE
Zfp248	chr6	FALSE	FALSE
Rint1	chr5	FALSE	FALSE
Sass6	chr3	FALSE	FALSE
Ndc1	chr4	FALSE	FALSE
Ttc19	chr11	FALSE	FALSE
Fam76b	chr9	FALSE	FALSE
Dhx30	chr9	TRUE	FALSE
Mblac2	chr13	FALSE	FALSE
Bbof1	chr12	FALSE	FALSE
Ift25	chr4	FALSE	FALSE
Tppp	chr13	TRUE	TRUE
Ccnt2	chr1	FALSE	FALSE
Fbxo47	chr11	FALSE	FALSE
Appl1	chr14	TRUE	FALSE
Insig2	chr1	FALSE	FALSE
Slc25a42	chr8	FALSE	FALSE
Tgfbrap1	chr1	FALSE	FALSE
Tmed5	chr5	FALSE	FALSE
Slc25a16	chr10	FALSE	FALSE
Prrc1	chr18	FALSE	FALSE
Larp1	chr11	FALSE	FALSE
Arhgap8	chr15	FALSE	FALSE
Wasl	chr6	TRUE	FALSE
5430402O13Rik	chr6	FALSE	FALSE
Xpot	chr10	FALSE	FALSE
C9orf72	chr4	TRUE	FALSE
Fam118a	chr15	FALSE	FALSE
Rassf6	chr5	FALSE	FALSE
Setd7	chr3	FALSE	TRUE
1700044C05Rik	chr14	FALSE	TRUE
Clhc1	chr11	FALSE	FALSE
1700034P13Rik	chr1	FALSE	FALSE
1700045H11Rik	chr4	FALSE	FALSE
Col20a1	chr2	FALSE	TRUE
Cmtm2a	chr8	FALSE	FALSE
1700065L07Rik	chr6	FALSE	FALSE
Nme8	chr13	FALSE	FALSE
1700060C16Rik	chr6	FALSE	FALSE
Smim33	chr18	FALSE	FALSE
1700063A18Rik	chr1	FALSE	FALSE
Spata18	chr5	FALSE	TRUE
Iws1	chr18	FALSE	FALSE
Nell1os	chr7	FALSE	FALSE
Mir669a-1	chr2	FALSE	FALSE
Mir669a-2	chr2	FALSE	FALSE
Gldnos	chr9	FALSE	FALSE
Vgll3	chr16	FALSE	FALSE
1700092E19Rik	chr13	FALSE	FALSE
1700112H15Rik	chr1	FALSE	FALSE
1700109I08Rik	chr14	FALSE	FALSE
Capn9	chr8	FALSE	FALSE
Wdr75	chr1	FALSE	FALSE
Psma8	chr18	FALSE	FALSE
Atg16l2	chr7	FALSE	FALSE
Ppp2r1b	chr9	FALSE	TRUE
Gucy2g	chr19	FALSE	FALSE
4930401C15Rik	chr10	FALSE	FALSE
Ppp1r21	chr17	FALSE	FALSE
Ankrd45	chr1	FALSE	FALSE
Ankrd42	chr7	FALSE	FALSE
Spmip7	chr11	FALSE	FALSE
Pabir3	chrX	FALSE	FALSE
4930432J09Rik	chr14	FALSE	FALSE
4930431P03Rik	chr14	FALSE	FALSE
4833419F23Rik	chr18	FALSE	FALSE
4930401O12Rik	chr13	FALSE	FALSE
Fam151b	chr13	TRUE	FALSE
Otud4	chr8	FALSE	FALSE
4930447J18Rik	chr14	FALSE	TRUE
4930444F02Rik	chr10	FALSE	FALSE
Psd2	chr18	FALSE	TRUE
Rftn2	chr1	FALSE	FALSE
Traf3ip1	chr1	TRUE	FALSE
Glyr1	chr16	FALSE	FALSE
Nfam1	chr15	FALSE	TRUE
Ttf2	chr3	FALSE	TRUE
Vsir	chr10	FALSE	TRUE
4921525O09Rik	chr13	FALSE	TRUE
Steap2	chr5	FALSE	TRUE
Ttc21a	chr9	FALSE	TRUE
4933405D12Rik	chr3	FALSE	FALSE
Asz1	chr6	FALSE	FALSE
4933406C10Rik	chr12	FALSE	TRUE
Npl	chr1	FALSE	FALSE
Hvcn1	chr5	FALSE	FALSE
Gga2	chr7	FALSE	FALSE
Usp16	chr16	FALSE	FALSE
Crot	chr5	FALSE	FALSE
Actr3	chr1	TRUE	FALSE
Foxp4	chr17	FALSE	TRUE
Sec14l1	chr11	FALSE	TRUE
Ehhadh	chr16	FALSE	FALSE
Slc35f5	chr1	FALSE	FALSE
Stra6l	chr4	FALSE	TRUE
Unkl	chr17	FALSE	FALSE
Acot12	chr13	FALSE	FALSE
Acbd5	chr2	FALSE	FALSE
Nfx1	chr4	FALSE	FALSE
Gtsf1	chr15	FALSE	FALSE
Tgm5	chr2	FALSE	FALSE
Stk40	chr4	FALSE	FALSE
Muc5b	chr7	FALSE	FALSE
Gpcpd1	chr2	FALSE	FALSE
Gtf2e1	chr16	FALSE	FALSE
Dtx2	chr5	FALSE	FALSE
Khdc4	chr3	FALSE	FALSE
Cep97	chr16	FALSE	FALSE
Fblim1	chr4	FALSE	FALSE
Eif4enif1	chr11	TRUE	FALSE
Acsl3	chr1	TRUE	FALSE
Paqr8	chr1	FALSE	TRUE
Tubgcp2	chr7	TRUE	FALSE
Iqce	chr5	FALSE	FALSE
Lrrc2	chr9	FALSE	FALSE
Armc1	chr3	FALSE	FALSE
Cyld	chr8	FALSE	FALSE
Usp20	chr2	FALSE	FALSE
Chic2	chr5	FALSE	FALSE
Kcmf1	chr6	TRUE	FALSE
Rnf145	chr11	FALSE	FALSE
Hopx	chr5	FALSE	TRUE
Hnrnpr	chr4	FALSE	FALSE
Ranbp10	chr8	FALSE	FALSE
Fhip1b	chr7	FALSE	FALSE
Lonrf3	chrX	FALSE	FALSE
Mei1	chr15	FALSE	FALSE
Ap5m1	chr14	FALSE	FALSE
Epcip	chr16	FALSE	TRUE
Dpp8	chr9	FALSE	FALSE
4933407K13Rik	chrX	FALSE	FALSE
4933400F21Rik	chr1	FALSE	TRUE
Odad4	chr11	TRUE	TRUE
Sohlh2	chr3	FALSE	FALSE
Slc9b1	chr3	FALSE	FALSE
Pank2	chr2	FALSE	FALSE
Pgs1	chr11	FALSE	FALSE
4933424G05Rik	chr18	FALSE	FALSE
4933425B07Rik	chr14	FALSE	FALSE
Exoc3l2	chr7	FALSE	FALSE
Mfsd13b	chr7	FALSE	FALSE
Hyal5	chr6	FALSE	FALSE
Cep72	chr13	FALSE	FALSE
4933427D14Rik	chr11	FALSE	FALSE
Batf2	chr19	TRUE	FALSE
Tnks2	chr19	FALSE	FALSE
Fam53a	chr5	FALSE	TRUE
Lrrc17	chr5	FALSE	FALSE
Morc2a	chr11	FALSE	FALSE
Fam234b	chr6	FALSE	FALSE
8430422H06Rik	chr18	FALSE	TRUE
8430437L04Rik	chr2	FALSE	TRUE
Mau2	chr8	FALSE	FALSE
Nipal3	chr4	FALSE	FALSE
Themis3	chr17	FALSE	TRUE
Fer1l4	chr2	FALSE	FALSE
Mlkl	chr8	FALSE	FALSE
Lvrn	chr18	FALSE	FALSE
Pyroxd2	chr19	FALSE	TRUE
Cds1	chr5	FALSE	FALSE
Cd200r3	chr16	FALSE	FALSE
Scpep1	chr11	FALSE	FALSE
Tent5c	chr3	FALSE	TRUE
Spsb1	chr4	FALSE	TRUE
S100pbp	chr4	FALSE	FALSE
Drc3	chr11	FALSE	FALSE
4930435F18Rik	chr13	FALSE	FALSE
Wdr35	chr12	FALSE	FALSE
Slc25a54	chr3	FALSE	FALSE
4930524O08Rik	chr9	FALSE	TRUE
Ttll9	chr2	FALSE	FALSE
4930521O11Rik	chr14	FALSE	FALSE
4930512B01Rik	chr12	FALSE	FALSE
4930524B17Rik	chr6	FALSE	FALSE
Stx11	chr10	TRUE	TRUE
Rhoh	chr5	FALSE	FALSE
Trim14	chr4	FALSE	TRUE
Pcf11	chr7	FALSE	FALSE
Dhcr24	chr4	FALSE	FALSE
Rab3il1	chr19	FALSE	TRUE
Naa60	chr16	FALSE	FALSE
Wipi2	chr5	FALSE	FALSE
Glt8d2	chr10	FALSE	FALSE
Manf	chr9	TRUE	FALSE
Usp38	chr8	FALSE	FALSE
Meikin	chr11	FALSE	FALSE
Tmem65	chr15	FALSE	TRUE
4930405A10Rik	chr14	FALSE	FALSE
Cylc2	chr4	FALSE	FALSE
1700066O22Rik	chr18	FALSE	TRUE
4930480M12Rik	chr12	FALSE	TRUE
4930502A04Rik	chr9	FALSE	FALSE
Csmd2os	chr4	FALSE	TRUE
Rab11fip2	chr19	FALSE	FALSE
Tmbim7	chr5	FALSE	FALSE
Samd13	chr3	FALSE	TRUE
4930425L21Rik	chr6	FALSE	FALSE
4930486I03Rik	chr1	FALSE	FALSE
Purg	chr8	FALSE	TRUE
4930503E24Rik	chr10	FALSE	FALSE
Nudt12os	chr17	FALSE	FALSE
Cfap210	chr2	FALSE	FALSE
Zbtb49	chr5	FALSE	FALSE
4930505A04Rik	chr11	FALSE	FALSE
Mmd2	chr5	TRUE	FALSE
Zc2hc1b	chr10	FALSE	FALSE
4930547E14Rik	chr16	FALSE	FALSE
Mfsd13a	chr19	FALSE	FALSE
4930529K09Rik	chr14	FALSE	FALSE
Meiob	chr17	FALSE	FALSE
4930533N22Rik	chr7	FALSE	FALSE
Rnf121	chr7	FALSE	FALSE
Rnf19b	chr4	FALSE	FALSE
4930543E12Rik	chr7	FALSE	FALSE
4930563M21Rik	chr9	FALSE	FALSE
Erich6b	chr14	FALSE	TRUE
4930556N13Rik	chr11	FALSE	FALSE
4930549G23Rik	chr18	FALSE	FALSE
4930559C10Rik	chr12	FALSE	FALSE
Cep43	chr17	FALSE	FALSE
4930565D16Rik	chr3	FALSE	FALSE
4930550C14Rik	chr9	FALSE	FALSE
Parpbp	chr10	FALSE	FALSE
4930557F10Rik	chr13	FALSE	TRUE
Atf7ip2	chr16	FALSE	FALSE
Ccdc83	chr7	FALSE	FALSE
Mphosph8	chr14	FALSE	FALSE
4930556J02Rik	chr14	FALSE	FALSE
4930558K02Rik	chr1	FALSE	FALSE
4930599N23Rik	chr6	FALSE	FALSE
Lyzl4os	chr9	FALSE	TRUE
Arhgap36	chrX	FALSE	FALSE
Secisbp2	chr13	TRUE	FALSE
Arl5a	chr2	FALSE	FALSE
Tti1	chr2	FALSE	FALSE
Anapc15	chr7	FALSE	FALSE
Rsf1os1	chr7	FALSE	FALSE
Ascc2	chr11	FALSE	TRUE
Stpg4	chr17	FALSE	FALSE
Oplah	chr15	FALSE	FALSE
1700010I02Rik	chr3	FALSE	FALSE
Zbed5-ps	chr7	FALSE	FALSE
1700003L19Rik	chr16	FALSE	FALSE
1700008C04Rik	chr12	FALSE	FALSE
Morn5	chr2	FALSE	FALSE
Fabp12	chr3	FALSE	FALSE
1700024I08Rik	chr13	FALSE	FALSE
Lyrm7	chr11	FALSE	FALSE
1700019C18Rik	chr13	FALSE	TRUE
Zc3h14	chr12	FALSE	FALSE
Capsl	chr15	FALSE	FALSE
Spata9	chr13	FALSE	FALSE
Yipf7	chr5	FALSE	FALSE
2310030A07Rik	chr1	FALSE	FALSE
Pcdh1	chr18	FALSE	TRUE
Chmp4b	chr2	TRUE	FALSE
Gns	chr10	FALSE	TRUE
Metap1	chr3	FALSE	FALSE
Snapc1	chr12	FALSE	FALSE
Ccdc172	chr19	FALSE	FALSE
Pik3r4	chr9	FALSE	FALSE
Ippk	chr13	FALSE	FALSE
Anks6	chr4	FALSE	TRUE
3010001F23Rik	chrX	FALSE	FALSE
Rilpl1	chr5	FALSE	FALSE
Ces1h	chr8	FALSE	FALSE
Rbm12	chr2	FALSE	FALSE
Fam227a	chr15	FALSE	FALSE
Mff	chr1	TRUE	FALSE
Rian	chr12	FALSE	FALSE
Morc4	chrX	FALSE	FALSE
Sesn3	chr9	FALSE	FALSE
9130401M01Rik	chr15	FALSE	TRUE
Dcaf17	chr2	FALSE	FALSE
Rab11fip1	chr8	FALSE	FALSE
Brsk2	chr7	TRUE	TRUE
Ttc23l	chr15	FALSE	FALSE
Lca5	chr9	FALSE	FALSE
Klhl24	chr16	FALSE	FALSE
4930444P10Rik	chr1	FALSE	FALSE
4930470H14Rik	chr17	FALSE	FALSE
4930524C18Rik	chr14	FALSE	FALSE
Senp2	chr16	FALSE	FALSE
4930532I03Rik	chr10	FALSE	FALSE
Atxn7l1os2	chr12	FALSE	TRUE
4930567K12Rik	chr7	FALSE	TRUE
4930568G15Rik	chr1	FALSE	FALSE
Speer4cos	chr5	FALSE	FALSE
Tex26	chr5	FALSE	TRUE
Arl5b	chr2	FALSE	FALSE
4930592A05Rik	chr15	FALSE	FALSE
4930573H18Rik	chr3	FALSE	TRUE
1700003P14Rik	chr13	FALSE	FALSE
Dcp1a	chr14	FALSE	FALSE
Dipk2b	chrX	FALSE	FALSE
4930567H12Rik	chr8	FALSE	TRUE
4930584F24Rik	chr5	FALSE	TRUE
Srrm2	chr17	FALSE	FALSE
Zdhhc20	chr14	TRUE	FALSE
Zc3h18	chr8	FALSE	FALSE
Ccdc125	chr13	FALSE	FALSE
Ncapg2	chr12	FALSE	FALSE
Ganc	chr2	FALSE	FALSE
Oga	chr19	FALSE	FALSE
Rap2a	chr14	TRUE	TRUE
Gpsm2	chr3	FALSE	FALSE
Depdc1a	chr3	FALSE	FALSE
Celf6	chr9	TRUE	TRUE
Adhfe1	chr1	FALSE	FALSE
Stard3nl	chr13	FALSE	TRUE
Ndfip2	chr14	FALSE	FALSE
Asb5	chr8	FALSE	FALSE
Osbp	chr19	FALSE	FALSE
Slc18b1	chr10	FALSE	FALSE
Cog2	chr8	FALSE	TRUE
Tbx18	chr9	TRUE	TRUE
Det1	chr7	FALSE	FALSE
Ropn1	chr16	FALSE	TRUE
Abcc3	chr11	FALSE	TRUE
Spaca7b	chr8	FALSE	TRUE
Mroh3	chr1	FALSE	FALSE
2310001H17Rik	chr6	FALSE	FALSE
Fbxo31	chr8	TRUE	TRUE
Car12	chr9	FALSE	TRUE
Knl1	chr2	FALSE	FALSE
Kndc1	chr7	TRUE	TRUE
Aoc1	chr6	FALSE	FALSE
Fam204a	chr19	FALSE	FALSE
Qrsl1	chr10	FALSE	FALSE
Ift46	chr9	TRUE	FALSE
Styxl1	chr5	TRUE	FALSE
Dnajc18	chr18	FALSE	FALSE
Lrrc27	chr7	FALSE	TRUE
Immt	chr6	TRUE	FALSE
Got1l1	chr8	FALSE	FALSE
Stambpl1	chr19	FALSE	FALSE
Mdh1b	chr1	FALSE	FALSE
Cfap70	chr14	FALSE	FALSE
Cpb1	chr3	FALSE	FALSE
Arpc2	chr1	FALSE	FALSE
Catsperg2	chr7	FALSE	FALSE
Mospd2	chrX	FALSE	FALSE
Cluap1	chr16	TRUE	FALSE
Mettl4	chr17	FALSE	FALSE
AU019990	chr2	FALSE	FALSE
BB557941	chr2	FALSE	FALSE
Ppfia3	chr7	TRUE	FALSE
Klhdc10	chr6	FALSE	FALSE
Man2c1os	chr9	FALSE	FALSE
Tbc1d9b	chr11	FALSE	FALSE
Srrm4os	chr5	FALSE	TRUE
Dtl	chr1	FALSE	FALSE
Ago4	chr4	TRUE	FALSE
Nlrp14	chr7	FALSE	FALSE
Morn1	chr4	FALSE	TRUE
Fam81a	chr9	FALSE	FALSE
Coq8b	chr7	TRUE	FALSE
Bicd2	chr13	FALSE	TRUE
B3gat1	chr9	TRUE	TRUE
Golga1	chr2	FALSE	FALSE
Jade2	chr11	TRUE	FALSE
Hnrnpm	chr17	TRUE	FALSE
Ube2ql1	chr13	FALSE	TRUE
Vxn	chr1	TRUE	TRUE
Hdhd2	chr18	FALSE	FALSE
Ticrr	chr7	FALSE	FALSE
Slc9a8	chr2	FALSE	FALSE
Atg16l1	chr1	TRUE	FALSE
Arsk	chr13	FALSE	FALSE
Bcl7a	chr5	FALSE	FALSE
Sun1	chr5	TRUE	FALSE
Ints7	chr1	FALSE	FALSE
Tmem181a	chr17	FALSE	TRUE
Gpbp1l1	chr4	FALSE	FALSE
Mtmr2	chr9	TRUE	FALSE
Il33	chr19	TRUE	FALSE
A930001A20Rik	chr3	FALSE	FALSE
8030443G20Rik	chr4	FALSE	FALSE
4930407I19Rik	chr10	FALSE	FALSE
Ptgr2	chr12	FALSE	FALSE
9430038I01Rik	chr7	FALSE	FALSE
9430041J12Rik	chr7	FALSE	FALSE
C030007H22Rik	chr1	FALSE	TRUE
C030029H02Rik	chr7	FALSE	FALSE
Redrum	chr18	FALSE	TRUE
Zfp266	chr9	FALSE	FALSE
Tcaf1	chr6	FALSE	FALSE
Spns3	chr11	FALSE	FALSE
Adgrf1	chr17	TRUE	FALSE
Snapc3	chr4	FALSE	FALSE
Steep1	chrX	FALSE	FALSE
Trat1	chr16	FALSE	FALSE
Rnf170	chr8	FALSE	FALSE
Bora	chr14	FALSE	FALSE
Ulbp1	chr10	FALSE	FALSE
A930007I19Rik	chr19	FALSE	FALSE
Adamtsl2	chr2	FALSE	TRUE
Esco1	chr18	FALSE	FALSE
A930015D03Rik	chr17	FALSE	FALSE
Msl2	chr9	FALSE	FALSE
Ypel2	chr11	FALSE	FALSE
A330102I10Rik	chr13	FALSE	TRUE
Rpgrip1	chr14	TRUE	FALSE
Cyp20a1	chr1	FALSE	FALSE
Hook1	chr4	FALSE	FALSE
Sbf1	chr15	FALSE	FALSE
Crisp4	chr1	FALSE	FALSE
Grip1os1	chr10	FALSE	TRUE
4930525C09Rik	chr10	FALSE	FALSE
4930546K05Rik	chr9	FALSE	TRUE
4930557K07Rik	chr6	FALSE	FALSE
4930578N18Rik	chr16	FALSE	FALSE
Adgrf4	chr17	FALSE	FALSE
Nxpe2	chr9	FALSE	FALSE
Rbsn	chr6	FALSE	FALSE
Cul9	chr17	FALSE	FALSE
Ttyh3	chr5	FALSE	FALSE
1700034K08Rik	chr9	FALSE	FALSE
Mvp	chr7	FALSE	FALSE
A930037H05Rik	chr11	FALSE	FALSE
Pgpep1l	chr7	FALSE	FALSE
1700054A03Rik	chr19	FALSE	FALSE
Plscr1l1	chr9	FALSE	FALSE
1700063D05Rik	chr9	FALSE	FALSE
Asb8	chr15	FALSE	FALSE
E130304I02Rik	chr7	FALSE	FALSE
Htra3	chr5	FALSE	TRUE
Adgra2	chr8	TRUE	TRUE
Pde6h	chr6	TRUE	FALSE
Spaca7	chr8	FALSE	FALSE
Eif3j1	chr2	FALSE	FALSE
Brd8	chr18	FALSE	FALSE
Naa35	chr13	FALSE	FALSE
Pus7	chr5	FALSE	FALSE
D530049I02Rik	chr1	FALSE	FALSE
Zc3h6	chr2	FALSE	FALSE
Csgalnact2	chr6	FALSE	FALSE
Galnt15	chr14	FALSE	TRUE
Pabir2	chrX	FALSE	FALSE
4921518K17Rik	chr12	FALSE	FALSE
4933424L21Rik	chr11	FALSE	TRUE
Zc3hav1	chr6	FALSE	TRUE
Vsig1	chrX	FALSE	FALSE
Zcchc4	chr5	FALSE	FALSE
4930545L23Rik	chr2	FALSE	TRUE
Stpg1	chr4	FALSE	FALSE
4930562C15Rik	chr16	FALSE	FALSE
Cacul1	chr19	FALSE	FALSE
Coro7	chr16	FALSE	TRUE
Cnot10	chr9	FALSE	FALSE
Aacs	chr5	FALSE	FALSE
Asb15	chr6	FALSE	FALSE
Sp2	chr11	FALSE	FALSE
Ltn1	chr16	FALSE	FALSE
Nadsyn1	chr7	FALSE	FALSE
Srd5a1	chr13	FALSE	FALSE
Polr3h	chr15	FALSE	FALSE
Avl9	chr6	FALSE	FALSE
Gm10248	chr14	FALSE	TRUE
Gm9961	chr16	FALSE	FALSE
Gm10280	chr8	FALSE	FALSE
Gm14164	chr2	FALSE	FALSE
Krit1	chr5	FALSE	FALSE
Cttnbp2nl	chr3	FALSE	FALSE
Parp9	chr16	FALSE	FALSE
Bcl9l	chr9	FALSE	TRUE
Zxdc	chr6	FALSE	FALSE
Tex21	chr12	FALSE	FALSE
Herpud2	chr9	FALSE	FALSE
Pbx4	chr8	TRUE	FALSE
Slc19a3	chr1	FALSE	FALSE
BC004004	chr17	FALSE	FALSE
N4bp1	chr8	FALSE	FALSE
Fam20c	chr5	FALSE	TRUE
Klrb1b	chr6	FALSE	FALSE
Fgf20	chr8	TRUE	TRUE
Nfkbiz	chr16	FALSE	TRUE
Tmprss5	chr9	FALSE	FALSE
Erap1	chr13	FALSE	FALSE
Polh	chr17	FALSE	FALSE
Castor2	chr5	FALSE	FALSE
Acox3	chr5	FALSE	FALSE
Syt13	chr2	FALSE	TRUE
Slc26a5	chr5	TRUE	FALSE
Gpr63	chr4	FALSE	TRUE
Jdp2	chr12	FALSE	TRUE
C1qtnf3	chr15	FALSE	FALSE
Tnxb	chr17	TRUE	TRUE
Tfcp2l1	chr1	FALSE	FALSE
Sf3b1	chr1	FALSE	FALSE
Cacng7	chr7	TRUE	FALSE
Cyp4x1	chr4	FALSE	FALSE
Klb	chr5	FALSE	FALSE
Glis2	chr16	TRUE	TRUE
Ndel1	chr11	TRUE	FALSE
Gsdmc	chr15	FALSE	FALSE
Tktl1	chrX	FALSE	FALSE
Tdrd1	chr19	FALSE	TRUE
Usp26	chrX	FALSE	FALSE
Gtf2a1	chr12	FALSE	FALSE
Elovl4	chr9	FALSE	FALSE
Cnnm1	chr19	FALSE	TRUE
Crispld1	chr1	FALSE	FALSE
Wasf1	chr10	TRUE	FALSE
Cep41	chr6	FALSE	TRUE
Gpr137b	chr13	FALSE	FALSE
Btbd1	chr7	TRUE	FALSE
Jam3	chr9	TRUE	FALSE
Usp8	chr2	TRUE	FALSE
Pi4k2a	chr19	FALSE	FALSE
Setdb1	chr3	FALSE	FALSE
Rnf123	chr9	FALSE	TRUE
Pla1a	chr16	FALSE	FALSE
Cd163	chr6	FALSE	FALSE
Selenof	chr3	FALSE	FALSE
Entpd7	chr19	FALSE	FALSE
Csnk1a1	chr18	FALSE	FALSE
Lmod1	chr1	FALSE	FALSE
Gpnmb	chr6	FALSE	FALSE
Ice2	chr9	FALSE	FALSE
Pcdhgc3	chr18	TRUE	TRUE
Pcdhgc4	chr18	TRUE	TRUE
Cpn1	chr19	FALSE	FALSE
Acox2	chr14	FALSE	TRUE
Mpv17l	chr16	FALSE	FALSE
Smarca5	chr8	FALSE	FALSE
Ube2n	chr10	FALSE	FALSE
Nipa2	chr7	FALSE	FALSE
Vangl2	chr1	TRUE	TRUE
Allc	chr12	FALSE	FALSE
Tm2d1	chr4	FALSE	FALSE
Bcl2l13	chr6	FALSE	FALSE
Mrpl1	chr5	FALSE	FALSE
Mrpl3	chr9	FALSE	FALSE
Trim7	chr11	FALSE	TRUE
Trim16	chr11	FALSE	FALSE
Acsbg1	chr9	FALSE	FALSE
C1galt1	chr6	FALSE	FALSE
Ddx50	chr10	FALSE	FALSE
Spock2	chr10	FALSE	TRUE
Ugt2a1	chr5	TRUE	FALSE
Cnnm4	chr1	TRUE	TRUE
Gopc	chr10	FALSE	FALSE
Dgcr8	chr16	FALSE	FALSE
Pi15	chr1	FALSE	FALSE
Fkbp6	chr5	FALSE	FALSE
Rcc1l	chr5	FALSE	FALSE
Prcc	chr3	FALSE	FALSE
Cadm3	chr1	FALSE	TRUE
Tmem40	chr6	FALSE	FALSE
Hmgn3	chr9	FALSE	FALSE
Tmem62	chr2	FALSE	FALSE
Slc9b2	chr3	FALSE	FALSE
Nmd3	chr3	FALSE	FALSE
Nhsl3	chr4	FALSE	TRUE
Hadha	chr5	FALSE	FALSE
Mtmr14	chr6	FALSE	FALSE
R74862	chr7	FALSE	FALSE
Cmtm4	chr8	FALSE	TRUE
Sgsm2	chr11	FALSE	TRUE
Exd2	chr12	FALSE	FALSE
Serpinb6c	chr13	TRUE	TRUE
B3galnt2	chr13	FALSE	FALSE
Dcaf8	chr1	FALSE	FALSE
Kmo	chr1	TRUE	FALSE
Stk17b	chr1	FALSE	TRUE
D2hgdh	chr1	FALSE	FALSE
Efhd1	chr1	TRUE	TRUE
Lbr	chr1	FALSE	TRUE
Chst10	chr1	TRUE	TRUE
Zfp451	chr1	FALSE	FALSE
Nucks1	chr1	FALSE	FALSE
Gtf3c3	chr1	FALSE	FALSE
Mael	chr1	FALSE	FALSE
Atp1a2	chr1	TRUE	TRUE
Trmt1l	chr1	FALSE	FALSE
Rdh10	chr1	TRUE	TRUE
Obsl1	chr1	TRUE	TRUE
Cdc123	chr2	FALSE	FALSE
Eeig1	chr2	FALSE	TRUE
Nat10	chr2	FALSE	FALSE
Fibcd1	chr2	FALSE	TRUE
Znfx1	chr2	FALSE	FALSE
Olah	chr2	FALSE	FALSE
Stard7	chr2	TRUE	FALSE
Ssx2ip	chr3	FALSE	TRUE
Tm9sf4	chr2	FALSE	FALSE
Dnajc24	chr2	FALSE	FALSE
Cul4a	chr8	FALSE	FALSE
Duox1	chr2	FALSE	TRUE
Wdr47	chr3	TRUE	FALSE
Usp53	chr3	TRUE	FALSE
Ankrd50	chr3	FALSE	TRUE
Cept1	chr3	FALSE	FALSE
Tiparp	chr3	FALSE	TRUE
Kdm1a	chr4	TRUE	FALSE
