gene_name	chr	mch_sig	in_state
Auts2	chr5	TRUE	FALSE
Csmd2	chr4	TRUE	FALSE
Arhgap26	chr18	TRUE	FALSE
Rasgef1b	chr5	TRUE	FALSE
Lrrc49	chr9	TRUE	FALSE
Emcn	chr3	TRUE	FALSE
Slc13a1	chr6	TRUE	FALSE
Arhgap26	chr18	TRUE	FALSE
Dpys	chr15	TRUE	FALSE
Fgf1	chr18	TRUE	FALSE
Runx1t1	chr4	TRUE	FALSE
Btbd11	chr10	TRUE	FALSE
Trpm3	chr19	TRUE	FALSE
Pcdh9	chr14	TRUE	FALSE
Cog5	chr12	TRUE	FALSE
Cadps	chr14	TRUE	FALSE
Zbbx	chr3	TRUE	FALSE
Col9a1	chr1	TRUE	FALSE
Gprin3	chr6	TRUE	FALSE
Maml3	chr3	TRUE	FALSE
Csrnp3	chr2	TRUE	FALSE
Nrxn1	chr17	TRUE	FALSE
Erbb4	chr1	TRUE	FALSE
Pcgf5	chr19	TRUE	FALSE
Tenm2	chr11	TRUE	FALSE
Enox1	chr14	TRUE	FALSE
Slc6a6	chr6	TRUE	FALSE
Zfp608	chr18	TRUE	FALSE
Cytip	chr2	TRUE	FALSE
Camta1	chr4	TRUE	FALSE
Lsamp	chr16	TRUE	FALSE
Ctnnd2	chr15	TRUE	FALSE
Patj	chr4	TRUE	FALSE
Btbd3	chr2	TRUE	FALSE
Tjp1	chr7	TRUE	FALSE
Tmem178b	chr6	TRUE	FALSE
Abr	chr11	TRUE	FALSE
Ephb1	chr9	TRUE	FALSE
Plekha6	chr1	TRUE	FALSE
Cerkl	chr2	TRUE	FALSE
Gabbr2	chr4	TRUE	FALSE
Tafa5	chr15	TRUE	FALSE
Gsg1l	chr7	TRUE	FALSE
Rnf157	chr11	TRUE	FALSE
Tgfbr3	chr5	TRUE	FALSE
Sema6d	chr2	TRUE	FALSE
Cacna1e	chr1	TRUE	FALSE
Msi2	chr11	TRUE	FALSE
Hgd	chr16	TRUE	FALSE
Dlgap4	chr2	TRUE	FALSE
Phex	chrX	TRUE	FALSE
Prkar2b	chr12	TRUE	FALSE
Afap1	chr5	TRUE	FALSE
Ephb2	chr4	TRUE	FALSE
Zbtb20	chr16	TRUE	FALSE
Lrrc4c	chr2	TRUE	FALSE
Megf11	chr9	TRUE	FALSE
Hdac9	chr12	TRUE	FALSE
Cmip	chr8	TRUE	FALSE
Gm20696	chr6	TRUE	FALSE
Ccdc192	chr18	TRUE	FALSE
Epha3	chr16	TRUE	FALSE
D430042O09Rik	chr7	TRUE	FALSE
Snca	chr6	TRUE	FALSE
Cacna2d2	chr9	TRUE	FALSE
Pappa2	chr1	TRUE	FALSE
Arhgef38	chr3	TRUE	FALSE
Nos1	chr5	TRUE	FALSE
Lamb3	chr1	TRUE	FALSE
Fam107b	chr2	TRUE	FALSE
Nln	chr13	TRUE	FALSE
Zic4	chr9	TRUE	FALSE
Pag1	chr3	TRUE	FALSE
Fstl4	chr11	TRUE	FALSE
Opcml	chr9	TRUE	FALSE
Kcnq1	chr7	TRUE	FALSE
Heg1	chr16	TRUE	FALSE
Prkce	chr17	TRUE	FALSE
D430041D05Rik	chr2	TRUE	FALSE
Wdr25	chr12	TRUE	FALSE
Tmem51	chr4	TRUE	FALSE
Ncald	chr15	TRUE	FALSE
Igsf21	chr4	TRUE	FALSE
Med13l	chr5	TRUE	FALSE
Col27a1	chr4	TRUE	FALSE
Phactr3	chr2	TRUE	FALSE
Atxn1	chr13	TRUE	FALSE
Ttr	chr18	TRUE	FALSE
Olfr437	chr6	TRUE	FALSE
Clnk	chr5	TRUE	FALSE
Sez6	chr11	TRUE	FALSE
Akap6	chr12	TRUE	FALSE
Ksr2	chr5	TRUE	FALSE
Cntnap2	chr6	TRUE	FALSE
Bcas3	chr11	TRUE	FALSE
Nav3	chr10	TRUE	FALSE
Lancl3	chrX	TRUE	FALSE
Tmem150c	chr5	TRUE	FALSE
Ptprn2	chr12	TRUE	FALSE
Dip2b	chr15	TRUE	FALSE
Rab11fip4	chr11	TRUE	FALSE
Vwf	chr6	TRUE	FALSE
Anks1b	chr10	TRUE	FALSE
Slc35g2	chr9	TRUE	FALSE
Angpt1	chr15	TRUE	FALSE
Cacna1c	chr6	TRUE	FALSE
Pcdh7	chr5	TRUE	FALSE
Jph1	chr1	TRUE	FALSE
Acly	chr11	TRUE	FALSE
Vti1a	chr19	TRUE	FALSE
Gria1	chr11	TRUE	FALSE
Brpf3	chr17	TRUE	FALSE
Lrba	chr3	TRUE	FALSE
Fam135b	chr15	TRUE	FALSE
Ptk2	chr15	TRUE	FALSE
Dgkb	chr12	TRUE	FALSE
Exoc6b	chr6	TRUE	FALSE
Lingo1	chr9	TRUE	FALSE
Nfib	chr4	TRUE	FALSE
Ssh2	chr11	TRUE	FALSE
Cnpy1	chr5	TRUE	FALSE
Svep1	chr4	TRUE	FALSE
Elmo1	chr13	TRUE	FALSE
Zbtb16	chr9	TRUE	FALSE
Foxp1	chr6	TRUE	FALSE
Plcb4	chr2	TRUE	FALSE
Chia1	chr3	TRUE	FALSE
Ppp2r2b	chr18	TRUE	FALSE
Fgf20	chr8	TRUE	FALSE
Grik2	chr10	TRUE	FALSE
Gm973	chr1	TRUE	FALSE
Cux2	chr5	TRUE	FALSE
Kbtbd12	chr6	TRUE	FALSE
Shank2	chr7	TRUE	FALSE
Pde4b	chr4	TRUE	FALSE
Nfia	chr4	TRUE	FALSE
Galnt2l	chr8	TRUE	FALSE
Grxcr1	chr5	TRUE	FALSE
Myo3b	chr2	TRUE	FALSE
Prune2	chr19	TRUE	FALSE
Pde10a	chr17	TRUE	FALSE
Mad1l1	chr5	TRUE	FALSE
Ptchd4	chr17	TRUE	FALSE
Klhl29	chr12	TRUE	FALSE
Ralgps1	chr2	TRUE	FALSE
Pex14	chr4	TRUE	FALSE
Ift57	chr16	TRUE	FALSE
Snph	chr2	TRUE	FALSE
Elp4	chr2	TRUE	FALSE
Dagla	chr19	TRUE	FALSE
Nkain3	chr4	TRUE	FALSE
Kctd8	chr5	TRUE	FALSE
Gtf3c1	chr7	TRUE	FALSE
Slc5a10	chr11	TRUE	FALSE
Ebf2	chr14	TRUE	FALSE
Sybu	chr15	TRUE	FALSE
Mamdc2	chr19	TRUE	FALSE
Sdk1	chr5	TRUE	FALSE
Prkca	chr11	TRUE	FALSE
Mark1	chr1	TRUE	FALSE
Galnt7	chr8	TRUE	FALSE
Rnf165	chr18	TRUE	FALSE
Celf4	chr18	TRUE	FALSE
Epha5	chr5	TRUE	FALSE
Foxn3	chr12	TRUE	FALSE
Psd3	chr8	TRUE	FALSE
Pcsk5	chr19	TRUE	FALSE
Clybl	chr14	TRUE	FALSE
Asb15	chr6	TRUE	FALSE
Cep350	chr1	TRUE	FALSE
Prickle2	chr6	TRUE	FALSE
Npvf	chr6	TRUE	TRUE
Alk	chr17	TRUE	FALSE
Slc17a6	chr7	TRUE	FALSE
Prkcb	chr7	TRUE	FALSE
Adam22	chr5	TRUE	FALSE
Itgb5	chr16	TRUE	FALSE
Spag17	chr3	TRUE	FALSE
Tcf12	chr9	TRUE	FALSE
Lpp	chr16	TRUE	FALSE
Runx1	chr16	TRUE	FALSE
Vav2	chr2	TRUE	FALSE
Astn2	chr4	TRUE	FALSE
Faf1	chr4	TRUE	FALSE
Grip1	chr10	TRUE	FALSE
Dip2c	chr13	TRUE	FALSE
Sh3pxd2a	chr19	TRUE	FALSE
Nbea	chr3	TRUE	FALSE
Bahcc1	chr11	TRUE	FALSE
Hcn1	chr13	TRUE	FALSE
Commd1	chr11	TRUE	FALSE
Dsc2	chr18	TRUE	FALSE
Igf1r	chr7	TRUE	FALSE
Fbh1	chr2	TRUE	FALSE
Ptprk	chr10	TRUE	FALSE
Zfpm2	chr15	TRUE	FALSE
Rab3c	chr13	TRUE	FALSE
Ambra1	chr2	TRUE	FALSE
Ahcyl2	chr6	TRUE	FALSE
Focad	chr4	TRUE	FALSE
Grin2a	chr16	TRUE	FALSE
Mbd5	chr2	TRUE	FALSE
Zbtb40	chr4	TRUE	FALSE
Samd12	chr15	TRUE	FALSE
Slc24a3	chr2	TRUE	FALSE
Sema5b	chr16	TRUE	FALSE
Dapk1	chr13	TRUE	FALSE
Cdk15	chr1	TRUE	FALSE
Adamts14	chr10	TRUE	FALSE
Ryr2	chr13	TRUE	FALSE
Vps13d	chr4	TRUE	FALSE
Isx	chr8	TRUE	FALSE
Slc39a11	chr11	TRUE	FALSE
Fam72a	chr1	TRUE	FALSE
Ercc8	chr13	TRUE	FALSE
Bank1	chr3	TRUE	FALSE
Lrrc36	chr8	TRUE	FALSE
Wipf3	chr6	TRUE	FALSE
Mvb12b	chr2	TRUE	FALSE
Ptprg	chr14	TRUE	FALSE
Commd1b	chr11	TRUE	FALSE
Optn	chr2	TRUE	FALSE
Rxra	chr2	TRUE	FALSE
Gnaq	chr19	TRUE	FALSE
Cacnb4	chr2	TRUE	FALSE
Adgrb3	chr1	TRUE	FALSE
Fam83g	chr11	TRUE	FALSE
Tbc1d30	chr10	TRUE	FALSE
Col5a1	chr2	TRUE	FALSE
Syn2	chr6	TRUE	FALSE
Trio	chr15	TRUE	FALSE
Rap1gap2	chr11	TRUE	FALSE
Rgs7	chr1	TRUE	FALSE
Dis3l2	chr1	TRUE	FALSE
Pld5	chr1	TRUE	FALSE
Kcnj6	chr16	TRUE	FALSE
Ablim2	chr5	TRUE	FALSE
Rora	chr9	TRUE	FALSE
Rbfox1	chr16	TRUE	FALSE
Adk	chr14	TRUE	FALSE
Trp73	chr4	TRUE	FALSE
5330417C22Rik	chr3	TRUE	FALSE
Fgf14	chr14	TRUE	FALSE
Kcnn3	chr3	TRUE	FALSE
Baz2b	chr2	TRUE	FALSE
Dnah11	chr12	TRUE	FALSE
Syt2	chr1	TRUE	FALSE
Tbc1d1	chr5	TRUE	FALSE
Btbd9	chr17	TRUE	FALSE
Syt6	chr3	TRUE	FALSE
Lrfn2	chr17	TRUE	FALSE
Syt1	chr10	TRUE	FALSE
Nek7	chr1	TRUE	FALSE
Sema3a	chr5	TRUE	FALSE
Fto	chr8	TRUE	FALSE
Dst	chr1	TRUE	FALSE
Dkk3	chr7	TRUE	FALSE
Zfp423	chr8	TRUE	FALSE
Gse1	chr8	TRUE	FALSE
Robo2	chr16	TRUE	FALSE
Ascc3	chr10	TRUE	FALSE
Gabrb3	chr7	TRUE	FALSE
Nr6a1	chr2	TRUE	FALSE
Bcl2l15	chr3	TRUE	FALSE
Fam20c	chr5	TRUE	FALSE
Cfap61	chr2	TRUE	FALSE
Snd1	chr6	TRUE	FALSE
Sik3	chr9	TRUE	FALSE
Glt8d2	chr10	TRUE	FALSE
Sh3gl3	chr7	TRUE	FALSE
Xkr6	chr14	TRUE	FALSE
Hspg2	chr4	TRUE	FALSE
Pdlim7	chr13	TRUE	FALSE
Supt3	chr17	TRUE	FALSE
Ints9	chr14	TRUE	FALSE
Eefsec	chr6	TRUE	FALSE
Lct	chr1	TRUE	FALSE
Cenpf	chr1	TRUE	FALSE
Itfg1	chr8	TRUE	FALSE
Dysf	chr6	TRUE	FALSE
Ctnna3	chr10	TRUE	FALSE
Lrrn1	chr6	TRUE	FALSE
Hecw2	chr1	TRUE	FALSE
Ldlrad3	chr2	TRUE	FALSE
Zfand3	chr17	TRUE	FALSE
Nup93	chr8	TRUE	FALSE
Ppl	chr16	TRUE	FALSE
Tnrc6b	chr15	TRUE	FALSE
Tmcc1	chr6	TRUE	FALSE
Rgl1	chr1	TRUE	FALSE
Cpeb3	chr19	TRUE	FALSE
Aff3	chr1	TRUE	FALSE
F830045P16Rik	chr2	TRUE	FALSE
Tcf20	chr15	TRUE	FALSE
Hlf	chr11	TRUE	FALSE
Shld1	chr2	TRUE	FALSE
Cemip	chr7	TRUE	FALSE
Ncor2	chr5	TRUE	FALSE
Cdh4	chr2	TRUE	FALSE
Unc13c	chr9	TRUE	FALSE
Nrp2	chr1	TRUE	FALSE
Brinp3	chr1	TRUE	FALSE
Tenm1	chrX	TRUE	FALSE
Nfasc	chr1	TRUE	FALSE
Gria4	chr9	TRUE	FALSE
Prdm5	chr6	TRUE	FALSE
Ncoa1	chr12	TRUE	FALSE
Rapgef2	chr3	TRUE	FALSE
Togaram2	chr17	TRUE	FALSE
Gria2	chr3	TRUE	FALSE
Atp5o	chr16	TRUE	FALSE
Tpst1	chr5	TRUE	FALSE
Kcnd2	chr6	TRUE	FALSE
Chil3	chr3	TRUE	FALSE
Chchd6	chr6	TRUE	FALSE
Eps8	chr6	TRUE	FALSE
Fsip1	chr2	TRUE	FALSE
Frmd4a	chr2	TRUE	FALSE
Mgll	chr6	TRUE	FALSE
Nsmaf	chr4	TRUE	FALSE
Gm1043	chr5	TRUE	FALSE
Cacna1g	chr11	TRUE	FALSE
Osbpl6	chr2	TRUE	FALSE
Anks1	chr17	TRUE	FALSE
Ntrk3	chr7	TRUE	FALSE
Cux1	chr5	TRUE	FALSE
Marchf4	chr1	TRUE	FALSE
Kmt2c	chr5	TRUE	FALSE
Sfxn5	chr6	TRUE	FALSE
Hmbox1	chr14	TRUE	FALSE
Pou2f2	chr7	TRUE	FALSE
Card11	chr5	TRUE	FALSE
Cadps2	chr6	TRUE	FALSE
Akt3	chr1	TRUE	FALSE
Mtus2	chr5	TRUE	FALSE
Btbd1	chr7	TRUE	FALSE
Nf1	chr11	TRUE	FALSE
Prickle1	chr15	TRUE	FALSE
Hspa12a	chr19	TRUE	FALSE
Fmn1	chr2	TRUE	FALSE
Atxn7l1	chr12	TRUE	FALSE
Erc2	chr14	TRUE	FALSE
Ncoa2	chr1	TRUE	FALSE
Wdr7	chr18	TRUE	FALSE
Gm17482	chr6	TRUE	FALSE
St18	chr1	TRUE	FALSE
Gphn	chr12	TRUE	FALSE
Dennd1a	chr2	TRUE	FALSE
Clvs1	chr4	TRUE	FALSE
Prr16	chr18	TRUE	FALSE
Nav1	chr1	TRUE	FALSE
Itsn1	chr16	TRUE	FALSE
Lrrc28	chr7	TRUE	FALSE
Myt1l	chr12	TRUE	FALSE
Serpinb8	chr1	TRUE	FALSE
Adcy9	chr16	TRUE	FALSE
B3gnt2	chr11	TRUE	FALSE
Megf6	chr4	TRUE	FALSE
Enah	chr1	TRUE	FALSE
Cntnap5a	chr1	TRUE	FALSE
Flrt3	chr2	TRUE	FALSE
Cntn4	chr6	TRUE	FALSE
Lca5l	chr16	TRUE	FALSE
Dock3	chr9	TRUE	FALSE
Smad6	chr9	TRUE	FALSE
Osbpl10	chr9	TRUE	FALSE
Fmn2	chr1	TRUE	FALSE
Gdpd5	chr7	TRUE	FALSE
Nrcam	chr12	TRUE	FALSE
Mtor	chr4	TRUE	FALSE
Alg8	chr7	TRUE	FALSE
Med27	chr2	TRUE	FALSE
Tbxas1	chr6	TRUE	FALSE
Camk1d	chr2	TRUE	FALSE
Tmem132c	chr5	TRUE	FALSE
Rere	chr4	TRUE	FALSE
Vps13b	chr15	TRUE	FALSE
Myo5b	chr18	TRUE	FALSE
Zfp827	chr8	TRUE	FALSE
Ncam1	chr9	TRUE	FALSE
Adcy5	chr16	TRUE	FALSE
Kif13b	chr14	TRUE	FALSE
Fam120b	chr17	TRUE	FALSE
Zcchc7	chr4	TRUE	FALSE
Macrod1	chr19	TRUE	FALSE
Lmf1	chr17	TRUE	FALSE
Kif5c	chr2	TRUE	FALSE
Farp1	chr14	TRUE	FALSE
Cd276	chr9	TRUE	FALSE
Dnaja3	chr16	TRUE	FALSE
Slc35f3	chr8	TRUE	FALSE
Cdh20	chr1	TRUE	FALSE
Dpp6	chr5	TRUE	FALSE
Fbln2	chr6	TRUE	FALSE
Mrtfa	chr15	TRUE	FALSE
Rnf150	chr8	TRUE	FALSE
Dgki	chr6	TRUE	FALSE
Arap2	chr5	TRUE	FALSE
Mbnl2	chr14	TRUE	FALSE
Ptgs1	chr2	TRUE	FALSE
Agap1	chr1	TRUE	FALSE
Pax5	chr4	TRUE	FALSE
Kcnab1	chr3	TRUE	FALSE
Abl1	chr2	TRUE	FALSE
Sez6l	chr5	TRUE	FALSE
Cdc73	chr1	TRUE	FALSE
Galnt13	chr2	TRUE	FALSE
Pnpla7	chr2	TRUE	FALSE
Tnrc18	chr5	TRUE	FALSE
Cep128	chr12	TRUE	FALSE
Chchd3	chr6	TRUE	FALSE
Otc	chrX	TRUE	FALSE
Spock1	chr13	TRUE	FALSE
Slc1a7	chr4	TRUE	FALSE
Reep3	chr10	TRUE	FALSE
Garnl3	chr2	TRUE	FALSE
Zswim6	chr13	TRUE	FALSE
Myo18b	chr5	TRUE	FALSE
Ttc7b	chr12	TRUE	FALSE
Msrb3	chr10	TRUE	FALSE
Pphln1	chr15	TRUE	FALSE
Rapgef1	chr2	TRUE	FALSE
Atg7	chr6	TRUE	FALSE
Dipk2b	chrX	TRUE	FALSE
Uvrag	chr7	TRUE	FALSE
Snx29	chr16	TRUE	FALSE
1700019D03Rik	chr1	TRUE	FALSE
Ctnnbl1	chr2	TRUE	FALSE
Lamp2	chrX	TRUE	FALSE
Cadm2	chr16	TRUE	FALSE
Sobp	chr10	TRUE	FALSE
Sgip1	chr4	TRUE	FALSE
Coro1c	chr5	TRUE	FALSE
Osbpl5	chr7	TRUE	FALSE
Slc4a4	chr5	TRUE	FALSE
Trak1	chr9	TRUE	FALSE
Dlg5	chr14	TRUE	FALSE
Dhx35	chr2	TRUE	FALSE
Dym	chr18	TRUE	FALSE
Rfc1	chr5	TRUE	FALSE
Skap1	chr11	TRUE	FALSE
Erc1	chr6	TRUE	FALSE
Cd83	chr13	TRUE	FALSE
Ksr1	chr11	TRUE	FALSE
Elk3	chr10	TRUE	FALSE
Abat	chr16	TRUE	FALSE
Hs6st3	chr14	TRUE	FALSE
Nr3c2	chr8	TRUE	FALSE
Grk5	chr19	TRUE	FALSE
Dnm3	chr1	TRUE	FALSE
Lhpp	chr7	TRUE	FALSE
Adamtsl3	chr7	TRUE	FALSE
Pacs1	chr19	TRUE	FALSE
Ntrk2	chr13	TRUE	FALSE
Dna2	chr10	TRUE	FALSE
Tex2	chr11	TRUE	FALSE
Mms22l	chr4	TRUE	FALSE
Uggt2	chr14	TRUE	FALSE
Ldlrad4	chr18	TRUE	FALSE
Pde11a	chr2	TRUE	FALSE
Mtss1	chr15	TRUE	FALSE
Nmrk1	chr19	TRUE	FALSE
Sdccag8	chr1	TRUE	FALSE
Atp2b2	chr6	TRUE	FALSE
Smad3	chr9	TRUE	FALSE
Mkln1	chr6	TRUE	FALSE
Hdgfl3	chr7	TRUE	FALSE
Ank1	chr8	TRUE	FALSE
Neb	chr2	TRUE	FALSE
Fbrsl1	chr5	TRUE	FALSE
Prdm16	chr4	TRUE	FALSE
Pkig	chr2	TRUE	FALSE
Col16a1	chr4	TRUE	FALSE
Unc79	chr12	TRUE	FALSE
Arhgap35	chr7	TRUE	FALSE
Rag1	chr2	TRUE	FALSE
Stom	chr2	TRUE	FALSE
Fryl	chr5	TRUE	FALSE
Nrros	chr16	TRUE	FALSE
Triqk	chr4	TRUE	FALSE
Rassf5	chr1	TRUE	FALSE
Gabrb2	chr11	TRUE	FALSE
Capsl	chr15	TRUE	FALSE
Lipc	chr9	TRUE	FALSE
Cyth3	chr5	TRUE	FALSE
Zfp536	chr7	TRUE	FALSE
Slc24a2	chr4	TRUE	FALSE
Pcca	chr14	TRUE	FALSE
Adarb2	chr13	TRUE	FALSE
Mapk10	chr5	TRUE	FALSE
Apba2	chr7	TRUE	FALSE
Atp8a2	chr14	TRUE	FALSE
4930402H24Rik	chr2	TRUE	FALSE
Unc13b	chr4	TRUE	FALSE
Fam168a	chr7	TRUE	FALSE
Ap3b1	chr13	TRUE	FALSE
Iqgap2	chr13	TRUE	FALSE
Bcr	chr10	TRUE	FALSE
Nr3c1	chr18	TRUE	FALSE
Nsf	chr11	TRUE	FALSE
Epyc	chr10	TRUE	FALSE
Plekhm3	chr1	TRUE	FALSE
Shisal1	chr15	TRUE	FALSE
Orc5	chr5	TRUE	FALSE
Gas2	chr7	TRUE	FALSE
Arnt2	chr7	TRUE	FALSE
Tdo2	chr3	TRUE	FALSE
Zfp462	chr4	TRUE	FALSE
Arhgap23	chr11	TRUE	FALSE
Tshz2	chr2	TRUE	FALSE
Fibcd1	chr2	TRUE	FALSE
Tmeff2	chr1	TRUE	FALSE
Slc24a4	chr12	TRUE	FALSE
Lrig2	chr3	TRUE	FALSE
Xpo4	chr14	TRUE	FALSE
Atrnl1	chr19	TRUE	FALSE
Eif4g3	chr4	TRUE	FALSE
Chst15	chr7	TRUE	FALSE
Reln	chr5	TRUE	FALSE
Serpinb1b	chr13	TRUE	FALSE
Zfp385b	chr2	TRUE	FALSE
Sdk2	chr11	TRUE	FALSE
Zfp704	chr3	TRUE	FALSE
Rabgap1l	chr1	TRUE	FALSE
Sorbs1	chr19	TRUE	FALSE
Mdga1	chr17	TRUE	FALSE
Efr3b	chr12	TRUE	FALSE
1700028P14Rik	chr19	TRUE	FALSE
Ttc39b	chr4	TRUE	FALSE
Strbp	chr2	TRUE	FALSE
Zfp516	chr18	TRUE	FALSE
Evl	chr12	TRUE	FALSE
Siah3	chr14	TRUE	FALSE
Aatf	chr11	TRUE	FALSE
BC052040	chr2	TRUE	FALSE
Arhgef12	chr9	TRUE	FALSE
Syne3	chr12	TRUE	FALSE
Cobl	chr11	TRUE	FALSE
Mpped2	chr2	TRUE	FALSE
Ston2	chr12	TRUE	FALSE
Gpm6b	chrX	TRUE	FALSE
Slc8a3	chr12	TRUE	FALSE
Cacng2	chr15	TRUE	FALSE
Tmprss11g	chr5	TRUE	FALSE
Scaper	chr9	TRUE	FALSE
Lrrk1	chr7	TRUE	FALSE
Ppfia2	chr10	TRUE	FALSE
Ndrg1	chr15	TRUE	FALSE
Armh3	chr19	TRUE	FALSE
Tasp1	chr2	TRUE	FALSE
Gpr158	chr2	TRUE	FALSE
Dennd1b	chr1	TRUE	FALSE
Eml4	chr17	TRUE	FALSE
Acbd6	chr1	TRUE	FALSE
Polr1d	chr5	TRUE	FALSE
Cuedc1	chr11	TRUE	FALSE
Barx2	chr9	TRUE	FALSE
Pde4dip	chr3	TRUE	FALSE
Efcab6	chr15	TRUE	FALSE
Rgs3	chr4	TRUE	FALSE
Col19a1	chr1	TRUE	FALSE
Kif18a	chr2	TRUE	FALSE
Prex1	chr2	TRUE	FALSE
Gm15155	chrX	TRUE	FALSE
Galnt17	chr5	TRUE	FALSE
5031439G07Rik	chr15	TRUE	FALSE
Cacna2d4	chr6	TRUE	FALSE
Pcsk6	chr7	TRUE	FALSE
Tmem131l	chr3	TRUE	FALSE
Abcc4	chr14	TRUE	FALSE
Trp53bp2	chr1	TRUE	FALSE
Mycbp2	chr14	TRUE	FALSE
Cacna1i	chr15	TRUE	FALSE
Zbtb7c	chr18	TRUE	FALSE
St3gal3	chr4	TRUE	FALSE
Tln2	chr9	TRUE	FALSE
Npsr1	chr9	TRUE	FALSE
Mapkap1	chr2	TRUE	FALSE
Tnrc6c	chr11	TRUE	FALSE
Gbf1	chr19	TRUE	FALSE
Tle3	chr9	TRUE	FALSE
Bmpr2	chr1	TRUE	FALSE
Phf21a	chr2	TRUE	FALSE
Cnih3	chr1	TRUE	FALSE
Dnah14	chr1	TRUE	FALSE
Adgrb1	chr15	TRUE	FALSE
Olfm3	chr3	TRUE	FALSE
Zfp800	chr6	TRUE	FALSE
Jakmip3	chr7	TRUE	FALSE
Dnmt3a	chr12	TRUE	FALSE
Krt24	chr11	TRUE	FALSE
Grik5	chr7	TRUE	FALSE
Nkd1	chr8	TRUE	FALSE
Clstn2	chr9	TRUE	FALSE
Zfpm1	chr8	TRUE	FALSE
Reep1	chr6	TRUE	FALSE
Macf1	chr4	TRUE	FALSE
Rsrc1	chr3	TRUE	FALSE
Arhgef4	chr1	TRUE	FALSE
Cdc42bpa	chr1	TRUE	FALSE
Nlk	chr11	TRUE	FALSE
Tmprss11d	chr5	TRUE	FALSE
Atp8a1	chr5	TRUE	FALSE
Clmp	chr9	TRUE	FALSE
Pum1	chr4	TRUE	FALSE
Dclk1	chr3	TRUE	FALSE
Mrps27	chr13	TRUE	FALSE
Hacd2	chr16	TRUE	FALSE
Nsmf	chr2	TRUE	FALSE
Lrrtm4	chr6	TRUE	FALSE
Cacna1b	chr2	TRUE	FALSE
C530008M17Rik	chr5	TRUE	FALSE
Cask	chrX	TRUE	FALSE
Lmx1b	chr2	TRUE	FALSE
Ngly1	chr14	TRUE	FALSE
Aopep	chr13	TRUE	FALSE
Dbn1	chr13	TRUE	FALSE
Bicral	chr17	TRUE	FALSE
Dyrk1a	chr16	TRUE	FALSE
Stau2	chr1	TRUE	FALSE
Specc1	chr11	TRUE	FALSE
Tshz1	chr18	TRUE	FALSE
Plxdc1	chr11	TRUE	FALSE
Myo9a	chr9	TRUE	FALSE
Myo5a	chr9	TRUE	FALSE
Rad51b	chr12	TRUE	FALSE
Pdia5	chr16	TRUE	FALSE
Camk4	chr18	TRUE	FALSE
Tnik	chr3	TRUE	FALSE
Pde4d	chr13	TRUE	FALSE
Nrxn3	chr12	TRUE	FALSE
Apbb2	chr5	TRUE	FALSE
Cdkl5	chrX	TRUE	FALSE
Plekhd1	chr12	TRUE	FALSE
Kctd12	chr14	TRUE	FALSE
Cnnm2	chr19	TRUE	FALSE
Kalrn	chr16	TRUE	FALSE
Mgat5	chr1	TRUE	FALSE
Kif1b	chr4	TRUE	FALSE
Efcab2	chr1	TRUE	FALSE
Pax3	chr1	TRUE	FALSE
Arhgef3	chr14	TRUE	FALSE
Usp34	chr11	TRUE	FALSE
Srpk2	chr5	TRUE	FALSE
Rfx7	chr9	TRUE	FALSE
Srgap3	chr6	TRUE	FALSE
Coro7	chr16	TRUE	FALSE
Epas1	chr17	TRUE	FALSE
Zfp407	chr18	TRUE	FALSE
Lrrn2	chr1	TRUE	FALSE
Rasa3	chr8	TRUE	FALSE
Med12l	chr3	TRUE	FALSE
Inf2	chr12	TRUE	FALSE
Trim71	chr9	TRUE	FALSE
Scn8a	chr15	TRUE	FALSE
Ube2e1	chr14	TRUE	FALSE
Scn1a	chr2	TRUE	FALSE
Slc22a23	chr13	TRUE	FALSE
Tlcd4	chr3	TRUE	FALSE
Ece1	chr4	TRUE	FALSE
Srgap2	chr1	TRUE	FALSE
Cntnap4	chr8	TRUE	FALSE
Pknox2	chr9	TRUE	FALSE
Cav2	chr6	TRUE	FALSE
Zfp804a	chr2	TRUE	FALSE
Mprip	chr11	TRUE	FALSE
Kcna2	chr3	TRUE	FALSE
Frmd5	chr2	TRUE	FALSE
Lrrc8b	chr5	TRUE	FALSE
Jakmip1	chr5	TRUE	FALSE
Hibadh	chr6	TRUE	FALSE
Rps6ka2	chr17	TRUE	FALSE
Foxo6	chr4	TRUE	FALSE
Dock5	chr14	TRUE	FALSE
Nedd4l	chr18	TRUE	FALSE
1700011L22Rik	chr8	TRUE	FALSE
Pde9a	chr17	TRUE	FALSE
Galnt18	chr7	TRUE	FALSE
Rbms3	chr9	TRUE	FALSE
Sipa1l1	chr12	TRUE	FALSE
Pbx1	chr1	TRUE	FALSE
Vgll4	chr6	TRUE	FALSE
Syn3	chr10	TRUE	FALSE
Arhgap10	chr8	TRUE	FALSE
Slc45a4	chr15	TRUE	FALSE
Nectin1	chr9	TRUE	FALSE
Hpse2	chr19	TRUE	FALSE
Sec16b	chr1	TRUE	FALSE
Rims1	chr1	TRUE	FALSE
1700017N19Rik	chr10	TRUE	FALSE
Slc9a9	chr9	TRUE	FALSE
Mindy3	chr2	TRUE	FALSE
Slc10a7	chr8	TRUE	FALSE
Rp9	chr9	TRUE	FALSE
Osbpl1a	chr18	TRUE	FALSE
Atg4c	chr4	TRUE	FALSE
Tmem156	chr5	TRUE	FALSE
Ptgis	chr2	TRUE	FALSE
Sv2c	chr13	TRUE	FALSE
Sort1	chr3	TRUE	FALSE
Lrp1b	chr2	TRUE	FALSE
Rnf216	chr5	TRUE	FALSE
Limch1	chr5	TRUE	FALSE
Kif16b	chr2	TRUE	FALSE
Armc8	chr9	TRUE	FALSE
Sh3d19	chr3	TRUE	FALSE
Cbs	chr17	TRUE	FALSE
Gabra2	chr5	TRUE	FALSE
Otof	chr5	TRUE	FALSE
Rptor	chr11	TRUE	FALSE
Unc5a	chr13	TRUE	FALSE
Rin2	chr2	TRUE	FALSE
Tbca	chr13	TRUE	FALSE
Capzb	chr4	TRUE	FALSE
Lrrc4	chr6	TRUE	FALSE
Tle1	chr4	TRUE	FALSE
Rbfox2	chr15	TRUE	FALSE
Ccdc60	chr5	TRUE	FALSE
Cep112	chr11	TRUE	FALSE
Igsf3	chr3	TRUE	FALSE
Ccdc88a	chr11	TRUE	FALSE
Zhx3	chr2	TRUE	FALSE
Lrrc8d	chr5	TRUE	FALSE
Erp44	chr4	TRUE	FALSE
Nos2	chr11	TRUE	FALSE
Rsf1	chr7	TRUE	FALSE
Cwc27	chr13	TRUE	FALSE
R3hdm2	chr10	TRUE	FALSE
Cers6	chr2	TRUE	FALSE
Pacs2	chr12	TRUE	FALSE
Ppp4r4	chr12	TRUE	FALSE
Arhgef10l	chr4	TRUE	FALSE
Mpp7	chr18	TRUE	FALSE
Cdh10	chr15	TRUE	FALSE
Olfr591	chr7	TRUE	TRUE
Actr3b	chr5	TRUE	FALSE
Dock9	chr14	TRUE	FALSE
Frmd6	chr12	TRUE	FALSE
Cmss1	chr16	TRUE	FALSE
Vps41	chr13	TRUE	FALSE
Adgrl2	chr3	TRUE	FALSE
Pls1	chr9	TRUE	FALSE
Zeb2	chr2	TRUE	FALSE
B3galt5	chr16	TRUE	FALSE
Atxn10	chr15	TRUE	FALSE
Fbxl7	chr15	TRUE	FALSE
Chd6	chr2	TRUE	FALSE
Bicdl1	chr5	TRUE	FALSE
Cdcp3	chr7	TRUE	FALSE
Eya1	chr1	TRUE	FALSE
Ntn4	chr10	TRUE	FALSE
Bnc2	chr4	TRUE	FALSE
Edn2	chr4	TRUE	FALSE
Dusp22	chr13	TRUE	FALSE
Itpr3	chr17	TRUE	FALSE
Slc49a4	chr16	TRUE	FALSE
Lhfp	chr3	TRUE	FALSE
Galnt16	chr12	TRUE	FALSE
Dnajc12	chr10	TRUE	FALSE
Pan3	chr5	TRUE	FALSE
Stk24	chr14	TRUE	FALSE
Gatad2a	chr8	TRUE	FALSE
Mcc	chr18	TRUE	FALSE
Esr1	chr10	TRUE	FALSE
Sfmbt1	chr14	TRUE	FALSE
Ptprs	chr17	TRUE	FALSE
Nphp4	chr4	TRUE	FALSE
Syt7	chr19	TRUE	FALSE
Ppp3ca	chr3	TRUE	FALSE
Kcnip4	chr5	TRUE	FALSE
Ano3	chr2	TRUE	FALSE
Cd47	chr16	TRUE	FALSE
Elovl6	chr3	TRUE	FALSE
Brinp2	chr1	TRUE	FALSE
Islr2	chr9	TRUE	FALSE
Ccdc33	chr9	TRUE	FALSE
Nrg2	chr18	TRUE	FALSE
Vrk1	chr12	TRUE	FALSE
Crim1	chr17	TRUE	FALSE
Shb	chr4	TRUE	FALSE
Mrc2	chr11	TRUE	FALSE
Klhl32	chr4	TRUE	FALSE
Ralgps2	chr1	TRUE	FALSE
Dtd1	chr2	TRUE	FALSE
Rph3a	chr5	TRUE	FALSE
Marchf10	chr11	TRUE	FALSE
Fgf5	chr5	TRUE	FALSE
Dok7	chr5	TRUE	FALSE
Rell1	chr5	TRUE	FALSE
D7Ertd443e	chr7	TRUE	FALSE
Zhx2	chr15	TRUE	FALSE
Hcn4	chr9	TRUE	FALSE
Csnk1g1	chr9	TRUE	FALSE
Spata13	chr14	TRUE	FALSE
Slit2	chr5	TRUE	FALSE
Ulk4	chr9	TRUE	FALSE
Ank2	chr3	TRUE	FALSE
Jakmip2	chr18	TRUE	FALSE
Acaca	chr11	TRUE	FALSE
Hs3st5	chr10	TRUE	FALSE
R3hdm1	chr1	TRUE	FALSE
Clasp1	chr1	TRUE	FALSE
Nckap5	chr1	TRUE	FALSE
Rai1	chr11	TRUE	FALSE
Pcsk2	chr2	TRUE	FALSE
Aldh1l1	chr6	TRUE	FALSE
9130401M01Rik	chr15	TRUE	FALSE
Cnot2	chr10	TRUE	FALSE
4930447A16Rik	chr15	TRUE	FALSE
Mast2	chr4	TRUE	FALSE
Pds5a	chr5	TRUE	FALSE
Nars2	chr7	TRUE	FALSE
Smpd3	chr8	TRUE	FALSE
Dnah8	chr17	TRUE	FALSE
Ndufs4	chr13	TRUE	FALSE
Kdm4c	chr4	TRUE	FALSE
Pitpnm2	chr5	TRUE	FALSE
Dlg2	chr7	TRUE	FALSE
Filip1l	chr16	TRUE	FALSE
Eva1c	chr16	TRUE	FALSE
Casz1	chr4	TRUE	FALSE
Cbl	chr9	TRUE	FALSE
Ano6	chr15	TRUE	FALSE
Spire1	chr18	TRUE	FALSE
Ankef1	chr2	TRUE	FALSE
Pak7	chr2	TRUE	FALSE
Fam81b	chr13	TRUE	FALSE
Vwc2l	chr1	TRUE	FALSE
Tbc1d14	chr5	TRUE	FALSE
Ubac2	chr14	TRUE	FALSE
Sardh	chr2	TRUE	FALSE
Chn1	chr2	TRUE	FALSE
Ppp2r5e	chr12	TRUE	FALSE
Cst8	chr2	TRUE	FALSE
Kansl1	chr11	TRUE	FALSE
Hlcs	chr16	TRUE	FALSE
Caln1	chr5	TRUE	FALSE
Arhgap12	chr18	TRUE	FALSE
Zfp280d	chr9	TRUE	FALSE
Stk32c	chr7	TRUE	FALSE
Elavl2	chr4	TRUE	FALSE
Pde3b	chr7	TRUE	FALSE
1110051M20Rik	chr2	TRUE	FALSE
Chrdl2	chr7	TRUE	FALSE
Phactr1	chr13	TRUE	FALSE
Gng12	chr6	TRUE	FALSE
Egfr	chr11	TRUE	FALSE
8030462N17Rik	chr18	TRUE	FALSE
Fyn	chr10	TRUE	FALSE
Clasp2	chr9	TRUE	FALSE
Rfx3	chr19	TRUE	FALSE
Nrg4	chr9	TRUE	FALSE
Rbfox3	chr11	TRUE	FALSE
Lgr4	chr2	TRUE	FALSE
Cdh2	chr18	TRUE	FALSE
Upf2	chr2	TRUE	FALSE
Slc1a1	chr19	TRUE	FALSE
Dhx32	chr7	TRUE	FALSE
Fbxl17	chr17	TRUE	FALSE
Tunar	chr12	TRUE	FALSE
Slc44a1	chr4	TRUE	FALSE
Epha4	chr1	TRUE	FALSE
Dscam	chr16	TRUE	FALSE
Tmem108	chr9	TRUE	FALSE
Pola1	chrX	TRUE	FALSE
Invs	chr4	TRUE	FALSE
Ttc3	chr16	TRUE	FALSE
Mta3	chr17	TRUE	FALSE
Megf10	chr18	TRUE	FALSE
Lpgat1	chr1	TRUE	FALSE
Septin9	chr11	TRUE	FALSE
Ablim1	chr19	TRUE	FALSE
Luzp1	chr4	TRUE	FALSE
Tlk2	chr11	TRUE	FALSE
Edar	chr10	TRUE	FALSE
Wnt4	chr4	TRUE	FALSE
Lrrc20	chr10	TRUE	FALSE
Lurap1l	chr4	TRUE	FALSE
Gm17545	chr9	TRUE	FALSE
Clpb	chr7	TRUE	FALSE
St6gal1	chr16	TRUE	FALSE
Ebag9	chr15	TRUE	FALSE
CK137956	chr4	TRUE	FALSE
2610001J05Rik	chr6	TRUE	FALSE
Stxbp4	chr11	TRUE	FALSE
Hdac8	chrX	TRUE	FALSE
Rasal2	chr1	TRUE	FALSE
Oprl1	chr2	TRUE	FALSE
Myo18a	chr11	TRUE	FALSE
Fgd5	chr6	TRUE	FALSE
P4ha2	chr11	TRUE	FALSE
Lrrfip1	chr1	TRUE	FALSE
Coro2b	chr9	TRUE	FALSE
Itga6	chr2	TRUE	FALSE
Ccdc13	chr9	TRUE	FALSE
Map4	chr9	TRUE	FALSE
Adcy7	chr8	TRUE	FALSE
Lrch1	chr14	TRUE	FALSE
Podn	chr4	TRUE	FALSE
Adamts12	chr15	TRUE	FALSE
Rgs9	chr11	TRUE	FALSE
Plcl1	chr1	TRUE	FALSE
Gpr68	chr12	TRUE	FALSE
Mtfr1	chr3	TRUE	FALSE
Daam1	chr12	TRUE	FALSE
Arhgef17	chr7	TRUE	FALSE
Shank1	chr7	TRUE	FALSE
Fam155a	chr8	TRUE	FALSE
Calcoco1	chr15	TRUE	FALSE
Otud7a	chr7	TRUE	FALSE
Sirpa	chr2	TRUE	FALSE
Upp1	chr11	TRUE	FALSE
Itgb1bp1	chr12	TRUE	FALSE
Ttll5	chr12	TRUE	FALSE
Egfem1	chr3	TRUE	FALSE
Kcnj3	chr2	TRUE	FALSE
Nwd2	chr5	TRUE	FALSE
Ube2o	chr11	TRUE	FALSE
Myo1e	chr9	TRUE	FALSE
Ttc25	chr11	TRUE	FALSE
Rps6kc1	chr1	TRUE	FALSE
Klf7	chr1	TRUE	FALSE
Dennd4a	chr9	TRUE	FALSE
Zfp532	chr18	TRUE	FALSE
Slc9a2	chr1	TRUE	FALSE
Poln	chr5	TRUE	FALSE
Ppargc1b	chr18	TRUE	FALSE
Add2	chr6	TRUE	FALSE
Dusp16	chr6	TRUE	FALSE
Vash2	chr1	TRUE	FALSE
Deptor	chr15	TRUE	FALSE
Slc22a14	chr9	TRUE	FALSE
Dnajb6	chr5	TRUE	FALSE
Tbc1d2	chr4	TRUE	FALSE
Ssbp2	chr13	TRUE	FALSE
Rnf130	chr11	TRUE	FALSE
Kcnab2	chr4	TRUE	FALSE
Antxr2	chr5	TRUE	FALSE
Scai	chr2	TRUE	FALSE
Susd4	chr1	TRUE	FALSE
Tmem144	chr3	TRUE	FALSE
Aak1	chr6	TRUE	FALSE
Il17rd	chr14	TRUE	FALSE
Arid1b	chr17	TRUE	FALSE
Sema4d	chr13	TRUE	FALSE
Lrrc1	chr9	TRUE	FALSE
Meis1	chr11	TRUE	FALSE
Setbp1	chr18	TRUE	FALSE
Fmnl2	chr2	TRUE	FALSE
Rnf220	chr4	TRUE	FALSE
Phlpp1	chr1	TRUE	FALSE
Robo1	chr16	TRUE	FALSE
Mnat1	chr12	TRUE	FALSE
Camk2b	chr11	TRUE	FALSE
Kirrel3	chr9	TRUE	FALSE
Ate1	chr7	TRUE	FALSE
Spsb1	chr4	TRUE	FALSE
Qsox1	chr1	TRUE	FALSE
Ptprf	chr4	TRUE	FALSE
Zfp609	chr9	TRUE	FALSE
Fut8	chr12	TRUE	FALSE
Chd7	chr4	TRUE	FALSE
Metap1d	chr2	TRUE	FALSE
Fez2	chr17	TRUE	FALSE
Myrfl	chr10	TRUE	FALSE
Gtf2ird1	chr5	TRUE	FALSE
Smg6	chr11	TRUE	FALSE
Cradd	chr10	TRUE	FALSE
Pik3c2b	chr1	TRUE	FALSE
Pik3ca	chr3	TRUE	FALSE
Arhgef18	chr8	TRUE	FALSE
Bhmt	chr13	TRUE	FALSE
Ptpn4	chr1	TRUE	FALSE
Amph	chr13	TRUE	FALSE
Tcerg1l	chr7	TRUE	FALSE
Map7	chr10	TRUE	FALSE
Pkia	chr3	TRUE	FALSE
Kidins220	chr12	TRUE	FALSE
Stxbp5	chr10	TRUE	FALSE
Zfp148	chr16	TRUE	FALSE
Smarcd3	chr5	TRUE	FALSE
Cyth4	chr15	TRUE	FALSE
Sh3gl2	chr4	TRUE	FALSE
Yipf7	chr5	TRUE	FALSE
Scarb2	chr5	TRUE	FALSE
Ubr4	chr4	TRUE	FALSE
Vasn	chr16	TRUE	FALSE
Sorcs2	chr5	TRUE	FALSE
Tmcc3	chr10	TRUE	FALSE
Lonrf2	chr1	TRUE	FALSE
Ccnk	chr12	TRUE	FALSE
Cnksr2	chrX	TRUE	FALSE
Gabrg1	chr5	TRUE	FALSE
Skida1	chr2	TRUE	FALSE
Pawr	chr10	TRUE	FALSE
Osbpl9	chr4	TRUE	FALSE
Spata5	chr3	TRUE	FALSE
Atp11a	chr8	TRUE	FALSE
Crppa	chr12	TRUE	FALSE
Zfhx4	chr3	TRUE	FALSE
Bicd1	chr6	TRUE	FALSE
Ccdc138	chr10	TRUE	FALSE
Fam120a	chr13	TRUE	FALSE
Scg2	chr1	TRUE	FALSE
Scube1	chr15	TRUE	FALSE
Fam222a	chr5	TRUE	FALSE
Afg1l	chr10	TRUE	FALSE
Iqcj	chr3	TRUE	FALSE
Rerg	chr6	TRUE	FALSE
Phtf1	chr3	TRUE	FALSE
Ttll7	chr3	TRUE	FALSE
Gm49337	chr4	TRUE	FALSE
Adamts17	chr7	TRUE	FALSE
Nt5c2	chr19	TRUE	FALSE
Upp2	chr2	TRUE	FALSE
Disp3	chr4	TRUE	FALSE
Cfap74	chr4	TRUE	FALSE
Chil5	chr3	TRUE	FALSE
Jhy	chr9	TRUE	FALSE
Zic3	chrX	TRUE	FALSE
Syne2	chr12	TRUE	FALSE
Chn2	chr6	TRUE	FALSE
Thsd7b	chr1	TRUE	FALSE
Dhtkd1	chr2	TRUE	FALSE
Kcnb1	chr2	TRUE	FALSE
Ptk2b	chr14	TRUE	FALSE
Gpm6a	chr8	TRUE	FALSE
Pde3a	chr6	TRUE	FALSE
Helz	chr11	TRUE	FALSE
Cdc42se2	chr11	TRUE	FALSE
Gnao1	chr8	TRUE	FALSE
Fam172a	chr13	TRUE	FALSE
Homer2	chr7	TRUE	FALSE
Adam23	chr1	TRUE	FALSE
Rab3b	chr4	TRUE	FALSE
Kif26b	chr1	TRUE	FALSE
Sptbn1	chr11	TRUE	FALSE
Insc	chr7	TRUE	FALSE
Pcnx	chr12	TRUE	FALSE
Hecw1	chr13	TRUE	FALSE
Smarca4	chr9	TRUE	FALSE
Blm	chr7	TRUE	FALSE
Ophn1	chrX	TRUE	FALSE
Nav2	chr7	TRUE	FALSE
Rgs12	chr5	TRUE	FALSE
Pclo	chr5	TRUE	FALSE
Nr4a2	chr2	TRUE	FALSE
Cdh12	chr15	TRUE	FALSE
Sap30	chr8	TRUE	FALSE
Prl	chr13	TRUE	TRUE
Gsk3b	chr16	TRUE	FALSE
Gnptab	chr10	TRUE	FALSE
Macroh2a1	chr13	TRUE	FALSE
Rnf43	chr11	TRUE	FALSE
Ralgapa1	chr12	TRUE	FALSE
Camk2a	chr18	TRUE	FALSE
Dcp1b	chr6	TRUE	FALSE
Macrod2	chr2	TRUE	FALSE
C1qtnf1	chr11	TRUE	FALSE
Ola1	chr2	TRUE	FALSE
Slc4a10	chr2	TRUE	FALSE
Bfsp2	chr9	TRUE	FALSE
Dnm2	chr9	TRUE	FALSE
Rybp	chr6	TRUE	FALSE
Cdh13	chr8	TRUE	FALSE
Ptpru	chr4	TRUE	FALSE
Rnf111	chr9	TRUE	FALSE
Usp29	chr7	TRUE	FALSE
Grip2	chr6	TRUE	FALSE
Ccser1	chr6	TRUE	FALSE
Igf2bp3	chr6	TRUE	FALSE
Antxr1	chr6	TRUE	FALSE
Cadm1	chr9	TRUE	FALSE
Ilrun	chr17	TRUE	FALSE
Gm29427	chr1	TRUE	FALSE
Akap12	chr10	TRUE	FALSE
Arpp21	chr9	TRUE	FALSE
Dcstamp	chr15	TRUE	FALSE
Pcbd2	chr13	TRUE	FALSE
Slc1a3	chr15	TRUE	FALSE
Nme7	chr1	TRUE	FALSE
Ncoa6	chr2	TRUE	FALSE
Ddx10	chr9	TRUE	FALSE
Evi5	chr5	TRUE	FALSE
Fntb	chr12	TRUE	FALSE
Phldb1	chr9	TRUE	FALSE
Ovol2	chr2	TRUE	FALSE
AW554918	chr18	TRUE	FALSE
Esyt2	chr12	TRUE	FALSE
Nxpe4	chr9	TRUE	FALSE
Enkur	chr2	TRUE	FALSE
Loxhd1	chr18	TRUE	FALSE
Itga5	chr15	TRUE	FALSE
Tet2	chr3	TRUE	FALSE
Tnrc6a	chr7	TRUE	FALSE
Kcnh1	chr1	TRUE	FALSE
Gzmn	chr14	TRUE	FALSE
Mmd2	chr5	TRUE	FALSE
Atp9a	chr2	TRUE	FALSE
Insr	chr8	TRUE	FALSE
Lcorl	chr5	TRUE	FALSE
Cd200r3	chr16	TRUE	FALSE
Ttc23	chr7	TRUE	FALSE
Pcnx2	chr8	TRUE	FALSE
Icos	chr1	TRUE	FALSE
Carmil1	chr13	TRUE	FALSE
Lmntd1	chr6	TRUE	FALSE
Lpin1	chr12	TRUE	FALSE
Mdm4	chr1	TRUE	FALSE
Slc7a14	chr3	TRUE	FALSE
Gm20671	chr5	TRUE	FALSE
Dtnb	chr12	TRUE	FALSE
Nin	chr12	TRUE	FALSE
Pax8	chr2	TRUE	FALSE
Rgs17	chr10	TRUE	FALSE
Usp18	chr6	TRUE	FALSE
Camkmt	chr17	TRUE	FALSE
Ccdc88c	chr12	TRUE	FALSE
Prkg1	chr19	TRUE	FALSE
Lhx3	chr2	TRUE	FALSE
Spats2	chr15	TRUE	FALSE
Nphp1	chr2	TRUE	FALSE
Actn1	chr12	TRUE	FALSE
Myh13	chr11	TRUE	FALSE
Wdfy3	chr5	TRUE	FALSE
Tsc22d1	chr14	TRUE	FALSE
App	chr16	TRUE	FALSE
Il20rb	chr9	TRUE	FALSE
Fry	chr5	TRUE	FALSE
Wwc2	chr8	TRUE	FALSE
Bmp6	chr13	TRUE	FALSE
Fam169a	chr13	TRUE	FALSE
Src	chr2	TRUE	FALSE
Map3k4	chr17	TRUE	FALSE
Nup188	chr2	TRUE	FALSE
Glg1	chr8	TRUE	FALSE
Large1	chr8	TRUE	FALSE
Plbd2	chr5	TRUE	FALSE
Bmpr1b	chr3	TRUE	FALSE
Tango6	chr8	TRUE	FALSE
Sptbn4	chr7	TRUE	FALSE
Fbxo10	chr4	TRUE	FALSE
Glp1r	chr17	TRUE	FALSE
Pde8a	chr7	TRUE	FALSE
Col4a3bp	chr13	TRUE	FALSE
Pou2f1	chr1	TRUE	FALSE
Ppm1e	chr11	TRUE	FALSE
Gab2	chr7	TRUE	FALSE
Shroom3	chr5	TRUE	FALSE
Sdc3	chr4	TRUE	FALSE
Cacna1a	chr8	TRUE	FALSE
Sel1l3	chr5	TRUE	FALSE
Alpl	chr4	TRUE	FALSE
Schip1	chr3	TRUE	FALSE
Bnip5	chr17	TRUE	FALSE
Adgrb2	chr4	TRUE	FALSE
Ppp2r5c	chr12	TRUE	FALSE
Eif2ak4	chr2	TRUE	FALSE
Bnc1	chr7	TRUE	FALSE
Kif3b	chr2	TRUE	FALSE
Arhgap44	chr11	TRUE	FALSE
Rb1	chr14	TRUE	FALSE
Kyat3	chr3	TRUE	FALSE
Eda	chrX	TRUE	FALSE
Gm43064	chr3	TRUE	FALSE
Kcnk13	chr12	TRUE	FALSE
Tbc1d19	chr5	TRUE	FALSE
Baiap2	chr11	TRUE	FALSE
Kdm4b	chr17	TRUE	FALSE
Ube2w	chr1	TRUE	FALSE
Mcph1	chr8	TRUE	FALSE
Dtx1	chr5	TRUE	FALSE
Stk4	chr2	TRUE	FALSE
Scp2	chr4	TRUE	FALSE
Lrch3	chr16	TRUE	FALSE
Cox10	chr11	TRUE	FALSE
Rap1a	chr3	TRUE	FALSE
Iqgap1	chr7	TRUE	FALSE
Oxsr1	chr9	TRUE	FALSE
Ppa2	chr3	TRUE	FALSE
Atxn2	chr5	TRUE	FALSE
Gsap	chr5	TRUE	FALSE
Paqr5	chr9	TRUE	FALSE
Cachd1	chr4	TRUE	FALSE
Ppp1r13b	chr12	TRUE	FALSE
Fam49b	chr15	TRUE	FALSE
F13a1	chr13	TRUE	FALSE
Plxna2	chr1	TRUE	FALSE
Jak1	chr4	TRUE	FALSE
Prmt3	chr7	TRUE	FALSE
Slc39a10	chr1	TRUE	FALSE
Mrps9	chr1	TRUE	FALSE
Nrxn2	chr19	TRUE	FALSE
Clmn	chr12	TRUE	FALSE
Ankrd44	chr1	TRUE	FALSE
Trdn	chr10	TRUE	TRUE
Auh	chr13	TRUE	FALSE
Mical2	chr7	TRUE	FALSE
Wnk2	chr13	TRUE	FALSE
Gsn	chr2	TRUE	FALSE
Iffo2	chr4	TRUE	FALSE
Dcaf6	chr1	TRUE	FALSE
Srbd1	chr17	TRUE	FALSE
Ikzf2	chr1	TRUE	FALSE
Klf12	chr14	TRUE	FALSE
Brip1	chr11	TRUE	TRUE
Ccdc146	chr5	TRUE	FALSE
Vdr	chr15	TRUE	FALSE
Btbd7	chr12	TRUE	FALSE
Rsph14	chr10	TRUE	FALSE
Sptlc2	chr12	TRUE	FALSE
Mdga2	chr12	TRUE	FALSE
Adarb1	chr10	TRUE	FALSE
Fbxw4	chr19	TRUE	FALSE
Klf3	chr5	TRUE	FALSE
Trub1	chr19	TRUE	FALSE
Dgkg	chr16	TRUE	FALSE
Lin7a	chr10	TRUE	FALSE
Ism1	chr2	TRUE	FALSE
Zfyve9	chr4	TRUE	FALSE
Glra2	chrX	TRUE	FALSE
Aftph	chr11	TRUE	FALSE
Tet3	chr6	TRUE	FALSE
Kiz	chr2	TRUE	FALSE
Pias1	chr9	TRUE	FALSE
Gm20518	chr16	TRUE	FALSE
Paqr8	chr1	TRUE	FALSE
Ccdc34	chr2	TRUE	FALSE
Gm28047	chr15	TRUE	FALSE
Eri3	chr4	TRUE	FALSE
Brd4	chr17	TRUE	FALSE
Tmem61	chr4	TRUE	FALSE
Adgrv1	chr13	TRUE	FALSE
Skint6	chr4	TRUE	TRUE
Myo1b	chr1	TRUE	FALSE
Scarb1	chr5	TRUE	FALSE
Dcbld1	chr10	TRUE	FALSE
Sh3tc2	chr18	TRUE	FALSE
Mctp2	chr7	TRUE	FALSE
Lmtk2	chr5	TRUE	FALSE
Irx5	chr8	TRUE	FALSE
Nbas	chr12	TRUE	FALSE
Exoc2	chr13	TRUE	FALSE
a	chr2	TRUE	FALSE
Msh3	chr13	TRUE	FALSE
Fam129b	chr2	TRUE	FALSE
Cers4	chr8	TRUE	FALSE
Papola	chr12	TRUE	FALSE
Smurf1	chr5	TRUE	FALSE
Phf14	chr6	TRUE	FALSE
Lgr6	chr1	TRUE	FALSE
Ap2b1	chr11	TRUE	FALSE
Cfap77	chr2	TRUE	FALSE
Tbcd	chr11	TRUE	FALSE
Scmh1	chr4	TRUE	FALSE
Umodl1	chr17	TRUE	FALSE
4930523C07Rik	chr1	TRUE	FALSE
Ly6g6d	chr17	TRUE	FALSE
Ccn4	chr15	TRUE	FALSE
Apba1	chr19	TRUE	FALSE
Mapt	chr11	TRUE	FALSE
Pepd	chr7	TRUE	FALSE
Prep	chr10	TRUE	FALSE
Il4ra	chr7	TRUE	FALSE
Marf1	chr16	TRUE	FALSE
Sema4b	chr7	TRUE	FALSE
Cfap221	chr1	TRUE	FALSE
Man1c1	chr4	TRUE	FALSE
Aox1	chr1	TRUE	FALSE
Arvcf	chr16	TRUE	FALSE
Vps8	chr16	TRUE	FALSE
Pde1a	chr2	TRUE	FALSE
Phyhipl	chr10	TRUE	FALSE
Angel1	chr12	TRUE	FALSE
Chdh	chr14	TRUE	FALSE
Hectd4	chr5	TRUE	FALSE
Esrrb	chr12	TRUE	FALSE
Myzap	chr9	TRUE	FALSE
Pkn2	chr3	TRUE	FALSE
Fer1l5	chr1	TRUE	TRUE
Prr5	chr15	TRUE	FALSE
Vit	chr17	TRUE	FALSE
Fam78b	chr1	TRUE	FALSE
Ap1g1	chr8	TRUE	FALSE
Atp2b4	chr1	TRUE	FALSE
Acvr2a	chr2	TRUE	FALSE
Wdr70	chr15	TRUE	FALSE
Slc2a13	chr15	TRUE	FALSE
Ergic1	chr17	TRUE	FALSE
Tnfrsf19	chr14	TRUE	FALSE
Gm11639	chr11	TRUE	TRUE
Emsy	chr7	TRUE	FALSE
Xpr1	chr1	TRUE	FALSE
Hhat	chr1	TRUE	FALSE
Unc5c	chr3	TRUE	FALSE
Lmbr1	chr5	TRUE	FALSE
Ppcdc	chr9	TRUE	FALSE
3110009E18Rik	chr1	TRUE	FALSE
Scn3a	chr2	TRUE	FALSE
Morc2b	chr17	TRUE	TRUE
Galnt3	chr2	TRUE	FALSE
Me1	chr9	TRUE	FALSE
Smarca2	chr19	TRUE	FALSE
Iqsec3	chr6	TRUE	FALSE
Bcat1	chr6	TRUE	FALSE
Arl4a	chr12	TRUE	FALSE
Lcor	chr19	TRUE	FALSE
Srrm4	chr5	TRUE	FALSE
Nhs	chrX	TRUE	FALSE
Arfgef2	chr2	TRUE	FALSE
7530416G11Rik	chr15	TRUE	FALSE
Dop1b	chr16	TRUE	FALSE
Slitrk2	chrX	TRUE	FALSE
Grm1	chr10	TRUE	FALSE
Emid1	chr11	TRUE	FALSE
Zfp943	chr17	TRUE	FALSE
Lrrfip2	chr9	TRUE	FALSE
Nup98	chr7	TRUE	FALSE
Dach1	chr14	TRUE	FALSE
Epb41l3	chr17	TRUE	FALSE
Nckap1	chr2	TRUE	FALSE
Atf7	chr15	TRUE	FALSE
Pcdh15	chr10	TRUE	FALSE
Sgsm3	chr15	TRUE	FALSE
Atp9b	chr18	TRUE	FALSE
Dnmbp	chr19	TRUE	FALSE
Sox6	chr7	TRUE	FALSE
Spopl	chr2	TRUE	FALSE
Frmd8	chr19	TRUE	FALSE
Gm42416	chr18	TRUE	FALSE
Ppfibp2	chr7	TRUE	FALSE
Psmd14	chr2	TRUE	FALSE
Atp7a	chrX	TRUE	FALSE
Stim2	chr5	TRUE	FALSE
Txndc16	chr14	TRUE	FALSE
Rnf213	chr11	TRUE	FALSE
Dpt	chr1	TRUE	FALSE
Retreg1	chr15	TRUE	FALSE
Cstf3	chr2	TRUE	FALSE
Pik3cb	chr9	TRUE	FALSE
Rgs20	chr1	TRUE	FALSE
Bckdhb	chr9	TRUE	FALSE
Eipr1	chr12	TRUE	FALSE
Nhej1	chr1	TRUE	FALSE
Eprs	chr1	TRUE	FALSE
Gan	chr8	TRUE	FALSE
Tmco4	chr4	TRUE	FALSE
Nsd3	chr8	TRUE	FALSE
Ralyl	chr3	TRUE	FALSE
Rps6kb1	chr11	TRUE	FALSE
Axdnd1	chr1	TRUE	FALSE
Pde7b	chr10	TRUE	FALSE
Slc23a2	chr2	TRUE	FALSE
Fcho2	chr13	TRUE	FALSE
Vangl1	chr3	TRUE	FALSE
Pld1	chr3	TRUE	FALSE
Cobll1	chr2	TRUE	FALSE
Tmem163	chr1	TRUE	FALSE
Cpeb1	chr7	TRUE	FALSE
Txnl4b	chr8	TRUE	FALSE
Ret	chr6	TRUE	FALSE
Nrf1	chr6	TRUE	FALSE
Mettl21e	chr1	TRUE	FALSE
Mipol1	chr12	TRUE	FALSE
Lmo1	chr7	TRUE	FALSE
Elf2	chr3	TRUE	FALSE
Cacnb2	chr2	TRUE	FALSE
Ttc29	chr8	TRUE	FALSE
Aktip	chr8	TRUE	FALSE
Fgf12	chr16	TRUE	FALSE
Pomt2	chr12	TRUE	FALSE
Sik2	chr9	TRUE	FALSE
Exph5	chr9	TRUE	FALSE
Egflam	chr15	TRUE	FALSE
Trim36	chr18	TRUE	FALSE
Agrp	chr8	TRUE	FALSE
Cenpj	chr14	TRUE	FALSE
Ikbkb	chr8	TRUE	FALSE
Btbd8	chr5	TRUE	FALSE
Rngtt	chr4	TRUE	FALSE
Scin	chr12	TRUE	FALSE
Bmerb1	chr16	TRUE	FALSE
Sorl1	chr9	TRUE	FALSE
Ninj2	chr6	TRUE	FALSE
Tenm3	chr8	TRUE	FALSE
Usp7	chr16	TRUE	FALSE
Fbxw11	chr11	TRUE	FALSE
Diaph3	chr14	TRUE	FALSE
Colgalt2	chr1	TRUE	FALSE
Ccar2	chr14	TRUE	FALSE
Gm37013	chr18	TRUE	FALSE
Kdm6a	chrX	TRUE	FALSE
Fars2	chr13	TRUE	FALSE
Sntg1	chr1	TRUE	FALSE
Taf3	chr2	TRUE	FALSE
Abcc8	chr7	TRUE	FALSE
Grid2ip	chr5	TRUE	FALSE
Itsn2	chr12	TRUE	FALSE
Pms1	chr1	TRUE	FALSE
Tenm4	chr7	TRUE	FALSE
Bicra	chr7	TRUE	FALSE
Myh10	chr11	TRUE	FALSE
Setd2	chr9	TRUE	FALSE
Kcnma1	chr14	TRUE	FALSE
Atad2b	chr12	TRUE	FALSE
Fam222b	chr11	TRUE	FALSE
E130308A19Rik	chr4	TRUE	FALSE
Lnpk	chr2	TRUE	FALSE
Gm37388	chr18	TRUE	FALSE
Olfml2b	chr1	TRUE	FALSE
Rgma	chr7	TRUE	FALSE
Vstm2l	chr2	TRUE	FALSE
Adck1	chr12	TRUE	FALSE
Serpina1b	chr12	TRUE	TRUE
Vps13a	chr19	TRUE	FALSE
Th	chr7	TRUE	FALSE
Arid2	chr15	TRUE	FALSE
Mlip	chr9	TRUE	FALSE
Rhbdl3	chr11	TRUE	FALSE
Stxbp5l	chr16	TRUE	FALSE
Abca13	chr11	TRUE	FALSE
Nbeal1	chr1	TRUE	FALSE
Cdc26	chr4	TRUE	FALSE
Tab3	chrX	TRUE	FALSE
Arhgef37	chr18	TRUE	FALSE
Exoc3l	chr8	TRUE	FALSE
Btaf1	chr19	TRUE	FALSE
Senp7	chr16	TRUE	FALSE
Tmtc1	chr6	TRUE	FALSE
Ano5	chr7	TRUE	FALSE
Raph1	chr1	TRUE	FALSE
Pla2g5	chr4	TRUE	FALSE
Sema3f	chr9	TRUE	FALSE
Slco2a1	chr9	TRUE	FALSE
Trim9	chr12	TRUE	FALSE
Medag	chr5	TRUE	FALSE
Dock10	chr1	TRUE	FALSE
Kank1	chr19	TRUE	FALSE
Map6	chr7	TRUE	FALSE
Myo16	chr8	TRUE	FALSE
Zfp385c	chr11	TRUE	FALSE
Elovl7	chr13	TRUE	FALSE
Ern1	chr11	TRUE	FALSE
Map2k4	chr11	TRUE	FALSE
Kcnh8	chr17	TRUE	FALSE
Notch1	chr2	TRUE	FALSE
Mbtps2	chrX	TRUE	FALSE
Greb1l	chr18	TRUE	FALSE
Fbxw7	chr3	TRUE	FALSE
Thbs2	chr17	TRUE	FALSE
Pbdc1	chrX	TRUE	FALSE
Clgn	chr8	TRUE	FALSE
Pank1	chr19	TRUE	FALSE
Arfgap1	chr2	TRUE	FALSE
Cftr	chr6	TRUE	FALSE
Mlph	chr1	TRUE	FALSE
Trp53bp1	chr2	TRUE	FALSE
Prdm11	chr2	TRUE	FALSE
Spin1	chr13	TRUE	FALSE
Smurf2	chr11	TRUE	FALSE
Setd3	chr12	TRUE	FALSE
2900026A02Rik	chr5	TRUE	FALSE
Atf3	chr1	TRUE	FALSE
Arid4b	chr13	TRUE	FALSE
Srgap1	chr10	TRUE	FALSE
Ripor1	chr8	TRUE	FALSE
Sms	chrX	TRUE	FALSE
Clic6	chr16	TRUE	FALSE
Fnip2	chr3	TRUE	FALSE
Oas2	chr5	TRUE	FALSE
Map2k6	chr11	TRUE	FALSE
Cep83	chr10	TRUE	FALSE
Ptprc	chr1	TRUE	TRUE
Unc93a2	chr17	TRUE	FALSE
Nfam1	chr15	TRUE	FALSE
Tlk1	chr2	TRUE	FALSE
Hmga2	chr10	TRUE	FALSE
Il1r1	chr1	TRUE	FALSE
Bmp2k	chr5	TRUE	FALSE
BC004004	chr17	TRUE	FALSE
Ccdc167	chr17	TRUE	FALSE
Pyroxd2	chr19	TRUE	FALSE
Wnk1	chr6	TRUE	FALSE
Dock7	chr4	TRUE	FALSE
Dock4	chr12	TRUE	FALSE
Wipf2	chr11	TRUE	FALSE
Ostf1	chr19	TRUE	FALSE
6430548M08Rik	chr8	TRUE	FALSE
Trim24	chr6	TRUE	FALSE
Wbp1l	chr19	TRUE	FALSE
Lix1l	chr3	TRUE	FALSE
Ino80d	chr1	TRUE	FALSE
Arl15	chr13	TRUE	FALSE
Clip4	chr17	TRUE	FALSE
Slc29a3	chr10	TRUE	FALSE
Cenpp	chr13	TRUE	FALSE
Epb41l2	chr10	TRUE	FALSE
Kifc3	chr8	TRUE	FALSE
Spag6	chr2	TRUE	FALSE
Abca16	chr7	TRUE	TRUE
Stox2	chr8	TRUE	FALSE
Kntc1	chr5	TRUE	TRUE
Fbxw8	chr5	TRUE	FALSE
Slmap	chr14	TRUE	FALSE
Nedd9	chr13	TRUE	FALSE
Rbm19	chr5	TRUE	FALSE
Rpn2	chr2	TRUE	FALSE
Lifr	chr15	TRUE	FALSE
Csnka2ip	chr16	TRUE	TRUE
Tll2	chr19	TRUE	FALSE
Afdn	chr17	TRUE	FALSE
Fam126a	chr5	TRUE	FALSE
Hhip	chr8	TRUE	FALSE
Lclat1	chr17	TRUE	FALSE
Lrp12	chr15	TRUE	FALSE
Tcam1	chr11	TRUE	FALSE
Dnah7a	chr1	TRUE	FALSE
Lrfn5	chr12	TRUE	FALSE
Brf1	chr12	TRUE	FALSE
Lrrc55	chr2	TRUE	FALSE
Tmem245	chr4	TRUE	FALSE
Rnf115	chr3	TRUE	FALSE
Srsf4	chr4	TRUE	FALSE
Usp32	chr11	TRUE	FALSE
Oxsm	chr14	TRUE	FALSE
Nudt14	chr12	TRUE	FALSE
Lmo3	chr6	TRUE	FALSE
Ehbp1	chr11	TRUE	FALSE
Ankfy1	chr11	TRUE	FALSE
Atp2b1	chr10	TRUE	FALSE
Slc5a11	chr7	TRUE	FALSE
Sphkap	chr1	TRUE	FALSE
Zswim5	chr4	TRUE	FALSE
Dpysl3	chr18	TRUE	FALSE
Adam28	chr14	TRUE	TRUE
D5Ertd579e	chr5	TRUE	FALSE
Pitpnm3	chr11	TRUE	FALSE
Fut10	chr8	TRUE	FALSE
Pakap	chr4	TRUE	FALSE
Dicer1	chr12	TRUE	FALSE
Tesk2	chr4	TRUE	FALSE
Cds1	chr5	TRUE	FALSE
Specc1l	chr10	TRUE	FALSE
Atxn7	chr14	TRUE	FALSE
Gja5	chr3	TRUE	FALSE
Tmem236	chr2	TRUE	FALSE
Pcx	chr19	TRUE	FALSE
Ehd4	chr2	TRUE	FALSE
Tnfsf11	chr14	TRUE	FALSE
Plekhg1	chr10	TRUE	FALSE
Nomo1	chr7	TRUE	FALSE
Spag9	chr11	TRUE	FALSE
Irf2	chr8	TRUE	FALSE
Phf21b	chr15	TRUE	FALSE
Nalcn	chr14	TRUE	FALSE
Stra6	chr9	TRUE	FALSE
Tbc1d12	chr19	TRUE	FALSE
Grap	chr11	TRUE	FALSE
Foxj3	chr4	TRUE	FALSE
Ptpn1	chr2	TRUE	FALSE
Abi1	chr2	TRUE	FALSE
Osbp2	chr11	TRUE	FALSE
Chst3	chr10	TRUE	FALSE
Coq3	chr4	TRUE	FALSE
Uri1	chr7	TRUE	FALSE
Hydin	chr8	TRUE	FALSE
Crebbp	chr16	TRUE	FALSE
Cd6	chr19	TRUE	FALSE
Cldn14	chr16	TRUE	FALSE
Slc66a2	chr18	TRUE	FALSE
Fhl1	chrX	TRUE	FALSE
Pdgfra	chr5	TRUE	FALSE
Arhgef11	chr3	TRUE	FALSE
Gigyf2	chr1	TRUE	FALSE
L3mbtl3	chr10	TRUE	FALSE
Farp2	chr1	TRUE	FALSE
Cit	chr5	TRUE	FALSE
Acvr1b	chr15	TRUE	FALSE
Klhdc10	chr6	TRUE	FALSE
Xpo6	chr7	TRUE	FALSE
Gcn1	chr5	TRUE	FALSE
Pcyt1b	chrX	TRUE	FALSE
Vps54	chr11	TRUE	FALSE
Arhgef26	chr3	TRUE	FALSE
Zfp236	chr18	TRUE	FALSE
Arhgef19	chr4	TRUE	FALSE
Mtap	chr4	TRUE	FALSE
Gm45261	chr1	TRUE	FALSE
Gnaz	chr10	TRUE	FALSE
Bdnf	chr2	TRUE	FALSE
Ccdc7a	chr8	TRUE	FALSE
Ogdh	chr11	TRUE	FALSE
Efl1	chr7	TRUE	FALSE
Ext1	chr15	TRUE	FALSE
Dnah9	chr11	TRUE	FALSE
Manea	chr4	TRUE	FALSE
Ankrd12	chr17	TRUE	FALSE
Smad1	chr8	TRUE	FALSE
Chd2	chr7	TRUE	FALSE
Mob2	chr7	TRUE	FALSE
Mapk1	chr16	TRUE	FALSE
Col11a2	chr17	TRUE	FALSE
Uhrf1bp1l	chr10	TRUE	FALSE
Igsf10	chr3	TRUE	FALSE
Slc9a7	chrX	TRUE	FALSE
Tshz3	chr7	TRUE	FALSE
Atp8b4	chr2	TRUE	FALSE
Etfa	chr9	TRUE	FALSE
Smap2	chr4	TRUE	FALSE
Kdm5c	chrX	TRUE	FALSE
Zfp523	chr17	TRUE	FALSE
Dnajc6	chr4	TRUE	FALSE
Glra1	chr11	TRUE	FALSE
Ube2k	chr5	TRUE	FALSE
Eml5	chr12	TRUE	FALSE
Hmgb1	chr5	TRUE	FALSE
Slc39a9	chr12	TRUE	FALSE
Gm21969	chr4	TRUE	FALSE
Tnfaip8	chr18	TRUE	FALSE
Ap1s3	chr1	TRUE	FALSE
Acsl6	chr11	TRUE	FALSE
Rictor	chr15	TRUE	FALSE
Slc26a7	chr4	TRUE	FALSE
Mef2a	chr7	TRUE	FALSE
Mb21d2	chr16	TRUE	FALSE
Ric1	chr19	TRUE	FALSE
Dennd3	chr15	TRUE	FALSE
Ano4	chr10	TRUE	FALSE
Ccdc6	chr10	TRUE	FALSE
B230118H07Rik	chr2	TRUE	FALSE
Mgat4a	chr1	TRUE	FALSE
Arfgef3	chr10	TRUE	FALSE
Cecr2	chr6	TRUE	FALSE
Mrps28	chr3	TRUE	FALSE
Pip4k2a	chr2	TRUE	FALSE
Fbxo11	chr17	TRUE	FALSE
Mrvi1	chr7	TRUE	TRUE
Rspo3	chr10	TRUE	FALSE
Wwc1	chr11	TRUE	FALSE
Garem1	chr18	TRUE	FALSE
A930004D18Rik	chr2	TRUE	FALSE
Ank	chr15	TRUE	FALSE
Tfcp2	chr15	TRUE	FALSE
Arhgap31	chr16	TRUE	FALSE
Pde4a	chr9	TRUE	FALSE
Gna14	chr19	TRUE	FALSE
Zfp638	chr6	TRUE	FALSE
Hipk3	chr2	TRUE	FALSE
Ranbp17	chr11	TRUE	FALSE
Rfx2	chr17	TRUE	FALSE
Ddhd1	chr14	TRUE	FALSE
Eps15l1	chr8	TRUE	FALSE
Kdm7a	chr6	TRUE	FALSE
Ankfn1	chr11	TRUE	FALSE
Trps1	chr15	TRUE	FALSE
Ugt8a	chr3	TRUE	FALSE
Fmnl3	chr15	TRUE	FALSE
Zcchc17	chr4	TRUE	FALSE
Parn	chr16	TRUE	FALSE
Fkbp5	chr17	TRUE	FALSE
Atf2	chr2	TRUE	FALSE
Zfyve1	chr12	TRUE	FALSE
Scnn1a	chr6	TRUE	FALSE
Rras2	chr7	TRUE	FALSE
Slc45a3	chr1	TRUE	FALSE
Nipbl	chr15	TRUE	FALSE
Slc7a1	chr5	TRUE	FALSE
Rnf152	chr1	TRUE	FALSE
Ccdc57	chr11	TRUE	FALSE
Aim2	chr1	TRUE	FALSE
Apc	chr18	TRUE	FALSE
Ruvbl1	chr6	TRUE	FALSE
Zdhhc17	chr10	TRUE	FALSE
Cdh22	chr2	TRUE	FALSE
Phactr2	chr10	TRUE	FALSE
Snx2	chr18	TRUE	FALSE
Plxdc2	chr2	TRUE	FALSE
Mvk	chr5	TRUE	FALSE
Ezr	chr17	TRUE	FALSE
Meikin	chr11	TRUE	TRUE
Stpg2	chr3	TRUE	FALSE
Memo1	chr17	TRUE	FALSE
Spink13	chr18	TRUE	FALSE
Ppp1r12b	chr1	TRUE	FALSE
Shtn1	chr19	TRUE	FALSE
Pou2f3	chr9	TRUE	FALSE
D630045J12Rik	chr6	TRUE	FALSE
Adssl1	chr12	TRUE	FALSE
Pard3b	chr1	TRUE	FALSE
Rhbdf2	chr11	TRUE	FALSE
Fam129a	chr1	TRUE	FALSE
Kcnq2	chr2	TRUE	FALSE
Them7	chr2	TRUE	FALSE
Tuft1	chr3	TRUE	FALSE
Cdk8	chr5	TRUE	FALSE
Nabp1	chr1	TRUE	FALSE
Rbms1	chr2	TRUE	FALSE
Fancc	chr13	TRUE	FALSE
Rims4	chr2	TRUE	FALSE
Map2	chr1	TRUE	FALSE
Ankrd11	chr8	TRUE	FALSE
Kmt2d	chr15	TRUE	FALSE
Kat2b	chr17	TRUE	FALSE
Atp6v0d1	chr8	TRUE	FALSE
Tfcp2l1	chr1	TRUE	FALSE
Dmbx1	chr4	TRUE	FALSE
Ctnnbip1	chr4	TRUE	FALSE
Dnah6	chr6	TRUE	FALSE
Syt14	chr1	TRUE	FALSE
Rapgef6	chr11	TRUE	FALSE
Nckap5l	chr15	TRUE	FALSE
Nfix	chr8	TRUE	FALSE
Gm5127	chrX	TRUE	TRUE
Tmtc4	chr14	TRUE	FALSE
Clec16a	chr16	TRUE	FALSE
A330070K13Rik	chr5	TRUE	FALSE
Ror2	chr13	TRUE	FALSE
Mon2	chr10	TRUE	FALSE
Rnmt	chr18	TRUE	FALSE
Hdhd5	chr6	TRUE	FALSE
Hivep2	chr10	TRUE	FALSE
Atp7b	chr8	TRUE	FALSE
Galnt9	chr5	TRUE	FALSE
Cpm	chr10	TRUE	FALSE
Trp63	chr16	TRUE	FALSE
Sh3bp5	chr14	TRUE	FALSE
Epc2	chr2	TRUE	FALSE
Kif1c	chr11	TRUE	FALSE
Tnni1	chr1	TRUE	FALSE
Pde7a	chr3	TRUE	FALSE
Elavl3	chr9	TRUE	FALSE
Poc1b	chr10	TRUE	FALSE
Tcp10a	chr17	TRUE	FALSE
Pip5k1b	chr19	TRUE	FALSE
Col11a1	chr3	TRUE	FALSE
Tmem29	chrX	TRUE	FALSE
Lrrc6	chr15	TRUE	FALSE
Ttbk2	chr2	TRUE	FALSE
Cdan1	chr2	TRUE	FALSE
Foxp4	chr17	TRUE	FALSE
Gm609	chr16	TRUE	TRUE
Creb5	chr6	TRUE	FALSE
Ubap2l	chr3	TRUE	FALSE
Gramd3	chr18	TRUE	FALSE
Slc44a5	chr3	TRUE	FALSE
Ube3c	chr5	TRUE	FALSE
Rbm33	chr5	TRUE	FALSE
Mertk	chr2	TRUE	FALSE
Klhl2	chr8	TRUE	FALSE
Erbin	chr13	TRUE	FALSE
Intu	chr3	TRUE	FALSE
Map3k13	chr16	TRUE	FALSE
Clint1	chr11	TRUE	FALSE
Lama1	chr17	TRUE	FALSE
Hdac4	chr1	TRUE	FALSE
Iqsec1	chr6	TRUE	FALSE
Dnajb12	chr10	TRUE	FALSE
Mlxip	chr5	TRUE	FALSE
Esd	chr14	TRUE	FALSE
Adra1d	chr2	TRUE	FALSE
Dgcr2	chr16	TRUE	FALSE
Duoxa1	chr2	TRUE	FALSE
Trim2	chr3	TRUE	FALSE
Ica1	chr6	TRUE	FALSE
Gprc5b	chr7	TRUE	FALSE
Padi6	chr4	TRUE	TRUE
Pou3f3	chr1	TRUE	FALSE
Ccdc171	chr4	TRUE	FALSE
Tmem238	chr7	TRUE	FALSE
Tex264	chr9	TRUE	FALSE
Oas1f	chr5	TRUE	TRUE
Myof	chr19	TRUE	FALSE
Ndst4	chr3	TRUE	FALSE
Kctd16	chr18	TRUE	FALSE
Dok6	chr18	TRUE	FALSE
Mib1	chr18	TRUE	FALSE
Gpc5	chr14	TRUE	FALSE
Adgre4	chr17	TRUE	TRUE
Bicd2	chr13	TRUE	FALSE
Tgfbrap1	chr1	TRUE	FALSE
Plagl1	chr10	TRUE	FALSE
Cd82	chr2	TRUE	FALSE
Ogdhl	chr14	TRUE	FALSE
Katnal2	chr18	TRUE	FALSE
Dennd5b	chr6	TRUE	FALSE
Mpp5	chr12	TRUE	FALSE
Npas3	chr12	TRUE	FALSE
Negr1	chr3	TRUE	FALSE
Zc3h13	chr14	TRUE	FALSE
Prrc2b	chr2	TRUE	FALSE
Rfx6	chr10	TRUE	FALSE
Ccny	chr18	TRUE	FALSE
Ep400	chr5	TRUE	FALSE
Mindy4b-ps	chr3	TRUE	FALSE
Htr1f	chr16	TRUE	FALSE
Brinp1	chr4	TRUE	FALSE
Spata7	chr12	TRUE	FALSE
Pgm1	chr4	TRUE	FALSE
Mapkbp1	chr2	TRUE	FALSE
Pcmtd1	chr1	TRUE	FALSE
Zdhhc14	chr17	TRUE	FALSE
Lrmda	chr14	TRUE	FALSE
Batf	chr12	TRUE	FALSE
Fam160a1	chr3	TRUE	FALSE
Gm16223	chr5	TRUE	FALSE
Ice1	chr13	TRUE	FALSE
Arap1	chr7	TRUE	FALSE
Rin3	chr12	TRUE	FALSE
Sec14l1	chr11	TRUE	FALSE
Stx18	chr5	TRUE	FALSE
Sspo	chr6	TRUE	FALSE
Lrp6	chr6	TRUE	FALSE
Kifap3	chr1	TRUE	FALSE
Amer2	chr14	TRUE	FALSE
Cep170b	chr12	TRUE	FALSE
Ptgfrn	chr3	TRUE	FALSE
Wscd1	chr11	TRUE	FALSE
Abca8a	chr11	TRUE	FALSE
Il10ra	chr9	TRUE	FALSE
Tbc1d5	chr17	TRUE	FALSE
Dazl	chr17	TRUE	FALSE
Zfp217	chr2	TRUE	FALSE
Fam214a	chr9	TRUE	FALSE
Klf8	chrX	TRUE	FALSE
Nr1h4	chr10	TRUE	FALSE
Arsg	chr11	TRUE	FALSE
Map3k2	chr18	TRUE	FALSE
Dtna	chr18	TRUE	FALSE
Grk6	chr13	TRUE	FALSE
Adamts18	chr8	TRUE	FALSE
Vamp9	chr5	TRUE	FALSE
Slc25a26	chr6	TRUE	FALSE
Col7a1	chr9	TRUE	FALSE
Myo1f	chr17	TRUE	TRUE
Ubr3	chr2	TRUE	FALSE
Abtb2	chr2	TRUE	FALSE
Poc1a	chr9	TRUE	FALSE
Cdh6	chr15	TRUE	FALSE
Lpin2	chr17	TRUE	FALSE
Rnf13	chr3	TRUE	FALSE
Mpp4	chr1	TRUE	FALSE
Serpinb2	chr1	TRUE	FALSE
Spop	chr11	TRUE	FALSE
Dusp1	chr17	TRUE	FALSE
Rcor1	chr12	TRUE	FALSE
Samd4b	chr7	TRUE	FALSE
Bptf	chr11	TRUE	FALSE
Lhfpl3	chr5	TRUE	FALSE
Treml1	chr17	TRUE	TRUE
Ttc27	chr17	TRUE	FALSE
Ppp2r5a	chr1	TRUE	FALSE
Trim33	chr3	TRUE	FALSE
Col13a1	chr10	TRUE	FALSE
Sorbs2	chr8	TRUE	FALSE
Atp8b1	chr18	TRUE	FALSE
Gtf2f2	chr14	TRUE	FALSE
Phf20	chr2	TRUE	FALSE
Slc2a9	chr5	TRUE	FALSE
Fam120c	chrX	TRUE	FALSE
Map4k4	chr1	TRUE	FALSE
Catspere2	chr1	TRUE	FALSE
Xylb	chr9	TRUE	FALSE
Inpp4b	chr8	TRUE	FALSE
Cnot6l	chr5	TRUE	FALSE
Stx8	chr11	TRUE	FALSE
Saxo1	chr4	TRUE	FALSE
Taf4b	chr18	TRUE	FALSE
Zzef1	chr11	TRUE	FALSE
Tmprss7	chr16	TRUE	FALSE
Uggt1	chr1	TRUE	FALSE
Pvalb	chr15	TRUE	FALSE
Nuak1	chr10	TRUE	FALSE
Fermt2	chr14	TRUE	FALSE
Mink1	chr11	TRUE	FALSE
Col4a1	chr8	TRUE	FALSE
Ddit4l	chr3	TRUE	FALSE
Abcb4	chr5	TRUE	FALSE
Cbfa2t2	chr2	TRUE	FALSE
Ccdc73	chr2	TRUE	FALSE
Tanc1	chr2	TRUE	FALSE
Mgat4b	chr11	TRUE	FALSE
Slc6a13	chr6	TRUE	FALSE
L3mbtl4	chr17	TRUE	FALSE
Nxph1	chr6	TRUE	FALSE
Ints6	chr14	TRUE	FALSE
Prr7	chr13	TRUE	FALSE
Ndp	chrX	TRUE	FALSE
Mgat5b	chr11	TRUE	FALSE
Cd59b	chr2	TRUE	FALSE
Cacul1	chr19	TRUE	FALSE
Tmem135	chr7	TRUE	FALSE
Ptpn11	chr5	TRUE	FALSE
Abcg1	chr17	TRUE	FALSE
Dipk1a	chr5	TRUE	FALSE
Kcnq4	chr4	TRUE	FALSE
Ppp3cc	chr14	TRUE	FALSE
Zfp651	chr9	TRUE	FALSE
Atoh8	chr6	TRUE	FALSE
Htt	chr5	TRUE	FALSE
Efhd2	chr4	TRUE	FALSE
Fam162a	chr16	TRUE	FALSE
Tbc1d2b	chr9	TRUE	FALSE
Bex6	chr16	TRUE	FALSE
Srek1ip1	chr13	TRUE	FALSE
Psg29	chr7	TRUE	TRUE
Nlrp4b	chr7	TRUE	TRUE
Man2a1	chr17	TRUE	FALSE
Nova2	chr7	TRUE	FALSE
Ranbp9	chr13	TRUE	FALSE
Fam13c	chr10	TRUE	FALSE
Tcerg1	chr18	TRUE	FALSE
Ppp1r12a	chr10	TRUE	FALSE
Braf	chr6	TRUE	FALSE
Ptpn3	chr4	TRUE	FALSE
Ap1b1	chr11	TRUE	FALSE
Myo6	chr9	TRUE	FALSE
Dapk2	chr9	TRUE	FALSE
Dnah7c	chr1	TRUE	TRUE
Csnk1g3	chr18	TRUE	FALSE
Rtl9	chrX	TRUE	FALSE
4930505A04Rik	chr11	TRUE	FALSE
Tekt1	chr11	TRUE	FALSE
Alpk1	chr3	TRUE	FALSE
4932438H23Rik	chr16	TRUE	FALSE
Unc13a	chr8	TRUE	FALSE
Rnf19a	chr15	TRUE	FALSE
Gpc1	chr1	TRUE	FALSE
Pex5l	chr3	TRUE	FALSE
Mov10l1	chr15	TRUE	TRUE
Trank1	chr9	TRUE	FALSE
Syt16	chr12	TRUE	FALSE
Strn	chr17	TRUE	FALSE
Nf2	chr11	TRUE	FALSE
Zbed4	chr15	TRUE	FALSE
Vps13c	chr9	TRUE	FALSE
Dennd4c	chr4	TRUE	FALSE
Arl5a	chr2	TRUE	FALSE
Sestd1	chr2	TRUE	FALSE
Pccb	chr9	TRUE	FALSE
Armc2	chr10	TRUE	FALSE
Ust	chr10	TRUE	FALSE
Mrpl33	chr5	TRUE	FALSE
Dcc	chr18	TRUE	FALSE
Srr	chr11	TRUE	TRUE
Car5a	chr8	TRUE	FALSE
Col9a3	chr2	TRUE	FALSE
Adam10	chr9	TRUE	FALSE
Gfra1	chr19	TRUE	FALSE
Map2k5	chr9	TRUE	FALSE
Cdc40	chr10	TRUE	FALSE
Tmem65	chr15	TRUE	FALSE
Nacc2	chr2	TRUE	FALSE
Itgb4	chr11	TRUE	FALSE
Sae1	chr7	TRUE	FALSE
Il11ra1	chr4	TRUE	FALSE
Padi1	chr4	TRUE	FALSE
Dglucy	chr12	TRUE	FALSE
2210408I21Rik	chr13	TRUE	FALSE
Olfr13	chr6	TRUE	TRUE
Ncoa5	chr2	TRUE	FALSE
Hddc2	chr10	TRUE	FALSE
Acad10	chr5	TRUE	TRUE
Asic2	chr11	TRUE	FALSE
Jmjd1c	chr10	TRUE	FALSE
Lemd2	chr17	TRUE	FALSE
Gk5	chr9	TRUE	TRUE
Slc6a12	chr6	TRUE	FALSE
Cilp	chr9	TRUE	FALSE
Prpf40a	chr2	TRUE	FALSE
Tmem241	chr18	TRUE	FALSE
Btrc	chr19	TRUE	FALSE
Mmp16	chr4	TRUE	FALSE
Flnb	chr14	TRUE	FALSE
Lgi2	chr5	TRUE	FALSE
Uxs1	chr1	TRUE	FALSE
Gsdme	chr6	TRUE	FALSE
Bend3	chr10	TRUE	FALSE
Bbx	chr16	TRUE	FALSE
Ppm1b	chr17	TRUE	FALSE
Hmcn2	chr2	TRUE	FALSE
Fabp12	chr3	TRUE	FALSE
Gm49355	chr14	TRUE	FALSE
Rundc3b	chr5	TRUE	FALSE
Gm281	chr14	TRUE	FALSE
Cdh7	chr1	TRUE	FALSE
Ercc6	chr14	TRUE	FALSE
Rffl	chr11	TRUE	FALSE
Ly6g6c	chr17	TRUE	FALSE
Atm	chr9	TRUE	FALSE
Oxr1	chr15	TRUE	FALSE
Fam78a	chr2	TRUE	FALSE
Mbtps1	chr8	TRUE	FALSE
Top3b	chr16	TRUE	FALSE
Itprid1	chr6	TRUE	FALSE
Prdm2	chr4	TRUE	FALSE
Disc1	chr8	TRUE	FALSE
Mast3	chr8	TRUE	FALSE
Mtmr3	chr11	TRUE	FALSE
Atp11c	chrX	TRUE	FALSE
Nadk	chr4	TRUE	FALSE
Fam169b	chr7	TRUE	FALSE
Phtf2	chr5	TRUE	FALSE
Ccser2	chr14	TRUE	FALSE
Flt3	chr5	TRUE	FALSE
Dmc1	chr15	TRUE	FALSE
Nptn	chr9	TRUE	FALSE
Taf4	chr2	TRUE	FALSE
Pias2	chr18	TRUE	FALSE
Stat5a	chr11	TRUE	FALSE
Pum2	chr12	TRUE	FALSE
Kdm3b	chr18	TRUE	FALSE
Myh11	chr16	TRUE	FALSE
Bub1b	chr2	TRUE	FALSE
Slc25a12	chr2	TRUE	FALSE
St8sia6	chr2	TRUE	FALSE
Adgra1	chr7	TRUE	FALSE
Lamc2	chr1	TRUE	FALSE
Slc16a7	chr10	TRUE	FALSE
Tmem260	chr14	TRUE	FALSE
Angpt4	chr2	TRUE	FALSE
Cfdp1	chr8	TRUE	FALSE
Cryzl2	chr1	TRUE	FALSE
Wdr59	chr8	TRUE	FALSE
Cdh11	chr8	TRUE	FALSE
Hace1	chr10	TRUE	FALSE
Pfkl	chr10	TRUE	FALSE
Mark4	chr7	TRUE	FALSE
Actn4	chr7	TRUE	FALSE
Prmt8	chr6	TRUE	FALSE
Serpina9	chr12	TRUE	FALSE
Clic4	chr4	TRUE	FALSE
Hapln3	chr7	TRUE	FALSE
Morc4	chrX	TRUE	FALSE
Kremen1	chr11	TRUE	FALSE
Sun2	chr15	TRUE	FALSE
Tspan13	chr12	TRUE	FALSE
Ryk	chr9	TRUE	FALSE
Zfp597	chr16	TRUE	FALSE
Ppp2r2a	chr14	TRUE	FALSE
Ncf1	chr5	TRUE	FALSE
Hdac11	chr6	TRUE	FALSE
Med16	chr10	TRUE	FALSE
Prdm1	chr10	TRUE	FALSE
Gm5134	chr10	TRUE	FALSE
Ipcef1	chr10	TRUE	FALSE
Banp	chr8	TRUE	FALSE
Tecpr1	chr5	TRUE	FALSE
Scg5	chr2	TRUE	FALSE
Dao	chr5	TRUE	TRUE
Raver2	chr4	TRUE	FALSE
Pygl	chr12	TRUE	FALSE
Ehmt1	chr2	TRUE	FALSE
Slc7a7	chr14	TRUE	FALSE
Osbpl8	chr10	TRUE	FALSE
Sec24d	chr3	TRUE	FALSE
Ascc2	chr11	TRUE	FALSE
Itga7	chr10	TRUE	FALSE
Kdm1a	chr4	TRUE	FALSE
Gpatch2l	chr12	TRUE	FALSE
Mlxipl	chr5	TRUE	FALSE
Cep135	chr5	TRUE	FALSE
Rnf141	chr7	TRUE	FALSE
Phactr4	chr4	TRUE	FALSE
Rev3l	chr10	TRUE	FALSE
Galnt10	chr11	TRUE	FALSE
Sec11a	chr7	TRUE	FALSE
Rtf1	chr2	TRUE	FALSE
Rad54l2	chr9	TRUE	FALSE
Tcp10c	chr17	TRUE	TRUE
Ly75	chr2	TRUE	FALSE
Obscn	chr11	TRUE	FALSE
Man1a2	chr3	TRUE	FALSE
Arih1	chr9	TRUE	FALSE
Mllt6	chr11	TRUE	FALSE
Farsb	chr1	TRUE	FALSE
Rbm20	chr19	TRUE	FALSE
Eea1	chr10	TRUE	FALSE
Steap3	chr1	TRUE	FALSE
Crcp	chr5	TRUE	FALSE
Il6ra	chr3	TRUE	FALSE
Med15	chr16	TRUE	FALSE
Foxo1	chr3	TRUE	FALSE
Dag1	chr9	TRUE	FALSE
Glb1l2	chr9	TRUE	FALSE
Skap2	chr6	TRUE	FALSE
Prr14l	chr5	TRUE	FALSE
Col8a2	chr4	TRUE	FALSE
Sh3tc1	chr5	TRUE	FALSE
Vezt	chr10	TRUE	FALSE
Oxct1	chr15	TRUE	FALSE
Pus10	chr11	TRUE	FALSE
Ttc39a	chr4	TRUE	FALSE
Dennd5a	chr7	TRUE	FALSE
Dock2	chr11	TRUE	FALSE
Znrf1	chr8	TRUE	FALSE
Ankrd6	chr4	TRUE	FALSE
Cmya5	chr13	TRUE	FALSE
Samd14	chr11	TRUE	FALSE
Albfm1	chr5	TRUE	FALSE
Neurl1a	chr19	TRUE	FALSE
Anxa2	chr9	TRUE	FALSE
Gli2	chr1	TRUE	FALSE
Nek10	chr14	TRUE	FALSE
C5ar1	chr7	TRUE	TRUE
Ninl	chr2	TRUE	FALSE
Cd46	chr1	TRUE	TRUE
Grm4	chr17	TRUE	FALSE
Nostrin	chr2	TRUE	FALSE
Prr5l	chr2	TRUE	FALSE
Grid1	chr14	TRUE	FALSE
Shank3	chr15	TRUE	FALSE
Vsnl1	chr12	TRUE	FALSE
5730522E02Rik	chr11	TRUE	FALSE
Dcaf5	chr12	TRUE	FALSE
Cracr2a	chr6	TRUE	FALSE
Hsf5	chr11	TRUE	FALSE
Micu2	chr14	TRUE	FALSE
Il17ra	chr6	TRUE	FALSE
1300017J02Rik	chr9	TRUE	TRUE
Zc3hav1	chr6	TRUE	FALSE
Rnf182	chr13	TRUE	FALSE
Smchd1	chr17	TRUE	FALSE
Spam1	chr6	TRUE	FALSE
Igdcc4	chr9	TRUE	FALSE
Zfyve28	chr5	TRUE	FALSE
Zbtb46	chr2	TRUE	FALSE
Chst9	chr18	TRUE	FALSE
Elp2	chr18	TRUE	FALSE
Araf	chrX	TRUE	FALSE
Plch1	chr3	TRUE	FALSE
Pik3cd	chr4	TRUE	FALSE
Melk	chr4	TRUE	TRUE
Vangl2	chr1	TRUE	FALSE
Ccdc150	chr1	TRUE	FALSE
Kl	chr5	TRUE	FALSE
Frmpd1	chr4	TRUE	FALSE
Wdr36	chr18	TRUE	FALSE
Gm3755	chr14	TRUE	TRUE
Plekhf1	chr7	TRUE	FALSE
Dgkd	chr1	TRUE	FALSE
Mob3b	chr4	TRUE	FALSE
Rapgef5	chr12	TRUE	FALSE
Gm49361	chr14	TRUE	FALSE
Glt1d1	chr5	TRUE	FALSE
Laptm4b	chr15	TRUE	FALSE
Dclk2	chr3	TRUE	FALSE
Igsf11	chr16	TRUE	FALSE
Rbks	chr5	TRUE	FALSE
Cdip1	chr16	TRUE	FALSE
Fam71d	chr12	TRUE	TRUE
St7	chr6	TRUE	FALSE
Wdpcp	chr11	TRUE	FALSE
Depdc5	chr5	TRUE	FALSE
Pdpr	chr8	TRUE	FALSE
Pla2r1	chr2	TRUE	FALSE
Myo3a	chr2	TRUE	FALSE
Usp47	chr7	TRUE	FALSE
Adcy2	chr13	TRUE	FALSE
Angptl2	chr2	TRUE	FALSE
Dlc1	chr8	TRUE	FALSE
Brwd3	chrX	TRUE	FALSE
Xpnpep1	chr19	TRUE	FALSE
Barhl1	chr2	TRUE	FALSE
Rdx	chr9	TRUE	FALSE
Sec63	chr10	TRUE	FALSE
Vmp1	chr11	TRUE	FALSE
Ly86	chr13	TRUE	FALSE
Dera	chr6	TRUE	FALSE
Ube2cbp	chr9	TRUE	FALSE
Vps26c	chr16	TRUE	FALSE
Ndst1	chr18	TRUE	FALSE
Rad54l	chr4	TRUE	FALSE
Pax7	chr4	TRUE	FALSE
Dcdc2a	chr13	TRUE	FALSE
Cdc42ep4	chr11	TRUE	FALSE
Rsu1	chr2	TRUE	FALSE
Ttll11	chr2	TRUE	FALSE
Tmc5	chr7	TRUE	FALSE
Wac	chr18	TRUE	FALSE
Nsd1	chr13	TRUE	FALSE
Hif1an	chr19	TRUE	FALSE
Pigl	chr11	TRUE	FALSE
Bdkrb2	chr12	TRUE	FALSE
Lrfn3	chr7	TRUE	FALSE
Mroh2a	chr1	TRUE	FALSE
Ext2	chr2	TRUE	FALSE
Iqca1l	chr5	TRUE	FALSE
Zcchc24	chr14	TRUE	FALSE
Zfp664	chr5	TRUE	FALSE
Rnf38	chr4	TRUE	FALSE
Ube2u	chr4	TRUE	FALSE
Kctd3	chr1	TRUE	FALSE
Crb2	chr2	TRUE	FALSE
Jarid2	chr13	TRUE	FALSE
Gnal	chr18	TRUE	FALSE
Actg2	chr6	TRUE	FALSE
Ssh1	chr5	TRUE	FALSE
Etv6	chr6	TRUE	FALSE
Bmpr1a	chr14	TRUE	FALSE
Rnf144a	chr12	TRUE	FALSE
Hira	chr16	TRUE	FALSE
Fhad1	chr4	TRUE	FALSE
Bcar3	chr3	TRUE	FALSE
Lrig3	chr10	TRUE	FALSE
Muc5ac	chr7	TRUE	FALSE
Gas6	chr8	TRUE	FALSE
Tbkbp1	chr11	TRUE	FALSE
Slc30a3	chr5	TRUE	FALSE
Cdc5l	chr17	TRUE	FALSE
Lrrc8c	chr5	TRUE	FALSE
Col22a1	chr15	TRUE	FALSE
Arhgap24	chr5	TRUE	FALSE
Abhd2	chr7	TRUE	FALSE
Gm21985	chr2	TRUE	FALSE
Gtf3c3	chr1	TRUE	FALSE
Ggta1	chr2	TRUE	FALSE
Cramp1l	chr17	TRUE	FALSE
Fbxl2	chr9	TRUE	FALSE
Sgpp2	chr1	TRUE	FALSE
Kdm2a	chr19	TRUE	FALSE
Slc12a1	chr2	TRUE	TRUE
Cnksr3	chr10	TRUE	FALSE
Stk32b	chr5	TRUE	FALSE
Epc1	chr18	TRUE	FALSE
Setd5	chr6	TRUE	FALSE
Epn2	chr11	TRUE	FALSE
Lcp1	chr14	TRUE	FALSE
Sema3e	chr5	TRUE	FALSE
Nkain2	chr10	TRUE	FALSE
Zc3h12d	chr10	TRUE	FALSE
Fchsd2	chr7	TRUE	FALSE
N4bp1	chr8	TRUE	FALSE
Hk2	chr6	TRUE	FALSE
Clec2l	chr6	TRUE	FALSE
Nt5m	chr11	TRUE	FALSE
Naa50	chr16	TRUE	FALSE
Nr2c2	chr6	TRUE	FALSE
Col6a5	chr9	TRUE	FALSE
Gm19935	chr8	TRUE	FALSE
9930021J03Rik	chr19	TRUE	FALSE
Flt1	chr5	TRUE	FALSE
Spsb4	chr9	TRUE	FALSE
Podxl	chr6	TRUE	FALSE
Chst11	chr10	TRUE	FALSE
Plcb2	chr2	TRUE	FALSE
Cep192	chr18	TRUE	FALSE
Atp11b	chr3	TRUE	FALSE
Plcb3	chr19	TRUE	FALSE
Ralgapb	chr2	TRUE	FALSE
Mr1	chr1	TRUE	FALSE
Galnt5	chr2	TRUE	FALSE
Grk4	chr5	TRUE	FALSE
Lin28b	chr10	TRUE	FALSE
Pak2	chr16	TRUE	FALSE
Unc5cl	chr17	TRUE	FALSE
Col4a6	chrX	TRUE	FALSE
Bcorl1	chrX	TRUE	FALSE
Ctif	chr18	TRUE	FALSE
Spen	chr4	TRUE	FALSE
Srrm3	chr5	TRUE	FALSE
Ppp1r3a	chr6	TRUE	TRUE
Plvap	chr8	TRUE	FALSE
Ccdc36	chr9	TRUE	FALSE
Epha7	chr4	TRUE	FALSE
Psma8	chr18	TRUE	TRUE
Ago1	chr4	TRUE	FALSE
Recql5	chr11	TRUE	FALSE
0610040J01Rik	chr5	TRUE	FALSE
Desi2	chr1	TRUE	FALSE
Dnaic1	chr4	TRUE	FALSE
Synrg	chr11	TRUE	FALSE
Tut7	chr13	TRUE	FALSE
Apobec1	chr6	TRUE	TRUE
Naa60	chr16	TRUE	FALSE
Cacna1d	chr14	TRUE	FALSE
Yeats2	chr16	TRUE	FALSE
Samd8	chr14	TRUE	FALSE
Bpi	chr2	TRUE	FALSE
Spocd1	chr4	TRUE	TRUE
Tmod1	chr4	TRUE	FALSE
Herc2	chr7	TRUE	FALSE
Mrtfb	chr16	TRUE	FALSE
Scn2a	chr2	TRUE	FALSE
Sos2	chr12	TRUE	FALSE
Pdgfrl	chr8	TRUE	FALSE
Slc31a1	chr4	TRUE	FALSE
4931406P16Rik	chr7	TRUE	FALSE
Pspc1	chr14	TRUE	FALSE
Tns4	chr11	TRUE	TRUE
Dusp8	chr7	TRUE	FALSE
Fign	chr2	TRUE	FALSE
Elovl2	chr13	TRUE	FALSE
Rasgrf1	chr9	TRUE	FALSE
Csnk1e	chr15	TRUE	FALSE
Gprin2	chr14	TRUE	FALSE
Ptprb	chr10	TRUE	FALSE
Top1	chr2	TRUE	FALSE
Lyn	chr4	TRUE	FALSE
Gon4l	chr3	TRUE	FALSE
Trib2	chr12	TRUE	FALSE
Cyb5r4	chr9	TRUE	FALSE
Ptpn13	chr5	TRUE	FALSE
Cc2d2b	chr19	TRUE	FALSE
Apmap	chr2	TRUE	FALSE
Kcnk5	chr14	TRUE	FALSE
Pdzd2	chr15	TRUE	FALSE
Msh2	chr17	TRUE	FALSE
Rab10	chr12	TRUE	FALSE
Padi4	chr4	TRUE	TRUE
Rab11fip3	chr17	TRUE	FALSE
Trmt11	chr10	TRUE	FALSE
Dtx2	chr5	TRUE	FALSE
Zmym4	chr4	TRUE	FALSE
Pisd	chr5	TRUE	FALSE
Resf1	chr6	TRUE	FALSE
Cxadr	chr16	TRUE	FALSE
Tbc1d31	chr15	TRUE	FALSE
Tyr	chr7	TRUE	TRUE
Rasgrp2	chr19	TRUE	FALSE
Zfp60	chr7	TRUE	FALSE
Kctd1	chr18	TRUE	FALSE
Nt5e	chr9	TRUE	FALSE
Papss2	chr19	TRUE	FALSE
Epm2a	chr10	TRUE	FALSE
Lep	chr6	TRUE	FALSE
1110059E24Rik	chr19	TRUE	FALSE
Tfdp2	chr9	TRUE	FALSE
Rufy1	chr11	TRUE	FALSE
Supt16	chr14	TRUE	FALSE
Ace2	chrX	TRUE	FALSE
Stxbp1	chr2	TRUE	FALSE
Runx3	chr4	TRUE	FALSE
2010300C02Rik	chr1	TRUE	FALSE
Fam189a2	chr19	TRUE	FALSE
Pcdha1	chr18	TRUE	FALSE
Phc3	chr3	TRUE	FALSE
Vipr1	chr9	TRUE	FALSE
Spi1	chr2	TRUE	FALSE
Xpo7	chr14	TRUE	FALSE
Lmf2	chr15	TRUE	FALSE
Lrrc37a	chr11	TRUE	TRUE
Eaf2	chr16	TRUE	FALSE
Slc41a2	chr10	TRUE	FALSE
Atl3	chr19	TRUE	FALSE
Ceacam13	chr7	TRUE	TRUE
Slc26a8	chr17	TRUE	FALSE
Akap9	chr5	TRUE	FALSE
Slc12a3	chr8	TRUE	FALSE
Pear1	chr3	TRUE	FALSE
Map3k9	chr12	TRUE	FALSE
Tbl1xr1	chr3	TRUE	FALSE
Efcab1	chr16	TRUE	TRUE
Pdzd8	chr19	TRUE	FALSE
Ehd1	chr19	TRUE	FALSE
Neurod4	chr10	TRUE	TRUE
Zfp658	chr7	TRUE	FALSE
Cdc14b	chr13	TRUE	FALSE
Sec23a	chr12	TRUE	FALSE
Cdyl2	chr8	TRUE	FALSE
Tmem38a	chr8	TRUE	FALSE
Ikzf5	chr7	TRUE	FALSE
Col6a3	chr1	TRUE	FALSE
Slc35f4	chr14	TRUE	FALSE
Rhbdl2	chr4	TRUE	FALSE
Tvp23a	chr16	TRUE	FALSE
Baz1a	chr12	TRUE	FALSE
Tspear	chr10	TRUE	FALSE
Pacc1	chr1	TRUE	FALSE
D630003M21Rik	chr2	TRUE	FALSE
Evc	chr5	TRUE	FALSE
Rassf3	chr10	TRUE	FALSE
Abhd12	chr2	TRUE	FALSE
Ada	chr2	TRUE	FALSE
Pmm2	chr16	TRUE	FALSE
Greb1	chr12	TRUE	FALSE
Ppp1r9a	chr6	TRUE	FALSE
Ift122	chr6	TRUE	FALSE
Kmt5b	chr19	TRUE	FALSE
Unc80	chr1	TRUE	FALSE
Stk31	chr6	TRUE	TRUE
Pskh1	chr8	TRUE	FALSE
Efs	chr14	TRUE	FALSE
1190005I06Rik	chr8	TRUE	FALSE
Rdh5	chr10	TRUE	FALSE
Zdhhc21	chr4	TRUE	FALSE
Cacna2d3	chr14	TRUE	FALSE
Pcdha12	chr18	TRUE	FALSE
Pcdha3	chr18	TRUE	FALSE
Numa1	chr7	TRUE	FALSE
Arid4a	chr12	TRUE	FALSE
Faah	chr4	TRUE	FALSE
Arhgap20	chr9	TRUE	FALSE
Cd300ld3	chr11	TRUE	FALSE
Dpysl5	chr5	TRUE	FALSE
Frmd4b	chr6	TRUE	FALSE
Itm2c	chr1	TRUE	FALSE
Osbpl3	chr6	TRUE	FALSE
Zfyve26	chr12	TRUE	FALSE
Gbe1	chr16	TRUE	FALSE
Drg1	chr11	TRUE	FALSE
Foxn1	chr11	TRUE	FALSE
Arhgap5	chr12	TRUE	FALSE
Tnnt2	chr1	TRUE	FALSE
Rgs16	chr1	TRUE	FALSE
Col4a3	chr1	TRUE	FALSE
Tfeb	chr17	TRUE	FALSE
C1qtnf7	chr5	TRUE	FALSE
Abcg2	chr6	TRUE	FALSE
Zfp420	chr7	TRUE	FALSE
Gpr82	chrX	TRUE	FALSE
Otogl	chr10	TRUE	TRUE
Hbs1l	chr10	TRUE	FALSE
Ptk7	chr17	TRUE	FALSE
Chrna4	chr2	TRUE	FALSE
Dzip1	chr14	TRUE	FALSE
Acsf3	chr8	TRUE	FALSE
Piezo1	chr8	TRUE	FALSE
Erbb2	chr11	TRUE	FALSE
Ino80	chr2	TRUE	FALSE
Ncor1	chr11	TRUE	FALSE
Abcc5	chr16	TRUE	FALSE
Fam20a	chr11	TRUE	FALSE
Cald1	chr6	TRUE	FALSE
Sh3rf3	chr10	TRUE	FALSE
Crkl	chr16	TRUE	FALSE
Crb1	chr1	TRUE	FALSE
Rabgap1	chr2	TRUE	FALSE
4930444P10Rik	chr1	TRUE	FALSE
Jag2	chr12	TRUE	FALSE
Zfp644	chr5	TRUE	FALSE
Gm27021	chr8	TRUE	FALSE
Scd1	chr19	TRUE	FALSE
Tex26	chr5	TRUE	FALSE
Vwa8	chr14	TRUE	FALSE
Masp1	chr16	TRUE	FALSE
Lmln	chr16	TRUE	FALSE
Stat5b	chr11	TRUE	FALSE
Pcdha11	chr18	TRUE	FALSE
Socs2	chr10	TRUE	FALSE
Mylk	chr16	TRUE	FALSE
Mnd1	chr3	TRUE	FALSE
Acoxl	chr2	TRUE	FALSE
Ankrd34b	chr13	TRUE	FALSE
Cr2	chr1	TRUE	FALSE
Parp4	chr14	TRUE	FALSE
Ppfia1	chr7	TRUE	FALSE
Dcp2	chr18	TRUE	FALSE
Agpat4	chr17	TRUE	FALSE
Nek11	chr9	TRUE	FALSE
Rheb	chr5	TRUE	FALSE
Tspan32	chr7	TRUE	FALSE
Mccc2	chr13	TRUE	FALSE
Agap3	chr5	TRUE	FALSE
Ranbp1	chr16	TRUE	FALSE
Lrpprc	chr17	TRUE	FALSE
Scfd2	chr5	TRUE	FALSE
Atrn	chr2	TRUE	FALSE
4430402I18Rik	chr19	TRUE	FALSE
Qrfprl	chr6	TRUE	FALSE
Slc30a7	chr3	TRUE	FALSE
5730480H06Rik	chr5	TRUE	FALSE
Gucy1a2	chr9	TRUE	FALSE
Pxdn	chr12	TRUE	FALSE
Gm28038	chr2	TRUE	FALSE
Asap3	chr4	TRUE	FALSE
Gpd2	chr2	TRUE	FALSE
Hdhd2	chr18	TRUE	FALSE
Nxpe2	chr9	TRUE	TRUE
Kif6	chr17	TRUE	FALSE
Epb41l4b	chr4	TRUE	FALSE
Txndc11	chr16	TRUE	FALSE
Eepd1	chr9	TRUE	FALSE
Tax1bp1	chr6	TRUE	FALSE
Srcin1	chr11	TRUE	FALSE
Cox16	chr12	TRUE	FALSE
Col4a5	chrX	TRUE	FALSE
Pcdha2	chr18	TRUE	FALSE
Saa3	chr7	TRUE	FALSE
Lonrf1	chr8	TRUE	FALSE
Pinx1	chr14	TRUE	FALSE
Nsd2	chr5	TRUE	FALSE
Hdx	chrX	TRUE	FALSE
Igfbp7	chr5	TRUE	FALSE
Gyg	chr3	TRUE	FALSE
Sumo1	chr1	TRUE	FALSE
Ppp1r14c	chr10	TRUE	FALSE
Gm28539	chr16	TRUE	FALSE
Skint5	chr4	TRUE	TRUE
Slc16a9	chr10	TRUE	FALSE
Dnah17	chr11	TRUE	FALSE
Clock	chr5	TRUE	FALSE
Zfand4	chr6	TRUE	FALSE
Gm38392	chr3	TRUE	FALSE
Cnot4	chr6	TRUE	FALSE
Atg4b	chr1	TRUE	FALSE
Paqr9	chr9	TRUE	FALSE
Olfr557	chr7	TRUE	TRUE
Hp	chr8	TRUE	TRUE
Pds5b	chr5	TRUE	FALSE
Myh9	chr15	TRUE	FALSE
Dhrs9	chr2	TRUE	TRUE
Ddx31	chr2	TRUE	FALSE
Suclg2	chr6	TRUE	FALSE
Sh3bgrl2	chr9	TRUE	FALSE
Exoc6	chr19	TRUE	FALSE
Anks6	chr4	TRUE	FALSE
Fnbp1	chr2	TRUE	FALSE
Clstn1	chr4	TRUE	FALSE
Caskin2	chr11	TRUE	FALSE
Arrb1	chr7	TRUE	FALSE
Tdp1	chr12	TRUE	FALSE
Acss2	chr2	TRUE	FALSE
Rcan1	chr16	TRUE	FALSE
Slc35a1	chr4	TRUE	FALSE
Tbck	chr3	TRUE	FALSE
Pcdha7	chr18	TRUE	FALSE
Septin10	chr10	TRUE	FALSE
Slc39a14	chr14	TRUE	FALSE
Tm9sf2	chr14	TRUE	FALSE
Khdrbs2	chr1	TRUE	FALSE
Bri3	chr5	TRUE	FALSE
Cog3	chr14	TRUE	FALSE
Mkrn2	chr6	TRUE	FALSE
Trim14	chr4	TRUE	FALSE
Smtnl1	chr2	TRUE	FALSE
Olfr561	chr7	TRUE	TRUE
Nkain4	chr2	TRUE	FALSE
Tab2	chr10	TRUE	FALSE
Usp54	chr14	TRUE	FALSE
Lyst	chr13	TRUE	FALSE
Tacc2	chr7	TRUE	FALSE
Ppef1	chrX	TRUE	TRUE
Zfp551	chr7	TRUE	FALSE
Rnf2	chr1	TRUE	FALSE
Gm5624	chr14	TRUE	TRUE
Jam2	chr16	TRUE	FALSE
Myrip	chr9	TRUE	FALSE
Mcm9	chr10	TRUE	FALSE
Agpat3	chr10	TRUE	FALSE
Abcc12	chr8	TRUE	FALSE
Cacng5	chr11	TRUE	FALSE
Fam117b	chr1	TRUE	FALSE
Spindoc	chr19	TRUE	FALSE
Phf2	chr13	TRUE	FALSE
Cbx5	chr15	TRUE	FALSE
Pkhd1l1	chr15	TRUE	FALSE
Cds2	chr2	TRUE	FALSE
Plppr5	chr3	TRUE	FALSE
Twf2	chr9	TRUE	FALSE
Relt	chr7	TRUE	FALSE
Meis2	chr2	TRUE	FALSE
Sigirr	chr7	TRUE	FALSE
Spred2	chr11	TRUE	FALSE
Ankrd50	chr3	TRUE	FALSE
Tmem117	chr15	TRUE	FALSE
Rsph1	chr17	TRUE	FALSE
Tiam1	chr16	TRUE	FALSE
Agbl1	chr7	TRUE	FALSE
Dthd1	chr5	TRUE	TRUE
Clstn3	chr6	TRUE	FALSE
Gm44596	chr6	TRUE	FALSE
Dennd1c	chr17	TRUE	TRUE
Dpp9	chr17	TRUE	FALSE
Ptpra	chr2	TRUE	FALSE
Rhod	chr19	TRUE	TRUE
Shc4	chr2	TRUE	FALSE
Ccdc91	chr6	TRUE	FALSE
Pcdha8	chr18	TRUE	FALSE
Cdc42ep2	chr19	TRUE	FALSE
Zfand6	chr7	TRUE	FALSE
Utp20	chr10	TRUE	FALSE
Itga9	chr9	TRUE	FALSE
Pcdha5	chr18	TRUE	FALSE
Kpna3	chr14	TRUE	FALSE
Nt5c3	chr6	TRUE	FALSE
Tceanc	chrX	TRUE	FALSE
Ghr	chr15	TRUE	FALSE
Arhgap1	chr2	TRUE	FALSE
Tm6sf1	chr7	TRUE	FALSE
Zbtb2	chr10	TRUE	FALSE
Ndfip2	chr14	TRUE	FALSE
Egf	chr3	TRUE	FALSE
Tmem154	chr3	TRUE	FALSE
Pcdha11	chr18	TRUE	FALSE
Smc1b	chr15	TRUE	TRUE
Larp4b	chr13	TRUE	FALSE
Zfp438	chr18	TRUE	FALSE
Qser1	chr2	TRUE	FALSE
Mapkapk2	chr1	TRUE	FALSE
Chrm1	chr19	TRUE	FALSE
Gm20708	chr11	TRUE	FALSE
Gm2a	chr11	TRUE	FALSE
Gli3	chr13	TRUE	FALSE
Gm10309	chr17	TRUE	FALSE
Ptp4a2	chr4	TRUE	FALSE
Gpr160	chr3	TRUE	FALSE
Brca1	chr11	TRUE	TRUE
Caprin2	chr6	TRUE	FALSE
Thap4	chr1	TRUE	FALSE
Scn5a	chr9	TRUE	FALSE
Fbxl20	chr11	TRUE	FALSE
Nsmce2	chr15	TRUE	FALSE
Ppard	chr17	TRUE	FALSE
Ppp2r3c	chr12	TRUE	FALSE
Kcnh3	chr15	TRUE	FALSE
Otop1	chr5	TRUE	FALSE
Zzz3	chr3	TRUE	FALSE
Vps50	chr6	TRUE	FALSE
Arid5b	chr10	TRUE	FALSE
Tmem82	chr4	TRUE	FALSE
Pcdha6	chr18	TRUE	FALSE
Anapc5	chr5	TRUE	FALSE
Mypn	chr10	TRUE	TRUE
Chrna5	chr9	TRUE	FALSE
Rab6b	chr9	TRUE	FALSE
Frs2	chr10	TRUE	FALSE
Ostm1	chr10	TRUE	FALSE
Adgrg7	chr16	TRUE	TRUE
Hipk2	chr6	TRUE	FALSE
Dnah12	chr14	TRUE	FALSE
Wnk3	chrX	TRUE	FALSE
Zfp697	chr3	TRUE	FALSE
Acad11	chr9	TRUE	FALSE
Tmod3	chr9	TRUE	FALSE
Npas2	chr1	TRUE	FALSE
Tgif1	chr17	TRUE	FALSE
Pcdha4	chr18	TRUE	FALSE
Mbnl3	chrX	TRUE	FALSE
Ric8b	chr10	TRUE	FALSE
Gatad2b	chr3	TRUE	FALSE
Hip1	chr5	TRUE	FALSE
Ins2	chr7	TRUE	TRUE
Tead1	chr7	TRUE	FALSE
Ube2r2	chr4	TRUE	FALSE
Slc4a7	chr14	TRUE	FALSE
Ap3s2	chr7	TRUE	FALSE
Kctd6	chr14	TRUE	FALSE
Tmem189	chr2	TRUE	FALSE
Il6st	chr13	TRUE	FALSE
Celf1	chr2	TRUE	FALSE
Chl1	chr6	TRUE	FALSE
Nfatc3	chr8	TRUE	FALSE
Nubpl	chr12	TRUE	FALSE
BC034090	chr1	TRUE	FALSE
Nfatc1	chr18	TRUE	FALSE
H2-Ab1	chr17	TRUE	FALSE
Stab2	chr10	TRUE	FALSE
Tango2	chr16	TRUE	FALSE
Gjc1	chr11	TRUE	TRUE
Fam219a	chr4	TRUE	FALSE
Tmem176a	chr6	TRUE	FALSE
Tmem45a	chr16	TRUE	FALSE
Camk2g	chr14	TRUE	FALSE
Gm6614	chr6	TRUE	TRUE
Olfr211	chr6	TRUE	FALSE
Usp24	chr4	TRUE	FALSE
Ascc1	chr10	TRUE	FALSE
Gng7	chr10	TRUE	FALSE
Parp8	chr13	TRUE	FALSE
Gm21798	chr15	TRUE	FALSE
Wnt3	chr11	TRUE	FALSE
Piwil2	chr14	TRUE	TRUE
H2-M1	chr17	TRUE	TRUE
Otx2	chr14	TRUE	FALSE
Kansl3	chr1	TRUE	FALSE
Stat3	chr11	TRUE	FALSE
Ipo11	chr13	TRUE	FALSE
F8	chrX	TRUE	TRUE
Drd3	chr16	TRUE	FALSE
Marchf2	chr17	TRUE	TRUE
Wipf1	chr2	TRUE	FALSE
Scarf2	chr16	TRUE	FALSE
Ube2e3	chr2	TRUE	FALSE
Osbpl2	chr2	TRUE	FALSE
Cbfa2t3	chr8	TRUE	FALSE
Get1	chr16	TRUE	FALSE
Ccdc15	chr9	TRUE	FALSE
Unc5b	chr10	TRUE	FALSE
Uqcrc1	chr9	TRUE	FALSE
Hhla1	chr15	TRUE	TRUE
Chadl	chr15	TRUE	FALSE
Tspan11	chr6	TRUE	FALSE
Uevld	chr7	TRUE	TRUE
Adgrd1	chr5	TRUE	FALSE
Cd247	chr1	TRUE	FALSE
Il7	chr3	TRUE	FALSE
Dynlrb2	chr8	TRUE	FALSE
Lrrn3	chr12	TRUE	FALSE
Parvb	chr15	TRUE	FALSE
Zmynd11	chr13	TRUE	FALSE
Stag2	chrX	TRUE	FALSE
Rgs18	chr1	TRUE	TRUE
L3mbtl1	chr2	TRUE	FALSE
Cplx1	chr5	TRUE	FALSE
Hltf	chr3	TRUE	FALSE
Casr	chr16	TRUE	FALSE
Scrg1	chr8	TRUE	TRUE
Kcnk3	chr5	TRUE	FALSE
Lum	chr10	TRUE	FALSE
Gm21992	chr19	TRUE	FALSE
Ciita	chr16	TRUE	FALSE
Rapgef3	chr15	TRUE	FALSE
Tspan5	chr3	TRUE	FALSE
Alkbh6	chr7	TRUE	FALSE
Vapb	chr2	TRUE	FALSE
Actl6b	chr5	TRUE	FALSE
Prkacb	chr3	TRUE	FALSE
Adcy1	chr11	TRUE	FALSE
Ass1	chr2	TRUE	FALSE
Slc35f1	chr10	TRUE	FALSE
Golga7	chr8	TRUE	FALSE
Ntm	chr9	TRUE	FALSE
Adgrg4	chrX	TRUE	TRUE
Rab28	chr5	TRUE	FALSE
Ubr5	chr15	TRUE	FALSE
Pef1	chr4	TRUE	FALSE
Rabep1	chr11	TRUE	FALSE
Zfp474	chr18	TRUE	FALSE
Fgd3	chr13	TRUE	FALSE
Fzd7	chr1	TRUE	FALSE
Acacb	chr5	TRUE	FALSE
Gap43	chr16	TRUE	FALSE
Zap70	chr1	TRUE	FALSE
Hdlbp	chr1	TRUE	FALSE
Spink10	chr18	TRUE	TRUE
Rhbdl1	chr17	TRUE	FALSE
Aff2	chrX	TRUE	FALSE
Hrh1	chr6	TRUE	FALSE
Sin3a	chr9	TRUE	FALSE
Fam171a1	chr2	TRUE	FALSE
Cand1	chr10	TRUE	FALSE
Cps1	chr1	TRUE	TRUE
Lars2	chr9	TRUE	FALSE
Ltk	chr2	TRUE	FALSE
Fbxl18	chr5	TRUE	FALSE
Rock1	chr18	TRUE	FALSE
Pkn1	chr8	TRUE	FALSE
Ppp1r21	chr17	TRUE	FALSE
Sptlc1	chr13	TRUE	FALSE
Mlec	chr5	TRUE	FALSE
Gm20695	chr16	TRUE	FALSE
Krt80	chr15	TRUE	FALSE
Ncbp3	chr11	TRUE	FALSE
Acsf2	chr11	TRUE	FALSE
Tmem87b	chr2	TRUE	FALSE
Uox	chr3	TRUE	FALSE
Baz1b	chr5	TRUE	FALSE
Mrgpre	chr7	TRUE	FALSE
Ckap5	chr2	TRUE	FALSE
Cttnbp2	chr6	TRUE	FALSE
Ptpn2	chr18	TRUE	FALSE
A630023A22Rik	chr14	TRUE	FALSE
Ackr1	chr1	TRUE	FALSE
Zfp101	chr17	TRUE	FALSE
Ccdc187	chr2	TRUE	FALSE
Arhgef33	chr17	TRUE	FALSE
Picalm	chr7	TRUE	FALSE
Arl13b	chr16	TRUE	FALSE
P2rx4	chr5	TRUE	FALSE
Kcnq5	chr1	TRUE	FALSE
Alpk2	chr18	TRUE	FALSE
Tbc1d32	chr10	TRUE	FALSE
Asap1	chr15	TRUE	FALSE
Clec18a	chr8	TRUE	FALSE
Rnf149	chr1	TRUE	FALSE
Polr3b	chr10	TRUE	FALSE
Atp6v0a1	chr11	TRUE	FALSE
Eif4a1	chr11	TRUE	FALSE
Pcdha9	chr18	TRUE	FALSE
Vmn1r21	chr6	TRUE	TRUE
Hnf4a	chr2	TRUE	FALSE
Enpp2	chr15	TRUE	FALSE
Kdm2b	chr5	TRUE	FALSE
Tjap1	chr17	TRUE	FALSE
Lekr1	chr3	TRUE	FALSE
Rft1	chr14	TRUE	FALSE
Cog4	chr8	TRUE	FALSE
Tcp11l1	chr2	TRUE	FALSE
Pik3r1	chr13	TRUE	FALSE
Lin52	chr12	TRUE	FALSE
P3h4	chr11	TRUE	FALSE
Ankhd1	chr18	TRUE	FALSE
Chrna2	chr14	TRUE	FALSE
Loxl1	chr9	TRUE	FALSE
Ctcf	chr8	TRUE	FALSE
Mpp6	chr6	TRUE	FALSE
Gm45062	chr6	TRUE	FALSE
Pbx3	chr2	TRUE	FALSE
Fosl2	chr5	TRUE	FALSE
Mcf2	chrX	TRUE	FALSE
Nccrp1	chr7	TRUE	FALSE
Gm14393	chr2	TRUE	TRUE
Lmbrd1	chr1	TRUE	FALSE
Kif5a	chr10	TRUE	FALSE
Fbxo41	chr6	TRUE	FALSE
E2f1	chr2	TRUE	FALSE
Dnajc11	chr4	TRUE	FALSE
Myo10	chr15	TRUE	FALSE
Itpk1	chr12	TRUE	FALSE
Plekhg3	chr12	TRUE	FALSE
Pakap	chr4	TRUE	FALSE
Ercc6l2	chr13	TRUE	FALSE
Mctp1	chr13	TRUE	FALSE
Ubp1	chr9	TRUE	FALSE
Crmp1	chr5	TRUE	FALSE
Olfr1495	chr19	TRUE	FALSE
Gabrr2	chr4	TRUE	FALSE
Ube4b	chr4	TRUE	FALSE
Atp2a2	chr5	TRUE	FALSE
Popdc3	chr10	TRUE	FALSE
Mgat3	chr15	TRUE	FALSE
Arhgap39	chr15	TRUE	FALSE
Mcm3ap	chr10	TRUE	FALSE
Mapk14	chr17	TRUE	FALSE
CN725425	chr15	TRUE	TRUE
Scn9a	chr2	TRUE	FALSE
Slc26a4	chr12	TRUE	FALSE
Dnajb13	chr7	TRUE	TRUE
Ndc1	chr4	TRUE	FALSE
Qk	chr17	TRUE	FALSE
Eml6	chr11	TRUE	FALSE
Klhl26	chr8	TRUE	FALSE
Pikfyve	chr1	TRUE	FALSE
Col14a1	chr15	TRUE	FALSE
Mindy4	chr6	TRUE	FALSE
Pced1b	chr15	TRUE	FALSE
Cdc42bpg	chr19	TRUE	FALSE
Rimklb	chr6	TRUE	FALSE
Tnfsf8	chr4	TRUE	FALSE
Rnf217	chr10	TRUE	FALSE
Mal	chr2	TRUE	FALSE
Mbtd1	chr11	TRUE	FALSE
Rsph6a	chr7	TRUE	FALSE
Kcnk2	chr1	TRUE	FALSE
Vsig10	chr5	TRUE	FALSE
Cd163	chr6	TRUE	FALSE
Uimc1	chr13	TRUE	FALSE
Cdk19	chr10	TRUE	FALSE
Fam163a	chr1	TRUE	FALSE
Prkd3	chr17	TRUE	FALSE
Kcnk10	chr12	TRUE	FALSE
Acot7	chr4	TRUE	FALSE
Ripor2	chr13	TRUE	FALSE
Elovl5	chr9	TRUE	FALSE
Pcnt	chr10	TRUE	FALSE
Trappc10	chr10	TRUE	FALSE
Desi1	chr15	TRUE	FALSE
Ldb2	chr5	TRUE	FALSE
3110082I17Rik	chr5	TRUE	FALSE
Shc2	chr10	TRUE	FALSE
Ankub1	chr3	TRUE	FALSE
Klhl31	chr9	TRUE	TRUE
Jdp2	chr12	TRUE	FALSE
Kcnmb2	chr3	TRUE	FALSE
Kcnip1	chr11	TRUE	FALSE
Smim5	chr11	TRUE	FALSE
Il27ra	chr8	TRUE	FALSE
P2ry6	chr7	TRUE	FALSE
Otop2	chr11	TRUE	FALSE
F12	chr13	TRUE	FALSE
Ptpn14	chr1	TRUE	FALSE
Sox5	chr6	TRUE	FALSE
Rpia	chr6	TRUE	FALSE
Fat3	chr9	TRUE	FALSE
Dnaic2	chr11	TRUE	FALSE
Bcl2l13	chr6	TRUE	FALSE
Ankib1	chr5	TRUE	FALSE
Cntn1	chr15	TRUE	FALSE
Vkorc1l1	chr5	TRUE	FALSE
Fam228a	chr12	TRUE	TRUE
Heyl	chr4	TRUE	FALSE
Cdc42bpb	chr12	TRUE	FALSE
Qrich1	chr9	TRUE	FALSE
Zeb1	chr18	TRUE	FALSE
Serpina3a	chr12	TRUE	TRUE
Olfr112	chr17	TRUE	TRUE
Gramd2	chr9	TRUE	FALSE
Orc4	chr2	TRUE	FALSE
Svop	chr5	TRUE	FALSE
Rprd2	chr3	TRUE	FALSE
Trip12	chr1	TRUE	FALSE
Nat8f6	chr6	TRUE	FALSE
Nup155	chr15	TRUE	FALSE
Akap10	chr11	TRUE	FALSE
Rap2a	chr14	TRUE	FALSE
Ehd2	chr7	TRUE	FALSE
Foxn2	chr17	TRUE	FALSE
Zfp521	chr18	TRUE	FALSE
Cep70	chr9	TRUE	FALSE
Umad1	chr6	TRUE	FALSE
Grm8	chr6	TRUE	FALSE
Foxk1	chr5	TRUE	FALSE
Cldn1	chr16	TRUE	FALSE
Afmid	chr11	TRUE	FALSE
Stat6	chr10	TRUE	FALSE
Elavl1	chr8	TRUE	FALSE
Faxc	chr4	TRUE	FALSE
Srpx	chrX	TRUE	FALSE
Ano7	chr1	TRUE	TRUE
Gata3	chr2	TRUE	FALSE
Cpa2	chr6	TRUE	FALSE
Arhgap27	chr11	TRUE	FALSE
Hcfc2	chr10	TRUE	FALSE
Atp6v0a4	chr6	TRUE	FALSE
Sypl	chr12	TRUE	FALSE
Wasf3	chr5	TRUE	FALSE
Txlnb	chr10	TRUE	FALSE
Hes3	chr4	TRUE	FALSE
Trim29	chr9	TRUE	FALSE
Eif4b	chr15	TRUE	FALSE
Ush1c	chr7	TRUE	FALSE
A4galt	chr15	TRUE	FALSE
Fgfr3	chr5	TRUE	FALSE
Adamts2	chr11	TRUE	FALSE
Wasl	chr6	TRUE	FALSE
Ccz1	chr5	TRUE	FALSE
Pstpip1	chr9	TRUE	FALSE
Nckap1l	chr15	TRUE	TRUE
Fam163b	chr2	TRUE	FALSE
Dchs2	chr3	TRUE	FALSE
Cacng3	chr7	TRUE	FALSE
Trmt9b	chr8	TRUE	FALSE
Hspbap1	chr16	TRUE	FALSE
Ptprz1	chr6	TRUE	FALSE
Edil3	chr13	TRUE	FALSE
Acnat1	chr4	TRUE	TRUE
Klhl3	chr13	TRUE	FALSE
Cd99l2	chrX	TRUE	FALSE
Pwwp2b	chr7	TRUE	FALSE
Scn4b	chr9	TRUE	FALSE
Nek1	chr8	TRUE	FALSE
Capn7	chr14	TRUE	FALSE
Arhgef6	chrX	TRUE	FALSE
Alx4	chr2	TRUE	FALSE
Rfx8	chr1	TRUE	FALSE
Tle4	chr19	TRUE	FALSE
Arl2bp	chr8	TRUE	FALSE
Prss12	chr3	TRUE	FALSE
Srrm1	chr4	TRUE	FALSE
Xylt1	chr7	TRUE	FALSE
Trim55	chr3	TRUE	FALSE
Ago2	chr15	TRUE	FALSE
Lims1	chr10	TRUE	FALSE
Neo1	chr9	TRUE	FALSE
Slc44a3	chr3	TRUE	FALSE
Kif21b	chr1	TRUE	FALSE
Mob1b	chr5	TRUE	FALSE
Hs3st1	chr5	TRUE	FALSE
Atg13	chr2	TRUE	FALSE
Cystm1	chr18	TRUE	FALSE
Uqcc1	chr2	TRUE	FALSE
Parg	chr14	TRUE	FALSE
Tmem184b	chr15	TRUE	FALSE
Ankrd55	chr13	TRUE	FALSE
Itgb3bp	chr4	TRUE	FALSE
Slc47a1	chr11	TRUE	FALSE
Asb3	chr11	TRUE	FALSE
Extl3	chr14	TRUE	FALSE
Nudt3	chr17	TRUE	FALSE
Ifnar2	chr16	TRUE	FALSE
Osmr	chr15	TRUE	FALSE
Eif4e3	chr6	TRUE	FALSE
Anapc1	chr2	TRUE	FALSE
Col5a2	chr1	TRUE	FALSE
Dgkh	chr14	TRUE	FALSE
Cpq	chr15	TRUE	FALSE
Pkd1l2	chr8	TRUE	FALSE
Fgd4	chr16	TRUE	FALSE
Atp6v1g3	chr1	TRUE	FALSE
Muc2	chr7	TRUE	FALSE
Mettl9	chr7	TRUE	FALSE
Ehhadh	chr16	TRUE	FALSE
Gnai3	chr3	TRUE	FALSE
Snx24	chr18	TRUE	FALSE
Abcg3	chr5	TRUE	TRUE
Dnaaf5	chr5	TRUE	FALSE
Tacc1	chr8	TRUE	FALSE
Slc6a17	chr3	TRUE	FALSE
Olfr1324	chrX	TRUE	FALSE
Olfr954	chr9	TRUE	TRUE
Ano10	chr9	TRUE	FALSE
Wnt7b	chr15	TRUE	FALSE
Psmd12	chr11	TRUE	FALSE
Pdgfc	chr3	TRUE	FALSE
Exog	chr9	TRUE	FALSE
Crisp2	chr17	TRUE	TRUE
Lcp2	chr11	TRUE	FALSE
Ak1	chr2	TRUE	FALSE
Tmbim7	chr5	TRUE	TRUE
Hadh	chr3	TRUE	FALSE
Cdh1	chr8	TRUE	FALSE
Lrrc27	chr7	TRUE	FALSE
Ranbp2	chr10	TRUE	FALSE
Col15a1	chr4	TRUE	FALSE
Cyp19a1	chr9	TRUE	FALSE
Wscd2	chr5	TRUE	FALSE
Lonrf3	chrX	TRUE	FALSE
Cttn	chr7	TRUE	FALSE
Phldb2	chr16	TRUE	FALSE
Wsb2	chr5	TRUE	FALSE
Zc3hav1l	chr6	TRUE	FALSE
Glb1	chr9	TRUE	FALSE
Fgfr4	chr13	TRUE	FALSE
Crem	chr18	TRUE	FALSE
Magi3	chr3	TRUE	FALSE
4931428L18Rik	chr1	TRUE	FALSE
Pdgfa	chr5	TRUE	FALSE
Sema6a	chr18	TRUE	FALSE
Ppp1r16b	chr2	TRUE	FALSE
Stx2	chr5	TRUE	FALSE
Mthfsd	chr8	TRUE	FALSE
Dapp1	chr3	TRUE	FALSE
Cmas	chr6	TRUE	FALSE
Kbtbd11	chr8	TRUE	FALSE
Zfp652	chr11	TRUE	FALSE
Ngf	chr3	TRUE	FALSE
Zbtb6	chr2	TRUE	FALSE
Ash1l	chr3	TRUE	FALSE
Dnaja2	chr8	TRUE	FALSE
Smarca5	chr8	TRUE	FALSE
Hpca	chr4	TRUE	FALSE
Pla2g4e	chr2	TRUE	FALSE
Baiap3	chr17	TRUE	FALSE
Gm2115	chr7	TRUE	FALSE
Sptb	chr12	TRUE	FALSE
Spint3	chr2	TRUE	TRUE
Adcyap1r1	chr6	TRUE	FALSE
Enox2	chrX	TRUE	FALSE
Immp2l	chr12	TRUE	FALSE
Anks4b	chr7	TRUE	FALSE
Smarcc2	chr10	TRUE	FALSE
2700049A03Rik	chr12	TRUE	FALSE
Fam102b	chr3	TRUE	FALSE
Gm5592	chr7	TRUE	TRUE
Prim2	chr1	TRUE	FALSE
Npepps	chr11	TRUE	FALSE
Zfp362	chr4	TRUE	FALSE
Hhipl1	chr12	TRUE	FALSE
Npat	chr9	TRUE	FALSE
Plekho2	chr9	TRUE	FALSE
Aldh5a1	chr13	TRUE	FALSE
Kif21a	chr15	TRUE	FALSE
Kmt2e	chr5	TRUE	FALSE
Adad1	chr3	TRUE	TRUE
Onecut2	chr18	TRUE	FALSE
Wwp2	chr8	TRUE	FALSE
Flywch1	chr17	TRUE	FALSE
Fer	chr17	TRUE	FALSE
P2ry14	chr3	TRUE	FALSE
Fam71f2	chr6	TRUE	TRUE
Rbm27	chr18	TRUE	FALSE
Tph2	chr10	TRUE	FALSE
Gcgr	chr11	TRUE	FALSE
Sycp1	chr3	TRUE	TRUE
Sgsm1	chr5	TRUE	FALSE
Agap2	chr10	TRUE	FALSE
Dctn1	chr6	TRUE	FALSE
Mettl26	chr17	TRUE	TRUE
Smarcal1	chr1	TRUE	FALSE
Cdk13	chr13	TRUE	FALSE
Sult2b1	chr7	TRUE	FALSE
Aknad1	chr3	TRUE	TRUE
Crybg1	chr10	TRUE	FALSE
Adra1b	chr11	TRUE	FALSE
Nck1	chr9	TRUE	FALSE
Sertad4	chr1	TRUE	FALSE
Cabp7	chr11	TRUE	FALSE
Slit3	chr11	TRUE	FALSE
Thoc2	chrX	TRUE	FALSE
Ppp1cb	chr5	TRUE	FALSE
Frmpd2	chr14	TRUE	FALSE
Trmt13	chr3	TRUE	FALSE
Gmeb1	chr4	TRUE	FALSE
Coro2a	chr4	TRUE	FALSE
Krt5	chr15	TRUE	FALSE
Cdkl1	chr12	TRUE	FALSE
Sesn2	chr4	TRUE	FALSE
Grin3a	chr4	TRUE	FALSE
Clip1	chr5	TRUE	FALSE
Blnk	chr19	TRUE	FALSE
Foxj1	chr11	TRUE	FALSE
Phf12	chr11	TRUE	FALSE
Papln	chr12	TRUE	FALSE
Bahd1	chr2	TRUE	FALSE
Cc2d2a	chr5	TRUE	FALSE
Depdc7	chr2	TRUE	FALSE
Tbc1d10a	chr11	TRUE	FALSE
Nyx	chrX	TRUE	FALSE
Hnrnpk	chr13	TRUE	FALSE
Col8a1	chr16	TRUE	FALSE
Slc25a21	chr12	TRUE	FALSE
Agbl4	chr4	TRUE	FALSE
Ajuba	chr14	TRUE	FALSE
Rock2	chr12	TRUE	FALSE
Mapre3	chr5	TRUE	FALSE
Dsn1	chr2	TRUE	FALSE
Tmprss11e	chr5	TRUE	TRUE
Cxcr5	chr9	TRUE	FALSE
Slc6a9	chr4	TRUE	FALSE
Slamf6	chr1	TRUE	TRUE
Kansl1l	chr1	TRUE	FALSE
Aspscr1	chr11	TRUE	FALSE
Sesn1	chr10	TRUE	FALSE
Cttnbp2nl	chr3	TRUE	FALSE
Olfm2	chr9	TRUE	FALSE
6330411D24Rik	chr4	TRUE	FALSE
Tll1	chr8	TRUE	FALSE
Nedd4	chr9	TRUE	FALSE
Nox1	chrX	TRUE	FALSE
Lrriq3	chr3	TRUE	FALSE
Pknox1	chr17	TRUE	FALSE
Klc1	chr12	TRUE	FALSE
Pkd1l3	chr8	TRUE	FALSE
Sidt1	chr16	TRUE	FALSE
Epb41l1	chr2	TRUE	FALSE
Abl2	chr1	TRUE	FALSE
Map3k20	chr2	TRUE	FALSE
Rps6ka5	chr12	TRUE	FALSE
Evc2	chr5	TRUE	FALSE
Gm4924	chr10	TRUE	TRUE
Nwd1	chr8	TRUE	TRUE
Tut4	chr4	TRUE	FALSE
Terf2	chr8	TRUE	FALSE
Ano9	chr7	TRUE	FALSE
Kcnh7	chr2	TRUE	FALSE
Spag6l	chr16	TRUE	TRUE
B4galt1	chr4	TRUE	FALSE
3830406C13Rik	chr14	TRUE	FALSE
Ddah1	chr3	TRUE	FALSE
Rbm41	chrX	TRUE	FALSE
Cdc42ep5	chr7	TRUE	FALSE
Trpc4ap	chr2	TRUE	FALSE
Dexi	chr16	TRUE	FALSE
Gmds	chr13	TRUE	FALSE
Napa	chr7	TRUE	FALSE
Tekt5	chr16	TRUE	FALSE
Fzd6	chr15	TRUE	FALSE
Trip11	chr12	TRUE	FALSE
Lman2	chr13	TRUE	FALSE
Ptprj	chr2	TRUE	FALSE
Il13ra1	chrX	TRUE	FALSE
Lrrc3	chr10	TRUE	FALSE
Whamm	chr7	TRUE	FALSE
Arhgap18	chr10	TRUE	FALSE
Rasl12	chr9	TRUE	FALSE
Prorp	chr12	TRUE	FALSE
Trappc9	chr15	TRUE	FALSE
Qrich2	chr11	TRUE	FALSE
Slc12a6	chr2	TRUE	FALSE
Grb2	chr11	TRUE	FALSE
Atf7ip2	chr16	TRUE	FALSE
Agps	chr2	TRUE	FALSE
Car8	chr4	TRUE	FALSE
Gfpt1	chr6	TRUE	FALSE
Med25	chr7	TRUE	FALSE
Rpgrip1l	chr8	TRUE	FALSE
Phf3	chr1	TRUE	FALSE
Slc28a3	chr13	TRUE	FALSE
Mgam	chr6	TRUE	TRUE
Sgcg	chr14	TRUE	FALSE
Vwa5b1	chr4	TRUE	FALSE
Wnt10a	chr1	TRUE	FALSE
Inpp5b	chr4	TRUE	FALSE
Ablim3	chr18	TRUE	FALSE
Cbln3	chr14	TRUE	FALSE
Vcan	chr13	TRUE	FALSE
Prkdc	chr16	TRUE	FALSE
Hook3	chr8	TRUE	FALSE
Usp44	chr10	TRUE	FALSE
Rap1gap	chr4	TRUE	FALSE
Mtx2	chr2	TRUE	FALSE
H2-Aa	chr17	TRUE	TRUE
Olfml3	chr3	TRUE	FALSE
Tns1	chr1	TRUE	FALSE
Arfgap3	chr15	TRUE	FALSE
Pax4	chr6	TRUE	FALSE
Decr1	chr4	TRUE	FALSE
Cpne2	chr8	TRUE	FALSE
Micos10	chr4	TRUE	FALSE
Gbp3	chr3	TRUE	FALSE
Tmem132e	chr11	TRUE	FALSE
Dnajc17	chr2	TRUE	FALSE
Sohlh2	chr3	TRUE	TRUE
Serp2	chr14	TRUE	FALSE
Cfap45	chr1	TRUE	FALSE
Rab40b	chr11	TRUE	FALSE
Etv3	chr3	TRUE	FALSE
Ift140	chr17	TRUE	FALSE
Enpp7	chr11	TRUE	TRUE
Slc16a14	chr1	TRUE	FALSE
Ensa	chr3	TRUE	FALSE
Fam185a	chr5	TRUE	FALSE
Taf2	chr15	TRUE	FALSE
Ppm1h	chr10	TRUE	FALSE
Slc4a8	chr15	TRUE	FALSE
Mgarp	chr3	TRUE	FALSE
Shc3	chr13	TRUE	FALSE
Ntng1	chr3	TRUE	FALSE
Ace	chr11	TRUE	FALSE
Gab3	chrX	TRUE	FALSE
Grem2	chr1	TRUE	FALSE
Bora	chr14	TRUE	FALSE
Lrrc51	chr7	TRUE	FALSE
Nefm	chr14	TRUE	FALSE
Rbpms2	chr9	TRUE	FALSE
Sema7a	chr9	TRUE	FALSE
Adora3	chr3	TRUE	FALSE
Hnf4g	chr3	TRUE	FALSE
Ccm2l	chr2	TRUE	FALSE
Cstf2	chrX	TRUE	FALSE
Kcnip2	chr19	TRUE	FALSE
Deaf1	chr7	TRUE	FALSE
Ctc1	chr11	TRUE	FALSE
Fam114a1	chr5	TRUE	FALSE
Nfatc2	chr2	TRUE	FALSE
Cyfip2	chr11	TRUE	FALSE
Hmcn1	chr1	TRUE	FALSE
Tmem44	chr16	TRUE	FALSE
Eif5b	chr1	TRUE	FALSE
Stox1	chr10	TRUE	FALSE
Camsap2	chr1	TRUE	FALSE
Slc41a3	chr6	TRUE	FALSE
Ralbp1	chr17	TRUE	FALSE
Sarm1	chr11	TRUE	FALSE
Atr	chr9	TRUE	FALSE
Ush1g	chr11	TRUE	FALSE
Macc1	chr12	TRUE	TRUE
Capn5	chr7	TRUE	FALSE
Chst7	chrX	TRUE	FALSE
Pnpla1	chr17	TRUE	FALSE
Sh3kbp1	chrX	TRUE	FALSE
C130026I21Rik	chr1	TRUE	FALSE
Hs2st1	chr3	TRUE	FALSE
Ramp3	chr11	TRUE	FALSE
Acot3	chr12	TRUE	FALSE
Rapgef4	chr2	TRUE	FALSE
Slc18a1	chr8	TRUE	FALSE
Rasal1	chr5	TRUE	FALSE
Pfkfb2	chr1	TRUE	FALSE
Nufip2	chr11	TRUE	FALSE
Wdr78	chr4	TRUE	FALSE
Wdr41	chr13	TRUE	FALSE
Acss3	chr10	TRUE	FALSE
Ilf3	chr9	TRUE	FALSE
Cwf19l1	chr19	TRUE	FALSE
Col25a1	chr3	TRUE	FALSE
4931428F04Rik	chr8	TRUE	FALSE
Jcad	chr18	TRUE	FALSE
Tcf7l1	chr6	TRUE	FALSE
Man2b1	chr8	TRUE	FALSE
Glrb	chr3	TRUE	FALSE
Ebf4	chr2	TRUE	FALSE
Slc25a46	chr18	TRUE	FALSE
Plekhg6	chr6	TRUE	FALSE
Irak2	chr6	TRUE	FALSE
Shmt1	chr11	TRUE	TRUE
Rnf145	chr11	TRUE	FALSE
Gm14862	chrX	TRUE	FALSE
Sik1	chr17	TRUE	FALSE
Nap1l4	chr7	TRUE	FALSE
Med24	chr11	TRUE	FALSE
Ctdp1	chr18	TRUE	FALSE
Dpy19l2	chr9	TRUE	FALSE
Atp6v1h	chr1	TRUE	FALSE
Ift80	chr3	TRUE	FALSE
Nxph4	chr10	TRUE	FALSE
Zbtb4	chr11	TRUE	FALSE
Tnfsf13	chr11	TRUE	FALSE
Serpinb6e	chr13	TRUE	TRUE
Arhgap42	chr9	TRUE	FALSE
Ltbp2	chr12	TRUE	FALSE
Rnf180	chr13	TRUE	FALSE
Vegfa	chr17	TRUE	FALSE
Aox2	chr1	TRUE	FALSE
Ror1	chr4	TRUE	FALSE
Ccdc144b	chr3	TRUE	TRUE
Git2	chr5	TRUE	FALSE
Psmf1	chr2	TRUE	FALSE
Gm28551	chr1	TRUE	FALSE
Gm49496	chr13	TRUE	FALSE
Scap	chr9	TRUE	FALSE
Bcas1	chr2	TRUE	FALSE
Cryl1	chr14	TRUE	FALSE
Sfrp5	chr19	TRUE	FALSE
Mbd2	chr18	TRUE	FALSE
Tmem41a	chr16	TRUE	FALSE
Kif14	chr1	TRUE	FALSE
Sparc	chr11	TRUE	FALSE
Slc22a22	chr15	TRUE	FALSE
Srgn	chr10	TRUE	FALSE
F11r	chr1	TRUE	FALSE
Atp8b5	chr4	TRUE	FALSE
Gm42906	chr5	TRUE	FALSE
Tulp4	chr17	TRUE	FALSE
Abi3	chr11	TRUE	FALSE
Prkcq	chr2	TRUE	FALSE
Sbno2	chr10	TRUE	FALSE
Cd8b1	chr6	TRUE	TRUE
Apol11b	chr15	TRUE	TRUE
Sugp1	chr8	TRUE	FALSE
Vmn2r107	chr17	TRUE	TRUE
Nid1	chr13	TRUE	FALSE
Clns1a	chr7	TRUE	FALSE
Nr1d2	chr14	TRUE	FALSE
Yy1	chr12	TRUE	FALSE
Cpt1a	chr19	TRUE	FALSE
Abcb7	chrX	TRUE	FALSE
Ptar1	chr19	TRUE	FALSE
G2e3	chr12	TRUE	FALSE
Dnajc5	chr2	TRUE	FALSE
Wdr33	chr18	TRUE	FALSE
Tmem52	chr4	TRUE	TRUE
Cxcl17	chr7	TRUE	FALSE
Kat7	chr11	TRUE	FALSE
Mef2b	chr8	TRUE	FALSE
Adam18	chr8	TRUE	FALSE
Gm21961	chr15	TRUE	FALSE
Iqschfp	chr3	TRUE	FALSE
Rhof	chr5	TRUE	FALSE
AL646049.1	chrX	TRUE	TRUE
Pam	chr1	TRUE	FALSE
Map2k1	chr9	TRUE	FALSE
Syt12	chr19	TRUE	FALSE
Zfp853	chr5	TRUE	FALSE
Slco1b2	chr6	TRUE	TRUE
Dctn3	chr4	TRUE	FALSE
Spry2	chr14	TRUE	FALSE
Pros1	chr16	TRUE	FALSE
Stim1	chr7	TRUE	FALSE
Zmym2	chr14	TRUE	FALSE
Prkcd	chr14	TRUE	FALSE
Clcn1	chr6	TRUE	FALSE
Rc3h2	chr2	TRUE	FALSE
Erh	chr12	TRUE	FALSE
Pcbp2	chr15	TRUE	FALSE
Zfp654	chr16	TRUE	FALSE
Vat1l	chr8	TRUE	FALSE
Arfip1	chr3	TRUE	FALSE
Psme4	chr11	TRUE	FALSE
Strn3	chr12	TRUE	FALSE
Ccdc85a	chr11	TRUE	FALSE
Zmiz1	chr14	TRUE	FALSE
Tfip11	chr5	TRUE	FALSE
Scamp2	chr9	TRUE	FALSE
Tmem267	chr13	TRUE	FALSE
Dnajc24	chr2	TRUE	FALSE
Galk2	chr2	TRUE	FALSE
Tiparp	chr3	TRUE	FALSE
Col6a1	chr10	TRUE	TRUE
Colgalt1	chr8	TRUE	FALSE
Rufy2	chr10	TRUE	FALSE
Map3k19	chr1	TRUE	TRUE
Acer3	chr7	TRUE	FALSE
Mboat2	chr12	TRUE	FALSE
Mfsd4a	chr1	TRUE	FALSE
Edem1	chr6	TRUE	FALSE
Ly6g6f	chr17	TRUE	FALSE
Mapk8	chr14	TRUE	FALSE
Phyhd1	chr2	TRUE	FALSE
Apol7b	chr15	TRUE	TRUE
Pitpna	chr11	TRUE	FALSE
Naalad2	chr9	TRUE	TRUE
H1f6	chr13	TRUE	FALSE
Mrc1	chr2	TRUE	FALSE
Atp6v1c2	chr12	TRUE	FALSE
Nim1k	chr13	TRUE	FALSE
Tmem229b	chr12	TRUE	FALSE
Ankmy1	chr1	TRUE	FALSE
Odf3l2	chr10	TRUE	FALSE
Lgals3bp	chr11	TRUE	FALSE
Gm37240	chr3	TRUE	FALSE
Rnf219	chr14	TRUE	FALSE
Otulin	chr15	TRUE	FALSE
Lonp2	chr8	TRUE	FALSE
Sema6c	chr3	TRUE	FALSE
Lamtor1	chr7	TRUE	FALSE
Tbr1	chr2	TRUE	FALSE
Tmem38b	chr4	TRUE	FALSE
Pfkm	chr15	TRUE	FALSE
Gm20517	chr17	TRUE	FALSE
Cdkl3	chr11	TRUE	FALSE
Kirrel	chr3	TRUE	FALSE
Krt71	chr15	TRUE	FALSE
Dhh	chr15	TRUE	FALSE
Eif1	chr11	TRUE	FALSE
Pacrg	chr17	TRUE	FALSE
Snap91	chr9	TRUE	FALSE
Ctsb	chr14	TRUE	FALSE
Plag1	chr4	TRUE	FALSE
Mrpl48	chr7	TRUE	FALSE
Sec22a	chr16	TRUE	FALSE
Gpam	chr19	TRUE	FALSE
Xrcc6	chr15	TRUE	FALSE
St8sia5	chr18	TRUE	FALSE
Ctnna1	chr18	TRUE	FALSE
Htra1	chr7	TRUE	FALSE
Pdk1	chr2	TRUE	FALSE
Ankrd63	chr2	TRUE	FALSE
Ifi44l	chr3	TRUE	FALSE
Wdr95	chr5	TRUE	FALSE
Armh4	chr14	TRUE	FALSE
Zfhx2	chr14	TRUE	FALSE
Slc2a5	chr4	TRUE	FALSE
Zfyve27	chr19	TRUE	FALSE
Mib2	chr4	TRUE	FALSE
Chmp4b	chr2	TRUE	FALSE
Tmc7	chr7	TRUE	FALSE
Epo	chr5	TRUE	FALSE
Cyp2b10	chr7	TRUE	TRUE
Slc1a4	chr11	TRUE	FALSE
Abhd3	chr18	TRUE	FALSE
Fam107a	chr14	TRUE	FALSE
Kcnc2	chr10	TRUE	FALSE
Fer1l4	chr2	TRUE	FALSE
Ift81	chr5	TRUE	FALSE
Gm11099	chr2	TRUE	FALSE
Slc13a3	chr2	TRUE	FALSE
Gm11437	chr11	TRUE	FALSE
Zc3h12c	chr9	TRUE	FALSE
Eci3	chr13	TRUE	FALSE
Usp50	chr2	TRUE	FALSE
Mdn1	chr4	TRUE	FALSE
Gm28778	chr1	TRUE	FALSE
Bdp1	chr13	TRUE	FALSE
Piwil1	chr5	TRUE	FALSE
Zdhhc19	chr16	TRUE	FALSE
Tff3	chr17	TRUE	FALSE
C2cd3	chr7	TRUE	FALSE
Sult4a1	chr15	TRUE	FALSE
Ell2	chr13	TRUE	FALSE
Abcd3	chr3	TRUE	FALSE
Cnga3	chr1	TRUE	FALSE
Ddx46	chr13	TRUE	FALSE
Epg5	chr18	TRUE	FALSE
Fam92b	chr8	TRUE	FALSE
Cabcoco1	chr10	TRUE	FALSE
Tcf7l2	chr19	TRUE	FALSE
Rftn2	chr1	TRUE	FALSE
Cul3	chr1	TRUE	FALSE
Prokr2	chr2	TRUE	FALSE
Crebrf	chr17	TRUE	FALSE
Epha10	chr4	TRUE	FALSE
Dnajb8	chr6	TRUE	FALSE
Arsj	chr3	TRUE	FALSE
Slc30a9	chr5	TRUE	FALSE
Otog	chr7	TRUE	FALSE
Nek5	chr8	TRUE	FALSE
Ccr9	chr9	TRUE	FALSE
Slc25a36	chr9	TRUE	FALSE
Mettl4	chr17	TRUE	FALSE
Vsx1	chr2	TRUE	FALSE
Uso1	chr5	TRUE	FALSE
Stk38l	chr6	TRUE	FALSE
Pogz	chr3	TRUE	FALSE
Map4k3	chr17	TRUE	FALSE
Alox5	chr6	TRUE	FALSE
Efhb	chr17	TRUE	FALSE
Fam160b2	chr14	TRUE	FALSE
Pde6d	chr1	TRUE	FALSE
Dnah7b	chr1	TRUE	FALSE
Adam17	chr12	TRUE	FALSE
Spg11	chr2	TRUE	FALSE
Mxi1	chr19	TRUE	FALSE
Dhx58	chr11	TRUE	FALSE
Ap4m1	chr5	TRUE	FALSE
Cpne9	chr6	TRUE	FALSE
Gm49630	chr17	TRUE	FALSE
Ap5m1	chr14	TRUE	FALSE
Sesn3	chr9	TRUE	FALSE
Unkl	chr17	TRUE	FALSE
Wdr72	chr9	TRUE	FALSE
Traf7	chr17	TRUE	FALSE
Eya3	chr4	TRUE	FALSE
Saal1	chr7	TRUE	FALSE
Larp1	chr11	TRUE	FALSE
Adcy10	chr1	TRUE	FALSE
Aqr	chr2	TRUE	FALSE
Ptp4a3	chr15	TRUE	FALSE
Vipr2	chr12	TRUE	FALSE
Arhgap25	chr6	TRUE	FALSE
Fbxl8	chr8	TRUE	FALSE
Socs6	chr18	TRUE	FALSE
Rab3gap2	chr1	TRUE	FALSE
Slc30a5	chr13	TRUE	FALSE
Adgra2	chr8	TRUE	FALSE
Iqch	chr9	TRUE	FALSE
Pik3r3	chr4	TRUE	FALSE
Cog2	chr8	TRUE	FALSE
Tbl1x	chrX	TRUE	FALSE
Sirt2	chr7	TRUE	FALSE
Tdrd5	chr1	TRUE	FALSE
Oser1	chr2	TRUE	FALSE
Mcf2l	chr8	TRUE	FALSE
P3h2	chr16	TRUE	FALSE
Hectd1	chr12	TRUE	FALSE
Tubgcp3	chr8	TRUE	FALSE
Gm44790	chr6	TRUE	TRUE
Gm1123	chr9	TRUE	TRUE
Mrto4	chr4	TRUE	FALSE
Lrriq1	chr10	TRUE	FALSE
Dnah1	chr14	TRUE	FALSE
Adam32	chr8	TRUE	TRUE
Arhgap33	chr7	TRUE	FALSE
Zfp397	chr18	TRUE	FALSE
Krt19	chr11	TRUE	FALSE
Tspan3	chr9	TRUE	FALSE
Tent2	chr13	TRUE	FALSE
Card10	chr15	TRUE	FALSE
Ppef2	chr5	TRUE	TRUE
Lrrc38	chr4	TRUE	FALSE
Cntfr	chr4	TRUE	FALSE
Pot1a	chr6	TRUE	FALSE
Herpud2	chr9	TRUE	FALSE
Cdon	chr9	TRUE	FALSE
1700069L16Rik	chr5	TRUE	FALSE
Ikzf3	chr11	TRUE	FALSE
Dgat2	chr7	TRUE	FALSE
Sympk	chr7	TRUE	FALSE
Blk	chr14	TRUE	FALSE
Nisch	chr14	TRUE	FALSE
Nupl1	chr14	TRUE	FALSE
B4galt7	chr13	TRUE	FALSE
Otoa	chr7	TRUE	FALSE
Apol7e	chr15	TRUE	TRUE
Lrpap1	chr5	TRUE	FALSE
Pcdh10	chr3	TRUE	FALSE
Cpne5	chr17	TRUE	FALSE
Wwox	chr8	TRUE	FALSE
Esyt3	chr9	TRUE	FALSE
Sh3pxd2b	chr11	TRUE	FALSE
Tpbg	chr9	TRUE	FALSE
Necab1	chr4	TRUE	FALSE
Olfr984	chr9	TRUE	TRUE
Slc15a1	chr14	TRUE	FALSE
Lama4	chr10	TRUE	FALSE
Dtwd2	chr18	TRUE	FALSE
Pcolce2	chr9	TRUE	FALSE
Hic2	chr16	TRUE	FALSE
Prnd	chr2	TRUE	FALSE
Heca	chr10	TRUE	FALSE
Lmod1	chr1	TRUE	FALSE
A830031A19Rik	chr11	TRUE	FALSE
Slc6a20b	chr9	TRUE	TRUE
Igsf6	chr7	TRUE	FALSE
Nlgn1	chr3	TRUE	FALSE
Cry2	chr2	TRUE	FALSE
Tgif2	chr2	TRUE	FALSE
Gm20498	chr12	TRUE	FALSE
Nrd1	chr4	TRUE	FALSE
Asic4	chr1	TRUE	FALSE
Mtmr14	chr6	TRUE	FALSE
Tmem232	chr17	TRUE	FALSE
Trak2	chr1	TRUE	FALSE
Llgl2	chr11	TRUE	FALSE
Gabra1	chr11	TRUE	FALSE
Mab21l3	chr3	TRUE	FALSE
Zscan29	chr2	TRUE	FALSE
Usp15	chr10	TRUE	FALSE
Sclt1	chr3	TRUE	FALSE
Ngef	chr1	TRUE	FALSE
Ppp1r12c	chr7	TRUE	FALSE
Adam12	chr7	TRUE	FALSE
Ccdc113	chr8	TRUE	FALSE
Syt11	chr3	TRUE	FALSE
Map3k15	chrX	TRUE	FALSE
Thsd4	chr9	TRUE	FALSE
Strc	chr2	TRUE	FALSE
Rnf214	chr9	TRUE	FALSE
Arhgap8	chr15	TRUE	FALSE
Rtp1	chr16	TRUE	FALSE
Gucy1a1	chr3	TRUE	FALSE
Ankrd10	chr8	TRUE	FALSE
Ofcc1	chr13	TRUE	FALSE
Pik3r5	chr11	TRUE	FALSE
Trem2	chr17	TRUE	TRUE
Gxylt1	chr15	TRUE	FALSE
Cd34	chr1	TRUE	FALSE
Map2k2	chr10	TRUE	FALSE
Azin2	chr4	TRUE	FALSE
Sugp2	chr8	TRUE	FALSE
Dytn	chr1	TRUE	FALSE
Bco1	chr8	TRUE	FALSE
Pik3cg	chr12	TRUE	FALSE
C8a	chr4	TRUE	TRUE
Myo15b	chr11	TRUE	FALSE
Lingo3	chr10	TRUE	FALSE
Mgrn1	chr16	TRUE	FALSE
Itgb7	chr15	TRUE	FALSE
N4bp2l2	chr5	TRUE	FALSE
Asb14	chr14	TRUE	FALSE
Plekhh1	chr12	TRUE	FALSE
Slc37a3	chr6	TRUE	FALSE
Tm2d1	chr4	TRUE	FALSE
Sgms1	chr19	TRUE	FALSE
Stam	chr2	TRUE	FALSE
Crtc1	chr8	TRUE	FALSE
Tex52	chr6	TRUE	TRUE
Slc4a5	chr6	TRUE	FALSE
Olfr846	chr9	TRUE	TRUE
Acap2	chr16	TRUE	FALSE
Zgpat	chr2	TRUE	FALSE
Tsc2	chr17	TRUE	FALSE
Rtkn2	chr10	TRUE	FALSE
Cstad	chr2	TRUE	FALSE
Atl2	chr17	TRUE	FALSE
E4f1	chr17	TRUE	FALSE
Aldh4a1	chr4	TRUE	FALSE
Smim15	chr13	TRUE	FALSE
Aebp2	chr6	TRUE	FALSE
Raf1	chr6	TRUE	FALSE
Speer1	chr5	TRUE	TRUE
Ankrd26	chr6	TRUE	FALSE
Mark2	chr19	TRUE	FALSE
Vmn2r7	chr3	TRUE	FALSE
Prdm13	chr4	TRUE	FALSE
Tnfsf18	chr1	TRUE	FALSE
Ypel1	chr16	TRUE	FALSE
Cnn1	chr9	TRUE	FALSE
Prss55	chr14	TRUE	FALSE
Cep290	chr10	TRUE	FALSE
Slc16a2	chrX	TRUE	FALSE
Pald1	chr10	TRUE	FALSE
Rnf121	chr7	TRUE	FALSE
Magi1	chr6	TRUE	FALSE
Rbpj	chr5	TRUE	FALSE
Ribc1	chrX	TRUE	FALSE
Rev1	chr1	TRUE	FALSE
Nsun2	chr13	TRUE	FALSE
Pex10	chr4	TRUE	FALSE
Kif11	chr19	TRUE	FALSE
Lhx6	chr2	TRUE	FALSE
Tor1aip1	chr1	TRUE	FALSE
Smim14	chr5	TRUE	FALSE
Gm9732	chr14	TRUE	TRUE
Fscn2	chr11	TRUE	FALSE
Ide	chr19	TRUE	FALSE
Kcnmb3	chr3	TRUE	TRUE
Zfp451	chr1	TRUE	FALSE
C6	chr15	TRUE	FALSE
Tgfbi	chr13	TRUE	FALSE
Sumf1	chr6	TRUE	FALSE
Rwdd3	chr3	TRUE	FALSE
Ube2ql1	chr13	TRUE	FALSE
Prpf18	chr2	TRUE	FALSE
Abcb1b	chr5	TRUE	FALSE
Marchf3	chr18	TRUE	FALSE
Xpnpep3	chr15	TRUE	FALSE
Tdrd12	chr7	TRUE	FALSE
Sptbn5	chr2	TRUE	FALSE
Tbce	chr13	TRUE	FALSE
Kazald1	chr19	TRUE	FALSE
Ndst3	chr3	TRUE	FALSE
Cep57l1	chr10	TRUE	FALSE
Alx3	chr3	TRUE	FALSE
Alg9	chr9	TRUE	FALSE
1700012B07Rik	chr11	TRUE	TRUE
Rab5c	chr11	TRUE	FALSE
Supt20	chr3	TRUE	FALSE
Ints3	chr3	TRUE	FALSE
Zfp599	chr9	TRUE	FALSE
Car10	chr11	TRUE	FALSE
Trrap	chr5	TRUE	FALSE
Phf8	chrX	TRUE	FALSE
Npl	chr1	TRUE	FALSE
Ppme1	chr7	TRUE	FALSE
Limd1	chr9	TRUE	TRUE
Gm32742	chr9	TRUE	FALSE
Rhbg	chr3	TRUE	FALSE
Adcy6	chr15	TRUE	FALSE
Muc16	chr9	TRUE	TRUE
Tmc6	chr11	TRUE	FALSE
Kcnip3	chr2	TRUE	FALSE
Fubp3	chr2	TRUE	FALSE
Dhrs1	chr14	TRUE	FALSE
Snx9	chr17	TRUE	FALSE
Prkcg	chr7	TRUE	FALSE
Bend7	chr2	TRUE	FALSE
Vav3	chr3	TRUE	FALSE
Sostdc1	chr12	TRUE	FALSE
Glis1	chr4	TRUE	FALSE
Pkdcc	chr17	TRUE	FALSE
Pdzrn4	chr15	TRUE	FALSE
Nfe2l3	chr6	TRUE	FALSE
Basp1	chr15	TRUE	FALSE
Cd302	chr2	TRUE	FALSE
Slc25a10	chr11	TRUE	FALSE
Tulp3	chr6	TRUE	FALSE
Clptm1	chr7	TRUE	FALSE
Pgap2	chr7	TRUE	FALSE
Ggcx	chr6	TRUE	FALSE
Hsbp1l1	chr18	TRUE	FALSE
Col4a2	chr8	TRUE	FALSE
Plekha8	chr6	TRUE	FALSE
U2af2	chr7	TRUE	FALSE
Csf1r	chr18	TRUE	FALSE
Mpzl1	chr1	TRUE	FALSE
Med30	chr15	TRUE	FALSE
Cep170	chr1	TRUE	FALSE
Xntrpc	chr7	TRUE	FALSE
Prkn	chr17	TRUE	FALSE
Lyl1	chr8	TRUE	FALSE
Nexmif	chrX	TRUE	FALSE
Rnf187	chr11	TRUE	FALSE
Zfp541	chr7	TRUE	FALSE
Polq	chr16	TRUE	FALSE
Ube2n	chr10	TRUE	FALSE
Zswim7	chr11	TRUE	TRUE
Fam193a	chr5	TRUE	FALSE
Dock8	chr19	TRUE	FALSE
Fmo3	chr1	TRUE	TRUE
Glcci1	chr6	TRUE	FALSE
Gbp5	chr3	TRUE	FALSE
Usp3	chr9	TRUE	FALSE
Spata1	chr3	TRUE	FALSE
Kdm3a	chr6	TRUE	FALSE
Lims2	chr18	TRUE	FALSE
Pten	chr19	TRUE	FALSE
Pak3	chrX	TRUE	FALSE
Dnttip1	chr2	TRUE	FALSE
Zfp346	chr13	TRUE	FALSE
Gabrp	chr11	TRUE	TRUE
Hgf	chr5	TRUE	FALSE
Marchf7	chr2	TRUE	FALSE
Insrr	chr3	TRUE	FALSE
Trf	chr9	TRUE	FALSE
L3mbtl2	chr15	TRUE	FALSE
Cmah	chr13	TRUE	FALSE
Enpep	chr3	TRUE	FALSE
Mtg2	chr2	TRUE	FALSE
Kcnh2	chr5	TRUE	FALSE
Cfap43	chr19	TRUE	FALSE
Vmn2r99	chr17	TRUE	TRUE
Slc25a15	chr8	TRUE	FALSE
Eng	chr2	TRUE	FALSE
Map7d2	chrX	TRUE	FALSE
Ppp4r1	chr17	TRUE	FALSE
Itih4	chr14	TRUE	FALSE
Mical3	chr6	TRUE	FALSE
Etnk1	chr6	TRUE	FALSE
Gbx1	chr5	TRUE	FALSE
Fbxw2	chr2	TRUE	FALSE
Xrn1	chr9	TRUE	FALSE
Fcrl5	chr3	TRUE	FALSE
Tbc1d9b	chr11	TRUE	FALSE
Pcdhac1	chr18	TRUE	FALSE
Rab8b	chr9	TRUE	FALSE
Lypd6b	chr2	TRUE	FALSE
Hmg20a	chr9	TRUE	FALSE
Calb2	chr8	TRUE	FALSE
Fads2b	chr2	TRUE	TRUE
Tent4b	chr8	TRUE	FALSE
Adamts16	chr13	TRUE	FALSE
Wdr89	chr12	TRUE	FALSE
Thada	chr17	TRUE	FALSE
Aqp7	chr4	TRUE	FALSE
Ccdc149	chr5	TRUE	FALSE
Soat1	chr1	TRUE	FALSE
Aldh1l2	chr10	TRUE	FALSE
Gm884	chr11	TRUE	FALSE
Vmn2r3	chr3	TRUE	TRUE
Itgal	chr7	TRUE	TRUE
Gpr176	chr2	TRUE	FALSE
Shoc2	chr19	TRUE	FALSE
Ythdc2	chr18	TRUE	FALSE
Edem3	chr1	TRUE	FALSE
Fbxl4	chr4	TRUE	FALSE
Bcl11a	chr11	TRUE	FALSE
Tsga10ip	chr19	TRUE	FALSE
Adgra3	chr5	TRUE	FALSE
Aplp2	chr9	TRUE	FALSE
Tnfrsf8	chr4	TRUE	FALSE
Ermp1	chr19	TRUE	FALSE
Tgs1	chr4	TRUE	FALSE
Emc2	chr15	TRUE	FALSE
Ddx39	chr8	TRUE	FALSE
Nell2	chr15	TRUE	FALSE
Hic1	chr11	TRUE	FALSE
Ptpre	chr7	TRUE	FALSE
Ube2j2	chr4	TRUE	FALSE
Rims3	chr4	TRUE	FALSE
Myh7	chr14	TRUE	FALSE
Gigyf1	chr5	TRUE	FALSE
Sptlc3	chr2	TRUE	FALSE
Cdh9	chr15	TRUE	FALSE
Eif5a	chr11	TRUE	FALSE
Mgat4c	chr10	TRUE	FALSE
Vmn2r97	chr17	TRUE	TRUE
Glis3	chr19	TRUE	FALSE
Rcor3	chr1	TRUE	FALSE
Prlr	chr15	TRUE	FALSE
Pde2a	chr7	TRUE	FALSE
Map3k5	chr10	TRUE	FALSE
Tectb	chr19	TRUE	TRUE
Szt2	chr4	TRUE	FALSE
Zfp940	chr7	TRUE	FALSE
Rpp14	chr14	TRUE	FALSE
Uba6	chr5	TRUE	FALSE
Otud1	chr2	TRUE	FALSE
Ippk	chr13	TRUE	FALSE
Rab44	chr17	TRUE	FALSE
Dcdc2c	chr12	TRUE	TRUE
Camk1g	chr1	TRUE	FALSE
Lyrm2	chr4	TRUE	FALSE
Dido1	chr2	TRUE	FALSE
Dhx33	chr11	TRUE	FALSE
Ppp5c	chr7	TRUE	FALSE
Usp45	chr4	TRUE	FALSE
Fads6	chr11	TRUE	FALSE
Tph1	chr7	TRUE	FALSE
Fam53b	chr7	TRUE	FALSE
Arglu1	chr8	TRUE	FALSE
Rtn4	chr11	TRUE	FALSE
Lancl2	chr6	TRUE	FALSE
Fam192a	chr8	TRUE	FALSE
Sorcs3	chr19	TRUE	FALSE
Rab11fip5	chr6	TRUE	FALSE
Anapc4	chr5	TRUE	FALSE
Selplg	chr5	TRUE	TRUE
Map3k6	chr4	TRUE	FALSE
Kera	chr10	TRUE	FALSE
Col26a1	chr5	TRUE	FALSE
Grhpr	chr4	TRUE	FALSE
Ccdc62	chr5	TRUE	TRUE
Cdk12	chr11	TRUE	FALSE
Serinc4	chr2	TRUE	FALSE
Fam20b	chr1	TRUE	FALSE
Il1r2	chr1	TRUE	FALSE
4933428G20Rik	chr11	TRUE	TRUE
Prg4	chr1	TRUE	TRUE
Asxl1	chr2	TRUE	FALSE
Xab2	chr8	TRUE	FALSE
Elp3	chr14	TRUE	FALSE
Zbtb8a	chr4	TRUE	FALSE
Srebf1	chr11	TRUE	FALSE
Casp4	chr9	TRUE	TRUE
Pcgf3	chr5	TRUE	FALSE
Upf3b	chrX	TRUE	FALSE
Jakmip1	chr5	TRUE	TRUE
Hivep1	chr13	TRUE	FALSE
Ptprh	chr7	TRUE	FALSE
Dhx34	chr7	TRUE	FALSE
1700102P08Rik	chr9	TRUE	FALSE
1110002E22Rik	chr3	TRUE	FALSE
Itpkb	chr1	TRUE	FALSE
Ugt3a1	chr15	TRUE	TRUE
Tug1	chr11	TRUE	TRUE
4930564D02Rik	chr3	TRUE	FALSE
Rprd1a	chr18	TRUE	FALSE
Gabrr3	chr16	TRUE	TRUE
Xrn2	chr2	TRUE	FALSE
Gpr137c	chr14	TRUE	FALSE
Ccn5	chr2	TRUE	FALSE
Vps35l	chr7	TRUE	FALSE
Hikeshi	chr7	TRUE	FALSE
Fzd3	chr14	TRUE	FALSE
Limk2	chr11	TRUE	FALSE
Arf2	chr11	TRUE	FALSE
Olfr1406	chr1	TRUE	TRUE
Pp2d1	chr17	TRUE	FALSE
Ttc13	chr8	TRUE	FALSE
Bmper	chr9	TRUE	FALSE
Iqcm	chr8	TRUE	TRUE
Ints4	chr7	TRUE	FALSE
AI182371	chr2	TRUE	TRUE
Npy2r	chr3	TRUE	FALSE
Sbno1	chr5	TRUE	FALSE
Arhgef40	chr14	TRUE	FALSE
Btbd16	chr7	TRUE	FALSE
Zpbp	chr11	TRUE	FALSE
Prss23	chr7	TRUE	FALSE
Ttll8	chr15	TRUE	FALSE
Tecrl	chr5	TRUE	TRUE
Tnip3	chr6	TRUE	FALSE
Pls3	chrX	TRUE	FALSE
Mtrex	chr13	TRUE	FALSE
Lats2	chr14	TRUE	FALSE
Cxxc5	chr18	TRUE	FALSE
Tmem266	chr9	TRUE	FALSE
Kcnt2	chr1	TRUE	FALSE
Impa2	chr18	TRUE	FALSE
Mlc1	chr15	TRUE	FALSE
Ndufc1	chr3	TRUE	FALSE
Adck2	chr6	TRUE	FALSE
Xkr4	chr1	TRUE	FALSE
Tacr3	chr3	TRUE	FALSE
Tmem30a	chr9	TRUE	FALSE
Vmn2r14	chr5	TRUE	TRUE
Ros1	chr10	TRUE	TRUE
Eif3l	chr15	TRUE	FALSE
Bin1	chr18	TRUE	FALSE
Ahr	chr12	TRUE	FALSE
Gart	chr16	TRUE	FALSE
Shisa6	chr11	TRUE	FALSE
Copb1	chr7	TRUE	FALSE
Lipo3	chr19	TRUE	FALSE
Ccdc158	chr5	TRUE	FALSE
Rab2a	chr4	TRUE	FALSE
Ttc9	chr12	TRUE	FALSE
Rnf122	chr8	TRUE	FALSE
Myh15	chr16	TRUE	FALSE
Mllt1	chr17	TRUE	FALSE
Ecpas	chr4	TRUE	FALSE
Gm12695	chr4	TRUE	FALSE
Plxna1	chr6	TRUE	FALSE
Corin	chr5	TRUE	FALSE
Kcnj15	chr16	TRUE	FALSE
Bbs9	chr9	TRUE	FALSE
Abhd15	chr11	TRUE	FALSE
H60c	chr10	TRUE	TRUE
Slc25a23	chr17	TRUE	FALSE
Agtpbp1	chr13	TRUE	FALSE
Slc16a10	chr10	TRUE	FALSE
Cfap161	chr7	TRUE	FALSE
Slfn9	chr11	TRUE	FALSE
Gpld1	chr13	TRUE	FALSE
Gtf2ird2	chr5	TRUE	FALSE
Pigg	chr5	TRUE	FALSE
Usp26	chrX	TRUE	TRUE
Arhgap33os	chr7	TRUE	FALSE
Atp2b3	chrX	TRUE	FALSE
Tceanc2	chr4	TRUE	FALSE
Med13	chr11	TRUE	FALSE
Serpinb5	chr1	TRUE	TRUE
Mylk2	chr2	TRUE	FALSE
Mmrn1	chr6	TRUE	TRUE
Ulbp1	chr10	TRUE	FALSE
Slc25a17	chr15	TRUE	FALSE
Rgp1	chr4	TRUE	FALSE
Dnajc13	chr9	TRUE	FALSE
Cntnap3	chr13	TRUE	TRUE
Tram2	chr1	TRUE	FALSE
Zc3h14	chr12	TRUE	FALSE
4930402K13Rik	chrX	TRUE	TRUE
Dsp	chr13	TRUE	FALSE
Mmgt2	chr11	TRUE	TRUE
Eftud2	chr11	TRUE	FALSE
Cyb5b	chr8	TRUE	FALSE
Septin7	chr9	TRUE	FALSE
Ormdl1	chr1	TRUE	FALSE
Pih1d2	chr9	TRUE	TRUE
Aven	chr2	TRUE	FALSE
Gm7247	chr14	TRUE	FALSE
Lrp1	chr10	TRUE	FALSE
Gch1	chr14	TRUE	FALSE
Snupn	chr9	TRUE	TRUE
Psd	chr19	TRUE	FALSE
Dpysl2	chr14	TRUE	FALSE
Mbnl1	chr3	TRUE	FALSE
Ptpn9	chr9	TRUE	FALSE
Nudt2	chr4	TRUE	FALSE
Gngt2	chr11	TRUE	FALSE
Stx11	chr10	TRUE	FALSE
Sacs	chr14	TRUE	FALSE
Snx3	chr10	TRUE	FALSE
Dnajc22	chr15	TRUE	FALSE
Il12rb2	chr6	TRUE	FALSE
Trim25	chr11	TRUE	FALSE
Oaf	chr9	TRUE	FALSE
Atp1a4	chr1	TRUE	FALSE
Spc24	chr9	TRUE	FALSE
Spns3	chr11	TRUE	FALSE
Ulk2	chr11	TRUE	FALSE
Gm2030	chrX	TRUE	TRUE
Ciz1	chr2	TRUE	FALSE
Gucy2c	chr6	TRUE	TRUE
Olfr720	chr14	TRUE	TRUE
Nrip3	chr7	TRUE	FALSE
Clec5a	chr6	TRUE	TRUE
Il12rb1	chr8	TRUE	FALSE
Prkcz	chr4	TRUE	FALSE
Fam81a	chr9	TRUE	FALSE
Dclre1c	chr2	TRUE	FALSE
Prrc1	chr18	TRUE	FALSE
Drosha	chr15	TRUE	FALSE
Psd4	chr2	TRUE	FALSE
Zfp507	chr7	TRUE	FALSE
Psmd1	chr1	TRUE	FALSE
Vcl	chr14	TRUE	FALSE
Glod4	chr11	TRUE	FALSE
Ankrd35	chr3	TRUE	FALSE
Fmo6	chr1	TRUE	TRUE
Cables1	chr18	TRUE	FALSE
Krt25	chr11	TRUE	TRUE
Nup214	chr2	TRUE	FALSE
Snx8	chr5	TRUE	FALSE
Nsun3	chr16	TRUE	FALSE
Fyco1	chr9	TRUE	FALSE
Hmgxb3	chr18	TRUE	FALSE
Tmem54	chr4	TRUE	FALSE
Foxo3	chr10	TRUE	FALSE
Parvg	chr15	TRUE	FALSE
Limk1	chr5	TRUE	FALSE
Gmeb2	chr2	TRUE	FALSE
Dcbld2	chr16	TRUE	FALSE
Zfp326	chr5	TRUE	FALSE
Asb7	chr7	TRUE	FALSE
Gmps	chr3	TRUE	FALSE
Fkbp14	chr6	TRUE	FALSE
Muc15	chr2	TRUE	FALSE
Insl5	chr4	TRUE	TRUE
Gm45837	chr7	TRUE	FALSE
Xcr1	chr9	TRUE	TRUE
Pir	chrX	TRUE	TRUE
Srfbp1	chr18	TRUE	FALSE
Herc4	chr10	TRUE	FALSE
Npr1	chr3	TRUE	FALSE
Daw1	chr1	TRUE	FALSE
Crtap	chr9	TRUE	TRUE
Ttll4	chr1	TRUE	FALSE
Rbm26	chr14	TRUE	FALSE
Mga	chr2	TRUE	FALSE
Kndc1	chr7	TRUE	FALSE
Plaat1	chr16	TRUE	FALSE
Synpo2	chr3	TRUE	FALSE
Timm23	chr14	TRUE	FALSE
Wdr43	chr17	TRUE	FALSE
Aif1l	chr2	TRUE	FALSE
Tnfrsf1b	chr4	TRUE	FALSE
Rbbp8	chr18	TRUE	TRUE
Vezf1	chr11	TRUE	FALSE
Gtf3c2	chr5	TRUE	FALSE
Slc43a2	chr11	TRUE	FALSE
Spata45	chr1	TRUE	TRUE
Zfp65	chr13	TRUE	FALSE
Bpifb9b	chr2	TRUE	TRUE
2900092C05Rik	chr7	TRUE	TRUE
Pibf1	chr14	TRUE	FALSE
Arl13a	chrX	TRUE	TRUE
Birc6	chr17	TRUE	FALSE
Jazf1	chr6	TRUE	FALSE
Olfr610	chr7	TRUE	TRUE
Ncdn	chr4	TRUE	FALSE
Ska3	chr14	TRUE	FALSE
H2bc4	chr13	TRUE	FALSE
Slc12a8	chr16	TRUE	FALSE
Myom2	chr8	TRUE	FALSE
Prpf6	chr2	TRUE	FALSE
Nup210	chr6	TRUE	FALSE
Madd	chr2	TRUE	FALSE
Fbln5	chr12	TRUE	FALSE
Mrrf	chr2	TRUE	FALSE
Rorb	chr19	TRUE	FALSE
Traf3ip1	chr1	TRUE	FALSE
Slc35a3	chr3	TRUE	FALSE
Rab39	chr9	TRUE	FALSE
Itpr1	chr6	TRUE	FALSE
Mier1	chr4	TRUE	FALSE
Cyp7b1	chr3	TRUE	FALSE
Bysl	chr17	TRUE	FALSE
Rusc2	chr4	TRUE	FALSE
Cldn10	chr14	TRUE	FALSE
Kif28	chr1	TRUE	FALSE
Unc45b	chr11	TRUE	FALSE
Pla2g2f	chr4	TRUE	FALSE
Med1	chr11	TRUE	FALSE
Atrx	chrX	TRUE	FALSE
Phf24	chr4	TRUE	FALSE
Sh2d1b1	chr1	TRUE	TRUE
Trpm1	chr7	TRUE	FALSE
Hbb-bs	chr7	TRUE	TRUE
Fnbp1l	chr3	TRUE	FALSE
Crlf1	chr8	TRUE	FALSE
Ccdc177	chr12	TRUE	FALSE
Zfp12	chr5	TRUE	FALSE
Hars2	chr18	TRUE	FALSE
Gad1	chr2	TRUE	FALSE
Tent5d	chrX	TRUE	FALSE
Spata31d1a	chr13	TRUE	FALSE
Ubash3a	chr17	TRUE	FALSE
Sh3bgrl	chrX	TRUE	FALSE
Tnfrsf13b	chr11	TRUE	FALSE
Csf2rb2	chr15	TRUE	FALSE
Neurl1b	chr17	TRUE	FALSE
Sar1b	chr11	TRUE	FALSE
Impg2	chr16	TRUE	FALSE
Begain	chr12	TRUE	FALSE
Gsta3	chr1	TRUE	FALSE
Sertad2	chr11	TRUE	FALSE
Dzip1l	chr9	TRUE	FALSE
Tmprss6	chr15	TRUE	FALSE
Lcmt1	chr7	TRUE	FALSE
Gm12216	chr11	TRUE	FALSE
Ankar	chr1	TRUE	TRUE
Sim1	chr10	TRUE	FALSE
Serpinb3b	chr1	TRUE	TRUE
Susd6	chr12	TRUE	FALSE
Cyp2d22	chr15	TRUE	FALSE
Dgkk	chrX	TRUE	FALSE
Ap4e1	chr2	TRUE	FALSE
Gm43552	chr5	TRUE	FALSE
Caps2	chr10	TRUE	TRUE
Eif2ak2	chr17	TRUE	FALSE
Ddx4	chr13	TRUE	TRUE
Atp4b	chr8	TRUE	TRUE
Gm49776	chr16	TRUE	FALSE
Eif2ak1	chr5	TRUE	FALSE
Mei1	chr15	TRUE	FALSE
Nnt	chr13	TRUE	FALSE
Ubxn7	chr16	TRUE	FALSE
Wnt1	chr15	TRUE	FALSE
Septin11	chr5	TRUE	FALSE
Disp1	chr1	TRUE	FALSE
Cpt1c	chr7	TRUE	FALSE
Usp8	chr2	TRUE	FALSE
Teddm2	chr1	TRUE	FALSE
Mia2	chr12	TRUE	FALSE
Slc25a40	chr5	TRUE	FALSE
Calca	chr7	TRUE	FALSE
Swap70	chr7	TRUE	FALSE
Stt3b	chr9	TRUE	FALSE
Akr1d1	chr6	TRUE	FALSE
Palm3	chr8	TRUE	FALSE
Depdc1b	chr13	TRUE	FALSE
Knop1	chr7	TRUE	FALSE
Son	chr16	TRUE	FALSE
Scube2	chr7	TRUE	FALSE
Sugct	chr13	TRUE	FALSE
Ilvbl	chr10	TRUE	FALSE
Aldh2	chr5	TRUE	FALSE
Crybg3	chr16	TRUE	FALSE
Afg3l2	chr18	TRUE	FALSE
Blmh	chr11	TRUE	FALSE
Abcd2	chr15	TRUE	FALSE
Plod1	chr4	TRUE	FALSE
Slc38a1	chr15	TRUE	FALSE
1810046K07Rik	chr9	TRUE	TRUE
Rab23	chr1	TRUE	FALSE
Shisa3	chr5	TRUE	FALSE
Tgm4	chr9	TRUE	TRUE
Me2	chr18	TRUE	FALSE
Micu3	chr8	TRUE	FALSE
Setd1b	chr5	TRUE	FALSE
Mybpc2	chr7	TRUE	FALSE
Bhlhe40	chr6	TRUE	FALSE
Brd7	chr8	TRUE	FALSE
Evi5l	chr8	TRUE	FALSE
N4bp2	chr5	TRUE	FALSE
Ergic2	chr6	TRUE	FALSE
Cldn15	chr5	TRUE	TRUE
Flt4	chr11	TRUE	FALSE
Gm10945	chr10	TRUE	TRUE
Rab38	chr7	TRUE	FALSE
Xndc1	chr7	TRUE	TRUE
Dtd2	chr12	TRUE	FALSE
Ren1	chr1	TRUE	FALSE
Cd2ap	chr17	TRUE	FALSE
Tchp	chr5	TRUE	FALSE
Gtf2i	chr5	TRUE	FALSE
Wapl	chr14	TRUE	FALSE
Cxcl3	chr5	TRUE	FALSE
Nr4a3	chr4	TRUE	FALSE
Stxbp3	chr3	TRUE	FALSE
Pdcd1	chr1	TRUE	TRUE
Cnbd2	chr2	TRUE	FALSE
Rbm6	chr9	TRUE	FALSE
Igbp1	chrX	TRUE	FALSE
Sccpdh	chr1	TRUE	FALSE
Cmc2	chr8	TRUE	FALSE
Ubac1	chr2	TRUE	FALSE
Nmnat3	chr9	TRUE	FALSE
Nnt	chr13	TRUE	FALSE
Serpina3k	chr12	TRUE	TRUE
Relch	chr1	TRUE	FALSE
Adora2b	chr11	TRUE	FALSE
Cdca2	chr14	TRUE	FALSE
Rassf10	chr7	TRUE	FALSE
Tmx4	chr2	TRUE	FALSE
Anpep	chr7	TRUE	FALSE
Lyrm7	chr11	TRUE	FALSE
Ppfia3	chr7	TRUE	FALSE
Lpo	chr11	TRUE	FALSE
Lats1	chr10	TRUE	FALSE
Gpsm2	chr3	TRUE	FALSE
Tjp3	chr10	TRUE	FALSE
Cd300e	chr11	TRUE	FALSE
Lrif1	chr3	TRUE	FALSE
Rarg	chr15	TRUE	FALSE
Gars	chr6	TRUE	FALSE
Tom1l2	chr11	TRUE	FALSE
Rsbn1	chr3	TRUE	FALSE
Naip5	chr13	TRUE	TRUE
Tmem233	chr5	TRUE	FALSE
Ctnnd1	chr2	TRUE	FALSE
Tubd1	chr11	TRUE	TRUE
Acer2	chr4	TRUE	FALSE
Clic5	chr17	TRUE	FALSE
Mroh2b	chr15	TRUE	FALSE
Zfp981	chr4	TRUE	TRUE
P2ry2	chr7	TRUE	FALSE
Afg3l1	chr8	TRUE	FALSE
C2cd5	chr6	TRUE	FALSE
Nkd2	chr13	TRUE	FALSE
Stimate	chr14	TRUE	FALSE
Zfp469	chr8	TRUE	FALSE
Zswim4	chr8	TRUE	FALSE
Cntn6	chr6	TRUE	FALSE
Clec4a4	chr6	TRUE	TRUE
P2ry12	chr3	TRUE	FALSE
Ube2e2	chr14	TRUE	FALSE
Iqce	chr5	TRUE	FALSE
Plscr1	chr9	TRUE	FALSE
Hepacam2	chr6	TRUE	FALSE
Stk11ip	chr1	TRUE	FALSE
Il31ra	chr13	TRUE	FALSE
Pdlim5	chr3	TRUE	FALSE
Sfswap	chr5	TRUE	FALSE
Fam49a	chr12	TRUE	FALSE
N4bp2l1	chr5	TRUE	FALSE
Ces1c	chr8	TRUE	TRUE
Nlrp9a	chr7	TRUE	TRUE
Zfp788	chr7	TRUE	FALSE
Ube2h	chr6	TRUE	FALSE
Kif9	chr9	TRUE	TRUE
Eef1a1	chr9	TRUE	FALSE
Pde4c	chr8	TRUE	FALSE
Smyd5	chr6	TRUE	FALSE
Ak5	chr3	TRUE	FALSE
Slc25a34	chr4	TRUE	FALSE
Kit	chr5	TRUE	FALSE
Bag5	chr12	TRUE	FALSE
Slc12a5	chr2	TRUE	FALSE
Sgpp1	chr12	TRUE	FALSE
Sdhaf2	chr19	TRUE	FALSE
Als2	chr1	TRUE	FALSE
Rnf26	chr9	TRUE	FALSE
Cfap54	chr10	TRUE	FALSE
Stoml3	chr3	TRUE	TRUE
Filip1	chr9	TRUE	FALSE
Mki67	chr7	TRUE	FALSE
Ppp1r1b	chr11	TRUE	FALSE
Ttc6	chr12	TRUE	FALSE
Cdc14a	chr3	TRUE	FALSE
Tnfrsf9	chr4	TRUE	FALSE
Zfhx3	chr8	TRUE	FALSE
Cast	chr13	TRUE	FALSE
Kcmf1	chr6	TRUE	FALSE
Mtrf1	chr14	TRUE	FALSE
Radx	chrX	TRUE	TRUE
Syce1l	chr8	TRUE	TRUE
Ccl25	chr8	TRUE	TRUE
As3mt	chr19	TRUE	FALSE
Fsd1	chr17	TRUE	FALSE
Slc26a9	chr1	TRUE	FALSE
Tex10	chr4	TRUE	FALSE
Senp3	chr11	TRUE	FALSE
Stat4	chr1	TRUE	FALSE
Slc3a1	chr17	TRUE	FALSE
Cfap53	chr18	TRUE	FALSE
Olfr373	chr8	TRUE	TRUE
Pgbd5	chr8	TRUE	FALSE
Luc7l3	chr11	TRUE	FALSE
Gm44973	chr7	TRUE	FALSE
Cd28	chr1	TRUE	TRUE
Tnni3k	chr3	TRUE	FALSE
Slc4a2	chr5	TRUE	FALSE
Commd9	chr2	TRUE	FALSE
Nmrk2	chr10	TRUE	TRUE
St3gal4	chr9	TRUE	FALSE
Gm8251	chr1	TRUE	TRUE
Gm28035	chr2	TRUE	FALSE
Ldha	chr7	TRUE	FALSE
Pcm1	chr8	TRUE	FALSE
Fbln7	chr2	TRUE	FALSE
Tmem161b	chr13	TRUE	FALSE
Matr3	chr18	TRUE	FALSE
Sys1	chr2	TRUE	FALSE
Pi4kb	chr3	TRUE	FALSE
Scgb2b26	chr7	TRUE	TRUE
Bak1	chr17	TRUE	FALSE
Krtap5-2	chr7	TRUE	TRUE
Sptan1	chr2	TRUE	FALSE
Rif1	chr2	TRUE	FALSE
Lef1	chr3	TRUE	FALSE
Cs	chr10	TRUE	FALSE
Dkk2	chr3	TRUE	FALSE
Rdh13	chr7	TRUE	TRUE
Slco6c1	chr1	TRUE	TRUE
Zbtb11	chr16	TRUE	FALSE
Aco2	chr15	TRUE	FALSE
Asxl2	chr12	TRUE	FALSE
Zfp984	chr4	TRUE	FALSE
Zfp618	chr4	TRUE	FALSE
Ppp6r3	chr19	TRUE	FALSE
Mau2	chr8	TRUE	FALSE
Golga4	chr9	TRUE	FALSE
Slc38a6	chr12	TRUE	FALSE
Tcaf1	chr6	TRUE	FALSE
Atp6v1a	chr16	TRUE	FALSE
Ssr2	chr3	TRUE	FALSE
Mettl21c	chr1	TRUE	TRUE
Ccdc157	chr11	TRUE	FALSE
Npdc1	chr2	TRUE	FALSE
Map1b	chr13	TRUE	FALSE
Numbl	chr7	TRUE	FALSE
Cap2	chr13	TRUE	FALSE
Sgce	chr6	TRUE	FALSE
Kpna7	chr5	TRUE	FALSE
Nlrp10	chr7	TRUE	FALSE
Psmb4	chr3	TRUE	FALSE
Prrg2	chr7	TRUE	FALSE
Cers3	chr7	TRUE	FALSE
Ceacam1	chr7	TRUE	FALSE
Amotl1	chr9	TRUE	FALSE
Plcd1	chr9	TRUE	FALSE
Dmxl2	chr9	TRUE	FALSE
Eml2	chr7	TRUE	FALSE
Zfp26	chr9	TRUE	FALSE
Dppa2	chr16	TRUE	FALSE
Mme	chr3	TRUE	FALSE
Gpr22	chr12	TRUE	FALSE
Sel1l2	chr2	TRUE	FALSE
Pfkp	chr13	TRUE	FALSE
Arhgap21	chr2	TRUE	FALSE
Gm4847	chr1	TRUE	TRUE
Dop1a	chr9	TRUE	FALSE
Pf4	chr5	TRUE	TRUE
Gpr37	chr6	TRUE	FALSE
Fip1l1	chr5	TRUE	FALSE
Gm50253	chr17	TRUE	FALSE
Cpox	chr16	TRUE	FALSE
Dcn	chr10	TRUE	TRUE
Mat2b	chr11	TRUE	FALSE
Fgf4	chr7	TRUE	FALSE
Tmem237	chr1	TRUE	FALSE
Dnm1	chr2	TRUE	FALSE
Fgfr1op2	chr6	TRUE	FALSE
Nfe2l2	chr2	TRUE	FALSE
Capza1	chr3	TRUE	FALSE
Sec31b	chr19	TRUE	FALSE
Atp1a1	chr3	TRUE	FALSE
Spsb3	chr17	TRUE	FALSE
Alx1	chr10	TRUE	FALSE
Sh3bp4	chr1	TRUE	FALSE
Tbpl1	chr10	TRUE	FALSE
Ticam2	chr18	TRUE	FALSE
Tbc1d22b	chr17	TRUE	FALSE
Cul5	chr9	TRUE	FALSE
Cnn3	chr3	TRUE	FALSE
Rttn	chr18	TRUE	FALSE
Slc22a26	chr19	TRUE	TRUE
Ceacam20	chr7	TRUE	TRUE
Ifi214	chr1	TRUE	TRUE
Kdm5b	chr1	TRUE	FALSE
Pigu	chr2	TRUE	FALSE
Mettl8	chr2	TRUE	FALSE
Gpr18	chr14	TRUE	TRUE
Stx7	chr10	TRUE	FALSE
Rrn3	chr16	TRUE	FALSE
Gm1604b	chr17	TRUE	FALSE
Gstm1	chr3	TRUE	FALSE
Plcg1	chr2	TRUE	FALSE
Phlpp2	chr8	TRUE	FALSE
Trpc4	chr3	TRUE	FALSE
C130074G19Rik	chr1	TRUE	FALSE
Sema3g	chr14	TRUE	FALSE
Hdgf	chr3	TRUE	FALSE
Cyfip1	chr7	TRUE	FALSE
Atp13a5	chr16	TRUE	FALSE
Casp7	chr19	TRUE	FALSE
Fxyd6	chr9	TRUE	FALSE
Plpp7	chr2	TRUE	FALSE
Prkag2	chr5	TRUE	FALSE
Haus6	chr4	TRUE	FALSE
Wnt3a	chr11	TRUE	FALSE
Klf13	chr7	TRUE	FALSE
Polm	chr11	TRUE	FALSE
Susd3	chr13	TRUE	FALSE
Mug2	chr6	TRUE	TRUE
Stard9	chr2	TRUE	FALSE
Zfp974	chr7	TRUE	FALSE
Mapk6	chr9	TRUE	FALSE
Reck	chr4	TRUE	FALSE
Ppp6r2	chr15	TRUE	FALSE
Zc3h3	chr15	TRUE	FALSE
Cnst	chr1	TRUE	FALSE
Supv3l1	chr10	TRUE	FALSE
Fam180a	chr6	TRUE	FALSE
Stx1a	chr5	TRUE	FALSE
Map3k3	chr11	TRUE	FALSE
Tyms	chr5	TRUE	FALSE
Hsf3	chrX	TRUE	TRUE
Pik3c2g	chr6	TRUE	FALSE
Dact3	chr7	TRUE	FALSE
Pank3	chr11	TRUE	FALSE
Arel1	chr12	TRUE	FALSE
9330182L06Rik	chr5	TRUE	FALSE
Prox1	chr1	TRUE	FALSE
Il1rapl2	chrX	TRUE	FALSE
Tbcel	chr9	TRUE	FALSE
Nlrp6	chr7	TRUE	FALSE
Hoxc4	chr15	TRUE	FALSE
Gpr149	chr3	TRUE	FALSE
Marchf6	chr15	TRUE	FALSE
Flot2	chr11	TRUE	FALSE
Trhde	chr10	TRUE	FALSE
Olfr1504	chr19	TRUE	TRUE
Wdr62	chr7	TRUE	FALSE
Zcchc4	chr5	TRUE	FALSE
Pdss2	chr10	TRUE	FALSE
Trim67	chr8	TRUE	FALSE
Ndrg3	chr2	TRUE	FALSE
4933424G06Rik	chr1	TRUE	FALSE
Dtx3l	chr16	TRUE	FALSE
Csgalnact2	chr6	TRUE	FALSE
Dlgap2	chr8	TRUE	FALSE
Adamtsl5	chr10	TRUE	FALSE
Treh	chr9	TRUE	FALSE
Wwp1	chr4	TRUE	FALSE
Exoc4	chr6	TRUE	FALSE
Gsdma3	chr11	TRUE	TRUE
Ubr2	chr17	TRUE	FALSE
Stam2	chr2	TRUE	FALSE
Brsk2	chr7	TRUE	FALSE
Mrgprd	chr7	TRUE	FALSE
Awat2	chrX	TRUE	TRUE
Car6	chr4	TRUE	TRUE
Havcr1	chr11	TRUE	TRUE
Cd2	chr3	TRUE	FALSE
Cept1	chr3	TRUE	FALSE
Liph	chr16	TRUE	FALSE
Sgk3	chr1	TRUE	FALSE
Abhd17c	chr7	TRUE	FALSE
Cnbp	chr6	TRUE	FALSE
Gimd1	chr3	TRUE	TRUE
Ammecr1	chrX	TRUE	FALSE
Timp3	chr10	TRUE	FALSE
Ceacam16	chr7	TRUE	FALSE
Nmnat2	chr1	TRUE	FALSE
Itch	chr2	TRUE	FALSE
Abcf1	chr17	TRUE	FALSE
Xpc	chr6	TRUE	FALSE
Maob	chrX	TRUE	TRUE
1700012B09Rik	chr9	TRUE	FALSE
Slco1a1	chr6	TRUE	TRUE
Fig4	chr10	TRUE	FALSE
Cyp4a12a	chr4	TRUE	TRUE
Rhoj	chr12	TRUE	FALSE
Zc3h6	chr2	TRUE	FALSE
3110021N24Rik	chr4	TRUE	FALSE
Fam3c	chr6	TRUE	FALSE
Rad18	chr6	TRUE	TRUE
Adamtsl1	chr4	TRUE	FALSE
St3gal1	chr15	TRUE	FALSE
Acat1	chr9	TRUE	FALSE
Wdr37	chr13	TRUE	FALSE
Mup6	chr4	TRUE	TRUE
Fam181b	chr7	TRUE	FALSE
Acox1	chr11	TRUE	FALSE
Psmb2	chr4	TRUE	FALSE
Nanos3	chr8	TRUE	FALSE
B3gat1	chr9	TRUE	FALSE
Pdgfd	chr9	TRUE	FALSE
Smc5	chr19	TRUE	FALSE
Ppp6r1	chr7	TRUE	FALSE
Btg3	chr16	TRUE	FALSE
Chrm3	chr13	TRUE	FALSE
Cyp2c38	chr19	TRUE	TRUE
Smagp	chr15	TRUE	FALSE
Vmn2r77	chr7	TRUE	TRUE
B3gnt7	chr1	TRUE	FALSE
Ryr1	chr7	TRUE	FALSE
Gcnt2	chr13	TRUE	FALSE
Neurog1	chr13	TRUE	FALSE
Crocc2	chr1	TRUE	FALSE
Fopnl	chr16	TRUE	FALSE
Rhpn2	chr7	TRUE	FALSE
Olfr1247	chr2	TRUE	TRUE
Hmgn3	chr9	TRUE	FALSE
Tmem131	chr1	TRUE	FALSE
Eps8l1	chr7	TRUE	FALSE
Aox4	chr1	TRUE	FALSE
Ctps	chr4	TRUE	FALSE
Bco2	chr9	TRUE	TRUE
Pcdhga11	chr18	TRUE	FALSE
Zfp90	chr8	TRUE	FALSE
Hsd17b11	chr5	TRUE	FALSE
Smarca1	chrX	TRUE	TRUE
Qtrt2	chr16	TRUE	FALSE
Fmo5	chr3	TRUE	TRUE
Iglon5	chr7	TRUE	FALSE
Dab1	chr4	TRUE	FALSE
Fat2	chr11	TRUE	FALSE
Prrc2c	chr1	TRUE	FALSE
Olfr212	chr6	TRUE	TRUE
Ankrd36	chr11	TRUE	TRUE
S100a13	chr3	TRUE	FALSE
Phip	chr9	TRUE	FALSE
Tbc1d15	chr10	TRUE	FALSE
Lmo7	chr14	TRUE	FALSE
Sfmbt2	chr2	TRUE	FALSE
Cab39l	chr14	TRUE	FALSE
Cc2d1b	chr4	TRUE	FALSE
Smarcad1	chr6	TRUE	FALSE
Rcan3	chr4	TRUE	FALSE
Ankrd27	chr7	TRUE	FALSE
Sorbs3	chr14	TRUE	FALSE
Kitl	chr10	TRUE	FALSE
Tpd52l1	chr10	TRUE	FALSE
Pde8b	chr13	TRUE	FALSE
Crym	chr7	TRUE	FALSE
Postn	chr3	TRUE	TRUE
Prdm10	chr9	TRUE	FALSE
Itih5	chr2	TRUE	FALSE
Rhobtb3	chr13	TRUE	FALSE
Igll1	chr16	TRUE	TRUE
Uvssa	chr5	TRUE	FALSE
Gm4969	chr7	TRUE	FALSE
Ivns1abp	chr1	TRUE	FALSE
Stpg4	chr17	TRUE	FALSE
Dnah5	chr15	TRUE	FALSE
Ugcg	chr4	TRUE	FALSE
Plcg2	chr8	TRUE	FALSE
Lgsn	chr1	TRUE	FALSE
Armc6	chr8	TRUE	FALSE
A630010A05Rik	chr16	TRUE	TRUE
Add1	chr5	TRUE	FALSE
Phkb	chr8	TRUE	FALSE
Akip1	chr7	TRUE	FALSE
Terb2	chr2	TRUE	TRUE
Gprc5a	chr6	TRUE	FALSE
Kcnh4	chr11	TRUE	FALSE
Snx18	chr13	TRUE	FALSE
Plscr5	chr9	TRUE	FALSE
Ccnt1	chr15	TRUE	FALSE
Trp53inp2	chr2	TRUE	FALSE
Kif19a	chr11	TRUE	FALSE
Plekhb2	chr1	TRUE	FALSE
Kctd21	chr7	TRUE	FALSE
Mansc4	chr6	TRUE	FALSE
6430550D23Rik	chr2	TRUE	FALSE
Zfp207	chr11	TRUE	FALSE
Soga1	chr2	TRUE	FALSE
Klhl18	chr9	TRUE	FALSE
Htr4	chr18	TRUE	FALSE
Fam186b	chr15	TRUE	FALSE
Cebpg	chr7	TRUE	FALSE
Vmn2r102	chr17	TRUE	TRUE
Ctsz	chr2	TRUE	FALSE
Sptssb	chr3	TRUE	FALSE
Ncoa3	chr2	TRUE	FALSE
Rreb1	chr13	TRUE	FALSE
Sh3bp2	chr5	TRUE	FALSE
Adam7	chr14	TRUE	TRUE
Galntl6	chr8	TRUE	FALSE
Iqck	chr7	TRUE	FALSE
Herc6	chr6	TRUE	FALSE
Selenbp1	chr3	TRUE	FALSE
Gdpd1	chr11	TRUE	FALSE
Cacng8	chr7	TRUE	FALSE
Zc3h4	chr7	TRUE	FALSE
Abcc6	chr7	TRUE	FALSE
Adnp	chr2	TRUE	FALSE
Pptc7	chr5	TRUE	FALSE
Ccnd3	chr17	TRUE	FALSE
Traip	chr9	TRUE	FALSE
Tubal3	chr13	TRUE	FALSE
Serinc2	chr4	TRUE	FALSE
Igsf9b	chr9	TRUE	FALSE
4932414N04Rik	chr2	TRUE	TRUE
Rab18	chr18	TRUE	FALSE
Rab3ip	chr10	TRUE	FALSE
Zfp865	chr7	TRUE	FALSE
Hmmr	chr11	TRUE	FALSE
Tmem182	chr1	TRUE	TRUE
Cep295nl	chr11	TRUE	TRUE
Ptpn23	chr9	TRUE	FALSE
Cul1	chr6	TRUE	FALSE
Gm10220	chr5	TRUE	TRUE
Gm29609	chr5	TRUE	FALSE
Ttn	chr2	TRUE	FALSE
Zfp174	chr16	TRUE	FALSE
Mospd1	chrX	TRUE	FALSE
Mogat2	chr7	TRUE	FALSE
Cop1	chr1	TRUE	FALSE
Snx25	chr8	TRUE	FALSE
Mettl6	chr14	TRUE	FALSE
4930447C04Rik	chr12	TRUE	FALSE
Sacm1l	chr9	TRUE	FALSE
Sirt1	chr10	TRUE	FALSE
Zbtb44	chr9	TRUE	FALSE
Sez6l2	chr7	TRUE	FALSE
Cpe	chr8	TRUE	FALSE
Fbxo34	chr14	TRUE	FALSE
Plxnd1	chr6	TRUE	FALSE
Olfr288	chr15	TRUE	TRUE
Fam126b	chr1	TRUE	FALSE
Snx27	chr3	TRUE	FALSE
Grap2	chr15	TRUE	FALSE
Map4k5	chr12	TRUE	FALSE
Fbxw28	chr9	TRUE	TRUE
Pate2	chr9	TRUE	FALSE
Skint11	chr4	TRUE	TRUE
Ap3b2	chr7	TRUE	FALSE
Slco4a1	chr2	TRUE	FALSE
Catsper1	chr19	TRUE	TRUE
Slc36a2	chr11	TRUE	FALSE
Samd3	chr10	TRUE	TRUE
Lrrc72	chr12	TRUE	TRUE
Myo5c	chr9	TRUE	FALSE
Gm5108	chr5	TRUE	TRUE
Hp1bp3	chr4	TRUE	FALSE
Olfr1494	chr19	TRUE	FALSE
Senp6	chr9	TRUE	FALSE
Myom3	chr4	TRUE	FALSE
Aamdc	chr7	TRUE	FALSE
Gask1b	chr3	TRUE	FALSE
Lrrc52	chr1	TRUE	FALSE
Kras	chr6	TRUE	FALSE
Furin	chr7	TRUE	FALSE
Gm50364	chr18	TRUE	FALSE
Pi4k2a	chr19	TRUE	FALSE
Boll	chr1	TRUE	FALSE
Wdr74	chr19	TRUE	FALSE
Morc2a	chr11	TRUE	FALSE
Rsph9	chr17	TRUE	FALSE
Cfap65	chr1	TRUE	FALSE
Rhoa	chr9	TRUE	FALSE
Thoc2l	chr5	TRUE	FALSE
Gm13283	chr4	TRUE	FALSE
Lsm10	chr4	TRUE	FALSE
Ctxn2	chr2	TRUE	FALSE
Dennd6a	chr14	TRUE	FALSE
BC048562	chr9	TRUE	TRUE
Pbx4	chr8	TRUE	FALSE
Bmp10	chr6	TRUE	FALSE
H3c15	chr3	TRUE	FALSE
Cela2a	chr4	TRUE	TRUE
Atp13a3	chr16	TRUE	FALSE
Clec3a	chr8	TRUE	TRUE
AC147806.2	chr1	TRUE	FALSE
Bcor	chrX	TRUE	FALSE
Atp8b3	chr10	TRUE	FALSE
Impdh1	chr6	TRUE	FALSE
Zer1	chr2	TRUE	FALSE
Epn3	chr11	TRUE	FALSE
Galnt14	chr17	TRUE	FALSE
Pgap1	chr1	TRUE	FALSE
4930470P17Rik	chr2	TRUE	TRUE
Urm1	chr2	TRUE	FALSE
Emc3	chr6	TRUE	FALSE
Kctd4	chr14	TRUE	FALSE
Dffa	chr4	TRUE	FALSE
Oacyl	chr18	TRUE	FALSE
Itpa	chr2	TRUE	FALSE
Acvr1	chr2	TRUE	FALSE
Tnfaip8l2	chr3	TRUE	TRUE
Plekhg5	chr4	TRUE	FALSE
Ak9	chr10	TRUE	FALSE
Pak1ip1	chr13	TRUE	FALSE
Apip	chr2	TRUE	FALSE
E130114P18Rik	chr4	TRUE	FALSE
Pramef6	chr4	TRUE	TRUE
Cdk17	chr10	TRUE	FALSE
D6Wsu163e	chr6	TRUE	FALSE
Phf20l1	chr15	TRUE	FALSE
Olfr106-ps	chr17	TRUE	TRUE
Abcb9	chr5	TRUE	FALSE
Sis	chr3	TRUE	TRUE
1700006A11Rik	chr3	TRUE	TRUE
Nppa	chr4	TRUE	TRUE
Drc7	chr8	TRUE	FALSE
Zdhhc3	chr9	TRUE	FALSE
Chst10	chr1	TRUE	FALSE
Psmd11	chr11	TRUE	FALSE
Ubn2	chr6	TRUE	FALSE
Rab7	chr6	TRUE	FALSE
Cpsf6	chr10	TRUE	FALSE
Mrs2	chr13	TRUE	FALSE
Gpd1l	chr9	TRUE	FALSE
Slc51b	chr9	TRUE	TRUE
Acsl3	chr1	TRUE	FALSE
Usp33	chr3	TRUE	FALSE
Crip1	chr12	TRUE	FALSE
Tent4a	chr13	TRUE	FALSE
Med14	chrX	TRUE	FALSE
Ttbk1	chr17	TRUE	FALSE
Kif27	chr13	TRUE	FALSE
Abcb5	chr12	TRUE	TRUE
Bend6	chr1	TRUE	FALSE
Wfdc5	chr2	TRUE	TRUE
Ephx1	chr1	TRUE	FALSE
Olfr410	chr11	TRUE	TRUE
D930020B18Rik	chr10	TRUE	FALSE
Tnfsfm13	chr11	TRUE	FALSE
Far1	chr7	TRUE	FALSE
Mpi	chr9	TRUE	FALSE
Gpat3	chr5	TRUE	FALSE
Clec4n	chr6	TRUE	TRUE
Cab39	chr1	TRUE	FALSE
Zfp275	chrX	TRUE	FALSE
Pitpnc1	chr11	TRUE	FALSE
Il17rb	chr14	TRUE	FALSE
Prrt4	chr6	TRUE	FALSE
Tep1	chr14	TRUE	FALSE
Polk	chr13	TRUE	FALSE
Yipf1	chr4	TRUE	FALSE
Pla2g3	chr11	TRUE	FALSE
Ankdd1b	chr13	TRUE	FALSE
Olfr643	chr7	TRUE	TRUE
Mstn	chr1	TRUE	FALSE
9430038I01Rik	chr7	TRUE	TRUE
Tmod2	chr9	TRUE	FALSE
Prex2	chr1	TRUE	FALSE
Btg1c	chrX	TRUE	TRUE
Gm5901	chr7	TRUE	TRUE
Serpine2	chr1	TRUE	FALSE
Prkaca	chr8	TRUE	FALSE
Tjp2	chr19	TRUE	FALSE
Clcnkb	chr4	TRUE	FALSE
Gbp7	chr3	TRUE	FALSE
Plxnc1	chr10	TRUE	FALSE
Commd3	chr2	TRUE	FALSE
Ncoa7	chr10	TRUE	FALSE
Cplane1	chr15	TRUE	FALSE
Bcar1	chr8	TRUE	FALSE
Fmr1nb	chrX	TRUE	TRUE
Tbx22	chrX	TRUE	FALSE
Gclc	chr9	TRUE	FALSE
Tmem9b	chr7	TRUE	FALSE
Acad9	chr3	TRUE	FALSE
Svopl	chr6	TRUE	TRUE
Cdk5rap1	chr2	TRUE	TRUE
A830018L16Rik	chr1	TRUE	FALSE
F13b	chr1	TRUE	TRUE
Itgae	chr11	TRUE	FALSE
Ihh	chr1	TRUE	FALSE
Slc20a2	chr8	TRUE	FALSE
Myh7b	chr2	TRUE	FALSE
Ntsr1	chr2	TRUE	FALSE
Gpatch8	chr11	TRUE	FALSE
Syt15	chr14	TRUE	FALSE
Ccdc77	chr6	TRUE	FALSE
Fcrl1	chr3	TRUE	TRUE
Sox8	chr17	TRUE	FALSE
Resp18	chr1	TRUE	FALSE
Zmym6	chr4	TRUE	FALSE
Apoh	chr11	TRUE	FALSE
Fbxl5	chr5	TRUE	FALSE
Trpm6	chr19	TRUE	FALSE
Gdnf	chr15	TRUE	FALSE
Casc4	chr2	TRUE	FALSE
Gbp2	chr3	TRUE	FALSE
Tgfbr2	chr9	TRUE	FALSE
Tirap	chr9	TRUE	FALSE
Ctss	chr3	TRUE	TRUE
Adgrf4	chr17	TRUE	TRUE
Slc22a16	chr10	TRUE	TRUE
Ntng2	chr2	TRUE	FALSE
L1cam	chrX	TRUE	FALSE
Ghrhr	chr6	TRUE	FALSE
Pbrm1	chr14	TRUE	FALSE
Sdc2	chr15	TRUE	FALSE
Ube3a	chr7	TRUE	FALSE
Zdhhc2	chr8	TRUE	FALSE
Htr6	chr4	TRUE	FALSE
Rac1	chr5	TRUE	FALSE
Coq10b	chr1	TRUE	FALSE
Nup205	chr6	TRUE	FALSE
Trpm2	chr10	TRUE	FALSE
Tmem14a	chr1	TRUE	FALSE
Syk	chr13	TRUE	FALSE
Tns2	chr15	TRUE	FALSE
Fignl2	chr15	TRUE	FALSE
Shroom2	chrX	TRUE	FALSE
Ctnnal1	chr4	TRUE	FALSE
St8sia4	chr1	TRUE	FALSE
Ptpro	chr6	TRUE	FALSE
Gm20547	chr17	TRUE	FALSE
Kynu	chr2	TRUE	TRUE
Cyp2j13	chr4	TRUE	FALSE
Gm4450	chr3	TRUE	TRUE
Ldlrad2	chr4	TRUE	TRUE
Gdf9	chr11	TRUE	FALSE
Sfxn4	chr19	TRUE	FALSE
D17H6S53E	chr17	TRUE	FALSE
Hspb7	chr4	TRUE	FALSE
Ints13	chr6	TRUE	FALSE
Senp5	chr16	TRUE	FALSE
Dnajb14	chr3	TRUE	FALSE
Golph3	chr15	TRUE	FALSE
Comt	chr16	TRUE	FALSE
Lrp2	chr2	TRUE	FALSE
Plekhm2	chr4	TRUE	FALSE
Iqub	chr6	TRUE	FALSE
Sil1	chr18	TRUE	FALSE
Mtcl1	chr17	TRUE	FALSE
E030030I06Rik	chr10	TRUE	FALSE
Gpr107	chr2	TRUE	FALSE
Ciao2b	chr8	TRUE	FALSE
Mcur1	chr13	TRUE	FALSE
Crocc	chr4	TRUE	FALSE
A930009A15Rik	chr10	TRUE	FALSE
Efnb2	chr8	TRUE	FALSE
4930430F08Rik	chr10	TRUE	FALSE
Cd48	chr1	TRUE	TRUE
Tmem116	chr5	TRUE	TRUE
Grn	chr11	TRUE	FALSE
Lrp8	chr4	TRUE	FALSE
1700010I14Rik	chr17	TRUE	FALSE
Pde1c	chr6	TRUE	FALSE
Herc1	chr9	TRUE	FALSE
Fam187b	chr7	TRUE	FALSE
Cct8	chr16	TRUE	FALSE
Itgad	chr7	TRUE	TRUE
Cd86	chr16	TRUE	TRUE
Fbp1	chr13	TRUE	FALSE
2410131K14Rik	chr5	TRUE	FALSE
Gsc2	chr16	TRUE	FALSE
Arhgef7	chr8	TRUE	FALSE
Pirt	chr11	TRUE	FALSE
Ccdc50	chr16	TRUE	FALSE
Lama3	chr18	TRUE	FALSE
Ppp4r2	chr6	TRUE	FALSE
Cnot1	chr8	TRUE	FALSE
Atg2b	chr12	TRUE	FALSE
1700016C15Rik	chr1	TRUE	TRUE
Scyl3	chr1	TRUE	FALSE
Ppp2r2c	chr5	TRUE	FALSE
Fcmr	chr1	TRUE	FALSE
Olfr484	chr7	TRUE	TRUE
Zfp322a	chr13	TRUE	FALSE
Kcng4	chr8	TRUE	FALSE
Gpbp1	chr13	TRUE	FALSE
Opa1	chr16	TRUE	FALSE
Uqcc2	chr17	TRUE	FALSE
Wnt7a	chr6	TRUE	FALSE
Tada2a	chr11	TRUE	FALSE
Trpm5	chr7	TRUE	FALSE
Ankrd13a	chr5	TRUE	FALSE
Nkrf	chrX	TRUE	FALSE
Htatip2	chr7	TRUE	FALSE
Mark3	chr12	TRUE	FALSE
Rab2b	chr14	TRUE	FALSE
Lrch2	chrX	TRUE	FALSE
4931429L15Rik	chr9	TRUE	FALSE
Slc10a1	chr12	TRUE	FALSE
Nek9	chr12	TRUE	FALSE
Prtg	chr9	TRUE	FALSE
Lhx2	chr2	TRUE	FALSE
Ddb2	chr2	TRUE	FALSE
Gm5622	chr14	TRUE	TRUE
Fgfr2	chr7	TRUE	FALSE
Cmtm4	chr8	TRUE	FALSE
Gabpb2	chr3	TRUE	FALSE
Dbh	chr2	TRUE	FALSE
Tbx21	chr11	TRUE	FALSE
Ifitm10	chr7	TRUE	FALSE
Frem1	chr4	TRUE	FALSE
Gas2l1	chr11	TRUE	FALSE
Topaz1	chr9	TRUE	TRUE
Cd36	chr5	TRUE	TRUE
Thegl	chr5	TRUE	FALSE
Prr36	chr8	TRUE	FALSE
Hadha	chr5	TRUE	FALSE
Cyp2b13	chr7	TRUE	TRUE
St6galnac2	chr11	TRUE	FALSE
Aen	chr7	TRUE	FALSE
Plin2	chr4	TRUE	FALSE
Faap20	chr4	TRUE	FALSE
Anxa6	chr11	TRUE	FALSE
Vsx2	chr12	TRUE	FALSE
Mab21l2	chr3	TRUE	FALSE
Cdsn	chr17	TRUE	TRUE
Atg9b	chr5	TRUE	FALSE
Sec24b	chr3	TRUE	FALSE
Rabggta	chr14	TRUE	FALSE
1700020N01Rik	chr10	TRUE	FALSE
4933417A18Rik	chr13	TRUE	TRUE
Ttf1	chr2	TRUE	FALSE
Sowahc	chr10	TRUE	FALSE
Asphd2	chr5	TRUE	FALSE
Nxpe3	chr16	TRUE	FALSE
Gls	chr1	TRUE	FALSE
Gm43951	chr11	TRUE	FALSE
Tctex1d1	chr4	TRUE	FALSE
Tspan15	chr10	TRUE	FALSE
Zfp935	chr13	TRUE	FALSE
Prdm8	chr5	TRUE	FALSE
Slc26a3	chr12	TRUE	FALSE
Gcc2	chr10	TRUE	FALSE
4933427D14Rik	chr11	TRUE	FALSE
Slc17a8	chr10	TRUE	FALSE
Irf7	chr7	TRUE	FALSE
Fanci	chr7	TRUE	FALSE
Tfr2	chr5	TRUE	FALSE
Rhd	chr4	TRUE	FALSE
Fam160a2	chr7	TRUE	FALSE
Xrra1	chr7	TRUE	FALSE
Panx1	chr9	TRUE	FALSE
Iltifb	chr10	TRUE	FALSE
Irs1	chr1	TRUE	FALSE
Eif4enif1	chr11	TRUE	FALSE
Snx13	chr12	TRUE	FALSE
Mtus1	chr8	TRUE	FALSE
9530053A07Rik	chr7	TRUE	TRUE
Sv2b	chr7	TRUE	FALSE
Ski	chr4	TRUE	FALSE
Oxa1l	chr14	TRUE	FALSE
Abi3bp	chr16	TRUE	FALSE
Clcn5	chrX	TRUE	FALSE
Dennd6b	chr15	TRUE	FALSE
Edc3	chr9	TRUE	FALSE
Il19	chr1	TRUE	FALSE
Zar1l	chr5	TRUE	TRUE
Cela3b	chr4	TRUE	TRUE
Bcl9	chr3	TRUE	FALSE
Camkk2	chr5	TRUE	FALSE
Rbms2	chr10	TRUE	FALSE
Tmem63c	chr12	TRUE	FALSE
Trip10	chr17	TRUE	FALSE
Taf1c	chr8	TRUE	FALSE
Grid2	chr6	TRUE	FALSE
Edaradd	chr13	TRUE	FALSE
Stk39	chr2	TRUE	FALSE
Crisp1	chr17	TRUE	TRUE
Mrps6	chr16	TRUE	FALSE
Cd200r4	chr16	TRUE	TRUE
Pcid2	chr8	TRUE	FALSE
Abca9	chr11	TRUE	FALSE
Orc1	chr4	TRUE	TRUE
Gem	chr4	TRUE	FALSE
Defa29	chr8	TRUE	TRUE
Gm765	chr6	TRUE	TRUE
Majin	chr19	TRUE	TRUE
Tarbp1	chr8	TRUE	FALSE
Fam216b	chr14	TRUE	FALSE
Hacd4	chr4	TRUE	FALSE
Cabp4	chr19	TRUE	FALSE
Mrpl13	chr15	TRUE	FALSE
Aldh3b3	chr19	TRUE	TRUE
Itgax	chr7	TRUE	TRUE
Ccdc141	chr2	TRUE	FALSE
Tec	chr5	TRUE	FALSE
Cdhr2	chr13	TRUE	FALSE
1700024B05Rik	chr14	TRUE	TRUE
2310057N15Rik	chr16	TRUE	TRUE
Ppara	chr15	TRUE	FALSE
Vmn2r78	chr7	TRUE	TRUE
Cep250	chr2	TRUE	FALSE
Grtp1	chr8	TRUE	FALSE
Tdh	chr14	TRUE	FALSE
Pggt1b	chr18	TRUE	FALSE
Serpinb6a	chr13	TRUE	FALSE
Neto2	chr8	TRUE	FALSE
Mroh1	chr15	TRUE	FALSE
Ifngr1	chr10	TRUE	FALSE
Arid1a	chr4	TRUE	FALSE
Rasgef1a	chr6	TRUE	FALSE
Lrrc32	chr7	TRUE	FALSE
Cish	chr9	TRUE	FALSE
Fancm	chr12	TRUE	FALSE
Ostn	chr16	TRUE	TRUE
Zswim9	chr7	TRUE	FALSE
Rpp40	chr13	TRUE	FALSE
Trarg1	chr11	TRUE	TRUE
Lamtor3	chr3	TRUE	FALSE
Golph3l	chr3	TRUE	FALSE
Alms1	chr6	TRUE	FALSE
Tgm7	chr2	TRUE	FALSE
Cst7	chr2	TRUE	TRUE
Olfr1156	chr2	TRUE	TRUE
Zfp324	chr7	TRUE	FALSE
Aar2	chr2	TRUE	FALSE
Naa15	chr3	TRUE	FALSE
Cutal	chr2	TRUE	FALSE
Tmem190	chr7	TRUE	FALSE
2010109A12Rik	chr5	TRUE	FALSE
Npc1l1	chr11	TRUE	TRUE
Klf15	chr6	TRUE	FALSE
Cep162	chr9	TRUE	FALSE
Pbld2	chr10	TRUE	FALSE
Mroh4	chr15	TRUE	TRUE
Pak6	chr2	TRUE	FALSE
Tmem185a	chrX	TRUE	FALSE
Copz1	chr15	TRUE	FALSE
Igfbp2	chr1	TRUE	FALSE
Sntg2	chr12	TRUE	FALSE
Cep104	chr4	TRUE	FALSE
Capn11	chr17	TRUE	FALSE
Cutc	chr19	TRUE	TRUE
Fhdc1	chr3	TRUE	FALSE
Pard6g	chr18	TRUE	FALSE
Igfbpl1	chr4	TRUE	FALSE
Slco4c1	chr1	TRUE	FALSE
Folh1	chr7	TRUE	TRUE
Tpcn2	chr7	TRUE	FALSE
Gcfc2	chr6	TRUE	FALSE
Wdr6	chr9	TRUE	FALSE
Chmp7	chr14	TRUE	FALSE
Ildr1	chr16	TRUE	FALSE
Dcaf12	chr4	TRUE	FALSE
Chp1	chr2	TRUE	FALSE
Olfr767	chr10	TRUE	TRUE
Txk	chr5	TRUE	FALSE
Rslcan18	chr13	TRUE	FALSE
Myo1c	chr11	TRUE	FALSE
Gm20503	chr4	TRUE	FALSE
Sin3b	chr8	TRUE	FALSE
Ctf1	chr7	TRUE	FALSE
Sntb2	chr8	TRUE	FALSE
Slc36a4	chr9	TRUE	FALSE
Fezf2	chr14	TRUE	FALSE
Vmn1r68	chr7	TRUE	TRUE
D1Ertd622e	chr1	TRUE	FALSE
Inava	chr1	TRUE	FALSE
Sgo1	chr17	TRUE	FALSE
Atp5d	chr10	TRUE	FALSE
Hmgb2	chr8	TRUE	FALSE
Gjc3	chr5	TRUE	TRUE
Ddit3	chr10	TRUE	FALSE
Mrgpra6	chr7	TRUE	TRUE
Jade3	chrX	TRUE	TRUE
Eme2	chr17	TRUE	FALSE
Rasgrp1	chr2	TRUE	FALSE
Gm28635	chr2	TRUE	FALSE
Ltv1	chr10	TRUE	FALSE
Tasor2	chr13	TRUE	FALSE
Clip2	chr5	TRUE	FALSE
Cnksr1	chr4	TRUE	FALSE
Noct	chr3	TRUE	FALSE
Klhl14	chr18	TRUE	FALSE
Nmbr	chr10	TRUE	FALSE
Pappa	chr4	TRUE	FALSE
Spaca3	chr11	TRUE	FALSE
Galc	chr12	TRUE	FALSE
Fam221a	chr6	TRUE	FALSE
Ppic	chr18	TRUE	FALSE
Gm49948	chr16	TRUE	FALSE
Creb1	chr1	TRUE	FALSE
Trim5	chr7	TRUE	TRUE
Olfr223	chr11	TRUE	TRUE
Rassf4	chr6	TRUE	FALSE
Gstm4	chr3	TRUE	FALSE
Gfral	chr9	TRUE	TRUE
Wdhd1	chr14	TRUE	FALSE
Ss18	chr18	TRUE	FALSE
Plek	chr11	TRUE	FALSE
Slc1a5	chr7	TRUE	FALSE
Cngb3	chr4	TRUE	FALSE
Actr2	chr11	TRUE	FALSE
Htr1d	chr4	TRUE	FALSE
Pcare	chr17	TRUE	FALSE
Usp31	chr7	TRUE	FALSE
Rskr	chr11	TRUE	TRUE
Gm8257	chr14	TRUE	TRUE
Olfr632	chr7	TRUE	TRUE
Adamts3	chr5	TRUE	FALSE
Olfr1310	chr2	TRUE	TRUE
Fbxo42	chr4	TRUE	FALSE
Gm5767	chr16	TRUE	TRUE
Vwde	chr6	TRUE	FALSE
Zyg11b	chr4	TRUE	FALSE
Cfap46	chr7	TRUE	FALSE
Cntn5	chr9	TRUE	FALSE
7420426K07Rik	chr9	TRUE	TRUE
Rtl4	chrX	TRUE	FALSE
H2-Q10	chr17	TRUE	FALSE
Usp22	chr11	TRUE	FALSE
Asah2	chr19	TRUE	FALSE
Fbxo24	chr5	TRUE	FALSE
Snx6	chr12	TRUE	FALSE
Ggnbp1	chr17	TRUE	FALSE
Apobec3	chr15	TRUE	FALSE
Olfr292	chr7	TRUE	TRUE
Gk	chrX	TRUE	FALSE
Lmbr1l	chr15	TRUE	FALSE
Anapc15	chr7	TRUE	FALSE
Tmed10	chr12	TRUE	FALSE
Cyp3a13	chr5	TRUE	TRUE
Odf3	chr7	TRUE	TRUE
Plppr4	chr3	TRUE	FALSE
Tmem120b	chr5	TRUE	FALSE
Ccdc28a	chr10	TRUE	FALSE
1810013L24Rik	chr16	TRUE	FALSE
Mfsd14b	chr13	TRUE	FALSE
Pclaf	chr9	TRUE	FALSE
Zfp35	chr18	TRUE	FALSE
Sppl3	chr5	TRUE	FALSE
Ednra	chr8	TRUE	FALSE
4930563M21Rik	chr9	TRUE	TRUE
Plekha5	chr6	TRUE	FALSE
Vwa2	chr19	TRUE	FALSE
Prr27	chr5	TRUE	FALSE
Car3	chr3	TRUE	FALSE
Prdm15	chr16	TRUE	FALSE
Agbl2	chr2	TRUE	FALSE
Rilpl1	chr5	TRUE	FALSE
Zfp941	chr7	TRUE	FALSE
Agt	chr8	TRUE	FALSE
Ndufaf2	chr13	TRUE	FALSE
Mmp15	chr8	TRUE	FALSE
Tmem165	chr5	TRUE	FALSE
Mapk13	chr17	TRUE	FALSE
Prkch	chr12	TRUE	FALSE
Crnkl1	chr2	TRUE	FALSE
Trim45	chr3	TRUE	FALSE
Zfp647	chr15	TRUE	FALSE
Ces1e	chr8	TRUE	FALSE
Ppip5k2	chr1	TRUE	FALSE
Pom121l2	chr13	TRUE	FALSE
Lrrn4	chr2	TRUE	FALSE
Rpe65	chr3	TRUE	TRUE
Phox2a	chr7	TRUE	FALSE
Exoc3l4	chr12	TRUE	FALSE
Exd2	chr12	TRUE	FALSE
Rnf125	chr18	TRUE	FALSE
Fam167a	chr14	TRUE	FALSE
Uchl3	chr14	TRUE	FALSE
Pqlc2	chr4	TRUE	FALSE
Prh1	chr6	TRUE	TRUE
Rpl17	chr18	TRUE	FALSE
Slc25a24	chr3	TRUE	FALSE
Kcns1	chr2	TRUE	FALSE
Far2	chr6	TRUE	FALSE
Nxf2	chrX	TRUE	FALSE
Gpr174	chrX	TRUE	TRUE
Tsc22d2	chr3	TRUE	FALSE
Abcg8	chr17	TRUE	FALSE
Tshr	chr12	TRUE	FALSE
Tnfrsf11a	chr1	TRUE	FALSE
Sfi1	chr11	TRUE	FALSE
Cops6	chr5	TRUE	FALSE
Gpx2	chr12	TRUE	TRUE
Adamts9	chr6	TRUE	FALSE
Zc2hc1b	chr10	TRUE	FALSE
Tmem243	chr5	TRUE	FALSE
Dpy19l1	chr9	TRUE	FALSE
Mgst2	chr3	TRUE	TRUE
Isoc2b	chr7	TRUE	FALSE
Pcp4l1	chr1	TRUE	FALSE
Anxa8	chr14	TRUE	FALSE
Bbs4	chr9	TRUE	TRUE
Lrrc15	chr16	TRUE	FALSE
Srsf9	chr5	TRUE	FALSE
Mtdh	chr15	TRUE	FALSE
Dnajc1	chr2	TRUE	FALSE
Zfp3	chr11	TRUE	FALSE
Plppr1	chr4	TRUE	FALSE
Chka	chr19	TRUE	FALSE
Gabpb1	chr2	TRUE	FALSE
Smpdl3a	chr10	TRUE	FALSE
Rflna	chr5	TRUE	FALSE
Micall2	chr5	TRUE	FALSE
Mtarc1	chr1	TRUE	FALSE
Impa1	chr3	TRUE	FALSE
Arpc4	chr6	TRUE	FALSE
Bmp5	chr9	TRUE	FALSE
Iqcf2	chr9	TRUE	TRUE
Ncapd2	chr6	TRUE	FALSE
Cdk6	chr5	TRUE	FALSE
Pcdhga12	chr18	TRUE	FALSE
Csgalnact1	chr8	TRUE	FALSE
Wdr47	chr3	TRUE	FALSE
Pou5f1	chr17	TRUE	FALSE
Pde6a	chr18	TRUE	FALSE
Mthfs	chr9	TRUE	FALSE
Zfp410	chr12	TRUE	FALSE
Chaf1b	chr16	TRUE	FALSE
Trpa1	chr1	TRUE	FALSE
Pcdh19	chrX	TRUE	FALSE
1700066B19Rik	chr18	TRUE	FALSE
Naip1	chr13	TRUE	FALSE
Nlrp4c	chr7	TRUE	TRUE
Ces2e	chr8	TRUE	FALSE
Kcnt1	chr2	TRUE	FALSE
Vmn1r76	chr7	TRUE	TRUE
Sox13	chr1	TRUE	FALSE
Fbxo45	chr16	TRUE	FALSE
Whrn	chr4	TRUE	FALSE
Myo19	chr11	TRUE	FALSE
Myl4	chr11	TRUE	FALSE
Hsf1	chr15	TRUE	FALSE
Frem3	chr8	TRUE	FALSE
Eomes	chr9	TRUE	FALSE
Champ1	chr8	TRUE	FALSE
1810024B03Rik	chr2	TRUE	TRUE
Pabpc4	chr4	TRUE	FALSE
Cntnap5c	chr17	TRUE	FALSE
Emp1	chr6	TRUE	FALSE
Tmem242	chr17	TRUE	FALSE
Sypl2	chr3	TRUE	FALSE
Msh5	chr17	TRUE	TRUE
AI661453	chr17	TRUE	FALSE
Os9	chr10	TRUE	FALSE
Smg1	chr7	TRUE	FALSE
Olfr980	chr9	TRUE	TRUE
Tvp23b	chr11	TRUE	FALSE
Scgb1b19	chr7	TRUE	TRUE
Impad1	chr4	TRUE	FALSE
Olfr411	chr11	TRUE	TRUE
Plce1	chr19	TRUE	FALSE
Abhd6	chr14	TRUE	FALSE
Rmnd5a	chr6	TRUE	FALSE
Fbxo6	chr4	TRUE	FALSE
Zfyve21	chr12	TRUE	FALSE
Prkg2	chr5	TRUE	FALSE
Ranbp10	chr8	TRUE	FALSE
Slc1a2	chr2	TRUE	FALSE
Fbxo2	chr4	TRUE	FALSE
Slc8a1	chr17	TRUE	FALSE
Tgm2	chr2	TRUE	FALSE
Irak1	chrX	TRUE	FALSE
Gpr153	chr4	TRUE	FALSE
Dnajc27	chr12	TRUE	FALSE
Gdap2	chr3	TRUE	FALSE
Rap1b	chr10	TRUE	FALSE
Kcnj4	chr15	TRUE	FALSE
Mknk1	chr4	TRUE	FALSE
Zwilch	chr9	TRUE	TRUE
Pdcd2l	chr7	TRUE	FALSE
Sp4	chr12	TRUE	FALSE
Zfp982	chr4	TRUE	TRUE
Ncaph	chr2	TRUE	FALSE
Atf1	chr15	TRUE	FALSE
Rp1	chr1	TRUE	TRUE
Gm7030	chr17	TRUE	FALSE
Tet1	chr10	TRUE	FALSE
Fkbp9	chr6	TRUE	FALSE
Arid3a	chr10	TRUE	FALSE
Lvrn	chr18	TRUE	FALSE
Syt9	chr7	TRUE	FALSE
Reep4	chr14	TRUE	FALSE
Abcb11	chr2	TRUE	FALSE
Slc14a1	chr18	TRUE	FALSE
Plekhg2	chr7	TRUE	FALSE
Ccr7	chr11	TRUE	FALSE
Alox12	chr11	TRUE	FALSE
Chrna7	chr7	TRUE	FALSE
Gm4792	chr10	TRUE	FALSE
Mepe	chr5	TRUE	FALSE
Macroh2a2	chr10	TRUE	FALSE
Eif4g2	chr7	TRUE	FALSE
Msmp	chr4	TRUE	TRUE
BC051019	chr7	TRUE	TRUE
Cngb1	chr8	TRUE	FALSE
Gapvd1	chr2	TRUE	FALSE
Gkn1	chr6	TRUE	TRUE
H3f3a	chr1	TRUE	FALSE
Hexa	chr9	TRUE	FALSE
Fam92a	chr4	TRUE	FALSE
Gpr1	chr1	TRUE	FALSE
Frrs1l	chr4	TRUE	FALSE
Efcab14	chr4	TRUE	FALSE
Vmn2r113	chr17	TRUE	TRUE
Atxn3	chr12	TRUE	FALSE
Fam234b	chr6	TRUE	FALSE
Crat	chr2	TRUE	FALSE
Asb18	chr1	TRUE	FALSE
Armc7	chr11	TRUE	FALSE
Rsbn1l	chr5	TRUE	FALSE
Colec12	chr18	TRUE	FALSE
Srarp	chr4	TRUE	TRUE
BC147527	chr13	TRUE	TRUE
Mtmr12	chr15	TRUE	FALSE
Gm49394	chr7	TRUE	FALSE
Cdkl2	chr5	TRUE	FALSE
Ahdc1	chr4	TRUE	FALSE
Nudt18	chr14	TRUE	FALSE
Trappc12	chr12	TRUE	FALSE
Tagln3	chr16	TRUE	FALSE
Synj1	chr16	TRUE	FALSE
Fndc1	chr17	TRUE	FALSE
Gprasp1	chrX	TRUE	FALSE
Plxnb3	chrX	TRUE	FALSE
Il1rap	chr16	TRUE	FALSE
Pcnp	chr16	TRUE	FALSE
Glrx3	chr7	TRUE	FALSE
Cd40	chr2	TRUE	FALSE
Mtmr4	chr11	TRUE	FALSE
Olfr57	chr10	TRUE	TRUE
Gm10271	chr10	TRUE	FALSE
Ddx17	chr15	TRUE	FALSE
Klb	chr5	TRUE	TRUE
Gm49721	chr17	TRUE	FALSE
Olfr478	chr7	TRUE	TRUE
Slc25a20	chr9	TRUE	FALSE
Cipc	chr12	TRUE	FALSE
Cyp4f39	chr17	TRUE	FALSE
Ddost	chr4	TRUE	FALSE
Lsmem1	chr12	TRUE	TRUE
Metrnl	chr11	TRUE	FALSE
Prkcsh	chr9	TRUE	FALSE
Stard3	chr11	TRUE	FALSE
Taz	chrX	TRUE	FALSE
Gsto2	chr19	TRUE	FALSE
Zfp112	chr7	TRUE	TRUE
Gm6356	chr14	TRUE	TRUE
Cyp2j12	chr4	TRUE	FALSE
Adcy3	chr12	TRUE	FALSE
Cabin1	chr10	TRUE	FALSE
Zfand1	chr3	TRUE	FALSE
Spata18	chr5	TRUE	FALSE
Adgrf1	chr17	TRUE	FALSE
Ddx6	chr9	TRUE	FALSE
Aqp6	chr15	TRUE	FALSE
Cep126	chr9	TRUE	FALSE
Fbxo33	chr12	TRUE	FALSE
Themis	chr10	TRUE	FALSE
Fgd1	chrX	TRUE	FALSE
Dhps	chr8	TRUE	FALSE
Vmn2r120	chr17	TRUE	TRUE
Olfr31	chr14	TRUE	FALSE
Rassf6	chr5	TRUE	FALSE
Vtcn1	chr3	TRUE	FALSE
Hoxb7	chr11	TRUE	FALSE
Pcdhga10	chr18	TRUE	FALSE
Ppil4	chr10	TRUE	FALSE
Ppp3cb	chr14	TRUE	FALSE
Rrm2b	chr15	TRUE	FALSE
Rps14	chr18	TRUE	FALSE
Max	chr12	TRUE	FALSE
Eif3h	chr15	TRUE	FALSE
Cops3	chr11	TRUE	FALSE
Gm45713	chr7	TRUE	FALSE
Ces1g	chr8	TRUE	TRUE
Zfp329	chr7	TRUE	FALSE
Wdr86	chr5	TRUE	FALSE
Olfr859	chr9	TRUE	TRUE
Dmbt1	chr7	TRUE	FALSE
Olfr543	chr7	TRUE	TRUE
Stk10	chr11	TRUE	FALSE
Ccbe1	chr18	TRUE	FALSE
Eya2	chr2	TRUE	FALSE
Tmem151a	chr19	TRUE	FALSE
Lrtm2	chr6	TRUE	FALSE
Adcy4	chr14	TRUE	FALSE
Slco1c1	chr6	TRUE	FALSE
Stk38	chr17	TRUE	FALSE
Sncaip	chr18	TRUE	FALSE
Btbd17	chr11	TRUE	FALSE
Ptcd3	chr6	TRUE	FALSE
Rab30	chr7	TRUE	FALSE
Ell	chr8	TRUE	FALSE
Ccdc93	chr1	TRUE	FALSE
Gnb4	chr3	TRUE	FALSE
St8sia1	chr6	TRUE	FALSE
Dupd1	chr14	TRUE	FALSE
Arrdc4	chr7	TRUE	FALSE
Prepl	chr17	TRUE	FALSE
Ntn1	chr11	TRUE	FALSE
Psg20	chr7	TRUE	TRUE
Ttc17	chr2	TRUE	FALSE
Gm5965	chr16	TRUE	TRUE
Tmigd3	chr3	TRUE	FALSE
Slc22a1	chr17	TRUE	FALSE
Ppm1f	chr16	TRUE	FALSE
Cysltr2	chr14	TRUE	FALSE
Tmed7	chr18	TRUE	FALSE
Emc1	chr4	TRUE	FALSE
Plekha7	chr7	TRUE	FALSE
Dhx15	chr5	TRUE	FALSE
Pcdhgb7	chr18	TRUE	FALSE
Galns	chr8	TRUE	FALSE
Tsc22d4	chr5	TRUE	FALSE
Oas3	chr5	TRUE	TRUE
Dusp13	chr14	TRUE	FALSE
Mtif3	chr5	TRUE	FALSE
Csn3	chr5	TRUE	TRUE
Cyp2j6	chr4	TRUE	FALSE
Gm42957	chr3	TRUE	FALSE
Hcfc1	chrX	TRUE	FALSE
Col23a1	chr11	TRUE	FALSE
Spaar	chr4	TRUE	FALSE
Galnt2	chr8	TRUE	FALSE
Ap3s1	chr18	TRUE	FALSE
Trmt10b	chr4	TRUE	FALSE
Slc22a19	chr19	TRUE	TRUE
Pemt	chr11	TRUE	FALSE
Zdhhc6	chr19	TRUE	FALSE
Olfr993	chr2	TRUE	TRUE
Palld	chr8	TRUE	FALSE
Man2c1	chr9	TRUE	FALSE
Tdpoz6	chr3	TRUE	TRUE
Sucla2	chr14	TRUE	FALSE
Rps6ka6	chrX	TRUE	FALSE
Nol10	chr12	TRUE	FALSE
Slco2b1	chr7	TRUE	FALSE
Pdk3	chrX	TRUE	FALSE
Denr	chr5	TRUE	FALSE
Pdk2	chr11	TRUE	FALSE
Ggh	chr4	TRUE	FALSE
Spon2	chr5	TRUE	FALSE
Jam3	chr9	TRUE	FALSE
Stum	chr1	TRUE	FALSE
Zfp606	chr7	TRUE	FALSE
Serpina5	chr12	TRUE	TRUE
Jade2	chr11	TRUE	FALSE
Galnt1	chr18	TRUE	FALSE
Zfp600	chr4	TRUE	FALSE
Zfp945	chr17	TRUE	FALSE
Ccdc163	chr4	TRUE	FALSE
Xrcc4	chr13	TRUE	FALSE
Gba	chr3	TRUE	FALSE
Pdx1	chr5	TRUE	FALSE
Adora1	chr1	TRUE	FALSE
Zfp316	chr5	TRUE	FALSE
Fer1l6	chr15	TRUE	FALSE
Ube2d2a	chr18	TRUE	FALSE
Gm20449	chr7	TRUE	FALSE
Stag1	chr9	TRUE	FALSE
Fmo4	chr1	TRUE	TRUE
Skint10	chr4	TRUE	TRUE
Fam168b	chr1	TRUE	FALSE
Olfr403	chr11	TRUE	TRUE
Etf1	chr18	TRUE	FALSE
Pcsk9	chr4	TRUE	FALSE
Mzt1	chr14	TRUE	FALSE
Elfn1	chr5	TRUE	FALSE
Ppp2r1b	chr9	TRUE	FALSE
Fabp6	chr11	TRUE	TRUE
Dnajc3	chr14	TRUE	FALSE
Slc28a1	chr7	TRUE	FALSE
Taf1b	chr12	TRUE	FALSE
E2f2	chr4	TRUE	FALSE
Thap2	chr10	TRUE	FALSE
Cacna1h	chr17	TRUE	FALSE
Gm14327	chr2	TRUE	FALSE
Ppfibp1	chr6	TRUE	FALSE
Sun1	chr5	TRUE	FALSE
Nox4	chr7	TRUE	FALSE
Vmn1r52	chr6	TRUE	TRUE
Wbp2nl	chr15	TRUE	TRUE
Narf	chr11	TRUE	FALSE
Adgre1	chr17	TRUE	TRUE
Gm28040	chr1	TRUE	FALSE
Grb7	chr11	TRUE	FALSE
Ikbke	chr1	TRUE	FALSE
Dis3	chr14	TRUE	FALSE
Zfp57	chr17	TRUE	FALSE
Pitrm1	chr13	TRUE	FALSE
Pank2	chr2	TRUE	FALSE
Kcnmb4	chr10	TRUE	FALSE
Dnajc14	chr10	TRUE	FALSE
Ccdc125	chr13	TRUE	FALSE
Ccdc173	chr2	TRUE	FALSE
Map3k7	chr4	TRUE	FALSE
Inpp5a	chr7	TRUE	FALSE
Iyd	chr10	TRUE	FALSE
Nynrin	chr14	TRUE	FALSE
Dnajc18	chr18	TRUE	FALSE
Pde6c	chr19	TRUE	TRUE
Pigt	chr2	TRUE	FALSE
Dhfr	chr13	TRUE	FALSE
Methig1	chr15	TRUE	TRUE
Lrtm1	chr14	TRUE	FALSE
Patz1	chr11	TRUE	FALSE
Foxa3	chr7	TRUE	FALSE
Kdelr3	chr15	TRUE	FALSE
Brd3	chr2	TRUE	FALSE
Grin2b	chr6	TRUE	FALSE
Cfap57	chr4	TRUE	FALSE
Prn	chr2	TRUE	FALSE
Neurod6	chr6	TRUE	FALSE
Gm42420	chr6	TRUE	FALSE
Pof1b	chrX	TRUE	TRUE
4930568D16Rik	chr2	TRUE	TRUE
Catspere1	chr1	TRUE	TRUE
Wfs1	chr5	TRUE	FALSE
Slc6a20a	chr9	TRUE	FALSE
Usp35	chr7	TRUE	FALSE
D130043K22Rik	chr13	TRUE	FALSE
Acox3	chr5	TRUE	FALSE
Kif24	chr4	TRUE	FALSE
Asb6	chr2	TRUE	FALSE
Fermt1	chr2	TRUE	FALSE
Serhl	chr15	TRUE	FALSE
P2rx3	chr2	TRUE	FALSE
Col28a1	chr6	TRUE	FALSE
Mcm6	chr1	TRUE	FALSE
Tpp2	chr1	TRUE	FALSE
Rab25	chr3	TRUE	FALSE
Cyp3a57	chr5	TRUE	TRUE
Myo7a	chr7	TRUE	FALSE
Isg20l2	chr3	TRUE	FALSE
Myo1a	chr10	TRUE	FALSE
Zc3h7a	chr16	TRUE	FALSE
Dsg3	chr18	TRUE	TRUE
Psma5	chr3	TRUE	FALSE
Ppp2ca	chr11	TRUE	FALSE
Ints2	chr11	TRUE	FALSE
Dok4	chr8	TRUE	FALSE
Aass	chr6	TRUE	FALSE
Etv2	chr7	TRUE	FALSE
Fam117a	chr11	TRUE	FALSE
Zup1	chr10	TRUE	FALSE
Krit1	chr5	TRUE	FALSE
Kif4	chrX	TRUE	FALSE
Apcs	chr1	TRUE	TRUE
Cryzl1	chr16	TRUE	FALSE
Scaf8	chr17	TRUE	FALSE
Gm28040	chr1	TRUE	FALSE
Maml1	chr11	TRUE	FALSE
Grm3	chr5	TRUE	FALSE
Supt7l	chr5	TRUE	FALSE
Hmces	chr6	TRUE	FALSE
A630001G21Rik	chr1	TRUE	FALSE
Slc37a2	chr9	TRUE	FALSE
Rnf208	chr2	TRUE	FALSE
Heatr1	chr13	TRUE	FALSE
Snx12	chrX	TRUE	FALSE
Pax2	chr19	TRUE	FALSE
Nt5c3b	chr11	TRUE	FALSE
Acan	chr7	TRUE	FALSE
Fam3b	chr16	TRUE	FALSE
Cth	chr3	TRUE	FALSE
Sult2a1	chr7	TRUE	TRUE
Slc5a12	chr2	TRUE	TRUE
Yaf2	chr15	TRUE	FALSE
Bmp8b	chr4	TRUE	FALSE
Inip	chr4	TRUE	FALSE
Pgap3	chr11	TRUE	FALSE
Zfp763	chr17	TRUE	FALSE
Gm14325	chr2	TRUE	FALSE
Tmed8	chr12	TRUE	FALSE
Creb3	chr4	TRUE	FALSE
Tnpo1	chr13	TRUE	FALSE
Gm43191	chr3	TRUE	FALSE
Cpt2	chr4	TRUE	FALSE
Cfh	chr1	TRUE	TRUE
Ptprm	chr17	TRUE	FALSE
Fam186a	chr15	TRUE	TRUE
Efna1	chr3	TRUE	FALSE
Tsr1	chr11	TRUE	FALSE
4921524L21Rik	chr18	TRUE	TRUE
Rpusd3	chr6	TRUE	FALSE
Ktn1	chr14	TRUE	FALSE
Trmt1l	chr1	TRUE	FALSE
Sdc4	chr2	TRUE	FALSE
Hdgfl2	chr17	TRUE	FALSE
Nadk2	chr15	TRUE	FALSE
Stab1	chr14	TRUE	FALSE
P3h1	chr4	TRUE	FALSE
Ets1	chr9	TRUE	FALSE
Speer4b	chr5	TRUE	FALSE
Prkci	chr3	TRUE	FALSE
Prodh	chr16	TRUE	FALSE
Atg4d	chr9	TRUE	FALSE
Rps6kl1	chr12	TRUE	FALSE
Bach1	chr16	TRUE	FALSE
Gfod2	chr8	TRUE	FALSE
Scube3	chr17	TRUE	FALSE
A430005L14Rik	chr4	TRUE	FALSE
Ptprq	chr10	TRUE	FALSE
Rcc1	chr4	TRUE	FALSE
Mbd3	chr10	TRUE	FALSE
B9d1	chr11	TRUE	FALSE
Fbf1	chr11	TRUE	FALSE
Ms4a15	chr19	TRUE	TRUE
Igsf5	chr16	TRUE	FALSE
Brwd1	chr16	TRUE	FALSE
Cyp4f17	chr17	TRUE	FALSE
Ric3	chr7	TRUE	FALSE
Slc25a18	chr6	TRUE	TRUE
Rbbp5	chr1	TRUE	FALSE
Tmem211	chr5	TRUE	FALSE
Pou4f2	chr8	TRUE	FALSE
Taf1	chrX	TRUE	FALSE
Nutm1	chr2	FALSE	TRUE
Pex13	chr11	FALSE	FALSE
Mta1	chr12	FALSE	FALSE
Malrd1	chr2	FALSE	FALSE
Slco1a6	chr6	FALSE	TRUE
Txndc15	chr13	FALSE	FALSE
Nol9	chr4	FALSE	FALSE
Aarsd1	chr11	FALSE	FALSE
Tyw1	chr5	FALSE	FALSE
Ddx43	chr9	FALSE	FALSE
Ces1a	chr8	FALSE	TRUE
Cnot9	chr1	FALSE	FALSE
Psg28	chr7	FALSE	TRUE
Klhl6	chr16	FALSE	FALSE
Cep78	chr19	FALSE	FALSE
Lrrc29	chr8	FALSE	FALSE
Arl6ip6	chr2	FALSE	FALSE
Tfg	chr16	FALSE	FALSE
Spef1	chr2	FALSE	FALSE
Cxcl2	chr5	FALSE	FALSE
Slc9a3	chr13	FALSE	FALSE
Gm49366	chr12	FALSE	FALSE
Dixdc1	chr9	FALSE	FALSE
Tpd52	chr3	FALSE	FALSE
Lta4h	chr10	FALSE	FALSE
Wdr53	chr16	FALSE	TRUE
Axin1	chr17	FALSE	FALSE
Fhit	chr14	FALSE	FALSE
Grb14	chr2	FALSE	FALSE
Epb41l5	chr1	FALSE	FALSE
Syn1	chrX	FALSE	FALSE
Aff4	chr11	FALSE	FALSE
Gm20662	chr9	FALSE	FALSE
Vmn1r67	chr7	FALSE	TRUE
Slain2	chr5	FALSE	FALSE
Nipal3	chr4	FALSE	FALSE
Ldhc	chr7	FALSE	TRUE
Kctd17	chr15	FALSE	FALSE
1700021F07Rik	chr2	FALSE	TRUE
Ikbkg	chrX	FALSE	FALSE
Cars	chr7	FALSE	FALSE
Sstr2	chr11	FALSE	FALSE
Pcdhgb6	chr18	FALSE	FALSE
Neu4	chr1	FALSE	FALSE
Gm21905	chr5	FALSE	TRUE
Muc5b	chr7	FALSE	FALSE
Mrpl17	chr7	FALSE	FALSE
Mpl	chr4	FALSE	FALSE
Acsl5	chr19	FALSE	FALSE
Micall1	chr15	FALSE	FALSE
Rc3h1	chr1	FALSE	FALSE
Pcsk1n	chrX	FALSE	FALSE
Carf	chr1	FALSE	FALSE
Pld6	chr11	FALSE	FALSE
Rnf128	chrX	FALSE	FALSE
Crx	chr7	FALSE	TRUE
Gm20605	chr5	FALSE	FALSE
Gopc	chr10	FALSE	FALSE
Rufy3	chr5	FALSE	FALSE
Tbc1d21	chr9	FALSE	FALSE
Gucd1	chr10	FALSE	FALSE
Prkar2a	chr9	FALSE	FALSE
Glce	chr9	FALSE	FALSE
Smc6	chr12	FALSE	FALSE
Tmem255b	chr8	FALSE	FALSE
Bckdha	chr7	FALSE	FALSE
Hcn2	chr10	FALSE	FALSE
4930562C15Rik	chr16	FALSE	FALSE
Vhl	chr6	FALSE	FALSE
Commd4	chr9	FALSE	FALSE
Mpped1	chr15	FALSE	FALSE
Wif1	chr10	FALSE	FALSE
Dpm2	chr2	FALSE	FALSE
Copg2	chr6	FALSE	FALSE
Asb1	chr1	FALSE	FALSE
Runx2	chr17	FALSE	FALSE
Vps53	chr11	FALSE	FALSE
Csnk2a1	chr2	FALSE	FALSE
Prelp	chr1	FALSE	FALSE
Muc6	chr7	FALSE	FALSE
Zmat2	chr18	FALSE	FALSE
Ctps2	chrX	FALSE	FALSE
Ift74	chr4	FALSE	FALSE
Abca4	chr3	FALSE	FALSE
Hrk	chr5	FALSE	FALSE
Aldh1a3	chr7	FALSE	FALSE
Gm29394	chr15	FALSE	FALSE
Ntn5	chr7	FALSE	TRUE
Glt6d1	chr2	FALSE	TRUE
Chid1	chr7	FALSE	FALSE
Klhl12	chr1	FALSE	FALSE
Ankrd13c	chr3	FALSE	FALSE
Gm49352	chr13	FALSE	TRUE
4930453N24Rik	chr16	FALSE	FALSE
Gm6569	chr15	FALSE	FALSE
Gm5065	chr7	FALSE	TRUE
Ugt2a3	chr5	FALSE	TRUE
Zfp677	chr17	FALSE	FALSE
Kif13a	chr13	FALSE	FALSE
Stmnd1	chr13	FALSE	FALSE
Pth1r	chr9	FALSE	FALSE
Gabrb1	chr5	FALSE	FALSE
Atp2c2	chr8	FALSE	FALSE
Cd80	chr16	FALSE	FALSE
Rbl1	chr2	FALSE	FALSE
Chd1	chr17	FALSE	FALSE
Ranbp3l	chr15	FALSE	FALSE
Cyp4a10	chr4	FALSE	TRUE
Gm3115	chr14	FALSE	TRUE
Fbn1	chr2	FALSE	FALSE
Lgals3	chr14	FALSE	FALSE
Gnb1l	chr16	FALSE	FALSE
Celf5	chr10	FALSE	FALSE
Ptpn18	chr1	FALSE	FALSE
Gmfg	chr7	FALSE	TRUE
Kcnj10	chr1	FALSE	FALSE
Pde5a	chr3	FALSE	FALSE
Hsd17b4	chr18	FALSE	FALSE
AC160405.1	chr10	FALSE	FALSE
Ipo7	chr7	FALSE	FALSE
Gm26992	chrX	FALSE	FALSE
Nucb1	chr7	FALSE	FALSE
P4ha3	chr7	FALSE	FALSE
Fggy	chr4	FALSE	FALSE
Ywhaq	chr12	FALSE	FALSE
Wdfy4	chr14	FALSE	FALSE
Clec12b	chr6	FALSE	TRUE
Gm5105	chr3	FALSE	FALSE
Atp2a1	chr7	FALSE	TRUE
Zfp932	chr5	FALSE	FALSE
Vnn1	chr10	FALSE	FALSE
Gucy2d	chr7	FALSE	FALSE
Kat2a	chr11	FALSE	FALSE
Eln	chr5	FALSE	TRUE
Hap1	chr11	FALSE	FALSE
Nos1ap	chr1	FALSE	FALSE
Dot1l	chr10	FALSE	FALSE
C7	chr15	FALSE	TRUE
Phb	chr11	FALSE	FALSE
Tmem67	chr4	FALSE	FALSE
Gm20431	chr2	FALSE	FALSE
Htra3	chr5	FALSE	FALSE
Triobp	chr15	FALSE	FALSE
Abce1	chr8	FALSE	FALSE
Tmprss5	chr9	FALSE	FALSE
Rrp1b	chr17	FALSE	FALSE
Tubb1	chr2	FALSE	TRUE
Gatb	chr3	FALSE	FALSE
Zfp120	chr2	FALSE	FALSE
Styx	chr14	FALSE	FALSE
Stk36	chr1	FALSE	FALSE
Mad2l1bp	chr17	FALSE	FALSE
Smad4	chr18	FALSE	FALSE
Pck2	chr14	FALSE	FALSE
Sp6	chr11	FALSE	FALSE
Ctbp2	chr7	FALSE	FALSE
Dgcr6	chr16	FALSE	FALSE
Treml2	chr17	FALSE	TRUE
Rgs7bp	chr13	FALSE	FALSE
AU018091	chr7	FALSE	TRUE
Nkiras2	chr11	FALSE	FALSE
Cep57	chr9	FALSE	FALSE
Acpp	chr9	FALSE	FALSE
Slc9a1	chr4	FALSE	FALSE
Ncl	chr1	FALSE	FALSE
Itga1	chr13	FALSE	FALSE
Cnot3	chr7	FALSE	FALSE
Slc39a8	chr3	FALSE	FALSE
Dapk3	chr10	FALSE	FALSE
Mknk2	chr10	FALSE	FALSE
Irgm2	chr11	FALSE	FALSE
Doc2b	chr11	FALSE	FALSE
Rorc	chr3	FALSE	FALSE
Yjefn3	chr8	FALSE	FALSE
Cpa3	chr3	FALSE	TRUE
Wdr19	chr5	FALSE	FALSE
Gm28360	chr1	FALSE	TRUE
Cabp5	chr7	FALSE	TRUE
AA467197	chr2	FALSE	FALSE
Slc36a1	chr11	FALSE	FALSE
Dkk4	chr8	FALSE	TRUE
Hjurp	chr1	FALSE	FALSE
Bnip2	chr9	FALSE	FALSE
Spon1	chr7	FALSE	FALSE
Lnp1	chr16	FALSE	TRUE
Slc9b1	chr3	FALSE	TRUE
Sh2d3c	chr2	FALSE	FALSE
Smo	chr6	FALSE	FALSE
Ago4	chr4	FALSE	FALSE
Siglech	chr7	FALSE	TRUE
Btnl4	chr17	FALSE	TRUE
Aco1	chr4	FALSE	FALSE
Nfkb1	chr3	FALSE	FALSE
Tarsl2	chr7	FALSE	FALSE
Ctsa	chr2	FALSE	FALSE
Mybphl	chr3	FALSE	FALSE
Zfp286	chr11	FALSE	FALSE
Ttll10	chr4	FALSE	FALSE
Zdbf2	chr1	FALSE	FALSE
Letm2	chr8	FALSE	FALSE
Ecscr	chr18	FALSE	TRUE
Fscn1	chr5	FALSE	FALSE
Bscl2	chr19	FALSE	FALSE
Gm49333	chr16	FALSE	FALSE
Aasdh	chr5	FALSE	TRUE
Klhl5	chr5	FALSE	FALSE
H6pd	chr4	FALSE	FALSE
Phpt1	chr2	FALSE	FALSE
Abo	chr2	FALSE	TRUE
Casp6	chr3	FALSE	FALSE
Tcea3	chr4	FALSE	FALSE
Ptpn12	chr5	FALSE	FALSE
Pdzd11	chrX	FALSE	FALSE
Lysmd4	chr7	FALSE	FALSE
Mmp9	chr2	FALSE	FALSE
Zbtb25	chr12	FALSE	FALSE
Cib1	chr7	FALSE	TRUE
Lcmt2	chr2	FALSE	FALSE
Olfr139	chr11	FALSE	TRUE
Gabra3	chrX	FALSE	FALSE
Trpc5os	chrX	FALSE	FALSE
Hdac6	chrX	FALSE	FALSE
Sart3	chr5	FALSE	FALSE
Ppid	chr3	FALSE	FALSE
Usp5	chr6	FALSE	FALSE
Vav1	chr17	FALSE	TRUE
Prkx	chrX	FALSE	FALSE
Traf4	chr11	FALSE	FALSE
Cemip2	chr19	FALSE	FALSE
Fkbp1a	chr2	FALSE	FALSE
Slc28a2b	chr2	FALSE	TRUE
Gypa	chr8	FALSE	FALSE
Nceh1	chr3	FALSE	FALSE
Pcdhac2	chr18	FALSE	FALSE
Pofut1	chr2	FALSE	FALSE
Fam171a2	chr11	FALSE	FALSE
Ppp2r2d	chr7	FALSE	FALSE
Lypd5	chr7	FALSE	TRUE
Washc4	chr10	FALSE	FALSE
Dtx4	chr19	FALSE	FALSE
Cstdc2	chr2	FALSE	FALSE
Kat6b	chr14	FALSE	FALSE
Espn	chr4	FALSE	FALSE
Xpnpep2	chrX	FALSE	FALSE
Pgm5	chr19	FALSE	FALSE
Gipc3	chr10	FALSE	FALSE
Pnpla8	chr12	FALSE	FALSE
2810459M11Rik	chr1	FALSE	FALSE
Aimp1	chr3	FALSE	FALSE
Gnl2	chr4	FALSE	FALSE
Eed	chr7	FALSE	FALSE
Igdcc3	chr9	FALSE	FALSE
Gsdmc	chr15	FALSE	TRUE
Cbr3	chr16	FALSE	FALSE
Ube2l3	chr16	FALSE	FALSE
Guca2b	chr4	FALSE	FALSE
Apol11a	chr15	FALSE	TRUE
Nudt4	chr10	FALSE	FALSE
Vti1b	chr12	FALSE	FALSE
Smco4	chr9	FALSE	FALSE
Tuba1a	chr15	FALSE	FALSE
Kpna6	chr4	FALSE	FALSE
Zbtb38	chr9	FALSE	FALSE
Sumo2	chr11	FALSE	FALSE
Trim63	chr4	FALSE	TRUE
Rnf8	chr17	FALSE	FALSE
Alg5	chr3	FALSE	FALSE
Jrk	chr15	FALSE	FALSE
Scn3b	chr9	FALSE	FALSE
Slc43a1	chr2	FALSE	FALSE
Eif3e	chr15	FALSE	FALSE
Zfr	chr15	FALSE	FALSE
Pex11b	chr3	FALSE	FALSE
Bsph1	chr7	FALSE	TRUE
Nlrp1a	chr11	FALSE	TRUE
Cenpu	chr8	FALSE	FALSE
Carm1	chr9	FALSE	FALSE
Scml4	chr10	FALSE	FALSE
Wfdc3	chr2	FALSE	TRUE
Arfgef1	chr1	FALSE	FALSE
Gmpr	chr13	FALSE	FALSE
Gml2	chr15	FALSE	TRUE
Vamp1	chr6	FALSE	FALSE
Anapc10	chr8	FALSE	FALSE
0610010F05Rik	chr11	FALSE	FALSE
Gm28308	chr6	FALSE	FALSE
Crygn	chr5	FALSE	FALSE
Sec14l3	chr11	FALSE	FALSE
Mrpl43	chr19	FALSE	FALSE
Pja2	chr17	FALSE	FALSE
Pnliprp2	chr19	FALSE	FALSE
Hid1	chr11	FALSE	FALSE
Cwc25	chr11	FALSE	FALSE
Hacd3	chr9	FALSE	FALSE
9030624G23Rik	chr12	FALSE	TRUE
Adig	chr2	FALSE	TRUE
Hpgds	chr6	FALSE	FALSE
Rbm47	chr5	FALSE	FALSE
Cnot6	chr11	FALSE	FALSE
Ccdc38	chr10	FALSE	FALSE
Cpsf7	chr19	FALSE	FALSE
Calm4	chr13	FALSE	FALSE
Mab21l4	chr1	FALSE	FALSE
Cd300lg	chr11	FALSE	FALSE
Gpr152	chr19	FALSE	FALSE
Pid1	chr1	FALSE	FALSE
Sgsh	chr11	FALSE	FALSE
St13	chr15	FALSE	FALSE
Esr2	chr12	FALSE	FALSE
D10Wsu102e	chr10	FALSE	FALSE
Zfr2	chr10	FALSE	FALSE
C1qtnf2	chr11	FALSE	FALSE
Thsd1	chr8	FALSE	FALSE
Pvr	chr7	FALSE	TRUE
Fam124a	chr14	FALSE	FALSE
Ip6k3	chr17	FALSE	FALSE
Sim2	chr16	FALSE	FALSE
Slc7a6	chr8	FALSE	FALSE
Traf3ip3	chr1	FALSE	FALSE
Tm4sf5	chr11	FALSE	TRUE
Morn3	chr5	FALSE	FALSE
Gfra3	chr18	FALSE	FALSE
Nectin3	chr16	FALSE	FALSE
Fasl	chr1	FALSE	TRUE
Tmco3	chr8	FALSE	FALSE
Nt5dc3	chr10	FALSE	FALSE
Kcnk6	chr7	FALSE	FALSE
Amz1	chr5	FALSE	FALSE
Defb12	chr8	FALSE	TRUE
Bclaf3	chrX	FALSE	FALSE
Mrgprb1	chr7	FALSE	TRUE
Rab11fip1	chr8	FALSE	FALSE
4932438A13Rik	chr3	FALSE	FALSE
Nup160	chr2	FALSE	FALSE
Hoxb13	chr11	FALSE	FALSE
Gm7876	chr14	FALSE	TRUE
Eif4e	chr3	FALSE	FALSE
Ces4a	chr8	FALSE	TRUE
Pou6f2	chr13	FALSE	FALSE
Slc2a2	chr3	FALSE	TRUE
Olfr734	chr14	FALSE	TRUE
Stx17	chr4	FALSE	FALSE
Chmp1a	chr8	FALSE	FALSE
Olfr190	chr16	FALSE	TRUE
Chrm2	chr6	FALSE	FALSE
Kcnn4	chr7	FALSE	FALSE
Grm6	chr11	FALSE	FALSE
Grin1	chr2	FALSE	FALSE
Tacr1	chr6	FALSE	FALSE
Zfp54	chr17	FALSE	FALSE
Knstrn	chr2	FALSE	FALSE
Manf	chr9	FALSE	FALSE
Zan	chr5	FALSE	FALSE
Gna15	chr10	FALSE	FALSE
Mfsd6	chr1	FALSE	FALSE
Fbxo21	chr5	FALSE	FALSE
Ttc41	chr10	FALSE	FALSE
Asb10	chr5	FALSE	FALSE
Rxfp1	chr3	FALSE	FALSE
Map4k2	chr19	FALSE	FALSE
Acvr2b	chr9	FALSE	FALSE
Tmem185b	chr1	FALSE	FALSE
Vmn1r5	chr6	FALSE	TRUE
Prm1	chr16	FALSE	TRUE
Vmn2r115	chr17	FALSE	TRUE
Serinc1	chr10	FALSE	FALSE
Map3k21	chr8	FALSE	FALSE
Loxl2	chr14	FALSE	FALSE
Mettl7a1	chr15	FALSE	FALSE
Gpr183	chr14	FALSE	FALSE
Psmd13	chr7	FALSE	FALSE
Gp6	chr7	FALSE	TRUE
Cyb5d1	chr11	FALSE	FALSE
Acyp2	chr11	FALSE	FALSE
Gm773	chrX	FALSE	TRUE
Bmi1	chr2	FALSE	FALSE
Gm7073	chrX	FALSE	TRUE
E230025N22Rik	chr18	FALSE	TRUE
Nlgn2	chr11	FALSE	FALSE
Angptl3	chr4	FALSE	FALSE
Thumpd3	chr6	FALSE	FALSE
Flcn	chr11	FALSE	FALSE
Socs5	chr17	FALSE	FALSE
Col5a3	chr9	FALSE	FALSE
Cenpb	chr2	FALSE	FALSE
Wdfy2	chr14	FALSE	FALSE
Dcst1	chr3	FALSE	FALSE
Yju2	chr17	FALSE	FALSE
Snrnp40	chr4	FALSE	FALSE
Bcan	chr3	FALSE	FALSE
Eef1d	chr15	FALSE	FALSE
Pou3f2	chr4	FALSE	FALSE
Nmt1	chr11	FALSE	FALSE
Amd1	chr10	FALSE	FALSE
S100a5	chr3	FALSE	TRUE
Tlr1	chr5	FALSE	TRUE
Csf1	chr3	FALSE	FALSE
Rbl2	chr8	FALSE	FALSE
Bmp4	chr14	FALSE	FALSE
Cldn5	chr16	FALSE	FALSE
Gm49336	chr14	FALSE	FALSE
Txnrd2	chr16	FALSE	FALSE
Shkbp1	chr7	FALSE	FALSE
Lamp3	chr16	FALSE	TRUE
Mbd6	chr10	FALSE	FALSE
Usf1	chr1	FALSE	FALSE
Zbtb37	chr1	FALSE	FALSE
Wfdc16	chr2	FALSE	TRUE
Tspan7	chrX	FALSE	FALSE
Cd101	chr3	FALSE	FALSE
Inka2	chr3	FALSE	FALSE
Pfkfb3	chr2	FALSE	FALSE
Nbeal2	chr9	FALSE	FALSE
Vmn1r158	chr7	FALSE	TRUE
Cluap1	chr16	FALSE	FALSE
Sycp2l	chr13	FALSE	FALSE
Dpp8	chr9	FALSE	FALSE
Zbtb42	chr12	FALSE	FALSE
Ptpn20	chr14	FALSE	TRUE
Alad	chr4	FALSE	FALSE
Serpina1e	chr12	FALSE	TRUE
Fem1b	chr9	FALSE	FALSE
Lrrc4b	chr7	FALSE	FALSE
Hsd17b6	chr10	FALSE	TRUE
Taar8b	chr10	FALSE	TRUE
Gabbr1	chr17	FALSE	FALSE
Gm21671	chr5	FALSE	FALSE
Spidr	chr16	FALSE	FALSE
Pus7	chr5	FALSE	FALSE
Kcnq3	chr15	FALSE	FALSE
Fam151b	chr13	FALSE	FALSE
Pcdhb9	chr18	FALSE	TRUE
Lbhd2	chr12	FALSE	FALSE
Draxin	chr4	FALSE	FALSE
Wdr60	chr12	FALSE	FALSE
Diaph2	chrX	FALSE	FALSE
Txnrd3	chr6	FALSE	FALSE
Atf6	chr1	FALSE	FALSE
Nhsl2	chrX	FALSE	FALSE
Cyp3a16	chr5	FALSE	TRUE
Cyp2d11	chr15	FALSE	TRUE
Samsn1	chr16	FALSE	FALSE
Flii	chr11	FALSE	FALSE
Mid2	chrX	FALSE	FALSE
Adam8	chr7	FALSE	FALSE
Zkscan17	chr11	FALSE	FALSE
Plin5	chr17	FALSE	FALSE
Maea	chr5	FALSE	FALSE
Defb47	chr14	FALSE	TRUE
Wdr11	chr7	FALSE	FALSE
Krt86	chr15	FALSE	FALSE
Kcna10	chr3	FALSE	FALSE
Dzank1	chr2	FALSE	FALSE
Ccdc122	chr14	FALSE	FALSE
Sv2a	chr3	FALSE	FALSE
Vrk3	chr7	FALSE	FALSE
Tnip1	chr11	FALSE	FALSE
Cyp3a44	chr5	FALSE	TRUE
Olfr63	chr17	FALSE	TRUE
Gm826	chr2	FALSE	FALSE
Sbk1	chr7	FALSE	FALSE
Gp5	chr16	FALSE	FALSE
Tollip	chr7	FALSE	FALSE
Uba2	chr7	FALSE	FALSE
Creb3l2	chr6	FALSE	FALSE
Zfp646	chr7	FALSE	FALSE
Rassf2	chr2	FALSE	FALSE
Speer4c	chr5	FALSE	TRUE
Enpp6	chr8	FALSE	FALSE
Kcnh5	chr12	FALSE	FALSE
Hps3	chr3	FALSE	FALSE
Slc6a15	chr10	FALSE	FALSE
Pcdhb4	chr18	FALSE	TRUE
Plekhm1	chr11	FALSE	FALSE
Smarcc1	chr9	FALSE	FALSE
Has3	chr8	FALSE	FALSE
Gm43720	chr5	FALSE	FALSE
Scrn1	chr6	FALSE	FALSE
Sec1	chr7	FALSE	FALSE
Tbx4	chr11	FALSE	FALSE
Hsf4	chr8	FALSE	FALSE
Hhatl	chr9	FALSE	FALSE
Arhgap30	chr1	FALSE	FALSE
Gm11733	chr11	FALSE	FALSE
Tspan33	chr6	FALSE	FALSE
Kcnc3	chr7	FALSE	FALSE
Wdr63	chr3	FALSE	FALSE
Lipa	chr19	FALSE	FALSE
Dnajc21	chr15	FALSE	FALSE
Kcnk15	chr2	FALSE	FALSE
Slc5a1	chr5	FALSE	FALSE
P2ry10	chrX	FALSE	TRUE
Gulp1	chr1	FALSE	FALSE
Inppl1	chr7	FALSE	FALSE
Ccdc24	chr4	FALSE	FALSE
Eif2d	chr1	FALSE	FALSE
Tmem178	chr17	FALSE	FALSE
Afap1l1	chr18	FALSE	FALSE
Zbtb18	chr1	FALSE	FALSE
Rgsl1	chr1	FALSE	TRUE
Pltp	chr2	FALSE	FALSE
Vmn1r179	chr7	FALSE	TRUE
Eppk1	chr15	FALSE	FALSE
Pxn	chr5	FALSE	FALSE
Asb4	chr6	FALSE	FALSE
Lcn5	chr2	FALSE	FALSE
Olfr1447	chr19	FALSE	TRUE
Ano1	chr7	FALSE	FALSE
Gm45799	chr7	FALSE	FALSE
Gm16427	chr5	FALSE	TRUE
Utp6	chr11	FALSE	FALSE
Plxna4	chr6	FALSE	FALSE
Rint1	chr5	FALSE	FALSE
Igf2	chr7	FALSE	FALSE
Ocln	chr13	FALSE	FALSE
Stard8	chrX	FALSE	FALSE
Akr1c6	chr13	FALSE	TRUE
Fstl1	chr16	FALSE	FALSE
Arhgef28	chr13	FALSE	FALSE
Hoxd12	chr2	FALSE	FALSE
Adgrl4	chr3	FALSE	FALSE
Vdac3	chr8	FALSE	FALSE
Imp3	chr9	FALSE	FALSE
Ccm2	chr11	FALSE	FALSE
Olfr6	chr7	FALSE	TRUE
Hs6st2	chrX	FALSE	FALSE
Sdr42e1	chr8	FALSE	TRUE
Vgll3	chr16	FALSE	FALSE
Clasrp	chr7	FALSE	FALSE
Klhl8	chr5	FALSE	FALSE
B020011L13Rik	chr1	FALSE	TRUE
Agfg1	chr1	FALSE	FALSE
Esam	chr9	FALSE	FALSE
Vwa3b	chr1	FALSE	FALSE
Mterf4	chr1	FALSE	FALSE
Pxmp4	chr2	FALSE	FALSE
Sag	chr1	FALSE	TRUE
Pmaip1	chr18	FALSE	FALSE
Ap2a1	chr7	FALSE	FALSE
Higd1c	chr15	FALSE	TRUE
Klc2	chr19	FALSE	FALSE
Olfr481	chr7	FALSE	TRUE
Prm2	chr16	FALSE	TRUE
Adgrg1	chr8	FALSE	FALSE
Mllt11	chr3	FALSE	FALSE
Fabp5	chr3	FALSE	FALSE
Slf2	chr19	FALSE	FALSE
Pank4	chr4	FALSE	FALSE
Mfsd4b5	chr10	FALSE	FALSE
Zfp771	chr7	FALSE	FALSE
Vegfc	chr8	FALSE	FALSE
Cltc	chr11	FALSE	FALSE
Nrap	chr19	FALSE	FALSE
Wars	chr12	FALSE	FALSE
Parp9	chr16	FALSE	FALSE
Cap1	chr4	FALSE	FALSE
Ppp1r16a	chr15	FALSE	FALSE
Crb3	chr17	FALSE	FALSE
Bsdc1	chr4	FALSE	FALSE
Agk	chr6	FALSE	FALSE
Gm3278	chr14	FALSE	TRUE
Fkbp6	chr5	FALSE	FALSE
Slc9a3r1	chr11	FALSE	FALSE
Fam228b	chr12	FALSE	FALSE
Maf1	chr15	FALSE	FALSE
Lzts3	chr2	FALSE	FALSE
Ramp1	chr1	FALSE	FALSE
Pnldc1	chr17	FALSE	FALSE
Sufu	chr19	FALSE	FALSE
Cyb561	chr11	FALSE	FALSE
Lce6a	chr3	FALSE	TRUE
Tbc1d13	chr2	FALSE	FALSE
Acsm1	chr7	FALSE	TRUE
Olfr1351	chr10	FALSE	TRUE
Cilk1	chr9	FALSE	FALSE
Cxcl12	chr6	FALSE	FALSE
Klhdc7a	chr4	FALSE	FALSE
Fcnb	chr2	FALSE	TRUE
Oit1	chr14	FALSE	FALSE
Bmp3	chr5	FALSE	FALSE
Trim30d	chr7	FALSE	TRUE
Shisa5	chr9	FALSE	FALSE
Gm50318	chr18	FALSE	FALSE
Vmn2r8	chr5	FALSE	TRUE
Ccdc172	chr19	FALSE	TRUE
Hgsnat	chr8	FALSE	FALSE
Ccnd2	chr6	FALSE	FALSE
Zscan20	chr4	FALSE	FALSE
Zfp944	chr17	FALSE	FALSE
Dhcr24	chr4	FALSE	FALSE
Ly6g6g	chr15	FALSE	TRUE
Slc30a2	chr4	FALSE	FALSE
Polr3e	chr7	FALSE	FALSE
Sec31a	chr5	FALSE	FALSE
Galntl5	chr5	FALSE	TRUE
Ndel1	chr11	FALSE	FALSE
Gm36368	chr18	FALSE	TRUE
H2-K1	chr17	FALSE	FALSE
Ndufs6	chr13	FALSE	FALSE
C1ql4	chr15	FALSE	FALSE
Nkapd1	chr9	FALSE	FALSE
2310030G06Rik	chr9	FALSE	TRUE
Oasl2	chr5	FALSE	TRUE
Lin54	chr5	FALSE	FALSE
Fbxw24	chr9	FALSE	TRUE
Atp13a4	chr16	FALSE	FALSE
Krt4	chr15	FALSE	TRUE
Ctdspl2	chr2	FALSE	FALSE
Zfp131	chr13	FALSE	FALSE
Iars2	chr1	FALSE	FALSE
Ssbp4	chr8	FALSE	FALSE
Smco2	chr6	FALSE	TRUE
Tpcn1	chr5	FALSE	FALSE
Slc26a2	chr18	FALSE	FALSE
Jrkl	chr9	FALSE	FALSE
Arg2	chr12	FALSE	FALSE
Mdp1	chr14	FALSE	FALSE
Brdt	chr5	FALSE	FALSE
Tmem119	chr5	FALSE	FALSE
Ddx58	chr4	FALSE	FALSE
Fam71f1	chr6	FALSE	TRUE
Txn2	chr15	FALSE	FALSE
Plekhh3	chr11	FALSE	FALSE
Lif	chr11	FALSE	FALSE
Cd200	chr16	FALSE	FALSE
Steap1	chr5	FALSE	FALSE
Gjb4	chr4	FALSE	TRUE
Wdr93	chr7	FALSE	FALSE
Il1rapl1	chrX	FALSE	FALSE
2700081O15Rik	chr19	FALSE	FALSE
Plin1	chr7	FALSE	FALSE
Hbp1	chr12	FALSE	FALSE
Rnd3	chr2	FALSE	FALSE
Aqp12	chr1	FALSE	FALSE
Gm38303	chr3	FALSE	FALSE
Lpar1	chr4	FALSE	FALSE
Recql4	chr15	FALSE	FALSE
Larp1b	chr3	FALSE	FALSE
Afap1l2	chr19	FALSE	FALSE
A26c3	chr2	FALSE	TRUE
Fndc11	chr2	FALSE	FALSE
Pik3c3	chr18	FALSE	FALSE
B4galt5	chr2	FALSE	FALSE
Nck2	chr1	FALSE	FALSE
Brd1	chr15	FALSE	FALSE
Tk2	chr8	FALSE	FALSE
Dapl1	chr2	FALSE	FALSE
Zfp791	chr8	FALSE	FALSE
Fam102a	chr2	FALSE	FALSE
Nmt2	chr2	FALSE	FALSE
Tnfaip8l3	chr9	FALSE	FALSE
Wdsub1	chr2	FALSE	FALSE
Zfp672	chr11	FALSE	FALSE
Wdr91	chr6	FALSE	FALSE
Ppp1r10	chr17	FALSE	FALSE
Blzf1	chr1	FALSE	FALSE
Mc4r	chr18	FALSE	FALSE
Sdr9c7	chr10	FALSE	TRUE
G3bp2	chr5	FALSE	FALSE
Dnajc28	chr16	FALSE	FALSE
Stn1	chr19	FALSE	FALSE
Pomt1	chr2	FALSE	FALSE
Vxn	chr1	FALSE	FALSE
Zfp503	chr14	FALSE	FALSE
Copa	chr1	FALSE	FALSE
Tgfb1i1	chr7	FALSE	FALSE
Onecut1	chr9	FALSE	FALSE
Zwint	chr10	FALSE	FALSE
Olfr1444	chr19	FALSE	TRUE
Esyt1	chr10	FALSE	FALSE
Poglut1	chr16	FALSE	FALSE
Phf6	chrX	FALSE	FALSE
9130019O22Rik	chr7	FALSE	FALSE
Cdk5r2	chr1	FALSE	FALSE
Chrnb4	chr9	FALSE	FALSE
Tmem202	chr9	FALSE	FALSE
Stmn4	chr14	FALSE	FALSE
Trim7	chr11	FALSE	FALSE
Gm17651	chr3	FALSE	TRUE
Cmklr1	chr5	FALSE	FALSE
Il4i1	chr7	FALSE	FALSE
F9	chrX	FALSE	FALSE
Mageb18	chrX	FALSE	FALSE
Zfp287	chr11	FALSE	FALSE
Gm17662	chr4	FALSE	TRUE
Ercc4	chr16	FALSE	FALSE
Dennd2c	chr3	FALSE	FALSE
Dhx57	chr17	FALSE	FALSE
Taf15	chr11	FALSE	FALSE
Fstl3	chr10	FALSE	FALSE
Il34	chr8	FALSE	FALSE
3425401B19Rik	chr14	FALSE	FALSE
Icam5	chr9	FALSE	FALSE
Glrx2	chr1	FALSE	FALSE
Cbx7	chr15	FALSE	FALSE
Fah	chr7	FALSE	FALSE
Cyp17a1	chr19	FALSE	FALSE
Rmdn1	chr4	FALSE	FALSE
Slc22a18	chr7	FALSE	FALSE
Ms4a4d	chr19	FALSE	TRUE
Adtrp	chr13	FALSE	FALSE
4930415O20Rik	chr15	FALSE	TRUE
Ice2	chr9	FALSE	FALSE
Hat1	chr2	FALSE	FALSE
Ssbp3	chr4	FALSE	FALSE
Lrrk2	chr15	FALSE	FALSE
Gm20683	chr17	FALSE	FALSE
Fbxo31	chr8	FALSE	FALSE
Mrps22	chr9	FALSE	FALSE
Pacsin1	chr17	FALSE	FALSE
Gpr155	chr2	FALSE	FALSE
Wnt9a	chr11	FALSE	FALSE
Zbtb48	chr4	FALSE	FALSE
Gcm2	chr13	FALSE	TRUE
Necap1	chr6	FALSE	FALSE
Stard13	chr5	FALSE	FALSE
Zdhhc20	chr14	FALSE	FALSE
Lck	chr4	FALSE	FALSE
Commd6	chr14	FALSE	FALSE
Oog4	chr4	FALSE	TRUE
Ropn1l	chr15	FALSE	FALSE
Tsnaxip1	chr8	FALSE	FALSE
Nr1i2	chr16	FALSE	TRUE
Cenpk	chr13	FALSE	TRUE
Ncf2	chr1	FALSE	FALSE
Dhx30	chr9	FALSE	FALSE
Dtymk	chr1	FALSE	FALSE
Fam47c	chrX	FALSE	TRUE
Epb41	chr4	FALSE	FALSE
Cyp2c39	chr19	FALSE	TRUE
Snorc	chr1	FALSE	FALSE
Rasa1	chr13	FALSE	FALSE
Sh3d21	chr4	FALSE	FALSE
Ercc5	chr1	FALSE	FALSE
Mok	chr12	FALSE	FALSE
Slc25a19	chr11	FALSE	FALSE
Rarres1	chr3	FALSE	FALSE
Fras1	chr5	FALSE	FALSE
Defb41	chr1	FALSE	TRUE
Vim	chr2	FALSE	FALSE
Pi4ka	chr16	FALSE	FALSE
Vmn2r126	chr7	FALSE	TRUE
Itgb1	chr8	FALSE	FALSE
Myo7b	chr18	FALSE	FALSE
Bpgm	chr6	FALSE	FALSE
Prss54	chr8	FALSE	TRUE
Rnase4	chr14	FALSE	FALSE
Hapln4	chr8	FALSE	FALSE
Bhlhe22	chr3	FALSE	FALSE
4930556J24Rik	chr11	FALSE	FALSE
Nphs1	chr7	FALSE	FALSE
C2cd2	chr16	FALSE	FALSE
Eif3a	chr19	FALSE	FALSE
Rabl6	chr2	FALSE	FALSE
Olfr1238	chr2	FALSE	TRUE
Col4a4	chr1	FALSE	FALSE
Mcmdc2	chr1	FALSE	FALSE
Pmp22	chr11	FALSE	FALSE
Vmn1r172	chr7	FALSE	TRUE
Ylpm1	chr12	FALSE	FALSE
Cib4	chr5	FALSE	FALSE
Chrnb2	chr3	FALSE	FALSE
Mrps24	chr11	FALSE	FALSE
Usp9x	chrX	FALSE	FALSE
Gm19410	chr8	FALSE	FALSE
Slco1a5	chr6	FALSE	TRUE
Hps6	chr19	FALSE	FALSE
Ldah	chr12	FALSE	FALSE
Dync2h1	chr9	FALSE	FALSE
Cpne1	chr2	FALSE	FALSE
Vps37b	chr5	FALSE	FALSE
Ankrd13b	chr11	FALSE	FALSE
Rnf170	chr8	FALSE	FALSE
Tmem45b	chr9	FALSE	FALSE
Gnas	chr2	FALSE	FALSE
F5	chr1	FALSE	FALSE
Vmn2r74	chr7	FALSE	TRUE
Gm7609	chr1	FALSE	FALSE
Chad	chr11	FALSE	FALSE
Tmem181a	chr17	FALSE	FALSE
Prss48	chr3	FALSE	FALSE
Pygm	chr19	FALSE	FALSE
B3galt2	chr1	FALSE	FALSE
Anapc2	chr2	FALSE	FALSE
Col1a1	chr11	FALSE	FALSE
Ednrb	chr14	FALSE	FALSE
Zkscan3	chr13	FALSE	FALSE
Pmel	chr10	FALSE	TRUE
Ift22	chr5	FALSE	TRUE
Naprt	chr15	FALSE	FALSE
Gm4756	chr12	FALSE	TRUE
Denn2b	chr7	FALSE	FALSE
Trim44	chr2	FALSE	FALSE
Dok5	chr2	FALSE	FALSE
Trim30c	chr7	FALSE	TRUE
Wfdc18	chr11	FALSE	TRUE
Shprh	chr10	FALSE	FALSE
Tmem59l	chr8	FALSE	FALSE
Ccr5	chr9	FALSE	TRUE
Ltb4r1	chr14	FALSE	FALSE
Selenof	chr3	FALSE	FALSE
Kantr	chrX	FALSE	FALSE
Tpst2	chr5	FALSE	FALSE
Arid3c	chr4	FALSE	FALSE
Prss35	chr9	FALSE	FALSE
Nsrp1	chr11	FALSE	FALSE
Lrrtm3	chr10	FALSE	FALSE
Cfhr2	chr1	FALSE	TRUE
Chst8	chr7	FALSE	FALSE
Olfr803	chr10	FALSE	TRUE
Arih2	chr9	FALSE	FALSE
Pcyox1	chr6	FALSE	FALSE
Adra1a	chr14	FALSE	FALSE
Cacna1s	chr1	FALSE	FALSE
Exoc3l2	chr7	FALSE	FALSE
Insm1	chr2	FALSE	FALSE
Gtpbp4	chr13	FALSE	FALSE
Mus81	chr19	FALSE	FALSE
Tpo	chr12	FALSE	FALSE
Ccdc169	chr3	FALSE	TRUE
Gpa33	chr1	FALSE	FALSE
Rcsd1	chr1	FALSE	FALSE
Cd160	chr3	FALSE	TRUE
Nkx6-3	chr8	FALSE	FALSE
Gripap1	chrX	FALSE	FALSE
Mkrn2os	chr6	FALSE	TRUE
Ankmy2	chr12	FALSE	FALSE
Gm4951	chr18	FALSE	TRUE
Olfr873	chr9	FALSE	TRUE
Rasgrp4	chr7	FALSE	FALSE
Zfp781	chr10	FALSE	FALSE
Lnx2	chr5	FALSE	FALSE
Kremen2	chr17	FALSE	FALSE
Aqp9	chr9	FALSE	FALSE
Foxc1	chr13	FALSE	FALSE
Hgs	chr11	FALSE	FALSE
Ahi1	chr10	FALSE	FALSE
2510039O18Rik	chr4	FALSE	FALSE
Kcnk1	chr8	FALSE	FALSE
Cabp2	chr19	FALSE	FALSE
Itga11	chr9	FALSE	FALSE
Sh2b2	chr5	FALSE	FALSE
Defb9	chr8	FALSE	TRUE
Lztfl1	chr9	FALSE	FALSE
Mapre2	chr18	FALSE	FALSE
Oosp3	chr19	FALSE	TRUE
Hoga1	chr19	FALSE	FALSE
Gtsf1	chr15	FALSE	TRUE
Aggf1	chr13	FALSE	FALSE
Gata4	chr14	FALSE	FALSE
Tulp2	chr7	FALSE	FALSE
Slc6a21	chr7	FALSE	TRUE
Cfap100	chr6	FALSE	FALSE
1700001L19Rik	chr13	FALSE	FALSE
Ovch2	chr7	FALSE	TRUE
Vmn1r168	chr7	FALSE	TRUE
Crygf	chr1	FALSE	FALSE
Gga2	chr7	FALSE	FALSE
Trim80	chr11	FALSE	TRUE
Sult1c1	chr17	FALSE	TRUE
Apcdd1	chr18	FALSE	FALSE
Ccl26	chr5	FALSE	TRUE
Rnft2	chr5	FALSE	FALSE
Gja1	chr10	FALSE	FALSE
Pla2g4b	chr2	FALSE	FALSE
Antxrl	chr14	FALSE	FALSE
Ccdc88b	chr19	FALSE	FALSE
Mphosph9	chr5	FALSE	FALSE
Trpc1	chr9	FALSE	FALSE
Il1rl2	chr1	FALSE	FALSE
Snrpn	chr7	FALSE	FALSE
Rad23a	chr8	FALSE	FALSE
Igsf1	chrX	FALSE	FALSE
Urgcp	chr11	FALSE	FALSE
P2rx6	chr16	FALSE	FALSE
Sfrp1	chr8	FALSE	FALSE
Rpl35a	chr16	FALSE	FALSE
Trpc5	chrX	FALSE	FALSE
Aida	chr1	FALSE	FALSE
Ttyh3	chr5	FALSE	FALSE
Cpsf1	chr15	FALSE	FALSE
Hebp1	chr6	FALSE	FALSE
Ripk2	chr4	FALSE	FALSE
Msantd2	chr9	FALSE	FALSE
Sirt3	chr7	FALSE	FALSE
Pgpep1	chr8	FALSE	FALSE
Trim40	chr17	FALSE	TRUE
Ybx2	chr11	FALSE	FALSE
Clec10a	chr11	FALSE	FALSE
Gm48551	chr10	FALSE	FALSE
Tmem212	chr3	FALSE	TRUE
Tmem35b	chr4	FALSE	FALSE
Bid	chr6	FALSE	FALSE
Tapbpl	chr6	FALSE	FALSE
Mogat1	chr1	FALSE	FALSE
Aifm2	chr10	FALSE	FALSE
Tbc1d23	chr16	FALSE	FALSE
V1ra8	chr6	FALSE	TRUE
Gm21958	chr3	FALSE	TRUE
Cenpv	chr11	FALSE	FALSE
Gm5751	chrX	FALSE	TRUE
Chac1	chr2	FALSE	FALSE
Pld4	chr12	FALSE	TRUE
Dab2	chr15	FALSE	FALSE
Gh	chr11	FALSE	TRUE
Crispld2	chr8	FALSE	FALSE
Naa25	chr5	FALSE	FALSE
Rbm28	chr6	FALSE	FALSE
Gm8165	chr14	FALSE	TRUE
Olfr308	chr7	FALSE	TRUE
Zbtb41	chr1	FALSE	FALSE
Cdr2	chr7	FALSE	FALSE
Xiap	chrX	FALSE	FALSE
Rnf103	chr6	FALSE	FALSE
Olfr1276	chr2	FALSE	TRUE
Hdac1	chr4	FALSE	FALSE
Gm4131	chr14	FALSE	FALSE
Mtmr2	chr9	FALSE	FALSE
Sdha	chr13	FALSE	FALSE
Tab1	chr15	FALSE	FALSE
Zfp36l2	chr17	FALSE	FALSE
Snf8	chr11	FALSE	TRUE
5430427O19Rik	chrX	FALSE	TRUE
Crbn	chr6	FALSE	FALSE
Boc	chr16	FALSE	FALSE
Ggnbp2	chr11	FALSE	FALSE
Cd3e	chr9	FALSE	FALSE
Trim37	chr11	FALSE	FALSE
Zfp282	chr6	FALSE	FALSE
Cdkl4	chr17	FALSE	FALSE
Zfp977	chr7	FALSE	TRUE
Sult2a5	chr7	FALSE	TRUE
Ankrd33b	chr15	FALSE	FALSE
Noa1	chr5	FALSE	FALSE
Glycam1	chr15	FALSE	TRUE
Ccdc181	chr1	FALSE	FALSE
Slfn8	chr11	FALSE	TRUE
Mrpl30	chr1	FALSE	FALSE
Pcdhga9	chr18	FALSE	FALSE
Olfr1349	chr7	FALSE	TRUE
Syt10	chr15	FALSE	FALSE
Cspp1	chr1	FALSE	FALSE
4930455H04Rik	chr3	FALSE	FALSE
Gm7298	chr6	FALSE	TRUE
Ecsit	chr9	FALSE	FALSE
Ing5	chr1	FALSE	FALSE
Tnks2	chr19	FALSE	FALSE
Slc27a6	chr18	FALSE	FALSE
Gm49804	chr17	FALSE	FALSE
Amotl2	chr9	FALSE	FALSE
Pex26	chr6	FALSE	FALSE
Sdad1	chr5	FALSE	FALSE
Gm5800	chr14	FALSE	TRUE
Dmrt1	chr19	FALSE	FALSE
Ppox	chr1	FALSE	FALSE
Psmb11	chr14	FALSE	FALSE
Ceacam2	chr7	FALSE	FALSE
Erich6b	chr14	FALSE	FALSE
Efr3a	chr15	FALSE	FALSE
Cdk5rap3	chr11	FALSE	FALSE
Wipi1	chr11	FALSE	FALSE
Celf2	chr2	FALSE	FALSE
H3c14	chr3	FALSE	FALSE
Sds	chr5	FALSE	TRUE
Tex22	chr12	FALSE	FALSE
Zfp219	chr14	FALSE	FALSE
Irs4	chrX	FALSE	FALSE
Trip4	chr9	FALSE	FALSE
Olfr56	chr11	FALSE	TRUE
Wbp2	chr11	FALSE	FALSE
Npffr1	chr10	FALSE	FALSE
Il11	chr7	FALSE	FALSE
Tusc3	chr8	FALSE	FALSE
Svs3a	chr2	FALSE	TRUE
Skor2	chr18	FALSE	FALSE
Tktl2	chr8	FALSE	TRUE
Ccdc92b	chr11	FALSE	FALSE
Olfr913	chr9	FALSE	TRUE
Gm20661	chr9	FALSE	FALSE
Rhox10	chrX	FALSE	TRUE
Hpn	chr7	FALSE	FALSE
Irgm1	chr11	FALSE	FALSE
Igf2bp2	chr16	FALSE	FALSE
Ctr9	chr7	FALSE	FALSE
Sart1	chr19	FALSE	FALSE
Gsg1l2	chr11	FALSE	TRUE
Actr5	chr2	FALSE	FALSE
Por	chr5	FALSE	FALSE
Gm50139	chr19	FALSE	FALSE
Clspn	chr4	FALSE	TRUE
Prokr1	chr6	FALSE	FALSE
Adamts19	chr18	FALSE	FALSE
Epha2	chr4	FALSE	FALSE
Igsf23	chr7	FALSE	TRUE
Myo9b	chr8	FALSE	FALSE
Cyp4f13	chr17	FALSE	FALSE
Olfr1133	chr2	FALSE	TRUE
Kat5	chr19	FALSE	FALSE
Ogfod1	chr8	FALSE	FALSE
Fam217b	chr2	FALSE	FALSE
Clcn3	chr8	FALSE	FALSE
Retsat	chr6	FALSE	FALSE
Actr8	chr14	FALSE	FALSE
Enoph1	chr5	FALSE	FALSE
Phyh	chr2	FALSE	FALSE
Tk1	chr11	FALSE	FALSE
Wars2	chr3	FALSE	FALSE
C3	chr17	FALSE	FALSE
Rab27a	chr9	FALSE	FALSE
Tas2r137	chr6	FALSE	TRUE
Rab11a	chr9	FALSE	FALSE
Zfp160	chr17	FALSE	FALSE
Nkain1	chr4	FALSE	FALSE
Serpinb6d	chr13	FALSE	TRUE
Ifi204	chr1	FALSE	TRUE
Muc19	chr15	FALSE	FALSE
Slc48a1	chr15	FALSE	FALSE
Apoa1	chr9	FALSE	FALSE
Yipf4	chr17	FALSE	FALSE
Sp2	chr11	FALSE	FALSE
Septin6	chrX	FALSE	FALSE
Pbxip1	chr3	FALSE	FALSE
Tceal8	chrX	FALSE	FALSE
Rnf222	chr11	FALSE	TRUE
Tmem200a	chr10	FALSE	FALSE
Med10	chr13	FALSE	FALSE
Canx	chr11	FALSE	FALSE
Sult2a6	chr7	FALSE	TRUE
9830107B12Rik	chr17	FALSE	TRUE
Eapp	chr12	FALSE	FALSE
Naaa	chr5	FALSE	FALSE
Tmem192	chr8	FALSE	FALSE
Diaph1	chr18	FALSE	FALSE
Caskin1	chr17	FALSE	FALSE
Txndc5	chr13	FALSE	FALSE
Serpinb1c	chr13	FALSE	FALSE
Adra2c	chr5	FALSE	FALSE
Ccna1	chr3	FALSE	FALSE
Zfp512	chr5	FALSE	FALSE
Gpn3	chr5	FALSE	FALSE
Ammecr1l	chr18	FALSE	FALSE
Polr2a	chr11	FALSE	FALSE
Sirpb1c	chr3	FALSE	TRUE
Bcl11b	chr12	FALSE	FALSE
Kri1	chr9	FALSE	FALSE
Exoc5	chr14	FALSE	FALSE
Eif4ebp2	chr10	FALSE	FALSE
Tbx5	chr5	FALSE	FALSE
Fgfrl1	chr5	FALSE	FALSE
Lipi	chr16	FALSE	TRUE
Opn4	chr14	FALSE	TRUE
Rnf32	chr5	FALSE	FALSE
Iqcg	chr16	FALSE	FALSE
Ppargc1a	chr5	FALSE	FALSE
Cct3	chr3	FALSE	FALSE
Tecpr2	chr12	FALSE	FALSE
Golga2	chr2	FALSE	FALSE
Ptger2	chr14	FALSE	FALSE
Gm136	chr4	FALSE	TRUE
D430019H16Rik	chr12	FALSE	FALSE
Nsun6	chr2	FALSE	FALSE
Sphk2	chr7	FALSE	FALSE
Cacna2d1	chr5	FALSE	FALSE
Ppwd1	chr13	FALSE	FALSE
Pxk	chr14	FALSE	FALSE
Vmn1r59	chr7	FALSE	TRUE
Mmp7	chr9	FALSE	TRUE
Ubox5	chr2	FALSE	FALSE
Tbx3	chr5	FALSE	FALSE
Map7d3	chrX	FALSE	FALSE
Cd109	chr9	FALSE	FALSE
1700003H04Rik	chr3	FALSE	TRUE
Hsd17b12	chr2	FALSE	FALSE
Sirpb1a	chr3	FALSE	TRUE
Cass4	chr2	FALSE	FALSE
Smtnl2	chr11	FALSE	FALSE
She	chr3	FALSE	FALSE
Slc9a6	chrX	FALSE	FALSE
Phf11a	chr14	FALSE	TRUE
Usp48	chr4	FALSE	FALSE
Pnlip	chr19	FALSE	TRUE
Gmppb	chr9	FALSE	FALSE
Commd10	chr18	FALSE	FALSE
Poldip3	chr15	FALSE	FALSE
Cdc37l1	chr19	FALSE	FALSE
Padi2	chr4	FALSE	FALSE
Olfr761	chr17	FALSE	TRUE
Atg4a	chrX	FALSE	FALSE
Grhl3	chr4	FALSE	FALSE
S100a2	chr3	FALSE	TRUE
Speer2	chr16	FALSE	TRUE
Pcdhga6	chr18	FALSE	FALSE
Dmd	chrX	FALSE	FALSE
Plekhf2	chr4	FALSE	FALSE
Zar1	chr5	FALSE	FALSE
Cbln2	chr18	FALSE	FALSE
D2hgdh	chr1	FALSE	FALSE
Wdr20	chr12	FALSE	FALSE
Mocs2	chr13	FALSE	FALSE
Oit3	chr10	FALSE	FALSE
Asb2	chr12	FALSE	FALSE
Sf1	chr19	FALSE	FALSE
Fcgr3	chr1	FALSE	TRUE
Cdc25a	chr9	FALSE	FALSE
St7l	chr3	FALSE	FALSE
Pmfbp1	chr8	FALSE	FALSE
Pax9	chr12	FALSE	FALSE
Tnfaip6	chr2	FALSE	FALSE
Cpb2	chr14	FALSE	TRUE
Gm5798	chr14	FALSE	TRUE
Lrguk	chr6	FALSE	FALSE
Rdh16	chr10	FALSE	TRUE
Mad2l1	chr6	FALSE	FALSE
4930522H14Rik	chr4	FALSE	TRUE
Lypd6	chr2	FALSE	FALSE
Arsa	chr15	FALSE	FALSE
Bsn	chr9	FALSE	FALSE
Dsg1c	chr18	FALSE	TRUE
St6galnac6	chr2	FALSE	FALSE
Got1	chr19	FALSE	FALSE
Rasef	chr4	FALSE	FALSE
Nme4	chr17	FALSE	TRUE
D3Ertd751e	chr3	FALSE	FALSE
Gml	chr15	FALSE	TRUE
Hlx	chr1	FALSE	FALSE
Ddx18	chr1	FALSE	FALSE
Ccdc127	chr13	FALSE	FALSE
Zfp51	chr17	FALSE	FALSE
Cyp2c23	chr19	FALSE	TRUE
Stmn2	chr3	FALSE	FALSE
Gm48552	chr10	FALSE	FALSE
Lmnb1	chr18	FALSE	FALSE
Defb50	chr8	FALSE	TRUE
Cyp2a22	chr7	FALSE	TRUE
Fkbp15	chr4	FALSE	FALSE
Ankrd34c	chr9	FALSE	FALSE
Hykk	chr9	FALSE	FALSE
Pfdn1	chr18	FALSE	FALSE
Prss57	chr10	FALSE	FALSE
Sox4	chr13	FALSE	FALSE
Mslnl	chr17	FALSE	FALSE
Gm17266	chr18	FALSE	FALSE
Zfp961	chr8	FALSE	FALSE
P3h3	chr6	FALSE	FALSE
Ethe1	chr7	FALSE	FALSE
Cda	chr4	FALSE	FALSE
Vsir	chr10	FALSE	FALSE
Med20	chr17	FALSE	FALSE
Ephx2	chr14	FALSE	FALSE
Appl1	chr14	FALSE	FALSE
Olfr1199	chr2	FALSE	TRUE
Gm35339	chr15	FALSE	TRUE
Dmap1	chr4	FALSE	FALSE
Hcfc1r1	chr17	FALSE	FALSE
Ube2f	chr1	FALSE	FALSE
Gm31371	chr8	FALSE	TRUE
Fam83f	chr15	FALSE	FALSE
Capn12	chr7	FALSE	FALSE
Mfrp	chr9	FALSE	FALSE
Larp6	chr9	FALSE	FALSE
Elf4	chrX	FALSE	FALSE
Ubr1	chr2	FALSE	FALSE
Usp13	chr3	FALSE	FALSE
Ephb3	chr16	FALSE	FALSE
Ccdc18	chr5	FALSE	FALSE
Tpx2	chr2	FALSE	FALSE
Anp32e	chr3	FALSE	FALSE
Cxcl9	chr5	FALSE	TRUE
Itgb8	chr12	FALSE	FALSE
Olfr128	chr17	FALSE	TRUE
Aff1	chr5	FALSE	FALSE
Hyal5	chr6	FALSE	TRUE
Glul	chr1	FALSE	FALSE
Dpyd	chr3	FALSE	FALSE
Cidea	chr18	FALSE	FALSE
B4galt4	chr16	FALSE	FALSE
Taf5l	chr8	FALSE	FALSE
Pgk1	chrX	FALSE	FALSE
Cd274	chr19	FALSE	FALSE
Caml	chr13	FALSE	FALSE
Il23r	chr6	FALSE	TRUE
Wipi2	chr5	FALSE	FALSE
Slc4a9	chr18	FALSE	FALSE
Pitpnb	chr5	FALSE	FALSE
Gns	chr10	FALSE	FALSE
Lamc1	chr1	FALSE	FALSE
Hnrnpm	chr17	FALSE	FALSE
Opn1sw	chr6	FALSE	FALSE
Ergic3	chr2	FALSE	FALSE
Borcs5	chr6	FALSE	FALSE
Gm6268	chrX	FALSE	TRUE
Gm20075	chr13	FALSE	TRUE
Cd4	chr6	FALSE	FALSE
6330409D20Rik	chr2	FALSE	FALSE
Aatk	chr11	FALSE	FALSE
Oas1d	chr5	FALSE	TRUE
Twf1	chr15	FALSE	FALSE
Myh3	chr11	FALSE	FALSE
Slc26a5	chr5	FALSE	FALSE
Olfr1253	chr2	FALSE	TRUE
Egln1	chr8	FALSE	FALSE
Olfr459	chr6	FALSE	TRUE
Cd5	chr19	FALSE	FALSE
Mst1r	chr9	FALSE	FALSE
Rasgef1c	chr11	FALSE	FALSE
Osbp	chr19	FALSE	FALSE
Creld2	chr15	FALSE	FALSE
Rmdn2	chr17	FALSE	FALSE
Pla2g15	chr8	FALSE	FALSE
Ang4	chr14	FALSE	TRUE
Fbxo40	chr16	FALSE	TRUE
Slc22a21	chr11	FALSE	FALSE
Gm20489	chrX	FALSE	FALSE
Psg25	chr7	FALSE	TRUE
Riok1	chr13	FALSE	FALSE
Gm30191	chr4	FALSE	FALSE
Trpv3	chr11	FALSE	TRUE
Mapk1ip1	chr7	FALSE	FALSE
Dusp11	chr6	FALSE	FALSE
Ect2l	chr10	FALSE	FALSE
Ttll9	chr2	FALSE	FALSE
Eif2ak3	chr6	FALSE	FALSE
Gm49395	chr13	FALSE	FALSE
Icosl	chr10	FALSE	FALSE
Ppp6c	chr2	FALSE	FALSE
Ncmap	chr4	FALSE	FALSE
Frzb	chr2	FALSE	FALSE
Zscan26	chr13	FALSE	FALSE
2700097O09Rik	chr12	FALSE	FALSE
Rfpl4b	chr10	FALSE	TRUE
Podnl1	chr8	FALSE	FALSE
Zmym3	chrX	FALSE	FALSE
Rara	chr11	FALSE	FALSE
Ermap	chr4	FALSE	TRUE
Cyp2c40	chr19	FALSE	TRUE
BC049352	chr9	FALSE	FALSE
Rab31	chr17	FALSE	FALSE
Hkdc1	chr10	FALSE	FALSE
Obox1	chr7	FALSE	TRUE
Znhit3	chr11	FALSE	FALSE
Elf5	chr2	FALSE	FALSE
Swt1	chr1	FALSE	FALSE
Dhrs3	chr4	FALSE	FALSE
B4galt3	chr1	FALSE	FALSE
Nktr	chr9	FALSE	FALSE
Ttll3	chr6	FALSE	FALSE
Aldh3b2	chr19	FALSE	TRUE
Adam19	chr11	FALSE	FALSE
Prrg3	chrX	FALSE	FALSE
Gm15097	chrX	FALSE	TRUE
Hsd17b1	chr11	FALSE	TRUE
Amtn	chr5	FALSE	TRUE
B3gnt6	chr7	FALSE	FALSE
Trem3	chr17	FALSE	TRUE
Higd1a	chr9	FALSE	FALSE
Serpinc1	chr1	FALSE	FALSE
Pcdhga1	chr18	FALSE	FALSE
Pdzd3	chr9	FALSE	FALSE
Stbd1	chr5	FALSE	FALSE
Ythdf1	chr2	FALSE	FALSE
Olfr1338	chr4	FALSE	TRUE
Rnps1	chr17	FALSE	FALSE
Vmn2r75	chr7	FALSE	TRUE
Miga1	chr3	FALSE	FALSE
Heatr5b	chr17	FALSE	FALSE
Efcab7	chr4	FALSE	FALSE
Wasf2	chr4	FALSE	FALSE
Vmn2r90	chr17	FALSE	TRUE
Aire	chr10	FALSE	FALSE
Plekha2	chr8	FALSE	FALSE
Rsrp1	chr4	FALSE	FALSE
Zfp668	chr7	FALSE	FALSE
Sgms2	chr3	FALSE	FALSE
Odf3l1	chr9	FALSE	FALSE
Cnppd1	chr1	FALSE	FALSE
Proser2	chr2	FALSE	FALSE
Dync1li1	chr9	FALSE	FALSE
4930558K02Rik	chr1	FALSE	FALSE
Tsen34	chr7	FALSE	FALSE
Tcte1	chr17	FALSE	FALSE
Psen1	chr12	FALSE	FALSE
Zfp934	chr13	FALSE	TRUE
Jpt2	chr17	FALSE	FALSE
Npr2	chr4	FALSE	FALSE
Dgke	chr11	FALSE	FALSE
Orc2	chr1	FALSE	FALSE
Abhd18	chr3	FALSE	FALSE
Klhl7	chr5	FALSE	FALSE
Slc7a13	chr4	FALSE	TRUE
Taf8	chr17	FALSE	FALSE
Grhl1	chr12	FALSE	FALSE
Tie1	chr4	FALSE	TRUE
Asb11	chrX	FALSE	FALSE
Kmt2a	chr9	FALSE	FALSE
Septin12	chr16	FALSE	TRUE
Gm364	chrX	FALSE	TRUE
Noc2l	chr4	FALSE	FALSE
Tmprss9	chr10	FALSE	FALSE
Maff	chr15	FALSE	FALSE
Slc25a38	chr9	FALSE	FALSE
Hoxa3	chr6	FALSE	FALSE
2310039H08Rik	chr17	FALSE	TRUE
Arhgef16	chr4	FALSE	FALSE
B3galnt2	chr13	FALSE	FALSE
Washc5	chr15	FALSE	FALSE
Rabgef1	chr5	FALSE	FALSE
Kcng2	chr18	FALSE	FALSE
Dctn6	chr8	FALSE	FALSE
Hnrnpr	chr4	FALSE	FALSE
Mier3	chr13	FALSE	FALSE
Fam98a	chr17	FALSE	FALSE
Aifm1	chrX	FALSE	FALSE
Olfr1164	chr2	FALSE	TRUE
Gtf2a1l	chr17	FALSE	TRUE
Aadacl4	chr4	FALSE	TRUE
Smap1	chr1	FALSE	FALSE
Mlkl	chr8	FALSE	FALSE
Hexdc	chr11	FALSE	FALSE
Pias3	chr3	FALSE	FALSE
Mrps21	chr3	FALSE	FALSE
Pipox	chr11	FALSE	FALSE
H2-M10.1	chr17	FALSE	TRUE
Snap25	chr2	FALSE	FALSE
Vmn2r24	chr6	FALSE	TRUE
Umod	chr7	FALSE	TRUE
Eif3b	chr5	FALSE	FALSE
Bpifb5	chr2	FALSE	FALSE
1700016H13Rik	chr5	FALSE	FALSE
Coasy	chr11	FALSE	FALSE
Zfp91	chr19	FALSE	FALSE
Gm28036	chr2	FALSE	FALSE
Hvcn1	chr5	FALSE	FALSE
Nup210l	chr3	FALSE	FALSE
Dlx4	chr11	FALSE	FALSE
Cd300a	chr11	FALSE	TRUE
Stx1b	chr7	FALSE	FALSE
Rapgefl1	chr11	FALSE	FALSE
Ubash3b	chr9	FALSE	FALSE
Gm13119	chr4	FALSE	TRUE
Meig1	chr2	FALSE	FALSE
Zfp91	chr19	FALSE	FALSE
Zfp719	chr7	FALSE	FALSE
Prdm6	chr18	FALSE	FALSE
Armc4	chr18	FALSE	FALSE
C87977	chr4	FALSE	TRUE
Mllt10	chr2	FALSE	FALSE
Faim	chr9	FALSE	FALSE
Hs1bp3	chr12	FALSE	FALSE
Olfr601	chr7	FALSE	TRUE
Rapsn	chr2	FALSE	TRUE
Gm8220	chr14	FALSE	TRUE
Rad50	chr11	FALSE	FALSE
Ly6c2	chr15	FALSE	TRUE
Snx14	chr9	FALSE	FALSE
Bmx	chrX	FALSE	TRUE
Ppp2r1a	chr17	FALSE	FALSE
Fbxo36	chr1	FALSE	FALSE
Mbp	chr18	FALSE	FALSE
Tbc1d25	chrX	FALSE	FALSE
Gbgt1	chr2	FALSE	TRUE
Gm28168	chr1	FALSE	TRUE
Rpap1	chr2	FALSE	FALSE
Sec14l5	chr16	FALSE	FALSE
Fam90a1b	chrX	FALSE	FALSE
Clrn1	chr3	FALSE	FALSE
Gldc	chr19	FALSE	FALSE
Maats1	chr16	FALSE	FALSE
Prdm4	chr10	FALSE	FALSE
Ube2g1	chr11	FALSE	FALSE
Gm8180	chr14	FALSE	TRUE
Mterf2	chr10	FALSE	FALSE
Nipal4	chr11	FALSE	FALSE
Lamp1	chr8	FALSE	FALSE
Mitd1	chr1	FALSE	FALSE
Lins1	chr7	FALSE	FALSE
C1qb	chr4	FALSE	TRUE
Nipal1	chr5	FALSE	FALSE
Tpm3	chr3	FALSE	FALSE
Skint9	chr4	FALSE	TRUE
Gspt2	chrX	FALSE	FALSE
Gm15091	chrX	FALSE	TRUE
Clca2	chr3	FALSE	TRUE
Cenpc1	chr5	FALSE	FALSE
Gpr156	chr16	FALSE	FALSE
Hao1	chr2	FALSE	FALSE
Fahd2a	chr2	FALSE	FALSE
Stx19	chr16	FALSE	FALSE
Dclk3	chr9	FALSE	FALSE
Tmprss13	chr9	FALSE	FALSE
Cyp2b9	chr7	FALSE	TRUE
B3galt1	chr2	FALSE	FALSE
Bzw2	chr12	FALSE	FALSE
Tecta	chr9	FALSE	FALSE
Arnt	chr3	FALSE	FALSE
Ube2c	chr2	FALSE	FALSE
Cep89	chr7	FALSE	FALSE
Ptges	chr2	FALSE	FALSE
Ahsa1	chr12	FALSE	FALSE
Fbxw20	chr9	FALSE	TRUE
Mrpl58	chr11	FALSE	FALSE
Arhgap22	chr14	FALSE	FALSE
Oas1h	chr5	FALSE	FALSE
Gm11146	chr16	FALSE	FALSE
Taf1d	chr9	FALSE	FALSE
Repin1	chr6	FALSE	FALSE
Fmod	chr1	FALSE	FALSE
Spinkl	chr18	FALSE	TRUE
Gm21761	chr13	FALSE	TRUE
Usp2	chr9	FALSE	FALSE
Mfsd14a	chr3	FALSE	FALSE
Pla2g2e	chr4	FALSE	FALSE
Axin2	chr11	FALSE	FALSE
Rhoq	chr17	FALSE	FALSE
Pcdhgb1	chr18	FALSE	FALSE
Thrap3	chr4	FALSE	FALSE
Itih1	chr14	FALSE	TRUE
Olfr1463	chr19	FALSE	TRUE
Haao	chr17	FALSE	FALSE
Ttc33	chr15	FALSE	FALSE
Cdc42	chr4	FALSE	FALSE
9930104L06Rik	chr4	FALSE	FALSE
Pcdhb7	chr18	FALSE	TRUE
Prxl2b	chr4	FALSE	FALSE
Apol8	chr15	FALSE	FALSE
Rnf212	chr5	FALSE	TRUE
Rnaset2b	chr17	FALSE	FALSE
Vmn2r57	chr7	FALSE	TRUE
Golim4	chr3	FALSE	FALSE
Tex28	chrX	FALSE	TRUE
Snrnp200	chr2	FALSE	FALSE
Nipsnap1	chr11	FALSE	FALSE
Cd3g	chr9	FALSE	FALSE
Slc30a8	chr15	FALSE	TRUE
Nat8f7	chr6	FALSE	FALSE
Csad	chr15	FALSE	FALSE
Rnf166	chr8	FALSE	FALSE
Trmu	chr15	FALSE	FALSE
Cyld	chr8	FALSE	FALSE
Oprk1	chr1	FALSE	FALSE
Lman1l	chr9	FALSE	FALSE
Lyrm4	chr13	FALSE	FALSE
Alkal1	chr1	FALSE	FALSE
Anp32a	chr9	FALSE	FALSE
Gm4791	chr9	FALSE	TRUE
Rad51c	chr11	FALSE	TRUE
Zc3hc1	chr6	FALSE	FALSE
Taf6l	chr19	FALSE	FALSE
Asl	chr5	FALSE	TRUE
3300002I08Rik	chr2	FALSE	FALSE
Aldoart2	chr12	FALSE	FALSE
Ccdc152	chr15	FALSE	TRUE
Celsr3	chr9	FALSE	FALSE
Ak3	chr19	FALSE	FALSE
Foxd4	chr19	FALSE	FALSE
Msl2	chr9	FALSE	FALSE
Fcrls	chr3	FALSE	TRUE
Nos3	chr5	FALSE	FALSE
Srd5a1	chr13	FALSE	FALSE
Tub	chr7	FALSE	FALSE
Klrb1b	chr6	FALSE	TRUE
Cops7a	chr6	FALSE	FALSE
Ifnab	chr4	FALSE	FALSE
Acsl4	chrX	FALSE	FALSE
Mgat4e	chr1	FALSE	TRUE
Catsper3	chr13	FALSE	TRUE
Them4	chr3	FALSE	FALSE
Chmp1b	chr18	FALSE	FALSE
Lyzl4	chr9	FALSE	FALSE
Tipin	chr9	FALSE	FALSE
Cfap299	chr5	FALSE	FALSE
Zfp68	chr5	FALSE	FALSE
Thap11	chr8	FALSE	FALSE
Knl1	chr2	FALSE	TRUE
Zfp526	chr7	FALSE	FALSE
Proc	chr18	FALSE	FALSE
Npnt	chr3	FALSE	FALSE
Vmn1r19	chr6	FALSE	TRUE
Vil1	chr1	FALSE	FALSE
Tas2r115	chr6	FALSE	TRUE
Mtmr9	chr14	FALSE	FALSE
Sfxn2	chr19	FALSE	FALSE
Heatr6	chr11	FALSE	FALSE
Srprb	chr9	FALSE	FALSE
Gm5796	chr14	FALSE	TRUE
Mrpl45	chr11	FALSE	FALSE
Mmp21	chr7	FALSE	FALSE
Il1f8	chr2	FALSE	TRUE
Rtn3	chr19	FALSE	FALSE
Impg1	chr9	FALSE	FALSE
Cyp2j5	chr4	FALSE	TRUE
Adra2b	chr2	FALSE	FALSE
Timd2	chr11	FALSE	TRUE
C2cd6	chr1	FALSE	TRUE
Ywhae	chr11	FALSE	FALSE
Gm20716	chr2	FALSE	FALSE
Rbm34	chr8	FALSE	FALSE
Pigx	chr16	FALSE	FALSE
Slc19a1	chr10	FALSE	FALSE
Crhr1	chr11	FALSE	FALSE
Cinp	chr12	FALSE	FALSE
Ina	chr19	FALSE	FALSE
Slc33a1	chr3	FALSE	FALSE
Dcaf8	chr1	FALSE	FALSE
Pno1	chr11	FALSE	FALSE
Hnrnpd	chr5	FALSE	FALSE
Pon2	chr6	FALSE	FALSE
Sohlh1	chr2	FALSE	FALSE
Zfp398	chr6	FALSE	FALSE
Olfr455	chr6	FALSE	TRUE
Plb1	chr5	FALSE	FALSE
Cdk5rap2	chr4	FALSE	FALSE
Lhx8	chr3	FALSE	FALSE
Pgr	chr9	FALSE	FALSE
Mast4	chr13	FALSE	FALSE
Lrat	chr3	FALSE	FALSE
Csf3r	chr4	FALSE	TRUE
Armc1	chr3	FALSE	FALSE
BC051142	chr17	FALSE	TRUE
Lpcat3	chr6	FALSE	FALSE
Pgghg	chr7	FALSE	FALSE
Cenpo	chr12	FALSE	FALSE
Nup35	chr2	FALSE	FALSE
Mcu	chr10	FALSE	FALSE
Serpina16	chr12	FALSE	TRUE
Gm10130	chr2	FALSE	FALSE
Mettl27	chr5	FALSE	TRUE
Cygb	chr11	FALSE	FALSE
Dnah10	chr5	FALSE	FALSE
Tsc1	chr2	FALSE	FALSE
Arhgef39	chr4	FALSE	FALSE
Gins2	chr8	FALSE	FALSE
Lpcat4	chr2	FALSE	FALSE
Smim13	chr13	FALSE	FALSE
Pip4k2b	chr11	FALSE	FALSE
Defb11	chr8	FALSE	TRUE
Zfp318	chr17	FALSE	FALSE
Synpo	chr18	FALSE	FALSE
Actn3	chr19	FALSE	FALSE
Slc30a10	chr1	FALSE	FALSE
Olfr1459	chr19	FALSE	TRUE
Otud7b	chr3	FALSE	FALSE
Erich1	chr8	FALSE	FALSE
Tafa1	chr6	FALSE	FALSE
Usp20	chr2	FALSE	FALSE
Rgr	chr14	FALSE	TRUE
Olfr156	chr4	FALSE	FALSE
Adpgk	chr9	FALSE	FALSE
Cd79a	chr7	FALSE	TRUE
Pdap1	chr5	FALSE	FALSE
Erich4	chr7	FALSE	TRUE
Angpt2	chr8	FALSE	FALSE
Lrch4	chr5	FALSE	FALSE
Prkaa1	chr15	FALSE	FALSE
Rnf44	chr13	FALSE	FALSE
Kctd14	chr7	FALSE	FALSE
Gm5485	chr16	FALSE	TRUE
Retreg3	chr11	FALSE	FALSE
Nfyb	chr10	FALSE	FALSE
4930432K21Rik	chr8	FALSE	FALSE
Rhcg	chr7	FALSE	FALSE
Fbxo9	chr9	FALSE	FALSE
Obox3	chr7	FALSE	TRUE
Olfml2a	chr2	FALSE	FALSE
Vmn2r26	chr6	FALSE	TRUE
Notch4	chr17	FALSE	FALSE
Mtmr6	chr14	FALSE	FALSE
Zfp592	chr7	FALSE	FALSE
Zfp933	chr4	FALSE	FALSE
C1ql2	chr1	FALSE	FALSE
Cldn34a	chrX	FALSE	TRUE
Slc26a10	chr10	FALSE	FALSE
Tas1r3	chr4	FALSE	TRUE
Pcdhga2	chr18	FALSE	FALSE
Olfr519	chr7	FALSE	TRUE
Tcf7	chr11	FALSE	FALSE
Gm6408	chr5	FALSE	TRUE
Htr7	chr19	FALSE	FALSE
Terf1	chr1	FALSE	FALSE
Guk1	chr11	FALSE	FALSE
Zfp952	chr17	FALSE	TRUE
Dzip3	chr16	FALSE	FALSE
Rpl9-ps1	chr11	FALSE	TRUE
Psma6	chr12	FALSE	FALSE
Zfp292	chr4	FALSE	FALSE
Mrpl24	chr3	FALSE	FALSE
Adam5	chr8	FALSE	TRUE
Olfr810	chr10	FALSE	TRUE
Clcn6	chr4	FALSE	FALSE
Oga	chr19	FALSE	FALSE
Cd22	chr7	FALSE	TRUE
Cep68	chr11	FALSE	FALSE
Psip1	chr4	FALSE	FALSE
Skint8	chr4	FALSE	TRUE
Oas1e	chr5	FALSE	TRUE
Hip1r	chr5	FALSE	FALSE
Ankle1	chr8	FALSE	FALSE
Tbc1d17	chr7	FALSE	FALSE
Gdf10	chr14	FALSE	FALSE
Anln	chr9	FALSE	TRUE
Htatsf1	chrX	FALSE	FALSE
Tnfrsf11b	chr15	FALSE	FALSE
Sost	chr11	FALSE	FALSE
Bphl	chr13	FALSE	FALSE
Gjd3	chr11	FALSE	TRUE
Npffr2	chr5	FALSE	FALSE
Mtmr1	chrX	FALSE	FALSE
Fgfr1	chr8	FALSE	FALSE
Gramd4	chr15	FALSE	FALSE
Gsta4	chr9	FALSE	FALSE
Ptgir	chr7	FALSE	FALSE
Olfr250	chr9	FALSE	TRUE
Trpc3	chr3	FALSE	FALSE
Drd2	chr9	FALSE	FALSE
Fbxl21	chr13	FALSE	FALSE
Astl	chr2	FALSE	FALSE
Get4	chr5	FALSE	FALSE
Olfr283	chr15	FALSE	TRUE
Isg20	chr7	FALSE	FALSE
Rnf135	chr11	FALSE	TRUE
Akap13	chr7	FALSE	FALSE
Rnf17	chr14	FALSE	TRUE
Hspa9	chr18	FALSE	FALSE
Ifit1bl2	chr19	FALSE	TRUE
Cdc123	chr2	FALSE	FALSE
Ube3b	chr5	FALSE	FALSE
Rhbdd1	chr1	FALSE	FALSE
Scaf4	chr16	FALSE	FALSE
Cyp4f14	chr17	FALSE	FALSE
Lss	chr10	FALSE	FALSE
Gnb1	chr4	FALSE	FALSE
Mptx1	chr1	FALSE	TRUE
Amelx	chrX	FALSE	TRUE
Ip6k1	chr9	FALSE	FALSE
Tnxb	chr17	FALSE	FALSE
Nme8	chr13	FALSE	FALSE
Slc22a20	chr19	FALSE	FALSE
Zscan2	chr7	FALSE	FALSE
Npc1	chr18	FALSE	FALSE
Krtap1-4	chr11	FALSE	TRUE
Mical1	chr10	FALSE	FALSE
Mpp2	chr11	FALSE	FALSE
Pde6g	chr11	FALSE	TRUE
Syp	chrX	FALSE	FALSE
1110032A03Rik	chr9	FALSE	FALSE
Gatad1	chr5	FALSE	FALSE
Fam83h	chr15	FALSE	FALSE
Vps45	chr3	FALSE	FALSE
Cln5	chr14	FALSE	FALSE
Cdc27	chr11	FALSE	FALSE
Pcdhgb5	chr18	FALSE	FALSE
Smarce1	chr11	FALSE	FALSE
Gm21970	chr16	FALSE	FALSE
Gm17019	chr5	FALSE	TRUE
Zfp459	chr13	FALSE	FALSE
Usp10	chr8	FALSE	FALSE
Parm1	chr5	FALSE	FALSE
Prr18	chr17	FALSE	FALSE
Gm28305	chr9	FALSE	FALSE
Gda	chr19	FALSE	FALSE
Pcdhga4	chr18	FALSE	FALSE
Phka1	chrX	FALSE	FALSE
Galk1	chr11	FALSE	FALSE
Strit1	chr3	FALSE	TRUE
Uchl5	chr1	FALSE	FALSE
Lman1	chr18	FALSE	FALSE
Dock6	chr9	FALSE	FALSE
Chil4	chr3	FALSE	TRUE
5830411N06Rik	chr7	FALSE	TRUE
Gm39566	chr11	FALSE	TRUE
Mvb12a	chr8	FALSE	FALSE
Luc7l	chr17	FALSE	FALSE
Pla2g12b	chr10	FALSE	TRUE
Tas2r106	chr6	FALSE	TRUE
Cfap97	chr8	FALSE	FALSE
Cln8	chr8	FALSE	FALSE
Serpina1c	chr12	FALSE	TRUE
Cfap99	chr5	FALSE	FALSE
Tomt	chr7	FALSE	FALSE
Hoxa10	chr6	FALSE	FALSE
Gm28042	chr2	FALSE	FALSE
Rgs10	chr7	FALSE	FALSE
B3glct	chr5	FALSE	FALSE
Cyp4f40	chr17	FALSE	FALSE
Csnk2b	chr17	FALSE	FALSE
Ormdl2	chr10	FALSE	FALSE
Nr1h5	chr3	FALSE	TRUE
Pola2	chr19	FALSE	FALSE
Gm960	chr19	FALSE	FALSE
Gm3127	chr14	FALSE	TRUE
Anxa10	chr8	FALSE	TRUE
Fam151a	chr4	FALSE	TRUE
Def8	chr8	FALSE	FALSE
Olfr1246	chr2	FALSE	TRUE
Rgs8	chr1	FALSE	FALSE
Ccdc43	chr11	FALSE	FALSE
Chrna3	chr9	FALSE	FALSE
Pcdhga5	chr18	FALSE	FALSE
Pin1	chr9	FALSE	FALSE
Cyp11b2	chr15	FALSE	TRUE
Tpra1	chr6	FALSE	FALSE
Wdr18	chr10	FALSE	FALSE
Gm3854	chr7	FALSE	FALSE
Olfr1354	chr10	FALSE	TRUE
Cntf	chr19	FALSE	TRUE
Klc4	chr17	FALSE	FALSE
Gusb	chr5	FALSE	FALSE
Stra8	chr6	FALSE	FALSE
Trim6	chr7	FALSE	TRUE
Smim11	chr16	FALSE	FALSE
Prdx1	chr4	FALSE	FALSE
Atp1b1	chr1	FALSE	FALSE
Kif1a	chr1	FALSE	FALSE
4930415L06Rik	chrX	FALSE	TRUE
Bbox1	chr2	FALSE	TRUE
Klhl38	chr15	FALSE	FALSE
Gm19684	chr17	FALSE	FALSE
Ngfr	chr11	FALSE	FALSE
St14	chr9	FALSE	FALSE
Nanp	chr2	FALSE	FALSE
Ago3	chr4	FALSE	FALSE
Klk1b11	chr7	FALSE	TRUE
Wdr82	chr9	FALSE	FALSE
Dcaf8l	chrX	FALSE	TRUE
Prag1	chr8	FALSE	FALSE
Gm49359	chr13	FALSE	FALSE
Srebf2	chr15	FALSE	FALSE
Mchr1	chr15	FALSE	FALSE
Lemd1	chr1	FALSE	FALSE
Trappc13	chr13	FALSE	FALSE
Gpr146	chr5	FALSE	FALSE
Slc35b4	chr6	FALSE	FALSE
Rcn2	chr9	FALSE	FALSE
Gadl1	chr9	FALSE	FALSE
Asb13	chr13	FALSE	FALSE
Ckmt1	chr2	FALSE	FALSE
AU022751	chrX	FALSE	TRUE
Col6a2	chr10	FALSE	FALSE
2510009E07Rik	chr16	FALSE	FALSE
Mrpl46	chr7	FALSE	FALSE
Psmd8	chr7	FALSE	FALSE
Shroom1	chr11	FALSE	FALSE
Rrp12	chr19	FALSE	FALSE
H2az2	chr11	FALSE	FALSE
Matn3	chr12	FALSE	FALSE
Slc23a1	chr18	FALSE	FALSE
Abhd17b	chr19	FALSE	FALSE
Ccl4	chr11	FALSE	TRUE
Cldn18	chr9	FALSE	TRUE
Best3	chr10	FALSE	FALSE
Pla2g2d	chr4	FALSE	TRUE
Olfr1297	chr2	FALSE	TRUE
Olfr1012	chr2	FALSE	TRUE
Eif5a2	chr3	FALSE	FALSE
Gm17359	chr3	FALSE	FALSE
Mrgpra2b	chr7	FALSE	TRUE
Nucb2	chr7	FALSE	FALSE
Fam98b	chr2	FALSE	FALSE
Tex29	chr8	FALSE	FALSE
Adamts8	chr9	FALSE	FALSE
Eef1akmt2	chr7	FALSE	FALSE
Alpk3	chr7	FALSE	FALSE
Myocd	chr11	FALSE	FALSE
Hrob	chr11	FALSE	TRUE
Ctag2l2	chrX	FALSE	TRUE
Zcchc9	chr13	FALSE	FALSE
Vmn2r103	chr17	FALSE	TRUE
4930452B06Rik	chr14	FALSE	FALSE
Cmbl	chr15	FALSE	FALSE
Cnep1r1	chr8	FALSE	FALSE
Efhc1	chr1	FALSE	FALSE
Gucy1b1	chr3	FALSE	FALSE
Podxl2	chr6	FALSE	FALSE
Pdcd5	chr7	FALSE	FALSE
Gsx2	chr5	FALSE	FALSE
Iqank1	chr15	FALSE	FALSE
Gpr89	chr3	FALSE	FALSE
Chkb	chr15	FALSE	FALSE
Mroh7	chr4	FALSE	FALSE
Cldn23	chr8	FALSE	FALSE
Alox12b	chr11	FALSE	FALSE
Cubn	chr2	FALSE	FALSE
Olfr5	chr7	FALSE	TRUE
Fastkd2	chr1	FALSE	FALSE
Raet1e	chr10	FALSE	FALSE
Adhfe1	chr1	FALSE	FALSE
2810408A11Rik	chr11	FALSE	FALSE
Nmnat1	chr4	FALSE	TRUE
Camsap1	chr2	FALSE	FALSE
Skint3	chr4	FALSE	TRUE
Malt1	chr18	FALSE	FALSE
Gatd1	chr7	FALSE	FALSE
Olfr1248	chr2	FALSE	TRUE
Olfr378	chr11	FALSE	TRUE
Dcaf7	chr11	FALSE	FALSE
Trim26	chr17	FALSE	FALSE
Olfr366	chr2	FALSE	TRUE
Pcdhgb2	chr18	FALSE	FALSE
Hpd	chr5	FALSE	TRUE
Il2ra	chr2	FALSE	FALSE
Tm9sf4	chr2	FALSE	FALSE
Pbld1	chr10	FALSE	FALSE
Lactb	chr9	FALSE	FALSE
Wnt16	chr6	FALSE	FALSE
Fdxacb1	chr9	FALSE	FALSE
Tmed4	chr11	FALSE	FALSE
Stkld1	chr2	FALSE	FALSE
Pcdhga3	chr18	FALSE	FALSE
Olfr558	chr7	FALSE	TRUE
Palmd	chr3	FALSE	FALSE
Khdrbs3	chr15	FALSE	FALSE
Hps5	chr7	FALSE	FALSE
Galp	chr7	FALSE	TRUE
Ifi211	chr1	FALSE	TRUE
Rab8a	chr8	FALSE	FALSE
Casc3	chr11	FALSE	FALSE
Gpr108	chr17	FALSE	FALSE
Slfn5	chr11	FALSE	FALSE
E2f3	chr13	FALSE	FALSE
Pxt1	chr17	FALSE	FALSE
Dbx2	chr15	FALSE	FALSE
Spef2	chr15	FALSE	FALSE
Sppl2b	chr10	FALSE	FALSE
S100pbp	chr4	FALSE	FALSE
Spin4	chrX	FALSE	FALSE
Wfdc11	chr2	FALSE	TRUE
Slc34a1	chr13	FALSE	FALSE
Fam234a	chr17	FALSE	FALSE
Hmgb4	chr4	FALSE	TRUE
Nipa1	chr7	FALSE	FALSE
Hspa4	chr11	FALSE	FALSE
Bcl3	chr7	FALSE	FALSE
Cblif	chr19	FALSE	TRUE
Tmem132d	chr5	FALSE	FALSE
Pygo1	chr9	FALSE	TRUE
Matn1	chr4	FALSE	FALSE
Gm19345	chr7	FALSE	FALSE
Shoc1	chr4	FALSE	TRUE
Fancd2	chr6	FALSE	TRUE
Chchd2	chr5	FALSE	FALSE
Nags	chr11	FALSE	FALSE
Dydc2	chr14	FALSE	TRUE
Gm28557	chr13	FALSE	FALSE
Acp6	chr3	FALSE	FALSE
E130309D02Rik	chr5	FALSE	FALSE
Aicda	chr6	FALSE	TRUE
Pold3	chr7	FALSE	FALSE
Ccl1	chr11	FALSE	FALSE
Fbln1	chr15	FALSE	FALSE
Rtel1	chr2	FALSE	FALSE
Vmn1r49	chr6	FALSE	TRUE
Olfr930	chr9	FALSE	TRUE
Snrpf	chr10	FALSE	FALSE
Hc	chr2	FALSE	FALSE
Gramd1b	chr9	FALSE	FALSE
Polr3a	chr14	FALSE	FALSE
Sema3b	chr9	FALSE	FALSE
Dhrs7b	chr11	FALSE	FALSE
Tle7	chr8	FALSE	TRUE
Atp6v1e1	chr6	FALSE	FALSE
Cd53	chr3	FALSE	TRUE
Zfp607b	chr7	FALSE	FALSE
Cwc22	chr2	FALSE	FALSE
Chd8	chr14	FALSE	FALSE
Clcnka	chr4	FALSE	FALSE
Amn	chr12	FALSE	FALSE
Aadacl3	chr4	FALSE	TRUE
Vsig2	chr9	FALSE	FALSE
Chmp2b	chr16	FALSE	FALSE
Lhx4	chr1	FALSE	FALSE
Gypc	chr18	FALSE	FALSE
Tapbp	chr17	FALSE	FALSE
Ddr2	chr1	FALSE	FALSE
Vmn1r199	chr13	FALSE	TRUE
Lrrc56	chr7	FALSE	FALSE
Prp2	chr6	FALSE	TRUE
Wasf1	chr10	FALSE	FALSE
Ppp1r36	chr12	FALSE	FALSE
Sec24a	chr11	FALSE	FALSE
Tuba1c	chr15	FALSE	FALSE
Slitrk5	chr14	FALSE	FALSE
Esco1	chr18	FALSE	FALSE
Mug1	chr6	FALSE	TRUE
Nlrc5	chr8	FALSE	FALSE
Olfr1023	chr2	FALSE	TRUE
Dnajc25	chr4	FALSE	FALSE
Ugt2a1	chr5	FALSE	TRUE
Irx6	chr8	FALSE	FALSE
BC017158	chr7	FALSE	FALSE
Cnih4	chr1	FALSE	FALSE
2610028H24Rik	chr10	FALSE	TRUE
Zfp947	chr17	FALSE	FALSE
Rftn1	chr17	FALSE	FALSE
Sgca	chr11	FALSE	FALSE
2010315B03Rik	chr9	FALSE	FALSE
Kdsr	chr1	FALSE	FALSE
Bms1	chr6	FALSE	FALSE
Pctp	chr11	FALSE	FALSE
Cntrl	chr2	FALSE	FALSE
Cog6	chr3	FALSE	FALSE
Tff1	chr17	FALSE	TRUE
Hells	chr19	FALSE	FALSE
Spred1	chr2	FALSE	FALSE
Dpy30	chr17	FALSE	FALSE
Psma1	chr7	FALSE	FALSE
Glrx5	chr12	FALSE	FALSE
Haus2	chr2	FALSE	FALSE
Acsl1	chr8	FALSE	FALSE
Zg16	chr7	FALSE	FALSE
Dcun1d4	chr5	FALSE	FALSE
Mosmo	chr7	FALSE	FALSE
Fam178b	chr1	FALSE	FALSE
Dppa1	chr11	FALSE	TRUE
Hook1	chr4	FALSE	FALSE
Cyp20a1	chr1	FALSE	FALSE
S100b	chr10	FALSE	FALSE
Olfr1008	chr2	FALSE	TRUE
Sall2	chr14	FALSE	FALSE
Glt28d2	chr3	FALSE	FALSE
Slc22a29	chr19	FALSE	TRUE
Eps15	chr4	FALSE	FALSE
Gpr19	chr6	FALSE	FALSE
Pcyt1a	chr16	FALSE	FALSE
Dok3	chr13	FALSE	TRUE
Leng9	chr7	FALSE	FALSE
Spata6	chr4	FALSE	FALSE
Tstd3	chr4	FALSE	FALSE
Pou2af1	chr9	FALSE	TRUE
Pla2g1b	chr5	FALSE	TRUE
Opn5	chr17	FALSE	FALSE
Klhdc2	chr12	FALSE	FALSE
Slx4ip	chr2	FALSE	FALSE
Nefl	chr14	FALSE	FALSE
Smc3	chr19	FALSE	FALSE
Lrmp	chr6	FALSE	FALSE
Slc25a33	chr4	FALSE	FALSE
Epha1	chr6	FALSE	FALSE
Prr14	chr7	FALSE	FALSE
Fam171b	chr2	FALSE	FALSE
Ndufv1	chr19	FALSE	FALSE
Myl9	chr2	FALSE	FALSE
Ankrd49	chr9	FALSE	FALSE
Anxa4	chr6	FALSE	FALSE
Dph6	chr2	FALSE	FALSE
Atad2	chr15	FALSE	FALSE
Zscan4d	chr7	FALSE	TRUE
Inpp4a	chr1	FALSE	FALSE
Rnf41	chr10	FALSE	FALSE
Coq6	chr12	FALSE	FALSE
Slc22a3	chr17	FALSE	FALSE
Aagab	chr9	FALSE	FALSE
Peli3	chr19	FALSE	FALSE
Dcpp2	chr17	FALSE	TRUE
Lmo2	chr2	FALSE	FALSE
Anxa9	chr3	FALSE	FALSE
Pnp2	chr14	FALSE	FALSE
Top3a	chr11	FALSE	TRUE
Myo1h	chr5	FALSE	FALSE
Crybb1	chr5	FALSE	FALSE
Aipl1	chr11	FALSE	TRUE
Zbtb9	chr17	FALSE	FALSE
Ptger3	chr3	FALSE	FALSE
Caap1	chr4	FALSE	FALSE
Fuom	chr7	FALSE	FALSE
Sned1	chr1	FALSE	FALSE
A730009L09Rik	chr16	FALSE	TRUE
Strada	chr11	FALSE	FALSE
Arhgef9	chrX	FALSE	FALSE
P4htm	chr9	FALSE	FALSE
Ndufa11	chr17	FALSE	FALSE
Obox7	chr7	FALSE	TRUE
Rad54b	chr4	FALSE	FALSE
Slfnl1	chr4	FALSE	TRUE
Wt1	chr2	FALSE	FALSE
Kir3dl2	chrX	FALSE	TRUE
Cd180	chr13	FALSE	FALSE
Tmeff1	chr4	FALSE	FALSE
Cdk16	chrX	FALSE	FALSE
Mid1ip1	chrX	FALSE	FALSE
Ccdc9b	chr2	FALSE	FALSE
Tmsb15b1	chrX	FALSE	FALSE
Ndufa1	chrX	FALSE	FALSE
Spata48	chr11	FALSE	FALSE
Atp6v1g2	chr17	FALSE	FALSE
Nat3	chr8	FALSE	FALSE
Gm49353	chr10	FALSE	FALSE
Csf2rb	chr15	FALSE	FALSE
Zfp13	chr17	FALSE	FALSE
Plcd3	chr11	FALSE	FALSE
Vmn2r110	chr17	FALSE	TRUE
Spaca1	chr4	FALSE	TRUE
Trnp1	chr4	FALSE	FALSE
Stambpl1	chr19	FALSE	FALSE
Vmn1r55	chr7	FALSE	TRUE
Olfr123	chr17	FALSE	TRUE
Nlrp14	chr7	FALSE	TRUE
1110025L11Rik	chr16	FALSE	TRUE
Nek4	chr14	FALSE	FALSE
Ccp110	chr7	FALSE	FALSE
Zfp92	chrX	FALSE	FALSE
Med12	chrX	FALSE	FALSE
Glyat	chr19	FALSE	TRUE
Cad	chr5	FALSE	FALSE
Casd1	chr6	FALSE	FALSE
Sytl3	chr17	FALSE	FALSE
Lmnb2	chr10	FALSE	FALSE
Mrps18c	chr5	FALSE	TRUE
Wdr66	chr5	FALSE	FALSE
Zbtb24	chr10	FALSE	FALSE
Bst1	chr5	FALSE	FALSE
Dcaf1	chr9	FALSE	FALSE
Sh2d2a	chr3	FALSE	TRUE
Tlr13	chrX	FALSE	TRUE
Pmm1	chr15	FALSE	FALSE
Cst13	chr2	FALSE	TRUE
Vmn1r48	chr6	FALSE	TRUE
Slco1a4	chr6	FALSE	TRUE
2610528A11Rik	chr14	FALSE	FALSE
Zfp953	chr13	FALSE	FALSE
Tas2r121	chr6	FALSE	TRUE
Ralb	chr1	FALSE	FALSE
Neurl3	chr1	FALSE	FALSE
Pcdhga8	chr18	FALSE	FALSE
Slc2a3	chr6	FALSE	FALSE
Col6a6	chr9	FALSE	FALSE
Palb2	chr7	FALSE	FALSE
Ak2	chr4	FALSE	FALSE
Atp6v1e2	chr17	FALSE	FALSE
Pcdhgb4	chr18	FALSE	FALSE
Phxr2	chr10	FALSE	TRUE
Dmkn	chr7	FALSE	FALSE
Spata4	chr8	FALSE	FALSE
Htr3b	chr9	FALSE	FALSE
Gosr2	chr11	FALSE	FALSE
Eci2	chr13	FALSE	FALSE
Lor	chr3	FALSE	FALSE
Olfr1432	chr19	FALSE	TRUE
Psma3	chr12	FALSE	FALSE
Serf1	chr13	FALSE	FALSE
Wwtr1	chr3	FALSE	FALSE
Azin1	chr15	FALSE	FALSE
Mast1	chr8	FALSE	FALSE
Cdc7	chr5	FALSE	FALSE
Angptl4	chr17	FALSE	FALSE
Ireb2	chr9	FALSE	FALSE
Vps26b	chr9	FALSE	FALSE
Kdr	chr5	FALSE	FALSE
Sftpc	chr14	FALSE	FALSE
Slc35b1	chr11	FALSE	FALSE
Akt1	chr12	FALSE	FALSE
Nudcd3	chr11	FALSE	FALSE
Pcdhga7	chr18	FALSE	FALSE
Mthfd2l	chr5	FALSE	FALSE
Sult2a3	chr7	FALSE	TRUE
Rnf185	chr11	FALSE	FALSE
Tbc1d24	chr17	FALSE	FALSE
Cep131	chr11	FALSE	FALSE
Ctf2	chr7	FALSE	TRUE
Hnf1a	chr5	FALSE	FALSE
Ints1	chr5	FALSE	FALSE
Shpk	chr11	FALSE	FALSE
Timp2	chr11	FALSE	FALSE
Defb13	chr8	FALSE	FALSE
Zdhhc23	chr16	FALSE	FALSE
Fuca1	chr4	FALSE	FALSE
Trpm7	chr2	FALSE	FALSE
Irx1	chr13	FALSE	FALSE
R3hcc1	chr14	FALSE	FALSE
Thumpd2	chr17	FALSE	FALSE
Angptl1	chr1	FALSE	FALSE
Tia1	chr6	FALSE	FALSE
Rec114	chr9	FALSE	FALSE
Mras	chr9	FALSE	FALSE
Vmn2r84	chr10	FALSE	TRUE
Gm14399	chr2	FALSE	FALSE
Bcl7a	chr5	FALSE	FALSE
Havcr2	chr11	FALSE	TRUE
Bspry	chr4	FALSE	FALSE
Ttc28	chr5	FALSE	FALSE
Olfr885	chr9	FALSE	TRUE
Tdg	chr10	FALSE	FALSE
Casp8	chr1	FALSE	FALSE
Ap4s1	chr12	FALSE	FALSE
Il15ra	chr2	FALSE	FALSE
Olfr910	chr9	FALSE	TRUE
Prrx2	chr2	FALSE	FALSE
Mrm1	chr11	FALSE	FALSE
Pou1f1	chr16	FALSE	FALSE
Nptxr	chr15	FALSE	FALSE
Rnf123	chr9	FALSE	FALSE
Nras	chr3	FALSE	FALSE
Plaat3	chr19	FALSE	FALSE
Enthd1	chr15	FALSE	FALSE
Cyp2c55	chr19	FALSE	TRUE
Atg9a	chr1	FALSE	FALSE
Prr23a3	chr9	FALSE	FALSE
Dcaf13	chr15	FALSE	FALSE
Slc13a4	chr6	FALSE	FALSE
Sync	chr4	FALSE	FALSE
Grik4	chr9	FALSE	FALSE
9930022D16Rik	chr11	FALSE	TRUE
Hrg	chr16	FALSE	TRUE
4930590J08Rik	chr6	FALSE	FALSE
Acadvl	chr11	FALSE	FALSE
Gsx1	chr5	FALSE	FALSE
Thoc5	chr11	FALSE	FALSE
Foxp2	chr6	FALSE	FALSE
Tbp	chr17	FALSE	FALSE
Ccdc59	chr10	FALSE	FALSE
Myl3	chr9	FALSE	FALSE
Dpy19l3	chr7	FALSE	FALSE
Mageh1	chrX	FALSE	FALSE
Gabpa	chr16	FALSE	FALSE
Gm50388	chr19	FALSE	FALSE
Vinac1	chr2	FALSE	FALSE
Aplf	chr6	FALSE	FALSE
Pter	chr2	FALSE	FALSE
Golt1a	chr1	FALSE	TRUE
Etnppl	chr3	FALSE	FALSE
Vps33b	chr7	FALSE	FALSE
Trpm4	chr7	FALSE	FALSE
Klrb1f	chr6	FALSE	TRUE
Tex30	chr1	FALSE	FALSE
Cts8	chr13	FALSE	TRUE
Cpeb2	chr5	FALSE	FALSE
Sipa1	chr19	FALSE	FALSE
Slc35f2	chr9	FALSE	FALSE
Hrh4	chr18	FALSE	TRUE
Rprd1b	chr2	FALSE	FALSE
Elovl3	chr19	FALSE	FALSE
Spg7	chr8	FALSE	FALSE
Usp12	chr5	FALSE	FALSE
Tgfb2	chr1	FALSE	FALSE
Rhog	chr7	FALSE	FALSE
Fan1	chr7	FALSE	FALSE
Nod2	chr8	FALSE	FALSE
Rab40c	chr17	FALSE	FALSE
Gm3047	chr14	FALSE	TRUE
Tmed2	chr5	FALSE	FALSE
Mzt2	chr16	FALSE	FALSE
Ptgs2	chr1	FALSE	FALSE
Cmtm3	chr8	FALSE	FALSE
Otud4	chr8	FALSE	FALSE
4930444G20Rik	chr10	FALSE	TRUE
Prl7c1	chr13	FALSE	TRUE
Naa11	chr5	FALSE	TRUE
Ffar1	chr7	FALSE	TRUE
Akr1cl	chr1	FALSE	TRUE
Lmtk3	chr7	FALSE	FALSE
Ints8	chr4	FALSE	FALSE
Duxf3	chr10	FALSE	FALSE
Prkd2	chr7	FALSE	FALSE
Rufy4	chr1	FALSE	FALSE
Sinhcaf	chr6	FALSE	FALSE
Gfod1	chr13	FALSE	FALSE
9230112D13Rik	chr14	FALSE	FALSE
Ipmk	chr10	FALSE	FALSE
Slc30a1	chr1	FALSE	FALSE
Lrit2	chr14	FALSE	FALSE
Pilrb2	chr5	FALSE	TRUE
Gm26920	chr7	FALSE	FALSE
Mcpt2	chr14	FALSE	TRUE
Thnsl1	chr2	FALSE	FALSE
Gm2237	chr14	FALSE	FALSE
Dnajc15	chr14	FALSE	FALSE
Hagh	chr17	FALSE	FALSE
Platr25	chr13	FALSE	FALSE
Eps8l2	chr7	FALSE	FALSE
C1qtnf3	chr15	FALSE	FALSE
Ttc30a1	chr2	FALSE	FALSE
Klhl25	chr7	FALSE	FALSE
Ddx59	chr1	FALSE	FALSE
Ppie	chr4	FALSE	FALSE
Ofd1	chrX	FALSE	FALSE
Uchl4	chr9	FALSE	TRUE
Zdhhc25	chr15	FALSE	TRUE
Tcof1	chr18	FALSE	FALSE
Rdh16f2	chr10	FALSE	TRUE
Flt3l	chr7	FALSE	FALSE
Pcdhb21	chr18	FALSE	TRUE
Tamm41	chr6	FALSE	FALSE
Atp23	chr10	FALSE	FALSE
Ddx5	chr11	FALSE	FALSE
Rilp	chr11	FALSE	FALSE
Wdr81	chr11	FALSE	FALSE
Plpp5	chr8	FALSE	FALSE
Btc	chr5	FALSE	FALSE
Ackr4	chr9	FALSE	TRUE
Vmn1r89	chr7	FALSE	TRUE
Ahctf1	chr1	FALSE	FALSE
Necap2	chr4	FALSE	FALSE
Panx2	chr15	FALSE	FALSE
Cby3	chr11	FALSE	TRUE
Pglyrp1	chr7	FALSE	FALSE
Vmn2r4	chr3	FALSE	TRUE
Safb2	chr17	FALSE	FALSE
Krtap24-1	chr16	FALSE	TRUE
5031410I06Rik	chr5	FALSE	TRUE
3110040N11Rik	chr7	FALSE	FALSE
Ighmbp2	chr19	FALSE	FALSE
Pdxdc1	chr16	FALSE	FALSE
Pigv	chr4	FALSE	FALSE
Rspo2	chr15	FALSE	FALSE
Wdfy1	chr1	FALSE	FALSE
Sltm	chr9	FALSE	FALSE
Dpep2nb	chr8	FALSE	TRUE
Htra4	chr8	FALSE	FALSE
Dynlrb1	chr2	FALSE	FALSE
Catsperd	chr17	FALSE	FALSE
Ubb	chr11	FALSE	FALSE
Dusp7	chr9	FALSE	FALSE
Arhgef15	chr11	FALSE	FALSE
Ccni	chr5	FALSE	FALSE
Tom1l1	chr11	FALSE	FALSE
Epb42	chr2	FALSE	TRUE
Mocs3	chr2	FALSE	FALSE
Mindy2	chr9	FALSE	FALSE
Afm	chr5	FALSE	TRUE
Cdrt4	chr11	FALSE	FALSE
Zfyve19	chr2	FALSE	FALSE
Olfr345	chr2	FALSE	TRUE
Ttc21b	chr2	FALSE	FALSE
Tmem221	chr8	FALSE	FALSE
Mtfmt	chr9	FALSE	FALSE
Cyhr1	chr15	FALSE	FALSE
Fam118a	chr15	FALSE	FALSE
Zfp266	chr9	FALSE	FALSE
Gpr162	chr6	FALSE	FALSE
Apc2	chr10	FALSE	FALSE
Agmat	chr4	FALSE	TRUE
Tmem140	chr6	FALSE	TRUE
Usp49	chr17	FALSE	FALSE
Olfr1437	chr19	FALSE	TRUE
Gsdma2	chr11	FALSE	TRUE
Ccdc3	chr2	FALSE	FALSE
Dph2	chr4	FALSE	TRUE
Ddx42	chr11	FALSE	FALSE
Traf5	chr1	FALSE	FALSE
Strap	chr6	FALSE	FALSE
Zcchc14	chr8	FALSE	FALSE
Pcdhb22	chr18	FALSE	TRUE
Katnal1	chr5	FALSE	FALSE
Zfp202	chr9	FALSE	FALSE
Htr2c	chrX	FALSE	FALSE
Tas2r107	chr6	FALSE	TRUE
Nkx2-2	chr2	FALSE	FALSE
Mansc1	chr6	FALSE	FALSE
Troap	chr15	FALSE	FALSE
Mpc1	chr17	FALSE	FALSE
Ugt2b36	chr5	FALSE	TRUE
Gm13212	chr4	FALSE	TRUE
Thy1	chr9	FALSE	FALSE
Got1l1	chr8	FALSE	FALSE
2810021J22Rik	chr11	FALSE	FALSE
Phf11b	chr14	FALSE	TRUE
Gm5475	chr15	FALSE	FALSE
A1bg	chr15	FALSE	TRUE
Olfr49	chr14	FALSE	TRUE
Zfp740	chr15	FALSE	FALSE
Stk32a	chr18	FALSE	FALSE
Olfr799	chr10	FALSE	TRUE
Cyp39a1	chr17	FALSE	FALSE
Vps11	chr9	FALSE	FALSE
Cbln1	chr8	FALSE	FALSE
Itpka	chr2	FALSE	FALSE
Gtpbp3	chr8	FALSE	FALSE
Ltn1	chr16	FALSE	FALSE
Fut1	chr7	FALSE	TRUE
Smim23	chr11	FALSE	TRUE
Ikbip	chr10	FALSE	FALSE
Gm614	chrX	FALSE	FALSE
Prps2	chrX	FALSE	FALSE
Zfp683	chr4	FALSE	TRUE
Ftl1-ps1	chr13	FALSE	FALSE
Shisa9	chr16	FALSE	FALSE
Asic5	chr3	FALSE	TRUE
Ak8	chr2	FALSE	FALSE
Sgcb	chr5	FALSE	FALSE
Borcs8	chr8	FALSE	FALSE
Prss34	chr17	FALSE	FALSE
Susd1	chr4	FALSE	FALSE
Lctl	chr9	FALSE	TRUE
Ist1	chr8	FALSE	FALSE
Zfp354c	chr11	FALSE	FALSE
Cse1l	chr2	FALSE	FALSE
Ikzf1	chr11	FALSE	FALSE
Kat6a	chr8	FALSE	FALSE
Ywhag	chr5	FALSE	FALSE
Tas2r139	chr6	FALSE	TRUE
Klhl36	chr8	FALSE	FALSE
Cryge	chr1	FALSE	FALSE
Gdap1l1	chr2	FALSE	FALSE
Polr1e	chr4	FALSE	FALSE
Aldh1b1	chr4	FALSE	FALSE
Pcdhgc5	chr18	FALSE	FALSE
Gphb5	chr12	FALSE	TRUE
Gm20538	chr19	FALSE	FALSE
Plk4	chr3	FALSE	FALSE
Vamp2	chr11	FALSE	FALSE
Helb	chr10	FALSE	TRUE
Baat	chr4	FALSE	TRUE
Mrps35	chr6	FALSE	FALSE
Malsu1	chr6	FALSE	FALSE
Gm15262	chrX	FALSE	FALSE
Kpna2	chr11	FALSE	TRUE
Nfkbid	chr7	FALSE	FALSE
Piwil4	chr9	FALSE	TRUE
Peli2	chr14	FALSE	FALSE
Lrrc34	chr3	FALSE	FALSE
Cd209c	chr8	FALSE	TRUE
Foxg1	chr12	FALSE	FALSE
Ttc12	chr9	FALSE	FALSE
Trim69	chr2	FALSE	TRUE
Zfp866	chr8	FALSE	FALSE
Dner	chr1	FALSE	FALSE
Zfp951	chr5	FALSE	TRUE
Gm49378	chr14	FALSE	FALSE
Vmac	chr17	FALSE	FALSE
Klra3	chr6	FALSE	TRUE
Gemin5	chr11	FALSE	FALSE
Adipor2	chr6	FALSE	FALSE
Myl6	chr10	FALSE	FALSE
Zfp422	chr6	FALSE	FALSE
Clcn4	chr7	FALSE	FALSE
Vmn1r198	chr13	FALSE	TRUE
Gm8439	chr4	FALSE	FALSE
Klf9	chr19	FALSE	FALSE
Cdo1	chr18	FALSE	FALSE
Tbk1	chr10	FALSE	FALSE
Ccer2	chr7	FALSE	TRUE
Lcn10	chr2	FALSE	TRUE
Mrpl20	chr4	FALSE	FALSE
Aldh1a7	chr19	FALSE	TRUE
Ifnlr1	chr4	FALSE	FALSE
Chpt1	chr10	FALSE	FALSE
Morf4l1	chr9	FALSE	FALSE
Gpr55	chr1	FALSE	FALSE
Atp6ap1l	chr13	FALSE	FALSE
Sgf29	chr7	FALSE	FALSE
Cat	chr2	FALSE	FALSE
L1td1	chr4	FALSE	FALSE
Slc37a1	chr17	FALSE	FALSE
Ccnl2	chr4	FALSE	FALSE
Hrh3	chr2	FALSE	FALSE
Strip2	chr6	FALSE	FALSE
Gpatch1	chr7	FALSE	FALSE
Guca2a	chr4	FALSE	TRUE
Nrl	chr14	FALSE	FALSE
Olfr801	chr10	FALSE	TRUE
Neu3	chr7	FALSE	FALSE
Fam53a	chr5	FALSE	FALSE
Try4	chr6	FALSE	TRUE
Chfr	chr5	FALSE	FALSE
Tmem11	chr11	FALSE	FALSE
Dph7	chr2	FALSE	FALSE
Prss56	chr1	FALSE	FALSE
Sec11c	chr18	FALSE	FALSE
Nsun5	chr5	FALSE	FALSE
Pms2	chr5	FALSE	FALSE
4930544G11Rik	chr6	FALSE	TRUE
Cd248	chr19	FALSE	FALSE
Timeless	chr10	FALSE	FALSE
Igfl3	chr7	FALSE	TRUE
Gad2	chr2	FALSE	FALSE
Cmtm8	chr9	FALSE	FALSE
Nemp1	chr10	FALSE	FALSE
Laptm5	chr4	FALSE	FALSE
Unc45a	chr7	FALSE	FALSE
Ctrc	chr4	FALSE	TRUE
Palm	chr10	FALSE	FALSE
Ssx9	chrX	FALSE	TRUE
Actl6a	chr3	FALSE	FALSE
Myg1	chr15	FALSE	FALSE
Bod1l	chr5	FALSE	FALSE
Klk1b27	chr7	FALSE	TRUE
Mpo	chr11	FALSE	TRUE
Olfr1394	chr11	FALSE	TRUE
Timp4	chr6	FALSE	FALSE
Cchcr1	chr17	FALSE	FALSE
Gprin1	chr13	FALSE	FALSE
Tmc2	chr2	FALSE	TRUE
Rab37	chr11	FALSE	FALSE
Dip2a	chr10	FALSE	FALSE
Glipr2	chr4	FALSE	FALSE
Ptcd1	chr5	FALSE	FALSE
Lox	chr18	FALSE	FALSE
Gm10277	chr11	FALSE	FALSE
Igflr1	chr7	FALSE	TRUE
Pik3c2a	chr7	FALSE	FALSE
Ms4a6c	chr19	FALSE	TRUE
Wdr17	chr8	FALSE	FALSE
Vmn1r209	chr13	FALSE	TRUE
Pdlim1	chr19	FALSE	FALSE
Slc7a10	chr7	FALSE	FALSE
Krt28	chr11	FALSE	FALSE
Tnpo2	chr8	FALSE	FALSE
Tbata	chr10	FALSE	FALSE
Hapln1	chr13	FALSE	FALSE
Eno2	chr6	FALSE	FALSE
Camkv	chr9	FALSE	FALSE
Thoc7	chr14	FALSE	FALSE
Tcp11	chr17	FALSE	FALSE
5430403G16Rik	chr5	FALSE	FALSE
Rhox6	chrX	FALSE	TRUE
Csmd3	chr15	FALSE	FALSE
Olfr603	chr7	FALSE	TRUE
Mcub	chr3	FALSE	FALSE
Nt5dc2	chr14	FALSE	FALSE
Lat	chr7	FALSE	TRUE
Ece2	chr16	FALSE	FALSE
Fnip1	chr11	FALSE	FALSE
Zfp87	chr13	FALSE	FALSE
Slc19a3	chr1	FALSE	FALSE
Gm3550	chr18	FALSE	TRUE
Rimbp3	chr16	FALSE	FALSE
Cbwd1	chr19	FALSE	FALSE
Pkp3	chr7	FALSE	FALSE
F2rl1	chr13	FALSE	FALSE
Psmd9	chr5	FALSE	FALSE
Clcn7	chr17	FALSE	FALSE
Gm8237	chr14	FALSE	FALSE
Atp5pb	chr3	FALSE	FALSE
Napb	chr2	FALSE	FALSE
Ei24	chr9	FALSE	FALSE
Pcdhb10	chr18	FALSE	TRUE
Zfp956	chr6	FALSE	FALSE
Gja8	chr3	FALSE	FALSE
Cnr2	chr4	FALSE	FALSE
Shf	chr2	FALSE	FALSE
Esrra	chr19	FALSE	FALSE
Ddi2	chr4	FALSE	FALSE
Skp2	chr15	FALSE	FALSE
Tnpo3	chr6	FALSE	FALSE
Fcgrt	chr7	FALSE	FALSE
Nuak2	chr1	FALSE	FALSE
Olfr1474	chr19	FALSE	TRUE
Hnrnph1	chr11	FALSE	FALSE
Kif2c	chr4	FALSE	TRUE
Nlrc3	chr16	FALSE	FALSE
Olfr1250	chr2	FALSE	TRUE
Ncbp1	chr4	FALSE	FALSE
Clec1a	chr6	FALSE	FALSE
Tgm5	chr2	FALSE	FALSE
Galm	chr17	FALSE	FALSE
Plk5	chr10	FALSE	FALSE
Klhdc4	chr8	FALSE	FALSE
Chd5	chr4	FALSE	FALSE
Alox5ap	chr5	FALSE	FALSE
Vopp1	chr6	FALSE	FALSE
Gm10283	chr8	FALSE	TRUE
Snn	chr16	FALSE	FALSE
Acot12	chr13	FALSE	FALSE
Mmaa	chr8	FALSE	FALSE
Spata17	chr1	FALSE	FALSE
Asxl3	chr18	FALSE	FALSE
Serinc3	chr2	FALSE	FALSE
1700034I23Rik	chr3	FALSE	TRUE
Eri2	chr7	FALSE	FALSE
Olfr161	chr16	FALSE	TRUE
Prss51	chr14	FALSE	FALSE
Ttc30b	chr2	FALSE	FALSE
Lrrc75a	chr11	FALSE	FALSE
A4gnt	chr9	FALSE	TRUE
Arntl	chr7	FALSE	FALSE
Vgf	chr5	FALSE	FALSE
Foxk2	chr11	FALSE	FALSE
Plcb1	chr2	FALSE	FALSE
Tial1	chr7	FALSE	FALSE
Mtm1	chrX	FALSE	FALSE
Cckar	chr5	FALSE	FALSE
Tfap2c	chr2	FALSE	FALSE
Ssh3	chr19	FALSE	FALSE
Hspb1	chr5	FALSE	FALSE
Paip1	chr13	FALSE	FALSE
Mep1a	chr17	FALSE	TRUE
Nol4l	chr2	FALSE	FALSE
Zbtb8os	chr4	FALSE	FALSE
Gm11549	chr3	FALSE	FALSE
Tceal9	chrX	FALSE	FALSE
Cpsf4l	chr11	FALSE	FALSE
Pm20d1	chr1	FALSE	FALSE
Ptbp2	chr3	FALSE	FALSE
Tbc1d16	chr11	FALSE	FALSE
Zbtb34	chr2	FALSE	FALSE
Olfr583	chr7	FALSE	TRUE
Mydgf	chr17	FALSE	FALSE
Slc39a12	chr2	FALSE	TRUE
Ms4a4c	chr19	FALSE	TRUE
Rad51ap2	chr12	FALSE	FALSE
Olfr305	chr7	FALSE	TRUE
R3hdm4	chr10	FALSE	FALSE
Cd33	chr7	FALSE	TRUE
Gm44579	chr15	FALSE	TRUE
Gm20458	chr2	FALSE	FALSE
Rtraf	chr14	FALSE	FALSE
Stxbp2	chr8	FALSE	FALSE
Rab5b	chr10	FALSE	FALSE
Znhit2	chr19	FALSE	FALSE
Tbc1d20	chr2	FALSE	FALSE
Pacsin2	chr15	FALSE	FALSE
Cd55b	chr1	FALSE	FALSE
Bub3	chr7	FALSE	FALSE
Eif2s3x	chrX	FALSE	FALSE
Sting1	chr18	FALSE	FALSE
Mlst8	chr17	FALSE	FALSE
Polr1a	chr6	FALSE	FALSE
Dusp15	chr2	FALSE	FALSE
Gpr137b	chr13	FALSE	FALSE
Ptpn22	chr3	FALSE	FALSE
Washc1	chr17	FALSE	FALSE
Dhx29	chr13	FALSE	FALSE
Nanog	chr6	FALSE	FALSE
Ssr3	chr3	FALSE	FALSE
Timm21	chr18	FALSE	FALSE
Vmn2r81	chr10	FALSE	TRUE
E130311K13Rik	chr3	FALSE	FALSE
Pirb	chr7	FALSE	TRUE
Tacstd2	chr6	FALSE	FALSE
L2hgdh	chr12	FALSE	FALSE
Stat1	chr1	FALSE	FALSE
Bax	chr7	FALSE	FALSE
Rnf168	chr16	FALSE	FALSE
Atp6v1d	chr12	FALSE	FALSE
Hsd3b2	chr3	FALSE	TRUE
Dscc1	chr15	FALSE	FALSE
Pgpep1l	chr7	FALSE	FALSE
Map3k12	chr15	FALSE	FALSE
Cdc42ep1	chr15	FALSE	FALSE
Supt6	chr11	FALSE	FALSE
Cfap70	chr14	FALSE	FALSE
Slc35d1	chr4	FALSE	FALSE
Arhgef1	chr7	FALSE	FALSE
Dffb	chr4	FALSE	FALSE
Gm5114	chr7	FALSE	TRUE
Elmod1	chr9	FALSE	FALSE
Nmd3	chr3	FALSE	FALSE
Nr5a1	chr2	FALSE	FALSE
Adar	chr3	FALSE	FALSE
Slc25a51	chr4	FALSE	FALSE
Kcnj11	chr7	FALSE	FALSE
Peli1	chr11	FALSE	FALSE
Mag	chr7	FALSE	FALSE
Bik	chr15	FALSE	FALSE
Slc47a2	chr11	FALSE	FALSE
Mrps25	chr6	FALSE	FALSE
Sdf2l1	chr16	FALSE	FALSE
Htr3a	chr9	FALSE	FALSE
Vgll1	chrX	FALSE	TRUE
Arntl2	chr6	FALSE	FALSE
Mpdu1	chr11	FALSE	FALSE
Entpd5	chr12	FALSE	FALSE
Pop1	chr15	FALSE	FALSE
Sec62	chr3	FALSE	FALSE
Csnk2a2	chr8	FALSE	FALSE
1700015F17Rik	chr5	FALSE	TRUE
Gfm1	chr3	FALSE	FALSE
Il6	chr5	FALSE	FALSE
Sec61a2	chr2	FALSE	FALSE
Msi1	chr5	FALSE	FALSE
Zfp446	chr7	FALSE	FALSE
AC124764.1	chr18	FALSE	TRUE
Smyd1	chr6	FALSE	FALSE
Arhgap6	chrX	FALSE	FALSE
Tsx	chrX	FALSE	FALSE
Mroh3	chr1	FALSE	TRUE
Mmp17	chr5	FALSE	FALSE
Uqcrh	chr4	FALSE	FALSE
Tcf24	chr1	FALSE	FALSE
Msra	chr14	FALSE	FALSE
Mrpl2	chr17	FALSE	FALSE
Spata9	chr13	FALSE	FALSE
A930033H14Rik	chr10	FALSE	FALSE
Cndp1	chr18	FALSE	TRUE
Ppp1r13l	chr7	FALSE	FALSE
Rab22a	chr2	FALSE	FALSE
Mrpl15	chr1	FALSE	FALSE
Erich5	chr15	FALSE	FALSE
Eif4g1	chr16	FALSE	FALSE
Ccdc201	chr11	FALSE	FALSE
Slamf7	chr1	FALSE	TRUE
Prf1	chr10	FALSE	FALSE
Pik3r6	chr11	FALSE	FALSE
Rdh16f1	chr10	FALSE	FALSE
Chm	chrX	FALSE	FALSE
Fam76b	chr9	FALSE	FALSE
Scgb1b3	chr7	FALSE	TRUE
Gm20532	chr2	FALSE	FALSE
Fstl5	chr3	FALSE	FALSE
Olfr495	chr7	FALSE	TRUE
Pmp2	chr3	FALSE	TRUE
Aldh1a2	chr9	FALSE	FALSE
Myl10	chr5	FALSE	TRUE
Prpf39	chr12	FALSE	FALSE
Myh4	chr11	FALSE	FALSE
Mcm7	chr5	FALSE	FALSE
H2ac6	chr13	FALSE	FALSE
Smpx	chrX	FALSE	FALSE
Mefv	chr16	FALSE	TRUE
Psme2	chr14	FALSE	FALSE
Tnfrsf23	chr7	FALSE	FALSE
Olfr1219	chr2	FALSE	TRUE
Bcl10	chr3	FALSE	FALSE
Nr2f1	chr13	FALSE	FALSE
Rbm25	chr12	FALSE	FALSE
Snta1	chr2	FALSE	FALSE
Mgam2-ps	chr6	FALSE	TRUE
Mixl1	chr1	FALSE	FALSE
Gpr45	chr1	FALSE	FALSE
Tmem270	chr5	FALSE	TRUE
Tm2d3	chr7	FALSE	FALSE
Slc44a2	chr9	FALSE	FALSE
Olfr1391	chr11	FALSE	TRUE
Rasgrf2	chr13	FALSE	FALSE
Adamts7	chr9	FALSE	FALSE
Prxl2a	chr14	FALSE	FALSE
Gm3839	chr14	FALSE	TRUE
M1ap	chr6	FALSE	FALSE
Bloc1s2	chr19	FALSE	FALSE
Ckap2	chr8	FALSE	FALSE
Kcnc4	chr3	FALSE	FALSE
Wnt11	chr7	FALSE	FALSE
Ces3b	chr8	FALSE	TRUE
Eef1e1	chr13	FALSE	FALSE
Il3	chr11	FALSE	TRUE
Lca5	chr9	FALSE	FALSE
Mapk7	chr11	FALSE	FALSE
Bcap31	chrX	FALSE	FALSE
Lrp11	chr10	FALSE	FALSE
Ap1m1	chr8	FALSE	FALSE
Olfr67	chr7	FALSE	TRUE
Adamts4	chr1	FALSE	FALSE
Gm28434	chr5	FALSE	TRUE
Krtap5-3	chr7	FALSE	TRUE
Calcoco2	chr11	FALSE	TRUE
Gm15319	chr8	FALSE	FALSE
Maco1	chr4	FALSE	FALSE
Helz2	chr2	FALSE	FALSE
Dram2	chr3	FALSE	FALSE
Rap2c	chrX	FALSE	FALSE
Gm9008	chr6	FALSE	FALSE
Hnrnpu	chr1	FALSE	FALSE
Npepl1	chr2	FALSE	FALSE
1700037H04Rik	chr2	FALSE	FALSE
Sdf4	chr4	FALSE	FALSE
Rbm11	chr16	FALSE	FALSE
Slc12a9	chr5	FALSE	FALSE
Ncs1	chr2	FALSE	FALSE
N6amt1	chr16	FALSE	FALSE
Nlrp2	chr7	FALSE	TRUE
Dhx37	chr5	FALSE	FALSE
Six4	chr12	FALSE	FALSE
Smyd3	chr1	FALSE	FALSE
Mageb16	chrX	FALSE	TRUE
4930583I09Rik	chr17	FALSE	FALSE
Stk17b	chr1	FALSE	FALSE
Fev	chr1	FALSE	FALSE
Gal3st2c	chr1	FALSE	FALSE
Fbxo4	chr15	FALSE	FALSE
Usp40	chr1	FALSE	FALSE
Dsg1b	chr18	FALSE	TRUE
Rpl13	chr8	FALSE	FALSE
Cdc42ep3	chr17	FALSE	FALSE
Slc25a25	chr2	FALSE	FALSE
Dhrs2	chr14	FALSE	TRUE
Spire2	chr8	FALSE	FALSE
Ogn	chr13	FALSE	TRUE
Mycbpap	chr11	FALSE	FALSE
Psg19	chr7	FALSE	TRUE
Slc25a14	chrX	FALSE	FALSE
Spata3	chr1	FALSE	FALSE
Rbmx2	chrX	FALSE	FALSE
Gm12185	chr11	FALSE	TRUE
Gm49673	chr17	FALSE	FALSE
A930017K11Rik	chr17	FALSE	FALSE
Agr2	chr12	FALSE	FALSE
Slc26a6	chr9	FALSE	FALSE
Faim2	chr15	FALSE	FALSE
Rac2	chr15	FALSE	TRUE
Ccdc154	chr17	FALSE	TRUE
Map7d1	chr4	FALSE	FALSE
Ccdc82	chr9	FALSE	FALSE
Coro6	chr11	FALSE	FALSE
Srl	chr16	FALSE	FALSE
Ang	chr14	FALSE	FALSE
Baiap2l1	chr5	FALSE	FALSE
Gm36028	chr16	FALSE	FALSE
H2bc1	chr13	FALSE	TRUE
Atad5	chr11	FALSE	FALSE
Snrk	chr9	FALSE	FALSE
Spata19	chr9	FALSE	TRUE
Gm1113	chr9	FALSE	FALSE
Fkrp	chr7	FALSE	FALSE
Exosc1	chr19	FALSE	FALSE
Cd74	chr18	FALSE	TRUE
Stmn3	chr2	FALSE	FALSE
Rhno1	chr6	FALSE	FALSE
Tex15	chr8	FALSE	FALSE
Selenos	chr7	FALSE	FALSE
Ncan	chr8	FALSE	FALSE
Lipo1	chr19	FALSE	TRUE
Sytl5	chrX	FALSE	TRUE
Pfkfb1	chrX	FALSE	TRUE
Nepro	chr16	FALSE	FALSE
Synm	chr7	FALSE	FALSE
Tmem60	chr5	FALSE	FALSE
Arf3	chr15	FALSE	FALSE
Gnl3l	chrX	FALSE	FALSE
Arap3	chr18	FALSE	FALSE
E130218I03Rik	chr4	FALSE	FALSE
Olfr1198	chr2	FALSE	TRUE
Prok2	chr6	FALSE	FALSE
Zmym1	chr4	FALSE	FALSE
Bloc1s1	chr10	FALSE	FALSE
Cyp26c1	chr19	FALSE	FALSE
Cd300c	chr11	FALSE	FALSE
Olfr293	chr7	FALSE	TRUE
Man1a	chr10	FALSE	FALSE
Slc11a1	chr1	FALSE	TRUE
Tgfa	chr6	FALSE	FALSE
BC028528	chr3	FALSE	TRUE
Pdpn	chr4	FALSE	FALSE
Crisp3	chr17	FALSE	TRUE
Dsg2	chr18	FALSE	FALSE
Olfr1099	chr2	FALSE	TRUE
Mapk15	chr15	FALSE	FALSE
Cep95	chr11	FALSE	FALSE
Pabpn1	chr14	FALSE	FALSE
Elp1	chr4	FALSE	FALSE
Sfxn1	chr13	FALSE	FALSE
Amdhd2	chr17	FALSE	FALSE
Arl2	chr19	FALSE	FALSE
Agmo	chr12	FALSE	FALSE
Uckl1	chr2	FALSE	FALSE
Pgs1	chr11	FALSE	FALSE
Fmo9	chr1	FALSE	TRUE
Tiprl	chr1	FALSE	FALSE
Apod	chr16	FALSE	TRUE
Lasp1	chr11	FALSE	FALSE
Gpr151	chr18	FALSE	FALSE
Mon1a	chr9	FALSE	FALSE
Pdcd7	chr9	FALSE	FALSE
Yeats4	chr10	FALSE	FALSE
Ces1b	chr8	FALSE	TRUE
Arhgap29	chr3	FALSE	FALSE
Sirpb1b	chr3	FALSE	TRUE
Wdr27	chr17	FALSE	FALSE
Inpp5d	chr1	FALSE	FALSE
Gins4	chr8	FALSE	FALSE
Klrk1	chr6	FALSE	TRUE
Prmt5	chr14	FALSE	FALSE
Ccpg1	chr9	FALSE	FALSE
Pdhx	chr2	FALSE	FALSE
Washc2	chr6	FALSE	FALSE
Rem1	chr2	FALSE	FALSE
Ccdc174	chr6	FALSE	FALSE
Olfr571	chr7	FALSE	TRUE
Acrv1	chr9	FALSE	TRUE
Bcl7c	chr7	FALSE	FALSE
Mtx1	chr3	FALSE	FALSE
Fbxw13	chr9	FALSE	TRUE
Trpc7	chr13	FALSE	FALSE
Hyal4	chr6	FALSE	TRUE
Prpf40b	chr15	FALSE	FALSE
Rxylt1	chr10	FALSE	FALSE
Ilkap	chr1	FALSE	FALSE
Ift88	chr14	FALSE	FALSE
Zfp248	chr6	FALSE	FALSE
Rab3gap1	chr1	FALSE	FALSE
Ripply2	chr9	FALSE	FALSE
Ykt6	chr11	FALSE	FALSE
Pex2	chr3	FALSE	FALSE
Wdr92	chr11	FALSE	FALSE
Gpr35	chr1	FALSE	FALSE
Vmn2r71	chr7	FALSE	TRUE
Klc3	chr7	FALSE	FALSE
Best1	chr19	FALSE	FALSE
Rdh10	chr1	FALSE	FALSE
Ccdc170	chr10	FALSE	TRUE
C1rl	chr6	FALSE	FALSE
Kcnj1	chr9	FALSE	TRUE
Sec23ip	chr7	FALSE	FALSE
Gm5773	chr3	FALSE	TRUE
Hps4	chr5	FALSE	FALSE
Ndufb2	chr6	FALSE	FALSE
Usp36	chr11	FALSE	FALSE
Gnptg	chr17	FALSE	TRUE
Mpc2	chr1	FALSE	FALSE
Yipf5	chr18	FALSE	FALSE
Pla1a	chr16	FALSE	FALSE
Cpb1	chr3	FALSE	TRUE
Mrpl14	chr17	FALSE	FALSE
Cfi	chr3	FALSE	TRUE
Pla2g6	chr15	FALSE	FALSE
Crispld1	chr1	FALSE	FALSE
Nudt21	chr8	FALSE	FALSE
Nefh	chr11	FALSE	FALSE
Appbp2	chr11	FALSE	FALSE
Cadm4	chr7	FALSE	FALSE
Tktl1	chrX	FALSE	FALSE
Nat8f3	chr6	FALSE	FALSE
Pcf11	chr7	FALSE	FALSE
Cdk18	chr1	FALSE	FALSE
Cysltr1	chrX	FALSE	TRUE
Itgb2l	chr16	FALSE	FALSE
Tmem145	chr7	FALSE	FALSE
Cend1	chr7	FALSE	FALSE
Arhgap4	chrX	FALSE	FALSE
Spaca7	chr8	FALSE	FALSE
Gm28044	chr13	FALSE	FALSE
Gsdmd	chr15	FALSE	FALSE
Kiss1	chr1	FALSE	FALSE
Gm44503	chr9	FALSE	FALSE
Nfat5	chr8	FALSE	FALSE
Vmn2r114	chr17	FALSE	TRUE
Mtmr11	chr3	FALSE	FALSE
Themis3	chr17	FALSE	FALSE
Polg	chr7	FALSE	FALSE
Cxcl15	chr5	FALSE	TRUE
Masp2	chr4	FALSE	FALSE
Mrpl1	chr5	FALSE	FALSE
Atp5a1	chr18	FALSE	FALSE
Smtn	chr11	FALSE	FALSE
Rinl	chr7	FALSE	FALSE
Plekhg4	chr8	FALSE	FALSE
Dmrtc2	chr7	FALSE	TRUE
Gstcd	chr3	FALSE	FALSE
Efcab8	chr2	FALSE	FALSE
Mrap2	chr9	FALSE	FALSE
Olfm5	chr7	FALSE	TRUE
Mbip	chr12	FALSE	FALSE
Virma	chr4	FALSE	FALSE
Mapkapk3	chr9	FALSE	FALSE
Cyb5a	chr18	FALSE	FALSE
Apol9b	chr15	FALSE	FALSE
Zdhhc5	chr2	FALSE	FALSE
Lrg1	chr17	FALSE	FALSE
Gm20422	chr8	FALSE	FALSE
Sat1	chrX	FALSE	FALSE
Thoc1	chr18	FALSE	FALSE
Sox7	chr14	FALSE	FALSE
Osbpl11	chr16	FALSE	FALSE
Ap1g2	chr14	FALSE	FALSE
Abi2	chr1	FALSE	FALSE
Nup153	chr13	FALSE	FALSE
H3f3b	chr11	FALSE	FALSE
Drap1	chr19	FALSE	FALSE
Ttc21a	chr9	FALSE	FALSE
Plaa	chr4	FALSE	FALSE
Zfp973	chr2	FALSE	FALSE
Irs2	chr8	FALSE	FALSE
Tbx10	chr19	FALSE	TRUE
Utp4	chr8	FALSE	FALSE
Gm14569	chrX	FALSE	TRUE
Psme2b	chr11	FALSE	TRUE
Mtf2	chr5	FALSE	FALSE
Aars	chr8	FALSE	FALSE
Fpr2	chr17	FALSE	TRUE
Arpc1b	chr5	FALSE	FALSE
Gm13547	chr2	FALSE	TRUE
Zc3h12b	chrX	FALSE	FALSE
Thap7	chr16	FALSE	FALSE
Slco3a1	chr7	FALSE	FALSE
Calm3	chr7	FALSE	FALSE
Anapc11	chr11	FALSE	FALSE
Eddm3b	chr14	FALSE	TRUE
Apobec2	chr17	FALSE	FALSE
Kcnmb1	chr11	FALSE	FALSE
Adgre5	chr8	FALSE	FALSE
Mov10	chr3	FALSE	FALSE
Olfr786	chr10	FALSE	TRUE
Arhgap15	chr2	FALSE	FALSE
Clca3a2	chr3	FALSE	TRUE
Serpina10	chr12	FALSE	TRUE
Chst5	chr8	FALSE	FALSE
Speer4f2	chr5	FALSE	TRUE
Aqp1	chr6	FALSE	FALSE
Smim4	chr14	FALSE	FALSE
Tsen2	chr6	FALSE	TRUE
Lgalsl	chr11	FALSE	FALSE
Olfr1271	chr2	FALSE	TRUE
Tox4	chr14	FALSE	FALSE
Brd3os	chr2	FALSE	FALSE
Pigb	chr9	FALSE	FALSE
Tmed9	chr13	FALSE	FALSE
Lao1	chr4	FALSE	FALSE
Zfp706	chr15	FALSE	FALSE
Gemin2	chr12	FALSE	FALSE
Gltpd2	chr11	FALSE	TRUE
Megf8	chr7	FALSE	FALSE
E330021D16Rik	chr6	FALSE	TRUE
Ndst2	chr14	FALSE	FALSE
Rhox12	chrX	FALSE	TRUE
Cenpq	chr17	FALSE	FALSE
Iqcb1	chr16	FALSE	FALSE
Nprl3	chr11	FALSE	FALSE
Ffar4	chr19	FALSE	FALSE
Izumo1r	chr9	FALSE	FALSE
Kcnh6	chr11	FALSE	FALSE
Ampd3	chr7	FALSE	FALSE
Olfr427	chr1	FALSE	TRUE
Entpd7	chr19	FALSE	FALSE
Ifnb1	chr4	FALSE	TRUE
Olfr311	chr11	FALSE	TRUE
Fgl1	chr8	FALSE	TRUE
Prcp	chr7	FALSE	FALSE
Trpv4	chr5	FALSE	FALSE
Mettl15	chr2	FALSE	FALSE
Capn2	chr1	FALSE	FALSE
Map1s	chr8	FALSE	FALSE
Gm14548	chr7	FALSE	TRUE
Fpr3	chr17	FALSE	FALSE
Sft2d2	chr1	FALSE	FALSE
Hoxb5	chr11	FALSE	FALSE
Ccdc68	chr18	FALSE	FALSE
Calcrl	chr2	FALSE	FALSE
Olfr1357	chr10	FALSE	TRUE
Epha6	chr16	FALSE	FALSE
Prpsap2	chr11	FALSE	FALSE
Mpg	chr11	FALSE	FALSE
Olfr1415	chr1	FALSE	FALSE
Mapk4	chr18	FALSE	FALSE
Defb36	chr2	FALSE	TRUE
Scaf11	chr15	FALSE	FALSE
Vmn1r79	chr7	FALSE	TRUE
Slco6d1	chr1	FALSE	TRUE
Zfp113	chr5	FALSE	TRUE
Rnf39	chr17	FALSE	FALSE
Ptbp1	chr10	FALSE	FALSE
Actr3	chr1	FALSE	FALSE
Mfhas1	chr8	FALSE	FALSE
Kcnn1	chr8	FALSE	FALSE
Tmem167b	chr3	FALSE	FALSE
Vmn1r228	chr17	FALSE	TRUE
Xirp1	chr9	FALSE	FALSE
Syt3	chr7	FALSE	FALSE
B4galnt3	chr6	FALSE	FALSE
Dus2	chr8	FALSE	FALSE
Cplx3	chr9	FALSE	FALSE
Rnf40	chr7	FALSE	FALSE
D230025D16Rik	chr8	FALSE	FALSE
4921539E11Rik	chr4	FALSE	TRUE
Aoc3	chr11	FALSE	FALSE
Mfn2	chr4	FALSE	FALSE
AW822073	chr10	FALSE	FALSE
Phrf1	chr7	FALSE	FALSE
Grina	chr15	FALSE	FALSE
Olfr1489	chr19	FALSE	TRUE
Rps4x	chrX	FALSE	FALSE
Isoc1	chr18	FALSE	FALSE
Cndp2	chr18	FALSE	FALSE
1700123O20Rik	chr14	FALSE	FALSE
Tarbp2	chr15	FALSE	FALSE
Chuk	chr19	FALSE	FALSE
Cmpk1	chr4	FALSE	FALSE
Cd3d	chr9	FALSE	FALSE
Slc35g3	chr11	FALSE	FALSE
Efhd1	chr1	FALSE	FALSE
Fut9	chr4	FALSE	FALSE
Pgd	chr4	FALSE	FALSE
Grik1	chr16	FALSE	FALSE
Oaz2	chr9	FALSE	FALSE
Krt79	chr15	FALSE	FALSE
Armh1	chr4	FALSE	FALSE
Edn3	chr2	FALSE	FALSE
Nadsyn1	chr7	FALSE	FALSE
Lypla1	chr1	FALSE	FALSE
Ankrd29	chr18	FALSE	FALSE
Fbxl3	chr14	FALSE	FALSE
Psd2	chr18	FALSE	FALSE
Sftpa1	chr14	FALSE	TRUE
Scn11a	chr9	FALSE	FALSE
9330159F19Rik	chr10	FALSE	FALSE
Bmp7	chr2	FALSE	FALSE
Ddx51	chr5	FALSE	FALSE
Cyp26a1	chr19	FALSE	FALSE
Fbxw26	chr9	FALSE	TRUE
Gm3453	chr14	FALSE	TRUE
Rp2	chrX	FALSE	FALSE
Camk2n2	chr16	FALSE	FALSE
Socs4	chr14	FALSE	FALSE
Pdzd9	chr7	FALSE	TRUE
Sp3	chr2	FALSE	FALSE
Srd5a2	chr17	FALSE	FALSE
Tceal1	chrX	FALSE	FALSE
Fbxo27	chr7	FALSE	FALSE
Ube4a	chr9	FALSE	FALSE
Rpap2	chr5	FALSE	FALSE
Catsper4	chr4	FALSE	TRUE
Hdac7	chr15	FALSE	FALSE
Rlf	chr4	FALSE	FALSE
Kcnk12	chr17	FALSE	FALSE
Alg2	chr4	FALSE	FALSE
Rbm10	chrX	FALSE	FALSE
Rps15a	chr7	FALSE	FALSE
Olfr987	chr2	FALSE	TRUE
Defb26	chr2	FALSE	TRUE
Mup2	chr4	FALSE	TRUE
Olfr432	chr1	FALSE	TRUE
Fam220a	chr5	FALSE	FALSE
Cnbd1	chr4	FALSE	FALSE
Sult6b2	chr6	FALSE	FALSE
Rasa2	chr9	FALSE	FALSE
Vmn1r31	chr6	FALSE	TRUE
Cyp2c69	chr19	FALSE	TRUE
Sncg	chr14	FALSE	FALSE
Ppig	chr2	FALSE	FALSE
Gja4	chr4	FALSE	FALSE
Sun3	chr11	FALSE	FALSE
Fam220a	chr5	FALSE	FALSE
BC055324	chr1	FALSE	FALSE
Rasl10a	chr11	FALSE	FALSE
Tas1r2	chr4	FALSE	FALSE
Hexb	chr13	FALSE	FALSE
Gpc2	chr5	FALSE	FALSE
H60b	chr10	FALSE	FALSE
Myom1	chr17	FALSE	FALSE
Klrb1	chr6	FALSE	TRUE
Nmu	chr5	FALSE	FALSE
Hectd3	chr4	FALSE	FALSE
Septin8	chr11	FALSE	FALSE
St6galnac3	chr3	FALSE	FALSE
Olfr617	chr7	FALSE	TRUE
Wnt10b	chr15	FALSE	FALSE
Slc22a5	chr11	FALSE	FALSE
Cyp2j7	chr4	FALSE	TRUE
Pecam1	chr11	FALSE	FALSE
Rps3	chr7	FALSE	FALSE
Nfyc	chr4	FALSE	FALSE
Scrt2	chr2	FALSE	FALSE
Soat2	chr15	FALSE	TRUE
Ltb4r2	chr14	FALSE	FALSE
Klk1b24	chr7	FALSE	TRUE
Csnk1d	chr11	FALSE	FALSE
Golga3	chr5	FALSE	FALSE
Stx16	chr2	FALSE	FALSE
Fam240a	chr9	FALSE	TRUE
Gm49373	chr9	FALSE	FALSE
Adam24	chr8	FALSE	TRUE
Gm4894	chr9	FALSE	FALSE
Sh2d4a	chr8	FALSE	FALSE
Dnhd1	chr7	FALSE	FALSE
Slc5a3	chr16	FALSE	FALSE
Vmn2r67	chr7	FALSE	TRUE
Ucn2	chr9	FALSE	TRUE
Tas2r119	chr15	FALSE	TRUE
Pdcd6ip	chr9	FALSE	FALSE
Myorg	chr4	FALSE	FALSE
Atp5j2	chr5	FALSE	FALSE
Ndufa8	chr2	FALSE	FALSE
Pth2	chr7	FALSE	FALSE
Ntf5	chr7	FALSE	FALSE
Fmr1	chrX	FALSE	FALSE
Prx	chr7	FALSE	FALSE
Heatr5a	chr12	FALSE	FALSE
Adgrg6	chr10	FALSE	FALSE
Olfr12	chr1	FALSE	FALSE
Siglecf	chr7	FALSE	TRUE
Neurog2	chr3	FALSE	FALSE
Dnmt3c	chr2	FALSE	FALSE
Hmox2	chr16	FALSE	FALSE
Nudt12	chr17	FALSE	FALSE
Chpf2	chr5	FALSE	FALSE
Ackr3	chr1	FALSE	FALSE
Chek2	chr5	FALSE	FALSE
Trem1	chr17	FALSE	TRUE
Stip1	chr19	FALSE	FALSE
Xirp2	chr2	FALSE	FALSE
Naa16	chr14	FALSE	FALSE
Nme9	chr9	FALSE	FALSE
Gm7970	chr14	FALSE	TRUE
1700029J07Rik	chr8	FALSE	FALSE
Cox5b	chr1	FALSE	FALSE
Ehd3	chr17	FALSE	FALSE
Pold1	chr7	FALSE	FALSE
Smndc1	chr19	FALSE	FALSE
Olfr103	chr17	FALSE	TRUE
Acnat2	chr4	FALSE	TRUE
Lgi1	chr19	FALSE	FALSE
Cnnm1	chr19	FALSE	FALSE
Ndc80	chr17	FALSE	FALSE
Lrrc3c	chr11	FALSE	FALSE
Kdelr2	chr5	FALSE	FALSE
Prr33	chr7	FALSE	FALSE
Panx3	chr9	FALSE	TRUE
Gm12353	chr4	FALSE	FALSE
Usf3	chr16	FALSE	FALSE
Olfr613	chr7	FALSE	TRUE
Dcpp1	chr17	FALSE	TRUE
Olfr1222	chr2	FALSE	TRUE
Zbtb17	chr4	FALSE	FALSE
Pglyrp2	chr17	FALSE	FALSE
Slx4	chr16	FALSE	FALSE
Garem2	chr5	FALSE	FALSE
Fkbp4	chr6	FALSE	FALSE
Marveld2	chr13	FALSE	FALSE
Slc5a7	chr17	FALSE	FALSE
Gm21411	chr4	FALSE	TRUE
BC024978	chr7	FALSE	FALSE
Slc16a11	chr11	FALSE	FALSE
3830417A13Rik	chrX	FALSE	TRUE
H1f1	chr13	FALSE	FALSE
Taf5	chr19	FALSE	FALSE
Atp13a2	chr4	FALSE	FALSE
Gm21987	chr16	FALSE	FALSE
Kctd15	chr7	FALSE	FALSE
Mbl1	chr14	FALSE	TRUE
Sem1	chr6	FALSE	FALSE
Akr1c21	chr13	FALSE	TRUE
Siah1a	chr8	FALSE	FALSE
Znfx1	chr2	FALSE	FALSE
Duoxa2	chr2	FALSE	FALSE
Lratd2	chr15	FALSE	FALSE
H2-M10.6	chr17	FALSE	TRUE
Myadm	chr7	FALSE	FALSE
Nipsnap3b	chr4	FALSE	FALSE
Ints14	chr9	FALSE	FALSE
Alkbh3	chr2	FALSE	FALSE
Slc17a9	chr2	FALSE	FALSE
Tmem175	chr5	FALSE	FALSE
Vmn2r56	chr7	FALSE	TRUE
Sult3a1	chr10	FALSE	TRUE
Olfr1499	chr19	FALSE	TRUE
Pcdh12	chr18	FALSE	FALSE
Arpin	chr7	FALSE	FALSE
Vmn2r23	chr6	FALSE	TRUE
Fkbp3	chr12	FALSE	FALSE
Lsm14a	chr7	FALSE	FALSE
Mrps5	chr2	FALSE	FALSE
Noto	chr6	FALSE	FALSE
Col20a1	chr2	FALSE	FALSE
Cfap97d1	chr11	FALSE	FALSE
4931408C20Rik	chr1	FALSE	TRUE
Upk3b	chr5	FALSE	TRUE
Usp37	chr1	FALSE	FALSE
Ifi202b	chr1	FALSE	TRUE
Fxyd2	chr9	FALSE	FALSE
Gm9611	chr14	FALSE	TRUE
Ero1lb	chr13	FALSE	FALSE
Cav3	chr6	FALSE	FALSE
Plcd4	chr1	FALSE	FALSE
Brms1	chr19	FALSE	FALSE
Msmb	chr14	FALSE	TRUE
Nudt11	chrX	FALSE	FALSE
Nlrp1b	chr11	FALSE	TRUE
Msc	chr1	FALSE	FALSE
Tmem170b	chr13	FALSE	FALSE
Gm45753	chr8	FALSE	TRUE
Tmcc2	chr1	FALSE	FALSE
Lce3e	chr3	FALSE	TRUE
Nlrp5	chr7	FALSE	TRUE
Eif2a	chr3	FALSE	FALSE
Rspry1	chr8	FALSE	FALSE
Dimt1	chr13	FALSE	FALSE
Mpdz	chr4	FALSE	FALSE
Adam33	chr2	FALSE	FALSE
Gm13103	chr4	FALSE	TRUE
Slc22a17	chr14	FALSE	FALSE
Gm18336	chrX	FALSE	TRUE
Igtp	chr11	FALSE	FALSE
Arhgef5	chr6	FALSE	FALSE
Rrbp1	chr2	FALSE	FALSE
Pym1	chr10	FALSE	FALSE
Rpl7l1	chr17	FALSE	FALSE
Zfp455	chr13	FALSE	FALSE
Scgb1c1	chr7	FALSE	TRUE
Cpn1	chr19	FALSE	FALSE
Fam131a	chr16	FALSE	FALSE
Mpzl2	chr9	FALSE	FALSE
Cdx4	chrX	FALSE	FALSE
Cdc20b	chr13	FALSE	FALSE
Slc18a2	chr19	FALSE	FALSE
Slc12a4	chr8	FALSE	FALSE
1810020O05Rik	chr6	FALSE	TRUE
Spatc1l	chr10	FALSE	TRUE
Vmn2r59	chr7	FALSE	TRUE
Vmn1r219	chr13	FALSE	TRUE
Smcr8	chr11	FALSE	FALSE
Sntb1	chr15	FALSE	FALSE
Ipo13	chr4	FALSE	FALSE
Kcng1	chr2	FALSE	FALSE
C330018D20Rik	chr18	FALSE	FALSE
Stk11	chr10	FALSE	FALSE
Glmn	chr5	FALSE	FALSE
Rnpepl1	chr1	FALSE	FALSE
Tars2	chr3	FALSE	FALSE
Gm7102	chr19	FALSE	TRUE
2610318N02Rik	chr16	FALSE	FALSE
Tekt3	chr11	FALSE	FALSE
Ctag2	chrX	FALSE	TRUE
Sass6	chr3	FALSE	FALSE
Gcg	chr2	FALSE	TRUE
Olfr556	chr7	FALSE	TRUE
Zfp689	chr7	FALSE	FALSE
Olfr1309	chr2	FALSE	TRUE
Cd9	chr6	FALSE	FALSE
Sult2a2	chr7	FALSE	TRUE
Ces1h	chr8	FALSE	TRUE
Ubxn2a	chr12	FALSE	FALSE
A2ml1	chr6	FALSE	TRUE
4930449I24Rik	chr5	FALSE	TRUE
Olfr714	chr7	FALSE	TRUE
Llcfc1	chr6	FALSE	TRUE
Ddx60	chr8	FALSE	FALSE
Raet1d	chr10	FALSE	TRUE
Cactin	chr10	FALSE	FALSE
Kcnd3	chr3	FALSE	FALSE
Gm11060	chr2	FALSE	TRUE
Tmem150a	chr6	FALSE	FALSE
Olfr322	chr11	FALSE	TRUE
Serpini2	chr3	FALSE	TRUE
Klkb1	chr8	FALSE	TRUE
Pkib	chr10	FALSE	FALSE
Bola1	chr3	FALSE	FALSE
Tmem121b	chr6	FALSE	FALSE
Tcp1	chr17	FALSE	FALSE
Ddx23	chr15	FALSE	FALSE
Zfp110	chr7	FALSE	FALSE
Fastkd5	chr2	FALSE	FALSE
Prrt3	chr6	FALSE	FALSE
Ugt1a1	chr1	FALSE	TRUE
Fam240b	chr13	FALSE	FALSE
Dnajc10	chr2	FALSE	FALSE
Hoxa6	chr6	FALSE	FALSE
Nnmt	chr9	FALSE	TRUE
Hcrtr1	chr4	FALSE	FALSE
Mrpl42	chr10	FALSE	FALSE
Cfb	chr17	FALSE	FALSE
Efcab11	chr12	FALSE	FALSE
Fgf2	chr3	FALSE	FALSE
Olfr116	chr17	FALSE	TRUE
Bcs1l	chr1	FALSE	FALSE
Cela1	chr15	FALSE	FALSE
Utp14a	chrX	FALSE	FALSE
Faap100	chr11	FALSE	FALSE
Gab1	chr8	FALSE	FALSE
Mrpl35	chr6	FALSE	TRUE
Armc5	chr7	FALSE	FALSE
Ndrg2	chr14	FALSE	FALSE
Flna	chrX	FALSE	FALSE
Hepacam	chr9	FALSE	FALSE
Gm12886	chr4	FALSE	TRUE
Lce1i	chr3	FALSE	TRUE
Tmem63b	chr17	FALSE	FALSE
Gm14459	chrX	FALSE	TRUE
Dpp3	chr19	FALSE	FALSE
Btnl9	chr11	FALSE	FALSE
Ppp3r1	chr11	FALSE	FALSE
Zfp738	chr13	FALSE	FALSE
Zfp637	chr6	FALSE	FALSE
Appl2	chr10	FALSE	FALSE
Ebpl	chr14	FALSE	FALSE
Wfdc6a	chr2	FALSE	TRUE
Rhox3c	chrX	FALSE	TRUE
Gm6657	chr12	FALSE	FALSE
Slc28a2	chr2	FALSE	TRUE
Tcaf2	chr6	FALSE	FALSE
Olfr570	chr7	FALSE	TRUE
Efna4	chr3	FALSE	FALSE
Stau1	chr2	FALSE	FALSE
Syngr4	chr7	FALSE	FALSE
H4c4	chr13	FALSE	FALSE
Kcnn2	chr18	FALSE	FALSE
Ptges2	chr2	FALSE	FALSE
Gpr34	chrX	FALSE	FALSE
Vmn2r87	chr10	FALSE	FALSE
Gm44511	chr6	FALSE	FALSE
Olfr452	chr6	FALSE	TRUE
Plcl2	chr17	FALSE	FALSE
Sprr2a3	chr3	FALSE	TRUE
Cnpy4	chr5	FALSE	TRUE
C8b	chr4	FALSE	FALSE
Gm19402	chr10	FALSE	FALSE
Adam2	chr14	FALSE	TRUE
Meox1	chr11	FALSE	TRUE
Orc3	chr4	FALSE	FALSE
Olfr1450	chr19	FALSE	TRUE
1700001O22Rik	chr2	FALSE	FALSE
Prmt6	chr3	FALSE	FALSE
Lingo2	chr4	FALSE	FALSE
Smim20	chr5	FALSE	FALSE
Skint4	chr4	FALSE	TRUE
Sugt1	chr14	FALSE	FALSE
Mfsd9	chr1	FALSE	FALSE
Mycn	chr12	FALSE	FALSE
Mustn1	chr14	FALSE	FALSE
Rab11fip2	chr19	FALSE	FALSE
Abca17	chr17	FALSE	FALSE
Olfr898	chr9	FALSE	TRUE
Cyp27a1	chr1	FALSE	FALSE
Rhot1	chr11	FALSE	FALSE
Tom1	chr8	FALSE	FALSE
Tmem158	chr9	FALSE	FALSE
Pcmtd2	chr2	FALSE	FALSE
Hpdl	chr4	FALSE	TRUE
Wfdc9	chr2	FALSE	FALSE
Kdm1b	chr13	FALSE	FALSE
Znrd2	chr19	FALSE	FALSE
Trpc2	chr7	FALSE	FALSE
Map3k11	chr19	FALSE	FALSE
Ppt2	chr17	FALSE	FALSE
Vmn2r11	chr5	FALSE	TRUE
Tex45	chr8	FALSE	FALSE
Hyou1	chr9	FALSE	FALSE
Olfr1380	chr11	FALSE	TRUE
Obox6	chr7	FALSE	TRUE
Pkd1	chr17	FALSE	FALSE
Fn1	chr1	FALSE	FALSE
Hdac3	chr18	FALSE	FALSE
Vmn2r112	chr17	FALSE	TRUE
Nxn	chr11	FALSE	FALSE
Glb1l3	chr9	FALSE	TRUE
Gm21830	chr2	FALSE	TRUE
Dlg1	chr16	FALSE	FALSE
Mrpl21	chr19	FALSE	FALSE
Pramef17	chr4	FALSE	TRUE
Gcnt4	chr13	FALSE	FALSE
Slc10a4	chr5	FALSE	FALSE
Uhrf2	chr19	FALSE	FALSE
Gapt	chr13	FALSE	TRUE
Jade1	chr3	FALSE	FALSE
Nfs1	chr2	FALSE	FALSE
Gm10718	chr9	FALSE	TRUE
Tmprss11f	chr5	FALSE	TRUE
Gas2l2	chr11	FALSE	FALSE
Ap1ar	chr3	FALSE	FALSE
Fndc3b	chr3	FALSE	FALSE
Rgs11	chr17	FALSE	FALSE
Timm10b	chr7	FALSE	FALSE
Ptpn7	chr1	FALSE	FALSE
1700018B08Rik	chr8	FALSE	TRUE
Adam15	chr3	FALSE	FALSE
Lysmd2	chr9	FALSE	FALSE
Gm45785	chr7	FALSE	FALSE
Cnfn	chr7	FALSE	FALSE
Prr32	chrX	FALSE	TRUE
Glt8d1	chr14	FALSE	FALSE
Slc38a11	chr2	FALSE	FALSE
Kctd12b	chrX	FALSE	FALSE
Mrpl28	chr17	FALSE	FALSE
Arpc2	chr1	FALSE	FALSE
Pex11g	chr8	FALSE	FALSE
Kif5b	chr18	FALSE	FALSE
Olfr1240	chr2	FALSE	TRUE
Polr3h	chr15	FALSE	FALSE
Mup13	chr4	FALSE	TRUE
4921524J17Rik	chr8	FALSE	FALSE
Mettl25	chr10	FALSE	FALSE
Ptpn21	chr12	FALSE	FALSE
Vmn2r65	chr7	FALSE	TRUE
Txndc8	chr4	FALSE	TRUE
Olfr665	chr7	FALSE	TRUE
Nxf7	chrX	FALSE	FALSE
Itga4	chr2	FALSE	FALSE
Gm2411	chrX	FALSE	TRUE
Tmem132b	chr5	FALSE	FALSE
Zc3h7b	chr15	FALSE	FALSE
Glrx	chr13	FALSE	FALSE
Aldh6a1	chr12	FALSE	FALSE
Tmem151b	chr17	FALSE	FALSE
S1pr2	chr9	FALSE	FALSE
Pyy	chr11	FALSE	FALSE
Dcakd	chr11	FALSE	FALSE
Khdc1c	chr1	FALSE	TRUE
Mrgprb5	chr7	FALSE	TRUE
Gm9507	chr10	FALSE	FALSE
Ldb1	chr19	FALSE	FALSE
Id2	chr12	FALSE	FALSE
Asgr2	chr11	FALSE	TRUE
S100a3	chr3	FALSE	TRUE
Proz	chr8	FALSE	TRUE
Olfr944	chr9	FALSE	TRUE
Mcmbp	chr7	FALSE	FALSE
Lrrc25	chr8	FALSE	TRUE
Scrib	chr15	FALSE	FALSE
Pfdn4	chr2	FALSE	FALSE
Ell3	chr2	FALSE	FALSE
Kansl2	chr15	FALSE	FALSE
Dcx	chrX	FALSE	FALSE
Gm10521	chr1	FALSE	TRUE
Fam216a	chr5	FALSE	FALSE
Slc31a2	chr4	FALSE	FALSE
Jup	chr11	FALSE	FALSE
Ctrb1	chr8	FALSE	TRUE
Ftcd	chr10	FALSE	FALSE
Magea2	chrX	FALSE	TRUE
Mecom	chr3	FALSE	FALSE
Akap14	chrX	FALSE	FALSE
Mapk9	chr11	FALSE	FALSE
Cerk	chr15	FALSE	FALSE
Traf3	chr12	FALSE	FALSE
Slamf9	chr1	FALSE	TRUE
Pttg1ip	chr10	FALSE	FALSE
Adgrl1	chr8	FALSE	FALSE
Sos1	chr17	FALSE	FALSE
Gm17783	chr16	FALSE	TRUE
Ube2d3	chr3	FALSE	FALSE
Sbds	chr5	FALSE	FALSE
Krtap13	chr16	FALSE	TRUE
Ankdd1a	chr9	FALSE	FALSE
Rbbp4	chr4	FALSE	FALSE
Tas2r134	chr2	FALSE	TRUE
Olfr1477	chr19	FALSE	TRUE
Yap1	chr9	FALSE	FALSE
Naf1	chr8	FALSE	FALSE
Gm17402	chr3	FALSE	FALSE
Anks3	chr16	FALSE	FALSE
Cyp4v3	chr8	FALSE	FALSE
Gm8300	chr12	FALSE	TRUE
Tm7sf3	chr6	FALSE	FALSE
Cxxc1	chr18	FALSE	FALSE
Zfp988	chr4	FALSE	TRUE
Atp5md	chr19	FALSE	FALSE
Git1	chr11	FALSE	FALSE
Ctsq	chr13	FALSE	TRUE
Fktn	chr4	FALSE	FALSE
Eif3j1	chr2	FALSE	FALSE
Mrnip	chr11	FALSE	TRUE
Olfr30	chr11	FALSE	TRUE
Prkd1	chr12	FALSE	FALSE
Abcd4	chr12	FALSE	FALSE
Parp14	chr16	FALSE	FALSE
Noc4l	chr5	FALSE	FALSE
Stx12	chr4	FALSE	FALSE
Tnnt1	chr7	FALSE	TRUE
Bcam	chr7	FALSE	FALSE
Olfr774	chr10	FALSE	TRUE
Sult1d1	chr5	FALSE	TRUE
Olfr248	chr1	FALSE	TRUE
B3gnt5	chr16	FALSE	FALSE
Utp3	chr5	FALSE	FALSE
Soga3	chr10	FALSE	FALSE
Ear14	chr14	FALSE	TRUE
Gm5155	chr7	FALSE	TRUE
Vps35	chr8	FALSE	FALSE
Plch2	chr4	FALSE	FALSE
Ctsj	chr13	FALSE	TRUE
Olfr970	chr9	FALSE	TRUE
Gm4869	chr5	FALSE	TRUE
Orai1	chr5	FALSE	FALSE
Slc8a2	chr7	FALSE	FALSE
Triml1	chr8	FALSE	TRUE
Olfr490	chr7	FALSE	TRUE
Chrna10	chr7	FALSE	TRUE
Slc23a4	chr6	FALSE	FALSE
A630089N07Rik	chr16	FALSE	FALSE
Brd9	chr13	FALSE	FALSE
Acadl	chr1	FALSE	FALSE
2310009B15Rik	chr1	FALSE	FALSE
Luzp2	chr7	FALSE	FALSE
Cldn6	chr17	FALSE	FALSE
Slc15a4	chr5	FALSE	FALSE
Ccdc180	chr4	FALSE	TRUE
Cd300lf	chr11	FALSE	TRUE
Bmt2	chr6	FALSE	FALSE
Vdac1	chr11	FALSE	FALSE
Olfr1036	chr2	FALSE	TRUE
Ak7	chr12	FALSE	TRUE
Pip4p1	chr14	FALSE	FALSE
Olfr420	chr1	FALSE	TRUE
Lpcat1	chr13	FALSE	FALSE
S100a9	chr3	FALSE	TRUE
Ssxb8	chrX	FALSE	TRUE
Tmprss3	chr17	FALSE	FALSE
Ticrr	chr7	FALSE	FALSE
Evx1	chr6	FALSE	FALSE
Sema4g	chr19	FALSE	FALSE
Primpol	chr8	FALSE	FALSE
Mettl21a	chr1	FALSE	FALSE
Pld2	chr11	FALSE	FALSE
Nsg2	chr11	FALSE	FALSE
Smc1a	chrX	FALSE	FALSE
Rnd2	chr11	FALSE	TRUE
Nfu1	chr6	FALSE	FALSE
Dclre1b	chr3	FALSE	FALSE
Gm45861	chr8	FALSE	TRUE
Mapk11	chr15	FALSE	FALSE
Ggt5	chr10	FALSE	FALSE
Zfp524	chr7	FALSE	FALSE
Slc4a3	chr1	FALSE	FALSE
Myh14	chr7	FALSE	FALSE
Spink5	chr18	FALSE	TRUE
Olfr725	chr14	FALSE	TRUE
Adgrf2	chr17	FALSE	TRUE
Emg1	chr6	FALSE	FALSE
Gcnt1	chr19	FALSE	FALSE
Ptrh2	chr11	FALSE	FALSE
Tmem218	chr9	FALSE	FALSE
Gak	chr5	FALSE	FALSE
Slc22a27	chr19	FALSE	TRUE
Mfn1	chr3	FALSE	FALSE
Trir	chr8	FALSE	FALSE
Rpl27	chr11	FALSE	FALSE
Nfatc4	chr14	FALSE	FALSE
Myl6b	chr10	FALSE	FALSE
Slc4a11	chr2	FALSE	FALSE
Zfp534	chr4	FALSE	TRUE
1700031F05Rik	chrX	FALSE	FALSE
Fgf13	chrX	FALSE	FALSE
Gcdh	chr8	FALSE	FALSE
Ano2	chr6	FALSE	FALSE
Fam118b	chr9	FALSE	FALSE
Ms4a6d	chr19	FALSE	TRUE
Tlr7	chrX	FALSE	TRUE
Olfr338	chr2	FALSE	TRUE
Steap2	chr5	FALSE	FALSE
E330034G19Rik	chr14	FALSE	TRUE
Praf2	chrX	FALSE	FALSE
Stil	chr4	FALSE	FALSE
Hk1	chr10	FALSE	FALSE
Ptchd1	chrX	FALSE	FALSE
Insyn2a	chr7	FALSE	FALSE
Btn2a2	chr13	FALSE	FALSE
Ryr3	chr2	FALSE	FALSE
Scgb1b27	chr7	FALSE	TRUE
Rrp7a	chr15	FALSE	FALSE
Cr1l	chr1	FALSE	FALSE
AA986860	chr1	FALSE	FALSE
Pygb	chr2	FALSE	FALSE
1700016D06Rik	chr8	FALSE	FALSE
Tada3	chr6	FALSE	FALSE
Alg10b	chr15	FALSE	FALSE
Cadm3	chr1	FALSE	FALSE
Gnpnat1	chr14	FALSE	FALSE
Net1	chr13	FALSE	FALSE
Nle1	chr11	FALSE	FALSE
Vps72	chr3	FALSE	FALSE
Gm15448	chr7	FALSE	TRUE
Zp1	chr19	FALSE	FALSE
Ms4a7	chr19	FALSE	TRUE
Rnase2a	chr14	FALSE	TRUE
Matn2	chr15	FALSE	FALSE
Ndufa10	chr1	FALSE	FALSE
Stac	chr9	FALSE	FALSE
Fhl3	chr4	FALSE	FALSE
Olfr1025-ps1	chr2	FALSE	TRUE
Rax	chr18	FALSE	FALSE
Vars2	chr17	FALSE	FALSE
Fosb	chr7	FALSE	FALSE
Rbm4b	chr19	FALSE	FALSE
Ak4	chr4	FALSE	FALSE
Qrfpr	chr3	FALSE	FALSE
Ppfia4	chr1	FALSE	FALSE
Wdr3	chr3	FALSE	FALSE
Gm15080	chrX	FALSE	TRUE
Pnmal1	chr7	FALSE	FALSE
Smlr1	chr10	FALSE	FALSE
Man2a2	chr7	FALSE	FALSE
Exd1	chr2	FALSE	FALSE
Stag3	chr5	FALSE	FALSE
Tle2	chr10	FALSE	FALSE
Ccdc14	chr16	FALSE	FALSE
Ublcp1	chr11	FALSE	FALSE
Prl3d1	chr13	FALSE	TRUE
Utp14b	chr1	FALSE	FALSE
Tnf	chr17	FALSE	FALSE
Vmn2r20	chr6	FALSE	TRUE
Ndufaf6	chr4	FALSE	FALSE
Ifi207	chr1	FALSE	TRUE
Gm43638	chr5	FALSE	TRUE
Spata31d1b	chr13	FALSE	TRUE
Cst6	chr19	FALSE	FALSE
Gm15085	chrX	FALSE	TRUE
Nat10	chr2	FALSE	FALSE
Tex13c3	chrX	FALSE	TRUE
Galnt11	chr5	FALSE	FALSE
Ankrd17	chr5	FALSE	FALSE
Gnpda1	chr18	FALSE	FALSE
Lce1g	chr3	FALSE	TRUE
Bag1	chr4	FALSE	FALSE
Luzp4	chrX	FALSE	TRUE
Hba-x	chr11	FALSE	FALSE
Olfr575	chr7	FALSE	TRUE
Pstk	chr7	FALSE	FALSE
Ebf3	chr7	FALSE	FALSE
Pkd2	chr5	FALSE	FALSE
Zfp593	chr4	FALSE	FALSE
Olfr814	chr10	FALSE	TRUE
Tcfl5	chr2	FALSE	FALSE
Olfr316	chr11	FALSE	TRUE
2610507B11Rik	chr11	FALSE	FALSE
H2bc14	chr13	FALSE	FALSE
Zfp691	chr4	FALSE	FALSE
Cxcl1	chr5	FALSE	FALSE
B3galnt1	chr3	FALSE	FALSE
Hmx1	chr5	FALSE	FALSE
Olfr611	chr7	FALSE	TRUE
Gm11011	chr2	FALSE	TRUE
Ankrd40	chr11	FALSE	FALSE
Usp1	chr4	FALSE	FALSE
Siglec15	chr18	FALSE	FALSE
Srms	chr2	FALSE	FALSE
4931414P19Rik	chr14	FALSE	FALSE
Isl1	chr13	FALSE	FALSE
Gm11487	chr4	FALSE	TRUE
Mkks	chr2	FALSE	FALSE
Rcn3	chr7	FALSE	TRUE
Zfp574	chr7	FALSE	FALSE
2410002F23Rik	chr7	FALSE	FALSE
Gabra5	chr7	FALSE	FALSE
Spink7	chr18	FALSE	TRUE
Coa5	chr1	FALSE	TRUE
Cdh17	chr4	FALSE	FALSE
Acsbg1	chr9	FALSE	FALSE
Kbtbd8	chr6	FALSE	FALSE
Ugdh	chr5	FALSE	FALSE
Nop58	chr1	FALSE	FALSE
Tlr9	chr9	FALSE	FALSE
Ly6h	chr15	FALSE	FALSE
Dydc1	chr14	FALSE	TRUE
Eloc	chr1	FALSE	FALSE
Fam43b	chr4	FALSE	FALSE
Hnrnpul2	chr19	FALSE	FALSE
Lpl	chr8	FALSE	FALSE
Pax1	chr2	FALSE	FALSE
Sf3b2	chr19	FALSE	FALSE
Rbm3	chrX	FALSE	FALSE
Gck	chr11	FALSE	FALSE
Eva1a	chr6	FALSE	FALSE
Hbegf	chr18	FALSE	FALSE
Clca3a1	chr3	FALSE	TRUE
Defb1	chr8	FALSE	TRUE
Dbi	chr1	FALSE	FALSE
Tonsl	chr15	FALSE	FALSE
Gfi1	chr5	FALSE	FALSE
Defb33	chr8	FALSE	TRUE
Prc1	chr7	FALSE	TRUE
Hmox1	chr8	FALSE	FALSE
Fam57a	chr11	FALSE	FALSE
Slc41a1	chr1	FALSE	FALSE
Wdr48	chr9	FALSE	FALSE
Adora2a	chr10	FALSE	FALSE
C1qtnf4	chr2	FALSE	FALSE
Hapln2	chr3	FALSE	FALSE
Dock11	chrX	FALSE	FALSE
Nme5	chr18	FALSE	FALSE
Marchf11	chr15	FALSE	FALSE
Rdh19	chr10	FALSE	TRUE
Supt4a	chr11	FALSE	FALSE
Mfsd2a	chr4	FALSE	FALSE
Raly	chr2	FALSE	FALSE
Gm9195	chr14	FALSE	FALSE
Sox30	chr11	FALSE	FALSE
Snu13	chr15	FALSE	FALSE
Acap1	chr11	FALSE	TRUE
Leng8	chr7	FALSE	FALSE
Dennd2a	chr6	FALSE	FALSE
Cyb561d2	chr9	FALSE	TRUE
Mto1	chr9	FALSE	FALSE
Ubxn2b	chr4	FALSE	FALSE
Gsg1	chr6	FALSE	FALSE
Ep300	chr15	FALSE	FALSE
Prss28	chr17	FALSE	TRUE
Matk	chr10	FALSE	FALSE
Calu	chr6	FALSE	FALSE
Grm2	chr9	FALSE	FALSE
Sema4a	chr3	FALSE	FALSE
Olfr1331	chr4	FALSE	TRUE
Inpp5k	chr11	FALSE	FALSE
Jpt1	chr11	FALSE	FALSE
Fam43a	chr16	FALSE	FALSE
Gm10439	chrX	FALSE	TRUE
Olfr397	chr11	FALSE	TRUE
Nobox	chr6	FALSE	FALSE
Usp4	chr9	FALSE	FALSE
Loxl4	chr19	FALSE	FALSE
Ecrg4	chr1	FALSE	TRUE
Extl1	chr4	FALSE	FALSE
Ccdc183	chr2	FALSE	FALSE
Cwc15	chr9	FALSE	FALSE
Hcrtr2	chr9	FALSE	FALSE
Cxcr2	chr1	FALSE	TRUE
Pkp4	chr2	FALSE	FALSE
Lcn9	chr2	FALSE	TRUE
Ik	chr18	FALSE	FALSE
Irf8	chr8	FALSE	FALSE
Rabif	chr1	FALSE	FALSE
Upk1b	chr16	FALSE	FALSE
Slc8b1	chr5	FALSE	FALSE
Fthl17a	chrX	FALSE	TRUE
Cox4i2	chr2	FALSE	FALSE
Gm12790	chr4	FALSE	TRUE
Acaa2	chr18	FALSE	FALSE
Cd200r2	chr16	FALSE	TRUE
Gm45194	chrX	FALSE	FALSE
Tex11	chrX	FALSE	TRUE
Fam170a	chr18	FALSE	TRUE
Dnajc4	chr19	FALSE	FALSE
Sash3	chrX	FALSE	TRUE
Armc3	chr2	FALSE	FALSE
Naip2	chr13	FALSE	FALSE
Naa10	chrX	FALSE	FALSE
Sycn	chr7	FALSE	TRUE
4933409G03Rik	chr2	FALSE	TRUE
Vmn2r76	chr7	FALSE	TRUE
Snap47	chr11	FALSE	FALSE
Eef2	chr10	FALSE	FALSE
Bin3	chr14	FALSE	FALSE
A530016L24Rik	chr12	FALSE	FALSE
Adamts20	chr15	FALSE	FALSE
Ccdc175	chr12	FALSE	FALSE
Il12b	chr11	FALSE	FALSE
Npr3	chr15	FALSE	FALSE
Bud23	chr5	FALSE	FALSE
Tmem69	chr4	FALSE	TRUE
Chodl	chr16	FALSE	FALSE
Sod2	chr17	FALSE	FALSE
Rgs14	chr13	FALSE	FALSE
H2-M10.5	chr17	FALSE	TRUE
Rhox2a	chrX	FALSE	TRUE
Tes3-ps	chr13	FALSE	TRUE
Fkbp10	chr11	FALSE	TRUE
Ric8a	chr7	FALSE	FALSE
Ube2s	chr7	FALSE	FALSE
Zfp777	chr6	FALSE	FALSE
Lrwd1	chr5	FALSE	FALSE
Fbxl22	chr9	FALSE	FALSE
Adap1	chr5	FALSE	FALSE
Rasgrp3	chr17	FALSE	FALSE
Vmn1r88	chr7	FALSE	TRUE
Vps9d1	chr8	FALSE	FALSE
1700008O03Rik	chr7	FALSE	FALSE
Katnb1	chr8	FALSE	FALSE
Plekhb1	chr7	FALSE	FALSE
Olfr968	chr9	FALSE	TRUE
Slc34a2	chr5	FALSE	FALSE
Slc25a54	chr3	FALSE	TRUE
Zfp263	chr16	FALSE	FALSE
Kcne1l	chrX	FALSE	FALSE
Dad1	chr14	FALSE	FALSE
Abracl	chr10	FALSE	FALSE
Depdc1a	chr3	FALSE	FALSE
Sars	chr3	FALSE	FALSE
Rars	chr11	FALSE	FALSE
Ctla4	chr1	FALSE	TRUE
Cybc1	chr11	FALSE	FALSE
Bmf	chr2	FALSE	FALSE
Cnnm3	chr1	FALSE	FALSE
Nlrp3	chr11	FALSE	TRUE
Ifit2	chr19	FALSE	FALSE
Rdh1	chr10	FALSE	FALSE
Nudt13	chr14	FALSE	FALSE
Tpm1	chr9	FALSE	FALSE
Vmn1r216	chr13	FALSE	TRUE
Rhox1	chrX	FALSE	TRUE
Potegl	chr2	FALSE	FALSE
Wdr24	chr17	FALSE	FALSE
Olfr39	chr9	FALSE	TRUE
Pign	chr1	FALSE	FALSE
Wdr34	chr2	FALSE	TRUE
Psmg3	chr5	FALSE	FALSE
Asic1	chr15	FALSE	FALSE
Zswim8	chr14	FALSE	FALSE
Olfr577	chr7	FALSE	TRUE
Tead4	chr6	FALSE	FALSE
Ssc5d	chr7	FALSE	FALSE
Bicdl2	chr17	FALSE	FALSE
Mon1b	chr8	FALSE	FALSE
Rab1a	chr11	FALSE	FALSE
Lamp5	chr2	FALSE	FALSE
Pigk	chr3	FALSE	FALSE
Ube2b	chr11	FALSE	FALSE
Btnl1	chr17	FALSE	TRUE
Tm9sf3	chr19	FALSE	FALSE
Abcb10	chr8	FALSE	FALSE
Thyn1	chr9	FALSE	FALSE
Smim31	chr8	FALSE	TRUE
Dctn5	chr7	FALSE	FALSE
Blcap	chr2	FALSE	FALSE
Zfp64	chr2	FALSE	FALSE
Dnah2	chr11	FALSE	FALSE
Nubp1	chr16	FALSE	FALSE
Serpina3c	chr12	FALSE	TRUE
Mapk8ip1	chr2	FALSE	FALSE
Meioc	chr11	FALSE	FALSE
Insig2	chr1	FALSE	FALSE
Mfap3l	chr8	FALSE	FALSE
Lgals12	chr19	FALSE	FALSE
Celsr2	chr3	FALSE	FALSE
Zfp710	chr7	FALSE	FALSE
Usp6nl	chr2	FALSE	FALSE
AY761185	chr8	FALSE	TRUE
Exoc3	chr13	FALSE	FALSE
Fshr	chr17	FALSE	TRUE
Olfr867	chr9	FALSE	TRUE
Lsg1	chr16	FALSE	FALSE
Vmn1r15	chr6	FALSE	TRUE
Nudcd1	chr15	FALSE	FALSE
C2cd2l	chr9	FALSE	FALSE
Erich6	chr3	FALSE	FALSE
Med11	chr11	FALSE	FALSE
Rfpl4	chr7	FALSE	TRUE
Dand5	chr8	FALSE	FALSE
Tmem143	chr7	FALSE	FALSE
Slc39a5	chr10	FALSE	FALSE
Srrd	chr5	FALSE	FALSE
Efemp1	chr11	FALSE	FALSE
Cyp4b1	chr4	FALSE	TRUE
Cd209g	chr8	FALSE	TRUE
Cdh5	chr8	FALSE	TRUE
Nog	chr11	FALSE	FALSE
Ccdc107	chr4	FALSE	FALSE
Fbxw15	chr9	FALSE	TRUE
Ermn	chr2	FALSE	TRUE
Hephl1	chr9	FALSE	TRUE
Tmc8	chr11	FALSE	FALSE
Map4k1	chr7	FALSE	FALSE
Unc119b	chr5	FALSE	FALSE
Slc34a3	chr2	FALSE	FALSE
G3bp1	chr11	FALSE	FALSE
Bend4	chr5	FALSE	FALSE
Fam193b	chr13	FALSE	FALSE
2300009A05Rik	chr9	FALSE	FALSE
Fa2h	chr8	FALSE	FALSE
Reg3a	chr6	FALSE	TRUE
Atg2a	chr19	FALSE	FALSE
Il5ra	chr6	FALSE	TRUE
Vmn2r96	chr17	FALSE	TRUE
Psme1	chr14	FALSE	FALSE
Vmn2r104	chr17	FALSE	TRUE
Ddx39b	chr17	FALSE	FALSE
Cpsf3	chr12	FALSE	FALSE
Tm4sf4	chr3	FALSE	FALSE
Abca1	chr4	FALSE	FALSE
Olfr666	chr7	FALSE	TRUE
Sirt7	chr11	FALSE	FALSE
Txn1	chr4	FALSE	FALSE
Foxj2	chr6	FALSE	FALSE
Cpn2	chr16	FALSE	FALSE
Ifrd1	chr12	FALSE	FALSE
Comtd1	chr14	FALSE	FALSE
Tada1	chr1	FALSE	FALSE
Yars	chr4	FALSE	FALSE
Tac4	chr11	FALSE	FALSE
Cx3cl1	chr8	FALSE	FALSE
Cyp2d26	chr15	FALSE	TRUE
Gpr83	chr9	FALSE	FALSE
Rida	chr15	FALSE	TRUE
Atf7ip	chr6	FALSE	FALSE
Zfp821	chr8	FALSE	FALSE
Tmem18	chr12	FALSE	FALSE
Fam50b	chr13	FALSE	TRUE
Degs2	chr12	FALSE	FALSE
Tfb1m	chr17	FALSE	TRUE
Hsd11b2	chr8	FALSE	FALSE
Krtap6-2	chr16	FALSE	TRUE
Vars	chr17	FALSE	FALSE
Plod3	chr5	FALSE	TRUE
Lpar6	chr14	FALSE	FALSE
Prune1	chr3	FALSE	FALSE
St3gal2	chr8	FALSE	FALSE
Prkaa2	chr4	FALSE	FALSE
Gm5799	chr14	FALSE	TRUE
Stac2	chr11	FALSE	FALSE
Nufip1	chr14	FALSE	FALSE
Castor1	chr11	FALSE	FALSE
2410004B18Rik	chr3	FALSE	FALSE
Atp5e	chr2	FALSE	FALSE
Papolb	chr5	FALSE	TRUE
Olfr1260	chr2	FALSE	TRUE
Dvl3	chr16	FALSE	FALSE
Pdzd4	chrX	FALSE	FALSE
Vmn1r90	chr7	FALSE	TRUE
Angptl7	chr4	FALSE	FALSE
Arhgdig	chr17	FALSE	FALSE
Psg23	chr7	FALSE	TRUE
Rab20	chr8	FALSE	FALSE
Acox2	chr14	FALSE	FALSE
Mpz	chr1	FALSE	FALSE
Spink1	chr18	FALSE	TRUE
Txnl4a	chr18	FALSE	FALSE
Irf5	chr6	FALSE	FALSE
Tnnc1	chr14	FALSE	FALSE
Iars	chr13	FALSE	FALSE
Ctu2	chr8	FALSE	FALSE
Gm9573	chr17	FALSE	TRUE
Pdyn	chr2	FALSE	FALSE
Pla2g10	chr16	FALSE	FALSE
Tuba8	chr6	FALSE	FALSE
Hnf1b	chr11	FALSE	FALSE
Zfp46	chr4	FALSE	FALSE
Habp4	chr13	FALSE	FALSE
Phgr1	chr2	FALSE	FALSE
Ctsh	chr9	FALSE	FALSE
1110008P14Rik	chr2	FALSE	FALSE
Ifit3	chr19	FALSE	TRUE
Ctdspl	chr9	FALSE	FALSE
Slc25a22	chr7	FALSE	FALSE
Acap3	chr4	FALSE	FALSE
Gm8247	chr14	FALSE	TRUE
Msrb1	chr17	FALSE	FALSE
Gm11444	chr11	FALSE	FALSE
Pakap	chr4	FALSE	FALSE
Timmdc1	chr16	FALSE	FALSE
Tmem102	chr11	FALSE	FALSE
Olfr704	chr7	FALSE	TRUE
Mapk8ip3	chr17	FALSE	FALSE
Cdh3	chr8	FALSE	FALSE
Zfp946	chr17	FALSE	FALSE
Smg9	chr7	FALSE	FALSE
Hirip3	chr7	FALSE	FALSE
Sulf1	chr1	FALSE	FALSE
Lig3	chr11	FALSE	FALSE
Tmem89	chr9	FALSE	FALSE
Cd163l1	chr7	FALSE	TRUE
Vmn2r1	chr3	FALSE	TRUE
Rbp2	chr9	FALSE	TRUE
Arid5a	chr1	FALSE	FALSE
Zfp663	chr2	FALSE	FALSE
Zfp114	chr7	FALSE	TRUE
BC024063	chr10	FALSE	FALSE
Gys1	chr7	FALSE	FALSE
Acte1	chr7	FALSE	TRUE
Ppp1r42	chr1	FALSE	FALSE
Psg21	chr7	FALSE	TRUE
AW551984	chr9	FALSE	FALSE
Slc37a4	chr9	FALSE	FALSE
Nod1	chr6	FALSE	FALSE
Gm21680	chr5	FALSE	TRUE
Kin	chr2	FALSE	FALSE
Apool	chrX	FALSE	FALSE
Grpel1	chr5	FALSE	FALSE
Cul2	chr18	FALSE	FALSE
Slc6a14	chrX	FALSE	TRUE
Pex1	chr5	FALSE	FALSE
Csrp1	chr1	FALSE	FALSE
Olfr483	chr7	FALSE	TRUE
Polr2c	chr8	FALSE	FALSE
Bivm	chr1	FALSE	FALSE
Rdh12	chr12	FALSE	FALSE
Exoc8	chr8	FALSE	FALSE
Ptpdc1	chr13	FALSE	FALSE
Car1	chr3	FALSE	TRUE
Fam83e	chr7	FALSE	FALSE
Traf2	chr2	FALSE	FALSE
Ap1m2	chr9	FALSE	TRUE
Npas1	chr7	FALSE	FALSE
Casq2	chr3	FALSE	FALSE
Vwc2	chr11	FALSE	FALSE
Ccr2	chr9	FALSE	TRUE
Sp110	chr1	FALSE	TRUE
Olfr133	chr17	FALSE	TRUE
Gm49601	chr16	FALSE	FALSE
Aig1	chr10	FALSE	FALSE
Eef2kmt	chr16	FALSE	FALSE
Olfr1106	chr2	FALSE	TRUE
Vmn1r1	chr1	FALSE	TRUE
5530401A14Rik	chr11	FALSE	FALSE
Oard1	chr17	FALSE	FALSE
Vmn2r12	chr5	FALSE	TRUE
Cyp11a1	chr9	FALSE	FALSE
Olfr769	chr10	FALSE	TRUE
Arf4	chr14	FALSE	FALSE
Zfp954	chr7	FALSE	FALSE
Egr2	chr10	FALSE	FALSE
Bbs7	chr3	FALSE	FALSE
Srrm2	chr17	FALSE	FALSE
Wdr45	chrX	FALSE	FALSE
Pafah1b2	chr9	FALSE	FALSE
Tspyl2	chrX	FALSE	FALSE
Rad9b	chr5	FALSE	FALSE
Tbc1d22a	chr15	FALSE	FALSE
Lnpep	chr17	FALSE	FALSE
Minpp1	chr19	FALSE	FALSE
Top2b	chr14	FALSE	FALSE
4933405L10Rik	chr8	FALSE	FALSE
Zscan25	chr5	FALSE	FALSE
Sdcbp2	chr2	FALSE	FALSE
Eps8l3	chr3	FALSE	FALSE
Irak3	chr10	FALSE	FALSE
Kifbp	chr10	FALSE	FALSE
Zfand2b	chr1	FALSE	FALSE
Prap1	chr7	FALSE	TRUE
Mff	chr1	FALSE	FALSE
Kcnj12	chr11	FALSE	FALSE
Tmod4	chr3	FALSE	FALSE
Cyp1b1	chr17	FALSE	FALSE
Cacng4	chr11	FALSE	FALSE
Hes7	chr11	FALSE	FALSE
Ap5z1	chr5	FALSE	FALSE
Gm4952	chr19	FALSE	TRUE
Mdh2	chr5	FALSE	FALSE
D6Ertd527e	chr6	FALSE	TRUE
R3hdml	chr2	FALSE	FALSE
Dstyk	chr1	FALSE	FALSE
Nbr1	chr11	FALSE	FALSE
Vamp4	chr1	FALSE	FALSE
Faiml	chr9	FALSE	TRUE
Nek6	chr2	FALSE	FALSE
Lrrc69	chr4	FALSE	TRUE
Coa4	chr7	FALSE	FALSE
C4bp	chr1	FALSE	TRUE
Plekha4	chr7	FALSE	FALSE
Hs3st4	chr7	FALSE	FALSE
Gm6401	chr14	FALSE	TRUE
Gm5698	chr1	FALSE	TRUE
Pip	chr6	FALSE	TRUE
Gm21731	chr13	FALSE	TRUE
Sall3	chr18	FALSE	FALSE
Scfd1	chr12	FALSE	FALSE
Tnfaip2	chr12	FALSE	FALSE
Grxcr2	chr18	FALSE	TRUE
Trim39	chr17	FALSE	FALSE
Rassf9	chr10	FALSE	TRUE
Ccdc7b	chr8	FALSE	TRUE
Suclg1	chr6	FALSE	FALSE
Lactb2	chr1	FALSE	FALSE
Olfr702	chr7	FALSE	TRUE
Atg4a-ps	chr3	FALSE	TRUE
Sbk2	chr7	FALSE	FALSE
Phkg1	chr5	FALSE	FALSE
Tmed6	chr8	FALSE	TRUE
Spem2	chr11	FALSE	TRUE
Nlrp9c	chr7	FALSE	TRUE
Acbd5	chr2	FALSE	FALSE
Slc11a2	chr15	FALSE	FALSE
Sarnp	chr10	FALSE	FALSE
Nars	chr18	FALSE	FALSE
Tank	chr2	FALSE	FALSE
Klhl22	chr16	FALSE	FALSE
Il17b	chr18	FALSE	FALSE
Tomm70a	chr16	FALSE	FALSE
Clca4b	chr3	FALSE	TRUE
Vmn2r100	chr17	FALSE	TRUE
Amd2	chr10	FALSE	TRUE
Xlr5a	chrX	FALSE	FALSE
Clvs2	chr10	FALSE	FALSE
Nusap1	chr2	FALSE	FALSE
Tm6sf2	chr8	FALSE	TRUE
Rxfp2	chr5	FALSE	TRUE
Haus4	chr14	FALSE	FALSE
Vmn1r113	chr7	FALSE	TRUE
Myo1d	chr11	FALSE	FALSE
S1pr1	chr3	FALSE	FALSE
Tmem68	chr4	FALSE	FALSE
Ttll1	chr15	FALSE	TRUE
Gzmd	chr14	FALSE	TRUE
Tctex1d4	chr4	FALSE	FALSE
Rspo1	chr4	FALSE	FALSE
Pwp1	chr10	FALSE	FALSE
Abhd14b	chr9	FALSE	FALSE
Tyrp1	chr4	FALSE	FALSE
Napg	chr18	FALSE	FALSE
Rasl11b	chr5	FALSE	FALSE
Ltf	chr9	FALSE	TRUE
Trappc3l	chr10	FALSE	FALSE
Chit1	chr1	FALSE	TRUE
Gm20479	chr7	FALSE	FALSE
Tssk6	chr8	FALSE	FALSE
Slc30a4	chr2	FALSE	FALSE
Rps18-ps6	chr13	FALSE	FALSE
Izumo2	chr7	FALSE	TRUE
Cd40lg	chrX	FALSE	TRUE
Prl5a1	chr13	FALSE	TRUE
Klra9	chr6	FALSE	TRUE
Gm17654	chr14	FALSE	TRUE
Rhox2c	chrX	FALSE	TRUE
Fndc3a	chr14	FALSE	FALSE
Nploc4	chr11	FALSE	FALSE
Cavin2	chr1	FALSE	FALSE
Padi3	chr4	FALSE	TRUE
Egln2	chr7	FALSE	FALSE
Ccdc39	chr3	FALSE	FALSE
Zfp267	chr3	FALSE	FALSE
Olfr554	chr7	FALSE	TRUE
Il1a	chr2	FALSE	TRUE
Usp14	chr18	FALSE	FALSE
Usp16	chr16	FALSE	FALSE
9630041A04Rik	chr9	FALSE	FALSE
Ccdc78	chr17	FALSE	TRUE
Rita1	chr5	FALSE	FALSE
Fem1al	chr11	FALSE	FALSE
Eif4e2	chr1	FALSE	FALSE
Ddx24	chr12	FALSE	FALSE
Atoh1	chr6	FALSE	TRUE
Ggact	chr14	FALSE	FALSE
Ntrk1	chr3	FALSE	FALSE
Eno4	chr19	FALSE	FALSE
AB124611	chr9	FALSE	FALSE
Yif1a	chr19	FALSE	FALSE
Gpr157	chr4	FALSE	FALSE
Il2	chr3	FALSE	TRUE
Zfp980	chr4	FALSE	TRUE
Olfr513	chr7	FALSE	TRUE
Nemf	chr12	FALSE	FALSE
Mcm5	chr8	FALSE	FALSE
Timm17a	chr1	FALSE	FALSE
Polr3g	chr13	FALSE	FALSE
Smim40	chr17	FALSE	TRUE
Shisal2b	chr13	FALSE	FALSE
Aurkc	chr7	FALSE	TRUE
Txnip	chr3	FALSE	FALSE
Pcdhgc4	chr18	FALSE	FALSE
Vtn	chr11	FALSE	FALSE
Hoxa1	chr6	FALSE	FALSE
Slc22a7	chr17	FALSE	FALSE
Clu	chr14	FALSE	FALSE
Eif2b2	chr12	FALSE	FALSE
Slc46a2	chr4	FALSE	FALSE
Jag1	chr2	FALSE	FALSE
Tnfrsf21	chr17	FALSE	FALSE
Vmn2r30	chr7	FALSE	TRUE
Pigr	chr1	FALSE	FALSE
Tmem70	chr1	FALSE	FALSE
2300002M23Rik	chr17	FALSE	FALSE
Ubn1	chr16	FALSE	FALSE
Lima1	chr15	FALSE	FALSE
Trip6	chr5	FALSE	FALSE
Racgap1	chr15	FALSE	FALSE
Dnmt1	chr9	FALSE	FALSE
Cxcl5	chr5	FALSE	FALSE
Rubcnl	chr14	FALSE	FALSE
Gm9745	chr13	FALSE	TRUE
Calhm3	chr19	FALSE	FALSE
Gm12394	chr4	FALSE	FALSE
Tmem94	chr11	FALSE	FALSE
Uba7	chr9	FALSE	FALSE
Defb4	chr8	FALSE	TRUE
Gm17542	chr10	FALSE	FALSE
Tmem220	chr11	FALSE	FALSE
Zkscan8	chr13	FALSE	FALSE
Ccdc186	chr19	FALSE	FALSE
Crtam	chr9	FALSE	FALSE
Cmpk2	chr12	FALSE	FALSE
Tfdp1	chr8	FALSE	FALSE
Olfr605	chr7	FALSE	TRUE
Psg17	chr7	FALSE	TRUE
Ppm1d	chr11	FALSE	FALSE
Armc9	chr1	FALSE	FALSE
Ubtf	chr11	FALSE	FALSE
2310022A10Rik	chr7	FALSE	FALSE
Gpr88	chr3	FALSE	FALSE
S100a7a	chr3	FALSE	FALSE
Zp3	chr5	FALSE	TRUE
Togaram1	chr12	FALSE	FALSE
Gnmt	chr17	FALSE	FALSE
Aspg	chr12	FALSE	FALSE
Gal3st1	chr11	FALSE	FALSE
Nat8	chr6	FALSE	FALSE
Gulo	chr14	FALSE	TRUE
Ankrd28	chr14	FALSE	FALSE
Mtmr10	chr7	FALSE	FALSE
Lypd1	chr1	FALSE	FALSE
Asb12	chrX	FALSE	FALSE
Vmn2r68	chr7	FALSE	TRUE
Abcc3	chr11	FALSE	FALSE
E2f8	chr7	FALSE	FALSE
Wdr38	chr2	FALSE	FALSE
Trpv1	chr11	FALSE	TRUE
Casp14	chr10	FALSE	TRUE
9530002B09Rik	chr4	FALSE	TRUE
Arl6	chr16	FALSE	FALSE
Mrpl16	chr19	FALSE	FALSE
Olfr1466	chr19	FALSE	TRUE
Dap3	chr3	FALSE	FALSE
Nudt6	chr3	FALSE	FALSE
Necab3	chr2	FALSE	FALSE
Ndufb3	chr1	FALSE	FALSE
Pebp4	chr14	FALSE	FALSE
Ankrd22	chr19	FALSE	TRUE
Tapt1	chr5	FALSE	FALSE
Ccdc106	chr7	FALSE	FALSE
Scyl1	chr19	FALSE	FALSE
Bmp8a	chr4	FALSE	FALSE
Dcaf12l2	chrX	FALSE	TRUE
Adamts13	chr2	FALSE	FALSE
Ccn2	chr10	FALSE	FALSE
Kcne1	chr16	FALSE	FALSE
Vdac2	chr14	FALSE	FALSE
Dse	chr10	FALSE	FALSE
Nhlrc1	chr13	FALSE	FALSE
Dct	chr14	FALSE	TRUE
Vsig4	chrX	FALSE	TRUE
Igf1	chr10	FALSE	FALSE
Eef1akmt4	chr16	FALSE	FALSE
Abcb6	chr1	FALSE	FALSE
Ltbp1	chr17	FALSE	FALSE
Ndufb6	chr4	FALSE	FALSE
Nap1l2	chrX	FALSE	FALSE
Ankrd2	chr19	FALSE	FALSE
Avl9	chr6	FALSE	FALSE
Rel	chr11	FALSE	FALSE
Gm11567	chr11	FALSE	TRUE
Thtpa	chr14	FALSE	FALSE
Kcnj5	chr9	FALSE	FALSE
Metap2	chr10	FALSE	FALSE
Tinagl1	chr4	FALSE	FALSE
Zfp687	chr3	FALSE	FALSE
Zfp36	chr7	FALSE	FALSE
Morn2	chr17	FALSE	FALSE
Gm3055	chr10	FALSE	FALSE
Use1	chr8	FALSE	FALSE
Omg	chr11	FALSE	TRUE
Olfr1352	chr10	FALSE	TRUE
Gcat	chr15	FALSE	FALSE
Chst14	chr2	FALSE	FALSE
Tmpo	chr10	FALSE	FALSE
Olfr344	chr2	FALSE	TRUE
Tmem210	chr2	FALSE	FALSE
Usp30	chr5	FALSE	FALSE
Tmem72	chr6	FALSE	FALSE
Hs3st6	chr17	FALSE	FALSE
Krt42	chr11	FALSE	TRUE
Catsperb	chr12	FALSE	TRUE
Trim66	chr7	FALSE	FALSE
Pabpc1l	chr2	FALSE	TRUE
Dcst2	chr3	FALSE	FALSE
Mrps11	chr7	FALSE	FALSE
Olfr414	chr1	FALSE	TRUE
Plscr4	chr9	FALSE	FALSE
Litaf	chr16	FALSE	FALSE
Chp2	chr7	FALSE	FALSE
Abca6	chr11	FALSE	TRUE
Epcam	chr17	FALSE	FALSE
Ccr6	chr17	FALSE	TRUE
Trim52	chr14	FALSE	TRUE
Polr2m	chr9	FALSE	FALSE
Zfp937	chr2	FALSE	FALSE
Tstd1	chr1	FALSE	TRUE
Snrpe	chr1	FALSE	FALSE
Fcrla	chr1	FALSE	TRUE
Nlrx1	chr9	FALSE	FALSE
Olfr1414	chr1	FALSE	FALSE
Olfr935	chr9	FALSE	TRUE
Ypel5	chr17	FALSE	FALSE
Nsmce1	chr7	FALSE	FALSE
Tppp2	chr14	FALSE	TRUE
Gm11627	chr11	FALSE	TRUE
Esrp1	chr4	FALSE	FALSE
Slc27a5	chr7	FALSE	TRUE
Avil	chr10	FALSE	FALSE
Olfr510	chr7	FALSE	TRUE
Tmem127	chr2	FALSE	FALSE
Ccnq	chr11	FALSE	FALSE
Aadacl4fm4	chr4	FALSE	TRUE
Mxra7	chr11	FALSE	FALSE
4930555G01Rik	chr14	FALSE	TRUE
Ap2a2	chr7	FALSE	FALSE
Dtx3	chr10	FALSE	FALSE
Rhou	chr8	FALSE	FALSE
Hbq1a	chr11	FALSE	FALSE
Actc1	chr2	FALSE	FALSE
Tek	chr4	FALSE	TRUE
Gm8909	chr17	FALSE	FALSE
Olfr967	chr9	FALSE	TRUE
Rab43	chr6	FALSE	FALSE
Ahrr	chr13	FALSE	FALSE
Cdr2l	chr11	FALSE	FALSE
Nexn	chr3	FALSE	FALSE
Slx1b	chr7	FALSE	FALSE
Serpina3n	chr12	FALSE	FALSE
Cdcp2	chr4	FALSE	TRUE
Wdr12	chr1	FALSE	FALSE
Banf2	chr2	FALSE	FALSE
Efcab5	chr11	FALSE	FALSE
Prob1	chr18	FALSE	FALSE
Vmn2r86	chr10	FALSE	TRUE
Top1mt	chr15	FALSE	FALSE
Otop3	chr11	FALSE	FALSE
Atoh7	chr10	FALSE	FALSE
Arf1	chr11	FALSE	FALSE
Erv3	chr2	FALSE	TRUE
Gm49527	chr15	FALSE	FALSE
Elp6	chr9	FALSE	FALSE
Tsr2	chrX	FALSE	FALSE
Atxn7l3	chr11	FALSE	FALSE
Cplx4	chr18	FALSE	FALSE
Erap1	chr13	FALSE	FALSE
Kif2b	chr11	FALSE	TRUE
Ccdc80	chr16	FALSE	FALSE
Pi4k2b	chr5	FALSE	FALSE
Elf1	chr14	FALSE	FALSE
Scgb2b12	chr7	FALSE	TRUE
Ddi1	chr9	FALSE	TRUE
Olfr1475	chr19	FALSE	TRUE
Gys2	chr6	FALSE	TRUE
Dynlt1c	chr17	FALSE	FALSE
Arsb	chr13	FALSE	FALSE
Olfr53	chr7	FALSE	TRUE
Apoe	chr7	FALSE	FALSE
Defb8	chr8	FALSE	TRUE
Fdx1	chr9	FALSE	FALSE
Gp9	chr6	FALSE	TRUE
Myd88	chr9	FALSE	FALSE
Gm28041	chr13	FALSE	FALSE
Carlr	chr2	FALSE	FALSE
Ms4a1	chr19	FALSE	TRUE
Dpf3	chr12	FALSE	FALSE
Cfap47	chrX	FALSE	FALSE
Gm49345	chr13	FALSE	FALSE
Gm1141	chrX	FALSE	TRUE
Gm21083	chr5	FALSE	TRUE
Pdcd1lg2	chr19	FALSE	TRUE
Hoxd10	chr2	FALSE	FALSE
Rpl10l	chr12	FALSE	TRUE
Brat1	chr5	FALSE	FALSE
Dyrk3	chr1	FALSE	FALSE
Inhba	chr13	FALSE	FALSE
Zfp987	chr4	FALSE	TRUE
Dyrk4	chr6	FALSE	FALSE
Tnip2	chr5	FALSE	FALSE
Fam122a	chr19	FALSE	FALSE
Spint1	chr2	FALSE	FALSE
Zfat	chr15	FALSE	FALSE
Rac3	chr11	FALSE	FALSE
Dtl	chr1	FALSE	FALSE
Gpr119	chrX	FALSE	TRUE
Tns3	chr11	FALSE	FALSE
5430401F13Rik	chr6	FALSE	TRUE
Tars	chr15	FALSE	FALSE
Polr3f	chr2	FALSE	FALSE
Olfr905	chr9	FALSE	TRUE
Rpl39l	chr16	FALSE	TRUE
Paf1	chr7	FALSE	FALSE
Tmem216	chr19	FALSE	FALSE
Krtap19-3	chr16	FALSE	TRUE
Tfpi2	chr6	FALSE	FALSE
Igfn1	chr1	FALSE	FALSE
Tdrd3	chr14	FALSE	FALSE
Rps20	chr4	FALSE	FALSE
H2-Q7	chr17	FALSE	FALSE
Ccdc30	chr4	FALSE	FALSE
Qsox2	chr2	FALSE	FALSE
Tmem35a	chrX	FALSE	FALSE
Ect2	chr3	FALSE	FALSE
Bbip1	chr19	FALSE	FALSE
Aldh16a1	chr7	FALSE	FALSE
4930404N11Rik	chr10	FALSE	FALSE
9430015G10Rik	chr4	FALSE	TRUE
Tmem268	chr4	FALSE	FALSE
Spcs1	chr14	FALSE	FALSE
4931406B18Rik	chr7	FALSE	FALSE
Rmnd5b	chr11	FALSE	FALSE
Npy4r	chr14	FALSE	FALSE
Neu1	chr17	FALSE	FALSE
Rexo2	chr9	FALSE	FALSE
Poc5	chr13	FALSE	FALSE
Skp1a	chr11	FALSE	FALSE
Lrrc39	chr3	FALSE	TRUE
4933421I07Rik	chr7	FALSE	TRUE
Ube2l6	chr2	FALSE	FALSE
Lmntd2	chr7	FALSE	TRUE
Dlx3	chr11	FALSE	FALSE
Akap11	chr14	FALSE	FALSE
Hoxa11	chr6	FALSE	FALSE
Elac2	chr11	FALSE	FALSE
Abca7	chr10	FALSE	FALSE
Dusp9	chrX	FALSE	FALSE
Fanca	chr8	FALSE	FALSE
Hsh2d	chr8	FALSE	TRUE
Npas4	chr19	FALSE	FALSE
Ceacam3	chr7	FALSE	TRUE
Txnrd1	chr10	FALSE	FALSE
Gzmb	chr14	FALSE	TRUE
Mtfr1l	chr4	FALSE	FALSE
Hormad1	chr3	FALSE	TRUE
Cela3a	chr4	FALSE	TRUE
Rtn4rl2	chr2	FALSE	FALSE
Cyb5d2	chr11	FALSE	TRUE
Zfp750	chr11	FALSE	FALSE
Map3k7cl	chr16	FALSE	FALSE
Tppp	chr13	FALSE	FALSE
Dlx5	chr6	FALSE	FALSE
Olfr1277	chr2	FALSE	TRUE
Kctd13	chr7	FALSE	FALSE
Gipc2	chr3	FALSE	FALSE
Eif2s2	chr2	FALSE	FALSE
Vmn2r48	chr7	FALSE	TRUE
1700029H14Rik	chr8	FALSE	FALSE
Slc43a3	chr2	FALSE	FALSE
Eya4	chr10	FALSE	FALSE
Erlin2	chr8	FALSE	FALSE
Pdzrn3	chr6	FALSE	FALSE
Lpcat2	chr8	FALSE	FALSE
Tyk2	chr9	FALSE	FALSE
Timm8b	chr9	FALSE	FALSE
Piezo2	chr18	FALSE	FALSE
Phldb3	chr7	FALSE	FALSE
Fdxr	chr11	FALSE	FALSE
Noc3l	chr19	FALSE	FALSE
Tifa	chr3	FALSE	FALSE
Rsrc2	chr5	FALSE	FALSE
Gm11555	chr11	FALSE	TRUE
Tbc1d4	chr14	FALSE	FALSE
Zbtb45	chr7	FALSE	FALSE
Ccnb3	chrX	FALSE	TRUE
Utrn	chr10	FALSE	FALSE
Patl1	chr19	FALSE	FALSE
Smim10l1	chr6	FALSE	FALSE
Olfr517	chr7	FALSE	TRUE
P2ry4	chrX	FALSE	FALSE
Ccdc83	chr7	FALSE	FALSE
Zfp994	chr17	FALSE	FALSE
Frk	chr10	FALSE	FALSE
Krt72	chr15	FALSE	TRUE
Guca1a	chr17	FALSE	FALSE
Rps26	chr10	FALSE	FALSE
Cd7	chr11	FALSE	TRUE
Flrt2	chr12	FALSE	FALSE
Gm5797	chr14	FALSE	TRUE
Olfr965	chr9	FALSE	TRUE
Dusp23	chr1	FALSE	FALSE
Carmil3	chr14	FALSE	FALSE
Ugt2a2	chr5	FALSE	TRUE
Trmt2a	chr16	FALSE	FALSE
Dnajb5	chr4	FALSE	FALSE
Lrrc45	chr11	FALSE	FALSE
Lipe	chr7	FALSE	FALSE
Emx1	chr6	FALSE	FALSE
Letm1	chr5	FALSE	FALSE
Tst	chr15	FALSE	FALSE
Fnbp4	chr2	FALSE	FALSE
Tmprss15	chr16	FALSE	TRUE
Twistnb	chr12	FALSE	FALSE
Ltc4s	chr11	FALSE	FALSE
Vta1	chr10	FALSE	FALSE
Vmn2r32	chr7	FALSE	TRUE
4933407L21Rik	chr1	FALSE	FALSE
Clec14a	chr12	FALSE	FALSE
Lypd9	chr11	FALSE	TRUE
Psma2	chr13	FALSE	FALSE
Shroom4	chrX	FALSE	FALSE
Sctr	chr1	FALSE	FALSE
BC030500	chr8	FALSE	FALSE
Angptl6	chr9	FALSE	FALSE
Gnl1	chr17	FALSE	FALSE
Tlr3	chr8	FALSE	FALSE
Kcna6	chr6	FALSE	FALSE
Cops9	chr1	FALSE	FALSE
Brox	chr1	FALSE	FALSE
Gpr3	chr4	FALSE	FALSE
Ubqln2	chrX	FALSE	FALSE
Chst12	chr5	FALSE	FALSE
Osgin1	chr8	FALSE	FALSE
Gpr179	chr11	FALSE	FALSE
Med26	chr8	FALSE	FALSE
Gfpt2	chr11	FALSE	FALSE
Foxr2	chrX	FALSE	TRUE
Lbh	chr17	FALSE	FALSE
Dohh	chr10	FALSE	FALSE
Trappc2l	chr8	FALSE	FALSE
Gm12248	chr11	FALSE	FALSE
Gng10	chr4	FALSE	FALSE
Reg3g	chr6	FALSE	TRUE
Gm5737	chr7	FALSE	FALSE
Capn1	chr19	FALSE	FALSE
Zbtb26	chr2	FALSE	FALSE
Gm8094	chr14	FALSE	TRUE
Sftpd	chr14	FALSE	TRUE
Plpp1	chr13	FALSE	FALSE
BC024139	chr15	FALSE	FALSE
Irf2bp1	chr7	FALSE	FALSE
Doxl2	chr6	FALSE	TRUE
Cacng1	chr11	FALSE	FALSE
Gja6	chrX	FALSE	FALSE
Sulf2	chr2	FALSE	FALSE
Nol8	chr13	FALSE	FALSE
Olfr1120	chr2	FALSE	TRUE
Adat2	chr10	FALSE	FALSE
Arhgap9	chr10	FALSE	FALSE
Snapin	chr3	FALSE	FALSE
Hprt	chrX	FALSE	FALSE
Akt1s1	chr7	FALSE	FALSE
Olfr661	chr7	FALSE	TRUE
Czib	chr4	FALSE	FALSE
Rabep2	chr7	FALSE	FALSE
Plbd1	chr6	FALSE	FALSE
Zdhhc13	chr7	FALSE	FALSE
Spic	chr10	FALSE	TRUE
Sapcd1	chr17	FALSE	FALSE
Gm3633	chr14	FALSE	TRUE
Plekhn1	chr4	FALSE	FALSE
Scgb1b24	chr7	FALSE	TRUE
Ttl	chr2	FALSE	FALSE
Sucnr1	chr3	FALSE	FALSE
Krt78	chr15	FALSE	FALSE
Cldn19	chr4	FALSE	TRUE
Psmc5	chr11	FALSE	FALSE
Slc16a1	chr3	FALSE	FALSE
Mrgprb3	chr7	FALSE	TRUE
Ccnyl1	chr1	FALSE	FALSE
Kcns2	chr15	FALSE	FALSE
Acot5	chr12	FALSE	FALSE
Zc3h18	chr8	FALSE	FALSE
Lce1k	chr3	FALSE	TRUE
AC167036.1	chr1	FALSE	FALSE
Fam174b	chr7	FALSE	FALSE
Cd209e	chr8	FALSE	TRUE
Alcam	chr16	FALSE	FALSE
Nit1	chr1	FALSE	FALSE
Reep6	chr10	FALSE	FALSE
Spout1	chr2	FALSE	FALSE
Gata5	chr2	FALSE	FALSE
Olfr791	chr10	FALSE	TRUE
Rab1b	chr19	FALSE	FALSE
Pudp	chr18	FALSE	TRUE
Agtr2	chrX	FALSE	TRUE
Crybg2	chr4	FALSE	FALSE
Mmp11	chr10	FALSE	FALSE
Ereg	chr5	FALSE	FALSE
Utp18	chr11	FALSE	FALSE
Itgb3	chr11	FALSE	FALSE
Kank4	chr4	FALSE	FALSE
Syde2	chr3	FALSE	FALSE
Klhl20	chr1	FALSE	FALSE
Calhm2	chr19	FALSE	FALSE
H2-T22	chr17	FALSE	FALSE
Rpl24	chr16	FALSE	FALSE
Sel1l	chr12	FALSE	FALSE
Ackr2	chr9	FALSE	FALSE
Cpped1	chr16	FALSE	FALSE
Tbcc	chr17	FALSE	FALSE
Lztr1	chr16	FALSE	FALSE
Hspb3	chr13	FALSE	FALSE
Prxl2c	chr13	FALSE	FALSE
C87436	chr6	FALSE	FALSE
Naglu	chr11	FALSE	FALSE
4921509C19Rik	chr2	FALSE	TRUE
Pllp	chr8	FALSE	FALSE
Hacd1	chr2	FALSE	FALSE
Cavin1	chr11	FALSE	FALSE
Olfr55	chr17	FALSE	TRUE
Kctd11	chr11	FALSE	FALSE
Olig3	chr10	FALSE	FALSE
Rxfp3	chr15	FALSE	FALSE
Zfp445	chr9	FALSE	FALSE
Atp1a2	chr1	FALSE	FALSE
Lsm1	chr8	FALSE	FALSE
Irf6	chr1	FALSE	FALSE
Prpf38b	chr3	FALSE	FALSE
Serpina1a	chr12	FALSE	TRUE
Cfap58	chr19	FALSE	FALSE
Olfr1135	chr2	FALSE	TRUE
Cdyl	chr13	FALSE	FALSE
Mfsd13a	chr19	FALSE	FALSE
Ccdc130	chr8	FALSE	FALSE
Nrbp1	chr5	FALSE	FALSE
Pagr1b	chr7	FALSE	FALSE
Tlr5	chr1	FALSE	FALSE
Slc9a4	chr1	FALSE	TRUE
Parp1	chr1	FALSE	FALSE
Incenp	chr19	FALSE	FALSE
Olfr48	chr2	FALSE	TRUE
Ccdc66	chr14	FALSE	FALSE
Olfr992	chr2	FALSE	TRUE
Twsg1	chr17	FALSE	FALSE
Gprc5c	chr11	FALSE	FALSE
Srxn1	chr2	FALSE	FALSE
Tma16	chr8	FALSE	FALSE
Zfp128	chr7	FALSE	FALSE
Prl4a1	chr13	FALSE	TRUE
Gm20509	chr9	FALSE	FALSE
Ranbp3	chr17	FALSE	FALSE
Samhd1	chr2	FALSE	FALSE
Tpte	chr8	FALSE	TRUE
Dbndd1	chr8	FALSE	FALSE
Vsig1	chrX	FALSE	TRUE
Slc9b2	chr3	FALSE	FALSE
Vmn2r82	chr10	FALSE	TRUE
Psrc1	chr3	FALSE	FALSE
Scn7a	chr2	FALSE	FALSE
Rab39b	chrX	FALSE	FALSE
Nyap1	chr5	FALSE	FALSE
Pik3r4	chr9	FALSE	FALSE
Rnf215	chr11	FALSE	FALSE
Adam6a	chr12	FALSE	TRUE
Ppm1g	chr5	FALSE	FALSE
Nudt15	chr14	FALSE	FALSE
Mrgpra4	chr7	FALSE	TRUE
Jun	chr4	FALSE	FALSE
Clca3b	chr3	FALSE	TRUE
Atg101	chr15	FALSE	FALSE
Vmn2r41	chr7	FALSE	TRUE
Pgam1	chr19	FALSE	FALSE
Nsg1	chr5	FALSE	FALSE
Tmem161a	chr8	FALSE	FALSE
Gng5	chr3	FALSE	FALSE
Apaf1	chr10	FALSE	FALSE
Sdr16c6	chr4	FALSE	TRUE
Pnma3	chrX	FALSE	FALSE
Olfr781	chr10	FALSE	TRUE
Msrb2	chr2	FALSE	TRUE
Vrk2	chr11	FALSE	FALSE
Tmem207	chr16	FALSE	TRUE
Tas2r102	chr6	FALSE	TRUE
Efna3	chr3	FALSE	FALSE
Il22	chr10	FALSE	FALSE
Vmn2r2	chr3	FALSE	TRUE
Bhmt2	chr13	FALSE	FALSE
Ccno	chr13	FALSE	FALSE
Eef2k	chr7	FALSE	FALSE
Fuca2	chr10	FALSE	FALSE
Cdkn2a	chr4	FALSE	FALSE
Trip13	chr13	FALSE	TRUE
Gm7544	chr1	FALSE	TRUE
Grpel2	chr18	FALSE	FALSE
Ccdc97	chr7	FALSE	FALSE
Gm5934	chrX	FALSE	TRUE
Sap30bp	chr11	FALSE	FALSE
Pnkd	chr1	FALSE	FALSE
Prl7a1	chr13	FALSE	TRUE
Smg5	chr3	FALSE	FALSE
Bfar	chr16	FALSE	FALSE
I830077J02Rik	chr3	FALSE	TRUE
Dgka	chr10	FALSE	FALSE
Adgrg2	chrX	FALSE	FALSE
Chordc1	chr9	FALSE	FALSE
Gsta2	chr9	FALSE	TRUE
Gm5136	chr10	FALSE	TRUE
Tslp	chr18	FALSE	FALSE
Cfp	chrX	FALSE	TRUE
Ptbp3	chr4	FALSE	FALSE
Chic1	chrX	FALSE	FALSE
9530068E07Rik	chr11	FALSE	FALSE
Grm5	chr7	FALSE	FALSE
Ces2h	chr8	FALSE	TRUE
Olfr958	chr9	FALSE	FALSE
Olfr1230	chr2	FALSE	TRUE
Angel2	chr1	FALSE	FALSE
Mmp20	chr9	FALSE	TRUE
Gm45692	chr8	FALSE	FALSE
Zfp760	chr17	FALSE	FALSE
Tmem167	chr13	FALSE	FALSE
Gjb2	chr14	FALSE	FALSE
1700074P13Rik	chr6	FALSE	TRUE
Vmn1r24	chr6	FALSE	TRUE
Rs1	chrX	FALSE	TRUE
Ccdc137	chr11	FALSE	TRUE
Sall4	chr2	FALSE	FALSE
Rnf114	chr2	FALSE	FALSE
Tafa3	chr3	FALSE	FALSE
Ifnar1	chr16	FALSE	FALSE
Pdzph1	chr17	FALSE	FALSE
Ascl4	chr10	FALSE	FALSE
Tmbim1	chr1	FALSE	FALSE
Olfr281	chr15	FALSE	TRUE
Met	chr6	FALSE	FALSE
Gm37988	chr1	FALSE	FALSE
D130040H23Rik	chr8	FALSE	FALSE
Spag4	chr2	FALSE	FALSE
Olfr550	chr7	FALSE	TRUE
Satl1	chrX	FALSE	TRUE
Tssk3	chr4	FALSE	TRUE
Polb	chr8	FALSE	FALSE
Crtac1	chr19	FALSE	FALSE
Ces3a	chr8	FALSE	TRUE
Ubxn4	chr1	FALSE	FALSE
Polr2j	chr5	FALSE	FALSE
Ces2c	chr8	FALSE	TRUE
Bag2	chr1	FALSE	FALSE
Olfr836	chr9	FALSE	TRUE
Inca1	chr11	FALSE	FALSE
Spata31	chr13	FALSE	TRUE
Rpa3	chr6	FALSE	FALSE
Sdhaf1	chr7	FALSE	FALSE
Gpt2	chr8	FALSE	FALSE
Trpv5	chr6	FALSE	TRUE
Ciao2a	chr9	FALSE	TRUE
1700037C18Rik	chr16	FALSE	FALSE
Helq	chr5	FALSE	FALSE
Pycr1	chr11	FALSE	FALSE
Gm14525	chrX	FALSE	TRUE
Cnmd	chr14	FALSE	FALSE
Dhdds	chr4	FALSE	FALSE
Klk10	chr7	FALSE	FALSE
Olfr140	chr2	FALSE	TRUE
Bpifa2	chr2	FALSE	TRUE
Cpeb4	chr11	FALSE	FALSE
Tas2r126	chr6	FALSE	TRUE
Ccl22	chr8	FALSE	TRUE
Lage3	chrX	FALSE	FALSE
Pfdn2	chr1	FALSE	FALSE
Zranb2	chr3	FALSE	FALSE
Hk3	chr13	FALSE	FALSE
Lyve1	chr7	FALSE	TRUE
Scimp	chr11	FALSE	FALSE
Mcpt4	chr14	FALSE	TRUE
Taldo1	chr7	FALSE	FALSE
Dynlt1b	chr17	FALSE	FALSE
Usf2	chr7	FALSE	FALSE
Frmd3	chr4	FALSE	FALSE
Slc35a4	chr18	FALSE	FALSE
Atpaf1	chr4	FALSE	FALSE
Wtip	chr7	FALSE	FALSE
St6galnac1	chr11	FALSE	TRUE
Ncapd3	chr9	FALSE	FALSE
Plcxd2	chr16	FALSE	FALSE
Gpr141	chr13	FALSE	TRUE
Nutf2	chr8	FALSE	FALSE
Enpp1	chr10	FALSE	FALSE
Rab15	chr12	FALSE	FALSE
Sgk1	chr10	FALSE	FALSE
Pim3	chr15	FALSE	FALSE
Wdtc1	chr4	FALSE	FALSE
Vmn2r51	chr7	FALSE	TRUE
Sars2	chr7	FALSE	FALSE
Szrd1	chr4	FALSE	FALSE
Prpsap1	chr11	FALSE	FALSE
Rnaseh2c	chr19	FALSE	FALSE
Lyzl6	chr11	FALSE	TRUE
Gm3173	chr14	FALSE	FALSE
Snapc1	chr12	FALSE	FALSE
Dhx40	chr11	FALSE	FALSE
Dpysl4	chr7	FALSE	FALSE
Zfp11	chr5	FALSE	FALSE
Aadat	chr8	FALSE	FALSE
2310011J03Rik	chr10	FALSE	FALSE
Cyp1a2	chr9	FALSE	TRUE
Ddx27	chr2	FALSE	FALSE
Tafa4	chr6	FALSE	FALSE
Mex3c	chr18	FALSE	FALSE
Vmn2r16	chr5	FALSE	TRUE
Sox9	chr11	FALSE	FALSE
Nup107	chr10	FALSE	FALSE
Tmem183a	chr1	FALSE	FALSE
Dnmt3b	chr2	FALSE	FALSE
Olfr15	chr16	FALSE	TRUE
Tex55	chr16	FALSE	FALSE
Chsy1	chr7	FALSE	FALSE
Slc25a53	chrX	FALSE	FALSE
Larp7	chr3	FALSE	FALSE
Pi15	chr1	FALSE	TRUE
Slurp2	chr15	FALSE	FALSE
Adam9	chr8	FALSE	FALSE
Kmo	chr1	FALSE	FALSE
Nt5c1b	chr12	FALSE	FALSE
Slc25a39	chr11	FALSE	FALSE
Olfr884	chr9	FALSE	TRUE
Hsd11b1	chr1	FALSE	FALSE
A530032D15Rik	chr1	FALSE	TRUE
Tsn	chr1	FALSE	FALSE
Atf5	chr7	FALSE	TRUE
Scamp1	chr13	FALSE	FALSE
Bcl9l	chr9	FALSE	FALSE
Ldb3	chr14	FALSE	FALSE
Senp1	chr15	FALSE	FALSE
Taf6	chr5	FALSE	TRUE
Ndufa12	chr10	FALSE	FALSE
Sema4f	chr6	FALSE	FALSE
Fbxo43	chr15	FALSE	FALSE
Olfr1031	chr2	FALSE	TRUE
Olfr559	chr7	FALSE	TRUE
Pkdrej	chr15	FALSE	FALSE
Amer1	chrX	FALSE	FALSE
Kcnrg	chr14	FALSE	FALSE
Olfr1417	chr19	FALSE	TRUE
Olfr1126	chr2	FALSE	TRUE
Clec1b	chr6	FALSE	FALSE
Fam104a	chr11	FALSE	FALSE
Ajap1	chr4	FALSE	FALSE
Engase	chr11	FALSE	FALSE
Spata33	chr8	FALSE	FALSE
Gm8978	chr19	FALSE	TRUE
Cldn13	chr5	FALSE	TRUE
Olfr317	chr11	FALSE	TRUE
Cwh43	chr5	FALSE	FALSE
Tgm1	chr14	FALSE	FALSE
Ccl20	chr1	FALSE	TRUE
Olfr700	chr7	FALSE	TRUE
Olfr592	chr7	FALSE	TRUE
Klra8	chr6	FALSE	TRUE
C2	chr17	FALSE	FALSE
Sdhb	chr4	FALSE	FALSE
Prelid2	chr18	FALSE	FALSE
Tmem222	chr4	FALSE	FALSE
Cpsf4	chr5	FALSE	FALSE
Car2	chr3	FALSE	FALSE
Gdpd3	chr7	FALSE	FALSE
Cd63	chr10	FALSE	FALSE
Miga2	chr2	FALSE	FALSE
Tmem37	chr1	FALSE	FALSE
Col10a1	chr10	FALSE	TRUE
Lypd3	chr7	FALSE	FALSE
Gcm1	chr9	FALSE	TRUE
Lce3f	chr3	FALSE	TRUE
Gm17490	chr2	FALSE	TRUE
Zbtb8b	chr4	FALSE	TRUE
Gnpat	chr8	FALSE	FALSE
Rab11b	chr17	FALSE	FALSE
Casc1	chr6	FALSE	FALSE
Atp1b3	chr9	FALSE	FALSE
Gpr62	chr9	FALSE	FALSE
Hoxb9	chr11	FALSE	FALSE
Creb3l3	chr10	FALSE	TRUE
Huwe1	chrX	FALSE	FALSE
Oog1	chr12	FALSE	TRUE
Slc15a3	chr19	FALSE	FALSE
Ceacam5	chr7	FALSE	TRUE
Vmn2r93	chr17	FALSE	TRUE
Hmgxb4	chr8	FALSE	FALSE
Vmn2r17	chr5	FALSE	TRUE
Smbd1	chr16	FALSE	TRUE
Sult1c2	chr17	FALSE	TRUE
Ogt	chrX	FALSE	FALSE
Krt90	chr15	FALSE	FALSE
Atmin	chr8	FALSE	FALSE
Ly6g2	chr15	FALSE	TRUE
Kcne4	chr1	FALSE	FALSE
Pkd1l1	chr11	FALSE	FALSE
Cct6a	chr5	FALSE	FALSE
Eif1ad	chr19	FALSE	FALSE
Scgb1b29	chr7	FALSE	TRUE
Mrps34	chr17	FALSE	FALSE
Gas2l3	chr10	FALSE	FALSE
Det1	chr7	FALSE	FALSE
Clec12a	chr6	FALSE	TRUE
Twist2	chr1	FALSE	FALSE
Cybb	chrX	FALSE	FALSE
Krtap4-7	chr11	FALSE	TRUE
Olfr890	chr9	FALSE	TRUE
Mtch1	chr17	FALSE	FALSE
OR5BS1P	chr15	FALSE	TRUE
Ccl8	chr11	FALSE	TRUE
Grrp1	chr4	FALSE	FALSE
Adamts15	chr9	FALSE	FALSE
Ccdc102a	chr8	FALSE	FALSE
Cenpi	chrX	FALSE	FALSE
Il10rb	chr16	FALSE	FALSE
Mmab	chr5	FALSE	FALSE
AC166256.1	chr10	FALSE	FALSE
Scgb2b20	chr7	FALSE	TRUE
Tbccd1	chr16	FALSE	FALSE
Scgb2b3	chr7	FALSE	TRUE
Svs1	chr6	FALSE	TRUE
Proser1	chr3	FALSE	FALSE
Star	chr8	FALSE	FALSE
Gm5150	chr3	FALSE	TRUE
Acr	chr15	FALSE	TRUE
Olfr981	chr9	FALSE	TRUE
Serpina1d	chr12	FALSE	TRUE
Sptssa	chr12	FALSE	FALSE
Ppat	chr5	FALSE	FALSE
Gpr141b	chr13	FALSE	TRUE
Rtn4r	chr16	FALSE	FALSE
Sdhaf3	chr6	FALSE	FALSE
Slc4a1	chr11	FALSE	FALSE
Rgs1	chr1	FALSE	TRUE
Sft2d3	chr18	FALSE	FALSE
Tle6	chr10	FALSE	FALSE
Ccdc87	chr19	FALSE	FALSE
H2-T3	chr17	FALSE	FALSE
Slc9c1	chr16	FALSE	FALSE
Gm3383	chr14	FALSE	FALSE
Larp4	chr15	FALSE	FALSE
Gm20521	chr14	FALSE	FALSE
Olfr616	chr7	FALSE	TRUE
Wdr46	chr17	FALSE	FALSE
Rfesd	chr13	FALSE	FALSE
Gm30083	chr14	FALSE	FALSE
Fam110b	chr4	FALSE	FALSE
Maoa	chrX	FALSE	FALSE
Phgdh	chr3	FALSE	FALSE
Grem1	chr2	FALSE	FALSE
Yif1b	chr7	FALSE	FALSE
Aspn	chr13	FALSE	TRUE
Adat1	chr8	FALSE	FALSE
Gm4922	chr10	FALSE	TRUE
Nus1	chr10	FALSE	FALSE
Idua	chr5	FALSE	FALSE
Ttc16	chr2	FALSE	FALSE
Trib3	chr2	FALSE	FALSE
Gpr27	chr6	FALSE	FALSE
Lrrc41	chr4	FALSE	FALSE
Gm5460	chr14	FALSE	FALSE
Tkt	chr14	FALSE	FALSE
Tas2r140	chr6	FALSE	TRUE
Gm3164	chr14	FALSE	FALSE
Sidt2	chr9	FALSE	FALSE
Hpf1	chr8	FALSE	FALSE
Ppp1r3f	chrX	FALSE	FALSE
Fpr-rs4	chr17	FALSE	TRUE
Ccdc126	chr6	FALSE	FALSE
Cd300ld	chr11	FALSE	FALSE
Suv39h2	chr2	FALSE	FALSE
Olfr497	chr7	FALSE	TRUE
Hspa12b	chr2	FALSE	FALSE
Defb42	chr14	FALSE	FALSE
Dnaaf3	chr7	FALSE	FALSE
Elfn2	chr15	FALSE	FALSE
Ccdc28b	chr4	FALSE	FALSE
Skint7	chr4	FALSE	TRUE
Rfc5	chr5	FALSE	FALSE
Mrps15	chr4	FALSE	FALSE
Bean1	chr8	FALSE	FALSE
Atp6v0a2	chr5	FALSE	FALSE
Gar1	chr3	FALSE	FALSE
Ro60	chr1	FALSE	FALSE
Olfr153	chr2	FALSE	TRUE
Serpinb13	chr1	FALSE	TRUE
Vmn2r13	chr5	FALSE	TRUE
Entpd3	chr9	FALSE	FALSE
Fbn2	chr18	FALSE	FALSE
Mecr	chr4	FALSE	TRUE
Pgr15l	chrX	FALSE	FALSE
Nhlh2	chr3	FALSE	FALSE
Olfr815	chr10	FALSE	TRUE
Ctnnb1	chr9	FALSE	FALSE
Ankrd7	chr6	FALSE	TRUE
Zfp729b	chr13	FALSE	FALSE
Gpsm1	chr2	FALSE	FALSE
Ghdc	chr11	FALSE	FALSE
Traf3ip2	chr10	FALSE	FALSE
Pdik1l	chr4	FALSE	TRUE
Xrcc2	chr5	FALSE	FALSE
Tcn2	chr11	FALSE	FALSE
BC067074	chr13	FALSE	FALSE
Gm8126	chr14	FALSE	TRUE
Gm45213	chr7	FALSE	FALSE
Fbxw27	chr9	FALSE	TRUE
Hnrnpab	chr11	FALSE	FALSE
Btla	chr16	FALSE	FALSE
Ear6	chr14	FALSE	TRUE
Olfr1369-ps1	chr13	FALSE	TRUE
Ppp1r7	chr1	FALSE	FALSE
Inpp5j	chr11	FALSE	FALSE
Smn1	chr13	FALSE	FALSE
Fbll1	chr11	FALSE	FALSE
AU021092	chr16	FALSE	TRUE
Henmt1	chr3	FALSE	FALSE
Prlhr	chr19	FALSE	FALSE
Oasl1	chr5	FALSE	TRUE
Aga	chr8	FALSE	FALSE
Gm2244	chr14	FALSE	TRUE
Olfr120	chr17	FALSE	TRUE
Naa35	chr13	FALSE	FALSE
Kiss1r	chr10	FALSE	FALSE
Vmn2r80	chr10	FALSE	TRUE
Spaca9	chr2	FALSE	TRUE
Gng2	chr14	FALSE	FALSE
Mul1	chr4	FALSE	FALSE
Marchf1	chr8	FALSE	FALSE
Lancl1	chr1	FALSE	FALSE
Nlrp12	chr7	FALSE	FALSE
Echdc1	chr10	FALSE	FALSE
Gal3st4	chr5	FALSE	FALSE
Fam166c	chr5	FALSE	FALSE
Smad9	chr3	FALSE	FALSE
Plagl2	chr2	FALSE	FALSE
Vmn2r118	chr17	FALSE	TRUE
Elp5	chr11	FALSE	FALSE
Olfr33	chr7	FALSE	TRUE
Glyatl3	chr17	FALSE	FALSE
Vamp8	chr6	FALSE	FALSE
Pla2g4d	chr2	FALSE	FALSE
Trim16	chr11	FALSE	FALSE
Nif3l1	chr1	FALSE	FALSE
Armcx4	chrX	FALSE	FALSE
Spdef	chr17	FALSE	FALSE
Cul4a	chr8	FALSE	FALSE
Cdkn2d	chr9	FALSE	FALSE
Slc12a2	chr18	FALSE	FALSE
Pes1	chr11	FALSE	FALSE
Ccdc159	chr9	FALSE	FALSE
Rbm4	chr19	FALSE	FALSE
Ntsr2	chr12	FALSE	FALSE
Abcc9	chr6	FALSE	FALSE
Nrip2	chr6	FALSE	FALSE
C1galt1c1	chrX	FALSE	FALSE
Dbf4	chr5	FALSE	FALSE
Kif18b	chr11	FALSE	TRUE
Dcaf11	chr14	FALSE	FALSE
Srsf11	chr3	FALSE	FALSE
Gabrg3	chr7	FALSE	FALSE
Iffo1	chr6	FALSE	FALSE
Tcf15	chr2	FALSE	FALSE
Wdr1	chr5	FALSE	FALSE
Tnfsf4	chr1	FALSE	TRUE
Gm26965	chr13	FALSE	FALSE
Oscar	chr7	FALSE	TRUE
Tc2n	chr12	FALSE	FALSE
Hcar2	chr5	FALSE	TRUE
Uck1	chr2	FALSE	FALSE
Map3k10	chr7	FALSE	FALSE
Klhl24	chr16	FALSE	FALSE
Cyp51	chr5	FALSE	FALSE
E2f6	chr12	FALSE	FALSE
Nox3	chr17	FALSE	TRUE
Slc17a5	chr9	FALSE	FALSE
Slc7a4	chr16	FALSE	FALSE
Gm11111	chr5	FALSE	TRUE
Vmn2r18	chr5	FALSE	TRUE
Gpr137	chr19	FALSE	FALSE
Olfr1511	chr14	FALSE	TRUE
Gm49398	chr13	FALSE	TRUE
Gprc6a	chr10	FALSE	TRUE
Olfr847	chr9	FALSE	TRUE
Olfr1161	chr2	FALSE	TRUE
Nr2f6	chr8	FALSE	FALSE
Tnfsf13b	chr8	FALSE	FALSE
Ifitm1	chr7	FALSE	TRUE
Nupr1	chr7	FALSE	TRUE
Klri1	chr6	FALSE	TRUE
Lrrc63	chr14	FALSE	FALSE
Omd	chr13	FALSE	TRUE
Tnfrsf26	chr7	FALSE	TRUE
Ppp1r3c	chr19	FALSE	FALSE
Prrg4	chr2	FALSE	FALSE
Paqr3	chr5	FALSE	FALSE
Vmn1r87	chr7	FALSE	TRUE
Tmem106c	chr15	FALSE	FALSE
Psg22	chr7	FALSE	TRUE
Gpr143	chrX	FALSE	FALSE
Scg3	chr9	FALSE	FALSE
Tnfrsf1a	chr6	FALSE	FALSE
Apoa5	chr9	FALSE	FALSE
Des	chr1	FALSE	FALSE
Zswim3	chr2	FALSE	FALSE
Rflnb	chr11	FALSE	FALSE
Aaas	chr15	FALSE	FALSE
Zfp82	chr7	FALSE	FALSE
Myl12b	chr17	FALSE	FALSE
Tsga10	chr1	FALSE	FALSE
Ptpa	chr2	FALSE	FALSE
Dcaf10	chr4	FALSE	FALSE
Vmn1r69	chr7	FALSE	TRUE
Pdp1	chr4	FALSE	FALSE
Gc	chr5	FALSE	TRUE
Inhbb	chr1	FALSE	FALSE
Fads2	chr19	FALSE	FALSE
Wnt8a	chr18	FALSE	FALSE
Doc2a	chr7	FALSE	FALSE
Shld2	chr14	FALSE	FALSE
Tma7	chr9	FALSE	FALSE
Mgst3	chr1	FALSE	FALSE
Gnat3	chr5	FALSE	TRUE
Hsp90ab1	chr17	FALSE	FALSE
Gm9736	chr10	FALSE	TRUE
Zfp454	chr11	FALSE	FALSE
Atp6v1b1	chr6	FALSE	FALSE
Nrk	chrX	FALSE	FALSE
Bloc1s5	chr13	FALSE	FALSE
Inafm2	chr2	FALSE	FALSE
Lrrc9	chr12	FALSE	FALSE
F11	chr8	FALSE	TRUE
Rdh7	chr10	FALSE	TRUE
Rpl26	chr11	FALSE	FALSE
Olfr804	chr10	FALSE	TRUE
Cyp46a1	chr12	FALSE	FALSE
Gps2	chr11	FALSE	FALSE
Map9	chr3	FALSE	FALSE
Ythdf2	chr4	FALSE	FALSE
Klrc3	chr6	FALSE	TRUE
Lgi4	chr7	FALSE	FALSE
Septin14	chr5	FALSE	TRUE
Vmn1r50	chr6	FALSE	TRUE
Cpne4	chr9	FALSE	FALSE
Pagr1a	chr7	FALSE	FALSE
Fam76a	chr4	FALSE	FALSE
Gdi2	chr13	FALSE	FALSE
Cts6	chr13	FALSE	TRUE
4930513O06Rik	chrX	FALSE	TRUE
Rhox3e	chrX	FALSE	TRUE
Selenoi	chr5	FALSE	FALSE
Strip1	chr3	FALSE	FALSE
Zfp872	chr9	FALSE	TRUE
Rundc1	chr11	FALSE	FALSE
Ttc24	chr3	FALSE	FALSE
Tlr11	chr14	FALSE	TRUE
Bccip	chr7	FALSE	FALSE
Zfp949	chr9	FALSE	FALSE
Smok3c	chr5	FALSE	TRUE
Ccdc25	chr14	FALSE	FALSE
Sema3d	chr5	FALSE	FALSE
Cypt1	chrX	FALSE	TRUE
Olfr477	chr7	FALSE	TRUE
1110038F14Rik	chr15	FALSE	FALSE
Styk1	chr6	FALSE	FALSE
Rin1	chr19	FALSE	FALSE
Wap	chr11	FALSE	TRUE
Sh3glb2	chr2	FALSE	FALSE
Olfr835	chr9	FALSE	TRUE
Cyp8b1	chr9	FALSE	TRUE
Olfr609	chr7	FALSE	TRUE
Reg3d	chr6	FALSE	TRUE
Mas1	chr17	FALSE	FALSE
Zfp518a	chr19	FALSE	FALSE
Aqp2	chr15	FALSE	FALSE
Ift172	chr5	FALSE	FALSE
Olfr576	chr7	FALSE	TRUE
Ccne2	chr4	FALSE	FALSE
Rb1cc1	chr1	FALSE	FALSE
Abcb1a	chr5	FALSE	FALSE
Imp4	chr1	FALSE	FALSE
Zfp708	chr13	FALSE	FALSE
Fetub	chr16	FALSE	TRUE
Large2	chr2	FALSE	FALSE
Slc26a11	chr11	FALSE	FALSE
Sp1	chr15	FALSE	FALSE
Tspo	chr15	FALSE	FALSE
Olfr314	chr11	FALSE	TRUE
Bpifb4	chr2	FALSE	FALSE
Baz2a	chr10	FALSE	FALSE
Orai3	chr7	FALSE	FALSE
Asic3	chr5	FALSE	FALSE
Rhobtb2	chr14	FALSE	FALSE
Vwa5a	chr9	FALSE	FALSE
Zc4h2	chrX	FALSE	FALSE
Cyp2t4	chr7	FALSE	FALSE
Vmn1r70	chr7	FALSE	TRUE
Zbtb49	chr5	FALSE	FALSE
Mtpn	chr6	FALSE	FALSE
F7	chr8	FALSE	FALSE
Il18	chr9	FALSE	TRUE
Trpc6	chr9	FALSE	FALSE
Krt26	chr11	FALSE	TRUE
Mrpl12	chr11	FALSE	FALSE
Apbb1ip	chr2	FALSE	FALSE
Mylk4	chr13	FALSE	TRUE
Rasd2	chr8	FALSE	FALSE
Pcbp4	chr9	FALSE	FALSE
Gm15127	chrX	FALSE	TRUE
Gm21976	chr13	FALSE	FALSE
Cct5	chr15	FALSE	FALSE
Ciapin1	chr8	FALSE	FALSE
Zxdb	chrX	FALSE	FALSE
Pomc	chr12	FALSE	FALSE
Fbxo8	chr8	FALSE	FALSE
Mfsd6l	chr11	FALSE	FALSE
Snx31	chr15	FALSE	FALSE
Vmn2r79	chr7	FALSE	TRUE
Dnajb1	chr8	FALSE	FALSE
4930503L19Rik	chr18	FALSE	FALSE
Olfr1411	chr1	FALSE	FALSE
Cfap73	chr5	FALSE	TRUE
Rgs19	chr2	FALSE	FALSE
2610301B20Rik	chr4	FALSE	FALSE
Cyp2c50	chr19	FALSE	TRUE
Tinag	chr9	FALSE	TRUE
Tsks	chr7	FALSE	FALSE
Uck2	chr1	FALSE	FALSE
Tbx18	chr9	FALSE	FALSE
Mpst	chr15	FALSE	FALSE
Cox6b1	chr7	FALSE	FALSE
Nr2c2ap	chr8	FALSE	FALSE
Arl8a	chr1	FALSE	FALSE
Gm27029	chr11	FALSE	FALSE
Sirt5	chr13	FALSE	FALSE
Sult2a8	chr7	FALSE	TRUE
Chga	chr12	FALSE	FALSE
Dync1i2	chr2	FALSE	FALSE
Pcdh1	chr18	FALSE	FALSE
Gm45808	chr7	FALSE	FALSE
Ppp1r27	chr11	FALSE	FALSE
Olfr1427	chr19	FALSE	TRUE
Wnt5b	chr6	FALSE	FALSE
Gna12	chr5	FALSE	FALSE
Drd1	chr13	FALSE	FALSE
Abca14	chr7	FALSE	TRUE
Gm49393	chr13	FALSE	FALSE
Zscan4e	chr7	FALSE	TRUE
Osr2	chr15	FALSE	FALSE
6720489N17Rik	chr13	FALSE	TRUE
Prr11	chr11	FALSE	TRUE
Cyp2e1	chr7	FALSE	TRUE
Dnd1	chr18	FALSE	FALSE
Ccdc12	chr9	FALSE	FALSE
Entpd6	chr2	FALSE	FALSE
Kdm4a	chr4	FALSE	FALSE
T	chr17	FALSE	FALSE
Endou	chr15	FALSE	FALSE
Fbxw25	chr9	FALSE	TRUE
Olfr706	chr7	FALSE	TRUE
Irak4	chr15	FALSE	FALSE
Rab35	chr5	FALSE	FALSE
Tcaf3	chr6	FALSE	TRUE
Fbxo28	chr1	FALSE	FALSE
Cdc25c	chr18	FALSE	FALSE
Klhdc8a	chr1	FALSE	FALSE
Abca2	chr2	FALSE	FALSE
Cog1	chr11	FALSE	FALSE
Esrrg	chr1	FALSE	FALSE
Tubb6	chr18	FALSE	FALSE
Wdr44	chrX	FALSE	FALSE
Zfp300	chrX	FALSE	FALSE
Taar7e	chr10	FALSE	TRUE
AL731706.1	chr2	FALSE	FALSE
Fam204a	chr19	FALSE	FALSE
Rcc1l	chr5	FALSE	FALSE
Col3a1	chr1	FALSE	TRUE
Acp4	chr7	FALSE	TRUE
Gm50387	chr19	FALSE	FALSE
Hspa5	chr2	FALSE	FALSE
Gpat4	chr8	FALSE	FALSE
Rnf139	chr15	FALSE	FALSE
Ptprr	chr10	FALSE	FALSE
Cspg4	chr9	FALSE	FALSE
Mup9	chr4	FALSE	TRUE
Fam45a	chr19	FALSE	FALSE
Olfr596	chr7	FALSE	TRUE
Tas2r135	chr6	FALSE	TRUE
Cep44	chr8	FALSE	FALSE
Top2a	chr11	FALSE	TRUE
Zik1	chr7	FALSE	FALSE
Il27	chr7	FALSE	FALSE
Atp2c1	chr9	FALSE	FALSE
Gm36864	chr7	FALSE	TRUE
Polr2b	chr5	FALSE	FALSE
Ngb	chr12	FALSE	FALSE
Cd209f	chr8	FALSE	TRUE
Luc7l2	chr6	FALSE	FALSE
Cxcl16	chr11	FALSE	FALSE
Akr1c18	chr13	FALSE	TRUE
Klk1b16	chr7	FALSE	TRUE
Gm42715	chr7	FALSE	FALSE
5530400C23Rik	chr6	FALSE	TRUE
Adgrg5	chr8	FALSE	TRUE
Caprin1	chr2	FALSE	FALSE
Tex101	chr7	FALSE	TRUE
Slc6a4	chr11	FALSE	FALSE
Zmat3	chr3	FALSE	FALSE
Gm13089	chr4	FALSE	TRUE
Kifc1	chr17	FALSE	TRUE
Slc25a27	chr17	FALSE	FALSE
Fzd8	chr18	FALSE	FALSE
Cep85	chr4	FALSE	TRUE
Hadhb	chr5	FALSE	FALSE
Olfr143	chr9	FALSE	TRUE
Kif15	chr9	FALSE	FALSE
Olfr1389	chr11	FALSE	TRUE
Ndufb10	chr17	FALSE	FALSE
Rxrg	chr1	FALSE	FALSE
Pate8	chr9	FALSE	TRUE
Rab5a	chr17	FALSE	FALSE
Usp53	chr3	FALSE	FALSE
Olfr1428	chr19	FALSE	TRUE
Rras	chr7	FALSE	TRUE
Ugp2	chr11	FALSE	FALSE
Ggt6	chr11	FALSE	FALSE
Lrrc18	chr14	FALSE	TRUE
Zfp106	chr2	FALSE	FALSE
Mcrip1	chr11	FALSE	FALSE
Lacc1	chr14	FALSE	FALSE
Gm12569	chr11	FALSE	TRUE
Krtap9-5	chr11	FALSE	TRUE
Siah1b	chrX	FALSE	TRUE
Entpd1	chr19	FALSE	FALSE
Slc35e4	chr11	FALSE	FALSE
Apob	chr12	FALSE	FALSE
Tas2r136	chr6	FALSE	TRUE
Apon	chr10	FALSE	TRUE
4930512M02Rik	chr11	FALSE	TRUE
Serpina3m	chr12	FALSE	FALSE
Trim50	chr5	FALSE	TRUE
H2-M11	chr17	FALSE	TRUE
Ccl5	chr11	FALSE	TRUE
Fam160b1	chr19	FALSE	FALSE
Ppp1r2	chr16	FALSE	FALSE
Maml2	chr9	FALSE	FALSE
Ppm1n	chr7	FALSE	FALSE
Rsph4a	chr10	FALSE	FALSE
Lcn11	chr2	FALSE	TRUE
Zpld2	chr4	FALSE	TRUE
Ppp1r32	chr19	FALSE	TRUE
Olfr732	chr14	FALSE	TRUE
Ak6	chr13	FALSE	FALSE
Ckap2l	chr2	FALSE	FALSE
U2surp	chr9	FALSE	FALSE
Hsd17b14	chr7	FALSE	TRUE
Trnau1ap	chr4	FALSE	FALSE
Fhod3	chr18	FALSE	FALSE
Oxnad1	chr14	FALSE	FALSE
Lypd11	chr7	FALSE	TRUE
1700001F09Rik	chr14	FALSE	TRUE
Tmem47	chrX	FALSE	FALSE
Ptdss2	chr7	FALSE	FALSE
Ambp	chr4	FALSE	FALSE
Dcaf15	chr8	FALSE	FALSE
Flvcr2	chr12	FALSE	FALSE
Olfr342	chr2	FALSE	TRUE
Cyp4a29	chr4	FALSE	TRUE
Zfp62	chr11	FALSE	FALSE
Tmprss11c	chr5	FALSE	TRUE
Gng8	chr7	FALSE	FALSE
Agpat1	chr17	FALSE	FALSE
Prss30	chr17	FALSE	TRUE
Olfr672	chr7	FALSE	TRUE
Zbtb3	chr19	FALSE	FALSE
Krtap4-6	chr11	FALSE	TRUE
Pcnx4	chr12	FALSE	FALSE
Ddx55	chr5	FALSE	FALSE
Zadh2	chr18	FALSE	FALSE
Fat1	chr8	FALSE	FALSE
Ube2d1	chr10	FALSE	FALSE
Pot1b	chr17	FALSE	TRUE
Tmem126b	chr7	FALSE	FALSE
Hyal6	chr6	FALSE	TRUE
Cpne7	chr8	FALSE	FALSE
Zscan22	chr7	FALSE	FALSE
Gm43517	chr12	FALSE	FALSE
Dock1	chr7	FALSE	FALSE
Crybb2	chr5	FALSE	FALSE
Nxpe5	chr5	FALSE	TRUE
Ficd	chr5	FALSE	FALSE
Gcsam	chr16	FALSE	TRUE
2810004N23Rik	chr8	FALSE	FALSE
Speer3	chr5	FALSE	TRUE
Cyp4f16	chr17	FALSE	FALSE
Ptdss1	chr13	FALSE	FALSE
Vmn1r39	chr6	FALSE	TRUE
Tram1l1	chr3	FALSE	FALSE
Lmbrd2	chr15	FALSE	FALSE
Lzts2	chr19	FALSE	FALSE
Irf9	chr14	FALSE	FALSE
Zranb3	chr1	FALSE	FALSE
Pstpip2	chr18	FALSE	FALSE
1700016K19Rik	chr11	FALSE	TRUE
Eif4ebp1	chr8	FALSE	FALSE
Adprhl2	chr4	FALSE	FALSE
Apold1	chr6	FALSE	FALSE
Gm20715	chr7	FALSE	FALSE
Alox8	chr11	FALSE	FALSE
Vmn1r18	chr6	FALSE	TRUE
Klhl35	chr7	FALSE	FALSE
P2rx5	chr11	FALSE	FALSE
Hnrnpul1	chr7	FALSE	FALSE
Gm49358	chr10	FALSE	FALSE
Fnd3c2	chrX	FALSE	TRUE
Elmsan1	chr12	FALSE	FALSE
Ecm2	chr13	FALSE	TRUE
Rangap1	chr15	FALSE	FALSE
Meaf6	chr4	FALSE	FALSE
Fbxl19	chr7	FALSE	FALSE
Glra3	chr8	FALSE	FALSE
Prss40	chr1	FALSE	FALSE
Fam131c	chr4	FALSE	FALSE
Gm9747	chr1	FALSE	TRUE
Arhgap19	chr19	FALSE	FALSE
Gm13199	chr2	FALSE	TRUE
Add3	chr19	FALSE	FALSE
Serpinf1	chr11	FALSE	TRUE
Frrs1	chr3	FALSE	FALSE
Bpifc	chr10	FALSE	TRUE
Prr29	chr11	FALSE	TRUE
Wfdc1	chr8	FALSE	FALSE
Pianp	chr6	FALSE	FALSE
Birc7	chr2	FALSE	TRUE
Cmtr2	chr8	FALSE	FALSE
Armcx6	chrX	FALSE	FALSE
Rabggtb	chr3	FALSE	FALSE
Reg4	chr3	FALSE	TRUE
Nudcd2	chr11	FALSE	FALSE
Xlr4a	chrX	FALSE	TRUE
Frmd7	chrX	FALSE	TRUE
Olfr1329	chr4	FALSE	TRUE
Prss52	chr14	FALSE	FALSE
Icam1	chr9	FALSE	FALSE
AI987944	chr7	FALSE	FALSE
Ocrl	chrX	FALSE	FALSE
Kif3c	chr12	FALSE	FALSE
Dok2	chr14	FALSE	FALSE
Adnp2	chr18	FALSE	FALSE
Nampt	chr12	FALSE	FALSE
Olfr901	chr9	FALSE	TRUE
Gm10778	chr10	FALSE	FALSE
Gmip	chr8	FALSE	FALSE
Krt88	chr15	FALSE	TRUE
Gm10974	chr7	FALSE	TRUE
Rfx5	chr3	FALSE	FALSE
Olfr1461	chr19	FALSE	TRUE
Cfap36	chr11	FALSE	FALSE
Apoc3	chr9	FALSE	FALSE
Zpld1	chr16	FALSE	TRUE
Ccdc114	chr7	FALSE	TRUE
Krt1	chr15	FALSE	FALSE
Krt87	chr15	FALSE	FALSE
Mael	chr1	FALSE	TRUE
Lrrc74a	chr12	FALSE	TRUE
Tril	chr6	FALSE	FALSE
Pdcl2	chr5	FALSE	TRUE
Oas1c	chr5	FALSE	FALSE
Tmem40	chr6	FALSE	TRUE
Egr1	chr18	FALSE	FALSE
Pou3f4	chrX	FALSE	FALSE
AI597479	chr1	FALSE	FALSE
Lcn6	chr2	FALSE	TRUE
Olfr299	chr7	FALSE	TRUE
Olfr1564	chr17	FALSE	TRUE
Gpr161	chr1	FALSE	FALSE
Vmn1r237	chr17	FALSE	TRUE
Agbl3	chr6	FALSE	FALSE
Col1a2	chr6	FALSE	FALSE
P2rx7	chr5	FALSE	FALSE
Azgp1	chr5	FALSE	TRUE
Mup20	chr4	FALSE	TRUE
Adprhl1	chr8	FALSE	FALSE
Ssb	chr2	FALSE	FALSE
Gtf2e2	chr8	FALSE	FALSE
Klhl42	chr6	FALSE	FALSE
Ppp2r3d	chr9	FALSE	FALSE
Wdr49	chr3	FALSE	FALSE
AY074887	chr9	FALSE	TRUE
Tnfrsf10b	chr14	FALSE	TRUE
Olfr869	chr9	FALSE	TRUE
Actrt2	chr4	FALSE	FALSE
Serpinb3a	chr1	FALSE	TRUE
Sec22c	chr9	FALSE	FALSE
1700017B05Rik	chr9	FALSE	FALSE
Siglecg	chr7	FALSE	TRUE
Tnp2	chr16	FALSE	TRUE
Olfr1484	chr19	FALSE	TRUE
Lipg	chr18	FALSE	FALSE
Srpx2	chrX	FALSE	FALSE
Olfr1254	chr2	FALSE	TRUE
Nkiras1	chr14	FALSE	FALSE
Gjb1	chrX	FALSE	FALSE
Akr1c19	chr13	FALSE	TRUE
Immt	chr6	FALSE	FALSE
Muc13	chr16	FALSE	TRUE
Dppa5a	chr9	FALSE	TRUE
Map3k14	chr11	FALSE	FALSE
Natd1	chr11	FALSE	FALSE
Psmg1	chr16	FALSE	FALSE
Diablo	chr5	FALSE	FALSE
Cers5	chr15	FALSE	FALSE
Gask1a	chr9	FALSE	FALSE
C77080	chr4	FALSE	FALSE
Idh3b	chr2	FALSE	FALSE
Fam71e2	chr7	FALSE	FALSE
Samd13	chr3	FALSE	FALSE
Bard1	chr1	FALSE	FALSE
Slc19a2	chr1	FALSE	FALSE
Crabp2	chr3	FALSE	FALSE
Clcn2	chr16	FALSE	FALSE
Hoxc5	chr15	FALSE	FALSE
Setd6	chr8	FALSE	FALSE
BC005624	chr2	FALSE	FALSE
Ssxb3	chrX	FALSE	TRUE
Lipt2	chr7	FALSE	FALSE
Gm12166	chr11	FALSE	TRUE
Mapk12	chr15	FALSE	FALSE
Tfap2e	chr4	FALSE	FALSE
Flacc1	chr1	FALSE	FALSE
Prss58	chr6	FALSE	TRUE
Ankrd54	chr15	FALSE	FALSE
Krtap6-3	chr16	FALSE	TRUE
Mrpl55	chr11	FALSE	FALSE
Fam174a	chr1	FALSE	FALSE
Rspo4	chr2	FALSE	FALSE
Cox8c	chr12	FALSE	TRUE
Ddit3	chr10	FALSE	FALSE
C330007P06Rik	chrX	FALSE	FALSE
Tcta	chr9	FALSE	FALSE
Adad2	chr8	FALSE	FALSE
Cox17	chr16	FALSE	FALSE
Lias	chr5	FALSE	FALSE
Olfr827	chr10	FALSE	TRUE
Zfp39	chr11	FALSE	FALSE
Cyp2c54	chr19	FALSE	TRUE
Olfr1158	chr2	FALSE	TRUE
Odf3b	chr15	FALSE	FALSE
Esp1	chr17	FALSE	TRUE
Stt3a	chr9	FALSE	FALSE
Trim11	chr11	FALSE	FALSE
Olfr986	chr9	FALSE	TRUE
Bdh2	chr3	FALSE	TRUE
Mxd3	chr13	FALSE	FALSE
Mageb4	chrX	FALSE	FALSE
Gm4297	chrX	FALSE	TRUE
Gss	chr2	FALSE	FALSE
Olfr834	chr9	FALSE	TRUE
Tnfsf15	chr4	FALSE	FALSE
Qrfp	chr2	FALSE	FALSE
Mocos	chr18	FALSE	FALSE
Dusp19	chr2	FALSE	FALSE
Mst1	chr9	FALSE	FALSE
Vnn3	chr10	FALSE	TRUE
Pcnx3	chr19	FALSE	TRUE
Lrsam1	chr2	FALSE	FALSE
Slc52a2	chr15	FALSE	FALSE
Adh6a	chr3	FALSE	TRUE
Ipo9	chr1	FALSE	FALSE
Rnasel	chr1	FALSE	FALSE
Olfr310	chr7	FALSE	TRUE
Gzmk	chr13	FALSE	FALSE
Olfr213	chr6	FALSE	TRUE
Crp	chr1	FALSE	TRUE
9130023H24Rik	chr7	FALSE	FALSE
Zfp810	chr9	FALSE	FALSE
Itfg2	chr6	FALSE	FALSE
Zfp157	chr5	FALSE	FALSE
Gm49391	chr13	FALSE	TRUE
Olfr574	chr7	FALSE	TRUE
Gm50461	chr17	FALSE	FALSE
Pomgnt2	chr9	FALSE	FALSE
Olfr1065	chr2	FALSE	TRUE
Gm7714	chr5	FALSE	TRUE
Cdh18	chr15	FALSE	FALSE
Galnt6	chr15	FALSE	FALSE
Fam229b	chr10	FALSE	FALSE
Lipo2	chr19	FALSE	TRUE
Gm17571	chr9	FALSE	TRUE
Rhobtb1	chr10	FALSE	FALSE
Ankrd13d	chr19	FALSE	FALSE
Ctbs	chr3	FALSE	FALSE
Trpt1	chr19	FALSE	FALSE
Defa27	chr8	FALSE	TRUE
Cnot11	chr1	FALSE	FALSE
Anxa3	chr5	FALSE	FALSE
Acot11	chr4	FALSE	FALSE
Scgb2b7	chr7	FALSE	TRUE
Phkg2	chr7	FALSE	FALSE
Nol6	chr4	FALSE	FALSE
Aimp2	chr5	FALSE	FALSE
Mobp	chr9	FALSE	FALSE
Nfkbiz	chr16	FALSE	FALSE
Man1b1	chr2	FALSE	FALSE
Kcna1	chr6	FALSE	FALSE
Olfr1392	chr11	FALSE	TRUE
Rbbp6	chr7	FALSE	FALSE
Mief1	chr15	FALSE	FALSE
Dennd2d	chr3	FALSE	FALSE
Zswim1	chr2	FALSE	FALSE
Kdm8	chr7	FALSE	FALSE
Smr2	chr5	FALSE	TRUE
Cmtm2a	chr8	FALSE	TRUE
Slc25a35	chr11	FALSE	FALSE
Tnfrsf17	chr16	FALSE	TRUE
Isl2	chr9	FALSE	FALSE
Nvl	chr1	FALSE	FALSE
Gm10964	chr3	FALSE	TRUE
Arhgef25	chr10	FALSE	FALSE
Fth1	chr19	FALSE	FALSE
Fsd1l	chr4	FALSE	FALSE
Olfr1359	chr13	FALSE	TRUE
H2-M2	chr17	FALSE	TRUE
Pdilt	chr7	FALSE	FALSE
Mblac2	chr13	FALSE	FALSE
Gm10188	chr1	FALSE	TRUE
Olfr514	chr7	FALSE	TRUE
Cdx2	chr5	FALSE	FALSE
Bclaf1	chr10	FALSE	FALSE
Ppp1r1c	chr2	FALSE	FALSE
Ift52	chr2	FALSE	TRUE
Srsf3	chr17	FALSE	FALSE
Ezh2	chr6	FALSE	FALSE
Gm14137	chr2	FALSE	FALSE
Olfr713	chr7	FALSE	TRUE
Myh8	chr11	FALSE	TRUE
Trmt10a	chr3	FALSE	FALSE
Pet117	chr2	FALSE	FALSE
Tradd	chr8	FALSE	FALSE
Pitx3	chr19	FALSE	FALSE
C2cd4c	chr10	FALSE	FALSE
Nt5dc1	chr10	FALSE	FALSE
LTO1	chr7	FALSE	FALSE
Olfr1346	chr7	FALSE	TRUE
Fat4	chr3	FALSE	FALSE
Zfp759	chr13	FALSE	FALSE
Agfg2	chr5	FALSE	FALSE
Olfr1383	chr11	FALSE	TRUE
Ripor3	chr2	FALSE	FALSE
Gm8882	chr6	FALSE	TRUE
Tmem258	chr19	FALSE	FALSE
Hspa8	chr9	FALSE	FALSE
Dll4	chr2	FALSE	FALSE
Idh3a	chr9	FALSE	FALSE
E330014E10Rik	chr5	FALSE	TRUE
9130008F23Rik	chr17	FALSE	FALSE
1700020D05Rik	chr19	FALSE	FALSE
Brap	chr5	FALSE	FALSE
Ero1l	chr14	FALSE	FALSE
Sp9	chr2	FALSE	FALSE
Gm7168	chr17	FALSE	TRUE
Tor4a	chr2	FALSE	FALSE
Olfr149	chr9	FALSE	TRUE
Kcnc1	chr7	FALSE	FALSE
Fgd2	chr17	FALSE	FALSE
Pcsk4	chr10	FALSE	FALSE
2410141K09Rik	chr13	FALSE	TRUE
Upb1	chr10	FALSE	FALSE
Rps10	chr17	FALSE	FALSE
Igsf9	chr1	FALSE	FALSE
Esm1	chr13	FALSE	FALSE
Zcchc8	chr5	FALSE	FALSE
Abhd11	chr5	FALSE	FALSE
Fgf23	chr6	FALSE	FALSE
Isoc2a	chr7	FALSE	FALSE
Gm15294	chrX	FALSE	TRUE
Olfr186	chr16	FALSE	TRUE
Prol1	chr5	FALSE	TRUE
Ppp1r26	chr2	FALSE	FALSE
Lamc3	chr2	FALSE	FALSE
Lax1	chr1	FALSE	TRUE
Olfr646	chr7	FALSE	TRUE
Nudt1	chr5	FALSE	FALSE
Capza2	chr6	FALSE	FALSE
2310034C09Rik	chr16	FALSE	FALSE
P2rx2	chr5	FALSE	FALSE
Zfp790	chr7	FALSE	FALSE
Slc35e1	chr8	FALSE	FALSE
Spsb2	chr6	FALSE	FALSE
Olfr1493-ps1	chr19	FALSE	TRUE
Uhmk1	chr1	FALSE	FALSE
Phf11c	chr14	FALSE	TRUE
1190007I07Rik	chr10	FALSE	FALSE
Abhd12b	chr12	FALSE	TRUE
Rrad	chr8	FALSE	FALSE
Mfsd12	chr10	FALSE	FALSE
Klf1	chr8	FALSE	FALSE
Bloc1s4	chr5	FALSE	FALSE
Tgfb3	chr12	FALSE	FALSE
Dynll2	chr11	FALSE	FALSE
Mettl16	chr11	FALSE	FALSE
Nolc1	chr19	FALSE	TRUE
S100g	chrX	FALSE	TRUE
Rsph3a	chr17	FALSE	FALSE
Tlr4	chr4	FALSE	FALSE
C5ar2	chr7	FALSE	FALSE
Nr2e3	chr9	FALSE	FALSE
Zfp386	chr12	FALSE	FALSE
Rtn4ip1	chr10	FALSE	FALSE
Kpnb1	chr11	FALSE	FALSE
Rgmb	chr17	FALSE	FALSE
Zfp773	chr7	FALSE	FALSE
Rest	chr5	FALSE	FALSE
Gabrq	chrX	FALSE	FALSE
Tmtc3	chr10	FALSE	FALSE
Fam50a	chrX	FALSE	FALSE
Adipoq	chr16	FALSE	TRUE
Lim2	chr7	FALSE	TRUE
Thop1	chr10	FALSE	FALSE
Olfr110	chr17	FALSE	TRUE
Hrnr	chr3	FALSE	TRUE
Dnajc16	chr4	FALSE	FALSE
Etfbl	chr7	FALSE	FALSE
Sox2	chr3	FALSE	FALSE
Egln3	chr12	FALSE	FALSE
BC005537	chr13	FALSE	FALSE
Mrpl4	chr9	FALSE	FALSE
Tlnrd1	chr7	FALSE	FALSE
Dsc1	chr18	FALSE	TRUE
Usp28	chr9	FALSE	FALSE
Gm1110	chr9	FALSE	TRUE
Pcmt1	chr10	FALSE	FALSE
Thrb	chr14	FALSE	FALSE
Zfp958	chr8	FALSE	FALSE
Igsf8	chr1	FALSE	FALSE
Pabpc4l	chr3	FALSE	FALSE
1110004F10Rik	chr7	FALSE	FALSE
Crybb3	chr5	FALSE	FALSE
Septin1	chr7	FALSE	FALSE
Tacr2	chr10	FALSE	FALSE
Scn4a	chr11	FALSE	FALSE
Atp6v1b2	chr8	FALSE	FALSE
Wdr75	chr1	FALSE	FALSE
Hnrnpll	chr17	FALSE	FALSE
Epn1	chr7	FALSE	FALSE
Nphp3	chr9	FALSE	FALSE
Ascl1	chr10	FALSE	FALSE
Efcab3	chr11	FALSE	TRUE
Lgmn	chr12	FALSE	FALSE
Higd2a	chr13	FALSE	FALSE
Atpsckmt	chr15	FALSE	FALSE
2310002L09Rik	chr4	FALSE	TRUE
Ubald1	chr16	FALSE	FALSE
Apol6	chr15	FALSE	FALSE
Olfr765	chr10	FALSE	TRUE
2310057M21Rik	chr7	FALSE	FALSE
Snrpd1	chr18	FALSE	FALSE
Dhx38	chr8	FALSE	FALSE
Ung	chr5	FALSE	FALSE
Srpk3	chrX	FALSE	FALSE
Egfl7	chr2	FALSE	FALSE
Col2a1	chr15	FALSE	FALSE
Dmgdh	chr13	FALSE	FALSE
Zfp473	chr7	FALSE	FALSE
Vat1	chr11	FALSE	FALSE
Trim23	chr13	FALSE	FALSE
Ostc	chr3	FALSE	FALSE
Vmn1r77	chr7	FALSE	TRUE
Klhl11	chr11	FALSE	FALSE
Zglp1	chr9	FALSE	TRUE
Krtap28-13	chr1	FALSE	TRUE
Psen2	chr1	FALSE	FALSE
Olfr315	chr11	FALSE	TRUE
Gm14597	chrX	FALSE	FALSE
Klk1b8	chr7	FALSE	TRUE
Gm21988	chr11	FALSE	FALSE
Sval1	chr6	FALSE	TRUE
Cenpe	chr3	FALSE	FALSE
Slc7a6os	chr8	FALSE	FALSE
1700022I11Rik	chr4	FALSE	TRUE
Olfr1512	chr14	FALSE	TRUE
Smim38	chr7	FALSE	FALSE
Gtf3c4	chr2	FALSE	FALSE
Zfyve16	chr13	FALSE	FALSE
Olfr1183	chr2	FALSE	TRUE
H3c6	chr13	FALSE	FALSE
AI837181	chr19	FALSE	FALSE
Snx16	chr3	FALSE	FALSE
Kifc2	chr15	FALSE	FALSE
Mest	chr6	FALSE	FALSE
Olfr739	chr14	FALSE	TRUE
Duox1	chr2	FALSE	FALSE
Chrnb1	chr11	FALSE	FALSE
Tmem176b	chr6	FALSE	FALSE
Plin3	chr17	FALSE	FALSE
Syce1	chr7	FALSE	TRUE
Slc25a13	chr6	FALSE	FALSE
Prl3d3	chr13	FALSE	TRUE
9030025P20Rik	chr17	FALSE	FALSE
Usp17lb	chr7	FALSE	TRUE
Wrap53	chr11	FALSE	FALSE
Rnase2b	chr14	FALSE	TRUE
Acta1	chr8	FALSE	FALSE
Snx17	chr5	FALSE	FALSE
Rbm38	chr2	FALSE	FALSE
Sec16a	chr2	FALSE	FALSE
Lat2	chr5	FALSE	TRUE
Wtap	chr17	FALSE	FALSE
Gpr61	chr3	FALSE	FALSE
Zmpste24	chr4	FALSE	FALSE
Mdfi	chr17	FALSE	FALSE
Scgb1b30	chr7	FALSE	TRUE
Rtn1	chr12	FALSE	FALSE
4933400A11Rik	chrX	FALSE	TRUE
Vmn1r185	chr7	FALSE	TRUE
Sult2a4	chr7	FALSE	TRUE
Mdm1	chr10	FALSE	FALSE
Gbp8	chr5	FALSE	TRUE
Thbs3	chr3	FALSE	FALSE
Nenf	chr1	FALSE	FALSE
Gm3336	chr8	FALSE	FALSE
Slc38a2	chr15	FALSE	FALSE
Svs3b	chr2	FALSE	TRUE
Cacng7	chr7	FALSE	FALSE
Ifi47	chr11	FALSE	TRUE
Zfp7	chr15	FALSE	FALSE
Cacybp	chr1	FALSE	FALSE
Myb	chr10	FALSE	FALSE
Paip2	chr18	FALSE	FALSE
Arl9	chr5	FALSE	TRUE
Casp1	chr9	FALSE	TRUE
Slc51a	chr16	FALSE	TRUE
Ndufaf1	chr2	FALSE	FALSE
Samt1	chrX	FALSE	TRUE
Slco5a1	chr1	FALSE	FALSE
Coq5	chr5	FALSE	TRUE
Olfr356	chr2	FALSE	TRUE
Olfr98	chr17	FALSE	TRUE
Hras	chr7	FALSE	FALSE
Pbsn	chrX	FALSE	TRUE
Dleu7	chr14	FALSE	FALSE
Pafah2	chr4	FALSE	FALSE
Dpy19l4	chr4	FALSE	FALSE
Olfr399	chr11	FALSE	TRUE
Hspa14	chr2	FALSE	FALSE
Olfr1328	chr4	FALSE	TRUE
Trim58	chr11	FALSE	FALSE
Ankrd61	chr5	FALSE	TRUE
Lrrc14b	chr13	FALSE	FALSE
Olfr450	chr6	FALSE	TRUE
Mup11	chr4	FALSE	TRUE
Bet1	chr6	FALSE	FALSE
Olfr65	chr7	FALSE	TRUE
Olfr589	chr7	FALSE	TRUE
Tmem239	chr2	FALSE	TRUE
Dnmt3l	chr10	FALSE	FALSE
Hint2	chr4	FALSE	FALSE
Rbm5	chr9	FALSE	FALSE
Gstt1	chr10	FALSE	FALSE
Cyp2j11	chr4	FALSE	TRUE
Agpat5	chr8	FALSE	FALSE
H2aw	chr11	FALSE	FALSE
Ifna14	chr4	FALSE	TRUE
Olfr544	chr7	FALSE	TRUE
Olfr830	chr9	FALSE	TRUE
Bcat2	chr7	FALSE	FALSE
Nudt16l2	chr9	FALSE	TRUE
Zfp616	chr11	FALSE	TRUE
Mrln	chr10	FALSE	FALSE
Diras1	chr10	FALSE	FALSE
Plscr2	chr9	FALSE	TRUE
Igfbp5	chr1	FALSE	FALSE
Zfp942	chr17	FALSE	FALSE
Brca2	chr5	FALSE	TRUE
Kcnk7	chr19	FALSE	TRUE
Cryba2	chr1	FALSE	FALSE
Dctn4	chr18	FALSE	FALSE
C130073F10Rik	chr4	FALSE	TRUE
Donson	chr16	FALSE	FALSE
Erp29	chr5	FALSE	FALSE
Olfr922	chr9	FALSE	TRUE
Arpc5	chr1	FALSE	FALSE
Arhgap45	chr10	FALSE	FALSE
Lmcd1	chr6	FALSE	FALSE
Rbm45	chr2	FALSE	FALSE
Slk	chr19	FALSE	FALSE
Olfr319	chr11	FALSE	TRUE
Ahcyl1	chr3	FALSE	FALSE
Cldn11	chr3	FALSE	FALSE
Kdm6b	chr11	FALSE	FALSE
Lrrc42	chr4	FALSE	FALSE
Zfp385a	chr15	FALSE	FALSE
Slc25a16	chr10	FALSE	FALSE
Aadac	chr3	FALSE	TRUE
Syt17	chr7	FALSE	FALSE
Mettl17	chr14	FALSE	FALSE
Tmem114	chr16	FALSE	FALSE
Figla	chr6	FALSE	TRUE
Rbm18	chr2	FALSE	FALSE
Eid2b	chr7	FALSE	FALSE
Ppp1cc	chr5	FALSE	FALSE
Pzp	chr6	FALSE	TRUE
Nfrkb	chr9	FALSE	FALSE
Rps19bp1	chr15	FALSE	FALSE
Ipo4	chr14	FALSE	FALSE
Mta2	chr19	FALSE	FALSE
Capn13	chr17	FALSE	FALSE
Osm	chr11	FALSE	FALSE
Mettl7a2	chr15	FALSE	TRUE
Gm3676	chr14	FALSE	TRUE
Fcer1a	chr1	FALSE	TRUE
Dars2	chr1	FALSE	FALSE
Cd209b	chr8	FALSE	TRUE
Olfr1200	chr2	FALSE	TRUE
Olfr1355	chr10	FALSE	TRUE
Kcp	chr6	FALSE	FALSE
BC048403	chr10	FALSE	FALSE
Cbr2	chr11	FALSE	FALSE
Pram1	chr17	FALSE	FALSE
Hemgn	chr4	FALSE	TRUE
Yme1l1	chr2	FALSE	FALSE
Cox7a2	chr9	FALSE	FALSE
Krt35	chr11	FALSE	FALSE
Usp46	chr5	FALSE	FALSE
Morn1	chr4	FALSE	FALSE
Ywhaz	chr15	FALSE	FALSE
Dpp4	chr2	FALSE	FALSE
Sra1	chr18	FALSE	FALSE
Fcgr1	chr3	FALSE	FALSE
Procr	chr2	FALSE	FALSE
Ufd1	chr16	FALSE	FALSE
Cep164	chr9	FALSE	FALSE
E2f7	chr10	FALSE	FALSE
Hemk1	chr9	FALSE	FALSE
Lenep	chr3	FALSE	TRUE
Jmy	chr13	FALSE	FALSE
Gemin8	chrX	FALSE	FALSE
Zkscan2	chr7	FALSE	FALSE
Cyp3a41a	chr5	FALSE	TRUE
Dph3	chr14	FALSE	FALSE
Iws1	chr18	FALSE	FALSE
Apoc2	chr7	FALSE	TRUE
Vmn1r71	chr7	FALSE	TRUE
Smim19	chr8	FALSE	FALSE
Olfr1214	chr2	FALSE	TRUE
Scgb1b7	chr7	FALSE	TRUE
Abcb8	chr5	FALSE	FALSE
Ahsa2	chr11	FALSE	FALSE
Gins1	chr2	FALSE	FALSE
Tmprss12	chr15	FALSE	TRUE
Ssxb6	chrX	FALSE	TRUE
Slc38a4	chr15	FALSE	FALSE
Tnr	chr1	FALSE	FALSE
Krtap16-1	chr11	FALSE	FALSE
Olfr1030	chr2	FALSE	TRUE
Cox19	chr5	FALSE	FALSE
Armt1	chr10	FALSE	FALSE
Stard6	chr18	FALSE	TRUE
Sav1	chr12	FALSE	FALSE
Cyren	chr6	FALSE	FALSE
Riok3	chr18	FALSE	FALSE
Lmod3	chr6	FALSE	TRUE
Fhl5	chr4	FALSE	FALSE
Cpne6	chr14	FALSE	FALSE
Zfp972	chr2	FALSE	TRUE
Alkbh5	chr11	FALSE	FALSE
Prox2	chr12	FALSE	FALSE
Cyp3a41b	chr5	FALSE	TRUE
Nptx1	chr11	FALSE	FALSE
Zfp825	chr13	FALSE	FALSE
Olfr808	chr10	FALSE	TRUE
Lamb1	chr12	FALSE	FALSE
Fam24a	chr7	FALSE	TRUE
Ccdc65	chr15	FALSE	FALSE
Crk	chr11	FALSE	FALSE
Pom121	chr5	FALSE	FALSE
Olfr1294	chr2	FALSE	TRUE
Ifi213	chr1	FALSE	TRUE
Rad17	chr13	FALSE	FALSE
Rab34	chr11	FALSE	FALSE
Cd44	chr2	FALSE	FALSE
Prss37	chr6	FALSE	TRUE
Olfr115	chr17	FALSE	TRUE
Nrde2	chr12	FALSE	FALSE
Il18rap	chr1	FALSE	TRUE
Topbp1	chr9	FALSE	FALSE
Dcun1d3	chr7	FALSE	FALSE
Nosip	chr7	FALSE	FALSE
Ttll6	chr11	FALSE	FALSE
Pprc1	chr19	FALSE	FALSE
Ctsd	chr7	FALSE	FALSE
Slc25a48	chr13	FALSE	FALSE
4933412E24Rik	chr15	FALSE	TRUE
Pdgfrb	chr18	FALSE	FALSE
Tmem204	chr17	FALSE	FALSE
Olfr963	chr9	FALSE	TRUE
Olfr1320	chrX	FALSE	TRUE
Alyref	chr11	FALSE	FALSE
Sh3rf2	chr18	FALSE	FALSE
Gm10135	chr5	FALSE	TRUE
Atp6v1f	chr6	FALSE	FALSE
Olfr811	chr10	FALSE	TRUE
Gm10228	chr16	FALSE	TRUE
Samt2b	chrX	FALSE	TRUE
Camp	chr9	FALSE	TRUE
Dazap1	chr10	FALSE	FALSE
Dnajc19	chr3	FALSE	FALSE
Tmem45a2	chr16	FALSE	TRUE
Rnf10	chr5	FALSE	FALSE
Cdhr3	chr12	FALSE	FALSE
Rtca	chr3	FALSE	FALSE
Tmem95	chr11	FALSE	TRUE
Pycard	chr7	FALSE	FALSE
Gm8138	chr14	FALSE	TRUE
AW209491	chr13	FALSE	FALSE
Acbd4	chr11	FALSE	FALSE
Zfp622	chr15	FALSE	FALSE
Gm5039	chr12	FALSE	TRUE
Ddrgk1	chr2	FALSE	FALSE
Clp1	chr2	FALSE	FALSE
Zfp970	chr2	FALSE	FALSE
Zrsr2	chrX	FALSE	FALSE
Fam111a	chr19	FALSE	TRUE
Mob4	chr1	FALSE	FALSE
Strn4	chr7	FALSE	FALSE
Etfbkmt	chr6	FALSE	FALSE
Prkar1b	chr5	FALSE	FALSE
Sri	chr5	FALSE	FALSE
Nat8f5	chr6	FALSE	TRUE
Cops2	chr2	FALSE	FALSE
Med22	chr2	FALSE	FALSE
Ifih1	chr2	FALSE	FALSE
Rnf148	chr6	FALSE	TRUE
Nlrp9b	chr7	FALSE	TRUE
Jmjd8	chr17	FALSE	FALSE
Slc22a28	chr19	FALSE	TRUE
Qrsl1	chr10	FALSE	FALSE
1700113H08Rik	chr10	FALSE	FALSE
Olfr1462	chr19	FALSE	TRUE
Gkn3	chr6	FALSE	FALSE
Usp19	chr9	FALSE	FALSE
Tcstv3	chr13	FALSE	TRUE
Mis18bp1	chr12	FALSE	TRUE
1700014D04Rik	chr13	FALSE	FALSE
Ank3	chr10	FALSE	FALSE
Gm45021	chr6	FALSE	FALSE
Frg1	chr8	FALSE	FALSE
Tfpt	chr7	FALSE	FALSE
Vamp3	chr4	FALSE	FALSE
Omp	chr7	FALSE	FALSE
Snx19	chr9	FALSE	FALSE
Atp1a3	chr7	FALSE	FALSE
Olfr553	chr7	FALSE	TRUE
Tro	chrX	FALSE	FALSE
Lipm	chr19	FALSE	TRUE
Trappc8	chr18	FALSE	FALSE
Gtf2a2	chr9	FALSE	FALSE
Chmp4c	chr3	FALSE	FALSE
Gm3327	chr14	FALSE	TRUE
Nkx3-2	chr5	FALSE	FALSE
Pkhd1	chr1	FALSE	FALSE
Nfya	chr17	FALSE	FALSE
CAAA01077340.1	chr5	FALSE	TRUE
Tmub2	chr11	FALSE	FALSE
Bgn	chrX	FALSE	FALSE
Atad3a	chr4	FALSE	FALSE
Ccdc153	chr9	FALSE	TRUE
Chmp3	chr6	FALSE	FALSE
Tubgcp6	chr15	FALSE	FALSE
Cys1	chr12	FALSE	FALSE
Nsfl1c	chr2	FALSE	FALSE
Clec4a2	chr6	FALSE	TRUE
Clec11a	chr7	FALSE	FALSE
Trnt1	chr6	FALSE	FALSE
Khdrbs1	chr4	FALSE	FALSE
Odc1	chr12	FALSE	FALSE
Hsd17b13	chr5	FALSE	TRUE
Ido2	chr8	FALSE	FALSE
C1qa	chr4	FALSE	FALSE
Dhodh	chr8	FALSE	FALSE
Cntn2	chr1	FALSE	FALSE
Psors1c2	chr17	FALSE	TRUE
Tekt4	chr17	FALSE	FALSE
1700025G04Rik	chr1	FALSE	FALSE
Ccl24	chr5	FALSE	TRUE
Lpar3	chr3	FALSE	FALSE
Ddx3x	chrX	FALSE	FALSE
Ang2	chr14	FALSE	TRUE
Pde12	chr14	FALSE	FALSE
Ucn	chr5	FALSE	FALSE
Gm45711	chr8	FALSE	FALSE
Hectd2	chr19	FALSE	FALSE
Ephx3	chr17	FALSE	FALSE
Def6	chr17	FALSE	FALSE
Cpa4	chr6	FALSE	FALSE
Gm867	chr10	FALSE	FALSE
Asz1	chr6	FALSE	TRUE
Tctn1	chr5	FALSE	FALSE
Mis12	chr11	FALSE	FALSE
Ttc38	chr15	FALSE	FALSE
Prss46	chr9	FALSE	TRUE
Ccdc188	chr16	FALSE	TRUE
Ubap2	chr4	FALSE	FALSE
Gtdc1	chr2	FALSE	FALSE
Olfr959	chr9	FALSE	TRUE
Trim3	chr7	FALSE	FALSE
Sp100	chr1	FALSE	FALSE
Gm3952	chr8	FALSE	TRUE
Ltbp3	chr19	FALSE	FALSE
Gpkow	chrX	FALSE	FALSE
Ephb6	chr6	FALSE	FALSE
Gosr1	chr11	FALSE	FALSE
Plekha1	chr7	FALSE	FALSE
Ndufaf5	chr2	FALSE	FALSE
Gadd45b	chr10	FALSE	FALSE
Olfr502	chr7	FALSE	TRUE
Sgpl1	chr10	FALSE	FALSE
Slc39a3	chr10	FALSE	FALSE
Cryaa	chr17	FALSE	FALSE
Lypd8	chr11	FALSE	TRUE
Gm45783	chr7	FALSE	TRUE
Nsl1	chr1	FALSE	FALSE
Zfp653	chr9	FALSE	FALSE
Lmna	chr3	FALSE	FALSE
Gm45140	chr6	FALSE	FALSE
2310046K23Rik	chr3	FALSE	TRUE
Fchsd1	chr18	FALSE	FALSE
Rnaseh1	chr12	FALSE	FALSE
Zfp715	chr7	FALSE	FALSE
BC053393	chr11	FALSE	TRUE
Lce1f	chr3	FALSE	TRUE
Myocos	chr1	FALSE	FALSE
Lgals1	chr15	FALSE	FALSE
Crhr2	chr6	FALSE	FALSE
Gzmm	chr10	FALSE	FALSE
Frmpd3	chrX	FALSE	FALSE
Rtp4	chr16	FALSE	FALSE
Tmprss4	chr9	FALSE	FALSE
Izumo3	chr4	FALSE	TRUE
Hax1	chr3	FALSE	FALSE
Apol10a	chr15	FALSE	TRUE
Gdf3	chr6	FALSE	TRUE
Evi2	chr11	FALSE	FALSE
Ar	chrX	FALSE	FALSE
Suco	chr1	FALSE	FALSE
Syne1	chr10	FALSE	FALSE
Gmppa	chr1	FALSE	FALSE
Fam53c	chr18	FALSE	FALSE
Aadacl4fm5	chr4	FALSE	TRUE
Psmd3	chr11	FALSE	FALSE
Nfkbia	chr12	FALSE	FALSE
Fam227b	chr2	FALSE	FALSE
Becn1	chr11	FALSE	TRUE
Cyct	chr2	FALSE	TRUE
Frs3	chr17	FALSE	FALSE
Vax2	chr6	FALSE	FALSE
Tram1	chr1	FALSE	FALSE
Rrp36	chr17	FALSE	TRUE
Vmn2r5	chr3	FALSE	TRUE
Zfp598	chr17	FALSE	FALSE
Srcap	chr7	FALSE	FALSE
Smcp	chr3	FALSE	TRUE
Pheta1	chr5	FALSE	FALSE
Stpg1	chr4	FALSE	FALSE
Rhox5	chrX	FALSE	TRUE
Mptx2	chr1	FALSE	TRUE
Olfr681	chr7	FALSE	TRUE
Zfp184	chr13	FALSE	FALSE
Gm3739	chr14	FALSE	FALSE
Adck5	chr15	FALSE	FALSE
Sectm1a	chr11	FALSE	FALSE
Trim47	chr11	FALSE	FALSE
Olfr975	chr9	FALSE	TRUE
Prss27	chr17	FALSE	FALSE
Tmem191c	chr16	FALSE	FALSE
Olfr709-ps1	chr7	FALSE	TRUE
Olfr1121	chr2	FALSE	FALSE
Nupl2	chr5	FALSE	FALSE
Sstr3	chr15	FALSE	FALSE
Gtpbp2	chr17	FALSE	FALSE
Gne	chr4	FALSE	FALSE
Duxbl1	chr14	FALSE	FALSE
4921507P07Rik	chr6	FALSE	TRUE
Tssk1	chr16	FALSE	TRUE
Wnt2b	chr3	FALSE	FALSE
Mavs	chr2	FALSE	FALSE
Maip1	chr1	FALSE	FALSE
Psmd6	chr14	FALSE	FALSE
Olfr10	chr11	FALSE	TRUE
Fkbp7	chr2	FALSE	FALSE
Adsl	chr15	FALSE	FALSE
Olfr641	chr7	FALSE	TRUE
Snx32	chr19	FALSE	FALSE
Mtpap	chr18	FALSE	FALSE
Tas2r105	chr6	FALSE	TRUE
Foxr1	chr9	FALSE	TRUE
Olfr545	chr7	FALSE	TRUE
Ces5a	chr8	FALSE	FALSE
M6pr	chr6	FALSE	FALSE
Crabp1	chr9	FALSE	FALSE
Gpr135	chr12	FALSE	FALSE
Btk	chrX	FALSE	TRUE
Lrrcc1	chr3	FALSE	FALSE
Hbq1b	chr11	FALSE	FALSE
Arr3	chrX	FALSE	FALSE
Dnajb2	chr1	FALSE	FALSE
Fh1	chr1	FALSE	FALSE
Slc6a5	chr7	FALSE	FALSE
Mturn	chr6	FALSE	FALSE
Lepr	chr4	FALSE	FALSE
Rragd	chr4	FALSE	FALSE
Opa3	chr7	FALSE	FALSE
Col24a1	chr3	FALSE	FALSE
Atp6v0e2	chr6	FALSE	FALSE
Api5	chr2	FALSE	FALSE
2210016F16Rik	chr13	FALSE	FALSE
Topors	chr4	FALSE	FALSE
Dld	chr12	FALSE	FALSE
Mylpf	chr7	FALSE	FALSE
Gm42417	chr1	FALSE	FALSE
Tfap2d	chr1	FALSE	FALSE
Acy3	chr19	FALSE	FALSE
Gm49711	chr16	FALSE	FALSE
Pak1	chr7	FALSE	FALSE
Cks1brt	chr8	FALSE	TRUE
Cd70	chr17	FALSE	FALSE
Tasor	chr14	FALSE	FALSE
Ybey	chr10	FALSE	TRUE
Anxa11	chr14	FALSE	FALSE
BC035947	chr1	FALSE	FALSE
Aldh3b1	chr19	FALSE	FALSE
Kcnk18	chr19	FALSE	TRUE
Rnf31	chr14	FALSE	FALSE
Gm128	chr3	FALSE	FALSE
Ager	chr17	FALSE	TRUE
Ash2l	chr8	FALSE	FALSE
Bnipl	chr3	FALSE	FALSE
Krt9	chr11	FALSE	FALSE
Sdsl	chr5	FALSE	TRUE
Haspin	chr11	FALSE	FALSE
Syt4	chr18	FALSE	FALSE
Tyw5	chr1	FALSE	FALSE
Rimbp2	chr5	FALSE	FALSE
Spata22	chr11	FALSE	TRUE
Zfp27	chr7	FALSE	FALSE
Rd3	chr1	FALSE	FALSE
Rpl21	chr5	FALSE	FALSE
Gm6034	chr17	FALSE	FALSE
Rnf207	chr4	FALSE	FALSE
Fxyd7	chr7	FALSE	FALSE
Urod	chr4	FALSE	FALSE
Rccd1	chr7	FALSE	FALSE
Actn2	chr13	FALSE	FALSE
Olfr463	chr11	FALSE	FALSE
Trappc6b	chr12	FALSE	FALSE
Olfr301	chr7	FALSE	TRUE
Stk3	chr15	FALSE	FALSE
Pcgf6	chr19	FALSE	FALSE
Rad51ap1	chr6	FALSE	FALSE
Gm21103	chr14	FALSE	TRUE
Hpgd	chr8	FALSE	FALSE
Arg1	chr10	FALSE	TRUE
H2-M10.2	chr17	FALSE	TRUE
Gm6882	chr7	FALSE	TRUE
Xaf1	chr11	FALSE	FALSE
Gstt2	chr10	FALSE	FALSE
Bhlhb9	chrX	FALSE	FALSE
Ddr1	chr17	FALSE	FALSE
Etv1	chr12	FALSE	FALSE
Gpbp1l1	chr4	FALSE	FALSE
Ucma	chr2	FALSE	FALSE
Mocs1	chr17	FALSE	FALSE
Gm21977	chr14	FALSE	TRUE
Cybrd1	chr2	FALSE	FALSE
Rtl1	chr12	FALSE	FALSE
1700086D15Rik	chr11	FALSE	FALSE
Lrrd1	chr5	FALSE	TRUE
Zkscan5	chr5	FALSE	FALSE
4930579G24Rik	chr3	FALSE	FALSE
Armc10	chr5	FALSE	FALSE
Tcp11l2	chr10	FALSE	FALSE
Rps12	chr10	FALSE	FALSE
Capza3	chr6	FALSE	TRUE
1700056E22Rik	chr1	FALSE	FALSE
Styxl1	chr5	FALSE	TRUE
Cenph	chr13	FALSE	FALSE
Olfr368	chr2	FALSE	TRUE
Neil1	chr9	FALSE	FALSE
Car4	chr11	FALSE	FALSE
Dusp6	chr10	FALSE	FALSE
Eif4a3l1	chr6	FALSE	TRUE
Olfr1163	chr2	FALSE	TRUE
Nudt10	chrX	FALSE	FALSE
Zfp986	chr4	FALSE	TRUE
Daxx	chr17	FALSE	FALSE
Cdcp1	chr9	FALSE	FALSE
Ovca2	chr11	FALSE	FALSE
Gm20379	chr13	FALSE	TRUE
Gm13128	chr4	FALSE	TRUE
Chac2	chr11	FALSE	FALSE
Eif2b3	chr4	FALSE	FALSE
Lce1a2	chr3	FALSE	TRUE
Kmt5c	chr7	FALSE	FALSE
Vpreb2	chr16	FALSE	TRUE
Rnd1	chr15	FALSE	FALSE
Tnks1bp1	chr2	FALSE	FALSE
Tal2	chr4	FALSE	FALSE
Acvrl1	chr15	FALSE	FALSE
Accs	chr2	FALSE	FALSE
Ankrd34a	chr3	FALSE	FALSE
Sdr39u1	chr14	FALSE	FALSE
Per2	chr1	FALSE	FALSE
Ncstn	chr1	FALSE	FALSE
Gm12258	chr11	FALSE	FALSE
Tmem50a	chr4	FALSE	FALSE
Hfm1	chr5	FALSE	FALSE
Hivep3	chr4	FALSE	FALSE
Nxt1	chr2	FALSE	FALSE
Ptgds	chr2	FALSE	FALSE
Nol4	chr18	FALSE	FALSE
Pnpo	chr11	FALSE	TRUE
Gm35315	chr5	FALSE	TRUE
Alg12	chr15	FALSE	FALSE
Gria3	chrX	FALSE	FALSE
Pop5	chr5	FALSE	FALSE
1700029P11Rik	chr15	FALSE	TRUE
Gal3st2b	chr1	FALSE	FALSE
Gpr132	chr12	FALSE	FALSE
Olfr598	chr7	FALSE	TRUE
2300003K06Rik	chr11	FALSE	TRUE
Btg4	chr9	FALSE	FALSE
Tmem97	chr11	FALSE	FALSE
Mcam	chr9	FALSE	FALSE
Uba3	chr6	FALSE	FALSE
Tmx2	chr2	FALSE	FALSE
Vcpkmt	chr12	FALSE	FALSE
Abcd1	chrX	FALSE	FALSE
Chst4	chr8	FALSE	TRUE
Omt2a	chr9	FALSE	TRUE
Gabre	chrX	FALSE	FALSE
Vmn1r35	chr6	FALSE	TRUE
Fam149a	chr8	FALSE	FALSE
Gm45521	chr14	FALSE	FALSE
Cpne8	chr15	FALSE	FALSE
Hrct1	chr4	FALSE	FALSE
Olfr974	chr9	FALSE	TRUE
Ern2	chr7	FALSE	TRUE
Odf2	chr2	FALSE	FALSE
Prima1	chr12	FALSE	FALSE
Csde1	chr3	FALSE	FALSE
Rab6a	chr7	FALSE	FALSE
Dnajc5b	chr3	FALSE	FALSE
Zfp575	chr7	FALSE	FALSE
Zfp53	chr17	FALSE	FALSE
Mreg	chr1	FALSE	FALSE
Pml	chr9	FALSE	FALSE
Sdc1	chr12	FALSE	FALSE
Qars	chr9	FALSE	FALSE
Olfr1145	chr2	FALSE	TRUE
Olfr780	chr10	FALSE	TRUE
Ier3ip1	chr18	FALSE	FALSE
Vmn1r54	chr6	FALSE	TRUE
Olfr533	chr7	FALSE	TRUE
Lad1	chr1	FALSE	FALSE
Xpot	chr10	FALSE	FALSE
Lpin3	chr2	FALSE	FALSE
Acy1	chr9	FALSE	FALSE
Tent5c	chr3	FALSE	FALSE
Nsmce3	chr7	FALSE	FALSE
Mif	chr10	FALSE	FALSE
Selenot	chr3	FALSE	FALSE
Ssxb10	chrX	FALSE	TRUE
Nans	chr4	FALSE	FALSE
Adamdec1	chr14	FALSE	TRUE
Fyb	chr15	FALSE	FALSE
Vmn1r46	chr6	FALSE	TRUE
Tsg101	chr7	FALSE	FALSE
Hoxa9	chr6	FALSE	FALSE
Ttc9b	chr7	FALSE	FALSE
Prss21	chr17	FALSE	TRUE
Gpr26	chr7	FALSE	FALSE
4921536K21Rik	chr11	FALSE	FALSE
Septin5	chr16	FALSE	FALSE
Kdm4d	chr9	FALSE	FALSE
Ckmt2	chr13	FALSE	FALSE
Rps6ka4	chr19	FALSE	FALSE
Taf11	chr17	FALSE	FALSE
Snx1	chr9	FALSE	FALSE
Olfr961	chr9	FALSE	TRUE
Tmem130	chr5	FALSE	FALSE
Fam205c	chr4	FALSE	TRUE
Olfr1167	chr2	FALSE	TRUE
Ubxn10	chr4	FALSE	FALSE
Samd10	chr2	FALSE	FALSE
Uba1	chrX	FALSE	FALSE
Rnase10	chr14	FALSE	FALSE
Noxa1	chr2	FALSE	FALSE
H4c1	chr13	FALSE	FALSE
Fas	chr19	FALSE	FALSE
Dnase2b	chr3	FALSE	TRUE
Nudt16l1	chr16	FALSE	FALSE
Gm3298	chr14	FALSE	FALSE
Itga10	chr3	FALSE	FALSE
Gm29797	chr2	FALSE	FALSE
Ints11	chr4	FALSE	FALSE
Dlec1	chr9	FALSE	FALSE
Zgrf1	chr3	FALSE	TRUE
Zfp780b	chr7	FALSE	FALSE
Marchf8	chr6	FALSE	FALSE
Scgb2a2	chr19	FALSE	TRUE
Parpbp	chr10	FALSE	FALSE
Olfr684	chr7	FALSE	TRUE
Olfr286	chr15	FALSE	TRUE
Tlr12	chr4	FALSE	TRUE
Tbc1d9	chr8	FALSE	FALSE
C1galt1	chr6	FALSE	FALSE
Zfp84	chr7	FALSE	FALSE
Dkk1	chr19	FALSE	FALSE
Creld1	chr6	FALSE	FALSE
Asf1a	chr10	FALSE	FALSE
Acin1	chr14	FALSE	FALSE
Mthfsl	chr9	FALSE	FALSE
Zfp955b	chr17	FALSE	TRUE
Notch2	chr3	FALSE	FALSE
Slc36a3	chr11	FALSE	TRUE
Cdhr5	chr7	FALSE	FALSE
Rtcb	chr10	FALSE	FALSE
Glyr1	chr16	FALSE	FALSE
Tomm40l	chr1	FALSE	FALSE
BC049715	chr6	FALSE	FALSE
Obox5	chr7	FALSE	TRUE
Shh	chr5	FALSE	FALSE
Cpa6	chr1	FALSE	FALSE
Agr3	chr12	FALSE	TRUE
Mdh1b	chr1	FALSE	TRUE
Saa2	chr7	FALSE	FALSE
Prtn3	chr10	FALSE	FALSE
Mtnr1b	chr9	FALSE	FALSE
Snrnp70	chr7	FALSE	FALSE
Rai14	chr15	FALSE	FALSE
Olfr628	chr7	FALSE	TRUE
Cpxm1	chr2	FALSE	FALSE
Ndufb1-ps	chr12	FALSE	FALSE
Vmn2r53	chr7	FALSE	TRUE
Arhgdia	chr11	FALSE	FALSE
Ddx56	chr11	FALSE	FALSE
Kpna1	chr16	FALSE	FALSE
Rnf151	chr17	FALSE	TRUE
Gm8890	chr5	FALSE	TRUE
Bace1	chr9	FALSE	FALSE
Cyb5rl	chr4	FALSE	FALSE
Krtap16-3	chr16	FALSE	TRUE
Atcay	chr10	FALSE	FALSE
Shld3	chr13	FALSE	FALSE
Odf1	chr15	FALSE	TRUE
Wdr77	chr3	FALSE	FALSE
H1f7	chr15	FALSE	FALSE
Atat1	chr17	FALSE	FALSE
Prom1	chr5	FALSE	FALSE
Arl8b	chr6	FALSE	FALSE
Borcs7	chr19	FALSE	FALSE
Mrpl11	chr19	FALSE	FALSE
Zmiz2	chr11	FALSE	FALSE
Tedc1	chr12	FALSE	FALSE
Ifna6	chr4	FALSE	TRUE
Ngdn	chr14	FALSE	FALSE
Tmem171	chr13	FALSE	FALSE
Olfr362	chr2	FALSE	TRUE
Itgav	chr2	FALSE	FALSE
Prmt9	chr8	FALSE	FALSE
Acaa1b	chr9	FALSE	FALSE
Snai1	chr2	FALSE	FALSE
Sord	chr2	FALSE	FALSE
Hsbp1	chr8	FALSE	TRUE
Slc25a4	chr8	FALSE	FALSE
Ptger4	chr15	FALSE	FALSE
Pcdhgc3	chr18	FALSE	FALSE
Olfr622	chr7	FALSE	TRUE
Stra6l	chr4	FALSE	FALSE
Tpgs2	chr18	FALSE	FALSE
Kat8	chr7	FALSE	TRUE
Magel2	chr7	FALSE	FALSE
1700028J19Rik	chr7	FALSE	TRUE
Slc16a4	chr3	FALSE	FALSE
Msantd1	chr5	FALSE	FALSE
Slfn2	chr11	FALSE	TRUE
Xylt2	chr11	FALSE	FALSE
Ampd1	chr3	FALSE	TRUE
Mtarc2	chr1	FALSE	FALSE
Zfp341	chr2	FALSE	FALSE
Slc2a1	chr4	FALSE	FALSE
Csta2	chr16	FALSE	TRUE
Alppl2	chr1	FALSE	TRUE
Ints7	chr1	FALSE	FALSE
Ubxn11	chr4	FALSE	FALSE
Sec23b	chr2	FALSE	FALSE
Abtb1	chr6	FALSE	FALSE
Mipep	chr14	FALSE	FALSE
F10	chr8	FALSE	FALSE
Hars	chr18	FALSE	FALSE
Ctsll3	chr13	FALSE	TRUE
1700034J05Rik	chr6	FALSE	TRUE
Snrnp48	chr13	FALSE	FALSE
Krtap31-2	chr11	FALSE	TRUE
Il21r	chr7	FALSE	FALSE
Ccdc155	chr7	FALSE	FALSE
Tex13c2	chrX	FALSE	FALSE
Svs2	chr2	FALSE	TRUE
Tgoln1	chr6	FALSE	FALSE
Dmrta1	chr4	FALSE	FALSE
Arfip2	chr7	FALSE	FALSE
S1pr3	chr13	FALSE	FALSE
Olfr656	chr7	FALSE	TRUE
Vrtn	chr12	FALSE	FALSE
Pik3ip1	chr11	FALSE	FALSE
Stk33	chr7	FALSE	FALSE
Casp9	chr4	FALSE	FALSE
Foxc2	chr8	FALSE	FALSE
6030458C11Rik	chr15	FALSE	FALSE
Uts2	chr4	FALSE	TRUE
Dnah3	chr7	FALSE	FALSE
Rbmxl1	chr8	FALSE	FALSE
Pdcd6	chr13	FALSE	FALSE
Nms	chr1	FALSE	TRUE
Lamtor3-ps	chr14	FALSE	TRUE
Olfr809	chr10	FALSE	TRUE
Sgsm2	chr11	FALSE	FALSE
Ebp	chrX	FALSE	FALSE
Olfr1042	chr2	FALSE	TRUE
Krtap5-1	chr7	FALSE	TRUE
Olfr170	chr16	FALSE	TRUE
Mip	chr10	FALSE	TRUE
Erlin1	chr19	FALSE	FALSE
Lsm14b	chr2	FALSE	FALSE
Nkx3-1	chr14	FALSE	FALSE
Olfr1341	chr4	FALSE	TRUE
Ppp4r3a	chr12	FALSE	FALSE
Sub1	chr15	FALSE	FALSE
Trit1	chr4	FALSE	FALSE
Npc2	chr12	FALSE	FALSE
Cntd1	chr11	FALSE	FALSE
Pwwp2a	chr11	FALSE	FALSE
Kel	chr6	FALSE	TRUE
Isg15	chr4	FALSE	TRUE
Gm14418	chr2	FALSE	FALSE
Rbm22	chr18	FALSE	FALSE
Wdr88	chr7	FALSE	FALSE
Etaa1	chr11	FALSE	FALSE
Btnl10	chr11	FALSE	TRUE
Gal3st3	chr19	FALSE	FALSE
Olfr912	chr9	FALSE	TRUE
Arpp19	chr9	FALSE	FALSE
Ecm1	chr3	FALSE	TRUE
Ephx4	chr5	FALSE	FALSE
Zfp384	chr6	FALSE	FALSE
Romo1	chr2	FALSE	FALSE
Nmi	chr2	FALSE	FALSE
Rln3	chr8	FALSE	FALSE
Ikzf4	chr10	FALSE	FALSE
Olfr1084	chr2	FALSE	TRUE
Zfp74	chr7	FALSE	FALSE
Trappc2	chrX	FALSE	FALSE
Selenov	chr7	FALSE	FALSE
Fbxw5	chr2	FALSE	FALSE
Gbp4	chr5	FALSE	TRUE
Msantd3	chr4	FALSE	FALSE
Zfp330	chr8	FALSE	FALSE
Asph	chr4	FALSE	FALSE
D030056L22Rik	chr19	FALSE	FALSE
Calcb	chr7	FALSE	FALSE
Gm12117	chr11	FALSE	TRUE
Gm21750	chr14	FALSE	TRUE
Esrp2	chr8	FALSE	FALSE
Pdcd10	chr3	FALSE	FALSE
Olfr972	chr9	FALSE	TRUE
Uqcr10	chr11	FALSE	FALSE
Ndufb8	chr19	FALSE	FALSE
Edem2	chr2	FALSE	FALSE
Slc39a1	chr3	FALSE	FALSE
Ddx21	chr10	FALSE	FALSE
Cspg5	chr9	FALSE	FALSE
Trim30b	chr7	FALSE	TRUE
Tg	chr15	FALSE	FALSE
Krt20	chr11	FALSE	TRUE
Snhg4	chr18	FALSE	FALSE
Ercc6l	chrX	FALSE	FALSE
Gfy	chr7	FALSE	FALSE
Mthfd1l	chr10	FALSE	FALSE
Fgf15	chr7	FALSE	FALSE
Gm8362	chr14	FALSE	TRUE
Ddx54	chr5	FALSE	FALSE
Dph1	chr11	FALSE	FALSE
Nudt8	chr19	FALSE	FALSE
1500009C09Rik	chr15	FALSE	FALSE
Tax1bp3	chr11	FALSE	FALSE
Gtf2b	chr3	FALSE	FALSE
2410137M14Rik	chr17	FALSE	FALSE
Gm20441	chr10	FALSE	FALSE
4933402J07Rik	chr8	FALSE	FALSE
Eif5	chr12	FALSE	FALSE
Olfr1206	chr2	FALSE	TRUE
Birc2	chr9	FALSE	FALSE
Zfp748	chr13	FALSE	FALSE
Fbxw16	chr9	FALSE	TRUE
Elovl4	chr9	FALSE	FALSE
Rtbdn	chr8	FALSE	FALSE
Prr15l	chr11	FALSE	FALSE
Olfr461	chr6	FALSE	TRUE
Camkk1	chr11	FALSE	FALSE
Gm3411	chr14	FALSE	FALSE
Tctex1d2	chr16	FALSE	TRUE
Tmem219	chr7	FALSE	FALSE
Akt2	chr7	FALSE	FALSE
Scamp3	chr3	FALSE	FALSE
Zfp950	chr19	FALSE	FALSE
Rbbp8nl	chr2	FALSE	FALSE
Spopfm2	chr3	FALSE	TRUE
Mamld1	chrX	FALSE	FALSE
Zbtb7a	chr10	FALSE	FALSE
Adam3	chr8	FALSE	FALSE
Kbtbd3	chr9	FALSE	FALSE
Olfr125	chr17	FALSE	TRUE
Nfxl1	chr5	FALSE	FALSE
Olfr763	chr10	FALSE	TRUE
Slc27a1	chr8	FALSE	FALSE
Pik3r2	chr8	FALSE	FALSE
Hus1b	chr13	FALSE	FALSE
Ifitm6	chr7	FALSE	TRUE
Pdxp	chr15	FALSE	FALSE
Ythdf3	chr3	FALSE	FALSE
Krtap4-9	chr11	FALSE	TRUE
Nrbf2	chr10	FALSE	FALSE
Samd1	chr8	FALSE	FALSE
Gm42372	chr7	FALSE	FALSE
Tex13b	chrX	FALSE	TRUE
Coil	chr11	FALSE	TRUE
Olfr675	chr7	FALSE	TRUE
Olfr1270	chr2	FALSE	TRUE
Tti1	chr2	FALSE	FALSE
Sf3b1	chr1	FALSE	FALSE
Slc3a2	chr19	FALSE	FALSE
Gm3604	chr13	FALSE	TRUE
Gm14412	chr2	FALSE	TRUE
Sh3bgr	chr16	FALSE	FALSE
Ifna4	chr4	FALSE	TRUE
Mmp1b	chr9	FALSE	TRUE
Fem1c	chr18	FALSE	FALSE
Ier3	chr17	FALSE	FALSE
Sh3bp5l	chr11	FALSE	FALSE
Ribc2	chr15	FALSE	TRUE
Pick1	chr15	FALSE	FALSE
Efna2	chr10	FALSE	FALSE
Ssrp1	chr2	FALSE	FALSE
Gpr139	chr7	FALSE	FALSE
Kptn	chr7	FALSE	FALSE
Rdh9	chr10	FALSE	TRUE
Ptprt	chr2	FALSE	FALSE
Pcdhb19	chr18	FALSE	TRUE
Cstf2t	chr19	FALSE	FALSE
Nqo1	chr8	FALSE	FALSE
Art3	chr5	FALSE	FALSE
Fbxw21	chr9	FALSE	TRUE
Wdr90	chr17	FALSE	FALSE
Cbx6	chr15	FALSE	FALSE
Olfr1241	chr2	FALSE	TRUE
Btf3l4	chr4	FALSE	FALSE
Tprkb	chr6	FALSE	FALSE
Gm14139	chr2	FALSE	TRUE
Rad51d	chr11	FALSE	FALSE
Thbs1	chr2	FALSE	FALSE
Tpm3-rs7	chr14	FALSE	TRUE
Klk1b4	chr7	FALSE	TRUE
Gpank1	chr17	FALSE	FALSE
Copb2	chr9	FALSE	FALSE
Fcgbp	chr7	FALSE	TRUE
Stk26	chrX	FALSE	FALSE
Krt23	chr11	FALSE	TRUE
Aurkaip1	chr4	FALSE	FALSE
Gm11541	chr11	FALSE	FALSE
Klhl30	chr1	FALSE	TRUE
1700129C05Rik	chr14	FALSE	TRUE
Slc22a2	chr17	FALSE	FALSE
Mkx	chr18	FALSE	FALSE
Ccdc22	chrX	FALSE	FALSE
Cidec	chr6	FALSE	TRUE
Mmp3	chr9	FALSE	TRUE
Ppp3r2	chr4	FALSE	TRUE
Fgd6	chr10	FALSE	FALSE
Ufl1	chr4	FALSE	FALSE
Scgn	chr13	FALSE	FALSE
Tubb4a	chr17	FALSE	FALSE
4930524B15Rik	chr11	FALSE	TRUE
Tomm6	chr17	FALSE	FALSE
Phf11d	chr14	FALSE	TRUE
Samt1d	chrX	FALSE	TRUE
Lcn12	chr2	FALSE	FALSE
Tmem201	chr4	FALSE	FALSE
Cenpa	chr5	FALSE	FALSE
Rtf2	chr2	FALSE	FALSE
Gm16286	chr18	FALSE	FALSE
Dnajb11	chr16	FALSE	FALSE
Pate10	chr9	FALSE	TRUE
Cstl1	chr2	FALSE	FALSE
Alas2	chrX	FALSE	TRUE
Ccrl2	chr9	FALSE	FALSE
Vmn2r98	chr17	FALSE	TRUE
Esp15	chr17	FALSE	TRUE
Neurod1	chr2	FALSE	FALSE
4931417E11Rik	chr6	FALSE	TRUE
Pcsk1	chr13	FALSE	FALSE
Fbxo25	chr8	FALSE	FALSE
Olfr1192-ps1	chr2	FALSE	TRUE
Ms4a4b	chr19	FALSE	TRUE
Lama2	chr10	FALSE	FALSE
Pifo	chr3	FALSE	FALSE
Rxrb	chr17	FALSE	FALSE
Rpap3	chr15	FALSE	FALSE
Esf1	chr2	FALSE	FALSE
Npy	chr6	FALSE	FALSE
I0C0044D17Rik	chr4	FALSE	TRUE
1700018F24Rik	chr5	FALSE	TRUE
Scgb2b19	chr7	FALSE	TRUE
Teddm3	chr16	FALSE	TRUE
Camta2	chr11	FALSE	FALSE
Olfr1305	chr2	FALSE	TRUE
Cacfd1	chr2	FALSE	FALSE
Senp8	chr9	FALSE	FALSE
Arhgef10	chr8	FALSE	FALSE
Prss43	chr9	FALSE	TRUE
Tcstv1	chr13	FALSE	TRUE
Spcs3	chr8	FALSE	FALSE
Manbal	chr2	FALSE	FALSE
Gfra2	chr14	FALSE	FALSE
Zfp81	chr17	FALSE	FALSE
Nrm	chr17	FALSE	FALSE
Uts2b	chr16	FALSE	TRUE
Fam91a1	chr15	FALSE	FALSE
Dbp	chr7	FALSE	FALSE
Fignl1	chr11	FALSE	TRUE
Cnpy2	chr10	FALSE	FALSE
Polr2l	chr7	FALSE	FALSE
Try5	chr6	FALSE	TRUE
Rpl23	chr11	FALSE	FALSE
Gm5724	chr6	FALSE	TRUE
Trim10	chr17	FALSE	TRUE
Syngr3	chr17	FALSE	FALSE
U2af1	chr17	FALSE	FALSE
Onecut3	chr10	FALSE	FALSE
Uqcc3	chr19	FALSE	FALSE
H2-Oa	chr17	FALSE	TRUE
Mycbp	chr4	FALSE	FALSE
Klk1b3	chr7	FALSE	TRUE
Iqsec2	chrX	FALSE	FALSE
Heatr4	chr12	FALSE	FALSE
4833439L19Rik	chr13	FALSE	FALSE
Slc25a32	chr15	FALSE	FALSE
Gm49450	chr15	FALSE	FALSE
Epdr1	chr13	FALSE	FALSE
Atp5c1	chr2	FALSE	FALSE
Nucks1	chr1	FALSE	FALSE
Chic2	chr5	FALSE	FALSE
Hddc3	chr7	FALSE	FALSE
Setdb2	chr14	FALSE	FALSE
Rpl18	chr7	FALSE	FALSE
Tgtp2	chr11	FALSE	TRUE
Olfr132	chr17	FALSE	TRUE
Ankrd42	chr7	FALSE	FALSE
Gsk3a	chr7	FALSE	FALSE
Stradb	chr1	FALSE	FALSE
Gm29735	chr7	FALSE	TRUE
Cyp3a59	chr5	FALSE	TRUE
Ezh1	chr11	FALSE	FALSE
Olfr113	chr17	FALSE	TRUE
Dolpp1	chr2	FALSE	FALSE
Nova1	chr12	FALSE	FALSE
Serpinb9g	chr13	FALSE	TRUE
Wls	chr3	FALSE	FALSE
Atl1	chr12	FALSE	FALSE
Olfr389	chr11	FALSE	TRUE
Olfr365	chr2	FALSE	TRUE
Vmn1r60	chr7	FALSE	TRUE
Gorab	chr1	FALSE	FALSE
Reg1	chr6	FALSE	TRUE
Pkm	chr9	FALSE	FALSE
Gtpbp1	chr15	FALSE	FALSE
Dnaaf1	chr8	FALSE	TRUE
Pnmal2	chr7	FALSE	FALSE
Fads3	chr19	FALSE	FALSE
Gm7072	chr17	FALSE	FALSE
Adam6b	chr12	FALSE	TRUE
Copg1	chr6	FALSE	FALSE
Rela	chr19	FALSE	FALSE
Emc4	chr2	FALSE	FALSE
Depp1	chr6	FALSE	TRUE
Optc	chr1	FALSE	FALSE
Acot8	chr2	FALSE	FALSE
Fgfbp3	chr19	FALSE	FALSE
Gm40460	chr7	FALSE	TRUE
Sbf2	chr7	FALSE	FALSE
Elk1	chrX	FALSE	FALSE
Nde1	chr16	FALSE	FALSE
Btnl6	chr17	FALSE	FALSE
Gm21886	chr18	FALSE	FALSE
Prkag3	chr1	FALSE	FALSE
Stc2	chr11	FALSE	FALSE
Gm11077	chr6	FALSE	FALSE
Itln1	chr1	FALSE	TRUE
Olfr1301	chr2	FALSE	TRUE
Klra2	chr6	FALSE	TRUE
Tepsin	chr11	FALSE	FALSE
Crtc3	chr7	FALSE	FALSE
Ces1d	chr8	FALSE	TRUE
Ppp2r5d	chr17	FALSE	FALSE
Sowaha	chr11	FALSE	FALSE
P2rx1	chr11	FALSE	FALSE
Olfr358	chr2	FALSE	TRUE
Gpr33	chr12	FALSE	TRUE
Cfap300	chr9	FALSE	FALSE
1600014C10Rik	chr7	FALSE	FALSE
Ythdc1	chr5	FALSE	FALSE
Rbfa	chr18	FALSE	FALSE
Ncapg	chr5	FALSE	FALSE
Treml4	chr17	FALSE	TRUE
Trim42	chr9	FALSE	FALSE
Gm49027	chr5	FALSE	FALSE
Ubqln3	chr7	FALSE	TRUE
Ciao1	chr2	FALSE	FALSE
Olfr457	chr6	FALSE	FALSE
Olfr195	chr16	FALSE	TRUE
Vmn1r119	chr7	FALSE	TRUE
Tatdn2	chr6	FALSE	FALSE
Serpine3	chr14	FALSE	TRUE
Msl1	chr11	FALSE	FALSE
F830016B08Rik	chr18	FALSE	TRUE
Zfp229	chr17	FALSE	FALSE
Rhox3h	chrX	FALSE	TRUE
Tcl1b4	chr12	FALSE	TRUE
Keg1	chr19	FALSE	TRUE
Olfr718-ps1	chr5	FALSE	TRUE
1110065P20Rik	chr4	FALSE	FALSE
Themis2	chr4	FALSE	FALSE
AC167036.2	chr1	FALSE	TRUE
Lgals9	chr11	FALSE	TRUE
Flywch2	chr17	FALSE	FALSE
Efhc2	chrX	FALSE	FALSE
Slc18b1	chr10	FALSE	FALSE
Spryd4	chr10	FALSE	FALSE
Asb16	chr11	FALSE	FALSE
Scara5	chr14	FALSE	TRUE
Trim60	chr8	FALSE	TRUE
Ccdc194	chr8	FALSE	FALSE
Gm49486	chr15	FALSE	FALSE
Krt33a	chr11	FALSE	TRUE
Tmed11	chr5	FALSE	TRUE
Gm45928	chr19	FALSE	FALSE
Bmyc	chr2	FALSE	TRUE
Dnttip2	chr3	FALSE	FALSE
Fancg	chr4	FALSE	FALSE
Slc22a30	chr19	FALSE	TRUE
Cacnb3	chr15	FALSE	FALSE
Tmem28	chrX	FALSE	FALSE
Clhc1	chr11	FALSE	FALSE
Spag16	chr1	FALSE	FALSE
Ddx19a	chr8	FALSE	FALSE
Cfap44	chr16	FALSE	FALSE
Foxp3	chrX	FALSE	FALSE
Zfp819	chr7	FALSE	TRUE
Daglb	chr5	FALSE	FALSE
Gm4553	chr7	FALSE	TRUE
Mettl5	chr2	FALSE	FALSE
Gm13090	chr4	FALSE	FALSE
Chrm5	chr2	FALSE	TRUE
Asgr1	chr11	FALSE	FALSE
Usp51	chrX	FALSE	FALSE
Stoml1	chr9	FALSE	FALSE
Tas2r118	chr6	FALSE	TRUE
Ube2z	chr11	FALSE	FALSE
Bpnt1	chr1	FALSE	FALSE
Akr1b10	chr6	FALSE	FALSE
Pramef8	chr4	FALSE	FALSE
1810062G17Rik	chr3	FALSE	FALSE
Nhlrc4	chr17	FALSE	TRUE
Tnfsf12	chr11	FALSE	FALSE
Sln	chr9	FALSE	TRUE
Clec4g	chr8	FALSE	TRUE
Olfr507	chr7	FALSE	TRUE
Cul4b	chrX	FALSE	FALSE
Tmed5	chr5	FALSE	FALSE
Dmrtc1a	chrX	FALSE	FALSE
Dnajc7	chr11	FALSE	FALSE
Cx3cr1	chr9	FALSE	FALSE
Mt2	chr8	FALSE	FALSE
Msln	chr17	FALSE	TRUE
Atp6v1g1	chr4	FALSE	FALSE
Cebpz	chr17	FALSE	FALSE
Sox11	chr12	FALSE	FALSE
Pgc	chr17	FALSE	FALSE
Olfr1062	chr2	FALSE	TRUE
Sh3bgrl3	chr4	FALSE	FALSE
Olfr1390	chr11	FALSE	TRUE
Ugt2b37	chr5	FALSE	TRUE
Zfx	chrX	FALSE	FALSE
Trafd1	chr5	FALSE	FALSE
Wrnip1	chr13	FALSE	FALSE
Gm6871	chr7	FALSE	TRUE
Dnase1l1	chrX	FALSE	FALSE
Dbndd2	chr2	FALSE	FALSE
Sh3rf1	chr8	FALSE	FALSE
Rsph10b	chr5	FALSE	FALSE
Spdye4b	chr5	FALSE	FALSE
Spaca6	chr17	FALSE	FALSE
Pole4	chr6	FALSE	FALSE
Slc38a3	chr9	FALSE	FALSE
Gtf2h2	chr13	FALSE	FALSE
Zfp975	chr7	FALSE	TRUE
Sigmar1	chr4	FALSE	FALSE
Olfr843	chr9	FALSE	TRUE
Cldn9	chr17	FALSE	FALSE
Rabepk	chr2	FALSE	FALSE
Rhox3f	chrX	FALSE	TRUE
Olfr145	chr9	FALSE	TRUE
Zfp808	chr13	FALSE	TRUE
Defb43	chr14	FALSE	TRUE
C1qtnf9	chr14	FALSE	FALSE
Khsrp	chr17	FALSE	FALSE
Psg18	chr7	FALSE	TRUE
Slc39a4	chr15	FALSE	TRUE
Cd59a	chr2	FALSE	FALSE
Sppl2c	chr11	FALSE	FALSE
Creg2	chr1	FALSE	FALSE
Xk	chrX	FALSE	FALSE
Phf19	chr2	FALSE	FALSE
Zscan4b	chr7	FALSE	TRUE
Olfr1395	chr11	FALSE	TRUE
Ndn	chr7	FALSE	TRUE
Arc	chr15	FALSE	FALSE
Prelid3a	chr18	FALSE	FALSE
Derl1	chr15	FALSE	FALSE
Gm8879	chr5	FALSE	TRUE
Sema6b	chr17	FALSE	FALSE
Ifna12	chr4	FALSE	TRUE
Ica1l	chr1	FALSE	FALSE
Olfr16	chr1	FALSE	TRUE
Olfr1178	chr2	FALSE	TRUE
Cdiptos	chr7	FALSE	FALSE
Ch25h	chr19	FALSE	FALSE
Gnb5	chr9	FALSE	FALSE
Olfr1162	chr2	FALSE	TRUE
4930469K13Rik	chr11	FALSE	FALSE
D630023F18Rik	chr1	FALSE	FALSE
Tex37	chr6	FALSE	TRUE
Atp5j	chr16	FALSE	FALSE
Klra1	chr6	FALSE	TRUE
Med29	chr7	FALSE	FALSE
Olfr266	chr3	FALSE	TRUE
Coro1b	chr19	FALSE	FALSE
Gsdmc2	chr15	FALSE	TRUE
Zfp846	chr9	FALSE	FALSE
Fxr1	chr3	FALSE	FALSE
Kif23	chr9	FALSE	FALSE
Zbtb33	chrX	FALSE	FALSE
Doxl1	chr6	FALSE	TRUE
Ttll12	chr15	FALSE	FALSE
Spo11	chr2	FALSE	FALSE
Grk1	chr8	FALSE	FALSE
Aldoa	chr7	FALSE	FALSE
Slc25a11	chr11	FALSE	FALSE
Olfr1216	chr2	FALSE	TRUE
Olfr1371	chr11	FALSE	TRUE
Adprh	chr16	FALSE	FALSE
Ccr1l1	chr9	FALSE	TRUE
Catsperz	chr19	FALSE	FALSE
Phka2	chrX	FALSE	FALSE
Smim22	chr16	FALSE	TRUE
4833427G06Rik	chr9	FALSE	FALSE
Tfap2a	chr13	FALSE	FALSE
Vmn1r193	chr13	FALSE	TRUE
Gm5617	chr9	FALSE	FALSE
Gipc1	chr8	FALSE	FALSE
Nup54	chr5	FALSE	FALSE
Vmn2r15	chr5	FALSE	TRUE
G6pdx	chrX	FALSE	FALSE
Muc3	chr5	FALSE	TRUE
Etv5	chr16	FALSE	FALSE
Cxcr6	chr9	FALSE	TRUE
Leprotl1	chr8	FALSE	FALSE
Otx1	chr11	FALSE	FALSE
Ampd2	chr3	FALSE	FALSE
Fzd10	chr5	FALSE	FALSE
Mmgt1	chrX	FALSE	FALSE
Gp1ba	chr11	FALSE	TRUE
Pcdh11x	chrX	FALSE	FALSE
Zfp319	chr8	FALSE	FALSE
Npbwr1	chr1	FALSE	FALSE
Actr10	chr12	FALSE	FALSE
Cyb5r2	chr7	FALSE	FALSE
Stfa3	chr16	FALSE	TRUE
Aptx	chr4	FALSE	FALSE
Fnta	chr8	FALSE	FALSE
Neil2	chr14	FALSE	FALSE
Scamp4	chr10	FALSE	FALSE
Rpl22l1	chr3	FALSE	FALSE
Mia3	chr1	FALSE	FALSE
Gm11992	chr11	FALSE	FALSE
6030498E09Rik	chrX	FALSE	TRUE
Itk	chr11	FALSE	FALSE
Ulk3	chr9	FALSE	FALSE
Fcgr4	chr1	FALSE	TRUE
Ndufb5	chr3	FALSE	FALSE
Gm2016	chr12	FALSE	TRUE
Zfp711	chrX	FALSE	FALSE
Dusp3	chr11	FALSE	FALSE
Ubl3	chr5	FALSE	FALSE
Tmem209	chr6	FALSE	FALSE
Chrd	chr16	FALSE	FALSE
Gm45716	chr11	FALSE	FALSE
Zfand2a	chr5	FALSE	FALSE
Rab4a	chr8	FALSE	FALSE
Ubap1	chr4	FALSE	FALSE
Adam11	chr11	FALSE	FALSE
Serpinb1a	chr13	FALSE	TRUE
Mettl24	chr10	FALSE	FALSE
Ccdc162	chr10	FALSE	FALSE
Gm45844	chr7	FALSE	TRUE
Bpifa5	chr2	FALSE	TRUE
Aamp	chr1	FALSE	FALSE
Sst	chr16	FALSE	FALSE
Bhlhe41	chr6	FALSE	FALSE
Gp1bb	chr16	FALSE	TRUE
Vmn2r9	chr5	FALSE	TRUE
Ddc	chr11	FALSE	FALSE
Klhl15	chrX	FALSE	FALSE
Rhbdd2	chr5	FALSE	FALSE
Olfr390	chr11	FALSE	TRUE
Ankrd66	chr17	FALSE	FALSE
Pnoc	chr14	FALSE	FALSE
Ctla2a	chr13	FALSE	TRUE
Psmg2	chr18	FALSE	FALSE
Fbxl14	chr6	FALSE	FALSE
Naxd	chr8	FALSE	FALSE
1700008P02Rik	chr3	FALSE	TRUE
Cntnap5b	chr1	FALSE	FALSE
Ociad1	chr5	FALSE	FALSE
Cacnb1	chr11	FALSE	FALSE
Hr	chr14	FALSE	FALSE
Kctd18	chr1	FALSE	FALSE
Nipa2	chr7	FALSE	FALSE
Ccr3	chr9	FALSE	TRUE
Als2cl	chr9	FALSE	FALSE
Vmn1r73	chr7	FALSE	TRUE
Tbx1	chr16	FALSE	FALSE
Rilpl2	chr5	FALSE	FALSE
Arhgap32	chr9	FALSE	FALSE
Hook2	chr8	FALSE	FALSE
Olfr77	chr9	FALSE	TRUE
Tmprss2	chr16	FALSE	FALSE
Olfr1182	chr2	FALSE	TRUE
Gm28845	chr1	FALSE	FALSE
Aldh8a1	chr10	FALSE	TRUE
Zfp566	chr7	FALSE	FALSE
Amy2a5	chr3	FALSE	TRUE
Tead2	chr7	FALSE	FALSE
Fam90a1a	chr8	FALSE	TRUE
Olfr872	chr9	FALSE	TRUE
Me3	chr7	FALSE	FALSE
Ccdc17	chr4	FALSE	FALSE
C030006K11Rik	chr15	FALSE	FALSE
B3gat3	chr19	FALSE	FALSE
Tmem169	chr1	FALSE	FALSE
Cd37	chr7	FALSE	FALSE
Gpr4	chr7	FALSE	TRUE
Dhrs4	chr14	FALSE	FALSE
Tmf1	chr6	FALSE	FALSE
Olfr402	chr11	FALSE	TRUE
Pgam5	chr5	FALSE	FALSE
Mesd	chr7	FALSE	FALSE
Mybpc1	chr10	FALSE	FALSE
Snx30	chr4	FALSE	FALSE
Cldn34b4	chrX	FALSE	TRUE
Dph5	chr3	FALSE	FALSE
Cthrc1	chr15	FALSE	FALSE
Rabl3	chr16	FALSE	FALSE
Trim13	chr14	FALSE	FALSE
4930578G10Rik	chr4	FALSE	FALSE
Tgm6	chr2	FALSE	FALSE
Setd4	chr16	FALSE	FALSE
Coq7	chr7	FALSE	FALSE
Glipr1l3	chr10	FALSE	TRUE
Zcrb1	chr15	FALSE	FALSE
Adamts1	chr16	FALSE	FALSE
Jak3	chr8	FALSE	FALSE
Mterf3	chr13	FALSE	FALSE
Olfr102	chr17	FALSE	TRUE
Olfr1378	chr11	FALSE	TRUE
Tspyl5	chr15	FALSE	FALSE
Peg3	chr7	FALSE	FALSE
Olfr607	chr7	FALSE	TRUE
Syap1	chrX	FALSE	FALSE
Cyp2c66	chr19	FALSE	TRUE
H2-T24	chr17	FALSE	TRUE
Mup17	chr4	FALSE	TRUE
Sema5a	chr15	FALSE	FALSE
Lime1	chr2	FALSE	FALSE
Adap2	chr11	FALSE	FALSE
H4f16	chr6	FALSE	FALSE
Fubp1	chr3	FALSE	FALSE
Ldc1	chr4	FALSE	TRUE
Ear2	chr14	FALSE	TRUE
Plk3	chr4	FALSE	FALSE
Olfr957	chr9	FALSE	TRUE
Cd79b	chr11	FALSE	TRUE
Flrt1	chr19	FALSE	FALSE
Dmac2l	chr12	FALSE	FALSE
Pdcd11	chr19	FALSE	TRUE
Cnih2	chr19	FALSE	FALSE
6430628N08Rik	chr4	FALSE	FALSE
2610021A01Rik	chr7	FALSE	FALSE
Iah1	chr12	FALSE	FALSE
Prph	chr15	FALSE	FALSE
Zmat1	chrX	FALSE	FALSE
Vmn2r44	chr7	FALSE	TRUE
T2	chr17	FALSE	FALSE
Pkp2	chr16	FALSE	FALSE
Pah	chr10	FALSE	TRUE
Cabyr	chr18	FALSE	FALSE
Mc2r	chr18	FALSE	TRUE
Veph1	chr3	FALSE	FALSE
Vps4a	chr8	FALSE	FALSE
Tmx3	chr18	FALSE	FALSE
Krtap4-1	chr11	FALSE	TRUE
Rcc2	chr4	FALSE	FALSE
Tbx20	chr9	FALSE	FALSE
Cpsf2	chr12	FALSE	FALSE
Myf5	chr10	FALSE	FALSE
Celf3	chr3	FALSE	FALSE
Rbmxl2	chr7	FALSE	FALSE
Pnliprp1	chr19	FALSE	TRUE
Sult2a7	chr7	FALSE	TRUE
Utp15	chr13	FALSE	FALSE
Washc3	chr10	FALSE	FALSE
Pabpn1l	chr8	FALSE	TRUE
Tmem74	chr15	FALSE	FALSE
Tifab	chr13	FALSE	FALSE
Gm3264	chr14	FALSE	FALSE
Tdrd9	chr12	FALSE	FALSE
Gm20721	chr2	FALSE	FALSE
Gm3476	chr14	FALSE	FALSE
Apex2	chrX	FALSE	FALSE
Tex9	chr9	FALSE	FALSE
Oas1a	chr5	FALSE	FALSE
Hspbp1	chr7	FALSE	FALSE
Gm8122	chr14	FALSE	TRUE
Rab3il1	chr19	FALSE	FALSE
H1f2	chr13	FALSE	FALSE
Olfr640	chr7	FALSE	TRUE
Ccr4	chr9	FALSE	TRUE
Lzic	chr4	FALSE	FALSE
Gm11568	chr11	FALSE	TRUE
Olfr237	chr6	FALSE	TRUE
Chrna1	chr2	FALSE	FALSE
Cfap157	chr2	FALSE	FALSE
Fam183b	chr11	FALSE	FALSE
Ptx4	chr17	FALSE	TRUE
Krtap3-3	chr11	FALSE	TRUE
Tas2r129	chr6	FALSE	TRUE
Olfr92	chr17	FALSE	TRUE
Nfx1	chr4	FALSE	FALSE
Fn3k	chr11	FALSE	FALSE
Eif3m	chr2	FALSE	FALSE
Radil	chr5	FALSE	FALSE
Hinfp	chr9	FALSE	FALSE
Mfsd8	chr3	FALSE	FALSE
Crygs	chr16	FALSE	FALSE
Ifi209	chr1	FALSE	TRUE
Seh1l	chr18	FALSE	FALSE
Amy1	chr3	FALSE	TRUE
Ffar2	chr7	FALSE	TRUE
Gm50478	chr1	FALSE	FALSE
Olfr175	chr16	FALSE	TRUE
Napepld	chr5	FALSE	FALSE
Olfr723	chr14	FALSE	TRUE
Parp10	chr15	FALSE	FALSE
Zfand5	chr19	FALSE	FALSE
1700025C18Rik	chr2	FALSE	TRUE
Olfr61	chr7	FALSE	TRUE
Ngp	chr9	FALSE	TRUE
Klk1b21	chr7	FALSE	TRUE
Map2k3	chr11	FALSE	FALSE
Bad	chr19	FALSE	FALSE
Krtap9-3	chr11	FALSE	TRUE
Vps39	chr2	FALSE	FALSE
Sirt6	chr10	FALSE	FALSE
Il16	chr7	FALSE	FALSE
Cldn34b1	chrX	FALSE	TRUE
Lsm4	chr8	FALSE	FALSE
Ccdc151	chr9	FALSE	FALSE
Mitf	chr6	FALSE	FALSE
Dlat	chr9	FALSE	FALSE
Pcdhb6	chr18	FALSE	TRUE
Ciart	chr3	FALSE	FALSE
Ccdc58	chr16	FALSE	FALSE
Akr1c14	chr13	FALSE	TRUE
Serpinb7	chr1	FALSE	TRUE
Eif1a	chr18	FALSE	FALSE
Tigit	chr16	FALSE	FALSE
Pgm2l1	chr7	FALSE	FALSE
Kif7	chr7	FALSE	FALSE
Cep19	chr16	FALSE	FALSE
Prrt1	chr17	FALSE	FALSE
Fzd2	chr11	FALSE	FALSE
Ebi3	chr17	FALSE	FALSE
C1d	chr11	FALSE	FALSE
ETV3L	chr3	FALSE	FALSE
Gm17190	chr13	FALSE	TRUE
Plcxd1	chr5	FALSE	FALSE
Pdk4	chr6	FALSE	FALSE
Wfdc13	chr2	FALSE	TRUE
Snx4	chr16	FALSE	FALSE
Lynx1	chr15	FALSE	FALSE
Cartpt	chr13	FALSE	FALSE
Kbtbd13	chr9	FALSE	FALSE
G530012D18Rik	chr1	FALSE	TRUE
Rnft1	chr11	FALSE	FALSE
Arl3	chr19	FALSE	FALSE
Mrpl23	chr7	FALSE	FALSE
Try10	chr6	FALSE	TRUE
Olfr1497	chr19	FALSE	TRUE
Fxyd5	chr7	FALSE	FALSE
Mgl2	chr11	FALSE	TRUE
Olfr78	chr7	FALSE	TRUE
Cox7c	chr13	FALSE	FALSE
Magix	chrX	FALSE	FALSE
Stx3	chr19	FALSE	FALSE
Rnf4	chr5	FALSE	FALSE
Smg7	chr1	FALSE	FALSE
Krtap21-1	chr16	FALSE	TRUE
Cylc2	chr4	FALSE	TRUE
Fscb	chr12	FALSE	TRUE
Clca1	chr3	FALSE	TRUE
Ptprcap	chr19	FALSE	FALSE
Ap1s2	chrX	FALSE	FALSE
Muc4	chr16	FALSE	FALSE
Gnb3	chr6	FALSE	FALSE
Rit1	chr3	FALSE	FALSE
Lrrc46	chr11	FALSE	TRUE
Prpf4b	chr13	FALSE	FALSE
Dhx8	chr11	FALSE	FALSE
Zfp37	chr4	FALSE	FALSE
Zmat4	chr8	FALSE	FALSE
Cldn2	chrX	FALSE	FALSE
Chtf8	chr8	FALSE	FALSE
Grin2c	chr11	FALSE	FALSE
4930595D18Rik	chr12	FALSE	FALSE
Vill	chr9	FALSE	FALSE
Gm50241	chr8	FALSE	FALSE
Ap3m1	chr14	FALSE	FALSE
Olfr1272	chr2	FALSE	TRUE
Hspa13	chr16	FALSE	FALSE
Gm4985	chrX	FALSE	TRUE
Olfr325	chr11	FALSE	FALSE
Gm14496	chr2	FALSE	TRUE
Olfr914	chr9	FALSE	TRUE
Lsm12	chr11	FALSE	FALSE
Cdv3	chr9	FALSE	FALSE
Gmcl1	chr6	FALSE	FALSE
Vmn1r230	chr17	FALSE	TRUE
Naga	chr15	FALSE	FALSE
Mrgpra2a	chr7	FALSE	TRUE
Ceacam15	chr7	FALSE	FALSE
Cdx1	chr18	FALSE	FALSE
Scly	chr1	FALSE	FALSE
Gm13398	chr2	FALSE	TRUE
Tmem26	chr10	FALSE	FALSE
Rpp21	chr17	FALSE	FALSE
0610010K14Rik	chr11	FALSE	FALSE
Olfr488	chr7	FALSE	TRUE
C1s2	chr6	FALSE	TRUE
Srrt	chr5	FALSE	FALSE
Gas1	chr13	FALSE	FALSE
Emc10	chr7	FALSE	FALSE
Kcna3	chr3	FALSE	FALSE
Rprml	chr11	FALSE	FALSE
Olfr205	chr16	FALSE	TRUE
Gpr75	chr11	FALSE	FALSE
Vmn2r37	chr7	FALSE	TRUE
Irf2bp2	chr8	FALSE	FALSE
Tnnt3	chr7	FALSE	TRUE
Amt	chr9	FALSE	FALSE
Olfr568	chr7	FALSE	TRUE
Ppm1a	chr12	FALSE	FALSE
Olfr1	chr11	FALSE	TRUE
Gmpr2	chr14	FALSE	FALSE
Gm8765	chr13	FALSE	TRUE
Rex1bd	chr8	FALSE	FALSE
Carhsp1	chr16	FALSE	FALSE
Gm47969	chr1	FALSE	TRUE
Taar3	chr10	FALSE	FALSE
Bud31	chr5	FALSE	FALSE
Colec10	chr15	FALSE	TRUE
Rnf186	chr4	FALSE	TRUE
Cnnm4	chr1	FALSE	FALSE
Mkrn1	chr6	FALSE	FALSE
Abcc1	chr16	FALSE	FALSE
Wnk4	chr11	FALSE	FALSE
Zcwpw2	chr9	FALSE	FALSE
Ntn3	chr17	FALSE	FALSE
Olfr372	chr8	FALSE	TRUE
Spag5	chr11	FALSE	FALSE
Nrarp	chr2	FALSE	FALSE
Lrrc71	chr3	FALSE	FALSE
Cox18	chr5	FALSE	FALSE
Emc7	chr2	FALSE	FALSE
Tnfrsf13c	chr15	FALSE	FALSE
Ppp1r14bl	chr1	FALSE	TRUE
Aste1	chr9	FALSE	FALSE
Ankrd1	chr19	FALSE	FALSE
P4hb	chr11	FALSE	FALSE
Olfr857	chr9	FALSE	TRUE
Rpl13a	chr7	FALSE	FALSE
Tmem147	chr7	FALSE	FALSE
Olfr631	chr7	FALSE	TRUE
Gm47959	chr1	FALSE	TRUE
Olfr448	chr6	FALSE	TRUE
Car15	chr16	FALSE	FALSE
4933402E13Rik	chrX	FALSE	TRUE
Ndufs5	chr4	FALSE	FALSE
Tmem168	chr6	FALSE	FALSE
Rexo5	chr7	FALSE	FALSE
Nrbp2	chr15	FALSE	FALSE
Cd55	chr1	FALSE	FALSE
Olfr1281	chr2	FALSE	TRUE
Lamtor4	chr5	FALSE	FALSE
Gm13271	chr4	FALSE	TRUE
Vps36	chr8	FALSE	FALSE
Gm35549	chr9	FALSE	FALSE
Sval2	chr6	FALSE	TRUE
Acot9	chrX	FALSE	FALSE
Adam26a	chr8	FALSE	TRUE
Lyzl1	chr18	FALSE	TRUE
Moxd2	chr6	FALSE	TRUE
Olfr1385	chr11	FALSE	TRUE
Pex7	chr10	FALSE	FALSE
Adgb	chr10	FALSE	FALSE
Cryba1	chr11	FALSE	TRUE
Fam187a	chr11	FALSE	TRUE
Fcor	chr8	FALSE	FALSE
Sepsecs	chr5	FALSE	FALSE
Tbx2	chr11	FALSE	FALSE
Zc3h10	chr10	FALSE	FALSE
H2bc3	chr13	FALSE	FALSE
Ip6k2	chr9	FALSE	FALSE
Wfikkn2	chr11	FALSE	FALSE
Hcn3	chr3	FALSE	FALSE
Rp1l1	chr14	FALSE	FALSE
Zkscan1	chr5	FALSE	FALSE
Zfp426	chr9	FALSE	FALSE
Pin1rt1	chr2	FALSE	FALSE
Msr1	chr8	FALSE	TRUE
Rex2	chr4	FALSE	TRUE
Il7r	chr15	FALSE	TRUE
Slc12a7	chr13	FALSE	FALSE
Fli1	chr9	FALSE	FALSE
Akr1a1	chr4	FALSE	FALSE
Slc29a4	chr5	FALSE	FALSE
Prdm14	chr1	FALSE	FALSE
Dram1	chr10	FALSE	FALSE
Cp	chr3	FALSE	FALSE
Ttc26	chr6	FALSE	FALSE
Cyp4f15	chr17	FALSE	TRUE
Scgb3a2	chr18	FALSE	TRUE
Zfp109	chr7	FALSE	FALSE
Rmnd1	chr10	FALSE	FALSE
Esp18	chr17	FALSE	TRUE
Zfp59	chr7	FALSE	FALSE
Zfp995	chr17	FALSE	FALSE
Smim41	chr15	FALSE	TRUE
Gm3696	chr14	FALSE	TRUE
Rnf14	chr18	FALSE	FALSE
Fbxo32	chr15	FALSE	FALSE
Heatr9	chr11	FALSE	TRUE
Pcdhb2	chr18	FALSE	TRUE
Vmn1r115	chr7	FALSE	TRUE
Leprot	chr4	FALSE	FALSE
Gjc2	chr11	FALSE	FALSE
Bicc1	chr10	FALSE	FALSE
Reps1	chr10	FALSE	FALSE
Sprr2i	chr3	FALSE	TRUE
Khdc3	chr9	FALSE	FALSE
Ptger1	chr8	FALSE	FALSE
Olfr697	chr7	FALSE	TRUE
Lhfpl5	chr17	FALSE	FALSE
Sqor	chr2	FALSE	FALSE
Bricd5	chr17	FALSE	FALSE
Pou4f3	chr18	FALSE	FALSE
Mypop	chr7	FALSE	FALSE
Ehbp1l1	chr19	FALSE	FALSE
Taok1	chr11	FALSE	FALSE
Irf4	chr13	FALSE	FALSE
Trim43c	chr9	FALSE	TRUE
Ppp1r14d	chr2	FALSE	TRUE
Gm2897	chr14	FALSE	FALSE
Olfr683	chr7	FALSE	TRUE
Wnt6	chr1	FALSE	FALSE
Slc35c2	chr2	FALSE	FALSE
Azi2	chr9	FALSE	FALSE
Slc5a9	chr4	FALSE	TRUE
Cpz	chr5	FALSE	FALSE
Haus3	chr5	FALSE	FALSE
Hsd17b3	chr13	FALSE	FALSE
Olfr790	chr10	FALSE	TRUE
Shfl	chr9	FALSE	FALSE
Ggt7	chr2	FALSE	FALSE
Polr2e	chr10	FALSE	FALSE
Ddt	chr10	FALSE	FALSE
Krt39	chr11	FALSE	TRUE
Lhx9	chr1	FALSE	FALSE
Pcdhb12	chr18	FALSE	FALSE
Olfr357	chr2	FALSE	FALSE
Psmb7	chr2	FALSE	FALSE
Bsg	chr10	FALSE	FALSE
Cyp2b23	chr7	FALSE	TRUE
Olfr1416	chr1	FALSE	FALSE
Ccdc92	chr5	FALSE	FALSE
Tra2a	chr6	FALSE	FALSE
Atxn2l	chr7	FALSE	FALSE
Olfr1209	chr2	FALSE	TRUE
Zbtb32	chr7	FALSE	FALSE
1700001J03Rik	chr5	FALSE	TRUE
Art1	chr7	FALSE	FALSE
Itih3	chr14	FALSE	FALSE
4930519G04Rik	chr5	FALSE	TRUE
Mindy1	chr3	FALSE	FALSE
Pask	chr1	FALSE	TRUE
Olfr802	chr10	FALSE	TRUE
Gm7980	chr14	FALSE	TRUE
Reg2	chr6	FALSE	TRUE
Cytl1	chr5	FALSE	FALSE
Taar2	chr10	FALSE	FALSE
Ctsl	chr13	FALSE	FALSE
Tspoap1	chr11	FALSE	FALSE
Gpx4	chr10	FALSE	FALSE
Cd8a	chr6	FALSE	FALSE
Kcnk4	chr19	FALSE	FALSE
Dek	chr13	FALSE	FALSE
Camsap3	chr8	FALSE	FALSE
Olfr711	chr7	FALSE	TRUE
Etv4	chr11	FALSE	FALSE
1700019A02Rik	chr1	FALSE	FALSE
Cxcl10	chr5	FALSE	FALSE
Olfr518	chr7	FALSE	TRUE
Cyp2w1	chr5	FALSE	FALSE
Meis3	chr7	FALSE	FALSE
Olfr297	chr7	FALSE	TRUE
Elmo2	chr2	FALSE	FALSE
Pde6b	chr5	FALSE	FALSE
Nub1	chr5	FALSE	FALSE
Vmn1r236	chr17	FALSE	TRUE
Tmem59	chr4	FALSE	FALSE
Iba57	chr11	FALSE	FALSE
Mgp	chr6	FALSE	FALSE
Metap1	chr3	FALSE	FALSE
Proca1	chr11	FALSE	TRUE
Nop9	chr14	FALSE	FALSE
Bpifa1	chr2	FALSE	TRUE
Rexo1	chr10	FALSE	FALSE
Heph	chrX	FALSE	TRUE
Tha1	chr11	FALSE	FALSE
Rplp2	chr7	FALSE	FALSE
Olfr1377	chr11	FALSE	TRUE
Aldh3a1	chr11	FALSE	TRUE
Klk4	chr7	FALSE	FALSE
Nxnl1	chr8	FALSE	FALSE
Slfn1	chr11	FALSE	TRUE
Olfr282	chr15	FALSE	TRUE
Fbxw19	chr9	FALSE	TRUE
Slc4a1ap	chr5	FALSE	FALSE
Gm43518	chr5	FALSE	TRUE
Rack1	chr11	FALSE	FALSE
Trim34b	chr7	FALSE	TRUE
Nt5c1a	chr4	FALSE	FALSE
Ddx47	chr6	FALSE	FALSE
Hmgcs1	chr13	FALSE	FALSE
Ndfip1	chr18	FALSE	FALSE
Nat9	chr11	FALSE	FALSE
Bet1l	chr7	FALSE	FALSE
Pabpc2	chr18	FALSE	TRUE
Pdp2	chr8	FALSE	FALSE
Tsc22d3	chrX	FALSE	FALSE
Mapk3	chr7	FALSE	FALSE
Pea15a	chr1	FALSE	FALSE
Gm21560	chr14	FALSE	TRUE
Zfp617	chr8	FALSE	FALSE
Susd5	chr9	FALSE	FALSE
Dvl1	chr4	FALSE	FALSE
Cfl1	chr19	FALSE	FALSE
Zfp979	chr4	FALSE	TRUE
AW146154	chr7	FALSE	FALSE
Ppp4c	chr7	FALSE	FALSE
Znrf2	chr6	FALSE	FALSE
Timm8a1	chrX	FALSE	FALSE
C8g	chr2	FALSE	FALSE
Izumo1	chr7	FALSE	TRUE
Klhl1	chr14	FALSE	FALSE
Mup16	chr4	FALSE	TRUE
Apoc4	chr7	FALSE	TRUE
Ccdc121	chr1	FALSE	FALSE
Fbxo48	chr11	FALSE	TRUE
Fabp1	chr6	FALSE	TRUE
Pink1	chr4	FALSE	FALSE
Smim12	chr4	FALSE	FALSE
Arid3b	chr9	FALSE	FALSE
Olfr43	chr11	FALSE	TRUE
Pdpk1	chr17	FALSE	FALSE
Gabarapl2	chr8	FALSE	FALSE
Cdh23	chr10	FALSE	FALSE
Selenok	chr14	FALSE	FALSE
Nfkbie	chr17	FALSE	FALSE
Olfr142	chr2	FALSE	TRUE
Myf6	chr10	FALSE	FALSE
Inpp5e	chr2	FALSE	FALSE
Rfx1	chr8	FALSE	FALSE
Hsf2	chr10	FALSE	FALSE
Ndufab1	chr7	FALSE	FALSE
4833420G17Rik	chr13	FALSE	FALSE
Defb29	chr2	FALSE	TRUE
Vstm2a	chr11	FALSE	FALSE
Lsm7	chr10	FALSE	FALSE
Olfr652	chr7	FALSE	TRUE
Coro1a	chr7	FALSE	FALSE
Gm10376	chr14	FALSE	TRUE
H2bfm	chrX	FALSE	TRUE
Hnrnpa3	chr2	FALSE	FALSE
Tspan12	chr6	FALSE	FALSE
Capns1	chr7	FALSE	FALSE
Ptpmt1	chr2	FALSE	FALSE
Olfr1337	chr4	FALSE	TRUE
Mob1a	chr6	FALSE	FALSE
Ptpn5	chr7	FALSE	FALSE
Cdc6	chr11	FALSE	FALSE
Kctd2	chr11	FALSE	FALSE
S100a16	chr3	FALSE	FALSE
Olfr921	chr9	FALSE	TRUE
Vamp5	chr6	FALSE	FALSE
Slc29a2	chr19	FALSE	FALSE
Mfsd13b	chr7	FALSE	TRUE
Ankk1	chr9	FALSE	TRUE
Ift20	chr11	FALSE	FALSE
Zfp2	chr11	FALSE	FALSE
Cenpt	chr8	FALSE	TRUE
Tfap2b	chr1	FALSE	FALSE
Nhlrc3	chr3	FALSE	FALSE
Tdrd7	chr4	FALSE	FALSE
Ifnl2	chr7	FALSE	TRUE
Cyp27b1	chr10	FALSE	FALSE
Cir1	chr2	FALSE	FALSE
Folr2	chr7	FALSE	TRUE
Olfr164	chr16	FALSE	TRUE
Sult5a1	chr8	FALSE	FALSE
Dnase1l2	chr17	FALSE	FALSE
Myo15	chr11	FALSE	FALSE
4930486L24Rik	chr13	FALSE	TRUE
Cyp4a32	chr4	FALSE	TRUE
Gm13101	chr4	FALSE	TRUE
Fzd4	chr7	FALSE	FALSE
Dact2	chr17	FALSE	FALSE
Morc3	chr16	FALSE	FALSE
Gtf2a1	chr12	FALSE	FALSE
Olfr284	chr15	FALSE	TRUE
Gfer	chr17	FALSE	FALSE
Gtf2f1	chr17	FALSE	FALSE
Iscu	chr5	FALSE	FALSE
Gm17655	chr5	FALSE	FALSE
Gm12800	chr4	FALSE	TRUE
Tm7sf2	chr19	FALSE	FALSE
Sumo3	chr10	FALSE	FALSE
Vmn2r39	chr7	FALSE	TRUE
Krt84	chr15	FALSE	FALSE
Trmt61a	chr12	FALSE	FALSE
Pgm2	chr5	FALSE	FALSE
Paip2b	chr6	FALSE	FALSE
Hoxc13	chr15	FALSE	FALSE
Hsdl2	chr4	FALSE	FALSE
Vmn1r232	chr17	FALSE	TRUE
Olfr127	chr17	FALSE	TRUE
Olfr633	chr7	FALSE	TRUE
Cdkn1c	chr7	FALSE	FALSE
Slx	chrX	FALSE	TRUE
Cbx2	chr11	FALSE	FALSE
Rec8	chr14	FALSE	FALSE
Anxa5	chr3	FALSE	FALSE
Spag11b	chr8	FALSE	TRUE
Ogfod3	chr11	FALSE	FALSE
Tssk5	chr15	FALSE	FALSE
Alkal2	chr12	FALSE	FALSE
Tpm4	chr8	FALSE	FALSE
Ppp2r5b	chr19	FALSE	FALSE
Pga5	chr19	FALSE	FALSE
Riiad1	chr3	FALSE	FALSE
Gpr180	chr14	FALSE	FALSE
Cabp1	chr5	FALSE	FALSE
Vipas39	chr12	FALSE	FALSE
Rhoh	chr5	FALSE	FALSE
Ctnna2	chr6	FALSE	FALSE
Emb	chr13	FALSE	FALSE
Zfp667	chr7	FALSE	FALSE
Trp53rkb	chr2	FALSE	FALSE
Skint1	chr4	FALSE	TRUE
Hdac10	chr15	FALSE	FALSE
Cyp2c70	chr19	FALSE	TRUE
Defb28	chr2	FALSE	TRUE
Ppdpf	chr2	FALSE	FALSE
Vmn1r176	chr7	FALSE	TRUE
Olfr625-ps1	chr7	FALSE	TRUE
Rlbp1	chr7	FALSE	TRUE
F3	chr3	FALSE	FALSE
Mpp3	chr11	FALSE	FALSE
Dnpep	chr1	FALSE	FALSE
Atp2a3	chr11	FALSE	FALSE
Gng4	chr13	FALSE	FALSE
Pcdhb8	chr18	FALSE	TRUE
Gm8857	chr5	FALSE	TRUE
Dpf1	chr7	FALSE	FALSE
Gm28374	chr19	FALSE	FALSE
Pla2g7	chr17	FALSE	FALSE
Mterf1a	chr5	FALSE	FALSE
Csta3	chr16	FALSE	TRUE
Dppa4	chr16	FALSE	TRUE
Olfr520	chr7	FALSE	TRUE
Telo2	chr17	FALSE	FALSE
Serac1	chr17	FALSE	FALSE
Gm4788	chr1	FALSE	TRUE
4930407I10Rik	chr15	FALSE	FALSE
Obp2b	chr2	FALSE	TRUE
Thbd	chr2	FALSE	FALSE
Mycl	chr4	FALSE	FALSE
Olfr1257	chr2	FALSE	TRUE
Krtap1-3	chr11	FALSE	TRUE
Pim1	chr17	FALSE	FALSE
Cst10	chr2	FALSE	TRUE
Cdh24	chr14	FALSE	TRUE
Pira2	chr7	FALSE	TRUE
Tmem71	chr15	FALSE	FALSE
Sell	chr1	FALSE	TRUE
Nme2	chr11	FALSE	FALSE
Olfr51	chr11	FALSE	TRUE
Vmn2r69	chr7	FALSE	TRUE
Olfr130	chr17	FALSE	TRUE
Klhdc3	chr17	FALSE	FALSE
Pts	chr9	FALSE	TRUE
Alg6	chr4	FALSE	FALSE
Gzmg	chr14	FALSE	TRUE
Npy1r	chr8	FALSE	FALSE
Ccer1	chr10	FALSE	TRUE
Pus1	chr5	FALSE	FALSE
Gm35060	chr18	FALSE	TRUE
Adrb3	chr8	FALSE	FALSE
Sstr1	chr12	FALSE	FALSE
Brd8	chr18	FALSE	FALSE
Pdia6	chr12	FALSE	FALSE
Nr1h2	chr7	FALSE	FALSE
Art5	chr7	FALSE	FALSE
Zdhhc12	chr2	FALSE	FALSE
Hhipl2	chr1	FALSE	TRUE
Olfr309	chr7	FALSE	TRUE
Prl2a1	chr13	FALSE	TRUE
Mpnd	chr17	FALSE	FALSE
Tbrg1	chr9	FALSE	FALSE
Apoo	chrX	FALSE	FALSE
Foxf1	chr8	FALSE	FALSE
Akr1e1	chr13	FALSE	FALSE
Ankrd16	chr2	FALSE	FALSE
Nol3	chr8	FALSE	FALSE
Olfr820	chr10	FALSE	TRUE
6330403K07Rik	chr11	FALSE	FALSE
Pafah1b3	chr7	FALSE	FALSE
Rdm1	chr11	FALSE	TRUE
Slc45a1	chr4	FALSE	FALSE
Tceal5	chrX	FALSE	FALSE
Fam89a	chr8	FALSE	FALSE
Tceal7	chrX	FALSE	FALSE
Olfr749	chr14	FALSE	TRUE
Olfr1242	chr2	FALSE	TRUE
Apol7c	chr15	FALSE	TRUE
Vmn1r83	chr7	FALSE	TRUE
Grhl2	chr15	FALSE	FALSE
Olfr1502	chr19	FALSE	TRUE
Fgg	chr3	FALSE	TRUE
Lce1b	chr3	FALSE	TRUE
Pate3	chr9	FALSE	TRUE
Klrg2	chr6	FALSE	FALSE
Olfr462	chr11	FALSE	TRUE
Iqcd	chr5	FALSE	FALSE
Serpina6	chr12	FALSE	TRUE
AI593442	chr9	FALSE	FALSE
Pcbp3	chr10	FALSE	FALSE
Gm5678	chr16	FALSE	TRUE
Pidd1	chr7	FALSE	FALSE
Plcxd3	chr15	FALSE	FALSE
Six5	chr7	FALSE	FALSE
Olfr1225	chr2	FALSE	TRUE
Got2	chr8	FALSE	FALSE
Phox2b	chr5	FALSE	FALSE
Galnt15	chr14	FALSE	FALSE
Pbx2	chr17	FALSE	FALSE
Erbb3	chr10	FALSE	FALSE
Ppp1r15b	chr1	FALSE	FALSE
Vmn2r25	chr6	FALSE	TRUE
Eno3	chr11	FALSE	FALSE
Rnf138	chr18	FALSE	FALSE
Chml	chr1	FALSE	FALSE
Sytl4	chrX	FALSE	FALSE
Zmym5	chr14	FALSE	FALSE
Lgals2	chr15	FALSE	FALSE
Gspt1	chr16	FALSE	FALSE
Evpl	chr11	FALSE	FALSE
Ankrd23	chr1	FALSE	FALSE
Zfp335	chr2	FALSE	FALSE
Vps37a	chr8	FALSE	FALSE
Tln1	chr4	FALSE	FALSE
Esp6	chr17	FALSE	TRUE
Vmn1r6	chr6	FALSE	TRUE
Olfr645	chr7	FALSE	TRUE
Igfbp3	chr11	FALSE	FALSE
Gle1	chr2	FALSE	FALSE
Olfr1052	chr2	FALSE	TRUE
Olfr105-ps	chr17	FALSE	TRUE
Actr1a	chr19	FALSE	FALSE
Pum3	chr19	FALSE	FALSE
Kncn	chr4	FALSE	FALSE
2610042L04Rik	chr14	FALSE	FALSE
Foxo4	chrX	FALSE	FALSE
Ccdc148	chr2	FALSE	FALSE
Syvn1	chr19	FALSE	FALSE
Eci1	chr17	FALSE	FALSE
Tap1	chr17	FALSE	FALSE
Olfr998	chr2	FALSE	TRUE
Tnfrsf14	chr4	FALSE	FALSE
Slc35c1	chr2	FALSE	FALSE
Stard5	chr7	FALSE	FALSE
Mrps18a	chr17	FALSE	FALSE
Smug1	chr15	FALSE	FALSE
Slc46a1	chr11	FALSE	FALSE
Kcne3	chr7	FALSE	FALSE
Gm9	chrX	FALSE	TRUE
Fam149b	chr14	FALSE	FALSE
Crlf3	chr11	FALSE	FALSE
Fbxo16	chr14	FALSE	FALSE
Zfp395	chr14	FALSE	FALSE
Rergl	chr6	FALSE	TRUE
Lrit3	chr3	FALSE	TRUE
Exo1	chr1	FALSE	FALSE
Chst1	chr2	FALSE	FALSE
Ooep	chr9	FALSE	FALSE
Oip5	chr2	FALSE	TRUE
Tmem150b	chr7	FALSE	TRUE
Mtnr1a	chr8	FALSE	FALSE
Gm21983	chr7	FALSE	FALSE
Olfr259	chr2	FALSE	TRUE
Gls2	chr10	FALSE	FALSE
Krtap17-1	chr11	FALSE	FALSE
Ppp1r14b	chr19	FALSE	FALSE
Gm8159	chr14	FALSE	TRUE
Tmem123	chr9	FALSE	FALSE
Tex21	chr12	FALSE	TRUE
Lrrc8a	chr2	FALSE	FALSE
Rbmx	chrX	FALSE	FALSE
Rab4b	chr7	FALSE	FALSE
Dvl2	chr11	FALSE	FALSE
Zp2	chr7	FALSE	TRUE
Fpr-rs7	chr17	FALSE	TRUE
Ssc4d	chr5	FALSE	FALSE
Dusp21	chrX	FALSE	TRUE
Uaca	chr9	FALSE	FALSE
Pik3ap1	chr19	FALSE	FALSE
Disp2	chr2	FALSE	FALSE
Olfr434	chr6	FALSE	TRUE
Cd164l2	chr4	FALSE	FALSE
Vmn1r221	chr13	FALSE	TRUE
Fam57b	chr7	FALSE	FALSE
D8Ertd738e	chr8	FALSE	TRUE
Pnmt	chr11	FALSE	TRUE
Folr1	chr7	FALSE	TRUE
Fsd2	chr7	FALSE	FALSE
H2ac7	chr13	FALSE	FALSE
A030003K21Rik	chr1	FALSE	TRUE
Olfr18	chr9	FALSE	TRUE
Morc1	chr16	FALSE	FALSE
Mrpl47	chr3	FALSE	FALSE
Exosc6	chr8	FALSE	FALSE
Tmem86b	chr7	FALSE	FALSE
Olfr1510	chr14	FALSE	TRUE
Gm14322	chr2	FALSE	FALSE
Akp3	chr1	FALSE	FALSE
H2-Ke6	chr17	FALSE	FALSE
Smpd4	chr16	FALSE	FALSE
Taf9b	chrX	FALSE	FALSE
Tssc4	chr7	FALSE	FALSE
Ybx1	chr4	FALSE	FALSE
Vwa3a	chr7	FALSE	FALSE
Adm2	chr15	FALSE	FALSE
Snap29	chr16	FALSE	FALSE
Gm17535	chr9	FALSE	TRUE
Tcl1b2	chr12	FALSE	TRUE
Lrp2bp	chr8	FALSE	FALSE
Klra17	chr6	FALSE	TRUE
Sh3gl1	chr17	FALSE	FALSE
Krt14	chr11	FALSE	FALSE
Zfp770	chr2	FALSE	FALSE
St6galnac4	chr2	FALSE	FALSE
Wdr76	chr2	FALSE	FALSE
Il21	chr3	FALSE	TRUE
Nfic	chr10	FALSE	FALSE
Clca4a	chr3	FALSE	TRUE
Asf1b	chr8	FALSE	FALSE
4933428M09Rik	chrX	FALSE	TRUE
Zfp69	chr4	FALSE	FALSE
Gm10334	chr6	FALSE	TRUE
Tas1r1	chr4	FALSE	FALSE
Gm10717	chr9	FALSE	TRUE
Gm29776	chr14	FALSE	TRUE
Fxr2	chr11	FALSE	FALSE
Bbs5	chr2	FALSE	FALSE
Rtl3	chrX	FALSE	TRUE
Adgrf5	chr17	FALSE	FALSE
Olfr1154	chr2	FALSE	TRUE
Mroh9	chr1	FALSE	TRUE
Sla2	chr2	FALSE	FALSE
Fst	chr13	FALSE	FALSE
Olfr96	chr17	FALSE	TRUE
Klrc1	chr6	FALSE	TRUE
1700015G11Rik	chr7	FALSE	TRUE
Ccdc8	chr7	FALSE	FALSE
Gm10639	chr9	FALSE	TRUE
1810058I24Rik	chr6	FALSE	FALSE
Pde1b	chr15	FALSE	FALSE
Tmem80	chr7	FALSE	FALSE
Olfr298	chr7	FALSE	TRUE
Ferd3l	chr12	FALSE	FALSE
S1pr4	chr10	FALSE	TRUE
Olfr707	chr7	FALSE	TRUE
Olfr1402	chr3	FALSE	TRUE
Olr1	chr6	FALSE	TRUE
Prpf38a	chr4	FALSE	FALSE
Mrgpra1	chr7	FALSE	TRUE
Gm3033	chr14	FALSE	TRUE
Plec	chr15	FALSE	FALSE
Pnma5	chrX	FALSE	FALSE
Ms4a2	chr19	FALSE	TRUE
Neu2	chr1	FALSE	FALSE
Rpgr	chrX	FALSE	FALSE
Gm14743	chrX	FALSE	TRUE
Tagap1	chr17	FALSE	FALSE
Wfikkn1	chr17	FALSE	FALSE
Olfr324	chr11	FALSE	TRUE
Tmem253	chr14	FALSE	FALSE
Nfil3	chr13	FALSE	FALSE
4933430I17Rik	chr4	FALSE	FALSE
Tmem9	chr1	FALSE	FALSE
Olfr1335	chr4	FALSE	TRUE
Olfr1097	chr2	FALSE	TRUE
Gm36210	chr7	FALSE	FALSE
Gckr	chr5	FALSE	TRUE
Olfr705	chr7	FALSE	TRUE
Gm44502	chr15	FALSE	FALSE
Thsd7a	chr6	FALSE	FALSE
Nr2e1	chr10	FALSE	FALSE
Fbxl15	chr19	FALSE	FALSE
Alkbh8	chr9	FALSE	FALSE
Il24	chr1	FALSE	TRUE
Ttc36	chr9	FALSE	FALSE
Hscb	chr5	FALSE	TRUE
Ptf1a	chr2	FALSE	FALSE
Dlgap1	chr17	FALSE	FALSE
Mybph	chr1	FALSE	FALSE
Olfr1045	chr2	FALSE	TRUE
Gm10251	chr14	FALSE	TRUE
Rps18	chr17	FALSE	FALSE
Taf9	chr13	FALSE	FALSE
Mmp12	chr9	FALSE	TRUE
Cgrrf1	chr14	FALSE	FALSE
Prl3d2	chr13	FALSE	TRUE
Clec2e	chr6	FALSE	TRUE
Srpr	chr9	FALSE	FALSE
Naa40	chr19	FALSE	FALSE
Shisa4	chr1	FALSE	FALSE
Htr2b	chr1	FALSE	FALSE
Tecr	chr8	FALSE	FALSE
B3gnt4	chr5	FALSE	TRUE
2610008E11Rik	chr10	FALSE	FALSE
Cnga1	chr5	FALSE	TRUE
Smr3a	chr5	FALSE	TRUE
Mcidas	chr13	FALSE	FALSE
Slamf1	chr1	FALSE	TRUE
Dync1li2	chr8	FALSE	FALSE
Nop53	chr7	FALSE	FALSE
Ceacam18	chr7	FALSE	TRUE
Iqcc	chr4	FALSE	FALSE
Gm4907	chrX	FALSE	TRUE
Klk13	chr7	FALSE	FALSE
Cyp3a25	chr5	FALSE	TRUE
Shq1	chr6	FALSE	FALSE
Irx4	chr13	FALSE	FALSE
Gpr52	chr1	FALSE	FALSE
Ubqln5	chr7	FALSE	TRUE
Krtap4-16	chr11	FALSE	TRUE
Gm6482	chr14	FALSE	TRUE
Nkx6-2	chr7	FALSE	FALSE
Spdl1	chr11	FALSE	TRUE
Gm3182	chr14	FALSE	TRUE
Tas2r125	chr6	FALSE	TRUE
Rasl11a	chr5	FALSE	FALSE
Cdc34b	chr11	FALSE	TRUE
Fndc10	chr4	FALSE	FALSE
Ap5b1	chr19	FALSE	FALSE
G6pc	chr11	FALSE	TRUE
BC035044	chr6	FALSE	TRUE
Cmc4	chrX	FALSE	FALSE
3110001I22Rik	chr16	FALSE	FALSE
Ssxb1	chrX	FALSE	TRUE
Dr1	chr5	FALSE	FALSE
B3galt6	chr4	FALSE	FALSE
Hao2	chr3	FALSE	TRUE
Olfr27	chr9	FALSE	TRUE
Tgtp1	chr11	FALSE	TRUE
Ift43	chr12	FALSE	FALSE
Plat	chr8	FALSE	FALSE
Atp10a	chr7	FALSE	FALSE
Prom2	chr2	FALSE	FALSE
Foxq1	chr13	FALSE	FALSE
Lrrtm2	chr18	FALSE	FALSE
H2-D1	chr17	FALSE	FALSE
Sowahb	chr5	FALSE	FALSE
Sec61b	chr4	FALSE	FALSE
Pkp1	chr1	FALSE	FALSE
Il1rl1	chr1	FALSE	TRUE
Slc17a4	chr13	FALSE	TRUE
Adh7	chr3	FALSE	FALSE
Kpna4	chr3	FALSE	FALSE
Cd84	chr1	FALSE	TRUE
Zyx	chr6	FALSE	FALSE
1700007K13Rik	chr2	FALSE	FALSE
Prpf8	chr11	FALSE	FALSE
Smyd4	chr11	FALSE	FALSE
Bsx	chr9	FALSE	FALSE
Mc1r	chr8	FALSE	FALSE
Tmem132a	chr19	FALSE	FALSE
Otub2	chr12	FALSE	FALSE
Oosp2	chr19	FALSE	TRUE
Ntf3	chr6	FALSE	FALSE
Brs3	chrX	FALSE	TRUE
Trcg1	chr9	FALSE	TRUE
Gm6525	chr3	FALSE	TRUE
Rars2	chr4	FALSE	FALSE
Mtfp1	chr11	FALSE	FALSE
Tdpoz2	chr3	FALSE	TRUE
Grasp	chr15	FALSE	FALSE
Zpr1	chr9	FALSE	FALSE
Olfr593	chr7	FALSE	TRUE
Gm8897	chr5	FALSE	TRUE
Nrp1	chr8	FALSE	FALSE
Camk1	chr6	FALSE	FALSE
Ankra2	chr13	FALSE	FALSE
Pradc1	chr6	FALSE	FALSE
Psmc3ip	chr11	FALSE	FALSE
Tnfrsf12a	chr17	FALSE	FALSE
Birc5	chr11	FALSE	TRUE
Tcf3	chr10	FALSE	FALSE
Tfpi	chr2	FALSE	TRUE
Hipk4	chr7	FALSE	TRUE
Pttg1	chr11	FALSE	FALSE
Prrx1	chr1	FALSE	FALSE
Ttc39d	chr17	FALSE	FALSE
Notch3	chr17	FALSE	FALSE
Abhd16a	chr17	FALSE	FALSE
Fitm2	chr2	FALSE	FALSE
Gm3752	chr14	FALSE	TRUE
Gm3468	chr14	FALSE	FALSE
Colq	chr14	FALSE	FALSE
Tagln2	chr1	FALSE	FALSE
Abhd14a	chr9	FALSE	FALSE
Olfr441	chr6	FALSE	TRUE
Krtap27-1	chr16	FALSE	TRUE
Lrrtm1	chr6	FALSE	FALSE
Rbm42	chr7	FALSE	FALSE
Mb	chr15	FALSE	FALSE
Zfp334	chr2	FALSE	FALSE
Gm10354	chr5	FALSE	TRUE
Gm10424	chr5	FALSE	TRUE
Pglyrp4	chr3	FALSE	TRUE
Sbf1	chr15	FALSE	FALSE
Atp1b4	chrX	FALSE	TRUE
Pak4	chr7	FALSE	FALSE
A630076J17Rik	chr3	FALSE	FALSE
Nicn1	chr9	FALSE	FALSE
Gm8871	chr5	FALSE	TRUE
Mre11a	chr9	FALSE	FALSE
Pon1	chr6	FALSE	FALSE
Gm19965	chr1	FALSE	TRUE
Pla2g4a	chr1	FALSE	FALSE
Nsdhl	chrX	FALSE	FALSE
Pmch	chr10	FALSE	TRUE
Deup1	chr9	FALSE	FALSE
Abitram	chr4	FALSE	FALSE
Laptm4a	chr12	FALSE	FALSE
Sh3yl1	chr12	FALSE	FALSE
Ddb1	chr19	FALSE	FALSE
Ecel1	chr1	FALSE	FALSE
Vac14	chr8	FALSE	FALSE
Gm3252	chr14	FALSE	FALSE
AU040320	chr4	FALSE	FALSE
Mastl	chr2	FALSE	TRUE
Mrpl27	chr11	FALSE	FALSE
Vmn1r203	chr13	FALSE	TRUE
Vmn1r10	chr6	FALSE	TRUE
Fam124b	chr1	FALSE	FALSE
Nap1l3	chrX	FALSE	FALSE
Ifnk	chr4	FALSE	FALSE
Psmb10	chr8	FALSE	FALSE
Il18bp	chr7	FALSE	FALSE
Fam71a	chr1	FALSE	FALSE
Zfp142	chr1	FALSE	FALSE
Sp7	chr15	FALSE	FALSE
Zfp169	chr13	FALSE	FALSE
Vmn1r173	chr7	FALSE	TRUE
Pwp2	chr10	FALSE	FALSE
Etfb	chr7	FALSE	FALSE
Pramef12	chr4	FALSE	TRUE
Olfr891	chr9	FALSE	TRUE
Clec4a3	chr6	FALSE	TRUE
Rala	chr13	FALSE	FALSE
Cd209d	chr8	FALSE	TRUE
ccdc198	chr14	FALSE	FALSE
Agtrap	chr4	FALSE	FALSE
Nodal	chr10	FALSE	FALSE
Olfr1283	chr2	FALSE	TRUE
Zic1	chr9	FALSE	FALSE
Tmx1	chr12	FALSE	FALSE
Spink6	chr18	FALSE	TRUE
Sf3a2	chr10	FALSE	FALSE
Pdhb	chr14	FALSE	FALSE
Fam205a1	chr4	FALSE	FALSE
Arv1	chr8	FALSE	FALSE
Vapa	chr17	FALSE	FALSE
Olfr784	chr10	FALSE	TRUE
Gtf2h5	chr17	FALSE	FALSE
Plac8	chr5	FALSE	TRUE
Olfr304	chr7	FALSE	TRUE
Il17re	chr6	FALSE	FALSE
Hsd3b5	chr3	FALSE	TRUE
Olfr994	chr2	FALSE	TRUE
Gm12253	chr11	FALSE	TRUE
Il17a	chr1	FALSE	TRUE
Hs6st1	chr1	FALSE	FALSE
Gorasp2	chr2	FALSE	FALSE
Nat2	chr8	FALSE	TRUE
Kctd5	chr17	FALSE	FALSE
Setd1a	chr7	FALSE	FALSE
Ccdc120	chrX	FALSE	FALSE
Nipsnap3a	chr4	FALSE	TRUE
Cldn34b3	chrX	FALSE	TRUE
Olfr552	chr7	FALSE	TRUE
Ldlrad1	chr4	FALSE	TRUE
Gm11100	chr14	FALSE	TRUE
Tac2	chr10	FALSE	FALSE
Lrrc2	chr9	FALSE	FALSE
Bnip1	chr17	FALSE	TRUE
Slc7a2	chr8	FALSE	FALSE
Aoc1	chr6	FALSE	FALSE
Olfr512	chr7	FALSE	TRUE
Gjb3	chr4	FALSE	FALSE
B230219D22Rik	chr13	FALSE	FALSE
Aqp3	chr4	FALSE	FALSE
4930438A08Rik	chr11	FALSE	TRUE
Tpr	chr1	FALSE	FALSE
Egfl6	chrX	FALSE	FALSE
Bbs1	chr19	FALSE	TRUE
Olfr951	chr9	FALSE	TRUE
Tmem177	chr1	FALSE	FALSE
Il31	chr5	FALSE	TRUE
Cdc42se1	chr3	FALSE	FALSE
Olfr1425	chr19	FALSE	TRUE
Ephb4	chr5	FALSE	FALSE
Ldoc1	chrX	FALSE	FALSE
Pgf	chr12	FALSE	FALSE
Sertm1	chr3	FALSE	FALSE
Vmn1r231	chr17	FALSE	TRUE
Pnisr	chr4	FALSE	FALSE
Selenbp2	chr3	FALSE	TRUE
Sft2d1	chr17	FALSE	FALSE
Tex50	chr1	FALSE	TRUE
1700093K21Rik	chr11	FALSE	TRUE
Zfp40	chr17	FALSE	FALSE
Gm10800	chr2	FALSE	TRUE
Snx5	chr2	FALSE	FALSE
Rab21	chr10	FALSE	FALSE
Rpl36a-ps1	chr14	FALSE	TRUE
2410004P03Rik	chr12	FALSE	FALSE
Zfp14	chr7	FALSE	TRUE
Olfr251	chr9	FALSE	TRUE
Zmynd15	chr11	FALSE	FALSE
Otud6b	chr4	FALSE	FALSE
Rpl3	chr15	FALSE	FALSE
Arf6	chr12	FALSE	FALSE
Yars2	chr16	FALSE	FALSE
B4galnt1	chr10	FALSE	FALSE
Grin2d	chr7	FALSE	FALSE
Fut4	chr9	FALSE	FALSE
Adi1	chr12	FALSE	FALSE
Olfr124	chr17	FALSE	TRUE
Ly6m	chr15	FALSE	FALSE
Olfr825	chr10	FALSE	TRUE
Ttc23l	chr15	FALSE	TRUE
Aadacl4fm1	chr4	FALSE	TRUE
Mylip	chr13	FALSE	FALSE
Cbll1	chr12	FALSE	FALSE
Mrm3	chr11	FALSE	FALSE
Id1	chr2	FALSE	FALSE
Arsi	chr18	FALSE	FALSE
Gm7951	chr14	FALSE	TRUE
Lilra5	chr7	FALSE	TRUE
Adat3	chr10	FALSE	FALSE
Fahd1	chr17	FALSE	FALSE
Mmut	chr17	FALSE	FALSE
Kcne2	chr16	FALSE	TRUE
Znrd1as	chr17	FALSE	FALSE
Twnk	chr19	FALSE	FALSE
Trh	chr6	FALSE	FALSE
B430305J03Rik	chr3	FALSE	FALSE
Dio1	chr4	FALSE	FALSE
Wdr5b	chr16	FALSE	FALSE
Spata24	chr18	FALSE	FALSE
Samd4	chr14	FALSE	FALSE
Gdf7	chr12	FALSE	FALSE
Tgfb1	chr7	FALSE	FALSE
Mob3a	chr10	FALSE	FALSE
Rph3al	chr11	FALSE	FALSE
1810009J06Rik	chr6	FALSE	TRUE
Slc2a6	chr2	FALSE	FALSE
Tnfsf10	chr3	FALSE	FALSE
Vmn2r95	chr17	FALSE	TRUE
Slc6a18	chr13	FALSE	TRUE
Grk3	chr5	FALSE	FALSE
Esp34	chr17	FALSE	TRUE
Gzme	chr14	FALSE	TRUE
Igf2bp1	chr11	FALSE	FALSE
Them6	chr15	FALSE	FALSE
Gm14305	chr2	FALSE	FALSE
Olfr730	chr14	FALSE	TRUE
Efcab12	chr6	FALSE	FALSE
Relb	chr7	FALSE	FALSE
Syndig1	chr2	FALSE	FALSE
Vmn1r174	chr7	FALSE	TRUE
Fam114a2	chr11	FALSE	FALSE
Ccpg1os	chr9	FALSE	TRUE
Med31	chr11	FALSE	FALSE
Gm39115	chr7	FALSE	TRUE
Dnlz	chr2	FALSE	FALSE
BC051665	chr13	FALSE	TRUE
Zfp296	chr7	FALSE	FALSE
Hspb8	chr5	FALSE	FALSE
Gldn	chr9	FALSE	FALSE
Vps37c	chr19	FALSE	FALSE
Olfr166	chr16	FALSE	TRUE
Tnk2	chr16	FALSE	FALSE
Tigd3	chr19	FALSE	FALSE
Olfr813	chr10	FALSE	TRUE
Il33	chr19	FALSE	FALSE
Psph	chr5	FALSE	FALSE
Cep76	chr18	FALSE	FALSE
Dgat2l6	chrX	FALSE	TRUE
Fzd1	chr5	FALSE	FALSE
Olfr1316	chr2	FALSE	TRUE
Gm21188	chr13	FALSE	FALSE
Olfr743	chr14	FALSE	TRUE
Klf17	chr4	FALSE	TRUE
Golgb1	chr16	FALSE	FALSE
Sox1	chr8	FALSE	FALSE
Tmem225	chr9	FALSE	TRUE
Nxnl2	chr13	FALSE	FALSE
Olfr933	chr9	FALSE	TRUE
Esp16	chr17	FALSE	TRUE
Nt5el	chr13	FALSE	FALSE
Klk1	chr7	FALSE	TRUE
Serp1	chr3	FALSE	FALSE
Zfp978	chr4	FALSE	TRUE
Lbx2	chr6	FALSE	FALSE
Serpinb11	chr1	FALSE	TRUE
Zfp957	chr14	FALSE	FALSE
Tef	chr15	FALSE	FALSE
Thg1l	chr11	FALSE	FALSE
Ppp2cb	chr8	FALSE	FALSE
H3c4	chr13	FALSE	FALSE
Itm2b	chr14	FALSE	FALSE
Gpr182	chr10	FALSE	FALSE
Zc3h15	chr2	FALSE	FALSE
Ggct	chr6	FALSE	FALSE
Tut1	chr19	FALSE	FALSE
Prss32	chr17	FALSE	TRUE
Olfr630	chr7	FALSE	TRUE
Hsf2bp	chr17	FALSE	FALSE
Zcchc13	chrX	FALSE	TRUE
Gm13941	chr2	FALSE	TRUE
Akr1c20	chr13	FALSE	TRUE
Tbc1d7	chr13	FALSE	FALSE
Izumo4	chr10	FALSE	FALSE
Gm8011	chr14	FALSE	TRUE
Olfr1113	chr2	FALSE	TRUE
Pigf	chr17	FALSE	FALSE
Olfr1443	chr19	FALSE	TRUE
Elac1	chr18	FALSE	FALSE
Pnpla3	chr15	FALSE	FALSE
Gm15217	chr14	FALSE	FALSE
D5Ertd577e	chr5	FALSE	TRUE
Jchain	chr5	FALSE	TRUE
Mrpl37	chr4	FALSE	FALSE
Naca	chr10	FALSE	FALSE
Peak1	chr9	FALSE	FALSE
Krtap28-10	chr1	FALSE	TRUE
Plppr2	chr9	FALSE	FALSE
Pgrmc2	chr3	FALSE	FALSE
Daam2	chr17	FALSE	FALSE
Cep41	chr6	FALSE	FALSE
Baalc	chr15	FALSE	FALSE
Dusp5	chr19	FALSE	FALSE
Olfr1128	chr2	FALSE	TRUE
Rdh11	chr12	FALSE	FALSE
Gm49416	chr19	FALSE	FALSE
Dnal4	chr15	FALSE	FALSE
Gm1993	chrX	FALSE	TRUE
Fbxo3	chr2	FALSE	FALSE
Cym	chr3	FALSE	FALSE
Lfng	chr5	FALSE	FALSE
Nthl1	chr17	FALSE	FALSE
Tcf25	chr8	FALSE	FALSE
Olfr352	chr2	FALSE	TRUE
Mrps10	chr17	FALSE	FALSE
Slc39a6	chr18	FALSE	FALSE
Insyn1	chr9	FALSE	FALSE
Oprd1	chr4	FALSE	FALSE
Cd27	chr6	FALSE	FALSE
Clrn3	chr7	FALSE	TRUE
Dspp	chr5	FALSE	TRUE
9930111J21Rik2	chr11	FALSE	TRUE
1700030K09Rik	chr8	FALSE	FALSE
Cdk4	chr10	FALSE	FALSE
C1ra	chr6	FALSE	TRUE
Brpf1	chr6	FALSE	FALSE
Cyp2j8	chr4	FALSE	TRUE
Neil3	chr8	FALSE	FALSE
Pdcl	chr2	FALSE	FALSE
Mthfd1	chr12	FALSE	FALSE
St8sia3	chr18	FALSE	FALSE
Ralgds	chr2	FALSE	FALSE
Slc2a7	chr4	FALSE	TRUE
Rnase13	chr14	FALSE	FALSE
Anapc16	chr10	FALSE	FALSE
Zyg11a	chr4	FALSE	FALSE
Hoxd3	chr2	FALSE	FALSE
Myl7	chr11	FALSE	TRUE
Gm13078	chr4	FALSE	TRUE
Olfr1274	chr2	FALSE	TRUE
Smc2	chr4	FALSE	FALSE
Cldnd2	chr7	FALSE	FALSE
Inha	chr1	FALSE	FALSE
Flad1	chr3	FALSE	FALSE
Drc1	chr5	FALSE	FALSE
Gm17027	chr14	FALSE	TRUE
Gm4559	chr7	FALSE	TRUE
Krt7	chr15	FALSE	FALSE
Eva1b	chr4	FALSE	FALSE
Fbxo38	chr18	FALSE	FALSE
Lgals4	chr7	FALSE	TRUE
Zfp354a	chr11	FALSE	FALSE
Defb3	chr8	FALSE	TRUE
Tex13a	chrX	FALSE	TRUE
Itgb1bp2	chrX	FALSE	FALSE
Socs3	chr11	FALSE	FALSE
Fmnl1	chr11	FALSE	FALSE
Hus1	chr11	FALSE	FALSE
Cd72	chr4	FALSE	FALSE
Tpm2	chr4	FALSE	FALSE
Gm597	chr1	FALSE	TRUE
Uros	chr7	FALSE	FALSE
Cga	chr4	FALSE	TRUE
E130208F15Rik	chr7	FALSE	FALSE
Ccdc105	chr10	FALSE	FALSE
Cgas	chr9	FALSE	FALSE
Sprr2d	chr3	FALSE	TRUE
Klhdc1	chr12	FALSE	FALSE
Dap	chr15	FALSE	FALSE
Vmn2r109	chr17	FALSE	TRUE
Cln6	chr9	FALSE	FALSE
Cbarp	chr10	FALSE	FALSE
Tti2	chr8	FALSE	FALSE
Zscan18	chr7	FALSE	FALSE
Zfp105	chr9	FALSE	FALSE
Olfr1286	chr2	FALSE	TRUE
Defb15	chr8	FALSE	TRUE
Fam209	chr2	FALSE	TRUE
Ly6g	chr15	FALSE	TRUE
Mmp2	chr8	FALSE	FALSE
Yipf2	chr9	FALSE	FALSE
Timm13	chr10	FALSE	FALSE
Nae1	chr8	FALSE	FALSE
Olfr1408	chr1	FALSE	TRUE
Hand1	chr11	FALSE	FALSE
Kcnu1	chr8	FALSE	TRUE
Krt32	chr11	FALSE	TRUE
Homer3	chr8	FALSE	FALSE
Cnp	chr11	FALSE	FALSE
Poteg	chr8	FALSE	TRUE
Robo3	chr9	FALSE	FALSE
Vwa5b2	chr16	FALSE	FALSE
Rap1gds1	chr3	FALSE	FALSE
Odam	chr5	FALSE	TRUE
Tomm7	chr5	FALSE	FALSE
Nek8	chr11	FALSE	FALSE
Mtch2	chr2	FALSE	FALSE
Dennd11	chr6	FALSE	FALSE
Prb1	chr6	FALSE	TRUE
Zdhhc4	chr5	FALSE	FALSE
Mphosph10	chr7	FALSE	FALSE
Sall1	chr8	FALSE	FALSE
Olfr218	chr1	FALSE	TRUE
Olfr895	chr9	FALSE	TRUE
Marcksl1	chr4	FALSE	FALSE
Olfr412	chr11	FALSE	TRUE
Ube2v1	chr2	FALSE	FALSE
Ufc1	chr1	FALSE	FALSE
Zfp831	chr2	FALSE	FALSE
Gm3642	chr14	FALSE	TRUE
Nit2	chr16	FALSE	FALSE
Olfr146	chr9	FALSE	TRUE
Gm3667	chr14	FALSE	FALSE
Cylc1	chrX	FALSE	TRUE
1700010B08Rik	chr2	FALSE	TRUE
Olfr918	chr9	FALSE	TRUE
Tespa1	chr10	FALSE	TRUE
Cebpe	chr14	FALSE	TRUE
Olfr845	chr9	FALSE	TRUE
Spink4	chr4	FALSE	TRUE
Nbdy	chrX	FALSE	FALSE
Mpig6b	chr17	FALSE	FALSE
Nup88	chr11	FALSE	FALSE
Rpl29	chr9	FALSE	FALSE
Fgl2	chr5	FALSE	FALSE
Unc119	chr11	FALSE	FALSE
Gimap3	chr6	FALSE	TRUE
Rpl10a	chr17	FALSE	FALSE
Tnni3	chr7	FALSE	FALSE
Ncbp2	chr16	FALSE	FALSE
Kmt5a	chr5	FALSE	FALSE
Tmem74bos	chr2	FALSE	TRUE
Eif2b4	chr5	FALSE	FALSE
Triap1	chr5	FALSE	FALSE
Sfn	chr4	FALSE	FALSE
Perm1	chr4	FALSE	FALSE
C1ql3	chr2	FALSE	FALSE
Dda1	chr8	FALSE	FALSE
Prr15	chr6	FALSE	FALSE
Lactbl1	chr4	FALSE	FALSE
Tigd2	chr6	FALSE	FALSE
Shisa2	chr14	FALSE	FALSE
Gm3417	chr17	FALSE	FALSE
Klk11	chr7	FALSE	TRUE
Saysd1	chr14	FALSE	FALSE
Sox14	chr9	FALSE	FALSE
Rbm48	chr5	FALSE	FALSE
Kcnj16	chr11	FALSE	TRUE
Ubl4b	chr3	FALSE	TRUE
Tmem98	chr11	FALSE	FALSE
Vmn2r70	chr7	FALSE	TRUE
Gm17026	chr14	FALSE	TRUE
Olfr521	chr7	FALSE	TRUE
Olfr398	chr11	FALSE	TRUE
Sult6b1	chr17	FALSE	FALSE
Srp54c	chr12	FALSE	FALSE
Txndc2	chr17	FALSE	TRUE
Cyp4a14	chr4	FALSE	TRUE
Olfr612	chr7	FALSE	TRUE
Nrsn1	chr13	FALSE	FALSE
Lilra6	chr7	FALSE	TRUE
Exosc2	chr2	FALSE	FALSE
1700019N19Rik	chr19	FALSE	TRUE
Vmn1r216	chr13	FALSE	TRUE
C1qbp	chr11	FALSE	FALSE
Prps1l3	chr12	FALSE	FALSE
Ptk6	chr2	FALSE	TRUE
Ap2s1	chr7	FALSE	FALSE
Zfp964	chr8	FALSE	FALSE
Snrpd3	chr10	FALSE	FALSE
Ntan1	chr16	FALSE	FALSE
Exosc5	chr7	FALSE	FALSE
Atraid	chr5	FALSE	FALSE
Thumpd1	chr7	FALSE	FALSE
Smpd1	chr7	FALSE	FALSE
Rnf11	chr4	FALSE	FALSE
Gnl3	chr14	FALSE	FALSE
Mars1	chr10	FALSE	FALSE
Gpr39	chr1	FALSE	FALSE
Papss1	chr3	FALSE	FALSE
Gnrhr	chr5	FALSE	FALSE
Svs6	chr2	FALSE	TRUE
Lysmd3	chr13	FALSE	FALSE
Ndufa6	chr15	FALSE	FALSE
Mcee	chr7	FALSE	FALSE
Bag3	chr7	FALSE	FALSE
Nqo2	chr13	FALSE	FALSE
Olfr384	chr11	FALSE	TRUE
Tmem179b	chr19	FALSE	FALSE
Zfp111	chr7	FALSE	FALSE
Gm16506	chr14	FALSE	TRUE
Fkbp11	chr15	FALSE	FALSE
Cd96	chr16	FALSE	FALSE
Sap25	chr5	FALSE	FALSE
Krt77	chr15	FALSE	FALSE
Tas2r103	chr6	FALSE	TRUE
Gm47791	chr1	FALSE	TRUE
Plek2	chr12	FALSE	FALSE
Paqr4	chr17	FALSE	FALSE
1700001C19Rik	chr17	FALSE	FALSE
Fam24b	chr7	FALSE	TRUE
Mrgprx1	chr7	FALSE	TRUE
Tlcd1	chr11	FALSE	FALSE
Aurkb	chr11	FALSE	FALSE
Ppp1r18	chr17	FALSE	FALSE
Olfr1249	chr2	FALSE	TRUE
Gm17555	chr2	FALSE	TRUE
Zfp563	chr17	FALSE	FALSE
Abcg4	chr9	FALSE	FALSE
Cstf1	chr2	FALSE	FALSE
Olfr147	chr9	FALSE	TRUE
Ankrd31	chr13	FALSE	FALSE
Armc12	chr17	FALSE	TRUE
Gas8	chr8	FALSE	FALSE
Olfr374	chr8	FALSE	TRUE
Anapc15-ps	chr10	FALSE	TRUE
Ldlrap1	chr4	FALSE	FALSE
Fmo1	chr1	FALSE	FALSE
Dctn2	chr10	FALSE	FALSE
Mfap2	chr4	FALSE	FALSE
Vmn1r196	chr13	FALSE	TRUE
Itpripl1	chr2	FALSE	FALSE
Poli	chr18	FALSE	FALSE
Dalrd3	chr9	FALSE	FALSE
Ociad2	chr5	FALSE	FALSE
Tac1	chr6	FALSE	FALSE
Sqle	chr15	FALSE	FALSE
Prdm12	chr2	FALSE	FALSE
Olfr1176	chr2	FALSE	TRUE
Inpp1	chr1	FALSE	FALSE
Pate14	chr9	FALSE	TRUE
Capn6	chrX	FALSE	FALSE
Olfr331	chr11	FALSE	TRUE
Ccl12	chr11	FALSE	TRUE
Klhl41	chr2	FALSE	TRUE
Satb1	chr17	FALSE	FALSE
Kcnj14	chr7	FALSE	FALSE
Ucp2	chr7	FALSE	FALSE
4932429P05Rik	chrX	FALSE	TRUE
Srsf7	chr17	FALSE	FALSE
Prss36	chr7	FALSE	FALSE
Srsf6	chr2	FALSE	FALSE
Mrpl39	chr16	FALSE	FALSE
Gstm2	chr3	FALSE	TRUE
4930550C14Rik	chr9	FALSE	FALSE
Tas2r108	chr6	FALSE	TRUE
Mdk	chr2	FALSE	FALSE
Cercam	chr2	FALSE	FALSE
Adamts6	chr13	FALSE	FALSE
Prelid3b	chr2	FALSE	FALSE
Pxdc1	chr13	FALSE	FALSE
Il13ra2	chrX	FALSE	TRUE
Gm3404	chr5	FALSE	TRUE
Gm38393	chr7	FALSE	FALSE
Pecr	chr1	FALSE	FALSE
Slc16a12	chr19	FALSE	FALSE
Gzf1	chr2	FALSE	FALSE
Cldnd1	chr16	FALSE	FALSE
Olfr194	chr16	FALSE	TRUE
Znhit6	chr3	FALSE	FALSE
Cd19	chr7	FALSE	FALSE
Zfp936	chr7	FALSE	TRUE
Baiap2l2	chr15	FALSE	FALSE
Olfr183	chr16	FALSE	TRUE
Evi2b	chr11	FALSE	FALSE
Olfr638	chr7	FALSE	TRUE
Hspa1l	chr17	FALSE	FALSE
Prop1	chr11	FALSE	FALSE
Nr1i3	chr1	FALSE	TRUE
Sephs1	chr2	FALSE	FALSE
Olfr766-ps1	chr10	FALSE	TRUE
Shcbp1	chr8	FALSE	FALSE
Bace2	chr16	FALSE	FALSE
Scnm1	chr3	FALSE	FALSE
Fis1	chr5	FALSE	FALSE
Olfr491	chr7	FALSE	TRUE
Atp6v0d2	chr4	FALSE	FALSE
Napsa	chr7	FALSE	FALSE
Tmem25	chr9	FALSE	FALSE
Olfr1196	chr2	FALSE	TRUE
Slc5a6	chr5	FALSE	FALSE
Hs3st2	chr7	FALSE	FALSE
Ankrd52	chr10	FALSE	FALSE
4930451I11Rik	chr7	FALSE	TRUE
Smco1	chr16	FALSE	TRUE
Msx3	chr7	FALSE	FALSE
Olfr480	chr7	FALSE	TRUE
Rtp3	chr9	FALSE	TRUE
Mill2	chr7	FALSE	TRUE
Cript	chr17	FALSE	FALSE
Nudt9	chr5	FALSE	FALSE
S100a10	chr3	FALSE	FALSE
Rhbdd3	chr11	FALSE	FALSE
Tmem198b	chr10	FALSE	FALSE
Kdm5a	chr6	FALSE	FALSE
Slc22a12	chr19	FALSE	FALSE
Tusc2	chr9	FALSE	FALSE
Kng2	chr16	FALSE	FALSE
Acot1	chr12	FALSE	FALSE
Epb41l4a	chr18	FALSE	FALSE
Olfr1148	chr2	FALSE	TRUE
Epor	chr9	FALSE	FALSE
Unc13d	chr11	FALSE	FALSE
Hexim2	chr11	FALSE	FALSE
Eif2b5	chr16	FALSE	FALSE
Nup62	chr7	FALSE	FALSE
Hey2	chr10	FALSE	FALSE
Adm	chr7	FALSE	FALSE
Cep55	chr19	FALSE	FALSE
Tuba1b	chr15	FALSE	FALSE
Rfxank	chr8	FALSE	FALSE
Ggt1	chr10	FALSE	FALSE
Cyp7a1	chr4	FALSE	TRUE
Psma7	chr2	FALSE	FALSE
Sp5	chr2	FALSE	FALSE
Kctd19	chr8	FALSE	FALSE
Ces2b	chr8	FALSE	TRUE
Catsper2	chr2	FALSE	FALSE
Tpd52l2	chr2	FALSE	FALSE
Marchf5	chr19	FALSE	FALSE
Atpif1	chr4	FALSE	FALSE
Ddah2	chr17	FALSE	TRUE
Zfp758	chr17	FALSE	TRUE
Car12	chr9	FALSE	FALSE
Gm49368	chr7	FALSE	FALSE
Hs3st3b1	chr11	FALSE	FALSE
Hspa1a	chr17	FALSE	FALSE
Ccl28	chr13	FALSE	FALSE
Atp10b	chr11	FALSE	FALSE
Frat1	chr19	FALSE	FALSE
Il17rc	chr6	FALSE	FALSE
Gin1	chr1	FALSE	FALSE
Psmb5	chr14	FALSE	FALSE
Nat14	chr7	FALSE	FALSE
Kbtbd7	chr14	FALSE	FALSE
Mrm2	chr5	FALSE	FALSE
Magi2	chr5	FALSE	FALSE
Tomm34	chr2	FALSE	FALSE
Olfr341	chr2	FALSE	TRUE
Olfr312	chr11	FALSE	TRUE
Tmem159	chr7	FALSE	FALSE
Capn15	chr17	FALSE	FALSE
Sergef	chr7	FALSE	FALSE
Rnf183	chr4	FALSE	FALSE
Adgrf3	chr5	FALSE	TRUE
Olfr716	chr7	FALSE	TRUE
Fabp4	chr3	FALSE	TRUE
Gm15130	chr2	FALSE	TRUE
Erfl	chr7	FALSE	FALSE
Lamtor2	chr3	FALSE	FALSE
Olfr750	chr14	FALSE	FALSE
Srm	chr4	FALSE	FALSE
Hps1	chr19	FALSE	FALSE
Cdk7	chr13	FALSE	FALSE
Ifi44	chr3	FALSE	TRUE
Fbxo30	chr10	FALSE	FALSE
Ypel2	chr11	FALSE	FALSE
Tmem8	chr17	FALSE	FALSE
Ufsp2	chr8	FALSE	FALSE
Apeh	chr9	FALSE	FALSE
Olfr1384	chr11	FALSE	TRUE
Mccc1	chr3	FALSE	FALSE
Fdx2	chr9	FALSE	FALSE
Gm45623	chr13	FALSE	FALSE
Oscp1	chr4	FALSE	FALSE
Idh3g	chrX	FALSE	FALSE
Lemd3	chr10	FALSE	FALSE
Olfr1424	chr19	FALSE	TRUE
Olfr560	chr7	FALSE	TRUE
Rbm12	chr2	FALSE	FALSE
Coq2	chr5	FALSE	FALSE
Tnfsf9	chr17	FALSE	FALSE
Itgbl1	chr14	FALSE	FALSE
Crip2	chr12	FALSE	FALSE
Olfr391	chr11	FALSE	TRUE
B4galnt4	chr7	FALSE	FALSE
Rhox7b	chrX	FALSE	TRUE
Lgi3	chr14	FALSE	FALSE
Eef1akmt1	chr14	FALSE	FALSE
Spata21	chr4	FALSE	FALSE
Gpi1	chr7	FALSE	FALSE
Katnbl1	chr2	FALSE	FALSE
Olfr285	chr15	FALSE	TRUE
Mak	chr13	FALSE	FALSE
Cd244a	chr1	FALSE	FALSE
Rnf25	chr1	FALSE	FALSE
Rhox4c	chrX	FALSE	TRUE
Olfr960	chr9	FALSE	TRUE
Spata31d1c	chr13	FALSE	TRUE
S100a6	chr3	FALSE	FALSE
Gm49396	chr7	FALSE	FALSE
Slc15a5	chr6	FALSE	TRUE
Rfng	chr11	FALSE	FALSE
Ifit1	chr19	FALSE	TRUE
Grm7	chr6	FALSE	FALSE
Pkd2l2	chr18	FALSE	FALSE
Gpn1	chr5	FALSE	FALSE
C9	chr15	FALSE	TRUE
Dusp18	chr11	FALSE	FALSE
Gm5141	chr13	FALSE	FALSE
Slc10a3	chrX	FALSE	FALSE
Krtap9-1	chr11	FALSE	TRUE
Zc3h8	chr2	FALSE	TRUE
Pla2g4f	chr2	FALSE	FALSE
Drd4	chr7	FALSE	FALSE
Pvrig	chr5	FALSE	TRUE
Arf5	chr6	FALSE	FALSE
Olfr1204	chr2	FALSE	TRUE
Igbp1b	chr6	FALSE	TRUE
Pycr2	chr1	FALSE	FALSE
Olfr1109	chr2	FALSE	TRUE
Ugt2b34	chr5	FALSE	TRUE
Tspan2	chr3	FALSE	FALSE
Olfr1555-ps1	chr19	FALSE	TRUE
Il1f5	chr2	FALSE	TRUE
Fcna	chr2	FALSE	TRUE
Olfr812	chr10	FALSE	TRUE
Mmp27	chr9	FALSE	TRUE
Olfr91	chr17	FALSE	TRUE
Batf3	chr1	FALSE	FALSE
Toporsl	chr4	FALSE	TRUE
Cxcr4	chr1	FALSE	FALSE
Ehf	chr2	FALSE	FALSE
Parp16	chr9	FALSE	FALSE
Ltbp4	chr7	FALSE	FALSE
Eef1aknmt	chr1	FALSE	FALSE
AF366264	chr8	FALSE	TRUE
Nifk	chr1	FALSE	FALSE
Gm14410	chr2	FALSE	FALSE
Anp32b	chr4	FALSE	FALSE
Gm5640	chrX	FALSE	TRUE
Lhx5	chr5	FALSE	FALSE
2610528J11Rik	chr4	FALSE	TRUE
4921504E06Rik	chr2	FALSE	FALSE
Erp27	chr6	FALSE	FALSE
Armcx2	chrX	FALSE	FALSE
Thoc3	chr13	FALSE	FALSE
Dolk	chr2	FALSE	FALSE
Acrbp	chr6	FALSE	FALSE
Dnase1l3	chr14	FALSE	TRUE
Tmem128	chr5	FALSE	FALSE
Rbm39	chr2	FALSE	FALSE
Zfp408	chr2	FALSE	FALSE
Cacng6	chr7	FALSE	FALSE
Rfc4	chr16	FALSE	FALSE
Rps17	chr7	FALSE	FALSE
Ybx3	chr6	FALSE	FALSE
Olfr1509	chr14	FALSE	TRUE
Gm6526	chr14	FALSE	TRUE
Ly6c1	chr15	FALSE	TRUE
Acvr1c	chr2	FALSE	FALSE
Scx	chr15	FALSE	FALSE
Olfr911-ps1	chr9	FALSE	TRUE
Zfp811	chr17	FALSE	FALSE
Olfr1140	chr2	FALSE	TRUE
Cldn34c2	chrX	FALSE	TRUE
Csrnp1	chr9	FALSE	FALSE
Terb1	chr8	FALSE	FALSE
Fech	chr18	FALSE	FALSE
Gpr85	chr6	FALSE	FALSE
Arcn1	chr9	FALSE	FALSE
Scara3	chr14	FALSE	FALSE
Zfp467	chr6	FALSE	FALSE
Fzd9	chr5	FALSE	FALSE
Aspdh	chr7	FALSE	FALSE
Srf	chr17	FALSE	FALSE
Cdc37	chr9	FALSE	FALSE
Rcor2	chr19	FALSE	FALSE
Allc	chr12	FALSE	TRUE
Angptl8	chr9	FALSE	TRUE
Lsmem2	chr9	FALSE	FALSE
Fabp7	chr10	FALSE	FALSE
Pole	chr5	FALSE	FALSE
Nkx6-1	chr5	FALSE	FALSE
Dcun1d5	chr9	FALSE	FALSE
Sox3	chrX	FALSE	FALSE
Rgs21	chr1	FALSE	TRUE
Prl2c5	chr13	FALSE	TRUE
Ndufs7	chr10	FALSE	FALSE
Rab24	chr13	FALSE	FALSE
Pitx1	chr13	FALSE	FALSE
Bpifb1	chr2	FALSE	TRUE
Jtb	chr3	FALSE	FALSE
Btn1a1	chr13	FALSE	FALSE
Loxl3	chr6	FALSE	FALSE
Ubl7	chr9	FALSE	FALSE
Gm17018	chr19	FALSE	FALSE
Vmn1r82	chr7	FALSE	TRUE
A3galt2	chr4	FALSE	FALSE
Mxd4	chr5	FALSE	FALSE
Ifna15	chr4	FALSE	TRUE
Smoc1	chr12	FALSE	FALSE
Gnai2	chr9	FALSE	FALSE
Gm9774	chr3	FALSE	TRUE
Btg1	chr10	FALSE	FALSE
Csrp3	chr7	FALSE	FALSE
Rabl2	chr15	FALSE	FALSE
Clic1	chr17	FALSE	FALSE
Dnajb9	chr12	FALSE	FALSE
Vmn2r83	chr10	FALSE	TRUE
Cdkn2aipnl	chr11	FALSE	FALSE
Cct7	chr6	FALSE	FALSE
Dctd	chr8	FALSE	FALSE
Cd5l	chr3	FALSE	TRUE
Sfpq	chr4	FALSE	FALSE
Gm527	chr12	FALSE	FALSE
Efna5	chr17	FALSE	FALSE
Ipo5	chr14	FALSE	FALSE
Vmn1r44	chr6	FALSE	TRUE
A030005L19Rik	chr1	FALSE	TRUE
Olfr796	chr10	FALSE	TRUE
Tmem86a	chr7	FALSE	FALSE
Smoc2	chr17	FALSE	FALSE
Xkr7	chr2	FALSE	FALSE
Olfr726	chr14	FALSE	TRUE
Osgepl1	chr1	FALSE	FALSE
Cox7b	chrX	FALSE	FALSE
Zfp488	chr14	FALSE	FALSE
Adamts10	chr17	FALSE	FALSE
Hipk1	chr3	FALSE	FALSE
A1cf	chr19	FALSE	TRUE
Unk	chr11	FALSE	FALSE
Olfr138	chr17	FALSE	TRUE
Gm8108	chr14	FALSE	FALSE
Serpinb6c	chr13	FALSE	TRUE
Olfr1048	chr2	FALSE	TRUE
Olfr1358	chr10	FALSE	TRUE
Cbr4	chr8	FALSE	FALSE
Olfr548-ps1	chr7	FALSE	TRUE
Ids	chrX	FALSE	FALSE
Adam1b	chr5	FALSE	TRUE
Rps5	chr7	FALSE	FALSE
Olfr776	chr10	FALSE	TRUE
Olfr456	chr6	FALSE	TRUE
Mal2	chr15	FALSE	FALSE
Xpo5	chr17	FALSE	FALSE
Gm12830	chr4	FALSE	FALSE
Rmi1	chr13	FALSE	FALSE
Mlf2	chr6	FALSE	FALSE
Rag2	chr2	FALSE	FALSE
Akr1b3	chr6	FALSE	FALSE
Gm20741	chr16	FALSE	FALSE
Krt27	chr11	FALSE	TRUE
Tedc2	chr17	FALSE	FALSE
Plgrkt	chr19	FALSE	FALSE
Nkap	chrX	FALSE	FALSE
Mblac1	chr5	FALSE	FALSE
Galt	chr4	FALSE	FALSE
Iqcn	chr8	FALSE	FALSE
Fam227a	chr15	FALSE	FALSE
Vmn1r226	chr17	FALSE	TRUE
Apba3	chr10	FALSE	FALSE
H2bu2	chr11	FALSE	FALSE
Zfp141	chr7	FALSE	FALSE
Gm5795	chr14	FALSE	TRUE
Cplane2	chr4	FALSE	TRUE
Sycp2	chr2	FALSE	TRUE
Prr22	chr17	FALSE	TRUE
Tmem100	chr11	FALSE	FALSE
Olfr479	chr7	FALSE	TRUE
Socs1	chr16	FALSE	FALSE
1700122O11Rik	chr17	FALSE	TRUE
Ccin	chr4	FALSE	FALSE
Vmn2r124	chr17	FALSE	TRUE
Kcnk16	chr14	FALSE	FALSE
Parp11	chr6	FALSE	FALSE
Snrpg	chr6	FALSE	FALSE
Slc38a9	chr13	FALSE	FALSE
Serpinh1	chr7	FALSE	FALSE
Nmur1	chr1	FALSE	FALSE
Prl7a2	chr13	FALSE	TRUE
Rpusd4	chr9	FALSE	FALSE
Amhr2	chr15	FALSE	TRUE
AW549877	chr15	FALSE	FALSE
Acads	chr5	FALSE	FALSE
Mrpl52	chr14	FALSE	TRUE
4930402F06Rik	chr2	FALSE	FALSE
Pus7l	chr15	FALSE	FALSE
Ndufa13	chr8	FALSE	FALSE
Slc25a47	chr12	FALSE	FALSE
Olfr1104	chr2	FALSE	TRUE
Ubr7	chr12	FALSE	FALSE
Olfr768	chr10	FALSE	TRUE
Ing3	chr6	FALSE	FALSE
Dmtn	chr14	FALSE	FALSE
Evx2	chr2	FALSE	FALSE
Vmn1r42	chr6	FALSE	TRUE
Tmem255a	chrX	FALSE	FALSE
Maged2	chrX	FALSE	FALSE
Arrdc3	chr13	FALSE	FALSE
Spta1	chr1	FALSE	TRUE
Gm13083	chr4	FALSE	TRUE
Gpaa1	chr15	FALSE	FALSE
AI429214	chr8	FALSE	FALSE
Atg14	chr14	FALSE	FALSE
Zfp52	chr17	FALSE	FALSE
4933403O08Rik	chrX	FALSE	TRUE
Hck	chr2	FALSE	FALSE
4930404H24Rik	chr2	FALSE	FALSE
Fbxl6	chr15	FALSE	FALSE
Gm4027	chr12	FALSE	TRUE
Zfp36l1	chr12	FALSE	FALSE
Gm16181	chr17	FALSE	FALSE
Pop4	chr7	FALSE	FALSE
Clip3	chr7	FALSE	FALSE
Tmem17	chr11	FALSE	FALSE
Prps1	chrX	FALSE	FALSE
Glipr1l2	chr10	FALSE	TRUE
A730046J19Rik	chrX	FALSE	FALSE
Tmem246	chr4	FALSE	FALSE
Shc1	chr3	FALSE	FALSE
Erf	chr7	FALSE	FALSE
Id4	chr13	FALSE	FALSE
Snap23	chr2	FALSE	FALSE
H3c2	chr13	FALSE	FALSE
Fgf16	chrX	FALSE	FALSE
Cldn16	chr16	FALSE	TRUE
Vmn1r189	chr13	FALSE	TRUE
Olfr1344	chr7	FALSE	TRUE
Gm3095	chr14	FALSE	TRUE
Obsl1	chr1	FALSE	FALSE
U2af1l4	chr7	FALSE	FALSE
Mef2d	chr3	FALSE	FALSE
Rpl37a	chr1	FALSE	FALSE
G0s2	chr1	FALSE	FALSE
Bckdk	chr7	FALSE	FALSE
Gal3st2	chr1	FALSE	FALSE
Card14	chr11	FALSE	TRUE
Rpl9	chr5	FALSE	FALSE
Tstd2	chr4	FALSE	FALSE
Ppp1r3e	chr14	FALSE	FALSE
Rcvrn	chr11	FALSE	TRUE
Espnl	chr1	FALSE	FALSE
Xlr3c	chrX	FALSE	TRUE
Apol10b	chr15	FALSE	TRUE
Lipk	chr19	FALSE	TRUE
Klk15	chr7	FALSE	TRUE
Gdpd2	chrX	FALSE	FALSE
Aplnr	chr2	FALSE	FALSE
Prss47	chr13	FALSE	TRUE
Cisd3	chr11	FALSE	FALSE
Entpd2	chr2	FALSE	FALSE
Zdhhc18	chr4	FALSE	FALSE
Akap3	chr6	FALSE	FALSE
Gje1	chr10	FALSE	TRUE
Apoc1	chr7	FALSE	FALSE
Gtsf2	chr15	FALSE	TRUE
Olfr472	chr7	FALSE	TRUE
Cd226	chr18	FALSE	TRUE
Il1f6	chr2	FALSE	TRUE
Ube2i	chr17	FALSE	FALSE
Gpr63	chr4	FALSE	FALSE
Fam167b	chr4	FALSE	FALSE
Castor2	chr5	FALSE	FALSE
Olfr1175	chr2	FALSE	TRUE
Ccl17	chr8	FALSE	TRUE
Dnase1	chr16	FALSE	TRUE
Tmem30c	chr16	FALSE	TRUE
Cmc1	chr9	FALSE	FALSE
Sgcz	chr8	FALSE	FALSE
Hist1h2bp	chr13	FALSE	FALSE
Maged1	chrX	FALSE	FALSE
Gm8104	chr14	FALSE	TRUE
Srpk1	chr17	FALSE	FALSE
Ccnc	chr4	FALSE	FALSE
Msmo1	chr8	FALSE	FALSE
Prcd	chr11	FALSE	FALSE
Fmo2	chr1	FALSE	TRUE
Olfr698	chr7	FALSE	TRUE
Rab12	chr17	FALSE	FALSE
Adh6b	chr3	FALSE	TRUE
Vmn2r117	chr17	FALSE	TRUE
Slurp1	chr15	FALSE	FALSE
9530003J23Rik	chr10	FALSE	TRUE
Paxip1	chr5	FALSE	FALSE
Tnp1	chr1	FALSE	TRUE
Cenpm	chr15	FALSE	FALSE
Mfsd4b4	chr10	FALSE	FALSE
Xkrx	chrX	FALSE	TRUE
Pgm3	chr9	FALSE	FALSE
Dusp10	chr1	FALSE	FALSE
Rbak	chr5	FALSE	FALSE
Zfp513	chr5	FALSE	FALSE
Tmprss11b	chr5	FALSE	TRUE
Gtpbp8	chr16	FALSE	FALSE
Slc35a2	chrX	FALSE	FALSE
Olfr318	chr11	FALSE	TRUE
Cd93	chr2	FALSE	FALSE
Olfr60	chr7	FALSE	TRUE
Rps16	chr7	FALSE	FALSE
Dmrtb1	chr4	FALSE	FALSE
Mcm10	chr2	FALSE	FALSE
Nme6	chr9	FALSE	TRUE
Tspan14	chr14	FALSE	FALSE
Teddm1b	chr1	FALSE	TRUE
Olfr209	chr16	FALSE	TRUE
Tra2b	chr16	FALSE	FALSE
Prss2	chr6	FALSE	TRUE
Nxf1	chr19	FALSE	FALSE
Slc5a4b	chr10	FALSE	FALSE
Olfr220	chr1	FALSE	TRUE
Spns1	chr7	FALSE	FALSE
Minar1	chr9	FALSE	FALSE
Bpifa3	chr2	FALSE	TRUE
Olfr1315-ps1	chr2	FALSE	TRUE
Llph	chr10	FALSE	FALSE
Kdelr1	chr7	FALSE	FALSE
Fgf22	chr10	FALSE	FALSE
Smyd2	chr1	FALSE	FALSE
Rnf212b	chr14	FALSE	TRUE
Ccdc32	chr2	FALSE	FALSE
Defb7	chr8	FALSE	TRUE
Krt81	chr15	FALSE	FALSE
Trmt12	chr15	FALSE	FALSE
Apobr	chr7	FALSE	FALSE
Smim17	chr7	FALSE	FALSE
Gm36176	chr10	FALSE	FALSE
Dele1	chr18	FALSE	FALSE
Bcl7b	chr5	FALSE	FALSE
Tmem63a	chr1	FALSE	FALSE
Olfr764-ps1	chr10	FALSE	TRUE
Cgnl1	chr9	FALSE	FALSE
Perp	chr10	FALSE	FALSE
Zfp871	chr17	FALSE	FALSE
Gm11596	chr11	FALSE	TRUE
BC107364	chr3	FALSE	FALSE
Serpinb6b	chr13	FALSE	TRUE
Eif3g	chr9	FALSE	FALSE
Csnk1g2	chr10	FALSE	FALSE
Alkbh1	chr12	FALSE	FALSE
Lyz1	chr10	FALSE	TRUE
Gm21190	chr5	FALSE	TRUE
Slc5a4a	chr10	FALSE	TRUE
Lyg2	chr1	FALSE	TRUE
Plpp4	chr7	FALSE	FALSE
Skiv2l	chr17	FALSE	TRUE
Olfr1211	chr2	FALSE	TRUE
Vmn1r188	chr13	FALSE	TRUE
Selenoo	chr15	FALSE	FALSE
Atf4	chr15	FALSE	FALSE
Dnm1l	chr16	FALSE	FALSE
1700030J22Rik	chr8	FALSE	FALSE
Pex11a	chr7	FALSE	TRUE
Acd	chr8	FALSE	FALSE
Gm3002	chr14	FALSE	FALSE
Gpr37l1	chr1	FALSE	TRUE
Rhox4f	chrX	FALSE	TRUE
Trim31	chr17	FALSE	TRUE
Rom1	chr19	FALSE	FALSE
Phc2	chr4	FALSE	FALSE
Atp6v1c1	chr15	FALSE	FALSE
Slc15a2	chr16	FALSE	FALSE
Efcab9	chr11	FALSE	TRUE
Gramd1c	chr16	FALSE	FALSE
Mettl14	chr3	FALSE	FALSE
Fdps	chr3	FALSE	FALSE
Myoz3	chr18	FALSE	TRUE
Clic3	chr2	FALSE	FALSE
Atg10	chr13	FALSE	FALSE
P2ry10b	chrX	FALSE	TRUE
Ttc34	chr4	FALSE	FALSE
Timm44	chr8	FALSE	FALSE
Sec24c	chr14	FALSE	FALSE
Proser3	chr7	FALSE	FALSE
Trat1	chr16	FALSE	FALSE
Herc3	chr6	FALSE	FALSE
Zfp626	chr7	FALSE	TRUE
Eloa	chr4	FALSE	FALSE
Myrf	chr19	FALSE	FALSE
Slc27a3	chr3	FALSE	FALSE
Cfap298	chr16	FALSE	FALSE
Golga1	chr2	FALSE	FALSE
AI467606	chr7	FALSE	TRUE
Lin28a	chr4	FALSE	FALSE
Tlr6	chr5	FALSE	TRUE
Rbm8a	chr3	FALSE	FALSE
Klra6	chr6	FALSE	TRUE
Foxa1	chr12	FALSE	FALSE
Olfr676	chr7	FALSE	TRUE
Zfp560	chr9	FALSE	FALSE
Tex47	chr5	FALSE	TRUE
Olfr1193	chr2	FALSE	TRUE
Btg2	chr1	FALSE	FALSE
Rbm44	chr1	FALSE	TRUE
Ankrd33	chr15	FALSE	TRUE
Pdxk	chr10	FALSE	FALSE
Vmn2r58	chr7	FALSE	TRUE
Atp6v0c	chr17	FALSE	FALSE
Rhbdf1	chr11	FALSE	FALSE
Pla2g2c	chr4	FALSE	FALSE
Vmn1r20	chr6	FALSE	TRUE
Tmem8b	chr4	FALSE	FALSE
Cav1	chr6	FALSE	FALSE
Mybpc3	chr2	FALSE	FALSE
Hdac5	chr11	FALSE	FALSE
Selenon	chr4	FALSE	FALSE
Hsd3b6	chr3	FALSE	TRUE
Vmn2r49	chr7	FALSE	TRUE
Tmco2	chr4	FALSE	TRUE
Vmn1r23	chr6	FALSE	TRUE
Vmn2r62	chr7	FALSE	TRUE
Trappc1	chr11	FALSE	FALSE
Ccdc40	chr11	FALSE	FALSE
Olfr108	chr17	FALSE	TRUE
Actl11	chr9	FALSE	FALSE
Olfr1505	chr19	FALSE	TRUE
Cdc45	chr16	FALSE	FALSE
Slc22a13	chr9	FALSE	TRUE
Tmprss11a	chr5	FALSE	FALSE
Lin9	chr1	FALSE	FALSE
Gm2888	chr14	FALSE	TRUE
Efnb3	chr11	FALSE	FALSE
Umps	chr16	FALSE	FALSE
AF067061	chr13	FALSE	TRUE
Kif17	chr4	FALSE	FALSE
Lefty2	chr1	FALSE	FALSE
Fgf9	chr14	FALSE	FALSE
Rragc	chr4	FALSE	FALSE
Oog2	chr4	FALSE	TRUE
Mad2l2	chr4	FALSE	FALSE
Fam189b	chr3	FALSE	FALSE
Gfap	chr11	FALSE	FALSE
Cldn7	chr11	FALSE	FALSE
Gm3138	chr14	FALSE	TRUE
Tnfrsf18	chr4	FALSE	FALSE
Mroh6	chr15	FALSE	FALSE
Trappc5	chr8	FALSE	FALSE
Clptm1l	chr13	FALSE	FALSE
Spdye4a	chr5	FALSE	TRUE
Dntt	chr19	FALSE	TRUE
Dennd4b	chr3	FALSE	FALSE
Mrgpra9	chr7	FALSE	TRUE
Olfr1321	chrX	FALSE	TRUE
Gjb5	chr4	FALSE	FALSE
Atxn7l2	chr3	FALSE	FALSE
H2bc9	chr13	FALSE	FALSE
Gm9733	chr3	FALSE	TRUE
Olfr32	chr2	FALSE	TRUE
Gm6592	chrX	FALSE	TRUE
Sowahd	chrX	FALSE	FALSE
Zfp607a	chr7	FALSE	FALSE
Defb20	chr2	FALSE	TRUE
Marveld3	chr8	FALSE	FALSE
Igf2r	chr17	FALSE	FALSE
Slc7a5	chr8	FALSE	FALSE
Ripk3	chr14	FALSE	FALSE
Phlda2	chr7	FALSE	FALSE
Pcdhb3	chr18	FALSE	TRUE
Nup43	chr10	FALSE	FALSE
Olfr23	chr11	FALSE	TRUE
St3gal6	chr16	FALSE	FALSE
Olfr1116	chr2	FALSE	TRUE
Mtg1	chr7	FALSE	FALSE
Efemp2	chr19	FALSE	FALSE
Olfr1243	chr2	FALSE	TRUE
Gm5938	chrX	FALSE	TRUE
Nppc	chr1	FALSE	FALSE
Hexim1	chr11	FALSE	FALSE
Tbl3	chr17	FALSE	FALSE
Pnpt1	chr11	FALSE	FALSE
Krtap19-2	chr16	FALSE	TRUE
Scoc	chr8	FALSE	FALSE
Parp12	chr6	FALSE	FALSE
Cntln	chr4	FALSE	FALSE
Cdk1	chr10	FALSE	FALSE
Vmn1r17	chr6	FALSE	TRUE
Mymx	chr17	FALSE	TRUE
Ypel4	chr2	FALSE	FALSE
Gm17455	chr10	FALSE	FALSE
Olfr95	chr17	FALSE	FALSE
Tyro3	chr2	FALSE	FALSE
Gm29133	chr3	FALSE	TRUE
Nectin2	chr7	FALSE	FALSE
Dgkz	chr2	FALSE	FALSE
Nes	chr3	FALSE	FALSE
Lama5	chr2	FALSE	FALSE
Defb5	chr8	FALSE	TRUE
Hsd17b2	chr8	FALSE	FALSE
Zfp707	chr15	FALSE	TRUE
Cherp	chr8	FALSE	FALSE
Snx20	chr8	FALSE	FALSE
2810006K23Rik	chr5	FALSE	FALSE
Clec4e	chr6	FALSE	TRUE
Tlr2	chr3	FALSE	FALSE
Olfr745	chr14	FALSE	TRUE
Fam83d	chr2	FALSE	FALSE
Fcsk	chr8	FALSE	FALSE
Gm42421	chr5	FALSE	FALSE
Hspb11	chr4	FALSE	FALSE
Zfp383	chr7	FALSE	FALSE
Tesmin	chr19	FALSE	TRUE
Peg10	chr6	FALSE	FALSE
Zfp449	chrX	FALSE	FALSE
Lce3c	chr3	FALSE	TRUE
Dmtf1	chr5	FALSE	FALSE
Gdpgp1	chr7	FALSE	FALSE
Syne4	chr7	FALSE	FALSE
Itgam	chr7	FALSE	FALSE
Mrpl34	chr8	FALSE	FALSE
Gm29666	chr15	FALSE	TRUE
Pigbos1	chr9	FALSE	FALSE
Tas2r138	chr6	FALSE	TRUE
Olfr381	chr11	FALSE	TRUE
Gm49388	chr7	FALSE	FALSE
Ctdsp2	chr10	FALSE	FALSE
Ccdc166	chr15	FALSE	FALSE
Gm4070	chr7	FALSE	TRUE
Tex44	chr1	FALSE	TRUE
Olfr177	chr16	FALSE	TRUE
Gpx5	chr13	FALSE	TRUE
Patl2	chr2	FALSE	FALSE
Zfc3h1	chr10	FALSE	FALSE
Msx1	chr5	FALSE	FALSE
Ndufv3	chr17	FALSE	FALSE
Elk4	chr1	FALSE	FALSE
Atp5b	chr10	FALSE	FALSE
Ddx11	chr17	FALSE	FALSE
Tpbpa	chr13	FALSE	TRUE
Tmem141	chr2	FALSE	FALSE
Mybl1	chr1	FALSE	FALSE
Mup3	chr4	FALSE	TRUE
Gm4491	chr14	FALSE	FALSE
Arl5c	chr11	FALSE	FALSE
Rabac1	chr7	FALSE	FALSE
Dlgap3	chr4	FALSE	FALSE
Tshb	chr3	FALSE	TRUE
Klhl10	chr11	FALSE	TRUE
Aph1b	chr9	FALSE	FALSE
Ggps1	chr13	FALSE	FALSE
Sh2d6	chr6	FALSE	FALSE
Mylk3	chr8	FALSE	FALSE
Psca	chr15	FALSE	FALSE
B4galnt2	chr11	FALSE	FALSE
Sdhd	chr9	FALSE	FALSE
Cd200r1	chr16	FALSE	TRUE
Vmn1r84	chr7	FALSE	TRUE
Gm49510	chr15	FALSE	FALSE
Calr	chr8	FALSE	FALSE
Gm11756	chr4	FALSE	TRUE
Mt1	chr8	FALSE	FALSE
Retnlg	chr16	FALSE	TRUE
Mrps33	chr6	FALSE	FALSE
Gm21885	chr11	FALSE	FALSE
4921517D22Rik	chr13	FALSE	TRUE
Vmn2r34	chr7	FALSE	TRUE
Ucp1	chr8	FALSE	FALSE
Gm7945	chr14	FALSE	TRUE
Olfr680-ps1	chr7	FALSE	TRUE
Zbtb43	chr2	FALSE	FALSE
Nsun4	chr4	FALSE	FALSE
Olfr1262	chr2	FALSE	TRUE
Ifna9	chr4	FALSE	TRUE
Bzw1	chr1	FALSE	FALSE
Hspb6	chr7	FALSE	FALSE
Ankzf1	chr1	FALSE	FALSE
Ddn	chr15	FALSE	FALSE
Mup10	chr4	FALSE	TRUE
H1f4	chr13	FALSE	FALSE
Trabd	chr15	FALSE	FALSE
Med9	chr11	FALSE	TRUE
Gm12845	chr4	FALSE	TRUE
Thap12	chr7	FALSE	FALSE
Ido1	chr8	FALSE	FALSE
Iigp1	chr18	FALSE	TRUE
Ccdc189	chr7	FALSE	TRUE
Ulk1	chr5	FALSE	FALSE
Rnf144b	chr13	FALSE	FALSE
Lce1c	chr3	FALSE	TRUE
Gm27027	chr2	FALSE	FALSE
Ndufaf7	chr17	FALSE	FALSE
Cep120	chr18	FALSE	FALSE
Btbd18	chr2	FALSE	TRUE
Zfp775	chr6	FALSE	FALSE
Cpxm2	chr7	FALSE	FALSE
Olfr690	chr7	FALSE	TRUE
Itgb6	chr2	FALSE	FALSE
Slf1	chr13	FALSE	FALSE
Acsm2	chr7	FALSE	TRUE
Gm49918	chr10	FALSE	TRUE
Nelfb	chr2	FALSE	FALSE
Inka1	chr9	FALSE	FALSE
Olfr569	chr7	FALSE	TRUE
Zfp180	chr7	FALSE	FALSE
Olfr1185-ps1	chr2	FALSE	TRUE
Olfr201	chr16	FALSE	TRUE
Cib3	chr8	FALSE	TRUE
Lyrm9	chr11	FALSE	FALSE
Olfr721-ps1	chr14	FALSE	TRUE
Surf2	chr2	FALSE	FALSE
Fiz1	chr7	FALSE	FALSE
Per3	chr4	FALSE	FALSE
Gm32687	chr10	FALSE	FALSE
Rpa2	chr4	FALSE	TRUE
Cldn34c4	chrX	FALSE	TRUE
Trhr2	chr8	FALSE	TRUE
Plekhj1	chr10	FALSE	FALSE
Phc1	chr6	FALSE	FALSE
Htr2a	chr14	FALSE	FALSE
Gm44	chrX	FALSE	TRUE
Epsti1	chr14	FALSE	FALSE
Otol1	chr3	FALSE	TRUE
Tmem238l	chr11	FALSE	TRUE
Ppa1	chr10	FALSE	FALSE
Cavin4	chr4	FALSE	TRUE
Swi5	chr2	FALSE	FALSE
Pramel7	chr2	FALSE	TRUE
Olfr1288	chr2	FALSE	TRUE
Rbpjl	chr2	FALSE	FALSE
Sf3b6	chr12	FALSE	FALSE
Bloc1s6	chr2	FALSE	FALSE
Ing2	chr8	FALSE	FALSE
Wdr13	chrX	FALSE	FALSE
Gm11116	chr5	FALSE	TRUE
Olfr1373	chr11	FALSE	TRUE
Galr1	chr18	FALSE	FALSE
Rrh	chr3	FALSE	TRUE
Lgr5	chr10	FALSE	FALSE
Pdc	chr1	FALSE	TRUE
Pate7	chr9	FALSE	TRUE
Cyp2d34	chr15	FALSE	TRUE
Nbl1	chr4	FALSE	FALSE
Tmem120a	chr5	FALSE	FALSE
Hoxb4	chr11	FALSE	FALSE
Gm49387	chr14	FALSE	FALSE
Sdcbp	chr4	FALSE	FALSE
Zfp277	chr12	FALSE	FALSE
Rptn	chr3	FALSE	TRUE
Olfr469	chr7	FALSE	TRUE
Gm10037	chr13	FALSE	FALSE
Lcat	chr8	FALSE	TRUE
Dnali1	chr4	FALSE	TRUE
Morn5	chr2	FALSE	FALSE
Rps23	chr13	FALSE	FALSE
Dynlt3	chrX	FALSE	FALSE
Plppr3	chr10	FALSE	FALSE
Olfr1535	chr13	FALSE	TRUE
Vmn1r175	chr7	FALSE	TRUE
Defb14	chr8	FALSE	TRUE
Cox5a	chr9	FALSE	FALSE
Olfr955	chr9	FALSE	TRUE
Gm2832	chr14	FALSE	TRUE
Defa24	chr8	FALSE	TRUE
Plg	chr17	FALSE	TRUE
Eras	chrX	FALSE	FALSE
Olig1	chr16	FALSE	FALSE
Calm2	chr17	FALSE	FALSE
Gca	chr2	FALSE	FALSE
Enc1	chr13	FALSE	FALSE
E030018B13Rik	chr7	FALSE	FALSE
Gdf6	chr4	FALSE	FALSE
Adam29	chr8	FALSE	TRUE
Vmn1r33	chr6	FALSE	TRUE
Asb8	chr15	FALSE	FALSE
Cma1	chr14	FALSE	TRUE
Gabrg2	chr11	FALSE	FALSE
Ush2a	chr1	FALSE	FALSE
Gprc5d	chr6	FALSE	FALSE
Ttc8	chr12	FALSE	FALSE
Eif4ebp3	chr18	FALSE	TRUE
Ppm1j	chr3	FALSE	FALSE
Olfr1000	chr2	FALSE	TRUE
Gm5945	chrX	FALSE	TRUE
Tspyl4	chr10	FALSE	FALSE
Olfr2	chr7	FALSE	TRUE
Pcdh18	chr3	FALSE	FALSE
Slc7a15	chr12	FALSE	TRUE
Gm17079	chr14	FALSE	TRUE
Gpr21	chr2	FALSE	FALSE
Crygc	chr1	FALSE	TRUE
Gpr87	chr3	FALSE	FALSE
Olfr1136	chr2	FALSE	TRUE
Fgr	chr4	FALSE	FALSE
Amfr	chr8	FALSE	FALSE
Rhob	chr12	FALSE	FALSE
Odf2l	chr3	FALSE	FALSE
Erich2	chr2	FALSE	FALSE
Magea8	chrX	FALSE	TRUE
Mageb3	chr2	FALSE	FALSE
Gm14744	chrX	FALSE	TRUE
Tox3	chr8	FALSE	FALSE
Enpp4	chr17	FALSE	FALSE
Prdx3	chr19	FALSE	FALSE
Sec14l2	chr11	FALSE	FALSE
Coa3	chr11	FALSE	FALSE
Tardbp	chr4	FALSE	FALSE
S100a8	chr3	FALSE	TRUE
Plpbp	chr8	FALSE	FALSE
Tnc	chr4	FALSE	FALSE
Gm3727	chr14	FALSE	TRUE
Myct1	chr10	FALSE	FALSE
Gpr25	chr1	FALSE	FALSE
Tprn	chr2	FALSE	FALSE
Mcl1	chr3	FALSE	FALSE
Klhl23	chr2	FALSE	FALSE
Il23a	chr10	FALSE	FALSE
Tmem87a	chr2	FALSE	FALSE
Nr2c1	chr10	FALSE	FALSE
Dpm3	chr3	FALSE	TRUE
Lilr4b	chr10	FALSE	TRUE
Ier2	chr8	FALSE	FALSE
Cxcr3	chrX	FALSE	FALSE
E030025P04Rik	chr11	FALSE	TRUE
Pomk	chr8	FALSE	FALSE
Klhl40	chr9	FALSE	FALSE
Tead3	chr17	FALSE	FALSE
Fbxw10	chr11	FALSE	TRUE
Mysm1	chr4	FALSE	FALSE
Nudt5	chr2	FALSE	FALSE
Serpinb9d	chr13	FALSE	TRUE
Cavin3	chr7	FALSE	FALSE
Smarcb1	chr10	FALSE	FALSE
Mtbp	chr15	FALSE	FALSE
Slc7a8	chr14	FALSE	FALSE
Akain1	chr17	FALSE	FALSE
Gpr142	chr11	FALSE	FALSE
Coa6	chr8	FALSE	FALSE
Cyp1a1	chr9	FALSE	FALSE
Tnmd	chrX	FALSE	TRUE
Nom1	chr5	FALSE	FALSE
Tmco5b	chr2	FALSE	FALSE
Trap1a	chrX	FALSE	TRUE
Trpv2	chr11	FALSE	FALSE
Lhcgr	chr17	FALSE	FALSE
Fem1a	chr17	FALSE	FALSE
Calml4	chr9	FALSE	TRUE
Cetn4	chr3	FALSE	FALSE
Agrn	chr4	FALSE	FALSE
Retnlb	chr16	FALSE	TRUE
Lipo4	chr19	FALSE	TRUE
Cdh8	chr8	FALSE	FALSE
Aldob	chr4	FALSE	TRUE
Ky	chr9	FALSE	FALSE
Vmn1r194	chr13	FALSE	TRUE
Lce1a1	chr3	FALSE	TRUE
Ms4a14	chr19	FALSE	TRUE
Olfr566	chr7	FALSE	TRUE
Smarcd2	chr11	FALSE	FALSE
Cel	chr2	FALSE	FALSE
Ap1s1	chr5	FALSE	TRUE
Hpx	chr7	FALSE	TRUE
Mrpl49	chr19	FALSE	FALSE
Pkd2l1	chr19	FALSE	FALSE
Zbtb39	chr10	FALSE	FALSE
Ube2d2b	chr5	FALSE	TRUE
Catsperg2	chr7	FALSE	TRUE
Fuz	chr7	FALSE	FALSE
Tsen15	chr1	FALSE	FALSE
Retn	chr8	FALSE	TRUE
Ccdc85c	chr12	FALSE	FALSE
Vmn2r85	chr10	FALSE	TRUE
Rgs13	chr1	FALSE	TRUE
Crtc2	chr3	FALSE	FALSE
Ndufa3	chr7	FALSE	FALSE
Actb	chr5	FALSE	FALSE
1700025B11Rik	chr15	FALSE	TRUE
Olfr710	chr7	FALSE	TRUE
Nptx2	chr5	FALSE	FALSE
Slc39a13	chr2	FALSE	FALSE
Olfr1118	chr2	FALSE	TRUE
Bglap	chr3	FALSE	TRUE
Casp12	chr9	FALSE	TRUE
Osgep	chr14	FALSE	FALSE
Tlx1	chr19	FALSE	FALSE
Mfsd11	chr11	FALSE	FALSE
Dhx16	chr17	FALSE	FALSE
Zfp639	chr3	FALSE	FALSE
Notum	chr11	FALSE	FALSE
Fam83b	chr9	FALSE	FALSE
Cfd	chr10	FALSE	TRUE
Ing1	chr8	FALSE	FALSE
Rtn2	chr7	FALSE	FALSE
Gm5565	chr5	FALSE	TRUE
Vmn2r66	chr7	FALSE	TRUE
Idnk	chr13	FALSE	TRUE
Mfsd3	chr15	FALSE	FALSE
Sprtn	chr8	FALSE	FALSE
Mcpt8	chr14	FALSE	FALSE
Vmn1r64	chr7	FALSE	TRUE
Olfr599	chr7	FALSE	TRUE
Mynn	chr3	FALSE	FALSE
Fos	chr12	FALSE	FALSE
Tex35	chr1	FALSE	FALSE
Icam4	chr9	FALSE	FALSE
Hsd17b10	chrX	FALSE	FALSE
Iqcf6	chr9	FALSE	TRUE
Gabrr1	chr4	FALSE	TRUE
Wnt5a	chr14	FALSE	FALSE
Unc5d	chr8	FALSE	FALSE
Hypk	chr2	FALSE	FALSE
Vstm5	chr9	FALSE	FALSE
Gm17374	chr2	FALSE	TRUE
Gatc	chr5	FALSE	FALSE
L3hypdh	chr12	FALSE	FALSE
Rpl39	chrX	FALSE	FALSE
Scnn1b	chr7	FALSE	FALSE
Gm16440	chr14	FALSE	TRUE
Krt73	chr15	FALSE	FALSE
H4c3	chr13	FALSE	FALSE
Tspyl3	chr2	FALSE	FALSE
Ctdsp1	chr1	FALSE	FALSE
Sfrp2	chr3	FALSE	FALSE
Id3	chr4	FALSE	FALSE
Pip5k1a	chr3	FALSE	FALSE
Olfr523	chr7	FALSE	FALSE
Gm45208	chrX	FALSE	FALSE
Psmd7	chr8	FALSE	FALSE
Hint3	chr10	FALSE	FALSE
Ercc3	chr18	FALSE	FALSE
Ppp1r15a	chr7	FALSE	FALSE
Gsr	chr8	FALSE	FALSE
Rab26	chr17	FALSE	FALSE
Abcf3	chr16	FALSE	FALSE
Echs1	chr7	FALSE	FALSE
4930579F01Rik	chr3	FALSE	FALSE
Mat2a	chr6	FALSE	FALSE
Rfk	chr19	FALSE	FALSE
Gm8356	chr14	FALSE	TRUE
Mmp24	chr2	FALSE	FALSE
Surf4	chr2	FALSE	FALSE
9530077C05Rik	chr9	FALSE	FALSE
Krtap22-2	chr16	FALSE	TRUE
Olfr635	chr7	FALSE	TRUE
Gm7324	chr14	FALSE	FALSE
Srp68	chr11	FALSE	FALSE
Pcna	chr2	FALSE	FALSE
Prame	chrX	FALSE	TRUE
Stard10	chr7	FALSE	FALSE
Brd8dc	chr18	FALSE	TRUE
Olfr1445	chr19	FALSE	TRUE
Gm28710	chr5	FALSE	TRUE
Jaml	chr9	FALSE	FALSE
Rtl5	chrX	FALSE	FALSE
Zbtb5	chr4	FALSE	FALSE
Gapdhs	chr7	FALSE	FALSE
Ffar3	chr7	FALSE	FALSE
Gja10	chr4	FALSE	FALSE
Tmem269	chr4	FALSE	TRUE
Clps	chr17	FALSE	TRUE
Srp14	chr2	FALSE	FALSE
Tnfrsf22	chr7	FALSE	FALSE
Tmc3	chr7	FALSE	FALSE
Adam26b	chr8	FALSE	TRUE
Ntpcr	chr8	FALSE	FALSE
Trim8	chr19	FALSE	FALSE
Gramd1a	chr7	FALSE	FALSE
Zfp938	chr10	FALSE	FALSE
Apoa2	chr1	FALSE	TRUE
Morf4l2	chrX	FALSE	FALSE
Mup12	chr4	FALSE	TRUE
Klhl33	chr14	FALSE	FALSE
Gm42742	chr7	FALSE	FALSE
Olfr1467	chr19	FALSE	TRUE
Olfr73	chr2	FALSE	TRUE
Cypt3	chrX	FALSE	TRUE
Slc10a6	chr5	FALSE	FALSE
Pilrb1	chr5	FALSE	TRUE
Olfr1340	chr4	FALSE	TRUE
Fibp	chr19	FALSE	FALSE
Cdc16	chr8	FALSE	FALSE
Timd4	chr11	FALSE	TRUE
Ndufs3	chr2	FALSE	FALSE
Zfp444	chr7	FALSE	FALSE
Ankrd37	chr8	FALSE	FALSE
Tyw3	chr3	FALSE	FALSE
Olfr332	chr11	FALSE	TRUE
Olfr1413	chr1	FALSE	TRUE
Gm28729	chr9	FALSE	FALSE
Ripply3	chr16	FALSE	FALSE
Gm49354	chr13	FALSE	FALSE
Hamp2	chr7	FALSE	TRUE
Ube2q2	chr9	FALSE	FALSE
Nxph2	chr2	FALSE	FALSE
Moap1	chr12	FALSE	FALSE
Acsm3	chr7	FALSE	TRUE
Rbsn	chr6	FALSE	FALSE
Fam210a	chr18	FALSE	FALSE
Shisal2a	chr4	FALSE	FALSE
Cuta	chr17	FALSE	FALSE
Vmn1r41	chr6	FALSE	TRUE
Gm3636	chr14	FALSE	FALSE
Fam161a	chr11	FALSE	FALSE
Nkx1-2	chr7	FALSE	FALSE
Lars	chr18	FALSE	FALSE
Cyp2c29	chr19	FALSE	TRUE
Il10	chr1	FALSE	FALSE
Gm17093	chr14	FALSE	TRUE
Hhex	chr19	FALSE	FALSE
Mtss2	chr8	FALSE	FALSE
Bsnd	chr4	FALSE	FALSE
Mgat4d	chr8	FALSE	FALSE
Lce1e	chr3	FALSE	TRUE
Clec2g	chr6	FALSE	TRUE
Serpinb9c	chr13	FALSE	TRUE
Eid3	chr10	FALSE	FALSE
Olfr1024	chr2	FALSE	TRUE
Exoc1	chr5	FALSE	FALSE
Vegfd	chrX	FALSE	FALSE
S100a1	chr3	FALSE	FALSE
Dut	chr2	FALSE	FALSE
Tmem14c	chr13	FALSE	FALSE
Bloc1s3	chr7	FALSE	FALSE
Cbln4	chr2	FALSE	FALSE
Rpl30	chr15	FALSE	FALSE
Srsf12	chr4	FALSE	FALSE
Cdh15	chr8	FALSE	FALSE
Slc1a6	chr10	FALSE	FALSE
Gm3486	chr14	FALSE	TRUE
Insl6	chr19	FALSE	FALSE
Sirt4	chr5	FALSE	FALSE
Calhm4	chr10	FALSE	TRUE
Gjb6	chr14	FALSE	FALSE
Bin2	chr15	FALSE	FALSE
Pcdhb20	chr18	FALSE	FALSE
Cd1d1	chr3	FALSE	FALSE
1700080O16Rik	chrX	FALSE	FALSE
Vmn1r9	chr6	FALSE	TRUE
Tspo2	chr17	FALSE	TRUE
H2bc6	chr13	FALSE	FALSE
Nup50	chr15	FALSE	FALSE
Dgcr8	chr16	FALSE	FALSE
Gtf2h3	chr5	FALSE	TRUE
Hsph1	chr5	FALSE	FALSE
Slc35d2	chr13	FALSE	FALSE
Mettl2	chr11	FALSE	TRUE
Gimap5	chr6	FALSE	FALSE
Pm20d2	chr4	FALSE	FALSE
Olfr907	chr9	FALSE	TRUE
Tmem88	chr11	FALSE	FALSE
Msgn1	chr12	FALSE	TRUE
Dlg4	chr11	FALSE	FALSE
Ndufs1	chr1	FALSE	FALSE
Cpne3	chr4	FALSE	FALSE
Olfr1138	chr2	FALSE	TRUE
Bpifb3	chr2	FALSE	FALSE
Gm38100	chr1	FALSE	TRUE
Synpo2l	chr14	FALSE	FALSE
Ttf2	chr3	FALSE	FALSE
Gm49909	chr17	FALSE	FALSE
Gm6337	chr14	FALSE	TRUE
Neurl2	chr2	FALSE	FALSE
Olfr618	chr7	FALSE	TRUE
Ttc4	chr4	FALSE	FALSE
Thap8	chr7	FALSE	FALSE
Aoc2	chr11	FALSE	TRUE
Emilin3	chr2	FALSE	FALSE
Mbd4	chr6	FALSE	FALSE
Olfr231	chr1	FALSE	TRUE
Alkbh7	chr17	FALSE	FALSE
Olfr868	chr9	FALSE	TRUE
Gpbar1	chr1	FALSE	TRUE
Uxt	chrX	FALSE	FALSE
Tbc1d8b	chrX	FALSE	FALSE
Mlh1	chr9	FALSE	FALSE
Mef2c	chr13	FALSE	FALSE
Asap2	chr12	FALSE	FALSE
Tchhl1	chr3	FALSE	FALSE
Gm3149	chr14	FALSE	TRUE
Camk2d	chr3	FALSE	FALSE
Mms19	chr19	FALSE	FALSE
Zfp30	chr7	FALSE	FALSE
Mrps7	chr11	FALSE	TRUE
Olfr608	chr7	FALSE	TRUE
Zfp366	chr13	FALSE	FALSE
Gm9495	chr8	FALSE	TRUE
Tctn2	chr5	FALSE	TRUE
Tmem164	chrX	FALSE	FALSE
Cenpl	chr1	FALSE	FALSE
Prl6a1	chr13	FALSE	TRUE
Fhl2	chr1	FALSE	FALSE
Hrh2	chr13	FALSE	FALSE
Cyp2a4	chr7	FALSE	TRUE
Tex13c1	chrX	FALSE	TRUE
Ccne1	chr7	FALSE	TRUE
Smpdl3b	chr4	FALSE	FALSE
Zcchc12	chrX	FALSE	FALSE
Cfhr1	chr1	FALSE	TRUE
Vmn1r170	chr7	FALSE	TRUE
Shd	chr17	FALSE	FALSE
Dlx2	chr2	FALSE	FALSE
Mtr	chr13	FALSE	FALSE
Obox8	chr7	FALSE	TRUE
Pramel6	chr2	FALSE	TRUE
Gm10024	chr10	FALSE	TRUE
Galnt12	chr4	FALSE	FALSE
Klhdc9	chr1	FALSE	FALSE
Psap	chr10	FALSE	FALSE
Mettl3	chr14	FALSE	FALSE
Tmem41b	chr7	FALSE	FALSE
Trappc4	chr9	FALSE	FALSE
Rxfp4	chr3	FALSE	TRUE
Mup18	chr4	FALSE	TRUE
Ptrhd1	chr12	FALSE	FALSE
Anxa7	chr14	FALSE	FALSE
Olfr685	chr7	FALSE	TRUE
Taar1	chr10	FALSE	TRUE
Ms4a12	chr19	FALSE	TRUE
Tspan31	chr10	FALSE	FALSE
Cldn34b2	chrX	FALSE	TRUE
Ccnl1	chr3	FALSE	FALSE
Vmn2r60	chr7	FALSE	TRUE
Neurod2	chr11	FALSE	FALSE
Rad23b	chr4	FALSE	FALSE
Rcan2	chr17	FALSE	FALSE
Gm28230	chr2	FALSE	FALSE
Bst2	chr8	FALSE	FALSE
Mgat1	chr11	FALSE	FALSE
St6galnac2	chr11	FALSE	FALSE
Dedd	chr1	FALSE	FALSE
Ifna5	chr4	FALSE	TRUE
Plrg1	chr3	FALSE	FALSE
Rbbp7	chrX	FALSE	FALSE
Klk7	chr7	FALSE	TRUE
Sap18	chr14	FALSE	FALSE
Ms4a13	chr19	FALSE	TRUE
Mmp8	chr9	FALSE	TRUE
Cgref1	chr5	FALSE	FALSE
Tube1	chr10	FALSE	FALSE
Nup133	chr8	FALSE	FALSE
Atp6v0e	chr17	FALSE	FALSE
Ptx3	chr3	FALSE	FALSE
Babam2	chr5	FALSE	FALSE
Tufm	chr7	FALSE	FALSE
Brsk1	chr7	FALSE	FALSE
Cfap69	chr5	FALSE	FALSE
Frmpd4	chrX	FALSE	FALSE
Slc35e3	chr10	FALSE	FALSE
Abcc2	chr19	FALSE	TRUE
Ankrd53	chr6	FALSE	TRUE
Hnrnpf	chr6	FALSE	FALSE
Lsm3	chr6	FALSE	FALSE
Akap8l	chr17	FALSE	FALSE
Creg1	chr1	FALSE	FALSE
Slc13a2	chr11	FALSE	FALSE
Olfr1290	chr2	FALSE	TRUE
Nr1d1	chr11	FALSE	FALSE
Gli1	chr10	FALSE	FALSE
Thap1	chr8	FALSE	FALSE
Degs1	chr1	FALSE	FALSE
Zfp518b	chr5	FALSE	FALSE
Dtwd1	chr2	FALSE	FALSE
Pin4	chrX	FALSE	FALSE
Krtcap3	chr5	FALSE	FALSE
Pex12	chr11	FALSE	FALSE
Art4	chr6	FALSE	TRUE
Uts2r	chr11	FALSE	FALSE
Ppp1r3b	chr8	FALSE	FALSE
Olfr983	chr9	FALSE	TRUE
Mrps12	chr7	FALSE	FALSE
Wee2	chr6	FALSE	TRUE
2310022B05Rik	chr8	FALSE	FALSE
Rbck1	chr2	FALSE	FALSE
Htr1b	chr9	FALSE	FALSE
Olfr531	chr7	FALSE	TRUE
Chst2	chr9	FALSE	FALSE
Ercc1	chr7	FALSE	FALSE
Lurap1	chr4	FALSE	FALSE
Krtdap	chr7	FALSE	TRUE
Fkbp2	chr19	FALSE	FALSE
Akap17b	chrX	FALSE	FALSE
Nop2	chr6	FALSE	FALSE
Acmsd	chr1	FALSE	TRUE
Vmn1r210	chr13	FALSE	TRUE
Vmn1r53	chr6	FALSE	TRUE
Lrrc43	chr5	FALSE	FALSE
Arrdc5	chr17	FALSE	FALSE
Ino80c	chr18	FALSE	FALSE
Krt82	chr15	FALSE	TRUE
Rasal3	chr17	FALSE	FALSE
Olfr224	chr11	FALSE	TRUE
Scaf1	chr7	FALSE	FALSE
Zranb1	chr7	FALSE	FALSE
4930522L14Rik	chr5	FALSE	FALSE
Olfr1129	chr2	FALSE	TRUE
Gm8068	chr14	FALSE	TRUE
Gm3159	chr14	FALSE	TRUE
Nudt7	chr8	FALSE	FALSE
Aspa	chr11	FALSE	TRUE
Esp38	chr17	FALSE	TRUE
Psmc2	chr5	FALSE	FALSE
Ccdc160	chrX	FALSE	FALSE
Hrc	chr7	FALSE	FALSE
Ppp1r3d	chr2	FALSE	FALSE
Rpusd1	chr17	FALSE	FALSE
Zfp553	chr7	FALSE	FALSE
Trim43a	chr9	FALSE	TRUE
Ccdc136	chr6	FALSE	FALSE
Smok2b	chr17	FALSE	TRUE
Scp2d1	chr2	FALSE	TRUE
Dmac1	chr4	FALSE	FALSE
Gm13288	chr4	FALSE	FALSE
Cpa5	chr6	FALSE	FALSE
Carmil2	chr8	FALSE	FALSE
H1f10	chr6	FALSE	FALSE
Clpp	chr17	FALSE	FALSE
Olfr1160	chr2	FALSE	TRUE
Vip	chr10	FALSE	TRUE
9930012K11Rik	chr14	FALSE	FALSE
Tm4sf19	chr16	FALSE	TRUE
Kbtbd2	chr6	FALSE	FALSE
Cnn2	chr10	FALSE	FALSE
Ndufb11	chrX	FALSE	FALSE
2610002M06Rik	chrX	FALSE	FALSE
Psat1	chr19	FALSE	FALSE
R3hcc1l	chr19	FALSE	FALSE
B430306N03Rik	chr17	FALSE	TRUE
Acsbg3	chr17	FALSE	TRUE
Mmp23	chr4	FALSE	FALSE
Igip	chr18	FALSE	TRUE
Cage1	chr13	FALSE	FALSE
Olfr671	chr7	FALSE	TRUE
Pgk2	chr17	FALSE	TRUE
Mettl7b	chr10	FALSE	TRUE
Olfr853	chr9	FALSE	TRUE
Sac3d1	chr19	FALSE	FALSE
Olfr527	chr7	FALSE	TRUE
Gm9903	chr5	FALSE	FALSE
E430018J23Rik	chr7	FALSE	FALSE
Aebp1	chr11	FALSE	FALSE
Tymp	chr15	FALSE	FALSE
Ceacam14	chr7	FALSE	TRUE
Olfr1184	chr2	FALSE	TRUE
Tceal6	chrX	FALSE	FALSE
9430069I07Rik	chr15	FALSE	TRUE
Wfdc6b	chr2	FALSE	TRUE
Armcx3	chrX	FALSE	FALSE
Srp19	chr18	FALSE	FALSE
Fam89b	chr19	FALSE	TRUE
Tmem138	chr19	FALSE	TRUE
Rap2b	chr3	FALSE	FALSE
Zcwpw1	chr5	FALSE	FALSE
Wdr64	chr1	FALSE	FALSE
Klk1b22	chr7	FALSE	TRUE
Gnrh1	chr14	FALSE	TRUE
Gm12169	chr11	FALSE	TRUE
Pygo2	chr3	FALSE	FALSE
Inpp5f	chr7	FALSE	FALSE
Gpnmb	chr6	FALSE	FALSE
Gna13	chr11	FALSE	FALSE
C1qtnf12	chr4	FALSE	FALSE
Nlgn3	chrX	FALSE	FALSE
Ndufc2	chr7	FALSE	FALSE
Pcdhb17	chr18	FALSE	TRUE
Kcnd1	chrX	FALSE	FALSE
Rps29	chr12	FALSE	FALSE
Zbed5	chr5	FALSE	TRUE
Hpse	chr5	FALSE	FALSE
Utp25	chr1	FALSE	FALSE
Nyap2	chr1	FALSE	FALSE
Mroh8	chr2	FALSE	FALSE
Acp7	chr7	FALSE	FALSE
Gm20537	chr9	FALSE	FALSE
Pate1	chr9	FALSE	TRUE
Rsc1a1	chr4	FALSE	TRUE
Olfr578	chr7	FALSE	TRUE
Kcna4	chr2	FALSE	FALSE
Magea5	chrX	FALSE	TRUE
Chrac1	chr15	FALSE	FALSE
Anapc7	chr5	FALSE	FALSE
Mdm2	chr10	FALSE	FALSE
Zfp273	chr13	FALSE	FALSE
Nxf3	chrX	FALSE	FALSE
Scamp5	chr9	FALSE	FALSE
Bbc3	chr7	FALSE	FALSE
Olfr742	chr14	FALSE	TRUE
Foxi1	chr11	FALSE	FALSE
Dctpp1	chr7	FALSE	FALSE
Olfr1100	chr2	FALSE	TRUE
Parp2	chr14	FALSE	FALSE
Kat14	chr2	FALSE	FALSE
Krtap6-1	chr16	FALSE	TRUE
Tdrp	chr8	FALSE	FALSE
Polr2h	chr16	FALSE	FALSE
Zfp830	chr11	FALSE	FALSE
Mup15	chr4	FALSE	TRUE
Slc35f6	chr5	FALSE	FALSE
Lim2	chr7	FALSE	TRUE
Nabp2	chr10	FALSE	FALSE
Tspan1	chr4	FALSE	FALSE
Ubiad1	chr4	FALSE	FALSE
Tsga13	chr6	FALSE	FALSE
Gm42791	chr5	FALSE	FALSE
Usp17ld	chr7	FALSE	TRUE
Foxf2	chr13	FALSE	FALSE
Tesk1	chr4	FALSE	FALSE
Trim15	chr17	FALSE	FALSE
Gm3776	chr9	FALSE	TRUE
Slc17a2	chr13	FALSE	TRUE
Mybbp1a	chr11	FALSE	FALSE
Ubtd2	chr11	FALSE	FALSE
Tbl2	chr5	FALSE	FALSE
Rnaseh2a	chr8	FALSE	FALSE
Septin3	chr15	FALSE	FALSE
Trim56	chr5	FALSE	TRUE
Bpifb9a	chr2	FALSE	TRUE
Ube2m	chr7	FALSE	FALSE
Aqp4	chr18	FALSE	FALSE
Chmp6	chr11	FALSE	FALSE
Adipor1	chr1	FALSE	FALSE
Tmem106b	chr6	FALSE	FALSE
Hacl1	chr14	FALSE	FALSE
Gm14326	chr2	FALSE	FALSE
Inmt	chr6	FALSE	TRUE
Papolg	chr11	FALSE	FALSE
Clk1	chr1	FALSE	FALSE
Gdpd4	chr7	FALSE	FALSE
Abhd17a	chr10	FALSE	FALSE
Olfr995	chr2	FALSE	TRUE
Olfr876	chr9	FALSE	TRUE
Tmem39a	chr16	FALSE	FALSE
Ruvbl2	chr7	FALSE	FALSE
Rnf224	chr2	FALSE	TRUE
Zp3r	chr1	FALSE	TRUE
Gm6367	chr5	FALSE	TRUE
Olfr1434	chr19	FALSE	TRUE
Snapc4	chr2	FALSE	FALSE
Reep5	chr18	FALSE	FALSE
Hsfy2	chr1	FALSE	TRUE
Yipf6	chrX	FALSE	FALSE
Mrpl22	chr11	FALSE	FALSE
Slc6a7	chr18	FALSE	FALSE
Prkrip1	chr5	FALSE	FALSE
Usp42	chr5	FALSE	FALSE
Hmga1	chr17	FALSE	FALSE
Ube2j1	chr4	FALSE	FALSE
Mpv17	chr5	FALSE	FALSE
Ptcd2	chr13	FALSE	FALSE
Psmc1	chr12	FALSE	FALSE
Dcp1a	chr14	FALSE	FALSE
Ovol3	chr7	FALSE	FALSE
Olfr70	chr4	FALSE	FALSE
Dusp2	chr2	FALSE	FALSE
Scrn2	chr11	FALSE	FALSE
2210016L21Rik	chr5	FALSE	FALSE
Ing4	chr6	FALSE	FALSE
Ehmt2	chr17	FALSE	TRUE
Snrpb	chr2	FALSE	FALSE
Olfr1009	chr2	FALSE	TRUE
Tmsb4x	chrX	FALSE	FALSE
Gm29106	chr1	FALSE	TRUE
Nat8f1	chr6	FALSE	FALSE
Cyp2ab1	chr16	FALSE	TRUE
Ccdc142	chr6	FALSE	FALSE
Mog	chr17	FALSE	TRUE
Olfm1	chr2	FALSE	FALSE
Olfr979	chr9	FALSE	TRUE
1110057P08Rik	chr16	FALSE	TRUE
Cenps	chr4	FALSE	TRUE
Zdhhc15	chrX	FALSE	FALSE
Sipa1l3	chr7	FALSE	FALSE
Lypla2	chr4	FALSE	FALSE
Ifit3b	chr19	FALSE	TRUE
Gm12888	chr4	FALSE	TRUE
Pdgfb	chr15	FALSE	FALSE
Pycrl	chr15	FALSE	FALSE
Dmwd	chr7	FALSE	FALSE
Elob	chr17	FALSE	FALSE
Trim72	chr7	FALSE	FALSE
Gm17174	chr14	FALSE	TRUE
Ctbp1	chr5	FALSE	FALSE
Pfn2	chr3	FALSE	FALSE
Snapc1l	chr12	FALSE	FALSE
Vmn1r75	chr7	FALSE	TRUE
Lrrc23	chr6	FALSE	FALSE
Aadacl4fm2	chr4	FALSE	TRUE
Gm8369	chr19	FALSE	TRUE
Zfp764	chr7	FALSE	FALSE
Prdx6b	chr2	FALSE	TRUE
Olfr3	chr2	FALSE	TRUE
Rps28	chr17	FALSE	FALSE
Nrip1	chr16	FALSE	FALSE
Trappc6a	chr7	FALSE	FALSE
Stx4a	chr7	FALSE	FALSE
Bpifb6	chr2	FALSE	FALSE
Wdr35	chr12	FALSE	FALSE
Vmn1r204	chr13	FALSE	TRUE
Glrp1	chr1	FALSE	FALSE
Ttc30a2	chr2	FALSE	TRUE
Nsmce4a	chr7	FALSE	FALSE
1700001P01Rik	chr11	FALSE	TRUE
Eif3j2	chr18	FALSE	FALSE
Gkap1	chr13	FALSE	FALSE
Adrb1	chr19	FALSE	FALSE
Foxb2	chr19	FALSE	FALSE
Prrc2a	chr17	FALSE	FALSE
Lce3d	chr3	FALSE	TRUE
Aqp5	chr15	FALSE	FALSE
Mcts2	chr2	FALSE	FALSE
Ly6e	chr15	FALSE	FALSE
Gm17617	chr13	FALSE	TRUE
Ifi27	chr12	FALSE	FALSE
Cbr1	chr16	FALSE	FALSE
Gatd3a	chr10	FALSE	FALSE
Olfr160	chr9	FALSE	TRUE
Cby1	chr15	FALSE	FALSE
Ss18l2	chr9	FALSE	FALSE
Wdr83os	chr8	FALSE	FALSE
Mrgbp	chr2	FALSE	FALSE
Tmem107	chr11	FALSE	FALSE
Itprip	chr19	FALSE	FALSE
4933414I15Rik	chr11	FALSE	FALSE
Cep152	chr2	FALSE	FALSE
Lcn4	chr2	FALSE	FALSE
Smg8	chr11	FALSE	FALSE
Peg12	chr7	FALSE	FALSE
Selp	chr1	FALSE	TRUE
Simc1	chr13	FALSE	FALSE
Nup85	chr11	FALSE	TRUE
Cers2	chr3	FALSE	FALSE
Paqr7	chr4	FALSE	FALSE
Slc5a8	chr10	FALSE	FALSE
Dio3	chr12	FALSE	FALSE
Amigo1	chr3	FALSE	FALSE
Ppp1r3g	chr13	FALSE	FALSE
Lrrn4cl	chr19	FALSE	TRUE
Nmral1	chr16	FALSE	FALSE
Dhcr7	chr7	FALSE	FALSE
Icam2	chr11	FALSE	TRUE
Olfr464	chr11	FALSE	FALSE
Vps29	chr5	FALSE	FALSE
Zcchc10	chr11	FALSE	TRUE
Gpc3	chrX	FALSE	FALSE
Rusc1	chr3	FALSE	FALSE
Cort	chr4	FALSE	TRUE
Fmc1	chr6	FALSE	FALSE
Sun5	chr2	FALSE	FALSE
Ripk1	chr13	FALSE	FALSE
Sertad1	chr7	FALSE	FALSE
Srd5a3	chr5	FALSE	FALSE
Tmem274	chr4	FALSE	TRUE
Hdc	chr2	FALSE	FALSE
Mthfr	chr4	FALSE	FALSE
Mterf1b	chr5	FALSE	FALSE
Gm7995	chr14	FALSE	TRUE
Olig2	chr16	FALSE	FALSE
Mcm8	chr2	FALSE	FALSE
Rpl4	chr9	FALSE	FALSE
Dlg3	chrX	FALSE	FALSE
Cox15	chr19	FALSE	FALSE
Olfr1412	chr1	FALSE	FALSE
Trim12c	chr7	FALSE	TRUE
Pyurf	chr6	FALSE	FALSE
Adcy8	chr15	FALSE	FALSE
Ubl4a	chrX	FALSE	FALSE
Hand2	chr8	FALSE	FALSE
Plaur	chr7	FALSE	FALSE
Tmem160	chr7	FALSE	FALSE
Cyp2a12	chr7	FALSE	TRUE
Pcdh17	chr14	FALSE	FALSE
Oas1g	chr5	FALSE	FALSE
Vmn1r57	chr7	FALSE	TRUE
Slitrk6	chr14	FALSE	FALSE
Fbxw18	chr9	FALSE	TRUE
H3c7	chr13	FALSE	FALSE
Vmn2r55	chr7	FALSE	TRUE
Nap1l5	chr6	FALSE	FALSE
Gtsf1l	chr2	FALSE	TRUE
Qpctl	chr7	FALSE	FALSE
Ftsj1	chrX	FALSE	FALSE
Nek3	chr8	FALSE	FALSE
Rad1	chr15	FALSE	FALSE
Gm42674	chr3	FALSE	TRUE
Vmn1r72	chr7	FALSE	TRUE
Mapk8ip2	chr15	FALSE	FALSE
Gstk1	chr6	FALSE	FALSE
Slc25a2	chr18	FALSE	TRUE
Plekho1	chr3	FALSE	FALSE
Wnt2	chr6	FALSE	FALSE
Hgh1	chr15	FALSE	FALSE
Psmg4	chr13	FALSE	FALSE
Zdhhc1	chr8	FALSE	FALSE
Olfr1370	chr13	FALSE	TRUE
Parp3	chr9	FALSE	FALSE
Gm6377	chrX	FALSE	TRUE
Myh2	chr11	FALSE	TRUE
Ugt2b38	chr5	FALSE	TRUE
Olfr1280	chr2	FALSE	TRUE
Zfp382	chr7	FALSE	FALSE
Batf2	chr19	FALSE	FALSE
Rps6ka1	chr4	FALSE	FALSE
Ism2	chr12	FALSE	FALSE
Marco	chr1	FALSE	FALSE
Uqcr11	chr10	FALSE	FALSE
Vmn2r92	chr17	FALSE	TRUE
Gnb2	chr5	FALSE	FALSE
Cdk2ap2	chr19	FALSE	FALSE
Klk14	chr7	FALSE	TRUE
Nkx1-1	chr5	FALSE	FALSE
Olfr1423	chr19	FALSE	TRUE
Chd9	chr8	FALSE	FALSE
Cebpd	chr16	FALSE	FALSE
Ring1	chr17	FALSE	TRUE
Cflar	chr1	FALSE	FALSE
Adh4	chr3	FALSE	TRUE
Tbcb	chr7	FALSE	FALSE
Vmn1r191	chr13	FALSE	TRUE
Gm1553	chr10	FALSE	TRUE
Fcrlb	chr1	FALSE	FALSE
Tkfc	chr19	FALSE	FALSE
Rad51	chr2	FALSE	TRUE
Tcaim	chr9	FALSE	FALSE
Trim35	chr14	FALSE	FALSE
Csf2	chr11	FALSE	TRUE
Timm29	chr9	FALSE	FALSE
Amdhd1	chr10	FALSE	FALSE
Lce3b	chr3	FALSE	TRUE
Upf1	chr8	FALSE	FALSE
Noxred1	chr12	FALSE	TRUE
Zfp712	chr13	FALSE	FALSE
Ppil1	chr17	FALSE	FALSE
Nop14	chr5	FALSE	FALSE
Htra2	chr6	FALSE	FALSE
Ubtd1	chr19	FALSE	FALSE
Jmjd7	chr2	FALSE	FALSE
Olfr623	chr7	FALSE	TRUE
Sema4c	chr1	FALSE	FALSE
Capn8	chr1	FALSE	FALSE
Hes2	chr4	FALSE	FALSE
Wbp4	chr14	FALSE	FALSE
4932415D10Rik	chr10	FALSE	TRUE
Nuf2	chr1	FALSE	FALSE
Esp23	chr17	FALSE	TRUE
Tox2	chr2	FALSE	FALSE
Gstp2	chr19	FALSE	FALSE
Spag7	chr11	FALSE	FALSE
Vps37d	chr5	FALSE	FALSE
Vmn1r47	chr6	FALSE	TRUE
Olfr620	chr7	FALSE	TRUE
4933434E20Rik	chr3	FALSE	FALSE
Atg3	chr16	FALSE	FALSE
Cdadc1	chr14	FALSE	FALSE
Gm382	chrX	FALSE	TRUE
Nup62cl	chrX	FALSE	FALSE
D830030K20Rik	chr14	FALSE	FALSE
Chil6	chr3	FALSE	FALSE
Rpl27a	chr7	FALSE	FALSE
Olfr24	chr9	FALSE	TRUE
Fosl1	chr19	FALSE	FALSE
Exosc10	chr4	FALSE	FALSE
Olfr465-ps1	chr13	FALSE	TRUE
Olfr1212	chr2	FALSE	TRUE
Dlk1	chr12	FALSE	FALSE
Nelfcd	chr2	FALSE	FALSE
Tmem231	chr8	FALSE	FALSE
Olfr1259	chr2	FALSE	TRUE
Gm5861	chr5	FALSE	TRUE
Orc6	chr8	FALSE	FALSE
Acp1	chr12	FALSE	FALSE
Gm5458	chr14	FALSE	TRUE
Men1	chr19	FALSE	FALSE
Pramel4	chr4	FALSE	TRUE
Plpp6	chr19	FALSE	FALSE
Fgf21	chr7	FALSE	TRUE
Lysmd1	chr3	FALSE	FALSE
Gpatch3	chr4	FALSE	FALSE
Cdpf1	chr15	FALSE	FALSE
Acsm5	chr7	FALSE	FALSE
Riok2	chr17	FALSE	FALSE
Tmem101	chr11	FALSE	FALSE
Olfr976	chr9	FALSE	TRUE
Mcm3	chr1	FALSE	FALSE
Marcks	chr10	FALSE	FALSE
Slfn14	chr11	FALSE	TRUE
Frem2	chr3	FALSE	FALSE
Oaz3	chr3	FALSE	TRUE
Olfr701	chr7	FALSE	TRUE
Crygd	chr1	FALSE	TRUE
Ssna1	chr2	FALSE	FALSE
Gm13723	chr2	FALSE	TRUE
H4c9	chr13	FALSE	FALSE
Dmpk	chr7	FALSE	FALSE
Slc25a31	chr3	FALSE	TRUE
Olfr788	chr10	FALSE	TRUE
H2-Q4	chr17	FALSE	FALSE
Olfr787	chr10	FALSE	TRUE
Sdhc	chr1	FALSE	FALSE
Wbp1	chr6	FALSE	FALSE
Siah2	chr3	FALSE	FALSE
Leng1	chr7	FALSE	FALSE
Polr1b	chr2	FALSE	FALSE
Qdpr	chr5	FALSE	FALSE
Ptcra	chr17	FALSE	TRUE
Olfr1303	chr2	FALSE	TRUE
Olfr1137	chr2	FALSE	TRUE
Bhlha9	chr11	FALSE	FALSE
Sf3b4	chr3	FALSE	FALSE
1520401A03Rik	chr17	FALSE	FALSE
Efcab15	chr11	FALSE	FALSE
Prph2	chr17	FALSE	FALSE
Ghrl	chr6	FALSE	FALSE
Mmp25	chr17	FALSE	FALSE
Dync1h1	chr12	FALSE	FALSE
Iqcf1	chr9	FALSE	TRUE
Olfr1361	chr13	FALSE	TRUE
Ubqlnl	chr7	FALSE	TRUE
Cip2a	chr16	FALSE	FALSE
Rnase9	chr14	FALSE	TRUE
Pex19	chr1	FALSE	FALSE
Cog8	chr8	FALSE	FALSE
Colec11	chr12	FALSE	FALSE
Lmo4	chr3	FALSE	FALSE
Hoxa4	chr6	FALSE	FALSE
Il9	chr13	FALSE	TRUE
Vmn1r184	chr7	FALSE	TRUE
Gaa	chr11	FALSE	FALSE
Gngt1	chr6	FALSE	TRUE
Bves	chr10	FALSE	FALSE
Smim9	chrX	FALSE	TRUE
Cdkn3	chr14	FALSE	FALSE
Zfp239	chr6	FALSE	FALSE
Pogk	chr1	FALSE	FALSE
Il1rn	chr2	FALSE	TRUE
Prss42	chr9	FALSE	TRUE
Gm11559	chr11	FALSE	TRUE
Gm10775	chr13	FALSE	TRUE
Gm12789	chr4	FALSE	TRUE
Gm7233	chr14	FALSE	TRUE
Nkg7	chr7	FALSE	TRUE
Rab17	chr1	FALSE	FALSE
Wdyhv1	chr15	FALSE	FALSE
Clec2m	chr6	FALSE	TRUE
Usp25	chr16	FALSE	FALSE
H4c14	chr3	FALSE	FALSE
Olfr1396	chr11	FALSE	TRUE
Olfr829	chr9	FALSE	TRUE
Polr2d	chr18	FALSE	FALSE
Cope	chr8	FALSE	FALSE
Bach2	chr4	FALSE	FALSE
Zfp97	chr17	FALSE	TRUE
Fgfr1op	chr17	FALSE	FALSE
Cdc23	chr18	FALSE	FALSE
Cgn	chr3	FALSE	FALSE
Calm1	chr12	FALSE	FALSE
Nanos1	chr19	FALSE	FALSE
Krt34	chr11	FALSE	TRUE
Gm5431	chr11	FALSE	TRUE
Ints6l	chrX	FALSE	FALSE
Acot13	chr13	FALSE	FALSE
Hoxc10	chr15	FALSE	FALSE
Nlrp4a	chr7	FALSE	TRUE
Rmi2	chr16	FALSE	FALSE
Olfr109	chr17	FALSE	TRUE
Defb30	chr14	FALSE	TRUE
Psmc4	chr7	FALSE	FALSE
Psma4	chr9	FALSE	FALSE
Iqcf4	chr9	FALSE	TRUE
Gimap8	chr6	FALSE	TRUE
Fndc8	chr11	FALSE	TRUE
P2ry13	chr3	FALSE	FALSE
Usp38	chr8	FALSE	FALSE
Hnrnpa1	chr15	FALSE	FALSE
Mtfr2	chr10	FALSE	FALSE
Gm29695	chr1	FALSE	FALSE
Krtap15	chr16	FALSE	TRUE
Vmn2r94	chr17	FALSE	TRUE
Chrnb3	chr8	FALSE	FALSE
Gm11032	chr11	FALSE	FALSE
Ugt1a5	chr1	FALSE	FALSE
Psenen	chr7	FALSE	FALSE
Gm12728	chr4	FALSE	TRUE
Eef1akmt3	chr10	FALSE	TRUE
Mif4gd	chr11	FALSE	FALSE
Rarres2	chr6	FALSE	FALSE
Lin7b	chr7	FALSE	FALSE
Apln	chrX	FALSE	FALSE
Acyp1	chr12	FALSE	FALSE
Tas2r143	chr6	FALSE	TRUE
Olfr169	chr16	FALSE	TRUE
Gm7792	chr5	FALSE	TRUE
Lrrc66	chr5	FALSE	TRUE
Gstz1	chr12	FALSE	FALSE
Krtap3-2	chr11	FALSE	TRUE
Nnat	chr2	FALSE	FALSE
Gm34066	chr1	FALSE	FALSE
Foxd1	chr13	FALSE	FALSE
Fam161b	chr12	FALSE	FALSE
Mex3d	chr10	FALSE	FALSE
Flot1	chr17	FALSE	FALSE
Nedd1	chr10	FALSE	FALSE
Nasp	chr4	FALSE	FALSE
Gm10563	chr4	FALSE	FALSE
Ly6l	chr15	FALSE	TRUE
Hils1	chr11	FALSE	TRUE
Mrps31	chr8	FALSE	FALSE
Slc2a8	chr2	FALSE	FALSE
B3galt4	chr17	FALSE	FALSE
Ccdc124	chr8	FALSE	FALSE
Olfr1110	chr2	FALSE	TRUE
Olfr686	chr7	FALSE	TRUE
Olfr129	chr17	FALSE	TRUE
Tor3a	chr1	FALSE	FALSE
Dpp7	chr2	FALSE	FALSE
Prpf31	chr7	FALSE	FALSE
Apbb1	chr7	FALSE	FALSE
4933405O20Rik	chr7	FALSE	TRUE
Trp53inp1	chr4	FALSE	FALSE
Emc8	chr8	FALSE	FALSE
Arl5b	chr2	FALSE	FALSE
Ptp4a1	chr1	FALSE	FALSE
Sdhaf4	chr1	FALSE	FALSE
Vps4b	chr1	FALSE	FALSE
Inhbc	chr10	FALSE	TRUE
Gm6133	chr18	FALSE	FALSE
Mapk1ip1l	chr14	FALSE	FALSE
Scnn1g	chr7	FALSE	FALSE
Ifi35	chr11	FALSE	TRUE
Hcar1	chr5	FALSE	FALSE
Cyp3a11	chr5	FALSE	TRUE
Abhd13	chr8	FALSE	FALSE
Adgrg3	chr8	FALSE	TRUE
Ccl7	chr11	FALSE	TRUE
Mlycd	chr8	FALSE	FALSE
Bop1	chr15	FALSE	FALSE
Ppif	chr14	FALSE	FALSE
Tubgcp2	chr7	FALSE	FALSE
Zfp648	chr1	FALSE	FALSE
Tpmt	chr13	FALSE	FALSE
Olfr178	chr16	FALSE	TRUE
Gm904	chr13	FALSE	TRUE
Mapre1	chr2	FALSE	FALSE
Bcl2a1b	chr9	FALSE	TRUE
Pex16	chr2	FALSE	FALSE
Sp140	chr1	FALSE	FALSE
Otor	chr2	FALSE	TRUE
Ccr1	chr9	FALSE	TRUE
Il4	chr11	FALSE	TRUE
Creb3l4	chr3	FALSE	TRUE
Socs7	chr11	FALSE	FALSE
C2cd4a	chr9	FALSE	FALSE
Spib	chr7	FALSE	FALSE
Capn10	chr1	FALSE	FALSE
Tacc3	chr5	FALSE	FALSE
Trhr	chr15	FALSE	TRUE
Gm17124	chr14	FALSE	TRUE
Olfr851	chr9	FALSE	TRUE
Gm8229	chr14	FALSE	TRUE
Gm15128	chrX	FALSE	TRUE
Zfp185	chrX	FALSE	FALSE
Cdipt	chr7	FALSE	FALSE
D1Pas1	chr1	FALSE	TRUE
Kbtbd4	chr2	FALSE	FALSE
Tsta3	chr15	FALSE	FALSE
Dusp26	chr8	FALSE	FALSE
Lin7c	chr2	FALSE	FALSE
Prpmp5	chr6	FALSE	TRUE
Zfp281	chr1	FALSE	FALSE
Tomm20	chr8	FALSE	FALSE
Phax	chr18	FALSE	FALSE
Zfp768	chr7	FALSE	FALSE
Gm4707	chr17	FALSE	TRUE
A730071L15Rik	chr11	FALSE	TRUE
Fank1	chr7	FALSE	FALSE
Ambn	chr5	FALSE	TRUE
Taar7b	chr10	FALSE	TRUE
Snapc5	chr9	FALSE	FALSE
Ticam1	chr17	FALSE	FALSE
Slc25a41	chr17	FALSE	TRUE
Ttc19	chr11	FALSE	FALSE
Gm49322	chr10	FALSE	FALSE
Colca2	chr9	FALSE	FALSE
Vmn1r229	chr17	FALSE	TRUE
Pdzd7	chr19	FALSE	FALSE
Hspa1b	chr17	FALSE	FALSE
Nlrp4e	chr7	FALSE	TRUE
Zmynd8	chr2	FALSE	FALSE
Gpr173	chrX	FALSE	FALSE
Gsdmc3	chr15	FALSE	TRUE
Sbpl	chr17	FALSE	FALSE
Cep85l	chr10	FALSE	FALSE
Letmd1	chr15	FALSE	FALSE
Zscan10	chr17	FALSE	FALSE
Svs4	chr2	FALSE	TRUE
Usp17la	chr7	FALSE	TRUE
Odaph	chr5	FALSE	TRUE
Il17f	chr1	FALSE	TRUE
Map1lc3b	chr8	FALSE	FALSE
Irf3	chr7	FALSE	FALSE
Maz	chr7	FALSE	FALSE
Rpl11	chr4	FALSE	FALSE
Dynap	chr18	FALSE	TRUE
Gm19668	chr10	FALSE	FALSE
Ftdc1	chr16	FALSE	TRUE
Ssmem1	chr6	FALSE	FALSE
Ccdc89	chr7	FALSE	FALSE
Farsa	chr8	FALSE	FALSE
Ly96	chr1	FALSE	FALSE
Fate1	chrX	FALSE	TRUE
C1ql1	chr11	FALSE	FALSE
Olfr896-ps1	chr9	FALSE	TRUE
Pnp	chr14	FALSE	FALSE
Sh2d1b2	chr1	FALSE	FALSE
Olfr1105	chr2	FALSE	TRUE
Pcdhb15	chr18	FALSE	TRUE
Nsa2	chr13	FALSE	FALSE
Trim32	chr4	FALSE	FALSE
Dlk2	chr17	FALSE	FALSE
Tmc4	chr7	FALSE	TRUE
Spink12	chr18	FALSE	TRUE
Ucp3	chr7	FALSE	FALSE
Tex16	chrX	FALSE	TRUE
Ccnb1ip1	chr14	FALSE	FALSE
Cdca7l	chr12	FALSE	FALSE
Fam199x	chrX	FALSE	FALSE
Ets2	chr16	FALSE	FALSE
Mrpl3	chr9	FALSE	FALSE
Lgals8	chr13	FALSE	FALSE
Sectm1b	chr11	FALSE	FALSE
Olfr1217	chr2	FALSE	TRUE
Ermard	chr17	FALSE	FALSE
Traf1	chr2	FALSE	TRUE
Olfr350	chr2	FALSE	TRUE
Cmtm1	chr8	FALSE	FALSE
Olfr93	chr17	FALSE	TRUE
Fv1	chr4	FALSE	TRUE
Itga2	chr13	FALSE	FALSE
Prlh	chr1	FALSE	FALSE
Otub1	chr19	FALSE	FALSE
Zfp512b	chr2	FALSE	FALSE
Sh2b1	chr7	FALSE	FALSE
Secisbp2	chr13	FALSE	FALSE
Nbn	chr4	FALSE	FALSE
Aldoart1	chr4	FALSE	TRUE
Ncaph2	chr15	FALSE	FALSE
Ascl3	chr7	FALSE	FALSE
Olfr988	chr2	FALSE	TRUE
Mrpl50	chr4	FALSE	FALSE
Scml2	chrX	FALSE	FALSE
Olfr1090	chr2	FALSE	TRUE
Mtx3	chr13	FALSE	FALSE
Cdca7	chr2	FALSE	FALSE
Gm11595	chr11	FALSE	TRUE
Defa38	chr8	FALSE	TRUE
Olfr1123	chr2	FALSE	TRUE
Fxyd1	chr7	FALSE	FALSE
Mfsd7a	chr5	FALSE	FALSE
Rrm1	chr7	FALSE	FALSE
Zfp212	chr6	FALSE	FALSE
Rho	chr6	FALSE	FALSE
Gsdmc4	chr15	FALSE	TRUE
Vmn1r37	chr6	FALSE	TRUE
Vldlr	chr19	FALSE	FALSE
Prdx4	chrX	FALSE	FALSE
C2cd4b	chr9	FALSE	FALSE
Glmp	chr3	FALSE	FALSE
Exosc7	chr9	FALSE	FALSE
Slc16a8	chr15	FALSE	FALSE
Atp5g2	chr15	FALSE	FALSE
Tmem126a	chr7	FALSE	FALSE
Mamdc4	chr2	FALSE	FALSE
Pus3	chr9	FALSE	FALSE
Tdgf1	chr9	FALSE	TRUE
Spint2	chr7	FALSE	FALSE
Il17d	chr14	FALSE	FALSE
Olfr104-ps	chr17	FALSE	TRUE
Hoxc12	chr15	FALSE	FALSE
Nacad	chr11	FALSE	FALSE
Elf3	chr1	FALSE	FALSE
Gprasp2	chrX	FALSE	FALSE
Scgb2b11	chr7	FALSE	TRUE
Slc7a11	chr3	FALSE	FALSE
Prr3	chr17	FALSE	FALSE
Olfr906	chr9	FALSE	TRUE
Ten1	chr11	FALSE	TRUE
Clk2	chr3	FALSE	FALSE
Foxn4	chr5	FALSE	FALSE
Hcst	chr7	FALSE	TRUE
Gm18596	chr10	FALSE	TRUE
Ccn3	chr15	FALSE	FALSE
Gm42669	chr5	FALSE	FALSE
Zfp61	chr7	FALSE	FALSE
Gm28051	chr12	FALSE	FALSE
Ctdnep1	chr11	FALSE	FALSE
Olfr1362	chr13	FALSE	TRUE
Gpr84	chr15	FALSE	TRUE
Etd	chrX	FALSE	TRUE
Nsun7	chr5	FALSE	FALSE
Snrpc	chr17	FALSE	FALSE
Aars2	chr17	FALSE	FALSE
Kctd20	chr17	FALSE	FALSE
Vmn1r211	chr13	FALSE	TRUE
C87499	chr4	FALSE	TRUE
Zbtb22	chr17	FALSE	FALSE
Cyc1	chr15	FALSE	FALSE
Nudt16	chr9	FALSE	FALSE
Zfp746	chr6	FALSE	FALSE
Mrps14	chr1	FALSE	FALSE
Cetn3	chr13	FALSE	FALSE
Rps2	chr17	FALSE	FALSE
Srp54a	chr12	FALSE	FALSE
Gm8267	chr14	FALSE	TRUE
Necab2	chr8	FALSE	FALSE
Calhm6	chr10	FALSE	FALSE
Ankrd46	chr15	FALSE	FALSE
Cnga2	chrX	FALSE	TRUE
Ccr8	chr9	FALSE	TRUE
Hibch	chr1	FALSE	FALSE
Olfr380	chr11	FALSE	TRUE
Rbm14	chr19	FALSE	FALSE
Gm11238	chr4	FALSE	TRUE
Gm8005	chr14	FALSE	TRUE
Bri3bp	chr5	FALSE	TRUE
Slc25a42	chr8	FALSE	FALSE
Smim27	chr4	FALSE	FALSE
Hmgcr	chr13	FALSE	FALSE
Olfr1496	chr19	FALSE	TRUE
Rdh14	chr12	FALSE	FALSE
H4c11	chr13	FALSE	FALSE
Ivd	chr2	FALSE	FALSE
C2cd4d	chr3	FALSE	FALSE
Lrrc10	chr10	FALSE	FALSE
Kprp	chr3	FALSE	TRUE
Xlr	chrX	FALSE	TRUE
Zfp839	chr12	FALSE	FALSE
Scd3	chr19	FALSE	TRUE
Spag11a	chr8	FALSE	TRUE
Fam221b	chr4	FALSE	FALSE
Serpina12	chr12	FALSE	TRUE
Gm45717	chr7	FALSE	FALSE
Mboat7	chr7	FALSE	FALSE
Cpvl	chr6	FALSE	FALSE
Aup1	chr6	FALSE	FALSE
Olfr1313	chr2	FALSE	TRUE
A2m	chr6	FALSE	FALSE
N4bp3	chr11	FALSE	FALSE
Cct2	chr10	FALSE	FALSE
Neurl4	chr11	FALSE	FALSE
Amz2	chr11	FALSE	FALSE
Prl8a1	chr13	FALSE	TRUE
Krtap8-1	chr16	FALSE	TRUE
Pkmyt1	chr17	FALSE	FALSE
Olfr1458	chr19	FALSE	TRUE
Gm11634	chr11	FALSE	TRUE
Suds3	chr5	FALSE	FALSE
Ushbp1	chr8	FALSE	FALSE
Prdx5	chr19	FALSE	FALSE
Septin2	chr1	FALSE	FALSE
Snapc3	chr4	FALSE	FALSE
Vmn2r28	chr7	FALSE	TRUE
Ccdc61	chr7	FALSE	FALSE
Defb18	chr1	FALSE	TRUE
Ankrd60	chr2	FALSE	FALSE
Npff	chr15	FALSE	FALSE
Gm8232	chr14	FALSE	TRUE
Trappc11	chr8	FALSE	FALSE
Gm10401	chr5	FALSE	TRUE
Nrg3	chr14	FALSE	FALSE
Lmx1a	chr1	FALSE	FALSE
Sipa1l2	chr8	FALSE	FALSE
Lce3a	chr3	FALSE	TRUE
Olfr1226	chr2	FALSE	TRUE
Prnp	chr2	FALSE	FALSE
Ankrd9	chr12	FALSE	FALSE
Cluh	chr11	FALSE	FALSE
Snurf	chr7	FALSE	FALSE
Rab9b	chrX	FALSE	FALSE
Cirbp	chr10	FALSE	FALSE
2310061N02Rik	chr16	FALSE	FALSE
Nr0b1	chrX	FALSE	FALSE
BC029722	chr2	FALSE	FALSE
Ppia	chr11	FALSE	FALSE
Duox2	chr2	FALSE	FALSE
Swsap1	chr9	FALSE	FALSE
Ginm1	chr10	FALSE	FALSE
Rpp38	chr2	FALSE	FALSE
Gm49369	chr7	FALSE	FALSE
Thoc6	chr17	FALSE	FALSE
Myc	chr15	FALSE	FALSE
Fcamr	chr1	FALSE	FALSE
Tpp1	chr7	FALSE	FALSE
2310003L06Rik	chr5	FALSE	TRUE
Plekhh2	chr17	FALSE	FALSE
Rundc3a	chr11	FALSE	FALSE
Olfr624	chr7	FALSE	TRUE
Mex3a	chr3	FALSE	FALSE
Gpatch4	chr3	FALSE	FALSE
Pole2	chr12	FALSE	FALSE
Gga3	chr11	FALSE	FALSE
Dchs1	chr7	FALSE	FALSE
Gm44965	chr6	FALSE	FALSE
Taar7d	chr10	FALSE	FALSE
Puf60	chr15	FALSE	FALSE
Krtap4-13	chr11	FALSE	TRUE
Card9	chr2	FALSE	FALSE
Olfr530	chr7	FALSE	TRUE
Klhdc8b	chr9	FALSE	FALSE
Prss45	chr9	FALSE	TRUE
B230307C23Rik	chr16	FALSE	FALSE
Zfp119a	chr17	FALSE	FALSE
Olfr1490	chr19	FALSE	TRUE
Cd207	chr6	FALSE	FALSE
Olfr549	chr7	FALSE	TRUE
Amh	chr10	FALSE	FALSE
Hmgcll1	chr9	FALSE	FALSE
Emp3	chr7	FALSE	TRUE
Usp39	chr6	FALSE	FALSE
Gm42517	chr5	FALSE	FALSE
Ms4a18	chr19	FALSE	TRUE
Bcap29	chr12	FALSE	FALSE
Olfr320	chr11	FALSE	TRUE
Tepp	chr8	FALSE	FALSE
Naa30	chr14	FALSE	FALSE
Vmn1r222	chr13	FALSE	TRUE
Serpina3b	chr12	FALSE	TRUE
Wsb1	chr11	FALSE	FALSE
Il2rg	chrX	FALSE	TRUE
Gm26938	chr5	FALSE	FALSE
Olfr1112	chr2	FALSE	TRUE
Ifi205	chr1	FALSE	TRUE
Zkscan16	chr4	FALSE	FALSE
Rab32	chr10	FALSE	FALSE
Tas2r130	chr6	FALSE	TRUE
Zfp9	chr6	FALSE	FALSE
Shisa7	chr7	FALSE	FALSE
Wdr31	chr4	FALSE	FALSE
Gm29094	chr9	FALSE	FALSE
Gm5771	chr6	FALSE	TRUE
Naa20	chr2	FALSE	FALSE
Upk3a	chr15	FALSE	FALSE
Rhox2d	chrX	FALSE	TRUE
Taok2	chr7	FALSE	FALSE
Nhlrc2	chr19	FALSE	FALSE
Rcn1	chr2	FALSE	FALSE
Atp5k	chr5	FALSE	FALSE
Gm45015	chrX	FALSE	TRUE
Olfr99	chr17	FALSE	TRUE
Trmt44	chr5	FALSE	FALSE
Trim21	chr7	FALSE	TRUE
Krtap19-9b	chr16	FALSE	TRUE
Pamr1	chr2	FALSE	FALSE
Zfp959	chr17	FALSE	FALSE
Magoh	chr4	FALSE	FALSE
Tff2	chr17	FALSE	TRUE
Fam184a	chr10	FALSE	FALSE
Lelp1	chr3	FALSE	TRUE
Fcho1	chr8	FALSE	FALSE
Rnh1	chr7	FALSE	FALSE
Ier5l	chr2	FALSE	FALSE
Prss41	chr17	FALSE	FALSE
Bcl2l11	chr2	FALSE	FALSE
Lxn	chr3	FALSE	FALSE
H2-DMb2	chr17	FALSE	TRUE
Sntn	chr14	FALSE	TRUE
Ino80e	chr7	FALSE	FALSE
Ndufa4	chr6	FALSE	FALSE
Zfp182	chrX	FALSE	FALSE
Tcl1b1	chr12	FALSE	TRUE
Sult1e1	chr5	FALSE	TRUE
2310079G19Rik	chr16	FALSE	TRUE
Zfp251	chr15	FALSE	FALSE
Akap5	chr12	FALSE	FALSE
Taar8a	chr10	FALSE	TRUE
Clpx	chr9	FALSE	FALSE
Axl	chr7	FALSE	FALSE
Defb19	chr2	FALSE	TRUE
Zfp709	chr8	FALSE	FALSE
Lrcol1	chr5	FALSE	FALSE
Zfp612	chr8	FALSE	FALSE
1700067P10Rik	chr17	FALSE	TRUE
Prl8a8	chr13	FALSE	TRUE
Sbsn	chr7	FALSE	TRUE
Cyp2d40	chr15	FALSE	TRUE
Glod5	chrX	FALSE	TRUE
Kif2a	chr13	FALSE	FALSE
Polr3c	chr3	FALSE	FALSE
Pja1	chrX	FALSE	FALSE
Olfr1006	chr2	FALSE	TRUE
Gm3005	chr14	FALSE	FALSE
Cyp24a1	chr2	FALSE	FALSE
Rgcc	chr14	FALSE	FALSE
Olfr1441	chr19	FALSE	TRUE
Rps25	chr9	FALSE	FALSE
Rpl31	chr1	FALSE	FALSE
Atg5	chr10	FALSE	FALSE
Fam166a	chr2	FALSE	FALSE
Gm3045	chr13	FALSE	FALSE
Rnf181	chr6	FALSE	FALSE
AF067063	chr13	FALSE	TRUE
Olfr724	chr14	FALSE	TRUE
Pcyox1l	chr18	FALSE	FALSE
Tas2r124	chr6	FALSE	TRUE
Chrne	chr11	FALSE	FALSE
Keap1	chr9	FALSE	FALSE
Vmn1r22	chr6	FALSE	TRUE
Xrcc3	chr12	FALSE	FALSE
Tpsb2	chr17	FALSE	TRUE
Noxo1	chr17	FALSE	FALSE
Olfr1278	chr2	FALSE	TRUE
Rpl19	chr11	FALSE	FALSE
B3gntl1	chr11	FALSE	FALSE
Tmem81	chr1	FALSE	TRUE
Wdr54	chr6	FALSE	FALSE
Gtf2e1	chr16	FALSE	FALSE
Sfr1	chr19	FALSE	FALSE
Prss44	chr9	FALSE	TRUE
Abca12	chr1	FALSE	FALSE
Tdpoz3	chr3	FALSE	TRUE
Isyna1	chr8	FALSE	FALSE
Hmg20b	chr10	FALSE	FALSE
Gm10377	chr14	FALSE	TRUE
Vmn1r80	chr7	FALSE	TRUE
Cox7a1	chr7	FALSE	FALSE
Hilpda	chr6	FALSE	FALSE
Cables2	chr2	FALSE	FALSE
Rab14	chr2	FALSE	FALSE
Tctn3	chr19	FALSE	FALSE
Snx7	chr3	FALSE	FALSE
Lsm6	chr8	FALSE	FALSE
Shcbp1l	chr1	FALSE	FALSE
Ifitm3	chr7	FALSE	FALSE
Vmn2r40	chr7	FALSE	TRUE
Tusc1	chr4	FALSE	FALSE
Asrgl1	chr19	FALSE	FALSE
Cox6a2	chr7	FALSE	TRUE
Tspan18	chr2	FALSE	FALSE
Gm11983	chr11	FALSE	TRUE
Fra10ac1	chr19	FALSE	FALSE
Tas2r123	chr6	FALSE	TRUE
Tprgl	chr4	FALSE	FALSE
Saa1	chr7	FALSE	FALSE
2700062C07Rik	chr18	FALSE	FALSE
Olfr877	chr9	FALSE	TRUE
Ccdc115	chr1	FALSE	FALSE
Prr19	chr7	FALSE	TRUE
Dppa3	chr6	FALSE	TRUE
Gm43302	chr5	FALSE	FALSE
Mospd2	chrX	FALSE	FALSE
Drd5	chr5	FALSE	FALSE
Vmn2r33	chr7	FALSE	TRUE
Gm732	chrX	FALSE	TRUE
Ppp1r11	chr17	FALSE	FALSE
Gper1	chr5	FALSE	FALSE
4930474N05Rik	chr14	FALSE	TRUE
Dmrta2	chr4	FALSE	FALSE
Elmo3	chr8	FALSE	FALSE
Mid1	chrX	FALSE	FALSE
Cyp2d10	chr15	FALSE	TRUE
Ugt1a6a	chr1	FALSE	FALSE
Rd3l	chr12	FALSE	TRUE
Bcl2a1a	chr9	FALSE	TRUE
Rpusd2	chr2	FALSE	FALSE
Tdrd1	chr19	FALSE	FALSE
Dcaf17	chr2	FALSE	FALSE
Ltbr	chr6	FALSE	FALSE
Tmem19	chr10	FALSE	FALSE
Sprr2b	chr3	FALSE	TRUE
Surf6	chr2	FALSE	FALSE
Cmtr1	chr17	FALSE	FALSE
Olfr1323	chrX	FALSE	TRUE
Vmn2r73	chr7	FALSE	TRUE
Wrap73	chr4	FALSE	FALSE
Prl8a2	chr13	FALSE	TRUE
Tmem196	chr12	FALSE	FALSE
Cetn1	chr18	FALSE	TRUE
Zfp354b	chr11	FALSE	TRUE
Tmtc2	chr10	FALSE	FALSE
Crh	chr3	FALSE	FALSE
Gm7954	chr14	FALSE	TRUE
Stx5a	chr19	FALSE	FALSE
Hsd3b7	chr7	FALSE	FALSE
Gm49340	chr11	FALSE	TRUE
Chd3	chr11	FALSE	FALSE
Zfp874b	chr13	FALSE	FALSE
H2-Q1	chr17	FALSE	FALSE
Zfp971	chr2	FALSE	FALSE
Ctla2b	chr13	FALSE	TRUE
Slc29a1	chr17	FALSE	FALSE
Rpe	chr1	FALSE	FALSE
Egr3	chr14	FALSE	FALSE
Gm572	chr4	FALSE	FALSE
Wfdc2	chr2	FALSE	FALSE
Sqstm1	chr11	FALSE	FALSE
BC061237	chr14	FALSE	TRUE
BC080695	chr4	FALSE	TRUE
Olfr1472	chr19	FALSE	TRUE
Rnf133	chr6	FALSE	FALSE
Myadml2	chr11	FALSE	FALSE
Med7	chr11	FALSE	FALSE
Fam189a1	chr7	FALSE	FALSE
Hoxb8	chr11	FALSE	FALSE
Barhl2	chr5	FALSE	FALSE
Olfr740	chr14	FALSE	TRUE
Spag1	chr15	FALSE	FALSE
Cic	chr7	FALSE	FALSE
Ifitm5	chr7	FALSE	TRUE
Rrnad1	chr3	FALSE	TRUE
Trpv6	chr6	FALSE	TRUE
Zfp870	chr17	FALSE	FALSE
Arrb2	chr11	FALSE	FALSE
Rims2	chr15	FALSE	FALSE
Nab1	chr1	FALSE	FALSE
Tcf23	chr5	FALSE	TRUE
Tnfaip8l1	chr17	FALSE	FALSE
Il20ra	chr10	FALSE	FALSE
Klk8	chr7	FALSE	FALSE
Erich3	chr3	FALSE	FALSE
Rpl15	chr14	FALSE	FALSE
Slc10a4l	chr5	FALSE	FALSE
Ccng2	chr5	FALSE	FALSE
Glipr1l1	chr10	FALSE	TRUE
Cd24a	chr10	FALSE	FALSE
Olfr435	chr6	FALSE	TRUE
Ifitm7	chr16	FALSE	FALSE
Actl9	chr17	FALSE	TRUE
Ptch1	chr13	FALSE	FALSE
Rnf225	chr7	FALSE	FALSE
Olfr1314	chr2	FALSE	TRUE
Lce1h	chr3	FALSE	FALSE
Adss	chr1	FALSE	FALSE
Vmn2r61	chr7	FALSE	TRUE
Gm94	chr18	FALSE	TRUE
Nell1	chr7	FALSE	FALSE
Gm13023	chr4	FALSE	TRUE
Slc16a13	chr11	FALSE	FALSE
Gpatch11	chr17	FALSE	TRUE
H2-M10.3	chr17	FALSE	TRUE
Snai3	chr8	FALSE	FALSE
Zbtb7b	chr3	FALSE	FALSE
Fgf18	chr11	FALSE	FALSE
Ear1	chr14	FALSE	TRUE
Gm21319	chr12	FALSE	TRUE
Lypd2	chr15	FALSE	TRUE
Phf10	chr17	FALSE	FALSE
Arpc3	chr5	FALSE	FALSE
Hsp90b1	chr10	FALSE	FALSE
Olfr295	chr7	FALSE	TRUE
Rwdd4a	chr8	FALSE	FALSE
Vmn2r35	chr7	FALSE	TRUE
Coa7	chr4	FALSE	FALSE
Wdr5	chr2	FALSE	FALSE
Nts	chr10	FALSE	TRUE
Nmur2	chr11	FALSE	FALSE
Scgb2b18	chr7	FALSE	TRUE
Foxred2	chr15	FALSE	FALSE
Actr6	chr10	FALSE	FALSE
Nek2	chr1	FALSE	FALSE
Tmem186	chr16	FALSE	FALSE
Tomm20l	chr12	FALSE	FALSE
Kank2	chr9	FALSE	FALSE
Ptges3l	chr11	FALSE	FALSE
B4galt6	chr18	FALSE	FALSE
Gm47985	chr1	FALSE	TRUE
Prelid1	chr13	FALSE	FALSE
Nrep	chr18	FALSE	FALSE
Alox15	chr11	FALSE	FALSE
Atxn7l3b	chr10	FALSE	FALSE
Khk	chr5	FALSE	FALSE
Dnaja4	chr9	FALSE	FALSE
Rps11	chr7	FALSE	FALSE
Gorasp1	chr9	FALSE	FALSE
Klra4	chr6	FALSE	TRUE
Rab29	chr1	FALSE	FALSE
Sspn	chr6	FALSE	FALSE
Polr3d	chr14	FALSE	FALSE
Rgl3	chr9	FALSE	FALSE
Olfr1381	chr11	FALSE	TRUE
Olfr1264	chr2	FALSE	TRUE
Khdc1b	chr1	FALSE	TRUE
Stard7	chr2	FALSE	FALSE
Olfr131	chr17	FALSE	TRUE
Olfr122	chr17	FALSE	TRUE
Fshb	chr2	FALSE	TRUE
Clec4f	chr6	FALSE	TRUE
Pomgnt1	chr4	FALSE	FALSE
Gm14443	chr2	FALSE	TRUE
Manba	chr3	FALSE	FALSE
Hnrnpc	chr14	FALSE	FALSE
Tap2	chr17	FALSE	FALSE
Brf2	chr8	FALSE	FALSE
Plekhs1	chr19	FALSE	FALSE
Tceal3	chrX	FALSE	FALSE
Gm14401	chr2	FALSE	TRUE
Rgs22	chr15	FALSE	FALSE
Lin37	chr7	FALSE	FALSE
Gm15446	chr5	FALSE	FALSE
Olfr816	chr10	FALSE	TRUE
Olfr748	chr14	FALSE	TRUE
Pigq	chr17	FALSE	FALSE
Olfr582	chr7	FALSE	TRUE
Slc9a3r2	chr17	FALSE	FALSE
Nkx2-5	chr17	FALSE	FALSE
Zfp735	chr11	FALSE	TRUE
Mrpl18	chr17	FALSE	FALSE
Gm17268	chr11	FALSE	FALSE
Prodh2	chr7	FALSE	TRUE
Gmfb	chr14	FALSE	FALSE
Pard3	chr8	FALSE	FALSE
Rnasek	chr11	FALSE	FALSE
H2-M9	chr17	FALSE	TRUE
Prss38	chr11	FALSE	TRUE
Spice1	chr16	FALSE	FALSE
Gins3	chr8	FALSE	FALSE
Csmd1	chr8	FALSE	FALSE
Cilp2	chr8	FALSE	FALSE
Bcl2l14	chr6	FALSE	TRUE
Ubqln4	chr3	FALSE	FALSE
H2al2a	chr2	FALSE	TRUE
Cycs	chr6	FALSE	FALSE
Cmtm5	chr14	FALSE	FALSE
Wfdc8	chr2	FALSE	TRUE
Dus4l	chr12	FALSE	FALSE
A130010J15Rik	chr1	FALSE	FALSE
0610009B22Rik	chr11	FALSE	TRUE
Meiob	chr17	FALSE	FALSE
Mfap1a	chr2	FALSE	FALSE
Speer4f1	chr5	FALSE	TRUE
Oosp1	chr19	FALSE	TRUE
H2-Eb2	chr17	FALSE	FALSE
Olfr1307	chr2	FALSE	TRUE
9330182O14Rik	chr15	FALSE	TRUE
1810009A15Rik	chr19	FALSE	FALSE
Rtl6	chr15	FALSE	FALSE
Gtf3c6	chr10	FALSE	FALSE
Olfr733	chr14	FALSE	TRUE
Ascl2	chr7	FALSE	FALSE
Spns2	chr11	FALSE	FALSE
Gm10488	chrX	FALSE	TRUE
Gm10318	chr10	FALSE	TRUE
Prok1	chr3	FALSE	FALSE
Oma1	chr4	FALSE	FALSE
Sec61a1	chr6	FALSE	FALSE
Slc25a44	chr3	FALSE	FALSE
Pdlim4	chr11	FALSE	FALSE
Tmem88b	chr4	FALSE	FALSE
Rell2	chr18	FALSE	FALSE
Fam210b	chr2	FALSE	FALSE
Xkr5	chr8	FALSE	FALSE
Map1lc3a	chr2	FALSE	FALSE
Foxb1	chr9	FALSE	FALSE
Hmgcl	chr4	FALSE	FALSE
Gm5142	chr14	FALSE	TRUE
Stk19	chr17	FALSE	FALSE
Zfp963	chr8	FALSE	FALSE
Rbm24	chr13	FALSE	FALSE
Ptn	chr6	FALSE	FALSE
Eef1b2	chr1	FALSE	FALSE
Bmp1	chr14	FALSE	FALSE
Speer4d	chr5	FALSE	TRUE
Olfr275	chr4	FALSE	TRUE
Zrsr1	chr11	FALSE	TRUE
Cldn8	chr16	FALSE	TRUE
Olfr821	chr10	FALSE	TRUE
Rnf5	chr17	FALSE	FALSE
Npm2	chr14	FALSE	FALSE
Synpr	chr14	FALSE	FALSE
Olfr855	chr9	FALSE	TRUE
Tcea1	chr1	FALSE	FALSE
Cdk11b	chr4	FALSE	FALSE
Rgs2	chr1	FALSE	FALSE
Harbi1	chr2	FALSE	FALSE
Golt1b	chr6	FALSE	FALSE
Rsl1	chr13	FALSE	FALSE
Rbm8a2	chr1	FALSE	TRUE
D16Ertd472e	chr16	FALSE	FALSE
Paxbp1	chr16	FALSE	FALSE
Cldn22	chr8	FALSE	FALSE
Tmem52b	chr6	FALSE	TRUE
Arpc1a	chr5	FALSE	FALSE
Eif2b1	chr5	FALSE	FALSE
Chrna6	chr8	FALSE	TRUE
Col12a1	chr9	FALSE	FALSE
Irx3	chr8	FALSE	FALSE
Galr2	chr11	FALSE	FALSE
Dsc3	chr18	FALSE	FALSE
Prss39	chr1	FALSE	TRUE
Gm14406	chr2	FALSE	TRUE
Mphosph6	chr8	FALSE	FALSE
Olfr1426	chr19	FALSE	TRUE
Gm5414	chr15	FALSE	TRUE
Mymk	chr2	FALSE	TRUE
Olfr1291-ps1	chr2	FALSE	TRUE
Las1l	chrX	FALSE	FALSE
Olfr1032	chr2	FALSE	TRUE
Ptgdr	chr14	FALSE	FALSE
Ifna11	chr4	FALSE	TRUE
Zfp442	chr2	FALSE	FALSE
Tigd5	chr15	FALSE	FALSE
Htr1a	chr13	FALSE	FALSE
Nrtn	chr17	FALSE	FALSE
Krr1	chr10	FALSE	FALSE
Ldhd	chr8	FALSE	FALSE
Psmc3	chr2	FALSE	FALSE
Slc16a5	chr11	FALSE	FALSE
Gm7145	chr1	FALSE	TRUE
Nxt2	chrX	FALSE	FALSE
Mtrr	chr13	FALSE	FALSE
Olfr1387	chr11	FALSE	TRUE
Prl3b1	chr13	FALSE	TRUE
9130409I23Rik	chr1	FALSE	TRUE
Ndufa5	chr6	FALSE	FALSE
Gm15107	chrX	FALSE	TRUE
Tsr3	chr17	FALSE	FALSE
Art2b	chr7	FALSE	TRUE
Olfr878	chr9	FALSE	TRUE
Olfr871	chr9	FALSE	TRUE
Mup7	chr4	FALSE	TRUE
Isy1	chr6	FALSE	FALSE
Txlng	chrX	FALSE	FALSE
Gm49835	chr17	FALSE	TRUE
Myot	chr18	FALSE	TRUE
Lrrc40	chr3	FALSE	FALSE
Sparcl1	chr5	FALSE	FALSE
Mdh1	chr11	FALSE	FALSE
Cep72	chr13	FALSE	FALSE
Mrgprx2	chr7	FALSE	TRUE
Actg1	chr11	FALSE	FALSE
Ttc7	chr17	FALSE	FALSE
Endog	chr2	FALSE	FALSE
Klri2	chr6	FALSE	TRUE
Gsta1	chr9	FALSE	TRUE
Olfr206	chr16	FALSE	TRUE
Naip6	chr13	FALSE	TRUE
Gnat2	chr3	FALSE	TRUE
Ube2q1	chr3	FALSE	FALSE
Pigm	chr1	FALSE	FALSE
Krtap6-5	chr16	FALSE	TRUE
Gm8281	chr14	FALSE	FALSE
V1rd19	chr7	FALSE	TRUE
Spata16	chr3	FALSE	FALSE
Ttc9c	chr19	FALSE	FALSE
Cyp2u1	chr3	FALSE	FALSE
Fam98c	chr7	FALSE	FALSE
Fastkd1	chr2	FALSE	FALSE
Tbx6	chr7	FALSE	TRUE
Gnai1	chr5	FALSE	FALSE
Ints10	chr8	FALSE	FALSE
Cdc34	chr10	FALSE	FALSE
Alkbh2	chr5	FALSE	FALSE
Bbof1	chr12	FALSE	FALSE
1700064H15Rik	chr3	FALSE	TRUE
Plp2	chrX	FALSE	FALSE
Pjvk	chr2	FALSE	FALSE
Gm6619	chr6	FALSE	TRUE
Esp31	chr17	FALSE	TRUE
Prpf19	chr19	FALSE	FALSE
Prrxl1	chr14	FALSE	FALSE
Cited2	chr10	FALSE	FALSE
Mier2	chr10	FALSE	FALSE
Nps	chr7	FALSE	TRUE
Slc35b2	chr17	FALSE	FALSE
Rhox2b	chrX	FALSE	TRUE
Pabpc5	chrX	FALSE	FALSE
Zfp619	chr7	FALSE	FALSE
Tmem50b	chr16	FALSE	FALSE
Cyp4f18	chr8	FALSE	FALSE
Vbp1	chrX	FALSE	FALSE
Tsen54	chr11	FALSE	FALSE
4930595M18Rik	chrX	FALSE	TRUE
Suox	chr10	FALSE	FALSE
Rhox4b	chrX	FALSE	TRUE
Idh2	chr7	FALSE	FALSE
Zfp850	chr7	FALSE	TRUE
Cstdc6	chr16	FALSE	TRUE
Ugt1a10	chr1	FALSE	FALSE
Tspan8	chr10	FALSE	TRUE
Astn1	chr1	FALSE	FALSE
Irgq	chr7	FALSE	FALSE
6820408C15Rik	chr2	FALSE	FALSE
Fbxo46	chr7	FALSE	FALSE
Tgm3	chr2	FALSE	FALSE
Tcte2	chr17	FALSE	FALSE
Ccr10	chr11	FALSE	FALSE
Gm5152	chr5	FALSE	TRUE
Tmem217	chr17	FALSE	FALSE
Olfr486	chr7	FALSE	TRUE
Uqcrq	chr11	FALSE	FALSE
Sh2d4b	chr14	FALSE	FALSE
Ppil6	chr10	FALSE	TRUE
Scgb2b21	chr7	FALSE	TRUE
Txlna	chr4	FALSE	FALSE
Ap4b1	chr3	FALSE	FALSE
Eif3d	chr15	FALSE	FALSE
A26c2	chr7	FALSE	TRUE
Mien1	chr11	FALSE	FALSE
Vstm2b	chr7	FALSE	FALSE
Utp23	chr15	FALSE	FALSE
Bdh1	chr16	FALSE	FALSE
Dbt	chr3	FALSE	FALSE
Mrgprb4	chr7	FALSE	TRUE
Arl6ip4	chr5	FALSE	FALSE
Zscan12	chr13	FALSE	FALSE
Calhm5	chr10	FALSE	FALSE
Clba1	chr12	FALSE	FALSE
Faf2	chr13	FALSE	FALSE
Dmrtc1b	chrX	FALSE	TRUE
Il15	chr8	FALSE	FALSE
Faap24	chr7	FALSE	FALSE
Mtcp1	chrX	FALSE	FALSE
Olfr969	chr9	FALSE	TRUE
Endod1	chr9	FALSE	FALSE
Gm37389	chr3	FALSE	TRUE
Ahsg	chr16	FALSE	TRUE
Tmem121	chr12	FALSE	FALSE
Zfp628	chr7	FALSE	FALSE
Rab19	chr6	FALSE	FALSE
Rnaset2a	chr17	FALSE	FALSE
1600014C23Rik	chr17	FALSE	FALSE
Rhag	chr17	FALSE	TRUE
Acp2	chr2	FALSE	FALSE
Syncrip	chr9	FALSE	FALSE
Psg27	chr7	FALSE	TRUE
Olfr782	chr10	FALSE	TRUE
Sbk3	chr7	FALSE	TRUE
4930480E11Rik	chrX	FALSE	TRUE
Timm50	chr7	FALSE	FALSE
Tgds	chr14	FALSE	FALSE
Rbp4	chr19	FALSE	FALSE
Nab2	chr10	FALSE	FALSE
Drp2	chrX	FALSE	FALSE
Phf23	chr11	FALSE	FALSE
Gm17657	chr17	FALSE	FALSE
Chrng	chr1	FALSE	FALSE
Tfec	chr6	FALSE	FALSE
Esp4	chr17	FALSE	TRUE
Ccdc47	chr11	FALSE	FALSE
Smim26	chr2	FALSE	FALSE
Gpr17	chr18	FALSE	FALSE
Gm10153	chr7	FALSE	TRUE
Fsbp	chr4	FALSE	FALSE
C4b	chr17	FALSE	FALSE
Dcaf4	chr12	FALSE	FALSE
Ubap1l	chr9	FALSE	TRUE
Pgp	chr17	FALSE	FALSE
Tpt1	chr14	FALSE	FALSE
Ttll2	chr17	FALSE	FALSE
Slxl1	chrX	FALSE	TRUE
Olfr228	chr2	FALSE	TRUE
Olfr262	chr19	FALSE	TRUE
Phf7	chr14	FALSE	TRUE
Gm4767	chr10	FALSE	TRUE
Ms4a20	chr19	FALSE	TRUE
Esp22	chr17	FALSE	TRUE
Defb39	chr8	FALSE	TRUE
Olfr1053	chr2	FALSE	TRUE
Klf2	chr8	FALSE	FALSE
Tmbim6	chr15	FALSE	FALSE
Mboat1	chr13	FALSE	FALSE
Xpo1	chr11	FALSE	FALSE
Arl14ep	chr2	FALSE	FALSE
Agtr1b	chr3	FALSE	TRUE
Myoz1	chr14	FALSE	TRUE
Was	chrX	FALSE	TRUE
Espl1	chr15	FALSE	TRUE
Crot	chr5	FALSE	FALSE
Cox8b	chr7	FALSE	TRUE
Rbp1	chr9	FALSE	FALSE
Bsph2	chr7	FALSE	TRUE
Gm19426	chr2	FALSE	FALSE
Bbs12	chr3	FALSE	FALSE
Ggn	chr7	FALSE	FALSE
Pusl1	chr4	FALSE	FALSE
Kcns3	chr12	FALSE	FALSE
Myh6	chr14	FALSE	FALSE
Prss33	chr17	FALSE	FALSE
Olfr97	chr17	FALSE	TRUE
Cct6b	chr11	FALSE	TRUE
Zfp874a	chr13	FALSE	FALSE
Pmepa1	chr2	FALSE	FALSE
Gm3259	chr5	FALSE	TRUE
AU015836	chrX	FALSE	TRUE
Plekha3	chr2	FALSE	FALSE
Sh2d1a	chrX	FALSE	TRUE
Hoxc6	chr15	FALSE	FALSE
Ace3	chr11	FALSE	FALSE
Bag6	chr17	FALSE	FALSE
Spef1l	chr7	FALSE	FALSE
Cyp2g1	chr7	FALSE	TRUE
Hyal3	chr9	FALSE	FALSE
Nkpd1	chr7	FALSE	FALSE
Sox12	chr2	FALSE	FALSE
Obox2	chr7	FALSE	TRUE
Atp6ap1	chrX	FALSE	FALSE
Ncln	chr10	FALSE	FALSE
Olfr114	chr17	FALSE	TRUE
Jkamp	chr12	FALSE	FALSE
Olfr329	chr11	FALSE	TRUE
Pcdhb11	chr18	FALSE	TRUE
Snip1	chr4	FALSE	FALSE
H2-Q6	chr17	FALSE	FALSE
Cryga	chr1	FALSE	TRUE
Tex19.2	chr11	FALSE	TRUE
Gm17720	chr8	FALSE	FALSE
Med8	chr4	FALSE	FALSE
Tas2r117	chr6	FALSE	TRUE
Gja3	chr14	FALSE	FALSE
Prg3	chr2	FALSE	TRUE
Upf3a	chr8	FALSE	FALSE
Smgc	chr15	FALSE	TRUE
Supt5	chr7	FALSE	FALSE
Six3	chr17	FALSE	FALSE
Uba52	chr8	FALSE	TRUE
Smdt1	chr15	FALSE	FALSE
H2-DMb1	chr17	FALSE	TRUE
Gm5936	chrX	FALSE	TRUE
Setx	chr2	FALSE	FALSE
Amot	chrX	FALSE	FALSE
Obp2a	chr2	FALSE	TRUE
Ccng1	chr11	FALSE	FALSE
Slc26a1	chr5	FALSE	FALSE
4930433I11Rik	chr7	FALSE	TRUE
Tas2r110	chr6	FALSE	TRUE
Olfr902	chr9	FALSE	TRUE
Spatc1	chr15	FALSE	FALSE
Ahcy	chr2	FALSE	FALSE
Gm28372	chr2	FALSE	TRUE
Mplkip	chr13	FALSE	FALSE
Trmt1	chr8	FALSE	FALSE
Ubqln1	chr13	FALSE	FALSE
Kcnv2	chr19	FALSE	TRUE
Nckipsd	chr9	FALSE	FALSE
Aplp1	chr7	FALSE	FALSE
Cblb	chr16	FALSE	FALSE
Coq8a	chr1	FALSE	FALSE
Sult3a2	chr10	FALSE	TRUE
Gpd1	chr15	FALSE	FALSE
Scyl2	chr10	FALSE	FALSE
Vmn2r-ps130	chr17	FALSE	TRUE
Tdrkh	chr3	FALSE	FALSE
Defb35	chr8	FALSE	TRUE
Vmn1r181	chr7	FALSE	TRUE
Apela	chr8	FALSE	FALSE
Olfr1282	chr2	FALSE	TRUE
Ranbp6	chr19	FALSE	FALSE
Ctxn1	chr8	FALSE	FALSE
Fabp3	chr4	FALSE	FALSE
Tmem42	chr9	FALSE	FALSE
Ppp1r8	chr4	FALSE	FALSE
Gpihbp1	chr15	FALSE	FALSE
Slc7a9	chr7	FALSE	TRUE
Gm17087	chr17	FALSE	TRUE
Ankle2	chr5	FALSE	FALSE
Zdhhc8	chr16	FALSE	FALSE
Fgf11	chr11	FALSE	FALSE
Hoxb6	chr11	FALSE	FALSE
Vmn1r223	chr13	FALSE	TRUE
Gm3512	chr14	FALSE	FALSE
Ceacam10	chr7	FALSE	TRUE
Vsig10l	chr7	FALSE	FALSE
Saxo2	chr7	FALSE	FALSE
Jph3	chr8	FALSE	FALSE
1700001K19Rik	chr12	FALSE	TRUE
Olfr1446	chr19	FALSE	TRUE
Bpifb2	chr2	FALSE	FALSE
Tpk1	chr6	FALSE	FALSE
Selenow	chr7	FALSE	FALSE
Car5b	chrX	FALSE	FALSE
Vmn1r227	chr17	FALSE	TRUE
C1qtnf5	chr9	FALSE	FALSE
Cyb5r1	chr1	FALSE	FALSE
Zhx1	chr15	FALSE	FALSE
Fam207a	chr10	FALSE	FALSE
Cops4	chr5	FALSE	FALSE
Gata6	chr18	FALSE	FALSE
Ift27	chr15	FALSE	FALSE
Isca2	chr12	FALSE	FALSE
Ccdc81	chr7	FALSE	TRUE
Uqcrc2	chr7	FALSE	FALSE
Misp3	chr8	FALSE	FALSE
Cog7	chr7	FALSE	FALSE
Rpl32	chr6	FALSE	FALSE
Lhfpl2	chr13	FALSE	FALSE
Prmt7	chr8	FALSE	FALSE
Sncb	chr13	FALSE	FALSE
Toe1	chr4	FALSE	FALSE
Chchd7	chr4	FALSE	FALSE
Churc1	chr12	FALSE	FALSE
Clec4b2	chr6	FALSE	TRUE
Olfr642	chr7	FALSE	TRUE
Krt76	chr15	FALSE	FALSE
Eif3f	chr7	FALSE	FALSE
Gm6121	chrX	FALSE	TRUE
Kif20b	chr19	FALSE	FALSE
Mfsd4b1	chr10	FALSE	FALSE
Six1	chr12	FALSE	FALSE
Tubb5	chr17	FALSE	FALSE
Rbm46	chr3	FALSE	FALSE
Amn1	chr6	FALSE	FALSE
Gm10681	chr3	FALSE	TRUE
Gm6040	chr8	FALSE	TRUE
Vmn2r106	chr17	FALSE	TRUE
Med18	chr4	FALSE	FALSE
Timp1	chrX	FALSE	FALSE
Cstb	chr10	FALSE	FALSE
Lrrc19	chr4	FALSE	TRUE
Vmn2r54	chr7	FALSE	TRUE
Olfr538	chr7	FALSE	TRUE
Prpf3	chr3	FALSE	FALSE
Tmem129	chr5	FALSE	FALSE
Yae1d1	chr13	FALSE	FALSE
Pofut2	chr10	FALSE	FALSE
Olfr406	chr11	FALSE	TRUE
Rab3a	chr8	FALSE	FALSE
Kng1	chr16	FALSE	FALSE
Hoxc11	chr15	FALSE	FALSE
Epha8	chr4	FALSE	FALSE
Brk1	chr6	FALSE	FALSE
Trim68	chr7	FALSE	FALSE
Gpr165	chrX	FALSE	FALSE
Sgcd	chr11	FALSE	FALSE
Rgs9bp	chr7	FALSE	FALSE
Ms4a10	chr19	FALSE	TRUE
Olfr1057	chr2	FALSE	TRUE
Olfr1431	chr19	FALSE	TRUE
Sde2	chr1	FALSE	FALSE
Apoa4	chr9	FALSE	TRUE
Krtap5-4	chr7	FALSE	TRUE
Stfa2	chr16	FALSE	TRUE
Zxdc	chr6	FALSE	FALSE
Upk1a	chr7	FALSE	TRUE
Gbp2b	chr3	FALSE	TRUE
Dus3l	chr17	FALSE	FALSE
Npy5r	chr8	FALSE	FALSE
Skor1	chr9	FALSE	FALSE
Spertl	chr14	FALSE	FALSE
Sprr3	chr3	FALSE	TRUE
Akap1	chr11	FALSE	FALSE
Gstt3	chr10	FALSE	FALSE
Serping1	chr2	FALSE	FALSE
Hspb9	chr11	FALSE	FALSE
Olfr1256	chr2	FALSE	TRUE
Oprm1	chr10	FALSE	FALSE
Sat2	chr11	FALSE	FALSE
Psmd4	chr3	FALSE	FALSE
Rnf7	chr9	FALSE	FALSE
Dlx1	chr2	FALSE	FALSE
Dsg1a	chr18	FALSE	TRUE
Rhox4d	chrX	FALSE	TRUE
Lrrc61	chr6	FALSE	FALSE
Slitrk4	chrX	FALSE	FALSE
Tmem249	chr15	FALSE	FALSE
1110059G10Rik	chr9	FALSE	FALSE
Klra7	chr6	FALSE	TRUE
Pam16	chr16	FALSE	FALSE
Trmo	chr4	FALSE	FALSE
Dhdh	chr7	FALSE	TRUE
Gdf1	chr8	FALSE	FALSE
Vmn2r88	chr14	FALSE	TRUE
Olfr504	chr7	FALSE	TRUE
Slc38a8	chr8	FALSE	FALSE
Olfr837	chr9	FALSE	TRUE
Zfp418	chr7	FALSE	FALSE
Mapkapk5	chr5	FALSE	FALSE
Clta	chr4	FALSE	FALSE
Chrm4	chr2	FALSE	FALSE
Fpr1	chr17	FALSE	TRUE
Mboat4	chr8	FALSE	FALSE
Pln	chr10	FALSE	FALSE
Esx1	chrX	FALSE	FALSE
Hormad2	chr11	FALSE	TRUE
Vmn1r206	chr13	FALSE	TRUE
Cdhr1	chr14	FALSE	FALSE
Kcnj2	chr11	FALSE	FALSE
Sumf2	chr5	FALSE	TRUE
Amy2a3	chr3	FALSE	TRUE
Arhgap11a	chr2	FALSE	FALSE
Cox7b2	chr5	FALSE	FALSE
Olfr1130	chr2	FALSE	TRUE
Prorsd1	chr11	FALSE	FALSE
Ddx20	chr3	FALSE	FALSE
Gcnt3	chr9	FALSE	TRUE
Cd300lb	chr11	FALSE	FALSE
Ube2v2	chr16	FALSE	FALSE
Gm21738	chr14	FALSE	TRUE
Ly6i	chr15	FALSE	FALSE
Gen1	chr12	FALSE	FALSE
Lrr1	chr12	FALSE	FALSE
Slc22a6	chr19	FALSE	TRUE
Bhlha15	chr5	FALSE	FALSE
Samt2	chrX	FALSE	TRUE
Ndufa7	chr17	FALSE	FALSE
Sfta2	chr17	FALSE	FALSE
Msn	chrX	FALSE	FALSE
Fkbpl	chr17	FALSE	FALSE
A230072I06Rik	chr8	FALSE	FALSE
Gm21818	chr13	FALSE	TRUE
Prdm9	chr17	FALSE	FALSE
Actrt1	chrX	FALSE	TRUE
Rnf227	chr11	FALSE	FALSE
Ccdc117	chr11	FALSE	FALSE
Olfr1213	chr2	FALSE	TRUE
Olfr1375	chr11	FALSE	TRUE
Fam71b	chr11	FALSE	FALSE
Ppp1r14a	chr7	FALSE	FALSE
1700088E04Rik	chr15	FALSE	FALSE
Zfp688	chr7	FALSE	TRUE
Fam217a	chr13	FALSE	FALSE
Snx15	chr19	FALSE	FALSE
Olfr924	chr9	FALSE	TRUE
Gm10338	chr14	FALSE	TRUE
1700029F12Rik	chr13	FALSE	FALSE
Alg13	chrX	FALSE	FALSE
Olfr806	chr10	FALSE	TRUE
Ftl1	chr7	FALSE	FALSE
9130230L23Rik	chr5	FALSE	TRUE
Aldh3a2	chr11	FALSE	FALSE
Stx6	chr1	FALSE	FALSE
Lyz2	chr10	FALSE	TRUE
Zfp511	chr7	FALSE	FALSE
Echdc3	chr2	FALSE	FALSE
Safb	chr17	FALSE	FALSE
Gm49325	chr10	FALSE	FALSE
Ripk4	chr16	FALSE	FALSE
Zfp558	chr9	FALSE	FALSE
Olfr1326-ps1	chrX	FALSE	TRUE
Rasd1	chr11	FALSE	FALSE
Olfr1289	chr2	FALSE	TRUE
Dynll1	chr5	FALSE	FALSE
Olfr1232	chr2	FALSE	TRUE
Polh	chr17	FALSE	FALSE
Gbx2	chr1	FALSE	FALSE
B2m	chr2	FALSE	FALSE
Gm8773	chr5	FALSE	FALSE
Sox18	chr2	FALSE	FALSE
Sdr16c5	chr4	FALSE	TRUE
Olfr668	chr7	FALSE	TRUE
St6galnac5	chr3	FALSE	FALSE
Slc9a5	chr8	FALSE	FALSE
Olfr1469	chr19	FALSE	TRUE
Cib2	chr9	FALSE	FALSE
Catsperg1	chr7	FALSE	FALSE
Dll1	chr17	FALSE	FALSE
Vcpip1	chr1	FALSE	FALSE
Pcdh20	chr14	FALSE	FALSE
Slc9a8	chr2	FALSE	FALSE
Slc14a2	chr18	FALSE	FALSE
Rfx4	chr10	FALSE	FALSE
Olfr1342	chr4	FALSE	TRUE
Olfr1465	chr19	FALSE	TRUE
Sult1a1	chr7	FALSE	TRUE
Mbd3l2	chr9	FALSE	TRUE
Olfr1284	chr2	FALSE	TRUE
Pramel3	chrX	FALSE	TRUE
Mmel1	chr4	FALSE	FALSE
Ogg1	chr6	FALSE	FALSE
Tmbim4	chr10	FALSE	FALSE
Chchd4	chr6	FALSE	FALSE
Csnk1a1	chr18	FALSE	FALSE
Gm21663	chr5	FALSE	TRUE
Vmn1r217	chr13	FALSE	TRUE
Slc35f5	chr1	FALSE	FALSE
Cdk5r1	chr11	FALSE	FALSE
Olfr118	chr17	FALSE	TRUE
Mcrs1	chr15	FALSE	FALSE
Shisa8	chr15	FALSE	FALSE
Spryd7	chr14	FALSE	FALSE
Arhgap36	chrX	FALSE	FALSE
Gm4356	chr17	FALSE	TRUE
Slc25a37	chr14	FALSE	FALSE
Rcl1	chr19	FALSE	FALSE
Olfr1098	chr2	FALSE	TRUE
Oat	chr7	FALSE	FALSE
Lonp1	chr17	FALSE	FALSE
Gm33543	chr10	FALSE	FALSE
Zfp108	chr7	FALSE	FALSE
Olfr8	chr10	FALSE	TRUE
Acbd3	chr1	FALSE	FALSE
Defb38	chr8	FALSE	TRUE
Wee1	chr7	FALSE	FALSE
Cks2	chr13	FALSE	FALSE
Igfals	chr17	FALSE	FALSE
Nop10	chr2	FALSE	FALSE
Olfr482	chr7	FALSE	TRUE
Fance	chr17	FALSE	FALSE
Gm10643	chr8	FALSE	TRUE
Bmp15	chrX	FALSE	TRUE
Irs3	chr5	FALSE	FALSE
Retnla	chr16	FALSE	TRUE
Atp6v1fnb	chr6	FALSE	FALSE
Zw10	chr9	FALSE	FALSE
Abhd16b	chr2	FALSE	FALSE
Gm525	chr11	FALSE	FALSE
Sprr2a1	chr3	FALSE	TRUE
Klf5	chr14	FALSE	FALSE
Olfr1134	chr2	FALSE	TRUE
Pigo	chr4	FALSE	FALSE
Dmac2	chr7	FALSE	FALSE
Rpl34	chr3	FALSE	FALSE
Gm2916	chr14	FALSE	TRUE
Rhox2g	chrX	FALSE	TRUE
Rps27l	chr9	FALSE	FALSE
Cdh26	chr2	FALSE	FALSE
Alas1	chr9	FALSE	FALSE
Timm8a2	chr14	FALSE	TRUE
Slc5a2	chr7	FALSE	FALSE
Svip	chr7	FALSE	FALSE
Aqp11	chr7	FALSE	FALSE
AC147806.1	chr1	FALSE	TRUE
Adam25	chr8	FALSE	TRUE
Gm49403	chr19	FALSE	TRUE
Fsip2l	chrX	FALSE	TRUE
Cenpn	chr8	FALSE	FALSE
Pan2	chr10	FALSE	FALSE
Fam214b	chr4	FALSE	FALSE
Kcna7	chr7	FALSE	FALSE
Olfr419	chr1	FALSE	TRUE
Btbd2	chr10	FALSE	FALSE
Awat1	chrX	FALSE	TRUE
Trmt6	chr2	FALSE	FALSE
Olfr648	chr7	FALSE	FALSE
Rubcn	chr16	FALSE	FALSE
Lrp4	chr2	FALSE	FALSE
Lbp	chr2	FALSE	TRUE
Acad12	chr5	FALSE	TRUE
Tmem43	chr6	FALSE	FALSE
Ccnh	chr13	FALSE	FALSE
Megf9	chr4	FALSE	FALSE
Vmn1r86	chr7	FALSE	TRUE
Afp	chr5	FALSE	TRUE
Suz12	chr11	FALSE	FALSE
Mucl2	chr15	FALSE	TRUE
Krt2	chr15	FALSE	FALSE
Cops5	chr1	FALSE	FALSE
Mfge8	chr7	FALSE	FALSE
Gm5862	chr5	FALSE	TRUE
Olfr76	chr19	FALSE	TRUE
Fam162b	chr10	FALSE	FALSE
Rogdi	chr16	FALSE	FALSE
Dipk2a	chr9	FALSE	FALSE
Pigz	chr16	FALSE	FALSE
Dlx6	chr6	FALSE	FALSE
Olfr1325	chrX	FALSE	TRUE
Olfr449	chr6	FALSE	TRUE
Olfr875	chr9	FALSE	TRUE
Olfr1220	chr2	FALSE	TRUE
Rfc3	chr5	FALSE	FALSE
Olfr291	chr7	FALSE	TRUE
Cdkn2c	chr4	FALSE	FALSE
Cebpzos	chr17	FALSE	FALSE
Spg21	chr9	FALSE	FALSE
C1rb	chr6	FALSE	TRUE
Card19	chr13	FALSE	FALSE
Serpinb9	chr13	FALSE	FALSE
Gykl1	chr18	FALSE	TRUE
Vmn1r14	chr6	FALSE	TRUE
Cyp2c37	chr19	FALSE	TRUE
Zfp1	chr8	FALSE	FALSE
1600012H06Rik	chr17	FALSE	FALSE
Lrfn1	chr7	FALSE	FALSE
Sco2	chr15	FALSE	FALSE
Olfr1255	chr2	FALSE	TRUE
Rbm15	chr3	FALSE	FALSE
Col6a4	chr9	FALSE	FALSE
Gimap6	chr6	FALSE	TRUE
Ces2f	chr8	FALSE	TRUE
Fam133b	chr5	FALSE	FALSE
Ghrh	chr2	FALSE	FALSE
Sva	chr6	FALSE	TRUE
1700123K08Rik	chr5	FALSE	FALSE
Reep2	chr18	FALSE	FALSE
Accsl	chr2	FALSE	TRUE
Trim54	chr5	FALSE	FALSE
Cfap52	chr11	FALSE	TRUE
H2az1	chr3	FALSE	FALSE
Klhl4	chrX	FALSE	FALSE
A730049H05Rik	chr6	FALSE	FALSE
Abra	chr15	FALSE	FALSE
Olfr307	chr7	FALSE	TRUE
Gstt4	chr10	FALSE	TRUE
Ctsk	chr3	FALSE	FALSE
Tcf21	chr10	FALSE	FALSE
Zfp641	chr15	FALSE	FALSE
Gdi1	chrX	FALSE	FALSE
Vmn1r128	chr7	FALSE	TRUE
Gm3106	chr5	FALSE	TRUE
Selenoh	chr2	FALSE	FALSE
Csta1	chr16	FALSE	TRUE
Slc46a3	chr5	FALSE	FALSE
Smim1	chr4	FALSE	FALSE
Dcdc2b	chr4	FALSE	FALSE
Fcgr2b	chr1	FALSE	FALSE
Aox3	chr1	FALSE	FALSE
Zkscan14	chr5	FALSE	TRUE
Etnk2	chr1	FALSE	FALSE
Gjd2	chr2	FALSE	FALSE
Ccdc190	chr1	FALSE	FALSE
Mup5	chr4	FALSE	TRUE
Mcrip2	chr17	FALSE	FALSE
1700012P22Rik	chr4	FALSE	TRUE
Map11	chr5	FALSE	FALSE
Alkbh4	chr5	FALSE	FALSE
Rer1	chr4	FALSE	FALSE
Gm10767	chr13	FALSE	FALSE
B3gnt9	chr8	FALSE	FALSE
H2ax	chr9	FALSE	FALSE
Ncr1	chr7	FALSE	TRUE
Nppb	chr4	FALSE	TRUE
Nkapl	chr13	FALSE	FALSE
Gm49392	chr13	FALSE	FALSE
Zim1	chr7	FALSE	FALSE
Ccl2	chr11	FALSE	FALSE
Cyp4f37	chr17	FALSE	FALSE
Gpatch2	chr1	FALSE	FALSE
Msantd4	chr9	FALSE	FALSE
Jmjd6	chr11	FALSE	FALSE
Gm10999	chr8	FALSE	TRUE
Arfgap2	chr2	FALSE	FALSE
Dach2	chrX	FALSE	FALSE
Pla2g12a	chr3	FALSE	FALSE
Vmn1r85	chr7	FALSE	TRUE
Triml2	chr8	FALSE	FALSE
Stmn1	chr4	FALSE	FALSE
Cd2bp2	chr7	FALSE	FALSE
Mrpl41	chr2	FALSE	FALSE
Aard	chr15	FALSE	FALSE
Mospd3	chr5	FALSE	FALSE
Guca1b	chr17	FALSE	TRUE
Rps24	chr14	FALSE	FALSE
Mmp13	chr9	FALSE	TRUE
Ganc	chr2	FALSE	FALSE
Olfr46	chr7	FALSE	TRUE
Arsk	chr13	FALSE	FALSE
Ubxn8	chr8	FALSE	FALSE
Dnajc2	chr5	FALSE	FALSE
Septin2	chr1	FALSE	FALSE
Pard6b	chr2	FALSE	FALSE
Pdia3	chr2	FALSE	FALSE
Pth2r	chr1	FALSE	FALSE
Lmod2	chr6	FALSE	TRUE
Sema3c	chr5	FALSE	FALSE
Smad5	chr13	FALSE	FALSE
Grwd1	chr7	FALSE	FALSE
Trmt5	chr12	FALSE	FALSE
Eif6	chr2	FALSE	FALSE
Psme3	chr11	FALSE	FALSE
Olfr74	chr2	FALSE	TRUE
Sec61g	chr11	FALSE	FALSE
Rgn	chrX	FALSE	TRUE
Emc9	chr14	FALSE	FALSE
Hmgcs2	chr3	FALSE	TRUE
Rnf20	chr4	FALSE	FALSE
Ms4a8a	chr19	FALSE	TRUE
Tada2b	chr5	FALSE	FALSE
Ecd	chr14	FALSE	FALSE
Dedd2	chr7	FALSE	FALSE
Zfp414	chr17	FALSE	FALSE
Hes5	chr4	FALSE	FALSE
Olfr20	chr11	FALSE	TRUE
Grifin	chr5	FALSE	TRUE
Atg16l1	chr1	FALSE	FALSE
Igfbp6	chr15	FALSE	FALSE
Gm10375	chr14	FALSE	TRUE
Tmem252	chr19	FALSE	TRUE
Usp43	chr11	FALSE	FALSE
Gm49661	chr8	FALSE	FALSE
Tpsg1	chr17	FALSE	FALSE
Vstm4	chr14	FALSE	FALSE
Vmn1r200	chr13	FALSE	TRUE
Bap1	chr14	FALSE	FALSE
Vmn1r180	chr7	FALSE	TRUE
Sct	chr7	FALSE	FALSE
Gata2	chr6	FALSE	FALSE
Tmem205	chr9	FALSE	FALSE
Olfr453	chr6	FALSE	TRUE
Olfr1026	chr2	FALSE	TRUE
Gfm2	chr13	FALSE	FALSE
Olfr66	chr7	FALSE	TRUE
Olfr1202	chr2	FALSE	TRUE
Slc35g1	chr19	FALSE	FALSE
Pmf1	chr3	FALSE	FALSE
Ptov1	chr7	FALSE	FALSE
Pon3	chr6	FALSE	FALSE
Plac8l1	chr18	FALSE	TRUE
Olfr1086	chr2	FALSE	TRUE
Rasa4	chr5	FALSE	FALSE
Tmem230	chr2	FALSE	FALSE
Myef2	chr2	FALSE	FALSE
Oxct2a	chr4	FALSE	FALSE
Olfr355	chr2	FALSE	TRUE
Flvcr1	chr1	FALSE	FALSE
Klf10	chr15	FALSE	FALSE
Il18r1	chr1	FALSE	TRUE
Stfa1	chr16	FALSE	TRUE
Scd2	chr19	FALSE	FALSE
Uhrf1bp1	chr17	FALSE	FALSE
Gm11565	chr11	FALSE	TRUE
Spn	chr7	FALSE	TRUE
Dcun1d1	chr3	FALSE	FALSE
Lix1	chr17	FALSE	FALSE
Nkx2-9	chr12	FALSE	FALSE
Slamf8	chr1	FALSE	FALSE
Olfr444	chr6	FALSE	FALSE
Rsad2	chr12	FALSE	FALSE
Arl4d	chr11	FALSE	TRUE
Tfrc	chr16	FALSE	FALSE
Adamtsl4	chr3	FALSE	FALSE
Olfr586	chr7	FALSE	TRUE
Commd7	chr2	FALSE	FALSE
Oxtr	chr6	FALSE	FALSE
Cisd2	chr3	FALSE	FALSE
Opn1mw	chrX	FALSE	TRUE
Glp2r	chr11	FALSE	FALSE
H13	chr2	FALSE	FALSE
Vmn2r111	chr17	FALSE	FALSE
Smim6	chr11	FALSE	TRUE
Nradd	chr9	FALSE	FALSE
Syce2	chr8	FALSE	FALSE
Spats2l	chr1	FALSE	FALSE
Gm11938	chr11	FALSE	TRUE
Edf1	chr2	FALSE	FALSE
Calm5	chr13	FALSE	TRUE
Csf2ra	chr19	FALSE	FALSE
Xbp1	chr11	FALSE	FALSE
Galr3	chr15	FALSE	FALSE
Col18a1	chr10	FALSE	FALSE
Slc25a30	chr14	FALSE	FALSE
Slc2a10	chr2	FALSE	FALSE
Maf	chr8	FALSE	FALSE
Pdzk1ip1	chr4	FALSE	FALSE
Speer4a	chr5	FALSE	TRUE
Zfp146	chr7	FALSE	FALSE
Olfr736	chr14	FALSE	TRUE
Il22ra1	chr4	FALSE	FALSE
Nipal2	chr15	FALSE	FALSE
Eno1b	chr18	FALSE	TRUE
S100a4	chr3	FALSE	TRUE
Mmp28	chr11	FALSE	FALSE
F2rl2	chr13	FALSE	TRUE
Ormdl3	chr11	FALSE	FALSE
Decr2	chr17	FALSE	TRUE
B4galt2	chr4	FALSE	FALSE
Mtf1	chr4	FALSE	FALSE
Slc17a7	chr7	FALSE	FALSE
Nrsn2	chr2	FALSE	FALSE
Bok	chr1	FALSE	FALSE
Aadacl2fm3	chr3	FALSE	TRUE
Rmdn3	chr2	FALSE	FALSE
Cul9	chr17	FALSE	FALSE
Uncx	chr5	FALSE	FALSE
Lhb	chr7	FALSE	FALSE
Olfr850	chr9	FALSE	TRUE
Aifm3	chr16	FALSE	FALSE
Vps52	chr17	FALSE	FALSE
Mrgpra3	chr7	FALSE	TRUE
Stac3	chr10	FALSE	FALSE
Mesp1	chr7	FALSE	FALSE
Vmn1r214	chr13	FALSE	TRUE
Ywhah	chr5	FALSE	FALSE
Scel	chr14	FALSE	FALSE
Map3k1	chr13	FALSE	FALSE
Slc6a1	chr6	FALSE	FALSE
Sprr2j-ps	chr3	FALSE	TRUE
Olfr1180	chr2	FALSE	TRUE
4930578I06Rik	chr14	FALSE	FALSE
Defb6	chr8	FALSE	TRUE
Usp21	chr1	FALSE	FALSE
Prickle3	chrX	FALSE	FALSE
Klk9	chr7	FALSE	FALSE
Fgf10	chr13	FALSE	FALSE
Car7	chr8	FALSE	FALSE
Olfr1208	chr2	FALSE	TRUE
Gm12887	chr4	FALSE	TRUE
Phospho1	chr11	FALSE	FALSE
1700034E13Rik	chr18	FALSE	TRUE
Gcnt7	chr2	FALSE	FALSE
Znrf4	chr17	FALSE	FALSE
Olfr1356	chr10	FALSE	TRUE
Hnrnph2	chrX	FALSE	FALSE
Olfr657	chr7	FALSE	TRUE
Zscan5b	chr7	FALSE	TRUE
Spem1	chr11	FALSE	TRUE
Olfr597	chr7	FALSE	TRUE
Emx2	chr19	FALSE	FALSE
Mrpl44	chr1	FALSE	FALSE
Olfr52	chr2	FALSE	TRUE
Cdnf	chr2	FALSE	FALSE
Adcyap1	chr17	FALSE	FALSE
Gm9918	chr15	FALSE	FALSE
Lrrc74b	chr16	FALSE	FALSE
Selenop	chr15	FALSE	FALSE
Ache	chr5	FALSE	FALSE
Rbpms	chr8	FALSE	FALSE
Olfr273	chr4	FALSE	TRUE
Adamtsl2	chr2	FALSE	FALSE
Kif20a	chr18	FALSE	FALSE
Tex33	chr15	FALSE	FALSE
Aacs	chr5	FALSE	FALSE
Crisp4	chr1	FALSE	TRUE
Ipo8	chr6	FALSE	FALSE
Pou4f1	chr14	FALSE	FALSE
Pih1h3b	chrX	FALSE	FALSE
Gm9508	chr10	FALSE	TRUE
Vmn2r50	chr7	FALSE	TRUE
Orm2	chr4	FALSE	FALSE
Olfr677	chr7	FALSE	TRUE
Pthlh	chr6	FALSE	FALSE
Vmn2r22	chr6	FALSE	TRUE
P2ry1	chr3	FALSE	FALSE
Zdhhc7	chr8	FALSE	FALSE
Gm266	chr12	FALSE	FALSE
Fbxo15	chr18	FALSE	FALSE
Klk5	chr7	FALSE	TRUE
Ncam2	chr16	FALSE	FALSE
Magee2	chrX	FALSE	FALSE
Fndc3c1	chrX	FALSE	FALSE
Olfr1221	chr2	FALSE	TRUE
Olfr1002	chr2	FALSE	TRUE
Olfr134	chr17	FALSE	TRUE
Sap130	chr18	FALSE	FALSE
Tmem64	chr4	FALSE	FALSE
Epx	chr11	FALSE	TRUE
Pcbd1	chr10	FALSE	FALSE
Slc27a2	chr2	FALSE	FALSE
Ndufa4l2	chr10	FALSE	TRUE
Chchd10	chr10	FALSE	FALSE
Olfr141	chr2	FALSE	TRUE
Ccdc96	chr5	FALSE	TRUE
Prr13	chr15	FALSE	FALSE
Gm38655	chr17	FALSE	TRUE
Krba1	chr6	FALSE	FALSE
Ss18l1	chr2	FALSE	FALSE
Cggbp1	chr16	FALSE	FALSE
2210010C04Rik	chr6	FALSE	TRUE
Grp	chr18	FALSE	FALSE
Itpripl2	chr7	FALSE	FALSE
Ddx25	chr9	FALSE	FALSE
Tmem203	chr2	FALSE	FALSE
Pdha1	chrX	FALSE	FALSE
Olfr1287	chr2	FALSE	TRUE
Zbp1	chr2	FALSE	TRUE
Slc22a15	chr3	FALSE	FALSE
Orm3	chr4	FALSE	FALSE
Errfi1	chr4	FALSE	FALSE
Asb17	chr3	FALSE	TRUE
Samd7	chr3	FALSE	TRUE
Agl	chr3	FALSE	FALSE
Scn2b	chr9	FALSE	FALSE
Ifi27l2a	chr12	FALSE	FALSE
Skint2	chr4	FALSE	TRUE
Fhod1	chr8	FALSE	FALSE
Trp53rka	chr2	FALSE	FALSE
A630095N17Rik	chr1	FALSE	FALSE
1700031L13Rik	chr5	FALSE	TRUE
Svs5	chr2	FALSE	TRUE
Asb9	chrX	FALSE	TRUE
Rad9a	chr19	FALSE	FALSE
Smox	chr2	FALSE	FALSE
Ccdc116	chr16	FALSE	FALSE
Pcolce	chr5	FALSE	FALSE
Ripply1	chrX	FALSE	FALSE
Dusp12	chr1	FALSE	FALSE
Ddx28	chr8	FALSE	FALSE
Grk2	chr19	FALSE	FALSE
Fpgt	chr3	FALSE	FALSE
Tbc1d10b	chr7	FALSE	FALSE
Rpl12	chr2	FALSE	FALSE
1810037I17Rik	chr3	FALSE	FALSE
Ptafr	chr4	FALSE	TRUE
Gm50367	chr17	FALSE	FALSE
Psmd2	chr16	FALSE	FALSE
1810065E05Rik	chr11	FALSE	TRUE
Ttpa	chr4	FALSE	FALSE
Itih2	chr2	FALSE	TRUE
Pigyl	chr9	FALSE	FALSE
H2bl1	chr13	FALSE	TRUE
Olfr747	chr14	FALSE	TRUE
Rep15	chr6	FALSE	FALSE
H1f0	chr15	FALSE	FALSE
Actl7a	chr4	FALSE	TRUE
1700013F07Rik	chr3	FALSE	FALSE
Vmn2r29	chr7	FALSE	TRUE
Gstp1	chr19	FALSE	FALSE
Ano8	chr8	FALSE	FALSE
Olfr1157	chr2	FALSE	TRUE
Rpl36	chr17	FALSE	TRUE
Zfp873	chr10	FALSE	FALSE
Fut2	chr7	FALSE	FALSE
Olfr1438-ps1	chr19	FALSE	TRUE
Hoxd8	chr2	FALSE	FALSE
Pmvk	chr3	FALSE	FALSE
Sftpb	chr6	FALSE	FALSE
Prr23a2	chr9	FALSE	TRUE
Chek1	chr9	FALSE	TRUE
Olfr1082	chr2	FALSE	TRUE
Pdzk1	chr3	FALSE	TRUE
Gm4787	chr12	FALSE	TRUE
Lipt1	chr1	FALSE	FALSE
Gm9602	chr14	FALSE	TRUE
Layn	chr9	FALSE	FALSE
Zfp772	chr7	FALSE	TRUE
Gm2956	chr14	FALSE	FALSE
Adam34l	chr8	FALSE	TRUE
2310033P09Rik	chr11	FALSE	FALSE
Slc23a3	chr1	FALSE	FALSE
Ppp1r9b	chr11	FALSE	FALSE
Gm11127	chr17	FALSE	TRUE
Matn4	chr2	FALSE	FALSE
Tmc1	chr19	FALSE	FALSE
Aldh1a1	chr19	FALSE	TRUE
Cyp4a31	chr4	FALSE	TRUE
2010003K11Rik	chr19	FALSE	FALSE
Olfr1367	chr13	FALSE	TRUE
Gpr15	chr16	FALSE	TRUE
Slc7a3	chrX	FALSE	FALSE
Enam	chr5	FALSE	TRUE
Npw	chr17	FALSE	FALSE
Taar7f	chr10	FALSE	FALSE
Gucy2g	chr19	FALSE	FALSE
Hoxd4	chr2	FALSE	FALSE
Bambi	chr18	FALSE	FALSE
Dstn	chr2	FALSE	FALSE
Naif1	chr2	FALSE	FALSE
Spdye4c	chr2	FALSE	TRUE
Tob2	chr15	FALSE	FALSE
Vps28	chr15	FALSE	FALSE
Cldn34c1	chrX	FALSE	TRUE
Poldip2	chr11	FALSE	FALSE
Mmachc	chr4	FALSE	TRUE
Stxbp6	chr12	FALSE	FALSE
Olfr800	chr10	FALSE	TRUE
Krtap11-1	chr16	FALSE	FALSE
Gm9999	chr7	FALSE	FALSE
Klrb1c	chr6	FALSE	TRUE
Htr5a	chr5	FALSE	FALSE
Olfr1251	chr2	FALSE	TRUE
Olfr1043	chr2	FALSE	TRUE
Snrpa1	chr7	FALSE	FALSE
Qpct	chr17	FALSE	FALSE
Idi1	chr13	FALSE	FALSE
Cldn17	chr16	FALSE	TRUE
Mcoln3	chr3	FALSE	FALSE
Yod1	chr1	FALSE	FALSE
Fgf17	chr14	FALSE	FALSE
Gm11563	chr11	FALSE	TRUE
Gpcpd1	chr2	FALSE	FALSE
Nkx2-1	chr12	FALSE	FALSE
Vmn2r105	chr17	FALSE	TRUE
Pabpc6	chr17	FALSE	TRUE
Abca5	chr11	FALSE	FALSE
Spcs2	chr7	FALSE	FALSE
Homez	chr14	FALSE	FALSE
Zfp94	chr7	FALSE	TRUE
Thap3	chr4	FALSE	FALSE
2310057J18Rik	chr10	FALSE	TRUE
Polr2f	chr15	FALSE	TRUE
Gm17631	chr6	FALSE	TRUE
Fdft1	chr14	FALSE	FALSE
Olfr649	chr7	FALSE	TRUE
Zdhhc24	chr19	FALSE	FALSE
Tmub1	chr5	FALSE	FALSE
Egfl8	chr17	FALSE	TRUE
Osgin2	chr4	FALSE	FALSE
Reg3b	chr6	FALSE	TRUE
Sh3bp1	chr15	FALSE	FALSE
Tmem184a	chr5	FALSE	FALSE
Tmem74b	chr2	FALSE	FALSE
Dmrt3	chr19	FALSE	FALSE
Meltf	chr16	FALSE	FALSE
Prl3c1	chr13	FALSE	TRUE
Calhm1	chr19	FALSE	TRUE
Gtpbp6	chr5	FALSE	FALSE
Olfr1275	chr2	FALSE	TRUE
Olfr458	chr6	FALSE	TRUE
Aip	chr19	FALSE	FALSE
Sebox	chr11	FALSE	FALSE
Ubald2	chr11	FALSE	FALSE
Tlr8	chrX	FALSE	TRUE
Pglyrp3	chr3	FALSE	TRUE
Ddhd2	chr8	FALSE	FALSE
1700094D03Rik	chr3	FALSE	TRUE
Ndufa2	chr18	FALSE	FALSE
Olfr945	chr9	FALSE	TRUE
Snw1	chr12	FALSE	FALSE
Ccdc71	chr9	FALSE	FALSE
Gm13420	chr2	FALSE	FALSE
Gm8206	chr14	FALSE	FALSE
Gm3285	chr10	FALSE	TRUE
Zfp213	chr17	FALSE	FALSE
Tob1	chr11	FALSE	FALSE
Gcsh	chr8	FALSE	FALSE
Plin4	chr17	FALSE	FALSE
Rps18-ps5	chr13	FALSE	TRUE
Tm4sf20	chr1	FALSE	TRUE
Crxos	chr7	FALSE	TRUE
Mrpl10	chr11	FALSE	TRUE
Fbxo22	chr9	FALSE	FALSE
Acadsb	chr7	FALSE	FALSE
Fgf3	chr7	FALSE	FALSE
Eaf1	chr14	FALSE	FALSE
Gid4	chr11	FALSE	FALSE
Acsm4	chr7	FALSE	TRUE
Zcchc18	chrX	FALSE	FALSE
Preb	chr5	FALSE	FALSE
Paox	chr7	FALSE	FALSE
Pnpla5	chr15	FALSE	TRUE
Nob1	chr8	FALSE	FALSE
Vmn1r124	chr7	FALSE	TRUE
Ndufaf8	chr11	FALSE	FALSE
Ghsr	chr3	FALSE	FALSE
Bcl6b	chr11	FALSE	FALSE
Magohb	chr6	FALSE	FALSE
Cntnap1	chr11	FALSE	FALSE
4930544D05Rik	chr11	FALSE	FALSE
Hccs	chrX	FALSE	FALSE
Gdf11	chr10	FALSE	FALSE
Rab9	chrX	FALSE	FALSE
Sh2d7	chr9	FALSE	FALSE
Rasl10b	chr11	FALSE	FALSE
Vmn2r45	chr7	FALSE	TRUE
Ifna16	chr4	FALSE	TRUE
Sstr4	chr2	FALSE	FALSE
Ppm1l	chr3	FALSE	FALSE
Fgf7	chr2	FALSE	TRUE
Ddo	chr10	FALSE	FALSE
Fbxo17	chr7	FALSE	FALSE
Scpep1	chr11	FALSE	FALSE
Cyp2d12	chr15	FALSE	TRUE
Xlr3b	chrX	FALSE	FALSE
Hyls1	chr9	FALSE	FALSE
Cnpy3	chr17	FALSE	FALSE
Olfr1141	chr2	FALSE	TRUE
Mucl1	chr15	FALSE	TRUE
F2rl3	chr8	FALSE	TRUE
Zfp280c	chrX	FALSE	FALSE
Tmem33	chr5	FALSE	FALSE
Renbp	chrX	FALSE	FALSE
Lman2l	chr1	FALSE	FALSE
Vmn1r61	chr7	FALSE	TRUE
Csn1s2a	chr5	FALSE	TRUE
Tex36	chr7	FALSE	TRUE
Fbl	chr7	FALSE	FALSE
Grsf1	chr5	FALSE	FALSE
Psmb8	chr17	FALSE	FALSE
Olfr1318	chr2	FALSE	TRUE
Zfp629	chr7	FALSE	FALSE
Dmp1	chr5	FALSE	TRUE
Fap	chr2	FALSE	FALSE
Sox10	chr15	FALSE	FALSE
Agxt	chr1	FALSE	TRUE
Gpt	chr15	FALSE	FALSE
Gm13088	chr4	FALSE	TRUE
Car14	chr3	FALSE	FALSE
Ccl9	chr11	FALSE	TRUE
Muc3a	chr5	FALSE	TRUE
Coq4	chr2	FALSE	TRUE
Tbpl2	chr2	FALSE	TRUE
Olfr1448	chr19	FALSE	TRUE
Thnsl2	chr6	FALSE	FALSE
Foxred1	chr9	FALSE	FALSE
Aph1c	chr9	FALSE	FALSE
Taar8c	chr10	FALSE	TRUE
Wdr26	chr1	FALSE	FALSE
Nelfa	chr5	FALSE	FALSE
Gm14226	chr2	FALSE	TRUE
Pnck	chrX	FALSE	FALSE
Zc2hc1c	chr12	FALSE	FALSE
4932411N23Rik	chrX	FALSE	TRUE
Rnase11	chr14	FALSE	TRUE
Abhd5	chr9	FALSE	FALSE
Stat2	chr10	FALSE	FALSE
Tsnax	chr8	FALSE	FALSE
Olfr370	chr8	FALSE	TRUE
Gm5916	chr9	FALSE	TRUE
Prss29	chr17	FALSE	TRUE
Cntrob	chr11	FALSE	FALSE
Gm4846	chr1	FALSE	TRUE
Itga8	chr2	FALSE	FALSE
Acta2	chr19	FALSE	TRUE
Cfap206	chr4	FALSE	FALSE
Gm26566	chr4	FALSE	FALSE
Eif3k	chr7	FALSE	FALSE
Gadd45g	chr13	FALSE	FALSE
Ptprd	chr4	FALSE	FALSE
Pcgf1	chr6	FALSE	FALSE
Raver1	chr9	FALSE	FALSE
Olfr346	chr2	FALSE	TRUE
Trim30a	chr7	FALSE	TRUE
Rbm12b1	chr4	FALSE	FALSE
Numb	chr12	FALSE	FALSE
Klrb1a	chr6	FALSE	TRUE
Abhd4	chr14	FALSE	FALSE
Gm16253	chr3	FALSE	FALSE
Chrna9	chr5	FALSE	TRUE
Vmn2r43	chr7	FALSE	TRUE
Pramef20	chr4	FALSE	TRUE
Plaat5	chr19	FALSE	FALSE
Zfp93	chr7	FALSE	FALSE
Pdcd2	chr17	FALSE	FALSE
Olfr1368	chr13	FALSE	TRUE
Olfr1298	chr2	FALSE	TRUE
Fes	chr7	FALSE	FALSE
Lyar	chr5	FALSE	FALSE
Omt2b	chr9	FALSE	TRUE
Gm27235	chr9	FALSE	TRUE
Ceacam12	chr7	FALSE	TRUE
Enkd1	chr8	FALSE	FALSE
Nr0b2	chr4	FALSE	FALSE
H1f8	chr6	FALSE	FALSE
Pld3	chr7	FALSE	FALSE
Fthl17f	chrX	FALSE	TRUE
Chrnd	chr1	FALSE	TRUE
Micu1	chr10	FALSE	FALSE
Olfr1449	chr19	FALSE	TRUE
Spast	chr17	FALSE	FALSE
Cyp2d9	chr15	FALSE	TRUE
Morn4	chr19	FALSE	FALSE
BC048671	chr6	FALSE	TRUE
Ccn1	chr3	FALSE	FALSE
Mutyh	chr4	FALSE	FALSE
Serpina11	chr12	FALSE	TRUE
Acaa1a	chr9	FALSE	FALSE
Aprt	chr8	FALSE	FALSE
Vmn1r4	chr6	FALSE	FALSE
Ctsr	chr13	FALSE	TRUE
Mfsd1	chr3	FALSE	FALSE
Gm17949	chr17	FALSE	FALSE
Klrd1	chr6	FALSE	TRUE
Nip7	chr8	FALSE	FALSE
Khdc4	chr3	FALSE	FALSE
Gm11168	chr9	FALSE	TRUE
Fam243	chr16	FALSE	TRUE
Vmn2r38	chr7	FALSE	TRUE
Dnaaf2	chr12	FALSE	FALSE
Gm5591	chr7	FALSE	TRUE
Vmn2r108	chr17	FALSE	TRUE
Srsf10	chr4	FALSE	FALSE
Sh3glb1	chr3	FALSE	FALSE
Rwdd2a	chr9	FALSE	TRUE
Nelfe	chr17	FALSE	FALSE
Zfp787	chr7	FALSE	FALSE
Elmod3	chr6	FALSE	FALSE
Slc52a3	chr2	FALSE	FALSE
Olfr135	chr17	FALSE	TRUE
Gabra6	chr11	FALSE	FALSE
Spry4	chr18	FALSE	FALSE
Ndufv2	chr17	FALSE	FALSE
Gm17416	chr2	FALSE	TRUE
Timm10	chr2	FALSE	FALSE
Rnf169	chr7	FALSE	FALSE
BC003965	chr17	FALSE	FALSE
Olfr860	chr9	FALSE	TRUE
Znrf3	chr11	FALSE	FALSE
Olfr1132	chr2	FALSE	TRUE
Ift46	chr9	FALSE	FALSE
Olfr204	chr16	FALSE	TRUE
Ltb	chr17	FALSE	FALSE
Terf2ip	chr8	FALSE	FALSE
Eno1	chr4	FALSE	FALSE
Mgmt	chr7	FALSE	FALSE
Ccdc182	chr11	FALSE	FALSE
Gm10801	chr2	FALSE	TRUE
Gzmc	chr14	FALSE	TRUE
Atp5l	chr9	FALSE	FALSE
0610030E20Rik	chr6	FALSE	FALSE
Vmn1r12	chr6	FALSE	TRUE
Fam110a	chr2	FALSE	FALSE
Tmem184c	chr8	FALSE	FALSE
Adh5	chr3	FALSE	FALSE
Klf4	chr4	FALSE	FALSE
Olfr1501	chr19	FALSE	TRUE
St8sia2	chr7	FALSE	FALSE
Cd300c2	chr11	FALSE	FALSE
Olfr290	chr7	FALSE	TRUE
Insm2	chr12	FALSE	FALSE
Apopt1	chr12	FALSE	FALSE
Dusp14	chr11	FALSE	FALSE
Rpl28	chr7	FALSE	FALSE
Abca3	chr17	FALSE	FALSE
Olfr669	chr7	FALSE	TRUE
Rln1	chr19	FALSE	FALSE
Vsig8	chr1	FALSE	FALSE
Uchl1	chr5	FALSE	FALSE
Cldn4	chr5	FALSE	FALSE
Cd68	chr11	FALSE	TRUE
Pomp	chr5	FALSE	FALSE
Riox1	chr12	FALSE	FALSE
Defa25	chr8	FALSE	TRUE
Fxyd3	chr7	FALSE	FALSE
Lrrc31	chr3	FALSE	TRUE
Spaca4	chr7	FALSE	TRUE
Hebp2	chr10	FALSE	FALSE
Etl4	chr2	FALSE	FALSE
Phf5a	chr15	FALSE	FALSE
Car9	chr4	FALSE	FALSE
Dipk1b	chr2	FALSE	FALSE
Gip	chr11	FALSE	FALSE
Dgkq	chr5	FALSE	FALSE
Cd177	chr7	FALSE	TRUE
Tlx2	chr6	FALSE	FALSE
Rps23rg1	chr8	FALSE	TRUE
Pelp1	chr11	FALSE	FALSE
Olfr1153	chr2	FALSE	TRUE
Gm10320	chr13	FALSE	FALSE
Bub1	chr2	FALSE	TRUE
Opalin	chr19	FALSE	TRUE
Tmed1	chr9	FALSE	FALSE
Mnt	chr11	FALSE	FALSE
Ptgr2	chr12	FALSE	FALSE
Ppp1r1a	chr15	FALSE	FALSE
Jph4	chr14	FALSE	FALSE
Gde1	chr7	FALSE	FALSE
Atp5g3	chr2	FALSE	FALSE
Smim24	chr10	FALSE	FALSE
Taar6	chr10	FALSE	TRUE
Ddit4	chr10	FALSE	FALSE
Mlf1	chr3	FALSE	FALSE
Gpalpp1	chr14	FALSE	TRUE
Trp53i11	chr2	FALSE	FALSE
Atp5o	chr16	FALSE	FALSE
Scgb3a1	chr11	FALSE	FALSE
Olfr1034	chr2	FALSE	TRUE
Capg	chr6	FALSE	FALSE
Dis3l	chr9	FALSE	FALSE
Urad	chr5	FALSE	FALSE
Ugt3a2	chr15	FALSE	TRUE
Gm4884	chr7	FALSE	TRUE
Usp17le	chr7	FALSE	TRUE
Adh1	chr3	FALSE	TRUE
Lsm11	chr11	FALSE	FALSE
Nlrc4	chr17	FALSE	TRUE
Pramef25	chr4	FALSE	TRUE
B020004J07Rik	chr4	FALSE	FALSE
Dcaf12l1	chrX	FALSE	FALSE
Spint5	chr2	FALSE	TRUE
Ndor1	chr2	FALSE	FALSE
Tex12	chr9	FALSE	TRUE
Fbp2	chr13	FALSE	FALSE
Cyp2f2	chr7	FALSE	TRUE
Rpl36a	chrX	FALSE	FALSE
Ccdc51	chr9	FALSE	FALSE
Gdf5	chr2	FALSE	TRUE
Akr1b8	chr6	FALSE	FALSE
Ccdc103	chr11	FALSE	FALSE
Smok2a	chr17	FALSE	TRUE
Zfp369	chr13	FALSE	FALSE
Chmp5	chr4	FALSE	FALSE
Lilrb4a	chr10	FALSE	TRUE
Plod2	chr9	FALSE	FALSE
Ninj1	chr13	FALSE	FALSE
Itga3	chr11	FALSE	FALSE
Samt3	chrX	FALSE	TRUE
Commd8	chr5	FALSE	FALSE
Gm9833	chr3	FALSE	FALSE
Tmem240	chr4	FALSE	FALSE
Ddx19b	chr8	FALSE	FALSE
Spink8	chr9	FALSE	FALSE
Vax1	chr19	FALSE	FALSE
Slc38a7	chr8	FALSE	FALSE
Amer3	chr1	FALSE	FALSE
Lrrc8e	chr8	FALSE	FALSE
Ms4a5	chr19	FALSE	TRUE
Hnrnpa2b1	chr6	FALSE	FALSE
Pdha2	chr3	FALSE	TRUE
Cebpa	chr7	FALSE	FALSE
Fpr-rs3	chr17	FALSE	TRUE
Six2	chr17	FALSE	FALSE
Atad1	chr19	FALSE	FALSE
Akr1c12	chr13	FALSE	TRUE
Sf3b5	chr10	FALSE	FALSE
Rai2	chrX	FALSE	FALSE
1700057G04Rik	chr9	FALSE	TRUE
Dcun1d2	chr8	FALSE	FALSE
Metrn	chr17	FALSE	FALSE
Ndufaf3	chr9	FALSE	FALSE
Ap2m1	chr16	FALSE	FALSE
Crygb	chr1	FALSE	TRUE
Otud6a	chrX	FALSE	TRUE
Ppp1r37	chr7	FALSE	FALSE
Nono	chrX	FALSE	FALSE
Olfr1311	chr2	FALSE	TRUE
Rnf34	chr5	FALSE	FALSE
Atp1b2	chr11	FALSE	FALSE
Krtap4-8	chr11	FALSE	TRUE
Trappc3	chr4	FALSE	FALSE
Olfr1231	chr2	FALSE	TRUE
Chd1l	chr3	FALSE	FALSE
Lcn8	chr2	FALSE	FALSE
Xdh	chr17	FALSE	FALSE
Sytl2	chr7	FALSE	FALSE
Fcer1g	chr1	FALSE	TRUE
Olfr731	chr14	FALSE	TRUE
Olfr828	chr9	FALSE	TRUE
Olfr729	chr14	FALSE	TRUE
4930572O03Rik	chr5	FALSE	TRUE
Muc1	chr3	FALSE	FALSE
Gm15737	chr6	FALSE	FALSE
Wnt8b	chr19	FALSE	FALSE
Akap8	chr17	FALSE	FALSE
Tnnc2	chr2	FALSE	FALSE
Olfr839-ps1	chr9	FALSE	TRUE
Vmn1r224	chr17	FALSE	TRUE
Cabs1	chr5	FALSE	TRUE
Rhpn1	chr15	FALSE	FALSE
Fam25c	chr14	FALSE	TRUE
Ahnak	chr19	FALSE	FALSE
Meox2	chr12	FALSE	FALSE
Micos13	chr17	FALSE	FALSE
Olfr62	chr4	FALSE	TRUE
Phf1	chr17	FALSE	FALSE
Tlcd2	chr11	FALSE	FALSE
Olfr785	chr10	FALSE	TRUE
Ttk	chr9	FALSE	TRUE
Hbb-bh2	chr7	FALSE	TRUE
Gm2012	chrX	FALSE	TRUE
Pigc	chr1	FALSE	FALSE
Cntn3	chr6	FALSE	FALSE
Cped1	chr6	FALSE	FALSE
Cops7b	chr1	FALSE	FALSE
Krt40	chr11	FALSE	FALSE
Oxld1	chr11	FALSE	FALSE
Adamts5	chr16	FALSE	FALSE
Lsm8	chr6	FALSE	FALSE
Pate9	chr9	FALSE	TRUE
Tmem265	chr7	FALSE	FALSE
Tprg	chr16	FALSE	FALSE
Olfr1353	chr10	FALSE	TRUE
Olfr137	chr17	FALSE	TRUE
Ilf2	chr3	FALSE	FALSE
Trim62	chr4	FALSE	FALSE
Kctd10	chr5	FALSE	FALSE
Hmgn2	chr4	FALSE	FALSE
Gm38999	chr7	FALSE	TRUE
Olfr1029	chr2	FALSE	TRUE
Tulp1	chr17	FALSE	FALSE
Ywhab	chr2	FALSE	FALSE
Gemin4	chr11	FALSE	FALSE
Ppt1	chr4	FALSE	FALSE
Olfr823	chr10	FALSE	TRUE
Kcng3	chr17	FALSE	FALSE
Nhp2	chr11	FALSE	FALSE
Extl2	chr3	FALSE	FALSE
Theg	chr10	FALSE	FALSE
Tmem109	chr19	FALSE	FALSE
Edn1	chr13	FALSE	FALSE
Fam83c	chr2	FALSE	FALSE
Siae	chr9	FALSE	FALSE
Tcp10b	chr17	FALSE	TRUE
Eda2r	chrX	FALSE	FALSE
Maneal	chr4	FALSE	FALSE
Bola2	chr7	FALSE	TRUE
Wfdc15b	chr2	FALSE	TRUE
Trib1	chr15	FALSE	FALSE
Sco1	chr11	FALSE	TRUE
Twist1	chr12	FALSE	FALSE
Atp6v0b	chr4	FALSE	FALSE
Myh1	chr11	FALSE	FALSE
Elmod2	chr8	FALSE	FALSE
Acot2	chr12	FALSE	FALSE
Gm6205	chr5	FALSE	TRUE
Ebf1	chr11	FALSE	FALSE
Csrp2	chr10	FALSE	FALSE
Olfr1189	chr2	FALSE	TRUE
Olfr777	chr10	FALSE	TRUE
Eid1	chr2	FALSE	FALSE
Gm49425	chr15	FALSE	TRUE
Hnrnpl	chr7	FALSE	FALSE
Lrrc10b	chr19	FALSE	FALSE
Mcfd2	chr17	FALSE	FALSE
Bbs2	chr8	FALSE	FALSE
Etfdh	chr3	FALSE	FALSE
Ndufs2	chr1	FALSE	FALSE
Kars	chr8	FALSE	FALSE
Dpagt1	chr9	FALSE	FALSE
Spr	chr6	FALSE	FALSE
Leo1	chr9	FALSE	FALSE
Gm3543	chr14	FALSE	TRUE
Bpifa6	chr2	FALSE	TRUE
St6gal2	chr17	FALSE	FALSE
Syt5	chr7	FALSE	FALSE
Sptbn2	chr19	FALSE	FALSE
Apom	chr17	FALSE	FALSE
Dbnl	chr11	FALSE	FALSE
Gdf2	chr14	FALSE	TRUE
Gm49356	chr15	FALSE	FALSE
Med21	chr6	FALSE	FALSE
Acot4	chr12	FALSE	TRUE
Hsdl1	chr8	FALSE	FALSE
AL935121.1	chr2	FALSE	FALSE
Tmem229a	chr6	FALSE	FALSE
Olfr1205	chr2	FALSE	TRUE
Epgn	chr5	FALSE	TRUE
Tcte3	chr17	FALSE	FALSE
Adam1a	chr5	FALSE	FALSE
Hint1	chr11	FALSE	FALSE
Nagpa	chr16	FALSE	FALSE
Gm42878	chr5	FALSE	FALSE
Mttp	chr3	FALSE	FALSE
Gvin1	chr7	FALSE	TRUE
Fyb2	chr4	FALSE	FALSE
Syf2	chr4	FALSE	FALSE
Blvra	chr2	FALSE	FALSE
Cited4	chr4	FALSE	FALSE
Pip5k1c	chr10	FALSE	FALSE
Armcx5	chrX	FALSE	FALSE
Thpo	chr16	FALSE	FALSE
BC049762	chr11	FALSE	FALSE
Lrrc7	chr3	FALSE	FALSE
Olfr1152	chr2	FALSE	TRUE
Taf13	chr3	FALSE	FALSE
Klk12	chr7	FALSE	TRUE
Serpina3g	chr12	FALSE	TRUE
H2-DMa	chr17	FALSE	FALSE
Vmn2r52	chr7	FALSE	TRUE
Prl2b1	chr13	FALSE	TRUE
Slc27a4	chr2	FALSE	FALSE
Tmem262	chr19	FALSE	TRUE
Ndufb7	chr8	FALSE	FALSE
Ct55	chrX	FALSE	TRUE
Mmd	chr11	FALSE	FALSE
Gstm6	chr3	FALSE	FALSE
Gm3573	chr14	FALSE	TRUE
Has2	chr15	FALSE	FALSE
Rps7	chr12	FALSE	FALSE
A030014E15Rik	chr1	FALSE	TRUE
Gm45902	chr2	FALSE	FALSE
Yipf3	chr17	FALSE	FALSE
Trim75	chr8	FALSE	FALSE
Arhgef2	chr3	FALSE	FALSE
Gm20390	chr11	FALSE	FALSE
Rab33a	chrX	FALSE	FALSE
Olfr551	chr7	FALSE	TRUE
Ppip5k1	chr2	FALSE	FALSE
Pdcl3	chr1	FALSE	FALSE
Aanat	chr11	FALSE	FALSE
Psmd5	chr2	FALSE	FALSE
Bcas2	chr3	FALSE	FALSE
Tchh	chr3	FALSE	FALSE
6030468B19Rik	chr11	FALSE	TRUE
Adam4	chr12	FALSE	TRUE
Zfp260	chr7	FALSE	FALSE
Atf6b	chr17	FALSE	FALSE
Gba2	chr4	FALSE	FALSE
Ctsg	chr14	FALSE	FALSE
Stap1	chr5	FALSE	TRUE
Kmt2b	chr7	FALSE	FALSE
Itga2b	chr11	FALSE	FALSE
Rpl41	chr10	FALSE	FALSE
Pias4	chr10	FALSE	FALSE
Gm2381	chr7	FALSE	TRUE
Foxa2	chr2	FALSE	FALSE
Fbxw9	chr8	FALSE	FALSE
Atp5g1	chr11	FALSE	FALSE
Slc25a1	chr16	FALSE	FALSE
Armh2	chr13	FALSE	TRUE
Pip4k2c	chr10	FALSE	FALSE
Cdc25b	chr2	FALSE	FALSE
Ttc37	chr13	FALSE	FALSE
Bnip3l	chr14	FALSE	FALSE
Txndc17	chr11	FALSE	FALSE
Capn3	chr2	FALSE	FALSE
Gadd45gip1	chr8	FALSE	FALSE
Gm1979	chr5	FALSE	FALSE
Bche	chr3	FALSE	FALSE
Il5	chr11	FALSE	TRUE
1810030O07Rik	chrX	FALSE	FALSE
Olfr862	chr9	FALSE	TRUE
Plcz1	chr6	FALSE	TRUE
Crhbp	chr13	FALSE	FALSE
Acss1	chr2	FALSE	FALSE
Gm47429	chr13	FALSE	TRUE
Esp5	chr17	FALSE	TRUE
Drg2	chr11	FALSE	FALSE
Cnot10	chr9	FALSE	FALSE
Xpa	chr4	FALSE	FALSE
Gm10267	chr18	FALSE	TRUE
Gm7929	chr14	FALSE	TRUE
Glb1l	chr1	FALSE	TRUE
Bend5	chr4	FALSE	FALSE
Pih1d3	chr1	FALSE	TRUE
Mbd3l1	chr9	FALSE	TRUE
Ube2g2	chr10	FALSE	FALSE
Olfr168	chr16	FALSE	TRUE
Gm8050	chr14	FALSE	TRUE
Pnrc1	chr4	FALSE	FALSE
Cplx2	chr13	FALSE	FALSE
Olfr1388	chr11	FALSE	TRUE
Lce1m	chr3	FALSE	FALSE
AI413582	chr17	FALSE	FALSE
Dbil5	chr11	FALSE	FALSE
Zfp879	chr11	FALSE	FALSE
Bcl6	chr16	FALSE	FALSE
Junb	chr8	FALSE	FALSE
Map3k8	chr18	FALSE	FALSE
Fastk	chr5	FALSE	FALSE
Osbpl7	chr11	FALSE	FALSE
Elobl	chr11	FALSE	TRUE
1110032F04Rik	chr3	FALSE	FALSE
Tfe3	chrX	FALSE	FALSE
Tomm5	chr4	FALSE	FALSE
Rplp0	chr5	FALSE	FALSE
Lrrc26	chr2	FALSE	FALSE
Hoxd11	chr2	FALSE	FALSE
Gbp9	chr5	FALSE	TRUE
Milr1	chr11	FALSE	TRUE
Rsl1d1	chr16	FALSE	FALSE
Zdhhc22	chr12	FALSE	FALSE
Gm21972	chr1	FALSE	FALSE
Ech1	chr7	FALSE	FALSE
Olfr235	chr19	FALSE	TRUE
Rhox4g	chrX	FALSE	TRUE
Erfe	chr1	FALSE	FALSE
Irak1bp1	chr9	FALSE	FALSE
G6pc2	chr2	FALSE	TRUE
Psmc6	chr14	FALSE	FALSE
Tmsb15a	chrX	FALSE	TRUE
Gm10715	chr9	FALSE	TRUE
Barx1	chr13	FALSE	FALSE
Mrpl54	chr10	FALSE	FALSE
Obp1a	chrX	FALSE	TRUE
Gm906	chr13	FALSE	TRUE
Rhox13	chrX	FALSE	TRUE
Nop56	chr2	FALSE	FALSE
Rhox2f	chrX	FALSE	TRUE
B3gat2	chr1	FALSE	FALSE
Lbhd1	chr19	FALSE	FALSE
Tnks	chr8	FALSE	FALSE
Apex1	chr14	FALSE	FALSE
Gm10542	chr18	FALSE	TRUE
Tuba4a	chr1	FALSE	FALSE
Gchfr	chr2	FALSE	FALSE
Ufm1	chr3	FALSE	FALSE
Tas2r144	chr6	FALSE	TRUE
Hoxa2	chr6	FALSE	FALSE
Gm7271	chr5	FALSE	TRUE
Mt3	chr8	FALSE	FALSE
Snapc2	chr8	FALSE	FALSE
Gm10471	chr5	FALSE	TRUE
Arl6ip5	chr6	FALSE	FALSE
Trp53i13	chr11	FALSE	FALSE
Eif4e1b	chr13	FALSE	FALSE
Ahnak2	chr12	FALSE	FALSE
1500009L16Rik	chr10	FALSE	FALSE
Olfr738	chr14	FALSE	TRUE
Olfr1056	chr2	FALSE	TRUE
Birc3	chr9	FALSE	FALSE
Olfr691	chr7	FALSE	FALSE
Cyp2c65	chr19	FALSE	TRUE
Zfp747	chr7	FALSE	FALSE
Rbbp9	chr2	FALSE	FALSE
Olfr866	chr9	FALSE	TRUE
Lpar4	chrX	FALSE	FALSE
Krt17	chr11	FALSE	TRUE
Mrgprf	chr7	FALSE	FALSE
Defb46	chr8	FALSE	TRUE
Shmt2	chr10	FALSE	FALSE
Cyp21a1	chr17	FALSE	TRUE
Gm3269	chr14	FALSE	TRUE
Olfr1508	chr14	FALSE	TRUE
Vmn1r202	chr13	FALSE	TRUE
Ccna2	chr3	FALSE	FALSE
Ces1f	chr8	FALSE	FALSE
Ccl27a	chr4	FALSE	FALSE
Ssu2	chr6	FALSE	FALSE
Olfr1386	chr11	FALSE	TRUE
Ptpn6	chr6	FALSE	FALSE
Pom121l12	chr11	FALSE	TRUE
Naaladl1	chr19	FALSE	TRUE
Aldoc	chr11	FALSE	FALSE
Gm3029	chr14	FALSE	TRUE
Ccdc71l	chr12	FALSE	FALSE
Sppl2a	chr2	FALSE	FALSE
Gm5157	chr7	FALSE	TRUE
Samd9l	chr6	FALSE	TRUE
Fbxo5	chr10	FALSE	FALSE
0610012G03Rik	chr16	FALSE	TRUE
Hspa4l	chr3	FALSE	FALSE
Calml3	chr13	FALSE	TRUE
Vmn1r220	chr13	FALSE	TRUE
Rbm43	chr2	FALSE	FALSE
Slpi	chr2	FALSE	FALSE
Vmn1r40	chr6	FALSE	TRUE
Mc3r	chr2	FALSE	FALSE
Flg2	chr3	FALSE	TRUE
Snrpa	chr7	FALSE	FALSE
Vmn1r13	chr6	FALSE	TRUE
Rpsa	chr9	FALSE	FALSE
Prmt2	chr10	FALSE	FALSE
Fzd5	chr1	FALSE	FALSE
Vmn1r27	chr6	FALSE	TRUE
Arl6ip1	chr7	FALSE	FALSE
Cdkn2b	chr4	FALSE	FALSE
Slc6a19	chr13	FALSE	FALSE
Mrpl36	chr13	FALSE	FALSE
Tmem125	chr4	FALSE	FALSE
Olfr1360	chr13	FALSE	TRUE
Exosc3	chr4	FALSE	FALSE
Foxe1	chr4	FALSE	FALSE
Gm9803	chr10	FALSE	TRUE
Lrfn4	chr19	FALSE	FALSE
Bcl2l1	chr2	FALSE	FALSE
Erg	chr16	FALSE	FALSE
Ssxb5	chrX	FALSE	TRUE
Golga7b	chr19	FALSE	FALSE
Cst11	chr2	FALSE	TRUE
Vwce	chr19	FALSE	FALSE
Ppbp	chr5	FALSE	TRUE
Atg12	chr18	FALSE	FALSE
Oaz1	chr10	FALSE	FALSE
Ckb	chr12	FALSE	FALSE
Mks1	chr11	FALSE	FALSE
Olfr1018	chr2	FALSE	TRUE
Cyb561a3	chr19	FALSE	FALSE
Olfr703	chr7	FALSE	TRUE
Olfr535	chr7	FALSE	TRUE
Zc2hc1a	chr3	FALSE	FALSE
Cnga4	chr7	FALSE	TRUE
Olfr393	chr11	FALSE	TRUE
Olfr904	chr9	FALSE	TRUE
Krtap7-1	chr16	FALSE	TRUE
Cstdc4	chr16	FALSE	TRUE
Olfr58	chr9	FALSE	TRUE
Iqcf5	chr9	FALSE	TRUE
Vps25	chr11	FALSE	FALSE
Olfr270	chr4	FALSE	TRUE
Clk3	chr9	FALSE	FALSE
Miip	chr4	FALSE	FALSE
Calr3	chr8	FALSE	FALSE
Lamb2	chr9	FALSE	FALSE
Ndufb9	chr15	FALSE	FALSE
Ms4a3	chr19	FALSE	TRUE
Pigs	chr11	FALSE	FALSE
Gm1673	chr5	FALSE	FALSE
Gm4181	chr14	FALSE	TRUE
Hmgn5	chrX	FALSE	FALSE
Ildr2	chr1	FALSE	FALSE
Olfr541	chr7	FALSE	TRUE
Gpx8	chr13	FALSE	FALSE
Pnma2	chr14	FALSE	FALSE
Vmn1r36	chr6	FALSE	TRUE
Fndc9	chr11	FALSE	FALSE
Tex261	chr6	FALSE	FALSE
Btbd10	chr7	FALSE	FALSE
Cstdc1	chr2	FALSE	TRUE
Mtrf1l	chr10	FALSE	FALSE
Cyp2j9	chr4	FALSE	FALSE
Casp8ap2	chr4	FALSE	FALSE
Urb2	chr8	FALSE	FALSE
Rpp30	chr19	FALSE	FALSE
Lrrc47	chr4	FALSE	FALSE
Gm1330	chr2	FALSE	TRUE
Olfr167	chr16	FALSE	TRUE
Gm10229	chr16	FALSE	TRUE
Trim38	chr13	FALSE	TRUE
Ttpal	chr2	FALSE	FALSE
Cckbr	chr7	FALSE	FALSE
Atox1	chr11	FALSE	FALSE
Per1	chr11	FALSE	FALSE
Gm5294	chr5	FALSE	FALSE
Tas2r113	chr6	FALSE	TRUE
Tcf19	chr17	FALSE	FALSE
Dcps	chr9	FALSE	FALSE
Arl14	chr3	FALSE	TRUE
Prkra	chr2	FALSE	FALSE
Rps19	chr7	FALSE	FALSE
Fcf1	chr12	FALSE	TRUE
Armcx1	chrX	FALSE	FALSE
Pitx2	chr3	FALSE	FALSE
Rps13	chr7	FALSE	FALSE
Cuedc2	chr19	FALSE	FALSE
Gm49320	chr8	FALSE	FALSE
Zkscan7	chr9	FALSE	TRUE
Spata32	chr11	FALSE	FALSE
Fancb	chrX	FALSE	FALSE
Tpgs1	chr10	FALSE	FALSE
Tmco6	chr18	FALSE	FALSE
Shbg	chr11	FALSE	TRUE
Ogfod2	chr5	FALSE	FALSE
Mex3b	chr7	FALSE	FALSE
Erg28	chr12	FALSE	FALSE
Klk1b26	chr7	FALSE	TRUE
Mei4	chr9	FALSE	FALSE
Olfr1095	chr2	FALSE	TRUE
Smim18	chr8	FALSE	FALSE
Nt5c	chr11	FALSE	FALSE
Ccar1	chr10	FALSE	FALSE
Gm12794	chr4	FALSE	TRUE
Mrfap1	chr5	FALSE	FALSE
1810010H24Rik	chr11	FALSE	FALSE
Mc5r	chr18	FALSE	FALSE
Josd2	chr7	FALSE	FALSE
Plk1	chr7	FALSE	FALSE
Rpf2	chr10	FALSE	FALSE
Ceacam11	chr7	FALSE	TRUE
Arhgap28	chr17	FALSE	FALSE
Dck	chr5	FALSE	FALSE
Olfr26	chr9	FALSE	TRUE
Hmbs	chr9	FALSE	FALSE
Nkx2-3	chr19	FALSE	FALSE
S100z	chr13	FALSE	TRUE
Ppp2r3a	chr9	FALSE	FALSE
Cwf19l2	chr9	FALSE	FALSE
Foxd3	chr4	FALSE	FALSE
Slirp	chr12	FALSE	FALSE
Slfn4	chr11	FALSE	TRUE
Rdh8	chr9	FALSE	TRUE
Tmem62	chr2	FALSE	FALSE
Otud5	chrX	FALSE	FALSE
Nepn	chr10	FALSE	TRUE
Prr30	chr14	FALSE	TRUE
Gm49383	chr12	FALSE	FALSE
Gas7	chr11	FALSE	FALSE
Ldhal6b	chr17	FALSE	TRUE
Atp6ap2	chrX	FALSE	FALSE
Uprt	chrX	FALSE	FALSE
Zfp367	chr13	FALSE	FALSE
Ndor1	chr2	FALSE	FALSE
Polr2k	chr15	FALSE	FALSE
Ccdc90b	chr7	FALSE	FALSE
Kir3dl1	chrX	FALSE	TRUE
Gm9376	chr14	FALSE	TRUE
Irf1	chr11	FALSE	FALSE
Cited1	chrX	FALSE	FALSE
Btf3	chr13	FALSE	FALSE
Gm12184	chr11	FALSE	FALSE
Mafa	chr15	FALSE	FALSE
Gm36245	chr15	FALSE	TRUE
Serpina7	chrX	FALSE	TRUE
Mrpl53	chr6	FALSE	FALSE
Olfr985	chr9	FALSE	TRUE
Olfr382	chr11	FALSE	TRUE
Samd5	chr10	FALSE	FALSE
Olfr1155	chr2	FALSE	TRUE
Pex5	chr6	FALSE	FALSE
Mmp10	chr9	FALSE	TRUE
Hdac2	chr10	FALSE	FALSE
Smco3	chr6	FALSE	TRUE
Phlda3	chr1	FALSE	FALSE
Esp36	chr17	FALSE	TRUE
Mettl22	chr16	FALSE	FALSE
Immp1l	chr2	FALSE	FALSE
Spa17	chr9	FALSE	FALSE
Slfn3	chr11	FALSE	TRUE
Ufsp1	chr5	FALSE	FALSE
Lrrc58	chr16	FALSE	FALSE
Rpl36al	chr12	FALSE	FALSE
Slc45a2	chr15	FALSE	TRUE
Cideb	chr14	FALSE	TRUE
Prg2	chr2	FALSE	TRUE
Glud1	chr14	FALSE	FALSE
Srsf5	chr12	FALSE	FALSE
Olfr148	chr9	FALSE	TRUE
Olfr493	chr7	FALSE	TRUE
Habp2	chr19	FALSE	FALSE
Zfp41	chr15	FALSE	FALSE
Casq1	chr1	FALSE	FALSE
Susd2	chr10	FALSE	FALSE
Vmn1r218	chr13	FALSE	FALSE
Cuzd1	chr7	FALSE	TRUE
Rnf146	chr10	FALSE	FALSE
Lag3	chr6	FALSE	FALSE
Kif26a	chr12	FALSE	FALSE
Jagn1	chr6	FALSE	FALSE
Hcls1	chr16	FALSE	FALSE
Tubb2a	chr13	FALSE	FALSE
Zmynd12	chr4	FALSE	FALSE
Fam32a	chr8	FALSE	FALSE
Kcnab3	chr11	FALSE	FALSE
Olfr1293-ps	chr2	FALSE	TRUE
Aldh18a1	chr19	FALSE	FALSE
AY358078	chr14	FALSE	TRUE
Fancd2os	chr6	FALSE	TRUE
Tmem139	chr6	FALSE	FALSE
Zbtb21	chr16	FALSE	FALSE
Xlr4c	chrX	FALSE	TRUE
Olfr1015	chr2	FALSE	TRUE
Fundc2	chrX	FALSE	FALSE
Vmo1	chr11	FALSE	TRUE
Mybl2	chr2	FALSE	FALSE
Pmpcb	chr5	FALSE	FALSE
Ccnj	chr19	FALSE	FALSE
Trim61	chr8	FALSE	TRUE
Cotl1	chr8	FALSE	FALSE
Inhbe	chr10	FALSE	FALSE
Olfr1094	chr2	FALSE	TRUE
Bex1	chrX	FALSE	FALSE
Jak2	chr19	FALSE	FALSE
Krt13	chr11	FALSE	TRUE
Rrp9	chr9	FALSE	FALSE
Akr7a5	chr4	FALSE	FALSE
Cbfb	chr8	FALSE	FALSE
Mfsd5	chr15	FALSE	FALSE
Eqtn	chr4	FALSE	TRUE
Gadd45a	chr6	FALSE	FALSE
Klre1	chr6	FALSE	TRUE
Abcg5	chr17	FALSE	FALSE
Gm50092	chr7	FALSE	FALSE
Uap1l1	chr2	FALSE	FALSE
Dbx1	chr7	FALSE	FALSE
Zfp72	chr13	FALSE	FALSE
Adam20	chr8	FALSE	TRUE
Clec2i	chr6	FALSE	TRUE
Gm14214	chr2	FALSE	TRUE
Surf1	chr2	FALSE	FALSE
Vwa7	chr17	FALSE	FALSE
Lsm2	chr17	FALSE	TRUE
Rps6	chr4	FALSE	FALSE
Rps9	chr7	FALSE	FALSE
Rgs4	chr1	FALSE	FALSE
Syt8	chr7	FALSE	FALSE
Gm6309	chr5	FALSE	TRUE
Olfr354	chr2	FALSE	TRUE
Defb25	chr2	FALSE	TRUE
Tcf4	chr18	FALSE	FALSE
Krtap19-5	chr16	FALSE	TRUE
Tldc2	chr2	FALSE	FALSE
Usb1	chr8	FALSE	TRUE
Ccdc178	chr18	FALSE	TRUE
Ubxn6	chr17	FALSE	FALSE
Slc13a5	chr11	FALSE	FALSE
Gm45234	chr6	FALSE	FALSE
Olfr1471	chr19	FALSE	TRUE
Smad7	chr18	FALSE	FALSE
Pou5f2	chr13	FALSE	FALSE
Ly6f	chr15	FALSE	TRUE
Fastkd3	chr13	FALSE	FALSE
Ttc22	chr4	FALSE	FALSE
Vgll2	chr10	FALSE	FALSE
Glra4	chrX	FALSE	FALSE
Teddm1a	chr1	FALSE	TRUE
Olfr1457	chr19	FALSE	TRUE
Gm10406	chr14	FALSE	FALSE
Klhl28	chr12	FALSE	FALSE
Gm10282	chr8	FALSE	TRUE
Zfp948	chr17	FALSE	FALSE
Chgb	chr2	FALSE	FALSE
Olfr243	chr7	FALSE	TRUE
Mettl18	chr1	FALSE	FALSE
Klra10	chr6	FALSE	TRUE
Nhsl1	chr10	FALSE	FALSE
5430402E10Rik	chrX	FALSE	TRUE
Purg	chr8	FALSE	FALSE
Piga	chrX	FALSE	FALSE
Olfr150	chr9	FALSE	TRUE
Neurog3	chr10	FALSE	FALSE
Pdlim2	chr14	FALSE	FALSE
Taf10	chr7	FALSE	FALSE
Gm42688	chr6	FALSE	FALSE
Fgf8	chr19	FALSE	FALSE
Fibin	chr2	FALSE	FALSE
Gm44805	chr7	FALSE	TRUE
Olfr689	chr7	FALSE	TRUE
Orai2	chr5	FALSE	FALSE
Tcl1	chr12	FALSE	TRUE
Klk1b9	chr7	FALSE	TRUE
Olfr1191-ps1	chr2	FALSE	TRUE
Qprt	chr7	FALSE	FALSE
Anapc13	chr9	FALSE	FALSE
Gm3629	chr14	FALSE	TRUE
Cldn12	chr5	FALSE	FALSE
Prl7d1	chr13	FALSE	TRUE
Gm47955	chr1	FALSE	TRUE
B930094E09Rik	chr18	FALSE	FALSE
Hal	chr10	FALSE	FALSE
Saraf	chr8	FALSE	FALSE
Atp8b2	chr3	FALSE	FALSE
Asns	chr6	FALSE	FALSE
Ly6k	chr15	FALSE	TRUE
4930550L24Rik	chrX	FALSE	TRUE
Vps33a	chr5	FALSE	FALSE
1700012A03Rik	chr6	FALSE	FALSE
Scgb1b20	chr7	FALSE	TRUE
Gclm	chr3	FALSE	FALSE
Fam8a1	chr13	FALSE	FALSE
Ctsc	chr7	FALSE	FALSE
Olfr487	chr7	FALSE	TRUE
Olfr328	chr11	FALSE	TRUE
Rrp15	chr1	FALSE	FALSE
Zfp42	chr8	FALSE	TRUE
Rnf126	chr10	FALSE	FALSE
Arhgap17	chr7	FALSE	FALSE
Zfp993	chr4	FALSE	TRUE
Rhox11	chrX	FALSE	TRUE
Cetn2	chrX	FALSE	FALSE
Krt10	chr11	FALSE	FALSE
Pnkp	chr7	FALSE	FALSE
Clec2h	chr6	FALSE	TRUE
Zfp580	chr7	FALSE	FALSE
Pspn	chr17	FALSE	FALSE
Rab42	chr4	FALSE	TRUE
Gm15013	chrX	FALSE	TRUE
Flg	chr3	FALSE	TRUE
Kcnv1	chr15	FALSE	FALSE
Rraga	chr4	FALSE	FALSE
Pax6	chr2	FALSE	FALSE
4933436I01Rik	chrX	FALSE	TRUE
Pim2	chrX	FALSE	FALSE
Gm49339	chr10	FALSE	TRUE
Slc35a5	chr16	FALSE	FALSE
Myod1	chr7	FALSE	FALSE
Acp5	chr9	FALSE	FALSE
Rnf223	chr4	FALSE	TRUE
Cblc	chr7	FALSE	FALSE
Phykpl	chr11	FALSE	FALSE
Zfp429	chr13	FALSE	FALSE
Olfr971	chr9	FALSE	TRUE
Porcn	chrX	FALSE	FALSE
Olfr107	chr17	FALSE	TRUE
Zfp990	chr4	FALSE	TRUE
Lrrc59	chr11	FALSE	FALSE
Mlana	chr19	FALSE	TRUE
Naa38	chr11	FALSE	FALSE
Cpt1b	chr15	FALSE	FALSE
Stk35	chr2	FALSE	FALSE
Aadacl2fm2	chr3	FALSE	TRUE
Zfp692	chr11	FALSE	FALSE
2310034G01Rik	chr19	FALSE	FALSE
Gm5244	chr19	FALSE	TRUE
Slc10a2	chr8	FALSE	TRUE
Kcnj9	chr1	FALSE	FALSE
Zfp784	chr7	FALSE	FALSE
Ly6a	chr15	FALSE	TRUE
Impdh2	chr9	FALSE	FALSE
Ttll13	chr7	FALSE	FALSE
Dpep2	chr8	FALSE	FALSE
Zfp786	chr6	FALSE	FALSE
Ppp1ca	chr19	FALSE	FALSE
4930558C23Rik	chr3	FALSE	TRUE
Tnfaip3	chr10	FALSE	FALSE
Pdf	chr8	FALSE	FALSE
Olfr460	chr6	FALSE	TRUE
Phyhip	chr14	FALSE	FALSE
Olfr287	chr15	FALSE	TRUE
Eri1	chr8	FALSE	FALSE
Pramel5	chr4	FALSE	TRUE
Mpeg1	chr19	FALSE	TRUE
Lamtor5	chr3	FALSE	FALSE
6430571L13Rik	chr9	FALSE	FALSE
Tbrg4	chr11	FALSE	FALSE
Slc35d3	chr10	FALSE	FALSE
En2	chr5	FALSE	FALSE
Dpp10	chr1	FALSE	FALSE
Gm11084	chr2	FALSE	FALSE
Olfr1269	chr2	FALSE	TRUE
Dnajb7	chr15	FALSE	TRUE
Serpina3i	chr12	FALSE	TRUE
Lig1	chr7	FALSE	FALSE
Ncf4	chr15	FALSE	FALSE
Akirin1	chr4	FALSE	FALSE
Olfr1279	chr2	FALSE	TRUE
Galnt4	chr10	FALSE	FALSE
Serpinb9f	chr13	FALSE	TRUE
Olfr348	chr2	FALSE	TRUE
Krtap26-1	chr16	FALSE	TRUE
Nrgn	chr9	FALSE	FALSE
Nkx2-4	chr2	FALSE	FALSE
Mxra8	chr4	FALSE	FALSE
Esp24	chr17	FALSE	TRUE
Olfr536	chr7	FALSE	TRUE
Iqgap3	chr3	FALSE	FALSE
Rnf138rt1	chrX	FALSE	FALSE
Spata2l	chr8	FALSE	FALSE
Coq9	chr8	FALSE	TRUE
Polr2g	chr19	FALSE	FALSE
Olfr476	chr7	FALSE	TRUE
Olfr644	chr7	FALSE	TRUE
A630073D07Rik	chr6	FALSE	TRUE
Olfr25	chr9	FALSE	TRUE
Fam166b	chr4	FALSE	TRUE
Gpx6	chr13	FALSE	TRUE
Ttc5	chr14	FALSE	FALSE
Nebl	chr2	FALSE	FALSE
Kxd1	chr8	FALSE	FALSE
Hif3a	chr7	FALSE	FALSE
Gm14409	chr2	FALSE	TRUE
Trim59	chr3	FALSE	FALSE
Hoxb3	chr11	FALSE	FALSE
Atpaf2	chr11	FALSE	FALSE
Nfkbil1	chr17	FALSE	FALSE
Fxyd4	chr6	FALSE	FALSE
Ccnt2	chr1	FALSE	FALSE
Atp5h	chr11	FALSE	FALSE
Itpkc	chr7	FALSE	FALSE
Mlx	chr11	FALSE	FALSE
Dnajc30	chr5	FALSE	FALSE
Ces2g	chr8	FALSE	TRUE
Pfdn6	chr17	FALSE	FALSE
Gm5096	chr18	FALSE	TRUE
Sephs2	chr7	FALSE	FALSE
Cand2	chr6	FALSE	FALSE
Naa80	chr9	FALSE	FALSE
Usp17lc	chr7	FALSE	TRUE
Tesc	chr5	FALSE	FALSE
Gzmf	chr14	FALSE	TRUE
Olfr1168	chr2	FALSE	TRUE
Tmem234	chr4	FALSE	FALSE
Insyn2b	chr11	FALSE	FALSE
Mrgprb2	chr7	FALSE	TRUE
Zfp931	chr2	FALSE	FALSE
Svbp	chr4	FALSE	FALSE
Gpat2	chr2	FALSE	FALSE
Tdpoz4	chr3	FALSE	TRUE
Sap18b	chr8	FALSE	TRUE
Lrp10	chr14	FALSE	FALSE
Asmt	chrX	FALSE	FALSE
Dsel	chr1	FALSE	FALSE
Pebp1	chr5	FALSE	FALSE
Ptges3	chr10	FALSE	FALSE
Aoah	chr13	FALSE	FALSE
Olfr715b	chr7	FALSE	TRUE
H2-Eb1	chr17	FALSE	TRUE
Tgfbr1	chr4	FALSE	FALSE
Rnase6	chr14	FALSE	TRUE
Ppp1r35	chr5	FALSE	FALSE
Pop7	chr5	FALSE	FALSE
Cd81	chr7	FALSE	FALSE
Zfp989	chr4	FALSE	TRUE
Gm15093	chrX	FALSE	TRUE
Gsdma	chr11	FALSE	FALSE
Spp1	chr5	FALSE	TRUE
Synj2bp	chr12	FALSE	FALSE
Tnfrsf4	chr4	FALSE	TRUE
BC048679	chr7	FALSE	FALSE
Olfr1173	chr2	FALSE	TRUE
2200002D01Rik	chr7	FALSE	FALSE
Eef1a2	chr2	FALSE	FALSE
Fezf1	chr6	FALSE	FALSE
Aunip	chr4	FALSE	FALSE
Tubg2	chr11	FALSE	FALSE
Sf3a3	chr4	FALSE	FALSE
Fam181a	chr12	FALSE	FALSE
Tiam2	chr17	FALSE	FALSE
Olfr1016	chr2	FALSE	TRUE
Retreg2	chr1	FALSE	FALSE
Pgls	chr8	FALSE	FALSE
Gk2	chr5	FALSE	TRUE
Vmn1r213	chr13	FALSE	TRUE
Olfr889	chr9	FALSE	TRUE
Vmn2r42	chr7	FALSE	TRUE
Cpxcr1	chrX	FALSE	TRUE
Ccnd1	chr7	FALSE	FALSE
Dscaml1	chr9	FALSE	FALSE
Olfr1188	chr2	FALSE	TRUE
Gfi1b	chr2	FALSE	FALSE
Mvp	chr7	FALSE	FALSE
H2bc8	chr13	FALSE	FALSE
Fxn	chr19	FALSE	FALSE
Il12a	chr3	FALSE	FALSE
Pate11	chr9	FALSE	TRUE
Olfr1186	chr2	FALSE	TRUE
Fam241b	chr10	FALSE	FALSE
Med6	chr12	FALSE	FALSE
Pura	chr18	FALSE	FALSE
Pdcd4	chr19	FALSE	FALSE
Pcdhb1	chr18	FALSE	FALSE
Cep63	chr9	FALSE	FALSE
Aloxe3	chr11	FALSE	FALSE
Clpsl2	chr17	FALSE	TRUE
Ttc32	chr12	FALSE	FALSE
Krtap1-5	chr11	FALSE	TRUE
Zscan4-ps2	chr7	FALSE	TRUE
Pelo	chr13	FALSE	FALSE
Zfp24	chr18	FALSE	FALSE
Rhox8	chrX	FALSE	TRUE
Npy6r	chr18	FALSE	TRUE
Vmn1r167	chr7	FALSE	TRUE
Gp2	chr7	FALSE	TRUE
Acsbg2	chr17	FALSE	TRUE
Tat	chr8	FALSE	TRUE
Hnrnph3	chr10	FALSE	FALSE
Tmco5	chr2	FALSE	TRUE
Cdkn2aip	chr8	FALSE	FALSE
Olfr172	chr16	FALSE	TRUE
Krtap20-2	chr16	FALSE	TRUE
Olfr392	chr11	FALSE	TRUE
Fsip2	chr2	FALSE	TRUE
Mrpl9	chr3	FALSE	FALSE
Cmtm2b	chr8	FALSE	TRUE
Olfr340	chr2	FALSE	TRUE
Pnrc2	chr4	FALSE	FALSE
Vmn1r234	chr17	FALSE	TRUE
Rassf1	chr9	FALSE	FALSE
Ap3d1	chr10	FALSE	FALSE
Mrps16	chr14	FALSE	FALSE
Nkx2-6	chr14	FALSE	FALSE
Mcm4	chr16	FALSE	FALSE
Pqbp1	chrX	FALSE	FALSE
Gjd4	chr18	FALSE	TRUE
Olfr1101	chr2	FALSE	TRUE
Ibsp	chr5	FALSE	TRUE
Marveld1	chr19	FALSE	FALSE
Man2b2	chr5	FALSE	FALSE
Olfr894	chr9	FALSE	TRUE
Ovgp1	chr3	FALSE	TRUE
Mia	chr7	FALSE	FALSE
Trim28	chr7	FALSE	FALSE
Cdk14	chr5	FALSE	FALSE
Fga	chr3	FALSE	TRUE
Hoxd13	chr2	FALSE	FALSE
Zfp992	chr4	FALSE	TRUE
Slc6a3	chr13	FALSE	FALSE
Rarb	chr14	FALSE	FALSE
Clcf1	chr19	FALSE	FALSE
Pgam2	chr11	FALSE	FALSE
Olfr1350	chr7	FALSE	TRUE
Olfr1419	chr19	FALSE	TRUE
4930467E23Rik	chr8	FALSE	TRUE
Six6	chr12	FALSE	FALSE
Olfr1079	chr2	FALSE	TRUE
Tle5	chr10	FALSE	FALSE
Spred3	chr7	FALSE	FALSE
Fancf	chr7	FALSE	FALSE
Dnph1	chr17	FALSE	FALSE
Olfr792	chr10	FALSE	TRUE
2200002J24Rik	chr7	FALSE	TRUE
BC048507	chr13	FALSE	TRUE
Olfml1	chr7	FALSE	TRUE
Nat1	chr8	FALSE	TRUE
Vmn1r11	chr6	FALSE	TRUE
Kctd9	chr14	FALSE	FALSE
2210407C18Rik	chr11	FALSE	TRUE
Eogt	chr6	FALSE	FALSE
Tdp2	chr13	FALSE	FALSE
Zfp280b	chr10	FALSE	FALSE
Tas2r104	chr6	FALSE	TRUE
Gm21698	chr5	FALSE	TRUE
Gm49380	chr9	FALSE	FALSE
Zfp868	chr8	FALSE	FALSE
Sprr2f	chr3	FALSE	TRUE
Gna11	chr10	FALSE	FALSE
Olfr165	chr16	FALSE	TRUE
Psg16	chr7	FALSE	FALSE
Smim7	chr8	FALSE	FALSE
H1f5	chr13	FALSE	FALSE
Gstm7	chr3	FALSE	FALSE
Calcr	chr6	FALSE	FALSE
Riox2	chr16	FALSE	FALSE
Serbp1	chr6	FALSE	FALSE
Rnpc3	chr3	FALSE	FALSE
4930503E14Rik	chr14	FALSE	TRUE
Robo4	chr9	FALSE	FALSE
Tmdd1	chr15	FALSE	FALSE
Usp27x	chrX	FALSE	FALSE
Olfr395	chr11	FALSE	TRUE
Lbx1	chr19	FALSE	FALSE
Ly6d	chr15	FALSE	FALSE
Kdf1	chr4	FALSE	FALSE
Zfp976	chr7	FALSE	TRUE
Trim65	chr11	FALSE	FALSE
Olfr152	chr2	FALSE	TRUE
Dus1l	chr11	FALSE	FALSE
Acot10	chr15	FALSE	TRUE
Agtr1a	chr13	FALSE	FALSE
Coq8b	chr7	FALSE	FALSE
Defb37	chr8	FALSE	TRUE
Olfr615	chr7	FALSE	TRUE
Klhdc7b	chr15	FALSE	FALSE
Mrpl32	chr13	FALSE	FALSE
Zfp189	chr4	FALSE	FALSE
Spin2f	chrX	FALSE	TRUE
Erlec1	chr11	FALSE	FALSE
Lrriq4	chr3	FALSE	FALSE
Olfr1166	chr2	FALSE	TRUE
Sox15	chr11	FALSE	FALSE
Smc4	chr3	FALSE	FALSE
Tor1aip2	chr1	FALSE	FALSE
Vmn1r2	chr4	FALSE	TRUE
Dhx36	chr3	FALSE	FALSE
9930111J21Rik1	chr11	FALSE	TRUE
Tbc1d10c	chr19	FALSE	TRUE
Scgb1b12	chr7	FALSE	TRUE
Rpf1	chr3	FALSE	FALSE
Tfap4	chr16	FALSE	FALSE
Gm11214	chr4	FALSE	TRUE
Ear10	chr14	FALSE	TRUE
Pde6h	chr6	FALSE	TRUE
Gm20481	chr17	FALSE	FALSE
Nap1l1	chr10	FALSE	FALSE
Ctso	chr3	FALSE	FALSE
Vmn1r125	chr7	FALSE	TRUE
Spdya	chr17	FALSE	FALSE
Gng13	chr17	FALSE	FALSE
Dkc1	chrX	FALSE	FALSE
Cox6c	chr15	FALSE	FALSE
Tsga8	chrX	FALSE	TRUE
Cst12	chr2	FALSE	TRUE
Olfr564	chr7	FALSE	FALSE
Myoc	chr1	FALSE	FALSE
Krt15	chr11	FALSE	FALSE
Prkar1a	chr11	FALSE	FALSE
Dsg4	chr18	FALSE	TRUE
Mroh5	chr15	FALSE	FALSE
Kcnb2	chr1	FALSE	FALSE
Csn1s2b	chr5	FALSE	TRUE
Dlst	chr12	FALSE	FALSE
Mgat4f	chr1	FALSE	TRUE
Olfr1513	chr14	FALSE	TRUE
Golga5	chr12	FALSE	FALSE
Cbx1	chr11	FALSE	FALSE
Prrg1	chrX	FALSE	FALSE
Dynlt1f	chr17	FALSE	FALSE
Cdhr4	chr9	FALSE	TRUE
Cxcr1	chr1	FALSE	TRUE
Mrgprg	chr7	FALSE	FALSE
Nop16	chr13	FALSE	FALSE
Tmem247	chr17	FALSE	TRUE
Olfr279	chr15	FALSE	TRUE
Csdc2	chr15	FALSE	FALSE
Pdss1	chr2	FALSE	FALSE
Cd38	chr5	FALSE	FALSE
Mfsd2b	chr12	FALSE	FALSE
Plxnb1	chr9	FALSE	FALSE
Olfr775	chr10	FALSE	TRUE
Mtif2	chr11	FALSE	FALSE
Alox12e	chr11	FALSE	FALSE
Enho	chr4	FALSE	FALSE
Prps1l1	chr12	FALSE	TRUE
Cdkn1b	chr6	FALSE	FALSE
Dusp4	chr8	FALSE	FALSE
Nuggc	chr14	FALSE	TRUE
Zscan4-ps1	chr7	FALSE	TRUE
Fau	chr19	FALSE	FALSE
1700125H20Rik	chr11	FALSE	FALSE
Taf1a	chr1	FALSE	FALSE
Ube2dnl2	chrX	FALSE	TRUE
Pars2	chr4	FALSE	FALSE
Atrip	chr9	FALSE	FALSE
Klk6	chr7	FALSE	TRUE
Zswim2	chr2	FALSE	FALSE
Olfr1044	chr2	FALSE	TRUE
AI854703	chr6	FALSE	FALSE
Tbx15	chr3	FALSE	FALSE
Gm5415	chr1	FALSE	TRUE
Ajm1	chr2	FALSE	FALSE
Tas2r122	chr6	FALSE	TRUE
Dyrk1b	chr7	FALSE	FALSE
Prr23a1	chr9	FALSE	TRUE
Gucy2e	chr11	FALSE	FALSE
Bod1	chr11	FALSE	FALSE
Prss8	chr7	FALSE	FALSE
Msl3	chrX	FALSE	FALSE
Trex1	chr9	FALSE	FALSE
Wnt9b	chr11	FALSE	FALSE
Mcoln1	chr8	FALSE	FALSE
Olfr1507	chr14	FALSE	TRUE
Hopx	chr5	FALSE	FALSE
Olfr822	chr10	FALSE	TRUE
Msh6	chr17	FALSE	FALSE
Gm8020	chr14	FALSE	TRUE
Vmn2r31	chr7	FALSE	TRUE
Ppan	chr9	FALSE	FALSE
Jsrp1	chr10	FALSE	FALSE
Nfe2l1	chr11	FALSE	FALSE
Gm1527	chr3	FALSE	TRUE
Zkscan6	chr11	FALSE	FALSE
Ptgfr	chr3	FALSE	FALSE
Gm34653	chr2	FALSE	TRUE
Tmem263	chr10	FALSE	FALSE
Gm4871	chr5	FALSE	TRUE
Agbl5	chr5	FALSE	FALSE
Rfc2	chr5	FALSE	TRUE
Msh4	chr3	FALSE	FALSE
AU022252	chr4	FALSE	FALSE
Madcam1	chr10	FALSE	FALSE
Abhd10	chr16	FALSE	FALSE
Mzf1	chr7	FALSE	FALSE
Actrt3	chr3	FALSE	FALSE
Tuba3a	chr6	FALSE	TRUE
Ccdc69	chr11	FALSE	FALSE
Xkr9	chr1	FALSE	TRUE
Sharpin	chr15	FALSE	FALSE
Fam122b	chrX	FALSE	FALSE
Gm49318	chr9	FALSE	FALSE
Ppm1k	chr6	FALSE	FALSE
Nagk	chr6	FALSE	FALSE
1700020L24Rik	chr11	FALSE	TRUE
Serpinb9h	chr13	FALSE	TRUE
H2ac1	chr13	FALSE	TRUE
Agpat2	chr2	FALSE	FALSE
Scd4	chr19	FALSE	FALSE
Nfatc2ip	chr7	FALSE	FALSE
Midn	chr10	FALSE	FALSE
Msto1	chr3	FALSE	FALSE
Clec9a	chr6	FALSE	TRUE
Gm2042	chr12	FALSE	TRUE
Sprr2h	chr3	FALSE	TRUE
Olfr938	chr9	FALSE	TRUE
Olfr1308	chr2	FALSE	TRUE
Mak16	chr8	FALSE	FALSE
Olfr606	chr7	FALSE	TRUE
Paqr6	chr3	FALSE	FALSE
Gm49342	chr14	FALSE	FALSE
Hnrnpdl	chr5	FALSE	FALSE
Fbxl16	chr17	FALSE	FALSE
Med17	chr9	FALSE	FALSE
Tmem115	chr9	FALSE	FALSE
Cklf	chr8	FALSE	FALSE
Nr2f2	chr7	FALSE	FALSE
Rbm12b2	chr4	FALSE	FALSE
Ubfd1	chr7	FALSE	FALSE
Thra	chr11	FALSE	FALSE
Tubgcp4	chr2	FALSE	FALSE
Tsku	chr7	FALSE	FALSE
Arfrp1	chr2	FALSE	FALSE
Rad21l	chr2	FALSE	TRUE
Enpp5	chr17	FALSE	FALSE
Map6d1	chr16	FALSE	FALSE
Gm20219	chr17	FALSE	FALSE
Senp2	chr16	FALSE	FALSE
Trim46	chr3	FALSE	FALSE
Vmn2r63	chr7	FALSE	TRUE
Mafb	chr2	FALSE	FALSE
Sprr1b	chr3	FALSE	TRUE
Lrrc57	chr2	FALSE	FALSE
Gm11037	chr2	FALSE	TRUE
Mfap5	chr6	FALSE	TRUE
Avpr1a	chr10	FALSE	FALSE
Rnase1	chr14	FALSE	TRUE
Leap2	chr11	FALSE	TRUE
Gm8297	chr14	FALSE	TRUE
Gm15056	chr8	FALSE	TRUE
Abraxas1	chr5	FALSE	FALSE
Vash1	chr12	FALSE	FALSE
Reps2	chrX	FALSE	FALSE
Eid2	chr7	FALSE	FALSE
Wrn	chr8	FALSE	FALSE
Cfap126	chr1	FALSE	FALSE
Olfr1265	chr2	FALSE	TRUE
Ifi206	chr1	FALSE	TRUE
Trim17	chr11	FALSE	FALSE
Snx21	chr2	FALSE	FALSE
Hoxa7	chr6	FALSE	FALSE
Olfr64	chr7	FALSE	TRUE
Tfb2m	chr1	FALSE	FALSE
Gm13889	chr2	FALSE	FALSE
Olfr1223	chr2	FALSE	TRUE
Olfr1040	chr2	FALSE	TRUE
Rpa1	chr11	FALSE	FALSE
Mettl23	chr11	FALSE	FALSE
Ldlr	chr9	FALSE	FALSE
Slc40a1	chr1	FALSE	FALSE
Gpr101	chrX	FALSE	FALSE
Tmie	chr9	FALSE	FALSE
C1qtnf6	chr15	FALSE	FALSE
Gm815	chr19	FALSE	TRUE
Olfr818	chr10	FALSE	TRUE
Cryab	chr9	FALSE	FALSE
Rps6kb2	chr19	FALSE	FALSE
Pold4	chr19	FALSE	FALSE
1110012L19Rik	chrX	FALSE	FALSE
Spopfm1	chr3	FALSE	TRUE
2610044O15Rik8	chr8	FALSE	FALSE
Ubl5	chr9	FALSE	FALSE
Wdr45b	chr11	FALSE	FALSE
Tmem200c	chr17	FALSE	FALSE
Cyp4a30b	chr4	FALSE	TRUE
Asphd1	chr7	FALSE	FALSE
Fadd	chr7	FALSE	FALSE
Fam47e	chr5	FALSE	TRUE
Brcc3	chrX	FALSE	FALSE
Slc38a5	chrX	FALSE	FALSE
Lratd1	chr12	FALSE	FALSE
Eppin	chr2	FALSE	TRUE
Pklr	chr3	FALSE	TRUE
Il1f10	chr2	FALSE	TRUE
Lce1l	chr3	FALSE	TRUE
Hpcal1	chr12	FALSE	FALSE
Isca1	chr13	FALSE	FALSE
Il2rb	chr15	FALSE	FALSE
Il13	chr11	FALSE	TRUE
Asnsd1	chr1	FALSE	FALSE
Il17c	chr8	FALSE	FALSE
Ly6g6e	chr17	FALSE	FALSE
Olfr741	chr14	FALSE	TRUE
Sf3b3	chr8	FALSE	FALSE
Evi2a	chr11	FALSE	FALSE
Psmb3	chr11	FALSE	FALSE
Prl2c1	chr13	FALSE	TRUE
Btbd19	chr4	FALSE	FALSE
Olfr121	chr17	FALSE	TRUE
Spink11	chr18	FALSE	TRUE
Epm2aip1	chr9	FALSE	FALSE
Smad2	chr18	FALSE	FALSE
Olfr715	chr7	FALSE	TRUE
Tnfaip1	chr11	FALSE	FALSE
Inafm1	chr7	FALSE	FALSE
Clec2f	chr6	FALSE	TRUE
Trex2	chrX	FALSE	TRUE
Smim8	chr4	FALSE	FALSE
Xcl1	chr1	FALSE	TRUE
Krtap10-4	chr10	FALSE	TRUE
C9orf72	chr4	FALSE	FALSE
Gm14124	chr2	FALSE	TRUE
Spryd3	chr15	FALSE	FALSE
Ppil3	chr1	FALSE	FALSE
Gpx7	chr4	FALSE	FALSE
Smu1	chr4	FALSE	FALSE
Serpinb9e	chr13	FALSE	TRUE
Ugt1a9	chr1	FALSE	FALSE
Zfp58	chr13	FALSE	FALSE
Ccnb2	chr9	FALSE	FALSE
Olfr485	chr7	FALSE	TRUE
Adal	chr2	FALSE	FALSE
Pif1	chr9	FALSE	FALSE
Fblim1	chr4	FALSE	FALSE
Csl	chr10	FALSE	TRUE
Ugt1a2	chr1	FALSE	FALSE
Crebl2	chr6	FALSE	FALSE
Ptma	chr1	FALSE	FALSE
Gm5930	chr14	FALSE	TRUE
Oxgr1	chr14	FALSE	TRUE
Sele	chr1	FALSE	TRUE
Gm17349	chr15	FALSE	FALSE
Acod1	chr14	FALSE	TRUE
Oog3	chr4	FALSE	TRUE
Nedd8	chr14	FALSE	FALSE
Cyb5r3	chr15	FALSE	FALSE
Olfr351	chr2	FALSE	TRUE
Gm9789	chr16	FALSE	TRUE
Rpain	chr11	FALSE	TRUE
Crnn	chr3	FALSE	TRUE
Olfr11	chr13	FALSE	TRUE
Syngap1	chr17	FALSE	FALSE
Mea1	chr17	FALSE	FALSE
Pilra	chr5	FALSE	TRUE
Ovol1	chr19	FALSE	FALSE
Ccl3	chr11	FALSE	TRUE
Sod3	chr5	FALSE	FALSE
Bdkrb1	chr12	FALSE	TRUE
Magea10	chrX	FALSE	TRUE
Pnn	chr12	FALSE	FALSE
Ccdc134	chr15	FALSE	FALSE
Olfr1076	chr2	FALSE	TRUE
Arrdc2	chr8	FALSE	FALSE
Atp4a	chr7	FALSE	FALSE
Mt4	chr8	FALSE	TRUE
Syde1	chr10	FALSE	FALSE
Ccdc74a	chr16	FALSE	FALSE
Zfp317	chr9	FALSE	FALSE
Gucy2f	chrX	FALSE	FALSE
Mup4	chr4	FALSE	TRUE
H2-M3	chr17	FALSE	FALSE
Olfr826	chr10	FALSE	TRUE
Nutm2	chr13	FALSE	TRUE
4933402D24Rik	chr1	FALSE	FALSE
Olfr371	chr8	FALSE	TRUE
Tspyl1	chr10	FALSE	FALSE
Olfr1051	chr2	FALSE	TRUE
Foxd2	chr4	FALSE	FALSE
Sgo2b	chr8	FALSE	FALSE
Gm11232	chr4	FALSE	FALSE
Gon7	chr12	FALSE	FALSE
Slc2a12	chr10	FALSE	FALSE
Dact1	chr12	FALSE	FALSE
Zdhhc9	chrX	FALSE	FALSE
Pqlc3	chr12	FALSE	FALSE
Olfr789	chr10	FALSE	TRUE
Sc5d	chr9	FALSE	FALSE
Mfng	chr15	FALSE	FALSE
Cts3	chr13	FALSE	TRUE
Esp8	chr17	FALSE	TRUE
Amacr	chr15	FALSE	FALSE
Ppil2	chr16	FALSE	FALSE
Ap3m2	chr8	FALSE	FALSE
Efcc1	chr6	FALSE	FALSE
Phospho2	chr2	FALSE	FALSE
Fam110c	chr12	FALSE	FALSE
Sh2d5	chr4	FALSE	FALSE
Gimap4	chr6	FALSE	TRUE
Ifi27l2b	chr12	FALSE	TRUE
Slbp	chr5	FALSE	FALSE
Vmn2r19	chr6	FALSE	TRUE
Pcdhb5	chr18	FALSE	TRUE
Slc6a11	chr6	FALSE	FALSE
Gm21981	chr17	FALSE	FALSE
Yrdc	chr4	FALSE	FALSE
Tmem104	chr11	FALSE	FALSE
Oxct2b	chr4	FALSE	FALSE
Pate12	chr9	FALSE	TRUE
1700009N14Rik	chr4	FALSE	TRUE
Fbxl13	chr5	FALSE	FALSE
Gm9758	chr5	FALSE	TRUE
Rhoc	chr3	FALSE	FALSE
Krt75	chr15	FALSE	FALSE
Xkr8	chr4	FALSE	FALSE
Gm12666	chr4	FALSE	TRUE
Scgb2b24	chr7	FALSE	TRUE
Rgl2	chr17	FALSE	FALSE
Chmp2a	chr7	FALSE	FALSE
Gm7579	chr7	FALSE	TRUE
Med28	chr5	FALSE	FALSE
1700067K01Rik	chr8	FALSE	FALSE
Mrpl40	chr16	FALSE	FALSE
Dab2ip	chr2	FALSE	FALSE
Exosc8	chr3	FALSE	FALSE
Uba5	chr9	FALSE	FALSE
Tmem170	chr8	FALSE	FALSE
Zcchc3	chr2	FALSE	FALSE
Slc38a10	chr11	FALSE	FALSE
Olfr498	chr7	FALSE	TRUE
Tssk4	chr14	FALSE	TRUE
Fcrl6	chr1	FALSE	TRUE
Hspb2	chr9	FALSE	FALSE
Cfap97d2	chr8	FALSE	TRUE
Ankrd24	chr10	FALSE	FALSE
Olfr525	chr7	FALSE	TRUE
Tanc2	chr11	FALSE	FALSE
Clrn2	chr5	FALSE	TRUE
Tmem53	chr4	FALSE	FALSE
Fasn	chr11	FALSE	FALSE
Olfr1218	chr2	FALSE	TRUE
Slc2a4	chr11	FALSE	FALSE
Wdr4	chr17	FALSE	FALSE
Serpina3f	chr12	FALSE	TRUE
Car11	chr7	FALSE	FALSE
Tmed3	chr9	FALSE	FALSE
H2bc21	chr3	FALSE	FALSE
Olfr447	chr6	FALSE	TRUE
Ang5	chr14	FALSE	TRUE
Olfr1245	chr2	FALSE	TRUE
F2	chr2	FALSE	FALSE
Chrdl1	chrX	FALSE	FALSE
Adam39	chr8	FALSE	TRUE
Tmem223	chr19	FALSE	FALSE
Rassf7	chr7	FALSE	FALSE
Vmn1r38	chr6	FALSE	TRUE
Ccl6	chr11	FALSE	TRUE
D13Ertd608e	chr13	FALSE	FALSE
Magea6	chrX	FALSE	TRUE
Cdca4	chr12	FALSE	FALSE
Olfr1028	chr2	FALSE	TRUE
Tigd4	chr3	FALSE	FALSE
Abt1	chr13	FALSE	FALSE
Lrrc17	chr5	FALSE	FALSE
Cep97	chr16	FALSE	FALSE
Sec22b	chr3	FALSE	FALSE
Zfp428	chr7	FALSE	FALSE
Pgbd1	chr13	FALSE	FALSE
Vmn2r101	chr17	FALSE	TRUE
Gm38431	chr9	FALSE	FALSE
Olfr71	chr4	FALSE	FALSE
AAdacl4fm3	chr4	FALSE	TRUE
Mill1	chr7	FALSE	TRUE
AC159819.1	chr9	FALSE	FALSE
Magee1	chrX	FALSE	FALSE
Scgb1b10	chr7	FALSE	TRUE
Fpgs	chr2	FALSE	FALSE
Aph1a	chr3	FALSE	FALSE
Atp13a1	chr8	FALSE	FALSE
Zfp605	chr5	FALSE	FALSE
Asah1	chr8	FALSE	FALSE
Olfr629	chr7	FALSE	TRUE
Cnih1	chr14	FALSE	FALSE
Gm43738	chr3	FALSE	FALSE
Hyal1	chr9	FALSE	FALSE
Map10	chr8	FALSE	TRUE
Rexo4	chr2	FALSE	FALSE
Olfr1330	chr4	FALSE	TRUE
Olfr173	chr16	FALSE	TRUE
Vmn1r51	chr6	FALSE	TRUE
Gm6358	chr16	FALSE	TRUE
Ilk	chr7	FALSE	FALSE
Misp	chr10	FALSE	FALSE
Pcdh8	chr14	FALSE	FALSE
Rab13	chr3	FALSE	FALSE
Olfr881	chr9	FALSE	TRUE
Dmxl1	chr18	FALSE	FALSE
Slc16a6	chr11	FALSE	FALSE
Zmat5	chr11	FALSE	FALSE
Txndc9	chr1	FALSE	FALSE
Tas2r131	chr6	FALSE	TRUE
Stk16	chr1	FALSE	FALSE
Gm45618	chr7	FALSE	TRUE
Wdcp	chr12	FALSE	FALSE
Rnf6	chr5	FALSE	FALSE
Sike1	chr3	FALSE	FALSE
Gm4841	chr18	FALSE	TRUE
Gm7489	chr15	FALSE	FALSE
Rnf112	chr11	FALSE	FALSE
Zfp960	chr17	FALSE	FALSE
Alg3	chr16	FALSE	FALSE
Vmn1r28	chr6	FALSE	TRUE
Olfr187	chr16	FALSE	TRUE
Gxylt2	chr6	FALSE	FALSE
Olfr214	chr6	FALSE	TRUE
Olfr1039	chr2	FALSE	TRUE
Gm11213	chr4	FALSE	TRUE
Sertad3	chr7	FALSE	FALSE
Olfr1453	chr19	FALSE	TRUE
Borcs6	chr11	FALSE	FALSE
Dync2li1	chr17	FALSE	TRUE
Ifna2	chr4	FALSE	TRUE
Ccdc110	chr8	FALSE	FALSE
Ccdc184	chr15	FALSE	FALSE
Uqcrfs1	chr13	FALSE	FALSE
Pimreg	chr11	FALSE	FALSE
Olfr1306	chr2	FALSE	TRUE
Sprr2k	chr3	FALSE	TRUE
Nudt22	chr19	FALSE	FALSE
Pate13	chr9	FALSE	TRUE
Ccdc86	chr19	FALSE	FALSE
Utf1	chr7	FALSE	FALSE
Trub2	chr2	FALSE	TRUE
Kap	chr6	FALSE	TRUE
Stk25	chr1	FALSE	FALSE
Olfr272	chr4	FALSE	TRUE
Zfp579	chr7	FALSE	FALSE
Rtkn	chr6	FALSE	FALSE
Vma21	chrX	FALSE	FALSE
Ino80b	chr6	FALSE	TRUE
Hspe1-rs1	chr18	FALSE	TRUE
Ssxb9	chrX	FALSE	TRUE
Eif4a3l2	chr6	FALSE	TRUE
Yy2	chrX	FALSE	TRUE
Ly9	chr1	FALSE	TRUE
Vmn2r121	chrX	FALSE	TRUE
Stoml2	chr4	FALSE	FALSE
Xlr5c	chrX	FALSE	TRUE
Has1	chr17	FALSE	FALSE
Taf7l2	chr10	FALSE	TRUE
Musk	chr4	FALSE	FALSE
Urb1	chr16	FALSE	FALSE
Khnyn	chr14	FALSE	FALSE
Olfr90	chr17	FALSE	TRUE
Gm4737	chr16	FALSE	TRUE
Hnrnpa0	chr13	FALSE	FALSE
Ttc39c	chr18	FALSE	FALSE
Cryba4	chr5	FALSE	TRUE
Lingo4	chr3	FALSE	FALSE
Islr	chr9	FALSE	FALSE
Cox7a2l	chr17	FALSE	FALSE
Zscan4-ps3	chr7	FALSE	TRUE
Mup19	chr4	FALSE	TRUE
Vmn1r74	chr7	FALSE	TRUE
Ints12	chr3	FALSE	FALSE
Svil	chr18	FALSE	FALSE
Olfr1107	chr2	FALSE	TRUE
Olfr198	chr16	FALSE	TRUE
Gm3558	chr14	FALSE	FALSE
Lpar2	chr8	FALSE	FALSE
Ddx1	chr12	FALSE	FALSE
Mfap4	chr11	FALSE	FALSE
Tcp11x2	chrX	FALSE	FALSE
Samd11	chr4	FALSE	FALSE
Rbm7	chr9	FALSE	FALSE
B4gat1	chr19	FALSE	FALSE
Hsp90aa1	chr12	FALSE	FALSE
Olfr883	chr9	FALSE	TRUE
Pcif1	chr2	FALSE	FALSE
Cox4i1	chr8	FALSE	FALSE
Olah	chr2	FALSE	FALSE
Ctns	chr11	FALSE	FALSE
Spx	chr6	FALSE	FALSE
Vmn1r197	chr13	FALSE	TRUE
Csn2	chr5	FALSE	TRUE
Utp11	chr4	FALSE	FALSE
Fcer2a	chr8	FALSE	FALSE
Olfr1239	chr2	FALSE	TRUE
Olfr1440	chr19	FALSE	TRUE
Olfr339	chr2	FALSE	TRUE
Sla	chr15	FALSE	FALSE
Pkn3	chr2	FALSE	FALSE
Olfr948	chr9	FALSE	TRUE
Ccdc84	chr9	FALSE	FALSE
Best2	chr8	FALSE	FALSE
Amy2a1	chr3	FALSE	TRUE
Emp2	chr16	FALSE	FALSE
Brms1l	chr12	FALSE	FALSE
Krtap31-1	chr11	FALSE	TRUE
Grik3	chr4	FALSE	FALSE
Olfm4	chr14	FALSE	FALSE
Tas2r109	chr6	FALSE	TRUE
Olfr394	chr11	FALSE	TRUE
Olfr1197	chr2	FALSE	TRUE
Clk4	chr11	FALSE	FALSE
Miox	chr15	FALSE	TRUE
Kcnf1	chr12	FALSE	FALSE
Ndnf	chr6	FALSE	FALSE
Crlf2	chr5	FALSE	FALSE
Tfam	chr10	FALSE	FALSE
Il20	chr1	FALSE	TRUE
Krtap12-1	chr10	FALSE	TRUE
Mn1	chr5	FALSE	FALSE
Dpm1	chr2	FALSE	FALSE
Exosc9	chr3	FALSE	FALSE
Olfr653	chr7	FALSE	TRUE
Olfr1054	chr2	FALSE	TRUE
Lpcat2b	chr5	FALSE	TRUE
Dcpp3	chr17	FALSE	TRUE
Fscn3	chr6	FALSE	FALSE
Echdc2	chr4	FALSE	FALSE
Tmsb15l	chrX	FALSE	FALSE
Fam241a	chr3	FALSE	TRUE
Ttc14	chr3	FALSE	FALSE
Itpr2	chr6	FALSE	FALSE
Ifnl3	chr7	FALSE	TRUE
Pard6a	chr8	FALSE	FALSE
Mfap3	chr11	FALSE	FALSE
Mfap1b	chr2	FALSE	FALSE
Akr1b7	chr6	FALSE	TRUE
Fbxo47	chr11	FALSE	TRUE
Mettl7a3	chr15	FALSE	TRUE
Arl16	chr11	FALSE	FALSE
Pnpla6	chr8	FALSE	FALSE
Nipsnap2	chr5	FALSE	FALSE
Dazap2	chr15	FALSE	FALSE
Gm10663	chr8	FALSE	TRUE
Mcoln2	chr3	FALSE	FALSE
Olfr1058	chr2	FALSE	TRUE
Fbxo7	chr10	FALSE	FALSE
Ndufb4	chr16	FALSE	FALSE
Slc22a8	chr19	FALSE	TRUE
Rlim	chrX	FALSE	FALSE
Cldn3	chr5	FALSE	FALSE
Olfr532	chr7	FALSE	TRUE
Olfr1066	chr2	FALSE	TRUE
Serinc5	chr13	FALSE	FALSE
Lyrm1	chr7	FALSE	FALSE
Lsp1	chr7	FALSE	FALSE
Cd209a	chr8	FALSE	TRUE
Slc39a2	chr14	FALSE	FALSE
Gzma	chr13	FALSE	TRUE
Ntmt1	chr2	FALSE	FALSE
Ssxa1	chrX	FALSE	TRUE
Cpa1	chr6	FALSE	TRUE
Mrpl57	chr14	FALSE	FALSE
Sstr5	chr17	FALSE	FALSE
Cyp2s1	chr7	FALSE	FALSE
Ms4a4a	chr19	FALSE	TRUE
Ndor1	chr2	FALSE	FALSE
Pth	chr7	FALSE	TRUE
Rcbtb1	chr14	FALSE	FALSE
Nlrp4f	chr13	FALSE	TRUE
Kcnj13	chr1	FALSE	TRUE
Kif12	chr4	FALSE	FALSE
Cdkn1a	chr17	FALSE	FALSE
Mnx1	chr5	FALSE	FALSE
Slc18a3	chr14	FALSE	FALSE
Mpv17l2	chr8	FALSE	FALSE
Rps15	chr10	FALSE	FALSE
Kyat1	chr2	FALSE	FALSE
Rpp25	chr9	FALSE	FALSE
Krtap29-1	chr11	FALSE	TRUE
Ucn3	chr13	FALSE	TRUE
Olfr655	chr7	FALSE	TRUE
Acat2	chr17	FALSE	FALSE
Ifi208	chr1	FALSE	TRUE
Sprr1a	chr3	FALSE	TRUE
Hes1	chr16	FALSE	FALSE
Gm10720	chr9	FALSE	TRUE
Ydjc	chr16	FALSE	FALSE
Snx22	chr9	FALSE	FALSE
Olfr982	chr9	FALSE	TRUE
Lypd4	chr7	FALSE	TRUE
Gm17175	chr14	FALSE	TRUE
Pdia4	chr6	FALSE	FALSE
Mucl3	chr17	FALSE	FALSE
Apbb3	chr18	FALSE	FALSE
Dpep2	chr8	FALSE	FALSE
Mndal	chr1	FALSE	FALSE
Ier5	chr1	FALSE	FALSE
Lta	chr17	FALSE	FALSE
Gm13539	chr2	FALSE	TRUE
Akirin2	chr4	FALSE	FALSE
Cma2	chr14	FALSE	TRUE
Neto1	chr18	FALSE	FALSE
Foxi2	chr7	FALSE	FALSE
Chaf1a	chr17	FALSE	FALSE
Cmtm6	chr9	FALSE	FALSE
Gtpbp10	chr5	FALSE	FALSE
Fus	chr7	FALSE	FALSE
Cep295	chr9	FALSE	FALSE
Scn10a	chr9	FALSE	FALSE
Arl1	chr10	FALSE	FALSE
Olfr1014	chr2	FALSE	TRUE
Rragb	chrX	FALSE	FALSE
Olfr9	chr10	FALSE	TRUE
Capns2	chr8	FALSE	FALSE
Olfr573-ps1	chr7	FALSE	TRUE
Olfr267	chr4	FALSE	TRUE
Olfr926	chr9	FALSE	TRUE
Gm15114	chrX	FALSE	TRUE
Spink14	chr18	FALSE	TRUE
Slc25a5	chrX	FALSE	FALSE
Klk1b1	chr7	FALSE	TRUE
Tor2a	chr2	FALSE	FALSE
Bola3	chr6	FALSE	FALSE
Olfr870	chr9	FALSE	TRUE
Olfr1451	chr19	FALSE	TRUE
Fhl4	chr10	FALSE	FALSE
Gabarap	chr11	FALSE	FALSE
Acer1	chr17	FALSE	TRUE
Pwwp3b	chrX	FALSE	FALSE
Olfr539	chr7	FALSE	TRUE
Minar2	chr18	FALSE	FALSE
Adam30	chr3	FALSE	TRUE
Gpn2	chr4	FALSE	FALSE
Gemin7	chr7	FALSE	FALSE
Il3ra	chr14	FALSE	FALSE
Tmem251	chr12	FALSE	FALSE
Gm14295	chr2	FALSE	FALSE
Tubg1	chr11	FALSE	FALSE
Stard4	chr18	FALSE	FALSE
Ctcfl	chr2	FALSE	FALSE
Znrd1	chr17	FALSE	FALSE
Phb2	chr6	FALSE	FALSE
BB014433	chr8	FALSE	FALSE
Cyp11b1	chr15	FALSE	TRUE
Kifc5b	chr17	FALSE	FALSE
Olfr728	chr14	FALSE	TRUE
Emilin2	chr17	FALSE	FALSE
Pcp4	chr16	FALSE	FALSE
Vmn2r72	chr7	FALSE	TRUE
Cltrn	chrX	FALSE	FALSE
Zmynd19	chr2	FALSE	FALSE
1700020A23Rik	chr2	FALSE	TRUE
Cdh19	chr1	FALSE	TRUE
BC016579	chr16	FALSE	FALSE
Olfr508	chr7	FALSE	TRUE
Pithd1	chr4	FALSE	FALSE
Syce3	chr15	FALSE	FALSE
Sult1b1	chr5	FALSE	TRUE
Mcpt1	chr14	FALSE	TRUE
Tnfsf14	chr17	FALSE	TRUE
Krtap3-1	chr11	FALSE	TRUE
B3gnt8	chr7	FALSE	FALSE
Gipr	chr7	FALSE	FALSE
Rpl5	chr5	FALSE	FALSE
Gm10961	chr3	FALSE	FALSE
Fitm1	chr14	FALSE	FALSE
Tatdn1	chr15	FALSE	FALSE
Rangrf	chr11	FALSE	FALSE
Olfr68	chr7	FALSE	TRUE
Sh2b3	chr5	FALSE	FALSE
Dusp27	chr1	FALSE	TRUE
Vmn1r16	chr6	FALSE	TRUE
Vmn1r7	chr6	FALSE	TRUE
Olfr679	chr7	FALSE	TRUE
Ercc2	chr7	FALSE	FALSE
Atp12a	chr14	FALSE	FALSE
Muc20	chr16	FALSE	FALSE
Ssr1	chr13	FALSE	FALSE
Mycs	chrX	FALSE	TRUE
Trp53	chr11	FALSE	FALSE
Gnat1	chr9	FALSE	FALSE
Fam184b	chr5	FALSE	FALSE
Cryz	chr3	FALSE	FALSE
Slc32a1	chr2	FALSE	FALSE
Olfr1364	chr13	FALSE	TRUE
Igfbp4	chr11	FALSE	FALSE
Olfr798	chr10	FALSE	TRUE
Spc25	chr2	FALSE	FALSE
Olfr1093	chr2	FALSE	TRUE
Nid2	chr14	FALSE	FALSE
Rassf8	chr6	FALSE	FALSE
3830403N18Rik	chrX	FALSE	TRUE
Zbtb14	chr17	FALSE	FALSE
Lgals7	chr7	FALSE	TRUE
Krt6b	chr15	FALSE	FALSE
Pcdhb14	chr18	FALSE	TRUE
Olfr619	chr7	FALSE	TRUE
Wfdc15a	chr2	FALSE	TRUE
Nat8l	chr5	FALSE	FALSE
Olfr1089	chr2	FALSE	TRUE
Mettl1	chr10	FALSE	FALSE
Ccdc85b	chr19	FALSE	FALSE
Slc44a4	chr17	FALSE	TRUE
Olfr506	chr7	FALSE	TRUE
Vasp	chr7	FALSE	FALSE
Gtf3c5	chr2	FALSE	FALSE
Ube2a	chrX	FALSE	FALSE
Haus1	chr18	FALSE	FALSE
Vmn1r25	chr6	FALSE	TRUE
Sox21	chr14	FALSE	FALSE
Gm47189	chr14	FALSE	TRUE
Rplp1	chr9	FALSE	FALSE
Cd151	chr7	FALSE	FALSE
Ralgapa2	chr2	FALSE	FALSE
Sytl1	chr4	FALSE	TRUE
Olfr692	chr7	FALSE	TRUE
Herpud1	chr8	FALSE	FALSE
Dok1	chr6	FALSE	FALSE
Hbb-bt	chr7	FALSE	TRUE
Cnot8	chr11	FALSE	FALSE
1110017D15Rik	chr4	FALSE	FALSE
Avp	chr2	FALSE	FALSE
Rgs6	chr12	FALSE	FALSE
Fam219b	chr9	FALSE	FALSE
Prickle4	chr17	FALSE	FALSE
Ugt1a8	chr1	FALSE	FALSE
Ubxn1	chr19	FALSE	FALSE
Mos	chr4	FALSE	FALSE
Slc25a28	chr19	FALSE	FALSE
Olfr433	chr1	FALSE	TRUE
Arl11	chr14	FALSE	FALSE
Pip4p2	chr4	FALSE	FALSE
Chchd5	chr2	FALSE	FALSE
Arl4c	chr1	FALSE	FALSE
Zfp703	chr8	FALSE	FALSE
Pate6	chr9	FALSE	TRUE
Vwa1	chr4	FALSE	FALSE
Ocm	chr5	FALSE	TRUE
2210017I01Rik	chr3	FALSE	TRUE
Gabrd	chr4	FALSE	FALSE
1700003F12Rik	chr2	FALSE	FALSE
Slitrk3	chr3	FALSE	FALSE
Cyp2a5	chr7	FALSE	TRUE
Cd164	chr10	FALSE	FALSE
Cks1b	chr3	FALSE	FALSE
Gstp3	chr19	FALSE	TRUE
4930563E22Rik	chr11	FALSE	FALSE
Hoxb2	chr11	FALSE	FALSE
Cyb561d1	chr3	FALSE	FALSE
Crebzf	chr7	FALSE	FALSE
Mns1	chr9	FALSE	FALSE
Olfr794	chr10	FALSE	TRUE
Rasip1	chr7	FALSE	FALSE
AA792892	chr5	FALSE	TRUE
Tlcd5	chr9	FALSE	FALSE
Hamp	chr7	FALSE	TRUE
Dnal1	chr12	FALSE	TRUE
Olfr744	chr14	FALSE	TRUE
Nat8f4	chr6	FALSE	FALSE
Il9r	chr11	FALSE	FALSE
Vmn2r91	chr17	FALSE	TRUE
Ccdc54	chr16	FALSE	FALSE
Olfr588-ps1	chr7	FALSE	TRUE
Olfr1181	chr2	FALSE	TRUE
Gm10061	chr16	FALSE	TRUE
Pcdhb13	chr18	FALSE	TRUE
Serpind1	chr16	FALSE	TRUE
Them5	chr3	FALSE	TRUE
Rbp3	chr14	FALSE	FALSE
Oc90	chr15	FALSE	FALSE
Adam21	chr12	FALSE	TRUE
Pigw	chr11	FALSE	FALSE
Gng11	chr6	FALSE	FALSE
Mdc1	chr17	FALSE	FALSE
Olfr191	chr16	FALSE	TRUE
Epop	chr11	FALSE	FALSE
Lair1	chr7	FALSE	TRUE
Bcl2l10	chr9	FALSE	TRUE
Grpr	chrX	FALSE	FALSE
F2r	chr13	FALSE	FALSE
Gsc	chr12	FALSE	FALSE
Mtres1	chr10	FALSE	FALSE
Gm17606	chr14	FALSE	FALSE
Tmem106a	chr11	FALSE	TRUE
Gm3646	chr1	FALSE	FALSE
Fut7	chr2	FALSE	FALSE
S100a11	chr3	FALSE	FALSE
Cct8l1	chr5	FALSE	FALSE
Gm44501	chr17	FALSE	TRUE
Ccn6	chr10	FALSE	TRUE
Trim27	chr13	FALSE	FALSE
Olfr1333	chr4	FALSE	TRUE
Gm17660	chr5	FALSE	FALSE
Polr2i	chr7	FALSE	FALSE
Lexm	chr4	FALSE	TRUE
Zfp655	chr5	FALSE	FALSE
Dnase2a	chr8	FALSE	FALSE
Upk3bl	chr5	FALSE	TRUE
Rsph3b	chr17	FALSE	FALSE
Nfkbib	chr7	FALSE	FALSE
Epp13	chr7	FALSE	TRUE
Slc24a1	chr9	FALSE	FALSE
Cry1	chr10	FALSE	FALSE
Olfr1228	chr2	FALSE	TRUE
Prr12	chr7	FALSE	FALSE
Gm49384	chr12	FALSE	FALSE
Cars2	chr8	FALSE	FALSE
Thrsp	chr7	FALSE	FALSE
Timm9	chr12	FALSE	FALSE
Zfp661	chr2	FALSE	FALSE
Babam1	chr8	FALSE	FALSE
Gm4981	chr10	FALSE	TRUE
Zfp433	chr10	FALSE	FALSE
Nudt17	chr3	FALSE	FALSE
Tcl1b5	chr12	FALSE	TRUE
Sar1a	chr10	FALSE	FALSE
Arl14epl	chr18	FALSE	TRUE
Spock2	chr10	FALSE	FALSE
Cyp2c68	chr19	FALSE	TRUE
Lrit1	chr14	FALSE	TRUE
Ptchd3	chr11	FALSE	TRUE
Gsto1	chr19	FALSE	FALSE
Tas2r116	chr6	FALSE	TRUE
Kif22	chr7	FALSE	FALSE
Gm3248	chr14	FALSE	FALSE
Zdhhc11	chr13	FALSE	FALSE
Arrdc1	chr2	FALSE	FALSE
Gid8	chr2	FALSE	FALSE
Vpreb3	chr10	FALSE	FALSE
Tcim	chr8	FALSE	FALSE
Olfr746	chr14	FALSE	TRUE
Rab3d	chr9	FALSE	FALSE
Hunk	chr16	FALSE	FALSE
Gabarapl1	chr6	FALSE	FALSE
Olfr430	chr1	FALSE	TRUE
Npm3	chr19	FALSE	FALSE
Tmem79	chr3	FALSE	TRUE
Spock3	chr8	FALSE	FALSE
Gdf15	chr8	FALSE	FALSE
Fam13a	chr6	FALSE	FALSE
Tsfm	chr10	FALSE	FALSE
Car13	chr3	FALSE	FALSE
Lnx1	chr5	FALSE	FALSE
Cst3	chr2	FALSE	FALSE
Nfkb2	chr19	FALSE	FALSE
Celf6	chr9	FALSE	FALSE
Slc6a2	chr8	FALSE	FALSE
Atic	chr1	FALSE	FALSE
Mtmr7	chr8	FALSE	FALSE
Naaladl2	chr3	FALSE	FALSE
Lce1j	chr3	FALSE	TRUE
Pcsk7	chr9	FALSE	FALSE
Blvrb	chr7	FALSE	TRUE
Mrgprh	chr17	FALSE	FALSE
Olfr303	chr7	FALSE	TRUE
Entr1	chr2	FALSE	FALSE
A930018P22Rik	chr2	FALSE	FALSE
Olfr639	chr7	FALSE	TRUE
4933402N03Rik	chr7	FALSE	TRUE
Zfp28	chr7	FALSE	FALSE
Ndufs8	chr19	FALSE	FALSE
Mppe1	chr18	FALSE	FALSE
Ropn1	chr16	FALSE	FALSE
Gm3239	chr14	FALSE	TRUE
Lpxn	chr19	FALSE	FALSE
Tor1b	chr2	FALSE	FALSE
Jmjd4	chr11	FALSE	FALSE
Olfr221	chr14	FALSE	TRUE
Pou6f1	chr15	FALSE	FALSE
Gm3409	chr5	FALSE	TRUE
Asna1	chr8	FALSE	FALSE
Lhfpl4	chr6	FALSE	FALSE
Ugt1a7c	chr1	FALSE	FALSE
C130050O18Rik	chr5	FALSE	FALSE
Defb21	chr2	FALSE	TRUE
Olfr45	chr7	FALSE	TRUE
Cdkal1	chr13	FALSE	FALSE
Mrps36	chr13	FALSE	FALSE
Mrgprb8	chr7	FALSE	TRUE
Dnaja1	chr4	FALSE	FALSE
Rhox9	chrX	FALSE	TRUE
Taar9	chr10	FALSE	TRUE
Cyp4a12b	chr4	FALSE	TRUE
Mamstr	chr7	FALSE	FALSE
Cd14	chr18	FALSE	FALSE
Pfkfb4	chr9	FALSE	FALSE
Diras2	chr13	FALSE	FALSE
Mgme1	chr2	FALSE	FALSE
Wfdc21	chr11	FALSE	FALSE
Pmpca	chr2	FALSE	FALSE
Olfr199	chr16	FALSE	TRUE
Cstdc5	chr16	FALSE	TRUE
Hspd1	chr1	FALSE	FALSE
Sapcd2	chr2	FALSE	FALSE
Ndrg4	chr8	FALSE	FALSE
Zfp235	chr7	FALSE	FALSE
Lsr	chr7	FALSE	FALSE
Ddx41	chr13	FALSE	FALSE
Cxcl14	chr13	FALSE	FALSE
Set	chr2	FALSE	FALSE
Wdr55	chr18	FALSE	FALSE
Bcl2l2	chr14	FALSE	FALSE
Stfa2l1	chr16	FALSE	TRUE
Trpd52l3	chr19	FALSE	TRUE
Rpl8	chr15	FALSE	FALSE
Zfp457	chr13	FALSE	FALSE
Tubb3	chr8	FALSE	FALSE
Anxa1	chr19	FALSE	TRUE
Gm4125	chr17	FALSE	TRUE
Rhot2	chr17	FALSE	FALSE
Osr1	chr12	FALSE	FALSE
Mphosph8	chr14	FALSE	FALSE
Lrp5	chr19	FALSE	FALSE
Zfp568	chr7	FALSE	FALSE
Vegfb	chr19	FALSE	FALSE
Rps27	chr3	FALSE	FALSE
Cmtm7	chr9	FALSE	FALSE
Artn	chr4	FALSE	FALSE
Xlr3a	chrX	FALSE	TRUE
Ptch2	chr4	FALSE	FALSE
Trim34a	chr7	FALSE	TRUE
Snhg11	chr2	FALSE	FALSE
Pih1d1	chr7	FALSE	FALSE
Prr9	chr3	FALSE	TRUE
Olfr47	chr6	FALSE	TRUE
Olfr473	chr7	FALSE	TRUE
Syngr1	chr15	FALSE	FALSE
Nmb	chr7	FALSE	FALSE
E2f4	chr8	FALSE	FALSE
Myl12a	chr17	FALSE	FALSE
Hey1	chr3	FALSE	FALSE
Snrpb2	chr2	FALSE	FALSE
Siva1	chr12	FALSE	FALSE
Grcc10	chr6	FALSE	FALSE
Tssk2	chr16	FALSE	TRUE
Olfr934	chr9	FALSE	TRUE
Olfr154	chr2	FALSE	TRUE
Slc24a5	chr2	FALSE	FALSE
Itgb2	chr10	FALSE	FALSE
Yes1	chr5	FALSE	FALSE
Olfr1215	chr2	FALSE	TRUE
Zbtb10	chr3	FALSE	FALSE
Rpl18a	chr8	FALSE	FALSE
Odr4	chr1	FALSE	FALSE
Phf13	chr4	FALSE	FALSE
Satb2	chr1	FALSE	FALSE
Kazn	chr4	FALSE	FALSE
Naxe	chr3	FALSE	FALSE
Hspe1	chr1	FALSE	FALSE
Rtn4rl1	chr11	FALSE	FALSE
Olfr1170	chr2	FALSE	TRUE
Sgta	chr10	FALSE	FALSE
Pla2g4c	chr7	FALSE	TRUE
Fkbp1b	chr12	FALSE	FALSE
Adrm1	chr2	FALSE	FALSE
Krt8	chr15	FALSE	FALSE
Tlx3	chr11	FALSE	FALSE
Olfr364-ps1	chr2	FALSE	TRUE
Ceacam19	chr7	FALSE	TRUE
Tpi1	chr6	FALSE	FALSE
Aif1	chr17	FALSE	TRUE
Vmn1r177	chr7	FALSE	TRUE
Tspan17	chr13	FALSE	FALSE
Ptgdr2	chr19	FALSE	FALSE
Wdr73	chr7	FALSE	FALSE
Olfr353	chr2	FALSE	TRUE
Slc7a12	chr3	FALSE	TRUE
Pgrmc1	chrX	FALSE	FALSE
Bfsp1	chr2	FALSE	FALSE
Dync1i1	chr6	FALSE	FALSE
Ska1	chr18	FALSE	TRUE
Gm7347	chr5	FALSE	TRUE
Adrb2	chr18	FALSE	FALSE
Dbr1	chr9	FALSE	FALSE
Stk40	chr4	FALSE	FALSE
Mmp19	chr10	FALSE	TRUE
Tbc1d8	chr1	FALSE	FALSE
Olfr952	chr9	FALSE	TRUE
Fam13b	chr18	FALSE	FALSE
Trap1	chr16	FALSE	FALSE
Cox11	chr11	FALSE	FALSE
Cyp4x1	chr4	FALSE	FALSE
Olfr19	chr16	FALSE	TRUE
Pip5kl1	chr2	FALSE	FALSE
Tmem200b	chr4	FALSE	FALSE
Cnr1	chr4	FALSE	FALSE
Vmn1r58	chr7	FALSE	TRUE
Gbp6	chr5	FALSE	FALSE
Drc3	chr11	FALSE	FALSE
Zfp36l3	chrX	FALSE	TRUE
Olfr1348	chr7	FALSE	TRUE
Prl2c2	chr13	FALSE	TRUE
Otud3	chr4	FALSE	FALSE
Gltp	chr5	FALSE	FALSE
Chat	chr14	FALSE	FALSE
Eif3c	chr7	FALSE	FALSE
Elane	chr10	FALSE	TRUE
Gpr6	chr10	FALSE	FALSE
Josd1	chr15	FALSE	FALSE
Olfr1115	chr2	FALSE	TRUE
Vmn1r178	chr7	FALSE	TRUE
Gm6588	chr5	FALSE	TRUE
Cyp2b19	chr7	FALSE	TRUE
AU041133	chr10	FALSE	FALSE
Tmem30b	chr12	FALSE	FALSE
Kcnk9	chr15	FALSE	FALSE
Ifna13	chr4	FALSE	TRUE
Xlr4b	chrX	FALSE	TRUE
Vmn1r78	chr7	FALSE	TRUE
Taok3	chr5	FALSE	FALSE
Cck	chr9	FALSE	FALSE
Abcc10	chr17	FALSE	FALSE
Haus7	chrX	FALSE	FALSE
Elavl4	chr4	FALSE	FALSE
Mcat	chr15	FALSE	FALSE
Banf1	chr19	FALSE	FALSE
Gm6169	chr13	FALSE	TRUE
Spata20	chr11	FALSE	FALSE
Zpbp2	chr11	FALSE	TRUE
Gm5169	chrX	FALSE	TRUE
Dhrs13	chr11	FALSE	FALSE
Cd300ld2	chr11	FALSE	FALSE
Nrg1	chr8	FALSE	FALSE
Gm21974	chr7	FALSE	FALSE
Ifrd2	chr9	FALSE	FALSE
A030005K14Rik	chr1	FALSE	TRUE
Rpl7	chr1	FALSE	FALSE
Marchf9	chr10	FALSE	FALSE
Wdr20rt	chr12	FALSE	FALSE
Avpr1b	chr1	FALSE	FALSE
Plau	chr14	FALSE	FALSE
Egr4	chr6	FALSE	FALSE
Hoxa5	chr6	FALSE	FALSE
Gm10340	chr14	FALSE	TRUE
Spats1	chr17	FALSE	FALSE
Olfr503	chr7	FALSE	TRUE
Lrrc30	chr17	FALSE	FALSE
Camk2n1	chr4	FALSE	FALSE
Mepce	chr5	FALSE	FALSE
Olfr1339	chr4	FALSE	TRUE
Olfr658	chr7	FALSE	TRUE
1700013H16Rik	chrX	FALSE	TRUE
Derl2	chr11	FALSE	FALSE
Hesx1	chr14	FALSE	FALSE
Ccdc63	chr5	FALSE	FALSE
4930596D02Rik	chr14	FALSE	TRUE
Eif4a3	chr11	FALSE	FALSE
Shox2	chr3	FALSE	FALSE
Pheta2	chr15	FALSE	TRUE
Rgs5	chr1	FALSE	TRUE
Gm21149	chr5	FALSE	TRUE
Mcpt9	chr14	FALSE	TRUE
Secisbp2l	chr2	FALSE	FALSE
Olfr1537	chr9	FALSE	TRUE
Krt222	chr11	FALSE	FALSE
Myt1	chr2	FALSE	FALSE
Gm14632	chrX	FALSE	TRUE
B630019K06Rik	chrX	FALSE	FALSE
Olfr937	chr9	FALSE	TRUE
Rasl2-9	chr7	FALSE	TRUE
BB287469	chr12	FALSE	TRUE
1700024G13Rik	chr14	FALSE	FALSE
Lefty1	chr1	FALSE	FALSE
Olfr1302	chr2	FALSE	TRUE
Itprid2	chr2	FALSE	FALSE
Cox14	chr15	FALSE	FALSE
Olfr202	chr16	FALSE	TRUE
Hoxa13	chr6	FALSE	FALSE
Serpinb9b	chr13	FALSE	FALSE
Odf4	chr11	FALSE	TRUE
Alpi	chr1	FALSE	FALSE
Bcl2a1d	chr9	FALSE	TRUE
Nr5a2	chr1	FALSE	FALSE
4933402N22Rik	chr5	FALSE	TRUE
Mrps23	chr11	FALSE	FALSE
Hdgfl1	chr13	FALSE	TRUE
Csf3	chr11	FALSE	FALSE
Mthfd2	chr6	FALSE	FALSE
Gng3	chr19	FALSE	FALSE
Jund	chr8	FALSE	FALSE
Insig1	chr5	FALSE	FALSE
Crct1	chr3	FALSE	FALSE
4930516K23Rik	chr7	FALSE	TRUE
Gtf2h1	chr7	FALSE	FALSE
Tbx19	chr1	FALSE	FALSE
Krtap10-10	chr10	FALSE	TRUE
1700013G24Rik	chr4	FALSE	TRUE
Pafah1b1	chr11	FALSE	FALSE
Ccnjl	chr11	FALSE	FALSE
Acot6	chr12	FALSE	TRUE
Prss50	chr9	FALSE	FALSE
Slc25a45	chr19	FALSE	FALSE
Nemp2	chr1	FALSE	FALSE
Hsd17b7	chr1	FALSE	FALSE
Ftmt	chr18	FALSE	TRUE
Lyg1	chr1	FALSE	TRUE
Gm6465	chr5	FALSE	TRUE
Npb	chr11	FALSE	FALSE
Ghitm	chr14	FALSE	FALSE
H2-Q2	chr17	FALSE	FALSE
Olfr1151	chr2	FALSE	TRUE
Endov	chr11	FALSE	FALSE
Casp3	chr8	FALSE	FALSE
Chtop	chr3	FALSE	FALSE
Olfr874	chr9	FALSE	TRUE
Tubb4b	chr2	FALSE	FALSE
Plk2	chr13	FALSE	FALSE
Rrp1	chr10	FALSE	FALSE
Commd5	chr15	FALSE	FALSE
Olfr1046	chr2	FALSE	TRUE
Dusp28	chr1	FALSE	FALSE
Pnma1	chr12	FALSE	TRUE
Olfr699	chr7	FALSE	TRUE
Olfr1080	chr2	FALSE	TRUE
Olfr263	chr13	FALSE	TRUE
Nubp2	chr17	FALSE	TRUE
Cnot7	chr8	FALSE	FALSE
Rhox3g	chrX	FALSE	TRUE
Hfe	chr13	FALSE	FALSE
Dgat1	chr15	FALSE	FALSE
Eif4h	chr5	FALSE	FALSE
Ivl	chr3	FALSE	TRUE
Olfr1420	chr19	FALSE	TRUE
Sec13	chr6	FALSE	FALSE
Tmem215	chr4	FALSE	FALSE
Olfr772	chr10	FALSE	TRUE
Golm1	chr13	FALSE	FALSE
Spint4	chr2	FALSE	TRUE
Gm648	chrX	FALSE	TRUE
Tatdn3	chr1	FALSE	FALSE
Lrrc73	chr17	FALSE	FALSE
Dqx1	chr6	FALSE	FALSE
Slc6a8	chrX	FALSE	FALSE
Gimap1	chr6	FALSE	FALSE
Irgc1	chr7	FALSE	FALSE
Rmc1	chr18	FALSE	FALSE
4933434E20Rik	chr3	FALSE	FALSE
Nudc	chr4	FALSE	FALSE
Olfr229	chr9	FALSE	TRUE
Tnk1	chr11	FALSE	TRUE
Unc93a	chr17	FALSE	FALSE
Vmn1r66	chr7	FALSE	TRUE
Ramp2	chr11	FALSE	FALSE
Prkab2	chr3	FALSE	FALSE
Syna	chr5	FALSE	TRUE
Ttc1	chr11	FALSE	FALSE
Agxt2	chr15	FALSE	TRUE
Nhlh1	chr1	FALSE	FALSE
Ms4a19	chr19	FALSE	TRUE
Olfr1295	chr2	FALSE	TRUE
Ctse	chr1	FALSE	TRUE
Wfdc12	chr2	FALSE	TRUE
Slc25a3	chr10	FALSE	FALSE
Vmn1r81	chr7	FALSE	TRUE
Recql	chr6	FALSE	TRUE
Wdr83	chr8	FALSE	FALSE
Copz2	chr11	FALSE	FALSE
Apol7a	chr15	FALSE	TRUE
Gm6676	chr14	FALSE	TRUE
Rit2	chr18	FALSE	FALSE
Tmem92	chr11	FALSE	TRUE
Ramac	chr7	FALSE	FALSE
Ccdc70	chr8	FALSE	TRUE
Ankrd39	chr1	FALSE	FALSE
Cfap410	chr10	FALSE	FALSE
Tefm	chr11	FALSE	FALSE
Tnni2	chr7	FALSE	TRUE
Olfr69	chr7	FALSE	TRUE
Olfr424	chr1	FALSE	TRUE
Mrpl19	chr6	FALSE	FALSE
Olfr1410	chr1	FALSE	FALSE
Olfr347	chr2	FALSE	TRUE
Ifngr2	chr16	FALSE	FALSE
Msl3l2	chr10	FALSE	FALSE
Olfr600	chr7	FALSE	TRUE
Mmadhc	chr2	FALSE	FALSE
Ubd	chr17	FALSE	FALSE
Timm22	chr11	FALSE	FALSE
Sap30l	chr11	FALSE	FALSE
Cypt12	chr3	FALSE	TRUE
Elovl1	chr4	FALSE	FALSE
Siglece	chr7	FALSE	TRUE
Sbspon	chr1	FALSE	FALSE
Ssr4	chrX	FALSE	FALSE
Trabd2b	chr4	FALSE	FALSE
Pa2g4	chr10	FALSE	FALSE
Gm11042	chr12	FALSE	FALSE
Actl10	chr2	FALSE	FALSE
Bbs10	chr10	FALSE	FALSE
Haus8	chr8	FALSE	FALSE
Olfr1124	chr2	FALSE	TRUE
Lhfpl1	chrX	FALSE	TRUE
Slc22a4	chr11	FALSE	FALSE
Adprm	chr11	FALSE	FALSE
Zfp595	chr13	FALSE	FALSE
Lrrc24	chr15	FALSE	FALSE
Slc5a5	chr8	FALSE	FALSE
Gm21834	chr17	FALSE	TRUE
Olfr1454	chr19	FALSE	TRUE
Mcm2	chr6	FALSE	FALSE
Haus5	chr7	FALSE	TRUE
Olfr917	chr9	FALSE	TRUE
Olfr474	chr7	FALSE	TRUE
Gdap1	chr1	FALSE	FALSE
Ebna1bp2	chr4	FALSE	FALSE
Zfp809	chr9	FALSE	TRUE
Bhlhe23	chr2	FALSE	FALSE
Gm550	chr19	FALSE	TRUE
Gm30302	chr13	FALSE	TRUE
Bag4	chr8	FALSE	FALSE
Tcirg1	chr19	FALSE	FALSE
Ess2	chr16	FALSE	FALSE
Rad21	chr15	FALSE	FALSE
Gm8024	chr14	FALSE	TRUE
Smim3	chr18	FALSE	FALSE
Mars2	chr1	FALSE	FALSE
Vps51	chr19	FALSE	FALSE
Rps8	chr4	FALSE	FALSE
Mgat2	chr12	FALSE	FALSE
Pi16	chr17	FALSE	FALSE
Ewsr1	chr11	FALSE	FALSE
Exoc7	chr11	FALSE	FALSE
Klhl13	chrX	FALSE	FALSE
Akna	chr4	FALSE	FALSE
Emd	chrX	FALSE	FALSE
Fkbp8	chr8	FALSE	FALSE
Zfp358	chr8	FALSE	FALSE
Trmt112	chr19	FALSE	FALSE
Pfdn5	chr15	FALSE	FALSE
Olfr157	chr4	FALSE	TRUE
Mri1	chr8	FALSE	FALSE
Dio2	chr12	FALSE	FALSE
Tox	chr4	FALSE	FALSE
Fyttd1	chr16	FALSE	FALSE
Olfr819	chr10	FALSE	TRUE
Cenpw	chr10	FALSE	FALSE
Pate4	chr9	FALSE	TRUE
Arpc5l	chr2	FALSE	FALSE
Ifng	chr10	FALSE	TRUE
Wbp11	chr6	FALSE	FALSE
Olfr854	chr9	FALSE	TRUE
Nr4a1	chr15	FALSE	FALSE
Paics	chr5	FALSE	FALSE
Kti12	chr4	FALSE	FALSE
Vmn1r215	chr13	FALSE	TRUE
Tmem259	chr10	FALSE	FALSE
Tmem174	chr13	FALSE	TRUE
Mzb1	chr18	FALSE	TRUE
Stub1	chr17	FALSE	FALSE
Zfp365	chr10	FALSE	FALSE
Mrps2	chr2	FALSE	FALSE
Tmem250-ps	chr2	FALSE	FALSE
Ftdc2	chr16	FALSE	TRUE
Ypel3	chr7	FALSE	FALSE
Prss22	chr17	FALSE	TRUE
Vmn1r225	chr17	FALSE	TRUE
Olfr38	chr6	FALSE	TRUE
Olfr1500	chr19	FALSE	TRUE
Gm7356	chr17	FALSE	TRUE
Oca2	chr7	FALSE	FALSE
Fpr-rs6	chr17	FALSE	TRUE
Serpinf2	chr11	FALSE	FALSE
Ccsap	chr8	FALSE	FALSE
Sprr2a2	chr3	FALSE	TRUE
Mfsd10	chr5	FALSE	FALSE
Hcrt	chr11	FALSE	FALSE
Efcab10	chr12	FALSE	FALSE
AK157302	chr13	FALSE	TRUE
Snrpd2	chr7	FALSE	FALSE
Tmem235	chr11	FALSE	FALSE
Frat2	chr19	FALSE	FALSE
Mecp2	chrX	FALSE	FALSE
Lipn	chr19	FALSE	TRUE
Serpinb12	chr1	FALSE	TRUE
Olfr117	chr17	FALSE	TRUE
Lce1d	chr3	FALSE	TRUE
Olfr1480	chr19	FALSE	TRUE
Adam34	chr8	FALSE	TRUE
Col9a2	chr4	FALSE	FALSE
Rsad1	chr11	FALSE	FALSE
Polr3k	chr2	FALSE	FALSE
Pwwp3a	chr10	FALSE	FALSE
Moxd1	chr10	FALSE	FALSE
Sec14l4	chr11	FALSE	FALSE
Abca8b	chr11	FALSE	FALSE
Vmn2r10	chr5	FALSE	TRUE
Plp1	chrX	FALSE	FALSE
Rhebl1	chr15	FALSE	FALSE
Chd4	chr6	FALSE	FALSE
Btnl2	chr17	FALSE	TRUE
Zfp882	chr8	FALSE	FALSE
G430095P16Rik	chr8	FALSE	FALSE
Nupr1l	chr5	FALSE	TRUE
Cdca3	chr6	FALSE	FALSE
Spata2	chr2	FALSE	FALSE
Gm38119	chr3	FALSE	TRUE
Foxm1	chr6	FALSE	FALSE
Gm8212	chr14	FALSE	TRUE
Krcc1	chr6	FALSE	FALSE
3110082J24Rik	chr5	FALSE	FALSE
Psmb1	chr17	FALSE	FALSE
Stpg3	chr2	FALSE	TRUE
Rpl10	chrX	FALSE	FALSE
Tigar	chr6	FALSE	FALSE
Tmem214	chr5	FALSE	FALSE
H2-T23	chr17	FALSE	FALSE
Ssx2ip	chr3	FALSE	FALSE
Alg1	chr16	FALSE	FALSE
Olfr136	chr17	FALSE	TRUE
Snrnp25	chr11	FALSE	FALSE
Prdx6	chr1	FALSE	FALSE
Pacsin3	chr2	FALSE	FALSE
Zfp143	chr7	FALSE	FALSE
Prl8a6	chr13	FALSE	TRUE
Slc50a1	chr3	FALSE	FALSE
Coch	chr12	FALSE	FALSE
Plscr3	chr11	FALSE	FALSE
Prrt2	chr7	FALSE	FALSE
Icmt	chr4	FALSE	FALSE
Mief2	chr11	FALSE	FALSE
Krtap2-4	chr11	FALSE	TRUE
Hes6	chr1	FALSE	FALSE
Gm3448	chr17	FALSE	FALSE
Ssu72	chr4	FALSE	FALSE
Edrf1	chr7	FALSE	FALSE
Gm3685	chr14	FALSE	TRUE
Fbxw17	chr13	FALSE	FALSE
Gm13030	chr4	FALSE	TRUE
Csrnp2	chr15	FALSE	FALSE
Gapdh	chr6	FALSE	FALSE
AL805980.1	chrX	FALSE	FALSE
Cdk9	chr2	FALSE	FALSE
Olfr494	chr7	FALSE	TRUE
Snrnp35	chr5	FALSE	TRUE
Tdrd6	chr17	FALSE	FALSE
Asprv1	chr6	FALSE	TRUE
Tmem208	chr8	FALSE	FALSE
Rnaseh2b	chr14	FALSE	FALSE
Mllt3	chr4	FALSE	FALSE
Atp5mpl	chr12	FALSE	FALSE
Pole3	chr4	FALSE	FALSE
Olfr1366	chr13	FALSE	TRUE
Syt13	chr2	FALSE	FALSE
Rab5if	chr2	FALSE	FALSE
Gpr50	chrX	FALSE	FALSE
Mmp14	chr14	FALSE	FALSE
Zcchc2	chr1	FALSE	FALSE
Smpd5	chr15	FALSE	FALSE
Spaca5	chrX	FALSE	TRUE
Olfr1020	chr2	FALSE	TRUE
Ccndbp1	chr2	FALSE	FALSE
Lpar5	chr6	FALSE	FALSE
Olfr1102	chr2	FALSE	TRUE
Kif3a	chr11	FALSE	FALSE
Olfr522	chr7	FALSE	TRUE
Gstm3	chr3	FALSE	TRUE
Gm5478	chr15	FALSE	TRUE
Sgtb	chr13	FALSE	FALSE
Acat3	chr17	FALSE	FALSE
Vmn1r171	chr7	FALSE	TRUE
Gal	chr19	FALSE	FALSE
Cbx8	chr11	FALSE	FALSE
Csk	chr9	FALSE	FALSE
Gm4779	chrX	FALSE	FALSE
Zfp78	chr7	FALSE	FALSE
Unc50	chr1	FALSE	FALSE
Pmis2	chr7	FALSE	TRUE
Hsd3b3	chr3	FALSE	TRUE
Traf6	chr2	FALSE	FALSE
Olfr1055	chr2	FALSE	TRUE
A930007A09Rik	chr16	FALSE	FALSE
Insl3	chr8	FALSE	FALSE
Cdc20	chr4	FALSE	FALSE
Lrrc3b	chr14	FALSE	FALSE
Defb34	chr8	FALSE	TRUE
Khdc1a	chr1	FALSE	TRUE
Rad52	chr6	FALSE	FALSE
Gm10436	chr12	FALSE	TRUE
Chst13	chr6	FALSE	FALSE
Tent5a	chr9	FALSE	FALSE
Penk	chr4	FALSE	FALSE
Olfr594	chr7	FALSE	TRUE
Spesp1	chr9	FALSE	TRUE
Sycp3	chr10	FALSE	TRUE
Gast	chr11	FALSE	TRUE
Cpd	chr11	FALSE	FALSE
Sgo2a	chr1	FALSE	FALSE
Sorcs1	chr19	FALSE	FALSE
Defa39	chr8	FALSE	TRUE
Prss1	chr6	FALSE	TRUE
Prl8a9	chr13	FALSE	TRUE
Olfr360	chr2	FALSE	TRUE
Aldoa	chr7	FALSE	FALSE
Spata46	chr1	FALSE	FALSE
Krt18	chr15	FALSE	FALSE
Gskip	chr12	FALSE	FALSE
C87414	chr5	FALSE	TRUE
Prl7b1	chr13	FALSE	TRUE
Cdh16	chr8	FALSE	FALSE
Vmn1r159	chr7	FALSE	TRUE
Rab33b	chr3	FALSE	FALSE
1700042G07Rik	chr4	FALSE	FALSE
Mat1a	chr14	FALSE	TRUE
Olfr923	chr9	FALSE	TRUE
Tysnd1	chr10	FALSE	FALSE
Dipk1c	chr18	FALSE	FALSE
Sprr2e	chr3	FALSE	TRUE
Ptp4a1	chr1	FALSE	FALSE
Chil1	chr1	FALSE	FALSE
Gm26897	chr5	FALSE	TRUE
Ccdc42	chr11	FALSE	TRUE
2310061I04Rik	chr17	FALSE	FALSE
Esp3	chr17	FALSE	TRUE
Vps18	chr2	FALSE	FALSE
Fam3a	chrX	FALSE	FALSE
Nol12	chr15	FALSE	FALSE
Dpf2	chr19	FALSE	FALSE
Olfr1442	chr19	FALSE	TRUE
Rnf113a2	chr12	FALSE	TRUE
4930548H24Rik	chr5	FALSE	TRUE
Olfr111	chr17	FALSE	TRUE
Nrn1l	chr8	FALSE	TRUE
Rps27a	chr11	FALSE	FALSE
Tagap	chr17	FALSE	TRUE
Cby2	chr14	FALSE	TRUE
Abcf2	chr5	FALSE	FALSE
Olfr330	chr11	FALSE	TRUE
D930048N14Rik	chr11	FALSE	TRUE
Ocel1	chr8	FALSE	FALSE
Zfp930	chr8	FALSE	FALSE
Nat8f2	chr6	FALSE	TRUE
Tmem256	chr11	FALSE	FALSE
Tex38	chr4	FALSE	TRUE
Guf1	chr5	FALSE	FALSE
Vmn1r8	chr6	FALSE	TRUE
Lyplal1	chr1	FALSE	FALSE
Gm5935	chrX	FALSE	TRUE
Tor1a	chr2	FALSE	FALSE
Cfc1	chr1	FALSE	FALSE
Cul7	chr17	FALSE	FALSE
Mafk	chr5	FALSE	FALSE
Mbd1	chr18	FALSE	FALSE
H2-M5	chr17	FALSE	FALSE
Prkag1	chr15	FALSE	FALSE
Rab27b	chr18	FALSE	FALSE
A930003A15Rik	chr16	FALSE	TRUE
H2-M10.4	chr17	FALSE	TRUE
Lalba	chr15	FALSE	TRUE
Cers1	chr8	FALSE	FALSE
Olfr1037	chr2	FALSE	TRUE
Mab21l1	chr3	FALSE	FALSE
Ssbp1	chr6	FALSE	FALSE
Tcap	chr11	FALSE	FALSE
Cc2d1a	chr8	FALSE	FALSE
Zfp352	chr4	FALSE	TRUE
Grb10	chr11	FALSE	FALSE
Pcbp1	chr6	FALSE	FALSE
Lrrc14	chr15	FALSE	FALSE
Tnfrsf25	chr4	FALSE	FALSE
Olfr119	chr17	FALSE	TRUE
Lbr	chr1	FALSE	FALSE
Olfr215	chr6	FALSE	TRUE
Gm10959	chr3	FALSE	TRUE
Map2k7	chr8	FALSE	FALSE
Rcbtb2	chr14	FALSE	FALSE
Hoxc9	chr15	FALSE	FALSE
Efnb1	chrX	FALSE	FALSE
Clcc1	chr3	FALSE	FALSE
Eef1g	chr19	FALSE	FALSE
Xxylt1	chr16	FALSE	FALSE
Cdk2ap1	chr5	FALSE	FALSE
Olfr101	chr17	FALSE	TRUE
Mup14	chr4	FALSE	TRUE
Olfr44	chr9	FALSE	TRUE
Olfr584	chr7	FALSE	TRUE
Uhrf1	chr17	FALSE	FALSE
H1f3	chr13	FALSE	FALSE
Olfr54	chr11	FALSE	TRUE
Olfr1150-ps1	chr2	FALSE	TRUE
Tspan10	chr11	FALSE	TRUE
Casp2	chr6	FALSE	FALSE
Ibtk	chr9	FALSE	FALSE
Mrpl51	chr6	FALSE	FALSE
Olfr807	chr10	FALSE	TRUE
Tex14	chr11	FALSE	FALSE
Serpine1	chr5	FALSE	FALSE
Eif3i	chr4	FALSE	FALSE
Gimap9	chr6	FALSE	TRUE
Tex19.1	chr11	FALSE	TRUE
1700029I15Rik	chr2	FALSE	FALSE
Tagln	chr9	FALSE	FALSE
Olfr771	chr10	FALSE	TRUE
Rbp7	chr4	FALSE	FALSE
Bglap2	chr3	FALSE	TRUE
Tmem273	chr14	FALSE	FALSE
Vmn1r205	chr13	FALSE	TRUE
Gimap7	chr6	FALSE	TRUE
Olfr1049	chr2	FALSE	TRUE
Krt16	chr11	FALSE	TRUE
Olfr155	chr4	FALSE	TRUE
Olfr470	chr7	FALSE	TRUE
Krtap19-1	chr16	FALSE	TRUE
1700123L14Rik	chr6	FALSE	FALSE
Tex24	chr8	FALSE	TRUE
Mkrn3	chr7	FALSE	FALSE
Zfp869	chr8	FALSE	FALSE
Mob3c	chr4	FALSE	FALSE
Bcl2l12	chr7	FALSE	FALSE
Pbk	chr14	FALSE	FALSE
Mlh3	chr12	FALSE	FALSE
Rce1	chr19	FALSE	FALSE
Tas2r120	chr6	FALSE	TRUE
Zfp955a	chr17	FALSE	TRUE
Tmppe	chr9	FALSE	FALSE
Nacc1	chr8	FALSE	FALSE
Olfr59	chr11	FALSE	TRUE
Fancl	chr11	FALSE	FALSE
Tomm40	chr7	FALSE	FALSE
Tm9sf1	chr14	FALSE	FALSE
Npm1	chr11	FALSE	FALSE
Prl3a1	chr13	FALSE	TRUE
Rpp25l	chr4	FALSE	FALSE
Rpgrip1	chr14	FALSE	FALSE
Gm5269	chr1	FALSE	TRUE
Tmem179	chr12	FALSE	FALSE
Pxmp2	chr5	FALSE	FALSE
Coq10a	chr10	FALSE	FALSE
Gale	chr4	FALSE	FALSE
Tmem91	chr7	FALSE	FALSE
Ckap4	chr10	FALSE	FALSE
Bglap3	chr3	FALSE	FALSE
Gm17067	chr7	FALSE	TRUE
Lipf	chr19	FALSE	TRUE
Zfp472	chr17	FALSE	TRUE
Ctu1	chr7	FALSE	FALSE
Polrmt	chr10	FALSE	FALSE
Gm20604	chr12	FALSE	FALSE
Spag8	chr4	FALSE	TRUE
Zdhhc16	chr19	FALSE	FALSE
Olfr1047	chr2	FALSE	TRUE
Gatm	chr2	FALSE	FALSE
Septin4	chr11	FALSE	FALSE
Olfr466	chr13	FALSE	TRUE
Ppp4r3b	chr11	FALSE	FALSE
Olfr722	chr14	FALSE	TRUE
Prss53	chr7	FALSE	FALSE
Mrpl38	chr11	FALSE	FALSE
Gm49405	chr19	FALSE	FALSE
Olfr678	chr7	FALSE	TRUE
Bnip3	chr7	FALSE	FALSE
Vmn1r233	chr17	FALSE	TRUE
Serpina3j	chr12	FALSE	TRUE
Foxs1	chr2	FALSE	FALSE
Tpbpb	chr13	FALSE	TRUE
Zfp623	chr15	FALSE	FALSE
Col17a1	chr19	FALSE	FALSE
Ddx49	chr8	FALSE	FALSE
Adra2a	chr19	FALSE	FALSE
Nr1h3	chr2	FALSE	FALSE
Gm28043	chr17	FALSE	FALSE
Krtap4-2	chr11	FALSE	TRUE
B230217C12Rik	chr11	FALSE	FALSE
Gm6583	chr5	FALSE	TRUE
Vmn1r201	chr13	FALSE	TRUE
Pbp2	chr6	FALSE	TRUE
St3gal5	chr6	FALSE	FALSE
Spin2c	chrX	FALSE	FALSE
AL607142.1	chr4	FALSE	FALSE
Otulinl	chr15	FALSE	FALSE
Vcp	chr4	FALSE	FALSE
Olfr181	chr16	FALSE	TRUE
Fam135a	chr1	FALSE	FALSE
Olfr1195	chr2	FALSE	TRUE
Akr1c13	chr13	FALSE	TRUE
Rps6ka3	chrX	FALSE	FALSE
2310050C09Rik	chr3	FALSE	TRUE
Trmt10c	chr16	FALSE	FALSE
Npcd	chr15	FALSE	FALSE
Hoxd1	chr2	FALSE	FALSE
S100a14	chr3	FALSE	TRUE
Ifit1bl1	chr19	FALSE	FALSE
Ms4a6b	chr19	FALSE	TRUE
Olfr196	chr16	FALSE	TRUE
Synj2	chr17	FALSE	FALSE
Capn9	chr8	FALSE	FALSE
Prdx2	chr8	FALSE	FALSE
1700003E16Rik	chr6	FALSE	FALSE
Mdfic	chr6	FALSE	FALSE
Rpl7a	chr2	FALSE	FALSE
Foxh1	chr15	FALSE	TRUE
Pced1a	chr2	FALSE	FALSE
Alb	chr5	FALSE	TRUE
Fgf6	chr6	FALSE	FALSE
Fzr1	chr10	FALSE	FALSE
Otos	chr1	FALSE	FALSE
Olfr290	chr7	FALSE	TRUE
4921511C20Rik	chrX	FALSE	TRUE
Ppy	chr11	FALSE	FALSE
Dhx9	chr1	FALSE	FALSE
Gtf3a	chr5	FALSE	FALSE
Rnase12	chr14	FALSE	TRUE
Arl10	chr13	FALSE	FALSE
Htr5b	chr1	FALSE	FALSE
Ap5s1	chr2	FALSE	FALSE
Slc25a29	chr12	FALSE	FALSE
Tspan9	chr6	FALSE	FALSE
Vmn1r56	chr7	FALSE	TRUE
Zfp991	chr4	FALSE	FALSE
Defb22	chr2	FALSE	TRUE
Gm6370	chr5	FALSE	TRUE
Dguok	chr6	FALSE	FALSE
Mup21	chr4	FALSE	TRUE
Ccdc27	chr4	FALSE	FALSE
P4ha1	chr10	FALSE	FALSE
Irx2	chr13	FALSE	FALSE
Zic5	chr14	FALSE	FALSE
Fabp2	chr3	FALSE	TRUE
Tas2r114	chr6	FALSE	TRUE
Scn1b	chr7	FALSE	FALSE
Ccdc112	chr18	FALSE	FALSE
Gm26657	chr4	FALSE	TRUE
Klhl21	chr4	FALSE	FALSE
Scand1	chr2	FALSE	TRUE
Txndc12	chr4	FALSE	FALSE
Lcn3	chr2	FALSE	TRUE
Eif1b	chr9	FALSE	FALSE
Olfr943	chr9	FALSE	TRUE
Taar7a	chr10	FALSE	FALSE
5730507C01Rik	chr12	FALSE	TRUE
En1	chr1	FALSE	FALSE
Hnmt	chr2	FALSE	FALSE
4930412O13Rik	chr2	FALSE	FALSE
Fut11	chr14	FALSE	FALSE
Trdmt1	chr2	FALSE	FALSE
Purb	chr11	FALSE	FALSE
Cdk5	chr5	FALSE	FALSE
Cox20	chr1	FALSE	FALSE
Tescl	chr7	FALSE	FALSE
Catip	chr1	FALSE	FALSE
Dxo	chr17	FALSE	FALSE
Slc17a3	chr13	FALSE	TRUE
Pcgf2	chr11	FALSE	FALSE
Ipp	chr4	FALSE	FALSE
Speer4e	chr5	FALSE	TRUE
Uqcrb	chr13	FALSE	FALSE
Samt4	chrX	FALSE	TRUE
Olfr159	chr4	FALSE	TRUE
Dpep1	chr8	FALSE	TRUE
Ifitm2	chr7	FALSE	FALSE
Pfas	chr11	FALSE	FALSE
Atxn1l	chr8	FALSE	FALSE
Mrps17	chr5	FALSE	FALSE
G6pc3	chr11	FALSE	FALSE
Rnpep	chr1	FALSE	FALSE
Cd69	chr6	FALSE	TRUE
Rps3a1	chr3	FALSE	FALSE
Rprm	chr2	FALSE	FALSE
Kctd7	chr5	FALSE	FALSE
Krt12	chr11	FALSE	TRUE
Sval3	chr6	FALSE	TRUE
Gnpda2	chr5	FALSE	FALSE
Cdca8	chr4	FALSE	FALSE
Spink2	chr5	FALSE	TRUE
Lkaaear1	chr2	FALSE	TRUE
4931422A03Rik	chr2	FALSE	FALSE
Crls1	chr2	FALSE	FALSE
Cracr2b	chr7	FALSE	FALSE
Zfp276	chr8	FALSE	FALSE
Pfpl	chr19	FALSE	TRUE
Mxd1	chr6	FALSE	FALSE
Vmn2r6	chr3	FALSE	TRUE
Pigp	chr16	FALSE	FALSE
Tert	chr13	FALSE	FALSE
Vmn1r183	chr7	FALSE	TRUE
Ifne	chr4	FALSE	TRUE
Prl2c3	chr13	FALSE	TRUE
Gm9117	chr3	FALSE	TRUE
Olfr888	chr9	FALSE	TRUE
Gm6217	chr1	FALSE	TRUE
Nrn1	chr13	FALSE	FALSE
Fez1	chr9	FALSE	FALSE
Tyrobp	chr7	FALSE	TRUE
Taco1	chr11	FALSE	FALSE
Rpn1	chr6	FALSE	FALSE
Dmrt2	chr19	FALSE	FALSE
Gcc1	chr6	FALSE	FALSE
Klrh1	chr6	FALSE	TRUE
Fabp9	chr3	FALSE	TRUE
Creb3l1	chr2	FALSE	FALSE
Unc93b1	chr19	FALSE	FALSE
Zfp985	chr4	FALSE	TRUE
Olfr654	chr7	FALSE	TRUE
Gcat	chr15	FALSE	FALSE
Hdhd3	chr4	FALSE	FALSE
Olfr467	chr7	FALSE	TRUE
Ska2	chr11	FALSE	FALSE
Gm21973	chr15	FALSE	TRUE
Psmb6	chr11	FALSE	FALSE
Vmn1r45	chr6	FALSE	TRUE
Gstm5	chr3	FALSE	FALSE
Spata31d1d	chr13	FALSE	FALSE
D11Wsu47e	chr11	FALSE	TRUE
Gpx1	chr9	FALSE	FALSE
Myl1	chr1	FALSE	TRUE
Tafa2	chr10	FALSE	FALSE
Serpina1f	chr12	FALSE	TRUE
Gm20767	chr13	FALSE	TRUE
Scgb1b2	chr7	FALSE	TRUE
Ugt2b35	chr5	FALSE	TRUE
Olfr193	chr16	FALSE	TRUE
Taar5	chr10	FALSE	FALSE
Tmigd3	chr3	FALSE	TRUE
Olfr996	chr2	FALSE	TRUE
Pitpnm1	chr19	FALSE	FALSE
Zfpl1	chr19	FALSE	FALSE
Gm15557	chr2	FALSE	TRUE
Cptp	chr4	FALSE	FALSE
Olfr171	chr16	FALSE	TRUE
Btg1b	chrX	FALSE	TRUE
Qtrt1	chr9	FALSE	FALSE
Asb5	chr8	FALSE	FALSE
Olfr492	chr7	FALSE	TRUE
Sit1	chr4	FALSE	FALSE
Spp2	chr1	FALSE	FALSE
Vmn1r208	chr13	FALSE	TRUE
Gm10033	chr8	FALSE	FALSE
Usp11	chrX	FALSE	FALSE
Il22ra2	chr10	FALSE	TRUE
Nme1	chr11	FALSE	FALSE
Bmp2	chr2	FALSE	FALSE
Arhgdib	chr6	FALSE	TRUE
Rab7b	chr1	FALSE	TRUE
Olfr1312	chr2	FALSE	TRUE
Pet100	chr8	FALSE	FALSE
Olfr1061	chr2	FALSE	TRUE
G6pd2	chr5	FALSE	TRUE
Lrp3	chr7	FALSE	FALSE
Vps26a	chr10	FALSE	FALSE
Ttyh2	chr11	FALSE	FALSE
Idh1	chr1	FALSE	FALSE
Gm45826	chr8	FALSE	TRUE
Vmn2r36	chr7	FALSE	TRUE
Chsy3	chr18	FALSE	FALSE
Pyroxd1	chr6	FALSE	FALSE
Ubc	chr5	FALSE	FALSE
Gm28053	chr6	FALSE	FALSE
Avpr2	chrX	FALSE	FALSE
Snx10	chr6	FALSE	FALSE
Ddx50	chr10	FALSE	FALSE
Apobec4	chr1	FALSE	FALSE
Slain1	chr14	FALSE	FALSE
Orm1	chr4	FALSE	FALSE
Eif1ax	chrX	FALSE	FALSE
Fbxw22	chr9	FALSE	TRUE
Olfr1013	chr2	FALSE	TRUE
Cyth2	chr7	FALSE	FALSE
Ctxn3	chr18	FALSE	FALSE
Aadacl2	chr3	FALSE	TRUE
Pcyt2	chr11	FALSE	FALSE
Krt83	chr15	FALSE	TRUE
Gm14408	chr2	FALSE	TRUE
Olfr429	chr1	FALSE	TRUE
Olfr1085	chr2	FALSE	TRUE
Uspl1	chr5	FALSE	FALSE
Aadacl2fm1	chr3	FALSE	TRUE
Rimkla	chr4	FALSE	FALSE
Fam136a	chr6	FALSE	FALSE
Gm3099	chr14	FALSE	TRUE
Cyth1	chr11	FALSE	FALSE
Rae1	chr2	FALSE	FALSE
Rpl37	chr15	FALSE	FALSE
Olfr418	chr1	FALSE	TRUE
Gm13084	chr4	FALSE	TRUE
Srp72	chr5	FALSE	FALSE
Gm7358	chr17	FALSE	TRUE
Mpv17l	chr16	FALSE	FALSE
Prim1	chr10	FALSE	TRUE
Krtap14	chr16	FALSE	TRUE
Fjx1	chr2	FALSE	FALSE
Gm3460	chr14	FALSE	TRUE
Olfr1229	chr2	FALSE	TRUE
Kcna5	chr6	FALSE	FALSE
Actbl2	chr13	FALSE	TRUE
Cdca5	chr19	FALSE	FALSE
Elof1	chr9	FALSE	FALSE
B830017H08Rik	chr16	FALSE	FALSE
Sfrp4	chr13	FALSE	FALSE
Dpep3	chr8	FALSE	TRUE
Llgl1	chr11	FALSE	FALSE
Adgrl3	chr5	FALSE	FALSE
Hbb-y	chr7	FALSE	TRUE
Gtse1	chr15	FALSE	FALSE
Eny2	chr15	FALSE	FALSE
Ccdc9	chr7	FALSE	FALSE
1810055G02Rik	chr19	FALSE	FALSE
Slc25a43	chrX	FALSE	FALSE
Gm14403	chr2	FALSE	FALSE
Chtf18	chr17	FALSE	FALSE
Scrt1	chr15	FALSE	FALSE
Arx	chrX	FALSE	FALSE
Caly	chr7	FALSE	FALSE
Ocstamp	chr2	FALSE	FALSE
Stc1	chr14	FALSE	FALSE
Hmgn1	chr16	FALSE	FALSE
Olfr547	chr7	FALSE	TRUE
Mettl11b	chr1	FALSE	TRUE
Cts7	chr13	FALSE	TRUE
Fam129c	chr8	FALSE	FALSE
Sfxn3	chr19	FALSE	FALSE
A430033K04Rik	chr5	FALSE	FALSE
Zscan4c	chr7	FALSE	TRUE
Zfp456	chr13	FALSE	TRUE
Hoxc8	chr15	FALSE	FALSE
Dnaaf4	chr9	FALSE	FALSE
Tmco1	chr1	FALSE	FALSE
Olfr1382	chr11	FALSE	TRUE
Ppm1m	chr9	FALSE	FALSE
Tspan4	chr7	FALSE	FALSE
C3ar1	chr6	FALSE	TRUE
Suv39h1	chrX	FALSE	FALSE
Vmn2r-ps159	chr4	FALSE	TRUE
Vmn1r30	chr6	FALSE	TRUE
Celsr1	chr15	FALSE	FALSE
Hoxd9	chr2	FALSE	FALSE
Dhrs11	chr11	FALSE	FALSE
C1s1	chr6	FALSE	TRUE
Olfr1179	chr2	FALSE	TRUE
Hmgb3	chrX	FALSE	FALSE
Emilin1	chr5	FALSE	FALSE
Gpc6	chr14	FALSE	FALSE
Rhox2h	chrX	FALSE	TRUE
Cbx4	chr11	FALSE	FALSE
Entpd8	chr2	FALSE	FALSE
Pdlim3	chr8	FALSE	FALSE
2510002D24Rik	chr16	FALSE	FALSE
Parl	chr16	FALSE	FALSE
Chpf	chr1	FALSE	FALSE
Trpm8	chr1	FALSE	FALSE
Glis2	chr16	FALSE	FALSE
Snx11	chr11	FALSE	FALSE
Gm8113	chr14	FALSE	TRUE
Uap1	chr1	FALSE	FALSE
Cldn34d	chrX	FALSE	TRUE
Setd7	chr3	FALSE	FALSE
Slc17a1	chr13	FALSE	TRUE
Map1a	chr2	FALSE	FALSE
Fam173a	chr17	FALSE	FALSE
Myo1g	chr11	FALSE	FALSE
Serf2	chr2	FALSE	FALSE
Rfwd3	chr8	FALSE	FALSE
A830005F24Rik	chr13	FALSE	FALSE
Idi2	chr13	FALSE	TRUE
Pparg	chr6	FALSE	FALSE
Nxph3	chr11	FALSE	FALSE
Rchy1	chr5	FALSE	FALSE
Nphs2	chr1	FALSE	FALSE
1500011B03Rik	chr5	FALSE	FALSE
Alg14	chr3	FALSE	FALSE
Pcp2	chr8	FALSE	TRUE
Zic2	chr14	FALSE	FALSE
Polg2	chr11	FALSE	TRUE
Tex43	chr18	FALSE	TRUE
Gm10722	chr9	FALSE	TRUE
Zbtb12	chr17	FALSE	FALSE
Pigh	chr12	FALSE	FALSE
Vps16	chr2	FALSE	FALSE
Rab36	chr10	FALSE	FALSE
Gata1	chrX	FALSE	TRUE
Ctsf	chr19	FALSE	FALSE
Fn3krp	chr11	FALSE	FALSE
Lsm5	chr6	FALSE	FALSE
Rhox2e	chrX	FALSE	TRUE
Gm37797	chr18	FALSE	TRUE
Gkn2	chr6	FALSE	TRUE
Zfp804b	chr5	FALSE	FALSE
Aasdhppt	chr9	FALSE	FALSE
Ppih	chr4	FALSE	FALSE
Olfr887	chr9	FALSE	TRUE
Vmn1r212	chr13	FALSE	TRUE
Tcl1b3	chr12	FALSE	TRUE
Ly6g5b	chr17	FALSE	FALSE
Coprs	chr8	FALSE	FALSE
Clec4b1	chr6	FALSE	TRUE
Otp	chr13	FALSE	FALSE
Nprl2	chr9	FALSE	FALSE
Tgfbr3l	chr8	FALSE	FALSE
Rbm17	chr2	FALSE	FALSE
Fndc4	chr5	FALSE	FALSE
Med23	chr10	FALSE	FALSE
Lap3	chr5	FALSE	FALSE
Gm5662	chr12	FALSE	TRUE
Zkscan4	chr13	FALSE	FALSE
Olfr361	chr2	FALSE	TRUE
Impact	chr18	FALSE	FALSE
Sf3a1	chr11	FALSE	FALSE
Vmn1r169	chr7	FALSE	TRUE
Gpr12	chr5	FALSE	FALSE
Arhgap40	chr2	FALSE	FALSE
Mbl2	chr19	FALSE	TRUE
Mafg	chr11	FALSE	FALSE
Gm7361	chr5	FALSE	TRUE
H2-Ob	chr17	FALSE	TRUE
Ears2	chr7	FALSE	FALSE
Vmn1r160	chr7	FALSE	TRUE
Ankrd45	chr1	FALSE	FALSE
Zfp85	chr13	FALSE	FALSE
Mro	chr18	FALSE	FALSE
Gpha2	chr19	FALSE	TRUE
Vmn1r34	chr6	FALSE	TRUE
Tal1	chr4	FALSE	FALSE
Gm8947	chr1	FALSE	TRUE
Akap7	chr10	FALSE	FALSE
Igfbp1	chr11	FALSE	TRUE
Tmsb10	chr6	FALSE	FALSE
Cisd1	chr10	FALSE	FALSE
Vmn1r120	chr7	FALSE	TRUE
8030474K03Rik	chrX	FALSE	FALSE
Gm10719	chr9	FALSE	TRUE
Cct4	chr11	FALSE	FALSE
4930432M17Rik	chr3	FALSE	TRUE
Olfr693	chr7	FALSE	TRUE
Ube2t	chr1	FALSE	FALSE
Gm8906	chr5	FALSE	TRUE
Areg	chr5	FALSE	FALSE
Cln3	chr7	FALSE	FALSE
Steap4	chr5	FALSE	FALSE
Olfr844	chr9	FALSE	TRUE
Mep1b	chr18	FALSE	FALSE
A530084C06Rik	chr13	FALSE	FALSE
Cysrt1	chr2	FALSE	FALSE
Fbxw14	chr9	FALSE	TRUE
Dhrs7	chr12	FALSE	FALSE
Glo1	chr17	FALSE	FALSE
Obp1b	chrX	FALSE	TRUE
S1pr5	chr9	FALSE	FALSE
Tpbgl	chr7	FALSE	FALSE
Sdf2	chr11	FALSE	FALSE
Tex46	chr4	FALSE	TRUE
Alg11	chr8	FALSE	FALSE
Lypd10	chr7	FALSE	TRUE
Gm39653	chr1	FALSE	FALSE
Ncoa4	chr14	FALSE	FALSE
Gm12689	chr4	FALSE	FALSE
Sprn	chr7	FALSE	FALSE
Gm5168	chrX	FALSE	TRUE
Oplah	chr15	FALSE	FALSE
Slc20a1	chr2	FALSE	FALSE
Pex3	chr10	FALSE	FALSE
Irf2bpl	chr12	FALSE	FALSE
BC025920	chr10	FALSE	FALSE
Defb45	chr2	FALSE	TRUE
Klf16	chr10	FALSE	FALSE
Etfrf1	chr6	FALSE	FALSE
Cdk2	chr10	FALSE	TRUE
Gpr65	chr12	FALSE	TRUE
Gm21119	chr8	FALSE	FALSE
Ran	chr5	FALSE	FALSE
Clec4a1	chr6	FALSE	TRUE
Lhx1	chr11	FALSE	FALSE
Scgb2b2	chr7	FALSE	TRUE
Rwdd2b	chr16	FALSE	FALSE
Carnmt1	chr19	FALSE	FALSE
Olfr1258	chr2	FALSE	TRUE
Amigo3	chr9	FALSE	FALSE
Gm14698	chrX	FALSE	TRUE
Pdia2	chr17	FALSE	TRUE
Pinlyp	chr7	FALSE	TRUE
Mcemp1	chr8	FALSE	TRUE
Olfr1436	chr19	FALSE	TRUE
Olfr1299	chr2	FALSE	TRUE
Tuba3b	chr6	FALSE	TRUE
Olfr222	chr11	FALSE	TRUE
Tent5b	chr4	FALSE	FALSE
Ptprn	chr1	FALSE	FALSE
Ppp1r17	chr6	FALSE	FALSE
Olfr849	chr9	FALSE	TRUE
Ptgr1	chr4	FALSE	FALSE
Psg26	chr7	FALSE	TRUE
Selenom	chr11	FALSE	FALSE
Gm21954	chr3	FALSE	FALSE
Olfr893	chr9	FALSE	TRUE
Msx2	chr13	FALSE	FALSE
Vmn1r43	chr6	FALSE	TRUE
Plxna3	chrX	FALSE	FALSE
Olfr1019	chr2	FALSE	TRUE
Cltb	chr13	FALSE	FALSE
Hgfac	chr5	FALSE	TRUE
Pck1	chr2	FALSE	TRUE
Ston1	chr17	FALSE	FALSE
Klk1b5	chr7	FALSE	TRUE
Commd2	chr3	FALSE	FALSE
Srsf2	chr11	FALSE	FALSE
Fam170b	chr14	FALSE	FALSE
Dhrs7c	chr11	FALSE	FALSE
Rnf19b	chr4	FALSE	FALSE
Cacna1f	chrX	FALSE	FALSE
Gm8374	chr14	FALSE	TRUE
Klra5	chr6	FALSE	TRUE
Gpsm3	chr17	FALSE	FALSE
Gm7697	chr8	FALSE	TRUE
Slu7	chr11	FALSE	FALSE
Vmn2r27	chr6	FALSE	TRUE
Nfe2	chr15	FALSE	FALSE
Tinf2	chr14	FALSE	FALSE
Wiz	chr17	FALSE	FALSE
Sphk1	chr11	FALSE	FALSE
Gpc4	chrX	FALSE	FALSE
Fermt3	chr19	FALSE	TRUE
Akap4	chrX	FALSE	TRUE
Il1b	chr2	FALSE	TRUE
Olfr1487	chr19	FALSE	TRUE
Mios	chr6	FALSE	FALSE
Tubgcp5	chr7	FALSE	FALSE
Gabra4	chr5	FALSE	FALSE
Prmt1	chr7	FALSE	FALSE
Olfr1022	chr2	FALSE	TRUE
Vkorc1	chr7	FALSE	FALSE
Carns1	chr19	FALSE	FALSE
Wfdc17	chr11	FALSE	TRUE
Rrm2	chr12	FALSE	FALSE
Gm3072	chr14	FALSE	TRUE
Upk2	chr9	FALSE	FALSE
Ddias	chr7	FALSE	FALSE
Olfr50	chr2	FALSE	TRUE
Popdc2	chr16	FALSE	FALSE
Plet1	chr9	FALSE	TRUE
Cbx3	chr6	FALSE	FALSE
Mogs	chr6	FALSE	FALSE
Gps1	chr11	FALSE	FALSE
Olfr516	chr7	FALSE	TRUE
Heatr3	chr8	FALSE	FALSE
Mesp2	chr7	FALSE	FALSE
Olfr385	chr11	FALSE	TRUE
Prkab1	chr5	FALSE	FALSE
Snrnp27	chr6	FALSE	FALSE
Sox17	chr1	FALSE	FALSE
Gm5148	chr3	FALSE	FALSE
Olfr1234	chr2	FALSE	TRUE
Hpcal4	chr4	FALSE	FALSE
Higd1b	chr11	FALSE	TRUE
Znhit1	chr5	FALSE	TRUE
Dll3	chr7	FALSE	FALSE
Pex6	chr17	FALSE	FALSE
Cypt4	chr9	FALSE	TRUE
Hs3st3a1	chr11	FALSE	FALSE
Kank3	chr17	FALSE	FALSE
Limd2	chr11	FALSE	FALSE
Fbxo44	chr4	FALSE	FALSE
Kirrel2	chr7	FALSE	FALSE
BC031181	chr18	FALSE	FALSE
Olfr1201	chr2	FALSE	TRUE
Edc4	chr8	FALSE	FALSE
Ces2a	chr8	FALSE	TRUE
Bcdin3d	chr15	FALSE	FALSE
Tarm1	chr7	FALSE	TRUE
Olfr1177-ps	chr2	FALSE	TRUE
Fgb	chr3	FALSE	TRUE
Olfr770	chr10	FALSE	TRUE
Ttyh1	chr7	FALSE	FALSE
Tmem199	chr11	FALSE	FALSE
Dyrk2	chr10	FALSE	FALSE
Ccnf	chr17	FALSE	FALSE
Smarcd1	chr15	FALSE	FALSE
Rhov	chr2	FALSE	FALSE
Jph2	chr2	FALSE	FALSE
Dnajc5g	chr5	FALSE	TRUE
Nectin4	chr1	FALSE	FALSE
Olfr417	chr1	FALSE	TRUE
B3gnt3	chr8	FALSE	FALSE
Rrs1	chr1	FALSE	FALSE
Gfra4	chr2	FALSE	FALSE
5730409E04Rik	chr4	FALSE	FALSE
Plac1	chrX	FALSE	FALSE
Rpl38	chr11	FALSE	FALSE
Srp9	chr1	FALSE	FALSE
Dnajb4	chr3	FALSE	FALSE
Eral1	chr11	FALSE	FALSE
Pabpc1	chr15	FALSE	FALSE
Amigo2	chr15	FALSE	FALSE
Poll	chr19	FALSE	TRUE
Gm3371	chr14	FALSE	TRUE
Gm26620	chr1	FALSE	TRUE
Mgst1	chr6	FALSE	FALSE
Olfr585	chr7	FALSE	TRUE
Olfr824	chr10	FALSE	TRUE
Gamt	chr10	FALSE	FALSE
Nanos2	chr7	FALSE	TRUE
Olfr1532-ps1	chr7	FALSE	TRUE
Olfr376	chr11	FALSE	TRUE
Olfr203	chr16	FALSE	TRUE
Rnf113a1	chrX	FALSE	FALSE
Mrps26	chr2	FALSE	FALSE
Calb1	chr4	FALSE	FALSE
Cxcl13	chr5	FALSE	TRUE
Tm2d2	chr8	FALSE	FALSE
Pxylp1	chr9	FALSE	FALSE
Slc30a6	chr17	FALSE	TRUE
Eif2s1	chr12	FALSE	FALSE
Gpr150	chr13	FALSE	FALSE
Dnajb3	chr1	FALSE	FALSE
Gm17078	chr14	FALSE	TRUE
Rnf24	chr2	FALSE	FALSE
Ccl11	chr11	FALSE	TRUE
Aldh9a1	chr1	FALSE	FALSE
Olfr1418	chr19	FALSE	FALSE
Parp6	chr9	FALSE	FALSE
Defb40	chr8	FALSE	TRUE
Olfr1087	chr2	FALSE	TRUE
Vmn1r65	chr7	FALSE	TRUE
Vmn1r195	chr13	FALSE	TRUE
Olfr126	chr17	FALSE	TRUE
Trim43b	chr9	FALSE	TRUE
Itm2a	chrX	FALSE	FALSE
Cst9	chr2	FALSE	TRUE
Gm28363	chr1	FALSE	TRUE
Rbx1	chr15	FALSE	FALSE
Spz1	chr13	FALSE	TRUE
Olfr1033	chr2	FALSE	TRUE
Zmynd10	chr9	FALSE	FALSE
Vpreb1	chr16	FALSE	TRUE
Tcea2	chr2	FALSE	FALSE
Lig4	chr8	FALSE	FALSE
Vmn2r116	chr17	FALSE	TRUE
Clec2d	chr6	FALSE	FALSE
Med4	chr14	FALSE	FALSE
Tdpoz9	chr3	FALSE	TRUE
Rbm15b	chr9	FALSE	FALSE
Vmn1r32	chr6	FALSE	TRUE
Serpinb3c	chr1	FALSE	TRUE
Plpp2	chr10	FALSE	FALSE
Rbis	chr3	FALSE	FALSE
Olfr667	chr7	FALSE	TRUE
Comp	chr8	FALSE	FALSE
1700066M21Rik	chr1	FALSE	FALSE
Sp8	chr12	FALSE	FALSE
Cyp2r1	chr7	FALSE	FALSE
Olfr239	chr17	FALSE	TRUE
4931406C07Rik	chr9	FALSE	TRUE
D630039A03Rik	chr4	FALSE	FALSE
Dnajc8	chr4	FALSE	FALSE
Tmem198	chr1	FALSE	FALSE
Olfr323	chr11	FALSE	TRUE
Vmn2r21	chr6	FALSE	TRUE
Psapl1	chr5	FALSE	FALSE
Tex48	chr4	FALSE	TRUE
F8a	chrX	FALSE	FALSE
Poglut3	chr9	FALSE	FALSE
Cyp26b1	chr6	FALSE	FALSE
Il25	chr14	FALSE	FALSE
Gm2974	chr14	FALSE	FALSE
Helt	chr8	FALSE	FALSE
Skil	chr3	FALSE	FALSE
Rwdd1	chr10	FALSE	FALSE
Gm3286	chr5	FALSE	TRUE
Olfr1336	chr7	FALSE	TRUE
Abca15	chr7	FALSE	TRUE
Klf6	chr13	FALSE	FALSE
Lcn2	chr2	FALSE	TRUE
Gpx3	chr11	FALSE	FALSE
Phlda1	chr10	FALSE	FALSE
Rpl22	chr4	FALSE	FALSE
Ppib	chr9	FALSE	FALSE
Opn3	chr1	FALSE	FALSE
Fam122c	chrX	FALSE	TRUE
Rhox4e	chrX	FALSE	TRUE
Olfr1404	chr1	FALSE	TRUE
Tsacc	chr3	FALSE	FALSE
Grin3b	chr10	FALSE	TRUE
Olfr524	chr7	FALSE	TRUE
Iqca	chr1	FALSE	FALSE
Olfr920	chr9	FALSE	TRUE
Homer1	chr13	FALSE	FALSE
Scgb1a1	chr19	FALSE	TRUE
Tekt2	chr4	FALSE	FALSE
Zc3h12a	chr4	FALSE	FALSE
4632433K11Rik	chr7	FALSE	TRUE
Atn1	chr6	FALSE	FALSE
Olfr294	chr7	FALSE	TRUE
Lst1	chr17	FALSE	TRUE
Eml1	chr12	FALSE	FALSE
Cd3eap	chr7	FALSE	FALSE
Mpp1	chrX	FALSE	FALSE
1700109H08Rik	chr5	FALSE	TRUE
Slc16a3	chr11	FALSE	FALSE
Mpzl3	chr9	FALSE	FALSE
Paxx	chr2	FALSE	FALSE
Abhd8	chr8	FALSE	FALSE
A530064D06Rik	chr17	FALSE	TRUE
Prss3	chr6	FALSE	TRUE
Ankrd65	chr4	FALSE	TRUE
Samd15	chr12	FALSE	FALSE
Dclre1a	chr19	FALSE	FALSE
Aqp8	chr7	FALSE	FALSE
Sbp	chr17	FALSE	TRUE
Prss16	chr13	FALSE	FALSE
Eme1	chr11	FALSE	TRUE
Olfr446	chr6	FALSE	TRUE
Zfp729a	chr13	FALSE	FALSE
Avpi1	chr19	FALSE	FALSE
Glyctk	chr9	FALSE	FALSE
Uroc1	chr6	FALSE	FALSE
Dlgap5	chr14	FALSE	TRUE
Fbxl12	chr9	FALSE	FALSE
Chchd1	chr14	FALSE	TRUE
Ogfr	chr2	FALSE	FALSE
Fndc7	chr3	FALSE	FALSE
Taar4	chr10	FALSE	TRUE
Mmrn2	chr14	FALSE	FALSE
Krtap13-1	chr16	FALSE	FALSE
Olfr401	chr11	FALSE	TRUE
Tmigd1	chr11	FALSE	FALSE
Rpl23a	chr11	FALSE	FALSE
Mup8	chr4	FALSE	TRUE
Ckm	chr7	FALSE	TRUE
S100a7l2	chr3	FALSE	TRUE
AC151602.1	chr7	FALSE	FALSE
Wdr61	chr9	FALSE	FALSE
Trim12a	chr7	FALSE	TRUE
Olfr17	chr7	FALSE	TRUE
Psmd10	chrX	FALSE	FALSE
Bud13	chr9	FALSE	FALSE
Dcxr	chr11	FALSE	FALSE
Gucy1b2	chr14	FALSE	FALSE
Slitrk1	chr14	FALSE	FALSE
Cox6a1	chr5	FALSE	FALSE
Kcnj8	chr6	FALSE	FALSE
Ctsm	chr13	FALSE	TRUE
Tbxa2r	chr10	FALSE	FALSE
Olfr1224-ps1	chr2	FALSE	TRUE
Rrp8	chr7	FALSE	FALSE
Olfr509	chr7	FALSE	TRUE
Spg20	chr3	FALSE	FALSE
Olfr670	chr7	FALSE	TRUE
Vmn1r29	chr6	FALSE	TRUE
Aurka	chr2	FALSE	FALSE
Cd52	chr4	FALSE	FALSE
Tomm22	chr15	FALSE	FALSE
Krtap5-5	chr7	FALSE	TRUE
Mrps18b	chr17	FALSE	FALSE
Ifi203	chr1	FALSE	FALSE
H2aj	chr6	FALSE	FALSE
Acadm	chr3	FALSE	FALSE
B9d2	chr7	FALSE	FALSE
Prpf4	chr4	FALSE	FALSE
Plxnb2	chr15	FALSE	FALSE
Haghl	chr17	FALSE	FALSE
Scarf1	chr11	FALSE	FALSE
Mcts1	chrX	FALSE	FALSE
Cfl2	chr12	FALSE	FALSE
Apof	chr10	FALSE	FALSE
Acad8	chr9	FALSE	FALSE
Exosc4	chr15	FALSE	FALSE
Ptms	chr6	FALSE	FALSE
Psmb9	chr17	FALSE	FALSE
Pfn1	chr11	FALSE	FALSE
Kbtbd6	chr14	FALSE	FALSE
Zfp983	chr17	FALSE	FALSE
Foxi3	chr6	FALSE	FALSE
Fbxo39	chr11	FALSE	FALSE
Rps21	chr2	FALSE	FALSE
Calr4	chr4	FALSE	FALSE
Klhl9	chr4	FALSE	FALSE
Olfr555	chr7	FALSE	TRUE
Ccdc185	chr1	FALSE	FALSE
Rfxap	chr3	FALSE	FALSE
Olfr1131	chr2	FALSE	TRUE
Gm2663	chr6	FALSE	TRUE
Gm11562	chr11	FALSE	TRUE
Olfr694	chr7	FALSE	TRUE
Smpd2	chr10	FALSE	FALSE
Ppcs	chr4	FALSE	FALSE
Scrn3	chr2	FALSE	FALSE
Rpl3l	chr17	FALSE	TRUE
Srsf1	chr11	FALSE	FALSE
Ints5	chr19	FALSE	FALSE
Fam83a	chr15	FALSE	FALSE
Vmn1r26	chr6	FALSE	TRUE
Zfp583	chr7	FALSE	FALSE
Fam131b	chr6	FALSE	FALSE
Nol7	chr13	FALSE	FALSE
Ftsj3	chr11	FALSE	FALSE
Tppp3	chr8	FALSE	FALSE
Hyal2	chr9	FALSE	FALSE
Eml3	chr19	FALSE	FALSE
Tmem134	chr19	FALSE	FALSE
Prcc	chr3	FALSE	FALSE
Tdpoz1	chr3	FALSE	TRUE
Olfr695	chr7	FALSE	TRUE
Klf11	chr12	FALSE	FALSE
Polr3gl	chr3	FALSE	FALSE
Cyp2c67	chr19	FALSE	TRUE
Pdrg1	chr2	FALSE	FALSE
Slc6a16	chr7	FALSE	FALSE
Trp53tg5	chr2	FALSE	TRUE
Snx33	chr9	FALSE	FALSE
Stap2	chr17	FALSE	FALSE
Serpini1	chr3	FALSE	FALSE
Slc35e2	chr4	FALSE	FALSE
Setmar	chr6	FALSE	FALSE
Tdpoz8	chr3	FALSE	TRUE
Hmx2	chr7	FALSE	FALSE
Rpl35	chr2	FALSE	FALSE
Olfr1491	chr19	FALSE	TRUE
Wfdc10	chr2	FALSE	FALSE
Gmnn	chr13	FALSE	TRUE
Cxxc4	chr3	FALSE	FALSE
Ccdc191	chr16	FALSE	FALSE
Tm4sf1	chr3	FALSE	FALSE
Nol11	chr11	FALSE	TRUE
Krt36	chr11	FALSE	TRUE
Cenpx	chr11	FALSE	TRUE
Katna1	chr10	FALSE	FALSE
Ugt1a6b	chr1	FALSE	FALSE
Dars	chr1	FALSE	FALSE
Fundc1	chrX	FALSE	FALSE
Ganab	chr19	FALSE	FALSE
Zfp820	chr17	FALSE	TRUE
Mrap	chr16	FALSE	TRUE
Gpr20	chr15	FALSE	FALSE
Rtp2	chr16	FALSE	TRUE
Ncapg2	chr12	FALSE	FALSE
Olfr832	chr9	FALSE	TRUE
Oxt	chr2	FALSE	FALSE
Cyba	chr8	FALSE	FALSE
Plpp3	chr4	FALSE	FALSE
Hif1a	chr12	FALSE	FALSE
Hjv	chr3	FALSE	FALSE
Syndig1l	chr12	FALSE	FALSE
Nme3	chr17	FALSE	FALSE
Cd320	chr17	FALSE	FALSE
Stambp	chr6	FALSE	FALSE
Gla	chrX	FALSE	FALSE
Olfr1322	chrX	FALSE	TRUE
9230102O04Rik	chr2	FALSE	FALSE
Zc3h11a	chr1	FALSE	FALSE
Olfr916	chr9	FALSE	TRUE
Cox8a	chr19	FALSE	FALSE
Myl2	chr5	FALSE	FALSE
Cant1	chr11	FALSE	FALSE
Zc3h11a	chr1	FALSE	FALSE
Gmnc	chr16	FALSE	FALSE
Vcam1	chr3	FALSE	FALSE
Rsl24d1	chr9	FALSE	FALSE
Olfr919	chr9	FALSE	TRUE
Klhl34	chrX	FALSE	FALSE
Rnf167	chr11	FALSE	TRUE
Olfr1111	chr2	FALSE	TRUE
Olfr727	chr14	FALSE	TRUE
Setdb1	chr3	FALSE	FALSE
Olfr1347	chr7	FALSE	TRUE
Taf12	chr4	FALSE	FALSE
Abraxas2	chr7	FALSE	FALSE
Lrig1	chr6	FALSE	FALSE
Vmn1r235	chr17	FALSE	TRUE
Maskbp3	chr18	FALSE	FALSE
Gm28269	chrX	FALSE	TRUE
Mrps30	chr13	FALSE	FALSE
Nudt19	chr7	FALSE	FALSE
Taf7	chr18	FALSE	FALSE
Sgk2	chr2	FALSE	TRUE
Stard3nl	chr13	FALSE	FALSE
Ogfrl1	chr1	FALSE	FALSE
Olfr572	chr7	FALSE	TRUE
Defb10	chr8	FALSE	TRUE
Gm45337	chr7	FALSE	TRUE
Brd2	chr17	FALSE	FALSE
Frg2f1	chr4	FALSE	TRUE
Timm17b	chrX	FALSE	TRUE
Krt31	chr11	FALSE	TRUE
5730455P16Rik	chr11	FALSE	FALSE
Fen1	chr19	FALSE	FALSE
Cox6b2	chr7	FALSE	FALSE
Derl3	chr10	FALSE	FALSE
Esco2	chr14	FALSE	FALSE
Zfp119b	chr17	FALSE	FALSE
Ssxb2	chrX	FALSE	TRUE
Sash1	chr10	FALSE	FALSE
Zfp867	chr11	FALSE	FALSE
Ldhb	chr6	FALSE	FALSE
Tspan6	chrX	FALSE	FALSE
Klf14	chr6	FALSE	FALSE
Dkkl1	chr7	FALSE	FALSE
Olfr1317	chr2	FALSE	TRUE
Cfap20	chr8	FALSE	FALSE
Card6	chr15	FALSE	TRUE
Gm50457	chr18	FALSE	TRUE
H2ac8	chr13	FALSE	FALSE
C1qc	chr4	FALSE	FALSE
Actr1b	chr1	FALSE	FALSE
Krtcap2	chr3	FALSE	FALSE
Gm38394	chr1	FALSE	FALSE
Klrg1	chr6	FALSE	TRUE
Flnc	chr6	FALSE	FALSE
Urah	chr7	FALSE	TRUE
Pfn3	chr13	FALSE	FALSE
Tmem213	chr6	FALSE	FALSE
Emc6	chr11	FALSE	FALSE
Olfr1263	chr2	FALSE	TRUE
Pou3f1	chr4	FALSE	FALSE
Myog	chr1	FALSE	FALSE
Foxl1	chr8	FALSE	FALSE
Pfn4	chr12	FALSE	FALSE
Exo5	chr4	FALSE	FALSE
Olfr735	chr14	FALSE	TRUE
E2f5	chr3	FALSE	FALSE
Hoxb1	chr11	FALSE	FALSE
Ndufaf4	chr4	FALSE	FALSE
Tmem248	chr5	FALSE	FALSE
Olfr659	chr7	FALSE	TRUE
Mis18a	chr16	FALSE	FALSE
Slc10a5	chr3	FALSE	TRUE
Park7	chr4	FALSE	FALSE
Hbb-bh1	chr7	FALSE	TRUE
Cdt1	chr8	FALSE	FALSE
Sod1	chr16	FALSE	FALSE
Ccs	chr19	FALSE	FALSE
Brix1	chr15	FALSE	FALSE
Ly6g5c	chr17	FALSE	FALSE
Pcdhb18	chr18	FALSE	TRUE
Ngrn	chr7	FALSE	FALSE
Hspa2	chr12	FALSE	FALSE
Csn1s1	chr5	FALSE	TRUE
Fam71e1	chr7	FALSE	TRUE
Olfr1174	chr2	FALSE	TRUE
Gm3435	chr17	FALSE	FALSE
Iapp	chr6	FALSE	TRUE
4933411K16Rik	chr19	FALSE	TRUE
Olfr180	chr16	FALSE	TRUE
Tnn	chr1	FALSE	FALSE
Ctsw	chr19	FALSE	TRUE
Snai2	chr16	FALSE	FALSE
Ost4	chr5	FALSE	FALSE
Fndc5	chr4	FALSE	FALSE
2010106E10Rik	chrX	FALSE	TRUE
Zbtb1	chr12	FALSE	FALSE
Acbd7	chr2	FALSE	FALSE
Tmem39b	chr4	FALSE	FALSE
Clec4d	chr6	FALSE	TRUE
Cyyr1	chr16	FALSE	FALSE
Ctrl	chr8	FALSE	TRUE
Ceacam9	chr7	FALSE	TRUE
Olfr651	chr7	FALSE	TRUE
Ifna7	chr4	FALSE	TRUE
Pcdhb16	chr18	FALSE	TRUE
Defa30	chr8	FALSE	TRUE
Lect2	chr13	FALSE	FALSE
Ins1	chr19	FALSE	TRUE
Rem2	chr14	FALSE	FALSE
Tmsb15b2	chrX	FALSE	FALSE
Xrcc5	chr1	FALSE	FALSE
Lzts1	chr8	FALSE	FALSE
Ado	chr10	FALSE	FALSE
Cebpb	chr2	FALSE	FALSE
Vmn1r192	chr13	FALSE	TRUE
Taf7l	chrX	FALSE	TRUE
Apol9a	chr15	FALSE	FALSE
Ugt2b1	chr5	FALSE	TRUE
Ciao3	chr17	FALSE	FALSE
Scgb2b27	chr7	FALSE	TRUE
Cer1	chr4	FALSE	FALSE
1700028K03Rik	chr5	FALSE	TRUE
Alyref2	chr1	FALSE	FALSE
Btd	chr14	FALSE	FALSE
Txnl1	chr18	FALSE	FALSE
Olfr1233	chr2	FALSE	TRUE
Tubb2b	chr13	FALSE	FALSE
Nup37	chr10	FALSE	FALSE
Gm21903	chr17	FALSE	TRUE
Eif4a2	chr16	FALSE	FALSE
Lrrc75b	chr10	FALSE	FALSE
Aldh7a1	chr18	FALSE	FALSE
Gm45871	chr18	FALSE	FALSE
Olfr313	chr11	FALSE	TRUE
Crip3	chr17	FALSE	TRUE
Hsd3b1	chr3	FALSE	TRUE
Krt33b	chr11	FALSE	TRUE
Olfr94	chr17	FALSE	FALSE
Spata25	chr2	FALSE	FALSE
Klrc2	chr6	FALSE	TRUE
Gbp10	chr5	FALSE	FALSE
Clec3b	chr9	FALSE	TRUE
Myoz2	chr3	FALSE	TRUE
Mss51	chr14	FALSE	TRUE
Ndufa9	chr6	FALSE	FALSE
Poglut2	chr1	FALSE	FALSE
Smim10l2a	chrX	FALSE	FALSE
Fbrs	chr7	FALSE	FALSE
Bcl2	chr1	FALSE	FALSE
Fads1	chr19	FALSE	FALSE
Fgfbp1	chr5	FALSE	TRUE
Atg16l2	chr7	FALSE	FALSE
Il1f9	chr2	FALSE	TRUE
Mtln	chr2	FALSE	FALSE
Slit1	chr19	FALSE	FALSE
Defb2	chr8	FALSE	TRUE
Mvd	chr8	FALSE	FALSE
Rpl14	chr9	FALSE	FALSE
Gm14444	chr2	FALSE	TRUE
Mall	chr2	FALSE	FALSE
Tes	chr6	FALSE	FALSE
Tpsab1	chr17	FALSE	TRUE
Gm10217	chr8	FALSE	TRUE
Olfr1122	chr2	FALSE	TRUE
Cops8	chr1	FALSE	FALSE
Ubtfl1	chr9	FALSE	TRUE
Parva	chr7	FALSE	FALSE
Foxl2	chr9	FALSE	FALSE
Ccnb1	chr13	FALSE	FALSE
Actl7b	chr4	FALSE	TRUE
Btbd6	chr12	FALSE	FALSE
Gm11564	chr11	FALSE	TRUE
Thbs4	chr13	FALSE	FALSE
Med19	chr2	FALSE	FALSE
Serpinb3d	chr1	FALSE	TRUE
Spty2d1	chr7	FALSE	FALSE
Gtf2h4	chr17	FALSE	FALSE
Syngr2	chr11	FALSE	FALSE
Gm7694	chr1	FALSE	TRUE
Zfp345	chr2	FALSE	TRUE
Rtl10	chr16	FALSE	FALSE
Pramel1	chr4	FALSE	TRUE
Slc35b3	chr13	FALSE	FALSE
Cdk20	chr13	FALSE	FALSE
Zbed3	chr13	FALSE	FALSE
Zfp458	chr13	FALSE	FALSE
Olfr1261	chr2	FALSE	TRUE
Olfr1143	chr2	FALSE	TRUE
Meak7	chr8	FALSE	FALSE
Speg	chr1	FALSE	FALSE
Xrcc1	chr7	FALSE	FALSE
Olfr1252	chr2	FALSE	TRUE
Rhox7a	chrX	FALSE	TRUE
Gga1	chr15	FALSE	FALSE
Samm50	chr15	FALSE	FALSE
Pold2	chr11	FALSE	FALSE
Vmn1r91	chr7	FALSE	TRUE
Zscan21	chr5	FALSE	FALSE
Srek1	chr13	FALSE	FALSE
Olfr805	chr10	FALSE	TRUE
Gm8127	chr14	FALSE	TRUE
Pate5	chr9	FALSE	TRUE
Cldn20	chr17	FALSE	TRUE
1700092M07Rik	chr19	FALSE	FALSE
Defb48	chr14	FALSE	TRUE
Spry1	chr3	FALSE	FALSE
Gpr171	chr3	FALSE	FALSE
Krt6a	chr15	FALSE	FALSE
Zfp493	chr13	FALSE	TRUE
Rpl6	chr5	FALSE	FALSE
Glipr1	chr10	FALSE	TRUE
Defb23	chr2	FALSE	TRUE
4930503B20Rik	chr3	FALSE	TRUE
Pnpla2	chr7	FALSE	FALSE
Aspm	chr1	FALSE	FALSE
Gemin6	chr17	FALSE	TRUE
Doc2g	chr19	FALSE	TRUE
Ugt2b5	chr5	FALSE	TRUE
Fam174c	chr10	FALSE	FALSE
Dnajc9	chr14	FALSE	FALSE
Cdk10	chr8	FALSE	FALSE
Siglec1	chr2	FALSE	TRUE
Hmx3	chr7	FALSE	FALSE
Enpp3	chr10	FALSE	FALSE
Dtnbp1	chr13	FALSE	FALSE
Ddx52	chr11	FALSE	TRUE
Olfr1393	chr11	FALSE	TRUE
Zfp799	chr17	FALSE	FALSE
Gm3594	chr14	FALSE	TRUE
Vmn1r207	chr13	FALSE	TRUE
Polr1c	chr17	FALSE	FALSE
Dynlt1a	chr17	FALSE	FALSE
Trim41	chr11	FALSE	FALSE
Magt1	chrX	FALSE	TRUE
Ptrh1	chr2	FALSE	FALSE
Trmt2b	chrX	FALSE	FALSE
Slc39a7	chr17	FALSE	FALSE
Cnrip1	chr11	FALSE	FALSE
Saa4	chr7	FALSE	TRUE
Olfr978	chr9	FALSE	TRUE
