gene_name	ctrl_aging_fold	ctrl_aging_fdr	ctrl_aging_min_fdr	ctrl_aging_n_peaks	ctrl_aging_n_sig	ctrl_aging_has_sig	ctrl_aging_n_sig_up	ctrl_aging_n_sig_down	ctrl_aging_max_fold	ctrl_aging_min_fold	ctrl_aging_mean_fold	mut_aging_fold	mut_aging_fdr	mut_aging_min_fdr	mut_aging_n_peaks	mut_aging_n_sig	mut_aging_has_sig	mut_aging_n_sig_up	mut_aging_n_sig_down	mut_aging_max_fold	mut_aging_min_fold	mut_aging_mean_fold	has_ctrl_peak	has_mut_peak	in_universe	ctrl_aging_up	mut_aging_up	ctrl_aging_down	mut_aging_down	ctrl_aging_sig	mut_aging_sig	mut_specific_aging_up	shared_aging_up	ctrl_specific_aging_up
1190028D05Rik	-0.116643018930015	0.116862859871548	0.116862859871548	59	0	FALSE	0	0	0.251098319113817	-0.542010165866921	-0.126211945586141	-0.944014592709518	0.000238966677273958	0.000238966677273958	61	10	TRUE	4	6	1.98939385614247	-1.97701919641339	-0.267778251656996	TRUE	TRUE	TRUE	FALSE	TRUE	FALSE	TRUE	FALSE	TRUE	TRUE	FALSE	FALSE
1500009L16Rik	-0.111639385564008	0.220593168891146	0.220593168891146	46	0	FALSE	0	0	0.229241774454781	-0.43276819375363	-0.111244786037321	0.398641240958355	8.68776500489182e-05	8.68776500489182e-05	43	2	TRUE	1	1	1.90333641300111	-1.1060539310844	-0.200716007383257	TRUE	TRUE	TRUE	FALSE	TRUE	FALSE	TRUE	FALSE	TRUE	TRUE	FALSE	FALSE
1500015L24Rik	-0.103460916747593	0.109168514817963	0.109168514817963	48	0	FALSE	0	0	0.616164224412012	-0.597590903048886	-0.113819120542589	-0.972208177752828	4.62670496615107e-16	4.62670496615107e-16	56	7	TRUE	2	5	3.41118338005436	-1.37735723261648	-0.223939071731941	TRUE	TRUE	TRUE	FALSE	TRUE	FALSE	TRUE	FALSE	TRUE	TRUE	FALSE	FALSE
1700003F12Rik	0.611450594528963	0.0602235891996772	0.0602235891996772	1	0	FALSE	0	0	0.611450594528963	0.611450594528963	0.611450594528963	1.25162879836783	0.000309536322259652	0.000309536322259652	1	1	TRUE	1	0	1.25162879836783	1.25162879836783	1.25162879836783	TRUE	TRUE	TRUE	FALSE	TRUE	FALSE	FALSE	FALSE	TRUE	TRUE	FALSE	FALSE
1700009N14Rik	-0.112592453411432	0.153389118742193	0.153389118742193	53	0	FALSE	0	0	0.215428175285292	-0.568130691936375	-0.117372229646638	1.93351871730731	2.20986084343702e-15	2.20986084343702e-15	57	11	TRUE	6	5	3.61498095646666	-1.2042207831209	-0.0136192807356174	TRUE	TRUE	TRUE	FALSE	TRUE	FALSE	TRUE	FALSE	TRUE	TRUE	FALSE	FALSE
1700010K23Rik	-0.15270408248334	0.0654424996913734	0.0654424996913734	35	0	FALSE	0	0	0.662465240015622	-0.388722512986521	-0.108900202726945	0.857357154889684	0.00699326106193059	0.00699326106193059	52	3	TRUE	3	0	1.20429682190215	-0.738426714271617	-0.226181660954154	TRUE	TRUE	TRUE	FALSE	TRUE	FALSE	FALSE	FALSE	TRUE	TRUE	FALSE	FALSE
1700012A03Rik	-0.0586208937401822	0.115578907354002	0.115578907354002	105	0	FALSE	0	0	0.461678229575165	-0.519930299470227	-0.0537015897215259	0.932937334809046	6.19530216102268e-06	6.19530216102268e-06	103	8	TRUE	7	1	1.78632805451272	-1.04254494931333	-0.0618407762124623	TRUE	TRUE	TRUE	FALSE	TRUE	FALSE	TRUE	FALSE	TRUE	TRUE	FALSE	FALSE
1700012C14Rik	-0.160764309589715	0.0686182958347115	0.0686182958347115	10	0	FALSE	0	0	0.12843134159414	-0.536051442937581	-0.203376715930696	1.4383503383631	2.72112513556213e-07	2.72112513556213e-07	10	3	TRUE	3	0	1.55278538118454	-0.260841463121489	0.340557907755885	TRUE	TRUE	TRUE	FALSE	TRUE	FALSE	FALSE	FALSE	TRUE	TRUE	FALSE	FALSE
1700017N19Rik	-0.100624737349361	0.173241224199627	0.173241224199627	13	0	FALSE	0	0	0.262494263507946	-0.486581138894729	-0.115688733186839	2.36093343764648	1.23916010395167e-07	1.23916010395167e-07	13	1	TRUE	1	0	2.36093343764648	-0.559345387378558	-0.0337429862690724	TRUE	TRUE	TRUE	FALSE	TRUE	FALSE	FALSE	FALSE	TRUE	TRUE	FALSE	FALSE
1700019A02Rik	-0.112358016394136	0.575522446912716	0.575522446912716	9	0	FALSE	0	0	0.0769674597741345	-0.206728267259156	-0.078200634504887	2.32966248798611	4.34181833282916e-05	4.34181833282916e-05	16	1	TRUE	1	0	2.32966248798611	-0.736991564411559	-0.100667442859606	TRUE	TRUE	TRUE	FALSE	TRUE	FALSE	FALSE	FALSE	TRUE	TRUE	FALSE	FALSE
1700019G24Rik	-0.144186219992474	0.109703763987635	0.109703763987635	34	0	FALSE	0	0	0.117811403912718	-0.58548636863975	-0.170858657446701	0.90177157444102	0.00287917099474114	0.00287917099474114	29	3	TRUE	3	0	1.01029419234435	-0.764829062448784	-0.170266471635844	TRUE	TRUE	TRUE	FALSE	TRUE	FALSE	FALSE	FALSE	TRUE	TRUE	FALSE	FALSE
1700024B18Rik	-0.135104289204514	0.177650682262395	0.177650682262395	24	0	FALSE	0	0	0.12583354851507	-0.500851877935498	-0.16265660488786	-0.125664213096565	0.0210257627736715	0.0210257627736715	22	2	TRUE	1	1	0.877634523938351	-1.12896295013148	-0.134128657537685	TRUE	TRUE	TRUE	FALSE	TRUE	FALSE	TRUE	FALSE	TRUE	TRUE	FALSE	FALSE
1700029B22Rik	-0.188962890381012	0.233934279470787	0.233934279470787	2	0	FALSE	0	0	0.042366391841045	-0.420292172603069	-0.188962890381012	0.89789850502529	0.00400047695801192	0.00400047695801192	2	1	TRUE	1	0	0.89789850502529	-0.534176627667243	0.181860938679023	TRUE	TRUE	TRUE	FALSE	TRUE	FALSE	FALSE	FALSE	TRUE	TRUE	FALSE	FALSE
1700029J03Rik	-0.13400020218338	0.186559715705077	0.186559715705077	39	0	FALSE	0	0	0.348610986852955	-0.457924107602143	-0.0992396095614934	-0.961292414954831	0.0105380820510863	0.0105380820510863	35	3	TRUE	1	2	1.01537223058642	-1.20394663972947	-0.202853241062608	TRUE	TRUE	TRUE	FALSE	TRUE	FALSE	TRUE	FALSE	TRUE	TRUE	FALSE	FALSE
1700034H15Rik	-0.089190022100769	0.281118267444128	0.281118267444128	18	0	FALSE	0	0	0.232971024100546	-0.374101776962063	-0.0686897866159562	0.867474433069951	0.00136994542643557	0.00136994542643557	24	2	TRUE	2	0	0.940583285319735	-0.644019932217149	-0.160046365658597	TRUE	TRUE	TRUE	FALSE	TRUE	FALSE	FALSE	FALSE	TRUE	TRUE	FALSE	FALSE
1700042G15Rik	-0.105172375437712	0.0986956911983068	0.0986956911983068	15	0	FALSE	0	0	0.56453471971152	-0.476044703694212	-0.036078580385835	0.766373844861423	0.0395377898932164	0.0395377898932164	12	1	TRUE	1	0	0.766373844861423	-0.553400324638061	-0.115711062375525	TRUE	TRUE	TRUE	FALSE	TRUE	FALSE	FALSE	FALSE	TRUE	TRUE	FALSE	FALSE
1700049E15Rik	-0.117600339053769	0.281814557149447	0.281814557149447	63	0	FALSE	0	0	0.271081724799729	-0.378702779690237	-0.0733250493158974	1.14857755908209	0.000298726717774391	0.000298726717774391	58	3	TRUE	2	1	1.98414836783899	-0.761890146084024	-0.115592223870821	TRUE	TRUE	TRUE	FALSE	TRUE	FALSE	TRUE	FALSE	TRUE	TRUE	FALSE	FALSE
1700054A03Rik	0.0902240847917067	0.124755091798332	0.124755091798332	13	0	FALSE	0	0	0.517275641259613	-0.322808171262303	0.0624026940116953	2.66958864238474	1.88003542377698e-23	1.88003542377698e-23	14	5	TRUE	5	0	3.48352526507672	-0.573364670205086	0.852176974958697	TRUE	TRUE	TRUE	FALSE	TRUE	FALSE	FALSE	FALSE	TRUE	TRUE	FALSE	FALSE
1700054M17Rik	-0.225812035418052	0.354843826626164	0.354843826626164	9	0	FALSE	0	0	0.286609299561173	-0.323383322997099	-0.163080297265246	0.0802768128753995	0.0036925824158289	0.0036925824158289	7	2	TRUE	1	1	0.948741839754828	-0.788188214004029	-0.0583760356473405	TRUE	TRUE	TRUE	FALSE	TRUE	FALSE	TRUE	FALSE	TRUE	TRUE	FALSE	FALSE
1700063D05Rik	-0.0943892279064689	0.0783286328243565	0.0783286328243565	22	0	FALSE	0	0	0.548774723975177	-0.547520285919988	-0.112829495422027	1.09718568170228	3.53679527428769e-05	3.53679527428769e-05	29	4	TRUE	4	0	1.83827702639791	-0.633031557640814	0.108374423252049	TRUE	TRUE	TRUE	FALSE	TRUE	FALSE	FALSE	FALSE	TRUE	TRUE	FALSE	FALSE
1700064M15Rik	-0.0394512466702144	0.0999801397598319	0.0999801397598319	32	0	FALSE	0	0	0.536498337834458	-0.337405880314902	-0.0263021526383488	1.66487426611051	2.05525966181958e-11	2.05525966181958e-11	29	5	TRUE	5	0	2.87402549553525	-0.707513002832803	0.229503170463862	TRUE	TRUE	TRUE	FALSE	TRUE	FALSE	FALSE	FALSE	TRUE	TRUE	FALSE	FALSE
1700065J11Rik	-0.106716816297091	0.405777214996747	0.405777214996747	18	0	FALSE	0	0	0.122186125533372	-0.296937232685547	-0.0853561707487297	1.16798748909549	1.35694628970037e-15	1.35694628970037e-15	21	3	TRUE	3	0	2.52231237434664	-0.565559502110643	0.193232626942018	TRUE	TRUE	TRUE	FALSE	TRUE	FALSE	FALSE	FALSE	TRUE	TRUE	FALSE	FALSE
1700065L07Rik	-0.154953869020934	0.407185763901851	0.407185763901851	7	0	FALSE	0	0	0.111296399696651	-0.29366935437728	-0.125496470744319	1.21511064631871	0.00389880928559085	0.00389880928559085	10	1	TRUE	1	0	1.21511064631871	-0.695232604733035	0.0634633975017858	TRUE	TRUE	TRUE	FALSE	TRUE	FALSE	FALSE	FALSE	TRUE	TRUE	FALSE	FALSE
1700066O22Rik	-0.126059027676423	0.092460694217522	0.092460694217522	5	0	FALSE	0	0	0.655392353963977	-0.211871977438192	0.0796107223661592	2.28543104598741	1.56210184831921e-13	1.56210184831921e-13	6	3	TRUE	3	0	3.52882998599647	-0.273925237946175	1.24492365564997	TRUE	TRUE	TRUE	FALSE	TRUE	FALSE	FALSE	FALSE	TRUE	TRUE	FALSE	FALSE
1700080N15Rik	-0.0955903726894379	0.375863507250433	0.375863507250433	17	0	FALSE	0	0	0.311595110775475	-0.302331634624014	-0.0462504628941259	-0.102406733892106	0.0265413866235493	0.0265413866235493	14	2	TRUE	1	1	0.658679679787443	-0.863493147571656	-0.27783016121202	TRUE	TRUE	TRUE	FALSE	TRUE	FALSE	TRUE	FALSE	TRUE	TRUE	FALSE	FALSE
1700086L19Rik	-0.0423158810357169	0.36485040535904	0.36485040535904	14	0	FALSE	0	0	0.175982086912279	-0.319309666858488	-0.0682725903575966	0.057823037396445	0.00377346655600562	0.00377346655600562	16	2	TRUE	1	1	0.925520766653741	-0.809874691860851	-0.195719640581351	TRUE	TRUE	TRUE	FALSE	TRUE	FALSE	TRUE	FALSE	TRUE	TRUE	FALSE	FALSE
1700092E19Rik	-0.178661470746039	0.157694453740567	0.157694453740567	32	0	FALSE	0	0	0.0970950610746652	-0.51011293545917	-0.187006465663342	2.109474495521	3.35953259061039e-11	3.35953259061039e-11	34	3	TRUE	3	0	2.92867669387217	-0.841165348260711	-0.144549977450865	TRUE	TRUE	TRUE	FALSE	TRUE	FALSE	FALSE	FALSE	TRUE	TRUE	FALSE	FALSE
1700096J18Rik	-0.00275189966201669	0.333604692551132	0.333604692551132	9	0	FALSE	0	0	0.165332227796285	-0.3369403835561	-0.0408513418546962	3.87016394361247	6.27936366023572e-13	6.27936366023572e-13	9	1	TRUE	1	0	3.87016394361247	-0.393142320271719	0.310693862904436	TRUE	TRUE	TRUE	FALSE	TRUE	FALSE	FALSE	FALSE	TRUE	TRUE	FALSE	FALSE
1700112H15Rik	-0.0874239113811408	0.0912837612118536	0.0912837612118536	65	0	FALSE	0	0	0.554119956549842	-0.410889486140444	-0.059401151460789	1.09254582420991	0.000146114642304184	0.000146114642304184	76	4	TRUE	3	1	1.90794655806465	-0.972758361639156	-0.200652806582769	TRUE	TRUE	TRUE	FALSE	TRUE	FALSE	TRUE	FALSE	TRUE	TRUE	FALSE	FALSE
1700123O12Rik	-0.102902763765091	0.264468165875175	0.264468165875175	49	0	FALSE	0	0	0.324631141986936	-0.386524711064518	-0.103990809358425	-0.85201902916745	0.00886108907892175	0.00886108907892175	51	5	TRUE	1	4	1.08462883268762	-1.12812325515685	-0.281403679330462	TRUE	TRUE	TRUE	FALSE	TRUE	FALSE	TRUE	FALSE	TRUE	TRUE	FALSE	FALSE
1700129C05Rik	-0.0580515665193108	0.0605324164373957	0.0605324164373957	96	0	FALSE	0	0	0.619597831312246	-0.71401853919759	-0.0928992790822565	1.13253104283708	3.83943854188403e-23	3.83943854188403e-23	103	15	TRUE	13	2	3.17314413409434	-0.949578249002959	0.0661955067622342	TRUE	TRUE	TRUE	FALSE	TRUE	FALSE	TRUE	FALSE	TRUE	TRUE	FALSE	FALSE
2010003K11Rik	-0.00832808656447702	0.754787157098498	0.754787157098498	5	0	FALSE	0	0	0.0204824165203367	-0.128831345562762	-0.0453923611916842	2.74424693877375	4.70867759946358e-17	4.70867759946358e-17	5	3	TRUE	3	0	3.53718949920954	-0.180670953984992	1.35352300132916	TRUE	TRUE	TRUE	FALSE	TRUE	FALSE	FALSE	FALSE	TRUE	TRUE	FALSE	FALSE
2010010A06Rik	-0.0735037955371867	0.0751942019745694	0.0751942019745694	43	0	FALSE	0	0	0.576187990615516	-0.416642584915167	-0.0405980091627318	0.857435706545186	0.0129757072408692	0.0129757072408692	42	1	TRUE	1	0	0.857435706545186	-0.69900452675921	-0.143453704999913	TRUE	TRUE	TRUE	FALSE	TRUE	FALSE	FALSE	FALSE	TRUE	TRUE	FALSE	FALSE
2010109A12Rik	-0.0873581677028608	0.612215831597534	0.612215831597534	5	0	FALSE	0	0	0.0860210720347567	-0.183217915468107	-0.0551833420580693	1.26229208785838	9.5994377362131e-05	9.5994377362131e-05	5	1	TRUE	1	0	1.26229208785838	-0.0525531308063863	0.410078214901039	TRUE	TRUE	TRUE	FALSE	TRUE	FALSE	FALSE	FALSE	TRUE	TRUE	FALSE	FALSE
2210409D07Rik	-0.0211820822237314	0.123080531773985	0.123080531773985	31	0	FALSE	0	0	0.479464611351852	-0.33316042178386	0.0297712947949525	1.95562398586633	1.5896891833325e-17	1.5896891833325e-17	30	10	TRUE	10	0	4.32773896036332	-0.514237828184436	0.78865432262069	TRUE	TRUE	TRUE	FALSE	TRUE	FALSE	FALSE	FALSE	TRUE	TRUE	FALSE	FALSE
2210420H20Rik	-0.134011519206696	0.183762670702524	0.183762670702524	22	0	FALSE	0	0	0.203955940809008	-0.441442378926835	-0.124500290757601	0.111844016303011	0.00156274416588694	0.00156274416588694	19	2	TRUE	1	1	0.985442319561209	-0.761754286955187	-0.254160710564513	TRUE	TRUE	TRUE	FALSE	TRUE	FALSE	TRUE	FALSE	TRUE	TRUE	FALSE	FALSE
2300009A05Rik	-0.0208089777864226	0.271339839873898	0.271339839873898	21	0	FALSE	0	0	0.379065979492318	-0.311432459205004	-0.00928156701810485	-0.176881008114939	0.0253648788609409	0.0253648788609409	23	2	TRUE	1	1	0.768594392494573	-1.12235640872445	-0.185630498403919	TRUE	TRUE	TRUE	FALSE	TRUE	FALSE	TRUE	FALSE	TRUE	TRUE	FALSE	FALSE
2310003N18Rik	-0.129950668372551	0.0500122671897223	0.0500122671897223	71	0	FALSE	0	0	0.338215010904657	-0.710410900020604	-0.137453811775992	-0.885612472300977	4.3869023850839e-05	4.3869023850839e-05	70	4	TRUE	1	3	1.79204386323195	-1.00685473634225	-0.31375392851136	TRUE	TRUE	TRUE	FALSE	TRUE	FALSE	TRUE	FALSE	TRUE	TRUE	FALSE	FALSE
2310010J17Rik	-0.0719395587054891	0.0837109104556283	0.0837109104556283	4	0	FALSE	0	0	0.564926461050381	-0.164878021583371	0.0640423305140079	1.28144066636464	0.00137421966249406	0.00137421966249406	9	2	TRUE	2	0	1.2891030532107	-0.477010122527541	0.185607167155832	TRUE	TRUE	TRUE	FALSE	TRUE	FALSE	FALSE	FALSE	TRUE	TRUE	FALSE	FALSE
2310065F04Rik	0.0106647245527194	0.390950788430717	0.390950788430717	10	0	FALSE	0	0	0.265752284663419	-0.300601179961982	0.00736405804258167	1.02895495872972	0.00870283132810153	0.00870283132810153	7	2	TRUE	2	0	1.29944090326876	-0.634880787274042	0.0976865102041084	TRUE	TRUE	TRUE	FALSE	TRUE	FALSE	FALSE	FALSE	TRUE	TRUE	FALSE	FALSE
2610206C17Rik	-0.119553167075639	0.072941942385155	0.072941942385155	9	0	FALSE	0	0	0.674711189489956	-0.416498515224519	-0.00948970761625483	3.00447577440287	6.9784482709272e-17	6.9784482709272e-17	17	1	TRUE	1	0	3.00447577440287	-0.485037883666903	0.012436113907776	TRUE	TRUE	TRUE	FALSE	TRUE	FALSE	FALSE	FALSE	TRUE	TRUE	FALSE	FALSE
2810049E08Rik	-0.0884093819070391	0.217409824988227	0.217409824988227	18	0	FALSE	0	0	0.133788384634079	-0.421802899704644	-0.106343762348379	1.40865450653835	3.92991351657825e-10	3.92991351657825e-10	15	4	TRUE	3	1	3.2392288022139	-1.9097523580306	0.0270142288397302	TRUE	TRUE	TRUE	FALSE	TRUE	FALSE	TRUE	FALSE	TRUE	TRUE	FALSE	FALSE
3110015C05Rik	-0.0268424038633427	0.201324582250859	0.201324582250859	27	0	FALSE	0	0	0.4240746529824	-0.409252611968357	-0.0190732500782467	2.20313140400414	2.88747199016318e-40	2.88747199016318e-40	32	7	TRUE	7	0	4.76367302696991	-0.953459495561507	0.438852736979775	TRUE	TRUE	TRUE	FALSE	TRUE	FALSE	FALSE	FALSE	TRUE	TRUE	FALSE	FALSE
4732490B19Rik	-0.00989477497963942	0.0663934449035186	0.0663934449035186	70	0	FALSE	0	0	0.645357037400288	-0.514277556129562	0.00854843035605296	1.260769666685	7.69397538498301e-05	7.69397538498301e-05	66	3	TRUE	3	0	1.66219563279027	-0.553478465209101	-0.0302769925380904	TRUE	TRUE	TRUE	FALSE	TRUE	FALSE	FALSE	FALSE	TRUE	TRUE	FALSE	FALSE
4833411C07Rik	-0.0200097748753928	0.0864417130118957	0.0864417130118957	7	0	FALSE	0	0	0.545551284840324	-0.190098426491503	0.0611499173161259	1.39576088422288	3.06700226130701e-05	3.06700226130701e-05	9	1	TRUE	1	0	1.39576088422288	-0.604559916425541	-0.030205100346198	TRUE	TRUE	TRUE	FALSE	TRUE	FALSE	FALSE	FALSE	TRUE	TRUE	FALSE	FALSE
4921529L05Rik	0.0813920765462277	0.149457009339707	0.149457009339707	11	0	FALSE	0	0	0.575698680022298	-0.219018763543719	0.113665100012158	1.76967008717777	5.09539692536794e-08	5.09539692536794e-08	14	4	TRUE	4	0	1.99798161330112	-0.605730503027407	0.468548174654889	TRUE	TRUE	TRUE	FALSE	TRUE	FALSE	FALSE	FALSE	TRUE	TRUE	FALSE	FALSE
4930405L22Rik	-0.162805577394621	0.0840342401036428	0.0840342401036428	92	0	FALSE	0	0	0.248084362247407	-0.710823636636507	-0.172910004622618	-0.186021006451944	0.0226698685373847	0.0226698685373847	87	2	TRUE	1	1	0.814475592663292	-1.18651760556718	-0.29053587776445	TRUE	TRUE	TRUE	FALSE	TRUE	FALSE	TRUE	FALSE	TRUE	TRUE	FALSE	FALSE
4930412B13Rik	-0.104705590981613	0.324969129046557	0.324969129046557	30	0	FALSE	0	0	0.290100615086853	-0.347280125826418	-0.101073901194635	0.00527021240805198	1.76799229555459e-08	1.76799229555459e-08	31	4	TRUE	2	2	2.24370601449296	-0.948555737411932	-0.14414228494533	TRUE	TRUE	TRUE	FALSE	TRUE	FALSE	TRUE	FALSE	TRUE	TRUE	FALSE	FALSE
4930417O22Rik	-0.0470388436185393	0.322635306964829	0.322635306964829	8	0	FALSE	0	0	0.348657353291551	-0.261896440144586	-0.0259668639073472	1.36524989783289	0.00018899971596511	0.00018899971596511	9	1	TRUE	1	0	1.36524989783289	-0.262411391082845	0.383603465483462	TRUE	TRUE	TRUE	FALSE	TRUE	FALSE	FALSE	FALSE	TRUE	TRUE	FALSE	FALSE
4930423M02Rik	-0.175984022124063	0.174727911947053	0.174727911947053	40	0	FALSE	0	0	0.280620334335417	-0.534490815670906	-0.159108747907979	1.63785214236682	7.79880726207707e-19	7.79880726207707e-19	53	6	TRUE	4	2	3.40988061915541	-1.0045676135368	-0.0856367495295456	TRUE	TRUE	TRUE	FALSE	TRUE	FALSE	TRUE	FALSE	TRUE	TRUE	FALSE	FALSE
4930431P22Rik	-0.0727314430986649	0.116683743436998	0.116683743436998	45	0	FALSE	0	0	0.555723780583091	-0.550632440824608	-0.0557189214348083	1.05569695774082	2.29498960306101e-08	2.29498960306101e-08	43	6	TRUE	5	1	2.48730264452755	-0.870744548297257	0.0808873779504615	TRUE	TRUE	TRUE	FALSE	TRUE	FALSE	TRUE	FALSE	TRUE	TRUE	FALSE	FALSE
4930447J18Rik	-0.075251384584993	0.134453830087709	0.134453830087709	45	0	FALSE	0	0	0.472085541445701	-0.502030302077957	-0.0725033539832234	-0.00919346756670603	0.029768048918991	0.029768048918991	51	2	TRUE	1	1	0.732372956581821	-0.750759891715233	-0.186105237683932	TRUE	TRUE	TRUE	FALSE	TRUE	FALSE	TRUE	FALSE	TRUE	TRUE	FALSE	FALSE
4930448I18Rik	-0.172523483814248	0.319569271855247	0.319569271855247	7	0	FALSE	0	0	0.00790014025555331	-0.34995316716261	-0.153955473552848	0.812522576729075	0.0162303109735666	0.0162303109735666	11	1	TRUE	1	0	0.812522576729075	-0.471354631480455	-0.125013327870027	TRUE	TRUE	TRUE	FALSE	TRUE	FALSE	FALSE	FALSE	TRUE	TRUE	FALSE	FALSE
4930452A19Rik	-0.14574003326275	0.0999872664166458	0.0999872664166458	78	0	FALSE	0	0	0.611006818106307	-0.473939598414843	-0.1115991999792	2.25900218965837	1.37872984605484e-08	1.37872984605484e-08	72	1	TRUE	1	0	2.25900218965837	-0.791314102539957	-0.231995754617266	TRUE	TRUE	TRUE	FALSE	TRUE	FALSE	FALSE	FALSE	TRUE	TRUE	FALSE	FALSE
4930467K11Rik	-0.101435660842077	0.0867885806601798	0.0867885806601798	35	0	FALSE	0	0	0.319399620383317	-0.617089460127617	-0.108103909173716	0.809219052831176	2.06999593729514e-15	2.06999593729514e-15	33	6	TRUE	4	2	3.59281780087258	-1.25712411860751	0.00586391007491862	TRUE	TRUE	TRUE	FALSE	TRUE	FALSE	TRUE	FALSE	TRUE	TRUE	FALSE	FALSE
4930470P17Rik	-0.0843896223753701	0.129534161951508	0.129534161951508	22	0	FALSE	0	0	0.492336768750732	-0.391952819484703	-0.0594712912780692	0.712841628792201	0.0423790799697272	0.0423790799697272	22	2	TRUE	2	0	0.730985360682745	-0.523065058176145	-0.113152419696154	TRUE	TRUE	TRUE	FALSE	TRUE	FALSE	FALSE	FALSE	TRUE	TRUE	FALSE	FALSE
4930474N09Rik	-0.0569124519470911	0.15488869717905	0.15488869717905	36	0	FALSE	0	0	0.472630445069328	-0.474488551587471	-0.0650231094079149	1.21693448419279	0.00032816367157173	0.00032816367157173	34	2	TRUE	2	0	1.46857753630177	-0.507925253538022	-0.01480023352955	TRUE	TRUE	TRUE	FALSE	TRUE	FALSE	FALSE	FALSE	TRUE	TRUE	FALSE	FALSE
4930486I03Rik	-0.130496401418735	0.0923884641992559	0.0923884641992559	77	0	FALSE	0	0	0.356485118030416	-0.664133314912782	-0.123190577934926	0.790520706754067	3.58094657808985e-06	3.58094657808985e-06	78	9	TRUE	5	4	1.43422804016233	-0.887068171180161	-0.137187773939627	TRUE	TRUE	TRUE	FALSE	TRUE	FALSE	TRUE	FALSE	TRUE	TRUE	FALSE	FALSE
4930503F20Rik	-0.0712348068837523	0.222744832311384	0.222744832311384	44	0	FALSE	0	0	0.448750292533399	-0.327791995781342	-0.0471827292711268	-0.837445398358647	0.0245276404810508	0.0245276404810508	44	3	TRUE	1	2	0.751144677142015	-0.956820728704334	-0.134970930790063	TRUE	TRUE	TRUE	FALSE	TRUE	FALSE	TRUE	FALSE	TRUE	TRUE	FALSE	FALSE
4930505A04Rik	-0.144895442397	0.171517390358723	0.171517390358723	12	0	FALSE	0	0	0.531914131284103	-0.447755334809619	-0.0526341671151213	2.00234801780739	1.30141845342829e-09	1.30141845342829e-09	13	2	TRUE	2	0	3.10987142759322	-0.733009373269107	0.304365305238299	TRUE	TRUE	TRUE	FALSE	TRUE	FALSE	FALSE	FALSE	TRUE	TRUE	FALSE	FALSE
4930513D17Rik	-0.105688711668333	0.0507476733691299	0.0507476733691299	75	0	FALSE	0	0	0.647616547150292	-0.517107144904655	-0.0791891309752558	2.09956226062747	4.44931407723011e-25	4.44931407723011e-25	86	18	TRUE	18	0	4.07095512082626	-0.767982672194069	0.49926067377825	TRUE	TRUE	TRUE	FALSE	TRUE	FALSE	FALSE	FALSE	TRUE	TRUE	FALSE	FALSE
4930517E11Rik	0.0237848218708729	0.633753959624011	0.633753959624011	3	0	FALSE	0	0	0.18468104048007	-0.0424467605652112	0.0553397005952439	1.10500942506319	0.000707131151791847	0.000707131151791847	8	1	TRUE	1	0	1.10500942506319	-0.380584549624163	0.175157342212596	TRUE	TRUE	TRUE	FALSE	TRUE	FALSE	FALSE	FALSE	TRUE	TRUE	FALSE	FALSE
4930519K11Rik	-0.00769771018774028	0.0617637801156392	0.0617637801156392	33	0	FALSE	0	0	0.620357887656576	-0.318179829261447	-0.00814191625571212	0.853668130865779	0.00581365650127767	0.00581365650127767	39	3	TRUE	2	1	0.952673613172448	-0.905822828982536	-0.103421943861289	TRUE	TRUE	TRUE	FALSE	TRUE	FALSE	TRUE	FALSE	TRUE	TRUE	FALSE	FALSE
4930523C07Rik	-0.0320898785019512	0.0639861300455042	0.0639861300455042	21	0	FALSE	0	0	0.589321967841346	-0.272805527270161	-0.0333705280868873	2.29049853303335	2.98311680784605e-11	2.98311680784605e-11	27	3	TRUE	3	0	2.62694750042134	-0.758845480855233	0.21876839677854	TRUE	TRUE	TRUE	FALSE	TRUE	FALSE	FALSE	FALSE	TRUE	TRUE	FALSE	FALSE
4930524B17Rik	-0.0723374231051449	0.219940021640676	0.219940021640676	22	0	FALSE	0	0	0.434666446855239	-0.366890552238848	-0.0654423659052807	1.89822589082678	2.72554438188288e-25	2.72554438188288e-25	46	20	TRUE	20	0	4.10638922774781	-0.53242016366955	1.06988915379024	TRUE	TRUE	TRUE	FALSE	TRUE	FALSE	FALSE	FALSE	TRUE	TRUE	FALSE	FALSE
4930526H09Rik	-0.138639155107072	0.244968983150166	0.244968983150166	25	0	FALSE	0	0	0.289438235747353	-0.409113457610448	-0.110805013711557	1.19426250830909	0.00135729040751053	0.00135729040751053	27	1	TRUE	1	0	1.19426250830909	-0.601530405917356	-0.0780612299070715	TRUE	TRUE	TRUE	FALSE	TRUE	FALSE	FALSE	FALSE	TRUE	TRUE	FALSE	FALSE
4930532M18Rik	0.0796976615737039	0.27371372387496	0.27371372387496	14	0	FALSE	0	0	0.376285590721845	-0.170274503837913	0.0420449947218965	-0.063356146294623	0.0230287987660821	0.0230287987660821	18	2	TRUE	1	1	0.77860682496156	-0.905319117550806	-0.0475998645584873	TRUE	TRUE	TRUE	FALSE	TRUE	FALSE	TRUE	FALSE	TRUE	TRUE	FALSE	FALSE
4930534H03Rik	-0.0494596506991258	0.125559868356314	0.125559868356314	52	0	FALSE	0	0	0.392012330043515	-0.559631905411893	-0.0624213663999668	2.14371191236211	6.0119022315994e-12	6.0119022315994e-12	53	4	TRUE	4	0	2.47999441003571	-0.780349884828401	-0.00871823107295175	TRUE	TRUE	TRUE	FALSE	TRUE	FALSE	FALSE	FALSE	TRUE	TRUE	FALSE	FALSE
4930554H23Rik	-0.20615611094715	0.29294847117584	0.29294847117584	7	0	FALSE	0	0	0.203126450247523	-0.370308777294018	-0.14867070151957	1.16520923748779	0.000316093784968764	0.000316093784968764	7	1	TRUE	1	0	1.16520923748779	-0.814873055243867	-0.0494630752041909	TRUE	TRUE	TRUE	FALSE	TRUE	FALSE	FALSE	FALSE	TRUE	TRUE	FALSE	FALSE
4930554I06Rik	-0.105309693951612	0.178116036359664	0.178116036359664	31	0	FALSE	0	0	0.405563160858738	-0.452146753533493	-0.0793876482086641	2.06159842560331	3.10223572043316e-25	3.10223572043316e-25	37	16	TRUE	16	0	3.52731001741143	-0.431585241046923	0.903726144622725	TRUE	TRUE	TRUE	FALSE	TRUE	FALSE	FALSE	FALSE	TRUE	TRUE	FALSE	FALSE
4930555K19Rik	-0.0690232233998408	0.15948489652641	0.15948489652641	63	0	FALSE	0	0	0.492768085074853	-0.488514042079034	-0.0374958908333206	1.06743023648748	2.03923904867701e-09	2.03923904867701e-09	59	5	TRUE	4	1	2.30271757806073	-1.00031379344462	-0.0405752858497378	TRUE	TRUE	TRUE	FALSE	TRUE	FALSE	TRUE	FALSE	TRUE	TRUE	FALSE	FALSE
4930556J02Rik	0.0707605175953262	0.420308692163506	0.420308692163506	7	0	FALSE	0	0	0.283492700163708	-0.252771978461128	0.0612716823114475	0.845104570830339	0.0133128176827025	0.0133128176827025	5	2	TRUE	2	0	0.85893608515671	-0.644469275229784	0.0945714891459202	TRUE	TRUE	TRUE	FALSE	TRUE	FALSE	FALSE	FALSE	TRUE	TRUE	FALSE	FALSE
4930556N09Rik	0.027890926040445	0.133258154564626	0.133258154564626	61	0	FALSE	0	0	0.467619497331361	-0.468056115067947	0.0242813832156163	1.45448408232098	1.02641113768324e-12	1.02641113768324e-12	76	32	TRUE	31	1	3.40041339657246	-0.906486442896088	0.744251826606529	TRUE	TRUE	TRUE	FALSE	TRUE	FALSE	TRUE	FALSE	TRUE	TRUE	FALSE	FALSE
4930558G05Rik	-0.177683711720001	0.0736793755588239	0.0736793755588239	14	0	FALSE	0	0	0.258042601452078	-0.696612966142687	-0.213842469747023	-1.01998517589951	0.00129979672629978	0.00129979672629978	19	4	TRUE	1	3	1.25592132249535	-1.14524863458398	-0.380299464959632	TRUE	TRUE	TRUE	FALSE	TRUE	FALSE	TRUE	FALSE	TRUE	TRUE	FALSE	FALSE
4930559C10Rik	-0.140130062747991	0.110334606386572	0.110334606386572	56	0	FALSE	0	0	0.198218670640059	-0.600642470956013	-0.116701513369028	-0.921575519025229	2.23824316221009e-08	2.23824316221009e-08	53	5	TRUE	2	3	3.26959442910706	-1.27937602151266	-0.26585203850892	TRUE	TRUE	TRUE	FALSE	TRUE	FALSE	TRUE	FALSE	TRUE	TRUE	FALSE	FALSE
4930564D02Rik	-0.068684562578736	0.163850365062201	0.163850365062201	46	0	FALSE	0	0	0.325150606523603	-0.517919108459199	-0.0959991328947249	0.1485458987326	0.00029499493514209	0.00029499493514209	48	4	TRUE	2	2	1.19455266325717	-0.84855411835442	-0.106797746816226	TRUE	TRUE	TRUE	FALSE	TRUE	FALSE	TRUE	FALSE	TRUE	TRUE	FALSE	FALSE
4930567K20Rik	-0.0299299307704335	0.210255833477858	0.210255833477858	25	0	FALSE	0	0	0.40050645606705	-0.438281699267162	-0.0113651037581696	0.805862660787588	5.60894384810848e-11	5.60894384810848e-11	28	4	TRUE	2	2	2.89698198644356	-1.2490544834114	0.0127067192200868	TRUE	TRUE	TRUE	FALSE	TRUE	FALSE	TRUE	FALSE	TRUE	TRUE	FALSE	FALSE
4930570G19Rik	-0.134023673688333	0.0510918825299575	0.0510918825299575	35	0	FALSE	0	0	0.108929497177289	-0.786960985847416	-0.180662662968609	2.93793617801816	1.33267987600042e-11	1.33267987600042e-11	46	2	TRUE	2	0	3.04270384001106	-0.858080791319879	-0.0549848718310191	TRUE	TRUE	TRUE	FALSE	TRUE	FALSE	FALSE	FALSE	TRUE	TRUE	FALSE	FALSE
4930573H18Rik	0.0167828878455125	0.383613814108523	0.383613814108523	10	0	FALSE	0	0	0.310126933490599	-0.145668048846655	0.0270296456416428	0.859106816465001	0.0041806127937305	0.0041806127937305	8	2	TRUE	2	0	1.01910212014271	-0.574679628422566	0.054145427952393	TRUE	TRUE	TRUE	FALSE	TRUE	FALSE	FALSE	FALSE	TRUE	TRUE	FALSE	FALSE
4930578E11Rik	-0.127909297362175	0.123024864588434	0.123024864588434	54	0	FALSE	0	0	0.27342272173328	-0.507173001546689	-0.143514607969842	-0.0271450785528095	0.0177222966699961	0.0177222966699961	54	2	TRUE	1	1	0.830929268047822	-0.885219425153441	-0.325203402364171	TRUE	TRUE	TRUE	FALSE	TRUE	FALSE	TRUE	FALSE	TRUE	TRUE	FALSE	FALSE
4930583K01Rik	-0.00969916827672745	0.306498380787166	0.306498380787166	17	0	FALSE	0	0	0.358822773206276	-0.339323199961878	-0.0292731526722749	0.861237637460964	0.00730247346119475	0.00730247346119475	15	1	TRUE	1	0	0.861237637460964	-0.299508825429336	0.107714285856427	TRUE	TRUE	TRUE	FALSE	TRUE	FALSE	FALSE	FALSE	TRUE	TRUE	FALSE	FALSE
4930593A02Rik	-0.0570110970311301	0.127613206634569	0.127613206634569	23	0	FALSE	0	0	0.289970649354579	-0.528853931538781	-0.0837611080605484	1.30313796848026	1.31803194678538e-08	1.31803194678538e-08	20	4	TRUE	4	0	2.28569288381048	-0.549766561248028	0.161836517594182	TRUE	TRUE	TRUE	FALSE	TRUE	FALSE	FALSE	FALSE	TRUE	TRUE	FALSE	FALSE
4930593C16Rik	0.27529604809391	0.445791689175154	0.445791689175154	1	0	FALSE	0	0	0.27529604809391	0.27529604809391	0.27529604809391	2.88912763847484	2.71131659168149e-13	2.71131659168149e-13	1	1	TRUE	1	0	2.88912763847484	2.88912763847484	2.88912763847484	TRUE	TRUE	TRUE	FALSE	TRUE	FALSE	FALSE	FALSE	TRUE	TRUE	FALSE	FALSE
4931440P22Rik	-0.1634782330615	0.495171728723537	0.495171728723537	4	0	FALSE	0	0	0.0248861017890517	-0.242045357380726	-0.136028930428668	1.01842553195924	0.0129212232192517	0.0129212232192517	2	1	TRUE	1	0	1.01842553195924	-0.133079198193132	0.442673166883054	TRUE	TRUE	TRUE	FALSE	TRUE	FALSE	FALSE	FALSE	TRUE	TRUE	FALSE	FALSE
4933402J10Rik	-0.174166605320315	0.0787957967352075	0.0787957967352075	68	0	FALSE	0	0	0.149844680725912	-0.75947183974094	-0.167458406749762	1.25260332697576	3.24970523396555e-21	3.24970523396555e-21	62	8	TRUE	7	1	4.67909333128561	-0.92501718365696	0.0561144135978808	TRUE	TRUE	TRUE	FALSE	TRUE	FALSE	TRUE	FALSE	TRUE	TRUE	FALSE	FALSE
4933416O17Rik	-0.0722363697988667	0.217416705265956	0.217416705265956	28	0	FALSE	0	0	0.254448706307542	-0.456075076102976	-0.0955437059295395	1.35739060079168	0.000944513534447627	0.000944513534447627	25	1	TRUE	1	0	1.35739060079168	-0.770091116457186	-0.213663395299017	TRUE	TRUE	TRUE	FALSE	TRUE	FALSE	FALSE	FALSE	TRUE	TRUE	FALSE	FALSE
4933424G05Rik	-0.120383666815248	0.0685983445652344	0.0685983445652344	25	0	FALSE	0	0	0.226012584422154	-0.61537016153919	-0.13102683275793	-0.697985422471281	0.0323949132622948	0.0323949132622948	22	3	TRUE	1	2	0.783703105690001	-1.22238235029882	-0.231472966010214	TRUE	TRUE	TRUE	FALSE	TRUE	FALSE	TRUE	FALSE	TRUE	TRUE	FALSE	FALSE
4933424L21Rik	-0.0812185594545957	0.2471244190481	0.2471244190481	23	0	FALSE	0	0	0.388504146604863	-0.331997094675952	-0.0560591760636367	0.948971444849755	0.00114118594250334	0.00114118594250334	24	2	TRUE	2	0	0.980813087576229	-0.570981532264182	-0.138242528452645	TRUE	TRUE	TRUE	FALSE	TRUE	FALSE	FALSE	FALSE	TRUE	TRUE	FALSE	FALSE
4933427E13Rik	-0.145649606390306	0.0740998934289757	0.0740998934289757	81	0	FALSE	0	0	0.413096102734611	-0.729274219931515	-0.146059800186511	0.728071597425878	9.21982345929989e-07	9.21982345929989e-07	75	5	TRUE	3	2	2.17492959797164	-1.14758573017106	-0.154716145271516	TRUE	TRUE	TRUE	FALSE	TRUE	FALSE	TRUE	FALSE	TRUE	TRUE	FALSE	FALSE
4933429O19Rik	0.0089335747569097	0.1562743783542	0.1562743783542	41	0	FALSE	0	0	0.483365123740043	-0.372520561416735	0.00540456431502715	1.65543496054139	2.82324279601162e-19	2.82324279601162e-19	39	15	TRUE	14	1	3.48255465092781	-0.732613859808805	0.520144478821901	TRUE	TRUE	TRUE	FALSE	TRUE	FALSE	TRUE	FALSE	TRUE	TRUE	FALSE	FALSE
5330411J11Rik	0.0539992979435381	0.0526237072586516	0.0526237072586516	21	0	FALSE	0	0	0.685662251968068	-0.3539448455193	0.119858467743372	1.18663125372721	0.000208192984336202	0.000208192984336202	13	2	TRUE	2	0	1.20743090510165	-0.665302316485586	0.208921583728215	TRUE	TRUE	TRUE	FALSE	TRUE	FALSE	FALSE	FALSE	TRUE	TRUE	FALSE	FALSE
5430427M07Rik	0.0614716957721	0.20951143617484	0.20951143617484	5	0	FALSE	0	0	0.342640294539844	-0.436705558101542	-0.00409157278458199	2.47182331425179	8.78570822899221e-15	8.78570822899221e-15	2	2	TRUE	2	0	2.90549651467685	2.03815011382674	2.47182331425179	TRUE	TRUE	TRUE	FALSE	TRUE	FALSE	FALSE	FALSE	TRUE	TRUE	FALSE	FALSE
5530400C23Rik	-0.184224836959617	0.162605464353679	0.162605464353679	16	0	FALSE	0	0	0.196875462622041	-0.550909251478558	-0.180299097926392	1.18003536614723	0.00025231416781818	0.00025231416781818	9	2	TRUE	2	0	1.51312594045812	-0.663751719804391	0.24030365633638	TRUE	TRUE	TRUE	FALSE	TRUE	FALSE	FALSE	FALSE	TRUE	TRUE	FALSE	FALSE
5830416I19Rik	-0.0542435963846492	0.391335004686387	0.391335004686387	12	0	FALSE	0	0	0.246596517161698	-0.29883740513978	-0.00544991824430925	2.06359200210963	1.45643056612616e-11	1.45643056612616e-11	12	2	TRUE	2	0	2.07872661805681	-0.377236039759625	0.223552419062317	TRUE	TRUE	TRUE	FALSE	TRUE	FALSE	FALSE	FALSE	TRUE	TRUE	FALSE	FALSE
6030407O03Rik	-0.0362839426205687	0.319104834899907	0.319104834899907	47	0	FALSE	0	0	0.313998654693233	-0.345826986252243	-0.0405924875786422	0.819186254612204	9.55503075678953e-15	9.55503075678953e-15	52	7	TRUE	5	2	2.88564728685663	-0.867808959028021	-0.0194824569309596	TRUE	TRUE	TRUE	FALSE	TRUE	FALSE	TRUE	FALSE	TRUE	TRUE	FALSE	FALSE
6030466F02Rik	-0.0647862561353015	0.0792173507685163	0.0792173507685163	24	0	FALSE	0	0	0.527059333838154	-0.62828416510757	-0.0759378616537302	1.4168634486579	6.97286239701777e-06	6.97286239701777e-06	25	1	TRUE	1	0	1.4168634486579	-0.67577101753458	-0.143103436679901	TRUE	TRUE	TRUE	FALSE	TRUE	FALSE	FALSE	FALSE	TRUE	TRUE	FALSE	FALSE
6430553K19Rik	-0.134767060446457	0.0559983998357889	0.0559983998357889	59	0	FALSE	0	0	0.205572934332776	-0.696396974288686	-0.132295362536634	1.061560997768	0.000100310993293497	0.000100310993293497	64	7	TRUE	7	0	1.53350962735903	-0.827005305269866	-0.0500901440121991	TRUE	TRUE	TRUE	FALSE	TRUE	FALSE	FALSE	FALSE	TRUE	TRUE	FALSE	FALSE
6430562O15Rik	-0.0293752065375962	0.288272442055208	0.288272442055208	14	0	FALSE	0	0	0.364462519175078	-0.348136568762682	-0.0567017125555008	2.13523483312462	1.53992795386027e-19	1.53992795386027e-19	20	2	TRUE	2	0	3.46960455518082	-0.666526408963653	0.0375820535156135	TRUE	TRUE	TRUE	FALSE	TRUE	FALSE	FALSE	FALSE	TRUE	TRUE	FALSE	FALSE
8030474K03Rik	-0.156179272215936	0.276582439550424	0.276582439550424	6	0	FALSE	0	0	0.326220722079838	-0.381356016586599	-0.12411152000359	0.43915901903306	8.44663463263528e-06	8.44663463263528e-06	12	2	TRUE	1	1	1.96692209813563	-1.08860406006951	0.0207184611199833	TRUE	TRUE	TRUE	FALSE	TRUE	FALSE	TRUE	FALSE	TRUE	TRUE	FALSE	FALSE
9130019P16Rik	-0.0843055436318955	0.0879451597295384	0.0879451597295384	27	0	FALSE	0	0	0.317937231825027	-0.562015543083702	-0.0757491974274342	-0.80128738384697	0.0179989327251089	0.0179989327251089	29	3	TRUE	1	2	0.866307684751691	-0.900026800525749	-0.0631358806160578	TRUE	TRUE	TRUE	FALSE	TRUE	FALSE	TRUE	FALSE	TRUE	TRUE	FALSE	FALSE
9130221F21Rik	-0.0691150612882726	0.681558357031605	0.681558357031605	9	0	FALSE	0	0	0.0896431968706421	-0.16239175099443	-0.0391627055293727	1.11268262338024	0.00153435753034007	0.00153435753034007	10	1	TRUE	1	0	1.11268262338024	-0.164458318690052	0.274912378750194	TRUE	TRUE	TRUE	FALSE	TRUE	FALSE	FALSE	FALSE	TRUE	TRUE	FALSE	FALSE
9130230L23Rik	-0.0138309031211757	0.19701273265108	0.19701273265108	12	0	FALSE	0	0	0.435883450725084	-0.232268685499175	-0.0257057274956178	0.786856567820947	0.0112181027738114	0.0112181027738114	9	1	TRUE	1	0	0.786856567820947	-0.523143829713507	-0.0964751110089767	TRUE	TRUE	TRUE	FALSE	TRUE	FALSE	FALSE	FALSE	TRUE	TRUE	FALSE	FALSE
9230105E05Rik	-0.0357042665700778	0.271388675007034	0.271388675007034	32	0	FALSE	0	0	0.380837346072075	-0.346758324416447	-0.0332118392257663	-0.726102327628434	0.0117114518456729	0.0117114518456729	32	3	TRUE	1	2	0.75970417714759	-0.9034807506267	-0.0965751443032799	TRUE	TRUE	TRUE	FALSE	TRUE	FALSE	TRUE	FALSE	TRUE	TRUE	FALSE	FALSE
9330158H04Rik	-0.112303540546957	0.0575010788080646	0.0575010788080646	61	0	FALSE	0	0	0.195430986676257	-0.644846344981476	-0.11735070196132	0.074668526831415	1.86349476903162e-18	1.86349476903162e-18	50	4	TRUE	2	2	3.72826323982391	-1.98325471412653	-0.052611685517308	TRUE	TRUE	TRUE	FALSE	TRUE	FALSE	TRUE	FALSE	TRUE	TRUE	FALSE	FALSE
9430018G01Rik	0.0624863305086522	0.160854385629804	0.160854385629804	19	0	FALSE	0	0	0.483057557144266	-0.192846634457799	0.057204295809066	1.2349748706881	7.77049316402401e-14	7.77049316402401e-14	16	4	TRUE	4	0	2.60060908268509	-0.457890670914095	0.282165098104662	TRUE	TRUE	TRUE	FALSE	TRUE	FALSE	FALSE	FALSE	TRUE	TRUE	FALSE	FALSE
9430021M05Rik	-0.0248571864884093	0.104053223648878	0.104053223648878	33	0	FALSE	0	0	0.575212468374956	-0.396987174718149	-0.0183908920426092	0.0259646749968395	0.00915405194132433	0.00915405194132433	31	2	TRUE	1	1	0.953971271739192	-0.902041921745513	-0.0877209816451477	TRUE	TRUE	TRUE	FALSE	TRUE	FALSE	TRUE	FALSE	TRUE	TRUE	FALSE	FALSE
9630001P10Rik	-0.115972026991668	0.303066094519448	0.303066094519448	7	0	FALSE	0	0	0.362841363108621	-0.36052226408477	-0.09017075114006	0.793067403683787	0.00833981610857773	0.00833981610857773	10	3	TRUE	2	1	1.06067297857061	-0.840728466749017	-0.107554013346082	TRUE	TRUE	TRUE	FALSE	TRUE	FALSE	TRUE	FALSE	TRUE	TRUE	FALSE	FALSE
9930014A18Rik	-0.106648661883939	0.10036656015756	0.10036656015756	47	0	FALSE	0	0	0.282496420449231	-0.592373276105809	-0.110296580651532	0.105116168544429	0.00294995839351505	0.00294995839351505	45	2	TRUE	1	1	1.00166357075379	-0.791431233664933	-0.211694600016276	TRUE	TRUE	TRUE	FALSE	TRUE	FALSE	TRUE	FALSE	TRUE	TRUE	FALSE	FALSE
A330070K13Rik	-0.203333775998425	0.119951489809612	0.119951489809612	3	0	FALSE	0	0	-0.198385003645616	-0.582141412173055	-0.327953397272365	3.09040455168759	1.43313670928416e-08	1.43313670928416e-08	2	1	TRUE	1	0	3.09040455168759	0.0343911355759346	1.56239784363176	TRUE	TRUE	TRUE	FALSE	TRUE	FALSE	FALSE	FALSE	TRUE	TRUE	FALSE	FALSE
A430093F15Rik	-0.194377434453657	0.163844695205634	0.163844695205634	10	0	FALSE	0	0	0.0923055594709982	-0.447183448154048	-0.167839047042576	1.65461386699755	0.000368579354175379	0.000368579354175379	16	2	TRUE	2	0	1.83429351141406	-0.509649556343117	0.381363728888253	TRUE	TRUE	TRUE	FALSE	TRUE	FALSE	FALSE	FALSE	TRUE	TRUE	FALSE	FALSE
A630001O12Rik	-0.0582482988039964	0.159784146043952	0.159784146043952	60	0	FALSE	0	0	0.277570535497399	-0.457279604690475	-0.0543093089113472	1.0808487811445	3.36276626035569e-23	3.36276626035569e-23	55	9	TRUE	9	0	4.15507861742605	-0.570160280125196	0.186610531623408	TRUE	TRUE	TRUE	FALSE	TRUE	FALSE	FALSE	FALSE	TRUE	TRUE	FALSE	FALSE
A730020M07Rik	-0.13100748105801	0.0637145781374396	0.0637145781374396	23	0	FALSE	0	0	0.249784358695397	-0.799704487718338	-0.161314914352748	0.764515051087677	0.0305867101340961	0.0305867101340961	20	1	TRUE	1	0	0.764515051087677	-0.540167023222281	-0.0708277136565726	TRUE	TRUE	TRUE	FALSE	TRUE	FALSE	FALSE	FALSE	TRUE	TRUE	FALSE	FALSE
A730082K24Rik	-0.0943839163776188	0.0627457291417127	0.0627457291417127	89	0	FALSE	0	0	0.712276437379647	-0.671412924190026	-0.0900869029167849	-0.84560287860422	0.000518031017357352	0.000518031017357352	85	5	TRUE	1	4	1.10543033022211	-0.946616479179722	-0.274689185287379	TRUE	TRUE	TRUE	FALSE	TRUE	FALSE	TRUE	FALSE	TRUE	TRUE	FALSE	FALSE
A830018L16Rik	-0.177817755292308	0.0662058979845305	0.0662058979845305	45	0	FALSE	0	0	0.068525905545881	-0.720866040982825	-0.184135943766389	0.0523490757952945	2.02117506996619e-05	2.02117506996619e-05	50	4	TRUE	2	2	1.75439278227489	-0.841817882070976	-0.280365562662797	TRUE	TRUE	TRUE	FALSE	TRUE	FALSE	TRUE	FALSE	TRUE	TRUE	FALSE	FALSE
A930001A20Rik	-0.0520174823571453	0.246066234515831	0.246066234515831	24	0	FALSE	0	0	0.29054888496316	-0.407234473919829	-0.0630219433565934	1.30957061256121	4.46855584265313e-07	4.46855584265313e-07	21	6	TRUE	5	1	1.85785344311477	-1.00312579166926	0.0841562433142129	TRUE	TRUE	TRUE	FALSE	TRUE	FALSE	TRUE	FALSE	TRUE	TRUE	FALSE	FALSE
A930018P22Rik	0.0782531648072482	0.116954836100939	0.116954836100939	9	0	FALSE	0	0	0.520594667066749	-0.220147962512136	0.0859496841973854	0.69734410850233	0.0422080296280124	0.0422080296280124	7	1	TRUE	1	0	0.69734410850233	-0.518187646220918	-0.094017754607045	TRUE	TRUE	TRUE	FALSE	TRUE	FALSE	FALSE	FALSE	TRUE	TRUE	FALSE	FALSE
AA387883	-0.0763681458501395	0.0863305162074195	0.0863305162074195	51	0	FALSE	0	0	0.363116930015014	-0.754618616809609	-0.104848376345374	-0.894780517073227	0.0163456482312606	0.0163456482312606	49	4	TRUE	1	3	0.769786254667296	-0.990018093914846	-0.249739416076582	TRUE	TRUE	TRUE	FALSE	TRUE	FALSE	TRUE	FALSE	TRUE	TRUE	FALSE	FALSE
AA536875	-0.157601942217624	0.0933419840861864	0.0933419840861864	53	0	FALSE	0	0	0.280216773122209	-0.576072320752872	-0.123162349008611	1.24083532724085	2.97309921897295e-09	2.97309921897295e-09	52	6	TRUE	5	1	2.65829529078399	-1.00567770838145	0.00599409136430335	TRUE	TRUE	TRUE	FALSE	TRUE	FALSE	TRUE	FALSE	TRUE	TRUE	FALSE	FALSE
AW495222	0.00286755434592237	0.265313708637146	0.265313708637146	7	0	FALSE	0	0	0.358087230102407	-0.389296189907748	-0.0422437237482641	1.98263759660752	8.29879465738826e-13	8.29879465738826e-13	6	2	TRUE	2	0	2.78601861305456	-0.438107630278682	0.577290699461761	TRUE	TRUE	TRUE	FALSE	TRUE	FALSE	FALSE	FALSE	TRUE	TRUE	FALSE	FALSE
Aadac	-0.25841253701608	0.33982765645046	0.33982765645046	3	0	FALSE	0	0	-0.139289482573526	-0.335104074540083	-0.24426869804323	0.851583239849374	0.012193649277669	0.012193649277669	5	1	TRUE	1	0	0.851583239849374	-0.249745589995218	0.281843571097545	TRUE	TRUE	TRUE	FALSE	TRUE	FALSE	FALSE	FALSE	TRUE	TRUE	FALSE	FALSE
Aard	-0.12054493950216	0.0681779476902902	0.0681779476902902	17	0	FALSE	0	0	0.104212702535262	-0.579643581023492	-0.117263243096118	2.85441277411347	1.33205500858828e-29	1.33205500858828e-29	19	5	TRUE	5	0	3.55573458796849	-0.534131664682602	0.700221482650528	TRUE	TRUE	TRUE	FALSE	TRUE	FALSE	FALSE	FALSE	TRUE	TRUE	FALSE	FALSE
Abat	-0.0193725225028055	0.062975549359235	0.062975549359235	27	0	FALSE	0	0	0.572244583076712	-0.428157725982128	-0.0545064772626586	-0.881475022912562	5.94538216734976e-05	5.94538216734976e-05	20	3	TRUE	1	2	1.51956060078032	-1.02770574544125	-0.285224910144369	TRUE	TRUE	TRUE	FALSE	TRUE	FALSE	TRUE	FALSE	TRUE	TRUE	FALSE	FALSE
Abca1	-0.0725152754035277	0.216277524557405	0.216277524557405	50	0	FALSE	0	0	0.215861780608424	-0.435862264082957	-0.077699275245832	0.0394912964454985	8.40581541875461e-09	8.40581541875461e-09	48	4	TRUE	2	2	2.25077226213996	-1.1588287410419	-0.132775929560297	TRUE	TRUE	TRUE	FALSE	TRUE	FALSE	TRUE	FALSE	TRUE	TRUE	FALSE	FALSE
Abca8b	-0.076229773763279	0.250014030236361	0.250014030236361	12	0	FALSE	0	0	0.0583409645014887	-0.404689743749905	-0.0981124784816989	2.63886783690742	0.000293326119740391	0.000293326119740391	14	1	TRUE	1	0	2.63886783690742	-0.500999755032518	0.0288944706779827	TRUE	TRUE	TRUE	FALSE	TRUE	FALSE	FALSE	FALSE	TRUE	TRUE	FALSE	FALSE
Abcb9	-0.0232683602662995	0.073552250201615	0.073552250201615	15	0	FALSE	0	0	0.257643597495979	-0.57192343887907	-0.0417102574502694	0.760110090675339	0.0293434304141935	0.0293434304141935	17	1	TRUE	1	0	0.760110090675339	-0.550727955315735	-0.0878462856691688	TRUE	TRUE	TRUE	FALSE	TRUE	FALSE	FALSE	FALSE	TRUE	TRUE	FALSE	FALSE
Abtb1	-0.269680484857631	0.137139462343021	0.137139462343021	5	0	FALSE	0	0	0.0719329580482756	-0.488676383804352	-0.218409950057774	0.42705115341752	7.51563530409027e-06	7.51563530409027e-06	3	2	TRUE	1	1	1.62994362986116	-0.77584132302612	0.350836534253198	TRUE	TRUE	TRUE	FALSE	TRUE	FALSE	TRUE	FALSE	TRUE	TRUE	FALSE	FALSE
Acsbg1	-0.129098602607746	0.25144573282796	0.25144573282796	19	0	FALSE	0	0	0.396025748814454	-0.358181392371714	-0.0440687601022239	2.02202668696436	7.22182071868149e-17	7.22182071868149e-17	19	2	TRUE	2	0	3.09184067859373	-0.63554434345871	0.118510116044618	TRUE	TRUE	TRUE	FALSE	TRUE	FALSE	FALSE	FALSE	TRUE	TRUE	FALSE	FALSE
Acsl3	-0.0915563988642994	0.220239502272134	0.220239502272134	21	0	FALSE	0	0	0.296268245701965	-0.42385806891249	-0.10146030956327	-0.0424385701522385	0.0423681928909879	0.0423681928909879	25	2	TRUE	1	1	0.742953054138315	-0.827830194442792	-0.10008983314678	TRUE	TRUE	TRUE	FALSE	TRUE	FALSE	TRUE	FALSE	TRUE	TRUE	FALSE	FALSE
Actg1	0.0424251667620228	0.0830050074716983	0.0830050074716983	6	0	FALSE	0	0	0.511782161012226	-0.00700638404554168	0.135360588405336	1.35858930175281	3.59220743022385e-08	3.59220743022385e-08	4	1	TRUE	1	0	1.35858930175281	-0.273802997196088	0.184258867582743	TRUE	TRUE	TRUE	FALSE	TRUE	FALSE	FALSE	FALSE	TRUE	TRUE	FALSE	FALSE
Actl9	0.0601430089328633	0.23000636393754	0.23000636393754	4	0	FALSE	0	0	0.408144873547092	-0.0515989759654841	0.119207978861834	0.996688987869283	0.00381445854830165	0.00381445854830165	4	1	TRUE	1	0	0.996688987869283	-0.275312178452325	0.151528318276361	TRUE	TRUE	TRUE	FALSE	TRUE	FALSE	FALSE	FALSE	TRUE	TRUE	FALSE	FALSE
Actr3	-0.109228411868342	0.138131405596175	0.138131405596175	44	0	FALSE	0	0	0.231215812118805	-0.632045841121029	-0.131070779032477	0.77830035722089	0.0202037341164795	0.0202037341164795	38	3	TRUE	2	1	0.968755827873654	-0.938194223948143	-0.247157392748535	TRUE	TRUE	TRUE	FALSE	TRUE	FALSE	TRUE	FALSE	TRUE	TRUE	FALSE	FALSE
Adam10	-0.15179235567612	0.115772934039862	0.115772934039862	30	0	FALSE	0	0	0.131672743374657	-0.527377797158028	-0.159862822024245	0.06312991760414	0.0036760467706269	0.0036760467706269	32	4	TRUE	2	2	1.48431707552675	-0.91635738662401	-0.170168096997375	TRUE	TRUE	TRUE	FALSE	TRUE	FALSE	TRUE	FALSE	TRUE	TRUE	FALSE	FALSE
Adam11	-0.112415636925913	0.102177452140962	0.102177452140962	21	0	FALSE	0	0	0.520227013591416	-0.558117952376248	-0.0915167524611524	1.88739804319115	0.000108882730366181	0.000108882730366181	18	1	TRUE	1	0	1.88739804319115	-0.574934167528911	-0.0203481398962619	TRUE	TRUE	TRUE	FALSE	TRUE	FALSE	FALSE	FALSE	TRUE	TRUE	FALSE	FALSE
Adam19	-0.192307458097411	0.188955226663857	0.188955226663857	21	0	FALSE	0	0	0.462454212767597	-0.436264326859703	-0.154872607900354	-0.309373238151261	0.0018852670567884	0.0018852670567884	29	2	TRUE	1	1	0.808587047828768	-1.42733352413129	-0.292720658753777	TRUE	TRUE	TRUE	FALSE	TRUE	FALSE	TRUE	FALSE	TRUE	TRUE	FALSE	FALSE
Adam7	-0.0443653306337952	0.0850398722777566	0.0850398722777566	35	0	FALSE	0	0	0.557572929871967	-0.577435786973076	-0.0460876076948837	0.992201237684767	2.94846432746927e-08	2.94846432746927e-08	34	4	TRUE	3	1	3.78954736274808	-0.966449784588808	-0.0551097778627194	TRUE	TRUE	TRUE	FALSE	TRUE	FALSE	TRUE	FALSE	TRUE	TRUE	FALSE	FALSE
Adamts1	-0.0813954261382696	0.338375536643498	0.338375536643498	25	0	FALSE	0	0	0.328657865311153	-0.336252582475947	-0.0583241803755735	1.41204840765712	4.93936287117426e-06	4.93936287117426e-06	25	3	TRUE	2	1	2.2901587945547	-0.828281866633517	0.0780982396894508	TRUE	TRUE	TRUE	FALSE	TRUE	FALSE	TRUE	FALSE	TRUE	TRUE	FALSE	FALSE
Adamts10	-0.117532585376797	0.196449138801245	0.196449138801245	14	0	FALSE	0	0	0.42716114210229	-0.289934367867325	-0.0524964754026445	2.99332889617203	1.39303548633232e-12	1.39303548633232e-12	17	2	TRUE	2	0	4.20165597620138	-0.506095614405759	0.267550833606346	TRUE	TRUE	TRUE	FALSE	TRUE	FALSE	FALSE	FALSE	TRUE	TRUE	FALSE	FALSE
Adamts16	-0.0441387392181876	0.168728425351279	0.168728425351279	35	0	FALSE	0	0	0.293031142376216	-0.459859939664541	-0.0829854803035635	1.60487811563077	2.49161561566683e-11	2.49161561566683e-11	35	2	TRUE	2	0	2.33843387893969	-0.602967791665738	-0.0845053692938363	TRUE	TRUE	TRUE	FALSE	TRUE	FALSE	FALSE	FALSE	TRUE	TRUE	FALSE	FALSE
Adamts6	-0.133735205345684	0.187792390031519	0.187792390031519	37	0	FALSE	0	0	0.389577084396094	-0.453249304444804	-0.109347622506254	0.0705359961060085	0.00156130166864247	0.00156130166864247	38	4	TRUE	2	2	1.28723708650267	-0.804610461894822	-0.0750277158978391	TRUE	TRUE	TRUE	FALSE	TRUE	FALSE	TRUE	FALSE	TRUE	TRUE	FALSE	FALSE
Adcy1	-0.12050322161796	0.114931044125452	0.114931044125452	58	0	FALSE	0	0	0.605910786112917	-0.483425084759321	-0.116683142762171	1.45000949115496	1.26311685054999e-34	1.26311685054999e-34	79	20	TRUE	19	1	3.90375890375803	-1.19393097382843	0.347377550555954	TRUE	TRUE	TRUE	FALSE	TRUE	FALSE	TRUE	FALSE	TRUE	TRUE	FALSE	FALSE
Adcy8	-0.109811826108091	0.160019628473217	0.160019628473217	91	0	FALSE	0	0	0.298005587420362	-0.515093098827329	-0.116227817975888	-0.768141319586634	3.35970507179361e-12	3.35970507179361e-12	89	9	TRUE	4	5	2.96917731180997	-1.23771253426612	-0.156897371657506	TRUE	TRUE	TRUE	FALSE	TRUE	FALSE	TRUE	FALSE	TRUE	TRUE	FALSE	FALSE
Adcy9	-0.115613902788973	0.241284603158623	0.241284603158623	23	0	FALSE	0	0	0.322102465446053	-0.395718665053593	-0.100572684974124	-0.030532124650768	0.0104526689680917	0.0104526689680917	22	2	TRUE	1	1	0.90133977654928	-0.962404025850816	-0.264209923643312	TRUE	TRUE	TRUE	FALSE	TRUE	FALSE	TRUE	FALSE	TRUE	TRUE	FALSE	FALSE
Add3	-0.147297802573886	0.058658340878389	0.058658340878389	24	0	FALSE	0	0	0.232468456136265	-0.74539378681322	-0.154031031222726	1.6924468609286	1.00217965405521e-05	1.00217965405521e-05	27	1	TRUE	1	0	1.6924468609286	-0.712599891511216	-0.10546469975835	TRUE	TRUE	TRUE	FALSE	TRUE	FALSE	FALSE	FALSE	TRUE	TRUE	FALSE	FALSE
Adgb	-0.0771237091734009	0.171980105644825	0.171980105644825	47	0	FALSE	0	0	0.104721195596866	-0.481702516463299	-0.0957251002390065	-0.989707601232339	4.1998461619281e-10	4.1998461619281e-10	48	4	TRUE	1	3	2.8949049494713	-1.49581053543659	-0.161476179994048	TRUE	TRUE	TRUE	FALSE	TRUE	FALSE	TRUE	FALSE	TRUE	TRUE	FALSE	FALSE
Adk	-0.1105791088147	0.0710378870739565	0.0710378870739565	44	0	FALSE	0	0	0.617211056667154	-0.634807708128493	-0.108587815815482	0.757164707669987	0.0348033800937219	0.0348033800937219	42	1	TRUE	1	0	0.757164707669987	-0.817626490086174	-0.178391361636544	TRUE	TRUE	TRUE	FALSE	TRUE	FALSE	FALSE	FALSE	TRUE	TRUE	FALSE	FALSE
Agbl2	-0.0702842945038274	0.360561206242371	0.360561206242371	7	0	FALSE	0	0	0.324411485627458	-0.187479224630805	0.000171506381588712	0.889355398454714	0.0175467556220483	0.0175467556220483	10	1	TRUE	1	0	0.889355398454714	-0.279237000807361	0.0149195693140514	TRUE	TRUE	TRUE	FALSE	TRUE	FALSE	FALSE	FALSE	TRUE	TRUE	FALSE	FALSE
Ahdc1	-0.0796042635663727	0.123258179524228	0.123258179524228	35	0	FALSE	0	0	0.241704539127687	-0.530426877411709	-0.0894293109759176	0.353771800911206	2.35192733334933e-05	2.35192733334933e-05	36	2	TRUE	1	1	1.48567241100723	-0.778128809184817	-0.151549508384238	TRUE	TRUE	TRUE	FALSE	TRUE	FALSE	TRUE	FALSE	TRUE	TRUE	FALSE	FALSE
Ahi1	-0.109909708034085	0.114713518550399	0.114713518550399	59	0	FALSE	0	0	0.391682773687695	-0.541277965578008	-0.115537227161734	0.49039772878879	2.80716356296395e-15	2.80716356296395e-15	63	2	TRUE	1	1	2.60386644300744	-1.62307098542986	-0.298028298465168	TRUE	TRUE	TRUE	FALSE	TRUE	FALSE	TRUE	FALSE	TRUE	TRUE	FALSE	FALSE
Aig1	-0.0982359383602979	0.176440453842418	0.176440453842418	47	0	FALSE	0	0	0.389888013627778	-0.466574776798882	-0.0883083578535062	1.2894764391102	8.31455211865488e-06	8.31455211865488e-06	51	5	TRUE	3	2	1.72043935322064	-0.906089253345082	-0.0951578527612395	TRUE	TRUE	TRUE	FALSE	TRUE	FALSE	TRUE	FALSE	TRUE	TRUE	FALSE	FALSE
Akirin2	-0.185494700928825	0.257993289100125	0.257993289100125	31	0	FALSE	0	0	0.311180997864182	-0.399683482303529	-0.124541786548185	1.35964330131052	0.00223214125465633	0.00223214125465633	29	1	TRUE	1	0	1.35964330131052	-0.619528257485098	-0.114470055733911	TRUE	TRUE	TRUE	FALSE	TRUE	FALSE	FALSE	FALSE	TRUE	TRUE	FALSE	FALSE
Akr1b8	0.0797475776839041	0.127941550632993	0.127941550632993	7	0	FALSE	0	0	0.523456581440873	-0.133039365937599	0.0863538656879887	0.817976637526504	0.0434210642065134	0.0434210642065134	11	1	TRUE	1	0	0.817976637526504	-0.406900071536012	0.143825060190212	TRUE	TRUE	TRUE	FALSE	TRUE	FALSE	FALSE	FALSE	TRUE	TRUE	FALSE	FALSE
Aldh1l1	0.0295763057041311	0.105124125097392	0.105124125097392	29	0	FALSE	0	0	0.510619846808586	-0.250305353526342	0.0937358206787569	0.778838292977009	0.0190388113180011	0.0190388113180011	26	2	TRUE	2	0	0.833113456146816	-0.621679355398977	-0.0404909669802035	TRUE	TRUE	TRUE	FALSE	TRUE	FALSE	FALSE	FALSE	TRUE	TRUE	FALSE	FALSE
Aldh3a1	-0.120018797696758	0.353550001050693	0.353550001050693	11	0	FALSE	0	0	0.327975059051226	-0.213739403521101	-0.0226756273300441	0.895684524730919	0.0348852326360494	0.0348852326360494	11	1	TRUE	1	0	0.895684524730919	-0.253803236110814	0.121561979892805	TRUE	TRUE	TRUE	FALSE	TRUE	FALSE	FALSE	FALSE	TRUE	TRUE	FALSE	FALSE
Aldob	-0.111662235423934	0.151199868322088	0.151199868322088	8	0	FALSE	0	0	0.00666696917631694	-0.538788669895283	-0.160405576065172	1.30680544302621	0.000378869288680224	0.000378869288680224	9	1	TRUE	1	0	1.30680544302621	-0.511029799662161	-0.0256902380195563	TRUE	TRUE	TRUE	FALSE	TRUE	FALSE	FALSE	FALSE	TRUE	TRUE	FALSE	FALSE
Alg14	-0.109546176474925	0.165397173289713	0.165397173289713	17	0	FALSE	0	0	0.23665659035398	-0.502173955662987	-0.0912764550665798	0.0632220495385665	0.00837216358461578	0.00837216358461578	20	2	TRUE	1	1	0.96278004707206	-0.836335947994927	-0.154025270616044	TRUE	TRUE	TRUE	FALSE	TRUE	FALSE	TRUE	FALSE	TRUE	TRUE	FALSE	FALSE
Alg8	-0.158121844449095	0.341619482841539	0.341619482841539	6	0	FALSE	0	0	0.334427767637825	-0.206924027607406	-0.0830297202465992	0.789770486294255	0.0449944145969666	0.0449944145969666	10	1	TRUE	1	0	0.789770486294255	-0.687916458961567	-0.0914166724174891	TRUE	TRUE	TRUE	FALSE	TRUE	FALSE	FALSE	FALSE	TRUE	TRUE	FALSE	FALSE
Alkbh8	-0.0246243004615997	0.833575323807387	0.833575323807387	3	0	FALSE	0	0	0.0233219403130657	-0.0930137167941161	-0.0314386923142167	1.19983018583298	0.010504440691703	0.010504440691703	8	1	TRUE	1	0	1.19983018583298	-0.435961493083976	-0.0773863206862423	TRUE	TRUE	TRUE	FALSE	TRUE	FALSE	FALSE	FALSE	TRUE	TRUE	FALSE	FALSE
Amotl1	-0.130037982391838	0.152954151912381	0.152954151912381	38	0	FALSE	0	0	0.23450551781083	-0.486946726136654	-0.139589772705583	0.190608030486355	4.17936629428476e-06	4.17936629428476e-06	35	2	TRUE	1	1	1.19697599930212	-0.81575993832941	-0.230195053806837	TRUE	TRUE	TRUE	FALSE	TRUE	FALSE	TRUE	FALSE	TRUE	TRUE	FALSE	FALSE
Amotl2	-0.0568734726416725	0.377338043894483	0.377338043894483	13	0	FALSE	0	0	0.142478455902549	-0.313097747818571	-0.0686194569997599	0.856288955945389	0.0200307066276963	0.0200307066276963	12	1	TRUE	1	0	0.856288955945389	-0.465506333987717	-0.0382931471188308	TRUE	TRUE	TRUE	FALSE	TRUE	FALSE	FALSE	FALSE	TRUE	TRUE	FALSE	FALSE
Amph	-0.170143833984176	0.114789383218154	0.114789383218154	60	0	FALSE	0	0	0.242431219250964	-0.508494101774736	-0.159872885416876	1.15218068437137	0.00344257276909393	0.00344257276909393	50	1	TRUE	1	0	1.15218068437137	-0.718130199153398	-0.267063398248013	TRUE	TRUE	TRUE	FALSE	TRUE	FALSE	FALSE	FALSE	TRUE	TRUE	FALSE	FALSE
Angptl2	-0.105814354035496	0.0933921807638557	0.0933921807638557	33	0	FALSE	0	0	0.560958807281454	-0.423511694881904	-0.10706571873305	0.951467807704579	0.00577651409003541	0.00577651409003541	37	1	TRUE	1	0	0.951467807704579	-0.735013433128637	-0.180253777550638	TRUE	TRUE	TRUE	FALSE	TRUE	FALSE	FALSE	FALSE	TRUE	TRUE	FALSE	FALSE
Ankdd1a	-0.0758376939991791	0.261747184764303	0.261747184764303	13	0	FALSE	0	0	0.285864070651583	-0.380550084344943	-0.0831959492184771	0.756350707702272	0.013599695234487	0.013599695234487	12	1	TRUE	1	0	0.756350707702272	-0.468798236838002	-0.180087753289121	TRUE	TRUE	TRUE	FALSE	TRUE	FALSE	FALSE	FALSE	TRUE	TRUE	FALSE	FALSE
Ankef1	-0.071799991244058	0.0743521890934384	0.0743521890934384	29	0	FALSE	0	0	0.69803714576321	-0.425859136789218	0.00501929655458484	2.50584764842142	1.11544294861185e-09	1.11544294861185e-09	36	4	TRUE	4	0	2.98980818092197	-0.806884158274318	0.100575097564208	TRUE	TRUE	TRUE	FALSE	TRUE	FALSE	FALSE	FALSE	TRUE	TRUE	FALSE	FALSE
Ankrd33b	-0.0350696088314846	0.179559188912381	0.179559188912381	32	0	FALSE	0	0	0.48449809066821	-0.30996924467325	0.00123076711411065	1.70051133156924	5.96859817009406e-07	5.96859817009406e-07	27	1	TRUE	1	0	1.70051133156924	-0.68386547836676	-0.0605063144731776	TRUE	TRUE	TRUE	FALSE	TRUE	FALSE	FALSE	FALSE	TRUE	TRUE	FALSE	FALSE
Ankrd6	-0.0495756781097237	0.0822577833915949	0.0822577833915949	42	0	FALSE	0	0	0.562497066990581	-0.416899584905064	-0.0135372996505245	-0.792854148224333	1.51051805579479e-06	1.51051805579479e-06	39	3	TRUE	1	2	1.49457958010502	-0.858051678345533	-0.163973845487295	TRUE	TRUE	TRUE	FALSE	TRUE	FALSE	TRUE	FALSE	TRUE	TRUE	FALSE	FALSE
Anp32b	-0.104143020542403	0.305567721580936	0.305567721580936	7	0	FALSE	0	0	0.0954843843709817	-0.360863364162372	-0.129702611784056	1.60499385530717	5.90656785545452e-05	5.90656785545452e-05	7	1	TRUE	1	0	1.60499385530717	-0.423847574912649	0.164540911776702	TRUE	TRUE	TRUE	FALSE	TRUE	FALSE	FALSE	FALSE	TRUE	TRUE	FALSE	FALSE
Aopep	-0.0969858148506948	0.0533328322884213	0.0533328322884213	83	0	FALSE	0	0	0.524487832977155	-0.691535218510206	-0.116204155458579	-0.778567617977284	0.0130257143311429	0.0130257143311429	86	3	TRUE	1	2	0.867719037506944	-0.811958614623728	-0.250177428583538	TRUE	TRUE	TRUE	FALSE	TRUE	FALSE	TRUE	FALSE	TRUE	TRUE	FALSE	FALSE
Aox1	-0.0932743021366693	0.477793937203161	0.477793937203161	14	0	FALSE	0	0	0.178900368629686	-0.259527960959784	-0.0722051879272448	1.46001348409456	3.59459354172648e-09	3.59459354172648e-09	15	6	TRUE	4	2	2.03734608707457	-0.852446403231243	0.253128506761031	TRUE	TRUE	TRUE	FALSE	TRUE	FALSE	TRUE	FALSE	TRUE	TRUE	FALSE	FALSE
Apcdd1	-0.0897235430979433	0.197535945908884	0.197535945908884	37	0	FALSE	0	0	0.441824313553228	-0.423562567764537	-0.0693960886116777	1.42423947622835	9.50304037091949e-05	9.50304037091949e-05	29	3	TRUE	2	1	1.71356334012476	-0.827593068285842	-0.0989206910228967	TRUE	TRUE	TRUE	FALSE	TRUE	FALSE	TRUE	FALSE	TRUE	TRUE	FALSE	FALSE
Apln	-0.118626654951975	0.154411357866149	0.154411357866149	18	0	FALSE	0	0	0.30711802338266	-0.521410709647528	-0.104742858855876	0.997433663424156	2.16782615239932e-06	2.16782615239932e-06	23	3	TRUE	3	0	1.53590097142354	-0.898259731458009	0.131911301743315	TRUE	TRUE	TRUE	FALSE	TRUE	FALSE	FALSE	FALSE	TRUE	TRUE	FALSE	FALSE
Appl2	-0.140962649488527	0.251485731852728	0.251485731852728	21	0	FALSE	0	0	0.1709082940765	-0.396349550563396	-0.138680979621375	-0.854403174483131	0.00382618537424921	0.00382618537424921	22	3	TRUE	1	2	1.05028853668271	-0.947168369673026	-0.15125616255078	TRUE	TRUE	TRUE	FALSE	TRUE	FALSE	TRUE	FALSE	TRUE	TRUE	FALSE	FALSE
Aqp11	0.0684574098829229	0.257621313534205	0.257621313534205	7	0	FALSE	0	0	0.396705841964698	-0.175400293487166	0.0560924912532652	1.66290696633321	5.69524076704775e-05	5.69524076704775e-05	12	1	TRUE	1	0	1.66290696633321	-0.373092423830309	0.113776090379536	TRUE	TRUE	TRUE	FALSE	TRUE	FALSE	FALSE	FALSE	TRUE	TRUE	FALSE	FALSE
Aqp6	-0.117499899670893	0.312891619572749	0.312891619572749	6	0	FALSE	0	0	0.35290559889325	-0.281013360405342	-0.0359834893560539	1.99253294614157	5.21194362629695e-12	5.21194362629695e-12	6	1	TRUE	1	0	1.99253294614157	-0.11158962118572	0.432593874998333	TRUE	TRUE	TRUE	FALSE	TRUE	FALSE	FALSE	FALSE	TRUE	TRUE	FALSE	FALSE
Aqp9	-0.0853988332879169	0.252068057032953	0.252068057032953	18	0	FALSE	0	0	0.240801039725743	-0.402583819792838	-0.06939870601778	0.911752053588616	0.00545402536929926	0.00545402536929926	22	3	TRUE	2	1	1.50612226430302	-0.892202844714036	0.00209734085793827	TRUE	TRUE	TRUE	FALSE	TRUE	FALSE	TRUE	FALSE	TRUE	TRUE	FALSE	FALSE
Arap2	-0.0953760289867916	0.183382173230493	0.183382173230493	53	0	FALSE	0	0	0.259488779801299	-0.453552783690708	-0.0929688081861247	0.759548505981235	0.0010253917581358	0.0010253917581358	63	3	TRUE	2	1	0.809337806341621	-2.29333847024103	-0.206473289139069	TRUE	TRUE	TRUE	FALSE	TRUE	FALSE	TRUE	FALSE	TRUE	TRUE	FALSE	FALSE
Arf6	-0.0979982613799085	0.565639317991368	0.565639317991368	9	0	FALSE	0	0	0.161642096581594	-0.208313347726042	-0.0663038821094081	2.14005778081403	4.98839087503147e-06	4.98839087503147e-06	10	1	TRUE	1	0	2.14005778081403	-0.351307154155417	0.296916449040195	TRUE	TRUE	TRUE	FALSE	TRUE	FALSE	FALSE	FALSE	TRUE	TRUE	FALSE	FALSE
Arhgap26	-0.108976493069142	0.0633151566720752	0.0633151566720752	143	0	FALSE	0	0	0.634786528246799	-0.624458227010851	-0.087640737298501	1.75691117515142	2.80460113485705e-36	2.80460113485705e-36	156	45	TRUE	42	3	4.97138972757565	-1.09622663452981	0.534185686435783	TRUE	TRUE	TRUE	FALSE	TRUE	FALSE	TRUE	FALSE	TRUE	TRUE	FALSE	FALSE
Arhgef38	-0.0606367407034998	0.11405963618946	0.11405963618946	22	0	FALSE	0	0	0.176681501782378	-0.575984637454607	-0.085135164361768	2.02734111703907	5.35072762993642e-17	5.35072762993642e-17	25	5	TRUE	5	0	3.32383023917985	-0.395229067398751	0.339743405866815	TRUE	TRUE	TRUE	FALSE	TRUE	FALSE	FALSE	FALSE	TRUE	TRUE	FALSE	FALSE
Arhgef5	0.0290158355812163	0.0760029222257407	0.0760029222257407	12	0	FALSE	0	0	0.57156228715914	-0.322707805270585	0.0197515015573708	1.33473849954654	1.03262199368247e-05	1.03262199368247e-05	12	1	TRUE	1	0	1.33473849954654	-0.32727003808042	0.0289348541693176	TRUE	TRUE	TRUE	FALSE	TRUE	FALSE	FALSE	FALSE	TRUE	TRUE	FALSE	FALSE
Arl14	-0.0719297686002103	0.123334974775012	0.123334974775012	17	0	FALSE	0	0	0.500185258055738	-0.559368541134724	-0.0859818962368232	0.994255711677935	0.00379517993108166	0.00379517993108166	14	1	TRUE	1	0	0.994255711677935	-0.680466323628864	-0.0994547676262116	TRUE	TRUE	TRUE	FALSE	TRUE	FALSE	FALSE	FALSE	TRUE	TRUE	FALSE	FALSE
Arl14ep	-0.119350719385321	0.0943436145394324	0.0943436145394324	35	0	FALSE	0	0	0.605038721084393	-0.534890096071199	-0.111260772481239	0.950984099025292	0.0045497113137043	0.0045497113137043	36	1	TRUE	1	0	0.950984099025292	-0.653393232800376	-0.186209762530012	TRUE	TRUE	TRUE	FALSE	TRUE	FALSE	FALSE	FALSE	TRUE	TRUE	FALSE	FALSE
Armh4	-0.0580355129371716	0.327257124043204	0.327257124043204	25	0	FALSE	0	0	0.346209682177006	-0.321782082754469	-0.0398647609342116	0.982579027957111	2.35862811956246e-14	2.35862811956246e-14	31	8	TRUE	6	2	3.27626444150458	-1.72738261005251	0.173356682998409	TRUE	TRUE	TRUE	FALSE	TRUE	FALSE	TRUE	FALSE	TRUE	TRUE	FALSE	FALSE
Arrdc3	-0.172263459387716	0.0830455646674484	0.0830455646674484	82	0	FALSE	0	0	0.196474840681639	-0.656916218122461	-0.178185191473395	-0.84325812272738	0.00876966079721231	0.00876966079721231	74	4	TRUE	1	3	0.857305372111092	-1.12170811417977	-0.299021820178333	TRUE	TRUE	TRUE	FALSE	TRUE	FALSE	TRUE	FALSE	TRUE	TRUE	FALSE	FALSE
Arrdc4	-0.113900881016625	0.170345990843573	0.170345990843573	62	0	FALSE	0	0	0.289879521247474	-0.500327890864518	-0.122762141376491	-1.07975927569945	1.74322145038569e-09	1.74322145038569e-09	69	4	TRUE	1	3	2.43756813430439	-1.60819888274175	-0.236537202554179	TRUE	TRUE	TRUE	FALSE	TRUE	FALSE	TRUE	FALSE	TRUE	TRUE	FALSE	FALSE
Asb15	-0.046234191001052	0.213988111469415	0.213988111469415	12	0	FALSE	0	0	0.271021388008142	-0.424629348472439	-0.0556590960098616	1.83212753019801	6.87709001503616e-07	6.87709001503616e-07	11	2	TRUE	2	0	2.19489522973784	-0.7410160171805	0.0801159279902429	TRUE	TRUE	TRUE	FALSE	TRUE	FALSE	FALSE	FALSE	TRUE	TRUE	FALSE	FALSE
Asic1	-0.0708183802265168	0.149496813740869	0.149496813740869	11	0	FALSE	0	0	0.24573970845768	-0.513712291992021	-0.080731787312084	1.2784303860081	0.0019403918709745	0.0019403918709745	9	1	TRUE	1	0	1.2784303860081	-0.556012265893232	-0.154758280082987	TRUE	TRUE	TRUE	FALSE	TRUE	FALSE	FALSE	FALSE	TRUE	TRUE	FALSE	FALSE
Asxl3	-0.102179538768963	0.111263478680975	0.111263478680975	45	0	FALSE	0	0	0.498819494481536	-0.539859015555765	-0.127504450207123	-0.936292236477711	0.0153443593677553	0.0153443593677553	48	4	TRUE	1	3	0.82304443061014	-0.986962186605876	-0.241066775238929	TRUE	TRUE	TRUE	FALSE	TRUE	FALSE	TRUE	FALSE	TRUE	TRUE	FALSE	FALSE
Atf3	-0.0661335093900578	0.109002234313446	0.109002234313446	12	0	FALSE	0	0	0.167809481885645	-0.581608594722866	-0.0961224024931373	1.25513171145743	0.00143498569464119	0.00143498569464119	11	1	TRUE	1	0	1.25513171145743	-0.580566009779194	-0.160023092012897	TRUE	TRUE	TRUE	FALSE	TRUE	FALSE	FALSE	FALSE	TRUE	TRUE	FALSE	FALSE
Atf7ip	-0.146913265517713	0.0986456748820379	0.0986456748820379	24	0	FALSE	0	0	0.0425944747720701	-0.553530272068919	-0.188697767279882	-0.80816684863684	0.0220609126509638	0.0220609126509638	27	3	TRUE	1	2	0.842852102784189	-0.852867617098166	-0.232501340806797	TRUE	TRUE	TRUE	FALSE	TRUE	FALSE	TRUE	FALSE	TRUE	TRUE	FALSE	FALSE
Atoh7	-0.0298744825296057	0.798668652231666	0.798668652231666	5	0	FALSE	0	0	0.0371569197389722	-0.10926296928667	-0.0303782319784302	1.62847737666651	7.3881416443658e-05	7.3881416443658e-05	5	1	TRUE	1	0	1.62847737666651	-0.43367672711025	0.0907742616456696	TRUE	TRUE	TRUE	FALSE	TRUE	FALSE	FALSE	FALSE	TRUE	TRUE	FALSE	FALSE
Atp1a4	-0.0637078662840165	0.395425882950843	0.395425882950843	7	0	FALSE	0	0	0.0695659134745335	-0.303258898015383	-0.0916786000390871	1.58929221904314	0.000872313661736691	0.000872313661736691	8	1	TRUE	1	0	1.58929221904314	-0.664520943549263	0.179751498810452	TRUE	TRUE	TRUE	FALSE	TRUE	FALSE	FALSE	FALSE	TRUE	TRUE	FALSE	FALSE
Atp2c1	-0.136832038777306	0.239884452555901	0.239884452555901	28	0	FALSE	0	0	0.0304114652330378	-0.416142402791735	-0.161464692691004	-0.00682821993302651	0.0221441452876171	0.0221441452876171	34	2	TRUE	1	1	0.874919115382505	-0.888575555248558	-0.263561817502243	TRUE	TRUE	TRUE	FALSE	TRUE	FALSE	TRUE	FALSE	TRUE	TRUE	FALSE	FALSE
Atp8b1	-0.0797050869851932	0.0843064584137488	0.0843064584137488	44	0	FALSE	0	0	0.461755423249061	-0.587500814535625	-0.0850678396028264	1.33162518504778	4.4488396405731e-12	4.4488396405731e-12	47	7	TRUE	6	1	2.59005075645033	-0.950312562093886	0.0279888708578834	TRUE	TRUE	TRUE	FALSE	TRUE	FALSE	TRUE	FALSE	TRUE	TRUE	FALSE	FALSE
Aven	-0.101254275372889	0.452234812049375	0.452234812049375	9	0	FALSE	0	0	0.0199323344892139	-0.266687017010788	-0.0956124247187231	1.11568442428932	0.00485886058506677	0.00485886058506677	11	1	TRUE	1	0	1.11568442428932	-0.666355280995	-0.150225203688443	TRUE	TRUE	TRUE	FALSE	TRUE	FALSE	FALSE	FALSE	TRUE	TRUE	FALSE	FALSE
Azi2	-0.109201228188764	0.306894534459643	0.306894534459643	43	0	FALSE	0	0	0.344570548579817	-0.359821439469281	-0.0791502972225434	0.730062557635768	2.27241115955856e-05	2.27241115955856e-05	44	5	TRUE	3	2	2.93698113510552	-0.871274004314068	-0.0700802839817136	TRUE	TRUE	TRUE	FALSE	TRUE	FALSE	TRUE	FALSE	TRUE	TRUE	FALSE	FALSE
B230216N24Rik	-0.0419687326171574	0.343502416928808	0.343502416928808	16	0	FALSE	0	0	0.225515748220621	-0.333310505044045	-0.0569896586348541	0.824844746431801	0.0153384823484061	0.0153384823484061	18	2	TRUE	2	0	0.867578388272432	-0.713494210334456	-0.222733204992747	TRUE	TRUE	TRUE	FALSE	TRUE	FALSE	FALSE	FALSE	TRUE	TRUE	FALSE	FALSE
B3gat2	-0.0977683801522503	0.101507025910513	0.101507025910513	23	0	FALSE	0	0	0.584546461606858	-0.36004788751506	-0.101167232633206	1.51608623949773	4.85886560292857e-05	4.85886560292857e-05	22	1	TRUE	1	0	1.51608623949773	-0.468679559576064	0.00532914057314938	TRUE	TRUE	TRUE	FALSE	TRUE	FALSE	FALSE	FALSE	TRUE	TRUE	FALSE	FALSE
BB014433	0.0736744289409494	0.146102822592092	0.146102822592092	10	0	FALSE	0	0	0.463287846602265	-0.130656979038651	0.10462323153923	1.57152475032134	2.92477941503399e-10	2.92477941503399e-10	8	2	TRUE	2	0	1.88441293169418	-0.331825930153249	0.339669070958142	TRUE	TRUE	TRUE	FALSE	TRUE	FALSE	FALSE	FALSE	TRUE	TRUE	FALSE	FALSE
BB123696	-0.120351751613425	0.0688846928396816	0.0688846928396816	39	0	FALSE	0	0	0.365337214431444	-0.677791552511393	-0.115771389651533	0.857707568153206	7.63177141505651e-05	7.63177141505651e-05	45	3	TRUE	2	1	1.17237961369736	-1.03777920415474	-0.180039504301796	TRUE	TRUE	TRUE	FALSE	TRUE	FALSE	TRUE	FALSE	TRUE	TRUE	FALSE	FALSE
BB218582	-0.0572371140118391	0.442355383696976	0.442355383696976	11	0	FALSE	0	0	0.0530056114143849	-0.268820396088918	-0.0791608519908774	1.18805949957668	0.000864002092613488	0.000864002092613488	12	2	TRUE	2	0	1.30480717333805	-0.548811241192345	0.0910682581211439	TRUE	TRUE	TRUE	FALSE	TRUE	FALSE	FALSE	FALSE	TRUE	TRUE	FALSE	FALSE
BC048671	-0.258435989539812	0.337699775204993	0.337699775204993	3	0	FALSE	0	0	0.252727495189301	-0.33749007829696	-0.114399524215824	1.11580324917147	0.000718116572830895	0.000718116572830895	4	1	TRUE	1	0	1.11580324917147	-0.653273888936701	0.0374367153174593	TRUE	TRUE	TRUE	FALSE	TRUE	FALSE	FALSE	FALSE	TRUE	TRUE	FALSE	FALSE
Baalc	-0.125109038207114	0.195435391526697	0.195435391526697	21	0	FALSE	0	0	0.38777732138739	-0.483931963381429	-0.0861146697054333	0.415474710712174	4.61652161480486e-05	4.61652161480486e-05	27	4	TRUE	2	2	2.22515889678816	-0.76838516176494	-0.0367161554027366	TRUE	TRUE	TRUE	FALSE	TRUE	FALSE	TRUE	FALSE	TRUE	TRUE	FALSE	FALSE
Bace2	-0.0966888675356216	0.0638194769558055	0.0638194769558055	42	0	FALSE	0	0	0.351568569205677	-0.641494640233069	-0.0909765490506665	1.05000171195374	3.27602727801669e-05	3.27602727801669e-05	49	3	TRUE	3	0	2.18345732346273	-0.444670883578678	-0.0160300599537493	TRUE	TRUE	TRUE	FALSE	TRUE	FALSE	FALSE	FALSE	TRUE	TRUE	FALSE	FALSE
Bank1	-0.121729836907021	0.193473799238236	0.193473799238236	59	0	FALSE	0	0	0.426597856718562	-0.461645163750006	-0.100748194258961	1.92769043441097	4.30954184881056e-29	4.30954184881056e-29	68	6	TRUE	5	1	3.51137150555807	-0.800210273512564	0.0401401828880615	TRUE	TRUE	TRUE	FALSE	TRUE	FALSE	TRUE	FALSE	TRUE	TRUE	FALSE	FALSE
Barhl2	-0.100431122045199	0.27185286635938	0.27185286635938	38	0	FALSE	0	0	0.213324559299316	-0.38098177164198	-0.0903587454319989	1.57836823004956	2.84216688915101e-12	2.84216688915101e-12	42	5	TRUE	5	0	2.83320264253532	-0.793647112223207	0.124971602140607	TRUE	TRUE	TRUE	FALSE	TRUE	FALSE	FALSE	FALSE	TRUE	TRUE	FALSE	FALSE
Baz2b	-0.115961814067363	0.0854365829756767	0.0854365829756767	57	0	FALSE	0	0	0.546099433390823	-0.590043660739217	-0.111050575275085	2.56305711574653	1.89437765253078e-08	1.89437765253078e-08	53	1	TRUE	1	0	2.56305711574653	-0.582402492935341	-0.153359636591923	TRUE	TRUE	TRUE	FALSE	TRUE	FALSE	FALSE	FALSE	TRUE	TRUE	FALSE	FALSE
Bbs10	-0.0967632976280852	0.177482937564459	0.177482937564459	20	0	FALSE	0	0	0.261284502980081	-0.475087174965293	-0.0921432376446611	1.9797576541219	7.42583914220273e-07	7.42583914220273e-07	21	2	TRUE	2	0	2.68365922421481	-0.5503281969664	0.0822132867263168	TRUE	TRUE	TRUE	FALSE	TRUE	FALSE	FALSE	FALSE	TRUE	TRUE	FALSE	FALSE
Bbx	-0.139764199442354	0.0670616448752055	0.0670616448752055	79	0	FALSE	0	0	0.616617012658642	-0.636200323733677	-0.106741704954515	0.750026756755405	0.0349744112201218	0.0349744112201218	74	1	TRUE	1	0	0.750026756755405	-0.835645905995736	-0.232796510464073	TRUE	TRUE	TRUE	FALSE	TRUE	FALSE	FALSE	FALSE	TRUE	TRUE	FALSE	FALSE
Bckdhb	-0.137207719026769	0.053745255101576	0.053745255101576	99	0	FALSE	0	0	0.853493871654727	-0.566911617086419	-0.140956691413668	0.847428260212673	5.96654419807182e-11	5.96654419807182e-11	97	7	TRUE	4	3	3.31094156618855	-1.41650342527614	-0.157012792144165	TRUE	TRUE	TRUE	FALSE	TRUE	FALSE	TRUE	FALSE	TRUE	TRUE	FALSE	FALSE
Bcl2l15	0.21614930497412	0.563358152467539	0.563358152467539	1	0	FALSE	0	0	0.21614930497412	0.21614930497412	0.21614930497412	1.24790130602866	0.00027792729006434	0.00027792729006434	5	1	TRUE	1	0	1.24790130602866	-0.306822835079461	0.378367473041997	TRUE	TRUE	TRUE	FALSE	TRUE	FALSE	FALSE	FALSE	TRUE	TRUE	FALSE	FALSE
Bcl6	-0.103789580977827	0.173615859826619	0.173615859826619	25	0	FALSE	0	0	0.350381162515094	-0.460748964413154	-0.10432266770164	0.894182106021127	0.0128051179896191	0.0128051179896191	24	1	TRUE	1	0	0.894182106021127	-0.579614833767471	-0.0810016126031439	TRUE	TRUE	TRUE	FALSE	TRUE	FALSE	FALSE	FALSE	TRUE	TRUE	FALSE	FALSE
Becn2	-0.185513734136393	0.215923154027835	0.215923154027835	29	0	FALSE	0	0	0.267098347805921	-0.42506519473835	-0.124511936647907	0.883334414091731	0.00788787055603942	0.00788787055603942	31	2	TRUE	2	0	0.899423023198366	-0.627813838093841	-0.0371118091075076	TRUE	TRUE	TRUE	FALSE	TRUE	FALSE	FALSE	FALSE	TRUE	TRUE	FALSE	FALSE
Bex6	-0.166473649209832	0.332044179166391	0.332044179166391	4	0	FALSE	0	0	0.114966307917723	-0.340330646822614	-0.139577909331139	1.24405936363799	0.00469717387534913	0.00469717387534913	7	1	TRUE	1	0	1.24405936363799	-0.739217341416147	-0.0915505651443451	TRUE	TRUE	TRUE	FALSE	TRUE	FALSE	FALSE	FALSE	TRUE	TRUE	FALSE	FALSE
Bhlha9	-0.0385787961523876	0.0680877173689575	0.0680877173689575	7	0	FALSE	0	0	0.580871706478176	-0.26194783577496	0.0309717603016924	1.56064142563931	7.55601349704633e-07	7.55601349704633e-07	6	3	TRUE	3	0	1.94413337452949	-0.30711984846552	0.744361518191145	TRUE	TRUE	TRUE	FALSE	TRUE	FALSE	FALSE	FALSE	TRUE	TRUE	FALSE	FALSE
Bhlhe41	0.0132055567935611	0.24261428447989	0.24261428447989	17	0	FALSE	0	0	0.27232690072647	-0.412381153671945	-0.0501288141128429	1.13414929026423	0.00125005874133019	0.00125005874133019	14	1	TRUE	1	0	1.13414929026423	-0.772362945666582	-0.114503866495546	TRUE	TRUE	TRUE	FALSE	TRUE	FALSE	FALSE	FALSE	TRUE	TRUE	FALSE	FALSE
Bltp1	-0.187658039607433	0.181715935091124	0.181715935091124	32	0	FALSE	0	0	0.212372077154116	-0.510810184533099	-0.169955681699232	0.748180543561449	0.0472932847347351	0.0472932847347351	32	1	TRUE	1	0	0.748180543561449	-0.717539253049885	-0.192704850559809	TRUE	TRUE	TRUE	FALSE	TRUE	FALSE	FALSE	FALSE	TRUE	TRUE	FALSE	FALSE
Bltp3b	-0.0663219169872329	0.255974409486451	0.255974409486451	14	0	FALSE	0	0	0.344566992893678	-0.385856937199053	-0.0504000078764349	0.742569321100429	0.0377108507725225	0.0377108507725225	11	1	TRUE	1	0	0.742569321100429	-0.615856418977029	-0.158197373771536	TRUE	TRUE	TRUE	FALSE	TRUE	FALSE	FALSE	FALSE	TRUE	TRUE	FALSE	FALSE
Bmal1	-0.0807051684688088	0.0963177323762019	0.0963177323762019	45	0	FALSE	0	0	0.56958196299096	-0.437375172454461	-0.0505728655496386	0.797371142482608	2.78100931506979e-05	2.78100931506979e-05	40	3	TRUE	2	1	1.48071551680283	-0.741314723651758	-0.0797580554577117	TRUE	TRUE	TRUE	FALSE	TRUE	FALSE	TRUE	FALSE	TRUE	TRUE	FALSE	FALSE
Bmi1	-0.0248714082518126	0.514887952616852	0.514887952616852	6	0	FALSE	0	0	0.24000293020418	-0.15548737248207	0.0321412248778331	0.717824215976912	0.0347487510141919	0.0347487510141919	7	1	TRUE	1	0	0.717824215976912	-0.217480634398634	0.145059046831328	TRUE	TRUE	TRUE	FALSE	TRUE	FALSE	FALSE	FALSE	TRUE	TRUE	FALSE	FALSE
Bmp2	-0.111480060677131	0.154018606263434	0.154018606263434	66	0	FALSE	0	0	0.44814014154196	-0.501574145491433	-0.122031691537658	1.08172971657339	4.32212726745805e-07	4.32212726745805e-07	73	7	TRUE	7	0	2.28293859657119	-0.774904618636411	-0.0875822427154717	TRUE	TRUE	TRUE	FALSE	TRUE	FALSE	FALSE	FALSE	TRUE	TRUE	FALSE	FALSE
Boc	-0.0267538221173707	0.155668307600746	0.155668307600746	19	0	FALSE	0	0	0.495619177841394	-0.481872991941741	-0.0194030073642885	1.68462480765695	8.16256708356068e-09	8.16256708356068e-09	22	9	TRUE	9	0	3.28272731854473	-0.405934894210033	0.868197316170992	TRUE	TRUE	TRUE	FALSE	TRUE	FALSE	FALSE	FALSE	TRUE	TRUE	FALSE	FALSE
Bod1	-0.0856174689429078	0.176702624037439	0.176702624037439	61	0	FALSE	0	0	0.252750284632571	-0.471558822152274	-0.110278991284617	0.801848542436567	0.00380614120613269	0.00380614120613269	58	3	TRUE	2	1	0.904635033494266	-0.854838689422887	-0.175296345150306	TRUE	TRUE	TRUE	FALSE	TRUE	FALSE	TRUE	FALSE	TRUE	TRUE	FALSE	FALSE
Bora	-0.157122759488398	0.257162067414993	0.257162067414993	4	0	FALSE	0	0	-0.0896581454268836	-0.390865480038084	-0.198692286110441	0.680752576208658	0.0481868438962091	0.0481868438962091	4	1	TRUE	1	0	0.680752576208658	-0.196340371540073	0.118993586470537	TRUE	TRUE	TRUE	FALSE	TRUE	FALSE	FALSE	FALSE	TRUE	TRUE	FALSE	FALSE
Bpifa3	-0.0268195569771158	0.325104819410745	0.325104819410745	10	0	FALSE	0	0	0.347663770721487	-0.278763315362943	-0.00364883408891065	0.819931664963429	0.0248226020737517	0.0248226020737517	9	1	TRUE	1	0	0.819931664963429	-0.498269301653086	3.83561402692941e-05	TRUE	TRUE	TRUE	FALSE	TRUE	FALSE	FALSE	FALSE	TRUE	TRUE	FALSE	FALSE
Bpifb6	-0.0905906912295749	0.263028969814101	0.263028969814101	8	0	FALSE	0	0	0.380489799496947	-0.293595311116381	-0.0281833912903124	0.751454739424419	0.022079241780787	0.022079241780787	9	1	TRUE	1	0	0.751454739424419	-0.408369710191679	0.024511037314409	TRUE	TRUE	TRUE	FALSE	TRUE	FALSE	FALSE	FALSE	TRUE	TRUE	FALSE	FALSE
Brd1	-0.0887514715194225	0.133245154362061	0.133245154362061	20	0	FALSE	0	0	0.466431849091037	-0.559492452462806	-0.0983786983338044	1.21713720261851	8.17562210077172e-06	8.17562210077172e-06	21	2	TRUE	1	1	3.541132162444	-1.10685775720699	-0.0315999283771253	TRUE	TRUE	TRUE	FALSE	TRUE	FALSE	TRUE	FALSE	TRUE	TRUE	FALSE	FALSE
Btg2	0.0185225214564166	0.377714601385164	0.377714601385164	11	0	FALSE	0	0	0.216385209828455	-0.312788553708788	-0.0115703526669896	1.03119104123902	0.00162303598106846	0.00162303598106846	13	1	TRUE	1	0	1.03119104123902	-0.374453377364497	0.0685575576865753	TRUE	TRUE	TRUE	FALSE	TRUE	FALSE	FALSE	FALSE	TRUE	TRUE	FALSE	FALSE
Bzw2	-0.133801844933578	0.174932169700751	0.174932169700751	11	0	FALSE	0	0	0.0879197165705941	-0.475114484859852	-0.165533820111667	0.031029421842668	0.0075189499342299	0.0075189499342299	12	2	TRUE	1	1	1.00278394692857	-0.940725103243234	-0.110718291271926	TRUE	TRUE	TRUE	FALSE	TRUE	FALSE	TRUE	FALSE	TRUE	TRUE	FALSE	FALSE
C1qtnf2	-0.0385615766834675	0.427641055615595	0.427641055615595	10	0	FALSE	0	0	0.231533168891752	-0.280065819387657	-0.0108943106340376	1.79100995437153	0.000942684340198299	0.000942684340198299	12	1	TRUE	1	0	1.79100995437153	-0.526616514280626	-0.00201605017787557	TRUE	TRUE	TRUE	FALSE	TRUE	FALSE	FALSE	FALSE	TRUE	TRUE	FALSE	FALSE
C1qtnf6	0.0122381148561959	0.101818696163297	0.101818696163297	10	0	FALSE	0	0	0.554946948256245	-0.220386887195716	0.0811404843782861	1.32661389421056	2.24703764617862e-07	2.24703764617862e-07	11	2	TRUE	2	0	1.71360899339958	-0.573169347495424	0.258848889958606	TRUE	TRUE	TRUE	FALSE	TRUE	FALSE	FALSE	FALSE	TRUE	TRUE	FALSE	FALSE
C1qtnf9	0.048453235848247	0.703860686657868	0.703860686657868	3	0	FALSE	0	0	0.130702480659305	-0.152954421370232	0.00873376504577334	0.746772028467385	0.0352150306953001	0.0352150306953001	5	1	TRUE	1	0	0.746772028467385	-0.46884190539145	0.077393705884335	TRUE	TRUE	TRUE	FALSE	TRUE	FALSE	FALSE	FALSE	TRUE	TRUE	FALSE	FALSE
C2cd4a	-0.0647122053054534	0.329791848858906	0.329791848858906	7	0	FALSE	0	0	0.342158981467631	-0.248342161764083	-0.032826388149367	0.161657929063313	0.00014759911519658	0.00014759911519658	10	2	TRUE	1	1	1.25338055724478	-0.930064699118153	-0.150445306999108	TRUE	TRUE	TRUE	FALSE	TRUE	FALSE	TRUE	FALSE	TRUE	TRUE	FALSE	FALSE
C330004P14Rik	-0.135036420481876	0.103985255985269	0.103985255985269	41	0	FALSE	0	0	0.196564584603583	-0.646596971561356	-0.155105607447663	1.69999768123991	2.78352604438488e-15	2.78352604438488e-15	39	4	TRUE	3	1	2.68384032297048	-1.50448835546434	-0.171602201329001	TRUE	TRUE	TRUE	FALSE	TRUE	FALSE	TRUE	FALSE	TRUE	TRUE	FALSE	FALSE
C6	-0.0639233032912728	0.130927935236759	0.130927935236759	27	0	FALSE	0	0	0.409730722343045	-0.535437292590704	-0.0911833494765694	1.63145334699332	6.44612357322307e-17	6.44612357322307e-17	24	4	TRUE	3	1	3.03295356228077	-1.09603261009337	0.0543105189742683	TRUE	TRUE	TRUE	FALSE	TRUE	FALSE	TRUE	FALSE	TRUE	TRUE	FALSE	FALSE
C630028M04Rik	-0.115852669023852	0.206832076859426	0.206832076859426	36	0	FALSE	0	0	0.17889780031311	-0.46532292975251	-0.107033561328698	-0.0620277840232715	0.000116083304015388	0.000116083304015388	35	8	TRUE	4	4	1.86518769460154	-1.23516228995987	-0.139231072816044	TRUE	TRUE	TRUE	FALSE	TRUE	FALSE	TRUE	FALSE	TRUE	TRUE	FALSE	FALSE
Caap1	-0.15661360980636	0.113314858144771	0.113314858144771	71	0	FALSE	0	0	0.350698828095369	-0.547067784515499	-0.148278506142535	-0.796590344899742	0.00707444926304968	0.00707444926304968	70	4	TRUE	1	3	1.01743183610952	-0.91437655113334	-0.308178617832362	TRUE	TRUE	TRUE	FALSE	TRUE	FALSE	TRUE	FALSE	TRUE	TRUE	FALSE	FALSE
Cabcoco1	-0.141264686058308	0.201888808497253	0.201888808497253	52	0	FALSE	0	0	0.275487089533344	-0.44855759111778	-0.132102452541472	-0.120028350716824	0.00394159750019934	0.00394159750019934	40	2	TRUE	1	1	0.861436361880041	-1.10149306331369	-0.318259250563646	TRUE	TRUE	TRUE	FALSE	TRUE	FALSE	TRUE	FALSE	TRUE	TRUE	FALSE	FALSE
Cabp2	-0.0375971726191195	0.414468431564481	0.414468431564481	5	0	FALSE	0	0	0.286816153697902	-0.276876481954679	-0.0146036004577569	0.730924638705114	0.00996380290002808	0.00996380290002808	5	1	TRUE	1	0	0.730924638705114	-0.265029397535575	0.0590189504153727	TRUE	TRUE	TRUE	FALSE	TRUE	FALSE	FALSE	FALSE	TRUE	TRUE	FALSE	FALSE
Cacna1a	-0.119114008877815	0.0673723444378072	0.0673723444378072	81	0	FALSE	0	0	0.278815203165811	-0.575028801748656	-0.127960737872311	-0.822083551881765	0.000639763593737552	0.000639763593737552	73	7	TRUE	1	6	1.02963115701865	-1.2214122261634	-0.287593185486439	TRUE	TRUE	TRUE	FALSE	TRUE	FALSE	TRUE	FALSE	TRUE	TRUE	FALSE	FALSE
Cadm3	-0.191590354838319	0.134850615539081	0.134850615539081	11	0	FALSE	0	0	0.0981671638981717	-0.480627870997711	-0.153338483453052	2.52689768743933	4.50300305681063e-11	4.50300305681063e-11	14	2	TRUE	2	0	2.70938122491214	-0.729776691059251	0.151243778508987	TRUE	TRUE	TRUE	FALSE	TRUE	FALSE	FALSE	FALSE	TRUE	TRUE	FALSE	FALSE
Cadps2	-0.112060595176413	0.0526726352291347	0.0526726352291347	86	0	FALSE	0	0	0.258268518393941	-0.701151426936776	-0.116116642311445	1.10602344047994	1.4414129058694e-12	1.4414129058694e-12	84	15	TRUE	11	4	2.82121836936696	-1.53977069254908	-0.0509414779276865	TRUE	TRUE	TRUE	FALSE	TRUE	FALSE	TRUE	FALSE	TRUE	TRUE	FALSE	FALSE
Calb1	-0.0593865583324781	0.0873725431917533	0.0873725431917533	27	0	FALSE	0	0	0.640666825645116	-0.519042149501936	-0.0473696004836417	2.09218415815942	3.24318488634064e-18	3.24318488634064e-18	40	4	TRUE	3	1	4.11667960646947	-0.857539652920146	-0.0639180331325375	TRUE	TRUE	TRUE	FALSE	TRUE	FALSE	TRUE	FALSE	TRUE	TRUE	FALSE	FALSE
Calr4	-0.036898491118454	0.371982650048724	0.371982650048724	9	0	FALSE	0	0	0.254997350074336	-0.308848119299643	-0.0367909341914143	1.8165722801265	0.000871879109194833	0.000871879109194833	9	1	TRUE	1	0	1.8165722801265	-0.715924524083043	0.0948629950502926	TRUE	TRUE	TRUE	FALSE	TRUE	FALSE	FALSE	FALSE	TRUE	TRUE	FALSE	FALSE
Camk2n1	-0.0385366479930254	0.053745255101576	0.053745255101576	21	0	FALSE	0	0	0.700038322531953	-0.507131472791646	-0.0220386255709701	1.22545801825464	0.00350612712133737	0.00350612712133737	24	1	TRUE	1	0	1.22545801825464	-0.760416767026904	-0.200074503173167	TRUE	TRUE	TRUE	FALSE	TRUE	FALSE	FALSE	FALSE	TRUE	TRUE	FALSE	FALSE
Capn2	-0.138179394750414	0.281629792684218	0.281629792684218	22	0	FALSE	0	0	0.20708753471489	-0.379646177019234	-0.100721684712602	1.03026034031834	0.0394239354640778	0.0394239354640778	26	1	TRUE	1	0	1.03026034031834	-0.479644858029485	-0.0573386322091682	TRUE	TRUE	TRUE	FALSE	TRUE	FALSE	FALSE	FALSE	TRUE	TRUE	FALSE	FALSE
Capn8	-0.103803712739115	0.125449057259513	0.125449057259513	29	0	FALSE	0	0	0.506172165086226	-0.385563064420069	-0.0719084884631826	0.739305953265795	5.59088155135103e-08	5.59088155135103e-08	39	2	TRUE	1	1	2.27812162592756	-0.799509719395971	-0.108262309982847	TRUE	TRUE	TRUE	FALSE	TRUE	FALSE	TRUE	FALSE	TRUE	TRUE	FALSE	FALSE
Capn9	-0.0284910905452797	0.235098508957256	0.235098508957256	22	0	FALSE	0	0	0.415683546687026	-0.408814774258636	-0.0180033460050594	1.12260516585708	0.000207885584771568	0.000207885584771568	22	1	TRUE	1	0	1.12260516585708	-0.496841326791167	-0.0310851081383509	TRUE	TRUE	TRUE	FALSE	TRUE	FALSE	FALSE	FALSE	TRUE	TRUE	FALSE	FALSE
Capsl	-0.10521358887259	0.0908696992923951	0.0908696992923951	16	0	FALSE	0	0	0.424699705975565	-0.646055436057994	-0.149808663609288	1.73705130532496	1.14991753398916e-14	1.14991753398916e-14	15	4	TRUE	3	1	2.75693913369931	-1.008232979239	0.153214516434207	TRUE	TRUE	TRUE	FALSE	TRUE	FALSE	TRUE	FALSE	TRUE	TRUE	FALSE	FALSE
Car6	-0.205042103274532	0.342192393517148	0.342192393517148	7	0	FALSE	0	0	0.0760024153745996	-0.32917974157887	-0.138700829028089	0.862769158233702	0.0412389661006152	0.0412389661006152	8	1	TRUE	1	0	0.862769158233702	-0.610709141812257	-0.129527804914707	TRUE	TRUE	TRUE	FALSE	TRUE	FALSE	FALSE	FALSE	TRUE	TRUE	FALSE	FALSE
Car7	0.0367831362160522	0.277322738778064	0.277322738778064	8	0	FALSE	0	0	0.294165961563879	-0.375336245098448	-0.0173336744999405	1.34831190320337	1.39212564251443e-05	1.39212564251443e-05	9	1	TRUE	1	0	1.34831190320337	-0.602955058508053	0.0210425706389873	TRUE	TRUE	TRUE	FALSE	TRUE	FALSE	FALSE	FALSE	TRUE	TRUE	FALSE	FALSE
Carmn	-0.0360123845229503	0.410939758388148	0.410939758388148	4	0	FALSE	0	0	0.286511441112347	-0.24768604283519	-0.00829984269218589	0.69178595874887	0.0229438649462353	0.0229438649462353	2	1	TRUE	1	0	0.69178595874887	-0.399413262343721	0.146186348202574	TRUE	TRUE	TRUE	FALSE	TRUE	FALSE	FALSE	FALSE	TRUE	TRUE	FALSE	FALSE
Carnmt1	-0.0965852791404332	0.426999693053855	0.426999693053855	6	0	FALSE	0	0	0.160009885115072	-0.284285342766372	-0.0919060895294956	1.09997729245288	1.11779232498695e-06	1.11779232498695e-06	10	5	TRUE	4	1	1.91570748053431	-1.15416226660387	0.370927611040743	TRUE	TRUE	TRUE	FALSE	TRUE	FALSE	TRUE	FALSE	TRUE	TRUE	FALSE	FALSE
Casd1	-0.0512962670738099	0.291682194081311	0.291682194081311	27	0	FALSE	0	0	0.354031519323975	-0.371619299565783	-0.0421887367896632	0.88351155027286	0.0180591980071633	0.0180591980071633	27	1	TRUE	1	0	0.88351155027286	-0.605320715438264	-0.0771486773187994	TRUE	TRUE	TRUE	FALSE	TRUE	FALSE	FALSE	FALSE	TRUE	TRUE	FALSE	FALSE
Casp12	-0.163791816709463	0.0815718969865756	0.0815718969865756	23	0	FALSE	0	0	0.0845768623629111	-0.62884009715238	-0.207286409425635	0.896036243963748	4.98184522302592e-06	4.98184522302592e-06	26	5	TRUE	3	2	1.59200318046936	-1.12397195857804	-0.0371262549858769	TRUE	TRUE	TRUE	FALSE	TRUE	FALSE	TRUE	FALSE	TRUE	TRUE	FALSE	FALSE
Casq1	-0.0835869721682026	0.357139278171603	0.357139278171603	7	0	FALSE	0	0	0.255060326225706	-0.32651730823845	-0.0814329884788595	0.716353940752044	0.0259041340333095	0.0259041340333095	7	1	TRUE	1	0	0.716353940752044	-0.458231109014587	0.0151845269223369	TRUE	TRUE	TRUE	FALSE	TRUE	FALSE	FALSE	FALSE	TRUE	TRUE	FALSE	FALSE
Cav1	-0.13433765949337	0.110668591742245	0.110668591742245	19	0	FALSE	0	0	0.552670494055826	-0.54888278830697	-0.121610767979964	0.86957415474192	0.00627619412518608	0.00627619412518608	22	2	TRUE	2	0	0.9056776639089	-0.725565879820029	-0.092703312774306	TRUE	TRUE	TRUE	FALSE	TRUE	FALSE	FALSE	FALSE	TRUE	TRUE	FALSE	FALSE
Cav2	-0.119755768073824	0.379601177437321	0.379601177437321	8	0	FALSE	0	0	0.129727529509343	-0.310253557286935	-0.123209869237521	1.21386484759364	0.000431099048863134	0.000431099048863134	8	1	TRUE	1	0	1.21386484759364	-0.722622838811675	-0.0657426572366504	TRUE	TRUE	TRUE	FALSE	TRUE	FALSE	FALSE	FALSE	TRUE	TRUE	FALSE	FALSE
Cbln1	-0.0733146401869057	0.271710397367466	0.271710397367466	3	0	FALSE	0	0	0.0440218344444777	-0.378844795487213	-0.136045867076547	0.665305894267788	0.0432666789147823	0.0432666789147823	2	1	TRUE	1	0	0.665305894267788	-0.139634250785654	0.262835821741067	TRUE	TRUE	TRUE	FALSE	TRUE	FALSE	FALSE	FALSE	TRUE	TRUE	FALSE	FALSE
Cbx7	-0.131469439522967	0.412659405847474	0.412659405847474	15	0	FALSE	0	0	0.0573804016881236	-0.293048105826938	-0.113471767250785	0.663667160531373	0.0400811311388626	0.0400811311388626	15	1	TRUE	1	0	0.663667160531373	-0.531510775370757	-0.158092526364513	TRUE	TRUE	TRUE	FALSE	TRUE	FALSE	FALSE	FALSE	TRUE	TRUE	FALSE	FALSE
Ccdc32	-0.0915251377152888	0.187431241200321	0.187431241200321	9	0	FALSE	0	0	0.0620097888003261	-0.438848211793764	-0.137431998531177	0.714958797953043	0.0092417685221842	0.0092417685221842	10	3	TRUE	2	1	0.77415701814089	-1.3705154251729	-0.0700377133978172	TRUE	TRUE	TRUE	FALSE	TRUE	FALSE	TRUE	FALSE	TRUE	TRUE	FALSE	FALSE
Ccdc38	-0.0280400535103255	0.375718279048868	0.375718279048868	11	0	FALSE	0	0	0.218094811026434	-0.313036049261938	-0.0263147092017579	1.14710647704966	0.000336813506210584	0.000336813506210584	9	1	TRUE	1	0	1.14710647704966	-0.685090805302899	-0.0421657820757183	TRUE	TRUE	TRUE	FALSE	TRUE	FALSE	FALSE	FALSE	TRUE	TRUE	FALSE	FALSE
Ccdc59	-0.0858584314974674	0.142520837650786	0.142520837650786	39	0	FALSE	0	0	0.506344099505908	-0.459361618640016	-0.0792951822232013	0.738087598528595	2.22398478594641e-07	2.22398478594641e-07	34	2	TRUE	1	1	2.5593178005884	-1.08314260353121	-0.188516437309263	TRUE	TRUE	TRUE	FALSE	TRUE	FALSE	TRUE	FALSE	TRUE	TRUE	FALSE	FALSE
Ccdc90b	-0.127756225610446	0.186712279018781	0.186712279018781	10	0	FALSE	0	0	0.317370232788197	-0.416070111997321	-0.0874519503876281	1.63208180334165	5.48516265648674e-06	5.48516265648674e-06	14	2	TRUE	2	0	1.74779762910506	-0.474907209798313	0.143369957986487	TRUE	TRUE	TRUE	FALSE	TRUE	FALSE	FALSE	FALSE	TRUE	TRUE	FALSE	FALSE
Ccer1	0.115449351001409	0.201721581996865	0.201721581996865	5	0	FALSE	0	0	0.442636339342267	-0.237071022111142	0.0651816833614102	3.03682813778429	3.52687982489236e-20	3.52687982489236e-20	4	3	TRUE	3	0	3.72399694927287	-0.285627631890104	2.07759197824731	TRUE	TRUE	TRUE	FALSE	TRUE	FALSE	FALSE	FALSE	TRUE	TRUE	FALSE	FALSE
Ccn1	-0.107998454634881	0.0807498020319156	0.0807498020319156	20	0	FALSE	0	0	0.361251526988512	-0.643176638455593	-0.12533764652436	1.12705619576252	0.00081517619956198	0.00081517619956198	23	2	TRUE	2	0	1.19483564154709	-0.327369007279373	0.103460272051239	TRUE	TRUE	TRUE	FALSE	TRUE	FALSE	FALSE	FALSE	TRUE	TRUE	FALSE	FALSE
Ccn5	-0.168195038623527	0.27178657853504	0.27178657853504	14	0	FALSE	0	0	0.253859894258136	-0.37648199904581	-0.141489696416473	1.22031190027906	0.00425534192401232	0.00425534192401232	12	1	TRUE	1	0	1.22031190027906	-0.59372140502873	-0.071976375920213	TRUE	TRUE	TRUE	FALSE	TRUE	FALSE	FALSE	FALSE	TRUE	TRUE	FALSE	FALSE
Ccn6	-0.065518789548783	0.271737392809291	0.271737392809291	27	0	FALSE	0	0	0.230971537200522	-0.383652597748393	-0.087623958241564	0.808919982446958	0.040510473243817	0.040510473243817	22	1	TRUE	1	0	0.808919982446958	-0.617520301129115	-0.101746081766824	TRUE	TRUE	TRUE	FALSE	TRUE	FALSE	FALSE	FALSE	TRUE	TRUE	FALSE	FALSE
Ccng2	-0.0688356733277844	0.119002621407099	0.119002621407099	17	0	FALSE	0	0	0.230103011739861	-0.54614900494777	-0.0739427597805248	2.63412571772282	9.86544832983493e-13	9.86544832983493e-13	15	2	TRUE	2	0	2.72775426454954	-0.647803054883355	0.10984074892761	TRUE	TRUE	TRUE	FALSE	TRUE	FALSE	FALSE	FALSE	TRUE	TRUE	FALSE	FALSE
Cd200r3	-0.0727826182938643	0.206319793527739	0.206319793527739	13	0	FALSE	0	0	0.44274578853767	-0.376432091589421	-0.0516661445709128	3.95804441571637	1.9086143339814e-19	1.9086143339814e-19	13	1	TRUE	1	0	3.95804441571637	-0.713336907745168	0.13375931880685	TRUE	TRUE	TRUE	FALSE	TRUE	FALSE	FALSE	FALSE	TRUE	TRUE	FALSE	FALSE
Cd276	-0.056789491967261	0.221606826692846	0.221606826692846	19	0	FALSE	0	0	0.332271739557762	-0.397419841837893	-0.0257640017533831	1.26629794747216	1.09913398814705e-17	1.09913398814705e-17	15	6	TRUE	6	0	3.289899629215	-0.329257454132509	0.657765813571025	TRUE	TRUE	TRUE	FALSE	TRUE	FALSE	FALSE	FALSE	TRUE	TRUE	FALSE	FALSE
Cd300ld3	0.058091719058517	0.1107974498096	0.1107974498096	5	0	FALSE	0	0	0.514338314846861	-0.0496088084683975	0.210019378565842	1.05104525893933	9.34581708115155e-10	9.34581708115155e-10	3	3	TRUE	3	0	2.09902485473504	1.01565188799209	1.38857400055549	TRUE	TRUE	TRUE	FALSE	TRUE	FALSE	FALSE	FALSE	TRUE	TRUE	FALSE	FALSE
Cd300lg	-0.122653493655834	0.362154543399133	0.362154543399133	8	0	FALSE	0	0	0.24540897853463	-0.321402237318598	-0.0549555412159007	2.41532708366584	1.9367467647405e-15	1.9367467647405e-15	12	1	TRUE	1	0	2.41532708366584	-0.602697105996269	0.062408806847116	TRUE	TRUE	TRUE	FALSE	TRUE	FALSE	FALSE	FALSE	TRUE	TRUE	FALSE	FALSE
Cd33	-0.198774455041644	0.5001997773463	0.5001997773463	5	0	FALSE	0	0	0.209237067348168	-0.248035733452295	-0.107904566059745	0.828272370226574	0.0127931640792639	0.0127931640792639	3	1	TRUE	1	0	0.828272370226574	-0.6762373150007	-0.0201617783502473	TRUE	TRUE	TRUE	FALSE	TRUE	FALSE	FALSE	FALSE	TRUE	TRUE	FALSE	FALSE
Cd40	-0.12215021310826	0.303010408843555	0.303010408843555	10	0	FALSE	0	0	0.0832256099249585	-0.354425474955051	-0.121169435775915	2.13856343294622	1.71061488784969e-09	1.71061488784969e-09	10	1	TRUE	1	0	2.13856343294622	-0.546099227383928	0.19205586962025	TRUE	TRUE	TRUE	FALSE	TRUE	FALSE	FALSE	FALSE	TRUE	TRUE	FALSE	FALSE
Cd55	-0.0778611719369241	0.153792970941242	0.153792970941242	13	0	FALSE	0	0	0.460874496885633	-0.370949212664162	-0.0789190379337865	0.772778254661279	0.0270812036066977	0.0270812036066977	14	1	TRUE	1	0	0.772778254661279	-0.731797221900044	-0.234341772978377	TRUE	TRUE	TRUE	FALSE	TRUE	FALSE	FALSE	FALSE	TRUE	TRUE	FALSE	FALSE
Cd6	-0.0534119623003251	0.24421388993493	0.24421388993493	14	0	FALSE	0	0	0.396345134307201	-0.229834868728811	0.00308440661045563	0.946569329636075	1.77033236665141e-07	1.77033236665141e-07	15	5	TRUE	5	0	2.23268154213737	-0.470489131906959	0.394597880883611	TRUE	TRUE	TRUE	FALSE	TRUE	FALSE	FALSE	FALSE	TRUE	TRUE	FALSE	FALSE
Cdca2	-0.0641635763818917	0.0970283601605851	0.0970283601605851	36	0	FALSE	0	0	0.443575069725746	-0.646274064431947	-0.0516663871202836	-0.785977852814715	0.0269827572770922	0.0269827572770922	24	3	TRUE	1	2	0.836859134761211	-0.978222726710182	-0.154134136968705	TRUE	TRUE	TRUE	FALSE	TRUE	FALSE	TRUE	FALSE	TRUE	TRUE	FALSE	FALSE
Cdcp2	-0.107688897460557	0.184819035616055	0.184819035616055	15	0	FALSE	0	0	0.252152140183195	-0.444671238741011	-0.11019475957782	1.21777495633165	1.67589405866526e-05	1.67589405866526e-05	15	1	TRUE	1	0	1.21777495633165	-0.57645268325185	-0.0345416426038229	TRUE	TRUE	TRUE	FALSE	TRUE	FALSE	FALSE	FALSE	TRUE	TRUE	FALSE	FALSE
Cdh10	-0.121376519119576	0.248658112051014	0.248658112051014	36	0	FALSE	0	0	0.377331979456221	-0.357463613906009	-0.101441349370678	1.08066375140707	1.40416034014027e-05	1.40416034014027e-05	39	3	TRUE	2	1	2.18285891863122	-1.16337080674021	-0.159096011769531	TRUE	TRUE	TRUE	FALSE	TRUE	FALSE	TRUE	FALSE	TRUE	TRUE	FALSE	FALSE
Cdh2	-0.0776172733582119	0.061143806287985	0.061143806287985	111	0	FALSE	0	0	0.240230472687614	-0.69599807323399	-0.0995676698860549	-0.86757454691167	0.0100998974936484	0.0100998974936484	99	4	TRUE	1	3	1.66059800345335	-1.01600365865173	-0.214911997135336	TRUE	TRUE	TRUE	FALSE	TRUE	FALSE	TRUE	FALSE	TRUE	TRUE	FALSE	FALSE
Cdh8	-0.121662761048344	0.0680536643115939	0.0680536643115939	38	0	FALSE	0	0	0.333862656301668	-0.749907055167921	-0.136152784734488	1.60144043881638	1.84387270296624e-11	1.84387270296624e-11	41	4	TRUE	4	0	2.87990752014949	-0.659456549065776	0.0499505535607346	TRUE	TRUE	TRUE	FALSE	TRUE	FALSE	FALSE	FALSE	TRUE	TRUE	FALSE	FALSE
Cdk17	-0.10128586605429	0.0764999129153576	0.0764999129153576	33	0	FALSE	0	0	0.344143420383964	-0.692546902883654	-0.103215863291893	1.37266532176012	2.05090838012397e-11	2.05090838012397e-11	23	2	TRUE	2	0	1.93979546028186	-0.922557127019533	-0.218779578406158	TRUE	TRUE	TRUE	FALSE	TRUE	FALSE	FALSE	FALSE	TRUE	TRUE	FALSE	FALSE
Cdk18	-0.0552463891202837	0.327195179560678	0.327195179560678	25	0	FALSE	0	0	0.346288376170234	-0.30773967238294	-0.047669796379686	0.764863534826251	0.02504048984934	0.02504048984934	26	1	TRUE	1	0	0.764863534826251	-0.53259291813793	0.0147941722700125	TRUE	TRUE	TRUE	FALSE	TRUE	FALSE	FALSE	FALSE	TRUE	TRUE	FALSE	FALSE
Cdk19	-0.0769936149330314	0.130766929547014	0.130766929547014	20	0	FALSE	0	0	0.14210219312947	-0.553678284475717	-0.0676047220107369	1.83472350600214	2.24083073570845e-10	2.24083073570845e-10	16	2	TRUE	2	0	2.71970211620208	-0.659489469605463	-0.00321755677519184	TRUE	TRUE	TRUE	FALSE	TRUE	FALSE	FALSE	FALSE	TRUE	TRUE	FALSE	FALSE
Cdk20	-0.0655338709390643	0.284905994685544	0.284905994685544	11	0	FALSE	0	0	0.19011588347374	-0.358072766393816	-0.0779076475970569	0.907261578571952	0.0129212232192517	0.0129212232192517	11	1	TRUE	1	0	0.907261578571952	-0.522859791030549	-0.0257565570190728	TRUE	TRUE	TRUE	FALSE	TRUE	FALSE	FALSE	FALSE	TRUE	TRUE	FALSE	FALSE
Cdk6	-0.14919682151728	0.0655639969381064	0.0655639969381064	66	0	FALSE	0	0	0.361029429389578	-0.535621208699715	-0.137026564436538	-0.0400459416086515	0.0340030999150077	0.0340030999150077	73	2	TRUE	1	1	0.75724564293239	-0.837337526149693	-0.171045694750984	TRUE	TRUE	TRUE	FALSE	TRUE	FALSE	TRUE	FALSE	TRUE	TRUE	FALSE	FALSE
Cdkl2	-0.145587899169246	0.182630174303422	0.182630174303422	7	0	FALSE	0	0	-0.0837223173600043	-0.479531102981933	-0.19561357256875	0.973153410353748	0.0188881075078421	0.0188881075078421	7	1	TRUE	1	0	0.973153410353748	-0.593247368766563	-0.220474718128016	TRUE	TRUE	TRUE	FALSE	TRUE	FALSE	FALSE	FALSE	TRUE	TRUE	FALSE	FALSE
Cebpa	-0.014240536721336	0.195161285101263	0.195161285101263	16	0	FALSE	0	0	0.452752717574995	-0.281183155029697	0.0159764108355307	0.934363268716687	0.0157927403522975	0.0157927403522975	14	1	TRUE	1	0	0.934363268716687	-0.428263837412411	-0.0933604154916121	TRUE	TRUE	TRUE	FALSE	TRUE	FALSE	FALSE	FALSE	TRUE	TRUE	FALSE	FALSE
Cenpm	0.0549375143133151	0.792119624844706	0.792119624844706	3	0	FALSE	0	0	0.0575812001560081	-0.112195115051622	0.000107866472567069	0.898447571980627	0.0109236344900291	0.0109236344900291	3	1	TRUE	1	0	0.898447571980627	0.234548779869203	0.460082073649338	TRUE	TRUE	TRUE	FALSE	TRUE	FALSE	FALSE	FALSE	TRUE	TRUE	FALSE	FALSE
Cep120	-0.0699479667502686	0.120488624934694	0.120488624934694	23	0	FALSE	0	0	0.298762874044847	-0.544351148046357	-0.101082315266691	2.17036573516916	4.88501866983189e-12	4.88501866983189e-12	21	2	TRUE	2	0	2.51335145763449	-0.641402549325315	0.0572108417828613	TRUE	TRUE	TRUE	FALSE	TRUE	FALSE	FALSE	FALSE	TRUE	TRUE	FALSE	FALSE
Cers5	-0.0101493247252313	0.586375446700703	0.586375446700703	4	0	FALSE	0	0	0.204574607383817	-0.129359731326338	0.0137290566517541	1.01830629908929	0.00506957300809229	0.00506957300809229	7	1	TRUE	1	0	1.01830629908929	-0.305296227900216	0.0201536036930604	TRUE	TRUE	TRUE	FALSE	TRUE	FALSE	FALSE	FALSE	TRUE	TRUE	FALSE	FALSE
Ces2b	-0.0389920020990027	0.348395634052372	0.348395634052372	11	0	FALSE	0	0	0.29322847585872	-0.331071865597282	-0.0298575683207744	1.97356476813847	4.94215839931052e-23	4.94215839931052e-23	9	2	TRUE	2	0	3.18316569382914	-0.347356391348257	0.335760073124658	TRUE	TRUE	TRUE	FALSE	TRUE	FALSE	FALSE	FALSE	TRUE	TRUE	FALSE	FALSE
Ces2e	0.0295925272114626	0.101656890965877	0.101656890965877	6	0	FALSE	0	0	0.663438394104865	-0.195315576438111	0.140505627323715	0.991751307720456	0.0115050722325053	0.0115050722325053	8	1	TRUE	1	0	0.991751307720456	-0.191785037832027	0.0626680041408483	TRUE	TRUE	TRUE	FALSE	TRUE	FALSE	FALSE	FALSE	TRUE	TRUE	FALSE	FALSE
Ces2h	0.0479287097016746	0.208300045708308	0.208300045708308	10	0	FALSE	0	0	0.446130713834975	-0.365888415520661	0.0212052567635987	0.988071145589992	0.000321422047919729	0.000321422047919729	9	2	TRUE	2	0	1.22059807779269	-0.480180295610612	0.122357180181271	TRUE	TRUE	TRUE	FALSE	TRUE	FALSE	FALSE	FALSE	TRUE	TRUE	FALSE	FALSE
Cfap251	-0.0247185142898494	0.115767922509487	0.115767922509487	18	0	FALSE	0	0	0.630818900711099	-0.259314197587278	0.0263716298389214	0.906136823931018	0.0129360794852063	0.0129360794852063	18	1	TRUE	1	0	0.906136823931018	-0.716299932915759	-0.164632361086974	TRUE	TRUE	TRUE	FALSE	TRUE	FALSE	FALSE	FALSE	TRUE	TRUE	FALSE	FALSE
Cfap44	-0.173252180474681	0.184652088382211	0.184652088382211	20	0	FALSE	0	0	0.397398779841453	-0.455003219552842	-0.115142053554501	1.68194501243286	0.000180003092677942	0.000180003092677942	24	1	TRUE	1	0	1.68194501243286	-0.556710418285907	-0.123362996928645	TRUE	TRUE	TRUE	FALSE	TRUE	FALSE	FALSE	FALSE	TRUE	TRUE	FALSE	FALSE
Cfap54	-0.132800085623033	0.05718962299754	0.05718962299754	70	0	FALSE	0	0	0.141570883619986	-0.666623141634898	-0.133421675873668	0.145170339656933	0.000479293219885613	0.000479293219885613	65	2	TRUE	1	1	1.25332678031744	-0.962986101003574	-0.260451819704611	TRUE	TRUE	TRUE	FALSE	TRUE	FALSE	TRUE	FALSE	TRUE	TRUE	FALSE	FALSE
Cfap58	-0.113228474738046	0.0802449787444998	0.0802449787444998	37	0	FALSE	0	0	0.221398455653022	-0.565395114302003	-0.141435445553636	-0.774775655375517	0.0133042465518753	0.0133042465518753	45	5	TRUE	1	4	0.694648433770997	-1.08058628863589	-0.281812931819185	TRUE	TRUE	TRUE	FALSE	TRUE	FALSE	TRUE	FALSE	TRUE	TRUE	FALSE	FALSE
Cfap95	-0.103927168916354	0.307844886696179	0.307844886696179	25	0	FALSE	0	0	0.349268134141579	-0.358306791881719	-0.0872593739464174	2.19986349612015	1.9770907771973e-21	1.9770907771973e-21	26	7	TRUE	7	0	3.48607110098174	-0.791546592865677	0.38973907817291	TRUE	TRUE	TRUE	FALSE	TRUE	FALSE	FALSE	FALSE	TRUE	TRUE	FALSE	FALSE
Cfap97d2	-0.0968896528914049	0.286968194865594	0.286968194865594	9	0	FALSE	0	0	0.185917836277188	-0.361018308201165	-0.0916558992528927	1.16342297122341	5.31493869537607e-08	5.31493869537607e-08	8	3	TRUE	3	0	2.42259050894015	-0.334299705194548	0.552225058250743	TRUE	TRUE	TRUE	FALSE	TRUE	FALSE	FALSE	FALSE	TRUE	TRUE	FALSE	FALSE
Cfc1	-0.0247302575429378	0.198774787132093	0.198774787132093	8	0	FALSE	0	0	0.100378020150682	-0.455497049396547	-0.0736967313807828	1.28095678528405	0.000484475755030698	0.000484475755030698	7	1	TRUE	1	0	1.28095678528405	-0.415683352447291	0.067346031352385	TRUE	TRUE	TRUE	FALSE	TRUE	FALSE	FALSE	FALSE	TRUE	TRUE	FALSE	FALSE
Chchd6	-0.0355648969622913	0.226485095352277	0.226485095352277	30	0	FALSE	0	0	0.414173835373263	-0.290026169306517	-0.0108399181588706	1.76513695807544	4.11407405166688e-07	4.11407405166688e-07	27	3	TRUE	3	0	2.33054731328966	-0.611264054746208	0.0723864241643513	TRUE	TRUE	TRUE	FALSE	TRUE	FALSE	FALSE	FALSE	TRUE	TRUE	FALSE	FALSE
Chd9	-0.095591209320825	0.0604026247552576	0.0604026247552576	27	0	FALSE	0	0	0.419075552749137	-0.648433605025835	-0.08364514530916	1.34501322993338	4.60389113096761e-08	4.60389113096761e-08	29	6	TRUE	4	2	2.93858200694136	-0.930550498274266	0.129867755180067	TRUE	TRUE	TRUE	FALSE	TRUE	FALSE	TRUE	FALSE	TRUE	TRUE	FALSE	FALSE
Chil5	-0.0666615463365797	0.745475067446598	0.745475067446598	3	0	FALSE	0	0	-0.014226906053818	-0.119689434296434	-0.0668592955622772	1.70719912909351	0.000147820442587015	0.000147820442587015	4	1	TRUE	1	0	1.70719912909351	-0.204938159202443	0.427677846486312	TRUE	TRUE	TRUE	FALSE	TRUE	FALSE	FALSE	FALSE	TRUE	TRUE	FALSE	FALSE
Chit1	-0.0606057222694623	0.173617306958009	0.173617306958009	19	0	FALSE	0	0	0.225408435719388	-0.48481881163078	-0.0422845355254928	1.23684797857522	2.29350167634584e-05	2.29350167634584e-05	16	1	TRUE	1	0	1.23684797857522	-0.600414142639186	-0.129578186659996	TRUE	TRUE	TRUE	FALSE	TRUE	FALSE	FALSE	FALSE	TRUE	TRUE	FALSE	FALSE
Chka	-0.164868414697285	0.243976897391784	0.243976897391784	17	0	FALSE	0	0	0.279573304051906	-0.415714551340805	-0.0954560220368733	0.723108635456644	0.0237785335863065	0.0237785335863065	13	1	TRUE	1	0	0.723108635456644	-0.742242834283028	-0.161180960734832	TRUE	TRUE	TRUE	FALSE	TRUE	FALSE	FALSE	FALSE	TRUE	TRUE	FALSE	FALSE
Chst7	-0.151467975171585	0.315189418419951	0.315189418419951	9	0	FALSE	0	0	-0.00267998276963491	-0.351073834341938	-0.162346181469732	0.887320186237472	0.0162091102653561	0.0162091102653561	14	1	TRUE	1	0	0.887320186237472	-0.718765617393363	-0.311036044533606	TRUE	TRUE	TRUE	FALSE	TRUE	FALSE	FALSE	FALSE	TRUE	TRUE	FALSE	FALSE
Cimip3	-0.0267385798176168	0.247461283008866	0.247461283008866	17	0	FALSE	0	0	0.235684242046147	-0.409444015351023	-0.0448340419395497	0.993816711881118	0.0036859631486531	0.0036859631486531	15	1	TRUE	1	0	0.993816711881118	-0.726572730907932	-0.068811785977753	TRUE	TRUE	TRUE	FALSE	TRUE	FALSE	FALSE	FALSE	TRUE	TRUE	FALSE	FALSE
Cipc	-0.185882650045214	0.27138988161721	0.27138988161721	11	0	FALSE	0	0	0.126772209417116	-0.388013594860649	-0.173487376923396	0.996616819580013	0.00276902256388708	0.00276902256388708	15	2	TRUE	2	0	1.10098693374101	-0.314341434977895	0.127451245081391	TRUE	TRUE	TRUE	FALSE	TRUE	FALSE	FALSE	FALSE	TRUE	TRUE	FALSE	FALSE
Cited2	-0.0901250618208797	0.147457541350641	0.147457541350641	62	0	FALSE	0	0	0.30201629375923	-0.50684094600054	-0.0884618044144214	1.39392366066957	6.62275565446174e-11	6.62275565446174e-11	68	5	TRUE	5	0	2.19009562677357	-0.778929140097974	-0.0653316042919751	TRUE	TRUE	TRUE	FALSE	TRUE	FALSE	FALSE	FALSE	TRUE	TRUE	FALSE	FALSE
Cited4	-0.0510029621467802	0.275908322512348	0.275908322512348	21	0	FALSE	0	0	0.125768255516691	-0.375915993511577	-0.0735440937611385	1.05432438765277	0.00220718870008547	0.00220718870008547	21	1	TRUE	1	0	1.05432438765277	-0.512491246286105	0.0103808969320004	TRUE	TRUE	TRUE	FALSE	TRUE	FALSE	FALSE	FALSE	TRUE	TRUE	FALSE	FALSE
Cldn11	-0.178947135580356	0.317638959705212	0.317638959705212	14	0	FALSE	0	0	0.224949469945752	-0.350836233757327	-0.0818802621524635	0.741261712235215	0.03558209040381	0.03558209040381	15	1	TRUE	1	0	0.741261712235215	-0.437439778607722	-0.0769572177871713	TRUE	TRUE	TRUE	FALSE	TRUE	FALSE	FALSE	FALSE	TRUE	TRUE	FALSE	FALSE
Clmp	-0.049021378549395	0.126206626984162	0.126206626984162	49	0	FALSE	0	0	0.375378515615147	-0.506467081268309	-0.0697630614493681	0.829110182974713	0.00186398474171093	0.00186398474171093	48	4	TRUE	3	1	1.12974145448797	-0.722152374693966	-0.0374485727835474	TRUE	TRUE	TRUE	FALSE	TRUE	FALSE	TRUE	FALSE	TRUE	TRUE	FALSE	FALSE
Clstn2	0.0243109771447225	0.0690576040324879	0.0690576040324879	37	0	FALSE	0	0	0.575696966373941	-0.367122202361262	0.0340013032356649	1.82439160531824	4.29773277422928e-21	4.29773277422928e-21	36	3	TRUE	3	0	3.48501662549755	-0.481283251023481	0.194922902108756	TRUE	TRUE	TRUE	FALSE	TRUE	FALSE	FALSE	FALSE	TRUE	TRUE	FALSE	FALSE
Clu	-0.0125567662142473	0.379560403407708	0.379560403407708	11	0	FALSE	0	0	0.190898863262847	-0.311085816355402	-0.0180801820025129	0.926222813968184	0.00114881670067807	0.00114881670067807	10	1	TRUE	1	0	0.926222813968184	-0.422726928074931	0.0750659773870488	TRUE	TRUE	TRUE	FALSE	TRUE	FALSE	FALSE	FALSE	TRUE	TRUE	FALSE	FALSE
Clvs1	-0.114897299207667	0.0524212780065709	0.0524212780065709	85	0	FALSE	0	0	0.66270061273102	-0.735318515094493	-0.102554917193671	1.34697353813929	3.2988504835406e-15	3.2988504835406e-15	71	12	TRUE	10	2	2.8840045606317	-1.31038809288459	0.0766528773972771	TRUE	TRUE	TRUE	FALSE	TRUE	FALSE	TRUE	FALSE	TRUE	TRUE	FALSE	FALSE
Cmc2	-0.119288758627174	0.194543475502092	0.194543475502092	21	0	FALSE	0	0	0.305617969581732	-0.425160529741604	-0.126047395769016	0.815902370469603	0.0191126974984696	0.0191126974984696	25	2	TRUE	2	0	0.839373154084426	-0.649276927037385	-0.00196387531258611	TRUE	TRUE	TRUE	FALSE	TRUE	FALSE	FALSE	FALSE	TRUE	TRUE	FALSE	FALSE
Cmtr1	-0.0829937987763564	0.161221449518912	0.161221449518912	19	0	FALSE	0	0	0.381681141732475	-0.474490943185617	-0.0494916245562662	0.752418146946358	0.0412903345037423	0.0412903345037423	16	1	TRUE	1	0	0.752418146946358	-0.564598982738891	-0.0428165189854928	TRUE	TRUE	TRUE	FALSE	TRUE	FALSE	FALSE	FALSE	TRUE	TRUE	FALSE	FALSE
Cnnm1	-0.133663465713333	0.0832127899786368	0.0832127899786368	20	0	FALSE	0	0	0.20017681899079	-0.527766179550763	-0.117143640425019	1.48307052337441	0.000604674774421254	0.000604674774421254	21	1	TRUE	1	0	1.48307052337441	-0.570442570329668	0.032138536366729	TRUE	TRUE	TRUE	FALSE	TRUE	FALSE	FALSE	FALSE	TRUE	TRUE	FALSE	FALSE
Cntn1	-0.0442367016510214	0.0518680166640612	0.0518680166640612	51	0	FALSE	0	0	0.639036957488944	-0.601171186882313	-0.0262186910562598	2.14753571333164	2.70644968532229e-14	2.70644968532229e-14	58	5	TRUE	5	0	3.69001025190717	-0.741558069311241	0.0543733295852863	TRUE	TRUE	TRUE	FALSE	TRUE	FALSE	FALSE	FALSE	TRUE	TRUE	FALSE	FALSE
Cobl	-0.11053912989195	0.0529260589448175	0.0529260589448175	129	0	FALSE	0	0	0.483622332553824	-0.891660979011698	-0.119453238830646	1.16917144634787	4.39141891576357e-11	4.39141891576357e-11	139	14	TRUE	8	6	2.76526528279822	-1.37616779753671	-0.109817216141964	TRUE	TRUE	TRUE	FALSE	TRUE	FALSE	TRUE	FALSE	TRUE	TRUE	FALSE	FALSE
Cog3	-0.156195894960986	0.296132906578662	0.296132906578662	17	0	FALSE	0	0	0.273688089174374	-0.368285392774806	-0.137120027697108	0.541552088993906	5.06904559231867e-06	5.06904559231867e-06	21	2	TRUE	1	1	1.96090263130293	-0.877798453315119	-0.206168351548936	TRUE	TRUE	TRUE	FALSE	TRUE	FALSE	TRUE	FALSE	TRUE	TRUE	FALSE	FALSE
Cog5	-0.0580972751532703	0.241868723323035	0.241868723323035	27	0	FALSE	0	0	0.168777669748059	-0.411253690339362	-0.0930136259811799	1.75436503904614	4.57960939590509e-13	4.57960939590509e-13	27	14	TRUE	14	0	2.58326707592547	-0.640038797555301	0.883743589065056	TRUE	TRUE	TRUE	FALSE	TRUE	FALSE	FALSE	FALSE	TRUE	TRUE	FALSE	FALSE
Col18a1	-0.0393727874079149	0.205259355161123	0.205259355161123	52	0	FALSE	0	0	0.36333787831525	-0.428461885147079	-0.0495401095013086	0.213371034425349	3.10296445636546e-05	3.10296445636546e-05	55	2	TRUE	1	1	1.35044482131829	-0.923702752467591	-0.0684154698419972	TRUE	TRUE	TRUE	FALSE	TRUE	FALSE	TRUE	FALSE	TRUE	TRUE	FALSE	FALSE
Col1a1	-0.101760647133069	0.225761900532192	0.225761900532192	20	0	FALSE	0	0	0.39832262750737	-0.41706251470726	-0.0798551554665322	1.4031967874996	0.000261862011357521	0.000261862011357521	20	1	TRUE	1	0	1.4031967874996	-0.603303868815477	-0.14074184375826	TRUE	TRUE	TRUE	FALSE	TRUE	FALSE	FALSE	FALSE	TRUE	TRUE	FALSE	FALSE
Col4a1	-0.0395956745941209	0.174018588426025	0.174018588426025	67	0	FALSE	0	0	0.459646106824022	-0.378575004799488	-0.0636742630424364	0.753553995454246	4.97443124175511e-29	4.97443124175511e-29	80	7	TRUE	4	3	3.19435019312766	-1.31019828675016	-0.131136098370266	TRUE	TRUE	TRUE	FALSE	TRUE	FALSE	TRUE	FALSE	TRUE	TRUE	FALSE	FALSE
Col4a2	-0.0797657632575047	0.206920794505677	0.206920794505677	34	0	FALSE	0	0	0.477647635059487	-0.361435381032453	-0.0613386733373849	2.75630037625177	1.68649404625904e-11	1.68649404625904e-11	36	1	TRUE	1	0	2.75630037625177	-0.665530737183616	-0.0521552639857323	TRUE	TRUE	TRUE	FALSE	TRUE	FALSE	FALSE	FALSE	TRUE	TRUE	FALSE	FALSE
Col4a4	-0.0832782348495929	0.170432055479781	0.170432055479781	26	0	FALSE	0	0	0.451456470352329	-0.485337884091427	-0.0802883224735831	1.08041357271072	0.00391540205719376	0.00391540205719376	32	1	TRUE	1	0	1.08041357271072	-0.737295899485459	-0.290112503020924	TRUE	TRUE	TRUE	FALSE	TRUE	FALSE	FALSE	FALSE	TRUE	TRUE	FALSE	FALSE
Col9a1	-0.0906461590711021	0.069453567038138	0.069453567038138	37	0	FALSE	0	0	0.625235967056007	-0.351012395241589	-0.081104537860791	2.61486918749773	1.48743821148207e-24	1.48743821148207e-24	51	14	TRUE	13	1	3.4313296121876	-0.787477696307352	0.567735331681131	TRUE	TRUE	TRUE	FALSE	TRUE	FALSE	TRUE	FALSE	TRUE	TRUE	FALSE	FALSE
Commd7	-0.000626758864923305	0.186502337649433	0.186502337649433	12	0	FALSE	0	0	0.453685320457318	-0.246441055426303	0.0410623215662452	1.11414540504421	6.99110909486993e-08	6.99110909486993e-08	11	3	TRUE	3	0	2.93552208512395	-0.410365800995771	0.343870477531472	TRUE	TRUE	TRUE	FALSE	TRUE	FALSE	FALSE	FALSE	TRUE	TRUE	FALSE	FALSE
Commd8	-0.13617180663517	0.229861125579443	0.229861125579443	39	0	FALSE	0	0	0.316823136211365	-0.425792377348705	-0.110799781980713	2.23737375252097	2.02482006636474e-20	2.02482006636474e-20	51	5	TRUE	5	0	3.50514821084796	-0.780429274824652	0.0304511465997033	TRUE	TRUE	TRUE	FALSE	TRUE	FALSE	FALSE	FALSE	TRUE	TRUE	FALSE	FALSE
Cop1	-0.102915081321826	0.0889397041734429	0.0889397041734429	41	0	FALSE	0	0	0.421657298125409	-0.612155139803484	-0.06692639180774	1.32651503589776	1.2244267639814e-06	1.2244267639814e-06	35	2	TRUE	2	0	1.63667210018771	-0.733214601558529	-0.114463106451266	TRUE	TRUE	TRUE	FALSE	TRUE	FALSE	FALSE	FALSE	TRUE	TRUE	FALSE	FALSE
Copb1	-0.145122580588962	0.29810709918492	0.29810709918492	7	0	FALSE	0	0	-0.0484271433950016	-0.364449898785198	-0.156347277486866	2.04973600798162	3.04400779632682e-09	3.04400779632682e-09	12	1	TRUE	1	0	2.04973600798162	-0.856892702336679	-0.0707676968140128	TRUE	TRUE	TRUE	FALSE	TRUE	FALSE	FALSE	FALSE	TRUE	TRUE	FALSE	FALSE
Cotl1	-0.0585044318365545	0.376003403666578	0.376003403666578	12	0	FALSE	0	0	0.309635989225954	-0.185737372059474	-0.00137418619203688	1.46125153593052	2.33107629413361e-05	2.33107629413361e-05	14	1	TRUE	1	0	1.46125153593052	-0.502095226138038	0.0292779208309132	TRUE	TRUE	TRUE	FALSE	TRUE	FALSE	FALSE	FALSE	TRUE	TRUE	FALSE	FALSE
Cox7a2l	-0.0475331862017473	0.377911885766786	0.377911885766786	15	0	FALSE	0	0	0.273614966841878	-0.305849169690562	-0.059171891884071	0.302218852095861	5.38983899585608e-05	5.38983899585608e-05	15	2	TRUE	1	1	1.28122939642406	-0.676791692232337	-0.0828156419010783	TRUE	TRUE	TRUE	FALSE	TRUE	FALSE	TRUE	FALSE	TRUE	TRUE	FALSE	FALSE
Cplx2	-0.0488173699312762	0.205694761054004	0.205694761054004	46	0	FALSE	0	0	0.287383591792591	-0.444385024472473	-0.0522859926533068	1.02510196185922	0.000150970013620909	0.000150970013620909	50	5	TRUE	3	2	1.41695935428361	-1.1684795820866	-0.0307491594994602	TRUE	TRUE	TRUE	FALSE	TRUE	FALSE	TRUE	FALSE	TRUE	TRUE	FALSE	FALSE
Cpxm2	-0.0817569800092203	0.167368910223836	0.167368910223836	52	0	FALSE	0	0	0.212190716800877	-0.499150413939386	-0.100507344246839	0.76422196118861	0.0151458998957138	0.0151458998957138	61	3	TRUE	2	1	0.805877317215085	-0.933275332790515	-0.159772892931109	TRUE	TRUE	TRUE	FALSE	TRUE	FALSE	TRUE	FALSE	TRUE	TRUE	FALSE	FALSE
Cracdl	-0.0630173734679594	0.28991746471973	0.28991746471973	43	0	FALSE	0	0	0.299655552816628	-0.371877216564442	-0.0515185756080393	0.066319989018268	0.00290502782680131	0.00290502782680131	43	2	TRUE	1	1	0.971792561566125	-0.839152583529589	-0.115863293284953	TRUE	TRUE	TRUE	FALSE	TRUE	FALSE	TRUE	FALSE	TRUE	TRUE	FALSE	FALSE
Creb3l1	-0.0971416798653719	0.272626534723823	0.272626534723823	17	0	FALSE	0	0	0.13423152190307	-0.386170131513351	-0.0895822322787447	1.32214675545448	0.000694749211516064	0.000694749211516064	20	1	TRUE	1	0	1.32214675545448	-0.662701429024096	-0.158278890707861	TRUE	TRUE	TRUE	FALSE	TRUE	FALSE	FALSE	FALSE	TRUE	TRUE	FALSE	FALSE
Creg2	-0.096286232056633	0.259402777918962	0.259402777918962	16	0	FALSE	0	0	0.273620484491751	-0.391729849852722	-0.0863344064418276	0.0710587035079761	0.00648776867879633	0.00648776867879633	11	2	TRUE	1	1	0.932675231134039	-0.790557824118087	-0.123810916256601	TRUE	TRUE	TRUE	FALSE	TRUE	FALSE	TRUE	FALSE	TRUE	TRUE	FALSE	FALSE
Crisp4	-0.0867837384861121	0.156909544123129	0.156909544123129	17	0	FALSE	0	0	0.18562816144488	-0.48082853022798	-0.139204661740746	2.14397033746827	1.56712862586006e-05	1.56712862586006e-05	16	1	TRUE	1	0	2.14397033746827	-0.526665667263678	-0.03479753515494	TRUE	TRUE	TRUE	FALSE	TRUE	FALSE	FALSE	FALSE	TRUE	TRUE	FALSE	FALSE
Crygf	-0.0602366033699102	0.0580824973447763	0.0580824973447763	24	0	FALSE	0	0	0.750358425474892	-0.656948601840107	-0.0122920784004674	1.681332605778	1.65793773272749e-07	1.65793773272749e-07	22	4	TRUE	4	0	2.22570128305241	-0.570385375017963	0.143640253903927	TRUE	TRUE	TRUE	FALSE	TRUE	FALSE	FALSE	FALSE	TRUE	TRUE	FALSE	FALSE
Csf1	-0.0871311756625161	0.092832092859064	0.092832092859064	21	0	FALSE	0	0	0.291297542534973	-0.660016780336075	-0.0697050573509769	1.07961214843036	0.00184432576780854	0.00184432576780854	24	1	TRUE	1	0	1.07961214843036	-0.612816982125067	-0.0741252864460112	TRUE	TRUE	TRUE	FALSE	TRUE	FALSE	FALSE	FALSE	TRUE	TRUE	FALSE	FALSE
Csmd3	-0.127733055985361	0.107292362899632	0.107292362899632	118	0	FALSE	0	0	0.435603926706737	-0.567139436190132	-0.135287824041566	1.25085765686424	6.08981913646629e-15	6.08981913646629e-15	86	11	TRUE	7	4	3.64429577606917	-1.16336546824869	-0.0822210225767783	TRUE	TRUE	TRUE	FALSE	TRUE	FALSE	TRUE	FALSE	TRUE	TRUE	FALSE	FALSE
Cst8	-0.105954797161431	0.242229255992068	0.242229255992068	3	0	FALSE	0	0	0.0272877042136011	-0.409279524122363	-0.162648872356731	0.827380047716147	0.026196924947996	0.026196924947996	2	1	TRUE	1	0	0.827380047716147	0.219855592098756	0.523617819907451	TRUE	TRUE	TRUE	FALSE	TRUE	FALSE	FALSE	FALSE	TRUE	TRUE	FALSE	FALSE
Ctnnb1	-0.0560747053177793	0.141071080682873	0.141071080682873	25	0	FALSE	0	0	0.484701499442019	-0.459559047080414	-0.040081427314897	1.53041698119416	2.43996390932469e-06	2.43996390932469e-06	25	4	TRUE	3	1	2.24337705225921	-0.806386275270061	0.0228721003132994	TRUE	TRUE	TRUE	FALSE	TRUE	FALSE	TRUE	FALSE	TRUE	TRUE	FALSE	FALSE
Ctxn2	0.0736078021773745	0.426730060876248	0.426730060876248	2	0	FALSE	0	0	0.283358560376476	-0.136142956021727	0.0736078021773745	0.795303806418411	0.0476878110775794	0.0476878110775794	1	1	TRUE	1	0	0.795303806418411	0.795303806418411	0.795303806418411	TRUE	TRUE	TRUE	FALSE	TRUE	FALSE	FALSE	FALSE	TRUE	TRUE	FALSE	FALSE
Cx3cr1	-0.180528526436511	0.11992146567952	0.11992146567952	5	0	FALSE	0	0	0.36944973285556	-0.497198683266838	-0.154606830366903	1.27034437410207	6.14375152445189e-05	6.14375152445189e-05	6	1	TRUE	1	0	1.27034437410207	-0.176224625227975	0.313386367893154	TRUE	TRUE	TRUE	FALSE	TRUE	FALSE	FALSE	FALSE	TRUE	TRUE	FALSE	FALSE
Cxcl11	-0.211788697193059	0.284350284289801	0.284350284289801	6	0	FALSE	0	0	-0.028937082367208	-0.37161234778732	-0.208078994945921	2.78222115859439	7.13686059431756e-17	7.13686059431756e-17	4	1	TRUE	1	0	2.78222115859439	-0.387796130363291	0.597791766431247	TRUE	TRUE	TRUE	FALSE	TRUE	FALSE	FALSE	FALSE	TRUE	TRUE	FALSE	FALSE
Cxcr3	-0.0434729058137849	0.211971094094266	0.211971094094266	7	0	FALSE	0	0	0.389181154347858	-0.429026379805776	-0.0619390490524269	1.4465805391184	8.88326301660584e-05	8.88326301660584e-05	8	1	TRUE	1	0	1.4465805391184	-0.553767239295852	-0.128854841550542	TRUE	TRUE	TRUE	FALSE	TRUE	FALSE	FALSE	FALSE	TRUE	TRUE	FALSE	FALSE
Cxxc5	-0.0854061034373244	0.184323805393793	0.184323805393793	26	0	FALSE	0	0	0.213913651470546	-0.440663046164666	-0.0904684442342447	1.28021459959987	3.08720135819825e-07	3.08720135819825e-07	30	2	TRUE	2	0	1.64812229641512	-0.613637096700061	-0.0782967829126133	TRUE	TRUE	TRUE	FALSE	TRUE	FALSE	FALSE	FALSE	TRUE	TRUE	FALSE	FALSE
Cyld	-0.1095710110724	0.224703956660566	0.224703956660566	54	0	FALSE	0	0	0.280040585795343	-0.42206545485322	-0.109223301438347	-0.041293626319696	0.0323824123699514	0.0323824123699514	48	2	TRUE	1	1	0.773072021096231	-0.855659273735623	-0.144267132912236	TRUE	TRUE	TRUE	FALSE	TRUE	FALSE	TRUE	FALSE	TRUE	TRUE	FALSE	FALSE
Cyp2j5	-0.0782693171695178	0.282119704491237	0.282119704491237	8	0	FALSE	0	0	0.376301001798109	-0.34505793121353	-0.00348047839082845	1.719643643716	5.93613473043903e-08	5.93613473043903e-08	11	5	TRUE	5	0	2.20542097811602	-0.669617650262268	0.813299659600938	TRUE	TRUE	TRUE	FALSE	TRUE	FALSE	FALSE	FALSE	TRUE	TRUE	FALSE	FALSE
Cypt14-ps	-0.32657911927316	0.0802449787444998	0.0802449787444998	9	0	FALSE	0	0	0.0428393507380078	-0.622423216541805	-0.268090555287671	-0.994679037322168	0.00048533274498556	0.00048533274498556	13	3	TRUE	1	2	1.32098721541381	-1.6395292544128	-0.421240534925415	TRUE	TRUE	TRUE	FALSE	TRUE	FALSE	TRUE	FALSE	TRUE	TRUE	FALSE	FALSE
Cyrib	-0.0363336513559788	0.373574226977104	0.373574226977104	29	0	FALSE	0	0	0.271471013255393	-0.315921399205363	-0.0418141416712206	0.739466480514722	0.0448713669004001	0.0448713669004001	26	1	TRUE	1	0	0.739466480514722	-0.565230129484005	-0.0794162270249441	TRUE	TRUE	TRUE	FALSE	TRUE	FALSE	FALSE	FALSE	TRUE	TRUE	FALSE	FALSE
Cytip	-0.0468902408131225	0.213315788965356	0.213315788965356	18	0	FALSE	0	0	0.320705711945668	-0.429447373953573	-0.026582825252193	1.49145876328351	1.94161308724236e-20	1.94161308724236e-20	20	6	TRUE	6	0	3.51117979373207	-0.370917070444235	0.594305888143301	TRUE	TRUE	TRUE	FALSE	TRUE	FALSE	FALSE	FALSE	TRUE	TRUE	FALSE	FALSE
D030025P21Rik	-0.0253320759301885	0.0698405675317738	0.0698405675317738	15	0	FALSE	0	0	0.167936023408804	-0.667925912808507	-0.0906085914777658	1.60366362762807	0.00219451958357969	0.00219451958357969	15	1	TRUE	1	0	1.60366362762807	-0.420215356685854	-0.00803385426625741	TRUE	TRUE	TRUE	FALSE	TRUE	FALSE	FALSE	FALSE	TRUE	TRUE	FALSE	FALSE
D14Ertd670e	-0.0820698409311924	0.361290081754582	0.361290081754582	15	0	FALSE	0	0	0.308622842352505	-0.323367688226654	-0.0921821750625123	1.80725182803107	3.82152352679083e-05	3.82152352679083e-05	13	1	TRUE	1	0	1.80725182803107	-0.510310046123254	-0.0648175544155719	TRUE	TRUE	TRUE	FALSE	TRUE	FALSE	FALSE	FALSE	TRUE	TRUE	FALSE	FALSE
Daam2	-0.057466285410052	0.274765911207896	0.274765911207896	25	0	FALSE	0	0	0.300903523421901	-0.3846568355784	-0.0388360326910405	1.37813212094368	1.13342683630424e-05	1.13342683630424e-05	26	1	TRUE	1	0	1.37813212094368	-0.563782442744978	0.143640703106866	TRUE	TRUE	TRUE	FALSE	TRUE	FALSE	FALSE	FALSE	TRUE	TRUE	FALSE	FALSE
Daw1	-0.0370805531011991	0.257762234212803	0.257762234212803	18	0	FALSE	0	0	0.402386519324904	-0.223953121702238	0.000695440859618006	1.54741408005405	2.09977202196913e-09	2.09977202196913e-09	16	4	TRUE	4	0	2.53012226332562	-0.654111810836314	0.287823142631622	TRUE	TRUE	TRUE	FALSE	TRUE	FALSE	FALSE	FALSE	TRUE	TRUE	FALSE	FALSE
Dctd	-0.00292742833619798	0.0806935088754071	0.0806935088754071	37	0	FALSE	0	0	0.434346954386321	-0.685806431007873	-0.0565509146180634	1.05020277102837	2.86567266237583e-05	2.86567266237583e-05	39	4	TRUE	4	0	1.50633550073138	-0.742552909591193	0.0347702860427344	TRUE	TRUE	TRUE	FALSE	TRUE	FALSE	FALSE	FALSE	TRUE	TRUE	FALSE	FALSE
Ddx11	-0.134072225545881	0.17281930176812	0.17281930176812	29	0	FALSE	0	0	0.284213486502951	-0.481456304204727	-0.147906169605114	0.438438519692831	2.92018502864388e-07	2.92018502864388e-07	26	2	TRUE	1	1	1.83748854640936	-0.960611507023698	-0.115579105306784	TRUE	TRUE	TRUE	FALSE	TRUE	FALSE	TRUE	FALSE	TRUE	TRUE	FALSE	FALSE
Ddx18	-0.127481741518353	0.111210994457107	0.111210994457107	28	0	FALSE	0	0	0.306510521707768	-0.612994359378047	-0.12653304982563	0.0558795651929385	7.87705049426862e-05	7.87705049426862e-05	42	6	TRUE	3	3	1.70975343897662	-1.34816009196048	-0.131544952051237	TRUE	TRUE	TRUE	FALSE	TRUE	FALSE	TRUE	FALSE	TRUE	TRUE	FALSE	FALSE
Defb41	-0.0289200149327139	0.0686081015769225	0.0686081015769225	28	0	FALSE	0	0	0.439693610118233	-0.615978059589848	-0.0713924758700985	1.63340388795968	0.000309246188652733	0.000309246188652733	33	4	TRUE	3	1	1.91764593017642	-0.98966930570177	0.016003069445333	TRUE	TRUE	TRUE	FALSE	TRUE	FALSE	TRUE	FALSE	TRUE	TRUE	FALSE	FALSE
Dgkb	-0.0696465195263387	0.145650220065576	0.145650220065576	46	0	FALSE	0	0	0.486404755842042	-0.561470404077327	-0.0534099336969578	1.12729421449022	3.72408439609934e-15	3.72408439609934e-15	56	8	TRUE	7	1	3.15554187248402	-1.03427177503874	0.0864523587725203	TRUE	TRUE	TRUE	FALSE	TRUE	FALSE	TRUE	FALSE	TRUE	TRUE	FALSE	FALSE
Dhrs2	-0.0965272378110386	0.144610710463678	0.144610710463678	29	0	FALSE	0	0	0.257552575630998	-0.523092591481642	-0.114938766385737	1.69410224729599	1.26857098726723e-08	1.26857098726723e-08	36	5	TRUE	5	0	1.97288824280992	-0.695398523193195	0.0393089764067724	TRUE	TRUE	TRUE	FALSE	TRUE	FALSE	FALSE	FALSE	TRUE	TRUE	FALSE	FALSE
Dhx32	-0.154531998177537	0.123043679362767	0.123043679362767	14	0	FALSE	0	0	0.240893210970519	-0.489217013439021	-0.0992171149093975	1.17241844415594	0.000496668678781205	0.000496668678781205	17	1	TRUE	1	0	1.17241844415594	-0.765774341416083	-0.0627873464142824	TRUE	TRUE	TRUE	FALSE	TRUE	FALSE	FALSE	FALSE	TRUE	TRUE	FALSE	FALSE
Dio1	-0.0287024496156706	0.192285964356555	0.192285964356555	5	0	FALSE	0	0	0.401376976960256	-0.391543209801931	-0.00423932976034833	1.82480178895987	2.10774115169097e-07	2.10774115169097e-07	7	1	TRUE	1	0	1.82480178895987	-0.751937063712015	-0.0177846097937714	TRUE	TRUE	TRUE	FALSE	TRUE	FALSE	FALSE	FALSE	TRUE	TRUE	FALSE	FALSE
Dipk2b	-0.218811440331633	0.112281671371143	0.112281671371143	9	0	FALSE	0	0	-0.0074850616172031	-0.553914891656502	-0.275340224812092	0.894408119516588	0.00749212437427785	0.00749212437427785	12	3	TRUE	3	0	1.17196645604235	-0.527100415479061	0.163870759615747	TRUE	TRUE	TRUE	FALSE	TRUE	FALSE	FALSE	FALSE	TRUE	TRUE	FALSE	FALSE
Diras2	-0.0755968752133689	0.248933046324284	0.248933046324284	59	0	FALSE	0	0	0.387564620525019	-0.365271414483262	-0.0320767145629048	1.46152755111372	6.48945796560959e-17	6.48945796560959e-17	65	9	TRUE	9	0	4.39947209096805	-0.747684856558161	0.287385561972967	TRUE	TRUE	TRUE	FALSE	TRUE	FALSE	FALSE	FALSE	TRUE	TRUE	FALSE	FALSE
Dlg1	-0.122450539927524	0.381866055574564	0.381866055574564	23	0	FALSE	0	0	0.185572053466285	-0.310964239150131	-0.0766219436993436	1.37612369994573	3.44853760010476e-05	3.44853760010476e-05	22	3	TRUE	2	1	2.00729284316352	-0.898352025553219	0.182563466992551	TRUE	TRUE	TRUE	FALSE	TRUE	FALSE	TRUE	FALSE	TRUE	TRUE	FALSE	FALSE
Dll1	-0.112482705454629	0.116678625829929	0.116678625829929	19	0	FALSE	0	0	0.437582168113572	-0.50817181165499	-0.0911994926161411	0.771663611176422	4.83754307394241e-06	4.83754307394241e-06	27	3	TRUE	2	1	1.58477898858361	-0.833947545469511	-0.129909440128913	TRUE	TRUE	TRUE	FALSE	TRUE	FALSE	TRUE	FALSE	TRUE	TRUE	FALSE	FALSE
Dmac1	-0.108863369029795	0.0904072401201717	0.0904072401201717	53	0	FALSE	0	0	0.369261570059664	-0.663569733171985	-0.123476013633632	1.98022998429492	2.5365014947605e-36	2.5365014947605e-36	58	14	TRUE	12	2	4.79023864107177	-1.40595247556911	0.33509796624576	TRUE	TRUE	TRUE	FALSE	TRUE	FALSE	TRUE	FALSE	TRUE	TRUE	FALSE	FALSE
Dmrtb1	-0.108337606141186	0.0561806449182658	0.0561806449182658	25	0	FALSE	0	0	0.358064870083935	-0.61511668293044	-0.108027497403104	1.07506066140564	0.0097537359658151	0.0097537359658151	25	3	TRUE	2	1	1.63720977160934	-0.820672907099146	-0.0576867047701589	TRUE	TRUE	TRUE	FALSE	TRUE	FALSE	TRUE	FALSE	TRUE	TRUE	FALSE	FALSE
Dnaaf6rt	-0.158465820677072	0.264088909079189	0.264088909079189	19	0	FALSE	0	0	0.0253858607342123	-0.400134088416575	-0.186635969421751	-0.957343165584831	5.16476030949139e-08	5.16476030949139e-08	28	5	TRUE	1	4	2.63250992892263	-0.984276805498543	-0.303774533071009	TRUE	TRUE	TRUE	FALSE	TRUE	FALSE	TRUE	FALSE	TRUE	TRUE	FALSE	FALSE
Dnah10	-0.143786429912229	0.147119891132865	0.147119891132865	33	0	FALSE	0	0	0.0767474760546626	-0.469167747626314	-0.162227449639688	1.68385701777324	8.6937535312035e-09	8.6937535312035e-09	35	1	TRUE	1	0	1.68385701777324	-0.642764481087373	-0.167534219440696	TRUE	TRUE	TRUE	FALSE	TRUE	FALSE	FALSE	FALSE	TRUE	TRUE	FALSE	FALSE
Dnajc5b	-0.0260431294389652	0.13042602557084	0.13042602557084	36	0	FALSE	0	0	0.382076551392617	-0.576142688081835	-0.0665940006629262	3.19541133535263	2.61244626358172e-16	2.61244626358172e-16	25	1	TRUE	1	0	3.19541133535263	-0.649905116261198	-0.101060814857294	TRUE	TRUE	TRUE	FALSE	TRUE	FALSE	FALSE	FALSE	TRUE	TRUE	FALSE	FALSE
Dnajc6	-0.0822846775209632	0.148619021545835	0.148619021545835	25	0	FALSE	0	0	0.398604303605074	-0.470964282718322	-0.0991047377162059	0.839785338519152	0.0259974348851133	0.0259974348851133	26	1	TRUE	1	0	0.839785338519152	-0.57785997307725	-0.190851483249707	TRUE	TRUE	TRUE	FALSE	TRUE	FALSE	FALSE	FALSE	TRUE	TRUE	FALSE	FALSE
Dnm3	-0.0707405772937961	0.225761900532192	0.225761900532192	71	0	FALSE	0	0	0.429992381622381	-0.42551010458737	-0.075187999144243	-0.021879173834197	8.14917445278588e-07	8.14917445278588e-07	69	6	TRUE	3	3	1.87885161585797	-1.02848549057961	-0.225145697260023	TRUE	TRUE	TRUE	FALSE	TRUE	FALSE	TRUE	FALSE	TRUE	TRUE	FALSE	FALSE
Dock6	-0.0872247655927798	0.179671141634949	0.179671141634949	11	0	FALSE	0	0	0.434442091249278	-0.257371110579913	-0.013838581354324	1.20947041873462	1.88556946226427e-05	1.88556946226427e-05	17	1	TRUE	1	0	1.20947041873462	-0.414282149923867	-0.00327788652589758	TRUE	TRUE	TRUE	FALSE	TRUE	FALSE	FALSE	FALSE	TRUE	TRUE	FALSE	FALSE
Dolpp1	-0.204647289080119	0.149274573388472	0.149274573388472	5	0	FALSE	0	0	0.0657328523341651	-0.509638726698476	-0.172951231588486	0.622228880487013	0.0376389995174319	0.0376389995174319	2	1	TRUE	1	0	0.622228880487013	-0.373595206517166	0.124316836984923	TRUE	TRUE	TRUE	FALSE	TRUE	FALSE	FALSE	FALSE	TRUE	TRUE	FALSE	FALSE
Dpf1	-0.0682694195682442	0.731588779146578	0.731588779146578	7	0	FALSE	0	0	0.139945786974399	-0.0788598676898404	-0.016826638977207	0.577952964382855	1.56353881951935e-07	1.56353881951935e-07	6	2	TRUE	1	1	1.88367029366161	-0.7277643648959	0.105342802355871	TRUE	TRUE	TRUE	FALSE	TRUE	FALSE	TRUE	FALSE	TRUE	TRUE	FALSE	FALSE
Dpf3	-0.0742122966590898	0.0547186584667946	0.0547186584667946	88	0	FALSE	0	0	0.435651885171384	-0.636097124944019	-0.0978967898343859	0.995020206021653	4.26634143072049e-14	4.26634143072049e-14	79	4	TRUE	3	1	2.41702431601036	-0.84033576437573	-0.135506781868994	TRUE	TRUE	TRUE	FALSE	TRUE	FALSE	TRUE	FALSE	TRUE	TRUE	FALSE	FALSE
Dph3	-0.0825175035864829	0.327382983098656	0.327382983098656	7	0	FALSE	0	0	0.341797521268197	-0.341007192805626	-0.0925444039812567	1.82414226499072	1.9931050029737e-12	1.9931050029737e-12	6	2	TRUE	2	0	2.6960179904426	-0.424258448805896	0.504027484494359	TRUE	TRUE	TRUE	FALSE	TRUE	FALSE	FALSE	FALSE	TRUE	TRUE	FALSE	FALSE
Dppa4	-0.0354882639652228	0.165119368203355	0.165119368203355	9	0	FALSE	0	0	0.138315245557833	-0.477673032695084	-0.108563862769087	0.945126742382418	0.0300523807782609	0.0300523807782609	4	1	TRUE	1	0	0.945126742382418	-0.142526696291483	0.308703516560728	TRUE	TRUE	TRUE	FALSE	TRUE	FALSE	FALSE	FALSE	TRUE	TRUE	FALSE	FALSE
Dpy19l1	-0.174107488573597	0.132487604714548	0.132487604714548	32	0	FALSE	0	0	0.500593364951555	-0.336818137646834	-0.108869866430096	0.997166756037042	0.000480113770732917	0.000480113770732917	45	3	TRUE	3	0	1.51871292005813	-0.588952190648434	-0.0755121520542145	TRUE	TRUE	TRUE	FALSE	TRUE	FALSE	FALSE	FALSE	TRUE	TRUE	FALSE	FALSE
Dpysl5	-0.109138667451746	0.201669756728635	0.201669756728635	25	0	FALSE	0	0	0.264253920234855	-0.436703108766652	-0.102471271040362	0.018881207023262	0.0201459530158367	0.0201459530158367	32	2	TRUE	1	1	0.832729550948378	-0.794967136901854	-0.153425106407443	TRUE	TRUE	TRUE	FALSE	TRUE	FALSE	TRUE	FALSE	TRUE	TRUE	FALSE	FALSE
Dreh	-0.0552845232019513	0.0529731064064154	0.0529731064064154	18	0	FALSE	0	0	0.604321447596862	-0.316303594954058	-0.0142271865733739	1.67630933421681	0.000149569917886144	0.000149569917886144	17	2	TRUE	2	0	1.81204862186061	-0.399578720474554	0.129193931324662	TRUE	TRUE	TRUE	FALSE	TRUE	FALSE	FALSE	FALSE	TRUE	TRUE	FALSE	FALSE
Drgx	-0.0403739230513501	0.207791193169919	0.207791193169919	18	0	FALSE	0	0	0.336237002492831	-0.419756587559077	-0.0561968175564531	1.06871082622286	0.0102925784234972	0.0102925784234972	23	1	TRUE	1	0	1.06871082622286	-0.3898914435515	-0.0231933435949116	TRUE	TRUE	TRUE	FALSE	TRUE	FALSE	FALSE	FALSE	TRUE	TRUE	FALSE	FALSE
Dsp	-0.102009930245549	0.327340810243433	0.327340810243433	20	0	FALSE	0	0	0.344618233888626	-0.313819501879841	-0.0595528622162423	1.08654176572236	0.00652388330276354	0.00652388330276354	19	1	TRUE	1	0	1.08654176572236	-0.633682556177648	-0.143788212635526	TRUE	TRUE	TRUE	FALSE	TRUE	FALSE	FALSE	FALSE	TRUE	TRUE	FALSE	FALSE
Dusp1	-0.162480250737899	0.182586177211643	0.182586177211643	28	0	FALSE	0	0	0.158585788068765	-0.466103338838746	-0.118227984364697	2.12715769432081	5.15955265117298e-09	5.15955265117298e-09	25	1	TRUE	1	0	2.12715769432081	-0.616218834794224	-0.0359585273731812	TRUE	TRUE	TRUE	FALSE	TRUE	FALSE	FALSE	FALSE	TRUE	TRUE	FALSE	FALSE
Dusp10	-0.129266292161715	0.0526099041338108	0.0526099041338108	91	0	FALSE	0	0	0.37668711411034	-0.724329514910996	-0.13768375910192	-0.845201048422006	0.00442188679760482	0.00442188679760482	79	5	TRUE	1	4	0.961396754386534	-0.906907319041485	-0.214380694980967	TRUE	TRUE	TRUE	FALSE	TRUE	FALSE	TRUE	FALSE	TRUE	TRUE	FALSE	FALSE
Dusp14	-0.0889689886385389	0.18805040724485	0.18805040724485	7	0	FALSE	0	0	0.0633139249323841	-0.440497254886017	-0.130056574890037	0.877622874170834	0.0271792104378178	0.0271792104378178	7	1	TRUE	1	0	0.877622874170834	-0.315935298446442	0.0257454372991436	TRUE	TRUE	TRUE	FALSE	TRUE	FALSE	FALSE	FALSE	TRUE	TRUE	FALSE	FALSE
Dusp21	-0.134892983443493	0.727352175692912	0.727352175692912	1	0	FALSE	0	0	-0.134892983443493	-0.134892983443493	-0.134892983443493	1.44336399841949	0.00194899581372292	0.00194899581372292	7	2	TRUE	2	0	1.66976551631703	-0.632069617201988	0.169485252743093	TRUE	TRUE	TRUE	FALSE	TRUE	FALSE	FALSE	FALSE	TRUE	TRUE	FALSE	FALSE
Dusp26	-0.130234755467789	0.0728978731273199	0.0728978731273199	40	0	FALSE	0	0	0.075547066155141	-0.573922323287097	-0.175725850258146	1.63410430773561	1.31524118909714e-05	1.31524118909714e-05	42	3	TRUE	2	1	2.85679349107748	-0.839159208208959	-0.0743865292459532	TRUE	TRUE	TRUE	FALSE	TRUE	FALSE	TRUE	FALSE	TRUE	TRUE	FALSE	FALSE
Dusp5	-0.0935780704881164	0.0835042103097826	0.0835042103097826	19	0	FALSE	0	0	0.557419866025473	-0.32796220847768	-0.0826815099255244	0.859478928807039	0.0130620992873832	0.0130620992873832	25	1	TRUE	1	0	0.859478928807039	-0.51774967178443	-0.0566827824045589	TRUE	TRUE	TRUE	FALSE	TRUE	FALSE	FALSE	FALSE	TRUE	TRUE	FALSE	FALSE
Dut	-0.0851865245588207	0.0668870274931052	0.0668870274931052	52	0	FALSE	0	0	0.812848523514731	-0.55447992532351	-0.0597614823490653	0.918055944323732	0.000743872584353639	0.000743872584353639	45	2	TRUE	2	0	1.13680308513117	-0.876324241440066	-0.137016670566161	TRUE	TRUE	TRUE	FALSE	TRUE	FALSE	FALSE	FALSE	TRUE	TRUE	FALSE	FALSE
Dync2i1	-0.119342162138607	0.291714609844163	0.291714609844163	23	0	FALSE	0	0	0.155527193940516	-0.37008282766697	-0.132608450477155	0.905162192692535	0.0153506143356021	0.0153506143356021	20	1	TRUE	1	0	0.905162192692535	-0.751710430083447	-0.115912301163227	TRUE	TRUE	TRUE	FALSE	TRUE	FALSE	FALSE	FALSE	TRUE	TRUE	FALSE	FALSE
Dyrk2	-0.0587070031510036	0.190965958757301	0.190965958757301	22	0	FALSE	0	0	0.212671165359842	-0.446437294451404	-0.0550166866899054	1.40995216382587	1.94671220957886e-05	1.94671220957886e-05	20	1	TRUE	1	0	1.40995216382587	-0.533120058304401	-0.000341246824546038	TRUE	TRUE	TRUE	FALSE	TRUE	FALSE	FALSE	FALSE	TRUE	TRUE	FALSE	FALSE
E030011O05Rik	-0.231181447288914	0.293718836623151	0.293718836623151	4	0	FALSE	0	0	-0.094967760198875	-0.370095613151858	-0.23185656698214	-0.00581119160136701	0.0191154782263479	0.0191154782263479	4	2	TRUE	1	1	0.78847351267845	-0.800095895881184	-0.133758429963384	TRUE	TRUE	TRUE	FALSE	TRUE	FALSE	TRUE	FALSE	TRUE	TRUE	FALSE	FALSE
E230013L22Rik	-0.0720573079038615	0.30644227160254	0.30644227160254	4	0	FALSE	0	0	0.0246475935408487	-0.354718564093122	-0.118546396589999	1.58738297358653	3.32316716414712e-06	3.32316716414712e-06	5	1	TRUE	1	0	1.58738297358653	-0.276130828241589	0.181104390484646	TRUE	TRUE	TRUE	FALSE	TRUE	FALSE	FALSE	FALSE	TRUE	TRUE	FALSE	FALSE
E2f6	-0.177426719461324	0.249211406502165	0.249211406502165	12	0	FALSE	0	0	0.0564462263045817	-0.400825696867625	-0.175739542529243	-0.026970447757926	0.0145024385030022	0.0145024385030022	15	2	TRUE	1	1	0.806280498653793	-0.860221394169645	-0.104086825262401	TRUE	TRUE	TRUE	FALSE	TRUE	FALSE	TRUE	FALSE	TRUE	TRUE	FALSE	FALSE
Ebag9	-0.135376859309395	0.389166391056392	0.389166391056392	8	0	FALSE	0	0	0.0364694448868407	-0.306204541055709	-0.134953613708354	1.03239088389912	3.75040512313098e-14	3.75040512313098e-14	12	5	TRUE	5	0	2.59758314204014	-0.511778820370605	0.521128480011315	TRUE	TRUE	TRUE	FALSE	TRUE	FALSE	FALSE	FALSE	TRUE	TRUE	FALSE	FALSE
Ect2	-0.160487728059872	0.152208353525951	0.152208353525951	41	0	FALSE	0	0	0.267029110951628	-0.483749809702685	-0.163094787080742	-0.923090357121391	0.00327604454022794	0.00327604454022794	42	3	TRUE	1	2	0.743419152946569	-1.2249802180861	-0.33456137636311	TRUE	TRUE	TRUE	FALSE	TRUE	FALSE	TRUE	FALSE	TRUE	TRUE	FALSE	FALSE
Edem3	-0.0932236422146059	0.226138235868668	0.226138235868668	21	0	FALSE	0	0	0.161254722906678	-0.418116987196391	-0.0876455546105755	1.2615985051358	5.04287567850985e-09	5.04287567850985e-09	17	3	TRUE	2	1	2.27258297052595	-0.844264598223965	0.0632028947280549	TRUE	TRUE	TRUE	FALSE	TRUE	FALSE	TRUE	FALSE	TRUE	TRUE	FALSE	FALSE
Eeig2	-0.0148644906627482	0.256665745403365	0.256665745403365	11	0	FALSE	0	0	0.35199855928105	-0.392313155913435	-0.0411228745570782	0.17021550900045	5.88889835546346e-05	5.88889835546346e-05	15	2	TRUE	1	1	1.38402767972372	-1.04359666172282	-0.197611447952228	TRUE	TRUE	TRUE	FALSE	TRUE	FALSE	TRUE	FALSE	TRUE	TRUE	FALSE	FALSE
Efcab2	-0.0787679319837766	0.287755393121031	0.287755393121031	13	0	FALSE	0	0	0.0261012543991614	-0.374063546053197	-0.0967786647749787	0.910993135496643	0.0167809340770738	0.0167809340770738	12	1	TRUE	1	0	0.910993135496643	-0.433467797372854	0.0563019838642753	TRUE	TRUE	TRUE	FALSE	TRUE	FALSE	FALSE	FALSE	TRUE	TRUE	FALSE	FALSE
Efhc1	-0.0961794162463381	0.0520706741428162	0.0520706741428162	12	0	FALSE	0	0	0.426249678634857	-0.691965518834498	-0.0915948217243133	0.0633295182654799	0.000148710516607403	0.000148710516607403	11	2	TRUE	1	1	1.26011237701285	-1.13345334048189	-0.130638422879245	TRUE	TRUE	TRUE	FALSE	TRUE	FALSE	TRUE	FALSE	TRUE	TRUE	FALSE	FALSE
Efr3a	-0.113966444841344	0.104297530368669	0.104297530368669	45	0	FALSE	0	0	0.384369028635492	-0.59296761093725	-0.133945862022448	1.10605244774352	1.92758030300614e-16	1.92758030300614e-16	53	9	TRUE	5	4	3.71333693061624	-1.40618572021584	0.0608787468779918	TRUE	TRUE	TRUE	FALSE	TRUE	FALSE	TRUE	FALSE	TRUE	TRUE	FALSE	FALSE
Efr3b	-0.121826391382339	0.102364729822399	0.102364729822399	20	0	FALSE	0	0	0.347461113561012	-0.649670215542138	-0.134348984138132	1.24442124174696	0.00043709348238483	0.00043709348238483	25	3	TRUE	2	1	1.35386206198171	-0.931741372227211	-0.0263073324238053	TRUE	TRUE	TRUE	FALSE	TRUE	FALSE	TRUE	FALSE	TRUE	TRUE	FALSE	FALSE
Egr4	-0.0677943673548934	0.24827744347	0.24827744347	7	0	FALSE	0	0	0.163286402119177	-0.389209493521087	-0.108744843408411	1.30405786333199	4.23388458694963e-08	4.23388458694963e-08	12	7	TRUE	7	0	2.73536337483912	-0.0560990612230897	1.00213035965083	TRUE	TRUE	TRUE	FALSE	TRUE	FALSE	FALSE	FALSE	TRUE	TRUE	FALSE	FALSE
Eif4e3	-0.0924236603811267	0.0829041081822408	0.0829041081822408	9	0	FALSE	0	0	0.184154732166993	-0.593930475788611	-0.129218543302394	0.793993544610217	2.39328524407158e-08	2.39328524407158e-08	10	3	TRUE	3	0	2.268411621966	-0.591404030475354	0.275510867779449	TRUE	TRUE	TRUE	FALSE	TRUE	FALSE	FALSE	FALSE	TRUE	TRUE	FALSE	FALSE
Elk3	-0.0259331564903664	0.156397038802523	0.156397038802523	17	0	FALSE	0	0	0.219667427086977	-0.485711931460321	-0.0438071481448641	1.0367890216133	0.000828093259026583	0.000828093259026583	26	4	TRUE	4	0	1.62261138345742	-0.530044066378523	0.23476783435113	TRUE	TRUE	TRUE	FALSE	TRUE	FALSE	FALSE	FALSE	TRUE	TRUE	FALSE	FALSE
Elmo2	-0.127622433586961	0.0512060840868664	0.0512060840868664	14	0	FALSE	0	0	0.492552854932056	-0.979833086402005	-0.163352729319606	1.39021188830049	0.000365171009522476	0.000365171009522476	17	1	TRUE	1	0	1.39021188830049	-0.499994111276527	-0.00565588634286954	TRUE	TRUE	TRUE	FALSE	TRUE	FALSE	FALSE	FALSE	TRUE	TRUE	FALSE	FALSE
Emilin3	-0.0740674272736807	0.434665519089426	0.434665519089426	9	0	FALSE	0	0	0.281430150546511	-0.238481717060142	-0.0575536792858506	0.671602821044854	0.0425651567346687	0.0425651567346687	10	1	TRUE	1	0	0.671602821044854	-0.235105104887767	0.109413186069475	TRUE	TRUE	TRUE	FALSE	TRUE	FALSE	FALSE	FALSE	TRUE	TRUE	FALSE	FALSE
Enox2	-0.197426337908482	0.175186302304608	0.175186302304608	26	0	FALSE	0	0	0.311878425342786	-0.532515398300638	-0.207321682192878	-0.0411228648660149	0.00542822363175442	0.00542822363175442	34	2	TRUE	1	1	1.03742976128805	-1.11967549102008	-0.311114015728885	TRUE	TRUE	TRUE	FALSE	TRUE	FALSE	TRUE	FALSE	TRUE	TRUE	FALSE	FALSE
Entpd7	-0.230045211498556	0.204587541206252	0.204587541206252	11	0	FALSE	0	0	0.0506001564430378	-0.448942677242764	-0.230537284582858	0.689704036485271	0.0271148705390536	0.0271148705390536	10	1	TRUE	1	0	0.689704036485271	-0.768425636447564	-0.255718061749209	TRUE	TRUE	TRUE	FALSE	TRUE	FALSE	FALSE	FALSE	TRUE	TRUE	FALSE	FALSE
Epb41l4a	-0.0800779051122951	0.0586749347107368	0.0586749347107368	73	0	FALSE	0	0	0.61891574304801	-0.604116495451368	-0.0847067245361785	-0.808788840394054	3.4793388291898e-05	3.4793388291898e-05	75	5	TRUE	2	3	1.32657256120399	-0.936684968252997	-0.203962728945606	TRUE	TRUE	TRUE	FALSE	TRUE	FALSE	TRUE	FALSE	TRUE	TRUE	FALSE	FALSE
Epha7	-0.102869677523127	0.140866121262276	0.140866121262276	95	0	FALSE	0	0	0.501749029343427	-0.428498653834008	-0.0818077459699047	-0.00747819053766552	7.29778508858501e-06	7.29778508858501e-06	103	6	TRUE	3	3	1.99364312707646	-0.953062854366905	-0.157714269589539	TRUE	TRUE	TRUE	FALSE	TRUE	FALSE	TRUE	FALSE	TRUE	TRUE	FALSE	FALSE
Eps8l3	-0.0870973810356589	0.346858234391856	0.346858234391856	21	0	FALSE	0	0	0.320903990161177	-0.333084463152536	-0.0920835887489882	0.769238722877388	0.0182012268646515	0.0182012268646515	22	1	TRUE	1	0	0.769238722877388	-0.66937852856028	-0.0927569821056775	TRUE	TRUE	TRUE	FALSE	TRUE	FALSE	FALSE	FALSE	TRUE	TRUE	FALSE	FALSE
Ercc8	0.0170655618951324	0.319189441001841	0.319189441001841	11	0	FALSE	0	0	0.224010352611238	-0.350874345421155	-0.0277794935992109	3.17321448599154	6.49920802367899e-29	6.49920802367899e-29	7	2	TRUE	2	0	3.57651345088516	-0.391853783462488	0.729000367634225	TRUE	TRUE	TRUE	FALSE	TRUE	FALSE	FALSE	FALSE	TRUE	TRUE	FALSE	FALSE
Eri1	0.00955714372307057	0.116488293602632	0.116488293602632	17	0	FALSE	0	0	0.488330083707137	-0.411245998174943	-0.00016299193509734	2.1011454477698	5.38638265608467e-10	5.38638265608467e-10	19	5	TRUE	5	0	2.18082749869808	-0.508792892427316	0.430506127235513	TRUE	TRUE	TRUE	FALSE	TRUE	FALSE	FALSE	FALSE	TRUE	TRUE	FALSE	FALSE
Erich6b	-0.0550557441888295	0.134746639500146	0.134746639500146	21	0	FALSE	0	0	0.500586255444564	-0.217510643742646	0.00188581793262146	0.215953216207305	0.00522503030371649	0.00522503030371649	19	2	TRUE	1	1	1.24543381450136	-0.81352738208675	-0.219689764353386	TRUE	TRUE	TRUE	FALSE	TRUE	FALSE	TRUE	FALSE	TRUE	TRUE	FALSE	FALSE
Ermn	-0.149178318816533	0.180607620357361	0.180607620357361	14	0	FALSE	0	0	0.364406650416356	-0.468561993348792	-0.0951448450245733	1.20355092585536	0.000237681107438512	0.000237681107438512	11	1	TRUE	1	0	1.20355092585536	-0.457255286221245	0.0173669943318424	TRUE	TRUE	TRUE	FALSE	TRUE	FALSE	FALSE	FALSE	TRUE	TRUE	FALSE	FALSE
Errfi1	-0.107281051469639	0.0604078286238219	0.0604078286238219	35	0	FALSE	0	0	0.304411371071263	-0.784433370850185	-0.124737758779882	1.16377549887623	0.00230909598306014	0.00230909598306014	30	1	TRUE	1	0	1.16377549887623	-0.798559586703026	-0.17634833806681	TRUE	TRUE	TRUE	FALSE	TRUE	FALSE	FALSE	FALSE	TRUE	TRUE	FALSE	FALSE
Esrrb	-0.0826908700950807	0.12658085838446	0.12658085838446	79	0	FALSE	0	0	0.458493203882596	-0.506187651503873	-0.0720164054811049	-0.895640376967924	0.0145742449083652	0.0145742449083652	74	4	TRUE	1	3	0.837173799471074	-0.931277912275937	-0.181579053018553	TRUE	TRUE	TRUE	FALSE	TRUE	FALSE	TRUE	FALSE	TRUE	TRUE	FALSE	FALSE
Etl4	-0.105600394401938	0.057218993602402	0.057218993602402	165	0	FALSE	0	0	0.60841050030086	-0.710423373706523	-0.113512109680541	-0.784639650898233	1.08565240805917e-08	1.08565240805917e-08	145	7	TRUE	3	4	1.72184351655876	-1.48780072677459	-0.246326509535936	TRUE	TRUE	TRUE	FALSE	TRUE	FALSE	TRUE	FALSE	TRUE	TRUE	FALSE	FALSE
Etv5	-0.0300462928404296	0.103349074214485	0.103349074214485	33	0	FALSE	0	0	0.361130614969961	-0.530031068357494	-0.0784681180218167	0.948146135755226	0.00702245242196651	0.00702245242196651	31	2	TRUE	2	0	1.09733975353661	-0.722837638711238	-0.0762605889600941	TRUE	TRUE	TRUE	FALSE	TRUE	FALSE	FALSE	FALSE	TRUE	TRUE	FALSE	FALSE
Etv6	-0.120525909905402	0.110668249584048	0.110668249584048	88	0	FALSE	0	0	0.415448355823901	-0.507745094721485	-0.123245430269622	-0.136400129776553	0.0436597253076784	0.0436597253076784	91	2	TRUE	1	1	0.747191010867145	-1.01999127042025	-0.155991084270124	TRUE	TRUE	TRUE	FALSE	TRUE	FALSE	TRUE	FALSE	TRUE	TRUE	FALSE	FALSE
Exo5	-0.180644780126304	0.160872000731578	0.160872000731578	6	0	FALSE	0	0	-0.010616909955504	-0.458247376529204	-0.201276275202225	1.3897864140855	0.000319670913158036	0.000319670913158036	4	1	TRUE	1	0	1.3897864140855	-0.362881319402987	0.236521302904087	TRUE	TRUE	TRUE	FALSE	TRUE	FALSE	FALSE	FALSE	TRUE	TRUE	FALSE	FALSE
Exph5	-0.120110111594582	0.0945197103660621	0.0945197103660621	18	0	FALSE	0	0	0.150854363150594	-0.594883021848306	-0.119271482445084	1.42649955588591	3.03048967684679e-05	3.03048967684679e-05	24	1	TRUE	1	0	1.42649955588591	-0.722361560287472	-0.16741820436295	TRUE	TRUE	TRUE	FALSE	TRUE	FALSE	FALSE	FALSE	TRUE	TRUE	FALSE	FALSE
Eya4	-0.124925220448859	0.0889241685983297	0.0889241685983297	101	0	FALSE	0	0	0.25032038502625	-0.560822848362322	-0.140619927092508	-1.04660655091187	0.00354000818733456	0.00354000818733456	113	4	TRUE	1	3	0.943268662676332	-1.47459521675908	-0.235661033443191	TRUE	TRUE	TRUE	FALSE	TRUE	FALSE	TRUE	FALSE	TRUE	TRUE	FALSE	FALSE
F2r	0.0048008301413319	0.109959676214678	0.109959676214678	16	0	FALSE	0	0	0.520742554763565	-0.436410894803718	-0.0448379206165137	0.751022563010072	0.0256060306153963	0.0256060306153963	17	1	TRUE	1	0	0.751022563010072	-0.723809741480401	-0.0938137014013126	TRUE	TRUE	TRUE	FALSE	TRUE	FALSE	FALSE	FALSE	TRUE	TRUE	FALSE	FALSE
F3	-0.013883351053049	0.243116888398664	0.243116888398664	14	0	FALSE	0	0	0.359201643064947	-0.407858126702023	-0.00164340141992489	0.833788878335866	0.00866322643125197	0.00866322643125197	21	2	TRUE	2	0	0.951638986716144	-0.547914357658185	-0.0185694773854255	TRUE	TRUE	TRUE	FALSE	TRUE	FALSE	FALSE	FALSE	TRUE	TRUE	FALSE	FALSE
F730043M19Rik	0.0346801683798782	0.247870208570509	0.247870208570509	7	0	FALSE	0	0	0.180834964835933	-0.397259287983434	-0.0100919499136635	1.2423292171481	9.84012613569701e-05	9.84012613569701e-05	10	1	TRUE	1	0	1.2423292171481	-0.599726421610927	-0.122324142600636	TRUE	TRUE	TRUE	FALSE	TRUE	FALSE	FALSE	FALSE	TRUE	TRUE	FALSE	FALSE
Fa2h	-0.07767040641926	0.218541152440647	0.218541152440647	26	0	FALSE	0	0	0.432218441067484	-0.392878166045555	-0.0745121018845131	1.19191691397976	1.23353752194173e-10	1.23353752194173e-10	30	4	TRUE	3	1	2.32645134365735	-0.88432966496466	0.0356026219704511	TRUE	TRUE	TRUE	FALSE	TRUE	FALSE	TRUE	FALSE	TRUE	TRUE	FALSE	FALSE
Fabp3	-0.128036846184694	0.0899959162869165	0.0899959162869165	6	0	FALSE	0	0	0.529463922893603	-0.30347193674097	-0.0450837955067213	1.6505614453996	1.50490777609333e-07	1.50490777609333e-07	7	1	TRUE	1	0	1.6505614453996	-0.651175742768701	0.103057654114171	TRUE	TRUE	TRUE	FALSE	TRUE	FALSE	FALSE	FALSE	TRUE	TRUE	FALSE	FALSE
Fam110a	-0.045342407455847	0.341696151268189	0.341696151268189	5	0	FALSE	0	0	0.211525984375984	-0.33277659345895	-0.0505995344977952	2.0235005843018	1.78748190428826e-08	1.78748190428826e-08	6	2	TRUE	2	0	2.34403877279516	-0.662005738102103	0.509864456561867	TRUE	TRUE	TRUE	FALSE	TRUE	FALSE	FALSE	FALSE	TRUE	TRUE	FALSE	FALSE
Fam135a	-0.13992783898421	0.291526821291362	0.291526821291362	16	0	FALSE	0	0	0.20175752127411	-0.371918391282933	-0.131886000655494	1.63523597310952	0.00225341257502093	0.00225341257502093	21	2	TRUE	2	0	2.2240075202694	-0.658538252159283	0.0647950259943439	TRUE	TRUE	TRUE	FALSE	TRUE	FALSE	FALSE	FALSE	TRUE	TRUE	FALSE	FALSE
Fam149a	-0.0686603826907717	0.524409229681059	0.524409229681059	11	0	FALSE	0	0	0.15638260305474	-0.234664388768422	-0.0658335722077541	2.43231838860375	3.59479385461713e-12	3.59479385461713e-12	13	1	TRUE	1	0	2.43231838860375	-0.611163905552668	0.00288797093010533	TRUE	TRUE	TRUE	FALSE	TRUE	FALSE	FALSE	FALSE	TRUE	TRUE	FALSE	FALSE
Fam169b	-0.0959611417742327	0.517760134574923	0.517760134574923	20	0	FALSE	0	0	0.239244934279474	-0.208923496231325	-0.0576984811189697	0.0313938956641335	0.000462627832687776	0.000462627832687776	27	2	TRUE	1	1	1.03418982549468	-0.971402034166413	-0.0683185533964489	TRUE	TRUE	TRUE	FALSE	TRUE	FALSE	TRUE	FALSE	TRUE	TRUE	FALSE	FALSE
Fam170b	-0.0563515240033758	0.494557228377193	0.494557228377193	7	0	FALSE	0	0	0.00774577203873932	-0.248064977286949	-0.0791875209335376	0.717105951053985	0.0260198939933184	0.0260198939933184	6	2	TRUE	2	0	0.740206116299027	-0.259164527888073	0.349361284782787	TRUE	TRUE	TRUE	FALSE	TRUE	FALSE	FALSE	FALSE	TRUE	TRUE	FALSE	FALSE
Fam174a	-0.181430924165297	0.0798223752424183	0.0798223752424183	33	0	FALSE	0	0	0.0812094308380966	-0.689319365593255	-0.187837257433709	0.438289996773959	4.55639702562665e-06	4.55639702562665e-06	27	4	TRUE	2	2	1.93671479452669	-1.01331086219996	-0.140360662697617	TRUE	TRUE	TRUE	FALSE	TRUE	FALSE	TRUE	FALSE	TRUE	TRUE	FALSE	FALSE
Fam184a	-0.128809348352847	0.140903424510561	0.140903424510561	38	0	FALSE	0	0	0.238832809883134	-0.48355703635753	-0.13050281383808	1.33095209524915	1.04997659243138e-06	1.04997659243138e-06	33	2	TRUE	2	0	1.93324477013083	-0.606245511595284	-0.154397878685132	TRUE	TRUE	TRUE	FALSE	TRUE	FALSE	FALSE	FALSE	TRUE	TRUE	FALSE	FALSE
Fam184b	-0.0831724128832632	0.565224676611971	0.565224676611971	17	0	FALSE	0	0	0.169866832839681	-0.198119531683649	-0.0686248140130782	-0.143368869900226	0.000733874322137624	0.000733874322137624	13	2	TRUE	1	1	0.889436696308328	-1.17617443610878	-0.220000310895539	TRUE	TRUE	TRUE	FALSE	TRUE	FALSE	TRUE	FALSE	TRUE	TRUE	FALSE	FALSE
Fam185a	-0.144715902193332	0.112185033771752	0.112185033771752	15	0	FALSE	0	0	0.11555723460579	-0.545009212092196	-0.168231969846602	-0.750662267727071	4.88518534160897e-06	4.88518534160897e-06	16	3	TRUE	1	2	1.47040653056579	-1.06925102632287	-0.112344496278015	TRUE	TRUE	TRUE	FALSE	TRUE	FALSE	TRUE	FALSE	TRUE	TRUE	FALSE	FALSE
Fam241b	-0.0203142520839749	0.149936168795481	0.149936168795481	30	0	FALSE	0	0	0.505732117849779	-0.251174810502453	-0.010220747960453	0.936217567552409	1.12952829272813e-08	1.12952829272813e-08	31	4	TRUE	4	0	2.78998899801532	-0.754367987289925	0.0751939004537783	TRUE	TRUE	TRUE	FALSE	TRUE	FALSE	FALSE	FALSE	TRUE	TRUE	FALSE	FALSE
Fam3d	-0.0794075600102803	0.15118686549749	0.15118686549749	34	0	FALSE	0	0	0.480134478253796	-0.456553208479129	-0.074838335183249	0.744871941378308	1.34100269000549e-05	1.34100269000549e-05	43	3	TRUE	2	1	1.36541839108264	-0.914924164808168	-0.24013712341937	TRUE	TRUE	TRUE	FALSE	TRUE	FALSE	TRUE	FALSE	TRUE	TRUE	FALSE	FALSE
Fam50b	-0.127351160043249	0.0646396817867013	0.0646396817867013	23	0	FALSE	0	0	0.594583899541728	-0.606216813657457	-0.117038713932195	0.905369783695163	0.00722555707521481	0.00722555707521481	25	1	TRUE	1	0	0.905369783695163	-0.736554860866078	-0.23427300371953	TRUE	TRUE	TRUE	FALSE	TRUE	FALSE	FALSE	FALSE	TRUE	TRUE	FALSE	FALSE
Fam72a	-0.0546623658357644	0.267111472562664	0.267111472562664	6	0	FALSE	0	0	0.0527450578342488	-0.37600740705304	-0.0946447008771104	1.79712760171646	2.4379490855109e-08	2.4379490855109e-08	7	3	TRUE	3	0	2.3791235608152	0.163868234097733	0.978414538542548	TRUE	TRUE	TRUE	FALSE	TRUE	FALSE	FALSE	FALSE	TRUE	TRUE	FALSE	FALSE
Fam81b	-0.144130751018013	0.383724445953395	0.383724445953395	16	0	FALSE	0	0	0.18194219333169	-0.303809173938482	-0.119378369176153	2.4822873184562	2.98808241459123e-34	2.98808241459123e-34	10	5	TRUE	5	0	4.52597305979615	-0.262555287660424	1.34931486779513	TRUE	TRUE	TRUE	FALSE	TRUE	FALSE	FALSE	FALSE	TRUE	TRUE	FALSE	FALSE
Fancl	-0.139186997803992	0.122515093492815	0.122515093492815	22	0	FALSE	0	0	0.100785829464949	-0.552543338750638	-0.156366177057528	0.0776939738375815	0.0210909557351293	0.0210909557351293	18	2	TRUE	1	1	1.11599507016241	-0.960607122487247	-0.224095373850409	TRUE	TRUE	TRUE	FALSE	TRUE	FALSE	TRUE	FALSE	TRUE	TRUE	FALSE	FALSE
Fat2	-0.0974258970900574	0.205295948856847	0.205295948856847	26	0	FALSE	0	0	0.250296477917806	-0.424802903256968	-0.0990325189390045	1.04338842776558	1.82736636440964e-05	1.82736636440964e-05	27	3	TRUE	3	0	2.20339768438096	-0.739030591892057	-0.0112251505634913	TRUE	TRUE	TRUE	FALSE	TRUE	FALSE	FALSE	FALSE	TRUE	TRUE	FALSE	FALSE
Fbln1	-0.105247052893432	0.229495053079371	0.229495053079371	27	0	FALSE	0	0	0.254842547815041	-0.437347944564408	-0.0957116957430366	1.5903415723238	3.92518395480595e-06	3.92518395480595e-06	31	1	TRUE	1	0	1.5903415723238	-0.531886618666919	-0.0646873203824452	TRUE	TRUE	TRUE	FALSE	TRUE	FALSE	FALSE	FALSE	TRUE	TRUE	FALSE	FALSE
Fbln7	-0.01938596771807	0.297751630264677	0.297751630264677	13	0	FALSE	0	0	0.164169727978625	-0.365059721035613	-0.0555666450205266	0.744406829068297	0.0415716992216342	0.0415716992216342	13	1	TRUE	1	0	0.744406829068297	-0.669552454168224	-0.177454932671804	TRUE	TRUE	TRUE	FALSE	TRUE	FALSE	FALSE	FALSE	TRUE	TRUE	FALSE	FALSE
Fbxw7	-0.0931180039770234	0.119973644493496	0.119973644493496	72	0	FALSE	0	0	0.392190506053698	-0.535043213301711	-0.103290293879919	0.0154490179828875	0.000211046837471619	0.000211046837471619	70	4	TRUE	2	2	1.54604391961525	-0.828336558838795	-0.0747171529591371	TRUE	TRUE	TRUE	FALSE	TRUE	FALSE	TRUE	FALSE	TRUE	TRUE	FALSE	FALSE
Fer	-0.109473313776057	0.171726504040316	0.171726504040316	85	0	FALSE	0	0	0.263112574528178	-0.485148450685754	-0.0955679698579437	0.916589864982537	0.000449009197374065	0.000449009197374065	84	4	TRUE	4	0	1.10874372160741	-0.824954923686984	-0.108486624229	TRUE	TRUE	TRUE	FALSE	TRUE	FALSE	FALSE	FALSE	TRUE	TRUE	FALSE	FALSE
Fez2	-0.122003724671643	0.173786009008691	0.173786009008691	22	0	FALSE	0	0	0.254233884183953	-0.477661643179216	-0.0642241576985329	0.758634530664555	1.24754413240709e-08	1.24754413240709e-08	21	5	TRUE	4	1	2.12167307388383	-1.07281135284087	0.244514142509815	TRUE	TRUE	TRUE	FALSE	TRUE	FALSE	TRUE	FALSE	TRUE	TRUE	FALSE	FALSE
Fgg	-0.0597847936647459	0.0588904652223592	0.0588904652223592	16	0	FALSE	0	0	0.521989628408784	-0.655212698714324	-0.0708847465095736	2.1957941856461	2.7354886666309e-08	2.7354886666309e-08	13	1	TRUE	1	0	2.1957941856461	-0.622014246810806	0.0461730689262274	TRUE	TRUE	TRUE	FALSE	TRUE	FALSE	FALSE	FALSE	TRUE	TRUE	FALSE	FALSE
Fhit	-0.137941522743902	0.0523057438554852	0.0523057438554852	114	0	FALSE	0	0	0.293644197685016	-0.729562938699621	-0.151596576763643	1.51735251137471	2.0674008473893e-10	2.0674008473893e-10	108	6	TRUE	5	1	2.51038440869217	-1.16332623315968	-0.216757004866475	TRUE	TRUE	TRUE	FALSE	TRUE	FALSE	TRUE	FALSE	TRUE	TRUE	FALSE	FALSE
Fhl5	-0.0446161744514947	0.159599520556447	0.159599520556447	16	0	FALSE	0	0	0.180293854699035	-0.491519741974534	-0.0834988421871127	2.4322121776248	1.81516136182216e-09	1.81516136182216e-09	16	1	TRUE	1	0	2.4322121776248	-0.87465355526822	-0.176806435647698	TRUE	TRUE	TRUE	FALSE	TRUE	FALSE	FALSE	FALSE	TRUE	TRUE	FALSE	FALSE
Fignl2	0.000746696360287609	0.299848316918083	0.299848316918083	23	0	FALSE	0	0	0.314317465324429	-0.364156108951577	-0.0258324924071621	0.835679313061118	0.0227663497685845	0.0227663497685845	17	1	TRUE	1	0	0.835679313061118	-0.75767654697611	-0.115322940969553	TRUE	TRUE	TRUE	FALSE	TRUE	FALSE	FALSE	FALSE	TRUE	TRUE	FALSE	FALSE
Fmnl2	-0.0171874914582732	0.0729605273308645	0.0729605273308645	52	0	FALSE	0	0	0.586510605607542	-0.688983716805886	-0.00657537291785955	-0.166454808759494	0.00327857902262831	0.00327857902262831	46	2	TRUE	1	1	0.778177365177892	-1.11108698269688	-0.0968052296864795	TRUE	TRUE	TRUE	FALSE	TRUE	FALSE	TRUE	FALSE	TRUE	TRUE	FALSE	FALSE
Fmr1	-0.139655508583757	0.3181517713861	0.3181517713861	11	0	FALSE	0	0	0.0507296774352471	-0.348990731534293	-0.121806408640054	-0.972547893306396	0.00583827597774267	0.00583827597774267	14	3	TRUE	1	2	1.32601230243469	-1.2387339382177	-0.362469345582663	TRUE	TRUE	TRUE	FALSE	TRUE	FALSE	TRUE	FALSE	TRUE	TRUE	FALSE	FALSE
Fnip2	-0.126221300227552	0.179099242875261	0.179099242875261	45	0	FALSE	0	0	0.135064253628156	-0.508224511874001	-0.145617753444376	-0.000785431909469503	1.45338202137702e-07	1.45338202137702e-07	38	4	TRUE	2	2	1.96352345531118	-0.808725308306742	-0.138064045924318	TRUE	TRUE	TRUE	FALSE	TRUE	FALSE	TRUE	FALSE	TRUE	TRUE	FALSE	FALSE
Fntb	-0.0630554873052276	0.218818089144545	0.218818089144545	19	0	FALSE	0	0	0.293678676667522	-0.423432090362763	-0.0852982597493288	0.810952129036703	0.00737109052017753	0.00737109052017753	21	1	TRUE	1	0	0.810952129036703	-0.461822103062091	-0.0731884167982519	TRUE	TRUE	TRUE	FALSE	TRUE	FALSE	FALSE	FALSE	TRUE	TRUE	FALSE	FALSE
Fos	-0.0831009706739803	0.148771997920567	0.148771997920567	25	0	FALSE	0	0	0.257144325379375	-0.480210025366688	-0.117004256363708	1.06739329467205	1.28817267850556e-08	1.28817267850556e-08	33	3	TRUE	2	1	1.95274112153088	-0.906640678989536	-0.100093990446752	TRUE	TRUE	TRUE	FALSE	TRUE	FALSE	TRUE	FALSE	TRUE	TRUE	FALSE	FALSE
Foxa2	-0.0757558028829858	0.0805547125016039	0.0805547125016039	78	0	FALSE	0	0	0.553207476434915	-0.471408014998909	-0.0591740511266413	1.02441028459229	5.04029909212605e-24	5.04029909212605e-24	71	7	TRUE	5	2	3.46567068868401	-0.981090288399257	-0.0863794840584484	TRUE	TRUE	TRUE	FALSE	TRUE	FALSE	TRUE	FALSE	TRUE	TRUE	FALSE	FALSE
Foxd3	-0.0726966952643306	0.140563442405645	0.140563442405645	45	0	FALSE	0	0	0.490429701486734	-0.435058751304898	-0.0838113858496632	1.34170074247424	0.0016719908388203	0.0016719908388203	42	1	TRUE	1	0	1.34170074247424	-0.751965757563409	-0.184719802355828	TRUE	TRUE	TRUE	FALSE	TRUE	FALSE	FALSE	FALSE	TRUE	TRUE	FALSE	FALSE
Foxe1	-0.0655853144910369	0.285992986628633	0.285992986628633	23	0	FALSE	0	0	0.254064374354689	-0.373193935834817	-0.03392981931695	0.890819067656243	0.00819514380951246	0.00819514380951246	21	1	TRUE	1	0	0.890819067656243	-0.592017598492302	-0.0700458524172702	TRUE	TRUE	TRUE	FALSE	TRUE	FALSE	FALSE	FALSE	TRUE	TRUE	FALSE	FALSE
Foxq1	-0.0856904433156787	0.0696591591656478	0.0696591591656478	48	0	FALSE	0	0	0.574894357725409	-0.4901394284577	-0.0660837868135249	-0.865687634789491	0.000700656453976471	0.000700656453976471	50	3	TRUE	1	2	1.0926850113288	-1.28095932277179	-0.171099802409694	TRUE	TRUE	TRUE	FALSE	TRUE	FALSE	TRUE	FALSE	TRUE	TRUE	FALSE	FALSE
Frk	-0.148322017673096	0.0806789006883523	0.0806789006883523	57	0	FALSE	0	0	0.33184793030375	-0.696570344696675	-0.156487793906591	-0.800817896122165	0.00117342490981568	0.00117342490981568	65	9	TRUE	4	5	1.09911871893563	-1.15736643838171	-0.283348437968743	TRUE	TRUE	TRUE	FALSE	TRUE	FALSE	TRUE	FALSE	TRUE	TRUE	FALSE	FALSE
Frmd3	-0.0607418376857766	0.0609067991416994	0.0609067991416994	17	0	FALSE	0	0	0.610608504685051	-0.501210787733198	-0.0771861891370171	1.58460137169775	8.46433073697031e-06	8.46433073697031e-06	16	1	TRUE	1	0	1.58460137169775	-0.776942612497179	-0.120072203751556	TRUE	TRUE	TRUE	FALSE	TRUE	FALSE	FALSE	FALSE	TRUE	TRUE	FALSE	FALSE
Frzb	-0.0482027768821724	0.440944884411385	0.440944884411385	14	0	FALSE	0	0	0.0944596298015658	-0.272587287730725	-0.0829944610441406	1.23856467513412	0.000973629619160529	0.000973629619160529	14	2	TRUE	2	0	1.29901522409888	-0.615124954861858	0.0132653867269372	TRUE	TRUE	TRUE	FALSE	TRUE	FALSE	FALSE	FALSE	TRUE	TRUE	FALSE	FALSE
Fscb	-0.116343865986923	0.0670581263411583	0.0670581263411583	51	0	FALSE	0	0	0.163281932877268	-0.691904666850486	-0.117578805835121	1.09395722137907	3.05019694309732e-13	3.05019694309732e-13	58	3	TRUE	2	1	3.30901758399124	-0.850389115739843	-0.140550314559358	TRUE	TRUE	TRUE	FALSE	TRUE	FALSE	TRUE	FALSE	TRUE	TRUE	FALSE	FALSE
Ftmt	-0.131490960384845	0.101600648732063	0.101600648732063	37	0	FALSE	0	0	0.274713024579326	-0.613803163245401	-0.0999774965301175	-0.847220508666192	2.19349215964999e-09	2.19349215964999e-09	51	3	TRUE	1	2	2.29785150899923	-0.86934394948032	-0.219001942710976	TRUE	TRUE	TRUE	FALSE	TRUE	FALSE	TRUE	FALSE	TRUE	TRUE	FALSE	FALSE
Fut9	-0.147682442192749	0.0557810008478316	0.0557810008478316	33	0	FALSE	0	0	0.333431947672535	-0.737221952776995	-0.141752584077563	3.23523499170265	2.7833146633572e-40	2.7833146633572e-40	29	6	TRUE	5	1	4.62717020005568	-0.894148598729191	0.329036634973794	TRUE	TRUE	TRUE	FALSE	TRUE	FALSE	TRUE	FALSE	TRUE	TRUE	FALSE	FALSE
Fyn	-0.0416134586349869	0.0811598464966323	0.0811598464966323	77	0	FALSE	0	0	0.583844463436122	-0.616397673180247	-0.0324934935840834	1.16444744682918	0.000352803982939807	0.000352803982939807	70	4	TRUE	3	1	1.49391140600801	-0.82174995571454	-0.121844378319577	TRUE	TRUE	TRUE	FALSE	TRUE	FALSE	TRUE	FALSE	TRUE	TRUE	FALSE	FALSE
G0s2	0.128126247260888	0.418915780904785	0.418915780904785	5	0	FALSE	0	0	0.288666942213852	-0.174566415144109	0.0949113638021839	0.977700394261311	0.00079587714425355	0.00079587714425355	3	1	TRUE	1	0	0.977700394261311	-0.408033149175482	0.229135727925328	TRUE	TRUE	TRUE	FALSE	TRUE	FALSE	FALSE	FALSE	TRUE	TRUE	FALSE	FALSE
G2e3	-0.123607850497419	0.050591164660708	0.050591164660708	18	0	FALSE	0	0	0.791568933379679	-0.483032302154462	-0.0838479324843123	0.721492883530032	0.048231410122953	0.048231410122953	16	1	TRUE	1	0	0.721492883530032	-0.709900522808028	-0.171726770962032	TRUE	TRUE	TRUE	FALSE	TRUE	FALSE	FALSE	FALSE	TRUE	TRUE	FALSE	FALSE
Gabra6	-0.0953271684217149	0.365820086134068	0.365820086134068	5	0	FALSE	0	0	0.278843902020573	-0.32055038667005	-0.0636750791884101	2.56815680201156	4.22860744867856e-19	4.22860744867856e-19	13	2	TRUE	2	0	3.44267217694456	-0.605387499627509	0.302289899414039	TRUE	TRUE	TRUE	FALSE	TRUE	FALSE	FALSE	FALSE	TRUE	TRUE	FALSE	FALSE
Gabrr2	-0.0741535295343278	0.187754049674627	0.187754049674627	14	0	FALSE	0	0	0.097384306729763	-0.423832242858843	-0.111978172571805	0.993268031449269	0.000502297728406037	0.000502297728406037	18	2	TRUE	2	0	1.13844988793741	-0.715958052735463	0.00916797946325021	TRUE	TRUE	TRUE	FALSE	TRUE	FALSE	FALSE	FALSE	TRUE	TRUE	FALSE	FALSE
Galk1	-0.0245286167732913	0.0791538180815617	0.0791538180815617	5	0	FALSE	0	0	0.313252420434821	-0.559916454614874	-0.0635596236158515	0.678001133492685	0.0331610754679539	0.0331610754679539	6	1	TRUE	1	0	0.678001133492685	-0.303657648951822	0.0837450341038482	TRUE	TRUE	TRUE	FALSE	TRUE	FALSE	FALSE	FALSE	TRUE	TRUE	FALSE	FALSE
Galm	-0.17865655889052	0.32599447902485	0.32599447902485	14	0	FALSE	0	0	0.208100878877005	-0.341339826547086	-0.112835054062369	1.3158840800977	0.000387899357821382	0.000387899357821382	17	1	TRUE	1	0	1.3158840800977	-0.377639634306963	-0.0196550694507122	TRUE	TRUE	TRUE	FALSE	TRUE	FALSE	FALSE	FALSE	TRUE	TRUE	FALSE	FALSE
Galnt10	-0.0645560040964259	0.149564835287342	0.149564835287342	12	0	FALSE	0	0	0.40743552377894	-0.464698415789293	-0.0183625511068832	0.81718179701999	0.0387823182470824	0.0387823182470824	14	1	TRUE	1	0	0.81718179701999	-0.594970087735572	-0.000409762068999613	TRUE	TRUE	TRUE	FALSE	TRUE	FALSE	FALSE	FALSE	TRUE	TRUE	FALSE	FALSE
Galnt13	-0.133656439865665	0.293974459198086	0.293974459198086	31	0	FALSE	0	0	0.317462577855798	-0.369516258751155	-0.112000036448403	0.08889155170469	0.00224005467324669	0.00224005467324669	34	2	TRUE	1	1	1.23236711829729	-1.05458401488791	-0.213809758490755	TRUE	TRUE	TRUE	FALSE	TRUE	FALSE	TRUE	FALSE	TRUE	TRUE	FALSE	FALSE
Gapt	0.0101355853187532	0.123334974775012	0.123334974775012	8	0	FALSE	0	0	0.570913128514397	-0.368616250077462	0.0567093576034038	0.020115512733619	0.0175102576083438	0.0175102576083438	10	2	TRUE	1	1	0.846186306593713	-0.805955281126475	-0.112724480951909	TRUE	TRUE	TRUE	FALSE	TRUE	FALSE	TRUE	FALSE	TRUE	TRUE	FALSE	FALSE
Gas2l3	-0.0650973234251551	0.356390193973747	0.356390193973747	20	0	FALSE	0	0	0.25852749799249	-0.321379642545843	-0.0631096978989195	0.743207201740767	0.0443931819363758	0.0443931819363758	20	1	TRUE	1	0	0.743207201740767	-0.659936927150862	-0.174204825582376	TRUE	TRUE	TRUE	FALSE	TRUE	FALSE	FALSE	FALSE	TRUE	TRUE	FALSE	FALSE
Gatb	-0.0694414388335963	0.222335240365829	0.222335240365829	29	0	FALSE	0	0	0.355531107192112	-0.413223560960843	-0.0493408940683751	1.54078677704027	2.12842242348977e-09	2.12842242348977e-09	23	6	TRUE	6	0	2.57267476785047	-0.613241066002073	0.452628697075803	TRUE	TRUE	TRUE	FALSE	TRUE	FALSE	FALSE	FALSE	TRUE	TRUE	FALSE	FALSE
Gca	-0.144369332483077	0.136946766960494	0.136946766960494	28	0	FALSE	0	0	0.33996200571987	-0.534595506345424	-0.147883450534507	1.10140418015759	0.000917388066055544	0.000917388066055544	38	2	TRUE	2	0	1.3807447536128	-0.768400467476924	-0.152820545736441	TRUE	TRUE	TRUE	FALSE	TRUE	FALSE	FALSE	FALSE	TRUE	TRUE	FALSE	FALSE
Gclm	-0.103641804389805	0.421491010586006	0.421491010586006	9	0	FALSE	0	0	0.176226358497642	-0.284324000602537	-0.106360204476414	1.22874730499731	0.000108499512298158	0.000108499512298158	12	1	TRUE	1	0	1.22874730499731	-0.399259032934745	0.0780342377073525	TRUE	TRUE	TRUE	FALSE	TRUE	FALSE	FALSE	FALSE	TRUE	TRUE	FALSE	FALSE
Gcnt1	-0.0643433053903757	0.120307378504706	0.120307378504706	24	0	FALSE	0	0	0.263823571581968	-0.637851423797992	-0.103826641975145	1.14477361320297	3.98024821573355e-05	3.98024821573355e-05	32	3	TRUE	2	1	3.13184240108451	-0.803815147357376	0.0677898902363593	TRUE	TRUE	TRUE	FALSE	TRUE	FALSE	TRUE	FALSE	TRUE	TRUE	FALSE	FALSE
Gdap1	-0.184511043602669	0.0908216775950466	0.0908216775950466	17	0	FALSE	0	0	0.269666400505041	-0.655160096722605	-0.149147623553972	-0.816888856234863	0.00115781213849169	0.00115781213849169	21	4	TRUE	1	3	1.03857953316932	-1.50396807075934	-0.278695000147501	TRUE	TRUE	TRUE	FALSE	TRUE	FALSE	TRUE	FALSE	TRUE	TRUE	FALSE	FALSE
Gdpd4	-0.186801358241203	0.173566336246005	0.173566336246005	12	0	FALSE	0	0	0.0307747332726547	-0.460999798493123	-0.189880913667519	0.0450739818735285	0.0322160569080611	0.0322160569080611	10	2	TRUE	1	1	0.857627186695475	-0.767479222948418	-0.23090376249264	TRUE	TRUE	TRUE	FALSE	TRUE	FALSE	TRUE	FALSE	TRUE	TRUE	FALSE	FALSE
Gemin8	-0.227275317046644	0.139894459130813	0.139894459130813	18	0	FALSE	0	0	0.00430634646039609	-0.543295342276151	-0.218273437761859	0.00644698154332951	0.0222205278218722	0.0222205278218722	25	2	TRUE	1	1	0.963274327308655	-0.950380364221996	-0.273044736644667	TRUE	TRUE	TRUE	FALSE	TRUE	FALSE	TRUE	FALSE	TRUE	TRUE	FALSE	FALSE
Get1	-0.0475819019256593	0.134078570494604	0.134078570494604	8	0	FALSE	0	0	0.319469204388546	-0.495651319217988	-0.0616941557205789	1.2943837612963	5.28641062746052e-26	5.28641062746052e-26	8	4	TRUE	4	0	3.87927727987138	-0.0955845874722065	0.977228766966002	TRUE	TRUE	TRUE	FALSE	TRUE	FALSE	FALSE	FALSE	TRUE	TRUE	FALSE	FALSE
Gfral	-0.129294225276322	0.101022589746493	0.101022589746493	22	0	FALSE	0	0	0.372564937412145	-0.649322624406551	-0.121948076946459	1.12905698116143	0.00245939322215073	0.00245939322215073	21	1	TRUE	1	0	1.12905698116143	-0.735908269859295	-0.307190934058527	TRUE	TRUE	TRUE	FALSE	TRUE	FALSE	FALSE	FALSE	TRUE	TRUE	FALSE	FALSE
Gja1	0.0279209767059337	0.123258179524228	0.123258179524228	10	0	FALSE	0	0	0.516142005652842	-0.293690750868702	0.0325177867649413	0.860767718894061	0.00472776697366781	0.00472776697366781	11	2	TRUE	2	0	0.999798077570642	-0.546081680422843	0.0106939620225469	TRUE	TRUE	TRUE	FALSE	TRUE	FALSE	FALSE	FALSE	TRUE	TRUE	FALSE	FALSE
Gja4	-0.159988829751661	0.0533568072622781	0.0533568072622781	12	0	FALSE	0	0	0.58960468197146	-0.312354887184789	-0.0700639398967444	0.741121420520532	0.0351728118326515	0.0351728118326515	9	1	TRUE	1	0	0.741121420520532	-0.319575943937583	-0.0486816494825911	TRUE	TRUE	TRUE	FALSE	TRUE	FALSE	FALSE	FALSE	TRUE	TRUE	FALSE	FALSE
Gja5	-0.0268313236302894	0.227378318053566	0.227378318053566	23	0	FALSE	0	0	0.390631673583132	-0.420919107341307	-0.0521125476079375	0.810735567147134	0.000462610778154558	0.000462610778154558	28	4	TRUE	3	1	1.28629865426147	-1.40970644694144	0.0445938449228966	TRUE	TRUE	TRUE	FALSE	TRUE	FALSE	TRUE	FALSE	TRUE	TRUE	FALSE	FALSE
Gjd3	-0.094268493457896	0.6835465823853	0.6835465823853	4	0	FALSE	0	0	-0.0398362657052057	-0.136586516048115	-0.0912399421672782	0.694254829584113	0.0496589740582832	0.0496589740582832	4	1	TRUE	1	0	0.694254829584113	-0.358812458471821	0.0644711244634668	TRUE	TRUE	TRUE	FALSE	TRUE	FALSE	FALSE	FALSE	TRUE	TRUE	FALSE	FALSE
Glb1l2	-0.081790510664066	0.37103399167933	0.37103399167933	13	0	FALSE	0	0	0.307485382116025	-0.31323099289002	-0.0774365296006746	0.860283004906054	0.00270911368445821	0.00270911368445821	7	1	TRUE	1	0	0.860283004906054	-0.513861655191069	-0.0658911368463814	TRUE	TRUE	TRUE	FALSE	TRUE	FALSE	FALSE	FALSE	TRUE	TRUE	FALSE	FALSE
Glra1	-0.109800247934183	0.123242349282447	0.123242349282447	47	0	FALSE	0	0	0.302799186835441	-0.558746891317304	-0.125688092485384	0.278005145501591	0.00164086205061801	0.00164086205061801	42	2	TRUE	1	1	1.29414983831093	-0.738139547307749	-0.285482675274755	TRUE	TRUE	TRUE	FALSE	TRUE	FALSE	TRUE	FALSE	TRUE	TRUE	FALSE	FALSE
Glrp1	-0.151959659028416	0.261188973110424	0.261188973110424	16	0	FALSE	0	0	0.0345474350698634	-0.396449677672415	-0.155560494532199	1.98684800579616	1.4793855863732e-05	1.4793855863732e-05	17	1	TRUE	1	0	1.98684800579616	-0.696720076311288	-0.123324647666263	TRUE	TRUE	TRUE	FALSE	TRUE	FALSE	FALSE	FALSE	TRUE	TRUE	FALSE	FALSE
Gm10432	-0.0321384762117577	0.287955224939758	0.287955224939758	23	0	FALSE	0	0	0.330493464112349	-0.358182737914932	-0.037966586688839	1.1892916757797	6.02383932919627e-07	6.02383932919627e-07	22	4	TRUE	3	1	1.73216925262403	-0.780233241046076	0.119898956258036	TRUE	TRUE	TRUE	FALSE	TRUE	FALSE	TRUE	FALSE	TRUE	TRUE	FALSE	FALSE
Gm10440	-0.163356495587475	0.102718350873349	0.102718350873349	128	0	FALSE	0	0	0.422977884322016	-0.665997898438502	-0.175399709086302	-0.963550642803639	0.00373722391846737	0.00373722391846737	121	5	TRUE	1	4	1.0196236001906	-1.65090845675037	-0.317598100961727	TRUE	TRUE	TRUE	FALSE	TRUE	FALSE	TRUE	FALSE	TRUE	TRUE	FALSE	FALSE
Gm10549	-0.0237751306952403	0.0728188350197504	0.0728188350197504	29	0	FALSE	0	0	0.470247451839751	-0.636866290029942	-0.040105178048598	1.89691439082861	2.85161822089334e-17	2.85161822089334e-17	36	14	TRUE	14	0	3.65371225926209	-0.281400609448222	0.806728785721321	TRUE	TRUE	TRUE	FALSE	TRUE	FALSE	FALSE	FALSE	TRUE	TRUE	FALSE	FALSE
Gm10584	0.0942096695833707	0.753192264424414	0.753192264424414	5	0	FALSE	0	0	0.130369849563056	-0.118267126186057	0.0408765577781564	1.49446369409288	1.29816231700801e-08	1.29816231700801e-08	5	2	TRUE	2	0	2.33065037650366	-0.431111862632991	0.468647459629995	TRUE	TRUE	TRUE	FALSE	TRUE	FALSE	FALSE	FALSE	TRUE	TRUE	FALSE	FALSE
Gm10714	-0.0833048734030545	0.525014554447953	0.525014554447953	9	0	FALSE	0	0	0.098594095555396	-0.235270670516351	-0.0816790090370403	0.921608662349892	0.0278183546977497	0.0278183546977497	21	1	TRUE	1	0	0.921608662349892	-0.505473175612022	-0.0732240065809753	TRUE	TRUE	TRUE	FALSE	TRUE	FALSE	FALSE	FALSE	TRUE	TRUE	FALSE	FALSE
Gm10823	-0.190277908105024	0.0626098717805482	0.0626098717805482	34	0	FALSE	0	0	0.360565957866344	-0.807085130367209	-0.178928319521729	-0.859039280657219	4.19525088624775e-06	4.19525088624775e-06	32	3	TRUE	1	2	3.59173562408379	-0.865532315716482	-0.191740867414795	TRUE	TRUE	TRUE	FALSE	TRUE	FALSE	TRUE	FALSE	TRUE	TRUE	FALSE	FALSE
Gm11266	-0.023397179629706	0.0647243447132023	0.0647243447132023	28	0	FALSE	0	0	0.824857611137865	-0.488263567421432	-0.0036830447313723	2.49202055893574	4.74678336765212e-33	4.74678336765212e-33	29	17	TRUE	17	0	4.0579475197721	-0.500910795175231	1.61385023119733	TRUE	TRUE	TRUE	FALSE	TRUE	FALSE	FALSE	FALSE	TRUE	TRUE	FALSE	FALSE
Gm11426	-0.0723821996873268	0.0767368756043371	0.0767368756043371	49	0	FALSE	0	0	0.611533377310721	-0.527938555954812	-0.0674330850653155	0.90662871158682	0.00128314733411471	0.00128314733411471	57	2	TRUE	2	0	1.04037091928556	-0.687851561816599	-0.124047703483824	TRUE	TRUE	TRUE	FALSE	TRUE	FALSE	FALSE	FALSE	TRUE	TRUE	FALSE	FALSE
Gm12128	-0.146205386475367	0.124474144943586	0.124474144943586	78	0	FALSE	0	0	0.287074627191436	-0.53838245205355	-0.135173779560744	-0.909092790943456	0.000381764812979975	0.000381764812979975	86	9	TRUE	3	6	2.10230609079006	-1.72342572783561	-0.232130238595042	TRUE	TRUE	TRUE	FALSE	TRUE	FALSE	TRUE	FALSE	TRUE	TRUE	FALSE	FALSE
Gm12159	-0.0811017436858238	0.0925570340888515	0.0925570340888515	76	0	FALSE	0	0	0.499820382744901	-0.568824230929172	-0.0831862594862377	1.68645847150979	4.60695926497427e-09	4.60695926497427e-09	94	7	TRUE	5	2	2.4127130535918	-0.867158077811151	-0.116132624586811	TRUE	TRUE	TRUE	FALSE	TRUE	FALSE	TRUE	FALSE	TRUE	TRUE	FALSE	FALSE
Gm12381	-0.203207982007197	0.0751942019745694	0.0751942019745694	39	0	FALSE	0	0	0.165859820862874	-0.699457763751333	-0.180507211389359	-0.851132491424416	1.07146370846438e-07	1.07146370846438e-07	32	6	TRUE	2	4	2.23527350826209	-1.37639442605521	-0.34263588576216	TRUE	TRUE	TRUE	FALSE	TRUE	FALSE	TRUE	FALSE	TRUE	TRUE	FALSE	FALSE
Gm12408	-0.00927030615596548	0.0922505333616932	0.0922505333616932	18	0	FALSE	0	0	0.53191091121955	-0.347475129209342	0.0288415508007213	1.4899895158927	6.71230830974116e-05	6.71230830974116e-05	18	2	TRUE	2	0	2.07572609090329	-0.334101186178431	0.211328753895695	TRUE	TRUE	TRUE	FALSE	TRUE	FALSE	FALSE	FALSE	TRUE	TRUE	FALSE	FALSE
Gm13483	0.111840147023775	0.545761857322647	0.545761857322647	4	0	FALSE	0	0	0.216787045232856	-0.115887315022916	0.0811450060643723	1.38943895568002	0.00130025394310525	0.00130025394310525	3	1	TRUE	1	0	1.38943895568002	-0.473933309741044	0.387784218180643	TRUE	TRUE	TRUE	FALSE	TRUE	FALSE	FALSE	FALSE	TRUE	TRUE	FALSE	FALSE
Gm13546	0.0416474910680323	0.313904958883726	0.313904958883726	5	0	FALSE	0	0	0.354644951571433	-0.31509435475769	0.0129618941170595	0.868698576551708	4.13728414673662e-05	4.13728414673662e-05	8	3	TRUE	3	0	1.68285480216493	-0.557127273938795	0.453647224913442	TRUE	TRUE	TRUE	FALSE	TRUE	FALSE	FALSE	FALSE	TRUE	TRUE	FALSE	FALSE
Gm15486	0.12889447228537	0.0848091652618866	0.0848091652618866	4	0	FALSE	0	0	0.57923140682047	0.0276762395131091	0.21617414772608	1.05364719705544	0.008484544240995	0.008484544240995	5	1	TRUE	1	0	1.05364719705544	-0.26078791897711	0.317219343199721	TRUE	TRUE	TRUE	FALSE	TRUE	FALSE	FALSE	FALSE	TRUE	TRUE	FALSE	FALSE
Gm15509	-0.0738323936615245	0.362245787063085	0.362245787063085	17	0	FALSE	0	0	0.245358367310737	-0.323347195336797	-0.0659528209253927	1.71115718604683	0.000417266585941441	0.000417266585941441	18	1	TRUE	1	0	1.71115718604683	-0.398942324081768	0.00911916471730415	TRUE	TRUE	TRUE	FALSE	TRUE	FALSE	FALSE	FALSE	TRUE	TRUE	FALSE	FALSE
Gm15663	-0.0747025052368824	0.257959117175189	0.257959117175189	24	0	FALSE	0	0	0.242668473524812	-0.376384801105866	-0.0659456239310234	2.43436859282659	1.53496525077808e-31	1.53496525077808e-31	32	10	TRUE	10	0	3.93645587788623	-0.610573470938957	0.692698004132403	TRUE	TRUE	TRUE	FALSE	TRUE	FALSE	FALSE	FALSE	TRUE	TRUE	FALSE	FALSE
Gm15706	-0.17790123677474	0.296550687591206	0.296550687591206	17	0	FALSE	0	0	0.0863554423391064	-0.36734704339438	-0.161797963252531	1.22596753222132	0.000399258130351173	0.000399258130351173	13	1	TRUE	1	0	1.22596753222132	-0.307303161846511	-0.0683722161517025	TRUE	TRUE	TRUE	FALSE	TRUE	FALSE	FALSE	FALSE	TRUE	TRUE	FALSE	FALSE
Gm15910	0.0743877085796543	0.860721859425928	0.860721859425928	3	0	FALSE	0	0	0.0779915185816925	0.0248651629362586	0.0590814633658685	0.683075956739267	0.0425426041557217	0.0425426041557217	5	1	TRUE	1	0	0.683075956739267	-0.358719413882903	0.138565398456033	TRUE	TRUE	TRUE	FALSE	TRUE	FALSE	FALSE	FALSE	TRUE	TRUE	FALSE	FALSE
Gm15941	-0.177853858189845	0.355515690122957	0.355515690122957	9	0	FALSE	0	0	0.17307647392023	-0.326684790136027	-0.11123395318015	1.49743003165799	0.000165738259411858	0.000165738259411858	9	1	TRUE	1	0	1.49743003165799	-0.403420051179822	0.178474181236377	TRUE	TRUE	TRUE	FALSE	TRUE	FALSE	FALSE	FALSE	TRUE	TRUE	FALSE	FALSE
Gm16291	0.00765877897286672	0.264468165875175	0.264468165875175	11	0	FALSE	0	0	0.383310393328897	-0.392400649757084	0.0175524559846237	2.57504604124908	2.90120373099698e-44	2.90120373099698e-44	14	10	TRUE	10	0	5.27319280184787	-0.259766577388193	1.95353264209032	TRUE	TRUE	TRUE	FALSE	TRUE	FALSE	FALSE	FALSE	TRUE	TRUE	FALSE	FALSE
Gm1647	-0.107588372756465	0.73109505921597	0.73109505921597	2	0	FALSE	0	0	-0.0789493921871614	-0.136227353325769	-0.107588372756465	-0.16742084023543	0.00221386908077058	0.00221386908077058	5	2	TRUE	1	1	1.19194717003555	-1.52678885050641	-0.225379073663409	TRUE	TRUE	TRUE	FALSE	TRUE	FALSE	TRUE	FALSE	TRUE	TRUE	FALSE	FALSE
Gm16675	-0.198701194955159	0.384078006886747	0.384078006886747	8	0	FALSE	0	0	0.0526731526874868	-0.309484565029371	-0.152295085868343	0.22758796698372	1.40570702211003e-06	1.40570702211003e-06	10	2	TRUE	1	1	1.50297911155	-1.04780317758256	-0.0677137020644062	TRUE	TRUE	TRUE	FALSE	TRUE	FALSE	TRUE	FALSE	TRUE	TRUE	FALSE	FALSE
Gm1720	-0.163712692076648	0.0805578655629777	0.0805578655629777	22	0	FALSE	0	0	0.68319350871974	-0.490783274182901	-0.0608564114550726	2.24776061157988	1.52809503746961e-18	1.52809503746961e-18	25	4	TRUE	3	1	3.65323368308118	-1.28690091194006	-0.0133601284098865	TRUE	TRUE	TRUE	FALSE	TRUE	FALSE	TRUE	FALSE	TRUE	TRUE	FALSE	FALSE
Gm17399	-0.0649988115607804	0.197027341267161	0.197027341267161	30	0	FALSE	0	0	0.450299281350151	-0.253466313089575	0.00127318271855598	1.12349879840885	2.48795253374473e-24	2.48795253374473e-24	32	7	TRUE	7	0	3.4808750022903	-0.525947058364665	0.384193152809792	TRUE	TRUE	TRUE	FALSE	TRUE	FALSE	FALSE	FALSE	TRUE	TRUE	FALSE	FALSE
Gm17733	-0.153670133209215	0.383887897106991	0.383887897106991	5	0	FALSE	0	0	0.181499122691372	-0.300045371860184	-0.137184069016613	1.5447066775519	5.48480615742681e-08	5.48480615742681e-08	10	4	TRUE	4	0	2.92175811149002	-0.46611816680432	0.702725090102889	TRUE	TRUE	TRUE	FALSE	TRUE	FALSE	FALSE	FALSE	TRUE	TRUE	FALSE	FALSE
Gm17751	-0.0717198173310107	0.096069645712245	0.096069645712245	80	0	FALSE	0	0	0.57791803489263	-0.572806682662999	-0.0684473395872244	0.915143315042888	1.22454594566032e-06	1.22454594566032e-06	77	7	TRUE	5	2	1.95155974131954	-0.869053671414075	-0.0684939477483373	TRUE	TRUE	TRUE	FALSE	TRUE	FALSE	TRUE	FALSE	TRUE	TRUE	FALSE	FALSE
Gm19410	-0.118038484070374	0.0664615745802955	0.0664615745802955	25	0	FALSE	0	0	0.273389690283775	-0.680032751542593	-0.115501346655411	0.744627420751454	0.000117093718983928	0.000117093718983928	22	3	TRUE	2	1	1.57340439261733	-1.04113924484506	-0.0622056836851591	TRUE	TRUE	TRUE	FALSE	TRUE	FALSE	TRUE	FALSE	TRUE	TRUE	FALSE	FALSE
Gm19510	-0.0752464686011548	0.111790414944284	0.111790414944284	40	0	FALSE	0	0	0.514202820483168	-0.580598845819835	-0.0675206507088043	-0.729605415518747	0.000297855013982747	0.000297855013982747	42	4	TRUE	1	3	1.17304627679743	-0.793099267112313	-0.172132561118292	TRUE	TRUE	TRUE	FALSE	TRUE	FALSE	TRUE	FALSE	TRUE	TRUE	FALSE	FALSE
Gm19519	-0.0512232851396582	0.0805859369164441	0.0805859369164441	26	0	FALSE	0	0	0.552708638144266	-0.747884085761189	-0.0287031585118885	1.26527348344816	1.66062563232876e-16	1.66062563232876e-16	24	5	TRUE	5	0	3.1784691829366	-0.492584013129782	0.315725239582897	TRUE	TRUE	TRUE	FALSE	TRUE	FALSE	FALSE	FALSE	TRUE	TRUE	FALSE	FALSE
Gm19522	0.10292927794494	0.549076330255496	0.549076330255496	5	0	FALSE	0	0	0.223150861980849	-0.202982433783175	0.0536274980221912	1.40360484883503	0.00610084402092651	0.00610084402092651	3	1	TRUE	1	0	1.40360484883503	-0.207883643613755	0.383864027768829	TRUE	TRUE	TRUE	FALSE	TRUE	FALSE	FALSE	FALSE	TRUE	TRUE	FALSE	FALSE
Gm19589	-0.135183127109842	0.309920913288081	0.309920913288081	12	0	FALSE	0	0	0.356614402800317	-0.312801675338784	-0.0693221828178531	0.666275580332252	0.0482040033976158	0.0482040033976158	19	1	TRUE	1	0	0.666275580332252	-0.51450054222958	-0.0492117323803618	TRUE	TRUE	TRUE	FALSE	TRUE	FALSE	FALSE	FALSE	TRUE	TRUE	FALSE	FALSE
Gm1965	-0.0490680077725268	0.0713046483377543	0.0713046483377543	17	0	FALSE	0	0	0.590558022159116	-0.349183459665107	0.017097180869656	1.79173175538662	4.0068457054655e-05	4.0068457054655e-05	13	1	TRUE	1	0	1.79173175538662	-0.389234436667868	-0.0213707898869618	TRUE	TRUE	TRUE	FALSE	TRUE	FALSE	FALSE	FALSE	TRUE	TRUE	FALSE	FALSE
Gm19782	-0.0828781717347135	0.0954362502770505	0.0954362502770505	87	0	FALSE	0	0	0.24508817634135	-0.690216772875409	-0.116915780324513	-0.949052790850882	0.0060534475870908	0.0060534475870908	83	5	TRUE	1	4	1.11732881422422	-1.15577082910808	-0.329649080277617	TRUE	TRUE	TRUE	FALSE	TRUE	FALSE	TRUE	FALSE	TRUE	TRUE	FALSE	FALSE
Gm20356	-0.168353629526242	0.189508378066623	0.189508378066623	23	0	FALSE	0	0	0.297385028774125	-0.466689369893912	-0.167489621249207	1.60549925914275	5.50710930316594e-07	5.50710930316594e-07	28	2	TRUE	2	0	2.03056572920512	-0.818716326605647	-0.190513234294011	TRUE	TRUE	TRUE	FALSE	TRUE	FALSE	FALSE	FALSE	TRUE	TRUE	FALSE	FALSE
Gm20597	-0.0170799362200106	0.325332996142025	0.325332996142025	15	0	FALSE	0	0	0.339568510687625	-0.347480831249814	-0.0201134733514369	1.82152127892851	3.26278675319736e-07	3.26278675319736e-07	18	1	TRUE	1	0	1.82152127892851	-0.809931216307496	-0.128218425980103	TRUE	TRUE	TRUE	FALSE	TRUE	FALSE	FALSE	FALSE	TRUE	TRUE	FALSE	FALSE
Gm20741	-0.103277322906975	0.560961773020689	0.560961773020689	2	0	FALSE	0	0	-0.0127129809444457	-0.193841664869505	-0.103277322906975	1.37186130917232	0.000229334089625589	0.000229334089625589	2	1	TRUE	1	0	1.37186130917232	-0.427363491437659	0.472248908867331	TRUE	TRUE	TRUE	FALSE	TRUE	FALSE	FALSE	FALSE	TRUE	TRUE	FALSE	FALSE
Gm20750	-0.0825532877100373	0.10036112908041	0.10036112908041	24	0	FALSE	0	0	0.308814675359696	-0.634714685239262	-0.0826910104869037	2.21462466226299	2.16211218468581e-15	2.16211218468581e-15	29	4	TRUE	3	1	2.81541433698652	-1.97855676587155	-0.043556212897315	TRUE	TRUE	TRUE	FALSE	TRUE	FALSE	TRUE	FALSE	TRUE	TRUE	FALSE	FALSE
Gm20751	-0.0209100904704061	0.054469229321272	0.054469229321272	24	0	FALSE	0	0	0.632697192400211	-0.492816097583393	0.0262345190366488	1.56452014096455	1.75486715966812e-24	1.75486715966812e-24	26	8	TRUE	8	0	3.2777973527731	-0.475890805612016	0.668620297536565	TRUE	TRUE	TRUE	FALSE	TRUE	FALSE	FALSE	FALSE	TRUE	TRUE	FALSE	FALSE
Gm21057	0.028207122947753	0.0640916487404672	0.0640916487404672	11	0	FALSE	0	0	0.172205230478689	-0.542594731953877	-0.0830926512332969	0.626334210000938	8.34474350301474e-05	8.34474350301474e-05	11	2	TRUE	1	1	2.08505649365796	-0.832388073656084	0.00627114004127057	TRUE	TRUE	TRUE	FALSE	TRUE	FALSE	TRUE	FALSE	TRUE	TRUE	FALSE	FALSE
Gm26579	0.0228812185040861	0.351498849826509	0.351498849826509	15	0	FALSE	0	0	0.262401412014797	-0.329091047036361	0.0132482912563075	2.28253077470464	1.18863973746962e-14	1.18863973746962e-14	18	2	TRUE	2	0	2.83917271256396	-0.438576801008808	0.325645243019093	TRUE	TRUE	TRUE	FALSE	TRUE	FALSE	FALSE	FALSE	TRUE	TRUE	FALSE	FALSE
Gm26682	-0.105753687614116	0.0908216775950466	0.0908216775950466	28	0	FALSE	0	0	0.342793807167801	-0.591071770935253	-0.122249593619829	2.62377650368926	1.3148289147795e-08	1.3148289147795e-08	27	1	TRUE	1	0	2.62377650368926	-0.674560772600352	-0.18085801282286	TRUE	TRUE	TRUE	FALSE	TRUE	FALSE	FALSE	FALSE	TRUE	TRUE	FALSE	FALSE
Gm2694	-0.067617313206729	0.122987971192449	0.122987971192449	57	0	FALSE	0	0	0.457260604676997	-0.525872128367186	-0.0342922195610655	0.778261534587871	6.50300551739431e-08	6.50300551739431e-08	60	5	TRUE	4	1	1.95999869473552	-0.772385623313772	0.0915938678224535	TRUE	TRUE	TRUE	FALSE	TRUE	FALSE	TRUE	FALSE	TRUE	TRUE	FALSE	FALSE
Gm2716	-0.0389998626665218	0.321768559940281	0.321768559940281	16	0	FALSE	0	0	0.224236858410302	-0.345895509617508	-0.0413240437826966	1.1471686380988	0.0370126975314381	0.0370126975314381	17	1	TRUE	1	0	1.1471686380988	-0.691844774474925	-0.114656856806205	TRUE	TRUE	TRUE	FALSE	TRUE	FALSE	FALSE	FALSE	TRUE	TRUE	FALSE	FALSE
Gm28178	-0.0669958891069212	0.734683720681937	0.734683720681937	7	0	FALSE	0	0	0.109340719008777	-0.129599389573106	-0.0312196498504283	1.34423674504691	0.000164379783917831	0.000164379783917831	10	1	TRUE	1	0	1.34423674504691	-0.308391826706748	0.202856399509995	TRUE	TRUE	TRUE	FALSE	TRUE	FALSE	FALSE	FALSE	TRUE	TRUE	FALSE	FALSE
Gm31520	-0.193394789228193	0.0538428330506979	0.0538428330506979	28	0	FALSE	0	0	0.116670891341504	-0.626954475246818	-0.185345242912985	0.697861379571814	8.32397713504583e-05	8.32397713504583e-05	30	3	TRUE	2	1	1.63288586679056	-1.31764844561435	-0.195556873974317	TRUE	TRUE	TRUE	FALSE	TRUE	FALSE	TRUE	FALSE	TRUE	TRUE	FALSE	FALSE
Gm31747	-0.145004080236286	0.0713571687114414	0.0713571687114414	76	0	FALSE	0	0	0.597046650765492	-0.495266433633147	-0.130514720838538	1.30747829202342	6.19031963039108e-20	6.19031963039108e-20	86	15	TRUE	12	3	3.60143637915429	-1.08035424715095	0.0851954271407614	TRUE	TRUE	TRUE	FALSE	TRUE	FALSE	TRUE	FALSE	TRUE	TRUE	FALSE	FALSE
Gm32172	-0.0182639237681844	0.472234570102271	0.472234570102271	11	0	FALSE	0	0	0.246699049013493	-0.198870122741795	-0.00355243608279528	2.10619651917794	2.57326949029136e-21	2.57326949029136e-21	9	5	TRUE	5	0	3.02501416044858	-0.0338535340640321	1.17731745080758	TRUE	TRUE	TRUE	FALSE	TRUE	FALSE	FALSE	FALSE	TRUE	TRUE	FALSE	FALSE
Gm32455	-0.157432206696539	0.198066633160653	0.198066633160653	54	0	FALSE	0	0	0.265906162796686	-0.475614328623829	-0.156960421443772	2.08909603610942	5.04287567850985e-09	5.04287567850985e-09	63	7	TRUE	7	0	3.54092102540889	-0.924689549531714	-0.0169684796437594	TRUE	TRUE	TRUE	FALSE	TRUE	FALSE	FALSE	FALSE	TRUE	TRUE	FALSE	FALSE
Gm32461	-0.0645841868007505	0.123093238954356	0.123093238954356	57	0	FALSE	0	0	0.383449473029351	-0.541152959828743	-0.0898557808968881	1.51831083828006	3.55216643110156e-20	3.55216643110156e-20	46	10	TRUE	7	3	3.61100148923707	-1.18957471466102	0.178812460805305	TRUE	TRUE	TRUE	FALSE	TRUE	FALSE	TRUE	FALSE	TRUE	TRUE	FALSE	FALSE
Gm32688	0.241077550112441	0.198633112099716	0.198633112099716	3	0	FALSE	0	0	0.432316175937441	-0.0727644460237996	0.200209760008694	1.63748785333803	1.23514942094339e-06	1.23514942094339e-06	4	2	TRUE	2	0	2.14562621719806	0.533254947772812	1.10378983222297	TRUE	TRUE	TRUE	FALSE	TRUE	FALSE	FALSE	FALSE	TRUE	TRUE	FALSE	FALSE
Gm33104	-0.0236340798197923	0.271054385542309	0.271054385542309	27	0	FALSE	0	0	0.386378799584833	-0.364659120535273	-0.0309619141749992	0.459801350827765	1.57438550088947e-09	1.57438550088947e-09	24	2	TRUE	1	1	2.17550211682988	-1.25589941517435	-0.0796547527360686	TRUE	TRUE	TRUE	FALSE	TRUE	FALSE	TRUE	FALSE	TRUE	TRUE	FALSE	FALSE
Gm35722	-0.087776208724511	0.0976908270208074	0.0976908270208074	41	0	FALSE	0	0	0.545295877640723	-0.492225043203085	-0.108995028518146	2.00675934976919	4.33296737771003e-18	4.33296737771003e-18	35	4	TRUE	3	1	3.00855888587933	-0.848902887481858	0.0158411275233612	TRUE	TRUE	TRUE	FALSE	TRUE	FALSE	TRUE	FALSE	TRUE	TRUE	FALSE	FALSE
Gm36173	-0.107994300951461	0.0782193243624598	0.0782193243624598	23	0	FALSE	0	0	0.226381565249524	-0.661406874295629	-0.145338255773137	-0.988103758016804	0.000546742625540443	0.000546742625540443	34	3	TRUE	1	2	1.16595488060799	-1.1944280266456	-0.221724067250482	TRUE	TRUE	TRUE	FALSE	TRUE	FALSE	TRUE	FALSE	TRUE	TRUE	FALSE	FALSE
Gm36536	-0.109987644782845	0.216278647141272	0.216278647141272	25	0	FALSE	0	0	0.227511854016707	-0.442310269867479	-0.0978537695257738	1.35453311090848	0.00864571788642384	0.00864571788642384	29	1	TRUE	1	0	1.35453311090848	-0.756155348746145	-0.207340781296316	TRUE	TRUE	TRUE	FALSE	TRUE	FALSE	FALSE	FALSE	TRUE	TRUE	FALSE	FALSE
Gm36669	-0.112611156708482	0.14555415937718	0.14555415937718	52	0	FALSE	0	0	0.245794898328615	-0.602446325358558	-0.131191395195672	0.516209310169914	0.00177423933134555	0.00177423933134555	52	2	TRUE	1	1	2.02082233423618	-0.988403713896352	-0.232941238408273	TRUE	TRUE	TRUE	FALSE	TRUE	FALSE	TRUE	FALSE	TRUE	TRUE	FALSE	FALSE
Gm36742	-0.127271851004709	0.0897254985779544	0.0897254985779544	65	0	FALSE	0	0	0.149185522431058	-0.625595394165812	-0.135084169485261	-0.942251195188944	0.000957705897783641	0.000957705897783641	79	7	TRUE	1	6	1.11149913793114	-1.39996417724141	-0.320109101919311	TRUE	TRUE	TRUE	FALSE	TRUE	FALSE	TRUE	FALSE	TRUE	TRUE	FALSE	FALSE
Gm38407	-0.149405973724631	0.121603900634483	0.121603900634483	56	0	FALSE	0	0	0.529480929231879	-0.501440745263845	-0.101591865661889	1.1307658512736	1.22939090889823e-11	1.22939090889823e-11	55	10	TRUE	6	4	2.99689601118636	-1.25735102632738	-0.0952812339993358	TRUE	TRUE	TRUE	FALSE	TRUE	FALSE	TRUE	FALSE	TRUE	TRUE	FALSE	FALSE
Gm4719	-0.168553037679133	0.0659355301053592	0.0659355301053592	34	0	FALSE	0	0	0.15775362642988	-0.772202271798124	-0.168086381160025	-0.918923463176365	0.00726953574920995	0.00726953574920995	37	3	TRUE	1	2	0.959205918318127	-0.938375850653969	-0.339201370076025	TRUE	TRUE	TRUE	FALSE	TRUE	FALSE	TRUE	FALSE	TRUE	TRUE	FALSE	FALSE
Gm4792	0.0464193669543325	0.150471113647354	0.150471113647354	15	0	FALSE	0	0	0.308346367709021	-0.584543563752435	0.00472577515373052	2.3067821530431	6.26396910578722e-11	6.26396910578722e-11	14	2	TRUE	2	0	2.43193657871141	-0.477109076388334	0.291170418682873	TRUE	TRUE	TRUE	FALSE	TRUE	FALSE	FALSE	FALSE	TRUE	TRUE	FALSE	FALSE
Gm4832	-0.086884299041512	0.32015279551784	0.32015279551784	24	0	FALSE	0	0	0.221234604268392	-0.340887923269017	-0.0618576578582715	0.763885955053495	0.0211057595628362	0.0211057595628362	22	2	TRUE	2	0	0.823217448965197	-0.779230802656903	-0.205571288662079	TRUE	TRUE	TRUE	FALSE	TRUE	FALSE	FALSE	FALSE	TRUE	TRUE	FALSE	FALSE
Gm48908	-0.108487939581636	0.05997330424053	0.05997330424053	41	0	FALSE	0	0	0.250681748694701	-0.62416604948252	-0.124880922654129	-0.735445242446845	0.00147652469871873	0.00147652469871873	47	3	TRUE	1	2	2.06079659509729	-0.800066350781722	-0.226822949683324	TRUE	TRUE	TRUE	FALSE	TRUE	FALSE	TRUE	FALSE	TRUE	TRUE	FALSE	FALSE
Gm4894	-0.0623810139781012	0.184344576290634	0.184344576290634	27	0	FALSE	0	0	0.311123399162876	-0.455807101725964	-0.0660154404108442	1.45134600175458	5.29780894949627e-10	5.29780894949627e-10	25	6	TRUE	5	1	2.55965507960068	-1.09554893544793	0.165211575283662	TRUE	TRUE	TRUE	FALSE	TRUE	FALSE	TRUE	FALSE	TRUE	TRUE	FALSE	FALSE
Gm5087	-0.11728754068357	0.136758048301543	0.136758048301543	30	0	FALSE	0	0	0.145355037583068	-0.578229848739929	-0.110491482654717	1.48876279351143	2.00800414642496e-05	2.00800414642496e-05	34	3	TRUE	3	0	1.7320077433128	-0.65703947285646	0.000407984319556125	TRUE	TRUE	TRUE	FALSE	TRUE	FALSE	FALSE	FALSE	TRUE	TRUE	FALSE	FALSE
Gm5134	-0.170993764237594	0.14291496800849	0.14291496800849	4	0	FALSE	0	0	-0.100330538885469	-0.61462546751905	-0.264235883719927	-0.0472162969459615	0.00680554936426247	0.00680554936426247	3	2	TRUE	1	1	0.914010422714327	-1.00844301660625	-0.0345352922785122	TRUE	TRUE	TRUE	FALSE	TRUE	FALSE	TRUE	FALSE	TRUE	TRUE	FALSE	FALSE
Gm5177	-0.213915076686044	0.462125943506332	0.462125943506332	5	0	FALSE	0	0	-0.0783804010196435	-0.260625525777939	-0.18407131805417	3.77286314241886	2.69738169825815e-06	2.69738169825815e-06	10	1	TRUE	1	0	3.77286314241886	-0.284006120451338	0.297881333873079	TRUE	TRUE	TRUE	FALSE	TRUE	FALSE	FALSE	FALSE	TRUE	TRUE	FALSE	FALSE
Gm525	-0.079317159185118	0.267170117719234	0.267170117719234	25	0	FALSE	0	0	0.15734396358409	-0.386218629899734	-0.0981527568400731	0.868373471255602	0.00724006275859845	0.00724006275859845	29	1	TRUE	1	0	0.868373471255602	-0.573634778927674	-0.1463230024399	TRUE	TRUE	TRUE	FALSE	TRUE	FALSE	FALSE	FALSE	TRUE	TRUE	FALSE	FALSE
Gm5523	-0.134441918471823	0.197977355927715	0.197977355927715	35	0	FALSE	0	0	0.337709221641352	-0.469929145227922	-0.109706348488098	2.06512864057599	1.70747736666339e-07	1.70747736666339e-07	40	3	TRUE	2	1	2.7318936636028	-0.720725034383547	-0.0201261341183418	TRUE	TRUE	TRUE	FALSE	TRUE	FALSE	TRUE	FALSE	TRUE	TRUE	FALSE	FALSE
Gm5820	0.0595111239807496	0.148526219674643	0.148526219674643	12	0	FALSE	0	0	0.493382194971613	-0.202809162139255	0.0563462829655859	2.13671257959717	1.7634397171155e-35	1.7634397171155e-35	11	7	TRUE	7	0	4.58316787894886	-0.291826882485088	1.61841663349554	TRUE	TRUE	TRUE	FALSE	TRUE	FALSE	FALSE	FALSE	TRUE	TRUE	FALSE	FALSE
Gm5886	-0.0525846984976125	0.130612359271368	0.130612359271368	15	0	FALSE	0	0	0.188281999407747	-0.558379433593112	-0.107633911516267	1.15283244153607	0.000252222940959745	0.000252222940959745	14	2	TRUE	2	0	1.48366230215144	-0.553676934554362	-0.0362626153960285	TRUE	TRUE	TRUE	FALSE	TRUE	FALSE	FALSE	FALSE	TRUE	TRUE	FALSE	FALSE
Gm6567	-0.133985790791663	0.0874104239901486	0.0874104239901486	93	0	FALSE	0	0	0.30133295079393	-0.64423554752588	-0.135307333239192	1.13275526496847	7.26353228658581e-10	7.26353228658581e-10	79	5	TRUE	3	2	2.11229973602096	-1.68151656547194	-0.155712270265541	TRUE	TRUE	TRUE	FALSE	TRUE	FALSE	TRUE	FALSE	TRUE	TRUE	FALSE	FALSE
Gm6578	-0.00792449895790029	0.173955401405388	0.173955401405388	17	0	FALSE	0	0	0.0792164482328741	-0.47457689188015	-0.0425505662534298	0.4133005514053	8.23725145021793e-05	8.23725145021793e-05	18	2	TRUE	1	1	1.92633100718848	-1.09972990437788	-0.0246009777564253	TRUE	TRUE	TRUE	FALSE	TRUE	FALSE	TRUE	FALSE	TRUE	TRUE	FALSE	FALSE
Gm6644	-0.121440396258037	0.316762375134004	0.316762375134004	20	0	FALSE	0	0	0.14164590212769	-0.352954524508686	-0.107198405109938	0.900417043945388	0.00981377935213257	0.00981377935213257	21	1	TRUE	1	0	0.900417043945388	-0.464888047093135	-0.157070453759248	TRUE	TRUE	TRUE	FALSE	TRUE	FALSE	FALSE	FALSE	TRUE	TRUE	FALSE	FALSE
Gm6812	-0.123432483589792	0.137515132912069	0.137515132912069	7	0	FALSE	0	0	0.511414292622254	-0.474332533795218	-0.109611146018078	1.43737661188401	9.29000421705317e-08	9.29000421705317e-08	16	7	TRUE	5	2	2.44647556008974	-0.903607598641095	0.410295134196206	TRUE	TRUE	TRUE	FALSE	TRUE	FALSE	TRUE	FALSE	TRUE	TRUE	FALSE	FALSE
Gm7160	-0.0814082911414692	0.159777635995075	0.159777635995075	7	0	FALSE	0	0	0.45448108522694	-0.326359711301167	-7.83415568623178e-05	0.910810255560138	0.00404090318068701	0.00404090318068701	12	1	TRUE	1	0	0.910810255560138	-0.66546210780379	-0.159410373179437	TRUE	TRUE	TRUE	FALSE	TRUE	FALSE	FALSE	FALSE	TRUE	TRUE	FALSE	FALSE
Gm7977	-0.144243419081277	0.0534297263357518	0.0534297263357518	67	0	FALSE	0	0	0.276272172056123	-0.769735017230768	-0.156173568807111	-1.03819904360204	7.23724471338722e-11	7.23724471338722e-11	58	5	TRUE	2	3	3.11372976624241	-1.44406744955478	-0.261174535722651	TRUE	TRUE	TRUE	FALSE	TRUE	FALSE	TRUE	FALSE	TRUE	TRUE	FALSE	FALSE
Gm8096	-0.0984066589699045	0.078474370636196	0.078474370636196	81	0	FALSE	0	0	0.361450596383373	-0.668723015863621	-0.126372905618608	0.712729229908391	1.76938842744141e-11	1.76938842744141e-11	100	9	TRUE	5	4	2.49140681013338	-1.14287741286418	-0.136923982720173	TRUE	TRUE	TRUE	FALSE	TRUE	FALSE	TRUE	FALSE	TRUE	TRUE	FALSE	FALSE
Gm815	-0.0883752336668011	0.103193749001444	0.103193749001444	32	0	FALSE	0	0	0.517027226969341	-0.337309864910471	-0.0619150270591875	0.660244342665809	3.32160017679167e-06	3.32160017679167e-06	42	2	TRUE	1	1	2.2547276395685	-0.934238954236882	-0.20033265651003	TRUE	TRUE	TRUE	FALSE	TRUE	FALSE	TRUE	FALSE	TRUE	TRUE	FALSE	FALSE
Gm8234	0.100656097151409	0.171834583763753	0.171834583763753	6	0	FALSE	0	0	0.461111236481976	-0.0264945353357234	0.145320738072913	0.845796196271649	0.0169198798759954	0.0169198798759954	5	1	TRUE	1	0	0.845796196271649	-0.646114036116092	-0.020333123568525	TRUE	TRUE	TRUE	FALSE	TRUE	FALSE	FALSE	FALSE	TRUE	TRUE	FALSE	FALSE
Gm833	-0.1024532086129	0.0925780982305561	0.0925780982305561	138	0	FALSE	0	0	0.373219022549839	-0.571284615473377	-0.107944707913726	-0.88651904658994	0.00169625030493358	0.00169625030493358	134	5	TRUE	1	4	0.737933413683635	-1.14370366002473	-0.205968013294399	TRUE	TRUE	TRUE	FALSE	TRUE	FALSE	TRUE	FALSE	TRUE	TRUE	FALSE	FALSE
Gm9871	-0.132495408941226	0.102610980260015	0.102610980260015	43	0	FALSE	0	0	0.584577122918786	-0.450148942122223	-0.100837735496824	0.26413021510691	9.74513203473161e-07	9.74513203473161e-07	40	4	TRUE	2	2	2.01435879200626	-1.42085386956407	-0.237517584462756	TRUE	TRUE	TRUE	FALSE	TRUE	FALSE	TRUE	FALSE	TRUE	TRUE	FALSE	FALSE
Gmds	-0.114861273231077	0.0514891092474864	0.0514891092474864	101	0	FALSE	0	0	0.279435884810875	-0.811958016113825	-0.121538226412022	-0.88756329796042	0.00010460496089426	0.00010460496089426	100	6	TRUE	1	5	1.3368203553432	-1.31484019298087	-0.231665293700961	TRUE	TRUE	TRUE	FALSE	TRUE	FALSE	TRUE	FALSE	TRUE	TRUE	FALSE	FALSE
Gnai1	-0.126508702578612	0.0720348028856611	0.0720348028856611	58	0	FALSE	0	0	0.34998195172431	-0.672000958871333	-0.0963660829461095	2.40833139768766	2.79975289022464e-22	2.79975289022464e-22	58	2	TRUE	2	0	3.84046711049966	-0.815285926589914	-0.1149476242234	TRUE	TRUE	TRUE	FALSE	TRUE	FALSE	FALSE	FALSE	TRUE	TRUE	FALSE	FALSE
Gnas	-0.096172190960465	0.102091466599729	0.102091466599729	18	0	FALSE	0	0	0.499035044219388	-0.492554618545526	-0.0655799703784923	-0.029984137257116	0.000260372296182657	0.000260372296182657	21	4	TRUE	2	2	1.08414843707531	-0.953712704679118	-0.20481204811424	TRUE	TRUE	TRUE	FALSE	TRUE	FALSE	TRUE	FALSE	TRUE	TRUE	FALSE	FALSE
Gnb5	-0.126418638724575	0.329439152855634	0.329439152855634	11	0	FALSE	0	0	0.161231071852676	-0.34463003160321	-0.116008028595434	0.874311777135245	0.0118510701144551	0.0118510701144551	10	1	TRUE	1	0	0.874311777135245	-0.664139322685931	-0.165374873234807	TRUE	TRUE	TRUE	FALSE	TRUE	FALSE	FALSE	FALSE	TRUE	TRUE	FALSE	FALSE
Golga7b	-0.0369750041490552	0.330305440772671	0.330305440772671	15	0	FALSE	0	0	0.20765334709951	-0.340766818065751	-0.0553910583929763	1.70983799714787	2.69810082066201e-05	2.69810082066201e-05	15	1	TRUE	1	0	1.70983799714787	-0.612872480591184	0.0463914224023789	TRUE	TRUE	TRUE	FALSE	TRUE	FALSE	FALSE	FALSE	TRUE	TRUE	FALSE	FALSE
Gpcpd1	-0.0350248958898738	0.250779877875934	0.250779877875934	10	0	FALSE	0	0	0.246209700733831	-0.389324220396518	-0.0762354196725233	0.170035440804505	0.000113706524144818	0.000113706524144818	9	2	TRUE	1	1	1.40170812314185	-1.06163724153284	-0.161621737282656	TRUE	TRUE	TRUE	FALSE	TRUE	FALSE	TRUE	FALSE	TRUE	TRUE	FALSE	FALSE
Gpd1l	-0.0580351100680817	0.185417006718392	0.185417006718392	9	0	FALSE	0	0	0.258640303033964	-0.443581844707988	-0.115022746524174	0.68158757343071	0.0348886564570825	0.0348886564570825	13	1	TRUE	1	0	0.68158757343071	-0.516583666479299	-0.143242021440832	TRUE	TRUE	TRUE	FALSE	TRUE	FALSE	FALSE	FALSE	TRUE	TRUE	FALSE	FALSE
Gphn	-0.142424226245465	0.092943642126712	0.092943642126712	66	0	FALSE	0	0	0.264198969296174	-0.581705422643376	-0.130730779857758	1.4612432245748	3.19456737436198e-07	3.19456737436198e-07	68	2	TRUE	2	0	2.07762044371814	-0.793557565447747	-0.210622983087725	TRUE	TRUE	TRUE	FALSE	TRUE	FALSE	FALSE	FALSE	TRUE	TRUE	FALSE	FALSE
Gpm6b	-0.173293244814944	0.0797040746069206	0.0797040746069206	28	0	FALSE	0	0	0.253657894410462	-0.656729301593786	-0.175311419994518	1.13568525952184	1.3942986225591e-21	1.3942986225591e-21	35	5	TRUE	4	1	4.48524179737292	-0.76259483950905	0.0558885773669979	TRUE	TRUE	TRUE	FALSE	TRUE	FALSE	TRUE	FALSE	TRUE	TRUE	FALSE	FALSE
Gpr142	-0.0399569025846438	0.586187872552617	0.586187872552617	10	0	FALSE	0	0	0.167899964581956	-0.204963392934955	-0.0391841396703152	1.21255101401071	0.000230857298510881	0.000230857298510881	10	3	TRUE	3	0	1.68734321897334	-0.252209731923536	0.447873524660544	TRUE	TRUE	TRUE	FALSE	TRUE	FALSE	FALSE	FALSE	TRUE	TRUE	FALSE	FALSE
Gpr158	-0.116077361757556	0.141758527963849	0.141758527963849	44	0	FALSE	0	0	0.191278970592514	-0.470094424420331	-0.123652715642503	0.88290792402648	0.00460712294244272	0.00460712294244272	41	5	TRUE	3	2	1.12878992920418	-0.861502882695428	-0.157600459864048	TRUE	TRUE	TRUE	FALSE	TRUE	FALSE	TRUE	FALSE	TRUE	TRUE	FALSE	FALSE
Gpr176	-0.0792871384089863	0.40904864459276	0.40904864459276	8	0	FALSE	0	0	0.273907738884142	-0.292413891833343	-0.022241211490078	0.12556291016446	0.00144249879601603	0.00144249879601603	7	2	TRUE	1	1	1.44484626365007	-1.19372044332115	-0.144322087731076	TRUE	TRUE	TRUE	FALSE	TRUE	FALSE	TRUE	FALSE	TRUE	TRUE	FALSE	FALSE
Gpr22	-0.147503246798923	0.140082213295134	0.140082213295134	17	0	FALSE	0	0	0.54606445455541	-0.484692235878391	-0.0726579086307932	3.14204900796303	1.26088346600556e-14	1.26088346600556e-14	14	3	TRUE	3	0	3.51843625602524	-0.574809149344467	0.44151878143389	TRUE	TRUE	TRUE	FALSE	TRUE	FALSE	FALSE	FALSE	TRUE	TRUE	FALSE	FALSE
Gpr26	-0.112597407268513	0.175652805109819	0.175652805109819	65	0	FALSE	0	0	0.20471666871284	-0.455327518567626	-0.122043346614581	-0.798035100423742	0.00842690757421482	0.00842690757421482	66	4	TRUE	1	3	0.899049029977469	-0.865387610855274	-0.24838210569897	TRUE	TRUE	TRUE	FALSE	TRUE	FALSE	TRUE	FALSE	TRUE	TRUE	FALSE	FALSE
Gpr27	-0.083020216352378	0.60250538472585	0.60250538472585	6	0	FALSE	0	0	0.194742995068294	-0.112003087991229	-0.0281767219857145	1.09960338801412	0.00295035867464162	0.00295035867464162	8	1	TRUE	1	0	1.09960338801412	-0.468889526478843	0.0520171584796718	TRUE	TRUE	TRUE	FALSE	TRUE	FALSE	FALSE	FALSE	TRUE	TRUE	FALSE	FALSE
Gpr63	-0.137775462384915	0.111263478680975	0.111263478680975	20	0	FALSE	0	0	0.305674029983264	-0.571084516364086	-0.122043567224433	1.32786755552151	2.05042489947924e-06	2.05042489947924e-06	13	2	TRUE	2	0	1.89959586217115	-0.472752514390748	0.0852894750590966	TRUE	TRUE	TRUE	FALSE	TRUE	FALSE	FALSE	FALSE	TRUE	TRUE	FALSE	FALSE
Gpr65	-0.209081969410239	0.0923589489934118	0.0923589489934118	19	0	FALSE	0	0	0.245030891393204	-0.547160663045407	-0.182767422307555	2.19333724058305	2.3726506432778e-08	2.3726506432778e-08	28	2	TRUE	2	0	2.66518618665965	-0.723680231019246	0.0386852841699917	TRUE	TRUE	TRUE	FALSE	TRUE	FALSE	FALSE	FALSE	TRUE	TRUE	FALSE	FALSE
Gprc5c	-0.206256516587773	0.265166195978983	0.265166195978983	10	0	FALSE	0	0	0.114088574328513	-0.384354041796827	-0.168103674535769	1.49877057060244	0.000541772864445038	0.000541772864445038	14	1	TRUE	1	0	1.49877057060244	-0.677796708249163	-0.0157624626866865	TRUE	TRUE	TRUE	FALSE	TRUE	FALSE	FALSE	FALSE	TRUE	TRUE	FALSE	FALSE
Grm4	-0.0578103235572476	0.0627421190228494	0.0627421190228494	39	0	FALSE	0	0	0.663865029224424	-0.508866809123394	-0.0519124142297486	0.864731834647817	0.0106212906391753	0.0106212906391753	39	1	TRUE	1	0	0.864731834647817	-0.571824742323986	-0.0131276184075661	TRUE	TRUE	TRUE	FALSE	TRUE	FALSE	FALSE	FALSE	TRUE	TRUE	FALSE	FALSE
Gtf2a1	-0.141056371138219	0.130146041681552	0.130146041681552	27	0	FALSE	0	0	0.354720652984835	-0.523394753147708	-0.107546027700885	-0.000531871049438026	0.0270065058403797	0.0270065058403797	24	2	TRUE	1	1	0.771122044888249	-0.772185786987125	-0.149815098302025	TRUE	TRUE	TRUE	FALSE	TRUE	FALSE	TRUE	FALSE	TRUE	TRUE	FALSE	FALSE
Gucy1a1	-0.0648250019447204	0.0606856828428457	0.0606856828428457	23	0	FALSE	0	0	0.214222744372376	-0.696752035121959	-0.105346020269824	0.294925912490812	1.57086849261614e-05	1.57086849261614e-05	24	2	TRUE	1	1	1.44158222596752	-0.851730400985896	-0.1557448195763	TRUE	TRUE	TRUE	FALSE	TRUE	FALSE	TRUE	FALSE	TRUE	TRUE	FALSE	FALSE
Gucy1b2	-0.0928933813855468	0.138851546698662	0.138851546698662	27	0	FALSE	0	0	0.170380490990209	-0.492404650635739	-0.112817520107225	0.765826314727405	0.0159449533918691	0.0159449533918691	28	2	TRUE	2	0	0.769760823714375	-0.666265841660072	-0.0661576409134271	TRUE	TRUE	TRUE	FALSE	TRUE	FALSE	FALSE	FALSE	TRUE	TRUE	FALSE	FALSE
Gucy2d	-0.116284502981781	0.0527340007606906	0.0527340007606906	23	0	FALSE	0	0	0.727439659479316	-0.438886686753284	-0.0725492733473406	0.737578648697619	0.0192169349098425	0.0192169349098425	31	3	TRUE	3	0	0.774865405816538	-0.557309153425463	-0.0448474950213071	TRUE	TRUE	TRUE	FALSE	TRUE	FALSE	FALSE	FALSE	TRUE	TRUE	FALSE	FALSE
Gzmb	-0.0615918505958921	0.483957381777125	0.483957381777125	9	0	FALSE	0	0	0.115096441339165	-0.255956147241634	-0.077156920668024	0.824826067478561	0.024799720030468	0.024799720030468	12	1	TRUE	1	0	0.824826067478561	-0.662526973503468	-0.199315613238752	TRUE	TRUE	TRUE	FALSE	TRUE	FALSE	FALSE	FALSE	TRUE	TRUE	FALSE	FALSE
Gzmd	-0.195769435076662	0.549037899715302	0.549037899715302	4	0	FALSE	0	0	-0.121142435617587	-0.223261813734173	-0.183985779876271	1.07097267378597	0.000768860462833065	0.000768860462833065	2	1	TRUE	1	0	1.07097267378597	-0.341965783407926	0.364503445189022	TRUE	TRUE	TRUE	FALSE	TRUE	FALSE	FALSE	FALSE	TRUE	TRUE	FALSE	FALSE
Gzmg	0.0160915057398584	0.360622681459005	0.360622681459005	7	0	FALSE	0	0	0.322540600834847	-0.212758989980484	0.0466781570395128	1.58054328019661	1.42611187349296e-05	1.42611187349296e-05	3	1	TRUE	1	0	1.58054328019661	-0.163395407586908	0.450692456564422	TRUE	TRUE	TRUE	FALSE	TRUE	FALSE	FALSE	FALSE	TRUE	TRUE	FALSE	FALSE
Gzmk	-0.0552117861229919	0.0982753789796309	0.0982753789796309	37	0	FALSE	0	0	0.524996577621234	-0.516806451512568	-0.0670488792030846	1.05203853563559	0.00150163048112081	0.00150163048112081	34	1	TRUE	1	0	1.05203853563559	-0.780492587585496	-0.198026655623124	TRUE	TRUE	TRUE	FALSE	TRUE	FALSE	FALSE	FALSE	TRUE	TRUE	FALSE	FALSE
H4c4	-0.0923514437405272	0.0704216856245924	0.0704216856245924	7	0	FALSE	0	0	0.347344353512075	-0.849663145550651	-0.0839096924169892	1.28281445573775	0.0144206854538856	0.0144206854538856	6	1	TRUE	1	0	1.28281445573775	-0.348669397851955	0.228069587552072	TRUE	TRUE	TRUE	FALSE	TRUE	FALSE	FALSE	FALSE	TRUE	TRUE	FALSE	FALSE
H60c	-0.0851735576125177	0.323818145586684	0.323818145586684	6	0	FALSE	0	0	0.0572637108685596	-0.348298027386532	-0.124267084944459	1.8156815665905	1.01328480860246e-06	1.01328480860246e-06	10	2	TRUE	2	0	2.51274900217275	-0.521280257378177	0.217944131528783	TRUE	TRUE	TRUE	FALSE	TRUE	FALSE	FALSE	FALSE	TRUE	TRUE	FALSE	FALSE
H6pd	-0.072500811634363	0.291329622989925	0.291329622989925	15	0	FALSE	0	0	0.265432805081608	-0.367355609116336	-0.0428334723850977	1.06158290785801	0.00127807088249133	0.00127807088249133	21	1	TRUE	1	0	1.06158290785801	-0.455763272851844	0.0483493818463952	TRUE	TRUE	TRUE	FALSE	TRUE	FALSE	FALSE	FALSE	TRUE	TRUE	FALSE	FALSE
Hcrtr2	-0.133648758347448	0.390530187634451	0.390530187634451	8	0	FALSE	0	0	0.0970043841752842	-0.298569515631696	-0.120094196541347	0.299592289324301	0.00118546301978872	0.00118546301978872	10	2	TRUE	1	1	1.46713876519467	-0.867954186546067	0.0099926792219986	TRUE	TRUE	TRUE	FALSE	TRUE	FALSE	TRUE	FALSE	TRUE	TRUE	FALSE	FALSE
Heg1	-0.0917171518559799	0.0869829958641935	0.0869829958641935	38	0	FALSE	0	0	0.455851122281636	-0.551118974277606	-0.0688714888394071	1.12866101661946	3.70659280484076e-17	3.70659280484076e-17	35	15	TRUE	15	0	2.67305348096955	-0.371923875692824	0.645653289623282	TRUE	TRUE	TRUE	FALSE	TRUE	FALSE	FALSE	FALSE	TRUE	TRUE	FALSE	FALSE
Herc3	-0.0473106364474211	0.147073607852983	0.147073607852983	32	0	FALSE	0	0	0.143940449954289	-0.523744950747138	-0.0902916698410669	1.76497431078438	0.000265737653137628	0.000265737653137628	31	1	TRUE	1	0	1.76497431078438	-0.708241551031832	-0.165696781010012	TRUE	TRUE	TRUE	FALSE	TRUE	FALSE	FALSE	FALSE	TRUE	TRUE	FALSE	FALSE
Hes5	-0.0273859928044246	0.258010907807743	0.258010907807743	8	0	FALSE	0	0	0.384602261712469	-0.214314213629883	0.0187197512188116	0.788974102411755	0.0143534364507223	0.0143534364507223	8	1	TRUE	1	0	0.788974102411755	-0.337808055017743	0.00201740728531726	TRUE	TRUE	TRUE	FALSE	TRUE	FALSE	FALSE	FALSE	TRUE	TRUE	FALSE	FALSE
Hgd	-0.0346701688403233	0.268305187625682	0.268305187625682	15	0	FALSE	0	0	0.380988545849925	-0.379199780017914	-0.0279857059958741	2.47418657025461	3.50082433833067e-17	3.50082433833067e-17	19	7	TRUE	7	0	3.09669139867986	-0.425988368316083	0.877096768951922	TRUE	TRUE	TRUE	FALSE	TRUE	FALSE	FALSE	FALSE	TRUE	TRUE	FALSE	FALSE
Hk2	-0.0172255459078261	0.636072239152743	0.636072239152743	16	0	FALSE	0	0	0.183914232998732	-0.15463122496459	-0.0116112024352565	1.5804048398183	2.76968171832862e-06	2.76968171832862e-06	16	2	TRUE	2	0	2.37672954481956	-0.65729754809866	0.264271992409238	TRUE	TRUE	TRUE	FALSE	TRUE	FALSE	FALSE	FALSE	TRUE	TRUE	FALSE	FALSE
Hlx	-0.0119372769938873	0.228758832310973	0.228758832310973	11	0	FALSE	0	0	0.249229146706433	-0.425159881403411	-0.039747117783064	0.915351555422055	2.42960847479173e-13	2.42960847479173e-13	14	2	TRUE	1	1	2.70707851391216	-0.876375403068049	-0.0397323828412017	TRUE	TRUE	TRUE	FALSE	TRUE	FALSE	TRUE	FALSE	TRUE	TRUE	FALSE	FALSE
Hmg20a	-0.0910205008259376	0.320153771966163	0.320153771966163	23	0	FALSE	0	0	0.250420489770127	-0.350735490857083	-0.0852035641321195	1.14215887699776	0.0019469615347805	0.0019469615347805	14	1	TRUE	1	0	1.14215887699776	-0.45441034115232	-0.0643403145554331	TRUE	TRUE	TRUE	FALSE	TRUE	FALSE	FALSE	FALSE	TRUE	TRUE	FALSE	FALSE
Hmgb2	-0.206360691031747	0.433123937315999	0.433123937315999	3	0	FALSE	0	0	0.0542255774630661	-0.278794106798316	-0.143643073455666	0.753854441636056	0.0328975413191457	0.0328975413191457	3	1	TRUE	1	0	0.753854441636056	-0.160469426565499	0.338106239768835	TRUE	TRUE	TRUE	FALSE	TRUE	FALSE	FALSE	FALSE	TRUE	TRUE	FALSE	FALSE
Hmgcll1	-0.158735601196101	0.153011314801259	0.153011314801259	18	0	FALSE	0	0	0.20386994143354	-0.542718812779299	-0.17499031490823	2.24121445219562	2.78696719410217e-05	2.78696719410217e-05	19	1	TRUE	1	0	2.24121445219562	-0.823649448908949	-0.0675830122740931	TRUE	TRUE	TRUE	FALSE	TRUE	FALSE	FALSE	FALSE	TRUE	TRUE	FALSE	FALSE
Hpf1	-0.0680714557541874	0.342116567394502	0.342116567394502	23	0	FALSE	0	0	0.172800291076596	-0.335929629109079	-0.103540811613111	0.857185849524697	0.0170624007409981	0.0170624007409981	21	1	TRUE	1	0	0.857185849524697	-0.593519824670124	-0.191334960407433	TRUE	TRUE	TRUE	FALSE	TRUE	FALSE	FALSE	FALSE	TRUE	TRUE	FALSE	FALSE
Hr	-0.0713866862830381	0.183900672174156	0.183900672174156	6	0	FALSE	0	0	0.161709942402589	-0.431355449339386	-0.130133554003088	1.30789230307391	6.21747919374744e-05	6.21747919374744e-05	7	1	TRUE	1	0	1.30789230307391	-0.12109169812328	0.251172626423576	TRUE	TRUE	TRUE	FALSE	TRUE	FALSE	FALSE	FALSE	TRUE	TRUE	FALSE	FALSE
Hrnr	0.0286098871099252	0.24390950159083	0.24390950159083	7	0	FALSE	0	0	0.420608831553792	-0.365740704590048	0.0141937957619827	1.23629620408524	0.0174154700239585	0.0174154700239585	9	1	TRUE	1	0	1.23629620408524	-0.907130945790509	-0.166478142905802	TRUE	TRUE	TRUE	FALSE	TRUE	FALSE	FALSE	FALSE	TRUE	TRUE	FALSE	FALSE
Hsfy2	-0.114988936033316	0.0759775315116495	0.0759775315116495	57	0	FALSE	0	0	0.613074801186947	-0.571847252431407	-0.119370871637004	-0.865462401058396	1.14443373718664e-05	1.14443373718664e-05	62	9	TRUE	4	5	1.89869314237149	-2.26680228899157	-0.184964058063325	TRUE	TRUE	TRUE	FALSE	TRUE	FALSE	TRUE	FALSE	TRUE	TRUE	FALSE	FALSE
Htatip2	-0.0880729348514459	0.310624906305001	0.310624906305001	15	0	FALSE	0	0	0.242832812984186	-0.355229387967321	-0.0771400008834156	1.45356234059298	0.000151121768234901	0.000151121768234901	16	1	TRUE	1	0	1.45356234059298	-0.795347715091072	-0.148998937172887	TRUE	TRUE	TRUE	FALSE	TRUE	FALSE	FALSE	FALSE	TRUE	TRUE	FALSE	FALSE
Hunk	-0.100182983236152	0.0593455361009919	0.0593455361009919	75	0	FALSE	0	0	0.522592980338512	-0.682449289304509	-0.0907727251712183	-0.729815576840699	4.22454949896663e-08	4.22454949896663e-08	78	5	TRUE	2	3	2.02729621091463	-1.14961165436525	-0.0759565517380986	TRUE	TRUE	TRUE	FALSE	TRUE	FALSE	TRUE	FALSE	TRUE	TRUE	FALSE	FALSE
Hyal2	-0.0673811733803989	0.360203316771277	0.360203316771277	4	0	FALSE	0	0	0.0409426535152657	-0.319168774714534	-0.103247116990017	0.859026501897105	0.00631703697217029	0.00631703697217029	4	1	TRUE	1	0	0.859026501897105	-0.524485995860828	-0.0131528514122617	TRUE	TRUE	TRUE	FALSE	TRUE	FALSE	FALSE	FALSE	TRUE	TRUE	FALSE	FALSE
Icos	-0.103448292402951	0.0523833000440338	0.0523833000440338	45	0	FALSE	0	0	0.477985143648202	-0.631778993164603	-0.10430261207378	2.24744396826959	4.46692570300482e-14	4.46692570300482e-14	44	2	TRUE	2	0	2.95353336624283	-0.799089474228463	-0.0962137552471237	TRUE	TRUE	TRUE	FALSE	TRUE	FALSE	FALSE	FALSE	TRUE	TRUE	FALSE	FALSE
Ids	-0.0406869928647777	0.240416839166701	0.240416839166701	8	0	FALSE	0	0	0.248035003611124	-0.41428720566455	-0.0489646438644746	0.597485895628649	0.000446515367572317	0.000446515367572317	11	2	TRUE	1	1	2.15484838155857	-0.959876590301272	-0.132231018246637	TRUE	TRUE	TRUE	FALSE	TRUE	FALSE	TRUE	FALSE	TRUE	TRUE	FALSE	FALSE
Ift122	-0.103108840588162	0.317602863342479	0.317602863342479	18	0	FALSE	0	0	0.170167762779411	-0.352527183011222	-0.0918763667059888	0.732265739115367	0.0144456260048142	0.0144456260048142	18	2	TRUE	2	0	0.744497491392469	-0.480616288740327	0.0112883987362295	TRUE	TRUE	TRUE	FALSE	TRUE	FALSE	FALSE	FALSE	TRUE	TRUE	FALSE	FALSE
Ift43	-0.0828197450280973	0.0769888792794132	0.0769888792794132	19	0	FALSE	0	0	0.449021117562235	-0.579859292000753	-0.0687164708047361	1.05511148389513	1.94538154425093e-05	1.94538154425093e-05	21	2	TRUE	2	0	1.37765144817264	-0.501366594981277	0.0813518757333166	TRUE	TRUE	TRUE	FALSE	TRUE	FALSE	FALSE	FALSE	TRUE	TRUE	FALSE	FALSE
Igfn1	-0.0104424182630314	0.120463512401211	0.120463512401211	19	0	FALSE	0	0	0.413358239709866	-0.531667369822915	-0.0333874656669509	0.83504504382975	4.71240596993168e-07	4.71240596993168e-07	19	2	TRUE	1	1	2.45600574374362	-0.78591565608412	0.0143599731389238	TRUE	TRUE	TRUE	FALSE	TRUE	FALSE	TRUE	FALSE	TRUE	TRUE	FALSE	FALSE
Igsf10	-0.137448540460003	0.0877498326469649	0.0877498326469649	25	0	FALSE	0	0	0.166205247236517	-0.698719572354363	-0.16665342686719	0.799164146973299	4.95523239775312e-09	4.95523239775312e-09	29	2	TRUE	1	1	2.40143484472633	-0.803106550779731	-0.126670293390294	TRUE	TRUE	TRUE	FALSE	TRUE	FALSE	TRUE	FALSE	TRUE	TRUE	FALSE	FALSE
Il10	-0.0699279960111734	0.429083112257865	0.429083112257865	15	0	FALSE	0	0	0.0684800179444514	-0.283845247564461	-0.103828294594545	0.873998777211733	0.00862400958545256	0.00862400958545256	17	1	TRUE	1	0	0.873998777211733	-0.747086843499848	-0.195370659174048	TRUE	TRUE	TRUE	FALSE	TRUE	FALSE	FALSE	FALSE	TRUE	TRUE	FALSE	FALSE
Il10ra	0.0915928596654966	0.251537482205381	0.251537482205381	7	0	FALSE	0	0	0.391477296519357	-0.220881259923358	0.0601999853132529	1.17536893579604	0.00132327111364311	0.00132327111364311	5	1	TRUE	1	0	1.17536893579604	-0.432807861412715	0.41881464157568	TRUE	TRUE	TRUE	FALSE	TRUE	FALSE	FALSE	FALSE	TRUE	TRUE	FALSE	FALSE
Il15	-0.154065367232921	0.113853372536641	0.113853372536641	49	0	FALSE	0	0	0.179298566071833	-0.583277004118177	-0.15952223802276	-0.894973485450286	0.000366906312188831	0.000366906312188831	43	3	TRUE	1	2	1.362565590396	-0.905787250926905	-0.237181501059481	TRUE	TRUE	TRUE	FALSE	TRUE	FALSE	TRUE	FALSE	TRUE	TRUE	FALSE	FALSE
Il16	-0.141980017359169	0.160913090938291	0.160913090938291	28	0	FALSE	0	0	0.442050938814438	-0.558553770651802	-0.137420115443586	2.0821464465376	6.99781912159434e-12	6.99781912159434e-12	39	9	TRUE	9	0	2.64039527038074	-0.610704434329432	0.385316922970492	TRUE	TRUE	TRUE	FALSE	TRUE	FALSE	FALSE	FALSE	TRUE	TRUE	FALSE	FALSE
Il20ra	-0.064983190448332	0.0688213696498404	0.0688213696498404	16	0	FALSE	0	0	0.069116449905755	-0.635545222259581	-0.136593208106028	1.04020707640251	0.0131617329867702	0.0131617329867702	19	1	TRUE	1	0	1.04020707640251	-0.64114406696803	-0.0604307327628274	TRUE	TRUE	TRUE	FALSE	TRUE	FALSE	FALSE	FALSE	TRUE	TRUE	FALSE	FALSE
Il20rb	-0.0993146148170923	0.0846025712286252	0.0846025712286252	58	0	FALSE	0	0	0.360830207659235	-0.693596571563458	-0.121026208359013	-0.027176914649519	0.0091910881278193	0.0091910881278193	55	2	TRUE	1	1	0.928764856633529	-0.983118685932567	-0.175026278630131	TRUE	TRUE	TRUE	FALSE	TRUE	FALSE	TRUE	FALSE	TRUE	TRUE	FALSE	FALSE
Il7	-0.017331934997486	0.0569060148252373	0.0569060148252373	19	0	FALSE	0	0	0.255911709730202	-0.745063156361587	-0.0758993640631261	0.0674987751830274	3.05717099132737e-05	3.05717099132737e-05	17	4	TRUE	2	2	3.07000178408087	-1.25457400793091	-0.0580944127101822	TRUE	TRUE	TRUE	FALSE	TRUE	FALSE	TRUE	FALSE	TRUE	TRUE	FALSE	FALSE
Immp1l	-0.121686460174456	0.511627205793348	0.511627205793348	6	0	FALSE	0	0	0.0874285094573504	-0.237364444305507	-0.0988144160033867	1.58823696092314	0.010628469535254	0.010628469535254	4	1	TRUE	1	0	1.58823696092314	-0.591555088139128	0.196282053469745	TRUE	TRUE	TRUE	FALSE	TRUE	FALSE	FALSE	FALSE	TRUE	TRUE	FALSE	FALSE
Immp2l	-0.0464670339325641	0.0959971367236031	0.0959971367236031	49	0	FALSE	0	0	0.673243569852681	-0.401760321430353	-0.0482374323153102	1.2607926281828	2.68436038852056e-12	2.68436038852056e-12	47	10	TRUE	8	2	3.00040543674957	-1.23743802877669	0.119371736533103	TRUE	TRUE	TRUE	FALSE	TRUE	FALSE	TRUE	FALSE	TRUE	TRUE	FALSE	FALSE
Inpp4a	-0.042163521547686	0.217195247035358	0.217195247035358	41	0	FALSE	0	0	0.425228137835455	-0.3582670376813	-0.0352560826217604	0.800889461725277	0.0253205226065603	0.0253205226065603	41	2	TRUE	2	0	0.800909696542816	-0.650858332068836	-0.120595522730825	TRUE	TRUE	TRUE	FALSE	TRUE	FALSE	FALSE	FALSE	TRUE	TRUE	FALSE	FALSE
Inpp5f	-0.198382401060316	0.0674255742855606	0.0674255742855606	19	0	FALSE	0	0	0.293832293851116	-0.731071210533556	-0.197143725036681	1.01476592765292	1.23957040940595e-07	1.23957040940595e-07	23	4	TRUE	4	0	2.13163799604526	-0.589483227482095	0.0735923681678317	TRUE	TRUE	TRUE	FALSE	TRUE	FALSE	FALSE	FALSE	TRUE	TRUE	FALSE	FALSE
Insig1	-0.122432147551623	0.155842588548509	0.155842588548509	42	0	FALSE	0	0	0.410511128322943	-0.503890967448893	-0.0956429986154325	0.988528926970609	0.000553374926791935	0.000553374926791935	40	3	TRUE	2	1	1.3464601846208	-1.06954254568653	-0.130036302698172	TRUE	TRUE	TRUE	FALSE	TRUE	FALSE	TRUE	FALSE	TRUE	TRUE	FALSE	FALSE
Insyn2b	-0.111804091429921	0.0909109789840331	0.0909109789840331	58	0	FALSE	0	0	0.566866990856028	-0.650032425592843	-0.0901160808103466	-0.825865907387892	0.00250175944433567	0.00250175944433567	65	3	TRUE	1	2	1.16590434250401	-0.974960921952471	-0.229867282813582	TRUE	TRUE	TRUE	FALSE	TRUE	FALSE	TRUE	FALSE	TRUE	TRUE	FALSE	FALSE
Iqch	-0.146264053834884	0.117353619727396	0.117353619727396	25	0	FALSE	0	0	0.331563465669274	-0.586318671469116	-0.157792911373956	1.09734504862029	0.000503205189868409	0.000503205189868409	18	2	TRUE	2	0	1.23203389863396	-0.704424604378656	-0.161509589796656	TRUE	TRUE	TRUE	FALSE	TRUE	FALSE	FALSE	FALSE	TRUE	TRUE	FALSE	FALSE
Iqsec1	-0.0925721976462398	0.129673531603936	0.129673531603936	106	0	FALSE	0	0	0.535309980419714	-0.469870796865292	-0.0833846430596689	-0.0151540080618615	0.00983202784738142	0.00983202784738142	102	2	TRUE	1	1	0.895189327158659	-0.925497343282382	-0.19397973383718	TRUE	TRUE	TRUE	FALSE	TRUE	FALSE	TRUE	FALSE	TRUE	TRUE	FALSE	FALSE
Iqsec3	-0.114230470676827	0.238120906623652	0.238120906623652	38	0	FALSE	0	0	0.299186584235951	-0.428388619470901	-0.0924523893590467	-0.799646748348191	0.000592935610022761	0.000592935610022761	30	4	TRUE	1	3	0.978285299040526	-0.970610180666494	-0.130260868430421	TRUE	TRUE	TRUE	FALSE	TRUE	FALSE	TRUE	FALSE	TRUE	TRUE	FALSE	FALSE
Iqub	-0.112789407838834	0.281452133381491	0.281452133381491	18	0	FALSE	0	0	0.355919350991897	-0.376279604898319	-0.118153154672478	1.5416786960889	3.90496106296327e-07	3.90496106296327e-07	19	2	TRUE	2	0	2.09433490130769	-0.626469945609081	0.00551922012847601	TRUE	TRUE	TRUE	FALSE	TRUE	FALSE	FALSE	FALSE	TRUE	TRUE	FALSE	FALSE
Irx4	-0.0779868242697156	0.0864566840463801	0.0864566840463801	67	0	FALSE	0	0	0.392876325581239	-0.568159588407762	-0.0856717513172795	-0.135950860218717	0.00549842749432447	0.00549842749432447	73	2	TRUE	1	1	0.798984904857866	-1.0708866252953	-0.164265463506403	TRUE	TRUE	TRUE	FALSE	TRUE	FALSE	TRUE	FALSE	TRUE	TRUE	FALSE	FALSE
Irx6	-0.11112450167627	0.0769245487513358	0.0769245487513358	59	0	FALSE	0	0	0.623284681502911	-0.470052023698084	-0.0882242375485387	2.69959321107342	4.16582198947562e-09	4.16582198947562e-09	60	1	TRUE	1	0	2.69959321107342	-0.605977780675254	-0.152169083600824	TRUE	TRUE	TRUE	FALSE	TRUE	FALSE	FALSE	FALSE	TRUE	TRUE	FALSE	FALSE
Isx	-0.0857815383087545	0.11001077214995	0.11001077214995	83	0	FALSE	0	0	0.219714486195784	-0.624460886173645	-0.124820707554976	-0.910754417281575	6.13618914000433e-13	6.13618914000433e-13	81	5	TRUE	2	3	2.7791609282001	-0.950742488106366	-0.148395042419142	TRUE	TRUE	TRUE	FALSE	TRUE	FALSE	TRUE	FALSE	TRUE	TRUE	FALSE	FALSE
Itga7	-0.111028648610976	0.44350321899052	0.44350321899052	10	0	FALSE	0	0	0.0759121353944514	-0.276596781780222	-0.114590418867411	0.810596031120433	0.00768815656993213	0.00768815656993213	11	1	TRUE	1	0	0.810596031120433	-0.480738061976317	-0.0141815850307759	TRUE	TRUE	TRUE	FALSE	TRUE	FALSE	FALSE	FALSE	TRUE	TRUE	FALSE	FALSE
Itgav	-0.126093698211246	0.391700908029465	0.391700908029465	18	0	FALSE	0	0	0.0803175959374576	-0.30543555419058	-0.111139247381995	0.069839239874776	0.00238129776976622	0.00238129776976622	19	2	TRUE	1	1	1.0236906772518	-0.884012197502248	-0.265493658846514	TRUE	TRUE	TRUE	FALSE	TRUE	FALSE	TRUE	FALSE	TRUE	TRUE	FALSE	FALSE
Itgb1bp1	-0.136425828306475	0.21445026573008	0.21445026573008	33	0	FALSE	0	0	0.306566555095424	-0.434073278083115	-0.103909888631657	-0.00851370591808054	0.0203595891019169	0.0203595891019169	29	2	TRUE	1	1	0.771174324343111	-0.788201736179272	-0.274395867193703	TRUE	TRUE	TRUE	FALSE	TRUE	FALSE	TRUE	FALSE	TRUE	TRUE	FALSE	FALSE
Itgb2	-0.0144164547006029	0.2744572178527	0.2744572178527	11	0	FALSE	0	0	0.138223112232519	-0.374152908716602	-0.0450831819121837	0.214795477037139	0.000617628946864163	0.000617628946864163	9	2	TRUE	1	1	1.17271282403241	-0.743121869958132	-0.211289652263707	TRUE	TRUE	TRUE	FALSE	TRUE	FALSE	TRUE	FALSE	TRUE	TRUE	FALSE	FALSE
Itm2b	-0.0762587683519564	0.0895571859160124	0.0895571859160124	24	0	FALSE	0	0	0.148298723203935	-0.577468619127207	-0.113830865025532	2.17436871160497	1.22053518138567e-11	1.22053518138567e-11	25	6	TRUE	6	0	2.55616732767452	-0.527138246869217	0.389410774299405	TRUE	TRUE	TRUE	FALSE	TRUE	FALSE	FALSE	FALSE	TRUE	TRUE	FALSE	FALSE
Itprid2	-0.0817939010168102	0.185557328087873	0.185557328087873	27	0	FALSE	0	0	0.457902241055231	-0.467775544299939	-0.0537575022346373	0.877232299622466	3.57809813671856e-11	3.57809813671856e-11	26	8	TRUE	6	2	2.62504395513196	-0.928427171750017	0.123319726607292	TRUE	TRUE	TRUE	FALSE	TRUE	FALSE	TRUE	FALSE	TRUE	TRUE	FALSE	FALSE
Iyd	-0.133449498133168	0.153551351198434	0.153551351198434	34	0	FALSE	0	0	0.484506216268664	-0.430140764458099	-0.067883986222728	1.15051148269506	0.000862137017504327	0.000862137017504327	30	1	TRUE	1	0	1.15051148269506	-0.56841396873896	-0.109861037026315	TRUE	TRUE	TRUE	FALSE	TRUE	FALSE	FALSE	FALSE	TRUE	TRUE	FALSE	FALSE
Jade1	-0.0598323241037336	0.086431385448861	0.086431385448861	22	0	FALSE	0	0	0.59078039934845	-0.332273249842103	-0.0289781380020641	0.14895606005926	0.00213076105837151	0.00213076105837151	23	2	TRUE	1	1	1.04885381529641	-0.75094169517789	-0.0463205810798327	TRUE	TRUE	TRUE	FALSE	TRUE	FALSE	TRUE	FALSE	TRUE	TRUE	FALSE	FALSE
Jcad	-0.110185393333076	0.185929763406094	0.185929763406094	47	0	FALSE	0	0	0.282697894464635	-0.487743537477262	-0.0804782081842715	0.783096266870433	0.0261834157027907	0.0261834157027907	53	1	TRUE	1	0	0.783096266870433	-0.837845578876833	-0.193240558283887	TRUE	TRUE	TRUE	FALSE	TRUE	FALSE	FALSE	FALSE	TRUE	TRUE	FALSE	FALSE
Jph1	-0.0875702957807482	0.0914646869970394	0.0914646869970394	28	0	FALSE	0	0	0.235958980391132	-0.509539184133071	-0.0899378905147763	1.29812612672721	1.68208209938328e-07	1.68208209938328e-07	28	5	TRUE	4	1	2.53385513159124	-0.917163333063452	0.0904761806091695	TRUE	TRUE	TRUE	FALSE	TRUE	FALSE	TRUE	FALSE	TRUE	TRUE	FALSE	FALSE
Jph4	-0.130918119331161	0.063509138975401	0.063509138975401	12	0	FALSE	0	0	0.133151472073908	-0.555135158864573	-0.144474907336764	1.57936949086494	2.49437020732103e-05	2.49437020732103e-05	14	1	TRUE	1	0	1.57936949086494	-0.531345408922369	0.0441925019895943	TRUE	TRUE	TRUE	FALSE	TRUE	FALSE	FALSE	FALSE	TRUE	TRUE	FALSE	FALSE
Kank4	-0.00513047241335178	0.171517390358723	0.171517390358723	12	0	FALSE	0	0	0.463783782922481	-0.167073435292745	0.0129162288840125	2.45282333538032	6.07530197906196e-13	6.07530197906196e-13	15	1	TRUE	1	0	2.45282333538032	-0.684091567096489	0.208293623165513	TRUE	TRUE	TRUE	FALSE	TRUE	FALSE	FALSE	FALSE	TRUE	TRUE	FALSE	FALSE
Kbtbd11	-0.144451738627089	0.269081379419473	0.269081379419473	8	0	FALSE	0	0	0.032481274118378	-0.381597707628177	-0.176511743612052	0.105222496953613	0.0182288400563074	0.0182288400563074	7	2	TRUE	1	1	0.913066813356634	-0.702621819449408	0.0856137907712884	TRUE	TRUE	TRUE	FALSE	TRUE	FALSE	TRUE	FALSE	TRUE	TRUE	FALSE	FALSE
Kbtbd12	-0.129417968734859	0.0918477013142308	0.0918477013142308	16	0	FALSE	0	0	0.212534321894988	-0.506175366193846	-0.119071810857813	2.09089112324074	9.90719109407268e-11	9.90719109407268e-11	18	5	TRUE	5	0	3.32283192591602	-0.540717252547861	0.531473116890711	TRUE	TRUE	TRUE	FALSE	TRUE	FALSE	FALSE	FALSE	TRUE	TRUE	FALSE	FALSE
Kcnab1	-0.0398485177780222	0.106113746885384	0.106113746885384	71	0	FALSE	0	0	0.522652927322436	-0.505627453375483	-0.0404240915509707	1.14426864790629	4.68637615083625e-33	4.68637615083625e-33	76	10	TRUE	10	0	3.39797748682205	-0.734973039221216	0.0154836067443806	TRUE	TRUE	TRUE	FALSE	TRUE	FALSE	FALSE	FALSE	TRUE	TRUE	FALSE	FALSE
Kcnb1	0.0516134825697699	0.461784823151289	0.461784823151289	24	0	FALSE	0	0	0.263827287310054	-0.2466173247496	0.0296979166578632	1.25187473507875	0.00898027583792326	0.00898027583792326	23	1	TRUE	1	0	1.25187473507875	-0.536884770451206	-0.057001783830108	TRUE	TRUE	TRUE	FALSE	TRUE	FALSE	FALSE	FALSE	TRUE	TRUE	FALSE	FALSE
Kcnc1	-0.0920105642743607	0.055270730814742	0.055270730814742	47	0	FALSE	0	0	0.429168282475282	-0.643744772829707	-0.0915696569032259	0.764051053959727	0.0433999428781045	0.0433999428781045	44	1	TRUE	1	0	0.764051053959727	-0.602802319983098	-0.147463879202455	TRUE	TRUE	TRUE	FALSE	TRUE	FALSE	FALSE	FALSE	TRUE	TRUE	FALSE	FALSE
Kcnd3os	-0.0699848804976838	0.135940186326727	0.135940186326727	44	0	FALSE	0	0	0.469745506399562	-0.468775929518513	-0.0458780091644075	-0.0423538404688545	4.2735621886051e-05	4.2735621886051e-05	51	4	TRUE	2	2	1.89254020694923	-0.949127500324456	-0.200526966230436	TRUE	TRUE	TRUE	FALSE	TRUE	FALSE	TRUE	FALSE	TRUE	TRUE	FALSE	FALSE
Kcne5	-0.103985542843336	0.54722591042184	0.54722591042184	3	0	FALSE	0	0	0.222216382632842	-0.17000180068698	-0.0172569869658247	1.04383317176148	0.00563999981819376	0.00563999981819376	4	1	TRUE	1	0	1.04383317176148	-0.407494768606043	0.397113683790718	TRUE	TRUE	TRUE	FALSE	TRUE	FALSE	FALSE	FALSE	TRUE	TRUE	FALSE	FALSE
Kcnip3	-0.105021047151729	0.101375662997092	0.101375662997092	22	0	FALSE	0	0	0.275588445556487	-0.517111091151035	-0.10882112925125	1.58971407244329	7.84836373682896e-07	7.84836373682896e-07	21	1	TRUE	1	0	1.58971407244329	-0.649231884817216	-0.120086609227678	TRUE	TRUE	TRUE	FALSE	TRUE	FALSE	FALSE	FALSE	TRUE	TRUE	FALSE	FALSE
Kcnj10	-0.092903803122284	0.270796388218985	0.270796388218985	8	0	FALSE	0	0	0.115737588937708	-0.378259426489488	-0.088984956194888	0.872115848260532	0.0196096994346919	0.0196096994346919	7	1	TRUE	1	0	0.872115848260532	-0.308840468381038	0.115964370555673	TRUE	TRUE	TRUE	FALSE	TRUE	FALSE	FALSE	FALSE	TRUE	TRUE	FALSE	FALSE
Kcnj5	-0.0563180730612119	0.393563255769507	0.393563255769507	16	0	FALSE	0	0	0.200093085697238	-0.30385841991645	-0.0607083599817416	0.28452946242072	0.00130338850503719	0.00130338850503719	19	2	TRUE	1	1	1.40108712498415	-0.832028200142709	-0.018580299259912	TRUE	TRUE	TRUE	FALSE	TRUE	FALSE	TRUE	FALSE	TRUE	TRUE	FALSE	FALSE
Kcnk12	-0.0265077208392514	0.261747184764303	0.261747184764303	30	0	FALSE	0	0	0.339773812300785	-0.39255324304337	-0.0391894402067738	1.19424636847849	1.1148313261279e-08	1.1148313261279e-08	31	5	TRUE	4	1	1.95127451391271	-0.810760461668537	0.093118332619404	TRUE	TRUE	TRUE	FALSE	TRUE	FALSE	TRUE	FALSE	TRUE	TRUE	FALSE	FALSE
Kcnk3	-0.0397602341387458	0.256789228021915	0.256789228021915	16	0	FALSE	0	0	0.274312248762989	-0.379819764272943	-0.0807719320113334	0.723577851178109	0.0366294126645534	0.0366294126645534	15	2	TRUE	2	0	0.730519431664561	-0.648639448799746	-0.0480563233585251	TRUE	TRUE	TRUE	FALSE	TRUE	FALSE	FALSE	FALSE	TRUE	TRUE	FALSE	FALSE
Kcns2	-0.127439645757236	0.143333135308602	0.143333135308602	29	0	FALSE	0	0	0.416976631002888	-0.493078810033562	-0.114426853709911	0.994878998518858	0.00230371072592674	0.00230371072592674	35	1	TRUE	1	0	0.994878998518858	-0.758997606454156	-0.124825529182847	TRUE	TRUE	TRUE	FALSE	TRUE	FALSE	FALSE	FALSE	TRUE	TRUE	FALSE	FALSE
Kcnv1	-0.210552396300851	0.0527518739558524	0.0527518739558524	29	0	FALSE	0	0	0.783288812500406	-0.685498016240941	-0.0845583599232861	1.70598327240792	2.16045384401038e-11	2.16045384401038e-11	28	8	TRUE	8	0	3.1536781697088	-0.647531721687771	0.363232012430528	TRUE	TRUE	TRUE	FALSE	TRUE	FALSE	FALSE	FALSE	TRUE	TRUE	FALSE	FALSE
Kctd1	-0.0962851978129017	0.112370866540744	0.112370866540744	66	0	FALSE	0	0	0.509543133911279	-0.546678027074363	-0.0801986942436476	1.63063820095822	0.000117783452032695	0.000117783452032695	60	1	TRUE	1	0	1.63063820095822	-0.782425202938349	-0.14693214693112	TRUE	TRUE	TRUE	FALSE	TRUE	FALSE	FALSE	FALSE	TRUE	TRUE	FALSE	FALSE
Kctd8	-0.116739980340749	0.118446992096907	0.118446992096907	47	0	FALSE	0	0	0.243305893219193	-0.600259102243187	-0.100882301540316	1.50965188717569	3.67286872695779e-15	3.67286872695779e-15	62	7	TRUE	6	1	3.07269986428775	-0.951446455070439	0.0324842677213902	TRUE	TRUE	TRUE	FALSE	TRUE	FALSE	TRUE	FALSE	TRUE	TRUE	FALSE	FALSE
Kdm8	-0.0439403346878532	0.341829821412103	0.341829821412103	11	0	FALSE	0	0	0.322404826339773	-0.320801928676149	-0.0342156515087817	1.51501918099	1.08692068344975e-05	1.08692068344975e-05	10	1	TRUE	1	0	1.51501918099	-0.52626122724674	-0.163704393922258	TRUE	TRUE	TRUE	FALSE	TRUE	FALSE	FALSE	FALSE	TRUE	TRUE	FALSE	FALSE
Kera	-0.0857700418396214	0.0519067600258471	0.0519067600258471	5	0	FALSE	0	0	0.913484262110272	-0.44349917751897	0.0432685997491219	4.39644323899238	3.42096881066999e-29	3.42096881066999e-29	5	1	TRUE	1	0	4.39644323899238	-0.699354592011507	0.999836256526537	TRUE	TRUE	TRUE	FALSE	TRUE	FALSE	FALSE	FALSE	TRUE	TRUE	FALSE	FALSE
Kif14	-0.102350755177843	0.199108342231557	0.199108342231557	16	0	FALSE	0	0	0.375247570541732	-0.440784598390127	-0.119653838414675	1.07897570252516	0.0017303040449138	0.0017303040449138	21	1	TRUE	1	0	1.07897570252516	-0.688438308929082	-0.0997398003094052	TRUE	TRUE	TRUE	FALSE	TRUE	FALSE	FALSE	FALSE	TRUE	TRUE	FALSE	FALSE
Kif18a	-0.10213170428078	0.081480099451183	0.081480099451183	18	0	FALSE	0	0	0.289779441087089	-0.626483403005572	-0.134725168544331	1.49551353277432	2.74385037936701e-06	2.74385037936701e-06	14	2	TRUE	2	0	2.15908647705771	-0.603717072471914	-0.0247088615030566	TRUE	TRUE	TRUE	FALSE	TRUE	FALSE	FALSE	FALSE	TRUE	TRUE	FALSE	FALSE
Kif21b	-0.0675478976118612	0.274950773003311	0.274950773003311	19	0	FALSE	0	0	0.373137856355897	-0.366345134305417	-0.0400896366985608	0.89677485439736	0.000549248331013612	0.000549248331013612	17	2	TRUE	2	0	0.952928181421916	-0.666652400361879	-0.0469107725623056	TRUE	TRUE	TRUE	FALSE	TRUE	FALSE	FALSE	FALSE	TRUE	TRUE	FALSE	FALSE
Klf9	-0.132347842612356	0.210111115961195	0.210111115961195	34	0	FALSE	0	0	0.394809091290127	-0.437494828481128	-0.133303733143581	1.05771850896409	2.03912309944744e-10	2.03912309944744e-10	44	12	TRUE	12	0	2.64564305970547	-0.642096374910731	0.421994762201958	TRUE	TRUE	TRUE	FALSE	TRUE	FALSE	FALSE	FALSE	TRUE	TRUE	FALSE	FALSE
Klhdc8a	-0.0787262295606383	0.423316478022127	0.423316478022127	10	0	FALSE	0	0	0.0949254532622204	-0.286982878527521	-0.0972238118460602	0.982160836222715	2.77737512871297e-09	2.77737512871297e-09	14	2	TRUE	1	1	2.72393884895954	-0.75961717651411	-0.00651687150118571	TRUE	TRUE	TRUE	FALSE	TRUE	FALSE	TRUE	FALSE	TRUE	TRUE	FALSE	FALSE
Klhl14	-0.180123883958895	0.0622745060619823	0.0622745060619823	38	0	FALSE	0	0	0.204918654942973	-0.65073077382104	-0.188702809783806	0.824250166471244	0.0318784376219432	0.0318784376219432	39	1	TRUE	1	0	0.824250166471244	-0.82797363353599	-0.246277664663137	TRUE	TRUE	TRUE	FALSE	TRUE	FALSE	FALSE	FALSE	TRUE	TRUE	FALSE	FALSE
Klhl36	-0.17189129552154	0.192591911047241	0.192591911047241	12	0	FALSE	0	0	0.115861371438522	-0.44034779497868	-0.146672115961874	1.4257876456868	0.000205880031810703	0.000205880031810703	12	1	TRUE	1	0	1.4257876456868	-0.633271587697788	-0.0696612851318636	TRUE	TRUE	TRUE	FALSE	TRUE	FALSE	FALSE	FALSE	TRUE	TRUE	FALSE	FALSE
Kndc1	-0.0823629595230001	0.0990837601399967	0.0990837601399967	28	0	FALSE	0	0	0.547598568834274	-0.539498130226777	-0.094322112408303	1.02130465807472	0.00154865262475849	0.00154865262475849	23	1	TRUE	1	0	1.02130465807472	-0.600640976627227	-0.105289392766541	TRUE	TRUE	TRUE	FALSE	TRUE	FALSE	FALSE	FALSE	TRUE	TRUE	FALSE	FALSE
Krt2	-0.0378401675484962	0.311082173797265	0.311082173797265	10	0	FALSE	0	0	0.216597209274261	-0.351238514418352	-0.033287429031524	-0.067533332972921	0.00842179649709446	0.00842179649709446	7	2	TRUE	1	1	0.795867196232804	-0.930933862178646	-0.108123680031804	TRUE	TRUE	TRUE	FALSE	TRUE	FALSE	TRUE	FALSE	TRUE	TRUE	FALSE	FALSE
Krt24	-0.0261708693427287	0.667138839626929	0.667138839626929	4	0	FALSE	0	0	0.0520828316012669	-0.161511857702138	-0.0404426911965821	2.10236145272362	3.17827699953373e-15	3.17827699953373e-15	7	2	TRUE	2	0	2.85757854877388	-0.148348518005618	0.844753108508166	TRUE	TRUE	TRUE	FALSE	TRUE	FALSE	FALSE	FALSE	TRUE	TRUE	FALSE	FALSE
Krtap16-1	-0.096278738035387	0.398630647573618	0.398630647573618	8	0	FALSE	0	0	0.183616602231187	-0.298021270748996	-0.0657798535831045	1.15536077837124	0.000190675091300439	0.000190675091300439	5	1	TRUE	1	0	1.15536077837124	-0.0757114250561771	0.32725206344847	TRUE	TRUE	TRUE	FALSE	TRUE	FALSE	FALSE	FALSE	TRUE	TRUE	FALSE	FALSE
Kynu	-0.160440220645194	0.0687552301740101	0.0687552301740101	58	0	FALSE	0	0	0.297987450681141	-0.880950049241136	-0.181686503421825	-0.841408663202145	4.17524069769687e-05	4.17524069769687e-05	50	7	TRUE	3	4	1.65171470200742	-1.02947231603926	-0.295232462604084	TRUE	TRUE	TRUE	FALSE	TRUE	FALSE	TRUE	FALSE	TRUE	TRUE	FALSE	FALSE
Lama1	-0.0796400082653223	0.121938953577363	0.121938953577363	51	0	FALSE	0	0	0.495353244253236	-0.497405535121325	-0.0445528167520048	0.997983745760141	6.42037787120113e-07	6.42037787120113e-07	62	3	TRUE	2	1	1.90714153143004	-0.992357910544177	-0.114682087165304	TRUE	TRUE	TRUE	FALSE	TRUE	FALSE	TRUE	FALSE	TRUE	TRUE	FALSE	FALSE
Lama2	-0.150873438046545	0.135229016722859	0.135229016722859	77	0	FALSE	0	0	0.184298683344919	-0.640711162274958	-0.138622877578499	-0.875005884614654	0.00269754251852801	0.00269754251852801	80	5	TRUE	1	4	0.756618796612504	-1.47938635965169	-0.24822531668305	TRUE	TRUE	TRUE	FALSE	TRUE	FALSE	TRUE	FALSE	TRUE	TRUE	FALSE	FALSE
Lama3	-0.0830581530877924	0.100831820146991	0.100831820146991	55	0	FALSE	0	0	0.199895036177823	-0.535163120221753	-0.0980119923739019	1.38302345413649	2.58220813875856e-09	2.58220813875856e-09	60	4	TRUE	4	0	1.92381201978067	-0.744955294623901	-0.0504533439294441	TRUE	TRUE	TRUE	FALSE	TRUE	FALSE	FALSE	FALSE	TRUE	TRUE	FALSE	FALSE
Lao1	-0.0849452405848514	0.578703772638683	0.578703772638683	8	0	FALSE	0	0	0.10453833024027	-0.2081700731772	-0.0816778825823189	1.15270625227661	0.000616609795510699	0.000616609795510699	13	1	TRUE	1	0	1.15270625227661	-0.704279896774908	-0.145845066594771	TRUE	TRUE	TRUE	FALSE	TRUE	FALSE	FALSE	FALSE	TRUE	TRUE	FALSE	FALSE
Lcmt1	-0.206074605879351	0.102928089213252	0.102928089213252	24	0	FALSE	0	0	0.341901988414354	-0.560483604596063	-0.178528272800526	0.654361208565555	2.78840642094437e-12	2.78840642094437e-12	22	2	TRUE	1	1	2.22581333357137	-0.917090916440261	-0.0753848063403119	TRUE	TRUE	TRUE	FALSE	TRUE	FALSE	TRUE	FALSE	TRUE	TRUE	FALSE	FALSE
Lcn12	-0.183100109953179	0.193794254149548	0.193794254149548	3	0	FALSE	0	0	0.00165877300765251	-0.427243974705817	-0.202895103883781	1.76053926549063	2.42409255513198e-07	2.42409255513198e-07	4	1	TRUE	1	0	1.76053926549063	-0.203925382452036	0.412910822938407	TRUE	TRUE	TRUE	FALSE	TRUE	FALSE	FALSE	FALSE	TRUE	TRUE	FALSE	FALSE
Ldaf1	-0.119852462102599	0.304559367019181	0.304559367019181	6	0	FALSE	0	0	0.0348011448950421	-0.356827280634916	-0.138134122082835	1.30007821671843	2.28999195341073e-05	2.28999195341073e-05	4	1	TRUE	1	0	1.30007821671843	-0.409213168725516	0.0656693610223022	TRUE	TRUE	TRUE	FALSE	TRUE	FALSE	FALSE	FALSE	TRUE	TRUE	FALSE	FALSE
Ldlrap1	-0.0628879322598678	0.356960375161433	0.356960375161433	20	0	FALSE	0	0	0.323178401237842	-0.253844893938549	-0.0492014615874811	1.02240398734036	0.000308719982055951	0.000308719982055951	20	1	TRUE	1	0	1.02240398734036	-0.490332842811279	-0.115490172353458	TRUE	TRUE	TRUE	FALSE	TRUE	FALSE	FALSE	FALSE	TRUE	TRUE	FALSE	FALSE
Ldoc1	-0.233998650825129	0.15260398115496	0.15260398115496	15	0	FALSE	0	0	-0.0271517562307235	-0.527531011380933	-0.245921874612341	2.39296078644902	6.67947561741057e-11	6.67947561741057e-11	24	5	TRUE	5	0	2.68626806548933	-0.668825622421927	0.222422172257149	TRUE	TRUE	TRUE	FALSE	TRUE	FALSE	FALSE	FALSE	TRUE	TRUE	FALSE	FALSE
Lef1	-0.105553321043414	0.0736407372094526	0.0736407372094526	72	0	FALSE	0	0	0.350379358709149	-0.589565041041279	-0.0927831463965434	0.330371565360726	0.0015171549387866	0.0015171549387866	71	2	TRUE	1	1	1.36672893855798	-0.714352801645812	-0.118055642664905	TRUE	TRUE	TRUE	FALSE	TRUE	FALSE	TRUE	FALSE	TRUE	TRUE	FALSE	FALSE
Lemd2	-0.0182943949986754	0.36833193446505	0.36833193446505	15	0	FALSE	0	0	0.297994997183546	-0.312699383403407	-0.0266426607066202	2.50771434741197	9.78239956460432e-06	9.78239956460432e-06	18	1	TRUE	1	0	2.50771434741197	-0.670983361762039	-0.0340562593319226	TRUE	TRUE	TRUE	FALSE	TRUE	FALSE	FALSE	FALSE	TRUE	TRUE	FALSE	FALSE
Lgi1	-0.0966771430295882	0.138453685943628	0.138453685943628	26	0	FALSE	0	0	0.179967139257829	-0.510893747666107	-0.110328417586535	-0.258769031523902	0.00264848290388825	0.00264848290388825	24	2	TRUE	1	1	0.706077139693386	-1.22361520274119	-0.289200069660578	TRUE	TRUE	TRUE	FALSE	TRUE	FALSE	TRUE	FALSE	TRUE	TRUE	FALSE	FALSE
Lgr4	-0.0186142007012026	0.0534832848765589	0.0534832848765589	26	0	FALSE	0	0	0.608296163631874	-0.649910499057432	0.0271326101461492	2.09881716439247	9.8388650032947e-18	9.8388650032947e-18	26	6	TRUE	5	1	3.18893056160565	-0.856745310072724	0.316934045610933	TRUE	TRUE	TRUE	FALSE	TRUE	FALSE	TRUE	FALSE	TRUE	TRUE	FALSE	FALSE
Lhfpl6	-0.111844302718977	0.211495759313306	0.211495759313306	57	0	FALSE	0	0	0.184098681961204	-0.441735975404909	-0.13064756643586	0.732342106358175	4.82029149924916e-11	4.82029149924916e-11	60	2	TRUE	1	1	2.52462310890463	-1.05993889618828	-0.218672160116693	TRUE	TRUE	TRUE	FALSE	TRUE	FALSE	TRUE	FALSE	TRUE	TRUE	FALSE	FALSE
Lhpp	-0.0895040618773973	0.0544657931671602	0.0544657931671602	30	0	FALSE	0	0	0.174053956844391	-0.687471145305573	-0.131024672431508	1.3446010879619	7.86352291678396e-38	7.86352291678396e-38	32	5	TRUE	5	0	3.62760725458103	-0.680657849907324	0.256891909346787	TRUE	TRUE	TRUE	FALSE	TRUE	FALSE	FALSE	FALSE	TRUE	TRUE	FALSE	FALSE
Lhx4	-0.0611463540646521	0.444471207025039	0.444471207025039	27	0	FALSE	0	0	0.275620399465096	-0.271132452562501	-0.0630484473214318	1.69909257224631	0.00245498158057303	0.00245498158057303	28	1	TRUE	1	0	1.69909257224631	-0.558950173193674	-0.108823776936432	TRUE	TRUE	TRUE	FALSE	TRUE	FALSE	FALSE	FALSE	TRUE	TRUE	FALSE	FALSE
Lif	-0.0172250576643907	0.0515625221626431	0.0515625221626431	33	0	FALSE	0	0	0.45429824135126	-0.61743201060639	0.00676417622119241	1.47151051294573	2.48251728475242e-11	2.48251728475242e-11	36	2	TRUE	2	0	2.22321645437854	-0.61807931221678	0.0103718119903897	TRUE	TRUE	TRUE	FALSE	TRUE	FALSE	FALSE	FALSE	TRUE	TRUE	FALSE	FALSE
Lig4	-0.0742230411959512	0.0571728236787366	0.0571728236787366	25	0	FALSE	0	0	0.165561090083716	-0.901449696810722	-0.118117224163061	-0.770807891144417	5.35825546515055e-05	5.35825546515055e-05	29	3	TRUE	1	2	1.20413349031773	-0.839266225081445	-0.0950918929923933	TRUE	TRUE	TRUE	FALSE	TRUE	FALSE	TRUE	FALSE	TRUE	TRUE	FALSE	FALSE
Lipa	0.0330272093137573	0.219488651724714	0.219488651724714	10	0	FALSE	0	0	0.141675288994949	-0.443689842589814	-0.0738243023943917	-0.159734020716921	0.0375955980221993	0.0375955980221993	10	2	TRUE	1	1	0.683972269889298	-1.00344031132314	-0.210534536833625	TRUE	TRUE	TRUE	FALSE	TRUE	FALSE	TRUE	FALSE	TRUE	TRUE	FALSE	FALSE
Lipc	-0.0739140005848894	0.154787329099022	0.154787329099022	36	0	FALSE	0	0	0.265421172836779	-0.459773480417954	-0.108457094249665	1.55455456664323	9.09039097279714e-09	9.09039097279714e-09	46	7	TRUE	7	0	2.10655899544995	-0.556720247029902	0.222368483602681	TRUE	TRUE	TRUE	FALSE	TRUE	FALSE	FALSE	FALSE	TRUE	TRUE	FALSE	FALSE
Lmbrd1	-0.156465375483375	0.104366563624986	0.104366563624986	40	0	FALSE	0	0	0.549672768156361	-0.669561871420543	-0.161384313225831	1.195736507014	5.62369561252103e-07	5.62369561252103e-07	40	9	TRUE	6	3	2.26630993407656	-1.67349580181388	-0.01928865057368	TRUE	TRUE	TRUE	FALSE	TRUE	FALSE	TRUE	FALSE	TRUE	TRUE	FALSE	FALSE
Lmo2	-0.0724839476284353	0.124789778872281	0.124789778872281	26	0	FALSE	0	0	0.55603168848604	-0.41394913425186	-0.0590166258809544	-0.775198788154148	0.000815096033315909	0.000815096033315909	28	3	TRUE	1	2	1.48288404415532	-0.811484945740801	-0.211279527177746	TRUE	TRUE	TRUE	FALSE	TRUE	FALSE	TRUE	FALSE	TRUE	TRUE	FALSE	FALSE
Lmx1a	-0.0611172160822843	0.136844661153309	0.136844661153309	72	0	FALSE	0	0	0.49130710472442	-0.423097788682012	-0.0920418816979167	-0.093258905125492	0.0183375739610875	0.0183375739610875	75	2	TRUE	1	1	0.796928036347589	-0.983445846598573	-0.236073626878484	TRUE	TRUE	TRUE	FALSE	TRUE	FALSE	TRUE	FALSE	TRUE	TRUE	FALSE	FALSE
Lmx1b	0.0502118754289622	0.119152089278018	0.119152089278018	33	0	FALSE	0	0	0.494602163355117	-0.506041302452026	0.0279500227077077	0.836422544853545	0.0334701027360714	0.0334701027360714	24	1	TRUE	1	0	0.836422544853545	-0.374023468444745	0.00894839294924825	TRUE	TRUE	TRUE	FALSE	TRUE	FALSE	FALSE	FALSE	TRUE	TRUE	FALSE	FALSE
Lpgat1	-0.0313427071222967	0.184484055221362	0.184484055221362	17	0	FALSE	0	0	0.14525819781545	-0.486239218616167	-0.0736160616497755	-0.150770517710981	0.00545295738102914	0.00545295738102914	20	2	TRUE	1	1	0.918600580531117	-1.22014161595308	-0.220899955662683	TRUE	TRUE	TRUE	FALSE	TRUE	FALSE	TRUE	FALSE	TRUE	TRUE	FALSE	FALSE
Lrig1	-0.0463478717003868	0.0913364170279852	0.0913364170279852	49	0	FALSE	0	0	0.327584444896954	-0.561577245175309	-0.0366743152090842	2.21474532394972	2.77219182220591e-09	2.77219182220591e-09	43	1	TRUE	1	0	2.21474532394972	-0.701479887014847	-0.0614484270382073	TRUE	TRUE	TRUE	FALSE	TRUE	FALSE	FALSE	FALSE	TRUE	TRUE	FALSE	FALSE
Lrp4	-0.121968743290703	0.272190762030298	0.272190762030298	17	0	FALSE	0	0	0.194991648907092	-0.377739281331384	-0.0964238079125707	1.59935636990311	3.95179674547275e-07	3.95179674547275e-07	17	3	TRUE	3	0	1.66486334390314	-0.556961250777906	0.10521714282239	TRUE	TRUE	TRUE	FALSE	TRUE	FALSE	FALSE	FALSE	TRUE	TRUE	FALSE	FALSE
Lrrc18	-0.0176791632149585	0.233660740437582	0.233660740437582	25	0	FALSE	0	0	0.399963825593215	-0.305895313994089	-0.0042999079731972	1.02236879035478	0.00770355268503961	0.00770355268503961	29	1	TRUE	1	0	1.02236879035478	-0.656072513428067	-0.00962403986530762	TRUE	TRUE	TRUE	FALSE	TRUE	FALSE	FALSE	FALSE	TRUE	TRUE	FALSE	FALSE
Lrrc4	-0.203120357827367	0.134773510221728	0.134773510221728	10	0	FALSE	0	0	0.00953516962541721	-0.508182811867616	-0.18792368891237	2.11360109233404	1.36904137781459e-06	1.36904137781459e-06	13	1	TRUE	1	0	2.11360109233404	-0.73865630549579	-0.00286739496592933	TRUE	TRUE	TRUE	FALSE	TRUE	FALSE	FALSE	FALSE	TRUE	TRUE	FALSE	FALSE
Lrrc49	-0.198813729321076	0.060528183433432	0.060528183433432	22	0	FALSE	0	0	0.0944308961606619	-0.727438427425781	-0.201476168359158	1.20838179107151	8.03171480190053e-13	8.03171480190053e-13	32	9	TRUE	9	0	3.29192697767326	-0.638262033535124	0.436190209922006	TRUE	TRUE	TRUE	FALSE	TRUE	FALSE	FALSE	FALSE	TRUE	TRUE	FALSE	FALSE
Lrrc52	-0.151833165510509	0.213279650781667	0.213279650781667	20	0	FALSE	0	0	0.443748507865082	-0.42925136254666	-0.10550776109344	0.386734651551502	0.000228609327020816	0.000228609327020816	18	2	TRUE	1	1	1.63268317524156	-0.859213872138556	-0.187647315159924	TRUE	TRUE	TRUE	FALSE	TRUE	FALSE	TRUE	FALSE	TRUE	TRUE	FALSE	FALSE
Lrrc55	-0.0610165247060215	0.138605931941029	0.138605931941029	25	0	FALSE	0	0	0.512107486510686	-0.379090662997979	-0.0174715558166872	-0.0447666287255005	0.0175734819136238	0.0175734819136238	21	2	TRUE	1	1	0.993911477520229	-1.08344473497123	-0.125219190672614	TRUE	TRUE	TRUE	FALSE	TRUE	FALSE	TRUE	FALSE	TRUE	TRUE	FALSE	FALSE
Lrrc7	-0.13751300563122	0.0517002170619799	0.0517002170619799	54	0	FALSE	0	0	0.273670856887577	-0.684240340589151	-0.153865450192144	1.08315713048262	3.14527469089799e-13	3.14527469089799e-13	68	3	TRUE	2	1	3.61589621740861	-1.10619887873344	-0.150577044359713	TRUE	TRUE	TRUE	FALSE	TRUE	FALSE	TRUE	FALSE	TRUE	TRUE	FALSE	FALSE
Lrrc74a	-0.0829700285564091	0.252788258957019	0.252788258957019	23	0	FALSE	0	0	0.218122160341771	-0.386439624827037	-0.118178092939118	1.22682426951073	1.9157156291951e-18	1.9157156291951e-18	23	3	TRUE	3	0	2.90976179315425	-0.750362025303326	0.146988777280764	TRUE	TRUE	TRUE	FALSE	TRUE	FALSE	FALSE	FALSE	TRUE	TRUE	FALSE	FALSE
Lrtm1	-0.0696300055468967	0.233350256686385	0.233350256686385	18	0	FALSE	0	0	0.411066893608023	-0.268121615282565	-0.0236930854563152	1.05078927061465	0.000854850803546083	0.000854850803546083	21	4	TRUE	4	0	1.42269786012111	-0.520195022989824	0.122330843415973	TRUE	TRUE	TRUE	FALSE	TRUE	FALSE	FALSE	FALSE	TRUE	TRUE	FALSE	FALSE
Lum	-0.0692559967242393	0.243787345497302	0.243787345497302	6	0	FALSE	0	0	0.417255772717133	-0.234108991158981	0.0367576772673954	2.55894503332368	1.05183517817002e-10	1.05183517817002e-10	7	2	TRUE	2	0	3.11453953993339	-0.483914919898651	0.650884609736059	TRUE	TRUE	TRUE	FALSE	TRUE	FALSE	FALSE	FALSE	TRUE	TRUE	FALSE	FALSE
Ly6d	-0.0108870395096616	0.162930459148115	0.162930459148115	5	0	FALSE	0	0	0.458518770635286	-0.263953098384119	0.009591573385712	0.0970557482907485	0.0033571082968662	0.0033571082968662	5	2	TRUE	1	1	0.976701731185098	-0.782590234603601	0.00491821900666459	TRUE	TRUE	TRUE	FALSE	TRUE	FALSE	TRUE	FALSE	TRUE	TRUE	FALSE	FALSE
Ly6m	-0.0115038857763407	0.213766551518524	0.213766551518524	16	0	FALSE	0	0	0.326235662347176	-0.404635369077537	-0.0308790319559986	1.54956605560986	2.61839586502647e-08	2.61839586502647e-08	14	2	TRUE	2	0	2.2747381480344	-0.746243139107623	0.0879290813515332	TRUE	TRUE	TRUE	FALSE	TRUE	FALSE	FALSE	FALSE	TRUE	TRUE	FALSE	FALSE
Lyn	-0.123713800693715	0.107267499759966	0.107267499759966	29	0	FALSE	0	0	0.175042580657669	-0.551746388520105	-0.14563907573536	0.982657720660363	0.00411493737451209	0.00411493737451209	32	1	TRUE	1	0	0.982657720660363	-1.06592636075828	-0.163189469865613	TRUE	TRUE	TRUE	FALSE	TRUE	FALSE	FALSE	FALSE	TRUE	TRUE	FALSE	FALSE
Lyrm9	-0.0936327995165327	0.241846785914274	0.241846785914274	24	0	FALSE	0	0	0.244550760341511	-0.409321669293228	-0.0882491210933425	0.860185367683285	7.83748404873938e-07	7.83748404873938e-07	22	4	TRUE	3	1	2.29635086408665	-0.853013161937485	-0.006239523260829	TRUE	TRUE	TRUE	FALSE	TRUE	FALSE	TRUE	FALSE	TRUE	TRUE	FALSE	FALSE
Lyst	-0.0985380262848246	0.307405255355164	0.307405255355164	24	0	FALSE	0	0	0.0814689716559321	-0.358801163919705	-0.1187770089933	0.922054933217915	0.0139328035520693	0.0139328035520693	29	1	TRUE	1	0	0.922054933217915	-0.751512661667938	-0.222185654431814	TRUE	TRUE	TRUE	FALSE	TRUE	FALSE	FALSE	FALSE	TRUE	TRUE	FALSE	FALSE
Mab21l2	-0.00880150996022695	0.0811726018303801	0.0811726018303801	16	0	FALSE	0	0	0.548053472826905	-0.472828251954135	-0.00952099793941296	0.706057711695905	0.0371728366797442	0.0371728366797442	13	1	TRUE	1	0	0.706057711695905	-0.585161890711953	-0.308721888280341	TRUE	TRUE	TRUE	FALSE	TRUE	FALSE	FALSE	FALSE	TRUE	TRUE	FALSE	FALSE
Man1c1	-0.0630973748600082	0.178625333391403	0.178625333391403	26	0	FALSE	0	0	0.452982684077988	-0.340679424931445	-0.0581406168441549	1.77987100848445	0.00016273691194761	0.00016273691194761	28	1	TRUE	1	0	1.77987100848445	-0.548569317706398	-0.00325788074973713	TRUE	TRUE	TRUE	FALSE	TRUE	FALSE	FALSE	FALSE	TRUE	TRUE	FALSE	FALSE
Man2a1	-0.110963386866175	0.0725314375075634	0.0725314375075634	48	0	FALSE	0	0	0.27743199098028	-0.628397505143059	-0.131033426210018	1.26248703757385	0.00093404375228933	0.00093404375228933	47	3	TRUE	3	0	1.43088649855632	-0.747559765077956	-0.0893873293456605	TRUE	TRUE	TRUE	FALSE	TRUE	FALSE	FALSE	FALSE	TRUE	TRUE	FALSE	FALSE
Manba	-0.0773198915168436	0.344214915609546	0.344214915609546	20	0	FALSE	0	0	0.212087149425435	-0.33440694186555	-0.0623485230001951	-0.019088568851175	0.00423788403298206	0.00423788403298206	14	2	TRUE	1	1	1.17782576902371	-1.21600290672606	-0.114875299315244	TRUE	TRUE	TRUE	FALSE	TRUE	FALSE	TRUE	FALSE	TRUE	TRUE	FALSE	FALSE
Manea	-0.124547943611425	0.227819674286553	0.227819674286553	24	0	FALSE	0	0	0.162277115576686	-0.408395126809281	-0.143424979335548	2.25390913983171	6.49497799729387e-14	6.49497799729387e-14	15	4	TRUE	4	0	3.14066645133211	-0.814788768999882	0.340785560472787	TRUE	TRUE	TRUE	FALSE	TRUE	FALSE	FALSE	FALSE	TRUE	TRUE	FALSE	FALSE
Map2	-0.116641223566476	0.0820317157574244	0.0820317157574244	68	0	FALSE	0	0	0.380211085556518	-0.54822079110483	-0.12923049095378	-1.08649935944655	0.00114587192455492	0.00114587192455492	61	7	TRUE	2	5	1.18870495930688	-1.44207571378897	-0.298980841402111	TRUE	TRUE	TRUE	FALSE	TRUE	FALSE	TRUE	FALSE	TRUE	TRUE	FALSE	FALSE
Map3k1	-0.0234705530450896	0.0761383296862446	0.0761383296862446	27	0	FALSE	0	0	0.567077023298625	-0.562999590630996	-0.0286895414431367	1.13444644623355	1.29981552934223e-07	1.29981552934223e-07	31	5	TRUE	5	0	1.75439683331054	-0.674901585367104	0.145190611752465	TRUE	TRUE	TRUE	FALSE	TRUE	FALSE	FALSE	FALSE	TRUE	TRUE	FALSE	FALSE
Map3k14	-0.0619557849795619	0.169867621598015	0.169867621598015	25	0	FALSE	0	0	0.200596791368876	-0.466607534186013	-0.0792820154752431	1.4814808262495	5.4601680157754e-05	5.4601680157754e-05	28	1	TRUE	1	0	1.4814808262495	-0.642432825294393	-0.213863277748678	TRUE	TRUE	TRUE	FALSE	TRUE	FALSE	FALSE	FALSE	TRUE	TRUE	FALSE	FALSE
Map3k5	-0.0528011197382415	0.157603165295022	0.157603165295022	41	0	FALSE	0	0	0.369256549293483	-0.476410896589602	-0.0645799064477106	1.91353206365646	2.28551905072674e-12	2.28551905072674e-12	48	4	TRUE	4	0	2.99848238847838	-0.516649498262753	0.0981753422739669	TRUE	TRUE	TRUE	FALSE	TRUE	FALSE	FALSE	FALSE	TRUE	TRUE	FALSE	FALSE
Mapkapk3	-0.0621840109350719	0.380042795276927	0.380042795276927	12	0	FALSE	0	0	0.254616384731136	-0.312219304611431	-0.0581953741898577	1.34386712683899	4.69289220127794e-05	4.69289220127794e-05	12	1	TRUE	1	0	1.34386712683899	-0.677250478286198	-0.100315412629668	TRUE	TRUE	TRUE	FALSE	TRUE	FALSE	FALSE	FALSE	TRUE	TRUE	FALSE	FALSE
Mapre2	-0.120208430804672	0.264963804900325	0.264963804900325	32	0	FALSE	0	0	0.28038765316767	-0.388823595061302	-0.120792680318729	1.11644743108008	0.00846299887364075	0.00846299887364075	30	1	TRUE	1	0	1.11644743108008	-0.705365387424689	-0.2269031015188	TRUE	TRUE	TRUE	FALSE	TRUE	FALSE	FALSE	FALSE	TRUE	TRUE	FALSE	FALSE
Max	-0.0452975277551409	0.0739583752661279	0.0739583752661279	43	0	FALSE	0	0	0.69583007631784	-0.416397709917307	-0.0212259048025335	1.94175516988633	5.59621848240315e-27	5.59621848240315e-27	37	7	TRUE	5	2	3.93881516287494	-0.849531453944098	0.397591419260985	TRUE	TRUE	TRUE	FALSE	TRUE	FALSE	TRUE	FALSE	TRUE	TRUE	FALSE	FALSE
Mb	-0.032217791933599	0.18043506664567	0.18043506664567	17	0	FALSE	0	0	0.358068193452669	-0.437751118623758	-0.0211955809876111	0.97005255794176	0.00179182887362633	0.00179182887362633	20	1	TRUE	1	0	0.97005255794176	-0.542846696671503	-0.0885815057098211	TRUE	TRUE	TRUE	FALSE	TRUE	FALSE	FALSE	FALSE	TRUE	TRUE	FALSE	FALSE
Mbnl1	-0.122198453547662	0.249692841676971	0.249692841676971	70	0	FALSE	0	0	0.152131259515121	-0.400037129736184	-0.127020750599499	-0.757444750550942	3.25403933276162e-07	3.25403933276162e-07	78	13	TRUE	4	9	2.7985328415431	-1.09744453550835	-0.254460291931461	TRUE	TRUE	TRUE	FALSE	TRUE	FALSE	TRUE	FALSE	TRUE	TRUE	FALSE	FALSE
Mbtps2	0.0436713508128421	0.637761789890839	0.637761789890839	3	0	FALSE	0	0	0.0713440999341124	-0.16362755799987	-0.0162040357509718	1.5910289182306	9.07262782384549e-06	9.07262782384549e-06	9	2	TRUE	2	0	1.83927109351457	-0.294528346302072	0.372926359470963	TRUE	TRUE	TRUE	FALSE	TRUE	FALSE	FALSE	FALSE	TRUE	TRUE	FALSE	FALSE
Mcm3	-0.0817502229647651	0.0804397944254297	0.0804397944254297	13	0	FALSE	0	0	0.623445664189242	-0.201799126164746	-0.0206620166813452	1.40139431010717	4.51236782886229e-05	4.51236782886229e-05	13	1	TRUE	1	0	1.40139431010717	-0.616732867968233	0.0329335534713854	TRUE	TRUE	TRUE	FALSE	TRUE	FALSE	FALSE	FALSE	TRUE	TRUE	FALSE	FALSE
Mcm9	-0.0791142166500318	0.239374988541567	0.239374988541567	9	0	FALSE	0	0	0.00948783530434583	-0.380131299001137	-0.143202872979842	0.904402860790206	0.0277971852659086	0.0277971852659086	9	1	TRUE	1	0	0.904402860790206	-0.382512265036323	0.126008912679514	TRUE	TRUE	TRUE	FALSE	TRUE	FALSE	FALSE	FALSE	TRUE	TRUE	FALSE	FALSE
Mctp1	-0.0856153498948138	0.0572999820244174	0.0572999820244174	66	0	FALSE	0	0	0.330932275969032	-0.698583811378046	-0.10794100905597	-0.780461384940471	9.9910208841533e-06	9.9910208841533e-06	60	5	TRUE	2	3	3.26580338220794	-0.880464618928617	-0.146147308294097	TRUE	TRUE	TRUE	FALSE	TRUE	FALSE	TRUE	FALSE	TRUE	TRUE	FALSE	FALSE
Mctp2	-0.136527349988317	0.114713518550399	0.114713518550399	108	0	FALSE	0	0	0.472121448725434	-0.597159467826217	-0.124388134937378	0.948441753432982	4.76443655650353e-22	4.76443655650353e-22	103	11	TRUE	9	2	4.02622909032197	-0.839343913416533	-0.0675726394055561	TRUE	TRUE	TRUE	FALSE	TRUE	FALSE	TRUE	FALSE	TRUE	TRUE	FALSE	FALSE
Med4	-0.0274493333825288	0.347730930955806	0.347730930955806	14	0	FALSE	0	0	0.296698005325398	-0.32745313719495	-0.0310031776034744	1.99419386783419	5.5338821899338e-15	5.5338821899338e-15	16	2	TRUE	2	0	2.82980720972876	-0.651579983483401	0.236127914059613	TRUE	TRUE	TRUE	FALSE	TRUE	FALSE	FALSE	FALSE	TRUE	TRUE	FALSE	FALSE
Meltf	-0.06304174343458	0.346365067657952	0.346365067657952	11	0	FALSE	0	0	0.2199601987863	-0.325018235969026	-0.0392257734281109	0.883978909105837	0.00466465227645209	0.00466465227645209	15	1	TRUE	1	0	0.883978909105837	-0.478497020793767	-0.0450588078570479	TRUE	TRUE	TRUE	FALSE	TRUE	FALSE	FALSE	FALSE	TRUE	TRUE	FALSE	FALSE
Mettl15	-0.120668646007134	0.112970819551307	0.112970819551307	76	0	FALSE	0	0	0.210216486394162	-0.5795419265127	-0.140980649880218	1.62325746717954	4.70093961178866e-16	4.70093961178866e-16	81	11	TRUE	9	2	4.10985464289342	-1.38085651916358	-0.0274915395600391	TRUE	TRUE	TRUE	FALSE	TRUE	FALSE	TRUE	FALSE	TRUE	TRUE	FALSE	FALSE
Mettl21e	-0.0204948577338738	0.227449110441629	0.227449110441629	6	0	FALSE	0	0	0.238805674250499	-0.406748390835119	-0.00700049600987068	1.96100934404433	1.68389728447974e-06	1.68389728447974e-06	8	1	TRUE	1	0	1.96100934404433	-0.528625232825106	0.141614748292905	TRUE	TRUE	TRUE	FALSE	TRUE	FALSE	FALSE	FALSE	TRUE	TRUE	FALSE	FALSE
Mex3b	-0.0373404552570564	0.116498931503099	0.116498931503099	20	0	FALSE	0	0	0.623129206186843	-0.35602930855564	-0.0332457038206737	0.913151330522805	0.00386501253367555	0.00386501253367555	18	1	TRUE	1	0	0.913151330522805	-0.531457047417364	-0.139424884908079	TRUE	TRUE	TRUE	FALSE	TRUE	FALSE	FALSE	FALSE	TRUE	TRUE	FALSE	FALSE
Mfsd4a	-0.101412734096849	0.0969375347697705	0.0969375347697705	18	0	FALSE	0	0	0.270904596146515	-0.555338208909009	-0.107738545384387	1.14156369443059	0.00215087857993697	0.00215087857993697	18	1	TRUE	1	0	1.14156369443059	-0.529451173276331	-0.0342258855191756	TRUE	TRUE	TRUE	FALSE	TRUE	FALSE	FALSE	FALSE	TRUE	TRUE	FALSE	FALSE
Mfsd6	-0.0681700121522545	0.0740782957388175	0.0740782957388175	20	0	FALSE	0	0	0.177230765292679	-0.649927448826059	-0.0983156415815927	0.481516305406463	4.27090942494241e-06	4.27090942494241e-06	21	2	TRUE	1	1	1.73086258075736	-0.767829969944434	-0.127804127529309	TRUE	TRUE	TRUE	FALSE	TRUE	FALSE	TRUE	FALSE	TRUE	TRUE	FALSE	FALSE
Mgat4a	-0.0903885813860068	0.333626128631734	0.333626128631734	24	0	FALSE	0	0	0.341639950815858	-0.32793885883323	-0.0386511074253941	0.993777851360399	0.000183579822615317	0.000183579822615317	21	3	TRUE	3	0	1.15802201250715	-0.540426063251639	0.130210677804411	TRUE	TRUE	TRUE	FALSE	TRUE	FALSE	FALSE	FALSE	TRUE	TRUE	FALSE	FALSE
Mgll	-0.0953435662204847	0.133314977300641	0.133314977300641	45	0	FALSE	0	0	0.266197687986797	-0.562056788106412	-0.0938075373567828	1.15238667023918	0.000496461314629064	0.000496461314629064	42	6	TRUE	6	0	1.31174967411372	-0.637978716264965	0.178526541218543	TRUE	TRUE	TRUE	FALSE	TRUE	FALSE	FALSE	FALSE	TRUE	TRUE	FALSE	FALSE
Mgmt	-0.119077788116693	0.0888105344226931	0.0888105344226931	75	0	FALSE	0	0	0.300196163656142	-0.564097004224295	-0.135873876434397	-0.726127368361434	0.000144491911660273	0.000144491911660273	78	4	TRUE	1	3	1.28668791948862	-0.811868212076671	-0.161754211522502	TRUE	TRUE	TRUE	FALSE	TRUE	FALSE	TRUE	FALSE	TRUE	TRUE	FALSE	FALSE
Mgst2	-0.0511849697821169	0.110894908542833	0.110894908542833	38	0	FALSE	0	0	0.503336048685899	-0.377110266515131	-0.0403502936672322	1.93616584073118	5.97983955458528e-24	5.97983955458528e-24	31	10	TRUE	10	0	3.36823253525571	-0.422119067339756	0.625254884923351	TRUE	TRUE	TRUE	FALSE	TRUE	FALSE	FALSE	FALSE	TRUE	TRUE	FALSE	FALSE
Mical2	-0.0926914322244506	0.261031477929894	0.261031477929894	52	0	FALSE	0	0	0.280555139217495	-0.382884162129166	-0.0951728922553578	1.91341223382459	4.45752531803383e-10	4.45752531803383e-10	59	3	TRUE	2	1	2.40395679890991	-0.866719066017028	-0.111196922031675	TRUE	TRUE	TRUE	FALSE	TRUE	FALSE	TRUE	FALSE	TRUE	TRUE	FALSE	FALSE
Micu3	-0.092882842488726	0.243677157120895	0.243677157120895	11	0	FALSE	0	0	0.0361441975860825	-0.396453753550251	-0.122756459903746	1.11071379530426	1.28267993298614e-18	1.28267993298614e-18	10	2	TRUE	1	1	3.20569943426275	-0.984271843654228	-0.10238121139767	TRUE	TRUE	TRUE	FALSE	TRUE	FALSE	TRUE	FALSE	TRUE	TRUE	FALSE	FALSE
Mir1195	0.0122274637595123	0.0550423706879714	0.0550423706879714	15	0	FALSE	0	0	0.658128135666107	-0.791388572052299	0.0187348230104489	1.20316412662345	3.84599438385146e-06	3.84599438385146e-06	13	3	TRUE	3	0	3.10879610718717	-0.40332585165512	0.441531567283681	TRUE	TRUE	TRUE	FALSE	TRUE	FALSE	FALSE	FALSE	TRUE	TRUE	FALSE	FALSE
Mir122	-0.0471642326413594	0.312010537909139	0.312010537909139	14	0	FALSE	0	0	0.355560507711174	-0.267736721204341	-0.0190397182169817	1.15110023017949	2.33934164297721e-08	2.33934164297721e-08	19	3	TRUE	2	1	2.42079887412804	-0.819828036725058	0.114646786241747	TRUE	TRUE	TRUE	FALSE	TRUE	FALSE	TRUE	FALSE	TRUE	TRUE	FALSE	FALSE
Mir124a-1hg	0.0681437671447719	0.170432055479781	0.170432055479781	25	0	FALSE	0	0	0.401059302932589	-0.54569081594847	-0.00985515653734349	0.765658954764996	0.0390023585548062	0.0390023585548062	23	1	TRUE	1	0	0.765658954764996	-0.44826361026842	0.111958727963426	TRUE	TRUE	TRUE	FALSE	TRUE	FALSE	FALSE	FALSE	TRUE	TRUE	FALSE	FALSE
Mir124a-3	-0.0553510839002556	0.260342439728838	0.260342439728838	23	0	FALSE	0	0	0.3654571360807	-0.389015996725606	-0.0669546176076751	0.77439514275257	0.0251015762834665	0.0251015762834665	21	1	TRUE	1	0	0.77439514275257	-0.516394974388376	-0.036106070424806	TRUE	TRUE	TRUE	FALSE	TRUE	FALSE	FALSE	FALSE	TRUE	TRUE	FALSE	FALSE
Mir128-2	-0.0702304701261599	0.0665396979727094	0.0665396979727094	49	0	FALSE	0	0	0.286456688969749	-0.607246172308167	-0.0976536925163076	-0.86001242521798	0.0272031760505806	0.0272031760505806	53	3	TRUE	1	2	0.746955527440405	-0.983123495135496	-0.237071557931984	TRUE	TRUE	TRUE	FALSE	TRUE	FALSE	TRUE	FALSE	TRUE	TRUE	FALSE	FALSE
Mir129-1	-0.0583138081621822	0.18863688202675	0.18863688202675	23	0	FALSE	0	0	0.446765172231907	-0.324664856777569	-0.0657133218050984	1.21378899396266	5.81193581843739e-16	5.81193581843739e-16	29	5	TRUE	5	0	2.69330103394057	-0.502754884192759	0.346643147605254	TRUE	TRUE	TRUE	FALSE	TRUE	FALSE	FALSE	FALSE	TRUE	TRUE	FALSE	FALSE
Mir133c	0.0488092476401858	0.0500503008957371	0.0500503008957371	20	0	FALSE	0	0	0.660354697061873	-0.308036325387461	0.0517370496124215	1.82523395646403	3.95504094323536e-06	3.95504094323536e-06	17	1	TRUE	1	0	1.82523395646403	-0.715385513499518	-0.135533305017192	TRUE	TRUE	TRUE	FALSE	TRUE	FALSE	FALSE	FALSE	TRUE	TRUE	FALSE	FALSE
Mir145b	-0.0701935416516066	0.168268706582851	0.168268706582851	49	0	FALSE	0	0	0.51375189261436	-0.373625116646395	-0.0304381261141156	1.84967319461062	5.24542853049065e-11	5.24542853049065e-11	43	9	TRUE	8	1	2.32379016080512	-1.02027279478452	0.262227992670188	TRUE	TRUE	TRUE	FALSE	TRUE	FALSE	TRUE	FALSE	TRUE	TRUE	FALSE	FALSE
Mir1936	-0.0202405902879525	0.168216128876706	0.168216128876706	9	0	FALSE	0	0	0.0924317156948894	-0.456642111179506	-0.0599891506408319	0.797110869853152	0.0146292736741928	0.0146292736741928	10	1	TRUE	1	0	0.797110869853152	-0.407040560254715	0.104970090531511	TRUE	TRUE	TRUE	FALSE	TRUE	FALSE	FALSE	FALSE	TRUE	TRUE	FALSE	FALSE
Mir193b	-0.0885870304941114	0.105119823925187	0.105119823925187	15	0	FALSE	0	0	0.595404882687477	-0.305188462139256	-0.0471020445923631	1.53045657176089	9.85576210730024e-09	9.85576210730024e-09	15	2	TRUE	2	0	2.2751732281034	-0.495353276171045	0.112585986463672	TRUE	TRUE	TRUE	FALSE	TRUE	FALSE	FALSE	FALSE	TRUE	TRUE	FALSE	FALSE
Mir1941	0.457350920958146	0.160415160658841	0.160415160658841	1	0	FALSE	0	0	0.457350920958146	0.457350920958146	0.457350920958146	1.98989308527097	1.21771081929497e-10	1.21771081929497e-10	2	1	TRUE	1	0	1.98989308527097	-0.122947537297336	0.933472773986817	TRUE	TRUE	TRUE	FALSE	TRUE	FALSE	FALSE	FALSE	TRUE	TRUE	FALSE	FALSE
Mir204	-0.193933639315889	0.188831647183853	0.188831647183853	12	0	FALSE	0	0	0.135328787273904	-0.455849181506548	-0.186710720128559	1.7883420695403	1.6929229979549e-05	1.6929229979549e-05	10	3	TRUE	3	0	2.45087129103149	-0.210720594121793	0.499468132885829	TRUE	TRUE	TRUE	FALSE	TRUE	FALSE	FALSE	FALSE	TRUE	TRUE	FALSE	FALSE
Mir218-2	-0.0260042971658491	0.0678763804289737	0.0678763804289737	39	0	FALSE	0	0	0.651518305898969	-0.421556397149797	-0.0172135685970433	0.733310994028163	0.025189862563914	0.025189862563914	38	1	TRUE	1	0	0.733310994028163	-0.612804691822212	-0.0609250343405143	TRUE	TRUE	TRUE	FALSE	TRUE	FALSE	FALSE	FALSE	TRUE	TRUE	FALSE	FALSE
Mir21b	-0.0663653818168678	0.212416472656465	0.212416472656465	24	0	FALSE	0	0	0.270077853242384	-0.446907029041401	-0.0749387629559005	1.28021592593794	0.000460290558250109	0.000460290558250109	29	1	TRUE	1	0	1.28021592593794	-0.631113459254575	-0.210731998966419	TRUE	TRUE	TRUE	FALSE	TRUE	FALSE	FALSE	FALSE	TRUE	TRUE	FALSE	FALSE
Mir21c	-0.104863913944264	0.0536602548697065	0.0536602548697065	83	0	FALSE	0	0	0.441236012189386	-0.672625643020262	-0.0857322056233775	1.2588381815084	0.000100961542077637	0.000100961542077637	78	4	TRUE	3	1	1.35001063813054	-0.924755821689623	-0.153369759831655	TRUE	TRUE	TRUE	FALSE	TRUE	FALSE	TRUE	FALSE	TRUE	TRUE	FALSE	FALSE
Mir3067	0.101976161941812	0.109652073094535	0.109652073094535	27	0	FALSE	0	0	0.534988357977704	-0.423725861101782	0.0207630715654907	1.50230900398779	3.22846762872397e-10	3.22846762872397e-10	30	3	TRUE	3	0	2.55055940947472	-0.706684124741153	0.0860713908506073	TRUE	TRUE	TRUE	FALSE	TRUE	FALSE	FALSE	FALSE	TRUE	TRUE	FALSE	FALSE
Mir3081	-0.104186602668032	0.231161643899943	0.231161643899943	14	0	FALSE	0	0	0.190012483565731	-0.428424951312778	-0.110323233989234	2.05213311973637	0.00325269394872626	0.00325269394872626	14	1	TRUE	1	0	2.05213311973637	-0.603027295647129	-0.0331989640296722	TRUE	TRUE	TRUE	FALSE	TRUE	FALSE	FALSE	FALSE	TRUE	TRUE	FALSE	FALSE
Mir3089	-0.0709693004779035	0.095044640461534	0.095044640461534	15	0	FALSE	0	0	0.0170666852004158	-0.697467666211698	-0.133897297980104	0.824136890918898	0.0078916181760476	0.0078916181760476	16	1	TRUE	1	0	0.95621776478938	-0.423177099689244	0.0252387556490564	TRUE	TRUE	TRUE	FALSE	TRUE	FALSE	FALSE	FALSE	TRUE	TRUE	FALSE	FALSE
Mir3095	-0.178490514161539	0.0549397289802838	0.0549397289802838	18	0	FALSE	0	0	0.120086902752749	-0.669088555323508	-0.185465451711728	2.06912337534276	1.95323736946279e-08	1.95323736946279e-08	19	1	TRUE	1	0	2.06912337534276	-0.740828944465268	-0.193414689883118	TRUE	TRUE	TRUE	FALSE	TRUE	FALSE	FALSE	FALSE	TRUE	TRUE	FALSE	FALSE
Mir3099	-0.155320793579069	0.0792635379858379	0.0792635379858379	14	0	FALSE	0	0	0.246343455114733	-0.583811319459304	-0.125092409275004	0.921309269178257	0.00813540894601921	0.00813540894601921	15	2	TRUE	2	0	1.02898564119281	-0.498025556241281	-0.0550166645291374	TRUE	TRUE	TRUE	FALSE	TRUE	FALSE	FALSE	FALSE	TRUE	TRUE	FALSE	FALSE
Mir365-2	-0.0448094668669417	0.050345725081772	0.050345725081772	26	0	FALSE	0	0	0.718630211098775	-0.311443234740734	-0.0193929313034914	1.19168938728192	2.58653830906248e-05	2.58653830906248e-05	31	2	TRUE	2	0	1.40262608727421	-0.687866713206774	-0.0631999662559044	TRUE	TRUE	TRUE	FALSE	TRUE	FALSE	FALSE	FALSE	TRUE	TRUE	FALSE	FALSE
Mir383	-0.124192609966792	0.0602235891996772	0.0602235891996772	35	0	FALSE	0	0	0.151910253025786	-0.790086193818758	-0.133531097489851	1.77786315868865	4.45622570146015e-12	4.45622570146015e-12	49	4	TRUE	3	1	2.82746943661897	-0.913801658626565	-0.233675770206252	TRUE	TRUE	TRUE	FALSE	TRUE	FALSE	TRUE	FALSE	TRUE	TRUE	FALSE	FALSE
Mir3966	-0.0591882307121205	0.0826426761726902	0.0826426761726902	34	0	FALSE	0	0	0.633077684473651	-0.416748078316887	-0.0535896489812398	1.70008424680069	6.09839482009219e-08	6.09839482009219e-08	24	3	TRUE	3	0	3.03025425495054	-0.753046337951161	0.0729544367619553	TRUE	TRUE	TRUE	FALSE	TRUE	FALSE	FALSE	FALSE	TRUE	TRUE	FALSE	FALSE
Mir488	-0.0410681922203983	0.0760776145186467	0.0760776145186467	16	0	FALSE	0	0	0.545719130560705	-0.365211237255201	0.0365617207203325	1.17535061576351	0.000279793983385787	0.000279793983385787	19	2	TRUE	2	0	1.26819563972912	-0.670038871856652	0.113370821665252	TRUE	TRUE	TRUE	FALSE	TRUE	FALSE	FALSE	FALSE	TRUE	TRUE	FALSE	FALSE
Mir509	-0.0501868828320241	0.43254110325347	0.43254110325347	6	0	FALSE	0	0	0.0751357148502869	-0.270808282508581	-0.0579439811543722	3.16800968348215	1.57951853714913e-05	1.57951853714913e-05	5	1	TRUE	1	0	3.16800968348215	-0.846173189625497	0.187669041808485	TRUE	TRUE	TRUE	FALSE	TRUE	FALSE	FALSE	FALSE	TRUE	TRUE	FALSE	FALSE
Mir5133	0.175359442506801	0.211973247126173	0.211973247126173	2	0	FALSE	0	0	0.406355795380016	-0.0556369103664133	0.175359442506801	1.88152633113763	1.24134696154794e-10	1.24134696154794e-10	4	2	TRUE	2	0	2.46329301274475	0.273287770914919	1.18088992312563	TRUE	TRUE	TRUE	FALSE	TRUE	FALSE	FALSE	FALSE	TRUE	TRUE	FALSE	FALSE
Mir547	0.0430432180693082	0.926050880339434	0.926050880339434	1	0	FALSE	0	0	0.0430432180693082	0.0430432180693082	0.0430432180693082	2.53028474954157	4.26228224670328e-09	4.26228224670328e-09	1	1	TRUE	1	0	2.53028474954157	2.53028474954157	2.53028474954157	TRUE	TRUE	TRUE	FALSE	TRUE	FALSE	FALSE	FALSE	TRUE	TRUE	FALSE	FALSE
Mir568	-0.110626390111055	0.251125479519501	0.251125479519501	16	0	FALSE	0	0	0.156784943212934	-0.402890756514365	-0.121238887866164	1.89740114911906	1.08899003993017e-07	1.08899003993017e-07	26	1	TRUE	1	0	1.89740114911906	-0.624975004097984	-0.082412436611417	TRUE	TRUE	TRUE	FALSE	TRUE	FALSE	FALSE	FALSE	TRUE	TRUE	FALSE	FALSE
Mir5709	-0.121956502344035	0.118953935992641	0.118953935992641	14	0	FALSE	0	0	0.180900681416838	-0.615656019403778	-0.109324070056143	0.959348169884797	0.0191237708526798	0.0191237708526798	16	2	TRUE	2	0	1.10411707340463	-0.536334168040809	0.157385309893875	TRUE	TRUE	TRUE	FALSE	TRUE	FALSE	FALSE	FALSE	TRUE	TRUE	FALSE	FALSE
Mir582	-0.0523510181097621	0.232621170341189	0.232621170341189	26	0	FALSE	0	0	0.369095556988695	-0.41959965113375	-0.0368372475681626	1.73953292098024	9.10876525488019e-09	9.10876525488019e-09	23	5	TRUE	5	0	2.66917987620334	-0.437710938522549	0.36766611890703	TRUE	TRUE	TRUE	FALSE	TRUE	FALSE	FALSE	FALSE	TRUE	TRUE	FALSE	FALSE
Mir6336	-0.107707308933497	0.153560926625493	0.153560926625493	45	0	FALSE	0	0	0.198967313108729	-0.510875917928788	-0.143777720556845	0.893251523591337	7.18498798773972e-05	7.18498798773972e-05	56	5	TRUE	4	1	1.79556149490969	-0.982694487689904	0.0190317699900814	TRUE	TRUE	TRUE	FALSE	TRUE	FALSE	TRUE	FALSE	TRUE	TRUE	FALSE	FALSE
Mir6361	0.015529507997373	0.649971922458437	0.649971922458437	4	0	FALSE	0	0	0.165595153240776	-0.132368933678065	0.0160713088893643	0.039401564139467	0.0307744434182363	0.0307744434182363	5	2	TRUE	1	1	0.899430289747329	-0.820627161468395	-0.0975641793623794	TRUE	TRUE	TRUE	FALSE	TRUE	FALSE	TRUE	FALSE	TRUE	TRUE	FALSE	FALSE
Mir6370	-0.0998345794851761	0.0510223619022152	0.0510223619022152	21	0	FALSE	0	0	0.221940342429335	-0.868500551079739	-0.141027077230805	1.85082313591687	1.36565412415039e-24	1.36565412415039e-24	87	40	TRUE	40	0	4.86265572788771	-0.659397270544446	1.03731020318328	TRUE	TRUE	TRUE	FALSE	TRUE	FALSE	FALSE	FALSE	TRUE	TRUE	FALSE	FALSE
Mir6376	-0.0490500347633589	0.108583973510029	0.108583973510029	13	0	FALSE	0	0	0.476065230769618	-0.520558249852883	-0.115254490092186	1.23336228228575	0.00238017044729299	0.00238017044729299	12	1	TRUE	1	0	1.23336228228575	-0.605886181420481	0.0161793359423619	TRUE	TRUE	TRUE	FALSE	TRUE	FALSE	FALSE	FALSE	TRUE	TRUE	FALSE	FALSE
Mir6390	-0.069882419279751	0.314893652788298	0.314893652788298	33	0	FALSE	0	0	0.297702686079986	-0.353855724492873	-0.0862983805325901	1.67610496969958	2.79469280989108e-27	2.79469280989108e-27	33	13	TRUE	13	0	3.5354128396132	-0.67604171415456	0.791092165732094	TRUE	TRUE	TRUE	FALSE	TRUE	FALSE	FALSE	FALSE	TRUE	TRUE	FALSE	FALSE
Mir6516	-0.135745987290405	0.423782357280967	0.423782357280967	7	0	FALSE	0	0	0.104949034447508	-0.283597013759116	-0.116652758860967	1.00754417811939	0.0132180434328507	0.0132180434328507	7	1	TRUE	1	0	1.00754417811939	-0.281559784845221	-0.0510770808526642	TRUE	TRUE	TRUE	FALSE	TRUE	FALSE	FALSE	FALSE	TRUE	TRUE	FALSE	FALSE
Mir6540	-0.00367939704011384	0.261071064910235	0.261071064910235	11	0	FALSE	0	0	0.239706936595623	-0.387480293560625	-0.0515815252854824	0.765800861203556	0.0386239232426432	0.0386239232426432	11	1	TRUE	1	0	0.765800861203556	-0.499933611152191	0.134615603982241	TRUE	TRUE	TRUE	FALSE	TRUE	FALSE	FALSE	FALSE	TRUE	TRUE	FALSE	FALSE
Mir670	-0.0696330330088621	0.0909615554670206	0.0909615554670206	20	0	FALSE	0	0	0.247356475104035	-0.648809845367831	-0.1278567946209	1.36068444369946	0.000333910182389422	0.000333910182389422	19	1	TRUE	1	0	1.36068444369946	-0.677079840835819	-0.0629349093562937	TRUE	TRUE	TRUE	FALSE	TRUE	FALSE	FALSE	FALSE	TRUE	TRUE	FALSE	FALSE
Mir6903	-0.056135769444941	0.209519242653432	0.209519242653432	7	0	FALSE	0	0	0.268377034310381	-0.438300064938436	-0.100432322496793	0.839220222220803	0.0128454660586901	0.0128454660586901	6	1	TRUE	1	0	0.839220222220803	-0.699632218660524	-0.0352304548919351	TRUE	TRUE	TRUE	FALSE	TRUE	FALSE	FALSE	FALSE	TRUE	TRUE	FALSE	FALSE
Mir691	-0.108594924585459	0.360775418956877	0.360775418956877	40	0	FALSE	0	0	0.297335355395106	-0.323271062368154	-0.102237838428455	-0.0798629226839955	0.000932939620308031	0.000932939620308031	34	4	TRUE	2	2	0.881502496112384	-1.45347625794136	-0.151368125706348	TRUE	TRUE	TRUE	FALSE	TRUE	FALSE	TRUE	FALSE	TRUE	TRUE	FALSE	FALSE
Mir6926	0.045601546411171	0.103044613136467	0.103044613136467	2	0	FALSE	0	0	0.497166793692601	-0.405963700870259	0.045601546411171	1.74817850882742	3.96008885913326e-08	3.96008885913326e-08	2	1	TRUE	1	0	1.74817850882742	-0.132843966975587	0.807667270925917	TRUE	TRUE	TRUE	FALSE	TRUE	FALSE	FALSE	FALSE	TRUE	TRUE	FALSE	FALSE
Mir7211	-0.0423678399201122	0.230911915793215	0.230911915793215	9	0	FALSE	0	0	0.353567953148813	-0.404643388938451	-0.0586256877080674	2.52685858775552	0.00112209359068068	0.00112209359068068	9	1	TRUE	1	0	2.52685858775552	-0.536085456636711	0.203533921814858	TRUE	TRUE	TRUE	FALSE	TRUE	FALSE	FALSE	FALSE	TRUE	TRUE	FALSE	FALSE
Mir763	-0.0490625732818156	0.239573844046556	0.239573844046556	16	0	FALSE	0	0	0.407446595251723	-0.326480063071999	-0.0125137884734842	-0.736645124301527	0.0251220793218027	0.0251220793218027	15	3	TRUE	1	2	1.00118576895395	-0.981087534347561	0.00241757651177678	TRUE	TRUE	TRUE	FALSE	TRUE	FALSE	TRUE	FALSE	TRUE	TRUE	FALSE	FALSE
Mir7655	-0.0309517777466823	0.949506065673268	0.949506065673268	1	0	FALSE	0	0	-0.0309517777466823	-0.0309517777466823	-0.0309517777466823	3.27854045654966	7.54983478618893e-19	7.54983478618893e-19	1	1	TRUE	1	0	3.27854045654966	3.27854045654966	3.27854045654966	TRUE	TRUE	TRUE	FALSE	TRUE	FALSE	FALSE	FALSE	TRUE	TRUE	FALSE	FALSE
Mir7688	-0.140699611652808	0.377965170599644	0.377965170599644	7	0	FALSE	0	0	-0.0198211077743444	-0.311053405508748	-0.14831027722146	1.01032155869615	0.00583146940694184	0.00583146940694184	11	2	TRUE	2	0	1.07903296770205	-0.708653512827384	0.0764020899893536	TRUE	TRUE	TRUE	FALSE	TRUE	FALSE	FALSE	FALSE	TRUE	TRUE	FALSE	FALSE
Mir8114	-0.0697248394107395	0.880860758729339	0.880860758729339	1	0	FALSE	0	0	-0.0697248394107395	-0.0697248394107395	-0.0697248394107395	0.793841182913268	0.0202398080259777	0.0202398080259777	3	1	TRUE	1	0	0.793841182913268	-0.0151852710256084	0.433435948836937	TRUE	TRUE	TRUE	FALSE	TRUE	FALSE	FALSE	FALSE	TRUE	TRUE	FALSE	FALSE
Mirt1	-0.0630996457872933	0.127396877410589	0.127396877410589	22	0	FALSE	0	0	0.55342523910972	-0.514933846869512	-0.0153060251679343	1.65253794507072	4.33120412321423e-07	4.33120412321423e-07	26	1	TRUE	1	0	1.65253794507072	-0.479969963131209	0.0684636730724762	TRUE	TRUE	TRUE	FALSE	TRUE	FALSE	FALSE	FALSE	TRUE	TRUE	FALSE	FALSE
Mitf	-0.0943338435868955	0.177390284077104	0.177390284077104	109	0	FALSE	0	0	0.482382592118052	-0.483322449186131	-0.0703830927957062	0.871361155166154	9.53628526787265e-20	9.53628526787265e-20	110	13	TRUE	9	4	3.03143441956847	-1.86015053231722	-0.0717730050982266	TRUE	TRUE	TRUE	FALSE	TRUE	FALSE	TRUE	FALSE	TRUE	TRUE	FALSE	FALSE
Mkks	-0.160193961456552	0.357494622290118	0.357494622290118	10	0	FALSE	0	0	0.117539282243769	-0.324854541823235	-0.152730996936039	1.16177624340182	3.45669073537369e-06	3.45669073537369e-06	12	5	TRUE	4	1	2.08993537212551	-0.957963433852788	0.356384930477655	TRUE	TRUE	TRUE	FALSE	TRUE	FALSE	TRUE	FALSE	TRUE	TRUE	FALSE	FALSE
Mkx	-0.157185679049988	0.0908229514691674	0.0908229514691674	32	0	FALSE	0	0	0.579995256198864	-0.455299669224151	-0.111414863554194	0.038628296780115	0.0141960219252196	0.0141960219252196	36	2	TRUE	1	1	0.915304233834823	-0.838047640274593	-0.260202022616297	TRUE	TRUE	TRUE	FALSE	TRUE	FALSE	TRUE	FALSE	TRUE	TRUE	FALSE	FALSE
Mllt10	-0.045789979927132	0.31159296898574	0.31159296898574	10	0	FALSE	0	0	0.356387436375164	-0.240167952429421	-0.047642564364955	2.61075635592181	7.63520633965571e-12	7.63520633965571e-12	5	2	TRUE	2	0	2.62573846917725	-0.441987240294996	0.938994944591332	TRUE	TRUE	TRUE	FALSE	TRUE	FALSE	FALSE	FALSE	TRUE	TRUE	FALSE	FALSE
Mmp17	-0.0314978248880459	0.104850164216173	0.104850164216173	16	0	FALSE	0	0	0.540176699032527	-0.484743579940106	-0.024163392472697	2.20240584708435	2.83792425208926e-10	2.83792425208926e-10	12	1	TRUE	1	0	2.20240584708435	-0.384353931070927	0.105570867818557	TRUE	TRUE	TRUE	FALSE	TRUE	FALSE	FALSE	FALSE	TRUE	TRUE	FALSE	FALSE
Mmut	-0.179430513715877	0.10026985407555	0.10026985407555	35	0	FALSE	0	0	0.497680562091053	-0.615519070694301	-0.196113489172187	1.15971946558883	0.000181276076805364	0.000181276076805364	38	2	TRUE	2	0	1.24926782410232	-0.687242222482817	-0.116118274871769	TRUE	TRUE	TRUE	FALSE	TRUE	FALSE	FALSE	FALSE	TRUE	TRUE	FALSE	FALSE
Mospd4	-0.0522483160877004	0.0589369828396027	0.0589369828396027	27	0	FALSE	0	0	0.657019364395138	-0.900413116626354	-0.0712476316150951	2.07545325338043	1.94412984994531e-10	1.94412984994531e-10	26	2	TRUE	2	0	2.66683616214497	-0.525499205557985	0.115797763877429	TRUE	TRUE	TRUE	FALSE	TRUE	FALSE	FALSE	FALSE	TRUE	TRUE	FALSE	FALSE
Mpp3	-0.271450086777886	0.0524329390475363	0.0524329390475363	10	0	FALSE	0	0	0.228279517266849	-0.673110426206937	-0.274020153028234	1.00603734758237	0.00203574323891719	0.00203574323891719	12	1	TRUE	1	0	1.00603734758237	-0.701924320304739	-0.17631555946199	TRUE	TRUE	TRUE	FALSE	TRUE	FALSE	FALSE	FALSE	TRUE	TRUE	FALSE	FALSE
Mras	-0.12934537712682	0.109623136969438	0.109623136969438	23	0	FALSE	0	0	0.265014576279508	-0.525437412877424	-0.123174738872923	0.783717075039218	0.021799306335749	0.021799306335749	20	3	TRUE	2	1	0.847163247862001	-0.848810974752296	-0.0349834829490857	TRUE	TRUE	TRUE	FALSE	TRUE	FALSE	TRUE	FALSE	TRUE	TRUE	FALSE	FALSE
Mrc1	-0.0593896889560066	0.532213946428048	0.532213946428048	14	0	FALSE	0	0	0.168595270369829	-0.229497633456592	-0.0613899061024392	1.1810696894604	4.70021419270834e-23	4.70021419270834e-23	14	4	TRUE	3	1	3.90396781814332	-0.830055927203649	0.12394352785758	TRUE	TRUE	TRUE	FALSE	TRUE	FALSE	TRUE	FALSE	TRUE	TRUE	FALSE	FALSE
Mreg	-0.0623986432591218	0.0960490628278381	0.0960490628278381	30	0	FALSE	0	0	0.255163565526221	-0.571983096616426	-0.0687525863601216	1.0000348220854	1.52924136055109e-13	1.52924136055109e-13	36	4	TRUE	3	1	2.29948479548146	-0.737759465090308	0.0923605143295129	TRUE	TRUE	TRUE	FALSE	TRUE	FALSE	TRUE	FALSE	TRUE	TRUE	FALSE	FALSE
Mrgpre	0.243717932630054	0.0787020986034109	0.0787020986034109	5	0	FALSE	0	0	0.599455140861589	-0.0936280869795286	0.270294945820035	1.00141645024385	0.000830580305895586	0.000830580305895586	5	1	TRUE	1	0	1.00141645024385	-0.409720157616993	0.135395974460683	TRUE	TRUE	TRUE	FALSE	TRUE	FALSE	FALSE	FALSE	TRUE	TRUE	FALSE	FALSE
Mrps27	-0.127933541049558	0.112688345689759	0.112688345689759	9	0	FALSE	0	0	0.245534224835304	-0.501971310371526	-0.0745397883797736	0.877319747269794	4.40087994321838e-06	4.40087994321838e-06	8	3	TRUE	3	0	1.44449523370047	-0.247315181759148	0.283947485129811	TRUE	TRUE	TRUE	FALSE	TRUE	FALSE	FALSE	FALSE	TRUE	TRUE	FALSE	FALSE
Mrps6	-0.101505399364518	0.0685983445652344	0.0685983445652344	51	0	FALSE	0	0	0.647177924633072	-0.416593972744859	-0.0919839405292258	1.87737103418762	4.38618718831854e-07	4.38618718831854e-07	53	3	TRUE	2	1	2.91222061348696	-0.974249752656089	-0.0607216291113363	TRUE	TRUE	TRUE	FALSE	TRUE	FALSE	TRUE	FALSE	TRUE	TRUE	FALSE	FALSE
Msra	-0.129352148845706	0.0930230553451905	0.0930230553451905	51	0	FALSE	0	0	0.19702703547172	-0.570565653424367	-0.119384281647795	0.198799402062679	2.9488058145909e-09	2.9488058145909e-09	63	6	TRUE	3	3	4.00904228015461	-0.96411826828252	-0.0625982994465	TRUE	TRUE	TRUE	FALSE	TRUE	FALSE	TRUE	FALSE	TRUE	TRUE	FALSE	FALSE
Mstn	-0.0872614177667707	0.200961855243038	0.200961855243038	18	0	FALSE	0	0	0.4473641872274	-0.362269178873524	-0.0654441809424857	1.82842075296482	4.88987929384596e-07	4.88987929384596e-07	15	6	TRUE	6	0	2.43829466984849	-0.342619480110316	0.74732336339977	TRUE	TRUE	TRUE	FALSE	TRUE	FALSE	FALSE	FALSE	TRUE	TRUE	FALSE	FALSE
Mt2	0.0188783665450018	0.369299714681488	0.369299714681488	3	0	FALSE	0	0	0.318853584415505	-0.23818623085419	0.0331819067021056	1.07556429697445	0.0270428900271843	0.0270428900271843	3	1	TRUE	1	0	1.07556429697445	-0.225768408541789	0.290739484970563	TRUE	TRUE	TRUE	FALSE	TRUE	FALSE	FALSE	FALSE	TRUE	TRUE	FALSE	FALSE
Mtdh	-0.109108338778822	0.361167569719056	0.361167569719056	24	0	FALSE	0	0	0.263838646694229	-0.320663602813159	-0.0960260819441981	-0.0106783008919555	8.84295505953312e-08	8.84295505953312e-08	27	4	TRUE	2	2	2.88470591061732	-1.14130390668035	-0.189055230842947	TRUE	TRUE	TRUE	FALSE	TRUE	FALSE	TRUE	FALSE	TRUE	TRUE	FALSE	FALSE
Mtfr1	-0.067015652669781	0.296819862354375	0.296819862354375	8	0	FALSE	0	0	0.110455967489989	-0.362265478281847	-0.0779418977833555	0.934365987491795	0.0159399214229244	0.0159399214229244	9	1	TRUE	1	0	0.934365987491795	-0.975751155039724	-0.0750773540290364	TRUE	TRUE	TRUE	FALSE	TRUE	FALSE	FALSE	FALSE	TRUE	TRUE	FALSE	FALSE
Mthfd1l	-0.159101535300619	0.0759003277661636	0.0759003277661636	49	0	FALSE	0	0	0.401192572983057	-0.679205723772566	-0.161328280977631	0.987872848532499	3.66140425727832e-17	3.66140425727832e-17	45	4	TRUE	3	1	2.90203858160436	-0.843937145880636	-0.0439760166283773	TRUE	TRUE	TRUE	FALSE	TRUE	FALSE	TRUE	FALSE	TRUE	TRUE	FALSE	FALSE
Mtpn	-0.0901487047588626	0.240390722867107	0.240390722867107	61	0	FALSE	0	0	0.336944501906447	-0.412547000052964	-0.110707772794035	0.992593898308892	3.42753079429859e-14	3.42753079429859e-14	69	8	TRUE	7	1	2.66984104122468	-1.09147254744268	0.0559887048018998	TRUE	TRUE	TRUE	FALSE	TRUE	FALSE	TRUE	FALSE	TRUE	TRUE	FALSE	FALSE
Mtx3	-0.0411613385719342	0.218803894472649	0.218803894472649	22	0	FALSE	0	0	0.440908435041387	-0.361178694797099	-0.0191813423880593	1.95708390008387	1.02353506841861e-19	1.02353506841861e-19	25	8	TRUE	7	1	2.97350555960493	-0.68835741719016	0.453217636188618	TRUE	TRUE	TRUE	FALSE	TRUE	FALSE	TRUE	FALSE	TRUE	TRUE	FALSE	FALSE
Mybpc3	-0.0991390234277289	0.132585236400047	0.132585236400047	4	0	FALSE	0	0	0.0911971639737054	-0.471867075350289	-0.14473698955801	0.602919364886036	0.0481427689997403	0.0481427689997403	6	1	TRUE	1	0	0.602919364886036	-0.541561039426961	-0.0228471984761041	TRUE	TRUE	TRUE	FALSE	TRUE	FALSE	FALSE	FALSE	TRUE	TRUE	FALSE	FALSE
Myh14	-0.0722104575179877	0.105746538890105	0.105746538890105	22	0	FALSE	0	0	0.219281965248596	-0.538088727907449	-0.0750916849792301	2.0286530429459	5.50654246574996e-05	5.50654246574996e-05	18	1	TRUE	1	0	2.0286530429459	-0.547556342232147	-0.0590778159133539	TRUE	TRUE	TRUE	FALSE	TRUE	FALSE	FALSE	FALSE	TRUE	TRUE	FALSE	FALSE
Myl7	0.00878040649325205	0.0595237735207699	0.0595237735207699	4	0	FALSE	0	0	0.681683275576812	-0.316502589937915	0.0956853746563503	0.830321148222376	0.0241837215630016	0.0241837215630016	4	1	TRUE	1	0	0.830321148222376	-0.358018299055851	0.142618457872683	TRUE	TRUE	TRUE	FALSE	TRUE	FALSE	FALSE	FALSE	TRUE	TRUE	FALSE	FALSE
Mylk	-0.118852916069964	0.0678862027695021	0.0678862027695021	61	0	FALSE	0	0	0.71324842663909	-0.672098396386618	-0.0963501987884064	0.862295167090674	0.0429776893175319	0.0429776893175319	58	1	TRUE	1	0	0.862295167090674	-0.730025856176705	-0.233066490743285	TRUE	TRUE	TRUE	FALSE	TRUE	FALSE	FALSE	FALSE	TRUE	TRUE	FALSE	FALSE
Myo18a	-0.0955653917373353	0.0889148879182678	0.0889148879182678	37	0	FALSE	0	0	0.37878278606924	-0.544585397860837	-0.102935624091531	1.04387101072061	0.000578521512341591	0.000578521512341591	42	1	TRUE	1	0	1.04387101072061	-0.663759757487424	-0.16311169982436	TRUE	TRUE	TRUE	FALSE	TRUE	FALSE	FALSE	FALSE	TRUE	TRUE	FALSE	FALSE
Myo5c	-0.13084360158706	0.207391449446804	0.207391449446804	32	0	FALSE	0	0	0.39640502097446	-0.45569457825525	-0.114304354017551	1.96946009115809	2.31778939748896e-08	2.31778939748896e-08	30	2	TRUE	2	0	2.57331674179694	-0.729022303364819	0.0228837320467127	TRUE	TRUE	TRUE	FALSE	TRUE	FALSE	FALSE	FALSE	TRUE	TRUE	FALSE	FALSE
Myof	-0.112219486185978	0.0754359075286598	0.0754359075286598	61	0	FALSE	0	0	0.204767418215918	-0.629686198123013	-0.123643139487756	0.747620814225215	0.0157027022832286	0.0157027022832286	58	3	TRUE	2	1	0.875302246092009	-0.933392176743121	-0.187755950808798	TRUE	TRUE	TRUE	FALSE	TRUE	FALSE	TRUE	FALSE	TRUE	TRUE	FALSE	FALSE
Myog	-0.165960326553947	0.152267924891683	0.152267924891683	8	0	FALSE	0	0	0.0272187266753091	-0.486103814409205	-0.205012884281571	1.11669229697406	0.00486704520467624	0.00486704520467624	9	1	TRUE	1	0	1.11669229697406	-0.272256160260239	0.164504689098235	TRUE	TRUE	TRUE	FALSE	TRUE	FALSE	FALSE	FALSE	TRUE	TRUE	FALSE	FALSE
Myrfl	-0.0126335443821731	0.40216749384451	0.40216749384451	18	0	FALSE	0	0	0.199294927333844	-0.296274259924536	-0.0546900164775327	1.36500126116197	0.000149578856100496	0.000149578856100496	23	5	TRUE	5	0	1.4807632547962	-0.507264921188393	0.237637746897099	TRUE	TRUE	TRUE	FALSE	TRUE	FALSE	FALSE	FALSE	TRUE	TRUE	FALSE	FALSE
Nabp1	-0.00444700612906475	0.246891871602328	0.246891871602328	14	0	FALSE	0	0	0.32329089886773	-0.401981322272485	-0.0143788767246096	1.01994442221947	0.013676504693623	0.013676504693623	10	1	TRUE	1	0	1.01994442221947	-0.640370187313689	0.0394272965928723	TRUE	TRUE	TRUE	FALSE	TRUE	FALSE	FALSE	FALSE	TRUE	TRUE	FALSE	FALSE
Nagpa	-0.0973181928834815	0.183729496110513	0.183729496110513	12	0	FALSE	0	0	0.158438080029654	-0.440296814177103	-0.113575484100676	0.791589701375377	0.0222685245388796	0.0222685245388796	9	1	TRUE	1	0	0.791589701375377	-0.569191686362817	-0.0995761541279351	TRUE	TRUE	TRUE	FALSE	TRUE	FALSE	FALSE	FALSE	TRUE	TRUE	FALSE	FALSE
Nap1l1	-0.188302962440076	0.231059144948857	0.231059144948857	19	0	FALSE	0	0	0.252894702985857	-0.412384950243455	-0.137311915573299	1.0924493679564	0.000759038834872077	0.000759038834872077	14	1	TRUE	1	0	1.0924493679564	-0.860118716547906	-0.153379694224202	TRUE	TRUE	TRUE	FALSE	TRUE	FALSE	FALSE	FALSE	TRUE	TRUE	FALSE	FALSE
Nck2	-0.0657845434383897	0.155469284947902	0.155469284947902	69	0	FALSE	0	0	0.475972709083135	-0.426165058365249	-0.0493782464697754	1.21630188173912	7.72115151588474e-06	7.72115151588474e-06	72	4	TRUE	3	1	1.53711165636837	-0.809847898979675	-0.10823929458128	TRUE	TRUE	TRUE	FALSE	TRUE	FALSE	TRUE	FALSE	TRUE	TRUE	FALSE	FALSE
Ndp	-0.223425668009415	0.263433143046125	0.263433143046125	16	0	FALSE	0	0	0.15361388410669	-0.394432449707553	-0.188549819667956	1.76918516687582	1.73518346801119e-08	1.73518346801119e-08	20	2	TRUE	2	0	1.86506440715934	-0.82516182750723	-0.120242180510665	TRUE	TRUE	TRUE	FALSE	TRUE	FALSE	FALSE	FALSE	TRUE	TRUE	FALSE	FALSE
Ndrg3	-0.137498791129081	0.299861112728698	0.299861112728698	22	0	FALSE	0	0	0.121088264185732	-0.365213774649826	-0.131897115850048	-0.0227784249023455	0.0278814581092324	0.0278814581092324	22	2	TRUE	1	1	0.825903592552881	-0.871460442357572	-0.233736839308703	TRUE	TRUE	TRUE	FALSE	TRUE	FALSE	TRUE	FALSE	TRUE	TRUE	FALSE	FALSE
Ndst3	-0.0971225608873692	0.152954151912381	0.152954151912381	54	0	FALSE	0	0	0.476111794270081	-0.498851519024184	-0.0688254169814352	2.15442089858344	1.43185470483275e-35	1.43185470483275e-35	70	19	TRUE	17	2	4.52211163255046	-1.3737954616929	0.404684476781806	TRUE	TRUE	TRUE	FALSE	TRUE	FALSE	TRUE	FALSE	TRUE	TRUE	FALSE	FALSE
Ndufs5-ps	-0.0995198407414747	0.140179255116523	0.140179255116523	16	0	FALSE	0	0	0.509089554806195	-0.211038296246518	-0.0230498782111591	1.94532007144339	4.71369810976179e-15	4.71369810976179e-15	22	5	TRUE	5	0	3.0893901288198	-0.766333351311829	0.378817493765669	TRUE	TRUE	TRUE	FALSE	TRUE	FALSE	FALSE	FALSE	TRUE	TRUE	FALSE	FALSE
Neat1	-0.179802255486386	0.433340774546439	0.433340774546439	7	0	FALSE	0	0	0.112060967469174	-0.274992740671866	-0.146131832594432	0.803357253660718	0.0337589634624996	0.0337589634624996	13	1	TRUE	1	0	0.803357253660718	-0.576585083041677	-0.140374867270001	TRUE	TRUE	TRUE	FALSE	TRUE	FALSE	FALSE	FALSE	TRUE	TRUE	FALSE	FALSE
Nefm	-0.0608627906669644	0.365466997029679	0.365466997029679	30	0	FALSE	0	0	0.255244656949155	-0.3209869940238	-0.0647074472232375	0.935460955416077	0.0156511693470347	0.0156511693470347	35	1	TRUE	1	0	0.935460955416077	-0.754067388836943	-0.102319647921182	TRUE	TRUE	TRUE	FALSE	TRUE	FALSE	FALSE	FALSE	TRUE	TRUE	FALSE	FALSE
Negr1	-0.0778246952998315	0.058588906344268	0.058588906344268	120	0	FALSE	0	0	0.51161211812665	-0.772248124715121	-0.0687755132388684	-0.972585787676534	0.00324870415881066	0.00324870415881066	100	3	TRUE	1	2	1.01415057283211	-0.975222589158791	-0.177437699012813	TRUE	TRUE	TRUE	FALSE	TRUE	FALSE	TRUE	FALSE	TRUE	TRUE	FALSE	FALSE
Neil3	-0.110160289049373	0.106752036804636	0.106752036804636	32	0	FALSE	0	0	0.183200292828467	-0.602302349284489	-0.126685030140771	2.33001571323848	2.70902591904512e-08	2.70902591904512e-08	41	5	TRUE	5	0	3.34436952389456	-0.930687782573044	0.135124342450556	TRUE	TRUE	TRUE	FALSE	TRUE	FALSE	FALSE	FALSE	TRUE	TRUE	FALSE	FALSE
Nenf	-0.133496706248793	0.2208544625162	0.2208544625162	17	0	FALSE	0	0	0.433331472849935	-0.303301423738347	-0.0541834635411179	0.822137685918731	0.00164953084284713	0.00164953084284713	17	1	TRUE	1	0	0.822137685918731	-0.412131004811948	-0.0792506482160182	TRUE	TRUE	TRUE	FALSE	TRUE	FALSE	FALSE	FALSE	TRUE	TRUE	FALSE	FALSE
Neu4	0.0799219599859433	0.269768950528231	0.269768950528231	8	0	FALSE	0	0	0.32068519189308	-0.377796538160566	0.0384717742586171	1.75035656841679	2.72685168278663e-05	2.72685168278663e-05	7	1	TRUE	1	0	1.75035656841679	-0.399202451795361	0.0510635113224836	TRUE	TRUE	TRUE	FALSE	TRUE	FALSE	FALSE	FALSE	TRUE	TRUE	FALSE	FALSE
Neurod4	-0.105006575473111	0.297495240507123	0.297495240507123	9	0	FALSE	0	0	0.366599846311034	-0.240521681676485	-0.0514281260141116	1.94191183152563	2.4352196642613e-06	2.4352196642613e-06	10	2	TRUE	2	0	2.04239452945198	-0.416886640140285	0.228315898794488	TRUE	TRUE	TRUE	FALSE	TRUE	FALSE	FALSE	FALSE	TRUE	TRUE	FALSE	FALSE
Nfatc2	-0.0393582252284771	0.0741712706921725	0.0741712706921725	75	0	FALSE	0	0	0.634756559238181	-0.449125958714187	-0.0335701737282308	0.785079312484709	3.45452875575383e-07	3.45452875575383e-07	69	5	TRUE	4	1	1.68550409946962	-0.666881586214467	-0.0573873844349484	TRUE	TRUE	TRUE	FALSE	TRUE	FALSE	TRUE	FALSE	TRUE	TRUE	FALSE	FALSE
Nfe2l2	-0.0459882718486264	0.133690831252228	0.133690831252228	18	0	FALSE	0	0	0.339448287135278	-0.631410994959252	-0.0834659914815623	0.915881882946679	1.95537866248251e-06	1.95537866248251e-06	20	3	TRUE	2	1	2.2994050532044	-0.844970546617243	0.0541915033768506	TRUE	TRUE	TRUE	FALSE	TRUE	FALSE	TRUE	FALSE	TRUE	TRUE	FALSE	FALSE
Nfic	-0.162540949371511	0.164124722061329	0.164124722061329	18	0	FALSE	0	0	0.306517539992627	-0.448152274050626	-0.161295067117888	1.50476623318522	5.71021601330631e-05	5.71021601330631e-05	14	1	TRUE	1	0	1.50476623318522	-0.628673363721877	0.0240141783513423	TRUE	TRUE	TRUE	FALSE	TRUE	FALSE	FALSE	FALSE	TRUE	TRUE	FALSE	FALSE
Nfil3	-0.159010962552351	0.0897488714123678	0.0897488714123678	34	0	FALSE	0	0	0.4628131799338	-0.618950448341204	-0.143988253772049	0.793196569493073	0.0210667022900394	0.0210667022900394	33	1	TRUE	1	0	0.793196569493073	-0.536047933404017	-0.141143328474574	TRUE	TRUE	TRUE	FALSE	TRUE	FALSE	FALSE	FALSE	TRUE	TRUE	FALSE	FALSE
Nfix	-0.107704804217408	0.104612309309524	0.104612309309524	36	0	FALSE	0	0	0.22292357918499	-0.538968137427066	-0.0876860016611031	0.915277025727669	0.0106378849620373	0.0106378849620373	32	1	TRUE	1	0	0.915277025727669	-0.551968665273269	-0.143392003996292	TRUE	TRUE	TRUE	FALSE	TRUE	FALSE	FALSE	FALSE	TRUE	TRUE	FALSE	FALSE
Nfkbia	-0.0421365780829957	0.299841634532406	0.299841634532406	19	0	FALSE	0	0	0.345311410060388	-0.298088968200046	0.00376027798306838	1.09599425222654	3.34732264808784e-09	3.34732264808784e-09	19	4	TRUE	4	0	1.917887804979	-0.492940172359055	0.151722295665079	TRUE	TRUE	TRUE	FALSE	TRUE	FALSE	FALSE	FALSE	TRUE	TRUE	FALSE	FALSE
Nid1	-0.0549176136423878	0.0852266847449599	0.0852266847449599	32	0	FALSE	0	0	0.566577882172277	-0.371005508920635	-0.0253136947399018	1.77681304561499	4.05420080050992e-07	4.05420080050992e-07	27	1	TRUE	1	0	1.77681304561499	-0.805138305355431	-0.1844549544376	TRUE	TRUE	TRUE	FALSE	TRUE	FALSE	FALSE	FALSE	TRUE	TRUE	FALSE	FALSE
Nin	-0.139827791282073	0.0568843274846634	0.0568843274846634	40	0	FALSE	0	0	0.640905300298989	-0.525332845455932	-0.108426352012854	0.0947037506548545	0.000549751618950219	0.000549751618950219	36	2	TRUE	1	1	1.09744628524831	-0.908038783938601	-0.230883233523056	TRUE	TRUE	TRUE	FALSE	TRUE	FALSE	TRUE	FALSE	TRUE	TRUE	FALSE	FALSE
Ninj1	0.0294973089170774	0.18765451584596	0.18765451584596	10	0	FALSE	0	0	0.4346085267362	-0.190383104310462	0.0512457767161553	1.19721676188537	3.75107830294418e-06	3.75107830294418e-06	11	2	TRUE	2	0	1.43537481299295	-0.0987407078402783	0.267770336030306	TRUE	TRUE	TRUE	FALSE	TRUE	FALSE	FALSE	FALSE	TRUE	TRUE	FALSE	FALSE
Nipal2	-0.0614576662541921	0.0817389904199674	0.0817389904199674	28	0	FALSE	0	0	0.607963566229662	-0.455124994138792	-0.0541416914412585	0.382754898382894	1.02869204590667e-05	1.02869204590667e-05	36	2	TRUE	1	1	1.52239623110516	-0.770736851283189	-0.151582304871108	TRUE	TRUE	TRUE	FALSE	TRUE	FALSE	TRUE	FALSE	TRUE	TRUE	FALSE	FALSE
Nkain3	-0.137414702877404	0.184833084823888	0.184833084823888	73	0	FALSE	0	0	0.266963751668345	-0.474039132175348	-0.152915082866042	1.56771963290221	3.85659237924372e-12	3.85659237924372e-12	67	8	TRUE	6	2	2.72172766727522	-1.1831760509485	-0.0789339848660474	TRUE	TRUE	TRUE	FALSE	TRUE	FALSE	TRUE	FALSE	TRUE	TRUE	FALSE	FALSE
Nkx6-1	-0.112969202262067	0.138540809630124	0.138540809630124	112	0	FALSE	0	0	0.535094003134715	-0.548819491407515	-0.105337937335196	0.0416235406279795	8.80646461494168e-08	8.80646461494168e-08	103	6	TRUE	3	3	1.83081031927987	-0.940852670309205	-0.246023967213237	TRUE	TRUE	TRUE	FALSE	TRUE	FALSE	TRUE	FALSE	TRUE	TRUE	FALSE	FALSE
Nmi	-0.124143154981077	0.304405025665066	0.304405025665066	7	0	FALSE	0	0	0.255495772960998	-0.35921062854929	-0.0642963461621823	0.815690052458463	0.012465454756423	0.012465454756423	9	1	TRUE	1	0	0.815690052458463	-0.374621901479908	0.152762515278877	TRUE	TRUE	TRUE	FALSE	TRUE	FALSE	FALSE	FALSE	TRUE	TRUE	FALSE	FALSE
Nmur2	-0.117332718835471	0.103075959733466	0.103075959733466	99	0	FALSE	0	0	0.513229934767532	-0.604186563048778	-0.125190203977942	-1.19050374549691	0.000640325505027336	0.000640325505027336	103	4	TRUE	1	3	1.00172435169934	-1.45910813810476	-0.261377765936354	TRUE	TRUE	TRUE	FALSE	TRUE	FALSE	TRUE	FALSE	TRUE	TRUE	FALSE	FALSE
Nobox	0.00902994672845609	0.102447239316726	0.102447239316726	21	0	FALSE	0	0	0.758594578608587	-0.309037806188268	0.0377258074673036	1.94670983392237	8.89749668712502e-22	8.89749668712502e-22	24	6	TRUE	6	0	3.74334926436689	-0.360773030830274	0.655300685758092	TRUE	TRUE	TRUE	FALSE	TRUE	FALSE	FALSE	FALSE	TRUE	TRUE	FALSE	FALSE
Nol11	-0.127008643205307	0.225135192471723	0.225135192471723	20	0	FALSE	0	0	0.290008235444023	-0.417257489399848	-0.111052385302993	-0.310785260951825	0.00358492214946501	0.00358492214946501	18	2	TRUE	1	1	1.00796597822786	-1.62953650013151	-0.186941764928637	TRUE	TRUE	TRUE	FALSE	TRUE	FALSE	TRUE	FALSE	TRUE	TRUE	FALSE	FALSE
Notch1	-0.0764952743462766	0.126684141393075	0.126684141393075	32	0	FALSE	0	0	0.249775801695246	-0.505194307132057	-0.0855415198396439	-0.769543336185492	0.0143374139832019	0.0143374139832019	31	4	TRUE	1	3	0.785774232488116	-0.854489323742823	-0.227407193828034	TRUE	TRUE	TRUE	FALSE	TRUE	FALSE	TRUE	FALSE	TRUE	TRUE	FALSE	FALSE
Npas2	-0.135782286694418	0.0949917574819946	0.0949917574819946	44	0	FALSE	0	0	0.321359010385381	-0.553258380345165	-0.107915647844659	0.076478525433712	0.00485961654161948	0.00485961654161948	44	4	TRUE	2	2	1.03658410766573	-0.845198620707537	-0.174771477745776	TRUE	TRUE	TRUE	FALSE	TRUE	FALSE	TRUE	FALSE	TRUE	TRUE	FALSE	FALSE
Nphp1	-0.0798916034565662	0.0897908878750594	0.0897908878750594	14	0	FALSE	0	0	0.209872186791769	-0.812281457282871	-0.107716667734152	2.53140340935693	1.61094100931884e-13	1.61094100931884e-13	10	2	TRUE	2	0	2.83745267340231	-0.471505414704178	0.391262740477813	TRUE	TRUE	TRUE	FALSE	TRUE	FALSE	FALSE	FALSE	TRUE	TRUE	FALSE	FALSE
Nqo1	-0.172985670171567	0.384523697906772	0.384523697906772	6	0	FALSE	0	0	0.216490299166155	-0.309416665788599	-0.09117198328188	1.39101439353572	5.04118845423274e-05	5.04118845423274e-05	9	1	TRUE	1	0	1.39101439353572	-0.459874574416076	0.0479117756141644	TRUE	TRUE	TRUE	FALSE	TRUE	FALSE	FALSE	FALSE	TRUE	TRUE	FALSE	FALSE
Nr4a2	-0.092716319172418	0.121164811148092	0.121164811148092	25	0	FALSE	0	0	0.0794329932192309	-0.538251751396706	-0.12803580259648	0.869769854878779	0.000272028726152017	0.000272028726152017	31	3	TRUE	2	1	1.14549404042641	-0.721000917399833	-0.132023881911562	TRUE	TRUE	TRUE	FALSE	TRUE	FALSE	TRUE	FALSE	TRUE	TRUE	FALSE	FALSE
Nrg4	-0.0348302423596181	0.0843557005893773	0.0843557005893773	19	0	FALSE	0	0	0.545286438294942	-0.238299055295495	-0.00431962739465494	1.04690163868448	0.00205974090567757	0.00205974090567757	26	2	TRUE	2	0	1.07105477640149	-0.595908449704839	0.00235069134415212	TRUE	TRUE	TRUE	FALSE	TRUE	FALSE	FALSE	FALSE	TRUE	TRUE	FALSE	FALSE
Nrp1	-0.0833115529599302	0.051856766876687	0.051856766876687	43	0	FALSE	0	0	0.598181288497138	-0.35567234621323	-0.0692639003285826	2.73000964555522	2.56078423100343e-12	2.56078423100343e-12	42	4	TRUE	4	0	3.56890865498109	-0.697823344438866	0.127390926786259	TRUE	TRUE	TRUE	FALSE	TRUE	FALSE	FALSE	FALSE	TRUE	TRUE	FALSE	FALSE
Nrros	-0.130882699206763	0.202511248126374	0.202511248126374	10	0	FALSE	0	0	0.0471959094605914	-0.40273403631154	-0.139061499315743	0.411452369599233	3.73115370454596e-07	3.73115370454596e-07	11	2	TRUE	1	1	1.66459628920131	-0.841691550002843	-0.151791210622822	TRUE	TRUE	TRUE	FALSE	TRUE	FALSE	TRUE	FALSE	TRUE	TRUE	FALSE	FALSE
Nsg2	-0.0785344185825533	0.0697349104446867	0.0697349104446867	14	0	FALSE	0	0	0.56597227387552	-0.355688395860034	-0.0751158290012373	1.7343823030169	1.790955284335e-06	1.790955284335e-06	16	1	TRUE	1	0	1.7343823030169	-0.581282644255796	-0.131012696425111	TRUE	TRUE	TRUE	FALSE	TRUE	FALSE	FALSE	FALSE	TRUE	TRUE	FALSE	FALSE
Nsmce2	-0.0653184334851095	0.119040431798453	0.119040431798453	30	0	FALSE	0	0	0.561347740725355	-0.433227027232511	-0.0711684013499621	0.822843146498765	0.0288163205519022	0.0288163205519022	25	1	TRUE	1	0	0.822843146498765	-0.667275540433298	-0.0583719244460765	TRUE	TRUE	TRUE	FALSE	TRUE	FALSE	FALSE	FALSE	TRUE	TRUE	FALSE	FALSE
Nsmce3	-0.0606115008067298	0.104154755933729	0.104154755933729	11	0	FALSE	0	0	0.0765102606470995	-0.581642896781174	-0.139500354938337	1.18778159715698	0.0125479542364653	0.0125479542364653	9	1	TRUE	1	0	1.18778159715698	-0.592214661943479	-0.117399887047564	TRUE	TRUE	TRUE	FALSE	TRUE	FALSE	FALSE	FALSE	TRUE	TRUE	FALSE	FALSE
Ntn3	-0.047656926446116	0.546916511533811	0.546916511533811	2	0	FALSE	0	0	0.129717205737705	-0.225031058629937	-0.047656926446116	0.776598381875563	0.00792477368498619	0.00792477368498619	2	1	TRUE	1	0	0.776598381875563	-0.44125457518193	0.167671903346816	TRUE	TRUE	TRUE	FALSE	TRUE	FALSE	FALSE	FALSE	TRUE	TRUE	FALSE	FALSE
Ntsr1	-0.0805936588952771	0.0690166786297011	0.0690166786297011	17	0	FALSE	0	0	0.667188496337342	-0.388682404585067	-0.045664068009109	0.930440511261501	0.000865178594557993	0.000865178594557993	19	1	TRUE	1	0	0.930440511261501	-0.537896037638499	-0.107521012652425	TRUE	TRUE	TRUE	FALSE	TRUE	FALSE	FALSE	FALSE	TRUE	TRUE	FALSE	FALSE
Nuak1	-0.131009938693913	0.0640651075812926	0.0640651075812926	47	0	FALSE	0	0	0.523808702799865	-0.624057708943996	-0.116707288459362	-0.839565951517158	5.45125761630996e-10	5.45125761630996e-10	44	3	TRUE	1	2	2.43596725165675	-1.13203475598724	-0.177829249262728	TRUE	TRUE	TRUE	FALSE	TRUE	FALSE	TRUE	FALSE	TRUE	TRUE	FALSE	FALSE
Nuf2	-0.0542647194097972	0.149813084363639	0.149813084363639	66	0	FALSE	0	0	0.465186984500262	-0.425456356512884	-0.0682731329321893	1.05384419199271	0.000530018660773519	0.000530018660773519	62	3	TRUE	2	1	1.17462460134158	-0.827979380985532	-0.0966220682515549	TRUE	TRUE	TRUE	FALSE	TRUE	FALSE	TRUE	FALSE	TRUE	TRUE	FALSE	FALSE
Oas1g	-0.0482990786082196	0.257938552036792	0.257938552036792	11	0	FALSE	0	0	0.289987235176669	-0.4016377538588	-0.0420230863765617	0.950919283532901	0.00612880631156816	0.00612880631156816	7	1	TRUE	1	0	0.950919283532901	-0.217970313007438	0.160486079773994	TRUE	TRUE	TRUE	FALSE	TRUE	FALSE	FALSE	FALSE	TRUE	TRUE	FALSE	FALSE
Oat	-0.104577901255175	0.279775858317206	0.279775858317206	38	0	FALSE	0	0	0.372935506327417	-0.351338495676111	-0.0837483469580352	0.865936655669437	4.89522110779587e-08	4.89522110779587e-08	39	5	TRUE	4	1	2.25046952440959	-1.45693786586376	0.00617582444122449	TRUE	TRUE	TRUE	FALSE	TRUE	FALSE	TRUE	FALSE	TRUE	TRUE	FALSE	FALSE
Obi1	-0.0615709628763507	0.247420576967195	0.247420576967195	14	0	FALSE	0	0	0.285000299199176	-0.411258743852546	-0.0633993930939714	1.30529346164092	2.3294272299183e-08	2.3294272299183e-08	14	3	TRUE	2	1	2.78326706258621	-0.876412523607154	0.0173977887656973	TRUE	TRUE	TRUE	FALSE	TRUE	FALSE	TRUE	FALSE	TRUE	TRUE	FALSE	FALSE
Ogfrl1	-0.209103253320558	0.172620935555893	0.172620935555893	21	0	FALSE	0	0	0.299877904808237	-0.473381984857961	-0.185844523512194	-0.888708234769307	1.3368217663724e-06	1.3368217663724e-06	24	3	TRUE	1	2	1.74580849204889	-1.09054904892188	-0.18958589364566	TRUE	TRUE	TRUE	FALSE	TRUE	FALSE	TRUE	FALSE	TRUE	TRUE	FALSE	FALSE
Olfml2b	-0.0345201548098018	0.127404849186522	0.127404849186522	31	0	FALSE	0	0	0.478475996799446	-0.516416371762924	-0.0635883144755741	0.909990819742832	7.36341066623647e-12	7.36341066623647e-12	34	4	TRUE	4	0	2.23616086524481	-0.708381961137528	-0.0297241307663906	TRUE	TRUE	TRUE	FALSE	TRUE	FALSE	FALSE	FALSE	TRUE	TRUE	FALSE	FALSE
Or1aa2	-0.0294823727828451	0.140613541955866	0.140613541955866	7	0	FALSE	0	0	0.368022387065264	-0.578213315327727	-0.0763495623726874	2.53066049031184	1.17240625461347e-12	1.17240625461347e-12	12	1	TRUE	1	0	2.53066049031184	-0.605466968373751	-0.0708885644720516	TRUE	TRUE	TRUE	FALSE	TRUE	FALSE	FALSE	FALSE	TRUE	TRUE	FALSE	FALSE
Or2a7	-0.351698736452945	0.265949047480815	0.265949047480815	2	0	FALSE	0	0	-0.321264467358892	-0.382133005546998	-0.351698736452945	0.746703577993563	0.0443693483628285	0.0443693483628285	4	1	TRUE	1	0	0.746703577993563	-0.432450504902404	0.109299428218197	TRUE	TRUE	TRUE	FALSE	TRUE	FALSE	FALSE	FALSE	TRUE	TRUE	FALSE	FALSE
Or2t1	-0.130084322023068	0.540390089109697	0.540390089109697	4	0	FALSE	0	0	-0.0154372594841823	-0.228058836360795	-0.125916184972778	0.817180515354924	0.0241926309637472	0.0241926309637472	6	1	TRUE	1	0	0.817180515354924	-0.402029346720788	0.0688944733584882	TRUE	TRUE	TRUE	FALSE	TRUE	FALSE	FALSE	FALSE	TRUE	TRUE	FALSE	FALSE
Or51f23	-0.157809463011905	0.277144922781133	0.277144922781133	3	0	FALSE	0	0	0.0401551755836978	-0.385689651281997	-0.167781312903401	2.17120556460322	1.13258745009312e-05	1.13258745009312e-05	6	1	TRUE	1	0	2.17120556460322	-0.586129726600603	0.189163564391044	TRUE	TRUE	TRUE	FALSE	TRUE	FALSE	FALSE	FALSE	TRUE	TRUE	FALSE	FALSE
Or5au1	-0.0611819787040751	0.770356669581927	0.770356669581927	4	0	FALSE	0	0	-0.00955357243610784	-0.118752694436147	-0.0626675560701013	0.859346489970284	0.00966946848564603	0.00966946848564603	4	1	TRUE	1	0	0.859346489970284	-0.415241406842	0.0299627355786597	TRUE	TRUE	TRUE	FALSE	TRUE	FALSE	FALSE	FALSE	TRUE	TRUE	FALSE	FALSE
Or9i1b	-0.171149307160019	0.0966398643867941	0.0966398643867941	41	0	FALSE	0	0	0.235952330057863	-0.611277089627671	-0.187049490517651	-0.970200380986059	6.27364203033553e-09	6.27364203033553e-09	32	3	TRUE	1	2	2.41661524404553	-1.63596796916291	-0.181599310123678	TRUE	TRUE	TRUE	FALSE	TRUE	FALSE	TRUE	FALSE	TRUE	TRUE	FALSE	FALSE
Otc	-0.211367650354405	0.0887911575127348	0.0887911575127348	8	0	FALSE	0	0	0.0553820593043395	-0.580888953934517	-0.232887476084388	1.08144808376925	0.000924602215363083	0.000924602215363083	10	1	TRUE	1	0	1.08144808376925	-0.576047556280006	-0.0361451712860359	TRUE	TRUE	TRUE	FALSE	TRUE	FALSE	FALSE	FALSE	TRUE	TRUE	FALSE	FALSE
Otos	-0.117541718896542	0.22769184920158	0.22769184920158	28	0	FALSE	0	0	0.263889698552857	-0.413824035711043	-0.0888604481875984	1.2319217702437	0.000758479975784933	0.000758479975784933	32	1	TRUE	1	0	1.2319217702437	-0.716766604145738	-0.160621678459142	TRUE	TRUE	TRUE	FALSE	TRUE	FALSE	FALSE	FALSE	TRUE	TRUE	FALSE	FALSE
Otud1	-0.0610398841233524	0.303475275603142	0.303475275603142	26	0	FALSE	0	0	0.178193186486686	-0.360926526132935	-0.0752180807130823	0.819028289857564	1.08291554186638e-06	1.08291554186638e-06	26	3	TRUE	2	1	2.43056559890403	-0.781427987969416	-0.0485522055618554	TRUE	TRUE	TRUE	FALSE	TRUE	FALSE	TRUE	FALSE	TRUE	TRUE	FALSE	FALSE
Otulinl	-0.0298482207395855	0.268102064763068	0.268102064763068	17	0	FALSE	0	0	0.181250738142812	-0.386519302639295	-0.0494224324615786	2.06799625746563	1.86149692335759e-09	1.86149692335759e-09	17	1	TRUE	1	0	2.06799625746563	-0.60003000351218	-0.0131787427349858	TRUE	TRUE	TRUE	FALSE	TRUE	FALSE	FALSE	FALSE	TRUE	TRUE	FALSE	FALSE
Oxct1	-0.0899250991845736	0.192709430555694	0.192709430555694	44	0	FALSE	0	0	0.292094600483169	-0.45769432893087	-0.119802153090497	1.08079433089013	0.00306227902216332	0.00306227902216332	40	1	TRUE	1	0	1.08079433089013	-0.756398647599144	-0.25509231849666	TRUE	TRUE	TRUE	FALSE	TRUE	FALSE	FALSE	FALSE	TRUE	TRUE	FALSE	FALSE
Oxgr1	-0.0863768827149206	0.292437738969098	0.292437738969098	60	0	FALSE	0	0	0.312827246252248	-0.370611330550013	-0.0865406882055968	1.75836432448859	4.01207067101036e-11	4.01207067101036e-11	64	5	TRUE	4	1	1.93158298129553	-0.802299980948385	-0.0189398401161879	TRUE	TRUE	TRUE	FALSE	TRUE	FALSE	TRUE	FALSE	TRUE	TRUE	FALSE	FALSE
Oxr1	-0.0973727040080643	0.0783464783591041	0.0783464783591041	97	0	FALSE	0	0	0.618187307067676	-0.539350490857728	-0.102183561500766	1.57798175453448	1.09284374180116e-22	1.09284374180116e-22	107	10	TRUE	10	0	3.54444184028323	-0.820456307388689	-0.0196825630783587	TRUE	TRUE	TRUE	FALSE	TRUE	FALSE	FALSE	FALSE	TRUE	TRUE	FALSE	FALSE
P2rx1	-0.0151821052809191	0.377527314532534	0.377527314532534	5	0	FALSE	0	0	0.0260304934078659	-0.313927671545596	-0.113880875372211	-0.243617047679699	0.000249561768109028	0.000249561768109028	9	2	TRUE	1	1	0.956506984748382	-1.44374108010778	-0.115369642984156	TRUE	TRUE	TRUE	FALSE	TRUE	FALSE	TRUE	FALSE	TRUE	TRUE	FALSE	FALSE
P2ry6	-0.030740168496122	0.0624431479199529	0.0624431479199529	10	0	FALSE	0	0	0.549162021613946	-0.622497164303432	-0.022571150025439	1.20557199069354	0.000229943919094452	0.000229943919094452	10	1	TRUE	1	0	1.20557199069354	-0.502020900525863	0.0390311693537394	TRUE	TRUE	TRUE	FALSE	TRUE	FALSE	FALSE	FALSE	TRUE	TRUE	FALSE	FALSE
P3h2	-0.111202281450589	0.10722962650549	0.10722962650549	52	0	FALSE	0	0	0.309188554193828	-0.543539847395169	-0.103439329117361	-0.957582387582085	0.0100572399079716	0.0100572399079716	55	3	TRUE	1	2	0.681242083547749	-1.04064657547471	-0.184745120954912	TRUE	TRUE	TRUE	FALSE	TRUE	FALSE	TRUE	FALSE	TRUE	TRUE	FALSE	FALSE
P3h4	0.024392170687035	0.31525647129166	0.31525647129166	4	0	FALSE	0	0	0.345602750518077	-0.189133998718419	0.051313273293432	0.976146787201647	0.00199704803383426	0.00199704803383426	4	1	TRUE	1	0	0.976146787201647	0.0187868080580775	0.465317986861772	TRUE	TRUE	TRUE	FALSE	TRUE	FALSE	FALSE	FALSE	TRUE	TRUE	FALSE	FALSE
P4ha1	-0.112550156533463	0.118952869073259	0.118952869073259	13	0	FALSE	0	0	0.163781622738918	-0.494637057540872	-0.0924775096811501	1.16750583155844	0.0094339403031664	0.0094339403031664	14	1	TRUE	1	0	1.16750583155844	-0.750017368544355	-0.212306858320751	TRUE	TRUE	TRUE	FALSE	TRUE	FALSE	FALSE	FALSE	TRUE	TRUE	FALSE	FALSE
Panx1	-0.127656783510104	0.0877244759226532	0.0877244759226532	26	0	FALSE	0	0	0.536760812721662	-0.367379123372606	-0.0922116886970353	-0.779487677222197	0.0327853587512034	0.0327853587512034	28	4	TRUE	1	3	0.704964172863312	-0.851441741367716	-0.264466874386855	TRUE	TRUE	TRUE	FALSE	TRUE	FALSE	TRUE	FALSE	TRUE	TRUE	FALSE	FALSE
Paqr8	-0.164583138905378	0.101068160667404	0.101068160667404	10	0	FALSE	0	0	0.000288497477688024	-0.565005759856724	-0.204092906106391	0.721949349499475	0.0428012321441133	0.0428012321441133	10	1	TRUE	1	0	0.721949349499475	-0.322576344955716	0.00340908326887031	TRUE	TRUE	TRUE	FALSE	TRUE	FALSE	FALSE	FALSE	TRUE	TRUE	FALSE	FALSE
Paqr9	-0.138404957655632	0.0502701727677195	0.0502701727677195	17	0	FALSE	0	0	0.0589109974850639	-0.735948119854776	-0.176718330980286	0.0215971543852895	0.00945662367122453	0.00945662367122453	12	2	TRUE	1	1	0.913238071555569	-0.87004376278499	-0.16392335823663	TRUE	TRUE	TRUE	FALSE	TRUE	FALSE	TRUE	FALSE	TRUE	TRUE	FALSE	FALSE
Pard3b	-0.098008966998008	0.141710443505467	0.141710443505467	51	0	FALSE	0	0	0.142871156346245	-0.508732540500728	-0.105742372065495	0.958806262566958	4.72633491227864e-05	4.72633491227864e-05	66	6	TRUE	4	2	1.73388237207762	-1.32062648567368	-0.147674309806755	TRUE	TRUE	TRUE	FALSE	TRUE	FALSE	TRUE	FALSE	TRUE	TRUE	FALSE	FALSE
Pard6g	-0.137464961410363	0.171375974756822	0.171375974756822	17	0	FALSE	0	0	0.275528045515976	-0.461935280851237	-0.0957835406357797	1.71374779078717	4.97525971286946e-07	4.97525971286946e-07	21	1	TRUE	1	0	1.71374779078717	-0.519505622463067	-0.0386015729957956	TRUE	TRUE	TRUE	FALSE	TRUE	FALSE	FALSE	FALSE	TRUE	TRUE	FALSE	FALSE
Parp1	-0.0622116046011924	0.212579850295583	0.212579850295583	17	0	FALSE	0	0	0.420852849675474	-0.328892349795316	-0.0578164395506827	1.48149347259088	1.36793831202027e-05	1.36793831202027e-05	20	2	TRUE	2	0	1.61746918653008	-0.577612234303271	0.0712206917723828	TRUE	TRUE	TRUE	FALSE	TRUE	FALSE	FALSE	FALSE	TRUE	TRUE	FALSE	FALSE
Parp8	-0.0613202052936123	0.175677310649818	0.175677310649818	28	0	FALSE	0	0	0.444143574879677	-0.460155137751902	-0.080707753017131	2.47489492829893	1.48618420707452e-07	1.48618420707452e-07	22	1	TRUE	1	0	2.47489492829893	-0.664137769195114	-0.121597642429536	TRUE	TRUE	TRUE	FALSE	TRUE	FALSE	FALSE	FALSE	TRUE	TRUE	FALSE	FALSE
Patj	-0.0965144387399278	0.0608138582026435	0.0608138582026435	56	0	FALSE	0	0	0.368216783242705	-0.619857721850347	-0.0907729071509796	2.07447416472943	5.26214011567092e-27	5.26214011567092e-27	53	12	TRUE	12	0	3.92941686722887	-0.850280919649715	0.396252448801449	TRUE	TRUE	TRUE	FALSE	TRUE	FALSE	FALSE	FALSE	TRUE	TRUE	FALSE	FALSE
Patz1	-0.14790989547038	0.544348597823788	0.544348597823788	2	0	FALSE	0	0	-0.0696698146582092	-0.226149976282551	-0.14790989547038	0.143714243726382	0.00455995524474635	0.00455995524474635	5	2	TRUE	1	1	1.06575466051351	-0.778326173060746	-0.220906384499528	TRUE	TRUE	TRUE	FALSE	TRUE	FALSE	TRUE	FALSE	TRUE	TRUE	FALSE	FALSE
Pcdh10	-0.0768915925265717	0.366223738331566	0.366223738331566	10	0	FALSE	0	0	0.269506007413853	-0.320795049274318	-0.0756994341557133	1.86168731852233	2.79446137751019e-06	2.79446137751019e-06	10	1	TRUE	1	0	1.86168731852233	-0.519634646729988	0.207653192536617	TRUE	TRUE	TRUE	FALSE	TRUE	FALSE	FALSE	FALSE	TRUE	TRUE	FALSE	FALSE
Pcdh11x	-0.19364533567579	0.0544307558089621	0.0544307558089621	18	0	FALSE	0	0	0.809936045936374	-0.568586795501301	-0.105265669734535	0.87996908702435	8.54792783259323e-10	8.54792783259323e-10	19	2	TRUE	1	1	2.88032712456373	-1.12038895051503	-0.276699388470155	TRUE	TRUE	TRUE	FALSE	TRUE	FALSE	TRUE	FALSE	TRUE	TRUE	FALSE	FALSE
Pcdh8	0.138994316295786	0.174445100120267	0.174445100120267	11	0	FALSE	0	0	0.45796909297519	-0.211286990631795	0.101476451413237	0.971354776448434	0.00620578834344471	0.00620578834344471	12	3	TRUE	3	0	1.24574038036662	-0.386377704536351	0.282758394994171	TRUE	TRUE	TRUE	FALSE	TRUE	FALSE	FALSE	FALSE	TRUE	TRUE	FALSE	FALSE
Pcnx	-0.0759696331988433	0.0909942874144317	0.0909942874144317	42	0	FALSE	0	0	0.674561678587033	-0.577038116788605	-0.0735892642412805	-0.857878539975633	1.36392966559401e-05	1.36392966559401e-05	42	4	TRUE	1	3	1.95789914130418	-1.00863845328735	-0.186159190394223	TRUE	TRUE	TRUE	FALSE	TRUE	FALSE	TRUE	FALSE	TRUE	TRUE	FALSE	FALSE
Pcsk2os2	-0.0486451043161235	0.0679121627607118	0.0679121627607118	34	0	FALSE	0	0	0.633180606355027	-0.534140941233206	-0.0465732980623899	-0.173911633656571	0.00417321894107875	0.00417321894107875	33	2	TRUE	1	1	0.813612785782138	-1.16143605309528	-0.212215067474871	TRUE	TRUE	TRUE	FALSE	TRUE	FALSE	TRUE	FALSE	TRUE	TRUE	FALSE	FALSE
Pcsk9	0.0283268861909077	0.134305929544154	0.134305929544154	11	0	FALSE	0	0	0.51185948250282	-0.257774258945971	0.0793100759130624	1.47813887296501	0.000114979697262514	0.000114979697262514	12	1	TRUE	1	0	1.47813887296501	-0.528981793431629	-0.0459812363414656	TRUE	TRUE	TRUE	FALSE	TRUE	FALSE	FALSE	FALSE	TRUE	TRUE	FALSE	FALSE
Pde6a	-0.0471387507087006	0.163613515839333	0.163613515839333	33	0	FALSE	0	0	0.354719765537884	-0.453630916191124	-0.0622131733925019	0.902396899486409	0.0173797336855686	0.0173797336855686	29	1	TRUE	1	0	0.902396899486409	-0.561540815655593	-0.139975835027889	TRUE	TRUE	TRUE	FALSE	TRUE	FALSE	FALSE	FALSE	TRUE	TRUE	FALSE	FALSE
Pdgfrl	0.00926453117531776	0.528094512911411	0.528094512911411	10	0	FALSE	0	0	0.176113294092075	-0.232203715339862	-0.0246230751580572	0.966968589437776	0.00313201814822251	0.00313201814822251	7	2	TRUE	2	0	1.23473660416664	-0.469107500314487	0.145272306528032	TRUE	TRUE	TRUE	FALSE	TRUE	FALSE	FALSE	FALSE	TRUE	TRUE	FALSE	FALSE
Pdia6	-0.0754474066536329	0.189878179556673	0.189878179556673	17	0	FALSE	0	0	0.126495819475722	-0.455685928403218	-0.106383195625503	2.28916305936234	1.84430789540197e-11	1.84430789540197e-11	19	1	TRUE	1	0	2.28916305936234	-0.669663501163366	0.0378368446249273	TRUE	TRUE	TRUE	FALSE	TRUE	FALSE	FALSE	FALSE	TRUE	TRUE	FALSE	FALSE
Pdrg1	-0.169261061018939	0.258018964458878	0.258018964458878	5	0	FALSE	0	0	0.0582478852697552	-0.391939477969363	-0.144875749980502	0.989170143583056	0.00304356276643229	0.00304356276643229	5	1	TRUE	1	0	0.989170143583056	-0.658210189714167	-0.00310545646304481	TRUE	TRUE	TRUE	FALSE	TRUE	FALSE	FALSE	FALSE	TRUE	TRUE	FALSE	FALSE
Pdxk-ps	-0.130521382964475	0.252987531136541	0.252987531136541	14	0	FALSE	0	0	0.260403088574811	-0.397783738491784	-0.0938711478111045	0.723325844680502	0.0399517151055644	0.0399517151055644	13	1	TRUE	1	0	0.723325844680502	-0.453051005534184	-0.201382627467209	TRUE	TRUE	TRUE	FALSE	TRUE	FALSE	FALSE	FALSE	TRUE	TRUE	FALSE	FALSE
Pdzrn3	-0.0813023848544128	0.0865185747224028	0.0865185747224028	121	0	FALSE	0	0	0.46851597682522	-0.643844702339941	-0.107754566006659	3.07660993974143	6.51573859013842e-15	6.51573859013842e-15	143	1	TRUE	1	0	3.07660993974143	-0.774613550454139	-0.150786469690844	TRUE	TRUE	TRUE	FALSE	TRUE	FALSE	FALSE	FALSE	TRUE	TRUE	FALSE	FALSE
Pecam1	-0.102106222930862	0.23434181514296	0.23434181514296	22	0	FALSE	0	0	0.41420257185733	-0.379383131160073	-0.0489348577011347	1.34767677032107	1.34507759099156e-06	1.34507759099156e-06	23	2	TRUE	2	0	1.51509296103806	-0.649933070090006	0.017490154833873	TRUE	TRUE	TRUE	FALSE	TRUE	FALSE	FALSE	FALSE	TRUE	TRUE	FALSE	FALSE
Pex14	-0.0237460708762697	0.0850835585299745	0.0850835585299745	22	0	FALSE	0	0	0.388007694892796	-0.573597050156803	-0.0312050848422543	0.755029396502709	0.0404116339781724	0.0404116339781724	24	1	TRUE	1	0	0.755029396502709	-0.620649285063623	0.00925309872986663	TRUE	TRUE	TRUE	FALSE	TRUE	FALSE	FALSE	FALSE	TRUE	TRUE	FALSE	FALSE
Pex7	-0.0708672267714853	0.287108208911625	0.287108208911625	13	0	FALSE	0	0	0.213787636641802	-0.374132764037019	-0.0600242482923851	0.180078801608461	0.0101303744971415	0.0101303744971415	18	2	TRUE	1	1	1.27585761073983	-0.915700007522909	-0.0532858288704712	TRUE	TRUE	TRUE	FALSE	TRUE	FALSE	TRUE	FALSE	TRUE	TRUE	FALSE	FALSE
Pfdn4	-0.0460831959633529	0.180414223860709	0.180414223860709	26	0	FALSE	0	0	0.274985320852906	-0.447168129962605	-0.0614954962955337	1.00008318784744	0.00905733482713734	0.00905733482713734	22	1	TRUE	1	0	1.00008318784744	-0.624674583700389	-0.182102862428635	TRUE	TRUE	TRUE	FALSE	TRUE	FALSE	FALSE	FALSE	TRUE	TRUE	FALSE	FALSE
Pfkfb3	-0.0378204643390209	0.0627756070214874	0.0627756070214874	24	0	FALSE	0	0	0.496214060952157	-0.603621606822368	-0.0677736156470771	0.698155668823101	0.0191819480103062	0.0191819480103062	28	3	TRUE	2	1	0.894163310134795	-0.845338317063389	-0.129987929461238	TRUE	TRUE	TRUE	FALSE	TRUE	FALSE	TRUE	FALSE	TRUE	TRUE	FALSE	FALSE
Pfn3	0.188018951220784	0.465008783078123	0.465008783078123	2	0	FALSE	0	0	0.265870713148695	0.110167189292874	0.188018951220784	0.786513473574934	0.0470713800409798	0.0470713800409798	3	1	TRUE	1	0	0.786513473574934	-0.106432028115756	0.241856761563651	TRUE	TRUE	TRUE	FALSE	TRUE	FALSE	FALSE	FALSE	TRUE	TRUE	FALSE	FALSE
Pgk1	0.048758218676508	0.378172738637301	0.378172738637301	2	0	FALSE	0	0	0.310249260074442	-0.212732822721426	0.048758218676508	-0.00671007954810948	0.0122726912379703	0.0122726912379703	6	2	TRUE	1	1	0.839565189132523	-0.852985348228742	-0.11679143868437	TRUE	TRUE	TRUE	FALSE	TRUE	FALSE	TRUE	FALSE	TRUE	TRUE	FALSE	FALSE
Pgm2	-0.0548330904378679	0.26238722851033	0.26238722851033	12	0	FALSE	0	0	0.39057806414964	-0.368055866276285	-0.0439514592771787	1.23374383817871	0.000308329302591522	0.000308329302591522	10	2	TRUE	2	0	1.36953711149836	-0.537998749204908	0.0616556360462994	TRUE	TRUE	TRUE	FALSE	TRUE	FALSE	FALSE	FALSE	TRUE	TRUE	FALSE	FALSE
Phf21a	-0.167393362181233	0.133361569827227	0.133361569827227	38	0	FALSE	0	0	0.284166579034583	-0.525466291814924	-0.143489656132389	-0.962299495637173	0.000216537234377021	0.000216537234377021	39	3	TRUE	1	2	1.73518528197308	-1.0280835101612	-0.267780761499796	TRUE	TRUE	TRUE	FALSE	TRUE	FALSE	TRUE	FALSE	TRUE	TRUE	FALSE	FALSE
Phka2	-0.217234120864928	0.154794531111129	0.154794531111129	24	0	FALSE	0	0	0.028207648151647	-0.515098423272452	-0.220444489763578	-0.295505763207215	0.00178182280582007	0.00178182280582007	21	2	TRUE	1	1	0.726508181373929	-1.31751970778836	-0.388449715985587	TRUE	TRUE	TRUE	FALSE	TRUE	FALSE	TRUE	FALSE	TRUE	TRUE	FALSE	FALSE
Phldb2	-0.0973858299233078	0.205573673149337	0.205573673149337	40	0	FALSE	0	0	0.304319847274181	-0.446711783085496	-0.0929742525395351	1.07661268411427	3.44859185768913e-13	3.44859185768913e-13	42	6	TRUE	5	1	2.70415794908669	-0.803375080788846	0.0190585193832911	TRUE	TRUE	TRUE	FALSE	TRUE	FALSE	TRUE	FALSE	TRUE	TRUE	FALSE	FALSE
Phlpp1	-0.0694474623180276	0.0647448718917345	0.0647448718917345	47	0	FALSE	0	0	0.237703512624886	-0.580795047386307	-0.0957636884658556	0.722765396456282	0.0374132145815909	0.0374132145815909	44	1	TRUE	1	0	0.722765396456282	-0.787118802738033	-0.180647333050345	TRUE	TRUE	TRUE	FALSE	TRUE	FALSE	FALSE	FALSE	TRUE	TRUE	FALSE	FALSE
Phyhipl	-0.0816008763236286	0.349131810541684	0.349131810541684	22	0	FALSE	0	0	0.31554693341304	-0.324457548940042	-0.0741662494538297	1.24683449531816	0.000762262644253532	0.000762262644253532	22	1	TRUE	1	0	1.24683449531816	-0.656973648376107	-0.179336887253925	TRUE	TRUE	TRUE	FALSE	TRUE	FALSE	FALSE	FALSE	TRUE	TRUE	FALSE	FALSE
Piezo2	-0.125374963443657	0.078269360886589	0.078269360886589	122	0	FALSE	0	0	0.245967479826389	-0.5909776545615	-0.13165996275867	-0.80568621722505	6.80435091867475e-07	6.80435091867475e-07	119	8	TRUE	2	6	2.12947617622872	-1.14431735536851	-0.246662397992705	TRUE	TRUE	TRUE	FALSE	TRUE	FALSE	TRUE	FALSE	TRUE	TRUE	FALSE	FALSE
Pign	-0.0855476571282493	0.174639939396624	0.174639939396624	21	0	FALSE	0	0	0.114084134491209	-0.483866195567625	-0.122790668555254	2.26903220096358	1.33768930735111e-09	1.33768930735111e-09	23	2	TRUE	2	0	2.40924299974248	-0.675687319724678	0.0571058478106137	TRUE	TRUE	TRUE	FALSE	TRUE	FALSE	FALSE	FALSE	TRUE	TRUE	FALSE	FALSE
Pim1	-0.0305436110621636	0.0658054270161144	0.0658054270161144	18	0	FALSE	0	0	0.845203756867229	-0.341149987649549	0.0167652277292221	0.774219548460304	0.035425859757917	0.035425859757917	14	1	TRUE	1	0	0.774219548460304	-0.456848246902011	-0.00132044179439623	TRUE	TRUE	TRUE	FALSE	TRUE	FALSE	FALSE	FALSE	TRUE	TRUE	FALSE	FALSE
Pim3	-0.067484984047631	0.332201208909273	0.332201208909273	14	0	FALSE	0	0	0.243697367876217	-0.336107719817059	-0.0564579615846847	-0.821120598036063	0.00733636657664481	0.00733636657664481	17	3	TRUE	1	2	0.795853237842176	-1.30401536616937	-0.184890881959868	TRUE	TRUE	TRUE	FALSE	TRUE	FALSE	TRUE	FALSE	TRUE	TRUE	FALSE	FALSE
Pirt	-0.15833218544534	0.0505063917703515	0.0505063917703515	38	0	FALSE	0	0	0.559652097912939	-0.774431709932223	-0.177189003876105	0.786973312464204	0.01945677574367	0.01945677574367	45	1	TRUE	1	0	0.786973312464204	-0.577322158517057	-0.185170808255195	TRUE	TRUE	TRUE	FALSE	TRUE	FALSE	FALSE	FALSE	TRUE	TRUE	FALSE	FALSE
Pitpnm3	-0.00267671531274303	0.2516314262074	0.2516314262074	38	0	FALSE	0	0	0.391440665071721	-0.338357478644386	-0.0048573850081708	0.126788197486726	0.00111191487189536	0.00111191487189536	40	2	TRUE	1	1	1.02066674465278	-0.767090349679328	-0.0823503527434983	TRUE	TRUE	TRUE	FALSE	TRUE	FALSE	TRUE	FALSE	TRUE	TRUE	FALSE	FALSE
Pkib	-0.109232544985337	0.0681534458425478	0.0681534458425478	21	0	FALSE	0	0	0.311715159815657	-0.619066879468967	-0.100006169138106	0.599059383036747	4.65975321774508e-05	4.65975321774508e-05	28	2	TRUE	1	1	2.10848145487809	-0.910362688804596	-0.121074043679456	TRUE	TRUE	TRUE	FALSE	TRUE	FALSE	TRUE	FALSE	TRUE	TRUE	FALSE	FALSE
Pkig	-0.04410819897482	0.279663787251193	0.279663787251193	11	0	FALSE	0	0	0.297972252540091	-0.369108612333924	-0.00297899335709735	1.17030441391426	0.00144858620065447	0.00144858620065447	14	1	TRUE	1	0	1.17030441391426	-0.227350754840266	0.177832421730328	TRUE	TRUE	TRUE	FALSE	TRUE	FALSE	FALSE	FALSE	TRUE	TRUE	FALSE	FALSE
Pknox1	-0.0040378209618908	0.124566692928544	0.124566692928544	14	0	FALSE	0	0	0.333249462788544	-0.529841524444834	-0.0477234444789192	0.746416499581144	0.0435125261136917	0.0435125261136917	15	1	TRUE	1	0	0.746416499581144	-0.507060502085439	-0.0975113613966636	TRUE	TRUE	TRUE	FALSE	TRUE	FALSE	FALSE	FALSE	TRUE	TRUE	FALSE	FALSE
Pla2g5	-0.0377764343256713	0.156641336855739	0.156641336855739	11	0	FALSE	0	0	0.495945005448668	-0.230435169520812	0.0184240161174195	0.871319795603264	0.0128027921590904	0.0128027921590904	12	1	TRUE	1	0	0.871319795603264	-0.432274311026873	-0.000181993735928306	TRUE	TRUE	TRUE	FALSE	TRUE	FALSE	FALSE	FALSE	TRUE	TRUE	FALSE	FALSE
Plac1	-0.159827071572029	0.0544951562027544	0.0544951562027544	30	0	FALSE	0	0	0.368228284313072	-0.82754487091907	-0.128183853868498	1.1877268469092	0.00180021927539331	0.00180021927539331	34	3	TRUE	2	1	1.23602704803626	-1.56979007985621	-0.335752139969543	TRUE	TRUE	TRUE	FALSE	TRUE	FALSE	TRUE	FALSE	TRUE	TRUE	FALSE	FALSE
Platr22	-0.115448984552383	0.0653497330335412	0.0653497330335412	27	0	FALSE	0	0	0.859053055138951	-0.56660447626969	-0.0770472539654932	1.75703536772205	1.00348437704386e-06	1.00348437704386e-06	35	2	TRUE	2	0	2.77040046611472	-0.492025339458516	-0.0913757653003559	TRUE	TRUE	TRUE	FALSE	TRUE	FALSE	FALSE	FALSE	TRUE	TRUE	FALSE	FALSE
Plch2	-0.0920261952328812	0.063756992344155	0.063756992344155	33	0	FALSE	0	0	0.590135564576177	-0.486489357490142	-0.0878180545691308	0.950441139157087	9.68293943802355e-13	9.68293943802355e-13	29	3	TRUE	3	0	2.40225609024564	-0.618225330326382	0.058359377123276	TRUE	TRUE	TRUE	FALSE	TRUE	FALSE	FALSE	FALSE	TRUE	TRUE	FALSE	FALSE
Plcxd3	-0.0868195098720038	0.290299570400716	0.290299570400716	29	0	FALSE	0	0	0.295500426964334	-0.37227451818696	-0.0575635035279966	1.80389223292661	2.27807359176419e-08	2.27807359176419e-08	34	6	TRUE	4	2	2.24856633718448	-0.925870558496313	0.0212893927668473	TRUE	TRUE	TRUE	FALSE	TRUE	FALSE	TRUE	FALSE	TRUE	TRUE	FALSE	FALSE
Plekha1	-0.144232118207104	0.180521813963102	0.180521813963102	19	0	FALSE	0	0	0.287227870097217	-0.449349680368893	-0.107296951190092	-0.059294091116746	0.0192610639812245	0.0192610639812245	16	2	TRUE	1	1	0.791024046646593	-0.909612228880085	-0.183088836192291	TRUE	TRUE	TRUE	FALSE	TRUE	FALSE	TRUE	FALSE	TRUE	TRUE	FALSE	FALSE
Plekhs1	-0.0777666815463021	0.189967990112581	0.189967990112581	17	0	FALSE	0	0	0.451383715465239	-0.298332770209676	-0.0362395934445877	1.26422205033907	9.37194400606061e-28	9.37194400606061e-28	15	3	TRUE	3	0	3.80164494095721	-0.388519162392103	0.285472732867446	TRUE	TRUE	TRUE	FALSE	TRUE	FALSE	FALSE	FALSE	TRUE	TRUE	FALSE	FALSE
Plin2	-0.145112050903943	0.227690730104263	0.227690730104263	12	0	FALSE	0	0	0.295299761075735	-0.412559032160671	-0.121684393394728	1.4167557561744	2.087647541473e-07	2.087647541473e-07	13	2	TRUE	2	0	1.57261136516435	-0.472321610117523	0.281644087861109	TRUE	TRUE	TRUE	FALSE	TRUE	FALSE	FALSE	FALSE	TRUE	TRUE	FALSE	FALSE
Plpp1	-0.0785675840665325	0.171422332771376	0.171422332771376	23	0	FALSE	0	0	0.309404828723027	-0.473496709919618	-0.0403711860121911	1.26108721963454	0.000132313298057812	0.000132313298057812	16	2	TRUE	2	0	1.41423062775234	-0.560725395902329	-0.0380882078987503	TRUE	TRUE	TRUE	FALSE	TRUE	FALSE	FALSE	FALSE	TRUE	TRUE	FALSE	FALSE
Pnma3	-0.117564632766448	0.152463256927857	0.152463256927857	3	0	FALSE	0	0	-0.116346145693958	-0.492020324981595	-0.241977034480667	2.41932116495491	8.129619146776e-11	8.129619146776e-11	3	1	TRUE	1	0	2.41932116495491	0.0138949797459784	0.829096423147786	TRUE	TRUE	TRUE	FALSE	TRUE	FALSE	FALSE	FALSE	TRUE	TRUE	FALSE	FALSE
Pnma5	-0.185714490611399	0.342116567394502	0.342116567394502	7	0	FALSE	0	0	0.0502279083037471	-0.335986869111577	-0.162477481566201	1.72933962390591	1.56057549677286e-05	1.56057549677286e-05	7	1	TRUE	1	0	1.72933962390591	-0.474253254294469	0.0994057655206768	TRUE	TRUE	TRUE	FALSE	TRUE	FALSE	FALSE	FALSE	TRUE	TRUE	FALSE	FALSE
Pnpla1	-0.0472417948984116	0.342715045398759	0.342715045398759	9	0	FALSE	0	0	0.099716362158713	-0.335693086514179	-0.0720401957622893	1.13996536299257	0.00249259253811635	0.00249259253811635	11	1	TRUE	1	0	1.13996536299257	-0.754988357902669	0.00323846610388872	TRUE	TRUE	TRUE	FALSE	TRUE	FALSE	FALSE	FALSE	TRUE	TRUE	FALSE	FALSE
Pofut2	-0.133734502924077	0.0769881279437302	0.0769881279437302	29	0	FALSE	0	0	0.361803693535308	-0.517551317060022	-0.102877001796932	0.0254637850571425	6.40245543580212e-05	6.40245543580212e-05	27	4	TRUE	2	2	1.09428182383889	-0.946535893124876	-0.133537089692008	TRUE	TRUE	TRUE	FALSE	TRUE	FALSE	TRUE	FALSE	TRUE	TRUE	FALSE	FALSE
Poteg	-0.0737668462875634	0.0893438767874483	0.0893438767874483	33	0	FALSE	0	0	0.562441467176113	-0.388159809302888	-0.0727895345008535	0.130219585981694	0.00106550195892403	0.00106550195892403	29	2	TRUE	1	1	1.19558792212094	-0.935148750157552	-0.269358831589105	TRUE	TRUE	TRUE	FALSE	TRUE	FALSE	TRUE	FALSE	TRUE	TRUE	FALSE	FALSE
Pou3f1	-0.13509038560811	0.231557281776863	0.231557281776863	27	0	FALSE	0	0	0.402522038862595	-0.387635795550413	-0.105335612131612	2.01878005752299	2.53433362711883e-08	2.53433362711883e-08	27	1	TRUE	1	0	2.01878005752299	-0.743412271085944	-0.0106557628054723	TRUE	TRUE	TRUE	FALSE	TRUE	FALSE	FALSE	FALSE	TRUE	TRUE	FALSE	FALSE
Pparg	-0.0526896870048084	0.336077789155969	0.336077789155969	26	0	FALSE	0	0	0.261709681304513	-0.339959576231667	-0.0569911846933408	1.10078291887278	0.00132827515228954	0.00132827515228954	26	4	TRUE	4	0	1.34110212733973	-0.655129972873059	-0.0371261321594877	TRUE	TRUE	TRUE	FALSE	TRUE	FALSE	FALSE	FALSE	TRUE	TRUE	FALSE	FALSE
Ppef1	-0.172820413266225	0.126286858724896	0.126286858724896	4	0	FALSE	0	0	0.137694909743891	-0.571849046376042	-0.19494874079115	0.81984752987457	0.0242974823970365	0.0242974823970365	11	1	TRUE	1	0	0.81984752987457	-0.773967008292796	-0.136370256012336	TRUE	TRUE	TRUE	FALSE	TRUE	FALSE	FALSE	FALSE	TRUE	TRUE	FALSE	FALSE
Ppfia2	-0.165927100840817	0.0837624609920967	0.0837624609920967	59	0	FALSE	0	0	0.536295862310522	-0.651209308127162	-0.159722643008303	0.902572106085623	8.24510389501941e-09	8.24510389501941e-09	42	5	TRUE	3	2	2.16953702343208	-1.05098218556973	-0.166267438458963	TRUE	TRUE	TRUE	FALSE	TRUE	FALSE	TRUE	FALSE	TRUE	TRUE	FALSE	FALSE
Ppm1l	-0.0790490208847213	0.0591014041302834	0.0591014041302834	66	0	FALSE	0	0	0.671845119828551	-0.863873928197375	-0.0607038490742285	1.08636366406702	2.11571059600027e-09	2.11571059600027e-09	75	6	TRUE	4	2	2.38243823701681	-0.933813304009237	0.00129285998956949	TRUE	TRUE	TRUE	FALSE	TRUE	FALSE	TRUE	FALSE	TRUE	TRUE	FALSE	FALSE
Ppp1cb	-0.0375366057526293	0.128104543280687	0.128104543280687	17	0	FALSE	0	0	0.425456692195041	-0.610817529754419	-0.0179166481322841	1.07467129798936	0.000178034311912728	0.000178034311912728	17	3	TRUE	3	0	1.58342070312962	-0.482802235420387	0.190203696447756	TRUE	TRUE	TRUE	FALSE	TRUE	FALSE	FALSE	FALSE	TRUE	TRUE	FALSE	FALSE
Ppp1r13b	-0.113148853236957	0.280316943493637	0.280316943493637	17	0	FALSE	0	0	0.343679311947272	-0.380794797813094	-0.0931209504201074	0.897475885133556	0.0181214029530258	0.0181214029530258	18	1	TRUE	1	0	0.897475885133556	-0.523383130908875	-0.0795066820326704	TRUE	TRUE	TRUE	FALSE	TRUE	FALSE	FALSE	FALSE	TRUE	TRUE	FALSE	FALSE
Ppp1r14a	0.291632635380538	0.0860692234543044	0.0860692234543044	2	0	FALSE	0	0	0.60164846482337	-0.0183831940622937	0.291632635380538	1.69167716003335	2.79884334298735e-06	2.79884334298735e-06	3	1	TRUE	1	0	1.69167716003335	-0.0357489250960417	0.624978438269027	TRUE	TRUE	TRUE	FALSE	TRUE	FALSE	FALSE	FALSE	TRUE	TRUE	FALSE	FALSE
Ppp1r14bl	-0.0713668381674326	0.068331952474956	0.068331952474956	36	0	FALSE	0	0	0.235477453840187	-0.735939741361187	-0.0781331278438904	2.09825839923636	1.8331098044209e-25	1.8331098044209e-25	44	17	TRUE	17	0	3.57251420591606	-0.335057763374316	0.807142809960617	TRUE	TRUE	TRUE	FALSE	TRUE	FALSE	FALSE	FALSE	TRUE	TRUE	FALSE	FALSE
Ppp1r2-ps9	-0.193015195586673	0.178796125979302	0.178796125979302	20	0	FALSE	0	0	0.516848331579473	-0.485400678830405	-0.185066916483597	1.12378090800825	1.71061488784969e-09	1.71061488784969e-09	29	9	TRUE	5	4	2.28811914447113	-1.50086811470018	-0.0640026493601013	TRUE	TRUE	TRUE	FALSE	TRUE	FALSE	TRUE	FALSE	TRUE	TRUE	FALSE	FALSE
Ppp1r3b	-0.0411790725749185	0.149608624961432	0.149608624961432	57	0	FALSE	0	0	0.48678704543208	-0.427074989604683	-0.0518670767683386	1.17005369679051	1.18847187666014e-05	1.18847187666014e-05	67	6	TRUE	6	0	1.88140842317317	-0.581577960480046	-0.00254357064198093	TRUE	TRUE	TRUE	FALSE	TRUE	FALSE	FALSE	FALSE	TRUE	TRUE	FALSE	FALSE
Pptc7	-0.0019187560944445	0.311215255630783	0.311215255630783	11	0	FALSE	0	0	0.167065967878774	-0.356870603170343	-0.0388645668647581	1.40215894687647	0.0133964398267291	0.0133964398267291	12	1	TRUE	1	0	1.40215894687647	-0.628823285751283	-0.058695200510663	TRUE	TRUE	TRUE	FALSE	TRUE	FALSE	FALSE	FALSE	TRUE	TRUE	FALSE	FALSE
Prdm5	-0.104170471851185	0.156303854838473	0.156303854838473	20	0	FALSE	0	0	0.446461418599338	-0.51831874995293	-0.0993960929920123	2.2190983830256	4.09757044419404e-23	4.09757044419404e-23	15	3	TRUE	3	0	3.36366706795177	-0.787147541306773	0.290142947530499	TRUE	TRUE	TRUE	FALSE	TRUE	FALSE	FALSE	FALSE	TRUE	TRUE	FALSE	FALSE
Prep	-0.0861137726965005	0.100230350571734	0.100230350571734	70	0	FALSE	0	0	0.475793887686989	-0.568698032291538	-0.0955219020367697	-0.737047296370678	2.5353958722015e-14	2.5353958722015e-14	68	3	TRUE	1	2	2.6894939486008	-0.886707015963307	-0.24496623274544	TRUE	TRUE	TRUE	FALSE	TRUE	FALSE	TRUE	FALSE	TRUE	TRUE	FALSE	FALSE
Prkaa2	-0.126800515363982	0.258524427764118	0.258524427764118	14	0	FALSE	0	0	0.151790854518867	-0.387620669534155	-0.152975814075091	0.690904247023772	1.78474415820481e-07	1.78474415820481e-07	16	2	TRUE	1	1	2.23926265986965	-0.857454165822106	-0.0194899704477477	TRUE	TRUE	TRUE	FALSE	TRUE	FALSE	TRUE	FALSE	TRUE	TRUE	FALSE	FALSE
Prkar1b	-0.0646692674310892	0.125451939552553	0.125451939552553	45	0	FALSE	0	0	0.362914993463803	-0.53478020391788	-0.0746205039086843	0.802889717555801	0.000345928567622529	0.000345928567622529	43	3	TRUE	2	1	1.2117592085533	-0.800271982036317	-0.0715630405994739	TRUE	TRUE	TRUE	FALSE	TRUE	FALSE	TRUE	FALSE	TRUE	TRUE	FALSE	FALSE
Prkcz	-0.174145581701968	0.10138132812068	0.10138132812068	30	0	FALSE	0	0	0.175473010004343	-0.530870275593262	-0.183860546035027	-0.106901431420943	0.00587327830506886	0.00587327830506886	32	2	TRUE	1	1	0.716750495530741	-0.930553358372627	-0.350350804108255	TRUE	TRUE	TRUE	FALSE	TRUE	FALSE	TRUE	FALSE	TRUE	TRUE	FALSE	FALSE
Prlhr	-0.16089934526186	0.0527340007606906	0.0527340007606906	23	0	FALSE	0	0	0.380573548294282	-0.770799851640589	-0.178226185943357	-0.890231329369811	7.84063104530219e-07	7.84063104530219e-07	31	3	TRUE	1	2	1.50698261336294	-1.03956190854082	-0.322172472999431	TRUE	TRUE	TRUE	FALSE	TRUE	FALSE	TRUE	FALSE	TRUE	TRUE	FALSE	FALSE
Prmt6	-0.162276655815834	0.0738559801456523	0.0738559801456523	61	0	FALSE	0	0	0.130225265127255	-0.750382937989081	-0.167357179243627	1.25441459050132	0.000787345824029834	0.000787345824029834	52	1	TRUE	1	0	1.25441459050132	-0.842619806943799	-0.250879383049671	TRUE	TRUE	TRUE	FALSE	TRUE	FALSE	FALSE	FALSE	TRUE	TRUE	FALSE	FALSE
Proser2	-0.0402037057634814	0.367865952287723	0.367865952287723	11	0	FALSE	0	0	0.319618597161981	-0.296431668424674	0.0182769927609129	1.08098891579183	0.000367235974084994	0.000367235974084994	10	3	TRUE	3	0	1.44974629987519	-0.271234999571415	0.316675285839397	TRUE	TRUE	TRUE	FALSE	TRUE	FALSE	FALSE	FALSE	TRUE	TRUE	FALSE	FALSE
Prr30	-0.0941974220339099	0.0637377421763626	0.0637377421763626	68	0	FALSE	0	0	0.205736748489468	-0.807275453965292	-0.105245319161194	1.39477552940202	6.21821847203031e-13	6.21821847203031e-13	68	5	TRUE	3	2	2.78592108780175	-0.966924921548006	-0.210243416757692	TRUE	TRUE	TRUE	FALSE	TRUE	FALSE	TRUE	FALSE	TRUE	TRUE	FALSE	FALSE
Prss39	-0.0630223784786595	0.669014721202041	0.669014721202041	7	0	FALSE	0	0	0.0190566509507529	-0.168810370560027	-0.0575586217141622	2.02646218058262	0.00680096435637473	0.00680096435637473	5	1	TRUE	1	0	2.02646218058262	-0.332297246267952	0.29661407958152	TRUE	TRUE	TRUE	FALSE	TRUE	FALSE	FALSE	FALSE	TRUE	TRUE	FALSE	FALSE
Psd2	-0.0504551750365705	0.167896069319878	0.167896069319878	27	0	FALSE	0	0	0.473274531502773	-0.29744226819524	-0.0105819269709903	2.27400603365249	4.03677638232705e-22	4.03677638232705e-22	26	2	TRUE	2	0	3.20613792706843	-0.757922066873533	0.106915720084373	TRUE	TRUE	TRUE	FALSE	TRUE	FALSE	FALSE	FALSE	TRUE	TRUE	FALSE	FALSE
Psma1	-0.175325536471772	0.224673973972468	0.224673973972468	10	0	FALSE	0	0	-0.0943185001569263	-0.416252591992813	-0.216699744058211	2.88678478655593	4.78168271711189e-11	4.78168271711189e-11	11	1	TRUE	1	0	2.88678478655593	-0.566159910212789	0.0988105949687363	TRUE	TRUE	TRUE	FALSE	TRUE	FALSE	FALSE	FALSE	TRUE	TRUE	FALSE	FALSE
Psmd7	-0.0890940663428939	0.111532929388808	0.111532929388808	33	0	FALSE	0	0	0.300428306803489	-0.597663428605964	-0.100768800141621	0.810304287827521	0.0427993487998837	0.0427993487998837	30	1	TRUE	1	0	0.810304287827521	-0.712157916743288	-0.155947287115687	TRUE	TRUE	TRUE	FALSE	TRUE	FALSE	FALSE	FALSE	TRUE	TRUE	FALSE	FALSE
Psmg4	-0.126608026549664	0.192661480124143	0.192661480124143	8	0	FALSE	0	0	0.448843482373865	-0.238144952499463	-0.00729218542369138	1.61885233377822	3.09725739448949e-05	3.09725739448949e-05	8	1	TRUE	1	0	1.61885233377822	-0.48418880045573	0.27274346439763	TRUE	TRUE	TRUE	FALSE	TRUE	FALSE	FALSE	FALSE	TRUE	TRUE	FALSE	FALSE
Ptbp3	0.0366698259221825	0.141069264163974	0.141069264163974	8	0	FALSE	0	0	0.345818057540149	-0.57440607641826	0.00531784422590241	1.82411247306468	1.38986473659179e-05	1.38986473659179e-05	12	1	TRUE	1	0	1.82411247306468	-0.63447317153884	-0.0723733666752115	TRUE	TRUE	TRUE	FALSE	TRUE	FALSE	FALSE	FALSE	TRUE	TRUE	FALSE	FALSE
Ptchd1	-0.177351757291612	0.0853317719119315	0.0853317719119315	25	0	FALSE	0	0	0.630647708981583	-0.737596689951184	-0.197976629110504	0.20281947579849	2.30473038206702e-17	2.30473038206702e-17	27	6	TRUE	3	3	3.78302163388901	-1.5417653589209	0.0374654354485334	TRUE	TRUE	TRUE	FALSE	TRUE	FALSE	TRUE	FALSE	TRUE	TRUE	FALSE	FALSE
Ptgds	-0.309946614206514	0.161816359375324	0.161816359375324	4	0	FALSE	0	0	-0.0700054570434865	-0.443598762505987	-0.283374361990626	1.14740794394242	0.00128401370507382	0.00128401370507382	7	1	TRUE	1	0	1.14740794394242	-0.504060030416317	-0.00570953291399233	TRUE	TRUE	TRUE	FALSE	TRUE	FALSE	FALSE	FALSE	TRUE	TRUE	FALSE	FALSE
Ptpn20	-0.0496234897928243	0.186675552087281	0.186675552087281	45	0	FALSE	0	0	0.451203767823167	-0.394990082414622	-0.0754280926165967	0.243443576992361	0.00127287608734464	0.00127287608734464	44	2	TRUE	1	1	1.22493378191906	-0.738046627934338	-0.153685357477175	TRUE	TRUE	TRUE	FALSE	TRUE	FALSE	TRUE	FALSE	TRUE	TRUE	FALSE	FALSE
Ptprj	-0.0992868880236319	0.0916309734008594	0.0916309734008594	50	0	FALSE	0	0	0.235373784509391	-0.523411720771782	-0.101154887178802	0.121425578469158	0.00266637460501954	0.00266637460501954	54	2	TRUE	1	1	1.19866718009067	-0.955816023152355	-0.11173966676715	TRUE	TRUE	TRUE	FALSE	TRUE	FALSE	TRUE	FALSE	TRUE	TRUE	FALSE	FALSE
Purg	-0.0553795356022772	0.0734087520103466	0.0734087520103466	12	0	FALSE	0	0	0.754221299762125	-0.413996659483392	-0.0472374668775874	0.379803535955331	6.39964008445554e-06	6.39964008445554e-06	12	2	TRUE	1	1	1.59464285616003	-0.835035784249369	-0.0835478417807786	TRUE	TRUE	TRUE	FALSE	TRUE	FALSE	TRUE	FALSE	TRUE	TRUE	FALSE	FALSE
Qrfprl	-0.149847595601312	0.0761729437783304	0.0761729437783304	23	0	FALSE	0	0	0.268578342171333	-0.628552461075567	-0.137726319359302	-0.0794374243400455	0.0384854160525029	0.0384854160525029	25	2	TRUE	1	1	0.744675169551697	-0.903550018231788	-0.265812163559684	TRUE	TRUE	TRUE	FALSE	TRUE	FALSE	TRUE	FALSE	TRUE	TRUE	FALSE	FALSE
Rab11fip5	-0.0545633330095117	0.553521255465261	0.553521255465261	12	0	FALSE	0	0	0.0838715298454608	-0.221915577787906	-0.0694305573602898	1.0234687342842	0.00270122963438354	0.00270122963438354	10	1	TRUE	1	0	1.0234687342842	-0.624653135885512	-0.103375461863443	TRUE	TRUE	TRUE	FALSE	TRUE	FALSE	FALSE	FALSE	TRUE	TRUE	FALSE	FALSE
Rab38	-0.10381536033574	0.0920608143352766	0.0920608143352766	34	0	FALSE	0	0	0.168599627002174	-0.625935598675021	-0.133529666981299	-0.964741181200749	0.0230904520852532	0.0230904520852532	30	3	TRUE	1	2	0.929117811503368	-1.08154513970206	-0.31043233151013	TRUE	TRUE	TRUE	FALSE	TRUE	FALSE	TRUE	FALSE	TRUE	TRUE	FALSE	FALSE
Rab3c	-0.0640183390880976	0.0869992540346195	0.0869992540346195	43	0	FALSE	0	0	0.521732312095746	-0.497247767779635	-0.041157988265551	1.58282729058237	1.81307355599096e-12	1.81307355599096e-12	44	11	TRUE	11	0	3.31305657206626	-0.617150403916986	0.450140732817303	TRUE	TRUE	TRUE	FALSE	TRUE	FALSE	FALSE	FALSE	TRUE	TRUE	FALSE	FALSE
Rabgap1l	-0.0855408779889809	0.150715786274753	0.150715786274753	65	0	FALSE	0	0	0.234397849293497	-0.549065659979829	-0.101629152611341	1.39730552857628	1.68414420614738e-05	1.68414420614738e-05	61	3	TRUE	3	0	1.88401084856514	-0.733735577269545	-0.115029262992079	TRUE	TRUE	TRUE	FALSE	TRUE	FALSE	FALSE	FALSE	TRUE	TRUE	FALSE	FALSE
Racgap1	0.020517894496545	0.142603888440538	0.142603888440538	15	0	FALSE	0	0	0.335640131350349	-0.504908256076332	0.00199321261017495	1.86125568664048	2.39841959469607e-06	2.39841959469607e-06	13	1	TRUE	1	0	1.86125568664048	-0.391971895358135	0.219725022967305	TRUE	TRUE	TRUE	FALSE	TRUE	FALSE	FALSE	FALSE	TRUE	TRUE	FALSE	FALSE
Rad51ap2	-0.159001819243483	0.11819556105101	0.11819556105101	12	0	FALSE	0	0	0.36089245831253	-0.550148421287056	-0.131874724412567	0.59311837901289	1.86168163530635e-06	1.86168163530635e-06	14	2	TRUE	1	1	2.24875324904817	-1.06251649102239	-0.118371853490617	TRUE	TRUE	TRUE	FALSE	TRUE	FALSE	TRUE	FALSE	TRUE	TRUE	FALSE	FALSE
Radil	-0.153457245242209	0.139661104159012	0.139661104159012	21	0	FALSE	0	0	0.0947759970512398	-0.472299306208768	-0.143087018972032	0.779403924999504	0.0250963618079375	0.0250963618079375	19	1	TRUE	1	0	0.779403924999504	-0.516824133032847	-0.0510232887732296	TRUE	TRUE	TRUE	FALSE	TRUE	FALSE	FALSE	FALSE	TRUE	TRUE	FALSE	FALSE
Rag1	-0.212454136765056	0.504206199356417	0.504206199356417	3	0	FALSE	0	0	-0.114670035001569	-0.244760880721786	-0.19062835082947	1.6967910434215	2.61236117793276e-06	2.61236117793276e-06	6	2	TRUE	2	0	2.43400704102686	-0.307548753990575	0.634704463399615	TRUE	TRUE	TRUE	FALSE	TRUE	FALSE	FALSE	FALSE	TRUE	TRUE	FALSE	FALSE
Ralyl	-0.116865355927479	0.0555269235750268	0.0555269235750268	107	0	FALSE	0	0	0.392043506262461	-0.766909321403757	-0.136387614638321	1.38162719759487	1.72549991946077e-11	1.72549991946077e-11	90	12	TRUE	7	5	2.18771987861738	-2.03296379450598	-0.115694397139013	TRUE	TRUE	TRUE	FALSE	TRUE	FALSE	TRUE	FALSE	TRUE	TRUE	FALSE	FALSE
Ranbp9	-0.123393322657258	0.0979618979111393	0.0979618979111393	18	0	FALSE	0	0	0.408810189556003	-0.548396018274513	-0.108404355096467	0.948293596103908	0.00254772486329543	0.00254772486329543	16	1	TRUE	1	0	0.948293596103908	-0.715650755276428	-0.188657903796525	TRUE	TRUE	TRUE	FALSE	TRUE	FALSE	FALSE	FALSE	TRUE	TRUE	FALSE	FALSE
Rasa2	-0.0880174383480813	0.152620576064811	0.152620576064811	28	0	FALSE	0	0	0.192076856395933	-0.496607072370496	-0.100272893609981	1.08004481970262	0.000514069664246343	0.000514069664246343	24	2	TRUE	2	0	1.38099780561643	-0.710254329436326	-0.158139042411529	TRUE	TRUE	TRUE	FALSE	TRUE	FALSE	FALSE	FALSE	TRUE	TRUE	FALSE	FALSE
Rasal2	-0.0940049091745992	0.130446318713192	0.130446318713192	28	0	FALSE	0	0	0.60149834686113	-0.556978798397136	-0.0424991504791555	0.122927793472972	0.0403055975824268	0.0403055975824268	25	2	TRUE	1	1	1.09267452110526	-0.846818934159317	-0.165838177548251	TRUE	TRUE	TRUE	FALSE	TRUE	FALSE	TRUE	FALSE	TRUE	TRUE	FALSE	FALSE
Rasgrp1	-0.0838158931186952	0.0865831760254501	0.0865831760254501	68	0	FALSE	0	0	0.278244289068788	-0.658122674928872	-0.0957871418894149	0.772711906400736	0.00474298185212514	0.00474298185212514	66	3	TRUE	2	1	0.949633414172038	-1.02860635312294	-0.0945724792132496	TRUE	TRUE	TRUE	FALSE	TRUE	FALSE	TRUE	FALSE	TRUE	TRUE	FALSE	FALSE
Rasl11b	-0.0482109009441894	0.300589990757814	0.300589990757814	20	0	FALSE	0	0	0.362967322771267	-0.255675382842009	-0.0278311889766557	1.31940488249169	9.3644334723997e-06	9.3644334723997e-06	24	3	TRUE	3	0	1.64030024386102	-0.439872516020464	0.151790220151356	TRUE	TRUE	TRUE	FALSE	TRUE	FALSE	FALSE	FALSE	TRUE	TRUE	FALSE	FALSE
Rassf4	-0.140372131877136	0.0500526597886452	0.0500526597886452	14	0	FALSE	0	0	0.15613025266483	-0.76695093145662	-0.193977056294632	0.0804556616612774	0.00150566227221709	0.00150566227221709	14	2	TRUE	1	1	1.04382693275683	-0.882915609434275	-0.161674428027075	TRUE	TRUE	TRUE	FALSE	TRUE	FALSE	TRUE	FALSE	TRUE	TRUE	FALSE	FALSE
Rbm38	-0.123779276369126	0.342595038056486	0.342595038056486	18	0	FALSE	0	0	0.0681278237514431	-0.333144496670471	-0.115326013592354	-0.029340082598518	0.0402878230869975	0.0402878230869975	19	2	TRUE	1	1	0.668235696192732	-0.726915861389768	-0.205997076687676	TRUE	TRUE	TRUE	FALSE	TRUE	FALSE	TRUE	FALSE	TRUE	TRUE	FALSE	FALSE
Rbms1	-0.0797388009461239	0.1532886961949	0.1532886961949	62	0	FALSE	0	0	0.356915417793664	-0.500091379636498	-0.0758564159475497	-0.856443247617859	4.93471758583197e-05	4.93471758583197e-05	60	7	TRUE	2	5	1.60279797027831	-1.68182258018087	-0.272877573725086	TRUE	TRUE	TRUE	FALSE	TRUE	FALSE	TRUE	FALSE	TRUE	TRUE	FALSE	FALSE
Rbp1	-0.093602652622182	0.0969375347697705	0.0969375347697705	25	0	FALSE	0	0	0.274739068433446	-0.54353958752576	-0.0810085194928392	0.173598207011014	0.000362330054065084	0.000362330054065084	28	2	TRUE	1	1	1.11249426688341	-0.765297852861381	-0.0709393001411645	TRUE	TRUE	TRUE	FALSE	TRUE	FALSE	TRUE	FALSE	TRUE	TRUE	FALSE	FALSE
Rdh5	-0.300271740135527	0.384683049251891	0.384683049251891	3	0	FALSE	0	0	-0.278275895369225	-0.30387732911215	-0.294141654872301	0.891089274357243	0.0123523306645459	0.0123523306645459	4	1	TRUE	1	0	0.891089274357243	-0.558716975854241	-0.0720763861344905	TRUE	TRUE	TRUE	FALSE	TRUE	FALSE	FALSE	FALSE	TRUE	TRUE	FALSE	FALSE
Rep15	-0.132997228095901	0.148825343068373	0.148825343068373	6	0	FALSE	0	0	0.0496044395977975	-0.486665691082477	-0.16713873800627	2.39046601758966	4.38257730135945e-08	4.38257730135945e-08	4	1	TRUE	1	0	2.39046601758966	-0.366060061383614	0.526615800293127	TRUE	TRUE	TRUE	FALSE	TRUE	FALSE	FALSE	FALSE	TRUE	TRUE	FALSE	FALSE
Rflnb	-0.0388412175566456	0.360229676941069	0.360229676941069	11	0	FALSE	0	0	0.200306925390757	-0.319073126512878	-0.0557285561200351	0.98501556304675	0.00439601053176515	0.00439601053176515	13	1	TRUE	1	0	0.98501556304675	-0.317938107685006	-0.0703578868914482	TRUE	TRUE	TRUE	FALSE	TRUE	FALSE	FALSE	FALSE	TRUE	TRUE	FALSE	FALSE
Rfpl4b	-0.0854062419428404	0.0513791455286834	0.0513791455286834	20	0	FALSE	0	0	0.643798645900438	-0.507256563921216	-0.079260524098623	1.13759128116735	0.000206482494106339	0.000206482494106339	24	1	TRUE	1	0	1.13759128116735	-0.648610367692497	-0.115492472552624	TRUE	TRUE	TRUE	FALSE	TRUE	FALSE	FALSE	FALSE	TRUE	TRUE	FALSE	FALSE
Rfx4	-0.0586575330554696	0.197027341267161	0.197027341267161	57	0	FALSE	0	0	0.421792291401849	-0.44007680427723	-0.0556112123263783	1.16180378278232	0.00236317178578283	0.00236317178578283	49	1	TRUE	1	0	1.16180378278232	-0.661523069446345	-0.103856296598295	TRUE	TRUE	TRUE	FALSE	TRUE	FALSE	FALSE	FALSE	TRUE	TRUE	FALSE	FALSE
Rgmb	-0.185156907249752	0.0652158668190591	0.0652158668190591	63	0	FALSE	0	0	0.117201356001573	-0.705335632318576	-0.190705064334519	-0.902791247367672	5.92421280184087e-05	5.92421280184087e-05	46	5	TRUE	1	4	1.61898856804037	-1.53933661340732	-0.3550299220373	TRUE	TRUE	TRUE	FALSE	TRUE	FALSE	TRUE	FALSE	TRUE	TRUE	FALSE	FALSE
Rgs13	-0.144113590949893	0.15234621197493	0.15234621197493	15	0	FALSE	0	0	0.247897049089255	-0.513808256925591	-0.164027226528506	-0.080683818301846	0.032602618516541	0.032602618516541	14	2	TRUE	1	1	0.760117242680966	-0.935401907392406	-0.275850467907178	TRUE	TRUE	TRUE	FALSE	TRUE	FALSE	TRUE	FALSE	TRUE	TRUE	FALSE	FALSE
Rgs17	-0.0864420573131512	0.269084478598105	0.269084478598105	36	0	FALSE	0	0	0.249981410989977	-0.391309635327259	-0.0835330244230734	0.0894523591235315	7.1864725436692e-10	7.1864725436692e-10	40	4	TRUE	2	2	2.31989439486315	-0.942495514048198	-0.136246037017255	TRUE	TRUE	TRUE	FALSE	TRUE	FALSE	TRUE	FALSE	TRUE	TRUE	FALSE	FALSE
Rgs7bp	0.0133578444956591	0.170462250974545	0.170462250974545	25	0	FALSE	0	0	0.549821578259965	-0.38269446059093	0.0197038430042848	0.84500758400961	1.51046758861988e-21	1.51046758861988e-21	26	7	TRUE	6	1	4.52858059241038	-0.793474032164871	0.372432429861007	TRUE	TRUE	TRUE	FALSE	TRUE	FALSE	TRUE	FALSE	TRUE	TRUE	FALSE	FALSE
Rgs8	-0.0506672497794557	0.0538003837300437	0.0538003837300437	26	0	FALSE	0	0	0.576244692246335	-0.349118403910726	-0.0189664191334739	-0.791156767157243	4.29280166837246e-07	4.29280166837246e-07	28	5	TRUE	1	4	1.54400605888894	-0.886143879723132	-0.203481739588555	TRUE	TRUE	TRUE	FALSE	TRUE	FALSE	TRUE	FALSE	TRUE	TRUE	FALSE	FALSE
Rhbg	-0.0687108125189473	0.121020111747188	0.121020111747188	9	0	FALSE	0	0	0.496089084097874	-0.330137481411698	-0.0540827085206044	0.842277089958922	0.00441071362492387	0.00441071362492387	10	1	TRUE	1	0	0.842277089958922	-0.623812242572076	-0.195687570542249	TRUE	TRUE	TRUE	FALSE	TRUE	FALSE	FALSE	FALSE	TRUE	TRUE	FALSE	FALSE
Rhoq	-0.162642074109482	0.209950891502783	0.209950891502783	21	0	FALSE	0	0	0.232634530083497	-0.423905683780793	-0.168013605370903	0.855850151662813	0.0146915708600005	0.0146915708600005	20	1	TRUE	1	0	0.855850151662813	-0.664056315199098	-0.150489591170109	TRUE	TRUE	TRUE	FALSE	TRUE	FALSE	FALSE	FALSE	TRUE	TRUE	FALSE	FALSE
Ric8b	-0.147611712301285	0.180448807170602	0.180448807170602	42	0	FALSE	0	0	0.194316141898161	-0.480783141280911	-0.129930863894057	0.796148264710847	0.0339066913026538	0.0339066913026538	39	1	TRUE	1	0	0.796148264710847	-0.671293568078333	-0.257646132101347	TRUE	TRUE	TRUE	FALSE	TRUE	FALSE	FALSE	FALSE	TRUE	TRUE	FALSE	FALSE
Rif1	-0.179151559097359	0.186646801500181	0.186646801500181	6	0	FALSE	0	0	0.406344523914153	-0.48279245890171	-0.100103434387383	1.91892233625037	0.00020289493963493	0.00020289493963493	9	1	TRUE	1	0	1.91892233625037	-0.541079208210541	-0.0178408871773987	TRUE	TRUE	TRUE	FALSE	TRUE	FALSE	FALSE	FALSE	TRUE	TRUE	FALSE	FALSE
Rims3	-0.00043979550321039	0.417524741382933	0.417524741382933	18	0	FALSE	0	0	0.137209493058535	-0.290493997538767	-0.026536339706414	0.706331589608276	0.0480090816739991	0.0480090816739991	16	1	TRUE	1	0	0.706331589608276	-0.536136512995611	0.0445764031952102	TRUE	TRUE	TRUE	FALSE	TRUE	FALSE	FALSE	FALSE	TRUE	TRUE	FALSE	FALSE
Ripk4	-0.102252381052489	0.168140760722895	0.168140760722895	25	0	FALSE	0	0	0.357939845624035	-0.462391225783804	-0.0872878399557769	1.0029995198829	0.00178239604693526	0.00178239604693526	24	1	TRUE	1	0	1.0029995198829	-0.729844273414074	-0.0984140282343727	TRUE	TRUE	TRUE	FALSE	TRUE	FALSE	FALSE	FALSE	TRUE	TRUE	FALSE	FALSE
Ripor3	-0.154391989601819	0.177468972326733	0.177468972326733	26	0	FALSE	0	0	0.463734669915092	-0.394057684653117	-0.0829045486233642	1.12544945191759	0.000952735294906302	0.000952735294906302	26	1	TRUE	1	0	1.12544945191759	-0.711887617334635	-0.168611701781944	TRUE	TRUE	TRUE	FALSE	TRUE	FALSE	FALSE	FALSE	TRUE	TRUE	FALSE	FALSE
Ripply2	-0.140322208099301	0.213705945368788	0.213705945368788	14	0	FALSE	0	0	0.144906459157211	-0.438419555465795	-0.127970537750516	1.1283361858159	4.14474426298126e-07	4.14474426298126e-07	24	10	TRUE	8	2	2.5633570759596	-0.963282984511924	0.380051965221178	TRUE	TRUE	TRUE	FALSE	TRUE	FALSE	TRUE	FALSE	TRUE	TRUE	FALSE	FALSE
Rmst	-0.0951179083062725	0.125402498228863	0.125402498228863	39	0	FALSE	0	0	0.296759390418909	-0.522143588165074	-0.119757793164906	0.774187180701903	0.00106238604135579	0.00106238604135579	39	4	TRUE	3	1	1.15891158078091	-0.733131410951687	-0.138891527084575	TRUE	TRUE	TRUE	FALSE	TRUE	FALSE	TRUE	FALSE	TRUE	TRUE	FALSE	FALSE
Rnaseh2b	-0.0790661900161818	0.207131182658601	0.207131182658601	83	0	FALSE	0	0	0.236514020695805	-0.445992729090849	-0.0845269291667504	0.837819320219894	0.0056573313126116	0.0056573313126116	88	3	TRUE	2	1	0.842679909890307	-1.04118561753702	-0.221527071698991	TRUE	TRUE	TRUE	FALSE	TRUE	FALSE	TRUE	FALSE	TRUE	TRUE	FALSE	FALSE
Rnf112	-0.0432572826588674	0.163942238213266	0.163942238213266	7	0	FALSE	0	0	0.463586558695355	-0.379001718506395	0.00933510589985132	0.357994168390043	0.0022155614232183	0.0022155614232183	8	2	TRUE	1	1	1.71383352314202	-0.997845186361935	0.118275116998149	TRUE	TRUE	TRUE	FALSE	TRUE	FALSE	TRUE	FALSE	TRUE	TRUE	FALSE	FALSE
Rnf144a	0.0162562365772288	0.126004333101768	0.126004333101768	17	0	FALSE	0	0	0.467576529017905	-0.38620297447464	0.0101495182069605	0.956019223481086	0.000443121788590272	0.000443121788590272	17	4	TRUE	4	0	1.23924090144881	-0.635410522745914	0.146040706813874	TRUE	TRUE	TRUE	FALSE	TRUE	FALSE	FALSE	FALSE	TRUE	TRUE	FALSE	FALSE
Rnf19a	-0.046978425299822	0.0730131735057076	0.0730131735057076	25	0	FALSE	0	0	0.617635919895754	-0.499242775299077	-0.00192133355026012	1.78569212225031	2.97871171364647e-11	2.97871171364647e-11	26	4	TRUE	4	0	2.36041430174532	-0.783671369515002	0.199680640378866	TRUE	TRUE	TRUE	FALSE	TRUE	FALSE	FALSE	FALSE	TRUE	TRUE	FALSE	FALSE
Rock2	-0.0436726987491697	0.053290628870644	0.053290628870644	15	0	FALSE	0	0	0.520571098493781	-0.587786548464145	-0.0468810084350985	0.973185490460071	6.20119639099393e-14	6.20119639099393e-14	23	3	TRUE	3	0	2.70380896019047	-0.784079694309098	0.0886160964666608	TRUE	TRUE	TRUE	FALSE	TRUE	FALSE	FALSE	FALSE	TRUE	TRUE	FALSE	FALSE
Rps6ka3	-0.125420881050399	0.0787840359382485	0.0787840359382485	37	0	FALSE	0	0	0.563195847392791	-0.741507864550194	-0.129545467168722	1.24260187387908	1.04917632477084e-12	1.04917632477084e-12	58	13	TRUE	13	0	3.15022930439354	-0.807865650587174	0.335895573398059	TRUE	TRUE	TRUE	FALSE	TRUE	FALSE	FALSE	FALSE	TRUE	TRUE	FALSE	FALSE
Rras2	-0.0908018302524082	0.152361017601097	0.152361017601097	52	0	FALSE	0	0	0.447324079322466	-0.479108135430461	-0.0660029118046615	-1.03589448590126	6.39543832284069e-08	6.39543832284069e-08	52	3	TRUE	1	2	2.12266571032273	-1.24710300837365	-0.137840647568443	TRUE	TRUE	TRUE	FALSE	TRUE	FALSE	TRUE	FALSE	TRUE	TRUE	FALSE	FALSE
Rrm2b	-0.0751887791324828	0.178439672570844	0.178439672570844	10	0	FALSE	0	0	0.330575114232902	-0.515483669908718	-0.0904507563606828	0.639014065877495	0.0345239127757026	0.0345239127757026	9	1	TRUE	1	0	0.680654724913836	-0.757374347526099	-0.0349527967447093	TRUE	TRUE	TRUE	FALSE	TRUE	FALSE	FALSE	FALSE	TRUE	TRUE	FALSE	FALSE
Rsad2	-0.0734174699754179	0.456619570249584	0.456619570249584	8	0	FALSE	0	0	0.211893571675691	-0.269961248076688	-0.0467804242105539	0.785850731749573	0.0409091215386363	0.0409091215386363	9	1	TRUE	1	0	0.785850731749573	-0.583020864467671	-0.0292420871009257	TRUE	TRUE	TRUE	FALSE	TRUE	FALSE	FALSE	FALSE	TRUE	TRUE	FALSE	FALSE
Rsph1	-0.026206947797785	0.63340820408956	0.63340820408956	7	0	FALSE	0	0	0.185168248341401	-0.146428176599289	-0.00265845964775833	1.99256435028473	0.000334711166305684	0.000334711166305684	9	1	TRUE	1	0	1.99256435028473	-0.536002155581845	0.228470342289185	TRUE	TRUE	TRUE	FALSE	TRUE	FALSE	FALSE	FALSE	TRUE	TRUE	FALSE	FALSE
Rspo2	-0.106569837499306	0.124518587284978	0.124518587284978	42	0	FALSE	0	0	0.534463160184549	-0.393670374319437	-0.0896328781049781	1.00998633148888	2.79667130656054e-05	2.79667130656054e-05	49	4	TRUE	3	1	1.39865297516217	-0.844983116594061	-0.19184203690105	TRUE	TRUE	TRUE	FALSE	TRUE	FALSE	TRUE	FALSE	TRUE	TRUE	FALSE	FALSE
Rspo3	-0.140502136539582	0.171825573217801	0.171825573217801	54	0	FALSE	0	0	0.191379953862449	-0.537307689221367	-0.134868298907997	-0.126111427457276	8.31952172968259e-09	8.31952172968259e-09	49	4	TRUE	2	2	2.20197131591217	-1.08410744788859	-0.154750779384893	TRUE	TRUE	TRUE	FALSE	TRUE	FALSE	TRUE	FALSE	TRUE	TRUE	FALSE	FALSE
Rtn4r	0.0275747801183419	0.21462785985425	0.21462785985425	14	0	FALSE	0	0	0.450555917835301	-0.323089777377342	-0.000475179838475428	1.80313198097994	3.25858263502008e-07	3.25858263502008e-07	15	1	TRUE	1	0	1.80313198097994	-0.530918928624134	-0.0346952885215377	TRUE	TRUE	TRUE	FALSE	TRUE	FALSE	FALSE	FALSE	TRUE	TRUE	FALSE	FALSE
Ryr2	-0.112707029953463	0.0908240813318144	0.0908240813318144	124	0	FALSE	0	0	0.35085269294856	-0.60581787421066	-0.108244601940655	1.02288152927387	1.12546190004394e-12	1.12546190004394e-12	132	6	TRUE	4	2	2.39752444783724	-0.935064283585296	-0.224073450997346	TRUE	TRUE	TRUE	FALSE	TRUE	FALSE	TRUE	FALSE	TRUE	TRUE	FALSE	FALSE
Samd4	-0.0989010250653015	0.0848866953914655	0.0848866953914655	57	0	FALSE	0	0	0.348199954108473	-0.576940468332065	-0.0927020017269008	0.744147608127903	3.69736340695094e-08	3.69736340695094e-08	57	3	TRUE	2	1	2.45769590636098	-0.787201415719667	-0.051841185845481	TRUE	TRUE	TRUE	FALSE	TRUE	FALSE	TRUE	FALSE	TRUE	TRUE	FALSE	FALSE
Sc5d	-0.169349952879714	0.18294446001372	0.18294446001372	11	0	FALSE	0	0	0.167627419394737	-0.447288657610501	-0.142204635824124	-0.071069039667024	0.0168813833555988	0.0168813833555988	14	2	TRUE	1	1	0.694437300629163	-0.836575379963211	-0.0458540305757347	TRUE	TRUE	TRUE	FALSE	TRUE	FALSE	TRUE	FALSE	TRUE	TRUE	FALSE	FALSE
Scamp1	-0.108979576773968	0.107050119135974	0.107050119135974	25	0	FALSE	0	0	0.441199797854015	-0.533777057733572	-0.107840646760285	0.860329671367563	0.016322562505209	0.016322562505209	22	1	TRUE	1	0	0.860329671367563	-0.657355244208258	-0.134033491478691	TRUE	TRUE	TRUE	FALSE	TRUE	FALSE	FALSE	FALSE	TRUE	TRUE	FALSE	FALSE
Scg2	-0.175331609098276	0.0838646100809368	0.0838646100809368	25	0	FALSE	0	0	0.302306102349976	-0.613092608141065	-0.154520820041103	1.06828612675224	0.0062930155725981	0.0062930155725981	27	1	TRUE	1	0	1.06828612675224	-0.67942708642961	-0.149703402655865	TRUE	TRUE	TRUE	FALSE	TRUE	FALSE	FALSE	FALSE	TRUE	TRUE	FALSE	FALSE
Scn10a	-0.0527559210949468	0.172788548474997	0.172788548474997	36	0	FALSE	0	0	0.341874895137969	-0.449473092111926	-0.0565092942047772	0.766543869820095	0.029396279240009	0.029396279240009	30	2	TRUE	2	0	0.811565370153558	-0.713467790344676	-0.143431704569543	TRUE	TRUE	TRUE	FALSE	TRUE	FALSE	FALSE	FALSE	TRUE	TRUE	FALSE	FALSE
Scube3	-0.0282124671470782	0.207887238483173	0.207887238483173	23	0	FALSE	0	0	0.428316060873981	-0.256911549979759	-0.0075324754476197	0.793494097488011	0.0275627552263609	0.0275627552263609	21	1	TRUE	1	0	0.793494097488011	-0.507307598921622	-0.0344446316634882	TRUE	TRUE	TRUE	FALSE	TRUE	FALSE	FALSE	FALSE	TRUE	TRUE	FALSE	FALSE
Sdc2	0.0185782631883329	0.298408935953711	0.298408935953711	15	0	FALSE	0	0	0.366205952720963	-0.207219114207731	0.0060625022324033	0.959332345503889	0.00182789782210407	0.00182789782210407	19	2	TRUE	2	0	1.1678852702238	-0.584702193650663	0.0556468556220682	TRUE	TRUE	TRUE	FALSE	TRUE	FALSE	FALSE	FALSE	TRUE	TRUE	FALSE	FALSE
Sdcbp	-0.105374040938246	0.586757739324972	0.586757739324972	8	0	FALSE	0	0	0.0568403462516694	-0.206024176480342	-0.0984781507833639	1.39862248338666	1.70330920550452e-15	1.70330920550452e-15	12	3	TRUE	3	0	3.317503355758	-0.628839310348203	0.516943021236507	TRUE	TRUE	TRUE	FALSE	TRUE	FALSE	FALSE	FALSE	TRUE	TRUE	FALSE	FALSE
Sec23ip	-0.14391605572415	0.117601559575043	0.117601559575043	41	0	FALSE	0	0	0.48590137463639	-0.655906483853262	-0.145508890305954	1.64999347864016	3.08317837073781e-06	3.08317837073781e-06	35	1	TRUE	1	0	1.64999347864016	-0.768744257425241	-0.317211425321444	TRUE	TRUE	TRUE	FALSE	TRUE	FALSE	FALSE	FALSE	TRUE	TRUE	FALSE	FALSE
Sec31a	-0.105306834111218	0.075368020852297	0.075368020852297	41	0	FALSE	0	0	0.32730203557525	-0.759268768822927	-0.0852597703476778	0.265106188958912	7.2021821128714e-05	7.2021821128714e-05	31	2	TRUE	1	1	1.43728561184647	-0.907073233928646	-0.175441456697657	TRUE	TRUE	TRUE	FALSE	TRUE	FALSE	TRUE	FALSE	TRUE	TRUE	FALSE	FALSE
Sec61a1	-0.106242698989504	0.168798416602897	0.168798416602897	21	0	FALSE	0	0	0.462757480756955	-0.396540457275806	-0.0866714489351754	0.944581368121303	0.000388543896649529	0.000388543896649529	24	2	TRUE	2	0	1.09608505954517	-0.540661071153323	0.0290178579523688	TRUE	TRUE	TRUE	FALSE	TRUE	FALSE	FALSE	FALSE	TRUE	TRUE	FALSE	FALSE
Sem1	-0.137623610507112	0.072941942385155	0.072941942385155	42	0	FALSE	0	0	0.207295998448136	-0.709331608981236	-0.163018384097983	-0.341674369939366	0.0112474408403018	0.0112474408403018	42	2	TRUE	1	1	0.719049377640979	-1.40239811751971	-0.254840614242647	TRUE	TRUE	TRUE	FALSE	TRUE	FALSE	TRUE	FALSE	TRUE	TRUE	FALSE	FALSE
Sema4d	-0.0995836911445982	0.0638065770761572	0.0638065770761572	42	0	FALSE	0	0	0.249271775106695	-0.65441198561849	-0.0936425294665769	1.6100526318537	5.30199169935024e-07	5.30199169935024e-07	38	3	TRUE	2	1	2.50635696111993	-0.891347764756713	0.0118736777145992	TRUE	TRUE	TRUE	FALSE	TRUE	FALSE	TRUE	FALSE	TRUE	TRUE	FALSE	FALSE
Septin8	-0.127997868483297	0.408750808165982	0.408750808165982	14	0	FALSE	0	0	0.103442270638683	-0.295531806652059	-0.126201819747203	1.18630603884616	0.000731394353644978	0.000731394353644978	18	3	TRUE	3	0	1.73717173783421	-0.33929365039963	0.270146286934797	TRUE	TRUE	TRUE	FALSE	TRUE	FALSE	FALSE	FALSE	TRUE	TRUE	FALSE	FALSE
Sergef	-0.12290969791696	0.0879015058826911	0.0879015058826911	39	0	FALSE	0	0	0.450535564162794	-0.53642477900868	-0.101819235740913	0.938955941615602	0.0109024913713049	0.0109024913713049	40	1	TRUE	1	0	0.938955941615602	-0.774721205856298	-0.159660892216746	TRUE	TRUE	TRUE	FALSE	TRUE	FALSE	FALSE	FALSE	TRUE	TRUE	FALSE	FALSE
Serinc1	-0.0373185234615986	0.489989532745756	0.489989532745756	7	0	FALSE	0	0	0.0172596911405745	-0.253016949936124	-0.0898258651717702	0.832233172612828	0.0211221408441717	0.0211221408441717	9	1	TRUE	1	0	0.832233172612828	-0.376313221992384	0.0118685817085491	TRUE	TRUE	TRUE	FALSE	TRUE	FALSE	FALSE	FALSE	TRUE	TRUE	FALSE	FALSE
Serinc2	-0.225185363205366	0.25889186723632	0.25889186723632	15	0	FALSE	0	0	0.137533931247488	-0.406459944100121	-0.193968224801532	1.46697193005949	0.00450687984630851	0.00450687984630851	15	1	TRUE	1	0	1.46697193005949	-0.83452141585529	-0.0843959070212139	TRUE	TRUE	TRUE	FALSE	TRUE	FALSE	FALSE	FALSE	TRUE	TRUE	FALSE	FALSE
Serpinb2	-0.140181301671194	0.278951517079283	0.278951517079283	7	0	FALSE	0	0	0.0449709685328821	-0.382358028951315	-0.164140669704956	0.996178424852062	0.0123457810399199	0.0123457810399199	13	2	TRUE	2	0	1.13007371989628	-0.639518433791744	0.0413210253220593	TRUE	TRUE	TRUE	FALSE	TRUE	FALSE	FALSE	FALSE	TRUE	TRUE	FALSE	FALSE
Serpinb8	-0.0886208338539984	0.0941749887040917	0.0941749887040917	27	0	FALSE	0	0	0.24240617995545	-0.689531000847901	-0.107884017379785	1.05520621309105	1.23774628983159e-09	1.23774628983159e-09	33	7	TRUE	6	1	3.7966240876	-1.007112802027	0.0896103904120052	TRUE	TRUE	TRUE	FALSE	TRUE	FALSE	TRUE	FALSE	TRUE	TRUE	FALSE	FALSE
Serpine1	-0.0937477295454374	0.259429638495798	0.259429638495798	13	0	FALSE	0	0	0.228906667068744	-0.392804235041718	-0.0805362113859122	-0.0380820401197725	0.0194207046970865	0.0194207046970865	13	2	TRUE	1	1	0.873161796850967	-0.949325877090512	0.0307367519609591	TRUE	TRUE	TRUE	FALSE	TRUE	FALSE	TRUE	FALSE	TRUE	TRUE	FALSE	FALSE
Serpinh1	-0.140140347311144	0.0581019133590519	0.0581019133590519	20	0	FALSE	0	0	0.575716326595863	-0.399691951097286	-0.0794972092446159	1.63539456788636	2.4669043163393e-09	2.4669043163393e-09	21	1	TRUE	1	0	1.63539456788636	-0.63505410756964	-0.113093904604469	TRUE	TRUE	TRUE	FALSE	TRUE	FALSE	FALSE	FALSE	TRUE	TRUE	FALSE	FALSE
Serpini1	-0.0169659132957969	0.389791163305716	0.389791163305716	4	0	FALSE	0	0	0.207988386719141	-0.301339165984934	-0.0318206514643467	0.833214678243507	0.01275793316943	0.01275793316943	4	2	TRUE	2	0	0.948014854268941	-0.243671237665138	0.369197949883227	TRUE	TRUE	TRUE	FALSE	TRUE	FALSE	FALSE	FALSE	TRUE	TRUE	FALSE	FALSE
Sertad2	-0.112773378818555	0.213842989888831	0.213842989888831	52	0	FALSE	0	0	0.435586266769046	-0.416510878082077	-0.103693227846824	-0.70285931053489	0.00240578845711011	0.00240578845711011	53	3	TRUE	1	2	0.949560675629072	-1.09777331971818	-0.189243954378532	TRUE	TRUE	TRUE	FALSE	TRUE	FALSE	TRUE	FALSE	TRUE	TRUE	FALSE	FALSE
Sertm2	-0.145086706705786	0.176169106558838	0.176169106558838	8	0	FALSE	0	0	0.0488829332869505	-0.4964117920662	-0.153761180447743	0.990146698573959	0.0247987896194224	0.0247987896194224	10	1	TRUE	1	0	0.990146698573959	-0.649183175973836	-0.127371080656118	TRUE	TRUE	TRUE	FALSE	TRUE	FALSE	FALSE	FALSE	TRUE	TRUE	FALSE	FALSE
Sesn1	-0.145763269363283	0.0935644211058807	0.0935644211058807	29	0	FALSE	0	0	0.391931425403561	-0.509713947359014	-0.110158115694083	1.30366648000958	1.33372281464929e-15	1.33372281464929e-15	33	4	TRUE	3	1	2.11881056285499	-0.739514140132339	0.00914647730034599	TRUE	TRUE	TRUE	FALSE	TRUE	FALSE	TRUE	FALSE	TRUE	TRUE	FALSE	FALSE
Setmar	-0.116865997389055	0.174018588426025	0.174018588426025	19	0	FALSE	0	0	0.288528977566831	-0.473176467923381	-0.103638784879082	1.9539753959375	4.26232138347583e-13	4.26232138347583e-13	25	6	TRUE	5	1	2.57528780152016	-0.980973630728399	0.260980966180092	TRUE	TRUE	TRUE	FALSE	TRUE	FALSE	TRUE	FALSE	TRUE	TRUE	FALSE	FALSE
Sez6l	-0.0600742525963471	0.0895657011070502	0.0895657011070502	41	0	FALSE	0	0	0.495288920549036	-0.524528978396323	-0.063242597113066	-0.0848606878116555	0.0273704228393255	0.0273704228393255	44	4	TRUE	2	2	0.874656016300035	-0.937488753078707	-0.204998170319558	TRUE	TRUE	TRUE	FALSE	TRUE	FALSE	TRUE	FALSE	TRUE	TRUE	FALSE	FALSE
Sfrp5	-0.00368719250315665	0.343509204530952	0.343509204530952	8	0	FALSE	0	0	0.192072491198492	-0.334084589281603	-0.0564401456644204	1.97467456182033	1.39351608225311e-12	1.39351608225311e-12	9	1	TRUE	1	0	1.97467456182033	-0.186403798497552	0.295544314952356	TRUE	TRUE	TRUE	FALSE	TRUE	FALSE	FALSE	FALSE	TRUE	TRUE	FALSE	FALSE
Sgca	-0.0941941274387458	0.590547046093313	0.590547046093313	4	0	FALSE	0	0	0.201136478450973	-0.204663853616694	-0.0479789075108032	0.859055763585563	0.00730798634325054	0.00730798634325054	5	2	TRUE	2	0	0.86876618594285	-0.142514200612271	0.512846784632225	TRUE	TRUE	TRUE	FALSE	TRUE	FALSE	FALSE	FALSE	TRUE	TRUE	FALSE	FALSE
Sgms1	-0.0837409550917498	0.196417191276317	0.196417191276317	75	0	FALSE	0	0	0.356125970201744	-0.448959379753925	-0.0854578642139325	1.0840223321064	0.00406930074581326	0.00406930074581326	76	2	TRUE	2	0	1.25587511661831	-0.662628418258797	-0.223679129811038	TRUE	TRUE	TRUE	FALSE	TRUE	FALSE	FALSE	FALSE	TRUE	TRUE	FALSE	FALSE
Sgsm2	-0.103320838615074	0.209933494805961	0.209933494805961	11	0	FALSE	0	0	0.170646426887295	-0.415763547980906	-0.126325137762529	0.662470158258428	0.0010224413960435	0.0010224413960435	9	3	TRUE	2	1	0.994941216268046	-0.692634627316425	0.0215310021637614	TRUE	TRUE	TRUE	FALSE	TRUE	FALSE	TRUE	FALSE	TRUE	TRUE	FALSE	FALSE
Sh3d19	-0.128782990341843	0.0707843902715124	0.0707843902715124	23	0	FALSE	0	0	0.606770736110815	-0.525897297358896	-0.127496225224313	0.121991383435204	0.00108907044281754	0.00108907044281754	30	2	TRUE	1	1	1.0546293196313	-0.810646552760891	-0.200930696699247	TRUE	TRUE	TRUE	FALSE	TRUE	FALSE	TRUE	FALSE	TRUE	TRUE	FALSE	FALSE
Sh3tc2	-0.0835999681721149	0.0902068394642612	0.0902068394642612	41	0	FALSE	0	0	0.601878460359014	-0.602892580740216	-0.0719965392948232	-0.827283608909094	2.28691765572929e-12	2.28691765572929e-12	35	3	TRUE	1	2	2.35083171966695	-1.19208917965725	-0.151342939698261	TRUE	TRUE	TRUE	FALSE	TRUE	FALSE	TRUE	FALSE	TRUE	TRUE	FALSE	FALSE
Shisa9	-0.0786237458818777	0.113830190770563	0.113830190770563	72	0	FALSE	0	0	0.335957336463441	-0.584422830979876	-0.0842481210461928	1.3891622319715	1.34123776749764e-05	1.34123776749764e-05	80	2	TRUE	2	0	1.4249992384521	-0.827736517615189	-0.188864052900342	TRUE	TRUE	TRUE	FALSE	TRUE	FALSE	FALSE	FALSE	TRUE	TRUE	FALSE	FALSE
Shq1	-0.0440069042696512	0.0994621892105837	0.0994621892105837	25	0	FALSE	0	0	0.602817042398745	-0.282116861261359	-0.00478741730135494	1.18072304233505	0.000735182444212076	0.000735182444212076	22	1	TRUE	1	0	1.18072304233505	-0.523486120175723	0.0125031401949119	TRUE	TRUE	TRUE	FALSE	TRUE	FALSE	FALSE	FALSE	TRUE	TRUE	FALSE	FALSE
Siglec15	-0.0949494689687738	0.226326614200173	0.226326614200173	12	0	FALSE	0	0	0.424223014749192	-0.197406038009038	0.00471395262897006	1.86261262358708	3.28160888663352e-06	3.28160888663352e-06	12	1	TRUE	1	0	1.86261262358708	-0.682887608210055	0.104238233325859	TRUE	TRUE	TRUE	FALSE	TRUE	FALSE	FALSE	FALSE	TRUE	TRUE	FALSE	FALSE
Sil1	-0.156807661782294	0.0591888958391301	0.0591888958391301	47	0	FALSE	0	0	0.181667120693572	-0.621400670164978	-0.151330459077142	2.04226144521179	4.10589872723312e-09	4.10589872723312e-09	52	5	TRUE	5	0	2.27950481329609	-0.705754759222174	-0.0258173904764473	TRUE	TRUE	TRUE	FALSE	TRUE	FALSE	FALSE	FALSE	TRUE	TRUE	FALSE	FALSE
Skap1	-0.123140420071634	0.119466226454724	0.119466226454724	73	0	FALSE	0	0	0.33113632998172	-0.509461975089279	-0.114402351287576	-0.776853008850483	0.0123910303843774	0.0123910303843774	66	5	TRUE	2	3	0.993831409930299	-0.963770994910385	-0.220506153826132	TRUE	TRUE	TRUE	FALSE	TRUE	FALSE	TRUE	FALSE	TRUE	TRUE	FALSE	FALSE
Skor1	-0.0558577623290993	0.242229255992068	0.242229255992068	45	0	FALSE	0	0	0.308591906608247	-0.393883690152901	-0.0652123742617024	0.977121363308268	0.0091709983704697	0.0091709983704697	42	1	TRUE	1	0	0.977121363308268	-0.679748345401095	-0.117546071008801	TRUE	TRUE	TRUE	FALSE	TRUE	FALSE	FALSE	FALSE	TRUE	TRUE	FALSE	FALSE
Slc10a6	0.122891966737176	0.0787020986034109	0.0787020986034109	16	0	FALSE	0	0	0.55971020839968	-0.376070549161155	0.0900412249440806	1.85213462585985	6.89763685443628e-07	6.89763685443628e-07	18	2	TRUE	2	0	2.67025049017716	-0.565049560139325	0.218788807840843	TRUE	TRUE	TRUE	FALSE	TRUE	FALSE	FALSE	FALSE	TRUE	TRUE	FALSE	FALSE
Slc12a2	-0.102953178430641	0.333091421627862	0.333091421627862	26	0	FALSE	0	0	0.221626977095388	-0.341834432274944	-0.11511065994324	1.1237889535285	0.000980971735696182	0.000980971735696182	18	1	TRUE	1	0	1.1237889535285	-0.565253112666856	-0.109901141158268	TRUE	TRUE	TRUE	FALSE	TRUE	FALSE	FALSE	FALSE	TRUE	TRUE	FALSE	FALSE
Slc13a1	-0.0845586889229938	0.108818988681929	0.108818988681929	32	0	FALSE	0	0	0.322806366917157	-0.514101526934383	-0.098862356759336	1.82930276337113	1.81500667524978e-36	1.81500667524978e-36	67	37	TRUE	36	1	4.46875738708897	-0.917084257556981	1.12131294278182	TRUE	TRUE	TRUE	FALSE	TRUE	FALSE	TRUE	FALSE	TRUE	TRUE	FALSE	FALSE
Slc16a10	0.0177225460524431	0.197977464211136	0.197977464211136	23	0	FALSE	0	0	0.436884412512621	-0.393277710919628	0.0139106426596058	1.0957378981359	2.21800798362833e-11	2.21800798362833e-11	34	6	TRUE	6	0	2.1036203926385	-0.524190342102388	0.192559161946672	TRUE	TRUE	TRUE	FALSE	TRUE	FALSE	FALSE	FALSE	TRUE	TRUE	FALSE	FALSE
Slc1a1	-0.112204880735496	0.140603185765432	0.140603185765432	41	0	FALSE	0	0	0.206572399285968	-0.526012511165467	-0.119440880480348	-0.823996760761478	0.00391089227689402	0.00391089227689402	34	4	TRUE	1	3	1.19082513505277	-0.84410976779035	-0.287525043063457	TRUE	TRUE	TRUE	FALSE	TRUE	FALSE	TRUE	FALSE	TRUE	TRUE	FALSE	FALSE
Slc25a26	-0.0425214413326863	0.244190939575693	0.244190939575693	42	0	FALSE	0	0	0.299955678512871	-0.407487395742911	-0.0740490570584023	0.810020352762305	0.0144817993969015	0.0144817993969015	40	1	TRUE	1	0	0.810020352762305	-0.546665055155419	-0.101726279371153	TRUE	TRUE	TRUE	FALSE	TRUE	FALSE	FALSE	FALSE	TRUE	TRUE	FALSE	FALSE
Slc25a33	-0.115808721215898	0.0855313064972669	0.0855313064972669	25	0	FALSE	0	0	0.340767562813022	-0.601334591764238	-0.116282331524942	0.863967045747693	0.0262105499494731	0.0262105499494731	23	1	TRUE	1	0	0.863967045747693	-0.42667594906395	-0.144570851993535	TRUE	TRUE	TRUE	FALSE	TRUE	FALSE	FALSE	FALSE	TRUE	TRUE	FALSE	FALSE
Slc25a48	-0.00152835662837027	0.246891871602328	0.246891871602328	17	0	FALSE	0	0	0.229182903541775	-0.395008916143332	-0.0114485629198688	1.18001927495008	0.000110048685943735	0.000110048685943735	18	1	TRUE	1	0	1.18001927495008	-0.536728840703192	0.0428193163085948	TRUE	TRUE	TRUE	FALSE	TRUE	FALSE	FALSE	FALSE	TRUE	TRUE	FALSE	FALSE
Slc26a7	-0.121594989776896	0.118291207298081	0.118291207298081	64	0	FALSE	0	0	0.467363112211054	-0.596564295561352	-0.105243705050362	0.925122008453183	2.57641724320245e-15	2.57641724320245e-15	49	2	TRUE	1	1	2.68176662261867	-0.898836875989897	-0.251400320280035	TRUE	TRUE	TRUE	FALSE	TRUE	FALSE	TRUE	FALSE	TRUE	TRUE	FALSE	FALSE
Slc28a3	-0.123575108844399	0.139115221886639	0.139115221886639	44	0	FALSE	0	0	0.161779312109773	-0.471384973766878	-0.147776545328726	0.862165124776714	0.0318560540765928	0.0318560540765928	47	1	TRUE	1	0	0.862165124776714	-0.631581877562166	-0.239091126535006	TRUE	TRUE	TRUE	FALSE	TRUE	FALSE	FALSE	FALSE	TRUE	TRUE	FALSE	FALSE
Slc2a3	-0.09367163110655	0.334766707780559	0.334766707780559	18	0	FALSE	0	0	0.177402368751761	-0.339770110283484	-0.0602537460307867	1.28471705447899	0.0052112518549103	0.0052112518549103	17	1	TRUE	1	0	1.28471705447899	-0.563678109396007	-0.000809506870098777	TRUE	TRUE	TRUE	FALSE	TRUE	FALSE	FALSE	FALSE	TRUE	TRUE	FALSE	FALSE
Slc30a5	-0.139527373791175	0.235552046036568	0.235552046036568	34	0	FALSE	0	0	0.255292981389134	-0.41536252083209	-0.146555938900206	0.848864737610612	1.75906561485034e-17	1.75906561485034e-17	37	5	TRUE	3	2	3.23928230050391	-1.319533749167	-0.0056072908242407	TRUE	TRUE	TRUE	FALSE	TRUE	FALSE	TRUE	FALSE	TRUE	TRUE	FALSE	FALSE
Slc35c1	-0.067755796716663	0.196531640129786	0.196531640129786	14	0	FALSE	0	0	0.331924887322739	-0.444453789279312	-0.0368475050437088	0.809253734896902	0.011597991117237	0.011597991117237	14	1	TRUE	1	0	0.809253734896902	-0.400329639493853	-0.101595406591953	TRUE	TRUE	TRUE	FALSE	TRUE	FALSE	FALSE	FALSE	TRUE	TRUE	FALSE	FALSE
Slc35c2	-0.0245611107465559	0.0641666831103011	0.0641666831103011	11	0	FALSE	0	0	0.45655565609963	-0.564870568483592	-0.0267169671150907	0.904134503369105	0.00616595967481852	0.00616595967481852	13	1	TRUE	1	0	0.904134503369105	-0.507085593738961	0.00121175551106996	TRUE	TRUE	TRUE	FALSE	TRUE	FALSE	FALSE	FALSE	TRUE	TRUE	FALSE	FALSE
Slc35d3	-0.0819487023073446	0.0902011782840445	0.0902011782840445	13	0	FALSE	0	0	0.558467997167392	-0.420628617525158	-0.0443027135241841	0.0454639824466154	0.000369585842121257	0.000369585842121257	13	2	TRUE	1	1	1.04731210966289	-0.956384144769659	-0.183983238269103	TRUE	TRUE	TRUE	FALSE	TRUE	FALSE	TRUE	FALSE	TRUE	TRUE	FALSE	FALSE
Slc35g1	-0.163604928183515	0.168071472362272	0.168071472362272	16	0	FALSE	0	0	0.0728591612748106	-0.501953866232494	-0.188292355208672	1.16552742429677	0.00242246714901917	0.00242246714901917	17	1	TRUE	1	0	1.16552742429677	-0.738521860128714	-0.0962901721515722	TRUE	TRUE	TRUE	FALSE	TRUE	FALSE	FALSE	FALSE	TRUE	TRUE	FALSE	FALSE
Slc35g2	-0.15431057895277	0.258054076836237	0.258054076836237	5	0	FALSE	0	0	0.00102569809969872	-0.3971439395114	-0.169368767171758	2.50072106641434	6.28895070744402e-13	6.28895070744402e-13	7	2	TRUE	2	0	2.91511508866827	0.307978428553144	1.03600755159675	TRUE	TRUE	TRUE	FALSE	TRUE	FALSE	FALSE	FALSE	TRUE	TRUE	FALSE	FALSE
Slc39a8	-0.0984329877423683	0.371422575451805	0.371422575451805	18	0	FALSE	0	0	0.146446981980373	-0.317158972896581	-0.0702867537957913	1.61013531675376	3.7735421487658e-05	3.7735421487658e-05	18	1	TRUE	1	0	1.61013531675376	-0.590488335178206	-0.0733024387439894	TRUE	TRUE	TRUE	FALSE	TRUE	FALSE	FALSE	FALSE	TRUE	TRUE	FALSE	FALSE
Slc44a5	-0.0783042694831251	0.154957344541845	0.154957344541845	63	0	FALSE	0	0	0.48595878419735	-0.420966626792547	-0.0812342427554118	0.788519064315028	0.0076045772216711	0.0076045772216711	79	4	TRUE	3	1	0.951789086320718	-0.820614701677848	-0.101053791041222	TRUE	TRUE	TRUE	FALSE	TRUE	FALSE	TRUE	FALSE	TRUE	TRUE	FALSE	FALSE
Slc4a8	-0.133585376781338	0.071003923304094	0.071003923304094	30	0	FALSE	0	0	0.160169748087088	-0.701734146597287	-0.130275639656663	0.789478122771692	0.0394876250890675	0.0394876250890675	29	1	TRUE	1	0	0.789478122771692	-0.774472017373475	-0.139775020728184	TRUE	TRUE	TRUE	FALSE	TRUE	FALSE	FALSE	FALSE	TRUE	TRUE	FALSE	FALSE
Slc4a9	-0.10537030071213	0.317676732188324	0.317676732188324	7	0	FALSE	0	0	0.011084858312535	-0.352505451089413	-0.125108042866067	1.04589652832133	0.0196729365561042	0.0196729365561042	5	1	TRUE	1	0	1.04589652832133	-0.471692882078258	0.0832358116027804	TRUE	TRUE	TRUE	FALSE	TRUE	FALSE	FALSE	FALSE	TRUE	TRUE	FALSE	FALSE
Slc6a1	-0.0432281728933974	0.0631181386795243	0.0631181386795243	50	0	FALSE	0	0	0.798629648744155	-0.439183300024867	-0.0280231545197275	0.171673994263907	0.000582423593060969	0.000582423593060969	44	4	TRUE	2	2	1.45238200982692	-0.828055644925983	-0.0958592567109316	TRUE	TRUE	TRUE	FALSE	TRUE	FALSE	TRUE	FALSE	TRUE	TRUE	FALSE	FALSE
Slc6a11	9.36949953718103e-05	0.054625074875872	0.054625074875872	37	0	FALSE	0	0	0.374208265975026	-0.668784345159592	-0.0624688711894707	0.757788395448108	0.00114467823837436	0.00114467823837436	37	3	TRUE	2	1	1.49802396370921	-0.954068291498297	-0.121219180975236	TRUE	TRUE	TRUE	FALSE	TRUE	FALSE	TRUE	FALSE	TRUE	TRUE	FALSE	FALSE
Slco2b1	0.0120464606315257	0.131871446694143	0.131871446694143	27	0	FALSE	0	0	0.556769177860869	-0.355588037536446	0.0241190182641324	1.65968690037744	4.61613544746456e-07	4.61613544746456e-07	26	2	TRUE	2	0	2.18504705043087	-0.657864039702206	-0.036165556708765	TRUE	TRUE	TRUE	FALSE	TRUE	FALSE	FALSE	FALSE	TRUE	TRUE	FALSE	FALSE
Slx9	-0.148637014957151	0.127487180973463	0.127487180973463	19	0	FALSE	0	0	0.332676644418849	-0.534209002491836	-0.130109687880127	0.99682108743652	0.00165902431357005	0.00165902431357005	18	1	TRUE	1	0	0.99682108743652	-0.489402360320403	-0.0661724234060191	TRUE	TRUE	TRUE	FALSE	TRUE	FALSE	FALSE	FALSE	TRUE	TRUE	FALSE	FALSE
Smc2os	-0.136626689652346	0.247563434332039	0.247563434332039	16	0	FALSE	0	0	0.101137394075063	-0.405003577005761	-0.154821876274533	1.11757117505573	1.55274351739785e-06	1.55274351739785e-06	13	3	TRUE	2	1	2.33198324934821	-0.89645836519821	-0.00808974782953623	TRUE	TRUE	TRUE	FALSE	TRUE	FALSE	TRUE	FALSE	TRUE	TRUE	FALSE	FALSE
Smg6	-0.0691874849450676	0.0985120613604869	0.0985120613604869	33	0	FALSE	0	0	0.54148301369757	-0.520003256134156	-0.0818365429789187	-0.734722020512558	0.023177409127589	0.023177409127589	36	4	TRUE	1	3	0.897403319826587	-0.850958114766217	-0.2299631248957	TRUE	TRUE	TRUE	FALSE	TRUE	FALSE	TRUE	FALSE	TRUE	TRUE	FALSE	FALSE
Smim30	-0.0510512454979548	0.288955742330187	0.288955742330187	5	0	FALSE	0	0	0.347777105096062	-0.370697212070712	-0.0589681205865096	3.2602851497299	2.78250179837703e-17	2.78250179837703e-17	4	1	TRUE	1	0	3.2602851497299	0.187784590810798	1.1341733821903	TRUE	TRUE	TRUE	FALSE	TRUE	FALSE	FALSE	FALSE	TRUE	TRUE	FALSE	FALSE
Smim38	-0.0754954957450323	0.0805711579253729	0.0805711579253729	46	0	FALSE	0	0	0.616218949956227	-0.485445086322277	-0.0336676786188646	1.12084973705346	0.00644634947923866	0.00644634947923866	47	1	TRUE	1	0	1.12084973705346	-0.607489149008863	-0.110728697225249	TRUE	TRUE	TRUE	FALSE	TRUE	FALSE	FALSE	FALSE	TRUE	TRUE	FALSE	FALSE
Smndc1	-0.138846605320591	0.333563065224354	0.333563065224354	7	0	FALSE	0	0	-0.0703459659630035	-0.338911807013719	-0.181205311986089	0.887753622165779	0.0228352343499036	0.0228352343499036	13	1	TRUE	1	0	0.887753622165779	-0.656925331049445	0.106193153530523	TRUE	TRUE	TRUE	FALSE	TRUE	FALSE	FALSE	FALSE	TRUE	TRUE	FALSE	FALSE
Smox	-0.149008950061174	0.215197483238307	0.215197483238307	25	0	FALSE	0	0	0.246356225659038	-0.387976059990367	-0.0713695874703985	0.388183560553599	1.21585129550603e-06	1.21585129550603e-06	23	2	TRUE	1	1	1.6766814517819	-0.900314330674702	-0.155938802203049	TRUE	TRUE	TRUE	FALSE	TRUE	FALSE	TRUE	FALSE	TRUE	TRUE	FALSE	FALSE
Smpdl3a	-0.0704416196327865	0.173975554051709	0.173975554051709	7	0	FALSE	0	0	0.263443346308401	-0.463931980112121	-0.0963131387321024	0.944070002425849	0.0269616286023273	0.0269616286023273	8	1	TRUE	1	0	0.944070002425849	-0.535111841409008	-0.0955888323467244	TRUE	TRUE	TRUE	FALSE	TRUE	FALSE	FALSE	FALSE	TRUE	TRUE	FALSE	FALSE
Smpx	0.0433629043685067	0.205452195630952	0.205452195630952	16	0	FALSE	0	0	0.46030088676371	-0.40621785649048	-0.0164518542581292	0.981261893587739	4.78454624341128e-09	4.78454624341128e-09	14	5	TRUE	3	2	2.7823332559606	-1.13785663563742	0.108177542156109	TRUE	TRUE	TRUE	FALSE	TRUE	FALSE	TRUE	FALSE	TRUE	TRUE	FALSE	FALSE
Sms	-0.0458209844510716	0.131760973276002	0.131760973276002	11	0	FALSE	0	0	0.495529282915751	-0.270235021214984	-0.016860998267113	1.46517200965667	2.02977133424577e-08	2.02977133424577e-08	16	6	TRUE	5	1	2.63245923609811	-0.980071634737927	0.49973846247367	TRUE	TRUE	TRUE	FALSE	TRUE	FALSE	TRUE	FALSE	TRUE	TRUE	FALSE	FALSE
Snap25	-0.0950768858725085	0.127487180973463	0.127487180973463	40	0	FALSE	0	0	0.256281193268221	-0.506766330188199	-0.123723485919399	1.83278808807682	4.96508155550331e-17	4.96508155550331e-17	44	14	TRUE	14	0	3.26076657527895	-0.684784679089566	0.633988102832603	TRUE	TRUE	TRUE	FALSE	TRUE	FALSE	FALSE	FALSE	TRUE	TRUE	FALSE	FALSE
Sncaip	-0.105620628423317	0.102106335455233	0.102106335455233	65	0	FALSE	0	0	0.492436736311933	-0.58140803514996	-0.108712336254856	0.15531873894869	4.51001137167521e-06	4.51001137167521e-06	52	2	TRUE	1	1	1.7008424484439	-1.39020497054652	-0.159347473496926	TRUE	TRUE	TRUE	FALSE	TRUE	FALSE	TRUE	FALSE	TRUE	TRUE	FALSE	FALSE
Snrpf	-0.123695728950699	0.245274825655437	0.245274825655437	8	0	FALSE	0	0	0.128157391523579	-0.389415959602764	-0.117939978169088	2.71626739564791	1.28331641802392e-11	1.28331641802392e-11	7	1	TRUE	1	0	2.71626739564791	-0.535095143992047	0.20270019975635	TRUE	TRUE	TRUE	FALSE	TRUE	FALSE	FALSE	FALSE	TRUE	TRUE	FALSE	FALSE
Snx16	-0.155302023105316	0.139895744514272	0.139895744514272	45	0	FALSE	0	0	0.165011675398585	-0.56539002960043	-0.148068605303853	-0.879873931315052	2.51328503874298e-08	2.51328503874298e-08	42	4	TRUE	1	3	1.99985604842205	-0.940020044895175	-0.236880572278288	TRUE	TRUE	TRUE	FALSE	TRUE	FALSE	TRUE	FALSE	TRUE	TRUE	FALSE	FALSE
Snx18	-0.0673674274559521	0.309117450551287	0.309117450551287	24	0	FALSE	0	0	0.210967701682073	-0.346387800159631	-0.0786857320454571	3.21156232407113	3.72408439609934e-15	3.72408439609934e-15	26	1	TRUE	1	0	3.21156232407113	-0.631293168113643	0.00970914071511766	TRUE	TRUE	TRUE	FALSE	TRUE	FALSE	FALSE	FALSE	TRUE	TRUE	FALSE	FALSE
Snx24	-0.0260487658203584	0.197470510819098	0.197470510819098	27	0	FALSE	0	0	0.457663729644136	-0.412976878970515	-0.0320704410539867	1.16620933740387	0.000412415767547684	0.000412415767547684	23	2	TRUE	2	0	1.17100419934655	-0.531789255919866	0.00596054931457147	TRUE	TRUE	TRUE	FALSE	TRUE	FALSE	FALSE	FALSE	TRUE	TRUE	FALSE	FALSE
Snx9	0.0393008608610075	0.163837243275675	0.163837243275675	13	0	FALSE	0	0	0.46533905478406	-0.286785921374431	0.0170421711967308	0.032733227048681	0.004070826794153	0.004070826794153	12	2	TRUE	1	1	1.00013015000234	-0.934663695904978	-0.0696657839454542	TRUE	TRUE	TRUE	FALSE	TRUE	FALSE	TRUE	FALSE	TRUE	TRUE	FALSE	FALSE
Socs2	-0.0293149150176256	0.34987777252923	0.34987777252923	10	0	FALSE	0	0	0.328672486890451	-0.255623141146381	-0.00329508974382369	-0.00741366570184199	0.0156829615782727	0.0156829615782727	12	2	TRUE	1	1	0.787280444087272	-0.802107775490956	-0.119274244056409	TRUE	TRUE	TRUE	FALSE	TRUE	FALSE	TRUE	FALSE	TRUE	TRUE	FALSE	FALSE
Sox1ot	-0.0683283403021309	0.0589018269295221	0.0589018269295221	92	0	FALSE	0	0	0.409138693602794	-0.601257434039164	-0.0547812159007465	1.0911372345638	0.000225256074196527	0.000225256074196527	88	1	TRUE	1	0	1.0911372345638	-0.758169871480361	-0.140831239294155	TRUE	TRUE	TRUE	FALSE	TRUE	FALSE	FALSE	FALSE	TRUE	TRUE	FALSE	FALSE
Sox5os3	-0.056266679618198	0.0933186011304088	0.0933186011304088	74	0	FALSE	0	0	0.472689784454917	-0.64069589657904	-0.052766913638748	1.08344537890135	2.77737512871297e-09	2.77737512871297e-09	81	12	TRUE	11	1	2.30089924222358	-0.901751299845888	0.0658200440156285	TRUE	TRUE	TRUE	FALSE	TRUE	FALSE	TRUE	FALSE	TRUE	TRUE	FALSE	FALSE
Sp3os	-0.0284634305604857	0.0970411855552866	0.0970411855552866	20	0	FALSE	0	0	0.305454659364015	-0.54137529750142	-0.103635661959001	1.13759696498785	1.9631111372659e-05	1.9631111372659e-05	22	2	TRUE	2	0	1.55710001670651	-0.758240750506764	-0.058839288458965	TRUE	TRUE	TRUE	FALSE	TRUE	FALSE	FALSE	FALSE	TRUE	TRUE	FALSE	FALSE
Spag1	-0.166638816555839	0.3028116887861	0.3028116887861	13	0	FALSE	0	0	0.113751796902678	-0.358709263067542	-0.154527058145649	0.926595334920206	0.0470384187836174	0.0470384187836174	14	1	TRUE	1	0	0.926595334920206	-0.726813018491191	-0.164081830740793	TRUE	TRUE	TRUE	FALSE	TRUE	FALSE	FALSE	FALSE	TRUE	TRUE	FALSE	FALSE
Spag17	-0.127099148878012	0.0812508670742729	0.0812508670742729	74	0	FALSE	0	0	0.471102839861721	-0.625035464537478	-0.102124408697832	1.08083982901574	3.93729736861089e-17	3.93729736861089e-17	79	7	TRUE	5	2	3.10724287059215	-1.64054158423749	-0.142846683251306	TRUE	TRUE	TRUE	FALSE	TRUE	FALSE	TRUE	FALSE	TRUE	TRUE	FALSE	FALSE
Spam1	0.209309446484079	0.569056700754746	0.569056700754746	1	0	FALSE	0	0	0.209309446484079	0.209309446484079	0.209309446484079	1.60637538514609	5.33972384257325e-05	5.33972384257325e-05	3	1	TRUE	1	0	1.60637538514609	-0.614078956886053	0.316066549536354	TRUE	TRUE	TRUE	FALSE	TRUE	FALSE	FALSE	FALSE	TRUE	TRUE	FALSE	FALSE
Spata20	0.0750820909692743	0.187345821121521	0.187345821121521	4	0	FALSE	0	0	0.431321105780176	-0.0322223845196485	0.137315725799769	1.02862173354001	8.51110392756016e-05	8.51110392756016e-05	5	2	TRUE	2	0	1.3672567472593	-0.212972113832552	0.429113895241534	TRUE	TRUE	TRUE	FALSE	TRUE	FALSE	FALSE	FALSE	TRUE	TRUE	FALSE	FALSE
Spdl1	-0.0522724490488136	0.0952806815124402	0.0952806815124402	30	0	FALSE	0	0	0.204502701127166	-0.587357927202739	-0.0832548474127708	1.45115762714642	8.6022019435693e-06	8.6022019435693e-06	29	2	TRUE	2	0	1.53004601405075	-0.523771278620936	-0.0974631706688667	TRUE	TRUE	TRUE	FALSE	TRUE	FALSE	FALSE	FALSE	TRUE	TRUE	FALSE	FALSE
Speer3	-0.123083946125017	0.196350618120122	0.196350618120122	36	0	FALSE	0	0	0.218333476470885	-0.450831752398684	-0.11351573753322	1.73793409779059	2.74385037936701e-06	2.74385037936701e-06	35	4	TRUE	4	0	2.15036883037871	-0.684887985339348	0.0916883454473589	TRUE	TRUE	TRUE	FALSE	TRUE	FALSE	FALSE	FALSE	TRUE	TRUE	FALSE	FALSE
Speer6-ps1	-0.100003381667338	0.270169136769255	0.270169136769255	36	0	FALSE	0	0	0.252310451092912	-0.388805916401314	-0.103338160281637	1.95286886084857	3.04461270158316e-05	3.04461270158316e-05	34	1	TRUE	1	0	1.95286886084857	-0.703698666705055	-0.199459905125931	TRUE	TRUE	TRUE	FALSE	TRUE	FALSE	FALSE	FALSE	TRUE	TRUE	FALSE	FALSE
Spesp1	-0.173366243285556	0.414751514412289	0.414751514412289	5	0	FALSE	0	0	-0.113330108245078	-0.286088152432823	-0.187940958110095	1.22835364895483	0.00115795148808447	0.00115795148808447	8	2	TRUE	2	0	1.75190128065275	-0.436642493526154	0.354899295046301	TRUE	TRUE	TRUE	FALSE	TRUE	FALSE	FALSE	FALSE	TRUE	TRUE	FALSE	FALSE
Sphkap	-0.0610611362075754	0.0614599317675509	0.0614599317675509	58	0	FALSE	0	0	0.369130018935096	-0.86837398163083	-0.0899710191631556	1.41854223923843	1.54379158295399e-26	1.54379158295399e-26	88	22	TRUE	22	0	4.29633414374388	-0.670511611637461	0.361703254102845	TRUE	TRUE	TRUE	FALSE	TRUE	FALSE	FALSE	FALSE	TRUE	TRUE	FALSE	FALSE
Spmip2	-0.121957741772853	0.306498380787166	0.306498380787166	17	0	FALSE	0	0	0.225502914350767	-0.360377414183197	-0.111687611408645	0.817925864883192	0.0307495137335131	0.0307495137335131	19	2	TRUE	2	0	0.852482665885558	-0.565830096383112	-0.0599882157940402	TRUE	TRUE	TRUE	FALSE	TRUE	FALSE	FALSE	FALSE	TRUE	TRUE	FALSE	FALSE
Spmip3	-0.0624055169500415	0.0574758190464262	0.0574758190464262	12	0	FALSE	0	0	0.626188502562931	-0.720526316251019	-0.0959530102695568	1.30960889105357	0.00266248491682166	0.00266248491682166	15	1	TRUE	1	0	1.30960889105357	-0.60833212815409	-0.143128196501815	TRUE	TRUE	TRUE	FALSE	TRUE	FALSE	FALSE	FALSE	TRUE	TRUE	FALSE	FALSE
Spp2	-0.0367204976498247	0.44291140318887	0.44291140318887	28	0	FALSE	0	0	0.221394381705467	-0.275386960088982	-0.0341325701072279	2.56369911536631	1.11098704578653e-05	1.11098704578653e-05	23	1	TRUE	1	0	2.56369911536631	-0.631862502698141	-0.141227479159413	TRUE	TRUE	TRUE	FALSE	TRUE	FALSE	FALSE	FALSE	TRUE	TRUE	FALSE	FALSE
Spry4	-0.116457846912595	0.249621518232668	0.249621518232668	22	0	FALSE	0	0	0.171722251793603	-0.400218675699367	-0.117520559231076	0.72007453655724	0.0365578647508207	0.0365578647508207	26	1	TRUE	1	0	0.72007453655724	-0.681545554656551	-0.116801160154403	TRUE	TRUE	TRUE	FALSE	TRUE	FALSE	FALSE	FALSE	TRUE	TRUE	FALSE	FALSE
Sptb	-0.146662307525602	0.0593938803972355	0.0593938803972355	38	0	FALSE	0	0	0.540741942686619	-0.615753984176558	-0.142911091230896	0.767605870012135	2.59758713708774e-07	2.59758713708774e-07	46	2	TRUE	1	1	2.23646304275736	-0.70125130273309	-0.126300132550617	TRUE	TRUE	TRUE	FALSE	TRUE	FALSE	TRUE	FALSE	TRUE	TRUE	FALSE	FALSE
Sptlc3	-0.0151126702114429	0.115809351170142	0.115809351170142	43	0	FALSE	0	0	0.525586032860985	-0.517177196839409	-0.00640491588209449	1.48063970796033	3.35021660042862e-14	3.35021660042862e-14	66	26	TRUE	25	1	3.45067916488333	-0.942317519885028	0.710098570920824	TRUE	TRUE	TRUE	FALSE	TRUE	FALSE	TRUE	FALSE	TRUE	TRUE	FALSE	FALSE
Srd5a3	-0.0837687444882533	0.28326797418482	0.28326797418482	22	0	FALSE	0	0	0.270743066380687	-0.377710982986836	-0.0607377076579085	1.45317787135697	2.53644522542928e-05	2.53644522542928e-05	20	1	TRUE	1	0	1.45317787135697	-0.588851789712275	-0.0500757899929612	TRUE	TRUE	TRUE	FALSE	TRUE	FALSE	FALSE	FALSE	TRUE	TRUE	FALSE	FALSE
Srebf1	-0.0482219683951363	0.226423798207237	0.226423798207237	11	0	FALSE	0	0	0.397619076371269	-0.229483566386432	0.0220465264515912	0.841582841291265	0.0411863820694185	0.0411863820694185	11	1	TRUE	1	0	0.841582841291265	-0.536529198613786	-0.00840463950442184	TRUE	TRUE	TRUE	FALSE	TRUE	FALSE	FALSE	FALSE	TRUE	TRUE	FALSE	FALSE
Srfbp1	-0.130433396141518	0.271935896972096	0.271935896972096	11	0	FALSE	0	0	-0.0104897100222318	-0.387958124444779	-0.172679663663658	0.0550735570887095	0.00488057071347001	0.00488057071347001	11	2	TRUE	1	1	1.06357485537257	-0.953427741195151	-0.0496624728098019	TRUE	TRUE	TRUE	FALSE	TRUE	FALSE	TRUE	FALSE	TRUE	TRUE	FALSE	FALSE
Sstr2	0.00986583519462891	0.362712320260478	0.362712320260478	9	0	FALSE	0	0	0.225312511471591	-0.314428735112755	-0.00734103463966381	0.761311794604167	0.0172757094537077	0.0172757094537077	10	1	TRUE	1	0	0.761311794604167	-0.312391429949714	0.0608617749473942	TRUE	TRUE	TRUE	FALSE	TRUE	FALSE	FALSE	FALSE	TRUE	TRUE	FALSE	FALSE
St18	-0.121435686664011	0.0950909091889538	0.0950909091889538	58	0	FALSE	0	0	0.305812747914785	-0.677800016834367	-0.103630279874435	1.01837179948058	6.74334412079907e-09	6.74334412079907e-09	71	8	TRUE	7	1	2.60893315215774	-0.999138348911594	0.0460191183958107	TRUE	TRUE	TRUE	FALSE	TRUE	FALSE	TRUE	FALSE	TRUE	TRUE	FALSE	FALSE
St3gal4	0.0141883337608907	0.104714823081411	0.104714823081411	22	0	FALSE	0	0	0.531601529308931	-0.424888071017996	0.00967571824243358	1.00809532600873	0.0052594064594852	0.0052594064594852	20	1	TRUE	1	0	1.00809532600873	-0.67760721077302	-0.150342228006843	TRUE	TRUE	TRUE	FALSE	TRUE	FALSE	FALSE	FALSE	TRUE	TRUE	FALSE	FALSE
St8sia3os	-0.0811144882556954	0.0706826042012228	0.0706826042012228	66	0	FALSE	0	0	0.629913216603636	-0.572939837933008	-0.0243208200372605	0.953506055596033	1.44159615433531e-13	1.44159615433531e-13	60	5	TRUE	3	2	3.00326844398318	-0.819305067423469	-0.0750434552934522	TRUE	TRUE	TRUE	FALSE	TRUE	FALSE	TRUE	FALSE	TRUE	TRUE	FALSE	FALSE
Stard3nl	-0.108769137269594	0.0754976699938461	0.0754976699938461	43	0	FALSE	0	0	0.387938812434827	-0.569927264839833	-0.121005828550627	1.19082833410702	0.00048799801391592	0.00048799801391592	45	1	TRUE	1	0	1.19082833410702	-0.609313061289903	-0.151411162620825	TRUE	TRUE	TRUE	FALSE	TRUE	FALSE	FALSE	FALSE	TRUE	TRUE	FALSE	FALSE
Stat1	-0.0227936004964819	0.0654065979159148	0.0654065979159148	22	0	FALSE	0	0	0.22133726569382	-0.735378111217307	-0.044803763393333	-0.304886239921992	0.00449335779461192	0.00449335779461192	20	2	TRUE	1	1	0.747953949427566	-1.35772642927155	-0.200041661450824	TRUE	TRUE	TRUE	FALSE	TRUE	FALSE	TRUE	FALSE	TRUE	TRUE	FALSE	FALSE
Steap1	-0.102685138587068	0.122219889521465	0.122219889521465	42	0	FALSE	0	0	0.229073407091068	-0.550875277699825	-0.103620584418826	1.74927667955449	2.42903271269663e-06	2.42903271269663e-06	46	7	TRUE	5	2	2.82259413662173	-1.21686859931113	-0.0532609951416839	TRUE	TRUE	TRUE	FALSE	TRUE	FALSE	TRUE	FALSE	TRUE	TRUE	FALSE	FALSE
Stim1	-0.102341738597842	0.282213926738792	0.282213926738792	18	0	FALSE	0	0	0.104320702326791	-0.378067487009799	-0.0863363964071926	1.52814105067319	0.00427353880074762	0.00427353880074762	22	1	TRUE	1	0	1.52814105067319	-0.663704409532182	-0.121678100130617	TRUE	TRUE	TRUE	FALSE	TRUE	FALSE	FALSE	FALSE	TRUE	TRUE	FALSE	FALSE
Stk10	-0.0512783675013751	0.0517002170619799	0.0517002170619799	30	0	FALSE	0	0	0.394406095902265	-0.665481373630559	-0.052236272932622	0.0487068926451215	0.037767666276089	0.037767666276089	31	2	TRUE	1	1	0.854802577906671	-0.757388792616428	-0.095854673249972	TRUE	TRUE	TRUE	FALSE	TRUE	FALSE	TRUE	FALSE	TRUE	TRUE	FALSE	FALSE
Stom	-0.104998205905844	0.169451974545844	0.169451974545844	17	0	FALSE	0	0	0.44576433123671	-0.324362885864967	-0.0488166802880401	1.8524258761669	8.16840572146737e-11	8.16840572146737e-11	14	2	TRUE	2	0	1.98461069889502	-0.382762705964964	0.228498119148854	TRUE	TRUE	TRUE	FALSE	TRUE	FALSE	FALSE	FALSE	TRUE	TRUE	FALSE	FALSE
Stx8	-0.0320602928011932	0.116211783078429	0.116211783078429	32	0	FALSE	0	0	0.566244346825785	-0.322402033117741	0.0149584560559602	-0.202515473437865	0.00411119570824554	0.00411119570824554	31	2	TRUE	1	1	0.93216598005644	-1.33719692693217	-0.133567234788583	TRUE	TRUE	TRUE	FALSE	TRUE	FALSE	TRUE	FALSE	TRUE	TRUE	FALSE	FALSE
Stxbp5l	-0.00838673316266295	0.320224747899702	0.320224747899702	18	0	FALSE	0	0	0.223881769184154	-0.348793828910846	-0.0343555541885839	3.04679306704716	4.91979339029952e-32	4.91979339029952e-32	27	9	TRUE	9	0	5.31000092424929	-0.696159912992694	0.989443600395077	TRUE	TRUE	TRUE	FALSE	TRUE	FALSE	FALSE	FALSE	TRUE	TRUE	FALSE	FALSE
Sucnr1	-0.0392755975365096	0.304146766936543	0.304146766936543	13	0	FALSE	0	0	0.362124091865186	-0.274315017549274	-0.0187537023760457	0.929511154747006	2.44051967693842e-05	2.44051967693842e-05	23	3	TRUE	3	0	1.81039982682018	-0.69112212146498	0.0466819123470944	TRUE	TRUE	TRUE	FALSE	TRUE	FALSE	FALSE	FALSE	TRUE	TRUE	FALSE	FALSE
Susd1	-0.077580951828067	0.0579067105037513	0.0579067105037513	33	0	FALSE	0	0	0.659581922601075	-0.661739744639777	-0.0753739056408419	1.57581805798072	2.28434667538096e-08	2.28434667538096e-08	35	3	TRUE	3	0	1.72958745426269	-0.535223327547842	0.0266514066926888	TRUE	TRUE	TRUE	FALSE	TRUE	FALSE	FALSE	FALSE	TRUE	TRUE	FALSE	FALSE
Susd6	-0.126122640693691	0.264889893995083	0.264889893995083	20	0	FALSE	0	0	0.0753664255039915	-0.3901274535171	-0.132466507320092	-0.846235611615627	0.00239984752673174	0.00239984752673174	25	3	TRUE	1	2	0.876474813565637	-0.907843359031779	-0.250312824776597	TRUE	TRUE	TRUE	FALSE	TRUE	FALSE	TRUE	FALSE	TRUE	TRUE	FALSE	FALSE
Sybu	-0.155917025762679	0.147428673782304	0.147428673782304	25	0	FALSE	0	0	0.152758805155847	-0.564218771112608	-0.146306665847671	0.923619989213796	0.000786982748436345	0.000786982748436345	29	3	TRUE	2	1	1.28155221084354	-0.823343339526745	-0.076307396270271	TRUE	TRUE	TRUE	FALSE	TRUE	FALSE	TRUE	FALSE	TRUE	TRUE	FALSE	FALSE
Sycp1	-0.155580075989075	0.0675927032201825	0.0675927032201825	3	0	FALSE	0	0	0.594434137799801	-0.243048511350097	0.0652685168202097	0.845034568094955	0.0209185774384084	0.0209185774384084	4	1	TRUE	1	0	0.845034568094955	-0.416435709707468	-0.00423635192511542	TRUE	TRUE	TRUE	FALSE	TRUE	FALSE	FALSE	FALSE	TRUE	TRUE	FALSE	FALSE
Syf2	-0.0186594221706272	0.168164647479922	0.168164647479922	27	0	FALSE	0	0	0.457002482558367	-0.446078920775905	-0.0140029897179484	1.29085361689027	1.65017963287034e-23	1.65017963287034e-23	31	3	TRUE	3	0	3.06378804329905	-0.435263602928368	0.196813662125893	TRUE	TRUE	TRUE	FALSE	TRUE	FALSE	FALSE	FALSE	TRUE	TRUE	FALSE	FALSE
Syn2	-0.163942495920755	0.177246439432432	0.177246439432432	28	0	FALSE	0	0	0.255436597148149	-0.469987066228468	-0.143862051463022	1.88209365486606	3.43528419260381e-14	3.43528419260381e-14	34	3	TRUE	3	0	2.81308240043077	-0.654677330066417	0.0222922570106658	TRUE	TRUE	TRUE	FALSE	TRUE	FALSE	FALSE	FALSE	TRUE	TRUE	FALSE	FALSE
Synpr	-0.101524095194835	0.142247117769884	0.142247117769884	51	0	FALSE	0	0	0.400039286905164	-0.491352176584464	-0.0846991437803345	2.42319399449323	5.4294652461339e-06	5.4294652461339e-06	38	3	TRUE	3	0	2.48328500185505	-0.552327306106971	-0.02543174920769	TRUE	TRUE	TRUE	FALSE	TRUE	FALSE	FALSE	FALSE	TRUE	TRUE	FALSE	FALSE
Syt17	-0.069681930182162	0.0747224786160338	0.0747224786160338	26	0	FALSE	0	0	0.300443729583318	-0.592537788615259	-0.0741641999073507	2.02434932463762	6.55684295222727e-10	6.55684295222727e-10	28	3	TRUE	3	0	3.08408312374603	-0.6877259718097	0.0873078826057494	TRUE	TRUE	TRUE	FALSE	TRUE	FALSE	FALSE	FALSE	TRUE	TRUE	FALSE	FALSE
Syt4	-0.104961940804885	0.279214942274348	0.279214942274348	15	0	FALSE	0	0	0.138193192791935	-0.377575971546612	-0.104847684373954	0.070332329076806	0.00218348119367679	0.00218348119367679	15	2	TRUE	1	1	1.09661198672479	-0.955947328571178	-0.139857219393241	TRUE	TRUE	TRUE	FALSE	TRUE	FALSE	TRUE	FALSE	TRUE	TRUE	FALSE	FALSE
Taar4	0.107429921717525	0.0714274760737325	0.0714274760737325	3	0	FALSE	0	0	0.550469760878885	-0.111496219459394	0.182134487712339	2.05502791575121	6.2353732683932e-13	6.2353732683932e-13	5	2	TRUE	2	0	2.32868484688951	-0.306500335260274	0.815392755744638	TRUE	TRUE	TRUE	FALSE	TRUE	FALSE	FALSE	FALSE	TRUE	TRUE	FALSE	FALSE
Tac1	-0.094836247401419	0.357332176372616	0.357332176372616	34	0	FALSE	0	0	0.279784859840997	-0.326298069885413	-0.0857770993679036	2.26136162255167	8.56373109603372e-10	8.56373109603372e-10	31	2	TRUE	2	0	2.52249305201997	-0.691269868072668	-0.129804569690619	TRUE	TRUE	TRUE	FALSE	TRUE	FALSE	FALSE	FALSE	TRUE	TRUE	FALSE	FALSE
Tac4	-0.0388233973814794	0.353765378376317	0.353765378376317	23	0	FALSE	0	0	0.280395770420238	-0.328284870133641	-0.025130198643142	-0.000974622037848982	0.0304507075251722	0.0304507075251722	28	2	TRUE	1	1	0.804709133036098	-0.806658377111796	-0.126920157674076	TRUE	TRUE	TRUE	FALSE	TRUE	FALSE	TRUE	FALSE	TRUE	TRUE	FALSE	FALSE
Tacr1	-0.0916793217980772	0.0971431226549771	0.0971431226549771	45	0	FALSE	0	0	0.371159504503608	-0.600950165995587	-0.116932939950623	-0.986093875151077	1.60594626392147e-12	1.60594626392147e-12	45	4	TRUE	1	3	2.25071964462782	-1.08282576204779	-0.202980364747212	TRUE	TRUE	TRUE	FALSE	TRUE	FALSE	TRUE	FALSE	TRUE	TRUE	FALSE	FALSE
Taf11	-0.130474740383175	0.309908557096828	0.309908557096828	13	0	FALSE	0	0	0.0796092211972327	-0.35417037543836	-0.109885107776759	0.918411361485023	0.0048600133934878	0.0048600133934878	14	1	TRUE	1	0	0.918411361485023	-0.35003352455256	-0.0554102863431787	TRUE	TRUE	TRUE	FALSE	TRUE	FALSE	FALSE	FALSE	TRUE	TRUE	FALSE	FALSE
Tamm41	-0.0624004908215994	0.114573726956766	0.114573726956766	19	0	FALSE	0	0	0.308827250506301	-0.526687110821044	-0.0861664267220404	1.69156580757042	9.73112254804307e-05	9.73112254804307e-05	26	1	TRUE	1	0	1.69156580757042	-0.639625740786506	-0.0826471731153924	TRUE	TRUE	TRUE	FALSE	TRUE	FALSE	FALSE	FALSE	TRUE	TRUE	FALSE	FALSE
Tanc1	-0.0911799910036719	0.073677732285546	0.073677732285546	91	0	FALSE	0	0	0.505896069305142	-0.587484330436902	-0.0716678401643813	1.41086784261049	1.50252473013017e-17	1.50252473013017e-17	91	8	TRUE	7	1	2.74522365933436	-1.22309768364396	0.00163140239925507	TRUE	TRUE	TRUE	FALSE	TRUE	FALSE	TRUE	FALSE	TRUE	TRUE	FALSE	FALSE
Tarbp1	-0.00863664656131446	0.0806040276114774	0.0806040276114774	25	0	FALSE	0	0	0.624218783599246	-0.471368406182926	0.00773377190711561	1.19755342390244	5.67950868855491e-07	5.67950868855491e-07	23	2	TRUE	2	0	1.5229110723784	-0.6938022587503	0.123407855651479	TRUE	TRUE	TRUE	FALSE	TRUE	FALSE	FALSE	FALSE	TRUE	TRUE	FALSE	FALSE
Tas2r118	-0.105942345691047	0.493727253559318	0.493727253559318	11	0	FALSE	0	0	0.0327531064616098	-0.247474335923739	-0.0935921164140329	1.01153430602872	0.00975851547198263	0.00975851547198263	21	2	TRUE	2	0	1.05628338310136	-0.505538929983979	0.247752475053202	TRUE	TRUE	TRUE	FALSE	TRUE	FALSE	FALSE	FALSE	TRUE	TRUE	FALSE	FALSE
Tbl1x	-0.16865383807928	0.105280808257006	0.105280808257006	22	0	FALSE	0	0	0.73473585883262	-0.648435529630442	-0.140478472755771	-0.862114656536392	2.18993159713416e-06	2.18993159713416e-06	28	5	TRUE	2	3	1.92423098767479	-1.5135552332435	-0.206301678339059	TRUE	TRUE	TRUE	FALSE	TRUE	FALSE	TRUE	FALSE	TRUE	TRUE	FALSE	FALSE
Tbpl1	-0.20518500070965	0.205853884806884	0.205853884806884	10	0	FALSE	0	0	0.188914743403078	-0.437289363010168	-0.151751011288847	1.86354692060662	4.34785672520473e-08	4.34785672520473e-08	12	3	TRUE	2	1	2.59439300329377	-0.78661355723755	0.172683540850906	TRUE	TRUE	TRUE	FALSE	TRUE	FALSE	TRUE	FALSE	TRUE	TRUE	FALSE	FALSE
Tcf7	-0.0296994003641099	0.454222975944387	0.454222975944387	19	0	FALSE	0	0	0.271170122754468	-0.247787930056188	-0.0477046448959923	1.04490550503861	0.0359755355163007	0.0359755355163007	21	1	TRUE	1	0	1.04490550503861	-0.635621949716881	-0.133719050976315	TRUE	TRUE	TRUE	FALSE	TRUE	FALSE	FALSE	FALSE	TRUE	TRUE	FALSE	FALSE
Tdo2	-0.172470054255227	0.643063297009987	0.643063297009987	2	0	FALSE	0	0	-0.167645074775795	-0.177295033734659	-0.172470054255227	2.68000742983343	5.94534496681327e-07	5.94534496681327e-07	5	1	TRUE	1	0	2.68000742983343	-0.559762070441399	0.595516181733677	TRUE	TRUE	TRUE	FALSE	TRUE	FALSE	FALSE	FALSE	TRUE	TRUE	FALSE	FALSE
Tead4	-0.0878682948422694	0.171633640655897	0.171633640655897	20	0	FALSE	0	0	0.282011547946282	-0.437783718464383	-0.0839901176492445	1.84061826095018	4.96536173681463e-09	4.96536173681463e-09	23	1	TRUE	1	0	1.84061826095018	-0.56030374022938	-0.118466096111744	TRUE	TRUE	TRUE	FALSE	TRUE	FALSE	FALSE	FALSE	TRUE	TRUE	FALSE	FALSE
Tecrl	-0.139232914623762	0.094082686165297	0.094082686165297	44	0	FALSE	0	0	0.208716227341594	-0.619054248317524	-0.141817621504257	-0.934223007736964	0.00354035482430508	0.00354035482430508	42	5	TRUE	2	3	1.03217522734168	-1.16601105295274	-0.236176997078955	TRUE	TRUE	TRUE	FALSE	TRUE	FALSE	TRUE	FALSE	TRUE	TRUE	FALSE	FALSE
Tff3	-0.00777159472403026	0.324455077999675	0.324455077999675	7	0	FALSE	0	0	0.252728524791441	-0.33688815183495	-0.0581065785438105	1.19675692117198	7.13516775140642e-14	7.13516775140642e-14	8	3	TRUE	3	0	3.61894322687261	-0.446973780716955	0.812099437861067	TRUE	TRUE	TRUE	FALSE	TRUE	FALSE	FALSE	FALSE	TRUE	TRUE	FALSE	FALSE
Tgfa	-0.0710003360044513	0.08798971900689	0.08798971900689	41	0	FALSE	0	0	0.570921726132337	-0.511722427760962	-0.0775346607669573	-0.707150364934396	0.00277371122070873	0.00277371122070873	42	4	TRUE	1	3	1.02099772827755	-0.967048829530249	-0.173181477196306	TRUE	TRUE	TRUE	FALSE	TRUE	FALSE	TRUE	FALSE	TRUE	TRUE	FALSE	FALSE
Thnsl1	-0.0481621645547676	0.0877491902778846	0.0877491902778846	20	0	FALSE	0	0	0.368478117642648	-0.576767140516619	-0.056588341437671	1.19105080791121	6.7003403853898e-08	6.7003403853898e-08	16	7	TRUE	7	0	1.76547735722897	-0.408243274224776	0.549067218414662	TRUE	TRUE	TRUE	FALSE	TRUE	FALSE	FALSE	FALSE	TRUE	TRUE	FALSE	FALSE
Thrsp	-0.216264751562262	0.128381827800215	0.128381827800215	6	0	FALSE	0	0	0.198614277437167	-0.441146067088325	-0.183072950623052	1.13328567186104	1.39149228709679e-11	1.39149228709679e-11	8	5	TRUE	5	0	3.02911253227431	0.267837418506429	1.25502595375686	TRUE	TRUE	TRUE	FALSE	TRUE	FALSE	FALSE	FALSE	TRUE	TRUE	FALSE	FALSE
Thumpd2	-0.146395609581689	0.136139949182554	0.136139949182554	51	0	FALSE	0	0	0.503186301971849	-0.549174705391681	-0.116213861533125	0.926754124909641	3.80665475636705e-11	3.80665475636705e-11	60	7	TRUE	4	3	2.79366107020581	-0.990988484812336	-0.119644043946374	TRUE	TRUE	TRUE	FALSE	TRUE	FALSE	TRUE	FALSE	TRUE	TRUE	FALSE	FALSE
Tigd2	-0.0539880587486017	0.056296532542017	0.056296532542017	13	0	FALSE	0	0	0.124105233997335	-0.760760552796312	-0.164457190764003	1.90538178175529	4.26303237346894e-08	4.26303237346894e-08	19	6	TRUE	6	0	2.35515526688261	-0.789528086281131	0.517896695304993	TRUE	TRUE	TRUE	FALSE	TRUE	FALSE	FALSE	FALSE	TRUE	TRUE	FALSE	FALSE
Tincr	-0.0164515491769337	0.368373090795862	0.368373090795862	10	0	FALSE	0	0	0.196097102510614	-0.319498472086071	-0.0519195571996576	1.32099784975043	5.04833397539535e-05	5.04833397539535e-05	10	2	TRUE	2	0	1.49552214209961	-0.419011121988321	0.198236423130978	TRUE	TRUE	TRUE	FALSE	TRUE	FALSE	FALSE	FALSE	TRUE	TRUE	FALSE	FALSE
Tlcd4	-0.0830839341755663	0.155650363030081	0.155650363030081	22	0	FALSE	0	0	0.213404714946263	-0.512943756770404	-0.0941945497095086	0.778031024927682	0.0373658096863184	0.0373658096863184	16	1	TRUE	1	0	0.778031024927682	-0.656461268476583	-0.0879107661294738	TRUE	TRUE	TRUE	FALSE	TRUE	FALSE	FALSE	FALSE	TRUE	TRUE	FALSE	FALSE
Tlk2	-0.123901739632894	0.422401462676276	0.422401462676276	9	0	FALSE	0	0	0.287352995871202	-0.281105563571517	-0.110733088108279	-0.0906401690555315	0.021453467582237	0.021453467582237	6	2	TRUE	1	1	0.728229960733573	-0.909510298844636	-0.210748068525339	TRUE	TRUE	TRUE	FALSE	TRUE	FALSE	TRUE	FALSE	TRUE	TRUE	FALSE	FALSE
Tm9sf4	-0.107730032931385	0.129104089898933	0.129104089898933	17	0	FALSE	0	0	0.112799099678831	-0.490652616283155	-0.139337760800497	2.44444118230817	7.25259758143796e-10	7.25259758143796e-10	19	1	TRUE	1	0	2.44444118230817	-0.702010188127303	-0.110330039906209	TRUE	TRUE	TRUE	FALSE	TRUE	FALSE	FALSE	FALSE	TRUE	TRUE	FALSE	FALSE
Tmem108	-0.0732072699509451	0.0552237899264282	0.0552237899264282	64	0	FALSE	0	0	0.592754896352978	-0.448879015808732	-0.0649451249389998	-0.0173470281183274	0.000100029359506535	0.000100029359506535	70	4	TRUE	2	2	1.95863338824556	-0.934575490585242	-0.159008631118996	TRUE	TRUE	TRUE	FALSE	TRUE	FALSE	TRUE	FALSE	TRUE	TRUE	FALSE	FALSE
Tmem114	-0.108828332745941	0.0960734722012421	0.0960734722012421	77	0	FALSE	0	0	0.560748902405248	-0.522015495850269	-0.101557635246251	-0.862120224242665	1.73717960187947e-06	1.73717960187947e-06	77	5	TRUE	2	3	1.85509075613348	-1.23625944322481	-0.222000082286093	TRUE	TRUE	TRUE	FALSE	TRUE	FALSE	TRUE	FALSE	TRUE	TRUE	FALSE	FALSE
Tmem132e	-0.0684011075176569	0.154713032843223	0.154713032843223	52	0	FALSE	0	0	0.414639686176768	-0.466339216356495	-0.056784315728243	2.08410341132759	2.02018280048921e-09	2.02018280048921e-09	57	3	TRUE	2	1	2.70718486422627	-0.870958428226737	-0.0243300701815652	TRUE	TRUE	TRUE	FALSE	TRUE	FALSE	TRUE	FALSE	TRUE	TRUE	FALSE	FALSE
Tmem144	-0.0836398611627881	0.353469511649886	0.353469511649886	18	0	FALSE	0	0	0.197143801568163	-0.328015926742249	-0.0595789819631853	0.885866931052425	1.39811199685769e-08	1.39811199685769e-08	18	6	TRUE	5	1	3.14592449242005	-0.84239040861758	0.201671792136688	TRUE	TRUE	TRUE	FALSE	TRUE	FALSE	TRUE	FALSE	TRUE	TRUE	FALSE	FALSE
Tmem163	-0.0394605577438956	0.0793330610868326	0.0793330610868326	59	0	FALSE	0	0	0.576286653468825	-0.573554160350574	-0.0332042342541837	0.941400477528096	0.00349419776760447	0.00349419776760447	49	2	TRUE	2	0	0.972055694200813	-0.667511029793325	-0.143535088609462	TRUE	TRUE	TRUE	FALSE	TRUE	FALSE	FALSE	FALSE	TRUE	TRUE	FALSE	FALSE
Tmem164	-0.129297589148509	0.135272559164904	0.135272559164904	46	0	FALSE	0	0	0.479219571676619	-0.539000805525111	-0.121044474150142	0.3558788203876	8.87229379358337e-21	8.87229379358337e-21	37	4	TRUE	2	2	3.11453602870176	-1.18199323112324	-0.1804968140692	TRUE	TRUE	TRUE	FALSE	TRUE	FALSE	TRUE	FALSE	TRUE	TRUE	FALSE	FALSE
Tmem177	-0.0354164543931571	0.426692650076365	0.426692650076365	13	0	FALSE	0	0	0.241638044902366	-0.281702030663996	-0.0314653833722443	0.893827293425598	0.0112945875496649	0.0112945875496649	10	1	TRUE	1	0	0.893827293425598	-0.423348883826887	-0.0323953963172884	TRUE	TRUE	TRUE	FALSE	TRUE	FALSE	FALSE	FALSE	TRUE	TRUE	FALSE	FALSE
Tmem212	-0.0834445787717928	0.222181408453248	0.222181408453248	15	0	FALSE	0	0	0.282903634294414	-0.418482726576842	-0.0890850038685749	0.914052808795683	0.00309013192951605	0.00309013192951605	16	1	TRUE	1	0	0.914052808795683	-0.511905443326501	-0.153018731854112	TRUE	TRUE	TRUE	FALSE	TRUE	FALSE	FALSE	FALSE	TRUE	TRUE	FALSE	FALSE
Tmem220	-0.14029903498193	0.352720891482073	0.352720891482073	10	0	FALSE	0	0	0.328761249771977	-0.26698899599037	-0.0336091996509381	1.65767613127829	3.2122497691767e-07	3.2122497691767e-07	10	1	TRUE	1	0	1.65767613127829	-0.353185698449451	0.0793029978294715	TRUE	TRUE	TRUE	FALSE	TRUE	FALSE	FALSE	FALSE	TRUE	TRUE	FALSE	FALSE
Tmem38b	-0.116870922041709	0.0991394347388287	0.0991394347388287	105	0	FALSE	0	0	0.423931956844145	-0.591610408378538	-0.116589392722253	-0.818437928740821	4.07713529483703e-07	4.07713529483703e-07	95	5	TRUE	1	4	2.44330934812557	-1.28099366434646	-0.252740504732696	TRUE	TRUE	TRUE	FALSE	TRUE	FALSE	TRUE	FALSE	TRUE	TRUE	FALSE	FALSE
Tmem44	-0.0684484431525341	0.112124788981783	0.112124788981783	20	0	FALSE	0	0	0.249454285762817	-0.53415008736877	-0.105733374147531	0.616604633041823	0.0417788595046101	0.0417788595046101	18	1	TRUE	1	0	0.616604633041823	-0.72105766361509	-0.28093155793202	TRUE	TRUE	TRUE	FALSE	TRUE	FALSE	FALSE	FALSE	TRUE	TRUE	FALSE	FALSE
Tmem47	-0.16573614278328	0.124465022941233	0.124465022941233	18	0	FALSE	0	0	0.394169943579176	-0.591921172129025	-0.174471499286114	0.381335697024315	1.18918421031582e-09	1.18918421031582e-09	18	2	TRUE	1	1	2.38086130324679	-1.61818990919816	-0.229129031574882	TRUE	TRUE	TRUE	FALSE	TRUE	FALSE	TRUE	FALSE	TRUE	TRUE	FALSE	FALSE
Tmem51os1	-0.00812107689357091	0.168569508092086	0.168569508092086	19	0	FALSE	0	0	0.50056866043224	-0.302274076777542	0.0343938179710723	2.17214834323071	2.0043874394357e-26	2.0043874394357e-26	19	11	TRUE	10	1	5.03097930484029	-0.645496368877766	1.25656458914056	TRUE	TRUE	TRUE	FALSE	TRUE	FALSE	TRUE	FALSE	TRUE	TRUE	FALSE	FALSE
Tmem64	-0.0762344577194195	0.156812341696509	0.156812341696509	51	0	FALSE	0	0	0.378333238825144	-0.48593350432813	-0.0534605682848912	2.55187466680531	1.42222925232049e-16	1.42222925232049e-16	59	5	TRUE	4	1	2.95728971952278	-0.942744391691229	0.0222569335979154	TRUE	TRUE	TRUE	FALSE	TRUE	FALSE	TRUE	FALSE	TRUE	TRUE	FALSE	FALSE
Tmem71	-0.211403516987719	0.172022829063496	0.172022829063496	7	0	FALSE	0	0	0.108401057898792	-0.489617412302137	-0.223535801471627	0.848244813393278	0.0468618844765692	0.0468618844765692	8	1	TRUE	1	0	0.848244813393278	-0.648869634999777	-0.215283665256591	TRUE	TRUE	TRUE	FALSE	TRUE	FALSE	FALSE	FALSE	TRUE	TRUE	FALSE	FALSE
Tmprss11c	0.0830917057936714	0.204688489430874	0.204688489430874	8	0	FALSE	0	0	0.283184669646314	-0.460193973474524	0.00867822052789168	1.23398877435227	0.000807401820913816	0.000807401820913816	6	2	TRUE	2	0	1.29302434232717	-0.774973607062843	0.161120135625326	TRUE	TRUE	TRUE	FALSE	TRUE	FALSE	FALSE	FALSE	TRUE	TRUE	FALSE	FALSE
Tmprss11d	-0.138982983690451	0.217322033724373	0.217322033724373	8	0	FALSE	0	0	0.0458493350449915	-0.42827402903144	-0.154587703846573	1.71546586057725	2.14565636769257e-13	2.14565636769257e-13	14	2	TRUE	2	0	2.54099071616728	-0.746224642979486	0.12941742182696	TRUE	TRUE	TRUE	FALSE	TRUE	FALSE	FALSE	FALSE	TRUE	TRUE	FALSE	FALSE
Tmprss13	0.0396957736078813	0.515798706738546	0.515798706738546	5	0	FALSE	0	0	0.224100851989709	-0.240174196576154	-0.0247245158619075	0.791136678144845	0.0109849683076774	0.0109849683076774	8	1	TRUE	1	0	0.791136678144845	-0.346429427387255	-0.030402207935729	TRUE	TRUE	TRUE	FALSE	TRUE	FALSE	FALSE	FALSE	TRUE	TRUE	FALSE	FALSE
Tmprss3	-0.0677948175624059	0.0679591366231271	0.0679591366231271	7	0	FALSE	0	0	0.0476917098381529	-0.608949539288507	-0.116313783299084	1.37053761371308	0.0297828612312282	0.0297828612312282	9	1	TRUE	1	0	1.37053761371308	-0.246944739615862	0.175483864457542	TRUE	TRUE	TRUE	FALSE	TRUE	FALSE	FALSE	FALSE	TRUE	TRUE	FALSE	FALSE
Tmtc4	-0.14481878385344	0.261635876073123	0.261635876073123	29	0	FALSE	0	0	0.172805621200832	-0.386125335965369	-0.146999062417345	1.28767050427883	2.17836701461649e-20	2.17836701461649e-20	35	6	TRUE	4	2	3.12301093074571	-1.17420358481707	-0.00125917276632642	TRUE	TRUE	TRUE	FALSE	TRUE	FALSE	TRUE	FALSE	TRUE	TRUE	FALSE	FALSE
Tnfsf18	-0.0119789436881258	0.239824307889901	0.239824307889901	27	0	FALSE	0	0	0.146616141055484	-0.396571083272316	-0.0380354338919051	1.00484409531095	0.0230302203410603	0.0230302203410603	23	1	TRUE	1	0	1.00484409531095	-0.798957168912642	-0.0954953148848523	TRUE	TRUE	TRUE	FALSE	TRUE	FALSE	FALSE	FALSE	TRUE	TRUE	FALSE	FALSE
Tnn	-0.0998187729664336	0.228062370765814	0.228062370765814	16	0	FALSE	0	0	0.255411326788116	-0.412655218745973	-0.0598748519583094	0.872078490076287	0.0047654731205408	0.0047654731205408	17	1	TRUE	1	0	0.872078490076287	-0.597714242264782	-0.15603963876939	TRUE	TRUE	TRUE	FALSE	TRUE	FALSE	FALSE	FALSE	TRUE	TRUE	FALSE	FALSE
Tom1	-0.124984985418229	0.380505163928813	0.380505163928813	18	0	FALSE	0	0	0.152092316170241	-0.312040212316553	-0.117714430181281	0.697987250855451	0.0256422132452314	0.0256422132452314	18	1	TRUE	1	0	0.697987250855451	-0.573780473279117	-0.167108639121709	TRUE	TRUE	TRUE	FALSE	TRUE	FALSE	FALSE	FALSE	TRUE	TRUE	FALSE	FALSE
Tph1	-0.0478228206538276	0.273303568682867	0.273303568682867	11	0	FALSE	0	0	0.152631403945426	-0.370369363347198	-0.0407255605110107	-0.00878385272104354	0.000209055324716113	0.000209055324716113	16	4	TRUE	2	2	1.14274926453641	-0.86166066901564	-0.107555343457029	TRUE	TRUE	TRUE	FALSE	TRUE	FALSE	TRUE	FALSE	TRUE	TRUE	FALSE	FALSE
Tpp2	-0.258576343427387	0.308257024204488	0.308257024204488	14	0	FALSE	0	0	0.058260021460738	-0.359107584632092	-0.197515594734799	0.387564992956995	7.3620270486628e-08	7.3620270486628e-08	10	2	TRUE	1	1	2.01321667749597	-1.23808669158198	-0.0197949227696023	TRUE	TRUE	TRUE	FALSE	TRUE	FALSE	TRUE	FALSE	TRUE	TRUE	FALSE	FALSE
Traf3ip2	0.0331522202434509	0.0689451711005168	0.0689451711005168	19	0	FALSE	0	0	0.641789486050549	-0.25079016268973	0.0618412741166632	1.73504693895969	9.48842570106263e-09	9.48842570106263e-09	17	4	TRUE	4	0	2.14797090461337	-0.662398472409045	0.415173929251187	TRUE	TRUE	TRUE	FALSE	TRUE	FALSE	FALSE	FALSE	TRUE	TRUE	FALSE	FALSE
Traf3ip3	-0.0283980040269724	0.367272657723251	0.367272657723251	8	0	FALSE	0	0	0.217044115072658	-0.316644644773796	-0.0150498652750468	2.43810527014454	2.37959878459609e-10	2.37959878459609e-10	8	1	TRUE	1	0	2.43810527014454	-0.620264488200148	0.0603483202417351	TRUE	TRUE	TRUE	FALSE	TRUE	FALSE	FALSE	FALSE	TRUE	TRUE	FALSE	FALSE
Tram1l1	-0.073485933336995	0.237929654897536	0.237929654897536	27	0	FALSE	0	0	0.202188673513195	-0.431207045554838	-0.0816942652623225	1.53541843278069	1.45486307775492e-17	1.45486307775492e-17	36	12	TRUE	10	2	4.76377368627781	-1.22495351719281	0.431894789123753	TRUE	TRUE	TRUE	FALSE	TRUE	FALSE	TRUE	FALSE	TRUE	TRUE	FALSE	FALSE
Trim52	-0.0762480700151004	0.0979886280327226	0.0979886280327226	30	0	FALSE	0	0	0.392815542298176	-0.631586587518751	-0.0800463582990762	1.1482700631055	4.3847591605474e-11	4.3847591605474e-11	33	10	TRUE	10	0	2.36191704709666	-0.66715913607733	0.394783466660711	TRUE	TRUE	TRUE	FALSE	TRUE	FALSE	FALSE	FALSE	TRUE	TRUE	FALSE	FALSE
Trp53bp2	-0.15486119724506	0.0754466904734195	0.0754466904734195	24	0	FALSE	0	0	0.214277338377124	-0.580771779684731	-0.135791381795397	1.72939797366947	5.28371015596292e-12	5.28371015596292e-12	23	4	TRUE	4	0	2.72452463692964	-0.514499376001402	0.246806610891713	TRUE	TRUE	TRUE	FALSE	TRUE	FALSE	FALSE	FALSE	TRUE	TRUE	FALSE	FALSE
Trpc5os	-0.0404237654984539	0.21438023942457	0.21438023942457	13	0	FALSE	0	0	0.229387638185901	-0.453780935341503	-0.0900475828667046	1.78017168159485	1.58857581985733e-09	1.58857581985733e-09	15	2	TRUE	2	0	2.6502228955764	-0.729427170161177	0.243472193655617	TRUE	TRUE	TRUE	FALSE	TRUE	FALSE	FALSE	FALSE	TRUE	TRUE	FALSE	FALSE
Trpc6	-0.142763792084937	0.2974226702082	0.2974226702082	16	0	FALSE	0	0	0.123233244132908	-0.366640141326762	-0.126775756132389	1.70283025230295	3.38410104863763e-06	3.38410104863763e-06	18	3	TRUE	2	1	2.32348340389129	-0.943413331543253	-0.0116308612623958	TRUE	TRUE	TRUE	FALSE	TRUE	FALSE	TRUE	FALSE	TRUE	TRUE	FALSE	FALSE
Trpm1	-0.068027467389373	0.142951454456285	0.142951454456285	31	0	FALSE	0	0	0.336634623496867	-0.485932486385915	-0.0614745799330257	-0.887940934875585	9.76847366251049e-05	9.76847366251049e-05	33	3	TRUE	1	2	1.4561999157858	-1.2108885238555	-0.148024201426174	TRUE	TRUE	TRUE	FALSE	TRUE	FALSE	TRUE	FALSE	TRUE	TRUE	FALSE	FALSE
Tsc22d1	-0.111331326227144	0.0983492472222153	0.0983492472222153	54	0	FALSE	0	0	0.35900015410702	-0.602516862677249	-0.11329477614315	-0.933023922287486	0.0012670068480552	0.0012670068480552	48	3	TRUE	1	2	0.752994531338442	-1.49578166511042	-0.231822523598756	TRUE	TRUE	TRUE	FALSE	TRUE	FALSE	TRUE	FALSE	TRUE	TRUE	FALSE	FALSE
Tspan14	-0.0098497830588236	0.103622802774703	0.103622802774703	21	0	FALSE	0	0	0.527497795214406	-0.305373178476787	0.025508110560608	0.68396050763838	6.40703019862475e-09	6.40703019862475e-09	18	3	TRUE	2	1	2.06788635070405	-0.851786679401907	0.0871799151755902	TRUE	TRUE	TRUE	FALSE	TRUE	FALSE	TRUE	FALSE	TRUE	TRUE	FALSE	FALSE
Tspyl4	0.102985601390344	0.811686846400467	0.811686846400467	1	0	FALSE	0	0	0.102985601390344	0.102985601390344	0.102985601390344	1.1416100787359	0.0115206600999523	0.0115206600999523	3	1	TRUE	1	0	1.1416100787359	-0.174662533730927	0.301863304968455	TRUE	TRUE	TRUE	FALSE	TRUE	FALSE	FALSE	FALSE	TRUE	TRUE	FALSE	FALSE
Ttc22	-0.130808297453255	0.168283199197045	0.168283199197045	8	0	FALSE	0	0	0.0229399843943676	-0.46329793659062	-0.174353902978532	0.608023419722876	0.0483968231452249	0.0483968231452249	9	1	TRUE	1	0	0.608023419722876	-0.447409773454138	-0.138321871470647	TRUE	TRUE	TRUE	FALSE	TRUE	FALSE	FALSE	FALSE	TRUE	TRUE	FALSE	FALSE
Tti1	-0.106084339555299	0.337710814330124	0.337710814330124	16	0	FALSE	0	0	0.228248333157076	-0.336729315922194	-0.0662872980091032	0.88154046258151	0.0205257760179657	0.0205257760179657	12	1	TRUE	1	0	0.88154046258151	-0.635577540597602	-0.147277640306689	TRUE	TRUE	TRUE	FALSE	TRUE	FALSE	FALSE	FALSE	TRUE	TRUE	FALSE	FALSE
Ttll5	-0.117895557806649	0.0651670473942994	0.0651670473942994	41	0	FALSE	0	0	0.173827321939537	-0.688988791327153	-0.131126949051293	1.85700209971192	3.71690374783762e-06	3.71690374783762e-06	44	1	TRUE	1	0	1.85700209971192	-0.718908179562799	-0.229601359640274	TRUE	TRUE	TRUE	FALSE	TRUE	FALSE	FALSE	FALSE	TRUE	TRUE	FALSE	FALSE
Ttn	-0.129074492867236	0.161321342220602	0.161321342220602	71	0	FALSE	0	0	0.29024696722204	-0.479892075214001	-0.132552178651934	0.908273040849973	0.00413981839847366	0.00413981839847366	65	3	TRUE	2	1	1.0319477959035	-0.933347330792542	-0.178294361693559	TRUE	TRUE	TRUE	FALSE	TRUE	FALSE	TRUE	FALSE	TRUE	TRUE	FALSE	FALSE
Ttr	-0.234093061807727	0.173747653625598	0.173747653625598	11	0	FALSE	0	0	0.0789380749621765	-0.449670817828452	-0.180379987460626	0.807199469523205	9.75265466196861e-11	9.75265466196861e-11	9	3	TRUE	2	1	2.85668613173795	-0.86455212842724	0.10645858796696	TRUE	TRUE	TRUE	FALSE	TRUE	FALSE	TRUE	FALSE	TRUE	TRUE	FALSE	FALSE
Tyw3	-0.087208186347573	0.0796424208411046	0.0796424208411046	35	0	FALSE	0	0	0.746255509154116	-0.3502546433056	-0.0728521040433049	0.948809940245724	0.00143940156510174	0.00143940156510174	33	2	TRUE	1	1	2.63020317865973	-0.732583298168283	-0.155846265809253	TRUE	TRUE	TRUE	FALSE	TRUE	FALSE	TRUE	FALSE	TRUE	TRUE	FALSE	FALSE
Ubac1	-0.138564769463647	0.103882877184072	0.103882877184072	17	0	FALSE	0	0	0.412606582627281	-0.514389736969936	-0.132165973829207	0.849447130796356	0.00421160898426319	0.00421160898426319	17	1	TRUE	1	0	0.849447130796356	-0.69026755833498	-0.276497762183185	TRUE	TRUE	TRUE	FALSE	TRUE	FALSE	FALSE	FALSE	TRUE	TRUE	FALSE	FALSE
Ube2u	-0.0705997415572501	0.0616818087056536	0.0616818087056536	77	0	FALSE	0	0	0.666384117165808	-0.454204889431569	-0.0509668803376305	0.839115794252536	3.02500493197374e-08	3.02500493197374e-08	72	12	TRUE	9	3	1.86046550227716	-1.21677553591119	-0.0353961793559494	TRUE	TRUE	TRUE	FALSE	TRUE	FALSE	TRUE	FALSE	TRUE	TRUE	FALSE	FALSE
Ubl3	-0.142992727472402	0.106812318417004	0.106812318417004	46	0	FALSE	0	0	0.307245380655698	-0.505136804079026	-0.159716225676841	0.858269738894568	0.000315116746191979	0.000315116746191979	44	3	TRUE	2	1	1.26696460805022	-0.894422084044263	-0.145304247671851	TRUE	TRUE	TRUE	FALSE	TRUE	FALSE	TRUE	FALSE	TRUE	TRUE	FALSE	FALSE
Ubtd2	-0.0054559411772185	0.244824322933156	0.244824322933156	14	0	FALSE	0	0	0.397902138545592	-0.331850647748986	0.00782102166565497	1.13631801661406	0.00960035409483114	0.00960035409483114	13	1	TRUE	1	0	1.13631801661406	-0.515030666389088	-0.0336215478510959	TRUE	TRUE	TRUE	FALSE	TRUE	FALSE	FALSE	FALSE	TRUE	TRUE	FALSE	FALSE
Ufl1	-0.145621389769421	0.101051477732881	0.101051477732881	19	0	FALSE	0	0	0.151953820803644	-0.580478142389371	-0.159010127099254	0.88633876926791	0.012782845879391	0.012782845879391	17	1	TRUE	1	0	0.88633876926791	-0.749464786909972	-0.168585675913347	TRUE	TRUE	TRUE	FALSE	TRUE	FALSE	FALSE	FALSE	TRUE	TRUE	FALSE	FALSE
Umodl1	-0.0434528048398397	0.122297919415493	0.122297919415493	31	0	FALSE	0	0	0.356319097114912	-0.55747224550791	-0.0698075904470454	0.188646889301099	0.0092845639027971	0.0092845639027971	32	2	TRUE	1	1	1.13019720676728	-0.752903428165082	-0.154921999432793	TRUE	TRUE	TRUE	FALSE	TRUE	FALSE	TRUE	FALSE	TRUE	TRUE	FALSE	FALSE
Unc5c	-0.0912635942724031	0.0951004875598075	0.0951004875598075	86	0	FALSE	0	0	0.503466425445218	-0.636564237896193	-0.0820713879472292	1.10126597141746	7.13239380769907e-31	7.13239380769907e-31	88	10	TRUE	8	2	4.71482851984554	-1.41259171306715	0.0553829456624186	TRUE	TRUE	TRUE	FALSE	TRUE	FALSE	TRUE	FALSE	TRUE	TRUE	FALSE	FALSE
Uncx	-0.0263311336469767	0.135035609644863	0.135035609644863	32	0	FALSE	0	0	0.501348459908994	-0.357808996980007	0.00733854938285301	1.01544051022187	0.000159623896501276	0.000159623896501276	34	2	TRUE	2	0	1.19208066208128	-0.70462284731593	0.00611820955644977	TRUE	TRUE	TRUE	FALSE	TRUE	FALSE	FALSE	FALSE	TRUE	TRUE	FALSE	FALSE
Urb2	-0.133660291514565	0.231783718967175	0.231783718967175	29	0	FALSE	0	0	0.0836818590879113	-0.401974960414218	-0.154791787645508	0.099372250170605	0.00169269344133074	0.00169269344133074	25	2	TRUE	1	1	1.22782162428826	-1.02907712394705	-0.229136597422829	TRUE	TRUE	TRUE	FALSE	TRUE	FALSE	TRUE	FALSE	TRUE	TRUE	FALSE	FALSE
Uri1	-0.0999365060353962	0.213315788965356	0.213315788965356	45	0	FALSE	0	0	0.251756177747156	-0.436899465064919	-0.110876305256506	0.84883350419302	0.0176500970899254	0.0176500970899254	33	1	TRUE	1	0	0.84883350419302	-0.711777673945494	-0.263002042367341	TRUE	TRUE	TRUE	FALSE	TRUE	FALSE	FALSE	FALSE	TRUE	TRUE	FALSE	FALSE
Uroc1	-0.0484644177203361	0.305711653252887	0.305711653252887	10	0	FALSE	0	0	0.181285963536427	-0.357363094626927	-0.0430406425921062	1.27846985037814	0.00565146961034754	0.00565146961034754	8	1	TRUE	1	0	1.27846985037814	-0.400126874028481	0.0571050273453716	TRUE	TRUE	TRUE	FALSE	TRUE	FALSE	FALSE	FALSE	TRUE	TRUE	FALSE	FALSE
Usp3	-0.162107138689878	0.0515234611368879	0.0515234611368879	28	0	FALSE	0	0	0.562820928753731	-0.972816092741162	-0.159600042582135	-0.021757104250045	0.0117924160799072	0.0117924160799072	21	2	TRUE	1	1	0.88997774903704	-0.93349195753713	-0.153517624580068	TRUE	TRUE	TRUE	FALSE	TRUE	FALSE	TRUE	FALSE	TRUE	TRUE	FALSE	FALSE
Usp44	-0.0771669807647712	0.172315242812145	0.172315242812145	11	0	FALSE	0	0	0.446696826275714	-0.461284540392795	-0.0134317722270299	1.7057617835964	1.62328253001441e-05	1.62328253001441e-05	15	1	TRUE	1	0	1.7057617835964	-0.423484367869017	0.0951001328409909	TRUE	TRUE	TRUE	FALSE	TRUE	FALSE	FALSE	FALSE	TRUE	TRUE	FALSE	FALSE
Ust	-0.105212871498552	0.0836926400734883	0.0836926400734883	96	0	FALSE	0	0	0.297682009278667	-0.584990796833128	-0.0898160983978506	-0.887799712327672	0.013859987654096	0.013859987654096	87	3	TRUE	1	2	0.691345655145142	-1.08084857472116	-0.233503780935456	TRUE	TRUE	TRUE	FALSE	TRUE	FALSE	TRUE	FALSE	TRUE	TRUE	FALSE	FALSE
Utp6	-0.0937229417005672	0.171061720904029	0.171061720904029	26	0	FALSE	0	0	0.335126727921549	-0.467380052160836	-0.11258692154351	1.59691631954722	1.04075012669404e-05	1.04075012669404e-05	31	1	TRUE	1	0	1.59691631954722	-0.453488898566291	-0.121571249637557	TRUE	TRUE	TRUE	FALSE	TRUE	FALSE	FALSE	FALSE	TRUE	TRUE	FALSE	FALSE
Vdac1	-0.0818660979634022	0.112223807162159	0.112223807162159	15	0	FALSE	0	0	0.217514859813099	-0.472765916495336	-0.105706080833139	0.944835549172617	0.00235785256542868	0.00235785256542868	17	1	TRUE	1	0	0.944835549172617	-0.550807675532517	-0.100392514826032	TRUE	TRUE	TRUE	FALSE	TRUE	FALSE	FALSE	FALSE	TRUE	TRUE	FALSE	FALSE
Vegfc	-0.174955193777147	0.205193880743836	0.205193880743836	33	0	FALSE	0	0	0.331670769366906	-0.44747709193775	-0.182748625628708	1.7270861090474	8.09501303659352e-09	8.09501303659352e-09	38	2	TRUE	2	0	2.38300354180364	-0.578246954597647	-0.0258442405490429	TRUE	TRUE	TRUE	FALSE	TRUE	FALSE	FALSE	FALSE	TRUE	TRUE	FALSE	FALSE
Vmn2r27	-0.166289990583126	0.35968704398249	0.35968704398249	10	0	FALSE	0	0	0.201998296145966	-0.324063616584204	-0.0927665486708674	0.855721019629811	0.0291805390949436	0.0291805390949436	12	1	TRUE	1	0	0.855721019629811	-0.674254247010356	-0.206223937587684	TRUE	TRUE	TRUE	FALSE	TRUE	FALSE	FALSE	FALSE	TRUE	TRUE	FALSE	FALSE
Vsnl1	-0.0665558965226478	0.325719055680796	0.325719055680796	14	0	FALSE	0	0	0.0800041512770822	-0.345393187651246	-0.0779214729639784	0.716840753511213	0.0337995312770375	0.0337995312770375	14	1	TRUE	1	0	0.716840753511213	-0.474459923769448	-0.0527226111797841	TRUE	TRUE	TRUE	FALSE	TRUE	FALSE	FALSE	FALSE	TRUE	TRUE	FALSE	FALSE
Vstm2a	-0.148639313684815	0.106525319705719	0.106525319705719	46	0	FALSE	0	0	0.49822752203088	-0.701785810538144	-0.171980442716464	-0.22023920924369	0.000845867256177647	0.000845867256177647	47	2	TRUE	1	1	1.05534102668433	-1.49581944517171	-0.304157539774917	TRUE	TRUE	TRUE	FALSE	TRUE	FALSE	TRUE	FALSE	TRUE	TRUE	FALSE	FALSE
Vsx1	-0.0529045649754717	0.314050034531102	0.314050034531102	5	0	FALSE	0	0	0.291123910466752	-0.352720457843017	-0.0350935640778079	0.985370345762402	0.00413571685000726	0.00413571685000726	8	1	TRUE	1	0	0.985370345762402	-0.647945101678298	-0.0708657792674118	TRUE	TRUE	TRUE	FALSE	TRUE	FALSE	FALSE	FALSE	TRUE	TRUE	FALSE	FALSE
Wdr17	-0.127293846970553	0.131536235022408	0.131536235022408	19	0	FALSE	0	0	0.367786011867287	-0.531801993741716	-0.133724981841438	-0.177218507248839	0.00938898471371214	0.00938898471371214	21	2	TRUE	1	1	0.811278168895882	-1.16571518339356	-0.32312216311567	TRUE	TRUE	TRUE	FALSE	TRUE	FALSE	TRUE	FALSE	TRUE	TRUE	FALSE	FALSE
Wdr4	-0.168746519280892	0.0965311020191418	0.0965311020191418	13	0	FALSE	0	0	0.577464775317584	-0.302506919531511	-0.072275386656596	0.595105888011985	3.97206106723304e-09	3.97206106723304e-09	11	2	TRUE	1	1	2.02655050971863	-0.83633873369466	0.0194579398278423	TRUE	TRUE	TRUE	FALSE	TRUE	FALSE	TRUE	FALSE	TRUE	TRUE	FALSE	FALSE
Wdr75	-0.202239778105797	0.0924746080141301	0.0924746080141301	18	0	FALSE	0	0	0.0905117870690682	-0.705708038546127	-0.19867368403861	0.293782228192553	0.00107083103293595	0.00107083103293595	22	2	TRUE	1	1	1.42324124771829	-0.835676791333184	-0.144710146219974	TRUE	TRUE	TRUE	FALSE	TRUE	FALSE	TRUE	FALSE	TRUE	TRUE	FALSE	FALSE
Wipf3	-0.00030451414277527	0.177650682262395	0.177650682262395	22	0	FALSE	0	0	0.33463013719427	-0.463636860680204	-0.039933078526135	1.48580120828905	1.85506069827017e-06	1.85506069827017e-06	21	4	TRUE	4	0	2.05071978430453	-0.382336905596098	0.278102196262238	TRUE	TRUE	TRUE	FALSE	TRUE	FALSE	FALSE	FALSE	TRUE	TRUE	FALSE	FALSE
Wipi1	-0.206104207131	0.0694402466066155	0.0694402466066155	12	0	FALSE	0	0	-0.0290586429559225	-0.64226866672959	-0.237310856517768	0.775017015605968	0.0233955040930667	0.0233955040930667	11	1	TRUE	1	0	0.775017015605968	-0.857997588516247	-0.0265029707443729	TRUE	TRUE	TRUE	FALSE	TRUE	FALSE	FALSE	FALSE	TRUE	TRUE	FALSE	FALSE
Wnk2	-0.0611648674057972	0.151199868322088	0.151199868322088	47	0	FALSE	0	0	0.184450931010674	-0.484746418621533	-0.101008796809611	0.795413225896933	0.0404206626083266	0.0404206626083266	51	1	TRUE	1	0	0.795413225896933	-0.716248676967447	-0.193675251732257	TRUE	TRUE	TRUE	FALSE	TRUE	FALSE	FALSE	FALSE	TRUE	TRUE	FALSE	FALSE
Wnt5b	-0.0884281447891545	0.176391972647788	0.176391972647788	35	0	FALSE	0	0	0.386537970864844	-0.470714488222489	-0.0737483457574183	-0.119776289519395	0.0145762243178485	0.0145762243178485	33	2	TRUE	1	1	0.702031618738641	-0.94158419777743	-0.240351391478128	TRUE	TRUE	TRUE	FALSE	TRUE	FALSE	TRUE	FALSE	TRUE	TRUE	FALSE	FALSE
Wnt8a	0.0285471776546654	0.522418473483346	0.522418473483346	7	0	FALSE	0	0	0.225442714765308	-0.223039210783373	0.0272495191074583	1.65016233313011	1.52657336042896e-05	1.52657336042896e-05	5	2	TRUE	2	0	1.71316233234971	-0.100572624549953	0.856168073391769	TRUE	TRUE	TRUE	FALSE	TRUE	FALSE	FALSE	FALSE	TRUE	TRUE	FALSE	FALSE
Wsb1	-0.0833721400525408	0.17017530032927	0.17017530032927	16	0	FALSE	0	0	0.302189959315357	-0.475184602529233	-0.092255819661504	0.805371046078921	0.0298677354064735	0.0298677354064735	15	1	TRUE	1	0	0.805371046078921	-0.738607557021215	-0.13700564182622	TRUE	TRUE	TRUE	FALSE	TRUE	FALSE	FALSE	FALSE	TRUE	TRUE	FALSE	FALSE
Xirp1	-0.0646340598803293	0.288657387592748	0.288657387592748	9	0	FALSE	0	0	0.139184292086448	-0.351812120942578	-0.0891698952977455	1.18835419132779	9.9208690247879e-05	9.9208690247879e-05	11	1	TRUE	1	0	1.18835419132779	-0.437908819530155	0.0723126816872224	TRUE	TRUE	TRUE	FALSE	TRUE	FALSE	FALSE	FALSE	TRUE	TRUE	FALSE	FALSE
Xk	-0.235160707350469	0.132927349212218	0.132927349212218	5	0	FALSE	0	0	0.0684618316943791	-0.529552087352226	-0.244177985925929	1.70176506037268	1.05245092583618e-05	1.05245092583618e-05	9	3	TRUE	3	0	2.63298218742895	-0.503751164896505	0.556382967130528	TRUE	TRUE	TRUE	FALSE	TRUE	FALSE	FALSE	FALSE	TRUE	TRUE	FALSE	FALSE
Xpnpep1	-0.131237747469146	0.204945103112859	0.204945103112859	20	0	FALSE	0	0	0.0498598886007445	-0.424044220010805	-0.169983373813039	0.085227158676694	0.00147607792153419	0.00147607792153419	25	2	TRUE	1	1	0.897912453684927	-0.790207141708391	-0.241500347016997	TRUE	TRUE	TRUE	FALSE	TRUE	FALSE	TRUE	FALSE	TRUE	TRUE	FALSE	FALSE
Xpnpep2	-0.173819663803112	0.207207634980469	0.207207634980469	19	0	FALSE	0	0	0.14842916146555	-0.458828917955544	-0.162985255246881	1.94312799193621	1.12529938418298e-08	1.12529938418298e-08	21	2	TRUE	2	0	2.39445730486241	-0.721770687604527	0.237676555146579	TRUE	TRUE	TRUE	FALSE	TRUE	FALSE	FALSE	FALSE	TRUE	TRUE	FALSE	FALSE
Xrcc2	-0.109407197773182	0.102975444649303	0.102975444649303	20	0	FALSE	0	0	0.756061430011437	-0.509209940476133	-0.0563470042347291	2.30762305928653	0.000125754976599705	0.000125754976599705	21	1	TRUE	1	0	2.30762305928653	-0.640231397007212	-0.0131818369929168	TRUE	TRUE	TRUE	FALSE	TRUE	FALSE	FALSE	FALSE	TRUE	TRUE	FALSE	FALSE
Ythdc2	-0.0982585860348635	0.328203250869885	0.328203250869885	16	0	FALSE	0	0	0.312307618474366	-0.332921969605307	-0.0922003766778862	0.032852620929952	0.0101005121695653	0.0101005121695653	18	2	TRUE	1	1	0.978955014601608	-0.913249772741704	-0.280161560023114	TRUE	TRUE	TRUE	FALSE	TRUE	FALSE	TRUE	FALSE	TRUE	TRUE	FALSE	FALSE
Ywhaq	-0.0893982744903065	0.10566330503951	0.10566330503951	66	0	FALSE	0	0	0.291776783544744	-0.564266204776751	-0.0832386001181233	-0.00796405727996352	0.000150726761708176	0.000150726761708176	68	4	TRUE	2	2	1.36365569768461	-1.44430984459203	-0.181967320843619	TRUE	TRUE	TRUE	FALSE	TRUE	FALSE	TRUE	FALSE	TRUE	TRUE	FALSE	FALSE
Zbbx	-0.0803010148551087	0.145150419756587	0.145150419756587	30	0	FALSE	0	0	0.172096145308817	-0.579538508655428	-0.0817137807142124	1.49643674092507	7.43264718453709e-09	7.43264718453709e-09	32	6	TRUE	5	1	2.87543734202477	-0.804799167221239	0.15967574639554	TRUE	TRUE	TRUE	FALSE	TRUE	FALSE	TRUE	FALSE	TRUE	TRUE	FALSE	FALSE
Zbed5-ps	-0.084589917064183	0.113411921701243	0.113411921701243	54	0	FALSE	0	0	0.267068029093395	-0.605400536633499	-0.102697855978735	1.17084740161274	0.00781887643081533	0.00781887643081533	63	1	TRUE	1	0	1.17084740161274	-0.688879021500603	-0.167421790777071	TRUE	TRUE	TRUE	FALSE	TRUE	FALSE	FALSE	FALSE	TRUE	TRUE	FALSE	FALSE
Zbtb38	-0.232216804267108	0.0549655480724885	0.0549655480724885	17	0	FALSE	0	0	0.176933085852044	-0.638174309938434	-0.199955507833015	0.324571686292322	3.31042819546931e-05	3.31042819546931e-05	17	2	TRUE	1	1	1.36196402192576	-0.712820649341116	-0.193924286364242	TRUE	TRUE	TRUE	FALSE	TRUE	FALSE	TRUE	FALSE	TRUE	TRUE	FALSE	FALSE
Zbtb43	-0.0479025536576553	0.0694566428933604	0.0694566428933604	18	0	FALSE	0	0	0.620835642061528	-0.573092678441468	-0.0677301240534503	1.17939350236036	0.000144639193502995	0.000144639193502995	18	1	TRUE	1	0	1.17939350236036	-0.634503432321726	-0.121361586875892	TRUE	TRUE	TRUE	FALSE	TRUE	FALSE	FALSE	FALSE	TRUE	TRUE	FALSE	FALSE
Zbtb46	-0.1758634704381	0.184072976007818	0.184072976007818	17	0	FALSE	0	0	0.032987298815335	-0.429210496166773	-0.178558729366534	2.06740030599512	4.30364605996454e-05	4.30364605996454e-05	17	1	TRUE	1	0	2.06740030599512	-0.571040662460206	0.0080680495623171	TRUE	TRUE	TRUE	FALSE	TRUE	FALSE	FALSE	FALSE	TRUE	TRUE	FALSE	FALSE
Zdhhc13	-0.0620949120009769	0.313351111106928	0.313351111106928	13	0	FALSE	0	0	0.134415404499722	-0.353527650198142	-0.0997877459512231	2.35495107700784	2.98278754193662e-08	2.98278754193662e-08	15	1	TRUE	1	0	2.35495107700784	-0.501035402069192	0.0486675794700747	TRUE	TRUE	TRUE	FALSE	TRUE	FALSE	FALSE	FALSE	TRUE	TRUE	FALSE	FALSE
Zdhhc14	-0.0865494978620363	0.12454387258418	0.12454387258418	47	0	FALSE	0	0	0.42680194138538	-0.503638087659055	-0.0909572243925846	-0.777003210823563	0.0274343960371512	0.0274343960371512	50	3	TRUE	1	2	0.739773864835176	-0.819787744893677	-0.140811631256343	TRUE	TRUE	TRUE	FALSE	TRUE	FALSE	TRUE	FALSE	TRUE	TRUE	FALSE	FALSE
Zfand5	-0.00856575866066669	0.294588064245407	0.294588064245407	15	0	FALSE	0	0	0.230646165175722	-0.369310113815554	-0.0609494429580425	0.943780554668753	0.0002818934579878	0.0002818934579878	18	3	TRUE	2	1	2.10720978034479	-1.0006450951461	0.0436318774579627	TRUE	TRUE	TRUE	FALSE	TRUE	FALSE	TRUE	FALSE	TRUE	TRUE	FALSE	FALSE
Zfand6	-0.150728636885894	0.0668693891752892	0.0668693891752892	14	0	FALSE	0	0	0.186289308902616	-0.635193895994553	-0.173610229383156	2.01982673419002	2.34157708321458e-15	2.34157708321458e-15	14	2	TRUE	2	0	3.20112359150024	-0.824871122519979	0.16990607352655	TRUE	TRUE	TRUE	FALSE	TRUE	FALSE	FALSE	FALSE	TRUE	TRUE	FALSE	FALSE
Zfhx2os	-0.184127871311029	0.63467169508632	0.63467169508632	1	0	FALSE	0	0	-0.184127871311029	-0.184127871311029	-0.184127871311029	1.03205002895818	0.00948613035053292	0.00948613035053292	2	1	TRUE	1	0	1.03205002895818	0.0170831520568335	0.524566590507507	TRUE	TRUE	TRUE	FALSE	TRUE	FALSE	FALSE	FALSE	TRUE	TRUE	FALSE	FALSE
Zfp395	-0.0888585136486292	0.15020954665115	0.15020954665115	27	0	FALSE	0	0	0.198726981459536	-0.467640579389063	-0.0818979689132175	1.7793475132536	9.67815672999038e-06	9.67815672999038e-06	29	1	TRUE	1	0	1.7793475132536	-0.631368815775419	0.0575702541367918	TRUE	TRUE	TRUE	FALSE	TRUE	FALSE	FALSE	FALSE	TRUE	TRUE	FALSE	FALSE
Zfp397	-0.114631731722413	0.0720947725464318	0.0720947725464318	15	0	FALSE	0	0	0.578690442600973	-0.28612789580884	-0.062936966945293	0.73480621867094	0.00145183493900404	0.00145183493900404	18	3	TRUE	2	1	1.08857676847439	-1.3013454659214	-0.163406054041329	TRUE	TRUE	TRUE	FALSE	TRUE	FALSE	TRUE	FALSE	TRUE	TRUE	FALSE	FALSE
Zfp474	-0.0625692981980557	0.268133119889876	0.268133119889876	12	0	FALSE	0	0	0.0965815075372441	-0.388645993555611	-0.0822063061492944	0.938858932270123	1.35085486012999e-05	1.35085486012999e-05	13	3	TRUE	2	1	1.54896692947422	-0.926217783947932	0.0219683050547451	TRUE	TRUE	TRUE	FALSE	TRUE	FALSE	TRUE	FALSE	TRUE	TRUE	FALSE	FALSE
Zfp648	-0.129008248898514	0.0544409607367739	0.0544409607367739	38	0	FALSE	0	0	0.260871139160554	-0.777496189103202	-0.135164695197141	-0.99127474292818	0.000407102396249654	0.000407102396249654	34	3	TRUE	1	2	1.38358183679432	-1.22475562466714	-0.198882283171732	TRUE	TRUE	TRUE	FALSE	TRUE	FALSE	TRUE	FALSE	TRUE	TRUE	FALSE	FALSE
Zfp706	-0.0381681909754813	0.139825386062014	0.139825386062014	35	0	FALSE	0	0	0.273894398643501	-0.474860326412393	-0.0353945830482616	0.0166641392502645	0.00835942622080775	0.00835942622080775	30	2	TRUE	1	1	0.805878198733998	-0.772549920233469	-0.112659010255682	TRUE	TRUE	TRUE	FALSE	TRUE	FALSE	TRUE	FALSE	TRUE	TRUE	FALSE	FALSE
Zfp930	-0.0588966211700518	0.851887108970762	0.851887108970762	3	0	FALSE	0	0	0.00335217761150738	-0.0799869182043539	-0.0451771205876328	0.906660398255668	2.01039418688279e-09	2.01039418688279e-09	6	3	TRUE	2	1	4.5403258649889	-0.979196551173634	0.842636614871835	TRUE	TRUE	TRUE	FALSE	TRUE	FALSE	TRUE	FALSE	TRUE	TRUE	FALSE	FALSE
Zfpm2	-0.0848726279507578	0.148071710966764	0.148071710966764	55	0	FALSE	0	0	0.504911948812999	-0.476368484722114	-0.0657258751674963	1.53102234139258	1.73194896627489e-16	1.73194896627489e-16	46	2	TRUE	1	1	3.88600989076159	-0.823965207976423	-0.161198379063616	TRUE	TRUE	TRUE	FALSE	TRUE	FALSE	TRUE	FALSE	TRUE	TRUE	FALSE	FALSE
Zic5	-0.0584109833300554	0.699439710742813	0.699439710742813	4	0	FALSE	0	0	0.086601693908475	-0.154907662452298	-0.0462819838009834	1.46311926075671	0.000182675560144734	0.000182675560144734	4	1	TRUE	1	0	1.46311926075671	-0.256463691261203	0.433156046424896	TRUE	TRUE	TRUE	FALSE	TRUE	FALSE	FALSE	FALSE	TRUE	TRUE	FALSE	FALSE
Zmynd12	-0.0985800170576746	0.171044844040442	0.171044844040442	14	0	FALSE	0	0	0.158630618882856	-0.449154830677867	-0.107909608456129	0.811666316393726	0.0277833360059892	0.0277833360059892	11	1	TRUE	1	0	0.811666316393726	-0.580245029347914	-0.106292869433367	TRUE	TRUE	TRUE	FALSE	TRUE	FALSE	FALSE	FALSE	TRUE	TRUE	FALSE	FALSE
Znrf2	-0.0559579165355613	0.361393313964969	0.361393313964969	23	0	FALSE	0	0	0.323373069148795	-0.303787497803482	-0.0114451364270643	1.45998264830265	6.51423389989653e-08	6.51423389989653e-08	22	3	TRUE	3	0	2.74287575914908	-0.79763475602285	0.238638421157607	TRUE	TRUE	TRUE	FALSE	TRUE	FALSE	FALSE	FALSE	TRUE	TRUE	FALSE	FALSE
