## htsjdk.samtools.metrics.StringHeader
# CollectInsertSizeMetrics --Histogram_FILE /dev/null --MINIMUM_PCT 0.0 --INCLUDE_DUPLICATES true --INPUT 260629_Emseq_LV_index_G1_Bap1_Math1_adult_ctrl_F1_S3.good_mapq --OUTPUT 260629_Emseq_LV_index_G1_Bap1_Math1_adult_ctrl_F1_S3.good_mapq.insert_size_metrics.txt --VALIDATION_STRINGENCY SILENT --DEVIATIONS 10.0 --METRIC_ACCUMULATION_LEVEL ALL_READS --ASSUME_SORTED true --STOP_AFTER 0 --VERBOSITY INFO --QUIET false --COMPRESSION_LEVEL 5 --MAX_RECORDS_IN_RAM 500000 --CREATE_INDEX false --CREATE_MD5_FILE false --help false --version false --showHidden false --USE_JDK_DEFLATER false --USE_JDK_INFLATER false
## htsjdk.samtools.metrics.StringHeader
# Started on: Thu Jul 30 08:13:45 PDT 2026

## METRICS CLASS	picard.analysis.InsertSizeMetrics
MEDIAN_INSERT_SIZE	MODE_INSERT_SIZE	MEDIAN_ABSOLUTE_DEVIATION	MIN_INSERT_SIZE	MAX_INSERT_SIZE	MEAN_INSERT_SIZE	STANDARD_DEVIATION	READ_PAIRS	PAIR_ORIENTATION	WIDTH_OF_10_PERCENT	WIDTH_OF_20_PERCENT	WIDTH_OF_30_PERCENT	WIDTH_OF_40_PERCENT	WIDTH_OF_50_PERCENT	WIDTH_OF_60_PERCENT	WIDTH_OF_70_PERCENT	WIDTH_OF_80_PERCENT	WIDTH_OF_90_PERCENT	WIDTH_OF_95_PERCENT	WIDTH_OF_99_PERCENT	SAMPLE	LIBRARY	READ_GROUP
246	212	58	2	185151071	261.438863	93.303874	633770171	FR	23	45	69	91	117	145	177	219	295	389	587			
12615016	16018	12599147	2	186665752	26992273.34655	33517410.112147	14504	RF	10716649	21003961	25197827	25198017	25198295	25229813	52198017	87549039	136591325	180107185	247488093			
40491059	32870857	24050485	701422	157255896	48008122.074766	35425817.926598	107	TANDEM	11520659	17251361	22770189	37713221	48100971	59364115	70822461	79579275	124652951	147565051	192448475			

## HISTOGRAM	java.lang.Integer
insert_size	All_Reads.fr_count	All_Reads.rf_count	All_Reads.tandem_count
2	4204	7	0
3	4622	3	0
4	4974	0	0
5	5117	5	0
6	5760	1	0
7	6007	0	0
8	6333	1	0
9	6882	1	0
10	7329	0	0
11	7573	0	0
12	8354	1	0
13	8489	1	0
14	9258	0	0
15	9693	0	0
16	10164	1	0
17	10003	0	0
18	10525	1	0
19	10914	1	0
20	11464	0	0
21	11845	0	0
22	12341	0	0
23	13085	8	0
24	13155	1	0
25	13387	6	0
26	13787	0	0
27	14343	0	0
28	15083	0	0
29	15635	0	0
30	16320	2	0
31	16463	0	0
32	16839	4	0
33	16814	1	0
34	17449	2	0
35	17617	4	0
36	18079	3	0
37	18332	0	0
38	7530	0	0
39	6409	1	0
40	6393	2	0
41	6722	1	0
42	7304	0	0
43	7705	0	0
44	8203	3	0
45	9037	2	0
46	9580	0	0
47	10250	1	0
48	11126	0	0
49	11941	0	0
50	12573	1	0
51	13124	1	0
52	13890	2	0
53	14739	1	0
54	15505	0	0
55	16006	3	0
56	16203	1	0
57	16292	0	0
58	18365	2	0
59	18423	4	0
60	19244	0	0
61	19746	0	0
62	20576	0	0
63	20900	0	0
64	22015	3	0
65	22733	2	0
66	23451	1	0
67	25234	2	0
68	26351	1	0
69	28119	3	0
70	29956	1	0
71	31903	0	0
72	33500	0	0
73	35614	0	0
74	37709	0	0
75	41954	0	0
76	45797	0	0
77	48525	0	0
78	52220	2	0
79	56627	2	0
80	63086	2	0
81	65681	1	0
82	70518	2	0
83	75487	0	0
84	80869	1	0
85	87627	2	0
86	94723	3	0
87	101657	1	0
88	109324	0	0
89	116611	0	0
90	126828	2	0
91	136496	0	0
92	147029	0	0
93	157742	3	0
94	168967	0	0
95	181962	0	0
96	194585	0	0
97	207887	0	0
98	221690	0	0
99	237650	0	0
100	254784	0	0
101	271668	1	0
102	288773	0	0
103	305663	0	0
104	322253	0	0
105	339026	0	0
106	359916	1	0
107	380419	1	0
108	398194	0	0
109	419641	0	0
110	439844	2	0
111	463321	0	0
112	487085	0	0
113	509874	0	0
114	535805	1	0
115	557959	0	0
116	586256	0	0
117	611231	0	0
118	639136	0	0
119	668837	0	0
120	696589	1	0
121	728572	1	0
122	757280	0	0
123	789612	2	0
124	819303	0	0
125	852552	0	0
126	886484	3	0
127	920642	0	0
128	953514	0	0
129	988371	0	0
130	1024098	0	0
131	1056266	0	0
132	1097013	1	0
133	1135690	0	0
134	1167903	0	0
135	1204580	3	0
136	1244981	1	0
137	1286396	0	0
138	1322479	0	0
139	1361431	1	0
140	1401517	0	0
141	1441499	0	0
142	1479170	0	0
143	1522356	0	0
144	1561196	0	0
145	1602483	0	0
146	1642452	1	0
147	1678038	6	0
148	1720893	0	0
149	1760632	1	0
150	1796614	1	0
151	1837817	1	0
152	1873325	0	0
153	1908259	0	0
154	1941745	1	0
155	1976517	0	0
156	2011246	0	0
157	2043760	0	0
158	2078585	0	0
159	2114661	0	0
160	2151398	0	0
161	2182829	2	0
162	2220543	0	0
163	2250073	0	0
164	2284266	0	0
165	2314690	0	0
166	2351310	0	0
167	2377500	0	0
168	2407003	5	0
169	2435031	0	0
170	2468587	0	0
171	2501874	0	0
172	2527874	0	0
173	2555295	0	0
174	2581910	0	0
175	2610274	0	0
176	2637345	0	0
177	2664203	1	0
178	2689883	1	0
179	2714569	4	0
180	2738829	1	0
181	2763115	0	0
182	2781582	0	0
183	2800080	0	0
184	2824772	0	0
185	2843141	0	0
186	2866189	0	0
187	2885181	1	0
188	2899915	0	0
189	2922713	1	0
190	2937618	1	0
191	2952707	1	0
192	2972420	0	0
193	2979255	0	0
194	2993574	0	0
195	3007640	2	0
196	3017814	0	0
197	3029698	0	0
198	3041509	0	0
199	3050098	3	0
200	3059062	0	0
201	3065652	0	0
202	3067032	3	0
203	3082644	0	0
204	3085395	1	0
205	3086803	1	0
206	3091804	1	0
207	3094144	0	0
208	3100864	0	0
209	3104753	1	0
210	3106991	1	0
211	3105737	0	0
212	3110638	0	0
213	3108158	0	0
214	3108901	0	0
215	3107252	0	0
216	3108524	0	0
217	3107574	0	0
218	3103187	0	0
219	3105594	1	0
220	3102201	0	0
221	3100029	0	0
222	3094125	0	0
223	3084353	4	0
224	3084697	0	0
225	3078264	1	0
226	3071012	0	0
227	3071958	0	0
228	3062899	0	0
229	3055805	1	0
230	3047642	2	0
231	3043867	0	0
232	3043957	0	0
233	3027587	1	0
234	3022534	1	0
235	3006657	0	0
236	2988414	2	0
237	2978252	0	0
238	2970921	0	0
239	2963009	6	0
240	2951440	0	0
241	2940585	0	0
242	2924588	1	0
243	2914897	0	0
244	2901062	0	0
245	2890137	0	0
246	2877861	0	0
247	2865768	1	0
248	2855576	0	0
249	2840918	0	0
250	2829542	3	0
251	2816128	0	0
252	2800350	0	0
253	2783014	1	0
254	2769355	1	0
255	2754838	0	0
256	2735784	2	0
257	2722404	0	0
258	2709391	0	0
259	2695406	0	0
260	2680708	0	0
261	2662230	0	0
262	2646503	0	0
263	2632884	0	0
264	2615028	1	0
265	2594852	0	0
266	2584673	2	0
267	2564568	1	0
268	2547852	0	0
269	2536559	3	0
270	2517680	0	0
271	2499786	0	0
272	2459680	0	0
273	2440681	0	0
274	2427899	0	0
275	2410066	1	0
276	2392438	0	0
277	2380452	0	0
278	2359459	0	0
279	2347066	0	0
280	2329293	5	0
281	2311002	0	0
282	2293790	2	0
283	2281948	0	0
284	2265229	0	0
285	2249029	0	0
286	2229262	5	0
287	2219500	0	0
288	2200548	0	0
289	2183584	0	0
290	2169500	1	0
291	2149385	0	0
292	2135585	0	0
293	2115385	0	0
294	2104712	0	0
295	2083978	0	0
296	2075930	0	0
297	2051180	0	0
298	2037031	0	0
299	2021695	1	0
300	2007009	0	0
301	1987928	6	0
302	1969613	0	0
303	1957885	7	0
304	1940416	0	0
305	1923436	3	0
306	1909600	5	0
307	1894245	3	0
308	1871784	1	0
309	1857163	0	0
310	1842717	0	0
311	1827081	1	0
312	1812776	0	0
313	1795316	0	0
314	1781438	0	0
315	1763743	2	0
316	1747018	3	0
317	1734724	0	0
318	1719093	0	0
319	1700286	0	0
320	1686410	1	0
321	1671400	2	0
322	1656269	5	0
323	1641575	1	0
324	1630081	1	0
325	1612934	0	0
326	1596652	3	0
327	1581327	2	0
328	1566001	4	0
329	1551753	1	0
330	1535299	7	0
331	1523551	0	0
332	1509492	0	0
333	1492932	0	0
334	1479341	0	0
335	1465907	1	0
336	1449204	0	0
337	1437126	0	0
338	1423367	3	0
339	1407169	0	0
340	1395323	4	0
341	1378213	3	0
342	1366021	0	0
343	1352762	0	0
344	1340471	0	0
345	1324596	5	0
346	1316629	8	0
347	1298188	2	0
348	1286151	2	0
349	1271131	1	0
350	1257346	0	0
351	1247384	0	0
352	1233697	0	0
353	1219828	3	0
354	1207963	2	0
355	1195667	1	0
356	1183351	0	0
357	1172687	0	0
358	1158806	1	0
359	1143154	0	0
360	1135396	0	0
361	1121270	0	0
362	1108187	0	0
363	1094938	2	0
364	1085527	0	0
365	1074288	0	0
366	1064611	0	0
367	1050316	4	0
368	1040606	0	0
369	1027804	2	0
370	1016761	1	0
371	1006731	2	0
372	991730	1	0
373	982203	2	0
374	974946	0	0
375	962740	4	0
376	950938	5	0
377	940189	0	0
378	932419	2	0
379	918166	0	0
380	908331	1	0
381	900607	1	0
382	885297	1	0
383	882797	2	0
384	869637	6	0
385	862032	6	0
386	850692	3	0
387	841447	1	0
388	827974	0	0
389	817490	0	0
390	814712	0	0
391	804564	0	0
392	793983	3	0
393	786010	1	0
394	776655	0	0
395	767716	1	0
396	757701	0	0
397	748694	0	0
398	741196	1	0
399	732004	0	0
400	721559	2	0
401	714292	0	0
402	706970	0	0
403	696575	0	0
404	687341	1	0
405	684333	0	0
406	675075	0	0
407	663965	1	0
408	658544	5	0
409	650504	0	0
410	643072	0	0
411	634749	1	0
412	630593	0	0
413	620599	3	0
414	610903	4	0
415	605319	0	0
416	598670	1	0
417	588485	0	0
418	580337	0	0
419	578574	1	0
420	569953	0	0
421	564068	2	0
422	555222	2	0
423	549173	0	0
424	543224	2	0
425	535650	2	0
426	527607	0	0
427	524417	0	0
428	519461	5	0
429	509467	0	0
430	505582	0	0
431	497251	0	0
432	494443	0	0
433	489486	0	0
434	483711	1	0
435	474300	0	0
436	469989	0	0
437	463408	0	0
438	457751	0	0
439	451544	0	0
440	447278	0	0
441	441051	1	0
442	435136	0	0
443	429899	4	0
444	426722	0	0
445	419915	0	0
446	415007	2	0
447	408545	0	0
448	407101	0	0
449	401367	0	0
450	396368	0	0
451	390829	0	0
452	385384	0	0
453	382484	0	0
454	376439	2	0
455	371239	1	0
456	367557	0	0
457	362674	0	0
458	361011	0	0
459	353797	0	0
460	350340	0	0
461	345639	0	0
462	341540	0	0
463	337276	0	0
464	333596	1	0
465	325678	0	0
466	326388	0	0
467	321289	0	0
468	316819	0	0
469	312259	0	0
470	309094	0	0
471	302510	0	0
472	301131	0	0
473	297021	0	0
474	293510	1	0
475	289926	0	0
476	285606	1	0
477	283321	3	0
478	277485	0	0
479	275411	0	0
480	273218	1	0
481	269573	0	0
482	265146	0	0
483	261795	0	0
484	259200	0	0
485	256203	0	0
486	249460	0	0
487	245527	0	0
488	243326	0	0
489	238267	0	0
490	237503	0	0
491	235255	0	0
492	230618	0	0
493	226766	0	0
494	223352	0	0
495	220783	0	0
496	218412	11	0
497	214327	1	0
498	213760	1	0
499	209766	0	0
500	206656	0	0
501	202601	1	0
502	202195	0	0
503	198379	3	0
504	194850	0	0
505	192726	0	0
506	190047	0	0
507	185148	0	0
508	184280	0	0
509	182028	0	0
510	177828	0	0
511	175731	0	0
512	174177	1	0
513	171930	0	0
514	168240	0	0
515	167573	0	0
516	162501	0	0
517	162435	0	0
518	159351	0	0
519	156972	0	0
520	155720	0	0
521	153065	2	0
522	150407	0	0
523	145612	0	0
524	141924	0	0
525	138983	0	0
526	138454	0	0
527	135358	0	0
528	132151	0	0
529	131629	0	0
530	129531	0	0
531	129700	3	0
532	126730	0	0
533	125043	0	0
534	121221	0	0
535	120268	0	0
536	118692	0	0
537	115933	0	0
538	113576	1	0
539	114312	0	0
540	110679	1	0
541	109248	0	0
542	107111	0	0
543	106047	0	0
544	103686	0	0
545	102657	0	0
546	101689	4	0
547	100406	0	0
548	97816	1	0
549	95929	0	0
550	95437	0	0
551	94375	0	0
552	92377	1	0
553	89977	0	0
554	88709	0	0
555	87309	0	0
556	85457	0	0
557	84855	0	0
558	84505	0	0
559	81843	0	0
560	79552	0	0
561	78069	0	0
562	77828	0	0
563	76488	0	0
564	74052	0	0
565	74774	0	0
566	73399	0	0
567	71931	0	0
568	71353	2	0
569	69146	0	0
570	69045	0	0
571	67185	0	0
572	65652	0	0
573	64580	0	0
574	64561	1	0
575	63557	1	0
576	63163	0	0
577	61514	0	0
578	59993	0	0
579	58501	0	0
580	57302	0	0
581	57153	1	0
582	55760	2	0
583	54439	1	0
584	53191	1	0
585	52237	0	0
586	52487	0	0
587	50680	0	0
588	49406	0	0
589	48939	1	0
590	47306	1	0
591	46832	0	0
592	46063	0	0
593	44564	0	0
594	44800	0	0
595	43310	0	0
596	43340	0	0
597	42008	2	0
598	41381	0	0
599	40958	0	0
600	40364	0	0
601	39766	0	0
602	38567	0	0
603	37848	0	0
604	37569	0	0
605	37656	0	0
606	36356	0	0
607	35523	0	0
608	35397	0	0
609	35091	0	0
610	33103	0	0
611	32530	0	0
612	32268	0	0
613	31790	0	0
614	31625	0	0
615	30286	0	0
616	30520	0	0
617	29422	1	0
618	28920	0	0
619	29120	0	0
620	28440	0	0
621	26993	0	0
622	26875	0	0
623	26855	0	0
624	26245	0	0
625	25235	0	0
626	26101	0	0
627	23988	0	0
628	23870	1	0
629	23621	0	0
630	23046	0	0
631	22199	1	0
632	21934	0	0
633	21646	0	0
634	21792	0	0
635	21263	0	0
636	20850	0	0
637	20144	1	0
638	20266	0	0
639	19519	0	0
640	19250	0	0
641	18957	0	0
642	18076	0	0
643	17238	0	0
644	17682	2	0
645	17613	0	0
646	16970	0	0
647	16833	0	0
648	16166	0	0
649	15737	0	0
650	15634	0	0
651	15177	0	0
652	15125	1	0
653	14807	0	0
654	14426	0	0
655	13642	0	0
656	13553	3	0
657	14416	0	0
658	13039	0	0
659	12659	0	0
660	12940	0	0
661	11761	0	0
662	12387	0	0
663	12103	0	0
664	11421	0	0
665	11105	0	0
666	11020	0	0
667	10955	0	0
668	10645	0	0
669	10841	0	0
670	10156	0	0
671	10139	0	0
672	9755	0	0
673	9564	0	0
674	9296	0	0
675	8990	0	0
676	8881	1	0
677	8744	0	0
678	8383	0	0
679	8336	0	0
680	7891	0	0
681	7905	0	0
682	7743	0	0
683	7642	0	0
684	7550	0	0
685	6912	0	0
686	7131	6	0
687	6963	0	0
688	6839	0	0
689	6752	0	0
690	6256	1	0
691	6279	0	0
692	5733	0	0
693	5789	0	0
694	5835	0	0
695	5391	5	0
696	5133	0	0
697	5299	0	0
698	5239	0	0
699	4957	1	0
700	5138	0	0
701	4730	0	0
702	4935	0	0
703	4461	0	0
704	4499	0	0
705	4660	0	0
706	4342	0	0
707	4114	0	0
708	4193	0	0
709	3935	1	0
710	3720	0	0
711	3785	0	0
712	3582	1	0
713	3714	0	0
714	3342	0	0
715	3478	0	0
716	3364	0	0
717	3323	0	0
718	3298	0	0
719	3108	0	0
720	3207	0	0
721	2857	0	0
722	2848	1	0
723	2725	1	0
724	2767	0	0
725	2634	2	0
726	2622	0	0
727	2796	0	0
728	2583	0	0
729	2401	0	0
730	2420	0	0
731	2405	0	0
732	2232	0	0
733	2211	0	0
734	2140	0	0
735	2147	0	0
736	2059	1	0
737	2079	0	0
738	1892	0	0
739	2056	0	0
740	1923	1	0
741	1806	0	0
742	1768	0	0
743	1965	2	0
744	1851	0	0
745	1644	0	0
746	1600	0	0
747	1512	0	0
748	1585	0	0
749	1576	0	0
750	1514	0	0
751	1574	0	0
752	1342	1	0
753	1445	0	0
754	1513	0	0
755	1372	0	0
756	1331	0	0
757	1104	2	0
758	1206	0	0
759	1271	0	0
760	1202	0	0
761	1152	0	0
762	1233	0	0
763	1008	0	0
764	972	1	0
765	998	0	0
766	1071	0	0
767	1026	0	0
768	832	2	0
769	866	0	0
770	955	0	0
771	892	0	0
772	910	0	0
773	916	0	0
774	935	2	0
775	984	0	0
776	728	0	0
777	837	0	0
778	669	0	0
779	703	0	0
780	725	0	0
781	791	0	0
782	693	2	0
783	694	1	0
784	703	0	0
785	705	0	0
786	586	4	0
787	611	0	0
788	654	0	0
789	486	0	0
790	575	0	0
791	548	0	0
792	532	0	0
793	491	0	0
794	546	0	0
795	472	2	0
796	540	0	0
797	500	0	0
798	428	0	0
799	385	0	0
800	439	0	0
801	475	0	0
802	380	0	0
803	398	0	0
804	409	1	0
805	413	0	0
806	350	0	0
807	356	0	0
808	409	1	0
809	429	0	0
810	339	0	0
811	306	0	0
812	287	0	0
813	308	1	0
814	263	0	0
815	271	0	0
816	254	2	0
817	291	1	0
818	251	0	0
819	286	0	0
820	304	0	0
821	317	2	0
822	271	0	0
823	264	0	0
824	235	1	0
825	214	0	0
826	272	0	0
853	0	1	0
876	0	2	0
883	0	1	0
897	0	2	0
903	0	3	0
918	0	3	0
936	0	5	0
941	0	1	0
949	0	1	0
959	0	1	0
982	0	3	0
1011	0	1	0
1012	0	1	0
1014	0	1	0
1024	0	2	0
1025	0	1	0
1030	0	4	0
1031	0	4	0
1032	0	3	0
1034	0	1	0
1039	0	1	0
1042	0	2	0
1055	0	3	0
1057	0	1	0
1062	0	2	0
1064	0	1	0
1079	0	1	0
1082	0	1	0
1085	0	1	0
1091	0	3	0
1095	0	1	0
1098	0	1	0
1100	0	5	0
1109	0	1	0
1116	0	2	0
1126	0	3	0
1136	0	1	0
1146	0	1	0
1149	0	1	0
1154	0	1	0
1156	0	1	0
1161	0	1	0
1167	0	1	0
1171	0	2	0
1175	0	1	0
1192	0	1	0
1195	0	1	0
1200	0	2	0
1201	0	1	0
1203	0	3	0
1215	0	1	0
1217	0	3	0
1219	0	1	0
1224	0	1	0
1228	0	1	0
1235	0	1	0
1237	0	2	0
1238	0	1	0
1239	0	1	0
1241	0	1	0
1255	0	6	0
1265	0	1	0
1269	0	1	0
1273	0	1	0
1279	0	2	0
1283	0	2	0
1292	0	1	0
1316	0	1	0
1326	0	1	0
1334	0	2	0
1406	0	2	0
1407	0	2	0
1412	0	1	0
1437	0	3	0
1442	0	1	0
1449	0	3	0
1481	0	2	0
1485	0	1	0
1586	0	1	0
1605	0	1	0
1625	0	4	0
1635	0	1	0
1641	0	5	0
1648	0	1	0
1734	0	1	0
1797	0	2	0
1807	0	1	0
1863	0	1	0
1865	0	2	0
1869	0	2	0
1882	0	1	0
1893	0	1	0
1919	0	2	0
1934	0	1	0
1950	0	1	0
1966	0	2	0
1967	0	3	0
1981	0	5	0
1996	0	5	0
1998	0	6	0
2004	0	1	0
2010	0	1	0
2031	0	2	0
2032	0	3	0
2045	0	5	0
2050	0	1	0
2076	0	1	0
2093	0	2	0
2106	0	3	0
2109	0	2	0
2124	0	3	0
2134	0	3	0
2135	0	1	0
2151	0	8	0
2153	0	1	0
2164	0	3	0
2165	0	5	0
2166	0	2	0
2174	0	2	0
2175	0	1	0
2177	0	1	0
2179	0	1	0
2189	0	1	0
2192	0	1	0
2199	0	1	0
2202	0	2	0
2215	0	2	0
2216	0	1	0
2219	0	1	0
2220	0	4	0
2222	0	2	0
2235	0	4	0
2246	0	1	0
2253	0	1	0
2258	0	1	0
2260	0	1	0
2261	0	2	0
2271	0	1	0
2275	0	1	0
2277	0	2	0
2279	0	2	0
2282	0	4	0
2291	0	1	0
2292	0	2	0
2303	0	2	0
2306	0	4	0
2307	0	1	0
2315	0	1	0
2323	0	4	0
2327	0	1	0
2328	0	1	0
2340	0	1	0
2349	0	1	0
2350	0	1	0
2357	0	1	0
2363	0	1	0
2364	0	1	0
2369	0	1	0
2372	0	1	0
2375	0	1	0
2380	0	1	0
2384	0	3	0
2389	0	1	0
2391	0	3	0
2392	0	1	0
2393	0	1	0
2397	0	1	0
2406	0	3	0
2407	0	1	0
2414	0	1	0
2416	0	1	0
2418	0	1	0
2421	0	2	0
2422	0	1	0
2424	0	3	0
2435	0	1	0
2437	0	1	0
2447	0	1	0
2448	0	1	0
2449	0	1	0
2450	0	1	0
2452	0	1	0
2466	0	7	0
2467	0	1	0
2470	0	2	0
2475	0	1	0
2476	0	3	0
2484	0	1	0
2499	0	3	0
2505	0	1	0
2524	0	1	0
2531	0	6	0
2556	0	1	0
2594	0	1	0
2623	0	1	0
2631	0	2	0
2632	0	2	0
2656	0	2	0
2657	0	2	0
2690	0	1	0
2720	0	1	0
2849	0	1	0
2932	0	1	0
2953	0	1	0
2968	0	5	0
2979	0	2	0
2991	0	2	0
3089	0	2	0
3128	0	2	0
3131	0	2	0
3138	0	3	0
3148	0	1	0
3153	0	1	0
3156	0	1	0
3179	0	1	0
3193	0	1	0
3218	0	2	0
3456	0	2	0
3506	0	1	0
3546	0	1	0
3573	0	1	0
3608	0	1	0
3682	0	1	0
3701	0	1	0
3705	0	2	0
3719	0	2	0
3727	0	1	0
3730	0	1	0
3926	0	1	0
4005	0	1	0
4040	0	1	0
4348	0	3	0
4360	0	1	0
4371	0	1	0
4427	0	2	0
4456	0	3	0
4481	0	3	0
4557	0	2	0
4629	0	3	0
4960	0	1	0
4995	0	6	0
5053	0	2	0
5055	0	1	0
5154	0	1	0
5269	0	6	0
5810	0	1	0
5813	0	1	0
5817	0	1	0
5846	0	1	0
5867	0	1	0
6415	0	2	0
6555	0	2	0
6600	0	1	0
6958	0	1	0
6959	0	1	0
7218	0	1	0
7225	0	3	0
7391	0	1	0
7393	0	1	0
7426	0	1	0
7451	0	3	0
7464	0	1	0
7481	0	1	0
7493	0	2	0
7722	0	1	0
7758	0	1	0
7843	0	2	0
7857	0	1	0
7910	0	1	0
7934	0	2	0
8172	0	1	0
8183	0	2	0
8308	0	1	0
8579	0	1	0
9281	0	1	0
9307	0	1	0
9310	0	1	0
9454	0	1	0
9559	0	1	0
9707	0	2	0
10141	0	2	0
10171	0	1	0
10554	0	1	0
10600	0	5	0
10669	0	1	0
10693	0	1	0
10697	0	1	0
10747	0	2	0
10767	0	1	0
10890	0	1	0
10900	0	3	0
10914	0	2	0
10948	0	2	0
11276	0	2	0
11299	0	1	0
11498	0	2	0
11512	0	3	0
11588	0	1	0
11974	0	2	0
11986	0	5	0
12010	0	2	0
12080	0	4	0
12089	0	2	0
12223	0	1	0
13028	0	2	0
13032	0	1	0
13256	0	1	0
13390	0	1	0
13834	0	2	0
13898	0	2	0
14159	0	1	0
14160	0	1	0
14170	0	1	0
14222	0	2	0
14232	0	1	0
14239	0	1	0
14248	0	1	0
14252	0	1	0
14261	0	1	0
14727	0	8	0
14845	0	1	0
14878	0	1	0
14889	0	1	0
14996	0	1	0
15075	0	2	0
15510	0	1	0
15526	0	1	0
15578	0	6	0
15591	0	2	0
15602	0	4	0
15643	0	1	0
15666	0	1	0
15671	0	1	0
15685	0	1	0
15691	0	1	0
15706	0	3	0
15714	0	2	0
15718	0	7	0
15720	0	1	0
15723	0	9	0
15733	0	7	0
15734	0	2	0
15735	0	2	0
15737	0	2	0
15748	0	1	0
15750	0	2	0
15751	0	8	0
15754	0	1	0
15756	0	5	0
15759	0	1	0
15760	0	1	0
15761	0	3	0
15762	0	1	0
15768	0	5	0
15771	0	2	0
15773	0	9	0
15775	0	8	0
15776	0	1	0
15777	0	2	0
15782	0	1	0
15783	0	4	0
15784	0	3	0
15785	0	8	0
15791	0	3	0
15794	0	2	0
15795	0	7	0
15797	0	1	0
15800	0	2	0
15801	0	4	0
15802	0	3	0
15804	0	5	0
15810	0	7	0
15811	0	9	0
15812	0	12	0
15814	0	8	0
15816	0	14	0
15817	0	2	0
15818	0	8	0
15819	0	3	0
15820	0	3	0
15821	0	10	0
15822	0	1	0
15825	0	18	0
15826	0	3	0
15827	0	7	0
15828	0	16	0
15829	0	3	0
15830	0	7	0
15831	0	3	0
15832	0	10	0
15835	0	8	0
15836	0	1	0
15838	0	11	0
15839	0	15	0
15840	0	1	0
15841	0	7	0
15843	0	4	0
15844	0	4	0
15845	0	2	0
15846	0	12	0
15847	0	14	0
15848	0	20	0
15850	0	13	0
15851	0	1	0
15853	0	3	0
15854	0	4	0
15855	0	3	0
15856	0	1	0
15857	0	4	0
15858	0	7	0
15859	0	3	0
15860	0	2	0
15861	0	5	0
15863	0	3	0
15864	0	8	0
15865	0	8	0
15866	0	4	0
15867	0	4	0
15868	0	5	0
15869	0	3	0
15870	0	1	0
15871	0	9	0
15872	0	1	0
15874	0	4	0
15875	0	2	0
15876	0	4	0
15877	0	5	0
15878	0	7	0
15879	0	17	0
15880	0	12	0
15881	0	19	0
15882	0	2	0
15883	0	1	0
15884	0	15	0
15885	0	3	0
15886	0	9	0
15887	0	2	0
15888	0	1	0
15889	0	1	0
15890	0	4	0
15891	0	9	0
15892	0	10	0
15893	0	13	0
15894	0	2	0
15895	0	17	0
15896	0	6	0
15898	0	9	0
15899	0	4	0
15900	0	7	0
15901	0	11	0
15902	0	5	0
15903	0	5	0
15904	0	1	0
15905	0	5	0
15906	0	22	0
15907	0	19	0
15908	0	7	0
15909	0	9	0
15910	0	14	0
15911	0	11	0
15912	0	14	0
15913	0	3	0
15914	0	4	0
15916	0	10	0
15917	0	2	0
15918	0	9	0
15919	0	12	0
15920	0	11	0
15921	0	8	0
15922	0	15	0
15924	0	3	0
15925	0	8	0
15926	0	11	0
15927	0	24	0
15928	0	8	0
15929	0	10	0
15930	0	19	0
15931	0	18	0
15932	0	11	0
15933	0	17	0
15934	0	10	0
15935	0	7	0
15936	0	7	0
15937	0	8	0
15938	0	6	0
15939	0	7	0
15940	0	10	0
15941	0	10	0
15942	0	13	0
15943	0	5	0
15944	0	13	0
15945	0	6	0
15946	0	10	0
15947	0	15	0
15948	0	18	0
15949	0	13	0
15950	0	3	0
15951	0	14	0
15952	0	14	0
15953	0	19	0
15954	0	16	0
15955	0	14	0
15956	0	10	0
15957	0	29	0
15958	0	7	0
15959	0	9	0
15960	0	6	0
15961	0	7	0
15962	0	12	0
15963	0	6	0
15964	0	8	0
15965	0	8	0
15966	0	17	0
15967	0	18	0
15968	0	9	0
15969	0	9	0
15970	0	10	0
15971	0	19	0
15972	0	15	0
15973	0	24	0
15974	0	8	0
15975	0	15	0
15976	0	24	0
15977	0	20	0
15978	0	13	0
15979	0	7	0
15980	0	7	0
15981	0	16	0
15982	0	21	0
15983	0	14	0
15984	0	10	0
15985	0	12	0
15986	0	10	0
15987	0	13	0
15988	0	17	0
15989	0	15	0
15990	0	3	0
15991	0	9	0
15992	0	12	0
15993	0	5	0
15994	0	14	0
15995	0	16	0
15996	0	26	0
15997	0	21	0
15998	0	15	0
15999	0	6	0
16000	0	17	0
16001	0	8	0
16002	0	22	0
16003	0	14	0
16004	0	20	0
16005	0	19	0
16006	0	11	0
16007	0	4	0
16008	0	15	0
16009	0	22	0
16010	0	11	0
16011	0	18	0
16012	0	16	0
16013	0	16	0
16014	0	10	0
16015	0	14	0
16016	0	16	0
16017	0	21	0
16018	0	36	0
16019	0	7	0
16020	0	20	0
16021	0	17	0
16022	0	20	0
16023	0	14	0
16024	0	20	0
16025	0	23	0
16026	0	14	0
16027	0	31	0
16028	0	15	0
16029	0	13	0
16030	0	30	0
16031	0	16	0
16032	0	12	0
16033	0	10	0
16034	0	18	0
16035	0	11	0
16036	0	13	0
16037	0	17	0
16038	0	15	0
16039	0	11	0
16040	0	11	0
16041	0	17	0
16042	0	26	0
16043	0	23	0
16044	0	20	0
16045	0	18	0
16046	0	14	0
16047	0	7	0
16048	0	25	0
16049	0	10	0
16050	0	16	0
16051	0	11	0
16052	0	15	0
16053	0	13	0
16054	0	13	0
16055	0	15	0
16056	0	19	0
16057	0	15	0
16058	0	7	0
16059	0	10	0
16060	0	23	0
16061	0	9	0
16062	0	18	0
16063	0	11	0
16064	0	19	0
16065	0	27	0
16066	0	16	0
16067	0	14	0
16068	0	14	0
16069	0	10	0
16070	0	17	0
16071	0	24	0
16072	0	11	0
16073	0	18	0
16074	0	18	0
16075	0	14	0
16076	0	8	0
16077	0	20	0
16078	0	13	0
16079	0	19	0
16080	0	15	0
16081	0	21	0
16082	0	8	0
16083	0	17	0
16084	0	13	0
16085	0	10	0
16086	0	10	0
16087	0	26	0
16088	0	7	0
16089	0	10	0
16090	0	13	0
16091	0	17	0
16092	0	17	0
16093	0	12	0
16094	0	10	0
16095	0	12	0
16096	0	9	0
16097	0	7	0
16098	0	6	0
16099	0	9	0
16100	0	7	0
16101	0	14	0
16102	0	10	0
16103	0	9	0
16104	0	7	0
16105	0	16	0
16106	0	5	0
16107	0	10	0
16108	0	5	0
16109	0	12	0
16110	0	13	0
16111	0	1	0
16112	0	7	0
16113	0	17	0
16114	0	6	0
16115	0	13	0
16116	0	8	0
16117	0	3	0
16118	0	9	0
16119	0	8	0
16120	0	10	0
16121	0	10	0
16122	0	7	0
16123	0	6	0
16124	0	7	0
16125	0	5	0
16126	0	2	0
16127	0	3	0
16128	0	2	0
16129	0	5	0
16130	0	2	0
16132	0	3	0
16133	0	1	0
16134	0	2	0
16135	0	4	0
16137	0	4	0
16138	0	3	0
16141	0	5	0
16143	0	1	0
16144	0	1	0
16171	0	1	0
17011	0	1	0
17368	0	1	0
17404	0	1	0
17877	0	1	0
19095	0	1	0
19124	0	2	0
19179	0	1	0
19239	0	1	0
19315	0	1	0
19341	0	3	0
19458	0	1	0
19570	0	2	0
19576	0	1	0
20109	0	2	0
20135	0	1	0
20242	0	1	0
20383	0	1	0
21480	0	1	0
22954	0	2	0
23433	0	1	0
24214	0	3	0
24973	0	13	0
24999	0	1	0
25044	0	3	0
25054	0	2	0
25134	0	1	0
25806	0	1	0
25858	0	1	0
25958	0	1	0
26293	0	1	0
26506	0	1	0
26680	0	1	0
27386	0	1	0
27389	0	5	0
28924	0	1	0
31762	0	1	0
31909	0	1	0
33045	0	1	0
33243	0	1	0
33259	0	1	0
33261	0	1	0
36891	0	1	0
37329	0	2	0
37340	0	1	0
37355	0	1	0
37373	0	1	0
37375	0	1	0
37430	0	1	0
38229	0	2	0
38458	0	2	0
38469	0	1	0
38483	0	1	0
38488	0	1	0
38510	0	2	0
38590	0	3	0
40014	0	1	0
40601	0	1	0
41466	0	1	0
41971	0	1	0
42175	0	1	0
44749	0	3	0
46052	0	1	0
46161	0	1	0
46193	0	2	0
46961	0	1	0
47198	0	1	0
48740	0	1	0
48826	0	1	0
49365	0	1	0
50895	0	1	0
51755	0	1	0
52079	0	2	0
52310	0	1	0
52321	0	1	0
52333	0	1	0
52392	0	2	0
52486	0	1	0
54543	0	1	0
54577	0	1	0
54601	0	2	0
54655	0	1	0
57806	0	1	0
64051	0	1	0
64063	0	1	0
64215	0	1	0
64841	0	1	0
66779	0	1	0
67054	0	2	0
67102	0	1	0
67132	0	1	0
67186	0	2	0
68327	0	1	0
72157	0	1	0
73805	0	3	0
74323	0	1	0
76189	0	1	0
76367	0	1	0
76379	0	1	0
76493	0	3	0
79390	0	1	0
80280	0	1	0
81240	0	1	0
81284	0	1	0
82430	0	1	0
82606	0	3	0
83803	0	1	0
83937	0	1	0
85251	0	1	0
85403	0	1	0
88060	0	1	0
88844	0	1	0
88937	0	1	0
90629	0	1	0
92162	0	1	0
93850	0	1	0
96667	0	2	0
98245	0	1	0
98360	0	1	0
98868	0	2	0
99843	0	1	0
100956	0	1	0
103094	0	1	0
104507	0	1	0
105150	0	2	0
108518	0	1	0
108542	0	1	0
110098	0	1	0
110121	0	4	0
110185	0	2	0
110603	0	1	0
111382	0	4	0
111438	0	3	0
111459	0	3	0
111465	0	7	0
111477	0	1	0
111487	0	1	0
111488	0	1	0
111492	0	2	0
111502	0	1	0
111504	0	1	0
111506	0	1	0
111517	0	1	0
111543	0	1	0
111560	0	1	0
111612	0	1	0
111615	0	1	0
111616	0	2	0
111622	0	4	0
111626	0	1	0
111633	0	2	0
111635	0	1	0
111638	0	1	0
111661	0	1	0
111666	0	1	0
111668	0	1	0
111678	0	1	0
111683	0	1	0
111684	0	1	0
111685	0	1	0
111693	0	1	0
111704	0	1	0
111707	0	1	0
111710	0	1	0
111713	0	1	0
111716	0	1	0
111734	0	1	0
111794	0	1	0
111889	0	3	0
112068	0	1	0
112093	0	1	0
113220	0	1	0
113298	0	2	0
113369	0	4	0
113400	0	2	0
113449	0	3	0
113472	0	5	0
113476	0	1	0
113478	0	3	0
113491	0	3	0
113495	0	2	0
113499	0	1	0
113501	0	1	0
113511	0	3	0
113516	0	1	0
113523	0	2	0
113526	0	1	0
113529	0	2	0
113532	0	1	0
113535	0	2	0
113536	0	2	0
113542	0	6	0
113547	0	3	0
113548	0	1	0
113555	0	1	0
113561	0	5	0
113565	0	2	0
113577	0	1	0
113580	0	1	0
113594	0	1	0
113608	0	1	0
113610	0	4	0
113611	0	2	0
113618	0	1	0
113628	0	2	0
113638	0	1	0
113650	0	1	0
113661	0	1	0
113668	0	1	0
113671	0	1	0
113672	0	2	0
113673	0	1	0
113680	0	3	0
113683	0	2	0
113686	0	1	0
113688	0	1	0
113689	0	1	0
113695	0	1	0
113708	0	1	0
113736	0	1	0
115340	0	1	0
119212	0	1	0
120810	0	1	0
124998	0	1	0
125218	0	2	0
125238	0	4	0
128003	0	1	0
131984	0	1	0
135018	0	1	0
135098	0	1	0
139296	0	1	0
139371	0	2	0
139962	0	1	0
140070	0	3	0
143078	0	1	0
143246	0	1	0
143260	0	1	0
143281	0	2	0
143301	0	2	0
143583	0	3	0
145712	0	1	0
145762	0	1	0
145843	0	1	0
148484	0	1	0
149938	0	2	0
150237	0	1	0
151744	0	1	0
151916	0	1	0
157983	0	1	0
159474	0	3	0
162093	0	1	0
162155	0	4	0
162398	0	1	0
168106	0	1	0
171354	0	2	0
171379	0	1	0
174215	0	1	0
175483	0	1	0
182050	0	1	0
186006	0	1	0
187622	0	1	0
187942	0	1	0
187961	0	4	0
187981	0	1	0
188027	0	1	0
188056	0	4	0
188063	0	1	0
188073	0	2	0
188097	0	1	0
188114	0	1	0
188130	0	1	0
188131	0	1	0
188132	0	1	0
190554	0	1	0
193960	0	1	0
196377	0	1	0
196461	0	1	0
196475	0	1	0
204531	0	1	0
204581	0	1	0
204609	0	1	0
206736	0	1	0
210351	0	1	0
219644	0	1	0
223158	0	1	0
225962	0	1	0
230922	0	1	0
232929	0	2	0
235582	0	2	0
235971	0	1	0
236267	0	2	0
236388	0	1	0
240505	0	2	0
243312	0	1	0
248501	0	1	0
248585	0	1	0
250600	0	3	0
250932	0	1	0
252019	0	1	0
257949	0	1	0
257983	0	1	0
257991	0	1	0
257993	0	1	0
264580	0	1	0
267686	0	1	0
275986	0	4	0
281639	0	1	0
285719	0	1	0
287754	0	1	0
287779	0	1	0
293233	0	1	0
293762	0	1	0
298501	0	1	0
298604	0	1	0
301084	0	1	0
303300	0	2	0
304319	0	2	0
306395	0	1	0
309268	0	1	0
310739	0	2	0
310791	0	1	0
310806	0	1	0
310832	0	1	0
312090	0	1	0
314771	0	1	0
315336	0	1	0
316904	0	7	0
317029	0	1	0
323375	0	2	0
323505	0	1	0
323540	0	2	0
323548	0	1	0
329474	0	1	0
331892	0	2	0
333786	0	1	0
341581	0	1	0
343055	0	1	0
344051	0	1	0
354960	0	1	0
356606	0	1	0
366960	0	2	0
367410	0	1	0
374383	0	2	0
379670	0	1	0
386053	0	1	0
392404	0	1	0
392407	0	1	0
399497	0	2	0
406531	0	1	0
410870	0	2	0
417048	0	1	0
417971	0	1	0
418706	0	1	0
418943	0	1	0
420136	0	2	0
420203	0	1	0
420879	0	1	0
432857	0	1	0
441035	0	1	0
446295	0	2	0
447492	0	1	0
458693	0	1	0
459999	0	2	0
460050	0	1	0
460088	0	1	0
463565	0	1	0
463583	0	1	0
464677	0	2	0
466573	0	1	0
468309	0	1	0
473027	0	1	0
482595	0	1	0
487906	0	1	0
505281	0	1	0
515355	0	1	0
524086	0	1	0
524222	0	1	0
531283	0	1	0
531662	0	1	0
544101	0	1	0
552257	0	2	0
552288	0	1	0
570100	0	1	0
570279	0	1	0
575567	0	1	0
582615	0	1	0
596341	0	1	0
650930	0	1	0
664332	0	1	0
677324	0	1	0
686191	0	1	0
690086	0	1	0
693140	0	1	0
695411	0	1	0
697187	0	1	0
701422	0	0	1
713847	0	1	0
717355	0	1	0
725407	0	3	0
725634	0	1	0
738802	0	2	0
739001	0	2	0
740024	0	1	0
747192	0	2	0
748535	0	3	0
761944	0	1	0
762008	0	2	0
762069	0	1	0
766959	0	1	0
768979	0	1	0
780019	0	1	0
784108	0	3	0
788506	0	1	0
791129	0	1	0
794103	0	1	0
794533	0	3	0
796508	0	1	0
804759	0	2	0
808668	0	1	0
813741	0	1	0
817403	0	1	0
819850	0	1	0
820095	0	2	0
821833	0	1	0
821920	0	1	0
821972	0	1	0
830658	0	1	0
834188	0	5	0
834700	0	1	0
836626	0	1	0
848373	0	1	0
850081	0	1	0
853485	0	2	0
854904	0	1	0
857633	0	3	0
862545	0	5	0
883559	0	1	0
895129	0	1	0
895612	0	2	0
906631	0	1	0
907940	0	5	0
908026	0	1	0
908030	0	1	0
908051	0	1	0
908054	0	2	0
908094	0	2	0
908102	0	2	0
908123	0	2	0
908124	0	1	0
908241	0	1	0
914826	0	1	0
914832	0	1	0
914930	0	1	0
922896	0	1	0
926142	0	1	0
952695	0	1	0
953393	0	1	0
958066	0	1	0
990537	0	1	0
990603	0	1	0
996428	0	1	0
1003557	0	2	0
1044506	0	1	0
1046757	0	1	0
1073461	0	1	0
1075269	0	1	0
1079046	0	1	0
1081153	0	1	0
1087164	0	2	0
1089761	0	4	0
1096527	0	3	0
1121096	0	1	0
1122397	0	1	0
1123707	0	2	0
1132176	0	1	0
1139173	0	1	0
1139578	0	1	0
1141878	0	1	0
1162621	0	1	0
1162761	0	1	0
1174131	0	1	0
1180130	0	1	0
1193155	0	1	0
1194191	0	1	0
1198622	0	2	0
1204472	0	1	0
1204663	0	1	0
1209980	0	1	0
1210966	0	1	0
1223399	0	1	0
1223918	0	1	0
1254603	0	1	0
1271041	0	1	0
1271677	0	1	0
1275308	0	1	0
1283627	0	1	0
1293086	0	1	0
1304162	0	1	0
1326993	0	1	0
1328878	0	1	0
1329605	0	1	0
1335661	0	1	0
1340385	0	1	0
1343919	0	1	0
1344742	0	1	0
1348544	0	1	0
1352304	0	1	0
1352409	0	1	0
1353074	0	1	0
1358057	0	2	0
1387573	0	1	0
1388653	0	2	0
1404360	0	1	0
1407794	0	2	0
1408719	0	1	0
1418709	0	1	0
1435597	0	1	0
1441142	0	1	0
1446433	0	1	0
1448027	0	1	0
1471186	0	1	0
1471975	0	1	0
1472052	0	1	0
1474281	0	1	0
1481943	0	1	0
1489856	0	1	0
1499866	0	1	0
1499979	0	2	0
1500822	0	2	0
1506460	0	1	0
1509985	0	2	0
1523151	0	1	0
1525424	0	2	0
1532447	0	1	0
1534054	0	1	0
1534079	0	2	0
1534088	0	2	0
1534543	0	1	0
1546704	0	1	0
1554986	0	1	0
1562666	0	3	0
1565867	0	1	0
1565924	0	2	0
1565946	0	1	0
1567076	0	1	0
1568671	0	1	0
1579128	0	1	0
1583112	0	2	0
1584830	0	1	0
1585860	0	1	0
1592419	0	1	0
1592924	0	1	0
1596599	0	1	0
1597093	0	1	0
1600046	0	1	0
1602347	0	2	0
1604274	0	1	0
1617828	0	1	0
1620547	0	1	0
1631893	0	1	0
1632941	0	1	0
1637130	0	1	0
1638358	0	1	0
1639248	0	1	0
1639491	0	1	0
1646953	0	1	0
1649858	0	2	0
1651509	0	1	0
1651596	0	1	0
1651648	0	1	0
1656710	0	1	0
1662151	0	1	0
1665942	0	1	0
1666131	0	1	0
1667339	0	1	0
1667453	0	1	0
1668932	0	1	0
1678302	0	1	0
1679350	0	1	0
1682127	0	0	1
1682485	0	1	0
1704304	0	2	0
1709826	0	1	0
1710134	0	5	0
1712634	0	1	0
1717332	0	1	0
1726494	0	5	0
1727304	0	1	0
1733460	0	2	0
1737284	0	1	0
1742453	0	1	0
1745326	0	1	0
1746234	0	1	0
1747851	0	1	0
1755410	0	1	0
1755568	0	1	0
1757332	0	0	1
1758610	0	1	0
1763487	0	1	0
1771342	0	1	0
1794004	0	3	0
1795740	0	3	0
1801602	0	4	0
1809794	0	1	0
1818343	0	1	0
1831480	0	1	0
1836320	0	1	0
1843826	0	1	0
1861073	0	1	0
1863698	0	2	0
1864744	0	1	0
1882481	0	1	0
1887106	0	1	0
1887627	0	1	0
1887681	0	3	0
1887732	0	1	0
1890814	0	1	0
1892030	0	2	0
1895168	0	1	0
1900126	0	1	0
1906430	0	1	0
1922489	0	2	0
1933678	0	1	0
1934713	0	1	0
1935451	0	1	0
1939346	0	3	0
1939386	0	2	0
1939410	0	2	0
1939417	0	1	0
1939418	0	1	0
1939436	0	1	0
1946116	0	2	0
1956503	0	1	0
1957463	0	1	0
1960457	0	1	0
1960724	0	1	0
1960728	0	1	0
1960753	0	2	0
1960768	0	1	0
1962502	0	1	0
1965697	0	1	0
1966636	0	1	0
1970516	0	1	0
1975620	0	1	0
1976348	0	1	0
1982881	0	1	0
1998605	0	1	0
2011699	0	1	0
2019187	0	1	0
2023836	0	2	0
2039936	0	1	0
2042225	0	1	0
2044012	0	1	0
2044794	0	3	0
2044824	0	1	0
2044883	0	5	0
2044902	0	2	0
2044935	0	1	0
2044941	0	1	0
2044951	0	4	0
2044953	0	3	0
2044958	0	1	0
2044963	0	2	0
2044975	0	1	0
2044979	0	1	0
2044981	0	1	0
2044982	0	1	0
2044989	0	1	0
2044992	0	4	0
2044997	0	1	0
2045010	0	1	0
2045012	0	1	0
2045023	0	1	0
2045040	0	1	0
2052224	0	1	0
2057129	0	1	0
2059266	0	1	0
2059336	0	1	0
2059446	0	4	0
2059503	0	1	0
2059514	0	1	0
2059524	0	3	0
2059557	0	1	0
2062523	0	1	0
2070107	0	1	0
2086035	0	1	0
2091391	0	3	0
2097866	0	1	0
2098536	0	1	0
2103948	0	1	0
2119517	0	1	0
2120989	0	3	0
2121131	0	1	0
2133131	0	1	0
2138787	0	1	0
2138927	0	1	0
2176175	0	1	0
2176356	0	2	0
2187630	0	3	0
2193747	0	1	0
2237150	0	1	0
2257212	0	1	0
2263826	0	2	0
2303615	0	1	0
2304857	0	1	0
2308295	0	1	0
2319774	0	2	0
2328489	0	1	0
2339292	0	2	0
2359187	0	1	0
2359398	0	1	0
2363265	0	1	0
2372542	0	1	0
2377084	0	2	0
2380414	0	1	0
2389216	0	1	0
2392894	0	1	0
2396663	0	1	0
2412257	0	1	0
2413997	0	1	0
2414611	0	1	0
2420566	0	1	0
2430881	0	1	0
2443016	0	1	0
2446220	0	1	0
2452182	0	1	0
2452969	0	1	0
2453277	0	1	0
2453440	0	2	0
2456629	0	2	0
2456776	0	1	0
2472652	0	0	1
2476057	0	1	0
2480485	0	1	0
2486909	0	1	0
2507548	0	1	0
2521214	0	1	0
2528095	0	1	0
2528899	0	1	0
2536591	0	1	0
2538971	0	1	0
2541008	0	10	0
2545823	0	3	0
2549787	0	1	0
2549973	0	3	0
2552604	0	1	0
2552952	0	1	0
2556571	0	1	0
2556613	0	1	0
2562879	0	3	0
2565290	0	2	0
2565323	0	1	0
2570602	0	1	0
2575748	0	1	0
2606014	0	1	0
2612292	0	3	0
2613127	0	1	0
2680384	0	1	0
2685379	0	1	0
2686818	0	1	0
2688539	0	2	0
2697908	0	1	0
2713656	0	3	0
2717047	0	1	0
2723936	0	1	0
2744611	0	1	0
2761242	0	1	0
2768506	0	1	0
2781003	0	1	0
2794139	0	1	0
2798662	0	1	0
2803471	0	1	0
2804847	0	1	0
2808806	0	1	0
2811323	0	1	0
2860194	0	1	0
2893117	0	2	0
2894314	0	1	0
2900854	0	1	0
2901161	0	1	0
2905189	0	1	0
2928566	0	1	0
2930802	0	1	0
2950021	0	1	0
2961217	0	1	0
2976533	0	1	0
2986365	0	1	0
2986386	0	1	0
2994060	0	1	0
3013858	0	1	0
3022917	0	1	0
3029950	0	1	0
3032986	0	3	0
3036365	0	1	0
3040343	0	1	0
3063472	0	1	0
3063963	0	1	0
3081032	0	6	0
3081155	0	2	0
3081164	0	1	0
3081193	0	2	0
3084359	0	1	0
3086159	0	2	0
3086929	0	2	0
3094870	0	1	0
3122106	0	1	0
3137507	0	1	0
3148745	0	1	0
3148746	0	1	0
3153954	0	1	0
3154021	0	1	0
3175914	0	1	0
3177827	0	1	0
3202627	0	1	0
3216722	0	1	0
3218577	0	2	0
3229620	0	1	0
3236566	0	1	0
3250255	0	1	0
3264502	0	2	0
3268214	0	1	0
3269156	0	1	0
3273332	0	1	0
3279109	0	1	0
3284586	0	1	0
3294431	0	1	0
3296689	0	1	0
3296985	0	3	0
3305096	0	3	0
3340581	0	1	0
3341791	0	1	0
3378860	0	2	0
3389172	0	1	0
3389995	0	3	0
3405225	0	6	0
3419946	0	1	0
3427888	0	2	0
3441526	0	2	0
3445088	0	1	0
3452941	0	2	0
3454489	0	3	0
3454967	0	1	0
3460568	0	3	0
3467197	0	1	0
3482953	0	6	0
3496559	0	1	0
3513674	0	1	0
3525112	0	1	0
3530169	0	1	0
3533111	0	1	0
3534417	0	1	0
3542216	0	3	0
3542296	0	1	0
3545805	0	3	0
3548884	0	1	0
3570744	0	1	0
3571392	0	2	0
3608513	0	1	0
3617330	0	1	0
3621941	0	3	0
3623580	0	1	0
3623593	0	1	0
3623598	0	1	0
3623624	0	1	0
3623668	0	1	0
3636057	0	1	0
3675409	0	1	0
3682300	0	1	0
3687762	0	1	0
3691644	0	1	0
3692053	0	1	0
3709442	0	1	0
3712140	0	1	0
3720489	0	1	0
3722693	0	1	0
3724041	0	1	0
3735750	0	3	0
3740839	0	1	0
3750935	0	4	0
3755136	0	1	0
3757911	0	1	0
3763053	0	1	0
3772922	0	2	0
3777237	0	1	0
3783251	0	0	1
3783626	0	3	0
3783809	0	1	0
3799280	0	1	0
3808419	0	1	0
3832286	0	1	0
3844035	0	1	0
3849515	0	0	1
3850143	0	3	0
3865909	0	1	0
3868555	0	1	0
3873313	0	1	0
3884826	0	2	0
3894161	0	1	0
3898962	0	1	0
3899268	0	1	0
3903472	0	1	0
3906774	0	1	0
3920587	0	3	0
3924479	0	1	0
3935246	0	2	0
3937710	0	3	0
3945724	0	2	0
3954219	0	1	0
3962911	0	1	0
3967811	0	1	0
3981863	0	1	0
3983799	0	2	0
4016725	0	3	0
4029404	0	1	0
4032869	0	3	0
4039451	0	5	0
4061072	0	1	0
4081812	0	1	0
4083207	0	2	0
4089762	0	1	0
4094026	0	1	0
4113139	0	1	0
4171582	0	2	0
4176197	0	1	0
4186046	0	1	0
4190321	0	1	0
4196224	0	1	0
4197299	0	1	0
4199863	0	1	0
4203259	0	1	0
4212378	0	1	0
4224723	0	2	0
4229356	0	5	0
4245720	0	1	0
4254107	0	1	0
4263003	0	10	0
4263944	0	1	0
4269108	0	1	0
4286190	0	5	0
4296723	0	1	0
4297584	0	1	0
4302548	0	2	0
4303175	0	0	1
4304604	0	2	0
4304615	0	1	0
4311851	0	1	0
4313681	0	1	0
4317005	0	1	0
4318720	0	4	0
4346303	0	1	0
4347616	0	2	0
4356044	0	1	0
4365898	0	1	0
4372610	0	1	0
4373680	0	1	0
4379272	0	1	0
4396883	0	1	0
4401504	0	0	1
4414187	0	2	0
4425062	0	7	0
4430546	0	2	0
4434431	0	1	0
4441594	0	1	0
4448863	0	1	0
4450825	0	1	0
4457941	0	1	0
4468234	0	2	0
4476897	0	1	0
4478320	0	3	0
4485245	0	1	0
4486522	0	2	0
4494820	0	1	0
4500236	0	1	0
4515643	0	1	0
4534192	0	6	0
4543826	0	1	0
4556898	0	1	0
4570298	0	1	0
4584186	0	1	0
4593107	0	1	0
4616510	0	1	0
4618215	0	1	0
4634006	0	1	0
4685156	0	1	0
4727576	0	1	0
4729550	0	1	0
4743388	0	2	0
4765423	0	1	0
4779749	0	1	0
4789983	0	1	0
4795505	0	1	0
4811538	0	2	0
4815993	0	1	0
4849932	0	1	0
4860880	0	1	0
4868535	0	2	0
4871895	0	1	0
4875843	0	1	0
4897234	0	1	0
4913821	0	2	0
4916654	0	1	0
4922224	0	1	0
4925370	0	1	0
4925971	0	2	0
4929867	0	1	0
4939710	0	2	0
4943207	0	1	0
4963926	0	1	0
4980560	0	2	0
4996326	0	1	0
5001663	0	1	0
5011310	0	1	0
5014670	0	1	0
5017956	0	1	0
5025854	0	2	0
5027633	0	1	0
5029537	0	1	0
5046799	0	1	0
5049545	0	1	0
5050940	0	2	0
5059470	0	3	0
5063038	0	1	0
5071436	0	2	0
5074108	0	1	0
5079829	0	0	1
5086364	0	1	0
5093659	0	1	0
5110572	0	2	0
5111181	0	3	0
5113295	0	1	0
5115852	0	2	0
5158824	0	2	0
5161378	0	1	0
5166524	0	1	0
5185858	0	1	0
5187738	0	1	0
5196336	0	2	0
5198790	0	3	0
5203125	0	9	0
5207707	0	1	0
5208828	0	1	0
5209883	0	1	0
5210740	0	1	0
5212864	0	1	0
5230146	0	2	0
5230802	0	1	0
5243842	0	1	0
5245515	0	1	0
5264515	0	3	0
5270418	0	1	0
5284498	0	1	0
5285441	0	1	0
5286256	0	1	0
5299049	0	3	0
5313502	0	2	0
5335476	0	1	0
5336393	0	1	0
5340429	0	1	0
5359600	0	2	0
5360135	0	1	0
5371615	0	1	0
5374418	0	1	0
5375894	0	1	0
5396853	0	1	0
5401455	0	1	0
5406010	0	2	0
5407975	0	1	0
5408123	0	1	0
5440817	0	1	0
5443458	0	2	0
5444225	0	1	0
5456046	0	1	0
5461826	0	3	0
5468323	0	1	0
5478490	0	1	0
5493398	0	1	0
5507886	0	1	0
5519230	0	2	0
5524324	0	1	0
5524479	0	1	0
5541747	0	1	0
5543005	0	3	0
5560446	0	1	0
5568583	0	1	0
5574467	0	1	0
5596209	0	1	0
5599235	0	2	0
5608037	0	1	0
5623061	0	1	0
5630124	0	1	0
5691517	0	3	0
5691653	0	1	0
5699995	0	1	0
5708590	0	1	0
5708769	0	1	0
5709644	0	1	0
5709789	0	1	0
5720643	0	1	0
5727403	0	1	0
5735211	0	1	0
5735873	0	3	0
5741870	0	1	0
5743219	0	2	0
5757191	0	2	0
5760590	0	1	0
5762896	0	1	0
5773273	0	2	0
5780925	0	2	0
5783867	0	2	0
5791703	0	2	0
5800573	0	3	0
5801076	0	1	0
5819160	0	1	0
5826824	0	2	0
5827745	0	0	1
5834875	0	2	0
5843065	0	1	0
5844054	0	1	0
5845518	0	1	0
5850207	0	1	0
5854349	0	1	0
5856437	0	1	0
5868496	0	1	0
5875866	0	1	0
5877607	0	2	0
5882627	0	1	0
5888043	0	3	0
5890031	0	8	0
5904073	0	1	0
5906292	0	5	0
5909727	0	2	0
5914710	0	4	0
5917273	0	3	0
5917395	0	1	0
5921857	0	7	0
5936090	0	1	0
5949544	0	1	0
5977607	0	2	0
5995129	0	5	0
6024876	0	4	0
6033598	0	1	0
6057554	0	1	0
6068575	0	1	0
6073894	0	1	0
6073968	0	1	0
6076405	0	1	0
6078016	0	1	0
6095411	0	1	0
6132133	0	1	0
6137376	0	3	0
6147871	0	1	0
6150254	0	1	0
6170586	0	1	0
6189324	0	2	0
6193227	0	1	0
6199037	0	1	0
6200359	0	1	0
6202991	0	1	0
6204421	0	0	1
6205418	0	13	0
6209810	0	1	0
6249114	0	1	0
6253372	0	1	0
6259064	0	1	0
6274668	0	1	0
6289072	0	1	0
6290451	0	1	0
6309012	0	1	0
6310271	0	3	0
6314454	0	1	0
6319536	0	1	0
6320990	0	1	0
6348516	0	1	0
6353436	0	1	0
6355087	0	1	0
6364404	0	1	0
6368948	0	2	0
6378303	0	1	0
6388895	0	2	0
6393453	0	1	0
6394538	0	1	0
6394955	0	2	0
6408123	0	1	0
6408929	0	2	0
6422947	0	1	0
6427536	0	1	0
6439255	0	1	0
6445733	0	2	0
6450488	0	1	0
6451901	0	1	0
6456416	0	1	0
6478315	0	1	0
6488468	0	2	0
6498005	0	2	0
6520661	0	3	0
6526569	0	2	0
6546568	0	1	0
6559119	0	7	0
6567201	0	1	0
6583836	0	2	0
6585608	0	3	0
6590604	0	2	0
6596319	0	1	0
6605286	0	1	0
6642036	0	1	0
6673535	0	1	0
6702187	0	1	0
6710710	0	1	0
6711152	0	1	0
6721689	0	1	0
6764266	0	1	0
6777643	0	1	0
6778008	0	1	0
6783604	0	4	0
6789636	0	1	0
6796740	0	1	0
6802397	0	1	0
6806225	0	1	0
6816085	0	1	0
6839553	0	1	0
6876586	0	2	0
6880637	0	1	0
6887693	0	1	0
6889180	0	2	0
6901401	0	2	0
6903637	0	2	0
6910943	0	1	0
6910947	0	2	0
6918335	0	3	0
6918713	0	1	0
6929048	0	1	0
6950387	0	1	0
6959965	0	2	0
6964532	0	1	0
6969742	0	1	0
6970566	0	0	1
6971177	0	1	0
6975457	0	1	0
6990112	0	1	0
6990793	0	1	0
7007462	0	4	0
7014243	0	1	0
7015248	0	1	0
7017601	0	1	0
7025281	0	1	0
7036668	0	1	0
7039492	0	2	0
7062565	0	1	0
7064740	0	1	0
7065152	0	1	0
7069434	0	1	0
7069443	0	2	0
7070982	0	1	0
7090265	0	1	0
7103648	0	1	0
7105727	0	1	0
7118333	0	1	0
7133598	0	1	0
7134652	0	8	0
7139811	0	4	0
7142263	0	1	0
7158185	0	2	0
7159212	0	1	0
7160964	0	2	0
7168542	0	1	0
7168938	0	2	0
7169873	0	1	0
7191398	0	2	0
7226159	0	2	0
7238091	0	1	0
7258765	0	2	0
7264031	0	1	0
7268742	0	2	0
7287700	0	1	0
7301694	0	1	0
7302775	0	1	0
7309510	0	1	0
7323789	0	2	0
7327169	0	1	0
7328275	0	1	0
7335500	0	2	0
7341230	0	1	0
7342849	0	1	0
7350024	0	1	0
7353431	0	1	0
7354388	0	1	0
7356873	0	1	0
7358451	0	1	0
7369241	0	1	0
7373966	0	1	0
7377987	0	1	0
7387636	0	1	0
7392628	0	2	0
7397333	0	1	0
7398538	0	1	0
7403071	0	1	0
7432339	0	7	0
7437814	0	3	0
7449591	0	2	0
7456546	0	2	0
7461141	0	1	0
7479931	0	1	0
7493672	0	1	0
7496171	0	1	0
7496781	0	1	0
7520193	0	1	0
7521048	0	1	0
7522838	0	1	0
7543795	0	1	0
7549752	0	1	0
7556749	0	2	0
7558656	0	1	0
7566903	0	2	0
7573559	0	1	0
7588596	0	1	0
7594426	0	1	0
7597740	0	1	0
7624664	0	1	0
7661638	0	4	0
7710975	0	1	0
7711587	0	2	0
7718651	0	1	0
7741337	0	1	0
7744405	0	4	0
7767164	0	1	0
7769127	0	2	0
7780404	0	1	0
7794173	0	3	0
7804392	0	1	0
7806252	0	1	0
7807137	0	1	0
7813282	0	1	0
7815066	0	1	0
7815771	0	1	0
7824724	0	3	0
7831526	0	1	0
7853349	0	1	0
7854599	0	7	0
7855532	0	1	0
7868379	0	1	0
7903891	0	1	0
7907760	0	1	0
7908534	0	1	0
7919611	0	1	0
7931119	0	1	0
7931823	0	1	0
7935799	0	2	0
7941441	0	1	0
7948025	0	1	0
7983973	0	2	0
7988113	0	2	0
7996308	0	2	0
8000723	0	1	0
8006128	0	1	0
8011713	0	3	0
8013839	0	1	0
8021585	0	1	0
8033226	0	1	0
8048761	0	1	0
8051661	0	1	0
8053331	0	1	0
8070544	0	2	0
8072967	0	4	0
8081903	0	1	0
8102827	0	7	0
8103876	0	1	0
8126426	0	1	0
8132746	0	1	0
8139574	0	1	0
8156183	0	4	0
8159075	0	2	0
8180348	0	3	0
8212350	0	1	0
8214803	0	3	0
8231650	0	3	0
8234452	0	1	0
8248362	0	2	0
8251448	0	1	0
8252745	0	2	0
8254898	0	1	0
8256638	0	1	0
8258535	0	1	0
8282613	0	2	0
8306779	0	1	0
8307830	0	1	0
8309933	0	2	0
8321887	0	2	0
8329957	0	1	0
8330501	0	1	0
8331234	0	2	0
8351282	0	1	0
8353268	0	1	0
8369633	0	1	0
8382934	0	1	0
8396622	0	1	0
8414721	0	1	0
8422908	0	1	0
8426721	0	1	0
8430922	0	2	0
8445611	0	0	1
8447721	0	1	0
8452799	0	1	0
8453109	0	1	0
8453638	0	2	0
8453987	0	1	0
8466187	0	3	0
8494316	0	1	0
8496808	0	1	0
8506718	0	3	0
8507579	0	2	0
8510037	0	2	0
8522494	0	1	0
8533424	0	3	0
8543938	0	1	0
8572346	0	1	0
8577069	0	1	0
8578880	0	1	0
8584146	0	1	0
8598814	0	1	0
8599974	0	1	0
8617683	0	1	0
8628968	0	1	0
8640220	0	1	0
8648154	0	1	0
8658141	0	2	0
8685058	0	2	0
8690821	0	1	0
8696224	0	1	0
8716879	0	1	0
8733926	0	1	0
8757778	0	2	0
8764990	0	1	0
8780600	0	3	0
8785688	0	1	0
8831757	0	4	0
8845457	0	3	0
8854329	0	2	0
8858494	0	2	0
8875693	0	1	0
8921539	0	1	0
8924631	0	4	0
8950558	0	1	0
8957114	0	1	0
8962521	0	1	0
8974525	0	1	0
8980542	0	1	0
8981587	0	2	0
8984241	0	3	0
8995805	0	1	0
9005506	0	1	0
9011506	0	2	0
9016321	0	1	0
9025338	0	1	0
9031556	0	10	0
9035613	0	1	0
9043153	0	2	0
9059972	0	1	0
9065543	0	1	0
9089865	0	4	0
9093032	0	2	0
9102078	0	1	0
9106843	0	1	0
9111744	0	1	0
9118344	0	1	0
9125220	0	1	0
9130081	0	1	0
9137402	0	1	0
9144245	0	1	0
9156846	0	1	0
9191084	0	8	0
9197251	0	1	0
9207134	0	2	0
9211067	0	1	0
9214398	0	1	0
9260882	0	1	0
9262727	0	2	0
9266910	0	2	0
9269195	0	1	0
9270424	0	3	0
9275955	0	2	0
9332365	0	1	0
9353170	0	1	0
9400019	0	1	0
9405087	0	1	0
9407149	0	1	0
9418886	0	1	0
9423138	0	3	0
9435901	0	1	0
9452081	0	1	0
9485412	0	1	0
9486362	0	1	0
9492828	0	1	0
9521745	0	1	0
9534416	0	7	0
9537195	0	1	0
9576961	0	1	0
9584882	0	2	0
9591706	0	3	0
9624284	0	2	0
9630803	0	2	0
9639055	0	1	0
9641899	0	1	0
9652304	0	1	0
9670659	0	1	0
9679653	0	1	0
9681024	0	1	0
9694783	0	1	0
9696368	0	1	0
9699197	0	2	0
9710018	0	1	0
9714770	0	2	0
9723673	0	1	0
9745740	0	1	0
9767116	0	1	0
9767486	0	2	0
9780723	0	1	0
9780809	0	2	0
9820522	0	1	0
9831530	0	1	0
9843338	0	1	0
9867472	0	1	0
9877704	0	1	0
9898577	0	3	0
9906973	0	2	0
9923335	0	1	0
9943366	0	1	0
9973492	0	1	0
9983996	0	1	0
9992319	0	1	0
9993841	0	1	0
9995071	0	1	0
10045724	0	1	0
10065533	0	2	0
10071765	0	2	0
10075282	0	1	0
10086427	0	3	0
10107187	0	1	0
10133803	0	1	0
10136568	0	4	0
10147669	0	1	0
10159819	0	4	0
10167070	0	7	0
10167191	0	2	0
10181746	0	4	0
10184362	0	4	0
10201310	0	1	0
10227554	0	2	0
10233042	0	2	0
10251244	0	1	0
10257240	0	3	0
10260964	0	1	0
10265975	0	1	0
10273182	0	2	0
10273205	0	6	0
10303169	0	1	0
10310462	0	1	0
10331901	0	1	0
10336707	0	1	0
10338934	0	1	0
10354919	0	1	0
10359142	0	3	0
10361965	0	1	0
10383994	0	1	0
10395787	0	1	0
10410160	0	1	0
10419634	0	1	0
10428541	0	1	0
10436359	0	1	0
10438865	0	3	0
10450018	0	1	0
10474020	0	1	0
10474224	0	2	0
10481720	0	1	0
10489162	0	1	0
10496349	0	1	0
10505570	0	1	0
10512362	0	1	0
10520509	0	2	0
10544005	0	1	0
10545351	0	1	0
10561810	0	3	0
10599584	0	1	0
10606243	0	1	0
10639545	0	0	1
10647610	0	1	0
10698162	0	1	0
10715804	0	1	0
10724211	0	1	0
10726156	0	1	0
10756891	0	1	0
10767794	0	1	0
10771703	0	1	0
10772116	0	1	0
10797516	0	1	0
10809002	0	0	1
10813279	0	1	0
10823239	0	1	0
10863441	0	1	0
10877036	0	1	0
10877781	0	1	0
10882961	0	1	0
10893690	0	1	0
10911809	0	1	0
10913989	0	2	0
10940328	0	1	0
10954571	0	5	0
10954688	0	1	0
10956611	0	7	0
11007936	0	3	0
11009605	0	1	0
11016527	0	2	0
11028367	0	1	0
11052319	0	1	0
11063275	0	1	0
11091104	0	1	0
11107792	0	1	0
11116693	0	4	0
11122260	0	1	0
11123699	0	1	0
11135247	0	1	0
11170486	0	1	0
11174477	0	1	0
11177078	0	1	0
11190258	0	2	0
11208109	0	1	0
11219828	0	1	0
11259344	0	1	0
11264357	0	1	0
11321224	0	6	0
11328218	0	1	0
11328219	0	1	0
11328220	0	1	0
11335190	0	1	0
11346239	0	1	0
11353776	0	2	0
11370815	0	1	0
11380116	0	2	0
11404317	0	2	0
11405288	0	2	0
11412302	0	1	0
11433452	0	1	0
11461919	0	1	0
11469322	0	1	0
11503289	0	1	0
11531086	0	1	0
11535138	0	1	0
11588183	0	1	0
11594918	0	1	0
11627386	0	2	0
11629295	0	1	0
11654892	0	1	0
11716672	0	1	0
11753518	0	1	0
11759477	0	1	0
11775356	0	1	0
11775835	0	2	0
11779659	0	3	0
11795520	0	0	1
11798436	0	2	0
11820592	0	1	0
11834796	0	1	0
11836614	0	1	0
11838120	0	1	0
11865085	0	1	0
11895504	0	2	0
11905839	0	1	0
11914236	0	1	0
11921709	0	6	0
11925212	0	1	0
11931292	0	1	0
11934911	0	1	0
11938444	0	3	0
11961780	0	1	0
11964878	0	1	0
11966353	0	1	0
11977537	0	1	0
11990962	0	1	0
11998798	0	1	0
12016928	0	1	0
12029981	0	1	0
12042651	0	3	0
12046441	0	1	0
12053198	0	2	0
12058526	0	1	0
12069348	0	2	0
12073457	0	1	0
12113662	0	2	0
12113824	0	1	0
12123893	0	1	0
12135296	0	1	0
12138517	0	1	0
12168459	0	1	0
12173968	0	2	0
12178022	0	1	0
12195312	0	1	0
12202316	0	1	0
12232267	0	4	0
12236423	0	1	0
12259630	0	1	0
12265360	0	2	0
12269717	0	4	0
12279052	0	2	0
12289969	0	1	0
12295473	0	1	0
12323228	0	1	0
12413739	0	1	0
12430596	0	1	0
12431359	0	1	0
12443278	0	1	0
12445050	0	1	0
12449447	0	1	0
12456055	0	4	0
12457214	0	1	0
12463277	0	3	0
12463867	0	6	0
12466038	0	3	0
12469554	0	1	0
12472769	0	1	0
12481800	0	1	0
12514615	0	2	0
12536903	0	1	0
12538189	0	1	0
12546782	0	1	0
12575820	0	5	0
12607942	0	1	0
12615016	0	7	0
12633319	0	1	0
12634076	0	4	0
12640449	0	1	0
12640670	0	2	0
12656907	0	1	0
12684238	0	1	0
12686366	0	1	0
12694752	0	1	0
12700468	0	1	0
12705471	0	1	0
12717370	0	3	0
12730167	0	2	0
12734274	0	1	0
12735009	0	1	0
12735068	0	1	0
12738514	0	1	0
12744440	0	1	0
12746657	0	1	0
12755531	0	2	0
12755849	0	2	0
12758122	0	1	0
12782569	0	1	0
12782749	0	1	0
12812133	0	3	0
12812813	0	1	0
12832183	0	1	0
12844871	0	1	0
12862387	0	2	0
12886420	0	1	0
12919442	0	2	0
12925704	0	2	0
12942435	0	1	0
12947153	0	3	0
12948296	0	2	0
12951028	0	2	0
12955416	0	1	0
12957967	0	1	0
13003623	0	1	0
13030091	0	4	0
13031015	0	2	0
13035907	0	2	0
13038539	0	1	0
13047111	0	3	0
13055615	0	1	0
13067329	0	2	0
13071965	0	1	0
13073764	0	1	0
13084317	0	2	0
13089788	0	1	0
13092629	0	1	0
13097766	0	1	0
13097927	0	1	0
13101325	0	1	0
13109464	0	1	0
13132009	0	4	0
13162086	0	1	0
13168524	0	1	0
13175787	0	1	0
13175977	0	1	0
13180523	0	3	0
13190148	0	1	0
13204691	0	5	0
13204692	0	2	0
13215134	0	2	0
13218918	0	1	0
13222312	0	1	0
13249851	0	1	0
13256768	0	1	0
13271256	0	1	0
13280056	0	2	0
13283215	0	3	0
13288305	0	0	1
13288352	0	1	0
13289230	0	1	0
13293770	0	1	0
13297490	0	2	0
13315474	0	6	0
13344965	0	1	0
13352537	0	1	0
13363187	0	1	0
13371839	0	1	0
13373310	0	3	0
13385610	0	1	0
13391535	0	1	0
13395993	0	1	0
13420632	0	1	0
13426301	0	1	0
13435585	0	1	0
13438441	0	1	0
13453474	0	1	0
13461807	0	1	0
13462407	0	1	0
13493822	0	1	0
13505951	0	1	0
13506933	0	2	0
13512549	0	1	0
13543602	0	2	0
13553219	0	1	0
13557907	0	2	0
13560687	0	1	0
13563261	0	0	1
13600426	0	1	0
13627454	0	1	0
13645732	0	1	0
13661432	0	1	0
13670977	0	2	0
13697399	0	1	0
13718268	0	4	0
13736421	0	1	0
13743318	0	3	0
13756250	0	1	0
13761634	0	3	0
13762434	0	1	0
13786190	0	2	0
13809553	0	2	0
13821335	0	0	1
13821510	0	1	0
13824919	0	2	0
13846717	0	1	0
13850008	0	1	0
13850841	0	4	0
13881695	0	1	0
13884283	0	1	0
13888439	0	1	0
13895259	0	1	0
13896233	0	1	0
13897668	0	3	0
13899005	0	1	0
13905519	0	1	0
13923651	0	7	0
13926056	0	1	0
13931776	0	2	0
13956023	0	1	0
14003572	0	2	0
14024586	0	1	0
14040650	0	2	0
14083292	0	5	0
14084492	0	2	0
14098622	0	3	0
14149444	0	3	0
14151494	0	1	0
14152804	0	1	0
14174594	0	4	0
14179653	0	1	0
14187814	0	1	0
14187933	0	1	0
14190583	0	1	0
14192253	0	1	0
14205168	0	1	0
14212155	0	6	0
14213799	0	1	0
14220561	0	1	0
14229445	0	2	0
14239022	0	1	0
14253111	0	1	0
14266826	0	1	0
14279504	0	1	0
14279990	0	1	0
14284438	0	3	0
14286560	0	2	0
14290949	0	1	0
14292273	0	1	0
14294173	0	1	0
14294356	0	1	0
14310730	0	3	0
14325112	0	0	1
14339102	0	3	0
14416771	0	1	0
14421216	0	2	0
14440312	0	3	0
14457395	0	1	0
14466463	0	1	0
14468783	0	4	0
14469043	0	4	0
14469351	0	1	0
14481123	0	1	0
14490334	0	3	0
14498038	0	1	0
14498982	0	1	0
14507841	0	1	0
14527622	0	1	0
14534285	0	1	0
14537303	0	1	0
14542096	0	1	0
14557761	0	1	0
14565328	0	1	0
14590975	0	1	0
14627570	0	1	0
14661380	0	4	0
14667304	0	1	0
14681797	0	4	0
14698767	0	1	0
14712879	0	8	0
14728239	0	1	0
14748341	0	2	0
14758964	0	1	0
14783056	0	1	0
14791924	0	1	0
14795894	0	1	0
14809974	0	1	0
14840930	0	4	0
14841157	0	1	0
14842919	0	2	0
14896285	0	1	0
14963395	0	6	0
14965091	0	1	0
14977376	0	1	0
14998172	0	1	0
15026478	0	1	0
15059358	0	5	0
15064412	0	1	0
15064914	0	6	0
15070824	0	1	0
15071292	0	1	0
15085930	0	1	0
15087927	0	9	0
15102852	0	1	0
15130167	0	1	0
15130709	0	1	0
15144237	0	1	0
15167664	0	2	0
15170620	0	1	0
15183703	0	3	0
15206712	0	1	0
15216671	0	9	0
15221749	0	1	0
15245750	0	1	0
15279363	0	1	0
15283409	0	1	0
15286379	0	1	0
15290669	0	1	0
15333728	0	2	0
15345048	0	2	0
15356580	0	2	0
15360071	0	5	0
15363426	0	1	0
15363888	0	1	0
15363900	0	2	0
15374645	0	2	0
15405615	0	5	0
15427808	0	1	0
15431585	0	1	0
15448792	0	1	0
15460132	0	3	0
15460535	0	3	0
15473889	0	1	0
15497251	0	1	0
15501549	0	1	0
15520588	0	1	0
15521339	0	2	0
15528242	0	1	0
15563364	0	2	0
15569980	0	2	0
15577209	0	1	0
15578797	0	1	0
15588000	0	1	0
15600597	0	2	0
15618813	0	2	0
15619778	0	1	0
15626294	0	1	0
15651156	0	1	0
15665062	0	1	0
15705157	0	1	0
15714713	0	1	0
15754610	0	2	0
15754895	0	1	0
15769563	0	1	0
15784005	0	1	0
15799107	0	2	0
15815212	0	6	0
15841375	0	1	0
15861048	0	2	0
15862338	0	2	0
15911410	0	1	0
15925254	0	2	0
15932404	0	1	0
15933518	0	1	0
15956217	0	1	0
15983024	0	1	0
15996528	0	0	1
16015072	0	2	0
16034021	0	3	0
16046608	0	1	0
16063202	0	1	0
16063582	0	1	0
16075046	0	1	0
16107105	0	1	0
16122099	0	2	0
16159355	0	3	0
16180784	0	1	0
16182746	0	1	0
16224340	0	1	0
16248196	0	1	0
16263861	0	1	0
16289413	0	1	0
16301015	0	3	0
16301419	0	2	0
16327059	0	2	0
16330465	0	1	0
16360565	0	1	0
16363895	0	2	0
16374179	0	1	0
16391000	0	1	0
16393077	0	1	0
16407821	0	1	0
16426587	0	0	1
16428923	0	1	0
16429278	0	1	0
16438268	0	1	0
16482508	0	1	0
16483515	0	3	0
16500460	0	1	0
16503401	0	1	0
16506584	0	8	0
16516557	0	1	0
16537597	0	2	0
16538656	0	1	0
16549589	0	1	0
16586499	0	1	0
16597569	0	1	0
16602486	0	1	0
16627248	0	1	0
16653309	0	3	0
16656688	0	1	0
16658942	0	1	0
16663778	0	1	0
16683947	0	1	0
16689773	0	1	0
16714777	0	1	0
16744840	0	1	0
16769591	0	1	0
16770388	0	2	0
16799338	0	1	0
16807637	0	2	0
16812331	0	5	0
16822117	0	1	0
16824225	0	2	0
16825167	0	1	0
16835282	0	3	0
16843776	0	1	0
16844968	0	3	0
16890705	0	1	0
16897035	0	1	0
16897883	0	1	0
16900567	0	1	0
16901276	0	2	0
16925477	0	3	0
16928733	0	1	0
16937942	0	1	0
16945464	0	1	0
17008841	0	1	0
17027435	0	1	0
17030866	0	1	0
17035766	0	1	0
17047118	0	1	0
17055192	0	1	0
17071593	0	1	0
17076164	0	6	0
17078295	0	1	0
17103630	0	1	0
17108706	0	1	0
17108881	0	1	0
17109767	0	1	0
17115761	0	1	0
17116229	0	1	0
17120016	0	6	0
17121972	0	1	0
17131365	0	1	0
17178811	0	1	0
17212228	0	1	0
17212954	0	1	0
17217904	0	3	0
17224687	0	1	0
17229718	0	1	0
17236473	0	5	0
17253632	0	1	0
17263510	0	0	1
17264262	0	3	0
17264398	0	1	0
17264474	0	1	0
17266043	0	1	0
17270930	0	1	0
17273118	0	1	0
17283295	0	1	0
17289461	0	1	0
17301569	0	1	0
17308958	0	1	0
17328014	0	1	0
17336999	0	1	0
17341126	0	2	0
17345681	0	6	0
17348248	0	1	0
17349405	0	1	0
17361201	0	2	0
17361271	0	3	0
17375947	0	1	0
17435583	0	1	0
17437184	0	2	0
17454418	0	1	0
17457431	0	1	0
17465955	0	6	0
17481764	0	1	0
17482967	0	1	0
17498807	0	2	0
17505370	0	1	0
17508718	0	1	0
17518802	0	1	0
17518810	0	2	0
17522085	0	3	0
17532220	0	3	0
17538286	0	1	0
17539694	0	1	0
17551045	0	1	0
17556566	0	1	0
17572460	0	7	0
17587504	0	1	0
17605674	0	1	0
17610309	0	1	0
17638788	0	1	0
17644359	0	1	0
17664888	0	1	0
17688150	0	4	0
17707448	0	1	0
17708654	0	4	0
17734423	0	1	0
17735746	0	1	0
17771063	0	1	0
17774829	0	1	0
17789052	0	4	0
17795374	0	2	0
17824793	0	5	0
17827833	0	1	0
17830950	0	1	0
17850859	0	3	0
17867572	0	1	0
17887161	0	1	0
17899915	0	1	0
17905239	0	2	0
17907381	0	2	0
17917547	0	1	0
17928871	0	1	0
17931391	0	4	0
17943127	0	1	0
17963378	0	2	0
17973340	0	1	0
17983315	0	1	0
17988662	0	1	0
17991762	0	1	0
18013606	0	3	0
18022666	0	1	0
18041392	0	1	0
18068795	0	1	0
18069161	0	1	0
18078120	0	2	0
18096100	0	1	0
18102866	0	1	0
18108176	0	1	0
18113239	0	2	0
18119223	0	1	0
18120639	0	1	0
18122127	0	1	0
18133100	0	1	0
18149920	0	2	0
18185903	0	1	0
18186967	0	1	0
18202455	0	5	0
18206384	0	1	0
18206764	0	2	0
18216233	0	1	0
18245227	0	1	0
18248139	0	1	0
18253740	0	1	0
18342130	0	3	0
18349435	0	1	0
18374387	0	1	0
18379881	0	9	0
18381351	0	1	0
18388540	0	1	0
18395604	0	1	0
18415592	0	3	0
18416766	0	1	0
18429714	0	1	0
18447382	0	1	0
18471833	0	1	0
18476558	0	1	0
18499547	0	1	0
18541494	0	0	1
18573389	0	2	0
18583678	0	1	0
18593778	0	1	0
18612003	0	4	0
18632165	0	1	0
18647482	0	1	0
18652068	0	2	0
18653513	0	1	0
18659116	0	1	0
18664837	0	1	0
18666660	0	1	0
18685944	0	1	0
18687733	0	1	0
18693364	0	1	0
18696901	0	1	0
18708412	0	5	0
18753865	0	1	0
18763778	0	1	0
18778190	0	0	1
18778369	0	2	0
18804342	0	1	0
18816099	0	1	0
18834291	0	6	0
18837719	0	3	0
18873334	0	2	0
18888599	0	1	0
18900384	0	1	0
18932394	0	1	0
18932710	0	1	0
18937294	0	1	0
18955365	0	1	0
18960223	0	1	0
18964255	0	3	0
18980415	0	4	0
18985704	0	3	0
19029882	0	1	0
19041694	0	1	0
19082641	0	2	0
19093157	0	1	0
19108718	0	1	0
19117807	0	1	0
19128976	0	1	0
19152512	0	1	0
19187202	0	3	0
19211089	0	2	0
19216712	0	1	0
19221350	0	2	0
19225178	0	1	0
19225179	0	1	0
19225363	0	2	0
19225390	0	1	0
19225391	0	1	0
19225397	0	1	0
19225407	0	1	0
19249055	0	2	0
19266816	0	1	0
19279129	0	3	0
19286412	0	1	0
19288000	0	1	0
19290506	0	3	0
19306665	0	1	0
19316641	0	1	0
19343790	0	1	0
19355460	0	1	0
19381515	0	2	0
19387512	0	1	0
19436412	0	2	0
19438733	0	1	0
19475819	0	2	0
19497937	0	1	0
19528095	0	1	0
19529441	0	1	0
19529570	0	1	0
19543011	0	1	0
19543758	0	0	1
19544145	0	6	0
19555190	0	1	0
19576881	0	1	0
19582316	0	1	0
19585268	0	1	0
19608617	0	2	0
19608640	0	2	0
19629066	0	1	0
19631469	0	1	0
19634339	0	1	0
19658529	0	0	1
19669466	0	1	0
19673976	0	1	0
19677004	0	3	0
19678049	0	1	0
19681885	0	3	0
19722626	0	1	0
19730429	0	1	0
19730474	0	1	0
19733400	0	2	0
19757737	0	1	0
19761730	0	3	0
19769062	0	2	0
19769691	0	1	0
19769944	0	1	0
19770342	0	1	0
19781359	0	1	0
19784843	0	1	0
19785617	0	3	0
19793801	0	4	0
19812084	0	2	0
19817345	0	1	0
19817483	0	1	0
19822930	0	1	0
19835250	0	1	0
19848591	0	1	0
19858757	0	1	0
19870769	0	1	0
19880987	0	3	0
19909082	0	1	0
19914073	0	1	0
19925305	0	1	0
19943527	0	1	0
19962977	0	7	0
19963499	0	1	0
19973253	0	1	0
20007090	0	1	0
20027777	0	2	0
20037354	0	1	0
20052787	0	0	1
20056855	0	1	0
20076100	0	0	1
20131185	0	2	0
20145038	0	1	0
20145609	0	1	0
20162214	0	1	0
20181863	0	2	0
20221738	0	4	0
20229675	0	1	0
20237266	0	1	0
20247529	0	2	0
20264654	0	3	0
20264703	0	1	0
20270920	0	1	0
20290515	0	2	0
20310429	0	1	0
20323547	0	2	0
20323554	0	2	0
20356091	0	1	0
20357695	0	1	0
20365741	0	8	0
20367941	0	1	0
20372066	0	1	0
20391063	0	1	0
20392374	0	1	0
20439464	0	6	0
20449290	0	2	0
20475219	0	1	0
20484531	0	1	0
20490418	0	1	0
20498822	0	1	0
20527451	0	1	0
20546767	0	1	0
20583139	0	1	0
20606050	0	1	0
20614059	0	1	0
20678359	0	1	0
20693693	0	1	0
20701723	0	1	0
20704924	0	1	0
20713720	0	5	0
20730913	0	6	0
20767099	0	1	0
20772189	0	1	0
20778354	0	1	0
20809751	0	1	0
20813710	0	1	0
20834346	0	1	0
20839133	0	1	0
20852122	0	1	0
20855036	0	1	0
20862832	0	1	0
20872695	0	3	0
20874545	0	1	0
20877307	0	1	0
20897114	0	1	0
20911069	0	3	0
20941089	0	3	0
20953123	0	1	0
20957434	0	4	0
20977854	0	1	0
20988544	0	1	0
20988826	0	10	0
21011683	0	1	0
21017873	0	1	0
21030372	0	1	0
21031278	0	1	0
21043144	0	4	0
21052072	0	1	0
21069370	0	1	0
21132309	0	2	0
21133169	0	7	0
21144918	0	1	0
21152511	0	1	0
21171051	0	1	0
21181142	0	4	0
21234081	0	1	0
21277979	0	1	0
21310487	0	1	0
21321109	0	1	0
21328802	0	4	0
21358326	0	1	0
21376242	0	1	0
21387712	0	1	0
21415150	0	1	0
21416681	0	4	0
21428892	0	1	0
21444230	0	1	0
21449611	0	1	0
21459523	0	2	0
21459526	0	1	0
21459527	0	1	0
21464181	0	1	0
21468306	0	2	0
21484232	0	1	0
21489189	0	1	0
21496823	0	1	0
21530306	0	1	0
21546727	0	1	0
21546987	0	2	0
21549543	0	1	0
21550058	0	1	0
21564880	0	1	0
21601272	0	1	0
21612696	0	2	0
21631130	0	1	0
21634449	0	0	1
21648972	0	1	0
21649344	0	3	0
21689874	0	1	0
21725124	0	1	0
21734644	0	1	0
21758981	0	1	0
21767029	0	1	0
21770479	0	1	0
21772460	0	1	0
21789138	0	1	0
21789199	0	3	0
21816457	0	1	0
21819408	0	1	0
21822124	0	1	0
21830878	0	1	0
21832498	0	1	0
21869705	0	1	0
21909938	0	1	0
21936122	0	1	0
21939956	0	1	0
21960795	0	2	0
21984871	0	1	0
22034436	0	1	0
22041430	0	2	0
22047519	0	2	0
22079086	0	1	0
22099098	0	1	0
22106063	0	1	0
22119874	0	3	0
22122213	0	1	0
22131151	0	1	0
22180780	0	2	0
22214028	0	1	0
22228313	0	2	0
22285665	0	1	0
22288485	0	5	0
22296695	0	3	0
22304462	0	1	0
22308130	0	1	0
22308781	0	2	0
22328130	0	3	0
22359900	0	1	0
22379266	0	1	0
22390749	0	1	0
22391656	0	2	0
22392038	0	4	0
22447718	0	1	0
22450331	0	1	0
22454815	0	6	0
22464101	0	1	0
22469096	0	2	0
22476824	0	1	0
22490919	0	2	0
22496720	0	2	0
22516545	0	1	0
22520828	0	2	0
22540876	0	1	0
22543765	0	1	0
22546564	0	3	0
22547762	0	1	0
22548223	0	1	0
22554899	0	3	0
22577166	0	1	0
22581156	0	1	0
22610998	0	1	0
22612054	0	1	0
22616197	0	1	0
22630304	0	1	0
22647584	0	1	0
22673166	0	1	0
22707060	0	1	0
22709178	0	0	1
22713504	0	1	0
22732953	0	1	0
22744435	0	1	0
22759027	0	1	0
22773976	0	2	0
22774119	0	1	0
22798584	0	1	0
22811834	0	2	0
22829542	0	3	0
22861368	0	3	0
22863700	0	1	0
22882151	0	1	0
22895265	0	3	0
22925287	0	1	0
22949639	0	1	0
22978811	0	1	0
22981890	0	1	0
23010080	0	0	1
23021941	0	3	0
23027881	0	1	0
23037707	0	1	0
23042234	0	1	0
23076398	0	1	0
23102158	0	1	0
23116996	0	1	0
23139346	0	1	0
23145799	0	1	0
23148326	0	1	0
23161825	0	1	0
23163192	0	1	0
23163398	0	1	0
23182958	0	2	0
23194975	0	2	0
23195249	0	1	0
23234040	0	5	0
23263250	0	1	0
23268645	0	2	0
23286727	0	1	0
23287665	0	0	1
23289613	0	1	0
23307435	0	3	0
23346973	0	1	0
23373437	0	1	0
23382037	0	1	0
23407144	0	2	0
23414505	0	1	0
23416212	0	1	0
23428621	0	2	0
23437228	0	2	0
23440274	0	1	0
23497825	0	2	0
23507964	0	1	0
23515989	0	1	0
23537013	0	2	0
23572291	0	1	0
23574389	0	1	0
23577112	0	2	0
23583401	0	4	0
23596144	0	1	0
23613829	0	3	0
23641036	0	1	0
23658145	0	1	0
23683609	0	1	0
23691624	0	1	0
23719367	0	1	0
23722571	0	1	0
23736766	0	1	0
23742420	0	3	0
23773168	0	4	0
23776384	0	2	0
23803984	0	1	0
23806363	0	1	0
23825844	0	2	0
23840340	0	1	0
23861378	0	5	0
23865435	0	2	0
23872780	0	3	0
23878902	0	4	0
23879877	0	2	0
23906792	0	1	0
23986683	0	1	0
23986784	0	1	0
23994147	0	1	0
23999925	0	1	0
24019235	0	2	0
24021346	0	1	0
24029375	0	1	0
24043699	0	1	0
24055967	0	1	0
24059986	0	1	0
24071426	0	2	0
24078640	0	1	0
24086597	0	1	0
24100409	0	1	0
24112209	0	2	0
24113241	0	1	0
24113846	0	1	0
24123596	0	1	0
24136484	0	1	0
24146799	0	1	0
24178167	0	3	0
24211477	0	1	0
24211788	0	2	0
24232823	0	2	0
24256599	0	2	0
24263319	0	1	0
24279966	0	1	0
24283161	0	1	0
24294327	0	1	0
24304207	0	1	0
24317840	0	1	0
24340815	0	1	0
24349234	0	1	0
24364796	0	1	0
24392326	0	2	0
24408999	0	1	0
24413722	0	1	0
24419198	0	3	0
24422227	0	3	0
24451300	0	3	0
24469933	0	6	0
24478881	0	1	0
24485271	0	1	0
24486371	0	1	0
24486591	0	3	0
24506782	0	1	0
24512807	0	1	0
24524100	0	8	0
24537183	0	1	0
24544233	0	1	0
24544947	0	1	0
24544949	0	2	0
24552221	0	1	0
24566002	0	1	0
24579807	0	1	0
24591628	0	1	0
24606248	0	1	0
24660296	0	1	0
24675666	0	7	0
24701935	0	1	0
24713069	0	1	0
24716139	0	3	0
24716634	0	1	0
24729114	0	3	0
24730767	0	1	0
24814888	0	6	0
24841701	0	1	0
24869295	0	3	0
24869297	0	1	0
24900438	0	1	0
24906180	0	1	0
24912270	0	4	0
24916200	0	1	0
24930765	0	2	0
24933890	0	2	0
24943267	0	1	0
24945193	0	3	0
24962287	0	4	0
24968314	0	1	0
24980911	0	1	0
24988025	0	1	0
24997104	0	1	0
25037808	0	1	0
25059671	0	1	0
25061402	0	1	0
25067974	0	2	0
25073630	0	3	0
25094465	0	1	0
25105035	0	1	0
25135554	0	3	0
25138754	0	5	0
25141205	0	1	0
25194264	0	1	0
25201705	0	0	1
25244844	0	1	0
25245687	0	1	0
25276657	0	1	0
25287767	0	2	0
25292214	0	2	0
25292462	0	2	0
25309797	0	1	0
25313115	0	3	0
25338142	0	1	0
25346200	0	1	0
25400088	0	1	0
25422431	0	1	0
25439397	0	2	0
25446963	0	1	0
25455123	0	1	0
25457001	0	2	0
25467283	0	1	0
25467335	0	1	0
25495480	0	1	0
25499001	0	3	0
25523854	0	1	0
25528737	0	1	0
25534646	0	1	0
25541640	0	1	0
25544040	0	1	0
25570098	0	3	0
25593948	0	2	0
25604516	0	1	0
25616732	0	1	0
25628523	0	1	0
25628642	0	1	0
25633635	0	1	0
25634882	0	1	0
25667628	0	1	0
25675819	0	2	0
25678151	0	1	0
25721263	0	2	0
25738753	0	1	0
25754015	0	1	0
25758130	0	0	1
25772756	0	1	0
25812023	0	1	0
25813109	0	5	0
25845223	0	1	0
25845278	0	1	0
25858104	0	1	0
25859552	0	1	0
25896196	0	1	0
25901898	0	1	0
25902760	0	1	0
25906993	0	1	0
25918033	0	1	0
25939089	0	1	0
25944226	0	1	0
25944263	0	1	0
25952842	0	1	0
25997054	0	2	0
25998453	0	1	0
26002567	0	1	0
26042843	0	1	0
26044933	0	1	0
26049028	0	1	0
26075739	0	1	0
26084364	0	2	0
26085346	0	1	0
26087210	0	1	0
26127701	0	1	0
26140183	0	3	0
26144033	0	1	0
26164554	0	1	0
26194446	0	1	0
26230724	0	1	0
26232658	0	1	0
26233661	0	1	0
26235802	0	1	0
26236697	0	1	0
26248906	0	2	0
26251031	0	1	0
26273257	0	1	0
26278751	0	1	0
26282836	0	1	0
26302134	0	1	0
26318330	0	2	0
26334139	0	3	0
26388686	0	1	0
26390499	0	1	0
26390529	0	2	0
26447295	0	2	0
26454868	0	1	0
26460861	0	1	0
26462336	0	1	0
26465233	0	1	0
26467551	0	3	0
26478560	0	4	0
26493364	0	1	0
26493884	0	1	0
26512371	0	1	0
26522840	0	1	0
26523942	0	2	0
26524238	0	7	0
26526790	0	1	0
26576764	0	2	0
26589605	0	2	0
26602453	0	2	0
26615532	0	2	0
26616130	0	2	0
26651257	0	1	0
26665730	0	1	0
26716786	0	3	0
26762510	0	1	0
26766227	0	1	0
26768441	0	3	0
26773587	0	1	0
26803160	0	1	0
26842377	0	1	0
26856986	0	1	0
26881570	0	0	1
26885401	0	2	0
26891650	0	1	0
26892375	0	1	0
26925315	0	2	0
26973592	0	2	0
26983267	0	1	0
26983523	0	1	0
26993497	0	1	0
27023141	0	1	0
27024987	0	2	0
27051411	0	1	0
27053845	0	1	0
27060187	0	1	0
27064919	0	1	0
27075107	0	1	0
27083862	0	2	0
27091095	0	1	0
27097164	0	3	0
27098116	0	1	0
27109679	0	3	0
27114143	0	1	0
27145555	0	2	0
27145620	0	1	0
27152038	0	1	0
27158387	0	1	0
27166567	0	1	0
27175175	0	1	0
27182565	0	1	0
27183967	0	1	0
27187642	0	1	0
27196021	0	1	0
27257017	0	1	0
27266437	0	1	0
27282833	0	1	0
27373485	0	1	0
27375033	0	1	0
27400566	0	1	0
27410337	0	1	0
27414632	0	1	0
27419891	0	2	0
27425928	0	4	0
27439949	0	1	0
27458628	0	1	0
27466198	0	4	0
27471258	0	2	0
27487425	0	1	0
27495971	0	1	0
27506917	0	1	0
27543548	0	1	0
27555024	0	2	0
27575822	0	1	0
27579320	0	1	0
27581028	0	1	0
27581052	0	1	0
27614328	0	2	0
27640218	0	2	0
27646179	0	1	0
27707029	0	1	0
27720842	0	1	0
27724146	0	1	0
27745218	0	1	0
27760686	0	1	0
27777461	0	1	0
27786596	0	1	0
27797559	0	1	0
27812348	0	6	0
27819531	0	1	0
27828938	0	2	0
27839176	0	2	0
27846412	0	1	0
27879599	0	1	0
27893152	0	1	0
27897853	0	1	0
27900743	0	1	0
27905968	0	1	0
27909086	0	2	0
27918371	0	1	0
27929569	0	2	0
27940350	0	1	0
27951794	0	1	0
27954927	0	1	0
27959839	0	1	0
27977319	0	4	0
28001083	0	1	0
28006964	0	1	0
28026911	0	5	0
28052036	0	1	0
28056439	0	3	0
28070111	0	1	0
28121245	0	1	0
28125532	0	1	0
28140550	0	1	0
28160983	0	1	0
28190394	0	2	0
28208196	0	1	0
28209936	0	2	0
28235999	0	1	0
28324544	0	1	0
28324985	0	1	0
28354215	0	2	0
28372925	0	1	0
28374872	0	6	0
28393379	0	1	0
28400129	0	3	0
28406841	0	1	0
28420294	0	3	0
28434178	0	1	0
28458669	0	3	0
28485270	0	2	0
28507352	0	1	0
28516767	0	1	0
28552087	0	1	0
28558142	0	1	0
28571253	0	5	0
28589582	0	1	0
28617740	0	1	0
28618930	0	1	0
28625025	0	3	0
28650909	0	1	0
28705180	0	1	0
28715457	0	1	0
28720431	0	2	0
28723956	0	1	0
28726710	0	1	0
28743069	0	3	0
28773926	0	2	0
28814137	0	2	0
28841877	0	1	0
28849465	0	1	0
28855263	0	1	0
28860947	0	2	0
28904107	0	1	0
28916426	0	1	0
28939904	0	1	0
28941883	0	1	0
28941985	0	3	0
28943974	0	1	0
28962290	0	1	0
28995692	0	4	0
29005678	0	1	0
29022719	0	1	0
29032956	0	1	0
29068985	0	2	0
29087075	0	3	0
29088893	0	2	0
29105965	0	0	1
29130270	0	1	0
29132047	0	1	0
29133562	0	2	0
29138684	0	1	0
29151993	0	3	0
29153178	0	2	0
29163279	0	1	0
29168821	0	1	0
29176777	0	0	1
29181077	0	2	0
29184858	0	1	0
29193233	0	1	0
29194879	0	1	0
29201984	0	2	0
29212594	0	1	0
29232245	0	1	0
29242343	0	1	0
29248391	0	1	0
29249528	0	1	0
29253641	0	2	0
29284522	0	2	0
29297888	0	1	0
29300449	0	1	0
29303521	0	1	0
29323672	0	1	0
29328492	0	1	0
29346041	0	3	0
29356435	0	1	0
29392015	0	1	0
29392506	0	1	0
29439881	0	1	0
29474768	0	1	0
29495733	0	1	0
29497136	0	1	0
29525773	0	5	0
29559553	0	2	0
29563184	0	1	0
29574207	0	1	0
29582820	0	1	0
29612977	0	3	0
29619591	0	1	0
29623725	0	1	0
29633834	0	1	0
29644444	0	1	0
29662159	0	1	0
29670211	0	3	0
29705333	0	1	0
29717533	0	1	0
29717977	0	1	0
29724116	0	1	0
29734841	0	4	0
29741172	0	1	0
29743820	0	2	0
29786378	0	3	0
29810453	0	1	0
29828609	0	1	0
29853834	0	1	0
29855190	0	1	0
29856176	0	1	0
29863983	0	1	0
29889436	0	1	0
29893631	0	2	0
29912137	0	1	0
29970926	0	1	0
29971072	0	2	0
30017169	0	0	1
30052004	0	1	0
30066916	0	1	0
30067349	0	1	0
30086005	0	2	0
30148354	0	2	0
30149269	0	2	0
30150159	0	1	0
30152559	0	1	0
30176258	0	2	0
30197770	0	1	0
30211440	0	2	0
30230121	0	0	1
30234254	0	1	0
30237279	0	1	0
30276630	0	1	0
30278502	0	1	0
30313901	0	1	0
30327989	0	1	0
30352571	0	1	0
30363876	0	1	0
30370007	0	1	0
30381751	0	5	0
30386985	0	1	0
30387665	0	4	0
30388141	0	6	0
30388765	0	1	0
30395608	0	1	0
30398978	0	3	0
30419212	0	1	0
30454469	0	1	0
30454647	0	1	0
30463575	0	1	0
30487454	0	2	0
30507828	0	1	0
30542870	0	1	0
30554073	0	2	0
30554662	0	4	0
30556729	0	1	0
30564888	0	1	0
30578936	0	1	0
30592636	0	1	0
30599280	0	1	0
30600695	0	2	0
30601956	0	4	0
30613785	0	2	0
30614611	0	1	0
30617177	0	3	0
30619412	0	1	0
30648154	0	1	0
30688531	0	1	0
30693310	0	1	0
30696483	0	1	0
30703510	0	3	0
30709656	0	0	1
30719940	0	1	0
30733599	0	3	0
30745596	0	1	0
30754215	0	1	0
30758538	0	1	0
30817522	0	1	0
30821320	0	2	0
30826135	0	1	0
30911258	0	1	0
30952245	0	1	0
30952771	0	1	0
30962543	0	3	0
30968651	0	1	0
30986889	0	1	0
30987038	0	1	0
30987914	0	2	0
30994717	0	1	0
30998776	0	1	0
31018256	0	1	0
31022488	0	1	0
31027731	0	1	0
31045304	0	1	0
31048777	0	2	0
31051998	0	1	0
31074232	0	1	0
31100340	0	9	0
31102493	0	1	0
31151229	0	3	0
31170072	0	2	0
31174694	0	1	0
31177362	0	1	0
31183999	0	3	0
31195355	0	1	0
31199514	0	4	0
31204655	0	1	0
31227727	0	1	0
31230445	0	1	0
31258114	0	1	0
31275841	0	1	0
31293463	0	1	0
31303657	0	2	0
31312080	0	2	0
31328610	0	1	0
31376495	0	1	0
31406563	0	1	0
31418412	0	1	0
31426632	0	1	0
31426712	0	2	0
31445840	0	6	0
31485740	0	1	0
31492737	0	2	0
31497365	0	1	0
31508971	0	1	0
31524041	0	1	0
31540077	0	1	0
31561889	0	1	0
31597240	0	1	0
31603114	0	2	0
31605928	0	1	0
31630661	0	1	0
31632346	0	1	0
31638218	0	2	0
31652168	0	2	0
31656177	0	2	0
31662804	0	1	0
31732313	0	2	0
31741291	0	1	0
31756466	0	0	1
31757853	0	1	0
31763728	0	1	0
31774183	0	1	0
31794036	0	1	0
31835472	0	1	0
31854521	0	1	0
31861853	0	1	0
31865379	0	0	1
31880073	0	2	0
31883400	0	1	0
31906940	0	1	0
31991864	0	1	0
32024239	0	1	0
32045514	0	2	0
32084421	0	2	0
32103528	0	2	0
32104278	0	1	0
32120759	0	1	0
32129867	0	5	0
32130361	0	1	0
32146095	0	3	0
32165550	0	2	0
32180462	0	1	0
32189082	0	1	0
32192263	0	4	0
32202749	0	1	0
32225679	0	1	0
32263275	0	1	0
32307791	0	1	0
32312884	0	2	0
32315525	0	1	0
32330232	0	3	0
32333780	0	1	0
32347095	0	1	0
32352775	0	2	0
32361071	0	1	0
32398823	0	2	0
32402104	0	1	0
32402684	0	2	0
32416529	0	1	0
32423819	0	1	0
32467717	0	2	0
32470767	0	1	0
32520503	0	1	0
32523432	0	1	0
32540742	0	1	0
32548270	0	2	0
32568795	0	3	0
32572780	0	3	0
32579901	0	1	0
32582015	0	3	0
32582838	0	2	0
32605077	0	1	0
32635827	0	2	0
32653140	0	4	0
32701287	0	1	0
32756494	0	2	0
32801892	0	1	0
32839411	0	3	0
32840328	0	1	0
32842706	0	4	0
32854568	0	1	0
32860762	0	1	0
32861149	0	0	1
32870857	0	0	2
32885539	0	1	0
32894036	0	1	0
32926611	0	1	0
32941446	0	2	0
32956205	0	1	0
32956401	0	3	0
32957270	0	1	0
32965128	0	3	0
32976544	0	1	0
32986579	0	1	0
32997143	0	1	0
32997403	0	1	0
33003501	0	1	0
33005072	0	1	0
33005881	0	1	0
33008118	0	1	0
33039115	0	1	0
33040599	0	1	0
33043359	0	2	0
33058646	0	1	0
33107589	0	2	0
33119403	0	1	0
33140694	0	1	0
33141710	0	1	0
33147186	0	2	0
33169522	0	2	0
33204333	0	1	0
33252809	0	1	0
33260116	0	1	0
33263115	0	0	1
33271839	0	2	0
33275678	0	2	0
33293199	0	1	0
33298463	0	1	0
33314667	0	3	0
33362322	0	1	0
33371936	0	1	0
33391060	0	2	0
33401582	0	2	0
33403005	0	1	0
33415588	0	2	0
33430807	0	0	1
33449472	0	1	0
33454523	0	1	0
33458337	0	1	0
33482574	0	2	0
33506249	0	2	0
33517091	0	1	0
33517251	0	2	0
33525262	0	1	0
33534078	0	4	0
33561346	0	1	0
33562933	0	1	0
33565458	0	1	0
33565728	0	1	0
33572527	0	1	0
33647939	0	1	0
33648670	0	2	0
33658890	0	2	0
33669990	0	1	0
33680757	0	1	0
33703477	0	2	0
33720982	0	3	0
33723663	0	4	0
33736406	0	1	0
33759817	0	1	0
33777019	0	1	0
33800924	0	1	0
33810510	0	1	0
33811556	0	1	0
33812863	0	1	0
33823092	0	1	0
33841622	0	1	0
33853838	0	1	0
33861955	0	3	0
33879354	0	1	0
33884105	0	1	0
33925894	0	2	0
33932060	0	1	0
33933447	0	1	0
33957833	0	1	0
33960311	0	1	0
33962789	0	2	0
33969483	0	1	0
33980461	0	1	0
33985744	0	1	0
33989349	0	1	0
34022681	0	1	0
34036021	0	3	0
34040737	0	1	0
34059882	0	2	0
34092142	0	1	0
34097513	0	2	0
34127734	0	1	0
34144680	0	1	0
34164793	0	2	0
34176319	0	1	0
34201884	0	2	0
34203421	0	1	0
34209691	0	1	0
34210351	0	1	0
34232710	0	1	0
34242455	0	3	0
34268324	0	1	0
34292541	0	1	0
34310736	0	4	0
34311509	0	2	0
34349773	0	1	0
34369764	0	2	0
34374602	0	1	0
34410328	0	1	0
34416160	0	1	0
34420763	0	1	0
34457049	0	1	0
34469764	0	1	0
34473652	0	2	0
34482460	0	3	0
34488238	0	1	0
34505677	0	1	0
34516701	0	4	0
34533758	0	1	0
34544919	0	1	0
34556343	0	2	0
34658549	0	1	0
34685120	0	4	0
34726021	0	1	0
34730730	0	0	1
34735667	0	1	0
34750869	0	1	0
34751283	0	1	0
34776925	0	1	0
34777336	0	2	0
34788518	0	1	0
34789450	0	1	0
34789529	0	1	0
34813007	0	1	0
34817638	0	2	0
34832113	0	2	0
34876228	0	1	0
34902873	0	1	0
34908453	0	1	0
34927372	0	5	0
34942118	0	2	0
34954457	0	1	0
34976785	0	1	0
34984700	0	1	0
34988034	0	3	0
34989022	0	2	0
34995265	0	1	0
35002159	0	1	0
35035563	0	1	0
35053701	0	2	0
35084129	0	1	0
35093626	0	1	0
35100944	0	1	0
35102559	0	1	0
35132145	0	1	0
35143120	0	1	0
35146733	0	0	2
35147141	0	1	0
35164367	0	1	0
35221345	0	2	0
35238046	0	1	0
35274825	0	1	0
35301001	0	4	0
35314822	0	1	0
35318088	0	1	0
35327237	0	1	0
35350465	0	1	0
35373531	0	1	0
35405809	0	1	0
35407388	0	1	0
35416355	0	1	0
35443415	0	1	0
35452024	0	1	0
35482218	0	7	0
35494205	0	1	0
35509644	0	2	0
35516831	0	1	0
35525273	0	3	0
35527125	0	1	0
35549709	0	1	0
35570016	0	1	0
35574875	0	1	0
35593770	0	2	0
35595901	0	1	0
35603205	0	1	0
35608864	0	1	0
35610606	0	2	0
35636615	0	1	0
35638394	0	1	0
35659017	0	3	0
35664603	0	1	0
35677329	0	5	0
35680625	0	1	0
35683414	0	1	0
35701786	0	1	0
35717805	0	1	0
35745913	0	2	0
35751954	0	1	0
35819951	0	3	0
35830414	0	1	0
35839235	0	2	0
35840318	0	1	0
35847413	0	1	0
35847833	0	1	0
35861543	0	2	0
35879097	0	1	0
35887105	0	1	0
35898326	0	1	0
35960082	0	1	0
35990154	0	1	0
36012368	0	4	0
36024161	0	13	0
36046335	0	2	0
36058227	0	2	0
36058804	0	1	0
36065196	0	1	0
36082635	0	1	0
36084904	0	1	0
36160323	0	4	0
36168169	0	1	0
36197962	0	1	0
36251857	0	1	0
36259883	0	1	0
36285814	0	1	0
36326116	0	1	0
36328427	0	1	0
36339565	0	5	0
36365673	0	1	0
36367546	0	6	0
36397518	0	0	1
36404223	0	1	0
36417760	0	1	0
36418068	0	1	0
36470443	0	1	0
36474286	0	1	0
36483098	0	1	0
36513837	0	1	0
36526088	0	1	0
36539481	0	1	0
36569852	0	1	0
36577873	0	1	0
36603051	0	1	0
36603913	0	3	0
36606290	0	1	0
36615223	0	1	0
36622619	0	1	0
36633645	0	1	0
36648717	0	1	0
36651390	0	2	0
36659674	0	10	0
36694464	0	1	0
36704858	0	1	0
36726213	0	1	0
36727728	0	1	0
36749168	0	4	0
36752952	0	1	0
36776196	0	1	0
36803015	0	1	0
36811959	0	1	0
36816053	0	1	0
36821745	0	2	0
36823455	0	1	0
36849628	0	1	0
36864515	0	1	0
36926525	0	1	0
36955683	0	1	0
36971374	0	3	0
36973362	0	1	0
37002590	0	1	0
37013204	0	1	0
37017636	0	1	0
37042708	0	1	0
37045302	0	1	0
37053806	0	1	0
37061227	0	1	0
37078205	0	1	0
37086484	0	1	0
37091151	0	1	0
37118540	0	2	0
37130067	0	1	0
37134300	0	1	0
37138455	0	1	0
37147298	0	4	0
37154494	0	1	0
37186918	0	1	0
37191126	0	1	0
37193636	0	1	0
37232592	0	1	0
37272198	0	1	0
37295702	0	1	0
37323137	0	3	0
37333164	0	2	0
37358304	0	1	0
37370939	0	1	0
37378005	0	1	0
37402318	0	1	0
37409843	0	1	0
37420429	0	1	0
37425965	0	1	0
37431341	0	1	0
37432765	0	1	0
37456682	0	1	0
37459901	0	2	0
37486550	0	1	0
37487354	0	1	0
37574071	0	2	0
37590540	0	1	0
37631320	0	1	0
37668228	0	1	0
37690814	0	1	0
37708698	0	7	0
37717781	0	1	0
37718185	0	1	0
37735013	0	1	0
37739673	0	1	0
37773427	0	3	0
37826943	0	1	0
37832200	0	3	0
37834402	0	1	0
37835041	0	1	0
37837487	0	1	0
37863290	0	3	0
37872994	0	1	0
37877211	0	7	0
37887510	0	1	0
37903599	0	1	0
37952860	0	1	0
37985252	0	1	0
38006571	0	1	0
38006576	0	1	0
38053350	0	1	0
38067930	0	1	0
38089077	0	1	0
38095056	0	1	0
38098015	0	1	0
38134018	0	1	0
38140919	0	2	0
38161650	0	2	0
38192118	0	1	0
38210164	0	1	0
38221459	0	1	0
38228042	0	1	0
38230371	0	4	0
38231285	0	1	0
38248461	0	1	0
38248608	0	5	0
38284072	0	5	0
38285676	0	1	0
38291482	0	1	0
38300633	0	1	0
38304428	0	2	0
38323301	0	1	0
38331872	0	1	0
38336591	0	1	0
38337965	0	1	0
38337975	0	1	0
38338003	0	1	0
38415343	0	1	0
38425718	0	1	0
38425904	0	1	0
38430418	0	2	0
38441042	0	1	0
38447904	0	1	0
38472460	0	2	0
38509732	0	1	0
38517954	0	1	0
38538093	0	2	0
38557495	0	1	0
38560447	0	2	0
38570057	0	1	0
38595048	0	2	0
38608054	0	1	0
38619926	0	1	0
38620228	0	1	0
38621119	0	2	0
38638053	0	1	0
38651752	0	1	0
38680808	0	2	0
38708479	0	3	0
38714024	0	1	0
38734848	0	1	0
38739247	0	3	0
38764859	0	7	0
38765718	0	1	0
38774864	0	1	0
38790804	0	1	0
38800829	0	1	0
38814421	0	1	0
38846053	0	1	0
38852035	0	3	0
38861403	0	2	0
38883380	0	1	0
38884037	0	1	0
38884062	0	2	0
38887920	0	3	0
38889239	0	1	0
38895095	0	0	1
38949644	0	1	0
38955626	0	4	0
38987214	0	1	0
39056836	0	3	0
39066935	0	1	0
39126354	0	1	0
39130316	0	1	0
39138675	0	2	0
39139274	0	4	0
39148999	0	1	0
39189796	0	1	0
39221361	0	1	0
39221384	0	1	0
39226290	0	3	0
39230528	0	2	0
39233753	0	1	0
39254302	0	1	0
39261524	0	1	0
39279487	0	1	0
39280547	0	1	0
39299012	0	1	0
39299996	0	1	0
39325339	0	1	0
39331964	0	2	0
39335113	0	1	0
39347649	0	1	0
39352040	0	2	0
39364336	0	1	0
39388880	0	1	0
39418406	0	1	0
39439135	0	1	0
39475788	0	1	0
39495278	0	2	0
39538292	0	1	0
39538922	0	1	0
39549812	0	1	0
39552965	0	3	0
39569717	0	1	0
39585365	0	1	0
39588256	0	1	0
39604630	0	1	0
39691465	0	3	0
39716242	0	2	0
39740107	0	1	0
39755412	0	1	0
39785530	0	1	0
39854072	0	3	0
39884463	0	1	0
39892812	0	1	0
39901894	0	1	0
39916550	0	4	0
39916569	0	1	0
39920773	0	1	0
39924729	0	1	0
39949053	0	1	0
39962987	0	1	0
39992121	0	1	0
39993049	0	1	0
39993960	0	2	0
40023062	0	1	0
40041781	0	2	0
40043670	0	1	0
40086885	0	1	0
40112257	0	2	0
40121448	0	1	0
40123402	0	1	0
40125274	0	1	0
40165162	0	1	0
40195041	0	2	0
40200844	0	1	0
40213163	0	1	0
40223794	0	1	0
40247928	0	1	0
40268572	0	1	0
40285731	0	1	0
40288259	0	1	0
40292283	0	1	0
40302630	0	1	0
40302731	0	1	0
40358267	0	2	0
40379054	0	2	0
40416273	0	1	0
40423943	0	1	0
40431477	0	1	0
40479277	0	1	0
40489987	0	1	0
40489990	0	1	0
40491059	0	0	1
40527804	0	2	0
40531439	0	2	0
40539826	0	3	0
40546499	0	2	0
40573392	0	1	0
40605333	0	1	0
40618365	0	3	0
40636800	0	1	0
40657321	0	4	0
40658428	0	1	0
40705493	0	1	0
40738262	0	2	0
40739296	0	1	0
40760805	0	1	0
40795994	0	3	0
40803685	0	1	0
40841650	0	1	0
40844479	0	1	0
40858714	0	1	0
40865182	0	1	0
40877592	0	2	0
40895463	0	1	0
40906051	0	1	0
40921106	0	1	0
40968916	0	1	0
40980963	0	1	0
41000898	0	1	0
41017395	0	1	0
41017617	0	2	0
41058647	0	1	0
41066836	0	2	0
41067088	0	1	0
41074854	0	1	0
41083769	0	1	0
41083771	0	7	0
41086444	0	1	0
41097977	0	1	0
41111876	0	1	0
41172125	0	2	0
41178461	0	1	0
41189391	0	1	0
41207916	0	1	0
41215434	0	1	0
41259772	0	1	0
41276051	0	1	0
41302996	0	1	0
41343976	0	1	0
41363613	0	1	0
41365191	0	1	0
41373506	0	1	0
41373636	0	1	0
41384928	0	1	0
41395143	0	1	0
41399654	0	4	0
41412031	0	1	0
41433718	0	1	0
41442028	0	2	0
41470844	0	1	0
41488735	0	1	0
41512650	0	4	0
41526778	0	1	0
41546565	0	1	0
41597427	0	1	0
41601568	0	1	0
41646302	0	1	0
41646535	0	0	1
41664061	0	1	0
41693503	0	3	0
41704876	0	1	0
41705872	0	1	0
41731087	0	1	0
41742471	0	1	0
41774672	0	1	0
41781033	0	1	0
41815178	0	1	0
41825598	0	2	0
41826807	0	1	0
41833604	0	2	0
41873151	0	2	0
41901113	0	1	0
41915484	0	2	0
41928165	0	5	0
41947362	0	1	0
41980950	0	1	0
42043296	0	1	0
42048028	0	3	0
42076370	0	2	0
42076732	0	1	0
42082224	0	0	1
42089123	0	2	0
42095597	0	2	0
42099721	0	1	0
42100880	0	1	0
42140637	0	2	0
42143642	0	1	0
42144054	0	1	0
42203138	0	1	0
42249077	0	1	0
42255619	0	1	0
42272668	0	1	0
42281891	0	2	0
42286868	0	1	0
42314938	0	1	0
42340590	0	1	0
42419064	0	2	0
42420334	0	1	0
42424055	0	1	0
42444143	0	4	0
42453977	0	1	0
42457430	0	1	0
42465048	0	1	0
42512571	0	1	0
42521115	0	1	0
42526312	0	1	0
42537070	0	0	1
42568162	0	1	0
42575378	0	3	0
42586764	0	3	0
42613333	0	1	0
42616764	0	1	0
42621639	0	1	0
42629286	0	1	0
42646683	0	2	0
42670972	0	2	0
42705003	0	1	0
42706680	0	1	0
42778351	0	1	0
42796530	0	1	0
42798440	0	1	0
42813854	0	1	0
42822389	0	1	0
42897021	0	2	0
42931032	0	1	0
42957508	0	2	0
42959078	0	1	0
42967579	0	1	0
42998810	0	1	0
43000702	0	1	0
43023235	0	4	0
43094780	0	1	0
43097799	0	1	0
43111914	0	1	0
43175829	0	2	0
43184072	0	1	0
43202770	0	1	0
43208817	0	1	0
43246057	0	2	0
43334562	0	1	0
43369566	0	2	0
43417032	0	1	0
43420937	0	1	0
43426544	0	1	0
43429847	0	1	0
43466341	0	2	0
43491639	0	1	0
43509498	0	12	0
43533996	0	1	0
43538189	0	1	0
43565560	0	1	0
43572341	0	1	0
43578878	0	1	0
43639920	0	1	0
43681716	0	1	0
43691022	0	1	0
43700326	0	1	0
43724165	0	1	0
43735021	0	1	0
43737035	0	1	0
43749931	0	2	0
43774648	0	6	0
43779022	0	1	0
43785661	0	3	0
43797209	0	1	0
43802112	0	2	0
43848054	0	1	0
43851613	0	1	0
43869154	0	4	0
43872466	0	1	0
43879144	0	1	0
43916085	0	1	0
43922490	0	6	0
43949127	0	1	0
44026029	0	0	1
44054923	0	1	0
44121902	0	2	0
44121940	0	1	0
44129132	0	1	0
44173159	0	1	0
44173222	0	1	0
44187511	0	1	0
44210472	0	1	0
44228206	0	2	0
44266188	0	1	0
44296335	0	1	0
44316366	0	3	0
44351765	0	1	0
44353866	0	4	0
44374860	0	1	0
44376412	0	1	0
44380010	0	1	0
44386131	0	1	0
44397876	0	1	0
44402704	0	1	0
44434820	0	2	0
44445303	0	1	0
44474276	0	2	0
44544143	0	1	0
44546397	0	3	0
44552984	0	1	0
44626318	0	1	0
44627530	0	1	0
44658562	0	2	0
44663150	0	1	0
44667570	0	1	0
44711184	0	2	0
44719079	0	2	0
44723319	0	4	0
44735939	0	2	0
44764793	0	1	0
44766574	0	13	0
44767220	0	1	0
44768965	0	1	0
44773667	0	1	0
44780409	0	1	0
44818520	0	2	0
44858429	0	1	0
44879881	0	2	0
44893566	0	1	0
44919087	0	1	0
44935202	0	1	0
44940951	0	7	0
44970713	0	1	0
44981392	0	1	0
45000186	0	0	1
45002052	0	1	0
45006095	0	1	0
45011515	0	1	0
45024656	0	2	0
45045969	0	1	0
45048155	0	1	0
45055312	0	1	0
45060484	0	1	0
45118899	0	1	0
45121066	0	2	0
45128570	0	4	0
45140003	0	1	0
45161452	0	1	0
45162523	0	4	0
45170429	0	1	0
45177067	0	3	0
45177129	0	1	0
45180310	0	1	0
45189984	0	1	0
45193680	0	1	0
45198240	0	1	0
45200616	0	1	0
45217273	0	1	0
45219872	0	1	0
45238632	0	1	0
45246800	0	1	0
45292056	0	1	0
45334279	0	1	0
45338058	0	1	0
45354602	0	3	0
45362202	0	3	0
45363008	0	1	0
45368565	0	1	0
45373879	0	1	0
45407983	0	2	0
45412934	0	1	0
45418679	0	1	0
45438545	0	1	0
45439619	0	1	0
45447015	0	3	0
45499928	0	1	0
45504120	0	1	0
45505181	0	3	0
45515806	0	2	0
45542180	0	1	0
45569150	0	1	0
45590558	0	1	0
45595620	0	5	0
45624920	0	1	0
45647738	0	1	0
45649695	0	1	0
45665791	0	1	0
45683178	0	1	0
45686239	0	1	0
45689100	0	1	0
45716367	0	1	0
45730210	0	1	0
45773433	0	4	0
45780965	0	2	0
45783975	0	1	0
45847931	0	1	0
45866107	0	1	0
45873116	0	1	0
45897214	0	1	0
45900186	0	1	0
45908797	0	1	0
45911731	0	1	0
45937160	0	1	0
45946637	0	2	0
45964014	0	1	0
45968872	0	1	0
46011267	0	1	0
46016126	0	2	0
46053066	0	2	0
46063397	0	7	0
46090092	0	1	0
46097179	0	5	0
46097619	0	1	0
46107707	0	1	0
46176641	0	3	0
46262478	0	1	0
46304514	0	1	0
46313763	0	1	0
46317496	0	1	0
46328196	0	1	0
46352420	0	6	0
46377367	0	1	0
46380129	0	1	0
46398603	0	3	0
46402317	0	1	0
46445184	0	2	0
46448760	0	1	0
46465215	0	1	0
46480405	0	1	0
46493089	0	1	0
46519915	0	1	0
46528049	0	1	0
46539160	0	1	0
46572686	0	1	0
46579132	0	3	0
46608486	0	1	0
46648318	0	1	0
46668289	0	2	0
46693747	0	2	0
46702745	0	1	0
46704596	0	1	0
46723070	0	1	0
46726474	0	1	0
46758223	0	1	0
46770044	0	2	0
46772923	0	1	0
46797434	0	1	0
46824241	0	1	0
46836907	0	1	0
46856707	0	1	0
46895261	0	1	0
46904713	0	2	0
46922220	0	2	0
46935993	0	1	0
46936059	0	1	0
46941109	0	1	0
46988650	0	1	0
47005508	0	1	0
47044954	0	1	0
47070340	0	4	0
47070984	0	1	0
47086447	0	5	0
47091137	0	1	0
47131303	0	1	0
47138742	0	1	0
47168803	0	7	0
47175250	0	1	0
47197380	0	1	0
47197664	0	2	0
47265351	0	1	0
47286518	0	2	0
47298759	0	1	0
47311186	0	1	0
47320697	0	1	0
47326147	0	2	0
47332255	0	1	0
47372271	0	1	0
47394791	0	2	0
47401027	0	4	0
47404216	0	3	0
47415337	0	1	0
47472147	0	1	0
47496415	0	2	0
47553003	0	1	0
47554728	0	1	0
47585455	0	3	0
47585475	0	1	0
47589540	0	1	0
47612652	0	1	0
47626705	0	1	0
47705419	0	3	0
47723002	0	1	0
47728391	0	1	0
47732014	0	2	0
47746046	0	4	0
47752953	0	2	0
47762615	0	1	0
47775232	0	1	0
47777382	0	2	0
47797968	0	1	0
47802569	0	1	0
47802865	0	2	0
47823014	0	0	1
47823027	0	0	1
47823108	0	0	1
47842395	0	1	0
47863903	0	2	0
47864843	0	1	0
47902855	0	1	0
47956050	0	1	0
47980008	0	1	0
47980391	0	2	0
47984477	0	1	0
47995075	0	1	0
48017276	0	2	0
48022092	0	1	0
48045483	0	1	0
48066678	0	1	0
48078124	0	3	0
48092584	0	1	0
48127828	0	1	0
48140655	0	1	0
48168091	0	1	0
48199210	0	1	0
48223897	0	1	0
48232246	0	1	0
48248922	0	1	0
48266126	0	3	0
48272737	0	1	0
48295852	0	1	0
48364183	0	1	0
48368965	0	5	0
48378006	0	1	0
48389435	0	4	0
48401498	0	0	1
48410580	0	1	0
48447438	0	1	0
48515966	0	1	0
48519030	0	2	0
48525989	0	1	0
48542389	0	1	0
48638620	0	1	0
48657706	0	1	0
48662581	0	3	0
48670934	0	1	0
48719063	0	1	0
48724927	0	1	0
48739085	0	1	0
48767393	0	1	0
48797847	0	0	1
48811076	0	1	0
48813733	0	1	0
48817842	0	1	0
48827255	0	4	0
48829339	0	1	0
48895606	0	1	0
48925081	0	1	0
48954146	0	1	0
48974875	0	1	0
48978124	0	3	0
48989298	0	1	0
48997781	0	1	0
49009698	0	2	0
49053341	0	5	0
49102980	0	3	0
49119319	0	1	0
49138561	0	1	0
49171728	0	1	0
49182623	0	1	0
49194934	0	1	0
49209459	0	3	0
49228026	0	1	0
49238922	0	4	0
49256127	0	1	0
49261464	0	1	0
49273929	0	1	0
49286122	0	1	0
49293385	0	1	0
49381498	0	1	0
49382208	0	3	0
49385086	0	1	0
49393274	0	3	0
49444145	0	1	0
49477959	0	4	0
49481730	0	1	0
49502128	0	1	0
49522384	0	1	0
49523218	0	1	0
49527035	0	1	0
49541742	0	2	0
49562623	0	2	0
49602444	0	1	0
49611924	0	3	0
49622397	0	2	0
49651075	0	1	0
49652409	0	1	0
49680075	0	1	0
49725254	0	0	1
49762665	0	1	0
49805216	0	1	0
49806392	0	1	0
49823864	0	1	0
49834497	0	2	0
49845788	0	0	1
49862967	0	6	0
49905668	0	1	0
49930936	0	1	0
49953996	0	1	0
49954060	0	1	0
49971729	0	2	0
49975225	0	1	0
50019305	0	1	0
50027993	0	5	0
50029438	0	1	0
50060727	0	1	0
50075711	0	2	0
50102496	0	1	0
50105512	0	1	0
50114542	0	1	0
50155227	0	1	0
50170572	0	1	0
50189585	0	1	0
50190914	0	1	0
50210936	0	2	0
50213333	0	0	1
50235208	0	1	0
50241861	0	1	0
50251879	0	1	0
50273888	0	1	0
50298353	0	1	0
50305665	0	1	0
50310579	0	1	0
50362614	0	1	0
50437415	0	1	0
50461889	0	1	0
50516328	0	4	0
50537523	0	1	0
50551389	0	6	0
50587808	0	1	0
50596825	0	2	0
50599139	0	3	0
50601593	0	1	0
50672193	0	1	0
50687362	0	2	0
50691436	0	1	0
50817107	0	1	0
50878824	0	1	0
50897146	0	3	0
50901389	0	1	0
50901609	0	3	0
50947553	0	4	0
50960619	0	1	0
50971381	0	1	0
50973865	0	0	1
50975911	0	1	0
51017587	0	2	0
51019338	0	2	0
51020609	0	4	0
51024574	0	1	0
51085683	0	1	0
51100866	0	1	0
51111961	0	1	0
51126050	0	1	0
51133364	0	2	0
51134811	0	1	0
51171236	0	1	0
51178492	0	2	0
51197082	0	1	0
51208434	0	0	1
51232019	0	3	0
51270944	0	1	0
51288043	0	2	0
51306747	0	2	0
51336975	0	3	0
51369861	0	1	0
51387744	0	1	0
51388159	0	1	0
51407056	0	2	0
51425474	0	2	0
51441942	0	1	0
51525087	0	1	0
51528676	0	3	0
51531734	0	1	0
51533540	0	2	0
51552742	0	3	0
51559754	0	3	0
51586814	0	1	0
51596956	0	1	0
51665525	0	1	0
51665573	0	1	0
51667221	0	2	0
51680564	0	2	0
51687551	0	1	0
51689645	0	1	0
51689701	0	1	0
51691894	0	1	0
51717175	0	1	0
51745088	0	3	0
51759862	0	1	0
51815472	0	1	0
51821132	0	1	0
51841563	0	5	0
51858428	0	1	0
51864315	0	1	0
51875968	0	1	0
51886167	0	0	1
51923859	0	1	0
51995202	0	1	0
52012458	0	2	0
52051892	0	1	0
52060604	0	1	0
52102700	0	2	0
52119585	0	1	0
52120127	0	3	0
52135492	0	1	0
52135515	0	1	0
52172389	0	1	0
52191792	0	3	0
52209231	0	1	0
52219003	0	1	0
52237745	0	1	0
52249019	0	1	0
52251711	0	1	0
52273818	0	2	0
52303707	0	1	0
52317351	0	1	0
52346755	0	2	0
52358071	0	1	0
52365248	0	1	0
52375373	0	1	0
52379104	0	1	0
52384807	0	1	0
52407746	0	2	0
52414837	0	1	0
52423458	0	1	0
52426042	0	1	0
52452221	0	2	0
52460657	0	3	0
52461960	0	1	0
52501219	0	2	0
52552969	0	1	0
52558159	0	1	0
52613813	0	1	0
52656191	0	1	0
52668447	0	1	0
52672202	0	3	0
52680466	0	1	0
52688165	0	1	0
52704144	0	1	0
52751427	0	2	0
52775733	0	1	0
52790301	0	1	0
52811117	0	1	0
52849846	0	1	0
52898096	0	1	0
52900876	0	1	0
52907467	0	3	0
52921714	0	1	0
52932622	0	1	0
52936862	0	1	0
52942511	0	1	0
52955981	0	3	0
52979449	0	1	0
53004669	0	1	0
53014493	0	3	0
53082501	0	1	0
53126688	0	1	0
53127765	0	1	0
53131294	0	1	0
53141126	0	2	0
53165762	0	1	0
53176653	0	1	0
53202095	0	1	0
53202109	0	1	0
53208767	0	1	0
53221756	0	1	0
53221938	0	1	0
53223641	0	1	0
53225211	0	1	0
53227048	0	1	0
53255035	0	2	0
53269855	0	1	0
53307158	0	1	0
53309186	0	2	0
53322070	0	1	0
53333429	0	3	0
53347360	0	1	0
53348500	0	1	0
53349559	0	1	0
53350780	0	1	0
53351388	0	5	0
53357087	0	1	0
53434754	0	3	0
53462602	0	2	0
53522799	0	2	0
53533551	0	1	0
53541067	0	3	0
53548504	0	1	0
53586817	0	1	0
53623137	0	1	0
53653485	0	9	0
53658348	0	1	0
53675095	0	1	0
53683303	0	2	0
53687482	0	1	0
53722949	0	1	0
53764573	0	1	0
53765811	0	1	0
53805511	0	1	0
53822860	0	1	0
53826580	0	1	0
53826667	0	2	0
53839835	0	1	0
53865953	0	1	0
53873546	0	2	0
53889554	0	1	0
53897682	0	4	0
53912420	0	1	0
53948063	0	2	0
53948318	0	1	0
53962393	0	3	0
54005808	0	1	0
54005947	0	1	0
54037239	0	1	0
54055812	0	1	0
54081589	0	1	0
54099453	0	1	0
54111022	0	3	0
54170676	0	6	0
54173128	0	1	0
54180346	0	1	0
54182326	0	1	0
54202201	0	1	0
54246183	0	2	0
54283862	0	2	0
54326431	0	7	0
54327129	0	1	0
54330542	0	1	0
54359840	0	3	0
54362725	0	1	0
54364443	0	1	0
54429479	0	1	0
54496313	0	1	0
54500361	0	1	0
54523207	0	1	0
54557440	0	1	0
54581536	0	1	0
54603770	0	1	0
54621239	0	1	0
54635261	0	2	0
54665650	0	1	0
54684198	0	1	0
54697962	0	1	0
54697967	0	1	0
54701739	0	1	0
54706512	0	3	0
54713631	0	1	0
54713637	0	1	0
54713644	0	2	0
54713654	0	2	0
54713655	0	3	0
54713664	0	1	0
54713670	0	1	0
54733482	0	1	0
54750564	0	1	0
54751100	0	1	0
54765280	0	1	0
54787804	0	1	0
54810739	0	1	0
54812111	0	2	0
54856969	0	2	0
54870847	0	1	0
54903571	0	1	0
54914949	0	1	0
54928299	0	1	0
54935390	0	1	0
54941129	0	1	0
54981770	0	1	0
54987655	0	1	0
55010419	0	1	0
55027339	0	2	0
55043036	0	1	0
55054011	0	7	0
55066936	0	1	0
55070833	0	1	0
55075337	0	4	0
55082548	0	1	0
55104745	0	2	0
55106170	0	1	0
55120986	0	2	0
55128471	0	1	0
55129445	0	2	0
55174997	0	1	0
55209318	0	2	0
55271484	0	1	0
55279511	0	1	0
55294580	0	1	0
55297858	0	1	0
55327096	0	1	0
55359877	0	2	0
55364600	0	1	0
55367872	0	1	0
55395064	0	1	0
55395343	0	1	0
55409171	0	1	0
55416336	0	1	0
55416337	0	1	0
55447208	0	2	0
55469593	0	1	0
55492532	0	1	0
55516782	0	1	0
55522024	0	1	0
55542204	0	1	0
55571454	0	1	0
55577120	0	1	0
55589959	0	1	0
55601886	0	1	0
55611658	0	3	0
55627232	0	4	0
55639210	0	1	0
55642486	0	1	0
55674828	0	1	0
55674892	0	1	0
55698216	0	3	0
55719419	0	1	0
55728259	0	1	0
55737836	0	2	0
55772223	0	2	0
55777211	0	1	0
55830713	0	1	0
55830935	0	4	0
55835702	0	2	0
55926437	0	3	0
55962447	0	2	0
55981670	0	1	0
55989499	0	1	0
56013643	0	2	0
56029662	0	1	0
56035287	0	1	0
56037375	0	1	0
56038470	0	2	0
56044117	0	1	0
56058476	0	1	0
56079574	0	4	0
56124591	0	1	0
56145275	0	3	0
56158967	0	4	0
56160378	0	2	0
56162627	0	2	0
56164826	0	1	0
56176649	0	3	0
56246594	0	1	0
56292296	0	1	0
56296313	0	1	0
56317604	0	1	0
56329943	0	1	0
56365749	0	2	0
56370292	0	1	0
56389535	0	7	0
56394553	0	4	0
56455648	0	1	0
56488689	0	0	1
56519238	0	1	0
56545345	0	1	0
56571958	0	1	0
56573532	0	1	0
56581159	0	1	0
56586944	0	1	0
56658590	0	1	0
56788687	0	1	0
56791268	0	1	0
56805845	0	3	0
56812676	0	1	0
56814951	0	1	0
56843443	0	1	0
56859292	0	3	0
56881441	0	2	0
56882354	0	1	0
56900066	0	2	0
56910345	0	7	0
56917775	0	1	0
56918540	0	1	0
56937879	0	5	0
56940877	0	1	0
56957899	0	1	0
56974316	0	3	0
57014103	0	1	0
57033460	0	2	0
57040404	0	1	0
57086920	0	1	0
57122990	0	3	0
57124151	0	1	0
57130529	0	2	0
57133643	0	1	0
57179964	0	2	0
57205128	0	1	0
57220490	0	1	0
57230006	0	1	0
57248567	0	1	0
57248891	0	1	0
57269435	0	1	0
57273863	0	1	0
57291019	0	1	0
57339762	0	1	0
57367739	0	1	0
57381472	0	1	0
57382501	0	1	0
57387752	0	1	0
57408558	0	3	0
57412854	0	3	0
57456562	0	6	0
57531974	0	1	0
57584477	0	1	0
57658231	0	3	0
57669720	0	1	0
57746082	0	2	0
57801785	0	1	0
57802446	0	1	0
57836393	0	1	0
57921154	0	1	0
57927100	0	1	0
57960176	0	1	0
57962855	0	2	0
57974438	0	1	0
58029958	0	1	0
58035109	0	3	0
58056453	0	1	0
58060394	0	1	0
58103721	0	0	1
58129154	0	1	0
58147250	0	1	0
58217955	0	2	0
58222995	0	2	0
58253994	0	1	0
58278862	0	1	0
58296630	0	1	0
58302686	0	1	0
58327477	0	1	0
58351870	0	2	0
58365915	0	1	0
58441340	0	1	0
58442360	0	2	0
58466705	0	1	0
58514683	0	1	0
58530929	0	1	0
58533032	0	4	0
58560479	0	1	0
58575738	0	2	0
58604245	0	2	0
58618743	0	1	0
58623216	0	4	0
58659207	0	1	0
58663977	0	2	0
58674373	0	3	0
58675718	0	1	0
58680461	0	5	0
58683914	0	2	0
58786244	0	1	0
58797539	0	1	0
58799919	0	2	0
58812160	0	2	0
58831683	0	1	0
58849074	0	1	0
58870017	0	2	0
58874186	0	1	0
58907744	0	1	0
58942546	0	1	0
58945576	0	1	0
59035173	0	1	0
59037133	0	2	0
59044904	0	1	0
59120627	0	2	0
59178228	0	1	0
59191832	0	1	0
59212808	0	1	0
59243023	0	1	0
59274092	0	1	0
59286180	0	1	0
59299405	0	1	0
59318108	0	1	0
59324049	0	1	0
59339351	0	1	0
59430429	0	1	0
59453633	0	1	0
59465994	0	3	0
59466099	0	2	0
59468596	0	1	0
59473851	0	1	0
59489533	0	1	0
59489575	0	1	0
59525091	0	1	0
59533119	0	1	0
59559035	0	1	0
59577594	0	2	0
59613756	0	1	0
59617263	0	1	0
59625289	0	1	0
59637961	0	1	0
59640521	0	1	0
59641749	0	3	0
59642444	0	1	0
59674725	0	1	0
59679670	0	1	0
59718837	0	1	0
59721136	0	1	0
59728195	0	1	0
59757254	0	1	0
59819684	0	3	0
59844950	0	1	0
59851648	0	1	0
59870211	0	4	0
59891586	0	2	0
59980548	0	1	0
59985015	0	1	0
60045231	0	7	0
60078189	0	1	0
60116780	0	1	0
60175670	0	4	0
60184018	0	2	0
60203600	0	2	0
60237184	0	3	0
60249632	0	2	0
60259243	0	1	0
60333216	0	1	0
60350096	0	1	0
60401566	0	2	0
60420762	0	1	0
60421534	0	2	0
60424212	0	2	0
60447403	0	1	0
60483047	0	1	0
60486453	0	4	0
60502021	0	2	0
60516573	0	2	0
60545810	0	1	0
60559796	0	1	0
60563141	0	2	0
60605763	0	1	0
60630758	0	1	0
60635886	0	1	0
60636821	0	2	0
60704354	0	5	0
60711425	0	1	0
60739194	0	1	0
60744761	0	1	0
60769126	0	1	0
60772267	0	1	0
60796432	0	1	0
60807272	0	1	0
60812817	0	3	0
60813072	0	0	1
60964585	0	2	0
60975981	0	1	0
61042129	0	1	0
61053710	0	1	0
61120654	0	2	0
61130504	0	1	0
61131422	0	1	0
61136734	0	3	0
61155941	0	2	0
61224273	0	1	0
61248441	0	1	0
61249212	0	1	0
61253851	0	1	0
61259028	0	1	0
61390242	0	3	0
61403126	0	1	0
61444942	0	1	0
61513469	0	3	0
61568393	0	1	0
61571577	0	2	0
61600095	0	1	0
61611313	0	1	0
61611886	0	1	0
61686608	0	1	0
61696214	0	2	0
61701027	0	2	0
61719120	0	1	0
61796836	0	1	0
61810174	0	3	0
61841766	0	2	0
61846102	0	1	0
61856668	0	2	0
61867250	0	1	0
61879344	0	1	0
61907555	0	1	0
61972341	0	1	0
61988744	0	1	0
62017977	0	1	0
62024326	0	4	0
62027180	0	1	0
62268936	0	1	0
62294723	0	1	0
62318322	0	3	0
62318441	0	2	0
62318672	0	8	0
62318706	0	2	0
62326794	0	1	0
62350166	0	1	0
62351043	0	2	0
62363994	0	1	0
62396643	0	2	0
62397348	0	2	0
62403202	0	1	0
62423154	0	1	0
62447715	0	1	0
62458468	0	1	0
62464687	0	0	1
62465120	0	1	0
62503320	0	3	0
62508426	0	1	0
62513942	0	2	0
62559262	0	2	0
62566167	0	1	0
62575814	0	1	0
62585881	0	2	0
62624143	0	2	0
62642482	0	2	0
62683435	0	1	0
62684841	0	3	0
62699903	0	1	0
62702702	0	1	0
62705880	0	1	0
62746359	0	2	0
62746769	0	1	0
62764519	0	1	0
62772041	0	2	0
62773277	0	1	0
62791248	0	1	0
62845750	0	1	0
62915960	0	1	0
62922868	0	1	0
62936701	0	1	0
62995018	0	1	0
63006877	0	1	0
63029034	0	2	0
63046675	0	2	0
63060067	0	1	0
63077198	0	2	0
63105584	0	1	0
63145728	0	7	0
63152734	0	1	0
63162771	0	1	0
63180973	0	1	0
63203074	0	2	0
63216567	0	5	0
63226976	0	3	0
63237170	0	1	0
63270466	0	1	0
63306007	0	1	0
63307528	0	4	0
63321384	0	5	0
63394920	0	1	0
63419689	0	1	0
63426084	0	1	0
63427369	0	1	0
63444297	0	1	0
63480230	0	1	0
63519718	0	3	0
63585805	0	1	0
63675878	0	1	0
63676333	0	2	0
63722785	0	1	0
63747525	0	2	0
63913570	0	2	0
63939661	0	1	0
63967371	0	3	0
64004731	0	4	0
64007578	0	6	0
64020927	0	1	0
64039335	0	1	0
64059123	0	1	0
64073116	0	2	0
64093726	0	2	0
64098154	0	2	0
64104232	0	1	0
64117222	0	3	0
64160852	0	2	0
64230989	0	1	0
64236900	0	1	0
64320162	0	1	0
64335102	0	1	0
64337318	0	1	0
64360277	0	0	1
64389205	0	1	0
64472019	0	1	0
64509318	0	1	0
64529456	0	1	0
64541544	0	0	1
64542763	0	1	0
64545445	0	2	0
64606264	0	1	0
64607661	0	1	0
64638880	0	1	0
64687149	0	1	0
64713173	0	2	0
64778644	0	1	0
64797066	0	1	0
64811824	0	3	0
64850319	0	1	0
64854440	0	2	0
64869216	0	3	0
64931740	0	1	0
64966230	0	1	0
64981835	0	3	0
64985301	0	2	0
64990228	0	1	0
64990744	0	1	0
65012103	0	2	0
65037480	0	0	1
65096474	0	1	0
65200173	0	1	0
65286934	0	1	0
65308052	0	1	0
65333745	0	5	0
65366870	0	1	0
65378846	0	1	0
65424894	0	1	0
65458003	0	1	0
65466271	0	1	0
65474044	0	1	0
65480636	0	1	0
65555117	0	3	0
65558444	0	1	0
65566885	0	1	0
65607802	0	1	0
65611879	0	1	0
65612694	0	1	0
65614745	0	1	0
65636699	0	1	0
65730864	0	1	0
65767521	0	1	0
65770474	0	0	1
65794145	0	1	0
65806846	0	1	0
65830096	0	2	0
65845847	0	1	0
65848748	0	2	0
65897352	0	1	0
65984054	0	4	0
66026224	0	3	0
66040786	0	1	0
66063258	0	1	0
66064441	0	1	0
66067732	0	3	0
66090312	0	1	0
66091575	0	1	0
66113921	0	1	0
66142731	0	1	0
66157332	0	1	0
66225238	0	1	0
66288069	0	2	0
66336970	0	1	0
66350707	0	1	0
66392845	0	3	0
66432620	0	1	0
66583476	0	1	0
66593780	0	2	0
66605223	0	6	0
66616930	0	1	0
66635157	0	9	0
66663962	0	1	0
66687163	0	1	0
66703464	0	1	0
66731252	0	1	0
66762860	0	1	0
66765396	0	2	0
66769780	0	1	0
66808672	0	3	0
66820044	0	1	0
66862747	0	4	0
66909779	0	0	1
66923395	0	1	0
66968869	0	1	0
67029962	0	2	0
67038131	0	1	0
67109748	0	1	0
67169280	0	1	0
67171151	0	1	0
67177055	0	6	0
67179430	0	1	0
67195060	0	3	0
67221091	0	1	0
67225981	0	1	0
67245525	0	1	0
67245530	0	1	0
67259356	0	1	0
67259530	0	1	0
67270373	0	2	0
67276684	0	3	0
67276732	0	1	0
67351675	0	3	0
67354347	0	1	0
67486520	0	1	0
67495613	0	1	0
67508448	0	1	0
67585393	0	1	0
67596565	0	1	0
67657006	0	1	0
67668393	0	1	0
67668524	0	1	0
67715642	0	1	0
67729096	0	2	0
67729109	0	4	0
67745088	0	1	0
67748718	0	3	0
67857069	0	2	0
67858004	0	3	0
67861751	0	2	0
67892437	0	1	0
67908718	0	3	0
67949218	0	1	0
67998701	0	1	0
68001182	0	1	0
68017440	0	1	0
68035363	0	1	0
68047995	0	1	0
68075286	0	1	0
68105257	0	1	0
68136439	0	1	0
68147301	0	1	0
68154592	0	1	0
68180411	0	4	0
68245176	0	1	0
68269178	0	3	0
68274709	0	1	0
68280449	0	1	0
68284173	0	1	0
68378016	0	1	0
68410942	0	1	0
68571546	0	1	0
68672056	0	1	0
68672534	0	1	0
68674417	0	1	0
68763113	0	4	0
68829368	0	2	0
68877596	0	1	0
68880034	0	1	0
68882447	0	1	0
68995195	0	1	0
69015695	0	3	0
69019279	0	1	0
69048845	0	1	0
69102586	0	2	0
69113606	0	1	0
69179554	0	2	0
69187866	0	1	0
69300186	0	1	0
69303085	0	1	0
69305177	0	1	0
69310915	0	1	0
69345503	0	1	0
69364657	0	1	0
69449407	0	4	0
69491218	0	1	0
69511359	0	4	0
69514224	0	1	0
69609450	0	5	0
69630173	0	6	0
69635890	0	1	0
69708332	0	3	0
69739408	0	4	0
69742043	0	2	0
69775182	0	1	0
69777321	0	1	0
69778598	0	1	0
69868196	0	2	0
69874193	0	4	0
69895542	0	3	0
69940098	0	4	0
69959330	0	2	0
69983030	0	1	0
69990314	0	1	0
70011849	0	1	0
70014846	0	1	0
70143946	0	1	0
70179372	0	1	0
70198395	0	1	0
70223465	0	1	0
70227122	0	1	0
70265435	0	1	0
70297908	0	1	0
70298145	0	1	0
70298321	0	1	0
70299612	0	2	0
70322488	0	1	0
70325527	0	1	0
70341398	0	1	0
70374505	0	1	0
70375701	0	1	0
70393043	0	1	0
70406846	0	1	0
70420704	0	1	0
70467787	0	1	0
70480959	0	4	0
70491776	0	1	0
70507288	0	2	0
70511268	0	2	0
70577065	0	1	0
70616352	0	2	0
70645640	0	1	0
70708124	0	1	0
70777532	0	3	0
70790751	0	1	0
70806551	0	1	0
70827706	0	1	0
70841498	0	2	0
70863737	0	3	0
70938547	0	2	0
70952044	0	2	0
71043003	0	8	0
71078099	0	2	0
71085732	0	1	0
71131256	0	1	0
71137754	0	2	0
71153799	0	2	0
71173207	0	1	0
71176614	0	1	0
71186750	0	1	0
71199867	0	1	0
71250795	0	2	0
71255237	0	2	0
71301944	0	1	0
71306196	0	2	0
71317836	0	1	0
71323570	0	1	0
71381403	0	1	0
71415577	0	1	0
71486771	0	1	0
71489621	0	2	0
71507891	0	0	1
71641044	0	1	0
71649933	0	2	0
71655044	0	2	0
71667958	0	1	0
71762585	0	1	0
71805778	0	3	0
71806152	0	3	0
71815269	0	3	0
71823960	0	1	0
71847012	0	4	0
71903126	0	1	0
71903173	0	1	0
71929990	0	1	0
71950527	0	1	0
71956902	0	1	0
72015552	0	4	0
72023717	0	1	0
72028848	0	1	0
72085128	0	1	0
72088514	0	1	0
72108130	0	3	0
72123207	0	1	0
72157899	0	1	0
72177137	0	2	0
72199615	0	2	0
72200287	0	2	0
72223066	0	1	0
72225137	0	2	0
72241852	0	3	0
72273924	0	1	0
72334224	0	3	0
72340032	0	1	0
72362453	0	1	0
72391250	0	1	0
72417113	0	1	0
72435117	0	2	0
72435151	0	1	0
72435994	0	3	0
72437748	0	1	0
72448945	0	5	0
72473256	0	1	0
72509195	0	2	0
72526900	0	1	0
72622143	0	6	0
72747168	0	2	0
72757723	0	1	0
72778360	0	2	0
72785540	0	2	0
72823550	0	1	0
72827530	0	1	0
72864554	0	1	0
72902073	0	1	0
72954277	0	1	0
72984740	0	5	0
72991854	0	6	0
72999817	0	5	0
73023962	0	2	0
73044703	0	1	0
73058847	0	3	0
73082732	0	1	0
73123402	0	1	0
73164563	0	0	1
73166793	0	1	0
73208950	0	1	0
73209614	0	1	0
73280399	0	1	0
73281583	0	1	0
73300817	0	2	0
73340821	0	2	0
73354437	0	2	0
73393604	0	1	0
73413023	0	3	0
73432012	0	1	0
73456648	0	1	0
73493778	0	5	0
73527245	0	4	0
73559653	0	1	0
73572591	0	1	0
73583710	0	1	0
73651277	0	1	0
73688875	0	2	0
73760357	0	2	0
73770480	0	1	0
73780928	0	1	0
73805938	0	1	0
73810200	0	1	0
73877975	0	1	0
73899099	0	4	0
73925130	0	2	0
73940997	0	1	0
73947566	0	2	0
73974531	0	1	0
73985071	0	1	0
73989864	0	1	0
74067356	0	1	0
74098153	0	1	0
74147317	0	1	0
74185326	0	1	0
74234417	0	1	0
74288418	0	1	0
74343315	0	1	0
74362626	0	1	0
74397247	0	1	0
74400343	0	1	0
74413443	0	1	0
74418107	0	3	0
74425217	0	1	0
74455998	0	1	0
74498135	0	1	0
74510084	0	1	0
74526746	0	1	0
74526757	0	1	0
74554077	0	2	0
74597789	0	1	0
74608522	0	1	0
74678246	0	2	0
74697669	0	2	0
74781782	0	1	0
74829436	0	3	0
74921055	0	1	0
74955082	0	0	1
74955202	0	0	1
74993098	0	1	0
75059012	0	2	0
75065096	0	1	0
75108031	0	4	0
75108540	0	1	0
75129724	0	1	0
75137958	0	1	0
75184562	0	1	0
75196120	0	2	0
75228445	0	1	0
75275465	0	1	0
75276070	0	1	0
75323087	0	7	0
75398417	0	1	0
75406005	0	2	0
75424939	0	1	0
75431090	0	1	0
75432270	0	1	0
75433448	0	7	0
75501923	0	1	0
75534663	0	1	0
75536191	0	1	0
75562724	0	6	0
75576049	0	1	0
75679608	0	2	0
75687181	0	5	0
75702251	0	1	0
75771684	0	1	0
75782040	0	2	0
75790000	0	4	0
75795723	0	1	0
75880410	0	1	0
75886928	0	3	0
75896399	0	3	0
75896526	0	1	0
75919281	0	1	0
75920399	0	1	0
75997724	0	3	0
76007902	0	1	0
76071888	0	3	0
76108720	0	1	0
76125246	0	1	0
76132078	0	1	0
76149574	0	1	0
76209619	0	1	0
76213410	0	1	0
76226560	0	1	0
76302173	0	1	0
76370193	0	1	0
76411341	0	1	0
76415589	0	1	0
76439295	0	1	0
76485896	0	1	0
76499507	0	3	0
76550479	0	1	0
76550890	0	1	0
76608582	0	1	0
76691139	0	2	0
76716670	0	2	0
76723607	0	2	0
76726848	0	1	0
76727445	0	1	0
76743457	0	1	0
76772610	0	1	0
76772611	0	1	0
76782639	0	4	0
76790796	0	1	0
76828368	0	1	0
76829348	0	0	1
76880454	0	1	0
76967279	0	1	0
76987438	0	1	0
76995648	0	1	0
77004117	0	1	0
77053106	0	3	0
77083030	0	4	0
77098216	0	2	0
77139950	0	3	0
77165361	0	1	0
77165721	0	1	0
77169310	0	1	0
77196852	0	1	0
77225558	0	1	0
77239870	0	2	0
77251632	0	1	0
77271638	0	1	0
77272649	0	2	0
77289348	0	5	0
77289879	0	2	0
77398906	0	1	0
77406471	0	1	0
77429763	0	5	0
77442725	0	1	0
77457977	0	1	0
77479966	0	1	0
77545957	0	1	0
77550539	0	1	0
77592712	0	1	0
77610012	0	1	0
77612217	0	1	0
77669105	0	3	0
77796633	0	1	0
77810804	0	1	0
77872696	0	1	0
77887544	0	1	0
77911282	0	1	0
77935250	0	3	0
78012143	0	1	0
78022180	0	1	0
78088791	0	1	0
78125890	0	3	0
78181879	0	2	0
78198854	0	3	0
78256242	0	1	0
78302579	0	1	0
78313213	0	1	0
78373879	0	1	0
78411298	0	2	0
78444216	0	2	0
78448257	0	1	0
78454683	0	1	0
78459192	0	1	0
78463966	0	2	0
78475277	0	1	0
78475324	0	1	0
78475327	0	1	0
78475392	0	1	0
78475419	0	1	0
78475430	0	1	0
78475448	0	1	0
78475467	0	2	0
78475468	0	1	0
78475479	0	1	0
78475480	0	1	0
78475502	0	1	0
78487067	0	1	0
78492547	0	1	0
78522837	0	1	0
78523611	0	1	0
78554340	0	2	0
78560820	0	1	0
78640267	0	1	0
78750678	0	1	0
78759816	0	1	0
78775170	0	1	0
78786889	0	2	0
78791779	0	2	0
78810634	0	1	0
78830678	0	2	0
78838743	0	3	0
78857825	0	1	0
78899621	0	3	0
78927030	0	1	0
78999490	0	1	0
79020015	0	2	0
79065242	0	1	0
79090378	0	2	0
79090604	0	1	0
79094425	0	1	0
79096507	0	1	0
79111699	0	2	0
79132116	0	6	0
79153308	0	1	0
79200463	0	0	1
79226126	0	1	0
79315011	0	2	0
79338715	0	1	0
79434484	0	1	0
79470842	0	1	0
79529160	0	1	0
79557503	0	1	0
79661588	0	1	0
79662250	0	1	0
79666051	0	1	0
79687809	0	1	0
79703823	0	2	0
79703885	0	1	0
79758223	0	2	0
79760390	0	1	0
79813334	0	1	0
79821167	0	1	0
79837673	0	2	0
79841546	0	3	0
79846178	0	1	0
79846193	0	1	0
79846254	0	1	0
79870565	0	2	0
79910987	0	1	0
79962346	0	1	0
79991307	0	2	0
80020444	0	6	0
80043268	0	1	0
80052946	0	2	0
80053138	0	5	0
80073955	0	1	0
80090428	0	1	0
80109206	0	2	0
80183179	0	0	1
80200147	0	2	0
80229014	0	1	0
80255473	0	4	0
80265505	0	2	0
80281607	0	3	0
80287157	0	1	0
80315586	0	1	0
80331730	0	1	0
80357067	0	1	0
80370899	0	3	0
80379059	0	1	0
80405598	0	1	0
80481154	0	1	0
80664595	0	1	0
80739024	0	1	0
80748351	0	5	0
80765168	0	1	0
80910678	0	1	0
80967222	0	1	0
80990047	0	1	0
80990425	0	1	0
81023502	0	1	0
81024902	0	1	0
81025745	0	1	0
81029192	0	1	0
81123510	0	5	0
81125076	0	4	0
81132400	0	1	0
81138517	0	0	1
81165187	0	1	0
81179856	0	2	0
81192101	0	1	0
81202601	0	1	0
81245556	0	1	0
81250339	0	2	0
81253059	0	1	0
81339472	0	1	0
81364689	0	1	0
81390712	0	1	0
81393584	0	1	0
81418366	0	3	0
81444718	0	1	0
81592419	0	2	0
81630069	0	1	0
81633923	0	1	0
81683105	0	1	0
81683136	0	3	0
81686454	0	1	0
81687332	0	1	0
81844320	0	1	0
81881236	0	3	0
81886057	0	5	0
82137201	0	2	0
82143672	0	1	0
82167946	0	7	0
82210459	0	1	0
82329733	0	1	0
82422499	0	1	0
82502441	0	1	0
82515040	0	2	0
82542900	0	0	1
82601353	0	1	0
82626600	0	1	0
82630219	0	2	0
82643064	0	1	0
82646836	0	1	0
82654250	0	1	0
82707401	0	1	0
82708484	0	3	0
82772328	0	1	0
82845891	0	2	0
82848222	0	1	0
82853578	0	3	0
82922544	0	1	0
82962199	0	2	0
82966767	0	1	0
83009530	0	2	0
83017007	0	1	0
83018856	0	1	0
83045574	0	1	0
83106258	0	2	0
83205930	0	2	0
83211061	0	1	0
83289278	0	1	0
83343294	0	1	0
83348243	0	1	0
83378563	0	1	0
83379643	0	2	0
83433879	0	1	0
83520871	0	2	0
83542702	0	1	0
83594707	0	1	0
83610363	0	4	0
83624347	0	1	0
83692371	0	1	0
83714913	0	1	0
83813488	0	1	0
83838508	0	4	0
83841476	0	3	0
83860526	0	1	0
83915104	0	6	0
83961255	0	1	0
83980125	0	2	0
84025450	0	1	0
84031114	0	1	0
84104874	0	3	0
84145370	0	1	0
84147674	0	2	0
84151973	0	2	0
84186907	0	1	0
84216849	0	1	0
84236392	0	1	0
84264409	0	4	0
84283314	0	0	1
84343351	0	2	0
84441106	0	2	0
84444205	0	1	0
84611262	0	1	0
84631950	0	1	0
84641407	0	1	0
84659632	0	1	0
84663353	0	1	0
84665041	0	3	0
84684385	0	2	0
84708791	0	1	0
84718268	0	1	0
84769878	0	1	0
84966607	0	4	0
84988525	0	1	0
85039019	0	1	0
85127333	0	6	0
85158073	0	1	0
85165141	0	1	0
85249859	0	1	0
85290869	0	1	0
85330121	0	2	0
85349201	0	1	0
85588800	0	1	0
85592156	0	1	0
85592161	0	1	0
85702210	0	1	0
85726579	0	1	0
85769104	0	1	0
85800181	0	1	0
85868600	0	1	0
86015281	0	4	0
86021449	0	1	0
86031820	0	1	0
86050732	0	4	0
86077022	0	2	0
86160751	0	1	0
86194482	0	8	0
86204514	0	1	0
86239862	0	1	0
86387522	0	2	0
86522041	0	1	0
86598090	0	1	0
86620982	0	2	0
86694924	0	1	0
86723334	0	1	0
86760930	0	1	0
86786747	0	1	0
86965030	0	1	0
87017239	0	1	0
87099629	0	1	0
87207294	0	1	0
87253501	0	1	0
87273855	0	1	0
87298498	0	1	0
87326031	0	3	0
87338619	0	1	0
87371694	0	1	0
87446957	0	2	0
87478108	0	1	0
87522901	0	1	0
87605970	0	1	0
87698323	0	1	0
87729839	0	1	0
87852387	0	1	0
87855023	0	1	0
87879857	0	1	0
87931403	0	2	0
87958429	0	1	0
87964032	0	1	0
87971448	0	1	0
87972122	0	1	0
87979686	0	1	0
87983263	0	1	0
88017071	0	1	0
88085129	0	4	0
88228919	0	1	0
88235162	0	1	0
88262025	0	1	0
88267455	0	1	0
88273482	0	1	0
88328890	0	1	0
88350992	0	2	0
88396664	0	1	0
88399818	0	2	0
88436714	0	1	0
88462073	0	3	0
88463892	0	1	0
88493613	0	7	0
88600147	0	3	0
88652596	0	1	0
88761918	0	1	0
88808082	0	0	1
88818680	0	0	1
88837607	0	1	0
88910919	0	5	0
89005430	0	2	0
89028824	0	1	0
89082616	0	2	0
89152910	0	1	0
89156009	0	1	0
89177409	0	1	0
89297985	0	1	0
89320437	0	10	0
89326482	0	1	0
89349579	0	1	0
89483172	0	1	0
89494665	0	1	0
89553768	0	0	1
89610091	0	1	0
89705148	0	1	0
89709909	0	3	0
89731585	0	2	0
89736188	0	1	0
89750047	0	2	0
89778513	0	1	0
89790229	0	1	0
89842037	0	2	0
89920906	0	1	0
89956030	0	1	0
89968712	0	1	0
90023903	0	1	0
90037988	0	3	0
90057902	0	1	0
90093481	0	1	0
90119140	0	1	0
90164829	0	1	0
90212694	0	2	0
90229441	0	3	0
90318854	0	3	0
90390267	0	2	0
90419800	0	1	0
90465941	0	1	0
90530676	0	2	0
90548458	0	1	0
90774842	0	1	0
90833460	0	1	0
90899921	0	1	0
90918541	0	1	0
90953079	0	1	0
91004562	0	2	0
91041873	0	1	0
91136289	0	2	0
91154529	0	1	0
91200065	0	1	0
91226259	0	1	0
91246321	0	1	0
91272088	0	2	0
91273118	0	3	0
91285749	0	0	1
91324593	0	2	0
91369128	0	1	0
91381964	0	1	0
91498845	0	1	0
91558962	0	2	0
91582453	0	1	0
91589231	0	2	0
91603864	0	1	0
91606746	0	1	0
91624165	0	3	0
91675422	0	1	0
91748713	0	4	0
91807556	0	1	0
91829393	0	2	0
91890288	0	1	0
91938651	0	1	0
91975997	0	3	0
92236344	0	2	0
92245403	0	2	0
92335875	0	1	0
92480892	0	1	0
92502015	0	1	0
92522125	0	1	0
92534277	0	1	0
92617851	0	1	0
92618356	0	2	0
92671785	0	1	0
92694560	0	1	0
92709510	0	1	0
92729285	0	2	0
92754835	0	3	0
92866274	0	2	0
92875850	0	4	0
92943673	0	1	0
92971329	0	3	0
92973650	0	2	0
93023010	0	1	0
93050557	0	1	0
93231818	0	1	0
93252197	0	1	0
93397308	0	2	0
93412760	0	3	0
93466906	0	6	0
93484024	0	1	0
93487065	0	3	0
93493517	0	1	0
93683031	0	1	0
93723867	0	1	0
93725431	0	3	0
93941846	0	2	0
93972031	0	2	0
93977769	0	1	0
94007055	0	3	0
94007495	0	1	0
94052469	0	6	0
94091860	0	1	0
94108173	0	2	0
94218760	0	1	0
94248726	0	1	0
94283186	0	5	0
94325061	0	1	0
94330516	0	2	0
94332405	0	1	0
94439557	0	1	0
94536499	0	3	0
94613419	0	1	0
94727639	0	2	0
94733018	0	2	0
94808527	0	2	0
94863511	0	1	0
94886741	0	3	0
94969074	0	1	0
94986818	0	1	0
95058238	0	1	0
95073670	0	1	0
95099514	0	1	0
95166239	0	4	0
95210379	0	1	0
95247499	0	1	0
95261144	0	2	0
95524128	0	1	0
95671170	0	1	0
95970582	0	1	0
96013745	0	1	0
96031193	0	1	0
96061332	0	1	0
96066642	0	1	0
96183575	0	1	0
96191201	0	1	0
96214832	0	1	0
96226270	0	2	0
96302422	0	4	0
96402677	0	0	1
96492557	0	1	0
96533766	0	1	0
96550964	0	2	0
96625018	0	1	0
96646725	0	3	0
96665628	0	1	0
96725596	0	1	0
96796014	0	1	0
96844176	0	1	0
96937723	0	1	0
96955624	0	1	0
97018136	0	5	0
97023405	0	1	0
97073436	0	0	1
97133294	0	1	0
97235826	0	3	0
97322566	0	2	0
97453425	0	1	0
97467846	0	1	0
97485282	0	1	0
97486999	0	2	0
97548803	0	1	0
97685499	0	3	0
97694009	0	2	0
97824567	0	1	0
97833283	0	2	0
97852987	0	3	0
97867105	0	1	0
97893950	0	1	0
97903947	0	2	0
98116457	0	1	0
98174476	0	3	0
98265211	0	2	0
98290773	0	1	0
98322421	0	1	0
98366152	0	1	0
98401612	0	2	0
98454701	0	1	0
98455420	0	1	0
98473112	0	6	0
98504210	0	1	0
98664733	0	1	0
98697412	0	1	0
98717234	0	1	0
98729241	0	1	0
98881631	0	1	0
98923180	0	2	0
98923270	0	1	0
99008654	0	2	0
99017502	0	0	1
99059784	0	2	0
99198362	0	1	0
99254507	0	1	0
99270202	0	1	0
99272948	0	1	0
99332157	0	1	0
99335264	0	1	0
99347810	0	1	0
99361120	0	2	0
99381464	0	3	0
99428571	0	1	0
99522495	0	1	0
99537271	0	1	0
99539132	0	2	0
99549879	0	1	0
99615140	0	1	0
99624738	0	1	0
99632650	0	1	0
99810297	0	1	0
99824005	0	1	0
99828173	0	1	0
99848962	0	1	0
99966171	0	5	0
100006846	0	2	0
100104545	0	3	0
100233496	0	2	0
100238238	0	5	0
100359987	0	1	0
100433285	0	3	0
100468725	0	2	0
100496956	0	1	0
100565309	0	3	0
100579718	0	1	0
100599292	0	1	0
100631829	0	1	0
100706238	0	1	0
100742951	0	1	0
100781989	0	2	0
100854002	0	1	0
100866993	0	1	0
100876191	0	1	0
100884734	0	1	0
100891942	0	1	0
100959179	0	2	0
100983576	0	1	0
101217782	0	1	0
101262288	0	1	0
101306905	0	1	0
101353911	0	1	0
101428069	0	3	0
101520174	0	1	0
101775016	0	1	0
101892967	0	3	0
102036625	0	1	0
102041666	0	2	0
102081000	0	1	0
102192189	0	1	0
102214750	0	2	0
102286411	0	1	0
102298123	0	1	0
102338480	0	4	0
102348190	0	1	0
102413012	0	3	0
102559810	0	4	0
102665325	0	1	0
102668608	0	5	0
102799510	0	2	0
102817534	0	0	1
102886870	0	3	0
102892992	0	3	0
102926380	0	1	0
103007656	0	1	0
103043119	0	2	0
103128277	0	1	0
103166549	0	1	0
103219610	0	4	0
103311527	0	1	0
103390465	0	4	0
103403248	0	1	0
103425849	0	4	0
103514519	0	1	0
103579644	0	1	0
103613491	0	1	0
103673905	0	1	0
103705091	0	1	0
103807312	0	2	0
103822473	0	1	0
103889890	0	0	1
103928839	0	1	0
104041660	0	5	0
104130695	0	1	0
104171918	0	1	0
104206970	0	1	0
104232628	0	1	0
104277692	0	1	0
104464407	0	1	0
104489577	0	1	0
104558764	0	1	0
104561723	0	1	0
104595480	0	2	0
104651589	0	1	0
104681326	0	0	1
104693806	0	5	0
104717353	0	1	0
104771250	0	1	0
105090494	0	2	0
105143115	0	1	0
105201819	0	1	0
105239988	0	2	0
105322415	0	1	0
105324429	0	1	0
105335246	0	1	0
105434783	0	1	0
105526862	0	2	0
105690177	0	3	0
105775351	0	1	0
105810269	0	6	0
105821532	0	1	0
105862587	0	1	0
105890029	0	1	0
105915398	0	0	1
105968617	0	1	0
105972689	0	2	0
105973813	0	1	0
106179001	0	1	0
106330615	0	3	0
106361387	0	1	0
106450462	0	3	0
106592891	0	1	0
106677131	0	1	0
106875411	0	1	0
106890528	0	1	0
106978950	0	1	0
107033299	0	1	0
107043212	0	1	0
107066744	0	2	0
107175912	0	1	0
107245281	0	1	0
107467433	0	1	0
107499608	0	1	0
107562821	0	1	0
107571730	0	1	0
107598874	0	1	0
107982048	0	1	0
107982083	0	1	0
108285370	0	1	0
108302370	0	1	0
108411935	0	3	0
108444148	0	1	0
108452086	0	3	0
108501767	0	1	0
108549407	0	4	0
108697237	0	1	0
108726318	0	1	0
108768786	0	1	0
108837715	0	1	0
108880475	0	1	0
108917204	0	1	0
108929744	0	2	0
108959735	0	3	0
109094411	0	1	0
109185571	0	1	0
109215688	0	1	0
109255973	0	1	0
109346114	0	1	0
109413247	0	3	0
109413248	0	1	0
109435313	0	1	0
109443305	0	1	0
109504722	0	2	0
109553736	0	1	0
109679833	0	1	0
109748584	0	1	0
109749756	0	1	0
109754201	0	2	0
109781914	0	1	0
109840192	0	1	0
110047227	0	1	0
110093594	0	1	0
110208824	0	1	0
110242804	0	1	0
110304449	0	1	0
110317030	0	1	0
110423915	0	1	0
110482375	0	1	0
110505516	0	1	0
110571774	0	1	0
110595751	0	3	0
110654838	0	1	0
110670007	0	1	0
110847106	0	8	0
111031118	0	1	0
111145394	0	4	0
111191407	0	3	0
111438309	0	2	0
111441294	0	4	0
111532641	0	1	0
111532680	0	2	0
111545621	0	2	0
111624428	0	2	0
111752187	0	3	0
111752292	0	1	0
111811606	0	0	1
111907608	0	1	0
111915061	0	1	0
112211811	0	1	0
112246147	0	1	0
112380812	0	1	0
112461873	0	1	0
112575153	0	2	0
112636062	0	1	0
112778766	0	6	0
112795886	0	1	0
112838898	0	1	0
112899261	0	1	0
113011784	0	1	0
113279095	0	1	0
113519136	0	2	0
113519886	0	1	0
113555073	0	1	0
113698525	0	1	0
113708145	0	1	0
113770978	0	1	0
113851332	0	4	0
114009018	0	3	0
114200222	0	3	0
114216914	0	2	0
114273584	0	0	1
114288856	0	1	0
114293612	0	1	0
114475255	0	1	0
114601029	0	2	0
114649724	0	1	0
114723982	0	2	0
114837370	0	1	0
114908267	0	7	0
114908600	0	1	0
115042886	0	1	0
115042925	0	1	0
115042973	0	1	0
115042982	0	1	0
115042997	0	3	0
115042998	0	1	0
115043002	0	1	0
115110938	0	1	0
115245892	0	1	0
115296142	0	1	0
115446357	0	1	0
115681533	0	2	0
115736360	0	2	0
115910159	0	1	0
115974938	0	1	0
115998909	0	1	0
116011882	0	1	0
116021986	0	2	0
116141223	0	1	0
116220808	0	3	0
116247795	0	1	0
116326656	0	1	0
116430127	0	2	0
116465868	0	1	0
116506178	0	1	0
116574256	0	1	0
116634372	0	1	0
116634973	0	1	0
116729618	0	3	0
116800392	0	3	0
116954366	0	2	0
117117818	0	2	0
117442430	0	1	0
117443613	0	1	0
117608460	0	1	0
117649467	0	1	0
117672772	0	2	0
117711387	0	1	0
117767546	0	1	0
117789178	0	1	0
118086232	0	1	0
118088592	0	1	0
118183516	0	1	0
118276551	0	1	0
118454523	0	1	0
118559208	0	2	0
118780795	0	1	0
118787827	0	1	0
118880799	0	1	0
118962347	0	5	0
118967141	0	1	0
119054008	0	4	0
119152150	0	0	1
119359997	0	0	1
119390924	0	1	0
119445628	0	1	0
119618557	0	1	0
119620015	0	2	0
119724695	0	1	0
119788247	0	1	0
120080412	0	1	0
120164097	0	1	0
120466011	0	1	0
120782616	0	1	0
120803710	0	1	0
120866357	0	1	0
121049530	0	6	0
121262680	0	1	0
121418091	0	1	0
121425166	0	1	0
121541132	0	2	0
121664506	0	1	0
121732572	0	1	0
121744830	0	4	0
121904510	0	1	0
121991268	0	2	0
122030923	0	1	0
122060186	0	2	0
122062199	0	2	0
122443369	0	3	0
122529483	0	1	0
122773814	0	1	0
122861390	0	4	0
122870816	0	1	0
122927137	0	1	0
123046153	0	1	0
123185967	0	3	0
123394948	0	2	0
123443239	0	2	0
123586461	0	2	0
123608901	0	4	0
123649690	0	1	0
123832048	0	1	0
123849276	0	3	0
123918354	0	2	0
124077643	0	1	0
124095185	0	1	0
124111388	0	2	0
124276761	0	1	0
124380863	0	1	0
124396562	0	1	0
124593909	0	2	0
124600814	0	2	0
124648925	0	2	0
124669453	0	1	0
124680828	0	1	0
124860756	0	1	0
124938529	0	2	0
125011404	0	1	0
125219494	0	1	0
125240130	0	1	0
125394387	0	3	0
125639858	0	3	0
125924540	0	1	0
126032344	0	2	0
126428617	0	1	0
126602462	0	10	0
126681854	0	1	0
126704218	0	1	0
126922822	0	1	0
127039044	0	1	0
127506768	0	1	0
127583204	0	1	0
127659258	0	2	0
127691284	0	1	0
127715202	0	1	0
127841095	0	3	0
127891519	0	3	0
127904628	0	6	0
128038881	0	1	0
128206516	0	4	0
128533289	0	1	0
128668127	0	1	0
128693035	0	1	0
128894126	0	1	0
128929633	0	1	0
129230729	0	2	0
129465254	0	0	1
129544371	0	1	0
129844194	0	1	0
129847189	0	1	0
130203870	0	2	0
130452251	0	1	0
130648020	0	3	0
130686304	0	4	0
130770144	0	4	0
130913258	0	3	0
131335502	0	5	0
131335512	0	1	0
131369713	0	3	0
131855049	0	1	0
132292946	0	1	0
132365961	0	3	0
132376873	0	1	0
132386928	0	1	0
132603317	0	1	0
132680769	0	2	0
132746174	0	1	0
132810822	0	1	0
132828665	0	2	0
133317041	0	2	0
133728821	0	1	0
133735207	0	2	0
133834465	0	1	0
133984943	0	4	0
134074900	0	1	0
134112025	0	1	0
134219329	0	3	0
134293364	0	2	0
134532643	0	1	0
134582355	0	3	0
134803776	0	1	0
135069673	0	2	0
135070386	0	1	0
135602380	0	3	0
136317309	0	2	0
136358747	0	4	0
136358891	0	1	0
136358927	0	1	0
136358928	0	1	0
136358948	0	1	0
136358978	0	1	0
136358982	0	1	0
136358994	0	1	0
136359007	0	1	0
136359012	0	1	0
136359018	0	1	0
136359034	0	2	0
136359039	0	1	0
136359043	0	1	0
136359057	0	1	0
136359062	0	1	0
136359073	0	2	0
136370637	0	1	0
136370650	0	1	0
136715296	0	0	1
136896029	0	1	0
137442978	0	1	0
137628593	0	1	0
137703492	0	1	0
137803885	0	3	0
137833362	0	1	0
137833586	0	1	0
138371443	0	1	0
138372219	0	2	0
138540163	0	1	0
157255896	0	0	1

