## htsjdk.samtools.metrics.StringHeader
# CollectInsertSizeMetrics --Histogram_FILE /dev/null --MINIMUM_PCT 0.0 --INCLUDE_DUPLICATES true --INPUT 260629_Emseq_LV_index_H1_Bap1_Math1_adult_mut_F1_S4.good_mapq --OUTPUT 260629_Emseq_LV_index_H1_Bap1_Math1_adult_mut_F1_S4.good_mapq.insert_size_metrics.txt --VALIDATION_STRINGENCY SILENT --DEVIATIONS 10.0 --METRIC_ACCUMULATION_LEVEL ALL_READS --ASSUME_SORTED true --STOP_AFTER 0 --VERBOSITY INFO --QUIET false --COMPRESSION_LEVEL 5 --MAX_RECORDS_IN_RAM 500000 --CREATE_INDEX false --CREATE_MD5_FILE false --help false --version false --showHidden false --USE_JDK_DEFLATER false --USE_JDK_INFLATER false
## htsjdk.samtools.metrics.StringHeader
# Started on: Thu Jul 30 08:13:45 PDT 2026

## METRICS CLASS	picard.analysis.InsertSizeMetrics
MEDIAN_INSERT_SIZE	MODE_INSERT_SIZE	MEDIAN_ABSOLUTE_DEVIATION	MIN_INSERT_SIZE	MAX_INSERT_SIZE	MEAN_INSERT_SIZE	STANDARD_DEVIATION	READ_PAIRS	PAIR_ORIENTATION	WIDTH_OF_10_PERCENT	WIDTH_OF_20_PERCENT	WIDTH_OF_30_PERCENT	WIDTH_OF_40_PERCENT	WIDTH_OF_50_PERCENT	WIDTH_OF_60_PERCENT	WIDTH_OF_70_PERCENT	WIDTH_OF_80_PERCENT	WIDTH_OF_90_PERCENT	WIDTH_OF_95_PERCENT	WIDTH_OF_99_PERCENT	SAMPLE	LIBRARY	READ_GROUP
228	198	52	2	180857436	243.118889	84.721806	1260107517	FR	21	41	61	83	105	129	159	197	269	359	541			
19225277	16015	19209267	2	182629116	32015297.616807	36359531.573348	27049	RF	11892785	22844757	33017531	38418275	38418535	38444075	51649493	86600847	134632913	175156641	241159051			
46552572.5	47822856	29599003.5	35	160457971	50592353.098291	36514989.629503	234	TANDEM	10525283	23816449	35801167	48267595	59086485	69508289	75330091	86208705	106630449	145314669	200731641			

## HISTOGRAM	java.lang.Integer
insert_size	All_Reads.fr_count	All_Reads.rf_count	All_Reads.tandem_count
2	8063	3	0
3	8596	2	0
4	9011	10	0
5	9862	8	0
6	10298	2	0
7	10824	0	0
8	11354	2	0
9	12390	4	0
10	13478	3	0
11	13815	1	0
12	15193	0	0
13	15522	2	0
14	16930	0	0
15	18349	1	0
16	19569	1	0
17	20023	1	0
18	20686	0	0
19	21424	0	0
20	22577	4	0
21	23662	0	0
22	25026	3	0
23	25392	2	0
24	26782	2	0
25	26833	0	0
26	28144	5	0
27	28532	2	0
28	29733	1	0
29	30651	0	0
30	32067	1	0
31	32935	5	0
32	33161	2	0
33	33974	1	0
34	34638	5	0
35	35357	2	1
36	36339	0	0
37	36555	1	0
38	14550	1	0
39	12449	3	0
40	12196	4	0
41	12867	4	0
42	14071	0	0
43	15543	1	0
44	16323	5	0
45	18239	3	0
46	19055	0	0
47	20475	8	0
48	22213	1	0
49	23684	2	0
50	24776	3	0
51	25826	0	0
52	26586	3	0
53	28697	0	0
54	29354	0	0
55	30647	0	0
56	31460	2	0
57	31532	1	0
58	35251	0	0
59	35281	3	0
60	36472	2	0
61	37533	1	0
62	38202	4	0
63	40223	3	0
64	40996	2	0
65	42883	1	0
66	44254	1	0
67	47071	4	0
68	48980	1	0
69	51405	0	0
70	54410	0	0
71	57039	0	0
72	60757	0	0
73	64051	0	0
74	67754	1	0
75	76030	0	0
76	80794	0	0
77	85903	1	0
78	92687	1	0
79	99892	0	0
80	111307	2	0
81	115527	4	0
82	125025	0	0
83	134870	1	0
84	145600	0	0
85	157769	0	0
86	171959	1	0
87	186884	1	0
88	204350	3	0
89	222848	1	0
90	244364	1	0
91	269196	4	0
92	294493	0	0
93	322885	0	0
94	350353	1	0
95	382253	0	0
96	417123	2	0
97	452884	1	0
98	489335	0	0
99	530538	2	0
100	571198	1	0
101	613113	0	0
102	659648	0	0
103	708185	0	0
104	756284	0	0
105	808420	0	0
106	868246	0	0
107	921378	3	0
108	980278	0	0
109	1041772	0	0
110	1108345	0	0
111	1170945	2	0
112	1238666	0	0
113	1311933	1	0
114	1379141	1	0
115	1451778	0	0
116	1529032	0	0
117	1602982	0	0
118	1680773	0	0
119	1765748	2	0
120	1848251	0	0
121	1929813	0	0
122	2015847	0	0
123	2104335	0	0
124	2190624	0	0
125	2281265	0	0
126	2376142	0	0
127	2469337	1	0
128	2554749	0	0
129	2650976	0	0
130	2744051	0	0
131	2840771	0	0
132	2939704	1	0
133	3037041	1	0
134	3130969	0	0
135	3231656	0	0
136	3329695	2	0
137	3426167	2	0
138	3531344	1	0
139	3631349	1	0
140	3727157	1	0
141	3828041	0	0
142	3937592	0	0
143	4032877	5	0
144	4129376	0	0
145	4233953	0	0
146	4332112	0	0
147	4436022	3	0
148	4537200	2	0
149	4631594	1	0
150	4741809	0	0
151	4839256	0	0
152	4929189	1	0
153	5028222	0	0
154	5106566	0	0
155	5187586	0	0
156	5265687	0	0
157	5350790	1	0
158	5427325	0	0
159	5503565	1	0
160	5583601	1	0
161	5659404	3	0
162	5729126	0	0
163	5801807	1	0
164	5872946	0	0
165	5935652	0	0
166	6000887	2	0
167	6061307	0	0
168	6121398	2	0
169	6177374	0	0
170	6234736	1	0
171	6293972	0	0
172	6344116	0	0
173	6390416	0	0
174	6440239	2	0
175	6490492	1	0
176	6532054	4	0
177	6568463	1	0
178	6610364	1	0
179	6648242	0	0
180	6677952	2	0
181	6711922	2	0
182	6739669	4	0
183	6767535	2	0
184	6792484	0	0
185	6814686	2	0
186	6838229	0	0
187	6859364	0	0
188	6877934	1	0
189	6887936	3	0
190	6904187	0	0
191	6915315	2	0
192	6928615	0	0
193	6929102	1	0
194	6938185	0	0
195	6935734	1	0
196	6944685	2	0
197	6942313	2	0
198	6945915	0	0
199	6938918	6	0
200	6933413	1	0
201	6931596	1	0
202	6909465	2	0
203	6906620	0	0
204	6897860	1	0
205	6885702	1	0
206	6874491	1	0
207	6860614	3	0
208	6843713	1	0
209	6830539	0	0
210	6813379	2	0
211	6795986	1	0
212	6772583	1	0
213	6756540	0	0
214	6735623	0	0
215	6716127	1	0
216	6692493	0	0
217	6663905	4	0
218	6641480	1	0
219	6624356	1	0
220	6585044	3	0
221	6560153	0	0
222	6540567	0	0
223	6503895	1	0
224	6478344	1	0
225	6445961	3	0
226	6415754	2	0
227	6390504	3	0
228	6359558	1	0
229	6327198	0	0
230	6300345	0	0
231	6268277	1	0
232	6241516	0	0
233	6204653	3	0
234	6167114	0	0
235	6128485	2	0
236	6062862	0	0
237	6027906	1	0
238	5997964	2	0
239	5963502	3	0
240	5928117	0	0
241	5891103	2	0
242	5850562	11	0
243	5805277	7	0
244	5773735	0	0
245	5729217	0	0
246	5695451	0	0
247	5652823	0	0
248	5612759	3	0
249	5574931	5	0
250	5529276	0	0
251	5485652	2	0
252	5451277	5	0
253	5402057	0	0
254	5358811	0	0
255	5312949	3	0
256	5279977	6	0
257	5232966	0	0
258	5190515	2	0
259	5148415	0	0
260	5104233	0	0
261	5060569	2	0
262	5015796	4	0
263	4975956	2	0
264	4933374	5	0
265	4892048	0	0
266	4848933	0	0
267	4810132	0	0
268	4761471	0	0
269	4722069	2	0
270	4676873	0	0
271	4630034	0	0
272	4539531	1	0
273	4491186	0	0
274	4447754	0	0
275	4410669	0	0
276	4373431	0	0
277	4337822	4	0
278	4294338	0	0
279	4254622	0	0
280	4212455	3	0
281	4171579	0	0
282	4135566	0	0
283	4101369	0	0
284	4061161	1	0
285	4025831	3	0
286	3988777	2	0
287	3945092	1	0
288	3902022	1	0
289	3871991	3	0
290	3831707	2	0
291	3799227	1	0
292	3758510	2	0
293	3717456	0	0
294	3683830	0	0
295	3648274	4	0
296	3612101	2	0
297	3577560	0	0
298	3530357	0	0
299	3502853	1	0
300	3460061	0	0
301	3429915	1	0
302	3396305	4	0
303	3359308	4	0
304	3320281	4	0
305	3285913	3	0
306	3255347	0	0
307	3222387	10	0
308	3182458	1	0
309	3148385	5	0
310	3117778	0	0
311	3083899	0	0
312	3049056	0	0
313	3020096	4	0
314	2986953	1	0
315	2958334	2	0
316	2925215	0	0
317	2890116	0	0
318	2858926	1	0
319	2829159	0	0
320	2799496	0	0
321	2768756	0	0
322	2733869	4	0
323	2702646	0	0
324	2677844	1	0
325	2646265	1	0
326	2617847	2	0
327	2586290	2	0
328	2553810	2	0
329	2534495	1	0
330	2497488	5	0
331	2469514	2	0
332	2446618	0	0
333	2413228	2	0
334	2387260	0	0
335	2361378	1	0
336	2337660	3	0
337	2305874	4	0
338	2279779	2	0
339	2254163	0	0
340	2227449	0	0
341	2201655	2	0
342	2175841	2	0
343	2147075	0	0
344	2126898	0	0
345	2105810	5	0
346	2076774	1	0
347	2053539	3	0
348	2025154	1	0
349	2007340	0	0
350	1980931	0	0
351	1952739	0	0
352	1927402	0	0
353	1907807	0	0
354	1891112	0	0
355	1866847	3	0
356	1843467	0	0
357	1821763	1	0
358	1795584	7	0
359	1779302	0	0
360	1757306	1	0
361	1735201	1	0
362	1715460	2	0
363	1692073	2	0
364	1667591	1	0
365	1649948	1	0
366	1633170	0	0
367	1611909	0	0
368	1593043	2	0
369	1570651	1	0
370	1552045	0	0
371	1535788	2	0
372	1512258	2	0
373	1495485	2	0
374	1483414	2	0
375	1460998	0	0
376	1440639	4	0
377	1425623	0	0
378	1408121	1	0
379	1387733	2	0
380	1371274	6	0
381	1355636	0	0
382	1342693	0	0
383	1318847	0	0
384	1297228	0	0
385	1284066	2	0
386	1266955	1	0
387	1255689	0	0
388	1238895	0	0
389	1223136	0	0
390	1207942	2	0
391	1190220	1	0
392	1173367	0	0
393	1159920	0	0
394	1142202	4	0
395	1133830	0	0
396	1115364	0	0
397	1101521	1	0
398	1090484	2	0
399	1071417	2	0
400	1056949	0	0
401	1046534	0	0
402	1030314	4	0
403	1016073	5	0
404	1002145	1	0
405	986826	5	0
406	975600	0	0
407	968513	0	0
408	950444	0	0
409	937160	2	0
410	923103	0	0
411	913125	2	0
412	903162	2	0
413	889329	0	0
414	875310	0	0
415	867527	1	0
416	852096	4	0
417	839624	10	0
418	832453	1	0
419	816262	0	0
420	811589	3	0
421	798551	1	0
422	785106	1	0
423	777280	0	0
424	761737	1	0
425	752041	0	0
426	742252	0	0
427	731127	2	0
428	724527	3	0
429	714359	1	0
430	703896	1	0
431	692084	2	0
432	686038	0	0
433	674810	0	0
434	664874	0	0
435	656352	0	0
436	649220	0	0
437	640896	3	0
438	633055	2	0
439	623241	3	0
440	613408	1	0
441	605973	1	0
442	594049	0	0
443	588182	1	0
444	577376	1	0
445	571676	4	0
446	561282	0	0
447	554484	0	0
448	544101	1	0
449	538089	2	0
450	532538	0	0
451	520674	0	0
452	513799	0	0
453	509705	2	0
454	499784	0	0
455	494621	1	0
456	486695	0	0
457	476602	1	0
458	471149	1	0
459	464452	0	0
460	456583	1	0
461	451564	0	0
462	444803	1	0
463	436459	1	0
464	431361	0	0
465	425552	1	0
466	418799	0	0
467	410446	3	0
468	406625	1	0
469	399621	0	0
470	392242	2	0
471	388139	0	0
472	381096	0	0
473	378327	0	0
474	370055	1	0
475	366282	1	0
476	360447	0	0
477	354524	2	0
478	349799	0	0
479	342353	0	0
480	341246	4	0
481	335491	0	0
482	329037	1	0
483	324487	0	0
484	318270	2	0
485	313325	2	0
486	309774	0	0
487	299078	0	0
488	295253	0	0
489	290136	0	0
490	284864	0	0
491	278839	0	0
492	277410	0	0
493	269799	0	0
494	269212	0	0
495	263453	0	0
496	256698	0	0
497	253206	0	0
498	248330	0	0
499	246534	0	0
500	241346	0	0
501	237906	0	0
502	232602	0	0
503	230094	0	0
504	224419	0	0
505	219045	0	0
506	216241	0	0
507	212975	0	0
508	207952	0	0
509	206965	0	0
510	203814	0	0
511	198689	0	0
512	193468	0	0
513	191062	1	0
514	190154	0	0
515	186216	0	0
516	181689	0	0
517	177431	0	0
518	175554	0	0
519	171472	1	0
520	167606	3	0
521	164546	0	0
522	162472	0	0
523	154952	0	0
524	152269	0	0
525	147446	1	0
526	145431	4	0
527	142372	0	0
528	140552	0	0
529	137702	0	0
530	134116	0	0
531	132416	0	0
532	130622	0	0
533	128765	0	0
534	125640	1	0
535	123072	2	0
536	122136	0	0
537	119234	1	0
538	115480	1	0
539	112446	0	0
540	111644	0	0
541	109383	2	0
542	107839	0	0
543	104518	0	0
544	102438	0	0
545	101802	0	0
546	99215	0	0
547	96317	1	0
548	95269	0	0
549	93553	1	0
550	91484	0	0
551	89304	2	0
552	88135	0	0
553	85728	0	0
554	84618	0	0
555	82733	0	0
556	80896	0	0
557	79489	0	0
558	78162	0	0
559	76562	0	0
560	75641	0	0
561	73433	1	0
562	71035	0	0
563	70557	0	0
564	69197	1	0
565	68684	1	0
566	66478	0	0
567	65311	0	0
568	64260	0	0
569	62765	0	0
570	59943	0	0
571	59810	0	0
572	58605	0	0
573	56688	0	0
574	55650	1	0
575	54834	1	0
576	53786	0	0
577	52265	0	0
578	51216	0	0
579	51282	0	0
580	49342	0	0
581	47996	0	0
582	47528	0	0
583	46246	0	0
584	44967	0	0
585	43680	0	0
586	43098	1	0
587	41467	3	0
588	42213	1	0
589	40403	0	0
590	40257	0	0
591	38629	0	0
592	38337	0	0
593	37127	4	0
594	36880	1	0
595	35384	9	0
596	34941	1	0
597	33365	1	0
598	33729	1	0
599	32300	0	0
600	31458	0	0
601	30936	0	0
602	30931	0	0
603	30027	2	0
604	28558	0	0
605	28065	1	0
606	27806	1	0
607	26888	0	0
608	26075	1	0
609	25704	1	0
610	25712	0	0
611	24811	0	0
612	24319	2	0
613	23881	0	0
614	23009	2	0
615	22369	3	0
616	22099	3	0
617	21181	0	0
618	21208	0	0
619	20473	0	0
620	20327	2	0
621	20150	2	0
622	18733	0	0
623	18247	2	0
624	18020	1	0
625	17971	0	0
626	17269	0	0
627	16764	0	0
628	16045	0	0
629	16122	0	0
630	15942	1	0
631	15058	1	0
632	14769	0	0
633	14427	0	0
634	13909	1	0
635	13804	4	0
636	13142	1	0
637	13188	0	0
638	12842	0	0
639	12670	0	0
640	12274	0	0
641	11863	0	0
642	12058	0	0
643	11108	2	0
644	10864	0	0
645	10311	2	0
646	10017	0	0
647	9840	0	0
648	9740	0	0
649	9327	0	0
650	8982	2	0
651	9141	0	0
652	9052	0	0
653	8324	0	0
654	8360	0	0
655	8273	0	0
656	7971	0	0
657	7896	0	0
658	7841	0	0
659	7441	0	0
660	7036	0	0
661	7016	0	0
662	6884	4	0
663	6959	0	0
664	6665	0	0
665	6468	0	0
666	6195	0	0
667	6142	0	0
668	6419	4	0
669	5581	0	0
670	5590	0	0
671	5547	0	0
672	5521	1	0
673	5497	0	0
674	5035	0	0
675	5178	2	0
676	4882	1	0
677	4771	0	0
678	4692	0	0
679	4692	0	0
680	4359	0	0
681	4204	0	0
682	4292	1	0
683	4246	0	0
684	3934	0	0
685	3983	0	0
686	4152	0	0
687	3794	0	0
688	3628	1	0
689	3479	0	0
690	3700	0	0
691	3266	11	0
692	3337	0	0
693	3318	0	0
694	3574	0	0
695	2911	0	0
696	2978	0	0
697	2807	2	0
698	3031	1	0
699	2920	0	0
700	2638	0	0
701	2837	0	0
702	2704	0	0
703	2731	0	0
704	2572	0	0
705	2463	0	0
706	2510	0	0
707	2374	0	0
708	2504	0	0
709	2264	0	0
710	2108	0	0
711	2134	0	0
712	2161	0	0
713	1999	1	0
714	2051	3	0
715	2089	0	0
716	2015	0	0
717	2024	0	0
718	1742	0	0
719	1797	0	0
720	1692	0	0
721	1824	0	0
722	1625	0	0
723	1569	0	0
724	1443	0	0
725	1612	0	0
726	1427	0	0
727	1537	0	0
728	1533	0	0
729	1356	0	0
730	1420	0	0
731	1172	0	0
732	1221	0	0
733	1213	2	0
734	1135	0	0
735	1105	0	0
736	1178	0	0
737	1142	0	0
738	1250	0	0
739	1266	0	0
740	990	1	0
741	1042	0	0
742	964	0	0
743	875	0	0
744	1028	0	0
745	846	0	0
746	1044	1	0
747	859	0	0
748	815	0	0
754	0	2	0
757	0	1	0
764	0	1	0
765	0	1	0
770	0	1	0
772	0	1	0
775	0	1	0
776	0	3	0
777	0	2	0
781	0	1	0
782	0	3	0
784	0	1	0
788	0	2	0
804	0	1	0
806	0	1	0
807	0	1	0
813	0	1	0
828	0	3	0
829	0	2	0
832	0	1	0
834	0	4	0
847	0	2	0
854	0	3	0
856	0	2	0
857	0	1	0
864	0	1	0
884	0	2	0
891	0	1	0
911	0	2	0
913	0	2	0
932	0	1	0
938	0	2	0
945	0	5	0
951	0	1	0
959	0	9	0
963	0	3	0
965	0	1	0
966	0	1	0
967	0	2	0
973	0	2	0
974	0	1	0
977	0	2	0
991	0	5	0
992	0	1	0
995	0	1	0
997	0	9	0
1002	0	3	0
1008	0	1	0
1015	0	2	0
1017	0	1	0
1018	0	1	0
1021	0	1	0
1025	0	1	0
1026	0	3	0
1027	0	1	0
1029	0	1	0
1035	0	1	0
1045	0	1	0
1057	0	1	0
1059	0	2	0
1061	0	1	0
1063	0	3	0
1067	0	2	0
1070	0	1	0
1074	0	1	0
1079	0	1	0
1082	0	3	0
1086	0	2	0
1089	0	3	0
1092	0	6	0
1093	0	12	0
1094	0	1	0
1095	0	2	0
1097	0	3	0
1098	0	1	0
1103	0	1	0
1106	0	1	0
1109	0	1	0
1111	0	5	0
1112	0	6	0
1113	0	1	0
1117	0	3	0
1123	0	1	0
1128	0	1	0
1130	0	8	0
1131	0	1	0
1132	0	3	0
1136	0	2	0
1137	0	2	0
1140	0	1	0
1161	0	1	0
1167	0	3	0
1173	0	1	0
1180	0	1	0
1187	0	2	0
1189	0	1	0
1191	0	1	0
1192	0	1	0
1193	0	1	0
1195	0	3	0
1196	0	1	0
1198	0	1	0
1204	0	1	0
1205	0	1	0
1207	0	2	0
1211	0	2	0
1219	0	3	0
1220	0	1	0
1223	0	4	0
1228	0	3	0
1232	0	1	0
1234	0	1	0
1244	0	5	0
1247	0	2	0
1251	0	1	0
1252	0	1	0
1256	0	2	0
1257	0	2	0
1263	0	2	0
1266	0	2	0
1267	0	1	0
1276	0	5	0
1281	0	1	0
1285	0	1	0
1291	0	2	0
1294	0	1	0
1303	0	1	0
1304	0	1	0
1311	0	2	0
1314	0	2	0
1315	0	1	0
1321	0	1	0
1322	0	1	0
1332	0	1	0
1338	0	3	0
1339	0	1	0
1343	0	1	0
1346	0	2	0
1359	0	1	0
1361	0	1	0
1373	0	1	0
1380	0	4	0
1404	0	1	0
1468	0	1	0
1471	0	1	0
1490	0	3	0
1495	0	1	0
1496	0	1	0
1500	0	3	0
1527	0	2	0
1571	0	4	0
1574	0	2	0
1610	0	1	0
1653	0	1	0
1656	0	1	0
1657	0	1	0
1659	0	1	0
1661	0	2	0
1687	0	1	0
1688	0	2	0
1716	0	1	0
1734	0	1	0
1749	0	1	0
1750	0	1	0
1760	0	2	0
1785	0	1	0
1809	0	1	0
1860	0	1	0
1872	0	1	0
1942	0	5	0
1981	0	1	0
1992	0	10	0
1996	0	1	0
2006	0	1	0
2029	0	5	0
2041	0	1	0
2043	0	7	0
2046	0	3	0
2052	0	6	0
2053	0	4	0
2055	0	4	0
2057	0	1	0
2058	0	6	0
2063	0	2	0
2065	0	1	0
2066	0	6	0
2067	0	2	0
2080	0	2	0
2082	0	9	0
2083	0	4	0
2085	0	8	0
2092	0	1	0
2094	0	1	0
2095	0	9	0
2108	0	1	0
2114	0	1	0
2117	0	1	0
2118	0	1	0
2132	0	2	0
2138	0	1	0
2140	0	1	0
2144	0	1	0
2146	0	6	0
2152	0	2	0
2168	0	1	0
2177	0	3	0
2182	0	3	0
2184	0	1	0
2188	0	1	0
2189	0	1	0
2193	0	3	0
2200	0	1	0
2205	0	1	0
2209	0	4	0
2220	0	4	0
2221	0	1	0
2222	0	1	0
2223	0	1	0
2226	0	1	0
2229	0	4	0
2234	0	3	0
2242	0	1	0
2245	0	1	0
2249	0	10	0
2251	0	1	0
2252	0	1	0
2254	0	3	0
2255	0	2	0
2260	0	3	0
2263	0	1	0
2277	0	2	0
2281	0	1	0
2282	0	2	0
2283	0	5	0
2287	0	1	0
2293	0	7	0
2296	0	4	0
2298	0	2	0
2300	0	1	0
2309	0	1	0
2310	0	1	0
2315	0	1	0
2318	0	1	0
2323	0	2	0
2326	0	2	0
2327	0	1	0
2329	0	1	0
2332	0	2	0
2333	0	5	0
2336	0	1	0
2342	0	2	0
2343	0	1	0
2346	0	2	0
2352	0	3	0
2356	0	2	0
2359	0	3	0
2360	0	5	0
2362	0	2	0
2366	0	2	0
2370	0	1	0
2372	0	2	0
2375	0	2	0
2386	0	1	0
2388	0	1	0
2394	0	4	0
2396	0	3	0
2397	0	1	0
2399	0	1	0
2401	0	1	0
2408	0	4	0
2409	0	1	0
2412	0	1	0
2414	0	1	0
2424	0	1	0
2426	0	2	0
2432	0	1	0
2435	0	2	0
2436	0	1	0
2444	0	1	0
2448	0	1	0
2456	0	1	0
2462	0	1	0
2468	0	2	0
2472	0	1	0
2474	0	1	0
2480	0	1	0
2485	0	2	0
2487	0	3	0
2490	0	1	0
2494	0	1	0
2496	0	1	0
2497	0	1	0
2501	0	4	0
2502	0	1	0
2510	0	1	0
2537	0	1	0
2578	0	1	0
2616	0	5	0
2644	0	1	0
2702	0	1	0
2708	0	3	0
2718	0	1	0
2819	0	1	0
2820	0	1	0
2844	0	1	0
2865	0	3	0
2873	0	1	0
2908	0	2	0
2963	0	4	0
2972	0	1	0
2995	0	3	0
3036	0	2	0
3048	0	1	0
3056	0	2	0
3063	0	2	0
3073	0	2	0
3081	0	1	0
3103	0	1	0
3105	0	1	0
3112	0	2	0
3130	0	1	0
3133	0	1	0
3138	0	1	0
3153	0	4	0
3161	0	3	0
3164	0	2	0
3169	0	2	0
3175	0	2	0
3179	0	1	0
3187	0	1	0
3191	0	1	0
3192	0	1	0
3202	0	1	0
3207	0	1	0
3210	0	2	0
3233	0	1	0
3238	0	1	0
3240	0	5	0
3353	0	1	0
3431	0	1	0
3550	0	2	0
3594	0	1	0
3665	0	1	0
3666	0	1	0
3669	0	1	0
3674	0	1	0
3679	0	1	0
3686	0	1	0
3687	0	4	0
3689	0	1	0
3700	0	3	0
3718	0	3	0
3719	0	7	0
3726	0	6	0
3736	0	1	0
3819	0	2	0
3821	0	2	0
3839	0	1	0
3843	0	1	0
3871	0	1	0
3900	0	1	0
3976	0	4	0
3993	0	2	0
4072	0	1	0
4200	0	1	0
4298	0	1	0
4332	0	5	0
4358	0	2	0
4381	0	2	0
4460	0	1	0
4601	0	2	0
4606	0	2	0
4607	0	1	0
4626	0	1	0
4652	0	1	0
4653	0	2	0
4667	0	1	0
4695	0	4	0
4806	0	1	0
4926	0	1	0
4969	0	2	0
5010	0	1	0
5089	0	2	0
5149	0	3	0
5166	0	2	0
5195	0	1	0
5251	0	1	0
5261	0	4	0
5280	0	2	0
5324	0	7	0
5370	0	1	0
5511	0	2	0
5619	0	2	0
5769	0	2	0
5867	0	1	0
5969	0	1	0
6259	0	1	0
6284	0	1	0
6305	0	2	0
6340	0	1	0
6349	0	1	0
6417	0	2	0
6463	0	6	0
6518	0	1	0
6579	0	1	0
6626	0	2	0
6716	0	1	0
6857	0	2	0
6921	0	1	0
6935	0	3	0
7042	0	2	0
7095	0	1	0
7138	0	2	0
7164	0	2	0
7206	0	8	0
7280	0	1	0
7295	0	1	0
7302	0	1	0
7334	0	1	0
7370	0	2	0
7414	0	1	0
7416	0	2	0
7436	0	3	0
7440	0	2	0
7450	0	2	0
7454	0	1	0
7463	0	1	0
7471	0	1	0
7472	0	1	0
7473	0	2	0
7518	0	4	0
7580	0	1	0
7653	0	2	0
7659	0	2	0
7674	0	6	0
7778	0	2	0
7784	0	2	0
7801	0	1	0
7821	0	1	0
7822	0	1	0
7825	0	1	0
7908	0	1	0
7948	0	2	0
8003	0	4	0
8093	0	2	0
8123	0	2	0
8134	0	2	0
8136	0	5	0
8151	0	1	0
8161	0	2	0
8173	0	1	0
8196	0	1	0
8577	0	1	0
8594	0	2	0
8846	0	1	0
8877	0	1	0
8935	0	1	0
8938	0	1	0
8956	0	2	0
9163	0	1	0
9335	0	1	0
9860	0	2	0
9885	0	1	0
9945	0	4	0
9972	0	1	0
10074	0	2	0
10082	0	1	0
10094	0	1	0
10100	0	3	0
10121	0	1	0
10138	0	1	0
10142	0	1	0
10161	0	2	0
10177	0	1	0
10180	0	1	0
10203	0	6	0
10341	0	1	0
10452	0	4	0
10594	0	2	0
10605	0	1	0
10607	0	1	0
10657	0	4	0
10673	0	1	0
10679	0	1	0
10732	0	4	0
10894	0	4	0
10895	0	1	0
11059	0	1	0
11182	0	5	0
11311	0	1	0
11319	0	1	0
11563	0	1	0
11655	0	3	0
11778	0	2	0
11835	0	1	0
11980	0	2	0
11988	0	4	0
11995	0	2	0
12027	0	4	0
12081	0	2	0
12096	0	1	0
12470	0	1	0
12502	0	1	0
12693	0	2	0
12697	0	2	0
12755	0	1	0
12956	0	1	0
13373	0	1	0
14138	0	2	0
14171	0	1	0
14190	0	1	0
14264	0	3	0
14489	0	2	0
14808	0	4	0
14880	0	1	0
14950	0	1	0
15034	0	1	0
15054	0	1	0
15320	0	2	0
15674	0	7	0
15683	0	3	0
15687	0	3	0
15703	0	1	0
15713	0	1	0
15730	0	4	0
15736	0	1	0
15742	0	6	0
15752	0	4	0
15755	0	2	0
15757	0	3	0
15758	0	1	0
15761	0	3	0
15763	0	10	0
15770	0	3	0
15774	0	1	0
15775	0	5	0
15777	0	2	0
15783	0	1	0
15784	0	2	0
15785	0	2	0
15787	0	7	0
15789	0	2	0
15791	0	2	0
15794	0	2	0
15797	0	8	0
15799	0	5	0
15800	0	7	0
15801	0	5	0
15802	0	20	0
15804	0	5	0
15808	0	22	0
15810	0	4	0
15812	0	9	0
15815	0	5	0
15817	0	9	0
15818	0	4	0
15821	0	4	0
15822	0	6	0
15824	0	3	0
15826	0	13	0
15827	0	8	0
15828	0	11	0
15829	0	7	0
15831	0	4	0
15832	0	7	0
15833	0	8	0
15834	0	1	0
15835	0	1	0
15837	0	5	0
15838	0	3	0
15839	0	3	0
15840	0	4	0
15841	0	2	0
15842	0	5	0
15843	0	1	0
15844	0	5	0
15845	0	8	0
15846	0	8	0
15850	0	8	0
15851	0	4	0
15852	0	7	0
15853	0	13	0
15854	0	1	0
15855	0	6	0
15856	0	8	0
15857	0	3	0
15858	0	12	0
15860	0	4	0
15861	0	10	0
15862	0	3	0
15863	0	5	0
15864	0	7	0
15865	0	8	0
15866	0	4	0
15867	0	2	0
15868	0	14	0
15869	0	2	0
15870	0	21	0
15871	0	8	0
15872	0	10	0
15874	0	12	0
15875	0	2	0
15876	0	2	0
15877	0	10	0
15878	0	11	0
15879	0	3	0
15880	0	14	0
15882	0	12	0
15883	0	8	0
15884	0	11	0
15885	0	1	0
15886	0	10	0
15887	0	7	0
15888	0	3	0
15889	0	4	0
15890	0	18	0
15891	0	8	0
15892	0	15	0
15893	0	14	0
15894	0	7	0
15895	0	9	0
15896	0	5	0
15897	0	7	0
15898	0	6	0
15899	0	9	0
15900	0	8	0
15901	0	10	0
15902	0	8	0
15903	0	7	0
15904	0	13	0
15905	0	5	0
15906	0	5	0
15907	0	7	0
15908	0	9	0
15909	0	13	0
15910	0	11	0
15911	0	5	0
15912	0	13	0
15913	0	9	0
15914	0	15	0
15915	0	6	0
15916	0	11	0
15917	0	18	0
15918	0	3	0
15919	0	4	0
15920	0	17	0
15921	0	7	0
15922	0	12	0
15923	0	26	0
15924	0	17	0
15925	0	11	0
15926	0	14	0
15927	0	14	0
15928	0	10	0
15929	0	4	0
15930	0	28	0
15931	0	6	0
15932	0	13	0
15933	0	9	0
15934	0	16	0
15935	0	12	0
15936	0	11	0
15937	0	12	0
15938	0	8	0
15939	0	22	0
15940	0	17	0
15941	0	9	0
15942	0	21	0
15943	0	11	0
15944	0	20	0
15945	0	7	0
15946	0	3	0
15947	0	23	0
15948	0	16	0
15949	0	19	0
15950	0	7	0
15951	0	13	0
15952	0	29	0
15953	0	19	0
15954	0	24	0
15955	0	9	0
15956	0	17	0
15957	0	8	0
15958	0	26	0
15959	0	11	0
15960	0	10	0
15961	0	21	0
15962	0	13	0
15963	0	18	0
15964	0	11	0
15965	0	21	0
15966	0	25	0
15967	0	12	0
15968	0	12	0
15969	0	37	0
15970	0	9	0
15971	0	2	0
15972	0	17	0
15973	0	15	0
15974	0	12	0
15975	0	15	0
15976	0	31	0
15977	0	17	0
15978	0	17	0
15979	0	27	0
15980	0	11	0
15981	0	14	0
15982	0	15	0
15983	0	14	0
15984	0	22	0
15985	0	19	0
15986	0	23	0
15987	0	17	0
15988	0	13	0
15989	0	14	0
15990	0	25	0
15991	0	9	0
15992	0	14	0
15993	0	28	0
15994	0	20	0
15995	0	17	0
15996	0	11	0
15997	0	7	0
15998	0	38	0
15999	0	30	0
16000	0	27	0
16001	0	32	0
16002	0	23	0
16003	0	15	0
16004	0	24	0
16005	0	17	0
16006	0	28	0
16007	0	22	0
16008	0	16	0
16009	0	21	0
16010	0	22	0
16011	0	20	0
16012	0	19	0
16013	0	29	0
16014	0	10	0
16015	0	47	0
16016	0	35	0
16017	0	10	0
16018	0	15	0
16019	0	19	0
16020	0	34	0
16021	0	21	0
16022	0	30	0
16023	0	30	0
16024	0	20	0
16025	0	36	0
16026	0	35	0
16027	0	22	0
16028	0	16	0
16029	0	22	0
16030	0	24	0
16031	0	30	0
16032	0	24	0
16033	0	29	0
16034	0	15	0
16035	0	16	0
16036	0	18	0
16037	0	19	0
16038	0	14	0
16039	0	23	0
16040	0	22	0
16041	0	15	0
16042	0	25	0
16043	0	22	0
16044	0	21	0
16045	0	18	0
16046	0	19	0
16047	0	26	0
16048	0	21	0
16049	0	26	0
16050	0	25	0
16051	0	28	0
16052	0	14	0
16053	0	18	0
16054	0	26	0
16055	0	23	0
16056	0	16	0
16057	0	25	0
16058	0	28	0
16059	0	20	0
16060	0	19	0
16061	0	29	0
16062	0	21	0
16063	0	34	0
16064	0	39	0
16065	0	18	0
16066	0	43	0
16067	0	29	0
16068	0	32	0
16069	0	18	0
16070	0	35	0
16071	0	26	0
16072	0	35	0
16073	0	28	0
16074	0	32	0
16075	0	36	0
16076	0	23	0
16077	0	31	0
16078	0	20	0
16079	0	32	0
16080	0	21	0
16081	0	28	0
16082	0	36	0
16083	0	16	0
16084	0	24	0
16085	0	24	0
16086	0	28	0
16087	0	24	0
16088	0	27	0
16089	0	20	0
16090	0	24	0
16091	0	23	0
16092	0	34	0
16093	0	22	0
16094	0	37	0
16095	0	27	0
16096	0	25	0
16097	0	30	0
16098	0	25	0
16099	0	20	0
16100	0	24	0
16101	0	17	0
16102	0	18	0
16103	0	20	0
16104	0	10	0
16105	0	14	0
16106	0	12	0
16107	0	18	0
16108	0	13	0
16109	0	14	0
16110	0	8	0
16111	0	21	0
16112	0	19	0
16113	0	25	0
16114	0	21	0
16115	0	23	0
16116	0	8	0
16117	0	16	0
16118	0	17	0
16119	0	4	0
16120	0	9	0
16121	0	9	0
16122	0	10	0
16123	0	6	0
16124	0	13	0
16125	0	12	0
16126	0	11	0
16127	0	6	0
16128	0	4	0
16129	0	8	0
16130	0	6	0
16131	0	12	0
16132	0	13	0
16133	0	2	0
16134	0	6	0
16135	0	4	0
16136	0	7	0
16137	0	3	0
16139	0	9	0
16140	0	8	0
16141	0	4	0
16142	0	5	0
16143	0	3	0
16144	0	2	0
16145	0	1	0
16332	0	1	0
16694	0	2	0
16721	0	1	0
17300	0	1	0
17324	0	2	0
17331	0	1	0
17439	0	1	0
17867	0	1	0
18284	0	1	0
18510	0	2	0
18690	0	1	0
19042	0	1	0
19175	0	2	0
19180	0	1	0
19191	0	1	0
19193	0	4	0
19226	0	1	0
19230	0	6	0
19262	0	2	0
19316	0	1	0
19342	0	1	0
19501	0	3	0
19511	0	1	0
19542	0	1	0
19543	0	2	0
19557	0	1	0
19564	0	2	0
19573	0	3	0
19582	0	1	0
19584	0	1	0
19834	0	6	0
19927	0	4	0
20203	0	1	0
20663	0	1	0
21238	0	1	0
21837	0	1	0
21894	0	5	0
22042	0	1	0
22980	0	1	0
23464	0	1	0
23695	0	4	0
23856	0	3	0
23990	0	1	0
24152	0	1	0
24847	0	2	0
25110	0	2	0
25151	0	2	0
25223	0	1	0
25698	0	1	0
25773	0	2	0
26687	0	2	0
27372	0	1	0
27374	0	1	0
27376	0	2	0
27382	0	1	0
27385	0	1	0
27408	0	1	0
27428	0	2	0
27627	0	1	0
27659	0	1	0
27695	0	2	0
27755	0	1	0
27760	0	1	0
27889	0	1	0
28276	0	2	0
28537	0	1	0
28748	0	1	0
28787	0	1	0
29172	0	2	0
29238	0	2	0
29249	0	3	0
29284	0	1	0
29299	0	1	0
29303	0	1	0
29305	0	3	0
29311	0	2	0
29320	0	2	0
29329	0	1	0
29344	0	1	0
29346	0	1	0
29353	0	2	0
29363	0	1	0
29370	0	1	0
29397	0	3	0
29814	0	1	0
31356	0	2	0
31595	0	7	0
31627	0	5	0
32145	0	4	0
32958	0	1	0
33078	0	1	0
33174	0	3	0
33643	0	1	0
34790	0	1	0
34923	0	1	0
35358	0	1	0
35915	0	2	0
36597	0	2	0
37138	0	2	0
37288	0	1	0
37314	0	1	0
37351	0	1	0
37359	0	1	0
37364	0	2	0
37424	0	1	0
37603	0	6	0
38275	0	1	0
38368	0	5	0
38416	0	3	0
38439	0	1	0
38464	0	1	0
38465	0	1	0
38473	0	4	0
38479	0	2	0
38480	0	2	0
38489	0	1	0
38497	0	2	0
38533	0	1	0
38544	0	2	0
38557	0	1	0
38569	0	2	0
38577	0	1	0
38580	0	1	0
38586	0	1	0
38588	0	1	0
38642	0	2	0
41818	0	4	0
41840	0	1	0
42229	0	1	0
44655	0	3	0
44833	0	1	0
48622	0	1	0
48661	0	1	0
48708	0	2	0
48722	0	3	0
48740	0	1	0
49164	0	1	0
49165	0	1	0
49887	0	1	0
49977	0	1	0
50279	0	1	0
51247	0	2	0
51311	0	1	0
51987	0	2	0
52308	0	1	0
52363	0	1	0
52780	0	4	0
52791	0	3	0
53039	0	2	0
53559	0	1	0
54227	0	1	0
54451	0	2	0
54453	0	2	0
54552	0	1	0
54600	0	1	0
54630	0	1	0
54804	0	1	0
55317	0	3	0
55324	0	3	0
55328	0	1	0
56143	0	1	0
56392	0	1	0
57067	0	1	0
57362	0	2	0
57908	0	2	0
60102	0	1	0
60191	0	1	0
60645	0	1	0
61863	0	1	0
63444	0	1	0
64726	0	2	0
64942	0	1	0
66116	0	4	0
66418	0	1	0
68073	0	2	0
68160	0	1	0
68457	0	1	0
68664	0	2	0
68989	0	1	0
69353	0	1	0
70090	0	3	0
70282	0	5	0
70963	0	2	0
72396	0	1	0
72739	0	1	0
72803	0	1	0
73140	0	1	0
73466	0	2	0
74354	0	1	0
75154	0	3	0
75353	0	1	0
75357	0	1	0
75567	0	5	0
75929	0	2	0
76288	0	3	0
76347	0	1	0
76378	0	1	0
76469	0	1	0
76721	0	1	0
77069	0	1	0
77115	0	1	0
77357	0	1	0
77579	0	1	0
77762	0	1	0
77826	0	1	0
78460	0	1	0
78734	0	1	0
80508	0	1	0
80849	0	1	0
81135	0	1	0
81286	0	1	0
81291	0	2	0
81313	0	1	0
81481	0	3	0
81504	0	4	0
81574	0	1	0
81576	0	1	0
81603	0	1	0
81604	0	1	0
82225	0	2	0
82257	0	4	0
82314	0	1	0
82323	0	1	0
82402	0	1	0
82406	0	1	0
82680	0	1	0
82870	0	1	0
83294	0	1	0
84722	0	1	0
85398	0	1	0
85519	0	1	0
87313	0	5	0
88092	0	1	0
88594	0	1	0
88953	0	2	0
89291	0	1	0
89384	0	1	0
91755	0	2	0
93423	0	1	0
98127	0	2	0
98527	0	1	0
99422	0	2	0
101207	0	1	0
101244	0	4	0
102705	0	1	0
103996	0	1	0
106262	0	1	0
106339	0	3	0
107703	0	1	0
108579	0	3	0
109664	0	1	0
109909	0	2	0
110268	0	3	0
110627	0	1	0
110839	0	1	0
111492	0	1	0
111504	0	1	0
111506	0	1	0
111509	0	2	0
111517	0	3	0
111531	0	1	0
111532	0	1	0
111538	0	1	0
111541	0	4	0
111544	0	1	0
111559	0	2	0
111566	0	2	0
111582	0	3	0
111584	0	2	0
111588	0	1	0
111589	0	2	0
111590	0	2	0
111592	0	3	0
111593	0	1	0
111598	0	1	0
111607	0	1	0
111608	0	1	0
111617	0	1	0
111619	0	1	0
111621	0	1	0
111631	0	2	0
111638	0	1	0
111649	0	1	0
111651	0	1	0
111655	0	1	0
111659	0	1	0
111669	0	1	0
111670	0	1	0
111679	0	1	0
111680	0	1	0
111683	0	1	0
111697	0	1	0
111702	0	1	0
111704	0	1	0
111706	0	1	0
111707	0	1	0
111713	0	1	0
111717	0	1	0
111727	0	1	0
111749	0	1	0
111917	0	1	0
112068	0	1	0
112073	0	2	0
113401	0	4	0
113408	0	1	0
113419	0	2	0
113438	0	4	0
113445	0	1	0
113455	0	1	0
113465	0	2	0
113466	0	2	0
113472	0	1	0
113481	0	1	0
113485	0	2	0
113491	0	1	0
113505	0	1	0
113510	0	2	0
113512	0	4	0
113516	0	1	0
113520	0	1	0
113521	0	2	0
113522	0	1	0
113523	0	2	0
113527	0	4	0
113530	0	7	0
113531	0	2	0
113538	0	1	0
113542	0	2	0
113549	0	1	0
113554	0	1	0
113556	0	1	0
113557	0	2	0
113571	0	2	0
113576	0	1	0
113587	0	2	0
113589	0	1	0
113591	0	1	0
113597	0	2	0
113602	0	2	0
113603	0	1	0
113604	0	2	0
113607	0	1	0
113609	0	1	0
113612	0	2	0
113614	0	1	0
113618	0	2	0
113622	0	1	0
113629	0	1	0
113630	0	1	0
113637	0	1	0
113649	0	1	0
113652	0	2	0
113656	0	1	0
113659	0	3	0
113672	0	1	0
113677	0	1	0
113685	0	1	0
113688	0	1	0
113690	0	1	0
113695	0	2	0
113696	0	1	0
113699	0	1	0
113702	0	1	0
113707	0	1	0
113708	0	1	0
113711	0	1	0
113742	0	1	0
114173	0	1	0
117031	0	2	0
117044	0	2	0
119171	0	1	0
119818	0	1	0
120652	0	2	0
121221	0	1	0
122101	0	2	0
122694	0	1	0
122843	0	2	0
123375	0	1	0
124984	0	1	0
125145	0	1	0
125168	0	3	0
128596	0	1	0
129175	0	2	0
129193	0	1	0
129765	0	3	0
131430	0	1	0
131831	0	1	0
131861	0	1	0
131948	0	1	0
131976	0	2	0
132003	0	1	0
134100	0	2	0
135460	0	1	0
135703	0	1	0
139613	0	1	0
140581	0	1	0
142671	0	3	0
143238	0	1	0
143344	0	2	0
143504	0	1	0
143507	0	3	0
143586	0	2	0
143665	0	1	0
143799	0	1	0
143863	0	1	0
144238	0	1	0
144433	0	1	0
145246	0	2	0
145866	0	1	0
147790	0	1	0
148294	0	1	0
148374	0	1	0
149270	0	1	0
149414	0	1	0
150460	0	1	0
151507	0	2	0
151604	0	1	0
152194	0	1	0
152438	0	1	0
152455	0	1	0
152481	0	1	0
152501	0	1	0
153018	0	1	0
153403	0	1	0
153417	0	1	0
154040	0	1	0
154223	0	1	0
157076	0	1	0
157381	0	1	0
158074	0	1	0
158338	0	1	0
160206	0	1	0
160904	0	1	0
160993	0	1	0
162152	0	1	0
163340	0	1	0
164744	0	1	0
166151	0	1	0
166969	0	1	0
168571	0	1	0
168581	0	1	0
168937	0	2	0
170144	0	2	0
171024	0	3	0
171202	0	1	0
171275	0	1	0
171373	0	1	0
172431	0	1	0
173008	0	1	0
174267	0	3	0
174938	0	2	0
177663	0	3	0
177694	0	2	0
180666	0	1	0
181507	0	1	0
181822	0	1	0
182076	0	2	0
182327	0	1	0
183302	0	2	0
187399	0	1	0
187834	0	1	0
187951	0	3	0
187965	0	2	0
187984	0	1	0
187991	0	2	0
188020	0	1	0
188023	0	2	0
188031	0	3	0
188038	0	2	0
188048	0	2	0
188058	0	1	0
188059	0	1	0
188063	0	2	0
188075	0	3	0
188078	0	1	0
188081	0	2	0
188089	0	1	0
188100	0	1	0
188106	0	1	0
188110	0	1	0
188121	0	1	0
188128	0	2	0
188138	0	2	0
188139	0	1	0
188154	0	1	0
188167	0	1	0
188750	0	1	0
189000	0	1	0
189569	0	1	0
192808	0	1	0
193806	0	1	0
193984	0	1	0
194027	0	1	0
194519	0	1	0
195829	0	1	0
196016	0	2	0
196512	0	1	0
200600	0	4	0
203549	0	1	0
204936	0	1	0
207754	0	1	0
207774	0	1	0
210667	0	1	0
211757	0	1	0
212304	0	3	0
214198	0	1	0
215604	0	1	0
215769	0	1	0
215808	0	1	0
218253	0	1	0
220782	0	1	0
221501	0	1	0
225259	0	4	0
226934	0	1	0
227009	0	2	0
227427	0	2	0
227434	0	1	0
227676	0	2	0
231661	0	1	0
233200	0	1	0
235200	0	1	0
240250	0	1	0
240416	0	1	0
240965	0	2	0
244547	0	1	0
244962	0	1	0
246790	0	2	0
251174	0	1	0
253128	0	1	0
255382	0	1	0
257953	0	1	0
257959	0	1	0
258021	0	1	0
258788	0	1	0
258791	0	1	0
259023	0	1	0
260520	0	3	0
261303	0	1	0
277940	0	1	0
281082	0	1	0
282228	0	2	0
282352	0	2	0
284002	0	1	0
287204	0	3	0
287280	0	1	0
287808	0	1	0
287891	0	1	0
291777	0	1	0
293275	0	3	0
293983	0	1	0
294768	0	3	0
296150	0	1	0
302844	0	1	0
304048	0	1	0
304573	0	1	0
304717	0	1	0
304961	0	1	0
306092	0	2	0
308180	0	2	0
308498	0	1	0
308950	0	1	0
309965	0	1	0
310226	0	1	0
310713	0	1	0
310720	0	1	0
310751	0	1	0
310769	0	1	0
310773	0	1	0
310792	0	1	0
312808	0	1	0
314847	0	1	0
316851	0	1	0
316899	0	2	0
316977	0	5	0
317055	0	2	0
318029	0	1	0
318507	0	1	0
318782	0	1	0
319613	0	1	0
319684	0	2	0
321046	0	2	0
323493	0	1	0
323501	0	1	0
323534	0	1	0
323535	0	2	0
323540	0	4	0
323543	0	2	0
324901	0	1	0
325683	0	2	0
326227	0	2	0
329020	0	0	1
330002	0	1	0
331824	0	1	0
333538	0	1	0
333603	0	1	0
335432	0	1	0
335481	0	1	0
337049	0	1	0
340805	0	1	0
340845	0	1	0
342724	0	1	0
348399	0	1	0
353462	0	1	0
355979	0	1	0
360068	0	3	0
362103	0	1	0
368111	0	1	0
371545	0	1	0
371564	0	1	0
372136	0	1	0
383786	0	1	0
384383	0	1	0
384633	0	1	0
387405	0	3	0
390602	0	2	0
390841	0	1	0
391092	0	1	0
392261	0	4	0
392360	0	3	0
392408	0	1	0
392419	0	3	0
392432	0	3	0
392523	0	2	0
392802	0	1	0
393706	0	1	0
396003	0	1	0
396416	0	1	0
399990	0	2	0
401280	0	2	0
404288	0	1	0
404328	0	1	0
405491	0	1	0
407254	0	1	0
407362	0	1	0
410455	0	1	0
417187	0	1	0
422888	0	1	0
423850	0	1	0
424398	0	1	0
424618	0	1	0
424886	0	1	0
425484	0	1	0
427578	0	1	0
438164	0	1	0
438816	0	1	0
441290	0	1	0
443860	0	2	0
444543	0	1	0
446114	0	1	0
447541	0	1	0
450588	0	1	0
455056	0	1	0
455628	0	1	0
456023	0	4	0
457191	0	1	0
459223	0	1	0
459815	0	1	0
459872	0	3	0
459954	0	1	0
460020	0	4	0
460087	0	2	0
460564	0	1	0
460624	0	3	0
462422	0	1	0
466289	0	1	0
468257	0	2	0
470140	0	3	0
471589	0	1	0
475990	0	1	0
476821	0	3	0
478787	0	2	0
481988	0	2	0
487206	0	1	0
493872	0	1	0
498054	0	1	0
511796	0	1	0
512025	0	1	0
519756	0	1	0
520543	0	1	0
521674	0	1	0
523985	0	1	0
528022	0	1	0
535086	0	1	0
537467	0	1	0
538154	0	1	0
544732	0	1	0
551000	0	1	0
553312	0	2	0
554069	0	1	0
556072	0	2	0
557408	0	1	0
558803	0	1	0
559888	0	1	0
559989	0	2	0
560120	0	1	0
567024	0	1	0
569595	0	1	0
573708	0	1	0
574219	0	1	0
575885	0	1	0
580322	0	1	0
587734	0	1	0
589975	0	1	0
592601	0	2	0
598845	0	1	0
607804	0	1	0
612900	0	1	0
622958	0	1	0
624258	0	2	0
625695	0	1	0
626115	0	1	0
629042	0	1	0
631795	0	1	0
633877	0	1	0
636759	0	5	0
637438	0	1	0
640046	0	2	0
644265	0	1	0
646383	0	4	0
649259	0	1	0
649319	0	1	0
651264	0	1	0
652985	0	1	0
653737	0	1	0
656705	0	1	0
657297	0	1	0
662349	0	1	0
663323	0	1	0
664086	0	1	0
667203	0	1	0
670473	0	2	0
671312	0	1	0
672031	0	1	0
675779	0	1	0
680095	0	1	0
680642	0	1	0
680905	0	1	0
683123	0	1	0
683155	0	1	0
683343	0	2	0
684981	0	2	0
685803	0	1	0
686525	0	1	0
694816	0	1	0
694830	0	1	0
695678	0	1	0
705626	0	1	0
712779	0	2	0
717306	0	2	0
717324	0	1	0
717358	0	1	0
722668	0	3	0
722856	0	1	0
722858	0	1	0
724440	0	1	0
725404	0	5	0
725730	0	1	0
725928	0	1	0
728016	0	1	0
728105	0	1	0
730719	0	1	0
734587	0	3	0
736136	0	1	0
738809	0	1	0
742231	0	1	0
742552	0	1	0
742834	0	2	0
743475	0	2	0
745873	0	1	0
746519	0	2	0
749389	0	1	0
755470	0	1	0
757945	0	1	0
763495	0	1	0
765413	0	1	0
768187	0	1	0
771756	0	2	0
778305	0	1	0
778592	0	1	0
780175	0	1	0
781643	0	1	0
789484	0	1	0
791358	0	1	0
792467	0	1	0
794529	0	3	0
799559	0	1	0
808761	0	1	0
809979	0	1	0
816228	0	1	0
816806	0	5	0
820097	0	1	0
824342	0	3	0
824396	0	1	0
824424	0	1	0
830676	0	2	0
830774	0	1	0
832611	0	1	0
833036	0	1	0
833211	0	1	0
836552	0	1	0
837955	0	2	0
839235	0	1	0
839897	0	2	0
841717	0	2	0
841790	0	1	0
843514	0	1	0
843823	0	1	0
844447	0	1	0
846060	0	1	0
846104	0	1	0
847320	0	1	0
852707	0	2	0
853396	0	2	0
862098	0	1	0
876465	0	1	0
881598	0	1	0
882989	0	1	0
885009	0	1	0
890340	0	1	0
891718	0	1	0
897127	0	1	0
899201	0	1	0
899565	0	1	0
900080	0	3	0
900437	0	1	0
908037	0	1	0
908113	0	2	0
908116	0	1	0
908166	0	1	0
908180	0	1	0
908183	0	1	0
908192	0	1	0
908204	0	1	0
908219	0	1	0
908225	0	1	0
908233	0	2	0
908242	0	1	0
908268	0	2	0
912895	0	1	0
913376	0	2	0
914759	0	1	0
914889	0	1	0
914986	0	1	0
918036	0	1	0
921824	0	1	0
927992	0	2	0
932697	0	2	0
936239	0	1	0
936873	0	1	0
937023	0	6	0
939075	0	1	0
959184	0	1	0
970118	0	3	0
970359	0	1	0
973256	0	1	0
975948	0	1	0
977513	0	3	0
984510	0	1	0
985377	0	1	0
990616	0	1	0
990658	0	1	0
992697	0	2	0
992773	0	1	0
994525	0	1	0
998396	0	2	0
998400	0	1	0
998888	0	2	0
999178	0	1	0
1013013	0	1	0
1013678	0	1	0
1016398	0	1	0
1021542	0	1	0
1022264	0	1	0
1025180	0	3	0
1026855	0	1	0
1027966	0	1	0
1028100	0	1	0
1028108	0	1	0
1032644	0	1	0
1033751	0	1	0
1047441	0	1	0
1052004	0	1	0
1055261	0	1	0
1063967	0	2	0
1064224	0	2	0
1067297	0	1	0
1067409	0	2	0
1077461	0	8	0
1081674	0	1	0
1086293	0	1	0
1096704	0	2	0
1101727	0	1	0
1102552	0	1	0
1107640	0	1	0
1108491	0	1	0
1114540	0	6	0
1117839	0	2	0
1124724	0	1	0
1125113	0	1	0
1129098	0	1	0
1130244	0	1	0
1133425	0	3	0
1136989	0	1	0
1137245	0	1	0
1138160	0	1	0
1154049	0	1	0
1158701	0	2	0
1158836	0	1	0
1160703	0	1	0
1161861	0	1	0
1162699	0	1	0
1162728	0	1	0
1162730	0	1	0
1162754	0	1	0
1162813	0	3	0
1166933	0	2	0
1173960	0	1	0
1177259	0	1	0
1177288	0	1	0
1178120	0	1	0
1178602	0	1	0
1178613	0	1	0
1179822	0	1	0
1180655	0	1	0
1181225	0	1	0
1181322	0	1	0
1187109	0	0	1
1198766	0	1	0
1201035	0	1	0
1202377	0	1	0
1203064	0	1	0
1206219	0	3	0
1206943	0	2	0
1208194	0	1	0
1210940	0	1	0
1214905	0	4	0
1216479	0	1	0
1221785	0	3	0
1226846	0	1	0
1229097	0	4	0
1239928	0	1	0
1239942	0	1	0
1242483	0	1	0
1255605	0	1	0
1259300	0	1	0
1260123	0	1	0
1264611	0	2	0
1265823	0	1	0
1270587	0	1	0
1279902	0	1	0
1280477	0	1	0
1280628	0	1	0
1280751	0	1	0
1280804	0	1	0
1293625	0	5	0
1294737	0	1	0
1296086	0	1	0
1298775	0	1	0
1300018	0	1	0
1305701	0	3	0
1306015	0	1	0
1316652	0	3	0
1326150	0	6	0
1329714	0	1	0
1331329	0	1	0
1333877	0	1	0
1337484	0	0	1
1345288	0	1	0
1350293	0	1	0
1350596	0	1	0
1351380	0	1	0
1351889	0	1	0
1352365	0	2	0
1353959	0	1	0
1356549	0	1	0
1357003	0	5	0
1358207	0	2	0
1364469	0	1	0
1364921	0	2	0
1365092	0	1	0
1365430	0	3	0
1366170	0	1	0
1368787	0	1	0
1371459	0	1	0
1375876	0	1	0
1383262	0	1	0
1383348	0	1	0
1384409	0	1	0
1384927	0	1	0
1387197	0	1	0
1388860	0	1	0
1392830	0	1	0
1396479	0	1	0
1408255	0	2	0
1408713	0	1	0
1413550	0	1	0
1415637	0	1	0
1419372	0	2	0
1421227	0	1	0
1424431	0	2	0
1424927	0	1	0
1429881	0	1	0
1439281	0	2	0
1440685	0	3	0
1442681	0	1	0
1443105	0	1	0
1448002	0	1	0
1448006	0	1	0
1448007	0	1	0
1448012	0	1	0
1448017	0	3	0
1448019	0	1	0
1448024	0	1	0
1448029	0	2	0
1448061	0	1	0
1456179	0	3	0
1456457	0	1	0
1456819	0	1	0
1457107	0	4	0
1459253	0	1	0
1462387	0	1	0
1466061	0	4	0
1470281	0	1	0
1471390	0	1	0
1472027	0	1	0
1472100	0	1	0
1473054	0	2	0
1474734	0	1	0
1474943	0	1	0
1479818	0	3	0
1480738	0	1	0
1487873	0	1	0
1491768	0	1	0
1496488	0	1	0
1500178	0	1	0
1503798	0	1	0
1508736	0	1	0
1509057	0	1	0
1511984	0	1	0
1512776	0	1	0
1515182	0	1	0
1516975	0	1	0
1519194	0	1	0
1519333	0	1	0
1520329	0	2	0
1520692	0	2	0
1523574	0	2	0
1531637	0	1	0
1533894	0	1	0
1534100	0	1	0
1536523	0	1	0
1540859	0	1	0
1545590	0	2	0
1552092	0	2	0
1554924	0	1	0
1565879	0	1	0
1565922	0	1	0
1565949	0	1	0
1566597	0	1	0
1566846	0	1	0
1571318	0	1	0
1575159	0	2	0
1579272	0	1	0
1579962	0	1	0
1580462	0	1	0
1583277	0	1	0
1583354	0	1	0
1584746	0	1	0
1588245	0	1	0
1600154	0	4	0
1602265	0	1	0
1602578	0	1	0
1603270	0	1	0
1610975	0	1	0
1613901	0	1	0
1616382	0	1	0
1623066	0	1	0
1626433	0	3	0
1631232	0	3	0
1634662	0	2	0
1636398	0	1	0
1637584	0	1	0
1641687	0	1	0
1643500	0	2	0
1646247	0	1	0
1646810	0	1	0
1650520	0	1	0
1651642	0	1	0
1661765	0	1	0
1662849	0	1	0
1663694	0	1	0
1664731	0	1	0
1667401	0	1	0
1667477	0	1	0
1667493	0	1	0
1668152	0	1	0
1668708	0	2	0
1669730	0	1	0
1681642	0	1	0
1688442	0	2	0
1690737	0	2	0
1690891	0	1	0
1702093	0	1	0
1706850	0	1	0
1707923	0	1	0
1712763	0	1	0
1713598	0	1	0
1715559	0	1	0
1716583	0	1	0
1717881	0	2	0
1718725	0	1	0
1727301	0	1	0
1728440	0	1	0
1732676	0	1	0
1734587	0	1	0
1740120	0	1	0
1740141	0	1	0
1744068	0	2	0
1746188	0	1	0
1750535	0	1	0
1756318	0	1	0
1756588	0	1	0
1766304	0	3	0
1770089	0	1	0
1770149	0	1	0
1772228	0	1	0
1778561	0	1	0
1784984	0	4	0
1789227	0	1	0
1792506	0	1	0
1793308	0	1	0
1794373	0	1	0
1796853	0	1	0
1803016	0	2	0
1804436	0	1	0
1807882	0	1	0
1808207	0	1	0
1811106	0	2	0
1816116	0	1	0
1818239	0	1	0
1823811	0	3	0
1825596	0	1	0
1826357	0	1	0
1828417	0	1	0
1843728	0	1	0
1848218	0	1	0
1851251	0	1	0
1857130	0	2	0
1859745	0	1	0
1860050	0	1	0
1862068	0	2	0
1871958	0	1	0
1878410	0	1	0
1882318	0	1	0
1882884	0	2	0
1887726	0	1	0
1889210	0	2	0
1893319	0	1	0
1894596	0	0	1
1897398	0	1	0
1903979	0	1	0
1904914	0	2	0
1906131	0	0	1
1907311	0	1	0
1910791	0	1	0
1914974	0	1	0
1917873	0	1	0
1919898	0	1	0
1921066	0	1	0
1923045	0	1	0
1923616	0	5	0
1924923	0	1	0
1927744	0	1	0
1931337	0	1	0
1939300	0	1	0
1939342	0	4	0
1939364	0	2	0
1939367	0	3	0
1939434	0	1	0
1939443	0	1	0
1942944	0	1	0
1945284	0	1	0
1959582	0	1	0
1960477	0	1	0
1960487	0	2	0
1960544	0	1	0
1960632	0	4	0
1960694	0	1	0
1960723	0	1	0
1960725	0	1	0
1960743	0	1	0
1960752	0	2	0
1960759	0	1	0
1960763	0	1	0
1960770	0	1	0
1960781	0	3	0
1960782	0	1	0
1960800	0	1	0
1961699	0	1	0
1963233	0	2	0
1963755	0	2	0
1967035	0	1	0
1967916	0	1	0
1969154	0	1	0
1974778	0	1	0
1976022	0	1	0
1978027	0	4	0
1979854	0	1	0
1988825	0	1	0
1996684	0	1	0
1999581	0	1	0
2002924	0	0	1
2002947	0	5	0
2003704	0	1	0
2007620	0	2	0
2010040	0	1	0
2013295	0	1	0
2013302	0	1	0
2014095	0	1	0
2014952	0	1	0
2015658	0	1	0
2019463	0	1	0
2021383	0	1	0
2022169	0	1	0
2022867	0	1	0
2023008	0	1	0
2023557	0	1	0
2028989	0	1	0
2032399	0	2	0
2033928	0	1	0
2035647	0	1	0
2036115	0	1	0
2040176	0	0	1
2042434	0	2	0
2043196	0	1	0
2044013	0	1	0
2044749	0	6	0
2044879	0	1	0
2044914	0	2	0
2044930	0	2	0
2044942	0	4	0
2044945	0	5	0
2044946	0	1	0
2044949	0	1	0
2044952	0	4	0
2044955	0	2	0
2044966	0	1	0
2044971	0	6	0
2044980	0	1	0
2044983	0	1	0
2044999	0	2	0
2045005	0	3	0
2045008	0	2	0
2045014	0	1	0
2045017	0	1	0
2045020	0	3	0
2045023	0	1	0
2045024	0	4	0
2045029	0	2	0
2045031	0	2	0
2045039	0	6	0
2047923	0	4	0
2052226	0	1	0
2054045	0	1	0
2057987	0	1	0
2059454	0	1	0
2059463	0	1	0
2059491	0	6	0
2059508	0	1	0
2059520	0	1	0
2059521	0	2	0
2059524	0	1	0
2059531	0	1	0
2059536	0	4	0
2059539	0	2	0
2059571	0	3	0
2059636	0	1	0
2059639	0	1	0
2061526	0	1	0
2062187	0	1	0
2071339	0	0	1
2080756	0	2	0
2084806	0	1	0
2086297	0	1	0
2090534	0	3	0
2096082	0	1	0
2096746	0	2	0
2101970	0	1	0
2108614	0	3	0
2111565	0	1	0
2114521	0	1	0
2118122	0	1	0
2122183	0	1	0
2126895	0	5	0
2130065	0	1	0
2133021	0	1	0
2133961	0	2	0
2136256	0	1	0
2140049	0	1	0
2142908	0	1	0
2144887	0	1	0
2149302	0	1	0
2155483	0	1	0
2155692	0	1	0
2156378	0	1	0
2158887	0	1	0
2166156	0	1	0
2181438	0	1	0
2197725	0	1	0
2198738	0	1	0
2204837	0	1	0
2226265	0	1	0
2233214	0	1	0
2233807	0	1	0
2237690	0	1	0
2243936	0	1	0
2263359	0	1	0
2265137	0	3	0
2266629	0	1	0
2274063	0	2	0
2274502	0	1	0
2275243	0	1	0
2282387	0	0	1
2284185	0	1	0
2290524	0	1	0
2292525	0	1	0
2294611	0	1	0
2295554	0	1	0
2302970	0	1	0
2309041	0	1	0
2312113	0	4	0
2312269	0	3	0
2316360	0	1	0
2318126	0	1	0
2320365	0	1	0
2322220	0	1	0
2323032	0	1	0
2324800	0	1	0
2325173	0	1	0
2325487	0	1	0
2338180	0	1	0
2343176	0	1	0
2347066	0	2	0
2348284	0	1	0
2352465	0	1	0
2356241	0	1	0
2365646	0	1	0
2365648	0	1	0
2366072	0	1	0
2366290	0	1	0
2367623	0	1	0
2370795	0	3	0
2377983	0	4	0
2381756	0	3	0
2383224	0	1	0
2396141	0	1	0
2400470	0	1	0
2407454	0	1	0
2413212	0	1	0
2414526	0	1	0
2418239	0	1	0
2421213	0	2	0
2422301	0	1	0
2424129	0	1	0
2427632	0	1	0
2440469	0	1	0
2441354	0	1	0
2442252	0	1	0
2447630	0	1	0
2457169	0	1	0
2457449	0	1	0
2459336	0	1	0
2461819	0	1	0
2467146	0	1	0
2471036	0	1	0
2482083	0	1	0
2484743	0	1	0
2492520	0	3	0
2493479	0	2	0
2493881	0	1	0
2495903	0	1	0
2501065	0	1	0
2503029	0	1	0
2504581	0	2	0
2506348	0	4	0
2512757	0	1	0
2513348	0	1	0
2513864	0	1	0
2527720	0	1	0
2535449	0	1	0
2540593	0	1	0
2546802	0	2	0
2548986	0	2	0
2549383	0	3	0
2564264	0	1	0
2567964	0	1	0
2574067	0	1	0
2577572	0	2	0
2577956	0	1	0
2578584	0	1	0
2579748	0	1	0
2592935	0	1	0
2593976	0	1	0
2594187	0	1	0
2596490	0	1	0
2598919	0	1	0
2604543	0	2	0
2613687	0	2	0
2615781	0	1	0
2621641	0	1	0
2622058	0	1	0
2631082	0	1	0
2637423	0	2	0
2641252	0	1	0
2642089	0	2	0
2642765	0	1	0
2650592	0	1	0
2652750	0	1	0
2654403	0	2	0
2659945	0	1	0
2661568	0	1	0
2668807	0	1	0
2671917	0	3	0
2672825	0	2	0
2676837	0	1	0
2676924	0	1	0
2677057	0	1	0
2678067	0	1	0
2681881	0	1	0
2685025	0	1	0
2693890	0	1	0
2699291	0	1	0
2700887	0	1	0
2712037	0	1	0
2713107	0	1	0
2714907	0	1	0
2716512	0	1	0
2729896	0	1	0
2730091	0	1	0
2731402	0	1	0
2733105	0	1	0
2741442	0	1	0
2743630	0	2	0
2743705	0	1	0
2745191	0	2	0
2746364	0	1	0
2749950	0	1	0
2755108	0	2	0
2766223	0	1	0
2772954	0	1	0
2773135	0	1	0
2786955	0	1	0
2796067	0	2	0
2797975	0	1	0
2798673	0	2	0
2800721	0	1	0
2800958	0	1	0
2801078	0	1	0
2801122	0	1	0
2815349	0	5	0
2821909	0	2	0
2824681	0	1	0
2827103	0	1	0
2827489	0	1	0
2833658	0	1	0
2837835	0	4	0
2840464	0	1	0
2856816	0	1	0
2859377	0	1	0
2860194	0	1	0
2863394	0	1	0
2869346	0	1	0
2888660	0	1	0
2893415	0	1	0
2895047	0	5	0
2899301	0	1	0
2905231	0	1	0
2911125	0	1	0
2914310	0	1	0
2916186	0	1	0
2916360	0	1	0
2921747	0	1	0
2924565	0	1	0
2925117	0	6	0
2930697	0	1	0
2931233	0	3	0
2933350	0	1	0
2947801	0	1	0
2948224	0	3	0
2952541	0	1	0
2958530	0	2	0
2962783	0	1	0
2965350	0	1	0
2966637	0	1	0
2974362	0	0	1
2979419	0	1	0
2981597	0	3	0
2983541	0	1	0
2988606	0	1	0
2989348	0	1	0
2996052	0	1	0
3008252	0	1	0
3009661	0	1	0
3011632	0	1	0
3017059	0	1	0
3028244	0	2	0
3030741	0	2	0
3032477	0	1	0
3035061	0	3	0
3043854	0	1	0
3045402	0	1	0
3051406	0	1	0
3051580	0	1	0
3055275	0	1	0
3056632	0	2	0
3057981	0	1	0
3058534	0	2	0
3061227	0	1	0
3065123	0	1	0
3065513	0	1	0
3070170	0	1	0
3072135	0	2	0
3073082	0	1	0
3073189	0	2	0
3076768	0	1	0
3080970	0	1	0
3082100	0	1	0
3084692	0	2	0
3090238	0	1	0
3093541	0	1	0
3099278	0	1	0
3110721	0	2	0
3118611	0	2	0
3129108	0	1	0
3132718	0	1	0
3140661	0	1	0
3141078	0	1	0
3142584	0	1	0
3143809	0	2	0
3144788	0	1	0
3145707	0	1	0
3148744	0	1	0
3153041	0	1	0
3157447	0	1	0
3158196	0	1	0
3159875	0	1	0
3159933	0	1	0
3163178	0	3	0
3174223	0	1	0
3174309	0	1	0
3177838	0	1	0
3180338	0	1	0
3183301	0	3	0
3186386	0	1	0
3190153	0	2	0
3191702	0	1	0
3201378	0	1	0
3201711	0	2	0
3211587	0	1	0
3216263	0	4	0
3219281	0	1	0
3219657	0	1	0
3219741	0	1	0
3223702	0	1	0
3227484	0	1	0
3229313	0	1	0
3230762	0	1	0
3237018	0	2	0
3239718	0	1	0
3253620	0	1	0
3260069	0	1	0
3260117	0	1	0
3268124	0	1	0
3272669	0	7	0
3277309	0	2	0
3282583	0	1	0
3288483	0	3	0
3300171	0	1	0
3300247	0	1	0
3307288	0	1	0
3309750	0	1	0
3316581	0	1	0
3319609	0	1	0
3325182	0	1	0
3328312	0	1	0
3328675	0	3	0
3336147	0	1	0
3341062	0	1	0
3341120	0	1	0
3341323	0	1	0
3343303	0	4	0
3345669	0	1	0
3349873	0	3	0
3365731	0	1	0
3367345	0	3	0
3373942	0	1	0
3374253	0	1	0
3379234	0	1	0
3381275	0	1	0
3383240	0	1	0
3389175	0	1	0
3392169	0	2	0
3397081	0	1	0
3421824	0	1	0
3422690	0	1	0
3431294	0	1	0
3431329	0	1	0
3436087	0	1	0
3442246	0	1	0
3445602	0	1	0
3448220	0	0	1
3449590	0	1	0
3453072	0	2	0
3453860	0	1	0
3461431	0	1	0
3462866	0	1	0
3467898	0	1	0
3470205	0	1	0
3471803	0	2	0
3473841	0	1	0
3475890	0	4	0
3477696	0	1	0
3482137	0	1	0
3483249	0	1	0
3497081	0	1	0
3511639	0	1	0
3518909	0	1	0
3519520	0	2	0
3525873	0	1	0
3527085	0	2	0
3527970	0	2	0
3530272	0	1	0
3531813	0	4	0
3534363	0	1	0
3535461	0	1	0
3541495	0	1	0
3541502	0	0	1
3548209	0	2	0
3555278	0	1	0
3559919	0	1	0
3563459	0	1	0
3567893	0	1	0
3568340	0	1	0
3576761	0	1	0
3595944	0	1	0
3609375	0	1	0
3616275	0	2	0
3617805	0	1	0
3623517	0	1	0
3623595	0	1	0
3623597	0	1	0
3631829	0	3	0
3635090	0	2	0
3641650	0	5	0
3647190	0	1	0
3647333	0	1	0
3657125	0	1	0
3659984	0	1	0
3662377	0	2	0
3663343	0	1	0
3666140	0	1	0
3669943	0	1	0
3674924	0	1	0
3674996	0	1	0
3681388	0	1	0
3681746	0	0	1
3681798	0	0	1
3682425	0	5	0
3685117	0	1	0
3692758	0	1	0
3701069	0	1	0
3710342	0	1	0
3711420	0	2	0
3713668	0	1	0
3716357	0	1	0
3722150	0	2	0
3724715	0	1	0
3730673	0	1	0
3733855	0	1	0
3737466	0	1	0
3737907	0	3	0
3741475	0	2	0
3754714	0	1	0
3755376	0	1	0
3756937	0	1	0
3757476	0	1	0
3764773	0	1	0
3772285	0	4	0
3775414	0	1	0
3775508	0	2	0
3775664	0	1	0
3783241	0	1	0
3783257	0	0	1
3784413	0	1	0
3787925	0	1	0
3789670	0	1	0
3792373	0	1	0
3793182	0	2	0
3796801	0	1	0
3798027	0	1	0
3799305	0	1	0
3810252	0	1	0
3810510	0	2	0
3827020	0	1	0
3830374	0	1	0
3830656	0	1	0
3832877	0	1	0
3834499	0	4	0
3839511	0	1	0
3842292	0	1	0
3844430	0	1	0
3845341	0	1	0
3848788	0	1	0
3853282	0	1	0
3857959	0	0	1
3860416	0	1	0
3864630	0	2	0
3865618	0	1	0
3865948	0	1	0
3868941	0	1	0
3871268	0	1	0
3871325	0	1	0
3872688	0	2	0
3873239	0	2	0
3886024	0	1	0
3887549	0	2	0
3889283	0	3	0
3889452	0	1	0
3897319	0	2	0
3897637	0	2	0
3902174	0	1	0
3903322	0	1	0
3907571	0	1	0
3908820	0	1	0
3911468	0	2	0
3922072	0	1	0
3925062	0	1	0
3926704	0	2	0
3934793	0	1	0
3940666	0	1	0
3943032	0	2	0
3958426	0	1	0
3970843	0	1	0
3978630	0	7	0
3986620	0	1	0
3990935	0	1	0
4007657	0	1	0
4008337	0	1	0
4016888	0	8	0
4025187	0	1	0
4028411	0	3	0
4034114	0	1	0
4034408	0	1	0
4047076	0	1	0
4055951	0	1	0
4064624	0	1	0
4067718	0	3	0
4071026	0	1	0
4072101	0	1	0
4081900	0	3	0
4084391	0	1	0
4086945	0	1	0
4089246	0	1	0
4090324	0	1	0
4098267	0	2	0
4100689	0	1	0
4102641	0	2	0
4121139	0	1	0
4124792	0	1	0
4130911	0	1	0
4133545	0	1	0
4138180	0	1	0
4139461	0	1	0
4150561	0	1	0
4159388	0	4	0
4160107	0	1	0
4161418	0	1	0
4162233	0	1	0
4163613	0	1	0
4169340	0	1	0
4175735	0	5	0
4188898	0	2	0
4192736	0	3	0
4214939	0	2	0
4227852	0	1	0
4231423	0	1	0
4234047	0	1	0
4241554	0	1	0
4244793	0	5	0
4247489	0	2	0
4249428	0	1	0
4253615	0	4	0
4255399	0	1	0
4255513	0	1	0
4257586	0	1	0
4273494	0	3	0
4275660	0	1	0
4277392	0	2	0
4278217	0	1	0
4281155	0	1	0
4281611	0	1	0
4285135	0	3	0
4287452	0	2	0
4297760	0	1	0
4299903	0	3	0
4301520	0	1	0
4304271	0	1	0
4305478	0	1	0
4314154	0	1	0
4329506	0	1	0
4353026	0	1	0
4353925	0	1	0
4354286	0	2	0
4357547	0	1	0
4359188	0	3	0
4364057	0	1	0
4364301	0	1	0
4365627	0	1	0
4369047	0	1	0
4369106	0	2	0
4386608	0	1	0
4387547	0	2	0
4388288	0	1	0
4388669	0	4	0
4391605	0	1	0
4402380	0	1	0
4402911	0	1	0
4407885	0	1	0
4411071	0	1	0
4411104	0	1	0
4418778	0	1	0
4422765	0	1	0
4430564	0	2	0
4433644	0	1	0
4433845	0	1	0
4434591	0	1	0
4435410	0	1	0
4435608	0	1	0
4437633	0	1	0
4441380	0	1	0
4447480	0	1	0
4448858	0	1	0
4449852	0	1	0
4452092	0	1	0
4456292	0	1	0
4457344	0	1	0
4460182	0	1	0
4465847	0	1	0
4480048	0	1	0
4480989	0	1	0
4482688	0	1	0
4482980	0	1	0
4487029	0	1	0
4487241	0	1	0
4490248	0	1	0
4494350	0	1	0
4496486	0	1	0
4504118	0	1	0
4537986	0	1	0
4539148	0	2	0
4546236	0	1	0
4557004	0	2	0
4564087	0	1	0
4572170	0	1	0
4584119	0	1	0
4584121	0	1	0
4585713	0	1	0
4587362	0	1	0
4590585	0	1	0
4592925	0	1	0
4599168	0	1	0
4600650	0	1	0
4600809	0	1	0
4601866	0	1	0
4603836	0	1	0
4614046	0	1	0
4614060	0	1	0
4615385	0	1	0
4615493	0	1	0
4620287	0	1	0
4620553	0	1	0
4622280	0	1	0
4623670	0	0	1
4626942	0	1	0
4637896	0	1	0
4653681	0	1	0
4654723	0	1	0
4655027	0	3	0
4655743	0	1	0
4673189	0	1	0
4673777	0	1	0
4674481	0	1	0
4675597	0	2	0
4677841	0	1	0
4683082	0	1	0
4694011	0	2	0
4694129	0	2	0
4698364	0	1	0
4706570	0	1	0
4712225	0	1	0
4725272	0	2	0
4729636	0	3	0
4732533	0	1	0
4734725	0	2	0
4741194	0	3	0
4760936	0	3	0
4762003	0	1	0
4763682	0	2	0
4765678	0	2	0
4772717	0	1	0
4774125	0	3	0
4774437	0	1	0
4789396	0	1	0
4798482	0	1	0
4799863	0	1	0
4805831	0	1	0
4809381	0	1	0
4810739	0	1	0
4814226	0	1	0
4828979	0	3	0
4832992	0	1	0
4837238	0	1	0
4840646	0	1	0
4842779	0	1	0
4843014	0	1	0
4844230	0	1	0
4845129	0	2	0
4856464	0	1	0
4858798	0	1	0
4860300	0	1	0
4860901	0	1	0
4864686	0	4	0
4868837	0	7	0
4877305	0	1	0
4877903	0	1	0
4917222	0	1	0
4917903	0	1	0
4919349	0	1	0
4922160	0	1	0
4928386	0	1	0
4931199	0	1	0
4932649	0	1	0
4958423	0	1	0
4959450	0	1	0
4960580	0	1	0
4967366	0	3	0
4978574	0	1	0
4981938	0	1	0
4986941	0	1	0
4988941	0	1	0
4993988	0	1	0
4997731	0	3	0
5002094	0	1	0
5002944	0	5	0
5008706	0	1	0
5010134	0	1	0
5011070	0	1	0
5011260	0	1	0
5012474	0	1	0
5012792	0	2	0
5020580	0	1	0
5021164	0	2	0
5023351	0	1	0
5025007	0	1	0
5025057	0	1	0
5026812	0	1	0
5027324	0	1	0
5041144	0	1	0
5041830	0	1	0
5044628	0	1	0
5050879	0	1	0
5051931	0	1	0
5052003	0	1	0
5058547	0	1	0
5059180	0	1	0
5062085	0	0	1
5071256	0	1	0
5073808	0	1	0
5074175	0	1	0
5078754	0	1	0
5080319	0	1	0
5093477	0	3	0
5093939	0	1	0
5095122	0	1	0
5095334	0	2	0
5104540	0	2	0
5105694	0	1	0
5108139	0	1	0
5112843	0	1	0
5113288	0	1	0
5116118	0	1	0
5119713	0	1	0
5123007	0	1	0
5123580	0	2	0
5124763	0	3	0
5125956	0	1	0
5129725	0	3	0
5138741	0	4	0
5141563	0	1	0
5151156	0	1	0
5152908	0	1	0
5155907	0	5	0
5156223	0	1	0
5164940	0	1	0
5167214	0	1	0
5176954	0	1	0
5176998	0	1	0
5177114	0	1	0
5177171	0	1	0
5179420	0	3	0
5185751	0	1	0
5192219	0	3	0
5197682	0	1	0
5200078	0	3	0
5202202	0	1	0
5214311	0	1	0
5243280	0	1	0
5243970	0	1	0
5245764	0	1	0
5246268	0	1	0
5249845	0	1	0
5251616	0	3	0
5252349	0	1	0
5253900	0	1	0
5255359	0	1	0
5255628	0	1	0
5257434	0	1	0
5260869	0	1	0
5266056	0	2	0
5266814	0	1	0
5268505	0	2	0
5269281	0	1	0
5278950	0	1	0
5279440	0	3	0
5279758	0	1	0
5280478	0	1	0
5286695	0	1	0
5286798	0	1	0
5289745	0	2	0
5290591	0	3	0
5294448	0	2	0
5299359	0	1	0
5302375	0	1	0
5307198	0	1	0
5313988	0	1	0
5317647	0	1	0
5322198	0	1	0
5330240	0	1	0
5333295	0	1	0
5338743	0	1	0
5344760	0	1	0
5346972	0	1	0
5348287	0	1	0
5349241	0	1	0
5350332	0	2	0
5362680	0	5	0
5362740	0	1	0
5364936	0	2	0
5383756	0	3	0
5388724	0	4	0
5391927	0	1	0
5394495	0	1	0
5395409	0	1	0
5395951	0	2	0
5399489	0	5	0
5408453	0	1	0
5414206	0	1	0
5420404	0	1	0
5422255	0	1	0
5429729	0	1	0
5433487	0	1	0
5434246	0	1	0
5438959	0	2	0
5444163	0	1	0
5458091	0	1	0
5459970	0	1	0
5461299	0	3	0
5471092	0	1	0
5472004	0	1	0
5479959	0	1	0
5483791	0	1	0
5485845	0	1	0
5489528	0	1	0
5490570	0	1	0
5492175	0	2	0
5500583	0	1	0
5500649	0	3	0
5508883	0	1	0
5509270	0	2	0
5515254	0	1	0
5518139	0	1	0
5519467	0	1	0
5524620	0	1	0
5526510	0	1	0
5532556	0	1	0
5535948	0	1	0
5539682	0	1	0
5550658	0	1	0
5557080	0	1	0
5559514	0	3	0
5568053	0	2	0
5568939	0	1	0
5570646	0	1	0
5570986	0	3	0
5572228	0	2	0
5572562	0	2	0
5583509	0	1	0
5588951	0	1	0
5592219	0	3	0
5596733	0	1	0
5603201	0	1	0
5615466	0	1	0
5617223	0	1	0
5620787	0	3	0
5624800	0	1	0
5624803	0	1	0
5629551	0	1	0
5634309	0	1	0
5634415	0	1	0
5640370	0	3	0
5641045	0	1	0
5641190	0	1	0
5645102	0	2	0
5648282	0	1	0
5649858	0	1	0
5650353	0	1	0
5650545	0	1	0
5653879	0	1	0
5655748	0	1	0
5661464	0	1	0
5666301	0	1	0
5671424	0	1	0
5673947	0	1	0
5676507	0	1	0
5679246	0	1	0
5685308	0	1	0
5687744	0	2	0
5691605	0	1	0
5701263	0	3	0
5702007	0	1	0
5716520	0	2	0
5720200	0	2	0
5722315	0	2	0
5725008	0	2	0
5733088	0	2	0
5734956	0	1	0
5740221	0	1	0
5741629	0	2	0
5745221	0	1	0
5747975	0	1	0
5757048	0	1	0
5758273	0	1	0
5763164	0	1	0
5763497	0	7	0
5766756	0	1	0
5775618	0	2	0
5779762	0	1	0
5788496	0	1	0
5792850	0	1	0
5798388	0	1	0
5804545	0	5	0
5808517	0	1	0
5811641	0	3	0
5817718	0	1	0
5826059	0	4	0
5834840	0	1	0
5839555	0	1	0
5842577	0	1	0
5843647	0	1	0
5861407	0	1	0
5862646	0	1	0
5863752	0	1	0
5864059	0	1	0
5870346	0	1	0
5871463	0	1	0
5891348	0	3	0
5892109	0	9	0
5894723	0	3	0
5908064	0	1	0
5915706	0	1	0
5917443	0	1	0
5931453	0	1	0
5931470	0	1	0
5934691	0	2	0
5938105	0	1	0
5938717	0	1	0
5943069	0	1	0
5948750	0	5	0
5949061	0	1	0
5951124	0	2	0
5960333	0	1	0
5962951	0	8	0
5984706	0	1	0
5987875	0	1	0
5988756	0	4	0
5989156	0	1	0
5996584	0	2	0
5999583	0	1	0
6000474	0	1	0
6007149	0	1	0
6017718	0	1	0
6023076	0	0	1
6034012	0	1	0
6035468	0	1	0
6042451	0	1	0
6046789	0	1	0
6048613	0	1	0
6080176	0	1	0
6080405	0	1	0
6081950	0	1	0
6090154	0	1	0
6091838	0	1	0
6094304	0	4	0
6094642	0	1	0
6096025	0	2	0
6097421	0	1	0
6097428	0	1	0
6100266	0	1	0
6104347	0	2	0
6109782	0	1	0
6115056	0	1	0
6115879	0	1	0
6115881	0	1	0
6116053	0	2	0
6117683	0	1	0
6133899	0	1	0
6139275	0	2	0
6143216	0	1	0
6144791	0	2	0
6156695	0	1	0
6157088	0	1	0
6158489	0	4	0
6160698	0	1	0
6162208	0	2	0
6171869	0	1	0
6172360	0	1	0
6188423	0	1	0
6200429	0	2	0
6201436	0	1	0
6202249	0	1	0
6212148	0	1	0
6212775	0	1	0
6218048	0	1	0
6218074	0	2	0
6222566	0	1	0
6223700	0	1	0
6227618	0	1	0
6236545	0	1	0
6239629	0	2	0
6244534	0	1	0
6246343	0	2	0
6247666	0	1	0
6247745	0	1	0
6251440	0	1	0
6257631	0	1	0
6266454	0	1	0
6269228	0	1	0
6278846	0	2	0
6287202	0	5	0
6290931	0	1	0
6293164	0	1	0
6297153	0	1	0
6300043	0	1	0
6302831	0	1	0
6303699	0	1	0
6304475	0	1	0
6305558	0	1	0
6308874	0	1	0
6310740	0	1	0
6315982	0	1	0
6321657	0	1	0
6321834	0	1	0
6324978	0	1	0
6326348	0	1	0
6326452	0	1	0
6330650	0	2	0
6333860	0	2	0
6340903	0	1	0
6343653	0	1	0
6357120	0	1	0
6359220	0	1	0
6365398	0	1	0
6369747	0	3	0
6388928	0	1	0
6392269	0	1	0
6407940	0	13	0
6413688	0	2	0
6432103	0	3	0
6438615	0	1	0
6441248	0	1	0
6445894	0	1	0
6455912	0	1	0
6457003	0	1	0
6460339	0	1	0
6460495	0	1	0
6469737	0	2	0
6471145	0	1	0
6477281	0	1	0
6501892	0	1	0
6507319	0	1	0
6508747	0	1	0
6511819	0	1	0
6513602	0	1	0
6518958	0	1	0
6518976	0	1	0
6519934	0	1	0
6521707	0	1	0
6525463	0	2	0
6529157	0	1	0
6532381	0	1	0
6537047	0	3	0
6540035	0	4	0
6540148	0	1	0
6541702	0	1	0
6545004	0	1	0
6547135	0	1	0
6548068	0	1	0
6550673	0	1	0
6551389	0	1	0
6553641	0	1	0
6554256	0	2	0
6556199	0	1	0
6556708	0	2	0
6556807	0	1	0
6560622	0	3	0
6563026	0	4	0
6564709	0	1	0
6567710	0	1	0
6572144	0	1	0
6574076	0	3	0
6574548	0	1	0
6580205	0	4	0
6583817	0	1	0
6587187	0	1	0
6609952	0	1	0
6613642	0	0	1
6613715	0	1	0
6615425	0	2	0
6621148	0	1	0
6624498	0	1	0
6633946	0	1	0
6637608	0	1	0
6650153	0	1	0
6651325	0	1	0
6663126	0	6	0
6663619	0	3	0
6664037	0	2	0
6668227	0	1	0
6670833	0	1	0
6671658	0	1	0
6672998	0	1	0
6679002	0	1	0
6680743	0	1	0
6684042	0	3	0
6699412	0	1	0
6701464	0	1	0
6702620	0	1	0
6703112	0	1	0
6704427	0	1	0
6704637	0	1	0
6706095	0	1	0
6706551	0	1	0
6711819	0	1	0
6718947	0	1	0
6732795	0	1	0
6741627	0	1	0
6742496	0	3	0
6744300	0	1	0
6750162	0	1	0
6763734	0	1	0
6764284	0	1	0
6766987	0	1	0
6770299	0	1	0
6775616	0	1	0
6775874	0	1	0
6802085	0	1	0
6809176	0	1	0
6816039	0	1	0
6816192	0	1	0
6818453	0	1	0
6829705	0	0	1
6830607	0	2	0
6833999	0	1	0
6838069	0	1	0
6863195	0	2	0
6865358	0	1	0
6877460	0	1	0
6878139	0	1	0
6879363	0	1	0
6880257	0	1	0
6906021	0	1	0
6907512	0	1	0
6927228	0	1	0
6929781	0	1	0
6931720	0	1	0
6933980	0	1	0
6937051	0	1	0
6940203	0	1	0
6941848	0	1	0
6944402	0	1	0
6948364	0	1	0
6952389	0	1	0
6954544	0	1	0
6959606	0	3	0
6959619	0	1	0
6963954	0	1	0
6974685	0	1	0
6978982	0	2	0
6979762	0	1	0
6985236	0	1	0
6986026	0	1	0
6989502	0	1	0
6990011	0	1	0
6990106	0	1	0
6995919	0	1	0
6998133	0	1	0
6998836	0	1	0
7005726	0	1	0
7008623	0	1	0
7014288	0	1	0
7018058	0	1	0
7018312	0	1	0
7023650	0	1	0
7030812	0	5	0
7032024	0	1	0
7033314	0	1	0
7034727	0	3	0
7034932	0	1	0
7046134	0	1	0
7046588	0	3	0
7047613	0	1	0
7051167	0	1	0
7054076	0	1	0
7057206	0	3	0
7059767	0	1	0
7069986	0	1	0
7074498	0	1	0
7074803	0	1	0
7075438	0	1	0
7079166	0	1	0
7081298	0	1	0
7083698	0	1	0
7085240	0	1	0
7093859	0	1	0
7094048	0	1	0
7106490	0	2	0
7107648	0	1	0
7108104	0	4	0
7112161	0	0	1
7112210	0	0	1
7113041	0	6	0
7119051	0	1	0
7122989	0	1	0
7123699	0	3	0
7126784	0	2	0
7127266	0	1	0
7130749	0	1	0
7130855	0	1	0
7130938	0	1	0
7139954	0	1	0
7144640	0	1	0
7146085	0	1	0
7150407	0	1	0
7157392	0	1	0
7161369	0	1	0
7164297	0	1	0
7165271	0	1	0
7170694	0	1	0
7196328	0	1	0
7196628	0	2	0
7198063	0	1	0
7210308	0	1	0
7217803	0	1	0
7221149	0	3	0
7231834	0	1	0
7238083	0	1	0
7241515	0	1	0
7248452	0	1	0
7256741	0	2	0
7258351	0	1	0
7259832	0	1	0
7262389	0	1	0
7265756	0	1	0
7275997	0	2	0
7283970	0	3	0
7291767	0	1	0
7292341	0	1	0
7293524	0	1	0
7296967	0	1	0
7303383	0	1	0
7308948	0	1	0
7314831	0	2	0
7315319	0	1	0
7321854	0	1	0
7329154	0	1	0
7329349	0	1	0
7331442	0	1	0
7331484	0	1	0
7335973	0	4	0
7348553	0	2	0
7351712	0	1	0
7357649	0	2	0
7359266	0	1	0
7369882	0	1	0
7371779	0	2	0
7372148	0	1	0
7372948	0	5	0
7389519	0	1	0
7395431	0	1	0
7400277	0	1	0
7400282	0	3	0
7400514	0	3	0
7402922	0	1	0
7405753	0	1	0
7406286	0	2	0
7407424	0	5	0
7407587	0	2	0
7408147	0	4	0
7408663	0	1	0
7429033	0	1	0
7435299	0	1	0
7437370	0	1	0
7437418	0	1	0
7439460	0	1	0
7441190	0	1	0
7441675	0	1	0
7455678	0	5	0
7457603	0	1	0
7457637	0	1	0
7462777	0	2	0
7472683	0	1	0
7480638	0	1	0
7484341	0	1	0
7488825	0	1	0
7490620	0	1	0
7493740	0	1	0
7494230	0	2	0
7497038	0	1	0
7497220	0	1	0
7498317	0	1	0
7503325	0	1	0
7507518	0	1	0
7515524	0	1	0
7525977	0	5	0
7539794	0	5	0
7565973	0	1	0
7567549	0	1	0
7567630	0	2	0
7569559	0	2	0
7569623	0	1	0
7577296	0	1	0
7580606	0	1	0
7586031	0	2	0
7592813	0	2	0
7596368	0	1	0
7597837	0	7	0
7600656	0	1	0
7601759	0	1	0
7603867	0	1	0
7605115	0	1	0
7608765	0	1	0
7610655	0	3	0
7621274	0	1	0
7628476	0	1	0
7628759	0	3	0
7630332	0	4	0
7631855	0	1	0
7632199	0	2	0
7636034	0	1	0
7638199	0	1	0
7645890	0	4	0
7647387	0	1	0
7659383	0	1	0
7667889	0	2	0
7672550	0	2	0
7672650	0	1	0
7677623	0	1	0
7678972	0	1	0
7692951	0	2	0
7693925	0	1	0
7696360	0	1	0
7696802	0	1	0
7698074	0	2	0
7704616	0	2	0
7707069	0	1	0
7709068	0	1	0
7714258	0	1	0
7716602	0	1	0
7724843	0	1	0
7732813	0	1	0
7743147	0	1	0
7743783	0	1	0
7747289	0	1	0
7748640	0	1	0
7753275	0	1	0
7754439	0	1	0
7756288	0	1	0
7766622	0	1	0
7768934	0	1	0
7773126	0	1	0
7773698	0	1	0
7774426	0	1	0
7776004	0	1	0
7779186	0	1	0
7782780	0	1	0
7782808	0	1	0
7792922	0	1	0
7794976	0	0	1
7797034	0	1	0
7799750	0	1	0
7800095	0	1	0
7800212	0	2	0
7800314	0	1	0
7802899	0	1	0
7805806	0	1	0
7807231	0	1	0
7810278	0	2	0
7811641	0	1	0
7815097	0	1	0
7818410	0	2	0
7818839	0	1	0
7820877	0	1	0
7822224	0	1	0
7824957	0	1	0
7830850	0	0	1
7838158	0	1	0
7842952	0	8	0
7851406	0	1	0
7866053	0	1	0
7866268	0	1	0
7867287	0	1	0
7867527	0	1	0
7867603	0	1	0
7867881	0	1	0
7870055	0	1	0
7872874	0	3	0
7873481	0	1	0
7874957	0	1	0
7880032	0	1	0
7880469	0	2	0
7893412	0	1	0
7902803	0	1	0
7903643	0	2	0
7905530	0	1	0
7907105	0	1	0
7908994	0	1	0
7910611	0	1	0
7914089	0	1	0
7917882	0	1	0
7918428	0	2	0
7920712	0	1	0
7924044	0	2	0
7937367	0	1	0
7938337	0	1	0
7949527	0	1	0
7951995	0	1	0
7952713	0	1	0
7968015	0	1	0
7969196	0	4	0
7974732	0	1	0
7974808	0	2	0
7976556	0	1	0
7976640	0	1	0
7977517	0	1	0
7980228	0	1	0
7981528	0	1	0
7981684	0	1	0
7988125	0	2	0
7988747	0	4	0
7989150	0	1	0
7993048	0	1	0
7996497	0	1	0
7997906	0	1	0
8002776	0	1	0
8014297	0	1	0
8018569	0	1	0
8025803	0	1	0
8031615	0	1	0
8034277	0	1	0
8035383	0	1	0
8036376	0	1	0
8052011	0	1	0
8053271	0	1	0
8068419	0	1	0
8074908	0	1	0
8078951	0	1	0
8082951	0	1	0
8084515	0	1	0
8084517	0	1	0
8096606	0	1	0
8096960	0	1	0
8097207	0	3	0
8102386	0	1	0
8105718	0	1	0
8117312	0	9	0
8117431	0	1	0
8123311	0	3	0
8127706	0	1	0
8132902	0	1	0
8134693	0	3	0
8143863	0	1	0
8147785	0	2	0
8149425	0	1	0
8151549	0	2	0
8167492	0	1	0
8168077	0	1	0
8170328	0	2	0
8179089	0	1	0
8195969	0	1	0
8196542	0	1	0
8200651	0	3	0
8201482	0	1	0
8206974	0	0	1
8207659	0	1	0
8219808	0	2	0
8221338	0	1	0
8227942	0	1	0
8231410	0	1	0
8233321	0	1	0
8235603	0	2	0
8243155	0	1	0
8243193	0	1	0
8247912	0	1	0
8250663	0	1	0
8253042	0	1	0
8258111	0	1	0
8262870	0	5	0
8266099	0	1	0
8266134	0	1	0
8272057	0	1	0
8290736	0	1	0
8292593	0	5	0
8300535	0	1	0
8302863	0	2	0
8306072	0	1	0
8309674	0	1	0
8312137	0	1	0
8317493	0	1	0
8329436	0	1	0
8332378	0	2	0
8340248	0	1	0
8340323	0	2	0
8354284	0	1	0
8358858	0	1	0
8364470	0	1	0
8368624	0	1	0
8373737	0	2	0
8375079	0	1	0
8382896	0	1	0
8386516	0	1	0
8397295	0	1	0
8399567	0	1	0
8404881	0	2	0
8405395	0	1	0
8409200	0	1	0
8420898	0	1	0
8421405	0	2	0
8426537	0	2	0
8426778	0	2	0
8428783	0	1	0
8430998	0	1	0
8434768	0	1	0
8439588	0	1	0
8447364	0	1	0
8447366	0	2	0
8455774	0	1	0
8470630	0	1	0
8472513	0	1	0
8474683	0	1	0
8482426	0	2	0
8491771	0	2	0
8502642	0	1	0
8502685	0	1	0
8505324	0	1	0
8508103	0	2	0
8513340	0	1	0
8525156	0	2	0
8527107	0	1	0
8528325	0	2	0
8530071	0	2	0
8536084	0	1	0
8540339	0	1	0
8545918	0	1	0
8550179	0	1	0
8550627	0	2	0
8553180	0	1	0
8556294	0	1	0
8557466	0	3	0
8558407	0	1	0
8559011	0	1	0
8562545	0	1	0
8562583	0	1	0
8567851	0	1	0
8568766	0	1	0
8570156	0	1	0
8573633	0	1	0
8577598	0	1	0
8577894	0	1	0
8587077	0	1	0
8588620	0	1	0
8601912	0	1	0
8603124	0	2	0
8607608	0	1	0
8607820	0	1	0
8613938	0	1	0
8615502	0	1	0
8626842	0	9	0
8630113	0	3	0
8632195	0	1	0
8645505	0	1	0
8649838	0	1	0
8661883	0	4	0
8664098	0	4	0
8665534	0	1	0
8666302	0	1	0
8667969	0	1	0
8668184	0	1	0
8670091	0	1	0
8672663	0	3	0
8672685	0	1	0
8672686	0	2	0
8674818	0	1	0
8679606	0	2	0
8679745	0	2	0
8680229	0	1	0
8680997	0	1	0
8683952	0	1	0
8685632	0	1	0
8687495	0	2	0
8693560	0	1	0
8704530	0	1	0
8713225	0	1	0
8738402	0	3	0
8740029	0	2	0
8741064	0	1	0
8750095	0	1	0
8756840	0	2	0
8759133	0	1	0
8759817	0	2	0
8768422	0	1	0
8768716	0	1	0
8773385	0	1	0
8783137	0	2	0
8783535	0	1	0
8790033	0	1	0
8790167	0	1	0
8791879	0	1	0
8794894	0	6	0
8796857	0	1	0
8803522	0	1	0
8812492	0	1	0
8821080	0	1	0
8823194	0	1	0
8824100	0	1	0
8827585	0	1	0
8837695	0	1	0
8843376	0	1	0
8848891	0	1	0
8852193	0	1	0
8857514	0	1	0
8864607	0	1	0
8869757	0	1	0
8870821	0	1	0
8878185	0	1	0
8884337	0	1	0
8889842	0	1	0
8895102	0	4	0
8900027	0	1	0
8905139	0	1	0
8923925	0	1	0
8928679	0	1	0
8936895	0	1	0
8942078	0	4	0
8953205	0	1	0
8955966	0	2	0
8956231	0	1	0
8962292	0	1	0
8974198	0	3	0
8982789	0	1	0
8983109	0	1	0
8985243	0	2	0
8992937	0	2	0
8997195	0	1	0
8998259	0	4	0
9003746	0	2	0
9010291	0	1	0
9022799	0	1	0
9023457	0	1	0
9025398	0	2	0
9028960	0	1	0
9040488	0	1	0
9041210	0	2	0
9047700	0	3	0
9056164	0	1	0
9069220	0	2	0
9080223	0	1	0
9081088	0	1	0
9092962	0	1	0
9095254	0	1	0
9105989	0	2	0
9107150	0	1	0
9111250	0	2	0
9125570	0	1	0
9136791	0	1	0
9140073	0	1	0
9144942	0	1	0
9148043	0	2	0
9158161	0	1	0
9185054	0	1	0
9191527	0	1	0
9191943	0	3	0
9196204	0	1	0
9199971	0	1	0
9201421	0	1	0
9201886	0	1	0
9202361	0	2	0
9206287	0	2	0
9209278	0	0	1
9211151	0	1	0
9212407	0	1	0
9213098	0	3	0
9228821	0	1	0
9238663	0	4	0
9245135	0	3	0
9246969	0	1	0
9248677	0	1	0
9249644	0	1	0
9249924	0	1	0
9250384	0	1	0
9253803	0	1	0
9257333	0	1	0
9261592	0	1	0
9267433	0	1	0
9276765	0	6	0
9289733	0	1	0
9329745	0	1	0
9332823	0	0	1
9334079	0	1	0
9346312	0	1	0
9357578	0	1	0
9359102	0	1	0
9381568	0	1	0
9383736	0	1	0
9384231	0	1	0
9386058	0	1	0
9388516	0	3	0
9389404	0	4	0
9392858	0	0	1
9395348	0	1	0
9395799	0	1	0
9400346	0	1	0
9401090	0	1	0
9401329	0	1	0
9407140	0	2	0
9419307	0	1	0
9427043	0	1	0
9431474	0	1	0
9437887	0	1	0
9444055	0	1	0
9448103	0	1	0
9452236	0	1	0
9452406	0	1	0
9459770	0	1	0
9468354	0	1	0
9473044	0	3	0
9474811	0	1	0
9487236	0	1	0
9487704	0	2	0
9487828	0	1	0
9488114	0	1	0
9505984	0	1	0
9506235	0	1	0
9508330	0	1	0
9509646	0	1	0
9514814	0	1	0
9534967	0	1	0
9537652	0	1	0
9547522	0	3	0
9550347	0	2	0
9550872	0	1	0
9553591	0	1	0
9561080	0	3	0
9563083	0	2	0
9578452	0	1	0
9593922	0	1	0
9598471	0	3	0
9602840	0	1	0
9605299	0	1	0
9607441	0	1	0
9611563	0	1	0
9614957	0	5	0
9615943	0	1	0
9616888	0	1	0
9618850	0	2	0
9618944	0	1	0
9619664	0	3	0
9628308	0	2	0
9647197	0	1	0
9650135	0	2	0
9652156	0	3	0
9675129	0	1	0
9680310	0	1	0
9699165	0	1	0
9710656	0	1	0
9710922	0	3	0
9720599	0	3	0
9723199	0	2	0
9729735	0	1	0
9730483	0	2	0
9774976	0	1	0
9778569	0	1	0
9788072	0	1	0
9800204	0	2	0
9802950	0	1	0
9808249	0	1	0
9810769	0	1	0
9813709	0	1	0
9819877	0	1	0
9819974	0	3	0
9835323	0	4	0
9839903	0	1	0
9841266	0	1	0
9867240	0	1	0
9869267	0	1	0
9869369	0	2	0
9871095	0	1	0
9876412	0	1	0
9887620	0	1	0
9890175	0	1	0
9892192	0	1	0
9900699	0	2	0
9905228	0	1	0
9908004	0	2	0
9908144	0	2	0
9909028	0	1	0
9910809	0	1	0
9912752	0	2	0
9915442	0	3	0
9927503	0	1	0
9930347	0	1	0
9932161	0	1	0
9934369	0	1	0
9943976	0	2	0
9944012	0	1	0
9949179	0	1	0
9962306	0	2	0
9964243	0	1	0
9966090	0	1	0
9975695	0	3	0
9978189	0	1	0
9996363	0	1	0
10000594	0	1	0
10014501	0	1	0
10014942	0	1	0
10016546	0	4	0
10030715	0	1	0
10037306	0	1	0
10037506	0	1	0
10038772	0	2	0
10040077	0	1	0
10042129	0	2	0
10042884	0	3	0
10043899	0	2	0
10045323	0	1	0
10049459	0	2	0
10067098	0	1	0
10075229	0	1	0
10075302	0	1	0
10081311	0	1	0
10093086	0	1	0
10093379	0	1	0
10094369	0	1	0
10104159	0	1	0
10106767	0	1	0
10119541	0	1	0
10131094	0	4	0
10137482	0	1	0
10138613	0	0	1
10146180	0	1	0
10158628	0	1	0
10161830	0	1	0
10163785	0	2	0
10167541	0	1	0
10167852	0	1	0
10169365	0	3	0
10173980	0	1	0
10181619	0	1	0
10184799	0	3	0
10188884	0	3	0
10189231	0	1	0
10190045	0	1	0
10207824	0	1	0
10208194	0	2	0
10210920	0	2	0
10213573	0	1	0
10216171	0	4	0
10218458	0	1	0
10222057	0	2	0
10223650	0	1	0
10228165	0	1	0
10231798	0	1	0
10233851	0	1	0
10235227	0	1	0
10242385	0	1	0
10248651	0	1	0
10253289	0	1	0
10260060	0	1	0
10269659	0	1	0
10285908	0	1	0
10294352	0	1	0
10298710	0	1	0
10299701	0	1	0
10317547	0	1	0
10319180	0	2	0
10319691	0	1	0
10320561	0	1	0
10327381	0	3	0
10332721	0	1	0
10335994	0	5	0
10348687	0	0	1
10351384	0	0	1
10352324	0	1	0
10354305	0	2	0
10356529	0	2	0
10357291	0	1	0
10359855	0	1	0
10364561	0	1	0
10379075	0	1	0
10385754	0	1	0
10417540	0	1	0
10432742	0	1	0
10435067	0	1	0
10440895	0	0	1
10452261	0	3	0
10462198	0	1	0
10489309	0	1	0
10492018	0	3	0
10495336	0	3	0
10498953	0	2	0
10501557	0	1	0
10502042	0	2	0
10508691	0	0	1
10508841	0	0	1
10508853	0	0	1
10511982	0	2	0
10512778	0	2	0
10517828	0	2	0
10523213	0	4	0
10527496	0	1	0
10533894	0	1	0
10539039	0	1	0
10541445	0	2	0
10546207	0	2	0
10553864	0	1	0
10572407	0	1	0
10573701	0	4	0
10577447	0	1	0
10580115	0	1	0
10580120	0	2	0
10581739	0	1	0
10590920	0	2	0
10614294	0	2	0
10620662	0	1	0
10623223	0	1	0
10625533	0	5	0
10636935	0	1	0
10651099	0	2	0
10653046	0	3	0
10665349	0	1	0
10668384	0	2	0
10668843	0	2	0
10673008	0	1	0
10675416	0	2	0
10680192	0	2	0
10686352	0	4	0
10687850	0	1	0
10695291	0	1	0
10696130	0	2	0
10699008	0	1	0
10705617	0	1	0
10706875	0	2	0
10743017	0	1	0
10754082	0	2	0
10754955	0	1	0
10774913	0	1	0
10783173	0	1	0
10787628	0	1	0
10792898	0	2	0
10800151	0	1	0
10801451	0	3	0
10809890	0	1	0
10811195	0	2	0
10817576	0	1	0
10821670	0	1	0
10822400	0	2	0
10825873	0	1	0
10826551	0	1	0
10828613	0	1	0
10830360	0	4	0
10830571	0	1	0
10831942	0	1	0
10837697	0	1	0
10849685	0	1	0
10851073	0	3	0
10853029	0	1	0
10854052	0	1	0
10856091	0	2	0
10856158	0	1	0
10862679	0	1	0
10867438	0	3	0
10869008	0	1	0
10878755	0	1	0
10878783	0	1	0
10879956	0	1	0
10883618	0	1	0
10892856	0	1	0
10893209	0	1	0
10898672	0	1	0
10906702	0	2	0
10913039	0	1	0
10933091	0	1	0
10934680	0	2	0
10945833	0	0	1
10950046	0	1	0
10956107	0	1	0
10957183	0	2	0
10960861	0	2	0
10964694	0	2	0
10970002	0	1	0
10972593	0	1	0
10974162	0	1	0
10982472	0	1	0
10989072	0	2	0
11008973	0	1	0
11017858	0	1	0
11018998	0	1	0
11031363	0	1	0
11036837	0	1	0
11040903	0	2	0
11051721	0	1	0
11051913	0	1	0
11062610	0	1	0
11084734	0	1	0
11091378	0	1	0
11099604	0	1	0
11100768	0	2	0
11106291	0	0	1
11113921	0	2	0
11117269	0	1	0
11119863	0	5	0
11129776	0	2	0
11136164	0	4	0
11136585	0	1	0
11136876	0	3	0
11139572	0	1	0
11142086	0	1	0
11142115	0	1	0
11150888	0	3	0
11158142	0	2	0
11160843	0	1	0
11161422	0	1	0
11166891	0	1	0
11169213	0	1	0
11174482	0	2	0
11180429	0	2	0
11184953	0	2	0
11191932	0	0	1
11194268	0	2	0
11211858	0	1	0
11213827	0	1	0
11217097	0	1	0
11220137	0	1	0
11221031	0	1	0
11221280	0	1	0
11222833	0	1	0
11225330	0	1	0
11229809	0	1	0
11230167	0	2	0
11232394	0	1	0
11232842	0	1	0
11237153	0	1	0
11245214	0	1	0
11254436	0	1	0
11255185	0	1	0
11258082	0	1	0
11262912	0	1	0
11278194	0	1	0
11343014	0	1	0
11348441	0	5	0
11349596	0	1	0
11353297	0	1	0
11359117	0	1	0
11359120	0	1	0
11359978	0	1	0
11365021	0	1	0
11365364	0	1	0
11371375	0	1	0
11386595	0	2	0
11397220	0	2	0
11398566	0	4	0
11404366	0	3	0
11427670	0	1	0
11429748	0	2	0
11437860	0	1	0
11441226	0	3	0
11444313	0	1	0
11446011	0	1	0
11446857	0	1	0
11448509	0	1	0
11459955	0	1	0
11460630	0	4	0
11473626	0	1	0
11474862	0	1	0
11474909	0	1	0
11499366	0	1	0
11499542	0	1	0
11500024	0	1	0
11500420	0	1	0
11503077	0	1	0
11509142	0	1	0
11511779	0	1	0
11524085	0	1	0
11526606	0	1	0
11531357	0	7	0
11542662	0	1	0
11559706	0	1	0
11564898	0	2	0
11565092	0	1	0
11568501	0	1	0
11574162	0	1	0
11581252	0	1	0
11594066	0	1	0
11603153	0	4	0
11613492	0	1	0
11621252	0	2	0
11621813	0	1	0
11622753	0	0	1
11625951	0	3	0
11629129	0	1	0
11630612	0	2	0
11656898	0	1	0
11666019	0	2	0
11668635	0	1	0
11673660	0	2	0
11677261	0	1	0
11677402	0	4	0
11680026	0	6	0
11682560	0	1	0
11699542	0	1	0
11702096	0	4	0
11714847	0	1	0
11715759	0	2	0
11717148	0	0	1
11717478	0	1	0
11733332	0	1	0
11746627	0	1	0
11749446	0	1	0
11759671	0	1	0
11761241	0	1	0
11761523	0	3	0
11762728	0	1	0
11780218	0	3	0
11782599	0	1	0
11791313	0	1	0
11796151	0	4	0
11798428	0	0	1
11799439	0	1	0
11800268	0	1	0
11801426	0	1	0
11810969	0	3	0
11813801	0	1	0
11828286	0	1	0
11838169	0	2	0
11849522	0	1	0
11861050	0	1	0
11864103	0	1	0
11864737	0	1	0
11870073	0	2	0
11873603	0	1	0
11876756	0	1	0
11884330	0	1	0
11885287	0	1	0
11897830	0	2	0
11897948	0	1	0
11906587	0	1	0
11917079	0	1	0
11917571	0	1	0
11932570	0	1	0
11933596	0	1	0
11933841	0	2	0
11939759	0	1	0
11941751	0	1	0
11944856	0	1	0
11946020	0	1	0
11952108	0	2	0
11961665	0	1	0
11971536	0	1	0
11994686	0	1	0
11998597	0	1	0
12001854	0	1	0
12009818	0	1	0
12009936	0	1	0
12022741	0	1	0
12041047	0	1	0
12041607	0	1	0
12046286	0	1	0
12047262	0	8	0
12051163	0	1	0
12052641	0	3	0
12072061	0	1	0
12074412	0	2	0
12082540	0	1	0
12087760	0	1	0
12102932	0	1	0
12109105	0	1	0
12111748	0	1	0
12111965	0	1	0
12112626	0	1	0
12119933	0	1	0
12121342	0	1	0
12130656	0	2	0
12139630	0	3	0
12142961	0	1	0
12151157	0	1	0
12152302	0	2	0
12157116	0	1	0
12166186	0	1	0
12169633	0	1	0
12180431	0	1	0
12196623	0	1	0
12204326	0	4	0
12207833	0	2	0
12221962	0	1	0
12228580	0	3	0
12230973	0	3	0
12231742	0	1	0
12239169	0	1	0
12250916	0	1	0
12252142	0	1	0
12253547	0	1	0
12256172	0	4	0
12265109	0	1	0
12270615	0	3	0
12270654	0	1	0
12276380	0	1	0
12287378	0	1	0
12288975	0	1	0
12289827	0	2	0
12293767	0	1	0
12294142	0	1	0
12311099	0	1	0
12325854	0	2	0
12328716	0	1	0
12330835	0	1	0
12342319	0	9	0
12346532	0	1	0
12347410	0	1	0
12348398	0	2	0
12362993	0	1	0
12363661	0	1	0
12366039	0	2	0
12374576	0	1	0
12376931	0	1	0
12379803	0	1	0
12380137	0	1	0
12386862	0	1	0
12413924	0	3	0
12416252	0	1	0
12429183	0	1	0
12434111	0	2	0
12442019	0	1	0
12442207	0	1	0
12446933	0	1	0
12466551	0	1	0
12471446	0	1	0
12478706	0	4	0
12485690	0	3	0
12491417	0	3	0
12510098	0	2	0
12510315	0	1	0
12511489	0	3	0
12524924	0	2	0
12536460	0	1	0
12537611	0	1	0
12548674	0	1	0
12550482	0	1	0
12564260	0	3	0
12566572	0	1	0
12568376	0	1	0
12574919	0	1	0
12597185	0	1	0
12597495	0	2	0
12598148	0	3	0
12617832	0	1	0
12618347	0	2	0
12622392	0	3	0
12631288	0	2	0
12635334	0	1	0
12639394	0	1	0
12639807	0	1	0
12641502	0	1	0
12646338	0	1	0
12658821	0	4	0
12660751	0	2	0
12673707	0	2	0
12679652	0	1	0
12680611	0	1	0
12696475	0	12	0
12706627	0	1	0
12718272	0	1	0
12720904	0	2	0
12726383	0	1	0
12729420	0	1	0
12732080	0	1	0
12732226	0	1	0
12732248	0	3	0
12735153	0	1	0
12743285	0	1	0
12745511	0	1	0
12749498	0	1	0
12765334	0	5	0
12767818	0	1	0
12768665	0	1	0
12775719	0	1	0
12776186	0	1	0
12787925	0	6	0
12792213	0	1	0
12792225	0	6	0
12806723	0	4	0
12814381	0	1	0
12818676	0	1	0
12827940	0	1	0
12833840	0	1	0
12838045	0	1	0
12838741	0	1	0
12852723	0	2	0
12854055	0	1	0
12854094	0	1	0
12859575	0	2	0
12872458	0	3	0
12874426	0	1	0
12879962	0	1	0
12888367	0	8	0
12897398	0	1	0
12903814	0	2	0
12918071	0	1	0
12925661	0	1	0
12925759	0	1	0
12925795	0	1	0
12928189	0	2	0
12932329	0	1	0
12934061	0	1	0
12946931	0	1	0
12951303	0	1	0
12954281	0	1	0
12964051	0	1	0
12968339	0	2	0
12978085	0	1	0
12978875	0	7	0
12981870	0	2	0
12987795	0	1	0
12988443	0	1	0
12995911	0	1	0
12999787	0	2	0
13006677	0	1	0
13011739	0	1	0
13012008	0	1	0
13013482	0	1	0
13014998	0	1	0
13021089	0	1	0
13022981	0	3	0
13026535	0	1	0
13030840	0	1	0
13038443	0	1	0
13040023	0	1	0
13050209	0	1	0
13050761	0	1	0
13053181	0	1	0
13055190	0	1	0
13065527	0	1	0
13071779	0	1	0
13086644	0	1	0
13094735	0	1	0
13101957	0	1	0
13103358	0	1	0
13103511	0	1	0
13107116	0	1	0
13107740	0	1	0
13109833	0	1	0
13114254	0	1	0
13122627	0	1	0
13123949	0	3	0
13127558	0	1	0
13131647	0	1	0
13151276	0	0	1
13151348	0	2	0
13151494	0	1	0
13156345	0	2	0
13160135	0	1	0
13160178	0	1	0
13167876	0	2	0
13172217	0	1	0
13180440	0	1	0
13180581	0	4	0
13185080	0	1	0
13185548	0	1	0
13185958	0	1	0
13189524	0	0	1
13195322	0	1	0
13197850	0	1	0
13206046	0	2	0
13209723	0	1	0
13216045	0	1	0
13217166	0	1	0
13217744	0	1	0
13223118	0	1	0
13235170	0	2	0
13250885	0	1	0
13256162	0	1	0
13260196	0	9	0
13261425	0	2	0
13269467	0	1	0
13270168	0	1	0
13278885	0	1	0
13285635	0	1	0
13288128	0	1	0
13288258	0	1	0
13290754	0	1	0
13291053	0	1	0
13297460	0	2	0
13304925	0	1	0
13307214	0	1	0
13307776	0	1	0
13312339	0	1	0
13312543	0	1	0
13313739	0	1	0
13314127	0	1	0
13317237	0	1	0
13320097	0	1	0
13321551	0	1	0
13321758	0	1	0
13324763	0	1	0
13332780	0	0	1
13348751	0	2	0
13349495	0	1	0
13351627	0	2	0
13354669	0	1	0
13355548	0	1	0
13356996	0	2	0
13360264	0	2	0
13365241	0	1	0
13408270	0	3	0
13408829	0	1	0
13413079	0	2	0
13413134	0	1	0
13426085	0	1	0
13427194	0	1	0
13431627	0	1	0
13431912	0	2	0
13433516	0	1	0
13439732	0	2	0
13449595	0	5	0
13462747	0	1	0
13489093	0	1	0
13513171	0	1	0
13522557	0	1	0
13525255	0	1	0
13531089	0	12	0
13546595	0	1	0
13565323	0	1	0
13573067	0	1	0
13574389	0	1	0
13576928	0	1	0
13577926	0	1	0
13581647	0	1	0
13582236	0	3	0
13593248	0	1	0
13598223	0	1	0
13599579	0	3	0
13602533	0	2	0
13613065	0	1	0
13615086	0	4	0
13620326	0	3	0
13621363	0	1	0
13622909	0	2	0
13624791	0	1	0
13632911	0	1	0
13653835	0	3	0
13664196	0	1	0
13669639	0	1	0
13671404	0	1	0
13672221	0	1	0
13686130	0	7	0
13705442	0	1	0
13711353	0	4	0
13712293	0	1	0
13714646	0	1	0
13722687	0	1	0
13723423	0	1	0
13737167	0	1	0
13742542	0	1	0
13748842	0	1	0
13751361	0	1	0
13756144	0	1	0
13759173	0	1	0
13764082	0	1	0
13771386	0	3	0
13794302	0	1	0
13815112	0	1	0
13815625	0	2	0
13828189	0	3	0
13829395	0	1	0
13833150	0	1	0
13838051	0	1	0
13840429	0	1	0
13847037	0	3	0
13848649	0	1	0
13868222	0	3	0
13870904	0	3	0
13871623	0	1	0
13873238	0	1	0
13873516	0	1	0
13880897	0	1	0
13887992	0	3	0
13918705	0	2	0
13927689	0	1	0
13939559	0	1	0
13947632	0	2	0
13948374	0	3	0
13948569	0	1	0
13949092	0	1	0
13960917	0	2	0
13964094	0	1	0
13969958	0	1	0
13971266	0	5	0
13971747	0	1	0
13975032	0	1	0
13982605	0	1	0
13996607	0	1	0
14005272	0	6	0
14038309	0	1	0
14041276	0	2	0
14041846	0	1	0
14046651	0	2	0
14051424	0	1	0
14052758	0	2	0
14061709	0	1	0
14069936	0	1	0
14073485	0	1	0
14081563	0	1	0
14082939	0	1	0
14089392	0	1	0
14092253	0	1	0
14111633	0	2	0
14113717	0	1	0
14116932	0	1	0
14119176	0	2	0
14134617	0	1	0
14144963	0	1	0
14150667	0	1	0
14151826	0	1	0
14151956	0	1	0
14154349	0	1	0
14156778	0	1	0
14158739	0	2	0
14161388	0	1	0
14161605	0	2	0
14161838	0	1	0
14163270	0	1	0
14168790	0	1	0
14174215	0	1	0
14177688	0	3	0
14181317	0	1	0
14200314	0	1	0
14203934	0	1	0
14209271	0	1	0
14215944	0	1	0
14222866	0	1	0
14224670	0	1	0
14227606	0	2	0
14250227	0	1	0
14254572	0	1	0
14260232	0	1	0
14268929	0	1	0
14275386	0	1	0
14284808	0	4	0
14286911	0	3	0
14292488	0	1	0
14302231	0	1	0
14303585	0	2	0
14317803	0	1	0
14370815	0	1	0
14377388	0	1	0
14386518	0	2	0
14386876	0	2	0
14398104	0	1	0
14398396	0	1	0
14400636	0	1	0
14422541	0	1	0
14423169	0	2	0
14440582	0	1	0
14443572	0	1	0
14443984	0	1	0
14448964	0	1	0
14452302	0	1	0
14452689	0	2	0
14453064	0	1	0
14456915	0	1	0
14461020	0	2	0
14465291	0	1	0
14484585	0	1	0
14495613	0	1	0
14501034	0	1	0
14502750	0	1	0
14504816	0	1	0
14506039	0	1	0
14506565	0	1	0
14513026	0	1	0
14515235	0	1	0
14523861	0	1	0
14524594	0	4	0
14530176	0	1	0
14531128	0	1	0
14531497	0	1	0
14534967	0	1	0
14538524	0	1	0
14555997	0	1	0
14569085	0	3	0
14572476	0	1	0
14577773	0	1	0
14578225	0	2	0
14578561	0	3	0
14602053	0	1	0
14615943	0	1	0
14616234	0	1	0
14619151	0	1	0
14625204	0	4	0
14625949	0	2	0
14627382	0	1	0
14628641	0	2	0
14629684	0	1	0
14642388	0	1	0
14644834	0	2	0
14645019	0	1	0
14656301	0	1	0
14656719	0	1	0
14658346	0	4	0
14660252	0	2	0
14678593	0	2	0
14695542	0	1	0
14703498	0	1	0
14711492	0	1	0
14715662	0	4	0
14720004	0	1	0
14739208	0	2	0
14755066	0	1	0
14762720	0	1	0
14766778	0	1	0
14772326	0	1	0
14776514	0	4	0
14783820	0	1	0
14801265	0	1	0
14814408	0	1	0
14816015	0	2	0
14818043	0	2	0
14818133	0	0	1
14818348	0	3	0
14818912	0	1	0
14819109	0	1	0
14840131	0	1	0
14847605	0	3	0
14857533	0	1	0
14859728	0	1	0
14870706	0	2	0
14870839	0	1	0
14881124	0	5	0
14888066	0	2	0
14898442	0	1	0
14908115	0	2	0
14911870	0	1	0
14935045	0	2	0
14966713	0	3	0
14968660	0	1	0
14971315	0	1	0
14973874	0	3	0
14978579	0	1	0
14979954	0	3	0
14980077	0	4	0
15000564	0	1	0
15003497	0	1	0
15005189	0	0	1
15006652	0	1	0
15015815	0	1	0
15016653	0	1	0
15027030	0	1	0
15028399	0	2	0
15035437	0	2	0
15053160	0	3	0
15053516	0	1	0
15054235	0	1	0
15068021	0	2	0
15086440	0	1	0
15093779	0	1	0
15102018	0	1	0
15102458	0	2	0
15104032	0	1	0
15105768	0	1	0
15107097	0	1	0
15108181	0	1	0
15116796	0	1	0
15123015	0	1	0
15128400	0	1	0
15129116	0	1	0
15133572	0	1	0
15143316	0	1	0
15145050	0	1	0
15147391	0	1	0
15154882	0	1	0
15159752	0	2	0
15173482	0	2	0
15177877	0	2	0
15184754	0	1	0
15202237	0	1	0
15213686	0	1	0
15221375	0	2	0
15223007	0	1	0
15232776	0	1	0
15255257	0	1	0
15256415	0	1	0
15258644	0	1	0
15261269	0	2	0
15261518	0	1	0
15264552	0	1	0
15264914	0	1	0
15266189	0	1	0
15281549	0	1	0
15298178	0	4	0
15299361	0	1	0
15302375	0	1	0
15303395	0	2	0
15305260	0	2	0
15305616	0	7	0
15313216	0	0	1
15324508	0	1	0
15326511	0	1	0
15327305	0	2	0
15333176	0	2	0
15337327	0	1	0
15350129	0	1	0
15355960	0	1	0
15357584	0	1	0
15359428	0	1	0
15368985	0	0	1
15372496	0	1	0
15381949	0	2	0
15383509	0	1	0
15401106	0	1	0
15405252	0	1	0
15405622	0	2	0
15416371	0	1	0
15419135	0	1	0
15419280	0	2	0
15421666	0	2	0
15432495	0	1	0
15433879	0	1	0
15437218	0	0	1
15442066	0	1	0
15443882	0	1	0
15458453	0	1	0
15476391	0	2	0
15502725	0	1	0
15528303	0	1	0
15536369	0	1	0
15549583	0	1	0
15551102	0	3	0
15552863	0	5	0
15555121	0	1	0
15556106	0	1	0
15563997	0	1	0
15568874	0	2	0
15573828	0	1	0
15575130	0	1	0
15576305	0	1	0
15584385	0	2	0
15585802	0	1	0
15597638	0	1	0
15600117	0	1	0
15619990	0	1	0
15620465	0	2	0
15626227	0	1	0
15626523	0	1	0
15630517	0	1	0
15645652	0	2	0
15646382	0	0	1
15655356	0	1	0
15662213	0	1	0
15680752	0	1	0
15682184	0	3	0
15685107	0	1	0
15685242	0	1	0
15694923	0	2	0
15701970	0	3	0
15725449	0	1	0
15726134	0	1	0
15727929	0	1	0
15747218	0	1	0
15758330	0	8	0
15766679	0	2	0
15766764	0	1	0
15772590	0	1	0
15783957	0	1	0
15784851	0	1	0
15793192	0	1	0
15793221	0	1	0
15793915	0	1	0
15798215	0	1	0
15805663	0	1	0
15807927	0	1	0
15821983	0	1	0
15822223	0	1	0
15829877	0	2	0
15832975	0	1	0
15835145	0	1	0
15842739	0	1	0
15844483	0	2	0
15862374	0	1	0
15867581	0	1	0
15873454	0	1	0
15881894	0	1	0
15882972	0	1	0
15891806	0	1	0
15894473	0	1	0
15899552	0	1	0
15914670	0	1	0
15919882	0	1	0
15921933	0	3	0
15922580	0	1	0
15923753	0	1	0
15925706	0	1	0
15925786	0	2	0
15932858	0	1	0
15935329	0	0	1
15963708	0	1	0
15971247	0	2	0
15971330	0	1	0
15975915	0	1	0
15996202	0	1	0
16002986	0	1	0
16004264	0	1	0
16018233	0	1	0
16022952	0	2	0
16024479	0	1	0
16069986	0	2	0
16073206	0	1	0
16083350	0	1	0
16084773	0	1	0
16091659	0	1	0
16093150	0	1	0
16101033	0	3	0
16107175	0	1	0
16107905	0	1	0
16111849	0	1	0
16112513	0	2	0
16112607	0	1	0
16115376	0	1	0
16124596	0	1	0
16133184	0	1	0
16150161	0	1	0
16150628	0	1	0
16151985	0	1	0
16157244	0	3	0
16157672	0	1	0
16158058	0	1	0
16159616	0	1	0
16162342	0	1	0
16169582	0	2	0
16176032	0	4	0
16179718	0	2	0
16218259	0	3	0
16230857	0	1	0
16236329	0	1	0
16243233	0	1	0
16243281	0	3	0
16248220	0	1	0
16264102	0	2	0
16275105	0	1	0
16277448	0	1	0
16278536	0	1	0
16282725	0	1	0
16283133	0	1	0
16303906	0	1	0
16304610	0	1	0
16304902	0	1	0
16307142	0	1	0
16322193	0	1	0
16335836	0	3	0
16338736	0	1	0
16365273	0	1	0
16367890	0	1	0
16371787	0	1	0
16376210	0	1	0
16384944	0	2	0
16391256	0	1	0
16419073	0	1	0
16420357	0	1	0
16426649	0	0	1
16427227	0	1	0
16428672	0	4	0
16429138	0	5	0
16429526	0	2	0
16442759	0	1	0
16444177	0	8	0
16466830	0	1	0
16486804	0	3	0
16491848	0	11	0
16493977	0	3	0
16499404	0	2	0
16503402	0	1	0
16506059	0	2	0
16506314	0	1	0
16512482	0	1	0
16518279	0	1	0
16519016	0	1	0
16540015	0	1	0
16547751	0	1	0
16550797	0	2	0
16551053	0	1	0
16551140	0	1	0
16555941	0	1	0
16567842	0	2	0
16573140	0	1	0
16579039	0	1	0
16594144	0	1	0
16603350	0	3	0
16606238	0	1	0
16625444	0	1	0
16626505	0	1	0
16628873	0	5	0
16631399	0	1	0
16635028	0	9	0
16636139	0	1	0
16637133	0	1	0
16651703	0	1	0
16654296	0	2	0
16662194	0	1	0
16665954	0	2	0
16678796	0	2	0
16680197	0	2	0
16682046	0	2	0
16689330	0	1	0
16693468	0	3	0
16723525	0	2	0
16726315	0	1	0
16728247	0	2	0
16734787	0	3	0
16735175	0	1	0
16751055	0	4	0
16753904	0	1	0
16754833	0	1	0
16764614	0	1	0
16766392	0	1	0
16782984	0	1	0
16783043	0	1	0
16788100	0	1	0
16805285	0	2	0
16813389	0	1	0
16815651	0	2	0
16821237	0	1	0
16823584	0	2	0
16826607	0	3	0
16840653	0	8	0
16854257	0	1	0
16858287	0	1	0
16863394	0	2	0
16866377	0	1	0
16866728	0	1	0
16868794	0	1	0
16875402	0	1	0
16885741	0	1	0
16890977	0	2	0
16897896	0	1	0
16908647	0	1	0
16919662	0	1	0
16924404	0	1	0
16924410	0	6	0
16927825	0	1	0
16932750	0	1	0
16934323	0	1	0
16940521	0	1	0
16957432	0	1	0
16963313	0	1	0
16964886	0	1	0
16967088	0	4	0
16969850	0	2	0
16972088	0	1	0
16975667	0	1	0
16982091	0	4	0
16984048	0	2	0
16986137	0	2	0
16986464	0	1	0
16989561	0	1	0
17007025	0	1	0
17007784	0	1	0
17022576	0	2	0
17022661	0	4	0
17032516	0	4	0
17051816	0	1	0
17058098	0	1	0
17058732	0	1	0
17066629	0	1	0
17073840	0	1	0
17088813	0	1	0
17109272	0	2	0
17125530	0	2	0
17135472	0	1	0
17136170	0	1	0
17137201	0	1	0
17139283	0	1	0
17147417	0	1	0
17149169	0	1	0
17150800	0	1	0
17166401	0	1	0
17181227	0	2	0
17184729	0	1	0
17184803	0	1	0
17189133	0	1	0
17197452	0	1	0
17201428	0	1	0
17202414	0	1	0
17206578	0	1	0
17241465	0	1	0
17251143	0	2	0
17257068	0	1	0
17264446	0	2	0
17264447	0	1	0
17273879	0	1	0
17279318	0	1	0
17282627	0	1	0
17285166	0	3	0
17295313	0	2	0
17298073	0	5	0
17312388	0	1	0
17312894	0	2	0
17327613	0	3	0
17329989	0	1	0
17335097	0	3	0
17338240	0	1	0
17342982	0	2	0
17347635	0	1	0
17350919	0	1	0
17351944	0	1	0
17364185	0	1	0
17365293	0	1	0
17390817	0	2	0
17390903	0	1	0
17391252	0	1	0
17393336	0	0	1
17398747	0	2	0
17400327	0	3	0
17424170	0	2	0
17431845	0	1	0
17444093	0	1	0
17444575	0	1	0
17470944	0	1	0
17473941	0	1	0
17474997	0	1	0
17480137	0	1	0
17481267	0	1	0
17492954	0	1	0
17507330	0	1	0
17508203	0	1	0
17520225	0	1	0
17521382	0	1	0
17525894	0	1	0
17527746	0	1	0
17527791	0	1	0
17533682	0	1	0
17538533	0	1	0
17559436	0	1	0
17573637	0	1	0
17596665	0	1	0
17597615	0	2	0
17599741	0	1	0
17601914	0	1	0
17610751	0	1	0
17616209	0	1	0
17616794	0	1	0
17621066	0	1	0
17623187	0	1	0
17625860	0	1	0
17643154	0	0	1
17644778	0	1	0
17645175	0	1	0
17652629	0	2	0
17654672	0	1	0
17655769	0	2	0
17656213	0	4	0
17657644	0	1	0
17660829	0	1	0
17663934	0	2	0
17667413	0	1	0
17683637	0	3	0
17686723	0	1	0
17689120	0	1	0
17709227	0	1	0
17717137	0	1	0
17717464	0	4	0
17721252	0	1	0
17727019	0	2	0
17733629	0	1	0
17734116	0	1	0
17747474	0	1	0
17752550	0	2	0
17754502	0	1	0
17754997	0	2	0
17756382	0	1	0
17757160	0	1	0
17764329	0	1	0
17774635	0	1	0
17800914	0	1	0
17802002	0	4	0
17807266	0	1	0
17813859	0	1	0
17825916	0	1	0
17841339	0	0	1
17850449	0	1	0
17853175	0	1	0
17854283	0	1	0
17856526	0	1	0
17859977	0	1	0
17867584	0	1	0
17872664	0	3	0
17873067	0	1	0
17881198	0	1	0
17883207	0	1	0
17883463	0	1	0
17884484	0	1	0
17890760	0	2	0
17892164	0	2	0
17895915	0	2	0
17897521	0	2	0
17904755	0	1	0
17907249	0	1	0
17914998	0	5	0
17921615	0	2	0
17937093	0	1	0
17950356	0	1	0
17951083	0	4	0
17956821	0	1	0
17957762	0	2	0
17957770	0	1	0
17985310	0	1	0
17987316	0	2	0
17994695	0	1	0
17995113	0	3	0
17997640	0	1	0
18003292	0	1	0
18004367	0	2	0
18013002	0	5	0
18016094	0	1	0
18021474	0	1	0
18025022	0	1	0
18043605	0	2	0
18043963	0	1	0
18043995	0	1	0
18065586	0	1	0
18067824	0	1	0
18068450	0	2	0
18074776	0	1	0
18075830	0	1	0
18087096	0	1	0
18088454	0	2	0
18095510	0	1	0
18096403	0	1	0
18117190	0	1	0
18127741	0	1	0
18130958	0	4	0
18136405	0	2	0
18156385	0	1	0
18186410	0	1	0
18193278	0	1	0
18209642	0	4	0
18220336	0	1	0
18226524	0	2	0
18229906	0	2	0
18231755	0	1	0
18233659	0	1	0
18239104	0	1	0
18240492	0	2	0
18243769	0	1	0
18250502	0	1	0
18252969	0	1	0
18253277	0	1	0
18256910	0	1	0
18261140	0	2	0
18269012	0	2	0
18272106	0	1	0
18296261	0	1	0
18305476	0	2	0
18310652	0	2	0
18316094	0	1	0
18318246	0	1	0
18325147	0	1	0
18331626	0	1	0
18337486	0	1	0
18339249	0	1	0
18344541	0	1	0
18366446	0	3	0
18371319	0	2	0
18409153	0	2	0
18416210	0	4	0
18430340	0	2	0
18450875	0	2	0
18453149	0	1	0
18460552	0	4	0
18461848	0	1	0
18481495	0	2	0
18483736	0	1	0
18484075	0	3	0
18485431	0	2	0
18494505	0	1	0
18495413	0	1	0
18498851	0	3	0
18501295	0	1	0
18505037	0	1	0
18505438	0	3	0
18529815	0	1	0
18547342	0	3	0
18548068	0	1	0
18562443	0	1	0
18570379	0	2	0
18582280	0	1	0
18589132	0	2	0
18589154	0	2	0
18594565	0	1	0
18597088	0	1	0
18604838	0	1	0
18605793	0	1	0
18607030	0	1	0
18608048	0	4	0
18628339	0	2	0
18633316	0	1	0
18656699	0	1	0
18677232	0	1	0
18677584	0	5	0
18686177	0	1	0
18691486	0	1	0
18699703	0	1	0
18722190	0	1	0
18728592	0	1	0
18731875	0	1	0
18735025	0	3	0
18735861	0	1	0
18748543	0	1	0
18754929	0	1	0
18769613	0	2	0
18771696	0	1	0
18778302	0	1	0
18781393	0	1	0
18784401	0	4	0
18784709	0	1	0
18785549	0	3	0
18804755	0	1	0
18818535	0	2	0
18818683	0	2	0
18822662	0	2	0
18825334	0	1	0
18838524	0	0	1
18841828	0	1	0
18861885	0	1	0
18865585	0	1	0
18865745	0	1	0
18866379	0	1	0
18866438	0	4	0
18868534	0	1	0
18873490	0	1	0
18875046	0	1	0
18890033	0	1	0
18891610	0	2	0
18896629	0	2	0
18902384	0	2	0
18904770	0	1	0
18909080	0	1	0
18909262	0	1	0
18911428	0	0	1
18911447	0	1	0
18915205	0	1	0
18917710	0	1	0
18919986	0	2	0
18922229	0	1	0
18928930	0	1	0
18932801	0	1	0
18937686	0	1	0
18943080	0	1	0
18943945	0	1	0
18946262	0	1	0
18952057	0	1	0
18954935	0	1	0
18955187	0	1	0
18961078	0	2	0
18962942	0	1	0
18979860	0	1	0
18992167	0	1	0
18996382	0	3	0
18999623	0	2	0
19011932	0	2	0
19013752	0	1	0
19038528	0	7	0
19041835	0	1	0
19046064	0	1	0
19047360	0	1	0
19058619	0	1	0
19061054	0	2	0
19061628	0	2	0
19063699	0	1	0
19064140	0	1	0
19067303	0	1	0
19067722	0	2	0
19069251	0	1	0
19072224	0	2	0
19077224	0	1	0
19097442	0	2	0
19098469	0	4	0
19101088	0	1	0
19110241	0	6	0
19115777	0	1	0
19121131	0	2	0
19126175	0	2	0
19128439	0	1	0
19135569	0	5	0
19136678	0	1	0
19144760	0	2	0
19154696	0	1	0
19161321	0	2	0
19166334	0	1	0
19180772	0	1	0
19189009	0	1	0
19194944	0	1	0
19199119	0	2	0
19202876	0	1	0
19211715	0	1	0
19213279	0	1	0
19214108	0	1	0
19225111	0	2	0
19225138	0	3	0
19225186	0	1	0
19225195	0	2	0
19225277	0	1	0
19225342	0	1	0
19225345	0	1	0
19225356	0	1	0
19225357	0	1	0
19225402	0	2	0
19240472	0	1	0
19249005	0	3	0
19267086	0	1	0
19270991	0	9	0
19282469	0	2	0
19298401	0	2	0
19305503	0	0	1
19307851	0	1	0
19311175	0	1	0
19321877	0	1	0
19336647	0	1	0
19342275	0	2	0
19349870	0	1	0
19357008	0	5	0
19367895	0	4	0
19373414	0	1	0
19373913	0	1	0
19381407	0	1	0
19381452	0	1	0
19392857	0	1	0
19394374	0	4	0
19403026	0	2	0
19410393	0	1	0
19422686	0	2	0
19439495	0	1	0
19440883	0	1	0
19451916	0	1	0
19455054	0	1	0
19455158	0	1	0
19462705	0	1	0
19467267	0	1	0
19475359	0	2	0
19485401	0	1	0
19495726	0	2	0
19508073	0	1	0
19508967	0	1	0
19513184	0	1	0
19521509	0	3	0
19524448	0	1	0
19528672	0	1	0
19537645	0	1	0
19542128	0	1	0
19550604	0	1	0
19584828	0	1	0
19589998	0	2	0
19592516	0	1	0
19595443	0	2	0
19619438	0	1	0
19622224	0	1	0
19631503	0	1	0
19632148	0	1	0
19642186	0	1	0
19645731	0	1	0
19659325	0	1	0
19669646	0	1	0
19676969	0	1	0
19681517	0	1	0
19689223	0	2	0
19708868	0	1	0
19712968	0	1	0
19715423	0	0	1
19723469	0	1	0
19725848	0	1	0
19730384	0	1	0
19730390	0	1	0
19730450	0	1	0
19731501	0	2	0
19731642	0	3	0
19752237	0	2	0
19755333	0	1	0
19758917	0	1	0
19761703	0	1	0
19767121	0	2	0
19767125	0	2	0
19767411	0	4	0
19768674	0	1	0
19770276	0	1	0
19773974	0	2	0
19801082	0	1	0
19803936	0	1	0
19805087	0	2	0
19809818	0	1	0
19809949	0	1	0
19811281	0	1	0
19812288	0	1	0
19812801	0	1	0
19814023	0	1	0
19824538	0	2	0
19828815	0	2	0
19856953	0	3	0
19875101	0	2	0
19884112	0	1	0
19887754	0	1	0
19894852	0	1	0
19896751	0	1	0
19902784	0	6	0
19903749	0	1	0
19908346	0	1	0
19911697	0	1	0
19913277	0	3	0
19914246	0	3	0
19925749	0	2	0
19933828	0	1	0
19938452	0	1	0
19947762	0	1	0
19950558	0	4	0
19959756	0	1	0
19963051	0	1	0
19967045	0	0	1
19967108	0	0	1
19967681	0	1	0
19973308	0	2	0
19975634	0	3	0
19983307	0	1	0
19996973	0	1	0
19997653	0	1	0
20001009	0	1	0
20001454	0	1	0
20010826	0	2	0
20011901	0	1	0
20024999	0	1	0
20026225	0	3	0
20031472	0	1	0
20041539	0	5	0
20047659	0	1	0
20065335	0	2	0
20075256	0	3	0
20079475	0	1	0
20079811	0	2	0
20082077	0	2	0
20089403	0	1	0
20089546	0	1	0
20094277	0	1	0
20096931	0	1	0
20103507	0	2	0
20108359	0	3	0
20114920	0	2	0
20121378	0	2	0
20123133	0	1	0
20123453	0	2	0
20125681	0	1	0
20128597	0	3	0
20129168	0	1	0
20135592	0	2	0
20139766	0	1	0
20153398	0	1	0
20160789	0	3	0
20175207	0	2	0
20189590	0	1	0
20191891	0	1	0
20193124	0	1	0
20196344	0	1	0
20201342	0	2	0
20205721	0	1	0
20210653	0	3	0
20225179	0	1	0
20225216	0	1	0
20232854	0	2	0
20234026	0	3	0
20240015	0	1	0
20248661	0	1	0
20274381	0	3	0
20274878	0	1	0
20291075	0	2	0
20293518	0	2	0
20304512	0	8	0
20305949	0	1	0
20323764	0	1	0
20326451	0	1	0
20326492	0	1	0
20327964	0	1	0
20331036	0	1	0
20336495	0	1	0
20338799	0	1	0
20341030	0	1	0
20355410	0	5	0
20358657	0	1	0
20362375	0	1	0
20379091	0	1	0
20381632	0	1	0
20388262	0	4	0
20388264	0	1	0
20391819	0	1	0
20394115	0	2	0
20395681	0	2	0
20396414	0	1	0
20412755	0	1	0
20420998	0	2	0
20438789	0	1	0
20463307	0	1	0
20476547	0	4	0
20502722	0	2	0
20522352	0	1	0
20531433	0	1	0
20533496	0	1	0
20534424	0	1	0
20542730	0	2	0
20543814	0	1	0
20544803	0	1	0
20545298	0	1	0
20545972	0	6	0
20547208	0	1	0
20558740	0	1	0
20559705	0	1	0
20574635	0	3	0
20577905	0	3	0
20578472	0	1	0
20602602	0	1	0
20609099	0	1	0
20628827	0	2	0
20629000	0	1	0
20630658	0	1	0
20631306	0	2	0
20631405	0	4	0
20637933	0	1	0
20660903	0	1	0
20683108	0	1	0
20688372	0	1	0
20693859	0	3	0
20696390	0	1	0
20698470	0	1	0
20705840	0	1	0
20712681	0	1	0
20714093	0	1	0
20717380	0	4	0
20717700	0	1	0
20722953	0	1	0
20724144	0	1	0
20738815	0	1	0
20743045	0	1	0
20745249	0	1	0
20754705	0	1	0
20771202	0	1	0
20774935	0	1	0
20775681	0	1	0
20785330	0	1	0
20803312	0	1	0
20807852	0	1	0
20809720	0	1	0
20810453	0	1	0
20810506	0	1	0
20818394	0	1	0
20825200	0	1	0
20827249	0	3	0
20833088	0	2	0
20833494	0	4	0
20833747	0	2	0
20838919	0	1	0
20847076	0	1	0
20850228	0	2	0
20851391	0	2	0
20853271	0	2	0
20854841	0	1	0
20865141	0	1	0
20867326	0	0	1
20869395	0	2	0
20876972	0	1	0
20887495	0	1	0
20895354	0	3	0
20897482	0	1	0
20897515	0	3	0
20897780	0	2	0
20898039	0	2	0
20911412	0	1	0
20916640	0	4	0
20917735	0	1	0
20921021	0	3	0
20937321	0	1	0
20943687	0	3	0
20947695	0	3	0
20956035	0	1	0
20957834	0	1	0
20958970	0	2	0
20963591	0	1	0
20969320	0	1	0
20987389	0	1	0
20991655	0	3	0
20992159	0	1	0
20995082	0	1	0
21025954	0	2	0
21029910	0	1	0
21037719	0	1	0
21051825	0	3	0
21052130	0	1	0
21056194	0	1	0
21076195	0	1	0
21090013	0	1	0
21094112	0	1	0
21098589	0	1	0
21107723	0	1	0
21111130	0	3	0
21111252	0	1	0
21116459	0	1	0
21122505	0	1	0
21125251	0	1	0
21135622	0	1	0
21150527	0	1	0
21153485	0	1	0
21177380	0	1	0
21181821	0	1	0
21196312	0	1	0
21207655	0	1	0
21208168	0	1	0
21234192	0	1	0
21236469	0	1	0
21236484	0	1	0
21237182	0	1	0
21239783	0	1	0
21250571	0	1	0
21259672	0	1	0
21260573	0	1	0
21283630	0	1	0
21296444	0	1	0
21314151	0	1	0
21318239	0	1	0
21318567	0	1	0
21322764	0	1	0
21323875	0	1	0
21324711	0	2	0
21326327	0	1	0
21326782	0	3	0
21339947	0	1	0
21348921	0	2	0
21350718	0	1	0
21361158	0	1	0
21365623	0	1	0
21373373	0	2	0
21376626	0	1	0
21378182	0	1	0
21386130	0	1	0
21393671	0	1	0
21394622	0	4	0
21402465	0	1	0
21407722	0	1	0
21407780	0	1	0
21428728	0	1	0
21441718	0	1	0
21444366	0	1	0
21454924	0	1	0
21459513	0	1	0
21463224	0	1	0
21468358	0	5	0
21473114	0	2	0
21478146	0	1	0
21484039	0	1	0
21487011	0	1	0
21493486	0	2	0
21495296	0	1	0
21503527	0	4	0
21514103	0	1	0
21521667	0	2	0
21529135	0	1	0
21545891	0	1	0
21549317	0	2	0
21553449	0	4	0
21556259	0	2	0
21558106	0	1	0
21558615	0	4	0
21558896	0	4	0
21561273	0	1	0
21568109	0	1	0
21571614	0	2	0
21574418	0	2	0
21575087	0	1	0
21578203	0	1	0
21582061	0	1	0
21584959	0	1	0
21585286	0	1	0
21587196	0	3	0
21593924	0	1	0
21603426	0	0	1
21614322	0	2	0
21637169	0	1	0
21656372	0	2	0
21657901	0	1	0
21661016	0	1	0
21664079	0	2	0
21673331	0	1	0
21673944	0	1	0
21681643	0	2	0
21695931	0	1	0
21722145	0	3	0
21725005	0	1	0
21726894	0	2	0
21733554	0	2	0
21763446	0	1	0
21768128	0	0	1
21781728	0	1	0
21782075	0	1	0
21782141	0	1	0
21789496	0	1	0
21795716	0	1	0
21795841	0	1	0
21796816	0	1	0
21799891	0	1	0
21803882	0	1	0
21813065	0	1	0
21819295	0	2	0
21830824	0	1	0
21834590	0	1	0
21867623	0	1	0
21880686	0	1	0
21880721	0	2	0
21911023	0	1	0
21924393	0	1	0
21924807	0	1	0
21925571	0	2	0
21927744	0	1	0
21934373	0	1	0
21935768	0	6	0
21936266	0	1	0
21947098	0	2	0
21952556	0	1	0
21957257	0	1	0
21968085	0	1	0
21971123	0	1	0
21974397	0	1	0
21984507	0	1	0
21989319	0	2	0
21989627	0	2	0
22008109	0	1	0
22009312	0	1	0
22009665	0	1	0
22010364	0	3	0
22014399	0	1	0
22017649	0	1	0
22017967	0	1	0
22018117	0	2	0
22022138	0	2	0
22031096	0	1	0
22035676	0	5	0
22040502	0	0	1
22054516	0	1	0
22054611	0	1	0
22060648	0	2	0
22080257	0	1	0
22083300	0	1	0
22085641	0	2	0
22086333	0	5	0
22086551	0	2	0
22120610	0	2	0
22122330	0	1	0
22123864	0	2	0
22124469	0	4	0
22155441	0	1	0
22159033	0	1	0
22159088	0	1	0
22160883	0	1	0
22175220	0	1	0
22180020	0	1	0
22185532	0	7	0
22187212	0	2	0
22187953	0	1	0
22190489	0	2	0
22199085	0	4	0
22200175	0	4	0
22225264	0	1	0
22227655	0	2	0
22237712	0	1	0
22240277	0	1	0
22240578	0	1	0
22241821	0	1	0
22258645	0	3	0
22265617	0	1	0
22277532	0	1	0
22277595	0	1	0
22279023	0	1	0
22282062	0	2	0
22284201	0	1	0
22284907	0	1	0
22303915	0	1	0
22310743	0	2	0
22320659	0	1	0
22325423	0	4	0
22338618	0	1	0
22353027	0	2	0
22354583	0	1	0
22357718	0	1	0
22358069	0	1	0
22367269	0	1	0
22369844	0	1	0
22370753	0	1	0
22372742	0	1	0
22373494	0	1	0
22376990	0	1	0
22380386	0	2	0
22411590	0	1	0
22416870	0	1	0
22421782	0	1	0
22433867	0	0	1
22434137	0	1	0
22443408	0	2	0
22444290	0	1	0
22444762	0	1	0
22444851	0	1	0
22447920	0	1	0
22459230	0	1	0
22459500	0	1	0
22465610	0	2	0
22465713	0	1	0
22474955	0	1	0
22481889	0	1	0
22487109	0	2	0
22488730	0	1	0
22497587	0	1	0
22519812	0	1	0
22528929	0	1	0
22540984	0	1	0
22541155	0	1	0
22547696	0	3	0
22574870	0	1	0
22578262	0	2	0
22585913	0	1	0
22586900	0	1	0
22592851	0	1	0
22593450	0	1	0
22602708	0	1	0
22607693	0	4	0
22610730	0	0	1
22619468	0	1	0
22631697	0	3	0
22634490	0	1	0
22635013	0	3	0
22656214	0	1	0
22656400	0	1	0
22657041	0	1	0
22658522	0	1	0
22658601	0	3	0
22670869	0	1	0
22681639	0	1	0
22682771	0	1	0
22685032	0	1	0
22699190	0	1	0
22699984	0	5	0
22700274	0	1	0
22709227	0	0	1
22715195	0	2	0
22729832	0	1	0
22736629	0	1	0
22739851	0	1	0
22745104	0	1	0
22746864	0	1	0
22754794	0	1	0
22755569	0	1	0
22757510	0	0	1
22757879	0	1	0
22767347	0	1	0
22770823	0	1	0
22773031	0	1	0
22793658	0	2	0
22795199	0	1	0
22810246	0	1	0
22812805	0	2	0
22817109	0	1	0
22819707	0	1	0
22821948	0	1	0
22828315	0	2	0
22829501	0	2	0
22830837	0	1	0
22833758	0	1	0
22838003	0	1	0
22845276	0	3	0
22849995	0	3	0
22852596	0	1	0
22854838	0	1	0
22857016	0	1	0
22860466	0	5	0
22866534	0	2	0
22871176	0	2	0
22876629	0	1	0
22877375	0	1	0
22892855	0	2	0
22897401	0	1	0
22907457	0	1	0
22913018	0	1	0
22914062	0	2	0
22924837	0	1	0
22946107	0	1	0
22954493	0	1	0
22954946	0	2	0
22959281	0	1	0
22973127	0	7	0
22973597	0	2	0
22985629	0	1	0
22988570	0	2	0
22991335	0	3	0
23000267	0	4	0
23005054	0	1	0
23032282	0	1	0
23034261	0	1	0
23040759	0	1	0
23042423	0	1	0
23043994	0	2	0
23047028	0	2	0
23052404	0	1	0
23055578	0	1	0
23057170	0	1	0
23059283	0	1	0
23066845	0	3	0
23072737	0	1	0
23073630	0	2	0
23078358	0	1	0
23081773	0	1	0
23082038	0	1	0
23084691	0	1	0
23090179	0	1	0
23096716	0	1	0
23129303	0	1	0
23130264	0	1	0
23132544	0	2	0
23148777	0	1	0
23161610	0	2	0
23167265	0	2	0
23171091	0	2	0
23176680	0	1	0
23182539	0	0	1
23184728	0	1	0
23192466	0	1	0
23207399	0	1	0
23213843	0	1	0
23218825	0	2	0
23229817	0	1	0
23268662	0	1	0
23281223	0	1	0
23284418	0	1	0
23294106	0	1	0
23294214	0	3	0
23294906	0	1	0
23295678	0	1	0
23299048	0	1	0
23309423	0	1	0
23312861	0	1	0
23316088	0	1	0
23322232	0	1	0
23323911	0	1	0
23327918	0	1	0
23350467	0	1	0
23368175	0	3	0
23368598	0	1	0
23370864	0	1	0
23380887	0	4	0
23390916	0	1	0
23395624	0	0	1
23407989	0	1	0
23409009	0	1	0
23411216	0	1	0
23421643	0	2	0
23443390	0	1	0
23455749	0	2	0
23458323	0	5	0
23491377	0	1	0
23510328	0	1	0
23522139	0	1	0
23537575	0	1	0
23538174	0	1	0
23549641	0	1	0
23561885	0	2	0
23565405	0	3	0
23565437	0	1	0
23573777	0	1	0
23575847	0	1	0
23594722	0	1	0
23599443	0	2	0
23615279	0	1	0
23623811	0	0	1
23623912	0	1	0
23631353	0	1	0
23632412	0	1	0
23639212	0	1	0
23648406	0	1	0
23692138	0	1	0
23695454	0	2	0
23703583	0	1	0
23706035	0	5	0
23713229	0	1	0
23713643	0	3	0
23720660	0	1	0
23733676	0	1	0
23745429	0	1	0
23748032	0	1	0
23761918	0	1	0
23765812	0	1	0
23768394	0	1	0
23781808	0	2	0
23782505	0	2	0
23796154	0	1	0
23805832	0	1	0
23811290	0	1	0
23811897	0	1	0
23817082	0	1	0
23817484	0	1	0
23819357	0	1	0
23851002	0	1	0
23851069	0	1	0
23853490	0	1	0
23856746	0	1	0
23858986	0	1	0
23862166	0	1	0
23865995	0	1	0
23892591	0	1	0
23899257	0	1	0
23900359	0	2	0
23905786	0	2	0
23922828	0	3	0
23923634	0	2	0
23936680	0	4	0
23958599	0	0	1
23967849	0	0	1
23971741	0	1	0
23990962	0	1	0
23998468	0	1	0
23998811	0	1	0
24004378	0	1	0
24010528	0	3	0
24012769	0	1	0
24017738	0	1	0
24022202	0	1	0
24022303	0	2	0
24048276	0	1	0
24049941	0	1	0
24055413	0	1	0
24055553	0	1	0
24066316	0	1	0
24070088	0	1	0
24075117	0	1	0
24079699	0	1	0
24080363	0	1	0
24083970	0	1	0
24091943	0	1	0
24100047	0	3	0
24100899	0	1	0
24103497	0	1	0
24113413	0	1	0
24117511	0	4	0
24120494	0	1	0
24120798	0	1	0
24120854	0	1	0
24123960	0	1	0
24137688	0	1	0
24163945	0	1	0
24178164	0	2	0
24179726	0	1	0
24181761	0	1	0
24202208	0	1	0
24211177	0	1	0
24213443	0	1	0
24220011	0	1	0
24231585	0	2	0
24231607	0	2	0
24232353	0	2	0
24258917	0	1	0
24260601	0	2	0
24284455	0	1	0
24285007	0	5	0
24285861	0	1	0
24287202	0	2	0
24288664	0	1	0
24299222	0	1	0
24301441	0	1	0
24313502	0	1	0
24313593	0	0	1
24318070	0	2	0
24340982	0	3	0
24360619	0	1	0
24361620	0	1	0
24363712	0	1	0
24367806	0	1	0
24375927	0	2	0
24392044	0	4	0
24392813	0	1	0
24396866	0	1	0
24399197	0	2	0
24407863	0	2	0
24414682	0	5	0
24417717	0	1	0
24421599	0	2	0
24432656	0	1	0
24433274	0	1	0
24446335	0	1	0
24450026	0	1	0
24482816	0	3	0
24486014	0	1	0
24494140	0	1	0
24497650	0	1	0
24504709	0	2	0
24507472	0	1	0
24507667	0	1	0
24512147	0	1	0
24513485	0	1	0
24517219	0	1	0
24524652	0	2	0
24530651	0	1	0
24533184	0	1	0
24535231	0	1	0
24537349	0	3	0
24550711	0	1	0
24551241	0	1	0
24557140	0	1	0
24563408	0	1	0
24567793	0	1	0
24569665	0	1	0
24570175	0	2	0
24572617	0	1	0
24581540	0	1	0
24587628	0	2	0
24611708	0	1	0
24612563	0	1	0
24617055	0	2	0
24620639	0	2	0
24635058	0	3	0
24638366	0	1	0
24644129	0	1	0
24649244	0	3	0
24668490	0	1	0
24697807	0	2	0
24703616	0	1	0
24705247	0	2	0
24717419	0	2	0
24722344	0	2	0
24723528	0	1	0
24743684	0	1	0
24745212	0	1	0
24747203	0	1	0
24756367	0	2	0
24758443	0	1	0
24758720	0	1	0
24760872	0	1	0
24766045	0	1	0
24783472	0	2	0
24791746	0	1	0
24796561	0	1	0
24815110	0	1	0
24815700	0	2	0
24817643	0	2	0
24819379	0	1	0
24820381	0	1	0
24827400	0	1	0
24828388	0	2	0
24847336	0	1	0
24848342	0	1	0
24854192	0	3	0
24866398	0	1	0
24868563	0	2	0
24870876	0	1	0
24872083	0	1	0
24888238	0	2	0
24918097	0	5	0
24921666	0	1	0
24932834	0	1	0
24940129	0	2	0
24940283	0	1	0
24955856	0	4	0
24959573	0	1	0
24969008	0	1	0
24972945	0	1	0
25008633	0	1	0
25013989	0	1	0
25014161	0	1	0
25019557	0	1	0
25021853	0	1	0
25039215	0	8	0
25044099	0	1	0
25047824	0	3	0
25052722	0	1	0
25062886	0	1	0
25071109	0	1	0
25096052	0	1	0
25097104	0	1	0
25107681	0	3	0
25121111	0	1	0
25133352	0	1	0
25143798	0	1	0
25145433	0	1	0
25148472	0	2	0
25151566	0	1	0
25157509	0	2	0
25176715	0	1	0
25180071	0	2	0
25182816	0	3	0
25188866	0	1	0
25192977	0	1	0
25195046	0	2	0
25197004	0	2	0
25208563	0	1	0
25208618	0	1	0
25230994	0	1	0
25232664	0	1	0
25240021	0	1	0
25244009	0	2	0
25273601	0	2	0
25282836	0	1	0
25283982	0	1	0
25289590	0	1	0
25291699	0	1	0
25302227	0	3	0
25304473	0	1	0
25310182	0	3	0
25311155	0	1	0
25314946	0	2	0
25315322	0	1	0
25319852	0	1	0
25323011	0	1	0
25334087	0	1	0
25338414	0	4	0
25343002	0	1	0
25345019	0	1	0
25347367	0	3	0
25352109	0	1	0
25353587	0	1	0
25353897	0	0	1
25360626	0	2	0
25375490	0	2	0
25376723	0	3	0
25378293	0	1	0
25378801	0	1	0
25380096	0	4	0
25383058	0	1	0
25390235	0	1	0
25411243	0	3	0
25415131	0	1	0
25422433	0	1	0
25423604	0	1	0
25423912	0	1	0
25427737	0	1	0
25428698	0	1	0
25430843	0	1	0
25435202	0	1	0
25448605	0	2	0
25450550	0	1	0
25461495	0	2	0
25461868	0	1	0
25463303	0	3	0
25465741	0	1	0
25468381	0	4	0
25474151	0	1	0
25478816	0	1	0
25479987	0	1	0
25488494	0	1	0
25511600	0	1	0
25511614	0	1	0
25512207	0	1	0
25512533	0	1	0
25525736	0	1	0
25526341	0	3	0
25529247	0	1	0
25533908	0	1	0
25537598	0	2	0
25546427	0	1	0
25568351	0	1	0
25573827	0	1	0
25574327	0	1	0
25575142	0	1	0
25586576	0	1	0
25596117	0	1	0
25596120	0	1	0
25598786	0	1	0
25621205	0	1	0
25621892	0	1	0
25629762	0	1	0
25634853	0	1	0
25634867	0	1	0
25641018	0	2	0
25644044	0	2	0
25659843	0	2	0
25660042	0	3	0
25660838	0	3	0
25684040	0	2	0
25688508	0	1	0
25694268	0	1	0
25699940	0	1	0
25706110	0	1	0
25709696	0	2	0
25709947	0	1	0
25710493	0	2	0
25718692	0	2	0
25720627	0	2	0
25727800	0	1	0
25736824	0	2	0
25759401	0	2	0
25764225	0	1	0
25764750	0	2	0
25770547	0	1	0
25775529	0	2	0
25786661	0	1	0
25786953	0	2	0
25788702	0	4	0
25806336	0	1	0
25809044	0	1	0
25810657	0	1	0
25814233	0	1	0
25821170	0	1	0
25822894	0	1	0
25833232	0	2	0
25847011	0	5	0
25847080	0	1	0
25864792	0	1	0
25868226	0	1	0
25880338	0	2	0
25884881	0	1	0
25886682	0	1	0
25887124	0	3	0
25889230	0	1	0
25889946	0	1	0
25893670	0	1	0
25896378	0	1	0
25901426	0	1	0
25914551	0	2	0
25918161	0	1	0
25953139	0	1	0
25958347	0	1	0
25960257	0	2	0
25977919	0	3	0
26003100	0	2	0
26023167	0	2	0
26028276	0	2	0
26029389	0	1	0
26041993	0	1	0
26068441	0	0	1
26078083	0	1	0
26079270	0	1	0
26080873	0	1	0
26083126	0	3	0
26087252	0	1	0
26087296	0	1	0
26087366	0	1	0
26087393	0	1	0
26088599	0	1	0
26090954	0	2	0
26102570	0	1	0
26105989	0	1	0
26109678	0	1	0
26120309	0	1	0
26143577	0	1	0
26145080	0	1	0
26151830	0	4	0
26157984	0	6	0
26158888	0	1	0
26173313	0	1	0
26176290	0	1	0
26177475	0	2	0
26177713	0	1	0
26180252	0	1	0
26188089	0	2	0
26189236	0	1	0
26209163	0	0	1
26220619	0	1	0
26226667	0	1	0
26237731	0	1	0
26251281	0	1	0
26255629	0	3	0
26263470	0	1	0
26265171	0	1	0
26269891	0	4	0
26289277	0	1	0
26293454	0	4	0
26301837	0	6	0
26314636	0	5	0
26326750	0	3	0
26329963	0	1	0
26330437	0	1	0
26331909	0	4	0
26334102	0	1	0
26339425	0	2	0
26344893	0	3	0
26347835	0	1	0
26359174	0	3	0
26360233	0	2	0
26363238	0	2	0
26363401	0	1	0
26370761	0	1	0
26371183	0	1	0
26371300	0	1	0
26371536	0	3	0
26379453	0	2	0
26386597	0	1	0
26387905	0	3	0
26389635	0	1	0
26402130	0	1	0
26422979	0	1	0
26429283	0	1	0
26431071	0	2	0
26432589	0	2	0
26448876	0	2	0
26451630	0	1	0
26461072	0	1	0
26471678	0	4	0
26480194	0	1	0
26480408	0	1	0
26488024	0	1	0
26494094	0	1	0
26496455	0	5	0
26507435	0	2	0
26513920	0	1	0
26530622	0	1	0
26531765	0	1	0
26543086	0	1	0
26549027	0	1	0
26552237	0	1	0
26568762	0	1	0
26580914	0	1	0
26581100	0	1	0
26589290	0	1	0
26602748	0	1	0
26604242	0	1	0
26608064	0	6	0
26615813	0	2	0
26617813	0	1	0
26624219	0	4	0
26677886	0	1	0
26682330	0	1	0
26684317	0	2	0
26687443	0	2	0
26703275	0	1	0
26708302	0	1	0
26712729	0	1	0
26713159	0	1	0
26716186	0	1	0
26722207	0	1	0
26728495	0	3	0
26745788	0	1	0
26746732	0	2	0
26747048	0	1	0
26756504	0	2	0
26763419	0	1	0
26771167	0	1	0
26771346	0	1	0
26777905	0	1	0
26778454	0	1	0
26779278	0	1	0
26780465	0	1	0
26782737	0	1	0
26784849	0	1	0
26809931	0	1	0
26817759	0	1	0
26824738	0	2	0
26824912	0	1	0
26826645	0	1	0
26829201	0	1	0
26831294	0	2	0
26837412	0	1	0
26844198	0	3	0
26853763	0	1	0
26866699	0	1	0
26868193	0	1	0
26874092	0	1	0
26879213	0	1	0
26885762	0	1	0
26909458	0	1	0
26912216	0	1	0
26913546	0	1	0
26913566	0	1	0
26915271	0	3	0
26924889	0	2	0
26932442	0	1	0
26932647	0	1	0
26942804	0	3	0
26948382	0	1	0
26952507	0	2	0
26955051	0	3	0
26965433	0	1	0
26988329	0	1	0
26994905	0	1	0
26999521	0	1	0
27000537	0	1	0
27010396	0	4	0
27020700	0	0	1
27034404	0	1	0
27046397	0	1	0
27056073	0	1	0
27062483	0	2	0
27084138	0	1	0
27097248	0	1	0
27100517	0	1	0
27113669	0	8	0
27115077	0	1	0
27118230	0	1	0
27133511	0	1	0
27147336	0	2	0
27155360	0	1	0
27161572	0	1	0
27169225	0	1	0
27171907	0	1	0
27182725	0	1	0
27185571	0	3	0
27203393	0	1	0
27224078	0	3	0
27226647	0	8	0
27234498	0	1	0
27236625	0	1	0
27238386	0	1	0
27238995	0	1	0
27245240	0	2	0
27251903	0	1	0
27264500	0	1	0
27271462	0	1	0
27279164	0	1	0
27283996	0	2	0
27284247	0	2	0
27293872	0	3	0
27300354	0	1	0
27309755	0	1	0
27312502	0	1	0
27314494	0	1	0
27315696	0	1	0
27323772	0	1	0
27330700	0	1	0
27342319	0	1	0
27346258	0	1	0
27351737	0	8	0
27353492	0	1	0
27358748	0	1	0
27362035	0	1	0
27363433	0	1	0
27364963	0	1	0
27383261	0	3	0
27389174	0	4	0
27391208	0	1	0
27392602	0	1	0
27392603	0	1	0
27403119	0	3	0
27417271	0	1	0
27423279	0	1	0
27435913	0	1	0
27438178	0	1	0
27438292	0	1	0
27446876	0	1	0
27447707	0	1	0
27450060	0	1	0
27458352	0	2	0
27462467	0	3	0
27464464	0	7	0
27467854	0	1	0
27473605	0	1	0
27479615	0	1	0
27482607	0	1	0
27485308	0	1	0
27501896	0	2	0
27503339	0	2	0
27517763	0	2	0
27531672	0	1	0
27534950	0	1	0
27535416	0	1	0
27538403	0	0	1
27544103	0	1	0
27545615	0	3	0
27552399	0	1	0
27552871	0	1	0
27553804	0	1	0
27560364	0	1	0
27566489	0	1	0
27573036	0	1	0
27574583	0	1	0
27588127	0	1	0
27590951	0	1	0
27601603	0	1	0
27614468	0	1	0
27621851	0	1	0
27623269	0	2	0
27626841	0	2	0
27634258	0	3	0
27636640	0	1	0
27637578	0	1	0
27651542	0	3	0
27671516	0	3	0
27671603	0	1	0
27672076	0	1	0
27678192	0	1	0
27684616	0	1	0
27685971	0	1	0
27702724	0	1	0
27704792	0	1	0
27705269	0	1	0
27711235	0	1	0
27717068	0	1	0
27724079	0	1	0
27756281	0	1	0
27779016	0	1	0
27810224	0	1	0
27816526	0	3	0
27816829	0	1	0
27821309	0	1	0
27825035	0	4	0
27829130	0	1	0
27830136	0	1	0
27830889	0	1	0
27838144	0	1	0
27841109	0	2	0
27845998	0	1	0
27852699	0	1	0
27860272	0	1	0
27869801	0	1	0
27877115	0	1	0
27892617	0	1	0
27904690	0	3	0
27915891	0	2	0
27919247	0	1	0
27922809	0	1	0
27927258	0	1	0
27928997	0	2	0
27930778	0	1	0
27932138	0	1	0
27933610	0	1	0
27937912	0	1	0
27951973	0	1	0
27964056	0	1	0
27976733	0	1	0
27990776	0	3	0
27997545	0	1	0
28005663	0	1	0
28035641	0	1	0
28039710	0	1	0
28040619	0	1	0
28061738	0	1	0
28087103	0	1	0
28093254	0	1	0
28100305	0	1	0
28108149	0	1	0
28110679	0	2	0
28116849	0	3	0
28121746	0	3	0
28129133	0	2	0
28131078	0	1	0
28134358	0	2	0
28135605	0	1	0
28148635	0	1	0
28149554	0	1	0
28151972	0	1	0
28161677	0	3	0
28167133	0	1	0
28172611	0	1	0
28174822	0	1	0
28183449	0	1	0
28185713	0	2	0
28186979	0	1	0
28204743	0	1	0
28208205	0	4	0
28217897	0	1	0
28219961	0	1	0
28223700	0	1	0
28226667	0	3	0
28245725	0	5	0
28251867	0	2	0
28252548	0	1	0
28260456	0	2	0
28261716	0	1	0
28280117	0	1	0
28287201	0	1	0
28290938	0	1	0
28301783	0	2	0
28312306	0	1	0
28313334	0	3	0
28322801	0	3	0
28324370	0	3	0
28325471	0	1	0
28342235	0	1	0
28384671	0	1	0
28393082	0	2	0
28397143	0	1	0
28408453	0	3	0
28411182	0	1	0
28415522	0	2	0
28430379	0	1	0
28438089	0	1	0
28443037	0	1	0
28448016	0	1	0
28454185	0	3	0
28455073	0	1	0
28455483	0	3	0
28465228	0	3	0
28466885	0	1	0
28474730	0	1	0
28477728	0	2	0
28485886	0	1	0
28496014	0	1	0
28505542	0	3	0
28507327	0	1	0
28511109	0	1	0
28512233	0	1	0
28512700	0	1	0
28516544	0	1	0
28524343	0	1	0
28538415	0	1	0
28554306	0	2	0
28555162	0	1	0
28559787	0	1	0
28562481	0	3	0
28574037	0	1	0
28576951	0	1	0
28580006	0	1	0
28584289	0	1	0
28591294	0	2	0
28651989	0	0	1
28655630	0	2	0
28665453	0	1	0
28676365	0	1	0
28678645	0	1	0
28687650	0	1	0
28701813	0	1	0
28703328	0	1	0
28703405	0	1	0
28708546	0	1	0
28716583	0	1	0
28716988	0	1	0
28720426	0	1	0
28733897	0	1	0
28741280	0	1	0
28747378	0	3	0
28751753	0	2	0
28752393	0	1	0
28758305	0	2	0
28770494	0	2	0
28772251	0	1	0
28782913	0	1	0
28785193	0	1	0
28791055	0	1	0
28801724	0	3	0
28803712	0	1	0
28807156	0	1	0
28819172	0	2	0
28819279	0	2	0
28822487	0	1	0
28857621	0	1	0
28859222	0	1	0
28868471	0	2	0
28885244	0	0	1
28890207	0	1	0
28899743	0	1	0
28903550	0	4	0
28921276	0	1	0
28922116	0	1	0
28923543	0	1	0
28924750	0	1	0
28938465	0	2	0
28944571	0	1	0
28946805	0	1	0
28965093	0	1	0
28975743	0	3	0
28976238	0	1	0
28976302	0	1	0
28980439	0	1	0
28984746	0	4	0
28984969	0	1	0
28985736	0	1	0
28992253	0	3	0
28998273	0	2	0
29001711	0	1	0
29013942	0	1	0
29014483	0	1	0
29016059	0	1	0
29024103	0	5	0
29028555	0	1	0
29029294	0	1	0
29034524	0	1	0
29042373	0	4	0
29043566	0	3	0
29062015	0	1	0
29069605	0	2	0
29083607	0	1	0
29093014	0	1	0
29106009	0	1	0
29109572	0	1	0
29125596	0	1	0
29129082	0	1	0
29133146	0	1	0
29135072	0	1	0
29142259	0	1	0
29146842	0	1	0
29168069	0	1	0
29168558	0	1	0
29187726	0	1	0
29200012	0	1	0
29200294	0	2	0
29202834	0	1	0
29209357	0	4	0
29211787	0	1	0
29220211	0	1	0
29222905	0	1	0
29235406	0	1	0
29236144	0	1	0
29242241	0	1	0
29250204	0	1	0
29253261	0	1	0
29269388	0	1	0
29271581	0	1	0
29279320	0	1	0
29286252	0	1	0
29287940	0	1	0
29313824	0	1	0
29322837	0	1	0
29341529	0	1	0
29342899	0	3	0
29350627	0	2	0
29355739	0	1	0
29356150	0	3	0
29371688	0	1	0
29372072	0	1	0
29384693	0	1	0
29395237	0	3	0
29396013	0	0	1
29402119	0	2	0
29407103	0	3	0
29409418	0	3	0
29412482	0	1	0
29416041	0	1	0
29437016	0	1	0
29447203	0	4	0
29471797	0	1	0
29492027	0	1	0
29504677	0	1	0
29509004	0	1	0
29521232	0	2	0
29534289	0	2	0
29537734	0	5	0
29538597	0	1	0
29540141	0	1	0
29550758	0	2	0
29550767	0	1	0
29582815	0	1	0
29586951	0	1	0
29594445	0	3	0
29594878	0	4	0
29595557	0	1	0
29596896	0	1	0
29597660	0	1	0
29598812	0	2	0
29608667	0	1	0
29609039	0	3	0
29614386	0	2	0
29618829	0	1	0
29629666	0	1	0
29631452	0	1	0
29649731	0	1	0
29662337	0	0	1
29663597	0	1	0
29663643	0	1	0
29681557	0	1	0
29684467	0	1	0
29688337	0	1	0
29693304	0	1	0
29694552	0	1	0
29700199	0	1	0
29705877	0	1	0
29706691	0	1	0
29713139	0	1	0
29728769	0	2	0
29729036	0	1	0
29730773	0	1	0
29733435	0	1	0
29734805	0	2	0
29745457	0	1	0
29748611	0	1	0
29756030	0	1	0
29760745	0	1	0
29765055	0	1	0
29775257	0	1	0
29776387	0	1	0
29776389	0	3	0
29795440	0	1	0
29797720	0	1	0
29811830	0	2	0
29812358	0	2	0
29821953	0	0	1
29829322	0	1	0
29831811	0	1	0
29833362	0	2	0
29835900	0	1	0
29835905	0	1	0
29849117	0	1	0
29852721	0	1	0
29854531	0	1	0
29862119	0	1	0
29867394	0	1	0
29874234	0	4	0
29878746	0	1	0
29883298	0	1	0
29883315	0	1	0
29884487	0	1	0
29897181	0	1	0
29903826	0	2	0
29904188	0	1	0
29904665	0	2	0
29918238	0	1	0
29918284	0	2	0
29920985	0	1	0
29924452	0	5	0
29932576	0	3	0
29933149	0	4	0
29933574	0	1	0
29933905	0	1	0
29939115	0	1	0
29940970	0	1	0
29946770	0	1	0
29949801	0	1	0
29956601	0	2	0
29977031	0	1	0
29993039	0	2	0
30000908	0	1	0
30004982	0	1	0
30016005	0	1	0
30023362	0	2	0
30028658	0	1	0
30039710	0	1	0
30039867	0	1	0
30049595	0	2	0
30054026	0	1	0
30061478	0	1	0
30068201	0	1	0
30076086	0	2	0
30080099	0	1	0
30087117	0	1	0
30089542	0	1	0
30094435	0	2	0
30110004	0	1	0
30113068	0	1	0
30120624	0	1	0
30121256	0	1	0
30123984	0	1	0
30129881	0	1	0
30131741	0	1	0
30131827	0	1	0
30136249	0	1	0
30140552	0	1	0
30148341	0	1	0
30148956	0	1	0
30157194	0	1	0
30166892	0	1	0
30178831	0	1	0
30186589	0	3	0
30190425	0	1	0
30197958	0	2	0
30213988	0	3	0
30228045	0	1	0
30233616	0	1	0
30244167	0	1	0
30248056	0	6	0
30250906	0	1	0
30251184	0	4	0
30266805	0	1	0
30273183	0	4	0
30281567	0	1	0
30281818	0	1	0
30290734	0	1	0
30297290	0	5	0
30314417	0	1	0
30332862	0	1	0
30337589	0	1	0
30341103	0	2	0
30349658	0	1	0
30350121	0	3	0
30351886	0	2	0
30353599	0	2	0
30376760	0	1	0
30377855	0	1	0
30388187	0	1	0
30390166	0	1	0
30399161	0	1	0
30406974	0	2	0
30407883	0	0	1
30412971	0	0	1
30421539	0	1	0
30467579	0	1	0
30469562	0	1	0
30488095	0	2	0
30492701	0	1	0
30498754	0	4	0
30504912	0	1	0
30507438	0	2	0
30520716	0	1	0
30528249	0	2	0
30529624	0	1	0
30531277	0	1	0
30532189	0	1	0
30534376	0	1	0
30567711	0	2	0
30570215	0	1	0
30588061	0	1	0
30590233	0	1	0
30592491	0	2	0
30595803	0	1	0
30598356	0	1	0
30602094	0	3	0
30619372	0	1	0
30632938	0	1	0
30637019	0	3	0
30640297	0	1	0
30663734	0	2	0
30668641	0	1	0
30702440	0	2	0
30706610	0	1	0
30709926	0	1	0
30717397	0	1	0
30719176	0	1	0
30727459	0	1	0
30728270	0	2	0
30728679	0	2	0
30736937	0	3	0
30743763	0	5	0
30749042	0	2	0
30751124	0	1	0
30760020	0	1	0
30774650	0	1	0
30778060	0	1	0
30798732	0	3	0
30799795	0	1	0
30801523	0	2	0
30808618	0	2	0
30817329	0	1	0
30834670	0	2	0
30835061	0	1	0
30839146	0	4	0
30842614	0	1	0
30853336	0	1	0
30858337	0	1	0
30859599	0	1	0
30871729	0	2	0
30877397	0	1	0
30891550	0	1	0
30898898	0	1	0
30899381	0	1	0
30900427	0	1	0
30900578	0	1	0
30903531	0	1	0
30904069	0	0	1
30932715	0	2	0
30933585	0	2	0
30952244	0	1	0
30952296	0	1	0
30956983	0	1	0
30957094	0	5	0
30979406	0	1	0
30988469	0	1	0
31000743	0	3	0
31008375	0	1	0
31009551	0	1	0
31009570	0	1	0
31015006	0	3	0
31022785	0	1	0
31030194	0	2	0
31046976	0	1	0
31053960	0	2	0
31056646	0	1	0
31078416	0	1	0
31089398	0	1	0
31096362	0	2	0
31108686	0	4	0
31118647	0	1	0
31125492	0	1	0
31129140	0	2	0
31139794	0	1	0
31140538	0	1	0
31147008	0	3	0
31148446	0	1	0
31155854	0	1	0
31159042	0	2	0
31194576	0	2	0
31197486	0	3	0
31208425	0	1	0
31214303	0	1	0
31224594	0	1	0
31226231	0	1	0
31226826	0	1	0
31229049	0	2	0
31237085	0	1	0
31238172	0	1	0
31238993	0	1	0
31241930	0	1	0
31249710	0	2	0
31250195	0	1	0
31257297	0	1	0
31257427	0	2	0
31267364	0	0	1
31271727	0	2	0
31276857	0	5	0
31276935	0	2	0
31296213	0	1	0
31305840	0	2	0
31308018	0	1	0
31311445	0	1	0
31311446	0	2	0
31313331	0	1	0
31335021	0	1	0
31348419	0	1	0
31357008	0	1	0
31365880	0	1	0
31365982	0	1	0
31378268	0	3	0
31379256	0	2	0
31379351	0	4	0
31401599	0	1	0
31403195	0	3	0
31409178	0	2	0
31415041	0	1	0
31430529	0	1	0
31430716	0	2	0
31432454	0	1	0
31434283	0	2	0
31435392	0	1	0
31436600	0	2	0
31437041	0	4	0
31453252	0	1	0
31460407	0	1	0
31461575	0	1	0
31461935	0	3	0
31469703	0	1	0
31488277	0	1	0
31491595	0	1	0
31493999	0	1	0
31503136	0	3	0
31506113	0	1	0
31507329	0	1	0
31519369	0	1	0
31522114	0	1	0
31527653	0	1	0
31533007	0	2	0
31544375	0	1	0
31561206	0	1	0
31566292	0	3	0
31574293	0	1	0
31577846	0	2	0
31583233	0	1	0
31593695	0	1	0
31594335	0	3	0
31604399	0	5	0
31609295	0	1	0
31609864	0	1	0
31614570	0	1	0
31616825	0	1	0
31619496	0	1	0
31632429	0	1	0
31645553	0	1	0
31663317	0	1	0
31664963	0	2	0
31669197	0	1	0
31680198	0	1	0
31680398	0	1	0
31693175	0	2	0
31695713	0	2	0
31700958	0	2	0
31712793	0	1	0
31723081	0	1	0
31723082	0	3	0
31738258	0	2	0
31767711	0	1	0
31775448	0	1	0
31798128	0	1	0
31800701	0	3	0
31802868	0	1	0
31804418	0	1	0
31805702	0	1	0
31810448	0	1	0
31813275	0	1	0
31817321	0	1	0
31819147	0	1	0
31826219	0	2	0
31834568	0	1	0
31837375	0	1	0
31849031	0	1	0
31867722	0	1	0
31876800	0	1	0
31890850	0	1	0
31898388	0	1	0
31905109	0	1	0
31907241	0	1	0
31909126	0	1	0
31915674	0	1	0
31916200	0	4	0
31927779	0	2	0
31931354	0	1	0
31933907	0	1	0
31934621	0	1	0
31935962	0	1	0
31942909	0	1	0
31954069	0	2	0
31958422	0	1	0
31959620	0	1	0
31962984	0	1	0
31984058	0	1	0
31999184	0	1	0
32002523	0	1	0
32008092	0	2	0
32016008	0	1	0
32045797	0	1	0
32048206	0	1	0
32053876	0	1	0
32068657	0	1	0
32070294	0	4	0
32084068	0	1	0
32089414	0	2	0
32095221	0	1	0
32096975	0	1	0
32107997	0	1	0
32108172	0	2	0
32116141	0	2	0
32120319	0	1	0
32128681	0	2	0
32167788	0	1	0
32176787	0	1	0
32178527	0	1	0
32192606	0	1	0
32195721	0	1	0
32196298	0	1	0
32204693	0	1	0
32205333	0	1	0
32218375	0	1	0
32219292	0	2	0
32226421	0	1	0
32227276	0	1	0
32232224	0	1	0
32244634	0	1	0
32247365	0	1	0
32249005	0	1	0
32262777	0	2	0
32264437	0	1	0
32281868	0	1	0
32286598	0	1	0
32290919	0	1	0
32291528	0	1	0
32297219	0	1	0
32304897	0	2	0
32313110	0	1	0
32333565	0	1	0
32337537	0	1	0
32338646	0	1	0
32345577	0	1	0
32347669	0	1	0
32355033	0	9	0
32355294	0	1	0
32359248	0	2	0
32383680	0	1	0
32387744	0	4	0
32389954	0	1	0
32390498	0	1	0
32392255	0	1	0
32396087	0	1	0
32398114	0	1	0
32399100	0	1	0
32404344	0	1	0
32405892	0	1	0
32410039	0	1	0
32414257	0	1	0
32423367	0	1	0
32438443	0	1	0
32448610	0	1	0
32449379	0	1	0
32475306	0	1	0
32479325	0	1	0
32488919	0	1	0
32499375	0	1	0
32513357	0	1	0
32518796	0	1	0
32519478	0	1	0
32529887	0	1	0
32531604	0	1	0
32539781	0	1	0
32541926	0	1	0
32551438	0	1	0
32553219	0	1	0
32556047	0	1	0
32574241	0	6	0
32580503	0	1	0
32581544	0	1	0
32583489	0	1	0
32597795	0	1	0
32601788	0	1	0
32613563	0	2	0
32615551	0	1	0
32617492	0	5	0
32618490	0	1	0
32618598	0	1	0
32621454	0	1	0
32627833	0	0	1
32633677	0	2	0
32634730	0	1	0
32653491	0	1	0
32655688	0	1	0
32658668	0	1	0
32662593	0	1	0
32695440	0	1	0
32698881	0	1	0
32702221	0	1	0
32703060	0	1	0
32714413	0	1	0
32716508	0	1	0
32717284	0	2	0
32721324	0	1	0
32722392	0	1	0
32726503	0	1	0
32735087	0	1	0
32736082	0	1	0
32737929	0	6	0
32738295	0	1	0
32746031	0	1	0
32757963	0	1	0
32765928	0	1	0
32776775	0	1	0
32779366	0	1	0
32789882	0	1	0
32802533	0	1	0
32802817	0	1	0
32811288	0	5	0
32817017	0	1	0
32827015	0	1	0
32828072	0	2	0
32833952	0	1	0
32834995	0	1	0
32847589	0	1	0
32847590	0	4	0
32849517	0	1	0
32849535	0	1	0
32851731	0	1	0
32870810	0	0	1
32874769	0	1	0
32878012	0	1	0
32888284	0	2	0
32912483	0	1	0
32924960	0	1	0
32926808	0	2	0
32931716	0	1	0
32938025	0	1	0
32939448	0	3	0
32942931	0	1	0
32945316	0	1	0
32948233	0	1	0
32950624	0	3	0
32951786	0	2	0
32954215	0	1	0
32956582	0	1	0
32970230	0	3	0
32986604	0	1	0
32987288	0	3	0
32992759	0	2	0
33002229	0	1	0
33005542	0	1	0
33026623	0	1	0
33055705	0	1	0
33058319	0	2	0
33063505	0	1	0
33070762	0	3	0
33073274	0	2	0
33083417	0	1	0
33088175	0	2	0
33101484	0	1	0
33109106	0	1	0
33123180	0	1	0
33133542	0	1	0
33134119	0	1	0
33134750	0	1	0
33155802	0	1	0
33156220	0	2	0
33157263	0	3	0
33161226	0	1	0
33161321	0	3	0
33181808	0	1	0
33189247	0	1	0
33190828	0	1	0
33197210	0	1	0
33201465	0	1	0
33203783	0	1	0
33212691	0	0	1
33234865	0	1	0
33253819	0	1	0
33256195	0	2	0
33258964	0	2	0
33263937	0	1	0
33280025	0	1	0
33297564	0	1	0
33300515	0	1	0
33307728	0	1	0
33315558	0	5	0
33331095	0	3	0
33333332	0	3	0
33336380	0	1	0
33338014	0	1	0
33348714	0	1	0
33358346	0	1	0
33363094	0	1	0
33364887	0	1	0
33365520	0	1	0
33369221	0	1	0
33390337	0	1	0
33395491	0	3	0
33410978	0	1	0
33414018	0	1	0
33415034	0	1	0
33420469	0	1	0
33426922	0	1	0
33427104	0	1	0
33444465	0	1	0
33446066	0	1	0
33467404	0	3	0
33472634	0	1	0
33490933	0	1	0
33492789	0	1	0
33524030	0	1	0
33526189	0	1	0
33543665	0	5	0
33546099	0	1	0
33546193	0	1	0
33562966	0	1	0
33569318	0	1	0
33571954	0	1	0
33575481	0	1	0
33576178	0	1	0
33588869	0	1	0
33592180	0	1	0
33595917	0	1	0
33616398	0	2	0
33621187	0	1	0
33622041	0	1	0
33631912	0	3	0
33639876	0	1	0
33643162	0	1	0
33654917	0	1	0
33658519	0	1	0
33676103	0	1	0
33679110	0	1	0
33681264	0	3	0
33682660	0	1	0
33695568	0	1	0
33696031	0	1	0
33707947	0	4	0
33716632	0	2	0
33732277	0	1	0
33732762	0	2	0
33746476	0	1	0
33756938	0	2	0
33769474	0	1	0
33772897	0	3	0
33780935	0	1	0
33782085	0	1	0
33796909	0	1	0
33814856	0	0	1
33815951	0	1	0
33819826	0	1	0
33827305	0	2	0
33830467	0	1	0
33832995	0	1	0
33835195	0	1	0
33854701	0	1	0
33856011	0	1	0
33861678	0	2	0
33868336	0	2	0
33873225	0	1	0
33883846	0	4	0
33901182	0	2	0
33902539	0	1	0
33902864	0	6	0
33905334	0	1	0
33910324	0	1	0
33915839	0	1	0
33915939	0	1	0
33924208	0	1	0
33925265	0	1	0
33930899	0	3	0
33937702	0	1	0
33943016	0	1	0
33952668	0	1	0
33962483	0	1	0
33967445	0	1	0
33978943	0	1	0
33987508	0	1	0
33996261	0	1	0
34018239	0	1	0
34038994	0	1	0
34045037	0	2	0
34048864	0	1	0
34059803	0	1	0
34066846	0	1	0
34070399	0	5	0
34070628	0	1	0
34087062	0	1	0
34096848	0	1	0
34111578	0	3	0
34119252	0	1	0
34134737	0	1	0
34135046	0	2	0
34139869	0	1	0
34144105	0	1	0
34144995	0	1	0
34153805	0	1	0
34160839	0	2	0
34161828	0	1	0
34174206	0	1	0
34180122	0	1	0
34198760	0	1	0
34219619	0	1	0
34226702	0	1	0
34241438	0	1	0
34243819	0	2	0
34244460	0	1	0
34256140	0	1	0
34256948	0	1	0
34257054	0	1	0
34266401	0	1	0
34273157	0	1	0
34274932	0	3	0
34278729	0	2	0
34284894	0	3	0
34295025	0	1	0
34297926	0	2	0
34300563	0	1	0
34301060	0	1	0
34334283	0	1	0
34351678	0	1	0
34354510	0	1	0
34354539	0	1	0
34365325	0	2	0
34370400	0	7	0
34372040	0	1	0
34384424	0	1	0
34390900	0	1	0
34398347	0	1	0
34400311	0	1	0
34404522	0	3	0
34407703	0	1	0
34407745	0	1	0
34421120	0	1	0
34436247	0	1	0
34439193	0	2	0
34440022	0	1	0
34455347	0	6	0
34460580	0	1	0
34468779	0	2	0
34476740	0	2	0
34479588	0	1	0
34501479	0	1	0
34513489	0	3	0
34520277	0	2	0
34522930	0	1	0
34524115	0	1	0
34533684	0	3	0
34556787	0	1	0
34570535	0	1	0
34582979	0	1	0
34588885	0	1	0
34590596	0	1	0
34613339	0	1	0
34613681	0	3	0
34618389	0	1	0
34625440	0	1	0
34644348	0	0	1
34653492	0	3	0
34658067	0	2	0
34658649	0	1	0
34670560	0	3	0
34684755	0	1	0
34691850	0	1	0
34696395	0	1	0
34699084	0	1	0
34700847	0	1	0
34709854	0	1	0
34711477	0	2	0
34728873	0	2	0
34731857	0	2	0
34735039	0	1	0
34737768	0	4	0
34740562	0	1	0
34749712	0	1	0
34750569	0	1	0
34755930	0	1	0
34759253	0	1	0
34760552	0	2	0
34772603	0	4	0
34773620	0	5	0
34775637	0	7	0
34777969	0	1	0
34783349	0	3	0
34811856	0	1	0
34812461	0	1	0
34816998	0	1	0
34821869	0	1	0
34840904	0	5	0
34841026	0	7	0
34847579	0	1	0
34852427	0	1	0
34873339	0	1	0
34883556	0	5	0
34904640	0	1	0
34906587	0	1	0
34907120	0	1	0
34919847	0	1	0
34928552	0	1	0
34942070	0	1	0
34945274	0	1	0
34951428	0	1	0
34959185	0	1	0
34973075	0	1	0
34980265	0	1	0
34980335	0	1	0
35005566	0	1	0
35019478	0	2	0
35019925	0	1	0
35020732	0	1	0
35023008	0	1	0
35033511	0	1	0
35039872	0	1	0
35045026	0	1	0
35050813	0	1	0
35051314	0	2	0
35062694	0	2	0
35064705	0	1	0
35074340	0	1	0
35087121	0	2	0
35091009	0	1	0
35091657	0	1	0
35093517	0	1	0
35105545	0	1	0
35131685	0	1	0
35132031	0	1	0
35133188	0	1	0
35140908	0	1	0
35142506	0	1	0
35150316	0	1	0
35150368	0	2	0
35153402	0	3	0
35156937	0	1	0
35159812	0	2	0
35164796	0	2	0
35184004	0	1	0
35188848	0	2	0
35200941	0	1	0
35202707	0	2	0
35206442	0	1	0
35217536	0	1	0
35218875	0	2	0
35222318	0	1	0
35232102	0	1	0
35232202	0	1	0
35236229	0	2	0
35247439	0	1	0
35291696	0	1	0
35299973	0	1	0
35314943	0	1	0
35315881	0	3	0
35343532	0	3	0
35345510	0	1	0
35353518	0	1	0
35355061	0	1	0
35359031	0	4	0
35373482	0	1	0
35375067	0	1	0
35385727	0	2	0
35390957	0	2	0
35400959	0	1	0
35415940	0	1	0
35430388	0	2	0
35435259	0	3	0
35436032	0	2	0
35447768	0	2	0
35456021	0	1	0
35457998	0	1	0
35478469	0	1	0
35501415	0	1	0
35501438	0	1	0
35505578	0	1	0
35508498	0	1	0
35509956	0	2	0
35512717	0	1	0
35524043	0	1	0
35525141	0	1	0
35526639	0	1	0
35534193	0	3	0
35560075	0	2	0
35567185	0	1	0
35593257	0	1	0
35597527	0	2	0
35597804	0	2	0
35618036	0	1	0
35622055	0	1	0
35627609	0	1	0
35628592	0	1	0
35639089	0	1	0
35641860	0	1	0
35645981	0	1	0
35652993	0	1	0
35675917	0	2	0
35677055	0	2	0
35680846	0	4	0
35681527	0	1	0
35691345	0	1	0
35693726	0	2	0
35702530	0	1	0
35712187	0	1	0
35717261	0	1	0
35722110	0	2	0
35722811	0	1	0
35722880	0	1	0
35725138	0	1	0
35727287	0	1	0
35737123	0	1	0
35746158	0	3	0
35754041	0	1	0
35759111	0	1	0
35767308	0	1	0
35767372	0	1	0
35769463	0	2	0
35773134	0	1	0
35793356	0	2	0
35812653	0	1	0
35813349	0	3	0
35814412	0	3	0
35821652	0	1	0
35840434	0	1	0
35844742	0	2	0
35845226	0	1	0
35857376	0	1	0
35860779	0	1	0
35860960	0	1	0
35864864	0	1	0
35866002	0	3	0
35872331	0	1	0
35879340	0	1	0
35892097	0	3	0
35892125	0	1	0
35895666	0	1	0
35908394	0	1	0
35920453	0	1	0
35924053	0	1	0
35945716	0	3	0
35945860	0	1	0
35971487	0	1	0
35975178	0	1	0
35981158	0	2	0
36000536	0	2	0
36003919	0	1	0
36022931	0	1	0
36025388	0	1	0
36044296	0	1	0
36047462	0	1	0
36064434	0	1	0
36069155	0	3	0
36069345	0	1	0
36072870	0	3	0
36086120	0	1	0
36121746	0	1	0
36141687	0	1	0
36151889	0	1	0
36156177	0	1	0
36158393	0	1	0
36162269	0	1	0
36164682	0	1	0
36166141	0	1	0
36170595	0	7	0
36178941	0	1	0
36199429	0	3	0
36214807	0	4	0
36224774	0	2	0
36227247	0	1	0
36233236	0	2	0
36239862	0	1	0
36243639	0	3	0
36243689	0	1	0
36246086	0	1	0
36252587	0	7	0
36270498	0	1	0
36282648	0	1	0
36290080	0	1	0
36291004	0	1	0
36311729	0	1	0
36313617	0	1	0
36337779	0	2	0
36347812	0	1	0
36359714	0	2	0
36379184	0	4	0
36381186	0	1	0
36405502	0	1	0
36409626	0	2	0
36412036	0	1	0
36417521	0	4	0
36419951	0	1	0
36425583	0	1	0
36433829	0	1	0
36444639	0	1	0
36444849	0	1	0
36449388	0	2	0
36484486	0	3	0
36487300	0	3	0
36495139	0	1	0
36503014	0	1	0
36511355	0	1	0
36512833	0	1	0
36520225	0	2	0
36527901	0	1	0
36530125	0	1	0
36540356	0	1	0
36540484	0	1	0
36541197	0	1	0
36557703	0	1	0
36562248	0	1	0
36573653	0	1	0
36601454	0	1	0
36602924	0	4	0
36602961	0	3	0
36615308	0	5	0
36617412	0	1	0
36623849	0	1	0
36627018	0	2	0
36637323	0	1	0
36644153	0	1	0
36645317	0	1	0
36657044	0	2	0
36674777	0	1	0
36684017	0	2	0
36692766	0	1	0
36693066	0	1	0
36693469	0	2	0
36696753	0	2	0
36708323	0	1	0
36710416	0	1	0
36719532	0	1	0
36720790	0	2	0
36721679	0	1	0
36722874	0	1	0
36723304	0	1	0
36726132	0	1	0
36727283	0	1	0
36727593	0	1	0
36732664	0	1	0
36734791	0	1	0
36738191	0	1	0
36741084	0	1	0
36750753	0	1	0
36751225	0	1	0
36759144	0	1	0
36760568	0	2	0
36766067	0	8	0
36778234	0	1	0
36779610	0	1	0
36781282	0	1	0
36784735	0	1	0
36799882	0	1	0
36800077	0	1	0
36820540	0	1	0
36822832	0	1	0
36827762	0	1	0
36828481	0	1	0
36829346	0	1	0
36832359	0	1	0
36833403	0	1	0
36845045	0	1	0
36862554	0	1	0
36863980	0	1	0
36869941	0	1	0
36869989	0	3	0
36879798	0	4	0
36885936	0	1	0
36888536	0	1	0
36893948	0	1	0
36908063	0	1	0
36920389	0	3	0
36925494	0	2	0
36943959	0	1	0
36956303	0	0	1
36961562	0	1	0
36963864	0	1	0
36968795	0	3	0
36969886	0	2	0
36981650	0	2	0
37016440	0	1	0
37017150	0	2	0
37017625	0	2	0
37022387	0	1	0
37022994	0	1	0
37035283	0	1	0
37038622	0	7	0
37038889	0	1	0
37039885	0	1	0
37043728	0	2	0
37052030	0	2	0
37058397	0	1	0
37062375	0	5	0
37066060	0	1	0
37086952	0	1	0
37091343	0	1	0
37105592	0	1	0
37112067	0	1	0
37118827	0	1	0
37127330	0	2	0
37135499	0	2	0
37142457	0	1	0
37144961	0	1	0
37146503	0	1	0
37148188	0	3	0
37150648	0	2	0
37155360	0	1	0
37178325	0	1	0
37183470	0	1	0
37189641	0	2	0
37193534	0	2	0
37205555	0	1	0
37213717	0	1	0
37214645	0	1	0
37227107	0	1	0
37237673	0	1	0
37238041	0	3	0
37247988	0	3	0
37262097	0	1	0
37272259	0	1	0
37272741	0	1	0
37274710	0	1	0
37285323	0	2	0
37292083	0	1	0
37305098	0	1	0
37309728	0	1	0
37321343	0	1	0
37325034	0	1	0
37327215	0	1	0
37333893	0	3	0
37335666	0	2	0
37339654	0	1	0
37342927	0	1	0
37349107	0	3	0
37352096	0	1	0
37353724	0	2	0
37362501	0	2	0
37376673	0	3	0
37379787	0	2	0
37397070	0	1	0
37402355	0	1	0
37410359	0	1	0
37414501	0	1	0
37421806	0	2	0
37441587	0	1	0
37443170	0	3	0
37443927	0	1	0
37454789	0	1	0
37457190	0	1	0
37476144	0	1	0
37476184	0	1	0
37483262	0	3	0
37483626	0	2	0
37484367	0	1	0
37494700	0	1	0
37495836	0	1	0
37500126	0	1	0
37504523	0	1	0
37512914	0	1	0
37527450	0	2	0
37529906	0	1	0
37531837	0	1	0
37542902	0	2	0
37545680	0	1	0
37550606	0	1	0
37551267	0	1	0
37551752	0	1	0
37553724	0	1	0
37558622	0	2	0
37569849	0	6	0
37583383	0	1	0
37584292	0	1	0
37584552	0	1	0
37596320	0	3	0
37609885	0	1	0
37610019	0	1	0
37610114	0	1	0
37613549	0	0	1
37614555	0	4	0
37617764	0	1	0
37626412	0	1	0
37632947	0	1	0
37636562	0	1	0
37647469	0	3	0
37647949	0	1	0
37648183	0	2	0
37651565	0	6	0
37661080	0	1	0
37669655	0	1	0
37669866	0	1	0
37672365	0	1	0
37682664	0	1	0
37683352	0	1	0
37695767	0	1	0
37703411	0	1	0
37705612	0	1	0
37706958	0	1	0
37712542	0	3	0
37720739	0	1	0
37728383	0	1	0
37728409	0	2	0
37732722	0	1	0
37737034	0	1	0
37742775	0	1	0
37753499	0	1	0
37759870	0	1	0
37765436	0	8	0
37768462	0	1	0
37780553	0	1	0
37781343	0	1	0
37781723	0	1	0
37789468	0	1	0
37790655	0	1	0
37816510	0	2	0
37847207	0	1	0
37852447	0	1	0
37855975	0	1	0
37857086	0	1	0
37868735	0	1	0
37872790	0	1	0
37877163	0	1	0
37882786	0	1	0
37901421	0	1	0
37906700	0	1	0
37907755	0	2	0
37910682	0	3	0
37920591	0	1	0
37927311	0	1	0
37931305	0	1	0
37954754	0	1	0
37977875	0	2	0
37980604	0	1	0
37988328	0	2	0
38006976	0	1	0
38015038	0	1	0
38034081	0	1	0
38049711	0	1	0
38051911	0	1	0
38051970	0	1	0
38072498	0	3	0
38077597	0	3	0
38077892	0	2	0
38078311	0	1	0
38079755	0	2	0
38086048	0	3	0
38091334	0	2	0
38118173	0	1	0
38118802	0	1	0
38124192	0	1	0
38134998	0	2	0
38135663	0	3	0
38138199	0	1	0
38156697	0	2	0
38158547	0	2	0
38176444	0	1	0
38202164	0	1	0
38204878	0	1	0
38207896	0	1	0
38210608	0	3	0
38211815	0	1	0
38213687	0	1	0
38217301	0	5	0
38221663	0	1	0
38226766	0	1	0
38228862	0	1	0
38231698	0	1	0
38233012	0	1	0
38233994	0	1	0
38235023	0	1	0
38237867	0	2	0
38252440	0	2	0
38257149	0	3	0
38263380	0	1	0
38265738	0	1	0
38266175	0	1	0
38269557	0	1	0
38272450	0	1	0
38274133	0	1	0
38275788	0	1	0
38276758	0	2	0
38292301	0	1	0
38309842	0	1	0
38314902	0	2	0
38321549	0	1	0
38327816	0	1	0
38335684	0	1	0
38337964	0	1	0
38338062	0	1	0
38338417	0	7	0
38339059	0	4	0
38348749	0	3	0
38349723	0	2	0
38354925	0	1	0
38365252	0	1	0
38365546	0	1	0
38367494	0	3	0
38416401	0	1	0
38423796	0	1	0
38428009	0	1	0
38433952	0	2	0
38436490	0	1	0
38436554	0	1	0
38447641	0	4	0
38450612	0	1	0
38452220	0	1	0
38493332	0	1	0
38529110	0	1	0
38536029	0	1	0
38543863	0	1	0
38546853	0	1	0
38552834	0	1	0
38585572	0	1	0
38585790	0	3	0
38590144	0	1	0
38600455	0	1	0
38606421	0	1	0
38628779	0	1	0
38639470	0	1	0
38639750	0	1	0
38645226	0	1	0
38650085	0	2	0
38661744	0	1	0
38662260	0	2	0
38669042	0	3	0
38671099	0	1	0
38672288	0	1	0
38673677	0	1	0
38674808	0	1	0
38679122	0	1	0
38688578	0	5	0
38697127	0	1	0
38708010	0	1	0
38714407	0	1	0
38727579	0	4	0
38766246	0	1	0
38766642	0	1	0
38766643	0	1	0
38766868	0	1	0
38767029	0	1	0
38774438	0	1	0
38777572	0	1	0
38777573	0	1	0
38793640	0	2	0
38801466	0	2	0
38802379	0	2	0
38805144	0	2	0
38809886	0	4	0
38810878	0	1	0
38822754	0	1	0
38823632	0	1	0
38823910	0	1	0
38839191	0	1	0
38839787	0	1	0
38852106	0	3	0
38863601	0	1	0
38873301	0	4	0
38875205	0	2	0
38880760	0	2	0
38892850	0	2	0
38895769	0	1	0
38896335	0	1	0
38899197	0	3	0
38913502	0	2	0
38934493	0	2	0
38935862	0	1	0
38938694	0	1	0
38942146	0	1	0
38957032	0	1	0
38959534	0	3	0
38960569	0	1	0
38969783	0	1	0
38975921	0	1	0
38987564	0	2	0
38989113	0	1	0
38991430	0	3	0
39008139	0	1	0
39047760	0	1	0
39047812	0	1	0
39054515	0	1	0
39055652	0	5	0
39086843	0	2	0
39091441	0	1	0
39097922	0	2	0
39106503	0	3	0
39109434	0	1	0
39132087	0	1	0
39138884	0	2	0
39139560	0	1	0
39140244	0	0	1
39142556	0	1	0
39144242	0	1	0
39158700	0	3	0
39172451	0	1	0
39182343	0	1	0
39182421	0	1	0
39192830	0	1	0
39204840	0	1	0
39214994	0	1	0
39230221	0	1	0
39234054	0	1	0
39238509	0	1	0
39239561	0	1	0
39243112	0	1	0
39251795	0	1	0
39253060	0	6	0
39274627	0	1	0
39276470	0	1	0
39285508	0	1	0
39287998	0	1	0
39301109	0	1	0
39304575	0	1	0
39304725	0	1	0
39315036	0	1	0
39321451	0	5	0
39333555	0	4	0
39340572	0	1	0
39341363	0	2	0
39353691	0	1	0
39363419	0	1	0
39382623	0	1	0
39390370	0	2	0
39397248	0	1	0
39410506	0	1	0
39426217	0	1	0
39432658	0	1	0
39438858	0	1	0
39441877	0	1	0
39445034	0	1	0
39454576	0	1	0
39458613	0	5	0
39502530	0	3	0
39508942	0	1	0
39523099	0	1	0
39559767	0	2	0
39575130	0	2	0
39588572	0	2	0
39598805	0	1	0
39601790	0	2	0
39602099	0	1	0
39602501	0	1	0
39611309	0	1	0
39612416	0	3	0
39613021	0	1	0
39613049	0	6	0
39613809	0	2	0
39619864	0	1	0
39622315	0	1	0
39638463	0	2	0
39639289	0	1	0
39641032	0	8	0
39647501	0	2	0
39654613	0	1	0
39659315	0	2	0
39659617	0	1	0
39674205	0	1	0
39674860	0	1	0
39693626	0	1	0
39696352	0	0	1
39697382	0	2	0
39697919	0	1	0
39720462	0	1	0
39722976	0	1	0
39723270	0	1	0
39731090	0	2	0
39731855	0	1	0
39738306	0	1	0
39743226	0	1	0
39743627	0	1	0
39753271	0	1	0
39756819	0	1	0
39760430	0	3	0
39764386	0	3	0
39787229	0	4	0
39789828	0	1	0
39806666	0	5	0
39811290	0	3	0
39817017	0	4	0
39832085	0	1	0
39833838	0	1	0
39836679	0	2	0
39849504	0	1	0
39860226	0	1	0
39864265	0	1	0
39875687	0	2	0
39886939	0	2	0
39890234	0	3	0
39898513	0	1	0
39898547	0	1	0
39906715	0	1	0
39909626	0	1	0
39920284	0	2	0
39920967	0	2	0
39925181	0	3	0
39935812	0	1	0
39936712	0	2	0
39948909	0	1	0
39960687	0	1	0
39965126	0	1	0
39966730	0	1	0
39967070	0	2	0
39975614	0	1	0
39987186	0	1	0
39992295	0	3	0
40000853	0	2	0
40001231	0	1	0
40007990	0	1	0
40024373	0	1	0
40031721	0	1	0
40035961	0	1	0
40039093	0	2	0
40043969	0	1	0
40044559	0	1	0
40084283	0	2	0
40088711	0	1	0
40093027	0	1	0
40101333	0	1	0
40104994	0	1	0
40120903	0	2	0
40139020	0	1	0
40142068	0	1	0
40153337	0	1	0
40159142	0	1	0
40167553	0	1	0
40175198	0	1	0
40211011	0	3	0
40214953	0	1	0
40219901	0	1	0
40227328	0	1	0
40230593	0	2	0
40235620	0	1	0
40236897	0	5	0
40250122	0	1	0
40261839	0	1	0
40263318	0	1	0
40277793	0	1	0
40283411	0	0	1
40284152	0	0	1
40292145	0	1	0
40311372	0	1	0
40325854	0	1	0
40326898	0	5	0
40332791	0	2	0
40334309	0	1	0
40341681	0	2	0
40347620	0	1	0
40354588	0	2	0
40356578	0	2	0
40368880	0	4	0
40369676	0	1	0
40385195	0	1	0
40402635	0	1	0
40421975	0	1	0
40428744	0	1	0
40438223	0	1	0
40438295	0	1	0
40438502	0	1	0
40453579	0	1	0
40460330	0	1	0
40470876	0	1	0
40483765	0	1	0
40488376	0	2	0
40489290	0	0	1
40498616	0	1	0
40503506	0	1	0
40504318	0	0	1
40505430	0	3	0
40508912	0	1	0
40512411	0	4	0
40523950	0	1	0
40529280	0	1	0
40530258	0	1	0
40548780	0	2	0
40552236	0	1	0
40562554	0	2	0
40570480	0	1	0
40574193	0	1	0
40594536	0	2	0
40595549	0	1	0
40596414	0	1	0
40598356	0	2	0
40602790	0	1	0
40603475	0	3	0
40603588	0	1	0
40611359	0	1	0
40623189	0	3	0
40630145	0	1	0
40633846	0	2	0
40639331	0	0	1
40646010	0	1	0
40660249	0	1	0
40672093	0	1	0
40674556	0	1	0
40674983	0	1	0
40680611	0	1	0
40685681	0	1	0
40688202	0	1	0
40699880	0	6	0
40726406	0	1	0
40752361	0	1	0
40752393	0	1	0
40753398	0	1	0
40762442	0	1	0
40774104	0	1	0
40779759	0	1	0
40787222	0	2	0
40788936	0	1	0
40791875	0	3	0
40802978	0	4	0
40806924	0	1	0
40813736	0	1	0
40819969	0	1	0
40822008	0	2	0
40823017	0	2	0
40830094	0	4	0
40830100	0	1	0
40831736	0	1	0
40838715	0	1	0
40852759	0	2	0
40865854	0	1	0
40873085	0	3	0
40873147	0	1	0
40892449	0	3	0
40914375	0	1	0
40962909	0	2	0
40964788	0	7	0
40978654	0	1	0
40981099	0	1	0
40986036	0	1	0
40997686	0	1	0
40999741	0	3	0
41004254	0	1	0
41004330	0	1	0
41007607	0	1	0
41010044	0	1	0
41018320	0	1	0
41025500	0	2	0
41028627	0	1	0
41028714	0	1	0
41032690	0	1	0
41038854	0	2	0
41044943	0	1	0
41046841	0	1	0
41050951	0	1	0
41072215	0	2	0
41077284	0	1	0
41078295	0	1	0
41083765	0	2	0
41086553	0	1	0
41086974	0	1	0
41112125	0	1	0
41114991	0	2	0
41116768	0	2	0
41120077	0	1	0
41123481	0	1	0
41136261	0	1	0
41145851	0	1	0
41157580	0	1	0
41161789	0	1	0
41168930	0	1	0
41171230	0	1	0
41173038	0	1	0
41173884	0	1	0
41175706	0	1	0
41195894	0	1	0
41197562	0	1	0
41213353	0	1	0
41217484	0	1	0
41218129	0	1	0
41229465	0	1	0
41238866	0	1	0
41239680	0	1	0
41240555	0	1	0
41254434	0	1	0
41258014	0	3	0
41265363	0	1	0
41275153	0	1	0
41279491	0	1	0
41279510	0	1	0
41289924	0	0	1
41289931	0	0	1
41290017	0	0	1
41292586	0	1	0
41294177	0	1	0
41310814	0	1	0
41312505	0	1	0
41321355	0	9	0
41330356	0	1	0
41331939	0	1	0
41336984	0	2	0
41347439	0	1	0
41348255	0	1	0
41352012	0	2	0
41354683	0	3	0
41359117	0	3	0
41360625	0	1	0
41360883	0	1	0
41365383	0	2	0
41382030	0	2	0
41395614	0	1	0
41403803	0	1	0
41409406	0	1	0
41414602	0	1	0
41423156	0	1	0
41425341	0	1	0
41426311	0	1	0
41442349	0	1	0
41443387	0	1	0
41451727	0	1	0
41468489	0	1	0
41469861	0	1	0
41478868	0	1	0
41481782	0	1	0
41489955	0	2	0
41494637	0	1	0
41498063	0	1	0
41498064	0	1	0
41513249	0	1	0
41524675	0	3	0
41528393	0	7	0
41534985	0	1	0
41536657	0	1	0
41546300	0	1	0
41567978	0	1	0
41572420	0	1	0
41572428	0	1	0
41576197	0	1	0
41582499	0	1	0
41584920	0	0	1
41593750	0	1	0
41594212	0	1	0
41595938	0	1	0
41596046	0	2	0
41598879	0	1	0
41620343	0	1	0
41625033	0	2	0
41625448	0	2	0
41626201	0	1	0
41634646	0	3	0
41640443	0	1	0
41653458	0	1	0
41659519	0	1	0
41663496	0	1	0
41668249	0	1	0
41675715	0	1	0
41681290	0	2	0
41694694	0	1	0
41695645	0	4	0
41699754	0	1	0
41703959	0	1	0
41712594	0	1	0
41715188	0	1	0
41722451	0	1	0
41724055	0	1	0
41724875	0	3	0
41726182	0	1	0
41747979	0	1	0
41753806	0	1	0
41754430	0	1	0
41756456	0	2	0
41760860	0	1	0
41769405	0	1	0
41773962	0	1	0
41777079	0	1	0
41783703	0	1	0
41789553	0	0	1
41794088	0	3	0
41806409	0	1	0
41808198	0	3	0
41819896	0	1	0
41828490	0	1	0
41831551	0	1	0
41832379	0	2	0
41837182	0	1	0
41844576	0	1	0
41844588	0	1	0
41852039	0	1	0
41854951	0	2	0
41862555	0	1	0
41865715	0	1	0
41875684	0	2	0
41878212	0	1	0
41882727	0	4	0
41884862	0	1	0
41888683	0	1	0
41890144	0	1	0
41892766	0	1	0
41892974	0	1	0
41897340	0	1	0
41899261	0	2	0
41901346	0	1	0
41905270	0	1	0
41905323	0	1	0
41916753	0	1	0
41924766	0	1	0
41930245	0	2	0
41931106	0	1	0
41934399	0	1	0
41938325	0	1	0
41940402	0	2	0
41955110	0	1	0
41963653	0	1	0
41973316	0	2	0
41977934	0	1	0
41991217	0	2	0
41992389	0	1	0
41992654	0	1	0
42016831	0	1	0
42031779	0	2	0
42036980	0	1	0
42040690	0	1	0
42043528	0	1	0
42058976	0	2	0
42072734	0	1	0
42074479	0	1	0
42098789	0	1	0
42109564	0	1	0
42112757	0	1	0
42116188	0	1	0
42117691	0	3	0
42118642	0	2	0
42126744	0	1	0
42139670	0	1	0
42146027	0	2	0
42146523	0	3	0
42154937	0	1	0
42156082	0	4	0
42157324	0	1	0
42187560	0	3	0
42188381	0	1	0
42193746	0	1	0
42205413	0	1	0
42209214	0	1	0
42232627	0	1	0
42235648	0	1	0
42240941	0	2	0
42241005	0	1	0
42241365	0	1	0
42244851	0	1	0
42248380	0	2	0
42256477	0	1	0
42266837	0	1	0
42274028	0	1	0
42277412	0	1	0
42278275	0	1	0
42282180	0	1	0
42299594	0	2	0
42299624	0	1	0
42299669	0	1	0
42307900	0	1	0
42313001	0	0	1
42317989	0	1	0
42318197	0	2	0
42332825	0	1	0
42340562	0	1	0
42347058	0	2	0
42348305	0	3	0
42349670	0	3	0
42354856	0	8	0
42377070	0	1	0
42383247	0	1	0
42392659	0	1	0
42397534	0	1	0
42402311	0	4	0
42410505	0	2	0
42411864	0	1	0
42412333	0	1	0
42421261	0	4	0
42428495	0	0	1
42438557	0	1	0
42438894	0	1	0
42439213	0	2	0
42445288	0	2	0
42445297	0	1	0
42450501	0	3	0
42452556	0	1	0
42466507	0	1	0
42469247	0	1	0
42474499	0	1	0
42493941	0	2	0
42504653	0	1	0
42505573	0	1	0
42527226	0	1	0
42527259	0	1	0
42530849	0	1	0
42531339	0	1	0
42536902	0	1	0
42538799	0	1	0
42548738	0	1	0
42597451	0	1	0
42600851	0	1	0
42605261	0	5	0
42608019	0	2	0
42613628	0	1	0
42614082	0	1	0
42633713	0	2	0
42641799	0	3	0
42644949	0	1	0
42654781	0	1	0
42677013	0	1	0
42679163	0	1	0
42682313	0	2	0
42696760	0	1	0
42700031	0	3	0
42725146	0	1	0
42743173	0	1	0
42767769	0	1	0
42769681	0	1	0
42771290	0	2	0
42779755	0	1	0
42779810	0	1	0
42780622	0	1	0
42818082	0	1	0
42829948	0	1	0
42850366	0	1	0
42858808	0	1	0
42868169	0	2	0
42878064	0	3	0
42878952	0	5	0
42881420	0	1	0
42901834	0	2	0
42906775	0	2	0
42915796	0	1	0
42926177	0	0	1
42926342	0	1	0
42928921	0	1	0
42931950	0	1	0
42940912	0	1	0
42950978	0	1	0
42954264	0	4	0
42959962	0	1	0
42968453	0	1	0
42970850	0	2	0
42983637	0	1	0
42988610	0	1	0
42989738	0	2	0
42995129	0	1	0
42999114	0	2	0
42999206	0	3	0
43002041	0	1	0
43009724	0	2	0
43025254	0	3	0
43026579	0	1	0
43036808	0	2	0
43067420	0	1	0
43070563	0	1	0
43072825	0	1	0
43100047	0	1	0
43111973	0	1	0
43115954	0	1	0
43127355	0	1	0
43148338	0	1	0
43165595	0	1	0
43182221	0	1	0
43211080	0	1	0
43219596	0	1	0
43226449	0	1	0
43233030	0	1	0
43235070	0	3	0
43236420	0	1	0
43243722	0	1	0
43244451	0	2	0
43253247	0	1	0
43253592	0	1	0
43285351	0	1	0
43306092	0	2	0
43315836	0	2	0
43317371	0	1	0
43317861	0	1	0
43344381	0	1	0
43357217	0	1	0
43386192	0	1	0
43404752	0	1	0
43420033	0	1	0
43435842	0	1	0
43454164	0	2	0
43472784	0	2	0
43488331	0	4	0
43497210	0	1	0
43501102	0	1	0
43501696	0	1	0
43501697	0	1	0
43515398	0	4	0
43521491	0	1	0
43530115	0	1	0
43530570	0	2	0
43548600	0	2	0
43552343	0	1	0
43553268	0	3	0
43564442	0	1	0
43573701	0	1	0
43585251	0	1	0
43585267	0	1	0
43594095	0	1	0
43609013	0	1	0
43611738	0	1	0
43622458	0	3	0
43622755	0	2	0
43629320	0	1	0
43637341	0	1	0
43640394	0	1	0
43655054	0	1	0
43664947	0	1	0
43677991	0	2	0
43698030	0	1	0
43705709	0	1	0
43709129	0	1	0
43712609	0	1	0
43724088	0	1	0
43753476	0	1	0
43754029	0	3	0
43756772	0	1	0
43759048	0	1	0
43760651	0	1	0
43762264	0	1	0
43765792	0	1	0
43781344	0	3	0
43787851	0	1	0
43794094	0	3	0
43808302	0	1	0
43823565	0	1	0
43828873	0	1	0
43829808	0	1	0
43836752	0	1	0
43854921	0	1	0
43859323	0	1	0
43875467	0	0	1
43880743	0	1	0
43884353	0	1	0
43884674	0	1	0
43887742	0	1	0
43890180	0	2	0
43892524	0	1	0
43896791	0	1	0
43909631	0	2	0
43912167	0	3	0
43912567	0	1	0
43940869	0	2	0
43943153	0	1	0
43960658	0	1	0
43999402	0	2	0
44010611	0	1	0
44016121	0	0	1
44017693	0	1	0
44040436	0	1	0
44056152	0	1	0
44064769	0	3	0
44067302	0	1	0
44089115	0	1	0
44092899	0	1	0
44095326	0	1	0
44107324	0	1	0
44110904	0	1	0
44115481	0	2	0
44121934	0	1	0
44161715	0	1	0
44166889	0	1	0
44173200	0	4	0
44173245	0	1	0
44175192	0	1	0
44176885	0	2	0
44178011	0	1	0
44188840	0	3	0
44193232	0	2	0
44198526	0	1	0
44203966	0	1	0
44204593	0	1	0
44214063	0	1	0
44221932	0	1	0
44223365	0	2	0
44239856	0	1	0
44244518	0	1	0
44249431	0	1	0
44251005	0	1	0
44269669	0	3	0
44274847	0	1	0
44276444	0	1	0
44304228	0	2	0
44326222	0	2	0
44369048	0	1	0
44379040	0	1	0
44388783	0	1	0
44393719	0	1	0
44394970	0	1	0
44397072	0	1	0
44399115	0	3	0
44405342	0	1	0
44419900	0	2	0
44450469	0	3	0
44465777	0	1	0
44493552	0	1	0
44514081	0	3	0
44517416	0	1	0
44518390	0	3	0
44532785	0	1	0
44540286	0	2	0
44544056	0	2	0
44549498	0	1	0
44551821	0	2	0
44567424	0	1	0
44571813	0	1	0
44577127	0	1	0
44580459	0	1	0
44582244	0	1	0
44585340	0	1	0
44592741	0	1	0
44595647	0	3	0
44617819	0	1	0
44618330	0	1	0
44624164	0	1	0
44625098	0	1	0
44628677	0	1	0
44655742	0	1	0
44662548	0	1	0
44668373	0	3	0
44669354	0	2	0
44670024	0	1	0
44690125	0	2	0
44690931	0	1	0
44695043	0	1	0
44700054	0	1	0
44704318	0	7	0
44716143	0	1	0
44716989	0	1	0
44719017	0	1	0
44719067	0	2	0
44719073	0	5	0
44731313	0	1	0
44732004	0	1	0
44735911	0	2	0
44741159	0	3	0
44746454	0	1	0
44752852	0	1	0
44759223	0	1	0
44777641	0	1	0
44780468	0	1	0
44793835	0	1	0
44798440	0	1	0
44806380	0	1	0
44814641	0	3	0
44815451	0	2	0
44816756	0	1	0
44818744	0	1	0
44836673	0	1	0
44838542	0	1	0
44841239	0	1	0
44844801	0	2	0
44856646	0	1	0
44858707	0	1	0
44861203	0	1	0
44861571	0	1	0
44872336	0	1	0
44873689	0	2	0
44893701	0	3	0
44894248	0	1	0
44897476	0	2	0
44905526	0	1	0
44917151	0	1	0
44917447	0	1	0
44921038	0	2	0
44932809	0	1	0
44933954	0	1	0
44989223	0	1	0
44990124	0	1	0
45012843	0	1	0
45016994	0	1	0
45026981	0	1	0
45049934	0	1	0
45050023	0	1	0
45054737	0	2	0
45075257	0	1	0
45075287	0	1	0
45075298	0	1	0
45075304	0	1	0
45084533	0	2	0
45085266	0	2	0
45105342	0	1	0
45106012	0	1	0
45109779	0	2	0
45115585	0	1	0
45117042	0	2	0
45142616	0	2	0
45147431	0	1	0
45152528	0	2	0
45158198	0	1	0
45195690	0	1	0
45198265	0	1	0
45201216	0	1	0
45202545	0	1	0
45221885	0	1	0
45223661	0	1	0
45225417	0	1	0
45227848	0	4	0
45245681	0	1	0
45254157	0	4	0
45263002	0	1	0
45264511	0	1	0
45277015	0	1	0
45279645	0	1	0
45283642	0	1	0
45294103	0	1	0
45299995	0	2	0
45305758	0	1	0
45313159	0	1	0
45314855	0	1	0
45316025	0	2	0
45336130	0	1	0
45361288	0	1	0
45386946	0	1	0
45393354	0	2	0
45429024	0	1	0
45442825	0	1	0
45446829	0	1	0
45454199	0	4	0
45491593	0	1	0
45496849	0	1	0
45499458	0	5	0
45505254	0	2	0
45507313	0	1	0
45511589	0	1	0
45520519	0	1	0
45529944	0	1	0
45537858	0	1	0
45557250	0	1	0
45557422	0	1	0
45574065	0	2	0
45578681	0	1	0
45587877	0	1	0
45589871	0	3	0
45598710	0	1	0
45606465	0	1	0
45617142	0	2	0
45617329	0	1	0
45621854	0	1	0
45657103	0	1	0
45691307	0	2	0
45697701	0	2	0
45701602	0	2	0
45702519	0	2	0
45705266	0	1	0
45705937	0	1	0
45706718	0	1	0
45714872	0	1	0
45716930	0	1	0
45735040	0	4	0
45742321	0	1	0
45744958	0	1	0
45769609	0	1	0
45780794	0	3	0
45785417	0	1	0
45785682	0	1	0
45787516	0	6	0
45791375	0	4	0
45800275	0	1	0
45807206	0	5	0
45814504	0	1	0
45820033	0	1	0
45828675	0	1	0
45840715	0	1	0
45859262	0	1	0
45859293	0	1	0
45863725	0	1	0
45868392	0	1	0
45871566	0	1	0
45879755	0	1	0
45923271	0	1	0
45925346	0	2	0
45932424	0	3	0
45937803	0	1	0
45939638	0	1	0
45942513	0	1	0
45963599	0	1	0
45967207	0	1	0
45967502	0	1	0
45984448	0	1	0
45992759	0	2	0
45995927	0	1	0
45998867	0	1	0
46005441	0	1	0
46009311	0	0	1
46020354	0	1	0
46024710	0	1	0
46028751	0	1	0
46032349	0	1	0
46033963	0	1	0
46037124	0	1	0
46037544	0	1	0
46040750	0	1	0
46045689	0	1	0
46048455	0	1	0
46049601	0	1	0
46068097	0	1	0
46071317	0	1	0
46072835	0	2	0
46098233	0	1	0
46098322	0	4	0
46099589	0	4	0
46105376	0	1	0
46112432	0	1	0
46113151	0	3	0
46136556	0	1	0
46146017	0	1	0
46148135	0	1	0
46149311	0	1	0
46156504	0	2	0
46179388	0	1	0
46194301	0	2	0
46202376	0	1	0
46203105	0	1	0
46223218	0	1	0
46229590	0	1	0
46230820	0	1	0
46231605	0	2	0
46237100	0	1	0
46242858	0	2	0
46245091	0	1	0
46245719	0	1	0
46256273	0	1	0
46259312	0	1	0
46264335	0	1	0
46264727	0	1	0
46278720	0	1	0
46279288	0	2	0
46280972	0	1	0
46289748	0	3	0
46296968	0	1	0
46301716	0	1	0
46340783	0	1	0
46340785	0	1	0
46345231	0	2	0
46382055	0	1	0
46387022	0	2	0
46388352	0	2	0
46390678	0	3	0
46394095	0	4	0
46394583	0	1	0
46395573	0	1	0
46395616	0	1	0
46398545	0	1	0
46402582	0	1	0
46410450	0	6	0
46415075	0	1	0
46426979	0	1	0
46443942	0	4	0
46460405	0	4	0
46463400	0	1	0
46483449	0	1	0
46504316	0	1	0
46515155	0	1	0
46520362	0	1	0
46520449	0	3	0
46529756	0	1	0
46535538	0	0	1
46540293	0	2	0
46564114	0	1	0
46565490	0	1	0
46566743	0	1	0
46569607	0	0	1
46576613	0	1	0
46577949	0	1	0
46578602	0	1	0
46582715	0	1	0
46593171	0	2	0
46605105	0	1	0
46610156	0	1	0
46622104	0	3	0
46626037	0	2	0
46626975	0	1	0
46631771	0	1	0
46651566	0	1	0
46668516	0	1	0
46669153	0	1	0
46671924	0	1	0
46696064	0	3	0
46731343	0	1	0
46734148	0	1	0
46741304	0	1	0
46750732	0	1	0
46772220	0	1	0
46774578	0	1	0
46783803	0	1	0
46793595	0	4	0
46798710	0	2	0
46803613	0	1	0
46804759	0	1	0
46814017	0	4	0
46817627	0	1	0
46819926	0	1	0
46821215	0	1	0
46823404	0	1	0
46829557	0	3	0
46831076	0	1	0
46844161	0	1	0
46845134	0	1	0
46846624	0	1	0
46851976	0	1	0
46859908	0	3	0
46860689	0	2	0
46864345	0	1	0
46871710	0	0	1
46874314	0	1	0
46900049	0	1	0
46915021	0	1	0
46916747	0	1	0
46921203	0	3	0
46925295	0	1	0
46939626	0	2	0
46953371	0	1	0
47007967	0	1	0
47014863	0	3	0
47020817	0	1	0
47026947	0	1	0
47028000	0	1	0
47034020	0	1	0
47036953	0	1	0
47037867	0	2	0
47038862	0	1	0
47050240	0	1	0
47051609	0	1	0
47065012	0	1	0
47066608	0	1	0
47067461	0	1	0
47079188	0	1	0
47082663	0	1	0
47085119	0	2	0
47087814	0	4	0
47103905	0	1	0
47125485	0	1	0
47133051	0	2	0
47144939	0	1	0
47151586	0	1	0
47161285	0	1	0
47163923	0	4	0
47165497	0	1	0
47170328	0	1	0
47171568	0	2	0
47189431	0	1	0
47189916	0	1	0
47216481	0	1	0
47227087	0	1	0
47247103	0	2	0
47250338	0	3	0
47272903	0	1	0
47275511	0	1	0
47297299	0	1	0
47306513	0	2	0
47313657	0	1	0
47320933	0	1	0
47322560	0	1	0
47330295	0	1	0
47332279	0	2	0
47346508	0	1	0
47358611	0	1	0
47359463	0	1	0
47370308	0	1	0
47380839	0	1	0
47385766	0	1	0
47393894	0	1	0
47399747	0	1	0
47400933	0	2	0
47402679	0	1	0
47426506	0	1	0
47427804	0	1	0
47428637	0	1	0
47432999	0	1	0
47435802	0	1	0
47444663	0	1	0
47449107	0	5	0
47484086	0	5	0
47517651	0	3	0
47529230	0	3	0
47533564	0	1	0
47546943	0	1	0
47547058	0	4	0
47547850	0	2	0
47555411	0	2	0
47568428	0	1	0
47578847	0	2	0
47587528	0	1	0
47600508	0	1	0
47603798	0	1	0
47611016	0	3	0
47621618	0	1	0
47630863	0	1	0
47647026	0	1	0
47649903	0	1	0
47653674	0	1	0
47663967	0	5	0
47671203	0	1	0
47679818	0	1	0
47680762	0	1	0
47681621	0	2	0
47690605	0	1	0
47694315	0	7	0
47706169	0	1	0
47711077	0	1	0
47726351	0	3	0
47729191	0	2	0
47745147	0	1	0
47746111	0	3	0
47758418	0	1	0
47758437	0	1	0
47763084	0	3	0
47763597	0	1	0
47766583	0	1	0
47769581	0	0	1
47782174	0	4	0
47788935	0	1	0
47797038	0	1	0
47799372	0	2	0
47800025	0	3	0
47800910	0	1	0
47810446	0	1	0
47822740	0	3	0
47822747	0	0	1
47822749	0	0	1
47822856	0	0	2
47823007	0	0	1
47824334	0	3	0
47825395	0	1	0
47826095	0	1	0
47878525	0	1	0
47886635	0	2	0
47888672	0	1	0
47894615	0	1	0
47897640	0	1	0
47904018	0	2	0
47916807	0	3	0
47929358	0	1	0
47942295	0	1	0
47951439	0	4	0
47951846	0	0	1
47972075	0	2	0
47981321	0	4	0
47981601	0	2	0
47984905	0	1	0
47993930	0	1	0
48002520	0	3	0
48005104	0	1	0
48016096	0	1	0
48036699	0	1	0
48052373	0	1	0
48055534	0	1	0
48056182	0	3	0
48063722	0	1	0
48077654	0	1	0
48084350	0	1	0
48119411	0	1	0
48140671	0	1	0
48140693	0	1	0
48143551	0	1	0
48146124	0	4	0
48147442	0	1	0
48164006	0	2	0
48166211	0	1	0
48176173	0	1	0
48186802	0	1	0
48198014	0	1	0
48200029	0	1	0
48213432	0	1	0
48220767	0	1	0
48236483	0	1	0
48252097	0	1	0
48258657	0	2	0
48281119	0	1	0
48294432	0	1	0
48300623	0	2	0
48317195	0	1	0
48335318	0	1	0
48335523	0	1	0
48342592	0	1	0
48353838	0	1	0
48360211	0	1	0
48365214	0	1	0
48386995	0	2	0
48415337	0	1	0
48417104	0	2	0
48422226	0	1	0
48453707	0	2	0
48469885	0	1	0
48472487	0	1	0
48478837	0	1	0
48480398	0	1	0
48482661	0	1	0
48490590	0	1	0
48492320	0	3	0
48496092	0	1	0
48506608	0	1	0
48512305	0	1	0
48531951	0	1	0
48534485	0	2	0
48544825	0	6	0
48558002	0	4	0
48559285	0	2	0
48562579	0	1	0
48576949	0	2	0
48586753	0	1	0
48592474	0	2	0
48606282	0	1	0
48629422	0	2	0
48639229	0	1	0
48643034	0	1	0
48649181	0	1	0
48649719	0	1	0
48675383	0	1	0
48678274	0	1	0
48684701	0	1	0
48738593	0	1	0
48740217	0	1	0
48758768	0	1	0
48765523	0	1	0
48768394	0	2	0
48770253	0	1	0
48773372	0	2	0
48774455	0	2	0
48774831	0	4	0
48775993	0	1	0
48783946	0	3	0
48785977	0	2	0
48794303	0	1	0
48801061	0	1	0
48819745	0	1	0
48840925	0	0	1
48851533	0	2	0
48888177	0	1	0
48888451	0	2	0
48904166	0	6	0
48908118	0	2	0
48909320	0	1	0
48921574	0	1	0
48943283	0	1	0
48949298	0	2	0
48953083	0	3	0
48953834	0	2	0
48960290	0	1	0
48983819	0	2	0
49002049	0	1	0
49002889	0	3	0
49004920	0	2	0
49004954	0	1	0
49005470	0	1	0
49008455	0	1	0
49025472	0	5	0
49029039	0	2	0
49030839	0	2	0
49035268	0	4	0
49036222	0	1	0
49039249	0	3	0
49039859	0	2	0
49049195	0	1	0
49056394	0	2	0
49089725	0	4	0
49099289	0	1	0
49108423	0	4	0
49119481	0	6	0
49120535	0	3	0
49135574	0	1	0
49136340	0	1	0
49141243	0	2	0
49142071	0	3	0
49143037	0	3	0
49150937	0	1	0
49152277	0	1	0
49165553	0	0	1
49181098	0	0	1
49186861	0	1	0
49199525	0	1	0
49212336	0	1	0
49221720	0	1	0
49251515	0	1	0
49260628	0	1	0
49262129	0	1	0
49284063	0	1	0
49286797	0	1	0
49292618	0	1	0
49299075	0	1	0
49319020	0	1	0
49328256	0	2	0
49328351	0	1	0
49333771	0	1	0
49337232	0	1	0
49341701	0	1	0
49348381	0	1	0
49350280	0	1	0
49350293	0	2	0
49363729	0	1	0
49378070	0	1	0
49383986	0	1	0
49390070	0	1	0
49396397	0	2	0
49404176	0	1	0
49433266	0	1	0
49446105	0	1	0
49459797	0	1	0
49472238	0	1	0
49490271	0	1	0
49490404	0	1	0
49499605	0	5	0
49501398	0	1	0
49519324	0	2	0
49545388	0	3	0
49555110	0	2	0
49563087	0	1	0
49563687	0	2	0
49563797	0	1	0
49581233	0	1	0
49584497	0	1	0
49599605	0	1	0
49604476	0	1	0
49614304	0	2	0
49615680	0	1	0
49617783	0	1	0
49637442	0	1	0
49649263	0	2	0
49649379	0	1	0
49650193	0	4	0
49650620	0	2	0
49660021	0	1	0
49668110	0	1	0
49670654	0	1	0
49671478	0	1	0
49675437	0	2	0
49684961	0	5	0
49688077	0	1	0
49692009	0	1	0
49697686	0	1	0
49727282	0	2	0
49729446	0	1	0
49731093	0	1	0
49748728	0	1	0
49750363	0	2	0
49752324	0	1	0
49759505	0	1	0
49762160	0	1	0
49765732	0	1	0
49777309	0	1	0
49777986	0	1	0
49796061	0	1	0
49799524	0	2	0
49805621	0	3	0
49835127	0	1	0
49839842	0	1	0
49862798	0	2	0
49868040	0	1	0
49874771	0	3	0
49888301	0	2	0
49889516	0	1	0
49891457	0	1	0
49898550	0	3	0
49902835	0	1	0
49919536	0	1	0
49938939	0	4	0
49941074	0	1	0
49953143	0	1	0
49974515	0	1	0
49979219	0	1	0
50003342	0	2	0
50011436	0	1	0
50011800	0	1	0
50015300	0	1	0
50018280	0	1	0
50029255	0	1	0
50029346	0	1	0
50029482	0	2	0
50029530	0	1	0
50029833	0	1	0
50031543	0	1	0
50035660	0	1	0
50039376	0	1	0
50044111	0	1	0
50046312	0	3	0
50051645	0	1	0
50056168	0	1	0
50058716	0	1	0
50101821	0	1	0
50105135	0	4	0
50119141	0	1	0
50122560	0	1	0
50145336	0	1	0
50185434	0	4	0
50201061	0	1	0
50204313	0	2	0
50226182	0	1	0
50228446	0	4	0
50232051	0	1	0
50245185	0	2	0
50249196	0	1	0
50277731	0	1	0
50283769	0	1	0
50285545	0	1	0
50288965	0	1	0
50292438	0	1	0
50295199	0	4	0
50299640	0	1	0
50301919	0	1	0
50322171	0	3	0
50328474	0	1	0
50340069	0	1	0
50365241	0	1	0
50374711	0	1	0
50390255	0	1	0
50392451	0	1	0
50396686	0	2	0
50421356	0	3	0
50432812	0	2	0
50444347	0	1	0
50448507	0	2	0
50475755	0	2	0
50482210	0	5	0
50487565	0	1	0
50498475	0	3	0
50506828	0	1	0
50517022	0	1	0
50541247	0	1	0
50545726	0	1	0
50548811	0	1	0
50555581	0	1	0
50561431	0	4	0
50562397	0	1	0
50568372	0	1	0
50570207	0	2	0
50575002	0	1	0
50580176	0	1	0
50583422	0	1	0
50585868	0	1	0
50596853	0	1	0
50598295	0	1	0
50610367	0	1	0
50611147	0	1	0
50615616	0	1	0
50620959	0	2	0
50634056	0	1	0
50638375	0	1	0
50642868	0	5	0
50671002	0	1	0
50676605	0	3	0
50694484	0	1	0
50703384	0	1	0
50708849	0	1	0
50720437	0	5	0
50756725	0	1	0
50781537	0	2	0
50784319	0	1	0
50785013	0	1	0
50804218	0	1	0
50809902	0	2	0
50816371	0	1	0
50816768	0	1	0
50831463	0	2	0
50840284	0	3	0
50841534	0	1	0
50848427	0	1	0
50854545	0	1	0
50863386	0	1	0
50874232	0	1	0
50903740	0	1	0
50907345	0	1	0
50908075	0	1	0
50914159	0	1	0
50915645	0	1	0
50930361	0	1	0
50939374	0	5	0
50955754	0	1	0
50958623	0	1	0
50962563	0	1	0
50974202	0	1	0
50974621	0	1	0
50989447	0	1	0
50992539	0	1	0
50997103	0	2	0
51006943	0	1	0
51006971	0	2	0
51007986	0	1	0
51008949	0	1	0
51011574	0	3	0
51018328	0	2	0
51020885	0	1	0
51024383	0	1	0
51031306	0	3	0
51036367	0	1	0
51039635	0	1	0
51040219	0	1	0
51052769	0	1	0
51059036	0	1	0
51064883	0	2	0
51085132	0	1	0
51088999	0	0	1
51092284	0	1	0
51097051	0	1	0
51107582	0	1	0
51115252	0	1	0
51115264	0	1	0
51118305	0	2	0
51125420	0	1	0
51145429	0	1	0
51146332	0	2	0
51148066	0	5	0
51164750	0	2	0
51166357	0	3	0
51182896	0	1	0
51184268	0	1	0
51189975	0	3	0
51192921	0	1	0
51240485	0	1	0
51262783	0	1	0
51272946	0	1	0
51295075	0	2	0
51319731	0	1	0
51328137	0	1	0
51337855	0	1	0
51345775	0	1	0
51355348	0	1	0
51363725	0	1	0
51366508	0	1	0
51372860	0	1	0
51372924	0	2	0
51403414	0	1	0
51408432	0	1	0
51419735	0	1	0
51426697	0	1	0
51476579	0	1	0
51481202	0	1	0
51484235	0	1	0
51520620	0	2	0
51523447	0	1	0
51527469	0	2	0
51548397	0	2	0
51560252	0	8	0
51564345	0	1	0
51565229	0	1	0
51566739	0	1	0
51569361	0	1	0
51579109	0	1	0
51597404	0	1	0
51614253	0	1	0
51622904	0	2	0
51623590	0	1	0
51626182	0	3	0
51650766	0	4	0
51651660	0	1	0
51671279	0	1	0
51687109	0	1	0
51791312	0	1	0
51795139	0	1	0
51797488	0	1	0
51797758	0	1	0
51813323	0	1	0
51818709	0	1	0
51831754	0	1	0
51844669	0	2	0
51844797	0	1	0
51859978	0	1	0
51890856	0	1	0
51895239	0	2	0
51897057	0	2	0
51903504	0	2	0
51913832	0	1	0
51936225	0	2	0
51944433	0	2	0
51950252	0	2	0
51952043	0	1	0
51973060	0	1	0
51981670	0	4	0
51997834	0	1	0
52001340	0	2	0
52002004	0	1	0
52010776	0	1	0
52027989	0	1	0
52029645	0	1	0
52040495	0	1	0
52043034	0	1	0
52046932	0	1	0
52048663	0	1	0
52064634	0	1	0
52084360	0	1	0
52116782	0	1	0
52135920	0	2	0
52142555	0	3	0
52147786	0	1	0
52160255	0	1	0
52161664	0	1	0
52167969	0	4	0
52172260	0	3	0
52198087	0	1	0
52200347	0	1	0
52204047	0	1	0
52214834	0	1	0
52227323	0	2	0
52242451	0	3	0
52257326	0	1	0
52264253	0	2	0
52265206	0	6	0
52268223	0	4	0
52270166	0	1	0
52285160	0	1	0
52288045	0	1	0
52330009	0	1	0
52351853	0	1	0
52390033	0	1	0
52418082	0	1	0
52425379	0	1	0
52427145	0	0	1
52427428	0	1	0
52467535	0	1	0
52474774	0	1	0
52481833	0	1	0
52496721	0	1	0
52502396	0	1	0
52518685	0	1	0
52529074	0	1	0
52535951	0	1	0
52538630	0	1	0
52546862	0	2	0
52562496	0	1	0
52584443	0	1	0
52602343	0	1	0
52667414	0	1	0
52682030	0	0	1
52685301	0	1	0
52710410	0	1	0
52722212	0	1	0
52730333	0	1	0
52733870	0	1	0
52748282	0	1	0
52756015	0	5	0
52766950	0	1	0
52783118	0	2	0
52790192	0	1	0
52806481	0	1	0
52809190	0	1	0
52810068	0	1	0
52812401	0	1	0
52815952	0	1	0
52823807	0	1	0
52825584	0	1	0
52828770	0	2	0
52830314	0	3	0
52848287	0	1	0
52920624	0	1	0
52929481	0	1	0
52935745	0	1	0
52949781	0	1	0
52951307	0	2	0
52956004	0	1	0
52956505	0	1	0
52971196	0	1	0
52984076	0	1	0
53017128	0	1	0
53028171	0	1	0
53029674	0	1	0
53030673	0	1	0
53034505	0	1	0
53054640	0	1	0
53068789	0	1	0
53078004	0	3	0
53079371	0	1	0
53085981	0	4	0
53086036	0	1	0
53097805	0	1	0
53134746	0	1	0
53159330	0	1	0
53181193	0	2	0
53190556	0	1	0
53201638	0	1	0
53289662	0	1	0
53290416	0	1	0
53300617	0	1	0
53301494	0	1	0
53314867	0	1	0
53340277	0	2	0
53340492	0	1	0
53343591	0	1	0
53350787	0	2	0
53356322	0	2	0
53357199	0	2	0
53358525	0	1	0
53370150	0	1	0
53372911	0	1	0
53384060	0	1	0
53392781	0	1	0
53402699	0	1	0
53405013	0	1	0
53406401	0	1	0
53406743	0	1	0
53408946	0	1	0
53409561	0	1	0
53428343	0	1	0
53440879	0	1	0
53452629	0	1	0
53478132	0	1	0
53481973	0	0	1
53491386	0	1	0
53499733	0	1	0
53507321	0	2	0
53520361	0	1	0
53538629	0	1	0
53551490	0	1	0
53573286	0	1	0
53574198	0	1	0
53576597	0	1	0
53576793	0	1	0
53587541	0	2	0
53589500	0	1	0
53593080	0	4	0
53596771	0	1	0
53599846	0	3	0
53601489	0	1	0
53603480	0	1	0
53626094	0	2	0
53632265	0	2	0
53635724	0	1	0
53638321	0	3	0
53647124	0	3	0
53651802	0	1	0
53658231	0	1	0
53661560	0	1	0
53662348	0	1	0
53670950	0	1	0
53681233	0	1	0
53687363	0	1	0
53749025	0	1	0
53765644	0	1	0
53781266	0	2	0
53786619	0	1	0
53789266	0	2	0
53793136	0	1	0
53799308	0	2	0
53799591	0	1	0
53807303	0	1	0
53815273	0	1	0
53820239	0	1	0
53824007	0	1	0
53832613	0	1	0
53837881	0	1	0
53839509	0	4	0
53845060	0	5	0
53875222	0	1	0
53881719	0	3	0
53888309	0	1	0
53907788	0	1	0
53952383	0	2	0
53952589	0	1	0
53968401	0	2	0
53972805	0	3	0
53982616	0	1	0
53994203	0	1	0
54000311	0	3	0
54006653	0	3	0
54011182	0	1	0
54014024	0	1	0
54027501	0	4	0
54051374	0	1	0
54055684	0	2	0
54065010	0	1	0
54083320	0	1	0
54084925	0	1	0
54117664	0	1	0
54117990	0	1	0
54122029	0	2	0
54127194	0	2	0
54128544	0	1	0
54138414	0	1	0
54147146	0	2	0
54159130	0	1	0
54160986	0	1	0
54165187	0	1	0
54174189	0	2	0
54180720	0	1	0
54184856	0	1	0
54188229	0	1	0
54195499	0	1	0
54198325	0	2	0
54207978	0	1	0
54224807	0	1	0
54233065	0	1	0
54252623	0	1	0
54256559	0	1	0
54267644	0	2	0
54282054	0	1	0
54287884	0	1	0
54291510	0	1	0
54301675	0	1	0
54331990	0	1	0
54335703	0	1	0
54345929	0	1	0
54374669	0	1	0
54377033	0	2	0
54379271	0	2	0
54399873	0	1	0
54401547	0	1	0
54402810	0	1	0
54433881	0	1	0
54435356	0	3	0
54449589	0	2	0
54453723	0	4	0
54488810	0	1	0
54498903	0	1	0
54512254	0	1	0
54513089	0	1	0
54515079	0	4	0
54526969	0	1	0
54536160	0	1	0
54538966	0	1	0
54539482	0	1	0
54540157	0	1	0
54544593	0	1	0
54545762	0	1	0
54555972	0	2	0
54597157	0	1	0
54599674	0	3	0
54619283	0	1	0
54620213	0	2	0
54624389	0	1	0
54625364	0	1	0
54630921	0	1	0
54640292	0	2	0
54643310	0	1	0
54657961	0	1	0
54665418	0	1	0
54683296	0	1	0
54684864	0	6	0
54687430	0	1	0
54697958	0	1	0
54701651	0	3	0
54704205	0	2	0
54711200	0	1	0
54713626	0	2	0
54713634	0	1	0
54713664	0	1	0
54719358	0	1	0
54725728	0	1	0
54726831	0	2	0
54745995	0	1	0
54749677	0	1	0
54772255	0	1	0
54774172	0	1	0
54801265	0	1	0
54810569	0	1	0
54811543	0	4	0
54819777	0	1	0
54820096	0	1	0
54824835	0	1	0
54839264	0	1	0
54845083	0	4	0
54845175	0	2	0
54847990	0	1	0
54849857	0	1	0
54852863	0	2	0
54856560	0	3	0
54861931	0	1	0
54873529	0	1	0
54881253	0	1	0
54882918	0	2	0
54889032	0	2	0
54894509	0	1	0
54899438	0	1	0
54902891	0	1	0
54929706	0	3	0
54932947	0	1	0
54936227	0	3	0
54947363	0	1	0
54950598	0	5	0
54953150	0	2	0
54956712	0	2	0
54967829	0	2	0
54975848	0	1	0
54989714	0	3	0
54994167	0	1	0
54999114	0	5	0
55004638	0	1	0
55004833	0	1	0
55009054	0	1	0
55011099	0	1	0
55018019	0	1	0
55027079	0	1	0
55029605	0	1	0
55038355	0	1	0
55074174	0	1	0
55088783	0	1	0
55107292	0	7	0
55136357	0	1	0
55140272	0	1	0
55140645	0	1	0
55142683	0	1	0
55146443	0	2	0
55168563	0	4	0
55169515	0	1	0
55171639	0	1	0
55213135	0	1	0
55215815	0	2	0
55239476	0	2	0
55242426	0	3	0
55255277	0	4	0
55255668	0	3	0
55265196	0	1	0
55275498	0	1	0
55298490	0	2	0
55301787	0	1	0
55302092	0	1	0
55315108	0	2	0
55331310	0	1	0
55352173	0	2	0
55365910	0	4	0
55371057	0	2	0
55414360	0	1	0
55423559	0	3	0
55439361	0	5	0
55470533	0	1	0
55473950	0	1	0
55475510	0	2	0
55479909	0	1	0
55492377	0	1	0
55492816	0	1	0
55500588	0	1	0
55508117	0	5	0
55536608	0	1	0
55560455	0	1	0
55566778	0	0	1
55591074	0	1	0
55599982	0	2	0
55607883	0	1	0
55608063	0	1	0
55660543	0	0	1
55669312	0	1	0
55669949	0	1	0
55780820	0	1	0
55783898	0	1	0
55793038	0	1	0
55809358	0	2	0
55812638	0	1	0
55821807	0	3	0
55822293	0	1	0
55856053	0	1	0
55873385	0	2	0
55874886	0	1	0
55883100	0	5	0
55912584	0	1	0
55927406	0	1	0
55941927	0	1	0
55945868	0	1	0
55992078	0	1	0
55995934	0	1	0
56002532	0	2	0
56010294	0	1	0
56012435	0	3	0
56015374	0	1	0
56017166	0	3	0
56025862	0	1	0
56085458	0	2	0
56107335	0	5	0
56112791	0	1	0
56128831	0	1	0
56137715	0	1	0
56155259	0	1	0
56164906	0	1	0
56185665	0	1	0
56201386	0	3	0
56221377	0	2	0
56225843	0	1	0
56226383	0	3	0
56227036	0	1	0
56243609	0	3	0
56254706	0	1	0
56278139	0	1	0
56286694	0	2	0
56311138	0	1	0
56315294	0	4	0
56321883	0	1	0
56335538	0	1	0
56335649	0	1	0
56338563	0	1	0
56357442	0	1	0
56358385	0	1	0
56439561	0	4	0
56453278	0	3	0
56463597	0	1	0
56466067	0	1	0
56489248	0	0	1
56517685	0	1	0
56523372	0	4	0
56531701	0	1	0
56540578	0	2	0
56549136	0	2	0
56570059	0	1	0
56570530	0	1	0
56594811	0	1	0
56610354	0	1	0
56623900	0	2	0
56651665	0	0	1
56658929	0	2	0
56694399	0	1	0
56702585	0	1	0
56740787	0	1	0
56750819	0	2	0
56752987	0	1	0
56772984	0	1	0
56774215	0	1	0
56782129	0	2	0
56786607	0	1	0
56787210	0	2	0
56789725	0	2	0
56796267	0	1	0
56809690	0	1	0
56830517	0	1	0
56848173	0	1	0
56871805	0	2	0
56875904	0	1	0
56912025	0	1	0
56920849	0	1	0
56926062	0	1	0
56936580	0	3	0
56949002	0	1	0
56964675	0	0	1
56968326	0	1	0
56979069	0	5	0
56979684	0	1	0
56986693	0	0	2
57008126	0	2	0
57009061	0	3	0
57009724	0	1	0
57015220	0	2	0
57015666	0	1	0
57044449	0	1	0
57044654	0	1	0
57047036	0	1	0
57048097	0	3	0
57051635	0	1	0
57053663	0	2	0
57055725	0	1	0
57063969	0	1	0
57072854	0	2	0
57078707	0	1	0
57085197	0	2	0
57086565	0	1	0
57088787	0	2	0
57098184	0	1	0
57100514	0	1	0
57102482	0	9	0
57104643	0	1	0
57107217	0	1	0
57124298	0	1	0
57134485	0	4	0
57139703	0	1	0
57141604	0	1	0
57150483	0	3	0
57153512	0	1	0
57171914	0	1	0
57186939	0	0	1
57191704	0	1	0
57211607	0	2	0
57231346	0	1	0
57245582	0	1	0
57258751	0	1	0
57270623	0	1	0
57271349	0	2	0
57275487	0	1	0
57285771	0	5	0
57307702	0	3	0
57311313	0	1	0
57319873	0	1	0
57333821	0	2	0
57342906	0	1	0
57344058	0	2	0
57365324	0	1	0
57365964	0	2	0
57367317	0	3	0
57421690	0	1	0
57443699	0	1	0
57444937	0	1	0
57453356	0	1	0
57454676	0	1	0
57456944	0	1	0
57476812	0	2	0
57477174	0	5	0
57483640	0	2	0
57508905	0	1	0
57518848	0	1	0
57526336	0	1	0
57530448	0	1	0
57533276	0	1	0
57534495	0	1	0
57537205	0	1	0
57546550	0	1	0
57557641	0	1	0
57559458	0	1	0
57579721	0	2	0
57583955	0	1	0
57590162	0	1	0
57610418	0	1	0
57616877	0	2	0
57630664	0	1	0
57635156	0	1	0
57645099	0	1	0
57648912	0	2	0
57650650	0	1	0
57654432	0	1	0
57661645	0	1	0
57678089	0	1	0
57679206	0	1	0
57687750	0	1	0
57707725	0	2	0
57727639	0	1	0
57758590	0	2	0
57767105	0	1	0
57773276	0	1	0
57776583	0	4	0
57789551	0	1	0
57799619	0	1	0
57829060	0	3	0
57834757	0	1	0
57843625	0	1	0
57846808	0	1	0
57851865	0	2	0
57859847	0	1	0
57888470	0	1	0
57893753	0	1	0
57897328	0	1	0
57913599	0	1	0
57917800	0	1	0
57924386	0	2	0
57926397	0	2	0
57928238	0	3	0
57938096	0	1	0
57957782	0	2	0
57959243	0	1	0
57959811	0	1	0
57962922	0	1	0
57984088	0	4	0
57997478	0	1	0
58008050	0	1	0
58011031	0	1	0
58025988	0	1	0
58036646	0	2	0
58055593	0	1	0
58068823	0	4	0
58073227	0	1	0
58076309	0	7	0
58086520	0	1	0
58089659	0	2	0
58090866	0	1	0
58108157	0	1	0
58109189	0	1	0
58114045	0	1	0
58123955	0	1	0
58126163	0	1	0
58135714	0	2	0
58138982	0	2	0
58141035	0	1	0
58151524	0	1	0
58161748	0	1	0
58165124	0	3	0
58186068	0	1	0
58187157	0	1	0
58196169	0	1	0
58221629	0	3	0
58227374	0	3	0
58229649	0	1	0
58233417	0	1	0
58239375	0	1	0
58241731	0	2	0
58256603	0	1	0
58260093	0	1	0
58264158	0	1	0
58279202	0	1	0
58287874	0	1	0
58297896	0	1	0
58302727	0	8	0
58312627	0	1	0
58314830	0	1	0
58331837	0	1	0
58349228	0	1	0
58352514	0	1	0
58357920	0	1	0
58362551	0	1	0
58371295	0	1	0
58377597	0	1	0
58377780	0	1	0
58418770	0	1	0
58430856	0	1	0
58431062	0	0	1
58436672	0	1	0
58455879	0	2	0
58466037	0	1	0
58477118	0	1	0
58491843	0	1	0
58498274	0	1	0
58511896	0	1	0
58513587	0	4	0
58529278	0	1	0
58538602	0	2	0
58566373	0	1	0
58567047	0	1	0
58577762	0	2	0
58612721	0	3	0
58619177	0	1	0
58624502	0	1	0
58634301	0	1	0
58645326	0	2	0
58652157	0	1	0
58666897	0	1	0
58692204	0	1	0
58714811	0	2	0
58730815	0	5	0
58753749	0	1	0
58754495	0	1	0
58754916	0	2	0
58777074	0	1	0
58782207	0	1	0
58805491	0	3	0
58806143	0	1	0
58808730	0	1	0
58819531	0	2	0
58826591	0	1	0
58827334	0	1	0
58841237	0	1	0
58850899	0	1	0
58880073	0	1	0
58887799	0	1	0
58894354	0	1	0
58902790	0	0	1
58902954	0	0	1
58925257	0	1	0
58932860	0	1	0
58955336	0	1	0
58960503	0	1	0
58984183	0	1	0
58984803	0	2	0
59017535	0	9	0
59022860	0	1	0
59029591	0	1	0
59033264	0	1	0
59034606	0	1	0
59040672	0	1	0
59046819	0	1	0
59060980	0	2	0
59062112	0	1	0
59065984	0	1	0
59066398	0	1	0
59067951	0	3	0
59071205	0	7	0
59077196	0	1	0
59085555	0	1	0
59097750	0	1	0
59101298	0	1	0
59103053	0	1	0
59103365	0	1	0
59167445	0	12	0
59183569	0	1	0
59187925	0	3	0
59189933	0	4	0
59192933	0	3	0
59194896	0	1	0
59223598	0	1	0
59230992	0	2	0
59236682	0	4	0
59246136	0	1	0
59250630	0	3	0
59263341	0	1	0
59278558	0	2	0
59278990	0	2	0
59287799	0	2	0
59294043	0	1	0
59299409	0	1	0
59302043	0	1	0
59331675	0	1	0
59338747	0	1	0
59342706	0	1	0
59369684	0	1	0
59372690	0	1	0
59385722	0	5	0
59387982	0	1	0
59398742	0	1	0
59404283	0	1	0
59416889	0	2	0
59425449	0	1	0
59452640	0	1	0
59453728	0	1	0
59459346	0	10	0
59462305	0	1	0
59464505	0	1	0
59485906	0	4	0
59514626	0	1	0
59521173	0	1	0
59564131	0	2	0
59603636	0	1	0
59607025	0	1	0
59643905	0	1	0
59648933	0	1	0
59649867	0	1	0
59651469	0	1	0
59651850	0	1	0
59654332	0	1	0
59669837	0	1	0
59675769	0	1	0
59675860	0	1	0
59687512	0	1	0
59711660	0	1	0
59727193	0	2	0
59727601	0	1	0
59728731	0	1	0
59754883	0	1	0
59782291	0	1	0
59787682	0	1	0
59808304	0	5	0
59825964	0	1	0
59827634	0	2	0
59833753	0	1	0
59852642	0	1	0
59853537	0	1	0
59868532	0	1	0
59879392	0	1	0
59886653	0	4	0
59893908	0	1	0
59907254	0	2	0
59912255	0	3	0
59929076	0	2	0
59938144	0	1	0
59948455	0	1	0
59948858	0	2	0
59957404	0	1	0
59979368	0	2	0
59986157	0	1	0
59993682	0	2	0
59998687	0	1	0
59999514	0	1	0
60002885	0	4	0
60028916	0	1	0
60041831	0	1	0
60046316	0	1	0
60059304	0	1	0
60063464	0	1	0
60071085	0	1	0
60090127	0	1	0
60094239	0	2	0
60113176	0	2	0
60114282	0	1	0
60116513	0	1	0
60123522	0	1	0
60129478	0	1	0
60135802	0	1	0
60150421	0	1	0
60152421	0	1	0
60169579	0	1	0
60171012	0	5	0
60187538	0	4	0
60210469	0	1	0
60215571	0	1	0
60228969	0	2	0
60231197	0	1	0
60241119	0	2	0
60249493	0	3	0
60249518	0	1	0
60250225	0	1	0
60263277	0	2	0
60274252	0	1	0
60312846	0	1	0
60333950	0	2	0
60344112	0	2	0
60353647	0	2	0
60362810	0	2	0
60370934	0	5	0
60371219	0	1	0
60414917	0	1	0
60427395	0	3	0
60433348	0	3	0
60433505	0	2	0
60455784	0	2	0
60458392	0	1	0
60473840	0	4	0
60474680	0	1	0
60481915	0	1	0
60491719	0	1	0
60519575	0	1	0
60534603	0	1	0
60557065	0	1	0
60567418	0	2	0
60573011	0	1	0
60583595	0	1	0
60584506	0	1	0
60604341	0	2	0
60617168	0	1	0
60623744	0	1	0
60627931	0	2	0
60631218	0	1	0
60639649	0	1	0
60655669	0	1	0
60658263	0	1	0
60667840	0	1	0
60716465	0	2	0
60716711	0	1	0
60720104	0	1	0
60747999	0	2	0
60752151	0	1	0
60799569	0	1	0
60804702	0	2	0
60806569	0	1	0
60820902	0	6	0
60839377	0	1	0
60843503	0	1	0
60844316	0	1	0
60844384	0	3	0
60846794	0	1	0
60861767	0	1	0
60866290	0	1	0
60882039	0	2	0
60886849	0	1	0
60887274	0	1	0
60920178	0	2	0
60921061	0	1	0
60927894	0	1	0
60933689	0	1	0
60938493	0	5	0
60950934	0	1	0
60953570	0	1	0
60965876	0	1	0
60974845	0	1	0
60978778	0	1	0
60981677	0	1	0
60983677	0	1	0
60985519	0	1	0
61017721	0	1	0
61052880	0	0	1
61055656	0	0	1
61065858	0	2	0
61072991	0	2	0
61073659	0	2	0
61086485	0	1	0
61087721	0	1	0
61091289	0	2	0
61091813	0	1	0
61094543	0	1	0
61101675	0	1	0
61115773	0	2	0
61144242	0	1	0
61151225	0	1	0
61165854	0	1	0
61168568	0	1	0
61176249	0	1	0
61194978	0	2	0
61200474	0	1	0
61212391	0	1	0
61236689	0	1	0
61254789	0	1	0
61258326	0	2	0
61272605	0	1	0
61308386	0	0	1
61318371	0	1	0
61339507	0	1	0
61339927	0	1	0
61372669	0	1	0
61372750	0	1	0
61403015	0	1	0
61427067	0	2	0
61437363	0	1	0
61444757	0	1	0
61446003	0	2	0
61455302	0	1	0
61459385	0	1	0
61472031	0	2	0
61478917	0	1	0
61481707	0	1	0
61483328	0	1	0
61483913	0	1	0
61517721	0	1	0
61521353	0	1	0
61530264	0	1	0
61532489	0	1	0
61575340	0	1	0
61579042	0	1	0
61631217	0	1	0
61632902	0	2	0
61651765	0	1	0
61659694	0	1	0
61676771	0	2	0
61683294	0	1	0
61687641	0	1	0
61695397	0	1	0
61698971	0	1	0
61702123	0	1	0
61722272	0	0	1
61726199	0	1	0
61726750	0	1	0
61729645	0	1	0
61730877	0	3	0
61738478	0	1	0
61738533	0	1	0
61760293	0	0	1
61767483	0	1	0
61789308	0	1	0
61789370	0	1	0
61803223	0	2	0
61817243	0	1	0
61852446	0	2	0
61852836	0	1	0
61869171	0	1	0
61873846	0	3	0
61878089	0	2	0
61878684	0	2	0
61893852	0	1	0
61894434	0	1	0
61897634	0	1	0
61899508	0	1	0
61916386	0	1	0
61940737	0	1	0
61940897	0	3	0
61941867	0	1	0
61950827	0	1	0
61951078	0	2	0
61955166	0	3	0
61958144	0	1	0
61963170	0	1	0
61964984	0	1	0
61971678	0	1	0
61977791	0	1	0
61987127	0	1	0
61994298	0	3	0
61998626	0	1	0
62021596	0	1	0
62032034	0	2	0
62036098	0	1	0
62049281	0	3	0
62050650	0	4	0
62058374	0	1	0
62060482	0	1	0
62060935	0	1	0
62065491	0	1	0
62067310	0	1	0
62067565	0	1	0
62071531	0	1	0
62085475	0	3	0
62105947	0	1	0
62137000	0	1	0
62142092	0	1	0
62142874	0	2	0
62155621	0	4	0
62156686	0	3	0
62158621	0	1	0
62177571	0	1	0
62189433	0	1	0
62214994	0	2	0
62224781	0	1	0
62232184	0	3	0
62234390	0	2	0
62237648	0	1	0
62239936	0	1	0
62243268	0	1	0
62260062	0	1	0
62270224	0	2	0
62290941	0	1	0
62335367	0	1	0
62337324	0	1	0
62340609	0	1	0
62366957	0	1	0
62386913	0	1	0
62388822	0	2	0
62399642	0	1	0
62410987	0	1	0
62412466	0	1	0
62423320	0	1	0
62425920	0	1	0
62441733	0	1	0
62442966	0	1	0
62452384	0	1	0
62455271	0	1	0
62475413	0	2	0
62497391	0	1	0
62499713	0	3	0
62500875	0	1	0
62511418	0	1	0
62519692	0	2	0
62525510	0	1	0
62525700	0	3	0
62541436	0	1	0
62551544	0	0	1
62567075	0	1	0
62582070	0	2	0
62611470	0	1	0
62631918	0	3	0
62655279	0	1	0
62657260	0	1	0
62663307	0	5	0
62670075	0	2	0
62698221	0	1	0
62716655	0	1	0
62723805	0	1	0
62752059	0	1	0
62783957	0	6	0
62789688	0	1	0
62800854	0	1	0
62802629	0	1	0
62807759	0	1	0
62810667	0	1	0
62812713	0	1	0
62843943	0	1	0
62858478	0	2	0
62870450	0	1	0
62886210	0	2	0
62890533	0	1	0
62897330	0	2	0
62897691	0	1	0
62905328	0	2	0
62905792	0	1	0
62911635	0	3	0
62923004	0	1	0
62931745	0	1	0
62960798	0	2	0
62965142	0	1	0
62967399	0	2	0
62987928	0	1	0
62990766	0	1	0
62996728	0	1	0
63007076	0	1	0
63016986	0	1	0
63018847	0	3	0
63022682	0	1	0
63033068	0	1	0
63033069	0	1	0
63033125	0	1	0
63053790	0	1	0
63062083	0	1	0
63067815	0	1	0
63078103	0	1	0
63113934	0	2	0
63117144	0	2	0
63128831	0	1	0
63134798	0	1	0
63151179	0	1	0
63166495	0	1	0
63177308	0	1	0
63190279	0	1	0
63191772	0	1	0
63193052	0	2	0
63207655	0	2	0
63208121	0	1	0
63236926	0	1	0
63252182	0	1	0
63252892	0	1	0
63258059	0	2	0
63261353	0	1	0
63262417	0	1	0
63278448	0	5	0
63280022	0	1	0
63287670	0	2	0
63289738	0	3	0
63302282	0	3	0
63311730	0	1	0
63339141	0	1	0
63348288	0	1	0
63352154	0	1	0
63352173	0	0	1
63356712	0	2	0
63360654	0	1	0
63366988	0	1	0
63377988	0	1	0
63378757	0	1	0
63396544	0	1	0
63401864	0	1	0
63410354	0	1	0
63447017	0	3	0
63483264	0	0	1
63504837	0	4	0
63512544	0	3	0
63515306	0	1	0
63528109	0	2	0
63531716	0	0	1
63557886	0	3	0
63573342	0	1	0
63574945	0	1	0
63614500	0	1	0
63636724	0	1	0
63643909	0	1	0
63661533	0	3	0
63668548	0	1	0
63670264	0	1	0
63687562	0	1	0
63717859	0	1	0
63721546	0	1	0
63722196	0	2	0
63729593	0	2	0
63739469	0	1	0
63758865	0	1	0
63759577	0	1	0
63769909	0	1	0
63791038	0	2	0
63792950	0	1	0
63812864	0	1	0
63818287	0	3	0
63819315	0	1	0
63822808	0	1	0
63845051	0	2	0
63857560	0	1	0
63858170	0	1	0
63867821	0	1	0
63872476	0	2	0
63880105	0	1	0
63880994	0	1	0
63896827	0	1	0
63902908	0	1	0
63904710	0	1	0
63933717	0	2	0
63947920	0	1	0
63950792	0	2	0
63952560	0	1	0
63968922	0	1	0
63982325	0	1	0
63983647	0	1	0
64005420	0	1	0
64009940	0	1	0
64025676	0	3	0
64063686	0	1	0
64072982	0	4	0
64079946	0	1	0
64083063	0	2	0
64083593	0	1	0
64089986	0	1	0
64119440	0	2	0
64122072	0	1	0
64158139	0	1	0
64196109	0	1	0
64217412	0	1	0
64247890	0	1	0
64251338	0	1	0
64251360	0	1	0
64282583	0	2	0
64286540	0	1	0
64309088	0	1	0
64317532	0	1	0
64322593	0	1	0
64352575	0	1	0
64364924	0	1	0
64375007	0	1	0
64388909	0	3	0
64408968	0	1	0
64414092	0	1	0
64444363	0	2	0
64460158	0	1	0
64484606	0	1	0
64511128	0	1	0
64520903	0	2	0
64521364	0	1	0
64537097	0	2	0
64556472	0	2	0
64560067	0	1	0
64571965	0	1	0
64576856	0	1	0
64594368	0	1	0
64607196	0	1	0
64629572	0	1	0
64630874	0	1	0
64634573	0	1	0
64644476	0	1	0
64664053	0	1	0
64669815	0	0	1
64670034	0	1	0
64671239	0	1	0
64680929	0	1	0
64697017	0	1	0
64705115	0	1	0
64746205	0	1	0
64749459	0	1	0
64780389	0	1	0
64782841	0	1	0
64809195	0	2	0
64831190	0	1	0
64870099	0	1	0
64874373	0	3	0
64881484	0	1	0
64881776	0	2	0
64910521	0	1	0
64923592	0	1	0
64942464	0	2	0
64950069	0	2	0
64969771	0	1	0
64981773	0	1	0
64987175	0	1	0
64990768	0	1	0
65003581	0	2	0
65003601	0	12	0
65004815	0	1	0
65006856	0	2	0
65015065	0	1	0
65015832	0	1	0
65049995	0	1	0
65067756	0	1	0
65127013	0	2	0
65146708	0	1	0
65148275	0	3	0
65165676	0	1	0
65176704	0	1	0
65178721	0	1	0
65199009	0	1	0
65221737	0	3	0
65232666	0	1	0
65237842	0	1	0
65247752	0	1	0
65279896	0	1	0
65295193	0	1	0
65299158	0	1	0
65335481	0	1	0
65335723	0	1	0
65337072	0	1	0
65340710	0	3	0
65371709	0	3	0
65381226	0	1	0
65405997	0	1	0
65407230	0	1	0
65411435	0	2	0
65422570	0	1	0
65428011	0	1	0
65474680	0	1	0
65484298	0	1	0
65485547	0	1	0
65495128	0	2	0
65499901	0	1	0
65522903	0	1	0
65526990	0	1	0
65528631	0	3	0
65533972	0	2	0
65543208	0	1	0
65561609	0	1	0
65569427	0	1	0
65570803	0	1	0
65586422	0	1	0
65616321	0	2	0
65632726	0	1	0
65636935	0	1	0
65640063	0	1	0
65648123	0	1	0
65671838	0	2	0
65691024	0	3	0
65696945	0	1	0
65706636	0	1	0
65710101	0	1	0
65713406	0	2	0
65737764	0	1	0
65743038	0	1	0
65747051	0	1	0
65763055	0	1	0
65767444	0	1	0
65776021	0	2	0
65786070	0	2	0
65792668	0	2	0
65797486	0	1	0
65805454	0	1	0
65812593	0	1	0
65820140	0	1	0
65823099	0	2	0
65835332	0	1	0
65837074	0	2	0
65863242	0	1	0
65885717	0	1	0
65891508	0	3	0
65915394	0	2	0
65929479	0	1	0
65937563	0	1	0
65953797	0	3	0
65972717	0	0	1
65998683	0	1	0
66012153	0	1	0
66019111	0	1	0
66040641	0	1	0
66041713	0	1	0
66070167	0	1	0
66091369	0	2	0
66105305	0	3	0
66123343	0	1	0
66129282	0	2	0
66134609	0	1	0
66137057	0	3	0
66155107	0	1	0
66179319	0	2	0
66182238	0	3	0
66215544	0	0	1
66234129	0	1	0
66256877	0	8	0
66260224	0	1	0
66262258	0	3	0
66270508	0	1	0
66275904	0	4	0
66306477	0	1	0
66317229	0	1	0
66323219	0	1	0
66354504	0	1	0
66354509	0	1	0
66385751	0	1	0
66393977	0	1	0
66397393	0	1	0
66398378	0	1	0
66403921	0	1	0
66417768	0	1	0
66425101	0	2	0
66426014	0	1	0
66427048	0	2	0
66438917	0	1	0
66439567	0	1	0
66470393	0	1	0
66475977	0	2	0
66484672	0	1	0
66489323	0	3	0
66528551	0	1	0
66551369	0	1	0
66556621	0	1	0
66557030	0	1	0
66570255	0	1	0
66590641	0	1	0
66599972	0	2	0
66614741	0	1	0
66637492	0	1	0
66650331	0	1	0
66665528	0	2	0
66691256	0	1	0
66694980	0	1	0
66706565	0	1	0
66709064	0	0	1
66721065	0	1	0
66737494	0	2	0
66740895	0	2	0
66779904	0	1	0
66813999	0	1	0
66815302	0	2	0
66833500	0	1	0
66837438	0	2	0
66847412	0	1	0
66896570	0	5	0
66910647	0	2	0
66915120	0	1	0
66935915	0	1	0
66979888	0	1	0
66986151	0	1	0
66986918	0	1	0
66987279	0	2	0
66987801	0	1	0
67096999	0	4	0
67104253	0	1	0
67105367	0	1	0
67111062	0	3	0
67115948	0	1	0
67116550	0	1	0
67122226	0	1	0
67132523	0	3	0
67133427	0	1	0
67137276	0	1	0
67144871	0	1	0
67170875	0	2	0
67174725	0	5	0
67183714	0	1	0
67201576	0	1	0
67205176	0	2	0
67239404	0	3	0
67240128	0	1	0
67245435	0	1	0
67245493	0	1	0
67245510	0	1	0
67245526	0	1	0
67270733	0	1	0
67273220	0	3	0
67279103	0	4	0
67297692	0	1	0
67354457	0	1	0
67401962	0	1	0
67416427	0	4	0
67417341	0	4	0
67419932	0	1	0
67425169	0	1	0
67432732	0	1	0
67432902	0	2	0
67463560	0	2	0
67465371	0	2	0
67468792	0	2	0
67498766	0	1	0
67509116	0	1	0
67512931	0	4	0
67519314	0	1	0
67523885	0	2	0
67529992	0	1	0
67540881	0	1	0
67579825	0	1	0
67590566	0	1	0
67591279	0	1	0
67591290	0	1	0
67600038	0	1	0
67626748	0	1	0
67632472	0	1	0
67661846	0	1	0
67665655	0	1	0
67676791	0	1	0
67677421	0	1	0
67677422	0	1	0
67684726	0	1	0
67685586	0	1	0
67726141	0	2	0
67742560	0	1	0
67780926	0	1	0
67783122	0	2	0
67785384	0	5	0
67785697	0	1	0
67791709	0	1	0
67795827	0	1	0
67796474	0	1	0
67801446	0	1	0
67812303	0	1	0
67823278	0	2	0
67838917	0	1	0
67846007	0	1	0
67860951	0	2	0
67864123	0	1	0
67869131	0	1	0
67875078	0	3	0
67888147	0	1	0
67921511	0	1	0
67929926	0	1	0
67939296	0	1	0
67957605	0	1	0
67986009	0	1	0
67994733	0	1	0
67996371	0	1	0
68005349	0	1	0
68024658	0	2	0
68033321	0	1	0
68033416	0	2	0
68035767	0	1	0
68038211	0	1	0
68042288	0	1	0
68050885	0	1	0
68073466	0	2	0
68075190	0	1	0
68113588	0	2	0
68115488	0	2	0
68127024	0	1	0
68130114	0	1	0
68138099	0	1	0
68139212	0	1	0
68143516	0	1	0
68145999	0	1	0
68152903	0	1	0
68165354	0	5	0
68171466	0	1	0
68175751	0	1	0
68196505	0	1	0
68217181	0	7	0
68221379	0	1	0
68223370	0	1	0
68224380	0	1	0
68234461	0	1	0
68242625	0	1	0
68269610	0	1	0
68274679	0	4	0
68293035	0	1	0
68308122	0	1	0
68340892	0	1	0
68348681	0	1	0
68356137	0	2	0
68370635	0	1	0
68371228	0	1	0
68375048	0	1	0
68382611	0	1	0
68389221	0	1	0
68394251	0	1	0
68411288	0	1	0
68414765	0	1	0
68437472	0	9	0
68458647	0	1	0
68462289	0	3	0
68469157	0	1	0
68469893	0	1	0
68479148	0	1	0
68483165	0	3	0
68486804	0	1	0
68487062	0	2	0
68490821	0	1	0
68491200	0	1	0
68500446	0	1	0
68503225	0	1	0
68520806	0	1	0
68521748	0	1	0
68537396	0	1	0
68553428	0	1	0
68569593	0	1	0
68595849	0	6	0
68599018	0	1	0
68624601	0	3	0
68632901	0	1	0
68651783	0	3	0
68661035	0	1	0
68665356	0	2	0
68707109	0	1	0
68729110	0	1	0
68738387	0	2	0
68783731	0	2	0
68791612	0	1	0
68792319	0	7	0
68807206	0	1	0
68810056	0	1	0
68810368	0	1	0
68812583	0	1	0
68834182	0	1	0
68839883	0	2	0
68847744	0	1	0
68855187	0	1	0
68858813	0	1	0
68872522	0	1	0
68880934	0	1	0
68891758	0	1	0
68919367	0	1	0
68920562	0	2	0
68923498	0	1	0
68940343	0	2	0
68944532	0	1	0
69002606	0	1	0
69014353	0	1	0
69030751	0	1	0
69037219	0	2	0
69038229	0	3	0
69045910	0	1	0
69050759	0	2	0
69054475	0	1	0
69073274	0	1	0
69076235	0	1	0
69077029	0	0	1
69085722	0	1	0
69101365	0	3	0
69104104	0	3	0
69110997	0	1	0
69125060	0	2	0
69129003	0	4	0
69130056	0	1	0
69137109	0	1	0
69144709	0	1	0
69148991	0	1	0
69151413	0	1	0
69153779	0	1	0
69154099	0	1	0
69156186	0	1	0
69160941	0	1	0
69165710	0	2	0
69171845	0	2	0
69175743	0	1	0
69215072	0	3	0
69220049	0	1	0
69232600	0	1	0
69244935	0	2	0
69257124	0	1	0
69257206	0	2	0
69257709	0	1	0
69263120	0	3	0
69264931	0	1	0
69269348	0	1	0
69287286	0	1	0
69295839	0	1	0
69322471	0	0	1
69344419	0	3	0
69405965	0	3	0
69407093	0	1	0
69419737	0	1	0
69427802	0	1	0
69431287	0	1	0
69449967	0	2	0
69464966	0	1	0
69466417	0	2	0
69500943	0	1	0
69544036	0	1	0
69548759	0	4	0
69564766	0	2	0
69593835	0	1	0
69599013	0	1	0
69602865	0	1	0
69620502	0	1	0
69626922	0	2	0
69634156	0	2	0
69634877	0	1	0
69642618	0	1	0
69652615	0	1	0
69688552	0	1	0
69699646	0	1	0
69716860	0	1	0
69727589	0	1	0
69745809	0	1	0
69758562	0	1	0
69771284	0	3	0
69805942	0	1	0
69822326	0	1	0
69829767	0	2	0
69847430	0	1	0
69888958	0	3	0
69897998	0	1	0
69898756	0	1	0
69900655	0	1	0
69908571	0	1	0
69938728	0	1	0
69950125	0	1	0
69969873	0	1	0
69988481	0	1	0
69998023	0	1	0
69999203	0	1	0
70000609	0	1	0
70000804	0	5	0
70007193	0	2	0
70014349	0	1	0
70027308	0	1	0
70067383	0	1	0
70076885	0	1	0
70080514	0	1	0
70089174	0	0	1
70130130	0	1	0
70146917	0	3	0
70150700	0	1	0
70165321	0	1	0
70178027	0	2	0
70188094	0	1	0
70188456	0	1	0
70195369	0	1	0
70222529	0	1	0
70243609	0	1	0
70249285	0	1	0
70282632	0	1	0
70284704	0	5	0
70310922	0	1	0
70311432	0	1	0
70316737	0	1	0
70318470	0	3	0
70329674	0	1	0
70339651	0	1	0
70342045	0	1	0
70345331	0	1	0
70347039	0	1	0
70379427	0	1	0
70381986	0	2	0
70395229	0	2	0
70419842	0	1	0
70423696	0	1	0
70431744	0	1	0
70443211	0	4	0
70462192	0	1	0
70480718	0	4	0
70498119	0	1	0
70509884	0	1	0
70516827	0	1	0
70536530	0	2	0
70549379	0	1	0
70607143	0	1	0
70617492	0	1	0
70624172	0	2	0
70644629	0	1	0
70648043	0	1	0
70686369	0	0	1
70708300	0	1	0
70708918	0	1	0
70744228	0	0	1
70767317	0	1	0
70773531	0	1	0
70776374	0	3	0
70788865	0	1	0
70813744	0	1	0
70816053	0	1	0
70817058	0	1	0
70818405	0	1	0
70820621	0	1	0
70845859	0	1	0
70865387	0	1	0
70895275	0	2	0
70899687	0	0	1
70907831	0	2	0
70934438	0	1	0
70937507	0	3	0
70944947	0	3	0
70954760	0	1	0
70975707	0	7	0
70980522	0	1	0
70988519	0	1	0
70989547	0	2	0
71004281	0	3	0
71021443	0	3	0
71037822	0	1	0
71055880	0	1	0
71081332	0	1	0
71084868	0	1	0
71087532	0	1	0
71091802	0	1	0
71108067	0	2	0
71126190	0	2	0
71136055	0	2	0
71155157	0	1	0
71155495	0	1	0
71164934	0	2	0
71172801	0	2	0
71179803	0	1	0
71185757	0	1	0
71188109	0	1	0
71242734	0	1	0
71263715	0	2	0
71294330	0	0	1
71295453	0	1	0
71299157	0	1	0
71300228	0	2	0
71314265	0	3	0
71314464	0	1	0
71317478	0	1	0
71335315	0	2	0
71341955	0	4	0
71345043	0	1	0
71381360	0	1	0
71381388	0	1	0
71381400	0	1	0
71381407	0	2	0
71381439	0	2	0
71383320	0	1	0
71388289	0	6	0
71409189	0	1	0
71425976	0	1	0
71434867	0	2	0
71470170	0	1	0
71490222	0	2	0
71493921	0	1	0
71495887	0	1	0
71505769	0	2	0
71516351	0	1	0
71535571	0	1	0
71537544	0	1	0
71555442	0	1	0
71559059	0	1	0
71562768	0	1	0
71566374	0	1	0
71604867	0	2	0
71613593	0	1	0
71614125	0	1	0
71632706	0	2	0
71649144	0	1	0
71713467	0	1	0
71719802	0	3	0
71723592	0	1	0
71765850	0	1	0
71766218	0	3	0
71778853	0	1	0
71781890	0	1	0
71789912	0	1	0
71801248	0	1	0
71813523	0	2	0
71821278	0	1	0
71825715	0	1	0
71826157	0	5	0
71837836	0	2	0
71851510	0	1	0
71859670	0	2	0
71875570	0	5	0
71880474	0	1	0
71886391	0	1	0
71902799	0	1	0
71909580	0	1	0
71913608	0	2	0
71924683	0	6	0
71942890	0	1	0
71988023	0	1	0
71988772	0	4	0
72051215	0	2	0
72063123	0	1	0
72082065	0	1	0
72103644	0	3	0
72108652	0	1	0
72131829	0	1	0
72135971	0	1	0
72150147	0	1	0
72150462	0	1	0
72151634	0	4	0
72155760	0	3	0
72166403	0	1	0
72179926	0	5	0
72191099	0	2	0
72194580	0	1	0
72197220	0	1	0
72207880	0	2	0
72219285	0	2	0
72228136	0	2	0
72233861	0	1	0
72268434	0	1	0
72271432	0	1	0
72280015	0	1	0
72328175	0	1	0
72338297	0	2	0
72343270	0	1	0
72348371	0	3	0
72361446	0	3	0
72362093	0	1	0
72400219	0	1	0
72428055	0	3	0
72434831	0	2	0
72488185	0	1	0
72502690	0	1	0
72509495	0	1	0
72540205	0	1	0
72548439	0	2	0
72553047	0	1	0
72567556	0	7	0
72572798	0	1	0
72611137	0	2	0
72627276	0	1	0
72650695	0	1	0
72669034	0	1	0
72674971	0	3	0
72682287	0	3	0
72683269	0	2	0
72685822	0	1	0
72692990	0	8	0
72706612	0	1	0
72708612	0	2	0
72713273	0	1	0
72720092	0	1	0
72724669	0	1	0
72742201	0	4	0
72754771	0	2	0
72766165	0	1	0
72782739	0	1	0
72805275	0	3	0
72808552	0	1	0
72811864	0	1	0
72814110	0	2	0
72839304	0	2	0
72851474	0	1	0
72862089	0	1	0
72863956	0	2	0
72872076	0	1	0
72873778	0	1	0
72887254	0	2	0
72895255	0	1	0
72907237	0	1	0
72923278	0	1	0
72933635	0	1	0
72953888	0	1	0
72957116	0	1	0
72957363	0	3	0
72967599	0	3	0
72967999	0	1	0
72986222	0	1	0
72988129	0	1	0
73000752	0	1	0
73007455	0	2	0
73008970	0	1	0
73038088	0	1	0
73050971	0	2	0
73133096	0	1	0
73143708	0	1	0
73146515	0	1	0
73154837	0	1	0
73181863	0	1	0
73195122	0	1	0
73223571	0	2	0
73228337	0	1	0
73230036	0	1	0
73248632	0	2	0
73257228	0	0	1
73283235	0	1	0
73284802	0	1	0
73295627	0	1	0
73296153	0	1	0
73346719	0	1	0
73349847	0	1	0
73351045	0	1	0
73362614	0	1	0
73363867	0	1	0
73365774	0	3	0
73379529	0	1	0
73381434	0	1	0
73395176	0	1	0
73403044	0	1	0
73411903	0	1	0
73416648	0	1	0
73420013	0	1	0
73439608	0	1	0
73481439	0	2	0
73515837	0	2	0
73557722	0	2	0
73563720	0	1	0
73568318	0	3	0
73582365	0	1	0
73602992	0	1	0
73603153	0	3	0
73603356	0	1	0
73647139	0	1	0
73651330	0	1	0
73655923	0	1	0
73727132	0	1	0
73738301	0	2	0
73740179	0	2	0
73753309	0	1	0
73760169	0	1	0
73762860	0	1	0
73766607	0	0	1
73778177	0	1	0
73789936	0	2	0
73818430	0	1	0
73825636	0	2	0
73849249	0	1	0
73855621	0	1	0
73856509	0	1	0
73863211	0	1	0
73887444	0	1	0
73895556	0	1	0
73903703	0	1	0
73922983	0	1	0
73940954	0	1	0
73964345	0	1	0
73981243	0	3	0
73985005	0	1	0
73995321	0	1	0
74008887	0	1	0
74033740	0	1	0
74040485	0	2	0
74043273	0	1	0
74048090	0	1	0
74088592	0	1	0
74119455	0	1	0
74137042	0	1	0
74156816	0	1	0
74157610	0	1	0
74167694	0	1	0
74168180	0	1	0
74211301	0	1	0
74228502	0	1	0
74231309	0	1	0
74236684	0	1	0
74259229	0	1	0
74304315	0	2	0
74304652	0	1	0
74345636	0	1	0
74365673	0	1	0
74367087	0	1	0
74372011	0	6	0
74385549	0	1	0
74403407	0	3	0
74436347	0	1	0
74443299	0	1	0
74444105	0	1	0
74444178	0	1	0
74452579	0	1	0
74487779	0	1	0
74517921	0	1	0
74541869	0	2	0
74551819	0	1	0
74554579	0	1	0
74574006	0	1	0
74595865	0	1	0
74602388	0	1	0
74645334	0	1	0
74652895	0	3	0
74674173	0	3	0
74694496	0	1	0
74719739	0	1	0
74771157	0	2	0
74773376	0	0	1
74782169	0	1	0
74792397	0	1	0
74808544	0	1	0
74820513	0	1	0
74825726	0	1	0
74827978	0	3	0
74924488	0	2	0
74935826	0	1	0
74942705	0	1	0
74950811	0	2	0
74951649	0	2	0
74959091	0	3	0
74999346	0	3	0
75000184	0	1	0
75038454	0	2	0
75042020	0	1	0
75042525	0	1	0
75055256	0	1	0
75101957	0	1	0
75109134	0	1	0
75111524	0	3	0
75111525	0	1	0
75142076	0	1	0
75171651	0	1	0
75187267	0	1	0
75189861	0	6	0
75197518	0	1	0
75210343	0	1	0
75210469	0	1	0
75233138	0	2	0
75270419	0	1	0
75319729	0	1	0
75347968	0	1	0
75360231	0	2	0
75385577	0	1	0
75424413	0	1	0
75436214	0	1	0
75456611	0	1	0
75465536	0	1	0
75465555	0	1	0
75476405	0	1	0
75484108	0	1	0
75522054	0	1	0
75540289	0	1	0
75541636	0	1	0
75560198	0	1	0
75573775	0	2	0
75574327	0	2	0
75576116	0	1	0
75590650	0	1	0
75604331	0	1	0
75607191	0	1	0
75610401	0	1	0
75634386	0	1	0
75641942	0	1	0
75644079	0	4	0
75648203	0	1	0
75675022	0	1	0
75691467	0	1	0
75694881	0	1	0
75728400	0	3	0
75738936	0	0	1
75744262	0	0	1
75764994	0	1	0
75780257	0	1	0
75787711	0	1	0
75798090	0	1	0
75820229	0	1	0
75825129	0	1	0
75855816	0	1	0
75861602	0	1	0
75886775	0	4	0
75909669	0	1	0
75915181	0	1	0
75920495	0	1	0
75922897	0	2	0
75923645	0	1	0
75928173	0	1	0
75931794	0	2	0
75958489	0	1	0
75995033	0	0	1
76007152	0	16	0
76012819	0	1	0
76030193	0	1	0
76078560	0	1	0
76082366	0	1	0
76095814	0	0	1
76112518	0	1	0
76144217	0	2	0
76145640	0	1	0
76154716	0	1	0
76157835	0	3	0
76189351	0	3	0
76191957	0	4	0
76196946	0	1	0
76207338	0	0	1
76243204	0	1	0
76250652	0	2	0
76264940	0	1	0
76270310	0	1	0
76291401	0	1	0
76294704	0	2	0
76303576	0	1	0
76311851	0	6	0
76329542	0	1	0
76329719	0	1	0
76398324	0	4	0
76401481	0	2	0
76405926	0	1	0
76406627	0	1	0
76413674	0	2	0
76417034	0	1	0
76429048	0	1	0
76433427	0	1	0
76445193	0	1	0
76453655	0	1	0
76458390	0	1	0
76484956	0	1	0
76511951	0	1	0
76514072	0	1	0
76515016	0	1	0
76531388	0	1	0
76560090	0	2	0
76565657	0	1	0
76574102	0	1	0
76608212	0	1	0
76626285	0	1	0
76638955	0	1	0
76653496	0	1	0
76656465	0	1	0
76656780	0	1	0
76672823	0	1	0
76696433	0	1	0
76725314	0	1	0
76745816	0	6	0
76772608	0	2	0
76772609	0	2	0
76772612	0	1	0
76772616	0	1	0
76772620	0	2	0
76772630	0	1	0
76789979	0	1	0
76798615	0	2	0
76807200	0	1	0
76841816	0	1	0
76871679	0	1	0
76886654	0	2	0
76888100	0	3	0
76904563	0	1	0
76919071	0	1	0
76932409	0	1	0
76936350	0	1	0
76947904	0	1	0
76957951	0	1	0
76958067	0	3	0
76967345	0	1	0
76977316	0	1	0
76978153	0	3	0
76986621	0	1	0
76995854	0	2	0
77000793	0	1	0
77002784	0	1	0
77010489	0	2	0
77014612	0	1	0
77047911	0	1	0
77054183	0	2	0
77054862	0	2	0
77066051	0	1	0
77101894	0	1	0
77120622	0	1	0
77145740	0	1	0
77151823	0	2	0
77192374	0	2	0
77194424	0	1	0
77210230	0	2	0
77222528	0	5	0
77235347	0	1	0
77237074	0	1	0
77255804	0	0	1
77269114	0	1	0
77270645	0	1	0
77296971	0	2	0
77303404	0	4	0
77310497	0	2	0
77318078	0	1	0
77323940	0	1	0
77365673	0	2	0
77391332	0	1	0
77396194	0	1	0
77409149	0	1	0
77413811	0	1	0
77426905	0	1	0
77473879	0	1	0
77478111	0	1	0
77490188	0	3	0
77494209	0	1	0
77524551	0	5	0
77534078	0	1	0
77539299	0	2	0
77548969	0	1	0
77563313	0	1	0
77564461	0	6	0
77574436	0	1	0
77575488	0	1	0
77576729	0	2	0
77621245	0	1	0
77623363	0	2	0
77626424	0	1	0
77635885	0	0	1
77644043	0	2	0
77653504	0	1	0
77695980	0	2	0
77699460	0	5	0
77704376	0	1	0
77745304	0	1	0
77770137	0	1	0
77773382	0	1	0
77792538	0	5	0
77804410	0	4	0
77804779	0	3	0
77806955	0	1	0
77813199	0	1	0
77858133	0	1	0
77871075	0	2	0
77879765	0	3	0
77909454	0	4	0
77913055	0	1	0
77920267	0	1	0
77921545	0	3	0
77922301	0	1	0
77939021	0	1	0
77949784	0	1	0
77951594	0	1	0
77952908	0	2	0
77958013	0	1	0
77967271	0	11	0
77979344	0	2	0
77987545	0	1	0
77991494	0	2	0
78002310	0	1	0
78006050	0	1	0
78016277	0	1	0
78017583	0	2	0
78034504	0	6	0
78069623	0	1	0
78077583	0	1	0
78092402	0	1	0
78095205	0	1	0
78106113	0	1	0
78133074	0	1	0
78136303	0	1	0
78143416	0	1	0
78152506	0	1	0
78158845	0	2	0
78161665	0	7	0
78187257	0	1	0
78207229	0	1	0
78226886	0	1	0
78258354	0	3	0
78296246	0	1	0
78322879	0	2	0
78326340	0	1	0
78329330	0	1	0
78331890	0	2	0
78338902	0	1	0
78375009	0	1	0
78382157	0	1	0
78394169	0	1	0
78404775	0	6	0
78409998	0	2	0
78427962	0	1	0
78434310	0	1	0
78441661	0	1	0
78442752	0	6	0
78467889	0	2	0
78467962	0	1	0
78467993	0	1	0
78473356	0	1	0
78475285	0	1	0
78475318	0	1	0
78475330	0	1	0
78475339	0	1	0
78475355	0	1	0
78475366	0	1	0
78475368	0	1	0
78475371	0	1	0
78475372	0	1	0
78475384	0	1	0
78475392	0	1	0
78475406	0	1	0
78475416	0	2	0
78475442	0	1	0
78475443	0	1	0
78475445	0	1	0
78475446	0	1	0
78475452	0	1	0
78475459	0	1	0
78475479	0	1	0
78475481	0	1	0
78496410	0	1	0
78508135	0	1	0
78531252	0	1	0
78561857	0	1	0
78567536	0	2	0
78572732	0	1	0
78578658	0	1	0
78615029	0	1	0
78632105	0	9	0
78639673	0	1	0
78640255	0	3	0
78650452	0	3	0
78697751	0	2	0
78700134	0	1	0
78710044	0	1	0
78724832	0	1	0
78725228	0	1	0
78753319	0	2	0
78754207	0	1	0
78768038	0	1	0
78773901	0	0	2
78787269	0	1	0
78813700	0	1	0
78819288	0	1	0
78823702	0	3	0
78855488	0	1	0
78877916	0	1	0
78880617	0	1	0
78892701	0	1	0
78943943	0	1	0
78944605	0	1	0
78950308	0	1	0
78955713	0	1	0
78971419	0	1	0
78973617	0	1	0
78992553	0	1	0
78997379	0	0	1
78997926	0	0	1
79015520	0	1	0
79031060	0	1	0
79040197	0	4	0
79040910	0	1	0
79042221	0	1	0
79059357	0	1	0
79073958	0	1	0
79079074	0	1	0
79098778	0	1	0
79104890	0	1	0
79119353	0	1	0
79121087	0	1	0
79128170	0	1	0
79129451	0	3	0
79143927	0	4	0
79153299	0	1	0
79164670	0	2	0
79181047	0	1	0
79215596	0	6	0
79254695	0	2	0
79255013	0	1	0
79264458	0	1	0
79299276	0	1	0
79364786	0	1	0
79368473	0	1	0
79372367	0	0	1
79373847	0	1	0
79385764	0	1	0
79421780	0	1	0
79438302	0	1	0
79439520	0	3	0
79447282	0	1	0
79457787	0	4	0
79488787	0	1	0
79489041	0	1	0
79553169	0	1	0
79594526	0	0	1
79611463	0	1	0
79627789	0	1	0
79629594	0	1	0
79664244	0	1	0
79678125	0	1	0
79694344	0	1	0
79721093	0	1	0
79758226	0	1	0
79759611	0	1	0
79761080	0	1	0
79767691	0	1	0
79790813	0	0	1
79793807	0	1	0
79806461	0	1	0
79812979	0	1	0
79832115	0	2	0
79846193	0	1	0
79864805	0	1	0
79877089	0	1	0
79885085	0	4	0
79914614	0	1	0
79928598	0	1	0
79937316	0	1	0
79942599	0	1	0
79947374	0	2	0
79957503	0	2	0
79974356	0	1	0
79994753	0	3	0
80004432	0	1	0
80004764	0	3	0
80010389	0	2	0
80031001	0	1	0
80062425	0	2	0
80082167	0	2	0
80147657	0	1	0
80153397	0	1	0
80161162	0	1	0
80169333	0	1	0
80215174	0	1	0
80217734	0	1	0
80250848	0	1	0
80251157	0	2	0
80281604	0	1	0
80281613	0	2	0
80291245	0	1	0
80364489	0	1	0
80366135	0	1	0
80378986	0	1	0
80383975	0	1	0
80385289	0	3	0
80397586	0	4	0
80424662	0	1	0
80431733	0	1	0
80478329	0	1	0
80501116	0	2	0
80515782	0	1	0
80565031	0	2	0
80602914	0	1	0
80618502	0	1	0
80619483	0	1	0
80668569	0	0	1
80683383	0	1	0
80721915	0	1	0
80742234	0	1	0
80768158	0	2	0
80797841	0	1	0
80809390	0	1	0
80821907	0	1	0
80823401	0	7	0
80840571	0	1	0
80843909	0	3	0
80847059	0	2	0
80863258	0	2	0
80869329	0	1	0
80911726	0	1	0
80920222	0	1	0
80929954	0	5	0
80938079	0	1	0
80959056	0	1	0
80984326	0	1	0
81020233	0	1	0
81029682	0	3	0
81044389	0	1	0
81047687	0	1	0
81048454	0	1	0
81090877	0	0	1
81091544	0	2	0
81107574	0	1	0
81129716	0	1	0
81146987	0	1	0
81164619	0	1	0
81168127	0	1	0
81180305	0	2	0
81185625	0	1	0
81195034	0	1	0
81217189	0	1	0
81218846	0	1	0
81226740	0	3	0
81233122	0	1	0
81233387	0	5	0
81252901	0	1	0
81264712	0	1	0
81269834	0	1	0
81276994	0	1	0
81277871	0	1	0
81291996	0	1	0
81313078	0	1	0
81316140	0	4	0
81324836	0	1	0
81333987	0	3	0
81341938	0	3	0
81347691	0	3	0
81367418	0	1	0
81372336	0	2	0
81381119	0	2	0
81386126	0	5	0
81398768	0	1	0
81402286	0	1	0
81406613	0	2	0
81425263	0	1	0
81434068	0	1	0
81439618	0	1	0
81482510	0	1	0
81501401	0	1	0
81511054	0	1	0
81537428	0	2	0
81538801	0	2	0
81550763	0	1	0
81555195	0	1	0
81583849	0	1	0
81613742	0	1	0
81642790	0	0	1
81642904	0	2	0
81654041	0	1	0
81659156	0	1	0
81659273	0	2	0
81681059	0	2	0
81715169	0	1	0
81717755	0	1	0
81734905	0	2	0
81752906	0	3	0
81765572	0	1	0
81813474	0	1	0
81817246	0	1	0
81823125	0	1	0
81828638	0	1	0
81849157	0	1	0
81859146	0	1	0
81865210	0	1	0
81868204	0	1	0
81886686	0	4	0
81889948	0	2	0
81894928	0	3	0
81908039	0	2	0
81915797	0	1	0
81925268	0	2	0
81945968	0	1	0
81976707	0	1	0
81976721	0	1	0
82000468	0	1	0
82018994	0	1	0
82022611	0	3	0
82024492	0	2	0
82044705	0	1	0
82056173	0	1	0
82058952	0	1	0
82077602	0	4	0
82082413	0	2	0
82115863	0	1	0
82119149	0	1	0
82125882	0	1	0
82138054	0	1	0
82171551	0	1	0
82194688	0	1	0
82198348	0	1	0
82201879	0	1	0
82216413	0	3	0
82258743	0	1	0
82264540	0	1	0
82275886	0	1	0
82302740	0	1	0
82325216	0	1	0
82329289	0	5	0
82344576	0	1	0
82352058	0	1	0
82373743	0	1	0
82402190	0	1	0
82410229	0	4	0
82414464	0	1	0
82429647	0	1	0
82463513	0	2	0
82481419	0	1	0
82484076	0	3	0
82485332	0	1	0
82509037	0	3	0
82535730	0	2	0
82538986	0	1	0
82545171	0	2	0
82558255	0	1	0
82566816	0	1	0
82566871	0	2	0
82566890	0	1	0
82578891	0	3	0
82591084	0	2	0
82627424	0	3	0
82645150	0	3	0
82660964	0	1	0
82680717	0	2	0
82700297	0	1	0
82706711	0	1	0
82721450	0	5	0
82733160	0	1	0
82767553	0	1	0
82827420	0	1	0
82834223	0	3	0
82834906	0	1	0
82837757	0	0	1
82858928	0	7	0
82860793	0	1	0
82869782	0	1	0
82883207	0	1	0
82910650	0	1	0
82929032	0	1	0
82976349	0	1	0
82996437	0	1	0
83019060	0	1	0
83030124	0	0	1
83067490	0	1	0
83067982	0	1	0
83084871	0	1	0
83093756	0	1	0
83104854	0	1	0
83105046	0	0	1
83110580	0	3	0
83118121	0	2	0
83129299	0	3	0
83150440	0	1	0
83156353	0	1	0
83174665	0	1	0
83179914	0	5	0
83223936	0	2	0
83234463	0	1	0
83244906	0	1	0
83254867	0	1	0
83259749	0	1	0
83293898	0	1	0
83299577	0	0	1
83299615	0	0	1
83301452	0	1	0
83312357	0	1	0
83320233	0	2	0
83322502	0	1	0
83325004	0	1	0
83328893	0	1	0
83350583	0	0	1
83367921	0	1	0
83371815	0	1	0
83403655	0	1	0
83428856	0	2	0
83430015	0	3	0
83483150	0	2	0
83497828	0	1	0
83503763	0	1	0
83523267	0	1	0
83540967	0	5	0
83566024	0	1	0
83569166	0	1	0
83592444	0	1	0
83598771	0	3	0
83611481	0	3	0
83619861	0	1	0
83622994	0	3	0
83632012	0	1	0
83656175	0	1	0
83667566	0	3	0
83673749	0	1	0
83692152	0	1	0
83694919	0	2	0
83698449	0	1	0
83716575	0	2	0
83717704	0	4	0
83735421	0	1	0
83758696	0	1	0
83764989	0	1	0
83789160	0	1	0
83796727	0	1	0
83805210	0	1	0
83809986	0	1	0
83824807	0	4	0
83868651	0	1	0
83869815	0	1	0
83894801	0	1	0
83909866	0	3	0
83918318	0	1	0
83940495	0	3	0
83962720	0	1	0
83973117	0	2	0
84000485	0	2	0
84041428	0	1	0
84047748	0	3	0
84049119	0	1	0
84054809	0	1	0
84057016	0	1	0
84080640	0	1	0
84106781	0	1	0
84130737	0	1	0
84199253	0	1	0
84216646	0	2	0
84216832	0	1	0
84217617	0	0	1
84222138	0	1	0
84225079	0	1	0
84229329	0	1	0
84290534	0	2	0
84307021	0	1	0
84310888	0	1	0
84362797	0	5	0
84498803	0	1	0
84520080	0	2	0
84552172	0	1	0
84556093	0	1	0
84576723	0	1	0
84577479	0	0	1
84604422	0	1	0
84604921	0	1	0
84617334	0	1	0
84640037	0	1	0
84651829	0	1	0
84678591	0	0	1
84699609	0	1	0
84705821	0	1	0
84725596	0	1	0
84788003	0	1	0
84792979	0	1	0
84809897	0	2	0
84820722	0	1	0
84822374	0	2	0
84838877	0	2	0
84844322	0	1	0
84854603	0	3	0
84898575	0	1	0
84923800	0	1	0
84924574	0	2	0
84927205	0	1	0
84927592	0	3	0
84946645	0	1	0
84946897	0	1	0
84948546	0	4	0
84965853	0	1	0
84982445	0	1	0
84993330	0	1	0
85004245	0	2	0
85004346	0	2	0
85048148	0	1	0
85069903	0	1	0
85074017	0	3	0
85129321	0	1	0
85153633	0	1	0
85154925	0	1	0
85156152	0	0	1
85172023	0	1	0
85205189	0	1	0
85231964	0	1	0
85235954	0	2	0
85247470	0	1	0
85269283	0	2	0
85276074	0	1	0
85300063	0	1	0
85312111	0	1	0
85317980	0	1	0
85331225	0	3	0
85340884	0	1	0
85346443	0	1	0
85385541	0	2	0
85389362	0	1	0
85392031	0	2	0
85398299	0	1	0
85418867	0	1	0
85420788	0	2	0
85425143	0	2	0
85425145	0	2	0
85443641	0	1	0
85475441	0	5	0
85484717	0	1	0
85488741	0	1	0
85525269	0	1	0
85548421	0	1	0
85558821	0	1	0
85577524	0	3	0
85589134	0	1	0
85592104	0	1	0
85592145	0	2	0
85612042	0	1	0
85620332	0	1	0
85621071	0	1	0
85643847	0	1	0
85672131	0	1	0
85674835	0	1	0
85689837	0	4	0
85714406	0	1	0
85723878	0	1	0
85745024	0	5	0
85751314	0	1	0
85758024	0	1	0
85763137	0	1	0
85769108	0	1	0
85779465	0	1	0
85784768	0	2	0
85826620	0	2	0
85842522	0	1	0
85843140	0	1	0
85850133	0	2	0
85851070	0	6	0
85852194	0	3	0
85863874	0	3	0
85872411	0	1	0
85882156	0	1	0
85908353	0	1	0
85947283	0	1	0
86007481	0	3	0
86027298	0	1	0
86045527	0	1	0
86083369	0	2	0
86110007	0	0	1
86122018	0	1	0
86160514	0	2	0
86175725	0	0	1
86182844	0	2	0
86188071	0	1	0
86191953	0	2	0
86200057	0	1	0
86224876	0	7	0
86231550	0	1	0
86257120	0	1	0
86263285	0	1	0
86278818	0	2	0
86307710	0	2	0
86342200	0	1	0
86360665	0	12	0
86363263	0	1	0
86369444	0	1	0
86386498	0	1	0
86390917	0	1	0
86418558	0	1	0
86440401	0	1	0
86447134	0	1	0
86479821	0	2	0
86499630	0	1	0
86501414	0	1	0
86503576	0	1	0
86509551	0	2	0
86509979	0	2	0
86538624	0	1	0
86541733	0	3	0
86564999	0	1	0
86565330	0	1	0
86566373	0	1	0
86576944	0	1	0
86597254	0	1	0
86598746	0	1	0
86617659	0	2	0
86625000	0	1	0
86633159	0	1	0
86678775	0	4	0
86681901	0	2	0
86694469	0	1	0
86708344	0	1	0
86729415	0	1	0
86742418	0	1	0
86744835	0	1	0
86769217	0	1	0
86775357	0	1	0
86796537	0	2	0
86825000	0	1	0
86831809	0	1	0
86833367	0	2	0
86861033	0	0	1
86868830	0	1	0
86897082	0	1	0
86901099	0	2	0
86915960	0	2	0
86958650	0	1	0
86965843	0	1	0
86965902	0	1	0
86996080	0	2	0
87006853	0	2	0
87012504	0	1	0
87018427	0	2	0
87021943	0	2	0
87026540	0	1	0
87049719	0	2	0
87060870	0	1	0
87074976	0	1	0
87076874	0	1	0
87202439	0	1	0
87214808	0	1	0
87216103	0	1	0
87216279	0	1	0
87216579	0	1	0
87237609	0	1	0
87258465	0	1	0
87266843	0	2	0
87268254	0	1	0
87276251	0	1	0
87277568	0	1	0
87301235	0	1	0
87341612	0	1	0
87376368	0	1	0
87391529	0	2	0
87397147	0	1	0
87444196	0	1	0
87459405	0	1	0
87465410	0	1	0
87472227	0	1	0
87486444	0	1	0
87495168	0	2	0
87510397	0	3	0
87536452	0	1	0
87563479	0	2	0
87584354	0	2	0
87609084	0	1	0
87626811	0	1	0
87642431	0	1	0
87650024	0	1	0
87659038	0	1	0
87665766	0	1	0
87669863	0	1	0
87672580	0	1	0
87730223	0	1	0
87765560	0	2	0
87821604	0	3	0
87832936	0	1	0
87848818	0	2	0
87871183	0	1	0
87871766	0	2	0
87911040	0	1	0
87926459	0	1	0
87988173	0	2	0
88018466	0	1	0
88049839	0	1	0
88057846	0	1	0
88076905	0	1	0
88090230	0	1	0
88109331	0	1	0
88114121	0	1	0
88128891	0	1	0
88186281	0	1	0
88193606	0	1	0
88195883	0	0	1
88214404	0	1	0
88218014	0	1	0
88218235	0	1	0
88243845	0	4	0
88245099	0	1	0
88264455	0	1	0
88286290	0	1	0
88288633	0	1	0
88299732	0	1	0
88303084	0	1	0
88329215	0	2	0
88333590	0	1	0
88340399	0	1	0
88357796	0	2	0
88369653	0	0	1
88392395	0	1	0
88395154	0	2	0
88399980	0	1	0
88401480	0	1	0
88409168	0	1	0
88415833	0	1	0
88417778	0	1	0
88418576	0	1	0
88418612	0	1	0
88439547	0	2	0
88439752	0	5	0
88449578	0	1	0
88456770	0	2	0
88471768	0	2	0
88501112	0	1	0
88563527	0	4	0
88584074	0	1	0
88615116	0	1	0
88631049	0	2	0
88638478	0	1	0
88691939	0	3	0
88706236	0	1	0
88728270	0	1	0
88740017	0	1	0
88759605	0	1	0
88764693	0	1	0
88798095	0	4	0
88857606	0	1	0
88873132	0	1	0
88885735	0	1	0
88892829	0	1	0
88901557	0	3	0
88902530	0	1	0
88903275	0	2	0
88907496	0	1	0
88917703	0	1	0
88967261	0	1	0
88996941	0	1	0
89014950	0	1	0
89017194	0	1	0
89025687	0	1	0
89026822	0	1	0
89032206	0	4	0
89069866	0	1	0
89083687	0	1	0
89098850	0	1	0
89115086	0	3	0
89117377	0	1	0
89148857	0	3	0
89149617	0	2	0
89174473	0	7	0
89205482	0	1	0
89218054	0	1	0
89263918	0	1	0
89264280	0	5	0
89273307	0	1	0
89274252	0	3	0
89314676	0	3	0
89347088	0	1	0
89350507	0	1	0
89373140	0	1	0
89375143	0	2	0
89385113	0	1	0
89411990	0	1	0
89422349	0	4	0
89437034	0	1	0
89438817	0	1	0
89478383	0	1	0
89490275	0	1	0
89543029	0	1	0
89589874	0	1	0
89622689	0	1	0
89646482	0	1	0
89677550	0	0	1
89684700	0	1	0
89706273	0	3	0
89736613	0	1	0
89757433	0	2	0
89764773	0	1	0
89769811	0	1	0
89826168	0	1	0
89836194	0	1	0
89840449	0	1	0
89868471	0	1	0
89877995	0	1	0
89882158	0	1	0
89884579	0	1	0
89904846	0	3	0
89913103	0	1	0
89938303	0	1	0
89946744	0	2	0
89977972	0	3	0
89982147	0	1	0
89992242	0	1	0
90019122	0	1	0
90030942	0	1	0
90039857	0	1	0
90056294	0	1	0
90070501	0	2	0
90107289	0	1	0
90109549	0	3	0
90115529	0	1	0
90171224	0	2	0
90184266	0	1	0
90187961	0	1	0
90190926	0	1	0
90228818	0	3	0
90260954	0	1	0
90325767	0	1	0
90327334	0	1	0
90347397	0	1	0
90381665	0	2	0
90409278	0	2	0
90420996	0	1	0
90431766	0	1	0
90468027	0	1	0
90478665	0	1	0
90487560	0	2	0
90489715	0	4	0
90490328	0	1	0
90498305	0	2	0
90504070	0	0	1
90509475	0	2	0
90516059	0	1	0
90516812	0	1	0
90588615	0	0	1
90596413	0	1	0
90612066	0	1	0
90639001	0	2	0
90708018	0	1	0
90789746	0	1	0
90817488	0	1	0
90829565	0	1	0
90867419	0	1	0
90885211	0	1	0
90907585	0	2	0
90926834	0	0	1
90937602	0	3	0
90965959	0	2	0
90966426	0	1	0
90971109	0	1	0
91023671	0	4	0
91024228	0	1	0
91032948	0	2	0
91039710	0	3	0
91089344	0	1	0
91108643	0	2	0
91130431	0	1	0
91134829	0	2	0
91155712	0	1	0
91163909	0	1	0
91175400	0	4	0
91205983	0	2	0
91206354	0	1	0
91233210	0	2	0
91241182	0	1	0
91242172	0	3	0
91269207	0	1	0
91273509	0	1	0
91302236	0	1	0
91307642	0	1	0
91335482	0	1	0
91355119	0	1	0
91391981	0	2	0
91470945	0	2	0
91486622	0	1	0
91529178	0	1	0
91540783	0	2	0
91547755	0	1	0
91554612	0	1	0
91565139	0	1	0
91571281	0	9	0
91589201	0	8	0
91632342	0	1	0
91633423	0	3	0
91708191	0	1	0
91719198	0	1	0
91768053	0	1	0
91802161	0	1	0
91833144	0	1	0
91991766	0	1	0
92019689	0	1	0
92039638	0	1	0
92086522	0	2	0
92093941	0	3	0
92150687	0	1	0
92170584	0	1	0
92194787	0	3	0
92204049	0	1	0
92233356	0	2	0
92243495	0	1	0
92245172	0	0	1
92287169	0	1	0
92333612	0	2	0
92336003	0	1	0
92353783	0	1	0
92365543	0	1	0
92401501	0	1	0
92407611	0	1	0
92439747	0	1	0
92445624	0	2	0
92445740	0	1	0
92483850	0	1	0
92558752	0	2	0
92559862	0	1	0
92561079	0	1	0
92562619	0	1	0
92567031	0	2	0
92585660	0	1	0
92587828	0	1	0
92588860	0	1	0
92621159	0	1	0
92625256	0	1	0
92625920	0	1	0
92659835	0	2	0
92683814	0	1	0
92684244	0	1	0
92709668	0	1	0
92709728	0	1	0
92709778	0	1	0
92724480	0	1	0
92734539	0	2	0
92760764	0	1	0
92769106	0	1	0
92776514	0	1	0
92788794	0	4	0
92821978	0	0	1
92822678	0	4	0
92830588	0	1	0
92844712	0	1	0
92868480	0	1	0
92936249	0	1	0
92953414	0	3	0
92970063	0	3	0
92979542	0	1	0
93025985	0	1	0
93033150	0	2	0
93036662	0	1	0
93080418	0	1	0
93107717	0	1	0
93111994	0	2	0
93143541	0	0	1
93172648	0	2	0
93179890	0	2	0
93186762	0	2	0
93187640	0	1	0
93205876	0	1	0
93209879	0	2	0
93211997	0	1	0
93257978	0	1	0
93271171	0	1	0
93275548	0	1	0
93313887	0	1	0
93377453	0	1	0
93379152	0	1	0
93477208	0	4	0
93480465	0	1	0
93489711	0	1	0
93544308	0	2	0
93559761	0	1	0
93561041	0	1	0
93567917	0	3	0
93594217	0	1	0
93602465	0	1	0
93617633	0	1	0
93678185	0	2	0
93685970	0	3	0
93752605	0	3	0
93819589	0	2	0
93901385	0	1	0
93937002	0	2	0
93942153	0	1	0
93943485	0	2	0
93964457	0	1	0
93966144	0	1	0
93990757	0	1	0
93992460	0	1	0
93996011	0	1	0
94005950	0	3	0
94016476	0	1	0
94048730	0	0	1
94055995	0	1	0
94093452	0	5	0
94098270	0	1	0
94106621	0	1	0
94137537	0	1	0
94141617	0	1	0
94147735	0	2	0
94153383	0	1	0
94170208	0	1	0
94180328	0	1	0
94241097	0	1	0
94243839	0	1	0
94251098	0	1	0
94253072	0	1	0
94269459	0	1	0
94323805	0	1	0
94332207	0	1	0
94368374	0	1	0
94373638	0	1	0
94396315	0	2	0
94409367	0	1	0
94449644	0	1	0
94456150	0	1	0
94460326	0	1	0
94590261	0	1	0
94607426	0	1	0
94612273	0	1	0
94614629	0	1	0
94615777	0	1	0
94654397	0	0	1
94665683	0	1	0
94687251	0	1	0
94736977	0	2	0
94745668	0	1	0
94756790	0	4	0
94775506	0	1	0
94808746	0	2	0
94869607	0	2	0
94870604	0	2	0
94897130	0	1	0
94909716	0	1	0
94916050	0	1	0
94918649	0	1	0
94923549	0	1	0
94937003	0	1	0
94941120	0	1	0
94944283	0	1	0
94948488	0	1	0
94969769	0	1	0
95062121	0	1	0
95087807	0	3	0
95093744	0	1	0
95101916	0	1	0
95110823	0	2	0
95188796	0	1	0
95203804	0	1	0
95217899	0	1	0
95280869	0	1	0
95285066	0	2	0
95286703	0	3	0
95309294	0	1	0
95316090	0	1	0
95330249	0	3	0
95332356	0	1	0
95353365	0	4	0
95366978	0	6	0
95368630	0	2	0
95382910	0	1	0
95433099	0	2	0
95524118	0	1	0
95537960	0	1	0
95543503	0	2	0
95546226	0	1	0
95666057	0	1	0
95670298	0	5	0
95670704	0	1	0
95725444	0	1	0
95730643	0	1	0
95765114	0	3	0
95782861	0	2	0
95847174	0	1	0
95858801	0	1	0
95867281	0	1	0
95883571	0	1	0
95974562	0	1	0
96015437	0	1	0
96026035	0	1	0
96096698	0	1	0
96099632	0	1	0
96100679	0	2	0
96106746	0	1	0
96113516	0	1	0
96121860	0	1	0
96170170	0	1	0
96177775	0	1	0
96184569	0	3	0
96198984	0	1	0
96211557	0	1	0
96211740	0	1	0
96235604	0	1	0
96239775	0	1	0
96243286	0	1	0
96263536	0	1	0
96286152	0	1	0
96303809	0	1	0
96363231	0	1	0
96390322	0	2	0
96402680	0	0	1
96421753	0	1	0
96449226	0	1	0
96459287	0	2	0
96476441	0	1	0
96521564	0	1	0
96541756	0	1	0
96547002	0	1	0
96551856	0	2	0
96554510	0	1	0
96554535	0	3	0
96567861	0	1	0
96572052	0	1	0
96621021	0	3	0
96696269	0	1	0
96742661	0	1	0
96766575	0	1	0
96774175	0	4	0
96868973	0	1	0
96961992	0	2	0
96970284	0	2	0
96978681	0	1	0
96990834	0	1	0
97003535	0	1	0
97018124	0	1	0
97047968	0	1	0
97111609	0	1	0
97144567	0	1	0
97150771	0	1	0
97170037	0	1	0
97177157	0	2	0
97200785	0	1	0
97224134	0	4	0
97331048	0	1	0
97364680	0	1	0
97401203	0	1	0
97419257	0	1	0
97464074	0	1	0
97480793	0	1	0
97526371	0	1	0
97526885	0	1	0
97566404	0	2	0
97592415	0	3	0
97644623	0	1	0
97645080	0	0	1
97694057	0	1	0
97707100	0	1	0
97742401	0	1	0
97760453	0	1	0
97817572	0	4	0
97823125	0	1	0
97841608	0	1	0
97888452	0	1	0
97898436	0	1	0
97907824	0	4	0
97914404	0	1	0
97921856	0	2	0
97961948	0	1	0
98021899	0	1	0
98055358	0	1	0
98062642	0	2	0
98074103	0	2	0
98081666	0	1	0
98124638	0	1	0
98132985	0	1	0
98163634	0	1	0
98165249	0	1	0
98202665	0	1	0
98206645	0	1	0
98221043	0	2	0
98279747	0	1	0
98283000	0	2	0
98298083	0	1	0
98318109	0	2	0
98341280	0	1	0
98342712	0	1	0
98348924	0	1	0
98365578	0	1	0
98368171	0	1	0
98421220	0	1	0
98442574	0	1	0
98443211	0	1	0
98518095	0	1	0
98528937	0	6	0
98620571	0	1	0
98693548	0	1	0
98695594	0	1	0
98784437	0	1	0
98864658	0	2	0
98865593	0	4	0
98871580	0	1	0
98886520	0	1	0
98898611	0	1	0
98899748	0	1	0
98902327	0	1	0
98902536	0	5	0
98902842	0	2	0
98934829	0	1	0
98962177	0	1	0
98968433	0	1	0
99035452	0	1	0
99036958	0	2	0
99069646	0	1	0
99070141	0	2	0
99086609	0	1	0
99105017	0	1	0
99110316	0	2	0
99111316	0	5	0
99114352	0	1	0
99118231	0	3	0
99143767	0	3	0
99156280	0	1	0
99219978	0	1	0
99262284	0	1	0
99269533	0	4	0
99281566	0	1	0
99366602	0	1	0
99389693	0	3	0
99389873	0	1	0
99397409	0	1	0
99401564	0	1	0
99415348	0	1	0
99424095	0	2	0
99433914	0	1	0
99449599	0	1	0
99469537	0	1	0
99509474	0	2	0
99514299	0	4	0
99522738	0	1	0
99528658	0	3	0
99564802	0	1	0
99609604	0	1	0
99622402	0	1	0
99656218	0	2	0
99658529	0	1	0
99713751	0	1	0
99716362	0	1	0
99722383	0	1	0
99734707	0	1	0
99767501	0	1	0
99836412	0	1	0
99841255	0	2	0
99859610	0	1	0
99867796	0	0	1
99875796	0	1	0
99876981	0	1	0
99883579	0	1	0
99950331	0	7	0
99981618	0	1	0
100025396	0	1	0
100038619	0	1	0
100097564	0	1	0
100111117	0	1	0
100127356	0	1	0
100145036	0	3	0
100175976	0	1	0
100184858	0	1	0
100193522	0	3	0
100217865	0	1	0
100310339	0	1	0
100318279	0	1	0
100344172	0	2	0
100426163	0	1	0
100427769	0	4	0
100444242	0	0	1
100461104	0	7	0
100467777	0	1	0
100491238	0	1	0
100522438	0	2	0
100536348	0	1	0
100537820	0	1	0
100552135	0	1	0
100568448	0	1	0
100588325	0	1	0
100694756	0	1	0
100705391	0	1	0
100750408	0	1	0
100791605	0	1	0
100792934	0	1	0
100824742	0	1	0
100859966	0	1	0
100864282	0	1	0
100868782	0	1	0
100882922	0	1	0
100895685	0	1	0
100897013	0	1	0
100919133	0	2	0
100958234	0	1	0
100960149	0	3	0
100961127	0	1	0
100988215	0	3	0
101031401	0	1	0
101050300	0	1	0
101052367	0	2	0
101069655	0	1	0
101073252	0	1	0
101103987	0	1	0
101125982	0	1	0
101147095	0	2	0
101219389	0	3	0
101230750	0	1	0
101237836	0	1	0
101242446	0	2	0
101296029	0	1	0
101300959	0	1	0
101318122	0	1	0
101320799	0	1	0
101340721	0	1	0
101344302	0	1	0
101345514	0	1	0
101388123	0	1	0
101389316	0	1	0
101424306	0	1	0
101444674	0	2	0
101458680	0	2	0
101464435	0	2	0
101477417	0	1	0
101483733	0	1	0
101511856	0	1	0
101512711	0	2	0
101562559	0	2	0
101581735	0	1	0
101611296	0	4	0
101623472	0	1	0
101706737	0	1	0
101722468	0	1	0
101825010	0	1	0
101825268	0	2	0
101829555	0	1	0
101836583	0	1	0
101840892	0	1	0
101863312	0	4	0
101921815	0	1	0
101945596	0	1	0
101961140	0	1	0
101961694	0	1	0
101976785	0	1	0
102010670	0	1	0
102014065	0	1	0
102018848	0	2	0
102026762	0	2	0
102030686	0	1	0
102104071	0	1	0
102114704	0	1	0
102121718	0	3	0
102190256	0	1	0
102224754	0	2	0
102297555	0	1	0
102301272	0	1	0
102331252	0	3	0
102429464	0	2	0
102470994	0	1	0
102508083	0	1	0
102523461	0	4	0
102531450	0	1	0
102538413	0	1	0
102552156	0	1	0
102577353	0	2	0
102597446	0	1	0
102602355	0	3	0
102606531	0	1	0
102678615	0	1	0
102683641	0	0	1
102683731	0	0	1
102692817	0	1	0
102742420	0	1	0
102792183	0	1	0
102799929	0	1	0
102817618	0	0	1
102817725	0	0	1
102818033	0	2	0
102818114	0	1	0
102824812	0	2	0
102835802	0	1	0
102861727	0	1	0
102899786	0	4	0
102903944	0	1	0
102930071	0	2	0
102964236	0	2	0
102998197	0	3	0
103005523	0	2	0
103010115	0	4	0
103033879	0	1	0
103049841	0	1	0
103061746	0	1	0
103094603	0	1	0
103094639	0	1	0
103138129	0	1	0
103142566	0	0	1
103168309	0	2	0
103168748	0	1	0
103201614	0	1	0
103209742	0	2	0
103212116	0	1	0
103345255	0	1	0
103363070	0	2	0
103395230	0	1	0
103433548	0	2	0
103451638	0	1	0
103480480	0	1	0
103522639	0	1	0
103542837	0	3	0
103547877	0	1	0
103680135	0	1	0
103750168	0	1	0
103754935	0	1	0
103771201	0	2	0
103791444	0	1	0
103794192	0	1	0
103798068	0	4	0
103831209	0	1	0
103852895	0	2	0
103853267	0	1	0
103859676	0	4	0
103870405	0	1	0
103872900	0	1	0
103872997	0	1	0
103874748	0	1	0
103887581	0	1	0
103891975	0	1	0
103899041	0	1	0
103921465	0	10	0
103959533	0	1	0
103965351	0	1	0
103972943	0	7	0
103989117	0	1	0
104025244	0	1	0
104038422	0	1	0
104049910	0	1	0
104137479	0	2	0
104142296	0	2	0
104151950	0	1	0
104153257	0	1	0
104188887	0	1	0
104278534	0	2	0
104324336	0	1	0
104359318	0	1	0
104451758	0	2	0
104453825	0	1	0
104454743	0	1	0
104486357	0	1	0
104490160	0	1	0
104518982	0	1	0
104538984	0	3	0
104541634	0	3	0
104553189	0	1	0
104560163	0	1	0
104561586	0	1	0
104614600	0	7	0
104624306	0	2	0
104666480	0	1	0
104700519	0	1	0
104728853	0	4	0
104743959	0	1	0
104761669	0	1	0
104795744	0	1	0
104814775	0	1	0
104826481	0	1	0
104852820	0	6	0
104971255	0	1	0
104974763	0	1	0
104979347	0	2	0
104991178	0	1	0
105024098	0	1	0
105074734	0	1	0
105125267	0	1	0
105132747	0	1	0
105156559	0	2	0
105176434	0	1	0
105180382	0	1	0
105202511	0	1	0
105253657	0	1	0
105277641	0	1	0
105285297	0	2	0
105289538	0	1	0
105383471	0	2	0
105405973	0	1	0
105409924	0	1	0
105421871	0	3	0
105431156	0	1	0
105484082	0	1	0
105561817	0	1	0
105573295	0	1	0
105620459	0	1	0
105627561	0	1	0
105637721	0	1	0
105674683	0	1	0
105677039	0	1	0
105730446	0	1	0
105731206	0	3	0
105740776	0	2	0
105785976	0	1	0
105807915	0	1	0
105849344	0	3	0
105866549	0	1	0
105874977	0	2	0
105891586	0	1	0
105906889	0	1	0
105914349	0	2	0
105929084	0	1	0
105954457	0	1	0
105972585	0	1	0
106006066	0	1	0
106079501	0	1	0
106131941	0	2	0
106141637	0	4	0
106179173	0	2	0
106183973	0	1	0
106209946	0	1	0
106215014	0	1	0
106217765	0	1	0
106291422	0	2	0
106329336	0	1	0
106358720	0	2	0
106376227	0	1	0
106389791	0	1	0
106390315	0	1	0
106411544	0	2	0
106417231	0	1	0
106484233	0	1	0
106491213	0	2	0
106530616	0	3	0
106536586	0	1	0
106600573	0	1	0
106603356	0	1	0
106615200	0	1	0
106623991	0	1	0
106664094	0	1	0
106679866	0	2	0
106752027	0	1	0
106803597	0	2	0
106894968	0	2	0
106897391	0	1	0
106897853	0	1	0
106943366	0	2	0
106966727	0	3	0
106973655	0	1	0
107004843	0	1	0
107013568	0	1	0
107022799	0	1	0
107022932	0	1	0
107064211	0	2	0
107106874	0	1	0
107125486	0	1	0
107127806	0	1	0
107145915	0	1	0
107150614	0	1	0
107164360	0	1	0
107172131	0	4	0
107173264	0	5	0
107186336	0	1	0
107257848	0	2	0
107317213	0	1	0
107398004	0	1	0
107422204	0	1	0
107443419	0	1	0
107473361	0	2	0
107527974	0	1	0
107562488	0	1	0
107588890	0	3	0
107605099	0	1	0
107611426	0	2	0
107657094	0	1	0
107701002	0	1	0
107804697	0	1	0
107865951	0	3	0
107883799	0	1	0
107890208	0	1	0
107927581	0	2	0
107929752	0	3	0
107962177	0	2	0
107965264	0	3	0
107982173	0	1	0
108006180	0	2	0
108019289	0	1	0
108024617	0	1	0
108045624	0	1	0
108075463	0	1	0
108095445	0	1	0
108140806	0	1	0
108155802	0	1	0
108156227	0	4	0
108174899	0	1	0
108177207	0	2	0
108253836	0	1	0
108282216	0	1	0
108306244	0	1	0
108312248	0	1	0
108327740	0	1	0
108330433	0	1	0
108378694	0	1	0
108409690	0	1	0
108417980	0	1	0
108468892	0	1	0
108492288	0	3	0
108584586	0	1	0
108614396	0	1	0
108673310	0	1	0
108703017	0	1	0
108729041	0	2	0
108750565	0	1	0
108773816	0	2	0
108802894	0	2	0
108822866	0	1	0
108833618	0	1	0
108834505	0	1	0
108834520	0	1	0
108896177	0	1	0
108919944	0	3	0
108940389	0	1	0
108992372	0	1	0
109012411	0	2	0
109059219	0	1	0
109081406	0	1	0
109090860	0	1	0
109207284	0	1	0
109229450	0	1	0
109241576	0	1	0
109248553	0	1	0
109253347	0	2	0
109260128	0	1	0
109273311	0	1	0
109288003	0	5	0
109338862	0	1	0
109355611	0	1	0
109361986	0	1	0
109397316	0	1	0
109450287	0	1	0
109541861	0	1	0
109610452	0	1	0
109633675	0	1	0
109646205	0	2	0
109663922	0	1	0
109671134	0	2	0
109707893	0	2	0
109789421	0	2	0
109790185	0	1	0
109831098	0	3	0
109836892	0	1	0
109847340	0	1	0
109971083	0	6	0
109971551	0	3	0
109971961	0	3	0
110016575	0	1	0
110017321	0	3	0
110129566	0	1	0
110131054	0	1	0
110178382	0	1	0
110247328	0	1	0
110281042	0	6	0
110295137	0	1	0
110305175	0	1	0
110321595	0	1	0
110322407	0	2	0
110324304	0	1	0
110326460	0	2	0
110359496	0	1	0
110379175	0	1	0
110444183	0	1	0
110452041	0	1	0
110503174	0	4	0
110646119	0	2	0
110646187	0	1	0
110662790	0	1	0
110699760	0	2	0
110770011	0	1	0
110773908	0	2	0
110805608	0	1	0
110819900	0	2	0
110843427	0	6	0
110870386	0	1	0
110890621	0	1	0
110903231	0	1	0
110916037	0	2	0
110952714	0	1	0
110981939	0	1	0
111035712	0	1	0
111048481	0	1	0
111062561	0	1	0
111125038	0	1	0
111127364	0	2	0
111135300	0	1	0
111190994	0	1	0
111205291	0	1	0
111233017	0	1	0
111235714	0	1	0
111266204	0	2	0
111316727	0	3	0
111407744	0	1	0
111482321	0	6	0
111496910	0	9	0
111532500	0	3	0
111532504	0	1	0
111532597	0	1	0
111532612	0	1	0
111532618	0	1	0
111532694	0	1	0
111532700	0	1	0
111571424	0	1	0
111615994	0	3	0
111728791	0	1	0
111752316	0	1	0
111788089	0	1	0
111807466	0	3	0
111847718	0	3	0
111889376	0	2	0
111939898	0	1	0
111949063	0	1	0
111958576	0	1	0
111976658	0	1	0
111983430	0	1	0
111994731	0	1	0
111994906	0	1	0
111995205	0	1	0
112005561	0	2	0
112019944	0	1	0
112035490	0	2	0
112047513	0	1	0
112158862	0	2	0
112175701	0	1	0
112177751	0	1	0
112217932	0	2	0
112239342	0	0	1
112270463	0	1	0
112291688	0	1	0
112309897	0	1	0
112331306	0	2	0
112382900	0	1	0
112395173	0	1	0
112422734	0	1	0
112505345	0	2	0
112541107	0	1	0
112576710	0	0	1
112576746	0	0	1
112620150	0	2	0
112625817	0	1	0
112645006	0	1	0
112825006	0	1	0
112842063	0	1	0
112852521	0	6	0
112854889	0	1	0
112859144	0	1	0
112982238	0	6	0
113024769	0	2	0
113054033	0	1	0
113079824	0	3	0
113089540	0	1	0
113113535	0	1	0
113158687	0	1	0
113209234	0	1	0
113229264	0	1	0
113262941	0	4	0
113267708	0	1	0
113295114	0	1	0
113390004	0	1	0
113435077	0	1	0
113468679	0	1	0
113494910	0	1	0
113535528	0	1	0
113538285	0	1	0
113571408	0	1	0
113579147	0	1	0
113591040	0	4	0
113595296	0	3	0
113603896	0	1	0
113630137	0	1	0
113631586	0	1	0
113632484	0	2	0
113649170	0	1	0
113843563	0	2	0
113873266	0	1	0
113874817	0	1	0
113874843	0	1	0
113874890	0	1	0
113874904	0	1	0
113887211	0	1	0
113921631	0	1	0
113988631	0	1	0
114064099	0	2	0
114142813	0	2	0
114157056	0	2	0
114244920	0	1	0
114246419	0	1	0
114257602	0	2	0
114299075	0	2	0
114314074	0	1	0
114332756	0	1	0
114381529	0	1	0
114382513	0	1	0
114482941	0	1	0
114530346	0	1	0
114550858	0	1	0
114558343	0	2	0
114562644	0	2	0
114566204	0	1	0
114593427	0	1	0
114710781	0	1	0
114731186	0	1	0
114849770	0	1	0
114867329	0	2	0
114894596	0	1	0
114996028	0	1	0
115013430	0	1	0
115039139	0	3	0
115042887	0	1	0
115042924	0	1	0
115042975	0	2	0
115042989	0	1	0
115042994	0	2	0
115043006	0	1	0
115043816	0	1	0
115067040	0	6	0
115073966	0	1	0
115079247	0	2	0
115122071	0	2	0
115153694	0	1	0
115179793	0	1	0
115221255	0	2	0
115273693	0	1	0
115305472	0	1	0
115313242	0	1	0
115365946	0	1	0
115382805	0	2	0
115420198	0	4	0
115445168	0	1	0
115483627	0	2	0
115511038	0	1	0
115514616	0	5	0
115521161	0	2	0
115526513	0	1	0
115554020	0	2	0
115568849	0	2	0
115577371	0	3	0
115663235	0	2	0
115667654	0	2	0
115698009	0	1	0
115702584	0	3	0
115713524	0	1	0
115789235	0	2	0
115806322	0	1	0
115817231	0	1	0
115885469	0	3	0
115898535	0	1	0
115931468	0	1	0
115942487	0	13	0
115946292	0	2	0
115978956	0	2	0
116033325	0	2	0
116056484	0	3	0
116075814	0	1	0
116085445	0	5	0
116088564	0	1	0
116155059	0	1	0
116205959	0	2	0
116301702	0	1	0
116316878	0	1	0
116353708	0	1	0
116366648	0	1	0
116417736	0	1	0
116419066	0	1	0
116475897	0	1	0
116532073	0	1	0
116542996	0	1	0
116582145	0	5	0
116701191	0	2	0
116719838	0	1	0
116750704	0	1	0
116760029	0	2	0
116775644	0	4	0
116792535	0	1	0
116811051	0	1	0
116819601	0	1	0
116852134	0	1	0
116869614	0	1	0
117024721	0	2	0
117038430	0	1	0
117047381	0	1	0
117047862	0	5	0
117052814	0	1	0
117057282	0	1	0
117102949	0	2	0
117113000	0	2	0
117184988	0	1	0
117188189	0	1	0
117306393	0	1	0
117310257	0	1	0
117336908	0	1	0
117389095	0	0	1
117504030	0	3	0
117644258	0	3	0
117646948	0	1	0
117658233	0	1	0
117674692	0	1	0
117722171	0	1	0
117740893	0	1	0
117795339	0	2	0
117808270	0	1	0
117932099	0	1	0
117975631	0	1	0
117999680	0	1	0
118089175	0	2	0
118159186	0	1	0
118166800	0	2	0
118183781	0	1	0
118210711	0	1	0
118288269	0	1	0
118320741	0	1	0
118356841	0	1	0
118435834	0	2	0
118481771	0	1	0
118484831	0	5	0
118507041	0	1	0
118512986	0	0	1
118598919	0	2	0
118783768	0	1	0
118862270	0	2	0
118865905	0	1	0
118885015	0	1	0
118963896	0	1	0
119033050	0	1	0
119057703	0	1	0
119063200	0	1	0
119068937	0	3	0
119069749	0	1	0
119072855	0	1	0
119092656	0	1	0
119116412	0	1	0
119127780	0	1	0
119139835	0	1	0
119168960	0	1	0
119175017	0	1	0
119209906	0	0	1
119239659	0	1	0
119288660	0	1	0
119382763	0	1	0
119409907	0	0	1
119424343	0	1	0
119752632	0	1	0
119772043	0	1	0
119773429	0	5	0
119775522	0	2	0
119778922	0	6	0
119782542	0	1	0
119786341	0	1	0
119843535	0	2	0
119862385	0	2	0
119881829	0	1	0
119892825	0	1	0
119949487	0	1	0
119965443	0	1	0
119999437	0	4	0
120125361	0	1	0
120156005	0	1	0
120246502	0	1	0
120492514	0	1	0
120503918	0	2	0
120505534	0	2	0
120559345	0	3	0
120795370	0	1	0
120858949	0	0	1
120910979	0	2	0
120925202	0	1	0
120965731	0	1	0
121042658	0	0	1
121113503	0	1	0
121243085	0	2	0
121277315	0	1	0
121379331	0	1	0
121386286	0	2	0
121436231	0	1	0
121470124	0	1	0
121649122	0	2	0
121651904	0	2	0
121656406	0	1	0
121730570	0	1	0
121733899	0	1	0
121822698	0	1	0
121848866	0	1	0
121866984	0	1	0
121873971	0	1	0
121895480	0	1	0
121904458	0	1	0
121942475	0	2	0
122035782	0	1	0
122076631	0	1	0
122083562	0	1	0
122219580	0	1	0
122294495	0	1	0
122297381	0	1	0
122349545	0	2	0
122424099	0	1	0
122448935	0	1	0
122592696	0	3	0
122734158	0	1	0
122744282	0	2	0
122746822	0	1	0
122768676	0	1	0
122842552	0	4	0
122915768	0	1	0
122924890	0	1	0
122943113	0	1	0
122981193	0	0	1
123128156	0	4	0
123131558	0	1	0
123140700	0	1	0
123152383	0	1	0
123172848	0	1	0
123205613	0	1	0
123252807	0	1	0
123295120	0	1	0
123359752	0	6	0
123482346	0	3	0
123509761	0	1	0
123556273	0	1	0
123567120	0	1	0
123605323	0	1	0
123657493	0	1	0
123836398	0	1	0
123838142	0	4	0
123856919	0	1	0
123999985	0	1	0
124049405	0	1	0
124184459	0	1	0
124204679	0	2	0
124233915	0	1	0
124293290	0	1	0
124318721	0	3	0
124487336	0	1	0
124669465	0	3	0
124716927	0	2	0
124860633	0	1	0
124886338	0	1	0
124899802	0	1	0
124996174	0	1	0
125011211	0	1	0
125011388	0	1	0
125011421	0	2	0
125018053	0	3	0
125174387	0	1	0
125321219	0	6	0
125378784	0	1	0
125383858	0	3	0
125649820	0	1	0
125887098	0	1	0
125920895	0	1	0
125938866	0	2	0
125940814	0	1	0
126250147	0	1	0
126382576	0	2	0
126412676	0	2	0
126419297	0	4	0
126435644	0	1	0
126575900	0	1	0
126578636	0	1	0
126617268	0	2	0
126645868	0	1	0
126697995	0	1	0
126730004	0	2	0
126732236	0	1	0
126738832	0	1	0
126808038	0	1	0
126825752	0	1	0
126908887	0	2	0
127198201	0	0	1
127238174	0	1	0
127312166	0	1	0
127394755	0	1	0
127405887	0	1	0
127415928	0	1	0
127573030	0	2	0
127692686	0	2	0
127866625	0	1	0
127868145	0	2	0
128072392	0	4	0
128094959	0	1	0
128125674	0	1	0
128155543	0	1	0
128160451	0	1	0
128234828	0	1	0
128319744	0	1	0
128360860	0	1	0
128439668	0	1	0
128490162	0	1	0
128512147	0	3	0
128514168	0	2	0
128557669	0	1	0
128579250	0	1	0
128612127	0	2	0
128617660	0	1	0
128663583	0	2	0
128773896	0	1	0
128775725	0	3	0
128937550	0	1	0
128947188	0	0	1
129038327	0	2	0
129147152	0	2	0
129251666	0	1	0
129425905	0	1	0
129475143	0	1	0
129504636	0	1	0
129582713	0	2	0
129774224	0	1	0
129871956	0	1	0
129938301	0	1	0
130015526	0	2	0
130059496	0	2	0
130088888	0	1	0
130249470	0	1	0
130270083	0	1	0
130271782	0	3	0
130281085	0	1	0
130306083	0	1	0
130355595	0	1	0
130372264	0	2	0
130695251	0	4	0
130956702	0	1	0
131147648	0	1	0
131164048	0	1	0
131189179	0	5	0
131350398	0	1	0
131358899	0	1	0
131384744	0	1	0
131453923	0	1	0
131541984	0	1	0
131571822	0	1	0
131647917	0	1	0
131685953	0	1	0
131709786	0	2	0
131742653	0	1	0
131760466	0	1	0
131964529	0	1	0
132070596	0	1	0
132132651	0	1	0
132167398	0	1	0
132201661	0	1	0
132252651	0	2	0
132331658	0	8	0
132368475	0	2	0
132607325	0	1	0
132694212	0	1	0
132885180	0	0	1
132928411	0	1	0
132932631	0	3	0
133088051	0	1	0
133248850	0	1	0
133249097	0	1	0
133352548	0	1	0
133437960	0	1	0
133486981	0	1	0
133549348	0	1	0
133560690	0	6	0
133681619	0	8	0
133755586	0	2	0
133827737	0	1	0
133923256	0	1	0
133977316	0	1	0
134145925	0	1	0
134249797	0	1	0
134256137	0	3	0
134457677	0	1	0
134465537	0	1	0
134539919	0	1	0
134578467	0	1	0
134712997	0	3	0
134736842	0	1	0
134858371	0	4	0
134950762	0	2	0
134958284	0	1	0
135123546	0	1	0
135303247	0	1	0
135374693	0	3	0
135394838	0	1	0
135453322	0	1	0
135459084	0	3	0
135569918	0	1	0
135650554	0	7	0
135696869	0	2	0
135864375	0	1	0
136221922	0	1	0
136358934	0	1	0
136358937	0	1	0
136358942	0	3	0
136358967	0	1	0
136358983	0	3	0
136358984	0	2	0
136358994	0	1	0
136359005	0	1	0
136359029	0	2	0
136359036	0	1	0
136359048	0	1	0
136359057	0	1	0
136359064	0	1	0
136359080	0	1	0
136359087	0	1	0
136360922	0	1	0
136370630	0	1	0
136370634	0	2	0
136370640	0	1	0
136632596	0	2	0
136649377	0	1	0
136654585	0	1	0
136668729	0	2	0
136733253	0	3	0
136852858	0	1	0
136960246	0	1	0
136992225	0	3	0
137191094	0	3	0
137248866	0	1	0
137469664	0	2	0
137563942	0	1	0
137569946	0	1	0
137808975	0	1	0
137846005	0	2	0
138274755	0	2	0
138370838	0	1	0
138767693	0	2	0
138822022	0	1	0
138952518	0	1	0
138986804	0	1	0
139038258	0	1	0
139087200	0	1	0
139182310	0	1	0
139298155	0	1	0
139323242	0	1	0
139450539	0	3	0
139482780	0	1	0
139483117	0	1	0
139565058	0	1	0
139720197	0	2	0
139804802	0	1	0
139821545	0	1	0
139824232	0	2	0
139939401	0	1	0
140304730	0	2	0
140589211	0	1	0
140708572	0	1	0
140855713	0	1	0
140921296	0	1	0
141082211	0	3	0
141124547	0	3	0
141159392	0	2	0
141404386	0	1	0
141423140	0	2	0
141492808	0	1	0
141557678	0	1	0
141705701	0	4	0
142014364	0	2	0
142121482	0	2	0
142195781	0	1	0
142351131	0	1	0
142430097	0	1	0
142579611	0	1	0
142582388	0	1	0
142621073	0	1	0
142721791	0	2	0
142824197	0	0	1
142862331	0	1	0
142924029	0	2	0
142933723	0	1	0
143119811	0	1	0
143166241	0	1	0
143272554	0	2	0
143471547	0	1	0
144121689	0	2	0
144149301	0	1	0
144224581	0	1	0
144268112	0	1	0
144491982	0	2	0
144646222	0	1	0
144663867	0	4	0
144681074	0	1	0
144750120	0	1	0
144798666	0	1	0
145106836	0	2	0
145221315	0	1	0
145573933	0	1	0
145589586	0	1	0
145611840	0	2	0
145707556	0	1	0
145795342	0	1	0
145874427	0	3	0
146063564	0	3	0
146475619	0	1	0
146500222	0	1	0
146666406	0	1	0
146832361	0	1	0
146918392	0	0	1
146935330	0	2	0
146996803	0	2	0
147334916	0	1	0
147356755	0	1	0
147384167	0	2	0
147425371	0	1	0
147872375	0	2	0
147882880	0	1	0
148855425	0	1	0
149202385	0	2	0
149368816	0	1	0
149382263	0	4	0
149428210	0	1	0
149497348	0	1	0
149605836	0	1	0
149613798	0	5	0
149622960	0	1	0
149884825	0	2	0
149890564	0	1	0
149893464	0	3	0
149974532	0	3	0
150330911	0	3	0
150505960	0	1	0
150820789	0	1	0
150976168	0	1	0
151049621	0	1	0
151107319	0	1	0
151305860	0	2	0
151324772	0	1	0
151646225	0	2	0
151646228	0	6	0
151646239	0	1	0
151646262	0	2	0
151646272	0	1	0
151646273	0	4	0
151646275	0	5	0
151646279	0	1	0
151646290	0	4	0
151646302	0	3	0
151783646	0	4	0
151851264	0	1	0
152127421	0	1	0
152297041	0	1	0
152522817	0	1	0
152867662	0	1	0
152904205	0	1	0
153311481	0	1	0
153389307	0	1	0
153520302	0	2	0
154098805	0	1	0
154228203	0	1	0
154271884	0	1	0
154375566	0	1	0
154476359	0	5	0
154840047	0	1	0
154885870	0	1	0
155865313	0	2	0
156017668	0	1	0
156178437	0	4	0
156348729	0	2	0
156670967	0	1	0
156879558	0	2	0
157165078	0	1	0
157358980	0	4	0
157359048	0	1	0
157455293	0	2	0
157785682	0	3	0
158794514	0	3	0
158994682	0	1	0
159008573	0	2	0
159088153	0	1	0
159304103	0	1	0
159332539	0	1	0
159739255	0	2	0
159942270	0	1	0
160040016	0	1	0
160135186	0	0	1
160148485	0	1	0
160429499	0	1	0
160457971	0	0	1
160472372	0	3	0
161054529	0	1	0
161354055	0	1	0
161454401	0	1	0
161530206	0	2	0
162064109	0	6	0
162440844	0	1	0
162856894	0	1	0
163841051	0	1	0
164561766	0	4	0
165203793	0	3	0
166032708	0	1	0
166817188	0	1	0
168561928	0	1	0
168825544	0	1	0
169344060	0	1	0
169648398	0	1	0
170392263	0	1	0
170563249	0	1	0
170908064	0	1	0
172185528	0	1	0
172300149	0	1	0
172831598	0	1	0
174566865	0	1	0
175368486	0	2	0
178222190	0	2	0
178963704	0	1	0
179975436	0	1	0
181197279	0	3	0
182629116	0	1	0

