## htsjdk.samtools.metrics.StringHeader
# CollectInsertSizeMetrics --Histogram_FILE /dev/null --MINIMUM_PCT 0.0 --INCLUDE_DUPLICATES true --INPUT 260629_Emseq_LV_index_B2_Bap1_Math1_adult_mut_M2_S6.good_mapq --OUTPUT 260629_Emseq_LV_index_B2_Bap1_Math1_adult_mut_M2_S6.good_mapq.insert_size_metrics.txt --VALIDATION_STRINGENCY SILENT --DEVIATIONS 10.0 --METRIC_ACCUMULATION_LEVEL ALL_READS --ASSUME_SORTED true --STOP_AFTER 0 --VERBOSITY INFO --QUIET false --COMPRESSION_LEVEL 5 --MAX_RECORDS_IN_RAM 500000 --CREATE_INDEX false --CREATE_MD5_FILE false --help false --version false --showHidden false --USE_JDK_DEFLATER false --USE_JDK_INFLATER false
## htsjdk.samtools.metrics.StringHeader
# Started on: Thu Jul 30 04:31:26 PDT 2026

## METRICS CLASS	picard.analysis.InsertSizeMetrics
MEDIAN_INSERT_SIZE	MODE_INSERT_SIZE	MEDIAN_ABSOLUTE_DEVIATION	MIN_INSERT_SIZE	MAX_INSERT_SIZE	MEAN_INSERT_SIZE	STANDARD_DEVIATION	READ_PAIRS	PAIR_ORIENTATION	WIDTH_OF_10_PERCENT	WIDTH_OF_20_PERCENT	WIDTH_OF_30_PERCENT	WIDTH_OF_40_PERCENT	WIDTH_OF_50_PERCENT	WIDTH_OF_60_PERCENT	WIDTH_OF_70_PERCENT	WIDTH_OF_80_PERCENT	WIDTH_OF_90_PERCENT	WIDTH_OF_95_PERCENT	WIDTH_OF_99_PERCENT	SAMPLE	LIBRARY	READ_GROUP
204	174	46	2	184591767	219.634084	77.990546	1444603756	FR	19	37	55	73	93	115	141	177	251	339	511			
17389269	16064	17373284	2	184703187	31214010.060568	36733891.763557	18921	RF	11293581	22400855	31834333	34746323	34746569	34777625	52301397	89136579	138089663	180072671	245504621			
40485593.5	108853787	26184653.5	363778	184094083	47796984.1875	36555124.033107	336	TANDEM	11356819	25343459	36260357	44680089	52292097	62831805	69612639	78557119	119569003	148075653	203562083			

## HISTOGRAM	java.lang.Integer
insert_size	All_Reads.fr_count	All_Reads.rf_count	All_Reads.tandem_count
2	11671	3	0
3	12289	4	0
4	13259	8	0
5	13871	6	0
6	14786	10	0
7	15450	8	0
8	16664	3	0
9	17808	2	0
10	18858	7	0
11	19842	6	0
12	21044	2	0
13	21861	4	0
14	23463	5	0
15	24833	2	0
16	24538	1	0
17	25841	1	0
18	26485	4	0
19	27443	1	0
20	28823	0	0
21	29280	1	0
22	30677	0	0
23	31392	2	0
24	32502	1	0
25	33535	0	0
26	34959	9	0
27	35558	6	0
28	37178	2	0
29	38195	1	0
30	39256	1	0
31	39762	1	0
32	40966	0	0
33	41046	2	0
34	42530	0	0
35	43609	1	0
36	44206	2	0
37	44303	2	0
38	17975	3	0
39	15428	5	0
40	15720	1	0
41	16389	2	0
42	17923	0	0
43	19626	3	0
44	21619	1	0
45	23591	6	0
46	25307	3	0
47	27131	0	0
48	29361	1	0
49	31834	4	0
50	32457	3	0
51	34855	2	0
52	35730	2	0
53	37160	1	0
54	39281	3	0
55	40055	7	0
56	41383	0	0
57	42957	2	0
58	47405	2	0
59	50022	3	0
60	52847	9	0
61	54754	6	0
62	56518	1	0
63	62090	1	0
64	64762	5	0
65	69197	3	0
66	73362	1	0
67	80293	1	0
68	86481	3	0
69	91482	2	0
70	100435	1	0
71	108066	3	0
72	117404	3	0
73	126956	0	0
74	138862	3	0
75	154700	3	0
76	166443	4	0
77	182783	1	0
78	199176	2	0
79	219315	0	0
80	243106	1	0
81	264509	4	0
82	291374	2	0
83	319814	2	0
84	350947	4	0
85	386573	1	0
86	422058	1	0
87	459284	0	0
88	502338	2	0
89	547544	0	0
90	597066	1	0
91	648883	0	0
92	703953	3	0
93	764644	0	0
94	826930	1	0
95	890961	2	0
96	964270	0	0
97	1036411	0	0
98	1117853	1	0
99	1197148	0	0
100	1285947	0	0
101	1375450	2	0
102	1470266	0	0
103	1568712	1	0
104	1671501	0	0
105	1781201	0	0
106	1891512	0	0
107	2003890	8	0
108	2116947	0	0
109	2243501	1	0
110	2362396	2	0
111	2490601	0	0
112	2619781	1	0
113	2755023	0	0
114	2890188	0	0
115	3027900	0	0
116	3165637	1	0
117	3309872	1	0
118	3456131	2	0
119	3604432	2	0
120	3751602	0	0
121	3904805	2	0
122	4058314	1	0
123	4216344	0	0
124	4367563	3	0
125	4519900	1	0
126	4683601	0	0
127	4838718	1	0
128	4994254	0	0
129	5145431	2	0
130	5304550	0	0
131	5455373	2	0
132	5614994	0	0
133	5775253	1	0
134	5928869	0	0
135	6091188	1	0
136	6242136	0	0
137	6399533	0	0
138	6544158	0	0
139	6681893	0	0
140	6827865	3	0
141	6964847	0	0
142	7104658	1	0
143	7240044	1	0
144	7372775	0	0
145	7499269	0	0
146	7622818	0	0
147	7744640	2	0
148	7862749	1	0
149	7973119	0	0
150	8074018	1	0
151	8188202	1	0
152	8281955	0	0
153	8361930	1	0
154	8438328	0	0
155	8510949	0	0
156	8571173	0	0
157	8639590	0	0
158	8703834	1	0
159	8769921	0	0
160	8824907	0	0
161	8873392	2	0
162	8926825	0	0
163	8972096	2	0
164	9015855	0	0
165	9047748	1	0
166	9082805	0	0
167	9101649	0	0
168	9127434	1	0
169	9146804	6	0
170	9160469	0	0
171	9174871	1	0
172	9185461	2	0
173	9184482	0	0
174	9196705	1	0
175	9186903	2	0
176	9192504	0	0
177	9181885	5	0
178	9167496	2	0
179	9156521	1	0
180	9136721	0	0
181	9109200	8	0
182	9098244	0	0
183	9064092	0	0
184	9037368	6	0
185	9010618	0	0
186	8973644	0	0
187	8945693	3	0
188	8908212	1	0
189	8868966	0	0
190	8829163	3	0
191	8780830	2	0
192	8738964	1	0
193	8696231	3	0
194	8649071	0	0
195	8591840	0	0
196	8547335	0	0
197	8494301	1	0
198	8443204	1	0
199	8391631	3	0
200	8334709	2	0
201	8285890	3	0
202	8225161	1	0
203	8162511	3	0
204	8109804	0	0
205	8050197	0	0
206	7992855	1	0
207	7929677	0	0
208	7865882	0	0
209	7814173	0	0
210	7744427	0	0
211	7694928	0	0
212	7634731	0	0
213	7572225	0	0
214	7510095	0	0
215	7445204	1	0
216	7386509	0	0
217	7330463	3	0
218	7269160	2	0
219	7213132	1	0
220	7142817	0	0
221	7085778	3	0
222	7025212	0	0
223	6960166	8	0
224	6889705	5	0
225	6838130	0	0
226	6771287	0	0
227	6718397	0	0
228	6660999	0	0
229	6592705	5	0
230	6535825	1	0
231	6486166	2	0
232	6417214	0	0
233	6357865	6	0
234	6304980	2	0
235	6231927	1	0
236	6138863	0	0
237	6083584	0	0
238	6024648	0	0
239	5975240	1	0
240	5906322	1	0
241	5852859	2	0
242	5789109	8	0
243	5731453	1	0
244	5669683	3	0
245	5615372	5	0
246	5560447	2	0
247	5496572	1	0
248	5438465	0	0
249	5388433	1	0
250	5319584	0	0
251	5266358	1	0
252	5214068	2	0
253	5149858	7	0
254	5100850	4	0
255	5033659	0	0
256	4976700	1	0
257	4928904	3	0
258	4866830	0	0
259	4811103	0	0
260	4760068	1	0
261	4709271	1	0
262	4654356	3	0
263	4594592	0	0
264	4541512	0	0
265	4493665	0	0
266	4436965	1	0
267	4384346	0	0
268	4342307	0	0
269	4291404	4	0
270	4233442	0	0
271	4183110	2	0
272	4076807	0	0
273	4019945	0	0
274	3968820	3	0
275	3927648	2	0
276	3881749	1	0
277	3836867	4	0
278	3788524	0	0
279	3750340	0	0
280	3702258	0	0
281	3663693	0	0
282	3620268	0	0
283	3581213	0	0
284	3539016	0	0
285	3493528	0	0
286	3460407	5	0
287	3416467	0	0
288	3373593	0	0
289	3338876	1	0
290	3302443	2	0
291	3253891	3	0
292	3220934	1	0
293	3181209	3	0
294	3145882	0	0
295	3107408	1	0
296	3076472	1	0
297	3035551	1	0
298	2997449	0	0
299	2965923	2	0
300	2923130	2	0
301	2890757	3	0
302	2858994	2	0
303	2825774	5	0
304	2790620	3	0
305	2758561	1	0
306	2723898	0	0
307	2693477	0	0
308	2662051	3	0
309	2631394	0	0
310	2595976	1	0
311	2567492	1	0
312	2536224	0	0
313	2500777	0	0
314	2476074	1	0
315	2444515	0	0
316	2414004	0	0
317	2384531	1	0
318	2359650	1	0
319	2327868	2	0
320	2297734	6	0
321	2271017	0	0
322	2244078	1	0
323	2216491	0	0
324	2189856	4	0
325	2165612	2	0
326	2143678	3	0
327	2118796	0	0
328	2084385	1	0
329	2063368	1	0
330	2035952	0	0
331	2011688	2	0
332	1987832	3	0
333	1963478	0	0
334	1942243	1	0
335	1917842	1	0
336	1892203	5	0
337	1867433	0	0
338	1848026	3	0
339	1820491	0	0
340	1801694	7	0
341	1780666	1	0
342	1758483	0	0
343	1736877	0	0
344	1716664	2	0
345	1691461	0	0
346	1673638	0	0
347	1643076	4	0
348	1633446	4	0
349	1611717	1	0
350	1586100	3	0
351	1568199	0	0
352	1551453	1	0
353	1528178	5	0
354	1509865	0	0
355	1491017	0	0
356	1471272	1	0
357	1456184	0	0
358	1435341	2	0
359	1419175	0	0
360	1397725	0	0
361	1382620	0	0
362	1361299	1	0
363	1342772	2	0
364	1327046	0	0
365	1309791	0	0
366	1294315	2	0
367	1274159	2	0
368	1262528	0	0
369	1242956	1	0
370	1224523	0	0
371	1211279	1	0
372	1192828	1	0
373	1173770	1	0
374	1161964	2	0
375	1144106	3	0
376	1131768	0	0
377	1121023	1	0
378	1098991	2	0
379	1084056	0	0
380	1066159	5	0
381	1057447	2	0
382	1037145	1	0
383	1026673	4	0
384	1007439	3	0
385	999063	4	0
386	983161	2	0
387	966753	0	0
388	954809	3	0
389	942924	1	0
390	930062	3	0
391	915145	0	0
392	901712	1	0
393	889223	1	0
394	877317	0	0
395	859720	2	0
396	852649	0	0
397	837929	0	0
398	824972	0	0
399	812471	0	0
400	803437	1	0
401	788458	2	0
402	780077	1	0
403	764515	3	0
404	751989	5	0
405	742775	0	0
406	732142	0	0
407	720436	2	0
408	708397	2	0
409	699962	3	0
410	687846	0	0
411	677477	0	0
412	663211	2	0
413	657715	4	0
414	641633	4	0
415	634267	0	0
416	621482	1	0
417	614783	2	0
418	602449	0	0
419	593620	1	0
420	585559	0	0
421	573913	2	0
422	565705	0	0
423	557952	4	0
424	547098	3	0
425	537289	1	0
426	530793	2	0
427	518897	0	0
428	513755	1	0
429	502517	4	0
430	495398	0	0
431	485509	0	0
432	478748	1	0
433	468154	1	0
434	462416	2	0
435	455519	0	0
436	447141	5	0
437	438983	3	0
438	431455	0	0
439	425205	3	0
440	416992	1	0
441	411586	1	0
442	402129	1	0
443	396317	0	0
444	389370	1	0
445	381153	2	0
446	375573	1	0
447	367055	1	0
448	362370	1	0
449	356959	1	0
450	350456	0	0
451	341923	1	0
452	338082	0	0
453	329912	1	0
454	322852	1	0
455	319207	0	0
456	313795	1	0
457	305936	1	0
458	301837	0	0
459	297839	1	0
460	290891	0	0
461	285700	1	0
462	279483	1	0
463	278006	4	0
464	271105	0	0
465	265211	6	0
466	259913	0	0
467	255625	0	0
468	249699	0	0
469	246227	0	0
470	240767	2	0
471	233463	2	0
472	230944	0	0
473	228718	3	0
474	226076	0	0
475	219015	0	0
476	216941	2	0
477	213565	0	0
478	210353	0	0
479	205795	1	0
480	203547	0	0
481	198056	3	0
482	194160	1	0
483	190360	1	0
484	187840	3	0
485	184054	2	0
486	180141	1	0
487	172275	0	0
488	169706	0	0
489	165550	0	0
490	162848	4	0
491	159645	0	0
492	155846	0	0
493	153484	2	0
494	149799	1	0
495	146840	0	0
496	144250	1	0
497	141310	0	0
498	138274	0	0
499	135448	0	0
500	132435	1	0
501	130351	0	0
502	127275	0	0
503	124367	0	0
504	123281	0	0
505	120252	0	0
506	117564	0	0
507	115780	0	0
508	112622	0	0
509	110082	0	0
510	107684	1	0
511	107188	0	0
512	104392	0	0
513	101928	0	0
514	98259	2	0
515	97271	0	0
516	96013	0	0
517	93496	0	0
518	90755	1	0
519	88539	2	0
520	87157	0	0
521	84743	0	0
522	83385	3	0
523	80449	0	0
524	78193	0	0
525	75132	0	0
526	75479	0	0
527	72814	3	0
528	70163	0	0
529	69663	0	0
530	69178	0	0
531	66140	0	0
532	64330	0	0
533	64592	0	0
534	62512	0	0
535	60971	1	0
536	58933	0	0
537	59110	0	0
538	58330	0	0
539	56002	0	0
540	54680	0	0
541	52877	5	0
542	52972	0	0
543	50845	0	0
544	49689	2	0
545	48656	0	0
546	47551	5	0
547	46507	2	0
548	45600	0	0
549	44231	0	0
550	43427	0	0
551	42880	1	0
552	41492	0	0
553	41254	0	0
554	39640	0	0
555	39397	0	0
556	38651	0	0
557	37586	0	0
558	36251	1	0
559	35809	0	0
560	35000	0	0
561	33839	0	0
562	33445	0	0
563	32648	0	0
564	31604	0	0
565	31544	0	0
566	30934	1	0
567	29024	0	0
568	29286	1	0
569	27123	0	0
570	27998	3	0
571	26598	0	0
572	26152	0	0
573	25387	0	0
574	24857	0	0
575	24220	2	0
576	23762	0	0
577	23261	0	0
578	23197	0	0
579	21812	0	0
580	22061	0	0
581	21482	3	0
582	20691	0	0
583	20011	0	0
584	19909	1	0
585	19242	0	0
586	18403	0	0
587	17995	4	0
588	17384	1	0
589	17097	0	0
590	16999	1	0
591	16405	1	0
592	15435	0	0
593	15759	0	0
594	15764	0	0
595	14694	0	0
596	14914	0	0
597	14441	1	0
598	13749	0	0
599	13758	0	0
600	13230	0	0
601	13125	1	0
602	13682	0	0
603	12477	0	0
604	12121	0	0
605	11980	0	0
606	12080	0	0
607	11854	0	0
608	11811	0	0
609	10789	1	0
610	10863	5	0
611	10545	0	0
612	10163	0	0
613	10376	0	0
614	10031	0	0
615	10178	1	0
616	9466	0	0
617	9327	1	0
618	9318	1	0
619	9194	0	0
620	8933	0	0
621	8505	1	0
622	8782	0	0
623	8399	1	0
624	8655	0	0
625	8171	0	0
626	7698	0	0
627	8200	5	0
628	7630	0	0
629	7373	0	0
630	7543	2	0
631	7712	2	0
632	6857	0	0
633	6885	0	0
634	6978	0	0
635	6479	1	0
636	6234	0	0
637	6442	1	0
638	6149	0	0
639	6197	1	0
640	5840	0	0
641	5967	0	0
642	6079	0	0
643	5747	1	0
644	5399	0	0
645	5376	0	0
646	5192	0	0
647	5139	0	0
648	5092	0	0
649	4909	0	0
650	5080	0	0
651	4666	0	0
652	4622	0	0
653	4571	0	0
654	4471	0	0
655	4436	0	0
656	4365	0	0
657	3941	0	0
658	4070	2	0
659	4201	1	0
660	4005	0	0
661	3981	1	0
662	3865	0	0
663	3851	1	0
664	3692	1	0
665	0	1	0
689	0	1	0
722	0	3	0
729	0	2	0
731	0	1	0
738	0	3	0
753	0	1	0
756	0	2	0
759	0	2	0
761	0	2	0
763	0	3	0
769	0	1	0
772	0	2	0
778	0	1	0
784	0	1	0
785	0	1	0
791	0	3	0
792	0	1	0
796	0	3	0
801	0	1	0
804	0	1	0
814	0	1	0
815	0	3	0
824	0	2	0
827	0	1	0
829	0	1	0
834	0	2	0
838	0	3	0
881	0	1	0
887	0	1	0
897	0	3	0
903	0	3	0
908	0	3	0
913	0	3	0
916	0	1	0
917	0	2	0
923	0	1	0
932	0	1	0
935	0	1	0
944	0	1	0
949	0	4	0
952	0	2	0
979	0	2	0
992	0	3	0
1007	0	1	0
1010	0	2	0
1020	0	4	0
1023	0	1	0
1025	0	1	0
1031	0	3	0
1034	0	1	0
1037	0	1	0
1045	0	2	0
1046	0	1	0
1047	0	3	0
1053	0	1	0
1055	0	3	0
1058	0	1	0
1061	0	3	0
1062	0	2	0
1063	0	3	0
1069	0	1	0
1075	0	6	0
1076	0	3	0
1079	0	2	0
1084	0	2	0
1093	0	2	0
1102	0	1	0
1108	0	1	0
1112	0	2	0
1119	0	4	0
1120	0	1	0
1125	0	2	0
1126	0	2	0
1135	0	1	0
1137	0	1	0
1138	0	3	0
1144	0	3	0
1149	0	1	0
1153	0	3	0
1154	0	1	0
1155	0	1	0
1159	0	1	0
1160	0	2	0
1166	0	5	0
1168	0	1	0
1172	0	1	0
1173	0	3	0
1175	0	3	0
1177	0	1	0
1179	0	2	0
1182	0	1	0
1184	0	3	0
1193	0	1	0
1196	0	1	0
1197	0	1	0
1203	0	1	0
1204	0	1	0
1205	0	1	0
1209	0	1	0
1217	0	1	0
1219	0	1	0
1234	0	1	0
1237	0	1	0
1239	0	5	0
1240	0	1	0
1243	0	5	0
1247	0	1	0
1250	0	1	0
1254	0	1	0
1261	0	1	0
1266	0	2	0
1268	0	1	0
1271	0	1	0
1274	0	1	0
1276	0	3	0
1281	0	2	0
1284	0	2	0
1287	0	2	0
1310	0	1	0
1317	0	1	0
1319	0	1	0
1323	0	1	0
1326	0	3	0
1332	0	1	0
1336	0	2	0
1341	0	1	0
1351	0	1	0
1354	0	1	0
1356	0	1	0
1358	0	4	0
1368	0	5	0
1377	0	2	0
1444	0	1	0
1459	0	1	0
1794	0	3	0
1797	0	1	0
1803	0	2	0
1852	0	1	0
1909	0	1	0
1965	0	1	0
1976	0	7	0
1989	0	1	0
1996	0	8	0
2080	0	2	0
2100	0	2	0
2115	0	2	0
2124	0	4	0
2126	0	1	0
2129	0	2	0
2134	0	3	0
2143	0	2	0
2149	0	4	0
2158	0	5	0
2161	0	5	0
2168	0	2	0
2170	0	2	0
2171	0	2	0
2175	0	4	0
2177	0	8	0
2188	0	2	0
2191	0	6	0
2197	0	1	0
2203	0	1	0
2206	0	3	0
2211	0	2	0
2213	0	3	0
2226	0	5	0
2227	0	3	0
2228	0	1	0
2229	0	3	0
2238	0	5	0
2240	0	1	0
2242	0	2	0
2245	0	7	0
2251	0	1	0
2255	0	1	0
2268	0	10	0
2269	0	1	0
2270	0	7	0
2272	0	1	0
2275	0	4	0
2276	0	2	0
2277	0	1	0
2282	0	1	0
2283	0	1	0
2285	0	1	0
2290	0	2	0
2295	0	4	0
2298	0	2	0
2302	0	1	0
2309	0	1	0
2314	0	2	0
2330	0	1	0
2334	0	2	0
2343	0	6	0
2346	0	2	0
2347	0	4	0
2349	0	1	0
2351	0	2	0
2354	0	1	0
2355	0	1	0
2360	0	2	0
2366	0	2	0
2376	0	1	0
2377	0	1	0
2381	0	1	0
2385	0	1	0
2394	0	1	0
2396	0	2	0
2399	0	1	0
2401	0	1	0
2403	0	1	0
2404	0	1	0
2406	0	1	0
2433	0	2	0
2439	0	1	0
2441	0	1	0
2444	0	1	0
2446	0	1	0
2449	0	1	0
2451	0	2	0
2456	0	3	0
2459	0	1	0
2471	0	1	0
2473	0	1	0
2475	0	1	0
2476	0	1	0
2477	0	1	0
2478	0	2	0
2485	0	1	0
2486	0	1	0
2489	0	3	0
2518	0	2	0
2536	0	3	0
2599	0	1	0
2623	0	1	0
2633	0	1	0
2644	0	1	0
2645	0	1	0
2652	0	3	0
2725	0	2	0
2798	0	2	0
2803	0	2	0
2842	0	5	0
2886	0	1	0
2906	0	1	0
2955	0	3	0
2972	0	1	0
2979	0	2	0
3004	0	2	0
3014	0	2	0
3031	0	1	0
3046	0	2	0
3060	0	1	0
3061	0	1	0
3067	0	1	0
3090	0	1	0
3104	0	2	0
3115	0	4	0
3116	0	1	0
3117	0	1	0
3148	0	2	0
3168	0	1	0
3204	0	1	0
3210	0	2	0
3212	0	1	0
3222	0	2	0
3236	0	2	0
3238	0	1	0
3324	0	1	0
3368	0	1	0
3372	0	3	0
3387	0	2	0
3429	0	1	0
3447	0	1	0
3618	0	1	0
3686	0	1	0
3703	0	1	0
3704	0	3	0
3706	0	3	0
3768	0	1	0
3791	0	1	0
3851	0	3	0
4222	0	1	0
4265	0	1	0
4297	0	1	0
4311	0	2	0
4320	0	2	0
4333	0	1	0
4352	0	1	0
4446	0	1	0
4602	0	1	0
4712	0	1	0
4849	0	1	0
4967	0	1	0
5056	0	1	0
5140	0	1	0
5285	0	2	0
5286	0	6	0
5294	0	1	0
5361	0	1	0
5424	0	2	0
5438	0	2	0
5648	0	2	0
5675	0	1	0
5730	0	1	0
5748	0	2	0
5775	0	2	0
5780	0	2	0
5874	0	1	0
5882	0	2	0
5884	0	1	0
6204	0	1	0
6281	0	2	0
6284	0	2	0
6288	0	1	0
6375	0	1	0
6436	0	1	0
6606	0	1	0
6658	0	1	0
6936	0	1	0
7016	0	1	0
7020	0	1	0
7186	0	2	0
7301	0	2	0
7368	0	1	0
7409	0	1	0
7412	0	1	0
7447	0	2	0
7460	0	1	0
7463	0	1	0
7464	0	1	0
7466	0	2	0
7468	0	2	0
7481	0	2	0
7523	0	1	0
7657	0	5	0
7695	0	1	0
7733	0	2	0
7745	0	1	0
7753	0	2	0
7756	0	4	0
7759	0	2	0
7775	0	8	0
7782	0	1	0
7787	0	1	0
7821	0	3	0
7825	0	1	0
7826	0	1	0
7831	0	1	0
7832	0	1	0
7833	0	1	0
7845	0	2	0
7851	0	1	0
7852	0	2	0
7856	0	2	0
7859	0	1	0
7880	0	1	0
7890	0	1	0
7898	0	1	0
7954	0	4	0
8115	0	1	0
8122	0	1	0
8155	0	2	0
8494	0	1	0
8550	0	1	0
9081	0	1	0
9392	0	2	0
9683	0	1	0
9926	0	1	0
10031	0	1	0
10125	0	1	0
10178	0	1	0
10185	0	5	0
10794	0	1	0
11022	0	1	0
11175	0	2	0
11249	0	1	0
12027	0	1	0
12029	0	1	0
12083	0	1	0
12386	0	1	0
12409	0	1	0
12682	0	3	0
12772	0	1	0
12775	0	1	0
13111	0	4	0
13293	0	1	0
13308	0	2	0
13505	0	1	0
13533	0	2	0
13940	0	2	0
14008	0	1	0
14235	0	1	0
14250	0	1	0
14300	0	1	0
14391	0	2	0
14902	0	1	0
14991	0	2	0
15508	0	1	0
15514	0	1	0
15622	0	1	0
15667	0	1	0
15708	0	3	0
15712	0	4	0
15749	0	10	0
15758	0	2	0
15761	0	14	0
15769	0	8	0
15773	0	4	0
15777	0	4	0
15789	0	2	0
15790	0	6	0
15791	0	3	0
15797	0	2	0
15805	0	1	0
15806	0	2	0
15807	0	3	0
15808	0	3	0
15809	0	7	0
15816	0	1	0
15817	0	1	0
15818	0	2	0
15819	0	3	0
15826	0	9	0
15827	0	3	0
15831	0	4	0
15832	0	4	0
15833	0	3	0
15834	0	7	0
15838	0	2	0
15842	0	10	0
15843	0	17	0
15845	0	3	0
15846	0	6	0
15847	0	5	0
15848	0	1	0
15849	0	2	0
15850	0	12	0
15852	0	16	0
15855	0	1	0
15857	0	4	0
15860	0	1	0
15861	0	7	0
15862	0	5	0
15863	0	1	0
15866	0	9	0
15867	0	6	0
15868	0	10	0
15869	0	1	0
15872	0	3	0
15873	0	9	0
15875	0	12	0
15876	0	1	0
15877	0	5	0
15878	0	2	0
15879	0	2	0
15881	0	17	0
15882	0	7	0
15883	0	1	0
15884	0	8	0
15885	0	3	0
15886	0	2	0
15887	0	2	0
15888	0	1	0
15889	0	11	0
15890	0	4	0
15891	0	7	0
15892	0	4	0
15893	0	11	0
15894	0	2	0
15896	0	2	0
15897	0	5	0
15899	0	2	0
15901	0	7	0
15902	0	1	0
15903	0	6	0
15905	0	8	0
15908	0	3	0
15909	0	8	0
15911	0	8	0
15913	0	6	0
15914	0	2	0
15915	0	12	0
15918	0	6	0
15919	0	1	0
15920	0	7	0
15922	0	8	0
15924	0	7	0
15925	0	5	0
15926	0	17	0
15928	0	10	0
15929	0	14	0
15931	0	6	0
15932	0	4	0
15933	0	16	0
15934	0	9	0
15935	0	1	0
15936	0	6	0
15937	0	6	0
15938	0	3	0
15939	0	1	0
15940	0	22	0
15941	0	3	0
15942	0	2	0
15943	0	5	0
15944	0	8	0
15946	0	15	0
15947	0	8	0
15949	0	10	0
15950	0	7	0
15951	0	4	0
15952	0	7	0
15953	0	13	0
15954	0	12	0
15955	0	12	0
15956	0	13	0
15957	0	11	0
15958	0	9	0
15959	0	17	0
15960	0	18	0
15961	0	10	0
15962	0	9	0
15963	0	8	0
15964	0	13	0
15965	0	9	0
15966	0	29	0
15967	0	8	0
15968	0	3	0
15969	0	2	0
15970	0	8	0
15971	0	6	0
15972	0	5	0
15973	0	9	0
15974	0	21	0
15975	0	18	0
15976	0	1	0
15977	0	11	0
15978	0	18	0
15979	0	9	0
15980	0	15	0
15981	0	20	0
15982	0	28	0
15983	0	9	0
15984	0	10	0
15985	0	14	0
15986	0	10	0
15987	0	12	0
15988	0	10	0
15989	0	13	0
15990	0	7	0
15991	0	9	0
15992	0	12	0
15993	0	15	0
15994	0	4	0
15995	0	6	0
15996	0	23	0
15997	0	6	0
15998	0	8	0
15999	0	6	0
16000	0	6	0
16001	0	13	0
16002	0	7	0
16003	0	7	0
16004	0	8	0
16005	0	27	0
16006	0	19	0
16007	0	18	0
16008	0	9	0
16009	0	13	0
16010	0	19	0
16011	0	7	0
16012	0	11	0
16013	0	30	0
16014	0	18	0
16015	0	15	0
16016	0	11	0
16017	0	18	0
16018	0	11	0
16019	0	14	0
16020	0	10	0
16021	0	11	0
16022	0	9	0
16023	0	6	0
16024	0	14	0
16025	0	14	0
16026	0	16	0
16027	0	8	0
16028	0	13	0
16029	0	16	0
16030	0	17	0
16031	0	8	0
16032	0	16	0
16033	0	10	0
16034	0	12	0
16035	0	19	0
16036	0	5	0
16037	0	22	0
16038	0	17	0
16039	0	14	0
16040	0	28	0
16041	0	14	0
16042	0	4	0
16043	0	17	0
16044	0	24	0
16045	0	15	0
16046	0	30	0
16047	0	10	0
16048	0	13	0
16049	0	13	0
16050	0	12	0
16051	0	19	0
16052	0	6	0
16053	0	9	0
16054	0	24	0
16055	0	10	0
16056	0	25	0
16057	0	15	0
16058	0	21	0
16059	0	7	0
16060	0	20	0
16061	0	15	0
16062	0	17	0
16063	0	14	0
16064	0	33	0
16065	0	20	0
16066	0	25	0
16067	0	17	0
16068	0	29	0
16069	0	15	0
16070	0	12	0
16071	0	21	0
16072	0	18	0
16073	0	20	0
16074	0	26	0
16075	0	14	0
16076	0	12	0
16077	0	21	0
16078	0	29	0
16079	0	15	0
16080	0	16	0
16081	0	16	0
16082	0	16	0
16083	0	17	0
16084	0	12	0
16085	0	17	0
16086	0	25	0
16087	0	15	0
16088	0	33	0
16089	0	20	0
16090	0	8	0
16091	0	33	0
16092	0	20	0
16093	0	32	0
16094	0	12	0
16095	0	25	0
16096	0	16	0
16097	0	13	0
16098	0	10	0
16099	0	14	0
16100	0	17	0
16101	0	10	0
16102	0	20	0
16103	0	12	0
16104	0	15	0
16105	0	18	0
16106	0	12	0
16107	0	10	0
16108	0	18	0
16109	0	18	0
16110	0	13	0
16111	0	16	0
16112	0	12	0
16113	0	15	0
16114	0	16	0
16115	0	23	0
16116	0	7	0
16117	0	9	0
16118	0	8	0
16119	0	17	0
16120	0	11	0
16121	0	10	0
16122	0	13	0
16123	0	12	0
16124	0	10	0
16125	0	9	0
16126	0	8	0
16127	0	12	0
16128	0	9	0
16129	0	10	0
16130	0	12	0
16131	0	8	0
16132	0	2	0
16133	0	7	0
16134	0	8	0
16135	0	6	0
16136	0	3	0
16137	0	6	0
16138	0	3	0
16139	0	6	0
16140	0	2	0
16141	0	4	0
16142	0	5	0
16143	0	3	0
16145	0	6	0
16146	0	2	0
16147	0	1	0
16181	0	1	0
17352	0	2	0
17665	0	2	0
17716	0	1	0
17728	0	3	0
17899	0	1	0
17900	0	1	0
17932	0	1	0
18046	0	1	0
18462	0	1	0
19057	0	1	0
19090	0	3	0
19223	0	1	0
19229	0	1	0
19232	0	1	0
19527	0	4	0
19551	0	4	0
19574	0	2	0
19585	0	2	0
19607	0	2	0
19609	0	3	0
19615	0	2	0
19618	0	2	0
21230	0	1	0
21308	0	1	0
21729	0	3	0
21812	0	1	0
22483	0	1	0
23105	0	2	0
24098	0	3	0
24121	0	1	0
24379	0	1	0
24859	0	2	0
24862	0	3	0
25066	0	2	0
25105	0	1	0
25137	0	1	0
25146	0	1	0
25704	0	1	0
25724	0	2	0
25782	0	1	0
25783	0	1	0
27019	0	1	0
27346	0	2	0
27382	0	1	0
27387	0	3	0
27393	0	2	0
27397	0	1	0
27404	0	1	0
27406	0	2	0
27428	0	1	0
28031	0	2	0
28084	0	1	0
28622	0	1	0
28855	0	1	0
29080	0	4	0
29143	0	1	0
29151	0	1	0
29203	0	2	0
29204	0	6	0
29243	0	2	0
29263	0	1	0
29274	0	1	0
29309	0	1	0
29310	0	1	0
29316	0	1	0
29322	0	2	0
29329	0	2	0
29330	0	2	0
29335	0	1	0
29337	0	1	0
29338	0	1	0
29352	0	2	0
29355	0	2	0
29358	0	1	0
29360	0	1	0
29365	0	2	0
29381	0	1	0
29446	0	2	0
30864	0	1	0
31533	0	3	0
31997	0	3	0
32592	0	3	0
33218	0	1	0
34185	0	1	0
34366	0	1	0
34786	0	1	0
34851	0	1	0
35913	0	1	0
36509	0	1	0
36850	0	1	0
37292	0	3	0
37341	0	1	0
37342	0	1	0
37348	0	1	0
37355	0	1	0
37362	0	1	0
37373	0	1	0
37384	0	2	0
37385	0	1	0
37399	0	1	0
38461	0	2	0
38503	0	2	0
38558	0	1	0
38569	0	1	0
38595	0	1	0
38604	0	1	0
40186	0	1	0
40261	0	2	0
40313	0	2	0
40393	0	3	0
41512	0	1	0
42706	0	1	0
43148	0	1	0
44763	0	1	0
46707	0	1	0
46821	0	2	0
46948	0	2	0
47831	0	2	0
48193	0	3	0
48238	0	1	0
48412	0	1	0
48589	0	1	0
48670	0	1	0
48731	0	1	0
48738	0	2	0
48745	0	1	0
48751	0	3	0
48798	0	1	0
49263	0	1	0
50982	0	1	0
51917	0	4	0
52368	0	4	0
54443	0	12	0
54578	0	3	0
54582	0	4	0
54590	0	1	0
54596	0	5	0
54602	0	1	0
54609	0	1	0
54622	0	1	0
54625	0	1	0
54631	0	1	0
54633	0	1	0
54636	0	1	0
55280	0	1	0
55703	0	2	0
56404	0	3	0
56609	0	1	0
57899	0	1	0
59442	0	2	0
63134	0	2	0
63255	0	2	0
63406	0	2	0
64051	0	1	0
65011	0	1	0
66032	0	2	0
66240	0	1	0
66293	0	1	0
67063	0	3	0
67082	0	2	0
67109	0	1	0
67161	0	1	0
67167	0	1	0
68098	0	1	0
69838	0	2	0
70294	0	1	0
71344	0	2	0
72329	0	2	0
72472	0	1	0
75080	0	1	0
75379	0	1	0
75385	0	1	0
76028	0	2	0
76187	0	2	0
76365	0	1	0
76473	0	1	0
76487	0	1	0
78104	0	2	0
79362	0	1	0
79728	0	1	0
80638	0	2	0
80993	0	1	0
81167	0	1	0
81291	0	1	0
81294	0	1	0
81305	0	1	0
81568	0	2	0
81594	0	1	0
81619	0	1	0
81641	0	2	0
81670	0	1	0
82094	0	1	0
82487	0	1	0
82710	0	1	0
83038	0	1	0
83049	0	1	0
83516	0	1	0
84858	0	2	0
85888	0	1	0
87186	0	1	0
90435	0	1	0
96160	0	1	0
97773	0	1	0
98256	0	1	0
98395	0	1	0
98695	0	1	0
103997	0	1	0
105440	0	1	0
106453	0	1	0
108113	0	1	0
108445	0	2	0
108649	0	1	0
109001	0	1	0
109491	0	1	0
110219	0	1	0
110272	0	1	0
110549	0	1	0
111433	0	2	0
111494	0	2	0
111516	0	2	0
111519	0	1	0
111520	0	1	0
111521	0	2	0
111523	0	3	0
111531	0	2	0
111538	0	2	0
111544	0	4	0
111545	0	1	0
111551	0	6	0
111554	0	1	0
111556	0	1	0
111557	0	1	0
111562	0	1	0
111570	0	1	0
111573	0	1	0
111581	0	1	0
111583	0	4	0
111589	0	1	0
111603	0	1	0
111607	0	4	0
111608	0	1	0
111610	0	3	0
111611	0	1	0
111612	0	1	0
111617	0	1	0
111618	0	3	0
111621	0	1	0
111627	0	1	0
111629	0	3	0
111630	0	1	0
111632	0	1	0
111634	0	4	0
111642	0	1	0
111643	0	2	0
111645	0	1	0
111646	0	1	0
111650	0	1	0
111656	0	1	0
111658	0	2	0
111666	0	2	0
111668	0	2	0
111669	0	4	0
111670	0	1	0
111671	0	1	0
111673	0	1	0
111674	0	1	0
111679	0	1	0
111683	0	1	0
111689	0	1	0
111690	0	2	0
111692	0	1	0
111694	0	1	0
111698	0	1	0
111705	0	1	0
111706	0	2	0
111708	0	1	0
111709	0	1	0
111711	0	1	0
111714	0	1	0
111715	0	1	0
111718	0	2	0
111719	0	1	0
111720	0	1	0
111721	0	1	0
111724	0	3	0
111726	0	3	0
111727	0	1	0
111729	0	1	0
111736	0	2	0
111739	0	1	0
111744	0	2	0
111748	0	1	0
112017	0	1	0
112055	0	1	0
112069	0	1	0
112078	0	1	0
112137	0	1	0
112325	0	1	0
113414	0	1	0
113446	0	1	0
113460	0	1	0
113466	0	3	0
113473	0	3	0
113476	0	3	0
113493	0	2	0
113503	0	3	0
113507	0	1	0
113515	0	1	0
113520	0	2	0
113526	0	1	0
113528	0	2	0
113530	0	6	0
113535	0	2	0
113539	0	2	0
113550	0	1	0
113553	0	2	0
113562	0	1	0
113569	0	2	0
113572	0	2	0
113573	0	1	0
113578	0	2	0
113582	0	1	0
113585	0	2	0
113591	0	1	0
113594	0	1	0
113595	0	2	0
113596	0	1	0
113601	0	1	0
113602	0	1	0
113608	0	2	0
113610	0	1	0
113613	0	2	0
113615	0	1	0
113616	0	1	0
113617	0	2	0
113626	0	1	0
113629	0	3	0
113633	0	1	0
113634	0	1	0
113636	0	1	0
113638	0	1	0
113640	0	1	0
113641	0	2	0
113650	0	1	0
113651	0	1	0
113657	0	2	0
113659	0	1	0
113663	0	3	0
113667	0	1	0
113670	0	1	0
113671	0	3	0
113672	0	1	0
113673	0	3	0
113675	0	2	0
113677	0	3	0
113678	0	1	0
113680	0	2	0
113683	0	1	0
113685	0	1	0
113687	0	1	0
113688	0	1	0
113689	0	2	0
113691	0	2	0
113693	0	1	0
113695	0	2	0
113696	0	2	0
113697	0	1	0
113698	0	1	0
113700	0	2	0
113703	0	1	0
113704	0	1	0
113707	0	1	0
113708	0	1	0
113710	0	3	0
113714	0	2	0
113717	0	4	0
113725	0	1	0
113726	0	1	0
113755	0	1	0
114224	0	1	0
114384	0	1	0
114395	0	2	0
114839	0	1	0
115525	0	1	0
116693	0	1	0
117072	0	3	0
118331	0	1	0
119955	0	1	0
122001	0	1	0
123271	0	1	0
123324	0	2	0
123325	0	1	0
123966	0	1	0
124250	0	1	0
125006	0	1	0
125133	0	5	0
125215	0	5	0
127644	0	1	0
128140	0	4	0
129832	0	1	0
130311	0	1	0
131778	0	2	0
131955	0	2	0
131978	0	2	0
131994	0	2	0
132106	0	1	0
134228	0	1	0
134427	0	1	0
134939	0	1	0
137112	0	1	0
139865	0	1	0
139955	0	1	0
141825	0	2	0
142335	0	1	0
142577	0	1	0
143837	0	2	0
145450	0	2	0
146094	0	1	0
150715	0	1	0
151498	0	1	0
152416	0	1	0
152432	0	2	0
152445	0	1	0
152492	0	2	0
154332	0	1	0
156934	0	1	0
157631	0	1	0
157661	0	2	0
157828	0	1	0
158363	0	2	0
159915	0	3	0
166286	0	1	0
168505	0	1	0
171345	0	3	0
171362	0	1	0
171405	0	1	0
171419	0	1	0
174507	0	1	0
174585	0	6	0
174628	0	1	0
175206	0	1	0
176097	0	1	0
177613	0	1	0
177693	0	3	0
177727	0	1	0
177889	0	1	0
181665	0	1	0
182034	0	1	0
182430	0	1	0
187339	0	2	0
187589	0	1	0
187594	0	5	0
187969	0	6	0
187994	0	4	0
188027	0	1	0
188046	0	2	0
188055	0	3	0
188086	0	1	0
188099	0	4	0
188109	0	1	0
188116	0	3	0
188120	0	3	0
188150	0	1	0
188152	0	2	0
188153	0	1	0
188157	0	2	0
188173	0	1	0
188178	0	2	0
188182	0	1	0
189646	0	1	0
192722	0	1	0
195756	0	1	0
196505	0	1	0
196513	0	2	0
200623	0	1	0
201413	0	1	0
204365	0	1	0
204438	0	1	0
204595	0	1	0
205039	0	2	0
205497	0	2	0
206597	0	6	0
207441	0	1	0
207812	0	2	0
209791	0	3	0
212355	0	1	0
213141	0	1	0
215717	0	1	0
227746	0	1	0
228139	0	1	0
231545	0	1	0
232617	0	1	0
233625	0	1	0
238679	0	1	0
240102	0	1	0
240177	0	3	0
240415	0	1	0
241848	0	1	0
244564	0	1	0
244601	0	1	0
246689	0	1	0
248955	0	1	0
254222	0	7	0
257992	0	1	0
258006	0	1	0
259331	0	2	0
259378	0	1	0
264192	0	1	0
274697	0	1	0
278778	0	1	0
279422	0	1	0
281444	0	1	0
283766	0	1	0
284077	0	1	0
284585	0	3	0
286278	0	1	0
287828	0	1	0
290178	0	1	0
294548	0	6	0
294795	0	1	0
295251	0	5	0
295868	0	7	0
298378	0	2	0
301826	0	2	0
301954	0	1	0
303167	0	2	0
303318	0	1	0
304140	0	1	0
304435	0	3	0
305691	0	1	0
307549	0	1	0
308210	0	1	0
308370	0	1	0
308371	0	1	0
308439	0	1	0
308442	0	2	0
310744	0	1	0
310771	0	1	0
310783	0	1	0
310850	0	1	0
310864	0	1	0
310886	0	1	0
315172	0	1	0
317034	0	3	0
317429	0	1	0
320892	0	4	0
323498	0	1	0
323540	0	8	0
323547	0	1	0
323566	0	1	0
336097	0	1	0
336985	0	2	0
337021	0	1	0
337865	0	1	0
342056	0	1	0
342990	0	1	0
343213	0	1	0
345425	0	1	0
351364	0	1	0
363778	0	0	1
373640	0	1	0
379669	0	2	0
383186	0	1	0
383194	0	1	0
383258	0	1	0
383554	0	1	0
389144	0	2	0
391001	0	1	0
392342	0	7	0
392343	0	3	0
392426	0	3	0
398537	0	1	0
404187	0	1	0
405719	0	1	0
414361	0	1	0
424564	0	1	0
428003	0	9	0
436318	0	3	0
436373	0	1	0
439615	0	2	0
449881	0	1	0
450643	0	2	0
450655	0	1	0
455046	0	2	0
456809	0	1	0
459977	0	1	0
459980	0	6	0
460010	0	2	0
460012	0	1	0
460044	0	2	0
460057	0	2	0
460124	0	1	0
460133	0	1	0
460139	0	1	0
460140	0	3	0
460143	0	3	0
460151	0	3	0
460163	0	1	0
460593	0	1	0
460606	0	1	0
462156	0	1	0
465220	0	1	0
467287	0	1	0
469184	0	1	0
471007	0	1	0
473071	0	3	0
482016	0	1	0
487499	0	2	0
490994	0	1	0
494858	0	1	0
500577	0	1	0
501339	0	1	0
501575	0	1	0
506692	0	1	0
520257	0	1	0
520609	0	2	0
521520	0	1	0
524361	0	1	0
525659	0	1	0
527554	0	2	0
529873	0	1	0
532482	0	3	0
540310	0	1	0
549914	0	1	0
549968	0	1	0
558014	0	1	0
559274	0	1	0
560274	0	1	0
564516	0	1	0
564864	0	1	0
570785	0	1	0
577779	0	1	0
585498	0	3	0
587728	0	1	0
590560	0	1	0
593988	0	1	0
595164	0	3	0
599310	0	1	0
600745	0	1	0
604579	0	2	0
613083	0	1	0
620554	0	1	0
623700	0	1	0
632404	0	1	0
636681	0	4	0
637432	0	1	0
637640	0	1	0
637968	0	1	0
640597	0	1	0
642733	0	1	0
652193	0	1	0
671355	0	1	0
673906	0	1	0
682502	0	1	0
685575	0	1	0
688384	0	1	0
690430	0	1	0
690988	0	1	0
692388	0	1	0
693253	0	1	0
696044	0	1	0
697088	0	1	0
698652	0	1	0
699405	0	1	0
699831	0	4	0
701301	0	1	0
701320	0	3	0
702280	0	1	0
703477	0	1	0
704710	0	3	0
707491	0	1	0
708669	0	1	0
715189	0	1	0
715664	0	5	0
715816	0	2	0
717320	0	1	0
725623	0	1	0
734582	0	1	0
738150	0	1	0
738796	0	1	0
738887	0	1	0
742555	0	6	0
746069	0	1	0
747040	0	2	0
748468	0	2	0
753561	0	1	0
756466	0	1	0
758243	0	1	0
761473	0	1	0
762076	0	1	0
763763	0	1	0
765399	0	1	0
767428	0	1	0
773585	0	1	0
775321	0	1	0
775634	0	1	0
783357	0	1	0
787990	0	1	0
788482	0	1	0
789973	0	1	0
790469	0	1	0
790890	0	3	0
795160	0	1	0
799223	0	1	0
812896	0	1	0
814596	0	2	0
824398	0	2	0
830634	0	1	0
830668	0	1	0
830777	0	1	0
830871	0	1	0
833195	0	1	0
833213	0	1	0
836650	0	1	0
836652	0	1	0
837911	0	1	0
840409	0	1	0
850880	0	1	0
853908	0	2	0
859193	0	10	0
865980	0	1	0
870247	0	1	0
877728	0	1	0
878826	0	2	0
884857	0	1	0
886159	0	1	0
889998	0	1	0
892358	0	2	0
896924	0	1	0
897291	0	1	0
898027	0	1	0
907373	0	1	0
907549	0	1	0
908081	0	1	0
908130	0	4	0
908146	0	2	0
908166	0	1	0
908172	0	1	0
908206	0	2	0
908228	0	3	0
908229	0	2	0
908267	0	1	0
914883	0	1	0
914910	0	2	0
914919	0	2	0
914939	0	1	0
914952	0	1	0
914984	0	1	0
914994	0	1	0
914998	0	1	0
926619	0	1	0
928490	0	1	0
932286	0	1	0
933111	0	1	0
936758	0	2	0
940076	0	1	0
940282	0	1	0
941650	0	1	0
943976	0	2	0
954913	0	1	0
958292	0	1	0
962309	0	2	0
962860	0	1	0
964006	0	1	0
965811	0	1	0
978962	0	1	0
986020	0	1	0
987955	0	1	0
990547	0	1	0
990656	0	1	0
991388	0	1	0
996946	0	1	0
997444	0	1	0
998302	0	1	0
998419	0	1	0
1007798	0	1	0
1008367	0	1	0
1010778	0	1	0
1015002	0	1	0
1022891	0	1	0
1029285	0	1	0
1033859	0	0	1
1033891	0	0	1
1046911	0	1	0
1047506	0	1	0
1048635	0	1	0
1053114	0	2	0
1055184	0	1	0
1055736	0	1	0
1067548	0	1	0
1073437	0	2	0
1080714	0	1	0
1082564	0	1	0
1095006	0	1	0
1096745	0	2	0
1096895	0	2	0
1097704	0	1	0
1101756	0	1	0
1109356	0	1	0
1118769	0	1	0
1126885	0	1	0
1135381	0	1	0
1140299	0	1	0
1147985	0	1	0
1151720	0	2	0
1151932	0	1	0
1156435	0	2	0
1158060	0	2	0
1158487	0	3	0
1167090	0	2	0
1178377	0	1	0
1178387	0	2	0
1178633	0	1	0
1178768	0	1	0
1183039	0	1	0
1190134	0	1	0
1190150	0	2	0
1190454	0	1	0
1192137	0	6	0
1194152	0	2	0
1201081	0	1	0
1207034	0	0	1
1209329	0	1	0
1210045	0	1	0
1217033	0	1	0
1219254	0	1	0
1221492	0	1	0
1233716	0	1	0
1245035	0	4	0
1247520	0	1	0
1248267	0	2	0
1259656	0	1	0
1263375	0	1	0
1263974	0	1	0
1266026	0	1	0
1268775	0	1	0
1278636	0	1	0
1291166	0	1	0
1292609	0	1	0
1293552	0	1	0
1301071	0	1	0
1306663	0	4	0
1307037	0	1	0
1308526	0	1	0
1309882	0	1	0
1314523	0	1	0
1318233	0	1	0
1318259	0	1	0
1321457	0	1	0
1334294	0	1	0
1337237	0	1	0
1338599	0	1	0
1345996	0	1	0
1349947	0	2	0
1350744	0	1	0
1356447	0	1	0
1362281	0	1	0
1362282	0	4	0
1368989	0	1	0
1371057	0	1	0
1371677	0	1	0
1373831	0	1	0
1375559	0	1	0
1377253	0	2	0
1384293	0	3	0
1389136	0	1	0
1392950	0	1	0
1401842	0	1	0
1404712	0	1	0
1412287	0	2	0
1420418	0	1	0
1421715	0	1	0
1423434	0	6	0
1423544	0	1	0
1426267	0	1	0
1427980	0	2	0
1432068	0	2	0
1440452	0	1	0
1441500	0	1	0
1448005	0	1	0
1448015	0	1	0
1448028	0	1	0
1448035	0	1	0
1449771	0	1	0
1453379	0	1	0
1461790	0	1	0
1467535	0	1	0
1471438	0	1	0
1471775	0	1	0
1472103	0	2	0
1473279	0	1	0
1476208	0	1	0
1484198	0	1	0
1484664	0	1	0
1489186	0	1	0
1490921	0	1	0
1501476	0	1	0
1513800	0	1	0
1516735	0	1	0
1517000	0	1	0
1520059	0	3	0
1521224	0	1	0
1522734	0	1	0
1524199	0	1	0
1524324	0	0	1
1524572	0	1	0
1525962	0	1	0
1532832	0	1	0
1533881	0	1	0
1534000	0	1	0
1535053	0	1	0
1539300	0	1	0
1542237	0	0	1
1550150	0	1	0
1557135	0	1	0
1558244	0	2	0
1564214	0	1	0
1565804	0	2	0
1565896	0	1	0
1565923	0	4	0
1565938	0	2	0
1565941	0	1	0
1565952	0	1	0
1565960	0	1	0
1578740	0	1	0
1579237	0	1	0
1582808	0	6	0
1583496	0	1	0
1590191	0	1	0
1590368	0	1	0
1596529	0	1	0
1613393	0	1	0
1614419	0	1	0
1614448	0	1	0
1620135	0	1	0
1622987	0	1	0
1632432	0	2	0
1634297	0	1	0
1636923	0	1	0
1638496	0	1	0
1638500	0	1	0
1651480	0	0	1
1653058	0	1	0
1663699	0	1	0
1665464	0	1	0
1666157	0	1	0
1667400	0	1	0
1667475	0	1	0
1672064	0	1	0
1672483	0	1	0
1675016	0	1	0
1677469	0	1	0
1681488	0	1	0
1688605	0	1	0
1690380	0	4	0
1690672	0	1	0
1692034	0	1	0
1699490	0	1	0
1708724	0	1	0
1718567	0	1	0
1718768	0	1	0
1720810	0	1	0
1727302	0	1	0
1727323	0	1	0
1733540	0	2	0
1736518	0	1	0
1737794	0	0	1
1737834	0	0	1
1744722	0	1	0
1748590	0	1	0
1748991	0	1	0
1750727	0	4	0
1751581	0	1	0
1752669	0	1	0
1755477	0	1	0
1755495	0	1	0
1756336	0	1	0
1763554	0	1	0
1772020	0	1	0
1774360	0	2	0
1790194	0	1	0
1806435	0	2	0
1816046	0	1	0
1828106	0	1	0
1843214	0	1	0
1846979	0	1	0
1848114	0	1	0
1854894	0	1	0
1857780	0	1	0
1858565	0	1	0
1863853	0	1	0
1869747	0	1	0
1871343	0	1	0
1880692	0	1	0
1882498	0	2	0
1887643	0	1	0
1897111	0	1	0
1898635	0	1	0
1932800	0	2	0
1939397	0	1	0
1939416	0	1	0
1939455	0	1	0
1944749	0	1	0
1950459	0	1	0
1951965	0	10	0
1952938	0	1	0
1957156	0	1	0
1960575	0	1	0
1960581	0	2	0
1960593	0	1	0
1960620	0	1	0
1960700	0	3	0
1960710	0	3	0
1960720	0	2	0
1960721	0	1	0
1960724	0	1	0
1960741	0	1	0
1960747	0	1	0
1960761	0	1	0
1960762	0	1	0
1960768	0	1	0
1960787	0	1	0
1960788	0	2	0
1967452	0	1	0
1981327	0	1	0
1986765	0	3	0
1989082	0	1	0
1995794	0	1	0
1999292	0	1	0
2005858	0	1	0
2006143	0	1	0
2007220	0	2	0
2021815	0	2	0
2021958	0	2	0
2022542	0	1	0
2025710	0	1	0
2028442	0	1	0
2031227	0	1	0
2044438	0	1	0
2044896	0	1	0
2044901	0	2	0
2044909	0	1	0
2044918	0	4	0
2044935	0	1	0
2044949	0	2	0
2044965	0	2	0
2044966	0	2	0
2044967	0	5	0
2044969	0	1	0
2044980	0	4	0
2044981	0	1	0
2044993	0	4	0
2044997	0	1	0
2045002	0	2	0
2045010	0	1	0
2045014	0	3	0
2045022	0	1	0
2045029	0	2	0
2045031	0	1	0
2045034	0	1	0
2045036	0	2	0
2045043	0	2	0
2045045	0	2	0
2045046	0	4	0
2057383	0	8	0
2059429	0	1	0
2059465	0	2	0
2059477	0	3	0
2059482	0	2	0
2059491	0	4	0
2059502	0	1	0
2059509	0	1	0
2059519	0	1	0
2059520	0	1	0
2059525	0	2	0
2059526	0	1	0
2059535	0	1	0
2059542	0	1	0
2059633	0	1	0
2066611	0	1	0
2067159	0	1	0
2068159	0	1	0
2069696	0	3	0
2071002	0	1	0
2072149	0	1	0
2082088	0	1	0
2085508	0	1	0
2089578	0	1	0
2096300	0	1	0
2099060	0	1	0
2106295	0	1	0
2111500	0	1	0
2111693	0	2	0
2114523	0	1	0
2118053	0	2	0
2120764	0	1	0
2124800	0	2	0
2125564	0	2	0
2128398	0	3	0
2129537	0	1	0
2130959	0	1	0
2152574	0	2	0
2153141	0	1	0
2158268	0	1	0
2166577	0	1	0
2172293	0	1	0
2174686	0	1	0
2176558	0	1	0
2179446	0	1	0
2182835	0	3	0
2185783	0	1	0
2186119	0	1	0
2187499	0	1	0
2188845	0	1	0
2189702	0	0	1
2192008	0	1	0
2207289	0	1	0
2208653	0	1	0
2216444	0	1	0
2233337	0	0	1
2233650	0	1	0
2234037	0	0	1
2234497	0	1	0
2240921	0	1	0
2244998	0	1	0
2247000	0	1	0
2264806	0	1	0
2266348	0	1	0
2269797	0	1	0
2270438	0	1	0
2272116	0	1	0
2278532	0	1	0
2292336	0	1	0
2294273	0	1	0
2299127	0	2	0
2300940	0	1	0
2304714	0	1	0
2307398	0	1	0
2310554	0	2	0
2311772	0	1	0
2315305	0	1	0
2321640	0	1	0
2322261	0	2	0
2322862	0	1	0
2334042	0	1	0
2344059	0	1	0
2362779	0	3	0
2363400	0	1	0
2373874	0	6	0
2379605	0	1	0
2396290	0	1	0
2398622	0	1	0
2402593	0	2	0
2412356	0	1	0
2412825	0	1	0
2420043	0	1	0
2422209	0	1	0
2426611	0	1	0
2437318	0	1	0
2438063	0	1	0
2441142	0	1	0
2447194	0	1	0
2456613	0	1	0
2458986	0	1	0
2467623	0	1	0
2467727	0	1	0
2470368	0	5	0
2474285	0	1	0
2480561	0	1	0
2481496	0	1	0
2486672	0	1	0
2491867	0	1	0
2502830	0	1	0
2502941	0	1	0
2525257	0	1	0
2530855	0	2	0
2533178	0	1	0
2536061	0	4	0
2561248	0	1	0
2566647	0	3	0
2576360	0	1	0
2595551	0	1	0
2603314	0	2	0
2614186	0	1	0
2615663	0	1	0
2623548	0	1	0
2631763	0	1	0
2640452	0	6	0
2642023	0	1	0
2645655	0	1	0
2653897	0	1	0
2654018	0	1	0
2656063	0	1	0
2667155	0	1	0
2678352	0	1	0
2691140	0	1	0
2699897	0	1	0
2702124	0	1	0
2706548	0	1	0
2710759	0	1	0
2721127	0	1	0
2721335	0	0	1
2726660	0	6	0
2728883	0	1	0
2734916	0	1	0
2736948	0	1	0
2737828	0	1	0
2755647	0	1	0
2756640	0	1	0
2759227	0	1	0
2765941	0	2	0
2769088	0	1	0
2773172	0	1	0
2775780	0	2	0
2784465	0	1	0
2785227	0	1	0
2794210	0	1	0
2795631	0	1	0
2800441	0	1	0
2802901	0	1	0
2806776	0	1	0
2808281	0	2	0
2812138	0	1	0
2813067	0	1	0
2823216	0	1	0
2824329	0	1	0
2824352	0	2	0
2827843	0	1	0
2830482	0	2	0
2839793	0	1	0
2841102	0	1	0
2843310	0	1	0
2851837	0	1	0
2853470	0	1	0
2853970	0	1	0
2855357	0	3	0
2861887	0	1	0
2866304	0	1	0
2892151	0	7	0
2896255	0	1	0
2902923	0	1	0
2906799	0	1	0
2909195	0	1	0
2912974	0	1	0
2915669	0	1	0
2931109	0	1	0
2934509	0	2	0
2945215	0	1	0
2945243	0	1	0
2950687	0	1	0
2950976	0	2	0
2952706	0	1	0
2956681	0	1	0
2963138	0	1	0
2966085	0	1	0
2974475	0	1	0
2986713	0	1	0
2995537	0	2	0
2995560	0	1	0
2995682	0	1	0
2999601	0	1	0
3001532	0	1	0
3005314	0	1	0
3008891	0	2	0
3028655	0	2	0
3029995	0	2	0
3030802	0	2	0
3037213	0	1	0
3045265	0	1	0
3051016	0	1	0
3056572	0	1	0
3061230	0	1	0
3061587	0	2	0
3062163	0	1	0
3069869	0	1	0
3072526	0	1	0
3077818	0	1	0
3078223	0	1	0
3088074	0	1	0
3088930	0	1	0
3089565	0	1	0
3096581	0	1	0
3101986	0	1	0
3102706	0	4	0
3107525	0	1	0
3114734	0	1	0
3119521	0	1	0
3120506	0	1	0
3125757	0	1	0
3134694	0	5	0
3137388	0	0	1
3138007	0	1	0
3139681	0	1	0
3141766	0	1	0
3144678	0	1	0
3155526	0	2	0
3159981	0	1	0
3169620	0	1	0
3171256	0	1	0
3174422	0	1	0
3179075	0	1	0
3193816	0	1	0
3195212	0	6	0
3196787	0	1	0
3204755	0	1	0
3208576	0	1	0
3213644	0	1	0
3233746	0	1	0
3239919	0	1	0
3248276	0	1	0
3248461	0	1	0
3252694	0	1	0
3264338	0	1	0
3267389	0	1	0
3286119	0	1	0
3299987	0	1	0
3304152	0	1	0
3312115	0	1	0
3314848	0	1	0
3322260	0	1	0
3325533	0	1	0
3333905	0	1	0
3333944	0	2	0
3335175	0	1	0
3336404	0	1	0
3340224	0	1	0
3347299	0	2	0
3350269	0	1	0
3350930	0	1	0
3355940	0	3	0
3372843	0	1	0
3375305	0	1	0
3384104	0	2	0
3384872	0	1	0
3386200	0	1	0
3389159	0	1	0
3398130	0	1	0
3412041	0	2	0
3426830	0	1	0
3440543	0	1	0
3449808	0	1	0
3456037	0	1	0
3463471	0	1	0
3465535	0	2	0
3466509	0	1	0
3466995	0	1	0
3467451	0	4	0
3467967	0	1	0
3468131	0	1	0
3468572	0	1	0
3469809	0	3	0
3470388	0	1	0
3484578	0	1	0
3494571	0	1	0
3501603	0	1	0
3503999	0	1	0
3505103	0	1	0
3507133	0	1	0
3524207	0	1	0
3525153	0	1	0
3528010	0	1	0
3530198	0	1	0
3533912	0	1	0
3533956	0	1	0
3543373	0	8	0
3544565	0	1	0
3545839	0	1	0
3555018	0	1	0
3557646	0	3	0
3564798	0	1	0
3568097	0	1	0
3578251	0	1	0
3578901	0	3	0
3587010	0	1	0
3587209	0	1	0
3588089	0	3	0
3589556	0	1	0
3590253	0	1	0
3591165	0	1	0
3592112	0	1	0
3594040	0	1	0
3603214	0	1	0
3603791	0	8	0
3608093	0	1	0
3620656	0	1	0
3621958	0	2	0
3623438	0	1	0
3623563	0	1	0
3624293	0	1	0
3625126	0	2	0
3638581	0	1	0
3647379	0	1	0
3658487	0	1	0
3659008	0	1	0
3660862	0	1	0
3667300	0	3	0
3673195	0	2	0
3685055	0	1	0
3685340	0	1	0
3691598	0	1	0
3717422	0	0	1
3718770	0	1	0
3719298	0	1	0
3720756	0	1	0
3724031	0	1	0
3734636	0	1	0
3735409	0	1	0
3735583	0	2	0
3747145	0	1	0
3760063	0	2	0
3766391	0	1	0
3772886	0	1	0
3777292	0	1	0
3778813	0	1	0
3786167	0	1	0
3796053	0	1	0
3810431	0	1	0
3812624	0	1	0
3818078	0	1	0
3825940	0	2	0
3833115	0	1	0
3848971	0	1	0
3857762	0	0	1
3864980	0	1	0
3873985	0	6	0
3874066	0	1	0
3874605	0	1	0
3880528	0	1	0
3880709	0	1	0
3887105	0	1	0
3888471	0	1	0
3893805	0	1	0
3896409	0	2	0
3899341	0	1	0
3901099	0	1	0
3902051	0	1	0
3902486	0	1	0
3907324	0	2	0
3907497	0	1	0
3909621	0	0	1
3910787	0	1	0
3913691	0	2	0
3918011	0	1	0
3920703	0	1	0
3922148	0	1	0
3925499	0	1	0
3933186	0	1	0
3934917	0	2	0
3937430	0	7	0
3941064	0	1	0
3944426	0	0	1
3954159	0	1	0
3968647	0	2	0
3975286	0	2	0
3989951	0	1	0
3994193	0	1	0
3998244	0	1	0
4007519	0	2	0
4009351	0	1	0
4013505	0	1	0
4017186	0	1	0
4017372	0	1	0
4017607	0	1	0
4019348	0	1	0
4020027	0	1	0
4026223	0	1	0
4027233	0	1	0
4035099	0	2	0
4041473	0	1	0
4047557	0	1	0
4048833	0	1	0
4053634	0	1	0
4072935	0	1	0
4079106	0	1	0
4098344	0	1	0
4104301	0	0	1
4105607	0	1	0
4118585	0	1	0
4122749	0	3	0
4128791	0	1	0
4129849	0	1	0
4130767	0	1	0
4132808	0	2	0
4134262	0	1	0
4137942	0	1	0
4151360	0	1	0
4153751	0	1	0
4164920	0	1	0
4172248	0	1	0
4190369	0	1	0
4201185	0	2	0
4204610	0	2	0
4208519	0	1	0
4220511	0	1	0
4227046	0	4	0
4247862	0	1	0
4261730	0	3	0
4262861	0	1	0
4266703	0	1	0
4268193	0	0	1
4270597	0	1	0
4272924	0	1	0
4273350	0	1	0
4280126	0	1	0
4284076	0	1	0
4286424	0	1	0
4299729	0	2	0
4301159	0	1	0
4309989	0	1	0
4311979	0	1	0
4325866	0	1	0
4328187	0	1	0
4342706	0	1	0
4343629	0	1	0
4354264	0	1	0
4359534	0	1	0
4360813	0	1	0
4362402	0	1	0
4365224	0	2	0
4380946	0	1	0
4390699	0	1	0
4393887	0	1	0
4396552	0	3	0
4400429	0	1	0
4400552	0	1	0
4412704	0	1	0
4413856	0	3	0
4416168	0	2	0
4427373	0	1	0
4430899	0	2	0
4438692	0	1	0
4439419	0	1	0
4458594	0	1	0
4460165	0	1	0
4460799	0	1	0
4462915	0	1	0
4470062	0	1	0
4475267	0	1	0
4476305	0	3	0
4485974	0	1	0
4488914	0	2	0
4501736	0	1	0
4505167	0	1	0
4507537	0	1	0
4509183	0	1	0
4524320	0	1	0
4524960	0	1	0
4530798	0	1	0
4531596	0	0	1
4539149	0	1	0
4541004	0	1	0
4544726	0	1	0
4554305	0	1	0
4564101	0	1	0
4583608	0	1	0
4586826	0	1	0
4596194	0	1	0
4598680	0	1	0
4598755	0	2	0
4599557	0	1	0
4612508	0	2	0
4617859	0	1	0
4622088	0	2	0
4623671	0	1	0
4634946	0	1	0
4635162	0	1	0
4646181	0	1	0
4652895	0	1	0
4662335	0	1	0
4664012	0	1	0
4667750	0	1	0
4669127	0	1	0
4698228	0	1	0
4712032	0	1	0
4713454	0	1	0
4718860	0	1	0
4720917	0	0	1
4724210	0	1	0
4725851	0	1	0
4726371	0	1	0
4728795	0	0	1
4729664	0	2	0
4729880	0	1	0
4747352	0	1	0
4753875	0	1	0
4769419	0	1	0
4769452	0	4	0
4783918	0	1	0
4793072	0	1	0
4805279	0	1	0
4821910	0	1	0
4829113	0	1	0
4829460	0	1	0
4830629	0	1	0
4833656	0	1	0
4835962	0	1	0
4852752	0	1	0
4854338	0	3	0
4863043	0	1	0
4864107	0	1	0
4865342	0	1	0
4871399	0	1	0
4873396	0	1	0
4876791	0	1	0
4883207	0	1	0
4883259	0	1	0
4884893	0	1	0
4904715	0	2	0
4904952	0	1	0
4905587	0	1	0
4906132	0	2	0
4907777	0	2	0
4908513	0	1	0
4916673	0	2	0
4918566	0	1	0
4919522	0	1	0
4923249	0	1	0
4927791	0	1	0
4940062	0	1	0
4959618	0	1	0
4960399	0	1	0
4968824	0	1	0
4971964	0	1	0
4975117	0	1	0
4979187	0	1	0
4983896	0	1	0
4993998	0	2	0
4994010	0	1	0
4996819	0	1	0
5013398	0	1	0
5017676	0	1	0
5026664	0	1	0
5050191	0	1	0
5054624	0	1	0
5070039	0	1	0
5082527	0	1	0
5086902	0	1	0
5089806	0	5	0
5098775	0	1	0
5101394	0	1	0
5103897	0	1	0
5105995	0	1	0
5111682	0	1	0
5112111	0	1	0
5113501	0	2	0
5132091	0	1	0
5158554	0	1	0
5158591	0	1	0
5167147	0	1	0
5168072	0	1	0
5168384	0	1	0
5173258	0	1	0
5175633	0	0	1
5184591	0	1	0
5186006	0	1	0
5191071	0	1	0
5192272	0	1	0
5198334	0	1	0
5201252	0	1	0
5209566	0	1	0
5213854	0	1	0
5226716	0	1	0
5240769	0	1	0
5246894	0	1	0
5250308	0	1	0
5258064	0	1	0
5262405	0	1	0
5266057	0	4	0
5271279	0	3	0
5271812	0	2	0
5289123	0	1	0
5305074	0	4	0
5307043	0	1	0
5307044	0	2	0
5310257	0	2	0
5323790	0	1	0
5336581	0	1	0
5343050	0	1	0
5343801	0	1	0
5365551	0	3	0
5374356	0	1	0
5382879	0	1	0
5387640	0	1	0
5399142	0	1	0
5410767	0	2	0
5412351	0	1	0
5412525	0	1	0
5414494	0	1	0
5423048	0	2	0
5426920	0	2	0
5440263	0	1	0
5445704	0	1	0
5447478	0	1	0
5455896	0	1	0
5457070	0	1	0
5457507	0	1	0
5460111	0	1	0
5475816	0	1	0
5477276	0	4	0
5478926	0	1	0
5482465	0	1	0
5490470	0	1	0
5492312	0	1	0
5493665	0	1	0
5500915	0	1	0
5506976	0	1	0
5508329	0	1	0
5516524	0	1	0
5519231	0	3	0
5524055	0	1	0
5528731	0	2	0
5531189	0	1	0
5535077	0	1	0
5535675	0	1	0
5536315	0	2	0
5540584	0	1	0
5546150	0	3	0
5554876	0	1	0
5555024	0	2	0
5557042	0	0	1
5561715	0	1	0
5567063	0	1	0
5590806	0	1	0
5592679	0	5	0
5593756	0	1	0
5595845	0	1	0
5597843	0	1	0
5602200	0	1	0
5620137	0	2	0
5621765	0	1	0
5625070	0	1	0
5633100	0	1	0
5633458	0	1	0
5637735	0	1	0
5640683	0	0	1
5651987	0	1	0
5661220	0	1	0
5667935	0	1	0
5673516	0	3	0
5676717	0	1	0
5679274	0	0	1
5680586	0	1	0
5683575	0	1	0
5695097	0	1	0
5713650	0	4	0
5717370	0	1	0
5718151	0	1	0
5718770	0	1	0
5719360	0	2	0
5726137	0	2	0
5726290	0	1	0
5732054	0	4	0
5735120	0	3	0
5735523	0	1	0
5736022	0	3	0
5736464	0	1	0
5742016	0	1	0
5755817	0	3	0
5757273	0	1	0
5764372	0	7	0
5767432	0	1	0
5777147	0	1	0
5800660	0	1	0
5803077	0	1	0
5804643	0	1	0
5805621	0	1	0
5810836	0	1	0
5811743	0	1	0
5812126	0	1	0
5828173	0	1	0
5828482	0	1	0
5830298	0	1	0
5833573	0	1	0
5843651	0	1	0
5843658	0	1	0
5843708	0	1	0
5847342	0	1	0
5857651	0	1	0
5863247	0	1	0
5868444	0	1	0
5868636	0	1	0
5868759	0	1	0
5869250	0	1	0
5879800	0	1	0
5896004	0	1	0
5899660	0	1	0
5903500	0	1	0
5903765	0	1	0
5904804	0	4	0
5912066	0	4	0
5946999	0	1	0
5958979	0	1	0
5961866	0	1	0
5973233	0	1	0
5976793	0	5	0
5977539	0	1	0
5979434	0	1	0
5984089	0	1	0
5988978	0	1	0
5989522	0	0	1
5999628	0	1	0
6000345	0	1	0
6001243	0	1	0
6025185	0	1	0
6028277	0	2	0
6028888	0	0	1
6029698	0	1	0
6031489	0	1	0
6035423	0	1	0
6042039	0	1	0
6043603	0	3	0
6052397	0	1	0
6063061	0	1	0
6067734	0	1	0
6069009	0	8	0
6069402	0	1	0
6080703	0	1	0
6092049	0	1	0
6098994	0	1	0
6107567	0	1	0
6115895	0	1	0
6120065	0	1	0
6125706	0	1	0
6127653	0	1	0
6129852	0	1	0
6130137	0	1	0
6131085	0	1	0
6139591	0	1	0
6147202	0	1	0
6157433	0	1	0
6159985	0	1	0
6164043	0	2	0
6188842	0	5	0
6199183	0	2	0
6205978	0	2	0
6219069	0	0	1
6230327	0	3	0
6241865	0	2	0
6244166	0	1	0
6253658	0	1	0
6253670	0	2	0
6255195	0	1	0
6262900	0	1	0
6266287	0	1	0
6276050	0	4	0
6292210	0	0	1
6304023	0	1	0
6308724	0	4	0
6310809	0	1	0
6320846	0	1	0
6323165	0	4	0
6325393	0	1	0
6337134	0	1	0
6345695	0	4	0
6346035	0	1	0
6348221	0	1	0
6348676	0	1	0
6352614	0	1	0
6355357	0	1	0
6356556	0	1	0
6357410	0	1	0
6360443	0	1	0
6364816	0	1	0
6379889	0	1	0
6386090	0	1	0
6398348	0	0	1
6398574	0	2	0
6407240	0	1	0
6408639	0	1	0
6418943	0	1	0
6427791	0	1	0
6436516	0	1	0
6454901	0	1	0
6465077	0	1	0
6465273	0	1	0
6469560	0	1	0
6470039	0	14	0
6484580	0	1	0
6500262	0	1	0
6505055	0	1	0
6511668	0	1	0
6519570	0	1	0
6523689	0	1	0
6526677	0	1	0
6527341	0	1	0
6539689	0	1	0
6540896	0	1	0
6558088	0	1	0
6558238	0	3	0
6558515	0	1	0
6566138	0	1	0
6569745	0	3	0
6581507	0	2	0
6594302	0	1	0
6601046	0	1	0
6601700	0	2	0
6604022	0	1	0
6607473	0	1	0
6615571	0	1	0
6626206	0	1	0
6635223	0	1	0
6637057	0	1	0
6645017	0	1	0
6647557	0	7	0
6647984	0	1	0
6648646	0	2	0
6650341	0	1	0
6652455	0	3	0
6655934	0	1	0
6656092	0	1	0
6663409	0	1	0
6672464	0	1	0
6685734	0	1	0
6686906	0	4	0
6696200	0	1	0
6708627	0	1	0
6712915	0	1	0
6718739	0	1	0
6731863	0	1	0
6733269	0	2	0
6733287	0	1	0
6736679	0	1	0
6742758	0	4	0
6749412	0	1	0
6781681	0	3	0
6785322	0	3	0
6788722	0	0	1
6791789	0	1	0
6791982	0	1	0
6799823	0	1	0
6805575	0	1	0
6812038	0	1	0
6829158	0	2	0
6829706	0	0	1
6829735	0	0	1
6839120	0	3	0
6844513	0	6	0
6852203	0	1	0
6857099	0	1	0
6858865	0	1	0
6866388	0	1	0
6875877	0	1	0
6889519	0	1	0
6894508	0	2	0
6915328	0	2	0
6916929	0	1	0
6930392	0	1	0
6931066	0	1	0
6935808	0	3	0
6939382	0	1	0
6951339	0	1	0
6953974	0	1	0
6958082	0	1	0
6966131	0	2	0
6970563	0	1	0
6983663	0	1	0
6984648	0	1	0
6986201	0	1	0
6993191	0	1	0
6996403	0	1	0
7000253	0	1	0
7002589	0	4	0
7011153	0	1	0
7015574	0	1	0
7019440	0	1	0
7023291	0	2	0
7042650	0	1	0
7045231	0	1	0
7061231	0	1	0
7064689	0	1	0
7064923	0	1	0
7068727	0	1	0
7069233	0	1	0
7072896	0	1	0
7073275	0	0	1
7080488	0	1	0
7083620	0	1	0
7090258	0	1	0
7095033	0	1	0
7107936	0	4	0
7108191	0	1	0
7110700	0	1	0
7112449	0	1	0
7116465	0	2	0
7119052	0	1	0
7123872	0	1	0
7132903	0	1	0
7135190	0	1	0
7149355	0	1	0
7163594	0	1	0
7165932	0	1	0
7169275	0	1	0
7180569	0	1	0
7187546	0	1	0
7203445	0	1	0
7213240	0	1	0
7219011	0	3	0
7222756	0	1	0
7235114	0	1	0
7237016	0	1	0
7240015	0	1	0
7244992	0	1	0
7268681	0	1	0
7270553	0	0	1
7291263	0	1	0
7299367	0	1	0
7310503	0	1	0
7317401	0	1	0
7335329	0	1	0
7335847	0	1	0
7337597	0	1	0
7345422	0	1	0
7345786	0	1	0
7346351	0	1	0
7347034	0	1	0
7347719	0	1	0
7353005	0	1	0
7353270	0	1	0
7353475	0	7	0
7357615	0	3	0
7364051	0	1	0
7364224	0	1	0
7367587	0	1	0
7377430	0	1	0
7378498	0	0	1
7387940	0	2	0
7388146	0	1	0
7401518	0	1	0
7402165	0	1	0
7403818	0	1	0
7409972	0	1	0
7422337	0	3	0
7423368	0	0	1
7423514	0	1	0
7444500	0	1	0
7445141	0	1	0
7445718	0	1	0
7456002	0	4	0
7457739	0	0	1
7461658	0	1	0
7469588	0	2	0
7475412	0	1	0
7481095	0	1	0
7483407	0	1	0
7486540	0	1	0
7486543	0	1	0
7497909	0	2	0
7502098	0	1	0
7504689	0	1	0
7506564	0	1	0
7529856	0	1	0
7530947	0	1	0
7532110	0	1	0
7535860	0	1	0
7556004	0	1	0
7565419	0	1	0
7567508	0	2	0
7570001	0	1	0
7573559	0	2	0
7578449	0	1	0
7582465	0	1	0
7583883	0	1	0
7584537	0	1	0
7591020	0	1	0
7591754	0	1	0
7596341	0	1	0
7600419	0	1	0
7607482	0	1	0
7610016	0	3	0
7611398	0	1	0
7624487	0	2	0
7636932	0	1	0
7642221	0	0	1
7647722	0	4	0
7693076	0	1	0
7703361	0	1	0
7733719	0	1	0
7735364	0	1	0
7743254	0	1	0
7743904	0	3	0
7749968	0	1	0
7754799	0	1	0
7758672	0	1	0
7769022	0	0	1
7773816	0	0	1
7774736	0	1	0
7782036	0	1	0
7784029	0	3	0
7786187	0	2	0
7795304	0	1	0
7796429	0	0	1
7796498	0	1	0
7800747	0	1	0
7801344	0	1	0
7802445	0	2	0
7804166	0	1	0
7805478	0	1	0
7816035	0	3	0
7817999	0	1	0
7818348	0	5	0
7843183	0	1	0
7857049	0	1	0
7859684	0	1	0
7860133	0	1	0
7864990	0	2	0
7868195	0	1	0
7875122	0	1	0
7876176	0	5	0
7878413	0	1	0
7879995	0	2	0
7881451	0	1	0
7883642	0	1	0
7893450	0	3	0
7898717	0	1	0
7902594	0	2	0
7904084	0	1	0
7907455	0	1	0
7911476	0	1	0
7912768	0	1	0
7918250	0	5	0
7922227	0	1	0
7926853	0	1	0
7929171	0	2	0
7931357	0	1	0
7935931	0	1	0
7950660	0	1	0
7975014	0	1	0
7976403	0	1	0
7988110	0	3	0
7998359	0	3	0
8022282	0	1	0
8033948	0	1	0
8041841	0	1	0
8043462	0	5	0
8046898	0	1	0
8060817	0	1	0
8061267	0	1	0
8061832	0	0	1
8064292	0	1	0
8064352	0	1	0
8066487	0	5	0
8070063	0	1	0
8076182	0	1	0
8089103	0	0	1
8096597	0	1	0
8097830	0	1	0
8098363	0	5	0
8102598	0	1	0
8107986	0	2	0
8109205	0	1	0
8112366	0	3	0
8113462	0	2	0
8113885	0	2	0
8113886	0	2	0
8116809	0	1	0
8118791	0	1	0
8125263	0	1	0
8127640	0	1	0
8128114	0	1	0
8130461	0	1	0
8130621	0	2	0
8135572	0	1	0
8138838	0	1	0
8152953	0	0	1
8153137	0	1	0
8155229	0	1	0
8158863	0	1	0
8159222	0	1	0
8172812	0	1	0
8178832	0	1	0
8190181	0	1	0
8190652	0	1	0
8199988	0	1	0
8203564	0	1	0
8213291	0	1	0
8216972	0	1	0
8224917	0	1	0
8230445	0	1	0
8236693	0	1	0
8241066	0	1	0
8241674	0	1	0
8247263	0	1	0
8249290	0	1	0
8259797	0	2	0
8265911	0	1	0
8269362	0	1	0
8272327	0	1	0
8275726	0	1	0
8287100	0	1	0
8290834	0	1	0
8301695	0	1	0
8301927	0	1	0
8302399	0	1	0
8302819	0	1	0
8304622	0	2	0
8339446	0	1	0
8370856	0	1	0
8371127	0	1	0
8373642	0	1	0
8380559	0	1	0
8387311	0	1	0
8387950	0	1	0
8392012	0	1	0
8396453	0	1	0
8397028	0	1	0
8398210	0	1	0
8412889	0	1	0
8415456	0	1	0
8421331	0	1	0
8427159	0	1	0
8432923	0	1	0
8438755	0	1	0
8453063	0	1	0
8461035	0	2	0
8468131	0	1	0
8475168	0	0	1
8478490	0	1	0
8485047	0	1	0
8487486	0	1	0
8488748	0	1	0
8502267	0	1	0
8512172	0	1	0
8513315	0	3	0
8520909	0	1	0
8525330	0	1	0
8531859	0	1	0
8549000	0	5	0
8557632	0	2	0
8560357	0	1	0
8564971	0	1	0
8565796	0	1	0
8576036	0	1	0
8583004	0	1	0
8585567	0	1	0
8594281	0	1	0
8600802	0	1	0
8601091	0	1	0
8602300	0	1	0
8616199	0	0	1
8623982	0	3	0
8639118	0	1	0
8650570	0	1	0
8652864	0	2	0
8654245	0	1	0
8657170	0	1	0
8659938	0	1	0
8675106	0	1	0
8685311	0	12	0
8688108	0	3	0
8691086	0	3	0
8732938	0	1	0
8735897	0	1	0
8744432	0	1	0
8749180	0	1	0
8754049	0	1	0
8755818	0	2	0
8762872	0	1	0
8771638	0	1	0
8790828	0	1	0
8792362	0	1	0
8803896	0	1	0
8809169	0	1	0
8810724	0	1	0
8812418	0	2	0
8821657	0	5	0
8826116	0	0	1
8828253	0	2	0
8832317	0	1	0
8833902	0	1	0
8834636	0	2	0
8837028	0	1	0
8841149	0	1	0
8843544	0	2	0
8856691	0	1	0
8857286	0	1	0
8864704	0	1	0
8884314	0	1	0
8888167	0	1	0
8889013	0	1	0
8908903	0	1	0
8910400	0	1	0
8931562	0	1	0
8935735	0	1	0
8949715	0	1	0
8966156	0	1	0
8970649	0	1	0
8979144	0	2	0
8980386	0	2	0
8983453	0	1	0
8984810	0	1	0
8994242	0	1	0
9003508	0	1	0
9009515	0	1	0
9011887	0	1	0
9017588	0	1	0
9024323	0	1	0
9029614	0	1	0
9040905	0	1	0
9042478	0	1	0
9042540	0	1	0
9047130	0	1	0
9047234	0	1	0
9049474	0	1	0
9059425	0	1	0
9069691	0	0	1
9080988	0	1	0
9085172	0	0	1
9106400	0	5	0
9109495	0	1	0
9110330	0	1	0
9114606	0	1	0
9116655	0	1	0
9117716	0	2	0
9146834	0	1	0
9152562	0	1	0
9157681	0	1	0
9166030	0	1	0
9175026	0	1	0
9176393	0	3	0
9193689	0	2	0
9227094	0	1	0
9228112	0	1	0
9236737	0	1	0
9239203	0	3	0
9239537	0	2	0
9270395	0	3	0
9281106	0	1	0
9281667	0	1	0
9282647	0	6	0
9289038	0	1	0
9297714	0	1	0
9304434	0	2	0
9305536	0	1	0
9313226	0	1	0
9315208	0	8	0
9316832	0	1	0
9324203	0	1	0
9349419	0	1	0
9349910	0	1	0
9358314	0	3	0
9377771	0	1	0
9380526	0	6	0
9388225	0	1	0
9388545	0	0	1
9395289	0	1	0
9414278	0	2	0
9496865	0	1	0
9498263	0	2	0
9498523	0	1	0
9498973	0	1	0
9502986	0	2	0
9504092	0	1	0
9526734	0	5	0
9532374	0	1	0
9533441	0	1	0
9559037	0	1	0
9586993	0	1	0
9587167	0	1	0
9590381	0	1	0
9600655	0	1	0
9602471	0	3	0
9622605	0	1	0
9623128	0	1	0
9623130	0	1	0
9640997	0	3	0
9658790	0	1	0
9665873	0	1	0
9677389	0	1	0
9680630	0	1	0
9688150	0	1	0
9699932	0	1	0
9736280	0	1	0
9740168	0	1	0
9771840	0	1	0
9792742	0	1	0
9803047	0	1	0
9808081	0	1	0
9814526	0	1	0
9831386	0	1	0
9845823	0	1	0
9848142	0	4	0
9853444	0	1	0
9854263	0	2	0
9859005	0	2	0
9860862	0	1	0
9864634	0	3	0
9871089	0	4	0
9881568	0	1	0
9904715	0	4	0
9918352	0	1	0
9920495	0	4	0
9930339	0	2	0
9942834	0	1	0
9946145	0	3	0
9948561	0	1	0
9952133	0	1	0
9952567	0	1	0
9956700	0	1	0
9962235	0	1	0
9972889	0	1	0
9974228	0	4	0
10026780	0	1	0
10044366	0	1	0
10051517	0	1	0
10056406	0	1	0
10074245	0	1	0
10075112	0	2	0
10075166	0	1	0
10075203	0	1	0
10082309	0	1	0
10103961	0	1	0
10104728	0	1	0
10109056	0	1	0
10109117	0	1	0
10125771	0	0	1
10127148	0	1	0
10134719	0	1	0
10159714	0	3	0
10180617	0	2	0
10184626	0	3	0
10184657	0	2	0
10184672	0	1	0
10194781	0	4	0
10204125	0	1	0
10205031	0	1	0
10206140	0	1	0
10217505	0	3	0
10241463	0	1	0
10242211	0	1	0
10251301	0	1	0
10251601	0	1	0
10261021	0	1	0
10263882	0	1	0
10268074	0	7	0
10273154	0	1	0
10273209	0	2	0
10273274	0	2	0
10273298	0	1	0
10288629	0	1	0
10328993	0	5	0
10348855	0	1	0
10366130	0	3	0
10380049	0	0	1
10381083	0	1	0
10396261	0	4	0
10397224	0	1	0
10405221	0	4	0
10422423	0	3	0
10431413	0	1	0
10471034	0	1	0
10478935	0	5	0
10482011	0	1	0
10485864	0	2	0
10488483	0	7	0
10492677	0	1	0
10494969	0	1	0
10513189	0	1	0
10514463	0	2	0
10516969	0	1	0
10518687	0	1	0
10519771	0	1	0
10527811	0	1	0
10536650	0	4	0
10540264	0	4	0
10551283	0	5	0
10558784	0	1	0
10579425	0	1	0
10583386	0	2	0
10584756	0	2	0
10589157	0	1	0
10590541	0	1	0
10594882	0	1	0
10602581	0	1	0
10635138	0	1	0
10637774	0	4	0
10645813	0	2	0
10657935	0	3	0
10681882	0	1	0
10688221	0	1	0
10704831	0	1	0
10716157	0	2	0
10719241	0	1	0
10720298	0	2	0
10724443	0	1	0
10726455	0	0	1
10738266	0	1	0
10740653	0	1	0
10753546	0	1	0
10758899	0	1	0
10771505	0	7	0
10771684	0	1	0
10772015	0	1	0
10785812	0	1	0
10788876	0	1	0
10794803	0	1	0
10799619	0	1	0
10804324	0	1	0
10805291	0	1	0
10806054	0	1	0
10808231	0	1	0
10817728	0	1	0
10819166	0	1	0
10832877	0	1	0
10836195	0	1	0
10838293	0	1	0
10842682	0	1	0
10846424	0	1	0
10849060	0	1	0
10857969	0	1	0
10872627	0	1	0
10875574	0	1	0
10879834	0	1	0
10901941	0	1	0
10921807	0	1	0
10927582	0	1	0
10930844	0	0	1
10936575	0	1	0
10939035	0	1	0
10985394	0	1	0
10997536	0	1	0
11003033	0	1	0
11015769	0	1	0
11017807	0	1	0
11025692	0	1	0
11040916	0	1	0
11042382	0	1	0
11043513	0	1	0
11044450	0	1	0
11061241	0	1	0
11081700	0	3	0
11084074	0	1	0
11104208	0	3	0
11113957	0	1	0
11123671	0	1	0
11140497	0	1	0
11142200	0	1	0
11142476	0	1	0
11149389	0	0	1
11164014	0	2	0
11174496	0	2	0
11174977	0	1	0
11180287	0	2	0
11182316	0	3	0
11183224	0	2	0
11228476	0	1	0
11231387	0	1	0
11235993	0	1	0
11252235	0	1	0
11265686	0	1	0
11271750	0	3	0
11303818	0	0	1
11310058	0	0	1
11317275	0	1	0
11318298	0	1	0
11321133	0	1	0
11324871	0	1	0
11334057	0	1	0
11334667	0	1	0
11368046	0	1	0
11379861	0	3	0
11385224	0	1	0
11400227	0	1	0
11404409	0	1	0
11433482	0	1	0
11445750	0	1	0
11450384	0	8	0
11450427	0	1	0
11452660	0	1	0
11462680	0	1	0
11466945	0	1	0
11479010	0	1	0
11480032	0	1	0
11480274	0	1	0
11502552	0	1	0
11503748	0	1	0
11504057	0	1	0
11505248	0	1	0
11505846	0	1	0
11505875	0	0	1
11518022	0	0	1
11530700	0	1	0
11531489	0	1	0
11535487	0	1	0
11565321	0	1	0
11585848	0	1	0
11595212	0	2	0
11610038	0	2	0
11613762	0	1	0
11613806	0	1	0
11629724	0	2	0
11633846	0	5	0
11634419	0	1	0
11682391	0	1	0
11687227	0	1	0
11691591	0	1	0
11697868	0	1	0
11699159	0	1	0
11716457	0	1	0
11720929	0	1	0
11722817	0	1	0
11733058	0	1	0
11736141	0	3	0
11746472	0	3	0
11751689	0	1	0
11755425	0	1	0
11787614	0	1	0
11790809	0	1	0
11799701	0	1	0
11823292	0	0	1
11843076	0	1	0
11846224	0	1	0
11849180	0	1	0
11852705	0	1	0
11855927	0	1	0
11864392	0	5	0
11864679	0	1	0
11871369	0	1	0
11874555	0	3	0
11888268	0	1	0
11897928	0	1	0
11897935	0	3	0
11897949	0	1	0
11903596	0	1	0
11909513	0	1	0
11912559	0	1	0
11927906	0	1	0
11933353	0	1	0
11936331	0	2	0
11939740	0	1	0
11942591	0	1	0
11942960	0	3	0
11955675	0	1	0
11956881	0	0	1
11974243	0	1	0
11978308	0	1	0
12009951	0	1	0
12013431	0	1	0
12029408	0	1	0
12033935	0	1	0
12037743	0	3	0
12045505	0	2	0
12053277	0	1	0
12055923	0	1	0
12070247	0	1	0
12090564	0	1	0
12090671	0	1	0
12093479	0	1	0
12096513	0	1	0
12122893	0	1	0
12127928	0	2	0
12132522	0	2	0
12140868	0	1	0
12141400	0	4	0
12144973	0	9	0
12171300	0	2	0
12184905	0	1	0
12211746	0	4	0
12218198	0	1	0
12233182	0	1	0
12236626	0	1	0
12238279	0	2	0
12251052	0	2	0
12255229	0	1	0
12258091	0	1	0
12258307	0	2	0
12276744	0	1	0
12285863	0	1	0
12288996	0	4	0
12289285	0	1	0
12295495	0	1	0
12300970	0	1	0
12303091	0	2	0
12308157	0	1	0
12316398	0	1	0
12316508	0	1	0
12327688	0	1	0
12330717	0	1	0
12335231	0	1	0
12342671	0	1	0
12346618	0	1	0
12347109	0	1	0
12348261	0	1	0
12365386	0	2	0
12381882	0	1	0
12384415	0	1	0
12386381	0	1	0
12387793	0	1	0
12392319	0	1	0
12402356	0	1	0
12407177	0	1	0
12413635	0	1	0
12413829	0	1	0
12420013	0	1	0
12429046	0	1	0
12439674	0	1	0
12441546	0	2	0
12445324	0	1	0
12450743	0	4	0
12470592	0	1	0
12481636	0	1	0
12482257	0	1	0
12491877	0	1	0
12498170	0	3	0
12499760	0	1	0
12528640	0	1	0
12539627	0	1	0
12550622	0	1	0
12551513	0	4	0
12556324	0	8	0
12570502	0	1	0
12573257	0	1	0
12579127	0	1	0
12586590	0	1	0
12599725	0	0	1
12628736	0	1	0
12670333	0	7	0
12670412	0	1	0
12678568	0	1	0
12678869	0	4	0
12686281	0	3	0
12704210	0	1	0
12710535	0	8	0
12722134	0	2	0
12743628	0	1	0
12744101	0	1	0
12744426	0	1	0
12765169	0	1	0
12771709	0	1	0
12782285	0	7	0
12790131	0	1	0
12830614	0	1	0
12841145	0	1	0
12848063	0	1	0
12849939	0	1	0
12859116	0	2	0
12863273	0	1	0
12866733	0	1	0
12870960	0	2	0
12894147	0	1	0
12916656	0	1	0
12921694	0	1	0
12924089	0	1	0
12930602	0	1	0
12936850	0	1	0
12946027	0	1	0
12946251	0	1	0
12946409	0	1	0
12961940	0	2	0
12972183	0	1	0
12988129	0	1	0
12992907	0	1	0
13004606	0	1	0
13004750	0	1	0
13004758	0	2	0
13009319	0	1	0
13013139	0	1	0
13018565	0	1	0
13035490	0	1	0
13049845	0	1	0
13055278	0	1	0
13058509	0	1	0
13069178	0	1	0
13071687	0	1	0
13084739	0	1	0
13086557	0	2	0
13087599	0	1	0
13100900	0	1	0
13101300	0	1	0
13119694	0	0	1
13129245	0	1	0
13185417	0	1	0
13189261	0	1	0
13197284	0	1	0
13204281	0	4	0
13207692	0	1	0
13208835	0	1	0
13211434	0	3	0
13216519	0	2	0
13217732	0	2	0
13235910	0	1	0
13238978	0	1	0
13243994	0	1	0
13252390	0	1	0
13259657	0	3	0
13259667	0	1	0
13280194	0	1	0
13282936	0	1	0
13299046	0	3	0
13304306	0	1	0
13318504	0	1	0
13322205	0	1	0
13324253	0	1	0
13346271	0	2	0
13354307	0	1	0
13387497	0	1	0
13439769	0	1	0
13475729	0	1	0
13516444	0	2	0
13520435	0	3	0
13523905	0	1	0
13527141	0	1	0
13527862	0	1	0
13534646	0	2	0
13546225	0	1	0
13546260	0	2	0
13556587	0	1	0
13557385	0	1	0
13559631	0	1	0
13568322	0	1	0
13584029	0	0	1
13588831	0	2	0
13588832	0	2	0
13594221	0	1	0
13596244	0	2	0
13615181	0	3	0
13618618	0	1	0
13652454	0	1	0
13653060	0	1	0
13692078	0	1	0
13737573	0	0	1
13738424	0	1	0
13739185	0	3	0
13740283	0	1	0
13753302	0	1	0
13760214	0	1	0
13783226	0	4	0
13785846	0	3	0
13788604	0	1	0
13800768	0	1	0
13821292	0	1	0
13848745	0	1	0
13874763	0	2	0
13883054	0	1	0
13890605	0	1	0
13897323	0	1	0
13921903	0	1	0
13925399	0	1	0
13925980	0	1	0
13954360	0	6	0
13968841	0	1	0
13971786	0	3	0
13978323	0	7	0
14001344	0	1	0
14004203	0	2	0
14005692	0	5	0
14028299	0	1	0
14042063	0	3	0
14049184	0	1	0
14050668	0	1	0
14056966	0	2	0
14078998	0	1	0
14079642	0	1	0
14083028	0	1	0
14086910	0	1	0
14093048	0	1	0
14096489	0	1	0
14097704	0	1	0
14114407	0	1	0
14122851	0	1	0
14132487	0	2	0
14145929	0	1	0
14148344	0	1	0
14149698	0	1	0
14150624	0	1	0
14153289	0	1	0
14162561	0	1	0
14162968	0	1	0
14192576	0	9	0
14197639	0	2	0
14208127	0	1	0
14210271	0	1	0
14221895	0	1	0
14223960	0	1	0
14233242	0	1	0
14233260	0	6	0
14250767	0	1	0
14257753	0	1	0
14257754	0	1	0
14270940	0	1	0
14287272	0	1	0
14306221	0	3	0
14310110	0	1	0
14323332	0	1	0
14325178	0	3	0
14331805	0	1	0
14339490	0	3	0
14339545	0	0	1
14384783	0	1	0
14403155	0	1	0
14403928	0	1	0
14411890	0	1	0
14419179	0	1	0
14423288	0	1	0
14428811	0	1	0
14505044	0	2	0
14512307	0	1	0
14536629	0	1	0
14543936	0	1	0
14572001	0	4	0
14583642	0	1	0
14611859	0	1	0
14648143	0	2	0
14665266	0	1	0
14667813	0	6	0
14669985	0	2	0
14677387	0	1	0
14686824	0	1	0
14694200	0	1	0
14716845	0	1	0
14726037	0	1	0
14740844	0	1	0
14754590	0	8	0
14761819	0	1	0
14783218	0	2	0
14787314	0	0	1
14793474	0	1	0
14793754	0	1	0
14796215	0	2	0
14797576	0	1	0
14798373	0	1	0
14807914	0	1	0
14818179	0	0	1
14819673	0	1	0
14822299	0	1	0
14830111	0	1	0
14835805	0	1	0
14859170	0	1	0
14883945	0	1	0
14889339	0	1	0
14891706	0	1	0
14896253	0	7	0
14906069	0	1	0
14922319	0	0	1
14935738	0	1	0
14943640	0	1	0
14949041	0	1	0
14951664	0	2	0
14965027	0	2	0
14969901	0	1	0
14981016	0	1	0
14984174	0	3	0
14984583	0	1	0
15008851	0	1	0
15014824	0	1	0
15034415	0	1	0
15037874	0	1	0
15039836	0	5	0
15053694	0	1	0
15062907	0	1	0
15064603	0	3	0
15071774	0	1	0
15092624	0	1	0
15122789	0	1	0
15123046	0	1	0
15141005	0	1	0
15145161	0	1	0
15165631	0	5	0
15168498	0	1	0
15174234	0	3	0
15181730	0	3	0
15185631	0	1	0
15190555	0	1	0
15190663	0	1	0
15194248	0	1	0
15198848	0	1	0
15201112	0	2	0
15206261	0	2	0
15219298	0	1	0
15230225	0	1	0
15232129	0	1	0
15239518	0	0	1
15240043	0	1	0
15249718	0	1	0
15249719	0	1	0
15255195	0	1	0
15255746	0	1	0
15257472	0	1	0
15259762	0	0	1
15272144	0	1	0
15273200	0	1	0
15273258	0	1	0
15291755	0	1	0
15297430	0	1	0
15314759	0	2	0
15322528	0	7	0
15323083	0	0	1
15323199	0	1	0
15340609	0	2	0
15357608	0	1	0
15369230	0	0	1
15375967	0	1	0
15378405	0	1	0
15401497	0	0	1
15407315	0	1	0
15423163	0	1	0
15427582	0	1	0
15428440	0	1	0
15430480	0	1	0
15434631	0	1	0
15452429	0	1	0
15478272	0	1	0
15484049	0	1	0
15491189	0	1	0
15508425	0	2	0
15515145	0	3	0
15523212	0	1	0
15544333	0	4	0
15552718	0	3	0
15553273	0	1	0
15575617	0	1	0
15592848	0	1	0
15597863	0	1	0
15600242	0	1	0
15600526	0	1	0
15611921	0	1	0
15617056	0	1	0
15636051	0	4	0
15681847	0	1	0
15689341	0	1	0
15693288	0	1	0
15715422	0	1	0
15731671	0	2	0
15732469	0	1	0
15743296	0	1	0
15758440	0	1	0
15760981	0	1	0
15777488	0	1	0
15809487	0	1	0
15813848	0	1	0
15843073	0	1	0
15844059	0	1	0
15850090	0	7	0
15856198	0	1	0
15856486	0	1	0
15880005	0	2	0
15906392	0	2	0
15917413	0	1	0
15931412	0	1	0
15951587	0	2	0
15960106	0	1	0
15966065	0	1	0
15983039	0	1	0
15983048	0	1	0
15991294	0	1	0
15994187	0	2	0
16018273	0	1	0
16027969	0	1	0
16095427	0	1	0
16112449	0	9	0
16112450	0	1	0
16112614	0	1	0
16112623	0	1	0
16113108	0	2	0
16121164	0	3	0
16126051	0	1	0
16135495	0	1	0
16140575	0	5	0
16141145	0	1	0
16165056	0	1	0
16173142	0	1	0
16173739	0	2	0
16188701	0	1	0
16200689	0	1	0
16202821	0	1	0
16206145	0	1	0
16209734	0	6	0
16212905	0	1	0
16218419	0	2	0
16232859	0	1	0
16235681	0	1	0
16258615	0	1	0
16273485	0	1	0
16273701	0	1	0
16275958	0	1	0
16299834	0	0	1
16308619	0	1	0
16315107	0	1	0
16322945	0	4	0
16324453	0	2	0
16334189	0	1	0
16342094	0	1	0
16344189	0	3	0
16345462	0	1	0
16366949	0	1	0
16378318	0	1	0
16390803	0	1	0
16395211	0	1	0
16404666	0	1	0
16406649	0	1	0
16413293	0	1	0
16422495	0	1	0
16432167	0	1	0
16434453	0	1	0
16436637	0	1	0
16440707	0	0	1
16448986	0	1	0
16455642	0	4	0
16483324	0	1	0
16484718	0	1	0
16498995	0	2	0
16501906	0	1	0
16502007	0	1	0
16503395	0	1	0
16513690	0	3	0
16553602	0	1	0
16557606	0	1	0
16579971	0	3	0
16588370	0	1	0
16594525	0	1	0
16611211	0	1	0
16617921	0	1	0
16623164	0	1	0
16639261	0	1	0
16675226	0	1	0
16678193	0	1	0
16683664	0	3	0
16694928	0	1	0
16702278	0	0	1
16722036	0	1	0
16730596	0	3	0
16732886	0	8	0
16734270	0	1	0
16745113	0	0	1
16754386	0	4	0
16759942	0	1	0
16761193	0	1	0
16762181	0	1	0
16781047	0	1	0
16782292	0	1	0
16783007	0	1	0
16791820	0	1	0
16791852	0	3	0
16792372	0	1	0
16805114	0	1	0
16806640	0	1	0
16820122	0	1	0
16832860	0	1	0
16848713	0	1	0
16873689	0	1	0
16877693	0	1	0
16884482	0	1	0
16889527	0	1	0
16892605	0	1	0
16903762	0	1	0
16903802	0	1	0
16905858	0	1	0
16908190	0	2	0
16918190	0	1	0
16925629	0	3	0
16940519	0	1	0
16945023	0	1	0
16958888	0	1	0
16967977	0	1	0
16969835	0	1	0
16982068	0	2	0
16982093	0	1	0
16999908	0	1	0
17001495	0	1	0
17006754	0	1	0
17018132	0	1	0
17018360	0	1	0
17030094	0	1	0
17033178	0	1	0
17074997	0	1	0
17080784	0	1	0
17081684	0	1	0
17089076	0	1	0
17096165	0	1	0
17097514	0	0	1
17104060	0	1	0
17116105	0	3	0
17123658	0	1	0
17128384	0	1	0
17152204	0	0	1
17188740	0	1	0
17198987	0	1	0
17206091	0	1	0
17208006	0	3	0
17208216	0	1	0
17213393	0	1	0
17215487	0	1	0
17219910	0	1	0
17220121	0	1	0
17220128	0	1	0
17220132	0	1	0
17222257	0	1	0
17224607	0	2	0
17227899	0	1	0
17236188	0	1	0
17256765	0	6	0
17264345	0	2	0
17264419	0	3	0
17264470	0	1	0
17270028	0	2	0
17276123	0	1	0
17280386	0	1	0
17280816	0	1	0
17282038	0	1	0
17283958	0	1	0
17292291	0	3	0
17295426	0	1	0
17295503	0	1	0
17300611	0	1	0
17304453	0	0	1
17357507	0	1	0
17357645	0	1	0
17361164	0	1	0
17377458	0	3	0
17384290	0	9	0
17389269	0	1	0
17391397	0	1	0
17397709	0	1	0
17400871	0	2	0
17410172	0	1	0
17410255	0	1	0
17428559	0	1	0
17445102	0	1	0
17448586	0	4	0
17449437	0	1	0
17462338	0	9	0
17469554	0	0	1
17470112	0	1	0
17480389	0	1	0
17492204	0	1	0
17496813	0	0	1
17517489	0	1	0
17553818	0	1	0
17558967	0	0	1
17577672	0	2	0
17595285	0	2	0
17616112	0	1	0
17620987	0	1	0
17624220	0	1	0
17632627	0	1	0
17637319	0	2	0
17649520	0	0	1
17656300	0	4	0
17657781	0	1	0
17660643	0	1	0
17673150	0	1	0
17676683	0	1	0
17685625	0	1	0
17691325	0	1	0
17692814	0	1	0
17715325	0	2	0
17715800	0	3	0
17723164	0	1	0
17728445	0	1	0
17745479	0	1	0
17748395	0	2	0
17764150	0	1	0
17772396	0	0	1
17774507	0	1	0
17775160	0	1	0
17812989	0	1	0
17817605	0	1	0
17820200	0	1	0
17823323	0	1	0
17825770	0	1	0
17825835	0	1	0
17827881	0	1	0
17834000	0	1	0
17842668	0	2	0
17843546	0	1	0
17845694	0	1	0
17850599	0	1	0
17850700	0	1	0
17856637	0	1	0
17858856	0	1	0
17864970	0	1	0
17879594	0	1	0
17884378	0	1	0
17894842	0	2	0
17899414	0	1	0
17906664	0	1	0
17932405	0	1	0
17941240	0	1	0
17943967	0	3	0
17951962	0	1	0
17956147	0	2	0
17959401	0	5	0
17962379	0	2	0
18048550	0	1	0
18062449	0	1	0
18069016	0	2	0
18070243	0	3	0
18083938	0	1	0
18085530	0	1	0
18112319	0	4	0
18112987	0	3	0
18115903	0	1	0
18125902	0	1	0
18126335	0	1	0
18140949	0	1	0
18145293	0	1	0
18145401	0	0	1
18145549	0	0	1
18154288	0	1	0
18183706	0	1	0
18198094	0	7	0
18198739	0	1	0
18210530	0	1	0
18213819	0	3	0
18220906	0	1	0
18221411	0	6	0
18224359	0	1	0
18228040	0	5	0
18228120	0	3	0
18240762	0	1	0
18244333	0	1	0
18251364	0	10	0
18266271	0	3	0
18269860	0	5	0
18295679	0	1	0
18304325	0	1	0
18317447	0	1	0
18349885	0	1	0
18364403	0	2	0
18368654	0	1	0
18371032	0	1	0
18383251	0	1	0
18394356	0	1	0
18402531	0	1	0
18407734	0	1	0
18419923	0	14	0
18422625	0	1	0
18430388	0	2	0
18444748	0	1	0
18454858	0	3	0
18477075	0	1	0
18486024	0	1	0
18497738	0	1	0
18520205	0	1	0
18521830	0	6	0
18524327	0	1	0
18541187	0	0	1
18541428	0	1	0
18554531	0	1	0
18574758	0	1	0
18575295	0	2	0
18576332	0	1	0
18578573	0	1	0
18586526	0	1	0
18593001	0	1	0
18593056	0	1	0
18596854	0	1	0
18611346	0	2	0
18615551	0	1	0
18654657	0	1	0
18665025	0	2	0
18677733	0	1	0
18680773	0	3	0
18682187	0	1	0
18684072	0	1	0
18694704	0	1	0
18697722	0	1	0
18701870	0	1	0
18716290	0	1	0
18716987	0	1	0
18717874	0	4	0
18731755	0	1	0
18734323	0	1	0
18736228	0	0	1
18740429	0	1	0
18740912	0	1	0
18749086	0	1	0
18749319	0	1	0
18750922	0	1	0
18751093	0	6	0
18772361	0	1	0
18774029	0	0	1
18781499	0	2	0
18798437	0	1	0
18809830	0	1	0
18827191	0	2	0
18827337	0	1	0
18828240	0	1	0
18830310	0	1	0
18891503	0	0	1
18929456	0	0	1
18929625	0	0	1
18935401	0	1	0
18935744	0	1	0
18940140	0	1	0
18967416	0	1	0
18981780	0	1	0
18998952	0	1	0
19000448	0	1	0
19004358	0	1	0
19026960	0	1	0
19029372	0	1	0
19031151	0	1	0
19033787	0	2	0
19039197	0	8	0
19042830	0	1	0
19046814	0	1	0
19068874	0	1	0
19084661	0	1	0
19085571	0	1	0
19091391	0	2	0
19091403	0	1	0
19107479	0	1	0
19116722	0	1	0
19128272	0	1	0
19134818	0	1	0
19148470	0	1	0
19154148	0	5	0
19154693	0	3	0
19155208	0	1	0
19155380	0	1	0
19155654	0	1	0
19171244	0	0	1
19175889	0	1	0
19182504	0	2	0
19204774	0	1	0
19212302	0	2	0
19213696	0	1	0
19220527	0	3	0
19224206	0	2	0
19225159	0	1	0
19225192	0	1	0
19225238	0	2	0
19225284	0	1	0
19225323	0	2	0
19225339	0	1	0
19225358	0	2	0
19240390	0	1	0
19248655	0	3	0
19255769	0	1	0
19264675	0	1	0
19290022	0	1	0
19297140	0	1	0
19305319	0	1	0
19318264	0	1	0
19331297	0	1	0
19338709	0	1	0
19338949	0	1	0
19343679	0	1	0
19366566	0	1	0
19366862	0	1	0
19366974	0	2	0
19377254	0	11	0
19403852	0	4	0
19411572	0	2	0
19418519	0	2	0
19433198	0	1	0
19439031	0	1	0
19459415	0	1	0
19464324	0	1	0
19474317	0	1	0
19479999	0	1	0
19492653	0	1	0
19497454	0	1	0
19501504	0	1	0
19507716	0	6	0
19512597	0	1	0
19513906	0	3	0
19524222	0	1	0
19526307	0	1	0
19533240	0	1	0
19562586	0	1	0
19567209	0	1	0
19573543	0	1	0
19575380	0	1	0
19603867	0	1	0
19615463	0	0	1
19622243	0	2	0
19624400	0	3	0
19632150	0	1	0
19644561	0	2	0
19648189	0	2	0
19648543	0	1	0
19655408	0	2	0
19656012	0	1	0
19658129	0	1	0
19658453	0	2	0
19660957	0	5	0
19662121	0	1	0
19663148	0	1	0
19668287	0	1	0
19669672	0	1	0
19676295	0	1	0
19696153	0	2	0
19697938	0	3	0
19706588	0	1	0
19713768	0	1	0
19714939	0	1	0
19718315	0	1	0
19720500	0	1	0
19721511	0	2	0
19729810	0	0	1
19730363	0	1	0
19730438	0	1	0
19730446	0	1	0
19730452	0	1	0
19730456	0	3	0
19730473	0	1	0
19730476	0	1	0
19747211	0	1	0
19750323	0	4	0
19758755	0	1	0
19767084	0	1	0
19772741	0	1	0
19777356	0	1	0
19777386	0	2	0
19781235	0	1	0
19788586	0	1	0
19796735	0	1	0
19804097	0	1	0
19812460	0	0	1
19819985	0	2	0
19821626	0	1	0
19827380	0	1	0
19832777	0	1	0
19844401	0	1	0
19855938	0	1	0
19857176	0	1	0
19873328	0	1	0
19883478	0	1	0
19884518	0	1	0
19894851	0	1	0
19897414	0	0	1
19901903	0	1	0
19937507	0	1	0
19941632	0	1	0
19945632	0	2	0
19954849	0	1	0
19967194	0	0	1
19987134	0	1	0
19999339	0	3	0
20003490	0	2	0
20018274	0	2	0
20045493	0	0	2
20050735	0	1	0
20050931	0	1	0
20077952	0	3	0
20081166	0	1	0
20086462	0	1	0
20107545	0	1	0
20126784	0	1	0
20156995	0	1	0
20166534	0	1	0
20173688	0	1	0
20179867	0	1	0
20214800	0	1	0
20216812	0	1	0
20231198	0	2	0
20245824	0	1	0
20246062	0	4	0
20246931	0	1	0
20247958	0	2	0
20280559	0	2	0
20291343	0	1	0
20301654	0	1	0
20318025	0	1	0
20318184	0	1	0
20321904	0	8	0
20411869	0	1	0
20437669	0	1	0
20450395	0	1	0
20453120	0	1	0
20455023	0	1	0
20473698	0	0	1
20491158	0	1	0
20495427	0	1	0
20498595	0	1	0
20504305	0	1	0
20504363	0	1	0
20519530	0	0	1
20535739	0	1	0
20536119	0	1	0
20541293	0	1	0
20545328	0	1	0
20561321	0	1	0
20566097	0	1	0
20578917	0	1	0
20583479	0	2	0
20599346	0	1	0
20599557	0	2	0
20614400	0	4	0
20615630	0	1	0
20623769	0	2	0
20643770	0	1	0
20662053	0	2	0
20662619	0	1	0
20677224	0	1	0
20680015	0	1	0
20690155	0	1	0
20714204	0	1	0
20718197	0	3	0
20719879	0	1	0
20725290	0	2	0
20726170	0	0	1
20745343	0	1	0
20747729	0	1	0
20759936	0	1	0
20767604	0	0	1
20776940	0	1	0
20777269	0	1	0
20793271	0	1	0
20802240	0	2	0
20810951	0	3	0
20815219	0	4	0
20835283	0	1	0
20866123	0	2	0
20887365	0	2	0
20900662	0	1	0
20918046	0	2	0
20926191	0	2	0
20973125	0	1	0
20989902	0	1	0
20990236	0	1	0
21006288	0	1	0
21018726	0	2	0
21019539	0	1	0
21022119	0	1	0
21027296	0	5	0
21031344	0	3	0
21044099	0	1	0
21069719	0	2	0
21074268	0	1	0
21074383	0	1	0
21123850	0	5	0
21136884	0	4	0
21149381	0	1	0
21151319	0	1	0
21160712	0	1	0
21172723	0	1	0
21173445	0	1	0
21175909	0	1	0
21186592	0	2	0
21188903	0	1	0
21200482	0	1	0
21214102	0	1	0
21220542	0	1	0
21226308	0	1	0
21231943	0	1	0
21236430	0	1	0
21237986	0	1	0
21253963	0	1	0
21269412	0	2	0
21280438	0	1	0
21302449	0	2	0
21320983	0	1	0
21321489	0	1	0
21330808	0	1	0
21344732	0	1	0
21345205	0	1	0
21356983	0	1	0
21359314	0	2	0
21383049	0	1	0
21386178	0	1	0
21389015	0	1	0
21390902	0	1	0
21392625	0	2	0
21402607	0	1	0
21403348	0	1	0
21433862	0	1	0
21450473	0	2	0
21455639	0	1	0
21459021	0	1	0
21459103	0	1	0
21459464	0	1	0
21459532	0	1	0
21459536	0	2	0
21459538	0	1	0
21459540	0	1	0
21479220	0	1	0
21481983	0	3	0
21511316	0	1	0
21524282	0	7	0
21543947	0	1	0
21554357	0	3	0
21575459	0	4	0
21575802	0	1	0
21582783	0	1	0
21590063	0	2	0
21593095	0	2	0
21630254	0	1	0
21631026	0	1	0
21657407	0	1	0
21662748	0	1	0
21663521	0	1	0
21690029	0	1	0
21710534	0	1	0
21713138	0	2	0
21713390	0	1	0
21766078	0	1	0
21775920	0	2	0
21782398	0	1	0
21789081	0	1	0
21798458	0	1	0
21812251	0	2	0
21818774	0	1	0
21838044	0	2	0
21866930	0	1	0
21877394	0	1	0
21881733	0	1	0
21895775	0	1	0
21915833	0	1	0
21926527	0	5	0
21929955	0	1	0
21932876	0	0	1
21941368	0	1	0
21945720	0	1	0
21946545	0	1	0
21956710	0	1	0
21973046	0	2	0
21975341	0	1	0
21976014	0	2	0
21982421	0	1	0
21988708	0	3	0
21991875	0	5	0
21995094	0	1	0
22000205	0	1	0
22000294	0	1	0
22000683	0	1	0
22013853	0	1	0
22018205	0	1	0
22034948	0	1	0
22043469	0	0	1
22049618	0	1	0
22054272	0	1	0
22067517	0	3	0
22071250	0	9	0
22111696	0	1	0
22123609	0	1	0
22134621	0	2	0
22134629	0	2	0
22146873	0	1	0
22154812	0	2	0
22157403	0	1	0
22158989	0	1	0
22165200	0	1	0
22190529	0	1	0
22200160	0	2	0
22227184	0	3	0
22237808	0	1	0
22239776	0	1	0
22239819	0	1	0
22243944	0	1	0
22245520	0	1	0
22245874	0	1	0
22246530	0	1	0
22265344	0	1	0
22269617	0	1	0
22275787	0	1	0
22283223	0	5	0
22284665	0	1	0
22286108	0	1	0
22286423	0	1	0
22287993	0	1	0
22298096	0	1	0
22310528	0	1	0
22311542	0	12	0
22314086	0	1	0
22320677	0	3	0
22331816	0	7	0
22332694	0	7	0
22338430	0	0	1
22345857	0	1	0
22355415	0	0	1
22357563	0	2	0
22363986	0	1	0
22367683	0	1	0
22373659	0	1	0
22382385	0	1	0
22392147	0	1	0
22406487	0	2	0
22406835	0	1	0
22425845	0	1	0
22439738	0	1	0
22443673	0	1	0
22454515	0	1	0
22456729	0	2	0
22458087	0	1	0
22459382	0	1	0
22460749	0	1	0
22465591	0	1	0
22465718	0	3	0
22481387	0	1	0
22483171	0	9	0
22512199	0	1	0
22517353	0	1	0
22520322	0	1	0
22532869	0	1	0
22541068	0	1	0
22568773	0	1	0
22575888	0	1	0
22584610	0	1	0
22585095	0	1	0
22585483	0	1	0
22591185	0	1	0
22593615	0	1	0
22610694	0	1	0
22611279	0	2	0
22613462	0	1	0
22620212	0	5	0
22623561	0	1	0
22634139	0	1	0
22634273	0	1	0
22643253	0	1	0
22644631	0	7	0
22645195	0	1	0
22658523	0	1	0
22663421	0	1	0
22664791	0	1	0
22665856	0	1	0
22705788	0	1	0
22708962	0	1	0
22721723	0	1	0
22739267	0	1	0
22746561	0	1	0
22748786	0	1	0
22759103	0	2	0
22770395	0	3	0
22771082	0	1	0
22786932	0	1	0
22792928	0	1	0
22798537	0	2	0
22800549	0	1	0
22805729	0	1	0
22821947	0	1	0
22823891	0	2	0
22828112	0	1	0
22835700	0	1	0
22843638	0	1	0
22846898	0	1	0
22856725	0	8	0
22872023	0	1	0
22876589	0	1	0
22880304	0	1	0
22893281	0	1	0
22895681	0	1	0
22900274	0	1	0
22904825	0	1	0
22905611	0	1	0
22905627	0	1	0
22917582	0	1	0
22920481	0	1	0
22937333	0	3	0
22952607	0	9	0
22956247	0	2	0
22961462	0	1	0
22966756	0	1	0
22973386	0	1	0
22975342	0	1	0
22975396	0	1	0
22983741	0	1	0
22984109	0	1	0
22985405	0	1	0
22988798	0	3	0
22991730	0	1	0
22992424	0	0	1
22992512	0	1	0
23006842	0	1	0
23009697	0	1	0
23016710	0	2	0
23030686	0	1	0
23036059	0	1	0
23044372	0	1	0
23051859	0	2	0
23064209	0	1	0
23067927	0	1	0
23103751	0	1	0
23105648	0	1	0
23130986	0	1	0
23139157	0	1	0
23162297	0	1	0
23186002	0	2	0
23189519	0	1	0
23191070	0	2	0
23202843	0	1	0
23208734	0	1	0
23224358	0	1	0
23225284	0	1	0
23233257	0	1	0
23235773	0	1	0
23241143	0	1	0
23250306	0	1	0
23253473	0	3	0
23270294	0	4	0
23297468	0	1	0
23316415	0	1	0
23317472	0	1	0
23323355	0	1	0
23325105	0	1	0
23337283	0	2	0
23348510	0	1	0
23381936	0	1	0
23396307	0	1	0
23400582	0	4	0
23401746	0	1	0
23401775	0	1	0
23402277	0	1	0
23435463	0	1	0
23446354	0	1	0
23446359	0	2	0
23451453	0	1	0
23459204	0	1	0
23468040	0	1	0
23474618	0	2	0
23497062	0	1	0
23527172	0	1	0
23530966	0	1	0
23531709	0	1	0
23536004	0	1	0
23536253	0	2	0
23562481	0	1	0
23563057	0	1	0
23590343	0	1	0
23593780	0	4	0
23594155	0	2	0
23598242	0	0	1
23611199	0	1	0
23627271	0	1	0
23632987	0	0	1
23643225	0	1	0
23647598	0	2	0
23675640	0	1	0
23686634	0	1	0
23691573	0	1	0
23695462	0	1	0
23740532	0	4	0
23751367	0	1	0
23760878	0	8	0
23761676	0	1	0
23764153	0	1	0
23767025	0	1	0
23777960	0	1	0
23798313	0	1	0
23798672	0	1	0
23812820	0	1	0
23815032	0	2	0
23828203	0	1	0
23830067	0	1	0
23835546	0	1	0
23836152	0	1	0
23838161	0	1	0
23849520	0	1	0
23856964	0	1	0
23859711	0	1	0
23865061	0	1	0
23873571	0	2	0
23909451	0	6	0
23934115	0	1	0
23940415	0	1	0
23940592	0	1	0
23959473	0	2	0
23965947	0	1	0
23967244	0	1	0
23971597	0	1	0
23982534	0	2	0
23984352	0	1	0
23987810	0	1	0
24003434	0	3	0
24011605	0	1	0
24013301	0	1	0
24019667	0	1	0
24019891	0	3	0
24030810	0	1	0
24035392	0	1	0
24038254	0	3	0
24043229	0	1	0
24070367	0	2	0
24074906	0	2	0
24078444	0	1	0
24094627	0	4	0
24101815	0	1	0
24140399	0	0	1
24150046	0	4	0
24151123	0	1	0
24154794	0	1	0
24155906	0	4	0
24161380	0	3	0
24169336	0	1	0
24172954	0	1	0
24189594	0	1	0
24204373	0	1	0
24206362	0	13	0
24244740	0	7	0
24246800	0	1	0
24247572	0	1	0
24271176	0	1	0
24275087	0	1	0
24285285	0	1	0
24318113	0	1	0
24330936	0	1	0
24331978	0	1	0
24338785	0	0	1
24354181	0	1	0
24354494	0	1	0
24355318	0	1	0
24375689	0	1	0
24397509	0	1	0
24403577	0	4	0
24409138	0	1	0
24415561	0	1	0
24418846	0	1	0
24439895	0	1	0
24451685	0	1	0
24454460	0	3	0
24458216	0	1	0
24465784	0	1	0
24470993	0	2	0
24471929	0	0	1
24478029	0	1	0
24501526	0	1	0
24506327	0	1	0
24506585	0	3	0
24555949	0	1	0
24571065	0	1	0
24572955	0	1	0
24596711	0	2	0
24597982	0	1	0
24604385	0	1	0
24617079	0	1	0
24621244	0	1	0
24635354	0	1	0
24636501	0	2	0
24657624	0	1	0
24659500	0	1	0
24662406	0	1	0
24683818	0	1	0
24683879	0	1	0
24703792	0	1	0
24705301	0	1	0
24713127	0	2	0
24713779	0	1	0
24726154	0	1	0
24730138	0	6	0
24732452	0	1	0
24733879	0	1	0
24738579	0	3	0
24741696	0	1	0
24742665	0	1	0
24754718	0	1	0
24764659	0	1	0
24774552	0	1	0
24779684	0	1	0
24780768	0	1	0
24786318	0	1	0
24794222	0	1	0
24826061	0	1	0
24845490	0	1	0
24853004	0	1	0
24858094	0	1	0
24861099	0	1	0
24887902	0	1	0
24900712	0	3	0
24902488	0	1	0
24924896	0	3	0
24934537	0	1	0
24958427	0	3	0
24984747	0	1	0
24994629	0	1	0
25010839	0	1	0
25013671	0	1	0
25021174	0	3	0
25042418	0	2	0
25044068	0	1	0
25049173	0	1	0
25120671	0	2	0
25121727	0	1	0
25122521	0	1	0
25134072	0	1	0
25135890	0	1	0
25147338	0	1	0
25148837	0	1	0
25157690	0	1	0
25167814	0	1	0
25176439	0	6	0
25189101	0	1	0
25196024	0	1	0
25202210	0	1	0
25202805	0	1	0
25206484	0	2	0
25212950	0	1	0
25227766	0	1	0
25231500	0	1	0
25254129	0	1	0
25285140	0	1	0
25287896	0	4	0
25294824	0	1	0
25317963	0	1	0
25326424	0	1	0
25339466	0	0	1
25341167	0	0	1
25346846	0	1	0
25354497	0	1	0
25358372	0	1	0
25365788	0	2	0
25377237	0	2	0
25379737	0	0	1
25385678	0	2	0
25391207	0	2	0
25397617	0	1	0
25403845	0	1	0
25435926	0	1	0
25444273	0	1	0
25445888	0	2	0
25451194	0	1	0
25451484	0	0	1
25462536	0	2	0
25464114	0	1	0
25478823	0	1	0
25479588	0	1	0
25508275	0	1	0
25509769	0	1	0
25520463	0	1	0
25521165	0	1	0
25522901	0	1	0
25527009	0	1	0
25531064	0	1	0
25531551	0	0	1
25561831	0	8	0
25582421	0	1	0
25584333	0	3	0
25598379	0	1	0
25649688	0	1	0
25653810	0	1	0
25655759	0	2	0
25676613	0	1	0
25678301	0	1	0
25679682	0	1	0
25686972	0	2	0
25693975	0	1	0
25702686	0	1	0
25738748	0	1	0
25761206	0	1	0
25762341	0	1	0
25786405	0	1	0
25795504	0	1	0
25818500	0	1	0
25820410	0	0	1
25826253	0	1	0
25827131	0	1	0
25830946	0	4	0
25838788	0	1	0
25860251	0	3	0
25872745	0	1	0
25878551	0	1	0
25885843	0	1	0
25891524	0	3	0
25912165	0	1	0
25914772	0	1	0
25927103	0	2	0
25928693	0	4	0
25938788	0	1	0
25940926	0	1	0
25946037	0	1	0
25950634	0	1	0
25953681	0	1	0
25961094	0	1	0
25964615	0	0	1
25984058	0	1	0
26003690	0	1	0
26004513	0	1	0
26007230	0	1	0
26042623	0	1	0
26042952	0	1	0
26043066	0	1	0
26049603	0	1	0
26051457	0	1	0
26063854	0	1	0
26071167	0	1	0
26071169	0	1	0
26075200	0	0	1
26087288	0	1	0
26097273	0	1	0
26099209	0	1	0
26103884	0	1	0
26116752	0	5	0
26117692	0	3	0
26119272	0	2	0
26138040	0	1	0
26159564	0	1	0
26165165	0	1	0
26165635	0	1	0
26166570	0	1	0
26182890	0	5	0
26192526	0	1	0
26194164	0	1	0
26194264	0	1	0
26197722	0	3	0
26200000	0	1	0
26209147	0	0	1
26223671	0	1	0
26227602	0	1	0
26234606	0	2	0
26251020	0	1	0
26252714	0	1	0
26253419	0	1	0
26254600	0	1	0
26258513	0	1	0
26282788	0	1	0
26290756	0	1	0
26306639	0	1	0
26306702	0	2	0
26306911	0	1	0
26307066	0	2	0
26310304	0	1	0
26318252	0	1	0
26335399	0	2	0
26336076	0	1	0
26345771	0	2	0
26348433	0	1	0
26352138	0	1	0
26355544	0	1	0
26355781	0	1	0
26361612	0	1	0
26370563	0	1	0
26371710	0	1	0
26378776	0	1	0
26382867	0	1	0
26394914	0	1	0
26405341	0	2	0
26419181	0	7	0
26428060	0	1	0
26433934	0	4	0
26448993	0	1	0
26452469	0	1	0
26453987	0	1	0
26458084	0	1	0
26466095	0	1	0
26467194	0	2	0
26483263	0	1	0
26484562	0	1	0
26487421	0	1	0
26489427	0	3	0
26496703	0	1	0
26552275	0	1	0
26566088	0	3	0
26567975	0	1	0
26573788	0	2	0
26580951	0	1	0
26580994	0	1	0
26615920	0	1	0
26626329	0	1	0
26643431	0	2	0
26645558	0	1	0
26651905	0	1	0
26663937	0	1	0
26666786	0	1	0
26671727	0	2	0
26679498	0	1	0
26683339	0	1	0
26683842	0	1	0
26708071	0	2	0
26715222	0	1	0
26725719	0	1	0
26726863	0	2	0
26730201	0	1	0
26742051	0	1	0
26744846	0	1	0
26759081	0	0	1
26767423	0	1	0
26776097	0	3	0
26783478	0	2	0
26795833	0	0	1
26818194	0	1	0
26822972	0	1	0
26831191	0	1	0
26837230	0	1	0
26851020	0	1	0
26851666	0	1	0
26856025	0	1	0
26859088	0	1	0
26863688	0	1	0
26873658	0	1	0
26876084	0	1	0
26892312	0	1	0
26892506	0	1	0
26898068	0	1	0
26899426	0	2	0
26905078	0	3	0
26945231	0	0	1
26956219	0	5	0
26961825	0	4	0
26964894	0	1	0
26978544	0	1	0
26985796	0	3	0
26990603	0	2	0
26999666	0	1	0
27044634	0	1	0
27049528	0	9	0
27063018	0	1	0
27064898	0	2	0
27064899	0	1	0
27082026	0	1	0
27084199	0	1	0
27107859	0	1	0
27111730	0	1	0
27116198	0	1	0
27135952	0	5	0
27154253	0	1	0
27161417	0	1	0
27175495	0	1	0
27186924	0	1	0
27235420	0	0	1
27251844	0	1	0
27267243	0	1	0
27280168	0	4	0
27307659	0	1	0
27309788	0	2	0
27326154	0	1	0
27338888	0	1	0
27351241	0	1	0
27358249	0	1	0
27366197	0	1	0
27379774	0	2	0
27393036	0	1	0
27438850	0	1	0
27438927	0	1	0
27439239	0	6	0
27443384	0	1	0
27466307	0	1	0
27474351	0	1	0
27476694	0	2	0
27485045	0	1	0
27493510	0	1	0
27501370	0	3	0
27502688	0	1	0
27509377	0	1	0
27511593	0	5	0
27520303	0	1	0
27529323	0	1	0
27533207	0	5	0
27538455	0	1	0
27539068	0	1	0
27551344	0	1	0
27619275	0	1	0
27630898	0	1	0
27639714	0	1	0
27669518	0	1	0
27672443	0	1	0
27680144	0	4	0
27683904	0	1	0
27694787	0	1	0
27694825	0	1	0
27702147	0	1	0
27708795	0	1	0
27718211	0	3	0
27725478	0	1	0
27736440	0	1	0
27749165	0	1	0
27754307	0	1	0
27766001	0	2	0
27771981	0	1	0
27777796	0	1	0
27789140	0	1	0
27792608	0	3	0
27813864	0	0	1
27831927	0	1	0
27845997	0	1	0
27846021	0	1	0
27846034	0	1	0
27857920	0	1	0
27874695	0	1	0
27878245	0	2	0
27880336	0	1	0
27881883	0	1	0
27886915	0	0	1
27887950	0	1	0
27912392	0	1	0
27936489	0	2	0
27952150	0	1	0
27953987	0	0	1
27979034	0	1	0
27986389	0	2	0
28008015	0	1	0
28011893	0	1	0
28019050	0	4	0
28029341	0	1	0
28030891	0	1	0
28031240	0	1	0
28051880	0	1	0
28062239	0	1	0
28066645	0	0	1
28072711	0	2	0
28082510	0	1	0
28083034	0	1	0
28090423	0	1	0
28099309	0	1	0
28108310	0	2	0
28110233	0	1	0
28117063	0	1	0
28141648	0	1	0
28152548	0	1	0
28188372	0	1	0
28211719	0	3	0
28243497	0	1	0
28248552	0	1	0
28248553	0	1	0
28251582	0	1	0
28271485	0	1	0
28276573	0	3	0
28280016	0	1	0
28320343	0	2	0
28321078	0	1	0
28323915	0	1	0
28334406	0	1	0
28340921	0	1	0
28353563	0	5	0
28370736	0	1	0
28376370	0	1	0
28376897	0	2	0
28410644	0	1	0
28427346	0	2	0
28437215	0	1	0
28477199	0	1	0
28485437	0	1	0
28493312	0	1	0
28493317	0	1	0
28498324	0	1	0
28505858	0	1	0
28522314	0	1	0
28530508	0	1	0
28534447	0	1	0
28540340	0	1	0
28600143	0	1	0
28604574	0	1	0
28605307	0	4	0
28627012	0	3	0
28629604	0	1	0
28634464	0	1	0
28651972	0	1	0
28659189	0	0	1
28664406	0	1	0
28667030	0	1	0
28676911	0	1	0
28681375	0	1	0
28692675	0	1	0
28703336	0	1	0
28706639	0	1	0
28718029	0	1	0
28720323	0	2	0
28720324	0	1	0
28723933	0	1	0
28735944	0	1	0
28740992	0	1	0
28741290	0	4	0
28751721	0	1	0
28803425	0	2	0
28805483	0	1	0
28812058	0	1	0
28813818	0	1	0
28820870	0	1	0
28834631	0	1	0
28854992	0	1	0
28855693	0	4	0
28861990	0	3	0
28897829	0	3	0
28898450	0	1	0
28906225	0	1	0
28911118	0	1	0
28915287	0	1	0
28958956	0	1	0
28971961	0	1	0
28981461	0	1	0
28989150	0	1	0
29006814	0	1	0
29008974	0	1	0
29009698	0	1	0
29015042	0	3	0
29021942	0	1	0
29030995	0	1	0
29041968	0	2	0
29057183	0	1	0
29063208	0	3	0
29073818	0	1	0
29087569	0	1	0
29117471	0	1	0
29143021	0	2	0
29167798	0	1	0
29168556	0	1	0
29168852	0	1	0
29184505	0	1	0
29198226	0	1	0
29220192	0	1	0
29235376	0	1	0
29237364	0	1	0
29253217	0	1	0
29256254	0	1	0
29275264	0	1	0
29282449	0	3	0
29292636	0	1	0
29308273	0	2	0
29318321	0	1	0
29332564	0	1	0
29364506	0	1	0
29368008	0	1	0
29373084	0	1	0
29374282	0	2	0
29377630	0	2	0
29381033	0	1	0
29387237	0	1	0
29396263	0	0	1
29396275	0	0	1
29410101	0	4	0
29410161	0	2	0
29410422	0	2	0
29412258	0	1	0
29421877	0	1	0
29448867	0	1	0
29476695	0	1	0
29479197	0	1	0
29487774	0	1	0
29490912	0	1	0
29494168	0	1	0
29499050	0	1	0
29500500	0	3	0
29504586	0	2	0
29507629	0	1	0
29516279	0	2	0
29518742	0	1	0
29524913	0	1	0
29531159	0	1	0
29539580	0	1	0
29548276	0	3	0
29549394	0	1	0
29551318	0	1	0
29576245	0	1	0
29579018	0	2	0
29582146	0	1	0
29582991	0	5	0
29586916	0	1	0
29603052	0	1	0
29610579	0	5	0
29611039	0	1	0
29613917	0	2	0
29641376	0	1	0
29643969	0	1	0
29689641	0	1	0
29755048	0	1	0
29779942	0	2	0
29797255	0	1	0
29804548	0	1	0
29828100	0	1	0
29845607	0	1	0
29875954	0	1	0
29913004	0	1	0
29927065	0	1	0
29930709	0	1	0
29945664	0	2	0
29968513	0	1	0
29974876	0	5	0
29990457	0	1	0
29995622	0	1	0
30053965	0	1	0
30054276	0	2	0
30054778	0	1	0
30095878	0	2	0
30113869	0	1	0
30121739	0	0	1
30149540	0	1	0
30166849	0	1	0
30167440	0	1	0
30167930	0	1	0
30178018	0	1	0
30182336	0	1	0
30202387	0	6	0
30237255	0	1	0
30248863	0	1	0
30259724	0	1	0
30267385	0	1	0
30286436	0	1	0
30300789	0	3	0
30322829	0	2	0
30322843	0	2	0
30322919	0	1	0
30326034	0	1	0
30354317	0	1	0
30377819	0	1	0
30380884	0	3	0
30412196	0	1	0
30416123	0	1	0
30428773	0	1	0
30434466	0	1	0
30435192	0	1	0
30437023	0	3	0
30454659	0	1	0
30454745	0	1	0
30479052	0	1	0
30507565	0	2	0
30511276	0	1	0
30523000	0	1	0
30544151	0	1	0
30568882	0	6	0
30607558	0	1	0
30612487	0	1	0
30621191	0	1	0
30623286	0	1	0
30627623	0	1	0
30641202	0	1	0
30650023	0	6	0
30673252	0	1	0
30677873	0	1	0
30684704	0	1	0
30693315	0	2	0
30702128	0	1	0
30712933	0	1	0
30728160	0	2	0
30781030	0	1	0
30796167	0	1	0
30813540	0	1	0
30834870	0	1	0
30842549	0	1	0
30846840	0	1	0
30856684	0	1	0
30857454	0	1	0
30858205	0	1	0
30865064	0	1	0
30894452	0	2	0
30895378	0	1	0
30895838	0	5	0
30907934	0	3	0
30910579	0	1	0
30915220	0	1	0
30925750	0	3	0
30928986	0	4	0
30939048	0	1	0
30942877	0	7	0
30958091	0	1	0
30967116	0	1	0
30973190	0	1	0
30992859	0	1	0
30992912	0	1	0
30993516	0	1	0
30999076	0	1	0
31010307	0	1	0
31014095	0	1	0
31040558	0	1	0
31075479	0	1	0
31101639	0	1	0
31103782	0	1	0
31121761	0	1	0
31122739	0	1	0
31125135	0	1	0
31146261	0	1	0
31159908	0	1	0
31199368	0	1	0
31229831	0	2	0
31233803	0	1	0
31240683	0	1	0
31243252	0	3	0
31246925	0	6	0
31248455	0	1	0
31252698	0	5	0
31254231	0	2	0
31256623	0	1	0
31282316	0	1	0
31288009	0	1	0
31289133	0	2	0
31294461	0	2	0
31296494	0	1	0
31297797	0	1	0
31299740	0	1	0
31323755	0	3	0
31339076	0	1	0
31352485	0	1	0
31355343	0	3	0
31358328	0	1	0
31359603	0	1	0
31363721	0	1	0
31376494	0	1	0
31386913	0	1	0
31389659	0	1	0
31390463	0	1	0
31392498	0	1	0
31411724	0	4	0
31462964	0	1	0
31494948	0	1	0
31497926	0	1	0
31498197	0	1	0
31514214	0	1	0
31537396	0	1	0
31539630	0	1	0
31543616	0	1	0
31555897	0	1	0
31559241	0	1	0
31569454	0	1	0
31570889	0	5	0
31615396	0	1	0
31619602	0	1	0
31629422	0	1	0
31630455	0	1	0
31641336	0	1	0
31677877	0	2	0
31694663	0	1	0
31695291	0	1	0
31751140	0	1	0
31758240	0	1	0
31765218	0	1	0
31777510	0	1	0
31791106	0	1	0
31800452	0	2	0
31809605	0	4	0
31810741	0	1	0
31811204	0	0	1
31817497	0	1	0
31827276	0	4	0
31832232	0	1	0
31835909	0	2	0
31839512	0	0	1
31860303	0	1	0
31870470	0	4	0
31884293	0	1	0
31898124	0	1	0
31901514	0	1	0
31932358	0	1	0
31936270	0	1	0
31940595	0	3	0
31943012	0	6	0
31947399	0	1	0
31980905	0	0	1
31984893	0	1	0
31989556	0	9	0
31992869	0	5	0
32025573	0	1	0
32035757	0	1	0
32037407	0	1	0
32038955	0	1	0
32043374	0	1	0
32043743	0	1	0
32074621	0	1	0
32100675	0	2	0
32104006	0	1	0
32118147	0	1	0
32119094	0	2	0
32131697	0	1	0
32148331	0	1	0
32170848	0	1	0
32172094	0	1	0
32176768	0	2	0
32177349	0	0	1
32179962	0	2	0
32182796	0	2	0
32194686	0	1	0
32199401	0	2	0
32234039	0	1	0
32236140	0	1	0
32244744	0	1	0
32246871	0	1	0
32266452	0	1	0
32267942	0	1	0
32278040	0	1	0
32310424	0	1	0
32331462	0	1	0
32343511	0	1	0
32367704	0	3	0
32378751	0	2	0
32395830	0	1	0
32417413	0	1	0
32425021	0	1	0
32427867	0	1	0
32437796	0	1	0
32439084	0	1	0
32455219	0	1	0
32458203	0	1	0
32461389	0	1	0
32467412	0	1	0
32468149	0	1	0
32476001	0	2	0
32478468	0	1	0
32487438	0	1	0
32492591	0	3	0
32498323	0	1	0
32499014	0	1	0
32506268	0	1	0
32506484	0	1	0
32536350	0	1	0
32570839	0	1	0
32574721	0	1	0
32575468	0	1	0
32575950	0	5	0
32578379	0	1	0
32599037	0	2	0
32643930	0	1	0
32651119	0	1	0
32660705	0	1	0
32661810	0	1	0
32674051	0	1	0
32678051	0	6	0
32686134	0	1	0
32697333	0	1	0
32701826	0	2	0
32729816	0	1	0
32734739	0	3	0
32741778	0	1	0
32775923	0	1	0
32780415	0	1	0
32782277	0	0	1
32782718	0	1	0
32783133	0	5	0
32801621	0	1	0
32806203	0	1	0
32831597	0	1	0
32875036	0	1	0
32883974	0	1	0
32886718	0	1	0
32900778	0	1	0
32907787	0	0	1
32915473	0	1	0
32942044	0	5	0
32944875	0	1	0
32945459	0	1	0
32946431	0	1	0
32971284	0	1	0
32974082	0	1	0
32986553	0	1	0
32986557	0	1	0
32986573	0	1	0
32996505	0	2	0
33019656	0	2	0
33021315	0	1	0
33021476	0	3	0
33024945	0	1	0
33044012	0	3	0
33064555	0	1	0
33070950	0	1	0
33077007	0	2	0
33083318	0	1	0
33086394	0	1	0
33106368	0	2	0
33142305	0	1	0
33148088	0	1	0
33152800	0	1	0
33153456	0	3	0
33160060	0	1	0
33161663	0	3	0
33162692	0	4	0
33172977	0	1	0
33173524	0	3	0
33182222	0	1	0
33183492	0	1	0
33197361	0	5	0
33200382	0	3	0
33215850	0	1	0
33221129	0	5	0
33232671	0	1	0
33253139	0	1	0
33262470	0	1	0
33273438	0	1	0
33316340	0	1	0
33318809	0	1	0
33323272	0	9	0
33330669	0	2	0
33348146	0	1	0
33358699	0	1	0
33363300	0	2	0
33375376	0	1	0
33385555	0	1	0
33406653	0	1	0
33408232	0	2	0
33424688	0	1	0
33440926	0	1	0
33450670	0	1	0
33470309	0	1	0
33489444	0	1	0
33497283	0	1	0
33499246	0	1	0
33517056	0	1	0
33520890	0	1	0
33530834	0	1	0
33533528	0	1	0
33542619	0	1	0
33546168	0	1	0
33546249	0	1	0
33548808	0	7	0
33557770	0	3	0
33560083	0	1	0
33560455	0	1	0
33611563	0	1	0
33616868	0	1	0
33625489	0	1	0
33643272	0	1	0
33661250	0	1	0
33666219	0	1	0
33676357	0	1	0
33687200	0	1	0
33699811	0	1	0
33702878	0	1	0
33718750	0	1	0
33720649	0	1	0
33737634	0	1	0
33738296	0	1	0
33745209	0	1	0
33748018	0	1	0
33772153	0	1	0
33785215	0	1	0
33786361	0	1	0
33794726	0	1	0
33802653	0	2	0
33808409	0	1	0
33835255	0	1	0
33836433	0	1	0
33838802	0	1	0
33862945	0	1	0
33864227	0	0	1
33875357	0	1	0
33875717	0	1	0
33882484	0	1	0
33892335	0	5	0
33911303	0	0	1
33918357	0	1	0
33927781	0	1	0
33928987	0	1	0
33952115	0	1	0
33957221	0	1	0
33985914	0	1	0
33989363	0	1	0
34000855	0	2	0
34011851	0	1	0
34042324	0	1	0
34049718	0	2	0
34054674	0	1	0
34057577	0	2	0
34074594	0	1	0
34077026	0	1	0
34079359	0	1	0
34098550	0	1	0
34104359	0	2	0
34124703	0	3	0
34127393	0	2	0
34127739	0	1	0
34141390	0	1	0
34153629	0	1	0
34171951	0	1	0
34217704	0	1	0
34227279	0	1	0
34238610	0	1	0
34239685	0	1	0
34244929	0	1	0
34257174	0	1	0
34271447	0	1	0
34272538	0	4	0
34287473	0	1	0
34290683	0	1	0
34353729	0	2	0
34375380	0	1	0
34376203	0	1	0
34383832	0	5	0
34387439	0	1	0
34389106	0	1	0
34390457	0	1	0
34403822	0	1	0
34409072	0	2	0
34426391	0	1	0
34427911	0	1	0
34428954	0	1	0
34446572	0	1	0
34447979	0	1	0
34486243	0	1	0
34503373	0	2	0
34521567	0	2	0
34528359	0	1	0
34539424	0	1	0
34544329	0	1	0
34544552	0	1	0
34555005	0	1	0
34577278	0	1	0
34616492	0	1	0
34627329	0	2	0
34631104	0	1	0
34667115	0	2	0
34671874	0	1	0
34682373	0	1	0
34688570	0	1	0
34696460	0	1	0
34702139	0	1	0
34739382	0	1	0
34747934	0	1	0
34750614	0	1	0
34760029	0	1	0
34768628	0	0	1
34769020	0	1	0
34773986	0	1	0
34780722	0	5	0
34807184	0	0	1
34807434	0	1	0
34811138	0	2	0
34833283	0	1	0
34847007	0	2	0
34864430	0	1	0
34878278	0	1	0
34879484	0	1	0
34881710	0	3	0
34903291	0	1	0
34907238	0	1	0
34916749	0	9	0
34932786	0	1	0
34933916	0	1	0
34934855	0	1	0
34942099	0	1	0
34979077	0	1	0
34993395	0	1	0
35072806	0	1	0
35073932	0	2	0
35082424	0	1	0
35097378	0	2	0
35108538	0	3	0
35110742	0	1	0
35122329	0	1	0
35146097	0	1	0
35148327	0	10	0
35148714	0	5	0
35151376	0	3	0
35155360	0	2	0
35168511	0	1	0
35168778	0	1	0
35173155	0	1	0
35186312	0	0	1
35201157	0	1	0
35220730	0	1	0
35227862	0	1	0
35229719	0	1	0
35248404	0	1	0
35249969	0	1	0
35269074	0	2	0
35272349	0	1	0
35322275	0	1	0
35322404	0	2	0
35353543	0	3	0
35360875	0	1	0
35371981	0	1	0
35392685	0	1	0
35397500	0	1	0
35410418	0	1	0
35417630	0	1	0
35417748	0	1	0
35420850	0	1	0
35424151	0	1	0
35427798	0	1	0
35460768	0	1	0
35471220	0	1	0
35477064	0	1	0
35479649	0	0	1
35489376	0	1	0
35512466	0	1	0
35517006	0	1	0
35523362	0	1	0
35544851	0	1	0
35576790	0	1	0
35590680	0	1	0
35615163	0	1	0
35624756	0	1	0
35635577	0	1	0
35635613	0	2	0
35665140	0	4	0
35691880	0	1	0
35699982	0	1	0
35703034	0	1	0
35709239	0	2	0
35710694	0	1	0
35718389	0	1	0
35720665	0	2	0
35721466	0	1	0
35722048	0	2	0
35738767	0	1	0
35742654	0	1	0
35743225	0	1	0
35743624	0	3	0
35746706	0	2	0
35750380	0	1	0
35765873	0	1	0
35785601	0	1	0
35797814	0	8	0
35798225	0	1	0
35807660	0	1	0
35829310	0	0	1
35861490	0	3	0
35861628	0	2	0
35876370	0	1	0
35881664	0	1	0
35900362	0	3	0
35908895	0	1	0
35934669	0	1	0
35954617	0	1	0
35961033	0	1	0
35968385	0	1	0
36011816	0	2	0
36041695	0	1	0
36056481	0	1	0
36063232	0	1	0
36077289	0	1	0
36082472	0	0	1
36085913	0	4	0
36088792	0	2	0
36092823	0	1	0
36094742	0	1	0
36096020	0	1	0
36113646	0	1	0
36120245	0	1	0
36121797	0	1	0
36127982	0	1	0
36143696	0	1	0
36145972	0	3	0
36160189	0	3	0
36222865	0	1	0
36227164	0	1	0
36229036	0	1	0
36281017	0	1	0
36289476	0	1	0
36294078	0	1	0
36306172	0	0	1
36321938	0	1	0
36337343	0	1	0
36341344	0	2	0
36363531	0	1	0
36371050	0	2	0
36400115	0	0	1
36404032	0	1	0
36413916	0	5	0
36414011	0	1	0
36426770	0	6	0
36454322	0	1	0
36455974	0	2	0
36481088	0	1	0
36493938	0	1	0
36503162	0	1	0
36507403	0	1	0
36529273	0	1	0
36533285	0	1	0
36540474	0	1	0
36550293	0	1	0
36589035	0	1	0
36602991	0	2	0
36603044	0	2	0
36604036	0	1	0
36631450	0	2	0
36632346	0	1	0
36634183	0	4	0
36650392	0	1	0
36659923	0	2	0
36665165	0	1	0
36665293	0	5	0
36691653	0	2	0
36737110	0	1	0
36757867	0	1	0
36763377	0	1	0
36766733	0	1	0
36773483	0	1	0
36775753	0	5	0
36795446	0	1	0
36799378	0	8	0
36817097	0	2	0
36822072	0	1	0
36823685	0	1	0
36826199	0	1	0
36826529	0	1	0
36833259	0	5	0
36834766	0	1	0
36844966	0	2	0
36845012	0	2	0
36847454	0	1	0
36848511	0	1	0
36852197	0	1	0
36868342	0	1	0
36870588	0	1	0
36877839	0	1	0
36885451	0	1	0
36917236	0	1	0
36935684	0	1	0
36950004	0	4	0
36950827	0	2	0
36953105	0	1	0
36958271	0	1	0
36958917	0	1	0
36963916	0	1	0
36970105	0	1	0
36976911	0	1	0
37010003	0	1	0
37030678	0	1	0
37037864	0	4	0
37049353	0	1	0
37051808	0	1	0
37058470	0	2	0
37060243	0	3	0
37068282	0	1	0
37088934	0	1	0
37093246	0	1	0
37118307	0	1	0
37164920	0	1	0
37166584	0	1	0
37172751	0	2	0
37174377	0	3	0
37183447	0	1	0
37195493	0	1	0
37202394	0	1	0
37205174	0	2	0
37206628	0	4	0
37211742	0	1	0
37226426	0	1	0
37239194	0	1	0
37239776	0	1	0
37244459	0	0	1
37257670	0	1	0
37262565	0	2	0
37278769	0	4	0
37281999	0	1	0
37303079	0	1	0
37311926	0	1	0
37316275	0	1	0
37322114	0	1	0
37325289	0	1	0
37326546	0	1	0
37366430	0	1	0
37379780	0	1	0
37389705	0	1	0
37390643	0	1	0
37392861	0	1	0
37405947	0	1	0
37409220	0	1	0
37409922	0	1	0
37445345	0	1	0
37499151	0	2	0
37505217	0	1	0
37508461	0	1	0
37508761	0	2	0
37523153	0	1	0
37529390	0	2	0
37534553	0	1	0
37534602	0	1	0
37534610	0	1	0
37561418	0	1	0
37576906	0	1	0
37591203	0	1	0
37598871	0	1	0
37620911	0	1	0
37623516	0	1	0
37661204	0	4	0
37661956	0	2	0
37674133	0	2	0
37731179	0	1	0
37731938	0	1	0
37748066	0	2	0
37773530	0	1	0
37789111	0	0	1
37804472	0	2	0
37828981	0	2	0
37833801	0	1	0
37844383	0	1	0
37844548	0	6	0
37855099	0	1	0
37861422	0	5	0
37882340	0	1	0
37883305	0	1	0
37893510	0	1	0
37894835	0	1	0
37895860	0	1	0
37902121	0	0	1
37903642	0	1	0
37908389	0	5	0
37915335	0	3	0
37931694	0	1	0
37931974	0	1	0
37931980	0	1	0
37931994	0	1	0
37955911	0	2	0
37968016	0	4	0
37973755	0	1	0
37991122	0	3	0
38000615	0	2	0
38002123	0	1	0
38006508	0	1	0
38024952	0	1	0
38039023	0	2	0
38065366	0	2	0
38073456	0	4	0
38076707	0	3	0
38087087	0	1	0
38090515	0	1	0
38096345	0	1	0
38098751	0	1	0
38105026	0	1	0
38112298	0	1	0
38129943	0	1	0
38131330	0	1	0
38131526	0	3	0
38172695	0	1	0
38175626	0	2	0
38178351	0	1	0
38185570	0	1	0
38211883	0	0	1
38215629	0	1	0
38219706	0	1	0
38282409	0	4	0
38293578	0	1	0
38302648	0	1	0
38325933	0	1	0
38327645	0	1	0
38334467	0	1	0
38337969	0	1	0
38337984	0	1	0
38338065	0	1	0
38339846	0	5	0
38344103	0	1	0
38348316	0	1	0
38351824	0	1	0
38410052	0	2	0
38426734	0	1	0
38437530	0	1	0
38437535	0	1	0
38444801	0	1	0
38481690	0	1	0
38494119	0	1	0
38510905	0	1	0
38523174	0	1	0
38524488	0	1	0
38530619	0	5	0
38546212	0	1	0
38551132	0	1	0
38567139	0	1	0
38588174	0	1	0
38597577	0	1	0
38614812	0	1	0
38621153	0	1	0
38653402	0	1	0
38659894	0	1	0
38664032	0	1	0
38682549	0	1	0
38690979	0	3	0
38751894	0	1	0
38756953	0	1	0
38761068	0	1	0
38772031	0	1	0
38777024	0	1	0
38790676	0	1	0
38797338	0	10	0
38798052	0	1	0
38809206	0	1	0
38886781	0	1	0
38891665	0	3	0
38899751	0	1	0
38903248	0	1	0
38928460	0	3	0
38934385	0	1	0
38942294	0	1	0
38950300	0	1	0
38956159	0	1	0
38960862	0	1	0
38972630	0	1	0
38998478	0	1	0
39001321	0	1	0
39035300	0	1	0
39061370	0	1	0
39065675	0	2	0
39104455	0	1	0
39108099	0	1	0
39110220	0	1	0
39112421	0	1	0
39142528	0	1	0
39146549	0	2	0
39161189	0	1	0
39163220	0	1	0
39169040	0	1	0
39193376	0	1	0
39227887	0	0	1
39229532	0	1	0
39236281	0	1	0
39245314	0	1	0
39261714	0	1	0
39273634	0	1	0
39280311	0	1	0
39291322	0	1	0
39305461	0	1	0
39311065	0	1	0
39322864	0	0	1
39323045	0	1	0
39331453	0	1	0
39352876	0	3	0
39377743	0	4	0
39390362	0	1	0
39391666	0	0	1
39394015	0	1	0
39408446	0	1	0
39424151	0	12	0
39429629	0	1	0
39439140	0	1	0
39454608	0	4	0
39468611	0	1	0
39478212	0	1	0
39479223	0	0	1
39482192	0	1	0
39491049	0	1	0
39497767	0	1	0
39507513	0	1	0
39521816	0	5	0
39526351	0	1	0
39555018	0	1	0
39565343	0	1	0
39585901	0	1	0
39594419	0	1	0
39620065	0	3	0
39623406	0	1	0
39628196	0	5	0
39637668	0	1	0
39650547	0	1	0
39651883	0	1	0
39658188	0	1	0
39666673	0	1	0
39675672	0	2	0
39676128	0	1	0
39677744	0	2	0
39725016	0	1	0
39729662	0	1	0
39733188	0	1	0
39747014	0	1	0
39757421	0	4	0
39776187	0	3	0
39779347	0	1	0
39782142	0	1	0
39801715	0	1	0
39808810	0	6	0
39817284	0	1	0
39821362	0	1	0
39839558	0	0	1
39843648	0	1	0
39854797	0	1	0
39866686	0	1	0
39880440	0	1	0
39890929	0	1	0
39897344	0	1	0
39906534	0	1	0
39922235	0	2	0
39934192	0	3	0
39941818	0	1	0
39945936	0	1	0
39948669	0	3	0
39949403	0	1	0
39950919	0	0	1
39966496	0	1	0
39987090	0	1	0
39999905	0	1	0
40008708	0	1	0
40017566	0	1	0
40026755	0	1	0
40066322	0	10	0
40080615	0	1	0
40085397	0	1	0
40087389	0	0	1
40108051	0	2	0
40140635	0	3	0
40145805	0	1	0
40204460	0	1	0
40255273	0	0	1
40261088	0	1	0
40271892	0	1	0
40286599	0	1	0
40293433	0	1	0
40302672	0	1	0
40311328	0	1	0
40315309	0	1	0
40354534	0	1	0
40374886	0	1	0
40404863	0	1	0
40408652	0	1	0
40409754	0	1	0
40411907	0	1	0
40422529	0	3	0
40423224	0	3	0
40464842	0	2	0
40514743	0	3	0
40524622	0	1	0
40526135	0	1	0
40538225	0	1	0
40560540	0	2	0
40577280	0	1	0
40581914	0	1	0
40603506	0	1	0
40608890	0	1	0
40611009	0	2	0
40618764	0	1	0
40627765	0	2	0
40631391	0	1	0
40632707	0	1	0
40636895	0	1	0
40647778	0	1	0
40656047	0	1	0
40667780	0	1	0
40672241	0	1	0
40673244	0	4	0
40689588	0	1	0
40698514	0	2	0
40699051	0	1	0
40715753	0	1	0
40715914	0	0	1
40729787	0	3	0
40743627	0	1	0
40745434	0	1	0
40749709	0	1	0
40752632	0	3	0
40764577	0	1	0
40766925	0	9	0
40774225	0	1	0
40786904	0	1	0
40803599	0	1	0
40803685	0	1	0
40812405	0	1	0
40818016	0	1	0
40841801	0	3	0
40852211	0	1	0
40872034	0	1	0
40876532	0	1	0
40883449	0	7	0
40887915	0	1	0
40896324	0	2	0
40896875	0	1	0
40915630	0	3	0
40922690	0	5	0
40952926	0	4	0
40952963	0	1	0
40959616	0	1	0
40962986	0	1	0
40983478	0	1	0
40994568	0	1	0
41003011	0	3	0
41004180	0	1	0
41015737	0	1	0
41054363	0	2	0
41071063	0	5	0
41079642	0	2	0
41083766	0	1	0
41083767	0	1	0
41092283	0	1	0
41099152	0	1	0
41103373	0	1	0
41120155	0	2	0
41155279	0	1	0
41213812	0	1	0
41218894	0	1	0
41226259	0	1	0
41262031	0	1	0
41267374	0	1	0
41280047	0	1	0
41281572	0	1	0
41285524	0	1	0
41289922	0	0	1
41306851	0	1	0
41312472	0	1	0
41327110	0	1	0
41334219	0	1	0
41334438	0	1	0
41339933	0	3	0
41348587	0	5	0
41350222	0	1	0
41358918	0	1	0
41367297	0	1	0
41369774	0	1	0
41398836	0	1	0
41404227	0	2	0
41408507	0	3	0
41424646	0	2	0
41429362	0	1	0
41438785	0	3	0
41438812	0	1	0
41444656	0	8	0
41475262	0	1	0
41493656	0	1	0
41497254	0	1	0
41505200	0	1	0
41510146	0	1	0
41514179	0	2	0
41548282	0	1	0
41566132	0	1	0
41571419	0	1	0
41595435	0	1	0
41604456	0	4	0
41606948	0	1	0
41613971	0	1	0
41620200	0	1	0
41630461	0	1	0
41641907	0	1	0
41643054	0	1	0
41651077	0	5	0
41662118	0	1	0
41664762	0	1	0
41682310	0	1	0
41685313	0	4	0
41685803	0	3	0
41700841	0	1	0
41704670	0	1	0
41714108	0	1	0
41745635	0	4	0
41767716	0	1	0
41772333	0	1	0
41784623	0	1	0
41792557	0	2	0
41801801	0	3	0
41803607	0	1	0
41805497	0	1	0
41814156	0	1	0
41819550	0	1	0
41866581	0	1	0
41880028	0	1	0
41886356	0	3	0
41890057	0	4	0
41903000	0	2	0
41918669	0	1	0
41921667	0	0	1
41926619	0	1	0
41941110	0	1	0
41946225	0	1	0
42004011	0	1	0
42005329	0	2	0
42006092	0	1	0
42016257	0	1	0
42032767	0	1	0
42033171	0	1	0
42037670	0	1	0
42044010	0	1	0
42048407	0	1	0
42051133	0	4	0
42055081	0	4	0
42062598	0	3	0
42071550	0	1	0
42095313	0	1	0
42115873	0	1	0
42116701	0	1	0
42136257	0	1	0
42136376	0	1	0
42137970	0	2	0
42142051	0	3	0
42142270	0	2	0
42147716	0	2	0
42162597	0	1	0
42163392	0	1	0
42192661	0	2	0
42202504	0	1	0
42209119	0	2	0
42241541	0	1	0
42260337	0	1	0
42286340	0	1	0
42313301	0	1	0
42314428	0	1	0
42317759	0	1	0
42345386	0	1	0
42351446	0	1	0
42361482	0	1	0
42365998	0	2	0
42378895	0	1	0
42411383	0	1	0
42421430	0	1	0
42430258	0	1	0
42439934	0	1	0
42458321	0	1	0
42470232	0	1	0
42477835	0	5	0
42479051	0	1	0
42482867	0	1	0
42495262	0	1	0
42498581	0	1	0
42501394	0	1	0
42501866	0	3	0
42521906	0	1	0
42526746	0	3	0
42535086	0	1	0
42589520	0	1	0
42590564	0	1	0
42600305	0	2	0
42632777	0	0	1
42633353	0	1	0
42634512	0	2	0
42641590	0	1	0
42681556	0	1	0
42705685	0	1	0
42714080	0	1	0
42723530	0	1	0
42728880	0	1	0
42731953	0	1	0
42738607	0	3	0
42744173	0	1	0
42744742	0	1	0
42765023	0	1	0
42775100	0	1	0
42779831	0	1	0
42786131	0	1	0
42786910	0	3	0
42788060	0	1	0
42798863	0	1	0
42809888	0	2	0
42827790	0	1	0
42831331	0	2	0
42846124	0	1	0
42860699	0	1	0
42864116	0	1	0
42869395	0	1	0
42872223	0	1	0
42881131	0	1	0
42902949	0	0	1
42962578	0	1	0
42976650	0	1	0
42982574	0	1	0
42986894	0	1	0
43012727	0	4	0
43046574	0	1	0
43046753	0	1	0
43054758	0	1	0
43075031	0	1	0
43088605	0	1	0
43096328	0	4	0
43097317	0	2	0
43109512	0	4	0
43122507	0	1	0
43144983	0	2	0
43175901	0	4	0
43177466	0	1	0
43178708	0	1	0
43208131	0	1	0
43307358	0	2	0
43309285	0	5	0
43321628	0	1	0
43324703	0	1	0
43329935	0	2	0
43334442	0	1	0
43339856	0	1	0
43347588	0	1	0
43349794	0	3	0
43355772	0	1	0
43355974	0	1	0
43371641	0	0	1
43380984	0	1	0
43390736	0	1	0
43410607	0	1	0
43430507	0	1	0
43456190	0	1	0
43467899	0	1	0
43470924	0	1	0
43488015	0	3	0
43488227	0	2	0
43488468	0	1	0
43495908	0	1	0
43504048	0	0	1
43510578	0	3	0
43510981	0	1	0
43510989	0	2	0
43510994	0	1	0
43511012	0	1	0
43511022	0	2	0
43511040	0	1	0
43511044	0	3	0
43511047	0	1	0
43511051	0	2	0
43511062	0	2	0
43511072	0	2	0
43511073	0	2	0
43511077	0	1	0
43511081	0	2	0
43511082	0	2	0
43511085	0	1	0
43511092	0	1	0
43511104	0	1	0
43511111	0	2	0
43511112	0	1	0
43511122	0	1	0
43514966	0	1	0
43520115	0	1	0
43533217	0	6	0
43539967	0	1	0
43541389	0	1	0
43541953	0	4	0
43564867	0	3	0
43583128	0	1	0
43585313	0	1	0
43606194	0	3	0
43626112	0	1	0
43639934	0	1	0
43652396	0	3	0
43661845	0	1	0
43665425	0	1	0
43678796	0	1	0
43690390	0	1	0
43710460	0	1	0
43720939	0	1	0
43748728	0	2	0
43755769	0	2	0
43785838	0	1	0
43788378	0	2	0
43791987	0	2	0
43793252	0	1	0
43794689	0	3	0
43795002	0	1	0
43814665	0	4	0
43819213	0	1	0
43833847	0	1	0
43836929	0	1	0
43839982	0	1	0
43840775	0	1	0
43845671	0	1	0
43920720	0	1	0
43931318	0	1	0
43970108	0	1	0
43972622	0	1	0
43985422	0	1	0
43989402	0	1	0
44005267	0	2	0
44011976	0	8	0
44016040	0	0	1
44016137	0	0	1
44027706	0	3	0
44044904	0	1	0
44056303	0	1	0
44057535	0	6	0
44101005	0	1	0
44103734	0	1	0
44156303	0	1	0
44169889	0	1	0
44173173	0	1	0
44173202	0	2	0
44173207	0	1	0
44173227	0	1	0
44173240	0	1	0
44193770	0	1	0
44209957	0	1	0
44224870	0	2	0
44229900	0	1	0
44265270	0	1	0
44280883	0	1	0
44284872	0	1	0
44285614	0	0	1
44289902	0	1	0
44312842	0	1	0
44331613	0	1	0
44334367	0	1	0
44337133	0	1	0
44344627	0	1	0
44348117	0	1	0
44368827	0	1	0
44370522	0	1	0
44383253	0	2	0
44393821	0	1	0
44403350	0	1	0
44446241	0	1	0
44446280	0	1	0
44466342	0	1	0
44484100	0	1	0
44487569	0	2	0
44493689	0	1	0
44497840	0	2	0
44503225	0	0	1
44511916	0	1	0
44533294	0	1	0
44535940	0	1	0
44540600	0	1	0
44567354	0	1	0
44572036	0	1	0
44572390	0	1	0
44582589	0	1	0
44583766	0	1	0
44590143	0	5	0
44620818	0	1	0
44645281	0	1	0
44661928	0	1	0
44681738	0	1	0
44712145	0	2	0
44719077	0	1	0
44726495	0	1	0
44755546	0	1	0
44755679	0	4	0
44757504	0	1	0
44773303	0	1	0
44789663	0	1	0
44790932	0	1	0
44812777	0	1	0
44838617	0	1	0
44843165	0	2	0
44854369	0	1	0
44869820	0	1	0
44887733	0	2	0
44901442	0	1	0
44912362	0	1	0
44920386	0	1	0
44940404	0	1	0
44965153	0	1	0
44976452	0	4	0
44980304	0	4	0
44985328	0	1	0
44995202	0	1	0
45000090	0	0	1
45002794	0	3	0
45018590	0	1	0
45029689	0	1	0
45038081	0	1	0
45075248	0	1	0
45075272	0	2	0
45084816	0	1	0
45097872	0	1	0
45118383	0	2	0
45119043	0	2	0
45129344	0	1	0
45134637	0	1	0
45143663	0	1	0
45155217	0	1	0
45165666	0	2	0
45225551	0	1	0
45253061	0	1	0
45262124	0	1	0
45263467	0	1	0
45269387	0	1	0
45279102	0	3	0
45280956	0	0	1
45283415	0	1	0
45313511	0	1	0
45338058	0	1	0
45349799	0	1	0
45374884	0	2	0
45405456	0	1	0
45413002	0	1	0
45459340	0	1	0
45471551	0	1	0
45477305	0	1	0
45481306	0	1	0
45481957	0	1	0
45506433	0	1	0
45513536	0	1	0
45570929	0	1	0
45584929	0	1	0
45589129	0	1	0
45594612	0	1	0
45598954	0	0	1
45601926	0	1	0
45614548	0	1	0
45628448	0	1	0
45632852	0	1	0
45643900	0	1	0
45672923	0	1	0
45685729	0	0	1
45690503	0	1	0
45706152	0	1	0
45727150	0	1	0
45762272	0	3	0
45779338	0	1	0
45780975	0	1	0
45789807	0	1	0
45789952	0	6	0
45798297	0	1	0
45799615	0	1	0
45807938	0	1	0
45809104	0	1	0
45838341	0	1	0
45839223	0	1	0
45841663	0	1	0
45843967	0	1	0
45856077	0	1	0
45858009	0	1	0
45865435	0	3	0
45866010	0	1	0
45905049	0	1	0
45909887	0	1	0
45915626	0	1	0
45916616	0	1	0
45919820	0	1	0
45941180	0	6	0
45958781	0	1	0
45974968	0	2	0
45988303	0	1	0
45993806	0	3	0
46012575	0	2	0
46017737	0	2	0
46021481	0	2	0
46028482	0	1	0
46036473	0	4	0
46043009	0	1	0
46064986	0	1	0
46077267	0	1	0
46092851	0	1	0
46109238	0	1	0
46116874	0	1	0
46129239	0	5	0
46133546	0	1	0
46140142	0	1	0
46143033	0	1	0
46156490	0	1	0
46168876	0	1	0
46174407	0	1	0
46181808	0	1	0
46197776	0	1	0
46202487	0	0	1
46211936	0	2	0
46215983	0	1	0
46219512	0	1	0
46282069	0	1	0
46290861	0	6	0
46297035	0	1	0
46299463	0	2	0
46302152	0	3	0
46305004	0	1	0
46339746	0	1	0
46347336	0	1	0
46348801	0	3	0
46365918	0	1	0
46374467	0	1	0
46402622	0	6	0
46463196	0	1	0
46471752	0	1	0
46496033	0	1	0
46518929	0	1	0
46532694	0	0	1
46555643	0	1	0
46555787	0	1	0
46580926	0	1	0
46587582	0	1	0
46591896	0	2	0
46593551	0	2	0
46600077	0	1	0
46605534	0	1	0
46616956	0	1	0
46635160	0	2	0
46638403	0	1	0
46646932	0	1	0
46653296	0	1	0
46661799	0	1	0
46670019	0	2	0
46670527	0	2	0
46674031	0	1	0
46689274	0	1	0
46714962	0	1	0
46727205	0	1	0
46738029	0	0	1
46745677	0	1	0
46758600	0	1	0
46766257	0	1	0
46769855	0	1	0
46787993	0	1	0
46795179	0	0	1
46795336	0	1	0
46803384	0	1	0
46810680	0	1	0
46810960	0	1	0
46844019	0	1	0
46848381	0	2	0
46858053	0	5	0
46865679	0	1	0
46886631	0	1	0
46940733	0	1	0
46960775	0	1	0
46961038	0	1	0
46970363	0	1	0
46970405	0	1	0
46975903	0	1	0
46983854	0	1	0
46984567	0	2	0
47010185	0	1	0
47025426	0	1	0
47047283	0	1	0
47062468	0	1	0
47076071	0	2	0
47076861	0	1	0
47113984	0	1	0
47127677	0	1	0
47132743	0	0	1
47155021	0	2	0
47161685	0	1	0
47167274	0	1	0
47174334	0	1	0
47186848	0	2	0
47191431	0	1	0
47206667	0	2	0
47216264	0	1	0
47234470	0	1	0
47236000	0	1	0
47251739	0	1	0
47282394	0	0	1
47289298	0	1	0
47292881	0	2	0
47303708	0	1	0
47326015	0	1	0
47331848	0	4	0
47352153	0	1	0
47359615	0	1	0
47388600	0	1	0
47424092	0	2	0
47425269	0	1	0
47447227	0	1	0
47462114	0	1	0
47462477	0	1	0
47475218	0	1	0
47497646	0	2	0
47498376	0	1	0
47521281	0	1	0
47536034	0	1	0
47549037	0	1	0
47571400	0	3	0
47574038	0	1	0
47590484	0	3	0
47602340	0	1	0
47628149	0	1	0
47638798	0	1	0
47640247	0	1	0
47667375	0	1	0
47684145	0	1	0
47709334	0	1	0
47720797	0	1	0
47738208	0	1	0
47741318	0	2	0
47749702	0	1	0
47750133	0	1	0
47763376	0	1	0
47792691	0	1	0
47807454	0	4	0
47812034	0	0	1
47822792	0	0	1
47822926	0	0	1
47841761	0	1	0
47861220	0	1	0
47864183	0	1	0
47864439	0	1	0
47874298	0	2	0
47891131	0	1	0
47895219	0	2	0
47904658	0	1	0
47920789	0	1	0
47926878	0	1	0
47930849	0	1	0
47985591	0	1	0
47992688	0	1	0
47993735	0	1	0
47995491	0	8	0
47999602	0	1	0
48017166	0	3	0
48028186	0	1	0
48035977	0	0	1
48042865	0	1	0
48070680	0	4	0
48071388	0	4	0
48130706	0	1	0
48135013	0	1	0
48139047	0	1	0
48140669	0	1	0
48140681	0	1	0
48162066	0	5	0
48166392	0	0	1
48192724	0	1	0
48204444	0	1	0
48212792	0	1	0
48218342	0	1	0
48245975	0	1	0
48252485	0	2	0
48256514	0	1	0
48269820	0	1	0
48271940	0	4	0
48282462	0	9	0
48286471	0	1	0
48291688	0	1	0
48310161	0	1	0
48346479	0	1	0
48358657	0	1	0
48374655	0	1	0
48376660	0	3	0
48408386	0	1	0
48418280	0	1	0
48421474	0	1	0
48436998	0	3	0
48447628	0	3	0
48457685	0	1	0
48461872	0	1	0
48468649	0	2	0
48470707	0	1	0
48474455	0	1	0
48516740	0	1	0
48529048	0	1	0
48536052	0	5	0
48543547	0	1	0
48567084	0	1	0
48577257	0	2	0
48600489	0	1	0
48608898	0	1	0
48617736	0	1	0
48640661	0	1	0
48662057	0	1	0
48702722	0	2	0
48703756	0	2	0
48704508	0	2	0
48727119	0	1	0
48744192	0	1	0
48745339	0	1	0
48765978	0	1	0
48775266	0	2	0
48775472	0	2	0
48789882	0	1	0
48789948	0	1	0
48793291	0	1	0
48815440	0	1	0
48815582	0	0	1
48823565	0	1	0
48826278	0	1	0
48842285	0	1	0
48851273	0	1	0
48881524	0	6	0
48902705	0	1	0
48917284	0	1	0
48940940	0	1	0
48943198	0	1	0
48960870	0	3	0
48961856	0	0	1
49014223	0	13	0
49016837	0	1	0
49063259	0	1	0
49075553	0	1	0
49088387	0	1	0
49110395	0	1	0
49118720	0	1	0
49173347	0	1	0
49177064	0	1	0
49185976	0	1	0
49205544	0	1	0
49222935	0	1	0
49238914	0	1	0
49268289	0	1	0
49272138	0	1	0
49306439	0	2	0
49308640	0	2	0
49325238	0	1	0
49329743	0	1	0
49345304	0	1	0
49345566	0	6	0
49352788	0	1	0
49374585	0	1	0
49378246	0	1	0
49379334	0	1	0
49387097	0	4	0
49398982	0	1	0
49404825	0	1	0
49493063	0	1	0
49503374	0	1	0
49504962	0	1	0
49521062	0	2	0
49531227	0	3	0
49556241	0	1	0
49563515	0	1	0
49563598	0	1	0
49563642	0	1	0
49563670	0	1	0
49563682	0	1	0
49563703	0	1	0
49567289	0	1	0
49621548	0	1	0
49621554	0	2	0
49633150	0	1	0
49639671	0	1	0
49647736	0	2	0
49676371	0	2	0
49693700	0	1	0
49696004	0	1	0
49705601	0	4	0
49717154	0	2	0
49720774	0	1	0
49739756	0	1	0
49755902	0	1	0
49785799	0	1	0
49800693	0	1	0
49818118	0	1	0
49826063	0	1	0
49844730	0	1	0
49848672	0	2	0
49856339	0	1	0
49881695	0	1	0
49890977	0	2	0
49920778	0	1	0
49922393	0	1	0
49973756	0	1	0
50002599	0	2	0
50015769	0	3	0
50018665	0	7	0
50019206	0	1	0
50024467	0	1	0
50029447	0	1	0
50036821	0	1	0
50079874	0	2	0
50090682	0	1	0
50123883	0	1	0
50126560	0	1	0
50140240	0	1	0
50141030	0	2	0
50145463	0	1	0
50153186	0	1	0
50155376	0	3	0
50158856	0	1	0
50174046	0	1	0
50196172	0	1	0
50197853	0	1	0
50200843	0	2	0
50201644	0	4	0
50202140	0	1	0
50214433	0	1	0
50217493	0	3	0
50222734	0	1	0
50223692	0	1	0
50259368	0	1	0
50259826	0	1	0
50260514	0	1	0
50292261	0	3	0
50305229	0	1	0
50310988	0	1	0
50355510	0	0	1
50357137	0	1	0
50360319	0	1	0
50376183	0	1	0
50386265	0	1	0
50388979	0	6	0
50390354	0	1	0
50402470	0	1	0
50416943	0	3	0
50423208	0	1	0
50438649	0	1	0
50441817	0	4	0
50463443	0	1	0
50465988	0	1	0
50476287	0	1	0
50480270	0	1	0
50512951	0	1	0
50514785	0	3	0
50519858	0	1	0
50521897	0	1	0
50526583	0	2	0
50548610	0	1	0
50548670	0	1	0
50549541	0	2	0
50551575	0	1	0
50567862	0	1	0
50570359	0	1	0
50580666	0	1	0
50593247	0	1	0
50637940	0	0	1
50647879	0	3	0
50655284	0	1	0
50663564	0	1	0
50672709	0	1	0
50688580	0	1	0
50706179	0	3	0
50714586	0	1	0
50720840	0	1	0
50722596	0	1	0
50749217	0	1	0
50752974	0	1	0
50765359	0	1	0
50766000	0	2	0
50777644	0	1	0
50793002	0	1	0
50832558	0	1	0
50837373	0	1	0
50845755	0	1	0
50855477	0	1	0
50860954	0	1	0
50867315	0	1	0
50884949	0	1	0
50903764	0	1	0
50923177	0	1	0
50950592	0	1	0
50964103	0	1	0
50975431	0	1	0
50999177	0	1	0
51000058	0	1	0
51014736	0	1	0
51023065	0	1	0
51039420	0	1	0
51062186	0	1	0
51105150	0	1	0
51108331	0	1	0
51122454	0	1	0
51143726	0	1	0
51143925	0	1	0
51146967	0	1	0
51147380	0	0	1
51161263	0	5	0
51163971	0	1	0
51179936	0	1	0
51182351	0	1	0
51186187	0	1	0
51202232	0	1	0
51207394	0	2	0
51219034	0	1	0
51258266	0	2	0
51305638	0	1	0
51306911	0	1	0
51311628	0	2	0
51322974	0	1	0
51327755	0	1	0
51328687	0	1	0
51331481	0	1	0
51335731	0	1	0
51342279	0	1	0
51349953	0	1	0
51351465	0	2	0
51352074	0	1	0
51384374	0	2	0
51387116	0	2	0
51402663	0	1	0
51404026	0	1	0
51426690	0	1	0
51443651	0	1	0
51477089	0	1	0
51477387	0	1	0
51483311	0	2	0
51521449	0	1	0
51527813	0	1	0
51538077	0	1	0
51546211	0	1	0
51605132	0	1	0
51605623	0	3	0
51620624	0	1	0
51660564	0	1	0
51661242	0	2	0
51662265	0	1	0
51734820	0	1	0
51736339	0	1	0
51757173	0	1	0
51764185	0	0	1
51774678	0	2	0
51775491	0	1	0
51777324	0	1	0
51780936	0	1	0
51832227	0	1	0
51835069	0	1	0
51848407	0	1	0
51865006	0	1	0
51872402	0	1	0
51878532	0	1	0
51892594	0	2	0
51904995	0	1	0
51911656	0	1	0
51942268	0	1	0
51976723	0	1	0
51981257	0	1	0
51991766	0	1	0
52007431	0	1	0
52032876	0	1	0
52036975	0	2	0
52046354	0	1	0
52134926	0	1	0
52147746	0	1	0
52160256	0	1	0
52162314	0	1	0
52168441	0	2	0
52168729	0	2	0
52210837	0	3	0
52242022	0	1	0
52249426	0	1	0
52255102	0	1	0
52261131	0	1	0
52278282	0	1	0
52304698	0	2	0
52309852	0	1	0
52345034	0	1	0
52361121	0	1	0
52374542	0	1	0
52376391	0	5	0
52378989	0	1	0
52388631	0	1	0
52416051	0	1	0
52440452	0	1	0
52461850	0	1	0
52466520	0	1	0
52481656	0	1	0
52508630	0	4	0
52516684	0	6	0
52523920	0	4	0
52529259	0	1	0
52536199	0	1	0
52538627	0	1	0
52560072	0	1	0
52563875	0	4	0
52567049	0	1	0
52567382	0	1	0
52587322	0	1	0
52589025	0	1	0
52595304	0	2	0
52602661	0	1	0
52607103	0	1	0
52646375	0	1	0
52656166	0	1	0
52680257	0	1	0
52705694	0	1	0
52713500	0	1	0
52713934	0	1	0
52751956	0	1	0
52758062	0	1	0
52766267	0	1	0
52791199	0	1	0
52801120	0	1	0
52803115	0	1	0
52832013	0	3	0
52864369	0	1	0
52909448	0	1	0
52914202	0	1	0
52961377	0	1	0
52966483	0	1	0
52973331	0	2	0
52975199	0	1	0
52982867	0	2	0
53022747	0	1	0
53028870	0	1	0
53029875	0	1	0
53042053	0	2	0
53045185	0	1	0
53071629	0	1	0
53091728	0	1	0
53102946	0	1	0
53125904	0	3	0
53134561	0	3	0
53157272	0	3	0
53171907	0	1	0
53189352	0	2	0
53195463	0	1	0
53204965	0	1	0
53205511	0	1	0
53228042	0	2	0
53245818	0	1	0
53265096	0	1	0
53278109	0	0	1
53284751	0	1	0
53294347	0	3	0
53300707	0	1	0
53306632	0	1	0
53312075	0	1	0
53329747	0	1	0
53334351	0	1	0
53341186	0	1	0
53346934	0	3	0
53366190	0	6	0
53367089	0	1	0
53373757	0	1	0
53388382	0	1	0
53395169	0	1	0
53397348	0	1	0
53403785	0	1	0
53417266	0	4	0
53439647	0	1	0
53442877	0	1	0
53469809	0	1	0
53478956	0	1	0
53484648	0	1	0
53507492	0	0	1
53508508	0	2	0
53520957	0	3	0
53541311	0	3	0
53548820	0	1	0
53549858	0	2	0
53551921	0	1	0
53568619	0	1	0
53569226	0	1	0
53574352	0	1	0
53578378	0	1	0
53580518	0	1	0
53581457	0	1	0
53597113	0	3	0
53611203	0	1	0
53621050	0	1	0
53627148	0	3	0
53630727	0	1	0
53652685	0	1	0
53658262	0	1	0
53676636	0	0	1
53682400	0	2	0
53714426	0	1	0
53752236	0	2	0
53753550	0	1	0
53775086	0	1	0
53824269	0	2	0
53830593	0	1	0
53834988	0	1	0
53859132	0	1	0
53861299	0	1	0
53861760	0	1	0
53910375	0	1	0
53915251	0	1	0
53927350	0	1	0
53940112	0	1	0
53964453	0	1	0
53989346	0	1	0
53993354	0	1	0
54008985	0	1	0
54022420	0	1	0
54033360	0	1	0
54046338	0	1	0
54056432	0	1	0
54095877	0	1	0
54102924	0	1	0
54111886	0	1	0
54119747	0	1	0
54129626	0	5	0
54143506	0	1	0
54148295	0	1	0
54168164	0	3	0
54184871	0	6	0
54192063	0	2	0
54214958	0	1	0
54222641	0	1	0
54226790	0	2	0
54233088	0	0	1
54238132	0	1	0
54265005	0	1	0
54267550	0	5	0
54281864	0	1	0
54285384	0	0	1
54300155	0	1	0
54306170	0	1	0
54316630	0	1	0
54317946	0	1	0
54318404	0	1	0
54359091	0	1	0
54383328	0	1	0
54400339	0	1	0
54420500	0	1	0
54429658	0	2	0
54447609	0	4	0
54449402	0	1	0
54453110	0	7	0
54477283	0	1	0
54485710	0	1	0
54486095	0	1	0
54487415	0	4	0
54505114	0	2	0
54574761	0	1	0
54607893	0	1	0
54613849	0	2	0
54638153	0	3	0
54668865	0	2	0
54676652	0	1	0
54686072	0	1	0
54697947	0	1	0
54701432	0	1	0
54713617	0	1	0
54713633	0	1	0
54713669	0	1	0
54719781	0	1	0
54734096	0	1	0
54738914	0	1	0
54741421	0	1	0
54752356	0	1	0
54759094	0	1	0
54780708	0	1	0
54798127	0	1	0
54798995	0	1	0
54804852	0	1	0
54804954	0	10	0
54810333	0	1	0
54857061	0	1	0
54894464	0	3	0
54928648	0	1	0
54951689	0	1	0
54961031	0	8	0
54994583	0	1	0
55000837	0	8	0
55011113	0	1	0
55017263	0	1	0
55042398	0	1	0
55053607	0	1	0
55058576	0	1	0
55058704	0	1	0
55069278	0	2	0
55070319	0	1	0
55072820	0	1	0
55080680	0	1	0
55082017	0	1	0
55084809	0	1	0
55099920	0	1	0
55104259	0	1	0
55119138	0	5	0
55124991	0	1	0
55134999	0	1	0
55142726	0	0	1
55153298	0	1	0
55155774	0	2	0
55157280	0	1	0
55158377	0	3	0
55185514	0	1	0
55190223	0	1	0
55203099	0	0	1
55226669	0	1	0
55248181	0	1	0
55249312	0	1	0
55259955	0	1	0
55284268	0	9	0
55292449	0	1	0
55295186	0	3	0
55297052	0	1	0
55314745	0	1	0
55318484	0	1	0
55330016	0	1	0
55349370	0	1	0
55360023	0	1	0
55369239	0	1	0
55370833	0	1	0
55390935	0	2	0
55404260	0	1	0
55438874	0	3	0
55443087	0	1	0
55475166	0	1	0
55494127	0	3	0
55499531	0	1	0
55517173	0	1	0
55519598	0	1	0
55522452	0	1	0
55539993	0	1	0
55547253	0	1	0
55590133	0	1	0
55598992	0	1	0
55627646	0	2	0
55665854	0	4	0
55698115	0	1	0
55710614	0	1	0
55727810	0	1	0
55732810	0	1	0
55733217	0	3	0
55745350	0	2	0
55745523	0	2	0
55798489	0	1	0
55808842	0	1	0
55810145	0	1	0
55813377	0	1	0
55833387	0	1	0
55878865	0	4	0
55899770	0	1	0
55910714	0	1	0
55932596	0	2	0
55936441	0	2	0
55958615	0	1	0
55970628	0	1	0
55970937	0	1	0
55999901	0	1	0
56032788	0	3	0
56047983	0	1	0
56054458	0	1	0
56083287	0	1	0
56084052	0	1	0
56097023	0	1	0
56116942	0	3	0
56124531	0	1	0
56127246	0	1	0
56154602	0	3	0
56171515	0	1	0
56235433	0	1	0
56240625	0	1	0
56249684	0	1	0
56250988	0	1	0
56255033	0	1	0
56268640	0	1	0
56271938	0	1	0
56313546	0	2	0
56315492	0	1	0
56318286	0	1	0
56355024	0	2	0
56396332	0	3	0
56415761	0	2	0
56418003	0	2	0
56438889	0	0	1
56442934	0	1	0
56466269	0	1	0
56494359	0	1	0
56511379	0	1	0
56525230	0	1	0
56539002	0	1	0
56543869	0	0	1
56552569	0	4	0
56571901	0	4	0
56587743	0	1	0
56622523	0	0	1
56628906	0	1	0
56650852	0	1	0
56651413	0	1	0
56664374	0	1	0
56714868	0	1	0
56723438	0	1	0
56726978	0	4	0
56760268	0	1	0
56760852	0	1	0
56781817	0	1	0
56792110	0	2	0
56808820	0	1	0
56816983	0	6	0
56830050	0	1	0
56834172	0	1	0
56858192	0	1	0
56879005	0	6	0
56880528	0	1	0
56899150	0	1	0
56910252	0	1	0
56999673	0	2	0
57001930	0	1	0
57004523	0	1	0
57024485	0	9	0
57032869	0	2	0
57046521	0	4	0
57058317	0	2	0
57080842	0	1	0
57105104	0	1	0
57118943	0	2	0
57122154	0	1	0
57122307	0	1	0
57148942	0	0	1
57152494	0	1	0
57163434	0	1	0
57172884	0	4	0
57186742	0	0	1
57205914	0	1	0
57208469	0	2	0
57212289	0	1	0
57225044	0	1	0
57231954	0	2	0
57239031	0	1	0
57245475	0	1	0
57247042	0	1	0
57251169	0	1	0
57251745	0	1	0
57284301	0	1	0
57284410	0	1	0
57311065	0	3	0
57314503	0	8	0
57316645	0	1	0
57322843	0	2	0
57327715	0	6	0
57336961	0	2	0
57346283	0	1	0
57354319	0	3	0
57385132	0	2	0
57393605	0	1	0
57409673	0	1	0
57410161	0	2	0
57411026	0	1	0
57427368	0	1	0
57427869	0	3	0
57441825	0	1	0
57463749	0	1	0
57476568	0	1	0
57489164	0	1	0
57502150	0	1	0
57526417	0	1	0
57550364	0	1	0
57555618	0	1	0
57570427	0	1	0
57575587	0	1	0
57609508	0	2	0
57615952	0	1	0
57639907	0	1	0
57651783	0	1	0
57674051	0	1	0
57677239	0	2	0
57706750	0	3	0
57711717	0	1	0
57726570	0	1	0
57730205	0	3	0
57789195	0	3	0
57814611	0	1	0
57852390	0	5	0
57881278	0	2	0
57898222	0	1	0
57909468	0	3	0
57975641	0	1	0
57976674	0	1	0
58013668	0	1	0
58021279	0	1	0
58029357	0	2	0
58097714	0	1	0
58099629	0	1	0
58100288	0	0	1
58103777	0	1	0
58144745	0	1	0
58164993	0	1	0
58165591	0	1	0
58177519	0	4	0
58180147	0	1	0
58185945	0	1	0
58196066	0	1	0
58207387	0	1	0
58213603	0	1	0
58229604	0	1	0
58268989	0	1	0
58269634	0	1	0
58295913	0	1	0
58296131	0	1	0
58320767	0	1	0
58348857	0	1	0
58360345	0	1	0
58363032	0	1	0
58374006	0	1	0
58392762	0	1	0
58415722	0	1	0
58429544	0	1	0
58454785	0	1	0
58488313	0	1	0
58519707	0	3	0
58530107	0	1	0
58561528	0	1	0
58563399	0	1	0
58569992	0	1	0
58571603	0	1	0
58677482	0	1	0
58701352	0	1	0
58705865	0	1	0
58755087	0	1	0
58778973	0	1	0
58780695	0	2	0
58784329	0	1	0
58792273	0	5	0
58840779	0	3	0
58841731	0	1	0
58868767	0	1	0
58871523	0	1	0
58896598	0	1	0
58914118	0	1	0
58929714	0	1	0
58931718	0	1	0
58952752	0	1	0
58953646	0	3	0
58958481	0	1	0
58967335	0	1	0
58975301	0	1	0
58976272	0	1	0
58997292	0	1	0
59001472	0	1	0
59029065	0	1	0
59034538	0	1	0
59044437	0	1	0
59060738	0	1	0
59065127	0	1	0
59102548	0	0	1
59145226	0	1	0
59154693	0	1	0
59167686	0	1	0
59182537	0	0	1
59191665	0	1	0
59202033	0	1	0
59213537	0	1	0
59267664	0	2	0
59314280	0	1	0
59319696	0	1	0
59327269	0	1	0
59331414	0	3	0
59348913	0	1	0
59353136	0	1	0
59374351	0	4	0
59407603	0	1	0
59421191	0	2	0
59424295	0	2	0
59447420	0	1	0
59448653	0	1	0
59456859	0	1	0
59466095	0	1	0
59509611	0	1	0
59528364	0	1	0
59566806	0	1	0
59571896	0	1	0
59588441	0	1	0
59597579	0	1	0
59600990	0	1	0
59625019	0	1	0
59628130	0	1	0
59647928	0	1	0
59692118	0	1	0
59695558	0	3	0
59696716	0	1	0
59731847	0	1	0
59743225	0	1	0
59756477	0	5	0
59763060	0	1	0
59798571	0	1	0
59816444	0	1	0
59828172	0	1	0
59851253	0	1	0
59854026	0	3	0
59886825	0	2	0
59919338	0	0	1
59958108	0	1	0
59986233	0	1	0
59995487	0	1	0
60002490	0	1	0
60007116	0	2	0
60012167	0	1	0
60024478	0	1	0
60024963	0	6	0
60059219	0	1	0
60072557	0	1	0
60093338	0	4	0
60130322	0	1	0
60174376	0	2	0
60191786	0	1	0
60196853	0	1	0
60197609	0	1	0
60203172	0	1	0
60207246	0	1	0
60235547	0	4	0
60246441	0	1	0
60260150	0	1	0
60266788	0	1	0
60310927	0	1	0
60316142	0	2	0
60321168	0	1	0
60328150	0	1	0
60348516	0	1	0
60379712	0	1	0
60388224	0	1	0
60389958	0	1	0
60392181	0	1	0
60406012	0	1	0
60439814	0	1	0
60460443	0	3	0
60476952	0	1	0
60497483	0	1	0
60506698	0	1	0
60544857	0	1	0
60565940	0	1	0
60583184	0	1	0
60585670	0	2	0
60604245	0	1	0
60605061	0	1	0
60608750	0	1	0
60610123	0	1	0
60639851	0	1	0
60646041	0	1	0
60657091	0	1	0
60668074	0	3	0
60687469	0	1	0
60697508	0	1	0
60697601	0	1	0
60699989	0	1	0
60761981	0	2	0
60762859	0	4	0
60765631	0	1	0
60766512	0	1	0
60769165	0	1	0
60826245	0	1	0
60854662	0	1	0
60867496	0	1	0
60868260	0	1	0
60903712	0	0	1
60903772	0	0	1
60943482	0	0	1
60950885	0	2	0
60959175	0	1	0
60961561	0	1	0
60979813	0	1	0
60982336	0	1	0
61004601	0	1	0
61013746	0	1	0
61019739	0	0	1
61054351	0	1	0
61065868	0	1	0
61070706	0	1	0
61085432	0	1	0
61104506	0	3	0
61114454	0	1	0
61136868	0	1	0
61160997	0	1	0
61168125	0	2	0
61179579	0	2	0
61187846	0	1	0
61195246	0	1	0
61202256	0	6	0
61210454	0	1	0
61215287	0	1	0
61221630	0	0	1
61347461	0	3	0
61382954	0	1	0
61388535	0	3	0
61405655	0	1	0
61518202	0	1	0
61542395	0	3	0
61549330	0	1	0
61555972	0	4	0
61582447	0	1	0
61594951	0	2	0
61596924	0	2	0
61602742	0	1	0
61623041	0	1	0
61659670	0	1	0
61670139	0	1	0
61699290	0	1	0
61708115	0	1	0
61729988	0	4	0
61742780	0	0	1
61749523	0	0	1
61775096	0	1	0
61799926	0	1	0
61816158	0	1	0
61839388	0	1	0
61842316	0	4	0
61876423	0	1	0
61909622	0	1	0
61921650	0	0	1
61925288	0	1	0
61953196	0	1	0
61955467	0	2	0
61957558	0	4	0
61959950	0	1	0
61963117	0	2	0
61967018	0	1	0
61970015	0	3	0
61970442	0	1	0
62005387	0	1	0
62018886	0	1	0
62035549	0	1	0
62051821	0	1	0
62073276	0	2	0
62125486	0	1	0
62175044	0	1	0
62193670	0	2	0
62227334	0	1	0
62237679	0	1	0
62238094	0	1	0
62255567	0	1	0
62309289	0	1	0
62358457	0	1	0
62396383	0	6	0
62421012	0	1	0
62478610	0	1	0
62530284	0	1	0
62604869	0	1	0
62611938	0	1	0
62619958	0	1	0
62631720	0	0	1
62679544	0	2	0
62736889	0	1	0
62761610	0	2	0
62764526	0	4	0
62770086	0	1	0
62770309	0	1	0
62784367	0	1	0
62792225	0	1	0
62816922	0	1	0
62832650	0	1	0
62846008	0	6	0
62847493	0	1	0
62860211	0	1	0
62872508	0	4	0
62960713	0	3	0
62974846	0	1	0
62978132	0	2	0
62987381	0	2	0
63006195	0	1	0
63020554	0	1	0
63085271	0	1	0
63085496	0	1	0
63110315	0	5	0
63130911	0	1	0
63136734	0	2	0
63173929	0	1	0
63189089	0	5	0
63230974	0	1	0
63232999	0	0	1
63289082	0	1	0
63296008	0	3	0
63313577	0	2	0
63331011	0	1	0
63334375	0	1	0
63341633	0	1	0
63347442	0	1	0
63384344	0	1	0
63394876	0	1	0
63401408	0	1	0
63416080	0	4	0
63424390	0	1	0
63460853	0	1	0
63529440	0	3	0
63533448	0	1	0
63591960	0	1	0
63593238	0	0	1
63595948	0	1	0
63620353	0	3	0
63642950	0	1	0
63752325	0	1	0
63753989	0	1	0
63769812	0	1	0
63774677	0	7	0
63784934	0	1	0
63785001	0	1	0
63785134	0	5	0
63812137	0	0	1
63814643	0	1	0
63852314	0	8	0
63857825	0	8	0
63877927	0	3	0
63892355	0	6	0
63900712	0	1	0
63906610	0	3	0
63922192	0	1	0
63956987	0	2	0
63964593	0	6	0
63994268	0	1	0
64047796	0	2	0
64049522	0	2	0
64075758	0	1	0
64086708	0	1	0
64092078	0	0	1
64092124	0	0	1
64092142	0	0	1
64098319	0	1	0
64113229	0	1	0
64135093	0	1	0
64138536	0	2	0
64169864	0	5	0
64220834	0	1	0
64239631	0	1	0
64258890	0	4	0
64268261	0	1	0
64275247	0	1	0
64325209	0	4	0
64365484	0	5	0
64370662	0	1	0
64381527	0	1	0
64390494	0	1	0
64415064	0	3	0
64426707	0	1	0
64464087	0	1	0
64474319	0	1	0
64487683	0	1	0
64490151	0	1	0
64495279	0	1	0
64495746	0	1	0
64498568	0	1	0
64516439	0	1	0
64517316	0	1	0
64517518	0	1	0
64530267	0	3	0
64536684	0	3	0
64543692	0	1	0
64564960	0	1	0
64585373	0	1	0
64592706	0	4	0
64601884	0	1	0
64607249	0	1	0
64614007	0	3	0
64676656	0	3	0
64715221	0	2	0
64726272	0	1	0
64771580	0	1	0
64781601	0	1	0
64787078	0	1	0
64807857	0	9	0
64817711	0	1	0
64820236	0	5	0
64835930	0	1	0
64869206	0	1	0
64891234	0	1	0
64898799	0	1	0
64908838	0	1	0
64916015	0	1	0
64939706	0	2	0
64943250	0	1	0
64945006	0	1	0
64986817	0	1	0
64988015	0	2	0
64989160	0	1	0
64993307	0	1	0
64998632	0	4	0
65002883	0	1	0
65025696	0	1	0
65028637	0	1	0
65036247	0	1	0
65049002	0	1	0
65067022	0	1	0
65067636	0	1	0
65102064	0	1	0
65141131	0	5	0
65169638	0	1	0
65183039	0	1	0
65227553	0	1	0
65228203	0	6	0
65250594	0	1	0
65374443	0	1	0
65374849	0	1	0
65377808	0	0	1
65397853	0	1	0
65429402	0	5	0
65437240	0	1	0
65452360	0	1	0
65456753	0	1	0
65526870	0	1	0
65533550	0	2	0
65580575	0	1	0
65581106	0	2	0
65583819	0	1	0
65591026	0	1	0
65609206	0	1	0
65636710	0	2	0
65640730	0	1	0
65650130	0	2	0
65665939	0	4	0
65667167	0	1	0
65691298	0	2	0
65691347	0	2	0
65708560	0	1	0
65716723	0	1	0
65726851	0	1	0
65726981	0	2	0
65799335	0	0	1
65840825	0	1	0
65884209	0	1	0
65884814	0	1	0
65912747	0	3	0
65927525	0	5	0
65938888	0	1	0
65941316	0	1	0
65964466	0	2	0
65972882	0	0	1
65988061	0	1	0
65997511	0	1	0
66003104	0	1	0
66027079	0	2	0
66053131	0	0	1
66054961	0	1	0
66060187	0	0	1
66066613	0	1	0
66078639	0	1	0
66093862	0	1	0
66118722	0	1	0
66128802	0	1	0
66142571	0	1	0
66183093	0	2	0
66216277	0	1	0
66242153	0	1	0
66245874	0	5	0
66298466	0	1	0
66323877	0	1	0
66329634	0	1	0
66340090	0	1	0
66353534	0	1	0
66354718	0	1	0
66388071	0	3	0
66419708	0	2	0
66423826	0	1	0
66451329	0	7	0
66480270	0	1	0
66480800	0	2	0
66495723	0	1	0
66514407	0	1	0
66527125	0	1	0
66540538	0	1	0
66569572	0	1	0
66579333	0	1	0
66590494	0	1	0
66590708	0	4	0
66660219	0	2	0
66660516	0	1	0
66675236	0	3	0
66700510	0	3	0
66701975	0	1	0
66708852	0	0	1
66715939	0	1	0
66716510	0	1	0
66720179	0	1	0
66744196	0	1	0
66747907	0	0	1
66753298	0	1	0
66754732	0	2	0
66776584	0	2	0
66781700	0	16	0
66792336	0	1	0
66792348	0	1	0
66798535	0	1	0
66818136	0	1	0
66831644	0	1	0
66970703	0	3	0
67035490	0	1	0
67037297	0	1	0
67061791	0	3	0
67073139	0	3	0
67113684	0	1	0
67126582	0	2	0
67171641	0	1	0
67175562	0	1	0
67176394	0	1	0
67193287	0	1	0
67208270	0	2	0
67220060	0	1	0
67248276	0	1	0
67278624	0	1	0
67307936	0	1	0
67308097	0	2	0
67309222	0	1	0
67337931	0	2	0
67351425	0	1	0
67416035	0	4	0
67416389	0	1	0
67448149	0	1	0
67450683	0	3	0
67460148	0	1	0
67473060	0	3	0
67490307	0	1	0
67494590	0	1	0
67531132	0	1	0
67534939	0	1	0
67591002	0	1	0
67606512	0	2	0
67620129	0	3	0
67626860	0	1	0
67630103	0	1	0
67637833	0	2	0
67644410	0	5	0
67654584	0	1	0
67675113	0	1	0
67691624	0	3	0
67704598	0	1	0
67719638	0	1	0
67790542	0	1	0
67790796	0	1	0
67805125	0	1	0
67880698	0	1	0
67883310	0	3	0
67883346	0	2	0
67934445	0	0	1
67937207	0	2	0
67939123	0	1	0
67947388	0	1	0
67981849	0	0	1
67989389	0	1	0
67991448	0	1	0
67992331	0	3	0
67999580	0	1	0
68000323	0	1	0
68015648	0	1	0
68035796	0	5	0
68035968	0	1	0
68037192	0	3	0
68039442	0	1	0
68042264	0	1	0
68045567	0	1	0
68048374	0	1	0
68093300	0	2	0
68109211	0	1	0
68133080	0	2	0
68138766	0	2	0
68168255	0	2	0
68170756	0	1	0
68172925	0	1	0
68239160	0	7	0
68247417	0	1	0
68269321	0	1	0
68276395	0	2	0
68330259	0	1	0
68334689	0	1	0
68335789	0	1	0
68343256	0	2	0
68376738	0	5	0
68396099	0	4	0
68397757	0	1	0
68422512	0	1	0
68447495	0	1	0
68457093	0	6	0
68463641	0	3	0
68475975	0	2	0
68519038	0	1	0
68526440	0	1	0
68535956	0	1	0
68557413	0	1	0
68563783	0	1	0
68564171	0	1	0
68591706	0	1	0
68627510	0	1	0
68634992	0	4	0
68635459	0	1	0
68635820	0	1	0
68650023	0	3	0
68653201	0	1	0
68669322	0	1	0
68704106	0	2	0
68705445	0	2	0
68724649	0	5	0
68725222	0	1	0
68737883	0	2	0
68777224	0	2	0
68799561	0	0	1
68813497	0	3	0
68819095	0	1	0
68850763	0	1	0
68854789	0	1	0
68867151	0	1	0
68880199	0	1	0
68913836	0	4	0
68926134	0	0	1
68936895	0	1	0
68951308	0	1	0
68964329	0	1	0
68984897	0	1	0
69080151	0	1	0
69098650	0	1	0
69165001	0	1	0
69195336	0	1	0
69209174	0	1	0
69230299	0	1	0
69241171	0	3	0
69241617	0	1	0
69251221	0	1	0
69270900	0	4	0
69291890	0	0	1
69303283	0	2	0
69315686	0	2	0
69317679	0	2	0
69318617	0	2	0
69322480	0	0	1
69325196	0	0	1
69332372	0	1	0
69344658	0	1	0
69351187	0	2	0
69365567	0	1	0
69375946	0	1	0
69382827	0	1	0
69434125	0	6	0
69443943	0	1	0
69450483	0	1	0
69460385	0	1	0
69467208	0	1	0
69488978	0	4	0
69500418	0	1	0
69528485	0	0	1
69534050	0	3	0
69585352	0	1	0
69593821	0	1	0
69611410	0	1	0
69614298	0	1	0
69671463	0	1	0
69675942	0	1	0
69678130	0	2	0
69692859	0	2	0
69700320	0	2	0
69701234	0	1	0
69742561	0	1	0
69748089	0	1	0
69773663	0	1	0
69826544	0	1	0
69850031	0	1	0
69850848	0	1	0
69870816	0	1	0
69884395	0	1	0
69896715	0	1	0
69900479	0	1	0
69909719	0	1	0
69912083	0	2	0
69922128	0	1	0
69957350	0	1	0
69988052	0	1	0
69999286	0	1	0
70003139	0	1	0
70021161	0	2	0
70030147	0	1	0
70036375	0	1	0
70044057	0	1	0
70085538	0	1	0
70137407	0	3	0
70137952	0	5	0
70143869	0	3	0
70176681	0	1	0
70202714	0	2	0
70208283	0	1	0
70244941	0	1	0
70255604	0	2	0
70270161	0	1	0
70278586	0	1	0
70283106	0	1	0
70284367	0	1	0
70310155	0	3	0
70378508	0	0	1
70380542	0	6	0
70383149	0	1	0
70431498	0	1	0
70449280	0	1	0
70449503	0	1	0
70451066	0	1	0
70486033	0	1	0
70487165	0	1	0
70584147	0	1	0
70584545	0	1	0
70598590	0	1	0
70603400	0	1	0
70613385	0	1	0
70629629	0	0	1
70636482	0	1	0
70643508	0	1	0
70671351	0	2	0
70672286	0	1	0
70678476	0	1	0
70692140	0	1	0
70694473	0	1	0
70744095	0	0	1
70758573	0	1	0
70761071	0	1	0
70768131	0	2	0
70800737	0	1	0
70804238	0	1	0
70832633	0	1	0
70832971	0	1	0
70835063	0	1	0
70843804	0	1	0
70849769	0	1	0
70852555	0	1	0
70856990	0	1	0
70874544	0	1	0
70885307	0	0	1
70896863	0	1	0
70898077	0	2	0
70914912	0	1	0
70924073	0	1	0
70931228	0	1	0
70977409	0	1	0
71007750	0	1	0
71023753	0	1	0
71036281	0	1	0
71090770	0	0	1
71131549	0	0	1
71170981	0	1	0
71185681	0	1	0
71237794	0	5	0
71245593	0	1	0
71252698	0	1	0
71263910	0	1	0
71318346	0	1	0
71328007	0	1	0
71381474	0	1	0
71397554	0	1	0
71443079	0	1	0
71445529	0	1	0
71476505	0	1	0
71525415	0	1	0
71559134	0	1	0
71560390	0	1	0
71576371	0	6	0
71582506	0	1	0
71587437	0	1	0
71594646	0	1	0
71641820	0	1	0
71661029	0	1	0
71837758	0	1	0
71837784	0	1	0
71870365	0	1	0
71878720	0	1	0
71914168	0	2	0
71919587	0	6	0
71947466	0	2	0
71974539	0	1	0
72001417	0	1	0
72030156	0	1	0
72045036	0	1	0
72047641	0	5	0
72061943	0	3	0
72064890	0	2	0
72114047	0	1	0
72118028	0	1	0
72145914	0	3	0
72146951	0	0	1
72199694	0	1	0
72259157	0	1	0
72260898	0	1	0
72273252	0	1	0
72296891	0	1	0
72297265	0	10	0
72302250	0	1	0
72314580	0	1	0
72328884	0	1	0
72330210	0	1	0
72376989	0	1	0
72382748	0	1	0
72387958	0	1	0
72463834	0	1	0
72469657	0	1	0
72495143	0	0	1
72586283	0	4	0
72600396	0	2	0
72651231	0	1	0
72676220	0	4	0
72692413	0	1	0
72746403	0	1	0
72750504	0	1	0
72771158	0	1	0
72774366	0	0	1
72779509	0	1	0
72789360	0	1	0
72810922	0	1	0
72818534	0	1	0
72835201	0	1	0
72839516	0	1	0
72844895	0	1	0
72852433	0	1	0
72855724	0	0	1
72886834	0	1	0
72888129	0	1	0
72905847	0	2	0
72937046	0	6	0
72939564	0	1	0
72964462	0	1	0
72978786	0	5	0
73000687	0	1	0
73036050	0	1	0
73036749	0	2	0
73041168	0	1	0
73065758	0	2	0
73074532	0	1	0
73099027	0	1	0
73114310	0	5	0
73178140	0	1	0
73200023	0	1	0
73255003	0	1	0
73291662	0	1	0
73306712	0	1	0
73308070	0	1	0
73340537	0	3	0
73363323	0	1	0
73372112	0	1	0
73383151	0	1	0
73385713	0	1	0
73405462	0	0	1
73423876	0	1	0
73487228	0	4	0
73519108	0	1	0
73523460	0	1	0
73550308	0	1	0
73562654	0	2	0
73571659	0	1	0
73610435	0	1	0
73611635	0	1	0
73617110	0	1	0
73617683	0	2	0
73624020	0	1	0
73632940	0	1	0
73662025	0	1	0
73667816	0	1	0
73676013	0	1	0
73691732	0	1	0
73692023	0	2	0
73749917	0	1	0
73771778	0	1	0
73815524	0	1	0
73833662	0	2	0
73842514	0	0	1
73984408	0	1	0
74019983	0	4	0
74050528	0	1	0
74057984	0	0	1
74085989	0	1	0
74100352	0	1	0
74101636	0	1	0
74101697	0	2	0
74129185	0	1	0
74139263	0	1	0
74143680	0	11	0
74149166	0	1	0
74175744	0	1	0
74245011	0	8	0
74314630	0	1	0
74323896	0	1	0
74334292	0	1	0
74383667	0	1	0
74383719	0	1	0
74400678	0	1	0
74404079	0	1	0
74417829	0	1	0
74431370	0	2	0
74439688	0	1	0
74447913	0	1	0
74464877	0	1	0
74469062	0	1	0
74523525	0	1	0
74547039	0	3	0
74610360	0	1	0
74619972	0	2	0
74646997	0	1	0
74648125	0	2	0
74649047	0	3	0
74664058	0	1	0
74725199	0	2	0
74773643	0	4	0
74814508	0	1	0
74819632	0	1	0
74925237	0	3	0
74929286	0	3	0
74952895	0	0	1
74968561	0	1	0
74994698	0	3	0
75003100	0	1	0
75059469	0	1	0
75060151	0	4	0
75083154	0	1	0
75084108	0	1	0
75092886	0	2	0
75121437	0	1	0
75165672	0	4	0
75169585	0	0	1
75169717	0	0	1
75190332	0	1	0
75198031	0	1	0
75199327	0	1	0
75203975	0	3	0
75235327	0	2	0
75244791	0	1	0
75308053	0	1	0
75337415	0	1	0
75371339	0	1	0
75382097	0	1	0
75385703	0	1	0
75410663	0	1	0
75431921	0	1	0
75467892	0	1	0
75479983	0	1	0
75480543	0	1	0
75501604	0	1	0
75531334	0	2	0
75537835	0	1	0
75606035	0	1	0
75661818	0	1	0
75661916	0	1	0
75679994	0	2	0
75712534	0	1	0
75715332	0	0	1
75781057	0	6	0
75785439	0	1	0
75791976	0	1	0
75798145	0	4	0
75807391	0	4	0
75820137	0	1	0
75867502	0	1	0
75872779	0	1	0
75874808	0	0	1
75876558	0	2	0
75877080	0	1	0
75882883	0	1	0
75928015	0	1	0
75931334	0	1	0
75947830	0	1	0
75987537	0	1	0
76031683	0	0	1
76078541	0	1	0
76085073	0	1	0
76090869	0	1	0
76117420	0	1	0
76186214	0	1	0
76188656	0	1	0
76193637	0	2	0
76207361	0	0	1
76250271	0	6	0
76253807	0	1	0
76311685	0	1	0
76370379	0	1	0
76376326	0	7	0
76392529	0	1	0
76394010	0	1	0
76406521	0	1	0
76519315	0	1	0
76530470	0	4	0
76536709	0	1	0
76554238	0	1	0
76559557	0	1	0
76560781	0	1	0
76582695	0	1	0
76586165	0	1	0
76593030	0	2	0
76652220	0	1	0
76678564	0	1	0
76680178	0	1	0
76689202	0	1	0
76695343	0	1	0
76712017	0	1	0
76713367	0	1	0
76737238	0	4	0
76739738	0	1	0
76742471	0	1	0
76757245	0	1	0
76772594	0	1	0
76772601	0	1	0
76772602	0	2	0
76772603	0	1	0
76772609	0	3	0
76772610	0	2	0
76772612	0	2	0
76772614	0	1	0
76772623	0	1	0
76810774	0	1	0
76816115	0	3	0
76819277	0	5	0
76865036	0	1	0
76890788	0	1	0
76891890	0	1	0
76901992	0	1	0
76919333	0	1	0
76962752	0	1	0
76995833	0	1	0
77032903	0	1	0
77085954	0	1	0
77112579	0	1	0
77116572	0	3	0
77122360	0	1	0
77157065	0	4	0
77157770	0	1	0
77164577	0	1	0
77165406	0	1	0
77179983	0	1	0
77213719	0	1	0
77251854	0	3	0
77259705	0	1	0
77280063	0	1	0
77330538	0	1	0
77339639	0	2	0
77357324	0	6	0
77392353	0	1	0
77398879	0	1	0
77415172	0	2	0
77417251	0	4	0
77426342	0	1	0
77431486	0	1	0
77437959	0	1	0
77439976	0	1	0
77440996	0	1	0
77462863	0	1	0
77481818	0	1	0
77484809	0	1	0
77499129	0	0	1
77537119	0	1	0
77540612	0	1	0
77550766	0	1	0
77574364	0	1	0
77584463	0	7	0
77590573	0	8	0
77593048	0	1	0
77602815	0	2	0
77625056	0	1	0
77641078	0	1	0
77641694	0	1	0
77641734	0	1	0
77656554	0	1	0
77669644	0	1	0
77689649	0	1	0
77755789	0	1	0
77772991	0	4	0
77773890	0	1	0
77837480	0	1	0
77858596	0	1	0
77907863	0	4	0
77911175	0	1	0
77924839	0	1	0
77935408	0	4	0
77947121	0	1	0
77976482	0	1	0
78084504	0	1	0
78094876	0	1	0
78127372	0	1	0
78137336	0	0	1
78165330	0	1	0
78182062	0	1	0
78187412	0	1	0
78207546	0	4	0
78207671	0	1	0
78219986	0	1	0
78231338	0	1	0
78275870	0	1	0
78324046	0	1	0
78346784	0	1	0
78433690	0	1	0
78467997	0	1	0
78475198	0	2	0
78475228	0	2	0
78475310	0	2	0
78475358	0	1	0
78475421	0	1	0
78475429	0	1	0
78475433	0	2	0
78475436	0	2	0
78475461	0	1	0
78475470	0	1	0
78475472	0	1	0
78475505	0	1	0
78478408	0	1	0
78493705	0	1	0
78524448	0	1	0
78525526	0	2	0
78526012	0	1	0
78537067	0	1	0
78594899	0	1	0
78618625	0	1	0
78628121	0	1	0
78637159	0	2	0
78640297	0	1	0
78642098	0	1	0
78644397	0	1	0
78644440	0	1	0
78648466	0	1	0
78665264	0	1	0
78679604	0	2	0
78723059	0	1	0
78742350	0	1	0
78766390	0	0	1
78773804	0	0	1
78791457	0	3	0
78797826	0	1	0
78829187	0	1	0
78975487	0	4	0
78979597	0	1	0
78987257	0	1	0
79010626	0	1	0
79036387	0	3	0
79052372	0	7	0
79053870	0	6	0
79054879	0	1	0
79074156	0	1	0
79077066	0	1	0
79080337	0	4	0
79084955	0	2	0
79090339	0	0	1
79090395	0	0	1
79096425	0	3	0
79102017	0	1	0
79130595	0	1	0
79165454	0	1	0
79206314	0	5	0
79246077	0	1	0
79255338	0	1	0
79325143	0	1	0
79340722	0	2	0
79348363	0	2	0
79369010	0	2	0
79374032	0	1	0
79399150	0	1	0
79457597	0	5	0
79457773	0	1	0
79532781	0	1	0
79538807	0	1	0
79569643	0	1	0
79584857	0	1	0
79624908	0	1	0
79661765	0	1	0
79678008	0	1	0
79700503	0	1	0
79703833	0	1	0
79717893	0	1	0
79742977	0	1	0
79770790	0	1	0
79795365	0	1	0
79800300	0	1	0
79804878	0	1	0
79808629	0	1	0
79826194	0	2	0
79826262	0	1	0
79840053	0	4	0
79846249	0	1	0
79856641	0	1	0
79871480	0	2	0
79897869	0	1	0
79900595	0	1	0
79944890	0	6	0
79991877	0	1	0
79996642	0	1	0
80018403	0	1	0
80031215	0	1	0
80061016	0	1	0
80112520	0	1	0
80123014	0	1	0
80140651	0	3	0
80148256	0	1	0
80161129	0	1	0
80162245	0	7	0
80170763	0	2	0
80174700	0	1	0
80197728	0	2	0
80224210	0	1	0
80227524	0	1	0
80251248	0	5	0
80272459	0	2	0
80278202	0	2	0
80281570	0	1	0
80281722	0	1	0
80281729	0	1	0
80308199	0	1	0
80344215	0	2	0
80349352	0	2	0
80382936	0	2	0
80408129	0	1	0
80467361	0	1	0
80486872	0	1	0
80492675	0	1	0
80562150	0	1	0
80617218	0	1	0
80619174	0	1	0
80629910	0	2	0
80638220	0	1	0
80644909	0	1	0
80649456	0	1	0
80729422	0	1	0
80730061	0	1	0
80753236	0	1	0
80798920	0	1	0
80834601	0	1	0
80908129	0	1	0
80918472	0	1	0
80926107	0	1	0
80962630	0	1	0
80981758	0	3	0
81033790	0	1	0
81047736	0	2	0
81090841	0	0	1
81114037	0	2	0
81138454	0	9	0
81161723	0	1	0
81213842	0	1	0
81219015	0	1	0
81269855	0	3	0
81298712	0	1	0
81306605	0	1	0
81398348	0	1	0
81402301	0	1	0
81412440	0	1	0
81465890	0	3	0
81480988	0	0	1
81483849	0	1	0
81484132	0	1	0
81499226	0	2	0
81504759	0	1	0
81512093	0	1	0
81534510	0	1	0
81535965	0	2	0
81560068	0	1	0
81561296	0	1	0
81575094	0	1	0
81586462	0	1	0
81630450	0	1	0
81639068	0	1	0
81653551	0	1	0
81679843	0	1	0
81724372	0	1	0
81747122	0	1	0
81751090	0	1	0
81760872	0	1	0
81760924	0	1	0
81764649	0	4	0
81774717	0	1	0
81782902	0	1	0
81791873	0	3	0
81795424	0	1	0
81827924	0	0	1
81842987	0	1	0
81848123	0	1	0
81902257	0	2	0
81914069	0	1	0
81935999	0	1	0
81942277	0	1	0
81945947	0	1	0
81951508	0	1	0
81956663	0	1	0
81966258	0	3	0
81966673	0	1	0
81971520	0	1	0
81984122	0	1	0
82012965	0	2	0
82020564	0	2	0
82130481	0	2	0
82160056	0	1	0
82161312	0	1	0
82173533	0	1	0
82192327	0	1	0
82202723	0	1	0
82229758	0	1	0
82231930	0	1	0
82257828	0	2	0
82294857	0	2	0
82313818	0	1	0
82320072	0	1	0
82334902	0	1	0
82343189	0	7	0
82346171	0	1	0
82378400	0	2	0
82417633	0	2	0
82424051	0	1	0
82432373	0	1	0
82439451	0	6	0
82462198	0	1	0
82478186	0	2	0
82489498	0	1	0
82508095	0	1	0
82516113	0	0	1
82527529	0	3	0
82542752	0	0	1
82544585	0	4	0
82612534	0	2	0
82689130	0	1	0
82717682	0	1	0
82751079	0	1	0
82759294	0	3	0
82828375	0	1	0
82846101	0	1	0
82858953	0	2	0
82879999	0	1	0
82916589	0	1	0
82925410	0	1	0
82954360	0	5	0
82968000	0	1	0
82979320	0	1	0
82983514	0	1	0
82996447	0	1	0
83031055	0	1	0
83051526	0	1	0
83064662	0	4	0
83096399	0	1	0
83098275	0	3	0
83122680	0	1	0
83241926	0	1	0
83250279	0	0	1
83257955	0	1	0
83406262	0	1	0
83459334	0	1	0
83466094	0	1	0
83503787	0	1	0
83522796	0	3	0
83523321	0	3	0
83573701	0	1	0
83574919	0	1	0
83622097	0	1	0
83631497	0	1	0
83708925	0	1	0
83720484	0	2	0
83777980	0	4	0
83824253	0	1	0
83838235	0	1	0
83839479	0	1	0
83860553	0	1	0
83883204	0	1	0
83926803	0	6	0
83927195	0	1	0
83929000	0	1	0
83968258	0	1	0
83969861	0	1	0
83971659	0	1	0
83981594	0	1	0
83999476	0	1	0
84004555	0	1	0
84007117	0	1	0
84009556	0	3	0
84044720	0	1	0
84052119	0	1	0
84134811	0	1	0
84175444	0	1	0
84197113	0	1	0
84216810	0	2	0
84217299	0	1	0
84241999	0	1	0
84255555	0	1	0
84257789	0	1	0
84292008	0	3	0
84294473	0	1	0
84322054	0	1	0
84362033	0	4	0
84375528	0	2	0
84389296	0	1	0
84420941	0	1	0
84440334	0	1	0
84450933	0	1	0
84465444	0	3	0
84483636	0	1	0
84506340	0	3	0
84531731	0	0	1
84532913	0	1	0
84557570	0	0	1
84576703	0	1	0
84587566	0	1	0
84607245	0	1	0
84628819	0	1	0
84689283	0	1	0
84708689	0	1	0
84708789	0	1	0
84708822	0	1	0
84708889	0	1	0
84708904	0	1	0
84721838	0	1	0
84816425	0	1	0
84865948	0	1	0
84941287	0	1	0
84987916	0	1	0
85165271	0	1	0
85225623	0	1	0
85240727	0	1	0
85248539	0	1	0
85261381	0	1	0
85265509	0	3	0
85302279	0	1	0
85303225	0	1	0
85303453	0	1	0
85310612	0	1	0
85370894	0	1	0
85381972	0	1	0
85382084	0	1	0
85469668	0	1	0
85471816	0	1	0
85489380	0	1	0
85492698	0	1	0
85531837	0	1	0
85539858	0	1	0
85549843	0	1	0
85592172	0	1	0
85605362	0	1	0
85626773	0	1	0
85663056	0	2	0
85679468	0	1	0
85680144	0	1	0
85723528	0	4	0
85726518	0	1	0
85726630	0	1	0
85768761	0	1	0
85774248	0	0	1
85785717	0	1	0
85825735	0	1	0
85843839	0	1	0
85855790	0	1	0
85874353	0	1	0
85878857	0	1	0
85880463	0	1	0
85901204	0	1	0
85920061	0	1	0
85944653	0	2	0
85951664	0	1	0
85969777	0	1	0
86044818	0	1	0
86075137	0	1	0
86138465	0	1	0
86170367	0	2	0
86192826	0	3	0
86195892	0	1	0
86204493	0	1	0
86293128	0	4	0
86308768	0	1	0
86316393	0	1	0
86344989	0	1	0
86348133	0	1	0
86391735	0	1	0
86397641	0	1	0
86398052	0	1	0
86432326	0	1	0
86432511	0	2	0
86434100	0	1	0
86436508	0	2	0
86464245	0	1	0
86478295	0	2	0
86515307	0	7	0
86527126	0	1	0
86645567	0	1	0
86682049	0	1	0
86688572	0	1	0
86742538	0	1	0
86752328	0	1	0
86793414	0	1	0
86822424	0	2	0
86834771	0	1	0
86841633	0	1	0
86853854	0	1	0
86867674	0	1	0
86876771	0	1	0
86894450	0	1	0
87062308	0	1	0
87169321	0	1	0
87177952	0	1	0
87204777	0	1	0
87218044	0	1	0
87241411	0	2	0
87269391	0	1	0
87301119	0	1	0
87310185	0	1	0
87345024	0	4	0
87364777	0	1	0
87382189	0	2	0
87416718	0	1	0
87417596	0	3	0
87438567	0	1	0
87439174	0	1	0
87439518	0	1	0
87487029	0	1	0
87495782	0	2	0
87518283	0	1	0
87604776	0	4	0
87658629	0	1	0
87682409	0	2	0
87688960	0	1	0
87756412	0	1	0
87788749	0	0	1
87830344	0	1	0
87833107	0	1	0
87833177	0	1	0
87847789	0	1	0
87867441	0	1	0
87889761	0	1	0
87947131	0	2	0
87965036	0	1	0
88004551	0	1	0
88025678	0	1	0
88070875	0	1	0
88124773	0	3	0
88176938	0	4	0
88197383	0	1	0
88225309	0	1	0
88269871	0	1	0
88308027	0	1	0
88335077	0	1	0
88346067	0	1	0
88363683	0	1	0
88364338	0	1	0
88385148	0	2	0
88420976	0	1	0
88430603	0	2	0
88449206	0	2	0
88460526	0	1	0
88493913	0	1	0
88554109	0	1	0
88604299	0	3	0
88673825	0	1	0
88677501	0	0	1
88680917	0	4	0
88685710	0	1	0
88699715	0	4	0
88722732	0	3	0
88758842	0	1	0
88809946	0	3	0
88835606	0	1	0
88887897	0	1	0
88922660	0	0	1
88960577	0	1	0
88991722	0	2	0
89005755	0	2	0
89059807	0	1	0
89091697	0	1	0
89093473	0	4	0
89100689	0	1	0
89105149	0	1	0
89120172	0	0	1
89158066	0	1	0
89183588	0	1	0
89193245	0	1	0
89277725	0	1	0
89315742	0	1	0
89410833	0	1	0
89414118	0	1	0
89425032	0	1	0
89456547	0	3	0
89609708	0	0	1
89626328	0	2	0
89653973	0	2	0
89677545	0	0	1
89677564	0	0	1
89681876	0	1	0
89721976	0	2	0
89722652	0	0	1
89728000	0	1	0
89804330	0	1	0
89901305	0	1	0
89911323	0	1	0
89913538	0	1	0
89918078	0	1	0
89929944	0	1	0
89936162	0	1	0
89947051	0	1	0
90034689	0	1	0
90048945	0	1	0
90051226	0	1	0
90065620	0	3	0
90078484	0	7	0
90126168	0	1	0
90168070	0	1	0
90172260	0	1	0
90175855	0	1	0
90183543	0	3	0
90187383	0	1	0
90196621	0	5	0
90211851	0	1	0
90253022	0	1	0
90278276	0	0	1
90341841	0	2	0
90365388	0	1	0
90395553	0	1	0
90419516	0	2	0
90484765	0	1	0
90520800	0	1	0
90552517	0	1	0
90556259	0	1	0
90581616	0	2	0
90588090	0	1	0
90641270	0	1	0
90654318	0	1	0
90658332	0	1	0
90692382	0	0	1
90698402	0	1	0
90699502	0	1	0
90702785	0	1	0
90707650	0	1	0
90711415	0	1	0
90736828	0	1	0
90783296	0	0	1
90880894	0	1	0
90897241	0	4	0
90898733	0	1	0
90910332	0	1	0
90914321	0	2	0
90931047	0	5	0
90938335	0	1	0
90945971	0	1	0
90957834	0	1	0
90972352	0	1	0
90975399	0	1	0
90980110	0	0	1
91018669	0	2	0
91018671	0	1	0
91022994	0	5	0
91031360	0	1	0
91047460	0	2	0
91071438	0	4	0
91077500	0	1	0
91077631	0	1	0
91084255	0	1	0
91084256	0	1	0
91091447	0	3	0
91134382	0	1	0
91144795	0	1	0
91157107	0	1	0
91188702	0	3	0
91231547	0	1	0
91347776	0	1	0
91417105	0	1	0
91426666	0	1	0
91446377	0	1	0
91459074	0	1	0
91460217	0	1	0
91473825	0	1	0
91486397	0	1	0
91493134	0	1	0
91504420	0	4	0
91565385	0	2	0
91580982	0	1	0
91600016	0	1	0
91604153	0	1	0
91648249	0	1	0
91660232	0	1	0
91681545	0	1	0
91703447	0	1	0
91722051	0	1	0
91752510	0	1	0
91762400	0	1	0
91780639	0	2	0
91786943	0	2	0
91804141	0	1	0
91805942	0	1	0
91842756	0	1	0
91843328	0	0	1
91857962	0	1	0
91890596	0	2	0
91911253	0	1	0
91926964	0	2	0
91993132	0	1	0
92007547	0	1	0
92026587	0	1	0
92105866	0	2	0
92173854	0	1	0
92271810	0	1	0
92318969	0	1	0
92336943	0	2	0
92337254	0	1	0
92352269	0	1	0
92566303	0	7	0
92596192	0	1	0
92626013	0	1	0
92709761	0	1	0
92726082	0	1	0
92778716	0	1	0
92790082	0	1	0
92806283	0	4	0
92867004	0	1	0
92875725	0	1	0
92904739	0	1	0
92933565	0	1	0
92958435	0	5	0
92987336	0	1	0
93006090	0	2	0
93018200	0	1	0
93019790	0	2	0
93028178	0	1	0
93113285	0	3	0
93194354	0	1	0
93237764	0	2	0
93245004	0	1	0
93275767	0	1	0
93300131	0	1	0
93379270	0	1	0
93401257	0	1	0
93404296	0	2	0
93419667	0	1	0
93423444	0	1	0
93473094	0	1	0
93528671	0	1	0
93598601	0	2	0
93618694	0	1	0
93709847	0	1	0
93858735	0	1	0
93958461	0	1	0
94001124	0	1	0
94018699	0	1	0
94033807	0	1	0
94036452	0	2	0
94179596	0	1	0
94213451	0	1	0
94225276	0	1	0
94227745	0	1	0
94233180	0	1	0
94267123	0	1	0
94332605	0	1	0
94358890	0	3	0
94375845	0	1	0
94430168	0	1	0
94441145	0	3	0
94449079	0	1	0
94453056	0	2	0
94511401	0	3	0
94520708	0	1	0
94536320	0	1	0
94715045	0	1	0
94742752	0	1	0
94749874	0	1	0
94783472	0	1	0
94837083	0	2	0
94856233	0	5	0
94954047	0	1	0
94985583	0	1	0
95003922	0	1	0
95016228	0	1	0
95017813	0	6	0
95043399	0	1	0
95072620	0	2	0
95120880	0	4	0
95170520	0	1	0
95176541	0	4	0
95244186	0	2	0
95325712	0	1	0
95326687	0	2	0
95392835	0	3	0
95424603	0	1	0
95426690	0	1	0
95480399	0	3	0
95590167	0	2	0
95614153	0	1	0
95622045	0	1	0
95626158	0	1	0
95660099	0	1	0
95701443	0	3	0
95710394	0	1	0
95718709	0	1	0
95765877	0	1	0
95790751	0	1	0
95799567	0	3	0
95817769	0	1	0
95898806	0	1	0
95913989	0	1	0
95942850	0	1	0
95971151	0	1	0
96008869	0	1	0
96084778	0	1	0
96090386	0	1	0
96232529	0	1	0
96266855	0	1	0
96275545	0	1	0
96381158	0	1	0
96389320	0	1	0
96402565	0	0	1
96402625	0	0	1
96402626	0	0	1
96402653	0	0	1
96402773	0	0	1
96405441	0	3	0
96429641	0	1	0
96450631	0	2	0
96523317	0	2	0
96577082	0	1	0
96605305	0	5	0
96605921	0	4	0
96618382	0	4	0
96691599	0	1	0
96889005	0	1	0
96903218	0	5	0
97013175	0	2	0
97015950	0	1	0
97073479	0	0	1
97090320	0	1	0
97350395	0	1	0
97359005	0	4	0
97379523	0	1	0
97383844	0	1	0
97431838	0	1	0
97440923	0	1	0
97492071	0	1	0
97516959	0	1	0
97555088	0	2	0
97623480	0	1	0
97651582	0	6	0
97651597	0	2	0
97672786	0	1	0
97765111	0	1	0
97778290	0	1	0
97810941	0	1	0
97950646	0	1	0
97984013	0	1	0
98000794	0	2	0
98014462	0	2	0
98035390	0	1	0
98128207	0	1	0
98145413	0	1	0
98173567	0	1	0
98241246	0	5	0
98257362	0	1	0
98281823	0	2	0
98283807	0	2	0
98302927	0	1	0
98311251	0	2	0
98338405	0	0	1
98341202	0	2	0
98388794	0	1	0
98442582	0	1	0
98488291	0	6	0
98489503	0	1	0
98581319	0	1	0
98643876	0	1	0
98667015	0	6	0
98682445	0	3	0
98751661	0	2	0
98840708	0	1	0
98860265	0	1	0
98887750	0	1	0
98894549	0	1	0
98906605	0	3	0
98988939	0	0	1
98991732	0	2	0
99025381	0	1	0
99076800	0	1	0
99162567	0	3	0
99169497	0	5	0
99184873	0	2	0
99204994	0	1	0
99226888	0	1	0
99283464	0	1	0
99295796	0	1	0
99299807	0	1	0
99353358	0	1	0
99368678	0	1	0
99384893	0	1	0
99407726	0	1	0
99494561	0	4	0
99508734	0	1	0
99561352	0	1	0
99672688	0	1	0
99695754	0	1	0
99792757	0	3	0
99794460	0	1	0
99819219	0	5	0
99843438	0	1	0
99925178	0	5	0
100000051	0	1	0
100144557	0	1	0
100175974	0	1	0
100202171	0	1	0
100270094	0	0	1
100327544	0	1	0
100387505	0	3	0
100389158	0	1	0
100402059	0	1	0
100423836	0	1	0
100444077	0	3	0
100448485	0	1	0
100455756	0	2	0
100461007	0	2	0
100544851	0	3	0
100551748	0	1	0
100579022	0	2	0
100615072	0	1	0
100698026	0	1	0
100700147	0	1	0
100711722	0	1	0
100718589	0	1	0
100722451	0	2	0
100786977	0	1	0
100820043	0	4	0
100928812	0	1	0
100977231	0	3	0
100984026	0	0	1
101005957	0	1	0
101102015	0	5	0
101128418	0	1	0
101135199	0	1	0
101215880	0	1	0
101245843	0	1	0
101271173	0	3	0
101342607	0	1	0
101398385	0	1	0
101446219	0	11	0
101477453	0	1	0
101569692	0	1	0
101580685	0	1	0
101592065	0	1	0
101629390	0	2	0
101738879	0	1	0
101836383	0	1	0
101853622	0	1	0
101865167	0	4	0
101876173	0	1	0
101925827	0	1	0
102002080	0	1	0
102030010	0	4	0
102077053	0	2	0
102113070	0	1	0
102126095	0	1	0
102153759	0	2	0
102210949	0	1	0
102247100	0	1	0
102323299	0	0	1
102325273	0	1	0
102325421	0	3	0
102343858	0	1	0
102349486	0	2	0
102362406	0	1	0
102363439	0	1	0
102444706	0	1	0
102525441	0	1	0
102549305	0	2	0
102560511	0	1	0
102607920	0	2	0
102624016	0	3	0
102796988	0	1	0
102817699	0	0	1
102818092	0	1	0
102838347	0	1	0
102857042	0	1	0
102919314	0	4	0
102973414	0	1	0
103023063	0	1	0
103029115	0	1	0
103055617	0	2	0
103056500	0	4	0
103088335	0	1	0
103102636	0	1	0
103130256	0	4	0
103212126	0	1	0
103212132	0	1	0
103294012	0	1	0
103294013	0	1	0
103294014	0	2	0
103306682	0	2	0
103335954	0	1	0
103457566	0	1	0
103482515	0	1	0
103585671	0	1	0
103591279	0	1	0
103649119	0	1	0
103739805	0	1	0
103750445	0	2	0
103785041	0	2	0
103787801	0	1	0
103814462	0	1	0
103815124	0	1	0
103842396	0	1	0
103847997	0	1	0
103874257	0	3	0
103881370	0	1	0
103889747	0	0	1
103908448	0	1	0
103938004	0	1	0
104076484	0	1	0
104098847	0	1	0
104124769	0	4	0
104136711	0	1	0
104145114	0	1	0
104162745	0	1	0
104188376	0	2	0
104263873	0	1	0
104314796	0	1	0
104319336	0	1	0
104423238	0	6	0
104445058	0	2	0
104453337	0	2	0
104582114	0	1	0
104617215	0	1	0
104618314	0	1	0
104654188	0	1	0
104694681	0	2	0
104702186	0	1	0
104747428	0	2	0
104755105	0	7	0
104771170	0	1	0
104786897	0	1	0
104822786	0	1	0
104822844	0	2	0
104889344	0	1	0
105002127	0	1	0
105010326	0	4	0
105029778	0	1	0
105031162	0	0	1
105299659	0	1	0
105344058	0	1	0
105379153	0	1	0
105391689	0	1	0
105429160	0	1	0
105495713	0	1	0
105507033	0	1	0
105538628	0	1	0
105545810	0	1	0
105569202	0	1	0
105573003	0	1	0
105573458	0	1	0
105575346	0	1	0
105576456	0	1	0
105638527	0	2	0
105696404	0	1	0
105696449	0	2	0
105696500	0	2	0
105762066	0	1	0
105806887	0	2	0
105855115	0	5	0
105895824	0	1	0
105952835	0	2	0
105969149	0	0	1
105972506	0	1	0
105972623	0	1	0
105972652	0	1	0
105972741	0	1	0
105972796	0	2	0
106017210	0	1	0
106037987	0	3	0
106118492	0	1	0
106125088	0	1	0
106135986	0	1	0
106157566	0	1	0
106241902	0	1	0
106245343	0	1	0
106258987	0	1	0
106283851	0	1	0
106330153	0	3	0
106431881	0	2	0
106481255	0	6	0
106509879	0	2	0
106525617	0	1	0
106538908	0	2	0
106541368	0	1	0
106600053	0	0	1
106629170	0	3	0
106630270	0	1	0
106691405	0	1	0
106750201	0	1	0
106805138	0	2	0
106844449	0	1	0
106866360	0	1	0
106867979	0	1	0
106883903	0	1	0
106970551	0	4	0
106986969	0	1	0
107008365	0	1	0
107050327	0	1	0
107150137	0	2	0
107192754	0	1	0
107249138	0	1	0
107305881	0	1	0
107333412	0	4	0
107401095	0	1	0
107412031	0	1	0
107425604	0	1	0
107428855	0	0	1
107436893	0	1	0
107470552	0	3	0
107470877	0	1	0
107476042	0	1	0
107552601	0	1	0
107615317	0	1	0
107739694	0	1	0
107789757	0	1	0
107852704	0	1	0
107957656	0	1	0
108013461	0	1	0
108017876	0	1	0
108124461	0	3	0
108129413	0	1	0
108153041	0	1	0
108199012	0	2	0
108240150	0	1	0
108254447	0	1	0
108277287	0	1	0
108378130	0	1	0
108402057	0	1	0
108402656	0	1	0
108412974	0	1	0
108425925	0	1	0
108472507	0	1	0
108523351	0	1	0
108576408	0	6	0
108593738	0	2	0
108603350	0	1	0
108761995	0	1	0
108769667	0	1	0
108833663	0	1	0
108853787	0	0	3
108961758	0	1	0
109049626	0	1	0
109055087	0	1	0
109095639	0	9	0
109102162	0	1	0
109139831	0	1	0
109244924	0	3	0
109320217	0	1	0
109332005	0	1	0
109381470	0	2	0
109444608	0	1	0
109501031	0	1	0
109509586	0	1	0
109581456	0	1	0
109584516	0	2	0
109595092	0	1	0
109630054	0	4	0
109761807	0	3	0
109803017	0	1	0
109997527	0	1	0
110009746	0	12	0
110046472	0	1	0
110061376	0	0	1
110073802	0	1	0
110102459	0	1	0
110159555	0	1	0
110169676	0	0	1
110176197	0	1	0
110188853	0	3	0
110211469	0	3	0
110225309	0	1	0
110250386	0	1	0
110343523	0	5	0
110504175	0	1	0
110505936	0	1	0
110542054	0	8	0
110560113	0	1	0
110587406	0	2	0
110602892	0	2	0
110612314	0	1	0
110629186	0	3	0
110629233	0	1	0
110638375	0	1	0
110646106	0	1	0
110673539	0	1	0
110676227	0	1	0
110677668	0	1	0
110690247	0	1	0
110706809	0	2	0
110747413	0	1	0
110755877	0	1	0
110761658	0	1	0
110835328	0	3	0
110887222	0	1	0
110923900	0	1	0
111029523	0	1	0
111044758	0	3	0
111098432	0	1	0
111123154	0	1	0
111141843	0	1	0
111162243	0	1	0
111164321	0	1	0
111164853	0	1	0
111177055	0	1	0
111200259	0	1	0
111295602	0	1	0
111302143	0	1	0
111311831	0	2	0
111359898	0	1	0
111417957	0	5	0
111467957	0	1	0
111479397	0	5	0
111622921	0	1	0
111627978	0	1	0
111639150	0	3	0
111674216	0	1	0
111774588	0	1	0
111789828	0	1	0
111818062	0	1	0
111818472	0	1	0
111905673	0	1	0
111955983	0	1	0
111960968	0	1	0
112021781	0	5	0
112045817	0	0	1
112106039	0	1	0
112151808	0	3	0
112153328	0	2	0
112165309	0	1	0
112188755	0	1	0
112310608	0	1	0
112320593	0	2	0
112356472	0	1	0
112433864	0	4	0
112471456	0	1	0
112560902	0	2	0
112690640	0	1	0
112783818	0	2	0
112909673	0	1	0
112920664	0	1	0
113151768	0	2	0
113156347	0	1	0
113164116	0	1	0
113182150	0	1	0
113229773	0	1	0
113385720	0	7	0
113448419	0	3	0
113529894	0	1	0
113578290	0	1	0
113663392	0	0	1
113669081	0	1	0
113685415	0	1	0
113689731	0	2	0
113741826	0	1	0
113802661	0	3	0
113874823	0	1	0
113874849	0	1	0
113931372	0	1	0
114100720	0	1	0
114120351	0	2	0
114228053	0	1	0
114383135	0	1	0
114469252	0	0	1
114523419	0	0	1
114551054	0	1	0
114563571	0	1	0
114599649	0	1	0
114766496	0	1	0
114801296	0	1	0
114856902	0	1	0
114924303	0	1	0
115003757	0	1	0
115042896	0	3	0
115042907	0	1	0
115042935	0	1	0
115042947	0	3	0
115042948	0	2	0
115042984	0	1	0
115042988	0	1	0
115042992	0	1	0
115042997	0	3	0
115042998	0	2	0
115083707	0	3	0
115108759	0	0	1
115110884	0	1	0
115205222	0	2	0
115248989	0	2	0
115375566	0	1	0
115423416	0	1	0
115571035	0	1	0
115612954	0	1	0
115758945	0	2	0
115769144	0	2	0
115777425	0	2	0
115848819	0	1	0
115865451	0	1	0
115878388	0	1	0
115913905	0	3	0
116069192	0	1	0
116106434	0	1	0
116153899	0	2	0
116179478	0	6	0
116224244	0	1	0
116506163	0	1	0
116587552	0	1	0
116591748	0	1	0
116769137	0	1	0
116772832	0	1	0
116786715	0	5	0
116797178	0	1	0
116860852	0	0	1
116879438	0	1	0
117004620	0	0	1
117043858	0	1	0
117099190	0	1	0
117123850	0	3	0
117230057	0	1	0
117237988	0	1	0
117312573	0	1	0
117327253	0	9	0
117371220	0	1	0
117510353	0	8	0
117746165	0	2	0
117827297	0	1	0
118314621	0	1	0
118496177	0	2	0
118514747	0	1	0
118596813	0	1	0
118598134	0	1	0
118977562	0	1	0
119336951	0	1	0
119359707	0	6	0
119377041	0	1	0
119379440	0	4	0
119461293	0	2	0
119482974	0	1	0
119618143	0	2	0
119618606	0	1	0
119636248	0	2	0
119647068	0	1	0
119725345	0	2	0
119743563	0	1	0
119799283	0	3	0
119927582	0	1	0
120001974	0	1	0
120045331	0	1	0
120093543	0	5	0
120099599	0	2	0
120235933	0	1	0
120280763	0	6	0
120394961	0	0	1
120495708	0	13	0
120500332	0	1	0
120539422	0	1	0
120589532	0	1	0
120615351	0	1	0
120648592	0	1	0
120771268	0	1	0
120857940	0	1	0
120909826	0	1	0
121018424	0	1	0
121081730	0	1	0
121120923	0	8	0
121209352	0	2	0
121286512	0	1	0
121341495	0	1	0
121383454	0	2	0
121443781	0	1	0
121485491	0	1	0
121572124	0	1	0
121673793	0	1	0
121684689	0	6	0
121719567	0	1	0
121733706	0	4	0
121855905	0	1	0
121865087	0	1	0
121880612	0	1	0
121933395	0	1	0
121933547	0	1	0
122114019	0	1	0
122153110	0	1	0
122232275	0	0	1
122276609	0	1	0
122337727	0	1	0
122565953	0	1	0
122595389	0	3	0
122601772	0	1	0
122623128	0	1	0
122791993	0	1	0
123057188	0	1	0
123089450	0	1	0
123237479	0	3	0
123400799	0	4	0
123479976	0	1	0
123591708	0	1	0
123979264	0	1	0
123994682	0	1	0
124036431	0	1	0
124080973	0	1	0
124107957	0	1	0
124119211	0	1	0
124122168	0	4	0
124161084	0	1	0
124166929	0	1	0
124252421	0	0	1
124565874	0	1	0
124669578	0	1	0
124782945	0	1	0
124812887	0	2	0
124821132	0	1	0
124860675	0	1	0
124860851	0	1	0
124900753	0	1	0
125011222	0	5	0
125011393	0	3	0
125011413	0	1	0
125011418	0	1	0
125011425	0	1	0
125011426	0	3	0
125059723	0	1	0
125316220	0	1	0
125747632	0	2	0
125951764	0	0	1
126002765	0	2	0
126076537	0	1	0
126272768	0	1	0
126448720	0	1	0
126482985	0	1	0
126584957	0	1	0
126713797	0	2	0
126976993	0	1	0
127055350	0	1	0
127148524	0	5	0
127187323	0	1	0
127204536	0	1	0
127261605	0	4	0
127336653	0	2	0
127585696	0	1	0
127722374	0	1	0
127856783	0	1	0
127898357	0	1	0
128151275	0	1	0
128171536	0	1	0
128179869	0	2	0
128377455	0	1	0
128401383	0	1	0
128417999	0	4	0
128602765	0	1	0
128756338	0	1	0
128905547	0	1	0
129121887	0	4	0
129296620	0	0	1
129304438	0	3	0
129367693	0	2	0
129759702	0	1	0
129831718	0	1	0
130069225	0	1	0
130210449	0	2	0
130233585	0	1	0
130305465	0	1	0
130409362	0	1	0
130424551	0	1	0
130459791	0	1	0
130530131	0	2	0
130639172	0	2	0
130987951	0	1	0
131119728	0	1	0
131342519	0	0	1
131521671	0	1	0
131575909	0	1	0
131666773	0	1	0
131723882	0	1	0
131726844	0	2	0
131749718	0	1	0
131787838	0	1	0
132246744	0	2	0
132274581	0	4	0
132396254	0	1	0
132512730	0	1	0
132799432	0	2	0
132799505	0	1	0
132890108	0	1	0
132970848	0	1	0
133100171	0	1	0
133136277	0	1	0
133164172	0	1	0
133347232	0	1	0
133605470	0	1	0
133678526	0	1	0
133714076	0	1	0
133829974	0	3	0
134147841	0	1	0
134234044	0	1	0
134364731	0	2	0
134378087	0	2	0
134387571	0	3	0
134433497	0	2	0
134593180	0	1	0
134669102	0	1	0
134687484	0	1	0
135275639	0	1	0
135298289	0	1	0
135309419	0	1	0
135309423	0	1	0
135309483	0	1	0
135393548	0	2	0
135454448	0	1	0
135487866	0	2	0
135488135	0	2	0
135592602	0	1	0
135604767	0	6	0
135900978	0	1	0
136016509	0	2	0
136101285	0	1	0
136358890	0	1	0
136358933	0	2	0
136358934	0	6	0
136358976	0	3	0
136358980	0	3	0
136358982	0	1	0
136358988	0	1	0
136358989	0	2	0
136359005	0	3	0
136359006	0	1	0
136359011	0	1	0
136359015	0	1	0
136359017	0	1	0
136359023	0	1	0
136359030	0	3	0
136359045	0	1	0
136359062	0	1	0
136359072	0	1	0
136359074	0	3	0
136370635	0	1	0
136370636	0	1	0
136370639	0	1	0
136370642	0	1	0
136370648	0	1	0
136370662	0	1	0
136722820	0	1	0
136750637	0	1	0
136903139	0	1	0
137019346	0	1	0
137050515	0	4	0
137195247	0	0	1
137283267	0	1	0
137448202	0	1	0
137655247	0	10	0
137665501	0	1	0
137670764	0	7	0
137755131	0	1	0
137835563	0	1	0
137865903	0	1	0
137905325	0	1	0
137978054	0	1	0
138312086	0	1	0
138342511	0	0	1
138535468	0	1	0
138549832	0	0	1
138623535	0	1	0
138683524	0	1	0
138707381	0	1	0
138837412	0	1	0
138863849	0	5	0
139183646	0	1	0
139202532	0	2	0
139249910	0	4	0
139255749	0	1	0
139528661	0	1	0
139640740	0	1	0
139687845	0	1	0
139687858	0	2	0
139728332	0	1	0
139994305	0	1	0
140141579	0	1	0
140184935	0	1	0
140216645	0	4	0
140320319	0	1	0
140456817	0	1	0
140528677	0	1	0
140793385	0	1	0
140812867	0	1	0
141138887	0	1	0
141205525	0	1	0
141253447	0	1	0
141275183	0	1	0
141761768	0	1	0
141925713	0	1	0
141953064	0	1	0
142042723	0	4	0
142194227	0	1	0
142266634	0	0	1
142377406	0	1	0
142466308	0	1	0
142666060	0	1	0
142848954	0	1	0
142939285	0	1	0
143106738	0	1	0
143357450	0	1	0
143460059	0	1	0
143495281	0	2	0
144550860	0	1	0
144696807	0	4	0
144707119	0	1	0
144863931	0	3	0
144901763	0	1	0
144978514	0	1	0
145039526	0	1	0
145357010	0	1	0
145716111	0	1	0
145747920	0	1	0
146122591	0	1	0
146459218	0	1	0
146738636	0	7	0
146892948	0	2	0
147119781	0	1	0
147625462	0	2	0
147718715	0	1	0
148003825	0	4	0
148706475	0	1	0
149060641	0	1	0
149963258	0	9	0
150020270	0	1	0
150371461	0	1	0
150460331	0	4	0
150765114	0	1	0
151433269	0	1	0
151440228	0	1	0
151517986	0	1	0
151646240	0	2	0
151646260	0	1	0
151646286	0	1	0
151646292	0	3	0
151668601	0	1	0
152001906	0	1	0
152011983	0	1	0
152225301	0	1	0
152241508	0	5	0
152366547	0	1	0
152521913	0	1	0
152636252	0	1	0
153257497	0	1	0
154025994	0	2	0
154036398	0	2	0
154205018	0	1	0
155043849	0	1	0
155306031	0	1	0
155417029	0	1	0
155546652	0	1	0
155804488	0	1	0
156477972	0	1	0
157445038	0	1	0
157638185	0	1	0
157652990	0	1	0
157712181	0	4	0
157817398	0	1	0
158433123	0	1	0
158613515	0	2	0
158634433	0	1	0
158693753	0	1	0
158977930	0	1	0
159386708	0	4	0
159472894	0	2	0
159476208	0	0	1
159562929	0	2	0
160337514	0	1	0
162043999	0	1	0
162092822	0	1	0
162967355	0	1	0
163304578	0	0	1
163423836	0	2	0
163440324	0	3	0
163664392	0	3	0
163833479	0	1	0
164032581	0	1	0
165166857	0	1	0
165316074	0	1	0
165560208	0	1	0
165669947	0	3	0
167034606	0	1	0
167588225	0	1	0
168433567	0	1	0
168474030	0	1	0
168767237	0	1	0
168767398	0	1	0
170835471	0	3	0
171292962	0	1	0
171431310	0	3	0
172087616	0	1	0
172213956	0	1	0
173585758	0	1	0
175020654	0	1	0
176218578	0	1	0
179844516	0	1	0
183883883	0	5	0
184094083	0	0	1
184703187	0	5	0

