"SYMBOL","mecp2_Fold","mecp2_minFDR","mecp2_sig_peaks","n_mecp2_peaks","mecp2_sig","h2a_Fold","h2a_minFDR","h2a_sig_peaks","n_h2a_peaks","h2a_sig","sig","quadrant"
"0610038B21Rik",-0.101130798608753,0.591762613,0,2,FALSE,0.291003818814047,0.010317831,2,4,TRUE,"Not significant","Q2 (MeCP2 down / H2A up)"
"1110002E22Rik",1.82331143072214,4.72e-10,1,2,TRUE,0.912081525939307,1.04e-34,5,5,TRUE,"Significant","Q1 (MeCP2 up / H2A up)"
"1110002J07Rik",1.41380210342159,2.07e-08,1,3,TRUE,0.314372359965512,0.001059497,1,3,TRUE,"Significant","Q1 (MeCP2 up / H2A up)"
"1110019D14Rik",1.62956924174184,5.43e-09,4,5,TRUE,0.943526056457297,6.81e-15,4,4,TRUE,"Significant","Q1 (MeCP2 up / H2A up)"
"1500009L16Rik",0.123780847362441,0.450312591,0,2,FALSE,0.123563221,0.485038283,0,1,FALSE,"Not significant","Q1 (MeCP2 up / H2A up)"
"1500015L24Rik",1.61035936603028,8.42e-06,2,3,TRUE,0.860041893,2.56e-16,1,1,TRUE,"Significant","Q1 (MeCP2 up / H2A up)"
"1600002D24Rik",0.368353260110035,0.048394831,1,9,TRUE,0.206966233343257,0.045808161,1,6,TRUE,"Significant","Q1 (MeCP2 up / H2A up)"
"1700006F04Rik",0.0205712148891562,0.702216996,0,4,FALSE,0.539235880468017,8.01e-10,5,7,TRUE,"Not significant","Q1 (MeCP2 up / H2A up)"
"1700008K24Rik",-0.208122810500999,0.191275758,0,6,FALSE,-0.265124594391993,0.029990599,1,6,TRUE,"Not significant","Q3 (MeCP2 down / H2A down)"
"1700010I14Rik",-0.0850720887055979,0.62600857,0,3,FALSE,-0.128214599,0.476246987,0,1,FALSE,"Not significant","Q3 (MeCP2 down / H2A down)"
"1700011B04Rik",-0.075366176,0.746730475,0,1,FALSE,0.266566293,0.022246394,1,1,TRUE,"Not significant","Q2 (MeCP2 down / H2A up)"
"1700011L22Rik",2.20344808589694,1.53e-17,1,2,TRUE,1.071475122,7.14e-30,1,1,TRUE,"Significant","Q1 (MeCP2 up / H2A up)"
"1700012A03Rik",-0.0483351706125463,0.22562499,0,4,FALSE,0.522200967740501,5.26e-09,5,11,TRUE,"Not significant","Q2 (MeCP2 down / H2A up)"
"1700012D16Rik",0.420801711413542,0.037116726,2,16,TRUE,0.548881289075474,1.82e-09,4,10,TRUE,"Significant","Q1 (MeCP2 up / H2A up)"
"1700016K05Rik",-0.0425538418338235,0.844091468,0,2,FALSE,0.0231983625913142,0.191295715,0,3,FALSE,"Not significant","Q2 (MeCP2 down / H2A up)"
"1700017B05Rik",0.091559507,0.674032606,0,1,FALSE,-0.099557783,0.573678443,0,1,FALSE,"Not significant","Q4 (MeCP2 up / H2A down)"
"1700017L05Rik",0.107426449,0.578782935,0,1,FALSE,0.689208803488029,8.62e-12,1,2,TRUE,"Not significant","Q1 (MeCP2 up / H2A up)"
"1700017N19Rik",1.620847188,5.26e-11,1,1,TRUE,1.50460229235622,1.69e-22,2,2,TRUE,"Significant","Q1 (MeCP2 up / H2A up)"
"1700018B08Rik",-0.720943156480518,0.001409849,1,11,TRUE,-0.454162565504519,1.77e-05,10,21,TRUE,"Significant","Q3 (MeCP2 down / H2A down)"
"1700019A02Rik",1.17973055,0.00041711,1,1,TRUE,1.632337825,6.36e-24,1,1,TRUE,"Significant","Q1 (MeCP2 up / H2A up)"
"1700019C18Rik",0.151958805181405,0.335785427,0,4,FALSE,0.71290380912716,1.08e-11,4,4,TRUE,"Not significant","Q1 (MeCP2 up / H2A up)"
"1700019G24Rik",0.369798394,0.093050057,0,1,FALSE,1.084085018,2.5e-06,1,1,TRUE,"Not significant","Q1 (MeCP2 up / H2A up)"
"1700020L24Rik",-0.048703326,0.84687252,0,1,FALSE,-0.10593386,0.499574471,0,1,FALSE,"Not significant","Q3 (MeCP2 down / H2A down)"
"1700020M21Rik",0.315054832976138,0.093427986,0,6,FALSE,-0.203825578884561,0.078896963,0,4,FALSE,"Not significant","Q4 (MeCP2 up / H2A down)"
"1700023F02Rik",1.66897036208881,2.94e-06,2,3,TRUE,0.709486846956893,1.92e-06,2,2,TRUE,"Significant","Q1 (MeCP2 up / H2A up)"
"1700024G13Rik",0.403774375602087,0.066389479,0,4,FALSE,0.245090073200453,0.002054019,1,2,TRUE,"Not significant","Q1 (MeCP2 up / H2A up)"
"1700025C18Rik",-0.0773997631503258,0.735283048,0,2,FALSE,0.157603768,0.327084018,0,1,FALSE,"Not significant","Q2 (MeCP2 down / H2A up)"
"1700025G04Rik",-0.0610814177337635,0.727501464,0,3,FALSE,0.716506117039033,1.33e-12,4,8,TRUE,"Not significant","Q2 (MeCP2 down / H2A up)"
"1700025N23Rik",-0.221246813695298,0.107493578,0,6,FALSE,0.456057937840766,4.29e-05,2,3,TRUE,"Not significant","Q2 (MeCP2 down / H2A up)"
"1700029H14Rik",-0.139928090390119,0.427285859,0,2,FALSE,-0.130354086,0.146394096,0,1,FALSE,"Not significant","Q3 (MeCP2 down / H2A down)"
"1700029J03Rik",-0.046533772,0.856761233,0,1,FALSE,-0.28439211051766,0.033716299,1,2,TRUE,"Not significant","Q3 (MeCP2 down / H2A down)"
"1700029N11Rik",2.0873841835097,5.47e-18,9,20,TRUE,0.522020855502946,1.55e-14,6,10,TRUE,"Significant","Q1 (MeCP2 up / H2A up)"
"1700036G14Rik",1.5610575052551,2.93e-12,3,10,TRUE,0.546806949604827,3.63e-13,6,10,TRUE,"Significant","Q1 (MeCP2 up / H2A up)"
"1700044C05Rik",-0.085198937,0.701246244,0,1,FALSE,0.223988913377094,0.141921981,0,2,FALSE,"Not significant","Q2 (MeCP2 down / H2A up)"
"1700049E22Rik",-0.156547694715261,0.482218812,0,2,FALSE,0.780682141820847,1.52e-12,1,4,TRUE,"Not significant","Q2 (MeCP2 down / H2A up)"
"1700052I22Rik",-0.064089838,0.779102951,0,1,FALSE,-0.529510293,4.69e-06,1,1,TRUE,"Not significant","Q3 (MeCP2 down / H2A down)"
"1700054A03Rik",2.35328715390817,1.92e-23,2,2,TRUE,1.04571721999098,8.35e-11,2,3,TRUE,"Significant","Q1 (MeCP2 up / H2A up)"
"1700060C20Rik",-0.00793291682470597,0.428976926,0,3,FALSE,-0.182111266,0.272611897,0,1,FALSE,"Not significant","Q3 (MeCP2 down / H2A down)"
"1700063D05Rik",0.580554717488845,0.012392915,1,2,TRUE,0.101963007,0.545759243,0,1,FALSE,"Not significant","Q1 (MeCP2 up / H2A up)"
"1700064M15Rik",0.678633203687057,0.013131104,1,3,TRUE,0.177305140192435,0.176507578,0,2,FALSE,"Not significant","Q1 (MeCP2 up / H2A up)"
"1700066O22Rik",0.69934587,0.020767242,1,1,TRUE,0.719759662910322,5.37e-09,3,3,TRUE,"Significant","Q1 (MeCP2 up / H2A up)"
"1700071K01Rik",-0.0144792713472469,0.573701643,0,6,FALSE,0.0821366738711655,0.029545249,1,5,TRUE,"Not significant","Q2 (MeCP2 down / H2A up)"
"1700072O05Rik",0.032531268,0.906346352,0,1,FALSE,-0.127468726,0.305541205,0,1,FALSE,"Not significant","Q4 (MeCP2 up / H2A down)"
"1700083H02Rik",2.05288858741355,1.6e-16,3,6,TRUE,0.982401470237957,9.5e-23,6,8,TRUE,"Significant","Q1 (MeCP2 up / H2A up)"
"1700085C21Rik",-0.0937044775770841,0.593744196,0,4,FALSE,-0.142149492941243,0.036929519,1,6,TRUE,"Not significant","Q3 (MeCP2 down / H2A down)"
"1700086L19Rik",0.085325507,0.687131637,0,1,FALSE,0.237680186289149,0.033411775,1,2,TRUE,"Not significant","Q1 (MeCP2 up / H2A up)"
"1700092K14Rik",-0.109004324553445,0.512328783,0,4,FALSE,-0.426019960418978,3.18e-05,4,4,TRUE,"Not significant","Q3 (MeCP2 down / H2A down)"
"1700095B10Rik",-0.0445631266975793,0.559086686,0,2,FALSE,-0.235928382,0.114180936,0,1,FALSE,"Not significant","Q3 (MeCP2 down / H2A down)"
"1700108J01Rik",2.4013978900154,1.3e-19,3,7,TRUE,1.15853260574972,2.4e-26,2,2,TRUE,"Significant","Q1 (MeCP2 up / H2A up)"
"1700112J16Rik",-0.00278896,0.994362615,0,1,FALSE,-0.221743751886316,0.043466674,1,3,TRUE,"Not significant","Q3 (MeCP2 down / H2A down)"
"1700120E14Rik",-0.009702678,0.978304717,0,1,FALSE,-0.413017388,0.036001837,1,1,TRUE,"Not significant","Q3 (MeCP2 down / H2A down)"
"1700120G07Rik",0.39841777637397,0.014635108,1,21,TRUE,-0.201638558240885,0.020537421,1,10,TRUE,"Significant","Q4 (MeCP2 up / H2A down)"
"1700121N20Rik",-0.162484292976838,0.315001305,0,3,FALSE,-0.567694748,5.22e-06,1,1,TRUE,"Not significant","Q3 (MeCP2 down / H2A down)"
"1700123O21Rik",2.44534855565542,6.77e-22,2,9,TRUE,1.070237571,1.64e-18,1,1,TRUE,"Significant","Q1 (MeCP2 up / H2A up)"
"1700129C05Rik",1.78323801578182,6.12e-10,1,3,TRUE,1.0960059989892,2.64e-46,3,3,TRUE,"Significant","Q1 (MeCP2 up / H2A up)"
"1810034E14Rik",-0.0841567639168813,0.659963161,0,3,FALSE,0.048476795,0.778104575,0,1,FALSE,"Not significant","Q2 (MeCP2 down / H2A up)"
"2010001A14Rik",-0.0525934775475927,0.782536653,0,4,FALSE,-0.345565954058847,0.000345422,1,3,TRUE,"Not significant","Q3 (MeCP2 down / H2A down)"
"2010009K17Rik",-0.079685815,0.718120966,0,1,FALSE,-0.121308469,0.436352777,0,1,FALSE,"Not significant","Q3 (MeCP2 down / H2A down)"
"2010106C02Rik",-0.129436207756749,0.330996796,0,12,FALSE,-0.0315476087867471,1.63e-06,5,12,TRUE,"Not significant","Q3 (MeCP2 down / H2A down)"
"2210016L21Rik",-0.143212646,0.499293914,0,1,FALSE,-0.31470476,0.049844681,1,1,TRUE,"Not significant","Q3 (MeCP2 down / H2A down)"
"2210408F21Rik",0.0960683870832942,0.568614486,0,3,FALSE,0.448067923667703,0.000552024,2,2,TRUE,"Not significant","Q1 (MeCP2 up / H2A up)"
"2210409D07Rik",1.51574281418914,1.21e-08,4,7,TRUE,1.13537836478415,6.49e-49,8,8,TRUE,"Significant","Q1 (MeCP2 up / H2A up)"
"2310005E17Rik",-0.002966871,0.994092053,0,1,FALSE,-0.310902409,0.091973295,0,1,FALSE,"Not significant","Q3 (MeCP2 down / H2A down)"
"2310008N11Rik",0.302665843459124,0.015804577,1,7,TRUE,0.34706848338686,2.15e-06,6,11,TRUE,"Significant","Q1 (MeCP2 up / H2A up)"
"2310011J03Rik",-0.0787790885536449,0.499113747,0,2,FALSE,-0.555554181,1.18e-08,1,1,TRUE,"Not significant","Q3 (MeCP2 down / H2A down)"
"2310022B05Rik",0.051560817,0.838882094,0,1,FALSE,-0.053007329,0.708709904,0,1,FALSE,"Not significant","Q4 (MeCP2 up / H2A down)"
"2310034O05Rik",0.0966922823658654,0.485303208,0,4,FALSE,0.314334722638655,0.011987821,1,3,TRUE,"Not significant","Q1 (MeCP2 up / H2A up)"
"2310043L19Rik",-0.147839977,0.496348486,0,1,FALSE,0.91492085609369,1.59e-16,2,2,TRUE,"Not significant","Q2 (MeCP2 down / H2A up)"
"2310043O21Rik",-0.0341263440117531,0.887689289,0,2,FALSE,0.080801352,0.601597404,0,1,FALSE,"Not significant","Q2 (MeCP2 down / H2A up)"
"2610035D17Rik",-0.600679972292558,0.002914981,3,13,TRUE,-0.378501888419923,0.001456195,4,7,TRUE,"Significant","Q3 (MeCP2 down / H2A down)"
"2610203C22Rik",-0.087789679,0.688738959,0,1,FALSE,0.113467742006923,0.324147084,0,2,FALSE,"Not significant","Q2 (MeCP2 down / H2A up)"
"2610307P16Rik",0.845793069851014,0.002079334,2,3,TRUE,0.914129091914537,1.12e-33,3,4,TRUE,"Significant","Q1 (MeCP2 up / H2A up)"
"2610318M16Rik",0.0302799190322866,0.90796516,0,2,FALSE,0.634442947547217,6.71e-12,3,3,TRUE,"Not significant","Q1 (MeCP2 up / H2A up)"
"2810032G03Rik",2.07408467220805,5.42e-11,3,5,TRUE,0.892081347207523,5.05e-23,7,7,TRUE,"Significant","Q1 (MeCP2 up / H2A up)"
"2810049E08Rik",2.61397063468296,5.42e-19,2,4,TRUE,1.792296078,4.94e-40,1,1,TRUE,"Significant","Q1 (MeCP2 up / H2A up)"
"2810414N06Rik",-0.049035026,0.846449377,0,1,FALSE,0.214624912,0.046768437,1,1,TRUE,"Not significant","Q2 (MeCP2 down / H2A up)"
"2900026A02Rik",-0.0787666741685118,0.614553499,0,5,FALSE,-0.417807221549419,0.001049891,3,4,TRUE,"Not significant","Q3 (MeCP2 down / H2A down)"
"2900052N01Rik",-0.067726551,0.768254505,0,1,FALSE,-0.147675968,0.250044722,0,1,FALSE,"Not significant","Q3 (MeCP2 down / H2A down)"
"2900057B20Rik",-0.515918863252331,0.025161191,1,7,TRUE,-0.246094720135515,0.014179672,2,8,TRUE,"Significant","Q3 (MeCP2 down / H2A down)"
"2900079G21Rik",2.21703732061456,2.78e-16,4,6,TRUE,0.643752938709375,2.92e-08,3,3,TRUE,"Significant","Q1 (MeCP2 up / H2A up)"
"3110009F21Rik",-0.232679341357423,0.22311495,0,3,FALSE,-0.75948398700544,6.05e-08,1,2,TRUE,"Not significant","Q3 (MeCP2 down / H2A down)"
"3110082I17Rik",0.014840828,0.964046238,0,1,FALSE,0.188764753,0.151183745,0,1,FALSE,"Not significant","Q1 (MeCP2 up / H2A up)"
"3425401B19Rik",0.0255766859815873,0.905050349,0,2,FALSE,-0.254514427,0.151718202,0,1,FALSE,"Not significant","Q4 (MeCP2 up / H2A down)"
"4632428C04Rik",-0.041150156,0.876153565,0,1,FALSE,-0.179459568789402,0.117753482,0,2,FALSE,"Not significant","Q3 (MeCP2 down / H2A down)"
"4732490B19Rik",-0.0610234164865766,0.719454869,0,4,FALSE,-0.098944041,0.573066644,0,1,FALSE,"Not significant","Q3 (MeCP2 down / H2A down)"
"4833415N18Rik",0.0261669159659148,0.16668121,0,14,FALSE,0.157923723606363,0.000194092,4,14,TRUE,"Not significant","Q1 (MeCP2 up / H2A up)"
"4833422M21Rik",0.414351492,0.098372791,0,1,FALSE,0.442630176,0.000202362,1,1,TRUE,"Not significant","Q1 (MeCP2 up / H2A up)"
"4833428L15Rik",0.57592072940366,0.0071443,1,8,TRUE,0.160358281789513,0.085475331,0,5,FALSE,"Not significant","Q1 (MeCP2 up / H2A up)"
"4921509O07Rik",0.0532576415438479,0.786663913,0,2,FALSE,0.707902248561101,3.65e-11,6,10,TRUE,"Not significant","Q1 (MeCP2 up / H2A up)"
"4921511I17Rik",0.449823221,0.074402002,0,1,FALSE,0.826610852,2.2e-11,1,1,TRUE,"Not significant","Q1 (MeCP2 up / H2A up)"
"4921513I03Rik",-0.372564409795995,0.102680734,0,6,FALSE,-0.390513312909824,4.18e-05,6,15,TRUE,"Not significant","Q3 (MeCP2 down / H2A down)"
"4921525O09Rik",-0.124378591997983,0.441570011,0,5,FALSE,-0.36794026410974,0.004151003,1,4,TRUE,"Not significant","Q3 (MeCP2 down / H2A down)"
"4921531C22Rik",-0.039689999,0.882988221,0,1,FALSE,-0.218751645,0.121943318,0,1,FALSE,"Not significant","Q3 (MeCP2 down / H2A down)"
"4921531P14Rik",0.752931435187812,0.00120971,1,6,TRUE,0.47815207457773,6.73e-07,3,6,TRUE,"Significant","Q1 (MeCP2 up / H2A up)"
"4921534H16Rik",-0.416513796319897,0.022455131,1,11,TRUE,-0.0319955686082728,0.001599125,1,10,TRUE,"Significant","Q3 (MeCP2 down / H2A down)"
"4930404H11Rik",1.07209367147626,3.74e-07,3,13,TRUE,0.652000048275561,6.79e-08,3,6,TRUE,"Significant","Q1 (MeCP2 up / H2A up)"
"4930405A10Rik",0.96232006953215,0.000256684,2,2,TRUE,0.78521560949745,3.63e-15,2,2,TRUE,"Significant","Q1 (MeCP2 up / H2A up)"
"4930405O22Rik",0.222209711369176,0.008473619,1,22,TRUE,0.561755717545908,2.77e-11,8,16,TRUE,"Significant","Q1 (MeCP2 up / H2A up)"
"4930407I19Rik",2.49452813825411,1.76e-21,4,8,TRUE,1.28312675536626,2.98e-18,3,3,TRUE,"Significant","Q1 (MeCP2 up / H2A up)"
"4930412B13Rik",0.140139985,0.514291446,0,1,FALSE,0.685352231426057,3.19e-08,2,2,TRUE,"Not significant","Q1 (MeCP2 up / H2A up)"
"4930425L21Rik",0.445940219771351,0.000175446,1,17,TRUE,0.460763827240562,8.34e-17,5,11,TRUE,"Significant","Q1 (MeCP2 up / H2A up)"
"4930425O10Rik",-0.032417784,0.906473079,0,1,FALSE,0.752587781905078,4.8e-07,1,2,TRUE,"Not significant","Q2 (MeCP2 down / H2A up)"
"4930428E07Rik",1.57935177539987,5.59e-11,11,11,TRUE,0.927815688748689,1.33e-23,14,14,TRUE,"Significant","Q1 (MeCP2 up / H2A up)"
"4930428O21Rik",-0.024124493,0.937363375,0,1,FALSE,-0.160494312,0.280671815,0,1,FALSE,"Not significant","Q3 (MeCP2 down / H2A down)"
"4930429H19Rik",-0.513302987220386,0.033554423,1,3,TRUE,0.130754061886876,0.022210012,1,3,TRUE,"Significant","Q2 (MeCP2 down / H2A up)"
"4930431P22Rik",0.005875306,0.988202729,0,1,FALSE,0.571515439,6.11e-05,1,1,TRUE,"Not significant","Q1 (MeCP2 up / H2A up)"
"4930433B08Rik",0.0466437801315022,0.838871521,0,2,FALSE,0.911404710930659,5.97e-09,3,3,TRUE,"Not significant","Q1 (MeCP2 up / H2A up)"
"4930438E09Rik",-0.446969754206104,0.025567617,1,6,TRUE,-0.19446154539855,0.007484849,3,11,TRUE,"Significant","Q3 (MeCP2 down / H2A down)"
"4930445N18Rik",-0.742241328409483,0.003123029,1,2,TRUE,0.452096084,1.33e-05,1,1,TRUE,"Significant","Q2 (MeCP2 down / H2A up)"
"4930447F24Rik",-0.057974384,0.80927742,0,1,FALSE,-0.556290208,0.000230333,1,1,TRUE,"Not significant","Q3 (MeCP2 down / H2A down)"
"4930447J18Rik",0.109586185,0.585755866,0,1,FALSE,0.533105003580459,0.000126626,2,3,TRUE,"Not significant","Q1 (MeCP2 up / H2A up)"
"4930453L07Rik",-0.077269795,0.73412391,0,1,FALSE,0.068799864,0.579787692,0,1,FALSE,"Not significant","Q2 (MeCP2 down / H2A up)"
"4930459C07Rik",1.18077001943114,4.03e-07,1,2,TRUE,0.804510454332014,1.42e-16,7,8,TRUE,"Significant","Q1 (MeCP2 up / H2A up)"
"4930465M20Rik",0.0556282119504352,0.612288427,0,2,FALSE,-0.155346663,0.336020742,0,1,FALSE,"Not significant","Q4 (MeCP2 up / H2A down)"
"4930469K13Rik",0.228815583,0.310582733,0,1,FALSE,0.520158116,1.25e-07,1,1,TRUE,"Not significant","Q1 (MeCP2 up / H2A up)"
"4930471G03Rik",0.020905056,0.945628798,0,1,FALSE,-0.35842122197167,0.000121479,3,4,TRUE,"Not significant","Q4 (MeCP2 up / H2A down)"
"4930473O22Rik",1.546705973,5.57e-05,1,1,TRUE,0.974692390994417,2.87e-10,2,2,TRUE,"Significant","Q1 (MeCP2 up / H2A up)"
"4930474H20Rik",-0.07118418,0.763519797,0,1,FALSE,-0.19927239,0.314689049,0,1,FALSE,"Not significant","Q3 (MeCP2 down / H2A down)"
"4930474M22Rik",-0.0285996448770789,0.717741689,0,6,FALSE,-0.361397496708201,0.023345221,1,3,TRUE,"Not significant","Q3 (MeCP2 down / H2A down)"
"4930474N09Rik",-0.122525873,0.554834078,0,1,FALSE,0.209268571582143,0.123119065,0,2,FALSE,"Not significant","Q2 (MeCP2 down / H2A up)"
"4930480M12Rik",1.68357537855986,1.33e-07,3,4,TRUE,0.833660385041916,3.96e-14,4,4,TRUE,"Significant","Q1 (MeCP2 up / H2A up)"
"4930505A04Rik",0.470784046,0.152764632,0,1,FALSE,0.897134919373851,3.73e-14,2,2,TRUE,"Not significant","Q1 (MeCP2 up / H2A up)"
"4930511A08Rik",0.213124215392441,0.163407522,0,7,FALSE,0.542120094864047,2.66e-10,8,10,TRUE,"Not significant","Q1 (MeCP2 up / H2A up)"
"4930512J16Rik",-0.156076447467609,0.410695873,0,2,FALSE,-0.238408699858279,0.093800458,0,2,FALSE,"Not significant","Q3 (MeCP2 down / H2A down)"
"4930513D17Rik",2.72820735740728,4.03e-24,4,7,TRUE,0.980438930274278,1.16e-18,8,8,TRUE,"Significant","Q1 (MeCP2 up / H2A up)"
"4930517E11Rik",0.555013804,0.050777208,0,1,FALSE,1.080422035,1.26e-09,1,1,TRUE,"Not significant","Q1 (MeCP2 up / H2A up)"
"4930520P13Rik",0.033542581,0.905905187,0,1,FALSE,0.616335835,3.21e-06,1,1,TRUE,"Not significant","Q1 (MeCP2 up / H2A up)"
"4930522O17Rik",-0.013116134,0.968636793,0,1,FALSE,0.828720752,3.76e-19,1,1,TRUE,"Not significant","Q2 (MeCP2 down / H2A up)"
"4930523C07Rik",0.937307595,0.000429938,1,1,TRUE,0.561874593,2.64e-09,1,1,TRUE,"Significant","Q1 (MeCP2 up / H2A up)"
"4930524B17Rik",1.73185256502652,9.61e-08,2,2,TRUE,1.074460428,1.57e-09,1,1,TRUE,"Significant","Q1 (MeCP2 up / H2A up)"
"4930524O08Rik",0.282981073430487,0.158129749,0,3,FALSE,-0.0114235724375989,0.090921996,0,3,FALSE,"Not significant","Q4 (MeCP2 up / H2A down)"
"4930527F14Rik",-0.051717448,0.835791795,0,1,FALSE,0.397400535,0.005867788,1,1,TRUE,"Not significant","Q2 (MeCP2 down / H2A up)"
"4930528P14Rik",-0.034741759,0.90012203,0,1,FALSE,-0.200079875,0.145195618,0,1,FALSE,"Not significant","Q3 (MeCP2 down / H2A down)"
"4930529K09Rik",0.326171456,0.177033219,0,1,FALSE,0.572292456485886,3.27e-09,1,2,TRUE,"Not significant","Q1 (MeCP2 up / H2A up)"
"4930532I03Rik",-0.227009437,0.413514612,0,1,FALSE,0.419083668431321,0.000275646,2,3,TRUE,"Not significant","Q2 (MeCP2 down / H2A up)"
"4930542M03Rik",0.034671074,0.898479461,0,1,FALSE,-0.084247215,0.510424972,0,1,FALSE,"Not significant","Q4 (MeCP2 up / H2A down)"
"4930545L23Rik",0.386191287820875,0.092283246,0,5,FALSE,0.315196619277515,6.25e-05,2,4,TRUE,"Not significant","Q1 (MeCP2 up / H2A up)"
"4930546C10Rik",1.41630362522117,2.18e-08,1,2,TRUE,0.900927977402618,1.46e-13,2,3,TRUE,"Significant","Q1 (MeCP2 up / H2A up)"
"4930546K05Rik",0.022423675,0.941382935,0,1,FALSE,0.643771620716724,5.26e-06,2,3,TRUE,"Not significant","Q1 (MeCP2 up / H2A up)"
"4930549C15Rik",-0.516565777031715,0.049871199,1,2,TRUE,0.418782946755777,1.32e-07,2,5,TRUE,"Significant","Q2 (MeCP2 down / H2A up)"
"4930553E22Rik",0.023540334,0.938378816,0,1,FALSE,0.511547816662638,0.00015965,1,2,TRUE,"Not significant","Q1 (MeCP2 up / H2A up)"
"4930554I06Rik",2.56157567158807,6.23e-26,6,9,TRUE,1.22821148320899,1.27e-36,6,6,TRUE,"Significant","Q1 (MeCP2 up / H2A up)"
"4930555K19Rik",1.2487837782452,2.55e-05,2,3,TRUE,1.13543642024163,2.15e-24,3,6,TRUE,"Significant","Q1 (MeCP2 up / H2A up)"
"4930556N09Rik",1.92663439006451,2.39e-11,9,10,TRUE,1.03888941112377,1.15e-18,6,6,TRUE,"Significant","Q1 (MeCP2 up / H2A up)"
"4930563F08Rik",-0.880758902567511,2.36e-05,6,25,TRUE,-0.574579886322491,2.07e-11,10,12,TRUE,"Significant","Q3 (MeCP2 down / H2A down)"
"4930564C03Rik",-0.683027115061592,0.007765421,1,2,TRUE,-0.053586363,0.71527772,0,1,FALSE,"Not significant","Q3 (MeCP2 down / H2A down)"
"4930567H12Rik",0.0963753502694815,0.543725908,0,3,FALSE,0.195376212461995,0.077627153,0,3,FALSE,"Not significant","Q1 (MeCP2 up / H2A up)"
"4930567K12Rik",2.47932070492266,1.38e-24,5,6,TRUE,1.16167064637111,2.96e-28,6,6,TRUE,"Significant","Q1 (MeCP2 up / H2A up)"
"4930567K20Rik",0.745356391864025,0.008100275,1,2,TRUE,1.01553607721939,2.18e-20,3,3,TRUE,"Significant","Q1 (MeCP2 up / H2A up)"
"4930572O13Rik",-0.0322803163605598,0.641382306,0,4,FALSE,0.131432382928283,0.209282942,0,3,FALSE,"Not significant","Q2 (MeCP2 down / H2A up)"
"4930578I06Rik",0.009733155,0.978120002,0,1,FALSE,0.0329439819649082,0.76770242,0,2,FALSE,"Not significant","Q1 (MeCP2 up / H2A up)"
"4930579P08Rik",0.0686343288222053,0.731343371,0,2,FALSE,0.521057788106054,1.99e-05,1,2,TRUE,"Not significant","Q1 (MeCP2 up / H2A up)"
"4930583P06Rik",1.39189856572309,1.72e-06,4,7,TRUE,0.855215835560029,6.43e-30,11,12,TRUE,"Significant","Q1 (MeCP2 up / H2A up)"
"4930584F24Rik",0.718893381,0.010945678,1,1,TRUE,0.78717871,1.55e-16,1,1,TRUE,"Significant","Q1 (MeCP2 up / H2A up)"
"4930592C13Rik",1.19630880097108,7.42e-06,2,5,TRUE,0.863576369347485,2e-13,4,4,TRUE,"Significant","Q1 (MeCP2 up / H2A up)"
"4930593A02Rik",1.66717843884159,1.82e-13,1,2,TRUE,1.06286139947395,2.34e-35,5,7,TRUE,"Significant","Q1 (MeCP2 up / H2A up)"
"4930594M22Rik",-0.009489604,0.978768946,0,1,FALSE,0.880425594,3.33e-17,1,1,TRUE,"Not significant","Q2 (MeCP2 down / H2A up)"
"4930596I21Rik",0.001692677,0.996436091,0,1,FALSE,0.308933063,0.015757132,1,1,TRUE,"Not significant","Q1 (MeCP2 up / H2A up)"
"4931429L15Rik",0.61278276516478,0.003923495,1,8,TRUE,0.220666039,0.173418918,0,1,FALSE,"Not significant","Q1 (MeCP2 up / H2A up)"
"4931429P17Rik",-0.128997556327181,0.468260264,0,2,FALSE,-0.24126475,0.130000804,0,1,FALSE,"Not significant","Q3 (MeCP2 down / H2A down)"
"4932412D23Rik",0.440028297807624,0.054796829,0,4,FALSE,0.658408098800354,6.72e-13,5,5,TRUE,"Not significant","Q1 (MeCP2 up / H2A up)"
"4932415M13Rik",-0.024205631,0.935309402,0,1,FALSE,0.165230507,0.293184229,0,1,FALSE,"Not significant","Q2 (MeCP2 down / H2A up)"
"4932441J04Rik",1.388799786,0.000232135,1,1,TRUE,0.846923766,4.59e-10,1,1,TRUE,"Significant","Q1 (MeCP2 up / H2A up)"
"4933400F21Rik",-0.0183155925298592,0.912781421,0,2,FALSE,-0.53613152721835,5.39e-05,1,2,TRUE,"Not significant","Q3 (MeCP2 down / H2A down)"
"4933400L20Rik",0.0879767984414318,0.319945674,0,6,FALSE,0.362904827415199,7.9e-06,2,10,TRUE,"Not significant","Q1 (MeCP2 up / H2A up)"
"4933402J07Rik",2.02026421336807,1.47e-16,3,5,TRUE,0.465426248717483,2.8e-06,3,4,TRUE,"Significant","Q1 (MeCP2 up / H2A up)"
"4933406C10Rik",-0.075313165,0.736175138,0,1,FALSE,0.70169292653435,1.36e-10,2,2,TRUE,"Not significant","Q2 (MeCP2 down / H2A up)"
"4933406K04Rik",1.69086400135995,6.08e-09,1,8,TRUE,0.392661485455783,8.8e-17,2,9,TRUE,"Significant","Q1 (MeCP2 up / H2A up)"
"4933407E24Rik",-0.00847754737728793,0.740929025,0,3,FALSE,0.0965447259086303,0.456412144,0,2,FALSE,"Not significant","Q2 (MeCP2 down / H2A up)"
"4933409F18Rik",1.117231105,0.000392247,1,1,TRUE,0.866931286,5.99e-12,1,1,TRUE,"Significant","Q1 (MeCP2 up / H2A up)"
"4933413L06Rik",1.43866232351953,3.71e-08,7,24,TRUE,0.867113741109149,7.47e-28,18,24,TRUE,"Significant","Q1 (MeCP2 up / H2A up)"
"4933416M06Rik",1.78879201073129,1.61e-12,4,4,TRUE,1.00450262911725,9.12e-23,17,18,TRUE,"Significant","Q1 (MeCP2 up / H2A up)"
"4933417G07Rik",0.089459597,0.696133482,0,1,FALSE,0.860487814,8.09e-13,1,1,TRUE,"Not significant","Q1 (MeCP2 up / H2A up)"
"4933417O13Rik",-0.558295874679652,0.010852807,2,6,TRUE,-0.618719513313325,2.42e-10,9,9,TRUE,"Significant","Q3 (MeCP2 down / H2A down)"
"4933422A05Rik",1.214916926,1.83e-05,1,1,TRUE,0.18235152,0.277775902,0,1,FALSE,"Not significant","Q1 (MeCP2 up / H2A up)"
"4933424L21Rik",-0.00315994,0.993876043,0,1,FALSE,-0.17569101747146,0.228848711,0,2,FALSE,"Not significant","Q3 (MeCP2 down / H2A down)"
"4933427D06Rik",-0.117555486952407,0.483701318,0,8,FALSE,-0.295008008320217,0.010709167,5,8,TRUE,"Not significant","Q3 (MeCP2 down / H2A down)"
"4933429O19Rik",0.506355104,0.058515811,0,1,FALSE,0.574125753894572,6.1e-11,1,3,TRUE,"Not significant","Q1 (MeCP2 up / H2A up)"
"4933430M04Rik",1.5019829459915,5.56e-11,5,5,TRUE,1.0264380197791,2.18e-18,4,4,TRUE,"Significant","Q1 (MeCP2 up / H2A up)"
"4933433G08Rik",0.428039344614048,0.067205221,0,4,FALSE,-0.175454971896564,0.086789662,0,2,FALSE,"Not significant","Q4 (MeCP2 up / H2A down)"
"4933433H22Rik",-0.091597503,0.671496506,0,1,FALSE,-0.133491405,0.459168249,0,1,FALSE,"Not significant","Q3 (MeCP2 down / H2A down)"
"4933440M02Rik",0.108259693562739,0.472322778,0,3,FALSE,-0.146048486479951,0.061561487,0,2,FALSE,"Not significant","Q4 (MeCP2 up / H2A down)"
"5031425F14Rik",-0.127897217,0.514007719,0,1,FALSE,-0.019471718,0.905559253,0,1,FALSE,"Not significant","Q3 (MeCP2 down / H2A down)"
"5031439G07Rik",-0.076406175,0.741306092,0,1,FALSE,-0.210267989,0.071554187,0,1,FALSE,"Not significant","Q3 (MeCP2 down / H2A down)"
"5330413P13Rik",-0.091048984,0.675618285,0,1,FALSE,0.270363764099502,0.026974874,1,2,TRUE,"Not significant","Q2 (MeCP2 down / H2A up)"
"5330416C01Rik",-0.021456437,0.947015711,0,1,FALSE,0.237818456,0.11363054,0,1,FALSE,"Not significant","Q2 (MeCP2 down / H2A up)"
"5430403N17Rik",1.28663138746302,5.62e-08,2,2,TRUE,0.78652848,2.61e-08,1,1,TRUE,"Significant","Q1 (MeCP2 up / H2A up)"
"5430427M07Rik",2.42482602313823,1.56e-18,2,2,TRUE,1.435578006,2.29e-24,1,1,TRUE,"Significant","Q1 (MeCP2 up / H2A up)"
"5530401A14Rik",0.306739459103188,0.040656033,1,6,TRUE,0.168513953176701,0.013654422,1,4,TRUE,"Significant","Q1 (MeCP2 up / H2A up)"
"5730522E02Rik",1.05868018887589,0.000261822,1,3,TRUE,0.448621020908736,0.001642073,2,2,TRUE,"Significant","Q1 (MeCP2 up / H2A up)"
"5830454E08Rik",0.24659487758304,0.140688504,0,4,FALSE,0.239008968490453,0.099233617,0,2,FALSE,"Not significant","Q1 (MeCP2 up / H2A up)"
"5930438M14Rik",1.96889196,4.2e-15,1,1,TRUE,1.115025321,5.14e-20,1,1,TRUE,"Significant","Q1 (MeCP2 up / H2A up)"
"6030407O03Rik",1.38260668733569,5.14e-09,3,4,TRUE,1.12560242261178,1.92e-24,5,6,TRUE,"Significant","Q1 (MeCP2 up / H2A up)"
"6030440G07Rik",-0.008546758,0.981436089,0,1,FALSE,0.092423313,0.402813385,0,1,FALSE,"Not significant","Q2 (MeCP2 down / H2A up)"
"6030466F02Rik",0.204229202075226,0.162890098,0,3,FALSE,-0.312053853362989,0.009758592,1,3,TRUE,"Not significant","Q4 (MeCP2 up / H2A down)"
"6030471H07Rik",-0.008181938,0.9823682,0,1,FALSE,0.418747376,4.53e-05,1,1,TRUE,"Not significant","Q2 (MeCP2 down / H2A up)"
"6330415B21Rik",0.894146789062838,0.000364181,6,25,TRUE,0.626366786576936,1.44e-13,15,25,TRUE,"Significant","Q1 (MeCP2 up / H2A up)"
"6430503K07Rik",-0.121172505,0.588847822,0,1,FALSE,-0.319686737,0.005071783,1,1,TRUE,"Not significant","Q3 (MeCP2 down / H2A down)"
"6430548M08Rik",-0.420820450839384,0.088971799,0,2,FALSE,-0.37770511734389,2.83e-05,1,3,TRUE,"Not significant","Q3 (MeCP2 down / H2A down)"
"6430553K19Rik",0.036053561,0.894102371,0,1,FALSE,0.499447722,1.39e-05,1,1,TRUE,"Not significant","Q1 (MeCP2 up / H2A up)"
"6430562O15Rik",1.35546061130521,2.55e-08,1,2,TRUE,0.494692751,1.64e-08,1,1,TRUE,"Significant","Q1 (MeCP2 up / H2A up)"
"6430584L05Rik",0.301180729,0.212209228,0,1,FALSE,0.243925603,0.072554192,0,1,FALSE,"Not significant","Q1 (MeCP2 up / H2A up)"
"6430710C18Rik",-0.086313945552854,0.683534679,0,2,FALSE,0.327124729,0.000501987,1,1,TRUE,"Not significant","Q2 (MeCP2 down / H2A up)"
"6530403H02Rik",1.20002334566956,2.8e-05,5,11,TRUE,0.788791116301806,9.53e-14,9,9,TRUE,"Significant","Q1 (MeCP2 up / H2A up)"
"6720468P15Rik",-1.01560654324971,6.97e-05,1,3,TRUE,-0.512908461705189,5.24e-06,3,4,TRUE,"Significant","Q3 (MeCP2 down / H2A down)"
"7530416G11Rik",-0.745859906,0.01299982,1,1,TRUE,-0.755097574126156,1.08e-08,2,4,TRUE,"Significant","Q3 (MeCP2 down / H2A down)"
"7630403G23Rik",-0.00685111,0.985868779,0,1,FALSE,0.066794469,0.599499824,0,1,FALSE,"Not significant","Q2 (MeCP2 down / H2A up)"
"8430422H06Rik",1.71608699036261,4.24e-13,5,7,TRUE,0.829481806152836,2.73e-20,11,12,TRUE,"Significant","Q1 (MeCP2 up / H2A up)"
"8430430B14Rik",0.13739857975217,0.364333725,0,3,FALSE,0.244743816746761,6.28e-05,1,4,TRUE,"Not significant","Q1 (MeCP2 up / H2A up)"
"9030204H09Rik",0.0125664192052141,0.893869375,0,3,FALSE,0.258182102046181,0.04515085,1,3,TRUE,"Not significant","Q1 (MeCP2 up / H2A up)"
"9130015G15Rik",1.13613784463267,3.11e-08,10,21,TRUE,0.59337251540162,4.9e-09,8,16,TRUE,"Significant","Q1 (MeCP2 up / H2A up)"
"9130019P16Rik",0.263418488,0.191079953,0,1,FALSE,0.426661919501888,0.001276478,1,2,TRUE,"Not significant","Q1 (MeCP2 up / H2A up)"
"9130209A04Rik",0.078359839,0.725322179,0,1,FALSE,0.642890886429151,9.01e-10,4,5,TRUE,"Not significant","Q1 (MeCP2 up / H2A up)"
"9130401M01Rik",0.045610118,0.859640161,0,1,FALSE,0.296225826,0.031178349,1,1,TRUE,"Not significant","Q1 (MeCP2 up / H2A up)"
"9230105E05Rik",-0.0723005666206305,0.713067504,0,2,FALSE,-0.492026900663175,4.53e-07,2,4,TRUE,"Not significant","Q3 (MeCP2 down / H2A down)"
"9230112D13Rik",-0.034173723,0.901113926,0,1,FALSE,0.482604496,0.000146395,1,1,TRUE,"Not significant","Q2 (MeCP2 down / H2A up)"
"9330102E08Rik",-0.0615662613774265,0.769776144,0,2,FALSE,0.32298286,0.018420361,1,1,TRUE,"Not significant","Q2 (MeCP2 down / H2A up)"
"9330117O12Rik",0.244507657,0.276468407,0,1,FALSE,0.560120450056997,7.77e-07,2,2,TRUE,"Not significant","Q1 (MeCP2 up / H2A up)"
"9330162B11Rik",-0.73616925977129,0.000103725,2,17,TRUE,0.360718099851507,3.98e-06,10,16,TRUE,"Significant","Q2 (MeCP2 down / H2A up)"
"9430018G01Rik",2.04018934998946,8.72e-13,2,3,TRUE,1.18945311670711,1.43e-37,3,4,TRUE,"Significant","Q1 (MeCP2 up / H2A up)"
"9530026F06Rik",0.122728935521766,0.51851698,0,2,FALSE,0.575549543235066,1.56e-09,1,3,TRUE,"Not significant","Q1 (MeCP2 up / H2A up)"
"9630028H03Rik",0.916816602067097,0.000759347,2,5,TRUE,0.510072946090093,4.1e-06,5,6,TRUE,"Significant","Q1 (MeCP2 up / H2A up)"
"9630028I04Rik",-0.0641548333433945,0.773667472,0,2,FALSE,-0.433266153912358,0.001784694,2,2,TRUE,"Not significant","Q3 (MeCP2 down / H2A down)"
"A1bg",-0.085460749,0.681658141,0,1,FALSE,0.029244172,0.799664125,0,1,FALSE,"Not significant","Q2 (MeCP2 down / H2A up)"
"A230009B12Rik",0.490549253024844,0.059927735,0,2,FALSE,-0.438510748031018,0.000328764,2,7,TRUE,"Not significant","Q4 (MeCP2 up / H2A down)"
"A230028O05Rik",1.46280856612546,1.61e-07,1,2,TRUE,0.453323095,2.65e-06,1,1,TRUE,"Significant","Q1 (MeCP2 up / H2A up)"
"A330008L17Rik",0.963919851276732,0.005027708,2,2,TRUE,0.598312195118645,4.75e-07,1,3,TRUE,"Significant","Q1 (MeCP2 up / H2A up)"
"A330015K06Rik",0.922851971,0.004250351,1,1,TRUE,1.100442542,3.45e-23,1,1,TRUE,"Significant","Q1 (MeCP2 up / H2A up)"
"A330023F24Rik",-1.43478592591309,6.26e-07,2,4,TRUE,0.067955633,0.540139916,0,1,FALSE,"Not significant","Q2 (MeCP2 down / H2A up)"
"A330074K22Rik",-0.852729960206543,0.002236799,1,3,TRUE,-0.352006749518897,0.001630462,1,4,TRUE,"Significant","Q3 (MeCP2 down / H2A down)"
"A330076C08Rik",1.0836485969712,2.07e-05,2,8,TRUE,0.432331548446812,2.61e-05,3,5,TRUE,"Significant","Q1 (MeCP2 up / H2A up)"
"A330093E20Rik",1.05178158148333,9.55e-05,5,8,TRUE,0.736068457124322,1.09e-18,15,19,TRUE,"Significant","Q1 (MeCP2 up / H2A up)"
"A3galt2",-0.13393552187566,0.423987169,0,3,FALSE,0.007135957,0.964393192,0,1,FALSE,"Not significant","Q2 (MeCP2 down / H2A up)"
"A430090L17Rik",1.09509871121804,1.73e-07,2,14,TRUE,0.599069615166968,1.72e-11,5,10,TRUE,"Significant","Q1 (MeCP2 up / H2A up)"
"A430093F15Rik",-0.0429170789825316,0.858074486,0,2,FALSE,0.869352064620868,3.98e-07,2,2,TRUE,"Not significant","Q2 (MeCP2 down / H2A up)"
"A4galt",0.25480569,0.219813276,0,1,FALSE,-0.109360127,0.466526088,0,1,FALSE,"Not significant","Q4 (MeCP2 up / H2A down)"
"A530010L16Rik",-0.089977407,0.69784097,0,1,FALSE,-0.466293427004971,0.00025349,3,4,TRUE,"Not significant","Q3 (MeCP2 down / H2A down)"
"A630001O12Rik",-0.167743318508076,0.293633332,0,2,FALSE,0.732704719,2.13e-08,1,1,TRUE,"Not significant","Q2 (MeCP2 down / H2A up)"
"A630076J17Rik",0.02254625,0.94080179,0,1,FALSE,-0.071650368,0.64668831,0,1,FALSE,"Not significant","Q4 (MeCP2 up / H2A down)"
"A730018C14Rik",-0.0330972786446119,0.896823019,0,3,FALSE,-0.382869371,0.031727191,1,1,TRUE,"Not significant","Q3 (MeCP2 down / H2A down)"
"A730020E08Rik",1.13959590443478,0.001346036,1,3,TRUE,-0.0406463968787348,0.781335029,0,2,FALSE,"Not significant","Q4 (MeCP2 up / H2A down)"
"A830009L08Rik",2.06713537653972,1.02e-13,3,3,TRUE,0.954124301,6.76e-39,1,1,TRUE,"Significant","Q1 (MeCP2 up / H2A up)"
"A830082K12Rik",0.214763609904357,0.087394455,0,3,FALSE,0.980631267683165,2.94e-17,2,2,TRUE,"Not significant","Q1 (MeCP2 up / H2A up)"
"A930003O13Rik",1.56215160656742,1.33e-10,3,4,TRUE,1.01429628705357,9.14e-26,2,2,TRUE,"Significant","Q1 (MeCP2 up / H2A up)"
"A930009A15Rik",0.112449476481676,0.582776622,0,3,FALSE,0.34602557994403,0.000551999,1,2,TRUE,"Not significant","Q1 (MeCP2 up / H2A up)"
"A930012L18Rik",0.46010520191835,0.003106951,1,9,TRUE,0.592905751197228,4.15e-11,6,11,TRUE,"Significant","Q1 (MeCP2 up / H2A up)"
"A930019D19Rik",0.235682364,0.283450067,0,1,FALSE,-0.499028552379376,4.15e-05,2,2,TRUE,"Not significant","Q4 (MeCP2 up / H2A down)"
"A930031H19Rik",-0.873008457955982,0.002210136,2,3,TRUE,-0.210554046,0.102901152,0,1,FALSE,"Not significant","Q3 (MeCP2 down / H2A down)"
"AA536875",0.993841049804871,0.001154045,1,2,TRUE,0.245024323,0.117595195,0,1,FALSE,"Not significant","Q1 (MeCP2 up / H2A up)"
"AI197445",0.059118875,0.80740733,0,1,FALSE,0.314733370254801,7.69e-05,1,7,TRUE,"Not significant","Q1 (MeCP2 up / H2A up)"
"AU015836",-0.006140175,0.988061377,0,1,FALSE,-0.359991745811595,0.211700469,0,2,FALSE,"Not significant","Q3 (MeCP2 down / H2A down)"
"AU023762",0.598643623532769,0.000559058,1,8,TRUE,-0.238410159,0.100796924,0,1,FALSE,"Not significant","Q4 (MeCP2 up / H2A down)"
"AU040320",-0.143164501,0.4866522,0,1,FALSE,0.211814867,0.209940181,0,1,FALSE,"Not significant","Q2 (MeCP2 down / H2A up)"
"Aacs",0.037524582,0.889474466,0,1,FALSE,-0.162927771023023,0.242935743,0,2,FALSE,"Not significant","Q4 (MeCP2 up / H2A down)"
"Aagab",-0.09670751,0.657985338,0,1,FALSE,-0.305930946,0.000338916,1,1,TRUE,"Not significant","Q3 (MeCP2 down / H2A down)"
"Abat",-0.153533574,0.436256099,0,1,FALSE,-0.257734805,0.032416092,1,1,TRUE,"Not significant","Q3 (MeCP2 down / H2A down)"
"Abca1",0.110575921007463,0.52474153,0,2,FALSE,0.891667940580613,8.01e-23,4,4,TRUE,"Not significant","Q1 (MeCP2 up / H2A up)"
"Abca13",1.66993129528642,3.67e-09,1,3,TRUE,0.392870636205179,0.000492898,2,3,TRUE,"Significant","Q1 (MeCP2 up / H2A up)"
"Abca4",1.6656997308298,9.62e-12,5,12,TRUE,0.924868186354104,6.05e-31,11,13,TRUE,"Significant","Q1 (MeCP2 up / H2A up)"
"Abcc3",-0.129277769082922,0.45530893,0,4,FALSE,-0.0197597408479016,0.379876484,0,3,FALSE,"Not significant","Q3 (MeCP2 down / H2A down)"
"Abcc4",-0.234400636885838,0.167244524,0,11,FALSE,0.236956103095598,8.47e-06,3,10,TRUE,"Not significant","Q2 (MeCP2 down / H2A up)"
"Abcc8",-0.105546773,0.61463887,0,1,FALSE,-0.625641071,0.000221924,1,1,TRUE,"Not significant","Q3 (MeCP2 down / H2A down)"
"Abcd4",0.019659221,0.950614922,0,1,FALSE,-0.0933223,0.529351985,0,1,FALSE,"Not significant","Q4 (MeCP2 up / H2A down)"
"Abcg1",0.056191181,0.819336261,0,1,FALSE,-0.190043223,0.26097233,0,1,FALSE,"Not significant","Q4 (MeCP2 up / H2A down)"
"Abcg8",-0.0528125051598682,0.811324507,0,2,FALSE,-0.169408284,0.244746411,0,1,FALSE,"Not significant","Q3 (MeCP2 down / H2A down)"
"Abhd6",-0.04435608,0.863578026,0,1,FALSE,0.347678552983395,0.006433795,1,2,TRUE,"Not significant","Q2 (MeCP2 down / H2A up)"
"Abl1",-0.060912407,0.795231492,0,1,FALSE,-0.233721666,0.016314111,1,1,TRUE,"Not significant","Q3 (MeCP2 down / H2A down)"
"Ablim2",-0.886265634965887,0.00152724,1,4,TRUE,-0.773312908251757,6.92e-16,4,6,TRUE,"Significant","Q3 (MeCP2 down / H2A down)"
"Ablim3",-0.145174558,0.47089459,0,1,FALSE,0.370356971955384,0.000105927,1,3,TRUE,"Not significant","Q2 (MeCP2 down / H2A up)"
"Abr",-1.08386162575339,7.9e-07,11,14,TRUE,-0.56949824880851,1.4e-07,7,10,TRUE,"Significant","Q3 (MeCP2 down / H2A down)"
"Abra",2.21980019240768,7.58e-15,4,4,TRUE,1.19577229952765,1.43e-24,5,5,TRUE,"Significant","Q1 (MeCP2 up / H2A up)"
"Abtb2",0.565748618016187,0.000939589,2,16,TRUE,0.433165199427214,5.43e-13,10,19,TRUE,"Significant","Q1 (MeCP2 up / H2A up)"
"Abtb3",-1.15262347564507,1.42e-05,17,21,TRUE,-0.383485714423901,3.08e-06,7,14,TRUE,"Significant","Q3 (MeCP2 down / H2A down)"
"Ackr3",0.0735177224482452,0.628645853,0,5,FALSE,0.240252076212241,0.041787042,1,5,TRUE,"Not significant","Q1 (MeCP2 up / H2A up)"
"Acly",-0.460240234573006,0.063724441,0,3,FALSE,-0.440010120868852,5.6e-05,1,2,TRUE,"Not significant","Q3 (MeCP2 down / H2A down)"
"Acnat2",-0.191423139014835,0.234217665,0,3,FALSE,0.70858855715545,3.28e-14,3,3,TRUE,"Not significant","Q2 (MeCP2 down / H2A up)"
"Acot11",0.17843293575991,0.304516658,0,2,FALSE,0.326836807917195,0.002577486,2,3,TRUE,"Not significant","Q1 (MeCP2 up / H2A up)"
"Acot7",-0.334914471,0.121283533,0,1,FALSE,-0.173938197386564,0.136970201,0,3,FALSE,"Not significant","Q3 (MeCP2 down / H2A down)"
"Acox3",-0.09268059,0.659238422,0,1,FALSE,-0.443724718,0.029655467,1,1,TRUE,"Not significant","Q3 (MeCP2 down / H2A down)"
"Acoxl",0.052837506,0.827151038,0,1,FALSE,-0.357017541052989,0.00553281,2,5,TRUE,"Not significant","Q4 (MeCP2 up / H2A down)"
"Acsf3",0.030003272,0.916899047,0,1,FALSE,-0.349813163706864,1.25e-05,1,3,TRUE,"Not significant","Q4 (MeCP2 up / H2A down)"
"Acvr1",0.080335749,0.712219302,0,1,FALSE,0.514483938202084,2.31e-08,2,2,TRUE,"Not significant","Q1 (MeCP2 up / H2A up)"
"Acvr2a",0.1947363203488,0.266656664,0,5,FALSE,0.556114113913082,6.7e-08,6,10,TRUE,"Not significant","Q1 (MeCP2 up / H2A up)"
"Acvr2b",-0.049959132,0.841321213,0,1,FALSE,-0.212708445283681,0.121824426,0,2,FALSE,"Not significant","Q3 (MeCP2 down / H2A down)"
"Acy3",-0.010049261,0.97744034,0,1,FALSE,-0.221228974,0.138762411,0,1,FALSE,"Not significant","Q3 (MeCP2 down / H2A down)"
"Ada",-0.114032334923884,0.503911099,0,3,FALSE,0.339714076,0.009254073,1,1,TRUE,"Not significant","Q2 (MeCP2 down / H2A up)"
"Adam11",-0.0214339074453494,0.643694366,0,2,FALSE,-0.744192998072295,2.6e-07,1,2,TRUE,"Not significant","Q3 (MeCP2 down / H2A down)"
"Adam12",1.38142171538334,3.67e-08,5,11,TRUE,0.731554727808523,2.28e-09,1,2,TRUE,"Significant","Q1 (MeCP2 up / H2A up)"
"Adam30",0.850909767329442,0.002550755,1,3,TRUE,0.584784898,3.95e-10,1,1,TRUE,"Significant","Q1 (MeCP2 up / H2A up)"
"Adamts14",-0.629925633085069,0.013988606,3,7,TRUE,-0.353779875309261,4.9e-05,4,8,TRUE,"Significant","Q3 (MeCP2 down / H2A down)"
"Adamts16",1.03392469138789,0.000554419,1,2,TRUE,0.710960748974398,3.62e-12,3,4,TRUE,"Significant","Q1 (MeCP2 up / H2A up)"
"Adamts17",-0.417226828660388,0.006933031,4,30,TRUE,-0.384135258287237,1.34e-06,10,28,TRUE,"Significant","Q3 (MeCP2 down / H2A down)"
"Adamts2",0.328420625676446,0.059737219,0,10,FALSE,-0.0488437126697164,0.329960879,0,8,FALSE,"Not significant","Q4 (MeCP2 up / H2A down)"
"Adamts6",0.140499592973046,0.400109827,0,2,FALSE,0.334943378977059,0.000582184,2,3,TRUE,"Not significant","Q1 (MeCP2 up / H2A up)"
"Adamtsl1",0.502980944808146,0.000104767,3,11,TRUE,0.453309042358814,1.16e-10,9,18,TRUE,"Significant","Q1 (MeCP2 up / H2A up)"
"Adamtsl2",-0.327609898022395,0.120768134,0,3,FALSE,-0.0624904313624657,0.194165732,0,3,FALSE,"Not significant","Q3 (MeCP2 down / H2A down)"
"Adarb1",0.419242162240652,0.031893622,1,4,TRUE,0.473276863783463,3.65e-08,2,4,TRUE,"Significant","Q1 (MeCP2 up / H2A up)"
"Adarb2",-0.328200555230189,0.055390398,0,5,FALSE,0.366267283812582,0.000274767,1,4,TRUE,"Not significant","Q2 (MeCP2 down / H2A up)"
"Adck1",-0.122220389101301,0.556480276,0,2,FALSE,-0.098287456,0.572734104,0,1,FALSE,"Not significant","Q3 (MeCP2 down / H2A down)"
"Adcy1",-0.0301284886755575,0.754736579,0,5,FALSE,-0.174294676,0.194104047,0,1,FALSE,"Not significant","Q3 (MeCP2 down / H2A down)"
"Adcy3",-0.067720301,0.768705553,0,1,FALSE,0.139370780334913,0.137704526,0,3,FALSE,"Not significant","Q2 (MeCP2 down / H2A up)"
"Adcy5",-0.418925067304073,0.015922581,1,10,TRUE,-0.341785705698952,4.44e-06,5,22,TRUE,"Significant","Q3 (MeCP2 down / H2A down)"
"Adcy8",-0.0430653077966202,0.866936919,0,2,FALSE,0.568568358925142,1.69e-06,4,4,TRUE,"Not significant","Q2 (MeCP2 down / H2A up)"
"Adcyap1r1",-0.251146165090935,0.160329535,0,3,FALSE,-0.300561627313745,3.76e-05,3,5,TRUE,"Not significant","Q3 (MeCP2 down / H2A down)"
"Add2",-0.140211417554489,0.452345553,0,2,FALSE,-0.296811544,0.023574998,1,1,TRUE,"Not significant","Q3 (MeCP2 down / H2A down)"
"Adgb",0.194792124,0.309598944,0,1,FALSE,0.894829998,1.37e-17,1,1,TRUE,"Not significant","Q1 (MeCP2 up / H2A up)"
"Adgra3",0.0806101291840438,0.408625519,0,7,FALSE,0.469641720324619,4.98e-08,5,6,TRUE,"Not significant","Q1 (MeCP2 up / H2A up)"
"Adgrb1",-0.578471755389501,0.016355543,2,6,TRUE,-0.662148753216706,1.94e-09,3,3,TRUE,"Significant","Q3 (MeCP2 down / H2A down)"
"Adgrb3",-0.102240098,0.612324631,0,1,FALSE,0.352895059338136,0.001611895,2,2,TRUE,"Not significant","Q2 (MeCP2 down / H2A up)"
"Adgrd1",-0.103932861947125,0.447536226,0,5,FALSE,-0.383845600219257,0.004218762,2,3,TRUE,"Not significant","Q3 (MeCP2 down / H2A down)"
"Adgrl1",-0.0470140980348589,0.561930271,0,2,FALSE,-0.340362421,0.020790802,1,1,TRUE,"Not significant","Q3 (MeCP2 down / H2A down)"
"Adgrl2",-0.379675452519193,0.030679941,1,14,TRUE,0.395567850631714,0.000228912,6,9,TRUE,"Significant","Q2 (MeCP2 down / H2A up)"
"Adgrl3",1.57032996895666,2.23e-09,4,8,TRUE,0.919996249833287,8.08e-27,19,22,TRUE,"Significant","Q1 (MeCP2 up / H2A up)"
"Adgrl4",1.84135418733749,5.55e-07,1,2,TRUE,1.38035130498423,4e-61,4,4,TRUE,"Significant","Q1 (MeCP2 up / H2A up)"
"Adk",1.335490114,4.16e-06,1,1,TRUE,0.832239962,6.15e-20,1,1,TRUE,"Significant","Q1 (MeCP2 up / H2A up)"
"Adnp2",-0.0604722007084672,0.772018442,0,3,FALSE,0.163466628411698,0.014778969,2,6,TRUE,"Not significant","Q2 (MeCP2 down / H2A up)"
"Adora2a",-0.060374657,0.794438744,0,1,FALSE,-0.05665813341721,0.69820178,0,2,FALSE,"Not significant","Q3 (MeCP2 down / H2A down)"
"Adora3",0.019774552,0.949608036,0,1,FALSE,-0.065913275157778,0.663437419,0,3,FALSE,"Not significant","Q4 (MeCP2 up / H2A down)"
"Adpgk",0.685789408794818,0.031545747,1,2,TRUE,-0.011054284,0.949574555,0,1,FALSE,"Not significant","Q4 (MeCP2 up / H2A down)"
"Adprhl1",-0.221535032,0.274803842,0,1,FALSE,-0.87490407,4.11e-07,1,1,TRUE,"Not significant","Q3 (MeCP2 down / H2A down)"
"Adra1a",0.800569525911069,0.000173215,2,4,TRUE,0.936404435475568,3.03e-13,2,6,TRUE,"Significant","Q1 (MeCP2 up / H2A up)"
"Adra1d",-0.541226649,0.034625699,1,1,TRUE,-0.347190656301125,0.00019754,1,2,TRUE,"Significant","Q3 (MeCP2 down / H2A down)"
"Adra2b",-0.0917818,0.670129342,0,1,FALSE,-0.797906668,2.44e-06,1,1,TRUE,"Not significant","Q3 (MeCP2 down / H2A down)"
"Adrb2",0.386275507909082,0.144699658,0,2,FALSE,0.228803734573603,0.010996977,2,2,TRUE,"Not significant","Q1 (MeCP2 up / H2A up)"
"Adss1",-0.026182589,0.929337447,0,1,FALSE,-0.244242850228219,0.072882349,0,2,FALSE,"Not significant","Q3 (MeCP2 down / H2A down)"
"Afap1",-0.575305613992018,0.003803416,7,28,TRUE,-0.63407907619632,6.3e-14,14,22,TRUE,"Significant","Q3 (MeCP2 down / H2A down)"
"Afap1l1",-0.0324020884572494,0.882335416,0,3,FALSE,0.57162979159897,1.25e-08,3,3,TRUE,"Not significant","Q2 (MeCP2 down / H2A up)"
"Afap1l2",-0.0706277913155926,0.563673192,0,7,FALSE,0.334331478348563,3.29e-05,2,5,TRUE,"Not significant","Q2 (MeCP2 down / H2A up)"
"Aff1",0.849353435177135,0.000303461,1,6,TRUE,0.827049367432376,9.83e-13,3,3,TRUE,"Significant","Q1 (MeCP2 up / H2A up)"
"Aff2",1.52331122001565,2.55e-08,2,7,TRUE,0.944496382313074,8.58e-17,5,5,TRUE,"Significant","Q1 (MeCP2 up / H2A up)"
"Aff3",-0.292693347501959,0.00231899,6,37,TRUE,0.246475049731665,3.39e-06,14,29,TRUE,"Significant","Q2 (MeCP2 down / H2A up)"
"Agap1",-0.0765527188292924,0.61132732,0,11,FALSE,0.0223367677741624,0.022105462,3,13,TRUE,"Not significant","Q2 (MeCP2 down / H2A up)"
"Agap2",-0.026053269,0.930032842,0,1,FALSE,-0.498044375472744,6.82e-05,1,2,TRUE,"Not significant","Q3 (MeCP2 down / H2A down)"
"Agap3",-0.046278477,0.861111554,0,1,FALSE,-0.472003516371007,0.001769072,1,2,TRUE,"Not significant","Q3 (MeCP2 down / H2A down)"
"Agbl1",0.0350763112231966,0.871993013,0,3,FALSE,0.547532563,1.54e-06,1,1,TRUE,"Not significant","Q1 (MeCP2 up / H2A up)"
"Agk",-1.01956509167441,0.001752086,5,8,TRUE,-0.467961563743403,6.35e-06,4,6,TRUE,"Significant","Q3 (MeCP2 down / H2A down)"
"Ago2",-0.02126635,0.945628798,0,1,FALSE,0.160130922209956,0.115617374,0,2,FALSE,"Not significant","Q2 (MeCP2 down / H2A up)"
"Agpat3",-0.015131763,0.963351499,0,1,FALSE,0.0546430576790896,0.01745911,1,2,TRUE,"Not significant","Q2 (MeCP2 down / H2A up)"
"Agpat4",-0.050681622,0.845507905,0,1,FALSE,-0.168610618477976,0.227876957,0,3,FALSE,"Not significant","Q3 (MeCP2 down / H2A down)"
"Agt",-0.010868275,0.975032463,0,1,FALSE,0.006956562,0.966421353,0,1,FALSE,"Not significant","Q2 (MeCP2 down / H2A up)"
"Agtpbp1",-0.0706288655153463,0.709780188,0,3,FALSE,-0.24110433770232,0.026907642,1,2,TRUE,"Not significant","Q3 (MeCP2 down / H2A down)"
"Agtr1b",3.020766206,2.25e-28,1,1,TRUE,0.844074404046393,2.86e-13,2,2,TRUE,"Significant","Q1 (MeCP2 up / H2A up)"
"Agtrap",-0.082916033,0.703000402,0,1,FALSE,-0.029495946,0.829810772,0,1,FALSE,"Not significant","Q3 (MeCP2 down / H2A down)"
"Agxt",-0.028822474,0.921860715,0,1,FALSE,-0.33306775,0.050324265,0,1,FALSE,"Not significant","Q3 (MeCP2 down / H2A down)"
"Ahcyl2",0.06484686,0.787777273,0,1,FALSE,0.240358026,0.056150794,0,1,FALSE,"Not significant","Q1 (MeCP2 up / H2A up)"
"Ahdc1",0.330576989550464,0.105832246,0,2,FALSE,-0.522918122508646,3.69e-05,3,4,TRUE,"Not significant","Q4 (MeCP2 up / H2A down)"
"Aig1",0.814167210343652,0.002637037,2,3,TRUE,1.02147992984381,2.23e-35,4,4,TRUE,"Significant","Q1 (MeCP2 up / H2A up)"
"Ajap1",0.00442574812594964,0.549447644,0,9,FALSE,-0.261114642552507,0.001387886,2,8,TRUE,"Not significant","Q4 (MeCP2 up / H2A down)"
"Ak5",0.005351574,0.989235852,0,1,FALSE,-0.386310511515097,0.000227807,1,2,TRUE,"Not significant","Q4 (MeCP2 up / H2A down)"
"Akain1",0.273135853,0.253302854,0,1,FALSE,0.665445888357918,6.51e-08,2,2,TRUE,"Not significant","Q1 (MeCP2 up / H2A up)"
"Akap12",-0.02060116,0.946429405,0,1,FALSE,0.186082617,0.18692167,0,1,FALSE,"Not significant","Q2 (MeCP2 down / H2A up)"
"Akap5",-0.211135772,0.334328068,0,1,FALSE,-0.544574845,0.010832286,1,1,TRUE,"Not significant","Q3 (MeCP2 down / H2A down)"
"Akap6",-1.48319056860552,2.86e-07,5,9,TRUE,-0.356128229871616,1.56e-13,5,11,TRUE,"Significant","Q3 (MeCP2 down / H2A down)"
"Akna",-0.177046898583268,0.300755902,0,2,FALSE,-0.482262462163439,0.000210833,1,3,TRUE,"Not significant","Q3 (MeCP2 down / H2A down)"
"Akt1",0.033127913,0.904160027,0,1,FALSE,-0.345093825,0.045801796,1,1,TRUE,"Not significant","Q4 (MeCP2 up / H2A down)"
"Alcam",1.023441571,0.000558443,1,1,TRUE,1.16542805164929,9.62e-17,2,3,TRUE,"Significant","Q1 (MeCP2 up / H2A up)"
"Aldh18a1",0.0394301255191367,0.810051438,0,3,FALSE,0.462972608112799,0.000778885,2,2,TRUE,"Not significant","Q1 (MeCP2 up / H2A up)"
"Aldh1b1",-1.274403071,2.18e-05,1,1,TRUE,-0.53428772,0.001769243,1,1,TRUE,"Significant","Q3 (MeCP2 down / H2A down)"
"Aldh1l1",-0.474073520120877,0.010497846,1,11,TRUE,0.0489371077228613,0.081153068,0,10,FALSE,"Not significant","Q2 (MeCP2 down / H2A up)"
"Aldh3a1",-0.02348575,0.93816722,0,1,FALSE,0.768260718623511,1.17e-07,1,2,TRUE,"Not significant","Q2 (MeCP2 down / H2A up)"
"Aldh8a1",0.034932125,0.897931401,0,1,FALSE,-0.013125857,0.951192857,0,1,FALSE,"Not significant","Q4 (MeCP2 up / H2A down)"
"Alg14",-0.002411877,0.995192258,0,1,FALSE,0.589528615774884,7.51e-08,2,3,TRUE,"Not significant","Q2 (MeCP2 down / H2A up)"
"Alg6",1.626062443,1.51e-08,1,1,TRUE,1.110968777,5.39e-09,1,1,TRUE,"Significant","Q1 (MeCP2 up / H2A up)"
"Alk",-0.141668442903363,0.190047289,0,11,FALSE,-0.410570521031355,2.4e-05,2,13,TRUE,"Not significant","Q3 (MeCP2 down / H2A down)"
"Alkal1",-1.039942868,0.001051405,1,1,TRUE,0.017375278,0.896825061,0,1,FALSE,"Not significant","Q2 (MeCP2 down / H2A up)"
"Alpk1",-0.089826067,0.687603131,0,1,FALSE,-0.514064341592048,9.6e-05,1,2,TRUE,"Not significant","Q3 (MeCP2 down / H2A down)"
"Alpl",-0.262535370167006,0.184724426,0,2,FALSE,-0.034260033,0.860642101,0,1,FALSE,"Not significant","Q3 (MeCP2 down / H2A down)"
"Alppl2",-0.586599413715486,0.014533606,1,4,TRUE,-0.486140151778247,4.89e-12,2,8,TRUE,"Significant","Q3 (MeCP2 down / H2A down)"
"Als2",-0.035800917,0.897156219,0,1,FALSE,0.03381529,0.853148562,0,1,FALSE,"Not significant","Q2 (MeCP2 down / H2A up)"
"Als2cl",-0.09336571,0.669262743,0,1,FALSE,-0.455150265,3.49e-05,1,1,TRUE,"Not significant","Q3 (MeCP2 down / H2A down)"
"Alx4",0.000419915,0.999067426,0,1,FALSE,0.203708991887051,0.060267042,0,3,FALSE,"Not significant","Q1 (MeCP2 up / H2A up)"
"Amer3",-0.0366809737696261,0.86935097,0,2,FALSE,0.578501554,2.44e-09,1,1,TRUE,"Not significant","Q2 (MeCP2 down / H2A up)"
"Amn",0.142490629777614,0.434803131,0,2,FALSE,-0.764053755,9.99e-08,1,1,TRUE,"Not significant","Q4 (MeCP2 up / H2A down)"
"Amotl1",-0.030328521,0.916118661,0,1,FALSE,0.425699364,0.005528162,1,1,TRUE,"Not significant","Q2 (MeCP2 down / H2A up)"
"Angel2",-0.457139532,0.067205221,0,1,FALSE,-0.376059746273484,0.00406545,1,3,TRUE,"Not significant","Q3 (MeCP2 down / H2A down)"
"Angpt1",2.14612230177461,2.87e-12,2,2,TRUE,1.13534207993328,3.29e-31,4,8,TRUE,"Significant","Q1 (MeCP2 up / H2A up)"
"Angpt2",0.0488187915185343,0.547810927,0,5,FALSE,-0.315103472423488,0.001678163,2,4,TRUE,"Not significant","Q4 (MeCP2 up / H2A down)"
"Angpt4",-0.148405707,0.479970664,0,1,FALSE,-0.0343012,0.827487452,0,1,FALSE,"Not significant","Q3 (MeCP2 down / H2A down)"
"Angptl2",-0.0761842312778387,0.670405647,0,3,FALSE,-0.546119227141588,2.24e-05,6,9,TRUE,"Not significant","Q3 (MeCP2 down / H2A down)"
"Angptl7",-0.117528370340589,0.525255367,0,2,FALSE,-0.512424769451652,0.001403099,2,2,TRUE,"Not significant","Q3 (MeCP2 down / H2A down)"
"Ank",-0.026262463,0.929487108,0,1,FALSE,-0.297488611501878,0.064048146,0,3,FALSE,"Not significant","Q3 (MeCP2 down / H2A down)"
"Ank1",-0.0967965635703174,0.622493197,0,2,FALSE,-0.779463430676723,1.23e-09,1,2,TRUE,"Not significant","Q3 (MeCP2 down / H2A down)"
"Ank3",1.93775760545415,3.72e-09,1,4,TRUE,1.1508521251051,1.98e-29,4,6,TRUE,"Significant","Q1 (MeCP2 up / H2A up)"
"Ankk1",-0.091549966,0.674377355,0,1,FALSE,-0.457500481864261,0.000672039,1,2,TRUE,"Not significant","Q3 (MeCP2 down / H2A down)"
"Ankmy1",-0.161004540885474,0.296121403,0,5,FALSE,0.105125297026231,0.147507526,0,4,FALSE,"Not significant","Q2 (MeCP2 down / H2A up)"
"Ankrd1",0.058040658,0.809984396,0,1,FALSE,0.55919086432629,6.77e-07,2,3,TRUE,"Not significant","Q1 (MeCP2 up / H2A up)"
"Ankrd33b",0.107623379215233,0.593851855,0,2,FALSE,0.091252201,0.398288765,0,1,FALSE,"Not significant","Q1 (MeCP2 up / H2A up)"
"Ankrd34b",-0.031244883,0.911619968,0,1,FALSE,0.259257131,0.029195107,1,1,TRUE,"Not significant","Q2 (MeCP2 down / H2A up)"
"Ankrd35",-0.113009891,0.608701803,0,1,FALSE,0.065552829,0.671689635,0,1,FALSE,"Not significant","Q2 (MeCP2 down / H2A up)"
"Ankrd44",-0.00732924603598208,0.73251713,0,5,FALSE,0.0452323166153381,1.14e-07,3,7,TRUE,"Not significant","Q2 (MeCP2 down / H2A up)"
"Ankrd50",1.18190110372791,1.48e-06,2,2,TRUE,0.732549452496184,8.75e-11,4,5,TRUE,"Significant","Q1 (MeCP2 up / H2A up)"
"Ankrd6",0.041036985,0.876892842,0,1,FALSE,0.692568913251513,9.1e-09,4,4,TRUE,"Not significant","Q1 (MeCP2 up / H2A up)"
"Anks1",-0.778275603492734,2.4e-05,2,9,TRUE,-0.587366162128276,4.3e-12,8,10,TRUE,"Significant","Q3 (MeCP2 down / H2A down)"
"Anks1b",-0.40936762888316,1.51e-06,8,22,TRUE,1.00143223177361,1.03e-27,4,13,TRUE,"Significant","Q2 (MeCP2 down / H2A up)"
"Anks6",-0.115942728996294,0.417753652,0,3,FALSE,0.124787011562892,0.181938857,0,2,FALSE,"Not significant","Q2 (MeCP2 down / H2A up)"
"Ano1",-0.0486178683726019,0.554046608,0,5,FALSE,0.0751070748399655,0.020881074,2,5,TRUE,"Not significant","Q2 (MeCP2 down / H2A up)"
"Ano10",0.0188911896275034,0.875412135,0,2,FALSE,-0.435333071177233,2.87e-05,1,2,TRUE,"Not significant","Q4 (MeCP2 up / H2A down)"
"Ano2",-0.123972009308391,0.38603872,0,4,FALSE,-0.0370485857878335,0.074290176,0,3,FALSE,"Not significant","Q3 (MeCP2 down / H2A down)"
"Ano3",2.21575744646647,3.33e-12,3,3,TRUE,1.37505307435342,1.51e-28,3,3,TRUE,"Significant","Q1 (MeCP2 up / H2A up)"
"Ano4",-0.074270333,0.744866797,0,1,FALSE,0.033928204,0.863160091,0,1,FALSE,"Not significant","Q2 (MeCP2 down / H2A up)"
"Antxr2",0.127234125090019,0.582287052,0,2,FALSE,0.459275390204093,4.21e-06,1,2,TRUE,"Not significant","Q1 (MeCP2 up / H2A up)"
"Antxrl",-0.067928304,0.76567454,0,1,FALSE,-0.36072155,0.003252053,1,1,TRUE,"Not significant","Q3 (MeCP2 down / H2A down)"
"Anxa11",0.032320421,0.906800201,0,1,FALSE,0.0975570104810614,0.479693073,0,2,FALSE,"Not significant","Q1 (MeCP2 up / H2A up)"
"Aoah",1.67621445837694,1.48e-11,2,4,TRUE,0.889650274903105,1.56e-29,8,9,TRUE,"Significant","Q1 (MeCP2 up / H2A up)"
"Aopep",-0.00682251223158828,0.983475782,0,2,FALSE,0.324461724037049,0.018320722,1,2,TRUE,"Not significant","Q2 (MeCP2 down / H2A up)"
"Aox1",1.37538988896529,2.36e-07,2,2,TRUE,0.936305667319219,2.07e-10,3,3,TRUE,"Significant","Q1 (MeCP2 up / H2A up)"
"Aox4",0.808160745,0.005343829,1,1,TRUE,0.823880717,4.97e-08,1,1,TRUE,"Significant","Q1 (MeCP2 up / H2A up)"
"Ap3b1",0.528466870835312,0.017100982,1,9,TRUE,0.468668988503109,3.3e-13,5,13,TRUE,"Significant","Q1 (MeCP2 up / H2A up)"
"Ap5z1",-0.156963975625771,0.440268936,0,2,FALSE,-0.282362165,0.037767081,1,1,TRUE,"Not significant","Q3 (MeCP2 down / H2A down)"
"Apaf1",-0.419667579935014,0.046063099,1,2,TRUE,-0.265768029,0.011042964,1,1,TRUE,"Significant","Q3 (MeCP2 down / H2A down)"
"Apba1",-0.336307852972253,0.067707802,0,2,FALSE,0.479339837890387,4.23e-10,3,3,TRUE,"Not significant","Q2 (MeCP2 down / H2A up)"
"Apba2",-0.0517159815568356,0.799758079,0,2,FALSE,-0.00104436230988989,0.013205182,2,4,TRUE,"Not significant","Q3 (MeCP2 down / H2A down)"
"Apbb2",-0.060388812,0.806394842,0,1,FALSE,0.247165726617913,0.002040758,1,5,TRUE,"Not significant","Q2 (MeCP2 down / H2A up)"
"Apoh",-0.212114691236141,0.248252212,0,7,FALSE,-0.263958030727079,0.034271338,1,3,TRUE,"Not significant","Q3 (MeCP2 down / H2A down)"
"Appl2",-0.103399824674302,0.599294843,0,2,FALSE,-0.380447902292083,0.001550829,1,2,TRUE,"Not significant","Q3 (MeCP2 down / H2A down)"
"Aqp1",0.011701034,0.972582866,0,1,FALSE,-0.300613088893445,0.007051417,3,3,TRUE,"Not significant","Q4 (MeCP2 up / H2A down)"
"Arap2",0.920516352,0.00800279,1,1,TRUE,0.443312048,0.000467778,1,1,TRUE,"Significant","Q1 (MeCP2 up / H2A up)"
"Arg1",1.57818781662838,3.29e-08,1,3,TRUE,1.6317632545952,1.86e-22,2,2,TRUE,"Significant","Q1 (MeCP2 up / H2A up)"
"Arhgap15",0.342812890972944,0.065614494,0,17,FALSE,0.478726411922042,5.38e-15,11,25,TRUE,"Not significant","Q1 (MeCP2 up / H2A up)"
"Arhgap15os",0.430439059125139,0.046701038,1,12,TRUE,0.485068252459602,1.65e-08,8,16,TRUE,"Significant","Q1 (MeCP2 up / H2A up)"
"Arhgap22",-0.0488904382434111,0.779959034,0,7,FALSE,0.269812585362406,0.002598411,3,7,TRUE,"Not significant","Q2 (MeCP2 down / H2A up)"
"Arhgap23",-0.049226631340644,0.79202703,0,3,FALSE,-0.417164050473483,2.98e-05,1,2,TRUE,"Not significant","Q3 (MeCP2 down / H2A down)"
"Arhgap24",-0.109502339865804,0.605126781,0,2,FALSE,0.263908409353923,0.027548692,1,2,TRUE,"Not significant","Q2 (MeCP2 down / H2A up)"
"Arhgap26",2.67066522894571,2.54e-30,17,28,TRUE,1.0990731304556,3.69e-41,29,30,TRUE,"Significant","Q1 (MeCP2 up / H2A up)"
"Arhgap28",0.434495691805899,0.05898962,0,3,FALSE,0.540111996135284,4.03e-10,1,2,TRUE,"Not significant","Q1 (MeCP2 up / H2A up)"
"Arhgap33os",0.024608943,0.934418157,0,1,FALSE,-0.264417801,0.013864999,1,1,TRUE,"Not significant","Q4 (MeCP2 up / H2A down)"
"Arhgap40",-0.006604925,0.986562486,0,1,FALSE,0.097145032,0.533934688,0,1,FALSE,"Not significant","Q2 (MeCP2 down / H2A up)"
"Arhgap42",0.126916431,0.582691333,0,1,FALSE,0.338635843874982,0.012358846,1,3,TRUE,"Not significant","Q1 (MeCP2 up / H2A up)"
"Arhgef10",1.02419117347225,6.79e-09,1,10,TRUE,0.562103917025955,4.02e-06,3,5,TRUE,"Significant","Q1 (MeCP2 up / H2A up)"
"Arhgef10l",-0.0520157404925315,0.803108238,0,4,FALSE,-0.281797892781795,0.057112094,0,3,FALSE,"Not significant","Q3 (MeCP2 down / H2A down)"
"Arhgef17",-0.114538824,0.576952659,0,1,FALSE,-0.452453932183508,9.06e-05,3,4,TRUE,"Not significant","Q3 (MeCP2 down / H2A down)"
"Arhgef28",-0.0419538044579801,0.493995821,0,7,FALSE,0.0204439682552965,0.229298847,0,7,FALSE,"Not significant","Q2 (MeCP2 down / H2A up)"
"Arhgef3",2.18331179076627,3.84e-24,2,8,TRUE,1.24225692439967,5.37e-41,6,10,TRUE,"Significant","Q1 (MeCP2 up / H2A up)"
"Arhgef38",2.3648398353288,1.14e-14,4,4,TRUE,1.06574958541959,2.61e-24,5,5,TRUE,"Significant","Q1 (MeCP2 up / H2A up)"
"Arhgef4",0.026068659,0.928972358,0,1,FALSE,-0.188702905119625,7.03e-05,2,2,TRUE,"Not significant","Q4 (MeCP2 up / H2A down)"
"Arhgef7",-0.092861627,0.683534679,0,1,FALSE,0.549773152,0.00105848,1,1,TRUE,"Not significant","Q2 (MeCP2 down / H2A up)"
"Arid1b",-0.0286903830669817,0.84577218,0,3,FALSE,0.276820139377455,0.008174822,2,8,TRUE,"Not significant","Q2 (MeCP2 down / H2A up)"
"Arid5a",-0.078007245,0.729129105,0,1,FALSE,-0.337731424,0.07379768,0,1,FALSE,"Not significant","Q3 (MeCP2 down / H2A down)"
"Arid5b",-0.0273280224251004,0.909794231,0,3,FALSE,-0.17119139,0.22881006,0,1,FALSE,"Not significant","Q3 (MeCP2 down / H2A down)"
"Ark2c",-0.929619074810817,0.000355356,2,3,TRUE,-0.256720035118865,0.018781646,2,5,TRUE,"Significant","Q3 (MeCP2 down / H2A down)"
"Arl15",-0.585001898926569,0.009087844,1,6,TRUE,0.43866649900788,5.54e-10,2,9,TRUE,"Significant","Q2 (MeCP2 down / H2A up)"
"Arl4a",2.86968072095135,1.76e-29,4,4,TRUE,1.30141223416154,9.8e-33,3,6,TRUE,"Significant","Q1 (MeCP2 up / H2A up)"
"Arl4c",0.0016256513293529,0.326149116,0,3,FALSE,0.298316755,0.032179205,1,1,TRUE,"Not significant","Q1 (MeCP2 up / H2A up)"
"Armc9",-0.0939552805202293,0.623881352,0,2,FALSE,0.816479999,2.2e-06,1,1,TRUE,"Not significant","Q2 (MeCP2 down / H2A up)"
"Armh4",1.861473115,5.56e-13,1,1,TRUE,1.48316903932625,4.59e-50,3,3,TRUE,"Significant","Q1 (MeCP2 up / H2A up)"
"Arrb1",0.0261227544314419,0.861975091,0,2,FALSE,-0.524013125779092,9.72e-05,1,4,TRUE,"Not significant","Q4 (MeCP2 up / H2A down)"
"Arsg",0.258232652604371,0.134211459,0,5,FALSE,0.397332376,0.009419923,1,1,TRUE,"Not significant","Q1 (MeCP2 up / H2A up)"
"Asap1",0.317885394109003,0.00165323,1,24,TRUE,0.600571123322036,2.67e-21,9,30,TRUE,"Significant","Q1 (MeCP2 up / H2A up)"
"Asap2",1.12634619250564,2.18e-05,1,4,TRUE,0.71532605016868,4.2e-13,3,3,TRUE,"Significant","Q1 (MeCP2 up / H2A up)"
"Asb17",-0.047782691,0.8523841,0,1,FALSE,0.233587776,0.100658917,0,1,FALSE,"Not significant","Q2 (MeCP2 down / H2A up)"
"Asb18",0.012542383,0.970429598,0,1,FALSE,-0.346633320702732,0.004027476,2,2,TRUE,"Not significant","Q4 (MeCP2 up / H2A down)"
"Asb2",-0.192490666,0.344040168,0,1,FALSE,-0.170416969461539,0.197429227,0,2,FALSE,"Not significant","Q3 (MeCP2 down / H2A down)"
"Ascc3",-0.11071344,0.624890089,0,1,FALSE,0.154812398,0.157165401,0,1,FALSE,"Not significant","Q2 (MeCP2 down / H2A up)"
"Asph",1.399696002,8.69e-09,1,1,TRUE,1.38378602003832,5.37e-25,3,3,TRUE,"Significant","Q1 (MeCP2 up / H2A up)"
"Astn1",0.884476871808661,3.52e-05,3,7,TRUE,1.02502037826863,1.41e-19,5,7,TRUE,"Significant","Q1 (MeCP2 up / H2A up)"
"Astn2",2.991847876,3.55e-17,1,1,TRUE,0.996879384696239,3.18e-25,2,4,TRUE,"Significant","Q1 (MeCP2 up / H2A up)"
"Atad2b",-0.250212771587511,0.207817965,0,2,FALSE,0.186524804801059,0.025240363,1,4,TRUE,"Not significant","Q2 (MeCP2 down / H2A up)"
"Atg10",1.67257007422484,9.81e-10,1,2,TRUE,0.925250372673382,1.86e-15,6,7,TRUE,"Significant","Q1 (MeCP2 up / H2A up)"
"Atg7",-0.258292834283553,0.225306432,0,3,FALSE,-0.198103475924108,0.364239062,0,2,FALSE,"Not significant","Q3 (MeCP2 down / H2A down)"
"Atoh8",1.68971370594573,4.53e-13,1,5,TRUE,0.327045252131242,4.1e-05,2,4,TRUE,"Significant","Q1 (MeCP2 up / H2A up)"
"Atp10a",0.033058241,0.905482667,0,1,FALSE,0.089257459,0.543967345,0,1,FALSE,"Not significant","Q1 (MeCP2 up / H2A up)"
"Atp10b",0.73059189837827,0.008748467,2,3,TRUE,0.279930783157458,8.31e-06,2,3,TRUE,"Significant","Q1 (MeCP2 up / H2A up)"
"Atp10d",-0.603350103,0.035975955,1,1,TRUE,-0.031184915,0.880668282,0,1,FALSE,"Not significant","Q3 (MeCP2 down / H2A down)"
"Atp11a",-0.090460638,0.687630369,0,1,FALSE,-0.483477230408032,2.22e-05,1,6,TRUE,"Not significant","Q3 (MeCP2 down / H2A down)"
"Atp1a1",1.195637925,0.000133408,1,1,TRUE,-0.020646359,0.927448682,0,1,FALSE,"Not significant","Q4 (MeCP2 up / H2A down)"
"Atp1a2",-0.143383982,0.487849769,0,1,FALSE,0.299548760113455,0.015669708,1,3,TRUE,"Not significant","Q2 (MeCP2 down / H2A up)"
"Atp2b1",0.936511993918131,0.004270031,2,2,TRUE,0.847961477519575,9.53e-14,3,3,TRUE,"Significant","Q1 (MeCP2 up / H2A up)"
"Atp2b2",-0.0775767807418121,0.671936528,0,4,FALSE,-0.240274280277087,5.42e-06,4,8,TRUE,"Not significant","Q3 (MeCP2 down / H2A down)"
"Atp2b4",-0.0814916940219167,0.67210319,0,2,FALSE,-0.336969288753341,0.001113529,2,3,TRUE,"Not significant","Q3 (MeCP2 down / H2A down)"
"Atp2c2",-0.050951748,0.840176677,0,1,FALSE,0.036910324,0.84587214,0,1,FALSE,"Not significant","Q2 (MeCP2 down / H2A up)"
"Atp5mc3",-0.084226642,0.719975185,0,1,FALSE,0.216023296,0.024780009,1,1,TRUE,"Not significant","Q2 (MeCP2 down / H2A up)"
"Atp8a1",-0.468404002818173,0.044111759,1,3,TRUE,0.193690976486381,2.24e-07,3,6,TRUE,"Significant","Q2 (MeCP2 down / H2A up)"
"Atp8a2",0.0515832717281854,0.79670531,0,2,FALSE,0.263639638210604,1.57e-05,1,5,TRUE,"Not significant","Q1 (MeCP2 up / H2A up)"
"Atp8b4",0.041194844,0.875814831,0,1,FALSE,0.203835897317967,0.079470225,0,2,FALSE,"Not significant","Q1 (MeCP2 up / H2A up)"
"Atp9b",-0.042677456,0.869717449,0,1,FALSE,-0.464565317,0.001981505,1,1,TRUE,"Not significant","Q3 (MeCP2 down / H2A down)"
"Atxn7l1",-0.936441408742726,5.92e-06,3,16,TRUE,-0.140873504028736,0.002122077,2,19,TRUE,"Significant","Q3 (MeCP2 down / H2A down)"
"Auh",-0.002581315,0.99485968,0,1,FALSE,0.106907255177826,0.409356783,0,2,FALSE,"Not significant","Q2 (MeCP2 down / H2A up)"
"Auts2",-1.1626839449972,9.51e-09,14,61,TRUE,-0.462994910025143,1.44e-06,11,18,TRUE,"Significant","Q3 (MeCP2 down / H2A down)"
"Axin2",-0.063511331,0.784602402,0,1,FALSE,-0.369988641,0.003736591,1,1,TRUE,"Not significant","Q3 (MeCP2 down / H2A down)"
"Azi2",-0.275902856202144,0.109555324,0,6,FALSE,0.546857993861936,1.54e-05,4,5,TRUE,"Not significant","Q2 (MeCP2 down / H2A up)"
"B130024G19Rik",0.760008536934238,3.01e-05,1,7,TRUE,-0.195982668386027,0.000880559,1,7,TRUE,"Significant","Q4 (MeCP2 up / H2A down)"
"B230208H11Rik",-0.097655018,0.649091004,0,1,FALSE,0.085998899,0.516711725,0,1,FALSE,"Not significant","Q2 (MeCP2 down / H2A up)"
"B230214G05Rik",-0.319281646791002,0.084111672,0,10,FALSE,-0.305155894455984,8.99e-05,3,10,TRUE,"Not significant","Q3 (MeCP2 down / H2A down)"
"B230216N24Rik",0.61613254,0.033214095,1,1,TRUE,1.206127825,2.02e-08,1,1,TRUE,"Significant","Q1 (MeCP2 up / H2A up)"
"B230323A14Rik",0.0758183,0.734696975,0,1,FALSE,-1.090695103,3.94e-12,1,1,TRUE,"Not significant","Q4 (MeCP2 up / H2A down)"
"B3galt1",-0.025472239354663,0.691736008,0,3,FALSE,0.952599286337896,5.34e-18,6,7,TRUE,"Not significant","Q2 (MeCP2 down / H2A up)"
"B3galt5",-0.700598802349713,0.011738458,1,3,TRUE,-0.182376498331903,0.25631829,0,2,FALSE,"Not significant","Q3 (MeCP2 down / H2A down)"
"B3gat1",0.704615380898102,0.001955495,1,3,TRUE,0.205890819572343,0.021878478,1,4,TRUE,"Significant","Q1 (MeCP2 up / H2A up)"
"B3gnt2",-0.384125225454715,0.0311724,2,11,TRUE,-0.293811359324105,0.000438924,7,16,TRUE,"Significant","Q3 (MeCP2 down / H2A down)"
"B3gnt4",0.021573069,0.943688002,0,1,FALSE,0.176982866,0.163737441,0,1,FALSE,"Not significant","Q1 (MeCP2 up / H2A up)"
"B3gnt6",-0.034818957,0.901985438,0,1,FALSE,-0.173270378,0.22478873,0,1,FALSE,"Not significant","Q3 (MeCP2 down / H2A down)"
"B430212C06Rik",0.0660986594563029,0.772592067,0,2,FALSE,0.065446894,0.673135138,0,1,FALSE,"Not significant","Q1 (MeCP2 up / H2A up)"
"B430319G15Rik",-0.007052601,0.985388714,0,1,FALSE,-0.148720853,0.364356492,0,1,FALSE,"Not significant","Q3 (MeCP2 down / H2A down)"
"B930018H19Rik",-0.0125020599339189,0.318503402,0,2,FALSE,0.567671736731584,5.74e-07,2,4,TRUE,"Not significant","Q2 (MeCP2 down / H2A up)"
"B930025P03Rik",0.296747909954286,0.108390286,0,3,FALSE,0.668392202631215,1.01e-16,3,4,TRUE,"Not significant","Q1 (MeCP2 up / H2A up)"
"B930092H01Rik",0.202171971342364,0.050017523,0,8,FALSE,-0.21570577170037,0.044732237,1,4,TRUE,"Not significant","Q4 (MeCP2 up / H2A down)"
"BC034090",-0.122822025884853,0.483049087,0,4,FALSE,0.177019695,0.025936527,1,1,TRUE,"Not significant","Q2 (MeCP2 down / H2A up)"
"BC046251",-0.140795165271673,0.427144118,0,2,FALSE,-0.156596113,0.160560235,0,1,FALSE,"Not significant","Q3 (MeCP2 down / H2A down)"
"Babam2",0.0301340670704965,0.884718909,0,2,FALSE,0.59054614911391,1.86e-06,3,3,TRUE,"Not significant","Q1 (MeCP2 up / H2A up)"
"Bace2",0.200685969893977,0.300658772,0,2,FALSE,0.459779048,4.95e-05,1,1,TRUE,"Not significant","Q1 (MeCP2 up / H2A up)"
"Bach1",-0.0721258222199265,0.714075452,0,3,FALSE,0.325432948550983,0.010849381,2,4,TRUE,"Not significant","Q2 (MeCP2 down / H2A up)"
"Bach2",1.18997725578094,1.98e-09,5,30,TRUE,0.83050414495747,9.43e-41,20,24,TRUE,"Significant","Q1 (MeCP2 up / H2A up)"
"Bach2os",-0.207019507,0.308311956,0,1,FALSE,0.513400519676365,2.94e-09,1,2,TRUE,"Not significant","Q2 (MeCP2 down / H2A up)"
"Bahcc1",-0.538253150874973,0.006798971,2,8,TRUE,-0.475354711423766,2.2e-06,7,7,TRUE,"Significant","Q3 (MeCP2 down / H2A down)"
"Baiap2",0.01736736,0.957087356,0,1,FALSE,-0.666940305187172,3.18e-08,6,7,TRUE,"Not significant","Q4 (MeCP2 up / H2A down)"
"Bank1",2.22926443539522,3.21e-19,2,2,TRUE,1.20241615908921,2.26e-30,9,10,TRUE,"Significant","Q1 (MeCP2 up / H2A up)"
"Banp",-0.0953339892288124,0.489692479,0,9,FALSE,-0.494775233599398,6.51e-07,5,14,TRUE,"Not significant","Q3 (MeCP2 down / H2A down)"
"Barhl1",-0.00374417027293494,0.90215075,0,3,FALSE,-0.133947980119887,0.348091012,0,2,FALSE,"Not significant","Q3 (MeCP2 down / H2A down)"
"Barhl2",1.42091921,6.78e-08,1,1,TRUE,0.624877350390243,6.33e-11,3,3,TRUE,"Significant","Q1 (MeCP2 up / H2A up)"
"Barx2",-0.0285913368472333,0.891158892,0,3,FALSE,-0.507986386364033,1.4e-05,5,8,TRUE,"Not significant","Q3 (MeCP2 down / H2A down)"
"Basp1",1.70699131710226,3.84e-12,5,14,TRUE,0.875884200488011,1.87e-27,17,18,TRUE,"Significant","Q1 (MeCP2 up / H2A up)"
"Batf",-0.0570807816571914,0.800058279,0,2,FALSE,-0.026999532,0.846999931,0,1,FALSE,"Not significant","Q3 (MeCP2 down / H2A down)"
"Bbs9",0.826580299307118,3.08e-05,2,9,TRUE,0.400280833585265,4.49e-05,3,4,TRUE,"Significant","Q1 (MeCP2 up / H2A up)"
"Bbx",-0.119636855107299,0.510515239,0,2,FALSE,0.532448976612753,2.99e-10,4,5,TRUE,"Not significant","Q2 (MeCP2 down / H2A up)"
"Bcar3",-0.0531040809042457,0.401296429,0,10,FALSE,0.613023088546468,1.01e-10,7,15,TRUE,"Not significant","Q2 (MeCP2 down / H2A up)"
"Bcas3",-0.0212175444233087,0.931374228,0,4,FALSE,-0.566384777648232,0.000420894,1,2,TRUE,"Not significant","Q3 (MeCP2 down / H2A down)"
"Bcat1",-0.134906577503409,0.365728927,0,6,FALSE,-0.0521734688735514,0.176651921,0,5,FALSE,"Not significant","Q3 (MeCP2 down / H2A down)"
"Bcl11a",0.939946753395664,3.01e-06,1,8,TRUE,0.397054894565395,4.88e-05,3,7,TRUE,"Significant","Q1 (MeCP2 up / H2A up)"
"Bcl11b",0.00934023865579905,0.423785921,0,10,FALSE,-0.298175832501523,0.000125035,3,11,TRUE,"Not significant","Q4 (MeCP2 up / H2A down)"
"Bcl2",0.549505171,0.033221505,1,1,TRUE,0.593162085285725,3.34e-09,2,2,TRUE,"Significant","Q1 (MeCP2 up / H2A up)"
"Bcl2l11",-0.329183468521283,0.018638901,1,15,TRUE,-0.460720289623131,7.22e-06,4,16,TRUE,"Significant","Q3 (MeCP2 down / H2A down)"
"Bcl6",0.04055447,0.878330233,0,1,FALSE,0.402727826,1.85e-05,1,1,TRUE,"Not significant","Q1 (MeCP2 up / H2A up)"
"Bcl9l",-0.028399994,0.92086606,0,1,FALSE,-0.184266782180397,0.015044814,1,3,TRUE,"Not significant","Q3 (MeCP2 down / H2A down)"
"Bcor",-0.261072129436077,0.131423354,0,9,FALSE,-0.197867674200978,0.149765425,0,5,FALSE,"Not significant","Q3 (MeCP2 down / H2A down)"
"Bcr",-0.137638013916583,0.29517466,0,8,FALSE,0.065243640579433,0.002077305,3,9,TRUE,"Not significant","Q2 (MeCP2 down / H2A up)"
"Bdh1",1.79731665461501,2.72e-10,1,2,TRUE,0.880847932,7.22e-13,1,1,TRUE,"Significant","Q1 (MeCP2 up / H2A up)"
"Bdh2",-0.160045572,0.441337031,0,1,FALSE,-0.267072901,0.099888633,0,1,FALSE,"Not significant","Q3 (MeCP2 down / H2A down)"
"Bdkrb1",-0.117709773065022,0.575973994,0,2,FALSE,-0.506137373714644,0.000128017,1,3,TRUE,"Not significant","Q3 (MeCP2 down / H2A down)"
"Bdnf",1.575579997,1.98e-05,1,1,TRUE,0.540098102674136,1.04e-06,3,3,TRUE,"Significant","Q1 (MeCP2 up / H2A up)"
"Becn2",0.294115609995097,0.190362257,0,2,FALSE,0.592394410448016,4.13e-05,1,2,TRUE,"Not significant","Q1 (MeCP2 up / H2A up)"
"Bend7",0.012346795,0.970911268,0,1,FALSE,0.778281267,1.67e-06,1,1,TRUE,"Not significant","Q1 (MeCP2 up / H2A up)"
"Bex6",0.505610104,0.057520796,0,1,FALSE,0.854656929,1.87e-07,1,1,TRUE,"Not significant","Q1 (MeCP2 up / H2A up)"
"Bglap",-0.089932891,0.678749043,0,1,FALSE,0.234494675,0.066135274,0,1,FALSE,"Not significant","Q2 (MeCP2 down / H2A up)"
"Bicc1",0.000988568,0.997905284,0,1,FALSE,0.416862173460563,0.001090681,1,2,TRUE,"Not significant","Q1 (MeCP2 up / H2A up)"
"Bicd2",-0.07325982,0.758820929,0,1,FALSE,-0.436854690042013,0.001393904,1,2,TRUE,"Not significant","Q3 (MeCP2 down / H2A down)"
"Bin1",0.017574013,0.955774564,0,1,FALSE,0.046397501,0.725801042,0,1,FALSE,"Not significant","Q1 (MeCP2 up / H2A up)"
"Bin2",-0.021813457,0.943090341,0,1,FALSE,0.164373762,0.328305312,0,1,FALSE,"Not significant","Q2 (MeCP2 down / H2A up)"
"Blk",0.0649494483076236,0.732662283,0,3,FALSE,-0.0737383708631209,0.125013614,0,2,FALSE,"Not significant","Q4 (MeCP2 up / H2A down)"
"Bmal1",0.114669179112727,0.234328745,0,3,FALSE,-0.231188393152577,0.016905164,1,5,TRUE,"Not significant","Q4 (MeCP2 up / H2A down)"
"Bmp5",0.653937991,0.018527645,1,1,TRUE,1.100999103,6.92e-08,1,1,TRUE,"Significant","Q1 (MeCP2 up / H2A up)"
"Bmp6",-0.096679447,0.643962248,0,1,FALSE,-0.101646437,0.468667242,0,1,FALSE,"Not significant","Q3 (MeCP2 down / H2A down)"
"Bmp7",-0.144343449381964,0.442798499,0,4,FALSE,-0.41008976730436,0.015429162,1,2,TRUE,"Not significant","Q3 (MeCP2 down / H2A down)"
"Bmper",1.00730803145708,6.97e-06,5,12,TRUE,0.340653504891859,6.41e-05,3,6,TRUE,"Significant","Q1 (MeCP2 up / H2A up)"
"Bmpr1b",-0.00723505,0.985177342,0,1,FALSE,0.436862115040355,0.000153295,1,3,TRUE,"Not significant","Q2 (MeCP2 down / H2A up)"
"Bnc2",-0.284476826162007,0.168810705,0,2,FALSE,-0.280074730076877,0.008764381,1,3,TRUE,"Not significant","Q3 (MeCP2 down / H2A down)"
"Bola3",0.0393427016961112,0.76262781,0,2,FALSE,-0.068565044,0.691634267,0,1,FALSE,"Not significant","Q4 (MeCP2 up / H2A down)"
"Bpi",-0.46299679886904,0.040070821,1,3,TRUE,-0.079653762,0.668828513,0,1,FALSE,"Not significant","Q3 (MeCP2 down / H2A down)"
"Bpifb5",-0.150134278,0.465290347,0,1,FALSE,-0.134899340704482,0.030756534,2,3,TRUE,"Not significant","Q3 (MeCP2 down / H2A down)"
"Bpifb6",-0.019871797,0.949455155,0,1,FALSE,0.386545657,0.000635922,1,1,TRUE,"Not significant","Q2 (MeCP2 down / H2A up)"
"Brcc3dc",1.69683496689589,1.06e-10,3,6,TRUE,1.44984363653553,3.15e-52,7,7,TRUE,"Significant","Q1 (MeCP2 up / H2A up)"
"Brinp2",0.718041242083137,0.000375073,3,16,TRUE,0.504672776737841,6.88e-08,9,16,TRUE,"Significant","Q1 (MeCP2 up / H2A up)"
"Brinp3",2.10882368565951,3.36e-11,5,5,TRUE,1.16300710071559,7.05e-17,5,6,TRUE,"Significant","Q1 (MeCP2 up / H2A up)"
"Brpf3",-0.014925616,0.963995933,0,1,FALSE,-0.718655198,7.43e-07,1,1,TRUE,"Not significant","Q3 (MeCP2 down / H2A down)"
"Brsk2",0.031445655,0.910323512,0,1,FALSE,-0.366661605014262,0.00411937,2,3,TRUE,"Not significant","Q4 (MeCP2 up / H2A down)"
"Bsn",-0.186746419878449,0.35686625,0,2,FALSE,-0.55745818,0.008509401,1,1,TRUE,"Not significant","Q3 (MeCP2 down / H2A down)"
"Btaf1",-0.060568329,0.796052895,0,1,FALSE,-0.849771396,4.63e-08,1,1,TRUE,"Not significant","Q3 (MeCP2 down / H2A down)"
"Btbd3",2.08806151894788,2.64e-18,9,17,TRUE,0.731404474589928,5.15e-21,21,24,TRUE,"Significant","Q1 (MeCP2 up / H2A up)"
"Btbd9",-0.681209300397235,0.000856913,2,12,TRUE,-0.413693119685643,3.33e-05,2,3,TRUE,"Significant","Q3 (MeCP2 down / H2A down)"
"Btc",-0.0389982184129439,0.860516818,0,2,FALSE,0.3880454928665,0.00215131,2,2,TRUE,"Not significant","Q2 (MeCP2 down / H2A up)"
"Btg1",1.56851292152722,2.87e-07,1,3,TRUE,0.643553702320498,6.22e-08,5,5,TRUE,"Significant","Q1 (MeCP2 up / H2A up)"
"Btg3",0.160340949022361,0.312564645,0,2,FALSE,0.627308545002548,1.22e-09,3,7,TRUE,"Not significant","Q1 (MeCP2 up / H2A up)"
"Btg4",-0.139628742833345,0.42128972,0,2,FALSE,-0.423525176462238,0.001406665,1,3,TRUE,"Not significant","Q3 (MeCP2 down / H2A down)"
"Btrc",-0.1602202881727,0.288152854,0,3,FALSE,0.342227930272603,0.011315493,2,5,TRUE,"Not significant","Q2 (MeCP2 down / H2A up)"
"C030005K06Rik",-0.061796601,0.796654534,0,1,FALSE,0.012541568,0.935071728,0,1,FALSE,"Not significant","Q2 (MeCP2 down / H2A up)"
"C030007H22Rik",0.640305773659962,0.016854386,1,3,TRUE,-0.148856804428825,0.218782869,0,2,FALSE,"Not significant","Q4 (MeCP2 up / H2A down)"
"C030013C21Rik",0.446826055,0.047506007,1,1,TRUE,0.348194765,0.009754757,1,1,TRUE,"Significant","Q1 (MeCP2 up / H2A up)"
"C130021I20Rik",-0.827483358372713,0.00183565,2,2,TRUE,0.085486267,0.545645079,0,1,FALSE,"Not significant","Q2 (MeCP2 down / H2A up)"
"C130050O18Rik",-0.152634663,0.455943935,0,1,FALSE,-0.329684372276285,0.023831808,1,2,TRUE,"Not significant","Q3 (MeCP2 down / H2A down)"
"C130074G19Rik",-0.916404441667794,0.000274585,4,6,TRUE,0.625741918621139,4.91e-08,2,3,TRUE,"Significant","Q2 (MeCP2 down / H2A up)"
"C1qtnf1",-0.037180578,0.893007818,0,1,FALSE,-0.250356984460036,0.012880698,1,2,TRUE,"Not significant","Q3 (MeCP2 down / H2A down)"
"C230014O12Rik",0.575839774977793,0.037051923,1,4,TRUE,-0.0424419745896955,0.257896675,0,3,FALSE,"Not significant","Q4 (MeCP2 up / H2A down)"
"C230024C17Rik",0.001217055,0.997423104,0,1,FALSE,0.007750315,0.969431024,0,1,FALSE,"Not significant","Q1 (MeCP2 up / H2A up)"
"C230029F24Rik",2.399936205,2.99e-14,1,1,TRUE,1.350246161,4.55e-36,1,1,TRUE,"Significant","Q1 (MeCP2 up / H2A up)"
"C330004P14Rik",1.752399351,3.63e-10,1,1,TRUE,1.1758442829405,6.3e-13,2,2,TRUE,"Significant","Q1 (MeCP2 up / H2A up)"
"C530044C16Rik",-0.136073485645954,0.388045512,0,3,FALSE,0.159084988940404,0.024880837,1,4,TRUE,"Not significant","Q2 (MeCP2 down / H2A up)"
"C6",1.81510091229818,1.28e-12,3,3,TRUE,0.797023314306569,8.54e-21,2,2,TRUE,"Significant","Q1 (MeCP2 up / H2A up)"
"C630031E19Rik",1.54381587370454,6.35e-13,3,11,TRUE,0.294461052052085,2.08e-16,6,14,TRUE,"Significant","Q1 (MeCP2 up / H2A up)"
"C8b",-0.03338427,0.903204575,0,1,FALSE,0.187571622,0.134120804,0,1,FALSE,"Not significant","Q2 (MeCP2 down / H2A up)"
"CK137956",-0.255992091272123,0.161077766,0,7,FALSE,-0.335740174028595,0.002496045,2,5,TRUE,"Not significant","Q3 (MeCP2 down / H2A down)"
"Cabin1",-0.0947043778055708,0.541586511,0,4,FALSE,0.453237441994087,9.14e-10,4,5,TRUE,"Not significant","Q2 (MeCP2 down / H2A up)"
"Cables1",-0.175489150226154,0.284906125,0,6,FALSE,0.754856970344104,1.23e-06,1,3,TRUE,"Not significant","Q2 (MeCP2 down / H2A up)"
"Cabp7",-0.414390474,0.078904273,0,1,FALSE,-0.358855351,8.86e-05,1,1,TRUE,"Not significant","Q3 (MeCP2 down / H2A down)"
"Cacna1a",-0.142499341444941,0.430072031,0,4,FALSE,-0.0471199700579649,0.243208944,0,3,FALSE,"Not significant","Q3 (MeCP2 down / H2A down)"
"Cacna1b",-0.189476098,0.366568068,0,1,FALSE,-0.407459056748413,0.003548726,2,2,TRUE,"Not significant","Q3 (MeCP2 down / H2A down)"
"Cacna1c",-0.647437993686039,0.001051979,1,13,TRUE,-0.476041523468184,6.08e-07,14,30,TRUE,"Significant","Q3 (MeCP2 down / H2A down)"
"Cacna1d",0.0997606361003003,0.020361706,1,13,TRUE,0.336209550866182,1.46e-11,7,14,TRUE,"Significant","Q1 (MeCP2 up / H2A up)"
"Cacna1e",-0.922402411111916,0.00074871,2,5,TRUE,-0.381617780976347,1.73e-05,7,15,TRUE,"Significant","Q3 (MeCP2 down / H2A down)"
"Cacna1g",-0.189482288592955,0.30069512,0,3,FALSE,-0.619144308803421,3.4e-06,2,3,TRUE,"Not significant","Q3 (MeCP2 down / H2A down)"
"Cacna1h",-0.033083541238245,0.903204575,0,2,FALSE,-0.710635541152401,8.91e-12,2,2,TRUE,"Not significant","Q3 (MeCP2 down / H2A down)"
"Cacna1i",-0.0900576048705608,0.608549399,0,6,FALSE,-0.491689331048108,3.73e-06,10,13,TRUE,"Not significant","Q3 (MeCP2 down / H2A down)"
"Cacna1s",-0.0858690514098727,0.637749755,0,2,FALSE,0.382005745190824,7.06e-07,2,4,TRUE,"Not significant","Q2 (MeCP2 down / H2A up)"
"Cacna2d2",-1.13453919263842,1.43e-05,5,9,TRUE,-0.483840056541578,1.87e-06,9,10,TRUE,"Significant","Q3 (MeCP2 down / H2A down)"
"Cacna2d3",0.0335481418826069,2.37e-05,9,51,TRUE,0.445105938002645,1.24e-10,19,47,TRUE,"Significant","Q1 (MeCP2 up / H2A up)"
"Cacna2d4",-0.363661792603052,0.05597442,0,5,FALSE,0.156109065026003,0.032503881,1,3,TRUE,"Not significant","Q2 (MeCP2 down / H2A up)"
"Cacng1",-0.323134514,0.101137977,0,1,FALSE,-0.131438294317474,0.210395084,0,2,FALSE,"Not significant","Q3 (MeCP2 down / H2A down)"
"Cacng4",-0.120599016,0.564792161,0,1,FALSE,-0.238429477981571,0.07316882,0,3,FALSE,"Not significant","Q3 (MeCP2 down / H2A down)"
"Cacul1",0.042591167,0.874094396,0,1,FALSE,-0.00863707781604693,0.707156259,0,2,FALSE,"Not significant","Q4 (MeCP2 up / H2A down)"
"Cadm1",1.24183065766268,1.71e-07,5,30,TRUE,0.358241482692569,8.14e-11,5,19,TRUE,"Significant","Q1 (MeCP2 up / H2A up)"
"Cadm2",2.47016795797035,4.11e-26,6,8,TRUE,1.38562294352945,5.19e-53,18,19,TRUE,"Significant","Q1 (MeCP2 up / H2A up)"
"Cadm3",2.042000372,3.02e-12,1,1,TRUE,1.06371930857433,1.42e-23,4,4,TRUE,"Significant","Q1 (MeCP2 up / H2A up)"
"Cadps",-1.11984493243202,2.47e-05,6,20,TRUE,0.0353011439082369,0.000196027,3,15,TRUE,"Significant","Q2 (MeCP2 down / H2A up)"
"Calb2",1.73968944042447,6.17e-13,1,3,TRUE,0.34606218,0.000980716,1,1,TRUE,"Significant","Q1 (MeCP2 up / H2A up)"
"Cald1",0.145792019,0.50785214,0,1,FALSE,-0.124288691326831,0.058214281,0,7,FALSE,"Not significant","Q4 (MeCP2 up / H2A down)"
"Calm2",0.103695636787427,0.416262112,0,2,FALSE,0.457049761302069,0.000475296,2,4,TRUE,"Not significant","Q1 (MeCP2 up / H2A up)"
"Camk1d",-0.331071095513347,0.106775231,0,5,FALSE,0.216464436868933,0.020819276,2,7,TRUE,"Not significant","Q2 (MeCP2 down / H2A up)"
"Camk1g",0.154446673840886,0.260786663,0,4,FALSE,0.442484881622338,3.11e-10,4,5,TRUE,"Not significant","Q1 (MeCP2 up / H2A up)"
"Camk2a",-0.180279349,0.372431272,0,1,FALSE,0.0973952244288854,0.438125891,0,2,FALSE,"Not significant","Q2 (MeCP2 down / H2A up)"
"Camk2b",-0.0336444659668973,0.824893823,0,5,FALSE,-0.519352712819458,9.61e-06,5,9,TRUE,"Not significant","Q3 (MeCP2 down / H2A down)"
"Camk2g",-0.0325953514215608,0.893036763,0,2,FALSE,-0.0447113771087996,0.001105388,3,4,TRUE,"Not significant","Q3 (MeCP2 down / H2A down)"
"Camkmt",0.602565335241714,0.002821736,1,4,TRUE,0.348808636273623,0.003249217,1,3,TRUE,"Significant","Q1 (MeCP2 up / H2A up)"
"Camta1",-0.674854655927483,5.8e-05,5,52,TRUE,-0.354792080692075,1.86e-05,14,48,TRUE,"Significant","Q3 (MeCP2 down / H2A down)"
"Cap2",0.263119884753147,0.204702304,0,2,FALSE,0.509153453406182,0.00010392,2,2,TRUE,"Not significant","Q1 (MeCP2 up / H2A up)"
"Capg",-0.020919106,0.946647275,0,1,FALSE,0.544496983,5.46e-05,1,1,TRUE,"Not significant","Q2 (MeCP2 down / H2A up)"
"Capn13",0.424883725,0.090059673,0,1,FALSE,-0.399745052355372,0.004611309,1,3,TRUE,"Not significant","Q4 (MeCP2 up / H2A down)"
"Capn15",-0.006587302,0.9864873,0,1,FALSE,-0.215323758,0.038737363,1,1,TRUE,"Not significant","Q3 (MeCP2 down / H2A down)"
"Capn2",0.00749301640250604,0.957128663,0,2,FALSE,-0.099838775,0.455352661,0,1,FALSE,"Not significant","Q4 (MeCP2 up / H2A down)"
"Capn7",-0.075035237,0.742258191,0,1,FALSE,0.062171522,0.61500122,0,1,FALSE,"Not significant","Q2 (MeCP2 down / H2A up)"
"Capn8",0.269796335063449,0.145086808,0,3,FALSE,0.268928203291509,0.00021596,1,3,TRUE,"Not significant","Q1 (MeCP2 up / H2A up)"
"Capn9",-0.0836820137137669,0.693548794,0,2,FALSE,0.467699205046998,0.0015217,1,3,TRUE,"Not significant","Q2 (MeCP2 down / H2A up)"
"Capsl",2.07078700398235,4.98e-13,2,2,TRUE,1.35288044236878,2.29e-20,3,3,TRUE,"Significant","Q1 (MeCP2 up / H2A up)"
"Car10",-0.037106148,0.890902037,0,1,FALSE,0.038359795,0.815187084,0,1,FALSE,"Not significant","Q2 (MeCP2 down / H2A up)"
"Card10",-0.009492564,0.978948733,0,1,FALSE,-0.218650132,0.185853952,0,1,FALSE,"Not significant","Q3 (MeCP2 down / H2A down)"
"Card11",-0.985318897,0.004737342,1,1,TRUE,-0.550226068,0.000238222,1,1,TRUE,"Significant","Q3 (MeCP2 down / H2A down)"
"Carmil1",-0.264625832222797,0.17051278,0,2,FALSE,0.896791451487837,1.07e-14,4,4,TRUE,"Not significant","Q2 (MeCP2 down / H2A up)"
"Casq2",-0.138408331016962,0.476659242,0,2,FALSE,-0.0692701527057004,0.000117752,2,3,TRUE,"Not significant","Q3 (MeCP2 down / H2A down)"
"Casz1",-0.388655185588787,0.02078171,1,16,TRUE,-0.576129559257451,2.06e-11,16,17,TRUE,"Significant","Q3 (MeCP2 down / H2A down)"
"Cav3",-0.055031998,0.819844933,0,1,FALSE,-0.19050807,0.157800136,0,1,FALSE,"Not significant","Q3 (MeCP2 down / H2A down)"
"Cavin2",1.83827541753497,9.32e-15,6,9,TRUE,1.07337458836524,2.65e-46,7,9,TRUE,"Significant","Q1 (MeCP2 up / H2A up)"
"Cbfa2t3",-0.107971557879659,0.572707653,0,4,FALSE,-0.401881377209874,4.03e-05,5,8,TRUE,"Not significant","Q3 (MeCP2 down / H2A down)"
"Cblb",0.230153236949589,0.129490025,0,5,FALSE,0.629885173919375,1.25e-10,3,8,TRUE,"Not significant","Q1 (MeCP2 up / H2A up)"
"Cbln3",0.00617384252898384,0.883187963,0,2,FALSE,0.29508851,0.00707347,1,1,TRUE,"Not significant","Q1 (MeCP2 up / H2A up)"
"Cbx4",-0.0486029673780229,0.836734594,0,2,FALSE,-0.66559295,0.000186246,1,1,TRUE,"Not significant","Q3 (MeCP2 down / H2A down)"
"Cbx6",-0.074507609,0.752049031,0,1,FALSE,-0.18808231,0.30767809,0,1,FALSE,"Not significant","Q3 (MeCP2 down / H2A down)"
"Cbx7",-0.0290335465393153,0.906473079,0,2,FALSE,0.45330591,0.001342896,1,1,TRUE,"Not significant","Q2 (MeCP2 down / H2A up)"
"Cby2",-0.185452573476214,0.237561643,0,4,FALSE,0.24179344,0.025147121,1,1,TRUE,"Not significant","Q2 (MeCP2 down / H2A up)"
"Ccdc102a",-0.129874938476335,0.529681566,0,2,FALSE,-0.237892651,0.123598211,0,1,FALSE,"Not significant","Q3 (MeCP2 down / H2A down)"
"Ccdc112",-0.056193362,0.824234128,0,1,FALSE,0.674833609,1.58e-09,1,1,TRUE,"Not significant","Q2 (MeCP2 down / H2A up)"
"Ccdc121rt1",-0.699009414703897,0.005305082,1,2,TRUE,0.0524746176813908,0.168034282,0,4,FALSE,"Not significant","Q2 (MeCP2 down / H2A up)"
"Ccdc13",-0.100058342720744,0.634727842,0,2,FALSE,0.0934157204559501,0.385590222,0,2,FALSE,"Not significant","Q2 (MeCP2 down / H2A up)"
"Ccdc141",-0.15457743283875,0.138200179,0,7,FALSE,0.157580908966931,0.007064314,1,5,TRUE,"Not significant","Q2 (MeCP2 down / H2A up)"
"Ccdc162",1.0115270144507,2.09e-05,1,2,TRUE,0.735386824937054,6.65e-13,4,6,TRUE,"Significant","Q1 (MeCP2 up / H2A up)"
"Ccdc169",-0.0340036508370202,0.899717984,0,2,FALSE,0.252903229686836,0.072835691,0,2,FALSE,"Not significant","Q2 (MeCP2 down / H2A up)"
"Ccdc187",-0.0228384336250523,0.932930957,0,2,FALSE,-0.509360029781981,0.004826942,1,2,TRUE,"Not significant","Q3 (MeCP2 down / H2A down)"
"Ccdc192",1.55866354093896,9.44e-07,1,2,TRUE,0.608508495042203,7.29e-07,3,3,TRUE,"Significant","Q1 (MeCP2 up / H2A up)"
"Ccdc194",-0.056229311,0.819420977,0,1,FALSE,0.060037059,0.715117269,0,1,FALSE,"Not significant","Q2 (MeCP2 down / H2A up)"
"Ccdc3",-0.142932504568566,0.484158444,0,3,FALSE,0.338159050358819,0.001813732,2,3,TRUE,"Not significant","Q2 (MeCP2 down / H2A up)"
"Ccdc33",-0.5254906723302,0.018392674,1,7,TRUE,-0.370856804466062,5.25e-05,4,7,TRUE,"Significant","Q3 (MeCP2 down / H2A down)"
"Ccdc60",-0.200049094914912,0.23162672,0,2,FALSE,-0.132089159,0.421975093,0,1,FALSE,"Not significant","Q3 (MeCP2 down / H2A down)"
"Ccdc85c",0.0831048125481586,0.651513603,0,2,FALSE,-0.302974280867441,0.000377058,1,5,TRUE,"Not significant","Q4 (MeCP2 up / H2A down)"
"Ccdc88a",-0.112309914581787,0.587602639,0,3,FALSE,-0.332374570534867,0.023124748,1,2,TRUE,"Not significant","Q3 (MeCP2 down / H2A down)"
"Ccdc88c",-0.388722908669676,0.038406074,1,4,TRUE,-0.0185609311023317,0.260337301,0,7,FALSE,"Not significant","Q3 (MeCP2 down / H2A down)"
"Ccdc92",-0.143399938,0.493995821,0,1,FALSE,-0.322472514479106,0.000502876,2,2,TRUE,"Not significant","Q3 (MeCP2 down / H2A down)"
"Ccer1",2.53018076914047,1.71e-15,2,2,TRUE,1.02986162472521,3.75e-21,2,2,TRUE,"Significant","Q1 (MeCP2 up / H2A up)"
"Ccl1",-0.094910275,0.661373889,0,1,FALSE,0.079191041,0.58115414,0,1,FALSE,"Not significant","Q2 (MeCP2 down / H2A up)"
"Ccm2l",0.01171878,0.972288428,0,1,FALSE,-0.047245976,0.762750765,0,1,FALSE,"Not significant","Q4 (MeCP2 up / H2A down)"
"Ccn1",0.112000778,0.598851622,0,1,FALSE,0.780217244545333,3.17e-08,3,3,TRUE,"Not significant","Q1 (MeCP2 up / H2A up)"
"Ccn4",-0.39710665,0.094652983,0,1,FALSE,-0.385899380535694,0.001053545,3,3,TRUE,"Not significant","Q3 (MeCP2 down / H2A down)"
"Ccnd2",-0.170100117,0.446759899,0,1,FALSE,-0.120992401366565,0.275683938,0,3,FALSE,"Not significant","Q3 (MeCP2 down / H2A down)"
"Ccne1",-0.022451785,0.941758055,0,1,FALSE,0.335443482,0.018053023,1,1,TRUE,"Not significant","Q2 (MeCP2 down / H2A up)"
"Ccnk",-0.0268731534775944,0.625670049,0,4,FALSE,-0.161796969791307,0.002630946,2,4,TRUE,"Not significant","Q3 (MeCP2 down / H2A down)"
"Ccnl1",0.629046653501154,0.005506696,2,4,TRUE,0.737351356973491,4.92e-28,2,6,TRUE,"Significant","Q1 (MeCP2 up / H2A up)"
"Ccr4",-0.0590722513018041,0.796372489,0,2,FALSE,-0.401567315,0.012116729,1,1,TRUE,"Not significant","Q3 (MeCP2 down / H2A down)"
"Ccr7",-0.003839973,0.992156641,0,1,FALSE,-0.645836715,0.00031517,1,1,TRUE,"Not significant","Q3 (MeCP2 down / H2A down)"
"Ccser1",1.70054105832251,3.11e-10,7,10,TRUE,0.788392127275397,2.3e-20,12,14,TRUE,"Significant","Q1 (MeCP2 up / H2A up)"
"Cd200r3",1.594688519,5.11e-07,1,1,TRUE,1.056651154,1.53e-24,1,1,TRUE,"Significant","Q1 (MeCP2 up / H2A up)"
"Cd247",-0.609887282,0.024804669,1,1,TRUE,-0.279975921289825,0.000499754,2,9,TRUE,"Significant","Q3 (MeCP2 down / H2A down)"
"Cd47",1.41186771812698,1.22e-08,1,5,TRUE,0.846624739690801,2.8e-16,5,5,TRUE,"Significant","Q1 (MeCP2 up / H2A up)"
"Cd5",-0.029949714,0.915138568,0,1,FALSE,0.485146159,0.000662747,1,1,TRUE,"Not significant","Q2 (MeCP2 down / H2A up)"
"Cd6",-0.000309587,0.999305195,0,1,FALSE,0.384228202,0.000604728,1,1,TRUE,"Not significant","Q2 (MeCP2 down / H2A up)"
"Cd82",-0.153267726150375,0.168984149,0,4,FALSE,0.0611198775888723,0.068073887,0,5,FALSE,"Not significant","Q2 (MeCP2 down / H2A up)"
"Cd83",1.03720790985495,0.000102835,3,4,TRUE,0.36080530307009,0.000263681,2,2,TRUE,"Significant","Q1 (MeCP2 up / H2A up)"
"Cd9",-0.0695663680838884,0.716494644,0,2,FALSE,0.136359605,0.283365732,0,1,FALSE,"Not significant","Q2 (MeCP2 down / H2A up)"
"Cdc42bpa",-0.023711736,0.93658881,0,1,FALSE,-0.343152077,0.031927919,1,1,TRUE,"Not significant","Q3 (MeCP2 down / H2A down)"
"Cdc42bpb",-0.1990677040487,0.234492018,0,4,FALSE,-0.632353707092524,4.03e-05,2,2,TRUE,"Not significant","Q3 (MeCP2 down / H2A down)"
"Cdc42bpg",0.001964629,0.995888014,0,1,FALSE,-0.690406102,4.57e-07,1,1,TRUE,"Not significant","Q4 (MeCP2 up / H2A down)"
"Cdc42ep4",-0.149003110486829,0.375762311,0,3,FALSE,-0.423550168877604,0.005052682,3,3,TRUE,"Not significant","Q3 (MeCP2 down / H2A down)"
"Cdca7",0.994237286627477,0.000135802,1,3,TRUE,0.238008741,0.142186272,0,1,FALSE,"Not significant","Q1 (MeCP2 up / H2A up)"
"Cdh10",0.229291091,0.277179676,0,1,FALSE,0.402895074,0.001392604,1,1,TRUE,"Not significant","Q1 (MeCP2 up / H2A up)"
"Cdh11",0.0116404533642289,0.967449961,0,2,FALSE,-0.0281821660747347,0.020334414,1,2,TRUE,"Not significant","Q4 (MeCP2 up / H2A down)"
"Cdh13",0.631147708117108,8.53e-07,4,61,TRUE,0.168670933977062,2.57e-12,15,44,TRUE,"Significant","Q1 (MeCP2 up / H2A up)"
"Cdh15",-0.1250891263216,0.410561338,0,5,FALSE,-0.370125939972385,0.002941875,1,2,TRUE,"Not significant","Q3 (MeCP2 down / H2A down)"
"Cdh18",2.1620867194307,8.94e-16,3,5,TRUE,1.17463280448549,9.87e-23,9,9,TRUE,"Significant","Q1 (MeCP2 up / H2A up)"
"Cdh2",-0.032115538,0.907114588,0,1,FALSE,0.437754710634899,5.5e-06,2,4,TRUE,"Not significant","Q2 (MeCP2 down / H2A up)"
"Cdh20",1.02300342281375,0.000213755,2,6,TRUE,0.753268886274351,3.5e-11,5,6,TRUE,"Significant","Q1 (MeCP2 up / H2A up)"
"Cdh22",-0.119252057628533,0.499609537,0,3,FALSE,-0.513329259091014,0.000145566,1,3,TRUE,"Not significant","Q3 (MeCP2 down / H2A down)"
"Cdh23",0.0788782548544472,0.002704161,2,18,TRUE,-0.107627596139116,1.07e-05,8,26,TRUE,"Significant","Q4 (MeCP2 up / H2A down)"
"Cdh4",0.0757328902253086,0.001440895,1,53,TRUE,-0.0297234009068481,1.79e-05,16,49,TRUE,"Significant","Q4 (MeCP2 up / H2A down)"
"Cdh8",1.48626261233482,2.64e-08,4,4,TRUE,0.812756752268568,6.22e-15,4,6,TRUE,"Significant","Q1 (MeCP2 up / H2A up)"
"Cdhr2",-0.0240334928414183,0.881615117,0,2,FALSE,0.040410701,0.787171915,0,1,FALSE,"Not significant","Q2 (MeCP2 down / H2A up)"
"Cdk14",-0.0329864241966072,0.113544129,0,6,FALSE,0.672535503292637,8.37e-12,7,8,TRUE,"Not significant","Q2 (MeCP2 down / H2A up)"
"Cdk15",1.39587178460878,1.34e-07,5,8,TRUE,1.01249952855881,1.01e-21,8,8,TRUE,"Significant","Q1 (MeCP2 up / H2A up)"
"Cdk17",0.806085814,0.002860551,1,1,TRUE,0.71841911950328,5.07e-09,4,4,TRUE,"Significant","Q1 (MeCP2 up / H2A up)"
"Cdk19",1.711986802,1.65e-06,1,1,TRUE,1.19257751886208,4.75e-15,2,2,TRUE,"Significant","Q1 (MeCP2 up / H2A up)"
"Cdk20",0.59967125,0.015757811,1,1,TRUE,0.394039388,0.108682332,0,1,FALSE,"Not significant","Q1 (MeCP2 up / H2A up)"
"Cdk3",-0.010720185,0.975445646,0,1,FALSE,-0.332297066,0.00678646,1,1,TRUE,"Not significant","Q3 (MeCP2 down / H2A down)"
"Cdk5r1",-0.072895396,0.747507588,0,1,FALSE,0.006681342,0.968637654,0,1,FALSE,"Not significant","Q2 (MeCP2 down / H2A up)"
"Cdk5rap2",1.29239251526122,6.54e-06,2,5,TRUE,0.651051122317845,2.36e-15,4,10,TRUE,"Significant","Q1 (MeCP2 up / H2A up)"
"Cdk6",0.812432710086749,0.001066318,1,3,TRUE,0.857249808241334,6.55e-22,4,4,TRUE,"Significant","Q1 (MeCP2 up / H2A up)"
"Cdkal1",0.612768255650233,0.000387161,5,14,TRUE,0.374284922072143,1.68e-07,13,19,TRUE,"Significant","Q1 (MeCP2 up / H2A up)"
"Cdkn1c",-0.631153864428702,0.015656264,3,5,TRUE,-0.807731072000497,1.46e-18,6,6,TRUE,"Significant","Q3 (MeCP2 down / H2A down)"
"Cdon",-0.06089486,0.797901786,0,1,FALSE,-0.231539935985939,0.063759385,0,2,FALSE,"Not significant","Q3 (MeCP2 down / H2A down)"
"Cdrt4os1",0.27387464593707,0.15308362,0,3,FALSE,0.258175962026726,0.026176846,2,3,TRUE,"Not significant","Q1 (MeCP2 up / H2A up)"
"Cdyl",1.23657609723194,8.98e-09,2,7,TRUE,0.382983470977377,4.13e-06,3,12,TRUE,"Significant","Q1 (MeCP2 up / H2A up)"
"Cdyl2",-0.003968209,0.991879518,0,1,FALSE,0.251196108,0.038151419,1,1,TRUE,"Not significant","Q2 (MeCP2 down / H2A up)"
"Cebpa",-0.37113198777468,0.094870058,0,2,FALSE,-0.548752539028822,0.00011579,1,2,TRUE,"Not significant","Q3 (MeCP2 down / H2A down)"
"Cebpe",-0.034015402,0.90215075,0,1,FALSE,-0.086686122,0.575757936,0,1,FALSE,"Not significant","Q3 (MeCP2 down / H2A down)"
"Celf2",1.84835991869614,1.23e-14,5,13,TRUE,0.192904872517384,4.15e-05,10,18,TRUE,"Significant","Q1 (MeCP2 up / H2A up)"
"Celf4",-0.245949892485484,0.008136628,1,36,TRUE,0.265542841342618,3.98e-08,21,60,TRUE,"Significant","Q2 (MeCP2 down / H2A up)"
"Celf5",-0.06276956,0.798812558,0,1,FALSE,-0.314024218,0.033655142,1,1,TRUE,"Not significant","Q3 (MeCP2 down / H2A down)"
"Celrr",-0.0938730315587725,0.610195048,0,2,FALSE,-0.307050569438937,0.005395842,1,2,TRUE,"Not significant","Q3 (MeCP2 down / H2A down)"
"Celsr1",0.746593391638973,0.001054932,2,7,TRUE,0.532500106760954,8.6e-08,4,5,TRUE,"Significant","Q1 (MeCP2 up / H2A up)"
"Cemip",0.0991236065223652,0.005881657,1,20,TRUE,-0.210458737793375,1.66e-06,3,9,TRUE,"Significant","Q4 (MeCP2 up / H2A down)"
"Cemip2",1.91872776,7.61e-09,1,1,TRUE,0.922028985,7.72e-11,1,1,TRUE,"Significant","Q1 (MeCP2 up / H2A up)"
"Cenpf",1.02707872356254,2.82e-05,3,6,TRUE,0.436438734176383,3.63e-07,4,5,TRUE,"Significant","Q1 (MeCP2 up / H2A up)"
"Cep120",0.096672522,0.671365554,0,1,FALSE,1.074104523,3.19e-16,1,1,TRUE,"Not significant","Q1 (MeCP2 up / H2A up)"
"Cep128",2.37812174977431,8.94e-22,6,11,TRUE,0.935796595476342,1.06e-14,7,7,TRUE,"Significant","Q1 (MeCP2 up / H2A up)"
"Cep131",-0.108887117,0.62129317,0,1,FALSE,-0.297008878,0.075206158,0,1,FALSE,"Not significant","Q3 (MeCP2 down / H2A down)"
"Cep15",-0.309685249,0.176283351,0,1,FALSE,-0.413478428,0.000345983,1,1,TRUE,"Not significant","Q3 (MeCP2 down / H2A down)"
"Cep164",-0.0835816206202171,0.65748837,0,3,FALSE,-0.460359284467039,0.001445846,1,2,TRUE,"Not significant","Q3 (MeCP2 down / H2A down)"
"Cep250",-0.122516181,0.585491135,0,1,FALSE,-0.133725222192988,0.40178427,0,2,FALSE,"Not significant","Q3 (MeCP2 down / H2A down)"
"Cep295nl",0.025433343,0.930656916,0,1,FALSE,-0.0262330424101479,0.327637811,0,2,FALSE,"Not significant","Q4 (MeCP2 up / H2A down)"
"Cep350",-0.386361285,0.092890753,0,1,FALSE,-0.12700782,0.327229538,0,1,FALSE,"Not significant","Q3 (MeCP2 down / H2A down)"
"Cerk",-0.0475585405422246,0.597786831,0,5,FALSE,0.210365115973031,0.02989959,1,3,TRUE,"Not significant","Q2 (MeCP2 down / H2A up)"
"Cerkl",1.88524580280012,1.6e-14,4,6,TRUE,1.44551786758121,2.76e-42,8,9,TRUE,"Significant","Q1 (MeCP2 up / H2A up)"
"Cers6",-0.108346162,0.622005226,0,1,FALSE,0.256955715178681,0.018605493,1,4,TRUE,"Not significant","Q2 (MeCP2 down / H2A up)"
"Ces2a",-0.001319321,0.997071536,0,1,FALSE,0.766812601144874,4.39e-10,2,2,TRUE,"Not significant","Q2 (MeCP2 down / H2A up)"
"Ces2h",0.0143362800268866,0.943923368,0,2,FALSE,0.243423101,0.063224916,0,1,FALSE,"Not significant","Q1 (MeCP2 up / H2A up)"
"Ces5a",2.53344563045896,3.51e-23,1,2,TRUE,0.794753142386659,8.7e-20,4,4,TRUE,"Significant","Q1 (MeCP2 up / H2A up)"
"Cfap157",0.001949606,0.995888014,0,1,FALSE,-0.605348341,0.00032812,1,1,TRUE,"Not significant","Q4 (MeCP2 up / H2A down)"
"Cfap161",1.33596458196532,4.2e-07,4,5,TRUE,0.547704019598022,9.37e-08,2,2,TRUE,"Significant","Q1 (MeCP2 up / H2A up)"
"Cfap44",0.0100995854936003,0.844455407,0,4,FALSE,0.473788287370189,2.86e-05,4,5,TRUE,"Not significant","Q1 (MeCP2 up / H2A up)"
"Cfap45",-0.0702106426216637,0.729163165,0,2,FALSE,-0.131046317,0.45045035,0,1,FALSE,"Not significant","Q3 (MeCP2 down / H2A down)"
"Cfap61",-0.143761187304083,0.316766827,0,8,FALSE,-0.295046681705623,9.4e-05,6,13,TRUE,"Not significant","Q3 (MeCP2 down / H2A down)"
"Cfap65",-0.036793359,0.894162091,0,1,FALSE,-0.522418127,7.46e-05,1,1,TRUE,"Not significant","Q3 (MeCP2 down / H2A down)"
"Cfap95",2.29472104882088,7.97e-20,5,5,TRUE,1.47076426299296,6.64e-59,3,3,TRUE,"Significant","Q1 (MeCP2 up / H2A up)"
"Cgnl1",0.943026186819272,1.31e-05,1,7,TRUE,-0.20521934301482,0.027735331,1,2,TRUE,"Significant","Q4 (MeCP2 up / H2A down)"
"Chac1",-0.063484496,0.784146784,0,1,FALSE,0.163310036,0.139125318,0,1,FALSE,"Not significant","Q2 (MeCP2 down / H2A up)"
"Chat",0.198252522209692,0.268873279,0,3,FALSE,-0.465779399629207,0.000407587,1,3,TRUE,"Not significant","Q4 (MeCP2 up / H2A down)"
"Chchd6",0.595155802239177,0.001218698,1,4,TRUE,0.465724728676476,2.53e-06,2,3,TRUE,"Significant","Q1 (MeCP2 up / H2A up)"
"Chd2",-0.135600324114408,0.466311993,0,2,FALSE,0.179394894,0.168681241,0,1,FALSE,"Not significant","Q2 (MeCP2 down / H2A up)"
"Chd5",-0.000108355803485347,0.888642488,0,3,FALSE,-0.595767279964963,1.34e-06,4,4,TRUE,"Not significant","Q3 (MeCP2 down / H2A down)"
"Chd7",-0.171784053,0.397382318,0,1,FALSE,0.0702910298917417,0.527692576,0,2,FALSE,"Not significant","Q2 (MeCP2 down / H2A up)"
"Chd9",0.0626686744922744,0.48583567,0,2,FALSE,0.400789363917054,7.37e-06,3,3,TRUE,"Not significant","Q1 (MeCP2 up / H2A up)"
"Chdh",-0.081416024,0.713778466,0,1,FALSE,-0.283046276,0.04730229,1,1,TRUE,"Not significant","Q3 (MeCP2 down / H2A down)"
"Chgb",0.005912009,0.988106743,0,1,FALSE,1.340652391,9.72e-16,1,1,TRUE,"Not significant","Q1 (MeCP2 up / H2A up)"
"Chid1",-0.028501534,0.92086606,0,1,FALSE,0.361225328,0.000520824,1,1,TRUE,"Not significant","Q2 (MeCP2 down / H2A up)"
"Chl1",1.4430115117485,1.04e-06,2,4,TRUE,0.687219712409905,7.52e-12,7,9,TRUE,"Significant","Q1 (MeCP2 up / H2A up)"
"Chmp4b",0.016853682,0.958516903,0,1,FALSE,0.049281318,0.778985947,0,1,FALSE,"Not significant","Q1 (MeCP2 up / H2A up)"
"Chmp6",-0.212363143,0.293620413,0,1,FALSE,-0.745279756,1.04e-06,1,1,TRUE,"Not significant","Q3 (MeCP2 down / H2A down)"
"Chn2",0.00190730941517624,0.900319822,0,3,FALSE,-0.21788862,0.214837907,0,1,FALSE,"Not significant","Q4 (MeCP2 up / H2A down)"
"Chpf",-0.0700704784701455,0.512781139,0,3,FALSE,0.009687861,0.96336343,0,1,FALSE,"Not significant","Q2 (MeCP2 down / H2A up)"
"Chrdl2",-0.099772936,0.642419326,0,1,FALSE,-0.126782324899234,0.342568717,0,3,FALSE,"Not significant","Q3 (MeCP2 down / H2A down)"
"Chrm1",-0.062978626,0.788714487,0,1,FALSE,-0.154749398,0.310684153,0,1,FALSE,"Not significant","Q3 (MeCP2 down / H2A down)"
"Chrm3",1.991651329,4.11e-11,1,1,TRUE,0.951527089486288,1.63e-16,4,4,TRUE,"Significant","Q1 (MeCP2 up / H2A up)"
"Chrna2",-0.070252023,0.766244348,0,1,FALSE,-0.155774866,0.321928949,0,1,FALSE,"Not significant","Q3 (MeCP2 down / H2A down)"
"Chrnb4",0.283685837,0.246237639,0,1,FALSE,0.229903371055017,0.062720783,0,2,FALSE,"Not significant","Q1 (MeCP2 up / H2A up)"
"Chst1",-0.0538106086270223,0.82639414,0,2,FALSE,-0.487933508,1.55e-07,1,1,TRUE,"Not significant","Q3 (MeCP2 down / H2A down)"
"Chst11",0.254598588671102,0.006080929,1,13,TRUE,0.150158944993804,0.00069354,3,9,TRUE,"Significant","Q1 (MeCP2 up / H2A up)"
"Chst14",-0.135549119,0.489428928,0,1,FALSE,-0.284057966,0.001319455,1,1,TRUE,"Not significant","Q3 (MeCP2 down / H2A down)"
"Chst15",1.74865915532672,8.18e-21,5,12,TRUE,0.632640703550961,6.79e-12,5,7,TRUE,"Significant","Q1 (MeCP2 up / H2A up)"
"Chst3",0.242169657,0.234492018,0,1,FALSE,0.028851668,0.87834774,0,1,FALSE,"Not significant","Q1 (MeCP2 up / H2A up)"
"Chst8",-0.0507825225252435,0.709447813,0,4,FALSE,0.276821772002606,2.67e-05,2,2,TRUE,"Not significant","Q2 (MeCP2 down / H2A up)"
"Chst9",0.3337782,0.187250775,0,1,FALSE,0.403739009,0.010924369,1,1,TRUE,"Not significant","Q1 (MeCP2 up / H2A up)"
"Chsy1",-0.0204938788849729,0.94063463,0,2,FALSE,-0.237607333,0.298519322,0,1,FALSE,"Not significant","Q3 (MeCP2 down / H2A down)"
"Cib4",-0.178366511850315,0.300261409,0,2,FALSE,0.34584431594684,4.18e-05,1,4,TRUE,"Not significant","Q2 (MeCP2 down / H2A up)"
"Cibar2",-0.204897972355984,0.274918121,0,3,FALSE,-0.455534454344391,0.001872833,1,4,TRUE,"Not significant","Q3 (MeCP2 down / H2A down)"
"Cimip2c",-0.069462292,0.759785685,0,1,FALSE,-0.297744249035724,0.042031049,1,3,TRUE,"Not significant","Q3 (MeCP2 down / H2A down)"
"Cimip3",-0.021865959,0.943090341,0,1,FALSE,0.050635394,0.673359452,0,1,FALSE,"Not significant","Q2 (MeCP2 down / H2A up)"
"Cipc",-0.003101463,0.994044851,0,1,FALSE,0.501591482,5.14e-05,1,1,TRUE,"Not significant","Q2 (MeCP2 down / H2A up)"
"Cit",0.0130700750657628,0.722168985,0,3,FALSE,-0.706488289,0.00010574,1,1,TRUE,"Not significant","Q4 (MeCP2 up / H2A down)"
"Cited4",-0.015375357185501,0.886809449,0,3,FALSE,-0.307159968609668,0.019191812,1,3,TRUE,"Not significant","Q3 (MeCP2 down / H2A down)"
"Clcf1",-0.018570699,0.952674974,0,1,FALSE,-0.285068191,0.124280217,0,1,FALSE,"Not significant","Q3 (MeCP2 down / H2A down)"
"Clcnka",0.0171629282790703,0.864562597,0,2,FALSE,-0.475869525,6.74e-07,1,1,TRUE,"Not significant","Q4 (MeCP2 up / H2A down)"
"Cldn14",-0.025129538,0.931606183,0,1,FALSE,-0.270252162904855,0.064445894,0,2,FALSE,"Not significant","Q3 (MeCP2 down / H2A down)"
"Cldn22",-0.044577782,0.863420428,0,1,FALSE,-0.423287695,0.016077982,1,1,TRUE,"Not significant","Q3 (MeCP2 down / H2A down)"
"Clec16a",-0.22485707,0.295831187,0,1,FALSE,-0.908419850642522,5.28e-16,4,4,TRUE,"Not significant","Q3 (MeCP2 down / H2A down)"
"Clec2l",-0.050018017,0.853622445,0,1,FALSE,-0.166947794,0.284336671,0,1,FALSE,"Not significant","Q3 (MeCP2 down / H2A down)"
"Clic6",0.124386577,0.576015605,0,1,FALSE,-0.641422845208344,9.34e-07,1,3,TRUE,"Not significant","Q4 (MeCP2 up / H2A down)"
"Clip2",-0.017404082,0.956840693,0,1,FALSE,-0.246784245,0.0962927,0,1,FALSE,"Not significant","Q3 (MeCP2 down / H2A down)"
"Clip4",-0.394392542523453,0.00363351,2,37,TRUE,-0.246438984653321,1.42e-06,9,41,TRUE,"Significant","Q3 (MeCP2 down / H2A down)"
"Clmn",-0.85405165113774,0.001260127,2,13,TRUE,-0.431942421686988,1.36e-10,4,11,TRUE,"Significant","Q3 (MeCP2 down / H2A down)"
"Clmp",0.845196199189327,0.001486723,2,4,TRUE,0.5499877878392,0.000106216,1,2,TRUE,"Significant","Q1 (MeCP2 up / H2A up)"
"Cln8",-0.125674637223797,0.298959284,0,5,FALSE,-0.108102265539635,0.025342548,1,4,TRUE,"Not significant","Q3 (MeCP2 down / H2A down)"
"Clnk",2.31359236200586,3.6e-21,12,20,TRUE,1.22661226891316,2.83e-69,16,16,TRUE,"Significant","Q1 (MeCP2 up / H2A up)"
"Clrn1",0.989307621276709,0.000130739,2,2,TRUE,0.602487516835815,1.94e-10,2,3,TRUE,"Significant","Q1 (MeCP2 up / H2A up)"
"Clrn3",-0.268083776,0.189999954,0,1,FALSE,-0.411628563,3.46e-05,1,1,TRUE,"Not significant","Q3 (MeCP2 down / H2A down)"
"Clu",-0.0745861913077312,0.587937279,0,2,FALSE,0.15450301,0.289779929,0,1,FALSE,"Not significant","Q2 (MeCP2 down / H2A up)"
"Cmip",-1.27759579543623,2.23e-08,10,15,TRUE,-0.567599923194057,1.73e-08,14,18,TRUE,"Significant","Q3 (MeCP2 down / H2A down)"
"Cmklr1",0.0327620384238413,0.811546392,0,2,FALSE,-0.000457108,0.998289109,0,1,FALSE,"Not significant","Q4 (MeCP2 up / H2A down)"
"Cmtr1",-0.050811906,0.839434592,0,1,FALSE,0.429561069,0.000986212,1,1,TRUE,"Not significant","Q2 (MeCP2 down / H2A up)"
"Cnih3",-0.121785511659165,0.420804501,0,7,FALSE,-0.0930921571880866,0.002503885,2,12,TRUE,"Not significant","Q3 (MeCP2 down / H2A down)"
"Cnksr3",-0.088539585,0.686418573,0,1,FALSE,0.492897175,0.000196493,1,1,TRUE,"Not significant","Q2 (MeCP2 down / H2A up)"
"Cnnm1",-0.00656608,0.986580319,0,1,FALSE,0.373713667658955,0.000519831,1,2,TRUE,"Not significant","Q2 (MeCP2 down / H2A up)"
"Cnnm3",0.046881954,0.852855335,0,1,FALSE,0.050782522,0.754772148,0,1,FALSE,"Not significant","Q1 (MeCP2 up / H2A up)"
"Cntn4",1.73126145652315,5.97e-13,14,34,TRUE,0.904418288490141,2.59e-26,40,46,TRUE,"Significant","Q1 (MeCP2 up / H2A up)"
"Cntn5",1.58886274785596,1.17e-10,6,8,TRUE,0.877406415292626,7.53e-18,6,6,TRUE,"Significant","Q1 (MeCP2 up / H2A up)"
"Cntn6",1.58799724444545,1.99e-06,2,3,TRUE,1.13096074613126,8.36e-23,5,5,TRUE,"Significant","Q1 (MeCP2 up / H2A up)"
"Cntnap2",1.47485990748196,4.48e-09,4,14,TRUE,0.570574284140049,4.94e-12,14,27,TRUE,"Significant","Q1 (MeCP2 up / H2A up)"
"Cntnap4",0.403931318648141,0.051115536,0,4,FALSE,0.453300073,1.15e-05,1,1,TRUE,"Not significant","Q1 (MeCP2 up / H2A up)"
"Cntnap5a",1.063088932,0.003525441,1,1,TRUE,1.81327036502269,6.21e-32,5,5,TRUE,"Significant","Q1 (MeCP2 up / H2A up)"
"Coa6",-0.203969396,0.322538089,0,1,FALSE,0.058830527,0.711890346,0,1,FALSE,"Not significant","Q2 (MeCP2 down / H2A up)"
"Coa8",-0.0813876458753258,0.671936528,0,2,FALSE,-0.098571771,0.564033571,0,1,FALSE,"Not significant","Q3 (MeCP2 down / H2A down)"
"Cobl",0.798632215614607,0.000899207,2,5,TRUE,0.46114419767497,1.41e-06,4,6,TRUE,"Significant","Q1 (MeCP2 up / H2A up)"
"Cobll1",0.355481419480171,0.040441763,1,11,TRUE,0.650943993952107,1.43e-15,5,6,TRUE,"Significant","Q1 (MeCP2 up / H2A up)"
"Cog2",-0.074037369,0.74344823,0,1,FALSE,0.034646058,0.794877663,0,1,FALSE,"Not significant","Q2 (MeCP2 down / H2A up)"
"Cog4",0.0576022887548847,0.772457818,0,2,FALSE,0.223719913,0.017367169,1,1,TRUE,"Not significant","Q1 (MeCP2 up / H2A up)"
"Cog5",1.94786651615864,6.71e-15,5,7,TRUE,1.79984461823436,4.77e-52,4,4,TRUE,"Significant","Q1 (MeCP2 up / H2A up)"
"Col12a1",-0.247361511,0.227656158,0,1,FALSE,1.433595795,3.78e-16,1,1,TRUE,"Not significant","Q2 (MeCP2 down / H2A up)"
"Col13a1",-0.320154020024266,0.086317248,0,4,FALSE,-0.307574551742121,0.000384767,2,12,TRUE,"Not significant","Q3 (MeCP2 down / H2A down)"
"Col15a1",0.382437735278847,0.004923349,1,14,TRUE,0.0827857599100008,0.000150898,3,19,TRUE,"Significant","Q1 (MeCP2 up / H2A up)"
"Col16a1",-0.254978802788846,0.155691487,0,5,FALSE,-0.421695293059048,0.000887925,4,4,TRUE,"Not significant","Q3 (MeCP2 down / H2A down)"
"Col17a1",-0.054923388,0.822668665,0,1,FALSE,0.295388952411096,0.018981356,1,2,TRUE,"Not significant","Q2 (MeCP2 down / H2A up)"
"Col18a1",0.294981660821373,0.09313012,0,3,FALSE,0.395264768246949,2.22e-10,6,15,TRUE,"Not significant","Q1 (MeCP2 up / H2A up)"
"Col19a1",2.01982432770949,3.49e-15,6,10,TRUE,1.22785311796719,7.43e-41,14,15,TRUE,"Significant","Q1 (MeCP2 up / H2A up)"
"Col22a1",1.21281153221302,1.11e-05,3,5,TRUE,0.63476922505203,1.74e-13,7,11,TRUE,"Significant","Q1 (MeCP2 up / H2A up)"
"Col25a1",-0.327045746,0.17493856,0,1,FALSE,0.269620675788373,0.005032133,1,2,TRUE,"Not significant","Q2 (MeCP2 down / H2A up)"
"Col27a1",-0.780565294224573,0.000331178,7,18,TRUE,-0.341199780947762,6.79e-08,5,9,TRUE,"Significant","Q3 (MeCP2 down / H2A down)"
"Col28a1",-0.0608792285706637,0.736153002,0,4,FALSE,0.419510919433181,0.000247301,2,3,TRUE,"Not significant","Q2 (MeCP2 down / H2A up)"
"Col4a1",-0.0710636576079496,0.736104317,0,2,FALSE,0.642989981053646,9.09e-11,3,8,TRUE,"Not significant","Q2 (MeCP2 down / H2A up)"
"Col4a2",-0.127403434706904,0.412129876,0,6,FALSE,0.274541913667028,3.09e-05,2,8,TRUE,"Not significant","Q2 (MeCP2 down / H2A up)"
"Col5a1",-0.276294511757222,0.05047699,0,17,FALSE,-0.436635893601811,3.51e-07,13,17,TRUE,"Not significant","Q3 (MeCP2 down / H2A down)"
"Col6a1",0.021228405,0.94491265,0,1,FALSE,-0.557024134,0.00248858,1,1,TRUE,"Not significant","Q4 (MeCP2 up / H2A down)"
"Col9a1",2.54889887022781,1.55e-20,7,8,TRUE,1.4521306634888,1.21e-36,9,9,TRUE,"Significant","Q1 (MeCP2 up / H2A up)"
"Colec11",-0.041454757,0.876054943,0,1,FALSE,0.363034665,0.005582363,1,1,TRUE,"Not significant","Q2 (MeCP2 down / H2A up)"
"Commd8",1.7387858708952,1.48e-10,3,3,TRUE,0.831485943975811,3.21e-15,6,7,TRUE,"Significant","Q1 (MeCP2 up / H2A up)"
"Commd9",0.0111399859220788,0.595015568,0,4,FALSE,0.470968342955538,3.73e-06,3,4,TRUE,"Not significant","Q1 (MeCP2 up / H2A up)"
"Cop1",1.180834913,0.000248594,1,1,TRUE,1.4302463,1.73e-31,1,1,TRUE,"Significant","Q1 (MeCP2 up / H2A up)"
"Coro2a",-0.15482033598251,0.408074104,0,3,FALSE,-0.111679796949286,0.004384737,3,6,TRUE,"Not significant","Q3 (MeCP2 down / H2A down)"
"Cpeb2",2.30388695891027,8.99e-12,1,3,TRUE,0.604183313970023,2.47e-15,3,4,TRUE,"Significant","Q1 (MeCP2 up / H2A up)"
"Cped1",0.0990436927530539,0.479407382,0,3,FALSE,0.572341083173498,4.64e-06,2,5,TRUE,"Not significant","Q1 (MeCP2 up / H2A up)"
"Cpn2",-0.165632844380977,0.332748761,0,2,FALSE,0.0771212591183361,0.024706384,1,4,TRUE,"Not significant","Q2 (MeCP2 down / H2A up)"
"Cpne5",-0.0719193875958232,0.713071712,0,3,FALSE,-0.534264976,0.00181242,1,1,TRUE,"Not significant","Q3 (MeCP2 down / H2A down)"
"Cpsf4l",-0.0301889038392275,0.911289616,0,2,FALSE,-0.444810774,0.003450967,1,1,TRUE,"Not significant","Q3 (MeCP2 down / H2A down)"
"Cpvl",0.336630343187136,0.033840011,1,2,TRUE,-0.0408474542360465,0.002383352,2,4,TRUE,"Significant","Q4 (MeCP2 up / H2A down)"
"Cpxm2",0.600594659411286,0.024547026,1,2,TRUE,0.569811921553662,1.27e-05,1,2,TRUE,"Significant","Q1 (MeCP2 up / H2A up)"
"Cracd",-0.690414085324388,0.002120566,2,6,TRUE,0.466988679675453,1.28e-05,5,9,TRUE,"Significant","Q2 (MeCP2 down / H2A up)"
"Cracdl",-0.164372717258508,0.334880511,0,5,FALSE,0.416742618956143,5.45e-05,3,6,TRUE,"Not significant","Q2 (MeCP2 down / H2A up)"
"Cracr2a",0.013194042,0.968454006,0,1,FALSE,-0.147570932,0.286836637,0,1,FALSE,"Not significant","Q4 (MeCP2 up / H2A down)"
"Cradd",-0.0831168751701559,0.025903928,1,9,TRUE,0.418990320306661,3.22e-05,3,7,TRUE,"Significant","Q2 (MeCP2 down / H2A up)"
"Crb2",0.0706469997307603,0.708669246,0,2,FALSE,0.109087838300034,0.00062819,3,7,TRUE,"Not significant","Q1 (MeCP2 up / H2A up)"
"Crcp",-0.27144062317342,0.214151412,0,2,FALSE,-0.080608956,0.536691146,0,1,FALSE,"Not significant","Q3 (MeCP2 down / H2A down)"
"Creb3l1",-0.132068544,0.495060037,0,1,FALSE,0.357290557551897,4.39e-05,2,2,TRUE,"Not significant","Q2 (MeCP2 down / H2A up)"
"Creb3l2",0.152726941437432,0.271842459,0,3,FALSE,0.280253340724335,0.002261177,2,2,TRUE,"Not significant","Q1 (MeCP2 up / H2A up)"
"Creb5",0.420001332917335,0.004170932,1,29,TRUE,0.22887017123445,8.73e-05,7,19,TRUE,"Significant","Q1 (MeCP2 up / H2A up)"
"Crhr1",-0.150615010530582,0.42572925,0,2,FALSE,-0.0439867815261783,0.454370849,0,3,FALSE,"Not significant","Q3 (MeCP2 down / H2A down)"
"Crim1",-0.159557643502312,0.184226403,0,7,FALSE,-0.295752162506513,0.002837486,3,5,TRUE,"Not significant","Q3 (MeCP2 down / H2A down)"
"Crisp4",-0.047642794,0.855469011,0,1,FALSE,0.451690511,0.001678928,1,1,TRUE,"Not significant","Q2 (MeCP2 down / H2A up)"
"Crispld2",-0.15362240500757,0.354277034,0,4,FALSE,-0.177114661531781,0.002556596,1,6,TRUE,"Not significant","Q3 (MeCP2 down / H2A down)"
"Crmp1",-0.0560733044087329,0.776190912,0,2,FALSE,-0.309202903,0.04465014,1,1,TRUE,"Not significant","Q3 (MeCP2 down / H2A down)"
"Crnkl1",-0.231262745922328,0.25099295,0,5,FALSE,-0.26023055484845,0.037577693,1,6,TRUE,"Not significant","Q3 (MeCP2 down / H2A down)"
"Crocc2",0.049058263,0.850301113,0,1,FALSE,-0.323992690302802,0.000308986,1,3,TRUE,"Not significant","Q4 (MeCP2 up / H2A down)"
"Crtac1",0.00437739034194829,0.629866374,0,3,FALSE,-0.0347843062602327,0.131475053,0,5,FALSE,"Not significant","Q4 (MeCP2 up / H2A down)"
"Crtc1",-0.276755753643207,0.19377223,0,3,FALSE,-0.0203250963646324,0.002443169,2,6,TRUE,"Not significant","Q3 (MeCP2 down / H2A down)"
"Cry1",-0.417764426,0.094733506,0,1,FALSE,0.441680392249704,0.004428542,1,2,TRUE,"Not significant","Q2 (MeCP2 down / H2A up)"
"Crybg1",-0.086832338,0.69651261,0,1,FALSE,-0.365352437,0.038324305,1,1,TRUE,"Not significant","Q3 (MeCP2 down / H2A down)"
"Crygs",0.019022711,0.951200803,0,1,FALSE,0.449829361,0.002695097,1,1,TRUE,"Not significant","Q1 (MeCP2 up / H2A up)"
"Cryl1",-0.037639441,0.888466973,0,1,FALSE,-0.020195248,0.915542547,0,1,FALSE,"Not significant","Q3 (MeCP2 down / H2A down)"
"Csf1",0.207245267816601,0.280554308,0,2,FALSE,0.230877600601464,0.013639176,1,2,TRUE,"Not significant","Q1 (MeCP2 up / H2A up)"
"Csmd1",1.35179453244705,2.42e-12,3,27,TRUE,0.769623573480999,2.08e-20,22,34,TRUE,"Significant","Q1 (MeCP2 up / H2A up)"
"Csmd2",-1.17382396744972,3.3e-06,7,16,TRUE,-0.508746452902939,1.14e-07,5,6,TRUE,"Significant","Q3 (MeCP2 down / H2A down)"
"Csmd2os",-1.20246244523313,1.35e-08,11,22,TRUE,-0.964557114336201,4.37e-16,8,11,TRUE,"Significant","Q3 (MeCP2 down / H2A down)"
"Csmd3",3.00219285778102,2.14e-14,1,2,TRUE,1.532256747649,4.97e-27,6,6,TRUE,"Significant","Q1 (MeCP2 up / H2A up)"
"Cspg4",-0.029906887,0.916745836,0,1,FALSE,-0.041779784,0.738062415,0,1,FALSE,"Not significant","Q3 (MeCP2 down / H2A down)"
"Csrnp1",-0.110151646,0.608440154,0,1,FALSE,-0.026108923,0.826788227,0,1,FALSE,"Not significant","Q3 (MeCP2 down / H2A down)"
"Csrnp3",-1.79318471966611,7.28e-08,4,6,TRUE,-0.207193021129063,0.000436348,3,7,TRUE,"Significant","Q3 (MeCP2 down / H2A down)"
"Ctif",-0.143926836860527,0.124468176,0,10,FALSE,0.148793790581337,5.56e-07,6,16,TRUE,"Not significant","Q2 (MeCP2 down / H2A up)"
"Ctnna1",-0.030393136,0.914402817,0,1,FALSE,0.0676704861918639,0.508704948,0,3,FALSE,"Not significant","Q2 (MeCP2 down / H2A up)"
"Ctnna2",1.17187591787346,7.26e-08,3,14,TRUE,0.831564459588436,6.91e-23,10,16,TRUE,"Significant","Q1 (MeCP2 up / H2A up)"
"Ctnna3",1.65783598915517,4.08e-09,3,6,TRUE,0.85735442300099,5.56e-20,7,7,TRUE,"Significant","Q1 (MeCP2 up / H2A up)"
"Ctnnbl1",-0.232631883947818,0.144030851,0,10,FALSE,-0.516347946815836,6.2e-06,4,4,TRUE,"Not significant","Q3 (MeCP2 down / H2A down)"
"Ctnnd2",-0.73772062897843,0.001742017,4,11,TRUE,-0.114852561565126,6.26e-05,7,28,TRUE,"Significant","Q3 (MeCP2 down / H2A down)"
"Ctsc",-0.006258324,0.98736202,0,1,FALSE,0.317331218,0.040012987,1,1,TRUE,"Not significant","Q2 (MeCP2 down / H2A up)"
"Cttnbp2",0.013252189,0.96984555,0,1,FALSE,0.387356731756382,0.001038272,2,3,TRUE,"Not significant","Q1 (MeCP2 up / H2A up)"
"Ctxn3",0.144114341404564,0.325811726,0,2,FALSE,0.663423230026878,7.36e-06,1,3,TRUE,"Not significant","Q1 (MeCP2 up / H2A up)"
"Cuedc1",-0.179191963945524,0.296983181,0,2,FALSE,-0.108830874884028,0.447279142,0,2,FALSE,"Not significant","Q3 (MeCP2 down / H2A down)"
"Cul3",-0.129516536,0.564712928,0,1,FALSE,-0.125865761,0.462927246,0,1,FALSE,"Not significant","Q3 (MeCP2 down / H2A down)"
"Cux2",-1.08645515170799,3.21e-05,4,6,TRUE,-0.757402481968597,8.87e-14,5,6,TRUE,"Significant","Q3 (MeCP2 down / H2A down)"
"Cxcl12",-0.142382621,0.45627241,0,1,FALSE,-0.366396209,0.034169401,1,1,TRUE,"Not significant","Q3 (MeCP2 down / H2A down)"
"Cxcl17",-0.027389386,0.924928735,0,1,FALSE,-0.368132259,0.024330881,1,1,TRUE,"Not significant","Q3 (MeCP2 down / H2A down)"
"Cxxc5",-0.430859246293393,0.058611182,0,4,FALSE,-0.0571745856040241,0.000681364,3,10,TRUE,"Not significant","Q3 (MeCP2 down / H2A down)"
"Cyb5r3",-0.00841531,0.981680351,0,1,FALSE,-0.454425528,0.009691985,1,1,TRUE,"Not significant","Q3 (MeCP2 down / H2A down)"
"Cyp46a1",-0.361162859996447,0.035732322,1,3,TRUE,-0.15633916082585,0.04365914,1,5,TRUE,"Significant","Q3 (MeCP2 down / H2A down)"
"Cyria",-0.11952827265501,0.493832324,0,2,FALSE,0.476009905971745,1.02e-06,1,3,TRUE,"Not significant","Q2 (MeCP2 down / H2A up)"
"Cyrib",-0.0544502396514292,0.706693757,0,3,FALSE,0.603455784858676,2.7e-07,2,3,TRUE,"Not significant","Q2 (MeCP2 down / H2A up)"
"Cystm1",-0.072648476,0.75201322,0,1,FALSE,-0.245532457176782,0.033521789,1,2,TRUE,"Not significant","Q3 (MeCP2 down / H2A down)"
"Cyth1",0.0539883238143791,0.788514475,0,2,FALSE,0.525022573774673,9.93e-05,2,2,TRUE,"Not significant","Q1 (MeCP2 up / H2A up)"
"Cyth4",-0.126926661,0.522711193,0,1,FALSE,-0.410299091,0.003154773,1,1,TRUE,"Not significant","Q3 (MeCP2 down / H2A down)"
"Cytip",1.93015932080112,4.05e-18,3,3,TRUE,1.57206418489458,1.41e-59,5,5,TRUE,"Significant","Q1 (MeCP2 up / H2A up)"
"Cyyr1",0.316835033,0.180062181,0,1,FALSE,0.868047811621468,6.18e-15,2,2,TRUE,"Not significant","Q1 (MeCP2 up / H2A up)"
"D030024E09Rik",1.17447091438467,8.04e-05,2,6,TRUE,0.413643402946177,4.38e-05,1,7,TRUE,"Significant","Q1 (MeCP2 up / H2A up)"
"D030025P21Rik",-0.181826817609913,0.362490584,0,2,FALSE,0.312194833,0.014405313,1,1,TRUE,"Not significant","Q2 (MeCP2 down / H2A up)"
"D030045P18Rik",0.983050712,0.008183158,1,1,TRUE,1.00019525563879,8.3e-18,5,5,TRUE,"Significant","Q1 (MeCP2 up / H2A up)"
"D14Ertd670e",0.388191522,0.088849031,0,1,FALSE,0.725075964,3.97e-10,1,1,TRUE,"Not significant","Q1 (MeCP2 up / H2A up)"
"D330050G23Rik",0.926323272208366,0.000251653,1,3,TRUE,1.03146541335709,4.03e-22,2,2,TRUE,"Significant","Q1 (MeCP2 up / H2A up)"
"D430019H16Rik",-0.05624531,0.818074027,0,1,FALSE,0.085860748,0.568516053,0,1,FALSE,"Not significant","Q2 (MeCP2 down / H2A up)"
"D530049I02Rik",0.220941844439191,0.341240636,0,2,FALSE,0.228546825,0.035453486,1,1,TRUE,"Not significant","Q1 (MeCP2 up / H2A up)"
"D630003M21Rik",-0.118241780421668,0.512520562,0,3,FALSE,-0.148551140038025,0.02161046,1,4,TRUE,"Not significant","Q3 (MeCP2 down / H2A down)"
"D630013N20Rik",-0.0880116185205346,0.598468981,0,5,FALSE,0.073263176,0.65812509,0,1,FALSE,"Not significant","Q2 (MeCP2 down / H2A up)"
"D630024D03Rik",0.837061570350013,0.001754425,2,3,TRUE,0.751950089638014,1.14e-10,3,3,TRUE,"Significant","Q1 (MeCP2 up / H2A up)"
"D630045J12Rik",-0.418311832052695,0.015148306,1,7,TRUE,0.262360579639811,0.018080631,1,4,TRUE,"Significant","Q2 (MeCP2 down / H2A up)"
"D6Ertd474e",-0.012783277,0.969498282,0,1,FALSE,0.204652171733463,0.000905134,1,2,TRUE,"Not significant","Q2 (MeCP2 down / H2A up)"
"D730045A05Rik",-0.416584024894422,0.017567997,1,13,TRUE,-0.218956469458084,3.75e-05,1,7,TRUE,"Significant","Q3 (MeCP2 down / H2A down)"
"D730050B12Rik",0.517981388806786,0.010058505,1,3,TRUE,0.7168643,2.61e-12,1,1,TRUE,"Significant","Q1 (MeCP2 up / H2A up)"
"D7Ertd443e",0.772460408479718,0.001967847,1,7,TRUE,0.139785971433869,9.76e-09,5,7,TRUE,"Significant","Q1 (MeCP2 up / H2A up)"
"D830013O20Rik",0.034623945,0.900724219,0,1,FALSE,0.743102748505594,2.86e-16,1,3,TRUE,"Not significant","Q1 (MeCP2 up / H2A up)"
"D930007P13Rik",-0.069029887,0.769735708,0,1,FALSE,-0.506321234971854,3.08e-06,2,3,TRUE,"Not significant","Q3 (MeCP2 down / H2A down)"
"Daam1",-0.0390174172010366,0.86504355,0,2,FALSE,-0.311246614705641,0.012929027,1,3,TRUE,"Not significant","Q3 (MeCP2 down / H2A down)"
"Daam2",0.473959657552137,0.027959205,1,2,TRUE,0.75627871711039,3.92e-10,2,2,TRUE,"Significant","Q1 (MeCP2 up / H2A up)"
"Dab1",1.35025763058002,1.88e-09,8,23,TRUE,0.957195028478775,1.49e-33,23,35,TRUE,"Significant","Q1 (MeCP2 up / H2A up)"
"Dab2ip",0.35718574778223,0.02621115,1,7,TRUE,-0.123272944673925,3.63e-11,9,12,TRUE,"Significant","Q4 (MeCP2 up / H2A down)"
"Dach1",1.6971783331611,2.12e-12,1,5,TRUE,0.829826690380103,1.07e-11,2,2,TRUE,"Significant","Q1 (MeCP2 up / H2A up)"
"Dact1",0.309068998637042,0.137407668,0,2,FALSE,0.852998659523709,1.02e-23,2,2,TRUE,"Not significant","Q1 (MeCP2 up / H2A up)"
"Dact2",-0.0365613475984809,0.735841984,0,3,FALSE,-0.314254334920728,0.026551146,2,4,TRUE,"Not significant","Q3 (MeCP2 down / H2A down)"
"Dagla",-0.992564641346443,4.23e-07,2,9,TRUE,-0.484539987979012,1.16e-07,5,7,TRUE,"Significant","Q3 (MeCP2 down / H2A down)"
"Dap",-0.260711033104526,0.09903747,0,5,FALSE,0.552094963185068,2.85e-07,6,9,TRUE,"Not significant","Q2 (MeCP2 down / H2A up)"
"Dapk1",-0.225261160710142,0.178476596,0,11,FALSE,-0.0537604524617268,0.025532071,1,8,TRUE,"Not significant","Q3 (MeCP2 down / H2A down)"
"Dapk2",-0.579044420641229,0.037150485,1,6,TRUE,-0.552151344,9.25e-07,1,1,TRUE,"Significant","Q3 (MeCP2 down / H2A down)"
"Daw1",1.1191415573006,2.52e-05,2,2,TRUE,0.978153433,4.31e-14,1,1,TRUE,"Significant","Q1 (MeCP2 up / H2A up)"
"Dazap1",-0.127764662,0.543513649,0,1,FALSE,-0.585390643,0.000530512,1,1,TRUE,"Not significant","Q3 (MeCP2 down / H2A down)"
"Dazl",1.61899716325801,4.89e-07,1,2,TRUE,0.907493957031698,9.65e-13,2,2,TRUE,"Significant","Q1 (MeCP2 up / H2A up)"
"Dbh",-0.854971819,0.002169887,1,1,TRUE,-0.374663429,0.000248017,1,1,TRUE,"Significant","Q3 (MeCP2 down / H2A down)"
"Dcc",0.0914060935941165,0.483030324,0,9,FALSE,0.346843558968719,0.000950301,3,6,TRUE,"Not significant","Q1 (MeCP2 up / H2A up)"
"Dcdc2c",0.150838945916877,0.239983603,0,2,FALSE,0.463717685085624,0.001446227,1,2,TRUE,"Not significant","Q1 (MeCP2 up / H2A up)"
"Dchs1",-0.0654905923295304,0.757227682,0,2,FALSE,0.316136982,0.017448401,1,1,TRUE,"Not significant","Q2 (MeCP2 down / H2A up)"
"Dclk1",1.55787056524173,1.67e-11,5,9,TRUE,1.17138831870508,1.1e-36,13,13,TRUE,"Significant","Q1 (MeCP2 up / H2A up)"
"Dclk2",1.62262482920648,4.09e-10,3,11,TRUE,0.65917843753634,2.89e-11,4,6,TRUE,"Significant","Q1 (MeCP2 up / H2A up)"
"Dcp1a",0.003806145,0.992249817,0,1,FALSE,0.085830424,0.635609424,0,1,FALSE,"Not significant","Q1 (MeCP2 up / H2A up)"
"Dcp2",-0.0696519057004815,0.723963771,0,3,FALSE,0.22556159211799,6.32e-08,3,8,TRUE,"Not significant","Q2 (MeCP2 down / H2A up)"
"Dcstamp",1.47805254877083,1.29e-08,1,2,TRUE,1.03262147498657,1.11e-17,2,2,TRUE,"Significant","Q1 (MeCP2 up / H2A up)"
"Dctd",1.10678063708651,7.97e-06,1,4,TRUE,0.817709435750338,1.89e-14,2,3,TRUE,"Significant","Q1 (MeCP2 up / H2A up)"
"Dctn1",-0.040602089,0.879781784,0,1,FALSE,0.603339749,2.39e-07,1,1,TRUE,"Not significant","Q2 (MeCP2 down / H2A up)"
"Dctn6",-0.055850461,0.821019509,0,1,FALSE,0.415864783717444,0.000588565,1,2,TRUE,"Not significant","Q2 (MeCP2 down / H2A up)"
"Dcun1d4",-0.216330015454382,0.258588978,0,2,FALSE,-0.191669377979039,0.177150663,0,2,FALSE,"Not significant","Q3 (MeCP2 down / H2A down)"
"Dcx",0.0636581495039641,0.77871787,0,3,FALSE,0.416481817,0.000323494,1,1,TRUE,"Not significant","Q1 (MeCP2 up / H2A up)"
"Ddc",-0.071068226,0.760180656,0,1,FALSE,0.201928414,0.150101696,0,1,FALSE,"Not significant","Q2 (MeCP2 down / H2A up)"
"Ddo",0.309491587435006,0.088650845,0,3,FALSE,0.829845750616003,2.66e-10,2,2,TRUE,"Not significant","Q1 (MeCP2 up / H2A up)"
"Ddx11",0.460749052990569,0.083670375,0,3,FALSE,0.558701090833245,7.09e-07,2,3,TRUE,"Not significant","Q1 (MeCP2 up / H2A up)"
"Ddx19a",-0.053090295,0.833914922,0,1,FALSE,0.211920031,0.130058166,0,1,FALSE,"Not significant","Q2 (MeCP2 down / H2A up)"
"Ddx20",0.258542488137607,0.015340628,2,20,TRUE,0.256366072641476,0.001465861,3,11,TRUE,"Significant","Q1 (MeCP2 up / H2A up)"
"Ddx25",-0.167886967472821,0.336128212,0,2,FALSE,-0.220860511521461,0.0876383,0,2,FALSE,"Not significant","Q3 (MeCP2 down / H2A down)"
"Dennd1a",0.133028930498562,0.268829391,0,8,FALSE,0.0940951536143539,7.88e-16,3,10,TRUE,"Not significant","Q1 (MeCP2 up / H2A up)"
"Dennd1b",-1.14603561304147,7.64e-05,2,4,TRUE,0.30430136396602,0.008255198,2,2,TRUE,"Significant","Q2 (MeCP2 down / H2A up)"
"Dennd3",-0.229409890823437,0.22376134,0,4,FALSE,-0.0478502996726907,0.166801946,0,3,FALSE,"Not significant","Q3 (MeCP2 down / H2A down)"
"Depdc5",-0.048166869,0.848450142,0,1,FALSE,0.254002905,0.067942438,0,1,FALSE,"Not significant","Q2 (MeCP2 down / H2A up)"
"Depp1",-0.000327638,0.999269286,0,1,FALSE,0.302648693,0.024202447,1,1,TRUE,"Not significant","Q2 (MeCP2 down / H2A up)"
"Derl1",0.0271309887134978,0.911354503,0,2,FALSE,0.447771699960556,5.9e-05,2,2,TRUE,"Not significant","Q1 (MeCP2 up / H2A up)"
"Dexi",-0.186138634016064,0.36574432,0,2,FALSE,-0.053333742,0.674356991,0,1,FALSE,"Not significant","Q3 (MeCP2 down / H2A down)"
"Dgkb",2.2982273098911,6.23e-15,2,2,TRUE,0.965974356218415,1.06e-21,6,6,TRUE,"Significant","Q1 (MeCP2 up / H2A up)"
"Dgkh",-0.148241130115108,0.444903754,0,2,FALSE,0.559720843,0.000125584,1,1,TRUE,"Not significant","Q2 (MeCP2 down / H2A up)"
"Dgki",0.354489482846646,0.007462503,2,13,TRUE,0.473135808899325,1.9e-06,11,20,TRUE,"Significant","Q1 (MeCP2 up / H2A up)"
"Dgkz",-0.128144861,0.535954228,0,1,FALSE,0.138416122825611,1.07e-05,3,3,TRUE,"Not significant","Q2 (MeCP2 down / H2A up)"
"Dglucy",1.67045567752058,4.96e-10,1,3,TRUE,0.673543690547458,2.31e-08,2,3,TRUE,"Significant","Q1 (MeCP2 up / H2A up)"
"Dhrs2",-0.014924943,0.963696696,0,1,FALSE,-0.213028006245423,0.124236499,0,2,FALSE,"Not significant","Q3 (MeCP2 down / H2A down)"
"Dhrs3",-0.075036596,0.742426299,0,1,FALSE,-0.235617866,0.03037029,1,1,TRUE,"Not significant","Q3 (MeCP2 down / H2A down)"
"Dhx32",0.447501706,0.054655696,0,1,FALSE,0.063842028,0.663665603,0,1,FALSE,"Not significant","Q1 (MeCP2 up / H2A up)"
"Dhx35",-0.836110797073644,0.006041444,1,3,TRUE,-0.236865934,0.218893587,0,1,FALSE,"Not significant","Q3 (MeCP2 down / H2A down)"
"Diaph2",0.984679013388055,0.000316403,1,2,TRUE,1.07663460577094,3.45e-12,2,3,TRUE,"Significant","Q1 (MeCP2 up / H2A up)"
"Diaph3",1.36577207844722,4.59e-06,2,5,TRUE,0.727816185915089,2.37e-11,2,2,TRUE,"Significant","Q1 (MeCP2 up / H2A up)"
"Dio2",0.014633967,0.96570244,0,1,FALSE,0.514138003669356,2.38e-06,1,2,TRUE,"Not significant","Q1 (MeCP2 up / H2A up)"
"Dipk2b",1.660490867,8.15e-09,1,1,TRUE,1.035215537,4.85e-16,1,1,TRUE,"Significant","Q1 (MeCP2 up / H2A up)"
"Disc1",-0.135323068283671,0.037980314,1,22,TRUE,0.121145680181399,0.0002751,1,13,TRUE,"Significant","Q2 (MeCP2 down / H2A up)"
"Disp2",-0.069573813,0.771596183,0,1,FALSE,-0.120796039,0.232945067,0,1,FALSE,"Not significant","Q3 (MeCP2 down / H2A down)"
"Disp3",0.543149729136943,0.001935545,1,7,TRUE,-0.300325980258542,0.002351068,2,5,TRUE,"Significant","Q4 (MeCP2 up / H2A down)"
"Dkk2",1.63226880638284,4.68e-08,1,2,TRUE,0.686598537820474,1.51e-10,3,5,TRUE,"Significant","Q1 (MeCP2 up / H2A up)"
"Dkk3",-1.13577029819538,1.59e-07,4,6,TRUE,-0.281117433793686,0.032504259,1,2,TRUE,"Significant","Q3 (MeCP2 down / H2A down)"
"Dlc1",1.16706454800443,5.28e-06,1,5,TRUE,0.337186703963839,0.000767585,2,7,TRUE,"Significant","Q1 (MeCP2 up / H2A up)"
"Dlg2",2.22331562914376,8.25e-20,15,22,TRUE,1.22911816438093,1.22e-34,13,16,TRUE,"Significant","Q1 (MeCP2 up / H2A up)"
"Dlg5",-0.844382105659322,0.002295717,1,4,TRUE,0.185780251733068,0.014653831,1,5,TRUE,"Significant","Q2 (MeCP2 down / H2A up)"
"Dlgap1",1.20097808641293,1.98e-06,1,7,TRUE,1.16028042457595,1.89e-23,9,11,TRUE,"Significant","Q1 (MeCP2 up / H2A up)"
"Dlgap2",0.71785934652978,1.87e-08,9,73,TRUE,0.509515882183745,6.57e-21,34,74,TRUE,"Significant","Q1 (MeCP2 up / H2A up)"
"Dlgap4",-1.16279637660864,2.73e-08,7,15,TRUE,-0.52738156397298,2.55e-10,10,12,TRUE,"Significant","Q3 (MeCP2 down / H2A down)"
"Dlk1",0.0350881870137899,0.879013651,0,2,FALSE,-0.303756171,0.081237512,0,1,FALSE,"Not significant","Q4 (MeCP2 up / H2A down)"
"Dmbx1",1.037682603,0.000766745,1,1,TRUE,0.512037627092142,8.46e-08,2,2,TRUE,"Significant","Q1 (MeCP2 up / H2A up)"
"Dmd",2.16364159476069,5.14e-12,1,3,TRUE,0.488005264138077,0.003825158,3,4,TRUE,"Significant","Q1 (MeCP2 up / H2A up)"
"Dmrt3",-0.122508109,0.551015946,0,1,FALSE,-0.105498575,0.312013783,0,1,FALSE,"Not significant","Q3 (MeCP2 down / H2A down)"
"Dmrtb1",0.00775771,0.983607991,0,1,FALSE,0.138855809,0.311978928,0,1,FALSE,"Not significant","Q1 (MeCP2 up / H2A up)"
"Dnah10",0.148126587,0.438597899,0,1,FALSE,-0.254457609,0.072511068,0,1,FALSE,"Not significant","Q4 (MeCP2 up / H2A down)"
"Dnah11",2.39643708309109,2.34e-23,7,9,TRUE,1.3904032224591,2.24e-59,11,12,TRUE,"Significant","Q1 (MeCP2 up / H2A up)"
"Dnah17",-0.0987874548230047,0.53788045,0,4,FALSE,-0.71807098153234,2.32e-06,1,2,TRUE,"Not significant","Q3 (MeCP2 down / H2A down)"
"Dnah5",1.75866320902043,7.04e-08,2,4,TRUE,0.815366708060957,1.22e-14,4,5,TRUE,"Significant","Q1 (MeCP2 up / H2A up)"
"Dnah8",-0.0883673036662572,0.441178758,0,4,FALSE,-0.262634494,0.144829332,0,1,FALSE,"Not significant","Q3 (MeCP2 down / H2A down)"
"Dnai1",-0.0126744183584873,0.409681649,0,4,FALSE,0.376414377865099,0.000182125,2,6,TRUE,"Not significant","Q2 (MeCP2 down / H2A up)"
"Dnajb2",-0.010201099,0.976970957,0,1,FALSE,0.023728944,0.867060225,0,1,FALSE,"Not significant","Q2 (MeCP2 down / H2A up)"
"Dnajb6",-0.018256837,0.954048475,0,1,FALSE,-0.208910131,0.175356062,0,1,FALSE,"Not significant","Q3 (MeCP2 down / H2A down)"
"Dnajb8",-0.134219339777227,0.523883278,0,2,FALSE,-0.485520979400522,2.05e-06,6,8,TRUE,"Not significant","Q3 (MeCP2 down / H2A down)"
"Dnajc24",1.2422386916773,0.000144741,1,7,TRUE,0.460858996196142,3.41e-12,4,7,TRUE,"Significant","Q1 (MeCP2 up / H2A up)"
"Dnajc5b",0.293404557,0.188379919,0,1,FALSE,0.481025670886882,1.12e-07,2,3,TRUE,"Not significant","Q1 (MeCP2 up / H2A up)"
"Dnase2b",-0.0158570376930316,0.952424049,0,2,FALSE,0.325085672,0.003924928,1,1,TRUE,"Not significant","Q2 (MeCP2 down / H2A up)"
"Dner",-0.112944785,0.600196601,0,1,FALSE,0.453986939000107,0.000114509,1,2,TRUE,"Not significant","Q2 (MeCP2 down / H2A up)"
"Dnm3",0.330743113031107,0.092080641,0,2,FALSE,0.67808258528554,3.33e-08,6,9,TRUE,"Not significant","Q1 (MeCP2 up / H2A up)"
"Dnm3os",-0.129044539,0.527242679,0,1,FALSE,-0.00526530353726124,0.072360966,0,2,FALSE,"Not significant","Q3 (MeCP2 down / H2A down)"
"Dnmt3a",-0.0592248642709298,0.720462477,0,3,FALSE,-0.360560534184457,0.001166069,3,5,TRUE,"Not significant","Q3 (MeCP2 down / H2A down)"
"Doc2b",0.253118653701686,0.153251115,0,4,FALSE,-0.0636170943287877,0.282770618,0,4,FALSE,"Not significant","Q4 (MeCP2 up / H2A down)"
"Dock1",0.289144362103499,0.008489846,1,9,TRUE,0.328468916506076,0.02291604,1,2,TRUE,"Significant","Q1 (MeCP2 up / H2A up)"
"Dock4",-0.0685567620021091,0.014303684,2,5,TRUE,0.812505260215388,5.65e-23,8,11,TRUE,"Significant","Q2 (MeCP2 down / H2A up)"
"Dock5",-0.0956594444351204,0.614783904,0,2,FALSE,0.346879509,0.00068844,1,1,TRUE,"Not significant","Q2 (MeCP2 down / H2A up)"
"Dock9",0.743394281,0.009819671,1,1,TRUE,0.507809754,0.000240035,1,1,TRUE,"Significant","Q1 (MeCP2 up / H2A up)"
"Dok5",2.06552110340438,2.07e-16,2,13,TRUE,0.48844300843022,9.02e-06,2,5,TRUE,"Significant","Q1 (MeCP2 up / H2A up)"
"Dok7",-0.045269055,0.8637862,0,1,FALSE,-0.636795398899583,1.55e-07,2,4,TRUE,"Not significant","Q3 (MeCP2 down / H2A down)"
"Dot1l",-0.103405368,0.62622501,0,1,FALSE,0.191754621,0.11667386,0,1,FALSE,"Not significant","Q2 (MeCP2 down / H2A up)"
"Dpf3",-0.0857887062229883,0.634355976,0,4,FALSE,0.264272674344623,0.00198799,1,7,TRUE,"Not significant","Q2 (MeCP2 down / H2A up)"
"Dpp10",2.55838442040851,2.64e-17,3,4,TRUE,1.1436187922463,4.48e-19,6,6,TRUE,"Significant","Q1 (MeCP2 up / H2A up)"
"Dpp4",0.142781726854473,0.265205986,0,3,FALSE,0.650677342822259,1.7e-15,2,2,TRUE,"Not significant","Q1 (MeCP2 up / H2A up)"
"Dpp6",0.168114424882659,0.176305077,0,10,FALSE,0.215503110963901,6.23e-06,8,17,TRUE,"Not significant","Q1 (MeCP2 up / H2A up)"
"Dppa2",1.48023557282407,2.81e-07,2,4,TRUE,0.583690749,0.000121177,1,1,TRUE,"Significant","Q1 (MeCP2 up / H2A up)"
"Dpt",0.912852127,0.002003892,1,1,TRUE,0.938999573453788,1.81e-28,5,5,TRUE,"Significant","Q1 (MeCP2 up / H2A up)"
"Dpyd",0.512046627938867,0.041091983,1,2,TRUE,0.694528810283206,2.17e-09,7,7,TRUE,"Significant","Q1 (MeCP2 up / H2A up)"
"Dpys",0.014586115,0.964607607,0,1,FALSE,1.20037677628124,1.19e-32,4,4,TRUE,"Not significant","Q1 (MeCP2 up / H2A up)"
"Dpysl4",-0.151568475534699,0.364472783,0,5,FALSE,-0.392302132993357,0.000169716,4,4,TRUE,"Not significant","Q3 (MeCP2 down / H2A down)"
"Dpysl5",-0.068675773421709,0.75655374,0,2,FALSE,0.062781986,0.694753153,0,1,FALSE,"Not significant","Q2 (MeCP2 down / H2A up)"
"Drc1",-0.0238167488796714,0.92536574,0,2,FALSE,-0.389659518,0.014654741,1,1,TRUE,"Not significant","Q3 (MeCP2 down / H2A down)"
"Drd3",-0.051863201642762,0.057980826,0,2,FALSE,0.404585286707313,2.42e-05,1,3,TRUE,"Not significant","Q2 (MeCP2 down / H2A up)"
"Drgx",0.071900862,0.754786642,0,1,FALSE,0.264511195545893,0.029414757,1,2,TRUE,"Not significant","Q1 (MeCP2 up / H2A up)"
"Dsc3",1.723608384,2.15e-08,1,1,TRUE,0.862487349,2.61e-07,1,1,TRUE,"Significant","Q1 (MeCP2 up / H2A up)"
"Dscam",-0.0241093443984934,1.18e-06,6,31,TRUE,0.349586310097824,2.38e-09,17,27,TRUE,"Significant","Q2 (MeCP2 down / H2A up)"
"Dscaml1",1.2308417051755,3.93e-09,2,21,TRUE,0.113312880959798,0.035459099,2,7,TRUE,"Significant","Q1 (MeCP2 up / H2A up)"
"Dsg2",0.398172344407591,0.104443467,0,2,FALSE,0.559412953803353,3.96e-07,3,4,TRUE,"Not significant","Q1 (MeCP2 up / H2A up)"
"Dst",-0.170283253304773,0.347304049,0,4,FALSE,-0.504862712612459,3.66e-05,1,4,TRUE,"Not significant","Q3 (MeCP2 down / H2A down)"
"Dtna",-0.016662931,0.959183112,0,1,FALSE,0.50091103958857,0.000229725,2,2,TRUE,"Not significant","Q2 (MeCP2 down / H2A up)"
"Dtnb",0.079140566,0.729425974,0,1,FALSE,0.99182139,5.18e-24,1,1,TRUE,"Not significant","Q1 (MeCP2 up / H2A up)"
"Dtnbp1",-0.002931322,0.994092053,0,1,FALSE,-0.452326016195735,0.001534925,2,3,TRUE,"Not significant","Q3 (MeCP2 down / H2A down)"
"Duox1",-0.040535908,0.883455686,0,1,FALSE,-0.298011706557798,0.111207655,0,2,FALSE,"Not significant","Q3 (MeCP2 down / H2A down)"
"Dusp1",1.572676808,5.32e-08,1,1,TRUE,0.191715503,0.224454358,0,1,FALSE,"Not significant","Q1 (MeCP2 up / H2A up)"
"Dusp15",-0.099715096,0.655290406,0,1,FALSE,-0.233833218,0.032737249,1,1,TRUE,"Not significant","Q3 (MeCP2 down / H2A down)"
"Dusp29",-0.039018140100308,0.863821448,0,2,FALSE,0.101484275,0.352966043,0,1,FALSE,"Not significant","Q2 (MeCP2 down / H2A up)"
"Dusp4",0.063148037,0.790241525,0,1,FALSE,-0.00580936,0.958289452,0,1,FALSE,"Not significant","Q4 (MeCP2 up / H2A down)"
"Dusp6",0.875075048454355,0.001167737,1,3,TRUE,0.735856361357696,8.67e-10,4,5,TRUE,"Significant","Q1 (MeCP2 up / H2A up)"
"Dut",-0.149061148,0.487469191,0,1,FALSE,-0.013426416,0.943503465,0,1,FALSE,"Not significant","Q3 (MeCP2 down / H2A down)"
"Dynlrb2",1.67686690856329,8.98e-09,2,4,TRUE,-0.103012313267268,0.300244689,0,2,FALSE,"Not significant","Q4 (MeCP2 up / H2A down)"
"Dysf",-0.504746489475818,0.008911518,3,14,TRUE,0.161187255388484,1.12e-05,3,10,TRUE,"Significant","Q2 (MeCP2 down / H2A up)"
"E030013I19Rik",0.172472033,0.373434835,0,1,FALSE,0.513936888425244,1.55e-05,2,2,TRUE,"Not significant","Q1 (MeCP2 up / H2A up)"
"E030018B13Rik",-0.122582691507655,0.496555094,0,2,FALSE,0.454321614,0.005961946,1,1,TRUE,"Not significant","Q2 (MeCP2 down / H2A up)"
"E130114P18Rik",0.711428164195133,0.000182365,2,19,TRUE,0.639805697669513,5.25e-25,12,18,TRUE,"Significant","Q1 (MeCP2 up / H2A up)"
"E130119H09Rik",-0.0200033372464337,0.897621224,0,5,FALSE,0.316443396120683,0.000691954,1,2,TRUE,"Not significant","Q2 (MeCP2 down / H2A up)"
"E130308A19Rik",0.0488856075270214,0.522384792,0,3,FALSE,0.405494065392794,7.1e-05,1,2,TRUE,"Not significant","Q1 (MeCP2 up / H2A up)"
"E130310I04Rik",0.0623912557005978,0.447942461,0,3,FALSE,0.024138675,0.91017473,0,1,FALSE,"Not significant","Q1 (MeCP2 up / H2A up)"
"E230016M11Rik",-0.687102786820121,0.00058791,1,7,TRUE,-0.0231055651998938,1.16e-08,4,8,TRUE,"Significant","Q3 (MeCP2 down / H2A down)"
"E2f1",0.041865928,0.875577788,0,1,FALSE,0.409065517,0.000293956,1,1,TRUE,"Not significant","Q1 (MeCP2 up / H2A up)"
"E2f7",-0.151029974,0.46553678,0,1,FALSE,0.399810799492283,3.17e-05,2,3,TRUE,"Not significant","Q2 (MeCP2 down / H2A up)"
"E2f8",0.149888409758451,0.431275724,0,2,FALSE,0.454872437,0.000226733,1,1,TRUE,"Not significant","Q1 (MeCP2 up / H2A up)"
"E430016F16Rik",-0.389623987389662,0.098982521,0,3,FALSE,-0.200273143,0.083220078,0,1,FALSE,"Not significant","Q3 (MeCP2 down / H2A down)"
"Ebag9",2.27376132883694,5.18e-16,2,3,TRUE,0.672140234352195,7.24e-14,3,3,TRUE,"Significant","Q1 (MeCP2 up / H2A up)"
"Ebf1",1.27728380729541,1.82e-15,3,16,TRUE,0.544885102728434,2.78e-07,3,7,TRUE,"Significant","Q1 (MeCP2 up / H2A up)"
"Ebf2",-0.507509954271111,0.038716807,1,3,TRUE,-0.196729216813961,0.140828299,0,2,FALSE,"Not significant","Q3 (MeCP2 down / H2A down)"
"Ebf3",0.0205728424085235,0.496821739,0,7,FALSE,-0.151187698,0.146886,0,1,FALSE,"Not significant","Q4 (MeCP2 up / H2A down)"
"Ece1",-0.0669353002106351,0.694214894,0,3,FALSE,-0.600710466664952,6.17e-09,3,3,TRUE,"Not significant","Q3 (MeCP2 down / H2A down)"
"Ecel1",-0.036985085,0.891079986,0,1,FALSE,0.682900647,1.12e-08,1,1,TRUE,"Not significant","Q2 (MeCP2 down / H2A up)"
"Echdc3",0.412761261322708,0.047379254,1,3,TRUE,0.673040349249652,2.27e-08,6,6,TRUE,"Significant","Q1 (MeCP2 up / H2A up)"
"Edar",-0.120211262662693,0.382773671,0,6,FALSE,-0.0679198001514546,0.015686913,2,12,TRUE,"Not significant","Q3 (MeCP2 down / H2A down)"
"Edn2",-0.919723959555974,0.006456351,1,3,TRUE,-0.451132000127711,2.46e-06,2,2,TRUE,"Significant","Q3 (MeCP2 down / H2A down)"
"Eea1",0.65645848769586,0.010253643,1,3,TRUE,0.495617992534203,7.65e-07,3,6,TRUE,"Significant","Q1 (MeCP2 up / H2A up)"
"Eef2kmt",0.346758377871134,0.092211125,0,3,FALSE,-0.594705533822414,1.62e-09,1,3,TRUE,"Not significant","Q4 (MeCP2 up / H2A down)"
"Eefsec",0.064472471,0.782759783,0,1,FALSE,-0.309992191525997,2.12e-05,1,3,TRUE,"Not significant","Q4 (MeCP2 up / H2A down)"
"Eepd1",1.54925048653502,4.6e-14,2,3,TRUE,0.343092398907006,0.002775863,1,3,TRUE,"Significant","Q1 (MeCP2 up / H2A up)"
"Efcab11",0.174840387794094,0.322411759,0,2,FALSE,0.345847476025111,0.003235978,2,4,TRUE,"Not significant","Q1 (MeCP2 up / H2A up)"
"Efcab2",-0.009587475,0.978586144,0,1,FALSE,1.104029223,7.46e-21,1,1,TRUE,"Not significant","Q2 (MeCP2 down / H2A up)"
"Efcab6",-0.319668675431927,0.033399788,1,27,TRUE,-0.362487149323315,0.000253648,9,18,TRUE,"Significant","Q3 (MeCP2 down / H2A down)"
"Efcab8",0.688544369243045,0.005818347,1,3,TRUE,0.76576777263848,2.75e-06,2,2,TRUE,"Significant","Q1 (MeCP2 up / H2A up)"
"Efhd1",0.037782487,0.888456139,0,1,FALSE,-0.49360892330234,0.001036686,1,2,TRUE,"Not significant","Q4 (MeCP2 up / H2A down)"
"Efna5",1.34492737195609,9.11e-11,3,6,TRUE,0.770656719967131,4.44e-22,5,6,TRUE,"Significant","Q1 (MeCP2 up / H2A up)"
"Efnb2",-0.274577715370203,0.062021638,0,21,FALSE,0.140073752853376,0.000162624,4,24,TRUE,"Not significant","Q2 (MeCP2 down / H2A up)"
"Efr3b",-0.004340607,0.99134691,0,1,FALSE,0.891733428,9.9e-24,1,1,TRUE,"Not significant","Q2 (MeCP2 down / H2A up)"
"Egln3",-0.0586922019138949,0.452800707,0,13,FALSE,0.405742200657253,0.000137157,9,23,TRUE,"Not significant","Q2 (MeCP2 down / H2A up)"
"Egr3",0.009218702,0.979524979,0,1,FALSE,0.269455086959288,0.002833302,3,6,TRUE,"Not significant","Q1 (MeCP2 up / H2A up)"
"Ehd4",-0.130268194,0.550184041,0,1,FALSE,0.175726384,0.252765211,0,1,FALSE,"Not significant","Q2 (MeCP2 down / H2A up)"
"Eid1",-0.179991488,0.384517348,0,1,FALSE,0.698180425,6.04e-07,1,1,TRUE,"Not significant","Q2 (MeCP2 down / H2A up)"
"Eipr1",-0.0216069518251075,0.907514376,0,2,FALSE,-0.195046354876864,0.093323597,0,4,FALSE,"Not significant","Q3 (MeCP2 down / H2A down)"
"Elapor1",-0.707102883665269,0.001296746,2,5,TRUE,-0.27040497933644,0.00673241,2,8,TRUE,"Significant","Q3 (MeCP2 down / H2A down)"
"Elapor2",0.748000871,0.018574283,1,1,TRUE,0.694087704321255,2.42e-13,2,3,TRUE,"Significant","Q1 (MeCP2 up / H2A up)"
"Elavl2",-0.166476639891583,0.266237232,0,15,FALSE,0.438442289244373,3.49e-06,11,13,TRUE,"Not significant","Q2 (MeCP2 down / H2A up)"
"Elavl3",-0.080935143,0.704095077,0,1,FALSE,0.022306899,0.849304711,0,1,FALSE,"Not significant","Q2 (MeCP2 down / H2A up)"
"Elf5",0.597150853041213,0.012634493,1,3,TRUE,0.570740565656084,1.13e-10,2,3,TRUE,"Significant","Q1 (MeCP2 up / H2A up)"
"Elfn1",-0.0736630656528149,0.532460107,0,7,FALSE,-0.336188901201631,4.12e-05,3,5,TRUE,"Not significant","Q3 (MeCP2 down / H2A down)"
"Elfn2",-0.292869779367729,0.10429112,0,3,FALSE,-0.246543821295744,0.072707404,0,3,FALSE,"Not significant","Q3 (MeCP2 down / H2A down)"
"Elk3",0.955303455620066,3.06e-06,2,7,TRUE,0.652723519421204,1.88e-09,6,6,TRUE,"Significant","Q1 (MeCP2 up / H2A up)"
"Ell",-0.039862634,0.881902648,0,1,FALSE,-0.2915394270181,0.013823827,1,2,TRUE,"Not significant","Q3 (MeCP2 down / H2A down)"
"Elmo1",1.92278416712932,1.89e-24,18,25,TRUE,1.11337673743791,1.15e-53,32,34,TRUE,"Significant","Q1 (MeCP2 up / H2A up)"
"Elmo2",-0.16701979,0.425893708,0,1,FALSE,-0.579421092280692,0.000624526,1,2,TRUE,"Not significant","Q3 (MeCP2 down / H2A down)"
"Elovl6",-0.111106264456633,0.555446473,0,2,FALSE,-0.401201897,0.035861005,1,1,TRUE,"Not significant","Q3 (MeCP2 down / H2A down)"
"Elp4",1.9648856985621,1.16e-11,5,5,TRUE,1.16130338761412,1.76e-28,2,2,TRUE,"Significant","Q1 (MeCP2 up / H2A up)"
"Emb",0.10034076,0.618598752,0,1,FALSE,0.936795588,2.04e-14,1,1,TRUE,"Not significant","Q1 (MeCP2 up / H2A up)"
"Emcn",2.93778999208012,7.02e-24,9,11,TRUE,1.4134647152351,8.97e-35,9,9,TRUE,"Significant","Q1 (MeCP2 up / H2A up)"
"Emid1",-0.570614533,0.032884266,1,1,TRUE,-0.235980782503959,0.039435983,1,4,TRUE,"Significant","Q3 (MeCP2 down / H2A down)"
"Eml1",1.05480660805184,1.72e-06,2,14,TRUE,0.175557598682793,0.004799706,2,8,TRUE,"Significant","Q1 (MeCP2 up / H2A up)"
"Emp1",-0.103301781,0.642419326,0,1,FALSE,-0.328426628,0.002220864,1,1,TRUE,"Not significant","Q3 (MeCP2 down / H2A down)"
"Emx1",-0.567529795148488,0.014496518,1,3,TRUE,-0.0962511603078418,0.256988267,0,2,FALSE,"Not significant","Q3 (MeCP2 down / H2A down)"
"En1",0.005533873,0.988906252,0,1,FALSE,-0.245160396,0.147735106,0,1,FALSE,"Not significant","Q4 (MeCP2 up / H2A down)"
"Enc1",0.00634266173066133,0.929856327,0,2,FALSE,0.029015442,0.830277184,0,1,FALSE,"Not significant","Q1 (MeCP2 up / H2A up)"
"Endou",-0.065326988,0.780099948,0,1,FALSE,-0.359877265644863,0.003629334,2,2,TRUE,"Not significant","Q3 (MeCP2 down / H2A down)"
"Endov",-0.181425712,0.405140398,0,1,FALSE,-0.340797277,0.02190684,1,1,TRUE,"Not significant","Q3 (MeCP2 down / H2A down)"
"Enkur",1.16580802893043,1.44e-05,1,4,TRUE,0.74180729704059,1.16e-11,4,5,TRUE,"Significant","Q1 (MeCP2 up / H2A up)"
"Eno4",-0.113916713915928,0.554513949,0,2,FALSE,0.418827772709683,0.00014822,1,2,TRUE,"Not significant","Q2 (MeCP2 down / H2A up)"
"Enox1",-0.823101313993658,1.05e-05,7,32,TRUE,-0.0320290698161486,3.26e-07,7,30,TRUE,"Significant","Q3 (MeCP2 down / H2A down)"
"Enpep",-0.029405559,0.917606728,0,1,FALSE,0.017892367,0.929464294,0,1,FALSE,"Not significant","Q2 (MeCP2 down / H2A up)"
"Enpp6",-0.129318236,0.519755782,0,1,FALSE,0.112032400509198,0.469825019,0,2,FALSE,"Not significant","Q2 (MeCP2 down / H2A up)"
"Entpd6",-0.054946487,0.826171729,0,1,FALSE,0.38378485,0.004601992,1,1,TRUE,"Not significant","Q2 (MeCP2 down / H2A up)"
"Entrep1",-0.045126916,0.8649465,0,1,FALSE,-0.199982364,0.151957676,0,1,FALSE,"Not significant","Q3 (MeCP2 down / H2A down)"
"Entrep2",-0.00714471487573329,0.419541222,0,13,FALSE,0.0629154271957484,0.019419423,1,5,TRUE,"Not significant","Q2 (MeCP2 down / H2A up)"
"Eomes",0.63971398,0.005298718,1,1,TRUE,0.764699725,8.73e-10,1,1,TRUE,"Significant","Q1 (MeCP2 up / H2A up)"
"Ep300",0.010228482,0.976800936,0,1,FALSE,-0.627804327,1.26e-05,1,1,TRUE,"Not significant","Q4 (MeCP2 up / H2A down)"
"Epas1",-0.355885040991494,0.036731381,1,10,TRUE,-0.456564630904635,5.56e-05,4,7,TRUE,"Significant","Q3 (MeCP2 down / H2A down)"
"Epb41l1",-0.128622128671165,0.546743657,0,2,FALSE,-0.207393512156871,0.051900768,0,4,FALSE,"Not significant","Q3 (MeCP2 down / H2A down)"
"Epb41l3",-0.0492286350597629,0.625240822,0,3,FALSE,0.0876814962330449,6.88e-05,3,6,TRUE,"Not significant","Q2 (MeCP2 down / H2A up)"
"Epb41l4a",0.161758317342421,0.326120239,0,4,FALSE,0.397340522152878,0.000228022,2,3,TRUE,"Not significant","Q1 (MeCP2 up / H2A up)"
"Epb41l4b",0.005863134,0.988202729,0,1,FALSE,-0.230519394501487,4.78e-06,3,6,TRUE,"Not significant","Q4 (MeCP2 up / H2A down)"
"Epcam",0.00638085987932073,0.981237983,0,3,FALSE,0.353471477,0.003121764,1,1,TRUE,"Not significant","Q1 (MeCP2 up / H2A up)"
"Epcip",-0.215255081,0.336274595,0,1,FALSE,-0.228800977445362,0.006130141,1,4,TRUE,"Not significant","Q3 (MeCP2 down / H2A down)"
"Epha2",-0.0459068618372871,0.796868821,0,2,FALSE,-0.222013976,0.171232242,0,1,FALSE,"Not significant","Q3 (MeCP2 down / H2A down)"
"Epha3",1.88287708114675,2.52e-13,12,19,TRUE,0.865653700505791,8.3e-27,12,13,TRUE,"Significant","Q1 (MeCP2 up / H2A up)"
"Epha4",0.121059237933252,0.179286828,0,9,FALSE,0.224449531413782,0.000200101,2,5,TRUE,"Not significant","Q1 (MeCP2 up / H2A up)"
"Epha5",1.72863056888921,1.11e-08,6,8,TRUE,1.14996072514451,1.38e-17,7,7,TRUE,"Significant","Q1 (MeCP2 up / H2A up)"
"Epha7",0.228884162096154,0.236964821,0,2,FALSE,0.566795400978092,4.57e-06,3,4,TRUE,"Not significant","Q1 (MeCP2 up / H2A up)"
"Epha8",0.0610795893099977,0.768254505,0,3,FALSE,-0.146782512173254,0.147422155,0,2,FALSE,"Not significant","Q4 (MeCP2 up / H2A down)"
"Ephb1",-0.300134710645946,1.54e-05,8,23,TRUE,-0.414752671471686,6.35e-05,10,17,TRUE,"Significant","Q3 (MeCP2 down / H2A down)"
"Ephb2",-0.648868500575482,0.001793435,2,13,TRUE,-0.70624874819144,2.94e-09,6,6,TRUE,"Significant","Q3 (MeCP2 down / H2A down)"
"Ephx1",-0.00156228828213361,0.948424817,0,2,FALSE,-0.151142435432133,0.234289924,0,2,FALSE,"Not significant","Q3 (MeCP2 down / H2A down)"
"Eps8",-0.309858825097261,0.085686689,0,7,FALSE,0.0485632439262638,0.05597731,0,6,FALSE,"Not significant","Q2 (MeCP2 down / H2A up)"
"Eps8l3",0.0398990145662139,0.797798739,0,2,FALSE,-0.297501982433315,0.000543793,1,2,TRUE,"Not significant","Q4 (MeCP2 up / H2A down)"
"Epsti1",0.111260930249571,0.396814613,0,6,FALSE,0.410352064122296,2.8e-05,2,5,TRUE,"Not significant","Q1 (MeCP2 up / H2A up)"
"Epyc",0.792134806,0.01437368,1,1,TRUE,0.61618021,7.72e-08,1,1,TRUE,"Significant","Q1 (MeCP2 up / H2A up)"
"Erbb4",1.6937128637624,2.76e-15,18,47,TRUE,0.984542521597889,4.11e-45,32,40,TRUE,"Significant","Q1 (MeCP2 up / H2A up)"
"Erbin",-0.150346345874117,0.498532396,0,2,FALSE,0.241744338820466,0.032431363,1,2,TRUE,"Not significant","Q2 (MeCP2 down / H2A up)"
"Erc2",-0.0266027282963756,0.027182183,1,10,TRUE,0.318087444545538,3.74e-08,9,14,TRUE,"Significant","Q2 (MeCP2 down / H2A up)"
"Ercc6",-0.010728086,0.975445646,0,1,FALSE,-0.265938712,0.053963304,0,1,FALSE,"Not significant","Q3 (MeCP2 down / H2A down)"
"Ercc8",3.29826266044635,1.82e-25,2,2,TRUE,1.70656514260183,3.51e-44,2,2,TRUE,"Significant","Q1 (MeCP2 up / H2A up)"
"Erfl",0.098043144,0.643940782,0,1,FALSE,-0.386778183,0.007005808,1,1,TRUE,"Not significant","Q4 (MeCP2 up / H2A down)"
"Erg",0.810592029073097,0.001002479,2,11,TRUE,0.622810772899592,1.01e-11,3,3,TRUE,"Significant","Q1 (MeCP2 up / H2A up)"
"Eri3",0.013116788,0.968856388,0,1,FALSE,-0.11389379704998,0.376965828,0,3,FALSE,"Not significant","Q4 (MeCP2 up / H2A down)"
"Erich3",0.257213615194792,0.049745888,1,9,TRUE,0.371896324796446,6.31e-14,5,13,TRUE,"Significant","Q1 (MeCP2 up / H2A up)"
"Ermn",0.188393040349946,0.354115781,0,2,FALSE,0.669793774,7.79e-13,1,1,TRUE,"Not significant","Q1 (MeCP2 up / H2A up)"
"Esrrb",-0.226304200151873,0.199039552,0,2,FALSE,-0.0705160392564496,0.026670771,1,4,TRUE,"Not significant","Q3 (MeCP2 down / H2A down)"
"Esrrg",1.25609422937013,3.32e-08,3,7,TRUE,1.2917888301672,1.56e-43,15,16,TRUE,"Significant","Q1 (MeCP2 up / H2A up)"
"Etl4",0.871582533,0.005251818,1,1,TRUE,0.215680394,0.353332609,0,1,FALSE,"Not significant","Q1 (MeCP2 up / H2A up)"
"Ets1",0.286171953400155,0.203504156,0,2,FALSE,0.284845608212784,1.23e-07,2,5,TRUE,"Not significant","Q1 (MeCP2 up / H2A up)"
"Ets2",1.3659189430791,2.8e-08,3,9,TRUE,0.453334390799586,1.1e-05,4,5,TRUE,"Significant","Q1 (MeCP2 up / H2A up)"
"Etv1",1.62791578315641,9.27e-12,6,7,TRUE,1.28883955920488,7.9e-41,5,6,TRUE,"Significant","Q1 (MeCP2 up / H2A up)"
"Etv6",-0.136055461,0.48096879,0,1,FALSE,0.00567431723443746,0.013615327,2,4,TRUE,"Not significant","Q2 (MeCP2 down / H2A up)"
"Evc2",-0.0880919151096571,0.628859206,0,2,FALSE,0.042032988,0.778559389,0,1,FALSE,"Not significant","Q2 (MeCP2 down / H2A up)"
"Exoc4",2.13924176738309,1.06e-13,3,10,TRUE,1.15809857725242,5.59e-41,9,13,TRUE,"Significant","Q1 (MeCP2 up / H2A up)"
"Exog",-0.0750659532557268,0.642102411,0,4,FALSE,-0.00816568252283302,0.532468579,0,3,FALSE,"Not significant","Q3 (MeCP2 down / H2A down)"
"Ext1",-0.287449973673944,0.029240529,1,5,TRUE,0.497697003261767,4.3e-12,9,19,TRUE,"Significant","Q2 (MeCP2 down / H2A up)"
"Ext2",-0.0868802968773359,0.617113121,0,3,FALSE,0.343010842444393,5.22e-07,4,5,TRUE,"Not significant","Q2 (MeCP2 down / H2A up)"
"Extl3",-1.05013215093786,0.000210096,1,2,TRUE,0.348170792345931,0.005576883,1,2,TRUE,"Significant","Q2 (MeCP2 down / H2A up)"
"Eya1",0.802024302110009,0.001193694,1,4,TRUE,0.650301586977185,2.67e-11,4,4,TRUE,"Significant","Q1 (MeCP2 up / H2A up)"
"Eya2",-0.103216762100104,0.130308952,0,12,FALSE,-0.364885123559833,0.000106285,2,3,TRUE,"Not significant","Q3 (MeCP2 down / H2A down)"
"Ezr",-0.0290604671838747,0.837635817,0,3,FALSE,-0.217214389072034,0.050098292,0,2,FALSE,"Not significant","Q3 (MeCP2 down / H2A down)"
"F12",-0.107499188,0.59419187,0,1,FALSE,-0.40864592,0.000538587,1,1,TRUE,"Not significant","Q3 (MeCP2 down / H2A down)"
"F2rl1",0.00979644,0.978070265,0,1,FALSE,-0.171346924,0.286145627,0,1,FALSE,"Not significant","Q4 (MeCP2 up / H2A down)"
"F3",-0.101748297915205,0.164886199,0,2,FALSE,1.14980616975545,3.72e-25,2,2,TRUE,"Not significant","Q2 (MeCP2 down / H2A up)"
"F630040K05Rik",-0.207429855332647,0.16860402,0,5,FALSE,0.00392429359192201,0.005158407,2,7,TRUE,"Not significant","Q2 (MeCP2 down / H2A up)"
"F830045P16Rik",1.07513406875868,6.94e-07,1,2,TRUE,0.371696745207063,9.29e-07,1,2,TRUE,"Significant","Q1 (MeCP2 up / H2A up)"
"Faah",-0.060634202,0.807101552,0,1,FALSE,-0.418583155366741,0.000843558,2,3,TRUE,"Not significant","Q3 (MeCP2 down / H2A down)"
"Fabp5",-0.322286549,0.14118104,0,1,FALSE,-0.0623642232798926,0.71693352,0,2,FALSE,"Not significant","Q3 (MeCP2 down / H2A down)"
"Fabp6",0.152691862,0.44951712,0,1,FALSE,0.672535184,1.51e-06,1,1,TRUE,"Not significant","Q1 (MeCP2 up / H2A up)"
"Fah",-0.001583137,0.996576594,0,1,FALSE,-0.209565845,0.30140497,0,1,FALSE,"Not significant","Q3 (MeCP2 down / H2A down)"
"Fahd2a",-0.0465823570671025,0.854250131,0,2,FALSE,-0.174825928,0.318871745,0,1,FALSE,"Not significant","Q3 (MeCP2 down / H2A down)"
"Fam107b",1.46162597579791,5.5e-10,10,11,TRUE,0.99637645705405,1.12e-29,10,11,TRUE,"Significant","Q1 (MeCP2 up / H2A up)"
"Fam110b",1.24421106405158,9.74e-10,4,7,TRUE,0.730882003452219,1.36e-16,5,8,TRUE,"Significant","Q1 (MeCP2 up / H2A up)"
"Fam114a1",-0.403033503753462,0.051933638,0,4,FALSE,0.0695090845964565,0.181080304,0,2,FALSE,"Not significant","Q2 (MeCP2 down / H2A up)"
"Fam120b",-0.674868740270284,0.003875134,1,2,TRUE,0.131356067,0.235870295,0,1,FALSE,"Not significant","Q2 (MeCP2 down / H2A up)"
"Fam124a",-0.007222358,0.985161639,0,1,FALSE,0.600255336302677,2.11e-07,2,2,TRUE,"Not significant","Q2 (MeCP2 down / H2A up)"
"Fam135b",-1.31637678156979,5.09e-05,1,3,TRUE,0.120037552516051,0.000204237,2,3,TRUE,"Significant","Q2 (MeCP2 down / H2A up)"
"Fam163a",-0.165738686,0.381775349,0,1,FALSE,-0.028411726,0.866444785,0,1,FALSE,"Not significant","Q3 (MeCP2 down / H2A down)"
"Fam169a",0.802435152656962,0.000441445,2,4,TRUE,0.733264573261295,7.48e-07,2,3,TRUE,"Significant","Q1 (MeCP2 up / H2A up)"
"Fam169b",-0.205304988892277,0.291638251,0,3,FALSE,-0.0751279341316954,0.547403706,0,3,FALSE,"Not significant","Q3 (MeCP2 down / H2A down)"
"Fam178b",-0.0645300164356234,0.429314341,0,6,FALSE,0.172505239934899,0.000720375,1,6,TRUE,"Not significant","Q2 (MeCP2 down / H2A up)"
"Fam181a",0.023190469,0.940853886,0,1,FALSE,0.008461778,0.963960456,0,1,FALSE,"Not significant","Q1 (MeCP2 up / H2A up)"
"Fam20c",-0.654733367623389,0.010633891,2,5,TRUE,-0.446002448731637,0.000954312,1,2,TRUE,"Significant","Q3 (MeCP2 down / H2A down)"
"Fam216b",0.035923443,0.895212255,0,1,FALSE,0.281002751,0.201315987,0,1,FALSE,"Not significant","Q1 (MeCP2 up / H2A up)"
"Fam222a",-0.232430442,0.241455042,0,1,FALSE,-0.154343079495428,0.167121319,0,2,FALSE,"Not significant","Q3 (MeCP2 down / H2A down)"
"Fam241b",0.093399972,0.657893526,0,1,FALSE,0.413874618,4.97e-06,1,1,TRUE,"Not significant","Q1 (MeCP2 up / H2A up)"
"Fam243",0.081578205,0.706064801,0,1,FALSE,0.567040054,0.000100319,1,1,TRUE,"Not significant","Q1 (MeCP2 up / H2A up)"
"Fam3d",0.0713114815699515,0.700087995,0,2,FALSE,0.404154403538866,0.001458087,2,2,TRUE,"Not significant","Q1 (MeCP2 up / H2A up)"
"Fam43a",-0.120151733,0.548412242,0,1,FALSE,-0.328295922166366,0.000551462,1,2,TRUE,"Not significant","Q3 (MeCP2 down / H2A down)"
"Fam50b",-0.038792533,0.886852602,0,1,FALSE,0.226900125,0.113962039,0,1,FALSE,"Not significant","Q2 (MeCP2 down / H2A up)"
"Fam53b",-0.0288696171931931,0.91171539,0,2,FALSE,0.493474414536051,9.55e-07,1,5,TRUE,"Not significant","Q2 (MeCP2 down / H2A up)"
"Fam78b",1.99815644870696,1.13e-16,3,5,TRUE,0.855126913234811,8.25e-33,3,7,TRUE,"Significant","Q1 (MeCP2 up / H2A up)"
"Fam83d",-0.163755265821091,0.329231425,0,4,FALSE,-0.151096663648468,0.065914976,0,2,FALSE,"Not significant","Q3 (MeCP2 down / H2A down)"
"Fam83g",-0.957498128989813,0.000104459,3,4,TRUE,-0.443489863,9.34e-08,1,1,TRUE,"Significant","Q3 (MeCP2 down / H2A down)"
"Fam98b",0.096994357,0.656260987,0,1,FALSE,0.160176633,0.254704755,0,1,FALSE,"Not significant","Q1 (MeCP2 up / H2A up)"
"Fank1",0.319168856193908,0.043015293,1,3,TRUE,0.150956299005432,0.194386408,0,2,FALSE,"Not significant","Q1 (MeCP2 up / H2A up)"
"Farp1",-0.501884730778041,0.018731316,4,13,TRUE,0.382991972694097,2.94e-07,5,8,TRUE,"Significant","Q2 (MeCP2 down / H2A up)"
"Fars2",0.264338231994677,0.175672443,0,3,FALSE,0.69452026903524,1.35e-18,7,13,TRUE,"Not significant","Q1 (MeCP2 up / H2A up)"
"Fat1",-0.0359056602047189,0.843373957,0,6,FALSE,0.447402151323438,8.36e-05,1,4,TRUE,"Not significant","Q2 (MeCP2 down / H2A up)"
"Fat3",0.107362452754218,0.127699507,0,17,FALSE,0.530103758766795,8.24e-12,15,23,TRUE,"Not significant","Q1 (MeCP2 up / H2A up)"
"Fat4",-0.00494132151626214,0.697319691,0,2,FALSE,1.00890077157143,7.95e-17,1,2,TRUE,"Not significant","Q2 (MeCP2 down / H2A up)"
"Fau",0.70116034837233,0.014772321,1,2,TRUE,0.421020796554417,8.58e-06,3,4,TRUE,"Significant","Q1 (MeCP2 up / H2A up)"
"Fbh1",-0.425346077,0.078972331,0,1,FALSE,-0.456137893,0.00021121,1,1,TRUE,"Not significant","Q3 (MeCP2 down / H2A down)"
"Fbln1",-0.0107771093262524,0.78796228,0,4,FALSE,-0.0214818686991818,0.000389261,3,5,TRUE,"Not significant","Q3 (MeCP2 down / H2A down)"
"Fbln2",-0.39794752782633,0.03029249,1,8,TRUE,-0.111910355666793,0.039792977,1,8,TRUE,"Significant","Q3 (MeCP2 down / H2A down)"
"Fbln5",0.17532450292255,0.364018123,0,2,FALSE,0.214364432684495,0.057254818,0,3,FALSE,"Not significant","Q1 (MeCP2 up / H2A up)"
"Fbln7",-0.035452072,0.896060477,0,1,FALSE,0.455626325,1.53e-05,1,1,TRUE,"Not significant","Q2 (MeCP2 down / H2A up)"
"Fbn1",0.103929941,0.638956775,0,1,FALSE,0.508464746,8.6e-05,1,1,TRUE,"Not significant","Q1 (MeCP2 up / H2A up)"
"Fbrsl1",-0.0362814965643515,0.820828625,0,3,FALSE,-0.415791906507274,3.85e-05,2,6,TRUE,"Not significant","Q3 (MeCP2 down / H2A down)"
"Fbxl17",-0.999861244046649,0.001733198,2,3,TRUE,0.256974824336408,0.041052913,1,2,TRUE,"Significant","Q2 (MeCP2 down / H2A up)"
"Fbxo2",-0.188024419,0.383615049,0,1,FALSE,-0.096899977,0.388926852,0,1,FALSE,"Not significant","Q3 (MeCP2 down / H2A down)"
"Fbxo32",0.096215708,0.641402542,0,1,FALSE,0.414355596,0.010976483,1,1,TRUE,"Not significant","Q1 (MeCP2 up / H2A up)"
"Fbxw11",-0.125748114,0.53656391,0,1,FALSE,0.611201083,0.000345766,1,1,TRUE,"Not significant","Q2 (MeCP2 down / H2A up)"
"Fbxw4",-0.039937334,0.880278245,0,1,FALSE,-0.233292926,0.103448113,0,1,FALSE,"Not significant","Q3 (MeCP2 down / H2A down)"
"Fbxw7",1.35838033084852,3.45e-06,2,4,TRUE,1.03473491611021,1.92e-22,6,7,TRUE,"Significant","Q1 (MeCP2 up / H2A up)"
"Fbxw8",-0.0292994914593743,0.755017453,0,2,FALSE,-0.554692605996211,0.000762357,1,3,TRUE,"Not significant","Q3 (MeCP2 down / H2A down)"
"Fcmr",-0.053862427,0.829786691,0,1,FALSE,0.135543193,0.218656101,0,1,FALSE,"Not significant","Q2 (MeCP2 down / H2A up)"
"Fcnb",-0.0777650571916402,0.685682961,0,2,FALSE,-0.297503036660063,0.000848615,2,3,TRUE,"Not significant","Q3 (MeCP2 down / H2A down)"
"Fcrlb",-0.076534231,0.734033979,0,1,FALSE,0.333413427,0.008048677,1,1,TRUE,"Not significant","Q2 (MeCP2 down / H2A up)"
"Fendrr",-0.258004229726093,0.141972162,0,4,FALSE,-0.697381951960812,4.92e-12,1,3,TRUE,"Not significant","Q3 (MeCP2 down / H2A down)"
"Fer",-0.080318336,0.716495175,0,1,FALSE,0.404249600566576,0.00030559,2,3,TRUE,"Not significant","Q2 (MeCP2 down / H2A up)"
"Fer1l6",-0.209812679753998,0.255778899,0,2,FALSE,0.360995133,6.67e-05,1,1,TRUE,"Not significant","Q2 (MeCP2 down / H2A up)"
"Fez1",-0.138198343,0.503101876,0,1,FALSE,0.047579056,0.795229907,0,1,FALSE,"Not significant","Q2 (MeCP2 down / H2A up)"
"Fgd5",-0.108468098807499,0.438597899,0,8,FALSE,-0.193926883836334,0.003164303,4,8,TRUE,"Not significant","Q3 (MeCP2 down / H2A down)"
"Fgd6",0.40699710943672,0.0549534,0,4,FALSE,0.532588070863557,6.13e-05,2,2,TRUE,"Not significant","Q1 (MeCP2 up / H2A up)"
"Fgf1",2.07249360429688,2.63e-23,9,12,TRUE,1.15459253999911,2.7e-32,9,9,TRUE,"Significant","Q1 (MeCP2 up / H2A up)"
"Fgf12",1.690064087,1.07e-05,1,1,TRUE,0.838809334048452,3.14e-15,5,6,TRUE,"Significant","Q1 (MeCP2 up / H2A up)"
"Fgf13",0.825108691219728,0.011788547,1,2,TRUE,0.403977948201848,0.00301511,1,2,TRUE,"Significant","Q1 (MeCP2 up / H2A up)"
"Fgf18",-0.116660201835543,0.439465341,0,5,FALSE,0.0142162060944702,0.123093345,0,4,FALSE,"Not significant","Q2 (MeCP2 down / H2A up)"
"Fgf23",-0.04271175,0.872980325,0,1,FALSE,-0.001310173,0.994042275,0,1,FALSE,"Not significant","Q3 (MeCP2 down / H2A down)"
"Fgf5",-0.037043043,0.897521585,0,1,FALSE,0.032734481,0.85164091,0,1,FALSE,"Not significant","Q2 (MeCP2 down / H2A up)"
"Fgfr1",2.27571505261156,2.76e-16,3,9,TRUE,0.806402309230804,5.64e-14,4,5,TRUE,"Significant","Q1 (MeCP2 up / H2A up)"
"Fgfr2",0.159247181814053,0.134665838,0,4,FALSE,-0.158754592,0.295984755,0,1,FALSE,"Not significant","Q4 (MeCP2 up / H2A down)"
"Fgfr4",-0.279838918133025,0.173124278,0,2,FALSE,-0.436509831,0.002400779,1,1,TRUE,"Not significant","Q3 (MeCP2 down / H2A down)"
"Fgg",0.142193433,0.509639904,0,1,FALSE,0.583778894373141,1.59e-06,3,3,TRUE,"Not significant","Q1 (MeCP2 up / H2A up)"
"Fhad1",-0.129974286,0.487395134,0,1,FALSE,-0.37168952,0.00531562,1,1,TRUE,"Not significant","Q3 (MeCP2 down / H2A down)"
"Fhdc1",1.5858556093953,1.3e-06,2,3,TRUE,-0.041984874,0.758912746,0,1,FALSE,"Not significant","Q4 (MeCP2 up / H2A down)"
"Fhip1a",0.10089302151866,0.621015759,0,3,FALSE,0.662920328244959,8.39e-16,3,5,TRUE,"Not significant","Q1 (MeCP2 up / H2A up)"
"Fhip2b",-0.047845301,0.849745927,0,1,FALSE,-0.283714439,0.082582566,0,1,FALSE,"Not significant","Q3 (MeCP2 down / H2A down)"
"Fhit",1.51920914983035,3.16e-11,4,5,TRUE,0.873576021007618,6.26e-14,4,4,TRUE,"Significant","Q1 (MeCP2 up / H2A up)"
"Fhod3",0.276904554899055,0.059528918,0,5,FALSE,0.505435395963219,9.5e-11,9,10,TRUE,"Not significant","Q1 (MeCP2 up / H2A up)"
"Fibcd1",-0.115933696,0.596796256,0,1,FALSE,-0.572756571,1.82e-07,1,1,TRUE,"Not significant","Q3 (MeCP2 down / H2A down)"
"Fign",-0.163272126,0.41539493,0,1,FALSE,-0.468400632016162,6.66e-05,1,3,TRUE,"Not significant","Q3 (MeCP2 down / H2A down)"
"Fignl2",-0.0816799391401194,0.637573208,0,5,FALSE,-0.466629585587068,3.19e-07,2,3,TRUE,"Not significant","Q3 (MeCP2 down / H2A down)"
"Fkrp",-0.051772395,0.839741782,0,1,FALSE,-0.097001645,0.489923688,0,1,FALSE,"Not significant","Q3 (MeCP2 down / H2A down)"
"Flnb",-0.043564319395605,0.84389427,0,2,FALSE,0.481207965991409,2.02e-08,1,3,TRUE,"Not significant","Q2 (MeCP2 down / H2A up)"
"Flrt1",-0.397776284668632,0.028974552,1,6,TRUE,-0.381661030318362,6.07e-05,5,6,TRUE,"Significant","Q3 (MeCP2 down / H2A down)"
"Flrt3",1.760040260874,4.73e-15,2,4,TRUE,0.376539010595973,6.86e-10,6,6,TRUE,"Significant","Q1 (MeCP2 up / H2A up)"
"Flt4",-0.030240621012353,0.905905187,0,2,FALSE,-0.787482831,3.34e-09,1,1,TRUE,"Not significant","Q3 (MeCP2 down / H2A down)"
"Fmnl2",0.271352754483769,0.102646875,0,4,FALSE,0.269713405517578,0.005434386,2,7,TRUE,"Not significant","Q1 (MeCP2 up / H2A up)"
"Fmnl3",-0.145550546,0.484158444,0,1,FALSE,-0.177387918,0.167970347,0,1,FALSE,"Not significant","Q3 (MeCP2 down / H2A down)"
"Fmo9",3.137006941,3.99e-24,1,1,TRUE,1.347669132,1.12e-12,1,1,TRUE,"Significant","Q1 (MeCP2 up / H2A up)"
"Fmod",-0.310661607224099,0.139614324,0,3,FALSE,0.131220029338213,0.053598926,0,3,FALSE,"Not significant","Q2 (MeCP2 down / H2A up)"
"Fnbp1l",1.383839835,7.85e-05,1,1,TRUE,0.446423833,0.006682305,1,1,TRUE,"Significant","Q1 (MeCP2 up / H2A up)"
"Fndc3a",-0.012578221,0.970195168,0,1,FALSE,-0.513917722510842,4.62e-05,2,4,TRUE,"Not significant","Q3 (MeCP2 down / H2A down)"
"Fndc3b",0.589590476981074,0.004713998,1,8,TRUE,0.224433501344159,0.000346429,3,5,TRUE,"Significant","Q1 (MeCP2 up / H2A up)"
"Fnip2",0.800831182595232,0.005157514,1,2,TRUE,0.592748988453066,3.96e-09,3,6,TRUE,"Significant","Q1 (MeCP2 up / H2A up)"
"Focad",1.48034392101492,2.49e-08,4,7,TRUE,0.678332559027825,4.38e-09,8,13,TRUE,"Significant","Q1 (MeCP2 up / H2A up)"
"Fosl2",1.27543327,2.7e-05,1,1,TRUE,-0.098821485,0.443389274,0,1,FALSE,"Not significant","Q4 (MeCP2 up / H2A down)"
"Foxa2",1.074233511,0.000177924,1,1,TRUE,1.0425209601953,7.91e-21,2,5,TRUE,"Significant","Q1 (MeCP2 up / H2A up)"
"Foxc1",-0.374127117,0.114907341,0,1,FALSE,-0.217021080902252,0.20380713,0,2,FALSE,"Not significant","Q3 (MeCP2 down / H2A down)"
"Foxj1",-0.920676009069376,0.000815503,1,2,TRUE,-0.836469033,1.32e-13,1,1,TRUE,"Significant","Q3 (MeCP2 down / H2A down)"
"Foxj2",-0.012923594,0.969027668,0,1,FALSE,0.439952905,0.095098299,0,1,FALSE,"Not significant","Q2 (MeCP2 down / H2A up)"
"Foxk1",0.848893281958833,6.59e-06,3,10,TRUE,-0.149849754,0.316378928,0,1,FALSE,"Not significant","Q4 (MeCP2 up / H2A down)"
"Foxl1",0.0125945671454096,0.237007089,0,16,FALSE,-0.28743099485319,0.000175879,4,18,TRUE,"Not significant","Q4 (MeCP2 up / H2A down)"
"Foxn2",1.79956312641142,1.26e-09,2,4,TRUE,0.989372421481586,5.94e-12,1,2,TRUE,"Significant","Q1 (MeCP2 up / H2A up)"
"Foxn3",-0.0771609067961879,0.685774422,0,3,FALSE,-0.184459926750681,0.030531905,1,3,TRUE,"Not significant","Q3 (MeCP2 down / H2A down)"
"Foxo1",0.454069146942121,0.008165306,1,6,TRUE,0.362312602823947,3.5e-06,4,4,TRUE,"Significant","Q1 (MeCP2 up / H2A up)"
"Foxo3",-0.0102491273442131,0.951415639,0,2,FALSE,-0.190251526,0.138084445,0,1,FALSE,"Not significant","Q3 (MeCP2 down / H2A down)"
"Foxo6",-0.495394135634686,0.03369611,1,6,TRUE,-0.390648400885847,2.91e-05,2,4,TRUE,"Significant","Q3 (MeCP2 down / H2A down)"
"Foxp1",-0.591289979052739,0.001582572,3,23,TRUE,0.0579947412505626,0.000395452,2,18,TRUE,"Significant","Q2 (MeCP2 down / H2A up)"
"Foxp2",0.789059308388024,0.002360887,2,2,TRUE,0.657231584,7.28e-09,1,1,TRUE,"Significant","Q1 (MeCP2 up / H2A up)"
"Foxp4",-0.138533554672337,0.494133258,0,2,FALSE,-0.249911155328408,0.00453951,1,3,TRUE,"Not significant","Q3 (MeCP2 down / H2A down)"
"Foxq1",-0.020303557,0.94895805,0,1,FALSE,-0.485026071292704,0.000143528,1,3,TRUE,"Not significant","Q3 (MeCP2 down / H2A down)"
"Fpr2",-0.02546866,0.930738188,0,1,FALSE,0.403702837,0.003853253,1,1,TRUE,"Not significant","Q2 (MeCP2 down / H2A up)"
"Fras1",-0.09018632,0.688461083,0,1,FALSE,0.290520201,0.255616077,0,1,FALSE,"Not significant","Q2 (MeCP2 down / H2A up)"
"Frem1",1.55169081076025,8.25e-11,6,10,TRUE,0.722972399025932,3.45e-13,5,7,TRUE,"Significant","Q1 (MeCP2 up / H2A up)"
"Frem2",-0.0809455530552806,0.664028524,0,2,FALSE,0.400407934535915,0.000426696,3,3,TRUE,"Not significant","Q2 (MeCP2 down / H2A up)"
"Frk",0.044987304,0.86627028,0,1,FALSE,0.37558101,0.003704781,1,1,TRUE,"Not significant","Q1 (MeCP2 up / H2A up)"
"Frmd3",0.487071862,0.068526944,0,1,FALSE,0.558588713,0.002742257,1,1,TRUE,"Not significant","Q1 (MeCP2 up / H2A up)"
"Frmd4a",-0.845075657389839,2.45e-08,4,12,TRUE,0.3163474673232,1.19e-13,10,16,TRUE,"Significant","Q2 (MeCP2 down / H2A up)"
"Frmd4b",0.68822182112755,0.000544954,2,7,TRUE,0.697300061065181,6.57e-12,6,9,TRUE,"Significant","Q1 (MeCP2 up / H2A up)"
"Frmd5",1.28428997502909,5.84e-07,1,6,TRUE,0.00153714024618636,0.000244309,3,6,TRUE,"Significant","Q1 (MeCP2 up / H2A up)"
"Frmd6",0.660644725277165,5.54e-06,4,8,TRUE,0.482631274852596,1.04e-11,5,9,TRUE,"Significant","Q1 (MeCP2 up / H2A up)"
"Frmpd1",-0.089324069,0.680434049,0,1,FALSE,0.370635189,0.003584715,1,1,TRUE,"Not significant","Q2 (MeCP2 down / H2A up)"
"Fry",-0.010803661,0.975376669,0,1,FALSE,0.53059,0.00047343,1,1,TRUE,"Not significant","Q2 (MeCP2 down / H2A up)"
"Fsip1",-0.088203278,0.676373588,0,1,FALSE,-0.187333815,0.218748465,0,1,FALSE,"Not significant","Q3 (MeCP2 down / H2A down)"
"Fstl1",0.0927562567067314,0.614914417,0,2,FALSE,0.00342246981988717,0.116796406,0,3,FALSE,"Not significant","Q1 (MeCP2 up / H2A up)"
"Fstl4",0.0724476083981885,0.526699738,0,4,FALSE,-0.176442027019923,0.176196007,0,3,FALSE,"Not significant","Q4 (MeCP2 up / H2A down)"
"Fstl5",1.49450674852148,2.06e-05,1,2,TRUE,1.09392529535992,1.65e-21,4,4,TRUE,"Significant","Q1 (MeCP2 up / H2A up)"
"Ftcd",-0.11236658,0.608549399,0,1,FALSE,-0.017020471,0.954381777,0,1,FALSE,"Not significant","Q3 (MeCP2 down / H2A down)"
"Fto",-0.267311245345155,0.076710246,0,22,FALSE,0.166619529772531,0.000169326,6,21,TRUE,"Not significant","Q2 (MeCP2 down / H2A up)"
"Furin",-0.013206955,0.968405288,0,1,FALSE,0.050550025,0.753181323,0,1,FALSE,"Not significant","Q2 (MeCP2 down / H2A up)"
"Fut8",1.4465503619264,2.86e-10,2,2,TRUE,0.706589517823294,6.02e-20,2,2,TRUE,"Significant","Q1 (MeCP2 up / H2A up)"
"Fxyd2",0.0500652733454503,0.823194764,0,2,FALSE,-0.119456411,0.409656565,0,1,FALSE,"Not significant","Q4 (MeCP2 up / H2A down)"
"Fxyd6",-0.118758171700353,0.048682308,1,4,TRUE,0.160615622755309,0.154210988,0,3,FALSE,"Not significant","Q2 (MeCP2 down / H2A up)"
"Fyb2",0.472475492,0.046821725,1,1,TRUE,0.667685584,6.29e-12,1,1,TRUE,"Significant","Q1 (MeCP2 up / H2A up)"
"Fyco1",0.039844074,0.882972273,0,1,FALSE,-0.92468378,1.41e-09,1,1,TRUE,"Not significant","Q4 (MeCP2 up / H2A down)"
"Fyn",-0.220045263460427,0.156849001,0,5,FALSE,0.179363696757368,0.00592443,4,14,TRUE,"Not significant","Q2 (MeCP2 down / H2A up)"
"Fzd1",-0.100773038213045,0.623022726,0,2,FALSE,0.408464439483698,0.000462592,1,2,TRUE,"Not significant","Q2 (MeCP2 down / H2A up)"
"Fzd4",0.040725278,0.878389436,0,1,FALSE,0.184873305,0.21255713,0,1,FALSE,"Not significant","Q1 (MeCP2 up / H2A up)"
"Fzd7",0.460093198,0.094185872,0,1,FALSE,0.271244554,0.019634399,1,1,TRUE,"Not significant","Q1 (MeCP2 up / H2A up)"
"Fzd8",0.228787879,0.241765441,0,1,FALSE,0.401605246,9.69e-05,1,1,TRUE,"Not significant","Q1 (MeCP2 up / H2A up)"
"G6pc2",0.624923076,0.047378109,1,1,TRUE,0.629676464026011,1.56e-08,2,2,TRUE,"Significant","Q1 (MeCP2 up / H2A up)"
"Gab1",-0.14254911385519,0.249766425,0,5,FALSE,0.472705746160658,5.14e-07,2,7,TRUE,"Not significant","Q2 (MeCP2 down / H2A up)"
"Gabbr2",-0.385786384826922,0.031559671,1,10,TRUE,-0.491306937778668,1e-08,12,23,TRUE,"Significant","Q3 (MeCP2 down / H2A down)"
"Gabra2",0.381467060558152,0.13769239,0,2,FALSE,0.637459957568943,3.6e-07,2,2,TRUE,"Not significant","Q1 (MeCP2 up / H2A up)"
"Gabrb1",1.17030144192451,0.00022797,1,2,TRUE,0.942324070677771,2.43e-16,3,3,TRUE,"Significant","Q1 (MeCP2 up / H2A up)"
"Gabrr2",1.575319687,4.91e-11,1,1,TRUE,1.637118171,2.45e-28,1,1,TRUE,"Significant","Q1 (MeCP2 up / H2A up)"
"Galns",-0.033006976,0.90712873,0,1,FALSE,-0.033668195,0.777140426,0,1,FALSE,"Not significant","Q3 (MeCP2 down / H2A down)"
"Galnt12",-0.0882981369349655,0.681488304,0,2,FALSE,-0.0685397059463203,0.482347229,0,2,FALSE,"Not significant","Q3 (MeCP2 down / H2A down)"
"Galnt14",0.056119024,0.817171764,0,1,FALSE,-0.107317842292804,0.356762056,0,2,FALSE,"Not significant","Q4 (MeCP2 up / H2A down)"
"Galnt16",-0.0537965037604867,0.797835829,0,2,FALSE,-0.223227426491685,0.072352319,0,2,FALSE,"Not significant","Q3 (MeCP2 down / H2A down)"
"Galnt18",1.52652227815844,7.32e-13,5,12,TRUE,0.165493236574317,1.08e-05,6,11,TRUE,"Significant","Q1 (MeCP2 up / H2A up)"
"Galnt2",-0.0761718651464463,0.603705434,0,8,FALSE,-0.245555735481419,6.14e-05,5,17,TRUE,"Not significant","Q3 (MeCP2 down / H2A down)"
"Galnt7",1.34172530570297,1.87e-07,2,5,TRUE,1.48055875577451,1.08e-45,9,9,TRUE,"Significant","Q1 (MeCP2 up / H2A up)"
"Galnt9",-0.006469838,0.987019749,0,1,FALSE,-0.046928135,0.756837486,0,1,FALSE,"Not significant","Q3 (MeCP2 down / H2A down)"
"Galntl6",1.99601212299194,1.13e-12,7,9,TRUE,1.08484486872457,4.67e-22,6,8,TRUE,"Significant","Q1 (MeCP2 up / H2A up)"
"Gap43",0.911949861845843,0.001605878,1,2,TRUE,0.789258835213402,1.64e-06,1,2,TRUE,"Significant","Q1 (MeCP2 up / H2A up)"
"Garnl3",-0.20704510269173,0.290426504,0,4,FALSE,-0.249467734991173,0.024175038,1,3,TRUE,"Not significant","Q3 (MeCP2 down / H2A down)"
"Gas2",0.394160129825542,0.061269989,0,4,FALSE,0.514800281368839,4.07e-06,1,3,TRUE,"Not significant","Q1 (MeCP2 up / H2A up)"
"Gas6",-0.547524446,0.01880643,1,1,TRUE,-0.534859988062534,2.01e-08,3,3,TRUE,"Significant","Q3 (MeCP2 down / H2A down)"
"Gas7",0.828720791710657,1.49e-06,5,10,TRUE,0.614873679163211,8.62e-09,3,5,TRUE,"Significant","Q1 (MeCP2 up / H2A up)"
"Gask1b",0.263843126,0.256939332,0,1,FALSE,0.245973865544393,0.067470812,0,2,FALSE,"Not significant","Q1 (MeCP2 up / H2A up)"
"Gata4",0.012776309,0.969955053,0,1,FALSE,-0.445292073298369,0.000371103,3,5,TRUE,"Not significant","Q4 (MeCP2 up / H2A down)"
"Gatb",1.79068855024089,2.36e-10,3,3,TRUE,1.13900087904722,1.09e-30,6,6,TRUE,"Significant","Q1 (MeCP2 up / H2A up)"
"Gatd3a",-0.154793741525477,0.387311579,0,2,FALSE,-0.184332985971955,0.050483563,0,2,FALSE,"Not significant","Q3 (MeCP2 down / H2A down)"
"Gbp3",-0.360030266413311,0.055465052,0,4,FALSE,0.244707074274276,0.010344468,1,4,TRUE,"Not significant","Q2 (MeCP2 down / H2A up)"
"Gbp7",-0.0146959445959014,0.803971128,0,3,FALSE,0.252781550377907,0.000504235,2,3,TRUE,"Not significant","Q2 (MeCP2 down / H2A up)"
"Gbx2",-0.105098876097427,0.574373571,0,2,FALSE,-0.352325128,0.002055557,1,1,TRUE,"Not significant","Q3 (MeCP2 down / H2A down)"
"Gca",-0.116965420164187,0.44345956,0,3,FALSE,0.131004091673912,0.324832314,0,2,FALSE,"Not significant","Q2 (MeCP2 down / H2A up)"
"Gde1",-0.0165294,0.959203251,0,1,FALSE,-0.157162037,0.304664036,0,1,FALSE,"Not significant","Q3 (MeCP2 down / H2A down)"
"Gdf10",0.034792391,0.899676963,0,1,FALSE,0.007278357,0.966657326,0,1,FALSE,"Not significant","Q1 (MeCP2 up / H2A up)"
"Gdf6",-0.068798045,0.770397519,0,1,FALSE,-0.30847948772429,0.003500188,2,3,TRUE,"Not significant","Q3 (MeCP2 down / H2A down)"
"Gdnf",-0.0158019655111336,0.91539112,0,2,FALSE,0.527544739,1.16e-05,1,1,TRUE,"Not significant","Q2 (MeCP2 down / H2A up)"
"Gdpd5",-0.2266485735116,0.205822134,0,5,FALSE,-0.490589719649634,0.000234507,2,3,TRUE,"Not significant","Q3 (MeCP2 down / H2A down)"
"Get1",2.15820467145788,3.27e-15,2,2,TRUE,1.03317068512778,3.85e-20,2,2,TRUE,"Significant","Q1 (MeCP2 up / H2A up)"
"Gfra1",-0.218353989501449,0.172392867,0,6,FALSE,0.673630065080307,5.16e-11,4,10,TRUE,"Not significant","Q2 (MeCP2 down / H2A up)"
"Gfra2",1.16031454641859,4.15e-07,2,13,TRUE,0.646923980985087,4.41e-12,4,8,TRUE,"Significant","Q1 (MeCP2 up / H2A up)"
"Ggh",0.222919302,0.265288535,0,1,FALSE,1.29309073427881,9.21e-37,3,3,TRUE,"Not significant","Q1 (MeCP2 up / H2A up)"
"Ghsr",-0.178466793766934,0.307846683,0,4,FALSE,-0.00128807536627002,0.005368698,2,2,TRUE,"Not significant","Q3 (MeCP2 down / H2A down)"
"Gja5",0.268110217958233,0.162460462,0,3,FALSE,0.709883720844957,8.6e-10,3,3,TRUE,"Not significant","Q1 (MeCP2 up / H2A up)"
"Gja8",-0.091500549,0.669354046,0,1,FALSE,0.576514173536894,6.56e-06,2,3,TRUE,"Not significant","Q2 (MeCP2 down / H2A up)"
"Gjb3",-0.029486128,0.916659789,0,1,FALSE,-0.465971726,0.001863333,1,1,TRUE,"Not significant","Q3 (MeCP2 down / H2A down)"
"Gjc2",9.77e-05,0.999766946,0,1,FALSE,-0.575810437,2.19e-07,1,1,TRUE,"Not significant","Q4 (MeCP2 up / H2A down)"
"Gk2",0.992557933970392,0.000171517,2,13,TRUE,0.772809855841485,3.31e-12,2,9,TRUE,"Significant","Q1 (MeCP2 up / H2A up)"
"Gli2",-0.328952788652877,0.073994091,0,18,FALSE,-0.262358237198731,0.001414754,2,9,TRUE,"Not significant","Q3 (MeCP2 down / H2A down)"
"Glis1",0.344705257562102,0.021436711,1,15,TRUE,0.153821212915831,3.38e-05,1,15,TRUE,"Significant","Q1 (MeCP2 up / H2A up)"
"Glis3",0.176754854093988,0.303485877,0,4,FALSE,0.262898843697381,0.004998151,1,2,TRUE,"Not significant","Q1 (MeCP2 up / H2A up)"
"Glp1r",-0.141584158416263,0.461449887,0,2,FALSE,-0.141397626,0.47204974,0,1,FALSE,"Not significant","Q3 (MeCP2 down / H2A down)"
"Gm10248",0.853714889036082,0.005662948,1,2,TRUE,0.503597305761244,5.74e-09,5,5,TRUE,"Significant","Q1 (MeCP2 up / H2A up)"
"Gm10280",-0.0979775947306187,0.631748983,0,2,FALSE,-0.222302165,0.115948792,0,1,FALSE,"Not significant","Q3 (MeCP2 down / H2A down)"
"Gm10400",-0.0761425191286497,0.736533945,0,2,FALSE,0.202386381,0.082448491,0,1,FALSE,"Not significant","Q2 (MeCP2 down / H2A up)"
"Gm10415",0.0607306066364049,0.71281736,0,5,FALSE,0.216212830931723,0.075513896,0,3,FALSE,"Not significant","Q1 (MeCP2 up / H2A up)"
"Gm10421",-0.648859354321479,0.000645373,7,24,TRUE,-0.108784472294104,1.8e-08,6,23,TRUE,"Significant","Q3 (MeCP2 down / H2A down)"
"Gm1043",-0.162231127716333,0.37274444,0,2,FALSE,-0.227417785497785,0.051187289,0,5,FALSE,"Not significant","Q3 (MeCP2 down / H2A down)"
"Gm10432",-0.0706945704469734,0.712460634,0,2,FALSE,0.288053019750719,1.67e-09,2,3,TRUE,"Not significant","Q2 (MeCP2 down / H2A up)"
"Gm10466",1.71390775319887,6.43e-11,8,8,TRUE,1.23164314679548,2.48e-29,12,12,TRUE,"Significant","Q1 (MeCP2 up / H2A up)"
"Gm10532",0.214889349028435,0.039325874,1,8,TRUE,0.362534772542886,9.63e-11,4,11,TRUE,"Significant","Q1 (MeCP2 up / H2A up)"
"Gm10556",-0.259074343,0.257301418,0,1,FALSE,-0.36899484635596,0.01591998,1,2,TRUE,"Not significant","Q3 (MeCP2 down / H2A down)"
"Gm10578",0.331418533141476,0.044333966,1,16,TRUE,0.267204522083454,0.001072186,1,6,TRUE,"Significant","Q1 (MeCP2 up / H2A up)"
"Gm10635",0.956588142874891,0.000242119,1,2,TRUE,0.436350381,0.00021259,1,1,TRUE,"Significant","Q1 (MeCP2 up / H2A up)"
"Gm10637",1.81258873796733,2.6e-15,2,8,TRUE,0.754626189494395,1.98e-14,7,8,TRUE,"Significant","Q1 (MeCP2 up / H2A up)"
"Gm10845",0.130367555,0.565609087,0,1,FALSE,0.529071052765006,1.13e-08,5,6,TRUE,"Not significant","Q1 (MeCP2 up / H2A up)"
"Gm11186",-0.465116299522363,0.018744256,3,17,TRUE,-0.362939837457955,3.12e-06,8,16,TRUE,"Significant","Q3 (MeCP2 down / H2A down)"
"Gm11266",2.32741562829777,8.81e-22,11,11,TRUE,1.35630890103522,1.56e-53,9,9,TRUE,"Significant","Q1 (MeCP2 up / H2A up)"
"Gm11468",-0.000219902347187099,0.97903064,0,2,FALSE,0.050085103,0.774802571,0,1,FALSE,"Not significant","Q2 (MeCP2 down / H2A up)"
"Gm11733",0.0878019518122994,0.682179344,0,2,FALSE,-0.197208274797536,0.102316418,0,2,FALSE,"Not significant","Q4 (MeCP2 up / H2A down)"
"Gm11762",-0.030952958,0.91106662,0,1,FALSE,-0.173727848,0.131665395,0,1,FALSE,"Not significant","Q3 (MeCP2 down / H2A down)"
"Gm12018",1.182169026,0.001278444,1,1,TRUE,0.126998622,0.224056153,0,1,FALSE,"Not significant","Q1 (MeCP2 up / H2A up)"
"Gm12159",0.470225176996119,0.053533405,0,3,FALSE,0.417844248403767,0.000175843,3,4,TRUE,"Not significant","Q1 (MeCP2 up / H2A up)"
"Gm12610",0.894922216325751,0.001678476,1,3,TRUE,0.444044276691031,1.36e-05,3,4,TRUE,"Significant","Q1 (MeCP2 up / H2A up)"
"Gm12695",0.231940082070032,0.283150182,0,4,FALSE,0.534853104368835,1.46e-10,5,7,TRUE,"Not significant","Q1 (MeCP2 up / H2A up)"
"Gm12911",0.511423483081895,0.038755163,1,2,TRUE,0.810449434327352,4.24e-09,2,2,TRUE,"Significant","Q1 (MeCP2 up / H2A up)"
"Gm13003",-0.073640236915546,0.696830934,0,2,FALSE,-0.319759418324922,0.01428872,1,2,TRUE,"Not significant","Q3 (MeCP2 down / H2A down)"
"Gm13016",-0.741868235587292,0.003577935,1,3,TRUE,-0.429089672897453,0.001017358,2,3,TRUE,"Significant","Q3 (MeCP2 down / H2A down)"
"Gm13029",-0.198102621363482,0.23598938,0,3,FALSE,-0.567641570616138,2.33e-10,5,8,TRUE,"Not significant","Q3 (MeCP2 down / H2A down)"
"Gm13133",-0.0540209078862133,0.655793612,0,8,FALSE,-0.838285993000982,1.41e-10,2,2,TRUE,"Not significant","Q3 (MeCP2 down / H2A down)"
"Gm13205",-0.525956529990124,0.030369631,1,2,TRUE,-0.65321865532455,1.51e-05,4,4,TRUE,"Significant","Q3 (MeCP2 down / H2A down)"
"Gm13293",0.222932639949605,0.265751886,0,2,FALSE,0.465267037509591,0.000185978,2,3,TRUE,"Not significant","Q1 (MeCP2 up / H2A up)"
"Gm13446",0.03563502,0.895263872,0,1,FALSE,0.074948878,0.562795501,0,1,FALSE,"Not significant","Q1 (MeCP2 up / H2A up)"
"Gm13490",-0.188446378865556,0.297871328,0,4,FALSE,-0.283563167053947,0.013212059,1,6,TRUE,"Not significant","Q3 (MeCP2 down / H2A down)"
"Gm13498",0.369987136,0.095599885,0,1,FALSE,0.875692473,7.61e-20,1,1,TRUE,"Not significant","Q1 (MeCP2 up / H2A up)"
"Gm13749",1.88274212233658,3.17e-10,2,2,TRUE,1.15856033697638,3.03e-14,3,3,TRUE,"Significant","Q1 (MeCP2 up / H2A up)"
"Gm13848",1.31446347038414,1.87e-07,3,5,TRUE,0.53668472901802,1.52e-10,6,9,TRUE,"Significant","Q1 (MeCP2 up / H2A up)"
"Gm14015",1.96534605519551,1.92e-17,6,7,TRUE,1.03519143725529,9.79e-40,6,6,TRUE,"Significant","Q1 (MeCP2 up / H2A up)"
"Gm14092",0.378279343876715,0.074969792,0,3,FALSE,0.709993811047726,8.21e-17,10,11,TRUE,"Not significant","Q1 (MeCP2 up / H2A up)"
"Gm14461",2.06241608263428,1.12e-14,1,3,TRUE,1.16442391968101,1.42e-29,3,3,TRUE,"Significant","Q1 (MeCP2 up / H2A up)"
"Gm14812",-0.0593772208739425,0.773109274,0,2,FALSE,-0.184166519211596,0.113094847,0,5,FALSE,"Not significant","Q3 (MeCP2 down / H2A down)"
"Gm15326",-0.07808039,0.713926396,0,1,FALSE,0.251835957366885,0.022564241,1,3,TRUE,"Not significant","Q2 (MeCP2 down / H2A up)"
"Gm15412",1.16345658289201,1.03e-06,2,7,TRUE,0.11675942235965,0.003869656,2,14,TRUE,"Significant","Q1 (MeCP2 up / H2A up)"
"Gm15413",0.658455522104084,0.003058701,3,14,TRUE,-0.039442818671591,0.00052151,3,10,TRUE,"Significant","Q4 (MeCP2 up / H2A down)"
"Gm15421",3.03684766346779,9.13e-24,1,3,TRUE,1.66521248105821,9.98e-70,3,3,TRUE,"Significant","Q1 (MeCP2 up / H2A up)"
"Gm15501",-0.128267463838517,0.438927114,0,3,FALSE,0.591010486892396,1.78e-07,3,3,TRUE,"Not significant","Q2 (MeCP2 down / H2A up)"
"Gm15509",0.381126198,0.115807112,0,1,FALSE,0.699479243020716,1.91e-09,2,2,TRUE,"Not significant","Q1 (MeCP2 up / H2A up)"
"Gm15663",2.78750288791325,3.07e-24,2,2,TRUE,1.47401576591575,4.58e-30,3,3,TRUE,"Significant","Q1 (MeCP2 up / H2A up)"
"Gm15713",0.087889424,0.696186238,0,1,FALSE,0.263599109420121,0.02466275,1,2,TRUE,"Not significant","Q1 (MeCP2 up / H2A up)"
"Gm1587",0.0767583165730862,0.194821113,0,4,FALSE,0.302918157425095,0.001716679,2,5,TRUE,"Not significant","Q1 (MeCP2 up / H2A up)"
"Gm15881",0.456977106839404,0.002097947,1,10,TRUE,0.514517700060255,3.06e-07,1,4,TRUE,"Significant","Q1 (MeCP2 up / H2A up)"
"Gm16090",0.057413407,0.811019071,0,1,FALSE,0.42177057560423,0.002020549,1,2,TRUE,"Not significant","Q1 (MeCP2 up / H2A up)"
"Gm16291",2.91338999564378,6.08e-25,7,7,TRUE,1.60726010973625,1.24e-44,8,8,TRUE,"Significant","Q1 (MeCP2 up / H2A up)"
"Gm16294",2.3346884480432,1.13e-22,5,5,TRUE,1.28836142850796,1.42e-45,7,7,TRUE,"Significant","Q1 (MeCP2 up / H2A up)"
"Gm17059",2.05233168123469,9.98e-14,2,3,TRUE,0.49621898272868,1.18e-07,1,2,TRUE,"Significant","Q1 (MeCP2 up / H2A up)"
"Gm17634",1.23679634078681,6.26e-07,2,6,TRUE,1.07275813354765,1.53e-22,5,6,TRUE,"Significant","Q1 (MeCP2 up / H2A up)"
"Gm17746",-0.0688948166969679,0.506874066,0,9,FALSE,0.586830995195173,2.69e-13,4,11,TRUE,"Not significant","Q2 (MeCP2 down / H2A up)"
"Gm17750",2.7661603654887,1.38e-22,3,3,TRUE,1.66164517903016,7.28e-90,2,2,TRUE,"Significant","Q1 (MeCP2 up / H2A up)"
"Gm17751",0.540512368734846,0.045437059,1,2,TRUE,0.987187004,2.36e-11,1,1,TRUE,"Significant","Q1 (MeCP2 up / H2A up)"
"Gm17767",0.929907921322577,0.000172932,1,2,TRUE,0.974759504542313,2.03e-16,3,4,TRUE,"Significant","Q1 (MeCP2 up / H2A up)"
"Gm19500",0.039380544,0.881160297,0,1,FALSE,0.251381044754058,0.009993391,1,2,TRUE,"Not significant","Q1 (MeCP2 up / H2A up)"
"Gm19519",1.48505368969058,1.4e-06,1,2,TRUE,0.767526054974127,2.15e-12,4,4,TRUE,"Significant","Q1 (MeCP2 up / H2A up)"
"Gm1968",-0.398478475066533,0.023646401,1,11,TRUE,0.197536526989229,0.000150357,2,11,TRUE,"Significant","Q2 (MeCP2 down / H2A up)"
"Gm19689",-0.0527784016119228,0.792684577,0,2,FALSE,0.351934135024842,0.001225188,2,4,TRUE,"Not significant","Q2 (MeCP2 down / H2A up)"
"Gm19774",0.047080066,0.852946581,0,1,FALSE,0.491470857628481,5.22e-05,3,3,TRUE,"Not significant","Q1 (MeCP2 up / H2A up)"
"Gm19935",0.140151462,0.534453504,0,1,FALSE,0.103787151681138,0.225088543,0,3,FALSE,"Not significant","Q1 (MeCP2 up / H2A up)"
"Gm20110",-0.0460558166896046,0.838948591,0,2,FALSE,0.208844761928454,0.0451506,1,3,TRUE,"Not significant","Q2 (MeCP2 down / H2A up)"
"Gm20125",2.7681465734183,5.65e-31,10,10,TRUE,1.34459629578524,1.01e-43,12,12,TRUE,"Significant","Q1 (MeCP2 up / H2A up)"
"Gm20187",0.0229229189389257,0.819421135,0,4,FALSE,0.495821241371813,2.69e-07,4,5,TRUE,"Not significant","Q1 (MeCP2 up / H2A up)"
"Gm20597",-0.00147898,0.996734577,0,1,FALSE,0.657989461595782,1.89e-06,2,2,TRUE,"Not significant","Q2 (MeCP2 down / H2A up)"
"Gm20611",0.000559507,0.998741639,0,1,FALSE,-0.230389164,0.037921953,1,1,TRUE,"Not significant","Q4 (MeCP2 up / H2A down)"
"Gm20740",0.001719259,0.996357196,0,1,FALSE,-0.208540119858375,0.155994993,0,3,FALSE,"Not significant","Q4 (MeCP2 up / H2A down)"
"Gm20743",1.36189255,1.15e-05,1,1,TRUE,1.03530288937797,7.27e-21,4,4,TRUE,"Significant","Q1 (MeCP2 up / H2A up)"
"Gm20758",0.0854537112460627,0.410027284,0,4,FALSE,0.395106571898107,1.58e-07,3,9,TRUE,"Not significant","Q1 (MeCP2 up / H2A up)"
"Gm20826",-0.006197149,0.989294688,0,1,FALSE,-0.023559131,0.848022234,0,1,FALSE,"Not significant","Q3 (MeCP2 down / H2A down)"
"Gm21057",0.085721347934579,0.635098272,0,2,FALSE,0.314673712883546,0.014774674,1,2,TRUE,"Not significant","Q1 (MeCP2 up / H2A up)"
"Gm21859",-0.07180619,0.748437634,0,1,FALSE,-0.490746207889703,0.002573616,1,3,TRUE,"Not significant","Q3 (MeCP2 down / H2A down)"
"Gm2516",0.813514657450426,0.000434653,1,3,TRUE,0.639815007436395,1.6e-14,4,5,TRUE,"Significant","Q1 (MeCP2 up / H2A up)"
"Gm26688",-0.013987477,0.966368131,0,1,FALSE,-0.897102322529457,3.72e-18,3,4,TRUE,"Not significant","Q3 (MeCP2 down / H2A down)"
"Gm26839",0.029924899,0.915052542,0,1,FALSE,0.263681196,0.076973898,0,1,FALSE,"Not significant","Q1 (MeCP2 up / H2A up)"
"Gm28881",1.42441375875653,8.45e-06,4,8,TRUE,0.599894351085867,3.86e-10,4,4,TRUE,"Significant","Q1 (MeCP2 up / H2A up)"
"Gm29683",-0.0793956379183099,0.683534679,0,2,FALSE,-0.669180308531426,7.81e-12,4,5,TRUE,"Not significant","Q3 (MeCP2 down / H2A down)"
"Gm29684",-1.21038962344788,7.4e-06,3,6,TRUE,-0.310130112936261,0.001115491,2,6,TRUE,"Significant","Q3 (MeCP2 down / H2A down)"
"Gm29687",2.27394466156136,1.69e-21,17,22,TRUE,1.01974645412158,1.51e-33,18,18,TRUE,"Significant","Q1 (MeCP2 up / H2A up)"
"Gm30606",1.03750137701767,2.82e-05,1,2,TRUE,0.842050175329955,1.99e-11,2,2,TRUE,"Significant","Q1 (MeCP2 up / H2A up)"
"Gm31333",-0.0588390869523133,0.572263357,0,2,FALSE,0.285703442610176,0.000784231,1,5,TRUE,"Not significant","Q2 (MeCP2 down / H2A up)"
"Gm31369",0.534561491374574,0.018092807,1,4,TRUE,-0.329398262749965,0.011653648,1,3,TRUE,"Significant","Q4 (MeCP2 up / H2A down)"
"Gm31508",0.0580531214980428,0.61517198,0,2,FALSE,0.198217354735685,0.001869852,1,2,TRUE,"Not significant","Q1 (MeCP2 up / H2A up)"
"Gm31641",0.191204093121481,0.215093,0,6,FALSE,0.195205179685836,0.041258238,1,8,TRUE,"Not significant","Q1 (MeCP2 up / H2A up)"
"Gm32123",0.579769865058499,0.035576865,1,2,TRUE,1.06201987848781,5.27e-24,1,2,TRUE,"Significant","Q1 (MeCP2 up / H2A up)"
"Gm32200",1.3777234952323,1.34e-07,1,2,TRUE,0.723071330688591,4.7e-11,1,2,TRUE,"Significant","Q1 (MeCP2 up / H2A up)"
"Gm32693",0.516420907,0.072513498,0,1,FALSE,1.08451252833198,1.24e-18,5,5,TRUE,"Not significant","Q1 (MeCP2 up / H2A up)"
"Gm32921",2.00138266754639,2.13e-09,1,5,TRUE,1.15226131185166,1.28e-14,1,2,TRUE,"Significant","Q1 (MeCP2 up / H2A up)"
"Gm33035",0.051080081,0.837424366,0,1,FALSE,0.536544691,3.09e-05,1,1,TRUE,"Not significant","Q1 (MeCP2 up / H2A up)"
"Gm33301",0.863561314,0.004092902,1,1,TRUE,0.877654357474592,6.88e-19,2,2,TRUE,"Significant","Q1 (MeCP2 up / H2A up)"
"Gm34184",0.808019051940775,0.001433034,1,4,TRUE,0.335636490029898,6.43e-05,3,4,TRUE,"Significant","Q1 (MeCP2 up / H2A up)"
"Gm35722",1.806778354,6.15e-08,1,1,TRUE,0.508712027,0.002279778,1,1,TRUE,"Significant","Q1 (MeCP2 up / H2A up)"
"Gm35725",-0.0758912404351176,0.729965345,0,2,FALSE,-0.274852221,0.08369472,0,1,FALSE,"Not significant","Q3 (MeCP2 down / H2A down)"
"Gm36173",0.117432342,0.57780881,0,1,FALSE,-0.025693448,0.87470397,0,1,FALSE,"Not significant","Q4 (MeCP2 up / H2A down)"
"Gm38413",-0.107053759,0.636098886,0,1,FALSE,0.304618591,0.024813391,1,1,TRUE,"Not significant","Q2 (MeCP2 down / H2A up)"
"Gm38414",0.465125949186873,0.045442542,1,3,TRUE,0.203924371703201,0.022938534,1,4,TRUE,"Significant","Q1 (MeCP2 up / H2A up)"
"Gm40893",-0.110676047,0.601413497,0,1,FALSE,0.347865784220642,0.011167405,2,2,TRUE,"Not significant","Q2 (MeCP2 down / H2A up)"
"Gm45521",-0.173490051,0.388626592,0,1,FALSE,-0.402396107,0.000601542,1,1,TRUE,"Not significant","Q3 (MeCP2 down / H2A down)"
"Gm4651",-0.083234351,0.70083947,0,1,FALSE,-0.085586387,0.588682226,0,1,FALSE,"Not significant","Q3 (MeCP2 down / H2A down)"
"Gm46545",2.44905277993558,1.78e-32,14,20,TRUE,1.13922538371272,2.73e-35,24,24,TRUE,"Significant","Q1 (MeCP2 up / H2A up)"
"Gm4791",0.318533317992717,0.002033986,2,12,TRUE,-0.184254160271774,0.000181645,1,9,TRUE,"Significant","Q4 (MeCP2 up / H2A down)"
"Gm4793",-0.622984407316302,0.009756555,3,8,TRUE,-0.430406052096263,0.000127557,2,4,TRUE,"Significant","Q3 (MeCP2 down / H2A down)"
"Gm4832",-0.021553168,0.943763315,0,1,FALSE,0.764119557,1.93e-07,1,1,TRUE,"Not significant","Q2 (MeCP2 down / H2A up)"
"Gm5083",-0.0830932454586524,0.667602513,0,2,FALSE,0.245375475233708,0.050803452,0,2,FALSE,"Not significant","Q2 (MeCP2 down / H2A up)"
"Gm5086",0.149885189152151,0.29487346,0,6,FALSE,0.485406958058212,1.03e-06,3,5,TRUE,"Not significant","Q1 (MeCP2 up / H2A up)"
"Gm5087",0.117536271,0.57044447,0,1,FALSE,1.0276533827346,4.74e-20,5,5,TRUE,"Not significant","Q1 (MeCP2 up / H2A up)"
"Gm5089",2.92323480574986,2.45e-37,8,8,TRUE,1.03439453610152,2.06e-34,5,6,TRUE,"Significant","Q1 (MeCP2 up / H2A up)"
"Gm5095",-0.110845467305853,0.591059629,0,2,FALSE,0.541009805358025,6.85e-08,3,5,TRUE,"Not significant","Q2 (MeCP2 down / H2A up)"
"Gm5122",-0.0653469526704854,0.726308148,0,5,FALSE,-0.30504316989967,0.002679541,3,4,TRUE,"Not significant","Q3 (MeCP2 down / H2A down)"
"Gm5148",0.530291733,0.035138868,1,1,TRUE,1.070440171,3.98e-27,1,1,TRUE,"Significant","Q1 (MeCP2 up / H2A up)"
"Gm525",0.017128647,0.957237426,0,1,FALSE,0.135134869,0.372925528,0,1,FALSE,"Not significant","Q1 (MeCP2 up / H2A up)"
"Gm5424",-0.383481525,0.084377534,0,1,FALSE,-0.518359116208748,0.002069089,1,2,TRUE,"Not significant","Q3 (MeCP2 down / H2A down)"
"Gm5468",-0.147346624762478,0.360892348,0,4,FALSE,0.317292845297343,0.000112916,2,4,TRUE,"Not significant","Q2 (MeCP2 down / H2A up)"
"Gm5485",2.046727824,4.35e-14,1,1,TRUE,1.082323296,4.02e-28,1,1,TRUE,"Significant","Q1 (MeCP2 up / H2A up)"
"Gm5535",-0.028220840479325,0.905153513,0,2,FALSE,0.988698613898262,7.85e-16,3,3,TRUE,"Not significant","Q2 (MeCP2 down / H2A up)"
"Gm5820",3.11989944721162,2.47e-28,3,3,TRUE,1.346705831,5.68e-08,1,1,TRUE,"Significant","Q1 (MeCP2 up / H2A up)"
"Gm5860",2.10467117006448,6.45e-08,1,2,TRUE,0.798346247175932,1.36e-12,2,4,TRUE,"Significant","Q1 (MeCP2 up / H2A up)"
"Gm6249",0.164290908,0.410622411,0,1,FALSE,0.440668147,0.002969609,1,1,TRUE,"Not significant","Q1 (MeCP2 up / H2A up)"
"Gm6260",0.008486983,0.981431933,0,1,FALSE,0.465327456856132,2.81e-08,2,4,TRUE,"Not significant","Q1 (MeCP2 up / H2A up)"
"Gm6402",0.0653596709805389,0.650051002,0,3,FALSE,-0.335812192882272,0.010924761,1,2,TRUE,"Not significant","Q4 (MeCP2 up / H2A down)"
"Gm6498",-0.192011390809579,0.23355186,0,4,FALSE,0.0332510032691354,0.437676297,0,5,FALSE,"Not significant","Q2 (MeCP2 down / H2A up)"
"Gm6644",-0.087072814,0.699364161,0,1,FALSE,0.403601404,0.002699619,1,1,TRUE,"Not significant","Q2 (MeCP2 down / H2A up)"
"Gm6878",-0.265045276446915,0.205378861,0,2,FALSE,-0.217130648479731,0.009101514,1,4,TRUE,"Not significant","Q3 (MeCP2 down / H2A down)"
"Gm6994",-0.516278507281265,0.042124262,2,14,TRUE,-0.280962310755138,0.007397095,2,7,TRUE,"Significant","Q3 (MeCP2 down / H2A down)"
"Gm7550",0.625213753118946,0.008388392,1,2,TRUE,0.479862215,8.33e-05,1,1,TRUE,"Significant","Q1 (MeCP2 up / H2A up)"
"Gm7694",-0.004474706,0.991133873,0,1,FALSE,-0.152380073,0.345568364,0,1,FALSE,"Not significant","Q3 (MeCP2 down / H2A down)"
"Gm805",1.08494159127658,0.000155706,1,4,TRUE,0.451643437556222,1.74e-06,3,3,TRUE,"Significant","Q1 (MeCP2 up / H2A up)"
"Gm829",0.345942518569868,0.089643755,0,5,FALSE,0.20645117778781,0.030844147,1,3,TRUE,"Not significant","Q1 (MeCP2 up / H2A up)"
"Gm8624",-0.118249103,0.573984532,0,1,FALSE,-0.410577861506716,0.008684159,1,2,TRUE,"Not significant","Q3 (MeCP2 down / H2A down)"
"Gm8633",2.56631008096763,8.09e-17,4,5,TRUE,1.37731386041491,2.94e-34,6,6,TRUE,"Significant","Q1 (MeCP2 up / H2A up)"
"Gm9530",-0.328226166991733,0.054165587,0,10,FALSE,0.0447250555342066,0.002013016,2,11,TRUE,"Not significant","Q2 (MeCP2 down / H2A up)"
"Gm973",2.00255554507229,4.45e-16,4,8,TRUE,0.624012330165173,4.12e-14,7,8,TRUE,"Significant","Q1 (MeCP2 up / H2A up)"
"Gm9839",1.25460897258561,1.03e-07,1,7,TRUE,0.53495201466937,1.23e-08,5,5,TRUE,"Significant","Q1 (MeCP2 up / H2A up)"
"Gmds",1.14171689505127,5.88e-06,1,2,TRUE,0.512790791819996,9.92e-07,2,4,TRUE,"Significant","Q1 (MeCP2 up / H2A up)"
"Gmpr",-1.50702932607012,1.12e-07,2,5,TRUE,0.412866393756105,4.21e-05,3,5,TRUE,"Significant","Q2 (MeCP2 down / H2A up)"
"Gnao1",-0.195167010854591,0.226170621,0,4,FALSE,0.531592610431567,7.78e-09,1,3,TRUE,"Not significant","Q2 (MeCP2 down / H2A up)"
"Gnaq",-0.0628081019101679,0.499813598,0,3,FALSE,0.352204341378501,3.27e-05,2,3,TRUE,"Not significant","Q2 (MeCP2 down / H2A up)"
"Gng12",0.047150745,0.850311527,0,1,FALSE,0.505650503326829,6.23e-05,1,2,TRUE,"Not significant","Q1 (MeCP2 up / H2A up)"
"Golim4",0.321281985,0.158318809,0,1,FALSE,0.879512778,5e-09,1,1,TRUE,"Not significant","Q1 (MeCP2 up / H2A up)"
"Got2",0.727875651504075,0.002773302,1,4,TRUE,0.700902648122353,2.15e-12,3,4,TRUE,"Significant","Q1 (MeCP2 up / H2A up)"
"Gp9",-0.144274911,0.500099424,0,1,FALSE,-0.130323096902399,0.040680592,1,2,TRUE,"Not significant","Q3 (MeCP2 down / H2A down)"
"Gpa33",0.0197052399617753,0.926416137,0,2,FALSE,0.0360140427067131,0.217696665,0,5,FALSE,"Not significant","Q1 (MeCP2 up / H2A up)"
"Gpatch2",-0.0959251746038824,0.616695493,0,2,FALSE,0.840118991934085,7.01e-17,3,3,TRUE,"Not significant","Q2 (MeCP2 down / H2A up)"
"Gpd2",-0.307118934,0.177766277,0,1,FALSE,1.03095366336221,4.61e-14,2,2,TRUE,"Not significant","Q2 (MeCP2 down / H2A up)"
"Gper1",0.010822946,0.975103191,0,1,FALSE,-0.016479886,0.910670707,0,1,FALSE,"Not significant","Q4 (MeCP2 up / H2A down)"
"Gphb5",0.000184208048873867,0.898630882,0,5,FALSE,0.121474588600103,0.131339617,0,4,FALSE,"Not significant","Q1 (MeCP2 up / H2A up)"
"Gphn",-0.043584197,0.867124043,0,1,FALSE,0.600801707,0.000308863,1,1,TRUE,"Not significant","Q2 (MeCP2 down / H2A up)"
"Gpr151",-0.981272054413138,0.001035592,3,7,TRUE,0.355942879462697,1.93e-05,4,9,TRUE,"Significant","Q2 (MeCP2 down / H2A up)"
"Gpr153",-0.0886784539396775,0.66677655,0,2,FALSE,0.0386462874862924,0.314554252,0,3,FALSE,"Not significant","Q2 (MeCP2 down / H2A up)"
"Gpr158",1.419620501,1.8e-08,1,1,TRUE,1.42554848113367,1.35e-23,2,2,TRUE,"Significant","Q1 (MeCP2 up / H2A up)"
"Gpr161",-0.047894469,0.850130544,0,1,FALSE,0.132731126,0.389148248,0,1,FALSE,"Not significant","Q2 (MeCP2 down / H2A up)"
"Gpr171",-0.0963596281271944,0.583233506,0,2,FALSE,0.0420464808005592,0.510493833,0,2,FALSE,"Not significant","Q2 (MeCP2 down / H2A up)"
"Gpr179",-0.0263979482703376,0.915052542,0,2,FALSE,-0.282378703787938,0.018718471,1,2,TRUE,"Not significant","Q3 (MeCP2 down / H2A down)"
"Gpr22",1.962436077,3.34e-10,1,1,TRUE,1.21201695774763,2.4e-14,2,2,TRUE,"Significant","Q1 (MeCP2 up / H2A up)"
"Gpr39",0.327302334,0.184043437,0,1,FALSE,0.210870675687051,0.090253289,0,2,FALSE,"Not significant","Q1 (MeCP2 up / H2A up)"
"Gpr68",1.85891217990592,2.61e-10,1,2,TRUE,0.265983410156412,0.016084542,1,2,TRUE,"Significant","Q1 (MeCP2 up / H2A up)"
"Gpr84",-0.0321183445206664,0.886103263,0,2,FALSE,0.304260204688185,0.00064378,1,2,TRUE,"Not significant","Q2 (MeCP2 down / H2A up)"
"Gpr88",-0.054953427,0.827615953,0,1,FALSE,0.025700677,0.881887008,0,1,FALSE,"Not significant","Q2 (MeCP2 down / H2A up)"
"Gprin1",0.035748067,0.897167381,0,1,FALSE,-0.511813088327587,0.000175499,2,2,TRUE,"Not significant","Q4 (MeCP2 up / H2A down)"
"Gprin3",2.28751331412457,8.05e-16,5,5,TRUE,1.01527459920839,6.29e-22,8,8,TRUE,"Significant","Q1 (MeCP2 up / H2A up)"
"Gramd4",-0.135388524833711,0.423698878,0,4,FALSE,0.258622747047384,0.005708783,2,5,TRUE,"Not significant","Q2 (MeCP2 down / H2A up)"
"Grap",-0.279563575708505,0.117387823,0,4,FALSE,-0.298058630786193,0.013631645,1,2,TRUE,"Not significant","Q3 (MeCP2 down / H2A down)"
"Grap2",0.537239884499132,0.015018178,1,6,TRUE,0.0382381345482136,0.78006078,0,2,FALSE,"Not significant","Q1 (MeCP2 up / H2A up)"
"Grb14",0.406905356583222,0.016030513,1,8,TRUE,0.582318162576998,8.31e-09,4,7,TRUE,"Significant","Q1 (MeCP2 up / H2A up)"
"Greb1",-0.0653285607307513,0.707624182,0,3,FALSE,-0.047046681676591,0.773348585,0,2,FALSE,"Not significant","Q3 (MeCP2 down / H2A down)"
"Grhl1",-0.041155583,0.876958355,0,1,FALSE,-0.118991629,0.339570609,0,1,FALSE,"Not significant","Q3 (MeCP2 down / H2A down)"
"Grhl2",0.133522944964341,0.303103982,0,4,FALSE,0.435423105536887,5.99e-08,2,4,TRUE,"Not significant","Q1 (MeCP2 up / H2A up)"
"Grhl3",-0.05986552,0.806354855,0,1,FALSE,-0.684881545285456,7.69e-07,3,3,TRUE,"Not significant","Q3 (MeCP2 down / H2A down)"
"Gria1",1.16408684100153,5.13e-09,5,13,TRUE,0.187688897398112,0.119143251,0,2,FALSE,"Not significant","Q1 (MeCP2 up / H2A up)"
"Gria2",-0.044047031,0.868143771,0,1,FALSE,0.326255276593089,0.005959796,1,2,TRUE,"Not significant","Q2 (MeCP2 down / H2A up)"
"Grid1",0.0789144657600225,0.660971683,0,4,FALSE,0.489968774088259,5.07e-05,4,5,TRUE,"Not significant","Q1 (MeCP2 up / H2A up)"
"Grid2",1.9934550452247,9.66e-15,3,11,TRUE,0.666164879001266,4e-12,13,16,TRUE,"Significant","Q1 (MeCP2 up / H2A up)"
"Grik4",-0.243153404906015,0.1140495,0,9,FALSE,-0.399122419041518,9.27e-05,2,5,TRUE,"Not significant","Q3 (MeCP2 down / H2A down)"
"Grin2a",0.0169156210537401,0.516892028,0,2,FALSE,0.105572143078335,0.00142197,2,4,TRUE,"Not significant","Q1 (MeCP2 up / H2A up)"
"Grin2b",0.0846063074707831,0.000729165,3,18,TRUE,-0.513815951549793,3.93e-10,7,13,TRUE,"Significant","Q4 (MeCP2 up / H2A down)"
"Grin2c",-0.00859375046989067,0.878766938,0,3,FALSE,-0.492005805274864,5.78e-08,4,4,TRUE,"Not significant","Q3 (MeCP2 down / H2A down)"
"Grin2d",-0.035021402,0.901021052,0,1,FALSE,0.005069468,0.97474263,0,1,FALSE,"Not significant","Q2 (MeCP2 down / H2A up)"
"Grip1",-0.212876470721281,0.121987195,0,14,FALSE,0.269310230050027,0.00024417,3,13,TRUE,"Not significant","Q2 (MeCP2 down / H2A up)"
"Grip2",-0.609107827090663,0.0046998,1,10,TRUE,-0.225527676803786,0.008559513,2,6,TRUE,"Significant","Q3 (MeCP2 down / H2A down)"
"Grk1",-0.024895716,0.932489937,0,1,FALSE,-0.056148723,0.6112826,0,1,FALSE,"Not significant","Q3 (MeCP2 down / H2A down)"
"Grk3",0.159176844041464,0.392011224,0,2,FALSE,-0.178711111,0.298259171,0,1,FALSE,"Not significant","Q4 (MeCP2 up / H2A down)"
"Grm1",0.078817157,0.719253047,0,1,FALSE,0.879523582297579,1.28e-11,2,2,TRUE,"Not significant","Q1 (MeCP2 up / H2A up)"
"Grm4",-0.196092986199729,0.16829882,0,10,FALSE,-0.827353218333478,3.14e-11,4,4,TRUE,"Not significant","Q3 (MeCP2 down / H2A down)"
"Grm7",0.611313871365863,0.009122008,1,3,TRUE,0.878916080284194,4.02e-15,4,4,TRUE,"Significant","Q1 (MeCP2 up / H2A up)"
"Grxcr1",1.28285566301878,7.6e-07,4,7,TRUE,1.00139101241868,1.92e-20,12,12,TRUE,"Significant","Q1 (MeCP2 up / H2A up)"
"Gse1",-0.147196962530605,0.018676692,2,62,TRUE,-0.292881145833919,4.01e-05,20,56,TRUE,"Significant","Q3 (MeCP2 down / H2A down)"
"Gsg1l",-0.761429964553647,0.000422588,3,20,TRUE,-0.614830450913433,1.76e-11,8,12,TRUE,"Significant","Q3 (MeCP2 down / H2A down)"
"Gsk3b",-0.073777499,0.742497582,0,1,FALSE,0.601882875,1.26e-11,1,1,TRUE,"Not significant","Q2 (MeCP2 down / H2A up)"
"Gsn",-0.118474907418995,0.529821454,0,2,FALSE,-0.114142896817286,0.394704596,0,3,FALSE,"Not significant","Q3 (MeCP2 down / H2A down)"
"Gstm6",-0.05275945,0.835405331,0,1,FALSE,-0.329202989,0.009601699,1,1,TRUE,"Not significant","Q3 (MeCP2 down / H2A down)"
"Gtdc1",0.708584485759375,0.007088069,1,7,TRUE,0.418119831674881,1.49e-08,8,12,TRUE,"Significant","Q1 (MeCP2 up / H2A up)"
"Gtf2a1",-0.060997878,0.799185585,0,1,FALSE,-0.359299381,0.077621307,0,1,FALSE,"Not significant","Q3 (MeCP2 down / H2A down)"
"Gtf3c1",-0.372778708899584,0.097994909,0,2,FALSE,-0.378380305686745,0.00385524,1,2,TRUE,"Not significant","Q3 (MeCP2 down / H2A down)"
"Gucy1b2",0.417242545749311,0.037189808,1,4,TRUE,0.835907223045284,2.14e-20,5,5,TRUE,"Significant","Q1 (MeCP2 up / H2A up)"
"Gucy2d",-0.0814775007501473,0.643484403,0,2,FALSE,0.547855303858678,1.11e-07,1,2,TRUE,"Not significant","Q2 (MeCP2 down / H2A up)"
"Gucy2g",0.128347504,0.539166026,0,1,FALSE,0.220941797,0.16348232,0,1,FALSE,"Not significant","Q1 (MeCP2 up / H2A up)"
"Gzmk",0.085536929,0.688776354,0,1,FALSE,0.164557107466236,0.185054741,0,2,FALSE,"Not significant","Q1 (MeCP2 up / H2A up)"
"Gzmn",0.944743562,5.85e-05,1,1,TRUE,0.777669345140979,3.04e-12,2,2,TRUE,"Significant","Q1 (MeCP2 up / H2A up)"
"H13",-0.064229408,0.792866519,0,1,FALSE,0.417040114909598,0.000135287,2,2,TRUE,"Not significant","Q2 (MeCP2 down / H2A up)"
"H19",-0.0586944146362211,0.781956224,0,2,FALSE,-0.608125803717176,1.71e-08,3,3,TRUE,"Not significant","Q3 (MeCP2 down / H2A down)"
"H6pd",-0.085752603,0.70526774,0,1,FALSE,0.203999094941183,0.000297916,2,2,TRUE,"Not significant","Q2 (MeCP2 down / H2A up)"
"Habp2",-0.117454361915757,0.477377953,0,3,FALSE,0.502991480892864,2.28e-07,1,4,TRUE,"Not significant","Q2 (MeCP2 down / H2A up)"
"Hacl1",-0.020274095,0.948063553,0,1,FALSE,0.688317144961491,7.21e-08,2,2,TRUE,"Not significant","Q2 (MeCP2 down / H2A up)"
"Hadh",-0.0615649491760462,0.739433941,0,3,FALSE,0.169000592,0.366737878,0,1,FALSE,"Not significant","Q2 (MeCP2 down / H2A up)"
"Hapln4",-0.12418264,0.562652904,0,1,FALSE,-0.78934411,2.45e-11,1,1,TRUE,"Not significant","Q3 (MeCP2 down / H2A down)"
"Haus3",-0.013847267,0.967192165,0,1,FALSE,-0.0809918513841679,0.229220613,0,2,FALSE,"Not significant","Q3 (MeCP2 down / H2A down)"
"Hbp1",-1.01830713684076,4.54e-06,8,11,TRUE,0.128866873824846,5.31e-05,4,9,TRUE,"Significant","Q2 (MeCP2 down / H2A up)"
"Hcn1",1.65779328999774,1.11e-08,2,5,TRUE,0.859816841925023,6.81e-29,2,2,TRUE,"Significant","Q1 (MeCP2 up / H2A up)"
"Hcn4",-0.535295620223388,0.027787685,1,3,TRUE,-0.408576651007131,0.000940376,4,5,TRUE,"Significant","Q3 (MeCP2 down / H2A down)"
"Hdac4",-0.164540304171343,0.229331285,0,7,FALSE,-0.381319653624469,2.61e-05,10,18,TRUE,"Not significant","Q3 (MeCP2 down / H2A down)"
"Hdac7",0.0337613342675818,0.883288254,0,2,FALSE,0.289513884742062,0.02119828,2,4,TRUE,"Not significant","Q1 (MeCP2 up / H2A up)"
"Hdac9",-1.42430695873943,7.28e-07,6,8,TRUE,-0.39631752972458,0.000459851,4,10,TRUE,"Significant","Q3 (MeCP2 down / H2A down)"
"Hebp2",0.0100027582361555,0.781778478,0,2,FALSE,0.424675860755943,1.03e-06,1,2,TRUE,"Not significant","Q1 (MeCP2 up / H2A up)"
"Heca",-0.017263617,0.956667403,0,1,FALSE,0.074951995,0.505701846,0,1,FALSE,"Not significant","Q2 (MeCP2 down / H2A up)"
"Hecw2",-0.021664325,0.943542877,0,1,FALSE,0.267728406645454,0.05700096,0,2,FALSE,"Not significant","Q2 (MeCP2 down / H2A up)"
"Heg1",2.08804358508988,3.47e-23,4,6,TRUE,1.03341462998068,1.69e-20,2,2,TRUE,"Significant","Q1 (MeCP2 up / H2A up)"
"Helb",-0.0421388786669084,0.798744895,0,4,FALSE,-0.138654217467026,0.425025061,0,2,FALSE,"Not significant","Q3 (MeCP2 down / H2A down)"
"Hey1",0.031173339,0.91183155,0,1,FALSE,0.286992988,0.066192013,0,1,FALSE,"Not significant","Q1 (MeCP2 up / H2A up)"
"Heyl",-0.139986419,0.487915125,0,1,FALSE,-0.811554408,5.74e-07,1,1,TRUE,"Not significant","Q3 (MeCP2 down / H2A down)"
"Hgd",1.97002510952609,1.27e-15,4,4,TRUE,1.33127030122751,4.47e-45,3,3,TRUE,"Significant","Q1 (MeCP2 up / H2A up)"
"Hhatl",-0.043481644,0.866575768,0,1,FALSE,-0.392163780735447,0.002648002,1,2,TRUE,"Not significant","Q3 (MeCP2 down / H2A down)"
"Hhipl1",-0.147639072,0.448131448,0,1,FALSE,-0.366647711907874,0.005308163,1,2,TRUE,"Not significant","Q3 (MeCP2 down / H2A down)"
"Hif1a",0.727343837317966,9.61e-05,1,10,TRUE,0.805716148470444,4.29e-17,5,11,TRUE,"Significant","Q1 (MeCP2 up / H2A up)"
"Hipk2",-0.342120389293161,0.039247874,1,10,TRUE,0.0486735912751873,0.009143355,4,9,TRUE,"Significant","Q2 (MeCP2 down / H2A up)"
"Hivep1",-0.107203097220268,0.564293916,0,2,FALSE,0.805979161496722,8.54e-13,3,5,TRUE,"Not significant","Q2 (MeCP2 down / H2A up)"
"Hivep2",-0.023865755,0.936141455,0,1,FALSE,0.282248599711142,9.74e-06,4,5,TRUE,"Not significant","Q2 (MeCP2 down / H2A up)"
"Hivep3",0.182117449397389,0.003120599,2,20,TRUE,0.345412928482798,2.29e-13,10,24,TRUE,"Significant","Q1 (MeCP2 up / H2A up)"
"Hk2",1.04194271194576,7.11e-05,1,4,TRUE,0.7780446745002,2.45e-11,3,3,TRUE,"Significant","Q1 (MeCP2 up / H2A up)"
"Hlcs",-0.435964076341435,0.000211874,3,11,TRUE,0.425469155886631,7.9e-09,3,4,TRUE,"Significant","Q2 (MeCP2 down / H2A up)"
"Hlf",-0.644464028370736,0.003105446,2,4,TRUE,-0.295590125920134,0.00475353,2,2,TRUE,"Significant","Q3 (MeCP2 down / H2A down)"
"Hmcn1",2.92809236513757,3.66e-22,4,6,TRUE,1.49310284039095,9.72e-74,3,3,TRUE,"Significant","Q1 (MeCP2 up / H2A up)"
"Hmcn2",-0.108716556407937,0.398196964,0,5,FALSE,-0.364097067133802,0.000101758,2,5,TRUE,"Not significant","Q3 (MeCP2 down / H2A down)"
"Hmg20a",-0.0196116192690745,0.804881354,0,2,FALSE,0.0944523295914644,0.408340878,0,2,FALSE,"Not significant","Q2 (MeCP2 down / H2A up)"
"Hmgb4",-0.730544987285209,0.002793485,4,7,TRUE,-0.795671658361266,3.8e-14,2,2,TRUE,"Significant","Q3 (MeCP2 down / H2A down)"
"Hmgb4os",-0.990738869409571,0.000104054,7,12,TRUE,-0.809734685802203,9.01e-10,8,9,TRUE,"Significant","Q3 (MeCP2 down / H2A down)"
"Hmgcs1",0.032299015,0.906624205,0,1,FALSE,0.413315115,0.000110772,1,1,TRUE,"Not significant","Q1 (MeCP2 up / H2A up)"
"Hnrnpa1l2-ps2",0.60811438531013,0.063683813,0,3,FALSE,0.60305400794423,3.05e-06,3,5,TRUE,"Not significant","Q1 (MeCP2 up / H2A up)"
"Hnrnpa3",0.102162575406227,0.606168188,0,2,FALSE,0.602826461169252,2.8e-15,2,3,TRUE,"Not significant","Q1 (MeCP2 up / H2A up)"
"Homer2",-0.297718914431378,0.017803677,1,17,TRUE,-0.128006184966155,0.000910443,4,13,TRUE,"Significant","Q3 (MeCP2 down / H2A down)"
"Hopx",0.561830735488378,0.01401639,1,2,TRUE,0.596339059793089,5.84e-11,2,3,TRUE,"Significant","Q1 (MeCP2 up / H2A up)"
"Hpcal1",0.516688375365631,0.014180995,1,11,TRUE,0.447004067276846,0.000137651,3,6,TRUE,"Significant","Q1 (MeCP2 up / H2A up)"
"Hps1",-0.0792735875474832,0.705420025,0,2,FALSE,0.017683903,0.8931801,0,1,FALSE,"Not significant","Q2 (MeCP2 down / H2A up)"
"Hrh1",-0.00826736211282648,0.97795018,0,2,FALSE,-0.549998796228279,1.77e-05,2,3,TRUE,"Not significant","Q3 (MeCP2 down / H2A down)"
"Hrh2",-0.0098226874226161,0.823951917,0,2,FALSE,0.153965151,0.313648054,0,1,FALSE,"Not significant","Q2 (MeCP2 down / H2A up)"
"Hrh4",1.22796847552139,2.78e-05,1,2,TRUE,0.986667839468338,4.08e-36,2,3,TRUE,"Significant","Q1 (MeCP2 up / H2A up)"
"Hs1bp3",-0.112608964860035,0.472906997,0,3,FALSE,-0.0867996953288559,0.054567195,0,7,FALSE,"Not significant","Q3 (MeCP2 down / H2A down)"
"Hs2st1",-0.0498813612738857,0.780803691,0,2,FALSE,0.550135699280216,3.93e-06,1,2,TRUE,"Not significant","Q2 (MeCP2 down / H2A up)"
"Hs3st4",0.543025217491486,0.010358384,1,10,TRUE,0.290703105576504,0.008764381,1,2,TRUE,"Significant","Q1 (MeCP2 up / H2A up)"
"Hs3st5",0.921157251,0.002400908,1,1,TRUE,1.13535512627155,1.06e-20,5,5,TRUE,"Significant","Q1 (MeCP2 up / H2A up)"
"Hs6st1",0.225657911951367,0.253495181,0,4,FALSE,0.44939352653268,8.88e-08,2,4,TRUE,"Not significant","Q1 (MeCP2 up / H2A up)"
"Hs6st2",0.659344264696259,0.01546857,1,2,TRUE,0.432552240314384,1.5e-05,1,2,TRUE,"Significant","Q1 (MeCP2 up / H2A up)"
"Hs6st3",1.36709398079016,9.01e-08,2,5,TRUE,0.769482799759991,5.97e-15,5,5,TRUE,"Significant","Q1 (MeCP2 up / H2A up)"
"Hsd3b4",-0.064114462,0.782663948,0,1,FALSE,-0.052482739,0.720106697,0,1,FALSE,"Not significant","Q3 (MeCP2 down / H2A down)"
"Hspa12a",-0.395637151349289,0.01923296,2,13,TRUE,-0.161268827381752,0.000545041,2,7,TRUE,"Significant","Q3 (MeCP2 down / H2A down)"
"Hspa9",-0.028289537,0.921731796,0,1,FALSE,0.658260253630616,3.08e-12,2,2,TRUE,"Not significant","Q2 (MeCP2 down / H2A up)"
"Hspb8",0.022613571,0.941008705,0,1,FALSE,0.181834993,0.274779855,0,1,FALSE,"Not significant","Q1 (MeCP2 up / H2A up)"
"Hspbap1",-0.023587387,0.936936006,0,1,FALSE,0.126279432,0.427889056,0,1,FALSE,"Not significant","Q2 (MeCP2 down / H2A up)"
"Hspg2",-0.303765003335501,0.086085343,0,6,FALSE,-0.277355158495403,0.004927617,2,7,TRUE,"Not significant","Q3 (MeCP2 down / H2A down)"
"Htra1",-0.336770221488766,0.064940151,0,5,FALSE,-0.165951278586183,0.257692722,0,2,FALSE,"Not significant","Q3 (MeCP2 down / H2A down)"
"Hunk",0.0931470984721574,0.620572738,0,2,FALSE,0.614182413842436,4.32e-11,2,3,TRUE,"Not significant","Q1 (MeCP2 up / H2A up)"
"Hydin",-0.0868880076970088,0.633949823,0,2,FALSE,0.501477587861567,0.000539677,1,3,TRUE,"Not significant","Q2 (MeCP2 down / H2A up)"
"Ica1",-0.156017203,0.430584771,0,1,FALSE,0.652082186090713,1.77e-07,1,3,TRUE,"Not significant","Q2 (MeCP2 down / H2A up)"
"Ice1",0.264638790630865,0.174055397,0,4,FALSE,0.775641037171312,3.08e-17,5,6,TRUE,"Not significant","Q1 (MeCP2 up / H2A up)"
"Icos",1.753456845,8.9e-08,1,1,TRUE,1.255901358,1.7e-21,1,1,TRUE,"Significant","Q1 (MeCP2 up / H2A up)"
"Id4",0.000714919,0.998436446,0,1,FALSE,0.401547022839565,0.003118242,2,2,TRUE,"Not significant","Q1 (MeCP2 up / H2A up)"
"Ido2",0.060766897,0.796868821,0,1,FALSE,0.313085795,0.010788845,1,1,TRUE,"Not significant","Q1 (MeCP2 up / H2A up)"
"Iffo2",-0.190520976924196,0.314664409,0,2,FALSE,-0.585868939981247,0.000114226,2,3,TRUE,"Not significant","Q3 (MeCP2 down / H2A down)"
"Ifitm10",-0.028708108628381,0.903555529,0,2,FALSE,-0.188949353,0.156513342,0,1,FALSE,"Not significant","Q3 (MeCP2 down / H2A down)"
"Ifnar1",0.052514123,0.830558883,0,1,FALSE,0.259989062,0.020799781,1,1,TRUE,"Not significant","Q1 (MeCP2 up / H2A up)"
"Ifnar2",0.059516211,0.805980185,0,1,FALSE,0.202224718,0.028525272,1,1,TRUE,"Not significant","Q1 (MeCP2 up / H2A up)"
"Ift122",0.514664973650592,0.042987766,1,2,TRUE,0.815035515175265,5.15e-19,1,2,TRUE,"Significant","Q1 (MeCP2 up / H2A up)"
"Ift57",1.856372208,6.72e-11,1,1,TRUE,0.71742048054696,6.64e-15,2,2,TRUE,"Significant","Q1 (MeCP2 up / H2A up)"
"Iftap",1.36356179585895,0.000131413,1,2,TRUE,1.30272743741973,9.92e-29,1,2,TRUE,"Significant","Q1 (MeCP2 up / H2A up)"
"Igdcc3",-0.055786178,0.821358372,0,1,FALSE,-0.341714071886933,0.006847742,1,2,TRUE,"Not significant","Q3 (MeCP2 down / H2A down)"
"Igf1r",-0.11015036278462,0.3878515,0,10,FALSE,-0.012463271177718,0.00500271,3,4,TRUE,"Not significant","Q3 (MeCP2 down / H2A down)"
"Igf2r",0.105950810589987,0.4245264,0,2,FALSE,-0.0259851958572155,8.15e-08,2,2,TRUE,"Not significant","Q4 (MeCP2 up / H2A down)"
"Igfbpl1",-0.547388360093011,0.014944854,1,2,TRUE,-0.304006999120728,0.041110101,1,2,TRUE,"Significant","Q3 (MeCP2 down / H2A down)"
"Igfn1",-0.0900535205943518,0.490300183,0,4,FALSE,0.372950312187264,0.006735735,1,3,TRUE,"Not significant","Q2 (MeCP2 down / H2A up)"
"Igsf11",0.251460965396873,0.215685311,0,3,FALSE,0.73374102951024,4.15e-17,2,4,TRUE,"Not significant","Q1 (MeCP2 up / H2A up)"
"Igsf21",-0.492635033891523,0.028988224,1,5,TRUE,-0.538997096696418,2.54e-05,5,5,TRUE,"Significant","Q3 (MeCP2 down / H2A down)"
"Igsf3",-0.222539004986908,0.03648392,2,19,TRUE,-0.247308833124548,0.005987348,3,14,TRUE,"Significant","Q3 (MeCP2 down / H2A down)"
"Il16",-0.053217373,0.828342705,0,1,FALSE,-0.429244723422192,0.015568708,2,2,TRUE,"Not significant","Q3 (MeCP2 down / H2A down)"
"Il17rd",-0.103228575261799,0.568712776,0,2,FALSE,-0.456777879594022,0.000306627,2,2,TRUE,"Not significant","Q3 (MeCP2 down / H2A down)"
"Il1rapl1",2.43418843027303,4.67e-20,4,5,TRUE,0.731993227697479,8.32e-07,2,2,TRUE,"Significant","Q1 (MeCP2 up / H2A up)"
"Il2rb",0.018899326,0.951572101,0,1,FALSE,0.379945516,0.000338321,1,1,TRUE,"Not significant","Q1 (MeCP2 up / H2A up)"
"Il31ra",-0.105794979268329,0.603498549,0,2,FALSE,-0.154728025,0.407340108,0,1,FALSE,"Not significant","Q3 (MeCP2 down / H2A down)"
"Il4ra",-0.559628321,0.021525093,1,1,TRUE,-0.27794344,0.006029151,1,1,TRUE,"Significant","Q3 (MeCP2 down / H2A down)"
"Il7",1.381655879,0.000101542,1,1,TRUE,0.438252543808748,0.003221463,2,2,TRUE,"Significant","Q1 (MeCP2 up / H2A up)"
"Il9r",-0.0192277250651089,0.941606285,0,2,FALSE,0.281336626110827,0.010454865,1,2,TRUE,"Not significant","Q2 (MeCP2 down / H2A up)"
"Ildr2",0.712629747945339,0.005491365,1,4,TRUE,0.406366322427825,5.51e-07,4,6,TRUE,"Significant","Q1 (MeCP2 up / H2A up)"
"Immp2l",2.3172125200477,3.06e-13,1,2,TRUE,0.878614122,2.52e-15,1,1,TRUE,"Significant","Q1 (MeCP2 up / H2A up)"
"Inava",-0.0705050637594808,0.750270625,0,2,FALSE,-0.436082351,0.001287147,1,1,TRUE,"Not significant","Q3 (MeCP2 down / H2A down)"
"Inf2",-0.5470141830354,0.008528001,1,3,TRUE,-0.308811071896946,0.001733844,2,2,TRUE,"Significant","Q3 (MeCP2 down / H2A down)"
"Inhbb",-0.708073788280841,0.008956689,1,3,TRUE,0.0700528143508179,0.687211152,0,2,FALSE,"Not significant","Q2 (MeCP2 down / H2A up)"
"Ino80d",0.24425312890563,0.049292801,1,5,TRUE,0.487709258248459,9.91e-09,2,5,TRUE,"Significant","Q1 (MeCP2 up / H2A up)"
"Inpp4b",1.30486954575665,1.63e-06,1,2,TRUE,1.15943544347103,6.09e-29,13,14,TRUE,"Significant","Q1 (MeCP2 up / H2A up)"
"Inpp5a",-0.0727605888744907,0.614423704,0,4,FALSE,-0.470357636490846,2.36e-05,3,6,TRUE,"Not significant","Q3 (MeCP2 down / H2A down)"
"Inpp5d",-0.417758668,0.087192376,0,1,FALSE,0.132370863,0.425874587,0,1,FALSE,"Not significant","Q2 (MeCP2 down / H2A up)"
"Insl3",-0.041278409,0.879143933,0,1,FALSE,-0.351458039,0.00129655,1,1,TRUE,"Not significant","Q3 (MeCP2 down / H2A down)"
"Insrr",-0.014979674,0.964794223,0,1,FALSE,-0.052702305,0.645990312,0,1,FALSE,"Not significant","Q3 (MeCP2 down / H2A down)"
"Insyn2a",0.0860195466243315,0.478495912,0,6,FALSE,0.089565449,0.567058702,0,1,FALSE,"Not significant","Q1 (MeCP2 up / H2A up)"
"Insyn2b",0.140182804129948,0.438036859,0,5,FALSE,0.566693697889636,1.28e-09,2,3,TRUE,"Not significant","Q1 (MeCP2 up / H2A up)"
"Intu",0.792499702399309,0.004812888,2,3,TRUE,0.32762908,0.001616641,1,1,TRUE,"Significant","Q1 (MeCP2 up / H2A up)"
"Ip6k3",-0.133427135493003,0.466780102,0,2,FALSE,-0.565691906826377,0.00031989,1,2,TRUE,"Not significant","Q3 (MeCP2 down / H2A down)"
"Iqca1",-0.0167208783153471,0.886575228,0,3,FALSE,0.0898921205168636,0.569824515,0,2,FALSE,"Not significant","Q2 (MeCP2 down / H2A up)"
"Iqgap2",-0.530429182225852,0.014219365,2,6,TRUE,0.584005572978523,7.48e-16,5,16,TRUE,"Significant","Q2 (MeCP2 down / H2A up)"
"Iqgap3",-0.002269912,0.995440757,0,1,FALSE,0.371057230239354,4.42e-06,2,2,TRUE,"Not significant","Q2 (MeCP2 down / H2A up)"
"Iqsec1",-0.272769252697772,0.192373431,0,5,FALSE,-0.200263902015405,6.1e-07,7,12,TRUE,"Not significant","Q3 (MeCP2 down / H2A down)"
"Iqsec3",-0.0706505156460528,0.42572925,0,3,FALSE,-0.847073649459135,1.17e-07,1,4,TRUE,"Not significant","Q3 (MeCP2 down / H2A down)"
"Irag2",-0.057288809,0.812268468,0,1,FALSE,-0.589881773,2.32e-05,1,1,TRUE,"Not significant","Q3 (MeCP2 down / H2A down)"
"Irf8",-0.156652670173044,0.405389843,0,2,FALSE,-0.380397922824796,0.002310457,2,2,TRUE,"Not significant","Q3 (MeCP2 down / H2A down)"
"Irs1",0.476736770772242,0.001762372,2,5,TRUE,0.438420679682286,0.000327745,1,2,TRUE,"Significant","Q1 (MeCP2 up / H2A up)"
"Irx3",-0.626369763717816,0.006615356,1,7,TRUE,0.037333694749604,0.02071087,1,8,TRUE,"Significant","Q2 (MeCP2 down / H2A up)"
"Irx6",0.073259191,0.742879794,0,1,FALSE,-0.266316157,0.110554679,0,1,FALSE,"Not significant","Q4 (MeCP2 up / H2A down)"
"Islr",-0.00333268164055259,0.760676064,0,3,FALSE,-0.213133517230562,0.039733893,1,3,TRUE,"Not significant","Q3 (MeCP2 down / H2A down)"
"Ism2",-0.033822711,0.903120281,0,1,FALSE,0.194191708,0.18385374,0,1,FALSE,"Not significant","Q2 (MeCP2 down / H2A up)"
"Isoc1",0.0783841623993899,0.666006922,0,3,FALSE,0.673670198,6.12e-07,1,1,TRUE,"Not significant","Q1 (MeCP2 up / H2A up)"
"Isx",1.93113569125819,3.89e-13,2,3,TRUE,1.25592671444272,9.74e-26,3,3,TRUE,"Significant","Q1 (MeCP2 up / H2A up)"
"Isyna1",0.022408924,0.941542539,0,1,FALSE,-0.133042372395806,0.305531329,0,2,FALSE,"Not significant","Q4 (MeCP2 up / H2A down)"
"Itga5",-0.274828044311587,0.232829569,0,2,FALSE,-0.229937258129045,0.11378114,0,3,FALSE,"Not significant","Q3 (MeCP2 down / H2A down)"
"Itga7",0.194574066375143,0.242764105,0,2,FALSE,0.620363067,2.74e-05,1,1,TRUE,"Not significant","Q1 (MeCP2 up / H2A up)"
"Itga9",-0.0473180276084686,0.598635852,0,4,FALSE,-0.016046724,0.918871103,0,1,FALSE,"Not significant","Q3 (MeCP2 down / H2A down)"
"Itgav",0.054287566,0.823594255,0,1,FALSE,1.11916625339903,7.2e-19,2,2,TRUE,"Not significant","Q1 (MeCP2 up / H2A up)"
"Itgb1bp1",-0.0987963155110149,0.626416813,0,2,FALSE,0.361071821605868,0.000597455,1,2,TRUE,"Not significant","Q2 (MeCP2 down / H2A up)"
"Itgb3",1.21830995908509,5.21e-07,2,3,TRUE,0.647353734,2.38e-06,1,1,TRUE,"Significant","Q1 (MeCP2 up / H2A up)"
"Itgb4",-0.080661207,0.718468772,0,1,FALSE,-0.391227861647173,0.000628346,1,2,TRUE,"Not significant","Q3 (MeCP2 down / H2A down)"
"Itgb5",1.38296483177757,5.32e-15,5,8,TRUE,0.649349733239079,1.43e-07,6,8,TRUE,"Significant","Q1 (MeCP2 up / H2A up)"
"Itgb6",-0.020705100311581,0.865480109,0,3,FALSE,-0.278893332893097,0.030216392,1,2,TRUE,"Not significant","Q3 (MeCP2 down / H2A down)"
"Itm2c",0.0887931,0.677765436,0,1,FALSE,0.252307764,0.085100543,0,1,FALSE,"Not significant","Q1 (MeCP2 up / H2A up)"
"Itpk1",1.051816220391,1.58e-08,2,12,TRUE,0.38665245324352,1.63e-09,4,12,TRUE,"Significant","Q1 (MeCP2 up / H2A up)"
"Itpkb",-0.0809589095550693,0.670129342,0,2,FALSE,1.05834096262603,5.02e-19,3,3,TRUE,"Not significant","Q2 (MeCP2 down / H2A up)"
"Itpr1",0.16202787396593,0.322640641,0,3,FALSE,1.13566056287474,7.2e-37,9,15,TRUE,"Not significant","Q1 (MeCP2 up / H2A up)"
"Itpr2",0.851393129354089,1.36e-06,2,14,TRUE,0.444755916824819,9.12e-12,13,18,TRUE,"Significant","Q1 (MeCP2 up / H2A up)"
"Itpr3",-0.0426207819537665,0.810287613,0,5,FALSE,-0.353990962935681,0.000462756,1,2,TRUE,"Not significant","Q3 (MeCP2 down / H2A down)"
"Itsn1",-0.011737857,0.972295106,0,1,FALSE,0.0753351881509781,0.600893435,0,2,FALSE,"Not significant","Q2 (MeCP2 down / H2A up)"
"Jade1",-0.120805654263572,0.450058482,0,4,FALSE,0.397046555824095,0.000463546,1,3,TRUE,"Not significant","Q2 (MeCP2 down / H2A up)"
"Jade2",-0.091884922166233,0.638471025,0,2,FALSE,0.489384684078404,7.99e-06,1,2,TRUE,"Not significant","Q2 (MeCP2 down / H2A up)"
"Jak1",-0.0590607792119952,0.730994584,0,3,FALSE,0.13174729533092,0.28499137,0,2,FALSE,"Not significant","Q2 (MeCP2 down / H2A up)"
"Jakmip3",-0.143987760686661,0.391442651,0,3,FALSE,-0.368240239958487,0.006356078,2,2,TRUE,"Not significant","Q3 (MeCP2 down / H2A down)"
"Jam3",0.022833930115657,0.725358117,0,2,FALSE,0.561983826,0.000107449,1,1,TRUE,"Not significant","Q1 (MeCP2 up / H2A up)"
"Jazf1",0.576836213269937,1.67e-05,6,26,TRUE,0.221801242742644,1.67e-06,6,20,TRUE,"Significant","Q1 (MeCP2 up / H2A up)"
"Jdp2",-0.082358151,0.7124939,0,1,FALSE,-0.357223030354776,0.006176372,2,2,TRUE,"Not significant","Q3 (MeCP2 down / H2A down)"
"Jph1",0.716871763880592,0.001677388,1,3,TRUE,1.13297081919978,1.03e-32,4,5,TRUE,"Significant","Q1 (MeCP2 up / H2A up)"
"Jph3",0.436764347295559,0.025544423,1,5,TRUE,0.0942794536922194,2.7e-07,6,9,TRUE,"Significant","Q1 (MeCP2 up / H2A up)"
"Jph4",0.082567482,0.699080382,0,1,FALSE,0.686463625,6.29e-07,1,1,TRUE,"Not significant","Q1 (MeCP2 up / H2A up)"
"Jun",-0.072731472,0.746640184,0,1,FALSE,-0.103967862224505,1.1e-06,4,7,TRUE,"Not significant","Q3 (MeCP2 down / H2A down)"
"Kalrn",0.584214463207953,0.000540812,2,20,TRUE,0.156857233280871,6.19e-06,11,34,TRUE,"Significant","Q1 (MeCP2 up / H2A up)"
"Kank1",-0.0179590018813568,0.78680529,0,4,FALSE,0.25704361575988,0.044138422,1,2,TRUE,"Not significant","Q2 (MeCP2 down / H2A up)"
"Kank4",0.877800955378459,0.001440795,1,2,TRUE,0.431863887494642,0.000205818,2,3,TRUE,"Significant","Q1 (MeCP2 up / H2A up)"
"Kash5",-0.03355506,0.903248637,0,1,FALSE,0.591163658,2.6e-09,1,1,TRUE,"Not significant","Q2 (MeCP2 down / H2A up)"
"Kat14",-0.028829529,0.919656628,0,1,FALSE,0.707546826466014,8.29e-06,2,2,TRUE,"Not significant","Q2 (MeCP2 down / H2A up)"
"Kat6b",0.265672831,0.176867047,0,1,FALSE,0.86977663332311,6.98e-28,4,5,TRUE,"Not significant","Q1 (MeCP2 up / H2A up)"
"Katnip",-0.814645284696544,0.000280643,11,33,TRUE,-0.586001319752709,4.5e-08,10,16,TRUE,"Significant","Q3 (MeCP2 down / H2A down)"
"Kazn",1.04873696884744,2.1e-07,2,11,TRUE,0.197090045413426,0.00724003,1,7,TRUE,"Significant","Q1 (MeCP2 up / H2A up)"
"Kbtbd11",-0.042909364,0.867648461,0,1,FALSE,-0.386856013345435,0.006330316,1,2,TRUE,"Not significant","Q3 (MeCP2 down / H2A down)"
"Kbtbd12",2.57127713,6.74e-07,1,1,TRUE,0.193015892,0.205582864,0,1,FALSE,"Not significant","Q1 (MeCP2 up / H2A up)"
"Kcna10",-0.030524128,0.918362233,0,1,FALSE,-0.281272747943914,0.018602615,1,2,TRUE,"Not significant","Q3 (MeCP2 down / H2A down)"
"Kcna2",-1.28877229201747,7.54e-06,2,6,TRUE,0.368576138565169,2.88e-05,4,6,TRUE,"Significant","Q2 (MeCP2 down / H2A up)"
"Kcna5",0.064376367,0.779570385,0,1,FALSE,-0.24087634,0.082677392,0,1,FALSE,"Not significant","Q4 (MeCP2 up / H2A down)"
"Kcnab1",1.5109309387754,9.42e-08,2,4,TRUE,1.07232069740432,6.36e-34,14,16,TRUE,"Significant","Q1 (MeCP2 up / H2A up)"
"Kcnab2",-0.213731150248633,0.179868172,0,5,FALSE,-0.319330723241486,0.003979674,1,3,TRUE,"Not significant","Q3 (MeCP2 down / H2A down)"
"Kcnb1",-0.097367536170878,0.619395297,0,2,FALSE,-0.253002611,0.111476354,0,1,FALSE,"Not significant","Q3 (MeCP2 down / H2A down)"
"Kcnb2",0.304021410674491,0.100996919,0,2,FALSE,0.364776012834521,0.00021335,2,3,TRUE,"Not significant","Q1 (MeCP2 up / H2A up)"
"Kcnc1",-0.0396771327138127,0.714572393,0,3,FALSE,-0.123041247709309,0.324508736,0,3,FALSE,"Not significant","Q3 (MeCP2 down / H2A down)"
"Kcnc4",0.0112038726933864,0.9689348,0,2,FALSE,-0.123523414625462,0.197662056,0,3,FALSE,"Not significant","Q4 (MeCP2 up / H2A down)"
"Kcnd3",0.0950963173245361,0.063998397,0,22,FALSE,0.15236160361641,0.002124057,5,18,TRUE,"Not significant","Q1 (MeCP2 up / H2A up)"
"Kcne1",0.030180425,0.913715278,0,1,FALSE,0.384449263,9.17e-05,1,1,TRUE,"Not significant","Q1 (MeCP2 up / H2A up)"
"Kcng1",-0.034071086,0.901641467,0,1,FALSE,-0.163935477,0.199106617,0,1,FALSE,"Not significant","Q3 (MeCP2 down / H2A down)"
"Kcng4",-0.005620098,0.988877784,0,1,FALSE,-0.326101937,0.071829207,0,1,FALSE,"Not significant","Q3 (MeCP2 down / H2A down)"
"Kcnh1",0.884920471536935,1.1e-06,2,15,TRUE,0.382990878461225,2.46e-13,8,17,TRUE,"Significant","Q1 (MeCP2 up / H2A up)"
"Kcnh3",0.009858851,0.978049193,0,1,FALSE,-0.530917939,0.000154129,1,1,TRUE,"Not significant","Q4 (MeCP2 up / H2A down)"
"Kcnip1",0.62552108571468,0.000525166,4,27,TRUE,-0.181984273137073,0.003773568,6,27,TRUE,"Significant","Q4 (MeCP2 up / H2A down)"
"Kcnip3",-0.278351125,0.256612042,0,1,FALSE,-0.460945632044629,0.001839775,1,2,TRUE,"Not significant","Q3 (MeCP2 down / H2A down)"
"Kcnip4",0.287575123406742,0.018185444,1,8,TRUE,0.757732413484207,7.32e-13,11,13,TRUE,"Significant","Q1 (MeCP2 up / H2A up)"
"Kcnj1",0.519095901811068,0.012601787,1,3,TRUE,0.266162054,0.019207437,1,1,TRUE,"Significant","Q1 (MeCP2 up / H2A up)"
"Kcnj10",-0.018839205,0.951958177,0,1,FALSE,0.138978548,0.362286531,0,1,FALSE,"Not significant","Q2 (MeCP2 down / H2A up)"
"Kcnj12",0.0846426098498549,0.690697137,0,2,FALSE,-0.001157278,0.99563379,0,1,FALSE,"Not significant","Q4 (MeCP2 up / H2A down)"
"Kcnj15",0.479486332521976,0.016641488,1,5,TRUE,0.252149338787177,0.007985191,1,4,TRUE,"Significant","Q1 (MeCP2 up / H2A up)"
"Kcnj3",0.757649413,0.008140829,1,1,TRUE,1.553085592,1.67e-33,1,1,TRUE,"Significant","Q1 (MeCP2 up / H2A up)"
"Kcnj4",-1.10027635125422,0.000248864,1,2,TRUE,-0.376558638715728,0.006129713,1,2,TRUE,"Significant","Q3 (MeCP2 down / H2A down)"
"Kcnj6",-0.311843397551092,0.133748925,0,3,FALSE,-0.244610345211313,0.001039871,3,6,TRUE,"Not significant","Q3 (MeCP2 down / H2A down)"
"Kcnk13",-0.893944315486542,0.007233607,2,2,TRUE,0.346837782903357,0.003503587,1,2,TRUE,"Significant","Q2 (MeCP2 down / H2A up)"
"Kcnk15",-0.54695563932183,0.008803819,1,2,TRUE,-0.576247302715157,2.21e-07,3,3,TRUE,"Significant","Q3 (MeCP2 down / H2A down)"
"Kcnk2",0.246705109014373,0.149597894,0,6,FALSE,0.103435151851402,0.267479407,0,5,FALSE,"Not significant","Q1 (MeCP2 up / H2A up)"
"Kcnk3",0.439576090604052,0.007640709,1,3,TRUE,0.373017188053674,0.000132444,1,2,TRUE,"Significant","Q1 (MeCP2 up / H2A up)"
"Kcnk9",1.40553953203255,6.98e-10,4,15,TRUE,0.469890054642251,5.07e-18,6,12,TRUE,"Significant","Q1 (MeCP2 up / H2A up)"
"Kcnma1",1.59390041912909,7.15e-12,1,7,TRUE,0.897519435334165,5.48e-31,19,20,TRUE,"Significant","Q1 (MeCP2 up / H2A up)"
"Kcnmb1",-0.0457379319614082,0.678963158,0,2,FALSE,-0.067067842979991,0.315463138,0,5,FALSE,"Not significant","Q3 (MeCP2 down / H2A down)"
"Kcnmb4os1",2.63566931127085,7.36e-27,1,3,TRUE,1.17970720703,1.01e-40,3,3,TRUE,"Significant","Q1 (MeCP2 up / H2A up)"
"Kcnn2",0.486649032949159,0.002137601,1,13,TRUE,0.806182764635001,6.78e-28,8,12,TRUE,"Significant","Q1 (MeCP2 up / H2A up)"
"Kcnn3",-0.591928838862488,0.001766172,5,19,TRUE,-0.330038170946744,4.97e-06,12,29,TRUE,"Significant","Q3 (MeCP2 down / H2A down)"
"Kcnq1",-0.962721807220883,1.69e-05,6,11,TRUE,-0.718599734487283,1.4e-17,11,11,TRUE,"Significant","Q3 (MeCP2 down / H2A down)"
"Kcnq1ot1",-0.386886818528056,0.059900855,0,3,FALSE,-0.58775745282227,2.42e-08,3,4,TRUE,"Not significant","Q3 (MeCP2 down / H2A down)"
"Kcnq3",1.93387095401978,1.82e-17,5,7,TRUE,0.902781602816602,7.57e-21,11,12,TRUE,"Significant","Q1 (MeCP2 up / H2A up)"
"Kcnq4",0.0495308118863953,0.612894351,0,2,FALSE,-0.218851838895859,0.021081791,2,3,TRUE,"Not significant","Q4 (MeCP2 up / H2A down)"
"Kcns1",0.011448364,0.973545825,0,1,FALSE,-0.388604476,0.041457915,1,1,TRUE,"Not significant","Q4 (MeCP2 up / H2A down)"
"Kctd15",0.00764015234047368,0.806874329,0,3,FALSE,-0.143241064963109,0.114468623,0,2,FALSE,"Not significant","Q4 (MeCP2 up / H2A down)"
"Kctd16",0.136594399,0.51567666,0,1,FALSE,0.530596237144493,6.61e-05,2,2,TRUE,"Not significant","Q1 (MeCP2 up / H2A up)"
"Kctd21",-0.108516631,0.599540152,0,1,FALSE,0.371851489,0.005112686,1,1,TRUE,"Not significant","Q2 (MeCP2 down / H2A up)"
"Kctd3",-0.0721753111978536,0.746730475,0,2,FALSE,-0.282887608097695,0.002428678,1,4,TRUE,"Not significant","Q3 (MeCP2 down / H2A down)"
"Kctd8",2.01395999471153,1.15e-11,2,2,TRUE,1.33995589660212,2.66e-21,4,4,TRUE,"Significant","Q1 (MeCP2 up / H2A up)"
"Kdm4b",-0.0804106424558194,0.661729487,0,3,FALSE,-0.57395408617153,2.91e-12,3,6,TRUE,"Not significant","Q3 (MeCP2 down / H2A down)"
"Kdm6b",-0.0460525728222035,0.83088099,0,2,FALSE,0.257660032,0.018142245,1,1,TRUE,"Not significant","Q2 (MeCP2 down / H2A up)"
"Khdc1b",-1.280528151,0.000530822,1,1,TRUE,-0.359960044679789,0.004299644,1,3,TRUE,"Significant","Q3 (MeCP2 down / H2A down)"
"Khdrbs3",1.10351718845748,2.62e-06,2,6,TRUE,0.856619590232982,1.02e-16,4,4,TRUE,"Significant","Q1 (MeCP2 up / H2A up)"
"Kif13a",-0.045000253,0.86177626,0,1,FALSE,0.680574092578506,1.78e-08,2,2,TRUE,"Not significant","Q2 (MeCP2 down / H2A up)"
"Kif13b",0.002406189,0.995192258,0,1,FALSE,-0.11080187,0.509922733,0,1,FALSE,"Not significant","Q4 (MeCP2 up / H2A down)"
"Kif16b",-0.501784125997076,0.004198724,1,4,TRUE,-0.154449182696343,0.027622774,1,13,TRUE,"Significant","Q3 (MeCP2 down / H2A down)"
"Kif18a",1.487219445,0.000169075,1,1,TRUE,0.772091510136404,6.08e-08,2,2,TRUE,"Significant","Q1 (MeCP2 up / H2A up)"
"Kif1a",-0.085801592568541,0.683536483,0,2,FALSE,-0.315021955655438,0.00108186,1,2,TRUE,"Not significant","Q3 (MeCP2 down / H2A down)"
"Kif21b",-0.203516030943408,0.203076475,0,4,FALSE,0.377701840207308,0.000382181,1,3,TRUE,"Not significant","Q2 (MeCP2 down / H2A up)"
"Kif26a",-0.0477372622902352,0.824136458,0,4,FALSE,-0.419370086845091,1.15e-07,2,2,TRUE,"Not significant","Q3 (MeCP2 down / H2A down)"
"Kif26b",-0.118948171843857,0.29036339,0,8,FALSE,0.851860997226721,2.19e-14,3,8,TRUE,"Not significant","Q2 (MeCP2 down / H2A up)"
"Kif5c",-0.0954385770241636,0.57159246,0,3,FALSE,-0.356540435744911,1.48e-08,4,6,TRUE,"Not significant","Q3 (MeCP2 down / H2A down)"
"Kif6",0.400437021716003,0.017259958,1,17,TRUE,-0.153557812051505,9.3e-05,5,14,TRUE,"Significant","Q4 (MeCP2 up / H2A down)"
"Kifc3",-0.105894069,0.602724034,0,1,FALSE,-0.0552882095625117,0.000194183,2,3,TRUE,"Not significant","Q3 (MeCP2 down / H2A down)"
"Kirrel1",0.161019234,0.412752757,0,1,FALSE,0.669282481063599,5.55e-09,2,2,TRUE,"Not significant","Q1 (MeCP2 up / H2A up)"
"Kirrel3",-0.48785047677932,0.001175051,1,17,TRUE,0.120659671524236,5.15e-10,7,24,TRUE,"Significant","Q2 (MeCP2 down / H2A up)"
"Kiz",-0.012265162,0.971494929,0,1,FALSE,-0.329661212948003,4.6e-10,2,2,TRUE,"Not significant","Q3 (MeCP2 down / H2A down)"
"Klf12",0.428182006794623,0.056406844,0,3,FALSE,0.806404523250527,1.92e-23,4,6,TRUE,"Not significant","Q1 (MeCP2 up / H2A up)"
"Klf13",1.16764051450658,3.94e-05,1,2,TRUE,0.574031492,5.81e-07,1,1,TRUE,"Significant","Q1 (MeCP2 up / H2A up)"
"Klf15",-0.207490169,0.290158008,0,1,FALSE,-0.345890636,0.000152832,1,1,TRUE,"Not significant","Q3 (MeCP2 down / H2A down)"
"Klf4",0.03257211,0.906608252,0,1,FALSE,0.459656058,4.82e-05,1,1,TRUE,"Not significant","Q1 (MeCP2 up / H2A up)"
"Klf7",1.8406153536744,8.56e-20,8,11,TRUE,0.919373806566671,5.36e-30,15,15,TRUE,"Significant","Q1 (MeCP2 up / H2A up)"
"Klf9",1.535369490637,2.86e-09,4,7,TRUE,1.20208384396782,2.56e-39,3,3,TRUE,"Significant","Q1 (MeCP2 up / H2A up)"
"Klhdc4",0.0913042635859918,0.651109822,0,2,FALSE,0.104055991,0.485342153,0,1,FALSE,"Not significant","Q1 (MeCP2 up / H2A up)"
"Klhl25",-0.0717930116932621,0.553080349,0,4,FALSE,-0.0352182426106678,0.418861653,0,2,FALSE,"Not significant","Q3 (MeCP2 down / H2A down)"
"Klhl29",-0.411264041393754,0.011994917,1,19,TRUE,0.156409406061469,2.23e-06,5,25,TRUE,"Significant","Q2 (MeCP2 down / H2A up)"
"Klhl30",0.033263064,0.907030865,0,1,FALSE,-0.192858115925978,0.044129965,1,2,TRUE,"Not significant","Q4 (MeCP2 up / H2A down)"
"Klhl32",-0.050462337,0.840956949,0,1,FALSE,1.03927566966008,1.31e-14,3,4,TRUE,"Not significant","Q2 (MeCP2 down / H2A up)"
"Klhl8",-0.19507791686943,0.351184749,0,2,FALSE,0.500018772005661,1.05e-05,1,2,TRUE,"Not significant","Q2 (MeCP2 down / H2A up)"
"Kndc1",-0.545451553833881,0.012121741,1,3,TRUE,-0.64012164351698,7.52e-08,1,2,TRUE,"Significant","Q3 (MeCP2 down / H2A down)"
"Kremen1",-0.0566227465851856,0.36900819,0,5,FALSE,-0.168817057787129,0.128492381,0,3,FALSE,"Not significant","Q3 (MeCP2 down / H2A down)"
"Krt4",0.050435061,0.840453657,0,1,FALSE,0.434429723,0.000359257,1,1,TRUE,"Not significant","Q1 (MeCP2 up / H2A up)"
"Krt5",-0.142292183,0.459860563,0,1,FALSE,0.043602001,0.797189862,0,1,FALSE,"Not significant","Q2 (MeCP2 down / H2A up)"
"Krt7",0.0451707417892969,0.55506442,0,2,FALSE,0.185404764,0.182233983,0,1,FALSE,"Not significant","Q1 (MeCP2 up / H2A up)"
"Krt80",-0.209154402984727,0.189646664,0,9,FALSE,-0.106540843847069,0.06847694,0,4,FALSE,"Not significant","Q3 (MeCP2 down / H2A down)"
"Krt82",-0.111705485,0.605072367,0,1,FALSE,-0.171887584,0.260175861,0,1,FALSE,"Not significant","Q3 (MeCP2 down / H2A down)"
"Krt83",0.003936752,0.991911664,0,1,FALSE,-0.209425246,0.147657295,0,1,FALSE,"Not significant","Q4 (MeCP2 up / H2A down)"
"Krtap10-23",-0.051092028,0.83727037,0,1,FALSE,-0.250411047,0.142325749,0,1,FALSE,"Not significant","Q3 (MeCP2 down / H2A down)"
"Ksr1",-0.391279798805546,0.126437511,0,3,FALSE,-0.422657521984799,5.01e-05,2,2,TRUE,"Not significant","Q3 (MeCP2 down / H2A down)"
"Ky",0.12864182217932,0.023650069,1,6,TRUE,-0.263398587072178,0.000957717,1,5,TRUE,"Significant","Q4 (MeCP2 up / H2A down)"
"L1td1",2.77815372894354,1.94e-26,2,4,TRUE,1.5645002040054,1.31e-48,5,5,TRUE,"Significant","Q1 (MeCP2 up / H2A up)"
"L3mbtl4",1.3429204208504,3.82e-07,1,5,TRUE,0.853186549448391,2.93e-17,7,9,TRUE,"Significant","Q1 (MeCP2 up / H2A up)"
"LOC100043315",1.94083330054638,2.19e-17,9,19,TRUE,1.12801037220847,7.04e-47,12,16,TRUE,"Significant","Q1 (MeCP2 up / H2A up)"
"Lama1",-0.066739045,0.773089926,0,1,FALSE,0.282756678,0.013114001,1,1,TRUE,"Not significant","Q2 (MeCP2 down / H2A up)"
"Lama2",0.574966294702691,0.039235958,2,3,TRUE,0.613786444764825,2.7e-10,3,3,TRUE,"Significant","Q1 (MeCP2 up / H2A up)"
"Lama3",0.734519441623883,0.005079649,1,2,TRUE,0.867078071458692,7.59e-17,4,5,TRUE,"Significant","Q1 (MeCP2 up / H2A up)"
"Lamb3",1.94043114089041,1.43e-19,6,10,TRUE,0.987468917031211,2.78e-26,4,4,TRUE,"Significant","Q1 (MeCP2 up / H2A up)"
"Lamc1",-0.168904899,0.459513215,0,1,FALSE,0.276544579776215,0.024394274,1,2,TRUE,"Not significant","Q2 (MeCP2 down / H2A up)"
"Lamc2",0.21319329042731,0.250692272,0,2,FALSE,0.589352420435974,1.05e-05,2,2,TRUE,"Not significant","Q1 (MeCP2 up / H2A up)"
"Lamc3",-0.133393935695471,0.448732565,0,2,FALSE,-0.582519655,0.000461514,1,1,TRUE,"Not significant","Q3 (MeCP2 down / H2A down)"
"Laptm4a",-0.041405336274845,0.835885179,0,2,FALSE,0.372177269820358,0.001021303,3,4,TRUE,"Not significant","Q2 (MeCP2 down / H2A up)"
"Laptm5",0.006443718,0.987161446,0,1,FALSE,-0.561187376,0.001550728,1,1,TRUE,"Not significant","Q4 (MeCP2 up / H2A down)"
"Large1",-0.244186618,0.244460908,0,1,FALSE,0.0244541709133053,0.164381002,0,3,FALSE,"Not significant","Q2 (MeCP2 down / H2A up)"
"Larp1",0.078420073,0.729965758,0,1,FALSE,0.180226432,0.133477764,0,1,FALSE,"Not significant","Q1 (MeCP2 up / H2A up)"
"Lbp",-0.01994933,0.948706174,0,1,FALSE,0.084129029,0.566625714,0,1,FALSE,"Not significant","Q2 (MeCP2 down / H2A up)"
"Lca5l",1.5220256528204,1.12e-10,2,2,TRUE,0.405719139,0.007588642,1,1,TRUE,"Significant","Q1 (MeCP2 up / H2A up)"
"Lct",-0.201409253680018,0.319595198,0,2,FALSE,0.148917484597201,0.158247943,0,2,FALSE,"Not significant","Q2 (MeCP2 down / H2A up)"
"Ldb2",-0.1397164324686,0.406347925,0,3,FALSE,-0.071046947,0.60913361,0,1,FALSE,"Not significant","Q3 (MeCP2 down / H2A down)"
"Ldb3",-0.0535865908644262,0.717144955,0,2,FALSE,0.334333127990263,0.002039501,3,4,TRUE,"Not significant","Q2 (MeCP2 down / H2A up)"
"Ldhal6b",-0.131030950722924,0.348258027,0,9,FALSE,0.225581334734091,0.0044809,1,8,TRUE,"Not significant","Q2 (MeCP2 down / H2A up)"
"Ldlrad3",1.31972857207504,3.18e-11,8,16,TRUE,1.01753317171511,1.05e-20,13,15,TRUE,"Significant","Q1 (MeCP2 up / H2A up)"
"Ldlrad4",1.44645153779415,1.09e-09,2,10,TRUE,0.642704626714353,4.94e-09,6,13,TRUE,"Significant","Q1 (MeCP2 up / H2A up)"
"Ldlrap1",-0.127334273,0.543024501,0,1,FALSE,-0.478188638,0.002762937,1,1,TRUE,"Not significant","Q3 (MeCP2 down / H2A down)"
"Lef1",-0.0664167469036767,0.650428335,0,5,FALSE,-0.451302877,0.001620336,1,1,TRUE,"Not significant","Q3 (MeCP2 down / H2A down)"
"Lemd1",0.040661145,0.876888742,0,1,FALSE,0.301253039,0.034827527,1,1,TRUE,"Not significant","Q1 (MeCP2 up / H2A up)"
"Lep",0.653091072099974,0.004337178,2,2,TRUE,0.598690709094436,3.26e-08,2,2,TRUE,"Significant","Q1 (MeCP2 up / H2A up)"
"Lgals2",-0.088977653,0.676852606,0,1,FALSE,0.032670673,0.824187532,0,1,FALSE,"Not significant","Q2 (MeCP2 down / H2A up)"
"Lgals3bp",-0.0520284533368397,0.786323154,0,2,FALSE,-0.517499017,7.94e-06,1,1,TRUE,"Not significant","Q3 (MeCP2 down / H2A down)"
"Lgals9",-0.0674958758331357,0.737106822,0,2,FALSE,-0.658218575313062,2.32e-06,3,3,TRUE,"Not significant","Q3 (MeCP2 down / H2A down)"
"Lgi2",-0.0878956397526239,0.635173145,0,2,FALSE,-0.152431379085391,0.217152814,0,2,FALSE,"Not significant","Q3 (MeCP2 down / H2A down)"
"Lgr4",1.858614511775,1.46e-13,3,5,TRUE,0.757463942284668,2.01e-14,5,5,TRUE,"Significant","Q1 (MeCP2 up / H2A up)"
"Lgr5",0.0536920802907624,0.821836112,0,2,FALSE,0.345805576832038,0.001320016,2,2,TRUE,"Not significant","Q1 (MeCP2 up / H2A up)"
"Lgr6",-0.051302816,0.833547408,0,1,FALSE,-0.169980852603399,0.010438935,1,5,TRUE,"Not significant","Q3 (MeCP2 down / H2A down)"
"Lhfpl2",1.11963590926134,3.48e-07,1,13,TRUE,0.453692413003043,8.32e-11,12,20,TRUE,"Significant","Q1 (MeCP2 up / H2A up)"
"Lhfpl3",0.392297250120774,0.089237632,0,3,FALSE,1.05250839057481,3.19e-19,3,3,TRUE,"Not significant","Q1 (MeCP2 up / H2A up)"
"Lhfpl6",-0.054454837,0.823764205,0,1,FALSE,0.450027417739388,1.78e-09,3,3,TRUE,"Not significant","Q2 (MeCP2 down / H2A up)"
"Lhpp",2.85208853071865,6.89e-27,2,6,TRUE,0.723299314920961,9.84e-14,4,6,TRUE,"Significant","Q1 (MeCP2 up / H2A up)"
"Lhx2",-0.0806804556934105,0.646175447,0,3,FALSE,0.472289399727911,1.88e-05,2,3,TRUE,"Not significant","Q2 (MeCP2 down / H2A up)"
"Lhx4",-0.202629068,0.354999196,0,1,FALSE,-0.350200744171314,9.97e-06,2,6,TRUE,"Not significant","Q3 (MeCP2 down / H2A down)"
"Lhx5",-0.019850771,0.94895805,0,1,FALSE,-0.509829523886547,4.31e-05,2,3,TRUE,"Not significant","Q3 (MeCP2 down / H2A down)"
"Lifr",0.01111971,0.97431178,0,1,FALSE,-0.449185703362396,9.21e-05,1,3,TRUE,"Not significant","Q4 (MeCP2 up / H2A down)"
"Lig4",0.251014937,0.240802381,0,1,FALSE,0.382194256,0.001967817,1,1,TRUE,"Not significant","Q1 (MeCP2 up / H2A up)"
"Limch1",-0.839817063967962,0.000620713,1,9,TRUE,0.286974218932788,1.12e-05,4,13,TRUE,"Significant","Q2 (MeCP2 down / H2A up)"
"Lims1",0.353702756,0.122650363,0,1,FALSE,1.460097664,3.33e-38,1,1,TRUE,"Not significant","Q1 (MeCP2 up / H2A up)"
"Lingo1",-0.519427288405559,0.005605643,2,21,TRUE,-0.413889256306772,7.44e-07,8,20,TRUE,"Significant","Q3 (MeCP2 down / H2A down)"
"Lipa",-0.018200524,0.95452976,0,1,FALSE,0.186181951,0.134936524,0,1,FALSE,"Not significant","Q2 (MeCP2 down / H2A up)"
"Lipc",0.655985420573553,0.00450835,1,3,TRUE,0.762743532772243,2.66e-08,2,2,TRUE,"Significant","Q1 (MeCP2 up / H2A up)"
"Llgl2",-0.0677087043685359,0.733555048,0,3,FALSE,-0.499929517349079,2.54e-05,3,3,TRUE,"Not significant","Q3 (MeCP2 down / H2A down)"
"Lmf1",-0.563348588610163,0.017741456,1,2,TRUE,-0.659595285513786,7.85e-08,5,5,TRUE,"Significant","Q3 (MeCP2 down / H2A down)"
"Lmntd1",-0.311932837040525,0.000435317,3,14,TRUE,-0.386169584613133,1.41e-11,5,11,TRUE,"Significant","Q3 (MeCP2 down / H2A down)"
"Lmo1",-0.561550942699062,0.017260447,1,4,TRUE,-0.315994950884081,0.007703467,3,4,TRUE,"Significant","Q3 (MeCP2 down / H2A down)"
"Lmo4",0.551621315938958,0.020980074,1,4,TRUE,0.52797254666692,4.91e-10,5,6,TRUE,"Significant","Q1 (MeCP2 up / H2A up)"
"Lmx1a",-0.067565194537758,0.688694073,0,3,FALSE,0.0982641674109886,0.006343429,1,9,TRUE,"Not significant","Q2 (MeCP2 down / H2A up)"
"Lmx1b",-0.186886044420793,0.219961209,0,4,FALSE,-0.485744377074179,4.73e-08,6,6,TRUE,"Not significant","Q3 (MeCP2 down / H2A down)"
"Lncbate1",-0.0123383473834059,0.950786368,0,2,FALSE,0.641734603360181,2.21e-09,3,3,TRUE,"Not significant","Q2 (MeCP2 down / H2A up)"
"Lncenc1",0.0311077073836261,0.596211587,0,6,FALSE,0.306019924924858,6.15e-05,1,7,TRUE,"Not significant","Q1 (MeCP2 up / H2A up)"
"Lncpint",-0.979866674878182,4.29e-05,3,5,TRUE,-0.557582765512319,1.29e-05,2,2,TRUE,"Significant","Q3 (MeCP2 down / H2A down)"
"Lncppara",-0.0867315259541273,0.687742991,0,2,FALSE,-0.354598907329784,5.02e-09,2,3,TRUE,"Not significant","Q3 (MeCP2 down / H2A down)"
"Lnx1",0.179871315353586,0.158872782,0,3,FALSE,0.484671641030758,4.75e-07,4,6,TRUE,"Not significant","Q1 (MeCP2 up / H2A up)"
"Lonrf2",-0.354469141,0.166134319,0,1,FALSE,-0.572921371611687,0.00019821,1,2,TRUE,"Not significant","Q3 (MeCP2 down / H2A down)"
"Loxl1",-0.04551979,0.858073337,0,1,FALSE,-0.431199453,3.31e-05,1,1,TRUE,"Not significant","Q3 (MeCP2 down / H2A down)"
"Lpar5",0.056785453,0.81392816,0,1,FALSE,0.331298916,0.02355151,1,1,TRUE,"Not significant","Q1 (MeCP2 up / H2A up)"
"Lpcat1",-0.124095624,0.577503372,0,1,FALSE,0.289017269908056,0.022953149,1,2,TRUE,"Not significant","Q2 (MeCP2 down / H2A up)"
"Lpin1",-0.158560112666433,0.04554485,1,10,TRUE,0.371972942853171,0.000697932,1,9,TRUE,"Significant","Q2 (MeCP2 down / H2A up)"
"Lpp",1.86626140473414,2.91e-17,10,21,TRUE,0.955449379199009,1.3e-43,24,24,TRUE,"Significant","Q1 (MeCP2 up / H2A up)"
"Lrch1",-0.256428396969489,0.172593195,0,3,FALSE,0.290702202617166,0.004688928,1,5,TRUE,"Not significant","Q2 (MeCP2 down / H2A up)"
"Lrcol1",-0.279259874,0.233929504,0,1,FALSE,-0.392696033,0.021503268,1,1,TRUE,"Not significant","Q3 (MeCP2 down / H2A down)"
"Lrfn2",-0.463920299353466,0.012131042,1,13,TRUE,-0.258577086569074,0.001245546,5,9,TRUE,"Significant","Q3 (MeCP2 down / H2A down)"
"Lrig1",-0.0718771056227317,0.681690194,0,3,FALSE,0.96842283871494,2e-25,2,3,TRUE,"Not significant","Q2 (MeCP2 down / H2A up)"
"Lrig2",-0.507738302559559,0.010515283,1,8,TRUE,-0.40575974005022,1.61e-06,8,14,TRUE,"Significant","Q3 (MeCP2 down / H2A down)"
"Lrmda",-0.0124044767943529,0.907590878,0,2,FALSE,-0.0776577080907584,0.016339817,2,2,TRUE,"Not significant","Q3 (MeCP2 down / H2A down)"
"Lrp1",-0.108833101,0.608440154,0,1,FALSE,-0.721145561745837,1.12e-06,1,3,TRUE,"Not significant","Q3 (MeCP2 down / H2A down)"
"Lrp1b",2.44784897533575,4.55e-24,11,16,TRUE,1.14414356340044,4.87e-45,24,25,TRUE,"Significant","Q1 (MeCP2 up / H2A up)"
"Lrp4",1.08682600181341,1.73e-05,1,4,TRUE,0.463010383605388,0.000253139,2,3,TRUE,"Significant","Q1 (MeCP2 up / H2A up)"
"Lrp8",-0.023428209,0.937317951,0,1,FALSE,-0.0913153427996178,0.457152552,0,2,FALSE,"Not significant","Q3 (MeCP2 down / H2A down)"
"Lrp8os2",-0.00901141,0.980278468,0,1,FALSE,0.052712106,0.716299953,0,1,FALSE,"Not significant","Q2 (MeCP2 down / H2A up)"
"Lrrc1",-0.132215899373695,0.3941548,0,4,FALSE,0.333868798263636,0.001710185,1,4,TRUE,"Not significant","Q2 (MeCP2 down / H2A up)"
"Lrrc10",-0.173138538,0.394387612,0,1,FALSE,-0.010665716,0.954748131,0,1,FALSE,"Not significant","Q3 (MeCP2 down / H2A down)"
"Lrrc10b",-0.027812618,0.923647676,0,1,FALSE,-0.127833832,0.417892102,0,1,FALSE,"Not significant","Q3 (MeCP2 down / H2A down)"
"Lrrc15",-0.111315959,0.584980074,0,1,FALSE,0.133932541,0.335002091,0,1,FALSE,"Not significant","Q2 (MeCP2 down / H2A up)"
"Lrrc18",0.0882822059754707,0.610644752,0,3,FALSE,0.349813258,1.52e-05,1,1,TRUE,"Not significant","Q1 (MeCP2 up / H2A up)"
"Lrrc20",-0.088833311,0.68649745,0,1,FALSE,-0.553830413400632,9.65e-05,2,3,TRUE,"Not significant","Q3 (MeCP2 down / H2A down)"
"Lrrc28",0.986832676730081,9.11e-06,4,6,TRUE,0.110933795,0.426520081,0,1,FALSE,"Not significant","Q1 (MeCP2 up / H2A up)"
"Lrrc32",-0.016521237,0.959254395,0,1,FALSE,-0.0314811074845005,0.561498829,0,2,FALSE,"Not significant","Q3 (MeCP2 down / H2A down)"
"Lrrc3b",0.0100077431096067,0.797632684,0,3,FALSE,0.729323695902658,2.99e-14,10,11,TRUE,"Not significant","Q1 (MeCP2 up / H2A up)"
"Lrrc4c",2.11809188305786,3.58e-13,13,19,TRUE,1.12629957232399,7.83e-37,13,13,TRUE,"Significant","Q1 (MeCP2 up / H2A up)"
"Lrrc7",1.591664191,1.87e-05,1,1,TRUE,0.766332706,8.16e-07,1,1,TRUE,"Significant","Q1 (MeCP2 up / H2A up)"
"Lrrc75a",-0.02467604,0.933182345,0,1,FALSE,-0.384105137251253,0.001524834,2,2,TRUE,"Not significant","Q3 (MeCP2 down / H2A down)"
"Lrrc8c",-0.915177043454518,0.004737342,1,3,TRUE,-0.517727524004522,0.000103049,4,4,TRUE,"Significant","Q3 (MeCP2 down / H2A down)"
"Lrrc8d",-0.182111225,0.396546938,0,1,FALSE,-0.043738521,0.779188853,0,1,FALSE,"Not significant","Q3 (MeCP2 down / H2A down)"
"Lrrfip1",-0.731884098630195,0.018927463,1,2,TRUE,-0.292413655,0.01712881,1,1,TRUE,"Significant","Q3 (MeCP2 down / H2A down)"
"Lrrn1",0.663119980801277,0.01362863,2,5,TRUE,0.244505029433577,0.003772578,1,2,TRUE,"Significant","Q1 (MeCP2 up / H2A up)"
"Lrrn2",-0.485227336433044,0.025798212,1,3,TRUE,-0.602708759099857,1.45e-08,3,5,TRUE,"Significant","Q3 (MeCP2 down / H2A down)"
"Lrrn3",1.27234271169661,7.77e-07,5,11,TRUE,0.67407434568704,2.51e-12,6,8,TRUE,"Significant","Q1 (MeCP2 up / H2A up)"
"Lrrtm1",-0.614556454267648,0.014041245,1,9,TRUE,0.188545473071146,0.010438935,1,7,TRUE,"Significant","Q2 (MeCP2 down / H2A up)"
"Lrrtm3",2.02027606046315,2.44e-13,8,13,TRUE,0.902204546263897,7.68e-26,9,13,TRUE,"Significant","Q1 (MeCP2 up / H2A up)"
"Lrrtm4",1.95849730192708,1.05e-10,2,2,TRUE,1.38846034139258,2.78e-30,3,3,TRUE,"Significant","Q1 (MeCP2 up / H2A up)"
"Lrtm1",0.689446624,0.007131893,1,1,TRUE,0.406159738018324,0.000924983,3,3,TRUE,"Significant","Q1 (MeCP2 up / H2A up)"
"Lrtm2",-0.446795385225144,0.02956463,1,3,TRUE,-0.158856615005838,0.110554009,0,2,FALSE,"Not significant","Q3 (MeCP2 down / H2A down)"
"Lsamp",2.01571879429299,6.35e-22,30,50,TRUE,1.4784180411454,7.27e-103,83,89,TRUE,"Significant","Q1 (MeCP2 up / H2A up)"
"Lsm3",-0.349440864,0.195455561,0,1,FALSE,0.004005016,0.982152291,0,1,FALSE,"Not significant","Q2 (MeCP2 down / H2A up)"
"Ltbp2",-0.269237828206457,0.195305814,0,2,FALSE,-0.215126343912052,0.098086858,0,4,FALSE,"Not significant","Q3 (MeCP2 down / H2A down)"
"Ltbp4",-0.153806453,0.431376389,0,1,FALSE,-0.31076498,0.001314644,1,1,TRUE,"Not significant","Q3 (MeCP2 down / H2A down)"
"Lurap1l",0.842909995,0.001981317,1,1,TRUE,0.844244439,3.3e-12,1,1,TRUE,"Significant","Q1 (MeCP2 up / H2A up)"
"Ly6m",-0.176385656,0.396101901,0,1,FALSE,0.138165179,0.210696607,0,1,FALSE,"Not significant","Q2 (MeCP2 down / H2A up)"
"Ly86",-0.0290516617330047,0.880636918,0,2,FALSE,0.426004256585893,5.03e-06,2,5,TRUE,"Not significant","Q2 (MeCP2 down / H2A up)"
"Lyn",0.755669133,0.009351483,1,1,TRUE,0.973149264743612,5.14e-20,4,4,TRUE,"Significant","Q1 (MeCP2 up / H2A up)"
"Lypd6b",0.0436983364792896,0.331593863,0,7,FALSE,0.364318745939763,0.00199509,2,3,TRUE,"Not significant","Q1 (MeCP2 up / H2A up)"
"Lyzl4os",-0.106649436033918,0.470180035,0,3,FALSE,-0.0461806073712572,0.495260495,0,2,FALSE,"Not significant","Q3 (MeCP2 down / H2A down)"
"Lzts1",0.306657129654951,0.139618966,0,3,FALSE,0.327825633553331,0.000454458,2,3,TRUE,"Not significant","Q1 (MeCP2 up / H2A up)"
"Macrod1",-0.405875006157071,0.052306259,0,2,FALSE,-0.278333073092631,0.072563474,0,2,FALSE,"Not significant","Q3 (MeCP2 down / H2A down)"
"Macrod2",2.02591156392256,2.63e-23,19,43,TRUE,1.03964936471422,8.11e-80,65,81,TRUE,"Significant","Q1 (MeCP2 up / H2A up)"
"Macroh2a1",-0.687756829414535,0.001392644,1,11,TRUE,-0.425918076979481,2.64e-07,4,8,TRUE,"Significant","Q3 (MeCP2 down / H2A down)"
"Mad1l1",-0.234014559073135,0.088285842,0,26,FALSE,-0.222628827815117,0.000507979,5,16,TRUE,"Not significant","Q3 (MeCP2 down / H2A down)"
"Maf",-0.620603682538948,0.009323518,1,4,TRUE,-0.624012339651704,3e-05,2,4,TRUE,"Significant","Q3 (MeCP2 down / H2A down)"
"Mafa",-0.0608381246731843,0.766696203,0,2,FALSE,0.0278540915803787,0.17369136,0,2,FALSE,"Not significant","Q2 (MeCP2 down / H2A up)"
"Maff",-0.017127496,0.957524264,0,1,FALSE,-0.377492913,0.003421143,1,1,TRUE,"Not significant","Q3 (MeCP2 down / H2A down)"
"Magi1",1.64305123553604,1.26e-09,3,20,TRUE,0.795337692782613,8.86e-25,9,13,TRUE,"Significant","Q1 (MeCP2 up / H2A up)"
"Magi2",2.16112133141647,2.91e-16,10,20,TRUE,1.1452292021525,1.44e-49,33,43,TRUE,"Significant","Q1 (MeCP2 up / H2A up)"
"Mamdc2",2.20932351056089,2.61e-23,4,5,TRUE,1.26030975021073,1.9e-41,6,6,TRUE,"Significant","Q1 (MeCP2 up / H2A up)"
"Maml2",0.716338128526599,0.001806222,1,2,TRUE,0.795380203390546,1.24e-15,4,6,TRUE,"Significant","Q1 (MeCP2 up / H2A up)"
"Maml3",1.62457292044789,3.57e-15,15,33,TRUE,0.838291645853583,6.49e-28,14,16,TRUE,"Significant","Q1 (MeCP2 up / H2A up)"
"Man1c1",-0.0921846175240124,0.606845346,0,4,FALSE,-0.249461911279897,0.054869847,0,2,FALSE,"Not significant","Q3 (MeCP2 down / H2A down)"
"Man2a1",0.137785823057787,0.454063609,0,2,FALSE,0.410216742503483,4.87e-05,2,5,TRUE,"Not significant","Q1 (MeCP2 up / H2A up)"
"Map1a",-0.067797526,0.76909359,0,1,FALSE,-0.525434654592361,0.000148075,2,2,TRUE,"Not significant","Q3 (MeCP2 down / H2A down)"
"Map1b",1.69878157171123,2.85e-10,1,2,TRUE,1.01338567159459,6.01e-29,2,4,TRUE,"Significant","Q1 (MeCP2 up / H2A up)"
"Map2",-0.065353754,0.778820389,0,1,FALSE,0.653583553656179,1e-05,2,4,TRUE,"Not significant","Q2 (MeCP2 down / H2A up)"
"Map2k6",-0.029627102,0.916289679,0,1,FALSE,0.115212953,0.586234371,0,1,FALSE,"Not significant","Q2 (MeCP2 down / H2A up)"
"Map3k1",0.10199612927905,0.440268936,0,4,FALSE,0.299458205548231,0.001041364,3,5,TRUE,"Not significant","Q1 (MeCP2 up / H2A up)"
"Map3k15",-0.110541272533209,0.617491401,0,2,FALSE,-0.286346119190688,0.024108664,1,3,TRUE,"Not significant","Q3 (MeCP2 down / H2A down)"
"Map3k21",-0.529977994845793,0.059394213,0,3,FALSE,0.612929632,0.000105023,1,1,TRUE,"Not significant","Q2 (MeCP2 down / H2A up)"
"Map3k4",-0.201293496498183,0.20396309,0,4,FALSE,-0.740096573534772,7e-07,1,2,TRUE,"Not significant","Q3 (MeCP2 down / H2A down)"
"Map3k5",1.19984484602971,4.62e-10,1,3,TRUE,0.927201665312822,1.74e-28,5,8,TRUE,"Significant","Q1 (MeCP2 up / H2A up)"
"Map3k7cl",0.703056891830495,0.00800279,1,6,TRUE,0.457950487508223,2.75e-06,2,7,TRUE,"Significant","Q1 (MeCP2 up / H2A up)"
"Map3k8",0.005673275,0.988746957,0,1,FALSE,0.357925866,0.004788063,1,1,TRUE,"Not significant","Q1 (MeCP2 up / H2A up)"
"Map4k3",0.210239632513729,0.307299484,0,2,FALSE,0.534944540566504,1.48e-06,3,3,TRUE,"Not significant","Q1 (MeCP2 up / H2A up)"
"Map4k4",-0.244207135753105,0.269798132,0,2,FALSE,0.235586020862275,0.000340432,1,2,TRUE,"Not significant","Q2 (MeCP2 down / H2A up)"
"Map9",0.025130031,0.932930957,0,1,FALSE,0.982586687,2.77e-09,1,1,TRUE,"Not significant","Q1 (MeCP2 up / H2A up)"
"Mapk13",-0.169032322923997,0.284005014,0,4,FALSE,-0.634144636377627,5.2e-07,1,2,TRUE,"Not significant","Q3 (MeCP2 down / H2A down)"
"Mapkapk2",-0.292416326,0.147314945,0,1,FALSE,-0.375709257862175,5.57e-05,1,3,TRUE,"Not significant","Q3 (MeCP2 down / H2A down)"
"Marchf10",-0.665943117213034,0.001966592,1,5,TRUE,-0.426856550914053,7.88e-05,3,4,TRUE,"Significant","Q3 (MeCP2 down / H2A down)"
"Marchf11",1.275208081,2.33e-05,1,1,TRUE,0.982547600020218,5.99e-15,2,2,TRUE,"Significant","Q1 (MeCP2 up / H2A up)"
"Marchf3",0.993915352300099,9.92e-07,4,7,TRUE,0.893232334211025,6.18e-24,8,10,TRUE,"Significant","Q1 (MeCP2 up / H2A up)"
"Marchf4",-0.628879967780825,0.000337272,4,11,TRUE,0.142460675314618,0.000113182,3,10,TRUE,"Significant","Q2 (MeCP2 down / H2A up)"
"Marcks",1.6695137631358,1.71e-07,3,3,TRUE,0.773355308820037,4.35e-15,7,7,TRUE,"Significant","Q1 (MeCP2 up / H2A up)"
"Mast4",-0.0978988426101125,0.564168446,0,5,FALSE,0.405117667517363,1.69e-06,3,7,TRUE,"Not significant","Q2 (MeCP2 down / H2A up)"
"Matn1",-0.136973728705368,0.435837522,0,2,FALSE,-0.458546935,0.002763448,1,1,TRUE,"Not significant","Q3 (MeCP2 down / H2A down)"
"Max",2.09884618177141,4.67e-21,5,6,TRUE,1.193237919,7.38e-23,1,1,TRUE,"Significant","Q1 (MeCP2 up / H2A up)"
"Mb21d2",-0.0383019630631338,0.738886935,0,5,FALSE,0.174292695565878,0.068289055,0,3,FALSE,"Not significant","Q2 (MeCP2 down / H2A up)"
"Mbp",-0.120317955669615,0.398254021,0,13,FALSE,0.267717682901627,0.003313243,1,8,TRUE,"Not significant","Q2 (MeCP2 down / H2A up)"
"Mc2r",0.02209952,0.942743735,0,1,FALSE,0.243817984367905,0.048420368,1,2,TRUE,"Not significant","Q1 (MeCP2 up / H2A up)"
"Mcc",0.02564288,0.930920027,0,1,FALSE,0.322234706584073,0.006165865,3,3,TRUE,"Not significant","Q1 (MeCP2 up / H2A up)"
"Mcf2l",-0.213798800265134,0.229592673,0,2,FALSE,0.381344271614633,5.52e-10,5,6,TRUE,"Not significant","Q2 (MeCP2 down / H2A up)"
"Mcm10",-0.434210918,0.084588098,0,1,FALSE,-0.106623258,0.40622268,0,1,FALSE,"Not significant","Q3 (MeCP2 down / H2A down)"
"Mcu",0.43357494436121,0.016084556,1,5,TRUE,0.341160779863818,0.001514174,3,3,TRUE,"Significant","Q1 (MeCP2 up / H2A up)"
"Mdfic2",-0.025494969,0.931754722,0,1,FALSE,0.466375916791731,0.000830073,1,2,TRUE,"Not significant","Q2 (MeCP2 down / H2A up)"
"Mdga1",-0.066494503636938,0.435675895,0,9,FALSE,-0.448463636149334,2.84e-08,3,8,TRUE,"Not significant","Q3 (MeCP2 down / H2A down)"
"Mdga2",1.81670818467704,2.35e-13,9,19,TRUE,0.965694134543906,3.48e-19,13,17,TRUE,"Significant","Q1 (MeCP2 up / H2A up)"
"Me3",0.388535399633943,0.085443959,0,3,FALSE,0.316329987518532,0.000256223,2,4,TRUE,"Not significant","Q1 (MeCP2 up / H2A up)"
"Meak7",0.009292159,0.979596392,0,1,FALSE,-0.258681314019997,0.039067408,1,3,TRUE,"Not significant","Q4 (MeCP2 up / H2A down)"
"Mecom",0.925889522574097,0.000808421,3,3,TRUE,0.661852128544642,1.98e-22,3,5,TRUE,"Significant","Q1 (MeCP2 up / H2A up)"
"Med13l",-0.675431743908584,0.000880747,1,7,TRUE,-0.598193729728785,9.24e-07,4,4,TRUE,"Significant","Q3 (MeCP2 down / H2A down)"
"Med27",-0.225750548893328,0.183234526,0,6,FALSE,-0.380157760513253,0.001049849,4,6,TRUE,"Not significant","Q3 (MeCP2 down / H2A down)"
"Medag",-0.022644613,0.941079601,0,1,FALSE,0.239885405146982,0.063785844,0,2,FALSE,"Not significant","Q2 (MeCP2 down / H2A up)"
"Mef2a",-0.10212312,0.606099022,0,1,FALSE,0.089138857,0.482789131,0,1,FALSE,"Not significant","Q2 (MeCP2 down / H2A up)"
"Mef2d",-0.116864772,0.590887591,0,1,FALSE,-0.199540654,0.248293654,0,1,FALSE,"Not significant","Q3 (MeCP2 down / H2A down)"
"Meg3",-0.021541945,0.944111083,0,1,FALSE,-0.566601198912837,4.65e-07,3,4,TRUE,"Not significant","Q3 (MeCP2 down / H2A down)"
"Megf11",-0.311438740743182,0.065538132,0,7,FALSE,-0.323099222804343,0.00729407,2,6,TRUE,"Not significant","Q3 (MeCP2 down / H2A down)"
"Megf6",-0.0974615413831532,0.393710714,0,14,FALSE,-0.390078310859116,1.38e-07,8,13,TRUE,"Not significant","Q3 (MeCP2 down / H2A down)"
"Mei1",-0.109137211,0.597595417,0,1,FALSE,-0.475891931,4.88e-05,1,1,TRUE,"Not significant","Q3 (MeCP2 down / H2A down)"
"Meis1",1.83334942862337,9.02e-07,1,3,TRUE,0.938586965233094,4.04e-35,2,4,TRUE,"Significant","Q1 (MeCP2 up / H2A up)"
"Meltf",-0.0215708993723989,0.860516818,0,3,FALSE,0.263901042761235,0.002223062,1,3,TRUE,"Not significant","Q2 (MeCP2 down / H2A up)"
"Mep1b",-0.051853892,0.834244582,0,1,FALSE,0.351383319283759,0.005202823,1,2,TRUE,"Not significant","Q2 (MeCP2 down / H2A up)"
"Metap1d",-0.041504167,0.876379907,0,1,FALSE,0.161808312,0.170981572,0,1,FALSE,"Not significant","Q2 (MeCP2 down / H2A up)"
"Mfng",0.019914648,0.948856965,0,1,FALSE,-0.429047406,0.00076816,1,1,TRUE,"Not significant","Q4 (MeCP2 up / H2A down)"
"Mgat5b",-0.12812879,0.523883278,0,1,FALSE,-0.504582094,0.000166211,1,1,TRUE,"Not significant","Q3 (MeCP2 down / H2A down)"
"Mgll",0.90331153832141,7.1e-07,3,11,TRUE,0.495437402514749,7.44e-11,6,8,TRUE,"Significant","Q1 (MeCP2 up / H2A up)"
"Mgmt",1.09723056630583,6.59e-05,1,5,TRUE,0.239359062,0.016993867,1,1,TRUE,"Significant","Q1 (MeCP2 up / H2A up)"
"Mgst2",2.14873681224234,2.79e-22,6,10,TRUE,0.648752984315722,1.59e-07,2,3,TRUE,"Significant","Q1 (MeCP2 up / H2A up)"
"Mical3",-0.150016710948704,0.410972792,0,2,FALSE,-0.155380106952748,0.004435579,2,4,TRUE,"Not significant","Q3 (MeCP2 down / H2A down)"
"Micu3",2.232618677,3.36e-12,1,1,TRUE,1.523332874,1.24e-43,1,1,TRUE,"Significant","Q1 (MeCP2 up / H2A up)"
"Mideas",0.072364112,0.748153311,0,1,FALSE,0.0403044120774334,0.393812335,0,3,FALSE,"Not significant","Q1 (MeCP2 up / H2A up)"
"Mier3",-0.202408489,0.360268242,0,1,FALSE,0.436261348,9.6e-06,1,1,TRUE,"Not significant","Q2 (MeCP2 down / H2A up)"
"Minar1",0.136057054326836,0.408083445,0,4,FALSE,0.168176189,0.29882215,0,1,FALSE,"Not significant","Q1 (MeCP2 up / H2A up)"
"Mindy4",-0.00110783233606025,0.73597005,0,5,FALSE,0.337032611237748,4.54e-05,2,5,TRUE,"Not significant","Q2 (MeCP2 down / H2A up)"
"Mir100hg",1.354573822,4.75e-06,1,1,TRUE,0.764845982039503,1.2e-11,3,4,TRUE,"Significant","Q1 (MeCP2 up / H2A up)"
"Mir1190",-0.173933244845186,0.325811726,0,2,FALSE,0.141485700215541,0.123413669,0,2,FALSE,"Not significant","Q2 (MeCP2 down / H2A up)"
"Mir1195",1.19377291161796,0.000144736,1,3,TRUE,0.551500128739653,1.39e-05,2,2,TRUE,"Significant","Q1 (MeCP2 up / H2A up)"
"Mir122",0.640316105,0.030559119,1,1,TRUE,0.849587219,1.32e-09,1,1,TRUE,"Significant","Q1 (MeCP2 up / H2A up)"
"Mir124a-3",0.011882599,0.971734226,0,1,FALSE,0.489140534432031,9.47e-06,2,3,TRUE,"Not significant","Q1 (MeCP2 up / H2A up)"
"Mir129-1",-0.0595762381298941,0.76257719,0,2,FALSE,0.628672065510972,2.96e-12,1,2,TRUE,"Not significant","Q2 (MeCP2 down / H2A up)"
"Mir133c",-0.151674561167221,0.400152905,0,2,FALSE,-0.337445879981332,0.003634843,1,2,TRUE,"Not significant","Q3 (MeCP2 down / H2A down)"
"Mir135a-1",-0.057635654,0.813319251,0,1,FALSE,-0.01369026,0.92855007,0,1,FALSE,"Not significant","Q3 (MeCP2 down / H2A down)"
"Mir137",0.860181111987032,0.01423531,1,3,TRUE,0.585315841,2.65e-09,1,1,TRUE,"Significant","Q1 (MeCP2 up / H2A up)"
"Mir139",-0.06113588,0.802185199,0,1,FALSE,0.196531074456461,0.153475573,0,2,FALSE,"Not significant","Q2 (MeCP2 down / H2A up)"
"Mir153",-0.0875912776446764,0.516830328,0,2,FALSE,0.126426436589265,0.001449394,1,3,TRUE,"Not significant","Q2 (MeCP2 down / H2A up)"
"Mir181a-1",2.1607290765335,4.37e-20,3,4,TRUE,1.10792075198721,2.31e-31,3,3,TRUE,"Significant","Q1 (MeCP2 up / H2A up)"
"Mir1900",-0.015217822,0.963220518,0,1,FALSE,0.021774552,0.886337571,0,1,FALSE,"Not significant","Q2 (MeCP2 down / H2A up)"
"Mir1929",0.146992719819786,0.431350975,0,3,FALSE,0.61845523745471,7.36e-09,1,3,TRUE,"Not significant","Q1 (MeCP2 up / H2A up)"
"Mir1952",1.76599576158686,3.45e-14,6,8,TRUE,0.926276119273081,3.78e-20,6,7,TRUE,"Significant","Q1 (MeCP2 up / H2A up)"
"Mir1953",0.03588129,0.895896515,0,1,FALSE,0.188334958,0.126727732,0,1,FALSE,"Not significant","Q1 (MeCP2 up / H2A up)"
"Mir204",1.95738549340675,2.3e-11,3,3,TRUE,0.963896863,6.13e-13,1,1,TRUE,"Significant","Q1 (MeCP2 up / H2A up)"
"Mir218-2",-0.104012547526924,0.523603661,0,6,FALSE,0.135151261771222,0.007034894,1,6,TRUE,"Not significant","Q2 (MeCP2 down / H2A up)"
"Mir23a",-0.02261583,0.941344115,0,1,FALSE,0.310892531,0.029797857,1,1,TRUE,"Not significant","Q2 (MeCP2 down / H2A up)"
"Mir28c",2.18778593386253,5.6e-18,6,8,TRUE,1.58826023815978,1.24e-42,8,11,TRUE,"Significant","Q1 (MeCP2 up / H2A up)"
"Mir29b-1",-0.799911596091474,0.002850322,2,5,TRUE,-0.561037867712671,2.27e-05,3,4,TRUE,"Significant","Q3 (MeCP2 down / H2A down)"
"Mir3067",0.790680684588095,0.003304733,1,6,TRUE,0.746863428343187,2.28e-12,2,7,TRUE,"Significant","Q1 (MeCP2 up / H2A up)"
"Mir3075",-0.027794325,0.923390313,0,1,FALSE,-0.217010912013754,0.025482011,1,4,TRUE,"Not significant","Q3 (MeCP2 down / H2A down)"
"Mir3080",-0.293929900415439,0.153251115,0,5,FALSE,-0.266479361293686,0.003166128,2,4,TRUE,"Not significant","Q3 (MeCP2 down / H2A down)"
"Mir3081",-0.049639151,0.84491783,0,1,FALSE,0.414588075312172,7.48e-05,2,3,TRUE,"Not significant","Q2 (MeCP2 down / H2A up)"
"Mir3085",-0.092787795,0.673189691,0,1,FALSE,0.138249211,0.373323439,0,1,FALSE,"Not significant","Q2 (MeCP2 down / H2A up)"
"Mir3086",-0.247644647750543,0.145674468,0,3,FALSE,-0.073354604,0.669446203,0,1,FALSE,"Not significant","Q3 (MeCP2 down / H2A down)"
"Mir3092",-0.0649876157016029,0.469607179,0,14,FALSE,-0.00695484687683475,0.04810592,1,16,TRUE,"Not significant","Q3 (MeCP2 down / H2A down)"
"Mir3093",0.0336463,0.90283905,0,1,FALSE,0.506981239146422,2.87e-06,2,2,TRUE,"Not significant","Q1 (MeCP2 up / H2A up)"
"Mir3095",0.837530379,0.000252815,1,1,TRUE,0.688545838,6.45e-11,1,1,TRUE,"Significant","Q1 (MeCP2 up / H2A up)"
"Mir3106",0.517801300307639,0.016785648,3,7,TRUE,0.756498534062643,3.62e-12,6,6,TRUE,"Significant","Q1 (MeCP2 up / H2A up)"
"Mir3108",-0.132167083916102,0.29734718,0,13,FALSE,-0.109767341814192,0.004553072,3,12,TRUE,"Not significant","Q3 (MeCP2 down / H2A down)"
"Mir346",1.00509088653548,1.38e-07,2,16,TRUE,0.819383287123016,5.24e-30,10,10,TRUE,"Significant","Q1 (MeCP2 up / H2A up)"
"Mir3473f",0.659221448453825,0.009258858,1,3,TRUE,0.480780083844364,9.2e-14,5,7,TRUE,"Significant","Q1 (MeCP2 up / H2A up)"
"Mir3475",0.050246981,0.843344327,0,1,FALSE,0.221276142710841,0.078576238,0,2,FALSE,"Not significant","Q1 (MeCP2 up / H2A up)"
"Mir34a",-0.174664469,0.352493195,0,1,FALSE,-0.196020961,0.137082727,0,1,FALSE,"Not significant","Q3 (MeCP2 down / H2A down)"
"Mir378b",-0.070739707,0.76567454,0,1,FALSE,-0.328102525954723,0.011759237,1,3,TRUE,"Not significant","Q3 (MeCP2 down / H2A down)"
"Mir3963",-0.000921802,0.998033281,0,1,FALSE,0.277521258122135,0.041204525,1,2,TRUE,"Not significant","Q2 (MeCP2 down / H2A up)"
"Mir455",-0.925421323779749,7.69e-05,4,5,TRUE,-0.282952140776547,0.005523803,2,2,TRUE,"Significant","Q3 (MeCP2 down / H2A down)"
"Mir466k",2.05572941745652,1.1e-21,5,10,TRUE,1.23531968056334,1.16e-24,9,9,TRUE,"Significant","Q1 (MeCP2 up / H2A up)"
"Mir488",0.0318221794403626,0.906800201,0,2,FALSE,0.184474135552517,0.050686702,0,5,FALSE,"Not significant","Q1 (MeCP2 up / H2A up)"
"Mir496b",-1.0356714738322,0.00010246,1,3,TRUE,0.284178546980864,0.039444037,1,3,TRUE,"Significant","Q2 (MeCP2 down / H2A up)"
"Mir5098",-0.107461598,0.587022682,0,1,FALSE,0.344926681,0.000215901,1,1,TRUE,"Not significant","Q2 (MeCP2 down / H2A up)"
"Mir5104",-0.166305916,0.372527701,0,1,FALSE,0.492972014746543,3.26e-05,1,3,TRUE,"Not significant","Q2 (MeCP2 down / H2A up)"
"Mir5120",-0.845066028959633,3.24e-05,3,12,TRUE,-0.312235508457478,5.72e-18,6,13,TRUE,"Significant","Q3 (MeCP2 down / H2A down)"
"Mir5127",0.221538736324682,0.224087518,0,5,FALSE,0.855154399023217,1.04e-14,3,5,TRUE,"Not significant","Q1 (MeCP2 up / H2A up)"
"Mir5623",-0.195173434190498,0.32068159,0,3,FALSE,0.241331246921895,0.011437497,1,5,TRUE,"Not significant","Q2 (MeCP2 down / H2A up)"
"Mir5624",0.260225045571464,0.051087728,0,5,FALSE,0.612526507255792,1.01e-08,4,8,TRUE,"Not significant","Q1 (MeCP2 up / H2A up)"
"Mir568",0.593146029826818,0.023827468,1,2,TRUE,0.515546159907935,8.26e-05,3,3,TRUE,"Significant","Q1 (MeCP2 up / H2A up)"
"Mir582",1.505643729,0.000277436,1,1,TRUE,1.05707013911876,2.95e-22,7,7,TRUE,"Significant","Q1 (MeCP2 up / H2A up)"
"Mir598",-0.18836842,0.370263576,0,1,FALSE,-0.0248528960736418,5.39e-05,3,6,TRUE,"Not significant","Q3 (MeCP2 down / H2A down)"
"Mir6237",0.568315753969329,0.033092972,1,2,TRUE,0.773536097512503,1.04e-13,6,7,TRUE,"Significant","Q1 (MeCP2 up / H2A up)"
"Mir6239",0.788953147176018,0.002002749,2,4,TRUE,0.983617484548245,3.4e-13,3,3,TRUE,"Significant","Q1 (MeCP2 up / H2A up)"
"Mir6336",0.313752302,0.167596324,0,1,FALSE,0.926244569638146,4.43e-19,4,4,TRUE,"Not significant","Q1 (MeCP2 up / H2A up)"
"Mir6339",-0.063954393,0.780347468,0,1,FALSE,0.350985593126621,0.000161037,1,2,TRUE,"Not significant","Q2 (MeCP2 down / H2A up)"
"Mir6343",0.070462673504763,0.744384822,0,2,FALSE,0.0650997832532321,0.624217197,0,3,FALSE,"Not significant","Q1 (MeCP2 up / H2A up)"
"Mir6346",0.0679281142603615,0.138624781,0,18,FALSE,0.464002614924955,2.49e-07,5,9,TRUE,"Not significant","Q1 (MeCP2 up / H2A up)"
"Mir6351",1.48561899567382,9.78e-10,2,3,TRUE,0.605869782527526,4.74e-08,2,3,TRUE,"Significant","Q1 (MeCP2 up / H2A up)"
"Mir6352",-0.256828921,0.2596186,0,1,FALSE,-0.139580845917207,0.354281127,0,2,FALSE,"Not significant","Q3 (MeCP2 down / H2A down)"
"Mir6356",2.61566285330845,1.66e-24,3,3,TRUE,1.21159884826549,1.24e-25,3,3,TRUE,"Significant","Q1 (MeCP2 up / H2A up)"
"Mir6358",-0.649102301812421,0.01785265,1,2,TRUE,-0.34979859300866,0.00028336,2,2,TRUE,"Significant","Q3 (MeCP2 down / H2A down)"
"Mir6366",-0.052900467,0.834024613,0,1,FALSE,-0.43613628,4.18e-06,1,1,TRUE,"Not significant","Q3 (MeCP2 down / H2A down)"
"Mir6368",0.501317150592854,0.018791167,1,2,TRUE,0.725288282765193,8.61e-10,4,5,TRUE,"Significant","Q1 (MeCP2 up / H2A up)"
"Mir6378",0.0360091951572861,0.838871521,0,3,FALSE,0.742697116350618,5.76e-12,2,2,TRUE,"Not significant","Q1 (MeCP2 up / H2A up)"
"Mir6391",-0.416513292011993,0.031995979,1,6,TRUE,0.344959805796083,0.00738237,1,2,TRUE,"Significant","Q2 (MeCP2 down / H2A up)"
"Mir6393",-0.211727673955753,0.287918909,0,2,FALSE,-0.459065720068748,1.86e-05,3,3,TRUE,"Not significant","Q3 (MeCP2 down / H2A down)"
"Mir6395",0.301869298,0.244024652,0,1,FALSE,0.52222916256999,2.13e-06,3,4,TRUE,"Not significant","Q1 (MeCP2 up / H2A up)"
"Mir6403",-0.0599199072416594,0.769273427,0,3,FALSE,-0.450760221365712,0.001904649,3,4,TRUE,"Not significant","Q3 (MeCP2 down / H2A down)"
"Mir6406",0.388860822780886,0.04982373,1,13,TRUE,-0.228494679883255,0.007047297,3,7,TRUE,"Significant","Q4 (MeCP2 up / H2A down)"
"Mir6408",-0.149192537,0.433592483,0,1,FALSE,-0.110029814,0.474745096,0,1,FALSE,"Not significant","Q3 (MeCP2 down / H2A down)"
"Mir6409",0.111774803,0.576555915,0,1,FALSE,0.954271743498274,1.33e-10,2,2,TRUE,"Not significant","Q1 (MeCP2 up / H2A up)"
"Mir6540",-0.035144818,0.898569137,0,1,FALSE,0.986210108,1.15e-10,1,1,TRUE,"Not significant","Q2 (MeCP2 down / H2A up)"
"Mir670",-0.025271674,0.931660673,0,1,FALSE,0.86633076,5.95e-16,1,1,TRUE,"Not significant","Q2 (MeCP2 down / H2A up)"
"Mir676",0.037995137,0.891492069,0,1,FALSE,-0.018456035,0.953583611,0,1,FALSE,"Not significant","Q4 (MeCP2 up / H2A down)"
"Mir6899",0.008537882,0.981495293,0,1,FALSE,0.365958955435051,0.002592845,1,2,TRUE,"Not significant","Q1 (MeCP2 up / H2A up)"
"Mir690",-0.001596513,0.99664097,0,1,FALSE,0.338278221574836,0.005980392,1,2,TRUE,"Not significant","Q2 (MeCP2 down / H2A up)"
"Mir6903",0.007700729,0.983944303,0,1,FALSE,-0.178644262,0.150333234,0,1,FALSE,"Not significant","Q4 (MeCP2 up / H2A down)"
"Mir691",0.434260884,0.090709459,0,1,FALSE,0.389471736593264,0.01293783,1,2,TRUE,"Not significant","Q1 (MeCP2 up / H2A up)"
"Mir692-2",0.461106291760835,0.000211787,4,13,TRUE,-0.292308381889007,0.003003868,5,10,TRUE,"Significant","Q4 (MeCP2 up / H2A down)"
"Mir6926",0.084706453,0.681829069,0,1,FALSE,-0.010198653,0.954748131,0,1,FALSE,"Not significant","Q4 (MeCP2 up / H2A down)"
"Mir6934",-0.205865595349575,0.195752453,0,5,FALSE,-0.462952611431978,0.000319816,4,5,TRUE,"Not significant","Q3 (MeCP2 down / H2A down)"
"Mir694",1.73194046255345,2.83e-11,2,2,TRUE,0.726600923336132,7.13e-10,3,3,TRUE,"Significant","Q1 (MeCP2 up / H2A up)"
"Mir6945",-0.78889924590755,0.001794711,1,2,TRUE,-0.767479204,1.28e-06,1,1,TRUE,"Significant","Q3 (MeCP2 down / H2A down)"
"Mir6995",0.217696656047054,0.13298263,0,5,FALSE,-0.360764382006049,0.003560402,1,6,TRUE,"Not significant","Q4 (MeCP2 up / H2A down)"
"Mir7001",-0.0512091231869801,0.763533436,0,2,FALSE,-0.234158172643752,0.107293013,0,2,FALSE,"Not significant","Q3 (MeCP2 down / H2A down)"
"Mir7005",-0.0472963837691011,0.73533837,0,2,FALSE,-0.535358688243547,2.61e-05,1,4,TRUE,"Not significant","Q3 (MeCP2 down / H2A down)"
"Mir701",1.35382272011565,4.56e-10,1,11,TRUE,0.173844254077865,0.137235974,0,2,FALSE,"Not significant","Q1 (MeCP2 up / H2A up)"
"Mir7011",-0.010658875,0.975681678,0,1,FALSE,0.264317057,0.114410582,0,1,FALSE,"Not significant","Q2 (MeCP2 down / H2A up)"
"Mir7018",-0.105799435,0.615443135,0,1,FALSE,-0.462460196943976,0.000189269,1,2,TRUE,"Not significant","Q3 (MeCP2 down / H2A down)"
"Mir7021",1.26052579524645,3.92e-06,11,24,TRUE,-0.161010524979535,0.00061577,1,9,TRUE,"Significant","Q4 (MeCP2 up / H2A down)"
"Mir7025",-0.417353543064115,0.067887467,0,3,FALSE,0.394702718698621,0.001099511,4,6,TRUE,"Not significant","Q2 (MeCP2 down / H2A up)"
"Mir7041",0.090400605999668,0.550022011,0,2,FALSE,-0.453653850634318,0.01250947,1,2,TRUE,"Not significant","Q4 (MeCP2 up / H2A down)"
"Mir7044",-0.124654563,0.546701661,0,1,FALSE,-0.155861789,0.185158762,0,1,FALSE,"Not significant","Q3 (MeCP2 down / H2A down)"
"Mir7086",1.188867732,2.97e-05,1,1,TRUE,0.081995815,0.579964579,0,1,FALSE,"Not significant","Q1 (MeCP2 up / H2A up)"
"Mir7213",-0.00181022,0.996128344,0,1,FALSE,-0.116262787,0.380614813,0,1,FALSE,"Not significant","Q3 (MeCP2 down / H2A down)"
"Mir7217",0.039222374,0.88366736,0,1,FALSE,-0.638338048,0.000690556,1,1,TRUE,"Not significant","Q4 (MeCP2 up / H2A down)"
"Mir7221",-0.035419405,0.896879854,0,1,FALSE,0.384300711,0.006894151,1,1,TRUE,"Not significant","Q2 (MeCP2 down / H2A up)"
"Mir7243",-0.339005711659447,0.019141015,1,12,TRUE,0.0638534433001227,3.25e-09,4,19,TRUE,"Significant","Q2 (MeCP2 down / H2A up)"
"Mir763",-0.412875870366994,0.073279215,0,2,FALSE,-0.198213894797875,0.000269613,1,4,TRUE,"Not significant","Q3 (MeCP2 down / H2A down)"
"Mir7652",-0.209476285,0.27058492,0,1,FALSE,-0.124761915,0.292410601,0,1,FALSE,"Not significant","Q3 (MeCP2 down / H2A down)"
"Mir7656",-0.406486322127846,0.041749858,1,8,TRUE,0.168374879786136,0.006769614,1,7,TRUE,"Significant","Q2 (MeCP2 down / H2A up)"
"Mir7676-1",-0.05291773,0.832337647,0,1,FALSE,-0.636118262,3.32e-06,1,1,TRUE,"Not significant","Q3 (MeCP2 down / H2A down)"
"Mir7680",-1.009536797,0.000388227,1,1,TRUE,-0.0939941456048419,0.438308,0,2,FALSE,"Not significant","Q3 (MeCP2 down / H2A down)"
"Mir7687",-0.06447069,0.781461734,0,1,FALSE,-0.114587851,0.384580793,0,1,FALSE,"Not significant","Q3 (MeCP2 down / H2A down)"
"Mir7689",-0.071229279621308,0.444693146,0,3,FALSE,-0.210629271015624,0.046506236,1,4,TRUE,"Not significant","Q3 (MeCP2 down / H2A down)"
"Mir7j",-0.020123586,0.947957012,0,1,FALSE,0.247942418,0.045382609,1,1,TRUE,"Not significant","Q2 (MeCP2 down / H2A up)"
"Mir8095",-0.0661428081815619,0.736439717,0,2,FALSE,-0.642264216376449,0.000146537,1,2,TRUE,"Not significant","Q3 (MeCP2 down / H2A down)"
"Mir8104",-0.148907132251938,0.41583262,0,2,FALSE,0.273444056913605,0.015498303,1,3,TRUE,"Not significant","Q2 (MeCP2 down / H2A up)"
"Mir8117",0.059787094,0.803486526,0,1,FALSE,0.365613034,0.001990611,1,1,TRUE,"Not significant","Q1 (MeCP2 up / H2A up)"
"Mir879",0.151307668,0.452917322,0,1,FALSE,0.715797656657157,4.14e-13,2,3,TRUE,"Not significant","Q1 (MeCP2 up / H2A up)"
"Mir9-2",0.034281626,0.902352663,0,1,FALSE,1.023238306,2.98e-18,1,1,TRUE,"Not significant","Q1 (MeCP2 up / H2A up)"
"Mir9-3hg",-0.153435337644412,0.369358141,0,4,FALSE,-0.278219479448465,0.00336835,3,4,TRUE,"Not significant","Q3 (MeCP2 down / H2A down)"
"Mir99ahg",-0.0223191520160375,0.446039496,0,4,FALSE,0.545614549036346,2.61e-07,6,7,TRUE,"Not significant","Q2 (MeCP2 down / H2A up)"
"Mirlet7a-1",-0.083897794,0.699237288,0,1,FALSE,1.226951341,1.89e-13,1,1,TRUE,"Not significant","Q2 (MeCP2 down / H2A up)"
"Mirt1",-0.0118824819204226,0.964185863,0,2,FALSE,0.216177712,0.125418926,0,1,FALSE,"Not significant","Q2 (MeCP2 down / H2A up)"
"Mis18a",0.777061175995053,0.009207824,1,2,TRUE,0.645432133216691,2.07e-06,2,2,TRUE,"Significant","Q1 (MeCP2 up / H2A up)"
"Mitf",1.6430727130535,3.29e-09,3,4,TRUE,0.974604740851687,1.05e-14,3,3,TRUE,"Significant","Q1 (MeCP2 up / H2A up)"
"Mki67",-0.0715244812439172,0.713778466,0,2,FALSE,-0.394491134812974,0.001039607,1,2,TRUE,"Not significant","Q3 (MeCP2 down / H2A down)"
"Mllt3",1.43681852713774,1.25e-08,1,5,TRUE,0.993844675732644,2.12e-34,5,6,TRUE,"Significant","Q1 (MeCP2 up / H2A up)"
"Mlph",-0.346124300270927,0.101915267,0,2,FALSE,-0.607589000826723,1.72e-08,2,3,TRUE,"Not significant","Q3 (MeCP2 down / H2A down)"
"Mmp15",-0.0501934567336502,0.806041992,0,2,FALSE,0.090669313,0.488688306,0,1,FALSE,"Not significant","Q2 (MeCP2 down / H2A up)"
"Mmp17",-0.0711465836245305,0.752049031,0,2,FALSE,-0.318149883,0.03844269,1,1,TRUE,"Not significant","Q3 (MeCP2 down / H2A down)"
"Mmp2",-0.0422775953637635,0.784381638,0,2,FALSE,-0.134212303,0.355542181,0,1,FALSE,"Not significant","Q3 (MeCP2 down / H2A down)"
"Mms22l",-1.15451794124236,0.000548243,1,2,TRUE,-0.136464643739382,0.253181778,0,2,FALSE,"Not significant","Q3 (MeCP2 down / H2A down)"
"Mocs1",0.0189747727338569,0.948967197,0,2,FALSE,-0.0919605623321221,0.082131492,0,3,FALSE,"Not significant","Q4 (MeCP2 up / H2A down)"
"Morc1",0.242773370350235,0.283443148,0,2,FALSE,0.673001223058337,6.43e-08,4,4,TRUE,"Not significant","Q1 (MeCP2 up / H2A up)"
"Morf4l1-ps1",0.058164834,0.811472203,0,1,FALSE,0.561477536526725,3.67e-07,2,2,TRUE,"Not significant","Q1 (MeCP2 up / H2A up)"
"Morn1",-0.077062120262704,0.684262873,0,2,FALSE,0.0333374859847094,0.001176748,3,4,TRUE,"Not significant","Q2 (MeCP2 down / H2A up)"
"Morrbid",-0.235180808899942,0.156022268,0,17,FALSE,-0.234869918767871,0.00864685,4,21,TRUE,"Not significant","Q3 (MeCP2 down / H2A down)"
"Mospd4",0.627085601,0.013228999,1,1,TRUE,1.15802479042984,8.33e-43,2,2,TRUE,"Significant","Q1 (MeCP2 up / H2A up)"
"Mpdz",-0.027265754179627,0.721034578,0,2,FALSE,0.439787847754832,0.000168639,1,2,TRUE,"Not significant","Q2 (MeCP2 down / H2A up)"
"Mpnd",-0.059126853,0.809175252,0,1,FALSE,-0.361159302,0.004418117,1,1,TRUE,"Not significant","Q3 (MeCP2 down / H2A down)"
"Mpped1",-0.200020366603063,0.259762122,0,3,FALSE,-0.329163480614386,0.00364662,2,6,TRUE,"Not significant","Q3 (MeCP2 down / H2A down)"
"Mpped2",-0.41730269198428,0.092937115,0,2,FALSE,0.351045851077272,1.32e-05,1,5,TRUE,"Not significant","Q2 (MeCP2 down / H2A up)"
"Mpzl1",-0.0753615559201947,0.658315817,0,3,FALSE,0.433453189997238,2.52e-06,4,4,TRUE,"Not significant","Q2 (MeCP2 down / H2A up)"
"Mras",-0.060519389,0.797726942,0,1,FALSE,0.339196146,0.033168824,1,1,TRUE,"Not significant","Q2 (MeCP2 down / H2A up)"
"Mrc2",-0.864629977072774,6.3e-05,2,4,TRUE,-0.372522308279275,0.000543193,3,4,TRUE,"Significant","Q3 (MeCP2 down / H2A down)"
"Mreg",0.384324482695328,0.062113503,0,3,FALSE,-0.115285345,0.522184443,0,1,FALSE,"Not significant","Q4 (MeCP2 up / H2A down)"
"Mrm3",0.0230307013862329,0.896413665,0,2,FALSE,-0.117304385698247,0.313664804,0,2,FALSE,"Not significant","Q4 (MeCP2 up / H2A down)"
"Mro",0.298956553764096,0.022311258,1,6,TRUE,0.264729462641766,0.001360611,2,4,TRUE,"Significant","Q1 (MeCP2 up / H2A up)"
"Mroh5",0.153683471511908,0.294268917,0,3,FALSE,-0.131401218212716,0.129542852,0,2,FALSE,"Not significant","Q4 (MeCP2 up / H2A down)"
"Mrpl35",-0.009549731,0.97865507,0,1,FALSE,-0.180498718802571,0.1919277,0,2,FALSE,"Not significant","Q3 (MeCP2 down / H2A down)"
"Mrps27",0.422512084733021,0.023178495,1,3,TRUE,0.708996471274016,3.43e-14,3,4,TRUE,"Significant","Q1 (MeCP2 up / H2A up)"
"Mrps28",0.066849413,0.766676664,0,1,FALSE,0.261134334383395,0.034785422,3,3,TRUE,"Not significant","Q1 (MeCP2 up / H2A up)"
"Mrps6",0.517532226173962,0.031947653,1,3,TRUE,0.461755690591774,9.33e-08,1,3,TRUE,"Significant","Q1 (MeCP2 up / H2A up)"
"Msantd3",0.015919963,0.960824911,0,1,FALSE,0.207913363,0.125975404,0,1,FALSE,"Not significant","Q1 (MeCP2 up / H2A up)"
"Msh2",-0.045522861,0.859128285,0,1,FALSE,-0.287036934,0.067641545,0,1,FALSE,"Not significant","Q3 (MeCP2 down / H2A down)"
"Msi2",-0.25874300078121,0.160949512,0,5,FALSE,-0.388482410366646,0.001056528,4,7,TRUE,"Not significant","Q3 (MeCP2 down / H2A down)"
"Msl3l2",0.0200432383714707,0.938627518,0,2,FALSE,0.519882782,2.07e-07,1,1,TRUE,"Not significant","Q1 (MeCP2 up / H2A up)"
"Msrb3",-0.397332384804347,0.045302127,1,7,TRUE,-0.393689543760232,1.73e-05,2,7,TRUE,"Significant","Q3 (MeCP2 down / H2A down)"
"Msx2",-0.014888113,0.964427316,0,1,FALSE,-0.223057182,0.12577863,0,1,FALSE,"Not significant","Q3 (MeCP2 down / H2A down)"
"Mta1",-0.0975195646613986,0.596154096,0,2,FALSE,-0.267179222,0.097498871,0,1,FALSE,"Not significant","Q3 (MeCP2 down / H2A down)"
"Mtch1",0.029071662,0.919719101,0,1,FALSE,0.304459963,0.031477385,1,1,TRUE,"Not significant","Q1 (MeCP2 up / H2A up)"
"Mtcl2",-0.0551956945231666,0.770045978,0,3,FALSE,-0.332050588152271,0.014830729,1,2,TRUE,"Not significant","Q3 (MeCP2 down / H2A down)"
"Mthfd1l",1.30899072089765,4.46e-05,1,3,TRUE,1.12892491472371,1.65e-14,2,2,TRUE,"Significant","Q1 (MeCP2 up / H2A up)"
"Mtmr12",-0.118109512563731,0.506621833,0,2,FALSE,0.527621667,0.000373288,1,1,TRUE,"Not significant","Q2 (MeCP2 down / H2A up)"
"Mtres1",-0.029935013,0.915226202,0,1,FALSE,-0.371074442,0.003119669,1,1,TRUE,"Not significant","Q3 (MeCP2 down / H2A down)"
"Mtrfr",0.009878417,0.977967411,0,1,FALSE,0.190826355,0.167247326,0,1,FALSE,"Not significant","Q1 (MeCP2 up / H2A up)"
"Mtss1",-0.37307417204112,0.024228227,1,22,TRUE,0.158480790513565,0.002276903,4,17,TRUE,"Significant","Q2 (MeCP2 down / H2A up)"
"Mtss2",-0.0787052422456352,0.722051314,0,2,FALSE,0.268148946542291,1.89e-06,3,6,TRUE,"Not significant","Q2 (MeCP2 down / H2A up)"
"Mturn",0.027813582,0.922822267,0,1,FALSE,0.142235058,0.155699019,0,1,FALSE,"Not significant","Q1 (MeCP2 up / H2A up)"
"Mtus1",1.200412402,1.81e-05,1,1,TRUE,1.03367007976412,1.26e-11,2,2,TRUE,"Significant","Q1 (MeCP2 up / H2A up)"
"Mtus2",-0.1231559603515,0.453157928,0,3,FALSE,-0.248710199,0.118603162,0,1,FALSE,"Not significant","Q3 (MeCP2 down / H2A down)"
"Mtx3",1.948518209,8.25e-20,1,1,TRUE,0.844754068503609,2.19e-16,2,2,TRUE,"Significant","Q1 (MeCP2 up / H2A up)"
"Mx1",0.873501099,0.002115393,1,1,TRUE,0.565228308,1.67e-13,1,1,TRUE,"Significant","Q1 (MeCP2 up / H2A up)"
"Mxd4",0.015612519,0.962397862,0,1,FALSE,-0.20107546,0.207820916,0,1,FALSE,"Not significant","Q4 (MeCP2 up / H2A down)"
"Mycn",-0.43068659840397,0.039024579,1,7,TRUE,0.147722803827124,0.046542773,1,4,TRUE,"Significant","Q2 (MeCP2 down / H2A up)"
"Myh10",-0.082397248,0.72164434,0,1,FALSE,-0.062809108,0.726727383,0,1,FALSE,"Not significant","Q3 (MeCP2 down / H2A down)"
"Myh13",-0.256151064,0.249338666,0,1,FALSE,-0.153995072578343,0.162564894,0,3,FALSE,"Not significant","Q3 (MeCP2 down / H2A down)"
"Myh9",-0.048800673,0.852935351,0,1,FALSE,-0.506286199440064,0.000142388,3,4,TRUE,"Not significant","Q3 (MeCP2 down / H2A down)"
"Mylk",-0.056853657819974,0.772374823,0,2,FALSE,-0.736186632132351,1.62e-05,1,2,TRUE,"Not significant","Q3 (MeCP2 down / H2A down)"
"Myo10",0.773373252869568,9.75e-05,3,28,TRUE,0.607720595952877,2.25e-14,12,20,TRUE,"Significant","Q1 (MeCP2 up / H2A up)"
"Myo16",0.0897417431855047,0.43358727,0,10,FALSE,0.38946012964686,0.000137384,6,12,TRUE,"Not significant","Q1 (MeCP2 up / H2A up)"
"Myo18b",0.524977402573884,0.004141797,1,12,TRUE,-0.250754212586599,0.014169926,3,7,TRUE,"Significant","Q4 (MeCP2 up / H2A down)"
"Myo1b",0.266406260665821,0.062426728,0,3,FALSE,-0.107434635493828,0.00204282,4,5,TRUE,"Not significant","Q4 (MeCP2 up / H2A down)"
"Myo3b",1.166895060736,1.98e-05,2,4,TRUE,0.914242466250266,5.55e-20,5,5,TRUE,"Significant","Q1 (MeCP2 up / H2A up)"
"Myo5b",-0.129078786,0.538924062,0,1,FALSE,-0.404982197246023,0.000251542,1,5,TRUE,"Not significant","Q3 (MeCP2 down / H2A down)"
"Myo5c",0.0205215756183994,0.877667335,0,2,FALSE,0.103306813,0.576703582,0,1,FALSE,"Not significant","Q1 (MeCP2 up / H2A up)"
"Myo6",0.046048009,0.856419996,0,1,FALSE,0.194644905,0.130020864,0,1,FALSE,"Not significant","Q1 (MeCP2 up / H2A up)"
"Myocd",0.171082257257488,0.292479185,0,2,FALSE,-0.089905367,0.580371574,0,1,FALSE,"Not significant","Q4 (MeCP2 up / H2A down)"
"Myof",0.094532254,0.667629062,0,1,FALSE,1.33447646509084,2.24e-22,5,5,TRUE,"Not significant","Q1 (MeCP2 up / H2A up)"
"Myom2",0.583371507702022,0.014058939,3,7,TRUE,0.629292135801891,6.11e-08,5,5,TRUE,"Significant","Q1 (MeCP2 up / H2A up)"
"Myorg",-0.07623276,0.738826798,0,1,FALSE,0.064465183,0.538823902,0,1,FALSE,"Not significant","Q2 (MeCP2 down / H2A up)"
"Myrfl",0.479849099551285,0.032018514,1,4,TRUE,0.712866784856049,2.27e-11,2,3,TRUE,"Significant","Q1 (MeCP2 up / H2A up)"
"Myt1l",1.7523824760048,7.32e-23,10,16,TRUE,0.751167733734574,2.5e-45,13,20,TRUE,"Significant","Q1 (MeCP2 up / H2A up)"
"Mzt1",0.472294042887638,0.050152291,0,5,FALSE,0.674447562871691,8.17e-05,3,3,TRUE,"Not significant","Q1 (MeCP2 up / H2A up)"
"N4bp3",-0.069304829,0.760813913,0,1,FALSE,0.125436442,0.35622139,0,1,FALSE,"Not significant","Q2 (MeCP2 down / H2A up)"
"Naa11",1.14281195094694,3.72e-05,2,2,TRUE,0.507934410263953,0.000915166,2,2,TRUE,"Significant","Q1 (MeCP2 up / H2A up)"
"Naaladl2",1.17775976757364,2.03e-05,7,13,TRUE,0.778976849640089,2.47e-13,17,18,TRUE,"Significant","Q1 (MeCP2 up / H2A up)"
"Nab1",0.0956020269277661,0.61463887,0,2,FALSE,0.523426099,7.98e-06,1,1,TRUE,"Not significant","Q1 (MeCP2 up / H2A up)"
"Nacc2",-0.037341632,0.890437213,0,1,FALSE,-0.07454916,0.623516935,0,1,FALSE,"Not significant","Q3 (MeCP2 down / H2A down)"
"Nalf1",0.215223768429035,0.026404733,1,22,TRUE,0.490922449080365,5.18e-10,9,19,TRUE,"Significant","Q1 (MeCP2 up / H2A up)"
"Nampt",-0.035884353,0.895896515,0,1,FALSE,0.304223861,0.006820091,1,1,TRUE,"Not significant","Q2 (MeCP2 down / H2A up)"
"Nanos3",0.004097273,0.991699015,0,1,FALSE,0.175268640224897,0.205867725,0,3,FALSE,"Not significant","Q1 (MeCP2 up / H2A up)"
"Nans",-0.030923365,0.91259019,0,1,FALSE,0.029174044,0.826146468,0,1,FALSE,"Not significant","Q2 (MeCP2 down / H2A up)"
"Nars2",0.0524054145068152,0.553842842,0,8,FALSE,-0.0113568105708831,0.045947306,2,5,TRUE,"Not significant","Q4 (MeCP2 up / H2A down)"
"Nat9",-0.046183448,0.855518973,0,1,FALSE,0.310582365082762,0.001622449,1,4,TRUE,"Not significant","Q2 (MeCP2 down / H2A up)"
"Natd1",-0.023477854,0.938307954,0,1,FALSE,-0.528194927,0.00010309,1,1,TRUE,"Not significant","Q3 (MeCP2 down / H2A down)"
"Nav1",-0.345650049886147,0.017564742,1,15,TRUE,-0.37613372611338,6.06e-05,11,18,TRUE,"Significant","Q3 (MeCP2 down / H2A down)"
"Nav2",0.932188230501759,7.28e-07,6,27,TRUE,0.417717279394135,1.9e-08,9,17,TRUE,"Significant","Q1 (MeCP2 up / H2A up)"
"Nav3",1.76830218873845,1.7e-11,25,29,TRUE,1.2175887933535,7.97e-69,31,34,TRUE,"Significant","Q1 (MeCP2 up / H2A up)"
"Nbas",-0.00675547752737425,0.983661538,0,2,FALSE,-0.548033788458722,5.86e-05,1,2,TRUE,"Not significant","Q3 (MeCP2 down / H2A down)"
"Nbea",-0.064319139,0.782759783,0,1,FALSE,0.414102793214281,8.39e-05,2,2,TRUE,"Not significant","Q2 (MeCP2 down / H2A up)"
"Ncald",1.47741504156783,5.18e-11,7,24,TRUE,1.0448143803699,1.8e-25,17,21,TRUE,"Significant","Q1 (MeCP2 up / H2A up)"
"Ncam2",0.865860673,0.007425614,1,1,TRUE,0.77138613204615,4.6e-08,1,2,TRUE,"Significant","Q1 (MeCP2 up / H2A up)"
"Ncaph2",-0.077965528,0.720918639,0,1,FALSE,0.303282007,0.007120023,1,1,TRUE,"Not significant","Q2 (MeCP2 down / H2A up)"
"Nck2",0.0754356051421241,0.668659101,0,3,FALSE,0.515194031548137,4.88e-10,10,13,TRUE,"Not significant","Q1 (MeCP2 up / H2A up)"
"Nckap5",0.781884780184343,2.9e-05,3,22,TRUE,0.61679873138615,1.06e-11,12,27,TRUE,"Significant","Q1 (MeCP2 up / H2A up)"
"Nckap5l",0.030328245,0.917558673,0,1,FALSE,-0.308625923,0.059993311,0,1,FALSE,"Not significant","Q4 (MeCP2 up / H2A down)"
"Ncoa1",-0.375526564606465,0.097096722,0,5,FALSE,0.131040807,0.29940156,0,1,FALSE,"Not significant","Q2 (MeCP2 down / H2A up)"
"Ncoa2",-0.122518035,0.571711839,0,1,FALSE,0.213749226148446,0.002060033,1,4,TRUE,"Not significant","Q2 (MeCP2 down / H2A up)"
"Ncoa7",-0.036384473,0.892843291,0,1,FALSE,1.02397575902875,5.34e-17,2,2,TRUE,"Not significant","Q2 (MeCP2 down / H2A up)"
"Ncor2",-0.124569354226942,0.407074921,0,9,FALSE,-0.4976202772691,4.58e-07,15,19,TRUE,"Not significant","Q3 (MeCP2 down / H2A down)"
"Ncs1",-0.177431032473194,0.312114863,0,2,FALSE,0.099276492,0.551864174,0,1,FALSE,"Not significant","Q2 (MeCP2 down / H2A up)"
"Ndnf",0.015333883,0.963101384,0,1,FALSE,-0.139585683,0.390894374,0,1,FALSE,"Not significant","Q4 (MeCP2 up / H2A down)"
"Ndrg1",-0.470584130026722,0.031681145,1,2,TRUE,0.138900573694421,1.23e-05,2,5,TRUE,"Significant","Q2 (MeCP2 down / H2A up)"
"Ndst1",-0.0726930284179672,0.677534256,0,3,FALSE,-0.748714462,1.09e-05,1,1,TRUE,"Not significant","Q3 (MeCP2 down / H2A down)"
"Ndufaf2",0.0395964830109857,0.153311031,0,5,FALSE,0.710062682711732,2.33e-13,2,3,TRUE,"Not significant","Q1 (MeCP2 up / H2A up)"
"Ndufb4c",-0.00299959,0.994092053,0,1,FALSE,-0.14947959601479,0.066782474,0,2,FALSE,"Not significant","Q3 (MeCP2 down / H2A down)"
"Ndufs5-ps",1.78791942526493,4.68e-11,3,4,TRUE,1.46119164604748,9.13e-48,3,3,TRUE,"Significant","Q1 (MeCP2 up / H2A up)"
"Neb",0.750870946864034,0.000419292,1,7,TRUE,0.873436914663686,1.49e-20,6,6,TRUE,"Significant","Q1 (MeCP2 up / H2A up)"
"Nebl",0.874359599590006,6.1e-06,2,18,TRUE,0.729435013966728,1.24e-16,9,12,TRUE,"Significant","Q1 (MeCP2 up / H2A up)"
"Necab2",-0.0467593253586581,0.589389231,0,3,FALSE,0.186035216295038,0.048431877,1,3,TRUE,"Not significant","Q2 (MeCP2 down / H2A up)"
"Nectin1",-0.222340101735633,0.294379601,0,2,FALSE,-0.498911804501949,0.000463714,3,6,TRUE,"Not significant","Q3 (MeCP2 down / H2A down)"
"Nedd4l",-0.0825772401600741,0.67373674,0,2,FALSE,1.03935675280317,1.07e-14,3,10,TRUE,"Not significant","Q2 (MeCP2 down / H2A up)"
"Nefm",0.290114631,0.200055339,0,1,FALSE,1.145781778,5.11e-30,1,1,TRUE,"Not significant","Q1 (MeCP2 up / H2A up)"
"Negr1",0.0189798431939521,0.603075683,0,3,FALSE,0.890640355568566,1.22e-11,2,2,TRUE,"Not significant","Q1 (MeCP2 up / H2A up)"
"Nek10",0.324126397954373,0.083056861,0,6,FALSE,1.11469370527803,5.88e-40,11,12,TRUE,"Not significant","Q1 (MeCP2 up / H2A up)"
"Nek6",0.28892643684045,0.029135223,1,7,TRUE,0.339078145532409,1.42e-05,4,7,TRUE,"Significant","Q1 (MeCP2 up / H2A up)"
"Nek7",-0.702762126979287,0.002296826,1,5,TRUE,-0.700810228093216,8.94e-09,4,4,TRUE,"Significant","Q3 (MeCP2 down / H2A down)"
"Nell1",-0.0639367666147893,0.229848208,0,8,FALSE,0.208004430809152,0.000379291,1,8,TRUE,"Not significant","Q2 (MeCP2 down / H2A up)"
"Nell1os",1.02435530498645,1.34e-05,4,10,TRUE,0.422047811376969,0.002051062,1,3,TRUE,"Significant","Q1 (MeCP2 up / H2A up)"
"Nenf",-0.0733302501917615,0.740830807,0,2,FALSE,0.37661822,0.010980766,1,1,TRUE,"Not significant","Q2 (MeCP2 down / H2A up)"
"Neo1",-0.116790826289278,0.487201155,0,3,FALSE,-0.22493816505853,0.078117746,0,2,FALSE,"Not significant","Q3 (MeCP2 down / H2A down)"
"Neurl1a",-0.099581889,0.642571588,0,1,FALSE,0.444491926,0.000431719,1,1,TRUE,"Not significant","Q2 (MeCP2 down / H2A up)"
"Neurl1b",-0.0762600452724861,0.691736008,0,2,FALSE,-0.290065324,0.042639628,1,1,TRUE,"Not significant","Q3 (MeCP2 down / H2A down)"
"Neurl3",-0.074483631,0.73677907,0,1,FALSE,0.585654237,7.85e-07,1,1,TRUE,"Not significant","Q2 (MeCP2 down / H2A up)"
"Neurod1",0.235796856,0.257035174,0,1,FALSE,1.078345225,8.3e-13,1,1,TRUE,"Not significant","Q1 (MeCP2 up / H2A up)"
"Nfam1",-0.0959976724557569,0.612186339,0,2,FALSE,-0.33165015313572,0.001606169,2,3,TRUE,"Not significant","Q3 (MeCP2 down / H2A down)"
"Nfasc",-0.0694304745581893,0.62809718,0,5,FALSE,-0.349566278204836,1.66e-05,3,7,TRUE,"Not significant","Q3 (MeCP2 down / H2A down)"
"Nfatc1",-0.228953306367275,0.147004771,0,11,FALSE,-0.0920307542350034,0.074449612,0,8,FALSE,"Not significant","Q3 (MeCP2 down / H2A down)"
"Nfatc2",0.154800923246202,0.157693617,0,7,FALSE,-0.425828993058799,0.000867618,3,5,TRUE,"Not significant","Q4 (MeCP2 up / H2A down)"
"Nfia",1.54867766250121,6.5e-11,7,8,TRUE,0.947144387573901,5.43e-30,14,14,TRUE,"Significant","Q1 (MeCP2 up / H2A up)"
"Nfib",0.753519245088178,7.77e-07,7,11,TRUE,0.729080104930099,1.46e-25,12,15,TRUE,"Significant","Q1 (MeCP2 up / H2A up)"
"Nfil3",-0.0667296060396582,0.721257271,0,3,FALSE,-0.21670343353243,0.071007018,0,2,FALSE,"Not significant","Q3 (MeCP2 down / H2A down)"
"Nfix",-0.185509347464834,0.145325034,0,6,FALSE,-0.529266141316532,1.91e-06,6,10,TRUE,"Not significant","Q3 (MeCP2 down / H2A down)"
"Nfkb1",-0.102006379481385,0.562331922,0,2,FALSE,-0.630584692,0.000131051,1,1,TRUE,"Not significant","Q3 (MeCP2 down / H2A down)"
"Ngf",-0.155000613835521,0.383487091,0,2,FALSE,0.378424997055286,7.19e-05,3,5,TRUE,"Not significant","Q2 (MeCP2 down / H2A up)"
"Ngfr",-0.035124802,0.897917463,0,1,FALSE,-0.335381668,0.000536974,1,1,TRUE,"Not significant","Q3 (MeCP2 down / H2A down)"
"Nhlrc1",-0.0767776924340938,0.67712913,0,2,FALSE,0.749333268,1.15e-07,1,1,TRUE,"Not significant","Q2 (MeCP2 down / H2A up)"
"Nhs",0.0463477934048574,0.725941577,0,3,FALSE,-0.0686911530423246,0.013553754,2,7,TRUE,"Not significant","Q4 (MeCP2 up / H2A down)"
"Nhsl1",-0.232140210346103,0.078402302,0,8,FALSE,0.696750587346276,5.08e-18,8,11,TRUE,"Not significant","Q2 (MeCP2 down / H2A up)"
"Nhsl2",-0.114485830406485,0.531710285,0,3,FALSE,-0.201770844739596,0.018389815,2,10,TRUE,"Not significant","Q3 (MeCP2 down / H2A down)"
"Nhsl3",0.171323736200978,0.366568068,0,2,FALSE,-0.3873012,0.001114824,1,1,TRUE,"Not significant","Q4 (MeCP2 up / H2A down)"
"Niban2",-0.103969271,0.613324282,0,1,FALSE,-0.38230581618002,0.002420262,1,2,TRUE,"Not significant","Q3 (MeCP2 down / H2A down)"
"Nim1k",-0.011066021,0.974374945,0,1,FALSE,0.27367489,0.028631697,1,1,TRUE,"Not significant","Q2 (MeCP2 down / H2A up)"
"Ninj1",-0.056851002,0.820681529,0,1,FALSE,-0.460222341,0.001637123,1,1,TRUE,"Not significant","Q3 (MeCP2 down / H2A down)"
"Ninj2",-0.019404176,0.950615151,0,1,FALSE,0.150948398732213,0.009982334,1,3,TRUE,"Not significant","Q2 (MeCP2 down / H2A up)"
"Nkain3",2.29463682252145,1.13e-15,2,2,TRUE,1.68609084527202,9.81e-37,13,13,TRUE,"Significant","Q1 (MeCP2 up / H2A up)"
"Nkd1",-0.337418536777136,0.099903738,0,3,FALSE,0.0712976640485616,0.43282455,0,2,FALSE,"Not significant","Q2 (MeCP2 down / H2A up)"
"Nkd2",0.063010029,0.784189078,0,1,FALSE,-0.288839677712753,0.012672239,1,2,TRUE,"Not significant","Q4 (MeCP2 up / H2A down)"
"Nkx6-3",-0.050206902,0.838871521,0,1,FALSE,-0.261861951,0.054636987,0,1,FALSE,"Not significant","Q3 (MeCP2 down / H2A down)"
"Nlgn1",0.563649542782663,0.006762847,1,12,TRUE,0.809567635064185,1.8e-23,10,15,TRUE,"Significant","Q1 (MeCP2 up / H2A up)"
"Nln",-0.510163837824532,0.014533606,2,11,TRUE,0.0792776791133058,0.35187039,0,9,FALSE,"Not significant","Q2 (MeCP2 down / H2A up)"
"Nmnat2",-0.0953614701527576,0.62902792,0,2,FALSE,0.429160691970956,0.000435548,1,4,TRUE,"Not significant","Q2 (MeCP2 down / H2A up)"
"Nmnat3",0.106460666680264,0.463727245,0,6,FALSE,0.221267254798046,0.032740169,1,3,TRUE,"Not significant","Q1 (MeCP2 up / H2A up)"
"Nmt2",-0.030849648,0.912878758,0,1,FALSE,0.8963471,1.99e-07,1,1,TRUE,"Not significant","Q2 (MeCP2 down / H2A up)"
"Nnmt",-0.393597240747544,0.044168056,1,7,TRUE,-0.275929364343289,0.014523511,2,3,TRUE,"Significant","Q3 (MeCP2 down / H2A down)"
"Noct",0.701514349978653,0.014574606,1,3,TRUE,0.246394748637238,0.025940409,1,2,TRUE,"Significant","Q1 (MeCP2 up / H2A up)"
"Nod2",-0.013342171,0.968272902,0,1,FALSE,-0.161524328879279,0.14295196,0,2,FALSE,"Not significant","Q3 (MeCP2 down / H2A down)"
"Nol4",0.999533861188801,0.00051913,2,2,TRUE,0.960943013895742,1.98e-30,3,3,TRUE,"Significant","Q1 (MeCP2 up / H2A up)"
"Nol4l",0.0451916956739998,0.850212706,0,2,FALSE,-0.493879500804316,4.66e-11,1,6,TRUE,"Not significant","Q4 (MeCP2 up / H2A down)"
"Nos1",-1.51014868839481,2.22e-09,2,8,TRUE,-0.429377891131349,0.003300221,3,3,TRUE,"Significant","Q3 (MeCP2 down / H2A down)"
"Nos1ap",0.195230700120924,0.236748562,0,8,FALSE,0.316327118467118,0.00038262,3,10,TRUE,"Not significant","Q1 (MeCP2 up / H2A up)"
"Notch1",-0.066367744,0.776517107,0,1,FALSE,-0.574579673410261,1.81e-06,3,5,TRUE,"Not significant","Q3 (MeCP2 down / H2A down)"
"Notch2",-0.126118898253519,0.343015149,0,9,FALSE,0.206862066845804,0.134609902,0,3,FALSE,"Not significant","Q2 (MeCP2 down / H2A up)"
"Nova1",1.78634104042142,2.34e-13,2,2,TRUE,1.2150923522972,3.11e-61,4,4,TRUE,"Significant","Q1 (MeCP2 up / H2A up)"
"Noxa1",-0.0660091138079693,0.764414918,0,2,FALSE,-0.461813007,4e-06,1,1,TRUE,"Not significant","Q3 (MeCP2 down / H2A down)"
"Npas2",0.00667956086047298,0.906771099,0,2,FALSE,0.0837249871937538,0.000804128,2,3,TRUE,"Not significant","Q1 (MeCP2 up / H2A up)"
"Npas3",-0.205825401125967,0.226365786,0,9,FALSE,0.221549662866227,0.008532656,1,5,TRUE,"Not significant","Q2 (MeCP2 down / H2A up)"
"Npffr1",-0.373342943,0.120394099,0,1,FALSE,-0.503628514,4.94e-05,1,1,TRUE,"Not significant","Q3 (MeCP2 down / H2A down)"
"Npffr2",0.031290174,0.91183155,0,1,FALSE,0.78452285657528,1.22e-06,1,2,TRUE,"Not significant","Q1 (MeCP2 up / H2A up)"
"Nphp1",1.54471341032118,2.58e-10,2,2,TRUE,0.845763277,4.44e-12,1,1,TRUE,"Significant","Q1 (MeCP2 up / H2A up)"
"Nphp4",-0.546347295823721,0.01325373,2,10,TRUE,-0.194563652110471,0.002723145,3,6,TRUE,"Significant","Q3 (MeCP2 down / H2A down)"
"Npsr1",0.109444574833545,0.567214836,0,3,FALSE,0.754342259060169,3.12e-14,1,3,TRUE,"Not significant","Q1 (MeCP2 up / H2A up)"
"Nptx1",-0.046048841,0.856943458,0,1,FALSE,-0.644000906,2.64e-05,1,1,TRUE,"Not significant","Q3 (MeCP2 down / H2A down)"
"Nptx2",0.00408198095128079,0.90012203,0,2,FALSE,0.208503776641742,0.171897468,0,2,FALSE,"Not significant","Q1 (MeCP2 up / H2A up)"
"Nr2f1",0.259099962368627,0.221376044,0,3,FALSE,0.509001357856567,9.07e-08,2,2,TRUE,"Not significant","Q1 (MeCP2 up / H2A up)"
"Nr2f2",0.026181223,0.92853313,0,1,FALSE,-0.091072147,0.626717971,0,1,FALSE,"Not significant","Q4 (MeCP2 up / H2A down)"
"Nr3c1",1.47837873870357,6.72e-07,2,2,TRUE,0.836772479,4.02e-07,1,1,TRUE,"Significant","Q1 (MeCP2 up / H2A up)"
"Nr3c2",-0.466390273921771,0.058557824,0,3,FALSE,0.312610559493846,0.000194183,1,4,TRUE,"Not significant","Q2 (MeCP2 down / H2A up)"
"Nr4a3",-0.0394449837184782,0.865912684,0,2,FALSE,0.939001920695141,1.19e-25,2,3,TRUE,"Not significant","Q2 (MeCP2 down / H2A up)"
"Nr5a1",-0.015147662,0.962936199,0,1,FALSE,-0.417751355073061,0.000132659,4,8,TRUE,"Not significant","Q3 (MeCP2 down / H2A down)"
"Nr5a2",-0.0174886783816423,0.838948591,0,3,FALSE,0.572229995,0.000157437,1,1,TRUE,"Not significant","Q2 (MeCP2 down / H2A up)"
"Nrcam",-0.0293330207930839,0.897644781,0,3,FALSE,0.735436650187513,9.41e-15,6,9,TRUE,"Not significant","Q2 (MeCP2 down / H2A up)"
"Nrep",0.05595056,0.81662066,0,1,FALSE,0.3700980881743,0.007161534,1,2,TRUE,"Not significant","Q1 (MeCP2 up / H2A up)"
"Nrg2",0.0516345145394615,0.75559953,0,3,FALSE,-0.466575392900042,5.34e-07,5,7,TRUE,"Not significant","Q4 (MeCP2 up / H2A down)"
"Nrg3",0.076149676,0.74854077,0,1,FALSE,0.510103634967839,0.000358968,1,3,TRUE,"Not significant","Q1 (MeCP2 up / H2A up)"
"Nrg3os",1.35134357707452,1.96e-09,6,17,TRUE,0.589626855273129,2.63e-11,10,10,TRUE,"Significant","Q1 (MeCP2 up / H2A up)"
"Nrip1",-0.067121201475129,0.718586088,0,2,FALSE,0.670660677145981,1.25e-10,2,3,TRUE,"Not significant","Q2 (MeCP2 down / H2A up)"
"Nrn1",-0.013624018408658,0.722291422,0,3,FALSE,0.636926373985295,3.76e-10,5,6,TRUE,"Not significant","Q2 (MeCP2 down / H2A up)"
"Nron",-0.480652429704843,0.013376564,2,8,TRUE,-0.749728833944685,1.15e-15,5,10,TRUE,"Significant","Q3 (MeCP2 down / H2A down)"
"Nrp2",-0.673575885976612,0.000494358,1,30,TRUE,0.321429313871177,1.93e-07,4,23,TRUE,"Significant","Q2 (MeCP2 down / H2A up)"
"Nrros",0.0335313781529031,0.894733115,0,2,FALSE,0.846209399,3.72e-09,1,1,TRUE,"Not significant","Q1 (MeCP2 up / H2A up)"
"Nrxn2",-0.0419386200570727,0.795778743,0,3,FALSE,-0.4836817564158,7.16e-05,1,2,TRUE,"Not significant","Q3 (MeCP2 down / H2A down)"
"Nrxn3",2.58779387841617,1.26e-36,22,24,TRUE,1.1793441030492,3.95e-43,14,14,TRUE,"Significant","Q1 (MeCP2 up / H2A up)"
"Nsf",-0.397424333,0.099872986,0,1,FALSE,-0.323493409796474,0.000922053,2,5,TRUE,"Not significant","Q3 (MeCP2 down / H2A down)"
"Nsg1",-0.235896931,0.249190299,0,1,FALSE,0.19895618,0.031676917,1,1,TRUE,"Not significant","Q2 (MeCP2 down / H2A up)"
"Nsmaf",-0.021086888,0.945392328,0,1,FALSE,0.752071091149336,1.38e-07,3,3,TRUE,"Not significant","Q2 (MeCP2 down / H2A up)"
"Nt5dc1",0.046158126,0.857112493,0,1,FALSE,1.401534333,1.24e-21,1,1,TRUE,"Not significant","Q1 (MeCP2 up / H2A up)"
"Nt5e",-0.0881920308167837,0.638262664,0,2,FALSE,0.0650138523840542,0.434275071,0,3,FALSE,"Not significant","Q2 (MeCP2 down / H2A up)"
"Ntf3",0.124552949281804,0.24499727,0,6,FALSE,0.0586843794138198,0.008666493,1,5,TRUE,"Not significant","Q1 (MeCP2 up / H2A up)"
"Ntm",1.81051575474979,4.22e-18,28,85,TRUE,0.756062590045136,6.09e-28,22,53,TRUE,"Significant","Q1 (MeCP2 up / H2A up)"
"Ntn1",0.308347658884699,0.137704001,0,6,FALSE,-0.395782604914108,0.000797307,2,3,TRUE,"Not significant","Q4 (MeCP2 up / H2A down)"
"Ntng1",2.12376180408027,9.88e-16,9,17,TRUE,1.10380753033677,5.58e-43,12,15,TRUE,"Significant","Q1 (MeCP2 up / H2A up)"
"Ntng2",0.847915426636668,0.000683553,1,8,TRUE,-0.185518234553011,0.034612449,1,5,TRUE,"Significant","Q4 (MeCP2 up / H2A down)"
"Ntrk2",0.244142906,0.266274898,0,1,FALSE,0.324191128100351,0.014547466,1,5,TRUE,"Not significant","Q1 (MeCP2 up / H2A up)"
"Ntrk3",0.31539611581777,0.007547486,1,12,TRUE,0.156473112460955,2.73e-06,3,9,TRUE,"Significant","Q1 (MeCP2 up / H2A up)"
"Ntsr1",-0.065357429,0.779105892,0,1,FALSE,-0.256261382791519,0.032069131,1,3,TRUE,"Not significant","Q3 (MeCP2 down / H2A down)"
"Nuak1",-0.259288764552352,0.213376346,0,2,FALSE,-0.406850767359301,0.000481018,2,4,TRUE,"Not significant","Q3 (MeCP2 down / H2A down)"
"Nuak2",-0.139608199543556,0.408074104,0,2,FALSE,-0.190660980503582,0.194009163,0,2,FALSE,"Not significant","Q3 (MeCP2 down / H2A down)"
"Nudcd3",0.005998412,0.987968323,0,1,FALSE,0.382513353,9.39e-06,1,1,TRUE,"Not significant","Q1 (MeCP2 up / H2A up)"
"Nudt14",-0.505666463446501,0.041283408,1,2,TRUE,0.091872397,0.294206084,0,1,FALSE,"Not significant","Q2 (MeCP2 down / H2A up)"
"Nudt18",-0.023645286,0.938125541,0,1,FALSE,-0.489364055101369,3.76e-05,1,3,TRUE,"Not significant","Q3 (MeCP2 down / H2A down)"
"Nup210",-0.0705032422948709,0.682950228,0,3,FALSE,0.041014545,0.712067342,0,1,FALSE,"Not significant","Q2 (MeCP2 down / H2A up)"
"Nup93",-0.445563204241566,0.075051086,0,2,FALSE,-0.155413665,0.21748217,0,1,FALSE,"Not significant","Q3 (MeCP2 down / H2A down)"
"Nxph1",0.596307405067634,0.008833767,1,4,TRUE,0.420129096115158,1.85e-05,3,5,TRUE,"Significant","Q1 (MeCP2 up / H2A up)"
"Nyap2",0.0552361946840441,0.355180712,0,4,FALSE,0.347725614920242,1.65e-05,3,3,TRUE,"Not significant","Q1 (MeCP2 up / H2A up)"
"Nynrin",0.040206667,0.880545343,0,1,FALSE,0.125601111,0.272451069,0,1,FALSE,"Not significant","Q1 (MeCP2 up / H2A up)"
"Oat",0.938395853121548,0.000143168,2,3,TRUE,0.215674358659463,0.143273944,0,2,FALSE,"Not significant","Q1 (MeCP2 up / H2A up)"
"Obscn",0.01378567521555,0.827246748,0,4,FALSE,-0.087856341,0.59505587,0,1,FALSE,"Not significant","Q4 (MeCP2 up / H2A down)"
"Odad4",-0.063578,0.785120001,0,1,FALSE,-0.369653065,0.029170596,1,1,TRUE,"Not significant","Q3 (MeCP2 down / H2A down)"
"Odc1",-0.0612228191837437,0.746624762,0,3,FALSE,0.328432015031953,0.002798973,3,4,TRUE,"Not significant","Q2 (MeCP2 down / H2A up)"
"Ofcc1",0.818344933258536,0.001666667,1,3,TRUE,-0.176259334167744,6.16e-05,3,8,TRUE,"Significant","Q4 (MeCP2 up / H2A down)"
"Ogdhl",-0.127149436815317,0.450492147,0,2,FALSE,-0.615236770973958,4.91e-12,2,3,TRUE,"Not significant","Q3 (MeCP2 down / H2A down)"
"Oit3",-0.334200639352544,0.096562718,0,2,FALSE,-0.091675938,0.494011753,0,1,FALSE,"Not significant","Q3 (MeCP2 down / H2A down)"
"Olfm1",-0.070022604,0.761207906,0,1,FALSE,-0.735398925788052,1.29e-08,2,3,TRUE,"Not significant","Q3 (MeCP2 down / H2A down)"
"Olfm4",0.953244574169743,0.000198094,1,5,TRUE,0.334308237027689,1.18e-05,5,10,TRUE,"Significant","Q1 (MeCP2 up / H2A up)"
"Olfml2a",0.021437431,0.944790881,0,1,FALSE,0.550993088,0.00018858,1,1,TRUE,"Not significant","Q1 (MeCP2 up / H2A up)"
"Olfml2b",1.15968549399859,5.66e-09,2,6,TRUE,0.804500200257762,8.2e-27,5,6,TRUE,"Significant","Q1 (MeCP2 up / H2A up)"
"Olig1",-0.709365808399468,0.002883612,1,4,TRUE,-0.077025208238052,0.186559638,0,4,FALSE,"Not significant","Q3 (MeCP2 down / H2A down)"
"Olig2",-0.023391543,0.938235893,0,1,FALSE,0.175689275,0.113522866,0,1,FALSE,"Not significant","Q2 (MeCP2 down / H2A up)"
"Omp",-0.178641487,0.397241428,0,1,FALSE,-0.318134048,0.027542759,1,1,TRUE,"Not significant","Q3 (MeCP2 down / H2A down)"
"Onecut2",0.049598294,0.84389427,0,1,FALSE,0.543262975466922,7.92e-14,2,3,TRUE,"Not significant","Q1 (MeCP2 up / H2A up)"
"Opalin",-0.426444549568695,0.035955961,1,8,TRUE,-0.282181607182367,0.001372018,5,12,TRUE,"Significant","Q3 (MeCP2 down / H2A down)"
"Opcml",1.95487200401208,3.7e-26,23,46,TRUE,0.666947087640787,6.49e-14,7,16,TRUE,"Significant","Q1 (MeCP2 up / H2A up)"
"Optc",-0.004611484,0.990875701,0,1,FALSE,0.144838116,0.266561705,0,1,FALSE,"Not significant","Q2 (MeCP2 down / H2A up)"
"Optn",-0.596954913452789,0.013566821,2,7,TRUE,0.0238502035118605,0.605313789,0,3,FALSE,"Not significant","Q2 (MeCP2 down / H2A up)"
"Or55b10",0.031580015,0.910133139,0,1,FALSE,0.166074193,0.397540899,0,1,FALSE,"Not significant","Q1 (MeCP2 up / H2A up)"
"Orm2",-0.020435899,0.947155251,0,1,FALSE,-0.274389473060972,0.035804303,1,2,TRUE,"Not significant","Q3 (MeCP2 down / H2A down)"
"Osbp2",-0.0606668524548529,0.761063827,0,2,FALSE,-0.368677712,0.005234732,1,1,TRUE,"Not significant","Q3 (MeCP2 down / H2A down)"
"Osbpl1a",2.12329451524306,1.35e-18,3,5,TRUE,1.24310831365814,3.08e-53,6,7,TRUE,"Significant","Q1 (MeCP2 up / H2A up)"
"Osbpl3",0.991135839894256,6.93e-05,3,8,TRUE,0.486617917270379,1.81e-06,2,7,TRUE,"Significant","Q1 (MeCP2 up / H2A up)"
"Osbpl5",-0.67740884531489,0.016279201,1,3,TRUE,-0.490401192402631,1.22e-06,2,3,TRUE,"Significant","Q3 (MeCP2 down / H2A down)"
"Osbpl6",-0.056932912,0.81996103,0,1,FALSE,0.047773374,0.780174882,0,1,FALSE,"Not significant","Q2 (MeCP2 down / H2A up)"
"Otc",1.279810347,4.3e-05,1,1,TRUE,1.130000533,1.48e-15,1,1,TRUE,"Significant","Q1 (MeCP2 up / H2A up)"
"Otof",-0.176353222,0.380804212,0,1,FALSE,-0.26820530753991,0.025233117,2,6,TRUE,"Not significant","Q3 (MeCP2 down / H2A down)"
"Otog",0.0728751433153066,0.508576278,0,5,FALSE,-0.4775787779253,0.000481872,1,2,TRUE,"Not significant","Q4 (MeCP2 up / H2A down)"
"Otub1",-0.0306546159680117,0.886088113,0,2,FALSE,-0.202382170772803,0.027980347,1,3,TRUE,"Not significant","Q3 (MeCP2 down / H2A down)"
"Otud7a",-0.469139051843988,0.036568817,1,3,TRUE,0.873481348,4.48e-12,1,1,TRUE,"Significant","Q2 (MeCP2 down / H2A up)"
"Otx2",-0.854059290326257,0.005627111,1,5,TRUE,0.595348044885283,8.3e-12,3,3,TRUE,"Significant","Q2 (MeCP2 down / H2A up)"
"Ovol2",-0.684977752945184,0.010269295,1,2,TRUE,-0.0374169260910141,0.107529529,0,2,FALSE,"Not significant","Q3 (MeCP2 down / H2A down)"
"Oxgr1",1.63578136476701,1.89e-09,1,2,TRUE,0.606088234471669,2.3e-11,3,5,TRUE,"Significant","Q1 (MeCP2 up / H2A up)"
"Oxr1",-0.092231774,0.690076072,0,1,FALSE,0.878756903249557,5.83e-18,3,3,TRUE,"Not significant","Q2 (MeCP2 down / H2A up)"
"Oxsm",1.42249872959008,5.25e-07,2,3,TRUE,0.899245639547429,3.86e-20,5,5,TRUE,"Significant","Q1 (MeCP2 up / H2A up)"
"Oxtr",-0.18287775,0.329231425,0,1,FALSE,-0.225953632,0.147227143,0,1,FALSE,"Not significant","Q3 (MeCP2 down / H2A down)"
"P2ry2",-0.0674869358789617,0.674791532,0,2,FALSE,-0.248993119869706,0.059981695,0,2,FALSE,"Not significant","Q3 (MeCP2 down / H2A down)"
"P4ha2",-0.0648121903495478,0.736792555,0,2,FALSE,0.011751365,0.929387523,0,1,FALSE,"Not significant","Q2 (MeCP2 down / H2A up)"
"Pacrg",0.816464218306737,0.000776159,2,5,TRUE,0.380835529657682,3.57e-05,2,6,TRUE,"Significant","Q1 (MeCP2 up / H2A up)"
"Pacs2",0.031231139,0.91171539,0,1,FALSE,-0.518791776125521,0.000254232,3,3,TRUE,"Not significant","Q4 (MeCP2 up / H2A down)"
"Pag1",-0.887466770907389,4.29e-05,7,16,TRUE,-0.35966124773391,0.000124539,3,11,TRUE,"Significant","Q3 (MeCP2 down / H2A down)"
"Pak4",-0.01237149,0.971014426,0,1,FALSE,-0.217815440569309,0.194932926,0,2,FALSE,"Not significant","Q3 (MeCP2 down / H2A down)"
"Pak5",1.95525731004004,9.28e-14,4,4,TRUE,1.26240779556724,1.86e-32,4,5,TRUE,"Significant","Q1 (MeCP2 up / H2A up)"
"Pakap",-0.261966858244691,0.197104694,0,3,FALSE,0.302764385846745,0.027818328,1,2,TRUE,"Not significant","Q2 (MeCP2 down / H2A up)"
"Pald1",-0.00355613339138049,0.20868965,0,4,FALSE,-0.322549780747226,0.024850369,2,3,TRUE,"Not significant","Q3 (MeCP2 down / H2A down)"
"Pam",0.840428726496202,0.00561736,1,2,TRUE,1.32298614119624,2.24e-19,2,3,TRUE,"Significant","Q1 (MeCP2 up / H2A up)"
"Pantr1",-0.981701911457934,0.003380505,1,3,TRUE,0.404195241763654,0.000258604,2,5,TRUE,"Significant","Q2 (MeCP2 down / H2A up)"
"Pantr2",-0.463738539900254,0.032160339,1,2,TRUE,-0.587888196,7.34e-06,1,1,TRUE,"Significant","Q3 (MeCP2 down / H2A down)"
"Panx1",-0.0811546526751547,0.673246937,0,2,FALSE,-0.0342667191161855,0.413632944,0,3,FALSE,"Not significant","Q3 (MeCP2 down / H2A down)"
"Papln",-0.0831879374553014,0.619395297,0,3,FALSE,-0.459492103030549,3.53e-06,2,4,TRUE,"Not significant","Q3 (MeCP2 down / H2A down)"
"Papola",-1.417392485,0.000334452,1,1,TRUE,-0.649370622195554,3.63e-05,1,2,TRUE,"Significant","Q3 (MeCP2 down / H2A down)"
"Pappa",0.146609438468566,0.173175169,0,6,FALSE,0.459366561978791,1.42e-08,4,9,TRUE,"Not significant","Q1 (MeCP2 up / H2A up)"
"Pappa2",1.19194799803963,7.09e-06,3,4,TRUE,1.03454890081093,2.41e-24,13,14,TRUE,"Significant","Q1 (MeCP2 up / H2A up)"
"Papss1",0.713637105191595,0.009935453,1,2,TRUE,0.315005190298563,0.007472272,2,4,TRUE,"Significant","Q1 (MeCP2 up / H2A up)"
"Paqr3",1.43020325464174,3.2e-08,5,8,TRUE,0.637684353678546,1.96e-08,3,3,TRUE,"Significant","Q1 (MeCP2 up / H2A up)"
"Paqr5",-0.133517828459246,0.527526479,0,2,FALSE,-0.184657535,0.194758732,0,1,FALSE,"Not significant","Q3 (MeCP2 down / H2A down)"
"Pard3",0.502776714077489,3.24e-05,4,28,TRUE,0.772217294029764,5.17e-27,9,19,TRUE,"Significant","Q1 (MeCP2 up / H2A up)"
"Pard3b",0.423332581,0.101110877,0,1,FALSE,0.862839657,1.2e-11,1,1,TRUE,"Not significant","Q1 (MeCP2 up / H2A up)"
"Pard3bos2",1.39362325456585,3.08e-10,9,9,TRUE,0.791215723392069,2.01e-19,16,16,TRUE,"Significant","Q1 (MeCP2 up / H2A up)"
"Pard6g",0.108697221493167,0.515492264,0,2,FALSE,0.209673202162903,0.000108037,1,5,TRUE,"Not significant","Q1 (MeCP2 up / H2A up)"
"Parva",1.42018331406368,2.7e-08,2,8,TRUE,0.373475844292703,0.00085975,1,3,TRUE,"Significant","Q1 (MeCP2 up / H2A up)"
"Parvb",0.609807499903592,0.006568982,1,6,TRUE,-0.211307244,0.23319297,0,1,FALSE,"Not significant","Q4 (MeCP2 up / H2A down)"
"Parvg",-0.263935410139422,0.119530349,0,6,FALSE,-0.427562281765949,0.000468084,2,5,TRUE,"Not significant","Q3 (MeCP2 down / H2A down)"
"Patj",2.78711411652673,2.05e-37,4,6,TRUE,1.57676984545538,5.6e-35,5,5,TRUE,"Significant","Q1 (MeCP2 up / H2A up)"
"Paupar",-0.249441217438475,0.19366372,0,4,FALSE,0.463772654616692,2.35e-07,2,6,TRUE,"Not significant","Q2 (MeCP2 down / H2A up)"
"Pax1",-0.746188681707362,0.003828329,2,2,TRUE,-0.61036778060741,7.82e-08,2,4,TRUE,"Significant","Q3 (MeCP2 down / H2A down)"
"Pax3",-0.343677488,0.136016729,0,1,FALSE,-0.597726969939299,1.21e-11,4,5,TRUE,"Not significant","Q3 (MeCP2 down / H2A down)"
"Pax5",-0.756423884488412,0.008363585,1,5,TRUE,-0.121815310995603,1.29e-05,3,8,TRUE,"Significant","Q3 (MeCP2 down / H2A down)"
"Pax6",2.69020966263972,3.29e-22,4,4,TRUE,1.11084384823562,8.92e-42,2,2,TRUE,"Significant","Q1 (MeCP2 up / H2A up)"
"Pax7",-0.11241229917208,0.522895919,0,4,FALSE,-0.689443756414324,1.7e-11,3,4,TRUE,"Not significant","Q3 (MeCP2 down / H2A down)"
"Pbx1",0.724813538514521,4.52e-05,1,13,TRUE,0.368970588607855,1.38e-10,9,23,TRUE,"Significant","Q1 (MeCP2 up / H2A up)"
"Pbx3",1.23460464720945,5.44e-06,3,7,TRUE,0.842120650487706,8.04e-15,2,3,TRUE,"Significant","Q1 (MeCP2 up / H2A up)"
"Pcbp3",-0.075994859986675,0.618397903,0,4,FALSE,0.14257734070702,0.013998121,4,4,TRUE,"Not significant","Q2 (MeCP2 down / H2A up)"
"Pcdh1",-0.0452496860284542,0.853212451,0,2,FALSE,-0.447546190723715,0.000643348,1,2,TRUE,"Not significant","Q3 (MeCP2 down / H2A down)"
"Pcdh15",0.148163950623601,0.407091247,0,5,FALSE,0.550214117036754,1.84e-08,6,6,TRUE,"Not significant","Q1 (MeCP2 up / H2A up)"
"Pcdh18",0.122038412,0.595773606,0,1,FALSE,0.507805299779984,0.000147134,3,3,TRUE,"Not significant","Q1 (MeCP2 up / H2A up)"
"Pcdh7",1.28929344369614,3.46e-06,6,7,TRUE,0.73853569628292,2.82e-12,2,2,TRUE,"Significant","Q1 (MeCP2 up / H2A up)"
"Pcdh9",2.21675525312529,5.91e-24,27,36,TRUE,1.44185386919568,7.91e-62,41,44,TRUE,"Significant","Q1 (MeCP2 up / H2A up)"
"Pcgf5",-1.20405488726822,2.91e-06,3,4,TRUE,-0.725029048722924,5.27e-08,2,2,TRUE,"Significant","Q3 (MeCP2 down / H2A down)"
"Pcif1",0.025104983,0.932761421,0,1,FALSE,-0.484926674,9e-05,1,1,TRUE,"Not significant","Q4 (MeCP2 up / H2A down)"
"Pcmtd1",-0.003490407,0.992971455,0,1,FALSE,0.089019327,0.771963391,0,1,FALSE,"Not significant","Q2 (MeCP2 down / H2A up)"
"Pcp4",-0.099256507359926,0.428549731,0,7,FALSE,0.317330415699931,0.041566248,1,3,TRUE,"Not significant","Q2 (MeCP2 down / H2A up)"
"Pcsk2os1",0.889085023,0.002926975,1,1,TRUE,0.444294272879812,0.000572024,2,2,TRUE,"Significant","Q1 (MeCP2 up / H2A up)"
"Pcsk5",-0.419555906366404,0.026755254,1,14,TRUE,0.154887714186078,0.002293137,1,14,TRUE,"Significant","Q2 (MeCP2 down / H2A up)"
"Pcsk6",0.243367790189975,0.003514955,2,15,TRUE,0.217661060692316,0.000104614,2,7,TRUE,"Significant","Q1 (MeCP2 up / H2A up)"
"Pcsk9",-0.127046805,0.555882151,0,1,FALSE,-0.117451865,0.461973601,0,1,FALSE,"Not significant","Q3 (MeCP2 down / H2A down)"
"Pde10a",-0.134099510780959,0.406341231,0,5,FALSE,-0.614521083938184,1.92e-05,2,3,TRUE,"Not significant","Q3 (MeCP2 down / H2A down)"
"Pde11a",-0.0862538130808977,0.618797777,0,4,FALSE,0.428584094244318,8.42e-08,2,6,TRUE,"Not significant","Q2 (MeCP2 down / H2A up)"
"Pde1c",0.998290378335261,1.13e-06,5,16,TRUE,1.03846734414692,6.38e-35,13,19,TRUE,"Significant","Q1 (MeCP2 up / H2A up)"
"Pde2a",-0.443914030550286,0.058557824,0,2,FALSE,0.0417584273095823,0.600901546,0,3,FALSE,"Not significant","Q2 (MeCP2 down / H2A up)"
"Pde3a",1.14770426267193,2.05e-06,2,4,TRUE,0.799676104723752,8.53e-12,4,5,TRUE,"Significant","Q1 (MeCP2 up / H2A up)"
"Pde4b",1.420335536,3.7e-05,1,1,TRUE,0.590164672813723,1.27e-12,3,5,TRUE,"Significant","Q1 (MeCP2 up / H2A up)"
"Pde4d",1.82128585190925,1.29e-16,16,31,TRUE,0.940446427039732,4.59e-58,43,49,TRUE,"Significant","Q1 (MeCP2 up / H2A up)"
"Pde9a",-0.230443531326685,0.249216649,0,2,FALSE,-0.503564947807888,0.000106558,1,3,TRUE,"Not significant","Q3 (MeCP2 down / H2A down)"
"Pdgfa",-0.022526843,0.942683021,0,1,FALSE,-0.489880375,0.000734759,1,1,TRUE,"Not significant","Q3 (MeCP2 down / H2A down)"
"Pdgfra",-0.343788222,0.153684605,0,1,FALSE,0.057234991,0.699683432,0,1,FALSE,"Not significant","Q2 (MeCP2 down / H2A up)"
"Pdgfrb",0.0338832560807221,0.861328379,0,2,FALSE,-0.691036052201914,1.63e-09,3,6,TRUE,"Not significant","Q4 (MeCP2 up / H2A down)"
"Pdha2",2.30215992940248,1.83e-16,2,3,TRUE,1.314541979368,4.2e-28,3,4,TRUE,"Significant","Q1 (MeCP2 up / H2A up)"
"Pdhx",-0.136017170438042,0.501651632,0,2,FALSE,0.0747631894549235,0.008117292,1,2,TRUE,"Not significant","Q2 (MeCP2 down / H2A up)"
"Pdia5",-0.456681835216246,0.023770001,2,8,TRUE,-0.0963575768358404,0.20805706,0,5,FALSE,"Not significant","Q3 (MeCP2 down / H2A down)"
"Pdlim4",-0.03514238,0.897359872,0,1,FALSE,0.263323916,0.09270399,0,1,FALSE,"Not significant","Q2 (MeCP2 down / H2A up)"
"Pdss2",0.477889542001436,0.082329521,0,3,FALSE,0.599195159458734,4.29e-13,4,5,TRUE,"Not significant","Q1 (MeCP2 up / H2A up)"
"Pdxk",-0.003681064,0.992608823,0,1,FALSE,-0.130931788,0.4564202,0,1,FALSE,"Not significant","Q3 (MeCP2 down / H2A down)"
"Pdxk-ps",-0.07587935,0.725992358,0,1,FALSE,-0.432537176810849,1.28e-05,2,3,TRUE,"Not significant","Q3 (MeCP2 down / H2A down)"
"Pdzd2",0.414139400766602,0.041059812,1,6,TRUE,0.757476338406976,2.07e-21,5,11,TRUE,"Significant","Q1 (MeCP2 up / H2A up)"
"Pdzrn3",0.21842788509662,0.221570258,0,8,FALSE,-0.0174230653909765,6.38e-05,2,6,TRUE,"Not significant","Q4 (MeCP2 up / H2A down)"
"Pdzrn4",0.175132778021675,0.234870978,0,3,FALSE,0.648957086483112,3.03e-08,5,5,TRUE,"Not significant","Q1 (MeCP2 up / H2A up)"
"Pear1",-0.057023204,0.814558729,0,1,FALSE,-0.20897557327987,0.010727441,1,2,TRUE,"Not significant","Q3 (MeCP2 down / H2A down)"
"Pebp4",0.0103626194407421,0.819420977,0,4,FALSE,0.0717135165018268,0.579985312,0,2,FALSE,"Not significant","Q1 (MeCP2 up / H2A up)"
"Peg13",-0.0930494209305828,0.333388629,0,9,FALSE,0.45520679163019,4.12e-14,4,15,TRUE,"Not significant","Q2 (MeCP2 down / H2A up)"
"Peli2",-0.0685609481590466,0.669222704,0,4,FALSE,0.12790292158346,0.041127741,1,5,TRUE,"Not significant","Q2 (MeCP2 down / H2A up)"
"Pemt",-0.0867977135493989,0.508027893,0,5,FALSE,0.372426529,0.012048108,1,1,TRUE,"Not significant","Q2 (MeCP2 down / H2A up)"
"Pepd",-0.184863161090624,0.287395851,0,3,FALSE,-0.20646522102416,0.061737578,0,2,FALSE,"Not significant","Q3 (MeCP2 down / H2A down)"
"Per2",-0.007644066,0.983983092,0,1,FALSE,-0.407932649,0.021204044,1,1,TRUE,"Not significant","Q3 (MeCP2 down / H2A down)"
"Pex14",-0.331374943432118,0.091799755,0,4,FALSE,-0.28591803094873,0.01462743,1,2,TRUE,"Not significant","Q3 (MeCP2 down / H2A down)"
"Pex7",0.26921709581135,0.229581065,0,2,FALSE,0.979814498,4.54e-11,1,1,TRUE,"Not significant","Q1 (MeCP2 up / H2A up)"
"Pfkfb3",-0.0856635377116606,0.649526239,0,2,FALSE,0.399729397121105,0.000297543,1,2,TRUE,"Not significant","Q2 (MeCP2 down / H2A up)"
"Pgbd5",-0.369357293053487,0.092899658,0,3,FALSE,-0.0604589498086405,0.663496766,0,2,FALSE,"Not significant","Q3 (MeCP2 down / H2A down)"
"Phactr1",-0.172164952678712,0.175910694,0,9,FALSE,0.150455859270658,6.34e-06,4,9,TRUE,"Not significant","Q2 (MeCP2 down / H2A up)"
"Phactr2",-0.650174284171455,0.013311248,1,3,TRUE,-0.452911153538628,0.000369395,3,6,TRUE,"Significant","Q3 (MeCP2 down / H2A down)"
"Phactr3",-0.524003910104782,0.006506072,2,7,TRUE,-0.646498155528804,1.91e-15,12,15,TRUE,"Significant","Q3 (MeCP2 down / H2A down)"
"Phc2",0.0742206690467769,0.090308397,0,4,FALSE,0.483066140785218,1.03e-06,2,4,TRUE,"Not significant","Q1 (MeCP2 up / H2A up)"
"Phex",1.96991645757297,1.58e-06,2,2,TRUE,0.85244903,1.65e-11,1,1,TRUE,"Significant","Q1 (MeCP2 up / H2A up)"
"Phf2",0.0140233370115379,0.964029273,0,2,FALSE,-0.649595308671288,3.37e-09,2,4,TRUE,"Not significant","Q4 (MeCP2 up / H2A down)"
"Phf21b",-0.0232465064438653,0.881840396,0,3,FALSE,0.00918072270168723,0.510007131,0,3,FALSE,"Not significant","Q2 (MeCP2 down / H2A up)"
"Phf3",-0.060249098,0.805162066,0,1,FALSE,0.185331935,0.255470535,0,1,FALSE,"Not significant","Q2 (MeCP2 down / H2A up)"
"Phlda2",-0.032986612,0.90542358,0,1,FALSE,-0.831191673,1.67e-11,1,1,TRUE,"Not significant","Q3 (MeCP2 down / H2A down)"
"Phlda3",-0.227966324,0.29758694,0,1,FALSE,-0.180504009,0.244803561,0,1,FALSE,"Not significant","Q3 (MeCP2 down / H2A down)"
"Phldb2",1.71825650937396,1.02e-10,1,2,TRUE,1.31269387950092,9.69e-65,3,3,TRUE,"Significant","Q1 (MeCP2 up / H2A up)"
"Phospho1",0.061316431,0.798949287,0,1,FALSE,-0.293474779,0.047446929,1,1,TRUE,"Not significant","Q4 (MeCP2 up / H2A down)"
"Phyhipl",0.019113584,0.951200803,0,1,FALSE,0.028203727,0.830258353,0,1,FALSE,"Not significant","Q1 (MeCP2 up / H2A up)"
"Pid1",1.63476492824463,2.18e-07,1,5,TRUE,0.731464433813071,9.13e-18,7,7,TRUE,"Significant","Q1 (MeCP2 up / H2A up)"
"Piezo1",-0.248132427021949,0.265168686,0,2,FALSE,-0.244818427,0.042689168,1,1,TRUE,"Not significant","Q3 (MeCP2 down / H2A down)"
"Piezo2",0.930527228425347,0.000263647,1,2,TRUE,1.27316372077661,3.1e-31,4,4,TRUE,"Significant","Q1 (MeCP2 up / H2A up)"
"Pigf",-0.068159533,0.804744227,0,1,FALSE,-0.012156611,0.936916241,0,1,FALSE,"Not significant","Q3 (MeCP2 down / H2A down)"
"Pigk",-0.0766852207959585,0.702193059,0,3,FALSE,0.861887551479359,1.72e-21,3,4,TRUE,"Not significant","Q2 (MeCP2 down / H2A up)"
"Pign",1.18537526693491,7.66e-06,1,2,TRUE,0.87093784181996,1.32e-21,2,2,TRUE,"Significant","Q1 (MeCP2 up / H2A up)"
"Pigr",0.543227922450805,0.030235449,1,2,TRUE,0.109097640223453,0.023904547,2,3,TRUE,"Significant","Q1 (MeCP2 up / H2A up)"
"Pik3ap1",0.354053479,0.129152155,0,1,FALSE,0.30643607,0.017223778,1,1,TRUE,"Not significant","Q1 (MeCP2 up / H2A up)"
"Pik3c2b",-0.0832488531741834,0.653301903,0,3,FALSE,-0.542232716,3.5e-05,1,1,TRUE,"Not significant","Q3 (MeCP2 down / H2A down)"
"Pik3r1",0.612082625839905,0.00066655,1,5,TRUE,0.418014196326838,5.43e-08,3,6,TRUE,"Significant","Q1 (MeCP2 up / H2A up)"
"Pik3r3",-0.033231143,0.903563083,0,1,FALSE,0.627922782,2.03e-05,1,1,TRUE,"Not significant","Q2 (MeCP2 down / H2A up)"
"Pinc",1.30810883536729,1.59e-06,3,3,TRUE,0.40550444781851,2.05e-06,1,2,TRUE,"Significant","Q1 (MeCP2 up / H2A up)"
"Pip4k2a",0.081061913,0.717607432,0,1,FALSE,0.1535473837828,0.11623583,0,5,FALSE,"Not significant","Q1 (MeCP2 up / H2A up)"
"Pip5k1c",-0.267893516,0.231057687,0,1,FALSE,-0.201160867,0.168110827,0,1,FALSE,"Not significant","Q3 (MeCP2 down / H2A down)"
"Pitpnc1",0.690478404613698,0.004102257,1,5,TRUE,-0.17662355,0.268290307,0,1,FALSE,"Not significant","Q4 (MeCP2 up / H2A down)"
"Pitpnm2",-0.0022049300091819,0.901382237,0,3,FALSE,-0.0775080409480277,0.17411167,0,2,FALSE,"Not significant","Q3 (MeCP2 down / H2A down)"
"Pitpnm3",-0.185784249963398,0.293519531,0,4,FALSE,-0.383440181875935,0.002449049,1,2,TRUE,"Not significant","Q3 (MeCP2 down / H2A down)"
"Pitx1",-0.572102238349213,0.027927178,1,3,TRUE,-0.861597018171316,1.93e-14,2,3,TRUE,"Significant","Q3 (MeCP2 down / H2A down)"
"Pja2",0.619367850878845,0.003029959,1,2,TRUE,-0.401694133855302,3.47e-05,1,2,TRUE,"Significant","Q4 (MeCP2 up / H2A down)"
"Pkib",0.055109301,0.819420977,0,1,FALSE,1.02321777,1.15e-20,1,1,TRUE,"Not significant","Q1 (MeCP2 up / H2A up)"
"Pkig",0.068667567,0.765325625,0,1,FALSE,1.31270943451056,3.05e-21,2,2,TRUE,"Not significant","Q1 (MeCP2 up / H2A up)"
"Pknox2",-0.149570536,0.464447637,0,1,FALSE,-0.003367666,0.982536711,0,1,FALSE,"Not significant","Q3 (MeCP2 down / H2A down)"
"Pkp1",-0.059834977,0.804626546,0,1,FALSE,-0.305108479556533,0.001690505,1,4,TRUE,"Not significant","Q3 (MeCP2 down / H2A down)"
"Pkp4",0.0518692492364477,0.648629014,0,3,FALSE,0.811901856874143,7.44e-13,4,4,TRUE,"Not significant","Q1 (MeCP2 up / H2A up)"
"Pla2g2c",1.17576008588057,1.71e-07,2,7,TRUE,0.313800457051702,0.023345221,1,2,TRUE,"Significant","Q1 (MeCP2 up / H2A up)"
"Pla2g4a",2.20911853849465,8.64e-07,2,3,TRUE,1.15551089144355,9.54e-16,3,3,TRUE,"Significant","Q1 (MeCP2 up / H2A up)"
"Pla2g4b",0.000580536,0.998737795,0,1,FALSE,-0.411316569310945,2.39e-06,3,3,TRUE,"Not significant","Q4 (MeCP2 up / H2A down)"
"Pla2g4d",0.033947153,0.905153513,0,1,FALSE,0.0482985671222149,0.030957395,1,3,TRUE,"Not significant","Q1 (MeCP2 up / H2A up)"
"Plaat1",0.214384091,0.308909362,0,1,FALSE,0.736015721914291,1.81e-10,2,2,TRUE,"Not significant","Q1 (MeCP2 up / H2A up)"
"Plac9",0.009341402,0.979570689,0,1,FALSE,0.224209876,0.086834597,0,1,FALSE,"Not significant","Q1 (MeCP2 up / H2A up)"
"Plagl1",-0.330138921,0.151411306,0,1,FALSE,-0.189572946,0.232266082,0,1,FALSE,"Not significant","Q3 (MeCP2 down / H2A down)"
"Platr4",-0.0361284969513054,0.612103463,0,2,FALSE,0.411369197036097,0.00058512,1,3,TRUE,"Not significant","Q2 (MeCP2 down / H2A up)"
"Platr5",0.009137579,0.979700706,0,1,FALSE,0.064511081,0.718604225,0,1,FALSE,"Not significant","Q1 (MeCP2 up / H2A up)"
"Platr9",-0.0872392043515428,0.520685553,0,2,FALSE,0.0603776957936189,0.017891965,3,5,TRUE,"Not significant","Q2 (MeCP2 down / H2A up)"
"Plb1",2.08210262853551,7.65e-20,4,7,TRUE,1.03693353965846,1.63e-51,10,11,TRUE,"Significant","Q1 (MeCP2 up / H2A up)"
"Plbd2",0.08723163,0.690498492,0,1,FALSE,0.076214972,0.655731744,0,1,FALSE,"Not significant","Q1 (MeCP2 up / H2A up)"
"Plcb1",0.466043654069893,0.000123741,7,37,TRUE,0.457181335719952,5.2e-11,17,36,TRUE,"Significant","Q1 (MeCP2 up / H2A up)"
"Plcb2",-0.0317831414192475,0.856761233,0,2,FALSE,-0.373050620955333,0.015006825,1,2,TRUE,"Not significant","Q3 (MeCP2 down / H2A down)"
"Plcb4",-0.662895608,0.032331031,1,1,TRUE,-0.431699997243325,0.001447815,3,4,TRUE,"Significant","Q3 (MeCP2 down / H2A down)"
"Plch1",-0.027820167,0.922961594,0,1,FALSE,0.50471180866211,1.02e-05,1,2,TRUE,"Not significant","Q2 (MeCP2 down / H2A up)"
"Plch2",1.27375348251553,3.39e-08,1,4,TRUE,-0.353107975574778,0.003955315,1,2,TRUE,"Significant","Q4 (MeCP2 up / H2A down)"
"Plcl1",0.040811179,0.880549925,0,1,FALSE,0.504412835727231,3.66e-05,2,3,TRUE,"Not significant","Q1 (MeCP2 up / H2A up)"
"Plcl2",-0.319785703,0.135209078,0,1,FALSE,0.690167721093206,2.83e-09,2,2,TRUE,"Not significant","Q2 (MeCP2 down / H2A up)"
"Plcxd3",1.008310968,0.002321214,1,1,TRUE,0.855193416,3.25e-11,1,1,TRUE,"Significant","Q1 (MeCP2 up / H2A up)"
"Pld1",0.262618893,0.196462887,0,1,FALSE,0.734499121,5.04e-07,1,1,TRUE,"Not significant","Q1 (MeCP2 up / H2A up)"
"Pld5",0.148587227946333,0.449370804,0,2,FALSE,0.894789151,1.04e-10,1,1,TRUE,"Not significant","Q1 (MeCP2 up / H2A up)"
"Pldi",0.00097583,0.997905284,0,1,FALSE,-0.051756984,0.731353099,0,1,FALSE,"Not significant","Q4 (MeCP2 up / H2A down)"
"Plec",-0.0128874967837537,0.959254395,0,3,FALSE,-0.344761675,0.022135708,1,1,TRUE,"Not significant","Q3 (MeCP2 down / H2A down)"
"Plekha1",0.090698729,0.663416984,0,1,FALSE,0.323833516,0.021959207,1,1,TRUE,"Not significant","Q1 (MeCP2 up / H2A up)"
"Plekha5",-0.083704512,0.699237288,0,1,FALSE,1.40433824431355,2.08e-19,1,2,TRUE,"Not significant","Q2 (MeCP2 down / H2A up)"
"Plekha6",-0.904607685923975,0.00015303,5,12,TRUE,-0.544008840183161,3.12e-05,6,7,TRUE,"Significant","Q3 (MeCP2 down / H2A down)"
"Plekha7",0.0121502765948837,0.727328849,0,5,FALSE,0.149927069161457,0.289407961,0,3,FALSE,"Not significant","Q1 (MeCP2 up / H2A up)"
"Plekhm3",-0.772041608648741,0.002524647,3,4,TRUE,-0.417247499913219,0.000170916,2,7,TRUE,"Significant","Q3 (MeCP2 down / H2A down)"
"Plpp1",1.26434529579127,7.69e-05,1,2,TRUE,0.750387934328324,9.89e-11,3,3,TRUE,"Significant","Q1 (MeCP2 up / H2A up)"
"Plpp3",-0.178739674863508,0.384918772,0,2,FALSE,0.298232806591227,0.007913282,1,2,TRUE,"Not significant","Q2 (MeCP2 down / H2A up)"
"Plppr1",0.64386255114378,0.000377007,1,9,TRUE,0.508129969136427,2.4e-09,6,7,TRUE,"Significant","Q1 (MeCP2 up / H2A up)"
"Plppr4",0.049943925,0.844905968,0,1,FALSE,0.002741254,0.985999033,0,1,FALSE,"Not significant","Q1 (MeCP2 up / H2A up)"
"Plxdc1",-0.490461734805944,0.029403998,1,3,TRUE,-0.221330608972575,0.014505272,1,4,TRUE,"Significant","Q3 (MeCP2 down / H2A down)"
"Plxdc2",1.37840220844008,7.94e-05,1,3,TRUE,0.100362598969144,0.220549551,0,2,FALSE,"Not significant","Q1 (MeCP2 up / H2A up)"
"Plxna1",2.05653182724867,1.35e-19,4,11,TRUE,0.852794197838999,1.64e-41,8,11,TRUE,"Significant","Q1 (MeCP2 up / H2A up)"
"Plxna4",-0.576880394530599,0.022297312,1,5,TRUE,-0.218387299904696,0.045551644,1,3,TRUE,"Significant","Q3 (MeCP2 down / H2A down)"
"Plxna4os1",0.604243006104234,0.000358016,2,30,TRUE,0.216782127661201,3.25e-08,8,40,TRUE,"Significant","Q1 (MeCP2 up / H2A up)"
"Plxnc1",0.205424844,0.374216071,0,1,FALSE,0.340765850521737,6.01e-06,4,6,TRUE,"Not significant","Q1 (MeCP2 up / H2A up)"
"Plxnd1",-0.047699039,0.849974296,0,1,FALSE,0.339721828609194,0.001103055,2,2,TRUE,"Not significant","Q2 (MeCP2 down / H2A up)"
"Pmepa1",-0.238146440977297,0.161065215,0,8,FALSE,0.174816319709282,0.028352976,1,5,TRUE,"Not significant","Q2 (MeCP2 down / H2A up)"
"Pmvk",0.004138266,0.991656802,0,1,FALSE,0.115475989,0.370343084,0,1,FALSE,"Not significant","Q1 (MeCP2 up / H2A up)"
"Pnma3",2.070184296,4.7e-14,1,1,TRUE,0.962188994,3.18e-06,1,1,TRUE,"Significant","Q1 (MeCP2 up / H2A up)"
"Pnpla7",-0.802181286,0.012507094,1,1,TRUE,-0.398564392584886,0.009602865,1,2,TRUE,"Significant","Q3 (MeCP2 down / H2A down)"
"Poc1a",-0.174271405888091,0.378453588,0,3,FALSE,-0.333566992,0.024532239,1,1,TRUE,"Not significant","Q3 (MeCP2 down / H2A down)"
"Podn",-0.205330171559386,0.314987485,0,2,FALSE,-0.12606562,0.45531818,0,1,FALSE,"Not significant","Q3 (MeCP2 down / H2A down)"
"Polr1a",-0.24963784,0.257506924,0,1,FALSE,-0.431838886719646,0.000150016,1,2,TRUE,"Not significant","Q3 (MeCP2 down / H2A down)"
"Polr2b",0.016494822,0.959526103,0,1,FALSE,-0.063889945,0.688073018,0,1,FALSE,"Not significant","Q4 (MeCP2 up / H2A down)"
"Polrmt",-0.02595622,0.931176716,0,1,FALSE,-0.240480339,0.212405806,0,1,FALSE,"Not significant","Q3 (MeCP2 down / H2A down)"
"Pomgnt2",1.18970367717033,1.02e-06,2,4,TRUE,0.891618126912865,2.86e-11,4,4,TRUE,"Significant","Q1 (MeCP2 up / H2A up)"
"Popdc3",-0.0232504528238672,0.930696528,0,3,FALSE,0.275742380034194,0.028799129,1,2,TRUE,"Not significant","Q2 (MeCP2 down / H2A up)"
"Pou2af3",-0.242738142003449,0.204673825,0,2,FALSE,-0.558627800257777,0.000681306,1,2,TRUE,"Not significant","Q3 (MeCP2 down / H2A down)"
"Pou3f1",0.331544091031263,0.14906066,0,2,FALSE,-0.584727833329006,3.58e-06,2,2,TRUE,"Not significant","Q4 (MeCP2 up / H2A down)"
"Pou4f1",1.12653090970459,7.94e-05,1,2,TRUE,1.0968586153361,2.57e-28,1,2,TRUE,"Significant","Q1 (MeCP2 up / H2A up)"
"Pou6f2",0.260475568,0.212156888,0,1,FALSE,0.28174084,0.040394366,1,1,TRUE,"Not significant","Q1 (MeCP2 up / H2A up)"
"Ppa1",-0.062582519,0.793811177,0,1,FALSE,-0.307844931,0.005943562,1,1,TRUE,"Not significant","Q3 (MeCP2 down / H2A down)"
"Ppard",-0.054337846,0.827242304,0,1,FALSE,-0.264820436263082,0.066701624,0,2,FALSE,"Not significant","Q3 (MeCP2 down / H2A down)"
"Pparg",0.448586476,0.045081699,1,1,TRUE,0.134979742792162,0.002413743,1,3,TRUE,"Significant","Q1 (MeCP2 up / H2A up)"
"Ppfia4",-0.12705499,0.544506322,0,1,FALSE,-0.264734106,0.012125788,1,1,TRUE,"Not significant","Q3 (MeCP2 down / H2A down)"
"Ppic",-0.01311505151863,0.576555915,0,2,FALSE,0.75053627841651,3.3e-14,2,5,TRUE,"Not significant","Q2 (MeCP2 down / H2A up)"
"Ppl",0.018940155,0.95194794,0,1,FALSE,-0.450930001317739,0.001234365,1,2,TRUE,"Not significant","Q4 (MeCP2 up / H2A down)"
"Ppm1h",0.0161992172296524,0.788799299,0,5,FALSE,0.650982251685563,6.73e-08,6,7,TRUE,"Not significant","Q1 (MeCP2 up / H2A up)"
"Ppm1l",1.366988309445,2.61e-07,1,5,TRUE,0.859999307655338,3.35e-20,7,10,TRUE,"Significant","Q1 (MeCP2 up / H2A up)"
"Ppp1r14bl",2.46609287275712,1.74e-24,5,5,TRUE,1.44189942816431,5.51e-33,2,2,TRUE,"Significant","Q1 (MeCP2 up / H2A up)"
"Ppp1r14c",-0.274851830213114,0.059883282,0,8,FALSE,0.240615067619559,0.00611345,2,6,TRUE,"Not significant","Q2 (MeCP2 down / H2A up)"
"Ppp1r37",-0.0404803378811781,0.869952309,0,2,FALSE,-0.089023655,0.577691821,0,1,FALSE,"Not significant","Q3 (MeCP2 down / H2A down)"
"Ppp1r3b",0.062943535385312,0.690597454,0,3,FALSE,0.243328320840997,0.030606201,2,2,TRUE,"Not significant","Q1 (MeCP2 up / H2A up)"
"Ppp1r3g",-0.214365994,0.305888105,0,1,FALSE,0.264677465,0.051457459,0,1,FALSE,"Not significant","Q2 (MeCP2 down / H2A up)"
"Ppp1r9a",0.266598710973006,0.146701972,0,3,FALSE,0.69867230865448,8.07e-12,2,3,TRUE,"Not significant","Q1 (MeCP2 up / H2A up)"
"Ppp2r1b",0.07759567,0.728112252,0,1,FALSE,0.326126008061883,1.33e-05,3,4,TRUE,"Not significant","Q1 (MeCP2 up / H2A up)"
"Ppp2r2b",-0.507128176940241,0.003913525,2,23,TRUE,0.373607974035874,5.21e-13,13,25,TRUE,"Significant","Q2 (MeCP2 down / H2A up)"
"Ppp2r2c",-0.037615671,0.888419966,0,1,FALSE,-0.435533903578168,0.002319289,3,3,TRUE,"Not significant","Q3 (MeCP2 down / H2A down)"
"Ppp2r5a",-0.025831909,0.931355136,0,1,FALSE,-0.254268279,0.09388237,0,1,FALSE,"Not significant","Q3 (MeCP2 down / H2A down)"
"Ppp2r5c",-0.0603023011465457,0.779032845,0,2,FALSE,-0.168682157054264,0.13835972,0,4,FALSE,"Not significant","Q3 (MeCP2 down / H2A down)"
"Ppp4r2",1.24941736981842,7.45e-06,2,3,TRUE,0.066112667,0.675519474,0,1,FALSE,"Not significant","Q1 (MeCP2 up / H2A up)"
"Prag1",0.095259084590824,0.58810143,0,2,FALSE,0.351693408576802,3.95e-05,3,3,TRUE,"Not significant","Q1 (MeCP2 up / H2A up)"
"Prcd",-0.0644649321262324,0.67210319,0,2,FALSE,-0.37834936147741,0.004031493,1,2,TRUE,"Not significant","Q3 (MeCP2 down / H2A down)"
"Prdm1",-0.0926595347563511,0.43582685,0,4,FALSE,0.516910596945243,1.11e-05,1,4,TRUE,"Not significant","Q2 (MeCP2 down / H2A up)"
"Prdm11",-0.133378807434423,0.469607179,0,2,FALSE,-0.564816515331678,4.04e-05,3,4,TRUE,"Not significant","Q3 (MeCP2 down / H2A down)"
"Prdm16",-0.426229753275292,0.004680339,1,23,TRUE,-0.728331508561829,4.17e-15,22,25,TRUE,"Significant","Q3 (MeCP2 down / H2A down)"
"Prdm5",1.77206376039525,3.35e-10,2,2,TRUE,1.16011556573957,2.19e-35,2,2,TRUE,"Significant","Q1 (MeCP2 up / H2A up)"
"Prdm6",0.567385785124536,0.007172005,1,4,TRUE,0.686280176248651,6.71e-13,4,5,TRUE,"Significant","Q1 (MeCP2 up / H2A up)"
"Prelp",-0.117842254,0.590778602,0,1,FALSE,-0.0326002429887538,0.874560991,0,2,FALSE,"Not significant","Q3 (MeCP2 down / H2A down)"
"Prep",0.585370445839568,0.001544361,1,3,TRUE,-0.206614844087565,0.110476663,0,3,FALSE,"Not significant","Q4 (MeCP2 up / H2A down)"
"Prex1",-0.669812303977135,0.001854366,3,13,TRUE,-0.364632464624124,5.45e-05,4,13,TRUE,"Significant","Q3 (MeCP2 down / H2A down)"
"Prickle1",-0.150331047581858,0.308242457,0,15,FALSE,-0.351056995255612,0.000207767,1,5,TRUE,"Not significant","Q3 (MeCP2 down / H2A down)"
"Prickle2",-0.382663050326056,0.04287725,1,8,TRUE,0.253842755087886,0.000775958,2,5,TRUE,"Significant","Q2 (MeCP2 down / H2A up)"
"Prim2",-0.030714258,0.912579808,0,1,FALSE,-0.051501797,0.796267792,0,1,FALSE,"Not significant","Q3 (MeCP2 down / H2A down)"
"Prima1",-0.0341515172760715,0.829211987,0,2,FALSE,-0.10125918130253,0.127263477,0,3,FALSE,"Not significant","Q3 (MeCP2 down / H2A down)"
"Prkag2",1.01578300355369,2.7e-07,1,12,TRUE,0.463623144858074,5.61e-11,6,19,TRUE,"Significant","Q1 (MeCP2 up / H2A up)"
"Prkar1b",-0.0372693312947653,0.486730096,0,5,FALSE,-0.453199511486179,0.000268075,1,4,TRUE,"Not significant","Q3 (MeCP2 down / H2A down)"
"Prkar2b",-0.625020940493471,0.020599869,2,3,TRUE,-0.0520930904249972,0.207680341,0,3,FALSE,"Not significant","Q3 (MeCP2 down / H2A down)"
"Prkca",-0.927382638502322,0.00021448,2,7,TRUE,-0.403911158922273,0.000331251,1,2,TRUE,"Significant","Q3 (MeCP2 down / H2A down)"
"Prkcd",-0.08218562,0.719462993,0,1,FALSE,0.0958918176995069,0.062848263,0,4,FALSE,"Not significant","Q2 (MeCP2 down / H2A up)"
"Prkce",-0.670816445902291,0.000305757,2,10,TRUE,-0.545531563704313,2.9e-08,5,11,TRUE,"Significant","Q3 (MeCP2 down / H2A down)"
"Prkch",0.0597342136778478,0.785955865,0,2,FALSE,0.407897229895039,1.82e-07,4,6,TRUE,"Not significant","Q1 (MeCP2 up / H2A up)"
"Prkcq",-0.0352188228470899,0.860020581,0,3,FALSE,-0.083579087342808,0.333150155,0,2,FALSE,"Not significant","Q3 (MeCP2 down / H2A down)"
"Prkd1",1.23021262202022,6.74e-06,1,3,TRUE,0.979128472685443,8.68e-19,3,3,TRUE,"Significant","Q1 (MeCP2 up / H2A up)"
"Prkn",1.30205017406811,2.02e-10,16,47,TRUE,0.652748961718446,2.19e-13,15,28,TRUE,"Significant","Q1 (MeCP2 up / H2A up)"
"Prlh",-1.094964839,0.000110614,1,1,TRUE,-0.62391753,0.000225589,1,1,TRUE,"Significant","Q3 (MeCP2 down / H2A down)"
"Prmt8",-0.0731055837007124,0.554909684,0,3,FALSE,0.160280439337273,0.085010145,0,3,FALSE,"Not significant","Q2 (MeCP2 down / H2A up)"
"Prnd",-0.21857484,0.302155705,0,1,FALSE,0.113201188,0.359110258,0,1,FALSE,"Not significant","Q2 (MeCP2 down / H2A up)"
"Prok2",-0.0385727692057027,0.450685097,0,6,FALSE,-0.0720535831100421,0.05118905,0,8,FALSE,"Not significant","Q3 (MeCP2 down / H2A down)"
"Prokr2",0.01121227,0.973901552,0,1,FALSE,0.694323798743901,2.3e-09,3,3,TRUE,"Not significant","Q1 (MeCP2 up / H2A up)"
"Prop1",0.011426886,0.973280564,0,1,FALSE,0.458976857,0.003673353,1,1,TRUE,"Not significant","Q1 (MeCP2 up / H2A up)"
"Pros1",2.70657837353662,1.21e-13,2,2,TRUE,1.4926627548858,1.85e-39,8,8,TRUE,"Significant","Q1 (MeCP2 up / H2A up)"
"Proser2",-0.020267628,0.948660275,0,1,FALSE,0.560014356810687,9.82e-08,2,2,TRUE,"Not significant","Q2 (MeCP2 down / H2A up)"
"Prox1",0.332587015154775,0.055924903,0,5,FALSE,0.0171840719101171,0.001676875,2,4,TRUE,"Not significant","Q1 (MeCP2 up / H2A up)"
"Prpf40a",-0.152091445,0.467987923,0,1,FALSE,0.688811636198478,2.82e-10,2,2,TRUE,"Not significant","Q2 (MeCP2 down / H2A up)"
"Prps1",-0.0295381380981261,0.906375924,0,2,FALSE,0.294262153,0.010443715,1,1,TRUE,"Not significant","Q2 (MeCP2 down / H2A up)"
"Prr16",1.57138597167978,8.12e-12,4,5,TRUE,0.909635924893714,9.64e-16,6,7,TRUE,"Significant","Q1 (MeCP2 up / H2A up)"
"Prr5l",-0.180972817589491,0.388831235,0,2,FALSE,0.0529191995630098,0.495083782,0,2,FALSE,"Not significant","Q2 (MeCP2 down / H2A up)"
"Prrc1",-0.0696786921609779,0.72315217,0,4,FALSE,-0.312419585779794,0.003994341,5,5,TRUE,"Not significant","Q3 (MeCP2 down / H2A down)"
"Prrc2b",-0.0361172972060003,0.87859492,0,3,FALSE,-0.568591768224742,0.000400999,2,2,TRUE,"Not significant","Q3 (MeCP2 down / H2A down)"
"Prss52",0.254777039820561,0.154492309,0,4,FALSE,0.374052156244328,0.000257464,1,4,TRUE,"Not significant","Q1 (MeCP2 up / H2A up)"
"Prune2",2.49096586872742,8.98e-24,5,8,TRUE,1.45302684868065,1.18e-24,6,6,TRUE,"Significant","Q1 (MeCP2 up / H2A up)"
"Psapl1",-0.327758084695035,0.042341783,1,14,TRUE,-0.225554330883064,0.000143542,6,10,TRUE,"Significant","Q3 (MeCP2 down / H2A down)"
"Psd2",0.97826313503288,7.42e-06,2,4,TRUE,0.446325088648582,9.48e-13,1,5,TRUE,"Significant","Q1 (MeCP2 up / H2A up)"
"Psd3",2.37063256681449,1.12e-21,8,10,TRUE,1.10021935330568,1.85e-38,6,8,TRUE,"Significant","Q1 (MeCP2 up / H2A up)"
"Psmb7",-0.078131027,0.712454085,0,1,FALSE,-0.0701136797800606,0.167614922,0,3,FALSE,"Not significant","Q3 (MeCP2 down / H2A down)"
"Ptbp2",0.489750298743875,0.036353233,1,4,TRUE,0.734097646912996,5.36e-15,6,6,TRUE,"Significant","Q1 (MeCP2 up / H2A up)"
"Ptch1",-0.079543284,0.721154664,0,1,FALSE,0.653391350720389,7.33e-13,1,2,TRUE,"Not significant","Q2 (MeCP2 down / H2A up)"
"Ptchd4",1.34943513194543,1.95e-05,3,3,TRUE,0.987732128,1.52e-19,1,1,TRUE,"Significant","Q1 (MeCP2 up / H2A up)"
"Ptf1a",-0.071675979,0.753791477,0,1,FALSE,-0.479484718,2.94e-07,1,1,TRUE,"Not significant","Q3 (MeCP2 down / H2A down)"
"Ptgdr2",-0.012510414,0.970759601,0,1,FALSE,0.158884263,0.273608595,0,1,FALSE,"Not significant","Q2 (MeCP2 down / H2A up)"
"Ptger1",-0.292711014,0.19753236,0,1,FALSE,-0.08692523,0.560538234,0,1,FALSE,"Not significant","Q3 (MeCP2 down / H2A down)"
"Ptges",-0.142399492,0.46429196,0,1,FALSE,-0.016735765,0.946262708,0,1,FALSE,"Not significant","Q3 (MeCP2 down / H2A down)"
"Ptgfrn",-0.440597145432708,0.056462218,0,4,FALSE,0.0114010016686144,0.065392106,0,5,FALSE,"Not significant","Q2 (MeCP2 down / H2A up)"
"Ptgis",-0.324543055893564,0.112845464,0,5,FALSE,-0.446792385241184,0.000339892,1,4,TRUE,"Not significant","Q3 (MeCP2 down / H2A down)"
"Ptgr3",-0.173169792875959,0.255319173,0,12,FALSE,-0.244017665904416,1.67e-06,5,9,TRUE,"Not significant","Q3 (MeCP2 down / H2A down)"
"Pth2r",0.405551662827135,0.041101508,1,2,TRUE,0.939765903585476,1.99e-22,2,2,TRUE,"Significant","Q1 (MeCP2 up / H2A up)"
"Ptk2",-1.20739161195092,5.28e-05,5,7,TRUE,-0.096938566,0.491202613,0,1,FALSE,"Not significant","Q3 (MeCP2 down / H2A down)"
"Ptk2b",-0.247471158942941,0.16755654,0,3,FALSE,-0.230929493927426,0.008666493,2,5,TRUE,"Not significant","Q3 (MeCP2 down / H2A down)"
"Ptn",-0.539199022557609,0.001505592,1,7,TRUE,0.22456123226192,0.000184746,3,12,TRUE,"Significant","Q2 (MeCP2 down / H2A up)"
"Ptp4a3",-0.274509232350611,0.102150057,0,5,FALSE,-0.381646471738127,0.000643562,2,3,TRUE,"Not significant","Q3 (MeCP2 down / H2A down)"
"Ptpn14",-0.0681331275802043,0.576341438,0,7,FALSE,0.118160882829834,0.002788913,1,2,TRUE,"Not significant","Q2 (MeCP2 down / H2A up)"
"Ptpn20",0.846056972413521,0.001010636,2,2,TRUE,0.773456941333814,1.58e-23,4,4,TRUE,"Significant","Q1 (MeCP2 up / H2A up)"
"Ptpn3",-0.118084078934192,0.309890677,0,4,FALSE,0.317494184635855,0.000740231,4,10,TRUE,"Not significant","Q2 (MeCP2 down / H2A up)"
"Ptprb",1.02764778303156,4.49e-05,1,4,TRUE,0.74060352668496,2.12e-10,1,2,TRUE,"Significant","Q1 (MeCP2 up / H2A up)"
"Ptprd",2.15498544904336,1.17e-17,5,6,TRUE,1.0105889618973,5.1e-29,21,22,TRUE,"Significant","Q1 (MeCP2 up / H2A up)"
"Ptpre",-0.339667774905127,0.034505032,1,13,TRUE,-0.312672149227387,0.006113418,2,6,TRUE,"Significant","Q3 (MeCP2 down / H2A down)"
"Ptprf",-0.216113577385022,0.223730793,0,2,FALSE,-0.276622304717145,0.029136578,1,4,TRUE,"Not significant","Q3 (MeCP2 down / H2A down)"
"Ptprg",1.26350864351766,9.61e-13,2,19,TRUE,0.544856039753139,5.13e-17,14,30,TRUE,"Significant","Q1 (MeCP2 up / H2A up)"
"Ptprh",0.770366216847356,0.014777355,1,2,TRUE,0.964581159,1.76e-13,1,1,TRUE,"Significant","Q1 (MeCP2 up / H2A up)"
"Ptprj",0.0177817674019858,0.781356084,0,3,FALSE,0.624704808226651,6.5e-10,3,5,TRUE,"Not significant","Q1 (MeCP2 up / H2A up)"
"Ptprk",1.48758161595451,3.66e-13,16,25,TRUE,1.00640272324057,1.6e-34,34,34,TRUE,"Significant","Q1 (MeCP2 up / H2A up)"
"Ptprm",0.113071189260766,0.049535108,1,28,TRUE,0.475882577524932,7.41e-16,8,34,TRUE,"Significant","Q1 (MeCP2 up / H2A up)"
"Ptprn",-0.111253153,0.618725338,0,1,FALSE,0.426664207,0.001145914,1,1,TRUE,"Not significant","Q2 (MeCP2 down / H2A up)"
"Ptprn2",-0.390503915735543,0.001586701,3,14,TRUE,0.479090007514633,5.93e-09,8,16,TRUE,"Significant","Q2 (MeCP2 down / H2A up)"
"Ptpro",0.661361826490553,0.001900819,2,6,TRUE,0.450094295880772,2.31e-06,2,4,TRUE,"Significant","Q1 (MeCP2 up / H2A up)"
"Ptprt",0.455136171740021,0.002689227,2,22,TRUE,0.512964319354876,8.81e-10,12,18,TRUE,"Significant","Q1 (MeCP2 up / H2A up)"
"Ptprtos",0.914617068747895,7.68e-05,1,6,TRUE,0.40849825210375,0.000517077,1,3,TRUE,"Significant","Q1 (MeCP2 up / H2A up)"
"Ptpru",-0.0824017728884535,0.223402458,0,7,FALSE,-0.278725730682724,0.005596049,2,4,TRUE,"Not significant","Q3 (MeCP2 down / H2A down)"
"Pttg1ip",0.000641931,0.998589347,0,1,FALSE,0.071451509,0.679830533,0,1,FALSE,"Not significant","Q1 (MeCP2 up / H2A up)"
"Purb",-0.034157378,0.901626952,0,1,FALSE,0.218075785,0.111923599,0,1,FALSE,"Not significant","Q2 (MeCP2 down / H2A up)"
"Pvt1",0.0441277742161564,6.79e-05,3,15,TRUE,0.771317967824014,1.69e-23,11,27,TRUE,"Significant","Q1 (MeCP2 up / H2A up)"
"Pwwp2b",-0.185243677668324,0.300546913,0,2,FALSE,0.198116633430347,0.047527033,1,2,TRUE,"Not significant","Q2 (MeCP2 down / H2A up)"
"Pxdn",0.066574865,0.776074741,0,1,FALSE,-0.189086941,0.119464309,0,1,FALSE,"Not significant","Q4 (MeCP2 up / H2A down)"
"Pxn",-0.12406656104155,0.570061951,0,2,FALSE,-0.511457765454157,0.000245006,1,2,TRUE,"Not significant","Q3 (MeCP2 down / H2A down)"
"Pxylp1",-0.373012209077408,0.064954144,0,3,FALSE,0.226085778787874,0.020777468,1,3,TRUE,"Not significant","Q2 (MeCP2 down / H2A up)"
"Pygl",-0.098675773,0.65050638,0,1,FALSE,-0.204238370501812,0.023112861,1,6,TRUE,"Not significant","Q3 (MeCP2 down / H2A down)"
"Pyroxd2",0.720072010014857,0.000108977,1,7,TRUE,0.518253302670494,1.03e-07,4,5,TRUE,"Significant","Q1 (MeCP2 up / H2A up)"
"Qrfp",-0.62258174777587,0.003240846,1,4,TRUE,-0.306870398040837,0.013099854,1,2,TRUE,"Significant","Q3 (MeCP2 down / H2A down)"
"Qrich2",-0.03022667,0.915840416,0,1,FALSE,-0.391129255,0.005760688,1,1,TRUE,"Not significant","Q3 (MeCP2 down / H2A down)"
"Qsox1",-0.171997529740909,0.265117711,0,7,FALSE,0.131439800291448,0.24396268,0,3,FALSE,"Not significant","Q2 (MeCP2 down / H2A up)"
"Rab11fip2",0.793283265,0.008429566,1,1,TRUE,0.720449212,0.000109,1,1,TRUE,"Significant","Q1 (MeCP2 up / H2A up)"
"Rab11fip4",-0.77072445056327,0.006050737,1,2,TRUE,-0.495404892177085,0.002511563,2,2,TRUE,"Significant","Q3 (MeCP2 down / H2A down)"
"Rab11fip4os2",-0.140743043,0.466029758,0,1,FALSE,-0.564916232,1.67e-05,1,1,TRUE,"Not significant","Q3 (MeCP2 down / H2A down)"
"Rab11fip5",-0.051305852,0.844416713,0,1,FALSE,-0.268462302,0.007866961,1,1,TRUE,"Not significant","Q3 (MeCP2 down / H2A down)"
"Rab27b",1.00335698611095,0.000812426,2,2,TRUE,1.03580069,6.36e-13,1,1,TRUE,"Significant","Q1 (MeCP2 up / H2A up)"
"Rab31",-0.192198933306898,0.343048467,0,2,FALSE,0.367301966942052,0.001088582,1,2,TRUE,"Not significant","Q2 (MeCP2 down / H2A up)"
"Rab3c",1.35270940478295,6.57e-11,6,6,TRUE,0.839563347541189,1.22e-26,9,9,TRUE,"Significant","Q1 (MeCP2 up / H2A up)"
"Rab43",-0.214135982,0.337085761,0,1,FALSE,-0.265474412,0.11909028,0,1,FALSE,"Not significant","Q3 (MeCP2 down / H2A down)"
"Rab4a",-0.30393635,0.151479475,0,1,FALSE,0.663220044,2.38e-05,1,1,TRUE,"Not significant","Q2 (MeCP2 down / H2A up)"
"Rab5if",0.909039904,0.003469106,1,1,TRUE,0.228031106,0.172384843,0,1,FALSE,"Not significant","Q1 (MeCP2 up / H2A up)"
"Rab6b",-0.0299381445432018,0.861154799,0,4,FALSE,-0.321884639878522,5.14e-07,3,5,TRUE,"Not significant","Q3 (MeCP2 down / H2A down)"
"Rabgap1l",1.30172921,3.75e-06,1,1,TRUE,1.10156345526988,4.36e-18,2,2,TRUE,"Significant","Q1 (MeCP2 up / H2A up)"
"Rad23b",0.116884466,0.602167067,0,1,FALSE,0.319420212876657,0.001501765,1,4,TRUE,"Not significant","Q1 (MeCP2 up / H2A up)"
"Rad51b",0.0945115388820609,0.507909569,0,4,FALSE,0.20445146,0.043731832,1,1,TRUE,"Not significant","Q1 (MeCP2 up / H2A up)"
"Rad9b",-0.001813756,0.996128344,0,1,FALSE,-0.082478136,0.614790571,0,1,FALSE,"Not significant","Q3 (MeCP2 down / H2A down)"
"Radil",0.000587131,0.998737795,0,1,FALSE,-0.088885056,0.52878305,0,1,FALSE,"Not significant","Q4 (MeCP2 up / H2A down)"
"Rag1",0.081086664,0.719101803,0,1,FALSE,0.947580187,4.02e-18,1,1,TRUE,"Not significant","Q1 (MeCP2 up / H2A up)"
"Rai1",-0.277043872708157,0.180062181,0,3,FALSE,-0.291271635567638,0.000143354,2,3,TRUE,"Not significant","Q3 (MeCP2 down / H2A down)"
"Rai2",0.119804531947801,0.363021149,0,12,FALSE,0.249775056967716,0.003299098,2,12,TRUE,"Not significant","Q1 (MeCP2 up / H2A up)"
"Ralgapa1",-0.120497152,0.593744196,0,1,FALSE,0.037323507,0.796258865,0,1,FALSE,"Not significant","Q2 (MeCP2 down / H2A up)"
"Ralgapa2",0.994123763757916,8.38e-05,2,7,TRUE,0.662866975104141,1.26e-24,5,8,TRUE,"Significant","Q1 (MeCP2 up / H2A up)"
"Ralgds",-0.078241087,0.719777124,0,1,FALSE,0.403416429,0.001175371,1,1,TRUE,"Not significant","Q2 (MeCP2 down / H2A up)"
"Ralgps1",-0.149344581258657,0.349238419,0,4,FALSE,-0.508821344769322,5.81e-08,4,6,TRUE,"Not significant","Q3 (MeCP2 down / H2A down)"
"Ralgps2",0.01025487,0.976961746,0,1,FALSE,0.332363413337545,0.001882006,1,2,TRUE,"Not significant","Q1 (MeCP2 up / H2A up)"
"Ralyl",1.186985626,0.000621895,1,1,TRUE,1.41319901254401,1.64e-25,3,3,TRUE,"Significant","Q1 (MeCP2 up / H2A up)"
"Ramp1",-0.255029159500178,0.212209228,0,2,FALSE,0.072669474,0.436531062,0,1,FALSE,"Not significant","Q2 (MeCP2 down / H2A up)"
"Ranbp17",1.08605436564771,0.0002592,2,3,TRUE,0.71633079295084,6.69e-14,2,2,TRUE,"Significant","Q1 (MeCP2 up / H2A up)"
"Ranbp3",-0.112817996,0.607458834,0,1,FALSE,-0.421019444,0.008324512,1,1,TRUE,"Not significant","Q3 (MeCP2 down / H2A down)"
"Rap1gap",-0.119964234,0.58146433,0,1,FALSE,-0.214443339,0.422979822,0,1,FALSE,"Not significant","Q3 (MeCP2 down / H2A down)"
"Rap1gap2",-0.83692793414407,3.04e-05,3,7,TRUE,-0.611274000996946,1.23e-05,2,2,TRUE,"Significant","Q3 (MeCP2 down / H2A down)"
"Rap1gds1",1.0301643377157,6.12e-05,1,2,TRUE,1.044488256,1.03e-11,1,1,TRUE,"Significant","Q1 (MeCP2 up / H2A up)"
"Rap2a",-0.042428051,0.871171147,0,1,FALSE,-0.234508625,0.188008667,0,1,FALSE,"Not significant","Q3 (MeCP2 down / H2A down)"
"Rapgef1",-0.0352197218052421,0.877791401,0,2,FALSE,-0.564230398357474,0.000265492,1,2,TRUE,"Not significant","Q3 (MeCP2 down / H2A down)"
"Rapgef2",-0.708820031,0.011351963,1,1,TRUE,0.62545515237716,2.3e-08,1,3,TRUE,"Significant","Q2 (MeCP2 down / H2A up)"
"Rapgef4",-0.00264879087874429,0.686202883,0,3,FALSE,-0.320867790730892,0.001468072,1,3,TRUE,"Not significant","Q3 (MeCP2 down / H2A down)"
"Raph1",-0.012467987,0.970766353,0,1,FALSE,0.515540138090674,0.000348321,1,2,TRUE,"Not significant","Q2 (MeCP2 down / H2A up)"
"Rara",-0.045488657,0.864755679,0,1,FALSE,-0.316351734017438,0.002906246,1,2,TRUE,"Not significant","Q3 (MeCP2 down / H2A down)"
"Rarb",0.717657522264071,0.002704582,1,9,TRUE,0.366894618456108,3.41e-08,7,12,TRUE,"Significant","Q1 (MeCP2 up / H2A up)"
"Rasa3",-0.053278323,0.823926001,0,1,FALSE,-0.472942272424443,0.00044892,3,6,TRUE,"Not significant","Q3 (MeCP2 down / H2A down)"
"Rasd2",-0.08777,0.685980044,0,1,FALSE,0.035921691,0.842903221,0,1,FALSE,"Not significant","Q2 (MeCP2 down / H2A up)"
"Rasgef1a",-0.048478878,0.844416713,0,1,FALSE,0.591284024951259,1.16e-06,1,2,TRUE,"Not significant","Q2 (MeCP2 down / H2A up)"
"Rasgef1b",-0.213892309587941,1.38e-13,27,50,TRUE,-0.268250532581426,0.000430527,14,33,TRUE,"Significant","Q3 (MeCP2 down / H2A down)"
"Rasgef1c",0.0773456898622075,0.646994063,0,3,FALSE,0.421507467739355,0.000286795,1,2,TRUE,"Not significant","Q1 (MeCP2 up / H2A up)"
"Rasgrf1",-0.123513440997925,0.492087939,0,3,FALSE,0.11768010671049,0.296337937,0,2,FALSE,"Not significant","Q2 (MeCP2 down / H2A up)"
"Rassf10",0.198693488167284,0.245589426,0,5,FALSE,0.165178778875343,0.076429241,0,3,FALSE,"Not significant","Q1 (MeCP2 up / H2A up)"
"Rassf3",-0.35489810431819,0.10372175,0,4,FALSE,0.25692199162357,0.018484512,2,3,TRUE,"Not significant","Q2 (MeCP2 down / H2A up)"
"Rassf5",-0.457000390008772,0.05380485,0,3,FALSE,-0.489789735650665,0.002467617,3,4,TRUE,"Not significant","Q3 (MeCP2 down / H2A down)"
"Rassf8",-0.000975934637659355,0.533571222,0,13,FALSE,-0.0963696351810141,0.017801605,1,10,TRUE,"Not significant","Q3 (MeCP2 down / H2A down)"
"Rbfox1",0.465729473057387,0.009342339,1,15,TRUE,-0.519016905244523,1.75e-05,2,3,TRUE,"Significant","Q4 (MeCP2 up / H2A down)"
"Rbfox3",-0.0726595732534693,0.505346968,0,13,FALSE,-0.902471787001979,8.7e-16,17,19,TRUE,"Not significant","Q3 (MeCP2 down / H2A down)"
"Rbm19",-0.577370653932121,0.001438987,1,8,TRUE,-0.292692637336934,0.004445143,4,6,TRUE,"Significant","Q3 (MeCP2 down / H2A down)"
"Rbm20",0.557682681020928,0.033930152,1,2,TRUE,1.036779035,1.9e-25,1,1,TRUE,"Significant","Q1 (MeCP2 up / H2A up)"
"Rbm28",-0.03312342,0.90795018,0,1,FALSE,0.088561276,0.360508918,0,1,FALSE,"Not significant","Q2 (MeCP2 down / H2A up)"
"Rbm46",0.228306796,0.25205931,0,1,FALSE,1.06797661,1.79e-20,1,1,TRUE,"Not significant","Q1 (MeCP2 up / H2A up)"
"Rbms1",0.0751570320007126,0.725023589,0,2,FALSE,0.367522607298021,4.2e-07,3,7,TRUE,"Not significant","Q1 (MeCP2 up / H2A up)"
"Rbms3",0.199395169762284,0.003792344,1,9,TRUE,0.537578589958012,2.47e-09,4,8,TRUE,"Significant","Q1 (MeCP2 up / H2A up)"
"Rbp1",0.111485728637242,0.514484275,0,4,FALSE,0.34369358,0.029853713,1,1,TRUE,"Not significant","Q1 (MeCP2 up / H2A up)"
"Rbp3",-0.014240409,0.965694611,0,1,FALSE,0.086325989,0.546782034,0,1,FALSE,"Not significant","Q2 (MeCP2 down / H2A up)"
"Rbpj",0.189446928343718,0.368811356,0,2,FALSE,0.302066517744426,0.000718627,1,3,TRUE,"Not significant","Q1 (MeCP2 up / H2A up)"
"Rbpms",-0.0096940289717678,0.966932061,0,2,FALSE,-0.312731390549975,0.011867422,2,4,TRUE,"Not significant","Q3 (MeCP2 down / H2A down)"
"Rcan1",0.116047645585321,0.526990178,0,3,FALSE,-0.161540500962088,0.113772493,0,3,FALSE,"Not significant","Q4 (MeCP2 up / H2A down)"
"Rcan2",0.893175060070206,0.000643211,1,3,TRUE,1.230881975,4.85e-20,1,1,TRUE,"Significant","Q1 (MeCP2 up / H2A up)"
"Rcn1",-0.0259460626507436,0.635173145,0,2,FALSE,0.499684997183397,8.14e-12,3,4,TRUE,"Not significant","Q2 (MeCP2 down / H2A up)"
"Rcsd1",-0.383724077232651,0.111654585,0,2,FALSE,0.226266823923344,0.037055357,1,2,TRUE,"Not significant","Q2 (MeCP2 down / H2A up)"
"Redrum",-0.053921766,0.827356488,0,1,FALSE,0.560932820745333,1.29e-09,2,3,TRUE,"Not significant","Q2 (MeCP2 down / H2A up)"
"Rell1",0.957402523938602,3.79e-06,5,5,TRUE,0.790240776480489,4.64e-12,4,4,TRUE,"Significant","Q1 (MeCP2 up / H2A up)"
"Reln",0.031757312,0.911264601,0,1,FALSE,0.883211921694555,1.5e-16,2,5,TRUE,"Not significant","Q1 (MeCP2 up / H2A up)"
"Rep15",0.91194757,0.000339152,1,1,TRUE,0.540334969,7.76e-05,1,1,TRUE,"Significant","Q1 (MeCP2 up / H2A up)"
"Rerg",1.32707936811602,1.98e-07,2,2,TRUE,0.996881546830718,1.18e-13,2,2,TRUE,"Significant","Q1 (MeCP2 up / H2A up)"
"Ret",-0.071039994,0.750898515,0,1,FALSE,-0.221522997106963,0.150148255,0,2,FALSE,"Not significant","Q3 (MeCP2 down / H2A down)"
"Rfc1",-0.950028065,0.002476741,1,1,TRUE,-0.145958491,0.281179121,0,1,FALSE,"Not significant","Q3 (MeCP2 down / H2A down)"
"Rftn1",1.15492662842136,2.6e-10,3,21,TRUE,0.289195945409061,1.13e-05,4,14,TRUE,"Significant","Q1 (MeCP2 up / H2A up)"
"Rfx3",0.126151071255821,0.546662224,0,2,FALSE,0.567656537216463,3.28e-05,2,3,TRUE,"Not significant","Q1 (MeCP2 up / H2A up)"
"Rfx4",-0.165343976621366,0.347132374,0,3,FALSE,0.375345160144368,0.000472409,1,2,TRUE,"Not significant","Q2 (MeCP2 down / H2A up)"
"Rgcc",0.010001496,0.977461327,0,1,FALSE,0.32016025395599,0.007278441,2,2,TRUE,"Not significant","Q1 (MeCP2 up / H2A up)"
"Rgl1",-0.218164030372921,0.149131054,0,9,FALSE,-0.548542268576898,3.38e-06,6,10,TRUE,"Not significant","Q3 (MeCP2 down / H2A down)"
"Rgma",-0.119963674004099,0.368155681,0,9,FALSE,-0.100604960990079,0.100784762,0,4,FALSE,"Not significant","Q3 (MeCP2 down / H2A down)"
"Rgs16",-0.489350414,0.06389331,0,1,FALSE,-0.590913237,5.24e-05,1,1,TRUE,"Not significant","Q3 (MeCP2 down / H2A down)"
"Rgs3",1.17834094815365,1.59e-07,7,14,TRUE,0.474968491805516,1.42e-11,3,9,TRUE,"Significant","Q1 (MeCP2 up / H2A up)"
"Rgs6",0.475729692716851,5.09e-05,4,12,TRUE,0.545004728447083,1.25e-15,9,12,TRUE,"Significant","Q1 (MeCP2 up / H2A up)"
"Rgs7",-0.72712231440132,3.09e-05,4,7,TRUE,0.550356884766155,8.92e-13,3,6,TRUE,"Significant","Q2 (MeCP2 down / H2A up)"
"Rgs7bp",0.649555257242313,0.002944931,1,5,TRUE,0.559102304415911,3.03e-09,4,7,TRUE,"Significant","Q1 (MeCP2 up / H2A up)"
"Rgs8",-0.106277996322491,0.531636997,0,2,FALSE,-0.614686421693362,5.73e-06,2,3,TRUE,"Not significant","Q3 (MeCP2 down / H2A down)"
"Rhbdf2",0.0231956281720246,0.581526277,0,4,FALSE,-0.578949421565702,2.66e-05,1,3,TRUE,"Not significant","Q4 (MeCP2 up / H2A down)"
"Rhbdl3",-0.237308003651478,0.24552948,0,2,FALSE,0.002803399,0.985713528,0,1,FALSE,"Not significant","Q2 (MeCP2 down / H2A up)"
"Rhcg",-0.123000068,0.554046608,0,1,FALSE,-0.247826907743648,0.044708646,1,3,TRUE,"Not significant","Q3 (MeCP2 down / H2A down)"
"Rhob",-0.012922491,0.969247659,0,1,FALSE,0.233538913981516,0.018142245,1,2,TRUE,"Not significant","Q2 (MeCP2 down / H2A up)"
"Rhobtb1",-0.034653453,0.900089009,0,1,FALSE,0.522352868,0.000101452,1,1,TRUE,"Not significant","Q2 (MeCP2 down / H2A up)"
"Rhoj",0.448621947893472,0.022364449,1,8,TRUE,0.240696235381291,0.005289389,2,5,TRUE,"Significant","Q1 (MeCP2 up / H2A up)"
"Ribc2",-0.093084398,0.660971683,0,1,FALSE,-0.202503851,0.2031792,0,1,FALSE,"Not significant","Q3 (MeCP2 down / H2A down)"
"Rimbp2",-0.035989212,0.895403033,0,1,FALSE,-0.589077718959921,1.01e-06,4,5,TRUE,"Not significant","Q3 (MeCP2 down / H2A down)"
"Rims1",-0.118063073,0.574297897,0,1,FALSE,0.246400943,0.146574596,0,1,FALSE,"Not significant","Q2 (MeCP2 down / H2A up)"
"Rims2",-0.06821649,0.801911346,0,1,FALSE,0.767340378,1.58e-05,1,1,TRUE,"Not significant","Q2 (MeCP2 down / H2A up)"
"Rims3",0.000871871018203134,0.838403864,0,2,FALSE,0.512431706309679,2.97e-07,2,2,TRUE,"Not significant","Q1 (MeCP2 up / H2A up)"
"Rin3",-0.0918375080494468,0.571507264,0,11,FALSE,-0.0799876401162428,0.04045732,1,14,TRUE,"Not significant","Q3 (MeCP2 down / H2A down)"
"Ripk4",-0.018966594,0.951757655,0,1,FALSE,0.348742924,0.008973875,1,1,TRUE,"Not significant","Q2 (MeCP2 down / H2A up)"
"Ripply2",1.220539848,4.03e-06,1,1,TRUE,1.246751709,1.99e-17,1,1,TRUE,"Significant","Q1 (MeCP2 up / H2A up)"
"Rit2",1.87901357827183,8.78e-14,3,16,TRUE,1.99471100855314,8.77e-40,8,10,TRUE,"Significant","Q1 (MeCP2 up / H2A up)"
"Rmi2",0.596418218870247,0.010833587,1,2,TRUE,0.413039679936272,1.56e-05,2,5,TRUE,"Significant","Q1 (MeCP2 up / H2A up)"
"Rnaseh2b",1.22664826028754,0.000206547,1,2,TRUE,0.766387424284099,1.66e-09,4,4,TRUE,"Significant","Q1 (MeCP2 up / H2A up)"
"Rnaset2a",0.820743999,0.002394598,1,1,TRUE,-0.052505343,0.838531979,0,1,FALSE,"Not significant","Q4 (MeCP2 up / H2A down)"
"Rnd3",0.2656112,0.241949706,0,1,FALSE,0.735893926,1.54e-12,1,1,TRUE,"Not significant","Q1 (MeCP2 up / H2A up)"
"Rnf122",-0.281464645,0.191208361,0,1,FALSE,1.46925364552763,1.54e-26,2,2,TRUE,"Not significant","Q2 (MeCP2 down / H2A up)"
"Rnf141",0.04017468,0.879732479,0,1,FALSE,-0.32486507,0.011256674,1,1,TRUE,"Not significant","Q4 (MeCP2 up / H2A down)"
"Rnf144a",0.175913528961929,0.17928621,0,2,FALSE,0.390753351025171,0.001219917,2,4,TRUE,"Not significant","Q1 (MeCP2 up / H2A up)"
"Rnf144b",-0.039745885,0.881890683,0,1,FALSE,0.358298440288922,5.43e-05,2,3,TRUE,"Not significant","Q2 (MeCP2 down / H2A up)"
"Rnf157",-0.668391486543082,0.006993486,2,3,TRUE,-0.760541384,9.7e-09,1,1,TRUE,"Significant","Q3 (MeCP2 down / H2A down)"
"Rnf183",-0.096470263,0.664121362,0,1,FALSE,0.109845172,0.445449097,0,1,FALSE,"Not significant","Q2 (MeCP2 down / H2A up)"
"Rnf19a",1.48196128036035,9.19e-06,1,2,TRUE,0.50586613095305,1.89e-06,1,2,TRUE,"Significant","Q1 (MeCP2 up / H2A up)"
"Rnf213",-0.0510342188277485,0.800148854,0,2,FALSE,-0.856609511,8.54e-09,1,1,TRUE,"Not significant","Q3 (MeCP2 down / H2A down)"
"Rnf220",0.209661831791403,0.093482742,0,5,FALSE,-0.511743058,0.000190864,1,1,TRUE,"Not significant","Q4 (MeCP2 up / H2A down)"
"Rnf7",0.013060797,0.969437545,0,1,FALSE,-0.267757553,0.016434977,1,1,TRUE,"Not significant","Q4 (MeCP2 up / H2A down)"
"Rnft2",-0.086949426,0.698807348,0,1,FALSE,-0.107651424,0.482922205,0,1,FALSE,"Not significant","Q3 (MeCP2 down / H2A down)"
"Robo1",0.131460834539076,0.010132924,2,11,TRUE,0.64823013629924,4.11e-17,14,17,TRUE,"Significant","Q1 (MeCP2 up / H2A up)"
"Robo2",0.716117622991757,0.010381969,3,4,TRUE,0.298120889938803,0.011018541,1,2,TRUE,"Significant","Q1 (MeCP2 up / H2A up)"
"Ror1",1.35315159310944,1.33e-09,2,7,TRUE,0.623239525633316,1.19e-19,8,10,TRUE,"Significant","Q1 (MeCP2 up / H2A up)"
"Rora",-0.00371131106572725,0.002904362,3,7,TRUE,-0.168636012442921,0.000266247,2,4,TRUE,"Significant","Q3 (MeCP2 down / H2A down)"
"Rp1l1",-0.153551312,0.477058995,0,1,FALSE,-0.147421228,0.178179355,0,1,FALSE,"Not significant","Q3 (MeCP2 down / H2A down)"
"Rph3al",1.49319374330173,1.66e-10,3,9,TRUE,0.460189912937807,2.08e-09,2,7,TRUE,"Significant","Q1 (MeCP2 up / H2A up)"
"Rpia",1.153070765,1.78e-05,1,1,TRUE,0.443055364,2.27e-05,1,1,TRUE,"Significant","Q1 (MeCP2 up / H2A up)"
"Rpp40",-0.755123368922557,0.005637325,1,4,TRUE,0.272464000073922,0.00177727,2,4,TRUE,"Significant","Q2 (MeCP2 down / H2A up)"
"Rprd1b",-0.002376836,0.995304288,0,1,FALSE,0.086541507,0.392577257,0,1,FALSE,"Not significant","Q2 (MeCP2 down / H2A up)"
"Rps18-ps4",-0.172495725489014,0.202962381,0,6,FALSE,-0.0328554969193743,0.260083469,0,3,FALSE,"Not significant","Q3 (MeCP2 down / H2A down)"
"Rps24",1.92241869537174,1.1e-17,5,13,TRUE,0.678586606332397,2.5e-12,6,12,TRUE,"Significant","Q1 (MeCP2 up / H2A up)"
"Rps6ka2",-0.139877396653377,0.332987222,0,7,FALSE,-0.420211507817303,0.001615969,2,4,TRUE,"Not significant","Q3 (MeCP2 down / H2A down)"
"Rps6kc1",-0.119689720451427,0.420601151,0,8,FALSE,0.33202995027246,0.01784794,1,4,TRUE,"Not significant","Q2 (MeCP2 down / H2A up)"
"Rptor",-0.0503631687121484,0.799576058,0,5,FALSE,0.135332936317692,0.004919202,3,5,TRUE,"Not significant","Q2 (MeCP2 down / H2A up)"
"Rras2",0.464762036673619,0.015959714,1,3,TRUE,0.617675676093961,8.74e-06,2,2,TRUE,"Significant","Q1 (MeCP2 up / H2A up)"
"Rrbp1",0.076458013,0.724511863,0,1,FALSE,0.51887906025907,1.14e-08,1,2,TRUE,"Not significant","Q1 (MeCP2 up / H2A up)"
"Rsl24d1",3.25831397921837,3.9e-22,2,2,TRUE,0.764799557,2.01e-07,1,1,TRUE,"Significant","Q1 (MeCP2 up / H2A up)"
"Rsph14",-0.0774766853169602,0.699901792,0,2,FALSE,-0.230453195356551,0.001810535,1,2,TRUE,"Not significant","Q3 (MeCP2 down / H2A down)"
"Rsu1",-0.0508874968807918,0.811852365,0,2,FALSE,0.581274314348423,5.24e-07,1,2,TRUE,"Not significant","Q2 (MeCP2 down / H2A up)"
"Rtn1",0.0457255065362647,0.740929025,0,2,FALSE,0.533303287708243,1.91e-08,4,5,TRUE,"Not significant","Q1 (MeCP2 up / H2A up)"
"Rtn4ip1",-0.0907476050232941,0.621533008,0,2,FALSE,0.003783533,0.982123704,0,1,FALSE,"Not significant","Q2 (MeCP2 down / H2A up)"
"Rtn4r",-0.095098822,0.667629062,0,1,FALSE,-0.122689409,0.268346028,0,1,FALSE,"Not significant","Q3 (MeCP2 down / H2A down)"
"Rtn4rl1",-0.132328514,0.534604612,0,1,FALSE,-0.262962898169554,0.066068345,0,2,FALSE,"Not significant","Q3 (MeCP2 down / H2A down)"
"Rtn4rl2",-0.190571998,0.410037992,0,1,FALSE,0.126015414209811,0.290251291,0,2,FALSE,"Not significant","Q2 (MeCP2 down / H2A up)"
"Runx1",-0.566866352903335,0.002298393,1,9,TRUE,-0.433549872368962,1.64e-09,5,16,TRUE,"Significant","Q3 (MeCP2 down / H2A down)"
"Runx1t1",2.01763749193273,8.04e-18,11,12,TRUE,1.00545202352515,4.68e-41,13,16,TRUE,"Significant","Q1 (MeCP2 up / H2A up)"
"Runx2",1.49440054532414,3.78e-09,3,6,TRUE,0.309114603491422,0.007905262,2,5,TRUE,"Significant","Q1 (MeCP2 up / H2A up)"
"Runx3",-0.042616982,0.870799409,0,1,FALSE,-0.58215482494781,8.2e-11,3,5,TRUE,"Not significant","Q3 (MeCP2 down / H2A down)"
"Rxra",-0.483721972931902,0.016037591,1,9,TRUE,-0.45841001272809,2.35e-08,6,6,TRUE,"Significant","Q3 (MeCP2 down / H2A down)"
"Rybp",-0.037104427,0.893672809,0,1,FALSE,-0.145777154653965,0.062863895,0,3,FALSE,"Not significant","Q3 (MeCP2 down / H2A down)"
"Ryr2",-0.17073306,0.436243584,0,1,FALSE,0.111972601,0.444465338,0,1,FALSE,"Not significant","Q2 (MeCP2 down / H2A up)"
"Ryr3",0.138865728293853,0.399611825,0,5,FALSE,1.38309169677844,9.49e-50,6,7,TRUE,"Not significant","Q1 (MeCP2 up / H2A up)"
"S1pr3",-0.050071181,0.845166923,0,1,FALSE,0.129432425,0.400641488,0,1,FALSE,"Not significant","Q2 (MeCP2 down / H2A up)"
"S1pr5",0.012964954,0.968997677,0,1,FALSE,-0.173895667,0.211961958,0,1,FALSE,"Not significant","Q4 (MeCP2 up / H2A down)"
"Samd12",2.32938850781019,5.92e-24,3,4,TRUE,1.5230013952105,6.79e-75,4,4,TRUE,"Significant","Q1 (MeCP2 up / H2A up)"
"Samd4",0.344160477941146,0.140140391,0,4,FALSE,0.402359646487569,1.78e-06,2,3,TRUE,"Not significant","Q1 (MeCP2 up / H2A up)"
"Samm50",-0.292043272077717,0.202586091,0,2,FALSE,-0.363892547,0.00409245,1,1,TRUE,"Not significant","Q3 (MeCP2 down / H2A down)"
"Sardh",-0.0918842033432462,0.602255686,0,4,FALSE,-0.338641716240539,0.005860223,1,3,TRUE,"Not significant","Q3 (MeCP2 down / H2A down)"
"Sash1",0.667786171000092,0.004703548,1,6,TRUE,0.535247238022645,7.06e-07,3,3,TRUE,"Significant","Q1 (MeCP2 up / H2A up)"
"Satb2",-0.191612985741275,0.359850408,0,3,FALSE,0.72587864786212,2.42e-08,1,2,TRUE,"Not significant","Q2 (MeCP2 down / H2A up)"
"Saxo1",-0.128743468948153,0.391442651,0,5,FALSE,0.123967002669543,0.000130876,2,3,TRUE,"Not significant","Q2 (MeCP2 down / H2A up)"
"Scarb1",-0.064635130433945,0.538936929,0,6,FALSE,-0.136119069704367,0.216482567,0,4,FALSE,"Not significant","Q3 (MeCP2 down / H2A down)"
"Scarf2",-0.053445531995493,0.796991405,0,2,FALSE,-0.027933555,0.829975035,0,1,FALSE,"Not significant","Q3 (MeCP2 down / H2A down)"
"Scd1",-0.038702707,0.886141197,0,1,FALSE,0.807830637,8.46e-15,1,1,TRUE,"Not significant","Q2 (MeCP2 down / H2A up)"
"Scel",0.504949652025953,0.012101498,1,5,TRUE,0.937506031999073,3.65e-40,8,8,TRUE,"Significant","Q1 (MeCP2 up / H2A up)"
"Scfd2",1.9101410645556,3.77e-24,11,18,TRUE,1.17199279657299,1.02e-38,12,18,TRUE,"Significant","Q1 (MeCP2 up / H2A up)"
"Scg5",-0.150236816,0.450651598,0,1,FALSE,0.70686410567649,3.54e-07,2,2,TRUE,"Not significant","Q2 (MeCP2 down / H2A up)"
"Scgb3a1",-0.141043766,0.480401106,0,1,FALSE,-0.141791464,0.514011558,0,1,FALSE,"Not significant","Q3 (MeCP2 down / H2A down)"
"Schip1",1.39519598525462,5.48e-10,6,15,TRUE,0.659214296058079,1.45e-12,17,21,TRUE,"Significant","Q1 (MeCP2 up / H2A up)"
"Scml4",-0.141273063320755,0.378453588,0,3,FALSE,0.0361531331100122,0.169450705,0,6,FALSE,"Not significant","Q2 (MeCP2 down / H2A up)"
"Scn10a",-0.443269820114804,0.043525906,1,3,TRUE,-0.310615122712906,0.028613093,1,2,TRUE,"Significant","Q3 (MeCP2 down / H2A down)"
"Scn4b",-0.902671866,0.004232061,1,1,TRUE,-0.424160359,0.012753214,1,1,TRUE,"Significant","Q3 (MeCP2 down / H2A down)"
"Scn5a",-0.329226914930142,0.025202641,1,11,TRUE,-0.388405734607309,7.8e-05,4,12,TRUE,"Significant","Q3 (MeCP2 down / H2A down)"
"Scnn1b",-0.00439127198525757,0.902352663,0,4,FALSE,0.223820959275693,0.073749285,0,2,FALSE,"Not significant","Q2 (MeCP2 down / H2A up)"
"Sctr",0.152480876600871,0.411690745,0,3,FALSE,0.400685452,0.002050816,1,1,TRUE,"Not significant","Q1 (MeCP2 up / H2A up)"
"Scube1",-0.0419457282138225,0.57349316,0,7,FALSE,-0.182410279406009,0.009882273,1,5,TRUE,"Not significant","Q3 (MeCP2 down / H2A down)"
"Scube2",-0.069727307,0.753861681,0,1,FALSE,0.904776097136448,4.73e-15,2,3,TRUE,"Not significant","Q2 (MeCP2 down / H2A up)"
"Scube3",-0.152427730079322,0.397353141,0,3,FALSE,-0.277340467,0.060709451,0,1,FALSE,"Not significant","Q3 (MeCP2 down / H2A down)"
"Sdc1",0.336337926544744,0.060787772,0,3,FALSE,0.280869693481647,0.000821786,2,3,TRUE,"Not significant","Q1 (MeCP2 up / H2A up)"
"Sdc2",0.12306572,0.579469902,0,1,FALSE,0.506014876178618,9.54e-05,2,2,TRUE,"Not significant","Q1 (MeCP2 up / H2A up)"
"Sdc3",-0.653816773359728,0.009797986,1,3,TRUE,-0.940012363912958,6.66e-12,2,3,TRUE,"Significant","Q3 (MeCP2 down / H2A down)"
"Sdcbp2",-1.26104939488137,2.06e-05,1,3,TRUE,-0.258626766,0.006694454,1,1,TRUE,"Significant","Q3 (MeCP2 down / H2A down)"
"Sdccag8",1.72910221407242,5.96e-11,3,5,TRUE,1.0952465998012,2.98e-37,3,5,TRUE,"Significant","Q1 (MeCP2 up / H2A up)"
"Sdk1",-0.0864426276821342,0.004122668,4,41,TRUE,-0.385971722995721,4.59e-05,6,11,TRUE,"Significant","Q3 (MeCP2 down / H2A down)"
"Sdk2",-0.321304140073626,0.021199051,1,19,TRUE,-0.555138125398062,9.44e-13,21,28,TRUE,"Significant","Q3 (MeCP2 down / H2A down)"
"Sdr42e1",-0.131853237180711,0.503101876,0,2,FALSE,0.091912088,0.48246265,0,1,FALSE,"Not significant","Q2 (MeCP2 down / H2A up)"
"Sec16b",-0.676668500148576,0.001516281,1,7,TRUE,-0.233292348650897,0.00021117,1,5,TRUE,"Significant","Q3 (MeCP2 down / H2A down)"
"Sec24d",0.071537236,0.76654837,0,1,FALSE,0.227979680701383,0.000958885,1,2,TRUE,"Not significant","Q1 (MeCP2 up / H2A up)"
"Sec31a",0.034317412,0.899480081,0,1,FALSE,0.330059380152294,0.008307409,2,3,TRUE,"Not significant","Q1 (MeCP2 up / H2A up)"
"Sec61a1",1.0385925463133,0.000146467,1,2,TRUE,0.17803353802319,0.122172258,0,2,FALSE,"Not significant","Q1 (MeCP2 up / H2A up)"
"Sec61b",1.277053343,1.45e-08,1,1,TRUE,0.699974210313107,2.62e-18,2,2,TRUE,"Significant","Q1 (MeCP2 up / H2A up)"
"Sel1l3",-0.138120370661458,0.461353058,0,2,FALSE,0.0230859889205965,0.009654261,2,5,TRUE,"Not significant","Q2 (MeCP2 down / H2A up)"
"Sema3a",2.18544993016078,5.75e-18,4,6,TRUE,1.3113129306221,9.46e-44,9,9,TRUE,"Significant","Q1 (MeCP2 up / H2A up)"
"Sema3d",0.279217980561511,0.155478996,0,3,FALSE,0.791543948770885,9.6e-07,2,2,TRUE,"Not significant","Q1 (MeCP2 up / H2A up)"
"Sema3f",-0.245026383585791,0.287336772,0,2,FALSE,-0.33114298,0.001513027,1,1,TRUE,"Not significant","Q3 (MeCP2 down / H2A down)"
"Sema3g",-0.060295391,0.796654534,0,1,FALSE,-0.099222478,0.428617938,0,1,FALSE,"Not significant","Q3 (MeCP2 down / H2A down)"
"Sema4c",0.025048008,0.932066221,0,1,FALSE,0.107983638,0.375307341,0,1,FALSE,"Not significant","Q1 (MeCP2 up / H2A up)"
"Sema4d",-0.062422227,0.786435602,0,1,FALSE,-0.486735765454194,0.000330654,1,2,TRUE,"Not significant","Q3 (MeCP2 down / H2A down)"
"Sema5a",0.9105076152909,6.14e-05,3,17,TRUE,0.359843218916136,4.8e-08,13,33,TRUE,"Significant","Q1 (MeCP2 up / H2A up)"
"Sema5b",-0.871840923227847,1.23e-05,3,21,TRUE,-0.0517014064768741,0.00374455,4,23,TRUE,"Significant","Q3 (MeCP2 down / H2A down)"
"Sema6a",0.149206209779795,0.349280862,0,6,FALSE,0.209978021952382,0.000497862,2,10,TRUE,"Not significant","Q1 (MeCP2 up / H2A up)"
"Sema6d",1.74662158325594,4.24e-12,5,9,TRUE,0.90237245943075,1.16e-23,15,17,TRUE,"Significant","Q1 (MeCP2 up / H2A up)"
"Sema7a",-0.065091943,0.778391968,0,1,FALSE,-0.630522553034791,2.27e-06,2,2,TRUE,"Not significant","Q3 (MeCP2 down / H2A down)"
"Septin10",-0.100585504,0.638469494,0,1,FALSE,-0.097429352,0.455210887,0,1,FALSE,"Not significant","Q3 (MeCP2 down / H2A down)"
"Septin9",-0.0939425909011291,0.415815654,0,11,FALSE,-0.525308790811149,4.3e-05,2,6,TRUE,"Not significant","Q3 (MeCP2 down / H2A down)"
"Serbp1",0.054850147959177,0.780576092,0,3,FALSE,0.662006360445031,7.32e-09,3,3,TRUE,"Not significant","Q1 (MeCP2 up / H2A up)"
"Sergef",0.0600637681682598,0.769059109,0,3,FALSE,0.303275296389681,0.009860683,1,2,TRUE,"Not significant","Q1 (MeCP2 up / H2A up)"
"Serinc5",0.0190451699406303,0.803930302,0,2,FALSE,0.332602204509222,0.004202499,1,3,TRUE,"Not significant","Q1 (MeCP2 up / H2A up)"
"Serpina3n",-0.37945111,0.107520367,0,1,FALSE,-0.005077684,0.971167267,0,1,FALSE,"Not significant","Q3 (MeCP2 down / H2A down)"
"Serpinb8",2.286213372,5.06e-10,1,1,TRUE,1.56992025130075,1.92e-26,2,2,TRUE,"Significant","Q1 (MeCP2 up / H2A up)"
"Serpine2",-0.023642261,0.936764481,0,1,FALSE,-0.179519067,0.29959162,0,1,FALSE,"Not significant","Q3 (MeCP2 down / H2A down)"
"Serpinf2",-0.019998192,0.949388737,0,1,FALSE,-0.14151684,0.306702985,0,1,FALSE,"Not significant","Q3 (MeCP2 down / H2A down)"
"Serpini1",-0.265778267666564,0.201290565,0,2,FALSE,0.233558235,0.041405345,1,1,TRUE,"Not significant","Q2 (MeCP2 down / H2A up)"
"Sesn1",1.00731838778552,8.76e-06,2,2,TRUE,0.957460452,3.23e-27,1,1,TRUE,"Significant","Q1 (MeCP2 up / H2A up)"
"Sesn3",-0.088204389,0.683534679,0,1,FALSE,-0.0823760022898812,0.292759932,0,3,FALSE,"Not significant","Q3 (MeCP2 down / H2A down)"
"Setbp1",-0.08705305,0.703454487,0,1,FALSE,0.728789209460483,2.31e-23,5,8,TRUE,"Not significant","Q2 (MeCP2 down / H2A up)"
"Sez6",-0.671588495606082,0.009068333,2,4,TRUE,-0.66585138387399,2.67e-11,5,6,TRUE,"Significant","Q3 (MeCP2 down / H2A down)"
"Sez6l",-0.0829035380906882,0.377909563,0,5,FALSE,-0.63638310084469,2.69e-07,3,4,TRUE,"Not significant","Q3 (MeCP2 down / H2A down)"
"Sf3b5",-0.005071852,0.990006853,0,1,FALSE,0.934161078,2.1e-08,1,1,TRUE,"Not significant","Q2 (MeCP2 down / H2A up)"
"Sfswap",-0.0431489719426292,0.644315363,0,2,FALSE,0.237226569,0.027222112,1,1,TRUE,"Not significant","Q2 (MeCP2 down / H2A up)"
"Sfxn5",-0.107759782015241,0.561901759,0,3,FALSE,-0.363734825972098,0.003227552,2,3,TRUE,"Not significant","Q3 (MeCP2 down / H2A down)"
"Sgcd",0.615261022182974,0.012658833,2,3,TRUE,0.434060275716864,0.001126959,3,3,TRUE,"Significant","Q1 (MeCP2 up / H2A up)"
"Sgcg",-0.178960880256769,0.334426458,0,3,FALSE,0.343853241722244,0.000240035,2,2,TRUE,"Not significant","Q2 (MeCP2 down / H2A up)"
"Sgk1",0.0121942873589867,0.88514085,0,2,FALSE,0.388133029254225,0.002971161,2,3,TRUE,"Not significant","Q1 (MeCP2 up / H2A up)"
"Sgk2",-0.016042568,0.960771532,0,1,FALSE,-0.100742961,0.435094775,0,1,FALSE,"Not significant","Q3 (MeCP2 down / H2A down)"
"Sgms1",0.191206770847314,0.359939105,0,2,FALSE,0.569793572424169,7.04e-07,2,4,TRUE,"Not significant","Q1 (MeCP2 up / H2A up)"
"Sgsm2",0.085487458,0.689336686,0,1,FALSE,0.321010232,0.007343878,1,1,TRUE,"Not significant","Q1 (MeCP2 up / H2A up)"
"Sh2b3",-0.118199036,0.59782779,0,1,FALSE,-0.519432297,0.000736381,1,1,TRUE,"Not significant","Q3 (MeCP2 down / H2A down)"
"Sh2d4b",-0.0353252475508332,0.895896515,0,2,FALSE,-0.656745193,1.39e-05,1,1,TRUE,"Not significant","Q3 (MeCP2 down / H2A down)"
"Sh3bp4",-0.266439276490341,0.218897157,0,5,FALSE,-0.2807774811846,0.004899281,2,5,TRUE,"Not significant","Q3 (MeCP2 down / H2A down)"
"Sh3bp5",-0.160668108,0.46343378,0,1,FALSE,-0.341233475118248,0.032251271,1,2,TRUE,"Not significant","Q3 (MeCP2 down / H2A down)"
"Sh3gl3",-0.0255639543879461,0.048548085,1,6,TRUE,-0.14287510142866,0.364459629,0,4,FALSE,"Not significant","Q3 (MeCP2 down / H2A down)"
"Sh3kbp1",-0.0375871069088983,0.761592244,0,6,FALSE,-0.461775116959534,0.000379475,3,8,TRUE,"Not significant","Q3 (MeCP2 down / H2A down)"
"Sh3pxd2a",-0.379348341583525,0.017200594,2,20,TRUE,-0.280155351580989,0.00098291,4,13,TRUE,"Significant","Q3 (MeCP2 down / H2A down)"
"Sh3pxd2b",-0.122593488017176,0.473880089,0,3,FALSE,-0.474985244641992,0.0003358,1,3,TRUE,"Not significant","Q3 (MeCP2 down / H2A down)"
"Sh3rf1",-0.300092025045092,0.130131421,0,3,FALSE,0.459886145,0.062700176,0,1,FALSE,"Not significant","Q2 (MeCP2 down / H2A up)"
"Sh3rf3",-0.101566128245996,0.624720732,0,2,FALSE,0.265568247837894,0.001675578,2,4,TRUE,"Not significant","Q2 (MeCP2 down / H2A up)"
"Sh3tc1",-0.028105991,0.922922407,0,1,FALSE,-0.343972148087056,0.006961045,1,4,TRUE,"Not significant","Q3 (MeCP2 down / H2A down)"
"Sh3tc2",-0.049895878,0.841417029,0,1,FALSE,-0.287591731,0.109303116,0,1,FALSE,"Not significant","Q3 (MeCP2 down / H2A down)"
"Shank2",-0.708607640182801,0.000175918,6,25,TRUE,-0.322656850028756,0.002051826,9,14,TRUE,"Significant","Q3 (MeCP2 down / H2A down)"
"Shb",0.74633731264344,0.001041808,3,13,TRUE,0.132336156283303,0.013277864,3,10,TRUE,"Significant","Q1 (MeCP2 up / H2A up)"
"Shf",-0.030612335,0.914488319,0,1,FALSE,-0.363592495929013,0.000352472,1,2,TRUE,"Not significant","Q3 (MeCP2 down / H2A down)"
"Shh",-0.0426018080928403,0.000971942,2,10,TRUE,0.550739358377987,8.56e-08,9,13,TRUE,"Significant","Q2 (MeCP2 down / H2A up)"
"Shisa2",-0.0957602640503541,0.598750604,0,2,FALSE,0.688596457052604,1.93e-11,2,4,TRUE,"Not significant","Q2 (MeCP2 down / H2A up)"
"Shisa9",0.0160844586274061,0.886344099,0,2,FALSE,0.784432255054197,9.35e-09,2,2,TRUE,"Not significant","Q1 (MeCP2 up / H2A up)"
"Shisal1",-0.821402992611633,0.00066035,1,3,TRUE,-0.549094565575583,8.38e-07,7,9,TRUE,"Significant","Q3 (MeCP2 down / H2A down)"
"Shq1",-0.00580201,0.989294688,0,1,FALSE,0.805005347306107,6.59e-20,2,2,TRUE,"Not significant","Q2 (MeCP2 down / H2A up)"
"Shroom3",-0.116703293466456,0.487280377,0,4,FALSE,0.505840400746156,1.02e-07,1,5,TRUE,"Not significant","Q2 (MeCP2 down / H2A up)"
"Siah3",-0.015559713,0.962253987,0,1,FALSE,-0.522221943674604,0.000142992,1,3,TRUE,"Not significant","Q3 (MeCP2 down / H2A down)"
"Sidt1",0.549555048150417,0.028974552,1,3,TRUE,1.375690165,1.02e-31,1,1,TRUE,"Significant","Q1 (MeCP2 up / H2A up)"
"Sik1",0.182687796777934,0.183773374,0,3,FALSE,-0.525842770885538,2.51e-08,2,2,TRUE,"Not significant","Q4 (MeCP2 up / H2A down)"
"Sik3",-0.028998046,0.919683392,0,1,FALSE,-0.393926258,0.043748055,1,1,TRUE,"Not significant","Q3 (MeCP2 down / H2A down)"
"Sil1",1.28862196837832,3.66e-06,2,2,TRUE,0.888689954587458,5.02e-22,4,6,TRUE,"Significant","Q1 (MeCP2 up / H2A up)"
"Sim2",-0.0600266942007865,0.754283895,0,4,FALSE,-0.572692766942166,7.64e-07,4,5,TRUE,"Not significant","Q3 (MeCP2 down / H2A down)"
"Sipa1l1",-0.253044698084105,0.002855959,1,11,TRUE,0.193040957269065,0.000184898,3,8,TRUE,"Significant","Q2 (MeCP2 down / H2A up)"
"Sipa1l2",-0.00718250088800057,0.040919707,1,15,TRUE,-0.233254331866673,0.008741207,4,13,TRUE,"Significant","Q3 (MeCP2 down / H2A down)"
"Sipa1l3",-0.0484487989855272,0.766244348,0,5,FALSE,0.200382126,0.087090435,0,1,FALSE,"Not significant","Q2 (MeCP2 down / H2A up)"
"Sirpa",-0.138372298436287,0.487045969,0,2,FALSE,-0.499841115919271,0.001431405,1,2,TRUE,"Not significant","Q3 (MeCP2 down / H2A down)"
"Six2",-0.002492766,0.995092087,0,1,FALSE,-0.345730812181133,0.000987539,2,2,TRUE,"Not significant","Q3 (MeCP2 down / H2A down)"
"Skap1",-0.127832768326316,0.465695751,0,4,FALSE,-0.7396530248801,2.98e-09,2,3,TRUE,"Not significant","Q3 (MeCP2 down / H2A down)"
"Skap2",0.089874097,0.697091797,0,1,FALSE,0.988765044426134,1.95e-24,2,4,TRUE,"Not significant","Q1 (MeCP2 up / H2A up)"
"Skor1",0.018644215,0.952365079,0,1,FALSE,-0.495240001,3.25e-08,1,1,TRUE,"Not significant","Q4 (MeCP2 up / H2A down)"
"Skor2",-0.037897992,0.892049516,0,1,FALSE,-0.338347617,0.003458988,1,1,TRUE,"Not significant","Q3 (MeCP2 down / H2A down)"
"Sla",0.072056122,0.758456523,0,1,FALSE,0.265897797289569,0.052574458,0,2,FALSE,"Not significant","Q1 (MeCP2 up / H2A up)"
"Slain1",-0.22326341,0.313824908,0,1,FALSE,0.318960556,0.011210386,1,1,TRUE,"Not significant","Q2 (MeCP2 down / H2A up)"
"Slc10a6",0.0761875872028467,0.637522271,0,2,FALSE,0.291355674,0.010239726,1,1,TRUE,"Not significant","Q1 (MeCP2 up / H2A up)"
"Slc10a7",-0.0968714546063325,0.58527439,0,2,FALSE,-0.237450236373527,0.042233536,1,3,TRUE,"Not significant","Q3 (MeCP2 down / H2A down)"
"Slc12a1",0.905004724746944,0.001338181,1,2,TRUE,0.24770122033848,0.028777298,1,2,TRUE,"Significant","Q1 (MeCP2 up / H2A up)"
"Slc12a3",-0.004947032,0.990200221,0,1,FALSE,-0.560061898973625,3.66e-05,1,3,TRUE,"Not significant","Q3 (MeCP2 down / H2A down)"
"Slc12a5",-0.005076189,0.989965212,0,1,FALSE,-0.417078664,0.001339893,1,1,TRUE,"Not significant","Q3 (MeCP2 down / H2A down)"
"Slc12a7",-0.153885843031864,0.294955784,0,4,FALSE,-0.119091292825179,0.006685154,2,4,TRUE,"Not significant","Q3 (MeCP2 down / H2A down)"
"Slc12a8",-0.0796650153439099,0.632204433,0,6,FALSE,0.349865291315908,0.003066285,1,3,TRUE,"Not significant","Q2 (MeCP2 down / H2A up)"
"Slc13a1",3.51152438112175,1.26e-38,4,4,TRUE,1.55347909573709,9.81e-47,4,4,TRUE,"Significant","Q1 (MeCP2 up / H2A up)"
"Slc13a4",0.10072561,0.639670256,0,1,FALSE,0.379412924,0.001173991,1,1,TRUE,"Not significant","Q1 (MeCP2 up / H2A up)"
"Slc14a1",0.44653817236099,0.033569185,1,2,TRUE,0.497885848385165,3.28e-07,2,3,TRUE,"Significant","Q1 (MeCP2 up / H2A up)"
"Slc14a2",0.373754699157981,0.043174105,1,7,TRUE,0.383185957902561,3.09e-10,5,18,TRUE,"Significant","Q1 (MeCP2 up / H2A up)"
"Slc16a10",1.36123808303065,8.47e-08,3,4,TRUE,0.953807640079944,1.81e-13,3,3,TRUE,"Significant","Q1 (MeCP2 up / H2A up)"
"Slc16a12",0.141026657,0.491710325,0,1,FALSE,0.820314441142709,1.38e-10,2,2,TRUE,"Not significant","Q1 (MeCP2 up / H2A up)"
"Slc19a2",-0.023090794,0.939142002,0,1,FALSE,0.726198618,2.4e-08,1,1,TRUE,"Not significant","Q2 (MeCP2 down / H2A up)"
"Slc1a2",-0.0111589149503253,0.888686054,0,3,FALSE,0.368820022527293,0.000134803,3,4,TRUE,"Not significant","Q2 (MeCP2 down / H2A up)"
"Slc1a7",-0.686544621300878,0.000650026,2,7,TRUE,-0.334446953446842,0.001105078,1,8,TRUE,"Significant","Q3 (MeCP2 down / H2A down)"
"Slc22a1",-0.161677046896143,0.394416895,0,3,FALSE,0.09122687,0.494918874,0,1,FALSE,"Not significant","Q2 (MeCP2 down / H2A up)"
"Slc22a15",0.0320711431614424,0.703499832,0,2,FALSE,0.150677808,0.281778957,0,1,FALSE,"Not significant","Q1 (MeCP2 up / H2A up)"
"Slc22a18",0.04163558,0.876569694,0,1,FALSE,-1.105021141,7.76e-11,1,1,TRUE,"Not significant","Q4 (MeCP2 up / H2A down)"
"Slc22a23",-0.0528134415509854,0.79921778,0,2,FALSE,0.354531719209363,0.000759674,3,6,TRUE,"Not significant","Q2 (MeCP2 down / H2A up)"
"Slc24a2",-0.528312506039397,0.00213068,2,15,TRUE,0.264406726725674,0.000629409,4,11,TRUE,"Significant","Q2 (MeCP2 down / H2A up)"
"Slc24a3",1.12801123816998,3.64e-06,12,27,TRUE,0.973412065023361,2.82e-41,26,27,TRUE,"Significant","Q1 (MeCP2 up / H2A up)"
"Slc24a4",-0.0890842579392903,0.433984709,0,8,FALSE,-0.224147050020957,0.000480226,1,7,TRUE,"Not significant","Q3 (MeCP2 down / H2A down)"
"Slc25a12",-0.023928285,0.935879079,0,1,FALSE,-0.557667644423873,1.92e-05,2,2,TRUE,"Not significant","Q3 (MeCP2 down / H2A down)"
"Slc25a13",0.669395799771304,0.003923495,2,7,TRUE,0.749560518893307,1.35e-15,8,9,TRUE,"Significant","Q1 (MeCP2 up / H2A up)"
"Slc25a29",-0.066895215,0.774927706,0,1,FALSE,-0.428516917076913,0.000545041,2,2,TRUE,"Not significant","Q3 (MeCP2 down / H2A down)"
"Slc25a31",1.071806204,0.000426262,1,1,TRUE,0.87833832,4.14e-17,1,1,TRUE,"Significant","Q1 (MeCP2 up / H2A up)"
"Slc25a44",-0.109522323,0.611022079,0,1,FALSE,-0.01967526,0.89946497,0,1,FALSE,"Not significant","Q3 (MeCP2 down / H2A down)"
"Slc25a48",0.0965056204480105,0.52013639,0,4,FALSE,0.488969197433029,3.36e-05,2,3,TRUE,"Not significant","Q1 (MeCP2 up / H2A up)"
"Slc25a51",0.176953529491635,0.094346317,0,7,FALSE,-0.230996106849251,0.008299593,1,3,TRUE,"Not significant","Q4 (MeCP2 up / H2A down)"
"Slc26a9",-0.00522171,0.989560166,0,1,FALSE,-0.163458478305183,0.264642417,0,3,FALSE,"Not significant","Q3 (MeCP2 down / H2A down)"
"Slc29a3",-0.103597886,0.627244335,0,1,FALSE,-0.510853007054537,2.2e-05,1,2,TRUE,"Not significant","Q3 (MeCP2 down / H2A down)"
"Slc29a4",-0.120439642,0.535873092,0,1,FALSE,-0.410207448,0.006885199,1,1,TRUE,"Not significant","Q3 (MeCP2 down / H2A down)"
"Slc2a13",0.127001139445311,0.230192712,0,2,FALSE,0.786671541085499,4.1e-11,3,3,TRUE,"Not significant","Q1 (MeCP2 up / H2A up)"
"Slc2a3",0.164833666,0.407885996,0,1,FALSE,1.104477368,2.84e-16,1,1,TRUE,"Not significant","Q1 (MeCP2 up / H2A up)"
"Slc2a4rg-ps",0.004598813,0.990941098,0,1,FALSE,0.018635812,0.918458785,0,1,FALSE,"Not significant","Q1 (MeCP2 up / H2A up)"
"Slc2a8",-0.0350427777871937,0.889307442,0,2,FALSE,-0.51985979,0.000366984,1,1,TRUE,"Not significant","Q3 (MeCP2 down / H2A down)"
"Slc30a5",-0.061759203,0.790809641,0,1,FALSE,0.695490043163977,6.42e-10,3,4,TRUE,"Not significant","Q2 (MeCP2 down / H2A up)"
"Slc35b3",0.018410547,0.952896429,0,1,FALSE,0.286987582,0.001185511,1,1,TRUE,"Not significant","Q1 (MeCP2 up / H2A up)"
"Slc35c1",-0.002608295,0.994781094,0,1,FALSE,0.132749039144869,0.251017487,0,2,FALSE,"Not significant","Q2 (MeCP2 down / H2A up)"
"Slc35e1",0.039293646,0.886957545,0,1,FALSE,0.44793120974503,1.15e-07,2,2,TRUE,"Not significant","Q1 (MeCP2 up / H2A up)"
"Slc35f1",0.550227993,0.059738563,0,1,FALSE,0.825788415506166,6.87e-17,6,7,TRUE,"Not significant","Q1 (MeCP2 up / H2A up)"
"Slc35f3",0.154520554,0.450651598,0,1,FALSE,-0.00109264299288498,0.008039501,2,5,TRUE,"Not significant","Q4 (MeCP2 up / H2A down)"
"Slc35f4",0.724749756323999,0.001497589,2,3,TRUE,1.14314829,5.66e-22,1,1,TRUE,"Significant","Q1 (MeCP2 up / H2A up)"
"Slc35g2",1.768350861,2.1e-08,1,1,TRUE,1.310469575,3.63e-20,1,1,TRUE,"Significant","Q1 (MeCP2 up / H2A up)"
"Slc36a1",-0.048563411,0.849700343,0,1,FALSE,-0.575142186342142,1.47e-05,2,2,TRUE,"Not significant","Q3 (MeCP2 down / H2A down)"
"Slc37a1",0.0773367967318676,0.732013033,0,2,FALSE,0.0870450401855815,0.613052468,0,2,FALSE,"Not significant","Q1 (MeCP2 up / H2A up)"
"Slc39a11",-0.0926600501839142,0.453959212,0,9,FALSE,-0.449762471410937,0.001164463,2,6,TRUE,"Not significant","Q3 (MeCP2 down / H2A down)"
"Slc39a8",1.52055692,1.23e-05,1,1,TRUE,0.962662572,1.13e-15,1,1,TRUE,"Significant","Q1 (MeCP2 up / H2A up)"
"Slc41a2",0.0165548899927379,0.715970987,0,6,FALSE,0.196147159092923,0.016544682,1,5,TRUE,"Not significant","Q1 (MeCP2 up / H2A up)"
"Slc41a3",0.059574684,0.801461478,0,1,FALSE,0.140087728,0.276798889,0,1,FALSE,"Not significant","Q1 (MeCP2 up / H2A up)"
"Slc43a2",-0.0633934890500875,0.772806553,0,2,FALSE,-0.018312089,0.896233747,0,1,FALSE,"Not significant","Q3 (MeCP2 down / H2A down)"
"Slc44a5",0.0218195586056999,0.908074743,0,2,FALSE,0.407794586856596,4.44e-05,1,3,TRUE,"Not significant","Q1 (MeCP2 up / H2A up)"
"Slc45a4",-0.119432247,0.589876225,0,1,FALSE,-0.0755876447725042,0.467413979,0,2,FALSE,"Not significant","Q3 (MeCP2 down / H2A down)"
"Slc4a1",0.062887775,0.788714487,0,1,FALSE,0.226899879,0.079465756,0,1,FALSE,"Not significant","Q1 (MeCP2 up / H2A up)"
"Slc4a10",0.053772922,0.826076124,0,1,FALSE,0.272779769,0.038884712,1,1,TRUE,"Not significant","Q1 (MeCP2 up / H2A up)"
"Slc4a3",-0.051537204,0.834659948,0,1,FALSE,0.160799435,0.148976753,0,1,FALSE,"Not significant","Q2 (MeCP2 down / H2A up)"
"Slc4a4",-0.299334294,0.18300703,0,1,FALSE,0.296373002441304,1.61e-07,4,4,TRUE,"Not significant","Q2 (MeCP2 down / H2A up)"
"Slc4a8",0.008682307,0.981436133,0,1,FALSE,-0.541640833,7.92e-05,1,1,TRUE,"Not significant","Q4 (MeCP2 up / H2A down)"
"Slc5a10",-0.16525200403562,0.355455813,0,2,FALSE,-0.412596419923692,0.000701022,2,2,TRUE,"Not significant","Q3 (MeCP2 down / H2A down)"
"Slc66a1",-0.0728615835240106,0.696393237,0,2,FALSE,-0.416553812411245,0.000601155,1,3,TRUE,"Not significant","Q3 (MeCP2 down / H2A down)"
"Slc66a2",-0.0156232328794357,0.925355882,0,3,FALSE,-0.238208328943578,0.07967842,0,4,FALSE,"Not significant","Q3 (MeCP2 down / H2A down)"
"Slc6a1",0.0832854806086711,0.699907532,0,2,FALSE,-0.270157556871432,0.006930159,1,4,TRUE,"Not significant","Q4 (MeCP2 up / H2A down)"
"Slc6a11",0.054013469927513,0.779308793,0,3,FALSE,0.27286751583033,0.017982521,2,4,TRUE,"Not significant","Q1 (MeCP2 up / H2A up)"
"Slc6a12",-0.192228770835318,0.282540181,0,6,FALSE,-0.845306844746591,6.69e-16,5,5,TRUE,"Not significant","Q3 (MeCP2 down / H2A down)"
"Slc6a17",0.012307422,0.971003157,0,1,FALSE,0.297624421,0.009795974,1,1,TRUE,"Not significant","Q1 (MeCP2 up / H2A up)"
"Slc6a5",-0.411475172173777,0.054786647,0,3,FALSE,-0.0357919629205268,0.786330378,0,2,FALSE,"Not significant","Q3 (MeCP2 down / H2A down)"
"Slc6a6",-0.893674841860991,0.000301729,3,6,TRUE,-0.318736080064726,0.004632435,3,4,TRUE,"Significant","Q3 (MeCP2 down / H2A down)"
"Slc6a7",0.046413261,0.858626482,0,1,FALSE,0.0377853788866389,0.783330329,0,2,FALSE,"Not significant","Q1 (MeCP2 up / H2A up)"
"Slc7a11",0.911218989533776,0.001631817,1,5,TRUE,0.790776341803456,6.64e-21,7,8,TRUE,"Significant","Q1 (MeCP2 up / H2A up)"
"Slc7a2",-0.0628044744775744,0.760093451,0,2,FALSE,0.62198328525068,1.58e-09,3,3,TRUE,"Not significant","Q2 (MeCP2 down / H2A up)"
"Slc7a5",0.00100151299739597,0.734107868,0,4,FALSE,-0.374871666064926,0.001078902,2,5,TRUE,"Not significant","Q4 (MeCP2 up / H2A down)"
"Slc7a8",-0.095336786,0.654998303,0,1,FALSE,0.434341925,0.002372905,1,1,TRUE,"Not significant","Q2 (MeCP2 down / H2A up)"
"Slc8a1",0.296093977059074,0.001286586,1,16,TRUE,0.411045945511984,8.7e-10,9,19,TRUE,"Significant","Q1 (MeCP2 up / H2A up)"
"Slc8a3",-0.074373128,0.734411921,0,1,FALSE,-0.086186136,0.454632456,0,1,FALSE,"Not significant","Q3 (MeCP2 down / H2A down)"
"Slc9a1",-0.116432556593501,0.566534438,0,2,FALSE,-0.136005785,0.413413474,0,1,FALSE,"Not significant","Q3 (MeCP2 down / H2A down)"
"Slc9a9",0.0320731981184094,0.337571103,0,4,FALSE,0.61293593970897,2.02e-13,10,14,TRUE,"Not significant","Q1 (MeCP2 up / H2A up)"
"Slco2a1",-0.11986422,0.55837106,0,1,FALSE,-0.054549865,0.744264311,0,1,FALSE,"Not significant","Q3 (MeCP2 down / H2A down)"
"Slco2b1",0.431205045,0.08827884,0,1,FALSE,-0.093651899,0.523928879,0,1,FALSE,"Not significant","Q4 (MeCP2 up / H2A down)"
"Slco3a1",0.723017335556308,0.000316207,2,11,TRUE,0.614965685633918,1.22e-15,6,12,TRUE,"Significant","Q1 (MeCP2 up / H2A up)"
"Slit1",0.00227800565569845,0.398420459,0,11,FALSE,0.262185729022031,0.001848057,3,16,TRUE,"Not significant","Q1 (MeCP2 up / H2A up)"
"Slit3",0.942653870321318,1.02e-07,4,28,TRUE,0.350980304382662,5.24e-07,6,28,TRUE,"Significant","Q1 (MeCP2 up / H2A up)"
"Slitrk3",0.584054024,0.044680178,1,1,TRUE,-0.085455697,0.730916403,0,1,FALSE,"Not significant","Q4 (MeCP2 up / H2A down)"
"Slx9",0.137379319518645,0.237531112,0,4,FALSE,0.283823348264668,2.58e-05,3,4,TRUE,"Not significant","Q1 (MeCP2 up / H2A up)"
"Smad3",-0.334054676024593,0.129485596,0,4,FALSE,-0.306128280502814,0.030002471,1,2,TRUE,"Not significant","Q3 (MeCP2 down / H2A down)"
"Smad5",0.0120189254079934,0.867144337,0,2,FALSE,-0.262229017592103,0.005586014,1,3,TRUE,"Not significant","Q4 (MeCP2 up / H2A down)"
"Smad6",-0.832015034522417,0.000657704,4,6,TRUE,-0.412456653904083,0.001904862,4,4,TRUE,"Significant","Q3 (MeCP2 down / H2A down)"
"Smad7",0.0328342299259099,0.897044445,0,4,FALSE,0.0651933840361762,0.195278423,0,5,FALSE,"Not significant","Q1 (MeCP2 up / H2A up)"
"Smap1",0.198923076432056,0.258597992,0,2,FALSE,0.848595161013527,2.97e-19,3,3,TRUE,"Not significant","Q1 (MeCP2 up / H2A up)"
"Smarcd3",-0.173688633227759,0.383271031,0,2,FALSE,-0.196347473,0.025939759,1,1,TRUE,"Not significant","Q3 (MeCP2 down / H2A down)"
"Smco4",-0.074962879291757,0.524698487,0,5,FALSE,0.284225112767491,0.004830639,1,6,TRUE,"Not significant","Q2 (MeCP2 down / H2A up)"
"Smim12",-0.196719229,0.333136628,0,1,FALSE,-0.161338752,0.180865069,0,1,FALSE,"Not significant","Q3 (MeCP2 down / H2A down)"
"Smim15",-0.18432135553598,0.294338549,0,3,FALSE,0.57424358820157,4.67e-05,1,2,TRUE,"Not significant","Q2 (MeCP2 down / H2A up)"
"Smim23",-0.202252015657757,0.380103739,0,2,FALSE,-0.299387007078387,0.003432074,2,3,TRUE,"Not significant","Q3 (MeCP2 down / H2A down)"
"Smim38",-0.032787885,0.905609625,0,1,FALSE,-0.465094089466975,0.003659128,1,2,TRUE,"Not significant","Q3 (MeCP2 down / H2A down)"
"Smoc1",0.016901563,0.958634045,0,1,FALSE,-0.174680246022234,0.223535656,0,2,FALSE,"Not significant","Q4 (MeCP2 up / H2A down)"
"Smoc2",0.309973433928442,0.020104982,1,10,TRUE,-0.301236853704964,0.000144117,5,9,TRUE,"Significant","Q4 (MeCP2 up / H2A down)"
"Smox",0.141883991,0.496555094,0,1,FALSE,0.182839218084006,0.091273862,0,2,FALSE,"Not significant","Q1 (MeCP2 up / H2A up)"
"Smpx",0.279735303,0.238891542,0,1,FALSE,0.311950671,0.036347733,1,1,TRUE,"Not significant","Q1 (MeCP2 up / H2A up)"
"Smurf1",-0.0873159912107049,0.642578193,0,2,FALSE,-0.268685941,0.017012386,1,1,TRUE,"Not significant","Q3 (MeCP2 down / H2A down)"
"Smyd2",-0.110016487128521,0.565561927,0,2,FALSE,-0.364400550047224,0.001892817,1,2,TRUE,"Not significant","Q3 (MeCP2 down / H2A down)"
"Smyd3",1.6649145787386,1.2e-17,3,29,TRUE,1.07447798080881,9.94e-38,7,16,TRUE,"Significant","Q1 (MeCP2 up / H2A up)"
"Snap25",-0.008719779,0.980849508,0,1,FALSE,1.436747157,9.45e-42,1,1,TRUE,"Not significant","Q2 (MeCP2 down / H2A up)"
"Snca",1.26194559624698,1.05e-05,3,3,TRUE,0.403840504457789,8.75e-06,3,6,TRUE,"Significant","Q1 (MeCP2 up / H2A up)"
"Sncaip",1.030871302,0.003993514,1,1,TRUE,0.893414632051877,1.31e-21,5,5,TRUE,"Significant","Q1 (MeCP2 up / H2A up)"
"Snd1",1.6898673232955,6.38e-15,4,15,TRUE,0.942800345614348,6.3e-36,22,32,TRUE,"Significant","Q1 (MeCP2 up / H2A up)"
"Sned1",-0.029773849,0.91694797,0,1,FALSE,-0.506781123571519,8.8e-09,2,3,TRUE,"Not significant","Q3 (MeCP2 down / H2A down)"
"Snn",-0.093643857,0.660905034,0,1,FALSE,0.0946435485077714,0.232735052,0,3,FALSE,"Not significant","Q2 (MeCP2 down / H2A up)"
"Snora47",-0.117353546,0.611020523,0,1,FALSE,0.070330654,0.723958892,0,1,FALSE,"Not significant","Q2 (MeCP2 down / H2A up)"
"Snora7a",-0.056676393,0.819728253,0,1,FALSE,0.40480262,0.004167882,1,1,TRUE,"Not significant","Q2 (MeCP2 down / H2A up)"
"Snord12",-0.254248860727612,0.162986955,0,3,FALSE,-0.654777394879996,1.32e-06,1,2,TRUE,"Not significant","Q3 (MeCP2 down / H2A down)"
"Snord65",-0.362552363,0.120055484,0,1,FALSE,-0.019740228,0.89264723,0,1,FALSE,"Not significant","Q3 (MeCP2 down / H2A down)"
"Snph",-0.910378251610336,7.52e-05,5,6,TRUE,-0.341218529287541,0.011227261,1,3,TRUE,"Significant","Q3 (MeCP2 down / H2A down)"
"Sntg2",-0.0359545256855996,0.748427821,0,5,FALSE,0.423912482104013,0.000365113,4,9,TRUE,"Not significant","Q2 (MeCP2 down / H2A up)"
"Snx10",1.227065316,1.63e-05,1,1,TRUE,0.908885186,1.47e-08,1,1,TRUE,"Significant","Q1 (MeCP2 up / H2A up)"
"Snx18",1.069323629,6.2e-05,1,1,TRUE,0.460298170786622,1.73e-07,1,3,TRUE,"Significant","Q1 (MeCP2 up / H2A up)"
"Snx20",-0.0148298474814115,0.57226127,0,2,FALSE,0.452221908,6.68e-05,1,1,TRUE,"Not significant","Q2 (MeCP2 down / H2A up)"
"Snx29",0.0159386881110824,0.037602317,2,7,TRUE,0.256531395007797,0.016085938,2,6,TRUE,"Significant","Q1 (MeCP2 up / H2A up)"
"Socs1",-0.135521973726461,0.427262265,0,3,FALSE,-0.548812623275373,0.000412236,2,3,TRUE,"Not significant","Q3 (MeCP2 down / H2A down)"
"Socs6",0.810256117844898,0.011064849,1,2,TRUE,0.317825742319365,0.030164523,1,2,TRUE,"Significant","Q1 (MeCP2 up / H2A up)"
"Sod3",0.005436922,0.988977321,0,1,FALSE,0.399270259,0.000215548,1,1,TRUE,"Not significant","Q1 (MeCP2 up / H2A up)"
"Sorbs1",-0.128204459972135,0.410822881,0,6,FALSE,0.328684867480654,3.04e-05,3,6,TRUE,"Not significant","Q2 (MeCP2 down / H2A up)"
"Sorbs2",-0.05172276,0.836734594,0,1,FALSE,0.642622978,3.86e-07,1,1,TRUE,"Not significant","Q2 (MeCP2 down / H2A up)"
"Sorbs3",-0.065162491,0.775347873,0,1,FALSE,-0.041200963,0.729619562,0,1,FALSE,"Not significant","Q3 (MeCP2 down / H2A down)"
"Sorcs1",0.292197530208009,0.166745875,0,4,FALSE,0.426630982224493,0.002663913,1,2,TRUE,"Not significant","Q1 (MeCP2 up / H2A up)"
"Sorcs2",-0.0246938085385469,0.923627782,0,3,FALSE,-0.613935136982769,9.67e-07,7,12,TRUE,"Not significant","Q3 (MeCP2 down / H2A down)"
"Sorcs3",0.802034665427125,0.002579965,1,2,TRUE,1.07628485783695,1.38e-11,2,2,TRUE,"Significant","Q1 (MeCP2 up / H2A up)"
"Sost",-0.325813739,0.200725863,0,1,FALSE,-0.463173898,0.000154409,1,1,TRUE,"Not significant","Q3 (MeCP2 down / H2A down)"
"Sostdc1",-0.367782396,0.106438115,0,1,FALSE,0.244808674,0.113646562,0,1,FALSE,"Not significant","Q2 (MeCP2 down / H2A up)"
"Sowaha",-0.083437351,0.702622949,0,1,FALSE,0.271141965,0.068758001,0,1,FALSE,"Not significant","Q2 (MeCP2 down / H2A up)"
"Sox1",-0.055096896,0.831233321,0,1,FALSE,-0.325543457,0.001276552,1,1,TRUE,"Not significant","Q3 (MeCP2 down / H2A down)"
"Sox13",-0.158537876,0.437025605,0,1,FALSE,-0.319389117286907,0.012305953,1,4,TRUE,"Not significant","Q3 (MeCP2 down / H2A down)"
"Sox1ot",0.067165854,0.76617897,0,1,FALSE,-0.185702279,0.182261432,0,1,FALSE,"Not significant","Q4 (MeCP2 up / H2A down)"
"Sox2ot",-0.0511977815177276,0.797449287,0,3,FALSE,0.221059922827418,0.004378634,1,3,TRUE,"Not significant","Q2 (MeCP2 down / H2A up)"
"Sox5",1.22839987889235,2.41e-09,2,21,TRUE,0.583515467526673,1.4e-15,8,22,TRUE,"Significant","Q1 (MeCP2 up / H2A up)"
"Sox5os3",1.01025080326002,6.25e-07,3,8,TRUE,0.0988725770709242,1.13e-05,5,7,TRUE,"Significant","Q1 (MeCP2 up / H2A up)"
"Sox6",1.5974011369737,3.92e-09,3,5,TRUE,0.923802383868226,9.91e-14,1,2,TRUE,"Significant","Q1 (MeCP2 up / H2A up)"
"Sox8",-0.0623701249604231,0.651513603,0,3,FALSE,-0.34495734751466,0.003350681,1,2,TRUE,"Not significant","Q3 (MeCP2 down / H2A down)"
"Sp5",1.53174486933675,1.13e-12,8,12,TRUE,0.759804837405819,8.26e-09,4,4,TRUE,"Significant","Q1 (MeCP2 up / H2A up)"
"Spaca3",0.75409997124503,0.002213731,1,6,TRUE,-0.075771148,0.67284682,0,1,FALSE,"Not significant","Q4 (MeCP2 up / H2A down)"
"Spaca7",-0.00606931,0.987945578,0,1,FALSE,0.042294764,0.747189794,0,1,FALSE,"Not significant","Q2 (MeCP2 down / H2A up)"
"Spaca7b",0.049571136,0.843763995,0,1,FALSE,0.164288461,0.345935713,0,1,FALSE,"Not significant","Q1 (MeCP2 up / H2A up)"
"Spag17",1.87087113791954,1.45e-11,2,2,TRUE,1.26671432902599,4.44e-28,2,2,TRUE,"Significant","Q1 (MeCP2 up / H2A up)"
"Spag9",0.046061874,0.856587496,0,1,FALSE,0.9224226,1.19e-10,1,1,TRUE,"Not significant","Q1 (MeCP2 up / H2A up)"
"Spata13",1.01908630701279,6.4e-09,5,16,TRUE,0.556637885453663,1.03e-08,8,12,TRUE,"Significant","Q1 (MeCP2 up / H2A up)"
"Spata2",-0.035254008,0.897359872,0,1,FALSE,0.25199364583074,0.068742862,0,2,FALSE,"Not significant","Q2 (MeCP2 down / H2A up)"
"Spata20",0.145501891,0.454150713,0,1,FALSE,-0.296264775,0.086150775,0,1,FALSE,"Not significant","Q4 (MeCP2 up / H2A down)"
"Spata21",-0.212113658600932,0.297488661,0,2,FALSE,-0.393069444,0.005416556,1,1,TRUE,"Not significant","Q3 (MeCP2 down / H2A down)"
"Spats2l",0.056650627,0.814535832,0,1,FALSE,-0.781402761,1.26e-05,1,1,TRUE,"Not significant","Q4 (MeCP2 up / H2A down)"
"Spdef",-0.280920697,0.173925365,0,1,FALSE,-0.634867763152028,5.15e-07,1,2,TRUE,"Not significant","Q3 (MeCP2 down / H2A down)"
"Speer6-ps1",0.047165821,0.851804459,0,1,FALSE,0.623393222,2.08e-06,1,1,TRUE,"Not significant","Q1 (MeCP2 up / H2A up)"
"Spen",-0.0352822174000959,0.88196601,0,2,FALSE,-0.445631524,2.62e-05,1,1,TRUE,"Not significant","Q3 (MeCP2 down / H2A down)"
"Spns3",-0.0539758963433971,0.679833626,0,3,FALSE,-0.386659241,0.020773934,1,1,TRUE,"Not significant","Q3 (MeCP2 down / H2A down)"
"Spock1",0.247316396034596,0.000273635,1,17,TRUE,0.148371423847671,5.24e-06,9,19,TRUE,"Significant","Q1 (MeCP2 up / H2A up)"
"Spon1",1.83417510697552,5.51e-13,1,2,TRUE,1.02217248834412,1.33e-15,1,2,TRUE,"Significant","Q1 (MeCP2 up / H2A up)"
"Spp2",0.001332385,0.997028211,0,1,FALSE,-0.064291038,0.64701686,0,1,FALSE,"Not significant","Q4 (MeCP2 up / H2A down)"
"Sppl2c",-0.0498231935568356,0.778153842,0,2,FALSE,-0.776667219,7.19e-07,1,1,TRUE,"Not significant","Q3 (MeCP2 down / H2A down)"
"Spr",0.00877509401287272,0.974952662,0,2,FALSE,-0.568293350271176,2.18e-05,3,5,TRUE,"Not significant","Q4 (MeCP2 up / H2A down)"
"Spred2",-0.243674479800607,0.258685716,0,2,FALSE,0.147731568475057,0.329537829,0,2,FALSE,"Not significant","Q2 (MeCP2 down / H2A up)"
"Spry4",0.0065385749325544,0.808161024,0,2,FALSE,0.702214641585329,1.64e-12,1,3,TRUE,"Not significant","Q1 (MeCP2 up / H2A up)"
"Spsb1",-0.273659403703977,0.155609812,0,2,FALSE,-0.496757067,0.003511751,1,1,TRUE,"Not significant","Q3 (MeCP2 down / H2A down)"
"Spsb4",-0.0409084030663128,0.856635218,0,2,FALSE,-0.00791828970383582,0.097608703,0,3,FALSE,"Not significant","Q3 (MeCP2 down / H2A down)"
"Sptb",0.00538444519708192,0.858626482,0,2,FALSE,-0.167167795383954,2.22e-05,6,9,TRUE,"Not significant","Q4 (MeCP2 up / H2A down)"
"Sptbn2",-0.026377786,0.931261141,0,1,FALSE,-0.508632608,0.000200343,1,1,TRUE,"Not significant","Q3 (MeCP2 down / H2A down)"
"Sptbn5",-0.02923171,0.919094669,0,1,FALSE,-0.0878669060033364,0.011700699,1,3,TRUE,"Not significant","Q3 (MeCP2 down / H2A down)"
"Sptlc3",2.05355118279795,2.89e-14,9,10,TRUE,1.52648518365514,1.61e-36,13,13,TRUE,"Significant","Q1 (MeCP2 up / H2A up)"
"Srcin1",-0.15360361447315,0.377869913,0,3,FALSE,-0.710169216987344,1.86e-06,2,3,TRUE,"Not significant","Q3 (MeCP2 down / H2A down)"
"Srek1",-0.338343921903022,0.152203767,0,2,FALSE,0.210068060587322,0.237201395,0,2,FALSE,"Not significant","Q2 (MeCP2 down / H2A up)"
"Srek1ip1",2.275029412,1.91e-15,1,1,TRUE,1.34767521409306,1.88e-43,2,3,TRUE,"Significant","Q1 (MeCP2 up / H2A up)"
"Srgap1",0.443637343839839,0.060305399,0,3,FALSE,0.68351190547323,2.7e-10,3,3,TRUE,"Not significant","Q1 (MeCP2 up / H2A up)"
"Srprb",0.027406803,0.924862653,0,1,FALSE,-0.572127108465186,3.96e-05,2,2,TRUE,"Not significant","Q4 (MeCP2 up / H2A down)"
"Srsf6",-0.066274526,0.775372098,0,1,FALSE,-0.013002932,0.931916375,0,1,FALSE,"Not significant","Q3 (MeCP2 down / H2A down)"
"Srxn1",-0.061673142,0.79716248,0,1,FALSE,-0.004290795,0.976960451,0,1,FALSE,"Not significant","Q3 (MeCP2 down / H2A down)"
"Ssbp2",-0.206420025804921,0.103522926,0,2,FALSE,0.537555154651943,1.26e-05,2,4,TRUE,"Not significant","Q2 (MeCP2 down / H2A up)"
"Ssbp3",-0.179715149574304,0.38379115,0,2,FALSE,0.232300918420901,0.006000786,3,10,TRUE,"Not significant","Q2 (MeCP2 down / H2A up)"
"Ssh1",-0.006888564,0.985868779,0,1,FALSE,-0.36013781450678,0.003676647,1,2,TRUE,"Not significant","Q3 (MeCP2 down / H2A down)"
"Sspn",0.087739156246294,0.611546267,0,4,FALSE,0.238798595892912,0.066952906,0,2,FALSE,"Not significant","Q1 (MeCP2 up / H2A up)"
"Sspo",0.017482045,0.956697376,0,1,FALSE,0.343038779548518,0.000218941,1,2,TRUE,"Not significant","Q1 (MeCP2 up / H2A up)"
"Ssr4",-0.0180007890238931,0.820710496,0,2,FALSE,0.070217784,0.708163026,0,1,FALSE,"Not significant","Q2 (MeCP2 down / H2A up)"
"Sstr2",0.392299419099876,0.089274628,0,2,FALSE,0.147331567,0.271800684,0,1,FALSE,"Not significant","Q1 (MeCP2 up / H2A up)"
"St14",-0.337229406060681,0.089839503,0,3,FALSE,-0.302301541,0.049635428,1,1,TRUE,"Not significant","Q3 (MeCP2 down / H2A down)"
"St18",1.98173061340762,7.1e-10,3,6,TRUE,0.641355948217178,6.27e-08,6,6,TRUE,"Significant","Q1 (MeCP2 up / H2A up)"
"St3gal2",-0.058125323,0.808911037,0,1,FALSE,0.498199800421189,0.000212314,1,2,TRUE,"Not significant","Q2 (MeCP2 down / H2A up)"
"St3gal3",-0.0727078055109425,0.646481046,0,2,FALSE,-0.183898334507316,0.043381388,1,3,TRUE,"Not significant","Q3 (MeCP2 down / H2A down)"
"St3gal4",-0.0555700134830501,0.717282842,0,4,FALSE,-0.36350441,0.006783207,1,1,TRUE,"Not significant","Q3 (MeCP2 down / H2A down)"
"St6gal1",0.009404576,0.979230047,0,1,FALSE,0.018767277,0.902044962,0,1,FALSE,"Not significant","Q1 (MeCP2 up / H2A up)"
"St6galnac3",0.84285514088981,2.64e-07,2,23,TRUE,0.538254906681123,1.85e-11,11,16,TRUE,"Significant","Q1 (MeCP2 up / H2A up)"
"St6galnac5",-0.0194308703133203,0.931660673,0,2,FALSE,0.283486961515571,0.019785436,1,2,TRUE,"Not significant","Q2 (MeCP2 down / H2A up)"
"St7",0.054023708,0.828946331,0,1,FALSE,0.39324383935703,0.004296572,3,5,TRUE,"Not significant","Q1 (MeCP2 up / H2A up)"
"St8sia1",-0.075570438,0.740830807,0,1,FALSE,-0.1811398,0.213160077,0,1,FALSE,"Not significant","Q3 (MeCP2 down / H2A down)"
"St8sia2",0.314038737614013,0.120627451,0,7,FALSE,0.301526026927349,0.000144726,2,8,TRUE,"Not significant","Q1 (MeCP2 up / H2A up)"
"St8sia3os",1.69502151287737,7.43e-09,1,2,TRUE,1.08166450009072,1.66e-19,6,6,TRUE,"Significant","Q1 (MeCP2 up / H2A up)"
"St8sia5",-0.034304831,0.901921108,0,1,FALSE,0.321126269984663,0.031427203,1,2,TRUE,"Not significant","Q2 (MeCP2 down / H2A up)"
"Stac2",0.056564515,0.820288094,0,1,FALSE,0.112348783067477,0.112215084,0,2,FALSE,"Not significant","Q1 (MeCP2 up / H2A up)"
"Stard13",-0.127860933,0.542705476,0,1,FALSE,0.201794943,0.220971076,0,1,FALSE,"Not significant","Q2 (MeCP2 down / H2A up)"
"Stimate",-0.057630823,0.810996541,0,1,FALSE,-0.020321278,0.889364603,0,1,FALSE,"Not significant","Q3 (MeCP2 down / H2A down)"
"Stk10",-0.443798963624555,0.046718551,1,3,TRUE,0.136329581,0.408948436,0,1,FALSE,"Not significant","Q2 (MeCP2 down / H2A up)"
"Stk24",-0.0929879220907908,0.568372054,0,6,FALSE,-0.411197389817751,0.000283773,2,4,TRUE,"Not significant","Q3 (MeCP2 down / H2A down)"
"Stk32c",-0.24317539841748,0.239785459,0,3,FALSE,-0.352474872939023,0.008012074,2,5,TRUE,"Not significant","Q3 (MeCP2 down / H2A down)"
"Stk33",0.072837734,0.746102722,0,1,FALSE,-0.197561884,0.268580011,0,1,FALSE,"Not significant","Q4 (MeCP2 up / H2A down)"
"Stk39",0.945545249333338,9.13e-06,2,10,TRUE,0.419620484623983,1.54e-05,3,8,TRUE,"Significant","Q1 (MeCP2 up / H2A up)"
"Stmn2",-0.404406486,0.088891862,0,1,FALSE,0.478009923,2.31e-05,1,1,TRUE,"Not significant","Q2 (MeCP2 down / H2A up)"
"Stoml3",-0.023840359,0.936367852,0,1,FALSE,-0.509400109,0.000256321,1,1,TRUE,"Not significant","Q3 (MeCP2 down / H2A down)"
"Ston2",-0.04206175849813,0.845097014,0,2,FALSE,-0.128598875511588,0.239883947,0,2,FALSE,"Not significant","Q3 (MeCP2 down / H2A down)"
"Stox2",-0.047280344,0.850833228,0,1,FALSE,0.403746455355974,0.000423921,1,3,TRUE,"Not significant","Q2 (MeCP2 down / H2A up)"
"Stra6",-0.143617669656893,0.340354588,0,6,FALSE,-0.369663827023321,0.000393724,5,6,TRUE,"Not significant","Q3 (MeCP2 down / H2A down)"
"Stra6l",-0.115473881,0.588414974,0,1,FALSE,-0.46598317780387,0.001228242,1,2,TRUE,"Not significant","Q3 (MeCP2 down / H2A down)"
"Stum",0.0702674339011703,0.154073741,0,7,FALSE,0.065295375714155,0.002052745,1,9,TRUE,"Not significant","Q1 (MeCP2 up / H2A up)"
"Stx18",-0.0439180680401506,0.828840967,0,3,FALSE,0.155525801,0.149115152,0,1,FALSE,"Not significant","Q2 (MeCP2 down / H2A up)"
"Stx6",-0.0733377837527347,0.492522609,0,3,FALSE,-0.189679872,0.022316523,1,1,TRUE,"Not significant","Q3 (MeCP2 down / H2A down)"
"Stxbp5",-0.155252696531235,0.400843304,0,2,FALSE,1.27772983481873,2.11e-20,3,4,TRUE,"Not significant","Q2 (MeCP2 down / H2A up)"
"Sufu",-0.12626790744532,0.520683285,0,2,FALSE,-0.509252729401719,0.0003916,1,2,TRUE,"Not significant","Q3 (MeCP2 down / H2A down)"
"Sulf2",-0.116343287326863,0.310289463,0,3,FALSE,0.088519658275855,0.013367071,2,3,TRUE,"Not significant","Q2 (MeCP2 down / H2A up)"
"Sult4a1",0.0424822677030997,0.712086944,0,2,FALSE,-0.320952651225284,0.025912165,1,2,TRUE,"Not significant","Q4 (MeCP2 up / H2A down)"
"Sun5",-0.011803463,0.971833548,0,1,FALSE,-0.011720958,0.929369613,0,1,FALSE,"Not significant","Q3 (MeCP2 down / H2A down)"
"Susd1",0.866597311350722,0.000238122,1,2,TRUE,0.645681304593489,7.21e-09,3,3,TRUE,"Significant","Q1 (MeCP2 up / H2A up)"
"Susd4",-0.188207913129814,0.204864162,0,5,FALSE,-0.0804195598360165,0.00873055,3,9,TRUE,"Not significant","Q3 (MeCP2 down / H2A down)"
"Sv2b",1.98404212498433,7.29e-12,3,6,TRUE,0.783801529024751,8.02e-11,2,2,TRUE,"Significant","Q1 (MeCP2 up / H2A up)"
"Sv2c",-0.0345343690355315,0.880278245,0,2,FALSE,0.629347399508225,3.06e-10,2,2,TRUE,"Not significant","Q2 (MeCP2 down / H2A up)"
"Svep1",1.97340236174403,3.77e-16,8,10,TRUE,1.08434827694559,2.21e-26,7,7,TRUE,"Significant","Q1 (MeCP2 up / H2A up)"
"Svil",0.752193239253695,0.00049432,2,9,TRUE,0.749657853044606,7.07e-20,11,15,TRUE,"Significant","Q1 (MeCP2 up / H2A up)"
"Sybu",1.23554925878403,5.01e-05,2,2,TRUE,0.829134199103999,1.41e-15,3,3,TRUE,"Significant","Q1 (MeCP2 up / H2A up)"
"Syn2",1.925076156,1.76e-11,1,1,TRUE,0.613528748560149,1.69e-09,2,2,TRUE,"Significant","Q1 (MeCP2 up / H2A up)"
"Syn3",0.0991333520477603,0.155828808,0,4,FALSE,-0.0730647393735785,0.021478637,1,4,TRUE,"Not significant","Q4 (MeCP2 up / H2A down)"
"Syndig1",1.46067524267461,4.21e-08,2,5,TRUE,0.699522122096333,8.8e-13,5,9,TRUE,"Significant","Q1 (MeCP2 up / H2A up)"
"Syne1",-0.003432655,0.993171602,0,1,FALSE,1.04949962110269,1.43e-10,1,2,TRUE,"Not significant","Q2 (MeCP2 down / H2A up)"
"Syne2",0.0638054854462225,0.754696892,0,2,FALSE,-0.010260347,0.956946022,0,1,FALSE,"Not significant","Q4 (MeCP2 up / H2A down)"
"Syne3",-0.682202019761046,0.000714188,1,10,TRUE,-0.537279300496994,8.48e-11,13,16,TRUE,"Significant","Q3 (MeCP2 down / H2A down)"
"Synj2",1.58385349428702,1.83e-12,3,7,TRUE,-0.0895320292374091,2.36e-07,2,4,TRUE,"Significant","Q4 (MeCP2 up / H2A down)"
"Synpr",1.4672256437647,1.23e-06,1,2,TRUE,0.543147379114977,5.35e-12,2,3,TRUE,"Significant","Q1 (MeCP2 up / H2A up)"
"Syt1",2.11441559591557,4.95e-10,3,3,TRUE,1.28828423257399,3.3e-51,5,8,TRUE,"Significant","Q1 (MeCP2 up / H2A up)"
"Syt13",0.0735244764000471,0.436243584,0,3,FALSE,-0.147703293397805,0.222547044,0,4,FALSE,"Not significant","Q4 (MeCP2 up / H2A down)"
"Syt16",-0.038905172,0.883920729,0,1,FALSE,0.077584057,0.666643485,0,1,FALSE,"Not significant","Q2 (MeCP2 down / H2A up)"
"Syt2",-0.001413953,0.996768717,0,1,FALSE,-0.539987427884292,3.4e-05,4,8,TRUE,"Not significant","Q3 (MeCP2 down / H2A down)"
"Syt6",-0.43254231346608,0.052582853,0,7,FALSE,-0.261975667819856,0.000957846,2,8,TRUE,"Not significant","Q3 (MeCP2 down / H2A down)"
"Syt7",-0.01895923,0.951884997,0,1,FALSE,-0.425291036292716,2.49e-05,1,3,TRUE,"Not significant","Q3 (MeCP2 down / H2A down)"
"Syt9",0.100366047317529,0.342326357,0,2,FALSE,0.163196733,0.202396663,0,1,FALSE,"Not significant","Q1 (MeCP2 up / H2A up)"
"T2",-0.058870887,0.806109976,0,1,FALSE,-0.205679539,0.086410706,0,1,FALSE,"Not significant","Q3 (MeCP2 down / H2A down)"
"Tac4",-0.03028515,0.915571547,0,1,FALSE,-0.530574211,0.000399154,1,1,TRUE,"Not significant","Q3 (MeCP2 down / H2A down)"
"Tacc2",0.00342945793589305,0.906624205,0,3,FALSE,0.0955960515823386,0.477943223,0,3,FALSE,"Not significant","Q1 (MeCP2 up / H2A up)"
"Taf11",-0.042851279,0.868395124,0,1,FALSE,-0.324986695599762,0.018418995,1,2,TRUE,"Not significant","Q3 (MeCP2 down / H2A down)"
"Taf3",-0.03779831,0.888174072,0,1,FALSE,0.25577294,0.061173399,0,1,FALSE,"Not significant","Q2 (MeCP2 down / H2A up)"
"Taf7l2",0.372345934,0.110538587,0,1,FALSE,0.624036247676458,2.08e-07,1,3,TRUE,"Not significant","Q1 (MeCP2 up / H2A up)"
"Tafa5",-1.00157150343986,5.49e-05,2,16,TRUE,-0.446591827350109,2.27e-10,17,23,TRUE,"Significant","Q3 (MeCP2 down / H2A down)"
"Tanc1",-0.0522558205921591,0.631253936,0,5,FALSE,0.231144202041277,0.000988448,4,10,TRUE,"Not significant","Q2 (MeCP2 down / H2A up)"
"Tank",0.032818033,0.906362681,0,1,FALSE,0.452168699,9.6e-07,1,1,TRUE,"Not significant","Q1 (MeCP2 up / H2A up)"
"Tapt1",0.440783475,0.054548577,0,1,FALSE,1.13422328050226,1.09e-28,2,2,TRUE,"Not significant","Q1 (MeCP2 up / H2A up)"
"Tars3",-0.0638406987385717,0.507263788,0,2,FALSE,-0.430667018,0.002368546,1,1,TRUE,"Not significant","Q3 (MeCP2 down / H2A down)"
"Tbata",-0.234596931990849,0.259127727,0,2,FALSE,-0.261598127093946,0.03080042,1,4,TRUE,"Not significant","Q3 (MeCP2 down / H2A down)"
"Tbc1d1",-0.471918060486797,0.039645637,1,3,TRUE,-0.453609682478198,0.001596299,2,5,TRUE,"Significant","Q3 (MeCP2 down / H2A down)"
"Tbc1d16",-0.0140401608352197,0.754736579,0,5,FALSE,-0.398247581578034,0.000262495,3,4,TRUE,"Not significant","Q3 (MeCP2 down / H2A down)"
"Tbc1d2",-0.170278262567113,0.34173836,0,2,FALSE,0.0550791442195025,0.559129762,0,2,FALSE,"Not significant","Q2 (MeCP2 down / H2A up)"
"Tbc1d21",-0.068671757,0.763133503,0,1,FALSE,-0.270884761,0.043591944,1,1,TRUE,"Not significant","Q3 (MeCP2 down / H2A down)"
"Tbc1d22a",1.08519169092792,4.64e-10,5,38,TRUE,0.211287450102312,8.94e-07,9,33,TRUE,"Significant","Q1 (MeCP2 up / H2A up)"
"Tbc1d4",0.267405027600059,0.182148253,0,2,FALSE,0.593496119085486,4.99e-08,5,7,TRUE,"Not significant","Q1 (MeCP2 up / H2A up)"
"Tbc1d7",-0.012124257,0.971494929,0,1,FALSE,0.057301142,0.722791826,0,1,FALSE,"Not significant","Q2 (MeCP2 down / H2A up)"
"Tbc1d8",-0.186580178127438,0.296798623,0,4,FALSE,0.752951278118058,6.79e-12,3,4,TRUE,"Not significant","Q2 (MeCP2 down / H2A up)"
"Tbc1d9",-0.142774152757085,0.383029089,0,2,FALSE,0.810099691209487,1.98e-14,4,6,TRUE,"Not significant","Q2 (MeCP2 down / H2A up)"
"Tbc1d9b",-0.179379924317919,0.317832925,0,3,FALSE,-0.277743751,0.081868683,0,1,FALSE,"Not significant","Q3 (MeCP2 down / H2A down)"
"Tbcd",-0.0635328128490199,0.78364266,0,2,FALSE,-0.019128634,0.914337773,0,1,FALSE,"Not significant","Q3 (MeCP2 down / H2A down)"
"Tbcel",0.0999045448752676,0.352051707,0,7,FALSE,-0.0159611680027245,0.10762478,0,6,FALSE,"Not significant","Q4 (MeCP2 up / H2A down)"
"Tbl1xr1",0.281098885504044,0.178134153,0,2,FALSE,0.623945862174425,1.35e-08,1,4,TRUE,"Not significant","Q1 (MeCP2 up / H2A up)"
"Tbxas1",-0.351970495560102,0.07504538,0,6,FALSE,-0.190668449881372,0.053028902,0,5,FALSE,"Not significant","Q3 (MeCP2 down / H2A down)"
"Tcea3",-0.0480927401174526,0.823491238,0,2,FALSE,-0.594622584350061,8.66e-06,1,2,TRUE,"Not significant","Q3 (MeCP2 down / H2A down)"
"Tcf12",-1.53043902760927,1.36e-05,1,3,TRUE,0.181274301,0.130490431,0,1,FALSE,"Not significant","Q2 (MeCP2 down / H2A up)"
"Tcf20",-0.438332833119743,0.017673396,1,14,TRUE,-0.260954290952769,3.01e-05,6,13,TRUE,"Significant","Q3 (MeCP2 down / H2A down)"
"Tcf4",1.18068456615774,0.000468179,2,2,TRUE,1.00891701432323,1.12e-36,5,7,TRUE,"Significant","Q1 (MeCP2 up / H2A up)"
"Tcf7l2",-0.280075145342358,0.131189949,0,4,FALSE,-0.365819860362889,0.008895235,3,4,TRUE,"Not significant","Q3 (MeCP2 down / H2A down)"
"Tcte2",1.7738284651333,1.36e-10,3,4,TRUE,0.133860645537924,0.304211209,0,2,FALSE,"Not significant","Q1 (MeCP2 up / H2A up)"
"Tdp1",-0.0558053977838455,0.807753305,0,2,FALSE,0.516138521,0.000123916,1,1,TRUE,"Not significant","Q2 (MeCP2 down / H2A up)"
"Tead1",0.56457688878418,0.000305975,2,21,TRUE,0.13659141704858,0.027325187,1,10,TRUE,"Significant","Q1 (MeCP2 up / H2A up)"
"Tead3",-0.068278688,0.772426953,0,1,FALSE,-0.320535249,0.05614179,0,1,FALSE,"Not significant","Q3 (MeCP2 down / H2A down)"
"Tec",0.0239958166342649,0.877380486,0,3,FALSE,0.237601571978659,0.07007203,0,2,FALSE,"Not significant","Q1 (MeCP2 up / H2A up)"
"Tenm2",0.736635409918699,2.32e-10,5,28,TRUE,0.150314137710537,2.65e-07,7,20,TRUE,"Significant","Q1 (MeCP2 up / H2A up)"
"Tenm3",-0.104385693536688,0.398151512,0,12,FALSE,0.285205931530087,0.000793276,2,4,TRUE,"Not significant","Q2 (MeCP2 down / H2A up)"
"Tenm4",0.271470907548675,0.013905389,2,47,TRUE,0.252756476807318,3.45e-06,5,34,TRUE,"Significant","Q1 (MeCP2 up / H2A up)"
"Tent5b",-0.021549297,0.94470929,0,1,FALSE,-0.194807698,0.192194409,0,1,FALSE,"Not significant","Q3 (MeCP2 down / H2A down)"
"Terf1",0.167248757514418,0.231008471,0,9,FALSE,0.578786422686993,3.16e-11,6,10,TRUE,"Not significant","Q1 (MeCP2 up / H2A up)"
"Tes",-0.111824343,0.595252955,0,1,FALSE,0.478364555,0.001419159,1,1,TRUE,"Not significant","Q2 (MeCP2 down / H2A up)"
"Tesc",-0.0928263144536376,0.606400323,0,2,FALSE,-0.589035576729339,5.3e-06,2,2,TRUE,"Not significant","Q3 (MeCP2 down / H2A down)"
"Teshl",1.01906767384661,4.92e-05,1,2,TRUE,0.448745856,0.001105008,1,1,TRUE,"Significant","Q1 (MeCP2 up / H2A up)"
"Tet2",0.030289905,0.914296381,0,1,FALSE,-0.182303926,0.182950743,0,1,FALSE,"Not significant","Q4 (MeCP2 up / H2A down)"
"Tex26",0.0650469354397638,0.765382178,0,4,FALSE,0.0883020315734743,0.175197482,0,2,FALSE,"Not significant","Q1 (MeCP2 up / H2A up)"
"Tex35",-0.141773302491572,0.400152905,0,3,FALSE,0.275831885847634,0.00562098,2,4,TRUE,"Not significant","Q2 (MeCP2 down / H2A up)"
"Tex36",1.054567756,3.74e-05,1,1,TRUE,0.64875154,9.06e-06,1,1,TRUE,"Significant","Q1 (MeCP2 up / H2A up)"
"Tff3",0.091614584,0.677646689,0,1,FALSE,0.39413701,0.011365519,1,1,TRUE,"Not significant","Q1 (MeCP2 up / H2A up)"
"Tg",0.003787826,0.992249817,0,1,FALSE,0.464513442098356,1.38e-08,2,2,TRUE,"Not significant","Q1 (MeCP2 up / H2A up)"
"Tgfa",-0.0380422663843515,0.881276837,0,2,FALSE,0.364476189733419,5.81e-05,1,3,TRUE,"Not significant","Q2 (MeCP2 down / H2A up)"
"Tgfb1i1",-0.054933229,0.824967329,0,1,FALSE,0.121501692,0.519421353,0,1,FALSE,"Not significant","Q2 (MeCP2 down / H2A up)"
"Tgfb2",0.406047886381251,0.006599361,1,2,TRUE,0.537834016,8e-05,1,1,TRUE,"Significant","Q1 (MeCP2 up / H2A up)"
"Tgfbr1",0.0702252359910726,0.787635183,0,2,FALSE,0.0710800274663108,0.029593517,1,3,TRUE,"Not significant","Q1 (MeCP2 up / H2A up)"
"Tgfbr3",-0.799156827184105,0.000565601,2,9,TRUE,-0.166453344565024,0.054347839,0,6,FALSE,"Not significant","Q3 (MeCP2 down / H2A down)"
"Tgif1",-0.330611884,0.168277325,0,1,FALSE,-0.254621861,0.046481118,1,1,TRUE,"Not significant","Q3 (MeCP2 down / H2A down)"
"Tgm2",-0.144979224460441,0.403694592,0,3,FALSE,-0.264130487203965,0.073878664,0,4,FALSE,"Not significant","Q3 (MeCP2 down / H2A down)"
"Tha1",-0.013368357,0.967784459,0,1,FALSE,0.381941524,0.004101297,1,1,TRUE,"Not significant","Q2 (MeCP2 down / H2A up)"
"Thada",0.227446420793112,0.217437826,0,2,FALSE,-0.134149456,0.301572611,0,1,FALSE,"Not significant","Q4 (MeCP2 up / H2A down)"
"Thap1",1.71158021550243,4.73e-10,2,6,TRUE,0.732567732983914,1.98e-17,3,8,TRUE,"Significant","Q1 (MeCP2 up / H2A up)"
"Thbs2",1.17444764534743,5.22e-05,1,2,TRUE,0.976393730300196,5.18e-18,1,2,TRUE,"Significant","Q1 (MeCP2 up / H2A up)"
"Thbs4",0.114583235623131,0.539947657,0,2,FALSE,0.781098662140265,4.96e-15,3,3,TRUE,"Not significant","Q1 (MeCP2 up / H2A up)"
"Them7",0.042264959,0.87367004,0,1,FALSE,-0.135199442,0.304405313,0,1,FALSE,"Not significant","Q4 (MeCP2 up / H2A down)"
"Thrb",0.570753196014898,0.006844467,1,8,TRUE,0.689759278518234,5.66e-13,11,14,TRUE,"Significant","Q1 (MeCP2 up / H2A up)"
"Thsd4",1.36987757941791,1.19e-10,5,16,TRUE,-0.0647363926452274,0.535838193,0,4,FALSE,"Not significant","Q4 (MeCP2 up / H2A down)"
"Thsd7a",1.82721084619872,5.32e-09,1,5,TRUE,0.637668471453189,6.65e-11,6,6,TRUE,"Significant","Q1 (MeCP2 up / H2A up)"
"Thsd7b",2.11979029488063,4.79e-14,9,10,TRUE,1.14938105792247,1.02e-27,10,10,TRUE,"Significant","Q1 (MeCP2 up / H2A up)"
"Thy1",-0.223329141042884,0.288479655,0,2,FALSE,-0.478685733882932,0.000572107,2,4,TRUE,"Not significant","Q3 (MeCP2 down / H2A down)"
"Tiam1",1.22818465429413,3.52e-07,1,11,TRUE,0.319328937165524,2.31e-05,3,6,TRUE,"Significant","Q1 (MeCP2 up / H2A up)"
"Tiam2",1.04943353341538,6.22e-05,3,5,TRUE,0.393400145630442,2.28e-08,5,5,TRUE,"Significant","Q1 (MeCP2 up / H2A up)"
"Timp3",0.0423745604011548,0.080409632,0,10,FALSE,0.220769929027001,0.000509508,2,12,TRUE,"Not significant","Q1 (MeCP2 up / H2A up)"
"Tjp1",-1.02293404549905,0.00012171,4,9,TRUE,-0.381903053588841,0.001759923,1,4,TRUE,"Significant","Q3 (MeCP2 down / H2A down)"
"Tlcd4",0.284956837,0.199669702,0,1,FALSE,0.978301953,1.34e-21,1,1,TRUE,"Not significant","Q1 (MeCP2 up / H2A up)"
"Tle1",0.211935152416044,0.162211878,0,4,FALSE,0.428596447577473,1.09e-06,2,4,TRUE,"Not significant","Q1 (MeCP2 up / H2A up)"
"Tle3",-0.0555306845297257,0.768989698,0,3,FALSE,-0.53714956774458,1.24e-06,4,4,TRUE,"Not significant","Q3 (MeCP2 down / H2A down)"
"Tle4",-0.0587035569282959,0.773137132,0,2,FALSE,0.390851001,0.000618416,1,1,TRUE,"Not significant","Q2 (MeCP2 down / H2A up)"
"Tll1",1.46316225632541,3.64e-06,1,2,TRUE,1.42832813568187,2.29e-29,3,3,TRUE,"Significant","Q1 (MeCP2 up / H2A up)"
"Tlr4",0.154694931279944,0.451283282,0,2,FALSE,0.545570071508108,4.1e-11,3,4,TRUE,"Not significant","Q1 (MeCP2 up / H2A up)"
"Tlr5",-0.149615111473725,0.401615362,0,5,FALSE,0.503771053001959,0.000238756,1,4,TRUE,"Not significant","Q2 (MeCP2 down / H2A up)"
"Tm6sf1",-0.419818858159202,0.02815334,1,4,TRUE,-0.0915892169565749,0.531471519,0,3,FALSE,"Not significant","Q3 (MeCP2 down / H2A down)"
"Tmc3",0.782468540466475,0.003276915,1,4,TRUE,0.341101957458755,0.000390983,1,4,TRUE,"Significant","Q1 (MeCP2 up / H2A up)"
"Tmcc3",-0.335172161168233,0.011312249,1,11,TRUE,0.392229194368365,4.91e-08,6,19,TRUE,"Significant","Q2 (MeCP2 down / H2A up)"
"Tmeff2",1.2248655629634,1.82e-05,4,6,TRUE,1.07753675758781,1.94e-17,8,8,TRUE,"Significant","Q1 (MeCP2 up / H2A up)"
"Tmem108",0.002655206,0.994619606,0,1,FALSE,-0.276143775,0.117912003,0,1,FALSE,"Not significant","Q4 (MeCP2 up / H2A down)"
"Tmem117",0.352644729613009,0.050006864,0,4,FALSE,0.78230261175155,1.65e-13,3,5,TRUE,"Not significant","Q1 (MeCP2 up / H2A up)"
"Tmem131l",-0.151652608386038,0.403447571,0,4,FALSE,-0.0677732435249941,0.011306462,2,3,TRUE,"Not significant","Q3 (MeCP2 down / H2A down)"
"Tmem132b",0.034909267,0.897917463,0,1,FALSE,0.377430755,0.004104024,1,1,TRUE,"Not significant","Q1 (MeCP2 up / H2A up)"
"Tmem132c",0.676296057872713,0.000420016,1,6,TRUE,0.215593124846672,1.42e-05,2,2,TRUE,"Significant","Q1 (MeCP2 up / H2A up)"
"Tmem132cos",1.4127712188524,5.87e-10,6,14,TRUE,0.296972030101136,0.006822416,1,3,TRUE,"Significant","Q1 (MeCP2 up / H2A up)"
"Tmem132e",-0.0649070254961879,0.73635083,0,3,FALSE,-0.116570890422422,0.415427225,0,2,FALSE,"Not significant","Q3 (MeCP2 down / H2A down)"
"Tmem135",0.99357252,0.002569945,1,1,TRUE,0.692469626857554,2.7e-09,2,2,TRUE,"Significant","Q1 (MeCP2 up / H2A up)"
"Tmem144",1.06626784496267,6.49e-05,4,4,TRUE,1.00733468534752,3.89e-20,5,5,TRUE,"Significant","Q1 (MeCP2 up / H2A up)"
"Tmem150c",-0.714367340306856,0.011942822,2,3,TRUE,-0.291909222,0.018458562,1,1,TRUE,"Significant","Q3 (MeCP2 down / H2A down)"
"Tmem150cos",-1.921187624,8.89e-07,1,1,TRUE,0.016260984,0.935748259,0,1,FALSE,"Not significant","Q2 (MeCP2 down / H2A up)"
"Tmem151b",-0.007119886,0.985388714,0,1,FALSE,-0.65682288,1.44e-08,1,1,TRUE,"Not significant","Q3 (MeCP2 down / H2A down)"
"Tmem154",-0.0151271836963602,0.963220518,0,2,FALSE,0.309708000342067,0.000302939,2,5,TRUE,"Not significant","Q2 (MeCP2 down / H2A up)"
"Tmem156",0.0423047352977272,0.838882094,0,3,FALSE,0.695541667267991,3.1e-09,2,3,TRUE,"Not significant","Q1 (MeCP2 up / H2A up)"
"Tmem161a",-0.028951756,0.919637193,0,1,FALSE,-0.076237685,0.669313269,0,1,FALSE,"Not significant","Q3 (MeCP2 down / H2A down)"
"Tmem163",-0.558445866392768,0.024156394,1,2,TRUE,0.473836312581631,0.000640505,1,3,TRUE,"Significant","Q2 (MeCP2 down / H2A up)"
"Tmem164",-0.014269503,0.965847293,0,1,FALSE,-0.458980617080464,9.03e-05,1,2,TRUE,"Not significant","Q3 (MeCP2 down / H2A down)"
"Tmem17",0.025012633,0.932713476,0,1,FALSE,0.147461101,0.254946685,0,1,FALSE,"Not significant","Q1 (MeCP2 up / H2A up)"
"Tmem170",-0.12152758,0.561749126,0,1,FALSE,0.06670102,0.610278825,0,1,FALSE,"Not significant","Q2 (MeCP2 down / H2A up)"
"Tmem178",0.51079732389945,0.011075233,1,3,TRUE,0.651642816394158,1.53e-06,1,2,TRUE,"Significant","Q1 (MeCP2 up / H2A up)"
"Tmem178b",-0.626163527940231,0.003298978,5,24,TRUE,-0.232649479935508,5.47e-05,5,22,TRUE,"Significant","Q3 (MeCP2 down / H2A down)"
"Tmem200c",0.00733278627797747,0.926725885,0,2,FALSE,0.085361703,0.621080583,0,1,FALSE,"Not significant","Q1 (MeCP2 up / H2A up)"
"Tmem201",-0.300956768391868,0.120689202,0,2,FALSE,-0.408647538052577,0.002532697,2,3,TRUE,"Not significant","Q3 (MeCP2 down / H2A down)"
"Tmem236",1.40150209846646,0.000102625,1,2,TRUE,0.876089478758931,6.95e-09,2,2,TRUE,"Significant","Q1 (MeCP2 up / H2A up)"
"Tmem240",-0.006265439,0.987534098,0,1,FALSE,-0.774770635,7.9e-09,1,1,TRUE,"Not significant","Q3 (MeCP2 down / H2A down)"
"Tmem255b",-0.05687536,0.818677768,0,1,FALSE,-0.359285842992186,0.000540604,2,2,TRUE,"Not significant","Q3 (MeCP2 down / H2A down)"
"Tmem275",0.013443427,0.967544519,0,1,FALSE,-0.191735278,0.136061069,0,1,FALSE,"Not significant","Q4 (MeCP2 up / H2A down)"
"Tmem45b",-0.08423292,0.702169208,0,1,FALSE,-0.546204907,0.000596843,1,1,TRUE,"Not significant","Q3 (MeCP2 down / H2A down)"
"Tmem61",-0.015289844,0.962397862,0,1,FALSE,0.04985333,0.762737533,0,1,FALSE,"Not significant","Q2 (MeCP2 down / H2A up)"
"Tmem63c",-0.017099905,0.957425855,0,1,FALSE,-0.530296442642367,1.37e-05,2,2,TRUE,"Not significant","Q3 (MeCP2 down / H2A down)"
"Tmod1",-0.096762384,0.655295511,0,1,FALSE,-0.087922143,0.620293492,0,1,FALSE,"Not significant","Q3 (MeCP2 down / H2A down)"
"Tmprss11a",0.965768083,0.000678561,1,1,TRUE,0.996813699873641,1.2e-16,2,2,TRUE,"Significant","Q1 (MeCP2 up / H2A up)"
"Tmprss11d",2.538820043,3.49e-16,1,1,TRUE,1.4007256008178,8.71e-43,3,3,TRUE,"Significant","Q1 (MeCP2 up / H2A up)"
"Tmprss11g",1.298100946,8.21e-05,1,1,TRUE,1.182708399,3.59e-27,1,1,TRUE,"Significant","Q1 (MeCP2 up / H2A up)"
"Tmprss6",-0.02017582,0.947931401,0,1,FALSE,0.424079016661406,8.09e-05,2,2,TRUE,"Not significant","Q2 (MeCP2 down / H2A up)"
"Tmtc2",0.997654225058304,3.95e-06,3,5,TRUE,0.94228783678758,1.25e-27,5,8,TRUE,"Significant","Q1 (MeCP2 up / H2A up)"
"Tmx1",0.015498482,0.962381287,0,1,FALSE,0.160727414636697,0.146276665,0,2,FALSE,"Not significant","Q1 (MeCP2 up / H2A up)"
"Tnc",0.860782543261435,0.000364177,3,10,TRUE,0.429011445650607,5.85e-08,9,15,TRUE,"Significant","Q1 (MeCP2 up / H2A up)"
"Tnfaip8",0.0557288119231504,0.634355976,0,10,FALSE,0.485916811362607,2.53e-08,7,10,TRUE,"Not significant","Q1 (MeCP2 up / H2A up)"
"Tnfrsf11a",0.236301906,0.257524812,0,1,FALSE,0.319865901664441,0.000670001,3,3,TRUE,"Not significant","Q1 (MeCP2 up / H2A up)"
"Tnfrsf13b",-0.180029502,0.391294141,0,1,FALSE,-0.190256813,0.171956999,0,1,FALSE,"Not significant","Q3 (MeCP2 down / H2A down)"
"Tnfrsf13c",-0.0114673850397346,0.930032842,0,2,FALSE,-0.118582204,0.294205237,0,1,FALSE,"Not significant","Q3 (MeCP2 down / H2A down)"
"Tnfrsf18",-0.067287381,0.776517107,0,1,FALSE,-0.105956324,0.497333227,0,1,FALSE,"Not significant","Q3 (MeCP2 down / H2A down)"
"Tnfrsf19",0.11247587689599,0.41882428,0,4,FALSE,0.0665041364042984,0.007291176,1,5,TRUE,"Not significant","Q1 (MeCP2 up / H2A up)"
"Tnfsf11",-0.160203652804165,0.380864428,0,2,FALSE,0.343200277940149,0.000285912,2,2,TRUE,"Not significant","Q2 (MeCP2 down / H2A up)"
"Tnfsf15",-0.03039429,0.915052542,0,1,FALSE,0.0387902425152657,0.779897646,0,2,FALSE,"Not significant","Q2 (MeCP2 down / H2A up)"
"Tnfsf8",-0.027386784,0.925048103,0,1,FALSE,0.13850500339539,0.054301736,0,4,FALSE,"Not significant","Q2 (MeCP2 down / H2A up)"
"Tnik",-0.163278945,0.421175467,0,1,FALSE,0.289845987904319,3.92e-05,2,7,TRUE,"Not significant","Q2 (MeCP2 down / H2A up)"
"Tnip1",-0.0547107809489601,0.789101418,0,2,FALSE,-0.175896439,0.279370914,0,1,FALSE,"Not significant","Q3 (MeCP2 down / H2A down)"
"Tnks",0.081043955,0.716293661,0,1,FALSE,0.553483452827256,1.38e-06,2,2,TRUE,"Not significant","Q1 (MeCP2 up / H2A up)"
"Tnni1",0.019123867,0.951415639,0,1,FALSE,-0.176454122510009,0.124772793,0,2,FALSE,"Not significant","Q4 (MeCP2 up / H2A down)"
"Tnni3k",-0.006106526,0.987888187,0,1,FALSE,0.502326886,0.000831397,1,1,TRUE,"Not significant","Q2 (MeCP2 down / H2A up)"
"Tnr",1.35100195498588,9.72e-13,7,17,TRUE,0.498028551396933,7.18e-15,18,32,TRUE,"Significant","Q1 (MeCP2 up / H2A up)"
"Tns1",-0.00160643453646634,0.093357473,0,13,FALSE,-0.267145208771138,0.001035575,4,19,TRUE,"Not significant","Q3 (MeCP2 down / H2A down)"
"Tns3",0.234383093676817,0.007195526,3,11,TRUE,0.45724117672749,2.53e-08,3,9,TRUE,"Significant","Q1 (MeCP2 up / H2A up)"
"Tnxb",-0.105450194944944,0.563078543,0,2,FALSE,-0.33549832697895,0.024103323,1,2,TRUE,"Not significant","Q3 (MeCP2 down / H2A down)"
"Togaram2",-0.536934964997716,0.005182629,1,6,TRUE,-0.255413893131886,0.061401415,0,9,FALSE,"Not significant","Q3 (MeCP2 down / H2A down)"
"Tom1l2",0.31769600620483,0.088285842,0,2,FALSE,0.83190266404203,1.09e-09,1,6,TRUE,"Not significant","Q1 (MeCP2 up / H2A up)"
"Top2b",-0.052516898,0.83694576,0,1,FALSE,-0.0986411418311851,0.04409982,1,5,TRUE,"Not significant","Q3 (MeCP2 down / H2A down)"
"Tor3a",0.042256385,0.870898124,0,1,FALSE,0.620191703,4.95e-10,1,1,TRUE,"Not significant","Q1 (MeCP2 up / H2A up)"
"Tox",-0.136828496,0.509727896,0,1,FALSE,-0.386201879820271,0.009597032,2,2,TRUE,"Not significant","Q3 (MeCP2 down / H2A down)"
"Tox2",0.781009003695954,1.46e-05,1,6,TRUE,0.319583220942439,0.001089352,2,7,TRUE,"Significant","Q1 (MeCP2 up / H2A up)"
"Tox3",0.464624169212001,0.036281786,1,8,TRUE,0.658674570898596,1.46e-12,6,7,TRUE,"Significant","Q1 (MeCP2 up / H2A up)"
"Tpcn1",-0.0212572042081341,0.326072312,0,3,FALSE,-0.310597531850507,0.007020135,2,3,TRUE,"Not significant","Q3 (MeCP2 down / H2A down)"
"Tpcn2",-0.0432648118104423,0.740383813,0,2,FALSE,-0.458879300580663,0.000157328,2,5,TRUE,"Not significant","Q3 (MeCP2 down / H2A down)"
"Tph2",1.51563750592211,3.06e-10,2,3,TRUE,1.06981537586611,7.22e-32,5,5,TRUE,"Significant","Q1 (MeCP2 up / H2A up)"
"Tpk1",-0.960488987,0.003580349,1,1,TRUE,0.618415024581384,5.41e-05,2,2,TRUE,"Significant","Q2 (MeCP2 down / H2A up)"
"Tpp2",0.948574356821565,0.000146307,1,2,TRUE,0.96739564481802,1.07e-13,2,2,TRUE,"Significant","Q1 (MeCP2 up / H2A up)"
"Trabd2b",0.317344225182079,0.120469516,0,3,FALSE,0.488619715,4.85e-06,1,1,TRUE,"Not significant","Q1 (MeCP2 up / H2A up)"
"Traf3",0.816841259129342,0.000451573,2,4,TRUE,0.466816538280863,4.15e-05,1,2,TRUE,"Significant","Q1 (MeCP2 up / H2A up)"
"Traf3ip2",0.791111552528712,0.000220845,2,3,TRUE,0.265824081428065,0.001286788,1,4,TRUE,"Significant","Q1 (MeCP2 up / H2A up)"
"Traf4",-0.038213074,0.892136468,0,1,FALSE,-0.4011974,0.00512192,1,1,TRUE,"Not significant","Q3 (MeCP2 down / H2A down)"
"Traf6",-0.155381947661783,0.430278762,0,2,FALSE,0.239701332900749,0.059443486,0,4,FALSE,"Not significant","Q2 (MeCP2 down / H2A up)"
"Traf7",-0.002508262,0.995066715,0,1,FALSE,-0.677707858,1.31e-06,1,1,TRUE,"Not significant","Q3 (MeCP2 down / H2A down)"
"Trak1",-0.182787084357962,0.314096852,0,2,FALSE,-0.380681720058382,0.000126836,1,4,TRUE,"Not significant","Q3 (MeCP2 down / H2A down)"
"Tram1l1",1.560763036,3.74e-06,1,1,TRUE,1.501999188,1.25e-24,1,1,TRUE,"Significant","Q1 (MeCP2 up / H2A up)"
"Tram2",-0.17983311,0.339577627,0,1,FALSE,0.154772995899822,0.016269756,1,2,TRUE,"Not significant","Q2 (MeCP2 down / H2A up)"
"Trappc12",-0.169049483904636,0.396068492,0,2,FALSE,-0.01638056,0.922547731,0,1,FALSE,"Not significant","Q3 (MeCP2 down / H2A down)"
"Trappc9",-0.077544813036568,0.720265943,0,2,FALSE,0.146317876203722,0.013690041,1,6,TRUE,"Not significant","Q2 (MeCP2 down / H2A up)"
"Trib1",0.616079729947934,0.000788654,1,3,TRUE,0.162826661071471,0.000256858,1,3,TRUE,"Significant","Q1 (MeCP2 up / H2A up)"
"Trib2",-0.194562734607421,0.190127296,0,7,FALSE,-0.145025873691631,3.68e-05,3,7,TRUE,"Not significant","Q3 (MeCP2 down / H2A down)"
"Tril",-0.221299353,0.33667229,0,1,FALSE,0.00626067109940375,0.24396268,0,3,FALSE,"Not significant","Q2 (MeCP2 down / H2A up)"
"Trim2",-0.132680686,0.525709554,0,1,FALSE,0.366307414533128,0.000757916,1,3,TRUE,"Not significant","Q2 (MeCP2 down / H2A up)"
"Trim29",-0.019097502,0.950778074,0,1,FALSE,-0.671867373832464,5e-05,1,2,TRUE,"Not significant","Q3 (MeCP2 down / H2A down)"
"Trim32",-0.349219143415178,0.056989368,0,5,FALSE,-0.121114641427034,0.009799604,3,9,TRUE,"Not significant","Q3 (MeCP2 down / H2A down)"
"Trim36",0.730003173,0.00507659,1,1,TRUE,0.695571616,2.04e-14,1,1,TRUE,"Significant","Q1 (MeCP2 up / H2A up)"
"Trim42",-0.364769087296898,0.05361304,0,12,FALSE,0.211305605390284,0.000676359,5,11,TRUE,"Not significant","Q2 (MeCP2 down / H2A up)"
"Trim62",-0.076201664,0.734912956,0,1,FALSE,-0.316776366040974,0.057193634,0,2,FALSE,"Not significant","Q3 (MeCP2 down / H2A down)"
"Trim67",-0.05903436,0.803987603,0,1,FALSE,-0.186343701371754,0.176907626,0,2,FALSE,"Not significant","Q3 (MeCP2 down / H2A down)"
"Trim71",-0.278325115,0.26660371,0,1,FALSE,-0.52329262,0.000258716,1,1,TRUE,"Not significant","Q3 (MeCP2 down / H2A down)"
"Trim72",-0.029504562,0.919186526,0,1,FALSE,-0.188320007,0.265422232,0,1,FALSE,"Not significant","Q3 (MeCP2 down / H2A down)"
"Trio",-0.421457400942727,0.04918113,1,4,TRUE,0.109560708447404,6.78e-05,6,14,TRUE,"Significant","Q2 (MeCP2 down / H2A up)"
"Triobp",0.527633853326629,0.013021785,1,6,TRUE,0.389029627,0.000118867,1,1,TRUE,"Significant","Q1 (MeCP2 up / H2A up)"
"Triqk",1.28108116516593,1.82e-05,6,10,TRUE,0.543731473507523,3.84e-15,7,11,TRUE,"Significant","Q1 (MeCP2 up / H2A up)"
"Trmt10b",-0.0708592501935361,0.733237048,0,2,FALSE,0.183749618,0.182956625,0,1,FALSE,"Not significant","Q2 (MeCP2 down / H2A up)"
"Trmt44",-0.008447374,0.981557787,0,1,FALSE,-0.420301321545194,4.81e-05,2,2,TRUE,"Not significant","Q3 (MeCP2 down / H2A down)"
"Trp53bp2",1.63696010122789,2.23e-10,3,3,TRUE,0.643904698,2.84e-08,1,1,TRUE,"Significant","Q1 (MeCP2 up / H2A up)"
"Trp53inp2",-0.015671433,0.961969905,0,1,FALSE,-0.204046498,0.22867012,0,1,FALSE,"Not significant","Q3 (MeCP2 down / H2A down)"
"Trp73",-0.385601832552221,0.052296173,0,6,FALSE,-0.337196079079153,0.001665666,3,5,TRUE,"Not significant","Q3 (MeCP2 down / H2A down)"
"Trpm1",0.562089495,0.0130601,1,1,TRUE,0.263598638,0.065999014,0,1,FALSE,"Not significant","Q1 (MeCP2 up / H2A up)"
"Trpm2",-0.135259226502113,0.49197382,0,2,FALSE,-0.203000493,0.174994262,0,1,FALSE,"Not significant","Q3 (MeCP2 down / H2A down)"
"Trpm3",1.95221530916232,1.57e-20,19,22,TRUE,1.25643155334528,5.86e-34,18,19,TRUE,"Significant","Q1 (MeCP2 up / H2A up)"
"Trpm8",1.76552529428545,2.4e-15,3,5,TRUE,0.983768305930442,8.91e-24,3,3,TRUE,"Significant","Q1 (MeCP2 up / H2A up)"
"Trpv4",-0.0403512658037179,0.872018834,0,2,FALSE,-0.644432771,1.03e-06,1,1,TRUE,"Not significant","Q3 (MeCP2 down / H2A down)"
"Trrap",0.038037171312503,0.671511937,0,3,FALSE,-0.247817130173816,0.063429144,0,2,FALSE,"Not significant","Q4 (MeCP2 up / H2A down)"
"Tsc22d1",-0.115268415887912,0.450651598,0,4,FALSE,0.10157606,0.507148218,0,1,FALSE,"Not significant","Q2 (MeCP2 down / H2A up)"
"Tsc22d3",0.0763112046762397,0.701832691,0,2,FALSE,0.0339530462646238,0.34629145,0,6,FALSE,"Not significant","Q1 (MeCP2 up / H2A up)"
"Tshb",0.10964372850474,0.594608425,0,2,FALSE,0.437914987,5.38e-05,1,1,TRUE,"Not significant","Q1 (MeCP2 up / H2A up)"
"Tshz1",1.05723213835867,7.9e-06,4,12,TRUE,0.370653990932303,2.2e-07,6,8,TRUE,"Significant","Q1 (MeCP2 up / H2A up)"
"Tshz2",-0.427072921601145,0.055124449,0,7,FALSE,-0.1569197797104,0.201605081,0,3,FALSE,"Not significant","Q3 (MeCP2 down / H2A down)"
"Tsku",0.00836625,0.981992768,0,1,FALSE,0.012275606,0.929381499,0,1,FALSE,"Not significant","Q1 (MeCP2 up / H2A up)"
"Tslrn1",2.75423957,1.86e-16,1,1,TRUE,1.076827486,2.22e-17,1,1,TRUE,"Significant","Q1 (MeCP2 up / H2A up)"
"Tspan12",0.02317588,0.938953938,0,1,FALSE,0.503082233489447,0.000219401,2,2,TRUE,"Not significant","Q1 (MeCP2 up / H2A up)"
"Tspan14",0.0735517597724076,0.588424805,0,2,FALSE,0.488622980680766,1.72e-08,3,4,TRUE,"Not significant","Q1 (MeCP2 up / H2A up)"
"Tspan18",0.327349166097828,0.03579748,1,12,TRUE,0.415958083742295,2.75e-08,4,12,TRUE,"Significant","Q1 (MeCP2 up / H2A up)"
"Tspan2",0.172516519397282,0.201280634,0,4,FALSE,0.0975181069126794,0.366843928,0,3,FALSE,"Not significant","Q1 (MeCP2 up / H2A up)"
"Tspan2os",-0.021018162,0.945852283,0,1,FALSE,-0.300431391,0.036009087,1,1,TRUE,"Not significant","Q3 (MeCP2 down / H2A down)"
"Tspan32",-0.358229296,0.125806303,0,1,FALSE,-0.382245055,0.003112377,1,1,TRUE,"Not significant","Q3 (MeCP2 down / H2A down)"
"Tspan33",-0.033535958,0.903248637,0,1,FALSE,0.403055953,0.006104408,1,1,TRUE,"Not significant","Q2 (MeCP2 down / H2A up)"
"Tspan4",-0.156641761,0.465767836,0,1,FALSE,0.224249873019014,0.152598701,0,2,FALSE,"Not significant","Q2 (MeCP2 down / H2A up)"
"Tspan9",0.442826132186492,0.000433424,1,19,TRUE,0.372132189905333,1.87e-15,10,20,TRUE,"Significant","Q1 (MeCP2 up / H2A up)"
"Ttc28",-0.307893154851094,0.029988353,1,24,TRUE,-0.207309071268382,0.004478223,3,11,TRUE,"Significant","Q3 (MeCP2 down / H2A down)"
"Ttc29",1.19028393501299,0.000676822,1,4,TRUE,0.561759846272365,6.4e-09,2,3,TRUE,"Significant","Q1 (MeCP2 up / H2A up)"
"Ttc39b",-0.107832937667903,0.584622232,0,2,FALSE,1.05073597334461,7.21e-13,3,4,TRUE,"Not significant","Q2 (MeCP2 down / H2A up)"
"Ttc39c",0.417969266,0.092646864,0,1,FALSE,0.560639020728502,6.47e-07,2,4,TRUE,"Not significant","Q1 (MeCP2 up / H2A up)"
"Ttc7",0.073641655923466,0.025986709,1,10,TRUE,0.354189865488633,2.82e-11,5,9,TRUE,"Significant","Q1 (MeCP2 up / H2A up)"
"Ttc7b",-0.141903635296089,0.414780261,0,3,FALSE,-0.0805906428619528,0.001586562,4,7,TRUE,"Not significant","Q3 (MeCP2 down / H2A down)"
"Ttc8",-0.044228734,0.867016686,0,1,FALSE,0.124360452684588,0.006138749,1,3,TRUE,"Not significant","Q2 (MeCP2 down / H2A up)"
"Ttll5",0.82479917508123,0.000833655,1,3,TRUE,0.378986348196371,7.41e-07,2,3,TRUE,"Significant","Q1 (MeCP2 up / H2A up)"
"Ttll8",0.0400516919429505,0.865633504,0,2,FALSE,-0.227222698755058,0.114211923,0,2,FALSE,"Not significant","Q4 (MeCP2 up / H2A down)"
"Ttn",-0.0394845390739237,0.815307548,0,4,FALSE,0.669330966852735,2.79e-13,2,2,TRUE,"Not significant","Q2 (MeCP2 down / H2A up)"
"Ttr",2.207875892,1.81e-14,1,1,TRUE,1.58292401791974,1.28e-25,2,2,TRUE,"Significant","Q1 (MeCP2 up / H2A up)"
"Ttyh3",-0.003808427,0.992257959,0,1,FALSE,-0.428152078,0.009379762,1,1,TRUE,"Not significant","Q3 (MeCP2 down / H2A down)"
"Tub",-0.0403514908144951,0.875357245,0,2,FALSE,0.835119593675336,1.23e-13,3,3,TRUE,"Not significant","Q2 (MeCP2 down / H2A up)"
"Tubb2b",0.431575378,0.088206111,0,1,FALSE,0.753621795,2.4e-07,1,1,TRUE,"Not significant","Q1 (MeCP2 up / H2A up)"
"Tunar",-0.078408170642177,0.683626635,0,2,FALSE,-0.357014898760603,0.00219851,1,2,TRUE,"Not significant","Q3 (MeCP2 down / H2A down)"
"Txndc2",0.957132672538785,4.15e-05,4,4,TRUE,0.342219713792529,0.006735929,2,2,TRUE,"Significant","Q1 (MeCP2 up / H2A up)"
"Txnrd3",0.019665902,0.949154227,0,1,FALSE,0.233971125376626,0.046676414,1,2,TRUE,"Not significant","Q1 (MeCP2 up / H2A up)"
"Ubash3a",-0.170346339,0.422896337,0,1,FALSE,-0.11785437,0.532193911,0,1,FALSE,"Not significant","Q3 (MeCP2 down / H2A down)"
"Ube2e2",0.0756151576984393,0.001951196,2,2,TRUE,0.700794709830282,9.8e-13,3,5,TRUE,"Significant","Q1 (MeCP2 up / H2A up)"
"Ube2e3",-0.374571761311158,0.092802201,0,7,FALSE,1.2682935087863,3.1e-65,2,11,TRUE,"Not significant","Q2 (MeCP2 down / H2A up)"
"Ube2f",-0.027527232,0.924136163,0,1,FALSE,0.306008869,0.0336207,1,1,TRUE,"Not significant","Q2 (MeCP2 down / H2A up)"
"Ube2m",-0.090276321,0.677297204,0,1,FALSE,0.191193575,0.180242177,0,1,FALSE,"Not significant","Q2 (MeCP2 down / H2A up)"
"Ube2o",-0.005317318,0.98928452,0,1,FALSE,-0.330567602,0.01100073,1,1,TRUE,"Not significant","Q3 (MeCP2 down / H2A down)"
"Ube2q1",-0.155430116,0.471338882,0,1,FALSE,-0.006992923,0.963960456,0,1,FALSE,"Not significant","Q3 (MeCP2 down / H2A down)"
"Ube2ql1",-0.032441015,0.909364956,0,1,FALSE,-0.0162609399293067,0.126105519,0,2,FALSE,"Not significant","Q3 (MeCP2 down / H2A down)"
"Ube2t",0.007266198,0.985165835,0,1,FALSE,0.053732707,0.786623551,0,1,FALSE,"Not significant","Q1 (MeCP2 up / H2A up)"
"Ube2u",1.02702155479992,1.25e-06,2,5,TRUE,0.660246179784894,1.67e-15,3,7,TRUE,"Significant","Q1 (MeCP2 up / H2A up)"
"Ube3d",0.493450223015088,0.038958676,1,2,TRUE,0.760933138798492,1.98e-09,2,2,TRUE,"Significant","Q1 (MeCP2 up / H2A up)"
"Ubiad1",0.030717006,0.912330492,0,1,FALSE,-0.337201121,0.025918307,1,1,TRUE,"Not significant","Q4 (MeCP2 up / H2A down)"
"Ubn1",-0.832840562593378,0.000199842,1,2,TRUE,-0.617806206,7.33e-11,1,1,TRUE,"Significant","Q3 (MeCP2 down / H2A down)"
"Ubtd1",0.0417408192614231,0.854445482,0,2,FALSE,0.570677374629249,2.24e-06,1,2,TRUE,"Not significant","Q1 (MeCP2 up / H2A up)"
"Ubxn10",0.1086733780762,0.525894106,0,2,FALSE,-0.145219138719049,0.334595703,0,2,FALSE,"Not significant","Q4 (MeCP2 up / H2A down)"
"Uck2",0.0809894976322404,0.518259943,0,2,FALSE,0.163963151797279,0.230591825,0,2,FALSE,"Not significant","Q1 (MeCP2 up / H2A up)"
"Ucp3",-0.097765447,0.65101475,0,1,FALSE,-0.196876597,0.085315192,0,1,FALSE,"Not significant","Q3 (MeCP2 down / H2A down)"
"Uggt2",0.804308652425888,0.005403729,1,2,TRUE,0.581740715,6.95e-10,1,1,TRUE,"Significant","Q1 (MeCP2 up / H2A up)"
"Ulbp1",-0.050439349,0.842305914,0,1,FALSE,-0.110995025,0.222333151,0,1,FALSE,"Not significant","Q3 (MeCP2 down / H2A down)"
"Ulk4",-0.556304573415963,0.002201447,2,21,TRUE,-0.489244130366977,2.13e-10,4,11,TRUE,"Significant","Q3 (MeCP2 down / H2A down)"
"Umad1",0.24344258,0.260121578,0,1,FALSE,0.965362885193434,2.07e-19,4,4,TRUE,"Not significant","Q1 (MeCP2 up / H2A up)"
"Umodl1",-0.183305363093466,0.365954632,0,2,FALSE,-0.63829321,2.57e-05,1,1,TRUE,"Not significant","Q3 (MeCP2 down / H2A down)"
"Unc5a",-0.664640719083617,0.000516705,1,9,TRUE,-0.410622394744108,0.000109362,6,8,TRUE,"Significant","Q3 (MeCP2 down / H2A down)"
"Unc5b",-0.028105631,0.923560255,0,1,FALSE,-0.526661519751317,0.00011004,5,5,TRUE,"Not significant","Q3 (MeCP2 down / H2A down)"
"Unc5c",2.57338541398445,5.87e-18,2,2,TRUE,1.04453845217889,7.61e-41,10,12,TRUE,"Significant","Q1 (MeCP2 up / H2A up)"
"Unc5cl",0.0501209074608906,0.566046213,0,3,FALSE,0.206821385,0.127195588,0,1,FALSE,"Not significant","Q1 (MeCP2 up / H2A up)"
"Unc5d",0.17880283,0.400152905,0,1,FALSE,0.769051000620302,7.46e-06,2,2,TRUE,"Not significant","Q1 (MeCP2 up / H2A up)"
"Uncx",0.277328224,0.243948382,0,1,FALSE,0.128732257,0.342924411,0,1,FALSE,"Not significant","Q1 (MeCP2 up / H2A up)"
"Upb1",-0.177174641,0.396814613,0,1,FALSE,-0.0576436778779868,0.627668757,0,3,FALSE,"Not significant","Q3 (MeCP2 down / H2A down)"
"Upp2",1.26807962543672,1.53e-07,2,3,TRUE,0.576299691875313,1.06e-15,4,7,TRUE,"Significant","Q1 (MeCP2 up / H2A up)"
"Urb2",0.248269737,0.234425151,0,1,FALSE,0.535935562828509,0.001063851,1,2,TRUE,"Not significant","Q1 (MeCP2 up / H2A up)"
"Uri1",0.164980195,0.409961476,0,1,FALSE,0.178406731196497,0.098271208,0,2,FALSE,"Not significant","Q1 (MeCP2 up / H2A up)"
"Ush1c",-0.107006013194883,0.582691333,0,2,FALSE,-0.103013965614994,0.47318087,0,2,FALSE,"Not significant","Q3 (MeCP2 down / H2A down)"
"Ush1g",-0.034879086,0.899718518,0,1,FALSE,-0.213884608,0.266713533,0,1,FALSE,"Not significant","Q3 (MeCP2 down / H2A down)"
"Ush2a",0.872949616074052,0.000316724,2,11,TRUE,0.883481262508121,2.06e-25,3,6,TRUE,"Significant","Q1 (MeCP2 up / H2A up)"
"Usp2",-0.060883774,0.797901786,0,1,FALSE,0.359393282920819,0.001308686,1,2,TRUE,"Not significant","Q2 (MeCP2 down / H2A up)"
"Usp25",-0.040517783,0.877331257,0,1,FALSE,1.10476370323654,2.09e-31,3,3,TRUE,"Not significant","Q2 (MeCP2 down / H2A up)"
"Usp42",0.009853452,0.978258775,0,1,FALSE,-0.257930623,0.074221593,0,1,FALSE,"Not significant","Q4 (MeCP2 up / H2A down)"
"Usp6nl",0.00544574742222583,0.585717165,0,5,FALSE,0.445551396653288,1.07e-09,4,7,TRUE,"Not significant","Q1 (MeCP2 up / H2A up)"
"Utf1",-0.002908309,0.994092053,0,1,FALSE,-0.306613095,0.054048635,0,1,FALSE,"Not significant","Q3 (MeCP2 down / H2A down)"
"Utrn",1.44343083480413,4.58e-08,2,5,TRUE,1.04297178439767,1.92e-20,6,10,TRUE,"Significant","Q1 (MeCP2 up / H2A up)"
"Uvrag",0.00642582820290138,0.736240397,0,3,FALSE,0.230305832129642,0.199579261,0,2,FALSE,"Not significant","Q1 (MeCP2 up / H2A up)"
"Vac14",1.4653564029782,4.1e-07,2,3,TRUE,0.786758124147305,2.07e-12,4,5,TRUE,"Significant","Q1 (MeCP2 up / H2A up)"
"Vangl1",-0.328683598,0.131734666,0,1,FALSE,-0.18436446865062,0.096141234,0,3,FALSE,"Not significant","Q3 (MeCP2 down / H2A down)"
"Vapb",-0.193377715790955,0.218931975,0,5,FALSE,0.339050827,0.000610949,1,1,TRUE,"Not significant","Q2 (MeCP2 down / H2A up)"
"Vash1",-0.001896509,0.99599578,0,1,FALSE,0.0215004835377784,0.445191309,0,2,FALSE,"Not significant","Q2 (MeCP2 down / H2A up)"
"Vash2",-0.735753428652048,0.007543568,1,3,TRUE,-0.0447548473675607,0.297137689,0,3,FALSE,"Not significant","Q3 (MeCP2 down / H2A down)"
"Vat1l",0.419685540060893,0.029206929,1,2,TRUE,0.733514136921744,1.97e-11,3,5,TRUE,"Significant","Q1 (MeCP2 up / H2A up)"
"Vav2",-0.493211985357473,0.008110138,3,21,TRUE,-0.455067547753112,4.27e-06,15,23,TRUE,"Significant","Q3 (MeCP2 down / H2A down)"
"Vav3",-0.41795559226213,0.029737483,1,10,TRUE,0.303773952774478,5.04e-08,7,23,TRUE,"Significant","Q2 (MeCP2 down / H2A up)"
"Vdr",-0.0588977344678175,0.678749043,0,3,FALSE,-0.567308415,0.000696097,1,1,TRUE,"Not significant","Q3 (MeCP2 down / H2A down)"
"Vgll4",-0.144064730187587,0.359557939,0,4,FALSE,0.278177566797702,0.000665023,1,2,TRUE,"Not significant","Q2 (MeCP2 down / H2A up)"
"Vinac1",-0.008821842,0.980802237,0,1,FALSE,0.025965835,0.81196577,0,1,FALSE,"Not significant","Q2 (MeCP2 down / H2A up)"
"Vipr1",-0.104747979676447,0.403703032,0,2,FALSE,-0.198048449,0.318634217,0,1,FALSE,"Not significant","Q3 (MeCP2 down / H2A down)"
"Vipr2",0.893976792353796,0.00020156,3,4,TRUE,1.23305398126556,1.88e-45,3,3,TRUE,"Significant","Q1 (MeCP2 up / H2A up)"
"Vit",-0.0624358079131684,0.662241041,0,3,FALSE,0.237338363618602,0.008215313,1,3,TRUE,"Not significant","Q2 (MeCP2 down / H2A up)"
"Vps13a",-0.171696946,0.390017784,0,1,FALSE,0.028472599,0.853489323,0,1,FALSE,"Not significant","Q2 (MeCP2 down / H2A up)"
"Vps13d",-0.475103701611162,0.032016984,1,3,TRUE,-0.407240402862299,0.001491848,1,3,TRUE,"Significant","Q3 (MeCP2 down / H2A down)"
"Vps18",-0.054007468,0.831017203,0,1,FALSE,0.038656597108803,0.148844111,0,2,FALSE,"Not significant","Q2 (MeCP2 down / H2A up)"
"Vps37b",-0.185695613184335,0.324687044,0,2,FALSE,-0.270724678,0.027273007,1,1,TRUE,"Not significant","Q3 (MeCP2 down / H2A down)"
"Vps8",0.007705215,0.983767584,0,1,FALSE,0.080354187,0.621397708,0,1,FALSE,"Not significant","Q1 (MeCP2 up / H2A up)"
"Vrk1",-0.424486438392976,0.023785201,1,14,TRUE,0.264146442237151,0.004391193,1,4,TRUE,"Significant","Q2 (MeCP2 down / H2A up)"
"Vsir",-0.104396686,0.628723015,0,1,FALSE,-0.068591477,0.678848924,0,1,FALSE,"Not significant","Q3 (MeCP2 down / H2A down)"
"Vstm2l",-0.51111753205912,0.012010762,2,9,TRUE,-0.636193950769621,1.46e-09,2,6,TRUE,"Significant","Q3 (MeCP2 down / H2A down)"
"Vstm4",-0.0150627725659752,0.499040688,0,6,FALSE,0.348855362796491,0.000453579,3,5,TRUE,"Not significant","Q2 (MeCP2 down / H2A up)"
"Vsx1",-0.131622226,0.530884248,0,1,FALSE,-0.365773719,0.005387709,1,1,TRUE,"Not significant","Q3 (MeCP2 down / H2A down)"
"Vti1a",-0.984271399203125,3.04e-05,2,7,TRUE,-0.184237787992969,0.145523902,0,2,FALSE,"Not significant","Q3 (MeCP2 down / H2A down)"
"Vwa2",-0.0143712458551918,0.819336261,0,2,FALSE,0.365219054754647,0.000102786,1,2,TRUE,"Not significant","Q2 (MeCP2 down / H2A up)"
"Vwa8",0.788716454130244,0.000339534,1,6,TRUE,0.666789775,1.21e-10,1,1,TRUE,"Significant","Q1 (MeCP2 up / H2A up)"
"Vwc2l",0.890245180705069,0.000380026,2,5,TRUE,1.27806470321536,5.82e-19,3,4,TRUE,"Significant","Q1 (MeCP2 up / H2A up)"
"Vwf",-0.842896796422475,1.91e-05,4,10,TRUE,-0.513300298902899,7.42e-09,8,12,TRUE,"Significant","Q3 (MeCP2 down / H2A down)"
"Wdfy4",-0.41186535631757,0.028918616,1,10,TRUE,-0.452299514821744,1.26e-06,8,16,TRUE,"Significant","Q3 (MeCP2 down / H2A down)"
"Wdr25",-1.01053072067133,4.75e-06,4,18,TRUE,-0.480791575603063,8.2e-08,12,13,TRUE,"Significant","Q3 (MeCP2 down / H2A down)"
"Wdr3",1.92355960213745,9.49e-12,4,6,TRUE,1.42463545126492,6.35e-50,5,5,TRUE,"Significant","Q1 (MeCP2 up / H2A up)"
"Wdr7",0.0139,0.967787876,0,1,FALSE,0.618029233148859,1.34e-08,3,3,TRUE,"Not significant","Q1 (MeCP2 up / H2A up)"
"Wdr70",-0.067960129,0.769994062,0,1,FALSE,-0.269488267838955,0.0914871,0,2,FALSE,"Not significant","Q3 (MeCP2 down / H2A down)"
"Wdr86",0.01212998,0.971342295,0,1,FALSE,-0.114609843,0.431201465,0,1,FALSE,"Not significant","Q4 (MeCP2 up / H2A down)"
"Wdr91",-0.012513377,0.970245224,0,1,FALSE,0.799109085,5.58e-09,1,1,TRUE,"Not significant","Q2 (MeCP2 down / H2A up)"
"Wdr95",-0.226202306,0.274150365,0,1,FALSE,0.273376013107168,0.048050034,1,2,TRUE,"Not significant","Q2 (MeCP2 down / H2A up)"
"Wfs1",-0.0858853102275792,0.697314644,0,2,FALSE,-0.398492723417558,0.000109932,1,2,TRUE,"Not significant","Q3 (MeCP2 down / H2A down)"
"Whrn",-0.012885479866061,0.95865088,0,3,FALSE,0.195563246816969,6.21e-05,2,8,TRUE,"Not significant","Q2 (MeCP2 down / H2A up)"
"Wif1",0.0568435365534664,0.403931013,0,2,FALSE,0.426795073828417,2.66e-06,1,3,TRUE,"Not significant","Q1 (MeCP2 up / H2A up)"
"Wipf3",1.13777214942763,7.57e-06,1,2,TRUE,0.290609228476311,3.29e-08,3,3,TRUE,"Significant","Q1 (MeCP2 up / H2A up)"
"Wnk2",-0.0966060340815227,0.610021755,0,3,FALSE,-0.265476446935829,0.007895745,2,8,TRUE,"Not significant","Q3 (MeCP2 down / H2A down)"
"Wnt11",-0.028948695,0.919893508,0,1,FALSE,-0.145554849,0.28407499,0,1,FALSE,"Not significant","Q3 (MeCP2 down / H2A down)"
"Wnt3a",-0.303556093,0.185978626,0,1,FALSE,-0.299206671695041,0.005141386,2,2,TRUE,"Not significant","Q3 (MeCP2 down / H2A down)"
"Wnt4",-0.379661799548419,0.06027154,0,5,FALSE,-0.511098712453854,1.77e-07,4,5,TRUE,"Not significant","Q3 (MeCP2 down / H2A down)"
"Wnt5a",0.267425085078048,0.054750452,0,8,FALSE,0.132661289420624,0.013527323,1,6,TRUE,"Not significant","Q1 (MeCP2 up / H2A up)"
"Wnt7a",0.0707788196371007,0.736869461,0,2,FALSE,-0.198373661733001,0.186315831,0,2,FALSE,"Not significant","Q4 (MeCP2 up / H2A down)"
"Wnt7b",-0.148987884354584,0.430655718,0,2,FALSE,-0.476583591865027,6.39e-07,5,6,TRUE,"Not significant","Q3 (MeCP2 down / H2A down)"
"Wnt9b",0.026569547,0.9270933,0,1,FALSE,0.155166532,0.330539685,0,1,FALSE,"Not significant","Q1 (MeCP2 up / H2A up)"
"Wscd1",-0.040308186,0.880549925,0,1,FALSE,-0.399975932249592,0.005232126,1,2,TRUE,"Not significant","Q3 (MeCP2 down / H2A down)"
"Wscd2",-0.224072695786118,0.235540605,0,2,FALSE,-0.705440039,4.51e-05,1,1,TRUE,"Not significant","Q3 (MeCP2 down / H2A down)"
"Wt1os",0.0190752137211992,0.697332216,0,2,FALSE,0.412020119931537,5.89e-05,1,2,TRUE,"Not significant","Q1 (MeCP2 up / H2A up)"
"Wwc1",-0.370717500380818,0.027333527,1,10,TRUE,0.186321108824311,0.034080068,1,11,TRUE,"Significant","Q2 (MeCP2 down / H2A up)"
"Wwc2",-0.048559383,0.848155314,0,1,FALSE,0.286271152315213,0.037446394,1,2,TRUE,"Not significant","Q2 (MeCP2 down / H2A up)"
"Wwox",1.12728499884508,9.57e-10,29,81,TRUE,0.738771004921644,2.8e-21,23,40,TRUE,"Significant","Q1 (MeCP2 up / H2A up)"
"Wwp2",0.013496446,0.967541924,0,1,FALSE,0.120547982067607,0.313519611,0,2,FALSE,"Not significant","Q1 (MeCP2 up / H2A up)"
"Xcl1",0.042387722,0.870422313,0,1,FALSE,1.30271169063258,4.65e-29,3,3,TRUE,"Not significant","Q1 (MeCP2 up / H2A up)"
"Xirp2",-0.0588267090555492,0.793357275,0,2,FALSE,0.383491689,0.001148969,1,1,TRUE,"Not significant","Q2 (MeCP2 down / H2A up)"
"Xkr4",0.247598028570173,0.254262579,0,2,FALSE,0.623360840490058,1.62e-09,2,2,TRUE,"Not significant","Q1 (MeCP2 up / H2A up)"
"Xpr1",-0.202426737,0.380103739,0,1,FALSE,-0.125227516,0.414414511,0,1,FALSE,"Not significant","Q3 (MeCP2 down / H2A down)"
"Xrcc5",0.863171831,0.004623254,1,1,TRUE,0.081145569,0.54863843,0,1,FALSE,"Not significant","Q1 (MeCP2 up / H2A up)"
"Xxylt1",-0.0606247954271773,0.405499427,0,17,FALSE,0.0411600471365233,0.014713065,3,24,TRUE,"Not significant","Q2 (MeCP2 down / H2A up)"
"Xylt1",0.667424176031767,0.002656105,2,5,TRUE,0.948556803,7.19e-08,1,1,TRUE,"Significant","Q1 (MeCP2 up / H2A up)"
"Yap1",1.34179092171918,6.54e-08,3,3,TRUE,0.667337321498694,1.98e-13,2,2,TRUE,"Significant","Q1 (MeCP2 up / H2A up)"
"Yipf7",-0.021645926,0.945628798,0,1,FALSE,0.79115704,9.03e-09,1,1,TRUE,"Not significant","Q2 (MeCP2 down / H2A up)"
"Ywhaz",-0.0197813985693868,0.830813439,0,2,FALSE,0.412261211731728,0.000254488,4,4,TRUE,"Not significant","Q2 (MeCP2 down / H2A up)"
"Zbbx",2.43249879958145,6.02e-16,5,5,TRUE,1.20748137686372,8.22e-22,3,3,TRUE,"Significant","Q1 (MeCP2 up / H2A up)"
"Zbtb16",-0.734188483547412,8.7e-05,2,12,TRUE,-0.222592130424468,0.000664815,2,4,TRUE,"Significant","Q3 (MeCP2 down / H2A down)"
"Zbtb18",-0.086364194,0.699133771,0,1,FALSE,0.691703684472105,6.68e-07,1,2,TRUE,"Not significant","Q2 (MeCP2 down / H2A up)"
"Zbtb20",2.15028403699706,1.22e-17,13,17,TRUE,1.33172116899429,4.14e-63,19,21,TRUE,"Significant","Q1 (MeCP2 up / H2A up)"
"Zbtb40",1.42723096402319,1.88e-10,7,11,TRUE,-0.327640859357093,2.73e-05,1,4,TRUE,"Significant","Q4 (MeCP2 up / H2A down)"
"Zbtb7c",-0.674891607147039,0.003374923,2,14,TRUE,-0.151301693349435,0.002721026,4,23,TRUE,"Significant","Q3 (MeCP2 down / H2A down)"
"Zc3h13",0.027580352,0.923823217,0,1,FALSE,0.136233404893493,0.087222549,0,2,FALSE,"Not significant","Q1 (MeCP2 up / H2A up)"
"Zcchc14",-0.038103584206118,0.846746054,0,4,FALSE,-0.272561972725012,0.003874746,2,3,TRUE,"Not significant","Q3 (MeCP2 down / H2A down)"
"Zcchc24",-0.455632515234027,0.074134937,0,4,FALSE,-0.219220687183298,0.032032027,1,4,TRUE,"Not significant","Q3 (MeCP2 down / H2A down)"
"Zdhhc14",-0.063305726,0.788514475,0,1,FALSE,0.850511520657925,2.96e-12,2,2,TRUE,"Not significant","Q2 (MeCP2 down / H2A up)"
"Zdhhc18",0.002519314,0.994993771,0,1,FALSE,-0.069020013,0.68939953,0,1,FALSE,"Not significant","Q4 (MeCP2 up / H2A down)"
"Zdhhc7",-0.0157415681822159,0.838978665,0,4,FALSE,0.0278818035269185,0.632180584,0,4,FALSE,"Not significant","Q2 (MeCP2 down / H2A up)"
"Zeb2",-0.662162537451903,0.005598675,1,4,TRUE,0.393460858521389,0.000594091,1,4,TRUE,"Significant","Q2 (MeCP2 down / H2A up)"
"Zfand3",-0.295840142755755,0.157275171,0,4,FALSE,-0.818425029055319,9.19e-13,5,7,TRUE,"Not significant","Q3 (MeCP2 down / H2A down)"
"Zfat",0.294356320775719,0.072922059,0,6,FALSE,0.259455683665731,8.31e-05,4,5,TRUE,"Not significant","Q1 (MeCP2 up / H2A up)"
"Zfhx2",-0.119257831,0.568266716,0,1,FALSE,-0.448681617,0.00214236,1,1,TRUE,"Not significant","Q3 (MeCP2 down / H2A down)"
"Zfhx3",0.0468550165236455,0.287070862,0,13,FALSE,-0.259686735313031,3.93e-08,8,16,TRUE,"Not significant","Q4 (MeCP2 up / H2A down)"
"Zfp236",-0.017594539,0.956113554,0,1,FALSE,0.159738162,0.10221471,0,1,FALSE,"Not significant","Q2 (MeCP2 down / H2A up)"
"Zfp316",-0.045333112,0.863852651,0,1,FALSE,-0.332642541,0.006432129,1,1,TRUE,"Not significant","Q3 (MeCP2 down / H2A down)"
"Zfp326",0.849650960949753,0.004273842,1,4,TRUE,0.406006872,0.005497195,1,1,TRUE,"Significant","Q1 (MeCP2 up / H2A up)"
"Zfp366",-0.061338911,0.790801792,0,1,FALSE,0.0998389929497823,0.008173136,2,3,TRUE,"Not significant","Q2 (MeCP2 down / H2A up)"
"Zfp36l1",0.023073134,0.940577721,0,1,FALSE,0.509761889,0.00093485,1,1,TRUE,"Not significant","Q1 (MeCP2 up / H2A up)"
"Zfp36l2",-0.21932195223815,0.16677958,0,4,FALSE,0.0870338894374115,0.000301035,3,6,TRUE,"Not significant","Q2 (MeCP2 down / H2A up)"
"Zfp385c",0.025688457,0.930980526,0,1,FALSE,-0.240636861957409,0.079808298,0,3,FALSE,"Not significant","Q4 (MeCP2 up / H2A down)"
"Zfp395",1.402471056,5.1e-05,1,1,TRUE,0.937763008,2.35e-10,1,1,TRUE,"Significant","Q1 (MeCP2 up / H2A up)"
"Zfp397",0.476699502,0.070292482,0,1,FALSE,-0.0710519505271492,0.526805959,0,2,FALSE,"Not significant","Q4 (MeCP2 up / H2A down)"
"Zfp407",0.00681715511733973,0.339314776,0,7,FALSE,0.38415966,5.52e-05,1,1,TRUE,"Not significant","Q1 (MeCP2 up / H2A up)"
"Zfp423",-0.831035946178233,3.58e-05,7,34,TRUE,-0.231189739682883,4.8e-07,12,36,TRUE,"Significant","Q3 (MeCP2 down / H2A down)"
"Zfp444",0.007684489,0.983811034,0,1,FALSE,-0.44017436,0.010366439,1,1,TRUE,"Not significant","Q4 (MeCP2 up / H2A down)"
"Zfp462",-0.937616631424853,2.25e-06,2,10,TRUE,0.236095640899878,7.79e-06,6,12,TRUE,"Significant","Q2 (MeCP2 down / H2A up)"
"Zfp469",-0.367749419171384,0.013162993,1,15,TRUE,-0.396965270795543,7.3e-07,5,17,TRUE,"Significant","Q3 (MeCP2 down / H2A down)"
"Zfp488",-0.068028581113223,0.409743881,0,4,FALSE,0.652508785390626,3.26e-13,2,2,TRUE,"Not significant","Q2 (MeCP2 down / H2A up)"
"Zfp503",-0.19643869066799,0.306737559,0,2,FALSE,0.925768026,3.02e-11,1,1,TRUE,"Not significant","Q2 (MeCP2 down / H2A up)"
"Zfp516",0.0140638655509461,0.811164231,0,6,FALSE,0.256914402914949,2.41e-05,4,9,TRUE,"Not significant","Q1 (MeCP2 up / H2A up)"
"Zfp518b",0.0273850221303221,0.90339009,0,2,FALSE,0.170122837,0.251166318,0,1,FALSE,"Not significant","Q1 (MeCP2 up / H2A up)"
"Zfp521",-0.253679213182053,0.016467265,3,6,TRUE,0.52223478730194,5.04e-16,9,19,TRUE,"Significant","Q2 (MeCP2 down / H2A up)"
"Zfp532",-0.030201756,0.915052542,0,1,FALSE,-0.0294722410660103,0.68543399,0,2,FALSE,"Not significant","Q3 (MeCP2 down / H2A down)"
"Zfp536",0.964083547380483,8.55e-07,4,13,TRUE,0.497738082201419,4.22e-08,4,10,TRUE,"Significant","Q1 (MeCP2 up / H2A up)"
"Zfp572",0.180181292946739,0.280321581,0,5,FALSE,0.27786284154103,0.011182664,2,5,TRUE,"Not significant","Q1 (MeCP2 up / H2A up)"
"Zfp575",-0.048606671,0.849025297,0,1,FALSE,0.083045032,0.631077438,0,1,FALSE,"Not significant","Q2 (MeCP2 down / H2A up)"
"Zfp592",0.010065633,0.977976749,0,1,FALSE,-0.368203404,0.01663602,1,1,TRUE,"Not significant","Q4 (MeCP2 up / H2A down)"
"Zfp608",2.02245493350233,1.02e-21,12,21,TRUE,0.67108991696162,6.87e-17,16,19,TRUE,"Significant","Q1 (MeCP2 up / H2A up)"
"Zfp618",-0.453755589670797,0.012399823,1,9,TRUE,-0.355274801715974,6.09e-05,3,9,TRUE,"Significant","Q3 (MeCP2 down / H2A down)"
"Zfp641",0.074882844,0.73533837,0,1,FALSE,0.099866457,0.549140108,0,1,FALSE,"Not significant","Q1 (MeCP2 up / H2A up)"
"Zfp644",0.127925186708184,0.42572925,0,2,FALSE,0.409597981499105,2.32e-05,1,2,TRUE,"Not significant","Q1 (MeCP2 up / H2A up)"
"Zfp648",-0.084652479,0.711535046,0,1,FALSE,-0.002407237,0.98595935,0,1,FALSE,"Not significant","Q3 (MeCP2 down / H2A down)"
"Zfp703",-0.078776163,0.729624845,0,1,FALSE,0.376111969,0.010322954,1,1,TRUE,"Not significant","Q2 (MeCP2 down / H2A up)"
"Zfp704",-0.804625677509639,0.005015158,1,4,TRUE,0.202852746651894,0.001042112,3,6,TRUE,"Significant","Q2 (MeCP2 down / H2A up)"
"Zfp706",0.618030207354699,0.006699817,2,4,TRUE,1.07728877554894,1.04e-19,5,5,TRUE,"Significant","Q1 (MeCP2 up / H2A up)"
"Zfp750",-0.0200082797234027,0.938832201,0,2,FALSE,-0.06907624,0.643810734,0,1,FALSE,"Not significant","Q3 (MeCP2 down / H2A down)"
"Zfp800",1.63194524323724,1.09e-09,2,2,TRUE,0.624818446,2.27e-05,1,1,TRUE,"Significant","Q1 (MeCP2 up / H2A up)"
"Zfp804a",1.554548659,9.63e-06,1,1,TRUE,1.29824123424189,2.02e-22,2,2,TRUE,"Significant","Q1 (MeCP2 up / H2A up)"
"Zfp827",1.04494237494352,0.000685998,1,4,TRUE,0.806982350798401,1.79e-22,1,2,TRUE,"Significant","Q1 (MeCP2 up / H2A up)"
"Zfp958",0.015667683,0.961771032,0,1,FALSE,0.482729256,0.006731462,1,1,TRUE,"Not significant","Q1 (MeCP2 up / H2A up)"
"Zfpm1",-0.327832083257662,0.042685898,1,5,TRUE,-0.515738505013173,4.43e-06,3,7,TRUE,"Significant","Q3 (MeCP2 down / H2A down)"
"Zfyve28",-0.0378023817087153,0.872376757,0,3,FALSE,0.25598648246764,0.000534425,1,2,TRUE,"Not significant","Q2 (MeCP2 down / H2A up)"
"Zhx2",0.864922879370638,1.76e-05,2,5,TRUE,0.720833869785363,1.74e-13,6,7,TRUE,"Significant","Q1 (MeCP2 up / H2A up)"
"Zic3",-0.075031315,0.761342867,0,1,FALSE,0.503569619477944,5.47e-13,2,2,TRUE,"Not significant","Q2 (MeCP2 down / H2A up)"
"Zic4",2.48892784827906,2.06e-19,5,12,TRUE,1.1025035266273,2.02e-29,10,11,TRUE,"Significant","Q1 (MeCP2 up / H2A up)"
"Zmat5",0.109565414,0.595656618,0,1,FALSE,-0.293728397538209,0.012426363,1,3,TRUE,"Not significant","Q4 (MeCP2 up / H2A down)"
"Zmiz1",1.57416620100724,6.49e-12,3,20,TRUE,0.739848334286195,2.84e-29,21,35,TRUE,"Significant","Q1 (MeCP2 up / H2A up)"
"Zmynd12",0.090904287,0.668183407,0,1,FALSE,0.156811129,0.355639855,0,1,FALSE,"Not significant","Q1 (MeCP2 up / H2A up)"
"Znrf3",1.87190285962366,4.94e-15,4,5,TRUE,0.544232403366628,2.35e-05,2,2,TRUE,"Significant","Q1 (MeCP2 up / H2A up)"
"Zswim6",-0.315106127683007,0.098848165,0,4,FALSE,0.246141118809858,2.13e-06,3,5,TRUE,"Not significant","Q2 (MeCP2 down / H2A up)"
