gene_name	chr	intron_hypo	gene_mch_hypo
0610009B22Rik	chr11	FALSE	FALSE
0610010F05Rik	chr11	FALSE	FALSE
0610010K14Rik	chr11	TRUE	FALSE
0610040J01Rik	chr5	TRUE	TRUE
1110002E22Rik	chr3	FALSE	FALSE
1110004F10Rik	chr7	FALSE	FALSE
1110008P14Rik	chr2	TRUE	FALSE
1110012L19Rik	chrX	FALSE	FALSE
1110017D15Rik	chr4	FALSE	FALSE
1110032A03Rik	chr9	FALSE	FALSE
1110038F14Rik	chr15	FALSE	FALSE
1110051M20Rik	chr2	TRUE	TRUE
1110059E24Rik	chr19	TRUE	TRUE
1110059G10Rik	chr9	FALSE	FALSE
1110065P20Rik	chr4	FALSE	FALSE
1190005I06Rik	chr8	TRUE	TRUE
1190007I07Rik	chr10	TRUE	FALSE
1300017J02Rik	chr9	TRUE	TRUE
1500009C09Rik	chr15	FALSE	FALSE
1500009L16Rik	chr10	FALSE	FALSE
1500011B03Rik	chr5	FALSE	FALSE
1520401A03Rik	chr17	TRUE	FALSE
1600012H06Rik	chr17	FALSE	FALSE
1600014C10Rik	chr7	FALSE	FALSE
1600014C23Rik	chr17	FALSE	FALSE
1700001C19Rik	chr17	FALSE	FALSE
1700001F09Rik	chr14	TRUE	FALSE
1700001J03Rik	chr5	TRUE	FALSE
1700001K19Rik	chr12	FALSE	FALSE
1700001L19Rik	chr13	TRUE	FALSE
1700001O22Rik	chr2	TRUE	FALSE
1700001P01Rik	chr11	TRUE	FALSE
1700003E16Rik	chr6	FALSE	FALSE
1700003F12Rik	chr2	FALSE	FALSE
1700003H04Rik	chr3	FALSE	FALSE
1700006A11Rik	chr3	TRUE	TRUE
1700007K13Rik	chr2	TRUE	FALSE
1700008O03Rik	chr7	FALSE	FALSE
1700008P02Rik	chr3	FALSE	FALSE
1700009N14Rik	chr4	FALSE	FALSE
1700010B08Rik	chr2	TRUE	FALSE
1700010I14Rik	chr17	TRUE	TRUE
1700011L22Rik	chr8	FALSE	FALSE
1700012A03Rik	chr6	FALSE	FALSE
1700012B07Rik	chr11	TRUE	TRUE
1700012B09Rik	chr9	TRUE	TRUE
1700012P22Rik	chr4	FALSE	FALSE
1700013F07Rik	chr3	TRUE	FALSE
1700013G24Rik	chr4	TRUE	FALSE
1700013H16Rik	chrX	FALSE	FALSE
1700014D04Rik	chr13	FALSE	FALSE
1700015F17Rik	chr5	FALSE	FALSE
1700015G11Rik	chr7	TRUE	FALSE
1700016C15Rik	chr1	TRUE	TRUE
1700016D06Rik	chr8	FALSE	FALSE
1700016H13Rik	chr5	TRUE	FALSE
1700016K19Rik	chr11	TRUE	FALSE
1700017B05Rik	chr9	TRUE	FALSE
1700017N19Rik	chr10	FALSE	FALSE
1700018B08Rik	chr8	TRUE	FALSE
1700018F24Rik	chr5	TRUE	FALSE
1700019A02Rik	chr1	FALSE	FALSE
1700019D03Rik	chr1	FALSE	FALSE
1700019N19Rik	chr19	FALSE	FALSE
1700020A23Rik	chr2	TRUE	FALSE
1700020L24Rik	chr11	FALSE	FALSE
1700020N01Rik	chr10	TRUE	TRUE
1700021F07Rik	chr2	TRUE	FALSE
1700022I11Rik	chr4	TRUE	FALSE
1700024B05Rik	chr14	FALSE	TRUE
1700024G13Rik	chr14	FALSE	FALSE
1700025B11Rik	chr15	TRUE	FALSE
1700025C18Rik	chr2	TRUE	FALSE
1700025G04Rik	chr1	FALSE	FALSE
1700028J19Rik	chr7	FALSE	FALSE
1700028K03Rik	chr5	FALSE	FALSE
1700028P14Rik	chr19	FALSE	FALSE
1700029F12Rik	chr13	FALSE	FALSE
1700029H14Rik	chr8	TRUE	FALSE
1700029I15Rik	chr2	FALSE	FALSE
1700029J07Rik	chr8	TRUE	FALSE
1700030J22Rik	chr8	FALSE	FALSE
1700030K09Rik	chr8	FALSE	FALSE
1700031F05Rik	chrX	TRUE	FALSE
1700031L13Rik	chr5	FALSE	FALSE
1700034E13Rik	chr18	FALSE	FALSE
1700034J05Rik	chr6	FALSE	FALSE
1700037C18Rik	chr16	FALSE	FALSE
1700037H04Rik	chr2	FALSE	FALSE
1700042G07Rik	chr4	FALSE	FALSE
1700057G04Rik	chr9	FALSE	FALSE
1700064H15Rik	chr3	FALSE	FALSE
1700066B19Rik	chr18	TRUE	TRUE
1700066M21Rik	chr1	FALSE	FALSE
1700067K01Rik	chr8	FALSE	FALSE
1700067P10Rik	chr17	FALSE	FALSE
1700069L16Rik	chr5	TRUE	TRUE
1700074P13Rik	chr6	TRUE	FALSE
1700080O16Rik	chrX	TRUE	FALSE
1700086D15Rik	chr11	TRUE	FALSE
1700088E04Rik	chr15	FALSE	FALSE
1700093K21Rik	chr11	TRUE	FALSE
1700094D03Rik	chr3	TRUE	FALSE
1700102P08Rik	chr9	TRUE	TRUE
1700109H08Rik	chr5	FALSE	FALSE
1700113H08Rik	chr10	FALSE	FALSE
1700122O11Rik	chr17	TRUE	FALSE
1700123K08Rik	chr5	FALSE	FALSE
1700123O20Rik	chr14	FALSE	FALSE
1700125H20Rik	chr11	FALSE	FALSE
1700129C05Rik	chr14	TRUE	FALSE
1810009A15Rik	chr19	TRUE	FALSE
1810009J06Rik	chr6	TRUE	FALSE
1810010H24Rik	chr11	FALSE	FALSE
1810013L24Rik	chr16	TRUE	TRUE
1810020O05Rik	chr6	FALSE	FALSE
1810024B03Rik	chr2	FALSE	TRUE
1810030O07Rik	chrX	FALSE	FALSE
1810037I17Rik	chr3	FALSE	FALSE
1810046K07Rik	chr9	TRUE	TRUE
1810055G02Rik	chr19	FALSE	FALSE
1810058I24Rik	chr6	FALSE	FALSE
1810062G17Rik	chr3	FALSE	FALSE
1810065E05Rik	chr11	FALSE	FALSE
2010003K11Rik	chr19	TRUE	FALSE
2010106E10Rik	chrX	FALSE	FALSE
2010109A12Rik	chr5	FALSE	FALSE
2010300C02Rik	chr1	TRUE	TRUE
2010315B03Rik	chr9	FALSE	FALSE
2200002D01Rik	chr7	FALSE	FALSE
2200002J24Rik	chr7	FALSE	FALSE
2210010C04Rik	chr6	FALSE	FALSE
2210016F16Rik	chr13	TRUE	FALSE
2210016L21Rik	chr5	FALSE	FALSE
2210017I01Rik	chr3	FALSE	FALSE
2210407C18Rik	chr11	FALSE	FALSE
2210408I21Rik	chr13	FALSE	TRUE
2300009A05Rik	chr9	FALSE	FALSE
2310002L09Rik	chr4	TRUE	FALSE
2310003L06Rik	chr5	FALSE	FALSE
2310009B15Rik	chr1	TRUE	FALSE
2310011J03Rik	chr10	FALSE	FALSE
2310022A10Rik	chr7	TRUE	FALSE
2310022B05Rik	chr8	FALSE	FALSE
2310030G06Rik	chr9	FALSE	FALSE
2310033P09Rik	chr11	FALSE	FALSE
2310034G01Rik	chr19	TRUE	FALSE
2310046K23Rik	chr3	TRUE	FALSE
2310050C09Rik	chr3	TRUE	FALSE
2310057J18Rik	chr10	FALSE	FALSE
2310057M21Rik	chr7	FALSE	FALSE
2310061I04Rik	chr17	FALSE	FALSE
2410002F23Rik	chr7	FALSE	FALSE
2410004B18Rik	chr3	FALSE	FALSE
2410004P03Rik	chr12	FALSE	FALSE
2410131K14Rik	chr5	TRUE	TRUE
2410137M14Rik	chr17	TRUE	FALSE
2410141K09Rik	chr13	FALSE	FALSE
2510002D24Rik	chr16	TRUE	FALSE
2510009E07Rik	chr16	TRUE	FALSE
2510039O18Rik	chr4	TRUE	FALSE
2610002M06Rik	chrX	FALSE	FALSE
2610008E11Rik	chr10	FALSE	FALSE
2610021A01Rik	chr7	FALSE	FALSE
2610028H24Rik	chr10	FALSE	FALSE
2610042L04Rik	chr14	FALSE	FALSE
2610044O15Rik8	chr8	FALSE	FALSE
2610301B20Rik	chr4	FALSE	FALSE
2610318N02Rik	chr16	TRUE	FALSE
2610507B11Rik	chr11	FALSE	FALSE
2610528A11Rik	chr14	TRUE	FALSE
2610528J11Rik	chr4	TRUE	FALSE
2700049A03Rik	chr12	FALSE	TRUE
2700062C07Rik	chr18	TRUE	FALSE
2700081O15Rik	chr19	TRUE	FALSE
2700097O09Rik	chr12	FALSE	FALSE
2810004N23Rik	chr8	FALSE	FALSE
2810006K23Rik	chr5	FALSE	FALSE
2810021J22Rik	chr11	TRUE	FALSE
2810408A11Rik	chr11	TRUE	FALSE
2810459M11Rik	chr1	TRUE	FALSE
2900026A02Rik	chr5	TRUE	TRUE
2900092C05Rik	chr7	FALSE	TRUE
3110001I22Rik	chr16	FALSE	FALSE
3110009E18Rik	chr1	TRUE	TRUE
3110021N24Rik	chr4	TRUE	TRUE
3110040N11Rik	chr7	FALSE	FALSE
3110082I17Rik	chr5	TRUE	TRUE
3110082J24Rik	chr5	FALSE	FALSE
3300002I08Rik	chr2	FALSE	FALSE
3425401B19Rik	chr14	TRUE	FALSE
3830403N18Rik	chrX	FALSE	FALSE
3830406C13Rik	chr14	TRUE	TRUE
3830417A13Rik	chrX	TRUE	FALSE
4430402I18Rik	chr19	TRUE	TRUE
4833420G17Rik	chr13	TRUE	FALSE
4833427G06Rik	chr9	FALSE	FALSE
4833439L19Rik	chr13	FALSE	FALSE
4921504E06Rik	chr2	FALSE	FALSE
4921507P07Rik	chr6	FALSE	FALSE
4921509C19Rik	chr2	TRUE	FALSE
4921517D22Rik	chr13	TRUE	FALSE
4921524J17Rik	chr8	FALSE	FALSE
4921524L21Rik	chr18	FALSE	TRUE
4921536K21Rik	chr11	FALSE	FALSE
4921539E11Rik	chr4	FALSE	FALSE
4930402F06Rik	chr2	FALSE	FALSE
4930402H24Rik	chr2	TRUE	TRUE
4930404H24Rik	chr2	FALSE	FALSE
4930404N11Rik	chr10	TRUE	FALSE
4930407I10Rik	chr15	TRUE	FALSE
4930412O13Rik	chr2	TRUE	FALSE
4930415L06Rik	chrX	FALSE	FALSE
4930415O20Rik	chr15	TRUE	FALSE
4930430F08Rik	chr10	TRUE	TRUE
4930432K21Rik	chr8	TRUE	FALSE
4930432M17Rik	chr3	FALSE	FALSE
4930433I11Rik	chr7	FALSE	FALSE
4930438A08Rik	chr11	FALSE	FALSE
4930444P10Rik	chr1	FALSE	TRUE
4930447A16Rik	chr15	FALSE	FALSE
4930447C04Rik	chr12	TRUE	TRUE
4930449I24Rik	chr5	TRUE	FALSE
4930451I11Rik	chr7	TRUE	FALSE
4930452B06Rik	chr14	FALSE	FALSE
4930453N24Rik	chr16	TRUE	FALSE
4930455H04Rik	chr3	TRUE	FALSE
4930467E23Rik	chr8	FALSE	FALSE
4930469K13Rik	chr11	FALSE	FALSE
4930470P17Rik	chr2	TRUE	TRUE
4930474N05Rik	chr14	FALSE	FALSE
4930486L24Rik	chr13	FALSE	FALSE
4930503B20Rik	chr3	FALSE	FALSE
4930503E14Rik	chr14	FALSE	FALSE
4930503L19Rik	chr18	FALSE	FALSE
4930505A04Rik	chr11	FALSE	FALSE
4930512M02Rik	chr11	FALSE	FALSE
4930513O06Rik	chrX	TRUE	FALSE
4930516K23Rik	chr7	FALSE	FALSE
4930519G04Rik	chr5	FALSE	FALSE
4930522H14Rik	chr4	FALSE	FALSE
4930522L14Rik	chr5	FALSE	FALSE
4930523C07Rik	chr1	FALSE	FALSE
4930524B15Rik	chr11	FALSE	FALSE
4930544D05Rik	chr11	TRUE	FALSE
4930550C14Rik	chr9	FALSE	FALSE
4930550L24Rik	chrX	FALSE	FALSE
4930555G01Rik	chr14	FALSE	FALSE
4930556J24Rik	chr11	TRUE	FALSE
4930558C23Rik	chr3	FALSE	FALSE
4930558K02Rik	chr1	FALSE	FALSE
4930562C15Rik	chr16	TRUE	FALSE
4930563E22Rik	chr11	FALSE	FALSE
4930563M21Rik	chr9	FALSE	TRUE
4930564D02Rik	chr3	TRUE	TRUE
4930568D16Rik	chr2	TRUE	TRUE
4930572O03Rik	chr5	TRUE	FALSE
4930578G10Rik	chr4	TRUE	FALSE
4930578I06Rik	chr14	FALSE	FALSE
4930579F01Rik	chr3	FALSE	FALSE
4930579G24Rik	chr3	FALSE	FALSE
4930583I09Rik	chr17	FALSE	FALSE
4930590J08Rik	chr6	FALSE	FALSE
4930595D18Rik	chr12	FALSE	FALSE
4930595M18Rik	chrX	FALSE	FALSE
4930596D02Rik	chr14	FALSE	FALSE
4931406B18Rik	chr7	TRUE	FALSE
4931406C07Rik	chr9	FALSE	FALSE
4931406P16Rik	chr7	FALSE	TRUE
4931408C20Rik	chr1	FALSE	FALSE
4931414P19Rik	chr14	TRUE	FALSE
4931422A03Rik	chr2	FALSE	FALSE
4931428F04Rik	chr8	FALSE	FALSE
4931428L18Rik	chr1	FALSE	FALSE
4931429L15Rik	chr9	TRUE	TRUE
4932414N04Rik	chr2	FALSE	TRUE
4932415D10Rik	chr10	FALSE	FALSE
4932429P05Rik	chrX	TRUE	FALSE
4932438A13Rik	chr3	FALSE	FALSE
4932438H23Rik	chr16	TRUE	TRUE
4933400A11Rik	chrX	TRUE	FALSE
4933402D24Rik	chr1	FALSE	FALSE
4933402E13Rik	chrX	FALSE	FALSE
4933402J07Rik	chr8	TRUE	FALSE
4933402N03Rik	chr7	FALSE	FALSE
4933402N22Rik	chr5	FALSE	FALSE
4933403O08Rik	chrX	TRUE	FALSE
4933405L10Rik	chr8	TRUE	FALSE
4933407L21Rik	chr1	TRUE	FALSE
4933409G03Rik	chr2	FALSE	FALSE
4933414I15Rik	chr11	TRUE	FALSE
4933417A18Rik	chr13	TRUE	TRUE
4933421I07Rik	chr7	TRUE	FALSE
4933424G06Rik	chr1	TRUE	TRUE
4933427D14Rik	chr11	FALSE	TRUE
4933428G20Rik	chr11	TRUE	TRUE
4933428M09Rik	chrX	FALSE	FALSE
4933430I17Rik	chr4	FALSE	FALSE
4933434E20Rik	chr3	FALSE	FALSE
4933436I01Rik	chrX	FALSE	FALSE
5031410I06Rik	chr5	TRUE	FALSE
5031439G07Rik	chr15	TRUE	TRUE
5330417C22Rik	chr3	TRUE	TRUE
5430401F13Rik	chr6	FALSE	FALSE
5430402E10Rik	chrX	FALSE	FALSE
5430403G16Rik	chr5	TRUE	FALSE
5430427O19Rik	chrX	TRUE	FALSE
5530400C23Rik	chr6	FALSE	FALSE
5530401A14Rik	chr11	FALSE	FALSE
5730409E04Rik	chr4	FALSE	FALSE
5730455P16Rik	chr11	FALSE	FALSE
5730480H06Rik	chr5	FALSE	TRUE
5730507C01Rik	chr12	FALSE	FALSE
5730522E02Rik	chr11	FALSE	TRUE
5830411N06Rik	chr7	FALSE	FALSE
6030458C11Rik	chr15	FALSE	FALSE
6030468B19Rik	chr11	FALSE	FALSE
6030498E09Rik	chrX	FALSE	FALSE
6330409D20Rik	chr2	TRUE	FALSE
6330411D24Rik	chr4	FALSE	FALSE
6430548M08Rik	chr8	TRUE	TRUE
6430550D23Rik	chr2	FALSE	TRUE
6430571L13Rik	chr9	FALSE	FALSE
6430628N08Rik	chr4	TRUE	FALSE
6720489N17Rik	chr13	FALSE	FALSE
6820408C15Rik	chr2	FALSE	FALSE
7530416G11Rik	chr15	TRUE	TRUE
8030462N17Rik	chr18	TRUE	TRUE
8030474K03Rik	chrX	TRUE	FALSE
9030025P20Rik	chr17	TRUE	FALSE
9030624G23Rik	chr12	FALSE	FALSE
9130008F23Rik	chr17	FALSE	FALSE
9130019O22Rik	chr7	FALSE	FALSE
9130230L23Rik	chr5	FALSE	FALSE
9130401M01Rik	chr15	FALSE	FALSE
9130409I23Rik	chr1	FALSE	FALSE
9230102O04Rik	chr2	FALSE	FALSE
9230112D13Rik	chr14	TRUE	FALSE
9330159F19Rik	chr10	TRUE	FALSE
9330182L06Rik	chr5	FALSE	TRUE
9330182O14Rik	chr15	TRUE	FALSE
9430015G10Rik	chr4	TRUE	FALSE
9430038I01Rik	chr7	TRUE	TRUE
9430069I07Rik	chr15	FALSE	FALSE
9530002B09Rik	chr4	FALSE	FALSE
9530003J23Rik	chr10	FALSE	FALSE
9530053A07Rik	chr7	TRUE	TRUE
9530068E07Rik	chr11	FALSE	FALSE
9530077C05Rik	chr9	FALSE	FALSE
9630041A04Rik	chr9	TRUE	FALSE
9830107B12Rik	chr17	FALSE	FALSE
9930012K11Rik	chr14	FALSE	FALSE
9930021J03Rik	chr19	FALSE	TRUE
9930022D16Rik	chr11	TRUE	FALSE
9930104L06Rik	chr4	TRUE	FALSE
9930111J21Rik1	chr11	TRUE	FALSE
9930111J21Rik2	chr11	FALSE	FALSE
A130010J15Rik	chr1	FALSE	FALSE
A1bg	chr15	TRUE	FALSE
A1cf	chr19	FALSE	FALSE
A26c2	chr7	FALSE	FALSE
A26c3	chr2	FALSE	FALSE
A2m	chr6	FALSE	FALSE
A2ml1	chr6	FALSE	FALSE
A330070K13Rik	chr5	FALSE	FALSE
A3galt2	chr4	FALSE	FALSE
A430005L14Rik	chr4	TRUE	TRUE
A430033K04Rik	chr5	FALSE	FALSE
A4galt	chr15	TRUE	TRUE
A4gnt	chr9	TRUE	FALSE
A530016L24Rik	chr12	FALSE	FALSE
A530032D15Rik	chr1	FALSE	FALSE
A530064D06Rik	chr17	FALSE	FALSE
A630001G21Rik	chr1	FALSE	TRUE
A630010A05Rik	chr16	FALSE	TRUE
A630023A22Rik	chr14	TRUE	TRUE
A630073D07Rik	chr6	FALSE	FALSE
A630076J17Rik	chr3	FALSE	FALSE
A630089N07Rik	chr16	FALSE	FALSE
A630095N17Rik	chr1	FALSE	FALSE
A730009L09Rik	chr16	FALSE	FALSE
A730046J19Rik	chrX	TRUE	FALSE
A730049H05Rik	chr6	FALSE	FALSE
A830005F24Rik	chr13	FALSE	FALSE
A830018L16Rik	chr1	FALSE	TRUE
A830031A19Rik	chr11	TRUE	TRUE
A930003A15Rik	chr16	FALSE	FALSE
A930004D18Rik	chr2	FALSE	FALSE
A930009A15Rik	chr10	FALSE	FALSE
A930017K11Rik	chr17	TRUE	FALSE
A930018P22Rik	chr2	TRUE	FALSE
A930033H14Rik	chr10	FALSE	FALSE
AA467197	chr2	TRUE	FALSE
AA792892	chr5	FALSE	FALSE
AA986860	chr1	TRUE	FALSE
AAdacl4fm3	chr4	FALSE	FALSE
AB124611	chr9	FALSE	FALSE
AC124764.1	chr18	FALSE	FALSE
AC147806.2	chr1	TRUE	TRUE
AC151602.1	chr7	FALSE	FALSE
AC160405.1	chr10	TRUE	FALSE
AC166256.1	chr10	FALSE	FALSE
AC167036.1	chr1	TRUE	FALSE
AF067063	chr13	FALSE	FALSE
AI182371	chr2	TRUE	TRUE
AI413582	chr17	FALSE	FALSE
AI467606	chr7	TRUE	FALSE
AI593442	chr9	TRUE	FALSE
AI597479	chr1	FALSE	FALSE
AI661453	chr17	TRUE	TRUE
AI837181	chr19	FALSE	FALSE
AI854703	chr6	FALSE	FALSE
AI987944	chr7	FALSE	FALSE
AL607142.1	chr4	FALSE	FALSE
AL646049.1	chrX	FALSE	TRUE
AL731706.1	chr2	FALSE	FALSE
AL805980.1	chrX	FALSE	FALSE
AL935121.1	chr2	FALSE	FALSE
AU015836	chrX	FALSE	FALSE
AU018091	chr7	TRUE	FALSE
AU021092	chr16	TRUE	FALSE
AU022252	chr4	FALSE	FALSE
AU040320	chr4	FALSE	FALSE
AU041133	chr10	FALSE	FALSE
AW146154	chr7	FALSE	FALSE
AW209491	chr13	TRUE	FALSE
AW549877	chr15	FALSE	FALSE
AW551984	chr9	FALSE	FALSE
AW554918	chr18	FALSE	TRUE
AY358078	chr14	FALSE	FALSE
AY761185	chr8	TRUE	FALSE
Aaas	chr15	FALSE	FALSE
Aacs	chr5	FALSE	FALSE
Aadac	chr3	FALSE	FALSE
Aadacl2	chr3	FALSE	FALSE
Aadacl2fm1	chr3	FALSE	FALSE
Aadacl2fm2	chr3	FALSE	FALSE
Aadacl2fm3	chr3	FALSE	FALSE
Aadacl3	chr4	TRUE	FALSE
Aadacl4	chr4	TRUE	FALSE
Aadacl4fm1	chr4	FALSE	FALSE
Aadacl4fm2	chr4	FALSE	FALSE
Aadacl4fm4	chr4	FALSE	FALSE
Aadacl4fm5	chr4	FALSE	FALSE
Aadat	chr8	FALSE	FALSE
Aagab	chr9	FALSE	FALSE
Aak1	chr6	FALSE	TRUE
Aamdc	chr7	TRUE	TRUE
Aamp	chr1	FALSE	FALSE
Aanat	chr11	FALSE	FALSE
Aar2	chr2	TRUE	TRUE
Aard	chr15	FALSE	FALSE
Aars	chr8	FALSE	FALSE
Aars2	chr17	FALSE	FALSE
Aarsd1	chr11	FALSE	FALSE
Aasdh	chr5	FALSE	FALSE
Aasdhppt	chr9	FALSE	FALSE
Aass	chr6	FALSE	TRUE
Aatf	chr11	TRUE	TRUE
Aatk	chr11	TRUE	FALSE
Abat	chr16	TRUE	TRUE
Abca1	chr4	FALSE	FALSE
Abca12	chr1	FALSE	FALSE
Abca13	chr11	FALSE	FALSE
Abca14	chr7	FALSE	FALSE
Abca15	chr7	FALSE	FALSE
Abca16	chr7	FALSE	TRUE
Abca17	chr17	FALSE	FALSE
Abca2	chr2	FALSE	FALSE
Abca3	chr17	FALSE	FALSE
Abca4	chr3	FALSE	FALSE
Abca5	chr11	FALSE	FALSE
Abca6	chr11	FALSE	FALSE
Abca7	chr10	TRUE	FALSE
Abca8a	chr11	TRUE	TRUE
Abca8b	chr11	FALSE	FALSE
Abca9	chr11	FALSE	TRUE
Abcb10	chr8	FALSE	FALSE
Abcb11	chr2	FALSE	TRUE
Abcb1a	chr5	FALSE	FALSE
Abcb1b	chr5	FALSE	TRUE
Abcb4	chr5	FALSE	TRUE
Abcb5	chr12	FALSE	TRUE
Abcb6	chr1	FALSE	FALSE
Abcb7	chrX	FALSE	TRUE
Abcb8	chr5	FALSE	FALSE
Abcb9	chr5	TRUE	TRUE
Abcc1	chr16	FALSE	FALSE
Abcc10	chr17	FALSE	FALSE
Abcc12	chr8	FALSE	FALSE
Abcc2	chr19	FALSE	FALSE
Abcc3	chr11	FALSE	FALSE
Abcc4	chr14	TRUE	TRUE
Abcc5	chr16	FALSE	TRUE
Abcc6	chr7	FALSE	TRUE
Abcc8	chr7	TRUE	TRUE
Abcc9	chr6	FALSE	FALSE
Abcd1	chrX	TRUE	FALSE
Abcd2	chr15	FALSE	TRUE
Abcd3	chr3	TRUE	TRUE
Abcd4	chr12	FALSE	FALSE
Abce1	chr8	FALSE	FALSE
Abcf1	chr17	TRUE	TRUE
Abcf2	chr5	FALSE	FALSE
Abcf3	chr16	FALSE	FALSE
Abcg1	chr17	TRUE	TRUE
Abcg2	chr6	FALSE	TRUE
Abcg3	chr5	FALSE	TRUE
Abcg4	chr9	TRUE	FALSE
Abcg5	chr17	FALSE	FALSE
Abcg8	chr17	TRUE	TRUE
Abhd10	chr16	FALSE	FALSE
Abhd11	chr5	FALSE	FALSE
Abhd12	chr2	TRUE	TRUE
Abhd12b	chr12	FALSE	FALSE
Abhd13	chr8	TRUE	FALSE
Abhd14a	chr9	FALSE	FALSE
Abhd14b	chr9	FALSE	FALSE
Abhd15	chr11	TRUE	TRUE
Abhd16a	chr17	FALSE	FALSE
Abhd17a	chr10	FALSE	FALSE
Abhd17b	chr19	FALSE	FALSE
Abhd17c	chr7	TRUE	TRUE
Abhd18	chr3	FALSE	FALSE
Abhd2	chr7	TRUE	TRUE
Abhd3	chr18	FALSE	TRUE
Abhd4	chr14	FALSE	FALSE
Abhd5	chr9	TRUE	FALSE
Abhd6	chr14	TRUE	TRUE
Abhd8	chr8	FALSE	FALSE
Abi1	chr2	FALSE	TRUE
Abi2	chr1	FALSE	FALSE
Abi3	chr11	TRUE	TRUE
Abi3bp	chr16	FALSE	TRUE
Abitram	chr4	FALSE	FALSE
Abl1	chr2	TRUE	TRUE
Abl2	chr1	TRUE	TRUE
Ablim1	chr19	TRUE	TRUE
Ablim2	chr5	TRUE	TRUE
Ablim3	chr18	FALSE	TRUE
Abo	chr2	FALSE	FALSE
Abr	chr11	TRUE	TRUE
Abra	chr15	FALSE	FALSE
Abracl	chr10	TRUE	FALSE
Abraxas1	chr5	FALSE	FALSE
Abraxas2	chr7	FALSE	FALSE
Abt1	chr13	FALSE	FALSE
Abtb1	chr6	FALSE	FALSE
Abtb2	chr2	FALSE	FALSE
Acaa1a	chr9	FALSE	FALSE
Acaa1b	chr9	FALSE	FALSE
Acaa2	chr18	TRUE	FALSE
Acaca	chr11	TRUE	TRUE
Acacb	chr5	TRUE	TRUE
Acad10	chr5	TRUE	TRUE
Acad11	chr9	FALSE	TRUE
Acad12	chr5	FALSE	FALSE
Acad8	chr9	FALSE	FALSE
Acad9	chr3	TRUE	TRUE
Acadl	chr1	FALSE	FALSE
Acadm	chr3	FALSE	FALSE
Acads	chr5	FALSE	FALSE
Acadsb	chr7	FALSE	FALSE
Acadvl	chr11	TRUE	FALSE
Acan	chr7	TRUE	TRUE
Acap1	chr11	FALSE	FALSE
Acap2	chr16	FALSE	TRUE
Acap3	chr4	FALSE	FALSE
Acat1	chr9	FALSE	TRUE
Acat2	chr17	FALSE	FALSE
Acat3	chr17	FALSE	FALSE
Acbd3	chr1	FALSE	FALSE
Acbd4	chr11	FALSE	FALSE
Acbd5	chr2	FALSE	FALSE
Acbd6	chr1	TRUE	TRUE
Acbd7	chr2	FALSE	FALSE
Accs	chr2	FALSE	FALSE
Accsl	chr2	FALSE	FALSE
Acd	chr8	FALSE	FALSE
Ace	chr11	TRUE	TRUE
Ace2	chrX	FALSE	FALSE
Ace3	chr11	TRUE	FALSE
Acer1	chr17	FALSE	FALSE
Acer2	chr4	FALSE	TRUE
Acer3	chr7	FALSE	TRUE
Ache	chr5	FALSE	FALSE
Acin1	chr14	FALSE	FALSE
Ackr1	chr1	TRUE	TRUE
Ackr2	chr9	TRUE	FALSE
Ackr3	chr1	TRUE	FALSE
Ackr4	chr9	FALSE	FALSE
Acly	chr11	TRUE	TRUE
Acmsd	chr1	FALSE	FALSE
Acnat1	chr4	TRUE	TRUE
Acnat2	chr4	FALSE	FALSE
Aco1	chr4	FALSE	FALSE
Aco2	chr15	FALSE	TRUE
Acod1	chr14	FALSE	FALSE
Acot1	chr12	TRUE	FALSE
Acot11	chr4	FALSE	FALSE
Acot12	chr13	FALSE	FALSE
Acot13	chr13	FALSE	FALSE
Acot2	chr12	FALSE	FALSE
Acot3	chr12	TRUE	TRUE
Acot4	chr12	FALSE	FALSE
Acot5	chr12	TRUE	FALSE
Acot6	chr12	FALSE	FALSE
Acot7	chr4	TRUE	TRUE
Acot8	chr2	TRUE	FALSE
Acot9	chrX	FALSE	FALSE
Acox1	chr11	TRUE	TRUE
Acox2	chr14	FALSE	FALSE
Acox3	chr5	TRUE	TRUE
Acoxl	chr2	FALSE	TRUE
Acp1	chr12	TRUE	FALSE
Acp2	chr2	FALSE	FALSE
Acp4	chr7	FALSE	FALSE
Acp5	chr9	FALSE	FALSE
Acp6	chr3	TRUE	FALSE
Acp7	chr7	FALSE	FALSE
Acpp	chr9	FALSE	FALSE
Acr	chr15	TRUE	FALSE
Acrbp	chr6	FALSE	FALSE
Acrv1	chr9	FALSE	FALSE
Acsbg1	chr9	FALSE	FALSE
Acsbg2	chr17	FALSE	FALSE
Acsbg3	chr17	FALSE	FALSE
Acsf2	chr11	TRUE	TRUE
Acsf3	chr8	TRUE	TRUE
Acsl1	chr8	FALSE	FALSE
Acsl3	chr1	TRUE	TRUE
Acsl4	chrX	FALSE	FALSE
Acsl5	chr19	TRUE	FALSE
Acsl6	chr11	TRUE	TRUE
Acsm1	chr7	FALSE	FALSE
Acsm2	chr7	FALSE	FALSE
Acsm3	chr7	FALSE	FALSE
Acsm4	chr7	FALSE	FALSE
Acsm5	chr7	FALSE	FALSE
Acss1	chr2	FALSE	FALSE
Acss2	chr2	TRUE	TRUE
Acss3	chr10	FALSE	TRUE
Acta1	chr8	TRUE	FALSE
Acta2	chr19	FALSE	FALSE
Actb	chr5	TRUE	FALSE
Actc1	chr2	TRUE	FALSE
Acte1	chr7	FALSE	FALSE
Actg1	chr11	FALSE	FALSE
Actg2	chr6	FALSE	FALSE
Actl6a	chr3	FALSE	FALSE
Actl6b	chr5	TRUE	TRUE
Actn1	chr12	TRUE	TRUE
Actn2	chr13	FALSE	FALSE
Actn3	chr19	TRUE	FALSE
Actn4	chr7	TRUE	TRUE
Actr10	chr12	FALSE	FALSE
Actr1a	chr19	TRUE	FALSE
Actr1b	chr1	FALSE	FALSE
Actr2	chr11	FALSE	TRUE
Actr3	chr1	FALSE	FALSE
Actr3b	chr5	TRUE	TRUE
Actr5	chr2	TRUE	FALSE
Actr6	chr10	FALSE	FALSE
Actr8	chr14	FALSE	FALSE
Actrt3	chr3	FALSE	FALSE
Acvr1	chr2	FALSE	TRUE
Acvr1b	chr15	TRUE	TRUE
Acvr1c	chr2	FALSE	FALSE
Acvr2a	chr2	TRUE	TRUE
Acvr2b	chr9	TRUE	FALSE
Acvrl1	chr15	FALSE	FALSE
Acy1	chr9	FALSE	FALSE
Acy3	chr19	TRUE	FALSE
Acyp1	chr12	FALSE	FALSE
Acyp2	chr11	FALSE	FALSE
Ada	chr2	TRUE	TRUE
Adad1	chr3	TRUE	TRUE
Adad2	chr8	FALSE	FALSE
Adal	chr2	TRUE	FALSE
Adam10	chr9	TRUE	TRUE
Adam11	chr11	FALSE	FALSE
Adam12	chr7	FALSE	FALSE
Adam15	chr3	TRUE	FALSE
Adam17	chr12	FALSE	TRUE
Adam18	chr8	FALSE	TRUE
Adam19	chr11	FALSE	FALSE
Adam1a	chr5	FALSE	FALSE
Adam2	chr14	FALSE	FALSE
Adam20	chr8	FALSE	FALSE
Adam21	chr12	FALSE	FALSE
Adam22	chr5	TRUE	TRUE
Adam23	chr1	TRUE	TRUE
Adam24	chr8	FALSE	FALSE
Adam25	chr8	FALSE	FALSE
Adam26a	chr8	FALSE	FALSE
Adam26b	chr8	TRUE	FALSE
Adam28	chr14	TRUE	TRUE
Adam29	chr8	FALSE	FALSE
Adam3	chr8	FALSE	FALSE
Adam30	chr3	FALSE	FALSE
Adam32	chr8	FALSE	TRUE
Adam33	chr2	FALSE	FALSE
Adam34	chr8	FALSE	FALSE
Adam39	chr8	FALSE	FALSE
Adam5	chr8	FALSE	FALSE
Adam7	chr14	TRUE	TRUE
Adam8	chr7	TRUE	FALSE
Adam9	chr8	FALSE	FALSE
Adamdec1	chr14	FALSE	FALSE
Adamts1	chr16	TRUE	FALSE
Adamts10	chr17	FALSE	FALSE
Adamts12	chr15	FALSE	TRUE
Adamts13	chr2	FALSE	FALSE
Adamts14	chr10	TRUE	TRUE
Adamts15	chr9	FALSE	FALSE
Adamts16	chr13	FALSE	FALSE
Adamts17	chr7	TRUE	TRUE
Adamts18	chr8	FALSE	FALSE
Adamts19	chr18	FALSE	FALSE
Adamts2	chr11	FALSE	TRUE
Adamts20	chr15	FALSE	FALSE
Adamts3	chr5	FALSE	TRUE
Adamts4	chr1	TRUE	FALSE
Adamts5	chr16	FALSE	FALSE
Adamts6	chr13	FALSE	FALSE
Adamts7	chr9	TRUE	FALSE
Adamts8	chr9	TRUE	FALSE
Adamts9	chr6	FALSE	TRUE
Adamtsl1	chr4	FALSE	TRUE
Adamtsl2	chr2	FALSE	FALSE
Adamtsl3	chr7	TRUE	TRUE
Adamtsl4	chr3	FALSE	FALSE
Adamtsl5	chr10	TRUE	TRUE
Adap1	chr5	FALSE	FALSE
Adap2	chr11	FALSE	FALSE
Adar	chr3	TRUE	FALSE
Adarb1	chr10	TRUE	TRUE
Adarb2	chr13	TRUE	TRUE
Adat1	chr8	FALSE	FALSE
Adat2	chr10	FALSE	FALSE
Adat3	chr10	TRUE	FALSE
Adck1	chr12	TRUE	TRUE
Adck2	chr6	TRUE	TRUE
Adck5	chr15	TRUE	FALSE
Adcy1	chr11	FALSE	TRUE
Adcy10	chr1	FALSE	TRUE
Adcy2	chr13	FALSE	TRUE
Adcy3	chr12	TRUE	TRUE
Adcy4	chr14	TRUE	TRUE
Adcy5	chr16	TRUE	TRUE
Adcy6	chr15	TRUE	TRUE
Adcy7	chr8	TRUE	TRUE
Adcy8	chr15	FALSE	FALSE
Adcy9	chr16	TRUE	TRUE
Adcyap1	chr17	TRUE	FALSE
Adcyap1r1	chr6	TRUE	TRUE
Add1	chr5	TRUE	TRUE
Add2	chr6	TRUE	TRUE
Add3	chr19	FALSE	FALSE
Adgb	chr10	FALSE	FALSE
Adgra1	chr7	TRUE	TRUE
Adgra2	chr8	TRUE	TRUE
Adgra3	chr5	TRUE	TRUE
Adgrb1	chr15	TRUE	TRUE
Adgrb2	chr4	TRUE	TRUE
Adgrb3	chr1	TRUE	TRUE
Adgrd1	chr5	TRUE	TRUE
Adgre1	chr17	FALSE	TRUE
Adgre4	chr17	FALSE	TRUE
Adgre5	chr8	TRUE	FALSE
Adgrf1	chr17	FALSE	TRUE
Adgrf2	chr17	FALSE	FALSE
Adgrf3	chr5	FALSE	FALSE
Adgrf4	chr17	FALSE	TRUE
Adgrf5	chr17	FALSE	FALSE
Adgrg1	chr8	TRUE	FALSE
Adgrg2	chrX	FALSE	FALSE
Adgrg3	chr8	FALSE	FALSE
Adgrg4	chrX	FALSE	TRUE
Adgrg5	chr8	TRUE	FALSE
Adgrg6	chr10	FALSE	FALSE
Adgrg7	chr16	FALSE	TRUE
Adgrl1	chr8	FALSE	FALSE
Adgrl2	chr3	TRUE	TRUE
Adgrl3	chr5	FALSE	FALSE
Adgrl4	chr3	FALSE	FALSE
Adgrv1	chr13	FALSE	TRUE
Adh1	chr3	FALSE	FALSE
Adh4	chr3	FALSE	FALSE
Adh5	chr3	FALSE	FALSE
Adh6a	chr3	FALSE	FALSE
Adh6b	chr3	FALSE	FALSE
Adh7	chr3	FALSE	FALSE
Adhfe1	chr1	TRUE	FALSE
Adi1	chr12	FALSE	FALSE
Adig	chr2	FALSE	FALSE
Adipoq	chr16	FALSE	FALSE
Adipor1	chr1	FALSE	FALSE
Adipor2	chr6	FALSE	FALSE
Adk	chr14	TRUE	TRUE
Adm	chr7	TRUE	FALSE
Adm2	chr15	TRUE	FALSE
Adnp	chr2	TRUE	TRUE
Adnp2	chr18	FALSE	FALSE
Adora1	chr1	FALSE	TRUE
Adora2a	chr10	TRUE	FALSE
Adora2b	chr11	TRUE	TRUE
Adora3	chr3	TRUE	TRUE
Adpgk	chr9	FALSE	FALSE
Adprh	chr16	FALSE	FALSE
Adprhl1	chr8	FALSE	FALSE
Adprhl2	chr4	FALSE	FALSE
Adprm	chr11	FALSE	FALSE
Adra1a	chr14	FALSE	FALSE
Adra1b	chr11	FALSE	TRUE
Adra1d	chr2	TRUE	TRUE
Adrb1	chr19	FALSE	FALSE
Adrb3	chr8	FALSE	FALSE
Adrm1	chr2	FALSE	FALSE
Adsl	chr15	FALSE	FALSE
Adss	chr1	FALSE	FALSE
Adssl1	chr12	TRUE	TRUE
Adtrp	chr13	FALSE	FALSE
Aebp1	chr11	TRUE	FALSE
Aebp2	chr6	TRUE	TRUE
Aen	chr7	TRUE	TRUE
Afap1	chr5	TRUE	TRUE
Afap1l1	chr18	FALSE	FALSE
Afap1l2	chr19	FALSE	FALSE
Afdn	chr17	TRUE	TRUE
Aff1	chr5	FALSE	FALSE
Aff2	chrX	FALSE	FALSE
Aff3	chr1	TRUE	TRUE
Aff4	chr11	FALSE	FALSE
Afg1l	chr10	TRUE	TRUE
Afg3l1	chr8	TRUE	TRUE
Afg3l2	chr18	TRUE	TRUE
Afm	chr5	FALSE	FALSE
Afmid	chr11	TRUE	TRUE
Afp	chr5	FALSE	FALSE
Aftph	chr11	TRUE	TRUE
Aga	chr8	FALSE	FALSE
Agap1	chr1	TRUE	TRUE
Agap2	chr10	TRUE	TRUE
Agap3	chr5	TRUE	TRUE
Agbl1	chr7	FALSE	FALSE
Agbl2	chr2	FALSE	FALSE
Agbl3	chr6	FALSE	FALSE
Agbl4	chr4	FALSE	TRUE
Agbl5	chr5	FALSE	FALSE
Ager	chr17	FALSE	FALSE
Agfg1	chr1	FALSE	FALSE
Agfg2	chr5	FALSE	FALSE
Aggf1	chr13	FALSE	FALSE
Agk	chr6	FALSE	FALSE
Agl	chr3	FALSE	FALSE
Agmat	chr4	TRUE	FALSE
Agmo	chr12	FALSE	FALSE
Ago1	chr4	FALSE	TRUE
Ago2	chr15	FALSE	TRUE
Ago3	chr4	FALSE	FALSE
Ago4	chr4	FALSE	FALSE
Agpat1	chr17	TRUE	FALSE
Agpat2	chr2	FALSE	FALSE
Agpat3	chr10	TRUE	TRUE
Agpat4	chr17	TRUE	TRUE
Agpat5	chr8	FALSE	FALSE
Agps	chr2	FALSE	TRUE
Agr2	chr12	FALSE	FALSE
Agr3	chr12	FALSE	FALSE
Agrn	chr4	TRUE	FALSE
Agrp	chr8	TRUE	TRUE
Agt	chr8	TRUE	TRUE
Agtpbp1	chr13	FALSE	TRUE
Agtr1a	chr13	FALSE	FALSE
Agtr1b	chr3	FALSE	FALSE
Agtr2	chrX	TRUE	FALSE
Agtrap	chr4	FALSE	FALSE
Agxt	chr1	FALSE	FALSE
Agxt2	chr15	FALSE	FALSE
Ahctf1	chr1	FALSE	FALSE
Ahcy	chr2	FALSE	FALSE
Ahcyl1	chr3	FALSE	FALSE
Ahcyl2	chr6	TRUE	TRUE
Ahdc1	chr4	TRUE	TRUE
Ahi1	chr10	FALSE	FALSE
Ahnak	chr19	FALSE	FALSE
Ahnak2	chr12	TRUE	FALSE
Ahr	chr12	TRUE	TRUE
Ahrr	chr13	FALSE	FALSE
Ahsa1	chr12	FALSE	FALSE
Ahsa2	chr11	FALSE	FALSE
Ahsg	chr16	FALSE	FALSE
Aicda	chr6	TRUE	FALSE
Aida	chr1	FALSE	FALSE
Aif1	chr17	FALSE	FALSE
Aif1l	chr2	TRUE	TRUE
Aifm1	chrX	FALSE	FALSE
Aifm2	chr10	TRUE	FALSE
Aifm3	chr16	FALSE	FALSE
Aig1	chr10	FALSE	FALSE
Aim2	chr1	FALSE	FALSE
Aimp1	chr3	FALSE	FALSE
Aimp2	chr5	FALSE	FALSE
Aip	chr19	FALSE	FALSE
Aipl1	chr11	TRUE	FALSE
Aire	chr10	FALSE	FALSE
Ajap1	chr4	FALSE	FALSE
Ajm1	chr2	FALSE	FALSE
Ajuba	chr14	TRUE	TRUE
Ak1	chr2	TRUE	TRUE
Ak2	chr4	TRUE	FALSE
Ak3	chr19	FALSE	FALSE
Ak4	chr4	FALSE	FALSE
Ak5	chr3	FALSE	TRUE
Ak6	chr13	TRUE	FALSE
Ak7	chr12	FALSE	FALSE
Ak8	chr2	FALSE	FALSE
Ak9	chr10	FALSE	TRUE
Akain1	chr17	FALSE	FALSE
Akap1	chr11	FALSE	FALSE
Akap10	chr11	FALSE	TRUE
Akap11	chr14	FALSE	FALSE
Akap12	chr10	TRUE	TRUE
Akap13	chr7	FALSE	FALSE
Akap14	chrX	FALSE	FALSE
Akap17b	chrX	FALSE	FALSE
Akap3	chr6	FALSE	FALSE
Akap4	chrX	FALSE	FALSE
Akap5	chr12	TRUE	FALSE
Akap6	chr12	TRUE	TRUE
Akap7	chr10	FALSE	FALSE
Akap8	chr17	FALSE	FALSE
Akap8l	chr17	FALSE	FALSE
Akap9	chr5	TRUE	TRUE
Akip1	chr7	FALSE	FALSE
Akirin1	chr4	FALSE	FALSE
Akirin2	chr4	FALSE	FALSE
Akna	chr4	FALSE	FALSE
Aknad1	chr3	TRUE	TRUE
Akp3	chr1	FALSE	FALSE
Akr1a1	chr4	FALSE	FALSE
Akr1b10	chr6	FALSE	FALSE
Akr1b3	chr6	FALSE	FALSE
Akr1b7	chr6	FALSE	FALSE
Akr1b8	chr6	FALSE	FALSE
Akr1c12	chr13	FALSE	FALSE
Akr1c13	chr13	FALSE	FALSE
Akr1c14	chr13	FALSE	FALSE
Akr1c18	chr13	FALSE	FALSE
Akr1c19	chr13	FALSE	FALSE
Akr1c20	chr13	FALSE	FALSE
Akr1c21	chr13	FALSE	FALSE
Akr1c6	chr13	FALSE	FALSE
Akr1cl	chr1	TRUE	FALSE
Akr1d1	chr6	FALSE	FALSE
Akr1e1	chr13	FALSE	FALSE
Akr7a5	chr4	FALSE	FALSE
Akt1	chr12	TRUE	FALSE
Akt1s1	chr7	FALSE	FALSE
Akt2	chr7	FALSE	FALSE
Akt3	chr1	TRUE	TRUE
Aktip	chr8	TRUE	TRUE
Alad	chr4	FALSE	FALSE
Alas1	chr9	FALSE	FALSE
Alas2	chrX	FALSE	FALSE
Alb	chr5	FALSE	FALSE
Albfm1	chr5	TRUE	TRUE
Alcam	chr16	FALSE	FALSE
Aldh16a1	chr7	FALSE	FALSE
Aldh18a1	chr19	FALSE	FALSE
Aldh1a1	chr19	FALSE	FALSE
Aldh1a2	chr9	FALSE	FALSE
Aldh1a3	chr7	TRUE	FALSE
Aldh1a7	chr19	FALSE	FALSE
Aldh1b1	chr4	TRUE	FALSE
Aldh1l1	chr6	TRUE	TRUE
Aldh1l2	chr10	TRUE	TRUE
Aldh2	chr5	TRUE	TRUE
Aldh3a1	chr11	FALSE	FALSE
Aldh3a2	chr11	FALSE	FALSE
Aldh3b1	chr19	TRUE	FALSE
Aldh3b2	chr19	TRUE	FALSE
Aldh3b3	chr19	TRUE	TRUE
Aldh4a1	chr4	TRUE	TRUE
Aldh5a1	chr13	TRUE	TRUE
Aldh6a1	chr12	FALSE	FALSE
Aldh7a1	chr18	FALSE	FALSE
Aldh8a1	chr10	TRUE	FALSE
Aldh9a1	chr1	FALSE	FALSE
Aldoa	chr7	FALSE	FALSE
Aldob	chr4	FALSE	FALSE
Aldoc	chr11	FALSE	FALSE
Alg1	chr16	FALSE	FALSE
Alg10b	chr15	FALSE	FALSE
Alg11	chr8	FALSE	FALSE
Alg12	chr15	FALSE	FALSE
Alg13	chrX	FALSE	FALSE
Alg14	chr3	FALSE	FALSE
Alg2	chr4	TRUE	FALSE
Alg3	chr16	TRUE	FALSE
Alg5	chr3	FALSE	FALSE
Alg6	chr4	FALSE	FALSE
Alg8	chr7	FALSE	FALSE
Alg9	chr9	FALSE	TRUE
Alk	chr17	TRUE	TRUE
Alkal1	chr1	FALSE	FALSE
Alkal2	chr12	TRUE	FALSE
Alkbh1	chr12	FALSE	FALSE
Alkbh2	chr5	FALSE	FALSE
Alkbh3	chr2	FALSE	FALSE
Alkbh4	chr5	FALSE	FALSE
Alkbh5	chr11	FALSE	FALSE
Alkbh6	chr7	TRUE	TRUE
Alkbh7	chr17	FALSE	FALSE
Alkbh8	chr9	FALSE	FALSE
Allc	chr12	FALSE	FALSE
Alms1	chr6	FALSE	TRUE
Alox12	chr11	TRUE	TRUE
Alox12b	chr11	TRUE	FALSE
Alox12e	chr11	TRUE	FALSE
Alox15	chr11	FALSE	FALSE
Alox5	chr6	TRUE	TRUE
Alox5ap	chr5	TRUE	FALSE
Alox8	chr11	FALSE	FALSE
Aloxe3	chr11	FALSE	FALSE
Alpi	chr1	FALSE	FALSE
Alpk1	chr3	FALSE	TRUE
Alpk2	chr18	FALSE	TRUE
Alpk3	chr7	TRUE	FALSE
Alpl	chr4	TRUE	TRUE
Alppl2	chr1	TRUE	FALSE
Als2	chr1	FALSE	TRUE
Als2cl	chr9	FALSE	FALSE
Alx1	chr10	TRUE	TRUE
Alx3	chr3	TRUE	TRUE
Alx4	chr2	TRUE	TRUE
Alyref	chr11	TRUE	FALSE
Amacr	chr15	FALSE	FALSE
Ambn	chr5	FALSE	FALSE
Ambp	chr4	TRUE	FALSE
Ambra1	chr2	TRUE	TRUE
Amd1	chr10	TRUE	FALSE
Amdhd1	chr10	FALSE	FALSE
Amdhd2	chr17	TRUE	FALSE
Amelx	chrX	FALSE	FALSE
Amer1	chrX	TRUE	FALSE
Amer2	chr14	FALSE	FALSE
Amer3	chr1	FALSE	FALSE
Amfr	chr8	FALSE	FALSE
Amh	chr10	TRUE	FALSE
Amhr2	chr15	FALSE	FALSE
Amigo1	chr3	FALSE	FALSE
Ammecr1	chrX	FALSE	TRUE
Ammecr1l	chr18	TRUE	FALSE
Amn	chr12	TRUE	FALSE
Amn1	chr6	FALSE	FALSE
Amot	chrX	FALSE	FALSE
Amotl1	chr9	FALSE	TRUE
Amotl2	chr9	TRUE	FALSE
Ampd1	chr3	FALSE	FALSE
Ampd2	chr3	TRUE	FALSE
Ampd3	chr7	FALSE	FALSE
Amph	chr13	TRUE	TRUE
Amt	chr9	FALSE	FALSE
Amtn	chr5	FALSE	FALSE
Amy1	chr3	FALSE	FALSE
Amy2a1	chr3	FALSE	FALSE
Amy2a5	chr3	FALSE	FALSE
Amz1	chr5	TRUE	FALSE
Amz2	chr11	FALSE	FALSE
Anapc1	chr2	FALSE	TRUE
Anapc10	chr8	FALSE	FALSE
Anapc11	chr11	TRUE	FALSE
Anapc13	chr9	FALSE	FALSE
Anapc15	chr7	TRUE	TRUE
Anapc15-ps	chr10	FALSE	FALSE
Anapc16	chr10	TRUE	FALSE
Anapc2	chr2	FALSE	FALSE
Anapc4	chr5	FALSE	TRUE
Anapc5	chr5	TRUE	TRUE
Anapc7	chr5	FALSE	FALSE
Ang	chr14	FALSE	FALSE
Ang2	chr14	FALSE	FALSE
Ang4	chr14	TRUE	FALSE
Ang5	chr14	FALSE	FALSE
Angel1	chr12	FALSE	FALSE
Angel2	chr1	TRUE	FALSE
Angpt1	chr15	TRUE	TRUE
Angpt2	chr8	TRUE	FALSE
Angpt4	chr2	TRUE	TRUE
Angptl1	chr1	TRUE	FALSE
Angptl2	chr2	TRUE	TRUE
Angptl3	chr4	TRUE	FALSE
Angptl4	chr17	FALSE	FALSE
Angptl6	chr9	TRUE	FALSE
Angptl7	chr4	TRUE	FALSE
Angptl8	chr9	FALSE	FALSE
Ank	chr15	TRUE	TRUE
Ank1	chr8	TRUE	TRUE
Ank2	chr3	FALSE	TRUE
Ank3	chr10	FALSE	FALSE
Ankar	chr1	FALSE	TRUE
Ankdd1a	chr9	FALSE	FALSE
Ankdd1b	chr13	FALSE	TRUE
Ankef1	chr2	FALSE	FALSE
Ankfn1	chr11	FALSE	TRUE
Ankfy1	chr11	TRUE	TRUE
Ankhd1	chr18	FALSE	TRUE
Ankib1	chr5	FALSE	TRUE
Ankk1	chr9	TRUE	FALSE
Ankle1	chr8	TRUE	FALSE
Ankle2	chr5	FALSE	FALSE
Ankmy1	chr1	TRUE	TRUE
Ankmy2	chr12	FALSE	FALSE
Ankra2	chr13	FALSE	FALSE
Ankrd1	chr19	FALSE	FALSE
Ankrd10	chr8	TRUE	TRUE
Ankrd11	chr8	FALSE	TRUE
Ankrd12	chr17	TRUE	TRUE
Ankrd13a	chr5	TRUE	TRUE
Ankrd13b	chr11	TRUE	FALSE
Ankrd13c	chr3	FALSE	FALSE
Ankrd13d	chr19	TRUE	FALSE
Ankrd16	chr2	TRUE	FALSE
Ankrd17	chr5	FALSE	FALSE
Ankrd2	chr19	TRUE	FALSE
Ankrd22	chr19	FALSE	FALSE
Ankrd23	chr1	FALSE	FALSE
Ankrd24	chr10	FALSE	FALSE
Ankrd26	chr6	FALSE	TRUE
Ankrd27	chr7	FALSE	TRUE
Ankrd28	chr14	FALSE	FALSE
Ankrd29	chr18	FALSE	FALSE
Ankrd31	chr13	FALSE	FALSE
Ankrd33	chr15	FALSE	FALSE
Ankrd33b	chr15	FALSE	FALSE
Ankrd34a	chr3	TRUE	FALSE
Ankrd34b	chr13	TRUE	TRUE
Ankrd34c	chr9	TRUE	FALSE
Ankrd35	chr3	TRUE	TRUE
Ankrd36	chr11	FALSE	TRUE
Ankrd37	chr8	FALSE	FALSE
Ankrd39	chr1	FALSE	FALSE
Ankrd40	chr11	TRUE	FALSE
Ankrd42	chr7	FALSE	FALSE
Ankrd44	chr1	TRUE	TRUE
Ankrd45	chr1	FALSE	FALSE
Ankrd46	chr15	FALSE	FALSE
Ankrd50	chr3	FALSE	FALSE
Ankrd52	chr10	FALSE	FALSE
Ankrd53	chr6	FALSE	FALSE
Ankrd54	chr15	TRUE	FALSE
Ankrd55	chr13	FALSE	TRUE
Ankrd6	chr4	TRUE	TRUE
Ankrd60	chr2	FALSE	FALSE
Ankrd61	chr5	TRUE	FALSE
Ankrd65	chr4	FALSE	FALSE
Ankrd66	chr17	TRUE	FALSE
Ankrd7	chr6	FALSE	FALSE
Ankrd9	chr12	FALSE	FALSE
Anks1	chr17	TRUE	TRUE
Anks1b	chr10	TRUE	TRUE
Anks3	chr16	FALSE	FALSE
Anks4b	chr7	FALSE	FALSE
Anks6	chr4	TRUE	TRUE
Ankub1	chr3	TRUE	TRUE
Ankzf1	chr1	FALSE	FALSE
Anln	chr9	FALSE	FALSE
Ano1	chr7	FALSE	FALSE
Ano10	chr9	TRUE	TRUE
Ano2	chr6	FALSE	FALSE
Ano3	chr2	FALSE	FALSE
Ano4	chr10	FALSE	TRUE
Ano5	chr7	TRUE	TRUE
Ano6	chr15	TRUE	TRUE
Ano7	chr1	TRUE	TRUE
Ano8	chr8	TRUE	FALSE
Ano9	chr7	TRUE	TRUE
Anp32a	chr9	TRUE	FALSE
Anp32b	chr4	FALSE	FALSE
Anp32e	chr3	FALSE	FALSE
Anpep	chr7	TRUE	TRUE
Antxr1	chr6	FALSE	TRUE
Antxr2	chr5	FALSE	FALSE
Antxrl	chr14	TRUE	FALSE
Anxa1	chr19	FALSE	FALSE
Anxa10	chr8	FALSE	FALSE
Anxa11	chr14	FALSE	FALSE
Anxa2	chr9	TRUE	TRUE
Anxa3	chr5	FALSE	FALSE
Anxa4	chr6	FALSE	FALSE
Anxa5	chr3	FALSE	FALSE
Anxa6	chr11	FALSE	TRUE
Anxa7	chr14	FALSE	FALSE
Anxa8	chr14	TRUE	TRUE
Anxa9	chr3	TRUE	FALSE
Aoah	chr13	FALSE	FALSE
Aoc1	chr6	FALSE	FALSE
Aoc2	chr11	FALSE	FALSE
Aoc3	chr11	FALSE	FALSE
Aopep	chr13	FALSE	TRUE
Aox1	chr1	FALSE	FALSE
Aox2	chr1	FALSE	TRUE
Aox3	chr1	FALSE	FALSE
Aox4	chr1	FALSE	FALSE
Ap1ar	chr3	FALSE	FALSE
Ap1b1	chr11	TRUE	TRUE
Ap1g1	chr8	TRUE	TRUE
Ap1g2	chr14	TRUE	FALSE
Ap1m1	chr8	TRUE	FALSE
Ap1m2	chr9	TRUE	FALSE
Ap1s1	chr5	FALSE	FALSE
Ap1s2	chrX	FALSE	FALSE
Ap1s3	chr1	TRUE	TRUE
Ap2a1	chr7	FALSE	FALSE
Ap2a2	chr7	FALSE	FALSE
Ap2b1	chr11	TRUE	TRUE
Ap2m1	chr16	FALSE	FALSE
Ap2s1	chr7	FALSE	FALSE
Ap3b1	chr13	TRUE	TRUE
Ap3b2	chr7	TRUE	TRUE
Ap3d1	chr10	FALSE	FALSE
Ap3m1	chr14	FALSE	FALSE
Ap3m2	chr8	FALSE	FALSE
Ap3s1	chr18	FALSE	TRUE
Ap3s2	chr7	FALSE	TRUE
Ap4b1	chr3	FALSE	FALSE
Ap4e1	chr2	FALSE	TRUE
Ap4m1	chr5	TRUE	TRUE
Ap4s1	chr12	FALSE	FALSE
Ap5m1	chr14	FALSE	TRUE
Ap5s1	chr2	FALSE	FALSE
Ap5z1	chr5	TRUE	FALSE
Apaf1	chr10	FALSE	FALSE
Apba1	chr19	TRUE	TRUE
Apba2	chr7	TRUE	TRUE
Apba3	chr10	FALSE	FALSE
Apbb1	chr7	FALSE	FALSE
Apbb1ip	chr2	FALSE	FALSE
Apbb2	chr5	TRUE	TRUE
Apbb3	chr18	FALSE	FALSE
Apc	chr18	TRUE	TRUE
Apc2	chr10	TRUE	FALSE
Apcdd1	chr18	TRUE	FALSE
Apcs	chr1	FALSE	FALSE
Apeh	chr9	FALSE	FALSE
Apela	chr8	FALSE	FALSE
Apex1	chr14	TRUE	FALSE
Apex2	chrX	FALSE	FALSE
Aph1a	chr3	FALSE	FALSE
Aph1b	chr9	FALSE	FALSE
Aph1c	chr9	FALSE	FALSE
Api5	chr2	TRUE	FALSE
Apip	chr2	TRUE	TRUE
Aplf	chr6	FALSE	FALSE
Apln	chrX	FALSE	FALSE
Aplp1	chr7	FALSE	FALSE
Aplp2	chr9	FALSE	TRUE
Apmap	chr2	TRUE	TRUE
Apoa1	chr9	TRUE	FALSE
Apoa2	chr1	TRUE	FALSE
Apoa4	chr9	FALSE	FALSE
Apoa5	chr9	TRUE	FALSE
Apob	chr12	FALSE	FALSE
Apobec1	chr6	TRUE	TRUE
Apobec2	chr17	TRUE	FALSE
Apobec3	chr15	TRUE	TRUE
Apobec4	chr1	FALSE	FALSE
Apobr	chr7	FALSE	FALSE
Apoc1	chr7	TRUE	FALSE
Apoc2	chr7	FALSE	FALSE
Apoc3	chr9	TRUE	FALSE
Apoc4	chr7	TRUE	FALSE
Apod	chr16	FALSE	FALSE
Apoe	chr7	TRUE	FALSE
Apof	chr10	FALSE	FALSE
Apoh	chr11	FALSE	TRUE
Apol10a	chr15	TRUE	FALSE
Apol10b	chr15	TRUE	FALSE
Apol11a	chr15	FALSE	FALSE
Apol11b	chr15	TRUE	TRUE
Apol6	chr15	FALSE	FALSE
Apol7a	chr15	FALSE	FALSE
Apol7b	chr15	TRUE	TRUE
Apol7c	chr15	TRUE	FALSE
Apol7e	chr15	TRUE	TRUE
Apol8	chr15	TRUE	FALSE
Apol9a	chr15	FALSE	FALSE
Apol9b	chr15	TRUE	FALSE
Apold1	chr6	TRUE	FALSE
Apom	chr17	FALSE	FALSE
Apoo	chrX	FALSE	FALSE
Apool	chrX	FALSE	FALSE
Apopt1	chr12	FALSE	FALSE
App	chr16	TRUE	TRUE
Appbp2	chr11	FALSE	FALSE
Appl1	chr14	FALSE	FALSE
Appl2	chr10	TRUE	FALSE
Aprt	chr8	FALSE	FALSE
Aptx	chr4	FALSE	FALSE
Aqp1	chr6	TRUE	FALSE
Aqp11	chr7	FALSE	FALSE
Aqp12	chr1	TRUE	FALSE
Aqp2	chr15	TRUE	FALSE
Aqp3	chr4	TRUE	FALSE
Aqp4	chr18	FALSE	FALSE
Aqp5	chr15	TRUE	FALSE
Aqp6	chr15	FALSE	FALSE
Aqp7	chr4	TRUE	TRUE
Aqp8	chr7	FALSE	FALSE
Aqp9	chr9	FALSE	FALSE
Aqr	chr2	FALSE	TRUE
Ar	chrX	FALSE	FALSE
Araf	chrX	TRUE	TRUE
Arap1	chr7	TRUE	TRUE
Arap2	chr5	FALSE	FALSE
Arap3	chr18	FALSE	FALSE
Arc	chr15	TRUE	FALSE
Arcn1	chr9	FALSE	FALSE
Areg	chr5	FALSE	FALSE
Arel1	chr12	TRUE	TRUE
Arf1	chr11	FALSE	FALSE
Arf2	chr11	TRUE	TRUE
Arf3	chr15	FALSE	FALSE
Arf4	chr14	FALSE	FALSE
Arf5	chr6	FALSE	FALSE
Arf6	chr12	FALSE	FALSE
Arfgap1	chr2	TRUE	TRUE
Arfgap2	chr2	FALSE	FALSE
Arfgap3	chr15	TRUE	TRUE
Arfgef1	chr1	FALSE	FALSE
Arfgef2	chr2	TRUE	TRUE
Arfgef3	chr10	FALSE	TRUE
Arfip1	chr3	FALSE	TRUE
Arfip2	chr7	TRUE	FALSE
Arfrp1	chr2	FALSE	FALSE
Arg1	chr10	TRUE	FALSE
Arg2	chr12	FALSE	FALSE
Arglu1	chr8	TRUE	TRUE
Arhgap1	chr2	TRUE	TRUE
Arhgap10	chr8	TRUE	TRUE
Arhgap11a	chr2	FALSE	FALSE
Arhgap12	chr18	TRUE	TRUE
Arhgap15	chr2	FALSE	FALSE
Arhgap17	chr7	FALSE	FALSE
Arhgap18	chr10	FALSE	TRUE
Arhgap19	chr19	FALSE	FALSE
Arhgap20	chr9	TRUE	TRUE
Arhgap21	chr2	FALSE	TRUE
Arhgap22	chr14	FALSE	FALSE
Arhgap23	chr11	TRUE	TRUE
Arhgap24	chr5	FALSE	TRUE
Arhgap25	chr6	TRUE	TRUE
Arhgap26	chr18	FALSE	FALSE
Arhgap27	chr11	TRUE	TRUE
Arhgap28	chr17	FALSE	FALSE
Arhgap29	chr3	FALSE	FALSE
Arhgap30	chr1	TRUE	FALSE
Arhgap31	chr16	TRUE	TRUE
Arhgap32	chr9	FALSE	FALSE
Arhgap33	chr7	TRUE	TRUE
Arhgap33os	chr7	TRUE	TRUE
Arhgap35	chr7	TRUE	TRUE
Arhgap36	chrX	FALSE	FALSE
Arhgap39	chr15	TRUE	TRUE
Arhgap4	chrX	FALSE	FALSE
Arhgap40	chr2	FALSE	FALSE
Arhgap42	chr9	FALSE	TRUE
Arhgap44	chr11	TRUE	TRUE
Arhgap45	chr10	FALSE	FALSE
Arhgap5	chr12	TRUE	TRUE
Arhgap6	chrX	FALSE	FALSE
Arhgap8	chr15	FALSE	TRUE
Arhgap9	chr10	TRUE	FALSE
Arhgdia	chr11	TRUE	FALSE
Arhgdib	chr6	FALSE	FALSE
Arhgdig	chr17	TRUE	FALSE
Arhgef1	chr7	TRUE	FALSE
Arhgef10	chr8	FALSE	FALSE
Arhgef10l	chr4	TRUE	TRUE
Arhgef11	chr3	TRUE	TRUE
Arhgef12	chr9	TRUE	TRUE
Arhgef15	chr11	TRUE	FALSE
Arhgef16	chr4	TRUE	FALSE
Arhgef17	chr7	TRUE	TRUE
Arhgef18	chr8	TRUE	TRUE
Arhgef19	chr4	TRUE	TRUE
Arhgef2	chr3	FALSE	FALSE
Arhgef25	chr10	TRUE	FALSE
Arhgef26	chr3	FALSE	TRUE
Arhgef28	chr13	FALSE	FALSE
Arhgef3	chr14	FALSE	FALSE
Arhgef33	chr17	FALSE	TRUE
Arhgef37	chr18	FALSE	FALSE
Arhgef38	chr3	FALSE	FALSE
Arhgef39	chr4	TRUE	FALSE
Arhgef4	chr1	TRUE	TRUE
Arhgef40	chr14	TRUE	TRUE
Arhgef5	chr6	TRUE	FALSE
Arhgef6	chrX	FALSE	TRUE
Arhgef7	chr8	FALSE	TRUE
Arhgef9	chrX	FALSE	FALSE
Arid1a	chr4	FALSE	TRUE
Arid1b	chr17	TRUE	TRUE
Arid2	chr15	TRUE	TRUE
Arid3a	chr10	TRUE	TRUE
Arid3b	chr9	FALSE	FALSE
Arid3c	chr4	TRUE	FALSE
Arid4a	chr12	TRUE	TRUE
Arid4b	chr13	FALSE	TRUE
Arid5a	chr1	TRUE	FALSE
Arid5b	chr10	FALSE	TRUE
Arih1	chr9	FALSE	TRUE
Arih2	chr9	FALSE	FALSE
Arl1	chr10	FALSE	FALSE
Arl10	chr13	FALSE	FALSE
Arl13a	chrX	TRUE	TRUE
Arl13b	chr16	TRUE	TRUE
Arl14ep	chr2	FALSE	FALSE
Arl14epl	chr18	FALSE	FALSE
Arl15	chr13	TRUE	TRUE
Arl2	chr19	FALSE	FALSE
Arl2bp	chr8	TRUE	TRUE
Arl3	chr19	FALSE	FALSE
Arl4a	chr12	TRUE	TRUE
Arl4c	chr1	FALSE	FALSE
Arl4d	chr11	TRUE	FALSE
Arl5a	chr2	TRUE	TRUE
Arl5b	chr2	FALSE	FALSE
Arl5c	chr11	FALSE	FALSE
Arl6	chr16	FALSE	FALSE
Arl6ip1	chr7	FALSE	FALSE
Arl6ip4	chr5	FALSE	FALSE
Arl6ip5	chr6	FALSE	FALSE
Arl6ip6	chr2	FALSE	FALSE
Arl8a	chr1	FALSE	FALSE
Arl8b	chr6	FALSE	FALSE
Arl9	chr5	FALSE	FALSE
Armc1	chr3	FALSE	FALSE
Armc10	chr5	FALSE	FALSE
Armc12	chr17	TRUE	FALSE
Armc2	chr10	FALSE	FALSE
Armc3	chr2	FALSE	FALSE
Armc4	chr18	FALSE	FALSE
Armc5	chr7	TRUE	FALSE
Armc6	chr8	TRUE	TRUE
Armc7	chr11	FALSE	FALSE
Armc8	chr9	TRUE	TRUE
Armc9	chr1	FALSE	FALSE
Armcx1	chrX	FALSE	FALSE
Armcx2	chrX	FALSE	FALSE
Armcx3	chrX	FALSE	FALSE
Armcx4	chrX	FALSE	FALSE
Armcx5	chrX	TRUE	FALSE
Armcx6	chrX	TRUE	FALSE
Armh1	chr4	TRUE	FALSE
Armh2	chr13	FALSE	FALSE
Armh3	chr19	TRUE	TRUE
Armh4	chr14	FALSE	FALSE
Armt1	chr10	FALSE	FALSE
Arnt	chr3	FALSE	FALSE
Arnt2	chr7	TRUE	TRUE
Arntl	chr7	FALSE	FALSE
Arntl2	chr6	FALSE	FALSE
Arpc1a	chr5	FALSE	FALSE
Arpc1b	chr5	FALSE	FALSE
Arpc2	chr1	FALSE	FALSE
Arpc3	chr5	FALSE	FALSE
Arpc4	chr6	TRUE	TRUE
Arpc5	chr1	FALSE	FALSE
Arpc5l	chr2	TRUE	FALSE
Arpin	chr7	FALSE	FALSE
Arpp19	chr9	FALSE	FALSE
Arpp21	chr9	TRUE	TRUE
Arr3	chrX	FALSE	FALSE
Arrb1	chr7	TRUE	TRUE
Arrb2	chr11	FALSE	FALSE
Arrdc1	chr2	FALSE	FALSE
Arrdc2	chr8	FALSE	FALSE
Arrdc3	chr13	FALSE	FALSE
Arrdc4	chr7	FALSE	FALSE
Arrdc5	chr17	TRUE	FALSE
Arsa	chr15	TRUE	FALSE
Arsb	chr13	FALSE	FALSE
Arsg	chr11	FALSE	FALSE
Arsi	chr18	TRUE	FALSE
Arsj	chr3	FALSE	TRUE
Arsk	chr13	FALSE	FALSE
Art1	chr7	FALSE	FALSE
Art2b	chr7	FALSE	FALSE
Art3	chr5	FALSE	FALSE
Art4	chr6	FALSE	FALSE
Art5	chr7	FALSE	FALSE
Artn	chr4	FALSE	FALSE
Arv1	chr8	TRUE	FALSE
Arvcf	chr16	TRUE	TRUE
Arx	chrX	FALSE	FALSE
As3mt	chr19	TRUE	TRUE
Asah1	chr8	FALSE	FALSE
Asah2	chr19	FALSE	TRUE
Asap1	chr15	TRUE	TRUE
Asap2	chr12	FALSE	FALSE
Asap3	chr4	TRUE	TRUE
Asb1	chr1	TRUE	FALSE
Asb10	chr5	TRUE	FALSE
Asb11	chrX	FALSE	FALSE
Asb12	chrX	FALSE	FALSE
Asb13	chr13	TRUE	FALSE
Asb14	chr14	FALSE	TRUE
Asb15	chr6	FALSE	FALSE
Asb16	chr11	FALSE	FALSE
Asb17	chr3	FALSE	FALSE
Asb18	chr1	FALSE	TRUE
Asb2	chr12	TRUE	FALSE
Asb3	chr11	FALSE	TRUE
Asb4	chr6	FALSE	FALSE
Asb5	chr8	FALSE	FALSE
Asb6	chr2	TRUE	TRUE
Asb7	chr7	FALSE	TRUE
Asb8	chr15	FALSE	FALSE
Asb9	chrX	FALSE	FALSE
Ascc1	chr10	TRUE	TRUE
Ascc2	chr11	TRUE	TRUE
Ascc3	chr10	TRUE	TRUE
Ascl1	chr10	TRUE	FALSE
Ascl2	chr7	TRUE	FALSE
Ascl3	chr7	FALSE	FALSE
Ascl4	chr10	FALSE	FALSE
Asf1a	chr10	FALSE	FALSE
Asf1b	chr8	TRUE	FALSE
Asgr1	chr11	FALSE	FALSE
Asgr2	chr11	TRUE	FALSE
Ash1l	chr3	FALSE	TRUE
Ash2l	chr8	FALSE	FALSE
Asic1	chr15	FALSE	FALSE
Asic2	chr11	FALSE	TRUE
Asic3	chr5	TRUE	FALSE
Asic4	chr1	TRUE	TRUE
Asic5	chr3	TRUE	FALSE
Asl	chr5	FALSE	FALSE
Asmt	chrX	FALSE	FALSE
Asna1	chr8	FALSE	FALSE
Asns	chr6	FALSE	FALSE
Asnsd1	chr1	FALSE	FALSE
Aspa	chr11	FALSE	FALSE
Aspdh	chr7	FALSE	FALSE
Aspg	chr12	TRUE	FALSE
Asph	chr4	FALSE	FALSE
Asphd1	chr7	FALSE	FALSE
Asphd2	chr5	TRUE	TRUE
Aspm	chr1	FALSE	FALSE
Aspn	chr13	FALSE	FALSE
Aspscr1	chr11	TRUE	TRUE
Asrgl1	chr19	FALSE	FALSE
Ass1	chr2	TRUE	TRUE
Aste1	chr9	FALSE	FALSE
Astl	chr2	TRUE	FALSE
Astn1	chr1	FALSE	FALSE
Astn2	chr4	TRUE	TRUE
Asxl1	chr2	TRUE	TRUE
Asxl2	chr12	FALSE	TRUE
Asxl3	chr18	FALSE	FALSE
Asz1	chr6	FALSE	FALSE
Atad1	chr19	FALSE	FALSE
Atad2	chr15	FALSE	FALSE
Atad2b	chr12	FALSE	TRUE
Atad3a	chr4	FALSE	FALSE
Atad5	chr11	FALSE	FALSE
Atat1	chr17	TRUE	FALSE
Atcay	chr10	FALSE	FALSE
Ate1	chr7	TRUE	TRUE
Atf1	chr15	TRUE	TRUE
Atf2	chr2	FALSE	TRUE
Atf3	chr1	TRUE	TRUE
Atf5	chr7	TRUE	FALSE
Atf6	chr1	FALSE	FALSE
Atf6b	chr17	FALSE	FALSE
Atf7	chr15	TRUE	TRUE
Atf7ip	chr6	FALSE	FALSE
Atf7ip2	chr16	TRUE	TRUE
Atg10	chr13	FALSE	FALSE
Atg101	chr15	TRUE	FALSE
Atg12	chr18	FALSE	FALSE
Atg13	chr2	FALSE	TRUE
Atg14	chr14	FALSE	FALSE
Atg16l1	chr1	FALSE	FALSE
Atg16l2	chr7	FALSE	FALSE
Atg2a	chr19	TRUE	FALSE
Atg2b	chr12	FALSE	TRUE
Atg3	chr16	FALSE	FALSE
Atg4a	chrX	FALSE	FALSE
Atg4b	chr1	TRUE	TRUE
Atg4c	chr4	TRUE	TRUE
Atg4d	chr9	TRUE	TRUE
Atg5	chr10	FALSE	FALSE
Atg7	chr6	TRUE	TRUE
Atg9a	chr1	TRUE	FALSE
Atg9b	chr5	TRUE	TRUE
Atic	chr1	FALSE	FALSE
Atl1	chr12	FALSE	FALSE
Atl2	chr17	FALSE	TRUE
Atl3	chr19	TRUE	TRUE
Atm	chr9	FALSE	TRUE
Atmin	chr8	TRUE	FALSE
Atn1	chr6	FALSE	FALSE
Atoh8	chr6	FALSE	FALSE
Atox1	chr11	FALSE	FALSE
Atp10a	chr7	FALSE	FALSE
Atp10b	chr11	FALSE	FALSE
Atp11a	chr8	TRUE	TRUE
Atp11b	chr3	FALSE	TRUE
Atp11c	chrX	FALSE	TRUE
Atp12a	chr14	FALSE	FALSE
Atp13a1	chr8	FALSE	FALSE
Atp13a2	chr4	TRUE	FALSE
Atp13a3	chr16	FALSE	TRUE
Atp13a4	chr16	FALSE	FALSE
Atp13a5	chr16	FALSE	TRUE
Atp1a1	chr3	TRUE	TRUE
Atp1a2	chr1	FALSE	FALSE
Atp1a3	chr7	FALSE	FALSE
Atp1a4	chr1	FALSE	FALSE
Atp1b1	chr1	FALSE	FALSE
Atp1b2	chr11	FALSE	FALSE
Atp1b3	chr9	FALSE	FALSE
Atp1b4	chrX	FALSE	FALSE
Atp23	chr10	TRUE	FALSE
Atp2a1	chr7	FALSE	FALSE
Atp2a2	chr5	FALSE	TRUE
Atp2a3	chr11	FALSE	FALSE
Atp2b1	chr10	TRUE	TRUE
Atp2b2	chr6	TRUE	TRUE
Atp2b3	chrX	TRUE	TRUE
Atp2b4	chr1	TRUE	TRUE
Atp2c1	chr9	FALSE	FALSE
Atp2c2	chr8	FALSE	FALSE
Atp4a	chr7	FALSE	FALSE
Atp4b	chr8	FALSE	TRUE
Atp5a1	chr18	TRUE	FALSE
Atp5b	chr10	FALSE	FALSE
Atp5c1	chr2	FALSE	FALSE
Atp5d	chr10	FALSE	FALSE
Atp5e	chr2	TRUE	FALSE
Atp5g1	chr11	FALSE	FALSE
Atp5g2	chr15	FALSE	FALSE
Atp5g3	chr2	FALSE	FALSE
Atp5h	chr11	FALSE	FALSE
Atp5j	chr16	FALSE	FALSE
Atp5j2	chr5	TRUE	FALSE
Atp5k	chr5	FALSE	FALSE
Atp5l	chr9	FALSE	FALSE
Atp5md	chr19	TRUE	FALSE
Atp5mpl	chr12	FALSE	FALSE
Atp5o	chr16	TRUE	TRUE
Atp5pb	chr3	TRUE	FALSE
Atp6ap1	chrX	FALSE	FALSE
Atp6ap1l	chr13	TRUE	FALSE
Atp6ap2	chrX	FALSE	FALSE
Atp6v0a1	chr11	TRUE	TRUE
Atp6v0a2	chr5	FALSE	FALSE
Atp6v0a4	chr6	TRUE	TRUE
Atp6v0b	chr4	TRUE	FALSE
Atp6v0c	chr17	FALSE	FALSE
Atp6v0d1	chr8	TRUE	TRUE
Atp6v0d2	chr4	FALSE	FALSE
Atp6v0e	chr17	FALSE	FALSE
Atp6v0e2	chr6	TRUE	FALSE
Atp6v1a	chr16	TRUE	TRUE
Atp6v1b1	chr6	FALSE	FALSE
Atp6v1b2	chr8	FALSE	FALSE
Atp6v1c1	chr15	FALSE	FALSE
Atp6v1c2	chr12	TRUE	TRUE
Atp6v1d	chr12	FALSE	FALSE
Atp6v1e1	chr6	FALSE	FALSE
Atp6v1e2	chr17	TRUE	FALSE
Atp6v1f	chr6	FALSE	FALSE
Atp6v1fnb	chr6	TRUE	FALSE
Atp6v1g1	chr4	TRUE	FALSE
Atp6v1g2	chr17	FALSE	FALSE
Atp6v1g3	chr1	TRUE	TRUE
Atp6v1h	chr1	FALSE	TRUE
Atp7a	chrX	FALSE	TRUE
Atp7b	chr8	TRUE	TRUE
Atp8a1	chr5	TRUE	TRUE
Atp8a2	chr14	TRUE	TRUE
Atp8b1	chr18	FALSE	TRUE
Atp8b2	chr3	TRUE	FALSE
Atp8b3	chr10	TRUE	TRUE
Atp8b4	chr2	FALSE	TRUE
Atp8b5	chr4	TRUE	TRUE
Atp9a	chr2	TRUE	TRUE
Atp9b	chr18	TRUE	TRUE
Atpaf1	chr4	FALSE	FALSE
Atpaf2	chr11	FALSE	FALSE
Atpif1	chr4	FALSE	FALSE
Atpsckmt	chr15	FALSE	FALSE
Atr	chr9	FALSE	TRUE
Atraid	chr5	TRUE	FALSE
Atrip	chr9	FALSE	FALSE
Atrn	chr2	FALSE	TRUE
Atrnl1	chr19	TRUE	TRUE
Atrx	chrX	FALSE	TRUE
Atxn1	chr13	TRUE	TRUE
Atxn10	chr15	TRUE	TRUE
Atxn1l	chr8	FALSE	FALSE
Atxn2	chr5	TRUE	TRUE
Atxn2l	chr7	FALSE	FALSE
Atxn3	chr12	FALSE	TRUE
Atxn7	chr14	TRUE	TRUE
Atxn7l1	chr12	TRUE	TRUE
Atxn7l2	chr3	FALSE	FALSE
Atxn7l3	chr11	FALSE	FALSE
Auh	chr13	TRUE	TRUE
Aunip	chr4	FALSE	FALSE
Aup1	chr6	FALSE	FALSE
Aurka	chr2	FALSE	FALSE
Aurkaip1	chr4	TRUE	FALSE
Aurkb	chr11	TRUE	FALSE
Aurkc	chr7	FALSE	FALSE
Auts2	chr5	TRUE	TRUE
Aven	chr2	FALSE	TRUE
Avil	chr10	FALSE	FALSE
Avl9	chr6	FALSE	FALSE
Avp	chr2	FALSE	FALSE
Avpi1	chr19	FALSE	FALSE
Avpr1a	chr10	FALSE	FALSE
Avpr1b	chr1	FALSE	FALSE
Avpr2	chrX	FALSE	FALSE
Awat1	chrX	FALSE	FALSE
Awat2	chrX	FALSE	TRUE
Axdnd1	chr1	FALSE	TRUE
Axin1	chr17	TRUE	FALSE
Axin2	chr11	TRUE	FALSE
Axl	chr7	FALSE	FALSE
Azgp1	chr5	FALSE	FALSE
Azi2	chr9	FALSE	FALSE
Azin1	chr15	FALSE	FALSE
Azin2	chr4	TRUE	TRUE
B020004J07Rik	chr4	FALSE	FALSE
B020011L13Rik	chr1	FALSE	FALSE
B230118H07Rik	chr2	FALSE	FALSE
B230217C12Rik	chr11	FALSE	FALSE
B230219D22Rik	chr13	FALSE	FALSE
B230307C23Rik	chr16	FALSE	FALSE
B2m	chr2	FALSE	FALSE
B3galnt1	chr3	FALSE	FALSE
B3galnt2	chr13	FALSE	FALSE
B3galt1	chr2	FALSE	FALSE
B3galt2	chr1	TRUE	FALSE
B3galt5	chr16	TRUE	TRUE
B3gat1	chr9	TRUE	TRUE
B3gat2	chr1	FALSE	FALSE
B3gat3	chr19	FALSE	FALSE
B3glct	chr5	FALSE	FALSE
B3gnt2	chr11	TRUE	TRUE
B3gnt3	chr8	FALSE	FALSE
B3gnt5	chr16	TRUE	FALSE
B3gnt6	chr7	FALSE	FALSE
B3gnt7	chr1	TRUE	TRUE
B3gnt8	chr7	FALSE	FALSE
B3gntl1	chr11	FALSE	FALSE
B430306N03Rik	chr17	FALSE	FALSE
B4galnt1	chr10	TRUE	FALSE
B4galnt2	chr11	FALSE	FALSE
B4galnt3	chr6	FALSE	FALSE
B4galnt4	chr7	TRUE	FALSE
B4galt1	chr4	TRUE	TRUE
B4galt2	chr4	FALSE	FALSE
B4galt3	chr1	TRUE	FALSE
B4galt4	chr16	FALSE	FALSE
B4galt5	chr2	TRUE	FALSE
B4galt6	chr18	FALSE	FALSE
B4galt7	chr13	TRUE	TRUE
B9d1	chr11	FALSE	TRUE
B9d2	chr7	FALSE	FALSE
BB014433	chr8	FALSE	FALSE
BB287469	chr12	FALSE	FALSE
BC004004	chr17	TRUE	TRUE
BC005537	chr13	TRUE	FALSE
BC005624	chr2	FALSE	FALSE
BC016579	chr16	FALSE	FALSE
BC017158	chr7	FALSE	FALSE
BC024063	chr10	FALSE	FALSE
BC024139	chr15	TRUE	FALSE
BC024978	chr7	TRUE	FALSE
BC025920	chr10	FALSE	FALSE
BC028528	chr3	FALSE	FALSE
BC029722	chr2	TRUE	FALSE
BC030500	chr8	FALSE	FALSE
BC031181	chr18	FALSE	FALSE
BC034090	chr1	TRUE	TRUE
BC035044	chr6	FALSE	FALSE
BC035947	chr1	FALSE	FALSE
BC048403	chr10	FALSE	FALSE
BC048562	chr9	FALSE	FALSE
BC048671	chr6	FALSE	FALSE
BC048679	chr7	FALSE	FALSE
BC049352	chr9	FALSE	FALSE
BC049715	chr6	FALSE	FALSE
BC049762	chr11	FALSE	FALSE
BC051019	chr7	TRUE	TRUE
BC051142	chr17	FALSE	FALSE
BC051665	chr13	FALSE	FALSE
BC052040	chr2	TRUE	TRUE
BC053393	chr11	TRUE	FALSE
BC055324	chr1	FALSE	FALSE
BC061237	chr14	FALSE	FALSE
BC067074	chr13	FALSE	FALSE
BC080695	chr4	FALSE	FALSE
BC107364	chr3	FALSE	FALSE
BC147527	chr13	TRUE	TRUE
Baalc	chr15	FALSE	FALSE
Baat	chr4	FALSE	FALSE
Babam1	chr8	FALSE	FALSE
Babam2	chr5	FALSE	FALSE
Bace1	chr9	FALSE	FALSE
Bace2	chr16	FALSE	FALSE
Bach1	chr16	TRUE	TRUE
Bach2	chr4	FALSE	FALSE
Bad	chr19	FALSE	FALSE
Bag1	chr4	FALSE	FALSE
Bag2	chr1	FALSE	FALSE
Bag3	chr7	FALSE	FALSE
Bag4	chr8	FALSE	FALSE
Bag5	chr12	TRUE	TRUE
Bag6	chr17	FALSE	FALSE
Bahcc1	chr11	TRUE	TRUE
Bahd1	chr2	TRUE	TRUE
Baiap2	chr11	TRUE	TRUE
Baiap2l1	chr5	FALSE	FALSE
Baiap2l2	chr15	FALSE	FALSE
Baiap3	chr17	TRUE	TRUE
Bak1	chr17	TRUE	TRUE
Bambi	chr18	TRUE	FALSE
Banf1	chr19	FALSE	FALSE
Banf2	chr2	FALSE	FALSE
Bank1	chr3	FALSE	FALSE
Banp	chr8	TRUE	TRUE
Bap1	chr14	FALSE	FALSE
Bard1	chr1	FALSE	FALSE
Barhl1	chr2	TRUE	TRUE
Barhl2	chr5	FALSE	FALSE
Barx1	chr13	FALSE	FALSE
Barx2	chr9	TRUE	TRUE
Basp1	chr15	FALSE	FALSE
Batf	chr12	TRUE	TRUE
Batf2	chr19	FALSE	FALSE
Batf3	chr1	TRUE	FALSE
Bax	chr7	TRUE	FALSE
Baz1a	chr12	FALSE	TRUE
Baz1b	chr5	TRUE	TRUE
Baz2a	chr10	FALSE	FALSE
Baz2b	chr2	TRUE	TRUE
Bbc3	chr7	FALSE	FALSE
Bbip1	chr19	FALSE	FALSE
Bbof1	chr12	FALSE	FALSE
Bbox1	chr2	FALSE	FALSE
Bbs1	chr19	FALSE	FALSE
Bbs12	chr3	FALSE	FALSE
Bbs2	chr8	FALSE	FALSE
Bbs4	chr9	FALSE	TRUE
Bbs5	chr2	FALSE	FALSE
Bbs7	chr3	FALSE	FALSE
Bbs9	chr9	FALSE	TRUE
Bbx	chr16	TRUE	TRUE
Bcam	chr7	FALSE	FALSE
Bcan	chr3	TRUE	FALSE
Bcap29	chr12	FALSE	FALSE
Bcap31	chrX	FALSE	FALSE
Bcar1	chr8	FALSE	TRUE
Bcar3	chr3	TRUE	TRUE
Bcas1	chr2	FALSE	TRUE
Bcas2	chr3	FALSE	FALSE
Bcas3	chr11	TRUE	TRUE
Bcat1	chr6	TRUE	TRUE
Bcat2	chr7	FALSE	FALSE
Bccip	chr7	FALSE	FALSE
Bche	chr3	FALSE	FALSE
Bckdha	chr7	FALSE	FALSE
Bckdhb	chr9	TRUE	TRUE
Bckdk	chr7	FALSE	FALSE
Bcl10	chr3	TRUE	FALSE
Bcl11a	chr11	FALSE	FALSE
Bcl11b	chr12	TRUE	FALSE
Bcl2	chr1	FALSE	FALSE
Bcl2a1a	chr9	FALSE	FALSE
Bcl2a1b	chr9	FALSE	FALSE
Bcl2a1d	chr9	FALSE	FALSE
Bcl2l1	chr2	FALSE	FALSE
Bcl2l10	chr9	TRUE	FALSE
Bcl2l11	chr2	TRUE	FALSE
Bcl2l12	chr7	FALSE	FALSE
Bcl2l13	chr6	FALSE	TRUE
Bcl2l14	chr6	FALSE	FALSE
Bcl2l15	chr3	FALSE	FALSE
Bcl2l2	chr14	FALSE	FALSE
Bcl3	chr7	FALSE	FALSE
Bcl6	chr16	TRUE	FALSE
Bcl6b	chr11	FALSE	FALSE
Bcl7a	chr5	FALSE	FALSE
Bcl7b	chr5	FALSE	FALSE
Bcl7c	chr7	FALSE	FALSE
Bcl9	chr3	FALSE	TRUE
Bcl9l	chr9	TRUE	FALSE
Bclaf1	chr10	FALSE	FALSE
Bclaf3	chrX	FALSE	FALSE
Bco1	chr8	TRUE	TRUE
Bco2	chr9	FALSE	TRUE
Bcor	chrX	TRUE	TRUE
Bcorl1	chrX	TRUE	TRUE
Bcr	chr10	TRUE	TRUE
Bcs1l	chr1	TRUE	FALSE
Bdh1	chr16	FALSE	FALSE
Bdh2	chr3	FALSE	FALSE
Bdkrb1	chr12	TRUE	FALSE
Bdkrb2	chr12	TRUE	TRUE
Bdnf	chr2	FALSE	FALSE
Bdp1	chr13	FALSE	TRUE
Bean1	chr8	FALSE	FALSE
Becn1	chr11	FALSE	FALSE
Begain	chr12	TRUE	TRUE
Bend3	chr10	TRUE	TRUE
Bend4	chr5	TRUE	FALSE
Bend5	chr4	FALSE	FALSE
Bend6	chr1	FALSE	TRUE
Bend7	chr2	TRUE	TRUE
Best1	chr19	TRUE	FALSE
Best2	chr8	FALSE	FALSE
Best3	chr10	FALSE	FALSE
Bet1	chr6	FALSE	FALSE
Bet1l	chr7	FALSE	FALSE
Bex1	chrX	FALSE	FALSE
Bex6	chr16	FALSE	FALSE
Bfar	chr16	FALSE	FALSE
Bfsp1	chr2	FALSE	FALSE
Bfsp2	chr9	TRUE	TRUE
Bglap	chr3	TRUE	FALSE
Bglap2	chr3	TRUE	FALSE
Bglap3	chr3	FALSE	FALSE
Bgn	chrX	TRUE	FALSE
Bhlha15	chr5	FALSE	FALSE
Bhlhb9	chrX	FALSE	FALSE
Bhlhe40	chr6	FALSE	FALSE
Bhlhe41	chr6	FALSE	FALSE
Bhmt	chr13	FALSE	FALSE
Bhmt2	chr13	FALSE	FALSE
Bicc1	chr10	FALSE	FALSE
Bicd1	chr6	TRUE	TRUE
Bicd2	chr13	TRUE	TRUE
Bicdl1	chr5	TRUE	TRUE
Bicdl2	chr17	FALSE	FALSE
Bicra	chr7	TRUE	TRUE
Bicral	chr17	TRUE	TRUE
Bid	chr6	TRUE	FALSE
Bik	chr15	TRUE	FALSE
Bin1	chr18	FALSE	TRUE
Bin2	chr15	FALSE	FALSE
Bin3	chr14	FALSE	FALSE
Birc2	chr9	TRUE	FALSE
Birc3	chr9	FALSE	FALSE
Birc5	chr11	FALSE	FALSE
Birc6	chr17	FALSE	TRUE
Birc7	chr2	TRUE	FALSE
Bivm	chr1	FALSE	FALSE
Blcap	chr2	TRUE	FALSE
Blk	chr14	TRUE	TRUE
Blm	chr7	TRUE	TRUE
Blmh	chr11	FALSE	TRUE
Blnk	chr19	FALSE	TRUE
Bloc1s1	chr10	FALSE	FALSE
Bloc1s2	chr19	FALSE	FALSE
Bloc1s3	chr7	FALSE	FALSE
Bloc1s5	chr13	FALSE	FALSE
Bloc1s6	chr2	FALSE	FALSE
Blvra	chr2	FALSE	FALSE
Blvrb	chr7	FALSE	FALSE
Blzf1	chr1	TRUE	FALSE
Bmerb1	chr16	TRUE	TRUE
Bmf	chr2	FALSE	FALSE
Bmi1	chr2	FALSE	FALSE
Bmp1	chr14	FALSE	FALSE
Bmp10	chr6	TRUE	TRUE
Bmp15	chrX	TRUE	FALSE
Bmp2	chr2	FALSE	FALSE
Bmp2k	chr5	TRUE	TRUE
Bmp3	chr5	FALSE	FALSE
Bmp4	chr14	TRUE	FALSE
Bmp5	chr9	FALSE	TRUE
Bmp6	chr13	FALSE	TRUE
Bmp7	chr2	FALSE	FALSE
Bmp8a	chr4	TRUE	FALSE
Bmp8b	chr4	TRUE	TRUE
Bmper	chr9	FALSE	FALSE
Bmpr1a	chr14	TRUE	TRUE
Bmpr1b	chr3	FALSE	TRUE
Bmpr2	chr1	TRUE	TRUE
Bms1	chr6	FALSE	FALSE
Bmt2	chr6	FALSE	FALSE
Bmx	chrX	FALSE	FALSE
Bnc1	chr7	TRUE	TRUE
Bnc2	chr4	FALSE	TRUE
Bnip1	chr17	FALSE	FALSE
Bnip2	chr9	TRUE	FALSE
Bnip3	chr7	FALSE	FALSE
Bnip3l	chr14	FALSE	FALSE
Bnip5	chr17	TRUE	TRUE
Bnipl	chr3	FALSE	FALSE
Boc	chr16	FALSE	FALSE
Bod1	chr11	FALSE	FALSE
Bod1l	chr5	FALSE	FALSE
Bok	chr1	TRUE	FALSE
Bola1	chr3	FALSE	FALSE
Bola3	chr6	FALSE	FALSE
Boll	chr1	FALSE	TRUE
Bop1	chr15	FALSE	FALSE
Bora	chr14	FALSE	FALSE
Borcs5	chr6	TRUE	FALSE
Borcs7	chr19	TRUE	FALSE
Borcs8	chr8	TRUE	FALSE
Bpgm	chr6	FALSE	FALSE
Bphl	chr13	TRUE	FALSE
Bpi	chr2	TRUE	TRUE
Bpifa1	chr2	TRUE	FALSE
Bpifa2	chr2	TRUE	FALSE
Bpifa3	chr2	TRUE	FALSE
Bpifa5	chr2	FALSE	FALSE
Bpifa6	chr2	FALSE	FALSE
Bpifb1	chr2	TRUE	FALSE
Bpifb2	chr2	FALSE	FALSE
Bpifb3	chr2	FALSE	FALSE
Bpifb4	chr2	FALSE	FALSE
Bpifb5	chr2	TRUE	FALSE
Bpifb6	chr2	FALSE	FALSE
Bpifb9a	chr2	FALSE	FALSE
Bpifb9b	chr2	TRUE	TRUE
Bpifc	chr10	FALSE	FALSE
Bpnt1	chr1	FALSE	FALSE
Bptf	chr11	TRUE	TRUE
Braf	chr6	TRUE	TRUE
Brap	chr5	TRUE	FALSE
Brat1	chr5	FALSE	FALSE
Brca1	chr11	FALSE	TRUE
Brca2	chr5	FALSE	FALSE
Brcc3	chrX	FALSE	FALSE
Brd1	chr15	TRUE	FALSE
Brd2	chr17	TRUE	FALSE
Brd3	chr2	FALSE	TRUE
Brd4	chr17	TRUE	TRUE
Brd7	chr8	TRUE	TRUE
Brd8	chr18	FALSE	FALSE
Brd8dc	chr18	FALSE	FALSE
Brd9	chr13	FALSE	FALSE
Brdt	chr5	FALSE	FALSE
Brf1	chr12	TRUE	TRUE
Brf2	chr8	FALSE	FALSE
Bri3	chr5	FALSE	TRUE
Bri3bp	chr5	FALSE	FALSE
Bricd5	chr17	FALSE	FALSE
Brinp1	chr4	FALSE	TRUE
Brinp2	chr1	FALSE	FALSE
Brinp3	chr1	FALSE	FALSE
Brip1	chr11	TRUE	TRUE
Brix1	chr15	FALSE	FALSE
Brk1	chr6	FALSE	FALSE
Brms1	chr19	TRUE	FALSE
Brms1l	chr12	FALSE	FALSE
Brox	chr1	FALSE	FALSE
Brpf1	chr6	FALSE	FALSE
Brpf3	chr17	TRUE	TRUE
Brs3	chrX	FALSE	FALSE
Brsk1	chr7	FALSE	FALSE
Brsk2	chr7	TRUE	TRUE
Brwd1	chr16	FALSE	TRUE
Brwd3	chrX	FALSE	TRUE
Bscl2	chr19	TRUE	FALSE
Bsdc1	chr4	FALSE	FALSE
Bsg	chr10	TRUE	FALSE
Bsn	chr9	FALSE	FALSE
Bsnd	chr4	FALSE	FALSE
Bsph1	chr7	TRUE	FALSE
Bsph2	chr7	FALSE	FALSE
Bspry	chr4	TRUE	FALSE
Bst1	chr5	TRUE	FALSE
Bst2	chr8	FALSE	FALSE
Bsx	chr9	TRUE	FALSE
Btaf1	chr19	TRUE	TRUE
Btbd1	chr7	TRUE	TRUE
Btbd10	chr7	FALSE	FALSE
Btbd11	chr10	TRUE	TRUE
Btbd16	chr7	TRUE	TRUE
Btbd17	chr11	FALSE	FALSE
Btbd18	chr2	FALSE	FALSE
Btbd19	chr4	TRUE	FALSE
Btbd2	chr10	FALSE	FALSE
Btbd3	chr2	FALSE	FALSE
Btbd6	chr12	FALSE	FALSE
Btbd7	chr12	TRUE	TRUE
Btbd8	chr5	FALSE	FALSE
Btbd9	chr17	TRUE	TRUE
Btc	chr5	TRUE	FALSE
Btd	chr14	FALSE	FALSE
Btf3	chr13	FALSE	FALSE
Btf3l4	chr4	FALSE	FALSE
Btg1	chr10	FALSE	FALSE
Btg1b	chrX	TRUE	FALSE
Btg1c	chrX	TRUE	TRUE
Btg2	chr1	FALSE	FALSE
Btg3	chr16	TRUE	TRUE
Btg4	chr9	FALSE	FALSE
Btk	chrX	FALSE	FALSE
Btla	chr16	FALSE	FALSE
Btn1a1	chr13	TRUE	FALSE
Btn2a2	chr13	TRUE	FALSE
Btnl1	chr17	FALSE	FALSE
Btnl10	chr11	FALSE	FALSE
Btnl2	chr17	FALSE	FALSE
Btnl4	chr17	TRUE	FALSE
Btnl6	chr17	FALSE	FALSE
Btnl9	chr11	FALSE	FALSE
Btrc	chr19	FALSE	TRUE
Bub1	chr2	FALSE	FALSE
Bub1b	chr2	TRUE	TRUE
Bub3	chr7	TRUE	FALSE
Bud13	chr9	FALSE	FALSE
Bud23	chr5	FALSE	FALSE
Bud31	chr5	FALSE	FALSE
Bves	chr10	FALSE	FALSE
Bysl	chr17	TRUE	TRUE
Bzw1	chr1	FALSE	FALSE
Bzw2	chr12	FALSE	FALSE
C130026I21Rik	chr1	FALSE	TRUE
C130050O18Rik	chr5	FALSE	FALSE
C130073F10Rik	chr4	FALSE	FALSE
C130074G19Rik	chr1	TRUE	TRUE
C1d	chr11	FALSE	FALSE
C1galt1	chr6	FALSE	FALSE
C1galt1c1	chrX	TRUE	FALSE
C1qa	chr4	TRUE	FALSE
C1qb	chr4	TRUE	FALSE
C1qbp	chr11	TRUE	FALSE
C1qc	chr4	FALSE	FALSE
C1ql1	chr11	TRUE	FALSE
C1ql2	chr1	TRUE	FALSE
C1ql3	chr2	FALSE	FALSE
C1ql4	chr15	TRUE	FALSE
C1qtnf1	chr11	TRUE	TRUE
C1qtnf12	chr4	FALSE	FALSE
C1qtnf2	chr11	TRUE	FALSE
C1qtnf3	chr15	FALSE	FALSE
C1qtnf4	chr2	TRUE	FALSE
C1qtnf5	chr9	TRUE	FALSE
C1qtnf6	chr15	FALSE	FALSE
C1qtnf7	chr5	TRUE	TRUE
C1qtnf9	chr14	FALSE	FALSE
C1ra	chr6	FALSE	FALSE
C1rb	chr6	FALSE	FALSE
C1rl	chr6	FALSE	FALSE
C1s1	chr6	FALSE	FALSE
C1s2	chr6	FALSE	FALSE
C2	chr17	FALSE	FALSE
C2cd2	chr16	FALSE	FALSE
C2cd2l	chr9	TRUE	FALSE
C2cd3	chr7	FALSE	TRUE
C2cd4a	chr9	TRUE	FALSE
C2cd4b	chr9	TRUE	FALSE
C2cd4c	chr10	TRUE	FALSE
C2cd4d	chr3	TRUE	FALSE
C2cd5	chr6	FALSE	TRUE
C2cd6	chr1	FALSE	FALSE
C3	chr17	TRUE	FALSE
C330007P06Rik	chrX	FALSE	FALSE
C330018D20Rik	chr18	FALSE	FALSE
C3ar1	chr6	FALSE	FALSE
C4b	chr17	FALSE	FALSE
C4bp	chr1	FALSE	FALSE
C530008M17Rik	chr5	TRUE	TRUE
C5ar1	chr7	TRUE	TRUE
C5ar2	chr7	FALSE	FALSE
C6	chr15	FALSE	FALSE
C7	chr15	FALSE	FALSE
C77080	chr4	FALSE	FALSE
C87414	chr5	FALSE	FALSE
C87436	chr6	FALSE	FALSE
C87499	chr4	FALSE	FALSE
C87977	chr4	FALSE	FALSE
C8a	chr4	TRUE	TRUE
C8b	chr4	TRUE	FALSE
C8g	chr2	FALSE	FALSE
C9	chr15	FALSE	FALSE
C9orf72	chr4	FALSE	FALSE
CAAA01077340.1	chr5	TRUE	FALSE
CK137956	chr4	TRUE	TRUE
CN725425	chr15	TRUE	TRUE
Caap1	chr4	FALSE	FALSE
Cab39	chr1	FALSE	TRUE
Cab39l	chr14	FALSE	TRUE
Cabcoco1	chr10	FALSE	FALSE
Cabin1	chr10	FALSE	FALSE
Cables1	chr18	TRUE	TRUE
Cables2	chr2	FALSE	FALSE
Cabp1	chr5	FALSE	FALSE
Cabp2	chr19	FALSE	FALSE
Cabp4	chr19	TRUE	TRUE
Cabp5	chr7	TRUE	FALSE
Cabp7	chr11	TRUE	TRUE
Cabs1	chr5	FALSE	FALSE
Cabyr	chr18	FALSE	FALSE
Cacfd1	chr2	FALSE	FALSE
Cachd1	chr4	TRUE	TRUE
Cacna1a	chr8	FALSE	TRUE
Cacna1b	chr2	TRUE	TRUE
Cacna1c	chr6	TRUE	TRUE
Cacna1d	chr14	FALSE	TRUE
Cacna1e	chr1	TRUE	TRUE
Cacna1f	chrX	FALSE	FALSE
Cacna1g	chr11	TRUE	TRUE
Cacna1h	chr17	TRUE	TRUE
Cacna1i	chr15	TRUE	TRUE
Cacna1s	chr1	TRUE	FALSE
Cacna2d1	chr5	FALSE	FALSE
Cacna2d2	chr9	TRUE	TRUE
Cacna2d3	chr14	FALSE	TRUE
Cacna2d4	chr6	TRUE	TRUE
Cacnb1	chr11	TRUE	FALSE
Cacnb2	chr2	FALSE	TRUE
Cacnb3	chr15	FALSE	FALSE
Cacnb4	chr2	TRUE	TRUE
Cacng1	chr11	TRUE	FALSE
Cacng2	chr15	TRUE	TRUE
Cacng3	chr7	FALSE	TRUE
Cacng4	chr11	FALSE	FALSE
Cacng5	chr11	TRUE	TRUE
Cacng6	chr7	FALSE	FALSE
Cacng7	chr7	FALSE	FALSE
Cacng8	chr7	TRUE	TRUE
Cactin	chr10	TRUE	FALSE
Cacul1	chr19	TRUE	TRUE
Cacybp	chr1	FALSE	FALSE
Cad	chr5	TRUE	FALSE
Cadm1	chr9	TRUE	TRUE
Cadm2	chr16	FALSE	FALSE
Cadm3	chr1	FALSE	FALSE
Cadm4	chr7	FALSE	FALSE
Cadps	chr14	TRUE	TRUE
Cadps2	chr6	TRUE	TRUE
Cage1	chr13	FALSE	FALSE
Calb1	chr4	FALSE	FALSE
Calb2	chr8	FALSE	FALSE
Calca	chr7	TRUE	TRUE
Calcb	chr7	FALSE	FALSE
Calcoco1	chr15	TRUE	TRUE
Calcoco2	chr11	FALSE	FALSE
Calcr	chr6	FALSE	FALSE
Calcrl	chr2	FALSE	FALSE
Cald1	chr6	TRUE	TRUE
Calhm1	chr19	TRUE	FALSE
Calhm2	chr19	FALSE	FALSE
Calhm3	chr19	TRUE	FALSE
Calhm5	chr10	FALSE	FALSE
Calhm6	chr10	TRUE	FALSE
Calm1	chr12	FALSE	FALSE
Calm2	chr17	FALSE	FALSE
Calm3	chr7	TRUE	FALSE
Calml4	chr9	FALSE	FALSE
Caln1	chr5	FALSE	FALSE
Calr	chr8	FALSE	FALSE
Calr3	chr8	FALSE	FALSE
Calr4	chr4	FALSE	FALSE
Calu	chr6	FALSE	FALSE
Caly	chr7	FALSE	FALSE
Camk1	chr6	TRUE	FALSE
Camk1d	chr2	TRUE	TRUE
Camk1g	chr1	TRUE	TRUE
Camk2a	chr18	TRUE	TRUE
Camk2b	chr11	TRUE	TRUE
Camk2d	chr3	FALSE	FALSE
Camk2g	chr14	FALSE	TRUE
Camk2n1	chr4	FALSE	FALSE
Camk2n2	chr16	FALSE	FALSE
Camk4	chr18	TRUE	TRUE
Camkk1	chr11	TRUE	FALSE
Camkk2	chr5	FALSE	TRUE
Camkmt	chr17	FALSE	TRUE
Camkv	chr9	FALSE	FALSE
Caml	chr13	TRUE	FALSE
Camp	chr9	FALSE	FALSE
Camsap1	chr2	FALSE	FALSE
Camsap2	chr1	FALSE	TRUE
Camsap3	chr8	FALSE	FALSE
Camta1	chr4	TRUE	TRUE
Camta2	chr11	FALSE	FALSE
Cand1	chr10	TRUE	TRUE
Cand2	chr6	FALSE	FALSE
Cant1	chr11	FALSE	FALSE
Canx	chr11	TRUE	FALSE
Cap1	chr4	FALSE	FALSE
Cap2	chr13	FALSE	TRUE
Capg	chr6	FALSE	FALSE
Capn1	chr19	FALSE	FALSE
Capn10	chr1	TRUE	FALSE
Capn11	chr17	TRUE	TRUE
Capn12	chr7	TRUE	FALSE
Capn13	chr17	FALSE	FALSE
Capn15	chr17	TRUE	FALSE
Capn2	chr1	FALSE	FALSE
Capn3	chr2	FALSE	FALSE
Capn5	chr7	TRUE	TRUE
Capn6	chrX	FALSE	FALSE
Capn7	chr14	TRUE	TRUE
Capn8	chr1	FALSE	FALSE
Capn9	chr8	FALSE	FALSE
Capns1	chr7	FALSE	FALSE
Caprin1	chr2	FALSE	FALSE
Caprin2	chr6	FALSE	TRUE
Caps2	chr10	TRUE	TRUE
Capsl	chr15	FALSE	FALSE
Capza1	chr3	FALSE	TRUE
Capza2	chr6	FALSE	FALSE
Capzb	chr4	TRUE	TRUE
Car1	chr3	FALSE	FALSE
Car10	chr11	FALSE	TRUE
Car11	chr7	TRUE	FALSE
Car12	chr9	FALSE	FALSE
Car13	chr3	FALSE	FALSE
Car14	chr3	FALSE	FALSE
Car15	chr16	TRUE	FALSE
Car2	chr3	FALSE	FALSE
Car3	chr3	FALSE	FALSE
Car4	chr11	TRUE	FALSE
Car5a	chr8	TRUE	TRUE
Car5b	chrX	FALSE	FALSE
Car6	chr4	TRUE	TRUE
Car7	chr8	FALSE	FALSE
Car8	chr4	FALSE	TRUE
Car9	chr4	FALSE	FALSE
Card10	chr15	TRUE	TRUE
Card11	chr5	TRUE	TRUE
Card14	chr11	TRUE	FALSE
Card19	chr13	FALSE	FALSE
Card6	chr15	FALSE	FALSE
Card9	chr2	FALSE	FALSE
Carf	chr1	FALSE	FALSE
Carhsp1	chr16	FALSE	FALSE
Carm1	chr9	TRUE	FALSE
Carmil1	chr13	TRUE	TRUE
Carmil2	chr8	FALSE	FALSE
Carmil3	chr14	TRUE	FALSE
Carnmt1	chr19	FALSE	FALSE
Carns1	chr19	FALSE	FALSE
Cars	chr7	TRUE	FALSE
Cars2	chr8	FALSE	FALSE
Cartpt	chr13	TRUE	FALSE
Casc1	chr6	FALSE	FALSE
Casc3	chr11	TRUE	FALSE
Casc4	chr2	FALSE	TRUE
Casd1	chr6	FALSE	FALSE
Cask	chrX	TRUE	TRUE
Caskin1	chr17	FALSE	FALSE
Caskin2	chr11	TRUE	TRUE
Casp1	chr9	FALSE	FALSE
Casp12	chr9	FALSE	FALSE
Casp14	chr10	FALSE	FALSE
Casp2	chr6	FALSE	FALSE
Casp3	chr8	FALSE	FALSE
Casp4	chr9	TRUE	TRUE
Casp6	chr3	TRUE	FALSE
Casp7	chr19	TRUE	TRUE
Casp8	chr1	FALSE	FALSE
Casp8ap2	chr4	FALSE	FALSE
Casp9	chr4	FALSE	FALSE
Casq1	chr1	FALSE	FALSE
Casq2	chr3	FALSE	FALSE
Casr	chr16	FALSE	TRUE
Cass4	chr2	FALSE	FALSE
Cast	chr13	FALSE	TRUE
Castor1	chr11	TRUE	FALSE
Castor2	chr5	FALSE	FALSE
Casz1	chr4	TRUE	TRUE
Cat	chr2	FALSE	FALSE
Catip	chr1	TRUE	FALSE
Catsper1	chr19	TRUE	TRUE
Catsper2	chr2	FALSE	FALSE
Catsper3	chr13	FALSE	FALSE
Catsper4	chr4	FALSE	FALSE
Catsperb	chr12	FALSE	FALSE
Catsperd	chr17	FALSE	FALSE
Catspere1	chr1	FALSE	TRUE
Catspere2	chr1	FALSE	TRUE
Catsperg1	chr7	FALSE	FALSE
Catsperg2	chr7	FALSE	FALSE
Catsperz	chr19	TRUE	FALSE
Cav1	chr6	FALSE	FALSE
Cav2	chr6	FALSE	FALSE
Cav3	chr6	TRUE	FALSE
Cavin1	chr11	TRUE	FALSE
Cavin2	chr1	FALSE	FALSE
Cavin3	chr7	TRUE	FALSE
Cavin4	chr4	TRUE	FALSE
Cbarp	chr10	FALSE	FALSE
Cbfa2t2	chr2	FALSE	FALSE
Cbfa2t3	chr8	TRUE	TRUE
Cbfb	chr8	FALSE	FALSE
Cbl	chr9	TRUE	TRUE
Cblb	chr16	FALSE	FALSE
Cblc	chr7	FALSE	FALSE
Cblif	chr19	FALSE	FALSE
Cbll1	chr12	FALSE	FALSE
Cbln1	chr8	FALSE	FALSE
Cbln2	chr18	TRUE	FALSE
Cbln3	chr14	TRUE	TRUE
Cbln4	chr2	FALSE	FALSE
Cbr1	chr16	FALSE	FALSE
Cbr2	chr11	TRUE	FALSE
Cbr3	chr16	TRUE	FALSE
Cbr4	chr8	FALSE	FALSE
Cbs	chr17	TRUE	TRUE
Cbwd1	chr19	FALSE	FALSE
Cbx1	chr11	FALSE	FALSE
Cbx2	chr11	TRUE	FALSE
Cbx3	chr6	FALSE	FALSE
Cbx4	chr11	FALSE	FALSE
Cbx5	chr15	TRUE	TRUE
Cbx6	chr15	FALSE	FALSE
Cbx7	chr15	FALSE	FALSE
Cbx8	chr11	FALSE	FALSE
Cby1	chr15	FALSE	FALSE
Cby2	chr14	FALSE	FALSE
Cby3	chr11	TRUE	FALSE
Cc2d1a	chr8	FALSE	FALSE
Cc2d1b	chr4	TRUE	TRUE
Cc2d2a	chr5	FALSE	TRUE
Cc2d2b	chr19	TRUE	TRUE
Ccar1	chr10	FALSE	FALSE
Ccar2	chr14	TRUE	TRUE
Ccbe1	chr18	FALSE	FALSE
Ccdc102a	chr8	TRUE	FALSE
Ccdc103	chr11	FALSE	FALSE
Ccdc105	chr10	FALSE	FALSE
Ccdc106	chr7	FALSE	FALSE
Ccdc107	chr4	FALSE	FALSE
Ccdc110	chr8	FALSE	FALSE
Ccdc112	chr18	FALSE	FALSE
Ccdc113	chr8	TRUE	TRUE
Ccdc114	chr7	FALSE	FALSE
Ccdc115	chr1	FALSE	FALSE
Ccdc116	chr16	FALSE	FALSE
Ccdc117	chr11	FALSE	FALSE
Ccdc12	chr9	TRUE	FALSE
Ccdc120	chrX	FALSE	FALSE
Ccdc122	chr14	FALSE	FALSE
Ccdc124	chr8	FALSE	FALSE
Ccdc125	chr13	TRUE	TRUE
Ccdc126	chr6	TRUE	FALSE
Ccdc127	chr13	TRUE	FALSE
Ccdc13	chr9	TRUE	TRUE
Ccdc130	chr8	TRUE	FALSE
Ccdc134	chr15	FALSE	FALSE
Ccdc136	chr6	FALSE	FALSE
Ccdc137	chr11	TRUE	FALSE
Ccdc138	chr10	TRUE	TRUE
Ccdc14	chr16	FALSE	FALSE
Ccdc141	chr2	FALSE	TRUE
Ccdc142	chr6	FALSE	FALSE
Ccdc144b	chr3	TRUE	TRUE
Ccdc146	chr5	TRUE	TRUE
Ccdc148	chr2	FALSE	FALSE
Ccdc149	chr5	FALSE	TRUE
Ccdc15	chr9	TRUE	TRUE
Ccdc150	chr1	FALSE	TRUE
Ccdc151	chr9	FALSE	FALSE
Ccdc152	chr15	TRUE	FALSE
Ccdc153	chr9	TRUE	FALSE
Ccdc154	chr17	TRUE	FALSE
Ccdc155	chr7	FALSE	FALSE
Ccdc157	chr11	TRUE	TRUE
Ccdc158	chr5	TRUE	TRUE
Ccdc159	chr9	FALSE	FALSE
Ccdc160	chrX	FALSE	FALSE
Ccdc162	chr10	FALSE	FALSE
Ccdc163	chr4	FALSE	TRUE
Ccdc167	chr17	TRUE	TRUE
Ccdc169	chr3	TRUE	FALSE
Ccdc17	chr4	TRUE	FALSE
Ccdc170	chr10	FALSE	FALSE
Ccdc171	chr4	FALSE	TRUE
Ccdc172	chr19	TRUE	FALSE
Ccdc173	chr2	FALSE	TRUE
Ccdc174	chr6	FALSE	FALSE
Ccdc175	chr12	FALSE	FALSE
Ccdc177	chr12	TRUE	TRUE
Ccdc178	chr18	FALSE	FALSE
Ccdc18	chr5	FALSE	FALSE
Ccdc180	chr4	FALSE	FALSE
Ccdc181	chr1	FALSE	FALSE
Ccdc183	chr2	FALSE	FALSE
Ccdc186	chr19	FALSE	FALSE
Ccdc187	chr2	TRUE	TRUE
Ccdc188	chr16	FALSE	FALSE
Ccdc189	chr7	FALSE	FALSE
Ccdc190	chr1	TRUE	FALSE
Ccdc191	chr16	FALSE	FALSE
Ccdc192	chr18	FALSE	FALSE
Ccdc194	chr8	FALSE	FALSE
Ccdc201	chr11	TRUE	FALSE
Ccdc22	chrX	FALSE	FALSE
Ccdc24	chr4	TRUE	FALSE
Ccdc25	chr14	TRUE	FALSE
Ccdc27	chr4	FALSE	FALSE
Ccdc28a	chr10	FALSE	FALSE
Ccdc28b	chr4	FALSE	FALSE
Ccdc3	chr2	FALSE	FALSE
Ccdc30	chr4	FALSE	FALSE
Ccdc32	chr2	FALSE	FALSE
Ccdc33	chr9	TRUE	TRUE
Ccdc34	chr2	TRUE	TRUE
Ccdc36	chr9	TRUE	TRUE
Ccdc38	chr10	FALSE	FALSE
Ccdc39	chr3	FALSE	FALSE
Ccdc40	chr11	FALSE	FALSE
Ccdc42	chr11	TRUE	FALSE
Ccdc43	chr11	TRUE	FALSE
Ccdc47	chr11	FALSE	FALSE
Ccdc50	chr16	FALSE	TRUE
Ccdc51	chr9	TRUE	FALSE
Ccdc57	chr11	TRUE	TRUE
Ccdc58	chr16	FALSE	FALSE
Ccdc59	chr10	TRUE	FALSE
Ccdc6	chr10	TRUE	TRUE
Ccdc60	chr5	TRUE	TRUE
Ccdc61	chr7	FALSE	FALSE
Ccdc62	chr5	TRUE	TRUE
Ccdc63	chr5	FALSE	FALSE
Ccdc65	chr15	TRUE	FALSE
Ccdc66	chr14	FALSE	FALSE
Ccdc68	chr18	FALSE	FALSE
Ccdc69	chr11	FALSE	FALSE
Ccdc70	chr8	FALSE	FALSE
Ccdc71	chr9	FALSE	FALSE
Ccdc73	chr2	FALSE	TRUE
Ccdc74a	chr16	FALSE	FALSE
Ccdc77	chr6	FALSE	TRUE
Ccdc78	chr17	TRUE	FALSE
Ccdc7a	chr8	FALSE	TRUE
Ccdc7b	chr8	FALSE	FALSE
Ccdc80	chr16	FALSE	FALSE
Ccdc81	chr7	FALSE	FALSE
Ccdc82	chr9	FALSE	FALSE
Ccdc83	chr7	FALSE	FALSE
Ccdc84	chr9	FALSE	FALSE
Ccdc85a	chr11	FALSE	TRUE
Ccdc85c	chr12	FALSE	FALSE
Ccdc86	chr19	FALSE	FALSE
Ccdc88a	chr11	TRUE	TRUE
Ccdc88b	chr19	TRUE	FALSE
Ccdc88c	chr12	TRUE	TRUE
Ccdc9	chr7	FALSE	FALSE
Ccdc90b	chr7	FALSE	FALSE
Ccdc91	chr6	FALSE	TRUE
Ccdc92	chr5	TRUE	FALSE
Ccdc92b	chr11	TRUE	FALSE
Ccdc93	chr1	FALSE	TRUE
Ccdc97	chr7	FALSE	FALSE
Ccdc9b	chr2	FALSE	FALSE
Ccer2	chr7	FALSE	FALSE
Cchcr1	chr17	TRUE	FALSE
Cck	chr9	FALSE	FALSE
Cckar	chr5	TRUE	FALSE
Cckbr	chr7	FALSE	FALSE
Ccl1	chr11	FALSE	FALSE
Ccl11	chr11	FALSE	FALSE
Ccl12	chr11	TRUE	FALSE
Ccl17	chr8	TRUE	FALSE
Ccl2	chr11	TRUE	FALSE
Ccl20	chr1	FALSE	FALSE
Ccl22	chr8	TRUE	FALSE
Ccl24	chr5	FALSE	FALSE
Ccl25	chr8	FALSE	TRUE
Ccl26	chr5	TRUE	FALSE
Ccl27a	chr4	FALSE	FALSE
Ccl28	chr13	FALSE	FALSE
Ccl3	chr11	FALSE	FALSE
Ccl4	chr11	TRUE	FALSE
Ccl5	chr11	TRUE	FALSE
Ccl6	chr11	FALSE	FALSE
Ccl7	chr11	TRUE	FALSE
Ccl8	chr11	FALSE	FALSE
Ccl9	chr11	FALSE	FALSE
Ccm2	chr11	FALSE	FALSE
Ccm2l	chr2	TRUE	TRUE
Ccn1	chr3	FALSE	FALSE
Ccn2	chr10	TRUE	FALSE
Ccn3	chr15	FALSE	FALSE
Ccn4	chr15	TRUE	TRUE
Ccn5	chr2	TRUE	TRUE
Ccn6	chr10	FALSE	FALSE
Ccna1	chr3	TRUE	FALSE
Ccna2	chr3	FALSE	FALSE
Ccnb1	chr13	FALSE	FALSE
Ccnb1ip1	chr14	FALSE	FALSE
Ccnb2	chr9	FALSE	FALSE
Ccnb3	chrX	FALSE	FALSE
Ccnc	chr4	FALSE	FALSE
Ccnd1	chr7	FALSE	FALSE
Ccnd2	chr6	TRUE	FALSE
Ccnd3	chr17	FALSE	TRUE
Ccndbp1	chr2	FALSE	FALSE
Ccne1	chr7	FALSE	FALSE
Ccne2	chr4	FALSE	FALSE
Ccnf	chr17	FALSE	FALSE
Ccng1	chr11	FALSE	FALSE
Ccng2	chr5	TRUE	FALSE
Ccnh	chr13	FALSE	FALSE
Ccni	chr5	FALSE	FALSE
Ccnj	chr19	FALSE	FALSE
Ccnjl	chr11	FALSE	FALSE
Ccnk	chr12	TRUE	TRUE
Ccnl1	chr3	FALSE	FALSE
Ccnl2	chr4	TRUE	FALSE
Ccno	chr13	FALSE	FALSE
Ccnt1	chr15	TRUE	TRUE
Ccnt2	chr1	FALSE	FALSE
Ccny	chr18	FALSE	TRUE
Ccnyl1	chr1	FALSE	FALSE
Ccp110	chr7	TRUE	FALSE
Ccpg1	chr9	FALSE	FALSE
Ccpg1os	chr9	FALSE	FALSE
Ccr1	chr9	FALSE	FALSE
Ccr10	chr11	FALSE	FALSE
Ccr2	chr9	TRUE	FALSE
Ccr3	chr9	FALSE	FALSE
Ccr4	chr9	FALSE	FALSE
Ccr5	chr9	FALSE	FALSE
Ccr6	chr17	FALSE	FALSE
Ccr7	chr11	TRUE	TRUE
Ccr8	chr9	FALSE	FALSE
Ccr9	chr9	FALSE	TRUE
Ccrl2	chr9	FALSE	FALSE
Ccs	chr19	FALSE	FALSE
Ccsap	chr8	FALSE	FALSE
Ccser1	chr6	FALSE	TRUE
Ccser2	chr14	TRUE	TRUE
Cct2	chr10	FALSE	FALSE
Cct3	chr3	TRUE	FALSE
Cct4	chr11	FALSE	FALSE
Cct5	chr15	FALSE	FALSE
Cct6a	chr5	FALSE	FALSE
Cct6b	chr11	FALSE	FALSE
Cct7	chr6	FALSE	FALSE
Cct8	chr16	TRUE	TRUE
Ccz1	chr5	TRUE	TRUE
Cd101	chr3	FALSE	FALSE
Cd109	chr9	FALSE	FALSE
Cd151	chr7	FALSE	FALSE
Cd160	chr3	FALSE	FALSE
Cd163	chr6	FALSE	FALSE
Cd163l1	chr7	FALSE	FALSE
Cd164	chr10	FALSE	FALSE
Cd164l2	chr4	TRUE	FALSE
Cd177	chr7	FALSE	FALSE
Cd180	chr13	FALSE	FALSE
Cd19	chr7	FALSE	FALSE
Cd1d1	chr3	TRUE	FALSE
Cd2	chr3	TRUE	TRUE
Cd200	chr16	TRUE	FALSE
Cd200r1	chr16	FALSE	FALSE
Cd200r2	chr16	FALSE	FALSE
Cd200r3	chr16	FALSE	FALSE
Cd200r4	chr16	FALSE	TRUE
Cd207	chr6	FALSE	FALSE
Cd209a	chr8	FALSE	FALSE
Cd209b	chr8	TRUE	FALSE
Cd209c	chr8	TRUE	FALSE
Cd209d	chr8	FALSE	FALSE
Cd209e	chr8	TRUE	FALSE
Cd209f	chr8	FALSE	FALSE
Cd22	chr7	TRUE	FALSE
Cd226	chr18	FALSE	FALSE
Cd244a	chr1	FALSE	FALSE
Cd247	chr1	TRUE	TRUE
Cd24a	chr10	FALSE	FALSE
Cd27	chr6	FALSE	FALSE
Cd274	chr19	TRUE	FALSE
Cd276	chr9	FALSE	FALSE
Cd28	chr1	FALSE	TRUE
Cd2ap	chr17	FALSE	TRUE
Cd2bp2	chr7	TRUE	FALSE
Cd300a	chr11	TRUE	FALSE
Cd300c	chr11	TRUE	FALSE
Cd300c2	chr11	FALSE	FALSE
Cd300e	chr11	FALSE	FALSE
Cd300lb	chr11	FALSE	FALSE
Cd300ld	chr11	TRUE	FALSE
Cd300ld2	chr11	FALSE	FALSE
Cd300ld3	chr11	FALSE	FALSE
Cd300lf	chr11	TRUE	FALSE
Cd300lg	chr11	TRUE	FALSE
Cd302	chr2	TRUE	TRUE
Cd320	chr17	FALSE	FALSE
Cd33	chr7	FALSE	FALSE
Cd34	chr1	FALSE	FALSE
Cd36	chr5	FALSE	TRUE
Cd37	chr7	FALSE	FALSE
Cd38	chr5	FALSE	FALSE
Cd3d	chr9	TRUE	FALSE
Cd3e	chr9	TRUE	FALSE
Cd3eap	chr7	FALSE	FALSE
Cd3g	chr9	TRUE	FALSE
Cd4	chr6	TRUE	FALSE
Cd40	chr2	FALSE	FALSE
Cd40lg	chrX	FALSE	FALSE
Cd44	chr2	FALSE	FALSE
Cd46	chr1	FALSE	TRUE
Cd47	chr16	FALSE	FALSE
Cd48	chr1	TRUE	TRUE
Cd5	chr19	FALSE	FALSE
Cd52	chr4	FALSE	FALSE
Cd53	chr3	FALSE	FALSE
Cd55	chr1	TRUE	FALSE
Cd55b	chr1	FALSE	FALSE
Cd59a	chr2	FALSE	FALSE
Cd59b	chr2	TRUE	TRUE
Cd5l	chr3	FALSE	FALSE
Cd6	chr19	FALSE	FALSE
Cd63	chr10	TRUE	FALSE
Cd68	chr11	FALSE	FALSE
Cd69	chr6	FALSE	FALSE
Cd7	chr11	TRUE	FALSE
Cd70	chr17	TRUE	FALSE
Cd72	chr4	TRUE	FALSE
Cd74	chr18	TRUE	FALSE
Cd79a	chr7	TRUE	FALSE
Cd79b	chr11	FALSE	FALSE
Cd80	chr16	FALSE	FALSE
Cd81	chr7	FALSE	FALSE
Cd82	chr2	TRUE	TRUE
Cd83	chr13	FALSE	FALSE
Cd84	chr1	FALSE	FALSE
Cd86	chr16	FALSE	TRUE
Cd8a	chr6	TRUE	FALSE
Cd8b1	chr6	TRUE	TRUE
Cd9	chr6	TRUE	FALSE
Cd93	chr2	TRUE	FALSE
Cd96	chr16	FALSE	FALSE
Cd99l2	chrX	TRUE	TRUE
Cda	chr4	TRUE	FALSE
Cdadc1	chr14	FALSE	FALSE
Cdan1	chr2	FALSE	TRUE
Cdc123	chr2	FALSE	FALSE
Cdc14a	chr3	FALSE	TRUE
Cdc14b	chr13	TRUE	TRUE
Cdc16	chr8	FALSE	FALSE
Cdc20	chr4	FALSE	FALSE
Cdc20b	chr13	FALSE	FALSE
Cdc23	chr18	FALSE	FALSE
Cdc25a	chr9	TRUE	FALSE
Cdc25b	chr2	FALSE	FALSE
Cdc25c	chr18	FALSE	FALSE
Cdc26	chr4	TRUE	TRUE
Cdc27	chr11	FALSE	FALSE
Cdc34	chr10	FALSE	FALSE
Cdc37	chr9	TRUE	FALSE
Cdc37l1	chr19	FALSE	FALSE
Cdc40	chr10	FALSE	FALSE
Cdc42	chr4	FALSE	FALSE
Cdc42bpa	chr1	TRUE	TRUE
Cdc42bpb	chr12	TRUE	TRUE
Cdc42bpg	chr19	TRUE	TRUE
Cdc42ep1	chr15	TRUE	FALSE
Cdc42ep2	chr19	TRUE	TRUE
Cdc42ep3	chr17	FALSE	FALSE
Cdc42ep4	chr11	TRUE	TRUE
Cdc42ep5	chr7	TRUE	TRUE
Cdc42se1	chr3	FALSE	FALSE
Cdc42se2	chr11	TRUE	TRUE
Cdc45	chr16	FALSE	FALSE
Cdc5l	chr17	TRUE	TRUE
Cdc6	chr11	FALSE	FALSE
Cdc7	chr5	FALSE	FALSE
Cdc73	chr1	TRUE	TRUE
Cdca2	chr14	FALSE	TRUE
Cdca3	chr6	FALSE	FALSE
Cdca4	chr12	FALSE	FALSE
Cdca5	chr19	FALSE	FALSE
Cdca7	chr2	FALSE	FALSE
Cdca7l	chr12	FALSE	FALSE
Cdca8	chr4	FALSE	FALSE
Cdcp1	chr9	FALSE	FALSE
Cdcp2	chr4	TRUE	FALSE
Cdcp3	chr7	TRUE	TRUE
Cdh1	chr8	FALSE	TRUE
Cdh10	chr15	FALSE	FALSE
Cdh11	chr8	TRUE	TRUE
Cdh12	chr15	FALSE	TRUE
Cdh13	chr8	TRUE	TRUE
Cdh15	chr8	FALSE	FALSE
Cdh16	chr8	FALSE	FALSE
Cdh17	chr4	FALSE	FALSE
Cdh18	chr15	FALSE	FALSE
Cdh19	chr1	FALSE	FALSE
Cdh2	chr18	TRUE	TRUE
Cdh20	chr1	FALSE	FALSE
Cdh22	chr2	TRUE	TRUE
Cdh23	chr10	FALSE	FALSE
Cdh24	chr14	TRUE	FALSE
Cdh26	chr2	FALSE	FALSE
Cdh3	chr8	FALSE	FALSE
Cdh4	chr2	TRUE	TRUE
Cdh5	chr8	FALSE	FALSE
Cdh6	chr15	FALSE	TRUE
Cdh7	chr1	FALSE	FALSE
Cdh8	chr8	FALSE	FALSE
Cdh9	chr15	FALSE	TRUE
Cdhr1	chr14	FALSE	FALSE
Cdhr2	chr13	TRUE	TRUE
Cdhr3	chr12	FALSE	FALSE
Cdhr4	chr9	TRUE	FALSE
Cdhr5	chr7	FALSE	FALSE
Cdip1	chr16	TRUE	TRUE
Cdipt	chr7	FALSE	FALSE
Cdiptos	chr7	FALSE	FALSE
Cdk1	chr10	FALSE	FALSE
Cdk10	chr8	TRUE	FALSE
Cdk11b	chr4	FALSE	FALSE
Cdk12	chr11	FALSE	TRUE
Cdk13	chr13	FALSE	TRUE
Cdk14	chr5	FALSE	FALSE
Cdk15	chr1	FALSE	FALSE
Cdk16	chrX	FALSE	FALSE
Cdk17	chr10	FALSE	FALSE
Cdk18	chr1	TRUE	FALSE
Cdk19	chr10	FALSE	FALSE
Cdk2	chr10	TRUE	FALSE
Cdk20	chr13	TRUE	FALSE
Cdk2ap1	chr5	FALSE	FALSE
Cdk2ap2	chr19	TRUE	FALSE
Cdk4	chr10	FALSE	FALSE
Cdk5	chr5	FALSE	FALSE
Cdk5rap1	chr2	FALSE	TRUE
Cdk5rap2	chr4	FALSE	FALSE
Cdk5rap3	chr11	TRUE	FALSE
Cdk6	chr5	FALSE	TRUE
Cdk7	chr13	FALSE	FALSE
Cdk8	chr5	TRUE	TRUE
Cdk9	chr2	FALSE	FALSE
Cdkal1	chr13	FALSE	FALSE
Cdkl1	chr12	TRUE	TRUE
Cdkl2	chr5	TRUE	TRUE
Cdkl3	chr11	FALSE	TRUE
Cdkl4	chr17	FALSE	FALSE
Cdkl5	chrX	TRUE	TRUE
Cdkn1a	chr17	FALSE	FALSE
Cdkn1b	chr6	FALSE	FALSE
Cdkn1c	chr7	FALSE	FALSE
Cdkn2a	chr4	FALSE	FALSE
Cdkn2aip	chr8	FALSE	FALSE
Cdkn2aipnl	chr11	FALSE	FALSE
Cdkn2b	chr4	FALSE	FALSE
Cdkn2c	chr4	TRUE	FALSE
Cdkn2d	chr9	FALSE	FALSE
Cdkn3	chr14	FALSE	FALSE
Cdnf	chr2	FALSE	FALSE
Cdo1	chr18	TRUE	FALSE
Cdon	chr9	TRUE	TRUE
Cdpf1	chr15	FALSE	FALSE
Cdr2	chr7	TRUE	FALSE
Cdr2l	chr11	FALSE	FALSE
Cdrt4	chr11	FALSE	FALSE
Cds1	chr5	TRUE	TRUE
Cds2	chr2	TRUE	TRUE
Cdsn	chr17	TRUE	TRUE
Cdt1	chr8	FALSE	FALSE
Cdv3	chr9	FALSE	FALSE
Cdx1	chr18	FALSE	FALSE
Cdx2	chr5	FALSE	FALSE
Cdx4	chrX	FALSE	FALSE
Cdyl	chr13	FALSE	FALSE
Cdyl2	chr8	FALSE	TRUE
Ceacam1	chr7	TRUE	TRUE
Ceacam10	chr7	TRUE	FALSE
Ceacam11	chr7	FALSE	FALSE
Ceacam12	chr7	FALSE	FALSE
Ceacam13	chr7	TRUE	TRUE
Ceacam14	chr7	FALSE	FALSE
Ceacam15	chr7	TRUE	FALSE
Ceacam16	chr7	TRUE	TRUE
Ceacam18	chr7	FALSE	FALSE
Ceacam19	chr7	FALSE	FALSE
Ceacam2	chr7	TRUE	FALSE
Ceacam20	chr7	FALSE	TRUE
Ceacam3	chr7	FALSE	FALSE
Ceacam5	chr7	FALSE	FALSE
Ceacam9	chr7	TRUE	FALSE
Cebpe	chr14	FALSE	FALSE
Cebpg	chr7	TRUE	TRUE
Cebpz	chr17	FALSE	FALSE
Cebpzos	chr17	FALSE	FALSE
Cecr2	chr6	TRUE	TRUE
Cel	chr2	TRUE	FALSE
Cela1	chr15	FALSE	FALSE
Cela2a	chr4	TRUE	TRUE
Cela3a	chr4	TRUE	FALSE
Cela3b	chr4	TRUE	TRUE
Celf1	chr2	TRUE	TRUE
Celf2	chr2	FALSE	FALSE
Celf3	chr3	TRUE	FALSE
Celf4	chr18	TRUE	TRUE
Celf5	chr10	TRUE	FALSE
Celf6	chr9	FALSE	FALSE
Celsr1	chr15	FALSE	FALSE
Celsr2	chr3	TRUE	FALSE
Celsr3	chr9	TRUE	FALSE
Cemip	chr7	TRUE	TRUE
Cemip2	chr19	FALSE	FALSE
Cend1	chr7	TRUE	FALSE
Cenpa	chr5	TRUE	FALSE
Cenpc1	chr5	FALSE	FALSE
Cenpe	chr3	FALSE	FALSE
Cenpf	chr1	FALSE	FALSE
Cenph	chr13	FALSE	FALSE
Cenpi	chrX	FALSE	FALSE
Cenpj	chr14	FALSE	FALSE
Cenpk	chr13	TRUE	FALSE
Cenpl	chr1	FALSE	FALSE
Cenpm	chr15	FALSE	FALSE
Cenpn	chr8	FALSE	FALSE
Cenpo	chr12	FALSE	FALSE
Cenpp	chr13	FALSE	TRUE
Cenpq	chr17	FALSE	FALSE
Cenps	chr4	TRUE	FALSE
Cenpt	chr8	FALSE	FALSE
Cenpu	chr8	FALSE	FALSE
Cenpv	chr11	TRUE	FALSE
Cenpw	chr10	FALSE	FALSE
Cenpx	chr11	FALSE	FALSE
Cep104	chr4	FALSE	TRUE
Cep112	chr11	FALSE	TRUE
Cep120	chr18	FALSE	FALSE
Cep126	chr9	FALSE	TRUE
Cep128	chr12	FALSE	FALSE
Cep131	chr11	TRUE	FALSE
Cep135	chr5	TRUE	TRUE
Cep152	chr2	FALSE	FALSE
Cep162	chr9	FALSE	TRUE
Cep164	chr9	FALSE	FALSE
Cep170	chr1	FALSE	TRUE
Cep170b	chr12	TRUE	TRUE
Cep19	chr16	TRUE	FALSE
Cep192	chr18	FALSE	TRUE
Cep250	chr2	FALSE	TRUE
Cep290	chr10	FALSE	TRUE
Cep295	chr9	FALSE	FALSE
Cep295nl	chr11	TRUE	TRUE
Cep350	chr1	TRUE	TRUE
Cep41	chr6	FALSE	FALSE
Cep44	chr8	FALSE	FALSE
Cep55	chr19	FALSE	FALSE
Cep57	chr9	FALSE	FALSE
Cep57l1	chr10	FALSE	TRUE
Cep63	chr9	FALSE	FALSE
Cep68	chr11	TRUE	FALSE
Cep70	chr9	TRUE	TRUE
Cep72	chr13	FALSE	FALSE
Cep76	chr18	FALSE	FALSE
Cep78	chr19	TRUE	FALSE
Cep83	chr10	TRUE	TRUE
Cep85	chr4	FALSE	FALSE
Cep85l	chr10	FALSE	FALSE
Cep89	chr7	FALSE	FALSE
Cep95	chr11	FALSE	FALSE
Cep97	chr16	FALSE	FALSE
Cept1	chr3	FALSE	TRUE
Cer1	chr4	FALSE	FALSE
Cercam	chr2	FALSE	FALSE
Cerk	chr15	FALSE	FALSE
Cerkl	chr2	FALSE	FALSE
Cers1	chr8	FALSE	FALSE
Cers2	chr3	FALSE	FALSE
Cers3	chr7	TRUE	TRUE
Cers4	chr8	TRUE	TRUE
Cers5	chr15	FALSE	FALSE
Cers6	chr2	TRUE	TRUE
Ces1a	chr8	TRUE	FALSE
Ces1b	chr8	FALSE	FALSE
Ces1c	chr8	TRUE	TRUE
Ces1d	chr8	FALSE	FALSE
Ces1e	chr8	FALSE	TRUE
Ces1f	chr8	FALSE	FALSE
Ces1g	chr8	FALSE	TRUE
Ces1h	chr8	FALSE	FALSE
Ces2a	chr8	FALSE	FALSE
Ces2b	chr8	FALSE	FALSE
Ces2c	chr8	TRUE	FALSE
Ces2e	chr8	TRUE	TRUE
Ces2f	chr8	FALSE	FALSE
Ces2g	chr8	FALSE	FALSE
Ces2h	chr8	TRUE	FALSE
Ces3a	chr8	FALSE	FALSE
Ces3b	chr8	TRUE	FALSE
Ces4a	chr8	TRUE	FALSE
Ces5a	chr8	FALSE	FALSE
Cetn1	chr18	TRUE	FALSE
Cetn2	chrX	FALSE	FALSE
Cetn3	chr13	FALSE	FALSE
Cetn4	chr3	TRUE	FALSE
Cfap100	chr6	TRUE	FALSE
Cfap126	chr1	FALSE	FALSE
Cfap157	chr2	TRUE	FALSE
Cfap161	chr7	FALSE	FALSE
Cfap20	chr8	FALSE	FALSE
Cfap206	chr4	FALSE	FALSE
Cfap221	chr1	TRUE	TRUE
Cfap298	chr16	TRUE	FALSE
Cfap299	chr5	FALSE	FALSE
Cfap300	chr9	FALSE	FALSE
Cfap36	chr11	FALSE	FALSE
Cfap410	chr10	FALSE	FALSE
Cfap43	chr19	FALSE	TRUE
Cfap44	chr16	FALSE	FALSE
Cfap45	chr1	TRUE	TRUE
Cfap46	chr7	FALSE	TRUE
Cfap47	chrX	FALSE	FALSE
Cfap52	chr11	FALSE	FALSE
Cfap53	chr18	FALSE	TRUE
Cfap54	chr10	FALSE	TRUE
Cfap57	chr4	FALSE	TRUE
Cfap58	chr19	FALSE	FALSE
Cfap61	chr2	TRUE	TRUE
Cfap65	chr1	FALSE	TRUE
Cfap69	chr5	FALSE	FALSE
Cfap70	chr14	FALSE	FALSE
Cfap73	chr5	TRUE	FALSE
Cfap74	chr4	TRUE	TRUE
Cfap77	chr2	TRUE	TRUE
Cfap97	chr8	FALSE	FALSE
Cfap97d1	chr11	FALSE	FALSE
Cfap97d2	chr8	FALSE	FALSE
Cfap99	chr5	TRUE	FALSE
Cfb	chr17	FALSE	FALSE
Cfc1	chr1	FALSE	FALSE
Cfd	chr10	TRUE	FALSE
Cfdp1	chr8	TRUE	TRUE
Cfh	chr1	FALSE	TRUE
Cfhr1	chr1	FALSE	FALSE
Cfhr2	chr1	FALSE	FALSE
Cfi	chr3	FALSE	FALSE
Cfl1	chr19	TRUE	FALSE
Cfl2	chr12	TRUE	FALSE
Cflar	chr1	FALSE	FALSE
Cfp	chrX	TRUE	FALSE
Cftr	chr6	FALSE	TRUE
Cga	chr4	FALSE	FALSE
Cgas	chr9	FALSE	FALSE
Cggbp1	chr16	FALSE	FALSE
Cgn	chr3	FALSE	FALSE
Cgnl1	chr9	FALSE	FALSE
Cgref1	chr5	FALSE	FALSE
Cgrrf1	chr14	FALSE	FALSE
Chac1	chr2	FALSE	FALSE
Chac2	chr11	TRUE	FALSE
Chad	chr11	TRUE	FALSE
Chadl	chr15	TRUE	TRUE
Chaf1a	chr17	FALSE	FALSE
Chaf1b	chr16	TRUE	TRUE
Champ1	chr8	TRUE	TRUE
Chat	chr14	FALSE	FALSE
Chchd1	chr14	TRUE	FALSE
Chchd10	chr10	FALSE	FALSE
Chchd2	chr5	TRUE	FALSE
Chchd3	chr6	TRUE	TRUE
Chchd4	chr6	FALSE	FALSE
Chchd5	chr2	FALSE	FALSE
Chchd6	chr6	FALSE	FALSE
Chchd7	chr4	FALSE	FALSE
Chd1	chr17	FALSE	FALSE
Chd1l	chr3	FALSE	FALSE
Chd2	chr7	TRUE	TRUE
Chd3	chr11	FALSE	FALSE
Chd4	chr6	FALSE	FALSE
Chd5	chr4	FALSE	FALSE
Chd6	chr2	TRUE	TRUE
Chd7	chr4	TRUE	TRUE
Chd8	chr14	FALSE	FALSE
Chd9	chr8	FALSE	FALSE
Chdh	chr14	TRUE	TRUE
Chek1	chr9	FALSE	FALSE
Chek2	chr5	FALSE	FALSE
Cherp	chr8	FALSE	FALSE
Chfr	chr5	FALSE	FALSE
Chga	chr12	TRUE	FALSE
Chgb	chr2	FALSE	FALSE
Chia1	chr3	FALSE	FALSE
Chic1	chrX	TRUE	FALSE
Chic2	chr5	FALSE	FALSE
Chid1	chr7	FALSE	FALSE
Chil1	chr1	FALSE	FALSE
Chil3	chr3	FALSE	FALSE
Chil4	chr3	FALSE	FALSE
Chil5	chr3	FALSE	FALSE
Chil6	chr3	FALSE	FALSE
Chit1	chr1	FALSE	FALSE
Chka	chr19	FALSE	TRUE
Chkb	chr15	FALSE	FALSE
Chl1	chr6	FALSE	FALSE
Chm	chrX	FALSE	FALSE
Chml	chr1	FALSE	FALSE
Chmp1a	chr8	TRUE	FALSE
Chmp2a	chr7	TRUE	FALSE
Chmp2b	chr16	TRUE	FALSE
Chmp3	chr6	FALSE	FALSE
Chmp4b	chr2	FALSE	TRUE
Chmp4c	chr3	FALSE	FALSE
Chmp5	chr4	TRUE	FALSE
Chmp6	chr11	TRUE	FALSE
Chmp7	chr14	TRUE	TRUE
Chn1	chr2	TRUE	TRUE
Chn2	chr6	FALSE	TRUE
Chodl	chr16	TRUE	FALSE
Chordc1	chr9	FALSE	FALSE
Chp1	chr2	TRUE	TRUE
Chp2	chr7	TRUE	FALSE
Chpf	chr1	FALSE	FALSE
Chpf2	chr5	TRUE	FALSE
Chpt1	chr10	FALSE	FALSE
Chrac1	chr15	TRUE	FALSE
Chrd	chr16	FALSE	FALSE
Chrdl1	chrX	FALSE	FALSE
Chrdl2	chr7	TRUE	TRUE
Chrm1	chr19	TRUE	TRUE
Chrm2	chr6	FALSE	FALSE
Chrm3	chr13	FALSE	FALSE
Chrna1	chr2	FALSE	FALSE
Chrna10	chr7	TRUE	FALSE
Chrna2	chr14	TRUE	TRUE
Chrna3	chr9	TRUE	FALSE
Chrna4	chr2	TRUE	TRUE
Chrna5	chr9	TRUE	TRUE
Chrna6	chr8	FALSE	FALSE
Chrna7	chr7	TRUE	TRUE
Chrna9	chr5	FALSE	FALSE
Chrnb1	chr11	TRUE	FALSE
Chrnb2	chr3	FALSE	FALSE
Chrnb3	chr8	FALSE	FALSE
Chrnb4	chr9	TRUE	FALSE
Chrnd	chr1	FALSE	FALSE
Chrne	chr11	FALSE	FALSE
Chrng	chr1	FALSE	FALSE
Chst1	chr2	TRUE	FALSE
Chst10	chr1	FALSE	TRUE
Chst11	chr10	TRUE	TRUE
Chst12	chr5	TRUE	FALSE
Chst13	chr6	FALSE	FALSE
Chst15	chr7	FALSE	FALSE
Chst2	chr9	FALSE	FALSE
Chst3	chr10	TRUE	TRUE
Chst4	chr8	TRUE	FALSE
Chst5	chr8	TRUE	FALSE
Chst7	chrX	FALSE	FALSE
Chst8	chr7	FALSE	FALSE
Chst9	chr18	FALSE	FALSE
Chsy1	chr7	TRUE	FALSE
Chsy3	chr18	FALSE	FALSE
Chtf18	chr17	FALSE	FALSE
Chtf8	chr8	FALSE	FALSE
Chtop	chr3	FALSE	FALSE
Chuk	chr19	FALSE	FALSE
Churc1	chr12	FALSE	FALSE
Ciao1	chr2	FALSE	FALSE
Ciao2a	chr9	TRUE	FALSE
Ciao2b	chr8	TRUE	TRUE
Ciao3	chr17	FALSE	FALSE
Ciapin1	chr8	TRUE	FALSE
Ciart	chr3	TRUE	FALSE
Cib1	chr7	TRUE	FALSE
Cib2	chr9	FALSE	FALSE
Cib3	chr8	FALSE	FALSE
Cib4	chr5	TRUE	FALSE
Cic	chr7	FALSE	FALSE
Cidea	chr18	TRUE	FALSE
Cideb	chr14	FALSE	FALSE
Cidec	chr6	TRUE	FALSE
Ciita	chr16	TRUE	TRUE
Cilk1	chr9	FALSE	FALSE
Cilp	chr9	TRUE	TRUE
Cilp2	chr8	TRUE	FALSE
Cinp	chr12	TRUE	FALSE
Cip2a	chr16	FALSE	FALSE
Cipc	chr12	FALSE	FALSE
Cir1	chr2	FALSE	FALSE
Cirbp	chr10	FALSE	FALSE
Cisd1	chr10	FALSE	FALSE
Cisd2	chr3	FALSE	FALSE
Cisd3	chr11	TRUE	FALSE
Cish	chr9	TRUE	TRUE
Cit	chr5	TRUE	TRUE
Cited1	chrX	FALSE	FALSE
Ciz1	chr2	TRUE	TRUE
Ckap2	chr8	FALSE	FALSE
Ckap2l	chr2	FALSE	FALSE
Ckap4	chr10	FALSE	FALSE
Ckap5	chr2	FALSE	TRUE
Ckb	chr12	FALSE	FALSE
Cklf	chr8	FALSE	FALSE
Ckm	chr7	FALSE	FALSE
Ckmt1	chr2	FALSE	FALSE
Ckmt2	chr13	FALSE	FALSE
Cks1b	chr3	FALSE	FALSE
Cks1brt	chr8	FALSE	FALSE
Cks2	chr13	TRUE	FALSE
Clasp1	chr1	TRUE	TRUE
Clasp2	chr9	FALSE	TRUE
Clasrp	chr7	TRUE	FALSE
Clba1	chr12	FALSE	FALSE
Clca1	chr3	TRUE	FALSE
Clca2	chr3	TRUE	FALSE
Clca3a1	chr3	FALSE	FALSE
Clca3a2	chr3	FALSE	FALSE
Clca3b	chr3	FALSE	FALSE
Clca4a	chr3	FALSE	FALSE
Clca4b	chr3	FALSE	FALSE
Clcc1	chr3	FALSE	FALSE
Clcf1	chr19	FALSE	FALSE
Clcn1	chr6	TRUE	TRUE
Clcn2	chr16	TRUE	FALSE
Clcn3	chr8	FALSE	FALSE
Clcn4	chr7	FALSE	FALSE
Clcn5	chrX	FALSE	TRUE
Clcn6	chr4	FALSE	FALSE
Clcn7	chr17	FALSE	FALSE
Clcnka	chr4	TRUE	FALSE
Clcnkb	chr4	TRUE	TRUE
Cldn1	chr16	FALSE	FALSE
Cldn10	chr14	TRUE	TRUE
Cldn11	chr3	FALSE	FALSE
Cldn12	chr5	FALSE	FALSE
Cldn13	chr5	TRUE	FALSE
Cldn14	chr16	TRUE	TRUE
Cldn15	chr5	TRUE	TRUE
Cldn16	chr16	FALSE	FALSE
Cldn18	chr9	TRUE	FALSE
Cldn19	chr4	TRUE	FALSE
Cldn2	chrX	TRUE	FALSE
Cldn34a	chrX	TRUE	FALSE
Cldn34b1	chrX	TRUE	FALSE
Cldn34b2	chrX	FALSE	FALSE
Cldn34b3	chrX	TRUE	FALSE
Cldn34b4	chrX	FALSE	FALSE
Cldn34c1	chrX	FALSE	FALSE
Cldn34c2	chrX	FALSE	FALSE
Cldn34c4	chrX	FALSE	FALSE
Cldn34d	chrX	FALSE	FALSE
Cldn6	chr17	TRUE	FALSE
Cldn7	chr11	TRUE	FALSE
Cldnd1	chr16	FALSE	FALSE
Cldnd2	chr7	TRUE	FALSE
Clec10a	chr11	TRUE	FALSE
Clec11a	chr7	FALSE	FALSE
Clec12a	chr6	FALSE	FALSE
Clec12b	chr6	TRUE	FALSE
Clec16a	chr16	TRUE	TRUE
Clec18a	chr8	TRUE	TRUE
Clec1a	chr6	FALSE	FALSE
Clec1b	chr6	FALSE	FALSE
Clec2d	chr6	FALSE	FALSE
Clec2e	chr6	TRUE	FALSE
Clec2f	chr6	FALSE	FALSE
Clec2g	chr6	FALSE	FALSE
Clec2h	chr6	FALSE	FALSE
Clec2i	chr6	FALSE	FALSE
Clec2l	chr6	TRUE	TRUE
Clec2m	chr6	FALSE	FALSE
Clec3a	chr8	TRUE	TRUE
Clec3b	chr9	FALSE	FALSE
Clec4a1	chr6	FALSE	FALSE
Clec4a2	chr6	FALSE	FALSE
Clec4a3	chr6	FALSE	FALSE
Clec4a4	chr6	FALSE	TRUE
Clec4b1	chr6	FALSE	FALSE
Clec4b2	chr6	FALSE	FALSE
Clec4d	chr6	FALSE	FALSE
Clec4e	chr6	FALSE	FALSE
Clec4f	chr6	FALSE	FALSE
Clec4g	chr8	FALSE	FALSE
Clec4n	chr6	TRUE	TRUE
Clec5a	chr6	TRUE	TRUE
Clec9a	chr6	FALSE	FALSE
Clgn	chr8	TRUE	TRUE
Clhc1	chr11	FALSE	FALSE
Clic1	chr17	FALSE	FALSE
Clic3	chr2	TRUE	FALSE
Clic4	chr4	TRUE	TRUE
Clic5	chr17	FALSE	TRUE
Clic6	chr16	TRUE	TRUE
Clint1	chr11	FALSE	TRUE
Clip1	chr5	FALSE	TRUE
Clip2	chr5	TRUE	TRUE
Clip3	chr7	FALSE	FALSE
Clip4	chr17	TRUE	TRUE
Clk1	chr1	FALSE	FALSE
Clk2	chr3	FALSE	FALSE
Clk3	chr9	FALSE	FALSE
Clk4	chr11	FALSE	FALSE
Clmn	chr12	TRUE	TRUE
Clmp	chr9	FALSE	FALSE
Cln3	chr7	FALSE	FALSE
Cln5	chr14	FALSE	FALSE
Cln6	chr9	FALSE	FALSE
Cln8	chr8	FALSE	FALSE
Clnk	chr5	FALSE	FALSE
Clns1a	chr7	FALSE	TRUE
Clock	chr5	FALSE	TRUE
Clp1	chr2	FALSE	FALSE
Clpb	chr7	TRUE	TRUE
Clpp	chr17	FALSE	FALSE
Clps	chr17	TRUE	FALSE
Clpsl2	chr17	TRUE	FALSE
Clptm1	chr7	TRUE	TRUE
Clptm1l	chr13	FALSE	FALSE
Clpx	chr9	FALSE	FALSE
Clrn1	chr3	FALSE	FALSE
Clrn2	chr5	TRUE	FALSE
Clrn3	chr7	TRUE	FALSE
Clspn	chr4	FALSE	FALSE
Clstn1	chr4	TRUE	TRUE
Clstn2	chr9	TRUE	TRUE
Clstn3	chr6	TRUE	TRUE
Clta	chr4	FALSE	FALSE
Cltb	chr13	FALSE	FALSE
Cltc	chr11	FALSE	FALSE
Cltrn	chrX	FALSE	FALSE
Clu	chr14	FALSE	FALSE
Cluap1	chr16	TRUE	FALSE
Cluh	chr11	FALSE	FALSE
Clvs1	chr4	TRUE	TRUE
Clvs2	chr10	FALSE	FALSE
Clybl	chr14	FALSE	FALSE
Cma1	chr14	FALSE	FALSE
Cma2	chr14	FALSE	FALSE
Cmah	chr13	FALSE	TRUE
Cmas	chr6	TRUE	TRUE
Cmbl	chr15	TRUE	FALSE
Cmc1	chr9	FALSE	FALSE
Cmc2	chr8	TRUE	TRUE
Cmc4	chrX	TRUE	FALSE
Cmip	chr8	TRUE	TRUE
Cmklr1	chr5	TRUE	FALSE
Cmpk1	chr4	FALSE	FALSE
Cmpk2	chr12	TRUE	FALSE
Cmss1	chr16	FALSE	TRUE
Cmtm1	chr8	FALSE	FALSE
Cmtm2a	chr8	FALSE	FALSE
Cmtm2b	chr8	FALSE	FALSE
Cmtm3	chr8	TRUE	FALSE
Cmtm4	chr8	TRUE	TRUE
Cmtm5	chr14	TRUE	FALSE
Cmtm6	chr9	FALSE	FALSE
Cmtm7	chr9	FALSE	FALSE
Cmtm8	chr9	FALSE	FALSE
Cmtr1	chr17	FALSE	FALSE
Cmtr2	chr8	FALSE	FALSE
Cmya5	chr13	TRUE	TRUE
Cnbd1	chr4	FALSE	FALSE
Cnbd2	chr2	FALSE	TRUE
Cnbp	chr6	TRUE	TRUE
Cndp1	chr18	FALSE	FALSE
Cndp2	chr18	TRUE	FALSE
Cnep1r1	chr8	FALSE	FALSE
Cnfn	chr7	TRUE	FALSE
Cnga1	chr5	TRUE	FALSE
Cnga2	chrX	FALSE	FALSE
Cnga3	chr1	TRUE	TRUE
Cnga4	chr7	FALSE	FALSE
Cngb1	chr8	FALSE	TRUE
Cngb3	chr4	FALSE	TRUE
Cnih1	chr14	FALSE	FALSE
Cnih2	chr19	FALSE	FALSE
Cnih3	chr1	TRUE	TRUE
Cnih4	chr1	TRUE	FALSE
Cnksr1	chr4	TRUE	TRUE
Cnksr2	chrX	FALSE	TRUE
Cnksr3	chr10	FALSE	TRUE
Cnmd	chr14	FALSE	FALSE
Cnn1	chr9	TRUE	TRUE
Cnn2	chr10	FALSE	FALSE
Cnn3	chr3	TRUE	TRUE
Cnnm1	chr19	FALSE	FALSE
Cnnm2	chr19	TRUE	TRUE
Cnnm3	chr1	TRUE	FALSE
Cnnm4	chr1	FALSE	FALSE
Cnot1	chr8	FALSE	TRUE
Cnot10	chr9	FALSE	FALSE
Cnot11	chr1	FALSE	FALSE
Cnot2	chr10	TRUE	TRUE
Cnot3	chr7	TRUE	FALSE
Cnot4	chr6	FALSE	TRUE
Cnot6	chr11	FALSE	FALSE
Cnot6l	chr5	FALSE	TRUE
Cnot7	chr8	FALSE	FALSE
Cnot8	chr11	FALSE	FALSE
Cnot9	chr1	FALSE	FALSE
Cnp	chr11	FALSE	FALSE
Cnppd1	chr1	TRUE	FALSE
Cnpy1	chr5	FALSE	FALSE
Cnpy2	chr10	FALSE	FALSE
Cnpy3	chr17	FALSE	FALSE
Cnpy4	chr5	TRUE	FALSE
Cnr1	chr4	FALSE	FALSE
Cnr2	chr4	TRUE	FALSE
Cnrip1	chr11	FALSE	FALSE
Cnst	chr1	FALSE	TRUE
Cntd1	chr11	TRUE	FALSE
Cntf	chr19	TRUE	FALSE
Cntfr	chr4	TRUE	TRUE
Cntln	chr4	FALSE	FALSE
Cntn1	chr15	FALSE	TRUE
Cntn2	chr1	TRUE	FALSE
Cntn3	chr6	FALSE	FALSE
Cntn4	chr6	FALSE	FALSE
Cntn5	chr9	FALSE	FALSE
Cntn6	chr6	FALSE	FALSE
Cntnap1	chr11	FALSE	FALSE
Cntnap2	chr6	TRUE	TRUE
Cntnap3	chr13	FALSE	TRUE
Cntnap4	chr8	TRUE	TRUE
Cntnap5a	chr1	FALSE	FALSE
Cntnap5b	chr1	FALSE	FALSE
Cntnap5c	chr17	FALSE	TRUE
Cntrl	chr2	FALSE	FALSE
Cntrob	chr11	FALSE	FALSE
Coa3	chr11	FALSE	FALSE
Coa4	chr7	TRUE	FALSE
Coa5	chr1	FALSE	FALSE
Coa6	chr8	FALSE	FALSE
Coa7	chr4	FALSE	FALSE
Coasy	chr11	TRUE	FALSE
Cobl	chr11	FALSE	FALSE
Cobll1	chr2	FALSE	FALSE
Coch	chr12	FALSE	FALSE
Cog1	chr11	FALSE	FALSE
Cog2	chr8	FALSE	TRUE
Cog3	chr14	TRUE	TRUE
Cog4	chr8	TRUE	TRUE
Cog5	chr12	FALSE	FALSE
Cog6	chr3	FALSE	FALSE
Cog7	chr7	FALSE	FALSE
Cog8	chr8	FALSE	FALSE
Coil	chr11	FALSE	FALSE
Col10a1	chr10	TRUE	FALSE
Col11a1	chr3	FALSE	TRUE
Col11a2	chr17	TRUE	TRUE
Col12a1	chr9	FALSE	FALSE
Col13a1	chr10	FALSE	TRUE
Col14a1	chr15	FALSE	TRUE
Col15a1	chr4	FALSE	FALSE
Col16a1	chr4	TRUE	TRUE
Col17a1	chr19	FALSE	FALSE
Col18a1	chr10	FALSE	FALSE
Col19a1	chr1	FALSE	FALSE
Col1a1	chr11	TRUE	FALSE
Col1a2	chr6	FALSE	FALSE
Col20a1	chr2	TRUE	FALSE
Col22a1	chr15	FALSE	TRUE
Col23a1	chr11	FALSE	TRUE
Col24a1	chr3	FALSE	FALSE
Col25a1	chr3	FALSE	TRUE
Col26a1	chr5	FALSE	TRUE
Col27a1	chr4	TRUE	TRUE
Col28a1	chr6	FALSE	TRUE
Col2a1	chr15	TRUE	FALSE
Col3a1	chr1	FALSE	FALSE
Col4a1	chr8	TRUE	TRUE
Col4a2	chr8	FALSE	TRUE
Col4a3	chr1	FALSE	TRUE
Col4a3bp	chr13	TRUE	TRUE
Col4a4	chr1	FALSE	FALSE
Col4a5	chrX	FALSE	TRUE
Col4a6	chrX	FALSE	TRUE
Col5a1	chr2	TRUE	TRUE
Col5a2	chr1	FALSE	TRUE
Col5a3	chr9	TRUE	FALSE
Col6a1	chr10	TRUE	TRUE
Col6a2	chr10	TRUE	FALSE
Col6a3	chr1	TRUE	TRUE
Col6a4	chr9	FALSE	FALSE
Col6a5	chr9	FALSE	TRUE
Col6a6	chr9	FALSE	FALSE
Col7a1	chr9	TRUE	TRUE
Col8a1	chr16	FALSE	TRUE
Col8a2	chr4	TRUE	TRUE
Col9a1	chr1	FALSE	FALSE
Col9a2	chr4	FALSE	FALSE
Col9a3	chr2	TRUE	TRUE
Colca2	chr9	TRUE	FALSE
Colec10	chr15	FALSE	FALSE
Colec11	chr12	FALSE	FALSE
Colec12	chr18	FALSE	TRUE
Colgalt1	chr8	TRUE	TRUE
Colgalt2	chr1	TRUE	TRUE
Colq	chr14	FALSE	FALSE
Commd1	chr11	TRUE	TRUE
Commd10	chr18	FALSE	FALSE
Commd1b	chr11	TRUE	TRUE
Commd2	chr3	FALSE	FALSE
Commd3	chr2	FALSE	FALSE
Commd4	chr9	FALSE	FALSE
Commd6	chr14	FALSE	FALSE
Commd7	chr2	FALSE	FALSE
Commd8	chr5	FALSE	FALSE
Commd9	chr2	TRUE	TRUE
Comp	chr8	FALSE	FALSE
Comt	chr16	TRUE	TRUE
Comtd1	chr14	TRUE	FALSE
Cop1	chr1	FALSE	TRUE
Copa	chr1	FALSE	FALSE
Copb1	chr7	FALSE	TRUE
Copb2	chr9	FALSE	FALSE
Cope	chr8	FALSE	FALSE
Copg1	chr6	FALSE	FALSE
Copg2	chr6	FALSE	FALSE
Coprs	chr8	FALSE	FALSE
Cops2	chr2	FALSE	FALSE
Cops3	chr11	FALSE	TRUE
Cops4	chr5	FALSE	FALSE
Cops5	chr1	FALSE	FALSE
Cops6	chr5	TRUE	TRUE
Cops7a	chr6	TRUE	FALSE
Cops7b	chr1	FALSE	FALSE
Cops8	chr1	FALSE	FALSE
Cops9	chr1	TRUE	FALSE
Copz1	chr15	TRUE	TRUE
Copz2	chr11	FALSE	FALSE
Coq10a	chr10	FALSE	FALSE
Coq10b	chr1	TRUE	TRUE
Coq2	chr5	FALSE	FALSE
Coq3	chr4	TRUE	TRUE
Coq4	chr2	FALSE	FALSE
Coq5	chr5	FALSE	FALSE
Coq6	chr12	FALSE	FALSE
Coq7	chr7	FALSE	FALSE
Coq8a	chr1	FALSE	FALSE
Coq8b	chr7	FALSE	FALSE
Coq9	chr8	FALSE	FALSE
Corin	chr5	FALSE	TRUE
Coro1a	chr7	FALSE	FALSE
Coro1b	chr19	FALSE	FALSE
Coro1c	chr5	TRUE	TRUE
Coro2a	chr4	TRUE	TRUE
Coro2b	chr9	TRUE	TRUE
Coro6	chr11	TRUE	FALSE
Coro7	chr16	TRUE	TRUE
Cort	chr4	TRUE	FALSE
Cotl1	chr8	FALSE	FALSE
Cox10	chr11	TRUE	TRUE
Cox11	chr11	FALSE	FALSE
Cox14	chr15	TRUE	FALSE
Cox15	chr19	FALSE	FALSE
Cox16	chr12	FALSE	TRUE
Cox18	chr5	FALSE	FALSE
Cox19	chr5	FALSE	FALSE
Cox20	chr1	FALSE	FALSE
Cox4i1	chr8	FALSE	FALSE
Cox4i2	chr2	FALSE	FALSE
Cox5a	chr9	FALSE	FALSE
Cox5b	chr1	FALSE	FALSE
Cox6a1	chr5	TRUE	FALSE
Cox6a2	chr7	TRUE	FALSE
Cox6b1	chr7	FALSE	FALSE
Cox6b2	chr7	FALSE	FALSE
Cox6c	chr15	FALSE	FALSE
Cox7a1	chr7	FALSE	FALSE
Cox7a2	chr9	TRUE	FALSE
Cox7a2l	chr17	FALSE	FALSE
Cox7b	chrX	TRUE	FALSE
Cox7b2	chr5	FALSE	FALSE
Cox7c	chr13	TRUE	FALSE
Cox8a	chr19	TRUE	FALSE
Cox8b	chr7	FALSE	FALSE
Cox8c	chr12	TRUE	FALSE
Cp	chr3	FALSE	FALSE
Cpa1	chr6	TRUE	FALSE
Cpa2	chr6	FALSE	FALSE
Cpa3	chr3	FALSE	FALSE
Cpa4	chr6	FALSE	FALSE
Cpa5	chr6	FALSE	FALSE
Cpa6	chr1	FALSE	FALSE
Cpb1	chr3	FALSE	FALSE
Cpb2	chr14	FALSE	FALSE
Cpd	chr11	FALSE	FALSE
Cpe	chr8	FALSE	TRUE
Cpeb1	chr7	TRUE	TRUE
Cpeb2	chr5	FALSE	FALSE
Cpeb3	chr19	TRUE	TRUE
Cpeb4	chr11	FALSE	FALSE
Cped1	chr6	FALSE	FALSE
Cplane1	chr15	FALSE	TRUE
Cplane2	chr4	FALSE	FALSE
Cplx1	chr5	TRUE	TRUE
Cplx2	chr13	FALSE	FALSE
Cplx3	chr9	TRUE	FALSE
Cplx4	chr18	TRUE	FALSE
Cpm	chr10	TRUE	TRUE
Cpn1	chr19	TRUE	FALSE
Cpn2	chr16	TRUE	FALSE
Cpne1	chr2	FALSE	FALSE
Cpne2	chr8	TRUE	TRUE
Cpne3	chr4	FALSE	FALSE
Cpne4	chr9	FALSE	FALSE
Cpne5	chr17	TRUE	TRUE
Cpne6	chr14	FALSE	FALSE
Cpne7	chr8	TRUE	FALSE
Cpne8	chr15	FALSE	FALSE
Cpne9	chr6	TRUE	TRUE
Cpox	chr16	FALSE	TRUE
Cpped1	chr16	FALSE	FALSE
Cpq	chr15	FALSE	TRUE
Cps1	chr1	FALSE	TRUE
Cpsf1	chr15	TRUE	FALSE
Cpsf2	chr12	FALSE	FALSE
Cpsf3	chr12	FALSE	FALSE
Cpsf4	chr5	FALSE	FALSE
Cpsf4l	chr11	TRUE	FALSE
Cpsf6	chr10	TRUE	TRUE
Cpsf7	chr19	FALSE	FALSE
Cpt1a	chr19	FALSE	TRUE
Cpt1b	chr15	FALSE	FALSE
Cpt1c	chr7	TRUE	TRUE
Cpt2	chr4	TRUE	TRUE
Cptp	chr4	FALSE	FALSE
Cpvl	chr6	FALSE	FALSE
Cpxcr1	chrX	FALSE	FALSE
Cpxm1	chr2	FALSE	FALSE
Cpxm2	chr7	FALSE	FALSE
Cpz	chr5	FALSE	FALSE
Cr1l	chr1	FALSE	FALSE
Cr2	chr1	TRUE	TRUE
Crabp1	chr9	TRUE	FALSE
Crabp2	chr3	TRUE	FALSE
Cracr2a	chr6	TRUE	TRUE
Cracr2b	chr7	TRUE	FALSE
Cradd	chr10	TRUE	TRUE
Cramp1l	chr17	TRUE	TRUE
Crat	chr2	FALSE	TRUE
Crb1	chr1	FALSE	TRUE
Crb2	chr2	TRUE	TRUE
Crb3	chr17	TRUE	FALSE
Crbn	chr6	FALSE	FALSE
Crcp	chr5	TRUE	TRUE
Crct1	chr3	FALSE	FALSE
Creb1	chr1	FALSE	TRUE
Creb3	chr4	TRUE	TRUE
Creb3l1	chr2	FALSE	FALSE
Creb3l2	chr6	TRUE	FALSE
Creb3l3	chr10	TRUE	FALSE
Creb3l4	chr3	TRUE	FALSE
Creb5	chr6	TRUE	TRUE
Crebbp	chr16	TRUE	TRUE
Crebl2	chr6	FALSE	FALSE
Crebrf	chr17	TRUE	TRUE
Crebzf	chr7	FALSE	FALSE
Creg1	chr1	FALSE	FALSE
Creg2	chr1	TRUE	FALSE
Creld1	chr6	FALSE	FALSE
Creld2	chr15	TRUE	FALSE
Crem	chr18	FALSE	TRUE
Crh	chr3	FALSE	FALSE
Crhbp	chr13	FALSE	FALSE
Crhr1	chr11	FALSE	FALSE
Crhr2	chr6	FALSE	FALSE
Crim1	chr17	TRUE	TRUE
Crip1	chr12	TRUE	TRUE
Crip2	chr12	FALSE	FALSE
Crip3	chr17	TRUE	FALSE
Cript	chr17	FALSE	FALSE
Crisp1	chr17	FALSE	TRUE
Crisp2	chr17	FALSE	TRUE
Crisp3	chr17	FALSE	FALSE
Crisp4	chr1	FALSE	FALSE
Crispld1	chr1	FALSE	FALSE
Crispld2	chr8	TRUE	FALSE
Crk	chr11	FALSE	FALSE
Crkl	chr16	TRUE	TRUE
Crlf1	chr8	TRUE	TRUE
Crlf2	chr5	FALSE	FALSE
Crlf3	chr11	FALSE	FALSE
Crls1	chr2	FALSE	FALSE
Crmp1	chr5	TRUE	TRUE
Crnkl1	chr2	FALSE	TRUE
Crnn	chr3	TRUE	FALSE
Crocc	chr4	TRUE	TRUE
Crocc2	chr1	TRUE	TRUE
Crot	chr5	FALSE	FALSE
Crp	chr1	FALSE	FALSE
Crppa	chr12	FALSE	TRUE
Crtac1	chr19	FALSE	FALSE
Crtam	chr9	FALSE	FALSE
Crtap	chr9	TRUE	TRUE
Crtc1	chr8	TRUE	TRUE
Crtc2	chr3	FALSE	FALSE
Crtc3	chr7	FALSE	FALSE
Crx	chr7	FALSE	FALSE
Crxos	chr7	FALSE	FALSE
Cry1	chr10	FALSE	FALSE
Cry2	chr2	TRUE	TRUE
Cryaa	chr17	FALSE	FALSE
Cryab	chr9	TRUE	FALSE
Cryba1	chr11	FALSE	FALSE
Cryba2	chr1	TRUE	FALSE
Cryba4	chr5	TRUE	FALSE
Crybb1	chr5	TRUE	FALSE
Crybb2	chr5	FALSE	FALSE
Crybb3	chr5	TRUE	FALSE
Crybg1	chr10	FALSE	TRUE
Crybg2	chr4	TRUE	FALSE
Crybg3	chr16	FALSE	TRUE
Cryga	chr1	TRUE	FALSE
Crygb	chr1	FALSE	FALSE
Crygc	chr1	FALSE	FALSE
Crygd	chr1	FALSE	FALSE
Cryge	chr1	TRUE	FALSE
Crygf	chr1	FALSE	FALSE
Crygn	chr5	TRUE	FALSE
Crygs	chr16	FALSE	FALSE
Cryl1	chr14	FALSE	TRUE
Crym	chr7	FALSE	FALSE
Cryz	chr3	FALSE	FALSE
Cryzl1	chr16	FALSE	TRUE
Cryzl2	chr1	TRUE	TRUE
Cs	chr10	TRUE	TRUE
Csad	chr15	TRUE	FALSE
Csdc2	chr15	FALSE	FALSE
Csde1	chr3	FALSE	FALSE
Cse1l	chr2	FALSE	FALSE
Csf1	chr3	TRUE	FALSE
Csf1r	chr18	TRUE	TRUE
Csf2	chr11	FALSE	FALSE
Csf2ra	chr19	FALSE	FALSE
Csf2rb	chr15	TRUE	FALSE
Csf2rb2	chr15	TRUE	TRUE
Csf3	chr11	FALSE	FALSE
Csf3r	chr4	FALSE	FALSE
Csgalnact1	chr8	FALSE	TRUE
Csgalnact2	chr6	FALSE	TRUE
Csk	chr9	FALSE	FALSE
Csmd1	chr8	FALSE	FALSE
Csmd2	chr4	TRUE	TRUE
Csmd3	chr15	FALSE	FALSE
Csn1s1	chr5	FALSE	FALSE
Csn1s2a	chr5	FALSE	FALSE
Csn1s2b	chr5	FALSE	FALSE
Csn2	chr5	TRUE	FALSE
Csn3	chr5	TRUE	TRUE
Csnk1a1	chr18	FALSE	FALSE
Csnk1d	chr11	FALSE	FALSE
Csnk1e	chr15	TRUE	TRUE
Csnk1g1	chr9	TRUE	TRUE
Csnk1g2	chr10	TRUE	FALSE
Csnk1g3	chr18	TRUE	TRUE
Csnk2a1	chr2	FALSE	FALSE
Csnk2a2	chr8	FALSE	FALSE
Csnk2b	chr17	TRUE	FALSE
Csnka2ip	chr16	TRUE	TRUE
Cspg4	chr9	TRUE	FALSE
Cspg5	chr9	TRUE	FALSE
Cspp1	chr1	FALSE	FALSE
Csrnp1	chr9	FALSE	FALSE
Csrnp2	chr15	FALSE	FALSE
Csrnp3	chr2	TRUE	TRUE
Csrp1	chr1	TRUE	FALSE
Csrp2	chr10	FALSE	FALSE
Csrp3	chr7	FALSE	FALSE
Cst10	chr2	FALSE	FALSE
Cst11	chr2	FALSE	FALSE
Cst12	chr2	FALSE	FALSE
Cst13	chr2	TRUE	FALSE
Cst3	chr2	FALSE	FALSE
Cst6	chr19	TRUE	FALSE
Cst7	chr2	TRUE	TRUE
Cst8	chr2	FALSE	FALSE
Cst9	chr2	FALSE	FALSE
Csta1	chr16	FALSE	FALSE
Csta2	chr16	FALSE	FALSE
Csta3	chr16	FALSE	FALSE
Cstad	chr2	TRUE	TRUE
Cstb	chr10	FALSE	FALSE
Cstdc1	chr2	FALSE	FALSE
Cstdc2	chr2	TRUE	FALSE
Cstdc4	chr16	FALSE	FALSE
Cstdc5	chr16	FALSE	FALSE
Cstdc6	chr16	TRUE	FALSE
Cstf1	chr2	FALSE	FALSE
Cstf2	chrX	TRUE	TRUE
Cstf3	chr2	TRUE	TRUE
Cstl1	chr2	TRUE	FALSE
Ct55	chrX	FALSE	FALSE
Ctag2	chrX	FALSE	FALSE
Ctag2l2	chrX	TRUE	FALSE
Ctbp1	chr5	FALSE	FALSE
Ctbp2	chr7	FALSE	FALSE
Ctbs	chr3	TRUE	FALSE
Ctc1	chr11	TRUE	TRUE
Ctcf	chr8	FALSE	TRUE
Ctcfl	chr2	FALSE	FALSE
Ctdnep1	chr11	FALSE	FALSE
Ctdp1	chr18	TRUE	TRUE
Ctdsp1	chr1	FALSE	FALSE
Ctdsp2	chr10	FALSE	FALSE
Ctdspl	chr9	FALSE	FALSE
Ctdspl2	chr2	FALSE	FALSE
Ctf1	chr7	FALSE	FALSE
Ctf2	chr7	TRUE	FALSE
Cth	chr3	FALSE	TRUE
Cthrc1	chr15	TRUE	FALSE
Ctif	chr18	FALSE	TRUE
Ctla2a	chr13	FALSE	FALSE
Ctla2b	chr13	FALSE	FALSE
Ctla4	chr1	FALSE	FALSE
Ctnna1	chr18	FALSE	TRUE
Ctnna2	chr6	FALSE	FALSE
Ctnna3	chr10	FALSE	FALSE
Ctnnal1	chr4	TRUE	TRUE
Ctnnb1	chr9	FALSE	FALSE
Ctnnbip1	chr4	TRUE	TRUE
Ctnnbl1	chr2	TRUE	TRUE
Ctnnd1	chr2	FALSE	TRUE
Ctnnd2	chr15	TRUE	TRUE
Ctns	chr11	FALSE	FALSE
Ctps	chr4	TRUE	TRUE
Ctps2	chrX	FALSE	FALSE
Ctr9	chr7	FALSE	FALSE
Ctrb1	chr8	TRUE	FALSE
Ctrc	chr4	FALSE	FALSE
Ctrl	chr8	TRUE	FALSE
Cts3	chr13	FALSE	FALSE
Cts6	chr13	FALSE	FALSE
Cts7	chr13	FALSE	FALSE
Cts8	chr13	TRUE	FALSE
Ctsa	chr2	TRUE	FALSE
Ctsb	chr14	TRUE	TRUE
Ctsc	chr7	FALSE	FALSE
Ctsd	chr7	TRUE	FALSE
Ctse	chr1	FALSE	FALSE
Ctsf	chr19	FALSE	FALSE
Ctsg	chr14	FALSE	FALSE
Ctsh	chr9	TRUE	FALSE
Ctsj	chr13	TRUE	FALSE
Ctsk	chr3	FALSE	FALSE
Ctsl	chr13	FALSE	FALSE
Ctsll3	chr13	FALSE	FALSE
Ctsm	chr13	FALSE	FALSE
Ctso	chr3	FALSE	FALSE
Ctsq	chr13	TRUE	FALSE
Ctsr	chr13	FALSE	FALSE
Ctss	chr3	TRUE	TRUE
Ctsw	chr19	FALSE	FALSE
Ctsz	chr2	TRUE	TRUE
Cttn	chr7	TRUE	TRUE
Cttnbp2	chr6	TRUE	TRUE
Cttnbp2nl	chr3	FALSE	TRUE
Ctu1	chr7	FALSE	FALSE
Ctu2	chr8	FALSE	FALSE
Ctxn1	chr8	TRUE	FALSE
Ctxn2	chr2	FALSE	FALSE
Ctxn3	chr18	FALSE	FALSE
Cubn	chr2	FALSE	FALSE
Cuedc1	chr11	TRUE	TRUE
Cuedc2	chr19	FALSE	FALSE
Cul1	chr6	FALSE	TRUE
Cul2	chr18	FALSE	FALSE
Cul3	chr1	TRUE	TRUE
Cul4a	chr8	FALSE	FALSE
Cul4b	chrX	FALSE	FALSE
Cul5	chr9	FALSE	TRUE
Cul7	chr17	FALSE	FALSE
Cul9	chr17	FALSE	FALSE
Cuta	chr17	FALSE	FALSE
Cutal	chr2	TRUE	TRUE
Cutc	chr19	TRUE	TRUE
Cux1	chr5	TRUE	TRUE
Cux2	chr5	TRUE	TRUE
Cuzd1	chr7	FALSE	FALSE
Cwc15	chr9	FALSE	FALSE
Cwc22	chr2	FALSE	FALSE
Cwc25	chr11	TRUE	FALSE
Cwc27	chr13	FALSE	FALSE
Cwf19l1	chr19	FALSE	TRUE
Cwf19l2	chr9	FALSE	FALSE
Cwh43	chr5	FALSE	FALSE
Cx3cl1	chr8	TRUE	FALSE
Cx3cr1	chr9	FALSE	FALSE
Cxadr	chr16	TRUE	TRUE
Cxcl12	chr6	TRUE	FALSE
Cxcl13	chr5	FALSE	FALSE
Cxcl14	chr13	FALSE	FALSE
Cxcl15	chr5	TRUE	FALSE
Cxcl16	chr11	FALSE	FALSE
Cxcl17	chr7	TRUE	TRUE
Cxcl5	chr5	TRUE	FALSE
Cxcl9	chr5	FALSE	FALSE
Cxcr1	chr1	TRUE	FALSE
Cxcr2	chr1	TRUE	FALSE
Cxcr3	chrX	TRUE	FALSE
Cxcr4	chr1	FALSE	FALSE
Cxcr5	chr9	TRUE	TRUE
Cxcr6	chr9	FALSE	FALSE
Cxxc1	chr18	TRUE	FALSE
Cxxc4	chr3	FALSE	FALSE
Cxxc5	chr18	TRUE	TRUE
Cyb561	chr11	TRUE	FALSE
Cyb561a3	chr19	FALSE	FALSE
Cyb561d1	chr3	FALSE	FALSE
Cyb561d2	chr9	FALSE	FALSE
Cyb5a	chr18	FALSE	FALSE
Cyb5b	chr8	TRUE	TRUE
Cyb5d1	chr11	TRUE	FALSE
Cyb5d2	chr11	TRUE	FALSE
Cyb5r1	chr1	FALSE	FALSE
Cyb5r2	chr7	TRUE	FALSE
Cyb5r3	chr15	FALSE	FALSE
Cyb5r4	chr9	TRUE	TRUE
Cyb5rl	chr4	FALSE	FALSE
Cyba	chr8	FALSE	FALSE
Cybb	chrX	FALSE	FALSE
Cybc1	chr11	TRUE	FALSE
Cybrd1	chr2	FALSE	FALSE
Cyc1	chr15	TRUE	FALSE
Cycs	chr6	TRUE	FALSE
Cyct	chr2	TRUE	FALSE
Cyfip1	chr7	FALSE	TRUE
Cyfip2	chr11	FALSE	TRUE
Cygb	chr11	FALSE	FALSE
Cyhr1	chr15	TRUE	FALSE
Cylc1	chrX	TRUE	FALSE
Cylc2	chr4	FALSE	FALSE
Cyld	chr8	FALSE	FALSE
Cym	chr3	FALSE	FALSE
Cyp11a1	chr9	TRUE	FALSE
Cyp11b1	chr15	FALSE	FALSE
Cyp11b2	chr15	TRUE	FALSE
Cyp17a1	chr19	TRUE	FALSE
Cyp19a1	chr9	FALSE	TRUE
Cyp1a1	chr9	FALSE	FALSE
Cyp1a2	chr9	TRUE	FALSE
Cyp1b1	chr17	FALSE	FALSE
Cyp20a1	chr1	FALSE	FALSE
Cyp21a1	chr17	FALSE	FALSE
Cyp24a1	chr2	FALSE	FALSE
Cyp26a1	chr19	FALSE	FALSE
Cyp26b1	chr6	FALSE	FALSE
Cyp26c1	chr19	TRUE	FALSE
Cyp27a1	chr1	TRUE	FALSE
Cyp27b1	chr10	TRUE	FALSE
Cyp2a12	chr7	TRUE	FALSE
Cyp2a22	chr7	TRUE	FALSE
Cyp2a4	chr7	FALSE	FALSE
Cyp2a5	chr7	FALSE	FALSE
Cyp2ab1	chr16	FALSE	FALSE
Cyp2b10	chr7	TRUE	TRUE
Cyp2b13	chr7	FALSE	TRUE
Cyp2b19	chr7	FALSE	FALSE
Cyp2b23	chr7	FALSE	FALSE
Cyp2b9	chr7	FALSE	FALSE
Cyp2c23	chr19	TRUE	FALSE
Cyp2c29	chr19	FALSE	FALSE
Cyp2c37	chr19	FALSE	FALSE
Cyp2c38	chr19	FALSE	TRUE
Cyp2c39	chr19	FALSE	FALSE
Cyp2c40	chr19	FALSE	FALSE
Cyp2c50	chr19	FALSE	FALSE
Cyp2c54	chr19	FALSE	FALSE
Cyp2c55	chr19	FALSE	FALSE
Cyp2c65	chr19	FALSE	FALSE
Cyp2c66	chr19	FALSE	FALSE
Cyp2c67	chr19	FALSE	FALSE
Cyp2c68	chr19	FALSE	FALSE
Cyp2c69	chr19	FALSE	FALSE
Cyp2c70	chr19	FALSE	FALSE
Cyp2d10	chr15	TRUE	FALSE
Cyp2d11	chr15	FALSE	FALSE
Cyp2d12	chr15	TRUE	FALSE
Cyp2d22	chr15	TRUE	TRUE
Cyp2d26	chr15	TRUE	FALSE
Cyp2d34	chr15	TRUE	FALSE
Cyp2d40	chr15	TRUE	FALSE
Cyp2d9	chr15	FALSE	FALSE
Cyp2e1	chr7	FALSE	FALSE
Cyp2f2	chr7	FALSE	FALSE
Cyp2g1	chr7	FALSE	FALSE
Cyp2j11	chr4	FALSE	FALSE
Cyp2j12	chr4	FALSE	TRUE
Cyp2j13	chr4	FALSE	TRUE
Cyp2j5	chr4	FALSE	FALSE
Cyp2j6	chr4	FALSE	TRUE
Cyp2j7	chr4	FALSE	FALSE
Cyp2j8	chr4	FALSE	FALSE
Cyp2j9	chr4	FALSE	FALSE
Cyp2r1	chr7	FALSE	FALSE
Cyp2s1	chr7	FALSE	FALSE
Cyp2t4	chr7	TRUE	FALSE
Cyp2u1	chr3	FALSE	FALSE
Cyp2w1	chr5	TRUE	FALSE
Cyp39a1	chr17	FALSE	FALSE
Cyp3a11	chr5	FALSE	FALSE
Cyp3a13	chr5	FALSE	TRUE
Cyp3a16	chr5	FALSE	FALSE
Cyp3a25	chr5	FALSE	FALSE
Cyp3a41a	chr5	FALSE	FALSE
Cyp3a41b	chr5	FALSE	FALSE
Cyp3a44	chr5	FALSE	FALSE
Cyp3a57	chr5	FALSE	TRUE
Cyp3a59	chr5	FALSE	FALSE
Cyp46a1	chr12	TRUE	FALSE
Cyp4a10	chr4	TRUE	FALSE
Cyp4a12a	chr4	FALSE	TRUE
Cyp4a12b	chr4	FALSE	FALSE
Cyp4a14	chr4	FALSE	FALSE
Cyp4a29	chr4	FALSE	FALSE
Cyp4a30b	chr4	FALSE	FALSE
Cyp4a31	chr4	FALSE	FALSE
Cyp4a32	chr4	FALSE	FALSE
Cyp4b1	chr4	TRUE	FALSE
Cyp4f13	chr17	FALSE	FALSE
Cyp4f14	chr17	TRUE	FALSE
Cyp4f15	chr17	FALSE	FALSE
Cyp4f16	chr17	FALSE	FALSE
Cyp4f17	chr17	TRUE	TRUE
Cyp4f18	chr8	FALSE	FALSE
Cyp4f37	chr17	FALSE	FALSE
Cyp4f39	chr17	TRUE	TRUE
Cyp4f40	chr17	FALSE	FALSE
Cyp4v3	chr8	FALSE	FALSE
Cyp4x1	chr4	FALSE	FALSE
Cyp51	chr5	FALSE	FALSE
Cyp7a1	chr4	TRUE	FALSE
Cyp7b1	chr3	FALSE	TRUE
Cypt1	chrX	TRUE	FALSE
Cypt3	chrX	FALSE	FALSE
Cyren	chr6	TRUE	FALSE
Cys1	chr12	FALSE	FALSE
Cysltr1	chrX	TRUE	FALSE
Cysltr2	chr14	TRUE	TRUE
Cysrt1	chr2	FALSE	FALSE
Cystm1	chr18	TRUE	TRUE
Cyth1	chr11	FALSE	FALSE
Cyth2	chr7	TRUE	FALSE
Cyth3	chr5	TRUE	TRUE
Cyth4	chr15	TRUE	TRUE
Cytip	chr2	FALSE	FALSE
Cytl1	chr5	FALSE	FALSE
Cyyr1	chr16	FALSE	FALSE
Czib	chr4	TRUE	FALSE
D030056L22Rik	chr19	FALSE	FALSE
D10Wsu102e	chr10	FALSE	FALSE
D11Wsu47e	chr11	FALSE	FALSE
D130040H23Rik	chr8	FALSE	FALSE
D130043K22Rik	chr13	FALSE	TRUE
D13Ertd608e	chr13	FALSE	FALSE
D16Ertd472e	chr16	FALSE	FALSE
D17H6S53E	chr17	TRUE	FALSE
D1Ertd622e	chr1	FALSE	TRUE
D230025D16Rik	chr8	FALSE	FALSE
D2hgdh	chr1	FALSE	FALSE
D3Ertd751e	chr3	FALSE	FALSE
D430019H16Rik	chr12	TRUE	FALSE
D430041D05Rik	chr2	TRUE	TRUE
D430042O09Rik	chr7	TRUE	TRUE
D5Ertd577e	chr5	FALSE	FALSE
D5Ertd579e	chr5	TRUE	TRUE
D630003M21Rik	chr2	TRUE	TRUE
D630023F18Rik	chr1	FALSE	FALSE
D630039A03Rik	chr4	FALSE	FALSE
D630045J12Rik	chr6	TRUE	TRUE
D6Ertd527e	chr6	FALSE	FALSE
D6Wsu163e	chr6	TRUE	TRUE
D7Ertd443e	chr7	FALSE	FALSE
D830030K20Rik	chr14	FALSE	FALSE
D8Ertd738e	chr8	FALSE	FALSE
D930020B18Rik	chr10	FALSE	FALSE
D930048N14Rik	chr11	FALSE	FALSE
Daam1	chr12	TRUE	TRUE
Daam2	chr17	FALSE	FALSE
Dab1	chr4	FALSE	FALSE
Dab2	chr15	FALSE	FALSE
Dab2ip	chr2	FALSE	FALSE
Dach1	chr14	FALSE	FALSE
Dach2	chrX	FALSE	FALSE
Dact1	chr12	FALSE	FALSE
Dact2	chr17	FALSE	FALSE
Dact3	chr7	TRUE	TRUE
Dad1	chr14	FALSE	FALSE
Dag1	chr9	TRUE	TRUE
Dagla	chr19	TRUE	TRUE
Daglb	chr5	FALSE	FALSE
Dalrd3	chr9	FALSE	FALSE
Dand5	chr8	TRUE	FALSE
Dao	chr5	TRUE	TRUE
Dap	chr15	FALSE	FALSE
Dap3	chr3	FALSE	FALSE
Dapk1	chr13	TRUE	TRUE
Dapk2	chr9	TRUE	TRUE
Dapk3	chr10	TRUE	FALSE
Dapl1	chr2	FALSE	FALSE
Dapp1	chr3	FALSE	FALSE
Dars	chr1	FALSE	FALSE
Dars2	chr1	FALSE	FALSE
Daw1	chr1	FALSE	FALSE
Daxx	chr17	FALSE	FALSE
Dazap1	chr10	FALSE	FALSE
Dazap2	chr15	FALSE	FALSE
Dazl	chr17	FALSE	FALSE
Dbf4	chr5	FALSE	FALSE
Dbh	chr2	TRUE	TRUE
Dbi	chr1	FALSE	FALSE
Dbil5	chr11	FALSE	FALSE
Dbn1	chr13	TRUE	TRUE
Dbndd1	chr8	TRUE	FALSE
Dbndd2	chr2	FALSE	FALSE
Dbnl	chr11	FALSE	FALSE
Dbp	chr7	TRUE	FALSE
Dbr1	chr9	FALSE	FALSE
Dbt	chr3	FALSE	FALSE
Dbx1	chr7	FALSE	FALSE
Dbx2	chr15	TRUE	FALSE
Dcaf1	chr9	FALSE	FALSE
Dcaf10	chr4	FALSE	FALSE
Dcaf11	chr14	TRUE	FALSE
Dcaf12	chr4	TRUE	TRUE
Dcaf12l1	chrX	FALSE	FALSE
Dcaf13	chr15	FALSE	FALSE
Dcaf15	chr8	FALSE	FALSE
Dcaf17	chr2	FALSE	FALSE
Dcaf4	chr12	FALSE	FALSE
Dcaf5	chr12	TRUE	TRUE
Dcaf6	chr1	TRUE	TRUE
Dcaf7	chr11	FALSE	FALSE
Dcaf8	chr1	TRUE	FALSE
Dcaf8l	chrX	FALSE	FALSE
Dcakd	chr11	FALSE	FALSE
Dcbld1	chr10	TRUE	TRUE
Dcbld2	chr16	FALSE	TRUE
Dcc	chr18	FALSE	TRUE
Dcdc2a	chr13	FALSE	TRUE
Dcdc2b	chr4	TRUE	FALSE
Dcdc2c	chr12	FALSE	TRUE
Dchs1	chr7	FALSE	FALSE
Dchs2	chr3	FALSE	TRUE
Dck	chr5	FALSE	FALSE
Dclk1	chr3	FALSE	FALSE
Dclk2	chr3	FALSE	FALSE
Dclk3	chr9	FALSE	FALSE
Dclre1a	chr19	FALSE	FALSE
Dclre1b	chr3	TRUE	FALSE
Dclre1c	chr2	TRUE	TRUE
Dcn	chr10	FALSE	TRUE
Dcp1a	chr14	FALSE	FALSE
Dcp1b	chr6	TRUE	TRUE
Dcp2	chr18	TRUE	TRUE
Dcpp1	chr17	TRUE	FALSE
Dcpp2	chr17	TRUE	FALSE
Dcpp3	chr17	FALSE	FALSE
Dcps	chr9	FALSE	FALSE
Dcst1	chr3	TRUE	FALSE
Dcst2	chr3	TRUE	FALSE
Dcstamp	chr15	FALSE	FALSE
Dct	chr14	FALSE	FALSE
Dctd	chr8	FALSE	FALSE
Dctn1	chr6	TRUE	TRUE
Dctn2	chr10	TRUE	FALSE
Dctn3	chr4	TRUE	TRUE
Dctn4	chr18	FALSE	FALSE
Dctn5	chr7	FALSE	FALSE
Dctn6	chr8	FALSE	FALSE
Dctpp1	chr7	FALSE	FALSE
Dcun1d1	chr3	FALSE	FALSE
Dcun1d2	chr8	FALSE	FALSE
Dcun1d3	chr7	FALSE	FALSE
Dcun1d4	chr5	FALSE	FALSE
Dcun1d5	chr9	FALSE	FALSE
Dcx	chrX	FALSE	FALSE
Dcxr	chr11	TRUE	FALSE
Dda1	chr8	FALSE	FALSE
Ddah1	chr3	FALSE	TRUE
Ddah2	chr17	FALSE	FALSE
Ddb1	chr19	FALSE	FALSE
Ddb2	chr2	TRUE	TRUE
Ddc	chr11	FALSE	FALSE
Ddhd1	chr14	TRUE	TRUE
Ddhd2	chr8	FALSE	FALSE
Ddi2	chr4	FALSE	FALSE
Ddias	chr7	FALSE	FALSE
Ddit3	chr10	TRUE	TRUE
Ddit4	chr10	FALSE	FALSE
Ddit4l	chr3	TRUE	TRUE
Ddn	chr15	TRUE	FALSE
Ddo	chr10	FALSE	FALSE
Ddost	chr4	TRUE	TRUE
Ddr1	chr17	FALSE	FALSE
Ddr2	chr1	FALSE	FALSE
Ddrgk1	chr2	FALSE	FALSE
Ddt	chr10	FALSE	FALSE
Ddx1	chr12	FALSE	FALSE
Ddx10	chr9	TRUE	TRUE
Ddx11	chr17	FALSE	FALSE
Ddx17	chr15	FALSE	TRUE
Ddx18	chr1	TRUE	FALSE
Ddx19a	chr8	FALSE	FALSE
Ddx19b	chr8	FALSE	FALSE
Ddx20	chr3	FALSE	FALSE
Ddx21	chr10	FALSE	FALSE
Ddx23	chr15	FALSE	FALSE
Ddx24	chr12	FALSE	FALSE
Ddx25	chr9	FALSE	FALSE
Ddx27	chr2	FALSE	FALSE
Ddx31	chr2	TRUE	TRUE
Ddx39	chr8	TRUE	TRUE
Ddx39b	chr17	FALSE	FALSE
Ddx3x	chrX	TRUE	FALSE
Ddx4	chr13	FALSE	TRUE
Ddx41	chr13	FALSE	FALSE
Ddx42	chr11	FALSE	FALSE
Ddx43	chr9	FALSE	FALSE
Ddx46	chr13	FALSE	TRUE
Ddx47	chr6	FALSE	FALSE
Ddx49	chr8	FALSE	FALSE
Ddx5	chr11	TRUE	FALSE
Ddx50	chr10	FALSE	FALSE
Ddx51	chr5	TRUE	FALSE
Ddx52	chr11	FALSE	FALSE
Ddx54	chr5	TRUE	FALSE
Ddx55	chr5	FALSE	FALSE
Ddx56	chr11	FALSE	FALSE
Ddx58	chr4	FALSE	FALSE
Ddx59	chr1	FALSE	FALSE
Ddx6	chr9	FALSE	TRUE
Ddx60	chr8	FALSE	FALSE
Deaf1	chr7	TRUE	TRUE
Decr1	chr4	TRUE	TRUE
Decr2	chr17	FALSE	FALSE
Dedd	chr1	FALSE	FALSE
Dedd2	chr7	FALSE	FALSE
Def6	chr17	TRUE	FALSE
Def8	chr8	FALSE	FALSE
Defa24	chr8	TRUE	FALSE
Defa25	chr8	FALSE	FALSE
Defa27	chr8	TRUE	FALSE
Defa29	chr8	TRUE	TRUE
Defa30	chr8	FALSE	FALSE
Defa38	chr8	FALSE	FALSE
Defa39	chr8	TRUE	FALSE
Defb1	chr8	FALSE	FALSE
Defb10	chr8	FALSE	FALSE
Defb11	chr8	TRUE	FALSE
Defb12	chr8	TRUE	FALSE
Defb13	chr8	TRUE	FALSE
Defb14	chr8	FALSE	FALSE
Defb15	chr8	TRUE	FALSE
Defb18	chr1	FALSE	FALSE
Defb19	chr2	TRUE	FALSE
Defb2	chr8	FALSE	FALSE
Defb20	chr2	FALSE	FALSE
Defb21	chr2	FALSE	FALSE
Defb22	chr2	FALSE	FALSE
Defb23	chr2	FALSE	FALSE
Defb25	chr2	TRUE	FALSE
Defb26	chr2	TRUE	FALSE
Defb28	chr2	TRUE	FALSE
Defb29	chr2	FALSE	FALSE
Defb3	chr8	TRUE	FALSE
Defb30	chr14	FALSE	FALSE
Defb33	chr8	TRUE	FALSE
Defb34	chr8	FALSE	FALSE
Defb35	chr8	FALSE	FALSE
Defb36	chr2	FALSE	FALSE
Defb37	chr8	FALSE	FALSE
Defb38	chr8	FALSE	FALSE
Defb39	chr8	FALSE	FALSE
Defb4	chr8	TRUE	FALSE
Defb40	chr8	FALSE	FALSE
Defb41	chr1	FALSE	FALSE
Defb42	chr14	FALSE	FALSE
Defb43	chr14	TRUE	FALSE
Defb45	chr2	FALSE	FALSE
Defb46	chr8	FALSE	FALSE
Defb47	chr14	TRUE	FALSE
Defb48	chr14	FALSE	FALSE
Defb5	chr8	FALSE	FALSE
Defb50	chr8	TRUE	FALSE
Defb6	chr8	TRUE	FALSE
Defb7	chr8	FALSE	FALSE
Defb8	chr8	TRUE	FALSE
Defb9	chr8	TRUE	FALSE
Degs1	chr1	FALSE	FALSE
Degs2	chr12	TRUE	FALSE
Dek	chr13	FALSE	FALSE
Dele1	chr18	FALSE	FALSE
Denn2b	chr7	FALSE	FALSE
Dennd11	chr6	FALSE	FALSE
Dennd1a	chr2	TRUE	TRUE
Dennd1b	chr1	TRUE	TRUE
Dennd1c	chr17	TRUE	TRUE
Dennd2a	chr6	FALSE	FALSE
Dennd2c	chr3	FALSE	FALSE
Dennd2d	chr3	FALSE	FALSE
Dennd3	chr15	TRUE	TRUE
Dennd4a	chr9	TRUE	TRUE
Dennd4b	chr3	FALSE	FALSE
Dennd4c	chr4	FALSE	TRUE
Dennd5a	chr7	FALSE	TRUE
Dennd5b	chr6	TRUE	TRUE
Dennd6a	chr14	FALSE	TRUE
Dennd6b	chr15	TRUE	TRUE
Denr	chr5	TRUE	TRUE
Depdc1a	chr3	FALSE	FALSE
Depdc1b	chr13	FALSE	TRUE
Depdc5	chr5	FALSE	TRUE
Depdc7	chr2	TRUE	TRUE
Depp1	chr6	TRUE	FALSE
Deptor	chr15	TRUE	TRUE
Dera	chr6	FALSE	TRUE
Derl1	chr15	FALSE	FALSE
Derl2	chr11	TRUE	FALSE
Derl3	chr10	TRUE	FALSE
Des	chr1	FALSE	FALSE
Desi1	chr15	FALSE	TRUE
Desi2	chr1	TRUE	TRUE
Det1	chr7	TRUE	FALSE
Deup1	chr9	FALSE	FALSE
Dexi	chr16	TRUE	TRUE
Dffa	chr4	TRUE	TRUE
Dffb	chr4	FALSE	FALSE
Dgat1	chr15	FALSE	FALSE
Dgat2	chr7	TRUE	TRUE
Dgat2l6	chrX	FALSE	FALSE
Dgcr2	chr16	TRUE	TRUE
Dgcr6	chr16	FALSE	FALSE
Dgcr8	chr16	FALSE	FALSE
Dgka	chr10	FALSE	FALSE
Dgkb	chr12	FALSE	FALSE
Dgkd	chr1	FALSE	TRUE
Dgke	chr11	FALSE	FALSE
Dgkg	chr16	FALSE	TRUE
Dgkh	chr14	TRUE	TRUE
Dgki	chr6	TRUE	TRUE
Dgkk	chrX	FALSE	TRUE
Dgkq	chr5	FALSE	FALSE
Dgkz	chr2	FALSE	FALSE
Dglucy	chr12	FALSE	FALSE
Dguok	chr6	FALSE	FALSE
Dhcr24	chr4	TRUE	FALSE
Dhcr7	chr7	FALSE	FALSE
Dhdds	chr4	FALSE	FALSE
Dhdh	chr7	FALSE	FALSE
Dhfr	chr13	TRUE	TRUE
Dhh	chr15	TRUE	TRUE
Dhodh	chr8	FALSE	FALSE
Dhps	chr8	TRUE	TRUE
Dhrs1	chr14	TRUE	TRUE
Dhrs11	chr11	FALSE	FALSE
Dhrs13	chr11	FALSE	FALSE
Dhrs2	chr14	TRUE	FALSE
Dhrs3	chr4	TRUE	FALSE
Dhrs4	chr14	FALSE	FALSE
Dhrs7	chr12	FALSE	FALSE
Dhrs7b	chr11	TRUE	FALSE
Dhrs7c	chr11	FALSE	FALSE
Dhrs9	chr2	TRUE	TRUE
Dhtkd1	chr2	TRUE	TRUE
Dhx15	chr5	FALSE	TRUE
Dhx16	chr17	FALSE	FALSE
Dhx29	chr13	FALSE	FALSE
Dhx30	chr9	FALSE	FALSE
Dhx32	chr7	FALSE	FALSE
Dhx33	chr11	TRUE	TRUE
Dhx34	chr7	TRUE	TRUE
Dhx35	chr2	TRUE	TRUE
Dhx36	chr3	FALSE	FALSE
Dhx37	chr5	TRUE	FALSE
Dhx38	chr8	FALSE	FALSE
Dhx40	chr11	FALSE	FALSE
Dhx57	chr17	FALSE	FALSE
Dhx58	chr11	TRUE	TRUE
Dhx8	chr11	FALSE	FALSE
Dhx9	chr1	FALSE	FALSE
Diablo	chr5	FALSE	FALSE
Diaph1	chr18	FALSE	FALSE
Diaph2	chrX	FALSE	FALSE
Diaph3	chr14	FALSE	TRUE
Dicer1	chr12	TRUE	TRUE
Dido1	chr2	FALSE	TRUE
Dimt1	chr13	TRUE	FALSE
Dio1	chr4	FALSE	FALSE
Dio2	chr12	FALSE	FALSE
Dip2a	chr10	FALSE	FALSE
Dip2b	chr15	TRUE	TRUE
Dip2c	chr13	TRUE	TRUE
Dipk1a	chr5	TRUE	TRUE
Dipk1b	chr2	FALSE	FALSE
Dipk1c	chr18	FALSE	FALSE
Dipk2a	chr9	FALSE	FALSE
Dipk2b	chrX	FALSE	FALSE
Diras1	chr10	FALSE	FALSE
Diras2	chr13	FALSE	FALSE
Dis3	chr14	FALSE	TRUE
Dis3l	chr9	FALSE	FALSE
Dis3l2	chr1	TRUE	TRUE
Disc1	chr8	TRUE	TRUE
Disp1	chr1	FALSE	TRUE
Disp2	chr2	FALSE	FALSE
Disp3	chr4	TRUE	TRUE
Dixdc1	chr9	FALSE	FALSE
Dkc1	chrX	FALSE	FALSE
Dkk1	chr19	FALSE	FALSE
Dkk2	chr3	FALSE	FALSE
Dkk3	chr7	TRUE	TRUE
Dkk4	chr8	TRUE	FALSE
Dkkl1	chr7	FALSE	FALSE
Dlat	chr9	FALSE	FALSE
Dlc1	chr8	FALSE	FALSE
Dld	chr12	FALSE	FALSE
Dlec1	chr9	FALSE	FALSE
Dleu7	chr14	TRUE	FALSE
Dlg1	chr16	FALSE	FALSE
Dlg2	chr7	FALSE	FALSE
Dlg3	chrX	FALSE	FALSE
Dlg4	chr11	FALSE	FALSE
Dlg5	chr14	TRUE	TRUE
Dlgap1	chr17	FALSE	FALSE
Dlgap2	chr8	FALSE	FALSE
Dlgap3	chr4	FALSE	FALSE
Dlgap4	chr2	TRUE	TRUE
Dlgap5	chr14	FALSE	FALSE
Dlk1	chr12	TRUE	FALSE
Dlk2	chr17	TRUE	FALSE
Dll1	chr17	FALSE	FALSE
Dll3	chr7	TRUE	FALSE
Dll4	chr2	TRUE	FALSE
Dlst	chr12	FALSE	FALSE
Dlx1	chr2	TRUE	FALSE
Dlx2	chr2	TRUE	FALSE
Dlx3	chr11	TRUE	FALSE
Dlx4	chr11	TRUE	FALSE
Dlx5	chr6	FALSE	FALSE
Dlx6	chr6	TRUE	FALSE
Dmac1	chr4	FALSE	FALSE
Dmac2	chr7	TRUE	FALSE
Dmac2l	chr12	TRUE	FALSE
Dmap1	chr4	TRUE	FALSE
Dmbt1	chr7	FALSE	TRUE
Dmbx1	chr4	FALSE	FALSE
Dmc1	chr15	TRUE	TRUE
Dmd	chrX	FALSE	FALSE
Dmgdh	chr13	FALSE	FALSE
Dmkn	chr7	TRUE	FALSE
Dmp1	chr5	FALSE	FALSE
Dmpk	chr7	FALSE	FALSE
Dmrt1	chr19	FALSE	FALSE
Dmrt2	chr19	TRUE	FALSE
Dmrt3	chr19	FALSE	FALSE
Dmrta1	chr4	TRUE	FALSE
Dmrta2	chr4	FALSE	FALSE
Dmrtb1	chr4	FALSE	FALSE
Dmrtc1a	chrX	TRUE	FALSE
Dmrtc1b	chrX	FALSE	FALSE
Dmrtc2	chr7	TRUE	FALSE
Dmtf1	chr5	FALSE	FALSE
Dmtn	chr14	FALSE	FALSE
Dmwd	chr7	TRUE	FALSE
Dmxl1	chr18	FALSE	FALSE
Dmxl2	chr9	FALSE	TRUE
Dna2	chr10	TRUE	TRUE
Dnaaf1	chr8	TRUE	FALSE
Dnaaf2	chr12	FALSE	FALSE
Dnaaf3	chr7	TRUE	FALSE
Dnaaf4	chr9	FALSE	FALSE
Dnaaf5	chr5	TRUE	TRUE
Dnah1	chr14	TRUE	TRUE
Dnah10	chr5	FALSE	FALSE
Dnah11	chr12	FALSE	FALSE
Dnah12	chr14	FALSE	TRUE
Dnah14	chr1	TRUE	TRUE
Dnah17	chr11	TRUE	TRUE
Dnah2	chr11	FALSE	FALSE
Dnah3	chr7	FALSE	FALSE
Dnah5	chr15	FALSE	FALSE
Dnah6	chr6	FALSE	TRUE
Dnah7a	chr1	FALSE	TRUE
Dnah7b	chr1	FALSE	TRUE
Dnah7c	chr1	FALSE	TRUE
Dnah8	chr17	TRUE	TRUE
Dnah9	chr11	FALSE	TRUE
Dnaic1	chr4	TRUE	TRUE
Dnaic2	chr11	TRUE	TRUE
Dnaja1	chr4	FALSE	FALSE
Dnaja2	chr8	FALSE	TRUE
Dnaja3	chr16	TRUE	TRUE
Dnaja4	chr9	FALSE	FALSE
Dnajb1	chr8	FALSE	FALSE
Dnajb11	chr16	FALSE	FALSE
Dnajb12	chr10	TRUE	TRUE
Dnajb13	chr7	TRUE	TRUE
Dnajb14	chr3	FALSE	TRUE
Dnajb2	chr1	FALSE	FALSE
Dnajb4	chr3	FALSE	FALSE
Dnajb5	chr4	TRUE	FALSE
Dnajb6	chr5	TRUE	TRUE
Dnajb8	chr6	TRUE	TRUE
Dnajb9	chr12	TRUE	FALSE
Dnajc1	chr2	FALSE	TRUE
Dnajc10	chr2	FALSE	FALSE
Dnajc11	chr4	TRUE	TRUE
Dnajc12	chr10	FALSE	FALSE
Dnajc13	chr9	FALSE	TRUE
Dnajc14	chr10	TRUE	TRUE
Dnajc15	chr14	FALSE	FALSE
Dnajc16	chr4	FALSE	FALSE
Dnajc17	chr2	TRUE	TRUE
Dnajc18	chr18	FALSE	TRUE
Dnajc19	chr3	FALSE	FALSE
Dnajc2	chr5	FALSE	FALSE
Dnajc21	chr15	FALSE	FALSE
Dnajc22	chr15	TRUE	TRUE
Dnajc24	chr2	TRUE	TRUE
Dnajc25	chr4	FALSE	FALSE
Dnajc27	chr12	FALSE	TRUE
Dnajc28	chr16	TRUE	FALSE
Dnajc3	chr14	FALSE	TRUE
Dnajc4	chr19	FALSE	FALSE
Dnajc5	chr2	FALSE	TRUE
Dnajc5b	chr3	FALSE	FALSE
Dnajc5g	chr5	FALSE	FALSE
Dnajc6	chr4	TRUE	TRUE
Dnajc7	chr11	FALSE	FALSE
Dnajc8	chr4	FALSE	FALSE
Dnajc9	chr14	TRUE	FALSE
Dnal1	chr12	FALSE	FALSE
Dnal4	chr15	FALSE	FALSE
Dnali1	chr4	FALSE	FALSE
Dnase1l1	chrX	FALSE	FALSE
Dnase1l2	chr17	FALSE	FALSE
Dnase1l3	chr14	FALSE	FALSE
Dnase2a	chr8	FALSE	FALSE
Dnase2b	chr3	FALSE	FALSE
Dnd1	chr18	TRUE	FALSE
Dner	chr1	FALSE	FALSE
Dnhd1	chr7	FALSE	FALSE
Dnlz	chr2	FALSE	FALSE
Dnm1	chr2	TRUE	TRUE
Dnm1l	chr16	FALSE	FALSE
Dnm2	chr9	TRUE	TRUE
Dnm3	chr1	TRUE	TRUE
Dnmbp	chr19	TRUE	TRUE
Dnmt1	chr9	FALSE	FALSE
Dnmt3a	chr12	TRUE	TRUE
Dnmt3b	chr2	FALSE	FALSE
Dnmt3c	chr2	TRUE	FALSE
Dnmt3l	chr10	TRUE	FALSE
Dnpep	chr1	TRUE	FALSE
Dnph1	chr17	FALSE	FALSE
Dntt	chr19	FALSE	FALSE
Dnttip1	chr2	FALSE	TRUE
Dnttip2	chr3	TRUE	FALSE
Doc2a	chr7	TRUE	FALSE
Doc2b	chr11	TRUE	FALSE
Doc2g	chr19	FALSE	FALSE
Dock1	chr7	FALSE	FALSE
Dock10	chr1	FALSE	TRUE
Dock11	chrX	FALSE	FALSE
Dock2	chr11	FALSE	TRUE
Dock3	chr9	TRUE	TRUE
Dock4	chr12	FALSE	TRUE
Dock5	chr14	TRUE	TRUE
Dock6	chr9	TRUE	FALSE
Dock7	chr4	FALSE	TRUE
Dock8	chr19	FALSE	TRUE
Dock9	chr14	TRUE	TRUE
Dohh	chr10	FALSE	FALSE
Dok1	chr6	FALSE	FALSE
Dok2	chr14	TRUE	FALSE
Dok3	chr13	TRUE	FALSE
Dok4	chr8	TRUE	TRUE
Dok5	chr2	FALSE	FALSE
Dok6	chr18	FALSE	TRUE
Dok7	chr5	TRUE	TRUE
Dolpp1	chr2	TRUE	FALSE
Donson	chr16	TRUE	FALSE
Dop1a	chr9	FALSE	TRUE
Dop1b	chr16	TRUE	TRUE
Dot1l	chr10	FALSE	FALSE
Doxl1	chr6	FALSE	FALSE
Doxl2	chr6	TRUE	FALSE
Dpagt1	chr9	FALSE	FALSE
Dpep1	chr8	FALSE	FALSE
Dpep2	chr8	FALSE	FALSE
Dpep2nb	chr8	FALSE	FALSE
Dpep3	chr8	FALSE	FALSE
Dpf1	chr7	FALSE	FALSE
Dpf2	chr19	FALSE	FALSE
Dpf3	chr12	FALSE	FALSE
Dph1	chr11	FALSE	FALSE
Dph2	chr4	TRUE	FALSE
Dph3	chr14	FALSE	FALSE
Dph5	chr3	FALSE	FALSE
Dph6	chr2	FALSE	FALSE
Dph7	chr2	FALSE	FALSE
Dpm1	chr2	FALSE	FALSE
Dpm2	chr2	TRUE	FALSE
Dpm3	chr3	FALSE	FALSE
Dpp10	chr1	FALSE	FALSE
Dpp3	chr19	TRUE	FALSE
Dpp4	chr2	FALSE	FALSE
Dpp6	chr5	TRUE	TRUE
Dpp7	chr2	FALSE	FALSE
Dpp8	chr9	FALSE	FALSE
Dpp9	chr17	TRUE	TRUE
Dppa1	chr11	TRUE	FALSE
Dppa2	chr16	FALSE	FALSE
Dppa3	chr6	FALSE	FALSE
Dppa4	chr16	FALSE	FALSE
Dppa5a	chr9	FALSE	FALSE
Dpt	chr1	FALSE	FALSE
Dpy19l1	chr9	FALSE	FALSE
Dpy19l2	chr9	FALSE	TRUE
Dpy19l3	chr7	FALSE	FALSE
Dpy19l4	chr4	FALSE	FALSE
Dpy30	chr17	FALSE	FALSE
Dpyd	chr3	FALSE	FALSE
Dpys	chr15	FALSE	FALSE
Dpysl2	chr14	FALSE	TRUE
Dpysl3	chr18	TRUE	TRUE
Dpysl4	chr7	FALSE	FALSE
Dpysl5	chr5	TRUE	TRUE
Dqx1	chr6	FALSE	FALSE
Dr1	chr5	FALSE	FALSE
Dram1	chr10	FALSE	FALSE
Dram2	chr3	FALSE	FALSE
Drap1	chr19	TRUE	FALSE
Draxin	chr4	TRUE	FALSE
Drc1	chr5	FALSE	FALSE
Drc3	chr11	FALSE	FALSE
Drc7	chr8	FALSE	FALSE
Drd1	chr13	FALSE	FALSE
Drd2	chr9	TRUE	FALSE
Drd3	chr16	TRUE	TRUE
Drd4	chr7	TRUE	FALSE
Drg1	chr11	FALSE	TRUE
Drg2	chr11	FALSE	FALSE
Drosha	chr15	FALSE	TRUE
Drp2	chrX	FALSE	FALSE
Dsc1	chr18	FALSE	FALSE
Dsc2	chr18	FALSE	FALSE
Dsc3	chr18	FALSE	FALSE
Dscam	chr16	TRUE	TRUE
Dscaml1	chr9	FALSE	FALSE
Dscc1	chr15	TRUE	FALSE
Dse	chr10	FALSE	FALSE
Dsel	chr1	TRUE	FALSE
Dsg1a	chr18	FALSE	FALSE
Dsg1b	chr18	FALSE	FALSE
Dsg1c	chr18	TRUE	FALSE
Dsg2	chr18	FALSE	FALSE
Dsg3	chr18	TRUE	TRUE
Dsg4	chr18	FALSE	FALSE
Dsn1	chr2	FALSE	FALSE
Dsp	chr13	TRUE	TRUE
Dspp	chr5	TRUE	FALSE
Dst	chr1	TRUE	TRUE
Dstn	chr2	FALSE	FALSE
Dstyk	chr1	FALSE	FALSE
Dtd1	chr2	TRUE	TRUE
Dtd2	chr12	FALSE	FALSE
Dthd1	chr5	FALSE	TRUE
Dtl	chr1	FALSE	FALSE
Dtna	chr18	FALSE	TRUE
Dtnb	chr12	TRUE	TRUE
Dtnbp1	chr13	FALSE	FALSE
Dtwd1	chr2	FALSE	FALSE
Dtwd2	chr18	FALSE	TRUE
Dtx1	chr5	TRUE	TRUE
Dtx2	chr5	TRUE	TRUE
Dtx3	chr10	TRUE	FALSE
Dtx3l	chr16	TRUE	TRUE
Dtx4	chr19	TRUE	FALSE
Dtymk	chr1	TRUE	FALSE
Duox1	chr2	FALSE	FALSE
Duox2	chr2	FALSE	FALSE
Duoxa1	chr2	TRUE	TRUE
Duoxa2	chr2	TRUE	FALSE
Dupd1	chr14	TRUE	TRUE
Dus1l	chr11	FALSE	FALSE
Dus2	chr8	FALSE	FALSE
Dus3l	chr17	FALSE	FALSE
Dus4l	chr12	FALSE	FALSE
Dusp1	chr17	FALSE	FALSE
Dusp10	chr1	FALSE	FALSE
Dusp11	chr6	FALSE	FALSE
Dusp12	chr1	FALSE	FALSE
Dusp13	chr14	TRUE	TRUE
Dusp14	chr11	FALSE	FALSE
Dusp15	chr2	TRUE	FALSE
Dusp16	chr6	TRUE	TRUE
Dusp18	chr11	FALSE	FALSE
Dusp19	chr2	FALSE	FALSE
Dusp2	chr2	TRUE	FALSE
Dusp22	chr13	TRUE	TRUE
Dusp23	chr1	FALSE	FALSE
Dusp26	chr8	FALSE	FALSE
Dusp27	chr1	FALSE	FALSE
Dusp28	chr1	TRUE	FALSE
Dusp3	chr11	FALSE	FALSE
Dusp4	chr8	FALSE	FALSE
Dusp5	chr19	FALSE	FALSE
Dusp6	chr10	FALSE	FALSE
Dusp7	chr9	TRUE	FALSE
Dusp8	chr7	TRUE	TRUE
Dusp9	chrX	FALSE	FALSE
Dut	chr2	FALSE	FALSE
Duxbl1	chr14	FALSE	FALSE
Dvl1	chr4	FALSE	FALSE
Dvl2	chr11	FALSE	FALSE
Dvl3	chr16	TRUE	FALSE
Dxo	chr17	TRUE	FALSE
Dydc1	chr14	FALSE	FALSE
Dydc2	chr14	TRUE	FALSE
Dym	chr18	TRUE	TRUE
Dynap	chr18	FALSE	FALSE
Dync1h1	chr12	FALSE	FALSE
Dync1i1	chr6	FALSE	FALSE
Dync1i2	chr2	FALSE	FALSE
Dync1li1	chr9	FALSE	FALSE
Dync1li2	chr8	FALSE	FALSE
Dync2h1	chr9	FALSE	FALSE
Dync2li1	chr17	FALSE	FALSE
Dynll2	chr11	FALSE	FALSE
Dynlrb1	chr2	TRUE	FALSE
Dynlrb2	chr8	FALSE	FALSE
Dynlt1a	chr17	FALSE	FALSE
Dynlt1b	chr17	TRUE	FALSE
Dynlt1c	chr17	FALSE	FALSE
Dynlt1f	chr17	FALSE	FALSE
Dynlt3	chrX	FALSE	FALSE
Dyrk1a	chr16	TRUE	TRUE
Dyrk1b	chr7	FALSE	FALSE
Dyrk2	chr10	FALSE	FALSE
Dyrk3	chr1	TRUE	FALSE
Dyrk4	chr6	FALSE	FALSE
Dysf	chr6	TRUE	TRUE
Dytn	chr1	FALSE	TRUE
Dzank1	chr2	FALSE	FALSE
Dzip1	chr14	TRUE	TRUE
Dzip1l	chr9	TRUE	TRUE
Dzip3	chr16	FALSE	FALSE
E030018B13Rik	chr7	TRUE	FALSE
E030025P04Rik	chr11	FALSE	FALSE
E030030I06Rik	chr10	TRUE	TRUE
E130114P18Rik	chr4	FALSE	FALSE
E130218I03Rik	chr4	TRUE	FALSE
E130308A19Rik	chr4	TRUE	TRUE
E130309D02Rik	chr5	FALSE	FALSE
E130311K13Rik	chr3	FALSE	FALSE
E230025N22Rik	chr18	TRUE	FALSE
E2f1	chr2	FALSE	FALSE
E2f2	chr4	TRUE	TRUE
E2f3	chr13	FALSE	FALSE
E2f4	chr8	FALSE	FALSE
E2f5	chr3	FALSE	FALSE
E2f6	chr12	FALSE	FALSE
E2f7	chr10	FALSE	FALSE
E2f8	chr7	TRUE	FALSE
E330014E10Rik	chr5	FALSE	FALSE
E330021D16Rik	chr6	TRUE	FALSE
E330034G19Rik	chr14	FALSE	FALSE
E430018J23Rik	chr7	TRUE	FALSE
E4f1	chr17	TRUE	TRUE
ETV3L	chr3	TRUE	FALSE
Eaf1	chr14	FALSE	FALSE
Eaf2	chr16	FALSE	TRUE
Eapp	chr12	FALSE	FALSE
Ear1	chr14	FALSE	FALSE
Ear10	chr14	FALSE	FALSE
Ear2	chr14	FALSE	FALSE
Ears2	chr7	FALSE	FALSE
Ebag9	chr15	FALSE	FALSE
Ebf1	chr11	FALSE	FALSE
Ebf2	chr14	TRUE	TRUE
Ebf3	chr7	FALSE	FALSE
Ebf4	chr2	TRUE	TRUE
Ebi3	chr17	FALSE	FALSE
Ebna1bp2	chr4	FALSE	FALSE
Ebp	chrX	TRUE	FALSE
Ebpl	chr14	TRUE	FALSE
Ecd	chr14	FALSE	FALSE
Ece1	chr4	TRUE	TRUE
Ece2	chr16	TRUE	FALSE
Ecel1	chr1	FALSE	FALSE
Ech1	chr7	FALSE	FALSE
Echdc1	chr10	FALSE	FALSE
Echdc2	chr4	FALSE	FALSE
Echdc3	chr2	FALSE	FALSE
Echs1	chr7	FALSE	FALSE
Eci1	chr17	TRUE	FALSE
Eci2	chr13	FALSE	FALSE
Eci3	chr13	TRUE	TRUE
Ecm1	chr3	TRUE	FALSE
Ecm2	chr13	FALSE	FALSE
Ecpas	chr4	FALSE	TRUE
Ecrg4	chr1	FALSE	FALSE
Ecscr	chr18	TRUE	FALSE
Ecsit	chr9	TRUE	FALSE
Ect2	chr3	FALSE	FALSE
Ect2l	chr10	FALSE	FALSE
Eda	chrX	FALSE	TRUE
Eda2r	chrX	FALSE	FALSE
Edar	chr10	TRUE	TRUE
Edaradd	chr13	FALSE	TRUE
Edc3	chr9	FALSE	TRUE
Edc4	chr8	FALSE	FALSE
Eddm3b	chr14	FALSE	FALSE
Edem1	chr6	TRUE	TRUE
Edem2	chr2	FALSE	FALSE
Edem3	chr1	FALSE	TRUE
Edf1	chr2	FALSE	FALSE
Edil3	chr13	FALSE	TRUE
Edn1	chr13	FALSE	FALSE
Edn2	chr4	TRUE	TRUE
Edn3	chr2	FALSE	FALSE
Ednra	chr8	FALSE	TRUE
Ednrb	chr14	FALSE	FALSE
Edrf1	chr7	FALSE	FALSE
Eea1	chr10	TRUE	TRUE
Eed	chr7	TRUE	FALSE
Eef1a1	chr9	FALSE	FALSE
Eef1a2	chr2	FALSE	FALSE
Eef1akmt1	chr14	FALSE	FALSE
Eef1akmt2	chr7	FALSE	FALSE
Eef1akmt3	chr10	FALSE	FALSE
Eef1akmt4	chr16	TRUE	FALSE
Eef1aknmt	chr1	TRUE	FALSE
Eef1b2	chr1	FALSE	FALSE
Eef1d	chr15	TRUE	FALSE
Eef1e1	chr13	FALSE	FALSE
Eef1g	chr19	FALSE	FALSE
Eef2	chr10	TRUE	FALSE
Eef2k	chr7	FALSE	FALSE
Eef2kmt	chr16	FALSE	FALSE
Eefsec	chr6	TRUE	TRUE
Eepd1	chr9	FALSE	FALSE
Efcab1	chr16	FALSE	TRUE
Efcab10	chr12	FALSE	FALSE
Efcab11	chr12	FALSE	FALSE
Efcab12	chr6	FALSE	FALSE
Efcab14	chr4	FALSE	TRUE
Efcab15	chr11	FALSE	FALSE
Efcab2	chr1	FALSE	FALSE
Efcab3	chr11	FALSE	FALSE
Efcab5	chr11	FALSE	FALSE
Efcab6	chr15	TRUE	TRUE
Efcab7	chr4	FALSE	FALSE
Efcab8	chr2	FALSE	FALSE
Efcab9	chr11	TRUE	FALSE
Efcc1	chr6	FALSE	FALSE
Efemp1	chr11	FALSE	FALSE
Efemp2	chr19	TRUE	FALSE
Efhb	chr17	FALSE	TRUE
Efhc1	chr1	TRUE	FALSE
Efhc2	chrX	FALSE	FALSE
Efhd1	chr1	TRUE	FALSE
Efhd2	chr4	TRUE	TRUE
Efl1	chr7	TRUE	TRUE
Efna1	chr3	FALSE	FALSE
Efna2	chr10	FALSE	FALSE
Efna3	chr3	TRUE	FALSE
Efna4	chr3	TRUE	FALSE
Efna5	chr17	FALSE	FALSE
Efnb1	chrX	FALSE	FALSE
Efnb2	chr8	TRUE	TRUE
Efnb3	chr11	TRUE	FALSE
Efr3a	chr15	FALSE	FALSE
Efr3b	chr12	FALSE	FALSE
Efs	chr14	TRUE	TRUE
Eftud2	chr11	TRUE	TRUE
Egf	chr3	FALSE	TRUE
Egfem1	chr3	FALSE	TRUE
Egfl6	chrX	FALSE	FALSE
Egfl7	chr2	TRUE	FALSE
Egfl8	chr17	FALSE	FALSE
Egflam	chr15	FALSE	TRUE
Egfr	chr11	TRUE	TRUE
Egln1	chr8	FALSE	FALSE
Egln2	chr7	FALSE	FALSE
Egln3	chr12	FALSE	FALSE
Egr1	chr18	TRUE	FALSE
Egr2	chr10	FALSE	FALSE
Egr3	chr14	TRUE	FALSE
Egr4	chr6	FALSE	FALSE
Ehbp1	chr11	FALSE	TRUE
Ehbp1l1	chr19	FALSE	FALSE
Ehd1	chr19	TRUE	TRUE
Ehd2	chr7	TRUE	TRUE
Ehd3	chr17	TRUE	FALSE
Ehd4	chr2	TRUE	TRUE
Ehf	chr2	FALSE	FALSE
Ehhadh	chr16	TRUE	TRUE
Ehmt1	chr2	TRUE	TRUE
Ehmt2	chr17	FALSE	FALSE
Ei24	chr9	FALSE	FALSE
Eif1	chr11	TRUE	TRUE
Eif1a	chr18	FALSE	FALSE
Eif1ad	chr19	FALSE	FALSE
Eif1ax	chrX	TRUE	FALSE
Eif1b	chr9	FALSE	FALSE
Eif2a	chr3	FALSE	FALSE
Eif2ak1	chr5	TRUE	TRUE
Eif2ak2	chr17	TRUE	TRUE
Eif2ak3	chr6	FALSE	FALSE
Eif2ak4	chr2	TRUE	TRUE
Eif2b1	chr5	FALSE	FALSE
Eif2b2	chr12	TRUE	FALSE
Eif2b3	chr4	FALSE	FALSE
Eif2b4	chr5	TRUE	FALSE
Eif2b5	chr16	FALSE	FALSE
Eif2d	chr1	TRUE	FALSE
Eif2s1	chr12	FALSE	FALSE
Eif2s2	chr2	FALSE	FALSE
Eif2s3x	chrX	TRUE	FALSE
Eif3a	chr19	FALSE	FALSE
Eif3b	chr5	FALSE	FALSE
Eif3c	chr7	FALSE	FALSE
Eif3d	chr15	TRUE	FALSE
Eif3e	chr15	TRUE	FALSE
Eif3f	chr7	FALSE	FALSE
Eif3g	chr9	FALSE	FALSE
Eif3h	chr15	FALSE	TRUE
Eif3i	chr4	FALSE	FALSE
Eif3j1	chr2	FALSE	FALSE
Eif3k	chr7	FALSE	FALSE
Eif3l	chr15	TRUE	TRUE
Eif3m	chr2	FALSE	FALSE
Eif4a1	chr11	TRUE	TRUE
Eif4a2	chr16	FALSE	FALSE
Eif4a3	chr11	FALSE	FALSE
Eif4a3l1	chr6	TRUE	FALSE
Eif4b	chr15	TRUE	TRUE
Eif4e	chr3	FALSE	FALSE
Eif4e1b	chr13	TRUE	FALSE
Eif4e2	chr1	TRUE	FALSE
Eif4e3	chr6	TRUE	TRUE
Eif4ebp1	chr8	FALSE	FALSE
Eif4ebp2	chr10	TRUE	FALSE
Eif4ebp3	chr18	FALSE	FALSE
Eif4enif1	chr11	FALSE	TRUE
Eif4g1	chr16	FALSE	FALSE
Eif4g2	chr7	FALSE	TRUE
Eif4g3	chr4	TRUE	TRUE
Eif4h	chr5	FALSE	FALSE
Eif5	chr12	TRUE	FALSE
Eif5a	chr11	TRUE	TRUE
Eif5a2	chr3	FALSE	FALSE
Eif5b	chr1	TRUE	TRUE
Eif6	chr2	FALSE	FALSE
Eipr1	chr12	TRUE	TRUE
Elac1	chr18	FALSE	FALSE
Elac2	chr11	FALSE	FALSE
Elane	chr10	FALSE	FALSE
Elavl1	chr8	TRUE	TRUE
Elavl2	chr4	TRUE	TRUE
Elavl3	chr9	TRUE	TRUE
Elavl4	chr4	FALSE	FALSE
Elf1	chr14	FALSE	FALSE
Elf2	chr3	TRUE	TRUE
Elf3	chr1	FALSE	FALSE
Elf4	chrX	FALSE	FALSE
Elf5	chr2	TRUE	FALSE
Elfn1	chr5	TRUE	TRUE
Elfn2	chr15	TRUE	FALSE
Elk1	chrX	FALSE	FALSE
Elk3	chr10	FALSE	FALSE
Elk4	chr1	FALSE	FALSE
Ell	chr8	TRUE	TRUE
Ell2	chr13	TRUE	TRUE
Ell3	chr2	TRUE	FALSE
Elmo1	chr13	FALSE	FALSE
Elmo2	chr2	FALSE	FALSE
Elmo3	chr8	FALSE	FALSE
Elmod1	chr9	FALSE	FALSE
Elmod2	chr8	FALSE	FALSE
Elmod3	chr6	FALSE	FALSE
Elmsan1	chr12	FALSE	FALSE
Eln	chr5	FALSE	FALSE
Eloa	chr4	FALSE	FALSE
Elob	chr17	TRUE	FALSE
Elobl	chr11	FALSE	FALSE
Eloc	chr1	FALSE	FALSE
Elof1	chr9	TRUE	FALSE
Elovl1	chr4	TRUE	FALSE
Elovl2	chr13	TRUE	TRUE
Elovl3	chr19	TRUE	FALSE
Elovl4	chr9	FALSE	FALSE
Elovl5	chr9	FALSE	TRUE
Elovl6	chr3	TRUE	TRUE
Elovl7	chr13	TRUE	TRUE
Elp1	chr4	FALSE	FALSE
Elp2	chr18	TRUE	TRUE
Elp3	chr14	TRUE	TRUE
Elp4	chr2	FALSE	FALSE
Elp5	chr11	TRUE	FALSE
Elp6	chr9	FALSE	FALSE
Emb	chr13	FALSE	FALSE
Emc1	chr4	TRUE	TRUE
Emc10	chr7	TRUE	FALSE
Emc2	chr15	TRUE	TRUE
Emc3	chr6	TRUE	TRUE
Emc4	chr2	FALSE	FALSE
Emc6	chr11	TRUE	FALSE
Emc7	chr2	FALSE	FALSE
Emc8	chr8	FALSE	FALSE
Emc9	chr14	FALSE	FALSE
Emcn	chr3	FALSE	FALSE
Emd	chrX	FALSE	FALSE
Eme1	chr11	FALSE	FALSE
Eme2	chr17	TRUE	TRUE
Emg1	chr6	FALSE	FALSE
Emid1	chr11	TRUE	TRUE
Emilin1	chr5	TRUE	FALSE
Emilin2	chr17	FALSE	FALSE
Emilin3	chr2	FALSE	FALSE
Eml1	chr12	FALSE	FALSE
Eml2	chr7	TRUE	TRUE
Eml3	chr19	FALSE	FALSE
Eml4	chr17	TRUE	TRUE
Eml5	chr12	TRUE	TRUE
Eml6	chr11	FALSE	TRUE
Emp1	chr6	TRUE	TRUE
Emp2	chr16	FALSE	FALSE
Emp3	chr7	FALSE	FALSE
Emsy	chr7	TRUE	TRUE
Emx1	chr6	TRUE	FALSE
Emx2	chr19	TRUE	FALSE
En1	chr1	FALSE	FALSE
En2	chr5	FALSE	FALSE
Enah	chr1	TRUE	TRUE
Enam	chr5	FALSE	FALSE
Enc1	chr13	TRUE	FALSE
Endod1	chr9	FALSE	FALSE
Endog	chr2	TRUE	FALSE
Endou	chr15	FALSE	FALSE
Endov	chr11	FALSE	FALSE
Eng	chr2	TRUE	TRUE
Engase	chr11	TRUE	FALSE
Enho	chr4	TRUE	FALSE
Enkd1	chr8	TRUE	FALSE
Enkur	chr2	FALSE	FALSE
Eno1	chr4	FALSE	FALSE
Eno1b	chr18	TRUE	FALSE
Eno2	chr6	TRUE	FALSE
Eno3	chr11	FALSE	FALSE
Eno4	chr19	FALSE	FALSE
Enoph1	chr5	FALSE	FALSE
Enox1	chr14	TRUE	TRUE
Enox2	chrX	FALSE	TRUE
Enpep	chr3	FALSE	TRUE
Enpp1	chr10	FALSE	FALSE
Enpp2	chr15	FALSE	TRUE
Enpp3	chr10	FALSE	FALSE
Enpp4	chr17	FALSE	FALSE
Enpp5	chr17	TRUE	FALSE
Enpp6	chr8	FALSE	FALSE
Enpp7	chr11	TRUE	TRUE
Ensa	chr3	TRUE	TRUE
Enthd1	chr15	TRUE	FALSE
Entpd1	chr19	FALSE	FALSE
Entpd2	chr2	TRUE	FALSE
Entpd3	chr9	FALSE	FALSE
Entpd5	chr12	FALSE	FALSE
Entpd6	chr2	FALSE	FALSE
Entpd7	chr19	FALSE	FALSE
Entpd8	chr2	FALSE	FALSE
Entr1	chr2	FALSE	FALSE
Eny2	chr15	FALSE	FALSE
Eogt	chr6	FALSE	FALSE
Eomes	chr9	FALSE	FALSE
Ep300	chr15	FALSE	FALSE
Ep400	chr5	FALSE	TRUE
Epas1	chr17	TRUE	TRUE
Epb41	chr4	FALSE	FALSE
Epb41l1	chr2	FALSE	TRUE
Epb41l2	chr10	FALSE	TRUE
Epb41l3	chr17	TRUE	TRUE
Epb41l4a	chr18	FALSE	FALSE
Epb41l4b	chr4	TRUE	TRUE
Epb41l5	chr1	FALSE	FALSE
Epb42	chr2	TRUE	FALSE
Epc1	chr18	FALSE	TRUE
Epc2	chr2	TRUE	TRUE
Epcam	chr17	TRUE	FALSE
Epdr1	chr13	FALSE	FALSE
Epg5	chr18	FALSE	TRUE
Epgn	chr5	TRUE	FALSE
Epha1	chr6	TRUE	FALSE
Epha10	chr4	TRUE	TRUE
Epha2	chr4	TRUE	FALSE
Epha3	chr16	FALSE	FALSE
Epha4	chr1	TRUE	TRUE
Epha5	chr5	FALSE	FALSE
Epha6	chr16	FALSE	FALSE
Epha7	chr4	FALSE	FALSE
Epha8	chr4	FALSE	FALSE
Ephb1	chr9	TRUE	TRUE
Ephb2	chr4	TRUE	TRUE
Ephb3	chr16	TRUE	FALSE
Ephb4	chr5	FALSE	FALSE
Ephb6	chr6	FALSE	FALSE
Ephx1	chr1	FALSE	TRUE
Ephx2	chr14	TRUE	FALSE
Ephx3	chr17	TRUE	FALSE
Ephx4	chr5	FALSE	FALSE
Epm2a	chr10	TRUE	TRUE
Epn1	chr7	FALSE	FALSE
Epn2	chr11	FALSE	TRUE
Epn3	chr11	TRUE	TRUE
Epo	chr5	TRUE	TRUE
Epor	chr9	FALSE	FALSE
Epp13	chr7	FALSE	FALSE
Eppin	chr2	FALSE	FALSE
Eppk1	chr15	TRUE	FALSE
Eprs	chr1	TRUE	TRUE
Eps15	chr4	FALSE	FALSE
Eps15l1	chr8	TRUE	TRUE
Eps8	chr6	TRUE	TRUE
Eps8l1	chr7	TRUE	TRUE
Eps8l2	chr7	TRUE	FALSE
Eps8l3	chr3	FALSE	FALSE
Epsti1	chr14	FALSE	FALSE
Epx	chr11	FALSE	FALSE
Epyc	chr10	FALSE	FALSE
Eqtn	chr4	FALSE	FALSE
Eral1	chr11	FALSE	FALSE
Erap1	chr13	FALSE	FALSE
Eras	chrX	FALSE	FALSE
Erbb2	chr11	TRUE	TRUE
Erbb3	chr10	TRUE	FALSE
Erbb4	chr1	FALSE	FALSE
Erbin	chr13	TRUE	TRUE
Erc1	chr6	TRUE	TRUE
Erc2	chr14	TRUE	TRUE
Ercc1	chr7	FALSE	FALSE
Ercc2	chr7	FALSE	FALSE
Ercc3	chr18	FALSE	FALSE
Ercc4	chr16	FALSE	FALSE
Ercc5	chr1	FALSE	FALSE
Ercc6	chr14	TRUE	TRUE
Ercc6l	chrX	FALSE	FALSE
Ercc6l2	chr13	FALSE	TRUE
Ercc8	chr13	FALSE	FALSE
Ereg	chr5	FALSE	FALSE
Erf	chr7	TRUE	FALSE
Erfe	chr1	TRUE	FALSE
Erfl	chr7	TRUE	FALSE
Erg	chr16	FALSE	FALSE
Erg28	chr12	FALSE	FALSE
Ergic1	chr17	TRUE	TRUE
Ergic2	chr6	FALSE	TRUE
Ergic3	chr2	FALSE	FALSE
Erh	chr12	TRUE	TRUE
Eri1	chr8	FALSE	FALSE
Eri2	chr7	FALSE	FALSE
Eri3	chr4	TRUE	TRUE
Erich1	chr8	FALSE	FALSE
Erich2	chr2	FALSE	FALSE
Erich3	chr3	FALSE	FALSE
Erich4	chr7	TRUE	FALSE
Erich5	chr15	FALSE	FALSE
Erich6	chr3	FALSE	FALSE
Erich6b	chr14	FALSE	FALSE
Erlec1	chr11	FALSE	FALSE
Erlin1	chr19	FALSE	FALSE
Erlin2	chr8	FALSE	FALSE
Ermap	chr4	FALSE	FALSE
Ermard	chr17	FALSE	FALSE
Ermn	chr2	FALSE	FALSE
Ermp1	chr19	FALSE	TRUE
Ern1	chr11	TRUE	TRUE
Ern2	chr7	TRUE	FALSE
Ero1l	chr14	FALSE	FALSE
Ero1lb	chr13	FALSE	FALSE
Erp27	chr6	FALSE	FALSE
Erp29	chr5	FALSE	FALSE
Erp44	chr4	TRUE	TRUE
Errfi1	chr4	FALSE	FALSE
Erv3	chr2	FALSE	FALSE
Esam	chr9	TRUE	FALSE
Esco1	chr18	FALSE	FALSE
Esco2	chr14	FALSE	FALSE
Esd	chr14	TRUE	TRUE
Esf1	chr2	FALSE	FALSE
Esm1	chr13	FALSE	FALSE
Esp1	chr17	FALSE	FALSE
Esp15	chr17	TRUE	FALSE
Esp16	chr17	FALSE	FALSE
Esp18	chr17	FALSE	FALSE
Esp22	chr17	TRUE	FALSE
Esp23	chr17	TRUE	FALSE
Esp24	chr17	FALSE	FALSE
Esp3	chr17	FALSE	FALSE
Esp31	chr17	FALSE	FALSE
Esp34	chr17	FALSE	FALSE
Esp36	chr17	FALSE	FALSE
Esp38	chr17	FALSE	FALSE
Esp4	chr17	FALSE	FALSE
Esp5	chr17	FALSE	FALSE
Esp6	chr17	TRUE	FALSE
Esp8	chr17	FALSE	FALSE
Espl1	chr15	FALSE	FALSE
Espn	chr4	TRUE	FALSE
Espnl	chr1	FALSE	FALSE
Esr1	chr10	FALSE	TRUE
Esr2	chr12	TRUE	FALSE
Esrp1	chr4	FALSE	FALSE
Esrp2	chr8	TRUE	FALSE
Esrra	chr19	FALSE	FALSE
Esrrb	chr12	TRUE	TRUE
Esrrg	chr1	FALSE	FALSE
Ess2	chr16	FALSE	FALSE
Esx1	chrX	FALSE	FALSE
Esyt1	chr10	TRUE	FALSE
Esyt2	chr12	TRUE	TRUE
Esyt3	chr9	TRUE	TRUE
Etaa1	chr11	FALSE	FALSE
Etd	chrX	TRUE	FALSE
Etf1	chr18	TRUE	TRUE
Etfa	chr9	TRUE	TRUE
Etfb	chr7	FALSE	FALSE
Etfbkmt	chr6	TRUE	FALSE
Etfbl	chr7	FALSE	FALSE
Etfdh	chr3	FALSE	FALSE
Etfrf1	chr6	FALSE	FALSE
Ethe1	chr7	TRUE	FALSE
Etl4	chr2	FALSE	FALSE
Etnk1	chr6	FALSE	TRUE
Etnk2	chr1	TRUE	FALSE
Etnppl	chr3	TRUE	FALSE
Ets1	chr9	FALSE	TRUE
Ets2	chr16	TRUE	FALSE
Etv1	chr12	FALSE	FALSE
Etv2	chr7	TRUE	TRUE
Etv3	chr3	FALSE	TRUE
Etv4	chr11	FALSE	FALSE
Etv5	chr16	FALSE	FALSE
Etv6	chr6	TRUE	TRUE
Eva1a	chr6	FALSE	FALSE
Eva1b	chr4	TRUE	FALSE
Eva1c	chr16	TRUE	TRUE
Evc	chr5	TRUE	TRUE
Evc2	chr5	TRUE	TRUE
Evi2	chr11	FALSE	FALSE
Evi2a	chr11	FALSE	FALSE
Evi2b	chr11	FALSE	FALSE
Evi5	chr5	TRUE	TRUE
Evi5l	chr8	TRUE	TRUE
Evl	chr12	TRUE	TRUE
Evpl	chr11	FALSE	FALSE
Evx1	chr6	FALSE	FALSE
Evx2	chr2	FALSE	FALSE
Ewsr1	chr11	FALSE	FALSE
Exd1	chr2	FALSE	FALSE
Exd2	chr12	FALSE	TRUE
Exo1	chr1	FALSE	FALSE
Exo5	chr4	FALSE	FALSE
Exoc1	chr5	FALSE	FALSE
Exoc2	chr13	TRUE	TRUE
Exoc3	chr13	FALSE	FALSE
Exoc3l	chr8	FALSE	FALSE
Exoc3l2	chr7	TRUE	FALSE
Exoc3l4	chr12	TRUE	TRUE
Exoc4	chr6	FALSE	TRUE
Exoc5	chr14	FALSE	FALSE
Exoc6	chr19	FALSE	TRUE
Exoc6b	chr6	TRUE	TRUE
Exoc7	chr11	FALSE	FALSE
Exog	chr9	TRUE	TRUE
Exosc1	chr19	TRUE	FALSE
Exosc10	chr4	FALSE	FALSE
Exosc2	chr2	FALSE	FALSE
Exosc3	chr4	FALSE	FALSE
Exosc4	chr15	FALSE	FALSE
Exosc5	chr7	FALSE	FALSE
Exosc7	chr9	FALSE	FALSE
Exosc8	chr3	FALSE	FALSE
Exosc9	chr3	FALSE	FALSE
Exph5	chr9	FALSE	FALSE
Ext1	chr15	TRUE	TRUE
Ext2	chr2	TRUE	TRUE
Extl1	chr4	TRUE	FALSE
Extl2	chr3	FALSE	FALSE
Extl3	chr14	TRUE	TRUE
Eya1	chr1	FALSE	FALSE
Eya2	chr2	FALSE	TRUE
Eya3	chr4	FALSE	TRUE
Eya4	chr10	FALSE	FALSE
Ezh1	chr11	FALSE	FALSE
Ezh2	chr6	FALSE	FALSE
Ezr	chr17	TRUE	TRUE
F10	chr8	FALSE	FALSE
F11	chr8	TRUE	FALSE
F11r	chr1	TRUE	TRUE
F12	chr13	TRUE	TRUE
F13a1	chr13	TRUE	TRUE
F13b	chr1	FALSE	TRUE
F2	chr2	FALSE	FALSE
F2r	chr13	FALSE	FALSE
F2rl1	chr13	TRUE	FALSE
F2rl2	chr13	TRUE	FALSE
F3	chr3	TRUE	FALSE
F5	chr1	FALSE	FALSE
F7	chr8	TRUE	FALSE
F8	chrX	FALSE	TRUE
F830016B08Rik	chr18	FALSE	FALSE
F830045P16Rik	chr2	FALSE	FALSE
F9	chrX	FALSE	FALSE
Fa2h	chr8	FALSE	FALSE
Faah	chr4	TRUE	TRUE
Faap100	chr11	FALSE	FALSE
Faap20	chr4	TRUE	TRUE
Faap24	chr7	FALSE	FALSE
Fabp1	chr6	TRUE	FALSE
Fabp12	chr3	TRUE	TRUE
Fabp2	chr3	FALSE	FALSE
Fabp3	chr4	FALSE	FALSE
Fabp5	chr3	TRUE	FALSE
Fabp6	chr11	TRUE	TRUE
Fabp7	chr10	FALSE	FALSE
Fabp9	chr3	FALSE	FALSE
Fadd	chr7	FALSE	FALSE
Fads1	chr19	FALSE	FALSE
Fads2	chr19	FALSE	FALSE
Fads2b	chr2	TRUE	TRUE
Fads3	chr19	FALSE	FALSE
Fads6	chr11	TRUE	TRUE
Faf1	chr4	TRUE	TRUE
Faf2	chr13	FALSE	FALSE
Fah	chr7	TRUE	FALSE
Fahd2a	chr2	TRUE	FALSE
Faim	chr9	FALSE	FALSE
Faim2	chr15	TRUE	FALSE
Faiml	chr9	TRUE	FALSE
Fam102a	chr2	FALSE	FALSE
Fam102b	chr3	TRUE	TRUE
Fam104a	chr11	FALSE	FALSE
Fam107a	chr14	TRUE	TRUE
Fam107b	chr2	FALSE	FALSE
Fam110a	chr2	FALSE	FALSE
Fam110b	chr4	FALSE	FALSE
Fam110c	chr12	FALSE	FALSE
Fam111a	chr19	FALSE	FALSE
Fam114a1	chr5	TRUE	TRUE
Fam114a2	chr11	FALSE	FALSE
Fam117a	chr11	TRUE	TRUE
Fam117b	chr1	TRUE	TRUE
Fam118a	chr15	FALSE	FALSE
Fam118b	chr9	FALSE	FALSE
Fam120a	chr13	TRUE	TRUE
Fam120b	chr17	TRUE	TRUE
Fam120c	chrX	FALSE	TRUE
Fam122b	chrX	FALSE	FALSE
Fam122c	chrX	FALSE	FALSE
Fam124a	chr14	FALSE	FALSE
Fam124b	chr1	TRUE	FALSE
Fam126a	chr5	TRUE	TRUE
Fam126b	chr1	FALSE	TRUE
Fam129a	chr1	TRUE	TRUE
Fam129b	chr2	TRUE	TRUE
Fam129c	chr8	TRUE	FALSE
Fam131a	chr16	TRUE	FALSE
Fam131b	chr6	FALSE	FALSE
Fam131c	chr4	TRUE	FALSE
Fam133b	chr5	FALSE	FALSE
Fam135a	chr1	FALSE	FALSE
Fam135b	chr15	TRUE	TRUE
Fam136a	chr6	FALSE	FALSE
Fam13a	chr6	FALSE	FALSE
Fam13b	chr18	FALSE	FALSE
Fam13c	chr10	TRUE	TRUE
Fam149a	chr8	FALSE	FALSE
Fam149b	chr14	FALSE	FALSE
Fam151a	chr4	FALSE	FALSE
Fam151b	chr13	TRUE	FALSE
Fam155a	chr8	FALSE	TRUE
Fam160a1	chr3	TRUE	TRUE
Fam160a2	chr7	FALSE	TRUE
Fam160b1	chr19	TRUE	FALSE
Fam160b2	chr14	TRUE	TRUE
Fam161a	chr11	FALSE	FALSE
Fam161b	chr12	FALSE	FALSE
Fam162a	chr16	TRUE	TRUE
Fam162b	chr10	TRUE	FALSE
Fam163a	chr1	TRUE	TRUE
Fam163b	chr2	TRUE	TRUE
Fam166a	chr2	TRUE	FALSE
Fam166b	chr4	TRUE	FALSE
Fam166c	chr5	TRUE	FALSE
Fam167a	chr14	TRUE	TRUE
Fam167b	chr4	TRUE	FALSE
Fam168a	chr7	TRUE	TRUE
Fam168b	chr1	FALSE	TRUE
Fam169a	chr13	FALSE	FALSE
Fam169b	chr7	TRUE	TRUE
Fam170a	chr18	TRUE	FALSE
Fam170b	chr14	FALSE	FALSE
Fam171a1	chr2	FALSE	TRUE
Fam171a2	chr11	TRUE	FALSE
Fam171b	chr2	FALSE	FALSE
Fam172a	chr13	FALSE	TRUE
Fam173a	chr17	FALSE	FALSE
Fam174a	chr1	FALSE	FALSE
Fam174b	chr7	FALSE	FALSE
Fam174c	chr10	FALSE	FALSE
Fam178b	chr1	TRUE	FALSE
Fam180a	chr6	FALSE	FALSE
Fam181a	chr12	FALSE	FALSE
Fam183b	chr11	FALSE	FALSE
Fam184a	chr10	FALSE	FALSE
Fam184b	chr5	FALSE	FALSE
Fam185a	chr5	FALSE	FALSE
Fam186a	chr15	TRUE	TRUE
Fam186b	chr15	TRUE	TRUE
Fam187b	chr7	TRUE	TRUE
Fam189a1	chr7	FALSE	FALSE
Fam189a2	chr19	TRUE	TRUE
Fam189b	chr3	FALSE	FALSE
Fam192a	chr8	TRUE	TRUE
Fam193a	chr5	FALSE	TRUE
Fam193b	chr13	FALSE	FALSE
Fam199x	chrX	FALSE	FALSE
Fam204a	chr19	TRUE	FALSE
Fam205a1	chr4	FALSE	FALSE
Fam205c	chr4	TRUE	FALSE
Fam207a	chr10	FALSE	FALSE
Fam209	chr2	FALSE	FALSE
Fam20a	chr11	TRUE	TRUE
Fam20b	chr1	FALSE	TRUE
Fam20c	chr5	TRUE	TRUE
Fam210a	chr18	FALSE	FALSE
Fam210b	chr2	FALSE	FALSE
Fam214a	chr9	TRUE	TRUE
Fam214b	chr4	FALSE	FALSE
Fam216a	chr5	TRUE	FALSE
Fam216b	chr14	TRUE	TRUE
Fam217a	chr13	FALSE	FALSE
Fam217b	chr2	TRUE	FALSE
Fam219a	chr4	TRUE	TRUE
Fam219b	chr9	FALSE	FALSE
Fam220a	chr5	TRUE	FALSE
Fam221a	chr6	TRUE	TRUE
Fam221b	chr4	FALSE	FALSE
Fam222a	chr5	TRUE	TRUE
Fam222b	chr11	TRUE	TRUE
Fam227a	chr15	FALSE	FALSE
Fam227b	chr2	FALSE	FALSE
Fam228a	chr12	TRUE	TRUE
Fam228b	chr12	TRUE	FALSE
Fam229b	chr10	FALSE	FALSE
Fam234a	chr17	TRUE	FALSE
Fam234b	chr6	FALSE	TRUE
Fam240a	chr9	FALSE	FALSE
Fam240b	chr13	FALSE	FALSE
Fam241a	chr3	FALSE	FALSE
Fam241b	chr10	FALSE	FALSE
Fam24a	chr7	TRUE	FALSE
Fam24b	chr7	FALSE	FALSE
Fam25c	chr14	FALSE	FALSE
Fam32a	chr8	FALSE	FALSE
Fam3a	chrX	FALSE	FALSE
Fam3b	chr16	FALSE	TRUE
Fam3c	chr6	TRUE	TRUE
Fam45a	chr19	FALSE	FALSE
Fam47e	chr5	FALSE	FALSE
Fam49a	chr12	FALSE	TRUE
Fam49b	chr15	TRUE	TRUE
Fam50a	chrX	FALSE	FALSE
Fam50b	chr13	FALSE	FALSE
Fam53a	chr5	FALSE	FALSE
Fam53b	chr7	FALSE	FALSE
Fam53c	chr18	TRUE	FALSE
Fam57a	chr11	FALSE	FALSE
Fam57b	chr7	FALSE	FALSE
Fam71b	chr11	FALSE	FALSE
Fam71d	chr12	TRUE	TRUE
Fam71e1	chr7	FALSE	FALSE
Fam71e2	chr7	FALSE	FALSE
Fam71f1	chr6	TRUE	FALSE
Fam71f2	chr6	TRUE	TRUE
Fam72a	chr1	FALSE	FALSE
Fam76a	chr4	FALSE	FALSE
Fam76b	chr9	TRUE	FALSE
Fam78a	chr2	TRUE	TRUE
Fam78b	chr1	FALSE	FALSE
Fam81a	chr9	TRUE	TRUE
Fam81b	chr13	FALSE	FALSE
Fam83a	chr15	FALSE	FALSE
Fam83b	chr9	FALSE	FALSE
Fam83c	chr2	FALSE	FALSE
Fam83d	chr2	FALSE	FALSE
Fam83e	chr7	TRUE	FALSE
Fam83f	chr15	TRUE	FALSE
Fam83g	chr11	TRUE	TRUE
Fam83h	chr15	TRUE	FALSE
Fam89a	chr8	FALSE	FALSE
Fam89b	chr19	TRUE	FALSE
Fam8a1	chr13	TRUE	FALSE
Fam90a1a	chr8	TRUE	FALSE
Fam90a1b	chrX	TRUE	FALSE
Fam91a1	chr15	FALSE	FALSE
Fam92a	chr4	FALSE	TRUE
Fam92b	chr8	TRUE	TRUE
Fam98a	chr17	TRUE	FALSE
Fam98b	chr2	TRUE	FALSE
Fam98c	chr7	FALSE	FALSE
Fan1	chr7	TRUE	FALSE
Fanca	chr8	FALSE	FALSE
Fancb	chrX	TRUE	FALSE
Fancc	chr13	FALSE	TRUE
Fancd2	chr6	FALSE	FALSE
Fancd2os	chr6	FALSE	FALSE
Fance	chr17	FALSE	FALSE
Fancg	chr4	FALSE	FALSE
Fanci	chr7	FALSE	TRUE
Fancl	chr11	FALSE	FALSE
Fancm	chr12	FALSE	TRUE
Fank1	chr7	FALSE	FALSE
Fap	chr2	FALSE	FALSE
Far1	chr7	FALSE	TRUE
Far2	chr6	FALSE	TRUE
Farp1	chr14	TRUE	TRUE
Farp2	chr1	TRUE	TRUE
Fars2	chr13	FALSE	TRUE
Farsa	chr8	FALSE	FALSE
Farsb	chr1	FALSE	TRUE
Fas	chr19	FALSE	FALSE
Fasl	chr1	TRUE	FALSE
Fasn	chr11	FALSE	FALSE
Fastk	chr5	FALSE	FALSE
Fastkd1	chr2	FALSE	FALSE
Fastkd2	chr1	FALSE	FALSE
Fastkd3	chr13	FALSE	FALSE
Fastkd5	chr2	FALSE	FALSE
Fat1	chr8	FALSE	FALSE
Fat2	chr11	FALSE	TRUE
Fat3	chr9	FALSE	TRUE
Fat4	chr3	FALSE	FALSE
Fate1	chrX	FALSE	FALSE
Fau	chr19	TRUE	FALSE
Faxc	chr4	TRUE	TRUE
Fbf1	chr11	TRUE	TRUE
Fbh1	chr2	TRUE	TRUE
Fbl	chr7	FALSE	FALSE
Fblim1	chr4	FALSE	FALSE
Fbln1	chr15	TRUE	FALSE
Fbln2	chr6	TRUE	TRUE
Fbln5	chr12	TRUE	TRUE
Fbln7	chr2	TRUE	TRUE
Fbn1	chr2	FALSE	FALSE
Fbn2	chr18	FALSE	FALSE
Fbp1	chr13	FALSE	TRUE
Fbp2	chr13	FALSE	FALSE
Fbrs	chr7	FALSE	FALSE
Fbrsl1	chr5	TRUE	TRUE
Fbxl12	chr9	FALSE	FALSE
Fbxl13	chr5	FALSE	FALSE
Fbxl15	chr19	FALSE	FALSE
Fbxl16	chr17	FALSE	FALSE
Fbxl17	chr17	TRUE	TRUE
Fbxl18	chr5	TRUE	TRUE
Fbxl19	chr7	FALSE	FALSE
Fbxl2	chr9	TRUE	TRUE
Fbxl20	chr11	TRUE	TRUE
Fbxl21	chr13	TRUE	FALSE
Fbxl22	chr9	TRUE	FALSE
Fbxl3	chr14	TRUE	FALSE
Fbxl4	chr4	FALSE	TRUE
Fbxl5	chr5	FALSE	TRUE
Fbxl6	chr15	FALSE	FALSE
Fbxl7	chr15	FALSE	FALSE
Fbxl8	chr8	TRUE	TRUE
Fbxo10	chr4	TRUE	TRUE
Fbxo11	chr17	TRUE	TRUE
Fbxo15	chr18	FALSE	FALSE
Fbxo16	chr14	FALSE	FALSE
Fbxo17	chr7	FALSE	FALSE
Fbxo2	chr4	TRUE	TRUE
Fbxo21	chr5	FALSE	FALSE
Fbxo22	chr9	FALSE	FALSE
Fbxo24	chr5	TRUE	TRUE
Fbxo25	chr8	FALSE	FALSE
Fbxo27	chr7	TRUE	FALSE
Fbxo28	chr1	FALSE	FALSE
Fbxo3	chr2	FALSE	FALSE
Fbxo30	chr10	FALSE	FALSE
Fbxo31	chr8	TRUE	FALSE
Fbxo32	chr15	FALSE	FALSE
Fbxo33	chr12	TRUE	TRUE
Fbxo34	chr14	FALSE	TRUE
Fbxo36	chr1	FALSE	FALSE
Fbxo38	chr18	FALSE	FALSE
Fbxo39	chr11	FALSE	FALSE
Fbxo4	chr15	FALSE	FALSE
Fbxo40	chr16	TRUE	FALSE
Fbxo41	chr6	TRUE	TRUE
Fbxo42	chr4	TRUE	TRUE
Fbxo43	chr15	TRUE	FALSE
Fbxo44	chr4	FALSE	FALSE
Fbxo45	chr16	TRUE	TRUE
Fbxo46	chr7	FALSE	FALSE
Fbxo47	chr11	FALSE	FALSE
Fbxo48	chr11	FALSE	FALSE
Fbxo5	chr10	FALSE	FALSE
Fbxo6	chr4	TRUE	TRUE
Fbxo7	chr10	FALSE	FALSE
Fbxo8	chr8	FALSE	FALSE
Fbxo9	chr9	FALSE	FALSE
Fbxw10	chr11	FALSE	FALSE
Fbxw11	chr11	TRUE	TRUE
Fbxw13	chr9	TRUE	FALSE
Fbxw14	chr9	FALSE	FALSE
Fbxw15	chr9	TRUE	FALSE
Fbxw16	chr9	FALSE	FALSE
Fbxw17	chr13	FALSE	FALSE
Fbxw18	chr9	FALSE	FALSE
Fbxw19	chr9	FALSE	FALSE
Fbxw2	chr2	TRUE	TRUE
Fbxw20	chr9	TRUE	FALSE
Fbxw21	chr9	FALSE	FALSE
Fbxw22	chr9	FALSE	FALSE
Fbxw24	chr9	FALSE	FALSE
Fbxw25	chr9	FALSE	FALSE
Fbxw26	chr9	FALSE	FALSE
Fbxw27	chr9	FALSE	FALSE
Fbxw28	chr9	TRUE	TRUE
Fbxw4	chr19	TRUE	TRUE
Fbxw5	chr2	FALSE	FALSE
Fbxw7	chr3	FALSE	TRUE
Fbxw8	chr5	TRUE	TRUE
Fbxw9	chr8	FALSE	FALSE
Fcamr	chr1	FALSE	FALSE
Fcer1a	chr1	TRUE	FALSE
Fcer1g	chr1	FALSE	FALSE
Fcer2a	chr8	FALSE	FALSE
Fcf1	chr12	FALSE	FALSE
Fcgbp	chr7	FALSE	FALSE
Fcgr1	chr3	TRUE	FALSE
Fcgr2b	chr1	FALSE	FALSE
Fcgr3	chr1	TRUE	FALSE
Fcgr4	chr1	FALSE	FALSE
Fcgrt	chr7	FALSE	FALSE
Fcho1	chr8	FALSE	FALSE
Fcho2	chr13	TRUE	TRUE
Fchsd1	chr18	TRUE	FALSE
Fchsd2	chr7	TRUE	TRUE
Fcmr	chr1	TRUE	TRUE
Fcna	chr2	FALSE	FALSE
Fcnb	chr2	TRUE	FALSE
Fcor	chr8	FALSE	FALSE
Fcrl1	chr3	TRUE	TRUE
Fcrl5	chr3	FALSE	TRUE
Fcrl6	chr1	FALSE	FALSE
Fcrla	chr1	TRUE	FALSE
Fcrlb	chr1	FALSE	FALSE
Fcrls	chr3	TRUE	FALSE
Fcsk	chr8	FALSE	FALSE
Fdft1	chr14	FALSE	FALSE
Fdps	chr3	TRUE	FALSE
Fdx1	chr9	FALSE	FALSE
Fdx2	chr9	TRUE	FALSE
Fdxacb1	chr9	TRUE	FALSE
Fdxr	chr11	FALSE	FALSE
Fech	chr18	FALSE	FALSE
Fem1b	chr9	TRUE	FALSE
Fem1c	chr18	FALSE	FALSE
Fen1	chr19	FALSE	FALSE
Fer	chr17	FALSE	TRUE
Fer1l4	chr2	FALSE	TRUE
Fer1l5	chr1	TRUE	TRUE
Fer1l6	chr15	FALSE	TRUE
Fermt1	chr2	FALSE	TRUE
Fermt2	chr14	TRUE	TRUE
Fermt3	chr19	FALSE	FALSE
Fes	chr7	TRUE	FALSE
Fetub	chr16	TRUE	FALSE
Fev	chr1	TRUE	FALSE
Fez1	chr9	FALSE	FALSE
Fez2	chr17	FALSE	FALSE
Fezf1	chr6	FALSE	FALSE
Fezf2	chr14	TRUE	TRUE
Ffar2	chr7	TRUE	FALSE
Ffar4	chr19	FALSE	FALSE
Fga	chr3	FALSE	FALSE
Fgb	chr3	TRUE	FALSE
Fgd1	chrX	FALSE	TRUE
Fgd2	chr17	TRUE	FALSE
Fgd3	chr13	TRUE	TRUE
Fgd4	chr16	FALSE	TRUE
Fgd5	chr6	TRUE	TRUE
Fgd6	chr10	FALSE	FALSE
Fgf1	chr18	FALSE	FALSE
Fgf10	chr13	FALSE	FALSE
Fgf11	chr11	TRUE	FALSE
Fgf12	chr16	FALSE	TRUE
Fgf13	chrX	FALSE	FALSE
Fgf14	chr14	TRUE	TRUE
Fgf15	chr7	TRUE	FALSE
Fgf16	chrX	TRUE	FALSE
Fgf17	chr14	TRUE	FALSE
Fgf18	chr11	TRUE	FALSE
Fgf2	chr3	FALSE	FALSE
Fgf20	chr8	FALSE	FALSE
Fgf21	chr7	FALSE	FALSE
Fgf22	chr10	TRUE	FALSE
Fgf23	chr6	FALSE	FALSE
Fgf3	chr7	FALSE	FALSE
Fgf4	chr7	TRUE	TRUE
Fgf5	chr5	TRUE	TRUE
Fgf6	chr6	FALSE	FALSE
Fgf7	chr2	FALSE	FALSE
Fgf8	chr19	TRUE	FALSE
Fgf9	chr14	FALSE	FALSE
Fgfbp1	chr5	FALSE	FALSE
Fgfbp3	chr19	TRUE	FALSE
Fgfr1	chr8	FALSE	FALSE
Fgfr1op	chr17	FALSE	FALSE
Fgfr1op2	chr6	TRUE	TRUE
Fgfr2	chr7	FALSE	TRUE
Fgfr3	chr5	TRUE	TRUE
Fgfr4	chr13	TRUE	TRUE
Fgfrl1	chr5	FALSE	FALSE
Fgg	chr3	FALSE	FALSE
Fggy	chr4	FALSE	FALSE
Fgl1	chr8	FALSE	FALSE
Fgl2	chr5	FALSE	FALSE
Fgr	chr4	FALSE	FALSE
Fh1	chr1	FALSE	FALSE
Fhad1	chr4	TRUE	TRUE
Fhdc1	chr3	FALSE	FALSE
Fhit	chr14	FALSE	FALSE
Fhl1	chrX	TRUE	TRUE
Fhl2	chr1	FALSE	FALSE
Fhl3	chr4	TRUE	FALSE
Fhl4	chr10	FALSE	FALSE
Fhl5	chr4	FALSE	FALSE
Fhod1	chr8	FALSE	FALSE
Fhod3	chr18	FALSE	FALSE
Fibcd1	chr2	TRUE	TRUE
Fibp	chr19	FALSE	FALSE
Ficd	chr5	TRUE	FALSE
Fig4	chr10	FALSE	TRUE
Figla	chr6	TRUE	FALSE
Fign	chr2	TRUE	TRUE
Fignl1	chr11	TRUE	FALSE
Fignl2	chr15	TRUE	TRUE
Filip1	chr9	FALSE	TRUE
Filip1l	chr16	FALSE	TRUE
Fip1l1	chr5	FALSE	TRUE
Fis1	chr5	FALSE	FALSE
Fitm1	chr14	FALSE	FALSE
Fitm2	chr2	FALSE	FALSE
Fiz1	chr7	FALSE	FALSE
Fkbp10	chr11	TRUE	FALSE
Fkbp11	chr15	FALSE	FALSE
Fkbp14	chr6	FALSE	FALSE
Fkbp15	chr4	FALSE	FALSE
Fkbp1a	chr2	TRUE	FALSE
Fkbp1b	chr12	TRUE	FALSE
Fkbp2	chr19	TRUE	FALSE
Fkbp3	chr12	FALSE	FALSE
Fkbp4	chr6	FALSE	FALSE
Fkbp5	chr17	TRUE	TRUE
Fkbp6	chr5	FALSE	FALSE
Fkbp7	chr2	FALSE	FALSE
Fkbp8	chr8	TRUE	FALSE
Fkbp9	chr6	FALSE	TRUE
Fkbpl	chr17	FALSE	FALSE
Fkrp	chr7	TRUE	FALSE
Fktn	chr4	FALSE	FALSE
Flacc1	chr1	FALSE	FALSE
Flad1	chr3	TRUE	FALSE
Flcn	chr11	TRUE	FALSE
Flg	chr3	TRUE	FALSE
Flg2	chr3	FALSE	FALSE
Fli1	chr9	FALSE	FALSE
Flii	chr11	FALSE	FALSE
Flna	chrX	FALSE	FALSE
Flnb	chr14	TRUE	TRUE
Flnc	chr6	FALSE	FALSE
Flot1	chr17	FALSE	FALSE
Flot2	chr11	FALSE	TRUE
Flrt1	chr19	TRUE	FALSE
Flrt2	chr12	FALSE	FALSE
Flrt3	chr2	FALSE	FALSE
Flt1	chr5	FALSE	TRUE
Flt3	chr5	TRUE	TRUE
Flt3l	chr7	FALSE	FALSE
Flt4	chr11	FALSE	TRUE
Flvcr1	chr1	FALSE	FALSE
Flvcr2	chr12	FALSE	FALSE
Flywch1	chr17	TRUE	TRUE
Flywch2	chr17	FALSE	FALSE
Fmc1	chr6	TRUE	FALSE
Fmn1	chr2	TRUE	TRUE
Fmn2	chr1	TRUE	TRUE
Fmnl1	chr11	FALSE	FALSE
Fmnl2	chr2	TRUE	TRUE
Fmnl3	chr15	TRUE	TRUE
Fmo1	chr1	FALSE	FALSE
Fmo2	chr1	FALSE	FALSE
Fmo3	chr1	FALSE	TRUE
Fmo4	chr1	TRUE	TRUE
Fmo5	chr3	TRUE	TRUE
Fmo6	chr1	TRUE	TRUE
Fmo9	chr1	TRUE	FALSE
Fmod	chr1	TRUE	FALSE
Fmr1	chrX	FALSE	FALSE
Fmr1nb	chrX	FALSE	TRUE
Fn1	chr1	FALSE	FALSE
Fn3k	chr11	FALSE	FALSE
Fn3krp	chr11	FALSE	FALSE
Fnbp1	chr2	TRUE	TRUE
Fnbp1l	chr3	FALSE	FALSE
Fnbp4	chr2	TRUE	FALSE
Fnd3c2	chrX	FALSE	FALSE
Fndc1	chr17	FALSE	TRUE
Fndc11	chr2	TRUE	FALSE
Fndc3a	chr14	FALSE	FALSE
Fndc3b	chr3	FALSE	FALSE
Fndc3c1	chrX	FALSE	FALSE
Fndc4	chr5	FALSE	FALSE
Fndc5	chr4	FALSE	FALSE
Fndc7	chr3	FALSE	FALSE
Fndc8	chr11	TRUE	FALSE
Fndc9	chr11	FALSE	FALSE
Fnip1	chr11	FALSE	FALSE
Fnip2	chr3	TRUE	TRUE
Fnta	chr8	TRUE	FALSE
Fntb	chr12	FALSE	FALSE
Focad	chr4	FALSE	FALSE
Folh1	chr7	FALSE	TRUE
Folr1	chr7	FALSE	FALSE
Folr2	chr7	FALSE	FALSE
Fopnl	chr16	TRUE	TRUE
Fos	chr12	FALSE	FALSE
Fosb	chr7	FALSE	FALSE
Fosl1	chr19	FALSE	FALSE
Fosl2	chr5	TRUE	TRUE
Foxa1	chr12	FALSE	FALSE
Foxa2	chr2	TRUE	FALSE
Foxa3	chr7	TRUE	TRUE
Foxb1	chr9	TRUE	FALSE
Foxf1	chr8	TRUE	FALSE
Foxf2	chr13	FALSE	FALSE
Foxh1	chr15	TRUE	FALSE
Foxi1	chr11	TRUE	FALSE
Foxi2	chr7	FALSE	FALSE
Foxi3	chr6	FALSE	FALSE
Foxj1	chr11	TRUE	TRUE
Foxj2	chr6	FALSE	FALSE
Foxj3	chr4	TRUE	TRUE
Foxk1	chr5	TRUE	TRUE
Foxk2	chr11	FALSE	FALSE
Foxm1	chr6	TRUE	FALSE
Foxn1	chr11	TRUE	TRUE
Foxn2	chr17	FALSE	FALSE
Foxn3	chr12	TRUE	TRUE
Foxn4	chr5	TRUE	FALSE
Foxo1	chr3	TRUE	TRUE
Foxo3	chr10	FALSE	TRUE
Foxo4	chrX	FALSE	FALSE
Foxo6	chr4	TRUE	TRUE
Foxp1	chr6	TRUE	TRUE
Foxp2	chr6	FALSE	FALSE
Foxp3	chrX	TRUE	FALSE
Foxp4	chr17	TRUE	TRUE
Foxr1	chr9	TRUE	FALSE
Foxr2	chrX	TRUE	FALSE
Foxred1	chr9	TRUE	FALSE
Foxred2	chr15	FALSE	FALSE
Fpgs	chr2	FALSE	FALSE
Fpgt	chr3	TRUE	FALSE
Fpr1	chr17	TRUE	FALSE
Fpr2	chr17	TRUE	FALSE
Fpr3	chr17	FALSE	FALSE
Fra10ac1	chr19	FALSE	FALSE
Fras1	chr5	FALSE	FALSE
Frem1	chr4	FALSE	FALSE
Frem2	chr3	FALSE	FALSE
Frem3	chr8	FALSE	TRUE
Frg1	chr8	FALSE	FALSE
Frg2f1	chr4	FALSE	FALSE
Frk	chr10	FALSE	FALSE
Frmd3	chr4	FALSE	FALSE
Frmd4a	chr2	TRUE	TRUE
Frmd4b	chr6	TRUE	TRUE
Frmd5	chr2	TRUE	TRUE
Frmd6	chr12	FALSE	FALSE
Frmd7	chrX	FALSE	FALSE
Frmd8	chr19	TRUE	TRUE
Frmpd1	chr4	TRUE	TRUE
Frmpd2	chr14	FALSE	FALSE
Frmpd3	chrX	FALSE	FALSE
Frmpd4	chrX	FALSE	FALSE
Frrs1	chr3	FALSE	FALSE
Frrs1l	chr4	TRUE	TRUE
Frs2	chr10	TRUE	TRUE
Frs3	chr17	TRUE	FALSE
Fry	chr5	FALSE	TRUE
Fryl	chr5	TRUE	TRUE
Frzb	chr2	FALSE	FALSE
Fsbp	chr4	FALSE	FALSE
Fscn1	chr5	TRUE	FALSE
Fscn2	chr11	TRUE	TRUE
Fscn3	chr6	FALSE	FALSE
Fsd1	chr17	TRUE	TRUE
Fsd1l	chr4	FALSE	FALSE
Fsd2	chr7	FALSE	FALSE
Fshb	chr2	FALSE	FALSE
Fshr	chr17	FALSE	FALSE
Fsip1	chr2	TRUE	TRUE
Fsip2	chr2	FALSE	FALSE
Fsip2l	chrX	FALSE	FALSE
Fst	chr13	FALSE	FALSE
Fstl1	chr16	TRUE	FALSE
Fstl3	chr10	TRUE	FALSE
Fstl4	chr11	TRUE	TRUE
Fstl5	chr3	FALSE	FALSE
Ftcd	chr10	TRUE	FALSE
Ftdc1	chr16	TRUE	FALSE
Ftdc2	chr16	FALSE	FALSE
Fth1	chr19	FALSE	FALSE
Fthl17a	chrX	FALSE	FALSE
Ftl1	chr7	FALSE	FALSE
Ftl1-ps1	chr13	TRUE	FALSE
Fto	chr8	TRUE	TRUE
Ftsj1	chrX	TRUE	FALSE
Ftsj3	chr11	TRUE	FALSE
Fubp1	chr3	FALSE	FALSE
Fubp3	chr2	FALSE	TRUE
Fuca1	chr4	FALSE	FALSE
Fuca2	chr10	TRUE	FALSE
Fundc1	chrX	FALSE	FALSE
Fundc2	chrX	FALSE	FALSE
Fuom	chr7	FALSE	FALSE
Furin	chr7	TRUE	TRUE
Fus	chr7	FALSE	FALSE
Fut1	chr7	TRUE	FALSE
Fut10	chr8	TRUE	TRUE
Fut11	chr14	TRUE	FALSE
Fut2	chr7	FALSE	FALSE
Fut7	chr2	FALSE	FALSE
Fut8	chr12	FALSE	TRUE
Fut9	chr4	FALSE	FALSE
Fuz	chr7	FALSE	FALSE
Fxn	chr19	FALSE	FALSE
Fxr1	chr3	FALSE	FALSE
Fxr2	chr11	FALSE	FALSE
Fxyd1	chr7	FALSE	FALSE
Fxyd2	chr9	TRUE	FALSE
Fxyd3	chr7	TRUE	FALSE
Fxyd4	chr6	FALSE	FALSE
Fxyd5	chr7	FALSE	FALSE
Fxyd6	chr9	FALSE	FALSE
Fxyd7	chr7	TRUE	FALSE
Fyb	chr15	FALSE	FALSE
Fyb2	chr4	FALSE	FALSE
Fyco1	chr9	FALSE	TRUE
Fyn	chr10	TRUE	TRUE
Fyttd1	chr16	FALSE	FALSE
Fzd3	chr14	TRUE	TRUE
Fzd4	chr7	FALSE	FALSE
Fzd5	chr1	FALSE	FALSE
Fzd6	chr15	TRUE	TRUE
Fzr1	chr10	FALSE	FALSE
G0s2	chr1	FALSE	FALSE
G2e3	chr12	FALSE	TRUE
G3bp1	chr11	TRUE	FALSE
G3bp2	chr5	FALSE	FALSE
G430095P16Rik	chr8	FALSE	FALSE
G530012D18Rik	chr1	FALSE	FALSE
G6pc	chr11	FALSE	FALSE
G6pc2	chr2	FALSE	FALSE
G6pc3	chr11	FALSE	FALSE
G6pdx	chrX	FALSE	FALSE
Gaa	chr11	FALSE	FALSE
Gab1	chr8	FALSE	FALSE
Gab2	chr7	FALSE	TRUE
Gab3	chrX	FALSE	TRUE
Gabarap	chr11	FALSE	FALSE
Gabarapl1	chr6	FALSE	FALSE
Gabarapl2	chr8	FALSE	FALSE
Gabbr1	chr17	TRUE	FALSE
Gabbr2	chr4	TRUE	TRUE
Gabpa	chr16	FALSE	FALSE
Gabpb1	chr2	TRUE	TRUE
Gabpb2	chr3	TRUE	TRUE
Gabra1	chr11	TRUE	TRUE
Gabra2	chr5	FALSE	FALSE
Gabra3	chrX	FALSE	FALSE
Gabra4	chr5	FALSE	FALSE
Gabra5	chr7	FALSE	FALSE
Gabra6	chr11	FALSE	FALSE
Gabrb1	chr5	FALSE	FALSE
Gabrb2	chr11	TRUE	TRUE
Gabrb3	chr7	TRUE	TRUE
Gabrd	chr4	FALSE	FALSE
Gabre	chrX	TRUE	FALSE
Gabrg1	chr5	FALSE	FALSE
Gabrg2	chr11	FALSE	FALSE
Gabrg3	chr7	FALSE	FALSE
Gabrp	chr11	TRUE	TRUE
Gabrq	chrX	FALSE	FALSE
Gabrr1	chr4	FALSE	FALSE
Gabrr2	chr4	FALSE	FALSE
Gabrr3	chr16	FALSE	TRUE
Gad1	chr2	TRUE	TRUE
Gad2	chr2	FALSE	FALSE
Gadd45a	chr6	TRUE	FALSE
Gadd45b	chr10	FALSE	FALSE
Gadd45g	chr13	TRUE	FALSE
Gadd45gip1	chr8	FALSE	FALSE
Gadl1	chr9	FALSE	FALSE
Gak	chr5	FALSE	FALSE
Gal	chr19	FALSE	FALSE
Gal3st1	chr11	FALSE	FALSE
Gal3st2	chr1	FALSE	FALSE
Gal3st2b	chr1	FALSE	FALSE
Gal3st2c	chr1	TRUE	FALSE
Gal3st3	chr19	FALSE	FALSE
Gal3st4	chr5	FALSE	FALSE
Galc	chr12	TRUE	TRUE
Gale	chr4	FALSE	FALSE
Galk1	chr11	TRUE	FALSE
Galk2	chr2	FALSE	TRUE
Galm	chr17	FALSE	FALSE
Galns	chr8	TRUE	TRUE
Galnt1	chr18	FALSE	TRUE
Galnt10	chr11	FALSE	TRUE
Galnt11	chr5	TRUE	FALSE
Galnt12	chr4	FALSE	FALSE
Galnt13	chr2	TRUE	TRUE
Galnt14	chr17	FALSE	TRUE
Galnt15	chr14	FALSE	FALSE
Galnt16	chr12	TRUE	TRUE
Galnt17	chr5	TRUE	TRUE
Galnt18	chr7	TRUE	TRUE
Galnt2	chr8	FALSE	TRUE
Galnt2l	chr8	TRUE	TRUE
Galnt3	chr2	TRUE	TRUE
Galnt5	chr2	FALSE	FALSE
Galnt6	chr15	FALSE	FALSE
Galnt7	chr8	FALSE	FALSE
Galnt9	chr5	TRUE	TRUE
Galntl5	chr5	TRUE	FALSE
Galntl6	chr8	FALSE	FALSE
Galp	chr7	FALSE	FALSE
Galr1	chr18	TRUE	FALSE
Galr2	chr11	FALSE	FALSE
Galr3	chr15	FALSE	FALSE
Galt	chr4	FALSE	FALSE
Gamt	chr10	FALSE	FALSE
Gan	chr8	TRUE	TRUE
Ganab	chr19	FALSE	FALSE
Ganc	chr2	FALSE	FALSE
Gap43	chr16	FALSE	FALSE
Gapdh	chr6	TRUE	FALSE
Gapdhs	chr7	TRUE	FALSE
Gapt	chr13	FALSE	FALSE
Gapvd1	chr2	TRUE	TRUE
Gar1	chr3	FALSE	FALSE
Garem1	chr18	TRUE	TRUE
Garem2	chr5	TRUE	FALSE
Garnl3	chr2	TRUE	TRUE
Gars	chr6	TRUE	TRUE
Gart	chr16	TRUE	TRUE
Gas2	chr7	TRUE	TRUE
Gas2l1	chr11	TRUE	TRUE
Gas2l2	chr11	TRUE	FALSE
Gas2l3	chr10	FALSE	FALSE
Gas6	chr8	TRUE	TRUE
Gas7	chr11	FALSE	FALSE
Gas8	chr8	TRUE	FALSE
Gask1a	chr9	FALSE	FALSE
Gask1b	chr3	FALSE	TRUE
Gast	chr11	FALSE	FALSE
Gata1	chrX	FALSE	FALSE
Gata2	chr6	FALSE	FALSE
Gata3	chr2	TRUE	TRUE
Gata4	chr14	FALSE	FALSE
Gata5	chr2	TRUE	FALSE
Gata6	chr18	FALSE	FALSE
Gatad1	chr5	FALSE	FALSE
Gatad2a	chr8	TRUE	TRUE
Gatad2b	chr3	FALSE	TRUE
Gatb	chr3	FALSE	FALSE
Gatc	chr5	FALSE	FALSE
Gatd1	chr7	FALSE	FALSE
Gatd3a	chr10	FALSE	FALSE
Gatm	chr2	FALSE	FALSE
Gba	chr3	TRUE	TRUE
Gba2	chr4	FALSE	FALSE
Gbe1	chr16	FALSE	TRUE
Gbf1	chr19	TRUE	TRUE
Gbgt1	chr2	TRUE	FALSE
Gbp10	chr5	FALSE	FALSE
Gbp2	chr3	TRUE	TRUE
Gbp2b	chr3	FALSE	FALSE
Gbp3	chr3	TRUE	TRUE
Gbp4	chr5	FALSE	FALSE
Gbp5	chr3	TRUE	TRUE
Gbp6	chr5	FALSE	FALSE
Gbp7	chr3	TRUE	TRUE
Gbp8	chr5	FALSE	FALSE
Gbp9	chr5	FALSE	FALSE
Gbx1	chr5	TRUE	TRUE
Gbx2	chr1	FALSE	FALSE
Gc	chr5	FALSE	FALSE
Gca	chr2	FALSE	FALSE
Gcat	chr15	TRUE	FALSE
Gcc1	chr6	FALSE	FALSE
Gcc2	chr10	FALSE	TRUE
Gcdh	chr8	TRUE	FALSE
Gcfc2	chr6	FALSE	TRUE
Gcg	chr2	TRUE	FALSE
Gcgr	chr11	TRUE	TRUE
Gch1	chr14	TRUE	TRUE
Gchfr	chr2	TRUE	FALSE
Gck	chr11	FALSE	FALSE
Gckr	chr5	FALSE	FALSE
Gclc	chr9	FALSE	TRUE
Gclm	chr3	FALSE	FALSE
Gcm1	chr9	FALSE	FALSE
Gcm2	chr13	FALSE	FALSE
Gcn1	chr5	TRUE	TRUE
Gcnt1	chr19	FALSE	FALSE
Gcnt2	chr13	FALSE	TRUE
Gcnt3	chr9	FALSE	FALSE
Gcnt4	chr13	FALSE	FALSE
Gcnt7	chr2	FALSE	FALSE
Gcsam	chr16	FALSE	FALSE
Gcsh	chr8	FALSE	FALSE
Gda	chr19	TRUE	FALSE
Gdap1	chr1	FALSE	FALSE
Gdap1l1	chr2	TRUE	FALSE
Gdap2	chr3	FALSE	TRUE
Gde1	chr7	FALSE	FALSE
Gdf1	chr8	FALSE	FALSE
Gdf10	chr14	TRUE	FALSE
Gdf11	chr10	FALSE	FALSE
Gdf15	chr8	FALSE	FALSE
Gdf2	chr14	FALSE	FALSE
Gdf3	chr6	FALSE	FALSE
Gdf5	chr2	TRUE	FALSE
Gdf6	chr4	FALSE	FALSE
Gdf7	chr12	TRUE	FALSE
Gdf9	chr11	TRUE	TRUE
Gdi1	chrX	TRUE	FALSE
Gdi2	chr13	FALSE	FALSE
Gdnf	chr15	FALSE	FALSE
Gdpd1	chr11	TRUE	TRUE
Gdpd2	chrX	TRUE	FALSE
Gdpd3	chr7	FALSE	FALSE
Gdpd4	chr7	FALSE	FALSE
Gdpd5	chr7	TRUE	TRUE
Gdpgp1	chr7	FALSE	FALSE
Gem	chr4	TRUE	TRUE
Gemin2	chr12	FALSE	FALSE
Gemin4	chr11	FALSE	FALSE
Gemin5	chr11	FALSE	FALSE
Gemin6	chr17	FALSE	FALSE
Gemin7	chr7	FALSE	FALSE
Gemin8	chrX	FALSE	FALSE
Gen1	chr12	FALSE	FALSE
Get1	chr16	FALSE	FALSE
Get4	chr5	TRUE	FALSE
Gfap	chr11	FALSE	FALSE
Gfer	chr17	TRUE	FALSE
Gfi1	chr5	TRUE	FALSE
Gfi1b	chr2	FALSE	FALSE
Gfm1	chr3	FALSE	FALSE
Gfm2	chr13	FALSE	FALSE
Gfod1	chr13	FALSE	FALSE
Gfod2	chr8	TRUE	TRUE
Gfpt1	chr6	TRUE	TRUE
Gfpt2	chr11	TRUE	FALSE
Gfra1	chr19	TRUE	TRUE
Gfra2	chr14	FALSE	FALSE
Gfra3	chr18	TRUE	FALSE
Gfra4	chr2	TRUE	FALSE
Gfral	chr9	FALSE	TRUE
Gfy	chr7	FALSE	FALSE
Gga1	chr15	FALSE	FALSE
Gga2	chr7	TRUE	FALSE
Gga3	chr11	FALSE	FALSE
Ggact	chr14	FALSE	FALSE
Ggct	chr6	FALSE	FALSE
Ggcx	chr6	TRUE	TRUE
Ggh	chr4	FALSE	TRUE
Ggn	chr7	TRUE	FALSE
Ggnbp1	chr17	TRUE	TRUE
Ggnbp2	chr11	TRUE	FALSE
Ggps1	chr13	FALSE	FALSE
Ggt1	chr10	FALSE	FALSE
Ggt5	chr10	FALSE	FALSE
Ggt6	chr11	FALSE	FALSE
Ggt7	chr2	FALSE	FALSE
Ggta1	chr2	TRUE	TRUE
Gh	chr11	TRUE	FALSE
Ghdc	chr11	TRUE	FALSE
Ghitm	chr14	FALSE	FALSE
Ghr	chr15	FALSE	TRUE
Ghrh	chr2	FALSE	FALSE
Ghrhr	chr6	TRUE	TRUE
Ghrl	chr6	TRUE	FALSE
Ghsr	chr3	FALSE	FALSE
Gid4	chr11	FALSE	FALSE
Gid8	chr2	FALSE	FALSE
Gigyf1	chr5	TRUE	TRUE
Gigyf2	chr1	FALSE	TRUE
Gimap1	chr6	FALSE	FALSE
Gimap3	chr6	TRUE	FALSE
Gimap4	chr6	FALSE	FALSE
Gimap5	chr6	FALSE	FALSE
Gimap6	chr6	FALSE	FALSE
Gimap7	chr6	FALSE	FALSE
Gimap8	chr6	FALSE	FALSE
Gimap9	chr6	TRUE	FALSE
Gimd1	chr3	FALSE	TRUE
Gin1	chr1	FALSE	FALSE
Ginm1	chr10	FALSE	FALSE
Gins1	chr2	FALSE	FALSE
Gins2	chr8	TRUE	FALSE
Gins3	chr8	FALSE	FALSE
Gins4	chr8	FALSE	FALSE
Gip	chr11	TRUE	FALSE
Gipc1	chr8	TRUE	FALSE
Gipc2	chr3	FALSE	FALSE
Gipc3	chr10	FALSE	FALSE
Gipr	chr7	TRUE	FALSE
Git1	chr11	FALSE	FALSE
Git2	chr5	TRUE	TRUE
Gja1	chr10	FALSE	FALSE
Gja10	chr4	FALSE	FALSE
Gja3	chr14	FALSE	FALSE
Gja4	chr4	TRUE	FALSE
Gja5	chr3	FALSE	FALSE
Gja6	chrX	TRUE	FALSE
Gja8	chr3	FALSE	FALSE
Gjb1	chrX	TRUE	FALSE
Gjb2	chr14	TRUE	FALSE
Gjb3	chr4	FALSE	FALSE
Gjb4	chr4	TRUE	FALSE
Gjb5	chr4	TRUE	FALSE
Gjb6	chr14	FALSE	FALSE
Gjc1	chr11	TRUE	TRUE
Gjc2	chr11	FALSE	FALSE
Gjc3	chr5	TRUE	TRUE
Gjd2	chr2	TRUE	FALSE
Gjd4	chr18	FALSE	FALSE
Gje1	chr10	TRUE	FALSE
Gk	chrX	TRUE	TRUE
Gk5	chr9	TRUE	TRUE
Gkap1	chr13	FALSE	FALSE
Gkn1	chr6	FALSE	TRUE
Gkn2	chr6	FALSE	FALSE
Gkn3	chr6	TRUE	FALSE
Gla	chrX	FALSE	FALSE
Glb1	chr9	FALSE	TRUE
Glb1l	chr1	FALSE	FALSE
Glb1l2	chr9	TRUE	TRUE
Glb1l3	chr9	FALSE	FALSE
Glcci1	chr6	FALSE	TRUE
Glce	chr9	FALSE	FALSE
Gldc	chr19	TRUE	FALSE
Gldn	chr9	FALSE	FALSE
Gle1	chr2	TRUE	FALSE
Glg1	chr8	TRUE	TRUE
Gli1	chr10	TRUE	FALSE
Gli2	chr1	TRUE	TRUE
Gli3	chr13	FALSE	TRUE
Glipr1	chr10	FALSE	FALSE
Glipr1l1	chr10	FALSE	FALSE
Glipr1l2	chr10	FALSE	FALSE
Glipr1l3	chr10	FALSE	FALSE
Glipr2	chr4	TRUE	FALSE
Glis1	chr4	FALSE	TRUE
Glis2	chr16	FALSE	FALSE
Glis3	chr19	FALSE	TRUE
Glmn	chr5	FALSE	FALSE
Glo1	chr17	FALSE	FALSE
Glod4	chr11	FALSE	TRUE
Glod5	chrX	FALSE	FALSE
Glp1r	chr17	TRUE	TRUE
Glp2r	chr11	FALSE	FALSE
Glra1	chr11	TRUE	TRUE
Glra2	chrX	FALSE	FALSE
Glra3	chr8	FALSE	FALSE
Glra4	chrX	FALSE	FALSE
Glrb	chr3	FALSE	TRUE
Glrp1	chr1	FALSE	FALSE
Glrx	chr13	TRUE	FALSE
Glrx2	chr1	FALSE	FALSE
Glrx3	chr7	FALSE	TRUE
Glrx5	chr12	TRUE	FALSE
Gls	chr1	FALSE	TRUE
Gls2	chr10	TRUE	FALSE
Glt1d1	chr5	TRUE	TRUE
Glt28d2	chr3	TRUE	FALSE
Glt6d1	chr2	TRUE	FALSE
Glt8d1	chr14	FALSE	FALSE
Glt8d2	chr10	FALSE	FALSE
Gltp	chr5	FALSE	FALSE
Gltpd2	chr11	FALSE	FALSE
Glud1	chr14	FALSE	FALSE
Glul	chr1	TRUE	FALSE
Glyat	chr19	FALSE	FALSE
Glyatl3	chr17	FALSE	FALSE
Glycam1	chr15	FALSE	FALSE
Glyctk	chr9	FALSE	FALSE
Glyr1	chr16	FALSE	FALSE
Gm10033	chr8	FALSE	FALSE
Gm10037	chr13	FALSE	FALSE
Gm10130	chr2	FALSE	FALSE
Gm10135	chr5	FALSE	FALSE
Gm10217	chr8	FALSE	FALSE
Gm10220	chr5	TRUE	TRUE
Gm10251	chr14	FALSE	FALSE
Gm10267	chr18	FALSE	FALSE
Gm10271	chr10	TRUE	TRUE
Gm10283	chr8	FALSE	FALSE
Gm10309	chr17	TRUE	TRUE
Gm10320	chr13	FALSE	FALSE
Gm10334	chr6	TRUE	FALSE
Gm10338	chr14	FALSE	FALSE
Gm10340	chr14	TRUE	FALSE
Gm10354	chr5	TRUE	FALSE
Gm10375	chr14	FALSE	FALSE
Gm10376	chr14	FALSE	FALSE
Gm10377	chr14	FALSE	FALSE
Gm10406	chr14	FALSE	FALSE
Gm10424	chr5	TRUE	FALSE
Gm1043	chr5	TRUE	TRUE
Gm10436	chr12	TRUE	FALSE
Gm10439	chrX	FALSE	FALSE
Gm10471	chr5	TRUE	FALSE
Gm10488	chrX	TRUE	FALSE
Gm10542	chr18	TRUE	FALSE
Gm10563	chr4	FALSE	FALSE
Gm10639	chr9	FALSE	FALSE
Gm10663	chr8	FALSE	FALSE
Gm10681	chr3	FALSE	FALSE
Gm10715	chr9	FALSE	FALSE
Gm10717	chr9	FALSE	FALSE
Gm10718	chr9	FALSE	FALSE
Gm10719	chr9	FALSE	FALSE
Gm10720	chr9	FALSE	FALSE
Gm10722	chr9	FALSE	FALSE
Gm10767	chr13	FALSE	FALSE
Gm10775	chr13	TRUE	FALSE
Gm10778	chr10	FALSE	FALSE
Gm10800	chr2	FALSE	FALSE
Gm10801	chr2	FALSE	FALSE
Gm10945	chr10	FALSE	TRUE
Gm10959	chr3	FALSE	FALSE
Gm10961	chr3	TRUE	FALSE
Gm10964	chr3	FALSE	FALSE
Gm10974	chr7	FALSE	FALSE
Gm10999	chr8	FALSE	FALSE
Gm11011	chr2	TRUE	FALSE
Gm11032	chr11	TRUE	FALSE
Gm11037	chr2	FALSE	FALSE
Gm11042	chr12	FALSE	FALSE
Gm11060	chr2	TRUE	FALSE
Gm11077	chr6	FALSE	FALSE
Gm11084	chr2	FALSE	FALSE
Gm11099	chr2	FALSE	TRUE
Gm1110	chr9	FALSE	FALSE
Gm11100	chr14	FALSE	FALSE
Gm11111	chr5	FALSE	FALSE
Gm11116	chr5	FALSE	FALSE
Gm11127	chr17	FALSE	FALSE
Gm1113	chr9	TRUE	FALSE
Gm11146	chr16	FALSE	FALSE
Gm11168	chr9	FALSE	FALSE
Gm11213	chr4	FALSE	FALSE
Gm1123	chr9	TRUE	TRUE
Gm11232	chr4	FALSE	FALSE
Gm11238	chr4	FALSE	FALSE
Gm1141	chrX	FALSE	FALSE
Gm11437	chr11	TRUE	TRUE
Gm11444	chr11	TRUE	FALSE
Gm11487	chr4	FALSE	FALSE
Gm11541	chr11	TRUE	FALSE
Gm11549	chr3	TRUE	FALSE
Gm11627	chr11	TRUE	FALSE
Gm11634	chr11	FALSE	FALSE
Gm11639	chr11	FALSE	TRUE
Gm11733	chr11	TRUE	FALSE
Gm11756	chr4	FALSE	FALSE
Gm11992	chr11	FALSE	FALSE
Gm12169	chr11	FALSE	FALSE
Gm12185	chr11	FALSE	FALSE
Gm12216	chr11	TRUE	TRUE
Gm12248	chr11	FALSE	FALSE
Gm12253	chr11	FALSE	FALSE
Gm12258	chr11	FALSE	FALSE
Gm12353	chr4	FALSE	FALSE
Gm12394	chr4	TRUE	FALSE
Gm12569	chr11	TRUE	FALSE
Gm12666	chr4	TRUE	FALSE
Gm12695	chr4	FALSE	FALSE
Gm12728	chr4	FALSE	FALSE
Gm12789	chr4	FALSE	FALSE
Gm12790	chr4	FALSE	FALSE
Gm12794	chr4	TRUE	FALSE
Gm128	chr3	TRUE	FALSE
Gm12800	chr4	FALSE	FALSE
Gm12830	chr4	FALSE	FALSE
Gm12845	chr4	FALSE	FALSE
Gm12886	chr4	TRUE	FALSE
Gm12887	chr4	FALSE	FALSE
Gm12888	chr4	FALSE	FALSE
Gm13023	chr4	FALSE	FALSE
Gm13030	chr4	TRUE	FALSE
Gm13078	chr4	FALSE	FALSE
Gm13083	chr4	FALSE	FALSE
Gm13084	chr4	FALSE	FALSE
Gm13088	chr4	FALSE	FALSE
Gm13089	chr4	FALSE	FALSE
Gm13090	chr4	TRUE	FALSE
Gm13101	chr4	FALSE	FALSE
Gm13103	chr4	TRUE	FALSE
Gm13119	chr4	FALSE	FALSE
Gm13128	chr4	FALSE	FALSE
Gm13199	chr2	FALSE	FALSE
Gm13212	chr4	FALSE	FALSE
Gm1330	chr2	FALSE	FALSE
Gm13398	chr2	FALSE	FALSE
Gm13420	chr2	FALSE	FALSE
Gm13539	chr2	FALSE	FALSE
Gm13547	chr2	TRUE	FALSE
Gm136	chr4	TRUE	FALSE
Gm13723	chr2	FALSE	FALSE
Gm13941	chr2	FALSE	FALSE
Gm14124	chr2	FALSE	FALSE
Gm14139	chr2	FALSE	FALSE
Gm14226	chr2	FALSE	FALSE
Gm14295	chr2	FALSE	FALSE
Gm14305	chr2	TRUE	FALSE
Gm14322	chr2	TRUE	FALSE
Gm14325	chr2	TRUE	TRUE
Gm14326	chr2	FALSE	FALSE
Gm14327	chr2	TRUE	TRUE
Gm14393	chr2	TRUE	TRUE
Gm14399	chr2	FALSE	FALSE
Gm14401	chr2	FALSE	FALSE
Gm14403	chr2	FALSE	FALSE
Gm14406	chr2	FALSE	FALSE
Gm14409	chr2	FALSE	FALSE
Gm14410	chr2	TRUE	FALSE
Gm14412	chr2	FALSE	FALSE
Gm14418	chr2	TRUE	FALSE
Gm14443	chr2	FALSE	FALSE
Gm14444	chr2	FALSE	FALSE
Gm14459	chrX	FALSE	FALSE
Gm14496	chr2	FALSE	FALSE
Gm14525	chrX	FALSE	FALSE
Gm14548	chr7	TRUE	FALSE
Gm14569	chrX	FALSE	FALSE
Gm14597	chrX	FALSE	FALSE
Gm14632	chrX	FALSE	FALSE
Gm14743	chrX	FALSE	FALSE
Gm14744	chrX	FALSE	FALSE
Gm14862	chrX	FALSE	FALSE
Gm15056	chr8	FALSE	FALSE
Gm15080	chrX	TRUE	FALSE
Gm15085	chrX	FALSE	FALSE
Gm15091	chrX	FALSE	FALSE
Gm15093	chrX	FALSE	FALSE
Gm15097	chrX	FALSE	FALSE
Gm15107	chrX	FALSE	FALSE
Gm15114	chrX	TRUE	FALSE
Gm15127	chrX	FALSE	FALSE
Gm15128	chrX	FALSE	FALSE
Gm15130	chr2	FALSE	FALSE
Gm15155	chrX	FALSE	FALSE
Gm15217	chr14	TRUE	FALSE
Gm15262	chrX	FALSE	FALSE
Gm1527	chr3	FALSE	FALSE
Gm15294	chrX	FALSE	FALSE
Gm15319	chr8	FALSE	FALSE
Gm15446	chr5	FALSE	FALSE
Gm15448	chr7	FALSE	FALSE
Gm1553	chr10	FALSE	FALSE
Gm15557	chr2	FALSE	FALSE
Gm15737	chr6	FALSE	FALSE
Gm1604b	chr17	TRUE	TRUE
Gm16181	chr17	FALSE	FALSE
Gm16223	chr5	TRUE	TRUE
Gm16253	chr3	FALSE	FALSE
Gm16286	chr18	FALSE	FALSE
Gm16427	chr5	TRUE	FALSE
Gm16440	chr14	TRUE	FALSE
Gm16506	chr14	FALSE	FALSE
Gm1673	chr5	TRUE	FALSE
Gm17018	chr19	FALSE	FALSE
Gm17019	chr5	TRUE	FALSE
Gm17026	chr14	TRUE	FALSE
Gm17027	chr14	TRUE	FALSE
Gm17067	chr7	FALSE	FALSE
Gm17078	chr14	TRUE	FALSE
Gm17079	chr14	FALSE	FALSE
Gm17093	chr14	TRUE	FALSE
Gm17124	chr14	FALSE	FALSE
Gm17174	chr14	FALSE	FALSE
Gm17175	chr14	FALSE	FALSE
Gm17266	chr18	FALSE	FALSE
Gm17268	chr11	FALSE	FALSE
Gm17349	chr15	FALSE	FALSE
Gm17359	chr3	FALSE	FALSE
Gm17374	chr2	FALSE	FALSE
Gm17402	chr3	FALSE	FALSE
Gm17416	chr2	FALSE	FALSE
Gm17455	chr10	TRUE	FALSE
Gm17482	chr6	FALSE	FALSE
Gm17490	chr2	TRUE	FALSE
Gm17535	chr9	FALSE	FALSE
Gm17542	chr10	TRUE	FALSE
Gm17545	chr9	FALSE	FALSE
Gm17571	chr9	TRUE	FALSE
Gm17606	chr14	FALSE	FALSE
Gm17617	chr13	TRUE	FALSE
Gm17631	chr6	FALSE	FALSE
Gm17651	chr3	FALSE	FALSE
Gm17654	chr14	TRUE	FALSE
Gm17655	chr5	FALSE	FALSE
Gm17657	chr17	FALSE	FALSE
Gm17660	chr5	FALSE	FALSE
Gm17662	chr4	TRUE	FALSE
Gm17720	chr8	FALSE	FALSE
Gm17783	chr16	TRUE	FALSE
Gm17949	chr17	FALSE	FALSE
Gm19345	chr7	TRUE	FALSE
Gm19410	chr8	FALSE	FALSE
Gm19426	chr2	TRUE	FALSE
Gm19684	chr17	FALSE	FALSE
Gm1979	chr5	FALSE	FALSE
Gm1993	chrX	FALSE	FALSE
Gm19935	chr8	TRUE	TRUE
Gm19965	chr1	FALSE	FALSE
Gm2012	chrX	FALSE	FALSE
Gm2016	chr12	FALSE	FALSE
Gm20219	chr17	TRUE	FALSE
Gm2030	chrX	TRUE	TRUE
Gm20390	chr11	FALSE	FALSE
Gm2042	chr12	FALSE	FALSE
Gm20422	chr8	FALSE	FALSE
Gm20431	chr2	FALSE	FALSE
Gm20441	chr10	TRUE	FALSE
Gm20449	chr7	FALSE	TRUE
Gm20458	chr2	FALSE	FALSE
Gm20479	chr7	TRUE	FALSE
Gm20481	chr17	FALSE	FALSE
Gm20489	chrX	TRUE	FALSE
Gm20498	chr12	FALSE	TRUE
Gm20503	chr4	FALSE	TRUE
Gm20509	chr9	TRUE	FALSE
Gm20517	chr17	FALSE	TRUE
Gm20518	chr16	TRUE	TRUE
Gm20521	chr14	TRUE	FALSE
Gm20532	chr2	TRUE	FALSE
Gm20537	chr9	FALSE	FALSE
Gm20538	chr19	TRUE	FALSE
Gm20547	chr17	TRUE	TRUE
Gm20604	chr12	FALSE	FALSE
Gm20605	chr5	FALSE	FALSE
Gm20661	chr9	TRUE	FALSE
Gm20662	chr9	TRUE	FALSE
Gm20671	chr5	TRUE	TRUE
Gm20683	chr17	FALSE	FALSE
Gm20695	chr16	TRUE	TRUE
Gm20696	chr6	TRUE	TRUE
Gm20708	chr11	TRUE	TRUE
Gm20715	chr7	FALSE	FALSE
Gm20716	chr2	FALSE	FALSE
Gm20721	chr2	FALSE	FALSE
Gm20767	chr13	FALSE	FALSE
Gm21083	chr5	TRUE	FALSE
Gm21103	chr14	FALSE	FALSE
Gm21119	chr8	FALSE	FALSE
Gm21149	chr5	FALSE	FALSE
Gm2115	chr7	TRUE	TRUE
Gm21188	chr13	FALSE	FALSE
Gm21190	chr5	FALSE	FALSE
Gm21319	chr12	FALSE	FALSE
Gm21411	chr4	FALSE	FALSE
Gm21560	chr14	FALSE	FALSE
Gm21663	chr5	FALSE	FALSE
Gm21671	chr5	TRUE	FALSE
Gm21680	chr5	TRUE	FALSE
Gm21698	chr5	TRUE	FALSE
Gm21731	chr13	FALSE	FALSE
Gm21738	chr14	FALSE	FALSE
Gm21761	chr13	FALSE	FALSE
Gm21798	chr15	FALSE	FALSE
Gm21818	chr13	FALSE	FALSE
Gm21830	chr2	FALSE	FALSE
Gm21885	chr11	TRUE	FALSE
Gm21886	chr18	TRUE	FALSE
Gm21903	chr17	FALSE	FALSE
Gm21905	chr5	TRUE	FALSE
Gm21954	chr3	FALSE	FALSE
Gm21958	chr3	TRUE	FALSE
Gm21961	chr15	FALSE	FALSE
Gm21969	chr4	TRUE	TRUE
Gm21970	chr16	FALSE	FALSE
Gm21972	chr1	FALSE	FALSE
Gm21973	chr15	FALSE	FALSE
Gm21974	chr7	TRUE	FALSE
Gm21976	chr13	FALSE	FALSE
Gm21977	chr14	FALSE	FALSE
Gm21981	chr17	FALSE	FALSE
Gm21983	chr7	FALSE	FALSE
Gm21985	chr2	FALSE	TRUE
Gm21987	chr16	FALSE	FALSE
Gm21988	chr11	FALSE	FALSE
Gm21992	chr19	TRUE	TRUE
Gm2237	chr14	TRUE	FALSE
Gm2244	chr14	FALSE	FALSE
Gm2381	chr7	FALSE	FALSE
Gm2411	chrX	TRUE	FALSE
Gm2663	chr6	FALSE	FALSE
Gm26897	chr5	TRUE	FALSE
Gm26920	chr7	FALSE	FALSE
Gm26938	chr5	FALSE	FALSE
Gm26965	chr13	FALSE	FALSE
Gm26992	chrX	TRUE	FALSE
Gm27021	chr8	TRUE	TRUE
Gm27027	chr2	FALSE	FALSE
Gm27029	chr11	FALSE	FALSE
Gm27235	chr9	FALSE	FALSE
Gm28035	chr2	TRUE	TRUE
Gm28036	chr2	FALSE	FALSE
Gm28038	chr2	TRUE	TRUE
Gm28040	chr1	TRUE	TRUE
Gm28041	chr13	FALSE	FALSE
Gm28042	chr2	FALSE	FALSE
Gm28043	chr17	FALSE	FALSE
Gm28044	chr13	TRUE	FALSE
Gm28047	chr15	TRUE	TRUE
Gm28051	chr12	FALSE	FALSE
Gm28053	chr6	FALSE	FALSE
Gm281	chr14	FALSE	TRUE
Gm28168	chr1	FALSE	FALSE
Gm28230	chr2	FALSE	FALSE
Gm28269	chrX	FALSE	FALSE
Gm28305	chr9	FALSE	FALSE
Gm28308	chr6	FALSE	FALSE
Gm2832	chr14	FALSE	FALSE
Gm28360	chr1	FALSE	FALSE
Gm28363	chr1	FALSE	FALSE
Gm28372	chr2	FALSE	FALSE
Gm28374	chr19	FALSE	FALSE
Gm28434	chr5	FALSE	FALSE
Gm28539	chr16	FALSE	TRUE
Gm28551	chr1	FALSE	TRUE
Gm28557	chr13	FALSE	FALSE
Gm28635	chr2	FALSE	TRUE
Gm28710	chr5	FALSE	FALSE
Gm28729	chr9	FALSE	FALSE
Gm28778	chr1	FALSE	FALSE
Gm28845	chr1	TRUE	FALSE
Gm2888	chr14	TRUE	FALSE
Gm2897	chr14	FALSE	FALSE
Gm29094	chr9	FALSE	FALSE
Gm29106	chr1	FALSE	FALSE
Gm29133	chr3	FALSE	FALSE
Gm2916	chr14	FALSE	FALSE
Gm29394	chr15	FALSE	FALSE
Gm29427	chr1	TRUE	TRUE
Gm2956	chr14	FALSE	FALSE
Gm29609	chr5	FALSE	TRUE
Gm29666	chr15	TRUE	FALSE
Gm29695	chr1	FALSE	FALSE
Gm2974	chr14	FALSE	FALSE
Gm29776	chr14	FALSE	FALSE
Gm29797	chr2	FALSE	FALSE
Gm2a	chr11	TRUE	TRUE
Gm3002	chr14	FALSE	FALSE
Gm3005	chr14	FALSE	FALSE
Gm30083	chr14	FALSE	FALSE
Gm30191	chr4	TRUE	FALSE
Gm3029	chr14	FALSE	FALSE
Gm30302	chr13	FALSE	FALSE
Gm3033	chr14	TRUE	FALSE
Gm3045	chr13	FALSE	FALSE
Gm3047	chr14	FALSE	FALSE
Gm3055	chr10	FALSE	FALSE
Gm3072	chr14	FALSE	FALSE
Gm3095	chr14	TRUE	FALSE
Gm3099	chr14	TRUE	FALSE
Gm3106	chr5	TRUE	FALSE
Gm3115	chr14	TRUE	FALSE
Gm3127	chr14	FALSE	FALSE
Gm31371	chr8	TRUE	FALSE
Gm3138	chr14	FALSE	FALSE
Gm3149	chr14	TRUE	FALSE
Gm3159	chr14	TRUE	FALSE
Gm3164	chr14	FALSE	FALSE
Gm3173	chr14	FALSE	FALSE
Gm3182	chr14	TRUE	FALSE
Gm3239	chr14	FALSE	FALSE
Gm3248	chr14	FALSE	FALSE
Gm3252	chr14	TRUE	FALSE
Gm3259	chr5	FALSE	FALSE
Gm3264	chr14	FALSE	FALSE
Gm32687	chr10	FALSE	FALSE
Gm3269	chr14	FALSE	FALSE
Gm32742	chr9	TRUE	TRUE
Gm3278	chr14	FALSE	FALSE
Gm3286	chr5	FALSE	FALSE
Gm3298	chr14	TRUE	FALSE
Gm3327	chr14	FALSE	FALSE
Gm3336	chr8	TRUE	FALSE
Gm33543	chr10	FALSE	FALSE
Gm3371	chr14	TRUE	FALSE
Gm3404	chr5	FALSE	FALSE
Gm34066	chr1	FALSE	FALSE
Gm3409	chr5	FALSE	FALSE
Gm3411	chr14	FALSE	FALSE
Gm3417	chr17	TRUE	FALSE
Gm3435	chr17	FALSE	FALSE
Gm3448	chr17	FALSE	FALSE
Gm3453	chr14	TRUE	FALSE
Gm3460	chr14	FALSE	FALSE
Gm34653	chr2	FALSE	FALSE
Gm3468	chr14	FALSE	FALSE
Gm3476	chr14	FALSE	FALSE
Gm3486	chr14	FALSE	FALSE
Gm35060	chr18	FALSE	FALSE
Gm3512	chr14	FALSE	FALSE
Gm35315	chr5	FALSE	FALSE
Gm35339	chr15	TRUE	FALSE
Gm3543	chr14	FALSE	FALSE
Gm35549	chr9	FALSE	FALSE
Gm3558	chr14	FALSE	FALSE
Gm3573	chr14	TRUE	FALSE
Gm3594	chr14	FALSE	FALSE
Gm36028	chr16	TRUE	FALSE
Gm3604	chr13	FALSE	FALSE
Gm36210	chr7	FALSE	FALSE
Gm36245	chr15	FALSE	FALSE
Gm3629	chr14	TRUE	FALSE
Gm3633	chr14	FALSE	FALSE
Gm3636	chr14	TRUE	FALSE
Gm36368	chr18	TRUE	FALSE
Gm364	chrX	FALSE	FALSE
Gm3642	chr14	FALSE	FALSE
Gm3646	chr1	TRUE	FALSE
Gm3667	chr14	FALSE	FALSE
Gm3676	chr14	TRUE	FALSE
Gm3685	chr14	TRUE	FALSE
Gm36864	chr7	FALSE	FALSE
Gm3696	chr14	FALSE	FALSE
Gm37013	chr18	FALSE	TRUE
Gm37240	chr3	FALSE	FALSE
Gm3727	chr14	FALSE	FALSE
Gm37388	chr18	FALSE	TRUE
Gm37389	chr3	FALSE	FALSE
Gm3739	chr14	FALSE	FALSE
Gm3752	chr14	FALSE	FALSE
Gm3755	chr14	TRUE	TRUE
Gm3776	chr9	FALSE	FALSE
Gm37797	chr18	FALSE	FALSE
Gm37988	chr1	FALSE	FALSE
Gm38100	chr1	TRUE	FALSE
Gm38119	chr3	TRUE	FALSE
Gm382	chrX	FALSE	FALSE
Gm38303	chr3	TRUE	FALSE
Gm3839	chr14	FALSE	FALSE
Gm38392	chr3	TRUE	TRUE
Gm38393	chr7	FALSE	FALSE
Gm38394	chr1	FALSE	FALSE
Gm38431	chr9	FALSE	FALSE
Gm3854	chr7	TRUE	FALSE
Gm38655	chr17	FALSE	FALSE
Gm38999	chr7	FALSE	FALSE
Gm3952	chr8	FALSE	FALSE
Gm39566	chr11	TRUE	FALSE
Gm39653	chr1	FALSE	FALSE
Gm4027	chr12	TRUE	FALSE
Gm4070	chr7	FALSE	FALSE
Gm4131	chr14	FALSE	FALSE
Gm4181	chr14	FALSE	FALSE
Gm42416	chr18	FALSE	TRUE
Gm42417	chr1	FALSE	FALSE
Gm42420	chr6	TRUE	TRUE
Gm42421	chr5	FALSE	FALSE
Gm42669	chr5	FALSE	FALSE
Gm42674	chr3	FALSE	FALSE
Gm42688	chr6	FALSE	FALSE
Gm42715	chr7	FALSE	FALSE
Gm42742	chr7	TRUE	FALSE
Gm42791	chr5	FALSE	FALSE
Gm42878	chr5	FALSE	FALSE
Gm42906	chr5	FALSE	TRUE
Gm42957	chr3	TRUE	TRUE
Gm4297	chrX	FALSE	FALSE
Gm43064	chr3	FALSE	FALSE
Gm43191	chr3	FALSE	TRUE
Gm43302	chr5	FALSE	FALSE
Gm43517	chr12	FALSE	FALSE
Gm43518	chr5	FALSE	FALSE
Gm43552	chr5	TRUE	TRUE
Gm43638	chr5	FALSE	FALSE
Gm43720	chr5	FALSE	FALSE
Gm43738	chr3	FALSE	FALSE
Gm43951	chr11	FALSE	TRUE
Gm4450	chr3	TRUE	TRUE
Gm44501	chr17	FALSE	FALSE
Gm44502	chr15	FALSE	FALSE
Gm44503	chr9	FALSE	FALSE
Gm44511	chr6	FALSE	FALSE
Gm44579	chr15	FALSE	FALSE
Gm44596	chr6	TRUE	TRUE
Gm44790	chr6	TRUE	TRUE
Gm44805	chr7	FALSE	FALSE
Gm4491	chr14	TRUE	FALSE
Gm44965	chr6	FALSE	FALSE
Gm44973	chr7	TRUE	TRUE
Gm45015	chrX	FALSE	FALSE
Gm45021	chr6	FALSE	FALSE
Gm45062	chr6	FALSE	TRUE
Gm45140	chr6	FALSE	FALSE
Gm45194	chrX	FALSE	FALSE
Gm45208	chrX	FALSE	FALSE
Gm45213	chr7	FALSE	FALSE
Gm45234	chr6	FALSE	FALSE
Gm45261	chr1	FALSE	FALSE
Gm45521	chr14	FALSE	FALSE
Gm45692	chr8	FALSE	FALSE
Gm45711	chr8	FALSE	FALSE
Gm45713	chr7	TRUE	TRUE
Gm45716	chr11	FALSE	FALSE
Gm45717	chr7	FALSE	FALSE
Gm45753	chr8	FALSE	FALSE
Gm45783	chr7	FALSE	FALSE
Gm45785	chr7	FALSE	FALSE
Gm45799	chr7	FALSE	FALSE
Gm45808	chr7	TRUE	FALSE
Gm45826	chr8	FALSE	FALSE
Gm45837	chr7	TRUE	TRUE
Gm45844	chr7	FALSE	FALSE
Gm45861	chr8	FALSE	FALSE
Gm45871	chr18	FALSE	FALSE
Gm45902	chr2	FALSE	FALSE
Gm45928	chr19	TRUE	FALSE
Gm4707	chr17	TRUE	FALSE
Gm47189	chr14	TRUE	FALSE
Gm4756	chr12	FALSE	FALSE
Gm4767	chr10	TRUE	FALSE
Gm4779	chrX	FALSE	FALSE
Gm4788	chr1	FALSE	FALSE
Gm4791	chr9	TRUE	FALSE
Gm4792	chr10	FALSE	FALSE
Gm4841	chr18	FALSE	FALSE
Gm4846	chr1	FALSE	FALSE
Gm4847	chr1	TRUE	TRUE
Gm48551	chr10	FALSE	FALSE
Gm48552	chr10	FALSE	FALSE
Gm4869	chr5	FALSE	FALSE
Gm4871	chr5	FALSE	FALSE
Gm4884	chr7	FALSE	FALSE
Gm4894	chr9	TRUE	FALSE
Gm49027	chr5	FALSE	FALSE
Gm4907	chrX	FALSE	FALSE
Gm4922	chr10	TRUE	FALSE
Gm4924	chr10	FALSE	TRUE
Gm49318	chr9	FALSE	FALSE
Gm49320	chr8	FALSE	FALSE
Gm49322	chr10	FALSE	FALSE
Gm49325	chr10	FALSE	FALSE
Gm49333	chr16	TRUE	FALSE
Gm49336	chr14	FALSE	FALSE
Gm49337	chr4	FALSE	FALSE
Gm49339	chr10	FALSE	FALSE
Gm49340	chr11	FALSE	FALSE
Gm49342	chr14	FALSE	FALSE
Gm49345	chr13	FALSE	FALSE
Gm49352	chr13	FALSE	FALSE
Gm49353	chr10	FALSE	FALSE
Gm49354	chr13	FALSE	FALSE
Gm49355	chr14	TRUE	TRUE
Gm49356	chr15	FALSE	FALSE
Gm49358	chr10	FALSE	FALSE
Gm49359	chr13	TRUE	FALSE
Gm49361	chr14	FALSE	TRUE
Gm49366	chr12	TRUE	FALSE
Gm49368	chr7	FALSE	FALSE
Gm49369	chr7	FALSE	FALSE
Gm49373	chr9	TRUE	FALSE
Gm49378	chr14	TRUE	FALSE
Gm49380	chr9	FALSE	FALSE
Gm49383	chr12	FALSE	FALSE
Gm49384	chr12	FALSE	FALSE
Gm49387	chr14	FALSE	FALSE
Gm49388	chr7	FALSE	FALSE
Gm49391	chr13	FALSE	FALSE
Gm49392	chr13	FALSE	FALSE
Gm49393	chr13	FALSE	FALSE
Gm49394	chr7	TRUE	TRUE
Gm49395	chr13	FALSE	FALSE
Gm49396	chr7	FALSE	FALSE
Gm49398	chr13	FALSE	FALSE
Gm49403	chr19	FALSE	FALSE
Gm49405	chr19	FALSE	FALSE
Gm49416	chr19	FALSE	FALSE
Gm49425	chr15	FALSE	FALSE
Gm49450	chr15	FALSE	FALSE
Gm49486	chr15	TRUE	FALSE
Gm49496	chr13	FALSE	TRUE
Gm4951	chr18	TRUE	FALSE
Gm49510	chr15	FALSE	FALSE
Gm4952	chr19	FALSE	FALSE
Gm49527	chr15	FALSE	FALSE
Gm49601	chr16	TRUE	FALSE
Gm49630	chr17	TRUE	TRUE
Gm49661	chr8	FALSE	FALSE
Gm49673	chr17	TRUE	FALSE
Gm4969	chr7	FALSE	TRUE
Gm49711	chr16	FALSE	FALSE
Gm49721	chr17	TRUE	TRUE
Gm49776	chr16	TRUE	TRUE
Gm49804	chr17	FALSE	FALSE
Gm49835	chr17	FALSE	FALSE
Gm49909	chr17	FALSE	FALSE
Gm49918	chr10	FALSE	FALSE
Gm49948	chr16	FALSE	TRUE
Gm50139	chr19	FALSE	FALSE
Gm50241	chr8	FALSE	FALSE
Gm50253	chr17	FALSE	TRUE
Gm50318	chr18	TRUE	FALSE
Gm50364	chr18	TRUE	TRUE
Gm50367	chr17	FALSE	FALSE
Gm50387	chr19	TRUE	FALSE
Gm50388	chr19	TRUE	FALSE
Gm5039	chr12	FALSE	FALSE
Gm50461	chr17	FALSE	FALSE
Gm50478	chr1	FALSE	FALSE
Gm5065	chr7	TRUE	FALSE
Gm5105	chr3	FALSE	FALSE
Gm5108	chr5	FALSE	TRUE
Gm5114	chr7	TRUE	FALSE
Gm5127	chrX	FALSE	TRUE
Gm5134	chr10	FALSE	FALSE
Gm5141	chr13	FALSE	FALSE
Gm5142	chr14	FALSE	FALSE
Gm5148	chr3	FALSE	FALSE
Gm5150	chr3	FALSE	FALSE
Gm5152	chr5	FALSE	FALSE
Gm5155	chr7	FALSE	FALSE
Gm5157	chr7	FALSE	FALSE
Gm5168	chrX	FALSE	FALSE
Gm5169	chrX	TRUE	FALSE
Gm525	chr11	FALSE	FALSE
Gm527	chr12	FALSE	FALSE
Gm5294	chr5	FALSE	FALSE
Gm5414	chr15	FALSE	FALSE
Gm5431	chr11	FALSE	FALSE
Gm5458	chr14	FALSE	FALSE
Gm5460	chr14	FALSE	FALSE
Gm5475	chr15	TRUE	FALSE
Gm5478	chr15	FALSE	FALSE
Gm5485	chr16	FALSE	FALSE
Gm550	chr19	FALSE	FALSE
Gm5565	chr5	FALSE	FALSE
Gm5591	chr7	FALSE	FALSE
Gm5592	chr7	FALSE	TRUE
Gm5622	chr14	FALSE	TRUE
Gm5624	chr14	FALSE	TRUE
Gm5640	chrX	FALSE	FALSE
Gm5662	chr12	TRUE	FALSE
Gm5678	chr16	TRUE	FALSE
Gm572	chr4	FALSE	FALSE
Gm5724	chr6	FALSE	FALSE
Gm5737	chr7	FALSE	FALSE
Gm5751	chrX	TRUE	FALSE
Gm5767	chr16	TRUE	TRUE
Gm5771	chr6	TRUE	FALSE
Gm5795	chr14	FALSE	FALSE
Gm5796	chr14	TRUE	FALSE
Gm5797	chr14	FALSE	FALSE
Gm5798	chr14	TRUE	FALSE
Gm5799	chr14	TRUE	FALSE
Gm5800	chr14	TRUE	FALSE
Gm5861	chr5	TRUE	FALSE
Gm5862	chr5	FALSE	FALSE
Gm5901	chr7	TRUE	TRUE
Gm5916	chr9	FALSE	FALSE
Gm5930	chr14	FALSE	FALSE
Gm5934	chrX	FALSE	FALSE
Gm5935	chrX	FALSE	FALSE
Gm5936	chrX	FALSE	FALSE
Gm5938	chrX	FALSE	FALSE
Gm5945	chrX	FALSE	FALSE
Gm597	chr1	FALSE	FALSE
Gm6034	chr17	FALSE	FALSE
Gm6040	chr8	TRUE	FALSE
Gm609	chr16	TRUE	TRUE
Gm6121	chrX	FALSE	FALSE
Gm614	chrX	TRUE	FALSE
Gm6205	chr5	TRUE	FALSE
Gm6268	chrX	TRUE	FALSE
Gm6309	chr5	TRUE	FALSE
Gm6337	chr14	FALSE	FALSE
Gm6356	chr14	TRUE	TRUE
Gm6367	chr5	FALSE	FALSE
Gm6370	chr5	FALSE	FALSE
Gm6377	chrX	TRUE	FALSE
Gm6401	chr14	FALSE	FALSE
Gm6408	chr5	TRUE	FALSE
Gm6465	chr5	TRUE	FALSE
Gm648	chrX	FALSE	FALSE
Gm6482	chr14	FALSE	FALSE
Gm6526	chr14	TRUE	FALSE
Gm6569	chr15	FALSE	FALSE
Gm6592	chrX	FALSE	FALSE
Gm6614	chr6	FALSE	TRUE
Gm6619	chr6	FALSE	FALSE
Gm6657	chr12	TRUE	FALSE
Gm6676	chr14	FALSE	FALSE
Gm6871	chr7	FALSE	FALSE
Gm6882	chr7	TRUE	FALSE
Gm7030	chr17	TRUE	TRUE
Gm7072	chr17	FALSE	FALSE
Gm7073	chrX	FALSE	FALSE
Gm7145	chr1	FALSE	FALSE
Gm7168	chr17	TRUE	FALSE
Gm7233	chr14	FALSE	FALSE
Gm7247	chr14	FALSE	TRUE
Gm7271	chr5	FALSE	FALSE
Gm7298	chr6	FALSE	FALSE
Gm732	chrX	TRUE	FALSE
Gm7324	chr14	FALSE	FALSE
Gm7347	chr5	FALSE	FALSE
Gm7356	chr17	FALSE	FALSE
Gm7358	chr17	FALSE	FALSE
Gm7361	chr5	FALSE	FALSE
Gm7489	chr15	FALSE	FALSE
Gm7609	chr1	TRUE	FALSE
Gm765	chr6	FALSE	TRUE
Gm7694	chr1	FALSE	FALSE
Gm7697	chr8	FALSE	FALSE
Gm7714	chr5	FALSE	FALSE
Gm773	chrX	TRUE	FALSE
Gm7792	chr5	FALSE	FALSE
Gm7876	chr14	TRUE	FALSE
Gm7929	chr14	FALSE	FALSE
Gm7945	chr14	TRUE	FALSE
Gm7951	chr14	FALSE	FALSE
Gm7954	chr14	TRUE	FALSE
Gm7970	chr14	TRUE	FALSE
Gm7980	chr14	FALSE	FALSE
Gm7995	chr14	FALSE	FALSE
Gm8005	chr14	FALSE	FALSE
Gm8011	chr14	FALSE	FALSE
Gm8020	chr14	FALSE	FALSE
Gm8024	chr14	FALSE	FALSE
Gm8050	chr14	FALSE	FALSE
Gm8068	chr14	FALSE	FALSE
Gm8094	chr14	TRUE	FALSE
Gm8104	chr14	FALSE	FALSE
Gm8108	chr14	FALSE	FALSE
Gm8113	chr14	FALSE	FALSE
Gm8122	chr14	FALSE	FALSE
Gm8126	chr14	TRUE	FALSE
Gm8127	chr14	FALSE	FALSE
Gm8138	chr14	TRUE	FALSE
Gm815	chr19	FALSE	FALSE
Gm8159	chr14	FALSE	FALSE
Gm8165	chr14	FALSE	FALSE
Gm8180	chr14	TRUE	FALSE
Gm8206	chr14	FALSE	FALSE
Gm8212	chr14	FALSE	FALSE
Gm8220	chr14	TRUE	FALSE
Gm8229	chr14	FALSE	FALSE
Gm8232	chr14	TRUE	FALSE
Gm8237	chr14	FALSE	FALSE
Gm8247	chr14	TRUE	FALSE
Gm8251	chr1	TRUE	TRUE
Gm8257	chr14	FALSE	TRUE
Gm826	chr2	TRUE	FALSE
Gm8267	chr14	FALSE	FALSE
Gm8281	chr14	FALSE	FALSE
Gm8297	chr14	FALSE	FALSE
Gm8300	chr12	FALSE	FALSE
Gm8356	chr14	TRUE	FALSE
Gm8362	chr14	FALSE	FALSE
Gm8369	chr19	FALSE	FALSE
Gm8374	chr14	TRUE	FALSE
Gm8439	chr4	FALSE	FALSE
Gm867	chr10	TRUE	FALSE
Gm8765	chr13	FALSE	FALSE
Gm8773	chr5	FALSE	FALSE
Gm884	chr11	FALSE	TRUE
Gm8857	chr5	TRUE	FALSE
Gm8871	chr5	FALSE	FALSE
Gm8879	chr5	TRUE	FALSE
Gm8882	chr6	FALSE	FALSE
Gm8890	chr5	TRUE	FALSE
Gm8897	chr5	TRUE	FALSE
Gm8906	chr5	FALSE	FALSE
Gm8909	chr17	FALSE	FALSE
Gm8978	chr19	FALSE	FALSE
Gm9	chrX	FALSE	FALSE
Gm904	chr13	FALSE	FALSE
Gm906	chr13	FALSE	FALSE
Gm9117	chr3	TRUE	FALSE
Gm9195	chr14	FALSE	FALSE
Gm94	chr18	FALSE	FALSE
Gm9495	chr8	FALSE	FALSE
Gm9573	chr17	FALSE	FALSE
Gm960	chr19	FALSE	FALSE
Gm9602	chr14	FALSE	FALSE
Gm9611	chr14	TRUE	FALSE
Gm973	chr1	FALSE	FALSE
Gm9732	chr14	FALSE	TRUE
Gm9733	chr3	FALSE	FALSE
Gm9745	chr13	FALSE	FALSE
Gm9758	chr5	FALSE	FALSE
Gm9833	chr3	TRUE	FALSE
Gm9903	chr5	FALSE	FALSE
Gm9918	chr15	FALSE	FALSE
Gm9999	chr7	FALSE	FALSE
Gmcl1	chr6	FALSE	FALSE
Gmds	chr13	FALSE	TRUE
Gmeb1	chr4	TRUE	TRUE
Gmeb2	chr2	FALSE	TRUE
Gmfb	chr14	FALSE	FALSE
Gmfg	chr7	TRUE	FALSE
Gmip	chr8	TRUE	FALSE
Gml	chr15	TRUE	FALSE
Gml2	chr15	FALSE	FALSE
Gmnc	chr16	FALSE	FALSE
Gmnn	chr13	TRUE	FALSE
Gmppa	chr1	FALSE	FALSE
Gmppb	chr9	TRUE	FALSE
Gmpr	chr13	FALSE	FALSE
Gmpr2	chr14	FALSE	FALSE
Gmps	chr3	FALSE	TRUE
Gna11	chr10	FALSE	FALSE
Gna12	chr5	FALSE	FALSE
Gna13	chr11	FALSE	FALSE
Gna14	chr19	FALSE	TRUE
Gna15	chr10	TRUE	FALSE
Gnai1	chr5	FALSE	FALSE
Gnai2	chr9	FALSE	FALSE
Gnai3	chr3	TRUE	TRUE
Gnal	chr18	TRUE	TRUE
Gnao1	chr8	TRUE	TRUE
Gnaq	chr19	TRUE	TRUE
Gnas	chr2	FALSE	FALSE
Gnat1	chr9	TRUE	FALSE
Gnat2	chr3	TRUE	FALSE
Gnat3	chr5	FALSE	FALSE
Gnaz	chr10	TRUE	TRUE
Gnb1	chr4	FALSE	FALSE
Gnb1l	chr16	FALSE	FALSE
Gnb2	chr5	FALSE	FALSE
Gnb3	chr6	FALSE	FALSE
Gnb4	chr3	FALSE	TRUE
Gnb5	chr9	FALSE	FALSE
Gne	chr4	FALSE	FALSE
Gng10	chr4	TRUE	FALSE
Gng11	chr6	FALSE	FALSE
Gng12	chr6	TRUE	TRUE
Gng13	chr17	FALSE	FALSE
Gng2	chr14	FALSE	FALSE
Gng3	chr19	FALSE	FALSE
Gng4	chr13	FALSE	FALSE
Gng5	chr3	TRUE	FALSE
Gng7	chr10	TRUE	TRUE
Gng8	chr7	TRUE	FALSE
Gngt1	chr6	FALSE	FALSE
Gngt2	chr11	TRUE	TRUE
Gnl1	chr17	FALSE	FALSE
Gnl2	chr4	FALSE	FALSE
Gnl3	chr14	TRUE	FALSE
Gnl3l	chrX	FALSE	FALSE
Gnmt	chr17	FALSE	FALSE
Gnpat	chr8	FALSE	FALSE
Gnpda1	chr18	TRUE	FALSE
Gnpda2	chr5	FALSE	FALSE
Gnpnat1	chr14	TRUE	FALSE
Gnptab	chr10	TRUE	TRUE
Gnptg	chr17	TRUE	FALSE
Gnrh1	chr14	TRUE	FALSE
Gnrhr	chr5	FALSE	FALSE
Gns	chr10	TRUE	FALSE
Golga1	chr2	FALSE	FALSE
Golga2	chr2	TRUE	FALSE
Golga3	chr5	FALSE	FALSE
Golga4	chr9	FALSE	TRUE
Golga5	chr12	FALSE	FALSE
Golga7	chr8	TRUE	TRUE
Golga7b	chr19	FALSE	FALSE
Golgb1	chr16	FALSE	FALSE
Golim4	chr3	FALSE	FALSE
Golm1	chr13	FALSE	FALSE
Golph3	chr15	TRUE	TRUE
Golph3l	chr3	FALSE	TRUE
Golt1a	chr1	TRUE	FALSE
Golt1b	chr6	FALSE	FALSE
Gon4l	chr3	FALSE	TRUE
Gon7	chr12	FALSE	FALSE
Gopc	chr10	FALSE	FALSE
Gorab	chr1	FALSE	FALSE
Gorasp1	chr9	FALSE	FALSE
Gorasp2	chr2	FALSE	FALSE
Gosr1	chr11	FALSE	FALSE
Gosr2	chr11	TRUE	FALSE
Got1	chr19	TRUE	FALSE
Got1l1	chr8	FALSE	FALSE
Got2	chr8	FALSE	FALSE
Gp1ba	chr11	TRUE	FALSE
Gp2	chr7	FALSE	FALSE
Gp5	chr16	TRUE	FALSE
Gp6	chr7	FALSE	FALSE
Gp9	chr6	TRUE	FALSE
Gpa33	chr1	FALSE	FALSE
Gpaa1	chr15	FALSE	FALSE
Gpalpp1	chr14	FALSE	FALSE
Gpam	chr19	FALSE	TRUE
Gpank1	chr17	FALSE	FALSE
Gpat2	chr2	FALSE	FALSE
Gpat3	chr5	FALSE	TRUE
Gpat4	chr8	FALSE	FALSE
Gpatch1	chr7	FALSE	FALSE
Gpatch11	chr17	FALSE	FALSE
Gpatch2	chr1	FALSE	FALSE
Gpatch2l	chr12	TRUE	TRUE
Gpatch3	chr4	FALSE	FALSE
Gpatch4	chr3	FALSE	FALSE
Gpatch8	chr11	FALSE	TRUE
Gpbp1	chr13	FALSE	TRUE
Gpbp1l1	chr4	FALSE	FALSE
Gpc1	chr1	TRUE	TRUE
Gpc2	chr5	TRUE	FALSE
Gpc3	chrX	FALSE	FALSE
Gpc4	chrX	FALSE	FALSE
Gpc5	chr14	FALSE	TRUE
Gpc6	chr14	FALSE	FALSE
Gpcpd1	chr2	FALSE	FALSE
Gpd1	chr15	FALSE	FALSE
Gpd1l	chr9	TRUE	TRUE
Gpd2	chr2	FALSE	TRUE
Gper1	chr5	TRUE	FALSE
Gpha2	chr19	TRUE	FALSE
Gphb5	chr12	FALSE	FALSE
Gphn	chr12	TRUE	TRUE
Gpi1	chr7	FALSE	FALSE
Gpihbp1	chr15	TRUE	FALSE
Gpkow	chrX	FALSE	FALSE
Gpld1	chr13	TRUE	TRUE
Gpm6a	chr8	TRUE	TRUE
Gpm6b	chrX	FALSE	FALSE
Gpn1	chr5	FALSE	FALSE
Gpn2	chr4	FALSE	FALSE
Gpn3	chr5	TRUE	FALSE
Gpnmb	chr6	FALSE	FALSE
Gpr1	chr1	TRUE	TRUE
Gpr101	chrX	FALSE	FALSE
Gpr107	chr2	TRUE	TRUE
Gpr108	chr17	TRUE	FALSE
Gpr119	chrX	FALSE	FALSE
Gpr12	chr5	TRUE	FALSE
Gpr132	chr12	TRUE	FALSE
Gpr137	chr19	FALSE	FALSE
Gpr137b	chr13	FALSE	FALSE
Gpr137c	chr14	TRUE	TRUE
Gpr139	chr7	FALSE	FALSE
Gpr141	chr13	FALSE	FALSE
Gpr141b	chr13	TRUE	FALSE
Gpr142	chr11	FALSE	FALSE
Gpr143	chrX	FALSE	FALSE
Gpr146	chr5	TRUE	FALSE
Gpr149	chr3	FALSE	TRUE
Gpr152	chr19	TRUE	FALSE
Gpr153	chr4	TRUE	TRUE
Gpr155	chr2	FALSE	FALSE
Gpr156	chr16	FALSE	FALSE
Gpr157	chr4	TRUE	FALSE
Gpr158	chr2	FALSE	TRUE
Gpr160	chr3	TRUE	TRUE
Gpr161	chr1	FALSE	FALSE
Gpr162	chr6	TRUE	FALSE
Gpr165	chrX	FALSE	FALSE
Gpr17	chr18	FALSE	FALSE
Gpr171	chr3	FALSE	FALSE
Gpr173	chrX	FALSE	FALSE
Gpr174	chrX	FALSE	TRUE
Gpr176	chr2	TRUE	TRUE
Gpr179	chr11	FALSE	FALSE
Gpr18	chr14	TRUE	TRUE
Gpr180	chr14	FALSE	FALSE
Gpr182	chr10	FALSE	FALSE
Gpr183	chr14	TRUE	FALSE
Gpr19	chr6	FALSE	FALSE
Gpr20	chr15	FALSE	FALSE
Gpr21	chr2	FALSE	FALSE
Gpr22	chr12	FALSE	FALSE
Gpr26	chr7	FALSE	FALSE
Gpr3	chr4	TRUE	FALSE
Gpr33	chr12	TRUE	FALSE
Gpr34	chrX	FALSE	FALSE
Gpr35	chr1	FALSE	FALSE
Gpr37	chr6	TRUE	TRUE
Gpr37l1	chr1	FALSE	FALSE
Gpr39	chr1	FALSE	FALSE
Gpr4	chr7	TRUE	FALSE
Gpr45	chr1	FALSE	FALSE
Gpr50	chrX	FALSE	FALSE
Gpr55	chr1	TRUE	FALSE
Gpr6	chr10	FALSE	FALSE
Gpr61	chr3	TRUE	FALSE
Gpr63	chr4	FALSE	FALSE
Gpr65	chr12	FALSE	FALSE
Gpr68	chr12	FALSE	FALSE
Gpr75	chr11	FALSE	FALSE
Gpr82	chrX	TRUE	TRUE
Gpr83	chr9	TRUE	FALSE
Gpr84	chr15	TRUE	FALSE
Gpr85	chr6	FALSE	FALSE
Gpr87	chr3	FALSE	FALSE
Gpr88	chr3	FALSE	FALSE
Gpr89	chr3	FALSE	FALSE
Gprasp1	chrX	FALSE	TRUE
Gprasp2	chrX	TRUE	FALSE
Gprc5a	chr6	TRUE	TRUE
Gprc5b	chr7	TRUE	TRUE
Gprc5c	chr11	FALSE	FALSE
Gprc5d	chr6	FALSE	FALSE
Gprc6a	chr10	FALSE	FALSE
Gprin1	chr13	FALSE	FALSE
Gprin2	chr14	TRUE	TRUE
Gprin3	chr6	FALSE	FALSE
Gps1	chr11	FALSE	FALSE
Gps2	chr11	TRUE	FALSE
Gpsm1	chr2	FALSE	FALSE
Gpsm2	chr3	TRUE	TRUE
Gpsm3	chr17	FALSE	FALSE
Gpt	chr15	FALSE	FALSE
Gpt2	chr8	TRUE	FALSE
Gpx3	chr11	FALSE	FALSE
Gpx4	chr10	FALSE	FALSE
Gpx5	chr13	FALSE	FALSE
Gpx6	chr13	FALSE	FALSE
Gpx7	chr4	TRUE	FALSE
Gpx8	chr13	FALSE	FALSE
Gramd1a	chr7	FALSE	FALSE
Gramd1b	chr9	FALSE	FALSE
Gramd1c	chr16	FALSE	FALSE
Gramd2	chr9	TRUE	TRUE
Gramd3	chr18	TRUE	TRUE
Gramd4	chr15	FALSE	FALSE
Grap	chr11	TRUE	TRUE
Grap2	chr15	TRUE	TRUE
Grasp	chr15	FALSE	FALSE
Grb10	chr11	FALSE	FALSE
Grb14	chr2	FALSE	FALSE
Grb2	chr11	TRUE	TRUE
Grb7	chr11	TRUE	TRUE
Grcc10	chr6	TRUE	FALSE
Greb1	chr12	TRUE	TRUE
Greb1l	chr18	FALSE	TRUE
Grem1	chr2	TRUE	FALSE
Grem2	chr1	FALSE	TRUE
Grhl1	chr12	TRUE	FALSE
Grhl2	chr15	FALSE	FALSE
Grhl3	chr4	TRUE	FALSE
Grhpr	chr4	TRUE	TRUE
Gria1	chr11	FALSE	FALSE
Gria2	chr3	TRUE	TRUE
Gria3	chrX	FALSE	FALSE
Gria4	chr9	TRUE	TRUE
Grid1	chr14	FALSE	FALSE
Grid2	chr6	FALSE	TRUE
Grid2ip	chr5	TRUE	TRUE
Grifin	chr5	FALSE	FALSE
Grik1	chr16	FALSE	FALSE
Grik2	chr10	TRUE	TRUE
Grik3	chr4	FALSE	FALSE
Grik4	chr9	FALSE	FALSE
Grik5	chr7	TRUE	TRUE
Grin1	chr2	TRUE	FALSE
Grin2a	chr16	TRUE	TRUE
Grin2b	chr6	TRUE	TRUE
Grin2c	chr11	FALSE	FALSE
Grin2d	chr7	FALSE	FALSE
Grin3a	chr4	FALSE	TRUE
Grin3b	chr10	TRUE	FALSE
Grina	chr15	FALSE	FALSE
Grip1	chr10	TRUE	TRUE
Grip2	chr6	TRUE	TRUE
Gripap1	chrX	FALSE	FALSE
Grk1	chr8	FALSE	FALSE
Grk2	chr19	FALSE	FALSE
Grk3	chr5	FALSE	FALSE
Grk4	chr5	FALSE	TRUE
Grk5	chr19	TRUE	TRUE
Grk6	chr13	TRUE	TRUE
Grm1	chr10	FALSE	TRUE
Grm2	chr9	TRUE	FALSE
Grm3	chr5	FALSE	TRUE
Grm4	chr17	FALSE	TRUE
Grm5	chr7	FALSE	FALSE
Grm6	chr11	TRUE	FALSE
Grm7	chr6	FALSE	FALSE
Grm8	chr6	FALSE	TRUE
Grn	chr11	TRUE	TRUE
Grp	chr18	FALSE	FALSE
Grpel1	chr5	FALSE	FALSE
Grpel2	chr18	TRUE	FALSE
Grpr	chrX	FALSE	FALSE
Grrp1	chr4	TRUE	FALSE
Grsf1	chr5	FALSE	FALSE
Grtp1	chr8	FALSE	TRUE
Grwd1	chr7	FALSE	FALSE
Grxcr1	chr5	FALSE	FALSE
Grxcr2	chr18	TRUE	FALSE
Gsap	chr5	TRUE	TRUE
Gsc	chr12	FALSE	FALSE
Gsc2	chr16	TRUE	TRUE
Gsdma	chr11	FALSE	FALSE
Gsdma2	chr11	TRUE	FALSE
Gsdma3	chr11	TRUE	TRUE
Gsdmc	chr15	FALSE	FALSE
Gsdmc2	chr15	FALSE	FALSE
Gsdmc3	chr15	FALSE	FALSE
Gsdmc4	chr15	FALSE	FALSE
Gsdmd	chr15	TRUE	FALSE
Gsdme	chr6	TRUE	TRUE
Gse1	chr8	TRUE	TRUE
Gsg1	chr6	FALSE	FALSE
Gsg1l	chr7	TRUE	TRUE
Gsg1l2	chr11	FALSE	FALSE
Gsk3a	chr7	FALSE	FALSE
Gsk3b	chr16	TRUE	TRUE
Gskip	chr12	FALSE	FALSE
Gsn	chr2	TRUE	TRUE
Gspt1	chr16	FALSE	FALSE
Gspt2	chrX	TRUE	FALSE
Gsr	chr8	FALSE	FALSE
Gss	chr2	FALSE	FALSE
Gsta1	chr9	FALSE	FALSE
Gsta2	chr9	FALSE	FALSE
Gsta3	chr1	TRUE	TRUE
Gsta4	chr9	TRUE	FALSE
Gstcd	chr3	FALSE	FALSE
Gstk1	chr6	FALSE	FALSE
Gstm1	chr3	TRUE	TRUE
Gstm2	chr3	TRUE	FALSE
Gstm3	chr3	TRUE	FALSE
Gstm4	chr3	TRUE	TRUE
Gstm5	chr3	FALSE	FALSE
Gstm6	chr3	TRUE	FALSE
Gstm7	chr3	FALSE	FALSE
Gsto1	chr19	FALSE	FALSE
Gsto2	chr19	TRUE	TRUE
Gstp1	chr19	FALSE	FALSE
Gstp2	chr19	FALSE	FALSE
Gstp3	chr19	FALSE	FALSE
Gstt1	chr10	FALSE	FALSE
Gstt2	chr10	FALSE	FALSE
Gstt3	chr10	TRUE	FALSE
Gstt4	chr10	FALSE	FALSE
Gstz1	chr12	FALSE	FALSE
Gsx1	chr5	TRUE	FALSE
Gsx2	chr5	FALSE	FALSE
Gtdc1	chr2	FALSE	FALSE
Gtf2a1	chr12	FALSE	FALSE
Gtf2a1l	chr17	FALSE	FALSE
Gtf2a2	chr9	FALSE	FALSE
Gtf2b	chr3	FALSE	FALSE
Gtf2e1	chr16	FALSE	FALSE
Gtf2e2	chr8	FALSE	FALSE
Gtf2f1	chr17	FALSE	FALSE
Gtf2f2	chr14	TRUE	TRUE
Gtf2h1	chr7	FALSE	FALSE
Gtf2h2	chr13	FALSE	FALSE
Gtf2h3	chr5	FALSE	FALSE
Gtf2h4	chr17	TRUE	FALSE
Gtf2h5	chr17	TRUE	FALSE
Gtf2i	chr5	FALSE	TRUE
Gtf2ird1	chr5	TRUE	TRUE
Gtf2ird2	chr5	FALSE	TRUE
Gtf3a	chr5	FALSE	FALSE
Gtf3c1	chr7	TRUE	TRUE
Gtf3c2	chr5	TRUE	TRUE
Gtf3c3	chr1	TRUE	TRUE
Gtf3c4	chr2	FALSE	FALSE
Gtf3c5	chr2	FALSE	FALSE
Gtf3c6	chr10	FALSE	FALSE
Gtpbp1	chr15	FALSE	FALSE
Gtpbp10	chr5	FALSE	FALSE
Gtpbp2	chr17	FALSE	FALSE
Gtpbp3	chr8	TRUE	FALSE
Gtpbp4	chr13	FALSE	FALSE
Gtpbp6	chr5	FALSE	FALSE
Gtpbp8	chr16	FALSE	FALSE
Gtse1	chr15	FALSE	FALSE
Gtsf1	chr15	TRUE	FALSE
Gtsf2	chr15	TRUE	FALSE
Guca1a	chr17	FALSE	FALSE
Guca1b	chr17	FALSE	FALSE
Guca2a	chr4	TRUE	FALSE
Guca2b	chr4	TRUE	FALSE
Gucd1	chr10	FALSE	FALSE
Gucy1a1	chr3	TRUE	TRUE
Gucy1a2	chr9	FALSE	TRUE
Gucy1b1	chr3	FALSE	FALSE
Gucy1b2	chr14	FALSE	FALSE
Gucy2c	chr6	TRUE	TRUE
Gucy2d	chr7	TRUE	FALSE
Gucy2e	chr11	TRUE	FALSE
Gucy2f	chrX	FALSE	FALSE
Gucy2g	chr19	FALSE	FALSE
Guf1	chr5	TRUE	FALSE
Guk1	chr11	TRUE	FALSE
Gulo	chr14	FALSE	FALSE
Gulp1	chr1	FALSE	FALSE
Gusb	chr5	TRUE	FALSE
Gvin1	chr7	FALSE	FALSE
Gxylt1	chr15	TRUE	TRUE
Gxylt2	chr6	FALSE	FALSE
Gyg	chr3	TRUE	TRUE
Gypa	chr8	TRUE	FALSE
Gypc	chr18	FALSE	FALSE
Gys1	chr7	FALSE	FALSE
Gys2	chr6	FALSE	FALSE
Gzf1	chr2	FALSE	FALSE
Gzma	chr13	FALSE	FALSE
Gzmb	chr14	TRUE	FALSE
Gzmc	chr14	FALSE	FALSE
Gzmd	chr14	FALSE	FALSE
Gzme	chr14	TRUE	FALSE
Gzmf	chr14	FALSE	FALSE
Gzmg	chr14	FALSE	FALSE
Gzmk	chr13	FALSE	FALSE
Gzmm	chr10	FALSE	FALSE
Gzmn	chr14	FALSE	FALSE
H13	chr2	FALSE	FALSE
H1f8	chr6	FALSE	FALSE
H2-Aa	chr17	TRUE	TRUE
H2-Ab1	chr17	TRUE	TRUE
H2-D1	chr17	TRUE	FALSE
H2-DMa	chr17	FALSE	FALSE
H2-DMb1	chr17	FALSE	FALSE
H2-DMb2	chr17	FALSE	FALSE
H2-Eb1	chr17	FALSE	FALSE
H2-Eb2	chr17	FALSE	FALSE
H2-K1	chr17	TRUE	FALSE
H2-Ke6	chr17	FALSE	FALSE
H2-M1	chr17	TRUE	TRUE
H2-M10.1	chr17	TRUE	FALSE
H2-M10.2	chr17	FALSE	FALSE
H2-M10.3	chr17	TRUE	FALSE
H2-M10.4	chr17	FALSE	FALSE
H2-M10.5	chr17	FALSE	FALSE
H2-M10.6	chr17	TRUE	FALSE
H2-M11	chr17	TRUE	FALSE
H2-M2	chr17	FALSE	FALSE
H2-M3	chr17	FALSE	FALSE
H2-M5	chr17	FALSE	FALSE
H2-M9	chr17	FALSE	FALSE
H2-Oa	chr17	TRUE	FALSE
H2-Ob	chr17	FALSE	FALSE
H2-Q1	chr17	TRUE	FALSE
H2-Q10	chr17	FALSE	TRUE
H2-Q2	chr17	FALSE	FALSE
H2-Q4	chr17	FALSE	FALSE
H2-Q6	chr17	FALSE	FALSE
H2-Q7	chr17	FALSE	FALSE
H2-T22	chr17	TRUE	FALSE
H2-T23	chr17	FALSE	FALSE
H2-T24	chr17	FALSE	FALSE
H2-T3	chr17	FALSE	FALSE
H2az1	chr3	FALSE	FALSE
H2az2	chr11	FALSE	FALSE
H2bc4	chr13	FALSE	FALSE
H2bc6	chr13	FALSE	FALSE
H3f3a	chr1	FALSE	TRUE
H3f3b	chr11	FALSE	FALSE
H60b	chr10	FALSE	FALSE
H60c	chr10	FALSE	FALSE
H6pd	chr4	FALSE	FALSE
Haao	chr17	TRUE	FALSE
Habp2	chr19	TRUE	FALSE
Habp4	chr13	FALSE	FALSE
Hacd1	chr2	FALSE	FALSE
Hacd2	chr16	TRUE	TRUE
Hacd3	chr9	FALSE	FALSE
Hacd4	chr4	FALSE	TRUE
Hace1	chr10	FALSE	TRUE
Hacl1	chr14	FALSE	FALSE
Hadh	chr3	TRUE	TRUE
Hadha	chr5	FALSE	TRUE
Hadhb	chr5	FALSE	FALSE
Hagh	chr17	TRUE	FALSE
Haghl	chr17	FALSE	FALSE
Hal	chr10	FALSE	FALSE
Hamp	chr7	FALSE	FALSE
Hamp2	chr7	TRUE	FALSE
Hand1	chr11	FALSE	FALSE
Hand2	chr8	FALSE	FALSE
Hao1	chr2	FALSE	FALSE
Hao2	chr3	FALSE	FALSE
Hap1	chr11	TRUE	FALSE
Hapln1	chr13	FALSE	FALSE
Hapln2	chr3	TRUE	FALSE
Hapln3	chr7	TRUE	TRUE
Hapln4	chr8	TRUE	FALSE
Harbi1	chr2	FALSE	FALSE
Hars	chr18	FALSE	FALSE
Hars2	chr18	TRUE	TRUE
Has1	chr17	FALSE	FALSE
Has2	chr15	FALSE	FALSE
Has3	chr8	TRUE	FALSE
Hat1	chr2	TRUE	FALSE
Haus1	chr18	FALSE	FALSE
Haus2	chr2	FALSE	FALSE
Haus3	chr5	FALSE	FALSE
Haus4	chr14	FALSE	FALSE
Haus5	chr7	FALSE	FALSE
Haus6	chr4	TRUE	TRUE
Haus7	chrX	FALSE	FALSE
Haus8	chr8	FALSE	FALSE
Havcr1	chr11	TRUE	TRUE
Havcr2	chr11	TRUE	FALSE
Hax1	chr3	TRUE	FALSE
Hba-x	chr11	FALSE	FALSE
Hbb-bh1	chr7	FALSE	FALSE
Hbb-bh2	chr7	FALSE	FALSE
Hbb-bs	chr7	TRUE	TRUE
Hbb-bt	chr7	TRUE	FALSE
Hbb-y	chr7	FALSE	FALSE
Hbegf	chr18	FALSE	FALSE
Hbp1	chr12	FALSE	FALSE
Hbq1a	chr11	TRUE	FALSE
Hbq1b	chr11	FALSE	FALSE
Hbs1l	chr10	FALSE	TRUE
Hc	chr2	FALSE	FALSE
Hccs	chrX	FALSE	FALSE
Hcfc1	chrX	FALSE	TRUE
Hcfc1r1	chr17	FALSE	FALSE
Hcfc2	chr10	TRUE	TRUE
Hck	chr2	FALSE	FALSE
Hcls1	chr16	FALSE	FALSE
Hcn1	chr13	FALSE	FALSE
Hcn2	chr10	TRUE	FALSE
Hcn3	chr3	FALSE	FALSE
Hcn4	chr9	TRUE	TRUE
Hcrt	chr11	TRUE	FALSE
Hcrtr1	chr4	TRUE	FALSE
Hcrtr2	chr9	FALSE	FALSE
Hcst	chr7	TRUE	FALSE
Hdac1	chr4	FALSE	FALSE
Hdac10	chr15	TRUE	FALSE
Hdac11	chr6	FALSE	FALSE
Hdac2	chr10	FALSE	FALSE
Hdac3	chr18	FALSE	FALSE
Hdac4	chr1	TRUE	TRUE
Hdac5	chr11	TRUE	FALSE
Hdac6	chrX	TRUE	FALSE
Hdac7	chr15	FALSE	FALSE
Hdac8	chrX	TRUE	TRUE
Hdac9	chr12	TRUE	TRUE
Hdc	chr2	FALSE	FALSE
Hddc2	chr10	TRUE	TRUE
Hddc3	chr7	FALSE	FALSE
Hdgf	chr3	TRUE	TRUE
Hdgfl2	chr17	FALSE	TRUE
Hdgfl3	chr7	TRUE	TRUE
Hdhd2	chr18	TRUE	TRUE
Hdhd3	chr4	FALSE	FALSE
Hdhd5	chr6	TRUE	TRUE
Hdlbp	chr1	FALSE	TRUE
Hdx	chrX	FALSE	TRUE
Heatr1	chr13	FALSE	TRUE
Heatr3	chr8	FALSE	FALSE
Heatr4	chr12	FALSE	FALSE
Heatr5a	chr12	FALSE	FALSE
Heatr5b	chr17	FALSE	FALSE
Heatr6	chr11	FALSE	FALSE
Heatr9	chr11	FALSE	FALSE
Hebp1	chr6	FALSE	FALSE
Hebp2	chr10	TRUE	FALSE
Heca	chr10	TRUE	TRUE
Hectd1	chr12	FALSE	TRUE
Hectd2	chr19	FALSE	FALSE
Hectd3	chr4	TRUE	FALSE
Hectd4	chr5	FALSE	TRUE
Hecw1	chr13	FALSE	TRUE
Hecw2	chr1	TRUE	TRUE
Heg1	chr16	FALSE	FALSE
Helb	chr10	TRUE	FALSE
Hells	chr19	FALSE	FALSE
Helq	chr5	FALSE	FALSE
Helt	chr8	FALSE	FALSE
Helz	chr11	TRUE	TRUE
Helz2	chr2	FALSE	FALSE
Hemgn	chr4	FALSE	FALSE
Hemk1	chr9	FALSE	FALSE
Henmt1	chr3	FALSE	FALSE
Hepacam	chr9	TRUE	FALSE
Hepacam2	chr6	TRUE	TRUE
Heph	chrX	FALSE	FALSE
Hephl1	chr9	FALSE	FALSE
Herc1	chr9	FALSE	TRUE
Herc2	chr7	FALSE	TRUE
Herc3	chr6	FALSE	FALSE
Herc4	chr10	FALSE	TRUE
Herc6	chr6	FALSE	TRUE
Herpud1	chr8	FALSE	FALSE
Herpud2	chr9	TRUE	TRUE
Hes1	chr16	TRUE	FALSE
Hes2	chr4	TRUE	FALSE
Hes3	chr4	TRUE	TRUE
Hes5	chr4	FALSE	FALSE
Hes6	chr1	FALSE	FALSE
Hes7	chr11	TRUE	FALSE
Hesx1	chr14	TRUE	FALSE
Hexa	chr9	TRUE	TRUE
Hexb	chr13	TRUE	FALSE
Hexdc	chr11	FALSE	FALSE
Hexim2	chr11	FALSE	FALSE
Hey1	chr3	TRUE	FALSE
Hey2	chr10	FALSE	FALSE
Heyl	chr4	TRUE	TRUE
Hfe	chr13	FALSE	FALSE
Hfm1	chr5	FALSE	FALSE
Hgd	chr16	FALSE	FALSE
Hgf	chr5	FALSE	TRUE
Hgfac	chr5	FALSE	FALSE
Hgh1	chr15	FALSE	FALSE
Hgs	chr11	FALSE	FALSE
Hgsnat	chr8	FALSE	FALSE
Hhat	chr1	TRUE	TRUE
Hhatl	chr9	TRUE	FALSE
Hhex	chr19	FALSE	FALSE
Hhip	chr8	FALSE	FALSE
Hhipl1	chr12	TRUE	TRUE
Hhipl2	chr1	FALSE	FALSE
Hhla1	chr15	FALSE	TRUE
Hibadh	chr6	TRUE	TRUE
Hibch	chr1	FALSE	FALSE
Hic1	chr11	TRUE	TRUE
Hic2	chr16	TRUE	TRUE
Hid1	chr11	TRUE	FALSE
Hif1a	chr12	FALSE	FALSE
Hif1an	chr19	TRUE	TRUE
Hif3a	chr7	FALSE	FALSE
Higd1a	chr9	TRUE	FALSE
Higd1b	chr11	TRUE	FALSE
Higd1c	chr15	FALSE	FALSE
Higd2a	chr13	FALSE	FALSE
Hikeshi	chr7	FALSE	FALSE
Hilpda	chr6	FALSE	FALSE
Hinfp	chr9	TRUE	FALSE
Hint1	chr11	FALSE	FALSE
Hint2	chr4	FALSE	FALSE
Hint3	chr10	FALSE	FALSE
Hip1	chr5	FALSE	TRUE
Hip1r	chr5	TRUE	FALSE
Hipk1	chr3	FALSE	FALSE
Hipk2	chr6	TRUE	TRUE
Hipk3	chr2	TRUE	TRUE
Hipk4	chr7	TRUE	FALSE
Hira	chr16	FALSE	TRUE
Hirip3	chr7	TRUE	FALSE
Hist1h2bp	chr13	TRUE	FALSE
Hivep1	chr13	FALSE	TRUE
Hivep2	chr10	FALSE	TRUE
Hivep3	chr4	FALSE	FALSE
Hjurp	chr1	FALSE	FALSE
Hjv	chr3	FALSE	FALSE
Hk1	chr10	FALSE	FALSE
Hk2	chr6	FALSE	FALSE
Hk3	chr13	TRUE	FALSE
Hkdc1	chr10	FALSE	FALSE
Hlcs	chr16	TRUE	TRUE
Hlf	chr11	TRUE	TRUE
Hltf	chr3	FALSE	TRUE
Hlx	chr1	TRUE	FALSE
Hmbox1	chr14	TRUE	TRUE
Hmbs	chr9	FALSE	FALSE
Hmces	chr6	FALSE	TRUE
Hmcn1	chr1	FALSE	FALSE
Hmcn2	chr2	TRUE	TRUE
Hmg20a	chr9	FALSE	TRUE
Hmg20b	chr10	FALSE	FALSE
Hmga1	chr17	FALSE	FALSE
Hmga2	chr10	TRUE	TRUE
Hmgb1	chr5	TRUE	TRUE
Hmgb2	chr8	FALSE	FALSE
Hmgb3	chrX	FALSE	FALSE
Hmgcl	chr4	FALSE	FALSE
Hmgcll1	chr9	FALSE	FALSE
Hmgcr	chr13	FALSE	FALSE
Hmgcs1	chr13	FALSE	FALSE
Hmgcs2	chr3	FALSE	FALSE
Hmgn1	chr16	FALSE	FALSE
Hmgn2	chr4	FALSE	FALSE
Hmgn3	chr9	TRUE	TRUE
Hmgn5	chrX	FALSE	FALSE
Hmgxb3	chr18	FALSE	TRUE
Hmgxb4	chr8	FALSE	FALSE
Hmmr	chr11	TRUE	TRUE
Hmox1	chr8	TRUE	FALSE
Hmox2	chr16	FALSE	FALSE
Hmx1	chr5	FALSE	FALSE
Hmx2	chr7	FALSE	FALSE
Hmx3	chr7	TRUE	FALSE
Hnf1a	chr5	TRUE	FALSE
Hnf1b	chr11	FALSE	FALSE
Hnf4a	chr2	TRUE	TRUE
Hnf4g	chr3	FALSE	TRUE
Hnmt	chr2	FALSE	FALSE
Hnrnpa1	chr15	FALSE	FALSE
Hnrnpa2b1	chr6	FALSE	FALSE
Hnrnpa3	chr2	FALSE	FALSE
Hnrnpab	chr11	TRUE	FALSE
Hnrnpc	chr14	FALSE	FALSE
Hnrnpd	chr5	FALSE	FALSE
Hnrnpdl	chr5	FALSE	FALSE
Hnrnpf	chr6	FALSE	FALSE
Hnrnph1	chr11	FALSE	FALSE
Hnrnph2	chrX	TRUE	FALSE
Hnrnph3	chr10	FALSE	FALSE
Hnrnpk	chr13	TRUE	TRUE
Hnrnpl	chr7	FALSE	FALSE
Hnrnpll	chr17	FALSE	FALSE
Hnrnpm	chr17	FALSE	FALSE
Hnrnpr	chr4	FALSE	FALSE
Hnrnpu	chr1	FALSE	FALSE
Hnrnpul1	chr7	FALSE	FALSE
Hnrnpul2	chr19	FALSE	FALSE
Hoga1	chr19	TRUE	FALSE
Homer1	chr13	FALSE	FALSE
Homer2	chr7	TRUE	TRUE
Homer3	chr8	FALSE	FALSE
Homez	chr14	FALSE	FALSE
Hook1	chr4	FALSE	FALSE
Hook2	chr8	FALSE	FALSE
Hook3	chr8	FALSE	TRUE
Hopx	chr5	FALSE	FALSE
Hormad1	chr3	FALSE	FALSE
Hormad2	chr11	FALSE	FALSE
Hoxa1	chr6	TRUE	FALSE
Hoxa10	chr6	TRUE	FALSE
Hoxa11	chr6	TRUE	FALSE
Hoxa13	chr6	FALSE	FALSE
Hoxa2	chr6	FALSE	FALSE
Hoxa3	chr6	FALSE	FALSE
Hoxa4	chr6	TRUE	FALSE
Hoxa5	chr6	TRUE	FALSE
Hoxa6	chr6	TRUE	FALSE
Hoxa7	chr6	FALSE	FALSE
Hoxa9	chr6	TRUE	FALSE
Hoxb1	chr11	FALSE	FALSE
Hoxb13	chr11	FALSE	FALSE
Hoxb3	chr11	TRUE	FALSE
Hoxb4	chr11	FALSE	FALSE
Hoxb6	chr11	FALSE	FALSE
Hoxb7	chr11	TRUE	TRUE
Hoxb8	chr11	FALSE	FALSE
Hoxb9	chr11	FALSE	FALSE
Hoxc10	chr15	FALSE	FALSE
Hoxc11	chr15	FALSE	FALSE
Hoxc12	chr15	TRUE	FALSE
Hoxc13	chr15	TRUE	FALSE
Hoxc4	chr15	TRUE	TRUE
Hoxc5	chr15	FALSE	FALSE
Hoxc6	chr15	FALSE	FALSE
Hoxc8	chr15	TRUE	FALSE
Hoxc9	chr15	FALSE	FALSE
Hoxd1	chr2	FALSE	FALSE
Hoxd10	chr2	TRUE	FALSE
Hoxd11	chr2	FALSE	FALSE
Hoxd12	chr2	TRUE	FALSE
Hoxd13	chr2	FALSE	FALSE
Hoxd3	chr2	FALSE	FALSE
Hoxd4	chr2	FALSE	FALSE
Hoxd8	chr2	TRUE	FALSE
Hoxd9	chr2	TRUE	FALSE
Hp	chr8	TRUE	TRUE
Hp1bp3	chr4	TRUE	TRUE
Hpca	chr4	TRUE	TRUE
Hpcal1	chr12	FALSE	FALSE
Hpcal4	chr4	FALSE	FALSE
Hpd	chr5	TRUE	FALSE
Hpf1	chr8	FALSE	FALSE
Hpgd	chr8	FALSE	FALSE
Hpgds	chr6	TRUE	FALSE
Hpn	chr7	TRUE	FALSE
Hprt	chrX	FALSE	FALSE
Hps1	chr19	FALSE	FALSE
Hps3	chr3	FALSE	FALSE
Hps4	chr5	FALSE	FALSE
Hps5	chr7	FALSE	FALSE
Hpse	chr5	FALSE	FALSE
Hpse2	chr19	FALSE	TRUE
Hpx	chr7	TRUE	FALSE
Hr	chr14	FALSE	FALSE
Hras	chr7	TRUE	FALSE
Hrc	chr7	TRUE	FALSE
Hrg	chr16	TRUE	FALSE
Hrh1	chr6	TRUE	TRUE
Hrh2	chr13	FALSE	FALSE
Hrh3	chr2	TRUE	FALSE
Hrh4	chr18	TRUE	FALSE
Hrk	chr5	TRUE	FALSE
Hrnr	chr3	TRUE	FALSE
Hrob	chr11	FALSE	FALSE
Hs1bp3	chr12	FALSE	FALSE
Hs2st1	chr3	FALSE	TRUE
Hs3st1	chr5	FALSE	TRUE
Hs3st2	chr7	FALSE	FALSE
Hs3st3a1	chr11	FALSE	FALSE
Hs3st3b1	chr11	FALSE	FALSE
Hs3st4	chr7	FALSE	FALSE
Hs3st5	chr10	FALSE	FALSE
Hs3st6	chr17	FALSE	FALSE
Hs6st1	chr1	FALSE	FALSE
Hs6st2	chrX	FALSE	FALSE
Hs6st3	chr14	TRUE	TRUE
Hsbp1	chr8	FALSE	FALSE
Hsbp1l1	chr18	TRUE	TRUE
Hscb	chr5	FALSE	FALSE
Hsd11b1	chr1	FALSE	FALSE
Hsd11b2	chr8	TRUE	FALSE
Hsd17b1	chr11	TRUE	FALSE
Hsd17b10	chrX	TRUE	FALSE
Hsd17b11	chr5	TRUE	TRUE
Hsd17b12	chr2	FALSE	FALSE
Hsd17b13	chr5	FALSE	FALSE
Hsd17b14	chr7	FALSE	FALSE
Hsd17b2	chr8	FALSE	FALSE
Hsd17b3	chr13	FALSE	FALSE
Hsd17b4	chr18	FALSE	FALSE
Hsd17b6	chr10	TRUE	FALSE
Hsd17b7	chr1	FALSE	FALSE
Hsd3b1	chr3	FALSE	FALSE
Hsd3b2	chr3	FALSE	FALSE
Hsd3b3	chr3	FALSE	FALSE
Hsd3b5	chr3	FALSE	FALSE
Hsd3b6	chr3	TRUE	FALSE
Hsd3b7	chr7	TRUE	FALSE
Hsdl1	chr8	FALSE	FALSE
Hsdl2	chr4	FALSE	FALSE
Hsf1	chr15	TRUE	TRUE
Hsf2	chr10	FALSE	FALSE
Hsf2bp	chr17	FALSE	FALSE
Hsf3	chrX	FALSE	TRUE
Hsf4	chr8	TRUE	FALSE
Hsf5	chr11	TRUE	TRUE
Hsh2d	chr8	FALSE	FALSE
Hsp90aa1	chr12	FALSE	FALSE
Hsp90ab1	chr17	TRUE	FALSE
Hsp90b1	chr10	FALSE	FALSE
Hspa12a	chr19	TRUE	TRUE
Hspa12b	chr2	TRUE	FALSE
Hspa13	chr16	FALSE	FALSE
Hspa14	chr2	FALSE	FALSE
Hspa1l	chr17	FALSE	FALSE
Hspa2	chr12	FALSE	FALSE
Hspa4	chr11	FALSE	FALSE
Hspa4l	chr3	FALSE	FALSE
Hspa5	chr2	FALSE	FALSE
Hspa8	chr9	TRUE	FALSE
Hspa9	chr18	TRUE	FALSE
Hspb1	chr5	TRUE	FALSE
Hspb11	chr4	FALSE	FALSE
Hspb2	chr9	TRUE	FALSE
Hspb6	chr7	TRUE	FALSE
Hspb7	chr4	TRUE	TRUE
Hspb8	chr5	FALSE	FALSE
Hspbap1	chr16	TRUE	TRUE
Hspbp1	chr7	FALSE	FALSE
Hspd1	chr1	FALSE	FALSE
Hspe1	chr1	FALSE	FALSE
Hspg2	chr4	TRUE	TRUE
Hsph1	chr5	FALSE	FALSE
Htatip2	chr7	FALSE	FALSE
Htatsf1	chrX	FALSE	FALSE
Htr1b	chr9	FALSE	FALSE
Htr1d	chr4	TRUE	TRUE
Htr1f	chr16	FALSE	TRUE
Htr2a	chr14	FALSE	FALSE
Htr2b	chr1	FALSE	FALSE
Htr2c	chrX	FALSE	FALSE
Htr3a	chr9	TRUE	FALSE
Htr3b	chr9	TRUE	FALSE
Htr4	chr18	FALSE	TRUE
Htr5a	chr5	FALSE	FALSE
Htr5b	chr1	FALSE	FALSE
Htr6	chr4	TRUE	TRUE
Htr7	chr19	FALSE	FALSE
Htra1	chr7	TRUE	TRUE
Htra2	chr6	FALSE	FALSE
Htra3	chr5	TRUE	FALSE
Htra4	chr8	TRUE	FALSE
Htt	chr5	FALSE	TRUE
Hunk	chr16	FALSE	FALSE
Hus1	chr11	FALSE	FALSE
Huwe1	chrX	FALSE	FALSE
Hvcn1	chr5	TRUE	FALSE
Hyal1	chr9	FALSE	FALSE
Hyal2	chr9	FALSE	FALSE
Hyal3	chr9	TRUE	FALSE
Hyal4	chr6	TRUE	FALSE
Hyal5	chr6	FALSE	FALSE
Hyal6	chr6	FALSE	FALSE
Hydin	chr8	FALSE	FALSE
Hykk	chr9	TRUE	FALSE
Hyls1	chr9	FALSE	FALSE
Hyou1	chr9	TRUE	FALSE
Hypk	chr2	FALSE	FALSE
I0C0044D17Rik	chr4	FALSE	FALSE
I830077J02Rik	chr3	FALSE	FALSE
Iah1	chr12	FALSE	FALSE
Iapp	chr6	FALSE	FALSE
Iars	chr13	FALSE	FALSE
Iars2	chr1	TRUE	FALSE
Iba57	chr11	TRUE	FALSE
Ibsp	chr5	FALSE	FALSE
Ibtk	chr9	FALSE	FALSE
Ica1	chr6	FALSE	TRUE
Ica1l	chr1	FALSE	FALSE
Icam1	chr9	FALSE	FALSE
Icam2	chr11	FALSE	FALSE
Icam4	chr9	TRUE	FALSE
Icam5	chr9	TRUE	FALSE
Ice1	chr13	FALSE	TRUE
Ice2	chr9	TRUE	FALSE
Icmt	chr4	FALSE	FALSE
Icos	chr1	FALSE	FALSE
Icosl	chr10	TRUE	FALSE
Id2	chr12	FALSE	FALSE
Id3	chr4	TRUE	FALSE
Id4	chr13	FALSE	FALSE
Ide	chr19	TRUE	TRUE
Idh1	chr1	FALSE	FALSE
Idh2	chr7	FALSE	FALSE
Idh3a	chr9	FALSE	FALSE
Idh3b	chr2	TRUE	FALSE
Idh3g	chrX	FALSE	FALSE
Idi1	chr13	FALSE	FALSE
Idi2	chr13	FALSE	FALSE
Idnk	chr13	TRUE	FALSE
Ido1	chr8	FALSE	FALSE
Ido2	chr8	FALSE	FALSE
Ids	chrX	FALSE	FALSE
Idua	chr5	TRUE	FALSE
Ier3	chr17	FALSE	FALSE
Ier3ip1	chr18	FALSE	FALSE
Iffo1	chr6	TRUE	FALSE
Iffo2	chr4	TRUE	TRUE
Ifi202b	chr1	FALSE	FALSE
Ifi203	chr1	FALSE	FALSE
Ifi204	chr1	FALSE	FALSE
Ifi205	chr1	FALSE	FALSE
Ifi206	chr1	FALSE	FALSE
Ifi207	chr1	FALSE	FALSE
Ifi208	chr1	FALSE	FALSE
Ifi209	chr1	TRUE	FALSE
Ifi211	chr1	TRUE	FALSE
Ifi213	chr1	FALSE	FALSE
Ifi214	chr1	FALSE	FALSE
Ifi27	chr12	FALSE	FALSE
Ifi27l2a	chr12	TRUE	FALSE
Ifi27l2b	chr12	FALSE	FALSE
Ifi35	chr11	FALSE	FALSE
Ifi44	chr3	FALSE	FALSE
Ifi44l	chr3	TRUE	TRUE
Ifi47	chr11	FALSE	FALSE
Ifih1	chr2	FALSE	FALSE
Ifit1	chr19	TRUE	FALSE
Ifit1bl1	chr19	FALSE	FALSE
Ifit1bl2	chr19	FALSE	FALSE
Ifit2	chr19	FALSE	FALSE
Ifit3	chr19	TRUE	FALSE
Ifit3b	chr19	FALSE	FALSE
Ifitm1	chr7	FALSE	FALSE
Ifitm10	chr7	TRUE	TRUE
Ifitm2	chr7	FALSE	FALSE
Ifitm3	chr7	TRUE	FALSE
Ifitm5	chr7	TRUE	FALSE
Ifitm6	chr7	TRUE	FALSE
Ifitm7	chr16	FALSE	FALSE
Ifnar1	chr16	FALSE	FALSE
Ifnar2	chr16	TRUE	TRUE
Ifng	chr10	FALSE	FALSE
Ifngr1	chr10	FALSE	TRUE
Ifngr2	chr16	FALSE	FALSE
Ifnk	chr4	FALSE	FALSE
Ifnl2	chr7	FALSE	FALSE
Ifnl3	chr7	TRUE	FALSE
Ifnlr1	chr4	TRUE	FALSE
Ifrd1	chr12	FALSE	FALSE
Ifrd2	chr9	FALSE	FALSE
Ift122	chr6	FALSE	FALSE
Ift140	chr17	FALSE	TRUE
Ift172	chr5	FALSE	FALSE
Ift20	chr11	FALSE	FALSE
Ift22	chr5	TRUE	FALSE
Ift27	chr15	FALSE	FALSE
Ift43	chr12	FALSE	FALSE
Ift46	chr9	FALSE	FALSE
Ift52	chr2	FALSE	FALSE
Ift57	chr16	FALSE	FALSE
Ift74	chr4	FALSE	FALSE
Ift80	chr3	FALSE	TRUE
Ift81	chr5	TRUE	TRUE
Ift88	chr14	FALSE	FALSE
Igbp1	chrX	FALSE	FALSE
Igdcc3	chr9	TRUE	FALSE
Igdcc4	chr9	TRUE	TRUE
Igf1	chr10	FALSE	FALSE
Igf1r	chr7	TRUE	TRUE
Igf2	chr7	TRUE	FALSE
Igf2bp1	chr11	TRUE	FALSE
Igf2bp2	chr16	FALSE	FALSE
Igf2bp3	chr6	TRUE	TRUE
Igf2r	chr17	FALSE	FALSE
Igfals	chr17	TRUE	FALSE
Igfbp1	chr11	TRUE	FALSE
Igfbp2	chr1	TRUE	TRUE
Igfbp3	chr11	TRUE	FALSE
Igfbp4	chr11	FALSE	FALSE
Igfbp5	chr1	FALSE	FALSE
Igfbp6	chr15	FALSE	FALSE
Igfbp7	chr5	TRUE	TRUE
Igfbpl1	chr4	TRUE	TRUE
Igfl3	chr7	TRUE	FALSE
Igflr1	chr7	TRUE	FALSE
Igfn1	chr1	FALSE	FALSE
Ighmbp2	chr19	TRUE	FALSE
Igll1	chr16	FALSE	TRUE
Iglon5	chr7	TRUE	TRUE
Igsf1	chrX	TRUE	FALSE
Igsf10	chr3	FALSE	FALSE
Igsf11	chr16	TRUE	TRUE
Igsf21	chr4	TRUE	TRUE
Igsf23	chr7	TRUE	FALSE
Igsf3	chr3	TRUE	TRUE
Igsf5	chr16	FALSE	TRUE
Igsf6	chr7	TRUE	TRUE
Igsf8	chr1	FALSE	FALSE
Igsf9	chr1	TRUE	FALSE
Igsf9b	chr9	TRUE	TRUE
Igtp	chr11	TRUE	FALSE
Ihh	chr1	TRUE	TRUE
Iigp1	chr18	FALSE	FALSE
Ik	chr18	FALSE	FALSE
Ikbip	chr10	TRUE	FALSE
Ikbkb	chr8	TRUE	TRUE
Ikbke	chr1	TRUE	TRUE
Ikbkg	chrX	FALSE	FALSE
Ikzf1	chr11	FALSE	FALSE
Ikzf2	chr1	TRUE	TRUE
Ikzf3	chr11	TRUE	TRUE
Ikzf4	chr10	FALSE	FALSE
Ikzf5	chr7	TRUE	TRUE
Il10	chr1	FALSE	FALSE
Il10ra	chr9	FALSE	FALSE
Il10rb	chr16	FALSE	FALSE
Il11	chr7	TRUE	FALSE
Il11ra1	chr4	TRUE	TRUE
Il12a	chr3	TRUE	FALSE
Il12b	chr11	TRUE	FALSE
Il12rb1	chr8	TRUE	TRUE
Il12rb2	chr6	FALSE	TRUE
Il13	chr11	FALSE	FALSE
Il13ra1	chrX	TRUE	TRUE
Il13ra2	chrX	FALSE	FALSE
Il15	chr8	FALSE	FALSE
Il15ra	chr2	FALSE	FALSE
Il16	chr7	FALSE	FALSE
Il17a	chr1	FALSE	FALSE
Il17b	chr18	TRUE	FALSE
Il17c	chr8	FALSE	FALSE
Il17d	chr14	FALSE	FALSE
Il17f	chr1	FALSE	FALSE
Il17ra	chr6	TRUE	TRUE
Il17rb	chr14	TRUE	TRUE
Il17rc	chr6	TRUE	FALSE
Il17rd	chr14	TRUE	TRUE
Il17re	chr6	FALSE	FALSE
Il18	chr9	FALSE	FALSE
Il18bp	chr7	TRUE	FALSE
Il18r1	chr1	FALSE	FALSE
Il18rap	chr1	FALSE	FALSE
Il19	chr1	TRUE	TRUE
Il1a	chr2	TRUE	FALSE
Il1b	chr2	FALSE	FALSE
Il1f10	chr2	FALSE	FALSE
Il1f5	chr2	FALSE	FALSE
Il1f6	chr2	FALSE	FALSE
Il1f8	chr2	TRUE	FALSE
Il1f9	chr2	FALSE	FALSE
Il1r1	chr1	TRUE	TRUE
Il1r2	chr1	TRUE	TRUE
Il1rap	chr16	FALSE	TRUE
Il1rapl1	chrX	FALSE	FALSE
Il1rapl2	chrX	FALSE	TRUE
Il1rl1	chr1	FALSE	FALSE
Il1rl2	chr1	FALSE	FALSE
Il1rn	chr2	FALSE	FALSE
Il2	chr3	TRUE	FALSE
Il20	chr1	FALSE	FALSE
Il20ra	chr10	FALSE	FALSE
Il20rb	chr9	FALSE	FALSE
Il21	chr3	FALSE	FALSE
Il21r	chr7	FALSE	FALSE
Il22	chr10	TRUE	FALSE
Il22ra1	chr4	FALSE	FALSE
Il22ra2	chr10	FALSE	FALSE
Il23a	chr10	TRUE	FALSE
Il23r	chr6	FALSE	FALSE
Il24	chr1	FALSE	FALSE
Il25	chr14	FALSE	FALSE
Il27	chr7	TRUE	FALSE
Il27ra	chr8	TRUE	TRUE
Il2ra	chr2	FALSE	FALSE
Il2rb	chr15	FALSE	FALSE
Il2rg	chrX	FALSE	FALSE
Il3	chr11	TRUE	FALSE
Il31	chr5	FALSE	FALSE
Il31ra	chr13	TRUE	TRUE
Il33	chr19	FALSE	FALSE
Il34	chr8	FALSE	FALSE
Il3ra	chr14	FALSE	FALSE
Il4	chr11	FALSE	FALSE
Il4i1	chr7	FALSE	FALSE
Il4ra	chr7	TRUE	TRUE
Il5	chr11	TRUE	FALSE
Il5ra	chr6	FALSE	FALSE
Il6	chr5	TRUE	FALSE
Il6ra	chr3	TRUE	TRUE
Il6st	chr13	FALSE	TRUE
Il7	chr3	FALSE	FALSE
Il7r	chr15	FALSE	FALSE
Il9	chr13	TRUE	FALSE
Il9r	chr11	FALSE	FALSE
Ildr1	chr16	TRUE	TRUE
Ildr2	chr1	FALSE	FALSE
Ilf2	chr3	FALSE	FALSE
Ilf3	chr9	TRUE	TRUE
Ilk	chr7	TRUE	FALSE
Ilkap	chr1	FALSE	FALSE
Ilrun	chr17	TRUE	TRUE
Iltifb	chr10	TRUE	TRUE
Ilvbl	chr10	FALSE	FALSE
Immp1l	chr2	FALSE	FALSE
Immp2l	chr12	FALSE	TRUE
Immt	chr6	FALSE	FALSE
Imp4	chr1	FALSE	FALSE
Impa1	chr3	TRUE	TRUE
Impa2	chr18	TRUE	TRUE
Impact	chr18	FALSE	FALSE
Impad1	chr4	FALSE	TRUE
Impdh1	chr6	TRUE	TRUE
Impdh2	chr9	FALSE	FALSE
Impg1	chr9	FALSE	FALSE
Impg2	chr16	TRUE	TRUE
Ina	chr19	TRUE	FALSE
Inava	chr1	TRUE	TRUE
Inca1	chr11	TRUE	FALSE
Incenp	chr19	FALSE	FALSE
Inf2	chr12	TRUE	TRUE
Ing1	chr8	FALSE	FALSE
Ing2	chr8	FALSE	FALSE
Ing3	chr6	FALSE	FALSE
Ing4	chr6	FALSE	FALSE
Ing5	chr1	FALSE	FALSE
Inha	chr1	TRUE	FALSE
Inhba	chr13	FALSE	FALSE
Inhbb	chr1	TRUE	FALSE
Inhbc	chr10	FALSE	FALSE
Inhbe	chr10	FALSE	FALSE
Inip	chr4	FALSE	FALSE
Inka1	chr9	TRUE	FALSE
Inka2	chr3	FALSE	FALSE
Inmt	chr6	TRUE	FALSE
Ino80	chr2	FALSE	TRUE
Ino80b	chr6	TRUE	FALSE
Ino80c	chr18	FALSE	FALSE
Ino80d	chr1	TRUE	TRUE
Ino80e	chr7	FALSE	FALSE
Inpp1	chr1	FALSE	FALSE
Inpp4a	chr1	FALSE	FALSE
Inpp4b	chr8	FALSE	TRUE
Inpp5a	chr7	FALSE	TRUE
Inpp5b	chr4	TRUE	TRUE
Inpp5d	chr1	FALSE	FALSE
Inpp5e	chr2	TRUE	FALSE
Inpp5f	chr7	FALSE	FALSE
Inpp5j	chr11	FALSE	FALSE
Inpp5k	chr11	FALSE	FALSE
Inppl1	chr7	TRUE	FALSE
Ins1	chr19	FALSE	FALSE
Ins2	chr7	FALSE	TRUE
Insc	chr7	TRUE	TRUE
Insig1	chr5	FALSE	FALSE
Insig2	chr1	FALSE	FALSE
Insl3	chr8	FALSE	FALSE
Insl5	chr4	TRUE	TRUE
Insl6	chr19	FALSE	FALSE
Insr	chr8	FALSE	TRUE
Insrr	chr3	TRUE	TRUE
Insyn1	chr9	FALSE	FALSE
Insyn2a	chr7	FALSE	FALSE
Insyn2b	chr11	FALSE	FALSE
Ints1	chr5	TRUE	FALSE
Ints10	chr8	FALSE	FALSE
Ints11	chr4	TRUE	FALSE
Ints12	chr3	FALSE	FALSE
Ints13	chr6	TRUE	TRUE
Ints14	chr9	TRUE	FALSE
Ints2	chr11	TRUE	TRUE
Ints3	chr3	TRUE	TRUE
Ints4	chr7	FALSE	FALSE
Ints5	chr19	FALSE	FALSE
Ints6	chr14	TRUE	TRUE
Ints6l	chrX	FALSE	FALSE
Ints7	chr1	FALSE	FALSE
Ints8	chr4	FALSE	FALSE
Ints9	chr14	TRUE	TRUE
Intu	chr3	FALSE	FALSE
Invs	chr4	TRUE	TRUE
Ip6k1	chr9	TRUE	FALSE
Ip6k2	chr9	FALSE	FALSE
Ip6k3	chr17	TRUE	FALSE
Ipcef1	chr10	FALSE	FALSE
Ipmk	chr10	FALSE	FALSE
Ipo11	chr13	FALSE	TRUE
Ipo13	chr4	FALSE	FALSE
Ipo4	chr14	TRUE	FALSE
Ipo5	chr14	FALSE	FALSE
Ipo7	chr7	FALSE	FALSE
Ipo8	chr6	FALSE	FALSE
Ipo9	chr1	FALSE	FALSE
Ipp	chr4	FALSE	FALSE
Ippk	chr13	TRUE	TRUE
Iqank1	chr15	TRUE	FALSE
Iqca	chr1	FALSE	FALSE
Iqca1l	chr5	TRUE	TRUE
Iqcb1	chr16	FALSE	FALSE
Iqcc	chr4	FALSE	FALSE
Iqcd	chr5	FALSE	FALSE
Iqce	chr5	FALSE	TRUE
Iqcf1	chr9	FALSE	FALSE
Iqcf2	chr9	FALSE	TRUE
Iqcf4	chr9	TRUE	FALSE
Iqcf5	chr9	FALSE	FALSE
Iqcf6	chr9	FALSE	FALSE
Iqcg	chr16	FALSE	FALSE
Iqch	chr9	FALSE	TRUE
Iqcj	chr3	FALSE	TRUE
Iqck	chr7	FALSE	FALSE
Iqcm	chr8	FALSE	TRUE
Iqcn	chr8	FALSE	FALSE
Iqgap1	chr7	TRUE	TRUE
Iqgap2	chr13	TRUE	TRUE
Iqgap3	chr3	FALSE	FALSE
Iqschfp	chr3	FALSE	FALSE
Iqsec1	chr6	FALSE	TRUE
Iqsec2	chrX	FALSE	FALSE
Iqsec3	chr6	TRUE	TRUE
Iqub	chr6	TRUE	TRUE
Irak1	chrX	TRUE	TRUE
Irak1bp1	chr9	FALSE	FALSE
Irak2	chr6	TRUE	TRUE
Irak3	chr10	FALSE	FALSE
Irak4	chr15	FALSE	FALSE
Ireb2	chr9	FALSE	FALSE
Irf1	chr11	TRUE	FALSE
Irf2	chr8	TRUE	TRUE
Irf2bp2	chr8	FALSE	FALSE
Irf3	chr7	TRUE	FALSE
Irf4	chr13	FALSE	FALSE
Irf5	chr6	FALSE	FALSE
Irf6	chr1	FALSE	FALSE
Irf8	chr8	TRUE	FALSE
Irf9	chr14	FALSE	FALSE
Irgc1	chr7	FALSE	FALSE
Irgm1	chr11	TRUE	FALSE
Irgm2	chr11	TRUE	FALSE
Irgq	chr7	TRUE	FALSE
Irs1	chr1	TRUE	TRUE
Irs2	chr8	FALSE	FALSE
Irs3	chr5	FALSE	FALSE
Irs4	chrX	FALSE	FALSE
Irx1	chr13	TRUE	FALSE
Irx2	chr13	TRUE	FALSE
Irx3	chr8	TRUE	FALSE
Irx4	chr13	TRUE	FALSE
Irx5	chr8	TRUE	TRUE
Irx6	chr8	TRUE	FALSE
Isca1	chr13	FALSE	FALSE
Iscu	chr5	TRUE	FALSE
Isg15	chr4	TRUE	FALSE
Isg20	chr7	TRUE	FALSE
Isg20l2	chr3	TRUE	TRUE
Isl1	chr13	TRUE	FALSE
Isl2	chr9	FALSE	FALSE
Islr	chr9	FALSE	FALSE
Islr2	chr9	TRUE	TRUE
Ism1	chr2	TRUE	TRUE
Ism2	chr12	FALSE	FALSE
Isoc1	chr18	TRUE	FALSE
Isoc2a	chr7	FALSE	FALSE
Isoc2b	chr7	TRUE	TRUE
Ist1	chr8	FALSE	FALSE
Isx	chr8	FALSE	FALSE
Isy1	chr6	FALSE	FALSE
Isyna1	chr8	TRUE	FALSE
Itch	chr2	FALSE	TRUE
Itfg1	chr8	TRUE	TRUE
Itfg2	chr6	TRUE	FALSE
Itga1	chr13	FALSE	FALSE
Itga10	chr3	FALSE	FALSE
Itga11	chr9	FALSE	FALSE
Itga2	chr13	FALSE	FALSE
Itga2b	chr11	FALSE	FALSE
Itga3	chr11	FALSE	FALSE
Itga4	chr2	FALSE	FALSE
Itga5	chr15	TRUE	TRUE
Itga6	chr2	TRUE	TRUE
Itga7	chr10	FALSE	FALSE
Itga8	chr2	FALSE	FALSE
Itga9	chr9	FALSE	TRUE
Itgad	chr7	FALSE	TRUE
Itgae	chr11	TRUE	TRUE
Itgal	chr7	TRUE	TRUE
Itgam	chr7	FALSE	FALSE
Itgav	chr2	FALSE	FALSE
Itgax	chr7	TRUE	TRUE
Itgb1	chr8	FALSE	FALSE
Itgb1bp1	chr12	FALSE	FALSE
Itgb1bp2	chrX	FALSE	FALSE
Itgb2	chr10	FALSE	FALSE
Itgb2l	chr16	FALSE	FALSE
Itgb3	chr11	FALSE	FALSE
Itgb3bp	chr4	FALSE	TRUE
Itgb4	chr11	TRUE	TRUE
Itgb5	chr16	FALSE	FALSE
Itgb6	chr2	FALSE	FALSE
Itgb7	chr15	TRUE	TRUE
Itgb8	chr12	FALSE	FALSE
Itgbl1	chr14	FALSE	FALSE
Itih1	chr14	TRUE	FALSE
Itih2	chr2	FALSE	FALSE
Itih3	chr14	FALSE	FALSE
Itih4	chr14	TRUE	TRUE
Itih5	chr2	FALSE	FALSE
Itk	chr11	FALSE	FALSE
Itln1	chr1	FALSE	FALSE
Itm2a	chrX	FALSE	FALSE
Itm2b	chr14	TRUE	FALSE
Itm2c	chr1	FALSE	FALSE
Itpa	chr2	TRUE	TRUE
Itpk1	chr12	FALSE	FALSE
Itpka	chr2	TRUE	FALSE
Itpkb	chr1	TRUE	TRUE
Itpkc	chr7	FALSE	FALSE
Itpr1	chr6	FALSE	TRUE
Itpr2	chr6	FALSE	FALSE
Itpr3	chr17	TRUE	TRUE
Itprid1	chr6	TRUE	TRUE
Itprid2	chr2	FALSE	FALSE
Itprip	chr19	FALSE	FALSE
Itpripl1	chr2	TRUE	FALSE
Itsn1	chr16	TRUE	TRUE
Itsn2	chr12	TRUE	TRUE
Ivd	chr2	FALSE	FALSE
Ivl	chr3	FALSE	FALSE
Ivns1abp	chr1	FALSE	TRUE
Iws1	chr18	FALSE	FALSE
Iyd	chr10	FALSE	FALSE
Izumo1	chr7	TRUE	FALSE
Izumo1r	chr9	TRUE	FALSE
Izumo2	chr7	TRUE	FALSE
Izumo3	chr4	FALSE	FALSE
Izumo4	chr10	TRUE	FALSE
Jade1	chr3	FALSE	FALSE
Jade2	chr11	TRUE	TRUE
Jade3	chrX	FALSE	TRUE
Jag1	chr2	FALSE	FALSE
Jag2	chr12	TRUE	TRUE
Jagn1	chr6	TRUE	FALSE
Jak1	chr4	TRUE	TRUE
Jak2	chr19	FALSE	FALSE
Jak3	chr8	TRUE	FALSE
Jakmip1	chr5	TRUE	TRUE
Jakmip2	chr18	TRUE	TRUE
Jakmip3	chr7	TRUE	TRUE
Jam2	chr16	TRUE	TRUE
Jam3	chr9	TRUE	TRUE
Jaml	chr9	FALSE	FALSE
Jarid2	chr13	FALSE	TRUE
Jazf1	chr6	FALSE	TRUE
Jcad	chr18	TRUE	TRUE
Jchain	chr5	FALSE	FALSE
Jdp2	chr12	TRUE	TRUE
Jhy	chr9	TRUE	TRUE
Jkamp	chr12	FALSE	FALSE
Jmjd1c	chr10	FALSE	TRUE
Jmjd4	chr11	FALSE	FALSE
Jmjd6	chr11	TRUE	FALSE
Jmjd7	chr2	FALSE	FALSE
Jmjd8	chr17	FALSE	FALSE
Jmy	chr13	FALSE	FALSE
Josd1	chr15	TRUE	FALSE
Josd2	chr7	FALSE	FALSE
Jph1	chr1	FALSE	FALSE
Jph2	chr2	FALSE	FALSE
Jph3	chr8	FALSE	FALSE
Jph4	chr14	FALSE	FALSE
Jpt1	chr11	FALSE	FALSE
Jpt2	chr17	TRUE	FALSE
Jrk	chr15	FALSE	FALSE
Jsrp1	chr10	TRUE	FALSE
Jtb	chr3	FALSE	FALSE
Jup	chr11	FALSE	FALSE
Kalrn	chr16	TRUE	TRUE
Kank1	chr19	TRUE	TRUE
Kank2	chr9	FALSE	FALSE
Kank3	chr17	FALSE	FALSE
Kank4	chr4	FALSE	FALSE
Kansl1	chr11	TRUE	TRUE
Kansl1l	chr1	FALSE	TRUE
Kansl2	chr15	FALSE	FALSE
Kansl3	chr1	TRUE	TRUE
Kantr	chrX	FALSE	FALSE
Kap	chr6	FALSE	FALSE
Kars	chr8	FALSE	FALSE
Kat14	chr2	FALSE	FALSE
Kat2a	chr11	FALSE	FALSE
Kat2b	chr17	TRUE	TRUE
Kat5	chr19	TRUE	FALSE
Kat6a	chr8	FALSE	FALSE
Kat6b	chr14	FALSE	FALSE
Kat7	chr11	TRUE	TRUE
Kat8	chr7	FALSE	FALSE
Katna1	chr10	FALSE	FALSE
Katnal1	chr5	FALSE	FALSE
Katnal2	chr18	TRUE	TRUE
Katnb1	chr8	TRUE	FALSE
Katnbl1	chr2	FALSE	FALSE
Kazald1	chr19	TRUE	TRUE
Kazn	chr4	FALSE	FALSE
Kbtbd11	chr8	TRUE	TRUE
Kbtbd12	chr6	FALSE	FALSE
Kbtbd2	chr6	FALSE	FALSE
Kbtbd3	chr9	FALSE	FALSE
Kbtbd4	chr2	FALSE	FALSE
Kbtbd8	chr6	FALSE	FALSE
Kcmf1	chr6	FALSE	TRUE
Kcna1	chr6	TRUE	FALSE
Kcna10	chr3	TRUE	FALSE
Kcna2	chr3	TRUE	TRUE
Kcna4	chr2	FALSE	FALSE
Kcna6	chr6	FALSE	FALSE
Kcna7	chr7	FALSE	FALSE
Kcnab1	chr3	FALSE	FALSE
Kcnab2	chr4	TRUE	TRUE
Kcnab3	chr11	FALSE	FALSE
Kcnb1	chr2	TRUE	TRUE
Kcnb2	chr1	FALSE	FALSE
Kcnc1	chr7	FALSE	FALSE
Kcnc2	chr10	FALSE	TRUE
Kcnc3	chr7	FALSE	FALSE
Kcnc4	chr3	TRUE	FALSE
Kcnd1	chrX	FALSE	FALSE
Kcnd2	chr6	TRUE	TRUE
Kcnd3	chr3	FALSE	FALSE
Kcne1	chr16	FALSE	FALSE
Kcne2	chr16	TRUE	FALSE
Kcne3	chr7	FALSE	FALSE
Kcne4	chr1	FALSE	FALSE
Kcng1	chr2	FALSE	FALSE
Kcng2	chr18	FALSE	FALSE
Kcng3	chr17	FALSE	FALSE
Kcng4	chr8	TRUE	TRUE
Kcnh1	chr1	TRUE	TRUE
Kcnh2	chr5	TRUE	TRUE
Kcnh3	chr15	TRUE	TRUE
Kcnh4	chr11	TRUE	TRUE
Kcnh5	chr12	FALSE	FALSE
Kcnh6	chr11	TRUE	FALSE
Kcnh7	chr2	FALSE	TRUE
Kcnh8	chr17	FALSE	TRUE
Kcnip1	chr11	FALSE	FALSE
Kcnip2	chr19	TRUE	TRUE
Kcnip3	chr2	TRUE	TRUE
Kcnip4	chr5	FALSE	TRUE
Kcnj1	chr9	FALSE	FALSE
Kcnj10	chr1	TRUE	FALSE
Kcnj11	chr7	FALSE	FALSE
Kcnj12	chr11	FALSE	FALSE
Kcnj13	chr1	FALSE	FALSE
Kcnj14	chr7	TRUE	FALSE
Kcnj15	chr16	TRUE	TRUE
Kcnj16	chr11	FALSE	FALSE
Kcnj2	chr11	FALSE	FALSE
Kcnj3	chr2	TRUE	TRUE
Kcnj4	chr15	TRUE	TRUE
Kcnj5	chr9	FALSE	FALSE
Kcnj6	chr16	TRUE	TRUE
Kcnj8	chr6	FALSE	FALSE
Kcnj9	chr1	FALSE	FALSE
Kcnk1	chr8	FALSE	FALSE
Kcnk10	chr12	TRUE	TRUE
Kcnk12	chr17	FALSE	FALSE
Kcnk13	chr12	TRUE	TRUE
Kcnk15	chr2	TRUE	FALSE
Kcnk16	chr14	FALSE	FALSE
Kcnk18	chr19	FALSE	FALSE
Kcnk2	chr1	FALSE	FALSE
Kcnk3	chr5	TRUE	TRUE
Kcnk4	chr19	TRUE	FALSE
Kcnk5	chr14	TRUE	TRUE
Kcnk6	chr7	TRUE	FALSE
Kcnk7	chr19	TRUE	FALSE
Kcnk9	chr15	FALSE	FALSE
Kcnma1	chr14	FALSE	FALSE
Kcnmb1	chr11	FALSE	FALSE
Kcnmb2	chr3	FALSE	TRUE
Kcnmb3	chr3	TRUE	TRUE
Kcnmb4	chr10	FALSE	TRUE
Kcnn1	chr8	TRUE	FALSE
Kcnn2	chr18	FALSE	FALSE
Kcnn3	chr3	TRUE	TRUE
Kcnn4	chr7	TRUE	FALSE
Kcnq1	chr7	TRUE	TRUE
Kcnq2	chr2	TRUE	TRUE
Kcnq3	chr15	FALSE	FALSE
Kcnq4	chr4	TRUE	TRUE
Kcnq5	chr1	FALSE	TRUE
Kcnrg	chr14	FALSE	FALSE
Kcns1	chr2	TRUE	TRUE
Kcns2	chr15	FALSE	FALSE
Kcns3	chr12	FALSE	FALSE
Kcnt1	chr2	TRUE	TRUE
Kcnt2	chr1	FALSE	TRUE
Kcnu1	chr8	FALSE	FALSE
Kcnv1	chr15	FALSE	FALSE
Kcnv2	chr19	FALSE	FALSE
Kcp	chr6	FALSE	FALSE
Kctd1	chr18	FALSE	TRUE
Kctd10	chr5	FALSE	FALSE
Kctd12b	chrX	FALSE	FALSE
Kctd13	chr7	TRUE	FALSE
Kctd14	chr7	TRUE	FALSE
Kctd15	chr7	TRUE	FALSE
Kctd16	chr18	FALSE	FALSE
Kctd17	chr15	FALSE	FALSE
Kctd18	chr1	FALSE	FALSE
Kctd19	chr8	FALSE	FALSE
Kctd2	chr11	TRUE	FALSE
Kctd20	chr17	FALSE	FALSE
Kctd21	chr7	FALSE	FALSE
Kctd3	chr1	TRUE	TRUE
Kctd4	chr14	TRUE	TRUE
Kctd5	chr17	FALSE	FALSE
Kctd6	chr14	FALSE	FALSE
Kctd7	chr5	FALSE	FALSE
Kctd8	chr5	FALSE	FALSE
Kctd9	chr14	FALSE	FALSE
Kdelr1	chr7	FALSE	FALSE
Kdelr2	chr5	FALSE	FALSE
Kdelr3	chr15	TRUE	TRUE
Kdf1	chr4	FALSE	FALSE
Kdm1a	chr4	TRUE	TRUE
Kdm1b	chr13	FALSE	FALSE
Kdm2a	chr19	FALSE	TRUE
Kdm2b	chr5	TRUE	TRUE
Kdm3a	chr6	FALSE	TRUE
Kdm3b	chr18	FALSE	TRUE
Kdm4a	chr4	FALSE	FALSE
Kdm4b	chr17	TRUE	TRUE
Kdm4c	chr4	FALSE	TRUE
Kdm4d	chr9	FALSE	FALSE
Kdm5a	chr6	FALSE	FALSE
Kdm5b	chr1	FALSE	TRUE
Kdm5c	chrX	TRUE	TRUE
Kdm6a	chrX	TRUE	TRUE
Kdm6b	chr11	FALSE	FALSE
Kdm7a	chr6	TRUE	TRUE
Kdm8	chr7	TRUE	FALSE
Kdr	chr5	TRUE	FALSE
Kdsr	chr1	FALSE	FALSE
Keap1	chr9	TRUE	FALSE
Keg1	chr19	FALSE	FALSE
Kel	chr6	FALSE	FALSE
Kera	chr10	FALSE	FALSE
Khdc1a	chr1	TRUE	FALSE
Khdc1b	chr1	FALSE	FALSE
Khdc1c	chr1	TRUE	FALSE
Khdc3	chr9	TRUE	FALSE
Khdc4	chr3	FALSE	FALSE
Khdrbs1	chr4	FALSE	FALSE
Khdrbs2	chr1	FALSE	FALSE
Khdrbs3	chr15	FALSE	FALSE
Khk	chr5	FALSE	FALSE
Khnyn	chr14	FALSE	FALSE
Khsrp	chr17	TRUE	FALSE
Kidins220	chr12	TRUE	TRUE
Kif11	chr19	TRUE	TRUE
Kif12	chr4	TRUE	FALSE
Kif13a	chr13	FALSE	FALSE
Kif13b	chr14	TRUE	TRUE
Kif14	chr1	TRUE	TRUE
Kif15	chr9	FALSE	FALSE
Kif16b	chr2	TRUE	TRUE
Kif17	chr4	FALSE	FALSE
Kif18a	chr2	FALSE	FALSE
Kif18b	chr11	TRUE	FALSE
Kif19a	chr11	TRUE	TRUE
Kif1a	chr1	FALSE	FALSE
Kif1b	chr4	TRUE	TRUE
Kif1c	chr11	TRUE	TRUE
Kif20a	chr18	FALSE	FALSE
Kif20b	chr19	FALSE	FALSE
Kif21a	chr15	FALSE	TRUE
Kif21b	chr1	TRUE	TRUE
Kif22	chr7	FALSE	FALSE
Kif23	chr9	FALSE	FALSE
Kif24	chr4	FALSE	TRUE
Kif26a	chr12	FALSE	FALSE
Kif26b	chr1	TRUE	TRUE
Kif27	chr13	TRUE	TRUE
Kif28	chr1	FALSE	TRUE
Kif2a	chr13	FALSE	FALSE
Kif2c	chr4	FALSE	FALSE
Kif3a	chr11	FALSE	FALSE
Kif3b	chr2	TRUE	TRUE
Kif3c	chr12	FALSE	FALSE
Kif4	chrX	FALSE	TRUE
Kif5a	chr10	TRUE	TRUE
Kif5b	chr18	FALSE	FALSE
Kif5c	chr2	TRUE	TRUE
Kif6	chr17	TRUE	TRUE
Kif7	chr7	TRUE	FALSE
Kif9	chr9	FALSE	TRUE
Kifap3	chr1	FALSE	TRUE
Kifbp	chr10	FALSE	FALSE
Kifc1	chr17	FALSE	FALSE
Kifc2	chr15	FALSE	FALSE
Kifc3	chr8	TRUE	TRUE
Kifc5b	chr17	FALSE	FALSE
Kin	chr2	FALSE	FALSE
Kir3dl1	chrX	TRUE	FALSE
Kir3dl2	chrX	FALSE	FALSE
Kirrel	chr3	FALSE	FALSE
Kirrel2	chr7	TRUE	FALSE
Kirrel3	chr9	TRUE	TRUE
Kiss1	chr1	TRUE	FALSE
Kiss1r	chr10	TRUE	FALSE
Kit	chr5	FALSE	TRUE
Kitl	chr10	FALSE	TRUE
Kiz	chr2	TRUE	TRUE
Kl	chr5	TRUE	TRUE
Klb	chr5	FALSE	TRUE
Klc1	chr12	TRUE	TRUE
Klc2	chr19	TRUE	FALSE
Klc3	chr7	TRUE	FALSE
Klc4	chr17	TRUE	FALSE
Klf1	chr8	TRUE	FALSE
Klf10	chr15	FALSE	FALSE
Klf11	chr12	FALSE	FALSE
Klf12	chr14	FALSE	TRUE
Klf13	chr7	FALSE	TRUE
Klf15	chr6	TRUE	TRUE
Klf16	chr10	FALSE	FALSE
Klf17	chr4	FALSE	FALSE
Klf2	chr8	TRUE	FALSE
Klf3	chr5	TRUE	TRUE
Klf4	chr4	TRUE	FALSE
Klf5	chr14	FALSE	FALSE
Klf6	chr13	FALSE	FALSE
Klf7	chr1	TRUE	TRUE
Klf8	chrX	FALSE	TRUE
Klf9	chr19	FALSE	FALSE
Klhdc1	chr12	FALSE	FALSE
Klhdc10	chr6	TRUE	TRUE
Klhdc2	chr12	FALSE	FALSE
Klhdc3	chr17	FALSE	FALSE
Klhdc4	chr8	FALSE	FALSE
Klhdc8a	chr1	FALSE	FALSE
Klhdc8b	chr9	FALSE	FALSE
Klhdc9	chr1	FALSE	FALSE
Klhl1	chr14	FALSE	FALSE
Klhl10	chr11	FALSE	FALSE
Klhl11	chr11	TRUE	FALSE
Klhl12	chr1	FALSE	FALSE
Klhl13	chrX	FALSE	FALSE
Klhl14	chr18	FALSE	TRUE
Klhl15	chrX	FALSE	FALSE
Klhl18	chr9	FALSE	TRUE
Klhl2	chr8	TRUE	TRUE
Klhl20	chr1	FALSE	FALSE
Klhl21	chr4	FALSE	FALSE
Klhl22	chr16	FALSE	FALSE
Klhl23	chr2	FALSE	FALSE
Klhl24	chr16	FALSE	FALSE
Klhl25	chr7	TRUE	FALSE
Klhl26	chr8	TRUE	TRUE
Klhl28	chr12	FALSE	FALSE
Klhl29	chr12	TRUE	TRUE
Klhl3	chr13	TRUE	TRUE
Klhl30	chr1	TRUE	FALSE
Klhl31	chr9	TRUE	TRUE
Klhl32	chr4	TRUE	TRUE
Klhl33	chr14	FALSE	FALSE
Klhl35	chr7	TRUE	FALSE
Klhl36	chr8	TRUE	FALSE
Klhl38	chr15	FALSE	FALSE
Klhl4	chrX	FALSE	FALSE
Klhl40	chr9	FALSE	FALSE
Klhl41	chr2	TRUE	FALSE
Klhl42	chr6	FALSE	FALSE
Klhl5	chr5	TRUE	FALSE
Klhl6	chr16	TRUE	FALSE
Klhl7	chr5	FALSE	FALSE
Klhl8	chr5	FALSE	FALSE
Klk1	chr7	FALSE	FALSE
Klk10	chr7	TRUE	FALSE
Klk11	chr7	FALSE	FALSE
Klk12	chr7	TRUE	FALSE
Klk13	chr7	TRUE	FALSE
Klk14	chr7	FALSE	FALSE
Klk15	chr7	TRUE	FALSE
Klk1b1	chr7	FALSE	FALSE
Klk1b11	chr7	TRUE	FALSE
Klk1b16	chr7	TRUE	FALSE
Klk1b21	chr7	FALSE	FALSE
Klk1b22	chr7	FALSE	FALSE
Klk1b24	chr7	TRUE	FALSE
Klk1b26	chr7	TRUE	FALSE
Klk1b27	chr7	FALSE	FALSE
Klk1b3	chr7	TRUE	FALSE
Klk1b4	chr7	TRUE	FALSE
Klk1b5	chr7	FALSE	FALSE
Klk1b8	chr7	FALSE	FALSE
Klk1b9	chr7	TRUE	FALSE
Klk4	chr7	FALSE	FALSE
Klk5	chr7	FALSE	FALSE
Klk6	chr7	FALSE	FALSE
Klk7	chr7	TRUE	FALSE
Klk8	chr7	FALSE	FALSE
Klk9	chr7	FALSE	FALSE
Klkb1	chr8	FALSE	FALSE
Klra1	chr6	FALSE	FALSE
Klra10	chr6	FALSE	FALSE
Klra17	chr6	FALSE	FALSE
Klra2	chr6	FALSE	FALSE
Klra3	chr6	FALSE	FALSE
Klra4	chr6	FALSE	FALSE
Klra5	chr6	FALSE	FALSE
Klra6	chr6	FALSE	FALSE
Klra7	chr6	FALSE	FALSE
Klra8	chr6	FALSE	FALSE
Klra9	chr6	FALSE	FALSE
Klrb1	chr6	FALSE	FALSE
Klrb1a	chr6	FALSE	FALSE
Klrb1b	chr6	TRUE	FALSE
Klrb1c	chr6	FALSE	FALSE
Klrb1f	chr6	FALSE	FALSE
Klrc1	chr6	FALSE	FALSE
Klrc2	chr6	TRUE	FALSE
Klrc3	chr6	FALSE	FALSE
Klrd1	chr6	FALSE	FALSE
Klre1	chr6	TRUE	FALSE
Klrg1	chr6	FALSE	FALSE
Klrg2	chr6	FALSE	FALSE
Klrh1	chr6	FALSE	FALSE
Klri1	chr6	FALSE	FALSE
Klri2	chr6	FALSE	FALSE
Klrk1	chr6	TRUE	FALSE
Kmo	chr1	FALSE	FALSE
Kmt2a	chr9	FALSE	FALSE
Kmt2b	chr7	FALSE	FALSE
Kmt2c	chr5	TRUE	TRUE
Kmt2d	chr15	TRUE	TRUE
Kmt2e	chr5	TRUE	TRUE
Kmt5a	chr5	FALSE	FALSE
Kmt5b	chr19	TRUE	TRUE
Kmt5c	chr7	FALSE	FALSE
Kncn	chr4	TRUE	FALSE
Kndc1	chr7	FALSE	TRUE
Kng1	chr16	FALSE	FALSE
Kng2	chr16	FALSE	FALSE
Knl1	chr2	FALSE	FALSE
Knop1	chr7	TRUE	TRUE
Knstrn	chr2	FALSE	FALSE
Kntc1	chr5	TRUE	TRUE
Kpna1	chr16	FALSE	FALSE
Kpna2	chr11	TRUE	FALSE
Kpna3	chr14	FALSE	TRUE
Kpna4	chr3	FALSE	FALSE
Kpna6	chr4	TRUE	FALSE
Kpna7	chr5	FALSE	TRUE
Kpnb1	chr11	FALSE	FALSE
Kprp	chr3	TRUE	FALSE
Kptn	chr7	FALSE	FALSE
Kras	chr6	FALSE	TRUE
Krba1	chr6	FALSE	FALSE
Krcc1	chr6	FALSE	FALSE
Kremen1	chr11	TRUE	TRUE
Kremen2	chr17	TRUE	FALSE
Kri1	chr9	TRUE	FALSE
Krit1	chr5	FALSE	TRUE
Krr1	chr10	FALSE	FALSE
Krt1	chr15	TRUE	FALSE
Krt10	chr11	FALSE	FALSE
Krt12	chr11	FALSE	FALSE
Krt13	chr11	FALSE	FALSE
Krt14	chr11	TRUE	FALSE
Krt15	chr11	FALSE	FALSE
Krt16	chr11	FALSE	FALSE
Krt17	chr11	FALSE	FALSE
Krt18	chr15	FALSE	FALSE
Krt19	chr11	TRUE	TRUE
Krt2	chr15	FALSE	FALSE
Krt20	chr11	FALSE	FALSE
Krt222	chr11	FALSE	FALSE
Krt23	chr11	FALSE	FALSE
Krt24	chr11	FALSE	FALSE
Krt25	chr11	TRUE	TRUE
Krt26	chr11	TRUE	FALSE
Krt27	chr11	FALSE	FALSE
Krt28	chr11	TRUE	FALSE
Krt31	chr11	FALSE	FALSE
Krt32	chr11	TRUE	FALSE
Krt33a	chr11	TRUE	FALSE
Krt33b	chr11	FALSE	FALSE
Krt34	chr11	TRUE	FALSE
Krt35	chr11	TRUE	FALSE
Krt36	chr11	TRUE	FALSE
Krt39	chr11	FALSE	FALSE
Krt4	chr15	FALSE	FALSE
Krt40	chr11	FALSE	FALSE
Krt42	chr11	FALSE	FALSE
Krt5	chr15	TRUE	TRUE
Krt6a	chr15	FALSE	FALSE
Krt6b	chr15	FALSE	FALSE
Krt7	chr15	FALSE	FALSE
Krt71	chr15	TRUE	TRUE
Krt72	chr15	TRUE	FALSE
Krt73	chr15	TRUE	FALSE
Krt75	chr15	FALSE	FALSE
Krt76	chr15	FALSE	FALSE
Krt77	chr15	FALSE	FALSE
Krt78	chr15	FALSE	FALSE
Krt79	chr15	TRUE	FALSE
Krt8	chr15	FALSE	FALSE
Krt80	chr15	TRUE	TRUE
Krt81	chr15	TRUE	FALSE
Krt82	chr15	TRUE	FALSE
Krt83	chr15	FALSE	FALSE
Krt84	chr15	TRUE	FALSE
Krt86	chr15	TRUE	FALSE
Krt87	chr15	TRUE	FALSE
Krt88	chr15	FALSE	FALSE
Krt9	chr11	TRUE	FALSE
Krt90	chr15	FALSE	FALSE
Krtap14	chr16	FALSE	FALSE
Krtap15	chr16	FALSE	FALSE
Krtap5-1	chr7	FALSE	FALSE
Krtcap2	chr3	FALSE	FALSE
Krtcap3	chr5	TRUE	FALSE
Krtdap	chr7	TRUE	FALSE
Ksr1	chr11	TRUE	TRUE
Ksr2	chr5	TRUE	TRUE
Ktn1	chr14	FALSE	TRUE
Kxd1	chr8	FALSE	FALSE
Ky	chr9	FALSE	FALSE
Kyat1	chr2	FALSE	FALSE
Kyat3	chr3	TRUE	TRUE
Kynu	chr2	FALSE	TRUE
L1cam	chrX	TRUE	TRUE
L1td1	chr4	TRUE	FALSE
L2hgdh	chr12	FALSE	FALSE
L3hypdh	chr12	TRUE	FALSE
L3mbtl1	chr2	TRUE	TRUE
L3mbtl2	chr15	TRUE	TRUE
L3mbtl3	chr10	TRUE	TRUE
L3mbtl4	chr17	FALSE	FALSE
LTO1	chr7	FALSE	FALSE
Lacc1	chr14	FALSE	FALSE
Lactb	chr9	FALSE	FALSE
Lactb2	chr1	FALSE	FALSE
Lactbl1	chr4	TRUE	FALSE
Lad1	chr1	FALSE	FALSE
Lag3	chr6	FALSE	FALSE
Lage3	chrX	TRUE	FALSE
Lair1	chr7	FALSE	FALSE
Lalba	chr15	FALSE	FALSE
Lama1	chr17	TRUE	TRUE
Lama2	chr10	FALSE	FALSE
Lama3	chr18	FALSE	FALSE
Lama4	chr10	FALSE	TRUE
Lama5	chr2	FALSE	FALSE
Lamb1	chr12	FALSE	FALSE
Lamb2	chr9	FALSE	FALSE
Lamb3	chr1	FALSE	FALSE
Lamc1	chr1	FALSE	FALSE
Lamc2	chr1	FALSE	FALSE
Lamc3	chr2	FALSE	FALSE
Lamp1	chr8	FALSE	FALSE
Lamp2	chrX	TRUE	TRUE
Lamp3	chr16	FALSE	FALSE
Lamp5	chr2	FALSE	FALSE
Lamtor1	chr7	TRUE	TRUE
Lamtor2	chr3	FALSE	FALSE
Lamtor3	chr3	TRUE	TRUE
Lamtor3-ps	chr14	FALSE	FALSE
Lamtor4	chr5	TRUE	FALSE
Lamtor5	chr3	FALSE	FALSE
Lancl1	chr1	TRUE	FALSE
Lancl2	chr6	FALSE	TRUE
Lancl3	chrX	FALSE	FALSE
Lao1	chr4	FALSE	FALSE
Lap3	chr5	FALSE	FALSE
Laptm4a	chr12	FALSE	FALSE
Laptm4b	chr15	TRUE	TRUE
Laptm5	chr4	TRUE	FALSE
Large1	chr8	FALSE	TRUE
Large2	chr2	FALSE	FALSE
Larp1	chr11	TRUE	TRUE
Larp1b	chr3	FALSE	FALSE
Larp4	chr15	FALSE	FALSE
Larp4b	chr13	TRUE	TRUE
Larp6	chr9	FALSE	FALSE
Larp7	chr3	TRUE	FALSE
Lars	chr18	FALSE	FALSE
Lars2	chr9	FALSE	TRUE
Las1l	chrX	FALSE	FALSE
Lasp1	chr11	TRUE	FALSE
Lat	chr7	FALSE	FALSE
Lat2	chr5	FALSE	FALSE
Lats1	chr10	FALSE	TRUE
Lats2	chr14	TRUE	TRUE
Lax1	chr1	FALSE	FALSE
Layn	chr9	FALSE	FALSE
Lbh	chr17	FALSE	FALSE
Lbhd1	chr19	FALSE	FALSE
Lbhd2	chr12	TRUE	FALSE
Lbp	chr2	FALSE	FALSE
Lbr	chr1	FALSE	FALSE
Lbx1	chr19	FALSE	FALSE
Lbx2	chr6	TRUE	FALSE
Lca5	chr9	FALSE	FALSE
Lca5l	chr16	FALSE	FALSE
Lcat	chr8	TRUE	FALSE
Lce1a1	chr3	FALSE	FALSE
Lce1a2	chr3	FALSE	FALSE
Lce1b	chr3	FALSE	FALSE
Lce1c	chr3	TRUE	FALSE
Lce1d	chr3	FALSE	FALSE
Lce1e	chr3	FALSE	FALSE
Lce1f	chr3	FALSE	FALSE
Lce1g	chr3	FALSE	FALSE
Lce1h	chr3	TRUE	FALSE
Lce1i	chr3	TRUE	FALSE
Lce1j	chr3	FALSE	FALSE
Lce1k	chr3	TRUE	FALSE
Lce1l	chr3	FALSE	FALSE
Lce1m	chr3	FALSE	FALSE
Lce3a	chr3	TRUE	FALSE
Lce3b	chr3	FALSE	FALSE
Lce3c	chr3	FALSE	FALSE
Lce3d	chr3	FALSE	FALSE
Lce3e	chr3	TRUE	FALSE
Lce3f	chr3	TRUE	FALSE
Lce6a	chr3	TRUE	FALSE
Lck	chr4	TRUE	FALSE
Lclat1	chr17	FALSE	TRUE
Lcmt1	chr7	FALSE	FALSE
Lcmt2	chr2	TRUE	FALSE
Lcn10	chr2	TRUE	FALSE
Lcn11	chr2	TRUE	FALSE
Lcn12	chr2	FALSE	FALSE
Lcn2	chr2	FALSE	FALSE
Lcn3	chr2	FALSE	FALSE
Lcn4	chr2	FALSE	FALSE
Lcn5	chr2	TRUE	FALSE
Lcn6	chr2	TRUE	FALSE
Lcn8	chr2	TRUE	FALSE
Lcn9	chr2	TRUE	FALSE
Lcor	chr19	TRUE	TRUE
Lcorl	chr5	FALSE	TRUE
Lcp1	chr14	FALSE	TRUE
Lcp2	chr11	TRUE	TRUE
Lct	chr1	TRUE	TRUE
Lctl	chr9	TRUE	FALSE
Ldah	chr12	FALSE	FALSE
Ldb1	chr19	FALSE	FALSE
Ldb2	chr5	FALSE	TRUE
Ldb3	chr14	FALSE	FALSE
Ldc1	chr4	FALSE	FALSE
Ldha	chr7	TRUE	TRUE
Ldhb	chr6	FALSE	FALSE
Ldhc	chr7	TRUE	FALSE
Ldhd	chr8	TRUE	FALSE
Ldlr	chr9	FALSE	FALSE
Ldlrad1	chr4	TRUE	FALSE
Ldlrad2	chr4	TRUE	TRUE
Ldlrad3	chr2	FALSE	FALSE
Ldlrad4	chr18	FALSE	FALSE
Ldlrap1	chr4	FALSE	FALSE
Leap2	chr11	FALSE	FALSE
Lect2	chr13	FALSE	FALSE
Lef1	chr3	FALSE	TRUE
Lefty1	chr1	FALSE	FALSE
Lefty2	chr1	TRUE	FALSE
Lekr1	chr3	FALSE	TRUE
Lelp1	chr3	TRUE	FALSE
Lemd1	chr1	FALSE	FALSE
Lemd2	chr17	TRUE	TRUE
Lemd3	chr10	FALSE	FALSE
Leng1	chr7	TRUE	FALSE
Leng8	chr7	TRUE	FALSE
Leo1	chr9	FALSE	FALSE
Lep	chr6	FALSE	FALSE
Lepr	chr4	FALSE	FALSE
Leprot	chr4	TRUE	FALSE
Leprotl1	chr8	FALSE	FALSE
Letm1	chr5	FALSE	FALSE
Letm2	chr8	TRUE	FALSE
Letmd1	chr15	FALSE	FALSE
Lexm	chr4	FALSE	FALSE
Lfng	chr5	FALSE	FALSE
Lgals1	chr15	TRUE	FALSE
Lgals12	chr19	TRUE	FALSE
Lgals2	chr15	TRUE	FALSE
Lgals3	chr14	TRUE	FALSE
Lgals3bp	chr11	TRUE	TRUE
Lgals4	chr7	TRUE	FALSE
Lgals7	chr7	FALSE	FALSE
Lgals8	chr13	FALSE	FALSE
Lgals9	chr11	FALSE	FALSE
Lgalsl	chr11	FALSE	FALSE
Lgi1	chr19	FALSE	FALSE
Lgi2	chr5	TRUE	TRUE
Lgi3	chr14	TRUE	FALSE
Lgi4	chr7	TRUE	FALSE
Lgmn	chr12	FALSE	FALSE
Lgr4	chr2	FALSE	FALSE
Lgr5	chr10	FALSE	FALSE
Lgr6	chr1	TRUE	TRUE
Lgsn	chr1	FALSE	FALSE
Lhb	chr7	FALSE	FALSE
Lhcgr	chr17	FALSE	FALSE
Lhfp	chr3	TRUE	TRUE
Lhfpl1	chrX	FALSE	FALSE
Lhfpl2	chr13	FALSE	FALSE
Lhfpl3	chr5	FALSE	FALSE
Lhfpl4	chr6	TRUE	FALSE
Lhfpl5	chr17	TRUE	FALSE
Lhpp	chr7	FALSE	FALSE
Lhx1	chr11	FALSE	FALSE
Lhx2	chr2	TRUE	TRUE
Lhx3	chr2	TRUE	TRUE
Lhx4	chr1	TRUE	FALSE
Lhx5	chr5	FALSE	FALSE
Lhx6	chr2	TRUE	TRUE
Lhx8	chr3	TRUE	FALSE
Lhx9	chr1	FALSE	FALSE
Lias	chr5	FALSE	FALSE
Lif	chr11	TRUE	FALSE
Lifr	chr15	TRUE	TRUE
Lig1	chr7	FALSE	FALSE
Lig3	chr11	FALSE	FALSE
Lig4	chr8	FALSE	FALSE
Lilr4b	chr10	TRUE	FALSE
Lilra5	chr7	FALSE	FALSE
Lilra6	chr7	TRUE	FALSE
Lilrb4a	chr10	TRUE	FALSE
Lim2	chr7	FALSE	FALSE
Lima1	chr15	FALSE	FALSE
Limch1	chr5	TRUE	TRUE
Limd1	chr9	TRUE	TRUE
Limd2	chr11	FALSE	FALSE
Lime1	chr2	TRUE	FALSE
Limk1	chr5	TRUE	TRUE
Limk2	chr11	TRUE	TRUE
Lims1	chr10	FALSE	FALSE
Lims2	chr18	TRUE	TRUE
Lin28a	chr4	TRUE	FALSE
Lin28b	chr10	FALSE	TRUE
Lin37	chr7	TRUE	FALSE
Lin52	chr12	FALSE	TRUE
Lin54	chr5	FALSE	FALSE
Lin7a	chr10	TRUE	TRUE
Lin7b	chr7	TRUE	FALSE
Lin7c	chr2	FALSE	FALSE
Lin9	chr1	FALSE	FALSE
Lingo1	chr9	TRUE	TRUE
Lingo2	chr4	FALSE	FALSE
Lingo3	chr10	TRUE	TRUE
Lingo4	chr3	FALSE	FALSE
Lins1	chr7	TRUE	FALSE
Lipa	chr19	TRUE	FALSE
Lipc	chr9	FALSE	FALSE
Lipe	chr7	FALSE	FALSE
Lipf	chr19	FALSE	FALSE
Lipg	chr18	TRUE	FALSE
Liph	chr16	FALSE	TRUE
Lipi	chr16	FALSE	FALSE
Lipk	chr19	FALSE	FALSE
Lipm	chr19	FALSE	FALSE
Lipn	chr19	FALSE	FALSE
Lipo1	chr19	TRUE	FALSE
Lipo2	chr19	FALSE	FALSE
Lipo3	chr19	FALSE	TRUE
Lipo4	chr19	FALSE	FALSE
Lipt1	chr1	FALSE	FALSE
Lipt2	chr7	TRUE	FALSE
Litaf	chr16	FALSE	FALSE
Lix1	chr17	FALSE	FALSE
Lix1l	chr3	TRUE	TRUE
Lkaaear1	chr2	FALSE	FALSE
Llcfc1	chr6	FALSE	FALSE
Llgl1	chr11	FALSE	FALSE
Llgl2	chr11	TRUE	TRUE
Llph	chr10	FALSE	FALSE
Lman1	chr18	FALSE	FALSE
Lman1l	chr9	TRUE	FALSE
Lman2	chr13	TRUE	TRUE
Lman2l	chr1	FALSE	FALSE
Lmbr1	chr5	TRUE	TRUE
Lmbr1l	chr15	TRUE	TRUE
Lmbrd1	chr1	FALSE	TRUE
Lmbrd2	chr15	FALSE	FALSE
Lmcd1	chr6	FALSE	FALSE
Lmf1	chr17	TRUE	TRUE
Lmf2	chr15	TRUE	TRUE
Lmln	chr16	TRUE	TRUE
Lmna	chr3	TRUE	FALSE
Lmnb1	chr18	TRUE	FALSE
Lmnb2	chr10	TRUE	FALSE
Lmntd1	chr6	TRUE	TRUE
Lmntd2	chr7	FALSE	FALSE
Lmo1	chr7	TRUE	TRUE
Lmo2	chr2	TRUE	FALSE
Lmo3	chr6	FALSE	TRUE
Lmo4	chr3	TRUE	FALSE
Lmo7	chr14	FALSE	TRUE
Lmod1	chr1	FALSE	TRUE
Lmod2	chr6	FALSE	FALSE
Lmod3	chr6	TRUE	FALSE
Lmtk2	chr5	TRUE	TRUE
Lmtk3	chr7	TRUE	FALSE
Lmx1a	chr1	FALSE	FALSE
Lmx1b	chr2	TRUE	TRUE
Lnp1	chr16	FALSE	FALSE
Lnpep	chr17	FALSE	FALSE
Lnpk	chr2	TRUE	TRUE
Lnx1	chr5	FALSE	FALSE
Lnx2	chr5	FALSE	FALSE
Lonp1	chr17	FALSE	FALSE
Lonp2	chr8	FALSE	TRUE
Lonrf1	chr8	TRUE	TRUE
Lonrf2	chr1	TRUE	TRUE
Lonrf3	chrX	FALSE	TRUE
Lor	chr3	TRUE	FALSE
Lox	chr18	TRUE	FALSE
Loxhd1	chr18	FALSE	TRUE
Loxl1	chr9	TRUE	TRUE
Loxl2	chr14	TRUE	FALSE
Loxl3	chr6	FALSE	FALSE
Loxl4	chr19	FALSE	FALSE
Lpar1	chr4	FALSE	FALSE
Lpar2	chr8	FALSE	FALSE
Lpar3	chr3	FALSE	FALSE
Lpar4	chrX	FALSE	FALSE
Lpar5	chr6	FALSE	FALSE
Lpcat1	chr13	FALSE	FALSE
Lpcat2	chr8	FALSE	FALSE
Lpcat2b	chr5	FALSE	FALSE
Lpcat3	chr6	FALSE	FALSE
Lpcat4	chr2	FALSE	FALSE
Lpgat1	chr1	TRUE	TRUE
Lpin1	chr12	TRUE	TRUE
Lpin2	chr17	TRUE	TRUE
Lpin3	chr2	FALSE	FALSE
Lpl	chr8	FALSE	FALSE
Lpo	chr11	TRUE	TRUE
Lpp	chr16	FALSE	FALSE
Lpxn	chr19	FALSE	FALSE
Lrat	chr3	FALSE	FALSE
Lratd1	chr12	FALSE	FALSE
Lratd2	chr15	TRUE	FALSE
Lrba	chr3	TRUE	TRUE
Lrch1	chr14	TRUE	TRUE
Lrch2	chrX	FALSE	TRUE
Lrch3	chr16	TRUE	TRUE
Lrch4	chr5	FALSE	FALSE
Lrcol1	chr5	TRUE	FALSE
Lrfn1	chr7	FALSE	FALSE
Lrfn2	chr17	TRUE	TRUE
Lrfn3	chr7	TRUE	TRUE
Lrfn4	chr19	FALSE	FALSE
Lrfn5	chr12	FALSE	TRUE
Lrg1	chr17	TRUE	FALSE
Lrguk	chr6	FALSE	FALSE
Lrif1	chr3	TRUE	TRUE
Lrig1	chr6	FALSE	FALSE
Lrig2	chr3	TRUE	TRUE
Lrig3	chr10	TRUE	TRUE
Lrit1	chr14	FALSE	FALSE
Lrit2	chr14	TRUE	FALSE
Lrit3	chr3	FALSE	FALSE
Lrmda	chr14	FALSE	TRUE
Lrmp	chr6	TRUE	FALSE
Lrp1	chr10	FALSE	TRUE
Lrp10	chr14	FALSE	FALSE
Lrp11	chr10	FALSE	FALSE
Lrp12	chr15	TRUE	TRUE
Lrp1b	chr2	FALSE	FALSE
Lrp2	chr2	FALSE	TRUE
Lrp2bp	chr8	FALSE	FALSE
Lrp3	chr7	FALSE	FALSE
Lrp4	chr2	FALSE	FALSE
Lrp5	chr19	FALSE	FALSE
Lrp6	chr6	TRUE	TRUE
Lrp8	chr4	FALSE	TRUE
Lrpap1	chr5	TRUE	TRUE
Lrpprc	chr17	FALSE	TRUE
Lrr1	chr12	FALSE	FALSE
Lrrc1	chr9	TRUE	TRUE
Lrrc14	chr15	FALSE	FALSE
Lrrc14b	chr13	TRUE	FALSE
Lrrc15	chr16	TRUE	TRUE
Lrrc17	chr5	FALSE	FALSE
Lrrc18	chr14	FALSE	FALSE
Lrrc19	chr4	FALSE	FALSE
Lrrc2	chr9	FALSE	FALSE
Lrrc20	chr10	TRUE	TRUE
Lrrc23	chr6	FALSE	FALSE
Lrrc24	chr15	FALSE	FALSE
Lrrc25	chr8	TRUE	FALSE
Lrrc26	chr2	FALSE	FALSE
Lrrc27	chr7	TRUE	TRUE
Lrrc28	chr7	FALSE	FALSE
Lrrc29	chr8	TRUE	FALSE
Lrrc3	chr10	TRUE	TRUE
Lrrc31	chr3	FALSE	FALSE
Lrrc32	chr7	TRUE	TRUE
Lrrc34	chr3	FALSE	FALSE
Lrrc36	chr8	FALSE	FALSE
Lrrc37a	chr11	TRUE	TRUE
Lrrc38	chr4	TRUE	TRUE
Lrrc39	chr3	FALSE	FALSE
Lrrc3b	chr14	FALSE	FALSE
Lrrc3c	chr11	TRUE	FALSE
Lrrc4	chr6	FALSE	FALSE
Lrrc40	chr3	FALSE	FALSE
Lrrc41	chr4	FALSE	FALSE
Lrrc42	chr4	FALSE	FALSE
Lrrc43	chr5	FALSE	FALSE
Lrrc45	chr11	TRUE	FALSE
Lrrc46	chr11	FALSE	FALSE
Lrrc47	chr4	FALSE	FALSE
Lrrc49	chr9	FALSE	FALSE
Lrrc4b	chr7	FALSE	FALSE
Lrrc4c	chr2	FALSE	FALSE
Lrrc51	chr7	TRUE	TRUE
Lrrc52	chr1	TRUE	TRUE
Lrrc55	chr2	TRUE	TRUE
Lrrc56	chr7	TRUE	FALSE
Lrrc57	chr2	FALSE	FALSE
Lrrc58	chr16	FALSE	FALSE
Lrrc59	chr11	FALSE	FALSE
Lrrc6	chr15	FALSE	FALSE
Lrrc61	chr6	FALSE	FALSE
Lrrc63	chr14	FALSE	FALSE
Lrrc66	chr5	FALSE	FALSE
Lrrc69	chr4	FALSE	FALSE
Lrrc7	chr3	FALSE	FALSE
Lrrc71	chr3	FALSE	FALSE
Lrrc72	chr12	FALSE	TRUE
Lrrc73	chr17	FALSE	FALSE
Lrrc74a	chr12	FALSE	FALSE
Lrrc74b	chr16	FALSE	FALSE
Lrrc75a	chr11	FALSE	FALSE
Lrrc75b	chr10	FALSE	FALSE
Lrrc8a	chr2	FALSE	FALSE
Lrrc8b	chr5	TRUE	TRUE
Lrrc8c	chr5	TRUE	TRUE
Lrrc8d	chr5	TRUE	TRUE
Lrrc8e	chr8	FALSE	FALSE
Lrrc9	chr12	FALSE	FALSE
Lrrcc1	chr3	FALSE	FALSE
Lrrd1	chr5	FALSE	FALSE
Lrrfip1	chr1	TRUE	TRUE
Lrrfip2	chr9	TRUE	TRUE
Lrriq1	chr10	FALSE	TRUE
Lrriq3	chr3	FALSE	TRUE
Lrriq4	chr3	FALSE	FALSE
Lrrk1	chr7	TRUE	TRUE
Lrrk2	chr15	FALSE	FALSE
Lrrn1	chr6	FALSE	FALSE
Lrrn2	chr1	TRUE	TRUE
Lrrn3	chr12	TRUE	TRUE
Lrrn4	chr2	TRUE	TRUE
Lrrn4cl	chr19	FALSE	FALSE
Lrrtm1	chr6	TRUE	FALSE
Lrrtm3	chr10	FALSE	FALSE
Lrrtm4	chr6	FALSE	FALSE
Lrsam1	chr2	FALSE	FALSE
Lrtm1	chr14	FALSE	FALSE
Lrtm2	chr6	TRUE	TRUE
Lrwd1	chr5	FALSE	FALSE
Lsamp	chr16	FALSE	FALSE
Lsg1	chr16	TRUE	FALSE
Lsm1	chr8	TRUE	FALSE
Lsm10	chr4	FALSE	FALSE
Lsm11	chr11	FALSE	FALSE
Lsm12	chr11	FALSE	FALSE
Lsm14a	chr7	FALSE	FALSE
Lsm14b	chr2	FALSE	FALSE
Lsm2	chr17	FALSE	FALSE
Lsm3	chr6	FALSE	FALSE
Lsm4	chr8	TRUE	FALSE
Lsm5	chr6	TRUE	FALSE
Lsm6	chr8	FALSE	FALSE
Lsm7	chr10	TRUE	FALSE
Lsm8	chr6	FALSE	FALSE
Lsmem1	chr12	TRUE	TRUE
Lsmem2	chr9	FALSE	FALSE
Lsp1	chr7	FALSE	FALSE
Lsr	chr7	FALSE	FALSE
Lss	chr10	FALSE	FALSE
Lst1	chr17	TRUE	FALSE
Lta	chr17	TRUE	FALSE
Lta4h	chr10	FALSE	FALSE
Ltb	chr17	TRUE	FALSE
Ltb4r1	chr14	TRUE	FALSE
Ltbp1	chr17	FALSE	FALSE
Ltbp2	chr12	FALSE	TRUE
Ltbp3	chr19	TRUE	FALSE
Ltbp4	chr7	TRUE	FALSE
Ltbr	chr6	TRUE	FALSE
Ltc4s	chr11	TRUE	FALSE
Ltf	chr9	TRUE	FALSE
Ltk	chr2	TRUE	TRUE
Ltn1	chr16	FALSE	FALSE
Ltv1	chr10	TRUE	TRUE
Luc7l	chr17	FALSE	FALSE
Luc7l2	chr6	FALSE	FALSE
Luc7l3	chr11	TRUE	TRUE
Lum	chr10	FALSE	FALSE
Lurap1	chr4	FALSE	FALSE
Lurap1l	chr4	FALSE	FALSE
Luzp1	chr4	TRUE	TRUE
Luzp2	chr7	FALSE	FALSE
Luzp4	chrX	FALSE	FALSE
Lvrn	chr18	FALSE	TRUE
Lxn	chr3	FALSE	FALSE
Ly6a	chr15	FALSE	FALSE
Ly6c1	chr15	TRUE	FALSE
Ly6c2	chr15	FALSE	FALSE
Ly6d	chr15	FALSE	FALSE
Ly6e	chr15	FALSE	FALSE
Ly6f	chr15	FALSE	FALSE
Ly6g	chr15	TRUE	FALSE
Ly6g2	chr15	TRUE	FALSE
Ly6g5b	chr17	TRUE	FALSE
Ly6g5c	chr17	FALSE	FALSE
Ly6g6c	chr17	FALSE	FALSE
Ly6g6d	chr17	FALSE	FALSE
Ly6g6e	chr17	FALSE	FALSE
Ly6g6f	chr17	FALSE	FALSE
Ly6g6g	chr15	FALSE	FALSE
Ly6h	chr15	TRUE	FALSE
Ly6i	chr15	FALSE	FALSE
Ly6k	chr15	TRUE	FALSE
Ly6l	chr15	FALSE	FALSE
Ly6m	chr15	FALSE	FALSE
Ly75	chr2	TRUE	TRUE
Ly86	chr13	TRUE	TRUE
Ly9	chr1	FALSE	FALSE
Ly96	chr1	FALSE	FALSE
Lyar	chr5	FALSE	FALSE
Lyg1	chr1	FALSE	FALSE
Lyg2	chr1	FALSE	FALSE
Lyl1	chr8	TRUE	TRUE
Lyn	chr4	FALSE	FALSE
Lynx1	chr15	TRUE	FALSE
Lypd1	chr1	FALSE	FALSE
Lypd10	chr7	TRUE	FALSE
Lypd11	chr7	TRUE	FALSE
Lypd2	chr15	TRUE	FALSE
Lypd3	chr7	TRUE	FALSE
Lypd4	chr7	FALSE	FALSE
Lypd5	chr7	TRUE	FALSE
Lypd6	chr2	FALSE	FALSE
Lypd6b	chr2	FALSE	TRUE
Lypd8	chr11	TRUE	FALSE
Lypd9	chr11	FALSE	FALSE
Lypla1	chr1	FALSE	FALSE
Lypla2	chr4	FALSE	FALSE
Lyplal1	chr1	FALSE	FALSE
Lyrm1	chr7	FALSE	FALSE
Lyrm2	chr4	TRUE	TRUE
Lyrm4	chr13	FALSE	FALSE
Lyrm7	chr11	TRUE	TRUE
Lyrm9	chr11	FALSE	FALSE
Lysmd1	chr3	TRUE	FALSE
Lysmd2	chr9	TRUE	FALSE
Lysmd3	chr13	FALSE	FALSE
Lysmd4	chr7	FALSE	FALSE
Lyst	chr13	FALSE	TRUE
Lyve1	chr7	TRUE	FALSE
Lyz1	chr10	FALSE	FALSE
Lyz2	chr10	TRUE	FALSE
Lyzl1	chr18	FALSE	FALSE
Lyzl4	chr9	TRUE	FALSE
Lyzl6	chr11	TRUE	FALSE
Lzic	chr4	FALSE	FALSE
Lztfl1	chr9	FALSE	FALSE
Lztr1	chr16	FALSE	FALSE
Lzts1	chr8	FALSE	FALSE
Lzts2	chr19	FALSE	FALSE
Lzts3	chr2	TRUE	FALSE
M1ap	chr6	FALSE	FALSE
M6pr	chr6	FALSE	FALSE
Maats1	chr16	FALSE	FALSE
Mab21l3	chr3	TRUE	TRUE
Mab21l4	chr1	TRUE	FALSE
Macc1	chr12	FALSE	TRUE
Macf1	chr4	TRUE	TRUE
Maco1	chr4	FALSE	FALSE
Macrod1	chr19	TRUE	TRUE
Macrod2	chr2	FALSE	FALSE
Macroh2a1	chr13	TRUE	TRUE
Macroh2a2	chr10	TRUE	TRUE
Mad1l1	chr5	TRUE	TRUE
Mad2l1	chr6	FALSE	FALSE
Mad2l1bp	chr17	TRUE	FALSE
Mad2l2	chr4	FALSE	FALSE
Madcam1	chr10	TRUE	FALSE
Madd	chr2	FALSE	TRUE
Maea	chr5	FALSE	FALSE
Mael	chr1	FALSE	FALSE
Maf	chr8	FALSE	FALSE
Maf1	chr15	TRUE	FALSE
Maff	chr15	TRUE	FALSE
Mafg	chr11	FALSE	FALSE
Mafk	chr5	TRUE	FALSE
Mag	chr7	FALSE	FALSE
Magea10	chrX	FALSE	FALSE
Magea2	chrX	FALSE	FALSE
Magea5	chrX	FALSE	FALSE
Magea6	chrX	FALSE	FALSE
Magea8	chrX	FALSE	FALSE
Mageb16	chrX	TRUE	FALSE
Mageb18	chrX	FALSE	FALSE
Mageb4	chrX	FALSE	FALSE
Maged1	chrX	TRUE	FALSE
Maged2	chrX	FALSE	FALSE
Magi1	chr6	FALSE	TRUE
Magi2	chr5	FALSE	FALSE
Magi3	chr3	TRUE	TRUE
Magix	chrX	TRUE	FALSE
Magoh	chr4	FALSE	FALSE
Magohb	chr6	FALSE	FALSE
Magt1	chrX	FALSE	FALSE
Maip1	chr1	FALSE	FALSE
Majin	chr19	FALSE	TRUE
Mak	chr13	FALSE	FALSE
Mak16	chr8	FALSE	FALSE
Mal	chr2	TRUE	TRUE
Mal2	chr15	FALSE	FALSE
Mall	chr2	FALSE	FALSE
Malrd1	chr2	FALSE	FALSE
Malsu1	chr6	FALSE	FALSE
Malt1	chr18	FALSE	FALSE
Mamdc2	chr19	FALSE	FALSE
Mamdc4	chr2	FALSE	FALSE
Maml1	chr11	TRUE	TRUE
Maml2	chr9	FALSE	FALSE
Maml3	chr3	FALSE	FALSE
Mamld1	chrX	FALSE	FALSE
Mamstr	chr7	FALSE	FALSE
Man1a	chr10	FALSE	FALSE
Man1a2	chr3	TRUE	TRUE
Man1b1	chr2	FALSE	FALSE
Man1c1	chr4	TRUE	TRUE
Man2a1	chr17	FALSE	FALSE
Man2a2	chr7	TRUE	FALSE
Man2b1	chr8	TRUE	TRUE
Man2b2	chr5	TRUE	FALSE
Man2c1	chr9	FALSE	TRUE
Manba	chr3	FALSE	FALSE
Manbal	chr2	FALSE	FALSE
Manea	chr4	FALSE	FALSE
Maneal	chr4	TRUE	FALSE
Manf	chr9	FALSE	FALSE
Mansc1	chr6	FALSE	FALSE
Mansc4	chr6	TRUE	TRUE
Maoa	chrX	FALSE	FALSE
Maob	chrX	FALSE	TRUE
Map11	chr5	FALSE	FALSE
Map1a	chr2	FALSE	FALSE
Map1b	chr13	FALSE	TRUE
Map1lc3a	chr2	TRUE	FALSE
Map1lc3b	chr8	FALSE	FALSE
Map1s	chr8	TRUE	FALSE
Map2	chr1	FALSE	TRUE
Map2k1	chr9	TRUE	TRUE
Map2k2	chr10	TRUE	TRUE
Map2k3	chr11	FALSE	FALSE
Map2k4	chr11	FALSE	TRUE
Map2k5	chr9	TRUE	TRUE
Map2k6	chr11	TRUE	TRUE
Map2k7	chr8	FALSE	FALSE
Map3k1	chr13	FALSE	FALSE
Map3k10	chr7	TRUE	FALSE
Map3k11	chr19	TRUE	FALSE
Map3k12	chr15	FALSE	FALSE
Map3k13	chr16	TRUE	TRUE
Map3k14	chr11	FALSE	FALSE
Map3k15	chrX	FALSE	TRUE
Map3k19	chr1	TRUE	TRUE
Map3k2	chr18	FALSE	TRUE
Map3k20	chr2	TRUE	TRUE
Map3k21	chr8	TRUE	FALSE
Map3k3	chr11	FALSE	TRUE
Map3k4	chr17	TRUE	TRUE
Map3k5	chr10	FALSE	FALSE
Map3k6	chr4	TRUE	TRUE
Map3k7	chr4	FALSE	TRUE
Map3k7cl	chr16	FALSE	FALSE
Map3k8	chr18	FALSE	FALSE
Map3k9	chr12	TRUE	TRUE
Map4	chr9	TRUE	TRUE
Map4k1	chr7	FALSE	FALSE
Map4k2	chr19	TRUE	FALSE
Map4k3	chr17	FALSE	TRUE
Map4k4	chr1	FALSE	TRUE
Map4k5	chr12	FALSE	TRUE
Map6	chr7	TRUE	TRUE
Map6d1	chr16	FALSE	FALSE
Map7	chr10	TRUE	TRUE
Map7d1	chr4	FALSE	FALSE
Map7d2	chrX	FALSE	TRUE
Map7d3	chrX	FALSE	FALSE
Map9	chr3	FALSE	FALSE
Mapk1	chr16	FALSE	TRUE
Mapk10	chr5	TRUE	TRUE
Mapk11	chr15	TRUE	FALSE
Mapk12	chr15	FALSE	FALSE
Mapk13	chr17	TRUE	TRUE
Mapk14	chr17	TRUE	TRUE
Mapk15	chr15	FALSE	FALSE
Mapk1ip1	chr7	TRUE	FALSE
Mapk1ip1l	chr14	FALSE	FALSE
Mapk3	chr7	FALSE	FALSE
Mapk4	chr18	FALSE	FALSE
Mapk6	chr9	TRUE	TRUE
Mapk7	chr11	TRUE	FALSE
Mapk8	chr14	TRUE	TRUE
Mapk8ip1	chr2	TRUE	FALSE
Mapk8ip2	chr15	FALSE	FALSE
Mapk8ip3	chr17	FALSE	FALSE
Mapk9	chr11	FALSE	FALSE
Mapkap1	chr2	TRUE	TRUE
Mapkapk2	chr1	TRUE	TRUE
Mapkapk3	chr9	FALSE	FALSE
Mapkapk5	chr5	FALSE	FALSE
Mapkbp1	chr2	TRUE	TRUE
Mapre1	chr2	FALSE	FALSE
Mapre2	chr18	FALSE	FALSE
Mapre3	chr5	TRUE	TRUE
Mapt	chr11	TRUE	TRUE
Marchf1	chr8	FALSE	FALSE
Marchf10	chr11	TRUE	TRUE
Marchf11	chr15	FALSE	FALSE
Marchf2	chr17	TRUE	TRUE
Marchf3	chr18	FALSE	FALSE
Marchf4	chr1	TRUE	TRUE
Marchf5	chr19	FALSE	FALSE
Marchf6	chr15	FALSE	TRUE
Marchf7	chr2	TRUE	TRUE
Marchf8	chr6	FALSE	FALSE
Marchf9	chr10	FALSE	FALSE
Marcks	chr10	FALSE	FALSE
Marcksl1	chr4	TRUE	FALSE
Marco	chr1	FALSE	FALSE
Marf1	chr16	TRUE	TRUE
Mark1	chr1	TRUE	TRUE
Mark2	chr19	TRUE	TRUE
Mark3	chr12	FALSE	TRUE
Mark4	chr7	TRUE	TRUE
Mars1	chr10	FALSE	FALSE
Marveld2	chr13	FALSE	FALSE
Marveld3	chr8	TRUE	FALSE
Mas1	chr17	FALSE	FALSE
Maskbp3	chr18	FALSE	FALSE
Masp1	chr16	TRUE	TRUE
Masp2	chr4	TRUE	FALSE
Mast1	chr8	TRUE	FALSE
Mast2	chr4	TRUE	TRUE
Mast3	chr8	TRUE	TRUE
Mast4	chr13	FALSE	FALSE
Mastl	chr2	FALSE	FALSE
Mat1a	chr14	FALSE	FALSE
Mat2a	chr6	FALSE	FALSE
Mat2b	chr11	TRUE	TRUE
Matk	chr10	TRUE	FALSE
Matn1	chr4	TRUE	FALSE
Matn2	chr15	FALSE	FALSE
Matn3	chr12	FALSE	FALSE
Matn4	chr2	TRUE	FALSE
Matr3	chr18	FALSE	TRUE
Mau2	chr8	TRUE	TRUE
Mavs	chr2	TRUE	FALSE
Max	chr12	TRUE	TRUE
Maz	chr7	FALSE	FALSE
Mb	chr15	FALSE	FALSE
Mb21d2	chr16	TRUE	TRUE
Mbd1	chr18	FALSE	FALSE
Mbd2	chr18	FALSE	TRUE
Mbd3	chr10	TRUE	TRUE
Mbd3l1	chr9	FALSE	FALSE
Mbd3l2	chr9	FALSE	FALSE
Mbd4	chr6	FALSE	FALSE
Mbd5	chr2	TRUE	TRUE
Mbd6	chr10	TRUE	FALSE
Mbip	chr12	TRUE	FALSE
Mbl1	chr14	TRUE	FALSE
Mbl2	chr19	FALSE	FALSE
Mblac2	chr13	FALSE	FALSE
Mbnl1	chr3	FALSE	TRUE
Mbnl2	chr14	TRUE	TRUE
Mbnl3	chrX	FALSE	FALSE
Mboat1	chr13	FALSE	FALSE
Mboat2	chr12	FALSE	TRUE
Mboat4	chr8	FALSE	FALSE
Mboat7	chr7	FALSE	FALSE
Mbp	chr18	FALSE	FALSE
Mbtd1	chr11	TRUE	TRUE
Mbtps1	chr8	TRUE	TRUE
Mbtps2	chrX	FALSE	FALSE
Mc2r	chr18	FALSE	FALSE
Mc5r	chr18	TRUE	FALSE
Mcam	chr9	FALSE	FALSE
Mcat	chr15	FALSE	FALSE
Mcc	chr18	TRUE	TRUE
Mccc1	chr3	FALSE	FALSE
Mccc2	chr13	TRUE	TRUE
Mcee	chr7	FALSE	FALSE
Mcemp1	chr8	TRUE	FALSE
Mcf2	chrX	FALSE	TRUE
Mcf2l	chr8	FALSE	TRUE
Mcfd2	chr17	FALSE	FALSE
Mchr1	chr15	TRUE	FALSE
Mcidas	chr13	TRUE	FALSE
Mcl1	chr3	FALSE	FALSE
Mcm10	chr2	FALSE	FALSE
Mcm2	chr6	FALSE	FALSE
Mcm3	chr1	FALSE	FALSE
Mcm3ap	chr10	FALSE	TRUE
Mcm4	chr16	FALSE	FALSE
Mcm5	chr8	FALSE	FALSE
Mcm6	chr1	TRUE	TRUE
Mcm7	chr5	FALSE	FALSE
Mcm8	chr2	FALSE	FALSE
Mcm9	chr10	FALSE	FALSE
Mcmbp	chr7	FALSE	FALSE
Mcmdc2	chr1	FALSE	FALSE
Mcoln1	chr8	FALSE	FALSE
Mcoln2	chr3	FALSE	FALSE
Mcoln3	chr3	FALSE	FALSE
Mcph1	chr8	TRUE	TRUE
Mcpt1	chr14	FALSE	FALSE
Mcpt2	chr14	TRUE	FALSE
Mcpt4	chr14	TRUE	FALSE
Mcpt8	chr14	TRUE	FALSE
Mcpt9	chr14	TRUE	FALSE
Mcrip1	chr11	TRUE	FALSE
Mcrip2	chr17	FALSE	FALSE
Mcrs1	chr15	FALSE	FALSE
Mctp1	chr13	FALSE	TRUE
Mctp2	chr7	TRUE	TRUE
Mcts1	chrX	FALSE	FALSE
Mcu	chr10	FALSE	FALSE
Mcub	chr3	FALSE	FALSE
Mcur1	chr13	FALSE	FALSE
Mdc1	chr17	FALSE	FALSE
Mdfi	chr17	TRUE	FALSE
Mdfic	chr6	FALSE	FALSE
Mdga1	chr17	TRUE	TRUE
Mdga2	chr12	FALSE	FALSE
Mdh1	chr11	FALSE	FALSE
Mdh1b	chr1	FALSE	FALSE
Mdh2	chr5	TRUE	FALSE
Mdk	chr2	TRUE	FALSE
Mdm1	chr10	FALSE	FALSE
Mdm2	chr10	FALSE	FALSE
Mdm4	chr1	TRUE	TRUE
Mdn1	chr4	FALSE	TRUE
Mdp1	chr14	TRUE	FALSE
Me1	chr9	TRUE	TRUE
Me2	chr18	TRUE	TRUE
Me3	chr7	FALSE	FALSE
Mea1	chr17	FALSE	FALSE
Meaf6	chr4	FALSE	FALSE
Meak7	chr8	FALSE	FALSE
Mecom	chr3	FALSE	FALSE
Mecp2	chrX	FALSE	FALSE
Mecr	chr4	TRUE	FALSE
Med1	chr11	FALSE	TRUE
Med10	chr13	TRUE	FALSE
Med11	chr11	FALSE	FALSE
Med12	chrX	TRUE	FALSE
Med12l	chr3	TRUE	TRUE
Med13	chr11	FALSE	TRUE
Med13l	chr5	TRUE	TRUE
Med14	chrX	FALSE	TRUE
Med15	chr16	FALSE	TRUE
Med16	chr10	TRUE	TRUE
Med17	chr9	FALSE	FALSE
Med18	chr4	FALSE	FALSE
Med19	chr2	FALSE	FALSE
Med20	chr17	TRUE	FALSE
Med21	chr6	FALSE	FALSE
Med22	chr2	TRUE	FALSE
Med23	chr10	FALSE	FALSE
Med24	chr11	TRUE	TRUE
Med25	chr7	TRUE	TRUE
Med26	chr8	FALSE	FALSE
Med27	chr2	TRUE	TRUE
Med28	chr5	FALSE	FALSE
Med29	chr7	FALSE	FALSE
Med30	chr15	FALSE	FALSE
Med31	chr11	TRUE	FALSE
Med4	chr14	FALSE	FALSE
Med6	chr12	FALSE	FALSE
Med7	chr11	FALSE	FALSE
Med8	chr4	FALSE	FALSE
Med9	chr11	FALSE	FALSE
Medag	chr5	TRUE	TRUE
Mef2a	chr7	FALSE	TRUE
Mef2b	chr8	TRUE	TRUE
Mef2c	chr13	FALSE	FALSE
Mef2d	chr3	FALSE	FALSE
Mefv	chr16	TRUE	FALSE
Megf10	chr18	TRUE	TRUE
Megf11	chr9	TRUE	TRUE
Megf6	chr4	TRUE	TRUE
Megf8	chr7	FALSE	FALSE
Megf9	chr4	FALSE	FALSE
Mei1	chr15	TRUE	TRUE
Mei4	chr9	FALSE	FALSE
Meig1	chr2	FALSE	FALSE
Meikin	chr11	TRUE	TRUE
Meiob	chr17	FALSE	FALSE
Meioc	chr11	FALSE	FALSE
Meis1	chr11	TRUE	TRUE
Meis2	chr2	FALSE	TRUE
Meis3	chr7	TRUE	FALSE
Melk	chr4	TRUE	TRUE
Meltf	chr16	FALSE	FALSE
Memo1	chr17	TRUE	TRUE
Men1	chr19	TRUE	FALSE
Meox1	chr11	TRUE	FALSE
Meox2	chr12	FALSE	FALSE
Mep1a	chr17	FALSE	FALSE
Mep1b	chr18	FALSE	FALSE
Mepce	chr5	FALSE	FALSE
Mepe	chr5	TRUE	TRUE
Mertk	chr2	TRUE	TRUE
Mesd	chr7	FALSE	FALSE
Mesp1	chr7	FALSE	FALSE
Mesp2	chr7	FALSE	FALSE
Mest	chr6	FALSE	FALSE
Met	chr6	FALSE	FALSE
Metap1	chr3	FALSE	FALSE
Metap1d	chr2	TRUE	TRUE
Metap2	chr10	TRUE	FALSE
Methig1	chr15	TRUE	TRUE
Metrn	chr17	TRUE	FALSE
Metrnl	chr11	TRUE	TRUE
Mettl1	chr10	FALSE	FALSE
Mettl11b	chr1	FALSE	FALSE
Mettl14	chr3	FALSE	FALSE
Mettl15	chr2	FALSE	FALSE
Mettl16	chr11	FALSE	FALSE
Mettl17	chr14	FALSE	FALSE
Mettl18	chr1	TRUE	FALSE
Mettl2	chr11	FALSE	FALSE
Mettl21a	chr1	TRUE	FALSE
Mettl21c	chr1	TRUE	TRUE
Mettl21e	chr1	FALSE	FALSE
Mettl22	chr16	FALSE	FALSE
Mettl23	chr11	FALSE	FALSE
Mettl24	chr10	FALSE	FALSE
Mettl25	chr10	FALSE	FALSE
Mettl26	chr17	TRUE	TRUE
Mettl27	chr5	TRUE	FALSE
Mettl3	chr14	FALSE	FALSE
Mettl4	chr17	TRUE	TRUE
Mettl5	chr2	FALSE	FALSE
Mettl6	chr14	FALSE	TRUE
Mettl7a1	chr15	TRUE	FALSE
Mettl7a2	chr15	TRUE	FALSE
Mettl7a3	chr15	FALSE	FALSE
Mettl7b	chr10	TRUE	FALSE
Mettl8	chr2	TRUE	TRUE
Mettl9	chr7	TRUE	TRUE
Mex3a	chr3	TRUE	FALSE
Mex3b	chr7	FALSE	FALSE
Mex3c	chr18	FALSE	FALSE
Mex3d	chr10	FALSE	FALSE
Mfap1a	chr2	FALSE	FALSE
Mfap1b	chr2	FALSE	FALSE
Mfap2	chr4	TRUE	FALSE
Mfap3	chr11	FALSE	FALSE
Mfap3l	chr8	FALSE	FALSE
Mfap4	chr11	FALSE	FALSE
Mfap5	chr6	FALSE	FALSE
Mff	chr1	FALSE	FALSE
Mfge8	chr7	FALSE	FALSE
Mfhas1	chr8	FALSE	FALSE
Mfn1	chr3	FALSE	FALSE
Mfn2	chr4	FALSE	FALSE
Mfng	chr15	FALSE	FALSE
Mfrp	chr9	TRUE	FALSE
Mfsd1	chr3	FALSE	FALSE
Mfsd10	chr5	FALSE	FALSE
Mfsd11	chr11	FALSE	FALSE
Mfsd12	chr10	FALSE	FALSE
Mfsd13a	chr19	TRUE	FALSE
Mfsd13b	chr7	FALSE	FALSE
Mfsd14a	chr3	FALSE	FALSE
Mfsd14b	chr13	FALSE	TRUE
Mfsd2a	chr4	TRUE	FALSE
Mfsd2b	chr12	FALSE	FALSE
Mfsd3	chr15	FALSE	FALSE
Mfsd4a	chr1	TRUE	TRUE
Mfsd4b1	chr10	FALSE	FALSE
Mfsd4b4	chr10	TRUE	FALSE
Mfsd4b5	chr10	TRUE	FALSE
Mfsd5	chr15	FALSE	FALSE
Mfsd6	chr1	FALSE	FALSE
Mfsd7a	chr5	FALSE	FALSE
Mfsd8	chr3	FALSE	FALSE
Mfsd9	chr1	FALSE	FALSE
Mga	chr2	FALSE	TRUE
Mgam	chr6	FALSE	TRUE
Mgam2-ps	chr6	FALSE	FALSE
Mgarp	chr3	TRUE	TRUE
Mgat1	chr11	FALSE	FALSE
Mgat3	chr15	TRUE	TRUE
Mgat4a	chr1	TRUE	TRUE
Mgat4b	chr11	TRUE	TRUE
Mgat4c	chr10	FALSE	TRUE
Mgat4d	chr8	FALSE	FALSE
Mgat4e	chr1	FALSE	FALSE
Mgat4f	chr1	FALSE	FALSE
Mgat5	chr1	TRUE	TRUE
Mgat5b	chr11	TRUE	TRUE
Mgl2	chr11	TRUE	FALSE
Mgll	chr6	FALSE	FALSE
Mgme1	chr2	FALSE	FALSE
Mgmt	chr7	FALSE	FALSE
Mgp	chr6	FALSE	FALSE
Mgrn1	chr16	FALSE	TRUE
Mgst1	chr6	TRUE	FALSE
Mgst2	chr3	TRUE	TRUE
Mgst3	chr1	FALSE	FALSE
Mia	chr7	FALSE	FALSE
Mia2	chr12	FALSE	TRUE
Mia3	chr1	FALSE	FALSE
Mib1	chr18	TRUE	TRUE
Mib2	chr4	TRUE	TRUE
Mical1	chr10	TRUE	FALSE
Mical2	chr7	TRUE	TRUE
Mical3	chr6	FALSE	TRUE
Micall1	chr15	TRUE	FALSE
Micall2	chr5	TRUE	TRUE
Micos10	chr4	FALSE	TRUE
Micos13	chr17	TRUE	FALSE
Micu1	chr10	FALSE	FALSE
Micu2	chr14	TRUE	TRUE
Micu3	chr8	FALSE	TRUE
Mid1	chrX	FALSE	FALSE
Mid1ip1	chrX	FALSE	FALSE
Mid2	chrX	FALSE	FALSE
Midn	chr10	FALSE	FALSE
Mief1	chr15	FALSE	FALSE
Mief2	chr11	FALSE	FALSE
Mien1	chr11	TRUE	FALSE
Mier1	chr4	FALSE	TRUE
Mier2	chr10	FALSE	FALSE
Mier3	chr13	FALSE	FALSE
Mif	chr10	FALSE	FALSE
Mif4gd	chr11	FALSE	FALSE
Miga1	chr3	FALSE	FALSE
Miga2	chr2	FALSE	FALSE
Miip	chr4	FALSE	FALSE
Mill1	chr7	FALSE	FALSE
Mill2	chr7	FALSE	FALSE
Milr1	chr11	FALSE	FALSE
Minar1	chr9	FALSE	FALSE
Minar2	chr18	FALSE	FALSE
Mindy1	chr3	TRUE	FALSE
Mindy2	chr9	FALSE	FALSE
Mindy3	chr2	TRUE	TRUE
Mindy4	chr6	TRUE	TRUE
Mindy4b-ps	chr3	FALSE	FALSE
Mink1	chr11	TRUE	TRUE
Minpp1	chr19	FALSE	FALSE
Mios	chr6	FALSE	FALSE
Miox	chr15	FALSE	FALSE
Mip	chr10	FALSE	FALSE
Mipep	chr14	FALSE	FALSE
Mipol1	chr12	FALSE	TRUE
Mis12	chr11	FALSE	FALSE
Mis18a	chr16	FALSE	FALSE
Mis18bp1	chr12	FALSE	FALSE
Misp	chr10	FALSE	FALSE
Misp3	chr8	FALSE	FALSE
Mitd1	chr1	TRUE	FALSE
Mitf	chr6	FALSE	FALSE
Mixl1	chr1	TRUE	FALSE
Mki67	chr7	TRUE	TRUE
Mkks	chr2	FALSE	FALSE
Mkln1	chr6	TRUE	TRUE
Mknk1	chr4	TRUE	TRUE
Mknk2	chr10	TRUE	FALSE
Mkrn1	chr6	FALSE	FALSE
Mkrn2	chr6	TRUE	TRUE
Mkrn2os	chr6	TRUE	FALSE
Mks1	chr11	FALSE	FALSE
Mkx	chr18	FALSE	FALSE
Mlana	chr19	FALSE	FALSE
Mlc1	chr15	TRUE	TRUE
Mlec	chr5	TRUE	TRUE
Mlf1	chr3	FALSE	FALSE
Mlf2	chr6	FALSE	FALSE
Mlh1	chr9	FALSE	FALSE
Mlh3	chr12	FALSE	FALSE
Mlip	chr9	FALSE	TRUE
Mlkl	chr8	TRUE	FALSE
Mllt1	chr17	FALSE	TRUE
Mllt10	chr2	FALSE	FALSE
Mllt11	chr3	TRUE	FALSE
Mllt3	chr4	FALSE	FALSE
Mllt6	chr11	TRUE	TRUE
Mlph	chr1	TRUE	TRUE
Mlst8	chr17	FALSE	FALSE
Mlx	chr11	FALSE	FALSE
Mlxip	chr5	TRUE	TRUE
Mlxipl	chr5	TRUE	TRUE
Mlycd	chr8	FALSE	FALSE
Mmaa	chr8	TRUE	FALSE
Mmab	chr5	FALSE	FALSE
Mmachc	chr4	FALSE	FALSE
Mmadhc	chr2	FALSE	FALSE
Mmd	chr11	FALSE	FALSE
Mmd2	chr5	TRUE	TRUE
Mme	chr3	FALSE	TRUE
Mmel1	chr4	FALSE	FALSE
Mmgt1	chrX	FALSE	FALSE
Mmgt2	chr11	TRUE	TRUE
Mmp10	chr9	FALSE	FALSE
Mmp11	chr10	TRUE	FALSE
Mmp12	chr9	FALSE	FALSE
Mmp13	chr9	FALSE	FALSE
Mmp14	chr14	FALSE	FALSE
Mmp15	chr8	FALSE	TRUE
Mmp16	chr4	FALSE	TRUE
Mmp17	chr5	TRUE	FALSE
Mmp19	chr10	FALSE	FALSE
Mmp1b	chr9	FALSE	FALSE
Mmp2	chr8	TRUE	FALSE
Mmp20	chr9	FALSE	FALSE
Mmp21	chr7	TRUE	FALSE
Mmp23	chr4	FALSE	FALSE
Mmp24	chr2	FALSE	FALSE
Mmp25	chr17	FALSE	FALSE
Mmp27	chr9	FALSE	FALSE
Mmp28	chr11	FALSE	FALSE
Mmp3	chr9	FALSE	FALSE
Mmp7	chr9	TRUE	FALSE
Mmp8	chr9	FALSE	FALSE
Mmp9	chr2	TRUE	FALSE
Mmrn1	chr6	TRUE	TRUE
Mmrn2	chr14	FALSE	FALSE
Mms19	chr19	FALSE	FALSE
Mms22l	chr4	TRUE	TRUE
Mmut	chr17	FALSE	FALSE
Mn1	chr5	FALSE	FALSE
Mnat1	chr12	TRUE	TRUE
Mnd1	chr3	TRUE	TRUE
Mndal	chr1	FALSE	FALSE
Mns1	chr9	FALSE	FALSE
Mnt	chr11	FALSE	FALSE
Mnx1	chr5	TRUE	FALSE
Moap1	chr12	FALSE	FALSE
Mob1a	chr6	FALSE	FALSE
Mob1b	chr5	TRUE	TRUE
Mob2	chr7	TRUE	TRUE
Mob3a	chr10	TRUE	FALSE
Mob3b	chr4	TRUE	TRUE
Mob3c	chr4	FALSE	FALSE
Mob4	chr1	TRUE	FALSE
Mobp	chr9	FALSE	FALSE
Mocos	chr18	FALSE	FALSE
Mocs1	chr17	FALSE	FALSE
Mocs2	chr13	TRUE	FALSE
Mog	chr17	FALSE	FALSE
Mogat1	chr1	FALSE	FALSE
Mogat2	chr7	TRUE	TRUE
Mogs	chr6	TRUE	FALSE
Mok	chr12	TRUE	FALSE
Mon1a	chr9	TRUE	FALSE
Mon1b	chr8	FALSE	FALSE
Mon2	chr10	FALSE	TRUE
Morc1	chr16	FALSE	FALSE
Morc2a	chr11	FALSE	TRUE
Morc2b	chr17	TRUE	TRUE
Morc3	chr16	FALSE	FALSE
Morc4	chrX	TRUE	TRUE
Morf4l1	chr9	TRUE	FALSE
Morf4l2	chrX	FALSE	FALSE
Morn1	chr4	FALSE	FALSE
Morn2	chr17	TRUE	FALSE
Morn3	chr5	TRUE	FALSE
Morn4	chr19	FALSE	FALSE
Morn5	chr2	FALSE	FALSE
Mosmo	chr7	FALSE	FALSE
Mospd1	chrX	TRUE	TRUE
Mospd2	chrX	FALSE	FALSE
Mospd3	chr5	FALSE	FALSE
Mov10	chr3	TRUE	FALSE
Mov10l1	chr15	TRUE	TRUE
Moxd1	chr10	FALSE	FALSE
Moxd2	chr6	FALSE	FALSE
Mpc1	chr17	TRUE	FALSE
Mpc2	chr1	FALSE	FALSE
Mpdu1	chr11	TRUE	FALSE
Mpdz	chr4	FALSE	FALSE
Mpeg1	chr19	TRUE	FALSE
Mpg	chr11	FALSE	FALSE
Mphosph10	chr7	FALSE	FALSE
Mphosph6	chr8	TRUE	FALSE
Mphosph8	chr14	FALSE	FALSE
Mphosph9	chr5	FALSE	FALSE
Mpi	chr9	TRUE	TRUE
Mpig6b	chr17	FALSE	FALSE
Mpl	chr4	FALSE	FALSE
Mplkip	chr13	FALSE	FALSE
Mpnd	chr17	TRUE	FALSE
Mpo	chr11	FALSE	FALSE
Mpp1	chrX	FALSE	FALSE
Mpp2	chr11	TRUE	FALSE
Mpp3	chr11	FALSE	FALSE
Mpp4	chr1	TRUE	TRUE
Mpp5	chr12	TRUE	TRUE
Mpp6	chr6	TRUE	TRUE
Mpp7	chr18	TRUE	TRUE
Mppe1	chr18	FALSE	FALSE
Mpped1	chr15	TRUE	FALSE
Mpped2	chr2	TRUE	TRUE
Mprip	chr11	TRUE	TRUE
Mpst	chr15	FALSE	FALSE
Mptx1	chr1	TRUE	FALSE
Mptx2	chr1	TRUE	FALSE
Mpv17	chr5	FALSE	FALSE
Mpv17l	chr16	FALSE	FALSE
Mpv17l2	chr8	FALSE	FALSE
Mpz	chr1	FALSE	FALSE
Mpzl1	chr1	FALSE	FALSE
Mpzl2	chr9	FALSE	FALSE
Mpzl3	chr9	FALSE	FALSE
Mr1	chr1	TRUE	TRUE
Mrap	chr16	FALSE	FALSE
Mrap2	chr9	FALSE	FALSE
Mras	chr9	FALSE	FALSE
Mrc1	chr2	FALSE	TRUE
Mrc2	chr11	TRUE	TRUE
Mre11a	chr9	FALSE	FALSE
Mreg	chr1	FALSE	FALSE
Mrfap1	chr5	FALSE	FALSE
Mrgbp	chr2	TRUE	FALSE
Mrgpra1	chr7	FALSE	FALSE
Mrgpra2a	chr7	FALSE	FALSE
Mrgpra2b	chr7	FALSE	FALSE
Mrgpra3	chr7	FALSE	FALSE
Mrgpra6	chr7	FALSE	TRUE
Mrgpra9	chr7	FALSE	FALSE
Mrgprb1	chr7	TRUE	FALSE
Mrgprb2	chr7	FALSE	FALSE
Mrgprd	chr7	FALSE	FALSE
Mrgpre	chr7	TRUE	TRUE
Mrgprf	chr7	FALSE	FALSE
Mrgprg	chr7	FALSE	FALSE
Mrgprx1	chr7	FALSE	FALSE
Mrgprx2	chr7	FALSE	FALSE
Mri1	chr8	FALSE	FALSE
Mrln	chr10	FALSE	FALSE
Mrm1	chr11	TRUE	FALSE
Mrm2	chr5	TRUE	FALSE
Mrm3	chr11	TRUE	FALSE
Mrnip	chr11	TRUE	FALSE
Mro	chr18	FALSE	FALSE
Mroh1	chr15	FALSE	TRUE
Mroh2a	chr1	FALSE	TRUE
Mroh2b	chr15	FALSE	TRUE
Mroh3	chr1	FALSE	FALSE
Mroh4	chr15	TRUE	TRUE
Mroh5	chr15	FALSE	FALSE
Mroh6	chr15	TRUE	FALSE
Mroh7	chr4	FALSE	FALSE
Mroh8	chr2	FALSE	FALSE
Mroh9	chr1	FALSE	FALSE
Mrpl1	chr5	FALSE	FALSE
Mrpl10	chr11	FALSE	FALSE
Mrpl11	chr19	TRUE	FALSE
Mrpl12	chr11	TRUE	FALSE
Mrpl13	chr15	TRUE	TRUE
Mrpl14	chr17	TRUE	FALSE
Mrpl15	chr1	FALSE	FALSE
Mrpl16	chr19	TRUE	FALSE
Mrpl17	chr7	FALSE	FALSE
Mrpl18	chr17	FALSE	FALSE
Mrpl19	chr6	FALSE	FALSE
Mrpl2	chr17	FALSE	FALSE
Mrpl20	chr4	TRUE	FALSE
Mrpl21	chr19	FALSE	FALSE
Mrpl22	chr11	TRUE	FALSE
Mrpl23	chr7	FALSE	FALSE
Mrpl24	chr3	FALSE	FALSE
Mrpl27	chr11	FALSE	FALSE
Mrpl28	chr17	TRUE	FALSE
Mrpl3	chr9	FALSE	FALSE
Mrpl30	chr1	TRUE	FALSE
Mrpl33	chr5	TRUE	TRUE
Mrpl34	chr8	TRUE	FALSE
Mrpl35	chr6	FALSE	FALSE
Mrpl36	chr13	TRUE	FALSE
Mrpl37	chr4	FALSE	FALSE
Mrpl38	chr11	FALSE	FALSE
Mrpl39	chr16	FALSE	FALSE
Mrpl4	chr9	FALSE	FALSE
Mrpl40	chr16	FALSE	FALSE
Mrpl41	chr2	FALSE	FALSE
Mrpl42	chr10	TRUE	FALSE
Mrpl43	chr19	TRUE	FALSE
Mrpl44	chr1	FALSE	FALSE
Mrpl45	chr11	FALSE	FALSE
Mrpl46	chr7	TRUE	FALSE
Mrpl47	chr3	FALSE	FALSE
Mrpl48	chr7	FALSE	TRUE
Mrpl49	chr19	FALSE	FALSE
Mrpl50	chr4	FALSE	FALSE
Mrpl51	chr6	FALSE	FALSE
Mrpl52	chr14	TRUE	FALSE
Mrpl53	chr6	TRUE	FALSE
Mrpl54	chr10	FALSE	FALSE
Mrpl55	chr11	TRUE	FALSE
Mrpl57	chr14	FALSE	FALSE
Mrpl58	chr11	TRUE	FALSE
Mrpl9	chr3	TRUE	FALSE
Mrps10	chr17	FALSE	FALSE
Mrps11	chr7	TRUE	FALSE
Mrps12	chr7	FALSE	FALSE
Mrps14	chr1	FALSE	FALSE
Mrps15	chr4	TRUE	FALSE
Mrps16	chr14	TRUE	FALSE
Mrps17	chr5	FALSE	FALSE
Mrps18a	chr17	FALSE	FALSE
Mrps18b	chr17	TRUE	FALSE
Mrps18c	chr5	TRUE	FALSE
Mrps2	chr2	FALSE	FALSE
Mrps21	chr3	TRUE	FALSE
Mrps22	chr9	TRUE	FALSE
Mrps23	chr11	FALSE	FALSE
Mrps24	chr11	FALSE	FALSE
Mrps25	chr6	FALSE	FALSE
Mrps26	chr2	TRUE	FALSE
Mrps27	chr13	FALSE	FALSE
Mrps28	chr3	TRUE	TRUE
Mrps30	chr13	FALSE	FALSE
Mrps31	chr8	FALSE	FALSE
Mrps33	chr6	FALSE	FALSE
Mrps34	chr17	TRUE	FALSE
Mrps35	chr6	FALSE	FALSE
Mrps36	chr13	FALSE	FALSE
Mrps5	chr2	TRUE	FALSE
Mrps6	chr16	FALSE	TRUE
Mrps7	chr11	FALSE	FALSE
Mrps9	chr1	TRUE	TRUE
Mrrf	chr2	TRUE	TRUE
Mrs2	chr13	FALSE	TRUE
Mrtfa	chr15	TRUE	TRUE
Mrtfb	chr16	FALSE	TRUE
Mrto4	chr4	TRUE	TRUE
Mrvi1	chr7	TRUE	TRUE
Ms4a1	chr19	FALSE	FALSE
Ms4a10	chr19	TRUE	FALSE
Ms4a12	chr19	FALSE	FALSE
Ms4a13	chr19	FALSE	FALSE
Ms4a14	chr19	FALSE	FALSE
Ms4a15	chr19	TRUE	TRUE
Ms4a18	chr19	FALSE	FALSE
Ms4a19	chr19	FALSE	FALSE
Ms4a2	chr19	TRUE	FALSE
Ms4a20	chr19	FALSE	FALSE
Ms4a3	chr19	FALSE	FALSE
Ms4a4a	chr19	FALSE	FALSE
Ms4a4b	chr19	FALSE	FALSE
Ms4a4c	chr19	FALSE	FALSE
Ms4a4d	chr19	FALSE	FALSE
Ms4a5	chr19	FALSE	FALSE
Ms4a6b	chr19	FALSE	FALSE
Ms4a6c	chr19	TRUE	FALSE
Ms4a6d	chr19	TRUE	FALSE
Ms4a7	chr19	FALSE	FALSE
Ms4a8a	chr19	FALSE	FALSE
Msantd1	chr5	TRUE	FALSE
Msantd2	chr9	FALSE	FALSE
Msantd3	chr4	FALSE	FALSE
Msantd4	chr9	FALSE	FALSE
Msc	chr1	FALSE	FALSE
Msh2	chr17	TRUE	TRUE
Msh3	chr13	FALSE	TRUE
Msh4	chr3	FALSE	FALSE
Msh5	chr17	FALSE	TRUE
Msh6	chr17	FALSE	FALSE
Msi1	chr5	FALSE	FALSE
Msi2	chr11	TRUE	TRUE
Msl1	chr11	FALSE	FALSE
Msl2	chr9	TRUE	FALSE
Msl3	chrX	FALSE	FALSE
Msl3l2	chr10	FALSE	FALSE
Msln	chr17	TRUE	FALSE
Mslnl	chr17	FALSE	FALSE
Msmb	chr14	FALSE	FALSE
Msmo1	chr8	FALSE	FALSE
Msmp	chr4	TRUE	TRUE
Msn	chrX	FALSE	FALSE
Msr1	chr8	FALSE	FALSE
Msra	chr14	FALSE	FALSE
Msrb1	chr17	TRUE	FALSE
Msrb2	chr2	FALSE	FALSE
Msrb3	chr10	TRUE	TRUE
Mss51	chr14	FALSE	FALSE
Mst1	chr9	FALSE	FALSE
Mst1r	chr9	TRUE	FALSE
Mstn	chr1	FALSE	FALSE
Msto1	chr3	FALSE	FALSE
Msx1	chr5	FALSE	FALSE
Msx2	chr13	TRUE	FALSE
Msx3	chr7	TRUE	FALSE
Mt2	chr8	TRUE	FALSE
Mt3	chr8	FALSE	FALSE
Mt4	chr8	FALSE	FALSE
Mta1	chr12	TRUE	FALSE
Mta2	chr19	TRUE	FALSE
Mta3	chr17	TRUE	TRUE
Mtap	chr4	TRUE	TRUE
Mtarc1	chr1	TRUE	TRUE
Mtarc2	chr1	FALSE	FALSE
Mtbp	chr15	FALSE	FALSE
Mtch1	chr17	FALSE	FALSE
Mtch2	chr2	FALSE	FALSE
Mtcl1	chr17	FALSE	TRUE
Mtcp1	chrX	TRUE	FALSE
Mtdh	chr15	FALSE	TRUE
Mterf1a	chr5	TRUE	FALSE
Mterf1b	chr5	FALSE	FALSE
Mterf2	chr10	TRUE	FALSE
Mterf3	chr13	FALSE	FALSE
Mterf4	chr1	FALSE	FALSE
Mtf1	chr4	FALSE	FALSE
Mtf2	chr5	FALSE	FALSE
Mtfmt	chr9	TRUE	FALSE
Mtfp1	chr11	FALSE	FALSE
Mtfr1	chr3	FALSE	FALSE
Mtfr1l	chr4	TRUE	FALSE
Mtfr2	chr10	FALSE	FALSE
Mtg1	chr7	FALSE	FALSE
Mtg2	chr2	TRUE	TRUE
Mthfd1	chr12	FALSE	FALSE
Mthfd1l	chr10	FALSE	FALSE
Mthfd2	chr6	FALSE	FALSE
Mthfd2l	chr5	FALSE	FALSE
Mthfr	chr4	FALSE	FALSE
Mthfs	chr9	FALSE	TRUE
Mthfsd	chr8	TRUE	TRUE
Mthfsl	chr9	FALSE	FALSE
Mtif2	chr11	FALSE	FALSE
Mtif3	chr5	TRUE	TRUE
Mtln	chr2	FALSE	FALSE
Mtm1	chrX	FALSE	FALSE
Mtmr1	chrX	FALSE	FALSE
Mtmr10	chr7	FALSE	FALSE
Mtmr11	chr3	TRUE	FALSE
Mtmr12	chr15	FALSE	TRUE
Mtmr14	chr6	TRUE	TRUE
Mtmr2	chr9	TRUE	FALSE
Mtmr3	chr11	TRUE	TRUE
Mtmr4	chr11	TRUE	TRUE
Mtmr6	chr14	FALSE	FALSE
Mtmr7	chr8	FALSE	FALSE
Mtmr9	chr14	FALSE	FALSE
Mtnr1a	chr8	FALSE	FALSE
Mtnr1b	chr9	FALSE	FALSE
Mto1	chr9	FALSE	FALSE
Mtor	chr4	TRUE	TRUE
Mtpap	chr18	FALSE	FALSE
Mtpn	chr6	FALSE	FALSE
Mtr	chr13	FALSE	FALSE
Mtres1	chr10	FALSE	FALSE
Mtrex	chr13	FALSE	TRUE
Mtrf1	chr14	TRUE	TRUE
Mtrf1l	chr10	FALSE	FALSE
Mtrr	chr13	FALSE	FALSE
Mtss1	chr15	TRUE	TRUE
Mtss2	chr8	FALSE	FALSE
Mttp	chr3	FALSE	FALSE
Mturn	chr6	FALSE	FALSE
Mtus1	chr8	FALSE	FALSE
Mtus2	chr5	TRUE	TRUE
Mtx1	chr3	TRUE	FALSE
Mtx2	chr2	FALSE	TRUE
Mtx3	chr13	FALSE	FALSE
Muc1	chr3	TRUE	FALSE
Muc13	chr16	FALSE	FALSE
Muc15	chr2	FALSE	FALSE
Muc16	chr9	FALSE	TRUE
Muc19	chr15	FALSE	FALSE
Muc2	chr7	TRUE	TRUE
Muc20	chr16	FALSE	FALSE
Muc3	chr5	TRUE	FALSE
Muc3a	chr5	TRUE	FALSE
Muc4	chr16	TRUE	FALSE
Muc5ac	chr7	TRUE	TRUE
Muc5b	chr7	FALSE	FALSE
Muc6	chr7	TRUE	FALSE
Mucl1	chr15	TRUE	FALSE
Mucl2	chr15	FALSE	FALSE
Mucl3	chr17	FALSE	FALSE
Mug1	chr6	FALSE	FALSE
Mug2	chr6	FALSE	TRUE
Mul1	chr4	TRUE	FALSE
Mup10	chr4	TRUE	FALSE
Mup11	chr4	FALSE	FALSE
Mup12	chr4	TRUE	FALSE
Mup13	chr4	FALSE	FALSE
Mup14	chr4	FALSE	FALSE
Mup15	chr4	FALSE	FALSE
Mup16	chr4	TRUE	FALSE
Mup17	chr4	TRUE	FALSE
Mup18	chr4	FALSE	FALSE
Mup19	chr4	FALSE	FALSE
Mup2	chr4	FALSE	FALSE
Mup20	chr4	FALSE	FALSE
Mup21	chr4	FALSE	FALSE
Mup3	chr4	FALSE	FALSE
Mup4	chr4	FALSE	FALSE
Mup5	chr4	FALSE	FALSE
Mup6	chr4	FALSE	TRUE
Mup7	chr4	TRUE	FALSE
Mup8	chr4	FALSE	FALSE
Mup9	chr4	FALSE	FALSE
Mus81	chr19	TRUE	FALSE
Musk	chr4	FALSE	FALSE
Mustn1	chr14	TRUE	FALSE
Mutyh	chr4	FALSE	FALSE
Mvb12a	chr8	TRUE	FALSE
Mvb12b	chr2	TRUE	TRUE
Mvd	chr8	FALSE	FALSE
Mvk	chr5	TRUE	TRUE
Mvp	chr7	FALSE	FALSE
Mxd1	chr6	FALSE	FALSE
Mxd3	chr13	FALSE	FALSE
Mxd4	chr5	TRUE	FALSE
Mxi1	chr19	TRUE	TRUE
Mxra7	chr11	FALSE	FALSE
Mxra8	chr4	FALSE	FALSE
Myadm	chr7	TRUE	FALSE
Myb	chr10	FALSE	FALSE
Mybbp1a	chr11	FALSE	FALSE
Mybl1	chr1	FALSE	FALSE
Mybl2	chr2	FALSE	FALSE
Mybpc1	chr10	FALSE	FALSE
Mybpc2	chr7	TRUE	TRUE
Mybpc3	chr2	FALSE	FALSE
Mybph	chr1	TRUE	FALSE
Mybphl	chr3	TRUE	FALSE
Myc	chr15	TRUE	FALSE
Mycbp	chr4	FALSE	FALSE
Mycbp2	chr14	FALSE	TRUE
Mycbpap	chr11	TRUE	FALSE
Mycl	chr4	TRUE	FALSE
Mycn	chr12	TRUE	FALSE
Myct1	chr10	FALSE	FALSE
Myd88	chr9	FALSE	FALSE
Mydgf	chr17	TRUE	FALSE
Myef2	chr2	FALSE	FALSE
Myf5	chr10	TRUE	FALSE
Myf6	chr10	FALSE	FALSE
Myg1	chr15	TRUE	FALSE
Myh1	chr11	FALSE	FALSE
Myh10	chr11	TRUE	TRUE
Myh11	chr16	FALSE	TRUE
Myh13	chr11	TRUE	TRUE
Myh14	chr7	FALSE	FALSE
Myh15	chr16	FALSE	TRUE
Myh2	chr11	FALSE	FALSE
Myh3	chr11	TRUE	FALSE
Myh4	chr11	FALSE	FALSE
Myh6	chr14	FALSE	FALSE
Myh7	chr14	TRUE	TRUE
Myh7b	chr2	TRUE	TRUE
Myh8	chr11	TRUE	FALSE
Myh9	chr15	TRUE	TRUE
Myl1	chr1	FALSE	FALSE
Myl10	chr5	TRUE	FALSE
Myl12a	chr17	FALSE	FALSE
Myl12b	chr17	TRUE	FALSE
Myl2	chr5	FALSE	FALSE
Myl3	chr9	TRUE	FALSE
Myl4	chr11	TRUE	TRUE
Myl6	chr10	TRUE	FALSE
Myl6b	chr10	TRUE	FALSE
Myl7	chr11	TRUE	FALSE
Myl9	chr2	TRUE	FALSE
Mylip	chr13	TRUE	FALSE
Mylk	chr16	FALSE	TRUE
Mylk2	chr2	TRUE	TRUE
Mylk3	chr8	FALSE	FALSE
Mylk4	chr13	FALSE	FALSE
Mylpf	chr7	FALSE	FALSE
Mymk	chr2	FALSE	FALSE
Mymx	chr17	TRUE	FALSE
Mynn	chr3	FALSE	FALSE
Myo10	chr15	FALSE	FALSE
Myo15	chr11	FALSE	FALSE
Myo15b	chr11	TRUE	TRUE
Myo16	chr8	FALSE	TRUE
Myo18a	chr11	TRUE	TRUE
Myo18b	chr5	TRUE	TRUE
Myo19	chr11	TRUE	TRUE
Myo1a	chr10	TRUE	TRUE
Myo1b	chr1	TRUE	TRUE
Myo1c	chr11	TRUE	TRUE
Myo1d	chr11	FALSE	FALSE
Myo1e	chr9	TRUE	TRUE
Myo1f	chr17	TRUE	TRUE
Myo1g	chr11	FALSE	FALSE
Myo1h	chr5	FALSE	FALSE
Myo3a	chr2	FALSE	TRUE
Myo3b	chr2	FALSE	FALSE
Myo5a	chr9	TRUE	TRUE
Myo5b	chr18	TRUE	TRUE
Myo5c	chr9	FALSE	FALSE
Myo6	chr9	TRUE	TRUE
Myo7a	chr7	FALSE	TRUE
Myo7b	chr18	FALSE	FALSE
Myo9a	chr9	FALSE	TRUE
Myo9b	chr8	FALSE	FALSE
Myoc	chr1	FALSE	FALSE
Myocd	chr11	FALSE	FALSE
Myocos	chr1	TRUE	FALSE
Myod1	chr7	FALSE	FALSE
Myof	chr19	FALSE	FALSE
Myog	chr1	FALSE	FALSE
Myom1	chr17	FALSE	FALSE
Myom2	chr8	FALSE	TRUE
Myom3	chr4	FALSE	TRUE
Myorg	chr4	TRUE	FALSE
Myot	chr18	FALSE	FALSE
Myoz1	chr14	FALSE	FALSE
Myoz2	chr3	FALSE	FALSE
Myoz3	chr18	FALSE	FALSE
Mypn	chr10	TRUE	TRUE
Mypop	chr7	FALSE	FALSE
Myrf	chr19	FALSE	FALSE
Myrfl	chr10	FALSE	FALSE
Myrip	chr9	FALSE	TRUE
Mysm1	chr4	FALSE	FALSE
Myt1	chr2	FALSE	FALSE
Myt1l	chr12	FALSE	FALSE
Myzap	chr9	TRUE	TRUE
Mzb1	chr18	TRUE	FALSE
Mzf1	chr7	FALSE	FALSE
Mzt1	chr14	FALSE	FALSE
Mzt2	chr16	FALSE	FALSE
N4bp1	chr8	TRUE	TRUE
N4bp2	chr5	TRUE	TRUE
N4bp2l1	chr5	TRUE	TRUE
N4bp2l2	chr5	FALSE	TRUE
N4bp3	chr11	FALSE	FALSE
N6amt1	chr16	FALSE	FALSE
Naa10	chrX	TRUE	FALSE
Naa11	chr5	FALSE	FALSE
Naa15	chr3	FALSE	TRUE
Naa16	chr14	FALSE	FALSE
Naa20	chr2	FALSE	FALSE
Naa25	chr5	FALSE	FALSE
Naa30	chr14	FALSE	FALSE
Naa35	chr13	FALSE	FALSE
Naa38	chr11	FALSE	FALSE
Naa40	chr19	FALSE	FALSE
Naa50	chr16	TRUE	TRUE
Naa60	chr16	TRUE	TRUE
Naa80	chr9	FALSE	FALSE
Naaa	chr5	FALSE	FALSE
Naalad2	chr9	FALSE	TRUE
Naaladl1	chr19	FALSE	FALSE
Naaladl2	chr3	FALSE	FALSE
Nab1	chr1	FALSE	FALSE
Nab2	chr10	FALSE	FALSE
Nabp1	chr1	FALSE	FALSE
Nabp2	chr10	FALSE	FALSE
Naca	chr10	FALSE	FALSE
Nacad	chr11	TRUE	FALSE
Nacc1	chr8	FALSE	FALSE
Nacc2	chr2	TRUE	TRUE
Nadk	chr4	TRUE	TRUE
Nadk2	chr15	FALSE	TRUE
Nadsyn1	chr7	TRUE	FALSE
Nae1	chr8	FALSE	FALSE
Naf1	chr8	FALSE	FALSE
Naga	chr15	FALSE	FALSE
Nagk	chr6	FALSE	FALSE
Naglu	chr11	TRUE	FALSE
Nagpa	chr16	TRUE	FALSE
Nags	chr11	TRUE	FALSE
Naif1	chr2	FALSE	FALSE
Naip1	chr13	FALSE	TRUE
Naip2	chr13	FALSE	FALSE
Naip5	chr13	FALSE	TRUE
Naip6	chr13	FALSE	FALSE
Nalcn	chr14	FALSE	TRUE
Nampt	chr12	FALSE	FALSE
Nanog	chr6	FALSE	FALSE
Nanos3	chr8	TRUE	TRUE
Nanp	chr2	TRUE	FALSE
Nans	chr4	TRUE	FALSE
Nap1l1	chr10	FALSE	FALSE
Nap1l4	chr7	TRUE	TRUE
Napa	chr7	TRUE	TRUE
Napb	chr2	FALSE	FALSE
Napepld	chr5	FALSE	FALSE
Napg	chr18	TRUE	FALSE
Naprt	chr15	TRUE	FALSE
Napsa	chr7	FALSE	FALSE
Narf	chr11	FALSE	TRUE
Nars	chr18	FALSE	FALSE
Nars2	chr7	TRUE	TRUE
Nasp	chr4	FALSE	FALSE
Nat1	chr8	FALSE	FALSE
Nat10	chr2	FALSE	FALSE
Nat14	chr7	FALSE	FALSE
Nat2	chr8	FALSE	FALSE
Nat3	chr8	TRUE	FALSE
Nat8	chr6	TRUE	FALSE
Nat8f1	chr6	FALSE	FALSE
Nat8f2	chr6	FALSE	FALSE
Nat8f3	chr6	TRUE	FALSE
Nat8f4	chr6	FALSE	FALSE
Nat8f5	chr6	TRUE	FALSE
Nat8f6	chr6	TRUE	TRUE
Nat8f7	chr6	TRUE	FALSE
Nat8l	chr5	FALSE	FALSE
Nat9	chr11	FALSE	FALSE
Natd1	chr11	FALSE	FALSE
Nav1	chr1	TRUE	TRUE
Nav2	chr7	FALSE	FALSE
Nav3	chr10	FALSE	FALSE
Naxd	chr8	TRUE	FALSE
Naxe	chr3	TRUE	FALSE
Nbas	chr12	FALSE	TRUE
Nbdy	chrX	FALSE	FALSE
Nbea	chr3	TRUE	TRUE
Nbeal1	chr1	FALSE	TRUE
Nbeal2	chr9	TRUE	FALSE
Nbl1	chr4	TRUE	FALSE
Nbn	chr4	FALSE	FALSE
Nbr1	chr11	FALSE	FALSE
Ncald	chr15	FALSE	FALSE
Ncam1	chr9	TRUE	TRUE
Ncam2	chr16	FALSE	FALSE
Ncan	chr8	FALSE	FALSE
Ncapd2	chr6	FALSE	TRUE
Ncapd3	chr9	FALSE	FALSE
Ncapg	chr5	FALSE	FALSE
Ncapg2	chr12	FALSE	FALSE
Ncaph	chr2	TRUE	TRUE
Ncaph2	chr15	FALSE	FALSE
Ncbp1	chr4	FALSE	FALSE
Ncbp2	chr16	FALSE	FALSE
Ncbp3	chr11	FALSE	TRUE
Nccrp1	chr7	TRUE	TRUE
Ncdn	chr4	TRUE	TRUE
Nceh1	chr3	FALSE	FALSE
Ncf1	chr5	TRUE	TRUE
Ncf2	chr1	TRUE	FALSE
Ncf4	chr15	TRUE	FALSE
Nck1	chr9	TRUE	TRUE
Nck2	chr1	FALSE	FALSE
Nckap1	chr2	TRUE	TRUE
Nckap1l	chr15	TRUE	TRUE
Nckap5	chr1	FALSE	FALSE
Nckap5l	chr15	TRUE	TRUE
Nckipsd	chr9	FALSE	FALSE
Ncl	chr1	TRUE	FALSE
Ncln	chr10	FALSE	FALSE
Ncmap	chr4	TRUE	FALSE
Ncoa1	chr12	TRUE	TRUE
Ncoa2	chr1	TRUE	TRUE
Ncoa3	chr2	TRUE	TRUE
Ncoa4	chr14	FALSE	FALSE
Ncoa5	chr2	TRUE	TRUE
Ncoa6	chr2	TRUE	TRUE
Ncoa7	chr10	FALSE	TRUE
Ncor1	chr11	FALSE	TRUE
Ncor2	chr5	TRUE	TRUE
Ncr1	chr7	FALSE	FALSE
Ncs1	chr2	TRUE	FALSE
Ncstn	chr1	FALSE	FALSE
Ndc1	chr4	TRUE	TRUE
Ndc80	chr17	FALSE	FALSE
Nde1	chr16	FALSE	FALSE
Ndel1	chr11	FALSE	FALSE
Ndfip1	chr18	FALSE	FALSE
Ndfip2	chr14	TRUE	TRUE
Ndnf	chr6	FALSE	FALSE
Ndor1	chr2	FALSE	FALSE
Ndp	chrX	FALSE	FALSE
Ndrg1	chr15	TRUE	TRUE
Ndrg2	chr14	TRUE	FALSE
Ndrg3	chr2	TRUE	TRUE
Ndrg4	chr8	FALSE	FALSE
Ndst1	chr18	TRUE	TRUE
Ndst2	chr14	TRUE	FALSE
Ndst3	chr3	FALSE	TRUE
Ndst4	chr3	FALSE	TRUE
Ndufa1	chrX	FALSE	FALSE
Ndufa10	chr1	FALSE	FALSE
Ndufa11	chr17	TRUE	FALSE
Ndufa12	chr10	FALSE	FALSE
Ndufa13	chr8	FALSE	FALSE
Ndufa2	chr18	FALSE	FALSE
Ndufa3	chr7	FALSE	FALSE
Ndufa4	chr6	FALSE	FALSE
Ndufa4l2	chr10	FALSE	FALSE
Ndufa5	chr6	FALSE	FALSE
Ndufa6	chr15	FALSE	FALSE
Ndufa7	chr17	FALSE	FALSE
Ndufa8	chr2	FALSE	FALSE
Ndufa9	chr6	FALSE	FALSE
Ndufab1	chr7	FALSE	FALSE
Ndufaf1	chr2	FALSE	FALSE
Ndufaf2	chr13	FALSE	TRUE
Ndufaf3	chr9	FALSE	FALSE
Ndufaf4	chr4	FALSE	FALSE
Ndufaf5	chr2	FALSE	FALSE
Ndufaf6	chr4	FALSE	FALSE
Ndufaf7	chr17	FALSE	FALSE
Ndufaf8	chr11	FALSE	FALSE
Ndufb1-ps	chr12	FALSE	FALSE
Ndufb10	chr17	FALSE	FALSE
Ndufb11	chrX	TRUE	FALSE
Ndufb2	chr6	TRUE	FALSE
Ndufb3	chr1	TRUE	FALSE
Ndufb4	chr16	FALSE	FALSE
Ndufb5	chr3	FALSE	FALSE
Ndufb6	chr4	FALSE	FALSE
Ndufb7	chr8	FALSE	FALSE
Ndufb8	chr19	TRUE	FALSE
Ndufb9	chr15	TRUE	FALSE
Ndufc1	chr3	TRUE	TRUE
Ndufc2	chr7	TRUE	FALSE
Ndufs1	chr1	FALSE	FALSE
Ndufs2	chr1	FALSE	FALSE
Ndufs3	chr2	FALSE	FALSE
Ndufs4	chr13	TRUE	TRUE
Ndufs5	chr4	FALSE	FALSE
Ndufs6	chr13	TRUE	FALSE
Ndufs7	chr10	FALSE	FALSE
Ndufs8	chr19	FALSE	FALSE
Ndufv1	chr19	FALSE	FALSE
Ndufv2	chr17	FALSE	FALSE
Ndufv3	chr17	FALSE	FALSE
Neb	chr2	FALSE	FALSE
Nebl	chr2	FALSE	FALSE
Necab1	chr4	FALSE	TRUE
Necab2	chr8	FALSE	FALSE
Necab3	chr2	FALSE	FALSE
Necap1	chr6	TRUE	FALSE
Necap2	chr4	TRUE	FALSE
Nectin1	chr9	TRUE	TRUE
Nectin2	chr7	FALSE	FALSE
Nectin3	chr16	FALSE	FALSE
Nectin4	chr1	FALSE	FALSE
Nedd1	chr10	FALSE	FALSE
Nedd4	chr9	TRUE	TRUE
Nedd4l	chr18	TRUE	TRUE
Nedd8	chr14	TRUE	FALSE
Nedd9	chr13	FALSE	TRUE
Nefh	chr11	TRUE	FALSE
Nefl	chr14	TRUE	FALSE
Nefm	chr14	TRUE	TRUE
Negr1	chr3	FALSE	TRUE
Neil1	chr9	TRUE	FALSE
Neil2	chr14	TRUE	FALSE
Neil3	chr8	FALSE	FALSE
Nek1	chr8	FALSE	TRUE
Nek10	chr14	FALSE	FALSE
Nek11	chr9	FALSE	TRUE
Nek2	chr1	FALSE	FALSE
Nek3	chr8	FALSE	FALSE
Nek4	chr14	FALSE	FALSE
Nek5	chr8	FALSE	TRUE
Nek6	chr2	FALSE	FALSE
Nek7	chr1	TRUE	TRUE
Nek8	chr11	TRUE	FALSE
Nek9	chr12	TRUE	TRUE
Nelfa	chr5	FALSE	FALSE
Nelfb	chr2	FALSE	FALSE
Nelfcd	chr2	FALSE	FALSE
Nelfe	chr17	FALSE	FALSE
Nell1	chr7	FALSE	FALSE
Nell2	chr15	FALSE	TRUE
Nemf	chr12	FALSE	FALSE
Nemp1	chr10	FALSE	FALSE
Nemp2	chr1	FALSE	FALSE
Nenf	chr1	FALSE	FALSE
Neo1	chr9	TRUE	TRUE
Nepn	chr10	FALSE	FALSE
Nepro	chr16	TRUE	FALSE
Nes	chr3	TRUE	FALSE
Net1	chr13	TRUE	FALSE
Neto1	chr18	FALSE	FALSE
Neto2	chr8	FALSE	TRUE
Neu1	chr17	TRUE	FALSE
Neu2	chr1	FALSE	FALSE
Neu3	chr7	FALSE	FALSE
Neu4	chr1	TRUE	FALSE
Neurl1a	chr19	TRUE	TRUE
Neurl1b	chr17	TRUE	TRUE
Neurl2	chr2	FALSE	FALSE
Neurl3	chr1	FALSE	FALSE
Neurl4	chr11	FALSE	FALSE
Neurod1	chr2	FALSE	FALSE
Neurod2	chr11	FALSE	FALSE
Neurod4	chr10	FALSE	FALSE
Neurod6	chr6	TRUE	TRUE
Neurog2	chr3	FALSE	FALSE
Nexmif	chrX	FALSE	TRUE
Nexn	chr3	TRUE	FALSE
Nf1	chr11	TRUE	TRUE
Nf2	chr11	TRUE	TRUE
Nfam1	chr15	TRUE	TRUE
Nfasc	chr1	TRUE	TRUE
Nfat5	chr8	FALSE	FALSE
Nfatc1	chr18	TRUE	TRUE
Nfatc2	chr2	TRUE	TRUE
Nfatc2ip	chr7	FALSE	FALSE
Nfatc3	chr8	FALSE	TRUE
Nfatc4	chr14	TRUE	FALSE
Nfe2	chr15	FALSE	FALSE
Nfe2l1	chr11	FALSE	FALSE
Nfe2l2	chr2	TRUE	TRUE
Nfe2l3	chr6	TRUE	TRUE
Nfia	chr4	FALSE	FALSE
Nfib	chr4	FALSE	FALSE
Nfic	chr10	FALSE	FALSE
Nfil3	chr13	FALSE	FALSE
Nfix	chr8	TRUE	TRUE
Nfkb1	chr3	FALSE	FALSE
Nfkb2	chr19	FALSE	FALSE
Nfkbia	chr12	TRUE	FALSE
Nfkbib	chr7	TRUE	FALSE
Nfkbid	chr7	FALSE	FALSE
Nfkbie	chr17	FALSE	FALSE
Nfkbil1	chr17	FALSE	FALSE
Nfkbiz	chr16	FALSE	FALSE
Nfrkb	chr9	FALSE	FALSE
Nfs1	chr2	TRUE	FALSE
Nfu1	chr6	FALSE	FALSE
Nfx1	chr4	FALSE	FALSE
Nfxl1	chr5	FALSE	FALSE
Nfya	chr17	FALSE	FALSE
Nfyb	chr10	TRUE	FALSE
Nfyc	chr4	FALSE	FALSE
Ngb	chr12	FALSE	FALSE
Ngdn	chr14	TRUE	FALSE
Ngef	chr1	TRUE	TRUE
Ngf	chr3	TRUE	TRUE
Ngfr	chr11	TRUE	FALSE
Ngly1	chr14	FALSE	FALSE
Ngp	chr9	FALSE	FALSE
Ngrn	chr7	FALSE	FALSE
Nhej1	chr1	TRUE	TRUE
Nhlh1	chr1	FALSE	FALSE
Nhlrc2	chr19	FALSE	FALSE
Nhlrc3	chr3	TRUE	FALSE
Nhlrc4	chr17	FALSE	FALSE
Nhp2	chr11	FALSE	FALSE
Nhs	chrX	TRUE	TRUE
Nhsl1	chr10	FALSE	FALSE
Nhsl2	chrX	FALSE	FALSE
Nicn1	chr9	FALSE	FALSE
Nid1	chr13	FALSE	TRUE
Nid2	chr14	FALSE	FALSE
Nif3l1	chr1	FALSE	FALSE
Nifk	chr1	FALSE	FALSE
Nim1k	chr13	TRUE	TRUE
Nin	chr12	TRUE	TRUE
Ninj1	chr13	FALSE	FALSE
Ninj2	chr6	TRUE	TRUE
Ninl	chr2	TRUE	TRUE
Nip7	chr8	TRUE	FALSE
Nipa1	chr7	FALSE	FALSE
Nipa2	chr7	FALSE	FALSE
Nipal1	chr5	TRUE	FALSE
Nipal2	chr15	FALSE	FALSE
Nipal3	chr4	FALSE	FALSE
Nipal4	chr11	TRUE	FALSE
Nipbl	chr15	FALSE	TRUE
Nipsnap1	chr11	FALSE	FALSE
Nipsnap2	chr5	FALSE	FALSE
Nipsnap3a	chr4	TRUE	FALSE
Nipsnap3b	chr4	TRUE	FALSE
Nisch	chr14	TRUE	TRUE
Nit1	chr1	TRUE	FALSE
Nit2	chr16	FALSE	FALSE
Nkain1	chr4	TRUE	FALSE
Nkain2	chr10	FALSE	TRUE
Nkain3	chr4	FALSE	FALSE
Nkain4	chr2	TRUE	TRUE
Nkap	chrX	TRUE	FALSE
Nkapd1	chr9	TRUE	FALSE
Nkd1	chr8	TRUE	TRUE
Nkd2	chr13	TRUE	TRUE
Nkg7	chr7	FALSE	FALSE
Nkiras1	chr14	FALSE	FALSE
Nkiras2	chr11	TRUE	FALSE
Nkpd1	chr7	FALSE	FALSE
Nkrf	chrX	TRUE	TRUE
Nktr	chr9	FALSE	FALSE
Nkx1-1	chr5	TRUE	FALSE
Nkx1-2	chr7	TRUE	FALSE
Nkx2-1	chr12	TRUE	FALSE
Nkx2-2	chr2	TRUE	FALSE
Nkx2-3	chr19	TRUE	FALSE
Nkx2-4	chr2	FALSE	FALSE
Nkx2-5	chr17	FALSE	FALSE
Nkx2-6	chr14	TRUE	FALSE
Nkx2-9	chr12	TRUE	FALSE
Nkx3-1	chr14	TRUE	FALSE
Nkx3-2	chr5	FALSE	FALSE
Nkx6-1	chr5	FALSE	FALSE
Nkx6-2	chr7	TRUE	FALSE
Nkx6-3	chr8	TRUE	FALSE
Nle1	chr11	TRUE	FALSE
Nlgn1	chr3	FALSE	TRUE
Nlgn2	chr11	TRUE	FALSE
Nlgn3	chrX	FALSE	FALSE
Nlk	chr11	TRUE	TRUE
Nln	chr13	TRUE	TRUE
Nlrc3	chr16	FALSE	FALSE
Nlrc4	chr17	FALSE	FALSE
Nlrc5	chr8	FALSE	FALSE
Nlrp10	chr7	TRUE	TRUE
Nlrp12	chr7	FALSE	FALSE
Nlrp14	chr7	FALSE	FALSE
Nlrp1a	chr11	FALSE	FALSE
Nlrp1b	chr11	FALSE	FALSE
Nlrp2	chr7	FALSE	FALSE
Nlrp3	chr11	TRUE	FALSE
Nlrp4a	chr7	FALSE	FALSE
Nlrp4b	chr7	TRUE	TRUE
Nlrp4c	chr7	FALSE	TRUE
Nlrp4e	chr7	FALSE	FALSE
Nlrp4f	chr13	FALSE	FALSE
Nlrp5	chr7	FALSE	FALSE
Nlrp6	chr7	TRUE	TRUE
Nlrp9a	chr7	TRUE	TRUE
Nlrp9b	chr7	FALSE	FALSE
Nlrp9c	chr7	FALSE	FALSE
Nlrx1	chr9	TRUE	FALSE
Nmb	chr7	FALSE	FALSE
Nmbr	chr10	FALSE	TRUE
Nmd3	chr3	FALSE	FALSE
Nme1	chr11	FALSE	FALSE
Nme2	chr11	FALSE	FALSE
Nme3	chr17	TRUE	FALSE
Nme4	chr17	TRUE	FALSE
Nme5	chr18	FALSE	FALSE
Nme6	chr9	FALSE	FALSE
Nme7	chr1	TRUE	TRUE
Nme8	chr13	FALSE	FALSE
Nme9	chr9	TRUE	FALSE
Nmi	chr2	FALSE	FALSE
Nmnat1	chr4	TRUE	FALSE
Nmnat2	chr1	FALSE	TRUE
Nmnat3	chr9	FALSE	FALSE
Nmral1	chr16	FALSE	FALSE
Nmrk1	chr19	FALSE	FALSE
Nmrk2	chr10	TRUE	TRUE
Nms	chr1	FALSE	FALSE
Nmt1	chr11	FALSE	FALSE
Nmt2	chr2	FALSE	FALSE
Nmu	chr5	FALSE	FALSE
Nmur1	chr1	FALSE	FALSE
Nmur2	chr11	FALSE	FALSE
Nnat	chr2	FALSE	FALSE
Nnmt	chr9	FALSE	FALSE
Nnt	chr13	FALSE	TRUE
Noa1	chr5	TRUE	FALSE
Nob1	chr8	FALSE	FALSE
Nobox	chr6	TRUE	FALSE
Noc2l	chr4	TRUE	FALSE
Noc3l	chr19	FALSE	FALSE
Noc4l	chr5	TRUE	FALSE
Noct	chr3	TRUE	TRUE
Nod1	chr6	TRUE	FALSE
Nod2	chr8	TRUE	FALSE
Nodal	chr10	FALSE	FALSE
Nol10	chr12	FALSE	TRUE
Nol11	chr11	FALSE	FALSE
Nol12	chr15	FALSE	FALSE
Nol3	chr8	TRUE	FALSE
Nol4	chr18	FALSE	FALSE
Nol4l	chr2	FALSE	FALSE
Nol6	chr4	TRUE	FALSE
Nol7	chr13	FALSE	FALSE
Nol8	chr13	FALSE	FALSE
Nol9	chr4	FALSE	FALSE
Nolc1	chr19	FALSE	FALSE
Nom1	chr5	FALSE	FALSE
Nomo1	chr7	TRUE	TRUE
Nono	chrX	FALSE	FALSE
Nop10	chr2	FALSE	FALSE
Nop14	chr5	FALSE	FALSE
Nop16	chr13	FALSE	FALSE
Nop2	chr6	FALSE	FALSE
Nop53	chr7	FALSE	FALSE
Nop56	chr2	TRUE	FALSE
Nop58	chr1	FALSE	FALSE
Nop9	chr14	FALSE	FALSE
Nos1	chr5	TRUE	TRUE
Nos1ap	chr1	FALSE	FALSE
Nos2	chr11	TRUE	TRUE
Nos3	chr5	TRUE	FALSE
Nosip	chr7	FALSE	FALSE
Nostrin	chr2	TRUE	TRUE
Notch1	chr2	TRUE	TRUE
Notch2	chr3	FALSE	FALSE
Notch3	chr17	FALSE	FALSE
Notch4	chr17	TRUE	FALSE
Noto	chr6	TRUE	FALSE
Notum	chr11	TRUE	FALSE
Nova1	chr12	FALSE	FALSE
Nova2	chr7	TRUE	TRUE
Nox1	chrX	FALSE	TRUE
Nox3	chr17	FALSE	FALSE
Nox4	chr7	FALSE	TRUE
Noxa1	chr2	TRUE	FALSE
Noxo1	chr17	TRUE	FALSE
Noxred1	chr12	TRUE	FALSE
Npas1	chr7	FALSE	FALSE
Npas2	chr1	FALSE	TRUE
Npas3	chr12	FALSE	TRUE
Npas4	chr19	TRUE	FALSE
Npat	chr9	FALSE	TRUE
Npb	chr11	FALSE	FALSE
Npc1	chr18	FALSE	FALSE
Npc1l1	chr11	TRUE	TRUE
Npc2	chr12	FALSE	FALSE
Npcd	chr15	FALSE	FALSE
Npdc1	chr2	TRUE	TRUE
Npepl1	chr2	TRUE	FALSE
Npepps	chr11	TRUE	TRUE
Npff	chr15	TRUE	FALSE
Npffr1	chr10	TRUE	FALSE
Npffr2	chr5	FALSE	FALSE
Nphp1	chr2	FALSE	FALSE
Nphp3	chr9	FALSE	FALSE
Nphp4	chr4	TRUE	TRUE
Nphs1	chr7	TRUE	FALSE
Nphs2	chr1	FALSE	FALSE
Npl	chr1	TRUE	TRUE
Nploc4	chr11	FALSE	FALSE
Npm1	chr11	FALSE	FALSE
Npm2	chr14	FALSE	FALSE
Npm3	chr19	TRUE	FALSE
Npnt	chr3	FALSE	FALSE
Nppa	chr4	TRUE	TRUE
Nppb	chr4	FALSE	FALSE
Nppc	chr1	TRUE	FALSE
Npr1	chr3	TRUE	TRUE
Npr2	chr4	TRUE	FALSE
Npr3	chr15	FALSE	FALSE
Nprl2	chr9	FALSE	FALSE
Nprl3	chr11	FALSE	FALSE
Nps	chr7	FALSE	FALSE
Npsr1	chr9	FALSE	FALSE
Nptn	chr9	TRUE	TRUE
Nptx1	chr11	FALSE	FALSE
Nptx2	chr5	FALSE	FALSE
Nptxr	chr15	FALSE	FALSE
Npvf	chr6	FALSE	FALSE
Npw	chr17	FALSE	FALSE
Npy	chr6	TRUE	FALSE
Npy1r	chr8	FALSE	FALSE
Npy2r	chr3	TRUE	TRUE
Npy4r	chr14	TRUE	FALSE
Npy5r	chr8	FALSE	FALSE
Npy6r	chr18	FALSE	FALSE
Nqo1	chr8	FALSE	FALSE
Nqo2	chr13	FALSE	FALSE
Nr0b1	chrX	TRUE	FALSE
Nr0b2	chr4	FALSE	FALSE
Nr1d1	chr11	TRUE	FALSE
Nr1d2	chr14	FALSE	TRUE
Nr1h2	chr7	FALSE	FALSE
Nr1h3	chr2	FALSE	FALSE
Nr1h4	chr10	TRUE	TRUE
Nr1h5	chr3	FALSE	FALSE
Nr1i2	chr16	FALSE	FALSE
Nr1i3	chr1	FALSE	FALSE
Nr2c1	chr10	FALSE	FALSE
Nr2c2	chr6	TRUE	TRUE
Nr2c2ap	chr8	TRUE	FALSE
Nr2e1	chr10	FALSE	FALSE
Nr2e3	chr9	TRUE	FALSE
Nr2f1	chr13	FALSE	FALSE
Nr2f2	chr7	FALSE	FALSE
Nr2f6	chr8	TRUE	FALSE
Nr3c1	chr18	FALSE	FALSE
Nr3c2	chr8	TRUE	TRUE
Nr4a1	chr15	FALSE	FALSE
Nr4a2	chr2	FALSE	FALSE
Nr4a3	chr4	TRUE	TRUE
Nr5a1	chr2	FALSE	FALSE
Nr5a2	chr1	FALSE	FALSE
Nr6a1	chr2	TRUE	TRUE
Nradd	chr9	FALSE	FALSE
Nrap	chr19	FALSE	FALSE
Nras	chr3	TRUE	FALSE
Nrbf2	chr10	FALSE	FALSE
Nrbp1	chr5	TRUE	FALSE
Nrbp2	chr15	TRUE	FALSE
Nrcam	chr12	TRUE	TRUE
Nrd1	chr4	FALSE	TRUE
Nrde2	chr12	TRUE	FALSE
Nrep	chr18	FALSE	FALSE
Nrf1	chr6	TRUE	TRUE
Nrg1	chr8	FALSE	FALSE
Nrg2	chr18	TRUE	TRUE
Nrg3	chr14	FALSE	FALSE
Nrg4	chr9	FALSE	FALSE
Nrgn	chr9	FALSE	FALSE
Nrip1	chr16	FALSE	FALSE
Nrip2	chr6	TRUE	FALSE
Nrip3	chr7	TRUE	TRUE
Nrk	chrX	FALSE	FALSE
Nrl	chr14	FALSE	FALSE
Nrm	chr17	TRUE	FALSE
Nrn1	chr13	FALSE	FALSE
Nrn1l	chr8	TRUE	FALSE
Nrp1	chr8	FALSE	FALSE
Nrp2	chr1	TRUE	TRUE
Nrros	chr16	FALSE	FALSE
Nrsn1	chr13	FALSE	FALSE
Nrsn2	chr2	FALSE	FALSE
Nrtn	chr17	FALSE	FALSE
Nrxn1	chr17	TRUE	TRUE
Nrxn2	chr19	TRUE	TRUE
Nrxn3	chr12	FALSE	FALSE
Nsa2	chr13	FALSE	FALSE
Nsd1	chr13	FALSE	TRUE
Nsd2	chr5	TRUE	TRUE
Nsd3	chr8	TRUE	TRUE
Nsdhl	chrX	FALSE	FALSE
Nsf	chr11	TRUE	TRUE
Nsfl1c	chr2	FALSE	FALSE
Nsg1	chr5	FALSE	FALSE
Nsg2	chr11	TRUE	FALSE
Nsl1	chr1	FALSE	FALSE
Nsmaf	chr4	FALSE	FALSE
Nsmce1	chr7	FALSE	FALSE
Nsmce2	chr15	FALSE	TRUE
Nsmce4a	chr7	FALSE	FALSE
Nsmf	chr2	TRUE	TRUE
Nsrp1	chr11	FALSE	FALSE
Nsun2	chr13	FALSE	TRUE
Nsun3	chr16	FALSE	TRUE
Nsun4	chr4	FALSE	FALSE
Nsun5	chr5	TRUE	FALSE
Nsun6	chr2	FALSE	FALSE
Nsun7	chr5	FALSE	FALSE
Nt5c	chr11	TRUE	FALSE
Nt5c1a	chr4	FALSE	FALSE
Nt5c1b	chr12	FALSE	FALSE
Nt5c2	chr19	TRUE	TRUE
Nt5c3	chr6	TRUE	TRUE
Nt5c3b	chr11	TRUE	TRUE
Nt5dc1	chr10	FALSE	FALSE
Nt5dc2	chr14	TRUE	FALSE
Nt5dc3	chr10	FALSE	FALSE
Nt5e	chr9	TRUE	TRUE
Nt5el	chr13	FALSE	FALSE
Nt5m	chr11	TRUE	TRUE
Ntan1	chr16	FALSE	FALSE
Ntf3	chr6	FALSE	FALSE
Ntf5	chr7	FALSE	FALSE
Nthl1	chr17	TRUE	FALSE
Ntm	chr9	FALSE	FALSE
Ntmt1	chr2	TRUE	FALSE
Ntn1	chr11	FALSE	TRUE
Ntn3	chr17	TRUE	FALSE
Ntn4	chr10	FALSE	FALSE
Ntn5	chr7	TRUE	FALSE
Ntng1	chr3	FALSE	FALSE
Ntng2	chr2	TRUE	TRUE
Ntpcr	chr8	FALSE	FALSE
Ntrk1	chr3	TRUE	FALSE
Ntrk2	chr13	TRUE	TRUE
Ntrk3	chr7	TRUE	TRUE
Nts	chr10	FALSE	FALSE
Ntsr1	chr2	TRUE	TRUE
Ntsr2	chr12	TRUE	FALSE
Nuak1	chr10	TRUE	TRUE
Nuak2	chr1	TRUE	FALSE
Nub1	chr5	FALSE	FALSE
Nubp1	chr16	TRUE	FALSE
Nubp2	chr17	TRUE	FALSE
Nubpl	chr12	FALSE	TRUE
Nucb1	chr7	TRUE	FALSE
Nucb2	chr7	FALSE	FALSE
Nucks1	chr1	FALSE	FALSE
Nudc	chr4	FALSE	FALSE
Nudcd1	chr15	FALSE	FALSE
Nudcd2	chr11	TRUE	FALSE
Nudcd3	chr11	FALSE	FALSE
Nudt1	chr5	FALSE	FALSE
Nudt10	chrX	TRUE	FALSE
Nudt11	chrX	TRUE	FALSE
Nudt12	chr17	TRUE	FALSE
Nudt13	chr14	FALSE	FALSE
Nudt14	chr12	TRUE	TRUE
Nudt15	chr14	FALSE	FALSE
Nudt16	chr9	TRUE	FALSE
Nudt16l1	chr16	TRUE	FALSE
Nudt16l2	chr9	FALSE	FALSE
Nudt17	chr3	TRUE	FALSE
Nudt18	chr14	TRUE	TRUE
Nudt19	chr7	FALSE	FALSE
Nudt2	chr4	TRUE	TRUE
Nudt21	chr8	FALSE	FALSE
Nudt22	chr19	FALSE	FALSE
Nudt3	chr17	TRUE	TRUE
Nudt4	chr10	TRUE	FALSE
Nudt5	chr2	FALSE	FALSE
Nudt6	chr3	FALSE	FALSE
Nudt7	chr8	FALSE	FALSE
Nudt8	chr19	FALSE	FALSE
Nudt9	chr5	FALSE	FALSE
Nuf2	chr1	FALSE	FALSE
Nufip1	chr14	FALSE	FALSE
Nufip2	chr11	TRUE	TRUE
Nuggc	chr14	FALSE	FALSE
Numa1	chr7	TRUE	TRUE
Numb	chr12	FALSE	FALSE
Numbl	chr7	TRUE	TRUE
Nup107	chr10	FALSE	FALSE
Nup133	chr8	FALSE	FALSE
Nup153	chr13	FALSE	FALSE
Nup155	chr15	TRUE	TRUE
Nup160	chr2	FALSE	FALSE
Nup188	chr2	TRUE	TRUE
Nup205	chr6	FALSE	TRUE
Nup210	chr6	FALSE	TRUE
Nup210l	chr3	FALSE	FALSE
Nup214	chr2	TRUE	TRUE
Nup35	chr2	FALSE	FALSE
Nup37	chr10	FALSE	FALSE
Nup43	chr10	FALSE	FALSE
Nup50	chr15	FALSE	FALSE
Nup54	chr5	FALSE	FALSE
Nup62	chr7	FALSE	FALSE
Nup62cl	chrX	FALSE	FALSE
Nup85	chr11	FALSE	FALSE
Nup88	chr11	FALSE	FALSE
Nup93	chr8	TRUE	TRUE
Nup98	chr7	TRUE	TRUE
Nupl1	chr14	FALSE	TRUE
Nupl2	chr5	FALSE	FALSE
Nupr1	chr7	FALSE	FALSE
Nupr1l	chr5	FALSE	FALSE
Nus1	chr10	FALSE	FALSE
Nusap1	chr2	FALSE	FALSE
Nutf2	chr8	FALSE	FALSE
Nutm1	chr2	TRUE	FALSE
Nutm2	chr13	FALSE	FALSE
Nvl	chr1	FALSE	FALSE
Nwd1	chr8	TRUE	TRUE
Nwd2	chr5	TRUE	TRUE
Nxf1	chr19	FALSE	FALSE
Nxf2	chrX	TRUE	TRUE
Nxf3	chrX	TRUE	FALSE
Nxf7	chrX	FALSE	FALSE
Nxn	chr11	FALSE	FALSE
Nxnl1	chr8	TRUE	FALSE
Nxnl2	chr13	FALSE	FALSE
Nxpe2	chr9	TRUE	TRUE
Nxpe3	chr16	TRUE	TRUE
Nxpe4	chr9	TRUE	TRUE
Nxpe5	chr5	FALSE	FALSE
Nxph1	chr6	FALSE	FALSE
Nxph2	chr2	FALSE	FALSE
Nxph3	chr11	FALSE	FALSE
Nxph4	chr10	TRUE	TRUE
Nxt1	chr2	FALSE	FALSE
Nxt2	chrX	FALSE	FALSE
Nyap1	chr5	FALSE	FALSE
Nyap2	chr1	FALSE	FALSE
Nynrin	chr14	FALSE	TRUE
Nyx	chrX	FALSE	FALSE
OR5BS1P	chr15	TRUE	FALSE
Oacyl	chr18	FALSE	FALSE
Oaf	chr9	TRUE	TRUE
Oard1	chr17	FALSE	FALSE
Oas1a	chr5	TRUE	FALSE
Oas1c	chr5	FALSE	FALSE
Oas1d	chr5	TRUE	FALSE
Oas1e	chr5	TRUE	FALSE
Oas1f	chr5	TRUE	TRUE
Oas1g	chr5	FALSE	FALSE
Oas1h	chr5	TRUE	FALSE
Oas2	chr5	TRUE	TRUE
Oas3	chr5	TRUE	TRUE
Oasl1	chr5	FALSE	FALSE
Oasl2	chr5	FALSE	FALSE
Oat	chr7	FALSE	FALSE
Oaz1	chr10	TRUE	FALSE
Oaz2	chr9	FALSE	FALSE
Oaz3	chr3	FALSE	FALSE
Obox1	chr7	FALSE	FALSE
Obox2	chr7	FALSE	FALSE
Obox3	chr7	FALSE	FALSE
Obox5	chr7	TRUE	FALSE
Obox6	chr7	TRUE	FALSE
Obox7	chr7	TRUE	FALSE
Obox8	chr7	TRUE	FALSE
Obp1a	chrX	FALSE	FALSE
Obp1b	chrX	FALSE	FALSE
Obp2a	chr2	FALSE	FALSE
Obp2b	chr2	TRUE	FALSE
Obscn	chr11	TRUE	TRUE
Obsl1	chr1	FALSE	FALSE
Oc90	chr15	FALSE	FALSE
Oca2	chr7	FALSE	FALSE
Ocel1	chr8	FALSE	FALSE
Ociad1	chr5	FALSE	FALSE
Ociad2	chr5	FALSE	FALSE
Ocln	chr13	FALSE	FALSE
Ocm	chr5	FALSE	FALSE
Ocrl	chrX	FALSE	FALSE
Ocstamp	chr2	FALSE	FALSE
Odam	chr5	FALSE	FALSE
Odaph	chr5	FALSE	FALSE
Odc1	chr12	FALSE	FALSE
Odf1	chr15	FALSE	FALSE
Odf2	chr2	FALSE	FALSE
Odf2l	chr3	FALSE	FALSE
Odf3	chr7	TRUE	TRUE
Odf3b	chr15	TRUE	FALSE
Odf3l1	chr9	TRUE	FALSE
Odf3l2	chr10	TRUE	TRUE
Odf4	chr11	TRUE	FALSE
Odr4	chr1	FALSE	FALSE
Ofcc1	chr13	FALSE	TRUE
Ofd1	chrX	FALSE	FALSE
Oga	chr19	TRUE	FALSE
Ogdh	chr11	TRUE	TRUE
Ogdhl	chr14	TRUE	TRUE
Ogfod1	chr8	FALSE	FALSE
Ogfod2	chr5	TRUE	FALSE
Ogfod3	chr11	FALSE	FALSE
Ogfr	chr2	FALSE	FALSE
Ogfrl1	chr1	FALSE	FALSE
Ogg1	chr6	FALSE	FALSE
Ogn	chr13	TRUE	FALSE
Ogt	chrX	FALSE	FALSE
Oip5	chr2	FALSE	FALSE
Oit1	chr14	FALSE	FALSE
Oit3	chr10	TRUE	FALSE
Ola1	chr2	TRUE	TRUE
Olah	chr2	FALSE	FALSE
Olfm1	chr2	FALSE	FALSE
Olfm2	chr9	TRUE	TRUE
Olfm3	chr3	TRUE	TRUE
Olfm4	chr14	FALSE	FALSE
Olfm5	chr7	FALSE	FALSE
Olfml1	chr7	FALSE	FALSE
Olfml2a	chr2	FALSE	FALSE
Olfml2b	chr1	FALSE	FALSE
Olfml3	chr3	TRUE	TRUE
Olfr1	chr11	FALSE	FALSE
Olfr10	chr11	FALSE	FALSE
Olfr1000	chr2	FALSE	FALSE
Olfr1002	chr2	FALSE	FALSE
Olfr1006	chr2	FALSE	FALSE
Olfr1009	chr2	FALSE	FALSE
Olfr101	chr17	FALSE	FALSE
Olfr1012	chr2	TRUE	FALSE
Olfr1013	chr2	FALSE	FALSE
Olfr1014	chr2	FALSE	FALSE
Olfr1015	chr2	FALSE	FALSE
Olfr1016	chr2	FALSE	FALSE
Olfr1018	chr2	FALSE	FALSE
Olfr1019	chr2	FALSE	FALSE
Olfr102	chr17	TRUE	FALSE
Olfr1020	chr2	FALSE	FALSE
Olfr1023	chr2	TRUE	FALSE
Olfr1025-ps1	chr2	TRUE	FALSE
Olfr1026	chr2	FALSE	FALSE
Olfr1029	chr2	FALSE	FALSE
Olfr103	chr17	TRUE	FALSE
Olfr1030	chr2	FALSE	FALSE
Olfr1031	chr2	FALSE	FALSE
Olfr1032	chr2	FALSE	FALSE
Olfr1033	chr2	FALSE	FALSE
Olfr1037	chr2	FALSE	FALSE
Olfr1039	chr2	FALSE	FALSE
Olfr1043	chr2	FALSE	FALSE
Olfr1044	chr2	FALSE	FALSE
Olfr1045	chr2	FALSE	FALSE
Olfr1046	chr2	FALSE	FALSE
Olfr1047	chr2	FALSE	FALSE
Olfr1048	chr2	FALSE	FALSE
Olfr1049	chr2	FALSE	FALSE
Olfr105-ps	chr17	TRUE	FALSE
Olfr1051	chr2	FALSE	FALSE
Olfr1052	chr2	FALSE	FALSE
Olfr1054	chr2	FALSE	FALSE
Olfr1055	chr2	FALSE	FALSE
Olfr1056	chr2	FALSE	FALSE
Olfr1057	chr2	FALSE	FALSE
Olfr1058	chr2	FALSE	FALSE
Olfr106-ps	chr17	FALSE	TRUE
Olfr1062	chr2	FALSE	FALSE
Olfr1065	chr2	FALSE	FALSE
Olfr107	chr17	FALSE	FALSE
Olfr1079	chr2	FALSE	FALSE
Olfr1080	chr2	FALSE	FALSE
Olfr1082	chr2	FALSE	FALSE
Olfr1085	chr2	FALSE	FALSE
Olfr1086	chr2	FALSE	FALSE
Olfr1087	chr2	FALSE	FALSE
Olfr109	chr17	FALSE	FALSE
Olfr1090	chr2	TRUE	FALSE
Olfr1093	chr2	FALSE	FALSE
Olfr1094	chr2	FALSE	FALSE
Olfr1097	chr2	TRUE	FALSE
Olfr1098	chr2	FALSE	FALSE
Olfr1099	chr2	TRUE	FALSE
Olfr11	chr13	FALSE	FALSE
Olfr110	chr17	TRUE	FALSE
Olfr1100	chr2	FALSE	FALSE
Olfr1101	chr2	FALSE	FALSE
Olfr1102	chr2	FALSE	FALSE
Olfr1104	chr2	FALSE	FALSE
Olfr1105	chr2	TRUE	FALSE
Olfr1106	chr2	TRUE	FALSE
Olfr1107	chr2	FALSE	FALSE
Olfr1109	chr2	TRUE	FALSE
Olfr111	chr17	FALSE	FALSE
Olfr1110	chr2	FALSE	FALSE
Olfr1111	chr2	FALSE	FALSE
Olfr1112	chr2	FALSE	FALSE
Olfr1113	chr2	FALSE	FALSE
Olfr1115	chr2	TRUE	FALSE
Olfr1116	chr2	FALSE	FALSE
Olfr1118	chr2	FALSE	FALSE
Olfr112	chr17	FALSE	TRUE
Olfr1120	chr2	FALSE	FALSE
Olfr1121	chr2	TRUE	FALSE
Olfr1122	chr2	FALSE	FALSE
Olfr1123	chr2	FALSE	FALSE
Olfr1124	chr2	FALSE	FALSE
Olfr1126	chr2	TRUE	FALSE
Olfr1129	chr2	FALSE	FALSE
Olfr113	chr17	TRUE	FALSE
Olfr1130	chr2	FALSE	FALSE
Olfr1131	chr2	FALSE	FALSE
Olfr1132	chr2	TRUE	FALSE
Olfr1133	chr2	TRUE	FALSE
Olfr1134	chr2	FALSE	FALSE
Olfr1135	chr2	FALSE	FALSE
Olfr1137	chr2	FALSE	FALSE
Olfr1138	chr2	FALSE	FALSE
Olfr114	chr17	FALSE	FALSE
Olfr1140	chr2	FALSE	FALSE
Olfr1143	chr2	FALSE	FALSE
Olfr1148	chr2	FALSE	FALSE
Olfr115	chr17	FALSE	FALSE
Olfr1150-ps1	chr2	FALSE	FALSE
Olfr1151	chr2	FALSE	FALSE
Olfr1152	chr2	FALSE	FALSE
Olfr1153	chr2	FALSE	FALSE
Olfr1154	chr2	FALSE	FALSE
Olfr1155	chr2	FALSE	FALSE
Olfr1156	chr2	TRUE	TRUE
Olfr1157	chr2	FALSE	FALSE
Olfr116	chr17	FALSE	FALSE
Olfr1160	chr2	FALSE	FALSE
Olfr1161	chr2	FALSE	FALSE
Olfr1162	chr2	FALSE	FALSE
Olfr1163	chr2	FALSE	FALSE
Olfr1166	chr2	FALSE	FALSE
Olfr1167	chr2	FALSE	FALSE
Olfr1168	chr2	FALSE	FALSE
Olfr117	chr17	FALSE	FALSE
Olfr1170	chr2	FALSE	FALSE
Olfr1173	chr2	FALSE	FALSE
Olfr1174	chr2	FALSE	FALSE
Olfr1175	chr2	FALSE	FALSE
Olfr1176	chr2	FALSE	FALSE
Olfr1177-ps	chr2	TRUE	FALSE
Olfr1178	chr2	FALSE	FALSE
Olfr1179	chr2	FALSE	FALSE
Olfr118	chr17	FALSE	FALSE
Olfr1180	chr2	TRUE	FALSE
Olfr1181	chr2	FALSE	FALSE
Olfr1182	chr2	FALSE	FALSE
Olfr1183	chr2	FALSE	FALSE
Olfr1184	chr2	FALSE	FALSE
Olfr1185-ps1	chr2	FALSE	FALSE
Olfr1186	chr2	FALSE	FALSE
Olfr1188	chr2	FALSE	FALSE
Olfr1189	chr2	FALSE	FALSE
Olfr119	chr17	FALSE	FALSE
Olfr1191-ps1	chr2	FALSE	FALSE
Olfr1192-ps1	chr2	FALSE	FALSE
Olfr1193	chr2	FALSE	FALSE
Olfr1195	chr2	FALSE	FALSE
Olfr1196	chr2	FALSE	FALSE
Olfr1197	chr2	TRUE	FALSE
Olfr1198	chr2	TRUE	FALSE
Olfr1199	chr2	FALSE	FALSE
Olfr12	chr1	TRUE	FALSE
Olfr120	chr17	TRUE	FALSE
Olfr1200	chr2	TRUE	FALSE
Olfr1201	chr2	FALSE	FALSE
Olfr1202	chr2	FALSE	FALSE
Olfr1204	chr2	FALSE	FALSE
Olfr1205	chr2	FALSE	FALSE
Olfr1206	chr2	FALSE	FALSE
Olfr1208	chr2	FALSE	FALSE
Olfr1209	chr2	FALSE	FALSE
Olfr121	chr17	FALSE	FALSE
Olfr1211	chr2	FALSE	FALSE
Olfr1212	chr2	FALSE	FALSE
Olfr1213	chr2	FALSE	FALSE
Olfr1214	chr2	FALSE	FALSE
Olfr1215	chr2	FALSE	FALSE
Olfr1216	chr2	FALSE	FALSE
Olfr1217	chr2	FALSE	FALSE
Olfr1218	chr2	FALSE	FALSE
Olfr1219	chr2	FALSE	FALSE
Olfr122	chr17	TRUE	FALSE
Olfr1220	chr2	FALSE	FALSE
Olfr1221	chr2	FALSE	FALSE
Olfr1222	chr2	FALSE	FALSE
Olfr1223	chr2	FALSE	FALSE
Olfr1224-ps1	chr2	FALSE	FALSE
Olfr1225	chr2	FALSE	FALSE
Olfr1226	chr2	FALSE	FALSE
Olfr1228	chr2	FALSE	FALSE
Olfr1229	chr2	FALSE	FALSE
Olfr123	chr17	FALSE	FALSE
Olfr1231	chr2	FALSE	FALSE
Olfr1232	chr2	FALSE	FALSE
Olfr1233	chr2	FALSE	FALSE
Olfr1234	chr2	FALSE	FALSE
Olfr1238	chr2	TRUE	FALSE
Olfr1239	chr2	FALSE	FALSE
Olfr124	chr17	FALSE	FALSE
Olfr1240	chr2	TRUE	FALSE
Olfr1241	chr2	TRUE	FALSE
Olfr1242	chr2	FALSE	FALSE
Olfr1243	chr2	FALSE	FALSE
Olfr1245	chr2	FALSE	FALSE
Olfr1246	chr2	FALSE	FALSE
Olfr1247	chr2	TRUE	TRUE
Olfr1249	chr2	FALSE	FALSE
Olfr125	chr17	TRUE	FALSE
Olfr1250	chr2	TRUE	FALSE
Olfr1251	chr2	FALSE	FALSE
Olfr1252	chr2	FALSE	FALSE
Olfr1253	chr2	TRUE	FALSE
Olfr1254	chr2	TRUE	FALSE
Olfr1255	chr2	FALSE	FALSE
Olfr1256	chr2	FALSE	FALSE
Olfr1257	chr2	FALSE	FALSE
Olfr1258	chr2	FALSE	FALSE
Olfr1259	chr2	FALSE	FALSE
Olfr126	chr17	TRUE	FALSE
Olfr1260	chr2	TRUE	FALSE
Olfr1261	chr2	TRUE	FALSE
Olfr1262	chr2	FALSE	FALSE
Olfr1263	chr2	FALSE	FALSE
Olfr1264	chr2	FALSE	FALSE
Olfr1265	chr2	TRUE	FALSE
Olfr1269	chr2	FALSE	FALSE
Olfr127	chr17	FALSE	FALSE
Olfr1270	chr2	FALSE	FALSE
Olfr1271	chr2	TRUE	FALSE
Olfr1272	chr2	FALSE	FALSE
Olfr1274	chr2	TRUE	FALSE
Olfr1275	chr2	FALSE	FALSE
Olfr1276	chr2	FALSE	FALSE
Olfr1277	chr2	FALSE	FALSE
Olfr1278	chr2	FALSE	FALSE
Olfr1279	chr2	TRUE	FALSE
Olfr128	chr17	TRUE	FALSE
Olfr1280	chr2	TRUE	FALSE
Olfr1281	chr2	FALSE	FALSE
Olfr1283	chr2	TRUE	FALSE
Olfr1284	chr2	FALSE	FALSE
Olfr1286	chr2	TRUE	FALSE
Olfr1288	chr2	FALSE	FALSE
Olfr1289	chr2	TRUE	FALSE
Olfr129	chr17	FALSE	FALSE
Olfr1290	chr2	FALSE	FALSE
Olfr1291-ps1	chr2	TRUE	FALSE
Olfr1293-ps	chr2	FALSE	FALSE
Olfr1294	chr2	FALSE	FALSE
Olfr1295	chr2	FALSE	FALSE
Olfr1297	chr2	FALSE	FALSE
Olfr1298	chr2	FALSE	FALSE
Olfr1299	chr2	FALSE	FALSE
Olfr13	chr6	FALSE	FALSE
Olfr130	chr17	FALSE	FALSE
Olfr1301	chr2	FALSE	FALSE
Olfr1302	chr2	TRUE	FALSE
Olfr1303	chr2	FALSE	FALSE
Olfr1305	chr2	FALSE	FALSE
Olfr1306	chr2	FALSE	FALSE
Olfr1307	chr2	FALSE	FALSE
Olfr1308	chr2	FALSE	FALSE
Olfr1309	chr2	FALSE	FALSE
Olfr131	chr17	FALSE	FALSE
Olfr1310	chr2	FALSE	TRUE
Olfr1311	chr2	FALSE	FALSE
Olfr1312	chr2	FALSE	FALSE
Olfr1313	chr2	FALSE	FALSE
Olfr1314	chr2	TRUE	FALSE
Olfr1315-ps1	chr2	FALSE	FALSE
Olfr1316	chr2	FALSE	FALSE
Olfr1317	chr2	FALSE	FALSE
Olfr1318	chr2	FALSE	FALSE
Olfr132	chr17	FALSE	FALSE
Olfr1320	chrX	FALSE	FALSE
Olfr1321	chrX	FALSE	FALSE
Olfr1322	chrX	FALSE	FALSE
Olfr1323	chrX	TRUE	FALSE
Olfr1324	chrX	FALSE	FALSE
Olfr1325	chrX	FALSE	FALSE
Olfr1326-ps1	chrX	FALSE	FALSE
Olfr1328	chr4	FALSE	FALSE
Olfr133	chr17	FALSE	FALSE
Olfr1330	chr4	TRUE	FALSE
Olfr1331	chr4	FALSE	FALSE
Olfr1333	chr4	FALSE	FALSE
Olfr1336	chr7	FALSE	FALSE
Olfr1338	chr4	FALSE	FALSE
Olfr1339	chr4	FALSE	FALSE
Olfr134	chr17	FALSE	FALSE
Olfr1340	chr4	FALSE	FALSE
Olfr1341	chr4	TRUE	FALSE
Olfr1342	chr4	FALSE	FALSE
Olfr1344	chr7	TRUE	FALSE
Olfr1346	chr7	TRUE	FALSE
Olfr1347	chr7	FALSE	FALSE
Olfr1348	chr7	FALSE	FALSE
Olfr1349	chr7	TRUE	FALSE
Olfr135	chr17	TRUE	FALSE
Olfr1350	chr7	TRUE	FALSE
Olfr1351	chr10	TRUE	FALSE
Olfr1352	chr10	FALSE	FALSE
Olfr1353	chr10	FALSE	FALSE
Olfr1354	chr10	TRUE	FALSE
Olfr1355	chr10	FALSE	FALSE
Olfr1356	chr10	FALSE	FALSE
Olfr1357	chr10	TRUE	FALSE
Olfr1358	chr10	TRUE	FALSE
Olfr1359	chr13	FALSE	FALSE
Olfr136	chr17	FALSE	FALSE
Olfr1360	chr13	FALSE	FALSE
Olfr1361	chr13	FALSE	FALSE
Olfr1364	chr13	FALSE	FALSE
Olfr1366	chr13	TRUE	FALSE
Olfr1368	chr13	FALSE	FALSE
Olfr1369-ps1	chr13	TRUE	FALSE
Olfr137	chr17	FALSE	FALSE
Olfr1370	chr13	FALSE	FALSE
Olfr1377	chr11	TRUE	FALSE
Olfr1378	chr11	FALSE	FALSE
Olfr138	chr17	FALSE	FALSE
Olfr1380	chr11	FALSE	FALSE
Olfr1381	chr11	TRUE	FALSE
Olfr1382	chr11	FALSE	FALSE
Olfr1383	chr11	FALSE	FALSE
Olfr1384	chr11	FALSE	FALSE
Olfr1385	chr11	FALSE	FALSE
Olfr1386	chr11	FALSE	FALSE
Olfr1387	chr11	FALSE	FALSE
Olfr1388	chr11	FALSE	FALSE
Olfr1389	chr11	FALSE	FALSE
Olfr139	chr11	TRUE	FALSE
Olfr1390	chr11	FALSE	FALSE
Olfr1391	chr11	TRUE	FALSE
Olfr1392	chr11	TRUE	FALSE
Olfr1393	chr11	FALSE	FALSE
Olfr1394	chr11	FALSE	FALSE
Olfr1395	chr11	FALSE	FALSE
Olfr1396	chr11	TRUE	FALSE
Olfr140	chr2	FALSE	FALSE
Olfr1402	chr3	FALSE	FALSE
Olfr1404	chr1	FALSE	FALSE
Olfr1406	chr1	TRUE	TRUE
Olfr1408	chr1	TRUE	FALSE
Olfr141	chr2	TRUE	FALSE
Olfr1410	chr1	FALSE	FALSE
Olfr1411	chr1	TRUE	FALSE
Olfr1412	chr1	TRUE	FALSE
Olfr1413	chr1	FALSE	FALSE
Olfr1414	chr1	TRUE	FALSE
Olfr1415	chr1	TRUE	FALSE
Olfr1416	chr1	FALSE	FALSE
Olfr1417	chr19	FALSE	FALSE
Olfr1418	chr19	FALSE	FALSE
Olfr1419	chr19	FALSE	FALSE
Olfr142	chr2	FALSE	FALSE
Olfr1420	chr19	FALSE	FALSE
Olfr1423	chr19	FALSE	FALSE
Olfr1424	chr19	FALSE	FALSE
Olfr1425	chr19	FALSE	FALSE
Olfr1426	chr19	TRUE	FALSE
Olfr1427	chr19	FALSE	FALSE
Olfr1428	chr19	FALSE	FALSE
Olfr143	chr9	TRUE	FALSE
Olfr1431	chr19	FALSE	FALSE
Olfr1432	chr19	TRUE	FALSE
Olfr1434	chr19	TRUE	FALSE
Olfr1437	chr19	TRUE	FALSE
Olfr1438-ps1	chr19	TRUE	FALSE
Olfr1440	chr19	FALSE	FALSE
Olfr1441	chr19	FALSE	FALSE
Olfr1442	chr19	FALSE	FALSE
Olfr1443	chr19	TRUE	FALSE
Olfr1444	chr19	TRUE	FALSE
Olfr1446	chr19	FALSE	FALSE
Olfr1447	chr19	FALSE	FALSE
Olfr1448	chr19	FALSE	FALSE
Olfr1449	chr19	FALSE	FALSE
Olfr1450	chr19	FALSE	FALSE
Olfr1451	chr19	FALSE	FALSE
Olfr1454	chr19	FALSE	FALSE
Olfr1457	chr19	FALSE	FALSE
Olfr1458	chr19	FALSE	FALSE
Olfr1459	chr19	TRUE	FALSE
Olfr146	chr9	TRUE	FALSE
Olfr1461	chr19	FALSE	FALSE
Olfr1462	chr19	FALSE	FALSE
Olfr1463	chr19	FALSE	FALSE
Olfr1465	chr19	TRUE	FALSE
Olfr1466	chr19	TRUE	FALSE
Olfr1467	chr19	TRUE	FALSE
Olfr1469	chr19	FALSE	FALSE
Olfr147	chr9	FALSE	FALSE
Olfr1471	chr19	FALSE	FALSE
Olfr1472	chr19	FALSE	FALSE
Olfr1474	chr19	FALSE	FALSE
Olfr1477	chr19	TRUE	FALSE
Olfr148	chr9	FALSE	FALSE
Olfr1480	chr19	FALSE	FALSE
Olfr1484	chr19	FALSE	FALSE
Olfr1487	chr19	FALSE	FALSE
Olfr1489	chr19	FALSE	FALSE
Olfr149	chr9	FALSE	FALSE
Olfr1490	chr19	FALSE	FALSE
Olfr1491	chr19	FALSE	FALSE
Olfr1493-ps1	chr19	FALSE	FALSE
Olfr1494	chr19	FALSE	FALSE
Olfr1495	chr19	FALSE	FALSE
Olfr1496	chr19	FALSE	FALSE
Olfr1497	chr19	TRUE	FALSE
Olfr1499	chr19	FALSE	FALSE
Olfr15	chr16	TRUE	FALSE
Olfr150	chr9	FALSE	FALSE
Olfr1500	chr19	FALSE	FALSE
Olfr1501	chr19	FALSE	FALSE
Olfr1504	chr19	TRUE	TRUE
Olfr1505	chr19	FALSE	FALSE
Olfr1507	chr14	FALSE	FALSE
Olfr1508	chr14	FALSE	FALSE
Olfr1509	chr14	FALSE	FALSE
Olfr1510	chr14	FALSE	FALSE
Olfr1511	chr14	FALSE	FALSE
Olfr1512	chr14	TRUE	FALSE
Olfr1513	chr14	TRUE	FALSE
Olfr152	chr2	FALSE	FALSE
Olfr1532-ps1	chr7	FALSE	FALSE
Olfr1535	chr13	FALSE	FALSE
Olfr1537	chr9	FALSE	FALSE
Olfr155	chr4	FALSE	FALSE
Olfr1555-ps1	chr19	FALSE	FALSE
Olfr156	chr4	TRUE	FALSE
Olfr1564	chr17	TRUE	FALSE
Olfr157	chr4	FALSE	FALSE
Olfr16	chr1	FALSE	FALSE
Olfr160	chr9	FALSE	FALSE
Olfr161	chr16	TRUE	FALSE
Olfr164	chr16	FALSE	FALSE
Olfr165	chr16	FALSE	FALSE
Olfr166	chr16	TRUE	FALSE
Olfr167	chr16	FALSE	FALSE
Olfr168	chr16	FALSE	FALSE
Olfr169	chr16	FALSE	FALSE
Olfr17	chr7	TRUE	FALSE
Olfr170	chr16	FALSE	FALSE
Olfr171	chr16	FALSE	FALSE
Olfr172	chr16	FALSE	FALSE
Olfr173	chr16	TRUE	FALSE
Olfr175	chr16	FALSE	FALSE
Olfr177	chr16	FALSE	FALSE
Olfr178	chr16	FALSE	FALSE
Olfr18	chr9	FALSE	FALSE
Olfr180	chr16	FALSE	FALSE
Olfr181	chr16	FALSE	FALSE
Olfr183	chr16	TRUE	FALSE
Olfr186	chr16	TRUE	FALSE
Olfr187	chr16	FALSE	FALSE
Olfr19	chr16	TRUE	FALSE
Olfr190	chr16	FALSE	FALSE
Olfr191	chr16	FALSE	FALSE
Olfr193	chr16	FALSE	FALSE
Olfr194	chr16	FALSE	FALSE
Olfr195	chr16	FALSE	FALSE
Olfr196	chr16	FALSE	FALSE
Olfr198	chr16	FALSE	FALSE
Olfr199	chr16	TRUE	FALSE
Olfr2	chr7	FALSE	FALSE
Olfr20	chr11	FALSE	FALSE
Olfr201	chr16	FALSE	FALSE
Olfr202	chr16	FALSE	FALSE
Olfr203	chr16	FALSE	FALSE
Olfr204	chr16	TRUE	FALSE
Olfr205	chr16	TRUE	FALSE
Olfr206	chr16	FALSE	FALSE
Olfr209	chr16	FALSE	FALSE
Olfr211	chr6	TRUE	TRUE
Olfr212	chr6	TRUE	TRUE
Olfr213	chr6	TRUE	FALSE
Olfr214	chr6	FALSE	FALSE
Olfr218	chr1	FALSE	FALSE
Olfr220	chr1	FALSE	FALSE
Olfr221	chr14	FALSE	FALSE
Olfr222	chr11	FALSE	FALSE
Olfr223	chr11	TRUE	TRUE
Olfr224	chr11	FALSE	FALSE
Olfr228	chr2	FALSE	FALSE
Olfr229	chr9	FALSE	FALSE
Olfr23	chr11	FALSE	FALSE
Olfr231	chr1	FALSE	FALSE
Olfr235	chr19	FALSE	FALSE
Olfr237	chr6	FALSE	FALSE
Olfr239	chr17	FALSE	FALSE
Olfr24	chr9	FALSE	FALSE
Olfr243	chr7	FALSE	FALSE
Olfr250	chr9	FALSE	FALSE
Olfr251	chr9	TRUE	FALSE
Olfr259	chr2	FALSE	FALSE
Olfr263	chr13	FALSE	FALSE
Olfr266	chr3	TRUE	FALSE
Olfr267	chr4	FALSE	FALSE
Olfr27	chr9	FALSE	FALSE
Olfr270	chr4	FALSE	FALSE
Olfr272	chr4	FALSE	FALSE
Olfr273	chr4	FALSE	FALSE
Olfr275	chr4	FALSE	FALSE
Olfr279	chr15	FALSE	FALSE
Olfr281	chr15	TRUE	FALSE
Olfr282	chr15	TRUE	FALSE
Olfr283	chr15	FALSE	FALSE
Olfr285	chr15	FALSE	FALSE
Olfr286	chr15	TRUE	FALSE
Olfr287	chr15	TRUE	FALSE
Olfr288	chr15	TRUE	TRUE
Olfr290	chr7	FALSE	FALSE
Olfr291	chr7	FALSE	FALSE
Olfr292	chr7	TRUE	TRUE
Olfr293	chr7	TRUE	FALSE
Olfr295	chr7	FALSE	FALSE
Olfr297	chr7	FALSE	FALSE
Olfr298	chr7	TRUE	FALSE
Olfr299	chr7	TRUE	FALSE
Olfr3	chr2	TRUE	FALSE
Olfr30	chr11	FALSE	FALSE
Olfr301	chr7	FALSE	FALSE
Olfr303	chr7	TRUE	FALSE
Olfr305	chr7	FALSE	FALSE
Olfr307	chr7	FALSE	FALSE
Olfr308	chr7	TRUE	FALSE
Olfr309	chr7	FALSE	FALSE
Olfr31	chr14	FALSE	FALSE
Olfr310	chr7	FALSE	FALSE
Olfr311	chr11	FALSE	FALSE
Olfr312	chr11	FALSE	FALSE
Olfr313	chr11	FALSE	FALSE
Olfr314	chr11	TRUE	FALSE
Olfr315	chr11	FALSE	FALSE
Olfr316	chr11	TRUE	FALSE
Olfr317	chr11	TRUE	FALSE
Olfr318	chr11	FALSE	FALSE
Olfr319	chr11	FALSE	FALSE
Olfr32	chr2	TRUE	FALSE
Olfr320	chr11	FALSE	FALSE
Olfr322	chr11	TRUE	FALSE
Olfr323	chr11	FALSE	FALSE
Olfr324	chr11	FALSE	FALSE
Olfr325	chr11	TRUE	FALSE
Olfr328	chr11	TRUE	FALSE
Olfr329	chr11	FALSE	FALSE
Olfr33	chr7	FALSE	FALSE
Olfr330	chr11	FALSE	FALSE
Olfr332	chr11	FALSE	FALSE
Olfr338	chr2	FALSE	FALSE
Olfr339	chr2	FALSE	FALSE
Olfr341	chr2	TRUE	FALSE
Olfr342	chr2	TRUE	FALSE
Olfr344	chr2	FALSE	FALSE
Olfr346	chr2	TRUE	FALSE
Olfr347	chr2	FALSE	FALSE
Olfr348	chr2	FALSE	FALSE
Olfr350	chr2	FALSE	FALSE
Olfr351	chr2	FALSE	FALSE
Olfr352	chr2	FALSE	FALSE
Olfr353	chr2	FALSE	FALSE
Olfr354	chr2	TRUE	FALSE
Olfr355	chr2	TRUE	FALSE
Olfr357	chr2	FALSE	FALSE
Olfr358	chr2	FALSE	FALSE
Olfr360	chr2	FALSE	FALSE
Olfr361	chr2	FALSE	FALSE
Olfr362	chr2	FALSE	FALSE
Olfr364-ps1	chr2	FALSE	FALSE
Olfr365	chr2	FALSE	FALSE
Olfr366	chr2	FALSE	FALSE
Olfr368	chr2	FALSE	FALSE
Olfr370	chr8	FALSE	FALSE
Olfr371	chr8	FALSE	FALSE
Olfr372	chr8	FALSE	FALSE
Olfr373	chr8	TRUE	TRUE
Olfr374	chr8	FALSE	FALSE
Olfr376	chr11	FALSE	FALSE
Olfr378	chr11	TRUE	FALSE
Olfr38	chr6	FALSE	FALSE
Olfr380	chr11	FALSE	FALSE
Olfr381	chr11	FALSE	FALSE
Olfr384	chr11	TRUE	FALSE
Olfr385	chr11	TRUE	FALSE
Olfr389	chr11	TRUE	FALSE
Olfr39	chr9	FALSE	FALSE
Olfr390	chr11	FALSE	FALSE
Olfr391	chr11	FALSE	FALSE
Olfr392	chr11	FALSE	FALSE
Olfr393	chr11	FALSE	FALSE
Olfr394	chr11	TRUE	FALSE
Olfr395	chr11	FALSE	FALSE
Olfr397	chr11	FALSE	FALSE
Olfr398	chr11	FALSE	FALSE
Olfr399	chr11	TRUE	FALSE
Olfr401	chr11	FALSE	FALSE
Olfr402	chr11	TRUE	FALSE
Olfr403	chr11	FALSE	TRUE
Olfr406	chr11	TRUE	FALSE
Olfr410	chr11	FALSE	TRUE
Olfr411	chr11	TRUE	TRUE
Olfr412	chr11	TRUE	FALSE
Olfr414	chr1	FALSE	FALSE
Olfr417	chr1	TRUE	FALSE
Olfr418	chr1	FALSE	FALSE
Olfr419	chr1	FALSE	FALSE
Olfr420	chr1	FALSE	FALSE
Olfr424	chr1	TRUE	FALSE
Olfr427	chr1	TRUE	FALSE
Olfr429	chr1	FALSE	FALSE
Olfr43	chr11	FALSE	FALSE
Olfr430	chr1	FALSE	FALSE
Olfr432	chr1	TRUE	FALSE
Olfr434	chr6	FALSE	FALSE
Olfr435	chr6	TRUE	FALSE
Olfr437	chr6	FALSE	FALSE
Olfr44	chr9	FALSE	FALSE
Olfr441	chr6	TRUE	FALSE
Olfr444	chr6	FALSE	FALSE
Olfr446	chr6	FALSE	FALSE
Olfr447	chr6	TRUE	FALSE
Olfr448	chr6	TRUE	FALSE
Olfr449	chr6	TRUE	FALSE
Olfr45	chr7	FALSE	FALSE
Olfr450	chr6	FALSE	FALSE
Olfr452	chr6	FALSE	FALSE
Olfr453	chr6	FALSE	FALSE
Olfr455	chr6	FALSE	FALSE
Olfr457	chr6	TRUE	FALSE
Olfr458	chr6	FALSE	FALSE
Olfr459	chr6	TRUE	FALSE
Olfr46	chr7	FALSE	FALSE
Olfr460	chr6	FALSE	FALSE
Olfr461	chr6	TRUE	FALSE
Olfr462	chr11	TRUE	FALSE
Olfr463	chr11	FALSE	FALSE
Olfr464	chr11	FALSE	FALSE
Olfr465-ps1	chr13	FALSE	FALSE
Olfr466	chr13	TRUE	FALSE
Olfr467	chr7	FALSE	FALSE
Olfr469	chr7	FALSE	FALSE
Olfr47	chr6	TRUE	FALSE
Olfr470	chr7	FALSE	FALSE
Olfr472	chr7	FALSE	FALSE
Olfr473	chr7	FALSE	FALSE
Olfr476	chr7	FALSE	FALSE
Olfr477	chr7	FALSE	FALSE
Olfr478	chr7	FALSE	FALSE
Olfr479	chr7	TRUE	FALSE
Olfr48	chr2	TRUE	FALSE
Olfr480	chr7	TRUE	FALSE
Olfr481	chr7	FALSE	FALSE
Olfr482	chr7	FALSE	FALSE
Olfr483	chr7	FALSE	FALSE
Olfr484	chr7	FALSE	TRUE
Olfr487	chr7	FALSE	FALSE
Olfr488	chr7	FALSE	FALSE
Olfr49	chr14	TRUE	FALSE
Olfr490	chr7	TRUE	FALSE
Olfr491	chr7	TRUE	FALSE
Olfr494	chr7	FALSE	FALSE
Olfr495	chr7	TRUE	FALSE
Olfr497	chr7	TRUE	FALSE
Olfr5	chr7	FALSE	FALSE
Olfr50	chr2	FALSE	FALSE
Olfr502	chr7	TRUE	FALSE
Olfr506	chr7	FALSE	FALSE
Olfr509	chr7	FALSE	FALSE
Olfr51	chr11	FALSE	FALSE
Olfr510	chr7	TRUE	FALSE
Olfr513	chr7	FALSE	FALSE
Olfr516	chr7	FALSE	FALSE
Olfr517	chr7	FALSE	FALSE
Olfr518	chr7	TRUE	FALSE
Olfr52	chr2	FALSE	FALSE
Olfr520	chr7	FALSE	FALSE
Olfr521	chr7	FALSE	FALSE
Olfr523	chr7	TRUE	FALSE
Olfr524	chr7	FALSE	FALSE
Olfr525	chr7	FALSE	FALSE
Olfr527	chr7	TRUE	FALSE
Olfr53	chr7	TRUE	FALSE
Olfr530	chr7	FALSE	FALSE
Olfr532	chr7	FALSE	FALSE
Olfr533	chr7	FALSE	FALSE
Olfr535	chr7	FALSE	FALSE
Olfr536	chr7	FALSE	FALSE
Olfr538	chr7	FALSE	FALSE
Olfr539	chr7	FALSE	FALSE
Olfr54	chr11	FALSE	FALSE
Olfr541	chr7	FALSE	FALSE
Olfr543	chr7	FALSE	TRUE
Olfr544	chr7	TRUE	FALSE
Olfr545	chr7	FALSE	FALSE
Olfr548-ps1	chr7	FALSE	FALSE
Olfr549	chr7	FALSE	FALSE
Olfr55	chr17	FALSE	FALSE
Olfr550	chr7	TRUE	FALSE
Olfr551	chr7	FALSE	FALSE
Olfr552	chr7	FALSE	FALSE
Olfr553	chr7	FALSE	FALSE
Olfr554	chr7	TRUE	FALSE
Olfr556	chr7	FALSE	FALSE
Olfr557	chr7	FALSE	FALSE
Olfr558	chr7	FALSE	FALSE
Olfr559	chr7	FALSE	FALSE
Olfr56	chr11	FALSE	FALSE
Olfr560	chr7	FALSE	FALSE
Olfr561	chr7	FALSE	FALSE
Olfr566	chr7	TRUE	FALSE
Olfr569	chr7	FALSE	FALSE
Olfr57	chr10	TRUE	TRUE
Olfr570	chr7	TRUE	FALSE
Olfr571	chr7	FALSE	FALSE
Olfr572	chr7	FALSE	FALSE
Olfr575	chr7	FALSE	FALSE
Olfr576	chr7	TRUE	FALSE
Olfr577	chr7	TRUE	FALSE
Olfr578	chr7	FALSE	FALSE
Olfr58	chr9	FALSE	FALSE
Olfr582	chr7	FALSE	FALSE
Olfr584	chr7	TRUE	FALSE
Olfr586	chr7	FALSE	FALSE
Olfr588-ps1	chr7	FALSE	FALSE
Olfr589	chr7	FALSE	FALSE
Olfr59	chr11	FALSE	FALSE
Olfr591	chr7	FALSE	FALSE
Olfr592	chr7	FALSE	FALSE
Olfr594	chr7	FALSE	FALSE
Olfr596	chr7	TRUE	FALSE
Olfr597	chr7	FALSE	FALSE
Olfr598	chr7	FALSE	FALSE
Olfr599	chr7	FALSE	FALSE
Olfr6	chr7	TRUE	FALSE
Olfr60	chr7	TRUE	FALSE
Olfr600	chr7	FALSE	FALSE
Olfr601	chr7	FALSE	FALSE
Olfr603	chr7	TRUE	FALSE
Olfr605	chr7	TRUE	FALSE
Olfr606	chr7	FALSE	FALSE
Olfr607	chr7	FALSE	FALSE
Olfr609	chr7	TRUE	FALSE
Olfr61	chr7	FALSE	FALSE
Olfr610	chr7	FALSE	FALSE
Olfr611	chr7	FALSE	FALSE
Olfr612	chr7	TRUE	FALSE
Olfr613	chr7	FALSE	FALSE
Olfr615	chr7	FALSE	FALSE
Olfr616	chr7	FALSE	FALSE
Olfr617	chr7	TRUE	FALSE
Olfr618	chr7	FALSE	FALSE
Olfr619	chr7	FALSE	FALSE
Olfr62	chr4	FALSE	FALSE
Olfr620	chr7	TRUE	FALSE
Olfr622	chr7	FALSE	FALSE
Olfr623	chr7	FALSE	FALSE
Olfr628	chr7	FALSE	FALSE
Olfr629	chr7	FALSE	FALSE
Olfr63	chr17	TRUE	FALSE
Olfr630	chr7	FALSE	FALSE
Olfr632	chr7	FALSE	TRUE
Olfr633	chr7	FALSE	FALSE
Olfr635	chr7	FALSE	FALSE
Olfr638	chr7	TRUE	FALSE
Olfr639	chr7	FALSE	FALSE
Olfr640	chr7	FALSE	FALSE
Olfr641	chr7	TRUE	FALSE
Olfr642	chr7	FALSE	FALSE
Olfr643	chr7	FALSE	TRUE
Olfr644	chr7	FALSE	FALSE
Olfr646	chr7	TRUE	FALSE
Olfr648	chr7	TRUE	FALSE
Olfr649	chr7	FALSE	FALSE
Olfr65	chr7	FALSE	FALSE
Olfr651	chr7	FALSE	FALSE
Olfr652	chr7	FALSE	FALSE
Olfr653	chr7	TRUE	FALSE
Olfr654	chr7	FALSE	FALSE
Olfr655	chr7	FALSE	FALSE
Olfr656	chr7	TRUE	FALSE
Olfr657	chr7	FALSE	FALSE
Olfr658	chr7	TRUE	FALSE
Olfr659	chr7	FALSE	FALSE
Olfr66	chr7	FALSE	FALSE
Olfr661	chr7	FALSE	FALSE
Olfr665	chr7	FALSE	FALSE
Olfr666	chr7	FALSE	FALSE
Olfr667	chr7	FALSE	FALSE
Olfr668	chr7	TRUE	FALSE
Olfr669	chr7	FALSE	FALSE
Olfr67	chr7	TRUE	FALSE
Olfr670	chr7	FALSE	FALSE
Olfr671	chr7	FALSE	FALSE
Olfr672	chr7	TRUE	FALSE
Olfr675	chr7	FALSE	FALSE
Olfr676	chr7	FALSE	FALSE
Olfr677	chr7	FALSE	FALSE
Olfr678	chr7	FALSE	FALSE
Olfr679	chr7	FALSE	FALSE
Olfr68	chr7	FALSE	FALSE
Olfr680-ps1	chr7	FALSE	FALSE
Olfr681	chr7	FALSE	FALSE
Olfr683	chr7	FALSE	FALSE
Olfr684	chr7	FALSE	FALSE
Olfr685	chr7	TRUE	FALSE
Olfr686	chr7	FALSE	FALSE
Olfr689	chr7	TRUE	FALSE
Olfr69	chr7	FALSE	FALSE
Olfr690	chr7	FALSE	FALSE
Olfr691	chr7	FALSE	FALSE
Olfr693	chr7	FALSE	FALSE
Olfr694	chr7	FALSE	FALSE
Olfr695	chr7	FALSE	FALSE
Olfr697	chr7	FALSE	FALSE
Olfr698	chr7	FALSE	FALSE
Olfr699	chr7	FALSE	FALSE
Olfr70	chr4	FALSE	FALSE
Olfr700	chr7	TRUE	FALSE
Olfr701	chr7	FALSE	FALSE
Olfr702	chr7	TRUE	FALSE
Olfr703	chr7	TRUE	FALSE
Olfr704	chr7	FALSE	FALSE
Olfr705	chr7	FALSE	FALSE
Olfr706	chr7	FALSE	FALSE
Olfr707	chr7	FALSE	FALSE
Olfr709-ps1	chr7	TRUE	FALSE
Olfr71	chr4	FALSE	FALSE
Olfr710	chr7	TRUE	FALSE
Olfr711	chr7	FALSE	FALSE
Olfr713	chr7	FALSE	FALSE
Olfr714	chr7	FALSE	FALSE
Olfr715	chr7	FALSE	FALSE
Olfr715b	chr7	TRUE	FALSE
Olfr716	chr7	FALSE	FALSE
Olfr718-ps1	chr5	FALSE	FALSE
Olfr720	chr14	TRUE	TRUE
Olfr721-ps1	chr14	FALSE	FALSE
Olfr722	chr14	FALSE	FALSE
Olfr723	chr14	TRUE	FALSE
Olfr724	chr14	FALSE	FALSE
Olfr725	chr14	FALSE	FALSE
Olfr726	chr14	FALSE	FALSE
Olfr727	chr14	FALSE	FALSE
Olfr728	chr14	FALSE	FALSE
Olfr729	chr14	FALSE	FALSE
Olfr73	chr2	FALSE	FALSE
Olfr731	chr14	TRUE	FALSE
Olfr732	chr14	FALSE	FALSE
Olfr733	chr14	FALSE	FALSE
Olfr734	chr14	TRUE	FALSE
Olfr735	chr14	FALSE	FALSE
Olfr736	chr14	FALSE	FALSE
Olfr738	chr14	FALSE	FALSE
Olfr739	chr14	FALSE	FALSE
Olfr740	chr14	FALSE	FALSE
Olfr741	chr14	FALSE	FALSE
Olfr742	chr14	FALSE	FALSE
Olfr743	chr14	FALSE	FALSE
Olfr744	chr14	FALSE	FALSE
Olfr745	chr14	FALSE	FALSE
Olfr746	chr14	FALSE	FALSE
Olfr747	chr14	FALSE	FALSE
Olfr748	chr14	FALSE	FALSE
Olfr749	chr14	FALSE	FALSE
Olfr750	chr14	TRUE	FALSE
Olfr76	chr19	FALSE	FALSE
Olfr764-ps1	chr10	FALSE	FALSE
Olfr765	chr10	TRUE	FALSE
Olfr766-ps1	chr10	FALSE	FALSE
Olfr767	chr10	FALSE	TRUE
Olfr768	chr10	FALSE	FALSE
Olfr769	chr10	TRUE	FALSE
Olfr77	chr9	FALSE	FALSE
Olfr770	chr10	FALSE	FALSE
Olfr771	chr10	FALSE	FALSE
Olfr772	chr10	TRUE	FALSE
Olfr774	chr10	TRUE	FALSE
Olfr775	chr10	FALSE	FALSE
Olfr776	chr10	TRUE	FALSE
Olfr777	chr10	FALSE	FALSE
Olfr78	chr7	FALSE	FALSE
Olfr780	chr10	FALSE	FALSE
Olfr781	chr10	FALSE	FALSE
Olfr782	chr10	FALSE	FALSE
Olfr784	chr10	TRUE	FALSE
Olfr785	chr10	TRUE	FALSE
Olfr786	chr10	FALSE	FALSE
Olfr787	chr10	TRUE	FALSE
Olfr788	chr10	FALSE	FALSE
Olfr789	chr10	FALSE	FALSE
Olfr790	chr10	FALSE	FALSE
Olfr791	chr10	FALSE	FALSE
Olfr792	chr10	FALSE	FALSE
Olfr794	chr10	FALSE	FALSE
Olfr796	chr10	FALSE	FALSE
Olfr798	chr10	TRUE	FALSE
Olfr799	chr10	TRUE	FALSE
Olfr8	chr10	FALSE	FALSE
Olfr800	chr10	FALSE	FALSE
Olfr801	chr10	FALSE	FALSE
Olfr802	chr10	FALSE	FALSE
Olfr803	chr10	FALSE	FALSE
Olfr804	chr10	FALSE	FALSE
Olfr805	chr10	FALSE	FALSE
Olfr806	chr10	FALSE	FALSE
Olfr807	chr10	TRUE	FALSE
Olfr808	chr10	FALSE	FALSE
Olfr809	chr10	TRUE	FALSE
Olfr810	chr10	TRUE	FALSE
Olfr811	chr10	TRUE	FALSE
Olfr812	chr10	FALSE	FALSE
Olfr813	chr10	FALSE	FALSE
Olfr814	chr10	FALSE	FALSE
Olfr815	chr10	TRUE	FALSE
Olfr816	chr10	FALSE	FALSE
Olfr818	chr10	FALSE	FALSE
Olfr819	chr10	FALSE	FALSE
Olfr820	chr10	FALSE	FALSE
Olfr821	chr10	FALSE	FALSE
Olfr822	chr10	FALSE	FALSE
Olfr823	chr10	FALSE	FALSE
Olfr824	chr10	FALSE	FALSE
Olfr825	chr10	FALSE	FALSE
Olfr826	chr10	FALSE	FALSE
Olfr827	chr10	FALSE	FALSE
Olfr828	chr9	FALSE	FALSE
Olfr829	chr9	FALSE	FALSE
Olfr830	chr9	FALSE	FALSE
Olfr832	chr9	FALSE	FALSE
Olfr835	chr9	FALSE	FALSE
Olfr836	chr9	FALSE	FALSE
Olfr837	chr9	FALSE	FALSE
Olfr839-ps1	chr9	FALSE	FALSE
Olfr843	chr9	FALSE	FALSE
Olfr844	chr9	TRUE	FALSE
Olfr845	chr9	TRUE	FALSE
Olfr846	chr9	FALSE	TRUE
Olfr847	chr9	TRUE	FALSE
Olfr849	chr9	FALSE	FALSE
Olfr851	chr9	FALSE	FALSE
Olfr853	chr9	FALSE	FALSE
Olfr855	chr9	TRUE	FALSE
Olfr857	chr9	TRUE	FALSE
Olfr859	chr9	TRUE	TRUE
Olfr860	chr9	FALSE	FALSE
Olfr862	chr9	FALSE	FALSE
Olfr867	chr9	FALSE	FALSE
Olfr868	chr9	FALSE	FALSE
Olfr869	chr9	TRUE	FALSE
Olfr870	chr9	TRUE	FALSE
Olfr872	chr9	FALSE	FALSE
Olfr874	chr9	TRUE	FALSE
Olfr875	chr9	TRUE	FALSE
Olfr876	chr9	FALSE	FALSE
Olfr877	chr9	FALSE	FALSE
Olfr878	chr9	FALSE	FALSE
Olfr881	chr9	TRUE	FALSE
Olfr884	chr9	FALSE	FALSE
Olfr887	chr9	TRUE	FALSE
Olfr888	chr9	FALSE	FALSE
Olfr889	chr9	FALSE	FALSE
Olfr890	chr9	TRUE	FALSE
Olfr893	chr9	FALSE	FALSE
Olfr894	chr9	FALSE	FALSE
Olfr895	chr9	FALSE	FALSE
Olfr896-ps1	chr9	FALSE	FALSE
Olfr898	chr9	TRUE	FALSE
Olfr90	chr17	FALSE	FALSE
Olfr901	chr9	FALSE	FALSE
Olfr902	chr9	FALSE	FALSE
Olfr904	chr9	TRUE	FALSE
Olfr905	chr9	FALSE	FALSE
Olfr906	chr9	FALSE	FALSE
Olfr907	chr9	FALSE	FALSE
Olfr91	chr17	TRUE	FALSE
Olfr910	chr9	TRUE	FALSE
Olfr911-ps1	chr9	FALSE	FALSE
Olfr912	chr9	TRUE	FALSE
Olfr913	chr9	TRUE	FALSE
Olfr914	chr9	FALSE	FALSE
Olfr916	chr9	TRUE	FALSE
Olfr918	chr9	TRUE	FALSE
Olfr919	chr9	FALSE	FALSE
Olfr92	chr17	TRUE	FALSE
Olfr920	chr9	FALSE	FALSE
Olfr921	chr9	TRUE	FALSE
Olfr922	chr9	FALSE	FALSE
Olfr923	chr9	TRUE	FALSE
Olfr924	chr9	FALSE	FALSE
Olfr93	chr17	FALSE	FALSE
Olfr930	chr9	FALSE	FALSE
Olfr933	chr9	FALSE	FALSE
Olfr934	chr9	FALSE	FALSE
Olfr935	chr9	TRUE	FALSE
Olfr937	chr9	FALSE	FALSE
Olfr94	chr17	FALSE	FALSE
Olfr943	chr9	FALSE	FALSE
Olfr944	chr9	FALSE	FALSE
Olfr945	chr9	FALSE	FALSE
Olfr948	chr9	FALSE	FALSE
Olfr951	chr9	FALSE	FALSE
Olfr954	chr9	FALSE	FALSE
Olfr955	chr9	FALSE	FALSE
Olfr957	chr9	FALSE	FALSE
Olfr958	chr9	FALSE	FALSE
Olfr959	chr9	FALSE	FALSE
Olfr96	chr17	TRUE	FALSE
Olfr960	chr9	TRUE	FALSE
Olfr961	chr9	FALSE	FALSE
Olfr963	chr9	FALSE	FALSE
Olfr965	chr9	FALSE	FALSE
Olfr967	chr9	TRUE	FALSE
Olfr968	chr9	FALSE	FALSE
Olfr969	chr9	TRUE	FALSE
Olfr97	chr17	FALSE	FALSE
Olfr970	chr9	FALSE	FALSE
Olfr971	chr9	FALSE	FALSE
Olfr972	chr9	FALSE	FALSE
Olfr974	chr9	FALSE	FALSE
Olfr975	chr9	TRUE	FALSE
Olfr976	chr9	FALSE	FALSE
Olfr978	chr9	FALSE	FALSE
Olfr979	chr9	FALSE	FALSE
Olfr980	chr9	TRUE	TRUE
Olfr981	chr9	FALSE	FALSE
Olfr983	chr9	FALSE	FALSE
Olfr984	chr9	TRUE	TRUE
Olfr985	chr9	FALSE	FALSE
Olfr986	chr9	FALSE	FALSE
Olfr987	chr2	FALSE	FALSE
Olfr988	chr2	FALSE	FALSE
Olfr99	chr17	FALSE	FALSE
Olfr992	chr2	FALSE	FALSE
Olfr994	chr2	TRUE	FALSE
Olfr995	chr2	FALSE	FALSE
Olfr998	chr2	TRUE	FALSE
Olig2	chr16	FALSE	FALSE
Olr1	chr6	FALSE	FALSE
Oma1	chr4	FALSE	FALSE
Omd	chr13	TRUE	FALSE
Omg	chr11	TRUE	FALSE
Omt2a	chr9	FALSE	FALSE
Omt2b	chr9	FALSE	FALSE
Onecut1	chr9	TRUE	FALSE
Onecut2	chr18	FALSE	FALSE
Onecut3	chr10	FALSE	FALSE
Ooep	chr9	TRUE	FALSE
Oog1	chr12	FALSE	FALSE
Oog2	chr4	FALSE	FALSE
Oog3	chr4	FALSE	FALSE
Oog4	chr4	TRUE	FALSE
Oosp1	chr19	FALSE	FALSE
Oosp2	chr19	FALSE	FALSE
Oosp3	chr19	TRUE	FALSE
Opa1	chr16	FALSE	TRUE
Opa3	chr7	FALSE	FALSE
Opalin	chr19	FALSE	FALSE
Opcml	chr9	FALSE	FALSE
Ophn1	chrX	FALSE	TRUE
Oplah	chr15	FALSE	FALSE
Opn1mw	chrX	FALSE	FALSE
Opn1sw	chr6	TRUE	FALSE
Opn3	chr1	FALSE	FALSE
Opn4	chr14	TRUE	FALSE
Opn5	chr17	TRUE	FALSE
Oprd1	chr4	FALSE	FALSE
Oprk1	chr1	FALSE	FALSE
Oprl1	chr2	FALSE	FALSE
Oprm1	chr10	FALSE	FALSE
Optc	chr1	FALSE	FALSE
Optn	chr2	TRUE	TRUE
Orai1	chr5	TRUE	FALSE
Orai2	chr5	FALSE	FALSE
Orai3	chr7	TRUE	FALSE
Orc1	chr4	FALSE	TRUE
Orc2	chr1	FALSE	FALSE
Orc3	chr4	FALSE	FALSE
Orc4	chr2	FALSE	TRUE
Orc5	chr5	FALSE	FALSE
Orc6	chr8	FALSE	FALSE
Orm1	chr4	FALSE	FALSE
Orm2	chr4	FALSE	FALSE
Orm3	chr4	FALSE	FALSE
Ormdl1	chr1	FALSE	FALSE
Ormdl2	chr10	TRUE	FALSE
Ormdl3	chr11	TRUE	FALSE
Os9	chr10	TRUE	TRUE
Osbp	chr19	FALSE	FALSE
Osbp2	chr11	FALSE	TRUE
Osbpl10	chr9	TRUE	TRUE
Osbpl11	chr16	FALSE	FALSE
Osbpl1a	chr18	FALSE	FALSE
Osbpl2	chr2	TRUE	TRUE
Osbpl3	chr6	FALSE	FALSE
Osbpl5	chr7	TRUE	TRUE
Osbpl6	chr2	TRUE	TRUE
Osbpl7	chr11	TRUE	FALSE
Osbpl8	chr10	TRUE	TRUE
Osbpl9	chr4	TRUE	TRUE
Oscar	chr7	FALSE	FALSE
Oscp1	chr4	FALSE	FALSE
Oser1	chr2	TRUE	TRUE
Osgep	chr14	FALSE	FALSE
Osgepl1	chr1	TRUE	FALSE
Osgin1	chr8	TRUE	FALSE
Osgin2	chr4	FALSE	FALSE
Osm	chr11	TRUE	FALSE
Osmr	chr15	TRUE	TRUE
Osr1	chr12	FALSE	FALSE
Osr2	chr15	TRUE	FALSE
Ost4	chr5	FALSE	FALSE
Ostc	chr3	FALSE	FALSE
Ostf1	chr19	TRUE	TRUE
Ostm1	chr10	TRUE	TRUE
Ostn	chr16	FALSE	TRUE
Otc	chrX	FALSE	FALSE
Otoa	chr7	TRUE	TRUE
Otof	chr5	TRUE	TRUE
Otog	chr7	TRUE	TRUE
Otogl	chr10	FALSE	TRUE
Otol1	chr3	FALSE	FALSE
Otop1	chr5	TRUE	TRUE
Otop2	chr11	TRUE	TRUE
Otop3	chr11	TRUE	FALSE
Otor	chr2	FALSE	FALSE
Otos	chr1	FALSE	FALSE
Otp	chr13	FALSE	FALSE
Otub1	chr19	FALSE	FALSE
Otub2	chr12	FALSE	FALSE
Otud3	chr4	FALSE	FALSE
Otud4	chr8	FALSE	FALSE
Otud5	chrX	FALSE	FALSE
Otud6b	chr4	FALSE	FALSE
Otud7a	chr7	FALSE	TRUE
Otud7b	chr3	TRUE	FALSE
Otulin	chr15	FALSE	TRUE
Otulinl	chr15	FALSE	FALSE
Otx1	chr11	FALSE	FALSE
Otx2	chr14	TRUE	TRUE
Ovca2	chr11	FALSE	FALSE
Ovch2	chr7	FALSE	FALSE
Ovgp1	chr3	FALSE	FALSE
Ovol1	chr19	FALSE	FALSE
Ovol2	chr2	TRUE	TRUE
Ovol3	chr7	TRUE	FALSE
Oxa1l	chr14	TRUE	TRUE
Oxct1	chr15	TRUE	TRUE
Oxgr1	chr14	FALSE	FALSE
Oxld1	chr11	TRUE	FALSE
Oxnad1	chr14	FALSE	FALSE
Oxr1	chr15	FALSE	TRUE
Oxsm	chr14	FALSE	FALSE
Oxsr1	chr9	TRUE	TRUE
Oxt	chr2	FALSE	FALSE
Oxtr	chr6	TRUE	FALSE
P2rx1	chr11	FALSE	FALSE
P2rx2	chr5	TRUE	FALSE
P2rx3	chr2	TRUE	TRUE
P2rx4	chr5	TRUE	TRUE
P2rx5	chr11	FALSE	FALSE
P2rx6	chr16	TRUE	FALSE
P2rx7	chr5	FALSE	FALSE
P2ry1	chr3	FALSE	FALSE
P2ry10	chrX	FALSE	FALSE
P2ry10b	chrX	FALSE	FALSE
P2ry12	chr3	TRUE	TRUE
P2ry13	chr3	FALSE	FALSE
P2ry14	chr3	TRUE	TRUE
P2ry2	chr7	TRUE	TRUE
P2ry4	chrX	TRUE	FALSE
P2ry6	chr7	TRUE	TRUE
P3h1	chr4	FALSE	TRUE
P3h2	chr16	FALSE	TRUE
P3h3	chr6	TRUE	FALSE
P3h4	chr11	FALSE	FALSE
P4ha1	chr10	FALSE	FALSE
P4ha2	chr11	TRUE	TRUE
P4ha3	chr7	TRUE	FALSE
P4hb	chr11	FALSE	FALSE
P4htm	chr9	TRUE	FALSE
Pa2g4	chr10	FALSE	FALSE
Pabpc1	chr15	FALSE	FALSE
Pabpc1l	chr2	FALSE	FALSE
Pabpc4	chr4	TRUE	TRUE
Pabpc4l	chr3	TRUE	FALSE
Pabpc5	chrX	FALSE	FALSE
Pabpn1	chr14	FALSE	FALSE
Pabpn1l	chr8	FALSE	FALSE
Pacc1	chr1	TRUE	TRUE
Pacrg	chr17	FALSE	TRUE
Pacs1	chr19	TRUE	TRUE
Pacs2	chr12	TRUE	TRUE
Pacsin1	chr17	FALSE	FALSE
Pacsin2	chr15	FALSE	FALSE
Pacsin3	chr2	FALSE	FALSE
Padi1	chr4	TRUE	TRUE
Padi2	chr4	TRUE	FALSE
Padi3	chr4	FALSE	FALSE
Padi4	chr4	TRUE	TRUE
Padi6	chr4	TRUE	TRUE
Paf1	chr7	TRUE	FALSE
Pafah1b1	chr11	FALSE	FALSE
Pafah1b2	chr9	FALSE	FALSE
Pafah1b3	chr7	TRUE	FALSE
Pafah2	chr4	FALSE	FALSE
Pag1	chr3	TRUE	TRUE
Pagr1a	chr7	TRUE	FALSE
Pagr1b	chr7	TRUE	FALSE
Pah	chr10	FALSE	FALSE
Paics	chr5	FALSE	FALSE
Paip1	chr13	FALSE	FALSE
Paip2	chr18	TRUE	FALSE
Paip2b	chr6	FALSE	FALSE
Pak1	chr7	FALSE	FALSE
Pak1ip1	chr13	FALSE	TRUE
Pak2	chr16	FALSE	TRUE
Pak3	chrX	FALSE	TRUE
Pak4	chr7	FALSE	FALSE
Pak6	chr2	TRUE	TRUE
Pak7	chr2	FALSE	FALSE
Pakap	chr4	FALSE	TRUE
Palb2	chr7	TRUE	FALSE
Pald1	chr10	TRUE	TRUE
Palld	chr8	FALSE	TRUE
Palm	chr10	FALSE	FALSE
Palm3	chr8	TRUE	TRUE
Palmd	chr3	FALSE	FALSE
Pam	chr1	FALSE	FALSE
Pam16	chr16	FALSE	FALSE
Pamr1	chr2	FALSE	FALSE
Pan2	chr10	FALSE	FALSE
Pan3	chr5	TRUE	TRUE
Pank1	chr19	TRUE	TRUE
Pank2	chr2	FALSE	TRUE
Pank3	chr11	FALSE	TRUE
Pank4	chr4	TRUE	FALSE
Panx1	chr9	TRUE	TRUE
Panx2	chr15	TRUE	FALSE
Panx3	chr9	FALSE	FALSE
Paox	chr7	FALSE	FALSE
Papln	chr12	TRUE	TRUE
Papola	chr12	TRUE	TRUE
Papolg	chr11	FALSE	FALSE
Pappa	chr4	FALSE	TRUE
Pappa2	chr1	FALSE	FALSE
Papss1	chr3	FALSE	FALSE
Papss2	chr19	FALSE	TRUE
Paqr3	chr5	FALSE	FALSE
Paqr4	chr17	TRUE	FALSE
Paqr5	chr9	TRUE	TRUE
Paqr6	chr3	TRUE	FALSE
Paqr7	chr4	TRUE	FALSE
Paqr8	chr1	FALSE	FALSE
Pard3	chr8	FALSE	FALSE
Pard3b	chr1	FALSE	FALSE
Pard6a	chr8	FALSE	FALSE
Pard6b	chr2	FALSE	FALSE
Pard6g	chr18	FALSE	TRUE
Parg	chr14	FALSE	TRUE
Park7	chr4	FALSE	FALSE
Parl	chr16	FALSE	FALSE
Parm1	chr5	FALSE	FALSE
Parn	chr16	FALSE	TRUE
Parp1	chr1	FALSE	FALSE
Parp10	chr15	FALSE	FALSE
Parp11	chr6	FALSE	FALSE
Parp12	chr6	TRUE	FALSE
Parp14	chr16	TRUE	FALSE
Parp16	chr9	FALSE	FALSE
Parp2	chr14	FALSE	FALSE
Parp3	chr9	TRUE	FALSE
Parp4	chr14	TRUE	TRUE
Parp6	chr9	FALSE	FALSE
Parp8	chr13	FALSE	TRUE
Parp9	chr16	TRUE	FALSE
Parpbp	chr10	FALSE	FALSE
Pars2	chr4	TRUE	FALSE
Parva	chr7	FALSE	FALSE
Parvb	chr15	TRUE	TRUE
Parvg	chr15	TRUE	TRUE
Pask	chr1	FALSE	FALSE
Pate1	chr9	FALSE	FALSE
Pate10	chr9	TRUE	FALSE
Pate11	chr9	FALSE	FALSE
Pate12	chr9	TRUE	FALSE
Pate13	chr9	TRUE	FALSE
Pate14	chr9	FALSE	FALSE
Pate2	chr9	FALSE	TRUE
Pate3	chr9	FALSE	FALSE
Pate4	chr9	FALSE	FALSE
Pate5	chr9	FALSE	FALSE
Pate6	chr9	FALSE	FALSE
Pate7	chr9	FALSE	FALSE
Pate8	chr9	FALSE	FALSE
Pate9	chr9	FALSE	FALSE
Patj	chr4	FALSE	FALSE
Patl1	chr19	FALSE	FALSE
Patl2	chr2	FALSE	FALSE
Patz1	chr11	TRUE	TRUE
Pawr	chr10	TRUE	TRUE
Pax1	chr2	FALSE	FALSE
Pax2	chr19	FALSE	TRUE
Pax3	chr1	TRUE	TRUE
Pax4	chr6	TRUE	TRUE
Pax5	chr4	TRUE	TRUE
Pax6	chr2	FALSE	FALSE
Pax7	chr4	TRUE	TRUE
Pax8	chr2	TRUE	TRUE
Pax9	chr12	TRUE	FALSE
Paxbp1	chr16	FALSE	FALSE
Paxip1	chr5	FALSE	FALSE
Paxx	chr2	TRUE	FALSE
Pbdc1	chrX	TRUE	TRUE
Pbk	chr14	FALSE	FALSE
Pbld1	chr10	TRUE	FALSE
Pbld2	chr10	TRUE	TRUE
Pbrm1	chr14	FALSE	TRUE
Pbsn	chrX	FALSE	FALSE
Pbx1	chr1	TRUE	TRUE
Pbx2	chr17	FALSE	FALSE
Pbx3	chr2	FALSE	FALSE
Pbx4	chr8	TRUE	TRUE
Pbxip1	chr3	TRUE	FALSE
Pcare	chr17	FALSE	TRUE
Pcbd1	chr10	FALSE	FALSE
Pcbd2	chr13	TRUE	TRUE
Pcbp2	chr15	TRUE	TRUE
Pcbp3	chr10	FALSE	FALSE
Pcbp4	chr9	FALSE	FALSE
Pcca	chr14	TRUE	TRUE
Pccb	chr9	TRUE	TRUE
Pcdh1	chr18	FALSE	FALSE
Pcdh10	chr3	FALSE	TRUE
Pcdh11x	chrX	FALSE	FALSE
Pcdh12	chr18	TRUE	FALSE
Pcdh15	chr10	FALSE	TRUE
Pcdh17	chr14	FALSE	FALSE
Pcdh18	chr3	TRUE	FALSE
Pcdh19	chrX	FALSE	FALSE
Pcdh20	chr14	FALSE	FALSE
Pcdh7	chr5	FALSE	FALSE
Pcdh9	chr14	FALSE	FALSE
Pcdha1	chr18	FALSE	TRUE
Pcdha11	chr18	FALSE	TRUE
Pcdha12	chr18	FALSE	TRUE
Pcdha2	chr18	FALSE	TRUE
Pcdha3	chr18	FALSE	TRUE
Pcdha4	chr18	FALSE	TRUE
Pcdha5	chr18	FALSE	TRUE
Pcdha6	chr18	FALSE	TRUE
Pcdha7	chr18	FALSE	TRUE
Pcdha8	chr18	FALSE	TRUE
Pcdha9	chr18	FALSE	TRUE
Pcdhac1	chr18	TRUE	TRUE
Pcdhac2	chr18	TRUE	FALSE
Pcdhga1	chr18	FALSE	FALSE
Pcdhga10	chr18	FALSE	TRUE
Pcdhga11	chr18	TRUE	TRUE
Pcdhga12	chr18	TRUE	TRUE
Pcdhga2	chr18	FALSE	FALSE
Pcdhga3	chr18	FALSE	FALSE
Pcdhga4	chr18	FALSE	FALSE
Pcdhga5	chr18	FALSE	FALSE
Pcdhga6	chr18	FALSE	FALSE
Pcdhga7	chr18	FALSE	FALSE
Pcdhga8	chr18	FALSE	FALSE
Pcdhga9	chr18	FALSE	FALSE
Pcdhgb1	chr18	FALSE	FALSE
Pcdhgb2	chr18	FALSE	FALSE
Pcdhgb4	chr18	FALSE	FALSE
Pcdhgb5	chr18	FALSE	FALSE
Pcdhgb6	chr18	FALSE	FALSE
Pcdhgb7	chr18	TRUE	TRUE
Pcdhgc3	chr18	TRUE	FALSE
Pcdhgc4	chr18	TRUE	FALSE
Pcdhgc5	chr18	TRUE	FALSE
Pced1a	chr2	TRUE	FALSE
Pced1b	chr15	FALSE	TRUE
Pcf11	chr7	FALSE	FALSE
Pcgf1	chr6	TRUE	FALSE
Pcgf2	chr11	FALSE	FALSE
Pcgf3	chr5	TRUE	TRUE
Pcgf5	chr19	TRUE	TRUE
Pcgf6	chr19	FALSE	FALSE
Pcid2	chr8	FALSE	TRUE
Pcif1	chr2	TRUE	FALSE
Pck1	chr2	FALSE	FALSE
Pck2	chr14	FALSE	FALSE
Pclaf	chr9	TRUE	TRUE
Pclo	chr5	FALSE	TRUE
Pcm1	chr8	FALSE	TRUE
Pcmt1	chr10	FALSE	FALSE
Pcmtd1	chr1	TRUE	TRUE
Pcmtd2	chr2	FALSE	FALSE
Pcna	chr2	FALSE	FALSE
Pcnp	chr16	FALSE	TRUE
Pcnt	chr10	FALSE	TRUE
Pcnx	chr12	TRUE	TRUE
Pcnx2	chr8	TRUE	TRUE
Pcnx3	chr19	FALSE	FALSE
Pcnx4	chr12	FALSE	FALSE
Pcolce	chr5	TRUE	FALSE
Pcolce2	chr9	TRUE	TRUE
Pcp2	chr8	TRUE	FALSE
Pcp4	chr16	FALSE	FALSE
Pcp4l1	chr1	TRUE	TRUE
Pcsk1	chr13	FALSE	FALSE
Pcsk1n	chrX	TRUE	FALSE
Pcsk2	chr2	TRUE	TRUE
Pcsk4	chr10	FALSE	FALSE
Pcsk5	chr19	TRUE	TRUE
Pcsk6	chr7	TRUE	TRUE
Pcsk7	chr9	FALSE	FALSE
Pcsk9	chr4	TRUE	TRUE
Pctp	chr11	TRUE	FALSE
Pcx	chr19	TRUE	TRUE
Pcyox1	chr6	TRUE	FALSE
Pcyox1l	chr18	FALSE	FALSE
Pcyt1a	chr16	FALSE	FALSE
Pcyt1b	chrX	TRUE	TRUE
Pcyt2	chr11	FALSE	FALSE
Pdap1	chr5	FALSE	FALSE
Pdc	chr1	FALSE	FALSE
Pdcd1	chr1	TRUE	TRUE
Pdcd10	chr3	FALSE	FALSE
Pdcd11	chr19	FALSE	FALSE
Pdcd1lg2	chr19	FALSE	FALSE
Pdcd2	chr17	TRUE	FALSE
Pdcd2l	chr7	TRUE	TRUE
Pdcd4	chr19	FALSE	FALSE
Pdcd5	chr7	FALSE	FALSE
Pdcd6	chr13	FALSE	FALSE
Pdcd6ip	chr9	FALSE	FALSE
Pdcd7	chr9	FALSE	FALSE
Pdcl	chr2	TRUE	FALSE
Pdcl2	chr5	FALSE	FALSE
Pdcl3	chr1	FALSE	FALSE
Pde10a	chr17	TRUE	TRUE
Pde11a	chr2	TRUE	TRUE
Pde12	chr14	TRUE	FALSE
Pde1a	chr2	FALSE	TRUE
Pde1b	chr15	FALSE	FALSE
Pde1c	chr6	FALSE	FALSE
Pde2a	chr7	TRUE	TRUE
Pde3a	chr6	TRUE	TRUE
Pde3b	chr7	TRUE	TRUE
Pde4a	chr9	TRUE	TRUE
Pde4b	chr4	TRUE	TRUE
Pde4c	chr8	TRUE	TRUE
Pde4d	chr13	FALSE	FALSE
Pde4dip	chr3	TRUE	TRUE
Pde5a	chr3	FALSE	FALSE
Pde6a	chr18	FALSE	TRUE
Pde6b	chr5	FALSE	FALSE
Pde6c	chr19	FALSE	TRUE
Pde6d	chr1	TRUE	TRUE
Pde6g	chr11	TRUE	FALSE
Pde6h	chr6	FALSE	FALSE
Pde7a	chr3	TRUE	TRUE
Pde7b	chr10	FALSE	TRUE
Pde8a	chr7	TRUE	TRUE
Pde8b	chr13	FALSE	TRUE
Pde9a	chr17	TRUE	TRUE
Pdf	chr8	FALSE	FALSE
Pdgfa	chr5	TRUE	TRUE
Pdgfb	chr15	FALSE	FALSE
Pdgfc	chr3	FALSE	TRUE
Pdgfd	chr9	FALSE	TRUE
Pdgfra	chr5	TRUE	TRUE
Pdgfrb	chr18	FALSE	FALSE
Pdgfrl	chr8	FALSE	FALSE
Pdha1	chrX	FALSE	FALSE
Pdhb	chr14	FALSE	FALSE
Pdhx	chr2	TRUE	FALSE
Pdia2	chr17	TRUE	FALSE
Pdia3	chr2	FALSE	FALSE
Pdia4	chr6	FALSE	FALSE
Pdia5	chr16	TRUE	TRUE
Pdia6	chr12	FALSE	FALSE
Pdik1l	chr4	TRUE	FALSE
Pdilt	chr7	FALSE	FALSE
Pdk1	chr2	FALSE	FALSE
Pdk2	chr11	FALSE	TRUE
Pdk3	chrX	FALSE	TRUE
Pdk4	chr6	FALSE	FALSE
Pdlim1	chr19	FALSE	FALSE
Pdlim2	chr14	FALSE	FALSE
Pdlim3	chr8	FALSE	FALSE
Pdlim4	chr11	TRUE	FALSE
Pdlim5	chr3	FALSE	TRUE
Pdlim7	chr13	TRUE	TRUE
Pdp1	chr4	FALSE	FALSE
Pdp2	chr8	FALSE	FALSE
Pdpk1	chr17	FALSE	FALSE
Pdpn	chr4	TRUE	FALSE
Pdpr	chr8	FALSE	TRUE
Pdrg1	chr2	TRUE	FALSE
Pds5a	chr5	TRUE	TRUE
Pds5b	chr5	FALSE	TRUE
Pdss1	chr2	FALSE	FALSE
Pdss2	chr10	FALSE	TRUE
Pdx1	chr5	TRUE	TRUE
Pdxdc1	chr16	FALSE	FALSE
Pdxk	chr10	TRUE	FALSE
Pdxp	chr15	TRUE	FALSE
Pdyn	chr2	TRUE	FALSE
Pdzd11	chrX	TRUE	FALSE
Pdzd2	chr15	FALSE	TRUE
Pdzd3	chr9	TRUE	FALSE
Pdzd4	chrX	TRUE	FALSE
Pdzd7	chr19	FALSE	FALSE
Pdzd8	chr19	TRUE	TRUE
Pdzd9	chr7	FALSE	FALSE
Pdzk1	chr3	FALSE	FALSE
Pdzk1ip1	chr4	TRUE	FALSE
Pdzph1	chr17	FALSE	FALSE
Pdzrn3	chr6	FALSE	FALSE
Pdzrn4	chr15	FALSE	TRUE
Pea15a	chr1	TRUE	FALSE
Peak1	chr9	FALSE	FALSE
Pear1	chr3	TRUE	TRUE
Pebp1	chr5	FALSE	FALSE
Pebp4	chr14	FALSE	FALSE
Pecam1	chr11	FALSE	FALSE
Pecr	chr1	FALSE	FALSE
Pef1	chr4	FALSE	TRUE
Peg10	chr6	FALSE	FALSE
Peg3	chr7	FALSE	FALSE
Peli1	chr11	FALSE	FALSE
Peli2	chr14	FALSE	FALSE
Peli3	chr19	TRUE	FALSE
Pelo	chr13	FALSE	FALSE
Pelp1	chr11	FALSE	FALSE
Pemt	chr11	FALSE	TRUE
Penk	chr4	FALSE	FALSE
Pepd	chr7	TRUE	TRUE
Per1	chr11	FALSE	FALSE
Per2	chr1	TRUE	FALSE
Per3	chr4	FALSE	FALSE
Perm1	chr4	TRUE	FALSE
Perp	chr10	FALSE	FALSE
Pes1	chr11	TRUE	FALSE
Pet100	chr8	FALSE	FALSE
Pet117	chr2	FALSE	FALSE
Pex1	chr5	FALSE	FALSE
Pex10	chr4	TRUE	TRUE
Pex11a	chr7	FALSE	FALSE
Pex11b	chr3	FALSE	FALSE
Pex11g	chr8	TRUE	FALSE
Pex12	chr11	FALSE	FALSE
Pex13	chr11	FALSE	FALSE
Pex14	chr4	TRUE	TRUE
Pex16	chr2	FALSE	FALSE
Pex19	chr1	TRUE	FALSE
Pex2	chr3	FALSE	FALSE
Pex26	chr6	TRUE	FALSE
Pex3	chr10	FALSE	FALSE
Pex5	chr6	FALSE	FALSE
Pex5l	chr3	FALSE	TRUE
Pex6	chr17	FALSE	FALSE
Pex7	chr10	FALSE	FALSE
Pf4	chr5	TRUE	TRUE
Pfas	chr11	FALSE	FALSE
Pfdn1	chr18	FALSE	FALSE
Pfdn2	chr1	TRUE	FALSE
Pfdn4	chr2	TRUE	FALSE
Pfdn5	chr15	FALSE	FALSE
Pfdn6	chr17	TRUE	FALSE
Pfkfb1	chrX	FALSE	FALSE
Pfkfb2	chr1	TRUE	TRUE
Pfkfb3	chr2	FALSE	FALSE
Pfkfb4	chr9	FALSE	FALSE
Pfkl	chr10	TRUE	TRUE
Pfkm	chr15	FALSE	TRUE
Pfkp	chr13	FALSE	TRUE
Pfn1	chr11	FALSE	FALSE
Pfn2	chr3	FALSE	FALSE
Pfn4	chr12	TRUE	FALSE
Pfpl	chr19	TRUE	FALSE
Pga5	chr19	FALSE	FALSE
Pgam1	chr19	TRUE	FALSE
Pgam2	chr11	FALSE	FALSE
Pgam5	chr5	FALSE	FALSE
Pgap1	chr1	TRUE	TRUE
Pgap2	chr7	TRUE	TRUE
Pgap3	chr11	TRUE	TRUE
Pgbd1	chr13	FALSE	FALSE
Pgbd5	chr8	FALSE	TRUE
Pgc	chr17	TRUE	FALSE
Pgd	chr4	FALSE	FALSE
Pgf	chr12	TRUE	FALSE
Pgghg	chr7	TRUE	FALSE
Pggt1b	chr18	FALSE	TRUE
Pgk1	chrX	FALSE	FALSE
Pgls	chr8	FALSE	FALSE
Pglyrp1	chr7	TRUE	FALSE
Pglyrp2	chr17	FALSE	FALSE
Pglyrp3	chr3	FALSE	FALSE
Pglyrp4	chr3	FALSE	FALSE
Pgm1	chr4	TRUE	TRUE
Pgm2	chr5	FALSE	FALSE
Pgm2l1	chr7	FALSE	FALSE
Pgm3	chr9	FALSE	FALSE
Pgm5	chr19	FALSE	FALSE
Pgpep1	chr8	TRUE	FALSE
Pgpep1l	chr7	TRUE	FALSE
Pgr	chr9	FALSE	FALSE
Pgr15l	chrX	FALSE	FALSE
Pgrmc1	chrX	FALSE	FALSE
Pgrmc2	chr3	FALSE	FALSE
Pgs1	chr11	FALSE	FALSE
Phactr1	chr13	TRUE	TRUE
Phactr2	chr10	FALSE	TRUE
Phactr3	chr2	TRUE	TRUE
Phactr4	chr4	TRUE	TRUE
Phax	chr18	FALSE	FALSE
Phb	chr11	FALSE	FALSE
Phb2	chr6	FALSE	FALSE
Phc1	chr6	FALSE	FALSE
Phc2	chr4	FALSE	FALSE
Phc3	chr3	FALSE	TRUE
Pheta1	chr5	TRUE	FALSE
Pheta2	chr15	FALSE	FALSE
Phex	chrX	FALSE	FALSE
Phf1	chr17	FALSE	FALSE
Phf10	chr17	FALSE	FALSE
Phf11a	chr14	FALSE	FALSE
Phf11b	chr14	FALSE	FALSE
Phf11c	chr14	FALSE	FALSE
Phf11d	chr14	FALSE	FALSE
Phf12	chr11	TRUE	TRUE
Phf13	chr4	FALSE	FALSE
Phf14	chr6	FALSE	TRUE
Phf19	chr2	FALSE	FALSE
Phf2	chr13	TRUE	TRUE
Phf20	chr2	TRUE	TRUE
Phf20l1	chr15	FALSE	TRUE
Phf21a	chr2	TRUE	TRUE
Phf21b	chr15	TRUE	TRUE
Phf23	chr11	TRUE	FALSE
Phf24	chr4	TRUE	TRUE
Phf3	chr1	TRUE	TRUE
Phf5a	chr15	FALSE	FALSE
Phf6	chrX	FALSE	FALSE
Phf7	chr14	FALSE	FALSE
Phf8	chrX	FALSE	TRUE
Phgdh	chr3	FALSE	FALSE
Phgr1	chr2	FALSE	FALSE
Phip	chr9	FALSE	TRUE
Phka1	chrX	FALSE	FALSE
Phka2	chrX	FALSE	FALSE
Phkb	chr8	FALSE	TRUE
Phkg1	chr5	FALSE	FALSE
Phkg2	chr7	FALSE	FALSE
Phlda1	chr10	FALSE	FALSE
Phlda2	chr7	FALSE	FALSE
Phlda3	chr1	TRUE	FALSE
Phldb1	chr9	TRUE	TRUE
Phldb2	chr16	FALSE	FALSE
Phldb3	chr7	TRUE	FALSE
Phlpp1	chr1	TRUE	TRUE
Phlpp2	chr8	TRUE	TRUE
Phospho1	chr11	FALSE	FALSE
Phospho2	chr2	FALSE	FALSE
Phox2a	chr7	TRUE	TRUE
Phox2b	chr5	TRUE	FALSE
Phpt1	chr2	FALSE	FALSE
Phrf1	chr7	FALSE	FALSE
Phtf1	chr3	TRUE	TRUE
Phtf2	chr5	TRUE	TRUE
Phyh	chr2	TRUE	FALSE
Phyhd1	chr2	TRUE	TRUE
Phyhip	chr14	FALSE	FALSE
Phyhipl	chr10	TRUE	TRUE
Phykpl	chr11	FALSE	FALSE
Pi15	chr1	FALSE	FALSE
Pi16	chr17	FALSE	FALSE
Pi4k2a	chr19	FALSE	TRUE
Pi4k2b	chr5	FALSE	FALSE
Pi4ka	chr16	FALSE	FALSE
Pi4kb	chr3	TRUE	TRUE
Pianp	chr6	FALSE	FALSE
Pias1	chr9	TRUE	TRUE
Pias2	chr18	FALSE	TRUE
Pias3	chr3	TRUE	FALSE
Pias4	chr10	FALSE	FALSE
Pibf1	chr14	FALSE	TRUE
Picalm	chr7	TRUE	TRUE
Pick1	chr15	FALSE	FALSE
Pid1	chr1	FALSE	FALSE
Pidd1	chr7	TRUE	FALSE
Piezo1	chr8	TRUE	TRUE
Piezo2	chr18	FALSE	FALSE
Pif1	chr9	TRUE	FALSE
Pifo	chr3	FALSE	FALSE
Piga	chrX	FALSE	FALSE
Pigb	chr9	TRUE	FALSE
Pigbos1	chr9	TRUE	FALSE
Pigf	chr17	TRUE	FALSE
Pigg	chr5	TRUE	TRUE
Pigh	chr12	FALSE	FALSE
Pigk	chr3	FALSE	FALSE
Pigl	chr11	TRUE	TRUE
Pign	chr1	FALSE	FALSE
Pigo	chr4	FALSE	FALSE
Pigp	chr16	FALSE	FALSE
Pigq	chr17	FALSE	FALSE
Pigr	chr1	FALSE	FALSE
Pigs	chr11	FALSE	FALSE
Pigt	chr2	TRUE	TRUE
Pigu	chr2	FALSE	TRUE
Pigv	chr4	FALSE	FALSE
Pigw	chr11	FALSE	FALSE
Pigx	chr16	FALSE	FALSE
Pigyl	chr9	FALSE	FALSE
Pigz	chr16	FALSE	FALSE
Pih1d1	chr7	FALSE	FALSE
Pih1d2	chr9	TRUE	TRUE
Pih1h3b	chrX	FALSE	FALSE
Pik3ap1	chr19	FALSE	FALSE
Pik3c2a	chr7	FALSE	FALSE
Pik3c2b	chr1	TRUE	TRUE
Pik3c2g	chr6	FALSE	TRUE
Pik3c3	chr18	FALSE	FALSE
Pik3ca	chr3	TRUE	TRUE
Pik3cb	chr9	FALSE	TRUE
Pik3cd	chr4	TRUE	TRUE
Pik3cg	chr12	TRUE	TRUE
Pik3ip1	chr11	FALSE	FALSE
Pik3r1	chr13	TRUE	TRUE
Pik3r2	chr8	FALSE	FALSE
Pik3r3	chr4	FALSE	TRUE
Pik3r4	chr9	FALSE	FALSE
Pik3r5	chr11	TRUE	TRUE
Pik3r6	chr11	FALSE	FALSE
Pikfyve	chr1	FALSE	TRUE
Pilra	chr5	FALSE	FALSE
Pilrb1	chr5	FALSE	FALSE
Pilrb2	chr5	TRUE	FALSE
Pim1	chr17	FALSE	FALSE
Pim2	chrX	FALSE	FALSE
Pim3	chr15	TRUE	FALSE
Pimreg	chr11	FALSE	FALSE
Pin1	chr9	FALSE	FALSE
Pin1rt1	chr2	FALSE	FALSE
Pin4	chrX	FALSE	FALSE
Pink1	chr4	FALSE	FALSE
Pinlyp	chr7	FALSE	FALSE
Pinx1	chr14	TRUE	TRUE
Pip	chr6	TRUE	FALSE
Pip4k2a	chr2	TRUE	TRUE
Pip4k2b	chr11	TRUE	FALSE
Pip4k2c	chr10	FALSE	FALSE
Pip4p1	chr14	FALSE	FALSE
Pip4p2	chr4	FALSE	FALSE
Pip5k1a	chr3	FALSE	FALSE
Pip5k1b	chr19	FALSE	TRUE
Pip5k1c	chr10	FALSE	FALSE
Pip5kl1	chr2	FALSE	FALSE
Pipox	chr11	FALSE	FALSE
Pir	chrX	FALSE	TRUE
Pira2	chr7	TRUE	FALSE
Pirb	chr7	TRUE	FALSE
Pirt	chr11	TRUE	TRUE
Pisd	chr5	FALSE	TRUE
Pithd1	chr4	FALSE	FALSE
Pitpna	chr11	TRUE	TRUE
Pitpnb	chr5	FALSE	FALSE
Pitpnc1	chr11	FALSE	TRUE
Pitpnm1	chr19	FALSE	FALSE
Pitpnm2	chr5	TRUE	TRUE
Pitpnm3	chr11	TRUE	TRUE
Pitrm1	chr13	FALSE	TRUE
Pitx1	chr13	TRUE	FALSE
Pitx2	chr3	FALSE	FALSE
Pitx3	chr19	TRUE	FALSE
Piwil1	chr5	TRUE	TRUE
Piwil2	chr14	TRUE	TRUE
Piwil4	chr9	FALSE	FALSE
Pja1	chrX	TRUE	FALSE
Pja2	chr17	FALSE	FALSE
Pjvk	chr2	FALSE	FALSE
Pkd1	chr17	FALSE	FALSE
Pkd1l1	chr11	FALSE	FALSE
Pkd1l2	chr8	FALSE	TRUE
Pkd1l3	chr8	TRUE	TRUE
Pkd2	chr5	FALSE	FALSE
Pkd2l1	chr19	FALSE	FALSE
Pkd2l2	chr18	FALSE	FALSE
Pkdcc	chr17	TRUE	TRUE
Pkhd1	chr1	FALSE	FALSE
Pkhd1l1	chr15	FALSE	TRUE
Pkia	chr3	TRUE	TRUE
Pkib	chr10	FALSE	FALSE
Pkig	chr2	FALSE	FALSE
Pklr	chr3	FALSE	FALSE
Pkm	chr9	FALSE	FALSE
Pkmyt1	chr17	FALSE	FALSE
Pkn1	chr8	TRUE	TRUE
Pkn2	chr3	TRUE	TRUE
Pkn3	chr2	FALSE	FALSE
Pknox1	chr17	TRUE	TRUE
Pknox2	chr9	TRUE	TRUE
Pkp1	chr1	FALSE	FALSE
Pkp2	chr16	FALSE	FALSE
Pkp3	chr7	FALSE	FALSE
Pkp4	chr2	FALSE	FALSE
Pla1a	chr16	TRUE	FALSE
Pla2g10	chr16	FALSE	FALSE
Pla2g12a	chr3	FALSE	FALSE
Pla2g12b	chr10	TRUE	FALSE
Pla2g15	chr8	FALSE	FALSE
Pla2g1b	chr5	FALSE	FALSE
Pla2g2c	chr4	FALSE	FALSE
Pla2g2d	chr4	TRUE	FALSE
Pla2g2e	chr4	TRUE	FALSE
Pla2g2f	chr4	TRUE	TRUE
Pla2g3	chr11	FALSE	TRUE
Pla2g4a	chr1	FALSE	FALSE
Pla2g4b	chr2	TRUE	FALSE
Pla2g4c	chr7	FALSE	FALSE
Pla2g4d	chr2	TRUE	FALSE
Pla2g4e	chr2	TRUE	TRUE
Pla2g4f	chr2	FALSE	FALSE
Pla2g5	chr4	TRUE	TRUE
Pla2g6	chr15	TRUE	FALSE
Pla2g7	chr17	FALSE	FALSE
Pla2r1	chr2	FALSE	TRUE
Plaa	chr4	FALSE	FALSE
Plaat1	chr16	FALSE	FALSE
Plaat3	chr19	FALSE	FALSE
Plaat5	chr19	FALSE	FALSE
Plac1	chrX	FALSE	FALSE
Plac8	chr5	FALSE	FALSE
Plac8l1	chr18	FALSE	FALSE
Plag1	chr4	TRUE	TRUE
Plagl1	chr10	TRUE	TRUE
Plagl2	chr2	FALSE	FALSE
Plat	chr8	FALSE	FALSE
Platr25	chr13	FALSE	FALSE
Plau	chr14	TRUE	FALSE
Plaur	chr7	FALSE	FALSE
Plb1	chr5	FALSE	FALSE
Plbd1	chr6	FALSE	FALSE
Plbd2	chr5	TRUE	TRUE
Plcb1	chr2	FALSE	FALSE
Plcb2	chr2	TRUE	TRUE
Plcb3	chr19	TRUE	TRUE
Plcb4	chr2	TRUE	TRUE
Plcd1	chr9	TRUE	TRUE
Plcd3	chr11	FALSE	FALSE
Plcd4	chr1	FALSE	FALSE
Plce1	chr19	FALSE	TRUE
Plcg1	chr2	TRUE	TRUE
Plcg2	chr8	FALSE	TRUE
Plch1	chr3	FALSE	TRUE
Plch2	chr4	FALSE	FALSE
Plcl1	chr1	TRUE	TRUE
Plcl2	chr17	FALSE	FALSE
Plcxd1	chr5	TRUE	FALSE
Plcxd2	chr16	FALSE	FALSE
Plcxd3	chr15	FALSE	FALSE
Plcz1	chr6	FALSE	FALSE
Pld1	chr3	FALSE	TRUE
Pld2	chr11	TRUE	FALSE
Pld3	chr7	FALSE	FALSE
Pld4	chr12	TRUE	FALSE
Pld5	chr1	FALSE	FALSE
Pld6	chr11	TRUE	FALSE
Plec	chr15	TRUE	FALSE
Plek	chr11	FALSE	TRUE
Plek2	chr12	TRUE	FALSE
Plekha1	chr7	FALSE	FALSE
Plekha2	chr8	FALSE	FALSE
Plekha3	chr2	FALSE	FALSE
Plekha4	chr7	FALSE	FALSE
Plekha5	chr6	FALSE	TRUE
Plekha6	chr1	TRUE	TRUE
Plekha7	chr7	FALSE	TRUE
Plekha8	chr6	FALSE	TRUE
Plekhb1	chr7	FALSE	FALSE
Plekhb2	chr1	FALSE	TRUE
Plekhd1	chr12	TRUE	TRUE
Plekhf1	chr7	FALSE	FALSE
Plekhf2	chr4	TRUE	FALSE
Plekhg1	chr10	FALSE	TRUE
Plekhg2	chr7	TRUE	TRUE
Plekhg3	chr12	TRUE	TRUE
Plekhg4	chr8	TRUE	FALSE
Plekhg5	chr4	TRUE	TRUE
Plekhg6	chr6	TRUE	TRUE
Plekhh1	chr12	FALSE	TRUE
Plekhh2	chr17	FALSE	FALSE
Plekhh3	chr11	TRUE	FALSE
Plekhj1	chr10	FALSE	FALSE
Plekhm1	chr11	FALSE	FALSE
Plekhm2	chr4	TRUE	TRUE
Plekhm3	chr1	TRUE	TRUE
Plekhn1	chr4	FALSE	FALSE
Plekho1	chr3	FALSE	FALSE
Plekho2	chr9	TRUE	TRUE
Plekhs1	chr19	FALSE	FALSE
Plet1	chr9	FALSE	FALSE
Plg	chr17	FALSE	FALSE
Plgrkt	chr19	FALSE	FALSE
Plin1	chr7	TRUE	FALSE
Plin2	chr4	FALSE	FALSE
Plin3	chr17	TRUE	FALSE
Plin4	chr17	FALSE	FALSE
Plin5	chr17	TRUE	FALSE
Plk1	chr7	FALSE	FALSE
Plk2	chr13	FALSE	FALSE
Plk3	chr4	TRUE	FALSE
Plk4	chr3	FALSE	FALSE
Plk5	chr10	TRUE	FALSE
Pllp	chr8	FALSE	FALSE
Pln	chr10	FALSE	FALSE
Plod1	chr4	TRUE	TRUE
Plod2	chr9	FALSE	FALSE
Plod3	chr5	FALSE	FALSE
Plp1	chrX	FALSE	FALSE
Plp2	chrX	FALSE	FALSE
Plpbp	chr8	FALSE	FALSE
Plpp1	chr13	FALSE	FALSE
Plpp2	chr10	FALSE	FALSE
Plpp3	chr4	FALSE	FALSE
Plpp4	chr7	FALSE	FALSE
Plpp5	chr8	TRUE	FALSE
Plpp7	chr2	TRUE	TRUE
Plppr1	chr4	FALSE	TRUE
Plppr2	chr9	TRUE	FALSE
Plppr3	chr10	TRUE	FALSE
Plppr4	chr3	FALSE	FALSE
Plppr5	chr3	FALSE	TRUE
Plrg1	chr3	FALSE	FALSE
Pls1	chr9	TRUE	TRUE
Pls3	chrX	FALSE	TRUE
Plscr1	chr9	TRUE	TRUE
Plscr2	chr9	FALSE	FALSE
Plscr3	chr11	FALSE	FALSE
Plscr4	chr9	FALSE	FALSE
Plscr5	chr9	FALSE	FALSE
Pltp	chr2	TRUE	FALSE
Plvap	chr8	TRUE	TRUE
Plxdc1	chr11	TRUE	TRUE
Plxdc2	chr2	FALSE	FALSE
Plxna1	chr6	TRUE	TRUE
Plxna2	chr1	TRUE	TRUE
Plxna3	chrX	FALSE	FALSE
Plxna4	chr6	FALSE	FALSE
Plxnb1	chr9	FALSE	FALSE
Plxnb2	chr15	FALSE	FALSE
Plxnb3	chrX	TRUE	TRUE
Plxnc1	chr10	FALSE	TRUE
Plxnd1	chr6	FALSE	FALSE
Pm20d1	chr1	TRUE	FALSE
Pm20d2	chr4	FALSE	FALSE
Pmaip1	chr18	TRUE	FALSE
Pmch	chr10	FALSE	FALSE
Pmel	chr10	TRUE	FALSE
Pmepa1	chr2	FALSE	FALSE
Pmf1	chr3	FALSE	FALSE
Pmfbp1	chr8	FALSE	FALSE
Pmis2	chr7	FALSE	FALSE
Pml	chr9	FALSE	FALSE
Pmm1	chr15	FALSE	FALSE
Pmm2	chr16	TRUE	TRUE
Pmp2	chr3	FALSE	FALSE
Pmp22	chr11	TRUE	FALSE
Pmpca	chr2	FALSE	FALSE
Pmpcb	chr5	FALSE	FALSE
Pms1	chr1	FALSE	FALSE
Pms2	chr5	FALSE	FALSE
Pmvk	chr3	FALSE	FALSE
Pnck	chrX	TRUE	FALSE
Pnisr	chr4	FALSE	FALSE
Pnkd	chr1	FALSE	FALSE
Pnkp	chr7	FALSE	FALSE
Pnldc1	chr17	TRUE	FALSE
Pnlip	chr19	FALSE	FALSE
Pnliprp1	chr19	FALSE	FALSE
Pnliprp2	chr19	TRUE	FALSE
Pnma2	chr14	FALSE	FALSE
Pnmal1	chr7	TRUE	FALSE
Pnmt	chr11	TRUE	FALSE
Pnn	chr12	FALSE	FALSE
Pno1	chr11	TRUE	FALSE
Pnoc	chr14	FALSE	FALSE
Pnp	chr14	FALSE	FALSE
Pnp2	chr14	TRUE	FALSE
Pnpla1	chr17	TRUE	TRUE
Pnpla2	chr7	FALSE	FALSE
Pnpla3	chr15	FALSE	FALSE
Pnpla5	chr15	FALSE	FALSE
Pnpla6	chr8	FALSE	FALSE
Pnpla7	chr2	TRUE	TRUE
Pnpla8	chr12	FALSE	FALSE
Pnpo	chr11	FALSE	FALSE
Pnpt1	chr11	FALSE	FALSE
Pnrc1	chr4	FALSE	FALSE
Pnrc2	chr4	FALSE	FALSE
Poc1a	chr9	TRUE	TRUE
Poc1b	chr10	TRUE	TRUE
Poc5	chr13	FALSE	FALSE
Podn	chr4	TRUE	TRUE
Podnl1	chr8	TRUE	FALSE
Podxl	chr6	TRUE	TRUE
Podxl2	chr6	FALSE	FALSE
Pof1b	chrX	FALSE	TRUE
Pofut1	chr2	FALSE	FALSE
Pofut2	chr10	FALSE	FALSE
Pogk	chr1	FALSE	FALSE
Poglut1	chr16	FALSE	FALSE
Poglut2	chr1	FALSE	FALSE
Poglut3	chr9	FALSE	FALSE
Pogz	chr3	TRUE	TRUE
Pola1	chrX	FALSE	TRUE
Pola2	chr19	TRUE	FALSE
Polb	chr8	TRUE	FALSE
Pold1	chr7	TRUE	FALSE
Pold2	chr11	FALSE	FALSE
Pold3	chr7	FALSE	FALSE
Pold4	chr19	TRUE	FALSE
Poldip2	chr11	FALSE	FALSE
Poldip3	chr15	FALSE	FALSE
Pole	chr5	FALSE	FALSE
Pole2	chr12	FALSE	FALSE
Pole3	chr4	FALSE	FALSE
Pole4	chr6	FALSE	FALSE
Polg	chr7	TRUE	FALSE
Polg2	chr11	FALSE	FALSE
Polh	chr17	FALSE	FALSE
Poli	chr18	FALSE	FALSE
Polk	chr13	FALSE	TRUE
Poll	chr19	FALSE	FALSE
Polm	chr11	TRUE	TRUE
Poln	chr5	TRUE	TRUE
Polq	chr16	FALSE	FALSE
Polr1a	chr6	FALSE	FALSE
Polr1b	chr2	FALSE	FALSE
Polr1c	chr17	FALSE	FALSE
Polr1d	chr5	FALSE	FALSE
Polr1e	chr4	TRUE	FALSE
Polr2a	chr11	TRUE	FALSE
Polr2b	chr5	FALSE	FALSE
Polr2c	chr8	FALSE	FALSE
Polr2d	chr18	TRUE	FALSE
Polr2e	chr10	FALSE	FALSE
Polr2f	chr15	FALSE	FALSE
Polr2g	chr19	FALSE	FALSE
Polr2h	chr16	FALSE	FALSE
Polr2i	chr7	FALSE	FALSE
Polr2j	chr5	TRUE	FALSE
Polr2k	chr15	FALSE	FALSE
Polr2l	chr7	FALSE	FALSE
Polr2m	chr9	FALSE	FALSE
Polr3a	chr14	FALSE	FALSE
Polr3b	chr10	FALSE	TRUE
Polr3c	chr3	FALSE	FALSE
Polr3d	chr14	FALSE	FALSE
Polr3e	chr7	TRUE	FALSE
Polr3f	chr2	TRUE	FALSE
Polr3g	chr13	FALSE	FALSE
Polr3gl	chr3	FALSE	FALSE
Polr3h	chr15	FALSE	FALSE
Polr3k	chr2	FALSE	FALSE
Polrmt	chr10	FALSE	FALSE
Pom121	chr5	TRUE	FALSE
Pom121l2	chr13	TRUE	TRUE
Pomc	chr12	FALSE	FALSE
Pomgnt1	chr4	FALSE	FALSE
Pomgnt2	chr9	TRUE	FALSE
Pomk	chr8	TRUE	FALSE
Pomp	chr5	FALSE	FALSE
Pomt1	chr2	TRUE	FALSE
Pomt2	chr12	TRUE	TRUE
Pon1	chr6	FALSE	FALSE
Pon2	chr6	FALSE	FALSE
Pon3	chr6	FALSE	FALSE
Pop1	chr15	FALSE	FALSE
Pop4	chr7	FALSE	FALSE
Pop5	chr5	FALSE	FALSE
Popdc2	chr16	FALSE	FALSE
Popdc3	chr10	FALSE	TRUE
Por	chr5	FALSE	FALSE
Porcn	chrX	FALSE	FALSE
Postn	chr3	FALSE	TRUE
Pot1a	chr6	FALSE	TRUE
Pot1b	chr17	FALSE	FALSE
Poteg	chr8	FALSE	FALSE
Potegl	chr2	FALSE	FALSE
Pou1f1	chr16	FALSE	FALSE
Pou2af1	chr9	TRUE	FALSE
Pou2f1	chr1	TRUE	TRUE
Pou2f2	chr7	TRUE	TRUE
Pou2f3	chr9	TRUE	TRUE
Pou3f3	chr1	TRUE	TRUE
Pou4f1	chr14	TRUE	FALSE
Pou4f2	chr8	TRUE	TRUE
Pou4f3	chr18	TRUE	FALSE
Pou5f1	chr17	TRUE	TRUE
Pou6f1	chr15	FALSE	FALSE
Pou6f2	chr13	FALSE	FALSE
Pp2d1	chr17	FALSE	TRUE
Ppa1	chr10	FALSE	FALSE
Ppa2	chr3	TRUE	TRUE
Ppara	chr15	FALSE	TRUE
Ppard	chr17	TRUE	TRUE
Pparg	chr6	FALSE	FALSE
Ppargc1a	chr5	FALSE	FALSE
Ppargc1b	chr18	TRUE	TRUE
Ppat	chr5	FALSE	FALSE
Ppbp	chr5	FALSE	FALSE
Ppcdc	chr9	TRUE	TRUE
Ppcs	chr4	FALSE	FALSE
Ppdpf	chr2	TRUE	FALSE
Ppef1	chrX	FALSE	FALSE
Ppef2	chr5	TRUE	TRUE
Ppfia1	chr7	TRUE	TRUE
Ppfia2	chr10	TRUE	TRUE
Ppfia3	chr7	FALSE	TRUE
Ppfia4	chr1	FALSE	FALSE
Ppfibp1	chr6	FALSE	TRUE
Ppfibp2	chr7	TRUE	TRUE
Pphln1	chr15	TRUE	TRUE
Ppia	chr11	FALSE	FALSE
Ppib	chr9	FALSE	FALSE
Ppic	chr18	TRUE	TRUE
Ppid	chr3	FALSE	FALSE
Ppie	chr4	TRUE	FALSE
Ppif	chr14	FALSE	FALSE
Ppig	chr2	FALSE	FALSE
Ppih	chr4	FALSE	FALSE
Ppil1	chr17	FALSE	FALSE
Ppil2	chr16	FALSE	FALSE
Ppil3	chr1	FALSE	FALSE
Ppil4	chr10	FALSE	TRUE
Ppil6	chr10	FALSE	FALSE
Ppip5k1	chr2	TRUE	FALSE
Ppip5k2	chr1	FALSE	TRUE
Ppl	chr16	TRUE	TRUE
Ppm1a	chr12	FALSE	FALSE
Ppm1b	chr17	TRUE	TRUE
Ppm1d	chr11	FALSE	FALSE
Ppm1e	chr11	TRUE	TRUE
Ppm1f	chr16	FALSE	TRUE
Ppm1g	chr5	TRUE	FALSE
Ppm1h	chr10	TRUE	TRUE
Ppm1j	chr3	TRUE	FALSE
Ppm1k	chr6	FALSE	FALSE
Ppm1l	chr3	FALSE	FALSE
Ppm1m	chr9	FALSE	FALSE
Ppm1n	chr7	TRUE	FALSE
Ppme1	chr7	FALSE	TRUE
Ppox	chr1	TRUE	FALSE
Ppp1ca	chr19	TRUE	FALSE
Ppp1cb	chr5	TRUE	TRUE
Ppp1cc	chr5	FALSE	FALSE
Ppp1r10	chr17	TRUE	FALSE
Ppp1r11	chr17	FALSE	FALSE
Ppp1r12a	chr10	TRUE	TRUE
Ppp1r12b	chr1	FALSE	TRUE
Ppp1r12c	chr7	TRUE	TRUE
Ppp1r13b	chr12	TRUE	TRUE
Ppp1r13l	chr7	TRUE	FALSE
Ppp1r14a	chr7	FALSE	FALSE
Ppp1r14b	chr19	TRUE	FALSE
Ppp1r14c	chr10	TRUE	TRUE
Ppp1r14d	chr2	FALSE	FALSE
Ppp1r15a	chr7	FALSE	FALSE
Ppp1r15b	chr1	FALSE	FALSE
Ppp1r16a	chr15	TRUE	FALSE
Ppp1r16b	chr2	TRUE	TRUE
Ppp1r17	chr6	FALSE	FALSE
Ppp1r18	chr17	FALSE	FALSE
Ppp1r1a	chr15	FALSE	FALSE
Ppp1r1b	chr11	TRUE	TRUE
Ppp1r1c	chr2	FALSE	FALSE
Ppp1r2	chr16	FALSE	FALSE
Ppp1r21	chr17	FALSE	TRUE
Ppp1r26	chr2	TRUE	FALSE
Ppp1r27	chr11	TRUE	FALSE
Ppp1r32	chr19	TRUE	FALSE
Ppp1r35	chr5	TRUE	FALSE
Ppp1r36	chr12	FALSE	FALSE
Ppp1r37	chr7	FALSE	FALSE
Ppp1r3a	chr6	TRUE	TRUE
Ppp1r3b	chr8	FALSE	FALSE
Ppp1r3c	chr19	TRUE	FALSE
Ppp1r3e	chr14	FALSE	FALSE
Ppp1r3f	chrX	TRUE	FALSE
Ppp1r3g	chr13	TRUE	FALSE
Ppp1r42	chr1	FALSE	FALSE
Ppp1r7	chr1	FALSE	FALSE
Ppp1r8	chr4	TRUE	FALSE
Ppp1r9a	chr6	FALSE	TRUE
Ppp1r9b	chr11	FALSE	FALSE
Ppp2ca	chr11	FALSE	TRUE
Ppp2cb	chr8	FALSE	FALSE
Ppp2r1a	chr17	FALSE	FALSE
Ppp2r1b	chr9	FALSE	FALSE
Ppp2r2a	chr14	TRUE	TRUE
Ppp2r2b	chr18	TRUE	TRUE
Ppp2r2c	chr5	FALSE	TRUE
Ppp2r2d	chr7	TRUE	FALSE
Ppp2r3a	chr9	FALSE	FALSE
Ppp2r3c	chr12	TRUE	TRUE
Ppp2r3d	chr9	FALSE	FALSE
Ppp2r5a	chr1	TRUE	TRUE
Ppp2r5b	chr19	FALSE	FALSE
Ppp2r5c	chr12	TRUE	TRUE
Ppp2r5d	chr17	FALSE	FALSE
Ppp2r5e	chr12	TRUE	TRUE
Ppp3ca	chr3	TRUE	TRUE
Ppp3cb	chr14	TRUE	TRUE
Ppp3cc	chr14	TRUE	TRUE
Ppp3r1	chr11	FALSE	FALSE
Ppp3r2	chr4	FALSE	FALSE
Ppp4c	chr7	FALSE	FALSE
Ppp4r1	chr17	TRUE	TRUE
Ppp4r2	chr6	FALSE	TRUE
Ppp4r3a	chr12	FALSE	FALSE
Ppp4r3b	chr11	FALSE	FALSE
Ppp4r4	chr12	TRUE	TRUE
Ppp5c	chr7	TRUE	TRUE
Ppp6c	chr2	FALSE	FALSE
Ppp6r1	chr7	TRUE	TRUE
Ppp6r2	chr15	TRUE	TRUE
Ppp6r3	chr19	FALSE	TRUE
Pprc1	chr19	FALSE	FALSE
Ppt1	chr4	FALSE	FALSE
Ppt2	chr17	TRUE	FALSE
Pptc7	chr5	TRUE	TRUE
Ppwd1	chr13	FALSE	FALSE
Ppy	chr11	TRUE	FALSE
Pqbp1	chrX	FALSE	FALSE
Pqlc2	chr4	TRUE	TRUE
Pqlc3	chr12	FALSE	FALSE
Pradc1	chr6	FALSE	FALSE
Praf2	chrX	FALSE	FALSE
Prag1	chr8	FALSE	FALSE
Pram1	chr17	FALSE	FALSE
Prame	chrX	FALSE	FALSE
Pramef12	chr4	FALSE	FALSE
Pramef17	chr4	TRUE	FALSE
Pramef20	chr4	TRUE	FALSE
Pramef25	chr4	FALSE	FALSE
Pramef6	chr4	TRUE	TRUE
Pramef8	chr4	FALSE	FALSE
Pramel1	chr4	FALSE	FALSE
Pramel3	chrX	FALSE	FALSE
Pramel4	chr4	FALSE	FALSE
Pramel5	chr4	FALSE	FALSE
Pramel6	chr2	TRUE	FALSE
Pramel7	chr2	FALSE	FALSE
Prap1	chr7	TRUE	FALSE
Prb1	chr6	FALSE	FALSE
Prc1	chr7	FALSE	FALSE
Prcc	chr3	FALSE	FALSE
Prcd	chr11	FALSE	FALSE
Prcp	chr7	FALSE	FALSE
Prdm1	chr10	TRUE	TRUE
Prdm10	chr9	FALSE	FALSE
Prdm11	chr2	TRUE	TRUE
Prdm12	chr2	TRUE	FALSE
Prdm13	chr4	TRUE	TRUE
Prdm14	chr1	TRUE	FALSE
Prdm15	chr16	TRUE	TRUE
Prdm16	chr4	TRUE	TRUE
Prdm2	chr4	FALSE	TRUE
Prdm4	chr10	TRUE	FALSE
Prdm5	chr6	FALSE	FALSE
Prdm6	chr18	FALSE	FALSE
Prdm8	chr5	TRUE	TRUE
Prdm9	chr17	FALSE	FALSE
Prdx1	chr4	FALSE	FALSE
Prdx2	chr8	FALSE	FALSE
Prdx3	chr19	FALSE	FALSE
Prdx4	chrX	FALSE	FALSE
Prdx5	chr19	FALSE	FALSE
Prdx6	chr1	FALSE	FALSE
Preb	chr5	TRUE	FALSE
Prelid1	chr13	FALSE	FALSE
Prelid2	chr18	FALSE	FALSE
Prelid3a	chr18	FALSE	FALSE
Prelid3b	chr2	FALSE	FALSE
Prelp	chr1	TRUE	FALSE
Prep	chr10	TRUE	TRUE
Prepl	chr17	FALSE	TRUE
Prex1	chr2	TRUE	TRUE
Prex2	chr1	FALSE	FALSE
Prf1	chr10	TRUE	FALSE
Prg2	chr2	FALSE	FALSE
Prg3	chr2	FALSE	FALSE
Prg4	chr1	TRUE	TRUE
Prh1	chr6	TRUE	TRUE
Prickle1	chr15	TRUE	TRUE
Prickle2	chr6	TRUE	TRUE
Prickle3	chrX	FALSE	FALSE
Prickle4	chr17	FALSE	FALSE
Prim1	chr10	FALSE	FALSE
Prim2	chr1	FALSE	TRUE
Prima1	chr12	FALSE	FALSE
Primpol	chr8	FALSE	FALSE
Prkaa1	chr15	TRUE	FALSE
Prkaa2	chr4	FALSE	FALSE
Prkab1	chr5	TRUE	FALSE
Prkab2	chr3	TRUE	FALSE
Prkaca	chr8	TRUE	TRUE
Prkacb	chr3	FALSE	TRUE
Prkag1	chr15	FALSE	FALSE
Prkag2	chr5	FALSE	TRUE
Prkag3	chr1	TRUE	FALSE
Prkar1a	chr11	FALSE	FALSE
Prkar1b	chr5	FALSE	FALSE
Prkar2a	chr9	FALSE	FALSE
Prkar2b	chr12	TRUE	TRUE
Prkca	chr11	TRUE	TRUE
Prkcb	chr7	TRUE	TRUE
Prkcd	chr14	TRUE	TRUE
Prkce	chr17	TRUE	TRUE
Prkcg	chr7	TRUE	TRUE
Prkch	chr12	FALSE	TRUE
Prkci	chr3	TRUE	TRUE
Prkcq	chr2	FALSE	TRUE
Prkcsh	chr9	FALSE	TRUE
Prkcz	chr4	FALSE	TRUE
Prkd1	chr12	FALSE	FALSE
Prkd2	chr7	TRUE	FALSE
Prkd3	chr17	TRUE	TRUE
Prkdc	chr16	FALSE	TRUE
Prkg1	chr19	FALSE	TRUE
Prkg2	chr5	FALSE	TRUE
Prkn	chr17	FALSE	FALSE
Prkra	chr2	FALSE	FALSE
Prkrip1	chr5	FALSE	FALSE
Prkx	chrX	FALSE	FALSE
Prl	chr13	FALSE	FALSE
Prl2a1	chr13	TRUE	FALSE
Prl2b1	chr13	TRUE	FALSE
Prl2c1	chr13	FALSE	FALSE
Prl2c2	chr13	FALSE	FALSE
Prl2c3	chr13	FALSE	FALSE
Prl2c5	chr13	FALSE	FALSE
Prl3a1	chr13	FALSE	FALSE
Prl3b1	chr13	FALSE	FALSE
Prl3c1	chr13	FALSE	FALSE
Prl3d1	chr13	TRUE	FALSE
Prl3d2	chr13	FALSE	FALSE
Prl3d3	chr13	TRUE	FALSE
Prl4a1	chr13	FALSE	FALSE
Prl5a1	chr13	TRUE	FALSE
Prl6a1	chr13	FALSE	FALSE
Prl7a1	chr13	FALSE	FALSE
Prl7a2	chr13	FALSE	FALSE
Prl7b1	chr13	FALSE	FALSE
Prl7c1	chr13	TRUE	FALSE
Prl7d1	chr13	FALSE	FALSE
Prl8a1	chr13	FALSE	FALSE
Prl8a2	chr13	FALSE	FALSE
Prl8a6	chr13	FALSE	FALSE
Prl8a8	chr13	FALSE	FALSE
Prl8a9	chr13	FALSE	FALSE
Prlh	chr1	TRUE	FALSE
Prlr	chr15	FALSE	TRUE
Prm1	chr16	TRUE	FALSE
Prm2	chr16	FALSE	FALSE
Prmt1	chr7	FALSE	FALSE
Prmt2	chr10	FALSE	FALSE
Prmt3	chr7	TRUE	TRUE
Prmt5	chr14	TRUE	FALSE
Prmt6	chr3	FALSE	FALSE
Prmt7	chr8	FALSE	FALSE
Prmt8	chr6	TRUE	TRUE
Prmt9	chr8	FALSE	FALSE
Prn	chr2	FALSE	TRUE
Prnd	chr2	TRUE	TRUE
Prnp	chr2	FALSE	FALSE
Proc	chr18	TRUE	FALSE
Proca1	chr11	TRUE	FALSE
Procr	chr2	TRUE	FALSE
Prodh	chr16	TRUE	TRUE
Prodh2	chr7	FALSE	FALSE
Prok1	chr3	FALSE	FALSE
Prok2	chr6	TRUE	FALSE
Prokr1	chr6	TRUE	FALSE
Prokr2	chr2	TRUE	TRUE
Prol1	chr5	FALSE	FALSE
Prom1	chr5	FALSE	FALSE
Prom2	chr2	FALSE	FALSE
Prop1	chr11	TRUE	FALSE
Prorp	chr12	FALSE	TRUE
Prorsd1	chr11	TRUE	FALSE
Pros1	chr16	TRUE	TRUE
Proser1	chr3	FALSE	FALSE
Proser2	chr2	FALSE	FALSE
Proser3	chr7	FALSE	FALSE
Prox1	chr1	TRUE	TRUE
Prox2	chr12	FALSE	FALSE
Proz	chr8	FALSE	FALSE
Prp2	chr6	FALSE	FALSE
Prpf18	chr2	FALSE	TRUE
Prpf19	chr19	FALSE	FALSE
Prpf3	chr3	FALSE	FALSE
Prpf31	chr7	FALSE	FALSE
Prpf38a	chr4	TRUE	FALSE
Prpf38b	chr3	TRUE	FALSE
Prpf39	chr12	FALSE	FALSE
Prpf4	chr4	FALSE	FALSE
Prpf40a	chr2	FALSE	TRUE
Prpf40b	chr15	FALSE	FALSE
Prpf4b	chr13	FALSE	FALSE
Prpf6	chr2	FALSE	TRUE
Prpf8	chr11	FALSE	FALSE
Prph	chr15	TRUE	FALSE
Prph2	chr17	TRUE	FALSE
Prpmp5	chr6	TRUE	FALSE
Prps1	chrX	FALSE	FALSE
Prps1l3	chr12	FALSE	FALSE
Prps2	chrX	FALSE	FALSE
Prpsap1	chr11	FALSE	FALSE
Prpsap2	chr11	FALSE	FALSE
Prr11	chr11	FALSE	FALSE
Prr12	chr7	FALSE	FALSE
Prr13	chr15	TRUE	FALSE
Prr14	chr7	TRUE	FALSE
Prr14l	chr5	TRUE	TRUE
Prr15	chr6	TRUE	FALSE
Prr15l	chr11	TRUE	FALSE
Prr16	chr18	FALSE	FALSE
Prr18	chr17	TRUE	FALSE
Prr19	chr7	FALSE	FALSE
Prr27	chr5	FALSE	FALSE
Prr29	chr11	TRUE	FALSE
Prr3	chr17	FALSE	FALSE
Prr30	chr14	FALSE	FALSE
Prr32	chrX	FALSE	FALSE
Prr33	chr7	TRUE	FALSE
Prr36	chr8	TRUE	TRUE
Prr5	chr15	TRUE	TRUE
Prr5l	chr2	FALSE	TRUE
Prr7	chr13	TRUE	TRUE
Prr9	chr3	FALSE	FALSE
Prrc1	chr18	TRUE	TRUE
Prrc2a	chr17	FALSE	FALSE
Prrc2b	chr2	TRUE	TRUE
Prrc2c	chr1	FALSE	TRUE
Prrg1	chrX	FALSE	FALSE
Prrg2	chr7	TRUE	TRUE
Prrg3	chrX	TRUE	FALSE
Prrg4	chr2	FALSE	FALSE
Prrt1	chr17	TRUE	FALSE
Prrt2	chr7	TRUE	FALSE
Prrt3	chr6	TRUE	FALSE
Prrt4	chr6	TRUE	TRUE
Prrx1	chr1	FALSE	FALSE
Prrx2	chr2	FALSE	FALSE
Prrxl1	chr14	FALSE	FALSE
Prss1	chr6	FALSE	FALSE
Prss12	chr3	TRUE	TRUE
Prss16	chr13	FALSE	FALSE
Prss2	chr6	TRUE	FALSE
Prss21	chr17	TRUE	FALSE
Prss22	chr17	TRUE	FALSE
Prss23	chr7	TRUE	TRUE
Prss27	chr17	FALSE	FALSE
Prss28	chr17	TRUE	FALSE
Prss29	chr17	FALSE	FALSE
Prss3	chr6	FALSE	FALSE
Prss30	chr17	TRUE	FALSE
Prss32	chr17	FALSE	FALSE
Prss33	chr17	FALSE	FALSE
Prss34	chr17	TRUE	FALSE
Prss35	chr9	TRUE	FALSE
Prss36	chr7	TRUE	FALSE
Prss37	chr6	FALSE	FALSE
Prss38	chr11	FALSE	FALSE
Prss39	chr1	TRUE	FALSE
Prss40	chr1	FALSE	FALSE
Prss41	chr17	TRUE	FALSE
Prss42	chr9	TRUE	FALSE
Prss43	chr9	FALSE	FALSE
Prss44	chr9	FALSE	FALSE
Prss45	chr9	FALSE	FALSE
Prss46	chr9	FALSE	FALSE
Prss47	chr13	FALSE	FALSE
Prss48	chr3	TRUE	FALSE
Prss50	chr9	FALSE	FALSE
Prss51	chr14	FALSE	FALSE
Prss52	chr14	TRUE	FALSE
Prss53	chr7	TRUE	FALSE
Prss54	chr8	FALSE	FALSE
Prss55	chr14	FALSE	FALSE
Prss56	chr1	FALSE	FALSE
Prss57	chr10	TRUE	FALSE
Prss58	chr6	FALSE	FALSE
Prss8	chr7	FALSE	FALSE
Prtg	chr9	FALSE	TRUE
Prtn3	chr10	TRUE	FALSE
Prune1	chr3	FALSE	FALSE
Prune2	chr19	FALSE	FALSE
Prx	chr7	FALSE	FALSE
Prxl2a	chr14	TRUE	FALSE
Prxl2b	chr4	TRUE	FALSE
Prxl2c	chr13	TRUE	FALSE
Psap	chr10	FALSE	FALSE
Psat1	chr19	FALSE	FALSE
Psca	chr15	TRUE	FALSE
Psd	chr19	TRUE	TRUE
Psd2	chr18	TRUE	FALSE
Psd3	chr8	FALSE	FALSE
Psd4	chr2	TRUE	TRUE
Psen1	chr12	FALSE	FALSE
Psen2	chr1	FALSE	FALSE
Psenen	chr7	TRUE	FALSE
Psg16	chr7	FALSE	FALSE
Psg17	chr7	FALSE	FALSE
Psg18	chr7	FALSE	FALSE
Psg19	chr7	TRUE	FALSE
Psg20	chr7	TRUE	TRUE
Psg21	chr7	TRUE	FALSE
Psg22	chr7	TRUE	FALSE
Psg23	chr7	TRUE	FALSE
Psg25	chr7	TRUE	FALSE
Psg26	chr7	FALSE	FALSE
Psg27	chr7	FALSE	FALSE
Psg28	chr7	TRUE	FALSE
Psg29	chr7	TRUE	TRUE
Psip1	chr4	FALSE	FALSE
Pskh1	chr8	TRUE	TRUE
Psma1	chr7	FALSE	FALSE
Psma2	chr13	FALSE	FALSE
Psma3	chr12	FALSE	FALSE
Psma4	chr9	FALSE	FALSE
Psma5	chr3	TRUE	TRUE
Psma6	chr12	FALSE	FALSE
Psma7	chr2	FALSE	FALSE
Psma8	chr18	TRUE	TRUE
Psmb1	chr17	FALSE	FALSE
Psmb10	chr8	FALSE	FALSE
Psmb11	chr14	FALSE	FALSE
Psmb2	chr4	FALSE	TRUE
Psmb3	chr11	FALSE	FALSE
Psmb4	chr3	TRUE	TRUE
Psmb5	chr14	FALSE	FALSE
Psmb6	chr11	TRUE	FALSE
Psmb7	chr2	FALSE	FALSE
Psmb8	chr17	FALSE	FALSE
Psmb9	chr17	FALSE	FALSE
Psmc1	chr12	FALSE	FALSE
Psmc2	chr5	FALSE	FALSE
Psmc3	chr2	FALSE	FALSE
Psmc3ip	chr11	FALSE	FALSE
Psmc4	chr7	FALSE	FALSE
Psmc5	chr11	FALSE	FALSE
Psmc6	chr14	FALSE	FALSE
Psmd1	chr1	FALSE	TRUE
Psmd10	chrX	FALSE	FALSE
Psmd11	chr11	FALSE	TRUE
Psmd12	chr11	TRUE	TRUE
Psmd13	chr7	TRUE	FALSE
Psmd14	chr2	TRUE	TRUE
Psmd2	chr16	FALSE	FALSE
Psmd3	chr11	FALSE	FALSE
Psmd4	chr3	TRUE	FALSE
Psmd5	chr2	FALSE	FALSE
Psmd6	chr14	TRUE	FALSE
Psmd7	chr8	FALSE	FALSE
Psmd8	chr7	TRUE	FALSE
Psmd9	chr5	FALSE	FALSE
Psme1	chr14	FALSE	FALSE
Psme2	chr14	FALSE	FALSE
Psme3	chr11	FALSE	FALSE
Psme4	chr11	FALSE	TRUE
Psmf1	chr2	FALSE	TRUE
Psmg1	chr16	TRUE	FALSE
Psmg2	chr18	FALSE	FALSE
Psmg3	chr5	FALSE	FALSE
Psmg4	chr13	TRUE	FALSE
Psors1c2	chr17	TRUE	FALSE
Pspc1	chr14	TRUE	TRUE
Psph	chr5	FALSE	FALSE
Pspn	chr17	TRUE	FALSE
Psrc1	chr3	TRUE	FALSE
Pstk	chr7	FALSE	FALSE
Pstpip1	chr9	TRUE	TRUE
Pstpip2	chr18	FALSE	FALSE
Ptafr	chr4	TRUE	FALSE
Ptar1	chr19	FALSE	FALSE
Ptbp1	chr10	TRUE	FALSE
Ptbp2	chr3	FALSE	FALSE
Ptbp3	chr4	FALSE	FALSE
Ptcd1	chr5	TRUE	FALSE
Ptcd2	chr13	FALSE	FALSE
Ptcd3	chr6	FALSE	TRUE
Ptch1	chr13	FALSE	FALSE
Ptch2	chr4	FALSE	FALSE
Ptchd1	chrX	FALSE	FALSE
Ptchd3	chr11	FALSE	FALSE
Ptchd4	chr17	FALSE	FALSE
Ptcra	chr17	TRUE	FALSE
Ptdss1	chr13	FALSE	FALSE
Ptdss2	chr7	FALSE	FALSE
Pten	chr19	TRUE	TRUE
Pter	chr2	FALSE	FALSE
Ptf1a	chr2	FALSE	FALSE
Ptgdr	chr14	FALSE	FALSE
Ptgdr2	chr19	FALSE	FALSE
Ptgds	chr2	FALSE	FALSE
Ptger1	chr8	TRUE	FALSE
Ptger2	chr14	FALSE	FALSE
Ptger3	chr3	FALSE	FALSE
Ptger4	chr15	FALSE	FALSE
Ptges	chr2	FALSE	FALSE
Ptges2	chr2	TRUE	FALSE
Ptges3	chr10	FALSE	FALSE
Ptges3l	chr11	FALSE	FALSE
Ptgfr	chr3	FALSE	FALSE
Ptgfrn	chr3	TRUE	TRUE
Ptgir	chr7	TRUE	FALSE
Ptgis	chr2	TRUE	TRUE
Ptgr1	chr4	FALSE	FALSE
Ptgr2	chr12	FALSE	FALSE
Ptgs1	chr2	TRUE	TRUE
Ptgs2	chr1	TRUE	FALSE
Pth	chr7	FALSE	FALSE
Pth1r	chr9	TRUE	FALSE
Pth2	chr7	TRUE	FALSE
Pth2r	chr1	FALSE	FALSE
Pthlh	chr6	FALSE	FALSE
Ptk2	chr15	TRUE	TRUE
Ptk2b	chr14	TRUE	TRUE
Ptk6	chr2	TRUE	FALSE
Ptk7	chr17	TRUE	TRUE
Ptma	chr1	FALSE	FALSE
Ptms	chr6	FALSE	FALSE
Ptn	chr6	FALSE	FALSE
Ptov1	chr7	FALSE	FALSE
Ptp4a1	chr1	FALSE	FALSE
Ptp4a2	chr4	TRUE	TRUE
Ptp4a3	chr15	TRUE	TRUE
Ptpa	chr2	FALSE	FALSE
Ptpdc1	chr13	FALSE	FALSE
Ptpmt1	chr2	FALSE	FALSE
Ptpn1	chr2	TRUE	TRUE
Ptpn11	chr5	TRUE	TRUE
Ptpn12	chr5	FALSE	FALSE
Ptpn13	chr5	TRUE	TRUE
Ptpn14	chr1	FALSE	TRUE
Ptpn18	chr1	TRUE	FALSE
Ptpn2	chr18	TRUE	TRUE
Ptpn20	chr14	FALSE	FALSE
Ptpn21	chr12	FALSE	FALSE
Ptpn22	chr3	TRUE	FALSE
Ptpn23	chr9	FALSE	TRUE
Ptpn3	chr4	TRUE	TRUE
Ptpn4	chr1	FALSE	TRUE
Ptpn5	chr7	FALSE	FALSE
Ptpn6	chr6	FALSE	FALSE
Ptpn7	chr1	FALSE	FALSE
Ptpn9	chr9	FALSE	TRUE
Ptpra	chr2	TRUE	TRUE
Ptprb	chr10	FALSE	FALSE
Ptprc	chr1	TRUE	TRUE
Ptprcap	chr19	FALSE	FALSE
Ptprd	chr4	FALSE	FALSE
Ptpre	chr7	TRUE	TRUE
Ptprf	chr4	TRUE	TRUE
Ptprg	chr14	TRUE	TRUE
Ptprh	chr7	TRUE	TRUE
Ptprj	chr2	FALSE	FALSE
Ptprk	chr10	FALSE	FALSE
Ptprm	chr17	FALSE	TRUE
Ptprn	chr1	FALSE	FALSE
Ptprn2	chr12	TRUE	TRUE
Ptpro	chr6	FALSE	TRUE
Ptprq	chr10	FALSE	TRUE
Ptprr	chr10	FALSE	FALSE
Ptprs	chr17	TRUE	TRUE
Ptprt	chr2	FALSE	FALSE
Ptpru	chr4	TRUE	TRUE
Ptprz1	chr6	FALSE	TRUE
Ptrh1	chr2	FALSE	FALSE
Ptrh2	chr11	FALSE	FALSE
Ptrhd1	chr12	FALSE	FALSE
Pts	chr9	FALSE	FALSE
Pttg1	chr11	TRUE	FALSE
Pttg1ip	chr10	TRUE	FALSE
Ptx3	chr3	FALSE	FALSE
Ptx4	chr17	FALSE	FALSE
Pudp	chr18	FALSE	FALSE
Puf60	chr15	FALSE	FALSE
Pum1	chr4	TRUE	TRUE
Pum2	chr12	TRUE	TRUE
Pum3	chr19	FALSE	FALSE
Pura	chr18	FALSE	FALSE
Purg	chr8	FALSE	FALSE
Pus1	chr5	FALSE	FALSE
Pus10	chr11	TRUE	TRUE
Pus3	chr9	FALSE	FALSE
Pus7	chr5	FALSE	FALSE
Pus7l	chr15	FALSE	FALSE
Pusl1	chr4	FALSE	FALSE
Pvalb	chr15	TRUE	TRUE
Pvr	chr7	FALSE	FALSE
Pvrig	chr5	FALSE	FALSE
Pwp1	chr10	FALSE	FALSE
Pwp2	chr10	FALSE	FALSE
Pwwp2a	chr11	FALSE	FALSE
Pwwp2b	chr7	TRUE	TRUE
Pwwp3a	chr10	FALSE	FALSE
Pwwp3b	chrX	FALSE	FALSE
Pxdc1	chr13	FALSE	FALSE
Pxdn	chr12	FALSE	TRUE
Pxk	chr14	FALSE	FALSE
Pxmp2	chr5	FALSE	FALSE
Pxmp4	chr2	FALSE	FALSE
Pxn	chr5	FALSE	FALSE
Pxt1	chr17	TRUE	FALSE
Pxylp1	chr9	FALSE	FALSE
Pycard	chr7	FALSE	FALSE
Pycr1	chr11	FALSE	FALSE
Pycr2	chr1	FALSE	FALSE
Pycrl	chr15	FALSE	FALSE
Pygb	chr2	FALSE	FALSE
Pygl	chr12	TRUE	TRUE
Pygm	chr19	TRUE	FALSE
Pygo1	chr9	FALSE	FALSE
Pygo2	chr3	TRUE	FALSE
Pym1	chr10	FALSE	FALSE
Pyroxd1	chr6	FALSE	FALSE
Pyroxd2	chr19	TRUE	TRUE
Pyurf	chr6	FALSE	FALSE
Pyy	chr11	FALSE	FALSE
Pzp	chr6	FALSE	FALSE
Qars	chr9	TRUE	FALSE
Qdpr	chr5	FALSE	FALSE
Qk	chr17	FALSE	TRUE
Qpct	chr17	FALSE	FALSE
Qpctl	chr7	FALSE	FALSE
Qprt	chr7	FALSE	FALSE
Qrfp	chr2	FALSE	FALSE
Qrfpr	chr3	FALSE	FALSE
Qrfprl	chr6	TRUE	TRUE
Qrich1	chr9	FALSE	TRUE
Qrich2	chr11	TRUE	TRUE
Qrsl1	chr10	FALSE	FALSE
Qser1	chr2	TRUE	TRUE
Qsox1	chr1	TRUE	TRUE
Qsox2	chr2	FALSE	FALSE
Qtrt1	chr9	FALSE	FALSE
Qtrt2	chr16	FALSE	TRUE
R3hcc1	chr14	FALSE	FALSE
R3hcc1l	chr19	FALSE	FALSE
R3hdm1	chr1	TRUE	TRUE
R3hdm2	chr10	TRUE	TRUE
R3hdm4	chr10	TRUE	FALSE
R3hdml	chr2	FALSE	FALSE
Rab10	chr12	TRUE	TRUE
Rab11a	chr9	FALSE	FALSE
Rab11b	chr17	FALSE	FALSE
Rab11fip1	chr8	FALSE	FALSE
Rab11fip2	chr19	FALSE	FALSE
Rab11fip3	chr17	TRUE	TRUE
Rab11fip4	chr11	TRUE	TRUE
Rab11fip5	chr6	TRUE	TRUE
Rab12	chr17	FALSE	FALSE
Rab13	chr3	FALSE	FALSE
Rab14	chr2	FALSE	FALSE
Rab15	chr12	FALSE	FALSE
Rab17	chr1	FALSE	FALSE
Rab18	chr18	FALSE	TRUE
Rab19	chr6	FALSE	FALSE
Rab1a	chr11	FALSE	FALSE
Rab1b	chr19	FALSE	FALSE
Rab20	chr8	FALSE	FALSE
Rab21	chr10	FALSE	FALSE
Rab22a	chr2	FALSE	FALSE
Rab23	chr1	FALSE	TRUE
Rab24	chr13	FALSE	FALSE
Rab25	chr3	FALSE	FALSE
Rab26	chr17	FALSE	FALSE
Rab27a	chr9	FALSE	FALSE
Rab27b	chr18	FALSE	FALSE
Rab28	chr5	TRUE	TRUE
Rab29	chr1	FALSE	FALSE
Rab2a	chr4	FALSE	TRUE
Rab2b	chr14	FALSE	TRUE
Rab30	chr7	FALSE	TRUE
Rab31	chr17	FALSE	FALSE
Rab32	chr10	FALSE	FALSE
Rab33a	chrX	FALSE	FALSE
Rab33b	chr3	FALSE	FALSE
Rab34	chr11	TRUE	FALSE
Rab35	chr5	FALSE	FALSE
Rab36	chr10	FALSE	FALSE
Rab37	chr11	FALSE	FALSE
Rab38	chr7	FALSE	TRUE
Rab39	chr9	TRUE	TRUE
Rab39b	chrX	FALSE	FALSE
Rab3a	chr8	FALSE	FALSE
Rab3b	chr4	TRUE	TRUE
Rab3c	chr13	FALSE	FALSE
Rab3d	chr9	FALSE	FALSE
Rab3gap1	chr1	FALSE	FALSE
Rab3gap2	chr1	FALSE	TRUE
Rab3il1	chr19	FALSE	FALSE
Rab3ip	chr10	FALSE	TRUE
Rab40b	chr11	TRUE	TRUE
Rab40c	chr17	FALSE	FALSE
Rab42	chr4	TRUE	FALSE
Rab43	chr6	FALSE	FALSE
Rab44	chr17	TRUE	TRUE
Rab4a	chr8	FALSE	FALSE
Rab4b	chr7	FALSE	FALSE
Rab5a	chr17	FALSE	FALSE
Rab5b	chr10	TRUE	FALSE
Rab5c	chr11	TRUE	TRUE
Rab5if	chr2	FALSE	FALSE
Rab6a	chr7	FALSE	FALSE
Rab6b	chr9	TRUE	TRUE
Rab7	chr6	TRUE	TRUE
Rab7b	chr1	FALSE	FALSE
Rab8a	chr8	TRUE	FALSE
Rab8b	chr9	FALSE	TRUE
Rab9	chrX	FALSE	FALSE
Rab9b	chrX	TRUE	FALSE
Rabac1	chr7	FALSE	FALSE
Rabep1	chr11	TRUE	TRUE
Rabep2	chr7	TRUE	FALSE
Rabepk	chr2	FALSE	FALSE
Rabgap1	chr2	FALSE	TRUE
Rabgap1l	chr1	TRUE	TRUE
Rabgef1	chr5	TRUE	FALSE
Rabggta	chr14	TRUE	TRUE
Rabggtb	chr3	TRUE	FALSE
Rabif	chr1	TRUE	FALSE
Rabl2	chr15	FALSE	FALSE
Rabl3	chr16	FALSE	FALSE
Rabl6	chr2	FALSE	FALSE
Rac1	chr5	TRUE	TRUE
Rac2	chr15	TRUE	FALSE
Rac3	chr11	TRUE	FALSE
Racgap1	chr15	FALSE	FALSE
Rack1	chr11	TRUE	FALSE
Rad1	chr15	FALSE	FALSE
Rad17	chr13	FALSE	FALSE
Rad18	chr6	FALSE	TRUE
Rad21	chr15	FALSE	FALSE
Rad21l	chr2	FALSE	FALSE
Rad23a	chr8	TRUE	FALSE
Rad23b	chr4	FALSE	FALSE
Rad50	chr11	FALSE	FALSE
Rad51	chr2	TRUE	FALSE
Rad51ap1	chr6	FALSE	FALSE
Rad51ap2	chr12	FALSE	FALSE
Rad51b	chr12	TRUE	TRUE
Rad51c	chr11	TRUE	FALSE
Rad51d	chr11	TRUE	FALSE
Rad52	chr6	FALSE	FALSE
Rad54b	chr4	FALSE	FALSE
Rad54l	chr4	TRUE	TRUE
Rad54l2	chr9	FALSE	TRUE
Rad9a	chr19	TRUE	FALSE
Rad9b	chr5	FALSE	FALSE
Radil	chr5	FALSE	FALSE
Radx	chrX	FALSE	TRUE
Rae1	chr2	FALSE	FALSE
Raet1d	chr10	TRUE	FALSE
Raet1e	chr10	FALSE	FALSE
Raf1	chr6	FALSE	TRUE
Rag1	chr2	FALSE	FALSE
Rag2	chr2	FALSE	FALSE
Rai1	chr11	TRUE	TRUE
Rai14	chr15	FALSE	FALSE
Rai2	chrX	FALSE	FALSE
Rala	chr13	FALSE	FALSE
Ralb	chr1	TRUE	FALSE
Ralbp1	chr17	FALSE	TRUE
Ralgapa1	chr12	FALSE	TRUE
Ralgapa2	chr2	FALSE	FALSE
Ralgapb	chr2	FALSE	TRUE
Ralgds	chr2	FALSE	FALSE
Ralgps1	chr2	TRUE	TRUE
Ralgps2	chr1	TRUE	TRUE
Raly	chr2	FALSE	FALSE
Ralyl	chr3	FALSE	TRUE
Ramac	chr7	FALSE	FALSE
Ramp1	chr1	TRUE	FALSE
Ramp2	chr11	FALSE	FALSE
Ramp3	chr11	TRUE	TRUE
Ran	chr5	FALSE	FALSE
Ranbp1	chr16	TRUE	TRUE
Ranbp10	chr8	FALSE	TRUE
Ranbp17	chr11	FALSE	TRUE
Ranbp2	chr10	FALSE	TRUE
Ranbp3	chr17	FALSE	FALSE
Ranbp3l	chr15	FALSE	FALSE
Ranbp9	chr13	FALSE	TRUE
Rangap1	chr15	FALSE	FALSE
Rangrf	chr11	TRUE	FALSE
Rap1a	chr3	TRUE	TRUE
Rap1b	chr10	TRUE	TRUE
Rap1gap	chr4	TRUE	TRUE
Rap1gap2	chr11	TRUE	TRUE
Rap1gds1	chr3	FALSE	FALSE
Rap2a	chr14	TRUE	TRUE
Rap2c	chrX	TRUE	FALSE
Rapgef1	chr2	TRUE	TRUE
Rapgef2	chr3	TRUE	TRUE
Rapgef3	chr15	TRUE	TRUE
Rapgef4	chr2	FALSE	TRUE
Rapgef5	chr12	FALSE	TRUE
Rapgef6	chr11	FALSE	TRUE
Rapgefl1	chr11	TRUE	FALSE
Raph1	chr1	TRUE	TRUE
Rapsn	chr2	TRUE	FALSE
Rara	chr11	TRUE	FALSE
Rarb	chr14	FALSE	FALSE
Rarg	chr15	TRUE	TRUE
Rarres1	chr3	FALSE	FALSE
Rarres2	chr6	TRUE	FALSE
Rars	chr11	FALSE	FALSE
Rars2	chr4	FALSE	FALSE
Rasa1	chr13	FALSE	FALSE
Rasa2	chr9	FALSE	FALSE
Rasa3	chr8	TRUE	TRUE
Rasa4	chr5	FALSE	FALSE
Rasal1	chr5	TRUE	TRUE
Rasal2	chr1	TRUE	TRUE
Rasal3	chr17	FALSE	FALSE
Rasd1	chr11	FALSE	FALSE
Rasd2	chr8	TRUE	FALSE
Rasef	chr4	FALSE	FALSE
Rasgef1a	chr6	FALSE	TRUE
Rasgef1b	chr5	TRUE	TRUE
Rasgef1c	chr11	FALSE	FALSE
Rasgrf1	chr9	TRUE	TRUE
Rasgrf2	chr13	FALSE	FALSE
Rasgrp1	chr2	FALSE	FALSE
Rasgrp2	chr19	TRUE	TRUE
Rasgrp3	chr17	FALSE	FALSE
Rasgrp4	chr7	FALSE	FALSE
Rasip1	chr7	FALSE	FALSE
Rasl10a	chr11	TRUE	FALSE
Rasl10b	chr11	TRUE	FALSE
Rasl11a	chr5	TRUE	FALSE
Rasl11b	chr5	FALSE	FALSE
Rasl12	chr9	TRUE	TRUE
Rassf1	chr9	TRUE	FALSE
Rassf2	chr2	FALSE	FALSE
Rassf3	chr10	TRUE	TRUE
Rassf4	chr6	TRUE	TRUE
Rassf5	chr1	TRUE	TRUE
Rassf6	chr5	FALSE	TRUE
Rassf7	chr7	FALSE	FALSE
Rassf8	chr6	FALSE	FALSE
Rassf9	chr10	FALSE	FALSE
Raver1	chr9	FALSE	FALSE
Raver2	chr4	TRUE	TRUE
Rax	chr18	TRUE	FALSE
Rb1	chr14	TRUE	TRUE
Rb1cc1	chr1	FALSE	FALSE
Rbak	chr5	TRUE	FALSE
Rbbp4	chr4	TRUE	FALSE
Rbbp5	chr1	FALSE	TRUE
Rbbp6	chr7	FALSE	FALSE
Rbbp7	chrX	FALSE	FALSE
Rbbp8	chr18	FALSE	TRUE
Rbbp8nl	chr2	TRUE	FALSE
Rbbp9	chr2	FALSE	FALSE
Rbck1	chr2	FALSE	FALSE
Rbfa	chr18	FALSE	FALSE
Rbfox1	chr16	TRUE	TRUE
Rbfox2	chr15	TRUE	TRUE
Rbfox3	chr11	FALSE	TRUE
Rbis	chr3	FALSE	FALSE
Rbks	chr5	TRUE	TRUE
Rbl1	chr2	FALSE	FALSE
Rbl2	chr8	FALSE	FALSE
Rbm10	chrX	FALSE	FALSE
Rbm11	chr16	TRUE	FALSE
Rbm12	chr2	FALSE	FALSE
Rbm12b1	chr4	FALSE	FALSE
Rbm12b2	chr4	FALSE	FALSE
Rbm14	chr19	FALSE	FALSE
Rbm15	chr3	FALSE	FALSE
Rbm17	chr2	FALSE	FALSE
Rbm18	chr2	FALSE	FALSE
Rbm19	chr5	TRUE	TRUE
Rbm20	chr19	FALSE	TRUE
Rbm22	chr18	FALSE	FALSE
Rbm24	chr13	FALSE	FALSE
Rbm25	chr12	FALSE	FALSE
Rbm26	chr14	FALSE	TRUE
Rbm27	chr18	FALSE	TRUE
Rbm28	chr6	FALSE	FALSE
Rbm3	chrX	TRUE	FALSE
Rbm33	chr5	TRUE	TRUE
Rbm34	chr8	FALSE	FALSE
Rbm38	chr2	TRUE	FALSE
Rbm39	chr2	FALSE	FALSE
Rbm4	chr19	TRUE	FALSE
Rbm41	chrX	FALSE	TRUE
Rbm42	chr7	FALSE	FALSE
Rbm43	chr2	FALSE	FALSE
Rbm44	chr1	FALSE	FALSE
Rbm45	chr2	TRUE	FALSE
Rbm46	chr3	FALSE	FALSE
Rbm47	chr5	FALSE	FALSE
Rbm48	chr5	FALSE	FALSE
Rbm4b	chr19	FALSE	FALSE
Rbm5	chr9	FALSE	FALSE
Rbm6	chr9	TRUE	TRUE
Rbm7	chr9	TRUE	FALSE
Rbm8a	chr3	FALSE	FALSE
Rbms1	chr2	TRUE	TRUE
Rbms2	chr10	TRUE	TRUE
Rbms3	chr9	FALSE	TRUE
Rbmx	chrX	FALSE	FALSE
Rbmx2	chrX	TRUE	FALSE
Rbmxl1	chr8	TRUE	FALSE
Rbp1	chr9	FALSE	FALSE
Rbp2	chr9	FALSE	FALSE
Rbp3	chr14	FALSE	FALSE
Rbp4	chr19	FALSE	FALSE
Rbp7	chr4	FALSE	FALSE
Rbpj	chr5	FALSE	TRUE
Rbpjl	chr2	FALSE	FALSE
Rbpms	chr8	FALSE	FALSE
Rbpms2	chr9	TRUE	TRUE
Rbsn	chr6	FALSE	FALSE
Rbx1	chr15	TRUE	FALSE
Rc3h1	chr1	FALSE	FALSE
Rc3h2	chr2	FALSE	TRUE
Rcan1	chr16	TRUE	TRUE
Rcan2	chr17	FALSE	FALSE
Rcan3	chr4	FALSE	FALSE
Rcbtb1	chr14	FALSE	FALSE
Rcbtb2	chr14	FALSE	FALSE
Rcc1	chr4	TRUE	TRUE
Rcc1l	chr5	FALSE	FALSE
Rcc2	chr4	FALSE	FALSE
Rccd1	chr7	TRUE	FALSE
Rce1	chr19	TRUE	FALSE
Rchy1	chr5	FALSE	FALSE
Rcl1	chr19	FALSE	FALSE
Rcn1	chr2	FALSE	FALSE
Rcn2	chr9	TRUE	FALSE
Rcn3	chr7	TRUE	FALSE
Rcor1	chr12	TRUE	TRUE
Rcor2	chr19	TRUE	FALSE
Rcor3	chr1	TRUE	TRUE
Rcsd1	chr1	FALSE	FALSE
Rcvrn	chr11	TRUE	FALSE
Rd3	chr1	FALSE	FALSE
Rd3l	chr12	FALSE	FALSE
Rdh1	chr10	FALSE	FALSE
Rdh10	chr1	FALSE	FALSE
Rdh11	chr12	FALSE	FALSE
Rdh12	chr12	FALSE	FALSE
Rdh13	chr7	TRUE	TRUE
Rdh14	chr12	FALSE	FALSE
Rdh16	chr10	FALSE	FALSE
Rdh16f1	chr10	FALSE	FALSE
Rdh16f2	chr10	TRUE	FALSE
Rdh19	chr10	FALSE	FALSE
Rdh5	chr10	FALSE	FALSE
Rdh7	chr10	TRUE	FALSE
Rdh8	chr9	FALSE	FALSE
Rdh9	chr10	TRUE	FALSE
Rdm1	chr11	TRUE	FALSE
Rdx	chr9	TRUE	TRUE
Rec114	chr9	FALSE	FALSE
Rec8	chr14	TRUE	FALSE
Reck	chr4	FALSE	TRUE
Recql	chr6	FALSE	FALSE
Recql4	chr15	FALSE	FALSE
Recql5	chr11	TRUE	TRUE
Reep1	chr6	TRUE	TRUE
Reep2	chr18	FALSE	FALSE
Reep3	chr10	FALSE	FALSE
Reep4	chr14	FALSE	FALSE
Reep5	chr18	FALSE	FALSE
Reep6	chr10	FALSE	FALSE
Reg1	chr6	FALSE	FALSE
Reg2	chr6	FALSE	FALSE
Reg3a	chr6	FALSE	FALSE
Reg3b	chr6	FALSE	FALSE
Reg3d	chr6	TRUE	FALSE
Reg3g	chr6	TRUE	FALSE
Reg4	chr3	TRUE	FALSE
Rel	chr11	FALSE	FALSE
Rela	chr19	FALSE	FALSE
Relb	chr7	FALSE	FALSE
Relch	chr1	FALSE	TRUE
Rell1	chr5	FALSE	FALSE
Rell2	chr18	TRUE	FALSE
Reln	chr5	TRUE	TRUE
Relt	chr7	TRUE	TRUE
Rem1	chr2	TRUE	FALSE
Rem2	chr14	FALSE	FALSE
Ren1	chr1	TRUE	TRUE
Renbp	chrX	FALSE	FALSE
Repin1	chr6	TRUE	FALSE
Reps1	chr10	FALSE	FALSE
Reps2	chrX	FALSE	FALSE
Rer1	chr4	FALSE	FALSE
Rere	chr4	TRUE	TRUE
Rerg	chr6	FALSE	FALSE
Rergl	chr6	FALSE	FALSE
Resf1	chr6	FALSE	TRUE
Resp18	chr1	TRUE	TRUE
Rest	chr5	FALSE	FALSE
Ret	chr6	TRUE	TRUE
Retn	chr8	TRUE	FALSE
Retnla	chr16	FALSE	FALSE
Retnlb	chr16	TRUE	FALSE
Retnlg	chr16	FALSE	FALSE
Retreg1	chr15	TRUE	TRUE
Retreg2	chr1	FALSE	FALSE
Retreg3	chr11	TRUE	FALSE
Retsat	chr6	FALSE	FALSE
Rev1	chr1	FALSE	TRUE
Rev3l	chr10	TRUE	TRUE
Rex1bd	chr8	TRUE	FALSE
Rex2	chr4	FALSE	FALSE
Rexo1	chr10	FALSE	FALSE
Rexo2	chr9	FALSE	FALSE
Rexo4	chr2	FALSE	FALSE
Rexo5	chr7	FALSE	FALSE
Rfc1	chr5	TRUE	TRUE
Rfc2	chr5	FALSE	FALSE
Rfc3	chr5	FALSE	FALSE
Rfc4	chr16	FALSE	FALSE
Rfc5	chr5	FALSE	FALSE
Rfesd	chr13	FALSE	FALSE
Rffl	chr11	FALSE	TRUE
Rfk	chr19	FALSE	FALSE
Rflna	chr5	TRUE	TRUE
Rflnb	chr11	FALSE	FALSE
Rfng	chr11	TRUE	FALSE
Rfpl4	chr7	FALSE	FALSE
Rfpl4b	chr10	TRUE	FALSE
Rft1	chr14	TRUE	TRUE
Rftn1	chr17	FALSE	FALSE
Rftn2	chr1	FALSE	TRUE
Rfwd3	chr8	FALSE	FALSE
Rfx1	chr8	FALSE	FALSE
Rfx2	chr17	TRUE	TRUE
Rfx3	chr19	TRUE	TRUE
Rfx4	chr10	FALSE	FALSE
Rfx5	chr3	TRUE	FALSE
Rfx6	chr10	TRUE	TRUE
Rfx7	chr9	TRUE	TRUE
Rfx8	chr1	TRUE	TRUE
Rfxank	chr8	FALSE	FALSE
Rfxap	chr3	FALSE	FALSE
Rgcc	chr14	FALSE	FALSE
Rgl1	chr1	TRUE	TRUE
Rgl2	chr17	TRUE	FALSE
Rgl3	chr9	FALSE	FALSE
Rgma	chr7	TRUE	TRUE
Rgmb	chr17	FALSE	FALSE
Rgn	chrX	FALSE	FALSE
Rgp1	chr4	TRUE	TRUE
Rgr	chr14	TRUE	FALSE
Rgs10	chr7	FALSE	FALSE
Rgs11	chr17	TRUE	FALSE
Rgs12	chr5	TRUE	TRUE
Rgs13	chr1	FALSE	FALSE
Rgs14	chr13	TRUE	FALSE
Rgs16	chr1	TRUE	TRUE
Rgs17	chr10	TRUE	TRUE
Rgs18	chr1	TRUE	TRUE
Rgs19	chr2	TRUE	FALSE
Rgs2	chr1	TRUE	FALSE
Rgs20	chr1	FALSE	TRUE
Rgs21	chr1	FALSE	FALSE
Rgs22	chr15	FALSE	FALSE
Rgs3	chr4	FALSE	FALSE
Rgs4	chr1	FALSE	FALSE
Rgs5	chr1	FALSE	FALSE
Rgs6	chr12	FALSE	FALSE
Rgs7	chr1	TRUE	TRUE
Rgs7bp	chr13	FALSE	FALSE
Rgs8	chr1	FALSE	FALSE
Rgs9	chr11	TRUE	TRUE
Rgsl1	chr1	FALSE	FALSE
Rhag	chr17	FALSE	FALSE
Rhbdd1	chr1	FALSE	FALSE
Rhbdd2	chr5	FALSE	FALSE
Rhbdd3	chr11	FALSE	FALSE
Rhbdf1	chr11	FALSE	FALSE
Rhbdf2	chr11	TRUE	TRUE
Rhbdl1	chr17	FALSE	FALSE
Rhbdl2	chr4	TRUE	TRUE
Rhbdl3	chr11	TRUE	TRUE
Rhbg	chr3	TRUE	TRUE
Rhcg	chr7	TRUE	FALSE
Rhd	chr4	TRUE	TRUE
Rheb	chr5	TRUE	TRUE
Rhebl1	chr15	FALSE	FALSE
Rhno1	chr6	TRUE	FALSE
Rho	chr6	FALSE	FALSE
Rhoa	chr9	TRUE	TRUE
Rhobtb1	chr10	FALSE	FALSE
Rhobtb2	chr14	TRUE	FALSE
Rhobtb3	chr13	FALSE	TRUE
Rhoc	chr3	TRUE	FALSE
Rhod	chr19	TRUE	TRUE
Rhof	chr5	TRUE	TRUE
Rhog	chr7	TRUE	FALSE
Rhoh	chr5	FALSE	FALSE
Rhoj	chr12	TRUE	TRUE
Rhoq	chr17	FALSE	FALSE
Rhot1	chr11	FALSE	FALSE
Rhot2	chr17	FALSE	FALSE
Rhou	chr8	FALSE	FALSE
Rhov	chr2	TRUE	FALSE
Rhox1	chrX	FALSE	FALSE
Rhox10	chrX	TRUE	FALSE
Rhox11	chrX	FALSE	FALSE
Rhox12	chrX	FALSE	FALSE
Rhox13	chrX	FALSE	FALSE
Rhox2a	chrX	TRUE	FALSE
Rhox2b	chrX	FALSE	FALSE
Rhox2c	chrX	FALSE	FALSE
Rhox2d	chrX	FALSE	FALSE
Rhox2e	chrX	TRUE	FALSE
Rhox2f	chrX	TRUE	FALSE
Rhox2g	chrX	FALSE	FALSE
Rhox2h	chrX	FALSE	FALSE
Rhox3c	chrX	TRUE	FALSE
Rhox3e	chrX	FALSE	FALSE
Rhox3f	chrX	FALSE	FALSE
Rhox3g	chrX	FALSE	FALSE
Rhox3h	chrX	FALSE	FALSE
Rhox4b	chrX	FALSE	FALSE
Rhox4c	chrX	FALSE	FALSE
Rhox4d	chrX	FALSE	FALSE
Rhox4e	chrX	TRUE	FALSE
Rhox4f	chrX	FALSE	FALSE
Rhox4g	chrX	TRUE	FALSE
Rhox5	chrX	FALSE	FALSE
Rhox6	chrX	TRUE	FALSE
Rhox7a	chrX	FALSE	FALSE
Rhox7b	chrX	FALSE	FALSE
Rhox8	chrX	FALSE	FALSE
Rhox9	chrX	FALSE	FALSE
Rhpn1	chr15	FALSE	FALSE
Rhpn2	chr7	TRUE	TRUE
Ribc1	chrX	TRUE	TRUE
Ribc2	chr15	TRUE	FALSE
Ric1	chr19	TRUE	TRUE
Ric3	chr7	FALSE	TRUE
Ric8a	chr7	FALSE	FALSE
Ric8b	chr10	TRUE	TRUE
Rictor	chr15	FALSE	TRUE
Rida	chr15	FALSE	FALSE
Rif1	chr2	FALSE	TRUE
Riiad1	chr3	FALSE	FALSE
Rilp	chr11	TRUE	FALSE
Rilpl1	chr5	FALSE	TRUE
Rilpl2	chr5	FALSE	FALSE
Rimbp2	chr5	FALSE	FALSE
Rimkla	chr4	FALSE	FALSE
Rimklb	chr6	TRUE	TRUE
Rims1	chr1	FALSE	TRUE
Rims2	chr15	FALSE	FALSE
Rims3	chr4	FALSE	FALSE
Rims4	chr2	TRUE	TRUE
Rin1	chr19	TRUE	FALSE
Rin2	chr2	TRUE	TRUE
Rin3	chr12	TRUE	TRUE
Ring1	chr17	FALSE	FALSE
Rinl	chr7	TRUE	FALSE
Rint1	chr5	FALSE	FALSE
Riok1	chr13	FALSE	FALSE
Riok2	chr17	FALSE	FALSE
Riok3	chr18	TRUE	FALSE
Riox2	chr16	FALSE	FALSE
Ripk1	chr13	FALSE	FALSE
Ripk2	chr4	FALSE	FALSE
Ripk3	chr14	TRUE	FALSE
Ripk4	chr16	FALSE	FALSE
Ripor1	chr8	TRUE	TRUE
Ripor2	chr13	FALSE	TRUE
Ripor3	chr2	FALSE	FALSE
Ripply1	chrX	TRUE	FALSE
Ripply2	chr9	FALSE	FALSE
Ripply3	chr16	TRUE	FALSE
Rit1	chr3	FALSE	FALSE
Rit2	chr18	FALSE	FALSE
Rita1	chr5	TRUE	FALSE
Rlbp1	chr7	FALSE	FALSE
Rlf	chr4	FALSE	FALSE
Rlim	chrX	FALSE	FALSE
Rln3	chr8	TRUE	FALSE
Rmc1	chr18	FALSE	FALSE
Rmdn1	chr4	TRUE	FALSE
Rmdn2	chr17	FALSE	FALSE
Rmdn3	chr2	FALSE	FALSE
Rmi1	chr13	TRUE	FALSE
Rmi2	chr16	FALSE	FALSE
Rmnd1	chr10	FALSE	FALSE
Rmnd5a	chr6	FALSE	TRUE
Rmnd5b	chr11	FALSE	FALSE
Rnase1	chr14	TRUE	FALSE
Rnase10	chr14	FALSE	FALSE
Rnase12	chr14	FALSE	FALSE
Rnase2a	chr14	FALSE	FALSE
Rnase4	chr14	TRUE	FALSE
Rnase6	chr14	FALSE	FALSE
Rnase9	chr14	TRUE	FALSE
Rnaseh1	chr12	FALSE	FALSE
Rnaseh2a	chr8	FALSE	FALSE
Rnaseh2b	chr14	FALSE	FALSE
Rnaseh2c	chr19	TRUE	FALSE
Rnasek	chr11	FALSE	FALSE
Rnasel	chr1	TRUE	FALSE
Rnaset2a	chr17	FALSE	FALSE
Rnaset2b	chr17	TRUE	FALSE
Rnd1	chr15	FALSE	FALSE
Rnd2	chr11	TRUE	FALSE
Rnd3	chr2	TRUE	FALSE
Rnf10	chr5	FALSE	FALSE
Rnf103	chr6	TRUE	FALSE
Rnf11	chr4	FALSE	FALSE
Rnf111	chr9	TRUE	TRUE
Rnf112	chr11	FALSE	FALSE
Rnf114	chr2	FALSE	FALSE
Rnf115	chr3	TRUE	TRUE
Rnf121	chr7	TRUE	TRUE
Rnf122	chr8	FALSE	FALSE
Rnf123	chr9	FALSE	FALSE
Rnf125	chr18	TRUE	TRUE
Rnf126	chr10	FALSE	FALSE
Rnf128	chrX	FALSE	FALSE
Rnf13	chr3	TRUE	TRUE
Rnf130	chr11	TRUE	TRUE
Rnf135	chr11	TRUE	FALSE
Rnf138	chr18	FALSE	FALSE
Rnf139	chr15	TRUE	FALSE
Rnf14	chr18	FALSE	FALSE
Rnf141	chr7	TRUE	TRUE
Rnf144a	chr12	TRUE	TRUE
Rnf144b	chr13	FALSE	FALSE
Rnf145	chr11	TRUE	TRUE
Rnf146	chr10	FALSE	FALSE
Rnf149	chr1	TRUE	TRUE
Rnf150	chr8	TRUE	TRUE
Rnf151	chr17	TRUE	FALSE
Rnf152	chr1	FALSE	TRUE
Rnf157	chr11	TRUE	TRUE
Rnf165	chr18	TRUE	TRUE
Rnf166	chr8	FALSE	FALSE
Rnf167	chr11	FALSE	FALSE
Rnf168	chr16	FALSE	FALSE
Rnf169	chr7	FALSE	FALSE
Rnf17	chr14	FALSE	FALSE
Rnf170	chr8	FALSE	FALSE
Rnf180	chr13	FALSE	TRUE
Rnf181	chr6	FALSE	FALSE
Rnf182	chr13	FALSE	FALSE
Rnf183	chr4	FALSE	FALSE
Rnf185	chr11	FALSE	FALSE
Rnf187	chr11	TRUE	TRUE
Rnf19a	chr15	TRUE	TRUE
Rnf19b	chr4	FALSE	FALSE
Rnf2	chr1	TRUE	TRUE
Rnf20	chr4	FALSE	FALSE
Rnf207	chr4	TRUE	FALSE
Rnf212	chr5	FALSE	FALSE
Rnf212b	chr14	FALSE	FALSE
Rnf213	chr11	TRUE	TRUE
Rnf214	chr9	TRUE	TRUE
Rnf215	chr11	TRUE	FALSE
Rnf216	chr5	TRUE	TRUE
Rnf217	chr10	FALSE	TRUE
Rnf219	chr14	TRUE	TRUE
Rnf220	chr4	TRUE	TRUE
Rnf222	chr11	TRUE	FALSE
Rnf225	chr7	FALSE	FALSE
Rnf227	chr11	FALSE	FALSE
Rnf24	chr2	FALSE	FALSE
Rnf25	chr1	FALSE	FALSE
Rnf26	chr9	TRUE	TRUE
Rnf31	chr14	FALSE	FALSE
Rnf32	chr5	FALSE	FALSE
Rnf34	chr5	FALSE	FALSE
Rnf38	chr4	TRUE	TRUE
Rnf39	chr17	FALSE	FALSE
Rnf4	chr5	FALSE	FALSE
Rnf40	chr7	FALSE	FALSE
Rnf41	chr10	FALSE	FALSE
Rnf43	chr11	TRUE	TRUE
Rnf44	chr13	FALSE	FALSE
Rnf5	chr17	FALSE	FALSE
Rnf6	chr5	FALSE	FALSE
Rnf7	chr9	FALSE	FALSE
Rnf8	chr17	TRUE	FALSE
Rnft1	chr11	FALSE	FALSE
Rnft2	chr5	TRUE	FALSE
Rngtt	chr4	TRUE	TRUE
Rnh1	chr7	FALSE	FALSE
Rnmt	chr18	FALSE	FALSE
Rnpc3	chr3	FALSE	FALSE
Rnpep	chr1	FALSE	FALSE
Rnpepl1	chr1	TRUE	FALSE
Rnps1	chr17	TRUE	FALSE
Ro60	chr1	FALSE	FALSE
Robo1	chr16	FALSE	TRUE
Robo2	chr16	FALSE	FALSE
Robo3	chr9	TRUE	FALSE
Robo4	chr9	FALSE	FALSE
Rock1	chr18	FALSE	TRUE
Rock2	chr12	FALSE	TRUE
Rogdi	chr16	TRUE	FALSE
Rom1	chr19	FALSE	FALSE
Romo1	chr2	TRUE	FALSE
Ropn1	chr16	FALSE	FALSE
Ropn1l	chr15	TRUE	FALSE
Ror1	chr4	FALSE	FALSE
Ror2	chr13	FALSE	TRUE
Rora	chr9	TRUE	TRUE
Rorb	chr19	FALSE	TRUE
Rorc	chr3	TRUE	FALSE
Ros1	chr10	FALSE	TRUE
Rp1	chr1	FALSE	TRUE
Rp1l1	chr14	FALSE	FALSE
Rp2	chrX	TRUE	FALSE
Rp9	chr9	FALSE	FALSE
Rpa1	chr11	FALSE	FALSE
Rpa2	chr4	FALSE	FALSE
Rpa3	chr6	TRUE	FALSE
Rpain	chr11	FALSE	FALSE
Rpap1	chr2	FALSE	FALSE
Rpap2	chr5	FALSE	FALSE
Rpap3	chr15	FALSE	FALSE
Rpe	chr1	FALSE	FALSE
Rpe65	chr3	FALSE	TRUE
Rpf1	chr3	FALSE	FALSE
Rpf2	chr10	FALSE	FALSE
Rpgr	chrX	FALSE	FALSE
Rpgrip1	chr14	FALSE	FALSE
Rpgrip1l	chr8	TRUE	TRUE
Rph3a	chr5	TRUE	TRUE
Rph3al	chr11	FALSE	FALSE
Rpia	chr6	TRUE	TRUE
Rpl10	chrX	FALSE	FALSE
Rpl10a	chr17	FALSE	FALSE
Rpl11	chr4	FALSE	FALSE
Rpl12	chr2	FALSE	FALSE
Rpl13	chr8	TRUE	FALSE
Rpl13a	chr7	TRUE	FALSE
Rpl14	chr9	FALSE	FALSE
Rpl15	chr14	TRUE	FALSE
Rpl17	chr18	TRUE	TRUE
Rpl18	chr7	FALSE	FALSE
Rpl18a	chr8	TRUE	FALSE
Rpl19	chr11	FALSE	FALSE
Rpl21	chr5	FALSE	FALSE
Rpl22	chr4	TRUE	FALSE
Rpl23	chr11	FALSE	FALSE
Rpl23a	chr11	FALSE	FALSE
Rpl24	chr16	TRUE	FALSE
Rpl26	chr11	FALSE	FALSE
Rpl27	chr11	FALSE	FALSE
Rpl27a	chr7	FALSE	FALSE
Rpl28	chr7	FALSE	FALSE
Rpl29	chr9	FALSE	FALSE
Rpl3	chr15	FALSE	FALSE
Rpl30	chr15	FALSE	FALSE
Rpl31	chr1	FALSE	FALSE
Rpl32	chr6	FALSE	FALSE
Rpl34	chr3	FALSE	FALSE
Rpl35	chr2	TRUE	FALSE
Rpl35a	chr16	TRUE	FALSE
Rpl36	chr17	FALSE	FALSE
Rpl36a	chrX	FALSE	FALSE
Rpl37	chr15	FALSE	FALSE
Rpl37a	chr1	TRUE	FALSE
Rpl38	chr11	FALSE	FALSE
Rpl39	chrX	FALSE	FALSE
Rpl39l	chr16	TRUE	FALSE
Rpl3l	chr17	FALSE	FALSE
Rpl4	chr9	FALSE	FALSE
Rpl41	chr10	TRUE	FALSE
Rpl5	chr5	TRUE	FALSE
Rpl6	chr5	FALSE	FALSE
Rpl7	chr1	TRUE	FALSE
Rpl7a	chr2	TRUE	FALSE
Rpl7l1	chr17	TRUE	FALSE
Rpl8	chr15	TRUE	FALSE
Rplp0	chr5	FALSE	FALSE
Rplp1	chr9	FALSE	FALSE
Rplp2	chr7	TRUE	FALSE
Rpn1	chr6	FALSE	FALSE
Rpn2	chr2	TRUE	TRUE
Rpp14	chr14	TRUE	TRUE
Rpp21	chr17	FALSE	FALSE
Rpp25l	chr4	FALSE	FALSE
Rpp30	chr19	FALSE	FALSE
Rpp38	chr2	FALSE	FALSE
Rpp40	chr13	FALSE	TRUE
Rprd1a	chr18	FALSE	TRUE
Rprd1b	chr2	FALSE	FALSE
Rprd2	chr3	TRUE	TRUE
Rps10	chr17	FALSE	FALSE
Rps11	chr7	FALSE	FALSE
Rps12	chr10	FALSE	FALSE
Rps14	chr18	FALSE	FALSE
Rps15	chr10	FALSE	FALSE
Rps15a	chr7	TRUE	FALSE
Rps16	chr7	TRUE	FALSE
Rps17	chr7	FALSE	FALSE
Rps18	chr17	FALSE	FALSE
Rps19	chr7	FALSE	FALSE
Rps19bp1	chr15	FALSE	FALSE
Rps2	chr17	TRUE	FALSE
Rps20	chr4	FALSE	FALSE
Rps21	chr2	TRUE	FALSE
Rps23	chr13	FALSE	FALSE
Rps23rg1	chr8	FALSE	FALSE
Rps24	chr14	FALSE	FALSE
Rps25	chr9	TRUE	FALSE
Rps26	chr10	TRUE	FALSE
Rps27	chr3	FALSE	FALSE
Rps27a	chr11	FALSE	FALSE
Rps27l	chr9	FALSE	FALSE
Rps28	chr17	TRUE	FALSE
Rps29	chr12	FALSE	FALSE
Rps3	chr7	FALSE	FALSE
Rps3a1	chr3	TRUE	FALSE
Rps4x	chrX	FALSE	FALSE
Rps5	chr7	FALSE	FALSE
Rps6	chr4	FALSE	FALSE
Rps6ka1	chr4	FALSE	FALSE
Rps6ka2	chr17	TRUE	TRUE
Rps6ka3	chrX	FALSE	FALSE
Rps6ka4	chr19	TRUE	FALSE
Rps6ka5	chr12	FALSE	FALSE
Rps6ka6	chrX	FALSE	TRUE
Rps6kb1	chr11	TRUE	TRUE
Rps6kb2	chr19	FALSE	FALSE
Rps6kc1	chr1	TRUE	TRUE
Rps6kl1	chr12	TRUE	TRUE
Rps7	chr12	FALSE	FALSE
Rps8	chr4	FALSE	FALSE
Rps9	chr7	FALSE	FALSE
Rpsa	chr9	FALSE	FALSE
Rptn	chr3	FALSE	FALSE
Rptor	chr11	TRUE	TRUE
Rpusd1	chr17	FALSE	FALSE
Rpusd2	chr2	FALSE	FALSE
Rpusd3	chr6	TRUE	TRUE
Rpusd4	chr9	FALSE	FALSE
Rrad	chr8	FALSE	FALSE
Rragb	chrX	FALSE	FALSE
Rragc	chr4	FALSE	FALSE
Rragd	chr4	FALSE	FALSE
Rras	chr7	TRUE	FALSE
Rras2	chr7	TRUE	TRUE
Rrbp1	chr2	FALSE	FALSE
Rreb1	chr13	FALSE	TRUE
Rrh	chr3	TRUE	FALSE
Rrm1	chr7	FALSE	FALSE
Rrm2	chr12	FALSE	FALSE
Rrm2b	chr15	TRUE	TRUE
Rrn3	chr16	FALSE	TRUE
Rrnad1	chr3	TRUE	FALSE
Rrp1	chr10	FALSE	FALSE
Rrp12	chr19	FALSE	FALSE
Rrp15	chr1	FALSE	FALSE
Rrp1b	chr17	TRUE	FALSE
Rrp36	chr17	FALSE	FALSE
Rrp7a	chr15	FALSE	FALSE
Rrp8	chr7	FALSE	FALSE
Rrp9	chr9	FALSE	FALSE
Rs1	chrX	FALSE	FALSE
Rsad1	chr11	FALSE	FALSE
Rsad2	chr12	TRUE	FALSE
Rsbn1	chr3	FALSE	TRUE
Rsbn1l	chr5	FALSE	TRUE
Rsf1	chr7	TRUE	TRUE
Rskr	chr11	TRUE	TRUE
Rsl1	chr13	FALSE	FALSE
Rsl1d1	chr16	FALSE	FALSE
Rsl24d1	chr9	FALSE	FALSE
Rslcan18	chr13	FALSE	TRUE
Rsph1	chr17	TRUE	TRUE
Rsph10b	chr5	FALSE	FALSE
Rsph14	chr10	TRUE	TRUE
Rsph3a	chr17	FALSE	FALSE
Rsph3b	chr17	FALSE	FALSE
Rsph4a	chr10	FALSE	FALSE
Rsph6a	chr7	TRUE	TRUE
Rsph9	chr17	TRUE	TRUE
Rspo1	chr4	FALSE	FALSE
Rspo2	chr15	FALSE	FALSE
Rspo3	chr10	TRUE	TRUE
Rspo4	chr2	FALSE	FALSE
Rspry1	chr8	FALSE	FALSE
Rsrc1	chr3	FALSE	TRUE
Rsrc2	chr5	FALSE	FALSE
Rsrp1	chr4	FALSE	FALSE
Rsu1	chr2	FALSE	TRUE
Rtbdn	chr8	TRUE	FALSE
Rtca	chr3	FALSE	FALSE
Rtcb	chr10	FALSE	FALSE
Rtel1	chr2	TRUE	FALSE
Rtf1	chr2	FALSE	TRUE
Rtf2	chr2	FALSE	FALSE
Rtkn	chr6	FALSE	FALSE
Rtkn2	chr10	TRUE	TRUE
Rtl1	chr12	TRUE	FALSE
Rtl10	chr16	FALSE	FALSE
Rtl3	chrX	FALSE	FALSE
Rtl4	chrX	FALSE	TRUE
Rtl9	chrX	FALSE	TRUE
Rtn1	chr12	FALSE	FALSE
Rtn2	chr7	FALSE	FALSE
Rtn3	chr19	FALSE	FALSE
Rtn4	chr11	TRUE	TRUE
Rtn4ip1	chr10	FALSE	FALSE
Rtn4r	chr16	FALSE	FALSE
Rtn4rl1	chr11	FALSE	FALSE
Rtn4rl2	chr2	FALSE	FALSE
Rtp1	chr16	TRUE	TRUE
Rtp2	chr16	TRUE	FALSE
Rtp3	chr9	FALSE	FALSE
Rtp4	chr16	FALSE	FALSE
Rtraf	chr14	FALSE	FALSE
Rttn	chr18	FALSE	TRUE
Rubcn	chr16	FALSE	FALSE
Rubcnl	chr14	FALSE	FALSE
Rufy1	chr11	TRUE	TRUE
Rufy2	chr10	TRUE	TRUE
Rufy3	chr5	FALSE	FALSE
Rufy4	chr1	TRUE	FALSE
Rundc1	chr11	FALSE	FALSE
Rundc3a	chr11	TRUE	FALSE
Rundc3b	chr5	FALSE	TRUE
Runx1	chr16	TRUE	TRUE
Runx1t1	chr4	FALSE	FALSE
Runx2	chr17	FALSE	FALSE
Runx3	chr4	TRUE	TRUE
Rusc1	chr3	TRUE	FALSE
Rusc2	chr4	FALSE	TRUE
Ruvbl1	chr6	FALSE	FALSE
Ruvbl2	chr7	FALSE	FALSE
Rwdd1	chr10	FALSE	FALSE
Rwdd2a	chr9	FALSE	FALSE
Rwdd2b	chr16	TRUE	FALSE
Rwdd3	chr3	FALSE	FALSE
Rwdd4a	chr8	FALSE	FALSE
Rxfp1	chr3	FALSE	FALSE
Rxfp2	chr5	FALSE	FALSE
Rxra	chr2	TRUE	TRUE
Rxrb	chr17	FALSE	FALSE
Rxrg	chr1	FALSE	FALSE
Rxylt1	chr10	FALSE	FALSE
Rybp	chr6	TRUE	TRUE
Ryk	chr9	TRUE	TRUE
Ryr1	chr7	FALSE	TRUE
Ryr2	chr13	TRUE	TRUE
Ryr3	chr2	FALSE	FALSE
S100a1	chr3	FALSE	FALSE
S100a10	chr3	TRUE	FALSE
S100a11	chr3	FALSE	FALSE
S100a13	chr3	TRUE	TRUE
S100a14	chr3	TRUE	FALSE
S100a16	chr3	TRUE	FALSE
S100a2	chr3	FALSE	FALSE
S100a3	chr3	FALSE	FALSE
S100a4	chr3	FALSE	FALSE
S100a5	chr3	TRUE	FALSE
S100a6	chr3	TRUE	FALSE
S100a7a	chr3	TRUE	FALSE
S100a7l2	chr3	FALSE	FALSE
S100a8	chr3	TRUE	FALSE
S100a9	chr3	TRUE	FALSE
S100b	chr10	TRUE	FALSE
S100g	chrX	TRUE	FALSE
S100pbp	chr4	FALSE	FALSE
S100z	chr13	FALSE	FALSE
S1pr1	chr3	FALSE	FALSE
S1pr2	chr9	TRUE	FALSE
S1pr3	chr13	TRUE	FALSE
S1pr5	chr9	FALSE	FALSE
Saa1	chr7	FALSE	FALSE
Saa2	chr7	FALSE	FALSE
Saa3	chr7	FALSE	FALSE
Saa4	chr7	FALSE	FALSE
Saal1	chr7	TRUE	TRUE
Sac3d1	chr19	TRUE	FALSE
Sacm1l	chr9	FALSE	TRUE
Sacs	chr14	TRUE	TRUE
Sae1	chr7	FALSE	TRUE
Safb	chr17	FALSE	FALSE
Safb2	chr17	FALSE	FALSE
Sag	chr1	TRUE	FALSE
Sall1	chr8	FALSE	FALSE
Sall2	chr14	TRUE	FALSE
Sall3	chr18	FALSE	FALSE
Sall4	chr2	TRUE	FALSE
Samd1	chr8	TRUE	FALSE
Samd10	chr2	TRUE	FALSE
Samd11	chr4	FALSE	FALSE
Samd12	chr15	FALSE	FALSE
Samd13	chr3	FALSE	FALSE
Samd14	chr11	TRUE	TRUE
Samd15	chr12	FALSE	FALSE
Samd3	chr10	TRUE	TRUE
Samd4	chr14	FALSE	FALSE
Samd4b	chr7	TRUE	TRUE
Samd5	chr10	FALSE	FALSE
Samd7	chr3	FALSE	FALSE
Samd8	chr14	TRUE	TRUE
Samd9l	chr6	TRUE	FALSE
Samhd1	chr2	FALSE	FALSE
Samm50	chr15	FALSE	FALSE
Samsn1	chr16	FALSE	FALSE
Samt1d	chrX	TRUE	FALSE
Samt2	chrX	FALSE	FALSE
Samt2b	chrX	TRUE	FALSE
Samt3	chrX	FALSE	FALSE
Samt4	chrX	FALSE	FALSE
Sap130	chr18	FALSE	FALSE
Sap18	chr14	FALSE	FALSE
Sap30	chr8	FALSE	FALSE
Sap30bp	chr11	FALSE	FALSE
Sap30l	chr11	FALSE	FALSE
Sapcd1	chr17	FALSE	FALSE
Sapcd2	chr2	FALSE	FALSE
Sar1a	chr10	FALSE	FALSE
Sar1b	chr11	TRUE	TRUE
Saraf	chr8	FALSE	FALSE
Sardh	chr2	TRUE	TRUE
Sarm1	chr11	TRUE	TRUE
Sarnp	chr10	FALSE	FALSE
Sars	chr3	FALSE	FALSE
Sars2	chr7	TRUE	FALSE
Sart1	chr19	TRUE	FALSE
Sart3	chr5	TRUE	FALSE
Sash1	chr10	FALSE	FALSE
Sash3	chrX	TRUE	FALSE
Sass6	chr3	FALSE	FALSE
Sat1	chrX	TRUE	FALSE
Sat2	chr11	TRUE	FALSE
Satb1	chr17	FALSE	FALSE
Satb2	chr1	FALSE	FALSE
Satl1	chrX	FALSE	FALSE
Sav1	chr12	TRUE	FALSE
Saxo1	chr4	TRUE	TRUE
Saxo2	chr7	FALSE	FALSE
Saysd1	chr14	FALSE	FALSE
Sbds	chr5	FALSE	FALSE
Sbf1	chr15	TRUE	FALSE
Sbf2	chr7	FALSE	FALSE
Sbk1	chr7	TRUE	FALSE
Sbk2	chr7	FALSE	FALSE
Sbk3	chr7	FALSE	FALSE
Sbno1	chr5	FALSE	TRUE
Sbno2	chr10	TRUE	TRUE
Sbp	chr17	TRUE	FALSE
Sbpl	chr17	FALSE	FALSE
Sbsn	chr7	FALSE	FALSE
Sbspon	chr1	FALSE	FALSE
Sc5d	chr9	FALSE	FALSE
Scaf1	chr7	TRUE	FALSE
Scaf11	chr15	FALSE	FALSE
Scaf4	chr16	FALSE	FALSE
Scaf8	chr17	FALSE	TRUE
Scai	chr2	TRUE	TRUE
Scamp1	chr13	FALSE	FALSE
Scamp2	chr9	TRUE	TRUE
Scamp3	chr3	FALSE	FALSE
Scamp4	chr10	FALSE	FALSE
Scamp5	chr9	FALSE	FALSE
Scand1	chr2	TRUE	FALSE
Scap	chr9	TRUE	TRUE
Scaper	chr9	TRUE	TRUE
Scara3	chr14	FALSE	FALSE
Scara5	chr14	FALSE	FALSE
Scarb1	chr5	TRUE	TRUE
Scarb2	chr5	TRUE	TRUE
Scarf1	chr11	FALSE	FALSE
Scarf2	chr16	TRUE	TRUE
Sccpdh	chr1	TRUE	TRUE
Scd1	chr19	FALSE	FALSE
Scd2	chr19	FALSE	FALSE
Scd3	chr19	FALSE	FALSE
Scd4	chr19	FALSE	FALSE
Scel	chr14	FALSE	FALSE
Scfd1	chr12	FALSE	FALSE
Scfd2	chr5	FALSE	FALSE
Scg2	chr1	FALSE	FALSE
Scg3	chr9	FALSE	FALSE
Scg5	chr2	TRUE	TRUE
Scgb1a1	chr19	FALSE	FALSE
Scgb1b10	chr7	FALSE	FALSE
Scgb1b12	chr7	TRUE	FALSE
Scgb1b19	chr7	FALSE	FALSE
Scgb1b2	chr7	TRUE	FALSE
Scgb1b20	chr7	TRUE	FALSE
Scgb1b24	chr7	TRUE	FALSE
Scgb1b27	chr7	TRUE	FALSE
Scgb1b29	chr7	TRUE	FALSE
Scgb1b3	chr7	TRUE	FALSE
Scgb1b30	chr7	FALSE	FALSE
Scgb1b7	chr7	FALSE	FALSE
Scgb1c1	chr7	TRUE	FALSE
Scgb2a2	chr19	FALSE	FALSE
Scgb2b11	chr7	FALSE	FALSE
Scgb2b12	chr7	TRUE	FALSE
Scgb2b18	chr7	FALSE	FALSE
Scgb2b19	chr7	FALSE	FALSE
Scgb2b2	chr7	FALSE	FALSE
Scgb2b20	chr7	FALSE	FALSE
Scgb2b21	chr7	FALSE	FALSE
Scgb2b24	chr7	FALSE	FALSE
Scgb2b26	chr7	TRUE	TRUE
Scgb2b27	chr7	TRUE	FALSE
Scgb2b3	chr7	FALSE	FALSE
Scgb2b7	chr7	TRUE	FALSE
Scgb3a1	chr11	FALSE	FALSE
Scgb3a2	chr18	TRUE	FALSE
Scgn	chr13	FALSE	FALSE
Schip1	chr3	FALSE	FALSE
Scimp	chr11	FALSE	FALSE
Scin	chr12	TRUE	TRUE
Sclt1	chr3	FALSE	TRUE
Scly	chr1	FALSE	FALSE
Scmh1	chr4	TRUE	TRUE
Scml2	chrX	FALSE	FALSE
Scml4	chr10	FALSE	FALSE
Scn10a	chr9	FALSE	FALSE
Scn11a	chr9	FALSE	FALSE
Scn1a	chr2	TRUE	TRUE
Scn1b	chr7	FALSE	FALSE
Scn2a	chr2	FALSE	TRUE
Scn2b	chr9	FALSE	FALSE
Scn3a	chr2	TRUE	TRUE
Scn3b	chr9	TRUE	FALSE
Scn4a	chr11	FALSE	FALSE
Scn4b	chr9	TRUE	TRUE
Scn5a	chr9	TRUE	TRUE
Scn7a	chr2	FALSE	FALSE
Scn8a	chr15	TRUE	TRUE
Scn9a	chr2	FALSE	TRUE
Scnm1	chr3	FALSE	FALSE
Scnn1a	chr6	TRUE	TRUE
Scnn1b	chr7	FALSE	FALSE
Scnn1g	chr7	FALSE	FALSE
Sco1	chr11	FALSE	FALSE
Sco2	chr15	FALSE	FALSE
Scoc	chr8	FALSE	FALSE
Scp2	chr4	TRUE	TRUE
Scpep1	chr11	FALSE	FALSE
Scrg1	chr8	TRUE	TRUE
Scrib	chr15	FALSE	FALSE
Scrn1	chr6	FALSE	FALSE
Scrn2	chr11	FALSE	FALSE
Scrn3	chr2	FALSE	FALSE
Scrt1	chr15	FALSE	FALSE
Scrt2	chr2	TRUE	FALSE
Sct	chr7	TRUE	FALSE
Sctr	chr1	TRUE	FALSE
Scube1	chr15	TRUE	TRUE
Scube2	chr7	FALSE	FALSE
Scube3	chr17	TRUE	TRUE
Scyl1	chr19	TRUE	FALSE
Scyl2	chr10	FALSE	FALSE
Scyl3	chr1	FALSE	TRUE
Sdad1	chr5	FALSE	FALSE
Sdc1	chr12	FALSE	FALSE
Sdc2	chr15	FALSE	FALSE
Sdc3	chr4	TRUE	TRUE
Sdc4	chr2	TRUE	TRUE
Sdcbp	chr4	FALSE	FALSE
Sdcbp2	chr2	TRUE	FALSE
Sdccag8	chr1	FALSE	FALSE
Sde2	chr1	FALSE	FALSE
Sdf2	chr11	FALSE	FALSE
Sdf2l1	chr16	TRUE	FALSE
Sdf4	chr4	FALSE	FALSE
Sdha	chr13	FALSE	FALSE
Sdhaf2	chr19	TRUE	TRUE
Sdhaf3	chr6	FALSE	FALSE
Sdhaf4	chr1	FALSE	FALSE
Sdhb	chr4	TRUE	FALSE
Sdhc	chr1	FALSE	FALSE
Sdhd	chr9	FALSE	FALSE
Sdk1	chr5	TRUE	TRUE
Sdk2	chr11	TRUE	TRUE
Sdr16c5	chr4	FALSE	FALSE
Sdr16c6	chr4	FALSE	FALSE
Sdr39u1	chr14	FALSE	FALSE
Sdr42e1	chr8	TRUE	FALSE
Sdr9c7	chr10	TRUE	FALSE
Sds	chr5	TRUE	FALSE
Sdsl	chr5	FALSE	FALSE
Sebox	chr11	TRUE	FALSE
Sec1	chr7	TRUE	FALSE
Sec11a	chr7	TRUE	TRUE
Sec11c	chr18	TRUE	FALSE
Sec13	chr6	FALSE	FALSE
Sec14l1	chr11	TRUE	TRUE
Sec14l2	chr11	FALSE	FALSE
Sec14l3	chr11	TRUE	FALSE
Sec14l4	chr11	FALSE	FALSE
Sec14l5	chr16	TRUE	FALSE
Sec16a	chr2	FALSE	FALSE
Sec16b	chr1	TRUE	TRUE
Sec22a	chr16	FALSE	TRUE
Sec22b	chr3	FALSE	FALSE
Sec22c	chr9	FALSE	FALSE
Sec23a	chr12	TRUE	TRUE
Sec23b	chr2	FALSE	FALSE
Sec23ip	chr7	FALSE	FALSE
Sec24a	chr11	FALSE	FALSE
Sec24b	chr3	FALSE	TRUE
Sec24c	chr14	FALSE	FALSE
Sec24d	chr3	TRUE	TRUE
Sec31a	chr5	FALSE	FALSE
Sec31b	chr19	TRUE	TRUE
Sec61a1	chr6	TRUE	FALSE
Sec61a2	chr2	FALSE	FALSE
Sec61b	chr4	FALSE	FALSE
Sec61g	chr11	FALSE	FALSE
Sec62	chr3	TRUE	FALSE
Sec63	chr10	FALSE	TRUE
Secisbp2	chr13	FALSE	FALSE
Secisbp2l	chr2	FALSE	FALSE
Sectm1a	chr11	TRUE	FALSE
Sectm1b	chr11	TRUE	FALSE
Seh1l	chr18	FALSE	FALSE
Sel1l	chr12	FALSE	FALSE
Sel1l2	chr2	FALSE	TRUE
Sel1l3	chr5	TRUE	TRUE
Sele	chr1	FALSE	FALSE
Selenbp1	chr3	TRUE	TRUE
Selenbp2	chr3	TRUE	FALSE
Selenof	chr3	FALSE	FALSE
Selenoh	chr2	TRUE	FALSE
Selenoi	chr5	FALSE	FALSE
Selenok	chr14	FALSE	FALSE
Selenom	chr11	FALSE	FALSE
Selenon	chr4	TRUE	FALSE
Selenoo	chr15	FALSE	FALSE
Selenop	chr15	FALSE	FALSE
Selenos	chr7	TRUE	FALSE
Selenot	chr3	FALSE	FALSE
Selenov	chr7	TRUE	FALSE
Selenow	chr7	TRUE	FALSE
Sell	chr1	FALSE	FALSE
Selp	chr1	FALSE	FALSE
Selplg	chr5	TRUE	TRUE
Sem1	chr6	FALSE	FALSE
Sema3a	chr5	FALSE	FALSE
Sema3b	chr9	TRUE	FALSE
Sema3c	chr5	FALSE	FALSE
Sema3d	chr5	FALSE	FALSE
Sema3e	chr5	FALSE	FALSE
Sema3f	chr9	TRUE	TRUE
Sema3g	chr14	TRUE	TRUE
Sema4a	chr3	TRUE	FALSE
Sema4b	chr7	TRUE	TRUE
Sema4c	chr1	FALSE	FALSE
Sema4d	chr13	TRUE	TRUE
Sema4f	chr6	FALSE	FALSE
Sema4g	chr19	FALSE	FALSE
Sema5a	chr15	FALSE	FALSE
Sema5b	chr16	TRUE	TRUE
Sema6a	chr18	FALSE	FALSE
Sema6b	chr17	TRUE	FALSE
Sema6c	chr3	TRUE	TRUE
Sema6d	chr2	FALSE	FALSE
Sema7a	chr9	TRUE	TRUE
Senp1	chr15	FALSE	FALSE
Senp2	chr16	FALSE	FALSE
Senp3	chr11	TRUE	TRUE
Senp5	chr16	FALSE	TRUE
Senp6	chr9	FALSE	TRUE
Senp7	chr16	TRUE	TRUE
Senp8	chr9	FALSE	FALSE
Sephs1	chr2	FALSE	FALSE
Sepsecs	chr5	FALSE	FALSE
Septin1	chr7	FALSE	FALSE
Septin10	chr10	FALSE	TRUE
Septin11	chr5	FALSE	TRUE
Septin12	chr16	TRUE	FALSE
Septin14	chr5	FALSE	FALSE
Septin2	chr1	FALSE	FALSE
Septin3	chr15	FALSE	FALSE
Septin4	chr11	FALSE	FALSE
Septin5	chr16	TRUE	FALSE
Septin6	chrX	FALSE	FALSE
Septin7	chr9	FALSE	TRUE
Septin8	chr11	TRUE	FALSE
Septin9	chr11	TRUE	TRUE
Serac1	chr17	FALSE	FALSE
Serbp1	chr6	FALSE	FALSE
Serf1	chr13	TRUE	FALSE
Serf2	chr2	FALSE	FALSE
Sergef	chr7	FALSE	FALSE
Serhl	chr15	TRUE	TRUE
Serinc1	chr10	FALSE	FALSE
Serinc2	chr4	TRUE	TRUE
Serinc3	chr2	FALSE	FALSE
Serinc4	chr2	TRUE	TRUE
Serinc5	chr13	FALSE	FALSE
Serp1	chr3	FALSE	FALSE
Serp2	chr14	TRUE	TRUE
Serpina10	chr12	FALSE	FALSE
Serpina11	chr12	FALSE	FALSE
Serpina12	chr12	FALSE	FALSE
Serpina16	chr12	TRUE	FALSE
Serpina1a	chr12	FALSE	FALSE
Serpina1b	chr12	TRUE	TRUE
Serpina1c	chr12	FALSE	FALSE
Serpina1d	chr12	TRUE	FALSE
Serpina1e	chr12	FALSE	FALSE
Serpina1f	chr12	FALSE	FALSE
Serpina3a	chr12	TRUE	TRUE
Serpina3b	chr12	FALSE	FALSE
Serpina3c	chr12	FALSE	FALSE
Serpina3f	chr12	FALSE	FALSE
Serpina3g	chr12	FALSE	FALSE
Serpina3i	chr12	TRUE	FALSE
Serpina3j	chr12	FALSE	FALSE
Serpina3k	chr12	TRUE	TRUE
Serpina3m	chr12	FALSE	FALSE
Serpina3n	chr12	TRUE	FALSE
Serpina5	chr12	TRUE	TRUE
Serpina6	chr12	FALSE	FALSE
Serpina7	chrX	FALSE	FALSE
Serpina9	chr12	TRUE	TRUE
Serpinb11	chr1	FALSE	FALSE
Serpinb12	chr1	FALSE	FALSE
Serpinb13	chr1	FALSE	FALSE
Serpinb1a	chr13	FALSE	FALSE
Serpinb1b	chr13	FALSE	FALSE
Serpinb1c	chr13	FALSE	FALSE
Serpinb2	chr1	FALSE	FALSE
Serpinb3a	chr1	FALSE	FALSE
Serpinb3b	chr1	FALSE	TRUE
Serpinb3c	chr1	FALSE	FALSE
Serpinb3d	chr1	FALSE	FALSE
Serpinb5	chr1	TRUE	TRUE
Serpinb6a	chr13	FALSE	TRUE
Serpinb6b	chr13	FALSE	FALSE
Serpinb6c	chr13	FALSE	FALSE
Serpinb6d	chr13	TRUE	FALSE
Serpinb6e	chr13	TRUE	TRUE
Serpinb7	chr1	FALSE	FALSE
Serpinb8	chr1	FALSE	FALSE
Serpinb9	chr13	FALSE	FALSE
Serpinb9b	chr13	FALSE	FALSE
Serpinb9c	chr13	FALSE	FALSE
Serpinb9d	chr13	FALSE	FALSE
Serpinb9e	chr13	FALSE	FALSE
Serpinb9f	chr13	FALSE	FALSE
Serpinb9g	chr13	FALSE	FALSE
Serpinb9h	chr13	FALSE	FALSE
Serpinc1	chr1	FALSE	FALSE
Serpind1	chr16	FALSE	FALSE
Serpine1	chr5	FALSE	FALSE
Serpine2	chr1	FALSE	TRUE
Serpine3	chr14	FALSE	FALSE
Serpinf1	chr11	FALSE	FALSE
Serpinf2	chr11	FALSE	FALSE
Serping1	chr2	FALSE	FALSE
Serpinh1	chr7	FALSE	FALSE
Serpini1	chr3	FALSE	FALSE
Serpini2	chr3	FALSE	FALSE
Sertad1	chr7	FALSE	FALSE
Sertad2	chr11	FALSE	TRUE
Sertad3	chr7	FALSE	FALSE
Sertad4	chr1	TRUE	TRUE
Sertm1	chr3	TRUE	FALSE
Sesn1	chr10	FALSE	FALSE
Sesn2	chr4	TRUE	TRUE
Sesn3	chr9	TRUE	TRUE
Sestd1	chr2	FALSE	TRUE
Set	chr2	FALSE	FALSE
Setbp1	chr18	TRUE	TRUE
Setd1a	chr7	FALSE	FALSE
Setd1b	chr5	TRUE	TRUE
Setd2	chr9	TRUE	TRUE
Setd3	chr12	TRUE	TRUE
Setd4	chr16	TRUE	FALSE
Setd5	chr6	TRUE	TRUE
Setd6	chr8	TRUE	FALSE
Setd7	chr3	FALSE	FALSE
Setdb1	chr3	FALSE	FALSE
Setdb2	chr14	FALSE	FALSE
Setmar	chr6	FALSE	FALSE
Setx	chr2	FALSE	FALSE
Sez6	chr11	TRUE	TRUE
Sez6l	chr5	TRUE	TRUE
Sez6l2	chr7	TRUE	TRUE
Sf1	chr19	FALSE	FALSE
Sf3a1	chr11	FALSE	FALSE
Sf3a2	chr10	FALSE	FALSE
Sf3a3	chr4	FALSE	FALSE
Sf3b1	chr1	FALSE	FALSE
Sf3b2	chr19	TRUE	FALSE
Sf3b3	chr8	FALSE	FALSE
Sf3b4	chr3	TRUE	FALSE
Sf3b6	chr12	FALSE	FALSE
Sfi1	chr11	FALSE	TRUE
Sfmbt1	chr14	TRUE	TRUE
Sfmbt2	chr2	FALSE	TRUE
Sfpq	chr4	FALSE	FALSE
Sfr1	chr19	FALSE	FALSE
Sfrp1	chr8	FALSE	FALSE
Sfrp2	chr3	TRUE	FALSE
Sfrp4	chr13	FALSE	FALSE
Sfrp5	chr19	TRUE	TRUE
Sfswap	chr5	FALSE	TRUE
Sft2d1	chr17	FALSE	FALSE
Sft2d2	chr1	FALSE	FALSE
Sfta2	chr17	FALSE	FALSE
Sftpa1	chr14	FALSE	FALSE
Sftpb	chr6	FALSE	FALSE
Sftpc	chr14	FALSE	FALSE
Sftpd	chr14	TRUE	FALSE
Sfxn1	chr13	TRUE	FALSE
Sfxn2	chr19	FALSE	FALSE
Sfxn3	chr19	FALSE	FALSE
Sfxn4	chr19	TRUE	TRUE
Sfxn5	chr6	TRUE	TRUE
Sgca	chr11	FALSE	FALSE
Sgcb	chr5	FALSE	FALSE
Sgcd	chr11	FALSE	FALSE
Sgce	chr6	FALSE	TRUE
Sgcg	chr14	TRUE	TRUE
Sgcz	chr8	FALSE	FALSE
Sgf29	chr7	FALSE	FALSE
Sgip1	chr4	TRUE	TRUE
Sgk1	chr10	FALSE	FALSE
Sgk2	chr2	FALSE	FALSE
Sgk3	chr1	FALSE	TRUE
Sgms1	chr19	FALSE	TRUE
Sgms2	chr3	FALSE	FALSE
Sgo1	chr17	FALSE	FALSE
Sgo2a	chr1	FALSE	FALSE
Sgo2b	chr8	FALSE	FALSE
Sgpl1	chr10	FALSE	FALSE
Sgpp1	chr12	TRUE	TRUE
Sgpp2	chr1	TRUE	TRUE
Sgsh	chr11	TRUE	FALSE
Sgsm1	chr5	TRUE	TRUE
Sgsm2	chr11	FALSE	FALSE
Sgsm3	chr15	TRUE	TRUE
Sgta	chr10	FALSE	FALSE
Sgtb	chr13	FALSE	FALSE
Sh2b1	chr7	FALSE	FALSE
Sh2b2	chr5	TRUE	FALSE
Sh2b3	chr5	TRUE	FALSE
Sh2d1a	chrX	FALSE	FALSE
Sh2d1b1	chr1	TRUE	TRUE
Sh2d1b2	chr1	FALSE	FALSE
Sh2d2a	chr3	TRUE	FALSE
Sh2d3c	chr2	FALSE	FALSE
Sh2d4a	chr8	FALSE	FALSE
Sh2d4b	chr14	FALSE	FALSE
Sh2d5	chr4	TRUE	FALSE
Sh2d6	chr6	FALSE	FALSE
Sh2d7	chr9	TRUE	FALSE
Sh3bgr	chr16	TRUE	FALSE
Sh3bgrl	chrX	FALSE	TRUE
Sh3bgrl2	chr9	TRUE	TRUE
Sh3bgrl3	chr4	FALSE	FALSE
Sh3bp1	chr15	TRUE	FALSE
Sh3bp2	chr5	FALSE	TRUE
Sh3bp4	chr1	TRUE	TRUE
Sh3bp5	chr14	TRUE	TRUE
Sh3bp5l	chr11	TRUE	FALSE
Sh3d19	chr3	TRUE	TRUE
Sh3d21	chr4	TRUE	FALSE
Sh3gl1	chr17	TRUE	FALSE
Sh3gl2	chr4	FALSE	TRUE
Sh3gl3	chr7	TRUE	TRUE
Sh3glb1	chr3	FALSE	FALSE
Sh3glb2	chr2	FALSE	FALSE
Sh3kbp1	chrX	FALSE	TRUE
Sh3pxd2a	chr19	TRUE	TRUE
Sh3pxd2b	chr11	TRUE	TRUE
Sh3rf1	chr8	FALSE	FALSE
Sh3rf2	chr18	FALSE	FALSE
Sh3rf3	chr10	FALSE	TRUE
Sh3tc1	chr5	TRUE	TRUE
Sh3tc2	chr18	TRUE	TRUE
Sh3yl1	chr12	FALSE	FALSE
Shank1	chr7	TRUE	TRUE
Shank2	chr7	TRUE	TRUE
Shank3	chr15	TRUE	TRUE
Sharpin	chr15	FALSE	FALSE
Shb	chr4	FALSE	FALSE
Shbg	chr11	FALSE	FALSE
Shc1	chr3	FALSE	FALSE
Shc2	chr10	TRUE	TRUE
Shc3	chr13	FALSE	TRUE
Shc4	chr2	TRUE	TRUE
Shcbp1	chr8	FALSE	FALSE
Shcbp1l	chr1	FALSE	FALSE
Shd	chr17	FALSE	FALSE
She	chr3	TRUE	FALSE
Shf	chr2	FALSE	FALSE
Shfl	chr9	FALSE	FALSE
Shh	chr5	FALSE	FALSE
Shisa2	chr14	FALSE	FALSE
Shisa3	chr5	TRUE	TRUE
Shisa4	chr1	TRUE	FALSE
Shisa5	chr9	FALSE	FALSE
Shisa6	chr11	FALSE	TRUE
Shisa7	chr7	TRUE	FALSE
Shisa8	chr15	FALSE	FALSE
Shisa9	chr16	FALSE	FALSE
Shisal1	chr15	TRUE	TRUE
Shisal2a	chr4	FALSE	FALSE
Shisal2b	chr13	FALSE	FALSE
Shkbp1	chr7	TRUE	FALSE
Shld1	chr2	FALSE	FALSE
Shld2	chr14	FALSE	FALSE
Shld3	chr13	FALSE	FALSE
Shmt1	chr11	TRUE	TRUE
Shmt2	chr10	FALSE	FALSE
Shoc1	chr4	FALSE	FALSE
Shoc2	chr19	FALSE	TRUE
Shox2	chr3	FALSE	FALSE
Shpk	chr11	FALSE	FALSE
Shprh	chr10	FALSE	FALSE
Shq1	chr6	FALSE	FALSE
Shroom1	chr11	TRUE	FALSE
Shroom2	chrX	FALSE	TRUE
Shroom3	chr5	TRUE	TRUE
Shroom4	chrX	FALSE	FALSE
Shtn1	chr19	TRUE	TRUE
Siae	chr9	FALSE	FALSE
Siah1a	chr8	TRUE	FALSE
Siah1b	chrX	FALSE	FALSE
Siah2	chr3	FALSE	FALSE
Siah3	chr14	TRUE	TRUE
Sidt1	chr16	FALSE	FALSE
Sidt2	chr9	TRUE	FALSE
Sigirr	chr7	TRUE	TRUE
Siglec1	chr2	FALSE	FALSE
Siglec15	chr18	TRUE	FALSE
Siglece	chr7	FALSE	FALSE
Siglecf	chr7	TRUE	FALSE
Siglecg	chr7	TRUE	FALSE
Siglech	chr7	TRUE	FALSE
Sigmar1	chr4	FALSE	FALSE
Sik1	chr17	TRUE	TRUE
Sik2	chr9	TRUE	TRUE
Sik3	chr9	TRUE	TRUE
Sike1	chr3	TRUE	FALSE
Sil1	chr18	FALSE	FALSE
Sim1	chr10	FALSE	TRUE
Sim2	chr16	TRUE	FALSE
Simc1	chr13	FALSE	FALSE
Sin3a	chr9	FALSE	TRUE
Sin3b	chr8	FALSE	TRUE
Sinhcaf	chr6	FALSE	FALSE
Sipa1	chr19	TRUE	FALSE
Sipa1l1	chr12	TRUE	TRUE
Sipa1l2	chr8	FALSE	FALSE
Sipa1l3	chr7	FALSE	FALSE
Sirpa	chr2	TRUE	TRUE
Sirpb1a	chr3	FALSE	FALSE
Sirpb1b	chr3	FALSE	FALSE
Sirpb1c	chr3	FALSE	FALSE
Sirt1	chr10	FALSE	TRUE
Sirt2	chr7	TRUE	TRUE
Sirt3	chr7	TRUE	FALSE
Sirt4	chr5	FALSE	FALSE
Sirt5	chr13	FALSE	FALSE
Sirt6	chr10	FALSE	FALSE
Sirt7	chr11	TRUE	FALSE
Sis	chr3	FALSE	TRUE
Sit1	chr4	TRUE	FALSE
Siva1	chr12	TRUE	FALSE
Six1	chr12	TRUE	FALSE
Six2	chr17	FALSE	FALSE
Six3	chr17	TRUE	FALSE
Six4	chr12	FALSE	FALSE
Six5	chr7	TRUE	FALSE
Six6	chr12	FALSE	FALSE
Ska1	chr18	FALSE	FALSE
Ska2	chr11	FALSE	FALSE
Ska3	chr14	TRUE	TRUE
Skap1	chr11	TRUE	TRUE
Skap2	chr6	TRUE	TRUE
Ski	chr4	FALSE	TRUE
Skida1	chr2	FALSE	FALSE
Skil	chr3	FALSE	FALSE
Skint1	chr4	FALSE	FALSE
Skint10	chr4	FALSE	TRUE
Skint11	chr4	FALSE	TRUE
Skint2	chr4	FALSE	FALSE
Skint3	chr4	FALSE	FALSE
Skint4	chr4	FALSE	FALSE
Skint5	chr4	FALSE	TRUE
Skint6	chr4	FALSE	TRUE
Skint7	chr4	FALSE	FALSE
Skint8	chr4	FALSE	FALSE
Skint9	chr4	FALSE	FALSE
Skiv2l	chr17	FALSE	FALSE
Skor1	chr9	FALSE	FALSE
Skor2	chr18	FALSE	FALSE
Skp1a	chr11	FALSE	FALSE
Skp2	chr15	FALSE	FALSE
Sla	chr15	FALSE	FALSE
Sla2	chr2	FALSE	FALSE
Slain1	chr14	FALSE	FALSE
Slain2	chr5	FALSE	FALSE
Slamf1	chr1	FALSE	FALSE
Slamf6	chr1	FALSE	TRUE
Slamf7	chr1	TRUE	FALSE
Slamf8	chr1	FALSE	FALSE
Slamf9	chr1	TRUE	FALSE
Slbp	chr5	FALSE	FALSE
Slc10a1	chr12	TRUE	TRUE
Slc10a2	chr8	FALSE	FALSE
Slc10a3	chrX	FALSE	FALSE
Slc10a4	chr5	TRUE	FALSE
Slc10a4l	chr5	FALSE	FALSE
Slc10a6	chr5	FALSE	FALSE
Slc10a7	chr8	TRUE	TRUE
Slc11a1	chr1	TRUE	FALSE
Slc11a2	chr15	FALSE	FALSE
Slc12a1	chr2	FALSE	FALSE
Slc12a2	chr18	FALSE	FALSE
Slc12a3	chr8	TRUE	TRUE
Slc12a4	chr8	TRUE	FALSE
Slc12a5	chr2	TRUE	TRUE
Slc12a6	chr2	FALSE	TRUE
Slc12a7	chr13	FALSE	FALSE
Slc12a8	chr16	FALSE	TRUE
Slc12a9	chr5	TRUE	FALSE
Slc13a1	chr6	FALSE	FALSE
Slc13a2	chr11	FALSE	FALSE
Slc13a3	chr2	FALSE	TRUE
Slc13a4	chr6	FALSE	FALSE
Slc13a5	chr11	FALSE	FALSE
Slc14a1	chr18	TRUE	TRUE
Slc14a2	chr18	FALSE	FALSE
Slc15a1	chr14	TRUE	TRUE
Slc15a2	chr16	FALSE	FALSE
Slc15a3	chr19	FALSE	FALSE
Slc15a4	chr5	FALSE	FALSE
Slc15a5	chr6	FALSE	FALSE
Slc16a1	chr3	FALSE	FALSE
Slc16a10	chr10	FALSE	FALSE
Slc16a11	chr11	FALSE	FALSE
Slc16a12	chr19	FALSE	FALSE
Slc16a13	chr11	FALSE	FALSE
Slc16a14	chr1	TRUE	TRUE
Slc16a2	chrX	FALSE	TRUE
Slc16a3	chr11	FALSE	FALSE
Slc16a4	chr3	FALSE	FALSE
Slc16a5	chr11	TRUE	FALSE
Slc16a6	chr11	FALSE	FALSE
Slc16a7	chr10	FALSE	TRUE
Slc16a8	chr15	TRUE	FALSE
Slc16a9	chr10	TRUE	TRUE
Slc17a1	chr13	FALSE	FALSE
Slc17a2	chr13	FALSE	FALSE
Slc17a3	chr13	FALSE	FALSE
Slc17a4	chr13	FALSE	FALSE
Slc17a5	chr9	FALSE	FALSE
Slc17a6	chr7	TRUE	TRUE
Slc17a7	chr7	FALSE	FALSE
Slc17a8	chr10	FALSE	TRUE
Slc17a9	chr2	FALSE	FALSE
Slc18a1	chr8	TRUE	TRUE
Slc18a2	chr19	FALSE	FALSE
Slc18b1	chr10	FALSE	FALSE
Slc19a1	chr10	FALSE	FALSE
Slc19a2	chr1	FALSE	FALSE
Slc19a3	chr1	FALSE	FALSE
Slc1a1	chr19	TRUE	TRUE
Slc1a2	chr2	FALSE	FALSE
Slc1a3	chr15	TRUE	TRUE
Slc1a4	chr11	TRUE	TRUE
Slc1a5	chr7	TRUE	TRUE
Slc1a6	chr10	FALSE	FALSE
Slc1a7	chr4	TRUE	TRUE
Slc20a1	chr2	FALSE	FALSE
Slc20a2	chr8	FALSE	TRUE
Slc22a1	chr17	TRUE	TRUE
Slc22a12	chr19	TRUE	FALSE
Slc22a13	chr9	TRUE	FALSE
Slc22a14	chr9	FALSE	TRUE
Slc22a15	chr3	FALSE	FALSE
Slc22a16	chr10	TRUE	TRUE
Slc22a17	chr14	TRUE	FALSE
Slc22a18	chr7	TRUE	FALSE
Slc22a19	chr19	FALSE	TRUE
Slc22a2	chr17	FALSE	FALSE
Slc22a20	chr19	FALSE	FALSE
Slc22a21	chr11	TRUE	FALSE
Slc22a22	chr15	FALSE	TRUE
Slc22a23	chr13	TRUE	TRUE
Slc22a26	chr19	TRUE	TRUE
Slc22a27	chr19	FALSE	FALSE
Slc22a28	chr19	FALSE	FALSE
Slc22a29	chr19	FALSE	FALSE
Slc22a3	chr17	FALSE	FALSE
Slc22a30	chr19	FALSE	FALSE
Slc22a4	chr11	FALSE	FALSE
Slc22a5	chr11	FALSE	FALSE
Slc22a6	chr19	TRUE	FALSE
Slc22a7	chr17	TRUE	FALSE
Slc22a8	chr19	FALSE	FALSE
Slc23a1	chr18	TRUE	FALSE
Slc23a2	chr2	TRUE	TRUE
Slc23a3	chr1	FALSE	FALSE
Slc23a4	chr6	FALSE	FALSE
Slc24a1	chr9	FALSE	FALSE
Slc24a2	chr4	TRUE	TRUE
Slc24a3	chr2	FALSE	FALSE
Slc24a4	chr12	TRUE	TRUE
Slc24a5	chr2	FALSE	FALSE
Slc25a1	chr16	FALSE	FALSE
Slc25a10	chr11	FALSE	TRUE
Slc25a11	chr11	FALSE	FALSE
Slc25a12	chr2	TRUE	TRUE
Slc25a13	chr6	FALSE	FALSE
Slc25a14	chrX	FALSE	FALSE
Slc25a15	chr8	TRUE	TRUE
Slc25a16	chr10	FALSE	FALSE
Slc25a17	chr15	TRUE	TRUE
Slc25a18	chr6	TRUE	TRUE
Slc25a19	chr11	TRUE	FALSE
Slc25a20	chr9	TRUE	TRUE
Slc25a21	chr12	FALSE	TRUE
Slc25a22	chr7	FALSE	FALSE
Slc25a23	chr17	TRUE	TRUE
Slc25a24	chr3	TRUE	TRUE
Slc25a25	chr2	FALSE	FALSE
Slc25a26	chr6	TRUE	TRUE
Slc25a27	chr17	FALSE	FALSE
Slc25a28	chr19	FALSE	FALSE
Slc25a29	chr12	FALSE	FALSE
Slc25a3	chr10	FALSE	FALSE
Slc25a30	chr14	FALSE	FALSE
Slc25a31	chr3	FALSE	FALSE
Slc25a32	chr15	FALSE	FALSE
Slc25a33	chr4	FALSE	FALSE
Slc25a34	chr4	TRUE	TRUE
Slc25a35	chr11	FALSE	FALSE
Slc25a36	chr9	TRUE	TRUE
Slc25a37	chr14	TRUE	FALSE
Slc25a38	chr9	FALSE	FALSE
Slc25a39	chr11	FALSE	FALSE
Slc25a4	chr8	TRUE	FALSE
Slc25a40	chr5	FALSE	TRUE
Slc25a41	chr17	TRUE	FALSE
Slc25a42	chr8	FALSE	FALSE
Slc25a43	chrX	FALSE	FALSE
Slc25a44	chr3	FALSE	FALSE
Slc25a45	chr19	TRUE	FALSE
Slc25a46	chr18	FALSE	TRUE
Slc25a47	chr12	FALSE	FALSE
Slc25a48	chr13	FALSE	FALSE
Slc25a5	chrX	FALSE	FALSE
Slc25a51	chr4	FALSE	FALSE
Slc25a53	chrX	FALSE	FALSE
Slc25a54	chr3	FALSE	FALSE
Slc26a1	chr5	TRUE	FALSE
Slc26a10	chr10	TRUE	FALSE
Slc26a11	chr11	TRUE	FALSE
Slc26a2	chr18	TRUE	FALSE
Slc26a3	chr12	FALSE	TRUE
Slc26a4	chr12	TRUE	TRUE
Slc26a5	chr5	TRUE	FALSE
Slc26a6	chr9	TRUE	FALSE
Slc26a7	chr4	FALSE	TRUE
Slc26a8	chr17	TRUE	TRUE
Slc26a9	chr1	TRUE	TRUE
Slc27a1	chr8	TRUE	FALSE
Slc27a2	chr2	FALSE	FALSE
Slc27a3	chr3	TRUE	FALSE
Slc27a4	chr2	FALSE	FALSE
Slc27a5	chr7	TRUE	FALSE
Slc27a6	chr18	FALSE	FALSE
Slc28a1	chr7	FALSE	TRUE
Slc28a2	chr2	FALSE	FALSE
Slc28a2b	chr2	FALSE	FALSE
Slc28a3	chr13	TRUE	TRUE
Slc29a1	chr17	FALSE	FALSE
Slc29a2	chr19	FALSE	FALSE
Slc29a3	chr10	TRUE	TRUE
Slc29a4	chr5	FALSE	FALSE
Slc2a1	chr4	TRUE	FALSE
Slc2a10	chr2	FALSE	FALSE
Slc2a12	chr10	FALSE	FALSE
Slc2a13	chr15	TRUE	TRUE
Slc2a2	chr3	FALSE	FALSE
Slc2a3	chr6	FALSE	FALSE
Slc2a4	chr11	FALSE	FALSE
Slc2a5	chr4	TRUE	TRUE
Slc2a6	chr2	TRUE	FALSE
Slc2a7	chr4	TRUE	FALSE
Slc2a8	chr2	FALSE	FALSE
Slc2a9	chr5	TRUE	TRUE
Slc30a1	chr1	FALSE	FALSE
Slc30a10	chr1	TRUE	FALSE
Slc30a2	chr4	TRUE	FALSE
Slc30a3	chr5	TRUE	TRUE
Slc30a4	chr2	FALSE	FALSE
Slc30a5	chr13	FALSE	TRUE
Slc30a6	chr17	FALSE	FALSE
Slc30a7	chr3	FALSE	TRUE
Slc30a8	chr15	FALSE	FALSE
Slc30a9	chr5	TRUE	TRUE
Slc31a1	chr4	TRUE	TRUE
Slc31a2	chr4	TRUE	FALSE
Slc32a1	chr2	FALSE	FALSE
Slc33a1	chr3	FALSE	FALSE
Slc34a1	chr13	TRUE	FALSE
Slc34a2	chr5	TRUE	FALSE
Slc34a3	chr2	FALSE	FALSE
Slc35a1	chr4	TRUE	TRUE
Slc35a2	chrX	FALSE	FALSE
Slc35a3	chr3	FALSE	TRUE
Slc35a4	chr18	TRUE	FALSE
Slc35a5	chr16	FALSE	FALSE
Slc35b1	chr11	TRUE	FALSE
Slc35b2	chr17	TRUE	FALSE
Slc35b3	chr13	FALSE	FALSE
Slc35b4	chr6	FALSE	FALSE
Slc35c1	chr2	FALSE	FALSE
Slc35c2	chr2	FALSE	FALSE
Slc35d1	chr4	FALSE	FALSE
Slc35d2	chr13	FALSE	FALSE
Slc35d3	chr10	FALSE	FALSE
Slc35e1	chr8	TRUE	FALSE
Slc35e2	chr4	FALSE	FALSE
Slc35e3	chr10	FALSE	FALSE
Slc35e4	chr11	FALSE	FALSE
Slc35f1	chr10	FALSE	FALSE
Slc35f2	chr9	TRUE	FALSE
Slc35f3	chr8	TRUE	TRUE
Slc35f4	chr14	FALSE	FALSE
Slc35f5	chr1	FALSE	FALSE
Slc35f6	chr5	FALSE	FALSE
Slc35g1	chr19	FALSE	FALSE
Slc35g2	chr9	FALSE	FALSE
Slc35g3	chr11	FALSE	FALSE
Slc36a1	chr11	TRUE	FALSE
Slc36a2	chr11	TRUE	TRUE
Slc36a3	chr11	FALSE	FALSE
Slc36a4	chr9	TRUE	TRUE
Slc37a1	chr17	FALSE	FALSE
Slc37a2	chr9	TRUE	TRUE
Slc37a3	chr6	FALSE	TRUE
Slc37a4	chr9	TRUE	FALSE
Slc38a1	chr15	FALSE	TRUE
Slc38a10	chr11	FALSE	FALSE
Slc38a11	chr2	FALSE	FALSE
Slc38a2	chr15	TRUE	FALSE
Slc38a3	chr9	FALSE	FALSE
Slc38a4	chr15	FALSE	FALSE
Slc38a5	chrX	FALSE	FALSE
Slc38a6	chr12	TRUE	TRUE
Slc38a7	chr8	FALSE	FALSE
Slc38a8	chr8	FALSE	FALSE
Slc38a9	chr13	FALSE	FALSE
Slc39a1	chr3	FALSE	FALSE
Slc39a10	chr1	TRUE	TRUE
Slc39a11	chr11	TRUE	TRUE
Slc39a12	chr2	FALSE	FALSE
Slc39a13	chr2	FALSE	FALSE
Slc39a14	chr14	TRUE	TRUE
Slc39a2	chr14	FALSE	FALSE
Slc39a3	chr10	FALSE	FALSE
Slc39a4	chr15	FALSE	FALSE
Slc39a5	chr10	TRUE	FALSE
Slc39a6	chr18	FALSE	FALSE
Slc39a7	chr17	FALSE	FALSE
Slc39a8	chr3	FALSE	FALSE
Slc39a9	chr12	TRUE	TRUE
Slc3a1	chr17	TRUE	TRUE
Slc3a2	chr19	FALSE	FALSE
Slc40a1	chr1	FALSE	FALSE
Slc41a1	chr1	TRUE	FALSE
Slc41a2	chr10	TRUE	TRUE
Slc41a3	chr6	TRUE	TRUE
Slc43a1	chr2	FALSE	FALSE
Slc43a2	chr11	TRUE	TRUE
Slc43a3	chr2	TRUE	FALSE
Slc44a1	chr4	TRUE	TRUE
Slc44a2	chr9	TRUE	FALSE
Slc44a3	chr3	TRUE	TRUE
Slc44a4	chr17	FALSE	FALSE
Slc44a5	chr3	FALSE	TRUE
Slc45a1	chr4	FALSE	FALSE
Slc45a2	chr15	FALSE	FALSE
Slc45a3	chr1	TRUE	TRUE
Slc45a4	chr15	TRUE	TRUE
Slc46a1	chr11	FALSE	FALSE
Slc46a2	chr4	TRUE	FALSE
Slc46a3	chr5	FALSE	FALSE
Slc47a1	chr11	TRUE	TRUE
Slc47a2	chr11	TRUE	FALSE
Slc48a1	chr15	FALSE	FALSE
Slc49a4	chr16	TRUE	TRUE
Slc4a1	chr11	TRUE	FALSE
Slc4a10	chr2	TRUE	TRUE
Slc4a11	chr2	FALSE	FALSE
Slc4a1ap	chr5	FALSE	FALSE
Slc4a2	chr5	TRUE	TRUE
Slc4a3	chr1	TRUE	FALSE
Slc4a4	chr5	TRUE	TRUE
Slc4a5	chr6	FALSE	TRUE
Slc4a7	chr14	FALSE	TRUE
Slc4a8	chr15	TRUE	TRUE
Slc4a9	chr18	TRUE	FALSE
Slc50a1	chr3	TRUE	FALSE
Slc51a	chr16	FALSE	FALSE
Slc51b	chr9	TRUE	TRUE
Slc52a2	chr15	FALSE	FALSE
Slc52a3	chr2	FALSE	FALSE
Slc5a1	chr5	FALSE	FALSE
Slc5a10	chr11	TRUE	TRUE
Slc5a11	chr7	TRUE	TRUE
Slc5a12	chr2	FALSE	TRUE
Slc5a2	chr7	FALSE	FALSE
Slc5a3	chr16	FALSE	FALSE
Slc5a4a	chr10	FALSE	FALSE
Slc5a4b	chr10	FALSE	FALSE
Slc5a5	chr8	TRUE	FALSE
Slc5a6	chr5	FALSE	FALSE
Slc5a7	chr17	FALSE	FALSE
Slc5a8	chr10	FALSE	FALSE
Slc5a9	chr4	FALSE	FALSE
Slc66a2	chr18	TRUE	TRUE
Slc6a1	chr6	FALSE	FALSE
Slc6a11	chr6	FALSE	FALSE
Slc6a12	chr6	TRUE	TRUE
Slc6a13	chr6	TRUE	TRUE
Slc6a14	chrX	FALSE	FALSE
Slc6a15	chr10	FALSE	FALSE
Slc6a16	chr7	FALSE	FALSE
Slc6a17	chr3	FALSE	FALSE
Slc6a18	chr13	FALSE	FALSE
Slc6a19	chr13	FALSE	FALSE
Slc6a2	chr8	FALSE	FALSE
Slc6a20a	chr9	FALSE	TRUE
Slc6a20b	chr9	FALSE	TRUE
Slc6a21	chr7	TRUE	FALSE
Slc6a3	chr13	FALSE	FALSE
Slc6a4	chr11	FALSE	FALSE
Slc6a5	chr7	FALSE	FALSE
Slc6a6	chr6	TRUE	TRUE
Slc6a7	chr18	FALSE	FALSE
Slc6a8	chrX	FALSE	FALSE
Slc6a9	chr4	TRUE	TRUE
Slc7a1	chr5	TRUE	TRUE
Slc7a10	chr7	TRUE	FALSE
Slc7a11	chr3	FALSE	FALSE
Slc7a12	chr3	FALSE	FALSE
Slc7a13	chr4	FALSE	FALSE
Slc7a14	chr3	TRUE	TRUE
Slc7a15	chr12	FALSE	FALSE
Slc7a2	chr8	FALSE	FALSE
Slc7a3	chrX	TRUE	FALSE
Slc7a4	chr16	TRUE	FALSE
Slc7a5	chr8	FALSE	FALSE
Slc7a6	chr8	FALSE	FALSE
Slc7a6os	chr8	TRUE	FALSE
Slc7a7	chr14	TRUE	TRUE
Slc7a8	chr14	FALSE	FALSE
Slc7a9	chr7	FALSE	FALSE
Slc8a1	chr17	FALSE	TRUE
Slc8a2	chr7	FALSE	FALSE
Slc8a3	chr12	TRUE	TRUE
Slc8b1	chr5	TRUE	FALSE
Slc9a1	chr4	TRUE	FALSE
Slc9a2	chr1	TRUE	TRUE
Slc9a3	chr13	FALSE	FALSE
Slc9a3r1	chr11	TRUE	FALSE
Slc9a3r2	chr17	FALSE	FALSE
Slc9a4	chr1	FALSE	FALSE
Slc9a5	chr8	FALSE	FALSE
Slc9a6	chrX	TRUE	FALSE
Slc9a7	chrX	FALSE	TRUE
Slc9a8	chr2	FALSE	FALSE
Slc9a9	chr9	TRUE	TRUE
Slc9b1	chr3	TRUE	FALSE
Slc9b2	chr3	FALSE	FALSE
Slc9c1	chr16	FALSE	FALSE
Slco1a1	chr6	FALSE	TRUE
Slco1a4	chr6	FALSE	FALSE
Slco1a5	chr6	FALSE	FALSE
Slco1a6	chr6	FALSE	FALSE
Slco1b2	chr6	TRUE	TRUE
Slco1c1	chr6	TRUE	TRUE
Slco2a1	chr9	TRUE	TRUE
Slco2b1	chr7	TRUE	TRUE
Slco3a1	chr7	FALSE	FALSE
Slco4a1	chr2	TRUE	TRUE
Slco4c1	chr1	FALSE	TRUE
Slco5a1	chr1	FALSE	FALSE
Slco6c1	chr1	FALSE	TRUE
Slco6d1	chr1	FALSE	FALSE
Slf1	chr13	FALSE	FALSE
Slf2	chr19	FALSE	FALSE
Slfn1	chr11	TRUE	FALSE
Slfn14	chr11	TRUE	FALSE
Slfn2	chr11	TRUE	FALSE
Slfn3	chr11	FALSE	FALSE
Slfn4	chr11	FALSE	FALSE
Slfn5	chr11	TRUE	FALSE
Slfn8	chr11	TRUE	FALSE
Slfn9	chr11	TRUE	TRUE
Slfnl1	chr4	TRUE	FALSE
Slirp	chr12	FALSE	FALSE
Slit1	chr19	FALSE	FALSE
Slit2	chr5	FALSE	TRUE
Slit3	chr11	FALSE	TRUE
Slitrk2	chrX	FALSE	FALSE
Slitrk3	chr3	FALSE	FALSE
Slitrk4	chrX	FALSE	FALSE
Slitrk5	chr14	TRUE	FALSE
Slitrk6	chr14	FALSE	FALSE
Slk	chr19	FALSE	FALSE
Slmap	chr14	TRUE	TRUE
Sln	chr9	FALSE	FALSE
Slpi	chr2	FALSE	FALSE
Sltm	chr9	FALSE	FALSE
Slu7	chr11	FALSE	FALSE
Slurp1	chr15	FALSE	FALSE
Slurp2	chr15	FALSE	FALSE
Slx	chrX	FALSE	FALSE
Slx1b	chr7	FALSE	FALSE
Slx4	chr16	FALSE	FALSE
Slx4ip	chr2	FALSE	FALSE
Slxl1	chrX	FALSE	FALSE
Smad1	chr8	TRUE	TRUE
Smad2	chr18	FALSE	FALSE
Smad3	chr9	TRUE	TRUE
Smad4	chr18	TRUE	FALSE
Smad5	chr13	FALSE	FALSE
Smad6	chr9	TRUE	TRUE
Smad7	chr18	FALSE	FALSE
Smad9	chr3	FALSE	FALSE
Smagp	chr15	TRUE	TRUE
Smap1	chr1	FALSE	FALSE
Smap2	chr4	TRUE	TRUE
Smarca1	chrX	FALSE	TRUE
Smarca2	chr19	TRUE	TRUE
Smarca4	chr9	TRUE	TRUE
Smarca5	chr8	TRUE	TRUE
Smarcad1	chr6	FALSE	TRUE
Smarcal1	chr1	TRUE	TRUE
Smarcb1	chr10	TRUE	FALSE
Smarcc1	chr9	FALSE	FALSE
Smarcc2	chr10	TRUE	TRUE
Smarcd1	chr15	FALSE	FALSE
Smarcd2	chr11	FALSE	FALSE
Smarcd3	chr5	TRUE	TRUE
Smarce1	chr11	FALSE	FALSE
Smbd1	chr16	FALSE	FALSE
Smc1a	chrX	TRUE	FALSE
Smc1b	chr15	TRUE	TRUE
Smc2	chr4	FALSE	FALSE
Smc3	chr19	FALSE	FALSE
Smc4	chr3	FALSE	FALSE
Smc5	chr19	FALSE	TRUE
Smc6	chr12	FALSE	FALSE
Smchd1	chr17	FALSE	TRUE
Smco1	chr16	FALSE	FALSE
Smco2	chr6	TRUE	FALSE
Smco3	chr6	FALSE	FALSE
Smco4	chr9	TRUE	FALSE
Smcp	chr3	FALSE	FALSE
Smcr8	chr11	FALSE	FALSE
Smdt1	chr15	FALSE	FALSE
Smg1	chr7	FALSE	TRUE
Smg5	chr3	TRUE	FALSE
Smg6	chr11	TRUE	TRUE
Smg7	chr1	FALSE	FALSE
Smg8	chr11	FALSE	FALSE
Smg9	chr7	TRUE	FALSE
Smgc	chr15	FALSE	FALSE
Smim10l1	chr6	TRUE	FALSE
Smim10l2a	chrX	FALSE	FALSE
Smim11	chr16	TRUE	FALSE
Smim12	chr4	TRUE	FALSE
Smim13	chr13	FALSE	FALSE
Smim14	chr5	FALSE	TRUE
Smim15	chr13	FALSE	FALSE
Smim17	chr7	FALSE	FALSE
Smim18	chr8	FALSE	FALSE
Smim19	chr8	FALSE	FALSE
Smim20	chr5	FALSE	FALSE
Smim22	chr16	FALSE	FALSE
Smim23	chr11	TRUE	FALSE
Smim24	chr10	FALSE	FALSE
Smim26	chr2	FALSE	FALSE
Smim27	chr4	FALSE	FALSE
Smim3	chr18	FALSE	FALSE
Smim31	chr8	FALSE	FALSE
Smim38	chr7	FALSE	FALSE
Smim4	chr14	FALSE	FALSE
Smim40	chr17	FALSE	FALSE
Smim41	chr15	FALSE	FALSE
Smim5	chr11	TRUE	TRUE
Smim6	chr11	TRUE	FALSE
Smim7	chr8	FALSE	FALSE
Smim8	chr4	TRUE	FALSE
Smim9	chrX	FALSE	FALSE
Smlr1	chr10	TRUE	FALSE
Smn1	chr13	FALSE	FALSE
Smndc1	chr19	FALSE	FALSE
Smo	chr6	TRUE	FALSE
Smoc1	chr12	FALSE	FALSE
Smoc2	chr17	FALSE	FALSE
Smok2a	chr17	FALSE	FALSE
Smok2b	chr17	FALSE	FALSE
Smok3c	chr5	FALSE	FALSE
Smox	chr2	FALSE	FALSE
Smpd1	chr7	FALSE	FALSE
Smpd2	chr10	FALSE	FALSE
Smpd3	chr8	TRUE	TRUE
Smpd4	chr16	FALSE	FALSE
Smpd5	chr15	TRUE	FALSE
Smpdl3a	chr10	TRUE	TRUE
Smpdl3b	chr4	FALSE	FALSE
Smpx	chrX	FALSE	FALSE
Smr2	chr5	FALSE	FALSE
Smr3a	chr5	TRUE	FALSE
Sms	chrX	FALSE	FALSE
Smtn	chr11	TRUE	FALSE
Smtnl1	chr2	TRUE	TRUE
Smtnl2	chr11	TRUE	FALSE
Smu1	chr4	FALSE	FALSE
Smug1	chr15	FALSE	FALSE
Smurf1	chr5	TRUE	TRUE
Smurf2	chr11	TRUE	TRUE
Smyd1	chr6	FALSE	FALSE
Smyd2	chr1	FALSE	FALSE
Smyd3	chr1	FALSE	FALSE
Smyd4	chr11	FALSE	FALSE
Smyd5	chr6	FALSE	TRUE
Snai1	chr2	TRUE	FALSE
Snai2	chr16	FALSE	FALSE
Snai3	chr8	FALSE	FALSE
Snap23	chr2	FALSE	FALSE
Snap25	chr2	FALSE	FALSE
Snap29	chr16	TRUE	FALSE
Snap47	chr11	FALSE	FALSE
Snap91	chr9	FALSE	TRUE
Snapc1	chr12	FALSE	FALSE
Snapc1l	chr12	FALSE	FALSE
Snapc2	chr8	FALSE	FALSE
Snapc3	chr4	FALSE	FALSE
Snapc4	chr2	FALSE	FALSE
Snapc5	chr9	FALSE	FALSE
Snapin	chr3	TRUE	FALSE
Snca	chr6	FALSE	FALSE
Sncaip	chr18	FALSE	FALSE
Sncb	chr13	FALSE	FALSE
Sncg	chr14	TRUE	FALSE
Snd1	chr6	FALSE	FALSE
Sned1	chr1	TRUE	FALSE
Snf8	chr11	TRUE	FALSE
Snhg11	chr2	FALSE	FALSE
Snhg4	chr18	FALSE	FALSE
Snip1	chr4	FALSE	FALSE
Snn	chr16	TRUE	FALSE
Snorc	chr1	TRUE	FALSE
Snph	chr2	TRUE	TRUE
Snrk	chr9	FALSE	FALSE
Snrnp200	chr2	TRUE	FALSE
Snrnp25	chr11	FALSE	FALSE
Snrnp27	chr6	FALSE	FALSE
Snrnp35	chr5	FALSE	FALSE
Snrnp40	chr4	TRUE	FALSE
Snrnp48	chr13	FALSE	FALSE
Snrnp70	chr7	FALSE	FALSE
Snrpa	chr7	FALSE	FALSE
Snrpa1	chr7	FALSE	FALSE
Snrpb	chr2	FALSE	FALSE
Snrpb2	chr2	FALSE	FALSE
Snrpc	chr17	FALSE	FALSE
Snrpd1	chr18	FALSE	FALSE
Snrpd2	chr7	FALSE	FALSE
Snrpd3	chr10	FALSE	FALSE
Snrpe	chr1	FALSE	FALSE
Snrpf	chr10	TRUE	FALSE
Snrpg	chr6	FALSE	FALSE
Snrpn	chr7	FALSE	FALSE
Snta1	chr2	TRUE	FALSE
Sntb1	chr15	FALSE	FALSE
Sntb2	chr8	TRUE	TRUE
Sntg1	chr1	FALSE	TRUE
Sntg2	chr12	FALSE	TRUE
Sntn	chr14	FALSE	FALSE
Snu13	chr15	TRUE	FALSE
Snupn	chr9	FALSE	TRUE
Snurf	chr7	FALSE	FALSE
Snw1	chr12	FALSE	FALSE
Snx1	chr9	FALSE	FALSE
Snx10	chr6	FALSE	FALSE
Snx11	chr11	FALSE	FALSE
Snx12	chrX	FALSE	TRUE
Snx13	chr12	FALSE	FALSE
Snx14	chr9	FALSE	FALSE
Snx15	chr19	FALSE	FALSE
Snx16	chr3	FALSE	FALSE
Snx17	chr5	FALSE	FALSE
Snx18	chr13	FALSE	FALSE
Snx19	chr9	FALSE	FALSE
Snx2	chr18	TRUE	TRUE
Snx20	chr8	FALSE	FALSE
Snx21	chr2	FALSE	FALSE
Snx22	chr9	TRUE	FALSE
Snx24	chr18	FALSE	TRUE
Snx25	chr8	FALSE	TRUE
Snx27	chr3	FALSE	TRUE
Snx29	chr16	TRUE	TRUE
Snx3	chr10	TRUE	TRUE
Snx30	chr4	FALSE	FALSE
Snx31	chr15	FALSE	FALSE
Snx32	chr19	TRUE	FALSE
Snx33	chr9	FALSE	FALSE
Snx4	chr16	FALSE	FALSE
Snx5	chr2	FALSE	FALSE
Snx6	chr12	TRUE	TRUE
Snx7	chr3	FALSE	FALSE
Snx8	chr5	TRUE	TRUE
Snx9	chr17	TRUE	TRUE
Soat1	chr1	TRUE	TRUE
Soat2	chr15	TRUE	FALSE
Sobp	chr10	TRUE	TRUE
Socs1	chr16	TRUE	FALSE
Socs2	chr10	TRUE	TRUE
Socs3	chr11	FALSE	FALSE
Socs4	chr14	FALSE	FALSE
Socs5	chr17	FALSE	FALSE
Socs6	chr18	FALSE	TRUE
Socs7	chr11	FALSE	FALSE
Sod1	chr16	TRUE	FALSE
Sod2	chr17	FALSE	FALSE
Sod3	chr5	FALSE	FALSE
Soga1	chr2	FALSE	TRUE
Soga3	chr10	FALSE	FALSE
Sohlh1	chr2	TRUE	FALSE
Sohlh2	chr3	TRUE	TRUE
Son	chr16	TRUE	TRUE
Sorbs1	chr19	TRUE	TRUE
Sorbs2	chr8	FALSE	TRUE
Sorbs3	chr14	TRUE	TRUE
Sorcs1	chr19	FALSE	FALSE
Sorcs2	chr5	TRUE	TRUE
Sorcs3	chr19	FALSE	FALSE
Sord	chr2	FALSE	FALSE
Sorl1	chr9	FALSE	TRUE
Sort1	chr3	FALSE	FALSE
Sos1	chr17	FALSE	FALSE
Sos2	chr12	FALSE	TRUE
Sost	chr11	TRUE	FALSE
Sostdc1	chr12	TRUE	TRUE
Sox10	chr15	TRUE	FALSE
Sox13	chr1	TRUE	TRUE
Sox15	chr11	TRUE	FALSE
Sox17	chr1	TRUE	FALSE
Sox18	chr2	TRUE	FALSE
Sox30	chr11	FALSE	FALSE
Sox5	chr6	FALSE	FALSE
Sox6	chr7	FALSE	FALSE
Sox7	chr14	TRUE	FALSE
Sox8	chr17	TRUE	TRUE
Sox9	chr11	TRUE	FALSE
Sp1	chr15	FALSE	FALSE
Sp100	chr1	FALSE	FALSE
Sp110	chr1	FALSE	FALSE
Sp140	chr1	FALSE	FALSE
Sp2	chr11	FALSE	FALSE
Sp3	chr2	FALSE	FALSE
Sp4	chr12	FALSE	TRUE
Sp5	chr2	FALSE	FALSE
Sp6	chr11	TRUE	FALSE
Sp7	chr15	TRUE	FALSE
Sp8	chr12	TRUE	FALSE
Sp9	chr2	TRUE	FALSE
Spa17	chr9	FALSE	FALSE
Spaar	chr4	FALSE	TRUE
Spaca1	chr4	FALSE	FALSE
Spaca3	chr11	TRUE	TRUE
Spaca5	chrX	FALSE	FALSE
Spaca6	chr17	FALSE	FALSE
Spaca7	chr8	TRUE	FALSE
Spaca9	chr2	FALSE	FALSE
Spag1	chr15	FALSE	FALSE
Spag11a	chr8	FALSE	FALSE
Spag11b	chr8	TRUE	FALSE
Spag16	chr1	FALSE	FALSE
Spag17	chr3	FALSE	FALSE
Spag4	chr2	TRUE	FALSE
Spag5	chr11	TRUE	FALSE
Spag6	chr2	TRUE	TRUE
Spag6l	chr16	FALSE	TRUE
Spag7	chr11	FALSE	FALSE
Spag8	chr4	FALSE	FALSE
Spag9	chr11	FALSE	TRUE
Spam1	chr6	FALSE	FALSE
Sparc	chr11	TRUE	TRUE
Sparcl1	chr5	FALSE	FALSE
Spast	chr17	FALSE	FALSE
Spata1	chr3	TRUE	TRUE
Spata13	chr14	FALSE	FALSE
Spata16	chr3	FALSE	FALSE
Spata17	chr1	FALSE	FALSE
Spata18	chr5	TRUE	TRUE
Spata19	chr9	TRUE	FALSE
Spata2	chr2	FALSE	FALSE
Spata20	chr11	FALSE	FALSE
Spata21	chr4	FALSE	FALSE
Spata22	chr11	FALSE	FALSE
Spata24	chr18	TRUE	FALSE
Spata25	chr2	FALSE	FALSE
Spata2l	chr8	FALSE	FALSE
Spata3	chr1	TRUE	FALSE
Spata31	chr13	TRUE	FALSE
Spata31d1a	chr13	TRUE	TRUE
Spata31d1b	chr13	TRUE	FALSE
Spata31d1c	chr13	TRUE	FALSE
Spata31d1d	chr13	TRUE	FALSE
Spata32	chr11	FALSE	FALSE
Spata33	chr8	TRUE	FALSE
Spata4	chr8	TRUE	FALSE
Spata45	chr1	TRUE	TRUE
Spata46	chr1	FALSE	FALSE
Spata48	chr11	FALSE	FALSE
Spata5	chr3	TRUE	TRUE
Spata6	chr4	FALSE	FALSE
Spata7	chr12	TRUE	TRUE
Spata9	chr13	FALSE	FALSE
Spatc1	chr15	FALSE	FALSE
Spatc1l	chr10	FALSE	FALSE
Spats1	chr17	FALSE	FALSE
Spats2	chr15	TRUE	TRUE
Spats2l	chr1	FALSE	FALSE
Spc24	chr9	FALSE	FALSE
Spc25	chr2	FALSE	FALSE
Spcs1	chr14	FALSE	FALSE
Spcs2	chr7	FALSE	FALSE
Spcs3	chr8	FALSE	FALSE
Spdef	chr17	TRUE	FALSE
Spdl1	chr11	FALSE	FALSE
Spdya	chr17	FALSE	FALSE
Spdye4a	chr5	FALSE	FALSE
Spdye4b	chr5	FALSE	FALSE
Spdye4c	chr2	FALSE	FALSE
Specc1	chr11	TRUE	TRUE
Specc1l	chr10	TRUE	TRUE
Speer1	chr5	TRUE	TRUE
Speer2	chr16	TRUE	FALSE
Speer3	chr5	TRUE	FALSE
Speer4a	chr5	FALSE	FALSE
Speer4b	chr5	TRUE	TRUE
Speer4c	chr5	TRUE	FALSE
Speer4d	chr5	FALSE	FALSE
Speer4e	chr5	FALSE	FALSE
Speer4f1	chr5	FALSE	FALSE
Speer4f2	chr5	TRUE	FALSE
Spef1	chr2	FALSE	FALSE
Spef1l	chr7	FALSE	FALSE
Spef2	chr15	FALSE	FALSE
Speg	chr1	FALSE	FALSE
Spem1	chr11	TRUE	FALSE
Spem2	chr11	FALSE	FALSE
Spen	chr4	TRUE	TRUE
Spertl	chr14	FALSE	FALSE
Spesp1	chr9	FALSE	FALSE
Spg11	chr2	FALSE	TRUE
Spg20	chr3	FALSE	FALSE
Spg21	chr9	FALSE	FALSE
Spg7	chr8	FALSE	FALSE
Sphk1	chr11	FALSE	FALSE
Sphk2	chr7	TRUE	FALSE
Sphkap	chr1	FALSE	TRUE
Spi1	chr2	TRUE	TRUE
Spib	chr7	TRUE	FALSE
Spic	chr10	TRUE	FALSE
Spice1	chr16	FALSE	FALSE
Spidr	chr16	FALSE	FALSE
Spin1	chr13	TRUE	TRUE
Spin2c	chrX	FALSE	FALSE
Spin2f	chrX	FALSE	FALSE
Spindoc	chr19	TRUE	TRUE
Spink1	chr18	TRUE	FALSE
Spink10	chr18	FALSE	TRUE
Spink11	chr18	FALSE	FALSE
Spink12	chr18	TRUE	FALSE
Spink13	chr18	FALSE	TRUE
Spink14	chr18	FALSE	FALSE
Spink2	chr5	FALSE	FALSE
Spink4	chr4	FALSE	FALSE
Spink5	chr18	FALSE	FALSE
Spink6	chr18	FALSE	FALSE
Spink7	chr18	FALSE	FALSE
Spink8	chr9	FALSE	FALSE
Spinkl	chr18	TRUE	FALSE
Spint1	chr2	FALSE	FALSE
Spint2	chr7	FALSE	FALSE
Spint3	chr2	TRUE	TRUE
Spint4	chr2	FALSE	FALSE
Spint5	chr2	FALSE	FALSE
Spire1	chr18	TRUE	TRUE
Spire2	chr8	TRUE	FALSE
Spn	chr7	FALSE	FALSE
Spns1	chr7	TRUE	FALSE
Spns2	chr11	FALSE	FALSE
Spns3	chr11	TRUE	TRUE
Spo11	chr2	TRUE	FALSE
Spocd1	chr4	TRUE	TRUE
Spock1	chr13	TRUE	TRUE
Spock2	chr10	FALSE	FALSE
Spock3	chr8	FALSE	FALSE
Spon1	chr7	FALSE	FALSE
Spon2	chr5	TRUE	TRUE
Spop	chr11	TRUE	TRUE
Spopfm1	chr3	FALSE	FALSE
Spopfm2	chr3	FALSE	FALSE
Spopl	chr2	TRUE	TRUE
Spout1	chr2	FALSE	FALSE
Spp1	chr5	FALSE	FALSE
Spp2	chr1	FALSE	FALSE
Sppl2a	chr2	FALSE	FALSE
Sppl2b	chr10	TRUE	FALSE
Sppl2c	chr11	TRUE	FALSE
Sppl3	chr5	FALSE	TRUE
Spr	chr6	TRUE	FALSE
Spred1	chr2	FALSE	FALSE
Spred2	chr11	FALSE	TRUE
Spred3	chr7	TRUE	FALSE
Sprn	chr7	FALSE	FALSE
Sprr1a	chr3	FALSE	FALSE
Sprr1b	chr3	FALSE	FALSE
Sprr2a1	chr3	TRUE	FALSE
Sprr2a2	chr3	FALSE	FALSE
Sprr2a3	chr3	TRUE	FALSE
Sprr2b	chr3	FALSE	FALSE
Sprr2d	chr3	FALSE	FALSE
Sprr2e	chr3	FALSE	FALSE
Sprr2f	chr3	FALSE	FALSE
Sprr2h	chr3	TRUE	FALSE
Sprr2i	chr3	FALSE	FALSE
Sprr2j-ps	chr3	FALSE	FALSE
Sprr2k	chr3	FALSE	FALSE
Sprr3	chr3	TRUE	FALSE
Sprtn	chr8	TRUE	FALSE
Spry1	chr3	TRUE	FALSE
Spry2	chr14	FALSE	FALSE
Spry4	chr18	TRUE	FALSE
Spryd3	chr15	FALSE	FALSE
Spryd4	chr10	FALSE	FALSE
Spryd7	chr14	FALSE	FALSE
Spsb1	chr4	TRUE	TRUE
Spsb2	chr6	FALSE	FALSE
Spsb3	chr17	TRUE	TRUE
Spsb4	chr9	TRUE	TRUE
Spta1	chr1	FALSE	FALSE
Sptan1	chr2	FALSE	TRUE
Sptb	chr12	FALSE	TRUE
Sptbn1	chr11	TRUE	TRUE
Sptbn2	chr19	FALSE	FALSE
Sptbn4	chr7	TRUE	TRUE
Sptbn5	chr2	TRUE	TRUE
Sptlc1	chr13	TRUE	TRUE
Sptlc2	chr12	TRUE	TRUE
Sptlc3	chr2	FALSE	TRUE
Sptssa	chr12	FALSE	FALSE
Sptssb	chr3	FALSE	FALSE
Spty2d1	chr7	FALSE	FALSE
Spx	chr6	FALSE	FALSE
Sqle	chr15	FALSE	FALSE
Sqor	chr2	FALSE	FALSE
Sqstm1	chr11	FALSE	FALSE
Sra1	chr18	FALSE	FALSE
Srarp	chr4	TRUE	TRUE
Srbd1	chr17	TRUE	TRUE
Src	chr2	TRUE	TRUE
Srcap	chr7	FALSE	FALSE
Srcin1	chr11	TRUE	TRUE
Srd5a1	chr13	FALSE	FALSE
Srd5a2	chr17	TRUE	FALSE
Srd5a3	chr5	FALSE	FALSE
Srebf1	chr11	TRUE	TRUE
Srebf2	chr15	FALSE	FALSE
Srek1	chr13	FALSE	FALSE
Srek1ip1	chr13	TRUE	TRUE
Srf	chr17	FALSE	FALSE
Srfbp1	chr18	FALSE	TRUE
Srgap1	chr10	FALSE	FALSE
Srgap2	chr1	TRUE	TRUE
Srgap3	chr6	TRUE	TRUE
Srgn	chr10	TRUE	TRUE
Sri	chr5	FALSE	FALSE
Srl	chr16	TRUE	FALSE
Srm	chr4	TRUE	FALSE
Srms	chr2	TRUE	FALSE
Srp14	chr2	FALSE	FALSE
Srp19	chr18	FALSE	FALSE
Srp54a	chr12	FALSE	FALSE
Srp54c	chr12	TRUE	FALSE
Srp68	chr11	FALSE	FALSE
Srp72	chr5	FALSE	FALSE
Srp9	chr1	TRUE	FALSE
Srpk1	chr17	FALSE	FALSE
Srpk2	chr5	TRUE	TRUE
Srpk3	chrX	TRUE	FALSE
Srpr	chr9	FALSE	FALSE
Srprb	chr9	TRUE	FALSE
Srpx	chrX	FALSE	FALSE
Srpx2	chrX	FALSE	FALSE
Srr	chr11	TRUE	TRUE
Srrd	chr5	FALSE	FALSE
Srrm1	chr4	TRUE	TRUE
Srrm2	chr17	FALSE	FALSE
Srrm3	chr5	TRUE	TRUE
Srrm4	chr5	TRUE	TRUE
Srrt	chr5	TRUE	FALSE
Srsf1	chr11	FALSE	FALSE
Srsf10	chr4	FALSE	FALSE
Srsf11	chr3	FALSE	FALSE
Srsf12	chr4	FALSE	FALSE
Srsf2	chr11	FALSE	FALSE
Srsf3	chr17	FALSE	FALSE
Srsf4	chr4	TRUE	TRUE
Srsf5	chr12	FALSE	FALSE
Srsf6	chr2	FALSE	FALSE
Srsf7	chr17	FALSE	FALSE
Srsf9	chr5	TRUE	TRUE
Srxn1	chr2	FALSE	FALSE
Ss18	chr18	FALSE	TRUE
Ss18l1	chr2	FALSE	FALSE
Ssb	chr2	FALSE	FALSE
Ssbp1	chr6	FALSE	FALSE
Ssbp2	chr13	TRUE	TRUE
Ssbp3	chr4	FALSE	FALSE
Ssbp4	chr8	TRUE	FALSE
Ssc4d	chr5	FALSE	FALSE
Ssc5d	chr7	FALSE	FALSE
Ssh1	chr5	TRUE	TRUE
Ssh2	chr11	TRUE	TRUE
Ssh3	chr19	TRUE	FALSE
Ssmem1	chr6	FALSE	FALSE
Ssna1	chr2	TRUE	FALSE
Sspn	chr6	FALSE	FALSE
Sspo	chr6	TRUE	TRUE
Ssr1	chr13	FALSE	FALSE
Ssr2	chr3	TRUE	TRUE
Ssr3	chr3	FALSE	FALSE
Ssr4	chrX	FALSE	FALSE
Ssrp1	chr2	FALSE	FALSE
Sst	chr16	TRUE	FALSE
Sstr1	chr12	TRUE	FALSE
Sstr2	chr11	TRUE	FALSE
Sstr3	chr15	FALSE	FALSE
Sstr5	chr17	FALSE	FALSE
Ssu2	chr6	FALSE	FALSE
Ssu72	chr4	FALSE	FALSE
Ssx2ip	chr3	FALSE	FALSE
Ssx9	chrX	FALSE	FALSE
Ssxa1	chrX	FALSE	FALSE
Ssxb1	chrX	FALSE	FALSE
Ssxb10	chrX	FALSE	FALSE
Ssxb2	chrX	FALSE	FALSE
Ssxb3	chrX	FALSE	FALSE
Ssxb5	chrX	FALSE	FALSE
Ssxb6	chrX	FALSE	FALSE
Ssxb8	chrX	TRUE	FALSE
Ssxb9	chrX	FALSE	FALSE
St13	chr15	FALSE	FALSE
St14	chr9	FALSE	FALSE
St18	chr1	FALSE	FALSE
St3gal1	chr15	TRUE	TRUE
St3gal2	chr8	FALSE	FALSE
St3gal3	chr4	TRUE	TRUE
St3gal4	chr9	TRUE	TRUE
St3gal5	chr6	FALSE	FALSE
St3gal6	chr16	FALSE	FALSE
St6gal1	chr16	TRUE	TRUE
St6gal2	chr17	FALSE	FALSE
St6galnac1	chr11	FALSE	FALSE
St6galnac2	chr11	TRUE	TRUE
St6galnac3	chr3	FALSE	FALSE
St6galnac4	chr2	FALSE	FALSE
St6galnac5	chr3	FALSE	FALSE
St6galnac6	chr2	FALSE	FALSE
St7	chr6	FALSE	TRUE
St7l	chr3	FALSE	FALSE
St8sia1	chr6	FALSE	TRUE
St8sia2	chr7	FALSE	FALSE
St8sia3	chr18	FALSE	FALSE
St8sia4	chr1	FALSE	TRUE
St8sia5	chr18	FALSE	TRUE
St8sia6	chr2	FALSE	TRUE
Stab1	chr14	TRUE	TRUE
Stab2	chr10	FALSE	TRUE
Stac	chr9	FALSE	FALSE
Stac2	chr11	TRUE	FALSE
Stac3	chr10	TRUE	FALSE
Stag1	chr9	FALSE	TRUE
Stag2	chrX	FALSE	TRUE
Stag3	chr5	FALSE	FALSE
Stam	chr2	TRUE	TRUE
Stam2	chr2	TRUE	TRUE
Stambp	chr6	FALSE	FALSE
Stambpl1	chr19	FALSE	FALSE
Stap1	chr5	FALSE	FALSE
Stap2	chr17	FALSE	FALSE
Star	chr8	FALSE	FALSE
Stard10	chr7	FALSE	FALSE
Stard13	chr5	FALSE	FALSE
Stard3	chr11	TRUE	TRUE
Stard3nl	chr13	FALSE	FALSE
Stard4	chr18	FALSE	FALSE
Stard5	chr7	TRUE	FALSE
Stard6	chr18	FALSE	FALSE
Stard7	chr2	FALSE	FALSE
Stard8	chrX	FALSE	FALSE
Stard9	chr2	FALSE	TRUE
Stat1	chr1	FALSE	FALSE
Stat2	chr10	FALSE	FALSE
Stat3	chr11	TRUE	TRUE
Stat4	chr1	FALSE	TRUE
Stat5a	chr11	TRUE	TRUE
Stat5b	chr11	TRUE	TRUE
Stat6	chr10	TRUE	TRUE
Stau1	chr2	FALSE	FALSE
Stau2	chr1	TRUE	TRUE
Stbd1	chr5	FALSE	FALSE
Stc1	chr14	FALSE	FALSE
Stc2	chr11	FALSE	FALSE
Steap1	chr5	TRUE	FALSE
Steap2	chr5	TRUE	FALSE
Steap3	chr1	TRUE	TRUE
Steap4	chr5	FALSE	FALSE
Stfa1	chr16	FALSE	FALSE
Stfa2	chr16	FALSE	FALSE
Stfa2l1	chr16	FALSE	FALSE
Stfa3	chr16	TRUE	FALSE
Stil	chr4	FALSE	FALSE
Stim1	chr7	FALSE	TRUE
Stim2	chr5	TRUE	TRUE
Stimate	chr14	TRUE	TRUE
Sting1	chr18	FALSE	FALSE
Stip1	chr19	TRUE	FALSE
Stk10	chr11	TRUE	TRUE
Stk11	chr10	FALSE	FALSE
Stk11ip	chr1	TRUE	TRUE
Stk16	chr1	FALSE	FALSE
Stk17b	chr1	FALSE	FALSE
Stk19	chr17	FALSE	FALSE
Stk24	chr14	TRUE	TRUE
Stk25	chr1	FALSE	FALSE
Stk26	chrX	FALSE	FALSE
Stk3	chr15	FALSE	FALSE
Stk31	chr6	FALSE	TRUE
Stk32a	chr18	FALSE	FALSE
Stk32b	chr5	FALSE	TRUE
Stk32c	chr7	TRUE	TRUE
Stk33	chr7	FALSE	FALSE
Stk35	chr2	FALSE	FALSE
Stk36	chr1	FALSE	FALSE
Stk38	chr17	TRUE	TRUE
Stk38l	chr6	TRUE	TRUE
Stk39	chr2	FALSE	TRUE
Stk4	chr2	TRUE	TRUE
Stk40	chr4	FALSE	FALSE
Stkld1	chr2	FALSE	FALSE
Stmn1	chr4	FALSE	FALSE
Stmn2	chr3	TRUE	FALSE
Stmn3	chr2	TRUE	FALSE
Stmn4	chr14	TRUE	FALSE
Stmnd1	chr13	TRUE	FALSE
Stn1	chr19	FALSE	FALSE
Stom	chr2	FALSE	FALSE
Stoml1	chr9	FALSE	FALSE
Stoml2	chr4	FALSE	FALSE
Stoml3	chr3	TRUE	TRUE
Ston1	chr17	FALSE	FALSE
Ston2	chr12	TRUE	TRUE
Stox1	chr10	FALSE	TRUE
Stox2	chr8	FALSE	TRUE
Stpg1	chr4	FALSE	FALSE
Stpg2	chr3	FALSE	FALSE
Stpg3	chr2	TRUE	FALSE
Stpg4	chr17	TRUE	TRUE
Stra6	chr9	TRUE	TRUE
Stra6l	chr4	FALSE	FALSE
Stra8	chr6	FALSE	FALSE
Strada	chr11	TRUE	FALSE
Stradb	chr1	FALSE	FALSE
Strap	chr6	TRUE	FALSE
Strbp	chr2	TRUE	TRUE
Strc	chr2	TRUE	TRUE
Strip1	chr3	FALSE	FALSE
Strip2	chr6	FALSE	FALSE
Strit1	chr3	FALSE	FALSE
Strn	chr17	FALSE	TRUE
Strn3	chr12	TRUE	TRUE
Strn4	chr7	TRUE	FALSE
Stt3a	chr9	FALSE	FALSE
Stt3b	chr9	FALSE	TRUE
Stub1	chr17	FALSE	FALSE
Stum	chr1	TRUE	TRUE
Stx11	chr10	TRUE	TRUE
Stx12	chr4	FALSE	FALSE
Stx16	chr2	FALSE	FALSE
Stx17	chr4	TRUE	FALSE
Stx18	chr5	TRUE	TRUE
Stx19	chr16	TRUE	FALSE
Stx1a	chr5	TRUE	TRUE
Stx1b	chr7	TRUE	FALSE
Stx2	chr5	TRUE	TRUE
Stx3	chr19	FALSE	FALSE
Stx4a	chr7	FALSE	FALSE
Stx5a	chr19	FALSE	FALSE
Stx6	chr1	FALSE	FALSE
Stx7	chr10	TRUE	TRUE
Stx8	chr11	TRUE	TRUE
Stxbp1	chr2	TRUE	TRUE
Stxbp2	chr8	TRUE	FALSE
Stxbp3	chr3	TRUE	TRUE
Stxbp4	chr11	TRUE	TRUE
Stxbp5	chr10	TRUE	TRUE
Stxbp5l	chr16	FALSE	TRUE
Stxbp6	chr12	FALSE	FALSE
Styk1	chr6	FALSE	FALSE
Styx	chr14	FALSE	FALSE
Styxl1	chr5	FALSE	FALSE
Sub1	chr15	TRUE	FALSE
Sucla2	chr14	FALSE	TRUE
Suclg1	chr6	FALSE	FALSE
Suclg2	chr6	FALSE	TRUE
Sucnr1	chr3	FALSE	FALSE
Suco	chr1	FALSE	FALSE
Suds3	chr5	FALSE	FALSE
Sufu	chr19	FALSE	FALSE
Sugct	chr13	FALSE	FALSE
Sugp1	chr8	TRUE	TRUE
Sugp2	chr8	FALSE	TRUE
Sugt1	chr14	FALSE	FALSE
Sulf1	chr1	FALSE	FALSE
Sulf2	chr2	FALSE	FALSE
Sult1a1	chr7	FALSE	FALSE
Sult1b1	chr5	FALSE	FALSE
Sult1c1	chr17	FALSE	FALSE
Sult1c2	chr17	FALSE	FALSE
Sult1d1	chr5	FALSE	FALSE
Sult1e1	chr5	FALSE	FALSE
Sult2a1	chr7	FALSE	TRUE
Sult2a2	chr7	TRUE	FALSE
Sult2a3	chr7	FALSE	FALSE
Sult2a4	chr7	FALSE	FALSE
Sult2a5	chr7	FALSE	FALSE
Sult2a6	chr7	FALSE	FALSE
Sult2a7	chr7	FALSE	FALSE
Sult2a8	chr7	FALSE	FALSE
Sult2b1	chr7	TRUE	TRUE
Sult3a1	chr10	FALSE	FALSE
Sult3a2	chr10	FALSE	FALSE
Sult4a1	chr15	TRUE	TRUE
Sult5a1	chr8	TRUE	FALSE
Sult6b1	chr17	FALSE	FALSE
Sult6b2	chr6	TRUE	FALSE
Sumf1	chr6	FALSE	TRUE
Sumf2	chr5	FALSE	FALSE
Sumo1	chr1	FALSE	FALSE
Sumo2	chr11	TRUE	FALSE
Sumo3	chr10	FALSE	FALSE
Sun1	chr5	FALSE	TRUE
Sun2	chr15	TRUE	TRUE
Sun3	chr11	FALSE	FALSE
Sun5	chr2	FALSE	FALSE
Suox	chr10	FALSE	FALSE
Supt16	chr14	FALSE	TRUE
Supt20	chr3	FALSE	TRUE
Supt3	chr17	TRUE	TRUE
Supt4a	chr11	TRUE	FALSE
Supt5	chr7	FALSE	FALSE
Supt6	chr11	FALSE	FALSE
Supt7l	chr5	TRUE	TRUE
Supv3l1	chr10	FALSE	TRUE
Surf1	chr2	FALSE	FALSE
Surf2	chr2	FALSE	FALSE
Surf4	chr2	FALSE	FALSE
Surf6	chr2	FALSE	FALSE
Susd1	chr4	FALSE	FALSE
Susd2	chr10	FALSE	FALSE
Susd3	chr13	TRUE	TRUE
Susd4	chr1	TRUE	TRUE
Susd5	chr9	FALSE	FALSE
Susd6	chr12	FALSE	TRUE
Suv39h1	chrX	FALSE	FALSE
Suv39h2	chr2	FALSE	FALSE
Suz12	chr11	FALSE	FALSE
Sv2a	chr3	TRUE	FALSE
Sv2b	chr7	FALSE	TRUE
Sv2c	chr13	TRUE	TRUE
Sva	chr6	TRUE	FALSE
Sval1	chr6	TRUE	FALSE
Sval2	chr6	FALSE	FALSE
Sval3	chr6	FALSE	FALSE
Svbp	chr4	FALSE	FALSE
Svep1	chr4	FALSE	FALSE
Svil	chr18	FALSE	FALSE
Svip	chr7	FALSE	FALSE
Svop	chr5	TRUE	TRUE
Svopl	chr6	TRUE	TRUE
Svs1	chr6	TRUE	FALSE
Svs2	chr2	TRUE	FALSE
Svs3a	chr2	FALSE	FALSE
Svs3b	chr2	FALSE	FALSE
Svs4	chr2	FALSE	FALSE
Svs5	chr2	FALSE	FALSE
Svs6	chr2	FALSE	FALSE
Swap70	chr7	TRUE	TRUE
Swi5	chr2	FALSE	FALSE
Swsap1	chr9	FALSE	FALSE
Swt1	chr1	FALSE	FALSE
Syap1	chrX	FALSE	FALSE
Sybu	chr15	FALSE	FALSE
Syce1	chr7	TRUE	FALSE
Syce1l	chr8	TRUE	TRUE
Syce2	chr8	FALSE	FALSE
Syce3	chr15	FALSE	FALSE
Sycn	chr7	TRUE	FALSE
Sycp1	chr3	FALSE	TRUE
Sycp2	chr2	FALSE	FALSE
Sycp2l	chr13	FALSE	FALSE
Sycp3	chr10	FALSE	FALSE
Syde1	chr10	FALSE	FALSE
Syde2	chr3	FALSE	FALSE
Syf2	chr4	FALSE	FALSE
Syk	chr13	FALSE	TRUE
Sympk	chr7	TRUE	TRUE
Syn1	chrX	FALSE	FALSE
Syn2	chr6	FALSE	FALSE
Syn3	chr10	TRUE	TRUE
Sync	chr4	TRUE	FALSE
Syncrip	chr9	FALSE	FALSE
Syndig1	chr2	FALSE	FALSE
Syndig1l	chr12	FALSE	FALSE
Syne1	chr10	FALSE	FALSE
Syne2	chr12	TRUE	TRUE
Syne3	chr12	TRUE	TRUE
Syne4	chr7	TRUE	FALSE
Syngap1	chr17	FALSE	FALSE
Syngr1	chr15	FALSE	FALSE
Syngr2	chr11	FALSE	FALSE
Syngr3	chr17	TRUE	FALSE
Syngr4	chr7	FALSE	FALSE
Synj1	chr16	FALSE	TRUE
Synj2	chr17	FALSE	FALSE
Synj2bp	chr12	FALSE	FALSE
Synm	chr7	TRUE	FALSE
Synpo	chr18	TRUE	FALSE
Synpo2	chr3	FALSE	TRUE
Synpo2l	chr14	TRUE	FALSE
Synpr	chr14	FALSE	FALSE
Synrg	chr11	TRUE	TRUE
Syp	chrX	TRUE	FALSE
Sypl	chr12	FALSE	FALSE
Sypl2	chr3	TRUE	TRUE
Sys1	chr2	TRUE	TRUE
Syt1	chr10	FALSE	FALSE
Syt10	chr15	FALSE	FALSE
Syt11	chr3	TRUE	TRUE
Syt12	chr19	TRUE	TRUE
Syt13	chr2	FALSE	FALSE
Syt14	chr1	FALSE	TRUE
Syt15	chr14	TRUE	TRUE
Syt16	chr12	FALSE	TRUE
Syt17	chr7	FALSE	FALSE
Syt2	chr1	TRUE	TRUE
Syt3	chr7	TRUE	FALSE
Syt4	chr18	FALSE	FALSE
Syt5	chr7	FALSE	FALSE
Syt6	chr3	TRUE	TRUE
Syt7	chr19	TRUE	TRUE
Syt8	chr7	FALSE	FALSE
Syt9	chr7	FALSE	FALSE
Sytl1	chr4	TRUE	FALSE
Sytl2	chr7	FALSE	FALSE
Sytl3	chr17	FALSE	FALSE
Sytl4	chrX	FALSE	FALSE
Sytl5	chrX	FALSE	FALSE
Syvn1	chr19	FALSE	FALSE
Szrd1	chr4	FALSE	FALSE
Szt2	chr4	TRUE	TRUE
T	chr17	TRUE	FALSE
T2	chr17	FALSE	FALSE
Taar2	chr10	TRUE	FALSE
Tab1	chr15	TRUE	FALSE
Tab2	chr10	FALSE	TRUE
Tab3	chrX	FALSE	TRUE
Tac1	chr6	TRUE	FALSE
Tac2	chr10	TRUE	FALSE
Tac4	chr11	TRUE	FALSE
Tacc1	chr8	TRUE	TRUE
Tacc2	chr7	TRUE	TRUE
Tacc3	chr5	FALSE	FALSE
Taco1	chr11	FALSE	FALSE
Tacr1	chr6	FALSE	FALSE
Tacr2	chr10	TRUE	FALSE
Tacr3	chr3	FALSE	TRUE
Tada1	chr1	TRUE	FALSE
Tada2a	chr11	FALSE	TRUE
Tada2b	chr5	FALSE	FALSE
Tada3	chr6	TRUE	FALSE
Taf1	chrX	FALSE	TRUE
Taf10	chr7	TRUE	FALSE
Taf11	chr17	FALSE	FALSE
Taf12	chr4	FALSE	FALSE
Taf13	chr3	FALSE	FALSE
Taf15	chr11	TRUE	FALSE
Taf1a	chr1	FALSE	FALSE
Taf1b	chr12	FALSE	TRUE
Taf1c	chr8	TRUE	TRUE
Taf1d	chr9	TRUE	FALSE
Taf2	chr15	FALSE	TRUE
Taf3	chr2	TRUE	TRUE
Taf4	chr2	TRUE	TRUE
Taf4b	chr18	TRUE	TRUE
Taf5	chr19	TRUE	FALSE
Taf5l	chr8	TRUE	FALSE
Taf6	chr5	TRUE	FALSE
Taf6l	chr19	TRUE	FALSE
Taf7	chr18	FALSE	FALSE
Taf7l	chrX	FALSE	FALSE
Taf8	chr17	FALSE	FALSE
Taf9	chr13	TRUE	FALSE
Taf9b	chrX	TRUE	FALSE
Tafa1	chr6	FALSE	FALSE
Tafa2	chr10	FALSE	FALSE
Tafa3	chr3	TRUE	FALSE
Tafa4	chr6	FALSE	FALSE
Tafa5	chr15	TRUE	TRUE
Tagap	chr17	FALSE	FALSE
Tagap1	chr17	FALSE	FALSE
Tagln	chr9	FALSE	FALSE
Tagln2	chr1	FALSE	FALSE
Tagln3	chr16	TRUE	TRUE
Tal1	chr4	FALSE	FALSE
Tal2	chr4	TRUE	FALSE
Taldo1	chr7	FALSE	FALSE
Tamm41	chr6	FALSE	FALSE
Tanc1	chr2	FALSE	TRUE
Tanc2	chr11	FALSE	FALSE
Tango2	chr16	TRUE	TRUE
Tango6	chr8	TRUE	TRUE
Tank	chr2	FALSE	FALSE
Taok1	chr11	FALSE	FALSE
Taok2	chr7	FALSE	FALSE
Taok3	chr5	FALSE	FALSE
Tap1	chr17	TRUE	FALSE
Tap2	chr17	FALSE	FALSE
Tapbp	chr17	FALSE	FALSE
Tapbpl	chr6	FALSE	FALSE
Tapt1	chr5	FALSE	FALSE
Tarbp1	chr8	FALSE	TRUE
Tarbp2	chr15	FALSE	FALSE
Tardbp	chr4	TRUE	FALSE
Tarm1	chr7	FALSE	FALSE
Tars	chr15	FALSE	FALSE
Tars2	chr3	FALSE	FALSE
Tarsl2	chr7	FALSE	FALSE
Tas1r1	chr4	FALSE	FALSE
Tas1r2	chr4	TRUE	FALSE
Tas1r3	chr4	FALSE	FALSE
Tasor	chr14	FALSE	FALSE
Tasor2	chr13	FALSE	TRUE
Tasp1	chr2	FALSE	TRUE
Tat	chr8	FALSE	FALSE
Tatdn1	chr15	FALSE	FALSE
Tatdn2	chr6	FALSE	FALSE
Tatdn3	chr1	FALSE	FALSE
Tax1bp1	chr6	TRUE	TRUE
Tax1bp3	chr11	TRUE	FALSE
Taz	chrX	FALSE	TRUE
Tbata	chr10	FALSE	FALSE
Tbc1d1	chr5	TRUE	TRUE
Tbc1d10a	chr11	TRUE	TRUE
Tbc1d10b	chr7	FALSE	FALSE
Tbc1d10c	chr19	FALSE	FALSE
Tbc1d12	chr19	FALSE	TRUE
Tbc1d13	chr2	TRUE	FALSE
Tbc1d14	chr5	TRUE	TRUE
Tbc1d15	chr10	FALSE	TRUE
Tbc1d16	chr11	FALSE	FALSE
Tbc1d17	chr7	FALSE	FALSE
Tbc1d19	chr5	FALSE	TRUE
Tbc1d2	chr4	TRUE	TRUE
Tbc1d20	chr2	FALSE	FALSE
Tbc1d21	chr9	TRUE	FALSE
Tbc1d22a	chr15	FALSE	FALSE
Tbc1d22b	chr17	TRUE	TRUE
Tbc1d23	chr16	FALSE	FALSE
Tbc1d24	chr17	FALSE	FALSE
Tbc1d25	chrX	TRUE	FALSE
Tbc1d2b	chr9	TRUE	TRUE
Tbc1d30	chr10	TRUE	TRUE
Tbc1d31	chr15	FALSE	FALSE
Tbc1d32	chr10	FALSE	TRUE
Tbc1d4	chr14	FALSE	FALSE
Tbc1d5	chr17	FALSE	TRUE
Tbc1d7	chr13	FALSE	FALSE
Tbc1d8	chr1	FALSE	FALSE
Tbc1d8b	chrX	FALSE	FALSE
Tbc1d9	chr8	FALSE	FALSE
Tbc1d9b	chr11	TRUE	TRUE
Tbca	chr13	TRUE	TRUE
Tbcb	chr7	FALSE	FALSE
Tbccd1	chr16	FALSE	FALSE
Tbcd	chr11	TRUE	TRUE
Tbce	chr13	TRUE	TRUE
Tbcel	chr9	FALSE	TRUE
Tbck	chr3	FALSE	TRUE
Tbk1	chr10	FALSE	FALSE
Tbkbp1	chr11	TRUE	TRUE
Tbl1x	chrX	FALSE	TRUE
Tbl1xr1	chr3	FALSE	TRUE
Tbl2	chr5	FALSE	FALSE
Tbl3	chr17	TRUE	FALSE
Tbp	chr17	TRUE	FALSE
Tbpl1	chr10	TRUE	TRUE
Tbpl2	chr2	FALSE	FALSE
Tbr1	chr2	TRUE	TRUE
Tbrg1	chr9	FALSE	FALSE
Tbrg4	chr11	FALSE	FALSE
Tbx1	chr16	TRUE	FALSE
Tbx10	chr19	TRUE	FALSE
Tbx15	chr3	FALSE	FALSE
Tbx18	chr9	FALSE	FALSE
Tbx19	chr1	FALSE	FALSE
Tbx2	chr11	FALSE	FALSE
Tbx20	chr9	FALSE	FALSE
Tbx21	chr11	TRUE	TRUE
Tbx22	chrX	FALSE	TRUE
Tbx3	chr5	FALSE	FALSE
Tbx4	chr11	FALSE	FALSE
Tbx5	chr5	FALSE	FALSE
Tbx6	chr7	FALSE	FALSE
Tbxa2r	chr10	FALSE	FALSE
Tbxas1	chr6	TRUE	TRUE
Tc2n	chr12	FALSE	FALSE
Tcaf1	chr6	TRUE	TRUE
Tcaf2	chr6	FALSE	FALSE
Tcaf3	chr6	TRUE	FALSE
Tcaim	chr9	FALSE	FALSE
Tcam1	chr11	FALSE	FALSE
Tcap	chr11	FALSE	FALSE
Tcea1	chr1	FALSE	FALSE
Tcea2	chr2	FALSE	FALSE
Tcea3	chr4	TRUE	FALSE
Tceal1	chrX	TRUE	FALSE
Tceal3	chrX	FALSE	FALSE
Tceal5	chrX	FALSE	FALSE
Tceal6	chrX	TRUE	FALSE
Tceal7	chrX	FALSE	FALSE
Tceal8	chrX	FALSE	FALSE
Tceal9	chrX	FALSE	FALSE
Tceanc	chrX	FALSE	FALSE
Tceanc2	chr4	TRUE	TRUE
Tcerg1	chr18	FALSE	TRUE
Tcerg1l	chr7	TRUE	TRUE
Tcf12	chr9	TRUE	TRUE
Tcf15	chr2	TRUE	FALSE
Tcf19	chr17	FALSE	FALSE
Tcf20	chr15	TRUE	TRUE
Tcf21	chr10	TRUE	FALSE
Tcf23	chr5	TRUE	FALSE
Tcf24	chr1	TRUE	FALSE
Tcf25	chr8	FALSE	FALSE
Tcf3	chr10	FALSE	FALSE
Tcf4	chr18	FALSE	FALSE
Tcf7	chr11	TRUE	FALSE
Tcf7l1	chr6	FALSE	TRUE
Tcf7l2	chr19	FALSE	TRUE
Tcfl5	chr2	TRUE	FALSE
Tchh	chr3	FALSE	FALSE
Tchhl1	chr3	FALSE	FALSE
Tchp	chr5	TRUE	TRUE
Tcirg1	chr19	TRUE	FALSE
Tcl1	chr12	FALSE	FALSE
Tcl1b1	chr12	FALSE	FALSE
Tcl1b2	chr12	TRUE	FALSE
Tcl1b3	chr12	FALSE	FALSE
Tcl1b4	chr12	TRUE	FALSE
Tcl1b5	chr12	FALSE	FALSE
Tcn2	chr11	TRUE	FALSE
Tcof1	chr18	TRUE	FALSE
Tcp1	chr17	TRUE	FALSE
Tcp10a	chr17	TRUE	TRUE
Tcp10b	chr17	FALSE	FALSE
Tcp10c	chr17	TRUE	TRUE
Tcp11	chr17	TRUE	FALSE
Tcp11l1	chr2	FALSE	TRUE
Tcp11l2	chr10	FALSE	FALSE
Tcp11x2	chrX	FALSE	FALSE
Tcstv3	chr13	FALSE	FALSE
Tcta	chr9	TRUE	FALSE
Tcte1	chr17	FALSE	FALSE
Tcte2	chr17	FALSE	FALSE
Tcte3	chr17	FALSE	FALSE
Tctex1d1	chr4	TRUE	TRUE
Tctex1d2	chr16	FALSE	FALSE
Tctex1d4	chr4	TRUE	FALSE
Tctn1	chr5	FALSE	FALSE
Tctn2	chr5	FALSE	FALSE
Tctn3	chr19	FALSE	FALSE
Tdg	chr10	TRUE	FALSE
Tdgf1	chr9	TRUE	FALSE
Tdh	chr14	TRUE	TRUE
Tdo2	chr3	FALSE	FALSE
Tdp1	chr12	TRUE	TRUE
Tdp2	chr13	FALSE	FALSE
Tdpoz1	chr3	FALSE	FALSE
Tdpoz8	chr3	FALSE	FALSE
Tdpoz9	chr3	FALSE	FALSE
Tdrd1	chr19	FALSE	FALSE
Tdrd12	chr7	FALSE	TRUE
Tdrd3	chr14	FALSE	FALSE
Tdrd5	chr1	TRUE	TRUE
Tdrd6	chr17	FALSE	FALSE
Tdrd7	chr4	FALSE	FALSE
Tdrd9	chr12	FALSE	FALSE
Tdrkh	chr3	FALSE	FALSE
Tdrp	chr8	FALSE	FALSE
Tead1	chr7	TRUE	TRUE
Tead2	chr7	FALSE	FALSE
Tead3	chr17	TRUE	FALSE
Tead4	chr6	TRUE	FALSE
Tec	chr5	FALSE	TRUE
Tecpr1	chr5	TRUE	TRUE
Tecpr2	chr12	FALSE	FALSE
Tecr	chr8	FALSE	FALSE
Tecrl	chr5	FALSE	TRUE
Tecta	chr9	FALSE	FALSE
Tectb	chr19	TRUE	TRUE
Tedc1	chr12	TRUE	FALSE
Tedc2	chr17	FALSE	FALSE
Teddm2	chr1	TRUE	TRUE
Tef	chr15	FALSE	FALSE
Tefm	chr11	FALSE	FALSE
Tek	chr4	FALSE	FALSE
Tekt1	chr11	TRUE	TRUE
Tekt2	chr4	FALSE	FALSE
Tekt3	chr11	FALSE	FALSE
Tekt4	chr17	TRUE	FALSE
Tekt5	chr16	TRUE	TRUE
Telo2	chr17	TRUE	FALSE
Ten1	chr11	FALSE	FALSE
Tenm1	chrX	TRUE	TRUE
Tenm2	chr11	TRUE	TRUE
Tenm3	chr8	FALSE	TRUE
Tenm4	chr7	FALSE	FALSE
Tent2	chr13	FALSE	TRUE
Tent4a	chr13	TRUE	TRUE
Tent4b	chr8	FALSE	TRUE
Tent5a	chr9	TRUE	FALSE
Tent5b	chr4	FALSE	FALSE
Tent5c	chr3	FALSE	FALSE
Tent5d	chrX	FALSE	TRUE
Tep1	chr14	FALSE	TRUE
Tepp	chr8	FALSE	FALSE
Tepsin	chr11	TRUE	FALSE
Terb1	chr8	FALSE	FALSE
Terb2	chr2	FALSE	TRUE
Terf1	chr1	FALSE	FALSE
Terf2	chr8	FALSE	TRUE
Terf2ip	chr8	FALSE	FALSE
Tert	chr13	FALSE	FALSE
Tes	chr6	FALSE	FALSE
Tesc	chr5	FALSE	FALSE
Tesk1	chr4	FALSE	FALSE
Tesk2	chr4	TRUE	TRUE
Tesmin	chr19	FALSE	FALSE
Tespa1	chr10	FALSE	FALSE
Tet1	chr10	FALSE	TRUE
Tet2	chr3	TRUE	TRUE
Tet3	chr6	TRUE	TRUE
Tex10	chr4	TRUE	TRUE
Tex101	chr7	FALSE	FALSE
Tex11	chrX	FALSE	FALSE
Tex12	chr9	TRUE	FALSE
Tex13a	chrX	TRUE	FALSE
Tex13b	chrX	TRUE	FALSE
Tex13c1	chrX	TRUE	FALSE
Tex13c3	chrX	FALSE	FALSE
Tex14	chr11	FALSE	FALSE
Tex15	chr8	FALSE	FALSE
Tex16	chrX	FALSE	FALSE
Tex19.1	chr11	FALSE	FALSE
Tex19.2	chr11	FALSE	FALSE
Tex2	chr11	TRUE	TRUE
Tex21	chr12	FALSE	FALSE
Tex22	chr12	TRUE	FALSE
Tex24	chr8	FALSE	FALSE
Tex26	chr5	TRUE	TRUE
Tex261	chr6	FALSE	FALSE
Tex264	chr9	TRUE	TRUE
Tex28	chrX	TRUE	FALSE
Tex29	chr8	FALSE	FALSE
Tex30	chr1	FALSE	FALSE
Tex33	chr15	FALSE	FALSE
Tex35	chr1	FALSE	FALSE
Tex36	chr7	FALSE	FALSE
Tex37	chr6	FALSE	FALSE
Tex38	chr4	FALSE	FALSE
Tex43	chr18	FALSE	FALSE
Tex45	chr8	TRUE	FALSE
Tex46	chr4	TRUE	FALSE
Tex47	chr5	FALSE	FALSE
Tex48	chr4	FALSE	FALSE
Tex50	chr1	FALSE	FALSE
Tex52	chr6	TRUE	TRUE
Tex55	chr16	FALSE	FALSE
Tex9	chr9	FALSE	FALSE
Tfam	chr10	FALSE	FALSE
Tfap2a	chr13	FALSE	FALSE
Tfap2b	chr1	TRUE	FALSE
Tfap2c	chr2	FALSE	FALSE
Tfap2d	chr1	FALSE	FALSE
Tfap2e	chr4	TRUE	FALSE
Tfap4	chr16	FALSE	FALSE
Tfb1m	chr17	FALSE	FALSE
Tfb2m	chr1	FALSE	FALSE
Tfcp2	chr15	TRUE	TRUE
Tfcp2l1	chr1	TRUE	TRUE
Tfdp1	chr8	FALSE	FALSE
Tfdp2	chr9	TRUE	TRUE
Tfe3	chrX	TRUE	FALSE
Tfeb	chr17	TRUE	TRUE
Tfec	chr6	FALSE	FALSE
Tff1	chr17	TRUE	FALSE
Tff2	chr17	FALSE	FALSE
Tff3	chr17	FALSE	FALSE
Tfg	chr16	FALSE	FALSE
Tfip11	chr5	FALSE	TRUE
Tfpi	chr2	FALSE	FALSE
Tfpi2	chr6	FALSE	FALSE
Tfpt	chr7	FALSE	FALSE
Tfr2	chr5	TRUE	TRUE
Tfrc	chr16	FALSE	FALSE
Tg	chr15	FALSE	FALSE
Tgds	chr14	FALSE	FALSE
Tgfa	chr6	FALSE	FALSE
Tgfb1	chr7	FALSE	FALSE
Tgfb1i1	chr7	FALSE	FALSE
Tgfb2	chr1	FALSE	FALSE
Tgfb3	chr12	FALSE	FALSE
Tgfbi	chr13	TRUE	TRUE
Tgfbr1	chr4	FALSE	FALSE
Tgfbr2	chr9	FALSE	TRUE
Tgfbr3	chr5	TRUE	TRUE
Tgfbr3l	chr8	FALSE	FALSE
Tgfbrap1	chr1	TRUE	TRUE
Tgif1	chr17	TRUE	TRUE
Tgif2	chr2	TRUE	TRUE
Tgm1	chr14	TRUE	FALSE
Tgm2	chr2	TRUE	TRUE
Tgm3	chr2	FALSE	FALSE
Tgm4	chr9	FALSE	TRUE
Tgm5	chr2	FALSE	FALSE
Tgm6	chr2	FALSE	FALSE
Tgm7	chr2	TRUE	TRUE
Tgoln1	chr6	FALSE	FALSE
Tgs1	chr4	TRUE	TRUE
Tgtp1	chr11	TRUE	FALSE
Tgtp2	chr11	FALSE	FALSE
Th	chr7	TRUE	TRUE
Tha1	chr11	FALSE	FALSE
Thada	chr17	FALSE	TRUE
Thap1	chr8	FALSE	FALSE
Thap12	chr7	FALSE	FALSE
Thap2	chr10	FALSE	TRUE
Thap3	chr4	FALSE	FALSE
Thap4	chr1	TRUE	TRUE
Thap7	chr16	TRUE	FALSE
Thap8	chr7	FALSE	FALSE
Thbs1	chr2	TRUE	FALSE
Thbs2	chr17	FALSE	FALSE
Thbs3	chr3	TRUE	FALSE
Thbs4	chr13	FALSE	FALSE
Theg	chr10	FALSE	FALSE
Thegl	chr5	TRUE	TRUE
Them4	chr3	FALSE	FALSE
Them5	chr3	FALSE	FALSE
Them6	chr15	TRUE	FALSE
Them7	chr2	TRUE	TRUE
Themis	chr10	FALSE	FALSE
Themis2	chr4	FALSE	FALSE
Themis3	chr17	FALSE	FALSE
Thg1l	chr11	FALSE	FALSE
Thnsl1	chr2	FALSE	FALSE
Thnsl2	chr6	FALSE	FALSE
Thoc1	chr18	FALSE	FALSE
Thoc2	chrX	FALSE	TRUE
Thoc2l	chr5	FALSE	TRUE
Thoc3	chr13	FALSE	FALSE
Thoc5	chr11	TRUE	FALSE
Thoc6	chr17	TRUE	FALSE
Thoc7	chr14	TRUE	FALSE
Thop1	chr10	FALSE	FALSE
Thpo	chr16	FALSE	FALSE
Thra	chr11	FALSE	FALSE
Thrap3	chr4	FALSE	FALSE
Thrb	chr14	FALSE	FALSE
Thrsp	chr7	FALSE	FALSE
Thsd1	chr8	TRUE	FALSE
Thsd4	chr9	FALSE	TRUE
Thsd7a	chr6	FALSE	FALSE
Thsd7b	chr1	FALSE	FALSE
Thtpa	chr14	FALSE	FALSE
Thumpd1	chr7	FALSE	FALSE
Thumpd2	chr17	FALSE	FALSE
Thumpd3	chr6	FALSE	FALSE
Thy1	chr9	TRUE	FALSE
Thyn1	chr9	FALSE	FALSE
Tia1	chr6	TRUE	FALSE
Tial1	chr7	TRUE	FALSE
Tiam1	chr16	FALSE	TRUE
Tiam2	chr17	FALSE	FALSE
Ticam1	chr17	TRUE	FALSE
Ticam2	chr18	TRUE	TRUE
Ticrr	chr7	FALSE	FALSE
Tie1	chr4	TRUE	FALSE
Tifa	chr3	FALSE	FALSE
Tifab	chr13	FALSE	FALSE
Tigar	chr6	FALSE	FALSE
Tigd2	chr6	TRUE	FALSE
Tigd3	chr19	TRUE	FALSE
Tigit	chr16	FALSE	FALSE
Timd2	chr11	FALSE	FALSE
Timd4	chr11	FALSE	FALSE
Timeless	chr10	FALSE	FALSE
Timm10	chr2	FALSE	FALSE
Timm13	chr10	FALSE	FALSE
Timm17a	chr1	FALSE	FALSE
Timm17b	chrX	FALSE	FALSE
Timm21	chr18	FALSE	FALSE
Timm22	chr11	FALSE	FALSE
Timm23	chr14	TRUE	TRUE
Timm29	chr9	TRUE	FALSE
Timm44	chr8	FALSE	FALSE
Timm50	chr7	FALSE	FALSE
Timm8a1	chrX	FALSE	FALSE
Timm8a2	chr14	FALSE	FALSE
Timm8b	chr9	FALSE	FALSE
Timm9	chr12	FALSE	FALSE
Timmdc1	chr16	FALSE	FALSE
Timp1	chrX	TRUE	FALSE
Timp2	chr11	FALSE	FALSE
Timp3	chr10	TRUE	TRUE
Timp4	chr6	FALSE	FALSE
Tinag	chr9	FALSE	FALSE
Tinagl1	chr4	TRUE	FALSE
Tinf2	chr14	FALSE	FALSE
Tiparp	chr3	FALSE	FALSE
Tipin	chr9	TRUE	FALSE
Tiprl	chr1	FALSE	FALSE
Tirap	chr9	TRUE	TRUE
Tjap1	chr17	TRUE	TRUE
Tjp1	chr7	TRUE	TRUE
Tjp2	chr19	FALSE	TRUE
Tjp3	chr10	TRUE	TRUE
Tk1	chr11	TRUE	FALSE
Tk2	chr8	FALSE	FALSE
Tkfc	chr19	FALSE	FALSE
Tkt	chr14	FALSE	FALSE
Tktl1	chrX	FALSE	FALSE
Tktl2	chr8	FALSE	FALSE
Tlcd1	chr11	FALSE	FALSE
Tlcd2	chr11	FALSE	FALSE
Tlcd4	chr3	FALSE	FALSE
Tlcd5	chr9	FALSE	FALSE
Tldc2	chr2	FALSE	FALSE
Tle1	chr4	TRUE	TRUE
Tle2	chr10	FALSE	FALSE
Tle3	chr9	TRUE	TRUE
Tle4	chr19	TRUE	TRUE
Tle5	chr10	FALSE	FALSE
Tle6	chr10	FALSE	FALSE
Tle7	chr8	TRUE	FALSE
Tlk1	chr2	TRUE	TRUE
Tlk2	chr11	TRUE	TRUE
Tll1	chr8	FALSE	FALSE
Tll2	chr19	TRUE	TRUE
Tln1	chr4	FALSE	FALSE
Tln2	chr9	TRUE	TRUE
Tlr1	chr5	TRUE	FALSE
Tlr11	chr14	FALSE	FALSE
Tlr13	chrX	FALSE	FALSE
Tlr2	chr3	TRUE	FALSE
Tlr3	chr8	FALSE	FALSE
Tlr4	chr4	FALSE	FALSE
Tlr5	chr1	TRUE	FALSE
Tlr6	chr5	TRUE	FALSE
Tlr7	chrX	FALSE	FALSE
Tlr8	chrX	FALSE	FALSE
Tlr9	chr9	TRUE	FALSE
Tlx1	chr19	TRUE	FALSE
Tlx2	chr6	FALSE	FALSE
Tlx3	chr11	FALSE	FALSE
Tm2d1	chr4	TRUE	TRUE
Tm2d2	chr8	FALSE	FALSE
Tm2d3	chr7	TRUE	FALSE
Tm4sf1	chr3	FALSE	FALSE
Tm4sf19	chr16	TRUE	FALSE
Tm4sf20	chr1	FALSE	FALSE
Tm4sf4	chr3	TRUE	FALSE
Tm4sf5	chr11	TRUE	FALSE
Tm6sf1	chr7	TRUE	TRUE
Tm6sf2	chr8	FALSE	FALSE
Tm7sf2	chr19	FALSE	FALSE
Tm7sf3	chr6	FALSE	FALSE
Tm9sf1	chr14	FALSE	FALSE
Tm9sf2	chr14	TRUE	TRUE
Tm9sf3	chr19	FALSE	FALSE
Tm9sf4	chr2	FALSE	FALSE
Tma16	chr8	FALSE	FALSE
Tma7	chr9	FALSE	FALSE
Tmbim1	chr1	FALSE	FALSE
Tmbim4	chr10	FALSE	FALSE
Tmbim6	chr15	FALSE	FALSE
Tmbim7	chr5	FALSE	TRUE
Tmc1	chr19	FALSE	FALSE
Tmc2	chr2	FALSE	FALSE
Tmc3	chr7	FALSE	FALSE
Tmc4	chr7	TRUE	FALSE
Tmc5	chr7	TRUE	TRUE
Tmc6	chr11	TRUE	TRUE
Tmc7	chr7	TRUE	TRUE
Tmc8	chr11	TRUE	FALSE
Tmcc1	chr6	TRUE	TRUE
Tmcc2	chr1	FALSE	FALSE
Tmcc3	chr10	TRUE	TRUE
Tmco1	chr1	FALSE	FALSE
Tmco2	chr4	TRUE	FALSE
Tmco3	chr8	FALSE	FALSE
Tmco4	chr4	TRUE	TRUE
Tmco5	chr2	FALSE	FALSE
Tmco5b	chr2	FALSE	FALSE
Tmco6	chr18	FALSE	FALSE
Tmed1	chr9	TRUE	FALSE
Tmed10	chr12	FALSE	TRUE
Tmed11	chr5	FALSE	FALSE
Tmed2	chr5	FALSE	FALSE
Tmed3	chr9	FALSE	FALSE
Tmed4	chr11	TRUE	FALSE
Tmed5	chr5	TRUE	FALSE
Tmed6	chr8	TRUE	FALSE
Tmed7	chr18	TRUE	TRUE
Tmed8	chr12	TRUE	TRUE
Tmed9	chr13	FALSE	FALSE
Tmeff1	chr4	FALSE	FALSE
Tmeff2	chr1	FALSE	FALSE
Tmem100	chr11	FALSE	FALSE
Tmem101	chr11	TRUE	FALSE
Tmem102	chr11	TRUE	FALSE
Tmem104	chr11	FALSE	FALSE
Tmem106a	chr11	FALSE	FALSE
Tmem106b	chr6	FALSE	FALSE
Tmem106c	chr15	FALSE	FALSE
Tmem107	chr11	FALSE	FALSE
Tmem108	chr9	TRUE	TRUE
Tmem109	chr19	FALSE	FALSE
Tmem11	chr11	TRUE	FALSE
Tmem114	chr16	FALSE	FALSE
Tmem115	chr9	FALSE	FALSE
Tmem116	chr5	FALSE	TRUE
Tmem117	chr15	FALSE	FALSE
Tmem119	chr5	TRUE	FALSE
Tmem120a	chr5	FALSE	FALSE
Tmem120b	chr5	FALSE	TRUE
Tmem121	chr12	FALSE	FALSE
Tmem123	chr9	FALSE	FALSE
Tmem125	chr4	FALSE	FALSE
Tmem126a	chr7	FALSE	FALSE
Tmem126b	chr7	FALSE	FALSE
Tmem127	chr2	TRUE	FALSE
Tmem128	chr5	FALSE	FALSE
Tmem129	chr5	FALSE	FALSE
Tmem130	chr5	FALSE	FALSE
Tmem131	chr1	FALSE	TRUE
Tmem131l	chr3	TRUE	TRUE
Tmem132a	chr19	FALSE	FALSE
Tmem132b	chr5	FALSE	FALSE
Tmem132c	chr5	FALSE	FALSE
Tmem132d	chr5	FALSE	FALSE
Tmem132e	chr11	TRUE	TRUE
Tmem134	chr19	TRUE	FALSE
Tmem135	chr7	FALSE	TRUE
Tmem138	chr19	FALSE	FALSE
Tmem140	chr6	TRUE	FALSE
Tmem141	chr2	TRUE	FALSE
Tmem143	chr7	FALSE	FALSE
Tmem144	chr3	FALSE	FALSE
Tmem145	chr7	FALSE	FALSE
Tmem147	chr7	FALSE	FALSE
Tmem14a	chr1	TRUE	TRUE
Tmem14c	chr13	TRUE	FALSE
Tmem150a	chr6	TRUE	FALSE
Tmem150b	chr7	FALSE	FALSE
Tmem150c	chr5	TRUE	TRUE
Tmem151a	chr19	FALSE	TRUE
Tmem151b	chr17	TRUE	FALSE
Tmem154	chr3	TRUE	TRUE
Tmem156	chr5	FALSE	FALSE
Tmem159	chr7	FALSE	FALSE
Tmem160	chr7	FALSE	FALSE
Tmem161a	chr8	TRUE	FALSE
Tmem161b	chr13	FALSE	TRUE
Tmem163	chr1	TRUE	TRUE
Tmem164	chrX	FALSE	FALSE
Tmem165	chr5	TRUE	TRUE
Tmem167	chr13	FALSE	FALSE
Tmem167b	chr3	TRUE	FALSE
Tmem168	chr6	FALSE	FALSE
Tmem169	chr1	FALSE	FALSE
Tmem17	chr11	FALSE	FALSE
Tmem170	chr8	FALSE	FALSE
Tmem170b	chr13	FALSE	FALSE
Tmem171	chr13	TRUE	FALSE
Tmem174	chr13	TRUE	FALSE
Tmem175	chr5	TRUE	FALSE
Tmem176a	chr6	TRUE	TRUE
Tmem176b	chr6	TRUE	FALSE
Tmem177	chr1	FALSE	FALSE
Tmem178	chr17	TRUE	FALSE
Tmem178b	chr6	TRUE	TRUE
Tmem179	chr12	FALSE	FALSE
Tmem179b	chr19	TRUE	FALSE
Tmem18	chr12	FALSE	FALSE
Tmem181a	chr17	TRUE	FALSE
Tmem182	chr1	FALSE	TRUE
Tmem183a	chr1	TRUE	FALSE
Tmem184a	chr5	FALSE	FALSE
Tmem184b	chr15	TRUE	TRUE
Tmem184c	chr8	FALSE	FALSE
Tmem185a	chrX	FALSE	TRUE
Tmem186	chr16	FALSE	FALSE
Tmem189	chr2	TRUE	TRUE
Tmem19	chr10	FALSE	FALSE
Tmem190	chr7	FALSE	FALSE
Tmem191c	chr16	TRUE	FALSE
Tmem192	chr8	FALSE	FALSE
Tmem196	chr12	FALSE	FALSE
Tmem198	chr1	FALSE	FALSE
Tmem198b	chr10	FALSE	FALSE
Tmem199	chr11	FALSE	FALSE
Tmem200a	chr10	FALSE	FALSE
Tmem200b	chr4	TRUE	FALSE
Tmem200c	chr17	TRUE	FALSE
Tmem201	chr4	FALSE	FALSE
Tmem202	chr9	FALSE	FALSE
Tmem204	chr17	FALSE	FALSE
Tmem205	chr9	FALSE	FALSE
Tmem207	chr16	FALSE	FALSE
Tmem208	chr8	FALSE	FALSE
Tmem209	chr6	FALSE	FALSE
Tmem210	chr2	FALSE	FALSE
Tmem211	chr5	TRUE	TRUE
Tmem212	chr3	FALSE	FALSE
Tmem213	chr6	FALSE	FALSE
Tmem214	chr5	FALSE	FALSE
Tmem215	chr4	TRUE	FALSE
Tmem216	chr19	FALSE	FALSE
Tmem217	chr17	FALSE	FALSE
Tmem218	chr9	FALSE	FALSE
Tmem219	chr7	TRUE	FALSE
Tmem220	chr11	TRUE	FALSE
Tmem221	chr8	TRUE	FALSE
Tmem222	chr4	TRUE	FALSE
Tmem223	chr19	FALSE	FALSE
Tmem225	chr9	FALSE	FALSE
Tmem229b	chr12	TRUE	TRUE
Tmem230	chr2	FALSE	FALSE
Tmem231	chr8	FALSE	FALSE
Tmem232	chr17	FALSE	TRUE
Tmem233	chr5	TRUE	TRUE
Tmem234	chr4	FALSE	FALSE
Tmem235	chr11	FALSE	FALSE
Tmem236	chr2	FALSE	FALSE
Tmem237	chr1	TRUE	TRUE
Tmem238	chr7	FALSE	FALSE
Tmem238l	chr11	TRUE	FALSE
Tmem239	chr2	TRUE	FALSE
Tmem240	chr4	TRUE	FALSE
Tmem241	chr18	FALSE	TRUE
Tmem242	chr17	TRUE	TRUE
Tmem243	chr5	TRUE	TRUE
Tmem245	chr4	TRUE	TRUE
Tmem246	chr4	FALSE	FALSE
Tmem247	chr17	FALSE	FALSE
Tmem248	chr5	FALSE	FALSE
Tmem249	chr15	FALSE	FALSE
Tmem25	chr9	FALSE	FALSE
Tmem250-ps	chr2	FALSE	FALSE
Tmem251	chr12	FALSE	FALSE
Tmem252	chr19	FALSE	FALSE
Tmem253	chr14	TRUE	FALSE
Tmem255a	chrX	FALSE	FALSE
Tmem255b	chr8	TRUE	FALSE
Tmem258	chr19	TRUE	FALSE
Tmem259	chr10	FALSE	FALSE
Tmem26	chr10	FALSE	FALSE
Tmem260	chr14	FALSE	TRUE
Tmem262	chr19	FALSE	FALSE
Tmem263	chr10	FALSE	FALSE
Tmem265	chr7	FALSE	FALSE
Tmem266	chr9	FALSE	TRUE
Tmem267	chr13	FALSE	TRUE
Tmem268	chr4	TRUE	FALSE
Tmem269	chr4	FALSE	FALSE
Tmem270	chr5	TRUE	FALSE
Tmem273	chr14	FALSE	FALSE
Tmem274	chr4	FALSE	FALSE
Tmem28	chrX	FALSE	FALSE
Tmem29	chrX	TRUE	TRUE
Tmem30a	chr9	TRUE	TRUE
Tmem30c	chr16	FALSE	FALSE
Tmem33	chr5	FALSE	FALSE
Tmem35a	chrX	FALSE	FALSE
Tmem35b	chr4	TRUE	FALSE
Tmem37	chr1	TRUE	FALSE
Tmem38a	chr8	TRUE	TRUE
Tmem38b	chr4	TRUE	TRUE
Tmem39a	chr16	FALSE	FALSE
Tmem39b	chr4	FALSE	FALSE
Tmem40	chr6	FALSE	FALSE
Tmem41a	chr16	TRUE	TRUE
Tmem41b	chr7	FALSE	FALSE
Tmem42	chr9	FALSE	FALSE
Tmem43	chr6	FALSE	FALSE
Tmem44	chr16	TRUE	TRUE
Tmem45a	chr16	FALSE	TRUE
Tmem45a2	chr16	FALSE	FALSE
Tmem45b	chr9	FALSE	FALSE
Tmem47	chrX	FALSE	FALSE
Tmem50a	chr4	FALSE	FALSE
Tmem50b	chr16	FALSE	FALSE
Tmem51	chr4	FALSE	FALSE
Tmem52	chr4	TRUE	TRUE
Tmem52b	chr6	TRUE	FALSE
Tmem53	chr4	FALSE	FALSE
Tmem54	chr4	TRUE	TRUE
Tmem59	chr4	FALSE	FALSE
Tmem59l	chr8	TRUE	FALSE
Tmem60	chr5	FALSE	FALSE
Tmem61	chr4	TRUE	TRUE
Tmem62	chr2	FALSE	FALSE
Tmem63a	chr1	FALSE	FALSE
Tmem63b	chr17	FALSE	FALSE
Tmem63c	chr12	FALSE	FALSE
Tmem64	chr4	FALSE	FALSE
Tmem65	chr15	FALSE	FALSE
Tmem67	chr4	FALSE	FALSE
Tmem68	chr4	FALSE	FALSE
Tmem69	chr4	FALSE	FALSE
Tmem70	chr1	FALSE	FALSE
Tmem71	chr15	FALSE	FALSE
Tmem72	chr6	TRUE	FALSE
Tmem74	chr15	FALSE	FALSE
Tmem74b	chr2	FALSE	FALSE
Tmem74bos	chr2	TRUE	FALSE
Tmem79	chr3	FALSE	FALSE
Tmem8	chr17	TRUE	FALSE
Tmem80	chr7	FALSE	FALSE
Tmem81	chr1	TRUE	FALSE
Tmem82	chr4	TRUE	TRUE
Tmem86a	chr7	FALSE	FALSE
Tmem86b	chr7	TRUE	FALSE
Tmem87a	chr2	FALSE	FALSE
Tmem87b	chr2	FALSE	TRUE
Tmem88	chr11	FALSE	FALSE
Tmem88b	chr4	TRUE	FALSE
Tmem8b	chr4	FALSE	FALSE
Tmem9	chr1	FALSE	FALSE
Tmem91	chr7	FALSE	FALSE
Tmem92	chr11	FALSE	FALSE
Tmem94	chr11	FALSE	FALSE
Tmem95	chr11	TRUE	FALSE
Tmem97	chr11	FALSE	FALSE
Tmem98	chr11	TRUE	FALSE
Tmem9b	chr7	TRUE	TRUE
Tmf1	chr6	FALSE	FALSE
Tmie	chr9	FALSE	FALSE
Tmigd1	chr11	FALSE	FALSE
Tmigd3	chr3	TRUE	TRUE
Tmod1	chr4	TRUE	TRUE
Tmod2	chr9	TRUE	TRUE
Tmod3	chr9	TRUE	TRUE
Tmod4	chr3	TRUE	FALSE
Tmpo	chr10	FALSE	FALSE
Tmppe	chr9	TRUE	FALSE
Tmprss11a	chr5	FALSE	FALSE
Tmprss11b	chr5	FALSE	FALSE
Tmprss11c	chr5	FALSE	FALSE
Tmprss11d	chr5	FALSE	FALSE
Tmprss11e	chr5	TRUE	TRUE
Tmprss11f	chr5	FALSE	FALSE
Tmprss11g	chr5	FALSE	FALSE
Tmprss12	chr15	FALSE	FALSE
Tmprss13	chr9	TRUE	FALSE
Tmprss15	chr16	FALSE	FALSE
Tmprss2	chr16	FALSE	FALSE
Tmprss3	chr17	FALSE	FALSE
Tmprss4	chr9	FALSE	FALSE
Tmprss5	chr9	TRUE	FALSE
Tmprss6	chr15	TRUE	TRUE
Tmprss7	chr16	FALSE	FALSE
Tmprss9	chr10	TRUE	FALSE
Tmsb10	chr6	FALSE	FALSE
Tmsb15a	chrX	TRUE	FALSE
Tmsb15b1	chrX	FALSE	FALSE
Tmsb15b2	chrX	FALSE	FALSE
Tmsb15l	chrX	FALSE	FALSE
Tmsb4x	chrX	FALSE	FALSE
Tmtc1	chr6	TRUE	TRUE
Tmtc2	chr10	FALSE	FALSE
Tmtc3	chr10	FALSE	FALSE
Tmtc4	chr14	FALSE	FALSE
Tmub1	chr5	FALSE	FALSE
Tmub2	chr11	FALSE	FALSE
Tmx1	chr12	FALSE	FALSE
Tmx2	chr2	FALSE	FALSE
Tmx3	chr18	FALSE	FALSE
Tmx4	chr2	FALSE	TRUE
Tnc	chr4	FALSE	FALSE
Tnf	chr17	TRUE	FALSE
Tnfaip1	chr11	FALSE	FALSE
Tnfaip2	chr12	TRUE	FALSE
Tnfaip3	chr10	TRUE	FALSE
Tnfaip6	chr2	TRUE	FALSE
Tnfaip8	chr18	TRUE	TRUE
Tnfaip8l1	chr17	FALSE	FALSE
Tnfaip8l2	chr3	TRUE	TRUE
Tnfaip8l3	chr9	TRUE	FALSE
Tnfrsf10b	chr14	FALSE	FALSE
Tnfrsf11a	chr1	FALSE	TRUE
Tnfrsf11b	chr15	FALSE	FALSE
Tnfrsf12a	chr17	TRUE	FALSE
Tnfrsf13b	chr11	TRUE	TRUE
Tnfrsf13c	chr15	FALSE	FALSE
Tnfrsf14	chr4	TRUE	FALSE
Tnfrsf17	chr16	FALSE	FALSE
Tnfrsf18	chr4	FALSE	FALSE
Tnfrsf19	chr14	TRUE	TRUE
Tnfrsf1a	chr6	TRUE	FALSE
Tnfrsf1b	chr4	TRUE	TRUE
Tnfrsf21	chr17	FALSE	FALSE
Tnfrsf22	chr7	FALSE	FALSE
Tnfrsf23	chr7	TRUE	FALSE
Tnfrsf25	chr4	FALSE	FALSE
Tnfrsf26	chr7	TRUE	FALSE
Tnfrsf4	chr4	FALSE	FALSE
Tnfrsf8	chr4	FALSE	TRUE
Tnfrsf9	chr4	TRUE	TRUE
Tnfsf10	chr3	FALSE	FALSE
Tnfsf11	chr14	TRUE	TRUE
Tnfsf12	chr11	FALSE	FALSE
Tnfsf13	chr11	FALSE	FALSE
Tnfsf13b	chr8	FALSE	FALSE
Tnfsf14	chr17	FALSE	FALSE
Tnfsf15	chr4	TRUE	FALSE
Tnfsf18	chr1	FALSE	FALSE
Tnfsf4	chr1	FALSE	FALSE
Tnfsf8	chr4	TRUE	TRUE
Tnfsf9	chr17	FALSE	FALSE
Tnfsfm13	chr11	FALSE	FALSE
Tnik	chr3	TRUE	TRUE
Tnip1	chr11	TRUE	FALSE
Tnip2	chr5	TRUE	FALSE
Tnip3	chr6	FALSE	TRUE
Tnk1	chr11	FALSE	FALSE
Tnk2	chr16	FALSE	FALSE
Tnks	chr8	FALSE	FALSE
Tnks1bp1	chr2	TRUE	FALSE
Tnks2	chr19	FALSE	FALSE
Tnmd	chrX	FALSE	FALSE
Tnn	chr1	FALSE	FALSE
Tnnc1	chr14	TRUE	FALSE
Tnnc2	chr2	FALSE	FALSE
Tnni1	chr1	TRUE	TRUE
Tnni2	chr7	TRUE	FALSE
Tnni3	chr7	TRUE	FALSE
Tnni3k	chr3	FALSE	FALSE
Tnnt1	chr7	FALSE	FALSE
Tnnt2	chr1	TRUE	TRUE
Tnnt3	chr7	TRUE	FALSE
Tnp1	chr1	FALSE	FALSE
Tnp2	chr16	TRUE	FALSE
Tnpo1	chr13	FALSE	TRUE
Tnpo2	chr8	TRUE	FALSE
Tnpo3	chr6	FALSE	FALSE
Tnr	chr1	FALSE	FALSE
Tnrc18	chr5	TRUE	TRUE
Tnrc6a	chr7	TRUE	TRUE
Tnrc6b	chr15	TRUE	TRUE
Tnrc6c	chr11	TRUE	TRUE
Tns1	chr1	FALSE	TRUE
Tns2	chr15	TRUE	TRUE
Tns3	chr11	FALSE	FALSE
Tns4	chr11	TRUE	TRUE
Tnxb	chr17	FALSE	FALSE
Tob1	chr11	TRUE	FALSE
Tob2	chr15	FALSE	FALSE
Toe1	chr4	FALSE	FALSE
Togaram1	chr12	FALSE	FALSE
Togaram2	chr17	TRUE	TRUE
Tollip	chr7	TRUE	FALSE
Tom1	chr8	FALSE	FALSE
Tom1l1	chr11	FALSE	FALSE
Tom1l2	chr11	TRUE	TRUE
Tomm20	chr8	FALSE	FALSE
Tomm20l	chr12	FALSE	FALSE
Tomm22	chr15	FALSE	FALSE
Tomm34	chr2	FALSE	FALSE
Tomm40	chr7	FALSE	FALSE
Tomm40l	chr1	FALSE	FALSE
Tomm5	chr4	TRUE	FALSE
Tomm6	chr17	FALSE	FALSE
Tomm7	chr5	FALSE	FALSE
Tomm70a	chr16	FALSE	FALSE
Tomt	chr7	TRUE	FALSE
Tonsl	chr15	FALSE	FALSE
Top1	chr2	TRUE	TRUE
Top1mt	chr15	TRUE	FALSE
Top2a	chr11	FALSE	FALSE
Top2b	chr14	FALSE	FALSE
Top3a	chr11	FALSE	FALSE
Top3b	chr16	TRUE	TRUE
Topaz1	chr9	FALSE	TRUE
Topbp1	chr9	FALSE	FALSE
Topors	chr4	FALSE	FALSE
Toporsl	chr4	FALSE	FALSE
Tor1a	chr2	FALSE	FALSE
Tor1aip1	chr1	TRUE	TRUE
Tor1aip2	chr1	FALSE	FALSE
Tor1b	chr2	FALSE	FALSE
Tor2a	chr2	FALSE	FALSE
Tor3a	chr1	FALSE	FALSE
Tor4a	chr2	TRUE	FALSE
Tox	chr4	FALSE	FALSE
Tox2	chr2	FALSE	FALSE
Tox3	chr8	FALSE	FALSE
Tox4	chr14	TRUE	FALSE
Tpbg	chr9	FALSE	TRUE
Tpbpa	chr13	TRUE	FALSE
Tpbpb	chr13	FALSE	FALSE
Tpcn1	chr5	FALSE	FALSE
Tpcn2	chr7	TRUE	TRUE
Tpd52	chr3	FALSE	FALSE
Tpd52l1	chr10	FALSE	TRUE
Tpd52l2	chr2	FALSE	FALSE
Tpgs1	chr10	FALSE	FALSE
Tpgs2	chr18	FALSE	FALSE
Tph1	chr7	FALSE	FALSE
Tph2	chr10	FALSE	FALSE
Tpi1	chr6	FALSE	FALSE
Tpk1	chr6	FALSE	FALSE
Tpm1	chr9	TRUE	FALSE
Tpm2	chr4	TRUE	FALSE
Tpm3	chr3	FALSE	FALSE
Tpm4	chr8	FALSE	FALSE
Tpmt	chr13	FALSE	FALSE
Tpo	chr12	FALSE	FALSE
Tpp1	chr7	FALSE	FALSE
Tpp2	chr1	FALSE	TRUE
Tppp	chr13	FALSE	FALSE
Tppp2	chr14	TRUE	FALSE
Tppp3	chr8	TRUE	FALSE
Tpr	chr1	FALSE	FALSE
Tpra1	chr6	TRUE	FALSE
Tprg	chr16	FALSE	FALSE
Tprgl	chr4	TRUE	FALSE
Tprkb	chr6	FALSE	FALSE
Tprn	chr2	TRUE	FALSE
Tpsab1	chr17	FALSE	FALSE
Tpsb2	chr17	TRUE	FALSE
Tpsg1	chr17	FALSE	FALSE
Tpst1	chr5	TRUE	TRUE
Tpst2	chr5	TRUE	FALSE
Tpt1	chr14	FALSE	FALSE
Tpte	chr8	FALSE	FALSE
Tpx2	chr2	FALSE	FALSE
Tra2a	chr6	FALSE	FALSE
Tra2b	chr16	FALSE	FALSE
Trabd	chr15	FALSE	FALSE
Trabd2b	chr4	FALSE	FALSE
Tradd	chr8	TRUE	FALSE
Traf1	chr2	FALSE	FALSE
Traf2	chr2	FALSE	FALSE
Traf3	chr12	FALSE	FALSE
Traf3ip1	chr1	TRUE	TRUE
Traf3ip2	chr10	FALSE	FALSE
Traf3ip3	chr1	FALSE	FALSE
Traf4	chr11	TRUE	FALSE
Traf5	chr1	TRUE	FALSE
Traf6	chr2	FALSE	FALSE
Traf7	chr17	TRUE	TRUE
Trafd1	chr5	TRUE	FALSE
Traip	chr9	FALSE	TRUE
Trak1	chr9	TRUE	TRUE
Trak2	chr1	FALSE	TRUE
Tram1	chr1	TRUE	FALSE
Tram2	chr1	FALSE	TRUE
Trank1	chr9	TRUE	TRUE
Trap1	chr16	FALSE	FALSE
Trap1a	chrX	TRUE	FALSE
Trappc1	chr11	FALSE	FALSE
Trappc10	chr10	FALSE	TRUE
Trappc11	chr8	FALSE	FALSE
Trappc12	chr12	FALSE	TRUE
Trappc13	chr13	FALSE	FALSE
Trappc2	chrX	TRUE	FALSE
Trappc2l	chr8	TRUE	FALSE
Trappc3	chr4	FALSE	FALSE
Trappc3l	chr10	FALSE	FALSE
Trappc4	chr9	FALSE	FALSE
Trappc6a	chr7	FALSE	FALSE
Trappc6b	chr12	FALSE	FALSE
Trappc8	chr18	FALSE	FALSE
Trappc9	chr15	FALSE	TRUE
Trarg1	chr11	FALSE	TRUE
Trat1	chr16	FALSE	FALSE
Trcg1	chr9	TRUE	FALSE
Trdmt1	chr2	FALSE	FALSE
Trdn	chr10	FALSE	TRUE
Treh	chr9	TRUE	TRUE
Trem1	chr17	FALSE	FALSE
Trem2	chr17	TRUE	TRUE
Trem3	chr17	FALSE	FALSE
Treml1	chr17	TRUE	TRUE
Treml2	chr17	TRUE	FALSE
Treml4	chr17	TRUE	FALSE
Trex1	chr9	FALSE	FALSE
Trex2	chrX	TRUE	FALSE
Trf	chr9	TRUE	TRUE
Trh	chr6	FALSE	FALSE
Trhde	chr10	FALSE	TRUE
Trhr	chr15	FALSE	FALSE
Trhr2	chr8	FALSE	FALSE
Triap1	chr5	TRUE	FALSE
Trib1	chr15	FALSE	FALSE
Trib2	chr12	TRUE	TRUE
Trib3	chr2	FALSE	FALSE
Trim10	chr17	FALSE	FALSE
Trim11	chr11	FALSE	FALSE
Trim12a	chr7	FALSE	FALSE
Trim12c	chr7	FALSE	FALSE
Trim13	chr14	FALSE	FALSE
Trim14	chr4	TRUE	TRUE
Trim15	chr17	FALSE	FALSE
Trim16	chr11	FALSE	FALSE
Trim17	chr11	FALSE	FALSE
Trim2	chr3	TRUE	TRUE
Trim21	chr7	FALSE	FALSE
Trim23	chr13	FALSE	FALSE
Trim24	chr6	TRUE	TRUE
Trim25	chr11	TRUE	TRUE
Trim26	chr17	FALSE	FALSE
Trim27	chr13	FALSE	FALSE
Trim28	chr7	FALSE	FALSE
Trim29	chr9	TRUE	TRUE
Trim3	chr7	FALSE	FALSE
Trim30a	chr7	FALSE	FALSE
Trim30b	chr7	FALSE	FALSE
Trim30c	chr7	FALSE	FALSE
Trim30d	chr7	FALSE	FALSE
Trim31	chr17	FALSE	FALSE
Trim32	chr4	FALSE	FALSE
Trim33	chr3	FALSE	TRUE
Trim34a	chr7	FALSE	FALSE
Trim34b	chr7	FALSE	FALSE
Trim35	chr14	FALSE	FALSE
Trim36	chr18	TRUE	TRUE
Trim37	chr11	FALSE	FALSE
Trim38	chr13	FALSE	FALSE
Trim39	chr17	TRUE	FALSE
Trim40	chr17	FALSE	FALSE
Trim41	chr11	TRUE	FALSE
Trim42	chr9	FALSE	FALSE
Trim43a	chr9	FALSE	FALSE
Trim43b	chr9	FALSE	FALSE
Trim43c	chr9	FALSE	FALSE
Trim44	chr2	FALSE	FALSE
Trim45	chr3	FALSE	TRUE
Trim46	chr3	FALSE	FALSE
Trim47	chr11	TRUE	FALSE
Trim5	chr7	TRUE	TRUE
Trim50	chr5	FALSE	FALSE
Trim52	chr14	FALSE	FALSE
Trim54	chr5	FALSE	FALSE
Trim55	chr3	TRUE	TRUE
Trim56	chr5	TRUE	FALSE
Trim58	chr11	FALSE	FALSE
Trim59	chr3	FALSE	FALSE
Trim6	chr7	FALSE	FALSE
Trim60	chr8	FALSE	FALSE
Trim61	chr8	FALSE	FALSE
Trim62	chr4	FALSE	FALSE
Trim63	chr4	TRUE	FALSE
Trim65	chr11	FALSE	FALSE
Trim66	chr7	FALSE	FALSE
Trim67	chr8	TRUE	TRUE
Trim68	chr7	FALSE	FALSE
Trim69	chr2	TRUE	FALSE
Trim7	chr11	TRUE	FALSE
Trim71	chr9	TRUE	TRUE
Trim72	chr7	TRUE	FALSE
Trim75	chr8	FALSE	FALSE
Trim8	chr19	TRUE	FALSE
Trim80	chr11	TRUE	FALSE
Trim9	chr12	TRUE	TRUE
Triml1	chr8	TRUE	FALSE
Triml2	chr8	FALSE	FALSE
Trio	chr15	TRUE	TRUE
Triobp	chr15	FALSE	FALSE
Trip10	chr17	TRUE	TRUE
Trip11	chr12	TRUE	TRUE
Trip12	chr1	FALSE	TRUE
Trip13	chr13	FALSE	FALSE
Trip4	chr9	FALSE	FALSE
Trip6	chr5	TRUE	FALSE
Triqk	chr4	FALSE	FALSE
Trir	chr8	TRUE	FALSE
Trit1	chr4	FALSE	FALSE
Trmo	chr4	FALSE	FALSE
Trmt1	chr8	FALSE	FALSE
Trmt10a	chr3	FALSE	FALSE
Trmt10b	chr4	FALSE	TRUE
Trmt10c	chr16	FALSE	FALSE
Trmt11	chr10	FALSE	TRUE
Trmt112	chr19	TRUE	FALSE
Trmt13	chr3	FALSE	TRUE
Trmt1l	chr1	TRUE	TRUE
Trmt2a	chr16	TRUE	FALSE
Trmt2b	chrX	FALSE	FALSE
Trmt44	chr5	FALSE	FALSE
Trmt5	chr12	TRUE	FALSE
Trmt6	chr2	FALSE	FALSE
Trmt61a	chr12	TRUE	FALSE
Trmt9b	chr8	FALSE	FALSE
Trmu	chr15	FALSE	FALSE
Trnau1ap	chr4	FALSE	FALSE
Trnp1	chr4	TRUE	FALSE
Trnt1	chr6	FALSE	FALSE
Tro	chrX	FALSE	FALSE
Troap	chr15	TRUE	FALSE
Trp53	chr11	FALSE	FALSE
Trp53bp1	chr2	TRUE	TRUE
Trp53bp2	chr1	FALSE	FALSE
Trp53i11	chr2	FALSE	FALSE
Trp53i13	chr11	TRUE	FALSE
Trp53inp1	chr4	FALSE	FALSE
Trp53inp2	chr2	TRUE	TRUE
Trp53rka	chr2	TRUE	FALSE
Trp53rkb	chr2	FALSE	FALSE
Trp53tg5	chr2	FALSE	FALSE
Trp63	chr16	FALSE	TRUE
Trp73	chr4	TRUE	TRUE
Trpa1	chr1	FALSE	TRUE
Trpc1	chr9	FALSE	FALSE
Trpc2	chr7	TRUE	FALSE
Trpc3	chr3	FALSE	FALSE
Trpc4	chr3	FALSE	TRUE
Trpc4ap	chr2	TRUE	TRUE
Trpc5	chrX	FALSE	FALSE
Trpc5os	chrX	FALSE	FALSE
Trpc6	chr9	FALSE	FALSE
Trpc7	chr13	FALSE	FALSE
Trpm1	chr7	FALSE	TRUE
Trpm2	chr10	FALSE	TRUE
Trpm3	chr19	FALSE	FALSE
Trpm4	chr7	FALSE	FALSE
Trpm5	chr7	TRUE	TRUE
Trpm6	chr19	FALSE	TRUE
Trpm7	chr2	FALSE	FALSE
Trpm8	chr1	FALSE	FALSE
Trps1	chr15	TRUE	TRUE
Trpt1	chr19	TRUE	FALSE
Trpv1	chr11	FALSE	FALSE
Trpv2	chr11	FALSE	FALSE
Trpv3	chr11	TRUE	FALSE
Trpv4	chr5	FALSE	FALSE
Trpv5	chr6	FALSE	FALSE
Trpv6	chr6	FALSE	FALSE
Trrap	chr5	FALSE	TRUE
Trub1	chr19	TRUE	TRUE
Trub2	chr2	FALSE	FALSE
Try10	chr6	TRUE	FALSE
Try4	chr6	TRUE	FALSE
Try5	chr6	TRUE	FALSE
Tsacc	chr3	FALSE	FALSE
Tsc1	chr2	TRUE	FALSE
Tsc2	chr17	TRUE	TRUE
Tsc22d1	chr14	TRUE	TRUE
Tsc22d2	chr3	FALSE	TRUE
Tsc22d3	chrX	FALSE	FALSE
Tsc22d4	chr5	TRUE	TRUE
Tsen15	chr1	FALSE	FALSE
Tsen2	chr6	FALSE	FALSE
Tsen34	chr7	TRUE	FALSE
Tsen54	chr11	FALSE	FALSE
Tsfm	chr10	FALSE	FALSE
Tsg101	chr7	FALSE	FALSE
Tsga10	chr1	FALSE	FALSE
Tsga10ip	chr19	TRUE	TRUE
Tsga13	chr6	FALSE	FALSE
Tsga8	chrX	TRUE	FALSE
Tshb	chr3	FALSE	FALSE
Tshr	chr12	FALSE	TRUE
Tshz1	chr18	FALSE	FALSE
Tshz2	chr2	TRUE	TRUE
Tshz3	chr7	TRUE	TRUE
Tsks	chr7	FALSE	FALSE
Tsku	chr7	TRUE	FALSE
Tslp	chr18	TRUE	FALSE
Tsn	chr1	TRUE	FALSE
Tsnax	chr8	FALSE	FALSE
Tsnaxip1	chr8	TRUE	FALSE
Tspan1	chr4	FALSE	FALSE
Tspan10	chr11	FALSE	FALSE
Tspan11	chr6	FALSE	TRUE
Tspan12	chr6	FALSE	FALSE
Tspan13	chr12	TRUE	TRUE
Tspan14	chr14	FALSE	FALSE
Tspan15	chr10	TRUE	TRUE
Tspan17	chr13	FALSE	FALSE
Tspan18	chr2	FALSE	FALSE
Tspan2	chr3	FALSE	FALSE
Tspan3	chr9	TRUE	TRUE
Tspan31	chr10	FALSE	FALSE
Tspan32	chr7	TRUE	TRUE
Tspan33	chr6	TRUE	FALSE
Tspan4	chr7	FALSE	FALSE
Tspan5	chr3	FALSE	TRUE
Tspan6	chrX	TRUE	FALSE
Tspan7	chrX	FALSE	FALSE
Tspan8	chr10	FALSE	FALSE
Tspan9	chr6	FALSE	FALSE
Tspear	chr10	FALSE	TRUE
Tspo	chr15	TRUE	FALSE
Tspo2	chr17	TRUE	FALSE
Tspoap1	chr11	FALSE	FALSE
Tspyl2	chrX	TRUE	FALSE
Tsr1	chr11	FALSE	TRUE
Tsr2	chrX	FALSE	FALSE
Tsr3	chr17	FALSE	FALSE
Tssk3	chr4	TRUE	FALSE
Tssk4	chr14	FALSE	FALSE
Tssk5	chr15	FALSE	FALSE
Tst	chr15	FALSE	FALSE
Tsta3	chr15	FALSE	FALSE
Tstd1	chr1	FALSE	FALSE
Tstd2	chr4	FALSE	FALSE
Tstd3	chr4	TRUE	FALSE
Tsx	chrX	FALSE	FALSE
Ttbk1	chr17	FALSE	TRUE
Ttbk2	chr2	FALSE	TRUE
Ttc1	chr11	FALSE	FALSE
Ttc12	chr9	FALSE	FALSE
Ttc13	chr8	FALSE	TRUE
Ttc14	chr3	FALSE	FALSE
Ttc16	chr2	TRUE	FALSE
Ttc17	chr2	FALSE	TRUE
Ttc19	chr11	FALSE	FALSE
Ttc21a	chr9	FALSE	FALSE
Ttc21b	chr2	FALSE	FALSE
Ttc22	chr4	FALSE	FALSE
Ttc23	chr7	TRUE	TRUE
Ttc23l	chr15	FALSE	FALSE
Ttc24	chr3	FALSE	FALSE
Ttc25	chr11	TRUE	TRUE
Ttc26	chr6	FALSE	FALSE
Ttc27	chr17	FALSE	TRUE
Ttc28	chr5	FALSE	FALSE
Ttc29	chr8	TRUE	TRUE
Ttc3	chr16	TRUE	TRUE
Ttc32	chr12	FALSE	FALSE
Ttc33	chr15	FALSE	FALSE
Ttc34	chr4	FALSE	FALSE
Ttc36	chr9	TRUE	FALSE
Ttc37	chr13	FALSE	FALSE
Ttc38	chr15	FALSE	FALSE
Ttc39a	chr4	TRUE	TRUE
Ttc39b	chr4	FALSE	FALSE
Ttc39c	chr18	FALSE	FALSE
Ttc39d	chr17	TRUE	FALSE
Ttc4	chr4	FALSE	FALSE
Ttc41	chr10	FALSE	FALSE
Ttc5	chr14	FALSE	FALSE
Ttc6	chr12	FALSE	TRUE
Ttc7	chr17	FALSE	FALSE
Ttc7b	chr12	TRUE	TRUE
Ttc8	chr12	FALSE	FALSE
Ttc9	chr12	FALSE	TRUE
Ttc9b	chr7	TRUE	FALSE
Ttc9c	chr19	FALSE	FALSE
Ttf1	chr2	FALSE	TRUE
Ttf2	chr3	FALSE	FALSE
Tti1	chr2	FALSE	FALSE
Tti2	chr8	TRUE	FALSE
Ttk	chr9	FALSE	FALSE
Ttl	chr2	FALSE	FALSE
Ttll1	chr15	FALSE	FALSE
Ttll10	chr4	TRUE	FALSE
Ttll11	chr2	FALSE	TRUE
Ttll12	chr15	FALSE	FALSE
Ttll13	chr7	FALSE	FALSE
Ttll2	chr17	TRUE	FALSE
Ttll3	chr6	TRUE	FALSE
Ttll4	chr1	FALSE	TRUE
Ttll5	chr12	TRUE	TRUE
Ttll6	chr11	FALSE	FALSE
Ttll7	chr3	TRUE	TRUE
Ttll8	chr15	FALSE	TRUE
Ttll9	chr2	TRUE	FALSE
Ttn	chr2	FALSE	TRUE
Ttpa	chr4	FALSE	FALSE
Ttpal	chr2	FALSE	FALSE
Ttr	chr18	FALSE	FALSE
Ttyh1	chr7	FALSE	FALSE
Ttyh2	chr11	FALSE	FALSE
Ttyh3	chr5	FALSE	FALSE
Tub	chr7	FALSE	FALSE
Tuba1a	chr15	TRUE	FALSE
Tuba1b	chr15	FALSE	FALSE
Tuba1c	chr15	TRUE	FALSE
Tuba3a	chr6	FALSE	FALSE
Tuba3b	chr6	FALSE	FALSE
Tuba4a	chr1	FALSE	FALSE
Tuba8	chr6	TRUE	FALSE
Tubal3	chr13	TRUE	TRUE
Tubb1	chr2	TRUE	FALSE
Tubb2a	chr13	FALSE	FALSE
Tubb2b	chr13	TRUE	FALSE
Tubb3	chr8	FALSE	FALSE
Tubb4a	chr17	TRUE	FALSE
Tubb4b	chr2	FALSE	FALSE
Tubb5	chr17	TRUE	FALSE
Tubb6	chr18	TRUE	FALSE
Tubd1	chr11	TRUE	TRUE
Tube1	chr10	FALSE	FALSE
Tubg1	chr11	FALSE	FALSE
Tubg2	chr11	FALSE	FALSE
Tubgcp2	chr7	FALSE	FALSE
Tubgcp3	chr8	FALSE	TRUE
Tubgcp4	chr2	FALSE	FALSE
Tubgcp5	chr7	FALSE	FALSE
Tubgcp6	chr15	FALSE	FALSE
Tufm	chr7	TRUE	FALSE
Tuft1	chr3	TRUE	TRUE
Tug1	chr11	FALSE	TRUE
Tulp1	chr17	FALSE	FALSE
Tulp2	chr7	TRUE	FALSE
Tulp3	chr6	FALSE	TRUE
Tulp4	chr17	FALSE	TRUE
Tunar	chr12	TRUE	TRUE
Tusc2	chr9	FALSE	FALSE
Tusc3	chr8	FALSE	FALSE
Tut1	chr19	FALSE	FALSE
Tut4	chr4	FALSE	TRUE
Tut7	chr13	TRUE	TRUE
Tvp23a	chr16	TRUE	TRUE
Tvp23b	chr11	FALSE	TRUE
Twf1	chr15	TRUE	FALSE
Twf2	chr9	FALSE	FALSE
Twist1	chr12	TRUE	FALSE
Twist2	chr1	FALSE	FALSE
Twistnb	chr12	FALSE	FALSE
Twnk	chr19	TRUE	FALSE
Twsg1	chr17	FALSE	FALSE
Txk	chr5	TRUE	TRUE
Txlna	chr4	FALSE	FALSE
Txlnb	chr10	TRUE	TRUE
Txlng	chrX	FALSE	FALSE
Txn1	chr4	FALSE	FALSE
Txn2	chr15	FALSE	FALSE
Txndc11	chr16	TRUE	TRUE
Txndc12	chr4	FALSE	FALSE
Txndc15	chr13	TRUE	FALSE
Txndc16	chr14	TRUE	TRUE
Txndc17	chr11	FALSE	FALSE
Txndc2	chr17	TRUE	FALSE
Txndc5	chr13	TRUE	FALSE
Txndc8	chr4	FALSE	FALSE
Txndc9	chr1	FALSE	FALSE
Txnip	chr3	FALSE	FALSE
Txnl1	chr18	FALSE	FALSE
Txnl4a	chr18	FALSE	FALSE
Txnl4b	chr8	TRUE	TRUE
Txnrd1	chr10	FALSE	FALSE
Txnrd2	chr16	TRUE	FALSE
Txnrd3	chr6	TRUE	FALSE
Tyk2	chr9	FALSE	FALSE
Tymp	chr15	FALSE	FALSE
Tyms	chr5	TRUE	TRUE
Tyr	chr7	FALSE	TRUE
Tyro3	chr2	FALSE	FALSE
Tyrobp	chr7	FALSE	FALSE
Tyrp1	chr4	FALSE	FALSE
Tysnd1	chr10	FALSE	FALSE
Tyw1	chr5	FALSE	FALSE
Tyw3	chr3	FALSE	FALSE
Tyw5	chr1	FALSE	FALSE
U2af1	chr17	FALSE	FALSE
U2af1l4	chr7	FALSE	FALSE
U2af2	chr7	TRUE	TRUE
U2surp	chr9	FALSE	FALSE
Uaca	chr9	FALSE	FALSE
Uap1	chr1	FALSE	FALSE
Uap1l1	chr2	TRUE	FALSE
Uba1	chrX	FALSE	FALSE
Uba2	chr7	FALSE	FALSE
Uba3	chr6	FALSE	FALSE
Uba5	chr9	FALSE	FALSE
Uba52	chr8	FALSE	FALSE
Uba6	chr5	FALSE	TRUE
Uba7	chr9	FALSE	FALSE
Ubac1	chr2	TRUE	TRUE
Ubac2	chr14	TRUE	TRUE
Ubald2	chr11	FALSE	FALSE
Ubap1	chr4	FALSE	FALSE
Ubap1l	chr9	FALSE	FALSE
Ubap2	chr4	FALSE	FALSE
Ubap2l	chr3	TRUE	TRUE
Ubash3a	chr17	TRUE	TRUE
Ubash3b	chr9	FALSE	FALSE
Ubb	chr11	TRUE	FALSE
Ubc	chr5	FALSE	FALSE
Ubd	chr17	FALSE	FALSE
Ube2a	chrX	FALSE	FALSE
Ube2b	chr11	FALSE	FALSE
Ube2c	chr2	TRUE	FALSE
Ube2cbp	chr9	FALSE	TRUE
Ube2d1	chr10	FALSE	FALSE
Ube2d2a	chr18	FALSE	TRUE
Ube2d3	chr3	FALSE	FALSE
Ube2dnl2	chrX	FALSE	FALSE
Ube2e1	chr14	TRUE	TRUE
Ube2e2	chr14	FALSE	TRUE
Ube2e3	chr2	TRUE	TRUE
Ube2f	chr1	FALSE	FALSE
Ube2g1	chr11	FALSE	FALSE
Ube2g2	chr10	FALSE	FALSE
Ube2h	chr6	FALSE	TRUE
Ube2i	chr17	FALSE	FALSE
Ube2j1	chr4	FALSE	FALSE
Ube2j2	chr4	TRUE	TRUE
Ube2k	chr5	TRUE	TRUE
Ube2l3	chr16	FALSE	FALSE
Ube2l6	chr2	FALSE	FALSE
Ube2m	chr7	FALSE	FALSE
Ube2n	chr10	TRUE	TRUE
Ube2o	chr11	TRUE	TRUE
Ube2q1	chr3	FALSE	FALSE
Ube2q2	chr9	FALSE	FALSE
Ube2ql1	chr13	TRUE	TRUE
Ube2r2	chr4	TRUE	TRUE
Ube2s	chr7	TRUE	FALSE
Ube2t	chr1	FALSE	FALSE
Ube2u	chr4	TRUE	TRUE
Ube2v1	chr2	FALSE	FALSE
Ube2v2	chr16	FALSE	FALSE
Ube2w	chr1	TRUE	TRUE
Ube2z	chr11	FALSE	FALSE
Ube3a	chr7	FALSE	TRUE
Ube3b	chr5	TRUE	FALSE
Ube3c	chr5	TRUE	TRUE
Ube4a	chr9	FALSE	FALSE
Ube4b	chr4	FALSE	TRUE
Ubfd1	chr7	FALSE	FALSE
Ubiad1	chr4	FALSE	FALSE
Ubl3	chr5	FALSE	FALSE
Ubl4a	chrX	FALSE	FALSE
Ubl5	chr9	FALSE	FALSE
Ubl7	chr9	FALSE	FALSE
Ublcp1	chr11	FALSE	FALSE
Ubn1	chr16	FALSE	FALSE
Ubn2	chr6	FALSE	TRUE
Ubox5	chr2	TRUE	FALSE
Ubp1	chr9	TRUE	TRUE
Ubqln1	chr13	FALSE	FALSE
Ubqln3	chr7	TRUE	FALSE
Ubqln4	chr3	FALSE	FALSE
Ubr1	chr2	FALSE	FALSE
Ubr2	chr17	FALSE	TRUE
Ubr3	chr2	FALSE	TRUE
Ubr4	chr4	TRUE	TRUE
Ubr5	chr15	FALSE	TRUE
Ubr7	chr12	FALSE	FALSE
Ubtd1	chr19	FALSE	FALSE
Ubtd2	chr11	FALSE	FALSE
Ubtf	chr11	FALSE	FALSE
Ubtfl1	chr9	FALSE	FALSE
Ubxn1	chr19	FALSE	FALSE
Ubxn10	chr4	FALSE	FALSE
Ubxn11	chr4	FALSE	FALSE
Ubxn2a	chr12	FALSE	FALSE
Ubxn2b	chr4	FALSE	FALSE
Ubxn4	chr1	FALSE	FALSE
Ubxn6	chr17	FALSE	FALSE
Ubxn7	chr16	FALSE	TRUE
Ubxn8	chr8	FALSE	FALSE
Uchl1	chr5	FALSE	FALSE
Uchl3	chr14	FALSE	FALSE
Uchl5	chr1	TRUE	FALSE
Uck1	chr2	TRUE	FALSE
Uck2	chr1	FALSE	FALSE
Uckl1	chr2	TRUE	FALSE
Ucma	chr2	TRUE	FALSE
Ucn	chr5	FALSE	FALSE
Ucn3	chr13	TRUE	FALSE
Ucp1	chr8	FALSE	FALSE
Ucp2	chr7	TRUE	FALSE
Ucp3	chr7	FALSE	FALSE
Uevld	chr7	TRUE	TRUE
Ufc1	chr1	TRUE	FALSE
Ufd1	chr16	FALSE	FALSE
Ufl1	chr4	FALSE	FALSE
Ufm1	chr3	FALSE	FALSE
Ufsp2	chr8	FALSE	FALSE
Ugcg	chr4	TRUE	TRUE
Ugdh	chr5	FALSE	FALSE
Uggt1	chr1	FALSE	TRUE
Uggt2	chr14	TRUE	TRUE
Ugp2	chr11	FALSE	FALSE
Ugt1a1	chr1	FALSE	FALSE
Ugt1a10	chr1	FALSE	FALSE
Ugt1a2	chr1	FALSE	FALSE
Ugt1a5	chr1	FALSE	FALSE
Ugt1a6a	chr1	FALSE	FALSE
Ugt1a6b	chr1	FALSE	FALSE
Ugt1a7c	chr1	FALSE	FALSE
Ugt1a8	chr1	FALSE	FALSE
Ugt1a9	chr1	FALSE	FALSE
Ugt2a1	chr5	FALSE	FALSE
Ugt2a2	chr5	FALSE	FALSE
Ugt2a3	chr5	FALSE	FALSE
Ugt2b1	chr5	FALSE	FALSE
Ugt2b34	chr5	FALSE	FALSE
Ugt2b35	chr5	FALSE	FALSE
Ugt2b36	chr5	FALSE	FALSE
Ugt2b37	chr5	FALSE	FALSE
Ugt2b38	chr5	FALSE	FALSE
Ugt2b5	chr5	FALSE	FALSE
Ugt3a1	chr15	FALSE	TRUE
Ugt3a2	chr15	FALSE	FALSE
Ugt8a	chr3	TRUE	TRUE
Uhmk1	chr1	FALSE	FALSE
Uhrf1	chr17	FALSE	FALSE
Uhrf1bp1	chr17	FALSE	FALSE
Uhrf1bp1l	chr10	TRUE	TRUE
Uhrf2	chr19	FALSE	FALSE
Uimc1	chr13	FALSE	TRUE
Ulbp1	chr10	FALSE	TRUE
Ulk1	chr5	TRUE	FALSE
Ulk2	chr11	FALSE	TRUE
Ulk3	chr9	TRUE	FALSE
Ulk4	chr9	TRUE	TRUE
Umad1	chr6	FALSE	TRUE
Umod	chr7	FALSE	FALSE
Umodl1	chr17	TRUE	TRUE
Umps	chr16	FALSE	FALSE
Unc119	chr11	FALSE	FALSE
Unc119b	chr5	FALSE	FALSE
Unc13a	chr8	TRUE	TRUE
Unc13b	chr4	TRUE	TRUE
Unc13c	chr9	TRUE	TRUE
Unc13d	chr11	FALSE	FALSE
Unc45a	chr7	TRUE	FALSE
Unc45b	chr11	TRUE	TRUE
Unc50	chr1	FALSE	FALSE
Unc5a	chr13	TRUE	TRUE
Unc5b	chr10	TRUE	TRUE
Unc5c	chr3	FALSE	FALSE
Unc5cl	chr17	TRUE	TRUE
Unc5d	chr8	FALSE	FALSE
Unc79	chr12	TRUE	TRUE
Unc80	chr1	FALSE	TRUE
Unc93a	chr17	FALSE	FALSE
Unc93a2	chr17	TRUE	TRUE
Unc93b1	chr19	FALSE	FALSE
Uncx	chr5	TRUE	FALSE
Ung	chr5	TRUE	FALSE
Unk	chr11	FALSE	FALSE
Unkl	chr17	FALSE	TRUE
Uox	chr3	FALSE	FALSE
Upb1	chr10	FALSE	FALSE
Upf1	chr8	FALSE	FALSE
Upf2	chr2	TRUE	TRUE
Upf3a	chr8	FALSE	FALSE
Upf3b	chrX	FALSE	TRUE
Upk1a	chr7	FALSE	FALSE
Upk1b	chr16	FALSE	FALSE
Upk2	chr9	TRUE	FALSE
Upk3a	chr15	FALSE	FALSE
Upk3b	chr5	TRUE	FALSE
Upk3bl	chr5	TRUE	FALSE
Upp1	chr11	FALSE	FALSE
Upp2	chr2	FALSE	FALSE
Uprt	chrX	FALSE	FALSE
Uqcc1	chr2	FALSE	TRUE
Uqcc2	chr17	TRUE	TRUE
Uqcc3	chr19	TRUE	FALSE
Uqcr10	chr11	TRUE	FALSE
Uqcr11	chr10	FALSE	FALSE
Uqcrb	chr13	FALSE	FALSE
Uqcrc1	chr9	TRUE	TRUE
Uqcrc2	chr7	FALSE	FALSE
Uqcrfs1	chr13	FALSE	FALSE
Uqcrh	chr4	FALSE	FALSE
Uqcrq	chr11	FALSE	FALSE
Urad	chr5	FALSE	FALSE
Urah	chr7	FALSE	FALSE
Urb1	chr16	FALSE	FALSE
Urb2	chr8	FALSE	FALSE
Urgcp	chr11	FALSE	FALSE
Uri1	chr7	TRUE	TRUE
Urm1	chr2	TRUE	TRUE
Uroc1	chr6	FALSE	FALSE
Urod	chr4	FALSE	FALSE
Uros	chr7	FALSE	FALSE
Usb1	chr8	FALSE	FALSE
Use1	chr8	FALSE	FALSE
Usf1	chr1	TRUE	FALSE
Usf2	chr7	FALSE	FALSE
Usf3	chr16	FALSE	FALSE
Ush1c	chr7	TRUE	TRUE
Ush1g	chr11	TRUE	TRUE
Ush2a	chr1	FALSE	FALSE
Ushbp1	chr8	FALSE	FALSE
Uso1	chr5	FALSE	TRUE
Usp1	chr4	TRUE	FALSE
Usp10	chr8	FALSE	FALSE
Usp11	chrX	FALSE	FALSE
Usp12	chr5	FALSE	FALSE
Usp13	chr3	FALSE	FALSE
Usp14	chr18	FALSE	FALSE
Usp15	chr10	FALSE	TRUE
Usp16	chr16	FALSE	FALSE
Usp17la	chr7	TRUE	FALSE
Usp17lb	chr7	TRUE	FALSE
Usp17lc	chr7	FALSE	FALSE
Usp17ld	chr7	TRUE	FALSE
Usp17le	chr7	FALSE	FALSE
Usp18	chr6	TRUE	TRUE
Usp19	chr9	FALSE	FALSE
Usp2	chr9	FALSE	FALSE
Usp20	chr2	FALSE	FALSE
Usp21	chr1	TRUE	FALSE
Usp22	chr11	TRUE	TRUE
Usp24	chr4	FALSE	TRUE
Usp25	chr16	FALSE	FALSE
Usp26	chrX	TRUE	TRUE
Usp27x	chrX	TRUE	FALSE
Usp28	chr9	FALSE	FALSE
Usp29	chr7	FALSE	FALSE
Usp3	chr9	FALSE	TRUE
Usp30	chr5	FALSE	FALSE
Usp31	chr7	FALSE	TRUE
Usp32	chr11	TRUE	TRUE
Usp33	chr3	FALSE	TRUE
Usp34	chr11	TRUE	TRUE
Usp35	chr7	TRUE	TRUE
Usp36	chr11	TRUE	FALSE
Usp37	chr1	FALSE	FALSE
Usp38	chr8	FALSE	FALSE
Usp39	chr6	FALSE	FALSE
Usp4	chr9	FALSE	FALSE
Usp40	chr1	FALSE	FALSE
Usp42	chr5	FALSE	FALSE
Usp43	chr11	FALSE	FALSE
Usp44	chr10	TRUE	TRUE
Usp45	chr4	TRUE	TRUE
Usp46	chr5	FALSE	FALSE
Usp47	chr7	TRUE	TRUE
Usp48	chr4	FALSE	FALSE
Usp49	chr17	FALSE	FALSE
Usp5	chr6	FALSE	FALSE
Usp50	chr2	FALSE	TRUE
Usp51	chrX	TRUE	FALSE
Usp53	chr3	FALSE	FALSE
Usp54	chr14	TRUE	TRUE
Usp6nl	chr2	FALSE	FALSE
Usp7	chr16	TRUE	TRUE
Usp8	chr2	FALSE	TRUE
Usp9x	chrX	FALSE	FALSE
Uspl1	chr5	FALSE	FALSE
Ust	chr10	FALSE	TRUE
Utf1	chr7	FALSE	FALSE
Utp11	chr4	FALSE	FALSE
Utp14a	chrX	FALSE	FALSE
Utp14b	chr1	TRUE	FALSE
Utp15	chr13	FALSE	FALSE
Utp18	chr11	FALSE	FALSE
Utp20	chr10	FALSE	TRUE
Utp23	chr15	FALSE	FALSE
Utp25	chr1	FALSE	FALSE
Utp4	chr8	FALSE	FALSE
Utp6	chr11	TRUE	FALSE
Utrn	chr10	FALSE	FALSE
Uts2	chr4	FALSE	FALSE
Uts2b	chr16	FALSE	FALSE
Uvrag	chr7	TRUE	TRUE
Uvssa	chr5	FALSE	TRUE
Uxs1	chr1	TRUE	TRUE
Uxt	chrX	FALSE	FALSE
V1rd19	chr7	FALSE	FALSE
Vac14	chr8	FALSE	FALSE
Vamp1	chr6	FALSE	FALSE
Vamp2	chr11	FALSE	FALSE
Vamp3	chr4	FALSE	FALSE
Vamp4	chr1	TRUE	FALSE
Vamp5	chr6	TRUE	FALSE
Vamp8	chr6	FALSE	FALSE
Vamp9	chr5	TRUE	TRUE
Vangl1	chr3	TRUE	TRUE
Vangl2	chr1	TRUE	TRUE
Vapa	chr17	FALSE	FALSE
Vapb	chr2	TRUE	TRUE
Vars	chr17	FALSE	FALSE
Vars2	chr17	FALSE	FALSE
Vash1	chr12	FALSE	FALSE
Vash2	chr1	TRUE	TRUE
Vasn	chr16	TRUE	TRUE
Vasp	chr7	FALSE	FALSE
Vat1	chr11	TRUE	FALSE
Vat1l	chr8	TRUE	TRUE
Vav1	chr17	FALSE	FALSE
Vav2	chr2	TRUE	TRUE
Vav3	chr3	FALSE	TRUE
Vax1	chr19	FALSE	FALSE
Vax2	chr6	FALSE	FALSE
Vbp1	chrX	FALSE	FALSE
Vcam1	chr3	FALSE	FALSE
Vcan	chr13	FALSE	TRUE
Vcl	chr14	FALSE	TRUE
Vcp	chr4	FALSE	FALSE
Vcpip1	chr1	FALSE	FALSE
Vcpkmt	chr12	TRUE	FALSE
Vdac1	chr11	TRUE	FALSE
Vdac2	chr14	FALSE	FALSE
Vdac3	chr8	TRUE	FALSE
Vdr	chr15	TRUE	TRUE
Vegfa	chr17	TRUE	TRUE
Vegfb	chr19	TRUE	FALSE
Vegfc	chr8	FALSE	FALSE
Vegfd	chrX	FALSE	FALSE
Veph1	chr3	FALSE	FALSE
Vezf1	chr11	FALSE	TRUE
Vezt	chr10	TRUE	TRUE
Vgf	chr5	FALSE	FALSE
Vgll1	chrX	FALSE	FALSE
Vgll2	chr10	FALSE	FALSE
Vgll3	chr16	FALSE	FALSE
Vgll4	chr6	TRUE	TRUE
Vhl	chr6	TRUE	FALSE
Vil1	chr1	TRUE	FALSE
Vill	chr9	TRUE	FALSE
Vim	chr2	TRUE	FALSE
Vinac1	chr2	FALSE	FALSE
Vip	chr10	FALSE	FALSE
Vipas39	chr12	FALSE	FALSE
Vipr1	chr9	TRUE	TRUE
Vipr2	chr12	FALSE	FALSE
Virma	chr4	FALSE	FALSE
Vit	chr17	TRUE	TRUE
Vkorc1	chr7	FALSE	FALSE
Vkorc1l1	chr5	TRUE	TRUE
Vldlr	chr19	FALSE	FALSE
Vma21	chrX	TRUE	FALSE
Vmac	chr17	TRUE	FALSE
Vmn1r1	chr1	FALSE	FALSE
Vmn1r10	chr6	FALSE	FALSE
Vmn1r11	chr6	FALSE	FALSE
Vmn1r12	chr6	FALSE	FALSE
Vmn1r13	chr6	FALSE	FALSE
Vmn1r14	chr6	FALSE	FALSE
Vmn1r16	chr6	FALSE	FALSE
Vmn1r167	chr7	FALSE	FALSE
Vmn1r168	chr7	FALSE	FALSE
Vmn1r169	chr7	FALSE	FALSE
Vmn1r17	chr6	TRUE	FALSE
Vmn1r171	chr7	FALSE	FALSE
Vmn1r172	chr7	TRUE	FALSE
Vmn1r173	chr7	FALSE	FALSE
Vmn1r174	chr7	FALSE	FALSE
Vmn1r175	chr7	FALSE	FALSE
Vmn1r176	chr7	FALSE	FALSE
Vmn1r178	chr7	TRUE	FALSE
Vmn1r179	chr7	TRUE	FALSE
Vmn1r18	chr6	TRUE	FALSE
Vmn1r181	chr7	FALSE	FALSE
Vmn1r183	chr7	TRUE	FALSE
Vmn1r184	chr7	FALSE	FALSE
Vmn1r185	chr7	FALSE	FALSE
Vmn1r188	chr13	FALSE	FALSE
Vmn1r189	chr13	TRUE	FALSE
Vmn1r191	chr13	FALSE	FALSE
Vmn1r192	chr13	FALSE	FALSE
Vmn1r193	chr13	FALSE	FALSE
Vmn1r195	chr13	FALSE	FALSE
Vmn1r196	chr13	FALSE	FALSE
Vmn1r197	chr13	FALSE	FALSE
Vmn1r198	chr13	FALSE	FALSE
Vmn1r199	chr13	FALSE	FALSE
Vmn1r2	chr4	FALSE	FALSE
Vmn1r20	chr6	FALSE	FALSE
Vmn1r200	chr13	FALSE	FALSE
Vmn1r201	chr13	FALSE	FALSE
Vmn1r202	chr13	FALSE	FALSE
Vmn1r203	chr13	FALSE	FALSE
Vmn1r204	chr13	TRUE	FALSE
Vmn1r206	chr13	FALSE	FALSE
Vmn1r207	chr13	TRUE	FALSE
Vmn1r208	chr13	FALSE	FALSE
Vmn1r209	chr13	TRUE	FALSE
Vmn1r21	chr6	TRUE	TRUE
Vmn1r210	chr13	TRUE	FALSE
Vmn1r211	chr13	FALSE	FALSE
Vmn1r213	chr13	FALSE	FALSE
Vmn1r214	chr13	FALSE	FALSE
Vmn1r215	chr13	FALSE	FALSE
Vmn1r216	chr13	FALSE	FALSE
Vmn1r217	chr13	FALSE	FALSE
Vmn1r218	chr13	TRUE	FALSE
Vmn1r219	chr13	FALSE	FALSE
Vmn1r22	chr6	FALSE	FALSE
Vmn1r220	chr13	FALSE	FALSE
Vmn1r221	chr13	FALSE	FALSE
Vmn1r222	chr13	FALSE	FALSE
Vmn1r223	chr13	TRUE	FALSE
Vmn1r224	chr17	FALSE	FALSE
Vmn1r225	chr17	FALSE	FALSE
Vmn1r226	chr17	FALSE	FALSE
Vmn1r227	chr17	FALSE	FALSE
Vmn1r228	chr17	TRUE	FALSE
Vmn1r229	chr17	TRUE	FALSE
Vmn1r230	chr17	TRUE	FALSE
Vmn1r231	chr17	FALSE	FALSE
Vmn1r232	chr17	TRUE	FALSE
Vmn1r233	chr17	TRUE	FALSE
Vmn1r234	chr17	FALSE	FALSE
Vmn1r235	chr17	FALSE	FALSE
Vmn1r236	chr17	FALSE	FALSE
Vmn1r237	chr17	TRUE	FALSE
Vmn1r24	chr6	FALSE	FALSE
Vmn1r25	chr6	TRUE	FALSE
Vmn1r26	chr6	FALSE	FALSE
Vmn1r27	chr6	FALSE	FALSE
Vmn1r28	chr6	FALSE	FALSE
Vmn1r29	chr6	FALSE	FALSE
Vmn1r30	chr6	FALSE	FALSE
Vmn1r31	chr6	TRUE	FALSE
Vmn1r32	chr6	FALSE	FALSE
Vmn1r33	chr6	FALSE	FALSE
Vmn1r34	chr6	FALSE	FALSE
Vmn1r35	chr6	FALSE	FALSE
Vmn1r36	chr6	TRUE	FALSE
Vmn1r37	chr6	FALSE	FALSE
Vmn1r38	chr6	FALSE	FALSE
Vmn1r39	chr6	TRUE	FALSE
Vmn1r4	chr6	FALSE	FALSE
Vmn1r40	chr6	FALSE	FALSE
Vmn1r41	chr6	FALSE	FALSE
Vmn1r42	chr6	FALSE	FALSE
Vmn1r43	chr6	FALSE	FALSE
Vmn1r44	chr6	FALSE	FALSE
Vmn1r45	chr6	TRUE	FALSE
Vmn1r46	chr6	FALSE	FALSE
Vmn1r47	chr6	FALSE	FALSE
Vmn1r49	chr6	TRUE	FALSE
Vmn1r5	chr6	FALSE	FALSE
Vmn1r50	chr6	FALSE	FALSE
Vmn1r51	chr6	TRUE	FALSE
Vmn1r52	chr6	FALSE	TRUE
Vmn1r54	chr6	FALSE	FALSE
Vmn1r55	chr7	FALSE	FALSE
Vmn1r57	chr7	TRUE	FALSE
Vmn1r58	chr7	TRUE	FALSE
Vmn1r59	chr7	TRUE	FALSE
Vmn1r6	chr6	FALSE	FALSE
Vmn1r60	chr7	FALSE	FALSE
Vmn1r61	chr7	FALSE	FALSE
Vmn1r65	chr7	TRUE	FALSE
Vmn1r66	chr7	FALSE	FALSE
Vmn1r67	chr7	TRUE	FALSE
Vmn1r68	chr7	FALSE	TRUE
Vmn1r69	chr7	FALSE	FALSE
Vmn1r71	chr7	TRUE	FALSE
Vmn1r72	chr7	FALSE	FALSE
Vmn1r73	chr7	FALSE	FALSE
Vmn1r74	chr7	FALSE	FALSE
Vmn1r75	chr7	TRUE	FALSE
Vmn1r76	chr7	FALSE	TRUE
Vmn1r77	chr7	FALSE	FALSE
Vmn1r78	chr7	FALSE	FALSE
Vmn1r79	chr7	FALSE	FALSE
Vmn1r8	chr6	TRUE	FALSE
Vmn1r80	chr7	FALSE	FALSE
Vmn1r81	chr7	FALSE	FALSE
Vmn1r82	chr7	FALSE	FALSE
Vmn1r83	chr7	FALSE	FALSE
Vmn1r84	chr7	FALSE	FALSE
Vmn1r85	chr7	FALSE	FALSE
Vmn1r86	chr7	FALSE	FALSE
Vmn1r87	chr7	TRUE	FALSE
Vmn1r88	chr7	FALSE	FALSE
Vmn1r89	chr7	FALSE	FALSE
Vmn1r9	chr6	FALSE	FALSE
Vmn1r90	chr7	TRUE	FALSE
Vmn2r-ps130	chr17	FALSE	FALSE
Vmn2r-ps159	chr4	FALSE	FALSE
Vmn2r1	chr3	FALSE	FALSE
Vmn2r10	chr5	FALSE	FALSE
Vmn2r100	chr17	FALSE	FALSE
Vmn2r101	chr17	FALSE	FALSE
Vmn2r102	chr17	FALSE	TRUE
Vmn2r103	chr17	FALSE	FALSE
Vmn2r104	chr17	FALSE	FALSE
Vmn2r105	chr17	FALSE	FALSE
Vmn2r106	chr17	FALSE	FALSE
Vmn2r107	chr17	TRUE	TRUE
Vmn2r108	chr17	FALSE	FALSE
Vmn2r109	chr17	FALSE	FALSE
Vmn2r11	chr5	FALSE	FALSE
Vmn2r110	chr17	FALSE	FALSE
Vmn2r111	chr17	FALSE	FALSE
Vmn2r112	chr17	TRUE	FALSE
Vmn2r113	chr17	FALSE	TRUE
Vmn2r114	chr17	TRUE	FALSE
Vmn2r115	chr17	FALSE	FALSE
Vmn2r116	chr17	FALSE	FALSE
Vmn2r117	chr17	FALSE	FALSE
Vmn2r118	chr17	FALSE	FALSE
Vmn2r12	chr5	FALSE	FALSE
Vmn2r120	chr17	FALSE	TRUE
Vmn2r121	chrX	FALSE	FALSE
Vmn2r124	chr17	FALSE	FALSE
Vmn2r126	chr7	TRUE	FALSE
Vmn2r13	chr5	FALSE	FALSE
Vmn2r14	chr5	TRUE	TRUE
Vmn2r15	chr5	FALSE	FALSE
Vmn2r16	chr5	FALSE	FALSE
Vmn2r17	chr5	FALSE	FALSE
Vmn2r18	chr5	FALSE	FALSE
Vmn2r19	chr6	FALSE	FALSE
Vmn2r2	chr3	FALSE	FALSE
Vmn2r20	chr6	FALSE	FALSE
Vmn2r22	chr6	FALSE	FALSE
Vmn2r23	chr6	FALSE	FALSE
Vmn2r24	chr6	FALSE	FALSE
Vmn2r25	chr6	FALSE	FALSE
Vmn2r26	chr6	FALSE	FALSE
Vmn2r27	chr6	FALSE	FALSE
Vmn2r28	chr7	FALSE	FALSE
Vmn2r29	chr7	FALSE	FALSE
Vmn2r3	chr3	FALSE	TRUE
Vmn2r30	chr7	FALSE	FALSE
Vmn2r31	chr7	FALSE	FALSE
Vmn2r32	chr7	TRUE	FALSE
Vmn2r33	chr7	FALSE	FALSE
Vmn2r34	chr7	FALSE	FALSE
Vmn2r35	chr7	FALSE	FALSE
Vmn2r36	chr7	FALSE	FALSE
Vmn2r37	chr7	TRUE	FALSE
Vmn2r38	chr7	FALSE	FALSE
Vmn2r39	chr7	FALSE	FALSE
Vmn2r4	chr3	FALSE	FALSE
Vmn2r40	chr7	FALSE	FALSE
Vmn2r41	chr7	TRUE	FALSE
Vmn2r42	chr7	FALSE	FALSE
Vmn2r43	chr7	TRUE	FALSE
Vmn2r44	chr7	FALSE	FALSE
Vmn2r45	chr7	FALSE	FALSE
Vmn2r48	chr7	TRUE	FALSE
Vmn2r49	chr7	FALSE	FALSE
Vmn2r5	chr3	TRUE	FALSE
Vmn2r50	chr7	FALSE	FALSE
Vmn2r51	chr7	FALSE	FALSE
Vmn2r52	chr7	FALSE	FALSE
Vmn2r53	chr7	FALSE	FALSE
Vmn2r54	chr7	FALSE	FALSE
Vmn2r55	chr7	FALSE	FALSE
Vmn2r56	chr7	FALSE	FALSE
Vmn2r57	chr7	FALSE	FALSE
Vmn2r58	chr7	FALSE	FALSE
Vmn2r59	chr7	FALSE	FALSE
Vmn2r6	chr3	FALSE	FALSE
Vmn2r60	chr7	FALSE	FALSE
Vmn2r61	chr7	FALSE	FALSE
Vmn2r62	chr7	TRUE	FALSE
Vmn2r63	chr7	FALSE	FALSE
Vmn2r65	chr7	FALSE	FALSE
Vmn2r66	chr7	FALSE	FALSE
Vmn2r67	chr7	FALSE	FALSE
Vmn2r68	chr7	TRUE	FALSE
Vmn2r69	chr7	FALSE	FALSE
Vmn2r7	chr3	FALSE	TRUE
Vmn2r70	chr7	FALSE	FALSE
Vmn2r71	chr7	FALSE	FALSE
Vmn2r72	chr7	FALSE	FALSE
Vmn2r73	chr7	FALSE	FALSE
Vmn2r74	chr7	TRUE	FALSE
Vmn2r75	chr7	TRUE	FALSE
Vmn2r76	chr7	FALSE	FALSE
Vmn2r77	chr7	FALSE	TRUE
Vmn2r78	chr7	FALSE	TRUE
Vmn2r79	chr7	FALSE	FALSE
Vmn2r8	chr5	TRUE	FALSE
Vmn2r80	chr10	FALSE	FALSE
Vmn2r81	chr10	FALSE	FALSE
Vmn2r82	chr10	FALSE	FALSE
Vmn2r83	chr10	FALSE	FALSE
Vmn2r84	chr10	TRUE	FALSE
Vmn2r85	chr10	FALSE	FALSE
Vmn2r86	chr10	FALSE	FALSE
Vmn2r87	chr10	FALSE	FALSE
Vmn2r88	chr14	FALSE	FALSE
Vmn2r9	chr5	TRUE	FALSE
Vmn2r90	chr17	FALSE	FALSE
Vmn2r91	chr17	FALSE	FALSE
Vmn2r92	chr17	FALSE	FALSE
Vmn2r93	chr17	FALSE	FALSE
Vmn2r94	chr17	FALSE	FALSE
Vmn2r95	chr17	FALSE	FALSE
Vmn2r96	chr17	FALSE	FALSE
Vmn2r97	chr17	FALSE	TRUE
Vmn2r98	chr17	FALSE	FALSE
Vmn2r99	chr17	FALSE	TRUE
Vmo1	chr11	TRUE	FALSE
Vmp1	chr11	FALSE	TRUE
Vnn1	chr10	TRUE	FALSE
Vnn3	chr10	FALSE	FALSE
Vopp1	chr6	FALSE	FALSE
Vpreb1	chr16	FALSE	FALSE
Vpreb2	chr16	FALSE	FALSE
Vpreb3	chr10	FALSE	FALSE
Vps11	chr9	TRUE	FALSE
Vps13a	chr19	FALSE	TRUE
Vps13b	chr15	TRUE	TRUE
Vps13c	chr9	FALSE	TRUE
Vps13d	chr4	TRUE	TRUE
Vps16	chr2	FALSE	FALSE
Vps18	chr2	FALSE	FALSE
Vps25	chr11	FALSE	FALSE
Vps26a	chr10	FALSE	FALSE
Vps26b	chr9	FALSE	FALSE
Vps26c	chr16	TRUE	TRUE
Vps28	chr15	FALSE	FALSE
Vps29	chr5	FALSE	FALSE
Vps33a	chr5	FALSE	FALSE
Vps33b	chr7	FALSE	FALSE
Vps35	chr8	FALSE	FALSE
Vps35l	chr7	FALSE	TRUE
Vps36	chr8	FALSE	FALSE
Vps37a	chr8	FALSE	FALSE
Vps37b	chr5	FALSE	FALSE
Vps37c	chr19	FALSE	FALSE
Vps37d	chr5	FALSE	FALSE
Vps39	chr2	FALSE	FALSE
Vps41	chr13	TRUE	TRUE
Vps45	chr3	FALSE	FALSE
Vps4a	chr8	TRUE	FALSE
Vps4b	chr1	FALSE	FALSE
Vps50	chr6	FALSE	TRUE
Vps51	chr19	FALSE	FALSE
Vps52	chr17	TRUE	FALSE
Vps53	chr11	FALSE	FALSE
Vps54	chr11	TRUE	TRUE
Vps72	chr3	FALSE	FALSE
Vps8	chr16	TRUE	TRUE
Vps9d1	chr8	FALSE	FALSE
Vrk1	chr12	TRUE	TRUE
Vrk2	chr11	FALSE	FALSE
Vrk3	chr7	FALSE	FALSE
Vrtn	chr12	FALSE	FALSE
Vsig1	chrX	FALSE	FALSE
Vsig10	chr5	TRUE	TRUE
Vsig10l	chr7	FALSE	FALSE
Vsig2	chr9	TRUE	FALSE
Vsig4	chrX	FALSE	FALSE
Vsig8	chr1	FALSE	FALSE
Vsir	chr10	TRUE	FALSE
Vsnl1	chr12	FALSE	TRUE
Vstm2a	chr11	FALSE	FALSE
Vstm2b	chr7	FALSE	FALSE
Vstm2l	chr2	TRUE	TRUE
Vstm4	chr14	FALSE	FALSE
Vstm5	chr9	FALSE	FALSE
Vsx1	chr2	TRUE	TRUE
Vsx2	chr12	TRUE	TRUE
Vta1	chr10	FALSE	FALSE
Vtcn1	chr3	FALSE	FALSE
Vti1a	chr19	TRUE	TRUE
Vti1b	chr12	TRUE	FALSE
Vtn	chr11	FALSE	FALSE
Vwa1	chr4	TRUE	FALSE
Vwa2	chr19	TRUE	TRUE
Vwa3a	chr7	FALSE	FALSE
Vwa3b	chr1	FALSE	FALSE
Vwa5a	chr9	FALSE	FALSE
Vwa5b1	chr4	TRUE	TRUE
Vwa5b2	chr16	TRUE	FALSE
Vwa7	chr17	FALSE	FALSE
Vwa8	chr14	FALSE	FALSE
Vwc2	chr11	FALSE	FALSE
Vwc2l	chr1	FALSE	FALSE
Vwce	chr19	FALSE	FALSE
Vwde	chr6	FALSE	TRUE
Vwf	chr6	TRUE	TRUE
Vxn	chr1	TRUE	FALSE
Wac	chr18	FALSE	TRUE
Wap	chr11	TRUE	FALSE
Wapl	chr14	FALSE	TRUE
Wars	chr12	TRUE	FALSE
Wars2	chr3	FALSE	FALSE
Was	chrX	FALSE	FALSE
Wasf1	chr10	FALSE	FALSE
Wasf2	chr4	FALSE	FALSE
Wasf3	chr5	TRUE	TRUE
Washc1	chr17	TRUE	FALSE
Washc2	chr6	FALSE	FALSE
Washc3	chr10	FALSE	FALSE
Washc4	chr10	FALSE	FALSE
Washc5	chr15	FALSE	FALSE
Wasl	chr6	TRUE	TRUE
Wbp1	chr6	FALSE	FALSE
Wbp11	chr6	FALSE	FALSE
Wbp1l	chr19	TRUE	TRUE
Wbp2	chr11	TRUE	FALSE
Wbp2nl	chr15	TRUE	TRUE
Wbp4	chr14	FALSE	FALSE
Wdcp	chr12	FALSE	FALSE
Wdfy1	chr1	FALSE	FALSE
Wdfy2	chr14	FALSE	FALSE
Wdfy3	chr5	FALSE	TRUE
Wdfy4	chr14	FALSE	FALSE
Wdhd1	chr14	FALSE	TRUE
Wdpcp	chr11	FALSE	FALSE
Wdr1	chr5	TRUE	FALSE
Wdr11	chr7	FALSE	FALSE
Wdr12	chr1	FALSE	FALSE
Wdr13	chrX	TRUE	FALSE
Wdr17	chr8	FALSE	FALSE
Wdr18	chr10	FALSE	FALSE
Wdr19	chr5	FALSE	FALSE
Wdr20	chr12	FALSE	FALSE
Wdr20rt	chr12	FALSE	FALSE
Wdr24	chr17	TRUE	FALSE
Wdr25	chr12	TRUE	TRUE
Wdr26	chr1	FALSE	FALSE
Wdr27	chr17	FALSE	FALSE
Wdr3	chr3	FALSE	FALSE
Wdr31	chr4	FALSE	FALSE
Wdr33	chr18	FALSE	TRUE
Wdr34	chr2	FALSE	FALSE
Wdr35	chr12	FALSE	FALSE
Wdr36	chr18	TRUE	TRUE
Wdr37	chr13	FALSE	TRUE
Wdr38	chr2	TRUE	FALSE
Wdr4	chr17	FALSE	FALSE
Wdr41	chr13	FALSE	TRUE
Wdr43	chr17	TRUE	TRUE
Wdr44	chrX	FALSE	FALSE
Wdr45	chrX	TRUE	FALSE
Wdr45b	chr11	FALSE	FALSE
Wdr46	chr17	FALSE	FALSE
Wdr47	chr3	FALSE	TRUE
Wdr48	chr9	FALSE	FALSE
Wdr49	chr3	FALSE	FALSE
Wdr5	chr2	FALSE	FALSE
Wdr53	chr16	TRUE	FALSE
Wdr54	chr6	FALSE	FALSE
Wdr55	chr18	FALSE	FALSE
Wdr59	chr8	TRUE	TRUE
Wdr6	chr9	TRUE	TRUE
Wdr60	chr12	FALSE	FALSE
Wdr61	chr9	FALSE	FALSE
Wdr62	chr7	TRUE	TRUE
Wdr63	chr3	FALSE	FALSE
Wdr64	chr1	FALSE	FALSE
Wdr66	chr5	FALSE	FALSE
Wdr7	chr18	TRUE	TRUE
Wdr70	chr15	TRUE	TRUE
Wdr72	chr9	FALSE	TRUE
Wdr73	chr7	FALSE	FALSE
Wdr74	chr19	TRUE	TRUE
Wdr75	chr1	FALSE	FALSE
Wdr76	chr2	FALSE	FALSE
Wdr77	chr3	FALSE	FALSE
Wdr78	chr4	FALSE	TRUE
Wdr81	chr11	FALSE	FALSE
Wdr82	chr9	TRUE	FALSE
Wdr83	chr8	FALSE	FALSE
Wdr83os	chr8	TRUE	FALSE
Wdr86	chr5	TRUE	TRUE
Wdr88	chr7	FALSE	FALSE
Wdr89	chr12	FALSE	TRUE
Wdr90	chr17	FALSE	FALSE
Wdr91	chr6	FALSE	FALSE
Wdr92	chr11	FALSE	FALSE
Wdr93	chr7	FALSE	FALSE
Wdr95	chr5	FALSE	TRUE
Wdsub1	chr2	FALSE	FALSE
Wdtc1	chr4	FALSE	FALSE
Wdyhv1	chr15	FALSE	FALSE
Wee1	chr7	TRUE	FALSE
Wee2	chr6	FALSE	FALSE
Wfdc1	chr8	TRUE	FALSE
Wfdc10	chr2	FALSE	FALSE
Wfdc11	chr2	TRUE	FALSE
Wfdc12	chr2	FALSE	FALSE
Wfdc13	chr2	FALSE	FALSE
Wfdc15a	chr2	TRUE	FALSE
Wfdc15b	chr2	FALSE	FALSE
Wfdc16	chr2	TRUE	FALSE
Wfdc17	chr11	FALSE	FALSE
Wfdc18	chr11	FALSE	FALSE
Wfdc2	chr2	TRUE	FALSE
Wfdc21	chr11	FALSE	FALSE
Wfdc3	chr2	FALSE	FALSE
Wfdc5	chr2	TRUE	TRUE
Wfdc6a	chr2	FALSE	FALSE
Wfdc6b	chr2	FALSE	FALSE
Wfdc8	chr2	FALSE	FALSE
Wfdc9	chr2	TRUE	FALSE
Wfikkn1	chr17	TRUE	FALSE
Wfikkn2	chr11	TRUE	FALSE
Wfs1	chr5	TRUE	TRUE
Whamm	chr7	TRUE	TRUE
Whrn	chr4	TRUE	TRUE
Wif1	chr10	TRUE	FALSE
Wipf1	chr2	TRUE	TRUE
Wipf2	chr11	TRUE	TRUE
Wipf3	chr6	FALSE	FALSE
Wipi1	chr11	FALSE	FALSE
Wipi2	chr5	TRUE	FALSE
Wiz	chr17	FALSE	FALSE
Wls	chr3	FALSE	FALSE
Wnk1	chr6	TRUE	TRUE
Wnk2	chr13	TRUE	TRUE
Wnk3	chrX	FALSE	TRUE
Wnk4	chr11	FALSE	FALSE
Wnt1	chr15	TRUE	TRUE
Wnt10a	chr1	TRUE	TRUE
Wnt10b	chr15	TRUE	FALSE
Wnt11	chr7	TRUE	FALSE
Wnt16	chr6	TRUE	FALSE
Wnt2	chr6	FALSE	FALSE
Wnt2b	chr3	FALSE	FALSE
Wnt3	chr11	TRUE	TRUE
Wnt3a	chr11	TRUE	TRUE
Wnt4	chr4	TRUE	TRUE
Wnt5a	chr14	FALSE	FALSE
Wnt5b	chr6	FALSE	FALSE
Wnt6	chr1	TRUE	FALSE
Wnt7a	chr6	TRUE	TRUE
Wnt7b	chr15	TRUE	TRUE
Wnt8a	chr18	FALSE	FALSE
Wnt8b	chr19	FALSE	FALSE
Wnt9a	chr11	TRUE	FALSE
Wnt9b	chr11	FALSE	FALSE
Wrap53	chr11	FALSE	FALSE
Wrap73	chr4	FALSE	FALSE
Wrn	chr8	FALSE	FALSE
Wrnip1	chr13	FALSE	FALSE
Wsb1	chr11	FALSE	FALSE
Wsb2	chr5	TRUE	TRUE
Wscd1	chr11	TRUE	TRUE
Wscd2	chr5	FALSE	TRUE
Wt1	chr2	FALSE	FALSE
Wtap	chr17	FALSE	FALSE
Wtip	chr7	FALSE	FALSE
Wwc1	chr11	TRUE	TRUE
Wwc2	chr8	TRUE	TRUE
Wwox	chr8	FALSE	FALSE
Wwp1	chr4	FALSE	TRUE
Wwp2	chr8	TRUE	TRUE
Wwtr1	chr3	FALSE	FALSE
Xab2	chr8	FALSE	TRUE
Xaf1	chr11	FALSE	FALSE
Xbp1	chr11	FALSE	FALSE
Xcl1	chr1	FALSE	FALSE
Xcr1	chr9	TRUE	TRUE
Xdh	chr17	FALSE	FALSE
Xiap	chrX	FALSE	FALSE
Xirp1	chr9	FALSE	FALSE
Xirp2	chr2	FALSE	FALSE
Xk	chrX	FALSE	FALSE
Xkr4	chr1	FALSE	TRUE
Xkr5	chr8	FALSE	FALSE
Xkr6	chr14	TRUE	TRUE
Xkr7	chr2	FALSE	FALSE
Xkr8	chr4	TRUE	FALSE
Xkr9	chr1	FALSE	FALSE
Xkrx	chrX	TRUE	FALSE
Xlr	chrX	FALSE	FALSE
Xlr3a	chrX	FALSE	FALSE
Xlr3b	chrX	TRUE	FALSE
Xlr3c	chrX	FALSE	FALSE
Xlr4a	chrX	FALSE	FALSE
Xlr4b	chrX	FALSE	FALSE
Xlr4c	chrX	FALSE	FALSE
Xlr5a	chrX	FALSE	FALSE
Xlr5c	chrX	FALSE	FALSE
Xndc1	chr7	TRUE	TRUE
Xntrpc	chr7	TRUE	TRUE
Xpa	chr4	FALSE	FALSE
Xpc	chr6	FALSE	TRUE
Xpnpep1	chr19	TRUE	TRUE
Xpnpep2	chrX	FALSE	FALSE
Xpnpep3	chr15	FALSE	TRUE
Xpo1	chr11	FALSE	FALSE
Xpo4	chr14	TRUE	TRUE
Xpo5	chr17	FALSE	FALSE
Xpo6	chr7	FALSE	TRUE
Xpo7	chr14	FALSE	TRUE
Xpot	chr10	FALSE	FALSE
Xpr1	chr1	TRUE	TRUE
Xrcc1	chr7	FALSE	FALSE
Xrcc2	chr5	FALSE	FALSE
Xrcc3	chr12	FALSE	FALSE
Xrcc4	chr13	FALSE	TRUE
Xrcc5	chr1	FALSE	FALSE
Xrcc6	chr15	FALSE	TRUE
Xrn1	chr9	FALSE	TRUE
Xrn2	chr2	FALSE	TRUE
Xrra1	chr7	FALSE	TRUE
Xxylt1	chr16	FALSE	FALSE
Xylb	chr9	TRUE	TRUE
Xylt1	chr7	FALSE	FALSE
Xylt2	chr11	TRUE	FALSE
Yae1d1	chr13	FALSE	FALSE
Yaf2	chr15	TRUE	TRUE
Yap1	chr9	FALSE	FALSE
Yars	chr4	FALSE	FALSE
Yars2	chr16	TRUE	FALSE
Ybey	chr10	FALSE	FALSE
Ybx1	chr4	FALSE	FALSE
Ybx2	chr11	TRUE	FALSE
Ybx3	chr6	FALSE	FALSE
Ydjc	chr16	FALSE	FALSE
Yeats2	chr16	FALSE	TRUE
Yeats4	chr10	TRUE	FALSE
Yes1	chr5	FALSE	FALSE
Yif1a	chr19	TRUE	FALSE
Yif1b	chr7	FALSE	FALSE
Yipf1	chr4	FALSE	TRUE
Yipf2	chr9	TRUE	FALSE
Yipf3	chr17	FALSE	FALSE
Yipf4	chr17	FALSE	FALSE
Yipf5	chr18	TRUE	FALSE
Yipf6	chrX	FALSE	FALSE
Yipf7	chr5	FALSE	FALSE
Yjefn3	chr8	TRUE	FALSE
Yju2	chr17	TRUE	FALSE
Ykt6	chr11	TRUE	FALSE
Ylpm1	chr12	FALSE	FALSE
Yme1l1	chr2	FALSE	FALSE
Yod1	chr1	TRUE	FALSE
Ypel1	chr16	TRUE	TRUE
Ypel2	chr11	FALSE	FALSE
Ypel3	chr7	TRUE	FALSE
Ypel4	chr2	TRUE	FALSE
Ypel5	chr17	FALSE	FALSE
Yrdc	chr4	FALSE	FALSE
Ythdc1	chr5	FALSE	FALSE
Ythdc2	chr18	FALSE	TRUE
Ythdf1	chr2	FALSE	FALSE
Ythdf2	chr4	FALSE	FALSE
Ythdf3	chr3	FALSE	FALSE
Ywhab	chr2	FALSE	FALSE
Ywhae	chr11	FALSE	FALSE
Ywhag	chr5	TRUE	FALSE
Ywhah	chr5	FALSE	FALSE
Ywhaq	chr12	FALSE	FALSE
Ywhaz	chr15	FALSE	FALSE
Yy1	chr12	TRUE	TRUE
Zadh2	chr18	FALSE	FALSE
Zan	chr5	FALSE	FALSE
Zap70	chr1	TRUE	TRUE
Zar1	chr5	TRUE	FALSE
Zar1l	chr5	TRUE	TRUE
Zbbx	chr3	FALSE	FALSE
Zbed3	chr13	FALSE	FALSE
Zbed4	chr15	TRUE	TRUE
Zbed5	chr5	FALSE	FALSE
Zbp1	chr2	FALSE	FALSE
Zbtb1	chr12	FALSE	FALSE
Zbtb10	chr3	FALSE	FALSE
Zbtb11	chr16	TRUE	TRUE
Zbtb12	chr17	FALSE	FALSE
Zbtb14	chr17	FALSE	FALSE
Zbtb16	chr9	TRUE	TRUE
Zbtb17	chr4	FALSE	FALSE
Zbtb18	chr1	FALSE	FALSE
Zbtb2	chr10	TRUE	TRUE
Zbtb20	chr16	FALSE	FALSE
Zbtb21	chr16	FALSE	FALSE
Zbtb22	chr17	TRUE	FALSE
Zbtb24	chr10	TRUE	FALSE
Zbtb25	chr12	TRUE	FALSE
Zbtb26	chr2	TRUE	FALSE
Zbtb3	chr19	TRUE	FALSE
Zbtb32	chr7	TRUE	FALSE
Zbtb33	chrX	FALSE	FALSE
Zbtb34	chr2	TRUE	FALSE
Zbtb37	chr1	FALSE	FALSE
Zbtb38	chr9	FALSE	FALSE
Zbtb39	chr10	TRUE	FALSE
Zbtb4	chr11	TRUE	TRUE
Zbtb40	chr4	FALSE	FALSE
Zbtb41	chr1	FALSE	FALSE
Zbtb42	chr12	FALSE	FALSE
Zbtb43	chr2	FALSE	FALSE
Zbtb44	chr9	FALSE	TRUE
Zbtb45	chr7	FALSE	FALSE
Zbtb46	chr2	FALSE	TRUE
Zbtb48	chr4	TRUE	FALSE
Zbtb49	chr5	FALSE	FALSE
Zbtb5	chr4	FALSE	FALSE
Zbtb6	chr2	TRUE	TRUE
Zbtb7a	chr10	TRUE	FALSE
Zbtb7b	chr3	FALSE	FALSE
Zbtb7c	chr18	TRUE	TRUE
Zbtb8a	chr4	TRUE	TRUE
Zbtb8b	chr4	FALSE	FALSE
Zbtb8os	chr4	FALSE	FALSE
Zbtb9	chr17	FALSE	FALSE
Zc2hc1a	chr3	FALSE	FALSE
Zc2hc1b	chr10	TRUE	TRUE
Zc2hc1c	chr12	FALSE	FALSE
Zc3h10	chr10	FALSE	FALSE
Zc3h11a	chr1	FALSE	FALSE
Zc3h12a	chr4	FALSE	FALSE
Zc3h12b	chrX	FALSE	FALSE
Zc3h12c	chr9	FALSE	TRUE
Zc3h12d	chr10	TRUE	TRUE
Zc3h13	chr14	TRUE	TRUE
Zc3h14	chr12	TRUE	TRUE
Zc3h15	chr2	FALSE	FALSE
Zc3h18	chr8	FALSE	FALSE
Zc3h3	chr15	TRUE	TRUE
Zc3h4	chr7	TRUE	TRUE
Zc3h6	chr2	TRUE	TRUE
Zc3h7a	chr16	FALSE	TRUE
Zc3h7b	chr15	FALSE	FALSE
Zc3h8	chr2	FALSE	FALSE
Zc3hav1	chr6	TRUE	TRUE
Zc3hav1l	chr6	TRUE	TRUE
Zc3hc1	chr6	FALSE	FALSE
Zc4h2	chrX	TRUE	FALSE
Zcchc10	chr11	FALSE	FALSE
Zcchc12	chrX	FALSE	FALSE
Zcchc14	chr8	TRUE	FALSE
Zcchc17	chr4	TRUE	TRUE
Zcchc18	chrX	FALSE	FALSE
Zcchc2	chr1	FALSE	FALSE
Zcchc24	chr14	TRUE	TRUE
Zcchc4	chr5	FALSE	TRUE
Zcchc7	chr4	TRUE	TRUE
Zcchc8	chr5	FALSE	FALSE
Zcchc9	chr13	FALSE	FALSE
Zcrb1	chr15	FALSE	FALSE
Zcwpw1	chr5	FALSE	FALSE
Zcwpw2	chr9	FALSE	FALSE
Zdbf2	chr1	TRUE	FALSE
Zdhhc1	chr8	FALSE	FALSE
Zdhhc11	chr13	FALSE	FALSE
Zdhhc12	chr2	FALSE	FALSE
Zdhhc13	chr7	FALSE	FALSE
Zdhhc14	chr17	FALSE	TRUE
Zdhhc15	chrX	FALSE	FALSE
Zdhhc16	chr19	FALSE	FALSE
Zdhhc17	chr10	TRUE	TRUE
Zdhhc18	chr4	FALSE	FALSE
Zdhhc19	chr16	TRUE	TRUE
Zdhhc2	chr8	FALSE	FALSE
Zdhhc20	chr14	FALSE	FALSE
Zdhhc21	chr4	TRUE	TRUE
Zdhhc22	chr12	TRUE	FALSE
Zdhhc23	chr16	TRUE	FALSE
Zdhhc24	chr19	FALSE	FALSE
Zdhhc3	chr9	FALSE	TRUE
Zdhhc4	chr5	FALSE	FALSE
Zdhhc5	chr2	FALSE	FALSE
Zdhhc6	chr19	FALSE	TRUE
Zdhhc7	chr8	FALSE	FALSE
Zdhhc8	chr16	TRUE	FALSE
Zdhhc9	chrX	FALSE	FALSE
Zeb1	chr18	FALSE	TRUE
Zeb2	chr2	TRUE	TRUE
Zer1	chr2	TRUE	TRUE
Zfand1	chr3	FALSE	FALSE
Zfand2a	chr5	FALSE	FALSE
Zfand2b	chr1	TRUE	FALSE
Zfand3	chr17	TRUE	TRUE
Zfand4	chr6	TRUE	TRUE
Zfand5	chr19	FALSE	FALSE
Zfand6	chr7	FALSE	FALSE
Zfat	chr15	FALSE	FALSE
Zfc3h1	chr10	FALSE	FALSE
Zfhx2	chr14	TRUE	TRUE
Zfhx3	chr8	FALSE	TRUE
Zfhx4	chr3	TRUE	TRUE
Zfp1	chr8	FALSE	FALSE
Zfp101	chr17	TRUE	TRUE
Zfp105	chr9	TRUE	FALSE
Zfp106	chr2	FALSE	FALSE
Zfp108	chr7	TRUE	FALSE
Zfp109	chr7	FALSE	FALSE
Zfp11	chr5	FALSE	FALSE
Zfp110	chr7	FALSE	FALSE
Zfp111	chr7	FALSE	FALSE
Zfp112	chr7	FALSE	TRUE
Zfp113	chr5	FALSE	FALSE
Zfp114	chr7	TRUE	FALSE
Zfp119a	chr17	FALSE	FALSE
Zfp119b	chr17	FALSE	FALSE
Zfp12	chr5	TRUE	TRUE
Zfp120	chr2	TRUE	FALSE
Zfp128	chr7	FALSE	FALSE
Zfp13	chr17	FALSE	FALSE
Zfp131	chr13	FALSE	FALSE
Zfp14	chr7	FALSE	FALSE
Zfp141	chr7	FALSE	FALSE
Zfp142	chr1	FALSE	FALSE
Zfp143	chr7	FALSE	FALSE
Zfp146	chr7	FALSE	FALSE
Zfp148	chr16	TRUE	TRUE
Zfp157	chr5	TRUE	FALSE
Zfp160	chr17	FALSE	FALSE
Zfp169	chr13	FALSE	FALSE
Zfp174	chr16	TRUE	TRUE
Zfp180	chr7	FALSE	FALSE
Zfp182	chrX	FALSE	FALSE
Zfp184	chr13	FALSE	FALSE
Zfp185	chrX	FALSE	FALSE
Zfp189	chr4	FALSE	FALSE
Zfp2	chr11	FALSE	FALSE
Zfp202	chr9	TRUE	FALSE
Zfp207	chr11	TRUE	TRUE
Zfp212	chr6	TRUE	FALSE
Zfp213	chr17	TRUE	FALSE
Zfp217	chr2	TRUE	TRUE
Zfp219	chr14	TRUE	FALSE
Zfp229	chr17	FALSE	FALSE
Zfp235	chr7	FALSE	FALSE
Zfp236	chr18	TRUE	TRUE
Zfp239	chr6	FALSE	FALSE
Zfp24	chr18	TRUE	FALSE
Zfp248	chr6	FALSE	FALSE
Zfp251	chr15	FALSE	FALSE
Zfp26	chr9	FALSE	TRUE
Zfp260	chr7	TRUE	FALSE
Zfp263	chr16	TRUE	FALSE
Zfp266	chr9	FALSE	FALSE
Zfp267	chr3	TRUE	FALSE
Zfp27	chr7	TRUE	FALSE
Zfp273	chr13	FALSE	FALSE
Zfp275	chrX	TRUE	TRUE
Zfp276	chr8	FALSE	FALSE
Zfp277	chr12	FALSE	FALSE
Zfp28	chr7	FALSE	FALSE
Zfp280b	chr10	FALSE	FALSE
Zfp280c	chrX	FALSE	FALSE
Zfp280d	chr9	TRUE	TRUE
Zfp281	chr1	FALSE	FALSE
Zfp282	chr6	FALSE	FALSE
Zfp286	chr11	FALSE	FALSE
Zfp287	chr11	FALSE	FALSE
Zfp292	chr4	FALSE	FALSE
Zfp296	chr7	FALSE	FALSE
Zfp3	chr11	TRUE	TRUE
Zfp30	chr7	FALSE	FALSE
Zfp300	chrX	FALSE	FALSE
Zfp316	chr5	TRUE	TRUE
Zfp317	chr9	FALSE	FALSE
Zfp318	chr17	TRUE	FALSE
Zfp319	chr8	FALSE	FALSE
Zfp322a	chr13	TRUE	TRUE
Zfp324	chr7	FALSE	FALSE
Zfp326	chr5	FALSE	TRUE
Zfp329	chr7	FALSE	TRUE
Zfp330	chr8	FALSE	FALSE
Zfp334	chr2	FALSE	FALSE
Zfp335	chr2	FALSE	FALSE
Zfp341	chr2	FALSE	FALSE
Zfp345	chr2	FALSE	FALSE
Zfp346	chr13	TRUE	TRUE
Zfp35	chr18	TRUE	TRUE
Zfp352	chr4	TRUE	FALSE
Zfp354a	chr11	FALSE	FALSE
Zfp354b	chr11	TRUE	FALSE
Zfp354c	chr11	FALSE	FALSE
Zfp358	chr8	TRUE	FALSE
Zfp362	chr4	TRUE	TRUE
Zfp365	chr10	FALSE	FALSE
Zfp366	chr13	FALSE	FALSE
Zfp367	chr13	FALSE	FALSE
Zfp369	chr13	FALSE	FALSE
Zfp36l1	chr12	TRUE	FALSE
Zfp36l2	chr17	FALSE	FALSE
Zfp37	chr4	FALSE	FALSE
Zfp382	chr7	FALSE	FALSE
Zfp383	chr7	FALSE	FALSE
Zfp384	chr6	FALSE	FALSE
Zfp385a	chr15	TRUE	FALSE
Zfp385b	chr2	TRUE	TRUE
Zfp385c	chr11	TRUE	TRUE
Zfp386	chr12	FALSE	FALSE
Zfp39	chr11	FALSE	FALSE
Zfp395	chr14	FALSE	FALSE
Zfp397	chr18	FALSE	TRUE
Zfp398	chr6	FALSE	FALSE
Zfp40	chr17	FALSE	FALSE
Zfp407	chr18	TRUE	TRUE
Zfp408	chr2	TRUE	FALSE
Zfp41	chr15	FALSE	FALSE
Zfp410	chr12	TRUE	TRUE
Zfp414	chr17	FALSE	FALSE
Zfp418	chr7	FALSE	FALSE
Zfp42	chr8	FALSE	FALSE
Zfp420	chr7	FALSE	TRUE
Zfp422	chr6	TRUE	FALSE
Zfp423	chr8	TRUE	TRUE
Zfp426	chr9	FALSE	FALSE
Zfp428	chr7	FALSE	FALSE
Zfp429	chr13	FALSE	FALSE
Zfp433	chr10	FALSE	FALSE
Zfp438	chr18	FALSE	TRUE
Zfp442	chr2	FALSE	FALSE
Zfp444	chr7	FALSE	FALSE
Zfp445	chr9	FALSE	FALSE
Zfp446	chr7	FALSE	FALSE
Zfp449	chrX	FALSE	FALSE
Zfp451	chr1	FALSE	TRUE
Zfp454	chr11	FALSE	FALSE
Zfp455	chr13	FALSE	FALSE
Zfp456	chr13	FALSE	FALSE
Zfp457	chr13	FALSE	FALSE
Zfp458	chr13	FALSE	FALSE
Zfp459	chr13	TRUE	FALSE
Zfp46	chr4	FALSE	FALSE
Zfp462	chr4	TRUE	TRUE
Zfp467	chr6	TRUE	FALSE
Zfp469	chr8	TRUE	TRUE
Zfp472	chr17	FALSE	FALSE
Zfp473	chr7	FALSE	FALSE
Zfp474	chr18	FALSE	FALSE
Zfp488	chr14	FALSE	FALSE
Zfp493	chr13	FALSE	FALSE
Zfp503	chr14	FALSE	FALSE
Zfp507	chr7	TRUE	TRUE
Zfp51	chr17	TRUE	FALSE
Zfp511	chr7	TRUE	FALSE
Zfp512	chr5	TRUE	FALSE
Zfp512b	chr2	FALSE	FALSE
Zfp513	chr5	TRUE	FALSE
Zfp516	chr18	TRUE	TRUE
Zfp518a	chr19	FALSE	FALSE
Zfp518b	chr5	FALSE	FALSE
Zfp52	chr17	FALSE	FALSE
Zfp521	chr18	FALSE	TRUE
Zfp523	chr17	TRUE	TRUE
Zfp524	chr7	TRUE	FALSE
Zfp526	chr7	TRUE	FALSE
Zfp53	chr17	FALSE	FALSE
Zfp532	chr18	TRUE	TRUE
Zfp534	chr4	TRUE	FALSE
Zfp536	chr7	TRUE	TRUE
Zfp54	chr17	TRUE	FALSE
Zfp541	chr7	FALSE	FALSE
Zfp551	chr7	TRUE	TRUE
Zfp553	chr7	FALSE	FALSE
Zfp558	chr9	FALSE	FALSE
Zfp560	chr9	FALSE	FALSE
Zfp563	chr17	FALSE	FALSE
Zfp566	chr7	FALSE	FALSE
Zfp568	chr7	FALSE	FALSE
Zfp57	chr17	TRUE	TRUE
Zfp574	chr7	TRUE	FALSE
Zfp575	chr7	TRUE	FALSE
Zfp579	chr7	FALSE	FALSE
Zfp58	chr13	FALSE	FALSE
Zfp580	chr7	FALSE	FALSE
Zfp583	chr7	FALSE	FALSE
Zfp59	chr7	FALSE	FALSE
Zfp592	chr7	FALSE	FALSE
Zfp593	chr4	TRUE	FALSE
Zfp595	chr13	FALSE	FALSE
Zfp597	chr16	TRUE	TRUE
Zfp598	chr17	TRUE	FALSE
Zfp599	chr9	TRUE	TRUE
Zfp60	chr7	TRUE	TRUE
Zfp600	chr4	FALSE	TRUE
Zfp605	chr5	FALSE	FALSE
Zfp606	chr7	TRUE	TRUE
Zfp607a	chr7	FALSE	FALSE
Zfp607b	chr7	FALSE	FALSE
Zfp608	chr18	FALSE	FALSE
Zfp609	chr9	TRUE	TRUE
Zfp61	chr7	TRUE	FALSE
Zfp612	chr8	FALSE	FALSE
Zfp616	chr11	TRUE	FALSE
Zfp617	chr8	FALSE	FALSE
Zfp618	chr4	TRUE	TRUE
Zfp619	chr7	FALSE	FALSE
Zfp62	chr11	TRUE	FALSE
Zfp622	chr15	TRUE	FALSE
Zfp623	chr15	FALSE	FALSE
Zfp626	chr7	FALSE	FALSE
Zfp628	chr7	FALSE	FALSE
Zfp629	chr7	TRUE	FALSE
Zfp637	chr6	TRUE	FALSE
Zfp638	chr6	FALSE	TRUE
Zfp639	chr3	TRUE	FALSE
Zfp64	chr2	FALSE	FALSE
Zfp641	chr15	FALSE	FALSE
Zfp644	chr5	TRUE	TRUE
Zfp646	chr7	FALSE	FALSE
Zfp647	chr15	FALSE	TRUE
Zfp648	chr1	FALSE	FALSE
Zfp65	chr13	FALSE	TRUE
Zfp651	chr9	TRUE	TRUE
Zfp652	chr11	FALSE	TRUE
Zfp653	chr9	FALSE	FALSE
Zfp654	chr16	TRUE	TRUE
Zfp655	chr5	FALSE	FALSE
Zfp658	chr7	TRUE	TRUE
Zfp661	chr2	FALSE	FALSE
Zfp663	chr2	TRUE	FALSE
Zfp664	chr5	TRUE	TRUE
Zfp667	chr7	FALSE	FALSE
Zfp668	chr7	TRUE	FALSE
Zfp672	chr11	FALSE	FALSE
Zfp677	chr17	FALSE	FALSE
Zfp68	chr5	TRUE	FALSE
Zfp683	chr4	TRUE	FALSE
Zfp687	chr3	TRUE	FALSE
Zfp688	chr7	TRUE	FALSE
Zfp689	chr7	FALSE	FALSE
Zfp69	chr4	TRUE	FALSE
Zfp691	chr4	TRUE	FALSE
Zfp692	chr11	FALSE	FALSE
Zfp697	chr3	FALSE	TRUE
Zfp7	chr15	FALSE	FALSE
Zfp703	chr8	FALSE	FALSE
Zfp704	chr3	TRUE	TRUE
Zfp706	chr15	TRUE	FALSE
Zfp707	chr15	FALSE	FALSE
Zfp708	chr13	FALSE	FALSE
Zfp709	chr8	FALSE	FALSE
Zfp710	chr7	FALSE	FALSE
Zfp711	chrX	FALSE	FALSE
Zfp712	chr13	FALSE	FALSE
Zfp715	chr7	FALSE	FALSE
Zfp719	chr7	FALSE	FALSE
Zfp72	chr13	FALSE	FALSE
Zfp729a	chr13	FALSE	FALSE
Zfp729b	chr13	TRUE	FALSE
Zfp735	chr11	FALSE	FALSE
Zfp738	chr13	FALSE	FALSE
Zfp74	chr7	FALSE	FALSE
Zfp740	chr15	FALSE	FALSE
Zfp746	chr6	FALSE	FALSE
Zfp747	chr7	FALSE	FALSE
Zfp748	chr13	FALSE	FALSE
Zfp750	chr11	TRUE	FALSE
Zfp758	chr17	FALSE	FALSE
Zfp759	chr13	FALSE	FALSE
Zfp760	chr17	FALSE	FALSE
Zfp763	chr17	FALSE	TRUE
Zfp764	chr7	FALSE	FALSE
Zfp768	chr7	TRUE	FALSE
Zfp770	chr2	FALSE	FALSE
Zfp771	chr7	TRUE	FALSE
Zfp772	chr7	FALSE	FALSE
Zfp773	chr7	FALSE	FALSE
Zfp775	chr6	FALSE	FALSE
Zfp777	chr6	FALSE	FALSE
Zfp78	chr7	FALSE	FALSE
Zfp780b	chr7	FALSE	FALSE
Zfp781	chr10	TRUE	FALSE
Zfp784	chr7	TRUE	FALSE
Zfp786	chr6	FALSE	FALSE
Zfp787	chr7	FALSE	FALSE
Zfp788	chr7	TRUE	TRUE
Zfp790	chr7	TRUE	FALSE
Zfp791	chr8	FALSE	FALSE
Zfp799	chr17	FALSE	FALSE
Zfp800	chr6	FALSE	FALSE
Zfp804a	chr2	FALSE	FALSE
Zfp804b	chr5	FALSE	FALSE
Zfp808	chr13	FALSE	FALSE
Zfp809	chr9	FALSE	FALSE
Zfp81	chr17	FALSE	FALSE
Zfp810	chr9	FALSE	FALSE
Zfp811	chr17	FALSE	FALSE
Zfp819	chr7	TRUE	FALSE
Zfp82	chr7	TRUE	FALSE
Zfp820	chr17	FALSE	FALSE
Zfp821	chr8	FALSE	FALSE
Zfp825	chr13	FALSE	FALSE
Zfp827	chr8	TRUE	TRUE
Zfp831	chr2	FALSE	FALSE
Zfp839	chr12	FALSE	FALSE
Zfp84	chr7	FALSE	FALSE
Zfp846	chr9	FALSE	FALSE
Zfp85	chr13	FALSE	FALSE
Zfp850	chr7	FALSE	FALSE
Zfp853	chr5	FALSE	TRUE
Zfp865	chr7	TRUE	TRUE
Zfp866	chr8	FALSE	FALSE
Zfp867	chr11	FALSE	FALSE
Zfp868	chr8	FALSE	FALSE
Zfp869	chr8	TRUE	FALSE
Zfp87	chr13	FALSE	FALSE
Zfp870	chr17	FALSE	FALSE
Zfp871	chr17	FALSE	FALSE
Zfp872	chr9	TRUE	FALSE
Zfp873	chr10	FALSE	FALSE
Zfp874a	chr13	FALSE	FALSE
Zfp874b	chr13	TRUE	FALSE
Zfp879	chr11	FALSE	FALSE
Zfp882	chr8	FALSE	FALSE
Zfp9	chr6	FALSE	FALSE
Zfp90	chr8	FALSE	FALSE
Zfp91	chr19	FALSE	FALSE
Zfp92	chrX	FALSE	FALSE
Zfp93	chr7	FALSE	FALSE
Zfp930	chr8	FALSE	FALSE
Zfp931	chr2	FALSE	FALSE
Zfp932	chr5	FALSE	FALSE
Zfp933	chr4	FALSE	FALSE
Zfp934	chr13	FALSE	FALSE
Zfp935	chr13	FALSE	TRUE
Zfp936	chr7	FALSE	FALSE
Zfp937	chr2	FALSE	FALSE
Zfp938	chr10	FALSE	FALSE
Zfp94	chr7	FALSE	FALSE
Zfp940	chr7	TRUE	TRUE
Zfp941	chr7	TRUE	TRUE
Zfp942	chr17	FALSE	FALSE
Zfp943	chr17	FALSE	TRUE
Zfp944	chr17	FALSE	FALSE
Zfp945	chr17	TRUE	TRUE
Zfp946	chr17	FALSE	FALSE
Zfp947	chr17	TRUE	FALSE
Zfp948	chr17	FALSE	FALSE
Zfp949	chr9	FALSE	FALSE
Zfp950	chr19	FALSE	FALSE
Zfp951	chr5	FALSE	FALSE
Zfp952	chr17	TRUE	FALSE
Zfp953	chr13	TRUE	FALSE
Zfp954	chr7	TRUE	FALSE
Zfp955a	chr17	FALSE	FALSE
Zfp955b	chr17	TRUE	FALSE
Zfp956	chr6	TRUE	FALSE
Zfp957	chr14	FALSE	FALSE
Zfp958	chr8	FALSE	FALSE
Zfp959	chr17	FALSE	FALSE
Zfp960	chr17	FALSE	FALSE
Zfp961	chr8	FALSE	FALSE
Zfp963	chr8	TRUE	FALSE
Zfp964	chr8	TRUE	FALSE
Zfp97	chr17	FALSE	FALSE
Zfp970	chr2	TRUE	FALSE
Zfp971	chr2	FALSE	FALSE
Zfp972	chr2	TRUE	FALSE
Zfp973	chr2	FALSE	FALSE
Zfp974	chr7	FALSE	TRUE
Zfp975	chr7	FALSE	FALSE
Zfp976	chr7	FALSE	FALSE
Zfp977	chr7	FALSE	FALSE
Zfp978	chr4	FALSE	FALSE
Zfp979	chr4	FALSE	FALSE
Zfp980	chr4	FALSE	FALSE
Zfp981	chr4	FALSE	TRUE
Zfp982	chr4	FALSE	TRUE
Zfp983	chr17	FALSE	FALSE
Zfp984	chr4	FALSE	TRUE
Zfp985	chr4	FALSE	FALSE
Zfp986	chr4	FALSE	FALSE
Zfp987	chr4	TRUE	FALSE
Zfp988	chr4	FALSE	FALSE
Zfp989	chr4	FALSE	FALSE
Zfp990	chr4	FALSE	FALSE
Zfp991	chr4	FALSE	FALSE
Zfp992	chr4	FALSE	FALSE
Zfp993	chr4	FALSE	FALSE
Zfp994	chr17	FALSE	FALSE
Zfp995	chr17	FALSE	FALSE
Zfpl1	chr19	FALSE	FALSE
Zfpm1	chr8	TRUE	TRUE
Zfpm2	chr15	TRUE	TRUE
Zfr	chr15	FALSE	FALSE
Zfr2	chr10	TRUE	FALSE
Zfx	chrX	FALSE	FALSE
Zfyve1	chr12	TRUE	TRUE
Zfyve16	chr13	FALSE	FALSE
Zfyve19	chr2	FALSE	FALSE
Zfyve21	chr12	TRUE	TRUE
Zfyve26	chr12	FALSE	TRUE
Zfyve27	chr19	TRUE	TRUE
Zfyve28	chr5	FALSE	TRUE
Zfyve9	chr4	TRUE	TRUE
Zg16	chr7	FALSE	FALSE
Zglp1	chr9	FALSE	FALSE
Zgpat	chr2	TRUE	TRUE
Zgrf1	chr3	FALSE	FALSE
Zhx1	chr15	FALSE	FALSE
Zhx2	chr15	FALSE	FALSE
Zhx3	chr2	TRUE	TRUE
Zic1	chr9	TRUE	FALSE
Zic2	chr14	TRUE	FALSE
Zic3	chrX	TRUE	TRUE
Zic4	chr9	FALSE	FALSE
Zic5	chr14	FALSE	FALSE
Zik1	chr7	FALSE	FALSE
Zim1	chr7	FALSE	FALSE
Zkscan1	chr5	FALSE	FALSE
Zkscan14	chr5	FALSE	FALSE
Zkscan16	chr4	TRUE	FALSE
Zkscan17	chr11	FALSE	FALSE
Zkscan2	chr7	FALSE	FALSE
Zkscan3	chr13	TRUE	FALSE
Zkscan4	chr13	FALSE	FALSE
Zkscan5	chr5	FALSE	FALSE
Zkscan6	chr11	FALSE	FALSE
Zkscan7	chr9	FALSE	FALSE
Zkscan8	chr13	FALSE	FALSE
Zmat1	chrX	FALSE	FALSE
Zmat2	chr18	TRUE	FALSE
Zmat3	chr3	FALSE	FALSE
Zmat4	chr8	FALSE	FALSE
Zmat5	chr11	FALSE	FALSE
Zmiz1	chr14	FALSE	TRUE
Zmiz2	chr11	TRUE	FALSE
Zmpste24	chr4	FALSE	FALSE
Zmym1	chr4	FALSE	FALSE
Zmym2	chr14	FALSE	TRUE
Zmym3	chrX	TRUE	FALSE
Zmym4	chr4	FALSE	TRUE
Zmym5	chr14	FALSE	FALSE
Zmym6	chr4	TRUE	TRUE
Zmynd10	chr9	FALSE	FALSE
Zmynd11	chr13	TRUE	TRUE
Zmynd12	chr4	FALSE	FALSE
Zmynd15	chr11	TRUE	FALSE
Zmynd19	chr2	FALSE	FALSE
Zmynd8	chr2	FALSE	FALSE
Znfx1	chr2	TRUE	FALSE
Znhit1	chr5	TRUE	FALSE
Znhit3	chr11	TRUE	FALSE
Znhit6	chr3	FALSE	FALSE
Znrd1	chr17	FALSE	FALSE
Znrd1as	chr17	FALSE	FALSE
Znrd2	chr19	FALSE	FALSE
Znrf1	chr8	TRUE	TRUE
Znrf2	chr6	FALSE	FALSE
Znrf3	chr11	FALSE	FALSE
Zp1	chr19	FALSE	FALSE
Zp2	chr7	FALSE	FALSE
Zp3	chr5	TRUE	FALSE
Zp3r	chr1	FALSE	FALSE
Zpbp	chr11	FALSE	TRUE
Zpbp2	chr11	TRUE	FALSE
Zpld1	chr16	FALSE	FALSE
Zpld2	chr4	TRUE	FALSE
Zpr1	chr9	FALSE	FALSE
Zranb1	chr7	FALSE	FALSE
Zranb2	chr3	FALSE	FALSE
Zranb3	chr1	FALSE	FALSE
Zrsr2	chrX	FALSE	FALSE
Zscan10	chr17	TRUE	FALSE
Zscan12	chr13	FALSE	FALSE
Zscan18	chr7	FALSE	FALSE
Zscan2	chr7	FALSE	FALSE
Zscan20	chr4	FALSE	FALSE
Zscan21	chr5	FALSE	FALSE
Zscan22	chr7	FALSE	FALSE
Zscan25	chr5	FALSE	FALSE
Zscan26	chr13	TRUE	FALSE
Zscan29	chr2	TRUE	TRUE
Zscan4-ps1	chr7	FALSE	FALSE
Zscan4-ps2	chr7	FALSE	FALSE
Zscan4-ps3	chr7	FALSE	FALSE
Zscan4b	chr7	FALSE	FALSE
Zscan4c	chr7	FALSE	FALSE
Zscan4d	chr7	TRUE	FALSE
Zscan4e	chr7	FALSE	FALSE
Zscan5b	chr7	FALSE	FALSE
Zswim1	chr2	FALSE	FALSE
Zswim2	chr2	FALSE	FALSE
Zswim3	chr2	FALSE	FALSE
Zswim4	chr8	TRUE	TRUE
Zswim5	chr4	TRUE	TRUE
Zswim6	chr13	TRUE	TRUE
Zswim7	chr11	TRUE	TRUE
Zswim8	chr14	TRUE	FALSE
Zswim9	chr7	TRUE	TRUE
Zup1	chr10	FALSE	TRUE
Zw10	chr9	FALSE	FALSE
Zwilch	chr9	FALSE	TRUE
Zwint	chr10	TRUE	FALSE
Zxdc	chr6	FALSE	FALSE
Zyg11a	chr4	FALSE	FALSE
Zyg11b	chr4	FALSE	TRUE
Zyx	chr6	TRUE	FALSE
Zzef1	chr11	FALSE	TRUE
Zzz3	chr3	TRUE	TRUE
a	chr2	FALSE	TRUE
ccdc198	chr14	FALSE	FALSE
