"ID","Description","GeneRatio","BgRatio","RichFactor","FoldEnrichment","zScore","pvalue","p.adjust","qvalue","geneID","Count"
"GO:0050803","regulation of synapse structure or activity","68/1417","398/28928",0.170854271356784,3.48798331814329,11.3428332807016,1.66767340796518e-19,6.14573212059374e-16,4.76607551297699e-16,"Adgrb3/Adgrl2/Adgrl3/Adgrl4/Asap1/Asic1/Bdnf/Cacna2d3/Cd47/Cdh2/Cdh8/Clstn2/Ctnna2/Dab1/Dact1/Dclk1/Dgkb/Dock1/Efna5/Elmo1/Epha4/Fgfr1/Flrt3/Fzd1/Gpr158/Grid2/Il10ra/Il1rapl1/Kalrn/Lrp4/Lrrn1/Lrrn3/Lrrtm3/Lrrtm4/Lrtm1/Lzts1/Magi2/Map1b/Marcks/Mdga2/Nectin3/Neurod2/Nlgn1/Ntrk3/Pik3r1/Ppfia2/Ptprd/Ptpro/Ptprt/Rapgef2/Rapgef4/Robo1/Sema4d/Slc7a11/Slitrk1/Slitrk2/Slitrk3/Snap25/Snca/St8sia2/Sybu/Syndig1/Tanc1/Thbs2/Tiam1/Vldlr/Ywhaz/Zfp804a",68
"GO:0050807","regulation of synapse organization","67/1417","390/28928",0.171794871794872,3.50718563957802,11.3133301952554,2.28848710504328e-19,6.14573212059374e-16,4.76607551297699e-16,"Adgrb3/Adgrl2/Adgrl3/Adgrl4/Asap1/Asic1/Bdnf/Cacna2d3/Cd47/Cdh2/Cdh8/Clstn2/Ctnna2/Dab1/Dact1/Dclk1/Dgkb/Dock1/Efna5/Elmo1/Epha4/Fgfr1/Flrt3/Fzd1/Gpr158/Grid2/Il10ra/Il1rapl1/Kalrn/Lrp4/Lrrn1/Lrrn3/Lrrtm3/Lrrtm4/Lrtm1/Lzts1/Magi2/Map1b/Marcks/Mdga2/Nectin3/Neurod2/Nlgn1/Ntrk3/Pik3r1/Ppfia2/Ptprd/Ptpro/Ptprt/Rapgef2/Rapgef4/Robo1/Sema4d/Slc7a11/Slitrk1/Slitrk2/Slitrk3/Snap25/Snca/St8sia2/Syndig1/Tanc1/Thbs2/Tiam1/Vldlr/Ywhaz/Zfp804a",67
"GO:0098742","cell-cell adhesion via plasma-membrane adhesion molecules","50/1417","231/28928",0.216450216450216,4.41882276744662,11.8398926028805,4.08218277550656e-19,7.30846789574857e-16,5.66778850620331e-16,"Adgrl3/Alcam/Bmp2/Cadm1/Cadm2/Cadm3/Cdh11/Cdh13/Cdh18/Cdh2/Cdh20/Cdh4/Cdh6/Cdh7/Cdh8/Celsr1/Clstn2/Cntn5/Cntn6/Crb2/Dab1/Dsc2/Dsc3/Dscaml1/Efna5/Epha3/Flrt3/Grid2/Hmcn1/Il1rapl1/Klf4/Lrrc4c/Magi2/Mbp/Mdga2/Nectin3/Nlgn1/Ntng1/Pcdh18/Ptprd/Ptprm/Ptprt/Robo1/Robo2/Slitrk1/Slitrk2/Slitrk3/Tenm2/Tenm4/Tgfb2",50
"GO:0007416","synapse assembly","57/1417","304/28928",0.1875,3.82780522230064,11.2487575638961,1.75950035026988e-18,2.36256909532488e-15,1.8321954963205e-15,"Adgrb3/Adgrl2/Adgrl3/Adgrl4/Asic1/Bdnf/Cadm1/Cdh2/Clstn2/Cntn5/Cntnap2/Dclk1/Dock1/Efna5/Efnb2/Elmo1/Erbb4/Fgf13/Fgfr1/Flrt3/Fzd1/Gabrb2/Gabrg2/Gap43/Grid2/Il1rapl1/Lrp4/Lrrn1/Lrrn3/Lrrtm3/Lrrtm4/Lrtm1/Lzts1/Magi2/Map1b/Mdga2/Nectin3/Nlgn1/Nrxn3/Ntrk3/Pik3r1/Plxna1/Plxna2/Plxnd1/Ptprd/Robo1/Sdcbp/Sema4d/Slitrk1/Slitrk2/Slitrk3/Snap25/Snca/St8sia2/Syndig1/Thbs2/Vldlr",57
"GO:0097485","neuron projection guidance","52/1417","259/28928",0.200772200772201,4.09875668591265,11.3687972401758,2.58835512455439e-18,2.78041107479632e-15,2.15623604797089e-15,"Alcam/Ank3/Bdnf/Boc/Cdh4/Chl1/Cntn1/Cntn5/Cntn6/Diaph2/Dscaml1/Efna5/Efnb2/Epha3/Epha4/Epha5/Epha6/Etv1/Flrt3/Gap43/Gata3/Kalrn/Klf7/Lama2/Lama3/Lamb3/Lgi1/Lgr4/Lmo4/Lrtm1/Megf9/Ncam1/Ndp/Nfib/Nr4a3/Ntf3/Ntn4/Pax6/Plxna1/Ptprj/Ptprm/Ptpro/Robo1/Robo2/Sema3a/Sema4d/Sema5a/Sema6d/Slit3/Tgfb2/Ttc8/Unc5c",52
"GO:0007411","axon guidance","51/1417","258/28928",0.197674418604651,4.03551558320067,11.1150624647597,1.09591222469955e-17,9.81024093143548e-15,7.60793802304583e-15,"Alcam/Ank3/Bdnf/Boc/Cdh4/Chl1/Cntn1/Cntn5/Cntn6/Diaph2/Dscaml1/Efna5/Efnb2/Epha3/Epha4/Epha5/Epha6/Etv1/Flrt3/Gap43/Gata3/Kalrn/Klf7/Lama2/Lama3/Lamb3/Lgi1/Lgr4/Lmo4/Lrtm1/Megf9/Ncam1/Ndp/Nfib/Nr4a3/Ntf3/Ntn4/Pax6/Ptprj/Ptprm/Ptpro/Robo1/Robo2/Sema3a/Sema4d/Sema5a/Sema6d/Slit3/Tgfb2/Ttc8/Unc5c",51
"GO:0051965","positive regulation of synapse assembly","26/1417","84/28928",0.30952380952381,6.31891655744867,11.079457892074,1.56892369119206e-14,1.20381273505608e-11,9.33568578352931e-12,"Adgrb3/Adgrl2/Adgrl3/Adgrl4/Bdnf/Clstn2/Efna5/Flrt3/Grid2/Il1rapl1/Lrrn1/Lrrn3/Lrrtm3/Lrrtm4/Lrtm1/Nlgn1/Ntrk3/Pik3r1/Ptprd/Sema4d/Slitrk1/Slitrk2/Slitrk3/St8sia2/Syndig1/Thbs2",26
"GO:0051963","regulation of synapse assembly","41/1417","208/28928",0.197115384615385,4.02410292600836,9.93389242244957,1.89359355228019e-14,1.27131137116212e-11,9.85914432417464e-12,"Adgrb3/Adgrl2/Adgrl3/Adgrl4/Asic1/Bdnf/Clstn2/Dclk1/Dock1/Efna5/Elmo1/Fgfr1/Flrt3/Fzd1/Grid2/Il1rapl1/Lrp4/Lrrn1/Lrrn3/Lrrtm3/Lrrtm4/Lrtm1/Lzts1/Map1b/Mdga2/Nectin3/Nlgn1/Ntrk3/Pik3r1/Ptprd/Robo1/Sema4d/Slitrk1/Slitrk2/Slitrk3/Snap25/Snca/St8sia2/Syndig1/Thbs2/Vldlr",41
"GO:1901888","regulation of cell junction assembly","50/1417","309/28928",0.161812297734628,3.30339177760573,9.2385382037522,9.56720331440654e-14,5.70949433351973e-11,4.42776883217622e-11,"Adgrb3/Adgrl2/Adgrl3/Adgrl4/Asic1/Bdnf/Clstn2/Cntnap2/Dclk1/Dlc1/Dock1/Efna5/Elmo1/Epha3/Fgfr1/Flrt3/Fzd1/Grid2/Hopx/Il1rapl1/Lrp4/Lrrn1/Lrrn3/Lrrtm3/Lrrtm4/Lrtm1/Lzts1/Map1b/Mdga2/Nectin3/Nedd4l/Nlgn1/Nphp1/Ntrk3/Phldb2/Pik3r1/Ptprd/Ptprj/Rapgef2/Robo1/Sema4d/Slitrk1/Slitrk2/Slitrk3/Snap25/Snca/St8sia2/Syndig1/Thbs2/Vldlr",50
"GO:0008038","neuron recognition","19/1417","51/28928",0.372549019607843,7.60557377502871,10.7152678965972,1.24069072418173e-12,6.66374987958008e-10,5.16780336377591e-10,"Bdnf/Cnr1/Cntn5/Cntn6/Cntnap2/Diaph2/Dscaml1/Epha3/Epha4/Gap43/Ncam1/Ncam2/Plxnd1/Ptprz1/Robo1/Robo2/Sema3a/Sema5a/Ywhaz",19
"GO:1901890","positive regulation of cell junction assembly","30/1417","133/28928",0.225563909774436,4.60487846291806,9.45673764576683,1.59150103759806e-12,7.77086552085378e-10,6.02638239787129e-10,"Adgrb3/Adgrl2/Adgrl3/Adgrl4/Bdnf/Clstn2/Cntnap2/Efna5/Flrt3/Grid2/Hopx/Il1rapl1/Lrrn1/Lrrn3/Lrrtm3/Lrrtm4/Lrtm1/Nlgn1/Nphp1/Ntrk3/Pik3r1/Ptprd/Ptprj/Sema4d/Slitrk1/Slitrk2/Slitrk3/St8sia2/Syndig1/Thbs2",30
"GO:0007611","learning or memory","51/1417","356/28928",0.143258426966292,2.92461522602745,8.29243412165174,6.4706650226601e-12,2.89616181972561e-09,2.24600188549702e-09,"Adcy1/Adcy8/Adgrb3/Adrb1/Aff2/Asic1/B3gat1/Bdnf/Brinp1/Calb1/Clstn2/Cnr1/Cntnap2/Creb1/Csmd1/Dgki/Dnah11/Elavl4/Fgf13/Fos/Foxp2/Grin2a/Grm7/Hif1a/Hrh2/Jph3/Jph4/Kalrn/Kcnab1/Ncam1/Neurod2/Nr4a2/Nrxn3/Pak5/Pax6/Pde4d/Pja2/Plcb1/Plk2/Prkn/Ptprz1/Rag1/Rcan2/Sgk1/Slc7a11/Snap25/Sorcs3/Tac1/Tacr1/Tanc1/Tnr",51
"GO:0051962","positive regulation of nervous system development","54/1417","397/28928",0.136020151133501,2.77684610585034,8.09040021533303,1.2144180932433e-11,5.01741506062289e-09,3.89105457082084e-09,"Adgrb3/Adgrl2/Adgrl3/Adgrl4/Bcl11a/Bdnf/Bmp2/Cdh4/Cdon/Clstn2/Efna5/Epha4/Flrt3/Grid2/Hif1a/Il1rapl1/Kalrn/Lrrn1/Lrrn3/Lrrtm3/Lrrtm4/Lrtm1/Lyn/Map1b/Marcks/Nlgn1/Ntf3/Ntrk3/Oprm1/Pax6/Pik3r1/Plxna1/Plxna2/Plxnd1/Pparg/Ptprd/Ptprz1/Rassf10/Robo1/Robo2/Sema4d/Sema5a/Sgk1/Slitrk1/Slitrk2/Slitrk3/Sox11/St8sia2/Syndig1/Tenm4/Thbs2/Tiam1/Tiam2/Vegfc",54
"GO:0071805","potassium ion transmembrane transport","37/1417","212/28928",0.174528301886792,3.56298850880814,8.50033519461627,1.5990295201518e-11,6.13456253766807e-09,4.75741339191027e-09,"Akap7/Ank3/Atp1a1/Cacna1d/Crbn/Dpp10/Ghitm/Hcn1/Kcna5/Kcnab1/Kcnb2/Kcnd2/Kcnh1/Kcnh7/Kcnip3/Kcnip4/Kcnj1/Kcnj15/Kcnj3/Kcnj6/Kcnk1/Kcnk3/Kcnk9/Kcnma1/Kcnn2/Kcnq3/Kcnv1/Lrrc55/Nalcn/Nedd4l/Slc12a1/Slc1a3/Slc24a3/Slc24a5/Slc9a9/Snap25/Stk39",37
"GO:0050890","cognition","54/1417","401/28928",0.134663341645885,2.7491468928244,8.00486206200903,1.79426000741718e-11,6.42464699989177e-09,4.9823767363858e-09,"Adcy1/Adcy8/Adgrb3/Adrb1/Aff2/Asic1/B3gat1/Bdnf/Brinp1/Calb1/Chd7/Chl1/Clstn2/Cnr1/Cntnap2/Creb1/Csmd1/Dgki/Dnah11/Elavl4/Fgf13/Fos/Foxp2/Gpr158/Grin2a/Grm7/Hif1a/Hrh2/Jph3/Jph4/Kalrn/Kcnab1/Ncam1/Neurod2/Nr4a2/Nrxn3/Pak5/Pax6/Pde4d/Pja2/Plcb1/Plk2/Prkn/Ptprz1/Rag1/Rcan2/Sgk1/Slc7a11/Snap25/Sorcs3/Tac1/Tacr1/Tanc1/Tnr",54
"GO:0099560","synaptic membrane adhesion","16/1417","43/28928",0.372093023255814,7.59626462720126,9.82380077704378,7.63685152690401e-11,2.56359559693759e-08,1.98809351920784e-08,"Cadm1/Cdh6/Efna5/Epha3/Flrt3/Il1rapl1/Lrrc4c/Magi2/Mdga2/Nlgn1/Ntng1/Ptprd/Slitrk1/Slitrk2/Slitrk3/Tenm4",16
"GO:0007156","homophilic cell adhesion via plasma membrane adhesion molecules","25/1417","111/28928",0.225225225225225,4.59796423099175,8.6194068802338,1.16749945705336e-10,3.68861151990212e-08,2.86055439725087e-08,"Cadm1/Cadm2/Cadm3/Cdh11/Cdh13/Cdh2/Cdh20/Cdh4/Cdh6/Cdh7/Cdh8/Celsr1/Clstn2/Cntn5/Cntn6/Dsc2/Dsc3/Dscaml1/Hmcn1/Nectin3/Pcdh18/Ptprm/Ptprt/Robo1/Robo2",25
"GO:0099054","presynapse assembly","17/1417","54/28928",0.314814814814815,6.42693222509736,9.05902036964036,4.11217816230287e-10,1.22702827276271e-07,9.51572455452192e-08,"Cadm1/Cntn5/Efnb2/Fzd1/Grid2/Il1rapl1/Lrp4/Lrrtm3/Mdga2/Nlgn1/Ntrk3/Ptprd/Sdcbp/Slitrk1/Slitrk2/Slitrk3/Snca",17
"GO:0007612","learning","34/1417","206/28928",0.16504854368932,3.36945961315784,7.74567046759288,4.93365674556291e-10,1.33845184572605e-07,1.03798252869465e-07,"Adgrb3/Asic1/B3gat1/Bdnf/Clstn2/Cntnap2/Creb1/Csmd1/Dgki/Elavl4/Fgf13/Fos/Foxp2/Grin2a/Grm7/Hif1a/Hrh2/Jph3/Jph4/Kalrn/Neurod2/Nrxn3/Pak5/Plcb1/Prkn/Rag1/Sgk1/Slc7a11/Snap25/Sorcs3/Tac1/Tacr1/Tanc1/Tnr",34
"GO:0006813","potassium ion transport","38/1417","249/28928",0.152610441767068,3.11553624519249,7.60889474495205,4.98399495708827e-10,1.33845184572605e-07,1.03798252869465e-07,"Akap7/Ank3/Atp1a1/Cacna1d/Crbn/Dpp10/Ghitm/Hcn1/Kcna5/Kcnab1/Kcnb2/Kcnd2/Kcnh1/Kcnh7/Kcnip3/Kcnip4/Kcnj1/Kcnj15/Kcnj3/Kcnj6/Kcnk1/Kcnk3/Kcnk9/Kcnma1/Kcnn2/Kcnq3/Kcnv1/Lrrc55/Nalcn/Nedd4l/Plcb4/Slc12a1/Slc1a3/Slc24a3/Slc24a5/Slc9a9/Snap25/Stk39",38
"GO:0072001","renal system development","50/1417","390/28928",0.128205128205128,2.617302716103,7.29785595614542,5.70679347762905e-10,1.45958036992122e-07,1.13191888676582e-07,"Adamts1/Adamts16/Agtr1b/Angpt1/Arid5b/Basp1/Bcl2/Bdnf/Bmp2/Bmper/Calb1/Col4a1/Efnb2/Epha4/Erbb4/Eya1/Fgf1/Fgfr1/Frem2/Gata3/Irx2/Itgb3/Kcnj1/Lgr4/Lrp4/Magi2/Mecom/Mir125b-2/Nfia/Osr1/Pbx1/Plxnd1/Ppp3ca/Prom1/Ptpro/Rarb/Robo1/Robo2/Schip1/Sdc1/Sec61a1/Slc12a1/Sox11/Sox4/Stat1/Sulf2/Tgfb2/Traf3ip2/Ttc8/Yap1",50
"GO:0099173","postsynapse organization","43/1417","314/28928",0.136942675159236,2.79567939802849,7.26085513620276,1.20032246446286e-09,2.93042361665001e-07,2.27257224491844e-07,"Adgrl3/Asap1/Asic1/Cadm1/Cdh2/Cntnap2/Dact1/Dclk1/Dgkb/Dlg2/Dock1/Elmo1/Epha4/Epha5/Fgfr1/Gap43/Gphn/Grid2/Grin2a/Il1rapl1/Itgb3/Kalrn/Lrp4/Lrrtm4/Lzts1/Magi2/Map1b/Marcks/Nectin3/Nlgn1/Nrxn3/Ntrk3/Ppfia2/Ptprd/Rapgef4/Sh3gl2/Slc7a11/Slitrk3/Syndig1/Tanc1/Tiam1/Tmem108/Zfp804a",43
"GO:0055074","calcium ion homeostasis","47/1417","365/28928",0.128767123287671,2.62877582389961,7.10704836937819,1.61553667231506e-09,3.77262933348008e-07,2.92571103540078e-07,"Adcy8/Ank/Asph/Atp2b1/Bcl2/Cacna1d/Calb1/Calb2/Chd7/Cnr1/Dmd/Erc2/Fgfr1/Ghitm/Grik2/Inpp4b/Itgb3/Itpr2/Jph3/Kcnh1/Lyn/Mcu/Micu3/Pde4d/Plcb1/Plcb4/Prkd1/Rap1gds1/Ryr2/Sgcd/Slc24a3/Slc24a5/Slc8a1/Snca/Snx10/Stc2/Sv2b/Tgfb2/Thada/Tmem178/Tmem64/Tmtc2/Tmtc4/Trpc6/Trpc7/Trpm8/Xk",47
"GO:0048880","sensory system development","56/1417","483/28928",0.115942028985507,2.36695202151923,6.87554774739454,2.37246742385292e-09,5.30938438896419e-07,4.11747964745001e-07,"Adamts18/Ahi1/Barhl2/Bcl2/Bdnf/Bhlhe22/Calb1/Cdk20/Cdon/Celf4/Chd7/Cited2/Col4a1/Crb2/Fat1/Fos/Foxp2/Frem2/Gata3/Gpd2/Hcn1/Hif1a/Ift122/Kera/Klf4/Maf/Max/Meis1/Mitf/Ndp/Nectin3/Nfia/Nfib/Nphp1/Ntrk3/Pax6/Pbx1/Pbx3/Plaat1/Pou4f1/Prom1/Ptprm/Rarb/Rhoj/Slc7a11/Sox11/Sox4/Spry2/Tgfb2/Thrb/Tmem135/Trpm1/Ttc8/Ttll5/Uchl3/Zhx2",56
"GO:0099172","presynapse organization","18/1417","68/28928",0.264705882352941,5.40396031383619,8.25150418239319,2.91722342419095e-09,6.12983011517175e-07,4.75374335186716e-07,"Cacna2d3/Cadm1/Cntn5/Efnb2/Fzd1/Grid2/Il1rapl1/Lrp4/Lrrtm3/Mdga2/Nlgn1/Ntrk3/Ptprd/Sdcbp/Slitrk1/Slitrk2/Slitrk3/Snca",18
"GO:0001654","eye development","55/1417","473/28928",0.116279069767442,2.37383269600039,6.83704688148784,2.96733537505987e-09,6.12983011517175e-07,4.75374335186716e-07,"Adamts18/Ahi1/Barhl2/Bcl2/Bdnf/Bhlhe22/Calb1/Cdk20/Cdon/Celf4/Chd7/Cited2/Col4a1/Crb2/Fat1/Fos/Foxp2/Frem2/Gata3/Gpd2/Hcn1/Hif1a/Ift122/Kera/Klf4/Maf/Max/Meis1/Mitf/Ndp/Nectin3/Nfia/Nfib/Nphp1/Ntrk3/Pax6/Pbx1/Pbx3/Plaat1/Prom1/Ptprm/Rarb/Rhoj/Slc7a11/Sox11/Sox4/Spry2/Tgfb2/Thrb/Tmem135/Trpm1/Ttc8/Ttll5/Uchl3/Zhx2",55
"GO:0150063","visual system development","55/1417","476/28928",0.115546218487395,2.35887156556342,6.78436057809029,3.72076064860482e-09,7.40155757172462e-07,5.73998046258451e-07,"Adamts18/Ahi1/Barhl2/Bcl2/Bdnf/Bhlhe22/Calb1/Cdk20/Cdon/Celf4/Chd7/Cited2/Col4a1/Crb2/Fat1/Fos/Foxp2/Frem2/Gata3/Gpd2/Hcn1/Hif1a/Ift122/Kera/Klf4/Maf/Max/Meis1/Mitf/Ndp/Nectin3/Nfia/Nfib/Nphp1/Ntrk3/Pax6/Pbx1/Pbx3/Plaat1/Prom1/Ptprm/Rarb/Rhoj/Slc7a11/Sox11/Sox4/Spry2/Tgfb2/Thrb/Tmem135/Trpm1/Ttc8/Ttll5/Uchl3/Zhx2",55
"GO:0046879","hormone secretion","50/1417","415/28928",0.120481927710843,2.45963387778354,6.79719861865649,4.76543400777969e-09,9.14112359135169e-07,7.08903096570836e-07,"Adcy8/Cacna1d/Chd7/Chrm3/Cnr1/Creb1/Cyp2j5/Dio2/Efna5/Epha5/Fgfr1/Foxa2/Foxo1/G6pc2/Gata3/Gpr68/Hif1a/Ildr2/Irs1/Kalrn/Kcnj6/Klf7/Lep/Lyn/Mcu/Myt1/Npvf/Oprm1/Pde1c/Plcb1/Pparg/Ppp3ca/Prkd1/Prkn/Rab11fip2/Rapgef4/Rph3al/Runx1/Slc16a10/Slc30a8/Snap25/Snx19/Sox11/Sox4/Stxbp5l/Sybu/Tac1/Tacr1/Tiam1/Ywhaz",50
"GO:0016358","dendrite development","43/1417","331/28928",0.129909365558912,2.65209465553156,6.86075830416922,6.06875079496081e-09,1.1239745006805e-06,8.7165324485154e-07,"Adgrb3/Arid1b/Asap1/Bcl11a/Bdnf/Bmp5/Btbd3/Cntnap2/Cobl/Csmd3/Ctnna2/Dab1/Dact1/Dclk1/Elavl4/Epha4/Epha5/Il1rapl1/Kalrn/Klf7/Lrp4/Lzts1/Map1b/Marcks/Mpdz/Ndp/Nedd4l/Nlgn1/Nr3c1/Plk2/Ppfia2/Ppp3ca/Ptprd/Ptprz1/Rapgef2/Rapgef4/Robo1/Sema3a/Sema4d/Sgk1/Tiam1/Trpc6/Vldlr",43
"GO:0001508","action potential","30/1417","184/28928",0.16304347826087,3.32852628026142,7.19117549867353,6.82078279344786e-09,1.22114747945361e-06,9.47011842585024e-07,"Adra1a/Ank3/Cacna1d/Chrnb4/Cnr1/Cntnap2/Ctnna3/Dmd/Dsc2/Fgf12/Fgf13/Grik2/Grin2a/Hcn1/Kcna5/Kcnb2/Kcnd2/Kcnma1/Kcnn2/Kcnq3/Kcnv1/Ndp/Nedd4l/Ntrk3/Rapgef4/Ryr2/Slc4a3/Tac1/Tacr1/Tmem161b",30
"GO:0009914","hormone transport","50/1417","425/28928",0.117647058823529,2.40176013948275,6.60703061645235,1.04980609857745e-08,1.81887372756757e-06,1.4105544081735e-06,"Adcy8/Cacna1d/Chd7/Chrm3/Cnr1/Creb1/Cyp2j5/Dio2/Efna5/Epha5/Fgfr1/Foxa2/Foxo1/G6pc2/Gata3/Gpr68/Hif1a/Ildr2/Irs1/Kalrn/Kcnj6/Klf7/Lep/Lyn/Mcu/Myt1/Npvf/Oprm1/Pde1c/Plcb1/Pparg/Ppp3ca/Prkd1/Prkn/Rab11fip2/Rapgef4/Rph3al/Runx1/Slc16a10/Slc30a8/Snap25/Snx19/Sox11/Sox4/Stxbp5l/Sybu/Tac1/Tacr1/Tiam1/Ywhaz",50
"GO:0001822","kidney development","46/1417","375/28928",0.122666666666667,2.50423523876735,6.65409434285711,1.11797706201422e-08,1.87645462502448e-06,1.455208958681e-06,"Adamts1/Adamts16/Agtr1b/Angpt1/Arid5b/Basp1/Bcl2/Bdnf/Bmp2/Bmper/Calb1/Efnb2/Epha4/Erbb4/Eya1/Fgf1/Fgfr1/Frem2/Gata3/Irx2/Itgb3/Kcnj1/Lgr4/Lrp4/Magi2/Mir125b-2/Osr1/Pbx1/Plxnd1/Ppp3ca/Prom1/Ptpro/Rarb/Robo1/Robo2/Schip1/Sdc1/Sec61a1/Slc12a1/Sox11/Sox4/Stat1/Sulf2/Tgfb2/Traf3ip2/Yap1",46
"GO:0006874","intracellular calcium ion homeostasis","42/1417","339/28928",0.123893805309735,2.52928722653493,6.42795551166522,3.610125250859e-08,5.87575234011021e-06,4.55670354629955e-06,"Adcy8/Asph/Atp2b1/Bcl2/Cacna1d/Calb1/Calb2/Chd7/Cnr1/Dmd/Erc2/Ghitm/Grik2/Inpp4b/Itgb3/Itpr2/Jph3/Kcnh1/Lyn/Mcu/Micu3/Pde4d/Plcb1/Plcb4/Prkd1/Rap1gds1/Ryr2/Slc24a3/Slc24a5/Slc8a1/Snca/Stc2/Sv2b/Tgfb2/Thada/Tmem178/Tmem64/Tmtc4/Trpc6/Trpc7/Trpm8/Xk",42
"GO:0031346","positive regulation of cell projection organization","52/1417","471/28928",0.110403397027601,2.25388106507723,6.22666749900158,4.47420840871132e-08,7.06793334211427e-06,5.4812516016318e-06,"Adamts1/Ahi1/Bcl11a/Bdnf/Bmp5/Cdh4/Clrn1/Cnr1/Cntn1/Cobl/Dmd/Efna5/Elavl4/Epha3/Epha4/Fgfr1/Fnbp1l/Fut9/Fzd1/Il1rapl1/Kalrn/Lrrc7/Lyn/Magi2/Map1b/Marcks/Mstn/Myo3b/Nlgn1/Ntrk3/Pik3r1/Plxna1/Plxna2/Plxnd1/Prkd1/Ptprd/Ptprz1/Rapgef2/Rit2/Robo1/Robo2/Ror1/Sema4d/Sema5a/Sgk1/Slitrk1/Tapt1/Tenm2/Tiam1/Tiam2/Vldlr/Zfp804a",52
"GO:0043010","camera-type eye development","48/1417","423/28928",0.113475177304965,2.31659134021031,6.19076173718458,6.34251108890899e-08,9.7330363024372e-06,7.5480650763347e-06,"Ahi1/Barhl2/Bhlhe22/Calb1/Cdk20/Cdon/Celf4/Chd7/Cited2/Col4a1/Crb2/Fat1/Fos/Foxp2/Gata3/Gpd2/Hcn1/Hif1a/Ift122/Kera/Klf4/Maf/Max/Meis1/Mitf/Ndp/Nectin3/Nfia/Nfib/Nphp1/Ntrk3/Pax6/Plaat1/Prom1/Ptprm/Rhoj/Slc7a11/Sox11/Sox4/Spry2/Tgfb2/Thrb/Tmem135/Trpm1/Ttc8/Ttll5/Uchl3/Zhx2",48
"GO:0046883","regulation of hormone secretion","42/1417","348/28928",0.120689655172414,2.46387462584868,6.23513451419553,7.59875385525229e-08,1.13369185990445e-05,8.79189152199805e-06,"Adcy8/Cacna1d/Chd7/Chrm3/Cnr1/Creb1/Cyp2j5/Efna5/Epha5/Fgfr1/Foxa2/Foxo1/G6pc2/Gpr68/Hif1a/Irs1/Kalrn/Kcnj6/Klf7/Lep/Mcu/Myt1/Npvf/Oprm1/Pde1c/Plcb1/Pparg/Ppp3ca/Prkd1/Prkn/Rapgef4/Rph3al/Runx1/Slc30a8/Snap25/Sox11/Sox4/Stxbp5l/Sybu/Tac1/Tacr1/Tiam1",42
"GO:0048813","dendrite morphogenesis","29/1417","194/28928",0.149484536082474,3.05172100197164,6.50735589942049,8.65792115125669e-08,1.25680255414594e-05,9.74662702575327e-06,"Adgrb3/Btbd3/Cntnap2/Ctnna2/Dact1/Dclk1/Elavl4/Epha4/Epha5/Il1rapl1/Kalrn/Klf7/Lrp4/Lzts1/Marcks/Nedd4l/Nlgn1/Ppfia2/Ppp3ca/Ptprd/Ptprz1/Rapgef2/Robo1/Sema3a/Sema4d/Sgk1/Tiam1/Trpc6/Vldlr",29
"GO:0007613","memory","27/1417","176/28928",0.153409090909091,3.13184063642779,6.43814086666062,1.39200583015924e-07,1.96749034573297e-05,1.525808052615e-05,"Adcy1/Adcy8/Adrb1/Asic1/Brinp1/Calb1/Cnr1/Creb1/Csmd1/Fgf13/Fos/Grin2a/Grm7/Hrh2/Jph3/Kalrn/Pak5/Pde4d/Pja2/Plcb1/Plk2/Rcan2/Sgk1/Snap25/Sorcs3/Tac1/Tacr1",27
"GO:0060078","regulation of postsynaptic membrane potential","26/1417","166/28928",0.156626506024096,3.1975240411186,6.44408963269054,1.54823182556598e-07,2.13219311156791e-05,1.65353666228464e-05,"Adrb1/Bdnf/Celf4/Chrnb4/Cntnap2/Dgki/Gabrb1/Gabrb2/Gabrg2/Gabrr2/Grid2/Grik2/Grin2a/Hcn1/Kcnd2/Kcnk1/Kctd16/Nlgn1/Oprm1/Plk2/Ppp3ca/Prkn/Rgs7bp/Rims1/Snca/Tmem108",26
"GO:0050770","regulation of axonogenesis","27/1417","178/28928",0.151685393258427,3.09665141579377,6.36796610103092,1.76206674889828e-07,2.36601512708317e-05,1.83486792773434e-05,"Bcl11a/Bdnf/Cdh2/Cdh4/Dab1/Efna5/Epha4/Fgf13/Lrp4/Lrrc4c/Map1b/Mbp/Ntrk3/Plxna1/Plxna2/Plxnd1/Robo1/Robo2/Sema3a/Sema4d/Sema5a/Sema6d/Slitrk1/Tiam1/Tiam2/Tnr/Xk",27
"GO:0050767","regulation of neurogenesis","51/1417","485/28928",0.105154639175258,2.14672787724902,5.77998848982472,2.77274034601115e-07,3.6322898532746e-05,2.8168763925972e-05,"Bcl11a/Bdnf/Bhlhe41/Bmp2/Brinp1/Cdh4/Cdon/Chd7/Daam2/Dab1/Efna5/Epha4/Fgf13/Hif1a/Il1rapl1/Kalrn/Lrp4/Lyn/Map1b/Marcks/Mbp/Ntf3/Ntrk3/Oprm1/Pax6/Plxna1/Plxna2/Plxnd1/Pou4f1/Pparg/Ppp3ca/Ptprd/Ptprz1/Rapgef2/Rassf10/Robo1/Robo2/Sema3a/Sema4d/Sema5a/Sema6d/Sgk1/Slitrk1/Sox11/Tenm4/Tiam1/Tiam2/Tnr/Trpc6/Vegfc/Yap1",51
"GO:0060041","retina development in camera-type eye","30/1417","217/28928",0.138248847926267,2.82234486436913,6.11532734288305,3.01301034732275e-07,3.76589505571088e-05,2.92048853696714e-05,"Ahi1/Barhl2/Bhlhe22/Calb1/Cdon/Celf4/Chd7/Col4a1/Crb2/Fos/Hcn1/Hif1a/Max/Ndp/Nectin3/Nfia/Nfib/Nphp1/Pax6/Prom1/Ptprm/Rhoj/Tgfb2/Thrb/Tmem135/Trpm1/Ttc8/Ttll5/Uchl3/Zhx2",30
"GO:0043583","ear development","35/1417","277/28928",0.126353790613718,2.57950773103292,5.9948066806051,3.01495973553468e-07,3.76589505571088e-05,2.92048853696714e-05,"Atp8b1/Bcl2/Bdnf/Bmp2/Bmp5/Bmper/Calb1/Celsr1/Chd7/Clrn1/Diaph3/Epha4/Eya1/Fgfr1/Frem2/Gabrb2/Gata3/Get1/Grxcr1/Kcnk3/Kcnma1/Lrig1/Maf/Myo3b/Nr4a3/Osr1/Otol1/Ror1/Spry2/Tgfb2/Triobp/Tshz1/Ttc8/Ush2a/Zic3",35
"GO:0060485","mesenchyme development","39/1417","328/28928",0.11890243902439,2.4273886775565,5.90037463355847,3.23213370963261e-07,3.82368400600358e-05,2.96530443448856e-05,"Axin2/Bcl2/Bmp2/Bmp5/Cdh2/Cited2/Crb2/Dppa2/Eomes/Epha3/Epha4/Erbb4/Exoc4/Fgfr1/Foxa2/Gata3/Hif1a/Ldlrad4/Ncam1/Osr1/Pax6/Phldb2/Rbm24/Robo1/Robo2/Sdcbp/Sema3a/Sema4d/Sema5a/Sema6d/Sox4/Spry2/Stat1/Tapt1/Tgfb2/Tiam1/Yap1/Zic3/Zic5",39
"GO:0090596","sensory organ morphogenesis","40/1417","341/28928",0.117302052785924,2.39471685461623,5.87979767742089,3.28003057536326e-07,3.82368400600358e-05,2.96530443448856e-05,"Ahi1/Bcl2/Bdnf/Bhlhe22/Calb1/Cdon/Celsr1/Chd7/Cited2/Clrn1/Crb2/Eya1/Fat1/Fgfr1/Gata3/Hcn1/Hif1a/Ift122/Intu/Lrig1/Meis1/Myo3b/Ndp/Nectin3/Nr4a3/Osr1/Pax6/Prom1/Ptprm/Rarb/Sox11/Sox4/Spry2/Thrb/Triobp/Trpm1/Tshz1/Ttc8/Zhx2/Zic3",40
"GO:0010959","regulation of metal ion transport","48/1417","447/28928",0.10738255033557,2.19221059711177,5.76517582613581,3.3411481271341e-07,3.82368400600358e-05,2.96530443448856e-05,"Adrb1/Akap7/Ank3/Asph/Atp1a1/Atp2b1/Bcl2/Cacna1d/Chd7/Cnksr3/Cntn1/Crbn/Dmd/Dpp10/Ehd3/Fgf12/Fgf13/Gnb5/Il16/Itgb3/Jph3/Jph4/Kcna5/Kcnab1/Kcnip3/Kcnip4/Kcnj1/Kcnn2/Lrrc55/Lyn/Nedd4l/Nkain3/Osr1/Pde4d/Plcb1/Plcb4/Ppp3ca/Prkd1/Ryr2/Sgk1/Slc8a1/Snca/Stc2/Stk39/Tgfb2/Tmx1/Trpc6/Tspan18",48
"GO:0042886","amide transport","45/1417","407/28928",0.110565110565111,2.25718244066868,5.79691018018846,3.40834882227042e-07,3.82368400600358e-05,2.96530443448856e-05,"Abca13/Abcc4/Adcy8/Cacna1d/Chd7/Chrm3/Cnr1/Dio2/Efna5/Epha5/Foxa2/Foxo1/G6pc2/Gpr68/Hif1a/Ildr2/Irs1/Kalrn/Kcnj6/Klf7/Lep/Mcu/Myt1/Pde1c/Plcb1/Pparg/Ppp3ca/Prkd1/Prkn/Rab11fip2/Rapgef4/Rph3al/Slc12a1/Slc14a1/Slc14a2/Slc16a10/Slc30a8/Slc7a11/Slco3a1/Snap25/Snx19/Sox4/Stxbp5l/Sybu/Tiam1",45
"GO:0007157","heterophilic cell-cell adhesion via plasma membrane cell adhesion molecules","13/1417","48/28928",0.270833333333333,5.52905198776758,7.12709855863802,3.42557547146205e-07,3.82368400600358e-05,2.96530443448856e-05,"Alcam/Cadm1/Cadm3/Cdh2/Cdh4/Crb2/Grid2/Hmcn1/Il1rapl1/Nectin3/Nlgn1/Ptprd/Tenm2",13
"GO:0008306","associative learning","22/1417","130/28928",0.169230769230769,3.45483958525596,6.36644607362948,3.49472447057824e-07,3.82368400600358e-05,2.96530443448856e-05,"Asic1/B3gat1/Bdnf/Clstn2/Cntnap2/Creb1/Csmd1/Elavl4/Fos/Grin2a/Grm7/Hif1a/Hrh2/Neurod2/Rag1/Sgk1/Slc7a11/Snap25/Tac1/Tacr1/Tanc1/Tnr",22
"GO:0072073","kidney epithelium development","26/1417","173/28928",0.15028901734104,3.06814445563982,6.19199604288309,3.55956433252987e-07,3.82368400600358e-05,2.96530443448856e-05,"Adamts16/Agtr1b/Basp1/Bcl2/Bdnf/Bmp2/Bmper/Calb1/Efnb2/Epha4/Eya1/Fgf1/Fgfr1/Gata3/Irx2/Lgr4/Magi2/Osr1/Pbx1/Prom1/Ptpro/Rarb/Robo2/Sdc1/Stat1/Yap1",26
"GO:0007626","locomotory behavior","36/1417","292/28928",0.123287671232877,2.51691302288261,5.91261176412386,3.76704895231347e-07,3.90055149722827e-05,3.02491592755094e-05,"Adcy8/Adgrl3/Astn1/Calb1/Celsr1/Chd7/Chl1/Chrnb4/Cntn1/Cntnap2/Crbn/Dab1/Dmbx1/Dmd/Elavl4/Epha4/Fgf12/Foxa2/Grin2a/Kalrn/Kcnd2/Kcnma1/Lsamp/Meis1/Nav2/Nr4a2/Oprm1/Oxr1/Pak5/Pbx3/Prkn/Rcan2/Snap25/Snca/Tnr/Uchl3",36
"GO:0098900","regulation of action potential","16/1417","73/28928",0.219178082191781,4.47451204068019,6.74571744689788,3.77636711703352e-07,3.90055149722827e-05,3.02491592755094e-05,"Adra1a/Ank3/Cnr1/Cntnap2/Ctnna3/Dsc2/Fgf12/Fgf13/Hcn1/Kcnq3/Rapgef4/Ryr2/Slc4a3/Tac1/Tacr1/Tmem161b",16
"GO:0030534","adult behavior","28/1417","198/28928",0.141414141414141,2.88696420806513,6.04660890266251,4.63175053703882e-07,4.69379851593123e-05,3.64008676763905e-05,"Bdnf/Chd7/Chl1/Chrnb4/Cntnap2/Dab1/Dmbx1/Epha4/Fgf12/Foxa2/Gabrg2/Grm7/Kalrn/Kcnma1/Lep/Nr4a2/Nr4a3/Nrxn3/Oprm1/Oxr1/Parp1/Pbx3/Prkn/Slc7a11/Slitrk1/Snca/Uchl3/Usp46",28
"GO:0010001","glial cell differentiation","37/1417","309/28928",0.119741100323625,2.44450991542824,5.79369960817275,5.40176066960822e-07,5.33547449696146e-05,4.13771278199228e-05,"Arhgef10/Bmp2/Cdh2/Cntn1/Cntnap2/Daam2/Dab1/Dmd/Eomes/Epha4/Exoc4/Fa2h/Fgf5/Gap43/Lama2/Lyn/Nab1/Ndp/Ndrg1/Nfia/Nfib/Nr3c1/Ntf3/Ntrk3/Pard3/Pax6/Pparg/Ptprj/Ptprz1/Ror1/Sh3tc2/Sox11/Sox4/Sox5/Sox6/Tenm4/Tlr4",37
"GO:0045664","regulation of neuron differentiation","32/1417","247/28928",0.129554655870445,2.64485327100935,5.89198902442659,5.46362124991399e-07,5.33547449696146e-05,4.13771278199228e-05,"Bcl11a/Bcl2/Bdnf/Bmp2/Brinp1/Brinp2/Brinp3/Cdk5rap2/Cdon/Cntn4/Dab1/Dmd/Eya1/Fgfr1/Foxa2/Map1b/Meis1/Nepro/Neurod2/Nlgn1/Nrep/Pax6/Pbx1/Rgs6/Sox11/Sox5/Tcf4/Tiam1/Trpc6/Vwc2l/Zfp536/Zhx2",32
"GO:0099068","postsynapse assembly","19/1417","104/28928",0.182692307692308,3.72965637044677,6.32893969896266,6.46369256275454e-07,6.11433556203515e-05,4.74172717399937e-05,"Asic1/Cdh2/Dclk1/Dock1/Elmo1/Fgfr1/Gap43/Grid2/Lrp4/Lzts1/Magi2/Map1b/Nectin3/Nlgn1/Nrxn3/Ntrk3/Ptprd/Slitrk3/Syndig1",19
"GO:0060560","developmental growth involved in morphogenesis","35/1417","286/28928",0.122377622377622,2.49833441082559,5.77927731745801,6.48886849815683e-07,6.11433556203515e-05,4.74172717399937e-05,"Alcam/Barhl2/Bcl11a/Bdnf/Cadm1/Cdh4/Cobl/Dclk1/Efna5/Fgf1/Fgf13/Flrt3/Map1b/Mgll/Nedd4l/Ntrk3/Plxna1/Prkn/Rims1/Robo1/Sema3a/Sema4d/Sema5a/Sema6d/Sh3gl2/Slit3/Slitrk1/Spry2/St8sia2/Syt1/Tiam1/Tmem108/Tnc/Tnr/Yap1",35
"GO:0042063","gliogenesis","45/1417","417/28928",0.107913669064748,2.20305336535288,5.6160391833732,6.7268687740652e-07,6.18046607385746e-05,4.79301203426863e-05,"Arhgef10/Bmp2/Cdh2/Cdk6/Cntn1/Cntnap2/Creb1/Daam2/Dab1/Dmd/Eomes/Epha4/Exoc4/Fa2h/Fgf5/Gap43/Lama2/Lyn/Nab1/Ndp/Ndrg1/Nfia/Nfib/Nr3c1/Ntf3/Ntrk3/Pard3/Pax6/Pparg/Ptprb/Ptprj/Ptprz1/Ror1/Rras2/Sh3tc2/Sox11/Sox4/Sox5/Sox6/Tenm4/Tgfb2/Tiam1/Tlr4/Vegfc/Zmiz1",45
"GO:0099174","regulation of presynapse organization","12/1417","43/28928",0.27906976744186,5.69719847040095,6.99552619419884,6.78919192622585e-07,6.18046607385746e-05,4.79301203426863e-05,"Cacna2d3/Fzd1/Grid2/Il1rapl1/Lrrtm3/Mdga2/Nlgn1/Ntrk3/Slitrk1/Slitrk2/Slitrk3/Snca",12
"GO:0050773","regulation of dendrite development","23/1417","146/28928",0.157534246575342,3.21605552923889,6.09228226327958,7.12556531722227e-07,6.288739028708e-05,4.87697877227559e-05,"Adgrb3/Bcl11a/Bmp5/Cobl/Csmd3/Elavl4/Epha4/Il1rapl1/Kalrn/Lzts1/Marcks/Nedd4l/Ppp3ca/Ptprd/Ptprz1/Rapgef2/Rapgef4/Robo1/Sema4d/Sgk1/Tiam1/Trpc6/Vldlr",23
"GO:0097106","postsynaptic density organization","14/1417","59/28928",0.23728813559322,4.84422807793979,6.70814924681952,7.18085348378597e-07,6.288739028708e-05,4.87697877227559e-05,"Adgrl3/Cadm1/Cdh2/Cntnap2/Dlg2/Fgfr1/Grid2/Itgb3/Nlgn1/Nrxn3/Ntrk3/Ptprd/Slitrk3/Tmem108",14
"GO:0033555","multicellular organismal response to stress","21/1417","125/28928",0.168,3.42971347918137,6.17838036696979,7.25938968124923e-07,6.288739028708e-05,4.87697877227559e-05,"Adrb1/Asic1/Bcl2/Bdnf/Brinp1/Cntnap2/Grik2/Grm7/Hcn1/Kcnip3/Morc1/Ncam1/Neurod2/Nr4a2/Ppp3ca/Rag1/Runx1/Taar4/Tac1/Tacr1/Usp46",21
"GO:0001764","neuron migration","29/1417","216/28928",0.134259259259259,2.74089756658564,5.82843296187421,8.74078080257522e-07,7.45186249057643e-05,5.77899242034923e-05,"Adgrl3/Astn1/Astn2/Barhl2/Celsr1/Chl1/Ctnna2/Dab1/Dclk1/Eomes/Fgf13/Gata3/Igsf10/Mdga2/Nr4a2/Ntng1/Ntrk3/Pax6/Plxna1/Pomgnt2/Pou4f1/Ptprz1/Rapgef2/Sdccag8/Sema3a/Spock1/Unc5c/Vrk1/Zmiz1",29
"GO:0021953","central nervous system neuron differentiation","32/1417","253/28928",0.126482213438735,2.58212947802098,5.73632837010555,9.34241914563943e-07,7.72774867305623e-05,5.99294485968182e-05,"Adarb1/Bhlhe22/Brinp1/Brinp2/Brinp3/Cdh11/Dclk1/Dclk2/Elavl4/Eomes/Epha4/Erbb4/Fgfr1/Foxp2/Gabrb1/Grid2/Lep/Lmo4/Mtpn/Nfib/Nhlh2/Nr4a2/Pax6/Plxna1/Pou4f1/Rapgef2/Robo1/Robo2/Sema3a/Sox5/Spock1/Zmiz1",32
"GO:0001933","negative regulation of protein phosphorylation","37/1417","316/28928",0.117088607594937,2.39035937932698,5.64001083831682,9.35214417703695e-07,7.72774867305623e-05,5.99294485968182e-05,"Adarb1/Angpt1/Bmp2/Cadm1/Cd109/Cnksr3/Dmd/Dusp6/Fam72a/Gadd45g/Gfra2/Heg1/Lyn/Ntf3/Ntrk3/Paqr3/Pard3/Pax6/Pde4d/Pid1/Pparg/Prkag2/Prkn/Ptprb/Ptprh/Ptprj/Ptpro/Ptprt/Sema4d/Sh3gl2/Shb/Slc8a1/Smyd3/Snca/Spry2/Terf2ip/Trib1",37
"GO:0010976","positive regulation of neuron projection development","31/1417","241/28928",0.128630705394191,2.62599085789919,5.75264386471089,9.5447960859949e-07,7.76743936028463e-05,6.02372537675946e-05,"Adamts1/Ahi1/Bcl11a/Bdnf/Bmp5/Cnr1/Cntn1/Cobl/Dmd/Elavl4/Epha3/Fgfr1/Fut9/Fzd1/Il1rapl1/Kalrn/Lrrc7/Lyn/Magi2/Marcks/Nlgn1/Ntrk3/Prkd1/Ptprd/Ptprz1/Rapgef2/Rit2/Ror1/Tiam1/Vldlr/Zfp804a",31
"GO:0016339","calcium-dependent cell-cell adhesion via plasma membrane cell adhesion molecules","11/1417","37/28928",0.297297297297297,6.06931278490912,7.00248356345995,9.85540584562602e-07,7.9005051935608e-05,6.12691923505768e-05,"Cdh11/Cdh13/Cdh18/Cdh2/Cdh20/Cdh4/Cdh6/Cdh7/Cdh8/Nlgn1/Pcdh18",11
"GO:0010977","negative regulation of neuron projection development","24/1417","160/28928",0.15,3.06224417784051,5.93647546103727,1.02633543609037e-06,8.10654062829618e-05,6.2867017346898e-05,"Bcl11a/Dab1/Diaph2/Efnb2/Epha3/Epha4/Fgf13/Lrp4/Mbp/Minar1/Nlgn1/Ntm/Paqr3/Prag1/Ptprg/Ptprz1/Rit2/Runx1t1/Sema3a/Sema5a/Sema6d/Spock1/Tnr/Xylt1",24
"GO:0031345","negative regulation of cell projection organization","29/1417","218/28928",0.13302752293578,2.71575171735091,5.77097944292576,1.0589711974719e-06,8.24309319075592e-05,6.39259958565418e-05,"Bcl11a/Dab1/Diaph2/Efnb2/Epha3/Epha4/Fgf13/Lrp4/Mbp/Minar1/Nlgn1/Ntm/Paqr3/Ppp3ca/Prag1/Ptprg/Ptprz1/Rapgef2/Rit2/Runx1t1/Sema3a/Sema5a/Sema6d/Spock1/Spry2/Tnr/Trpc6/Xylt1/Yap1",29
"GO:0030900","forebrain development","49/1417","480/28928",0.102083333333333,2.08402728769701,5.43523590089358,1.12141145776541e-06,8.6044299137972e-05,6.67281975695901e-05,"Bhlhe22/Bmp2/Btbd3/Cdh2/Cdon/Chd7/Cntnap2/Creb1/Dab1/Dclk1/Dclk2/Dlc1/Dmd/Dnah5/Elavl4/Eomes/Epha5/Erbb4/Fgf13/Fgfr1/Fos/Foxp2/Hif1a/Kif14/Mecom/Ncam1/Nfib/Nhlh2/Nr4a2/Nr4a3/Pax6/Plcb1/Plxna1/Pou4f1/Rapgef2/Rarb/Robo1/Robo2/Sema3a/Sema5a/Slc7a11/Tacc1/Tmem108/Tnr/Ttc8/Zbtb18/Zic3/Zic5/Zmiz1",49
"GO:0030072","peptide hormone secretion","38/1417","332/28928",0.114457831325301,2.33665218389436,5.55927610935633,1.176181734599e-06,8.78502892766995e-05,6.8128760628306e-05,"Adcy8/Cacna1d/Chd7/Chrm3/Cnr1/Dio2/Efna5/Epha5/Foxa2/Foxo1/G6pc2/Gpr68/Hif1a/Ildr2/Irs1/Kalrn/Kcnj6/Klf7/Lep/Mcu/Myt1/Pde1c/Plcb1/Pparg/Ppp3ca/Prkd1/Prkn/Rab11fip2/Rapgef4/Rph3al/Slc16a10/Slc30a8/Snap25/Snx19/Sox4/Stxbp5l/Sybu/Tiam1",38
"GO:0021675","nerve development","19/1417","108/28928",0.175925925925926,3.59152094931911,6.12354689266906,1.17766166969323e-06,8.78502892766995e-05,6.8128760628306e-05,"Ackr3/Adarb1/Atp8b1/Bdnf/Chd7/Cited2/Dmd/Epha4/Gabrb2/Kcnq3/Lrig1/Nav2/Ndp/Ntf3/Plxna1/Pou4f1/Sema3a/Slc1a3/Sulf2",19
"GO:0043087","regulation of GTPase activity","29/1417","220/28928",0.131818181818182,2.69106306537499,5.71416938860204,1.27940268577311e-06,9.41324907573614e-05,7.30006694679769e-05,"Arap2/Arhgef10/Asap1/Asap2/Dgki/Dock9/Efna5/Epha3/Epha4/Epha5/Gnb5/Gpr65/Kalrn/Mmut/Ntf3/Ntrk3/Rab11fip2/Ralgapa2/Rap1gds1/Rapgef2/Rgs6/Sema4d/Snx18/Spry2/Tiam1/Tiam2/Tns3/Ttc8/Vav3",29
"GO:1905606","regulation of presynapse assembly","11/1417","38/28928",0.289473684210526,5.90959402741151,6.87301107643856,1.32575232598623e-06,9.62245370658387e-05,7.4623071890861e-05,"Fzd1/Grid2/Il1rapl1/Lrrtm3/Mdga2/Nlgn1/Ntrk3/Slitrk1/Slitrk2/Slitrk3/Snca",11
"GO:0034765","regulation of monoatomic ion transmembrane transport","41/1417","375/28928",0.109333333333333,2.23203575629264,5.45000006971148,1.48920185901858e-06,0.000106646709130517,8.27055685071793e-05,"Adrb1/Akap7/Ank3/Asph/Bcl2/Cacna1d/Chd7/Cnksr3/Crbn/Dmd/Dpp10/Ehd3/Fgf12/Fgf13/Gnb5/Grin2a/Itgb3/Jph3/Kcnab1/Kcnip3/Kcnip4/Kcnj1/Kcnj15/Kcnj3/Kcnj6/Kcnn2/Lrrc55/Lyn/Nedd4l/Osr1/Pde4d/Plcb1/Ppp3ca/Prkd1/Ryr2/Slc8a1/Snca/Stk39/Stom/Tgfb2/Trpc6",41
"GO:0048588","developmental cell growth","34/1417","285/28928",0.119298245614035,2.43546905372111,5.52701250599309,1.66975656353834e-06,0.000117074618845597,9.07925147276358e-05,"Adra1a/Adrb1/Alcam/Barhl2/Bcl11a/Bdnf/Cdh4/Cobl/Dclk1/Efna5/Fgf13/Flrt3/Map1b/Meis1/Mgll/Nedd4l/Nr3c1/Ntrk3/Plxna1/Prkn/Rims1/Robo1/Sema3a/Sema4d/Sema5a/Sema6d/Sh3gl2/Slit3/Slitrk1/St8sia2/Syt1/Tiam1/Tmem108/Tnr",34
"GO:0042326","negative regulation of phosphorylation","38/1417","337/28928",0.112759643916914,2.30198375386626,5.4561873870392,1.69432325455033e-06,0.000117074618845597,9.07925147276358e-05,"Adarb1/Angpt1/Bmp2/Cadm1/Cd109/Cnksr3/Dmd/Dusp6/Fam72a/Gadd45g/Gfra2/Heg1/Lyn/Mstn/Ntf3/Ntrk3/Paqr3/Pard3/Pax6/Pde4d/Pid1/Pparg/Prkag2/Prkn/Ptprb/Ptprh/Ptprj/Ptpro/Ptprt/Sema4d/Sh3gl2/Shb/Slc8a1/Smyd3/Snca/Spry2/Terf2ip/Trib1",38
"GO:0060562","epithelial tube morphogenesis","43/1417","404/28928",0.106435643564356,2.17287953213105,5.38793453949832,1.70020857753799e-06,0.000117074618845597,9.07925147276358e-05,"Adamts16/Agtr1b/Angpt1/Bcl2/Bmp2/Bmp5/Cdk20/Celsr1/Cited2/Cobl/Col4a1/Csmd1/Dlc1/Efnb2/Epha4/Eya1/Fgf1/Foxa2/Gata3/Hhip/Hif1a/Ift122/Ift57/Irx2/Lgr4/Lmo4/Map3k7/Mical2/Mthfd1l/Nr3c1/Osr1/Pbx1/Plxnd1/Robo1/Ryr2/Sema5a/Spry2/Tgfb2/Tnc/Traf6/Yap1/Zic3/Zic5",43
"GO:0021954","central nervous system neuron development","19/1417","111/28928",0.171171171171171,3.49445281555373,5.97579697307772,1.80912644300288e-06,0.000122997697789474,9.53859205191525e-05,"Adarb1/Bhlhe22/Brinp1/Cdh11/Dclk1/Dclk2/Epha4/Fgfr1/Gabrb1/Lep/Nfib/Nhlh2/Nr4a2/Plxna1/Rapgef2/Robo1/Robo2/Sema3a/Zmiz1",19
"GO:0099084","postsynaptic specialization organization","15/1417","73/28928",0.205479452054795,4.19485503813768,6.20276721414264,2.073550929838e-06,0.000139213025551999,0.000107961066175908,"Adgrl3/Cadm1/Cdh2/Cntnap2/Dlg2/Fgfr1/Gap43/Grid2/Itgb3/Nlgn1/Nrxn3/Ntrk3/Ptprd/Slitrk3/Tmem108",15
"GO:0090276","regulation of peptide hormone secretion","33/1417","276/28928",0.119565217391304,2.44091927219171,5.45883734921782,2.2465500006569e-06,0.000147613368019936,0.000114475614117706,"Adcy8/Cacna1d/Chd7/Chrm3/Cnr1/Efna5/Epha5/Foxa2/Foxo1/G6pc2/Gpr68/Hif1a/Irs1/Kalrn/Kcnj6/Klf7/Lep/Mcu/Myt1/Pde1c/Plcb1/Pparg/Ppp3ca/Prkd1/Prkn/Rapgef4/Rph3al/Slc30a8/Snap25/Sox4/Stxbp5l/Sybu/Tiam1",33
"GO:0002790","peptide secretion","38/1417","341/28928",0.111436950146628,2.27498101188542,5.37501957306051,2.25363920641124e-06,0.000147613368019936,0.000114475614117706,"Adcy8/Cacna1d/Chd7/Chrm3/Cnr1/Dio2/Efna5/Epha5/Foxa2/Foxo1/G6pc2/Gpr68/Hif1a/Ildr2/Irs1/Kalrn/Kcnj6/Klf7/Lep/Mcu/Myt1/Pde1c/Plcb1/Pparg/Ppp3ca/Prkd1/Prkn/Rab11fip2/Rapgef4/Rph3al/Slc16a10/Slc30a8/Snap25/Snx19/Sox4/Stxbp5l/Sybu/Tiam1",38
"GO:0099175","regulation of postsynapse organization","26/1417","191/28928",0.136125654450262,2.77899995196695,5.59828933787199,2.43423112252397e-06,0.000157081840188899,0.000121818507114714,"Asap1/Asic1/Cdh2/Dact1/Dclk1/Dgkb/Dock1/Elmo1/Epha4/Fgfr1/Grid2/Il1rapl1/Kalrn/Lrp4/Lzts1/Map1b/Marcks/Nectin3/Nlgn1/Ppfia2/Ptprd/Rapgef4/Syndig1/Tanc1/Tiam1/Zfp804a",26
"GO:0050919","negative chemotaxis","12/1417","48/28928",0.25,5.10374029640085,6.45781095701659,2.45668861959924e-06,0.000157081840188899,0.000121818507114714,"Efna5/Flrt3/Itgb3/Lgr4/Lrtm1/Robo1/Robo2/Sema3a/Sema4d/Sema6d/Slit3/Unc5c",12
"GO:0045859","regulation of protein kinase activity","49/1417","494/28928",0.0991902834008097,2.02496578561653,5.21479568918267,2.53961277053456e-06,0.000160473649300484,0.00012444888833443,"Adarb1/Adcy8/Adra1a/Angpt1/Bmp2/Cops8/Dab1/Dipk2a/Epha4/Etaa1/Fam72a/Fbxw7/Fgf1/Fgfr1/Fzd8/Gadd45g/Heg1/Itgb3/Kif14/Lep/Lyn/Map3k5/Map3k7/Nek10/Ntf3/Ntrk3/Paqr3/Pparg/Prkag2/Ptprb/Ptprh/Ptprj/Ptpro/Ptprt/Rapgef2/Robo1/Sash1/Shb/Slc8a1/Smyd3/Snca/Spry2/Tcim/Tgfb2/Tlr4/Traf6/Trib1/Vegfc/Vldlr",49
"GO:0051402","neuron apoptotic process","42/1417","398/28928",0.105527638190955,2.15434263767674,5.26270252396382,2.78126027091232e-06,0.000173699405989187,0.000134705592313342,"Adarb1/Agtr1b/Angpt1/Bcl2/Bdnf/Casp12/Chl1/En2/Epha4/Fbxw7/Fzd1/Gata3/Gbe1/Grid2/Grik2/Grm7/Hif1a/Kcnip3/Kcnma1/Kcnq3/Kif14/Map3k5/Max/Mdga2/Ndp/Nr3c1/Nr4a2/Nr4a3/Ntf3/Oxr1/Parp1/Plxnd1/Pou4f1/Prkn/Ptprz1/Snca/St8sia2/Tfap2d/Tgfb2/Thrb/Tmtc4/Tox3",42
"GO:1903522","regulation of blood circulation","33/1417","279/28928",0.118279569892473,2.4146728284047,5.38873484561411,2.8482682157592e-06,0.000175839638929226,0.00013636536394143,"Add3/Adra1a/Adrb1/Agtr1b/Atp1a1/Atp2b1/Cacna1d/Chrm3/Ctnna3/Dmd/Dsc2/Ehd3/Fgf13/Hif1a/Hopx/Hrh2/Kcna5/Kcnd2/Kcnn2/Lep/Mgll/Pde4d/Pik3r1/Ryr2/Sema3a/Slc4a3/Slc8a1/Svep1/Tac1/Tacr1/Tgfb2/Thrb/Tmem161b",33
"GO:0033002","muscle cell proliferation","34/1417","293/28928",0.116040955631399,2.36897160515534,5.3451893094497,3.10771377422228e-06,0.000189676485015316,0.000147095973739205,"Abcc4/Adamts1/Angpt1/Bmp2/Cdh13/Cited2/Dipk2a/Erbb4/Fgf1/Fgfr1/Fos/Hif1a/Itgb3/Jarid2/Klf4/Map3k5/Map3k7/Mstn/Nampt/Ncam1/Nr4a3/Pde4d/Pik3r1/Pparg/Stat1/Tacr1/Tenm4/Tgfb2/Tlr4/Traf6/Trib1/Vipr2/Yap1/Zfpm2",34
"GO:0002791","regulation of peptide secretion","33/1417","281/28928",0.117437722419929,2.39748654492851,5.34250153437528,3.32854276619989e-06,0.000198640035525107,0.000154047295039216,"Adcy8/Cacna1d/Chd7/Chrm3/Cnr1/Efna5/Epha5/Foxa2/Foxo1/G6pc2/Gpr68/Hif1a/Irs1/Kalrn/Kcnj6/Klf7/Lep/Mcu/Myt1/Pde1c/Plcb1/Pparg/Ppp3ca/Prkd1/Prkn/Rapgef4/Rph3al/Slc30a8/Snap25/Sox4/Stxbp5l/Sybu/Tiam1",33
"GO:0090087","regulation of peptide transport","33/1417","281/28928",0.117437722419929,2.39748654492851,5.34250153437528,3.32854276619989e-06,0.000198640035525107,0.000154047295039216,"Adcy8/Cacna1d/Chd7/Chrm3/Cnr1/Efna5/Epha5/Foxa2/Foxo1/G6pc2/Gpr68/Hif1a/Irs1/Kalrn/Kcnj6/Klf7/Lep/Mcu/Myt1/Pde1c/Plcb1/Pparg/Ppp3ca/Prkd1/Prkn/Rapgef4/Rph3al/Slc30a8/Snap25/Sox4/Stxbp5l/Sybu/Tiam1",33
"GO:0010563","negative regulation of phosphorus metabolic process","41/1417","388/28928",0.105670103092784,2.15725105311788,5.20834684012594,3.51720681975139e-06,0.000205166117334765,0.000159108335465054,"Adarb1/Angpt1/Bmp2/Cadm1/Cd109/Cnksr3/Dmd/Dusp6/Fam72a/Gadd45g/Gfra2/Heg1/Lyn/Mstn/Ntf3/Ntrk3/Paqr3/Pard3/Parp1/Pax6/Pde4d/Pid1/Pparg/Ppp1r26/Prkag2/Prkn/Ptprb/Ptprh/Ptprj/Ptpro/Ptprt/Sema4d/Sh3gl2/Shb/Slc8a1/Smyd3/Snca/Spry2/Terf2ip/Tmem132c/Trib1",41
"GO:0045936","negative regulation of phosphate metabolic process","41/1417","388/28928",0.105670103092784,2.15725105311788,5.20834684012594,3.51720681975139e-06,0.000205166117334765,0.000159108335465054,"Adarb1/Angpt1/Bmp2/Cadm1/Cd109/Cnksr3/Dmd/Dusp6/Fam72a/Gadd45g/Gfra2/Heg1/Lyn/Mstn/Ntf3/Ntrk3/Paqr3/Pard3/Parp1/Pax6/Pde4d/Pid1/Pparg/Ppp1r26/Prkag2/Prkn/Ptprb/Ptprh/Ptprj/Ptpro/Ptprt/Sema4d/Sh3gl2/Shb/Slc8a1/Smyd3/Snca/Spry2/Terf2ip/Tmem132c/Trib1",41
"GO:0070588","calcium ion transmembrane transport","39/1417","361/28928",0.10803324099723,2.20549442171339,5.23082177671904,3.55249467736607e-06,0.000205166117334765,0.000159108335465054,"Adra1a/Adrb1/Asic1/Asph/Atp2b1/Bcl2/Cacna1d/Cacna2d3/Chd7/Dmd/Ehd3/Ghitm/Gnb5/Grin2a/Grm7/Itgb3/Itpr2/Jph3/Lyn/Mcu/Micu3/Nalcn/Pde4d/Plcb1/Plcb4/Ppp3ca/Prkd1/Ryr2/Sec61a1/Slc24a3/Slc24a5/Slc8a1/Snca/Tgfb2/Trpc6/Trpc7/Trpm1/Trpm3/Trpm8",39
"GO:0050796","regulation of insulin secretion","29/1417","232/28928",0.125,2.55187014820042,5.3860716219653,3.76356704803249e-06,0.000215043815053005,0.000166768586887621,"Adcy8/Cacna1d/Chrm3/Cnr1/Efna5/Epha5/Foxa2/Foxo1/G6pc2/Gpr68/Hif1a/Irs1/Kcnj6/Klf7/Lep/Mcu/Myt1/Pde1c/Plcb1/Ppp3ca/Prkn/Rapgef4/Rph3al/Slc30a8/Snap25/Sox4/Stxbp5l/Sybu/Tiam1",29
"GO:0048839","inner ear development","30/1417","245/28928",0.122448979591837,2.49979116558409,5.35038435230571,3.93789768920743e-06,0.000222636299881401,0.000172656633309626,"Atp8b1/Bdnf/Bmp2/Bmper/Calb1/Celsr1/Chd7/Clrn1/Diaph3/Epha4/Eya1/Fgfr1/Frem2/Gabrb2/Gata3/Get1/Grxcr1/Kcnk3/Kcnma1/Lrig1/Maf/Myo3b/Nr4a3/Otol1/Ror1/Spry2/Tgfb2/Triobp/Ttc8/Ush2a",30
"GO:0015833","peptide transport","38/1417","351/28928",0.108262108262108,2.21016673804253,5.17694900806177,4.48391943805345e-06,0.000250865951060261,0.000194549004565543,"Adcy8/Cacna1d/Chd7/Chrm3/Cnr1/Dio2/Efna5/Epha5/Foxa2/Foxo1/G6pc2/Gpr68/Hif1a/Ildr2/Irs1/Kalrn/Kcnj6/Klf7/Lep/Mcu/Myt1/Pde1c/Plcb1/Pparg/Ppp3ca/Prkd1/Prkn/Rab11fip2/Rapgef4/Rph3al/Slc16a10/Slc30a8/Snap25/Snx19/Sox4/Stxbp5l/Sybu/Tiam1",38
"GO:0034332","adherens junction organization","13/1417","60/28928",0.216666666666667,4.42324159021407,6.0240457469712,5.30289926185579e-06,0.000293627545726056,0.000227711040468403,"Cdh11/Cdh13/Cdh18/Cdh2/Cdh20/Cdh4/Cdh6/Cdh7/Cdh8/Efnb2/Epha4/Fer/Jam3",13
"GO:0045165","cell fate commitment","35/1417","314/28928",0.111464968152866,2.27555299839528,5.15771665591626,5.54382486544338e-06,0.000303835544411188,0.000235627443529103,"Barhl2/Bcl2/Bhlhe22/Bmp2/Cdc73/Cdon/Elf5/Eomes/Erbb4/Ets2/Eya1/Fgf13/Fgfr1/Foxa2/Fzd7/Gap43/Gata3/Il7/Lmo4/Mitf/Myt1l/Nfia/Nfib/Ntf3/Ntrk3/Pax6/Pou4f1/Pparg/Runx1/Sox5/Sox6/Spry2/Tenm4/Tgfb2/Zfp521",35
"GO:0030073","insulin secretion","32/1417","275/28928",0.116363636363636,2.3755591197793,5.20168431840899,5.65018907694905e-06,0.000303924331331354,0.000235696298656169,"Adcy8/Cacna1d/Chrm3/Cnr1/Efna5/Epha5/Foxa2/Foxo1/G6pc2/Gpr68/Hif1a/Ildr2/Irs1/Kcnj6/Klf7/Lep/Mcu/Myt1/Pde1c/Plcb1/Ppp3ca/Prkn/Rab11fip2/Rapgef4/Rph3al/Slc30a8/Snap25/Snx19/Sox4/Stxbp5l/Sybu/Tiam1",32
"GO:0050708","regulation of protein secretion","37/1417","341/28928",0.108504398826979,2.21511309052002,5.12263052088031,5.65861722828811e-06,0.000303924331331354,0.000235696298656169,"Adcy8/Ahi1/Cacna1d/Chrm3/Cnr1/Dph3/Efna5/Epha5/Foxa2/Foxo1/G6pc2/Gpr68/Hif1a/Irs1/Kcnj6/Klf7/Lep/Mcu/Myt1/Oprm1/Pde1c/Plcb1/Pparg/Ppp3ca/Prkn/Rap1gds1/Rapgef4/Rph3al/Slc30a8/Snap25/Sox4/Stxbp5l/Sybu/Tgfb2/Tiam1/Tlr4/Vegfc",37
"GO:0048738","cardiac muscle tissue development","33/1417","290/28928",0.113793103448276,2.3230817900859,5.13922679051358,6.5596364042178e-06,0.000348829773535186,0.000270520909343302,"Adra1a/Adrb1/Angpt1/Bmp2/Bmp5/Chd7/Cited2/Creb1/Dipk2a/Efnb2/Erbb4/Fgf1/Fgfr1/Fzd7/Heg1/Jarid2/Meis1/Ncam1/Neb/Nebl/Nr3c1/Pou4f1/Rarb/Ryr2/Sgcd/Slc8a1/Sox6/Tenm4/Tgfb2/Xirp2/Yap1/Zfpm2/Zic3",33
"GO:1990138","neuron projection extension","26/1417","202/28928",0.128712871287129,2.6276682714143,5.26850551343436,6.89223322309812e-06,0.000362923378835882,0.000281450638429301,"Alcam/Barhl2/Bcl11a/Bdnf/Cdh4/Dclk1/Flrt3/Map1b/Mgll/Nedd4l/Ntrk3/Plxna1/Prkn/Rims1/Robo1/Sema3a/Sema5a/Sema6d/Sh3gl2/Slit3/Slitrk1/St8sia2/Syt1/Tiam1/Tmem108/Tnr",26
"GO:0008037","cell recognition","23/1417","167/28928",0.137724550898204,2.81164136089148,5.32858510347347,7.46520875622296e-06,0.000389278021647315,0.000301888922313482,"Bdnf/Cadm1/Cd47/Cnr1/Cntn5/Cntn6/Cntnap2/Crisp4/Diaph2/Dscaml1/Epha3/Epha4/Gap43/Ncam1/Ncam2/Plxnd1/Ptprz1/Robo1/Robo2/Sema3a/Sema5a/Spaca3/Ywhaz",23
"GO:0086001","cardiac muscle cell action potential","13/1417","62/28928",0.209677419354839,4.28055637762652,5.86858610824831,7.78398386164537e-06,0.000401997858854782,0.000311753280774603,"Ank3/Cacna1d/Ctnna3/Dmd/Dsc2/Fgf13/Kcna5/Kcnd2/Kcnn2/Nedd4l/Ryr2/Slc4a3/Tmem161b",13
"GO:0051480","regulation of cytosolic calcium ion concentration","15/1417","81/28928",0.185185185185185,3.78054836770433,5.68729912499975,8.03833845696557e-06,0.000411180150974877,0.000318874238337973,"Adcy8/Asph/Atp2b1/Cacna1d/Calb1/Calb2/Cnr1/Erc2/Kcnh1/Ryr2/Sv2b/Tmem178/Tmem64/Trpc6/Trpc7",15
"GO:0072006","nephron development","24/1417","180/28928",0.133333333333333,2.72199482474712,5.25953937588824,8.38824250279538e-06,0.000421277088688747,0.000326704512526604,"Adamts16/Agtr1b/Angpt1/Basp1/Bcl2/Bmp2/Calb1/Erbb4/Eya1/Fgf1/Gata3/Irx2/Itgb3/Lgr4/Magi2/Osr1/Pbx1/Ppp3ca/Prom1/Ptpro/Sec61a1/Stat1/Sulf2/Yap1",24
"GO:0032970","regulation of actin filament-based process","42/1417","416/28928",0.100961538461538,2.06112588893111,4.94746999505746,8.39259886235263e-06,0.000421277088688747,0.000326704512526604,"Add3/Adrb1/Arap2/Arhgef10/Atp1a1/Cd47/Celsr1/Ctnna2/Ctnna3/Daam2/Dlc1/Dsc2/Efna5/Epha3/Epha5/Fer/Fgf13/Frmd6/Gpr65/Iqgap2/Itgb3/Jam3/Kank4/Mtpn/Myo3b/Neb/Pam/Pard3/Pde4d/Phldb2/Pik3r1/Prkd1/Prkn/Ryr2/Sema5a/Svil/Tac1/Tacr1/Tgfb2/Tmeff2/Ttc8/Xirp2",42
"GO:0021537","telencephalon development","35/1417","322/28928",0.108695652173913,2.21901752017428,4.99220890552057,9.63907060696211e-06,0.000479365261388829,0.000371752459958568,"Bhlhe22/Bmp2/Btbd3/Cdh2/Cdon/Chd7/Dab1/Dclk2/Dmd/Dnah5/Eomes/Epha5/Erbb4/Fgf13/Fgfr1/Fos/Foxp2/Hif1a/Kif14/Nfib/Nr4a3/Pax6/Plcb1/Rarb/Robo1/Robo2/Sema3a/Slc7a11/Tacc1/Tmem108/Tnr/Ttc8/Zbtb18/Zic3/Zmiz1",35
"GO:0007269","neurotransmitter secretion","24/1417","182/28928",0.131868131868132,2.69208279370594,5.19699174668313,1.01438285032664e-05,0.000495295480827673,0.000384106501315074,"Asic1/Cacna1d/Cadps2/Cplx2/Dgki/Efr3a/Erc2/Gpr158/Kcnh1/Mctp2/Micu3/Nlgn1/Nrxn3/Ppfia2/Prkn/Rims1/Rph3al/Snap25/Snca/Sncaip/Stxbp5l/Sv2b/Syn2/Syt1",24
"GO:0099643","signal release from synapse","24/1417","182/28928",0.131868131868132,2.69208279370594,5.19699174668313,1.01438285032664e-05,0.000495295480827673,0.000384106501315074,"Asic1/Cacna1d/Cadps2/Cplx2/Dgki/Efr3a/Erc2/Gpr158/Kcnh1/Mctp2/Micu3/Nlgn1/Nrxn3/Ppfia2/Prkn/Rims1/Rph3al/Snap25/Snca/Sncaip/Stxbp5l/Sv2b/Syn2/Syt1",24
"GO:0032228","regulation of synaptic transmission, GABAergic","11/1417","46/28928",0.239130434782609,4.88183854438342,5.97979349622212,1.02439449548976e-05,0.000495677732907703,0.000384402941550781,"Adra1a/Bdnf/Cnr1/Cntnap2/Erbb4/Nalcn/Nlgn1/Plcl2/Tac1/Tacr1/Usp46",11
"GO:0051932","synaptic transmission, GABAergic","14/1417","73/28928",0.191780821917808,3.91519803559517,5.6598169813874,1.05103026296672e-05,0.000503763294930893,0.000390673374171534,"Adra1a/Bdnf/Cnr1/Cntnap2/Erbb4/Gabrb2/Gabrg2/Nalcn/Nlgn1/Plcl2/Slitrk3/Tac1/Tacr1/Usp46",14
"GO:0031400","negative regulation of protein modification process","42/1417","420/28928",0.1,2.04149611856034,4.87957907622966,1.05986319730387e-05,0.000503763294930893,0.000390673374171534,"Adarb1/Angpt1/Bmp2/Cadm1/Cd109/Cdyl/Cnksr3/Dmd/Dusp6/Fam72a/Fscb/Gadd45g/Gfra2/Heg1/Lyn/Minar1/Ntf3/Ntrk3/Oxr1/Paqr3/Pard3/Pax6/Pde4d/Pid1/Pparg/Prkag2/Prkn/Ptprb/Ptprh/Ptprj/Ptpro/Ptprt/Sema4d/Sh3gl2/Shb/Slc8a1/Smyd3/Snca/Sox4/Spry2/Terf2ip/Trib1",42
"GO:0045927","positive regulation of growth","35/1417","324/28928",0.108024691358025,2.20531988116086,4.9515922552443,1.10266135442209e-05,0.000519508257421143,0.000402883746948126,"Adrb1/Ahi1/Bcl11a/Bcl2/Bdnf/Cdh4/Chd7/Creb1/Efna5/Erbb4/Fgfr1/Gpam/Hopx/Il7/Lep/Lgi1/Map1b/Mtpn/N6amt1/Ncam1/Nedd4l/Nr3c1/Ntrk3/Plcb1/Prkn/Rftn1/Rims1/Sdcbp/Sema4d/Sema5a/Sgk1/Syt1/Tgfb2/Yap1/Zfpm2",35
"GO:0048639","positive regulation of developmental growth","27/1417","220/28928",0.122727272727273,2.50547250914223,5.08705151408108,1.12630271661281e-05,0.000526032338341512,0.000407943235664703,"Adrb1/Bcl11a/Bcl2/Bdnf/Cdh4/Chd7/Creb1/Efna5/Erbb4/Fgfr1/Gpam/Hopx/Il7/Lep/Map1b/Ncam1/Nedd4l/Nr3c1/Ntrk3/Plcb1/Prkn/Rims1/Sema4d/Sema5a/Syt1/Yap1/Zfpm2",27
"GO:0090257","regulation of muscle system process","31/1417","272/28928",0.113970588235294,2.32670513512392,4.9892413420458,1.19540418392411e-05,0.000553492747573828,0.000429239052249339,"Adk/Adra1a/Adrb1/Atp1a1/Atp2b1/Cald1/Chrm3/Chrnb4/Ctnna3/Dmd/Dsc2/Ehd3/Eno1b/Fgf13/Foxo1/Jarid2/Kcnma1/Klf4/Mstn/Mtpn/Nr3c1/Nr4a3/Parp1/Pde4d/Pparg/Ppp3ca/Prkd1/Ryr2/Setd3/Slc8a1/Tacr1",31
"GO:1904062","regulation of monoatomic cation transmembrane transport","36/1417","340/28928",0.105882352941176,2.16158412553448,4.88969392062393,1.29372303513482e-05,0.000593896275359753,0.000460572384168104,"Adrb1/Akap7/Ank3/Asph/Bcl2/Cacna1d/Chd7/Cnksr3/Crbn/Dmd/Dpp10/Ehd3/Fgf12/Fgf13/Gnb5/Grin2a/Itgb3/Jph3/Kcnab1/Kcnip3/Kcnip4/Kcnj1/Kcnn2/Lrrc55/Lyn/Nedd4l/Osr1/Pde4d/Plcb1/Ppp3ca/Prkd1/Ryr2/Slc8a1/Snca/Stk39/Tgfb2",36
"GO:0048638","regulation of developmental growth","40/1417","397/28928",0.100755667506297,2.05692304137062,4.81242037413427,1.42929820429722e-05,0.000646613945843165,0.000501455454478026,"Adrb1/Barhl2/Bcl11a/Bcl2/Bdnf/Cdh4/Chd7/Cited2/Creb1/Dusp6/Efna5/Erbb4/Fgf13/Fgfr1/Fosl2/Gpam/Hopx/Il7/Jarid2/Lep/Map1b/Mgll/Mstn/Ncam1/Nedd4l/Nr3c1/Ntrk3/Plcb1/Prkn/Rims1/Sema3a/Sema4d/Sema5a/Sema6d/Stc2/Syt1/Tnr/Wwc1/Yap1/Zfpm2",40
"GO:0003007","heart morphogenesis","33/1417","301/28928",0.109634551495017,2.2381851133718,4.90077023173827,1.4326393512444e-05,0.000646613945843165,0.000501455454478026,"Adamts1/Angpt1/Axin2/Bmp2/Bmp5/Chd7/Cited2/Dlc1/Dnah11/Eya1/Fzd1/Gata3/Heg1/Hif1a/Ift57/Mical2/Parva/Plxnd1/Pou4f1/Rbm20/Robo1/Robo2/Ryr2/Slc8a1/Slit3/Sox11/Sox4/Tgfb2/Xirp2/Yap1/Zfpm2/Zic3/Zmiz1",33
"GO:0010038","response to metal ion","39/1417","384/28928",0.1015625,2.07339449541284,4.80563734749651,1.51676807560419e-05,0.000678880111172508,0.000526478182032086,"Adcy1/Adcy8/Ank3/Asph/Bcl2/Creb1/Dlg2/Fos/Foxa2/Gabrg2/Gphn/Grin2a/Hcn1/Hif1a/Kcnh1/Kcnip3/Kcnj1/Kcnk3/Kcnma1/Kcnq3/Micu3/Ncam1/Neurod2/Nlgn1/Otc/Pam/Pde1c/Pla2g4a/Pparg/Ppp3ca/Ryr2/Sdc1/Slc25a13/Slc30a5/Slc30a8/Slc39a8/Snca/Stk39/Syt1",39
"GO:0045666","positive regulation of neuron differentiation","18/1417","117/28928",0.153846153846154,3.1407632593236,5.26581796381405,1.56074429565047e-05,0.000692789885284189,0.000537265348228701,"Bdnf/Bmp2/Brinp1/Brinp2/Brinp3/Cdon/Dab1/Dmd/Fgfr1/Foxa2/Map1b/Neurod2/Pax6/Rgs6/Sox11/Tcf4/Trpc6/Vwc2l",18
"GO:1903532","positive regulation of secretion by cell","40/1417","399/28928",0.100250626566416,2.0466126501858,4.77763081813958,1.60643541482294e-05,0.000704831352154529,0.00054660362384256,"Adcy8/Bmp2/Cacna1d/Cadps2/Chrm3/Creb1/Cyp2j5/Fgfr1/Gpr158/Gpr68/Hif1a/Irs1/Lep/Mcu/Micu3/Nlgn1/Nr3c1/Pla2g4a/Plcb1/Pparg/Prkd1/Prkn/Rab27b/Rapgef4/Rph3al/Runx1/Sdc1/Sdcbp/Slc30a8/Snap25/Snca/Sox11/Sox4/Sybu/Syt1/Tac1/Tacr1/Tgfb2/Tlr4/Vegfc",40
"GO:0048762","mesenchymal cell differentiation","30/1417","263/28928",0.114068441064639,2.32870279683689,4.91262014545015,1.61411760035388e-05,0.000704831352154529,0.00054660362384256,"Axin2/Bcl2/Bmp2/Cdh2/Cited2/Crb2/Eomes/Epha3/Epha4/Erbb4/Fgfr1/Foxa2/Gata3/Hif1a/Ldlrad4/Ncam1/Osr1/Pax6/Phldb2/Sdcbp/Sema3a/Sema4d/Sema5a/Sema6d/Spry2/Stat1/Tapt1/Tgfb2/Tiam1/Zic5",30
"GO:0046887","positive regulation of hormone secretion","25/1417","200/28928",0.125,2.55187014820042,4.99805597184027,1.71086763142767e-05,0.00073512560387184,0.000570097113057623,"Adcy8/Cacna1d/Chrm3/Creb1/Cyp2j5/Fgfr1/Gpr68/Hif1a/Irs1/Lep/Mcu/Plcb1/Pparg/Prkd1/Prkn/Rapgef4/Rph3al/Runx1/Slc30a8/Snap25/Sox11/Sox4/Sybu/Tac1/Tacr1",25
"GO:0048592","eye morphogenesis","25/1417","200/28928",0.125,2.55187014820042,4.99805597184027,1.71086763142767e-05,0.00073512560387184,0.000570097113057623,"Ahi1/Bcl2/Bdnf/Bhlhe22/Calb1/Cdon/Cited2/Crb2/Fat1/Hcn1/Hif1a/Ift122/Meis1/Ndp/Nectin3/Pax6/Prom1/Ptprm/Rarb/Sox11/Sox4/Thrb/Trpm1/Ttc8/Zhx2",25
"GO:0098917","retrograde trans-synaptic signaling","6/1417","13/28928",0.461538461538462,9.42228977797079,6.8932446434916,1.74157523144537e-05,0.000742380997467705,0.00057572374192392,"Cadm1/Cnr1/Mgll/Nlgn1/Plcb1/Tenm2",6
"GO:0050769","positive regulation of neurogenesis","35/1417","332/28928",0.105421686746988,2.1521796430606,4.79203553514689,1.86093220424025e-05,0.000787013139289323,0.000610336405485179,"Bcl11a/Bdnf/Bmp2/Cdh4/Cdon/Efna5/Epha4/Hif1a/Il1rapl1/Kalrn/Lyn/Map1b/Marcks/Ntf3/Ntrk3/Oprm1/Pax6/Plxna1/Plxna2/Plxnd1/Pparg/Ptprd/Ptprz1/Rassf10/Robo1/Robo2/Sema4d/Sema5a/Sgk1/Slitrk1/Sox11/Tenm4/Tiam1/Tiam2/Vegfc",35
"GO:0009100","glycoprotein metabolic process","38/1417","374/28928",0.101604278074866,2.07424739318965,4.74558838573185,1.92205034471464e-05,0.000805705312707075,0.00062483236923084,"Aga/Alg14/Alg6/B3gat1/Bcl2/Bmp2/Chst11/Fut8/Fut9/Galnt15/Galnt18/Galnt5/Galnt7/Galntl6/Hif1a/Hs3st1/Hs3st4/Hs3st5/Hs6st1/Hs6st2/Hs6st3/Itm2b/Lep/Lipc/Ndst3/Necab1/Pcsk6/Phlda1/Plcb1/Pomgnt2/Slc39a8/St6galnac3/St8sia2/Sulf2/Tmtc2/Tmtc4/Uggt2/Xylt1",38
"GO:0002573","myeloid leukocyte differentiation","32/1417","292/28928",0.10958904109589,2.2372560203401,4.82256687808926,1.93513284936162e-05,0.000805705312707075,0.00062483236923084,"Ap3b1/Bmp2/Cd109/Cdk6/Cited2/Creb1/Dcstamp/Diaph3/Fbxw7/Fos/Fosl2/Gata3/Gpr68/Inpp4b/Itgb3/Lyn/Mitf/Ndp/Nr3c1/Pik3r1/Plcb1/Pou4f1/Pparg/Ppp3ca/Runx1/Snx10/Tlr4/Tmem178/Tmem64/Traf6/Trib1/Zbtb46",32
"GO:0003012","muscle system process","44/1417","460/28928",0.0956521739130435,1.95273541775337,4.67472623080861,1.99662707053395e-05,0.000824914153525988,0.000639729013611566,"Adk/Adra1a/Adrb1/Atp1a1/Atp2b1/Bmp2/Cacna1d/Cald1/Chrm3/Chrnb4/Ctnna3/Dmd/Dsc2/Ehd3/Eno1b/Fgf13/Foxo1/Jarid2/Kcna5/Kcnd2/Kcnma1/Kcnn2/Klf4/Lep/Meis1/Mstn/Mtpn/Myom2/Nedd4l/Nr3c1/Nr4a3/Parp1/Pde4d/Pparg/Ppp3ca/Prkd1/Rap1gds1/Ryr2/Setd3/Sgcd/Slc8a1/Sulf2/Tacr1/Tiam1",44
"GO:0050678","regulation of epithelial cell proliferation","42/1417","432/28928",0.0972222222222222,1.98478789304477,4.68032549797829,2.08225294532804e-05,0.00085332469949952,0.000661761670554263,"Agtr1b/Arg1/Atoh8/Bmp5/Cd109/Cdc73/Cdh13/Cdk6/Efnb2/Erbb4/Eya1/Fa2h/Fgf1/Fgfr1/Foxp2/Fzd7/Gata3/Ift122/Ift57/Intu/Itgb3/Klf9/Lep/Mir205/Nfib/Nr4a3/Osr1/Pax6/Pparg/Prkd1/Ptprk/Ptprm/Robo1/Scg2/Sema5a/Sox11/Stat1/Sulf2/Tacr1/Tgfb2/Vegfc/Yap1",42
"GO:0015012","heparan sulfate proteoglycan biosynthetic process","9/1417","33/28928",0.272727272727273,5.56771668698274,5.95838022947238,2.0971673865935e-05,0.00085332469949952,0.000661761670554263,"Hs3st1/Hs3st4/Hs3st5/Hs6st1/Hs6st2/Hs6st3/Lipc/Ndst3/Xylt1",9
"GO:0048593","camera-type eye morphogenesis","22/1417","166/28928",0.132530120481928,2.7055972655619,5.00154785608534,2.15893774426128e-05,0.000871853731159949,0.000676131116267659,"Ahi1/Bhlhe22/Calb1/Cdon/Cited2/Crb2/Fat1/Hcn1/Hif1a/Ift122/Meis1/Ndp/Nectin3/Pax6/Prom1/Ptprm/Sox11/Sox4/Thrb/Trpm1/Ttc8/Zhx2",22
"GO:0007413","axonal fasciculation","8/1417","26/28928",0.307692307692308,6.2815265186472,6.1145658275934,2.29918949295314e-05,0.000914736797529728,0.000709387354667881,"Cnr1/Epha3/Epha4/Ncam1/Ncam2/Ptprz1/Sema3a/Sema5a",8
"GO:0106030","neuron projection fasciculation","8/1417","26/28928",0.307692307692308,6.2815265186472,6.1145658275934,2.29918949295314e-05,0.000914736797529728,0.000709387354667881,"Cnr1/Epha3/Epha4/Ncam1/Ncam2/Ptprz1/Sema3a/Sema5a",8
"GO:0099633","protein localization to postsynaptic specialization membrane","11/1417","50/28928",0.22,4.49129146083274,5.60752200890213,2.39553261620572e-05,0.000939153699389849,0.000728322901446488,"Dlg2/Erbb4/Gphn/Kalrn/Lgi1/Magi2/Nbea/Nrxn3/Rapgef4/Tmem108/Traf6",11
"GO:0099645","neurotransmitter receptor localization to postsynaptic specialization membrane","11/1417","50/28928",0.22,4.49129146083274,5.60752200890213,2.39553261620572e-05,0.000939153699389849,0.000728322901446488,"Dlg2/Erbb4/Gphn/Kalrn/Lgi1/Magi2/Nbea/Nrxn3/Rapgef4/Tmem108/Traf6",11
"GO:0016311","dephosphorylation","27/1417","230/28928",0.117391304347826,2.39653892178822,4.82585846894295,2.52200080591997e-05,0.000981570023811315,0.000761217176889803,"Bcl2/Bmp2/Dusp6/Eya1/Inpp4b/Inpp5a/Lhpp/Plpp1/Plppr1/Ppm1l/Ppp1r26/Ppp3ca/Ptpn20/Ptprb/Ptprd/Ptprg/Ptprh/Ptprj/Ptprk/Ptprm/Ptpro/Ptprr/Ptprt/Ptprz1/Synj2/Tmem132c/Tns3",27
"GO:0099558","maintenance of synapse structure","10/1417","42/28928",0.238095238095238,4.86070504419128,5.68238950095333,2.69271819788992e-05,0.00104047406049401,0.000806897834839108,"Adgrb3/Adgrl3/Cadm1/Cntnap2/Dlg2/Erc2/Itgb3/Nlgn1/Rims1/Sema3a",10
"GO:0048814","regulation of dendrite morphogenesis","16/1417","100/28928",0.16,3.26639378969654,5.15242346311888,2.77509152054357e-05,0.00106464403977425,0.000825641890736158,"Adgrb3/Epha4/Il1rapl1/Kalrn/Lzts1/Marcks/Nedd4l/Ppp3ca/Ptprd/Ptprz1/Rapgef2/Robo1/Sema4d/Sgk1/Tiam1/Trpc6",16
"GO:0007162","negative regulation of cell adhesion","34/1417","326/28928",0.104294478527607,2.12916773101385,4.65320827642854,3.03548414628553e-05,0.00115628264891486,0.000896708530560049,"Adamts18/Angpt1/Arg1/Bmp2/Cd276/Cdh13/Dab1/Dapl1/Dlc1/Dscaml1/Efna5/Epha4/Epha5/Fzd7/Ildr2/Jam3/Klf4/Mbp/Peli1/Phldb2/Pik3r1/Plxna1/Plxna2/Plxnd1/Ptprz1/Runx1/Sema4d/Sema5a/Socs6/Spock1/Tmx1/Tnc/Tnr/Zfp608",34
"GO:0031503","protein-containing complex localization","30/1417","272/28928",0.110294117647059,2.25165013076508,4.70698756857295,3.07655966427804e-05,0.00116367619414347,0.000902442297371994,"1700009N14Rik/Daw1/Dlg2/Efnb2/Erbb4/Gphn/Grin2a/Ift122/Ift57/Intu/Itgb3/Kalrn/Lca5/Lca5l/Lgi1/Lrrc7/Magi2/Nbea/Nedd4l/Nlgn1/Nrxn3/Ralgapa2/Rapgef4/Sgcd/Spag17/Tmem108/Traf6/Tspan9/Usp46/Vac14",30
"GO:0030324","lung development","29/1417","259/28928",0.111969111969112,2.2858450748359,4.71754107205178,3.13587245468141e-05,0.00117463331654926,0.000910939653222553,"Ap3b1/Bmp2/Celsr1/Creb1/Dppa2/Fbxw7/Fgf1/Fgfr1/Fndc3b/Fosl2/Foxa2/Foxp2/Heg1/Hhip/Hopx/Hs6st1/Hsd11b1/Nfib/Phex/Slc7a11/Sox11/Spry2/Thrb/Tnc/Tns3/Yap1/Ywhaz/Zfpm2/Zic3",29
"GO:0050772","positive regulation of axonogenesis","16/1417","101/28928",0.158415841584158,3.23405325712529,5.10432030462145,3.14926824768373e-05,0.00117463331654926,0.000910939653222553,"Bcl11a/Bdnf/Cdh4/Efna5/Map1b/Ntrk3/Plxna1/Plxna2/Plxnd1/Robo1/Robo2/Sema4d/Sema5a/Slitrk1/Tiam1/Tiam2",16
"GO:0035418","protein localization to synapse","17/1417","112/28928",0.151785714285714,3.09869946567194,5.05040085706595,3.1843217580748e-05,0.00117951670087033,0.000914726765640797,"Dlg2/Dlgap1/Erbb4/Gphn/Grin2a/Kalrn/Lgi1/Lrrc7/Magi2/Nbea/Nlgn1/Nrxn3/Rab27b/Rapgef4/Slitrk3/Tmem108/Traf6",17
"GO:1902414","protein localization to cell junction","20/1417","147/28928",0.136054421768707,2.77754573953788,4.90354253477098,3.43212579527081e-05,0.00126259915386298,0.000979158022486416,"Dlg2/Dlgap1/Erbb4/Gphn/Grin2a/Heg1/Jam3/Kalrn/Lgi1/Lrrc7/Magi2/Nbea/Nectin3/Nlgn1/Nrxn3/Rab27b/Rapgef4/Slitrk3/Tmem108/Traf6",20
"GO:0045444","fat cell differentiation","30/1417","274/28928",0.109489051094891,2.23521472835074,4.66238946782514,3.53285861446071e-05,0.0012735596198448,0.00098765797131297,"Adrb1/Arid5b/Arl4a/Axin2/Bbs9/Bmp2/Cntnap2/Creb1/Creb5/Dact1/Dio2/Fndc3b/Fosl2/Foxo1/Klf4/Lamb3/Lep/Mecom/Noct/Nr4a2/Nr4a3/Plcb1/Pparg/Runx1t1/Tbl1xr1/Tmem64/Ttc8/Uchl3/Yap1/Zfpm2",30
"GO:0001894","tissue homeostasis","32/1417","301/28928",0.106312292358804,2.1703613220575,4.63232182779035,3.53305498709504e-05,0.0012735596198448,0.00098765797131297,"Abca4/Angpt1/Ank/Bcl2/Brinp1/Clrn1/Col9a1/Crb2/Creb1/Dcstamp/Fosl2/Il10ra/Il7/Ildr2/Itgb3/Kcnj1/Lca5/Mbp/Ndp/Nfib/Prom1/Sh3gl2/Slc39a8/Snx10/Stk39/Tff3/Tlr4/Tmem64/Tns3/Traf6/Ush2a/Yap1",32
"GO:0060249","anatomical structure homeostasis","32/1417","301/28928",0.106312292358804,2.1703613220575,4.63232182779035,3.53305498709504e-05,0.0012735596198448,0.00098765797131297,"Abca4/Angpt1/Ank/Bcl2/Brinp1/Clrn1/Col9a1/Crb2/Creb1/Dcstamp/Fosl2/Il10ra/Il7/Ildr2/Itgb3/Kcnj1/Lca5/Mbp/Ndp/Nfib/Prom1/Sh3gl2/Slc39a8/Snx10/Stk39/Tff3/Tlr4/Tmem64/Tns3/Traf6/Ush2a/Yap1",32
"GO:0001657","ureteric bud development","17/1417","113/28928",0.150442477876106,3.0712773465067,5.00670034831353,3.57932384454848e-05,0.00128163655793799,0.000993921715991463,"Adamts16/Agtr1b/Bcl2/Bdnf/Bmp2/Bmper/Calb1/Eya1/Fgf1/Fgfr1/Gata3/Lgr4/Osr1/Pbx1/Rarb/Robo2/Sdc1",17
"GO:0022898","regulation of transmembrane transporter activity","25/1417","209/28928",0.119617224880383,2.44198100306261,4.74822685154504,3.61963045660682e-05,0.00128748577367121,0.000998457840138946,"Akap7/Ank3/Asph/Bcl2/Cacna1d/Chrm3/Cnksr3/Crbn/Dmd/Ehd3/Fgf12/Fgf13/Gnb5/Jph3/Kcnab1/Kcnj1/Lrrc55/Nedd4l/Nlgn1/Oprm1/Osr1/Plcb1/Snca/Stk39/Trpc6",25
"GO:0030323","respiratory tube development","29/1417","262/28928",0.110687022900763,2.25967127626908,4.64844565848313,3.87785804762531e-05,0.00136999483314743,0.00106244442469096,"Ap3b1/Bmp2/Celsr1/Creb1/Dppa2/Fbxw7/Fgf1/Fgfr1/Fndc3b/Fosl2/Foxa2/Foxp2/Heg1/Hhip/Hopx/Hs6st1/Hsd11b1/Nfib/Phex/Slc7a11/Sox11/Spry2/Thrb/Tnc/Tns3/Yap1/Ywhaz/Zfpm2/Zic3",29
"GO:0006816","calcium ion transport","44/1417","473/28928",0.0930232558139535,1.89906615680031,4.4743129796651,3.90261049099901e-05,0.00136999483314743,0.00106244442469096,"Adra1a/Adrb1/Asic1/Asph/Atp2b1/Bcl2/Cacna1d/Cacna2d3/Chd7/Dmd/Ehd3/Ghitm/Gnb5/Grin2a/Grm7/Il16/Itgb3/Itpr2/Jph3/Jph4/Lyn/Mcu/Micu3/Nalcn/Pde4d/Plcb1/Plcb4/Ppp3ca/Prkd1/Ryr2/Sec61a1/Slc24a3/Slc24a5/Slc8a1/Snca/Stc2/Tgfb2/Tmx1/Trpc6/Trpc7/Trpm1/Trpm3/Trpm8/Tspan18",44
"GO:0007264","small GTPase-mediated signal transduction","42/1417","444/28928",0.0945945945945946,1.93114497701654,4.48736850855994,3.94810574293525e-05,0.00137696597047437,0.00106785061003382,"Abra/Adra1a/Adrb1/Agtr1b/Arhgef3/Cdh13/Cdh2/Cdon/Celsr1/Dab1/Dgki/Dlc1/Dock1/Dock9/Dok5/Elmo1/Grin2a/Heg1/Kif14/Lrp4/Mras/Plaat1/Plk2/Prag1/Psd2/Psd3/Ralgapa2/Rapgef2/Rapgef4/Rasa2/Rhoj/Rit2/Robo1/Rras2/Sdcbp/Sema4d/Spry2/Tgfb2/Tiam1/Tiam2/Tns3/Vav3",42
"GO:0043523","regulation of neuron apoptotic process","34/1417","331/28928",0.102719033232628,2.09700507646681,4.55560258783351,4.13681685754533e-05,0.001433473763992,0.00111167295791558,"Angpt1/Bcl2/Bdnf/Casp12/Chl1/En2/Epha4/Fbxw7/Fzd1/Gata3/Gbe1/Grid2/Grik2/Grm7/Hif1a/Kcnip3/Kcnma1/Kif14/Mdga2/Nr3c1/Nr4a2/Nr4a3/Ntf3/Oxr1/Parp1/Plxnd1/Pou4f1/Prkn/Ptprz1/Snca/St8sia2/Tfap2d/Tgfb2/Tox3",34
"GO:0021772","olfactory bulb development","11/1417","53/28928",0.207547169811321,4.23706741587995,5.3531833318633,4.27145815546656e-05,0.00147064113801352,0.00114049662086243,"Chd7/Eomes/Erbb4/Fgfr1/Kif14/Pax6/Robo1/Robo2/Sema3a/Ttc8/Zic3",11
"GO:0021700","developmental maturation","40/1417","418/28928",0.0956937799043062,1.95358480245009,4.45689382006366,4.62023363719173e-05,0.00158059075575521,0.00122576362737966,"Adam7/Adgrb3/Ank3/Bcl11a/Bcl2/Bmp2/Cntnap2/Dab1/Dazl/Diaph3/Dlg2/Erbb4/Fgfr1/Gata3/Grb14/Hif1a/Kcnma1/Kcnq3/Kif14/Lep/Map1b/Mreg/Neurod2/Nfia/Nlgn1/Nr4a2/Ntn4/Pde3a/Plcb1/Pparg/Robo2/Runx1/Sema4d/Shb/Snx10/Snx19/Sybu/Tgfb2/Xylt1/Ywhaz",40
"GO:0007605","sensory perception of sound","31/1417","292/28928",0.106164383561644,2.16734176970447,4.55005565658061,4.77042530035233e-05,0.00162164267646787,0.00125759979437003,"Atp8b1/Cacna1d/Chd7/Clrn1/Cntn5/Diaph3/Epyc/Fam107b/Fgfr1/Get1/Grm7/Grxcr1/Kcnma1/Kcnq3/Lrig1/Mbp/Mir1195/Mir124-2hg/Mir125b-2/Mir181a-1/Mir205/Mir30d/Myo3b/Nav2/Ror1/Slc1a3/Spry2/Thrb/Tmtc4/Triobp/Ush2a",31
"GO:0061448","connective tissue development","34/1417","334/28928",0.101796407185629,2.07816970152849,4.49786415496007,4.96069120959948e-05,0.00167571525073955,0.00129953360585138,"Arid5b/Axin2/Bmp2/Bmp5/Chst11/Col9a1/Creb5/Dmd/Epyc/Fgfr1/Fosl2/Foxa2/Gata3/Hif1a/Itgb3/Klf7/Lep/Maf/Nfia/Nfib/Osr1/Otor/Parp1/Pparg/Rarb/Runx1/Snx19/Sox5/Sox6/Sulf2/Tapt1/Tbl1xr1/Tgfb2/Thrb",34
"GO:0018958","phenol-containing compound metabolic process","19/1417","139/28928",0.136690647482014,2.79053426278032,4.8024204602286,5.00272842984284e-05,0.00167935339979287,0.00130235502611106,"Bcl2/Dio2/Gata3/Gpd2/Grin2a/Kcnj6/Mtpn/Nr4a2/Prkn/Rapgef2/Slc16a10/Slc24a5/Slc26a7/Slc7a11/Slitrk1/Snca/Sncaip/Tgfb2/Tph2",19
"GO:0060541","respiratory system development","31/1417","293/28928",0.10580204778157,2.15994469881811,4.52903769539605,5.08966170938512e-05,0.00169792379137314,0.00131675654684779,"Ap3b1/Bmp2/Celsr1/Chd7/Creb1/Dppa2/Fbxw7/Fgf1/Fgfr1/Fndc3b/Fosl2/Foxa2/Foxp2/Heg1/Hhip/Hopx/Hs6st1/Hsd11b1/Myt1/Nfib/Phex/Slc7a11/Sox11/Spry2/Thrb/Tnc/Tns3/Yap1/Ywhaz/Zfpm2/Zic3",31
"GO:0014896","muscle hypertrophy","18/1417","128/28928",0.140625,2.87085391672548,4.81428784319048,5.3569843880216e-05,0.00177607179926321,0.0013773610931385,"Adk/Adra1a/Adrb1/Bmp2/Foxo1/Jarid2/Lep/Meis1/Mstn/Mtpn/Nr3c1/Nr4a3/Parp1/Pparg/Ppp3ca/Rap1gds1/Ryr2/Tiam1",18
"GO:0021545","cranial nerve development","12/1417","64/28928",0.1875,3.82780522230064,5.13978148648623,5.60983750084211e-05,0.00182938570329642,0.00141870654841183,"Ackr3/Adarb1/Atp8b1/Chd7/Cited2/Dmd/Nav2/Ndp/Plxna1/Pou4f1/Sema3a/Slc1a3",12
"GO:0072163","mesonephric epithelium development","17/1417","117/28928",0.145299145299145,2.9662764115834,4.83661778332798,5.62813916680653e-05,0.00182938570329642,0.00141870654841183,"Adamts16/Agtr1b/Bcl2/Bdnf/Bmp2/Bmper/Calb1/Eya1/Fgf1/Fgfr1/Gata3/Lgr4/Osr1/Pbx1/Rarb/Robo2/Sdc1",17
"GO:0072164","mesonephric tubule development","17/1417","117/28928",0.145299145299145,2.9662764115834,4.83661778332798,5.62813916680653e-05,0.00182938570329642,0.00141870654841183,"Adamts16/Agtr1b/Bcl2/Bdnf/Bmp2/Bmper/Calb1/Eya1/Fgf1/Fgfr1/Gata3/Lgr4/Osr1/Pbx1/Rarb/Robo2/Sdc1",17
"GO:0071560","cellular response to transforming growth factor beta stimulus","30/1417","281/28928",0.106761565836299,2.17953322266228,4.5092799460493,5.65403140471431e-05,0.00182938570329642,0.00141870654841183,"Bmp2/Cd109/Chst11/Cited2/Creb1/Dcstamp/Fos/Fut8/Itgb5/Ldlrad4/Map3k7/Mir145b/Mstn/Ndp/Nr3c1/Nrep/Parp1/Pde3a/Pparg/Ptprk/Rasl11b/Runx1/Sdcbp/Sox11/Sox5/Sox6/Spry2/Tgfb2/Wwox/Zmiz1",30
"GO:0099545","trans-synaptic signaling by trans-synaptic complex","5/1417","10/28928",0.5,10.2074805928017,6.60906647234933,5.73813416796009e-05,0.00184548015665351,0.0014311879547821,"Cadm1/Il1rapl1/Nlgn1/Ptprd/Tenm2",5
"GO:0050806","positive regulation of synaptic transmission","35/1417","351/28928",0.0997150997150997,2.03567989030233,4.43051507880871,5.90650539614619e-05,0.00188832383825602,0.00146441364990918,"Adcy1/Adcy8/Adra1a/Adrb1/Cacna1d/Calb1/Calb2/Clstn2/Creb1/Epha4/Erbb4/Gpr158/Grik2/Grin2a/Lama2/Lgi1/Micu3/Mir124-2hg/Mir125b-2/Mir129-1/Mir137/Mir181a-1/Mir204/Mir30d/Nalcn/Nlgn1/Plk2/Rims1/Slc1a3/Snap25/Snca/Syt1/Tac1/Tacr1/Tnr",35
"GO:0045860","positive regulation of protein kinase activity","31/1417","296/28928",0.10472972972973,2.13805336741117,4.46648701227793,6.16667924964235e-05,0.00195983634614373,0.00151987230089285,"Adcy8/Adra1a/Angpt1/Cops8/Dab1/Dipk2a/Epha4/Etaa1/Fbxw7/Fgf1/Fgfr1/Fzd8/Itgb3/Kif14/Lep/Map3k5/Map3k7/Nek10/Ntf3/Ntrk3/Prkag2/Rapgef2/Robo1/Sash1/Snca/Tcim/Tgfb2/Tlr4/Traf6/Vegfc/Vldlr",31
"GO:0044331","cell-cell adhesion mediated by cadherin","10/1417","46/28928",0.217391304347826,4.43803504034856,5.2961346380071,6.24026520095467e-05,0.00196298758016223,0.00152231611376925,"Cdh11/Cdh13/Cdh18/Cdh2/Cdh20/Cdh4/Cdh6/Cdh7/Cdh8/Fer",10
"GO:0033674","positive regulation of kinase activity","32/1417","310/28928",0.103225806451613,2.10735083206229,4.44866679206763,6.24969048981085e-05,0.00196298758016223,0.00152231611376925,"Adcy8/Adra1a/Angpt1/Cops8/Dab1/Dipk2a/Epha4/Etaa1/Fbxw7/Fgf1/Fgfr1/Fzd8/Itgb3/Kif14/Lep/Lmo4/Map3k5/Map3k7/Nek10/Ntf3/Ntrk3/Prkag2/Rapgef2/Robo1/Sash1/Snca/Tcim/Tgfb2/Tlr4/Traf6/Vegfc/Vldlr",32
"GO:0003015","heart process","28/1417","256/28928",0.109375,2.23288637967537,4.49673689730977,6.45631781315631e-05,0.00201609784735247,0.00156350364667439,"Adra1a/Adrb1/Atp1a1/Cacna1d/Chrm3/Ctnna3/Dmd/Dsc2/Ehd3/Fgf13/Hopx/Kcna5/Kcnd2/Kcnn2/Nedd4l/Pde4d/Pik3r1/Rap1gds1/Ryr2/Sema3a/Sgcd/Slc4a3/Slc8a1/Tac1/Tgfb2/Thrb/Tmem161b/Yap1",28
"GO:0042596","fear response","12/1417","65/28928",0.184615384615385,3.76891591118832,5.07199883396531,6.57614696820272e-05,0.00203381188671394,0.00157724105786966,"Adrb1/Asic1/Bcl2/Bdnf/Brinp1/Grik2/Grm7/Morc1/Neurod2/Rag1/Taar4/Usp46",12
"GO:0003279","cardiac septum development","18/1417","130/28928",0.138461538461538,2.82668693339124,4.73737833000862,6.58877803552831e-05,0.00203381188671394,0.00157724105786966,"Bmp5/Chd7/Cited2/Dnah11/Fzd1/Gata3/Heg1/Lmo4/Parva/Plxnd1/Robo1/Robo2/Slit3/Sox11/Sox4/Tgfb2/Xirp2/Zfpm2",18
"GO:0008361","regulation of cell size","25/1417","217/28928",0.115207373271889,2.35195405364094,4.53681504099619,6.74419359499568e-05,0.00206988935992696,0.00160521949205401,"Barhl2/Bcl11a/Bdnf/Cdh4/Creb1/Efna5/Fgf13/Kcnma1/Map1b/Map3k7/Mgll/Mir205/Mtpn/Ntrk3/Prkd1/Prr16/Sema3a/Sema4d/Sema5a/Sema6d/Slc12a1/Stk39/Tnr/Vav3/Xk",25
"GO:0051345","positive regulation of hydrolase activity","36/1417","368/28928",0.0978260869565217,1.99711576815685,4.36891732464857,6.92417383422244e-05,0.00211305327634141,0.00163869353241736,"Agtr1b/Arap2/Arhgef10/Asap1/Asap2/Asph/Bmp2/Ddx11/Dlc1/Dock9/Epha4/Gnb5/Gpr65/Ift57/Kalrn/Lyn/Map3k5/Mbp/Mmut/Ntf3/Ntrk3/Pparg/Rab11fip2/Ralgapa2/Rap1gds1/Rapgef2/Rgs6/Robo1/Sema4d/Snca/Snx18/St18/Stat1/Tank/Tiam1/Tiam2",36
"GO:0061326","renal tubule development","17/1417","119/28928",0.142857142857143,2.91642302651477,4.75427395922278,6.99638230357912e-05,0.00212302651709172,0.00164642787839801,"Adamts16/Agtr1b/Bcl2/Bmp2/Calb1/Col4a1/Eya1/Fgf1/Gata3/Irx2/Lgr4/Osr1/Pbx1/Prom1/Stat1/Ttc8/Yap1",17
"GO:0060070","canonical Wnt signaling pathway","32/1417","312/28928",0.102564102564103,2.0938421728824,4.40870389956598,7.06523081492333e-05,0.00213187385994119,0.00165328907951813,"Amer2/Axin2/Bmp2/Cdh2/Cdk14/Daam2/Dact1/Dkk2/Foxo1/Fzd1/Fzd7/Fzd8/Gata3/Klf4/Lgr4/Lrp4/Mllt3/Ndp/Prkn/Ptpro/Rbms3/Scel/Sdc1/Sema5a/Sox4/Sulf2/Tbl1xr1/Tle1/Tle4/Tmem64/Yap1/Znrf3",32
"GO:0045760","positive regulation of action potential","6/1417","16/28928",0.375,7.65561044460127,6.04355185497678,7.1565966133559e-05,0.00213442572055002,0.00165526807243901,"Adra1a/Ank3/Cntnap2/Rapgef4/Tac1/Tacr1",6
"GO:1900745","positive regulation of p38MAPK cascade","8/1417","30/28928",0.266666666666667,5.44398964949424,5.52692036696986,7.2303961832389e-05,0.00213442572055002,0.00165526807243901,"Bmp2/Gadd45g/Lep/Map3k5/Pja2/Rell1/Sash1/Stk39",8
"GO:0001558","regulation of cell growth","42/1417","456/28928",0.0921052631578947,1.88032537235821,4.30031320166487,7.23930612729177e-05,0.00213442572055002,0.00165526807243901,"Adrb1/Barhl2/Bcl11a/Bcl2/Bdnf/Cdc73/Cdh4/D7Ertd443e/Dcstamp/Efna5/Eno1b/Fgf13/Kif14/Lgi1/Map1b/Mgll/Minar1/Mtpn/N6amt1/Nedd4l/Nr3c1/Ntrk3/Plaat1/Pparg/Prkn/Ptprj/Rerg/Rims1/Sdcbp/Sema3a/Sema4d/Sema5a/Sema6d/Sesn1/Sgk1/Slit3/Smarca2/Syt1/Tgfb2/Tnc/Tnr/Yap1",42
"GO:0008016","regulation of heart contraction","24/1417","205/28928",0.117073170731707,2.39004423636332,4.5328785929963,7.24726933728943e-05,0.00213442572055002,0.00165526807243901,"Adra1a/Adrb1/Atp1a1/Cacna1d/Chrm3/Ctnna3/Dmd/Dsc2/Ehd3/Fgf13/Hopx/Kcna5/Kcnd2/Kcnn2/Pde4d/Pik3r1/Ryr2/Sema3a/Slc4a3/Slc8a1/Tac1/Tgfb2/Thrb/Tmem161b",24
"GO:0021988","olfactory lobe development","11/1417","56/28928",0.196428571428571,4.01008166145781,5.11702208420613,7.29249389624203e-05,0.00213442572055002,0.00165526807243901,"Chd7/Eomes/Erbb4/Fgfr1/Kif14/Pax6/Robo1/Robo2/Sema3a/Ttc8/Zic3",11
"GO:0048678","response to axon injury","15/1417","97/28928",0.154639175257732,3.15695276066032,4.82925437908979,7.33496462029577e-05,0.00213442572055002,0.00165526807243901,"Bcl2/Chl1/Epha4/Flrt3/Gap43/Klf4/Lyn/Map1b/Max/Ndp/Nrep/Ntrk3/Tnc/Tnr/Xylt1",15
"GO:0003206","cardiac chamber morphogenesis","20/1417","155/28928",0.129032258064516,2.63418854007786,4.62976418881699,7.35186665987253e-05,0.00213442572055002,0.00165526807243901,"Adamts1/Bmp2/Bmp5/Chd7/Cited2/Dnah11/Fzd1/Gata3/Heg1/Hif1a/Parva/Pou4f1/Robo1/Robo2/Ryr2/Slit3/Sox11/Sox4/Tgfb2/Zfpm2",20
"GO:0050805","negative regulation of synaptic transmission","13/1417","76/28928",0.171052631578947,3.49203283437953,4.93691930944428,7.5701778156522e-05,0.00217430080469882,0.00168619159113627,"Adcy8/Bdnf/Cntnap2/Dgki/Gnai1/Grid2/Grik2/Mgll/Plk2/Prkn/Rapgef4/Sorcs3/Tnr",13
"GO:1903539","protein localization to postsynaptic membrane","13/1417","76/28928",0.171052631578947,3.49203283437953,4.93691930944428,7.5701778156522e-05,0.00217430080469882,0.00168619159113627,"Dlg2/Erbb4/Gphn/Grin2a/Kalrn/Lgi1/Lrrc7/Magi2/Nbea/Nrxn3/Rapgef4/Tmem108/Traf6",13
"GO:0001823","mesonephros development","17/1417","120/28928",0.141666666666667,2.89211950129381,4.71374478727512,7.78439422583302e-05,0.00222393518015687,0.00172468353592504,"Adamts16/Agtr1b/Bcl2/Bdnf/Bmp2/Bmper/Calb1/Eya1/Fgf1/Fgfr1/Gata3/Lgr4/Osr1/Pbx1/Rarb/Robo2/Sdc1",17
"GO:0009101","glycoprotein biosynthetic process","32/1417","314/28928",0.101910828025478,2.08050559853283,4.36903972580882,7.9756629687253e-05,0.00226652305846686,0.00175771085309084,"Alg14/Alg6/B3gat1/Bcl2/Chst11/Fut8/Fut9/Galnt15/Galnt18/Galnt5/Galnt7/Galntl6/Hs3st1/Hs3st4/Hs3st5/Hs6st1/Hs6st2/Hs6st3/Itm2b/Lipc/Ndst3/Necab1/Phlda1/Plcb1/Pomgnt2/Slc39a8/St6galnac3/St8sia2/Tmtc2/Tmtc4/Uggt2/Xylt1",32
"GO:0035148","tube formation","22/1417","181/28928",0.121546961325967,2.48137649769765,4.53724162450827,8.16655811377778e-05,0.00230855703311055,0.00179030861253289,"Atoh8/Bmp5/Cdk20/Celsr1/Cited2/Cobl/Dlc1/Gata3/Hif1a/Ift122/Ift57/Irx2/Lmo4/Map3k7/Mthfd1l/Nfib/Osr1/Sdccag8/Tgfb2/Traf6/Ywhaz/Zic5",22
"GO:0001666","response to hypoxia","34/1417","343/28928",0.0991253644314869,2.0236404673776,4.32821516793355,8.40264312994802e-05,0.00235897566377239,0.00182940875492113,"Agtr1b/B3gat1/Bcl2/Bmp2/Cited2/Cpeb2/Eno1b/Epha4/Fos/Fosl2/Hif1a/Hk2/Itpr2/Kcna5/Kcnd2/Kcnk3/Kcnma1/Lep/Mir874/Mstn/Ndp/Ndrg1/Nr4a2/Pdk1/Pparg/Ptprd/Rwdd3/Ryr2/Slc8a1/Sox4/Stc2/Tgfb2/Vegfc/Vldlr",34
"GO:0032409","regulation of transporter activity","25/1417","220/28928",0.113636363636364,2.31988195290948,4.45993363956013,8.43275604997763e-05,0.00235897566377239,0.00182940875492113,"Akap7/Ank3/Asph/Bcl2/Cacna1d/Chrm3/Cnksr3/Crbn/Dmd/Ehd3/Fgf12/Fgf13/Gnb5/Jph3/Kcnab1/Kcnj1/Lrrc55/Nedd4l/Nlgn1/Oprm1/Osr1/Plcb1/Snca/Stk39/Trpc6",25
"GO:0008277","regulation of G protein-coupled receptor signaling pathway","20/1417","157/28928",0.127388535031847,2.60063199816604,4.56401724560682,8.80844985642114e-05,0.00243866928756897,0.00189121194150073,"Adrb1/Gpr158/Grk3/Hif1a/Inpp5a/Itgb3/Kctd16/Kctd8/Mgll/Oprm1/Pde3a/Pde4d/Plcb1/Ppp3ca/Rgs6/Robo1/Rph3al/Slit3/Snca/Zdhhc25",20
"GO:0044272","sulfur compound biosynthetic process","20/1417","157/28928",0.127388535031847,2.60063199816604,4.56401724560682,8.80844985642114e-05,0.00243866928756897,0.00189121194150073,"Angpt1/Bhmt/Chst11/Hs3st1/Hs3st4/Hs3st5/Hs6st1/Hs6st2/Hs6st3/Lipc/Mgst2/Mmut/Ndst3/Papss1/Pdha2/Pdk1/Slc7a11/Snca/Tpk1/Xylt1",20
"GO:0071559","response to transforming growth factor beta","30/1417","288/28928",0.104166666666667,2.12655845683369,4.36060655815197,8.86462458658791e-05,0.00244163582843916,0.00189351252302987,"Bmp2/Cd109/Chst11/Cited2/Creb1/Dcstamp/Fos/Fut8/Itgb5/Ldlrad4/Map3k7/Mir145b/Mstn/Ndp/Nr3c1/Nrep/Parp1/Pde3a/Pparg/Ptprk/Rasl11b/Runx1/Sdcbp/Sox11/Sox5/Sox6/Spry2/Tgfb2/Wwox/Zmiz1",30
"GO:0048167","regulation of synaptic plasticity","38/1417","402/28928",0.0945273631840796,1.92977245038042,4.26042275660403,9.14560947694952e-05,0.00250617696432122,0.00194356480667504,"Adcy1/Adcy8/Adrb1/Bdnf/Calb1/Calb2/Cplx2/Creb1/Dgki/Epha4/Grid2/Grik2/Grin2a/Hrh2/Jph3/Jph4/Kcnn2/Kcnq3/Lzts1/Map1b/Mgll/Mir124-2hg/Mir125b-2/Mir129-1/Mir137/Mir181a-1/Mir204/Mir30d/Neurod2/Nlgn1/Nr3c1/Plk2/Rapgef2/Rims1/Snap25/Snca/Sorcs3/Tnr",38
"GO:0050954","sensory perception of mechanical stimulus","33/1417","331/28928",0.0996978851963746,2.03532845657073,4.29947417490732,9.50215731764348e-05,0.00258569036525241,0.0020052282286556,"Atp8b1/Cacna1d/Chd7/Clrn1/Cntn5/Diaph3/Epyc/Fam107b/Fgfr1/Get1/Grm7/Grxcr1/Kcnma1/Kcnq3/Lrig1/Mbp/Mir1195/Mir124-2hg/Mir125b-2/Mir181a-1/Mir205/Mir30d/Myo3b/Nav2/Piezo2/Ror1/Slc1a3/Spry2/Thrb/Tlr4/Tmtc4/Triobp/Ush2a",33
"GO:0099003","vesicle-mediated transport in synapse","32/1417","317/28928",0.100946372239748,2.06081627110192,4.31009377611978,9.5404699110721e-05,0.00258569036525241,0.0020052282286556,"Abca13/Cacna1d/Cadps2/Cdh2/Cplx2/Efnb2/Efr3a/Erc2/Itgb3/Kcnh1/Magi2/Nedd4l/Nlgn1/Pik3c3/Ppfia2/Prkn/Rab27b/Rapgef4/Rims1/Rph3al/Sh3gl2/Snap25/Snca/Stxbp5l/Sv2b/Syn2/Syndig1/Synj2/Syt1/Syt6/Usp46/Vac14",32
"GO:0003300","cardiac muscle hypertrophy","17/1417","122/28928",0.139344262295082,2.84470770619064,4.63392962213433,9.59787986544601e-05,0.00258569036525241,0.0020052282286556,"Adk/Adra1a/Adrb1/Bmp2/Foxo1/Jarid2/Lep/Meis1/Mtpn/Nr3c1/Nr4a3/Parp1/Pparg/Ppp3ca/Rap1gds1/Ryr2/Tiam1",17
"GO:0043547","positive regulation of GTPase activity","20/1417","158/28928",0.126582278481013,2.58417230197511,4.53152586005931,9.62833872743403e-05,0.00258569036525241,0.0020052282286556,"Arap2/Arhgef10/Asap1/Asap2/Dock9/Gnb5/Gpr65/Kalrn/Mmut/Ntf3/Ntrk3/Rab11fip2/Ralgapa2/Rap1gds1/Rapgef2/Rgs6/Sema4d/Snx18/Tiam1/Tiam2",20
"GO:0007369","gastrulation","24/1417","209/28928",0.114832535885167,2.3443017629401,4.4265837856495,9.83212640580461e-05,0.00262728114057595,0.0020374822826797,"Atoh8/Cdc73/Crb2/Dact1/Elf5/Eomes/Ets2/Exoc4/Eya1/Fgfr1/Foxa2/Fzd7/Itgb3/Klf4/Lama3/Lamb3/Lmbrd1/Mbp/Nr4a3/Osr1/Phldb2/Syf2/Tenm4/Zic3",24
"GO:0001662","behavioral fear response","11/1417","58/28928",0.189655172413793,3.8718029834765,4.96853875461426,0.00010194273863696,0.00271056658029262,0.0021020709577199,"Asic1/Bcl2/Bdnf/Brinp1/Grik2/Grm7/Morc1/Neurod2/Rag1/Taar4/Usp46",11
"GO:0099565","chemical synaptic transmission, postsynaptic","18/1417","135/28928",0.133333333333333,2.72199482474712,4.55133394329663,0.000108247536314335,0.00286402718002115,0.00222108115735455,"Adrb1/Bdnf/Celf4/Chrnb4/Cntnap2/Dgki/Eea1/Grid2/Grik2/Grin2a/Nlgn1/Oprm1/Plk2/Ppp3ca/Prkn/Rims1/Snca/Tmem108",18
"GO:0051481","negative regulation of cytosolic calcium ion concentration","7/1417","24/28928",0.291666666666667,5.95436367913432,5.51058828005216,0.000110515108101003,0.00290968943926709,0.00225649268707776,"Atp2b1/Bcl2/Kcna5/Kcnk3/Oprm1/Ryr2/Slc8a1",7
"GO:0062237","protein localization to postsynapse","13/1417","79/28928",0.164556962025316,3.35942399256765,4.76581949700984,0.000114180904876488,0.00297969804573234,0.0023107850477639,"Dlg2/Erbb4/Gphn/Grin2a/Kalrn/Lgi1/Lrrc7/Magi2/Nbea/Nrxn3/Rapgef4/Tmem108/Traf6",13
"GO:0032412","regulation of monoatomic ion transmembrane transporter activity","23/1417","198/28928",0.116161616161616,2.37143488519635,4.39464105933058,0.000114283708326357,0.00297969804573234,0.0023107850477639,"Akap7/Ank3/Asph/Cacna1d/Chrm3/Cnksr3/Crbn/Dmd/Ehd3/Fgf12/Fgf13/Gnb5/Jph3/Kcnab1/Kcnj1/Lrrc55/Nedd4l/Nlgn1/Oprm1/Osr1/Plcb1/Stk39/Trpc6",23
"GO:0051047","positive regulation of secretion","41/1417","451/28928",0.0909090909090909,1.85590556232758,4.15767402794126,0.000116578708173808,0.00302485140870301,0.00234580192343635,"Adcy8/Bmp2/Cacna1d/Cadps2/Chrm3/Creb1/Cyp2j5/Fgfr1/Gpr158/Gpr68/Hif1a/Irs1/Lep/Mcu/Micu3/Nlgn1/Nr3c1/Pla2g4a/Plcb1/Pparg/Ppp3ca/Prkd1/Prkn/Rab27b/Rapgef4/Rph3al/Runx1/Sdc1/Sdcbp/Slc30a8/Snap25/Snca/Sox11/Sox4/Sybu/Syt1/Tac1/Tacr1/Tgfb2/Tlr4/Vegfc",41
"GO:0006935","chemotaxis","43/1417","481/28928",0.0893970893970894,1.8250381101475,4.14106212783057,0.000117251886220851,0.00302769173505861,0.002348004624372,"Ackr3/Agtr1b/Angpt1/Cdh13/Creb1/Efna5/Efnb2/Fer/Fgf1/Fgfr1/Flrt3/Il16/Itgb3/Jam3/Lgr4/Lrtm1/Lyn/Mcu/Mstn/Mtus1/Ntf3/Ntrk3/Parva/Pde4b/Pde4d/Prkd1/Ptprj/Ptpro/Robo1/Robo2/Saa3/Scg2/Sema3a/Sema4d/Sema5a/Sema6d/Slit3/Stk39/Tgfb2/Tiam1/Unc5c/Vav3/Vegfc",43
"GO:0002028","regulation of sodium ion transport","14/1417","90/28928",0.155555555555556,3.17566062887164,4.69151677134681,0.000118275688977789,0.00303951543301294,0.00235717401805646,"Ank3/Atp1a1/Cnksr3/Cntn1/Dmd/Fgf12/Fgf13/Nedd4l/Nkain3/Osr1/Plcb1/Sgk1/Slc8a1/Stk39",14
"GO:0072009","nephron epithelium development","18/1417","136/28928",0.132352941176471,2.7019801569181,4.51514252964918,0.000119137349646484,0.00304707954738698,0.00236304006291297,"Adamts16/Agtr1b/Basp1/Bcl2/Bmp2/Calb1/Eya1/Fgf1/Gata3/Irx2/Lgr4/Magi2/Osr1/Pbx1/Prom1/Ptpro/Stat1/Yap1",18
"GO:0002209","behavioral defense response","11/1417","59/28928",0.186440677966102,3.80617920409555,4.89676172504377,0.000119810773831797,0.00304978040877053,0.00236513460739546,"Asic1/Bcl2/Bdnf/Brinp1/Grik2/Grm7/Morc1/Neurod2/Rag1/Taar4/Usp46",11
"GO:0051648","vesicle localization","25/1417","225/28928",0.111111111111111,2.2683290206226,4.33453962695845,0.00012098938615048,0.00306525468402938,0.00237713505957026,"Ahi1/Ap3b1/Cadps2/Cdh2/Dipk2a/Dync1i1/Exoc4/Fnbp1l/Magi2/Mreg/Nlgn1/Ppfia2/Prkn/Rims1/Sdc1/Sdcbp/Sec16b/Snap25/Snca/Stard3nl/Sybu/Syn2/Syndig1/Syt6/Wdr11",25
"GO:0051347","positive regulation of transferase activity","35/1417","364/28928",0.0961538461538462,1.96297703707725,4.19604894368426,0.000121906511074401,0.00307399000460379,0.00238390938631778,"Adcy8/Adra1a/Agtr1b/Angpt1/Arrdc4/Cops8/Dab1/Dipk2a/Epha4/Etaa1/Fbxw7/Fgf1/Fgfr1/Fzd8/Itgb3/Kif14/Lep/Lmo4/Map3k5/Map3k7/Nek10/Ntf3/Ntrk3/Prkag2/Rapgef2/Robo1/Sash1/Snca/Tcim/Tgfb2/Tlr4/Traf6/Trib1/Vegfc/Vldlr",35
"GO:0060993","kidney morphogenesis","16/1417","113/28928",0.141592920353982,2.89061397318278,4.57000007943167,0.000125837535867534,0.00315828693992769,0.00244928248611821,"Adamts16/Agtr1b/Bcl2/Bmp2/Calb1/Erbb4/Eya1/Fgf1/Gata3/Irx2/Lgr4/Osr1/Pbx1/Ppp3ca/Sox4/Stat1",16
"GO:0042330","taxis","43/1417","483/28928",0.0890269151138716,1.8174810165237,4.11179739538373,0.00012855500405053,0.00321148338025766,0.00249053684713805,"Ackr3/Agtr1b/Angpt1/Cdh13/Creb1/Efna5/Efnb2/Fer/Fgf1/Fgfr1/Flrt3/Il16/Itgb3/Jam3/Lgr4/Lrtm1/Lyn/Mcu/Mstn/Mtus1/Ntf3/Ntrk3/Parva/Pde4b/Pde4d/Prkd1/Ptprj/Ptpro/Robo1/Robo2/Saa3/Scg2/Sema3a/Sema4d/Sema5a/Sema6d/Slit3/Stk39/Tgfb2/Tiam1/Unc5c/Vav3/Vegfc",43
"GO:0030316","osteoclast differentiation","18/1417","137/28928",0.131386861313869,2.68225767402088,4.47927639370806,0.0001309781251241,0.00325686810204416,0.00252573314384046,"Bmp2/Cd109/Creb1/Dcstamp/Fbxw7/Fos/Fosl2/Gpr68/Inpp4b/Itgb3/Mitf/Pik3r1/Pou4f1/Ppp3ca/Snx10/Tmem178/Tmem64/Traf6",18
"GO:0060042","retina morphogenesis in camera-type eye","14/1417","91/28928",0.153846153846154,3.1407632593236,4.6419208879973,0.000133560588203003,0.00328044058022752,0.00254401383177891,"Ahi1/Bhlhe22/Calb1/Cdon/Crb2/Hcn1/Ndp/Nectin3/Prom1/Ptprm/Thrb/Trpm1/Ttc8/Zhx2",14
"GO:0007340","acrosome reaction","9/1417","41/28928",0.219512195121951,4.48133294318123,5.06255438711864,0.00013375842246692,0.00328044058022752,0.00254401383177891,"Crisp4/Fam170b/Gnpda1/Iftap/Plb1/Plcb1/Rims1/Syt6/Trim36",9
"GO:0048013","ephrin receptor signaling pathway","9/1417","41/28928",0.219512195121951,4.48133294318123,5.06255438711864,0.00013375842246692,0.00328044058022752,0.00254401383177891,"Diaph2/Efna5/Efnb2/Epha3/Epha4/Epha5/Epha6/Ss18/Tiam1",9
"GO:0003002","regionalization","41/1417","454/28928",0.0903083700440529,1.84364186918445,4.11192557859234,0.000134467084691592,0.00328126165140586,0.00254465058052759,"Axin2/Bhlhe22/Bhlhe41/Bmp2/Cdon/Celsr1/Cited2/Cobl/Crb2/Daam2/Daw1/Dmrt2/Dnah11/Dnah5/Enkur/Eomes/Ets2/Fgf1/Fgfr1/Foxa2/Hhip/Hif1a/Ift122/Ift57/Intu/Irx2/Lrp4/Mical2/Mllt3/Osr1/Pax6/Pbx1/Pcsk6/Plxna2/Ripply2/Robo1/Robo2/Sema3a/Tll1/Tshz1/Zic3",41
"GO:0007517","muscle organ development","37/1417","395/28928",0.0936708860759494,1.91228750346158,4.14323903822996,0.00013514556881545,0.00328126165140586,0.00254465058052759,"Adarb1/Angpt1/Arid5b/Bcl2/Bdnf/Bmp2/Boc/Cdon/Cenpf/Chd7/Cited2/Cntnap2/Col19a1/Creb1/Dmd/Eomes/Etv1/Fos/Foxn2/Foxp2/Fzd1/Heg1/Hivep3/Jph1/Mstn/Myt1/Pou4f1/Ppp3ca/Rbm24/Ryr2/Sox11/Svil/Tgfb2/Xirp2/Xk/Zbtb18/Zfpm2",37
"GO:0043405","regulation of MAP kinase activity","20/1417","162/28928",0.123456790123457,2.52036557846955,4.40401948896367,0.000136235588952431,0.00328126165140586,0.00254465058052759,"Bmp2/Epha4/Fgf1/Fgfr1/Fzd8/Lyn/Map3k5/Map3k7/Nek10/Ntf3/Ntrk3/Paqr3/Pparg/Ptprj/Robo1/Sash1/Spry2/Tlr4/Traf6/Trib1",20
"GO:0071456","cellular response to hypoxia","20/1417","162/28928",0.123456790123457,2.52036557846955,4.40401948896367,0.000136235588952431,0.00328126165140586,0.00254465058052759,"B3gat1/Bcl2/Cited2/Cpeb2/Eno1b/Epha4/Fos/Hif1a/Kcnd2/Kcnk3/Mir874/Mstn/Ndp/Ndrg1/Pdk1/Pparg/Ptprd/Rwdd3/Stc2/Vldlr",20
"GO:0035265","organ growth","25/1417","227/28928",0.110132158590308,2.24834374290786,4.28530795933814,0.000139244951911653,0.00333877069963164,0.00258924941125193,"Adra1a/Adrb1/Bcl2/Cited2/Col9a1/Dipk2a/Dusp6/Erbb4/Fgf1/Fgfr1/Fosl2/Heg1/Il7/Jarid2/Lep/Meis1/Ncam1/Nr3c1/Rarb/Spry2/Tenm4/Tgfb2/Wwc1/Yap1/Zfpm2",25
"GO:0014897","striated muscle hypertrophy","17/1417","126/28928",0.134920634920635,2.75439952504173,4.47904973769837,0.00014366565133467,0.00342945872586005,0.00265957886470778,"Adk/Adra1a/Adrb1/Bmp2/Foxo1/Jarid2/Lep/Meis1/Mtpn/Nr3c1/Nr4a3/Parp1/Pparg/Ppp3ca/Rap1gds1/Ryr2/Tiam1",17
"GO:0070252","actin-mediated cell contraction","15/1417","103/28928",0.145631067961165,2.97305259984515,4.55256391961769,0.000147105470982115,0.00349603311789796,0.00271120795843609,"Adrb1/Atp1a1/Cacna1d/Ctnna3/Dsc2/Fgf13/Frmd6/Kcna5/Kcnn2/Nedd4l/Pard3/Parva/Pde4d/Ryr2/Sgcd",15
"GO:0043113","receptor clustering","13/1417","81/28928",0.160493827160494,3.27647525201042,4.65627422965194,0.00014832890186142,0.00350913114970027,0.00272136561051337,"Cdh2/Dlg2/Gphn/Grik2/Ift122/Lrp4/Lrrc7/Lrrtm4/Magi2/Nlgn1/Pigr/Slc7a11/Slitrk3",13
"GO:0060828","regulation of canonical Wnt signaling pathway","27/1417","255/28928",0.105882352941176,2.16158412553448,4.22831784062123,0.000148963303319989,0.00350913114970027,0.00272136561051337,"Amer2/Axin2/Bmp2/Cdh2/Cdk14/Daam2/Dact1/Dkk2/Foxo1/Fzd1/Fzd7/Lgr4/Lrp4/Mllt3/Prkn/Ptpro/Rbms3/Scel/Sema5a/Sox4/Sulf2/Tbl1xr1/Tle1/Tle4/Tmem64/Yap1/Znrf3",27
"GO:0097553","calcium ion transmembrane import into cytosol","23/1417","202/28928",0.113861386138614,2.3244757785588,4.28711922711626,0.000154447694817225,0.00362243916534198,0.00280923708752819,"Adra1a/Adrb1/Asph/Bcl2/Cacna1d/Chd7/Dmd/Ghitm/Grin2a/Itgb3/Itpr2/Jph3/Lyn/Pde4d/Plcb1/Plcb4/Ppp3ca/Prkd1/Ryr2/Slc8a1/Snca/Tgfb2/Trpm1",23
"GO:0098659","inorganic cation import across plasma membrane","17/1417","127/28928",0.133858267716535,2.73271133980518,4.44127565325287,0.000158417445950755,0.00368337706580739,0.00285649502678122,"Adrb1/Ank3/Atp1a1/Cacna1d/Kcnj1/Kcnj15/Kcnj3/Kcnj6/Kcnk9/Ppp3ca/Slc12a1/Slc30a5/Slc30a8/Slc39a8/Slc8a1/Slc9a9/Trpm1",17
"GO:0099587","inorganic ion import across plasma membrane","17/1417","127/28928",0.133858267716535,2.73271133980518,4.44127565325287,0.000158417445950755,0.00368337706580739,0.00285649502678122,"Adrb1/Ank3/Atp1a1/Cacna1d/Kcnj1/Kcnj15/Kcnj3/Kcnj6/Kcnk9/Ppp3ca/Slc12a1/Slc30a5/Slc30a8/Slc39a8/Slc8a1/Slc9a9/Trpm1",17
"GO:0009306","protein secretion","40/1417","443/28928",0.090293453724605,1.84333735310189,4.05955586454979,0.000161863609456394,0.00374728209650989,0.0029060540046232,"Adcy8/Ahi1/Cacna1d/Chrm3/Cnr1/Dph3/Efna5/Epha5/Foxa2/Foxo1/G6pc2/Gpr68/Hif1a/Ildr2/Irs1/Kcnj6/Klf7/Lep/Mcu/Myt1/Oprm1/Pde1c/Plcb1/Pparg/Ppp3ca/Prkn/Rab11fip2/Rap1gds1/Rapgef4/Rph3al/Slc30a8/Snap25/Snx19/Sox4/Stxbp5l/Sybu/Tgfb2/Tiam1/Tlr4/Vegfc",40
"GO:2000649","regulation of sodium ion transmembrane transporter activity","9/1417","42/28928",0.214285714285714,4.37463453977215,4.96696527159138,0.000162894215327288,0.00375341327184807,0.0029108087912087,"Ank3/Cnksr3/Dmd/Fgf12/Fgf13/Nedd4l/Osr1/Plcb1/Stk39",9
"GO:0031103","axon regeneration","11/1417","61/28928",0.180327868852459,3.68138644330553,4.75780825162986,0.000163641446050719,0.00375341327184807,0.0029108087912087,"Bcl2/Chl1/Epha4/Gap43/Klf4/Map1b/Nrep/Ntrk3/Tnc/Tnr/Xylt1",11
"GO:0003407","neural retina development","15/1417","104/28928",0.144230769230769,2.94446555561587,4.50840823095566,0.000164224933696574,0.00375341327184807,0.0029108087912087,"Ahi1/Barhl2/Bhlhe22/Calb1/Crb2/Fos/Hcn1/Ndp/Prom1/Ptprm/Tgfb2/Thrb/Trpm1/Ttc8/Zhx2",15
"GO:0007163","establishment or maintenance of cell polarity","26/1417","243/28928",0.106995884773663,2.18431683467361,4.2075283106749,0.000165505031565617,0.00376331834474774,0.00291849027235285,"Ank3/Cdk5rap2/Crb2/Diaph3/Dlg2/Exoc4/Fat1/Fgf13/Frmd4b/Gata3/Jam3/Lrrc7/Map1b/Mtcl1/Pard3/Parva/Patj/Pax6/Phldb2/Rab11fip2/Rhoj/Sdccag8/Spdl1/Spry2/Traf3ip2/Ttc8",26
"GO:0097090","presynaptic membrane organization","5/1417","12/28928",0.416666666666667,8.50623382733474,5.90237826309491,0.000166059662577772,0.00376331834474774,0.00291849027235285,"Il1rapl1/Lrp4/Lrrtm4/Nlgn1/Ptprd",5
"GO:0003205","cardiac chamber development","23/1417","204/28928",0.112745098039216,2.30168680033764,4.23430912173504,0.000178869964633878,0.00403659907583428,0.00313042215858583,"Adamts1/Bmp2/Bmp5/Chd7/Cited2/Dnah11/Fzd1/Gata3/Heg1/Hif1a/Lmo4/Parva/Plxnd1/Pou4f1/Robo1/Robo2/Ryr2/Slit3/Sox11/Sox4/Tgfb2/Xirp2/Zfpm2",23
"GO:0010721","negative regulation of cell development","31/1417","314/28928",0.0987261146496815,2.01548979857868,4.106147415773,0.000181695897062646,0.00408321616369653,0.00316657416726223,"Bcl11a/Bdnf/Brinp1/Cdk6/Daam2/Dab1/Fbxw7/Fgf13/Gpr68/Grb14/Inpp4b/Lrp4/Lyn/Mbp/Ntrk3/Pax6/Pik3r1/Ppp3ca/Rapgef2/Runx1/Sema3a/Sema5a/Sema6d/Shb/Sox11/Tmem178/Tnr/Trib1/Trpc6/Zbtb46/Zfp608",31
"GO:0045668","negative regulation of osteoblast differentiation","12/1417","72/28928",0.166666666666667,3.4024935309339,4.63226978562238,0.000182926161913042,0.00409373506514562,0.00317473167846451,"Axin2/Cdk6/Fgfr1/Fndc3b/Mir137/Mir204/Mir205/Noct/Pparg/Sema4d/Tmem64/Vegfc",12
"GO:0007548","sex differentiation","35/1417","372/28928",0.0940860215053763,1.9207624771401,4.05652195098929,0.000185812418017824,0.00413573254781609,0.00320730113802355,"Adam30/Adam34/Adamts1/Angpt1/Arid5b/Bcl2/Bmp5/Chd7/Cited2/Csmd1/Dach1/Dmrt2/Fer/Fndc3a/Gata3/Immp2l/Kif18a/Lep/Lgr4/Lhfpl2/Mir124-2hg/Nhlh2/Nobox/Nrip1/Osr1/Pbx1/Pde4d/Pla2g4a/Runx1/Schip1/Sdc1/Sema3a/Slit3/Tgfb2/Zfpm2",35
"GO:0035592","establishment of protein localization to extracellular region","40/1417","446/28928",0.0896860986547085,1.83093822292407,4.0136025101461,0.000186342818203592,0.00413573254781609,0.00320730113802355,"Adcy8/Ahi1/Cacna1d/Chrm3/Cnr1/Dph3/Efna5/Epha5/Foxa2/Foxo1/G6pc2/Gpr68/Hif1a/Ildr2/Irs1/Kcnj6/Klf7/Lep/Mcu/Myt1/Oprm1/Pde1c/Plcb1/Pparg/Ppp3ca/Prkn/Rab11fip2/Rap1gds1/Rapgef4/Rph3al/Slc30a8/Snap25/Snx19/Sox4/Stxbp5l/Sybu/Tgfb2/Tiam1/Tlr4/Vegfc",40
"GO:0060384","innervation","8/1417","34/28928",0.235294117647059,4.8035202789655,5.03622117688159,0.00018835790660235,0.00416325233070462,0.00322864299946069,"Adarb1/Chd7/Epha4/Gabrb2/Lrig1/Pou4f1/Sema3a/Sulf2",8
"GO:0099072","regulation of postsynaptic membrane neurotransmitter receptor levels","20/1417","166/28928",0.120481927710843,2.45963387778354,4.28027696778274,0.000190144962949791,0.00418530738685622,0.00324574691173653,"Cntnap2/Dlg2/Efnb2/Erbb4/Gphn/Grid2/Itgb3/Kalrn/Lgi1/Lrrc7/Magi2/Nbea/Nedd4l/Nrxn3/Prkn/Rapgef4/Tmem108/Traf6/Usp46/Vac14",20
"GO:0007422","peripheral nervous system development","13/1417","83/28928",0.156626506024096,3.1975240411186,4.55009897874192,0.00019091422636004,0.00418530738685622,0.00324574691173653,"Arhgef10/Cited2/Dmd/Fa2h/Lama2/Nab1/Ndrg1/Nhlh2/Ntf3/Ntrk3/Pard3/Pou4f1/Sh3tc2",13
"GO:0002761","regulation of myeloid leukocyte differentiation","19/1417","154/28928",0.123376623376623,2.51872897744457,4.2886830819954,0.000199773553332091,0.00436172258108398,0.00338255862445479,"Cdk6/Creb1/Dcstamp/Fbxw7/Fos/Gpr68/Inpp4b/Itgb3/Lyn/Mitf/Pik3r1/Pou4f1/Ppp3ca/Runx1/Tmem178/Tmem64/Traf6/Trib1/Zbtb46",19
"GO:0060047","heart contraction","26/1417","246/28928",0.105691056910569,2.15767882449467,4.13841807109375,0.000201422904766336,0.00437992883198377,0.00339667775052372,"Adra1a/Adrb1/Atp1a1/Cacna1d/Chrm3/Ctnna3/Dmd/Dsc2/Ehd3/Fgf13/Hopx/Kcna5/Kcnd2/Kcnn2/Nedd4l/Pde4d/Pik3r1/Ryr2/Sema3a/Sgcd/Slc4a3/Slc8a1/Tac1/Tgfb2/Thrb/Tmem161b",26
"GO:0031102","neuron projection regeneration","12/1417","73/28928",0.164383561643836,3.35588403051015,4.57391651587693,0.000209272040383781,0.00451405674257544,0.00350069526019285,"Bcl2/Chl1/Diaph2/Epha4/Gap43/Klf4/Map1b/Nrep/Ntrk3/Tnc/Tnr/Xylt1",12
"GO:0086003","cardiac muscle cell contraction","12/1417","73/28928",0.164383561643836,3.35588403051015,4.57391651587693,0.000209272040383781,0.00451405674257544,0.00350069526019285,"Adrb1/Atp1a1/Cacna1d/Ctnna3/Dsc2/Fgf13/Kcna5/Kcnn2/Nedd4l/Pde4d/Ryr2/Sgcd",12
"GO:0097320","plasma membrane tubulation","6/1417","19/28928",0.315789473684211,6.44682984808528,5.38998441055845,0.000213591256682043,0.00458879455855702,0.00355865516922461,"Asap1/Atp10a/Cavin2/Fnbp1l/Sh3gl2/Snx18",6
"GO:0071300","cellular response to retinoic acid","11/1417","63/28928",0.174603174603175,3.56451703240694,4.6245929852151,0.000220377857215537,0.00471573494464004,0.00365709868316998,"Brinp1/Brinp2/Brinp3/Creb1/Epha3/Klf4/Lep/Lyn/Osr1/Tnc/Yap1",11
"GO:0042593","glucose homeostasis","32/1417","332/28928",0.0963855421686747,1.96770710222683,4.02479496093745,0.000223181258590579,0.00475444347341798,0.00368711752674008,"Adcy8/Cacna1d/Cnr1/Csmd1/Efna5/Epha5/Fosl2/Foxa2/Foxo1/G6pc2/Gpr68/Hif1a/Hk2/Klf7/Lep/Mcu/Myt1/Pax6/Pde1c/Phkb/Pik3r1/Pparg/Ppp3ca/Prkn/Ptprj/Rab11fip2/Rph3al/Sox4/Stxbp5l/Sybu/Tiam1/Zbtb20",32
"GO:0051216","cartilage development","25/1417","234/28928",0.106837606837607,2.1810855967525,4.11696513888109,0.00022395721444326,0.00475444347341798,0.00368711752674008,"Axin2/Bmp2/Bmp5/Chst11/Col9a1/Epyc/Fgfr1/Fosl2/Gata3/Hif1a/Lep/Maf/Nfia/Nfib/Osr1/Otor/Rarb/Runx1/Snx19/Sox5/Sox6/Sulf2/Tapt1/Tgfb2/Thrb",25
"GO:0030010","establishment of cell polarity","21/1417","181/28928",0.116022099447514,2.36858665689321,4.19178268053628,0.000225947218816005,0.00476397265878666,0.00369450750341871,"Cdk5rap2/Crb2/Diaph3/Exoc4/Fat1/Fgf13/Frmd4b/Gata3/Jam3/Map1b/Pard3/Patj/Pax6/Phldb2/Rab11fip2/Rhoj/Sdccag8/Spdl1/Spry2/Traf3ip2/Ttc8",21
"GO:0021987","cerebral cortex development","18/1417","143/28928",0.125874125874126,2.56971539399203,4.2706035198777,0.000226180046172146,0.00476397265878666,0.00369450750341871,"Bhlhe22/Btbd3/Cdh2/Cdon/Dab1/Dmd/Eomes/Fgf13/Fgfr1/Fos/Hif1a/Kif14/Pax6/Plcb1/Robo1/Tacc1/Zbtb18/Zmiz1",18
"GO:0060419","heart growth","17/1417","131/28928",0.129770992366412,2.64926977217754,4.29375399424124,0.000231470640165355,0.00484585916865771,0.00375801129464836,"Adra1a/Adrb1/Cited2/Dipk2a/Dusp6/Erbb4/Fgf1/Fgfr1/Heg1/Jarid2/Meis1/Ncam1/Nr3c1/Tenm4/Tgfb2/Yap1/Zfpm2",17
"GO:0043524","negative regulation of neuron apoptotic process","24/1417","221/28928",0.108597285067873,2.21700935952254,4.12173043292692,0.000231872240987717,0.00484585916865771,0.00375801129464836,"Angpt1/Bcl2/Bdnf/Chl1/En2/Epha4/Fzd1/Gbe1/Grik2/Grm7/Hif1a/Kif14/Mdga2/Nr4a2/Nr4a3/Ntf3/Oxr1/Plxnd1/Pou4f1/Prkn/Ptprz1/Snca/Tfap2d/Tox3",24
"GO:0033500","carbohydrate homeostasis","32/1417","333/28928",0.0960960960960961,1.96179807188982,4.00630863314486,0.000235576249080839,0.00490418617757049,0.00380324446190485,"Adcy8/Cacna1d/Cnr1/Csmd1/Efna5/Epha5/Fosl2/Foxa2/Foxo1/G6pc2/Gpr68/Hif1a/Hk2/Klf7/Lep/Mcu/Myt1/Pax6/Pde1c/Phkb/Pik3r1/Pparg/Ppp3ca/Prkn/Ptprj/Rab11fip2/Rph3al/Sox4/Stxbp5l/Sybu/Tiam1/Zbtb20",32
"GO:0014855","striated muscle cell proliferation","14/1417","96/28928",0.145833333333333,2.97718183956716,4.40380701727493,0.000238348770270492,0.0049182875079046,0.00381418018183,"Angpt1/Cited2/Dipk2a/Erbb4/Fgf1/Fgfr1/Fos/Jarid2/Mstn/Ncam1/Tenm4/Tgfb2/Yap1/Zfpm2",14
"GO:0045216","cell-cell junction organization","25/1417","235/28928",0.106382978723404,2.17180438144717,4.09340300430017,0.000239198934748363,0.0049182875079046,0.00381418018183,"Cdh11/Cdh13/Cdh18/Cdh2/Cdh20/Cdh4/Cdh6/Cdh7/Cdh8/Cntnap2/Efnb2/Epha4/Fer/Heg1/Hopx/Jam3/Mpdz/Nedd4l/Nphp1/Pard3/Patj/Ptpro/Svep1/Tgfb2/Xirp2",25
"GO:0006937","regulation of muscle contraction","20/1417","169/28928",0.118343195266272,2.41597173794123,4.18981147172787,0.000242082782078356,0.0049182875079046,0.00381418018183,"Adra1a/Adrb1/Atp1a1/Atp2b1/Cald1/Chrm3/Chrnb4/Ctnna3/Dmd/Dsc2/Ehd3/Eno1b/Fgf13/Kcnma1/Pde4d/Prkd1/Ryr2/Setd3/Slc8a1/Tacr1",20
"GO:0071375","cellular response to peptide hormone stimulus","33/1417","348/28928",0.0948275862068965,1.93590149173825,3.98631931313184,0.000242337900198162,0.0049182875079046,0.00381418018183,"Adcy8/Agtr1b/Atp2b1/Cpeb2/Echdc3/Fer/Fos/Foxo1/Gpam/Grb14/Irs1/Itgb3/Lep/Map1b/Map3k7/Marcks/Max/Mstn/Nr4a2/Nr4a3/Parp1/Pax6/Pid1/Pik3r1/Pip4k2a/Plcb1/Pparg/Ppp3ca/Prkd1/Ptprj/Rap1gds1/Sgk1/Uchl3",33
"GO:0007219","Notch signaling pathway","22/1417","195/28928",0.112820512820513,2.30322639017064,4.1440989774233,0.000242344202876431,0.0049182875079046,0.00381418018183,"Bmp2/Cdh6/Cdk6/Cntn1/Cntn6/Fbxw7/Foxa2/Gmds/Kcna5/Maml2/Maml3/Nepro/Nfkbia/Prag1/Rcan2/Ripply2/Robo1/Robo2/Tcim/Tgfb2/Yap1/Zmiz1",22
"GO:0021915","neural tube development","22/1417","195/28928",0.112820512820513,2.30322639017064,4.1440989774233,0.000242344202876431,0.0049182875079046,0.00381418018183,"Bmp5/Cdk20/Celsr1/Cited2/Cobl/Dact1/Dlc1/Foxa2/Hif1a/Ift122/Ift57/Intu/Itpk1/Lmo4/Map3k7/Marcks/Mthfd1l/Pax6/Plxna2/Tgfb2/Traf6/Zic5",22
"GO:0060411","cardiac septum morphogenesis","13/1417","85/28928",0.152941176470588,3.12228818132758,4.44710145981383,0.0002435793105758,0.0049182875079046,0.00381418018183,"Bmp5/Chd7/Cited2/Dnah11/Fzd1/Parva/Robo1/Robo2/Slit3/Sox11/Sox4/Tgfb2/Zfpm2",13
"GO:1901379","regulation of potassium ion transmembrane transport","13/1417","85/28928",0.152941176470588,3.12228818132758,4.44710145981383,0.0002435793105758,0.0049182875079046,0.00381418018183,"Akap7/Ank3/Cacna1d/Crbn/Dpp10/Kcnab1/Kcnip3/Kcnip4/Kcnj1/Kcnn2/Lrrc55/Nedd4l/Stk39",13
"GO:0071692","protein localization to extracellular region","40/1417","452/28928",0.0884955752212389,1.80663373323924,3.92274014396113,0.000245528493137925,0.0049390769162689,0.00383030257183824,"Adcy8/Ahi1/Cacna1d/Chrm3/Cnr1/Dph3/Efna5/Epha5/Foxa2/Foxo1/G6pc2/Gpr68/Hif1a/Ildr2/Irs1/Kcnj6/Klf7/Lep/Mcu/Myt1/Oprm1/Pde1c/Plcb1/Pparg/Ppp3ca/Prkn/Rab11fip2/Rap1gds1/Rapgef4/Rph3al/Slc30a8/Snap25/Snx19/Sox4/Stxbp5l/Sybu/Tgfb2/Tiam1/Tlr4/Vegfc",40
"GO:0010839","negative regulation of keratinocyte proliferation","7/1417","27/28928",0.259259259259259,5.29276771478606,5.06461306095572,0.00024922989485241,0.00497625935038028,0.00385913791403243,"Cd109/Efnb2/Ift122/Ift57/Intu/Klf9/Ptprk",7
"GO:0099509","regulation of presynaptic cytosolic calcium ion concentration","7/1417","27/28928",0.259259259259259,5.29276771478606,5.06461306095572,0.00024922989485241,0.00497625935038028,0.00385913791403243,"Cacna1d/Calb1/Calb2/Cnr1/Erc2/Kcnh1/Sv2b",7
"GO:0043266","regulation of potassium ion transport","15/1417","108/28928",0.138888888888889,2.83541127577825,4.3369230789026,0.00025113689321754,0.00499576390174595,0.00387426388484135,"Akap7/Ank3/Cacna1d/Crbn/Dpp10/Kcna5/Kcnab1/Kcnip3/Kcnip4/Kcnj1/Kcnn2/Lrrc55/Nedd4l/Plcb4/Stk39",15
"GO:0045637","regulation of myeloid cell differentiation","25/1417","236/28928",0.105932203389831,2.16260182050883,4.06995889982509,0.000255350774286097,0.00506084505051891,0.00392473495377776,"Cdc73/Cdk6/Creb1/Dcstamp/Fbxw7/Fos/Gpr68/Hif1a/Inpp4b/Itgb3/Klf13/Lyn/Meis1/Mitf/Nfkbia/Pik3r1/Pou4f1/Ppp3ca/Runx1/Stat1/Tmem178/Tmem64/Traf6/Trib1/Zbtb46",25
"GO:0072182","regulation of nephron tubule epithelial cell differentiation","5/1417","13/28928",0.384615384615385,7.851908148309,5.60796177597289,0.000258962106492346,0.00511354953665586,0.00396560779949774,"Gata3/Osr1/Prom1/Stat1/Yap1",5
"GO:0036293","response to decreased oxygen levels","35/1417","379/28928",0.0923482849604222,1.88528665302406,3.93723652944549,0.000264828479396553,0.00519873636277449,0.00403167101833406,"Agtr1b/B3gat1/Bcl2/Bmp2/Cited2/Cpeb2/Eno1b/Epha4/Fos/Fosl2/Hif1a/Hk2/Itpr2/Kcna5/Kcnd2/Kcnk3/Kcnma1/Lep/Mir204/Mir874/Mstn/Ndp/Ndrg1/Nr4a2/Pdk1/Pparg/Ptprd/Rwdd3/Ryr2/Slc8a1/Sox4/Stc2/Tgfb2/Vegfc/Vldlr",35
"GO:0002088","lens development in camera-type eye","14/1417","97/28928",0.144329896907216,2.94648924328296,4.35804245388189,0.000266179947824052,0.00519873636277449,0.00403167101833406,"Cdon/Cited2/Fat1/Gata3/Maf/Meis1/Ndp/Nectin3/Ntrk3/Pax6/Plaat1/Slc7a11/Sox11/Spry2",14
"GO:0045638","negative regulation of myeloid cell differentiation","14/1417","97/28928",0.144329896907216,2.94648924328296,4.35804245388189,0.000266179947824052,0.00519873636277449,0.00403167101833406,"Cdc73/Cdk6/Fbxw7/Gpr68/Inpp4b/Klf13/Lyn/Meis1/Nfkbia/Pik3r1/Runx1/Tmem178/Trib1/Zbtb46",14
"GO:1990778","protein localization to cell periphery","37/1417","409/28928",0.0904645476772616,1.84683022950446,3.91448194803848,0.000269421624010714,0.00524298384986067,0.00406598537837679,"Ank3/Cdh2/Dlg2/Dpp10/Efr3a/Ehd3/Epha3/Erbb4/Fgf13/Fyb2/Gnai1/Gphn/Gpr158/Grin2a/Kalrn/Kcnb2/Kcnip3/Kcnip4/Lgi1/Lrrc7/Lyplal1/Magi2/Nbea/Nectin3/Nrxn3/Pid1/Pik3r1/Rab11fip2/Rapgef2/Rapgef4/Snca/Tmem108/Traf6/Tspan18/Ttc7/Ttc8/Zdhhc25",37
"GO:0055017","cardiac muscle tissue growth","16/1417","121/28928",0.132231404958678,2.69949899974921,4.25155710437138,0.000281507877689327,0.00543877270168841,0.00421782155250537,"Adra1a/Adrb1/Cited2/Dipk2a/Erbb4/Fgf1/Fgfr1/Heg1/Jarid2/Meis1/Ncam1/Nr3c1/Tenm4/Tgfb2/Yap1/Zfpm2",16
"GO:0060079","excitatory postsynaptic potential","16/1417","121/28928",0.132231404958678,2.69949899974921,4.25155710437138,0.000281507877689327,0.00543877270168841,0.00421782155250537,"Bdnf/Celf4/Chrnb4/Cntnap2/Dgki/Grid2/Grik2/Grin2a/Nlgn1/Oprm1/Plk2/Ppp3ca/Prkn/Rims1/Snca/Tmem108",16
"GO:0035725","sodium ion transmembrane transport","21/1417","184/28928",0.114130434782609,2.32996839618299,4.10733442251188,0.000283435677793029,0.00545639077213749,0.0042314845388682,"Ank3/Asic1/Atp1a1/Cnksr3/Dmd/Fgf12/Fgf13/Grin2a/Hcn1/Kcnk1/Nalcn/Nedd4l/Osr1/Plcb1/Slc12a1/Slc13a1/Slc24a3/Slc24a5/Slc8a1/Slc9a9/Stk39",21
"GO:0032230","positive regulation of synaptic transmission, GABAergic","6/1417","20/28928",0.3,6.12448835568102,5.20283340407898,0.000292524192384458,0.00561124084748901,0.00435157229047105,"Adra1a/Erbb4/Nalcn/Nlgn1/Tac1/Tacr1",6
"GO:0032147","activation of protein kinase activity","12/1417","76/28928",0.157894736842105,3.22341492404264,4.40476542683505,0.000308516350327166,0.00589694419077299,0.00457313803425584,"Adcy8/Angpt1/Cops8/Fgf1/Itgb3/Kif14/Lep/Ntf3/Ntrk3/Tgfb2/Tlr4/Traf6",12
"GO:0035335","peptidyl-tyrosine dephosphorylation","7/1417","28/28928",0.25,5.10374029640085,4.93052763810213,0.000318337913333102,0.00606309550536202,0.00470199000768601,"Dusp6/Ptprb/Ptprh/Ptprj/Ptpro/Ptprt/Ptprz1",7
"GO:0006836","neurotransmitter transport","25/1417","240/28928",0.104166666666667,2.12655845683369,3.97733938986393,0.000330008811861059,0.00624903881436257,0.00484619086682529,"Asic1/Cacna1d/Cadps2/Cplx2/Dgki/Efr3a/Erc2/Gpr158/Itgb3/Kcnh1/Mctp2/Micu3/Nlgn1/Nrxn3/Ppfia2/Prkn/Rims1/Rph3al/Snap25/Snca/Sncaip/Stxbp5l/Sv2b/Syn2/Syt1",25
"GO:0051961","negative regulation of nervous system development","20/1417","173/28928",0.115606936416185,2.36011111972293,4.07215397756163,0.000330427671435295,0.00624903881436257,0.00484619086682529,"Bcl11a/Bdnf/Brinp1/Daam2/Dab1/Elapor2/Fgf13/Lrp4/Mbp/Ntrk3/Pax6/Ppp3ca/Rapgef2/Robo1/Sema3a/Sema5a/Sema6d/Sox11/Tnr/Trpc6",20
"GO:0071900","regulation of protein serine/threonine kinase activity","27/1417","268/28928",0.100746268656716,2.05673116422124,3.94436642996303,0.000333639476693177,0.00628764080462826,0.00487612708873463,"Bmp2/Dipk2a/Epha4/Etaa1/Fgf1/Fgfr1/Fzd8/Heg1/Lyn/Map3k5/Map3k7/Nek10/Ntf3/Ntrk3/Paqr3/Pparg/Ptprj/Rapgef2/Robo1/Sash1/Slc8a1/Snca/Spry2/Tcim/Tlr4/Traf6/Trib1",27
"GO:0030166","proteoglycan biosynthetic process","11/1417","66/28928",0.166666666666667,3.4024935309339,4.43459964616443,0.000336132595838542,0.00629153248690542,0.00487914512649507,"B3gat1/Chst11/Hs3st1/Hs3st4/Hs3st5/Hs6st1/Hs6st2/Hs6st3/Lipc/Ndst3/Xylt1",11
"GO:0021543","pallium development","23/1417","213/28928",0.107981220657277,2.20443242849238,4.00406635502442,0.000336188758842274,0.00629153248690542,0.00487914512649507,"Bhlhe22/Btbd3/Cdh2/Cdon/Dab1/Dclk2/Dmd/Eomes/Epha5/Fgf13/Fgfr1/Fos/Hif1a/Kif14/Nr4a3/Pax6/Plcb1/Robo1/Tacc1/Tmem108/Zbtb18/Zic3/Zmiz1",23
"GO:0010765","positive regulation of sodium ion transport","9/1417","46/28928",0.195652173913043,3.99423153631371,4.61247577979208,0.000337483363835116,0.0062938303720778,0.00488092715897497,"Ank3/Cnksr3/Cntn1/Dmd/Fgf12/Fgf13/Nedd4l/Plcb1/Sgk1",9
"GO:0046928","regulation of neurotransmitter secretion","15/1417","111/28928",0.135135135135135,2.75877853859505,4.21339036830699,0.00034004153761818,0.00631959549670327,0.00490090826572624,"Asic1/Cacna1d/Gpr158/Kcnh1/Mctp2/Micu3/Nlgn1/Ppfia2/Prkn/Rims1/Snca/Sncaip/Stxbp5l/Sv2b/Syt1",15
"GO:0051592","response to calcium ion","18/1417","149/28928",0.120805369127517,2.46623692175074,4.07232912625714,0.000376899939381706,0.00698044680834187,0.00541340493696338,"Adcy1/Adcy8/Asph/Fos/Hcn1/Kcnh1/Kcnma1/Kcnq3/Micu3/Neurod2/Nlgn1/Pde1c/Pla2g4a/Ppp3ca/Ryr2/Sdc1/Slc25a13/Syt1",18
"GO:0001542","ovulation from ovarian follicle","5/1417","14/28928",0.357142857142857,7.29105756628693,5.34339184345682,0.000386601535834183,0.00709187263665635,0.00549981675925275,"Adamts1/Lep/Nrip1/Pde4d/Pla2g4a",5
"GO:2000651","positive regulation of sodium ion transmembrane transporter activity","5/1417","14/28928",0.357142857142857,7.29105756628693,5.34339184345682,0.000386601535834183,0.00709187263665635,0.00549981675925275,"Ank3/Cnksr3/Dmd/Fgf13/Plcb1",5
"GO:0003281","ventricular septum development","13/1417","89/28928",0.146067415730337,2.98196062261623,4.24994550169138,0.00038687743111903,0.00709187263665635,0.00549981675925275,"Cited2/Fzd1/Gata3/Heg1/Lmo4/Robo1/Robo2/Slit3/Sox11/Sox4/Tgfb2/Xirp2/Zfpm2",13
"GO:0090090","negative regulation of canonical Wnt signaling pathway","17/1417","137/28928",0.124087591240876,2.5332433587975,4.08250227591832,0.000395471729278556,0.00722475733998341,0.00560287014949962,"Amer2/Axin2/Bmp2/Cdh2/Dact1/Dkk2/Foxo1/Fzd1/Lrp4/Mllt3/Prkn/Ptpro/Rbms3/Tle1/Tle4/Tmem64/Znrf3",17
"GO:1905962","glutamatergic neuron differentiation","7/1417","29/28928",0.241379310344828,4.92774925169737,4.80269249267276,0.000402002310918754,0.00731916749811738,0.00567608615274044,"Bhlhe22/Cntnap2/Grid2/Mtpn/Ndp/Pax6/Zhx2",7
"GO:0045137","development of primary sexual characteristics","29/1417","300/28928",0.0966666666666667,1.97344624794166,3.846453911657,0.000409206983207558,0.00742198372398812,0.00575582114392517,"Adam30/Adam34/Adamts1/Angpt1/Arid5b/Bcl2/Cited2/Csmd1/Dach1/Fer/Fndc3a/Gata3/Immp2l/Kif18a/Lep/Lhfpl2/Nhlh2/Nobox/Nrip1/Osr1/Pde4d/Pla2g4a/Runx1/Schip1/Sdc1/Sema3a/Slit3/Tgfb2/Zfpm2",29
"GO:0030111","regulation of Wnt signaling pathway","31/1417","329/28928",0.0942249240121581,1.92359816642464,3.82374587639095,0.000410413175577075,0.00742198372398812,0.00575582114392517,"Amer2/Axin2/Bmp2/Cdc73/Cdh2/Cdk14/Crbn/Daam2/Dact1/Dkk2/Foxo1/Fzd1/Fzd7/Lgr4/Lrp4/Mllt3/Prkn/Ptpro/Rbms3/Scel/Sema5a/Sox4/Sulf2/Tbl1xr1/Tiam1/Tle1/Tle4/Tmem64/Wwox/Yap1/Znrf3",31
"GO:0072080","nephron tubule development","15/1417","113/28928",0.132743362831858,2.70995059985886,4.13329981054981,0.000413295612612481,0.00744902931322697,0.00577679526353793,"Adamts16/Agtr1b/Bcl2/Bmp2/Calb1/Eya1/Fgf1/Gata3/Irx2/Lgr4/Osr1/Pbx1/Prom1/Stat1/Yap1",15
"GO:0071248","cellular response to metal ion","22/1417","203/28928",0.108374384236453,2.21245884770086,3.93430877769769,0.000425871054145128,0.00765001147763706,0.00593265890248995,"Adcy1/Adcy8/Ank3/Asph/Creb1/Dlg2/Fos/Foxa2/Gabrg2/Grin2a/Kcnh1/Kcnj1/Kcnk3/Kcnq3/Micu3/Neurod2/Nlgn1/Pparg/Slc39a8/Snca/Stk39/Syt1",22
"GO:0046545","development of primary female sexual characteristics","17/1417","138/28928",0.123188405797101,2.51488652286419,4.04838910257819,0.000430825021584867,0.0077132039697744,0.00598166529968883,"Adamts1/Angpt1/Arid5b/Bcl2/Csmd1/Dach1/Immp2l/Lep/Lhfpl2/Nobox/Nrip1/Pde4d/Pla2g4a/Runx1/Schip1/Slit3/Zfpm2",17
"GO:0051099","positive regulation of binding","18/1417","151/28928",0.119205298013245,2.43357153205868,4.00837659751691,0.000443549532763432,0.00789068420805404,0.00611930296451114,"Bdnf/Bmp2/Dact1/Ddx11/Dph3/Epha4/Gata3/Pax6/Plcl2/Plxnd1/Pou4f1/Prkn/Rapgef2/Spon1/Tgfb2/Tiam1/Tns3/Traf6",18
"GO:0002062","chondrocyte differentiation","16/1417","126/28928",0.126984126984127,2.59237602356868,4.06539748151885,0.000446935593185132,0.00789068420805404,0.00611930296451114,"Axin2/Bmp2/Chst11/Fgfr1/Fosl2/Hif1a/Maf/Nfib/Osr1/Rarb/Runx1/Snx19/Sox5/Sox6/Sulf2/Thrb",16
"GO:0045667","regulation of osteoblast differentiation","19/1417","164/28928",0.115853658536585,2.36514794223454,3.97887629768569,0.000448023216685345,0.00789068420805404,0.00611930296451114,"Axin2/Bmp2/Cd276/Cdk6/Fgfr1/Fndc3b/Fzd1/Mir137/Mir204/Mir205/Noct/Pparg/Ppp3ca/Prkd1/Sema4d/Sox11/Tmem64/Vegfc/Yap1",19
"GO:0007178","cell surface receptor protein serine/threonine kinase signaling pathway","36/1417","405/28928",0.0888888888888889,1.81466321649808,3.74706694880973,0.000450060752119106,0.00789068420805404,0.00611930296451114,"Akap7/Atoh8/Bmp2/Bmp5/Bmper/Cd109/Chst11/Cited2/Crb2/Creb1/Elapor2/Fos/Fstl5/Fut8/Fzd1/Itgb5/Ldlrad4/Magi2/Map3k7/Mir122/Mir145b/Mstn/Ndp/Nfia/Nrep/Parp1/Pparg/Ppm1l/Ptprk/Rasl11b/Sdcbp/Sox11/Spry2/Tgfb2/Vwc2l/Zmiz1",36
"GO:0042490","mechanoreceptor differentiation","14/1417","102/28928",0.137254901960784,2.80205349606321,4.13770008782111,0.000451022165680989,0.00789068420805404,0.00611930296451114,"Atp8b1/Bdnf/Clrn1/Diaph3/Fgfr1/Gabrb2/Grxcr1/Kcnma1/Myo3b/Ntf3/Ntrk3/Triobp/Ttc8/Ush2a",14
"GO:0097120","receptor localization to synapse","14/1417","102/28928",0.137254901960784,2.80205349606321,4.13770008782111,0.000451022165680989,0.00789068420805404,0.00611930296451114,"Dlg2/Erbb4/Gphn/Itgb3/Kalrn/Lgi1/Lrrc7/Magi2/Nbea/Nlgn1/Nrxn3/Rapgef4/Tmem108/Traf6",14
"GO:2001257","regulation of cation channel activity","14/1417","102/28928",0.137254901960784,2.80205349606321,4.13770008782111,0.000451022165680989,0.00789068420805404,0.00611930296451114,"Akap7/Ank3/Asph/Crbn/Dmd/Ehd3/Fgf12/Fgf13/Gnb5/Jph3/Kcnab1/Kcnj1/Lrrc55/Nedd4l",14
"GO:0019226","transmission of nerve impulse","15/1417","114/28928",0.131578947368421,2.68617910336887,4.09390524998532,0.00045473072510024,0.00792973611854997,0.0061495881039701,"Ank3/Chrnb4/Cntnap2/Fgf12/Grik2/Grm7/Hcn1/Jam3/Kcnd2/Kcnma1/Kcnq3/Ntrk3/Oprm1/Rapgef4/Tnr",15
"GO:0007179","transforming growth factor beta receptor signaling pathway","23/1417","218/28928",0.105504587155963,2.1538720516921,3.8810812909242,0.000467979040023035,0.00809960824423844,0.00628132560288715,"Bmp2/Cd109/Chst11/Cited2/Creb1/Fos/Fut8/Itgb5/Ldlrad4/Map3k7/Mir145b/Mstn/Ndp/Nrep/Parp1/Pparg/Ptprk/Rasl11b/Sdcbp/Sox11/Spry2/Tgfb2/Zmiz1",23
"GO:1902895","positive regulation of miRNA transcription","10/1417","58/28928",0.172413793103448,3.51982089406955,4.35957056904901,0.000468573993843039,0.00809960824423844,0.00628132560288715,"Atoh8/Bmp2/Fos/Gata3/Hif1a/Klf4/Nr3c1/Pax6/Pparg/Tgfb2",10
"GO:0033673","negative regulation of kinase activity","21/1417","191/28928",0.109947643979058,2.244576884281,3.91652708800168,0.000469750742656036,0.00809960824423844,0.00628132560288715,"Adarb1/Bmp2/Fam72a/Gadd45g/Heg1/Lyn/Mstn/Paqr3/Pparg/Prkag2/Prkn/Ptprb/Ptprh/Ptprj/Ptpro/Ptprt/Shb/Slc8a1/Smyd3/Spry2/Trib1",21
"GO:1901016","regulation of potassium ion transmembrane transporter activity","9/1417","48/28928",0.1875,3.82780522230064,4.44994815215227,0.000470504146751516,0.00809960824423844,0.00628132560288715,"Akap7/Ank3/Cacna1d/Crbn/Kcnab1/Kcnj1/Lrrc55/Nedd4l/Stk39",9
"GO:0006814","sodium ion transport","26/1417","260/28928",0.1,2.04149611856034,3.828503657467,0.000476979309292121,0.00818484303580826,0.00634742601940112,"Ank3/Asic1/Atp1a1/Cnksr3/Cntn1/Dmd/Fgf12/Fgf13/Grin2a/Hcn1/Kcnj1/Kcnk1/Nalcn/Nedd4l/Nkain3/Osr1/Plcb1/Sgk1/Slc10a2/Slc12a1/Slc13a1/Slc24a3/Slc24a5/Slc8a1/Slc9a9/Stk39",26
"GO:0071695","anatomical structure maturation","31/1417","332/28928",0.0933734939759036,1.90621625528224,3.76904810286764,0.000478915131649364,0.00819188908308513,0.00635289029814459,"Adam7/Adgrb3/Ank3/Bcl11a/Bcl2/Bmp2/Cntnap2/Dazl/Diaph3/Dlg2/Fgfr1/Gata3/Grb14/Hif1a/Kcnma1/Kcnq3/Kif14/Lep/Mreg/Nr4a2/Ntn4/Pde3a/Plcb1/Pparg/Runx1/Sema4d/Shb/Snx10/Snx19/Tgfb2/Xylt1",31
"GO:0048663","neuron fate commitment","13/1417","91/28928",0.142857142857143,2.91642302651477,4.15547307170652,0.00048200330869346,0.00821853895553199,0.00637355753550551,"Bhlhe22/Eya1/Foxa2/Lmo4/Myt1l/Nfia/Nfib/Ntrk3/Pax6/Pou4f1/Runx1/Tgfb2/Zfp521",13
"GO:0031589","cell-substrate adhesion","34/1417","377/28928",0.0901856763925729,1.84113708305176,3.73087095401781,0.000493737942216724,0.00839198255584185,0.00650806474800659,"Angpt1/Bcl2/Cdh11/Cdh13/Cdk6/Dlc1/Dmd/Dock1/Efna5/Epha3/Fer/Fndc3b/Frem1/Fzd7/Itga7/Itgb3/Itgb5/Jam3/Kif14/Lamb3/Marcks/Ntn4/Olfm4/Parva/Phldb2/Pik3r1/Ptprj/Ptprk/Ptprz1/Spock1/Svep1/Tiam1/Triobp/Utrn",34
"GO:0002027","regulation of heart rate","15/1417","115/28928",0.130434782608696,2.66282102420914,4.05493243298436,0.000499668394497283,0.00843936775737392,0.00654481243636461,"Adra1a/Adrb1/Cacna1d/Chrm3/Ctnna3/Dmd/Dsc2/Kcna5/Pde4d/Pik3r1/Ryr2/Sema3a/Slc8a1/Tac1/Tmem161b",15
"GO:0042310","vasoconstriction","15/1417","115/28928",0.130434782608696,2.66282102420914,4.05493243298436,0.000499668394497283,0.00843936775737392,0.00654481243636461,"Add3/Adra1a/Agtr1b/Atp2b1/Chrm3/Cyp2j5/Hif1a/Hrh2/Kcna5/Lep/Mgll/Rap1gds1/Slc8a1/Svep1/Tacr1",15
"GO:0036294","cellular response to decreased oxygen levels","21/1417","192/28928",0.109375,2.23288637967537,3.8899493458719,0.000503598255399051,0.00847907909012007,0.00657560896424367,"B3gat1/Bcl2/Cited2/Cpeb2/Eno1b/Epha4/Fos/Hif1a/Kcnd2/Kcnk3/Mir204/Mir874/Mstn/Ndp/Ndrg1/Pdk1/Pparg/Ptprd/Rwdd3/Stc2/Vldlr",21
"GO:0099504","synaptic vesicle cycle","26/1417","261/28928",0.0996168582375479,2.0336742943513,3.80711750388957,0.000505620826798787,0.0084865295648009,0.00658138688040395,"Abca13/Cacna1d/Cadps2/Cdh2/Cplx2/Efr3a/Erc2/Kcnh1/Magi2/Nlgn1/Pik3c3/Ppfia2/Prkn/Rab27b/Rapgef4/Rims1/Rph3al/Sh3gl2/Snap25/Snca/Stxbp5l/Sv2b/Syn2/Syndig1/Synj2/Syt1",26
"GO:0007266","Rho protein signal transduction","17/1417","140/28928",0.121428571428571,2.47895957253755,3.98105344535567,0.000509773527929356,0.00852957513554072,0.00661476914253635,"Abra/Adra1a/Adrb1/Agtr1b/Arhgef3/Cdh13/Cdh2/Celsr1/Dlc1/Dock9/Heg1/Prag1/Rhoj/Rit2/Robo1/Sema4d/Tns3",17
"GO:0036480","neuron intrinsic apoptotic signaling pathway in response to oxidative stress","6/1417","22/28928",0.272727272727273,5.56771668698274,4.86407132483399,0.000517608141551587,0.00863376810022848,0.00669557180817139,"Fbxw7/Fzd1/Hif1a/Map3k5/Parp1/Prkn",6
"GO:0045765","regulation of angiogenesis","30/1417","319/28928",0.0940438871473354,1.91990230585612,3.74946362429522,0.000520462768016819,0.00865450627559856,0.00671165446649031,"Adam12/Adamts1/Adgrb3/Bmper/Btg1/Cemip2/Fgf1/Hhip/Hif1a/Hk2/Itgb3/Klf4/Lep/Minar1/Plk2/Plxnd1/Pparg/Prkd1/Ptprm/Rhoj/Runx1/Sash1/Sema5a/Spry2/Stat1/Tcf4/Tgfb2/Thbs2/Tspan18/Vegfc",30
"GO:0002064","epithelial cell development","26/1417","262/28928",0.099236641221374,2.025912178724,3.78582659064766,0.000535759419130572,0.00886711297439998,0.00687653304583107,"Adam7/Bmp5/Cdh2/Cdk6/Dmd/Fat1/Fer/Fndc3a/Fosl2/Frmd6/Heg1/Hif1a/Hrh2/Kcnma1/Magi1/Magi2/Mir205/Mir874/Pard3/Pax6/Pde4d/Plcb1/Rapgef2/Rarb/Sdc1/Yap1",26
"GO:0006029","proteoglycan metabolic process","13/1417","92/28928",0.141304347826087,2.88472277622657,4.10920037058564,0.000536550310310928,0.00886711297439998,0.00687653304583107,"B3gat1/Bmp2/Chst11/Hs3st1/Hs3st4/Hs3st5/Hs6st1/Hs6st2/Hs6st3/Lipc/Ndst3/Sulf2/Xylt1",13
"GO:0001708","cell fate specification","15/1417","116/28928",0.129310344827586,2.63986567055216,4.01637264366767,0.000548345350485548,0.00900661430415253,0.00698471769474107,"Cdon/Eomes/Eya1/Fgfr1/Foxa2/Fzd7/Lmo4/Myt1l/Nfia/Nfib/Ntrk3/Pax6/Pou4f1/Sox6/Tenm4",15
"GO:0008344","adult locomotory behavior","15/1417","116/28928",0.129310344827586,2.63986567055216,4.01637264366767,0.000548345350485548,0.00900661430415253,0.00698471769474107,"Chd7/Chl1/Dab1/Dmbx1/Epha4/Fgf12/Foxa2/Kalrn/Kcnma1/Nr4a2/Oxr1/Pbx3/Prkn/Snca/Uchl3",15
"GO:0002040","sprouting angiogenesis","17/1417","141/28928",0.120567375886525,2.46137829897346,3.94782089022477,0.000553708863517286,0.00906698264009556,0.00703153393112292,"Agtr1b/Angpt1/Bmper/Cdh13/Cemip2/Efnb2/Fbxw7/Fgf1/Hif1a/Klf4/Parva/Plk2/Rhoj/Robo1/Sema5a/Tspan18/Vegfc",17
"GO:0072160","nephron tubule epithelial cell differentiation","5/1417","15/28928",0.333333333333333,6.8049870618678,5.10368359193806,0.000556570250645793,0.00908613621950928,0.00704638771974213,"Gata3/Osr1/Prom1/Stat1/Yap1",5
"GO:0001838","embryonic epithelial tube formation","18/1417","154/28928",0.116883116883117,2.38616429442117,3.91433853349726,0.000562555288744212,0.0091560135025611,0.00710057823783364,"Bmp5/Cdk20/Celsr1/Cited2/Cobl/Dlc1/Gata3/Hif1a/Ift122/Ift57/Irx2/Lmo4/Map3k7/Mthfd1l/Osr1/Tgfb2/Traf6/Zic5",18
"GO:0060038","cardiac muscle cell proliferation","11/1417","70/28928",0.157142857142857,3.20806532916625,4.1976986581081,0.000566418253611833,0.00919103456238416,0.00712773741307688,"Cited2/Dipk2a/Erbb4/Fgf1/Fgfr1/Jarid2/Ncam1/Tenm4/Tgfb2/Yap1/Zfpm2",11
"GO:0030048","actin filament-based movement","16/1417","129/28928",0.124031007751938,2.53208820906709,3.95797781841839,0.000581735221234523,0.00941114419653803,0.00729843459234309,"Adrb1/Atp1a1/Cacna1d/Ctnna3/Dsc2/Fgf13/Fnbp1l/Frmd6/Kcna5/Kcnn2/Nedd4l/Pard3/Parva/Pde4d/Ryr2/Sgcd",16
"GO:0001667","ameboidal-type cell migration","27/1417","278/28928",0.0971223021582734,1.9827480288176,3.73667822010698,0.000591520738468127,0.00954071437331024,0.00739891753475068,"Arid5b/Cdh2/Crb2/Daam2/Dock1/Erbb4/Fer/Fgfr1/Fndc3b/Fut8/Hif1a/Irs1/Itgb3/Pax6/Ptprg/Ptprr/Sash1/Schip1/Sema3a/Sema4d/Sema5a/Sema6d/Slc8a1/Tac1/Tacr1/Tgfb2/Ythdf3",27
"GO:0032956","regulation of actin cytoskeleton organization","33/1417","366/28928",0.0901639344262295,1.84069322165276,3.67339149013435,0.000594947119392912,0.00955917976062223,0.00741323762364789,"Add3/Arap2/Arhgef10/Cd47/Celsr1/Ctnna2/Daam2/Dlc1/Efna5/Epha3/Epha5/Fer/Gpr65/Iqgap2/Itgb3/Jam3/Kank4/Mtpn/Myo3b/Neb/Pam/Phldb2/Pik3r1/Prkd1/Prkn/Sema5a/Svil/Tac1/Tacr1/Tgfb2/Tmeff2/Ttc8/Xirp2",33
"GO:0045670","regulation of osteoclast differentiation","13/1417","93/28928",0.139784946236559,2.85370425175101,4.0635478388919,0.000596225138672212,0.00955917976062223,0.00741323762364789,"Creb1/Fbxw7/Fos/Gpr68/Inpp4b/Itgb3/Mitf/Pik3r1/Pou4f1/Ppp3ca/Tmem178/Tmem64/Traf6",13
"GO:0031099","regeneration","24/1417","236/28928",0.101694915254237,2.07609774768848,3.76713121210288,0.000607729486491709,0.00971462819031836,0.00753378940491132,"Bcl2/Bdnf/Chl1/Diaph2/Dmd/Elavl4/Epha4/Erbb4/Fzd7/Gap43/Hopx/Igsf10/Klf4/Map1b/Mstn/Mtpn/Nfib/Nrep/Ntrk3/Sulf2/Tnc/Tnr/Xylt1/Yap1",24
"GO:0045672","positive regulation of osteoclast differentiation","8/1417","40/28928",0.2,4.08299223712068,4.42819893981884,0.000614540613534742,0.00979435500087567,0.00759561832814923,"Creb1/Fos/Gpr68/Itgb3/Pou4f1/Ppp3ca/Tmem64/Traf6",8
"GO:0060795","cell fate commitment involved in formation of primary germ layer","7/1417","31/28928",0.225806451612903,4.60982994513625,4.56377942099467,0.000621654050268158,0.00987841391713099,0.0076608068418284,"Cdc73/Elf5/Eomes/Ets2/Eya1/Fgfr1/Fzd7",7
"GO:0007043","cell-cell junction assembly","19/1417","169/28928",0.112426035502959,2.29517315104417,3.83237262490053,0.000651047587357846,0.0102846370344088,0.00797583685193498,"Cdh11/Cdh13/Cdh18/Cdh2/Cdh20/Cdh4/Cdh6/Cdh7/Cdh8/Cntnap2/Fer/Hopx/Jam3/Mpdz/Nedd4l/Nphp1/Pard3/Patj/Ptpro",19
"GO:0046660","female sex differentiation","19/1417","169/28928",0.112426035502959,2.29517315104417,3.83237262490053,0.000651047587357846,0.0102846370344088,0.00797583685193498,"Adamts1/Angpt1/Arid5b/Bcl2/Chd7/Csmd1/Dach1/Immp2l/Lep/Lhfpl2/Mir124-2hg/Nobox/Nrip1/Pde4d/Pla2g4a/Runx1/Schip1/Slit3/Zfpm2",19
"GO:0071902","positive regulation of protein serine/threonine kinase activity","18/1417","156/28928",0.115384615384615,2.3555724444927,3.85286187580492,0.000656359618325058,0.0103110854317082,0.00799634784334376,"Dipk2a/Epha4/Etaa1/Fgf1/Fgfr1/Fzd8/Map3k5/Map3k7/Nek10/Ntf3/Ntrk3/Rapgef2/Robo1/Sash1/Snca/Tcim/Tlr4/Traf6",18
"GO:0070482","response to oxygen levels","38/1417","444/28928",0.0855855855855856,1.74722640777687,3.60102919930452,0.000656561388501993,0.0103110854317082,0.00799634784334376,"Agtr1b/B3gat1/Bcl2/Bmp2/Cited2/Cpeb2/Eno1b/Epha4/Fos/Fosl2/Foxo1/Gucy1b2/Hif1a/Hk2/Itpr2/Kcna5/Kcnd2/Kcnk3/Kcnma1/Lep/Mir204/Mir30d/Mir874/Mstn/Ndp/Ndrg1/Nr4a2/Pdk1/Pparg/Ptprd/Rwdd3/Ryr2/Slc8a1/Sox4/Stc2/Tgfb2/Vegfc/Vldlr",38
"GO:0072028","nephron morphogenesis","13/1417","94/28928",0.138297872340426,2.82334569588132,4.01849960909881,0.000661404603854219,0.0103568633449009,0.00803184906383656,"Adamts16/Agtr1b/Bcl2/Bmp2/Erbb4/Eya1/Fgf1/Gata3/Irx2/Lgr4/Osr1/Pbx1/Stat1",13
"GO:0030728","ovulation","6/1417","23/28928",0.260869565217391,5.32564204841827,4.70989737049115,0.000671448241591103,0.0104715084237815,0.00812075744650182,"Adamts1/Immp2l/Lep/Nrip1/Pde4d/Pla2g4a",6
"GO:0007188","adenylate cyclase-modulating G protein-coupled receptor signaling pathway","26/1417","266/28928",0.0977443609022556,1.99544733393116,3.70159836562875,0.000672625285087433,0.0104715084237815,0.00812075744650182,"Adcy1/Adcy8/Adgrb3/Adgrl2/Adgrl3/Adgrl4/Adra1a/Adrb1/Cacna1d/Chrm3/Cnr1/Gnai1/Gpr65/Grm7/Hrh4/Itgb3/Mc2r/Oprm1/Oxgr1/Pde3a/Pde4d/Pth2r/Rapgef2/Rapgef4/Rit2/Vipr2",26
"GO:0071453","cellular response to oxygen levels","22/1417","210/28928",0.104761904761905,2.13871021944416,3.75862678672369,0.000676180455438902,0.0104964312894865,0.00814008537320272,"B3gat1/Bcl2/Cited2/Cpeb2/Eno1b/Epha4/Fos/Foxo1/Hif1a/Kcnd2/Kcnk3/Mir204/Mir874/Mstn/Ndp/Ndrg1/Pdk1/Pparg/Ptprd/Rwdd3/Stc2/Vldlr",22
"GO:0001763","morphogenesis of a branching structure","25/1417","252/28928",0.0992063492063492,2.02529376841303,3.70998998123186,0.000681253225716327,0.0105447005052518,0.0081775186232656,"Adamts16/Agtr1b/Angpt1/Bcl11a/Bcl2/Bmp2/Celsr1/Col4a1/Csmd1/Eya1/Fgf1/Fgf13/Fgfr1/Foxa2/Hhip/Lgr4/Ntn4/Pbx1/Plxna1/Plxnd1/Sema3a/Sema5a/Spry2/Tnc/Yap1",25
"GO:0050918","positive chemotaxis","10/1417","61/28928",0.163934426229508,3.34671494845957,4.16397262463965,0.000709057088246581,0.0109435218993459,0.00848680852447587,"Angpt1/Cdh13/Il16/Ntf3/Ntrk3/Ptprj/Saa3/Scg2/Sema5a/Vegfc",10
"GO:0030307","positive regulation of cell growth","22/1417","211/28928",0.104265402843602,2.12857415205343,3.73409383591511,0.000720738012803386,0.0110733581319476,0.00858749779578767,"Adrb1/Bcl11a/Bcl2/Bdnf/Cdh4/Efna5/Lgi1/Map1b/Mtpn/N6amt1/Nedd4l/Nr3c1/Ntrk3/Prkn/Rims1/Sdcbp/Sema4d/Sema5a/Sgk1/Syt1/Tgfb2/Yap1",22
"GO:0045926","negative regulation of growth","25/1417","253/28928",0.0988142292490119,2.01728865470389,3.68838445375774,0.000721592877710235,0.0110733581319476,0.00858749779578767,"Adrb1/Bcl11a/Bcl2/Cited2/D7Ertd443e/Dcstamp/Eno1b/Fgf13/Hif1a/Jarid2/Minar1/Mstn/Pparg/Ptprj/Rerg/Sema3a/Sema5a/Sema6d/Sesn1/Slit3/Smarca2/Stc2/Tgfb2/Tnr/Wwc1",25
"GO:0007435","salivary gland morphogenesis","8/1417","41/28928",0.195121951219512,3.98340706060554,4.33847056565283,0.000731093871975425,0.011113483905423,0.00861861572651545,"Fgfr1/Nfib/Ntn4/Pax6/Plxna1/Plxnd1/Sema3a/Tgfb2",8
"GO:0048665","neuron fate specification","8/1417","41/28928",0.195121951219512,3.98340706060554,4.33847056565283,0.000731093871975425,0.011113483905423,0.00861861572651545,"Eya1/Foxa2/Lmo4/Myt1l/Nfia/Nfib/Ntrk3/Pou4f1",8
"GO:0086065","cell communication involved in cardiac conduction","8/1417","41/28928",0.195121951219512,3.98340706060554,4.33847056565283,0.000731093871975425,0.011113483905423,0.00861861572651545,"Cacna1d/Ctnna3/Dsc2/Kcna5/Kcnn2/Pde4d/Ryr2/Slc8a1",8
"GO:0002090","regulation of receptor internalization","13/1417","95/28928",0.136842105263158,2.79362626750362,3.97404038914002,0.000732484323686415,0.011113483905423,0.00861861572651545,"Ahi1/Angpt1/Efnb2/Itgb3/Magi2/Nedd4l/Ntf3/Pard3/Plk2/Sdcbp/Sh3gl2/Usp46/Vac14",13
"GO:1901342","regulation of vasculature development","30/1417","326/28928",0.0920245398773006,1.8786774097181,3.62095805867562,0.000742088277267811,0.011227482076635,0.00870702242594137,"Adam12/Adamts1/Adgrb3/Bmper/Btg1/Cemip2/Fgf1/Hhip/Hif1a/Hk2/Itgb3/Klf4/Lep/Minar1/Plk2/Plxnd1/Pparg/Prkd1/Ptprm/Rhoj/Runx1/Sash1/Sema5a/Spry2/Stat1/Tcf4/Tgfb2/Thbs2/Tspan18/Vegfc",30
"GO:0010837","regulation of keratinocyte proliferation","9/1417","51/28928",0.176470588235294,3.60264020922413,4.22188715622527,0.000748208245065871,0.0112456323850499,0.00872109816806481,"Cd109/Efnb2/Ift122/Ift57/Intu/Klf9/Prkd1/Ptprk/Yap1",9
"GO:0060074","synapse maturation","9/1417","51/28928",0.176470588235294,3.60264020922413,4.22188715622527,0.000748208245065871,0.0112456323850499,0.00872109816806481,"Adgrb3/Dab1/Erbb4/Neurod2/Nfia/Nlgn1/Robo2/Sybu/Ywhaz",9
"GO:0051588","regulation of neurotransmitter transport","16/1417","132/28928",0.121212121212121,2.47454074977011,3.85355087230655,0.000749892964527294,0.0112456323850499,0.00872109816806481,"Asic1/Cacna1d/Gpr158/Itgb3/Kcnh1/Mctp2/Micu3/Nlgn1/Ppfia2/Prkn/Rims1/Snca/Sncaip/Stxbp5l/Sv2b/Syt1",16
"GO:0141091","transforming growth factor beta receptor superfamily signaling pathway","33/1417","371/28928",0.0889487870619946,1.81588603537712,3.58957968248032,0.000751663009911171,0.0112456323850499,0.00872109816806481,"Bmp2/Bmp5/Bmper/Cd109/Chst11/Cited2/Crb2/Creb1/Elapor2/Fos/Fstl5/Fut8/Fzd1/Itgb5/Ldlrad4/Magi2/Map3k7/Mir122/Mir145b/Mstn/Ndp/Nfia/Nrep/Parp1/Pparg/Ptprk/Rasl11b/Sdcbp/Sox11/Spry2/Tgfb2/Vwc2l/Zmiz1",33
"GO:0010996","response to auditory stimulus","7/1417","32/28928",0.21875,4.46577275935074,4.45184098291724,0.00076237819393231,0.0113427514670649,0.00879641496833402,"Calb1/Cntnap2/Foxp2/Gap43/Kcnq3/Slc1a3/Tacr1",7
"GO:0021952","central nervous system projection neuron axonogenesis","7/1417","32/28928",0.21875,4.46577275935074,4.45184098291724,0.00076237819393231,0.0113427514670649,0.00879641496833402,"Adarb1/Bhlhe22/Cdh11/Dclk1/Epha4/Nfib/Nr4a2",7
"GO:0016331","morphogenesis of embryonic epithelium","20/1417","185/28928",0.108108108108108,2.20702283087604,3.73782303487974,0.000784238886382225,0.011609401325196,0.00900320454758023,"Bmp5/Cdk20/Celsr1/Cited2/Cobl/Dlc1/Gata3/Hif1a/Ift122/Ift57/Irx2/Lmo4/Map3k7/Mthfd1l/Osr1/Sox11/Tgfb2/Traf6/Vegfc/Zic5",20
"GO:0002067","glandular epithelial cell differentiation","12/1417","84/28928",0.142857142857143,2.91642302651477,3.99196490419399,0.000784623474408148,0.011609401325196,0.00900320454758023,"Bmp2/Bmp5/Cdh2/Cdk6/Hif1a/Klf4/Nfib/Pax6/Pinc/Rarb/Yap1/Zfp800",12
"GO:0051090","regulation of DNA-binding transcription factor activity","33/1417","372/28928",0.0887096774193548,1.81100462130353,3.57297145610217,0.000787034489157253,0.0116130830803945,0.009006059784833,"Adcy1/Adcy8/Arid5b/Bdnf/Bmp2/Eomes/Epha5/Fer/Foxa2/Fzd1/Klf4/Mtpn/Ndp/Neurod2/Nfkbia/Pbx1/Peli1/Pou4f1/Pparg/Ppp3ca/Prkd1/Ripk4/Ror1/Rwdd3/Slco3a1/Sox6/Terf2ip/Tlr4/Traf3/Traf6/Trib1/Trim52/Zic3",33
"GO:0035773","insulin secretion involved in cellular response to glucose stimulus","14/1417","108/28928",0.12962962962963,2.64638385739303,3.89026712546099,0.000807677201466824,0.0118850253399406,0.0092169536732638,"Adcy8/Cacna1d/Efna5/Epha5/Foxa2/Gpr68/Hif1a/Klf7/Myt1/Pde1c/Prkn/Rab11fip2/Sybu/Tiam1",14
"GO:0006470","protein dephosphorylation","17/1417","146/28928",0.116438356164384,2.37708452161135,3.78582011838445,0.000825497364126289,0.0121140610456893,0.00939457310856407,"Bcl2/Dusp6/Eya1/Ppm1l/Ppp3ca/Ptpn20/Ptprb/Ptprd/Ptprg/Ptprh/Ptprj/Ptprk/Ptprm/Ptpro/Ptprr/Ptprt/Ptprz1",17
"GO:0045663","positive regulation of myoblast differentiation","9/1417","52/28928",0.173076923076923,3.53335866673905,4.14966722083354,0.000866002586337853,0.0126738416654512,0.00982868846734227,"Boc/Btg1/Cdon/Map3k5/Pik3r1/Plcb1/Rbm24/Smarca2/Sox4",9
"GO:0032414","positive regulation of ion transmembrane transporter activity","12/1417","85/28928",0.141176470588235,2.8821121673793,3.94382998535578,0.000873562241065521,0.0126808183696295,0.00983409896983291,"Akap7/Ank3/Asph/Cnksr3/Dmd/Ehd3/Fgf13/Lrrc55/Nedd4l/Plcb1/Stk39/Trpc6",12
"GO:0035023","regulation of Rho protein signal transduction","12/1417","85/28928",0.141176470588235,2.8821121673793,3.94382998535578,0.000873562241065521,0.0126808183696295,0.00983409896983291,"Abra/Adra1a/Arhgef3/Cdh2/Dlc1/Dock9/Heg1/Prag1/Rit2/Robo1/Sema4d/Tns3",12
"GO:0051279","regulation of release of sequestered calcium ion into cytosol","12/1417","85/28928",0.141176470588235,2.8821121673793,3.94382998535578,0.000873562241065521,0.0126808183696295,0.00983409896983291,"Asph/Chd7/Dmd/Itgb3/Jph3/Lyn/Pde4d/Prkd1/Ryr2/Slc8a1/Snca/Tgfb2",12
"GO:0009410","response to xenobiotic stimulus","41/1417","498/28928",0.0823293172690763,1.68074981648542,3.47774078828505,0.000885094515766692,0.012813592032838,0.00993706624737921,"Adcy1/Add3/Adra1a/Agtr1b/Aox1/Aox4/Atp1a1/Bcl2/Bdnf/Cntnap2/Creb1/Cyp2j5/Dmd/Dpyd/Dusp6/Fos/Fosl2/Fzd1/Grin2a/Itgb3/Kcnk3/Kcnq3/Lyn/Map1b/N6amt1/Ncam1/Otc/Pam/Pax6/Pde3a/Pde4b/Plin2/Ptprm/Rph3al/Slc1a3/Snca/Ss18/Traf3ip2/Vav3/Vegfc/Ywhaz",41
"GO:1901655","cellular response to ketone","20/1417","187/28928",0.106951871657754,2.18341830862068,3.68461049129464,0.000897320485626069,0.0129556675491871,0.0100472472032325,"Adcy1/Adcy8/Agtr1b/Axin2/Creb1/Efna5/Epha5/Fos/Foxo1/Gnai1/Klf4/Klf9/Mir125b-2/Mstn/Nr3c1/Pax6/Prkd1/Sgk1/Smyd3/Tnc",20
"GO:0055117","regulation of cardiac muscle contraction","11/1417","74/28928",0.148648648648649,3.03465639245456,3.97729091171455,0.000915483827782191,0.0131398310676754,0.0101900678173802,"Adra1a/Adrb1/Atp1a1/Ctnna3/Dmd/Dsc2/Ehd3/Fgf13/Pde4d/Ryr2/Slc8a1",11
"GO:0140895","cell surface toll-like receptor signaling pathway","11/1417","74/28928",0.148648648648649,3.03465639245456,3.97729091171455,0.000915483827782191,0.0131398310676754,0.0101900678173802,"Ly96/Lyn/Map3k7/Nfkbia/Peli1/Pik3r1/Pja2/Rab11fip2/Tlr4/Traf3/Traf6",11
"GO:0002762","negative regulation of myeloid leukocyte differentiation","10/1417","63/28928",0.158730158730159,3.24047002946086,4.04023909800464,0.000919861567947488,0.0131398310676754,0.0101900678173802,"Cdk6/Fbxw7/Gpr68/Inpp4b/Lyn/Pik3r1/Runx1/Tmem178/Trib1/Zbtb46",10
"GO:1990090","cellular response to nerve growth factor stimulus","10/1417","63/28928",0.158730158730159,3.24047002946086,4.04023909800464,0.000919861567947488,0.0131398310676754,0.0101900678173802,"Bdnf/Elavl4/Magi2/Ntf3/Ntrk3/Parp1/Rapgef2/Sh3gl2/Tac1/Tmem108",10
"GO:0051590","positive regulation of neurotransmitter transport","7/1417","33/28928",0.212121212121212,4.33044631209769,4.34441687635191,0.000927125779448662,0.0131735252947586,0.0102161980208253,"Cacna1d/Gpr158/Micu3/Nlgn1/Prkn/Snca/Syt1",7
"GO:0099505","regulation of presynaptic membrane potential","7/1417","33/28928",0.212121212121212,4.33044631209769,4.34441687635191,0.000927125779448662,0.0131735252947586,0.0102161980208253,"Gabrb1/Grik2/Kcnh1/Kcnj3/Kcnj6/Kctd16/Kctd8",7
"GO:0014909","smooth muscle cell migration","15/1417","122/28928",0.122950819672131,2.51003621134468,3.79323049758132,0.000933655048253582,0.0132312962115303,0.0102609999331744,"Adamts1/Bcl2/Fat1/Itgb3/Map3k7/Nr4a3/Parva/Pde4d/Plxna1/Pparg/Rapgef4/Sema6d/Tacr1/Tlr4/Trib1",15
"GO:0007158","neuron cell-cell adhesion","4/1417","10/28928",0.4,8.16598447424136,5.14369454844252,0.000948942764402354,0.0133773532483072,0.0103742685971546,"Astn1/Astn2/Nlgn1/Tnr",4
"GO:0097104","postsynaptic membrane assembly","4/1417","10/28928",0.4,8.16598447424136,5.14369454844252,0.000948942764402354,0.0133773532483072,0.0103742685971546,"Cdh2/Lrp4/Magi2/Nlgn1",4
"GO:0051656","establishment of organelle localization","41/1417","500/28928",0.082,1.67402681721948,3.4504239465382,0.00095594772031764,0.0134408251461415,0.0104234916762108,"1700009N14Rik/Ahi1/Ap3b1/Cadps2/Cdk5rap2/Cenpc1/Cenpf/Clnk/Cplx2/Dipk2a/Dync1i1/Exoc4/Fnbp1l/Hif1a/Kif14/Kif18a/Lyn/Map1b/Mreg/Nlgn1/Nr4a3/Pard3/Pax6/Ppfia2/Prkn/Rims1/Sdc1/Sdcbp/Sec16b/Snap25/Snca/Spdl1/Spry2/Stard3nl/Sybu/Syne1/Syt6/Tacc1/Tspan9/Wdr11/Ywhaz",41
"GO:0014910","regulation of smooth muscle cell migration","14/1417","110/28928",0.127272727272727,2.59826778725861,3.81151299658181,0.000969977673620225,0.0135777935537206,0.0105297120191423,"Adamts1/Bcl2/Fat1/Itgb3/Map3k7/Nr4a3/Pde4d/Plxna1/Pparg/Rapgef4/Sema6d/Tacr1/Tlr4/Trib1",14
"GO:0014743","regulation of muscle hypertrophy","12/1417","86/28928",0.13953488372093,2.84859923520047,3.89639289606588,0.000970745247557013,0.0135777935537206,0.0105297120191423,"Adk/Adra1a/Adrb1/Foxo1/Jarid2/Mstn/Mtpn/Nr3c1/Nr4a3/Parp1/Pparg/Ppp3ca",12
"GO:0061351","neural precursor cell proliferation","23/1417","230/28928",0.1,2.04149611856034,3.59897800606219,0.000981683022916146,0.0136951156261886,0.0106206964365802,"Bdnf/Cdh2/Cdon/Cntnap2/Eml1/Fgf13/Fgfr1/Foxo1/Hhip/Hif1a/Kif14/Lyn/Nfia/Nfib/Ntrk3/Pax6/Ptbp2/Ptprz1/Rarb/Rassf10/Sox5/Tacc1/Vegfc",23
"GO:0061178","regulation of insulin secretion involved in cellular response to glucose stimulus","13/1417","98/28928",0.13265306122449,2.70810709604943,3.84405194789496,0.000985369915626127,0.0137109373492952,0.0106329663379672,"Adcy8/Cacna1d/Efna5/Epha5/Foxa2/Gpr68/Hif1a/Klf7/Myt1/Pde1c/Prkn/Sybu/Tiam1",13
"GO:0032350","regulation of hormone metabolic process","9/1417","53/28928",0.169811320754717,3.46669152208359,4.07920201973208,0.00099842609802659,0.0138209963208784,0.0107183181494607,"Atp1a1/Bmp2/Bmp5/Gata3/Hif1a/Kcnma1/Myt1/Nr3c1/Stc2",9
"GO:0060412","ventricular septum morphogenesis","9/1417","53/28928",0.169811320754717,3.46669152208359,4.07920201973208,0.00099842609802659,0.0138209963208784,0.0107183181494607,"Cited2/Fzd1/Robo1/Robo2/Slit3/Sox11/Sox4/Tgfb2/Zfpm2",9
"GO:1900744","regulation of p38MAPK cascade","8/1417","43/28928",0.186046511627907,3.79813231360063,4.1672516113539,0.00101739516705265,0.0140473764582,0.0108938781654102,"Bmp2/Gadd45g/Lep/Map3k5/Pja2/Rell1/Sash1/Stk39",8
"GO:1901654","response to ketone","29/1417","318/28928",0.0911949685534591,1.86174174334119,3.50683390302212,0.00103708753114254,0.0142468043444142,0.011048536446383,"Aard/Adcy1/Adcy8/Agtr1b/Axin2/Creb1/Efna5/Epha5/Fos/Foxo1/Gabrb1/Gnai1/Klf4/Klf9/Mbp/Mir125b-2/Mstn/Nr3c1/Pappa/Pax6/Prkd1/Sgk1/Slit3/Smyd3/Stk39/Tacr1/Tgfb2/Tnc/Yap1",29
"GO:0060048","cardiac muscle contraction","16/1417","136/28928",0.117647058823529,2.40176013948275,3.71869601206526,0.00103714401390169,0.0142468043444142,0.011048536446383,"Adra1a/Adrb1/Atp1a1/Cacna1d/Ctnna3/Dmd/Dsc2/Ehd3/Fgf13/Kcna5/Kcnn2/Nedd4l/Pde4d/Ryr2/Sgcd/Slc8a1",16
"GO:0051650","establishment of vesicle localization","21/1417","203/28928",0.103448275862069,2.11189253644173,3.60798106614051,0.00104023366992582,0.0142527934723764,0.0110531810738358,"Ahi1/Ap3b1/Cadps2/Dipk2a/Dync1i1/Exoc4/Fnbp1l/Mreg/Nlgn1/Ppfia2/Prkn/Rims1/Sdc1/Sdcbp/Sec16b/Snap25/Snca/Stard3nl/Sybu/Syt6/Wdr11",21
"GO:0019228","neuronal action potential","10/1417","64/28928",0.15625,3.18983768525053,3.98022010296151,0.00104308156223301,0.0142554480171844,0.0110552396993599,"Ank3/Chrnb4/Cntnap2/Fgf12/Grik2/Hcn1/Kcnd2/Kcnma1/Kcnq3/Rapgef4",10
"GO:0006704","glucocorticoid biosynthetic process","5/1417","17/28928",0.294117647058824,6.00440034870688,4.68412400673156,0.00105661323855161,0.0144037302138597,0.011170233996657,"Atp1a1/Bmp2/Bmp5/Hsd11b1/Nr3c1",5
"GO:2000243","positive regulation of reproductive process","14/1417","111/28928",0.126126126126126,2.57485996935538,3.77278871711431,0.00106089629118753,0.014425503746755,0.0111871195848876,"Adam7/Cited2/Dazl/Fam170b/Lhfpl2/Pde3a/Plb1/Plcb1/Runx1/Sema3a/Tac1/Tacr1/Unc5c/Zfpm2",14
"GO:0098696","regulation of neurotransmitter receptor localization to postsynaptic specialization membrane","6/1417","25/28928",0.24,4.89959068454481,4.42691314830381,0.00108307866356547,0.0146899381363893,0.0113921910465938,"Kalrn/Magi2/Nbea/Rapgef4/Tmem108/Traf6",6
"GO:0048511","rhythmic process","32/1417","364/28928",0.0879120879120879,1.79472186247063,3.46289859793942,0.00108716629727218,0.0147082372358914,0.0114063821776641,"Adamts1/Adcy1/Adrb1/Bdnf/Bhlhe41/Cipc/Cntnap2/Creb1/Dpyd/Fbxw7/Gabrb1/Grin2a/Kcnd2/Kcnh7/Kcnma1/Klf9/Lep/Lgr4/Mstn/Nampt/Nhlh2/Nlgn1/Noct/Nrip1/Ntrk3/Parp1/Pde4d/Pla2g4a/Pparg/Runx1/Schip1/Slit3",32
"GO:0050768","negative regulation of neurogenesis","18/1417","163/28928",0.110429447852761,2.25441289166172,3.64489948329958,0.00109799086579372,0.014817359146176,0.0114910072889335,"Bcl11a/Bdnf/Brinp1/Daam2/Dab1/Fgf13/Lrp4/Mbp/Ntrk3/Pax6/Ppp3ca/Rapgef2/Sema3a/Sema5a/Sema6d/Sox11/Tnr/Trpc6",18
"GO:0061138","morphogenesis of a branching epithelium","23/1417","232/28928",0.0991379310344828,2.02389701408999,3.55363666077355,0.00110313103537166,0.0148494155162435,0.0115158673182051,"Adamts16/Agtr1b/Angpt1/Bcl2/Bmp2/Celsr1/Col4a1/Csmd1/Eya1/Fgf1/Fgfr1/Foxa2/Hhip/Lgr4/Ntn4/Pbx1/Plxna1/Plxnd1/Sema3a/Sema5a/Spry2/Tnc/Yap1",23
"GO:1902473","regulation of protein localization to synapse","7/1417","34/28928",0.205882352941176,4.20308024409481,4.24118168786229,0.00111865819092734,0.0150207828586768,0.011648764372367,"Kalrn/Magi2/Nbea/Nlgn1/Rapgef4/Tmem108/Traf6",7
"GO:0051146","striated muscle cell differentiation","32/1417","365/28928",0.0876712328767123,1.78980481627208,3.44625758146043,0.00113712171610826,0.0152306252798441,0.0118114992273012,"Adgrb3/Adra1a/Adrb1/Bcl2/Bdnf/Bhlhe41/Bmp2/Cdh2/Cdon/Cntnap2/Dmd/Dock1/Efnb2/Fzd7/Hopx/Meis1/Mtpn/Myom2/Neb/Nebl/Nr3c1/Ppp3ca/Prkd1/Rarb/Rbm24/Sdc1/Sgcd/Slc8a1/Smyd3/Sox6/Tanc1/Xk",32
"GO:0140029","exocytic process","14/1417","112/28928",0.125,2.55187014820042,3.73448721683317,0.00115886183838115,0.0154832013282218,0.0120073744291024,"Cadps2/Cplx2/Efr3a/Erc2/Exoc4/Lyn/Ncam1/Nlgn1/Rims1/Rph3al/Snap25/Snca/Syt1/Ywhaz",14
"GO:0034142","toll-like receptor 4 signaling pathway","10/1417","65/28928",0.153846153846154,3.1407632593236,3.92137179435877,0.00117947549019501,0.015603356792703,0.0121005561698254,"Ly96/Lyn/Map3k7/Nfkbia/Peli1/Pik3r1/Rab11fip2/Tlr4/Traf3/Traf6",10
"GO:0043616","keratinocyte proliferation","10/1417","65/28928",0.153846153846154,3.1407632593236,3.92137179435877,0.00117947549019501,0.015603356792703,0.0121005561698254,"Cd109/Cdh13/Efnb2/Ift122/Ift57/Intu/Klf9/Prkd1/Ptprk/Yap1",10
"GO:1990089","response to nerve growth factor","10/1417","65/28928",0.153846153846154,3.1407632593236,3.92137179435877,0.00117947549019501,0.015603356792703,0.0121005561698254,"Bdnf/Elavl4/Magi2/Ntf3/Ntrk3/Parp1/Rapgef2/Sh3gl2/Tac1/Tmem108",10
"GO:2000630","positive regulation of miRNA metabolic process","10/1417","65/28928",0.153846153846154,3.1407632593236,3.92137179435877,0.00117947549019501,0.015603356792703,0.0121005561698254,"Atoh8/Bmp2/Fos/Gata3/Hif1a/Klf4/Nr3c1/Pax6/Pparg/Tgfb2",10
"GO:0097484","dendrite extension","8/1417","44/28928",0.181818181818182,3.71181112465516,4.08545604718199,0.00119078446191282,0.0157142588327611,0.0121865617891867,"Bcl11a/Bdnf/Nedd4l/Prkn/Rims1/Sh3gl2/Syt1/Tmem108",8
"GO:0016079","synaptic vesicle exocytosis","15/1417","125/28928",0.12,2.44979534227241,3.68660220868431,0.00119959276562764,0.0157916979024167,0.0122466165469261,"Cacna1d/Cadps2/Cplx2/Efr3a/Erc2/Kcnh1/Nlgn1/Ppfia2/Rims1/Rph3al/Snap25/Snca/Stxbp5l/Sv2b/Syt1",15
"GO:0014812","muscle cell migration","16/1417","138/28928",0.115942028985507,2.36695202151923,3.65304832021522,0.00121263825408414,0.0159244011312614,0.0123495292019326,"Adamts1/Bcl2/Fat1/Itgb3/Map3k7/Mstn/Nr4a3/Parva/Pde4d/Plxna1/Pparg/Rapgef4/Sema6d/Tacr1/Tlr4/Trib1",16
"GO:0006469","negative regulation of protein kinase activity","19/1417","178/28928",0.106741573033708,2.1791250703734,3.58124789865023,0.00121897415636717,0.0159685614484099,0.0123837759608341,"Adarb1/Bmp2/Fam72a/Gadd45g/Heg1/Lyn/Paqr3/Pparg/Prkag2/Ptprb/Ptprh/Ptprj/Ptpro/Ptprt/Shb/Slc8a1/Smyd3/Spry2/Trib1",19
"GO:0030902","hindbrain development","21/1417","206/28928",0.101941747572816,2.08113681989161,3.53419382662584,0.00125264820529299,0.0163697652326731,0.0126949134289778,"Bcl2/Bmp5/Cntn1/Cntnap2/Ctnna2/Dab1/Dlc1/En2/Foxa2/Foxp2/Grid2/Kif14/Mtpn/Myo16/Neurod2/Nfib/Nhlh2/Pax6/Plxna2/Pou4f1/Zbtb18",21
"GO:0033135","regulation of peptidyl-serine phosphorylation","14/1417","113/28928",0.123893805309735,2.52928722653493,3.69659954166795,0.00126429544606561,0.0164818709728601,0.0127818525295902,"Angpt1/Bcl2/Bdnf/Cnksr3/Dmd/Fnip2/Ntf3/Ntrk3/Paqr3/Pde4d/Prkd1/Smyd3/Snca/Spry2",14
"GO:0019933","cAMP-mediated signaling","11/1417","77/28928",0.142857142857143,2.91642302651477,3.82155172438469,0.00128059281220999,0.0166136811458451,0.012884072611022,"Adcy1/Adcy8/Creb1/Epha5/Gnai1/Oprm1/Pde1c/Pde3a/Pde4b/Pde4d/Rapgef2",11
"GO:0090278","negative regulation of peptide hormone secretion","11/1417","77/28928",0.142857142857143,2.91642302651477,3.82155172438469,0.00128059281220999,0.0166136811458451,0.012884072611022,"Foxo1/Irs1/Kalrn/Kcnj6/Klf7/Lep/Pde1c/Pparg/Ppp3ca/Prkn/Stxbp5l",11
"GO:0009791","post-embryonic development","16/1417","139/28928",0.115107913669065,2.34992358970974,3.62065155731828,0.0013093885716342,0.0169451914078466,0.0131411620693685,"Arid5b/Bcl2/Chst11/Foxp2/Gabrg2/Gata3/Heg1/Kcnj1/Klf4/Mecom/Mmut/Myt1/Nr4a2/Schip1/Slc8a1/Sox6",16
"GO:0150052","regulation of postsynapse assembly","9/1417","55/28928",0.163636363636364,3.34063001218965,3.94322531405428,0.00131245571135062,0.0169451914078466,0.0131411620693685,"Asic1/Dclk1/Dock1/Elmo1/Lrp4/Lzts1/Map1b/Nectin3/Syndig1",9
"GO:0006887","exocytosis","34/1417","399/28928",0.0852130325814536,1.73962075265793,3.37625854322209,0.00131918760741389,0.0169912629242686,0.0131768909820441,"Cacna1d/Cadps2/Clnk/Cplx2/Efr3a/Erc2/Exoc4/Il1rapl1/Kcnh1/Kcnq3/Lyn/Ncam1/Nlgn1/Nr4a3/Ppfia2/Prkn/Rab11fip2/Rab27b/Rab3c/Rapgef4/Rims1/Rph3al/Sdc1/Sdcbp/Snap25/Snca/Snx19/Stxbp5l/Sv2b/Syn2/Syt1/Syt6/Tspan18/Ywhaz",34
"GO:0007271","synaptic transmission, cholinergic","7/1417","35/28928",0.2,4.08299223712068,4.14184239413033,0.00133988381747946,0.0171754558083107,0.0133197343694667,"Chrm3/Chrnb4/Dmd/Lama2/Nalcn/Tac1/Tacr1",7
"GO:0097107","postsynaptic density assembly","7/1417","35/28928",0.2,4.08299223712068,4.14184239413033,0.00133988381747946,0.0171754558083107,0.0133197343694667,"Fgfr1/Grid2/Nlgn1/Nrxn3/Ntrk3/Ptprd/Slitrk3",7
"GO:0045822","negative regulation of heart contraction","6/1417","26/28928",0.230769230769231,4.7111448889854,4.29649262184341,0.00135018555236665,0.0172663014327649,0.0133901860418918,"Adra1a/Atp1a1/Chrm3/Pde4d/Pik3r1/Tac1",6
"GO:0048872","homeostasis of number of cells","36/1417","431/28928",0.0835266821345708,1.70519397373949,3.34758097280023,0.00137548275294339,0.0175480234348194,0.0136086642165196,"Ap3b1/Bcl2/Brinp1/Cadps2/Cd47/Cdh2/Cdk6/Cited2/Diaph3/Emcn/Fosl2/Gata3/Gpam/Hif1a/Il7/Ildr2/Jam3/Klf13/Lgr4/Lyn/Mecom/Mir122/Nbea/Pde4b/Plcb1/Rag1/Rps24/Slc7a11/Smarca2/Sox4/Sox6/Stat1/Tgfb2/Traf3ip2/Tspan9/Zbtb18",36
"GO:0010613","positive regulation of cardiac muscle hypertrophy","8/1417","45/28928",0.177777777777778,3.62932643299616,4.00601940531595,0.00138691878350156,0.0176102619058792,0.0136569307610195,"Adk/Adra1a/Adrb1/Mtpn/Nr3c1/Nr4a3/Parp1/Ppp3ca",8
"GO:1904861","excitatory synapse assembly","8/1417","45/28928",0.177777777777778,3.62932643299616,4.00601940531595,0.00138691878350156,0.0176102619058792,0.0136569307610195,"Cntnap2/Fgfr1/Grid2/Nlgn1/Nrxn3/Ntrk3/Ptprd/Slitrk3",8
"GO:0021781","glial cell fate commitment","5/1417","18/28928",0.277777777777778,5.6708225515565,4.49872047683426,0.00140436997052935,0.0177550950792144,0.0137692503069018,"Nfia/Nfib/Ntf3/Pax6/Sox6",5
"GO:0050905","neuromuscular process","22/1417","222/28928",0.0990990990990991,2.02310426163637,3.47290957096161,0.00140493677316442,0.0177550950792144,0.0137692503069018,"Adarb1/Clrn1/Cntnap2/Csmd1/Ctnna2/Dmd/Fgf12/Get1/Grid2/Grin2a/Jph3/Jph4/Kcnh1/Kcnma1/Mdga2/Nr4a3/Parp1/Pou4f1/Prkd1/Prkn/Slc1a3/Tnr",22
"GO:0051209","release of sequestered calcium ion into cytosol","16/1417","140/28928",0.114285714285714,2.33313842121182,3.58853304948371,0.00141256470630579,0.0178095892900667,0.0138115111016852,"Asph/Chd7/Dmd/Ghitm/Itgb3/Itpr2/Jph3/Lyn/Pde4d/Plcb1/Plcb4/Prkd1/Ryr2/Slc8a1/Snca/Tgfb2",16
"GO:0002763","positive regulation of myeloid leukocyte differentiation","11/1417","78/28928",0.141025641025641,2.8790329877133,3.7713099903904,0.00142602407758111,0.0178226796582386,0.013821662810542,"Creb1/Dcstamp/Fos/Gpr68/Itgb3/Pou4f1/Ppp3ca/Runx1/Tmem64/Traf6/Trib1",11
"GO:0032623","interleukin-2 production","11/1417","78/28928",0.141025641025641,2.8790329877133,3.7713099903904,0.00142602407758111,0.0178226796582386,0.013821662810542,"Cd276/Cd83/Fosl2/Gata3/Gpam/Map3k7/Nav3/Pde4b/Pde4d/Runx1/Traf6",11
"GO:1902893","regulation of miRNA transcription","11/1417","78/28928",0.141025641025641,2.8790329877133,3.7713099903904,0.00142602407758111,0.0178226796582386,0.013821662810542,"Atoh8/Bmp2/Fos/Gata3/Hif1a/Klf4/Nfib/Nr3c1/Pax6/Pparg/Tgfb2",11
"GO:0043406","positive regulation of MAP kinase activity","13/1417","102/28928",0.127450980392157,2.60190681777298,3.67814273830415,0.00143256636507483,0.0178226796582386,0.013821662810542,"Epha4/Fgf1/Fgfr1/Fzd8/Map3k5/Map3k7/Nek10/Ntf3/Ntrk3/Robo1/Sash1/Tlr4/Traf6",13
"GO:0031943","regulation of glucocorticoid metabolic process","4/1417","11/28928",0.363636363636364,7.42362224931032,4.83596504704029,0.00143351286768927,0.0178226796582386,0.013821662810542,"Atp1a1/Bmp2/Bmp5/Nr3c1",4
"GO:0060600","dichotomous subdivision of an epithelial terminal unit","4/1417","11/28928",0.363636363636364,7.42362224931032,4.83596504704029,0.00143351286768927,0.0178226796582386,0.013821662810542,"Celsr1/Plxna1/Plxnd1/Sema3a",4
"GO:0072175","epithelial tube formation","18/1417","167/28928",0.107784431137725,2.20041497808899,3.53078346979436,0.00144899842218724,0.0179736039851447,0.013938706105737,"Bmp5/Cdk20/Celsr1/Cited2/Cobl/Dlc1/Gata3/Hif1a/Ift122/Ift57/Irx2/Lmo4/Map3k7/Mthfd1l/Osr1/Tgfb2/Traf6/Zic5",18
"GO:0032411","positive regulation of transporter activity","12/1417","90/28928",0.133333333333333,2.72199482474712,3.71324805590815,0.00145392289702236,0.0179931333638412,0.0139538513303844,"Akap7/Ank3/Asph/Cnksr3/Dmd/Ehd3/Fgf13/Lrrc55/Nedd4l/Plcb1/Stk39/Trpc6",12
"GO:0043542","endothelial cell migration","23/1417","237/28928",0.0970464135021097,1.98119876484759,3.44224483993963,0.00146478173732065,0.0180858453129867,0.0140257503559052,"Angpt1/Atoh8/Bmper/Cdh13/Efnb2/Fbxw7/Fgf1/Fgfr1/Gata3/Hif1a/Itgb3/Klf4/Plk2/Plxnd1/Pparg/Prkd1/Ptprm/Rhoj/Robo1/Sash1/Sema5a/Tns3/Vegfc",23
"GO:0031646","positive regulation of nervous system process","9/1417","56/28928",0.160714285714286,3.28097590482912,3.87757057491254,0.00149687001660642,0.0184277262276728,0.0142908823570836,"Chrnb4/Cntnap2/Grin2a/Pard3/Rapgef4/Rims1/Tac1/Tenm4/Tnr",9
"GO:0014020","primary neural tube formation","14/1417","115/28928",0.121739130434783,2.4852996225952,3.62203118957147,0.00149933278002104,0.0184277262276728,0.0142908823570836,"Bmp5/Cdk20/Celsr1/Cited2/Cobl/Dlc1/Hif1a/Ift122/Ift57/Lmo4/Mthfd1l/Tgfb2/Traf6/Zic5",14
"GO:0008406","gonad development","27/1417","296/28928",0.0912162162162162,1.86217551355166,3.38375672341494,0.00150972989190683,0.0184947959110305,0.0143428955540863,"Adam30/Adam34/Adamts1/Angpt1/Arid5b/Bcl2/Cited2/Csmd1/Fer/Fndc3a/Gata3/Immp2l/Kif18a/Lep/Nhlh2/Nobox/Nrip1/Osr1/Pde4d/Pla2g4a/Runx1/Schip1/Sdc1/Sema3a/Slit3/Tgfb2/Zfpm2",27
"GO:0060348","bone development","24/1417","252/28928",0.0952380952380952,1.94428201767651,3.41685176772282,0.00151167667193119,0.0184947959110305,0.0143428955540863,"Axin2/Bmp2/Cadm1/Cited2/Col9a1/Dmd/Epyc/Fbxw7/Fosl2/Frem1/Gpr68/Lep/Map3k7/Nab1/Pappa2/Phex/Rarb/Ripply2/Sema4d/Snx10/Sp5/Sulf2/Tapt1/Xylt1",24
"GO:0051283","negative regulation of sequestering of calcium ion","16/1417","141/28928",0.113475177304965,2.31659134021031,3.55668809398798,0.00152249825418271,0.018584859370944,0.0144127406502416,"Asph/Chd7/Dmd/Ghitm/Itgb3/Itpr2/Jph3/Lyn/Pde4d/Plcb1/Plcb4/Prkd1/Ryr2/Slc8a1/Snca/Tgfb2",16
"GO:0001704","formation of primary germ layer","15/1417","128/28928",0.1171875,2.3923782639379,3.58302146911159,0.00152654293621542,0.0185919775746327,0.0144182608869899,"Atoh8/Cdc73/Crb2/Elf5/Eomes/Ets2/Exoc4/Eya1/Fgfr1/Foxa2/Fzd7/Itgb3/Lama3/Lamb3/Nr4a3",15
"GO:0002752","cell surface pattern recognition receptor signaling pathway","11/1417","79/28928",0.139240506329114,2.84258953217262,3.7218614140895,0.00158471243544323,0.0191326942044334,0.0148375919346477,"Ly96/Lyn/Map3k7/Nfkbia/Peli1/Pik3r1/Pja2/Rab11fip2/Tlr4/Traf3/Traf6",11
"GO:0002792","negative regulation of peptide secretion","11/1417","79/28928",0.139240506329114,2.84258953217262,3.7218614140895,0.00158471243544323,0.0191326942044334,0.0148375919346477,"Foxo1/Irs1/Kalrn/Kcnj6/Klf7/Lep/Pde1c/Pparg/Ppp3ca/Prkn/Stxbp5l",11
"GO:0032835","glomerulus development","11/1417","79/28928",0.139240506329114,2.84258953217262,3.7218614140895,0.00158471243544323,0.0191326942044334,0.0148375919346477,"Angpt1/Basp1/Bcl2/Itgb3/Lgr4/Magi2/Osr1/Ppp3ca/Prom1/Ptpro/Sulf2",11
"GO:0048863","stem cell differentiation","27/1417","297/28928",0.0909090909090909,1.85590556232758,3.36487743233421,0.00158518877694524,0.0191326942044334,0.0148375919346477,"Bcl2/Cdh2/Cdk6/Cited2/Eomes/Erbb4/Fgfr1/Fzd1/Hif1a/Jarid2/Mir125b-2/Mir137/Mllt3/Osr1/Pax6/Rbm24/Sema3a/Sema4d/Sema5a/Sema6d/Sox5/Sox6/Tapt1/Tgfb2/Yap1/Zic3/Zic5",27
"GO:0006942","regulation of striated muscle contraction","12/1417","91/28928",0.131868131868132,2.69208279370594,3.66902525541575,0.00160155625221156,0.0191480622585675,0.0148495100112988,"Adra1a/Adrb1/Atp1a1/Ctnna3/Dmd/Dsc2/Ehd3/Fgf13/Pde4d/Prkd1/Ryr2/Slc8a1",12
"GO:0007431","salivary gland development","8/1417","46/28928",0.173913043478261,3.55042803227885,3.92881692157706,0.00160785255606292,0.0191480622585675,0.0148495100112988,"Fgfr1/Nfib/Ntn4/Pax6/Plxna1/Plxnd1/Sema3a/Tgfb2",8
"GO:0007616","long-term memory","8/1417","46/28928",0.173913043478261,3.55042803227885,3.92881692157706,0.00160785255606292,0.0191480622585675,0.0148495100112988,"Adcy1/Adcy8/Calb1/Pja2/Sgk1/Snap25/Tac1/Tacr1",8
"GO:0014742","positive regulation of muscle hypertrophy","8/1417","46/28928",0.173913043478261,3.55042803227885,3.92881692157706,0.00160785255606292,0.0191480622585675,0.0148495100112988,"Adk/Adra1a/Adrb1/Mtpn/Nr3c1/Nr4a3/Parp1/Ppp3ca",8
"GO:0038179","neurotrophin signaling pathway","8/1417","46/28928",0.173913043478261,3.55042803227885,3.92881692157706,0.00160785255606292,0.0191480622585675,0.0148495100112988,"Bdnf/Dok5/Magi2/Ntf3/Ntrk3/Rapgef2/Spry2/Tmem108",8
"GO:0098698","postsynaptic specialization assembly","8/1417","46/28928",0.173913043478261,3.55042803227885,3.92881692157706,0.00160785255606292,0.0191480622585675,0.0148495100112988,"Fgfr1/Gap43/Grid2/Nlgn1/Nrxn3/Ntrk3/Ptprd/Slitrk3",8
"GO:0016055","Wnt signaling pathway","38/1417","467/28928",0.0813704496788009,1.66117457184781,3.26913563597477,0.00164690654311508,0.0195528765166651,0.0151634474372985,"Amer2/Axin2/Bmp2/Cdc73/Cdh2/Cdk14/Crbn/Daam2/Dact1/Dkk2/Foxo1/Fzd1/Fzd7/Fzd8/Gata3/Klf4/Lgr4/Lrp4/Mitf/Mllt3/Ndp/Prkn/Ptpro/Rbms3/Ror1/Scel/Sdc1/Sema5a/Sox4/Sulf2/Tbl1xr1/Tiam1/Tle1/Tle4/Tmem64/Wwox/Yap1/Znrf3",38
"GO:0001841","neural tube formation","15/1417","129/28928",0.116279069767442,2.37383269600039,3.54914247417813,0.00165085974081816,0.0195528765166651,0.0151634474372985,"Bmp5/Cdk20/Celsr1/Cited2/Cobl/Dlc1/Hif1a/Ift122/Ift57/Lmo4/Map3k7/Mthfd1l/Tgfb2/Traf6/Zic5",15
"GO:0043491","phosphatidylinositol 3-kinase/protein kinase B signal transduction","30/1417","343/28928",0.0874635568513119,1.78556511827435,3.3215713609145,0.00165276595393148,0.0195528765166651,0.0151634474372985,"Angpt1/Bank1/Cntnap2/Dipk2a/Erbb4/Fer/Fgfr1/Gata3/Inpp4b/Irs1/Klf4/Lep/Magi2/Mir205/Mstn/Myo16/Ndp/Ntrk3/Pik3c3/Pik3r1/Prkd1/Pros1/Ptprj/Ror1/Sema4d/Sema5a/Sesn1/Spry2/Tgfb2/Vav3",30
"GO:0001956","positive regulation of neurotransmitter secretion","6/1417","27/28928",0.222222222222222,4.5366580412452,4.17255386219218,0.00166474431165643,0.0196082054778655,0.0152063555891609,"Cacna1d/Gpr158/Micu3/Nlgn1/Snca/Syt1",6
"GO:0050927","positive regulation of positive chemotaxis","6/1417","27/28928",0.222222222222222,4.5366580412452,4.17255386219218,0.00166474431165643,0.0196082054778655,0.0152063555891609,"Cdh13/Il16/Ntf3/Ntrk3/Scg2/Vegfc",6
"GO:0034331","cell junction maintenance","10/1417","68/28928",0.147058823529412,3.00220017435344,3.75143324084012,0.0016782197571838,0.0196806076764938,0.0152625042040365,"Adgrb3/Adgrl3/Cadm1/Cntnap2/Dlg2/Erc2/Itgb3/Nlgn1/Rims1/Sema3a",10
"GO:0061337","cardiac conduction","10/1417","68/28928",0.147058823529412,3.00220017435344,3.75143324084012,0.0016782197571838,0.0196806076764938,0.0152625042040365,"Cacna1d/Ctnna3/Dsc2/Ehd3/Kcna5/Kcnn2/Pde4d/Ryr2/Slc4a3/Slc8a1",10
"GO:0071326","cellular response to monosaccharide stimulus","20/1417","197/28928",0.101522842639594,2.07258489193943,3.42825289824331,0.00169663088045035,0.0198531687557709,0.0153963270128243,"Adcy8/Cacna1d/Efna5/Epha5/Foxa2/Gpr68/Hif1a/Klf7/Lep/Myt1/Pax6/Pde1c/Plcb1/Ppp3ca/Prkn/Rab11fip2/Sox4/Sybu/Tiam1/Zbtb20",20
"GO:0003179","heart valve morphogenesis","9/1417","57/28928",0.157894736842105,3.22341492404264,3.81338334422359,0.00170152782438337,0.0198671868364415,0.0154071981718192,"Axin2/Bmp2/Gata3/Robo1/Robo2/Slit3/Sox4/Tgfb2/Zfpm2",9
"GO:0003231","cardiac ventricle development","17/1417","156/28928",0.108974358974359,2.22470730868755,3.48091178588967,0.00171967263239054,0.020035491775639,0.0155377203022476,"Chd7/Cited2/Fzd1/Gata3/Heg1/Hif1a/Lmo4/Pou4f1/Robo1/Robo2/Ryr2/Slit3/Sox11/Sox4/Tgfb2/Xirp2/Zfpm2",17
"GO:0006936","muscle contraction","29/1417","329/28928",0.088145896656535,1.79949505891337,3.30995236440239,0.00174133042987358,0.0202439085256515,0.0156993495352238,"Adra1a/Adrb1/Atp1a1/Atp2b1/Cacna1d/Cald1/Chrm3/Chrnb4/Ctnna3/Dmd/Dsc2/Ehd3/Eno1b/Fgf13/Kcna5/Kcnd2/Kcnma1/Kcnn2/Myom2/Nedd4l/Pde4d/Prkd1/Rap1gds1/Ryr2/Setd3/Sgcd/Slc8a1/Sulf2/Tacr1",29
"GO:0051896","regulation of phosphatidylinositol 3-kinase/protein kinase B signal transduction","27/1417","299/28928",0.0903010033444816,1.84349147829863,3.32733584530819,0.00174589186280968,0.0202530997735439,0.0157064774380764,"Angpt1/Bank1/Cntnap2/Dipk2a/Erbb4/Fer/Fgfr1/Gata3/Inpp4b/Irs1/Klf4/Lep/Magi2/Mir205/Mstn/Ndp/Ntrk3/Prkd1/Pros1/Ptprj/Ror1/Sema4d/Sema5a/Sesn1/Spry2/Tgfb2/Vav3",27
"GO:0061614","miRNA transcription","11/1417","80/28928",0.1375,2.80705716302047,3.67318214165051,0.00175754432913658,0.0202797624336208,0.0157271545923698,"Atoh8/Bmp2/Fos/Gata3/Hif1a/Klf4/Nfib/Nr3c1/Pax6/Pparg/Tgfb2",11
"GO:0019229","regulation of vasoconstriction","12/1417","92/28928",0.130434782608696,2.66282102420914,3.62539512711677,0.00176130714349666,0.0202797624336208,0.0157271545923698,"Add3/Adra1a/Agtr1b/Atp2b1/Chrm3/Hif1a/Hrh2/Kcna5/Lep/Mgll/Svep1/Tacr1",12
"GO:0072088","nephron epithelium morphogenesis","12/1417","92/28928",0.130434782608696,2.66282102420914,3.62539512711677,0.00176130714349666,0.0202797624336208,0.0157271545923698,"Adamts16/Agtr1b/Bcl2/Bmp2/Eya1/Fgf1/Gata3/Irx2/Lgr4/Osr1/Pbx1/Stat1",12
"GO:0051282","regulation of sequestering of calcium ion","16/1417","143/28928",0.111888111888112,2.28419146132625,3.49380059336069,0.00176401984916319,0.0202797624336208,0.0157271545923698,"Asph/Chd7/Dmd/Ghitm/Itgb3/Itpr2/Jph3/Lyn/Pde4d/Plcb1/Plcb4/Prkd1/Ryr2/Slc8a1/Snca/Tgfb2",16
"GO:0030178","negative regulation of Wnt signaling pathway","18/1417","170/28928",0.105882352941176,2.16158412553448,3.44730114572716,0.00177084501608046,0.0202797624336208,0.0157271545923698,"Amer2/Axin2/Bmp2/Cdh2/Dact1/Dkk2/Foxo1/Fzd1/Lrp4/Mllt3/Prkn/Ptpro/Rbms3/Tle1/Tle4/Tmem64/Wwox/Znrf3",18
"GO:0050680","negative regulation of epithelial cell proliferation","18/1417","170/28928",0.105882352941176,2.16158412553448,3.44730114572716,0.00177084501608046,0.0202797624336208,0.0157271545923698,"Atoh8/Cd109/Cdc73/Cdk6/Efnb2/Gata3/Ift122/Ift57/Intu/Klf9/Nfib/Pax6/Pparg/Ptprk/Ptprm/Robo1/Stat1/Tgfb2",18
"GO:0018105","peptidyl-serine phosphorylation","21/1417","212/28928",0.0990566037735849,2.02223672121543,3.3903213957902,0.0017904908599596,0.0204611200188149,0.0158677991777383,"Angpt1/Bcl2/Bdnf/Cnksr3/Dclk1/Dclk2/Dmd/Fnip2/Mapkapk3/Myo3b/Nek6/Ntf3/Ntrk3/Paqr3/Pde4d/Plk2/Prkd1/Smyd3/Snca/Spry2/Stk39",21
"GO:0019722","calcium-mediated signaling","23/1417","241/28928",0.0954356846473029,1.94831579779617,3.35507609375427,0.00182312041222663,0.0207321515859484,0.0160779868152746,"Ackr3/Agtr1b/Cacna1d/Cdh13/Chrm3/Dmd/Exoc4/Grik2/Grin2a/Itpr2/Mcu/Ncald/Ncam1/Neurod2/Ppp3ca/Prkd1/Ptprj/Rcan2/Rit2/Ryr2/Sgcd/Slc8a1/Tox3",23
"GO:0007398","ectoderm development","5/1417","19/28928",0.263157894736842,5.37235820673773,4.32672641315905,0.00182964808261767,0.0207321515859484,0.0160779868152746,"Amer2/Elf5/Ets2/Foxa2/Fzd7",5
"GO:0010470","regulation of gastrulation","5/1417","19/28928",0.263157894736842,5.37235820673773,4.32672641315905,0.00182964808261767,0.0207321515859484,0.0160779868152746,"Crb2/Foxa2/Osr1/Phldb2/Tenm4",5
"GO:2000696","regulation of epithelial cell differentiation involved in kidney development","5/1417","19/28928",0.263157894736842,5.37235820673773,4.32672641315905,0.00182964808261767,0.0207321515859484,0.0160779868152746,"Gata3/Osr1/Prom1/Stat1/Yap1",5
"GO:1903429","regulation of cell maturation","7/1417","37/28928",0.189189189189189,3.86228995403307,3.95381764894045,0.00188373778121581,0.0213001171008634,0.0165184496404897,"Adam7/Bcl11a/Bcl2/Grb14/Kif14/Runx1/Shb",7
"GO:0001649","osteoblast differentiation","23/1417","242/28928",0.0950413223140496,1.94026490606974,3.3335451946831,0.00192356966546016,0.0217048165403079,0.0168322980234982,"Axin2/Bmp2/Cd276/Cdk6/Fgfr1/Fndc3b/Fosl2/Fzd1/Lgr4/Map3k7/Mir137/Mir204/Mir205/Noct/Pparg/Ppp3ca/Prkd1/Sema4d/Sox11/Tmem64/Vegfc/Wwox/Yap1",23
"GO:0042552","myelination","20/1417","200/28928",0.1,2.04149611856034,3.3543115067039,0.00203099152086561,0.0226497228573367,0.017565082136323,"Arhgef10/Cdh2/Cntn1/Cntnap2/Fa2h/Jam3/Kif14/Mbp/Mir204/Mpdz/Nab1/Ndrg1/Ntf3/Ntrk3/Pard3/Ptprz1/Rarb/Sh3tc2/Tenm4/Xk",20
"GO:0003181","atrioventricular valve morphogenesis","6/1417","28/28928",0.214285714285714,4.37463453977215,4.0545277393488,0.0020319460566537,0.0226497228573367,0.017565082136323,"Axin2/Bmp2/Slit3/Sox4/Tgfb2/Zfpm2",6
"GO:0098901","regulation of cardiac muscle cell action potential","6/1417","28/28928",0.214285714285714,4.37463453977215,4.0545277393488,0.0020319460566537,0.0226497228573367,0.017565082136323,"Ctnna3/Dsc2/Fgf13/Ryr2/Slc4a3/Tmem161b",6
"GO:1903523","negative regulation of blood circulation","6/1417","28/28928",0.214285714285714,4.37463453977215,4.0545277393488,0.0020319460566537,0.0226497228573367,0.017565082136323,"Adra1a/Atp1a1/Chrm3/Pde4d/Pik3r1/Tac1",6
"GO:1904862","inhibitory synapse assembly","6/1417","28/28928",0.214285714285714,4.37463453977215,4.0545277393488,0.0020319460566537,0.0226497228573367,0.017565082136323,"Clstn2/Cntnap2/Fgf13/Gabrb2/Gabrg2/Sema4d",6
"GO:0046888","negative regulation of hormone secretion","13/1417","106/28928",0.122641509433962,2.50372165483815,3.51999271092544,0.00203656191021975,0.0226497228573367,0.017565082136323,"Foxo1/Irs1/Kalrn/Kcnj6/Klf7/Lep/Npvf/Oprm1/Pde1c/Pparg/Ppp3ca/Prkn/Stxbp5l",13
"GO:0051208","sequestering of calcium ion","16/1417","145/28928",0.110344827586207,2.25268537220451,3.43195364206172,0.00203683041148643,0.0226497228573367,0.017565082136323,"Asph/Chd7/Dmd/Ghitm/Itgb3/Itpr2/Jph3/Lyn/Pde4d/Plcb1/Plcb4/Prkd1/Ryr2/Slc8a1/Snca/Tgfb2",16
"GO:0032224","positive regulation of synaptic transmission, cholinergic","4/1417","12/28928",0.333333333333333,6.8049870618678,4.56463657270341,0.00206723947024502,0.0228459736516173,0.0177172765513527,"Lama2/Nalcn/Tac1/Tacr1",4
"GO:0051971","positive regulation of transmission of nerve impulse","4/1417","12/28928",0.333333333333333,6.8049870618678,4.56463657270341,0.00206723947024502,0.0228459736516173,0.0177172765513527,"Chrnb4/Cntnap2/Rapgef4/Tnr",4
"GO:1905941","positive regulation of gonad development","4/1417","12/28928",0.333333333333333,6.8049870618678,4.56463657270341,0.00206723947024502,0.0228459736516173,0.0177172765513527,"Cited2/Runx1/Sema3a/Zfpm2",4
"GO:0061387","regulation of extent of cell growth","14/1417","119/28928",0.117647058823529,2.40176013948275,3.47749512295269,0.00207936945087245,0.0229328404941189,0.0177846426393651,"Barhl2/Bcl11a/Bdnf/Cdh4/Efna5/Fgf13/Map1b/Mgll/Ntrk3/Sema3a/Sema4d/Sema5a/Sema6d/Tnr",14
"GO:0090287","regulation of cellular response to growth factor stimulus","29/1417","333/28928",0.0870870870870871,1.77787950265014,3.24020754261891,0.00208415501463646,0.0229385175893697,0.017789045282391,"Angpt1/Bmp2/Bmper/Cd109/Chst11/Cited2/Crb2/Dmd/Dok5/Elapor2/Fgf1/Fstl5/Fzd1/Gata3/Hhip/Hif1a/Ldlrad4/Nrep/Pparg/Rasl11b/Robo1/Sdcbp/Sox11/Spry2/Sulf2/Tcf4/Tmem108/Vegfc/Vwc2l",29
"GO:0042551","neuron maturation","10/1417","70/28928",0.142857142857143,2.91642302651477,3.64326465368038,0.00209666092800644,0.0230289690067947,0.0178591912434001,"Adgrb3/Ank3/Bcl11a/Bcl2/Cntnap2/Dlg2/Kcnma1/Kcnq3/Nr4a2/Ntn4",10
"GO:0051348","negative regulation of transferase activity","21/1417","215/28928",0.0976744186046512,1.99401946464033,3.32015430168707,0.00212590553081867,0.0233025277674022,0.0180713387442524,"Adarb1/Bmp2/Fam72a/Gadd45g/Heg1/Lyn/Mstn/Paqr3/Pparg/Prkag2/Prkn/Ptprb/Ptprh/Ptprj/Ptpro/Ptprt/Shb/Slc8a1/Smyd3/Spry2/Trib1",21
"GO:0010043","response to zinc ion","8/1417","48/28928",0.166666666666667,3.4024935309339,3.78066055053083,0.00213277321622374,0.0233301933693232,0.0180927936897788,"Creb1/Gabrg2/Grin2a/Kcnk3/Otc/Pam/Slc30a5/Slc30a8",8
"GO:0051056","regulation of small GTPase mediated signal transduction","23/1417","244/28928",0.0942622950819672,1.92436109536425,3.29078985123036,0.00213866667810555,0.0233471112359856,0.0181059136612402,"Abra/Adra1a/Arhgef3/Cdh2/Cdon/Dgki/Dlc1/Dock9/Grin2a/Heg1/Kif14/Lrp4/Prag1/Psd2/Psd3/Ralgapa2/Rasa2/Rit2/Robo1/Sema4d/Spry2/Tgfb2/Tns3",23
"GO:0031644","regulation of nervous system process","18/1417","173/28928",0.104046242774566,2.12410000775064,3.36553995578781,0.00215096568405653,0.0234208289379174,0.0181630824618251,"Celf4/Chrnb4/Cntnap2/Dlgap2/Fgf12/Grik2/Grin2a/Mgll/Nlgn1/Pard3/Plk2/Prkn/Rapgef4/Rims1/Tac1/Tenm4/Tmem108/Tnr",18
"GO:0048660","regulation of smooth muscle cell proliferation","20/1417","201/28928",0.0995024875621891,2.03133942145307,3.32995177742673,0.00215414066194958,0.0234208289379174,0.0181630824618251,"Abcc4/Adamts1/Bmp2/Cdh13/Hif1a/Itgb3/Klf4/Map3k5/Map3k7/Nampt/Nr4a3/Pde4d/Pik3r1/Pparg/Stat1/Tacr1/Tlr4/Traf6/Trib1/Vipr2",20
"GO:0050771","negative regulation of axonogenesis","9/1417","59/28928",0.152542372881356,3.11414662153272,3.68917004385994,0.00217787167478508,0.0235833644461102,0.0182891303419452,"Bcl11a/Dab1/Fgf13/Lrp4/Mbp/Sema3a/Sema5a/Sema6d/Tnr",9
"GO:1902305","regulation of sodium ion transmembrane transport","9/1417","59/28928",0.152542372881356,3.11414662153272,3.68917004385994,0.00217787167478508,0.0235833644461102,0.0182891303419452,"Ank3/Cnksr3/Dmd/Fgf12/Fgf13/Nedd4l/Osr1/Plcb1/Stk39",9
"GO:0042692","muscle cell differentiation","39/1417","491/28928",0.0794297352342159,1.62155496178927,3.15254888192351,0.00221706408110539,0.0239594591139177,0.0185807954441047,"Adgrb3/Adra1a/Adrb1/Bcl2/Bdnf/Bhlhe41/Bmp2/Cdh2/Cdon/Cntnap2/Dmd/Dock1/Efnb2/Fzd7/Hopx/Lama2/Meis1/Mtpn/Myom2/Neb/Nebl/Nr3c1/Ntf3/Ppp3ca/Prdm6/Prkd1/Rarb/Rbm24/Sdc1/Setd3/Sgcd/Slc8a1/Smarca2/Smyd3/Sox6/Svil/Syne1/Tanc1/Xk",39
"GO:0032024","positive regulation of insulin secretion","14/1417","120/28928",0.116666666666667,2.38174547165373,3.44227492496912,0.00225024669879196,0.024269226946208,0.018821023435045,"Adcy8/Cacna1d/Chrm3/Gpr68/Hif1a/Mcu/Plcb1/Prkn/Rapgef4/Rph3al/Slc30a8/Snap25/Sox4/Sybu",14
"GO:0007015","actin filament organization","38/1417","476/28928",0.0798319327731092,1.62976580893472,3.14419584296357,0.00229676534004915,0.0247053768500759,0.0191592619615577,"Add3/Arhgef10/Bcl2/Cald1/Cd47/Clrn1/Cobl/Ctnna2/Daam2/Diaph2/Diaph3/Dlc1/Elmo1/Fat1/Fer/Fhdc1/Gas7/Gpr65/Iqgap2/Itgb5/Kank4/Marcks/Mical2/Mtpn/Neb/Nebl/Phldb2/Pik3r1/Prkn/Rhoj/Sema5a/Svil/Tac1/Tacr1/Tmeff2/Ttc8/Wipf3/Xirp2",38
"GO:0002768","immune response-regulating cell surface receptor signaling pathway","28/1417","320/28928",0.0875,1.7863091037403,3.21002177888668,0.00229988613387413,0.0247053768500759,0.0191592619615577,"Bcl2/Cd276/Cd47/Fer/Fosl2/Fyb2/Gata3/Ly96/Lyn/Map3k7/Nfkbia/Nr4a3/Pde4b/Pde4d/Peli1/Pigr/Pik3r1/Pja2/Plcl2/Ptprj/Rab11fip2/Rftn1/Shb/Tlr4/Traf3/Traf6/Usp46/Vav3",28
"GO:0048644","muscle organ morphogenesis","12/1417","95/28928",0.126315789473684,2.57873193923411,3.49791068731048,0.00232075628999725,0.0248596916796187,0.0192789346247883,"Adarb1/Angpt1/Arid5b/Bmp2/Chd7/Fzd1/Heg1/Pou4f1/Ryr2/Tgfb2/Xirp2/Zfpm2",12
"GO:0045744","negative regulation of G protein-coupled receptor signaling pathway","10/1417","71/28928",0.140845070422535,2.87534664585963,3.59061280336491,0.00233528948487907,0.0248596916796187,0.0192789346247883,"Grk3/Inpp5a/Oprm1/Pde3a/Pde4d/Ppp3ca/Robo1/Rph3al/Slit3/Snca",10
"GO:0003215","cardiac right ventricle morphogenesis","5/1417","20/28928",0.25,5.10374029640085,4.16647977589986,0.00234202271269541,0.0248596916796187,0.0192789346247883,"Chd7/Gata3/Sox4/Tgfb2/Zfpm2",5
"GO:0097091","synaptic vesicle clustering","5/1417","20/28928",0.25,5.10374029640085,4.16647977589986,0.00234202271269541,0.0248596916796187,0.0192789346247883,"Cdh2/Magi2/Nlgn1/Syn2/Syndig1",5
"GO:1901017","negative regulation of potassium ion transmembrane transporter activity","5/1417","20/28928",0.25,5.10374029640085,4.16647977589986,0.00234202271269541,0.0248596916796187,0.0192789346247883,"Ank3/Crbn/Kcnab1/Nedd4l/Stk39",5
"GO:1903376","regulation of oxidative stress-induced neuron intrinsic apoptotic signaling pathway","5/1417","20/28928",0.25,5.10374029640085,4.16647977589986,0.00234202271269541,0.0248596916796187,0.0192789346247883,"Fbxw7/Fzd1/Hif1a/Parp1/Prkn",5
"GO:0010611","regulation of cardiac muscle hypertrophy","11/1417","83/28928",0.132530120481928,2.7055972655619,3.53153650698074,0.00237026438698488,0.0251098422534434,0.0194729288472941,"Adk/Adra1a/Adrb1/Foxo1/Jarid2/Mtpn/Nr3c1/Nr4a3/Parp1/Pparg/Ppp3ca",11
"GO:0010717","regulation of epithelial to mesenchymal transition","13/1417","108/28928",0.12037037037037,2.45735643900781,3.44361117201937,0.00240927653298421,0.0254728823989334,0.0197544700394084,"Axin2/Bmp2/Crb2/Epha3/Epha4/Foxa2/Gata3/Ldlrad4/Phldb2/Sdcbp/Spry2/Tgfb2/Tiam1",13
"GO:0007272","ensheathment of neurons","20/1417","203/28928",0.0985221674876847,2.0113262251826,3.28165335458334,0.00241941166829111,0.0254797256282187,0.019759777030811,"Arhgef10/Cdh2/Cntn1/Cntnap2/Fa2h/Jam3/Kif14/Mbp/Mir204/Mpdz/Nab1/Ndrg1/Ntf3/Ntrk3/Pard3/Ptprz1/Rarb/Sh3tc2/Tenm4/Xk",20
"GO:0008366","axon ensheathment","20/1417","203/28928",0.0985221674876847,2.0113262251826,3.28165335458334,0.00241941166829111,0.0254797256282187,0.019759777030811,"Arhgef10/Cdh2/Cntn1/Cntnap2/Fa2h/Jam3/Kif14/Mbp/Mir204/Mpdz/Nab1/Ndrg1/Ntf3/Ntrk3/Pard3/Ptprz1/Rarb/Sh3tc2/Tenm4/Xk",20
"GO:0043279","response to alkaloid","14/1417","121/28928",0.115702479338843,2.36206162478056,3.40740581682128,0.0024325516262615,0.0255679741382593,0.0198282146155459,"Adcy8/Adgrl3/Bdnf/Cnr1/Elavl4/Irs1/Ncam1/Oprm1/Parp1/Ryr2/Slc1a3/Slc8a1/Snca/St8sia2",14
"GO:0060219","camera-type eye photoreceptor cell differentiation","8/1417","49/28928",0.163265306122449,3.33305488744545,3.70949982769568,0.00244129421890918,0.0256097485346898,0.0198606110695387,"Ahi1/Crb2/Hcn1/Ndp/Prom1/Thrb/Trpm1/Ttc8",8
"GO:0031340","positive regulation of vesicle fusion","6/1417","29/28928",0.206896551724138,4.22378507288346,3.94191364452224,0.00245714877293238,0.0256757705436183,0.01991181178475,"Erc2/Pla2g4a/Rims1/Rph3al/Snca/Syt1",6
"GO:0050926","regulation of positive chemotaxis","6/1417","29/28928",0.206896551724138,4.22378507288346,3.94191364452224,0.00245714877293238,0.0256757705436183,0.01991181178475,"Cdh13/Il16/Ntf3/Ntrk3/Scg2/Vegfc",6
"GO:0051091","positive regulation of DNA-binding transcription factor activity","21/1417","218/28928",0.0963302752293578,1.96657882980583,3.25111524025701,0.00251302148876164,0.0262086182837646,0.0203250404313333,"Adcy1/Adcy8/Arid5b/Bdnf/Bmp2/Epha5/Fer/Fzd1/Mtpn/Ndp/Neurod2/Pparg/Ppp3ca/Prkd1/Ripk4/Ror1/Slco3a1/Terf2ip/Tlr4/Traf6/Trim52",21
"GO:0061333","renal tubule morphogenesis","12/1417","96/28928",0.125,2.55187014820042,3.45650385401103,0.00253659589586539,0.026403210381188,0.0204759485106882,"Adamts16/Agtr1b/Bcl2/Bmp2/Col4a1/Eya1/Fgf1/Gata3/Irx2/Lgr4/Osr1/Pbx1",12
"GO:1902683","regulation of receptor localization to synapse","7/1417","39/28928",0.179487179487179,3.6642238025442,3.77850662110267,0.00258458826396981,0.0268285875763524,0.0208058326959846,"Itgb3/Kalrn/Magi2/Nbea/Rapgef4/Tmem108/Traf6",7
"GO:0008585","female gonad development","15/1417","135/28928",0.111111111111111,2.2683290206226,3.35226845044411,0.00258745268377407,0.0268285875763524,0.0208058326959846,"Adamts1/Angpt1/Arid5b/Bcl2/Csmd1/Immp2l/Lep/Nobox/Nrip1/Pde4d/Pla2g4a/Runx1/Schip1/Slit3/Zfpm2",15
"GO:0045600","positive regulation of fat cell differentiation","10/1417","72/28928",0.138888888888889,2.83541127577825,3.53887329456128,0.00259523375172377,0.0268574190375884,0.02082819177684,"Axin2/Bmp2/Creb1/Dact1/Fndc3b/Mecom/Noct/Pparg/Tmem64/Uchl3",10
"GO:0048661","positive regulation of smooth muscle cell proliferation","14/1417","122/28928",0.114754098360656,2.3427004639217,3.37288093530482,0.00262685303452178,0.0271323608623394,0.0210414118574953,"Abcc4/Adamts1/Cdh13/Hif1a/Itgb3/Map3k5/Map3k7/Nampt/Nr4a3/Pde4d/Pik3r1/Stat1/Tlr4/Traf6",14
"GO:0038066","p38MAPK cascade","9/1417","61/28928",0.147540983606557,3.01204345361361,3.57013699764944,0.00275466372268419,0.028397886477038,0.0220228393790511,"Bmp2/Gadd45g/Lep/Map3k5/Map3k7/Pja2/Rell1/Sash1/Stk39",9
"GO:0051017","actin filament bundle assembly","18/1417","177/28928",0.101694915254237,2.07609774768848,3.25908218819161,0.00276229691289024,0.0284220243661561,0.0220415585487128,"Arhgef10/Cald1/Cd47/Diaph3/Dlc1/Fhdc1/Gas7/Gpr65/Itgb5/Kank4/Marcks/Phldb2/Pik3r1/Prkn/Tac1/Tacr1/Tmeff2/Ttc8",18
"GO:0035088","establishment or maintenance of apical/basal cell polarity","8/1417","50/28928",0.16,3.26639378969654,3.64015814753293,0.00278367393892708,0.0284241686805653,0.0220432214855602,"Crb2/Dlg2/Fat1/Lrrc7/Mtcl1/Pard3/Patj/Ttc8",8
"GO:0035640","exploration behavior","8/1417","50/28928",0.16,3.26639378969654,3.64015814753293,0.00278367393892708,0.0284241686805653,0.0220432214855602,"Brinp1/Brinp3/Chl1/Crbn/Jph3/Lsamp/Ndp/Tnr",8
"GO:0048483","autonomic nervous system development","8/1417","50/28928",0.16,3.26639378969654,3.64015814753293,0.00278367393892708,0.0284241686805653,0.0220432214855602,"Ackr3/Adarb1/Gata3/Nav2/Ntf3/Sema3a/Sox11/Sox4",8
"GO:0061245","establishment or maintenance of bipolar cell polarity","8/1417","50/28928",0.16,3.26639378969654,3.64015814753293,0.00278367393892708,0.0284241686805653,0.0220432214855602,"Crb2/Dlg2/Fat1/Lrrc7/Mtcl1/Pard3/Patj/Ttc8",8
"GO:0051048","negative regulation of secretion","21/1417","220/28928",0.0954545454545455,1.94870084044396,3.20569789051823,0.00280280436623813,0.0285652035124573,0.022152595380414,"Asic1/Cnr1/Dph3/Foxo1/Grm7/Hrh2/Il1rapl1/Irs1/Kalrn/Kcnj6/Klf7/Lep/Npvf/Oprm1/Pde1c/Pparg/Ppp3ca/Prkn/Snca/Stk39/Stxbp5l",21
"GO:0050920","regulation of chemotaxis","22/1417","235/28928",0.0936170212765957,1.91118785567351,3.18300491528238,0.00286812571922327,0.0291487753906819,0.0226051610933823,"Cdh13/Efnb2/Fgf1/Fgfr1/Il16/Jam3/Lyn/Mcu/Mstn/Mtus1/Ntf3/Ntrk3/Prkd1/Ptprj/Robo1/Robo2/Scg2/Sema3a/Sema5a/Stk39/Tiam1/Vegfc",22
"GO:0048672","positive regulation of collateral sprouting","4/1417","13/28928",0.307692307692308,6.2815265186472,4.32267890845418,0.00287091829857954,0.0291487753906819,0.0226051610933823,"Bcl11a/Bdnf/Efna5/Sema4d",4
"GO:0014911","positive regulation of smooth muscle cell migration","10/1417","73/28928",0.136986301369863,2.79657002542512,3.48801605036645,0.00287782752496708,0.0291637955407513,0.0226168093670203,"Adamts1/Bcl2/Fat1/Itgb3/Map3k7/Nr4a3/Pde4d/Rapgef4/Sema6d/Tlr4",10
"GO:0048469","cell maturation","23/1417","250/28928",0.092,1.87817642907551,3.16490577445868,0.00291047961301503,0.029439145012248,0.0228303455817236,"Adam7/Adgrb3/Ank3/Bcl11a/Bcl2/Cntnap2/Dazl/Diaph3/Dlg2/Fgfr1/Gata3/Grb14/Hif1a/Kcnma1/Kcnq3/Kif14/Nr4a2/Ntn4/Pde3a/Plcb1/Pparg/Runx1/Shb",23
"GO:0021884","forebrain neuron development","6/1417","30/28928",0.2,4.08299223712068,3.8342691883838,0.00294584964448356,0.0296295101882419,0.0229779756420687,"Dclk2/Nhlh2/Plxna1/Rapgef2/Sema3a/Zmiz1",6
"GO:0032253","dense core granule localization","6/1417","30/28928",0.2,4.08299223712068,3.8342691883838,0.00294584964448356,0.0296295101882419,0.0229779756420687,"Cadps2/Ppfia2/Rims1/Snap25/Sybu/Syt6",6
"GO:0046885","regulation of hormone biosynthetic process","6/1417","30/28928",0.2,4.08299223712068,3.8342691883838,0.00294584964448356,0.0296295101882419,0.0229779756420687,"Atp1a1/Bmp2/Bmp5/Hif1a/Nr3c1/Stc2",6
"GO:1902107","positive regulation of leukocyte differentiation","21/1417","221/28928",0.0950226244343891,1.93988318958222,3.1831679153374,0.00295791540576737,0.0296398575454786,0.0229860001190524,"Ap3b1/Cd83/Creb1/Dcstamp/Fos/Gata3/Gpr68/Il7/Itgb3/Pou4f1/Ppp3ca/Rag1/Runx1/Shb/Smarca2/Sox4/Tmem64/Traf6/Trib1/Zbtb46/Zmiz1",21
"GO:1903708","positive regulation of hemopoiesis","21/1417","221/28928",0.0950226244343891,1.93988318958222,3.1831679153374,0.00295791540576737,0.0296398575454786,0.0229860001190524,"Ap3b1/Cd83/Creb1/Dcstamp/Fos/Gata3/Gpr68/Il7/Itgb3/Pou4f1/Ppp3ca/Rag1/Runx1/Shb/Smarca2/Sox4/Tmem64/Traf6/Trib1/Zbtb46/Zmiz1",21
"GO:0001964","startle response","7/1417","40/28928",0.175,3.57261820748059,3.69513263178492,0.00300247715951665,0.0299745442820891,0.0232455529646006,"Csmd1/Ctnna2/Get1/Grid2/Grin2a/Kcnh1/Prkn",7
"GO:0086004","regulation of cardiac muscle cell contraction","7/1417","40/28928",0.175,3.57261820748059,3.69513263178492,0.00300247715951665,0.0299745442820891,0.0232455529646006,"Adrb1/Atp1a1/Ctnna3/Dsc2/Fgf13/Pde4d/Ryr2",7
"GO:0106027","neuron projection organization","14/1417","124/28928",0.112903225806452,2.30491497256812,3.30483734961311,0.0030538009940976,0.0304303620395143,0.023599044104373,"Cntnap2/Diaph2/Epha4/Epha5/Grin2a/Il1rapl1/Kalrn/Marcks/Nlgn1/Ppfia2/Ptprd/Tanc1/Tiam1/Zfp804a",14
"GO:0045055","regulated exocytosis","24/1417","266/28928",0.0902255639097744,1.84195138516722,3.13081944673669,0.00307784148725467,0.0306131233852682,0.0237407773198182,"Cacna1d/Cadps2/Clnk/Cplx2/Efr3a/Erc2/Kcnh1/Lyn/Nlgn1/Nr4a3/Ppfia2/Rab11fip2/Rapgef4/Rims1/Rph3al/Snap25/Snca/Stxbp5l/Sv2b/Syn2/Syt1/Syt6/Tspan18/Ywhaz",24
"GO:2001222","regulation of neuron migration","9/1417","62/28928",0.145161290322581,2.96346210758759,3.51243664862641,0.00308508790827916,0.0306284790302539,0.0237526857730531,"Ctnna2/Igsf10/Ntng1/Pax6/Ptprz1/Rapgef2/Sema3a/Unc5c/Vrk1",9
"GO:0031623","receptor internalization","17/1417","165/28928",0.103030303030303,2.10335963730459,3.22571065427573,0.00311652751808661,0.0308835226930686,0.023950474634043,"Ackr3/Ahi1/Angpt1/Efnb2/Grk3/Itgb3/Lmbrd1/Magi2/Nedd4l/Ntf3/Pard3/Plk2/Sdcbp/Sh3gl2/Snca/Usp46/Vac14",17
"GO:0062012","regulation of small molecule metabolic process","33/1417","405/28928",0.0814814814814815,1.66344128178991,3.05151730080203,0.0031350637051488,0.0310099947704497,0.0240485549699987,"Bmp2/Bmp5/Cnr1/Creb1/Eno1b/Fgf1/Foxo1/Gnai1/Hif1a/Hsd11b1/Irs1/Isx/Kcnma1/Lacc1/Lep/Nr3c1/Oprm1/Parp1/Pdk1/Phkb/Pid1/Pla2g4a/Pparg/Ppp1r3b/Prkag2/Prkn/Slc7a11/Snca/Tff3/Thrb/Tpk1/Ttc39b/Zbtb20",33
"GO:0060415","muscle tissue morphogenesis","11/1417","86/28928",0.127906976744186,2.61121596560043,3.39604730049163,0.00314534242937974,0.0310544746106592,0.0240830495221665,"Adarb1/Angpt1/Bmp2/Chd7/Fzd1/Heg1/Pou4f1/Ryr2/Tgfb2/Xirp2/Zfpm2",11
"GO:0060425","lung morphogenesis","10/1417","74/28928",0.135135135135135,2.75877853859505,3.43801239522016,0.00318444372765222,0.0313828390114129,0.0243376993342729,"Ap3b1/Celsr1/Foxa2/Foxp2/Hhip/Nfib/Sox11/Spry2/Tnc/Yap1",10
"GO:0060996","dendritic spine development","15/1417","138/28928",0.108695652173913,2.21901752017428,3.25770753785225,0.00319940119435969,0.031472497829498,0.0244072306267231,"Arid1b/Asap1/Cntnap2/Epha4/Epha5/Il1rapl1/Kalrn/Marcks/Ndp/Nlgn1/Nr3c1/Plk2/Ppfia2/Ptprd/Tiam1",15
"GO:0048754","branching morphogenesis of an epithelial tube","19/1417","194/28928",0.0979381443298969,1.99940341508487,3.16976513999899,0.00327061548340238,0.0321142152858394,0.0249048888055868,"Adamts16/Agtr1b/Angpt1/Bcl2/Bmp2/Celsr1/Col4a1/Csmd1/Eya1/Fgf1/Foxa2/Hhip/Lgr4/Pbx1/Plxnd1/Sema5a/Spry2/Tnc/Yap1",19
"GO:0061572","actin filament bundle organization","18/1417","180/28928",0.1,2.04149611856034,3.1810721883019,0.00331049697861005,0.0324464950221069,0.0251625749987706,"Arhgef10/Cald1/Cd47/Diaph3/Dlc1/Fhdc1/Gas7/Gpr65/Itgb5/Kank4/Marcks/Phldb2/Pik3r1/Prkn/Tac1/Tacr1/Tmeff2/Ttc8",18
"GO:0097061","dendritic spine organization","13/1417","112/28928",0.116071428571429,2.36959370904325,3.29584933675558,0.00332280403142628,0.0325077968174691,0.0252101151420837,"Cntnap2/Epha4/Epha5/Grin2a/Il1rapl1/Kalrn/Marcks/Nlgn1/Ppfia2/Ptprd/Tanc1/Tiam1/Zfp804a",13
"GO:0071322","cellular response to carbohydrate stimulus","20/1417","209/28928",0.0956937799043062,1.95358480245009,3.14001152206732,0.00338549644654042,0.0330609116624884,0.025639061127197,"Adcy8/Cacna1d/Efna5/Epha5/Foxa2/Gpr68/Hif1a/Klf7/Lep/Myt1/Pax6/Pde1c/Plcb1/Ppp3ca/Prkn/Rab11fip2/Sox4/Sybu/Tiam1/Zbtb20",20
"GO:0007631","feeding behavior","15/1417","139/28928",0.107913669064748,2.20305336535288,3.22672858968151,0.00342803175356035,0.0334083855614096,0.0259085305424841,"Agtr1b/Bdnf/Cnr1/Dach1/Dmbx1/Fos/Gls/Grm7/Lep/Nr4a3/Oprm1/Pou4f1/Tacr1/Uchl3/Usp46",15
"GO:0003151","outflow tract morphogenesis","11/1417","87/28928",0.126436781609195,2.58120198898434,3.35216398259151,0.00344474349064519,0.0334083855614096,0.0259085305424841,"Cited2/Eya1/Fzd1/Hif1a/Parva/Plxnd1/Robo1/Robo2/Sox11/Tgfb2/Zfpm2",11
"GO:0042698","ovulation cycle","11/1417","87/28928",0.126436781609195,2.58120198898434,3.35216398259151,0.00344474349064519,0.0334083855614096,0.0259085305424841,"Adamts1/Gabrb1/Lep/Mstn/Nhlh2/Nrip1/Pde4d/Pla2g4a/Runx1/Schip1/Slit3",11
"GO:0022602","ovulation cycle process","9/1417","63/28928",0.142857142857143,2.91642302651477,3.45588521079417,0.0034459589650011,0.0334083855614096,0.0259085305424841,"Adamts1/Lep/Mstn/Nrip1/Pde4d/Pla2g4a/Runx1/Schip1/Slit3",9
"GO:0018209","peptidyl-serine modification","21/1417","224/28928",0.09375,1.91390261115032,3.1162776945425,0.00346710620177376,0.0334613772029602,0.0259496260800427,"Angpt1/Bcl2/Bdnf/Cnksr3/Dclk1/Dclk2/Dmd/Fnip2/Mapkapk3/Myo3b/Nek6/Ntf3/Ntrk3/Paqr3/Pde4d/Plk2/Prkd1/Smyd3/Snca/Spry2/Stk39",21
"GO:0032743","positive regulation of interleukin-2 production","7/1417","41/28928",0.170731707317073,3.48548117802985,3.61438674418701,0.0034701148951869,0.0334613772029602,0.0259496260800427,"Cd276/Cd83/Map3k7/Pde4b/Pde4d/Runx1/Traf6",7
"GO:0060391","positive regulation of SMAD protein signal transduction","7/1417","41/28928",0.170731707317073,3.48548117802985,3.61438674418701,0.0034701148951869,0.0334613772029602,0.0259496260800427,"Atoh8/Bmp2/Bmp5/Bmper/Parp1/Pparg/Tgfb2",7
"GO:0021602","cranial nerve morphogenesis","6/1417","31/28928",0.193548387096774,3.95128281011678,3.73120173499972,0.00350365658709526,0.0336639347572248,0.0261067114492721,"Adarb1/Atp8b1/Cited2/Dmd/Plxna1/Sema3a",6
"GO:0060004","reflex","6/1417","31/28928",0.193548387096774,3.95128281011678,3.73120173499972,0.00350365658709526,0.0336639347572248,0.0261067114492721,"Adra1a/Foxp2/Kcnma1/Nr4a3/Satb1/Usp46",6
"GO:0010594","regulation of endothelial cell migration","18/1417","181/28928",0.0994475138121547,2.0302171344799,3.1554058486203,0.00351216177358699,0.0336853944391709,0.0261233536430145,"Angpt1/Atoh8/Bmper/Fbxw7/Fgf1/Fgfr1/Gata3/Hif1a/Itgb3/Klf4/Plk2/Pparg/Prkd1/Ptprm/Rhoj/Sash1/Sema5a/Vegfc",18
"GO:0022604","regulation of cell morphogenesis","25/1417","284/28928",0.0880281690140845,1.79709165366227,3.06361391641689,0.00353575864144975,0.0338512649968388,0.0262519878866998,"Bcl11a/Dlc1/Efna5/Epha4/Gas7/Il1rapl1/Itga7/Kalrn/Marcks/Myo10/Nedd4l/Ntng1/Parva/Plxna1/Plxna2/Plxnd1/Prag1/Prkn/Ptprd/Rhoj/Rims1/Sema4d/Sgk1/Syt1/Tiam1",25
"GO:0009612","response to mechanical stimulus","24/1417","269/28928",0.0892193308550186,1.82140917641071,3.07176939118322,0.00355036141462765,0.0338703217725846,0.0262667666031254,"Ano3/Atp1a1/Calb1/Cited2/Cntnap2/Dmd/Etv1/Fos/Foxp2/Gap43/Itgb3/Kcna5/Kcnq3/Map1b/Mtpn/Nfkbia/Piezo2/Ryr2/Scel/Slc1a3/Slc8a1/Tacr1/Tlr4/Tnc",24
"GO:0048705","skeletal system morphogenesis","24/1417","269/28928",0.0892193308550186,1.82140917641071,3.07176939118322,0.00355036141462765,0.0338703217725846,0.0262667666031254,"Arid5b/Axin2/Chst11/Cited2/Col9a1/Dscaml1/Eya1/Fosl2/Frem1/Hhip/Mthfd1l/Nab1/Osr1/Otor/Pappa2/Rarb/Ripply2/Schip1/Sox11/Sox5/Sox6/Sp5/Tgfb2/Wwox",24
"GO:0048659","smooth muscle cell proliferation","20/1417","210/28928",0.0952380952380952,1.94428201767651,3.11686294305227,0.00357420110580633,0.033911051423486,0.0262983528467176,"Abcc4/Adamts1/Bmp2/Cdh13/Hif1a/Itgb3/Klf4/Map3k5/Map3k7/Nampt/Nr4a3/Pde4d/Pik3r1/Pparg/Stat1/Tacr1/Tlr4/Traf6/Trib1/Vipr2",20
"GO:0003197","endocardial cushion development","8/1417","52/28928",0.153846153846154,3.1407632593236,3.50659195691968,0.00357988571162103,0.033911051423486,0.0262983528467176,"Bmp2/Bmp5/Cited2/Epha3/Rbm24/Robo1/Robo2/Tgfb2",8
"GO:0003382","epithelial cell morphogenesis","8/1417","52/28928",0.153846153846154,3.1407632593236,3.50659195691968,0.00357988571162103,0.033911051423486,0.0262983528467176,"Adam7/Fat1/Frmd6/Heg1/Hrh2/Magi1/Mir205/Pard3",8
"GO:0035850","epithelial cell differentiation involved in kidney development","8/1417","52/28928",0.153846153846154,3.1407632593236,3.50659195691968,0.00357988571162103,0.033911051423486,0.0262983528467176,"Basp1/Gata3/Magi2/Osr1/Prom1/Ptpro/Stat1/Yap1",8
"GO:0043116","negative regulation of vascular permeability","5/1417","22/28928",0.227272727272727,4.63976390581895,3.8759127276684,0.00366697211587326,0.0345531705865883,0.0267963225531127,"Angpt1/Nr3c1/Pde3a/Ptprj/Sh3gl2",5
"GO:0072578","neurotransmitter-gated ion channel clustering","5/1417","22/28928",0.227272727272727,4.63976390581895,3.8759127276684,0.00366697211587326,0.0345531705865883,0.0267963225531127,"Gphn/Lrrtm4/Nlgn1/Slc7a11/Slitrk3",5
"GO:1900006","positive regulation of dendrite development","5/1417","22/28928",0.227272727272727,4.63976390581895,3.8759127276684,0.00366697211587326,0.0345531705865883,0.0267963225531127,"Bmp5/Cobl/Elavl4/Ptprz1/Vldlr",5
"GO:0045661","regulation of myoblast differentiation","11/1417","88/28928",0.125,2.55187014820042,3.30889146153977,0.00376653643155503,0.0354037770630598,0.0274559762150589,"Boc/Btg1/Cdon/Map3k5/Mbnl3/Mstn/Pik3r1/Plcb1/Rbm24/Smarca2/Sox4",11
"GO:0001678","intracellular glucose homeostasis","20/1417","211/28928",0.0947867298578199,1.93506741095767,3.09384141845631,0.00377158465369863,0.0354037770630598,0.0274559762150589,"Adcy8/Cacna1d/Efna5/Epha5/Foxa2/Gpr68/Hif1a/Hk2/Klf7/Myt1/Pax6/Pde1c/Pik3r1/Ppp3ca/Prkn/Rab11fip2/Sox4/Sybu/Tiam1/Zbtb20",20
"GO:0048562","embryonic organ morphogenesis","29/1417","347/28928",0.0835734870317003,1.70614949389769,3.00335116018935,0.00377701810782596,0.0354037770630598,0.0274559762150589,"Celsr1/Chd7/Chst11/Cited2/Clrn1/Crb2/Dscaml1/Eya1/Fgfr1/Gata3/Hif1a/Ift122/Ift57/Lrig1/Mical2/Mthfd1l/Myo3b/Nr4a3/Osr1/Pax6/Rarb/Ryr2/Sox11/Spry2/Tgfb2/Triobp/Tshz1/Yap1/Zic3",29
"GO:1903706","regulation of hemopoiesis","36/1417","458/28928",0.0786026200873362,1.6046694381697,2.96033226424388,0.00378543945261113,0.035420897735147,0.0274692534641156,"Ap3b1/Cd83/Cdc73/Cdk6/Creb1/Dcstamp/Fbxw7/Fos/Gata3/Gpr68/Hif1a/Il7/Inpp4b/Itgb3/Klf13/Lyn/Meis1/Mitf/Nfkbia/Pik3r1/Pou4f1/Ppp3ca/Rag1/Runx1/Shb/Smarca2/Sox4/Stat1/Tcim/Tmem178/Tmem64/Traf6/Trib1/Zbtb46/Zfp608/Zmiz1",36
"GO:0006213","pyrimidine nucleoside metabolic process","4/1417","14/28928",0.285714285714286,5.83284605302954,4.10484086472636,0.00386464500367768,0.0357625806655988,0.0277342319265793,"Dctd/Dpyd/Upp1/Upp2",4
"GO:0010572","positive regulation of platelet activation","4/1417","14/28928",0.285714285714286,5.83284605302954,4.10484086472636,0.00386464500367768,0.0357625806655988,0.0277342319265793,"Pla2g4a/Ptprj/Svep1/Tlr4",4
"GO:0031915","positive regulation of synaptic plasticity","4/1417","14/28928",0.285714285714286,5.83284605302954,4.10484086472636,0.00386464500367768,0.0357625806655988,0.0277342319265793,"Adcy8/Cplx2/Map1b/Neurod2",4
"GO:0038180","nerve growth factor signaling pathway","4/1417","14/28928",0.285714285714286,5.83284605302954,4.10484086472636,0.00386464500367768,0.0357625806655988,0.0277342319265793,"Bdnf/Magi2/Ntf3/Rapgef2",4
"GO:0072178","nephric duct morphogenesis","4/1417","14/28928",0.285714285714286,5.83284605302954,4.10484086472636,0.00386464500367768,0.0357625806655988,0.0277342319265793,"Efnb2/Epha4/Gata3/Osr1",4
"GO:0001570","vasculogenesis","12/1417","101/28928",0.118811881188119,2.42553994284397,3.25704521684968,0.00387417382767417,0.0357625806655988,0.0277342319265793,"Ackr3/Angpt1/Cited2/Fbxw7/Fgf1/Fgfr1/Heg1/Ptprj/Rapgef2/Yap1/Zfpm2/Zmiz1",12
"GO:0034446","substrate adhesion-dependent cell spreading","12/1417","101/28928",0.118811881188119,2.42553994284397,3.25704521684968,0.00387417382767417,0.0357625806655988,0.0277342319265793,"Dock1/Efna5/Fer/Fndc3b/Fzd7/Itgb3/Kif14/Lamb3/Ntn4/Olfm4/Parva/Triobp",12
"GO:0010595","positive regulation of endothelial cell migration","13/1417","114/28928",0.114035087719298,2.32802188958635,3.22432876496373,0.00387522285372901,0.0357625806655988,0.0277342319265793,"Angpt1/Atoh8/Fgf1/Fgfr1/Gata3/Hif1a/Itgb3/Plk2/Prkd1/Rhoj/Sash1/Sema5a/Vegfc",13
"GO:0003018","vascular process in circulatory system","23/1417","256/28928",0.08984375,1.83415666901905,3.04244019039505,0.00390496458316178,0.0359752397532795,0.0278991511340095,"Add3/Adra1a/Adrb1/Agtr1b/Angpt1/Atp2b1/Chrm3/Cyp2j5/Hif1a/Hrh2/Kcna5/Kcnma1/Lep/Mgll/Nr3c1/Pde3a/Ptprj/Ptprm/Rap1gds1/Sh3gl2/Slc8a1/Svep1/Tacr1",23
"GO:0030705","cytoskeleton-dependent intracellular transport","20/1417","212/28928",0.0943396226415094,1.92593973449089,3.07094553336357,0.00397794859054644,0.0365738011362394,0.0283633413548588,"Ank3/Ap3b1/Daw1/Dlg2/Dync1i1/Fnbp1l/Hif1a/Ift122/Ift57/Intu/Lca5/Lca5l/Map1b/Mreg/Myo10/Ppfia2/Rab27b/Spag17/Sybu/Tmem108",20
"GO:0090277","positive regulation of peptide hormone secretion","16/1417","155/28928",0.103225806451613,2.10735083206229,3.13719812678065,0.00398355495525974,0.0365738011362394,0.0283633413548588,"Adcy8/Cacna1d/Chrm3/Gpr68/Hif1a/Irs1/Mcu/Plcb1/Prkd1/Prkn/Rapgef4/Rph3al/Slc30a8/Snap25/Sox4/Sybu",16
"GO:1905314","semi-lunar valve development","7/1417","42/28928",0.166666666666667,3.4024935309339,3.53611681286748,0.00399118029245752,0.0365812787556132,0.0283691403219946,"Axin2/Bmp2/Gata3/Robo1/Robo2/Slit3/Tgfb2",7
"GO:0002429","immune response-activating cell surface receptor signaling pathway","26/1417","302/28928",0.0860927152317881,1.75757943982016,3.00354921266748,0.00399965737919861,0.0365965243333488,0.0283809634169979,"Bcl2/Cd276/Cd47/Fosl2/Fyb2/Gata3/Ly96/Lyn/Map3k7/Nfkbia/Nr4a3/Pde4b/Pde4d/Peli1/Pik3r1/Pja2/Plcl2/Ptprj/Rab11fip2/Rftn1/Shb/Tlr4/Traf3/Traf6/Usp46/Vav3",26
"GO:1903531","negative regulation of secretion by cell","19/1417","198/28928",0.095959595959596,1.95901142690134,3.07306678466503,0.00409136713888151,0.0373719947328785,0.0289823483146332,"Asic1/Cnr1/Dph3/Foxo1/Grm7/Il1rapl1/Irs1/Kalrn/Kcnj6/Klf7/Lep/Npvf/Oprm1/Pde1c/Pparg/Ppp3ca/Prkn/Snca/Stxbp5l",19
"GO:0003156","regulation of animal organ formation","6/1417","32/28928",0.1875,3.82780522230064,3.6323613965688,0.00413625929320979,0.0376539807861521,0.0292010312635702,"Bmp2/Cited2/Fgf1/Fgfr1/Robo1/Robo2",6
"GO:0003171","atrioventricular valve development","6/1417","32/28928",0.1875,3.82780522230064,3.6323613965688,0.00413625929320979,0.0376539807861521,0.0292010312635702,"Axin2/Bmp2/Slit3/Sox4/Tgfb2/Zfpm2",6
"GO:0043502","regulation of muscle adaptation","13/1417","115/28928",0.11304347826087,2.30777822098125,3.18912994615859,0.00417803237292709,0.0379699016497316,0.0294460309906002,"Adk/Adra1a/Adrb1/Dmd/Foxo1/Jarid2/Klf4/Mtpn/Nr3c1/Nr4a3/Parp1/Pparg/Ppp3ca",13
"GO:0098739","import across plasma membrane","20/1417","213/28928",0.0938967136150235,1.91689776390642,3.04817389552546,0.00419360045129856,0.0380382868791245,0.0294990644064509,"Adrb1/Ank3/Arg1/Atp1a1/Cacna1d/Kcnj1/Kcnj15/Kcnj3/Kcnj6/Kcnk9/Ppp3ca/Slc12a1/Slc1a3/Slc30a5/Slc30a8/Slc39a8/Slc7a11/Slc8a1/Slc9a9/Trpm1",20
"GO:0043954","cellular component maintenance","12/1417","102/28928",0.117647058823529,2.40176013948275,3.21858538878719,0.00419972148935409,0.0380382868791245,0.0294990644064509,"Adgrb3/Adgrl3/Cadm1/Cntnap2/Dlg2/Erc2/Itgb3/Nlgn1/Rims1/Sema3a/Tanc1/Zfp804a",12
"GO:0002065","columnar/cuboidal epithelial cell differentiation","16/1417","156/28928",0.102564102564103,2.0938421728824,3.10896169597442,0.00424228436358765,0.0383591065939887,0.0297478632406811,"Bmp2/Bmp5/Cdh2/Cdk6/Hif1a/Kcnma1/Klf4/Map1b/Nfib/Pax6/Pinc/Rarb/Sox11/Sox4/Yap1/Zfp800",16
"GO:0061035","regulation of cartilage development","10/1417","77/28928",0.12987012987013,2.65129366046797,3.29285551692793,0.00426270897228258,0.0384790082187054,0.0298408481261781,"Axin2/Bmp2/Lep/Maf/Rarb/Sox5/Sox6/Tapt1/Tgfb2/Thrb",10
"GO:0051924","regulation of calcium ion transport","25/1417","289/28928",0.0865051903114187,1.76600010256085,2.97017650869783,0.00442540933314835,0.0398753505557611,0.0309237252984638,"Adrb1/Asph/Atp2b1/Bcl2/Cacna1d/Chd7/Dmd/Ehd3/Gnb5/Il16/Itgb3/Jph3/Jph4/Lyn/Pde4d/Ppp3ca/Prkd1/Ryr2/Slc8a1/Snca/Stc2/Tgfb2/Tmx1/Trpc6/Tspan18",25
"GO:0008217","regulation of blood pressure","21/1417","229/28928",0.091703056768559,1.87211434453132,3.00705397371538,0.00447774237489714,0.0398753505557611,0.0309237252984638,"Adamts16/Adra1a/Adrb1/Agtr1b/Atp1a1/Atp2b1/Chrm3/Cnr1/Cyp2j5/Lep/Nampt/Nav2/Ncald/Nedd4l/Pik3r1/Pparg/Ptpro/Stk39/Tac1/Tacr1/Vegfc",21
"GO:0072078","nephron tubule morphogenesis","11/1417","90/28928",0.122222222222222,2.49516192268486,3.22411369818882,0.004481981714196,0.0398753505557611,0.0309237252984638,"Adamts16/Agtr1b/Bcl2/Bmp2/Eya1/Fgf1/Gata3/Irx2/Lgr4/Osr1/Pbx1",11
"GO:0021535","cell migration in hindbrain","5/1417","23/28928",0.217391304347826,4.43803504034856,3.74344247973898,0.00449906208095164,0.0398753505557611,0.0309237252984638,"Ctnna2/Dab1/Nhlh2/Plxna2/Pou4f1",5
"GO:0031290","retinal ganglion cell axon guidance","5/1417","23/28928",0.217391304347826,4.43803504034856,3.74344247973898,0.00449906208095164,0.0398753505557611,0.0309237252984638,"Alcam/Efna5/Ndp/Ptprm/Robo2",5
"GO:0032026","response to magnesium ion","5/1417","23/28928",0.217391304347826,4.43803504034856,3.74344247973898,0.00449906208095164,0.0398753505557611,0.0309237252984638,"Ank3/Kcnip3/Kcnj1/Ryr2/Snca",5
"GO:0032354","response to follicle-stimulating hormone","5/1417","23/28928",0.217391304347826,4.43803504034856,3.74344247973898,0.00449906208095164,0.0398753505557611,0.0309237252984638,"Efna5/Epha3/Epha5/Pappa/Pde4d",5
"GO:0048670","regulation of collateral sprouting","5/1417","23/28928",0.217391304347826,4.43803504034856,3.74344247973898,0.00449906208095164,0.0398753505557611,0.0309237252984638,"Bcl11a/Bdnf/Efna5/Fgf13/Sema4d",5
"GO:0071625","vocalization behavior","5/1417","23/28928",0.217391304347826,4.43803504034856,3.74344247973898,0.00449906208095164,0.0398753505557611,0.0309237252984638,"Brinp1/Cntnap2/Foxp2/Nrxn3/Slitrk1",5
"GO:0072111","cell proliferation involved in kidney development","5/1417","23/28928",0.217391304347826,4.43803504034856,3.74344247973898,0.00449906208095164,0.0398753505557611,0.0309237252984638,"Bmp2/Gata3/Itgb3/Osr1/Stat1",5
"GO:0072234","metanephric nephron tubule development","5/1417","23/28928",0.217391304347826,4.43803504034856,3.74344247973898,0.00449906208095164,0.0398753505557611,0.0309237252984638,"Calb1/Lgr4/Osr1/Stat1/Yap1",5
"GO:0014037","Schwann cell differentiation","8/1417","54/28928",0.148148148148148,3.02443869416346,3.37933672410769,0.00454177281665525,0.0399899373741891,0.0310125884995769,"Arhgef10/Fa2h/Lama2/Nab1/Ndrg1/Ntrk3/Pard3/Sh3tc2",8
"GO:0031018","endocrine pancreas development","8/1417","54/28928",0.148148148148148,3.02443869416346,3.37933672410769,0.00454177281665525,0.0399899373741891,0.0310125884995769,"Bmp5/Cdh2/Cdk6/Foxa2/Myt1/Pax6/Sox4/Zfp800",8
"GO:0046189","phenol-containing compound biosynthetic process","8/1417","54/28928",0.148148148148148,3.02443869416346,3.37933672410769,0.00454177281665525,0.0399899373741891,0.0310125884995769,"Gata3/Nr4a2/Rapgef2/Slc24a5/Slc7a11/Snca/Tgfb2/Tph2",8
"GO:0071526","semaphorin-plexin signaling pathway","8/1417","54/28928",0.148148148148148,3.02443869416346,3.37933672410769,0.00454177281665525,0.0399899373741891,0.0310125884995769,"Ncam1/Plxna1/Plxna2/Plxnd1/Sema3a/Sema4d/Sema5a/Sema6d",8
"GO:0086002","cardiac muscle cell action potential involved in contraction","7/1417","43/28928",0.162790697674419,3.32336577440055,3.46018296564266,0.00456941628906403,0.0401674875426561,0.0311502803959451,"Cacna1d/Ctnna3/Dsc2/Kcna5/Kcnn2/Nedd4l/Ryr2",7
"GO:0007498","mesoderm development","14/1417","130/28928",0.107692307692308,2.19853428152652,3.10831058638776,0.00468662307437389,0.0411304779942192,0.0318970889324002,"Cited2/Crb2/Eomes/Ets2/Exoc4/Eya1/Fgfr1/Foxa2/Itgb3/Nr4a3/Osr1/Pou4f1/Yap1/Zic3",14
"GO:0006584","catecholamine metabolic process","9/1417","66/28928",0.136363636363636,2.78385834349137,3.29270296756189,0.00473026909394477,0.0412439534148983,0.0319850902336627,"Gata3/Grin2a/Mtpn/Nr4a2/Prkn/Slitrk1/Snca/Sncaip/Tgfb2",9
"GO:0009712","catechol-containing compound metabolic process","9/1417","66/28928",0.136363636363636,2.78385834349137,3.29270296756189,0.00473026909394477,0.0412439534148983,0.0319850902336627,"Gata3/Grin2a/Mtpn/Nr4a2/Prkn/Slitrk1/Snca/Sncaip/Tgfb2",9
"GO:0030225","macrophage differentiation","9/1417","66/28928",0.136363636363636,2.78385834349137,3.29270296756189,0.00473026909394477,0.0412439534148983,0.0319850902336627,"Diaph3/Fosl2/Gata3/Ndp/Nr3c1/Plcb1/Tlr4/Trib1/Zbtb46",9
"GO:0099171","presynaptic modulation of chemical synaptic transmission","9/1417","66/28928",0.136363636363636,2.78385834349137,3.29270296756189,0.00473026909394477,0.0412439534148983,0.0319850902336627,"Adcy1/Adra1a/Cacna1d/Dgki/Grik2/Grm7/Lamp5/Nrxn3/Oprm1",9
"GO:0001837","epithelial to mesenchymal transition","17/1417","172/28928",0.0988372093023256,2.01775779160033,3.03828043029726,0.00476267333492566,0.041392101103375,0.0320999802185332,"Axin2/Bmp2/Crb2/Eomes/Epha3/Epha4/Fgfr1/Foxa2/Gata3/Hif1a/Ldlrad4/Ncam1/Phldb2/Sdcbp/Spry2/Tgfb2/Tiam1",17
"GO:0050731","positive regulation of peptidyl-tyrosine phosphorylation","17/1417","172/28928",0.0988372093023256,2.01775779160033,3.03828043029726,0.00476267333492566,0.041392101103375,0.0320999802185332,"Adra1a/Angpt1/Bank1/Cntn1/Efna5/Epha4/Erbb4/Fbxw7/Itgb3/Lep/Lrp4/Ntf3/Ptprj/Ptprz1/Sema4d/Tlr4/Tspan9",17
"GO:0022011","myelination in peripheral nervous system","6/1417","33/28928",0.181818181818182,3.71181112465516,3.53743519979168,0.00484940007404559,0.0420098835446755,0.0325790765585711,"Arhgef10/Fa2h/Ndrg1/Ntrk3/Pard3/Sh3tc2",6
"GO:0032292","peripheral nervous system axon ensheathment","6/1417","33/28928",0.181818181818182,3.71181112465516,3.53743519979168,0.00484940007404559,0.0420098835446755,0.0325790765585711,"Arhgef10/Fa2h/Ndrg1/Ntrk3/Pard3/Sh3tc2",6
"GO:0002220","innate immune response activating cell surface receptor signaling pathway","11/1417","91/28928",0.120879120879121,2.46774256089711,3.18257743912498,0.00487804021521886,0.0421899420224485,0.0327187136733978,"Ly96/Lyn/Map3k7/Nfkbia/Peli1/Pik3r1/Pja2/Rab11fip2/Tlr4/Traf3/Traf6",11
"GO:0048608","reproductive structure development","31/1417","386/28928",0.0803108808290155,1.63954351490597,2.87081353661083,0.00505347034376798,0.0436369601549483,0.0338408904218817,"Adam30/Adam34/Adamts1/Angpt1/Arid5b/Bcl2/Bmp5/Chd7/Cited2/Csmd1/Fer/Fndc3a/Gata3/Immp2l/Kif18a/Lep/Lgr4/Nhlh2/Nobox/Nrip1/Osr1/Pde4d/Pla2g4a/Runx1/Schip1/Sdc1/Sema3a/Slit3/Tgfb2/Tnc/Zfpm2",31
"GO:0045176","apical protein localization","4/1417","15/28928",0.266666666666667,5.44398964949424,3.90710897632365,0.00506758127750747,0.0436885698900363,0.0338809142774302,"Atp8b1/Celsr1/Hcn1/Jam3",4
"GO:0043500","muscle adaptation","15/1417","145/28928",0.103448275862069,2.11189253644173,3.04622670998943,0.00509758310343569,0.0438451703455425,0.0340023594660039,"Adk/Adra1a/Adrb1/Bmp2/Dmd/Foxo1/Jarid2/Klf4/Mstn/Mtpn/Nr3c1/Nr4a3/Parp1/Pparg/Ppp3ca",15
"GO:0002793","positive regulation of peptide secretion","16/1417","159/28928",0.10062893081761,2.05433571679028,3.02550958046772,0.00510207251274699,0.0438451703455425,0.0340023594660039,"Adcy8/Cacna1d/Chrm3/Gpr68/Hif1a/Irs1/Mcu/Plcb1/Prkd1/Prkn/Rapgef4/Rph3al/Slc30a8/Snap25/Sox4/Sybu",16
"GO:0010632","regulation of epithelial cell migration","10/1417","79/28928",0.126582278481013,2.58417230197511,3.19988237262934,0.00512844186057434,0.0439866059698381,0.0341120441792961,"Dock1/Hif1a/Irs1/Ptprg/Ptprr/Sash1/Sema3a/Tac1/Tacr1/Tgfb2",10
"GO:0006939","smooth muscle contraction","13/1417","118/28928",0.110169491525424,2.24910589332919,3.08568838930584,0.00520260126958473,0.0439866059698381,0.0341120441792961,"Adra1a/Adrb1/Atp2b1/Cald1/Chrm3/Chrnb4/Kcnma1/Pde4d/Rap1gds1/Setd3/Slc8a1/Sulf2/Tacr1",13
"GO:0007265","Ras protein signal transduction","13/1417","118/28928",0.110169491525424,2.24910589332919,3.08568838930584,0.00520260126958473,0.0439866059698381,0.0341120441792961,"Dgki/Dok5/Mras/Plaat1/Plk2/Rapgef2/Rapgef4/Rasa2/Rit2/Rras2/Sdcbp/Spry2/Tgfb2",13
"GO:0016525","negative regulation of angiogenesis","13/1417","118/28928",0.110169491525424,2.24910589332919,3.08568838930584,0.00520260126958473,0.0439866059698381,0.0341120441792961,"Adamts1/Adgrb3/Hhip/Klf4/Minar1/Plk2/Pparg/Ptprm/Spry2/Stat1/Tcf4/Tgfb2/Thbs2",13
"GO:0030038","contractile actin filament bundle assembly","13/1417","118/28928",0.110169491525424,2.24910589332919,3.08568838930584,0.00520260126958473,0.0439866059698381,0.0341120441792961,"Arhgef10/Cd47/Dlc1/Fhdc1/Gpr65/Itgb5/Kank4/Phldb2/Pik3r1/Tac1/Tacr1/Tmeff2/Ttc8",13
"GO:0035282","segmentation","13/1417","118/28928",0.110169491525424,2.24910589332919,3.08568838930584,0.00520260126958473,0.0439866059698381,0.0341120441792961,"Axin2/Cobl/Crb2/Dmrt2/Foxa2/Irx2/Mllt3/Osr1/Pcsk6/Plxna2/Ripply2/Sema3a/Zic3",13
"GO:0043149","stress fiber assembly","13/1417","118/28928",0.110169491525424,2.24910589332919,3.08568838930584,0.00520260126958473,0.0439866059698381,0.0341120441792961,"Arhgef10/Cd47/Dlc1/Fhdc1/Gpr65/Itgb5/Kank4/Phldb2/Pik3r1/Tac1/Tacr1/Tmeff2/Ttc8",13
"GO:0021955","central nervous system neuron axonogenesis","7/1417","44/28928",0.159090909090909,3.24783473407327,3.38645635158426,0.00520861690501154,0.0439866059698381,0.0341120441792961,"Adarb1/Bhlhe22/Cdh11/Dclk1/Epha4/Nfib/Nr4a2",7
"GO:0031338","regulation of vesicle fusion","7/1417","44/28928",0.159090909090909,3.24783473407327,3.38645635158426,0.00520861690501154,0.0439866059698381,0.0341120441792961,"Cplx2/Erc2/Pla2g4a/Rims1/Rph3al/Snca/Syt1",7
"GO:0045197","establishment or maintenance of epithelial cell apical/basal polarity","7/1417","44/28928",0.159090909090909,3.24783473407327,3.38645635158426,0.00520861690501154,0.0439866059698381,0.0341120441792961,"Crb2/Dlg2/Fat1/Lrrc7/Mtcl1/Pard3/Ttc8",7
"GO:0090630","activation of GTPase activity","7/1417","44/28928",0.159090909090909,3.24783473407327,3.38645635158426,0.00520861690501154,0.0439866059698381,0.0341120441792961,"Arhgef10/Gpr65/Ntf3/Ntrk3/Ralgapa2/Tiam1/Tiam2",7
"GO:0042220","response to cocaine","9/1417","67/28928",0.134328358208955,2.74230821896165,3.24033665596414,0.00523214663219447,0.0440468018205588,0.034158726651697,"Adgrl3/Bdnf/Cnr1/Elavl4/Ncam1/Parp1/Slc1a3/Snca/St8sia2",9
"GO:1903053","regulation of extracellular matrix organization","9/1417","67/28928",0.134328358208955,2.74230821896165,3.24033665596414,0.00523214663219447,0.0440468018205588,0.034158726651697,"Axin2/Bmp2/Itgb3/Lama2/Phldb2/Pparg/Prdm5/Sema5a/Tgfb2",9
"GO:0009743","response to carbohydrate","25/1417","293/28928",0.0853242320819113,1.74189088614363,2.89673446728877,0.00526548905798523,0.0442581247737694,0.034322609673746,"Adcy8/Cacna1d/Efna5/Epha5/Foxa2/Gpam/Gpr68/Hif1a/Ildr2/Klf7/Lep/Lyn/Map1b/Myt1/Pax6/Pde1c/Plcb1/Ppp3ca/Prkn/Rab11fip2/Slc30a8/Sox4/Sybu/Tiam1/Zbtb20",25
"GO:0010880","regulation of release of sequestered calcium ion into cytosol by sarcoplasmic reticulum","5/1417","24/28928",0.208333333333333,4.25311691366737,3.61834316152326,0.0054571242199509,0.0457257631596822,0.035460777630915,"Chd7/Dmd/Pde4d/Ryr2/Slc8a1",5
"GO:0035994","response to muscle stretch","5/1417","24/28928",0.208333333333333,4.25311691366737,3.61834316152326,0.0054571242199509,0.0457257631596822,0.035460777630915,"Dmd/Fos/Nfkbia/Ryr2/Slc8a1",5
"GO:0045639","positive regulation of myeloid cell differentiation","13/1417","119/28928",0.109243697478992,2.23020584380541,3.05190217752932,0.00558563913414377,0.0467297006066763,0.0362393409637758,"Creb1/Dcstamp/Fos/Gpr68/Hif1a/Itgb3/Pou4f1/Ppp3ca/Runx1/Stat1/Tmem64/Traf6/Trib1",13
"GO:0048545","response to steroid hormone","29/1417","357/28928",0.0812324929971989,1.65835819154761,2.84064567307131,0.00559985226639368,0.046775748869052,0.0362750518427106,"Agtr1b/Atp1a1/Axin2/Bckdhb/Bcl2/Bdnf/Esrrg/Fos/Fosl2/Foxo1/Gabrb1/Klf9/Mbp/Mstn/Nr3c1/Pappa/Paqr8/Parp1/Pde3a/Pik3r1/Sdc1/Sgk1/Slit3/Smyd3/Stk39/Tacr1/Tgfb2/Yap1/Zmiz1",29
"GO:0050878","regulation of body fluid levels","30/1417","373/28928",0.0804289544235925,1.6419539827563,2.83204836429686,0.00562959241208009,0.0468932692791421,0.0363661900729189,"Adamts18/Adrb1/Ap3b1/Aqp6/Chrm3/Creb1/Erbb4/F13a1/Fosl2/Foxa2/Heg1/Hif1a/Hk2/Itgb3/Kalrn/Kcnma1/Lyn/Pla2g4a/Ppp3ca/Pros1/Ptprj/Ptpro/Slc7a11/Stk39/Svep1/Tlr4/Tmx1/Traf3ip2/Tspan18/Tspan9",30
"GO:0007214","gamma-aminobutyric acid signaling pathway","6/1417","34/28928",0.176470588235294,3.60264020922413,3.44614219884299,0.00564884476328522,0.0468932692791421,0.0363661900729189,"Bdnf/Gabrb1/Gabrb2/Gabrg2/Gabrr2/Plcl2",6
"GO:0016082","synaptic vesicle priming","6/1417","34/28928",0.176470588235294,3.60264020922413,3.44614219884299,0.00564884476328522,0.0468932692791421,0.0363661900729189,"Cadps2/Efr3a/Erc2/Rims1/Snap25/Snca",6
"GO:0060914","heart formation","6/1417","34/28928",0.176470588235294,3.60264020922413,3.44614219884299,0.00564884476328522,0.0468932692791421,0.0363661900729189,"Axin2/Bmp2/Eya1/Rbm20/Robo1/Robo2",6
"GO:0060428","lung epithelium development","8/1417","56/28928",0.142857142857143,2.91642302651477,3.25784482026574,0.00569053944608558,0.0471664928471075,0.036578077628591,"Creb1/Fndc3b/Fosl2/Foxa2/Foxp2/Nfib/Thrb/Yap1",8
"GO:0098661","inorganic anion transmembrane transport","14/1417","133/28928",0.105263157894737,2.14894328269509,3.01404202834579,0.00573431915174079,0.0474561296825883,0.0368026938341388,"Ank/Ano3/Ano5/Aqp6/Gabrb1/Gabrb2/Gabrg2/Gabrr2/Kcnk1/Slc12a1/Slc13a1/Slc1a3/Slc26a7/Slc4a3",14
"GO:0045778","positive regulation of ossification","9/1417","68/28928",0.132352941176471,2.7019801569181,3.18892437314599,0.00577427107075543,0.047701859823996,0.0369932599679668,"Atp2b1/Bmp2/Cd276/Osr1/Slc8a1/Sox11/Tac1/Tacr1/Thrb",9
"GO:0021782","glial cell development","15/1417","147/28928",0.102040816326531,2.08315930465341,2.98800621787756,0.00578177448248397,0.047701859823996,0.0369932599679668,"Arhgef10/Cntn1/Cntnap2/Dmd/Fa2h/Lyn/Ndrg1/Ntrk3/Pard3/Ror1/Sh3tc2/Sox11/Sox4/Tenm4/Tlr4",15
"GO:0045747","positive regulation of Notch signaling pathway","7/1417","45/28928",0.155555555555556,3.17566062887164,3.31481804209072,0.00591261392739495,0.0487065174908562,0.0377723818383949,"Cntn6/Nepro/Robo1/Robo2/Tgfb2/Yap1/Zmiz1",7
"GO:0015698","inorganic anion transport","17/1417","176/28928",0.0965909090909091,1.97189965997305,2.93512883291829,0.00598544988427969,0.0491251645785629,0.0380970467593751,"Ank/Ano3/Ano5/Aqp6/Atp8b1/Fgfr1/Gabrb1/Gabrb2/Gabrg2/Gabrr2/Kcnk1/Slc12a1/Slc13a1/Slc1a3/Slc26a7/Slc4a3/Stc2",17
"GO:0032526","response to retinoic acid","13/1417","120/28928",0.108333333333333,2.21162079510703,3.01845163753379,0.00599087372909304,0.0491251645785629,0.0380970467593751,"Brinp1/Brinp2/Brinp3/Creb1/Epha3/Gdap1/Klf4/Lep/Lyn/Osr1/Runx1/Tnc/Yap1",13
"GO:2000181","negative regulation of blood vessel morphogenesis","13/1417","120/28928",0.108333333333333,2.21162079510703,3.01845163753379,0.00599087372909304,0.0491251645785629,0.0380970467593751,"Adamts1/Adgrb3/Hhip/Klf4/Minar1/Plk2/Pparg/Ptprm/Spry2/Stat1/Tcf4/Tgfb2/Thbs2",13
"GO:0061458","reproductive system development","31/1417","391/28928",0.0792838874680307,1.61857748530359,2.79487097977945,0.00606520030061955,0.0496588274613226,0.0385109075570468,"Adam30/Adam34/Adamts1/Angpt1/Arid5b/Bcl2/Bmp5/Chd7/Cited2/Csmd1/Fer/Fndc3a/Gata3/Immp2l/Kif18a/Lep/Lgr4/Nhlh2/Nobox/Nrip1/Osr1/Pde4d/Pla2g4a/Runx1/Schip1/Sdc1/Sema3a/Slit3/Tgfb2/Tnc/Zfpm2",31
